{
    "80793": {
        "url": "/comment/80793",
        "comment": "Please help save our historical and natural culture.\nStudies have shown that with out having such cultural diversity, it will have devastating and long term damage to out current beautiful province.\nNot only losing our cultural , this will have a great impact on our economy, it will take many, many years to recover from a very short sighted, selfish bill.\nShort term gain, long term damage, that that will destroy our province.\nWITHOUT CULTURAL INCENTIVES, WE ALL WILL PAY THE PRICE.\nONTARIO LICENSE PLATES WILL READ. CLOSED FOR BUSINESS! And Stay home, nothing to see here!\nThank you for the opportunity to submit my opinion!\n"
    },
    "80797": {
        "url": "/comment/80797",
        "comment": "\u00b7 The changes to the Municipal Heritage Register and listing undermine the importance of local planning, limit the ability of local Municipal Heritage Committees, and place undue pressure on municipal staff and volunteers to protect local heritage properties.\n\u00b7 Forcing municipalities to designate all listed properties within 2 years or drop them from the Register is draconian and totally unrealistic. It will result in tens of thousands of listed sites losing what little protection they have.\n\u00b7 Conserving Ontario\u2019s heritage is of the utmost importance. Loss of heritage sites and our older buildings means loss of jobs in the renovation and tourism industries, and loss of our sense of place. Destroying older buildings releases embodied carbon and contributes to climate change.\n"
    },
    "80798": {
        "url": "/comment/80798",
        "comment": "I am reviewing the changes to the Ontario Heritage Act in Bill 23 from the perspective of a professional planner having lived and worked in southwestern Ontario for the past 45 years. I appreciate the opportunity to comment even after the Bill has been rushed through the legislature with minimal review, public discussion and debate.\nI\u2019m reviewing the specific propositions being put forward as they impact the cultural heritage resources for Ontario, and more specifically (where my experience/knowledge is situated) onto the City of Guelph, the Royal City. Overall, I disagree with what is being propositioned here as it reflects a \u2018blunt instrument\u2019 to enact change for the benefit of development interests without considering the more subtle endeavour of building a community that people want to care about as they go about their busy lives, today and into the future.\nI understand the premise of the current government to go out and cut what they refer to as development \u2018red tape\u2019 respecting our common historical heritage, but what the rest of us consider valuable regulation to give substance and character to our communities. This is especially important for a City such as Guelph that was a British town-designed community from its inception in 1827, and is now facing the onslaught of new infill development that impacts the character and substance of the overall community. My basic fear to all the Bill 23 change is that the community known previously as Guelph, becomes known as an \u2018outer ring\u2019 settlement area within the Greater Toronto megalopolis, i.e., the one size fits all Bill mantra will remove vestiges of a former \u2018character full\u2019 Guelph community to one of the faceless, placeless sameness of all the other GTA places.\nThe City of Guelph has thousands of buildings and landscapes comprising historic and cultural value. Bill 23 with its ruthless short-term time horizons of 2 and 5 year timelines for the community to do something with its heritage resources is nonsensical. There are insufficient staff and funding resources within the City to complete the necessary background work to investigate and determine the specific and detailed heritage value of all of these resources. From the background of the Bill 23 proposal, there is insufficient justification analysis that I can find warranting the significant changes to the Ontario Heritage Act at this time.\nMy following comments are focused on the provisions of the Government\u2019s Provincial Policy Statement (PPS), the primary policy document that guides development within the Province. This Statement is quite clear that all policies in the document need to be considered to create healthy, safe and vibrant communities, now and into the future, i.e., not simply removing perceived short term barriers for new housing development. The PPS is very clear in Policy Section 2.6.1 that, \u201cSignificant built heritage resources and significant cultural heritage landscapes shall be conserved.\u201d The setting of arbitrary dates in Bill 23 to enact local decisions on existing heritage/cultural resources does not meet the intent of the PPS. From first hand experience in the community, some property investors have already diminished the available heritage resources in the community by not properly maintaining the resource, i.e., demolition of cultural heritage \u2018by neglect\u2019 or mysterious fire. Bill 23s provisions of either designate something or forget it does not bode well in the conservation of resources/landscapes into the future. Guelph City Hall staff prepared an \u2018emergency meeting report\u2019 to Council on November 22, 2022. See attachment with cogent commentary from City staff as to the impact of Bill 23 on the City\u2019s heritage resources (Table 9 on pdf pgs 24 through 26).\nThe current government\u2019s push to permit development to happen everywhere will have deleterious impacts on the protection and encouragement to preserve cultural heritage resources of our community. In addition, there are several other logistical questions that can be generalized to places across Ontario: 1) How was the rather arbitrary 2-year time clock established to determine \u2018significance\u2019 for a community heritage asset?  Heritage asset determination needs to stand up to the strict classification standards of the Ontario Heritage Act; the heritage certification professional field is not that extensive in Ontario, and will the imposition of this timed deadline put incredible (also unreasonable) stress on available experts? 2) How are archeological assessments being considered as these may also be deemed to hold up potential housing developments, i.e., \u2018red tape\u2019 as classified by this government? It is my assertion that Bill 23, on its simple overall premise to require municipalities to permit development to happen (with minimal government requirements), will not in the long run provide for healthy, resilient places to \u2018discover\u2019. Instead, the current government\u2019s approach may/may not aid in making Ontario \u2018a place to grow\u2019 but in a poorly designed and non-sustainable monolithic manner.\nAs a conclusion, I would urge the government to abandon its bull-headed approach to planning against the accepted best practices of broad community engagement and dialogue, i.e., not simply having the development sector sit at the planning table. The public interest to building sustainable, distinctive communities is built on a foundation of trust, mutual respect and dialogue \u2013 something that is sadly missing from Bill 23 and its impacts on the cultural heritage resources of Guelph and I suspect other communities throughout Ontario.\nSincerely yours!\n"
    },
    "80801": {
        "url": "/comment/80801",
        "comment": "The changes to the heritage act are damaging to culture, to the environment, and won't actually help create more affordable housing.\nFirst of all, the changes will obviously result in more heritage buildings being demolished, so we will lose community culture and history in the process. Places that have been around far longer than current politicians shouldn't be rushed through a process to be destroyed. We should not leave provincially owned landmarks such as Ontario Place vulnerable to the whims of politicians and the developers who line their pockets. These changes in designation requirements from one criterion to two also mean that some of the less obvious buildings of historical significance, including buildings of significance to Black, Indigenous, 2SLGBTQQIA+, and other diverse communities in Ontario, are more likely to be destroyed.\nFurthermore, the destruction of buildings is damaging to the environment and contributes to the climate crisis by releasing stored carbon into the atmosphere and taking up unnecessary space in landfills. A faster and more environmentally friendly option would be to retrofit existing buildings for affordable housing, which would already be part of communities and connected to transit instead of being in the middle of the greenbelt.\nFinally, these changes are completely unrealistic and do not reflect communities' abilities to process buildings. There is no possible way for municipalities to be able to designate all properties on the register list within 2 years, and to put that kind of pressure on them is unfair.\n"
    },
    "80803": {
        "url": "/comment/80803",
        "comment": "Ontario\u2019s heritage is under serious threat and it's conservation is of the utmost importance. Loss of landmarks/heritage sites, small town history, an area's history (i.e. places like Toronto's Annex, Cabbagetown) architectural significance, and more ate under seige. Destroying older buildings releases embodied carbon and contributes to climate change. These buildings and entire areas are being demolished and sent to landfill. The reality is that they are not being replaced with affordable housing.\nAction must be taken now to protect our heritage. Gone is Gone.\n"
    },
    "80805": {
        "url": "/comment/80805",
        "comment": "The proposed changes to the Ontario Heritage Act threaten our heritage but won\u2019t necessarily lead to more truly affordable or attainable housing.  Rather than minimizing the number of buildings designated as heritage sites so they can be destroyed, heritage buildings can be redeveloped to create more affordable and attainable housing, while preserving our historical buildings and our sense of place in Ontario.\nThe change in the threshold for heritage designation, requiring that two criteria be met rather than one, will make it almost impossible to protect modest heritage buildings which deserve protection.\nHeritage designation of a property itself does not prevent development; it guides it and ensures that the building is \"repurposed\" in a way that retains our heritage while finding a new use (such as housing) for the building.\nConserving Ontario\u2019s heritage is important. Loss of heritage sites and our older buildings means loss of jobs in the renovation and tourism industries, and loss of our sense of place.\n"
    },
    "80807": {
        "url": "/comment/80807",
        "comment": "The proposed changes in Bill 23 threaten our heritage but won\u2019t lead to more truly affordable or attainable housing - this is simply a misguided attempt, which will lead to irreversible erosions in heritage and land conservation policy.\n\u00b7 The change in the \u201cthreshold\u201d for designation, requiring that two criteria be met rather than one, will make it almost impossible to protect humble buildings and places associated with the historic contributions of Black, Indigenous, Franco-Ontarians, multicultural and 2SLGBTQIA+ communities in Ontario.\n\u00b7 The changes to the Ontario Heritage Act will stymie recognition of cultural diversity in Ontario.\n\u00b7 The changes to the Municipal Heritage Register and listing undermine the importance of local planning, limit the ability of local Municipal Heritage Committees, and place undue pressure on municipal staff and volunteers to protect local heritage properties.\n\u00b7 Forcing municipalities to designate all listed properties within 2 years or drop them from the Register is draconian and totally unrealistic. It will result in tens of thousands of listed sites losing what little protection they have.\n\u00b7 Property owners shouldn\u2019t be forced to choose between listing and designation to recognize the heritage significance of their property.\n\u00b7 Changes to the Standards and Guidelines for the Conservation of Provincial Heritage Properties leave provincially owned landmarks such as Ontario Place vulnerable to the whims of politicians and developers.\n\u00b7 The quickest way to create more housing is to re-use and adapt existing older buildings. Convert old schools to affordable apartments, for example, or homes for seniors. Fix and re-use our older neighbourhoods already serviced and connected by transit to offer affordable housing alternatives.\n\u00b7 Conserving Ontario\u2019s heritage is of the utmost importance. Loss of heritage sites and our older buildings means loss of jobs in the renovation and tourism industries, and loss of our sense of place. Destroying older buildings releases embodied carbon and contributes to climate change.\nMost importantly: Ontario sees many historic and character defining buildings that are lost daily - often to development. These are the places that hold our history, that define who we are and where we've come from. The loss of these spaces and places, not only tears the historic and aesthetic heart out of communities, but often is followed by the construction of nameless and placeless suburbs. As noted above, Bill 23 makes it easier for developers, who are primarily driven by profit, to create poorly designed, auto-centric, and anti-social communities. Without proper legislation that builds affordable, diverse and well-designed communities, Ontario is headed on a trajectory that would see its beauty and character lost forever.\n"
    },
    "80810": {
        "url": "/comment/80810",
        "comment": "People chose where they want to live and what kind of house they want to purchase - when you buy a Heritage house or in a heritage district you are fully aware of the regulations and owners should not be able to oppose a designation that they were fully aware of.  Heritage houses and districts should be preserved, they tell a story of our past and buildings are a link to our past. It adds character to the place where we all live and the community has a sense of pride that buildings have been preserved.\nMaking changes to the Ontario Heritage Act does not provide more affordable housing - the house already exists.\nDesign guidelines are meant to enhance the property and ensure compatibility with the area and of the time when the house was built - site plan needs to remain so we can build on the heritage resource.\nThere is strong support by residents for heritage districts.\nMaking changes to the Ontario Heritage Act does nothing to help build more housing and should be left alone !\n"
    },
    "80812": {
        "url": "/comment/80812",
        "comment": "Hello\nI would like to offer my comments on the proposed changes to the Ontario Heritage Act.  I have been a heritage planner both in the private and public sectors for over 30 years.  I have generally been supportive of the changes to the Act over the years as they have been mostly positive, well-researched and fair to all involved in the process. However, that is not the case with the changes in the recent past nor the current amendments.\nThe proposed amendments seem to strive to make it more difficult to conserve and protect the heritage resources that are important to communities across Ontario.  Conservation of heritage resources is not an impediment to the provision of additional or attainable housing. There are countless examples of heritage resources being incorporated into new housing developments and it has made those areas very special as they help tell the story of our evolving communities.\nMy key points:\n\u2022\tChanges to the Act have been so complex it makes it challenging for the volunteer sector or those communities without staff assistance to understand the process and to adequately protect our resources (even heritage staff are having difficulty).  We are not all Toronto!  Whatever happens, please quickly release educational materials such as a new Heritage Act Toolkit to help those in the wilderness.\n\u2022\tTo force the removal of listed properties from the Heritage Register after two years if not designated is extremely troublesome, impractical and contrary to the objective of originally creating these types of listings.  And not to be able to return to the Register until after five years (what in the world does that achieve other than leaving identified heritage resources unprotected?)  A Register is supposed to provide a transparent public inventory of all the protected and potential heritage resources in a community.  Listing provides no protection other than notice if demolition is proposed.  Many municipalities have spent countless dollars, staff resources and volunteer time creating these Registers (as requested by the province) and listing resources only now to be told that the objective is to dismantle the inventory and to do it in an unreasonable timeframe.  There are many more arguments against this senseless proposal that others will make, but my basic request is - Please let us retain our listed properties \u2013 they harm no one but do alert us when the resource is threatened with removal.\n\u2022\tThe concept of making designation more difficult by increasing the number of criteria a property has to meet is also of major concern.  We are told to start designating listed properties, but it will also be more challenging to achieve if this is pursued.  Some very significant properties only meet one criteria, and raising the bar will certainly exclude a number of simple/local heritage resources that help tell the story of my community. Designation should reflect what is important to the local community from a heritage perspective and this may be different across Ontario.  Again this proposal seems to be another solution looking for a problem.\n\u2022\t My last request \u2013 Consultation \u2013 we used to do it in Ontario and it used to be meaningful.  Legislation can (and should) always be reviewed and improved and should be amended from time to time to resolve issues of concerns to all who use it.  Unfortunately, that has not been the case here.  There are many participants in the heritage community who have much experience with using the Heritage Act and could help make meaningful improvements that address issues experienced by all parties.  Can we not put a hold on these amendments and start a civilized period of consultation and dialogue?  I hope we can.\nHeritage resource comprise such an infinitesimal percentage of buildings in our communities and even with our current policies, they continue to disappear.  These changes will make it even harder to protect our heritage and will no doubt lead to its loss.   Which will be a real shame, and not the type of province I want to live in.  Thank you for this opportunity to provide my feedback.\n"
    },
    "80817": {
        "url": "/comment/80817",
        "comment": "1.\tMunicipal planners have all agreed that there is enough land to accommodate the required housing that Ontario wants without destroying our heritage homes and buildings.\n2.\tSchedule 6 defeats the objective stated in the Ontario Heritage Trust \u201cto support, encourage and facilitate the conservation, protection and preservation of the heritage of Ontario\u201d, if public bodies are not required to comply with some of the Standards and Guidelines of a particular property when housing is proposed for the site.\n3.\tThis will not make housing more affordable.\n4.\tWe need to encourage people to save our heritage buildings, not make it harder with more criteria.\n5.\tThe presence of heritage buildings encourages people to tour an area, leading to support of the local businesses.\n6.\tWe need to encourage protection of even humble buildings, and the Ministry of Citizenship and Multiculturalism should be encouraging protection of places to do with the historic contributions of all, including English, French, Black, Indigenous, LGBTQ2S+ communities.\n"
    },
    "80824": {
        "url": "/comment/80824",
        "comment": "re Proposed Changes to the Ontario Heritage Act and its regulations: Bill 23 (Schedule 6)\nI can understand how heritage designations can annoy someone who wants to develop a property. And yes our growing population needs homes. But we must not destroy our heritage!\nOnce demolished, heritage buildings are gone forever, and bulldozed heritage property can never be brought back. We are talking a minuscule portion of building projects. It makes no sense to change the Act - irrevocable loss for a very few more homes!\nRepudiate Schedule 6.\n"
    },
    "80828": {
        "url": "/comment/80828",
        "comment": "The proposed changes to the OHA as as outlined in Bill 23 are completely unnecessary. They will not further the stated goal of \"Making More Homes Faster\" and will most definitely cause irreversible harm to communities across the province. The province has overstepped its bounds by sticking it's nose into municipal heritage registers.\nPlease remove all proposed changes to the OHA from Bill 23 and leave Ontario's valuable heritage alone.\n"
    },
    "80830": {
        "url": "/comment/80830",
        "comment": "This comment is in response to the the changes to the Ontario Heritage Act and its regulations in Bill 23 (Schedule 6) - the \"More Homes Built Faster Act\" recently passed by the Ontario legislature. As a citizen of Ontario and resident of Toronto, I am first of all quite concerned about the manner in which this Omnibus Bill was rushed through the legislature. While the comment period has been extended, it is obvious to me that the government really doesn't care what Ontarians think about the legislation or what its ramifications will be on our quality of life. However, I will take this opportunity to ensure that my comments are received. The changes to the Heritage Act will take away the ability of the City to protect its heritage buildings, many of which provide the much-needed \"gentle density\" housing this government claims to be promoting. Instead, the priority seems to be \"development\" - under the guise of providing housing, older buildings can now more easily be demolished and replaced with giant condominium towers, full of \"luxury\" units priced over $1 million. To claim that this is about providing housing is disingenuous at best. \"All listed properties on the Heritage Registry to be Designated or removed within 2 years.\" What is this about, if not simply grabbing more real estate for Real Estate Investment Trusts, asset management firms and other \"investor\" tools?\n"
    },
    "80832": {
        "url": "/comment/80832",
        "comment": "I would like to express my strong opposition to certain proposals in Bill 23, the More Homes Built Faster Act. These proposals will have an extremely negative impact on our community\u2019s ability to protect its cultural heritage resources. My concerns are outlined below.\nHeritage Registers\nHeritage registers are internationally-recognised tools to protect cultural heritage resources. Toronto\u2019s heritage register has been in existence for decades and contains many thousands of properties considered to possess cultural heritage value. Thousands of hours of research by volunteers and staff were involved in adding properties to the register. Currently, the City is conducting a City-wide heritage survey to ensure that properties with heritage value are identified on the register. This will enable better response to development proposals when heritage resources are involved.\nI am extremely concerned about the proposal that all properties on the heritage register that are not designated under Parts IV or V of the Ontario Heritage Act, (that is, listed, but not designated) will be dropped from the register after two years unless they are officially designated within that period. Currently, an owner of a listed property is not subject to any restrictions except for having to give 60 days notice of intent to demolish the property. This time period can give city staff time to evaluate the heritage value of the property and to recommend designation of the property if warranted. This proposed change is a complete disaster for the heritage register and for the protection of heritage properties.\nThe proposal that once a property is dropped from the heritage register, five years must elapse before it can be considered for re-addition to the register, is frankly baffling and can only be seen as damaging to heritage preservation efforts.\nDesignation Criteria\nAlthough not addressed directly in the Act, the Ministry proposes that a property must meet two, instead of one, of the criteria for designation. This would make it more difficult to protect heritage properties. At present, obviously-significant heritage properties can qualify for designation based on only one criterion. The proposal to require meeting two or more criteria makes no sense and will disqualify properties worthy of designation. Importantly, properties that may not be architecturally significant, but have strong associations with local communities, may no longer qualify for designation. This goes against current government policy to afford more recognition to marginalized and minority communities.\nConclusions and Recommendations\nI conclude that Bill 23, in its current form, presents a significant threat to our cultural heritage resources \u2013 both now and in the future. At the same time, the I do not understand how the proposed legislation will result in a significant increase in affordable housing. Housing and heritage are not mutually exclusive as can be illustrated by numerous examples of re-purposed industrial and commercial buildings. Heritage is also an important factor in improving a community\u2019s \u201cliveability\u201d.\nI recommend further discussion with heritage advocates and professionals to mitigate the potential harm of this legislation. To this end, I recommend a further extension of the time period allowed for review of the proposed changes.\n"
    },
    "80842": {
        "url": "/comment/80842",
        "comment": "We do not need these changes. Most developments take 15 to 20 years because the developers are hoping that property inflation will allow them to make more money.\nThere is a builder working along Rita Road and Rannie Road in Newmarket. These lots have sat empty for 5 years and I am not aware that the Heritage Act or anything else is holding them up. They keep raising the house price. As well there are 2 built houses on the corner that have been empty for 5 years. There is a large 5 acre block of land fronting on Yonge that is vacant.\nLeave the Heritage Act alone and don\u2019t change it. Deal directly with these builders.\n"
    },
    "80851": {
        "url": "/comment/80851",
        "comment": "Please find attached Staff Report DS-2022-027 which forms the Township of Wilmot comment in respect of this posting.\n"
    },
    "80854": {
        "url": "/comment/80854",
        "comment": "I am writing to oppose proposed changes to the Ontario Heritage Act.   Bill 23, article 6.  Protecting historical buildings is both important and practical.  Leave it with the Municipalities to determine what makes sense in their area. We don\u2019t have to pave over our past to prepare for the future.  There are lots of available lands that can be utilized without distroying our heritage and Greenbelt\n"
    }
}