{
    "72543": {
        "url": "/comment/72543",
        "comment": "I have been learning about the proposed legislation, and am very concerned about the implications of Bill 23.\nAfter years of protecting our heritage, and being internationally lauded for our efforts, the proposed changes seriously threaten significant portions of our history. Please don't cave in to the developers. We need additional housing, but not at all cost.\n"
    },
    "72565": {
        "url": "/comment/72565",
        "comment": "Please find enclosed Sifton Properties Limited\u2019s (here in known as \u201cSifton\u201d) review and comment\nregarding proposed changes through Bill 23, More Homes Built Faster Act, to the Ontario Heritage Act.\nWe are, generally, in support of the proposed changes to the Ontario Heritage Act. We have concerns\nregarding subsections 29 (1.2) and 41 (1) of the act. We request that the Ministry provide greater clarity\nas to the definition of a \u201cprescribed event\u201d, with regards to subsection 29 (1.2), and that the Ministry\nconsider removal of the ability for council to designate an entire municipality as a heritage conversation\ndistrict, with regards to subsection 41 (1). The ability to designate an entire municipality as a heritage\nconservation district may impact opportunity for development or re-development, hindering the ability\nto meet the Province\u2019s goal of 1.5 million homes over the next ten years.\n"
    },
    "72570": {
        "url": "/comment/72570",
        "comment": "I am writing to you in my capacity as Cemetery Coordinator for the Halton Peel Branch of Ontario Ancestors (Ontario Genealogical Socieity).  My concern regarding Bill 23 is the possible damage that may be done to our unregistered cemeteries in Ontario. This is a concern that has already been reported to the Government by the Ontario Historical Society.  I stand with the Society in its request that the Government of Ontario protect our unregistered cemeteries throughout Ontario by immediately declaring all cemeteries as heritage designated, in order to protect them from destruction.\nThank you for your consideration in this matter.\n"
    },
    "72574": {
        "url": "/comment/72574",
        "comment": "I'd like to register my opposition to Bill 23, specifically as it relates to the protection of heritage buildings and the environment. I'm concerned that the bill puts valuable parts of our social and architectural heritage at risk, as well as they environment, and would  ask that these parts of the bill be changed to provide the protection that is deserved.\n"
    },
    "72578": {
        "url": "/comment/72578",
        "comment": "1. The lack of consultation with the heritage community, local communities or indigenous communities\n2. The Report of the Housing Affordability Task Force will require creative solutions. It is imperative to include existing buildings in these discussions because of their role in sustainable, healthy, and resilient communities;\n3. The existing heritage system needs review and revision. However, Bill 23 as proposed, introduces significant uncertainty. It will have unintended consequences and in our professional opinion, could result in greater delays and confusion\n4. Increasing the threshold for listing and designation under Part IV of the Ontario Heritage Act will make it more difficult to address reconciliation as well as issues of equity, diversity and inclusion in the protection of cultural heritage resources in Ontario.\n"
    },
    "72588": {
        "url": "/comment/72588",
        "comment": "On behalf of the Municipality of South Huron, the following resolution of Council is respectfully submitted.\n"
    },
    "72592": {
        "url": "/comment/72592",
        "comment": "Please reconsider the motion to allow heritage buildings to be demolished. Developers are all about the money to be made. This is my heritage. Let\u2019s pretend I am an immigration Ontario only it is the buildings of my ancestors. These buildings make Ontario a more interesting place to visit.  If Ontario looks like any other destination Ntwhare in the word we have lost something precious.  Our heritage - priceless\n"
    },
    "72624": {
        "url": "/comment/72624",
        "comment": "I do not support Bill 23.\nCertainly *some* red tape exists and fair adjustments might be proposed.\nIn addition to the heritage concerns, the conservation authories should be left to do their important work.\nInteresting that the provincial government will not provie the public with the number of housing starts proposed but not acted upon by municipalities. Also, the provincial government is hiding the stats on the land and space that is already available and eligible for building homes.\nThis is a win-win for the Conservative party and developers.  Sprawl is good for friends.\n"
    },
    "72633": {
        "url": "/comment/72633",
        "comment": "Schedule 6 of Bill 23 proposes multiple changes to the Ontario Heritage Act, R.S.O. 1990, c. O.18 including requirements for listed properties to meet more stringent designation criteria  within two years/removal of properties from the list, proposes changes to criteria for designation, and allowing municipalities to designate heritage resources, when such resources form part of development proposals, if they are already listed as a potential heritage resource and only within 90 days of a complete application being received for an Official Plan Amendment, zoning by-law amendment or draft plan of subdivision approval.\nThe Town of Kingsville\u2019s Heritage List includes 38 designated properties and 308 \u2018listed\u2019 properties - properties have contributed in some way to the cultural, social and economic development of Kingsville. Listed properties provide no legal protection, only a requirement that owners notify the municipality if they plan to demolish the property 60 days beforehand, instead of 10 days, which does provide opportunity to explore designation, or even opportunities to relocate or reuse listed buildings though it provides no further legal status.\nKingsville  supports efforts to make heritage listing and designation processes more efficient. However, having to remove listed properties if not designated within two years will require additional staff resources and capacity to assess heritage values and make recommendations for designation. This will likely cause the heritage registry to be limited only to those properties in the process of seeking designation. With properties not able to be placed back on the list for five years, the list will effectively be dissolved.\nIt has also not been demonstrated that listing a property is an impediment to housing availability or affordability. For example, Kingsville currently has over 2,000 new units in planning or pre-consultation review stages alone, separate and apart from existing development. It does not appear that heritage protection is a significant deterrent to residential development if at all, and removing homes from registry will not result in additional or affordable housing.\nFinally, residents of Kingsville are proud of the town's character, which is an attractant to people and businesses interested in investing in the town. Though not yet outlined, evaluating properties based on new, more stringent, provincially prescribed standards, despite research and local value, will impact the Town's community and economic development.\nKingsville would be happy to participate in further consultations to identify supports that could be provided by the Province to assist the Town in advancing designation of properties.\n"
    },
    "72635": {
        "url": "/comment/72635",
        "comment": "Proposed Changes to the Ontario Heritage Act and its regulations: Bill 23 (Schedule 6) - the Proposed More Homes Built Faster Act, 2022\nERO number 019-6196\nThis letter is the Historic Saugeen M\u00e9tis response to proposed Bill 23, More Holmes Built Faster Act 2022, Schedule 2 and the Proposed Changes to the Ontario Heritage Act and its regulations: Bill 23 (Schedule 6).\nThe Historic Saugeen M\u00e9tis are among the indigenous peoples who have lived in, cared for and relied on the traditional Saugeen territory for generations. It is the responsibility of the Historic Saugeen M\u00e9tis Council to ensure a sustainable environment for current and future M\u00e9tis families claiming Section 35, Canada Constitution Act (1982) aboriginal rights in the traditional M\u00e9tis Saugeen Territory. The Historic Saugeen M\u00e9tis supports development that meets the needs of the present without compromising the ability of future generations to meet their needs, specifically where it relates to our ability to continue traditional harvesting practices, rights and interests.\nThe Historic Saugeen M\u00e9tis strongly opposes the Bill 23, More Holmes Build Faster Act 2022.\nBill 23 is an inadequate response to the need for greater housing as it devalues the environment and our unique cultural places. The proposed Bill 23 will reduce critical natural environments like wetlands and greenspaces that support our way of life, interests and rights. It also threatens important heritage and cultural spaces by removing protections and potentially allowing development in areas of sacred importance.\nThe Historic Saugeen M\u00e9tis community has not been properly consulted regarding Bill 23 which is a violation to our rights and interests.  We are deeply concerned that the Ontario government is failing to protect nature, climate and communities. The Historic Saugeen M\u00e9tis asks that Bill 23, More Holmes Built Faster Act 2022, Schedule 2 and the proposed related legislative amendments / additions be repealed to allow for adequate consultation.\nWe look forward to a response and the opportunity to contribute to solutions that will improve housing opportunities while protecting our fragile natural environment and communities.\nYour truly,\nJenna McGuire\nVice President\nHistoric Saugeen M\u00e9tis\n"
    },
    "72636": {
        "url": "/comment/72636",
        "comment": "Given the significance of this legislation and its impact on municipalities, I am extremely disappointed and beyond upset that Association of Municipalities of Ontario (AMO) was not provided an opportunity to present to the Legislature's Standing Committee on Heritage and Culture during its review of Bill 23.  I have read the AMO written submission and it is comprehensive and thoughtful.  I would urge the provincial government to strongly consider the comments contained in AMO's submission.\nThe development of a community by its very definition should reflect the uniqueness of each community.  While some basic consistent policies make sense, a cookie cutter approach across the province which runs roughshod over decisions that should be made at a local level by municipalities and conservation authorities is very troublesome.\nMunicipalities such as the City of Hamilton are already having financial challenges with meeting their existing infrastructure needs.  The approach contained in Bill 23 is simply going to exacerbate those challenges.\nMost people agree and recognize the need for more, safe and affordable housing. The Province needs to revisit its approach and collaborate with municipalities and conservation authorities who have the \"boots on the ground\" and can speak with knowledge and understanding of their unique communities, rather than simply imposing an ideology on those communities.\n"
    },
    "72638": {
        "url": "/comment/72638",
        "comment": "This proposal effectively eliminates heritage listing, which, despite being considered \"interim\" protection, is a less cumbersome and more resource effective way of managing change to heritage properties. Heritage listing is a \"win win\" for both property owners and municipalities. It should not be effectively eliminated (limited to two years). Moreover, it would be impossible to designate properties under the Ontario Heritage Act if they must be listed first but cannot be listed for five years after having been listed previously. This clause doesn't make any sense. It seems the goal of this change is to *prevent* heritage conservation.\nAlso raising the threshold (criteria) for heritage designation means fewer properties that do not represent wealthy landowners who could afford architects, etc. will be recognized. This is detrimental to histories of those of lower economic means.\nPlease take more time to consider these changes and consult.\n"
    },
    "72643": {
        "url": "/comment/72643",
        "comment": "The reason that many people choose to live here is because we know our history and appreciate the registry of heritage buildings. This is not an impediment to affordable housing as these buildings and houses exist as residences already. There is plenty of unused land within the city and without, not the greenbelt but beyond it, that can be used for fast houses.\nIf you don't know your history, you will make the same mistakes over and over. We need these reminders even if Doug Ford doesn't.\nStop bill 23.\n"
    },
    "72645": {
        "url": "/comment/72645",
        "comment": "I am a supporter of indigenous sovereignty, and the protection of the Greenbelt.  I am writing to oppose  the proposal of Bill 23.\n"
    },
    "72652": {
        "url": "/comment/72652",
        "comment": "I write on behalf of the Port Hope Branch of the Architectural Conservancy of Ontario (ACO) in support of the position taken by the ACO provincial branch, regarding Bill 23, Section 6.  We, too, are very concerned that the proposed changes to the Ontario Heritage Act in Bill 23 will adversely affect the ability of the people of Ontario to protect their heritage properties and landscapes.\nParticularly concerning are the proposals in the Bill which prescribe processes for municipalities to amend and repeal existing Heritage Conservation Districts, and which change the protocol for protecting provincially designated properties of heritage value. Equally worrying are the proposals to raise the threshold for Municipal designations and to completely modify the listing process, which will mean that protecting currently non-designated heritage assets throughout Ontario, going forward, will be even more difficult.  Yet, according to ACOntario, heritage-protected buildings make up such a small percentage of the Ontario building stock that none of these changes will help solve the housing crisis.\nHeritage Conservation Districts in Ontario require considerable research, and each district is defined by its heritage unity and cohesion.  This integrity could, however, become much more difficult to preserve, if the proposal regarding the amendment or repeal of a Conservation District is being made, as stated in the Bill, simply \u201cto better facilitate development.\u201d\nThe Province should be setting a high standard when it comes to protecting, conserving\nand maintaining cultural heritage resources in its ownership.  Instead, the proposals in Bill 23 stipulate that provincial designations may be revised or set aside.  This makes us fear that many provincially designated properties such as the 19th century village of Wesleyville in the Municipality of Port Hope could be lost.  For Port Hope, such a loss would be heartbreaking, as many Port Hope citizens have devoted money, time and effort towards the site\u2019s preservation and restoration.\nAs far as municipal designations are concerned, the Bill\u2019s proposal to require that a property meet two or more of the criteria prescribed in regulation rather than one will mean that a number of simple/local heritage resources that help tell the story of one of our diverse communities could no longer qualify for designation. For example, under the proposed new criteria, a cultural area such as Reggae Lane in Toronto would no longer be eligible for protection..\nThe current listing process was designed to allow Municipalities to recognize properties of heritage value before all of the criteria-based research for designation had been completed, and listing has become a transparent and educational planning tool.  The proposal in Bill 23 requiring that all of the research for designation be completed in order for a property to be listed is excessive, especially when a second proposal requires that the listed properties must be de-listed from the register after only two years and not be re-listed until after 5 years.  Compiling and analyzing the information required for designation is a meticulous and time-consuming task, usually done by volunteers but often requiring costly expert advice. For most municipalities ear-marking resources for what would become such a limited purpose, will be challenging, leaving a significant number of currently non-designated heritage properties unprotected.\nIt does seem that the provincial government believes that heritage is \u201cin the way.\u201d Yet, heritage conservation plays a crucial role in a community\u2019s economic development, by enhancing the community\u2019s quality of life, strengthening its distinctiveness, stimulating revitalization and attracting film-making and tourist dollars.  Heritage Conservation also helps protect the environment not only through restoration and adaptive reuse rather than demolition and new builds, but also through the protection of old forests and cultural heritage landscapes such as Wesleyville or Walker Farm in Caledon.\nOur heritage inspires, enlightens, and enriches us.  Heritage Conservation should not be viewed as being in the way.  It should be perceived as a way of life that benefits us all.\n"
    },
    "72657": {
        "url": "/comment/72657",
        "comment": "Please find attached comments from the City of Brampton re: Bill 23 - More Homes Built Faster Act and Implications for the City of Brampton. The following recommendation was passed by the Committee of Council at its meeting on November 23, 2022:\n1.\tThat the staff presentation re: Bill 23 \u2013 More Homes Built Faster Act and Implications for the City of Brampton, to the Committee of Council Meeting of November 23, 2022, be received;\n2.\tThat the report titled: Bill 23 - More Homes Built Faster Act and Implications for the City of Brampton, to the Committee of Council Meeting of November 23, 2022, be received;\n3.\tThat Council endorse the City\u2019s comments and proposed recommendations to the Province contained and appended to the report as the City\u2019s formal response to Environmental Registry Postings referred to in this report, and authorize staff to prepare additional detailed comments on Bill 23 and any associated regulations, as needed;\n4.\tThat the City Clerk forward this report to the Ministry of Municipal Affairs and Housing; Brampton\u2019s Members\u2019 of Provincial Parliament, the Association for Municipalities of Ontario, and the Region of Peel; and\n5.\tThat a request be sent for an extension of the commenting period for Bill 23 - More Homes Built Faster Act for an additional six months.\nThank you,\nSonya Pacheco\nLegislative Coordinator\nLegislative Services - City Clerk's Office\nCity of Brampton\ne. sonya.pacheco@brampton.ca\nt. 905.874.2178\n"
    },
    "72680": {
        "url": "/comment/72680",
        "comment": "Bill 23 should be shelved until more thought can be given to where new housing in Ontario should be located.  Certainly, we should not be paving over chunks of the formerly \"protected\" greenbelt with the excuse that it is suddenly mandatory that it be developed.  That is not only wrong, it is moving us backward in terms of protecting the environment.  Additional housing must be located in existing cityscapes, and that will involve housing density and building upward.  It should be obvious that local people know what should be preserved when it comes to heritage properties and landscapes.  Again, to suddenly give individual mayors \"strong powers\" so that they can ignore the will of duly elected municipal councillors erodes our democracy.  The will of the people must be reflected by listening to the voices of all elected officials, not merely a few of them.  Bill 23 should be shelved.\nI am an Ontario resident and I vote.  I am not impressed with the current government's willingness to introduce legislature that was never mentioned in its campaign promises.  Actually, we the people were promised that the greenbelt would always be protected.  Promises must be respected and honoured.\nFinally, there's an old saying: \"More haste, less speed.\"  This rush for new housing smacks of a lack of thinking the problem through thoroughly.\n"
    }
}