{
    "71943": {
        "url": "/comment/71943",
        "comment": "Thank you for the opportunity to comment on the changes proposed through Bill 23, and specifically Schedule 6. The County of Brant generally supports changes proposed to listed properties. Currently, the Act only prevents demolition and not alteration. Stronger protection measures are afforded for designated properties.\nAccordingly, where properties warrant heritage protection they should be designated as opposed to listed. Requiring the listing of properties creates a simple but redundant process under the Ontario Heritage Act. Legally, an owner could potentially alter the fa\u00e7ade of a listed property which would lessen its heritage value.\nRequiring listing before designation creates an extra layer of work that is not helpful in municipalities with limited resources. Heritage is an important component of community character, one that is important to residents and professional, but is poised as barrier to development. When considering local heritage, building renovations are a very large component of the building industry and can be incentivized to encourage adaptive re-use of older buildings (regardless of their heritage status), ensuring that changes to the outside are sympathetic to the heritage value. Consider integrating a requirement into the Planning Act for municipalities to identify areas where properties and buildings of potential cultural heritage interest are located, essentially integrating 'listing' into the official plan of zoning by-law process and directly connects its policies for cultural heritage conservation to specific properties or areas that meet certain criteria (e.g. O.Reg. 9.06). This will also help integrate the heritage process more closely with applications under the planning act and building / demolition permits and add a level of transparency for property owners.\nPlease also see the attached report to Council, being RPT-0517-22 from the County of Brant for additional comments on the changes proposed through Bill 23. Should there be any questions about this submission, please do not hesitate to contact the County of Brant for assistance.\n"
    },
    "71963": {
        "url": "/comment/71963",
        "comment": "From Heritage Grey Highlands (HGH), a sub-committee of the Museum & Heritage Advisory Council, Municipality of Grey Highlands (MGH):\nhttps://www.greyhighlands.ca/en/visit-and-explore/heritage-grey-highlan\u2026\n\u2022\tOur committee agrees with all the comments and concerns as submitted on behalf of all municipal heritage committees (MHCs) by the Community Heritage Ontario board. Thus, we strongly urge you to seriously reconsider accepting the proposals that CHO has identified as posing a profoundly negative impact on the ability of any MHC in the province to continue the valuable work of heritage preservation not just for now but for a sustainable future.\n\u2022\tThe greenest buildings on the planet are already built. Repurposing and/or retrofitting them is far more economically and environmentally responsible than permitting destruction of solid and often valuable heritage structures to enable replacement by \u201caffordable\u201d housing built using inferior (and likely imported) materials.\nBeing an MHC in a largely rural community where most heritage research and other committee work is done by volunteers with very little access to staff assistance, many of the currently proposed changes would have a disastrous effect on our previous efforts and would impede our future ability to identify or protect local cultural heritage resources (until now, the stated intention of the Ontario Heritage Act.) In rural Ontario there is no shortage of land for development. To us, the threats of bill 23 to greenbelt and heritage is a dangerous step that will in no way help to provide more housing.\nRE The ability to allow property owners of all existing listed properties to object years after they have been listed in the heritage register:\n\u2022\tIt is already understood, and precedents exist for repealing a designation or listing should a property owner have a compelling reason. Therefore, this proposal seems unnecessary and provides an open invitation for property owners to make unfounded or egregious objections.\n\u2022\tIn our case, every single property on the MGH register was designated or listed with the express permission of the owner. With this as municipal policy, we foresee no need for the above proposal.\nRE Greater evaluation criteria for including a property as listed on the Register:\n\u2022\tFor clarity and consistency, we agree with CHO that the regulation should establish an easily understood minimum criteria for required information.\n\u2022\tHaving said that, the criteria for added information required to justify a listing should neither be onerous nor as explicit as what is required for designation.\n\u2022\tRather than the proposal to demand designation or removal, it would be fairer to ask that registers be updated to include more information for older listings having just a name and address so that they would match new listings that adhere to new guidelines.\n\u2003\nRE The removal of all existing listed properties from the register after two years from proclamation if they have not been designated, and not allowing them to be re-listed for an additional five years:\n\u2022\tThis would have a destructively negative impact on most MHCs!!\n\u2022\tRemoving all listed properties from a register would destroy years of work by heritage committees and drastically reduce the local visibility of valued heritage.\n\u2022\tDesignation is complex. It takes time for all the conditions to be met. It may be costly. It means work for the volunteer committee, for council, and for staff.\n\u2022\tListing is faster and simpler, even with a requirement for more justification of attributes.\n\u2022\tThe many listed buildings that are cemeteries, churches, museums, municipal buildings, are in no danger of demolition.\n\u2022\tMost other listed buildings are proudly maintained by the owners and do not merit the added complications of enforced designation.\n\u2022\tListed buildings help educate the public about local history and heritage.\n\u2022\tListing draws attention to businesses operating in a heritage building.\n\u2022\tMany property owners who are proud of having their heritage building listed to the register would be far less comfortable with the added restrictions of designation.\nRE Increasing the threshold criteria for evaluation for individual property designation:\n\u2022\tIncreasing the threshold for listing and designation under Part IV of the Ontario Heritage Act would once again focus attention on mansions and halls constructed by our colonial forebears and may disqualify simpler, locally valued buildings in small towns.\n\u2022\tMany of the rustic and simple remains of Black or Indigenous communities could not qualify as having more than one value as outlined under the OHA.\n\u2022\tIn effect, this proposal would make it more difficult to address reconciliation as well as issues of equity, diversity, and inclusion in the protection of cultural heritage resources in Ontario \u2013 an odd move with heritage now under the ministry of multiculturalism.\n\u2022\tHere is a Grey Highlands example of a building that by all rights should be designated but under Bill 23 would no longer qualify. It is a simple, very ordinary two-storey brick house constructed 1880s. It is in poor repair and has none of the distinctly interesting woodwork or brickwork that qualifies other local buildings of that era as having design value. It is situated on a hilltop at the edge of a hamlet on a well-travelled county road, but it is totally screened from view by a tall thick hedge, so not a recognizable landmark. The only way to even see the building is to turn onto the short dead-end street at the western side of the property. That is where also largely obscured from public view there is a large blue & silver federal plaque identifying this as the long-time home of Agnes McPhail, first female MP elected in 1921. So associative value is the only justifiable attribute. But for women everywhere, it\u2019s a an important heritage site.\nWhile all of us greatly appreciate the current need for more affordable housing, I truly believe that Bill 23 proposed removal of current protections for heritage buildings endangers the efforts of heritage committees everywhere. Long-term there will be irreparable harm and, in all probability, none of these measures will help achieve the stated short-term goal.\n"
    },
    "71964": {
        "url": "/comment/71964",
        "comment": "Bill 23 and related changes to the Provincial Policy Statement and to the process for amending or repealing heritage conservation district plans threaten to undermine the province's cultural heritage.  The Province states that it seeks \"policy direction that provides for the identification and continued conservation of cultural heritage resources while creating flexibility to increase housing supply.\"\nFirst, if heritage protection is not to be traded off and lose out in the core quest to address the Province's housing needs, a clear succinct statement is needed in legislation and the revised Provincial Policy Statement, namely,  \"Heritage designation is intended to ensure that all development is contextually appropriate, not to preclude intensification that meets this test. To ensure contextually appropriate development, elements of built form, including height, scale and massing of development SHALL conserve the defined cultural heritage value and attributes of the heritage conservation district as set out in its HCD plan.\"\nSecond, the statement in the PPS that \u201cSignificant built heritage resources and significant cultural heritage landscapes shall be conserved\u201d must be left intact if there is to be any hope of protecting the province\u2019s cultural heritage.\nThird, \u201cgentle intensification\u201d should not be imposed in HCDs where three units on a single property would conflict with the heritage attributes or values of the HCD. For example, the core heritage value/attribute of a particular HCD is its 150 year-old parklike setting and abundance of trees and greenscape in which houses unobtrusively sit. Gentle intensification would destroy this.\nFourth, third party appeals to the Ontario Land Tribunal of heritage permits should be permitted for the very same reasons that the Province has decided to reverse its position and retain third party appeals to the OLT for decisions under the Planning Act.\n"
    },
    "71983": {
        "url": "/comment/71983",
        "comment": "On behalf of the Municipality of Kincardine, Council has expressed concerns on aspects of Bill 23 (see Council resolution below), and we respectfully request that the Provincial Government delay the passage of this Bill to allow for more fulsome consultation with the municipal sector and the public in general.  Additionally, we respectfully request that more consideration be given by the Ontario Government to recommendations from the Ontario Affordable Housing Task Force Report and incorporate such recommendations into the path forward for building more affordable homes across Ontario.\nMunicipality of Kincardine Resolution re Bill 23:\nWHEREAS the timeframe to comment on the More Homes Built Faster Act (Bill 23) has been exceptionally short;\nAND WHEREAS the bulk of the changes contemplated in Bill 23 will be enacted by regulations that are published on the government of Ontario website for comment by November 24, 2022;\nAND WHEREAS the following elements of Bill 23 and its proposed regulations are not in the best interest of the Municipality of Kincardine:\n1.\tamendments to the Planning Act which would limit third party appeals for all planning matters and remove the public meeting requirements for draft plans of subdivision;\n2.\tprovision regarding inclusionary zoning for affordable housing has a proposed limit of only 5% of units in a subdivision of 10 or more units which should be increased to be effective;\n3.\tprovisions regarding the Heritage Act which would have the effect of forcing municipalities to quickly make designation decision on all properties currently on the heritage register;\n4.\tprovisions relating to the Conservation Authorities Act which would have the effect of removing the Conservation Authority from providing effective and necessary comments on planning applications;\n5.\tprovisions relating to the Conservation Authorities Act which would allow development in certain wetlands on an offset basis;\n6.\tproposed changes to municipal development charged, parkland dedication levies, and community benefit charges that may contradict the goal of building more housing in the long term;\nTHEREFORE BE IT RESOLVED THAT the Council of The Corporation of the Municipality of Kincardine advise the Provincial government that it does not support certain aspects of the More Homes Built Faster Act (Bill 23);\nAND FURTHER THAT the Council of The Corporation of the Municipality of Kincardine direct the Mayor to submit objections with respect to the provisions listed above through the formal comment process within the timeframes for comment;\nAND FURTHER THAT Council request the Province give more consideration for the recommendations in the Ontario Affordable Housing Task Force Report before proceeding with Bill 23.\nAND FURTHER THAT this resolution be circulated to the Premier Doug Ford, MPP Lisa Thompson, Minister of Municipal Affairs and Housing Steve Clark, Federation of Canadian Municipalities (FCM), the Association of Municipalities of Ontario (AMO), Association of Municipal Managers, Clerks and Treasurers of Ontario (AMCTO), the County of Bruce and Saugeen Valley Conservation Authority.\nAdditionally, the Municipality of Kincardine puts forward the following for consideration:\no\tAdditional Residential Units (ARU) \u2013 Our community is open to this change; however, one major concern relates to infrastructure capacity required to support ARUs in serviced areas, including storm, water, and sanitary, which could lead to significant expansion needs and costs.  It would be beneficial to understand how this infrastructure change is intended to be funded for built-up areas. To support some intensification, the municipality could consider reviewing its own Zoning By-law to include rural properties, as there appear to be adequate tools under the Building Code to ensure adequately sized septic systems are on-site and this has no impact on our servicing that we primarily see in the urban areas.\no\tParkland \u2013 The Municipality is not supportive of the proposed changes to parkland dedication, as it appears that the proposal allows for land to be conveyed which may not be optimal for parkland.  Additionally, the Municipality is not supportive of capping parkland acquisition, as it is possible that the Municipality may wish to acquire larger parkland to accommodate a greater population given the nature of development in our community.  The Municipality would also like to have clearer information with respect to the requirement to spend or \u201callocate\u201d an annual amount of parkland reserves.  Clarity of the term \u201callocate\u201d related to parkland cash reserves would allow the Municipality provide comment back to the proposal.\no\tCommunity Planning Permit System \u2013 The Municipality of Kincardine is open to the proposal, however this may require additional local resources for support.\no\tThird Party Appeals \u2013 The Municipality recommends that instead of removing Third Party Appeals, the Provincial Government consider how to streamline appeals at the OLT to dispose of frivolous appeals that impact both timing and cost of development.\no\tLand Division \u2013 The Municipality recommends that a tool be required to allow the public to be made aware of proposals for plans of subdivision.  The Municipality believes that there is valuable information that can be provided to the municipality from the community for potential subdividers of information that may be lost if not afforded the opportunity to allow for public input and awareness, and which may not be available through technical review of a development package.\no\tDevelopment Charges Act \u2013 The Municipality is generally not in support of the changes proposed to the Development Charges Act through this Bill.  With this type of change Municipalities will not be able to sustain growth and existing asset needs. The Province needs to offer funding supports if they impose this area of change.\no\tPhase in of Development Charges \u2013 The Municipality does already provide for a phase-in of Development Charges, however does not support this as a statutory requirement.\no\tDevelopment Charges Act - Housing and Methodology \u2013 The Municipality is not in support of the methodological changes proposed to the Development Charges Act, as it would require the Municipality to find other sources of revenue to support growth.  Additionally, it appears that limiting municipal housing providers from using Development Charges to fund housing programs and projects could actually result in fewer affordable housing units.\no\tHeritage Act \u2013 The Municipality is not in support of the changes to the Heritage Act, and believes that it is important for the community to determine what areas of the built environment and culture should be celebrated.\no\tConservation Authorities \u2013 The Municipality requests that the Province consider the feedback from Conservation Ontario with respect to proposed changes to conservation authorities.\no\tOLT \u2013 The Municipality is generally supportive of changes to the Ontario Land Tribunal that allows the Tribunal to dismiss appeals that are unreasonably delayed and more ability to award costs against losing parties.\no\tAdditionally \u2013 The Municipality would request that the Province consider a comprehensive approach on developing skills in the trades that build homes, as there needs to be a focus, and perhaps incentives, to further trades people in the industry.\n"
    },
    "72031": {
        "url": "/comment/72031",
        "comment": "I write as a concerned citizen of Port Hope Ontario and as a member of Heritage Port Hope Advisory Committee to Council.\nPort Hope is a beautiful town steeped in history.  The main street is lined with heritage buildings and there are many outstanding heritage properties in and around the town.  If Bill 23 is passed, it is going to be very difficult, if not impossible, to maintain Port Hope's significant Heritage.\nIt appears that Doug Ford and his Government are pushing through the amendments to this Bill to satisfy the \"developers\" but with no thought to how this is going to change Ontario for ever. There are many Environmental Groups and Heritage Groups which are very upset about the changes that are just going to be thrust on them.  Whatever happened to democracy?  There are other ways to obtain the needed housing.\nI am deeply concerned that our government is going out on a limb and failing to protect our current environment.\n"
    },
    "72056": {
        "url": "/comment/72056",
        "comment": "Sounds like a sensible compromise is being made with respect to cultural heritage and need for housing. I am currently working as a conservation/heritage architect here in Ontario and while there is obviously a need to conserve what marks valuable historical moments in our history, if we fail to address the crisis of lack of housing that plagues many communities today, I fear there will be no heritage worth conserving 50 years hence. It is hard to justify the slow and costly endeavor of protecting and restoring vacant property when so many are being left behind.\nSo, as a heritage architect, and one that values history and conservation - I say let's get these homes built.\nGood luck.\n"
    },
    "72067": {
        "url": "/comment/72067",
        "comment": "To whom this may concern,\nI work in the Ontario Heritage industry as a licensed archaeologist. Your proposed changes to the heritage act are grossly irresponsible. I understand why builders may not see value in cultural heritage but the majority of the population does otherwise my industry, the industry you're trying to dismantle, would not exist.\nYou've already silently moved the heritage act into the hands of a minister with zero heritage training. Horrible move and transparently corrupt.\nMy industry already faces great struggles with the relationship we share with the Indigenous community. We've made great strides in repairing this relationship but this proposed by pass of what is deemed significant by untrained, biased parties will only serve to destroy the relationship we've built.\nIf you want our industry to move quicker FUND THE GOVERNMENT BODY THAT REVIEWS AND ACCEPTS OUR WORK ADEQUATELY. They have a backlog of work that is months and in some cases years long because they don't have enough funding to hire the amount of professionals needed to complete the work on time. The MTSC desperately needs more funding, more employees, and more power when it comes to how the heritage act is used. They're the professionals. Listen to them!\nIF THEY CANT REVIEW REPORTS IT SLOWS DOWN BUILDING, IT SLOWS DOWN PLANNING, IT SLOWS DOWN EVERYTHING.\nIf you want things built faster without a massive outcry from the indigenous community from the environmentalists and from those of us who work in these industries try giving us the resources to do our jobs efficiently. Superseding the law isn't the answer it'll just create irreversible damage to the physical history of this province. Our standards need revision but not in the way your proposing.\nMaybe talk to the heritage industry rather than trying to sweep us under the rug. You'll save a lot of money in lawsuits.\n-Kat\n"
    },
    "72120": {
        "url": "/comment/72120",
        "comment": "Good evening,\nI am writing in opposition to the proposed changes to the Ontario Heritage Act but I am no means against more housing or affordable housing.\nWhile protecting the Greenbelt is important,\nI wanted to press the proposed changes to the Ontario Heritage Act as well. The provincial government is looking to remove the heritage register and make the criteria more difficult to designate structures. If registered buildings are not designated after two years they will be removed from the registry and will not eligible to be reinstated for 5 years, leaving them vulnerable to demolition. Ontario has almost 30 thousand properties on the register that have been identified as having cultural heritage value. It will be impossible to designate all these properties in two years and many could be exposed to demolition. The register identifies potential heritage buildings and offers a 60 day demolition buffer to give municipalities time to investigate potential designation or heritage value. Often times, designation is used to prevent demolition and encourage incorporation of older buildings. Demolition has many negative impacts on the environment as well and we should be looking to reuse buildings for housing. We need win-win solutions.\nI would like your support to see some attention drawn to the proposed changes of the Ontario Heritage Act. I worry that Doug Ford will amend changes to Bill 23 in regards to the Greenbelt due to public outcry but could still proceed with the gutting and harmful changes to the Heritage Act. Bill 23 is a pro demolition bill and reverses years of public advocacy. I was volunteering in a heritage inventory project in my community  which has since been postponed pending a decision on the bill. I do not want to see changes to the heritage act proceed. Your attention to this heritage issue is appreciated.\n"
    },
    "72149": {
        "url": "/comment/72149",
        "comment": "I cannot believe how many components you have brought into Bill23. I am shocked that you do not feel that Ontario's heritage is worth preserving to build new houses.  An example is a stone-built home in Ancaster that was knocked down recently overnight with no permit. This is deplorable, home s could have been incorporated on the land and designed to blend in, this happens in most European countries. They have learnt to keep the past and create dwellings that can add to the cultural landscape.   Many Canadians go on vacation to Europe to see old buildings, tourists do not want to come to Canada to see concrete and glass. We have some many beautiful heritage areas that many Ontarians are fighting hard to protect. They produce revenue, many can be converted into living space or small businesses eg the distillery district in Toronto. If areas like this that may not have designated are knocked down by developers, then Ontario loses so much.\nWe need stricter rules that enforce designation of more older unique buildings not less.\nOnce again a developer makes more money by knocking buildings down instead of renovating. This slash and burn approach happened in the 1960\u2019s and I thought that we had learnt that this has ruined many a downtown area. Please do not destroy Ontario\u2019s heritage.\n"
    },
    "72152": {
        "url": "/comment/72152",
        "comment": "It is imperative that the consultation period for Bill 23 be extended at least to the end of December 2022.  My special concerns are that there will be unintended consequences due to the changes you propose to the Ontario Heritage Act and related regulations.  Such unintended loss of Ontario's valued built heritage is not reversible and I am certain that a short extension of consultation to year end may lead to positive amendments to Bill 23 that do not hinder its objectives.\n"
    },
    "72184": {
        "url": "/comment/72184",
        "comment": "As with Bills 108 and 109 we are troubled by the fact that the proposed changes to the Ontario Heritage Act did not involve engagement/consultation with the heritage community (i.e., heritage planners, local municipalities, heritage volunteers), indigenous communities the public. As such, the proposed changes appear to favour development and have the potential to put heritage at risk. We are concerned how these new requirements will impact the management tools that municipalities already have in place. Further, it is unclear how these proposed changes to the Ontario Heritage Act will result in more housing that is affordable.\nWe echo the response submitted by the Ontario Association of Heritage Professionals (OAHP) which notes that Bill 23 as proposed, introduces significant uncertainty. It will have unintended consequences and in our professional opinion, could result in greater delays and confusion.\nSpecifically, we are concerned about the proposed changes to municipal heritage registers that would mean that non-designated properties currently included on a municipal register would have to be removed if council does not issue a notice of intention to designate (NOID) within two years of the amendments coming into force. It is not feasible to review all of these properties for designation within two years. To remove these properties from consideration of future developments is a waste of all the time and money that was spent reviewing and compiling these registers. Municpal heritage registered are not a barrier to development, but rather a tool that assists with managing change and facilitating creative solutions that result in better buildings for the local community.\nWe support OAHP and ACO in their concern that increasing the threshold for listing and designation will make it more difficult to address reconciliation as well as issues of equity, diversity and inclusion in the protection of cultural heritage resources in Ontario. There are many properties that reflect underrepresented groups that would no longer meet the criteria for designation under Section 29 Part IV. This will mean that the current inequity in the criteria will continue to assign more value to the contributions of architecture and well-documented histories rather than recognizing the diverse stories that make up Ontario\u2019s history. Any revision to provincial criteria must ensure that underrepresented communities can still protect the cultural heritage resources that are important to them. This is a significant concern for our company has as we have been directly involved in efforts to rethink traditional understandings of heritage designations and listings.\nAs a firm that regularly works with ministries and prescribed bodies, we are also concerned about the proposed changes to Part III of the Ontario Heritage Act. Specifically, that Minister can review determination of whether a property has cultural heritage value of interest for provincially owned properties or provincially occupied properties. Any review of the S&G should be undertaken with key stakeholders. We agree with the analysis provided by OAHP that if this proposed change is to proceed, at minimum there should be a process developed that is transparent and involves additional, or acknowledges existing, consultation. The threshold for the use of these powers should be high. It should only be considered for exceptional circumstances and not as a matter of course.\nWe find it incomprehensible that MCM is proposing to introduce an enabling legislative authority so the Lieutenant Governor in Council (LGIC) may, by order, provide that the Crown in right of Ontario or a ministry or prescribed public body is not required to comply with some or all of the 2010 Standards and Guidelines for Conservation of Provincial Heritage Properties (S&G) in respect of a particular property, if the LGIC is of the opinion that such exemption could potentially advance one or more of the following provincial priorities: transit, housing, long-term care and other infrastructure or other prescribed provincial priorities. As one of the oldest archaeological firms in the province, we know that the S&G are the trigger for the completion of archaeological investigations on provincially owned properties as well the duty to consult. I can understand the desire for haste when it comes to building new housing, but it is simply inappropriate for provincially-regulated projects to be exempt from the principles laid down in the foundational document for the entire country. The Supreme Court has been clear that there must be no \"sharp dealing\" on the part of the Crown when it comes to the First Nations who, by virtue of being in a fiduciary relationship with the Crown, have been put at a disadvantage when it comes to protecting their own interests.\nMost First Nations communities in Ontario have treaty rights that include the right to hunt, fish, and gather foods and medicines from their treaty lands - into perpetuity. Taking such lands out of circulation as part of a resource development or a housing project impacts those treaty rights. If that process seems too onerous and the government excuses itself from that consultation via the requirement not to comply with its own Standards and Guidelines, it breaks promises which the highest court in the land has determined are unbreakable - and drives home the point made by some Indigenous community leaders that our legal system does not protect the interests of the First Nations.\" As was made clear in the final report of the Truth and Reciliation Commission of Canada (TRC), whenever Canadian governments have used their authority to ignore or suspend the legal rights of the First Nations, it has both harmed their communities and been an embarrassing blight on our record. It's 2022. We should be past this sort of thing.\nGiven that cultural heritage is a matter of provincial importance, it is therefore necessary to ensure that conservation of built heritage resources, cultural heritage landscapes, and archaeological resources be included in the list of matters that must be adequately addressed in any proposed bill passed in Ontario.\nWe add our voice to OHAP\u2019s to urge the Province to ensure that the path forward to addressing the housing crisis not be forged at the expense of built heritage resources, cultural heritage landscapes, and archaeological resources. Cultural heritage can be an integral component in the creation of housing and healthy, sustainable neighborhoods. We further urge the Province to delay the changes until adequate consultation with the heritage industry and indigenous communities on these important issues has taken place.\n"
    },
    "72222": {
        "url": "/comment/72222",
        "comment": "I oppose this bill, as it opens the door to irresponsible or corrupt procedures for selling land and buildings to developers for projects that will be detrimental to the community. To increase access to housing, the government should be investing in public housing, not stripping away protections from culturally significant locations only to turn them into profits for developers.\n"
    },
    "72261": {
        "url": "/comment/72261",
        "comment": "The Ontario Government announced several changes to multiple pieces of legislation as a response to Ontario\u2019s housing supply issue.\nThe primary impact of this Bill on a local municipality\u2019s ability to conserve cultural heritage resources involves proposed amendments to the\u00a0Planning Act\u00a0and the\u00a0Ontario Heritage Act. There are a number of proposals which will have adverse impacts on heritage conservation in Ontario.\n"
    },
    "72304": {
        "url": "/comment/72304",
        "comment": "November 24, 2022\nTo whom it may concern,\nBill 23, if passed will marginalize Ontario's communities. Bill 23 weakens large and small communities by seriously limiting any public input while at the same time compromising each community's planning processes. Bill 23 will significantly decrease developer contributions to local infrastructure, open space, and other community amenities. This is contrary to the existing process where land development pays for itself rather than shifting land development costs onto communities (read taxpayers.) Further Bill 23 would provide an ability to override any community's Official Plan should those plans negatively affect the intent of Bill 23.\nAnother serious concern is how Bill 23's Schedule 6 (Heritage) amendments will greatly curtail municipalities (read Cobourg) by drastically undermining its ability to protect its many heritage assets.\nIts been reported that one of the worst parts of Bill 23 is the elimination of affordable housing by allowing developers to tear down some of the most affordable homes - perhaps a community's unique heritage assets - in the city in order to build expensive housing for significant profit margins.\nTo quote the ACO President, \"Bill 23 will make it practically impossible to protect most of Ontario\u2019s identified heritage properties.\"\nBill 23 will gut the Ontario Heritage Act. Simply stated, Bill 23 if given Royal Assent will jeopardize thousands of Ontario's heritage properties by making them all vulnerable to demolition. The historically important Brookside property perhaps?\nDonald Macintosh\nCobourg, Ontario\n"
    },
    "72305": {
        "url": "/comment/72305",
        "comment": "This Bill's effect on heritage will be devastation of communities' identity, history and character. Since 1975 the Ontario Heritage Act passed and has helped to preserve through protection and resuse of our historic sites and landscapes. Many government departments on all levels were set up to create programs and assist communities with keeping their history alive through the visible, tangible works of architecture that identify their place in our provinces development and achievements.\nHow does one politician have the right to wipe out the work of countless professionals, community voluntees and government employees  of the past almost fifty years? He doesn't.\nThere are other options for assisting the housing needs of communities and enabling the destruction of history without public input or municipal policy is absurd.  Why not take over the acres of surface parking lots in our cities and build housing on them.\nThis is tyranny. Ford is acting like a dictator.  He must be stopped and enlightened by the many who have been working in the area of heritage preservation for many generations and by visionaries in other countries who have solved the housing shortage without giving free reign to developers and retaining our valuable architectural works of art.\nArchitecture is an art and the best examples of every period are the property of the tax payers of their communities. We choose our built heritage as an essential part of everyday life which supports our shared identity and quality of life. Destroying heritage sites is traumatic for communities.\n"
    },
    "72307": {
        "url": "/comment/72307",
        "comment": "Dear MPP St\u00e9phane Sarrazin,\nWe call upon you to bring to the attention of your party important issues within Bill 23 More Homes Built Faster. There are elements within Bill 23 that compromise democracy, affordability, and Ontario\u2019s fragile environment. We at Eco East share these concerns along  with several other community organisations.\nThe intent of Bill 23 is commendable, but amendments are required to help it achieve its purpose. In its current form, Bill 23 includes some harmful changes: diminishing land protection, limiting inclusionary zoning, and limiting the ability of conservation authorities to serve as a check and balance on development.\nIndeed, we need housing, but as they say in real estate, it's about \u201clocation location location.\u201d Glengarry-Prescott-Russell is rich with natural heritage of forests and wetlands, and it also has some of the most productive farmland in Ontario. These are crucial assets that generate wealth (e.g., farmland) and help mitigate costly damages from extreme climate change induced weather events (e.g., forests from windstorms and wetlands from floods). There is ample approved land for development within existing urban boundaries, that negates the need to expand sprawl into wetlands, forests, and farm fields. In addition, Bill 23 severely undermines the ability for municipalities to make local decisions on land use planning.\nThe Bill\u2019s significant changes to the evaluation, designation, and protection of various greenspaces - from wetlands to farm fields, from urban parkland to forests - threatens our wellbeing and safety. For years, we have protected these spaces for many cultural, social, and scientific reasons. Now is not the time for less protected land, but more.\nOur local conservation authority, South Nation Conservation (SNC) performs a crucial function in this region. We are in a landslide area and we have the type of soil that needs to be monitored by professional engineers at South Nation Conservation. They study and protect water, rivers, ground and surface water, and they regulate building in flood plains, unstable slopes, etc. Bill 23 would constrain SNC\u2019s ability to continue providing municipalities advice and expertise on how to protect habitats that minimize potential damage from flooding. Currently, municipalities do not have the time and expertise to do this on their own.\nWe would also like to voice our concerns regarding the financial impacts of the proposed legislative changes to development charges. The changes proposed in Bill 23 would have a devastating impact on the budgets of small municipalities like those within Glengarry-Prescott-Russell. The changes will shift costs away from developers and onto tax payers, increasing the tax burdens of homeowners who are already suffering due to inflation. As we are certain you have heard from fellow residents in our riding, the cost of living has sky-rocketed. The crunch is especially felt by residents in need of affordable housing, such as those living on fixed incomes. The Bill raises many social concerns and, rather than helping those most in need of housing, it will have a significant negative impact on these vulnerable residents.This includes, cutting regulations which seek to protect tenants from \u201crenovictions\u201d, preventing municipalities from requiring that more than 5% of new developments be affordable housing, and allowing affordable housing to return to the market after just 25 years. This will deepen our housing and homelessness crisis, not alleviate it.\nWe at Eco East would be happy to share with you some ideas on how to address the Ontario housing crisis through affordable, connected, and sustainable ways; ways that have already been articulated through the Association of Municipalities of Ontario\u2019s (AMO) 55 recommendations to address the housing crisis released in February 2022. We urge you to stand united with local communities and oppose this destructive bill.\nRegards,\nEco East Board of Directors\n"
    },
    "72323": {
        "url": "/comment/72323",
        "comment": "Please see attachment\n"
    }
}