{
    "72945": {
        "url": "/comment/72945",
        "comment": "This is an abuse of power ... it is not solving the problem that you are pretending to address.  You are destroying habitat, the ecosystem, our heritage, and you are creating nothing from it except massive tracts of housing that still the people who need housing cannot afford.  Address the real issues of homelessness, high mortgage rates, excessive money going towards condos that advertise luxury living.  It's just an pocket-lining venture on the government's part ... it's been happening all along with Premier Ford ignoring zoning laws and granting land to developers.  Why the hell do we have these laws in place, if he can just eradicate them because it makes it looks like he is doing something the problem?\nIt is an abuse of power, and it is abuse of the people and the environment.\n"
    },
    "72970": {
        "url": "/comment/72970",
        "comment": "The following is a summary of the comments made on behalf of The Governing Council of the University of Toronto (\u201cthe University\u201d), please review our attached letter for further details:\n\u2022\tThe University is supportive of the Minister\u2019s proposed amendment to increase the threshold for designation by requiring that a property meet two or more of the criteria prescribed under Ontario Regulation 9/06. However, given the breath of the criteria as drafted, this amendment alone will not be sufficient to remove barriers while ensuring the continued protection of heritage resource. Further amendments to O. Reg. 9/06 are required to insert a standard of significance when considering each of the criteria for determining cultural heritage value or interest, and an objecting definition of \u201csignificant\u201d should be added to the PPS that provides a measurable standard. Proposed amendments are included in the attached letter.\n\u2022\tIncreasing the standards for listing a property on a municipal register by requiring that the property meet one or more of the prescribed criteria may have the result of effectively removing the distinction between listing and designation. Any prescribed criteria for listing a property must ensure that the merits of designation are not pre-determined, as there is no appeal of a heritage listing.\n\u2022\tWhile the University is supportive of imposing timelines for a municipality to designate a listed property and preventing a municipality from designating a property that has not already been listed, the University is concerned that the proposed changes will have the unintended consequence of ultimately encouraging an increase in designations prior to the expiry of the two-year limitation period, particularly if the criteria for designation are not further refined. The University requests that provisions be added to allow the potential for the two-year time period for designation be extended upon the agreement of both the municipality and the owner.\n\u2022\tThe University is supportive of increasing rigor in the process of identifying and protecting heritage conservation districts, ensuring they are not used to freeze a community in a moment of time and restrict future investment and intensification. However, the economic needs of communities, such as the current housing crisis, and the needs of area institutions and significant employers must be given priority consideration before redevelopment is discouraged through HCD designation. Care must also be taken to not use HCDs as a tool for regulating standards of development that are properly prescribed by the municipal zoning bylaw.\n"
    },
    "73019": {
        "url": "/comment/73019",
        "comment": "Comments on Bill 23, Schedule 6 Ontario Heritage Act\nI submit these comments based on 25+ years of professional experience in the cultural heritage field - first as a consultant, then as a heritage specialist for the provincial government, followed by managing the heritage department at an architecture firm and now as a partner in a heritage consulting firm.\nGenerally, I find the proposed amendments to be arbitrary, vague and excessively broad. Most will have a negative impact on the conservation of heritage properties in Ontario. None identify how they will advance the construction of housing in the province. My detailed comments are provided below.\nSection 27\nNew requirements for municipal registers and the\ninclusion of non-designated properties on the municipal register.\nProposed Change\nNew subsection 27(1.1) requires \u201cmunicipalities to make an up-to-date version of the information on their municipal register available on a publicly-accessible municipal website.\u201d\nComments: Many municipalities already maintain publicly accessible registers. These range from pdf documents to searchable databases to interactive maps. However, they can be five or more years old. Regardless, registers containing current information are a benefit to property owners and heritage professionals working on those properties.\nThe proposed change is a positive amendment which supports the conservation, protection and preservation of properties in Ontario.\nRecommendations: Recommend that the term \u2018up-to-date\u2019 be defined or guidance provided to municipalities as to how often to update their registers.\nProposed Change\nSubsection 27(3) will increase the standard for including a non-designated property on a municipal register by requiring that the property meet prescribed criteria. MCM is proposing to have the criteria currently included in O. Reg. 9/06 apply to non-designated properties included on the municipal register and is proposing that the property must meet one or more of the criteria to be included, which would be facilitated through a regulatory change. MCM is further proposing that this requirement would apply only to those non-designated properties added to the municipal register on or after the date the legislative and regulatory amendments come into force.\nComments: Some municipalities are essentially using this approach to listing through a \u2018screening\u2019 process whereby one or more properties are screened against O. Reg. 9/06 to identify potential cultural heritage value or interest. The potential cultural heritage value or interest can then be substantiated through a Cultural Heritage Evaluation Report (CHER) which requires in-depth research and analysis in order to support a designation by-law.\nThe proposed change is generally a positive amendment which supports the conservation, protection and preservation of properties in Ontario.\nRecommendations: If criteria are to be prescribed, it is strongly recommended that the criteria in O. Reg. 9/06 be used. The threshold for listing should remain at one criteria.\nProposed Change\nSubsections 27 (7), (8) and (13) will allow property owners to use the existing process under the OHA for objecting to the inclusion of their non-designated property on the municipal register regardless of when it was added to the municipal register.\nComments: Currently subsection 27 (7) and (8) permits a property owner to object inclusion on the register for properties included on or after July 1, 2021. It is unclear on what basis a property owner would object to a listing made prior to July 1, 2021.\nThis is a negative amendment and diminishes the conservation, protection and preservation of properties in Ontario.\nRecommendations: Recommend retaining the status quo. Property owners still retain the right to object to listings going forward and to the designation of their property.\nProposed Change\nNew Subsections 27 (14), (15), (16) requires that  non-designated properties currently included on a municipal register would have to be removed if council does not issue a notice of intention to designate (NOID) within two years of the amendments coming into force.\nComments: This proposed amendment is arbitrary in terms of the two year timeframe for issuance of a NOID. It does not consider how many properties across the province will be affected by this, nor how many properties currently included on municipal registers are potential housing development sites. In short, this amendment does nothing to promote housing, rather it applies a blanket requirement on every municipality in Ontario regardless of current and proposed housing developments. It does not exempt municipally-owned properties. Why would a municipality remove one of its own properties from a register? Further, why should provincially-owned or controlled properties be removed if they are not subject to designation by municipalities?\nIt is also redundant given that Subsection 27(3) will require a higher standard for inclusion on a register using prescribed criteria, and that property owners have the right to object to their property being included on a register. Additionally, subsection 29 (1.2) is proposed to be re-enacted to provide that the municipality may give a notice of intention to designate the property only if the property was included in the register under subsection 27 (3) as of the date of the prescribed event.\nMoreover, subsection 27(3) requires increasing the standard for inclusion on a register. Why make municipalities undertake more work only to have it negated after two years?\nSubsection 27 (1.3) requires that before including a property on a register that the municipality consult with a municipal heritage committee. In my experience, the process for including properties on a register is substantial and transparent. It includes: public consultation; a heritage professional\u2019s  recommendations to city staff regarding heritage cultural heritage value or interest and a city staff reports to municipal heritage committee.\nThis is a negative amendment and diminishes the conservation, protection and preservation of properties in Ontario.\nRecommendations: Given that this amendment will impact upwards of 30,000 properties in Ontario (based on ACO estimate), it is imperative that it be removed from Bill 23 Schedule 6.\nIt is strongly recommended that MCM consult with the heritage community - volunteers, public and private sector heritage professionals on processes and timelines for either designating or removing \u2018listed\u2019 properties.\nProposed Change\nSubsection (17) maintains that consultation with the Municipal Heritage Committee is not required if a property is removed from the Register because the two-year time period has elapsed.\nComments: If subsection 27 (1.3) requires that before including a property on a register that the municipality consult with a municipal heritage committee why would not its removal also require consultation? This amendment is inconsistent with current requirements set out in the OHA.\nThis is a negative amendment and diminishes the conservation, protection and preservation of properties in Ontario.\nRecommendations: Until MCM can provide a rationale as to why this amendment is required, it should be removed Bill 23 Schedule 6.\nProposed Change\nSubsection (18) prohibits properties removed from a register under subsections 14, 15, 16 may not be listed again for a period of five years.\nComments: This proposed amendment is arbitrary in terms of the five year timeframe.\nThis is a negative amendment and diminishes the conservation, protection and preservation of properties in Ontario.\nRecommendations: Until MCM can provide a rationale as to why this amendment is required, it should be removed Bill 23 Schedule 6.\nIt is strongly recommended that MCM consult with the heritage community, particularly public sector heritage professionals on appropriate timelines for how and when properties are removed from a register.\nSection 29\nAn increase in the threshold for designation of individual properties\nand new limitations on designation for properties subject to proposed development.\nProposed Change\nIt is proposed to increase the threshold for the designation process by requiring that a property meet two or more of the criteria prescribed in regulation. This change would be achieved through a regulatory amendment to O. Reg. 9/06.\nComments: It is not clear what this amendment is trying to address and why at least two criteria must be met. Has MCM conducted analysis into how many properties have been designated based on one O.Reg. 9/06 criteria? Of these, how many have been the subject of an objection? How many are prospective housing development sites?\nThis is a negative amendment that diminishes the conservation, protection and preservation of properties in Ontario.\nRecommendations: Until MCM can provide a rationale as to why this amendment is required, it should be removed Bill 23 Schedule 6.\nPrior to making any other amendments to Section 29, it is strongly recommended that MCM consult with the heritage community, particularly public and private sector heritage professionals.\nPart III.1\nChanges affecting the Standards and Guidelines\nfor Conservation of Provincial Heritage Properties\nProposed Change\nMCM is proposing to introduce an enabling legislative authority that provides that the process for identifying provincial heritage properties under the S&Gs may permit the Minister of Citizenship and Multiculturalism to review, confirm and revise, the determination of cultural heritage value or interest by a ministry or prescribed public body respecting a provincial heritage property. This process for Ministerial review would be set out through a revision to the S&Gs and may be applied to determinations made on or before the change comes into effect. If Bill 23 is passed, the ministry would develop and consult further on the proposed process under the S&Gs.\nComments: The S&Gs require that prescribed public bodies \u201cdevelop and implement a cultural heritage conservation policy and procedures(s) to identify and manage provincial heritage properties consistent with [the S&Gs].\u201d In addition, the ministry responsible for the S&Gs is the approval authority for the identification and evaluation process. Moreover, some prescribed public bodies have approved and well-established processes, but additionally heritage committees which review and approve of cultural heritage evaluation recommendations made by heritage professionals.\nAs such, it is unclear why this amendment is required. Further, applying it to determinations made prior to Bill 23 coming into effect undermines the effort undertaken to date by Ministries prescribed public bodies to identify and conserve provincial heritage properties.\nThis is a negative amendment that diminishes the conservation, protection and preservation of properties in Ontario.\nRecommendations: This amendment must be removed from Bill 23. The Government of Ontario must be a leader in the identification and conservation of heritage properties, of local and provincial value in its ownership and control.\nIn order to be transparent and equal to the proposed requirements for municipal registers being up to date (subsection 27(1.1)), the government of Ontario must make the list of provincial heritage properties as well as their statements of heritage value publicly available.\nProposed Change\nThe Lieutenant Governor in Council may, by order, provide that the Crown in right of Ontario or a ministry or prescribed public body is not required to comply with some or all of the heritage standards and guidelines approved under this section in respect of a particular property, if the Lieutenant Governor in Council is of the opinion that such exemption could potentially advance one or more of the following provincial priorities:\n\u25cf      Transit.\n\u25cf      Housing.\n\u25cf      Health and Long-Term Care.\n\u25cf      Other infrastructure.\n\u25cf      Such other priorities as may be prescribed.\nComments:\nAgain, it is unclear why this amendment is required. The S&G do not prohibit development on any provincial heritage property. The S&Gs does require that Ministeries and prescribed public bodies make \u201cbest efforts to avoid uses which adversely affect the cultural heritage value of a provincial heritage property\u201d (E.3) and that demolition is considered as a \u201clast resort, subject to heritage impact assessment and public engagement.\u201d (F.4) This is best heritage conservation practice.\nThe S&G apply to the ongoing protection, maintenance and use of provincial heritage properties as well as best practices for disposal and demolition. As a result, this amendment is too broad in its potential application. Would the government exempt itself from maintaining Osgoode Hall or the Sioux Lookout Courthouse (D1-D5), or mothballing the former Kingston Psychiatric Facility or Guelph Correctional Facility (F1-F4). Would it exempt itself from Minister\u2019s consent requirements for demolitions at Ontario Place or any other provincial heritage property of provincial significance  (F5)?\nThis is a negative amendment that diminishes the conservation, protection and preservation of properties in Ontario.\nRecommendations: This amendment must be removed from Bill 23. The Government of Ontario must be a leader in the identification and conservation of heritage properties, of local and provincial value in its ownership and control.\nIn order to be transparent and equal to the proposed requirements for municipal registers being up to date (subsection 27(1.1)), the government of Ontario must make the list of provincial heritage properties as well as their statements of heritage value publicly available.\nThank you.\n"
    },
    "73023": {
        "url": "/comment/73023",
        "comment": "Proposed Changes to the Ontario Heritage Act and its regulations: Bill 23 (Schedule 6) - the Proposed More Homes Built Faster Act, 2022\nUnder \"Proposal details\" in the ERO posting there's a subsection entitled\n\"Changes affecting the Standards and Guidelines for Conservation of Provincial Heritage Properties.\" In the second paragraph down in that subsection it states \"This process for Ministerial review would be set out through a revision to the S&Gs and may be applied to determinations made on or before the change comes into effect.\" I strongly disagree with the Minister being able to make changes to determinations made on or before the change comes into effect. This proposed change would mean that the Minister could change a heritage designation made at any time in the past. This is not appropriate and flies in the face of past decisions. Ministerial review should be limited to future proposed designations.\nThe third paragraph of the above said subsection is repetitive. Is a conflict between the Minister of Citizenship and Multiculturalism and the Lieutenant  Governor in Council foreseen? The Minister of Citizenship and Culture should be empowered to make these decisions on his or her own after consulting with the public and other government ministries. The Lieutenant Governor in Council should not be involved.\nPart of the last sentence states \"...LGIC is of the opinion that such exemption could potentially advance one or more of the following provincial priorities: transit, housing, long-term care and other infrastructure or other prescribed provincial priorities.\" To remove a heritage designation should rest in the hands of the Minister of Citizenship and Multiculturalism only, after consultation with the public and other government bodies. \"and other infrastructure or other prescribed provincial priorities.\" is way too vague and could be anything. All provincial priorities to which an exemption could apply should be spelled out in the legislation.\nUnder \"New requirements for municipal registers and the inclusion of non-designated properties on the municipal register.\"\n\"Requiring municipalities to make an up-to-date version of the information on their municipal register available on a publicly-accessible municipal website. MCM is proposing that, if passed, proclamation of this amendment would be delayed by six months to allow municipalities time to make the necessary changes to their website.\" I agree with this.\nWith Fortitude,\nKen\n"
    },
    "73030": {
        "url": "/comment/73030",
        "comment": "I would like to express my concerns about Bill 23.  I support the objections to the Bill put forward by the City of Toronto and the Bruce Trail Conservancy.  I am concerned about the impact of the Bill on Conservation Authorities that will greatly decrease their powers to protect the environment, and the changes to the Ontario Heritage Act, which will affect how municipalities identify and protect cultural heritage properties, leaving heritage properties more vulnerable to demolition.\nI am also concerned that this Bill does nothing to increase affordable housing, but rather benefits developers of low density housing and will lead to greater urban sprawl.  We need higher density, afforable housing, not single family homes built on the green belt.\n"
    },
    "73037": {
        "url": "/comment/73037",
        "comment": "Throughout sustainability, Bill 23 is not an effective representative of our country. It is vital that wetlands are protected through economic development and growth. Not only will economic development be affected but housing and climate change will be unfairly implemented as well. Heritage land will not be protected and will negatively affect the lives of homeowners. A community should always have the right to be aware of what is going on within the public. This bill deprives them of that right and initiates unfair treatment. To protect this from happening, there needs to be steps that take place in order to protect this Bill from passing. The Greenbelt act will be changed through construction on households and communities within the land that needs to be protected. In conclusion, I do not agree with Bill 23. It is unfair that this bill holds consequences on the lives of hard-working individuals just to distruct valuable land.\n"
    },
    "73038": {
        "url": "/comment/73038",
        "comment": "I am extremely concerned about Bill 23. While I absolutely agree that more homes are needed, I believe this bill will cause as many problems as it purports to want to solve. It will worsen climate change by destroying carbon sinks like forests, wetlands and grasslands. It will lead to more people suffering from mental health problems because of a reduction of natural spaces, which are known to be places of solace and healing for people with anxiety, depression and other conditions. It will lead to more damage to homes when they are built in flood plains or on unstable soils. And it will lead to the destruction of our built and ecological heritage, which will lead to lower tourism and civic pride.\nThese are just a few of the consequences that will result if this bill is passed in its current form. But finally, it will likely also lead to the downfall of the Ford government in the next election.\nDo better.\n"
    },
    "73049": {
        "url": "/comment/73049",
        "comment": "Attached is the City of Barrie's Business Performance and Environmental Sustainability response letter\n"
    },
    "73054": {
        "url": "/comment/73054",
        "comment": "As an emerging professional who has studied and worked in the field of heritage conservation over the past decade, I respectfully submit my objection to the proposed changes to the Ontario Heritage Act as part of Bill 23. Amidst an inarguable housing crisis, I agree and support efforts towards creating affordable and safe housing options in communities across Ontario. However, I disagree with the posturing that the Ontario Heritage Act and the conservation of cultural heritage sites are actors perpetuating this crisis. Frankly, the proposed amendments will not create more affordable housing options for those that call Ontario home and they disregard and undermine representation of Ontario\u2019s multicultural history and cultural heritage assets.\nBy requiring the removal of buildings listed on the Heritage Register after two years (if there is no \u2018intent to designate\u2019 issued), and the subsequent restriction of including properties formerly on the register for five years, Bill 23 removes an important tool for communities in identifying and protecting valuable cultural assets. The strict timelines proposed alongside the prescribed evaluation criteria for designating properties would impose an impractical and impossible workload for municipal workers. Further, requiring the of properties from the register and from consideration of future developments wastes the effort and work that municipal staff have previously spent reviewing and compiling registers that capture an area\u2019s cultural significance. Bill 23 will wildly destabilize municipal registers whose contents will be defined by arbitrarily established 2 and 5-year cycles. Property will be added to the list, will come off due to a scarcity of municipal resources or absence of need, and then may return to the Register once the 5-year period has lapsed. The status of the province\u2019s 31,000 non-designated properties will be ever-shifting, creating a murky set of requirements to property owners, like a game with a shifting rulebook. Further, currently there is a deadline for submitting objections to a property listing, the proposed amendment would permit objections to be filed at any time, even years later. The impact would destabilize the heritage listing and approval process, creating more backlog.\nIncreasing the threshold for listing and designation under Part IV of the Ontario Heritage Act will make it more difficult to address reconciliation as well as issues of equity, diversity and inclusion in the protection of cultural heritage resources in Ontario. There are many properties that reflect underrepresented groups that would no longer meet the criteria for designation under Section 29 Part IV. This will mean that the current inequity in the criteria will continue to assign more value to the contributions of architecture and well-documented histories rather than recognizing the diverse stories that make up Ontario\u2019s history. Any revision to provincial criteria must ensure that underrepresented communities can still protect the cultural heritage resources that are important to them.\nAs noted by the Ontario Association of Heritage Professionals (OAHP), when the Report of the Ontario Housing Affordability Task Force was released earlier this year, OAHP supported recommendation 4, \u201cPermit \u201cas of right\u201d conversion of underutilized or redundant commercial properties to residential or mixed residential and commercial use\u201d; however, there are significant barriers that inhibit the conversion of existing buildings in Ontario, such as building code limitations/requirements and a lack of skilled trades. Introducing policies to support reuse or repurposing of existing buildings and the removal of certain \u2018new build\u2019 requirements for existing buildings would lead to more housing faster. Addressing these barriers and providing incentives for the conversion and expansion of existing buildings as well as additional adaptive re-use training programs would increase the ability for the Province to provide affordable and sustainable housing. In the face of unprecedented and ever-worsening climate crisis, it is vital that the existing building stock and the embodied carbon of these materials be considered as part of our future. Heritage buildings and sites of cultural heritage significance can support intensification through building conversion and adaptation and allow for more homes to be constructed through infill projects.\nI with many others urge the Province to ensure that the path forward in addressing the housing crisis is not at the expense of built heritage resources, cultural heritage landscapes, and archaeological resources.\n"
    },
    "73061": {
        "url": "/comment/73061",
        "comment": "According to what I've read, bill 23 appears to be primarily focused on economic gain while mostly ignoring the community and environmental effects. In terms of reducing climate change, these new regulations would be a huge step backward because they permit far more environmentally harmful development in the province. The government asserts that by offsetting, it will compensate for the loss of wetlands, woods, and other natural areas brought about by new construction. This would guarantee the loss of these significant natural lands, which would then be repaired or restored elsewhere. This legislation poses significant and possibly permanent environmental hazards. Building over wetlands represents a significant reduction in the ecosystem services that wetlands offer. Wetlands must be safeguarded through economic expansion and development. The implementation of housing and climate change policies will be unjust. Heritage land won't be protected, which will have a severe impact on homeowners' lives.\n"
    },
    "73063": {
        "url": "/comment/73063",
        "comment": "Bill 23\u2019s changes to the Ontario Heritage Act (OHA) will be a giant step backward for the conservation of cultural heritage in Ontario.\nThe negative effects of Bill 23 will be especially acute in rural municipalities, which do not have the capacity to respond to Bill 23\u2019s OHA requirements, and whose often humble built heritage does not always meet more than one criteria of O.Reg. 9/06.\nBill 23, Schedule 6, will upset and set back Prince Edward County's  important work on a Cultural Heritage Master Plan, which builds upon the foundational research undertaken for the 1984 Historical Architectural Survey of Prince Edward (HASPE) and subsequently published as The Settler\u2019s Dream.\nPrince Edward County, like many other rural municipalities, does not have a heritage planner and has a challenge hiring regular planners. The County does not have the capacity \u2013 paid or volunteer \u2013 to go through the designation process for all the properties currently on the Heritage Register, let alone additional properties identified through the Cultural Heritage Master Plan process.\nBill 23, Schedule 6, will undermine our efforts as a community to conserve the County\u2019s heritage resources for all Ontarians. I urge you to delete from Bill 23 all changes to the Ontario Heritage Act.\n"
    },
    "73068": {
        "url": "/comment/73068",
        "comment": "--Following text is verbatim the PDF file uploaded--\nProposed Changes to the Ontario Heritage Act and its regulations: Bill 23 (Schedule 6) - the Proposed More Homes Built Faster Act, 2022\nComments Submitted to the Environmental Registry of Ontario\nAs a practicing heritage professional I appreciate the opportunity to comment on the proposed changes to critical legislation in Ontario. Periodic revision to the Ontario Heritage Act is key to ensuring it reflects national and international best practices, and remains an effective and efficient means by which to conserve the cultural heritage of this province.\nSome of the proposed changes represent positive refinements in how the Ontario Heritage Act operates and should be recongized as such. Generally speaking, these include the requirements for municipalities to keep an up to date version of their municipal register accessible; requirements for non-designated property to meet prescribed criteria in order to be included on the register; and requirements for new HCDs to meet prescribed criteria.\nHowever a number of concerning proposals represent fundamental changes to the ways that heritage properties are identified and conserved in Ontario. Some of these changes seem arbitrary in nature and will negatively impact governments\u2019 and communities' ability to identify and conserve cultural heritage. These changes also carry unintended consequences that may result in unnecessary increases in regulation and restriction on property owners. Please find below some specific comments on these items of concern.\n1.0 Regarding two year limits for non-designated properties included on the heritage register\n1.1 Proposed Changes:\n-Non-designated properties currently included on a municipal register would have to be removed if council does not issue a notice of intention to designate (NOID) within two years of the amendments coming into force.\n-Non-designated properties included on the register after the proposed amendment comes into force would have to be removed if council does not issue a NOID within two years of the property being included.\n-If removed from the register under any of the above three circumstances, the property cannot be relisted for a period of five years.\n1.2 Comment:\nThese proposed changes represent a fundamental change in the way that municipal heritage registers are used by municipalities. Effectively, registers would no longer serve as a repository for non-designated and designated properties. They would instead function as a list of designated properties, with a smaller rolling list of properties that will either be designated or removed within two years.\nInevitably, the proposed amendment will result in the designation of a significant number of properties across the province that have hitherto been non-designated, but identified through inclusion on the register. Designation represents a far more rigorous form of regulation: it is more costly to property owners in terms of money and time, and restrictive in what changes can be made to a property. Under the proposed amendment municipalities will need to designate important properties they do not want to come off the register, inevitably imposing these new burdens onto countless Ontarians whose properties have been effectively managed, often for decades, through listing alone.\nThe proposed amendment implies that non-designated properties on the register are simply  those that have not been designated yet, and renders obsolete the long-standing use of non-designated inclusion as a status unto itself. This effectively removes a popular and non-invasive mechanism from municipalities\u2019 toolkits, which to reiterate, identifies properties of cultural heritage value or interest while minimizing costs and other regulatory requirements for property owners. The change would also affect municipalities\u2019 abilities to include property owned by provincial and federal governments on heritage registers.\nThis proposed temporary status for non-designated properties contradicts other parts of the proposed changes: requiring municipalities to demonstrate a higher standard for listing properties while simultaneously making it more difficult to retain listed properties on the register is logically inconsistent, counter-productive and inefficient for municipalities.\nThe basis and justification for a two year review period is unclear. For many municipalities it may be challenging to feasibly designate all listed properties within a two year period. In practice, many properties may be removed from municipal registers owing to a lack of municipal resources, rather than insufficient cultural heritage value or interest. With this in mind, the five year period under which properties cannot be re-listed may serve to be punitive and obstructionist to municipalities, further undermining their ability to identity and conserve cultural heritage resources.\n1.3 Recommendation\nThese proposed amendments will negatively impact communities\u2019 and municipalities\u2019 abilities to identify and conserve cultural heritage properties, while at the same time imposing stronger regulations onto property owners. It is therefore recommended that amendments requiring all non-designated properties to be struck from the register be removed from Bill 23.\n2.0 Regarding an increase in the threshold for designation of individual properties\n2.1 Proposed Changes:\n-MCM is proposing to provide further rigour in the designation process by increasing the threshold by requiring that a property meet two or more of the criteria prescribed in regulation. This change would be achieved through a regulatory amendment to O. Reg. 9/06 Criteria for determining cultural heritage value or interest. MCM is further proposing that this requirement would apply only to properties where the notice of intention to designate (NOID) is published on or after the date the regulatory amendment comes into force.\n2.2 Comment:\nOntario\u2019s heritage framework is premised on values-based conservation, whereby a place\u2019s heritage significance is determined according to the nature and strength of its particular values. As currently written, the Ontario Regulation 9/06 criteria present a framework into which values must fit to be designated under the Ontario Heritage Act. However the ultimate determination of significance is based on the nature and strength of the particular values.\nWhile meeting two criteria can be considered a higher threshold in a numeric sense, it is not inherently indicative of increased significance within a values-based system. Public and private sector professionals have experience in applying the criteria, and determining significance based on the quality and strength of its values, not using quantitative metrics. As such, a requirement to meet two criteria in order to designate represents a potentially artificial threshold - one that is at odds with the system of values-based conservation, and one that undermines trained professionals\u2019 ability to determine whether a property should be considered significant and designated under the Ontario Heritage Act.\nA requirement for meeting several criteria may also impact the ability to designate Cultural Heritage Landscapes under the Ontario Heritage Act. Some Cultural Heritage Landscapes, (particularly associative-category landscapes, most often associated with Indigenous communities) are distinguished by an absence of physical artifacts or monuments. Associative landscapes are integral to the very concept of cultural landscapes as developed by UNESCO, and are reflected in cultural landscape practice throughout the world. However many associative landscapes may not qualify for designation in Ontario, given a requirement for meeting multiple criteria.\nThe proposal to create a higher threshold for designating individual properties will negatively impact communities\u2019 and municipalities\u2019 abilities to identify and conserve cultural heritage properties by creating an arbitrary and artificial new threshold for designation, undermining professionals trained in determining significance, and making it harder to designate sites without obvious physical or built resources, including cultural heritage landscapes.\n2.3 Recommendation\nIt is recommended that the proposed requirement for meeting two criteria be removed. If an increased threshold is desired, this should be articulated in terms of the O. Reg. 9/06 criteria themselves. This means providing clearer instructions on interpreting the criteria, providing an opportunity to articulate thresholds for significance within a values-based conservation framework.\n\u2013END\u2013\n"
    },
    "73123": {
        "url": "/comment/73123",
        "comment": "The end does not justify the means outlined in this proposal. The changes proposed in this document are apparent in their goals, which are to facilitate the development of a greater supply of housing, and to concentrate power in order to do so. I take issue with the flagrant disregard for local governance with the imposition of ministerial review and revision for assessments of heritage value, and the exemption of the LGIC from the standards and guidelines of heritage conservation. These apparatuses give disproportionate and arbitrary power to provincial officials to override both local concerns and the province's own rules. This is, at best, undemocratic, and at worst, an abuse of power.\nSimilarly, the automatic removal of non-designated properties from municipal heritage registers, the increasing difficultly to create new heritage designations, and the reshaping of heritage conservation districts into an \"iterative tool to facilitate development\" impose limitations on local government and their heritage priorities. Cultural heritage resources are finite and in many cases, provide both the character and tourism appeal for municipalities throughout Ontario. To squander these resources for the sake of rapid development would be foolhardy. Any amendments to the Ontario Heritage Act should prioritize the adaptive re-use of heritage structures to meet the needs of the communities in which they are found, rather than focusing on the removal of heritage protections and running roughshod over municipalities that seek to protect these finite resources. Greater municipal density and more housing options can be better achieved through collaboration with local authorities and not at the expense of local heritage.\n"
    },
    "73142": {
        "url": "/comment/73142",
        "comment": "I am a property owner and resident of Saugeen Shores/Southampton and a member of the Bruce Trail Conservancy. I strongly object to Bill 23 and it\u2019s failure to protect the greenbelt from development and to protect our heritage buildings from demolition.\nI strongly support the objections raised against Bill 23 by the Bruce Trail Conservancy and the Staff Report prepared by the Supervisor, Development Services, Saugeen Shores, which was approved by the Mayor and Council.\nIn the middle of the climate crisis, and at a time when people and communities need more greenspace, the hope of The Bruce Trail Conservancy is that the Province will pause on Bill 23 and meaningfully engage with conservation authorities and other stakeholders to ensure that environmental protections remain in place, that the conservation authorities\u2019 critical role in protecting watersheds and positive environmental outcomes is retained, and that continuity for the Bruce Trail conservation corridor is preserved.\nHeritage buildings should be protected and development should be carefully considered and planned, not \u201cfast and loose\u201d.\nOur green space and our heritage are not replaceable. They should be protected for our children and grandchildren.\n"
    },
    "73148": {
        "url": "/comment/73148",
        "comment": "I don't know a great deal about Heritage in Ontario but I do understand a few things that Bill 23 may unintentionally harm in its rush to force municipalities to \"designate or un-list.\" Tourism in Ontario and the economic benefits it bring to (especially smaller communities) will be harmed by this bill. Has the government studied these possible economic losses?  This in turn will harm local residents ability to afford the housing Bill 23 is supposedly trying to create. In many communities small and large there is NO SHORTAGE of available land to build on. Why force the issue of the convention of municipalities using this \"listing\" function rather than designation when it doesn't actually put real constraints on the property owner beside providing notice to the city if planning to demolish etc? I have not been able to find a rational in Bill 23 for implementing this chaos creation.\nIn addition to the negative economic impacts of municipalities losing sites of significance for cultural heritage this Bill also blatantly ignores Indigenous communities and any different types of strategies they may need to protect areas of significance for their communities. It is not honouring Ontario's commitment to the TRC recommendations or UNDRIP. Has the government studied how these changes to the Ontario Heritage Act will impact Indigenous communities? Has any consultation been done?\n"
    },
    "73221": {
        "url": "/comment/73221",
        "comment": "I am deeply saddened by bill 23. Why are we selling off protected greenspace and heritage land? It's detrimental to the country as a whole. How can we be independent as a country if we can no longer farm our own food? Or if we have flooding due to the lack of forests? And then we will have \"animal problems\" when the coyotes and fox and skunks etc have nowhere to live and have to be exterminated for trying to live in what used to be their space.\nAlso, with all the green and climate initiatives being signed and countries coming together to make commitments to help the environment. This is the complete opposite direction.\nIt looks like Ford does care about the environment or the country  or anything or anyone.  Doesn't care about the future for his kids. Nothing.  Just money right now, selling off anything and everything to show he can make money, just to ruin everything for everyone else.\nHow did Ford get this approved? Doesn't anyone else get a say? He promised not to touch the greenbelt,  but now \"due to immigration\" he is selling off so much land to a very select few so they can all profit over the destruction of precious greenspaces, and in turn the destruction of this country/world.\nThere are other alternatives before this step, but that wouldn't be profitable for him\nIt is obvious to most people that he is doing this for his friends and for his own gain. How is this allowed?\n"
    }
}