{
    "80580": {
        "url": "/comment/80580",
        "comment": "Submission to ERO Proposal 019-6196\nProposed Changes to the Ontario Heritage Act and its regulations: Bill 23 (Schedule 6) - the Proposed More Homes Built Faster Act, 2022\nBill 23 is a threat to heritage properties, due to removing listed properties from a municipality\u2019s heritage register leaving them with no heritage status or protection.\nWe can have both new housing AND heritage properties.\nA review of the proposed heritage changes suggests the intent to set up communities to fail in their efforts to protect heritage resources in the name of expediency, which this government has not effectively proven necessary.\nThe heightened urgency to implement these changes is troubling.\nThe proposed requirement to either designate or remove any heritage resource on a municipal heritage registry within two years and not re-instate it for at least five years ignores local heritage values, decades of volunteer work identifying and honouring historical and cultural properties, and the labour and cost implications for a small community. Designation entails consulting with numerous entities and conducting research. Based on a 60-day turnaround schedule for a building, the number of resources registered, and municipal staff size, two years may not be sufficient to complete the task.\nThe Minister of Citizenship and Multiculturalism's proposed override of a local municipal council's determination of heritage value or interest disregards the local context or point of view. Unexpected consequences will result from this strategy.\nSimilarly, how can one agree to support the creation of a regulatory authority to prescribe processes for municipalities to amend or repeal existing Heritage Conservation District (HCD) designation and HCD plan by-laws without knowing the specifics of the authority and processes?\nWe can all agree that additional housing is required, but the manner used by Bill 23 is controversial, unlikely to achieve its stated objectives, and likely to have unexpected consequences.\nThe haste of this Bill through the system, particularly when this timing coincided with the transition from old to new councils, has meant there has not been time to collect opinions from all impacted municipalities, organizations, and the public.\nThe best decisions are made when diverse perspectives and areas of expertise work together to solve a problem.\nI recommend that these Heritage Act changes be scrapped or postponed and that the Ministry and municipalities take time to explore and develop more reasonable solutions to our shared housing difficulties and heritage interests.\n"
    },
    "80589": {
        "url": "/comment/80589",
        "comment": "I am deeply disappointed and concerned about this bill be passed mid-consultation and the lack of consultation with Indigenous groups, a clear breach of the duty to consult. I am also concerned that while the current Ontario Government claims that this will help reduce the cost of a home, nowhere does it force developers to reduce purchase price from the savings they will receive from reduced payments to municipalities and conservation authorities. I am also concerned that this will also just result in increased taxes on taxpayers through the municipalities to cover costs of permits and applications. This Bill seems to only benefit developers. It will damage the integrity of our natural systems, critical to our wellbeing, impact food security, and our right to a healthy, clean environment. We will see increased municipal taxes to cover the lost cost.\nOntario\u2019s conservation authorities have a valuable review and commenting role in the development process to ensure public safety and property protection. Working with our municipal partners, we use a variety of tools present in the Conservation Authorities Act and Planning Act to ensure that our communities are well planned, desirable places to live with resilient natural systems that will support the communities into the future.\nConservation authorities offer timely, value-added services for municipalities as well as certainty and predictability through the development review and permitting processes, without lengthening the approvals process.\nThe current legislation proposes to remove the \u201cPollution\u201d and \u201cConservation of Land\u201d tests, which are two of the five tests that are considered by conservation authorities in their review and decision making on permit applications. Natural systems are living systems, and their ability to perform their natural hazard mitigation role is dependent upon the systems remaining alive to perform their function. These tests allow conservation authorities to ensure that the natural systems, such as wetlands, are not adversely impacted by development and site alteration to an extent that they are not able to perform their natural hazard roles over the long-term.\n"
    },
    "80599": {
        "url": "/comment/80599",
        "comment": "I attach my comments on the bill's changes to Part III.1 of the OHA.\nI believe I am in a unique position to make comments on the changes to Part III.1. I was/am: a) the ministry\u2019s policy lead on the 2005 changes to the OHA which included the new Part III.1, b) the co-lead on development of the S&Gs themselves which were approved by Cabinet in 2010, and c) a member of the Metrolinx Heritage Committee since 2013 where the S&Gs' evaluation process is routinely applied.\nThank you for the opportunity to submit these comments.\nDan Schneider, B.A., LL.B., CAHP\n"
    },
    "80604": {
        "url": "/comment/80604",
        "comment": "These proposed changes should not proceed. The proposed changes will undermine heritage planning in municipalities. The process is already difficult and landowners have lots of chance to stop listing and designation. The Heritage Act is not an impediment to building affordable housing. New provincial funding to build affordable rental housing is what is needed.\n"
    },
    "80616": {
        "url": "/comment/80616",
        "comment": "The proposed changes to the Heritage Act are not needed, and will not address the issue of creating affordable housing.\nMunicipal Heritage registers are a useful and transparent tool for identifying heritage resources and requiring properties currently listed on registers to be either designated or removed within 2 years will be catastrophic for Ontario's heritage.  Especially for small municipalities without the capacity to identify and protect their heritage.\nIncreasing the threshold for designating cultural heritage resources will also hurt Ontario's heritage, especially the heritage of marginalized Ontarians where sites may only meet one of the prescribed criteria for designation.\nThe government should be tackling more significant causes of the affordability crisis.  I've heard absolutely no one,  blame the preservation of Ontario's heritage for the high cost of homes.\n"
    },
    "80631": {
        "url": "/comment/80631",
        "comment": "As a member of a municipal Heritage Preservation Panel, I want to vigorously object to\n the following terms of the proposed legislation:\n[Non-designated properties currently included on a municipal register would have to be removed if council does not issue a notice of intention to designate (NOID) within two years of the amendments coming into force.] & [Non-designated properties included on the register after the proposed amendment comes into force would have to be removed if council does not issue a NOID within two years of the property being included.]\nMunicipalities rely on expert certified members of the Canadian Association of Heritage Professionals (CAHP) to complete the NOID report sections: Statement of Cultural Heritage Value or Interest & Description of Heritage Attributes.\nIt is my belief that there is an insufficient number of certified members available to complete tens of thousands of reports for properties all across the province.\nRather than imposing an arbitrary, illogical limit of two years, a more objective approach would be to allow  the municipalities to obtain prospective quotes and timelines, then, prepare an organized schedule to reflect that realistic financial and resource capacity.\n"
    },
    "80636": {
        "url": "/comment/80636",
        "comment": "As a member of a municipal Heritage Preservation Panel, I want to vigorously object to\n the following term of the proposed legislation:\n[If removed from the register under any of the above three circumstances, the property cannot be relisted for a period of five years.]\nIn my estimation, this exemption from relisting for a period of five years, seems to reflect a superficial, fool-hardy, reckless, and thoughtless adaption of one of the terms of the United Kingdom's heritage legislation and procedures, the Certificate of Immunity provision.\n[[ excerpt: Certificates of Immunity\n A COI prevents a building from being listed for five years. It's a useful mechanism for ascertaining the listed status of a building and can help inform development proposals for a site.]] [[reference: Terms of a Certificate of Immunity: https://historicengland.org.uk/listing/apply-for-listing/]]\nIn my estimation, the proposed amendment to the OHA, appears to be a bastardization of the UK terms for issuing a Certificate of Immunity;  this new OHA term potentially provides a ZERO-COST blanket amendment for developers to completely ignore community heritage preservation interests in tens of thousands of properties across the province of Ontario, and, without the benefit of the safeguards provided in the UK Certificate of Immunity procedures.\nThis new OHA term issues a carte blanche to developers, many of whom potentially represent offshore investors who likely, mainly have sanitized investment, financial concerns about returns of assets, do not know anything about the heritage and aesthetics of the communities where their projects will be sited, are blithely ignorant of how heritage structures can be conserved and incorporated into their projects, and have no loyalty or cultural affiliation with Canadian history or Canadian community values.\nThis amendment term of the OHA requires substantive revision to provide at a minimum, a limited, controlled exclusion, at the very least, in line with the UK Certificate of Immunity provisions.  Contrary to the apparent underlying assumptions of this amendment term, Heritage Preservation is not antithetical to development, and, can be executed via well developed conservation plans that reflect the communities in which such projects will reside.\n"
    },
    "80641": {
        "url": "/comment/80641",
        "comment": "This is disgusting. Stripping all historic properties of all protection is terrible. It\u2019s all an excuse so you guys can make a profit on new developments. Ontario is in bed with overseas investors trying to make a quick buck. SAVE the historical properties. There is so much land just outside the city but you guys build poorly built subdivisions that lack infrastructure. How bout you build some affordable housing. We need to save them. Historic buildings within a community add aesthetics and  values to the area, they also have a kinder impact on the environment and attract more people to the area. Preserving them is beneficial.\n"
    },
    "80652": {
        "url": "/comment/80652",
        "comment": "As a member of a municipal Heritage Preservation Panel, I want to vigorously object to\n the following term of the proposed legislation:\n[Increasing the standard for including a non-designated property on a municipal register by requiring that the property meet prescribed criteria. MCM is proposing to have the criteria currently included in O. Reg. 9/06 (Criteria for determining cultural heritage value or interest) apply to non-designated properties included on the municipal register and is proposing that the property must meet one or more of the criteria to be included, which would be facilitated through a regulatory change. MCM is further proposing that this requirement would apply only to those non-designated properties added to the municipal register on or after the date the legislative and regulatory amendments come into force.]\nI strongly recommend that the Ministry immediately conduct indepth international comparative research of 21st Century Heritage Preservation standards\n ( such as the UK 2008 Conservation Principles, Policies and Guidance), and issue a report to inform this legislation and the public; In the interim, no further regulations should be issued concerning this term of the OHA.\nFirst, in my opinion, the current two tiered identification of 'designated' and 'listing-non-designated' represents a historical Canadian simplification of the complex UK heritage regulations which includes designated infrastructure as well as three tiers of nationally listed properties, as well as locally listed properties, all of which receive some degree of protection and conservation management.\nIn fact, it seems likely that many Ontario heritage properties, whether identified provincially or merely listed by a municipality, may be eligible for National Canadian Heritage Designation; But, based on the paucity of Ontario properties in the National Register of Historic Places, it seems very little effort has been expended to ensure that our provinces historical properties are added to the national register. For instance,  I am aware of a property,  the original Bank of Canada building in Toronto,  which likely would qualify, but, I found the required procedure too onerous to undertake myself, as a private citizen.\nIf the Ministry chooses to update the OHA terms at this time, in 2022,  changes SHOULD reflect  'best in class'  international heritage preservation standards, including but not limited to the following four factors :\na)applying a more nuanced and expansive definition of eligibility criteria as per:\n<< i)the UK 2008 Conservation PPG\n[excerpt: People value historic places in many different ways; 'Conservation Principles' shows how they can be grouped into four categories:\nEvidential value: the potential of a place to yield evidence about past human activity.\nHistorical value: the ways in which past people, events and aspects of life can be connected through a place to the present - it tends to be illustrative or associative.\nAesthetic value: the ways in which people draw sensory and intellectual stimulation from a place.\nCommunal value: the meanings of a place for the people who relate to it, or for whom it figures in their collective experience or memory.]\nAND,\nii) with consideration of the ICOMOS ISC20C framework for 20th century modernist heritage.\n[reference: https://isc20c.icomos.org/education_items/the-twentieth-century-histori\u2026;\nALSO,\nb) giving consideration of the resource limitations of Canadian/ Provincial/Municipal Heritage experts and community resources available to support and propose heritage conservation plans in the context of multi-million dollar development projects.\nc)expanding and refining the scope and number of heritage asset categories--\nper the UK example.\nFOLLOW-UP STUDY:\nOverall, my impression is that the current updates represent a slipshod effort to blindly shoe horn development projects in the guise of a 'housing' crisis , with scant consideration of the need to thoughtfully and objectively update the province's current heritage preservation regime to 21st century standards.\n"
    },
    "80664": {
        "url": "/comment/80664",
        "comment": "I am deeply upset that this government has chosen a path with Bill 23 that demonstrates a blatant disregard for the future of of children and the natural environment that we need to protect.  These resources and the governing bodies in place to protect them are being systematically dismantled in front of the public's eyes...and it cannot stand.  How arrogant to think that this government thought they could pull this type of greedy maneuvering with little backlash.  Shameful behaviour on the part of our leaders, who more and more are demonstrating that they are only in the game of lining the pockets of campaign contributors and big business.\nIt is a pitiful excuse to say that this bill is designed to build the homes Ontario needs.  We need them, but not on our farmlands and marshes.  We have lots of room to build houses by in-filling and repurposing infrastructure.  Do better.\n"
    },
    "80672": {
        "url": "/comment/80672",
        "comment": "Dear Ms Kulpa,\nI am writing to you on behalf of The Annex Residents Association, Toronto, to voice our objections to proclamation of the Bill 23, Schedule 6 changes to the Ontario Heritage Act. Those provisions are deeply damaging to both the preservation of Ontario\u2019s built heritage and to the provision of truly affordable housing.\nThe Schedule 6, s 3(4) changes to the listing of properties of heritage value (The Register) are particularly unwise, as clearly demonstrated by the impact they would have in the City of Toronto, and the Annex. The current practice of listing properties \u2013 with no time restriction \u2013 is a heritage planning tool of enormous value. For most communities it is a way to acknowledge places of local cultural heritage value and \u2013 sometimes \u2013 it offers a \u201cmenu\u201d of possible properties for designation, a long process involving considerable research and discussion. The City of Toronto is engaged in a citywide systematic heritage survey to identify properties of cultural heritage interest not already noted by listings on the City\u2019s register. As the City rushes to catch up on its listings, the changes to the Ontario Heritage Act  would, if proclaimed, prevent designation of heritage properties to be included in a development proposal if they were not listed at the time of the developer\u2019s application to the City.\nIf these provisions had been in place several years ago, an impressive new development adjacent to the Annex neighbourhood would have been negatively impacted. The Westbank-Mirvish Village development, which is now under construction, will house several thousand people in rental townhouses and apartments towers. It will include a market street and recreational amenities to replace those that have been demolished. Importantly, the development respects the history of the much-loved Mirvish Village as it retains \u2013 through designation \u2013 the Markham Street heritage streetscape. None of the heritage properties were listed when the development was proposed. It was through thoughtful collaboration between Westbank, the developer, and four residents\u2019 associations that the significance of the streetscape was fully understood, leading to its preservation as an evocative part of a large-scale multi-use project.\nMost properties in the Annex are not listed, yet the neighbourhood is known for its impressive range of architectural styles and housing types by well-known architects dating from the late 19th century to the present. Many of the properties provide rental accommodation to seniors, students from the University of Toronto and others on fixed or low incomes, and young professionals. More than 70 per cent of residents are renters in a city lacking rental homes. A recent preliminary study of the neighbourhood shows that gentle intensification has taken place for the past century. Large mansions have been replaced by low and mid-rise apartments, while others have townhouses or three- and four-storey apartment buildings in once ample back yards. Importantly, heavily treed heritage streetscapes remain intact, providing a healthy environment for those living in the area, effectively balancing the area\u2019s gentle densification. The Annex, through the goodwill of owners and developers, has worked hard to ensure that needed housing respects the unique heritage qualities of the place. Listing \u2013 with no arbitrary fixed term \u2013 would help ensure that heritage buildings, and the affordable housing they contain, are an integral part of overall planning and specific development proposals.\nWithin the Annex, consider specifically the houses along Spadina Avenue, which would have been lost through expropriation for the Spadina Expressway. Most are now owned by the City of Toronto and provide affordable housing and space for social service agencies. (The first woman\u2019s shelter in the entire country is still operating on Spadina Avenue.) Although some of the houses are listed, almost the entire streetscape needs to be considered as a heritage place that provides affordable housing for hundreds of people. Indefinite listing would acknowledge buildings that have served a diverse community so successfully.\nContrary to some public perception, historic buildings in the Annex provide the only affordable housing in the neighbourhood. They need to be recognized through open-ended listing \u2013 and seen as part of sensitive densification and redevelopment. Although listing is an important planning tool, it should not be seen as a requirement for designation, especially in the context of development proposals.\nThe Annex Residents\u2019 Association asks that Cabinet not proclaim the Bill 23 changes to the Ontario Heritage Act. The Annex \u201cstory\u201d demonstrates that heritage preservation, far from being an impediment to affordable housing, actually fosters the development  and maintenance of intensified, truly affordable housing that is well integrated into the fabric of the surrounding community.\nThank you for your consideration.\n"
    },
    "80675": {
        "url": "/comment/80675",
        "comment": "Harbord Village Residents' Association Submission\nBill 23 Heritage Changes\nConcerns with listings lapsing within two years\nThree examples of heritage protection that could be lost\n"
    },
    "80706": {
        "url": "/comment/80706",
        "comment": "The proposed changes threaten our heritage but won\u2019t lead to more truly affordable or attainable housing.\nThe change in the \u201cthreshold\u201d for designation, requiring that two criteria be met rather than one, will make it almost impossible to protect humble buildings and places associated with the historic contributions of Black, Indigenous, Franco-Ontarians, multicultural and 2SLGBTQIA+ communities in Ontario.\nThe changes to the Ontario Heritage Act will stymie recognition of cultural diversity in Ontario.\nThe changes to the Municipal Heritage Register and listing undermine the importance of local planning, limit the ability of local Municipal Heritage Committees, and place undue pressure on municipal staff and volunteers to protect local heritage properties.\nForcing municipalities to designate all listed properties within 2 years or drop them from the Register is draconian and totally unrealistic. It will result in tens of thousands of listed sites losing what little protection they have.\nProperty owners shouldn\u2019t be forced to choose between listing and designation to recognize the heritage significance of their property.\nChanges to the Standards and Guidelines for the Conservation of Provincial Heritage Properties leave provincially owned landmarks such as Ontario Place vulnerable to the whims of politicians and developers.\nThe quickest way to create more housing is to re-use and adapt existing older buildings. Convert old schools to affordable apartments, for example, or homes for seniors. Fix and re-use our older neighbourhoods already serviced and connected by transit to offer affordable housing alternatives.\nConserving Ontario\u2019s heritage is of the utmost importance. Loss of heritage sites and our older buildings means loss of jobs in the renovation and tourism industries, and loss of our sense of place.  Destroying older buildings releases embodied carbon and contributes to climate change.The proposed changes threaten our heritage but won\u2019t lead to more truly affordable or attainable housing.\nThe change in the \u201cthreshold\u201d for designation, requiring that two criteria be met rather than one, will make it almost impossible to protect humble buildings and places associated with the historic contributions of Black, Indigenous, Franco-Ontarians, multicultural and 2SLGBTQIA+ communities in Ontario.\nThe changes to the Ontario Heritage Act will stymie recognition of cultural diversity in Ontario.\nThe changes to the Municipal Heritage Register and listing undermine the importance of local planning, limit the ability of local Municipal Heritage Committees, and place undue pressure on municipal staff and volunteers to protect local heritage properties.\nForcing municipalities to designate all listed properties within 2 years or drop them from the Register is draconian and totally unrealistic. It will result in tens of thousands of listed sites losing what little protection they have.\nProperty owners shouldn\u2019t be forced to choose between listing and designation to recognize the heritage significance of their property.\nChanges to the Standards and Guidelines for the Conservation of Provincial Heritage Properties leave provincially owned landmarks such as Ontario Place vulnerable to the whims of politicians and developers.\nThe quickest way to create more housing is to re-use and adapt existing older buildings. Convert old schools to affordable apartments, for example, or homes for seniors. Fix and re-use our older neighbourhoods already serviced and connected by transit to offer affordable housing alternatives.\nConserving Ontario\u2019s heritage is of the utmost importance. Loss of heritage sites and our older buildings means loss of jobs in the renovation and tourism industries, and loss of our sense of place.  Destroying older buildings releases embodied carbon and contributes to climate change.\n"
    },
    "80707": {
        "url": "/comment/80707",
        "comment": "The Ontario Heritage Act should not be changed. It was created for a purpose: to preserve our heritage structures and watering down its powers to permit development is counter to its purpose. Instead the government should look to means to increase density in areas which do not have heritage designations, or at minimum, leave the negotiation between the Heritage organizations and the developers to incorporate heritage buildings into their plans.\nToo often has this government stepped on the people and our heritage in the name of development, with little consultation before the desecration of heritage sites. One example of note is the Foundry Buildings in Canary District, Toronto.\n"
    },
    "80708": {
        "url": "/comment/80708",
        "comment": "The proposed changes threaten our heritage but won\u2019t lead to more truly affordable or attainable housing. Housing is not a commodity but is treated as such and the proposed changes do not address that fundamental failure. The quickest way to create more housing is to re-use and adapt existing older buildings. Fix and re-use our older neighbourhoods already serviced and connected by transit to offer affordable housing alternatives.\nThe change in the \u201cthreshold\u201d for designation, requiring that two criteria be met rather than one, will make it almost impossible to protect humble buildings and places associated with the historic contributions of Black, Indigenous, Franco-Ontarians, multicultural and 2SLGBTQIA+ communities in Ontario. The changes to the Ontario Heritage Act will stymie recognition of cultural diversity in Ontario.\n"
    },
    "80714": {
        "url": "/comment/80714",
        "comment": "Re: Proposed Changes to the Heritage Act\nERO number 019-6196\nHaving personally led the successful effort to save a Heritage school building in my former community of Oakville, and as the owner of an officially designated heritage home in Niagara, I have many concerns about the proposed changes to the Heritage Act.\nOur heritage buildings are what distinguishes one community from another, they remind us of our past and provide us with a sense of place as we grow in the future. There is a reason so many people travel to Europe and other areas of the world that value and preserve their past. We don\u2019t need to make it easier to erase our heritage and cultural landmarks to build for the future.\nAllowing the Minister of Citizenship and Multiculturalism (MCM):\n\u2022\tto revise the determination of cultural heritage value or interest by a ministry or prescribed public body respecting a provincial heritage property, and\n\u2022\tEnable the Crown in right of Ontario or a ministry or prescribed public body exempt themselves with complying to protections for designated heritage properties if the exemption could potentially advance one or more of the following provincial priorities: transit, housing, long-term care and other infrastructure or other prescribed provincial priorities;\ndisregards all the work local groups do to identify the heritage buildings that have meaning in their community and sets a dangerous precedent that no building, no matter what it\u2019s historic or cultural significance is safe.\nAs well, the MCM is making it much harder for municipalities to protect properties and Heritage Conservation Districts (HCD) by requiring that they now must meet two or more criteria for conservation. MCM is also making more difficult by: requiring that municipalities must drop listed but not designated properties within two years; making it easier for properties that have been designated to be removed from the register; introducing a regulatory authority that will create a process for amending or repealing existing HCDs.\nThe requirement that municipalities drop listed properties that haven\u2019t been designated within 2 years is an especially callous and a cruel blow to the ordinary citizens who sit on the local heritage committees and are tasked with doing all the work to find, list and potentially designate their communities\u2019 built heritage assets.\nCanada is a new, rapidly growing country but that doesn\u2019t mean we don\u2019t have important historic and cultural buildings worth saving. In fact, it is deeply disturbing how many iconic and beautiful buildings have been lost to the wrecker\u2019s ball around the Province, especially through the middle of the last century.\nThese changes, if enacted, will herald in a new era of destruction that is both unnecessary and unwise.\nThe Architectural Conservancy Ontario has called the proposed Heritage Act changes a \u201cbomb\u201d dropped into the system that will make it virtually impossible to protect most of Ontario\u2019s identified heritage properties.\nI agree. Please do not pass these changes.\n"
    },
    "80719": {
        "url": "/comment/80719",
        "comment": "I am strongly opposed to the changes proposed in Bill 23, particularly the changes restricting the  traditional process for including non-designated properties (that is, \"listed properties\") on a municipal heritage register.\nThe existing Heritage Registers contain thousands of properties that are listed. The accumulation of these listings represents a huge body of effort by citizens, historians, city staff, and past municipal councils over a period of several decades. This considerable effort should not be set aside.\nGiven that many early listings predated current regulations and approval processes, and given that listing is merely a tool to record the interest in a property as having potential heritage value, with minimal restriction on the continued changes to the property, it is not surprising that there is less than full information available about these listings. The amount of \u201ccatchup\u201d work to research and document the heritage attributes of these thousands of listings, to the standard now required of the Designation process, is beyond what is possible of municipal governments in the period set out ie 2 years.\nIf the Province is determined to cull the existing listed properties and reduce the future use of this tool - which I oppose on the merits, the listing process is constructive - there should be a much longer period of grandfathering - potentially up to 10 years - to allow interested parties to make the case for designation.\nLastly, the entirety of Bill 23 and particularly the impacts on the Heritage process are hugely slanted in favour of hungry developers who will gladly trade off the Province\u2019s heritage in favour of short term profit. This entire proposal is wrongheaded and I strongly oppose it.\n"
    }
}