{
    "80859": {
        "url": "/comment/80859",
        "comment": "Ontario\"s heritage is important to all who live here. Our heritage buildings and areas should be preserved and additional mechanisms enhanced. Protection of heritage buildings and areas should be enshrined and enhanced. This Bill will do neither of these things and is detrimental to the preservation of out history.\n"
    },
    "80864": {
        "url": "/comment/80864",
        "comment": "I am opposed to  this new legislation, as I fear that we will lose an important part of our heritage if it is enacted.  Over the years, we have lost so much of our built heritage to make way for new construction etc.  It is so important that we have these historical reminders of our past.  They bring our history to life for our children who are learning about our past in school.  It is also important for new immigrants to experience some of the history of their new home.\nFurthermore, the process of designating building is a cumbersome process that has mainly been left to volunteers on heritage communities with each community.  These changes, especially the delisting of properties that have not been designated after two years, will devalue all the decades of work by these volunteers.  I also am concerned that the Act will make it easier to remove properties from the register.  We need to protect our heritage.\n"
    },
    "80867": {
        "url": "/comment/80867",
        "comment": "Bill 23 only serves big business and big politicians.   The faster homes will not be affordable, heritage homes will be knocked down,  natural resources will be stripped, and towns and cities/towns will not recieve money needed  to provide infrastructure and resources for the people moving in.\nPlease stop Bill 23!\n"
    },
    "80905": {
        "url": "/comment/80905",
        "comment": "It is unclear how the proposed changes will help create more affordable or attainable housing. It is clear, however, that the changes threaten our heritage.\nThreatening our heritage also threatens our existing affordable housing. As many historic homes have been subdivided into multiple living units, their demolition will eliminate much-needed housing.\nThe communities that are under- represented, such as 2SLGBTQIA+, Indigenous, Black, and new Canadians, will be only further under-represented if the \"threshold\" for designation is changed to requiring at least two criteria being met.\nThis will make it almost impossible to protect our more humble buildings and places, and would help strengthen the already powerful bias towards the rich, white, European sociocultural and historic voice.\nThe changes to listing properties on the Municipal Heritage Register will place undue pressure on municipal staff and volunteers, especially in smaller municipalities. It is unrealistic to require listed properties to be designated within two years of being listed on the Municipal Heritage Register.\nThis requirement will put historic properties at risk because municipalities may not be able to enact by-laws to protect them in time.\nHistoric buildings are great options for conversion to affordable housing.  Located in older, established neighborhoods,  these buildings are often near public transit and have amenities within walking distance. Many have already been converted to multiple units and offer more affordable housing options. Putting historic buildings at risk, then, also puts affordable housing options at risk.\n"
    },
    "80920": {
        "url": "/comment/80920",
        "comment": "Paula Kulpa\nHeritage Branch\nMinistry of Citizenship and Multiculturalism\n400 University Avenue, 5th Floor\nToronto, ON M7A 2R9\nDear Ms. Kulpa,\nPlease accept the attached as supplement comments from the Greater Ottawa Home Builders\u2019 Association (GOHBA) and its members to our original submission of November 21, 2022, to the government\u2019s request for feedback on Proposed Changes to the Ontario Heritage Act and its regulations: Bill 23 (Schedule 6) - the Proposed More Homes Built Faster Act, 2022 (ERO #019-6196).\nSincerely,\nJason Burggraaf\nExecutive Director\n"
    },
    "80927": {
        "url": "/comment/80927",
        "comment": "RE: Follow-up to Bill 23 \u2013 Proposed Changes to the Heritage Act\nDear Minister Clark,\nDespite the passing of Bill 23, the Municipal Heritage Advisory Committee (MHAC) for the Township of Rideau Lakes still hopes that your appreciation of the heritage in the Township will lead you to support our concerns about Bill 23 and protect our heritage places.\nWe are concerned about the Bill\u2019s amendments to the Ontario Heritage Act in Schedule 6 of the Bill, and in particular that:\n\u2022\tSection 25.2, the new Subsection (3.1) gives the Minister excessive authority to intervene in the heritage designation process.\n\u2022\tSection 25.2 (7) and Section 71 give too much authority to the unelected Lieutenant Governor to override heritage standards and guidelines, to override heritage protections, and to establish regulations governing the Ontario Heritage Act.\n\u2022\tSection 27 (3) limits inclusion of a heritage property on the heritage register based on criteria that are, as yet, not defined.\n\u2022\tSection 27 (17) removes any requirement for a municipality to consult with its Municipal Heritage Advisory Committee before removing a property from the heritage register, putting many heritage places at risk.\n\u2022\tSection 27, in several subsections, changes the designation process, and limits that complex and important process to two years, and further disallows reconsideration of a property\u2019s inclusion on the register for five years, should it be removed from the register. Even without designation, a \u201clisted\u201d property on the heritage register is currently afforded some protections. Removal of a property from the register places it at great risk of demolition or serious loss of its heritage value.\n\u2022\tSection 29 places further restrictions on the designation process on the basis of as yet undefined \u201cprescribed events.\u201d It is expected that the \u201cprescribed events\u201d will include development applications.\n\u2022\tSection 41 places further restrictions on the designation of Heritage Conservation Districts, which are important ways for municipalities to protect streetscapes and neighbourhoods.\n\u2022\tSection 42 (1) removes protections of Heritage Conservation Districts against demolition or removal of structures within the district.\nWe are further concerned about the Bill\u2019s amendments to the Planning Act, in Schedule 9 of the Bill, and in particular that:\n\u2022\tSection 23 gives the Minister excessive powers to override a municipality\u2019s Official Plan.\n\u2022\tSection 51 diminishes public involvement by placing limits on public meetings.\nWhile it is clear that new homes are needed in Ontario, this point does not preclude the protection of heritage places. In fact, the retention and protection of heritage places may serve to enhance the appeal of new neighbourhoods. As well, there could be cost and environmental benefits to re-purposing or restoring existing heritage structures, rather than tearing them down and adding them to a landfill. With the current shortage of building materials, re-use of existing heritage structures may, in some cases, expedite housing development, while at the same time retaining the valued heritage character of our villages and hamlets.\nWe hope that you, as our MPP, will be in a position to address our concerns.\nKind Regards,\ne-signature\nSue Warren\nChair, MHAC\ne-signature\t\t\t\t\t\t\te-signature\nDiane Haskins \t\t\t\t\t\tKim Lulashnyk\nMember, MHAC\t\t\t\t\t\tMember, MHAC\ne-signature\nAllison Smith\nMember, MHAC\n"
    },
    "80930": {
        "url": "/comment/80930",
        "comment": "I am very concerned that the government has decided it is necessary to threaten heritage protection of buildings in order to build new housing.  It seems like an unnecessary and draconian wiping away of any impediment to developers putting up giant new condos.  I do know something about this, as a resident of downtown Toronto.  My neighbourhood has been transformed by the construction of huge - really huge - towers on tiny lots.    In the St. Lawrence area where I live, there is a development notice on every block.  Especially in the Old Town, i.e. the original 10 blocks of the Town of York.  The towers are tall.  They all have Shoppers Drug Marts and cannabis shops at street level. Some aspects of the street heritage on some has been maintained by the keeping of small parts of facades, but that is not heritage protection.\nWhy are you not promoting moderate densification in suburban areas instead?\nDowntowns are bearing the brunt of the development and, ironically, becoming ever less liveable as more thousands of people pour in.\nAnother perspective I bring to this is as a leader of architectural and historical tours for ROMWalks, a volunteer program of the Royal Ontario Museum.  For the past several years I have had the privilege of pointing out to interested citizens how certain buildings have been preserved and repurposed, with careful attention to their history, and have also pointed to sites where beautiful old buildings have been destroyed.  The ones that have been saved, we owe to the dedicated efforts of citizens who stepped up to counter the prevailing politicians of the day, and now those efforts are lauded and appreciated.  This is what heritage designation is for, to save us from ourselves!  From you!\nMaking it harder for municipalities to protect their heritage properties by increasing the criteria and decreasing the time will not help to create more housing.  Old buildings that are important to the history of communities are not the problem.  Developers and architects have shown that they can work with the fabric that is there to create interesting repurposed structures.   The recent solution that was found to the proposed demolition of the Foundry buildings in the West Donlands is an example.  Y'all were going to just bulldoze it in the middle of the night.  But when active citizens forced your hand, a proposal was approved that does get housing built and also protects the most historically valuable parts of the complex.    Why can't you just do that?  Talk to people.  People who are not NIMBYs, who want affordable housing built, but not at the expense of the history and heritage that is all of ours to enjoy into the future.\n"
    },
    "80935": {
        "url": "/comment/80935",
        "comment": "In my view the Greenbelt is an important piece of our heritage so it ought to be protected from development.\nOf particular concern is the parcel identified on Map 6 of the proposed amendments. It is west of Duffins Creek nearby Seaton Trail in Rouge Park.\nI urge you leave the entire Greenbelt intact but anything impacting the Rouge MUST be left out of proposed developments.\n"
    },
    "80952": {
        "url": "/comment/80952",
        "comment": "I find it cynical in the extreme to use our urgent need for affordable housing as the vehicle by which to enrich property developers and land speculators.  There is NO need for the Province to be micromanaging municipalities to 'expedite' the building of new residences, whether those destined to be owned or those that will be rented.  The Province is in no poosition to determine what is important in local areas in terms of heritage properties.  The Province rightfully provides targets for expected growth and ought to provite guidance re: safeguarding contryside lines, greenspaces, rarmland, wetlands and groundwater filtration areas (none of which did this Government consider, focusing on low densite in an effort to drive municipalities toward urban sprawl.  When municipalities creatively and effectively met the long term planning goals while protecting their local environments and managing growth in ways to that are mindful of costs to taxpayer and as well as to inclusion, quality of life, transportation options etc, this Government decided they'd done it wrrong, because developers were dismayed there'd be little if any new urban sprawl,  and that's the only reason we have this flurry of bills, laws and new regulations.   To be crystal clear, regardless of the spurious rationales offered, I absolutely oppose everything in this Bill and in all the other related bills, new legislation, and new regulations that take authority and autonomy away form duly elected local governments.\n"
    },
    "80963": {
        "url": "/comment/80963",
        "comment": "The South Shore Joint Initiative of Prince Edward County has cultural heritage as part of its mandate to protect the South Shore of Prince Edward County.\nIn this capacitiy we fully support the comments of the Architectural Conservancy of Ontario reproduced here.\nThe proposed changes threaten our heritage but won\u2019t lead to more truly affordable or attainable housing.\nThe change in the \u201cthreshold\u201d for designation, requiring that two criteria be met rather than one, will make it almost impossible to protect humble buildings and places associated with the historic contributions of Black, Indigenous, Franco-Ontarians, multicultural and 2SLGBTQIA+ communities in Ontario.\nThe changes to the Ontario Heritage Act, supported by the Minister of Citizenship and Multiculturalism, will stymie recognition of cultural diversity in Ontario.\nThe changes to the Municipal Heritage Register and listing undermine the importance of local planning, limit the ability of local Municipal Heritage Committees, and place undue pressure on municipal staff and volunteers to protect local heritage properties.\nForcing municipalities to designate all listed properties within 2 years or drop them from the Register is draconian and totally unrealistic. It will result in tens of thousands of listed sites losing what little protection they have.\nProperty owners shouldn\u2019t be forced to choose between listing and designation to recognize the heritage significance of their property.\nChanges to the Standards and Guidelines for the Conservation of Provincial Heritage Properties leave provincially owned landmarks such as Ontario Place vulnerable to the whims of politicians and developers.\nThe quickest way to create more housing is to re-use and adapt existing older buildings. Convert old schools to affordable apartments, for example, or homes for seniors. Fix and re-use our older neighbourhoods already serviced and connected by transit to offer affordable housing alternatives.\nConserving Ontario\u2019s heritage is of the utmost importance. Loss of heritage sites and our older buildings means loss of jobs in the renovation and tourism industries, and loss of our sense of place.  Destroying older buildings releases embodied carbon and contributes to climate change.\nJohn Hirsch\nPresident South Shore Joint Initiative\nBloomfield, Ontario\n"
    },
    "80989": {
        "url": "/comment/80989",
        "comment": "On behalf of Canada\u2019s four national heritage conservation NGOs \u2013 Canadian Association of Heritage Professionals, Indigenous Heritage Circle, ICOMOS Canada, and National Trust for Canada \u2013 we would like to express our grave concerns about the potentially devastating impacts the proposed changes to the Ontario Heritage Act in Bill 23 More Homes Built Faster Act will have on the province\u2019s irreplaceable cultural heritage, and to affirm the detailed concerns raised by our provincial counterparts, including: Architectural Conservancy of Ontario, Community Heritage Ontario, Ontario Archaeological Association, Ontario Association of Heritage Professionals, Ontario Business Improvement Area Association, Ontario Historical Society, and Shared Path Consultation Initiative.\nWhile we welcome the Ontario government\u2019s commitment to addressing the current housing crisis and the need for affordable, inclusive, and safe housing, and recognize the need to review and revise the existing heritage system, the proposed Bill 23 severely undercuts heritage identification and protection mechanisms and will have unintended consequences that will result in significant negative outcomes as well as greater property development delays and confusion. Moreover, substantial evidence from across Ontario shows that heritage conservation and housing development have been proven to be mutually beneficial and not in opposition to each other as the proposed Bill (and the Report of the Ontario Housing Affordable Task Force that proceeded it) would seem to suggest.\nHere are our key concerns, underscoring those already identified by our provincial heritage counterparts:\n\u2022\tThe natural environment and cultural heritage of the traditional territories of Indigenous communities will be adversely impacted by proposed measures in Bill 23. A lack of consultation and accommodation of the concerns of Indigenous communities risks violating their Inherent and Treaty Rights. Indigenous organizations have called on the Ontario government to pause their efforts on Bill 23 until consultation with First Nations, as rightsholders and treaty partners, has been adequately conducted.\n\u2022\tThe current bill does not address the inherent systemic barriers to building reuse which if removed would both create housing faster and eliminate the additional carbon footprint associated with new construction. Building code requirements/limitations, a lack of skilled trades, and tax system distortions currently impede the adaptive reuse of Ontario\u2019s existing buildings.\n\u2022\tIncreasing the threshold for listing and designation of heritage properties under Part IV of the Ontario Heritage Act will make it much more difficult to address reconciliation as well as issues of equity, diversity, and inclusion in the protection of cultural heritage resources in Ontario.\n\u2022\tBill amendments to the Ontario Heritage Act would mean that non-designated properties currently included (\u201clisted\u201d) on a municipal register would have to be removed if municipal council does not issue a notice of intention to designate within two years of the Act coming into force. This will greatly reduce the opportunity for communities to identify places of heritage significance, and dramatically increase the likelihood of their loss. Robust heritage resources inventories serve as a basic building block of any local /provincial historic preservation program and are an internationally recognized best practice.\nOur national heritage conservation organizations support intensification, including well-designed and planned infill as well as the conversion and rehabilitation of existing buildings as housing. We discourage any measures that would incentivize the demolition of existing buildings and impact both the environment and affordability. We would support tools that encourage subdivision of single unit homes into multi-family buildings and give credits for the reuse of existing buildings and materials or incorporating cultural heritage resources into new developments.\nGiven the magnitude of the changes to the Ontario Heritage Act proposed in Bill 23, consultation with heritage organizations, such as us and our provincial counterparts, is necessary. We urge you to undertake further review of the implications of the amendments prior to proclamation. We welcome the opportunity to share our technical expertise related to the Ontario Heritage Act amendments and proposed changes to the prescribed criteria for evaluating cultural heritage value or interest.\nYours sincerely,\nCanadian Association of Heritage Professionals\nIndigenous Heritage Circle\nICOMOS Canada\nNational Trust for Canada\n"
    },
    "81003": {
        "url": "/comment/81003",
        "comment": "Today, people travel the world to see major heritage buildings and landscapes.  People travel locally, to historic district for a variety of shopping, service and entertainment reasons.  From the brief description provided, it appears the MCM is seeking to undermine the heritage planning system, which will likely result in the destruction of buildings and landscapes.\nIssuing a NOID takes time, and it is unlikely most municipalities will be able to work through their entire register within the two year deadline.  The, as I understand the proposal, non-designated structures will fall off the registry and cannot be put back on for five years.  A smart developer could buy up lots of heritage structures, and then apply to tear them all down the day the two years are up. There would be no protection and  great gaps, like missing teeth, would be left in our cities and town. A precious sense of place will have been lost.  Tourism and service business will be left in declining neighbourhoods, and Ontarians will travel to Quebec to see preserved structures and communities.\nThere needs to be a longer bridge, from registry as a holding place to the new regime, to avoid the carnage of heritage structures likely to result from the proposal.\n"
    },
    "81005": {
        "url": "/comment/81005",
        "comment": "I have read the proposal, and I am dismayed at the regressive nature of this effort to impact and reduce the efficacy of Ontario's highly regarded and effective heritage legislation.\nIn the 1970s, I contributed to the conception and development of the base for heritage conservation and awareness in Ontario, and particularly in the Metropolitan Toronto area. Since then, Ontario's approach to heritage designation and management has established a strong standard and an enviable record in North America and worldwide.\nDiluting the Ontario Heritage Act is a move in the wrong direction, and it will encourage the destruction and devastation of the structures, vestiges, and landscapes that Ontarians have come to recognize and learn from, and treasure as their own. Ontario's heritage needs protection, not assault.\n"
    },
    "81012": {
        "url": "/comment/81012",
        "comment": "In general, this proposal to changes to the OHA is confusing and convoluted.  If this truly applies to provincially owned and culturally significant buildings, then the MCM would be the ultimate decision-maker.  However, it does seem to also apply to some privately owned buildings as it mentions \"property owners\" for which the MCM should have no input.\nIt is common knowledge that the Heritage Registers for most municipalities are woefully behind schedule, sometimes many years behind schedule because it takes knowledgeable and experienced individuals to perform the required assessments to put a building/bridge/park on the register.  The new legislation would be more credible if it offered the time, budget and experts to allow municipalities to complete their commitments to the register.\nOf course, people should have decent housing, but the demolition of Ontario's culturally distinctive features is NOT the answer.   Changing the regulations to allow faster demolition, with fewer requirements and oversight by the LGIC is NOT the answer either.  Once these buildings are destroyed, Ontario's history is also destroyed.  We have already lost too many important buildings in the name of 'development' or 'improvement'.  Please do not continue in this vein.   The only ones who prosper from these changes are the developers.\nMunicipalities are supposed to work in conjunction with the MCM as it pertains to Cultural Heritage Districts and make it easier to insert 'missing middle housing' in the middle of a CHD. Stop right there!!  Do you know/appreciate that many municipalities are able to prosper from the streetscapes, from the heritage buildings by participating in fundraisers, in films and movies (many studios coming from the US to use our protected spaces) and maintain the tax base which the province needs.   The changes you propose could drastically impact the ability for municipalities to prosper.\nThis last paragraph applies to all the proposals:  the province, the provincial Ministers and the LGIC have no intimate knowledge of the cities or towns where they propose to interfere.  They should not be able to simply blow into town and order the indiscriminate demolition of a building.  The decisions must be the responsibilities of the City Councils and the citizens of those towns.  They will decide how housing density goals will be met.  They will decide how and where to house newcomers.  Please remove these amendments as they do not support \"More Homes Built Faster\"; they only support \"More Buildings and History Destroyed Faster\".\n The province has no business meddling in the affairs of municipalities, when it is self-evident that the province has no idea what it is doing.\n"
    },
    "81020": {
        "url": "/comment/81020",
        "comment": "RE: The proposed introduction of enabling legislative authority that provides that the process for identifying provincial heritage properties under the S&Gs may permit the Minister of Citizenship and Multiculturalism to review, confirm and revise, the determination of cultural heritage value or interest by a ministry or prescribed public body respecting a provincial heritage property. I note that this change introduces significant uncertainty with respect to previously identified provincial heritage properties. Oftentimes, provincial heritage properties are landmark spaces and structures which have influenced the form, functionality, and identity of communities across Ontario for decades, sometimes centuries. By virtue of their stable provincial oversight and heritage protections, they are reliable points of reference for planning, tourism, recreation, and other aspects of community life. This proposed change raises the spectre of heavy-handed and arbitrary government intervention on these community landmarks, regardless of the process. Therefore, I suggest that this change only apply to new provincial heritage properties and not previously identified ones.\nRE: The proposed enabling legislative authority to exempt provincial projects from the S&Gs in application may unintentionally remove consideration for provincial heritage properties from the Ontario Heritage Act altogether. The sole purpose of Part III of the OHA is the establishment of the S&Gs as a flexible mechanism to identify and manage provincially owned and, in some cases, occupied structures. This legislation foregoes the more specific protections identified in Parts IV, V, and VI of the OHA, leaving the details of heritage management to the S&Gs. By exempting properties from all or part of the S&Gs, the government functionally removes these properties from the OHA altogether. The one exception would be properties with known archaeological sites. As currently composed, the S&Gs trigger archaeological assessments (exclusively so on properties without existing archaeological sites), require community and Indigenous engagement on government decision-making affecting heritage, and trigger and guide heritage assessments and conservation planning. The criteria for considering proposed exemptions, as currently laid out, are also so broad as to not represent limiting criteria at all.\nRE: The requiring of up-to-date municipal heritage registers on municipal websites. This is a positive change that will improve review times and predictability for developers and planners alike.\nRe: Removal of listed properties of heritage registers. The introduction of new limits on listed properties remaining on the municipal heritage register will require more deliberation when adding new properties. However, by retroactively starting a countdown on all existing listed heritage properties, municipal resources will be unnecessarily tied up for the next two years trying to sift through large existing registers to try and prioritize designations. This will result in more heritage designations in the short term. Please consider exempting previously listed properties from the two-year deadline to avoid this unanticipated consequence. Extending the window for previously listed properties could be another alternative.\nRE: Limitation of NOIDs to already listed properties when considered under a prescribed planning event. This change will force municipal heritage planners to proactively list and designate heritage properties regardless of whether a development application exists and when compounded with other changes. These activities will create a strain on municipal capacities and increase, rather than decrease, delays, particularly in the short term.\nRE: Proposed legislative authority to repeal or amend HCDs. This proposed change fills a gap in HCD planning and allows municipalities to maintain heritage districts while keeping pace with modern climate-friendly building materials and practices.\n"
    },
    "81022": {
        "url": "/comment/81022",
        "comment": "Whereas Puslinch Council remains significantly concerned with the legislative changes in Bill 23, in addition to comments previously submitted by Puslinch Council, Council resolved as follows;\nPuslinch Council submits the following additional formal comments:\nProposed Changes to the Ontario Heritage Act and its regulations: Bill 23 (Schedule 6) - the Proposed\nMore Homes Built Faster Act, 2022 ERO No. 019-6196;\nTownship of Puslinch Comments: The proposed changes would jeopardize retaining heritage buildings. The Township of Puslinch has serious concerns with the proposed changes as they will cause the loss of historical significant buildings. Given the time constraints for submitting fulsome comments, the Puslinch Council requests that an extension of time be granted in order to provide more detailed comments; and\nIn the event that an extension is not possible, that current properties on the Township of Puslinch Heritage Register be grandfathered and that any new proposed addition to the register adhere to the new legislative changes.\n"
    }
}