{
    "65743": {
        "url": "/comment/65743",
        "comment": "I am strongly opposed to the portions of Bill 23 that would significantly weaken the Ontario Heritage Act and undo years of work put in by volunteers from across the province over the past 20 years.\nThe proposal to require listed properties to be designated within 2 years or lose their listed status will not advance the government's agenda of \"building more homes faster\", but will weaken a key part of the heritage tool kit that offers a measure of protection for properties having significant cultural heritage value.\nI speak from experience as a qualified heritage professional with many years of experience serving on a municipal heritage committee, as well as provincial heritage organizations.\n"
    },
    "65753": {
        "url": "/comment/65753",
        "comment": "I write as a former City of Hamilton Councillor (11 years, including roles as a member of the Municipal Heritage Committee and Hamilton Conservation Authority Chair), and professional planner by training.\nFrom my terms on Council sitting on Planning Committee, I know there are a number of ways to streamline the planning process, with next to no value-added from some of the review. While it is imperative that housing continue to be built in Ontario, it is equally critical to accept that the dual crises of climate change and loss of biodiversity mean that we must plan sustainably.\nWetland are key to this, storing water during increasingly frequent torrential downpours, releasing water during also frequent droughts (as I write the main river system in Hamilton, Spencer Creek is running dry due to lack of rain). Wetlands provide critical habitat for a variety of species throughout heir life cycles - and of course, we have already lost over 75% of wetlands in southern ON - we cannot afford to lose more. In this vein, Ontario's Conservation Authorities are renowned around the world with their watershed planning approach, invented in the months after Hurrican Hazel.\nFor climate change reasons,, municipalities need greener building code standards (as Toronto has demonstrated) - houses built today will be with us for 50+ years at a time when our communities are required to be net zero for greenhouse gas emissions. Site Plan control is necessary to ensure new intensification-style  evelopment fits into the character of existing neighbourhoods, respecting cultural heritage.\nLastly, public consultation processes including the ability of neighbourhood groups and environmental groups to participate in planning appeals is a key part of our democracy in Ontario. Any efforts to narrow the public's involvement in the planning process should be resisted.\nI urge you NOT to advance these changes, but instead look for planning process changes that would speed up the process of housing. Thanks for the opportunity to comment.\n"
    },
    "65762": {
        "url": "/comment/65762",
        "comment": "I like having an easy to access register, but I think the proposed changes make it very easy to have a property removed, and difficult to have it relisted. Heritage properties are at risk of demolition by neglect and we should be going after landlords who intentionally leave heritage buildings vacant and want it redeveloped.\n"
    },
    "65888": {
        "url": "/comment/65888",
        "comment": "I wholeheartedly disagree with this change to the Ontario Heritage Act. This change significantly negatively impacts protections for built heritage in Ontario, as well as environmental protections. I want more affordable homes for Ontario citizens, but not at the expense of the environment, built heritage, and the rights of municipalities to protect existing affordable housing. This government's decisions are short sighted and do not account for actual low income people, or the impacts on the environment and or the heritage within our province. This government only has a majority because the most recent election had the lowest voter turn out in our history; therefore they do not actually have the mandate they believe they have, and which they use to make these awful policies.\n"
    },
    "65939": {
        "url": "/comment/65939",
        "comment": "I think that Bill 23 is very problematic in many ways. In general, it seems to simplify the solution for needed housing by encouraging and supporting market economy development as the driving force for growth, and it reduces the power that other stakeholders have in negotiating the goals and means of these projects. Developers work largely for capitalist gain. This can put developers at odds with other values and goals in a municipal or rural area. Some of those other values include sustainability through nature conservation and the preservation of agricultural lands, so important to the continued sustainability of basic urban and rural livelihoods. The fact that developers work for economic profit over other goals is why municipalities have laws to recognize the rights of other values to thrive in cities. We do, absolutely, need housing, but this idea (in Bill 23) to meet our needs through the economic drive of developers can fail miserably. For example, most of the housing needed today is affordable housing. But developers make very little project on that, so developers favor luxury, high-end housing. This is not going to solve our housing crisis, as many of the luxury housing market serves as \"investments,\" which sometimes are not even lived in. In this role as investment, luxury housing/condos also often serves as a second house (or more). What this Bill really fails to put upfront is the need for any new housing to be affordable housing (which could in fact be partially solved [I believe] with a more creative approach to retrofitting and renovating existing buildings [sometimes not even housing--sometimes commercial, or otherwise] into affordable housing.\nSome developers find lucrative not only luxury housing--such as condos--but also tract housing. But this kind of housing is only profitable on inexpensive land--which means developers look for this land outside of the high real estate prices of urban centres and instead buy land on the periphery. But this is where a good amount of our rich agricultural land is located--which, through development, is being shrunk and pushed farther from cities. This is just not sustainable. We expect to increase the housing while diminishing the agricultural land that feeds people? This is precisely what is happening and it is a short-term solution which could lead to serious food shortages, as farmers (who actually have very little political power, unfortunately) have pointed out for decades. Some of the land on the periphery of cities has been conserved for wildlife habitats, and here again it seems that this Bill puts the power in the hands of developers over conservation authorities. This land seems to be viewed as an indulgence that we can live without, something that this Bill could allow. But we can't live without it. Birds, insects, other wildlife, wetlands, streams, and forests are not just an indulgence for weekend hikers and bird-watchers. Our entire ecosystem has been damaged and disrupted by loss of food and habitat for wildlife. Insects, for example, pollinate our plants which allows them to fruit. Wetlands provide buffers to flooding and purify our water. Plants, animals, and soils sustain us, but they will not be able to do this much longer if we destroy them. This Bill certainly seems to put nature in a precarious place, where a balance of perspectives is abandoned for (again) power in the hands of developers.\nOverall, I think Bill 23 is very flawed in the imbalance of power it will produce.\nRegarding Schedule 2 of Bill 23, I would support its removal and replaced instead with the following:\nAllow Municipalities to continue voluntary agreements with Conservation Authorities.\n    Continue to allow municipalities to use existing expertise within Conservation Authorities while saving time and money for applicants.\n    Development subject to Planning Act authorizations should not be exempt from Conservation Authority permits, and CA regulations should not be delegated to municipalities where there is no organic capabilities.\n    Watersheds, and not municipal boundaries, should continue to be the scale used to assess natural hazards.\n    The multi-stakeholder Conservation Authority Working Group should continue working with the Province to provide solutions for shared goals and objectives.\n    Conservation Authority development fees should not be frozen since they are based on cost recovery.\nThank you.\n"
    },
    "66251": {
        "url": "/comment/66251",
        "comment": "Although the preservation of Ontario's cultural heritage is arguable less vital than the protection of its natural and agricultural heritage, it contributes significantly to the identity of the province through its built legacy. Identity, as we are learning from the Indigenous peoples of this continent is the foundation for mental health, and that is not something we should sacrifice any more than any other vital asset for the fiction that all we need in Ontario is more homes faster.\n"
    },
    "66640": {
        "url": "/comment/66640",
        "comment": "I am very concerned that our provincial government is cutting protections we have in place that provide a balance between protecting our cultural and environmental heritage, and the need for affordable housing. Lands that have been protected or would be subject to regulation will now be open for development -  there are other lands that can be used for these purposes. I\u2019m also concerned that this will pave the way to line the pockets for speculative developers. Please reconsider these proposals !\n"
    },
    "66874": {
        "url": "/comment/66874",
        "comment": "I beg you to please respect our green spaces and our heritage buildings when considering new builds.\nThe environment cannot tolerate more abuse\u2014those lands and those heritage properties were protected for a reason. There are other spaces available to builders that are already approved.\nBuild where it\u2019s already approved and use mixed use buildings to meet housing targets. Remove the ability of speculators and foreign investors to drive up pricing while more and more Ontarians cannot afford housing.\n"
    },
    "66909": {
        "url": "/comment/66909",
        "comment": "I would to post a comment on this proposed Bill.  This Bill is merely an attempt to give developers free rein to take over properties that have been protected over the years by the Ontario Heritage Act.  As a primarily rural area, the bulk of designated properties in our County are not properties that would have any importance for the development of housing complexes.  They are instead private residences.  This Bill is shameless profiteering on the backs of preserving our historically important properties for future generations.\n"
    },
    "68326": {
        "url": "/comment/68326",
        "comment": "This entire bill is damaging in many ways:\n1. The legislation will  weaken wetland protection, gut conservation authority powers, and impinge on the GTA Greenbelt will cause environmental harm\n2. The legislation overrules more than a year of City staff and community work on a new Official Plan for Ottawa. Addition of new area within the urban boundary will cause more sprawl, more GHG emissions and create additional expense that will need to be borne by all ratepayers.\n3. The legislation overrides the principle that growth should pay for growth. Exiting communities will pay for sprawl that no-one wants.\n4. Weakening of parkland and community benefit requirements associated with new developments will lead to lower quality of life for all residents.\n5. Heritage protection in Ontario was weak and has been further weakened. Gutting of the heritage register is unconscionable.\n6. It is questionable that the legislation will achieve its purported goal: making housing more affordable.\nIn short this legislation will lead to more sprawl, more environmental degradation. uglier environments, reduction of greenspace and environmental benefits, and the loss of irreplaceable heritage structures and landscapes, all for the benefit of a handful of land speculators and developers. Furthermore, the bill was cynically introduced at a time of transition at the municipal level and was never spoken of in the recent provincial election. Public consultations will not be held in most of the Province. Shame!\n"
    },
    "68394": {
        "url": "/comment/68394",
        "comment": "Ontario\u2019s Bill 23 is an open demolition permit designed to systematically destroy or render ineffective all the policy and planning tools and resources municipalities have to guide growth and protect built and natural heritage.\nMany of the Bill 23 proposals specifically target the existing stock of built and natural heritage. Existing designated heritage buildings will lose their current protections, and future designations will undergo complex yet ambiguous qualifying criteria, thereby greatly diminishing the range and number of protected properties.\nAlso threatened are all listed properties on Heritage Registers \u2013  the proposal that those listed on the register could be protected by designation would make sense, but only if there were previsions to greatly increase the municipal heritage staff and to greatly increase the time limit. These required staff and time increases have not been provided, and as a result, these properties will be at risk as they will lose listed status and lose any record of ever being considered worthy of heritage designation.\nHeritage Conservation District plans will be endangered. Existing HCDs would be subject to a process that would allow Heritage Conservation District Plans to be amended or repealed, again throwing away countless years of municipal work, and leaving them exposed to policy-free development. The creation of any future HCD is questionable as they would be subject to non-specific proposed regulations.\nThe loss of the municipality\u2019s ability to issue an Intention to designate a heritage property at risk removes a valuable tool from the municipality, a tool that has been used in exceptional circumstances to preserve exceptional heritage.\nBill 23 proposes changes that eliminate both the public voice; public meetings will no longer be required for applications for approval of a draft plan of subdivision, and the threat of being found for costs in Ontario Land Tribunal procedures will effectively restrain the public voice. These are just two of the many ways that the public is to be excluded.\nThese are a small sampling of the questionable Bill 23 proposals that will tie the hands of municipal staff and volunteers Bill 23 has the power and seemingly, the intent to destroy our heritage, both natural and built, and create a future free of the municipal tools needed to control development in a manner that makes our municipalities livable.\n"
    },
    "68428": {
        "url": "/comment/68428",
        "comment": "Bill 23, as presented, fails to address the stated goals of increasing housing supply, housing affordability, and improved process and instead will result in the loss of environmental protections, heritage conservation, urban design, and accountability to the public, in addition to severe financial implications for the City of St. Catharines and Region of Niagara, as follows:\na. Removing conservation of land and protection of significant environmental features, allowing development within protected areas worthy of protection.\nb. Limiting tools for conservation of heritage resources.\nc. Removal of primary quality control mechanism to promote good design.\nd. Loss of cohesive Regional systems oversight with the removal of the Region of Niagara from review and approval of planning applications and Official Plan creation.\ne. Elimination of appeal rights for the public on Planning Act applications and reduction in overall public consultation and involvement.\nf. Transfer of financial responsibility from private developers to the individual property taxpayer.\ng. 73% of the City\u2019s projected growth for the next 30 years is now to be accommodated in 10 years, despite the building industry\u2019s inability to deliver.\nCouncil for the City of St. Catharines requests the Province defer passage of Bill 23 until such time as further evaluation, analysis, and meaningful consultation has occurred with municipalities, AMO, Niagara Region, ROMA, RPC, NPCA, Conservation Ontario, OPPI, MFOA, and OBCM.\nCouncil for the City of St. Catharines strongly recommends that substantial Provincial investment be provided to support municipalities to fund anticipated infrastructure upgrades to accommodate new intensification goals and compensate for decrease of development charge funding opportunities as outlined in the proposed legislation.\n"
    },
    "68634": {
        "url": "/comment/68634",
        "comment": "Comments on proposed revision of the Ontario Heritage Act and its regulations: Bill 23 (Schedule 6) \u2013 the Proposed More Homes Built Faster Act, 2022. ERO Registry Number 019-6196\nThe proposal states that,\n\u201cThe goal of the proposed changes is to renew and update heritage policies, some of which haven\u2019t been reviewed in over a decade, to reduce red tape and remove barriers that are slowing down housing construction and other priority projects while continuing to conserve and commemorate key heritage properties that matter most to local communities.\u201d\nThis \u201cgoal\u201d as stated is based on the false assumption that heritage preservation and new housing construction are somehow antithetical. They are not. There are many examples of new housing and increased density in heritage buildings and neighbourhoods in Ontario. Additions can be put on existing buildings. Single family dwelling have been converted into duplexes, triplexes and condos.  Former factories have been turned into lofts, former churches and schools into multi-unit apartments and condos. Heritage districts have accommodated new apartment buildings, all while preserving heritage character and links to the past.  There are many examples of renewed heritage neighbourhoods with increased densities. Look at the Distillery District or St. Lawrence Market area in Toronto. These are thriving communities and popular tourist destinations. These projects were not happy accidents but the result of time consuming and careful application of heritage preservation planning.\nThe governments proposed \u201cgoal\u201d to increase housing starts while \u201ccontinuing to conserve and commemorate key heritage properties that matter most to local communities\u201d ignores the statement on the official Ontario.ca website under the heading, \u201cLearn about how we support heritage conservation.\u201d It says \u201cThe Government of Ontario recognizes that the province\u2019s heritage tells us who we are, where we have come from and what we have accomplished. This knowledge is a source of strength and confidence.\u201d The concept put forward in this proposal to update the Ontario Heritage Act is that we only \u201ccontinue to commemorate key heritage properties that matter most to local communities.\u201d This is a severe new restriction of the purposes of the Heritage Act which protects all heritage identified, evaluated and designated by local municipalities.\nOur sad state of affairs regarding the lack of available housing has many sources, not the least of which was the cancellation of Federal funding for social housing during the mid-1990s by the Liberal government and the subsequent downloading of social housing funding to local municipalities by the Ontario government. Heritage planning is not a barrier to increasing housing, lack of funding is.\nThe proposed changes to the section of the OHA dealing with municipal heritage registers is ignoring the primary purpose of these registers which is to facilitate the planning process to renovate or develop properties with suspected heritage value in an efficient manner while still protecting what is of potential public value in them.   Registers are meant to provide an early warning system to owners and prospective owners that a property has possible heritage value that may have to be taken into consideration when planning for alteration or demolition. A register is not supposed to be a list of properties of known value and worthy of designation but just a list of properties that should be considered for designation if necessary.\nThe government is now proposing to weaken the purpose of registers while making them so onerous for municipalities to maintain that they would basically no longer be worth retaining.\nThe proposals are the following;\no\tNon-designated properties currently included on a municipal register would have to be removed if council does not issue a notice of intention to designate (NOID) within two years of the amendments coming into force. Non-designated properties included on the register after the proposed amendment comes into force would have to be removed if council does not issue a NOID within two years of the property being included.\no\tIf removed from the register under any of the above three circumstances, the property cannot be relisted for a period of five years.\nThe expectation here that cash strapped municipalities will suddenly move to research report and designate 100s of properties in a few years is ludicrous and financially impossible. What it will do is wipe out all the work (and expense) that went in to making the listings in the first place. Some municipalities have hundreds, if not thousands of listings, this effectively removes the usefulness of the early warning value and would effectively end the process of maintaining heritage registers.\nThe further proposal not to allow municipalities to designate in the face of a proposal to demolish or alter unless the property is already on a register is the final nail in the coffin of the Ontario Heritage Act. It would soon make it impossible for municipalities to protect their heritage character. The proposals destroy the ability of municipalities to avoid \u201c\u201ddesignation decisions being made late in the land use planning process\u201d  and they penalize them again by making it impossible to designate unless the property is already listed, The term \u201cCatch 22\u201d comes to mind\u2026\nIs all this really necessary to assist the addition of new housing? Or rather is it intended  to lower costs and increase profits for a small number of individuals who are building any developments, housing related or not, at the expense of the wishes of local communities?\nThe government also proposes, \u201cAn increase in the threshold for designation of individual properties and new limitations on designation for properties subject to proposed development.\u201d\n\u201cMCM is proposing to provide further rigour in the designation process by increasing the threshold by requiring that a property meet two or more of the criteria prescribed in regulation.\u2019\u2019\nWhile I suspect that most designated property will easily meet two criteria there are examples of important heritage properties that only meet one criterion. What about a little chapel moved to a new location that was built by black settlers who followed the freedom trail to Ontario? What about the childhood home of Wayne Gretsky that is in a modest subdivision of Brantford? Are these not of sufficient importance to deserve recognition and protection? The OHA enables municipalities to identify and protect their heritage properties and to defend them in an appeal process, why restrict their decision making further?\n"
    }
}