{
    "101385": {
        "url": "/comment/101385",
        "comment": "This proposal is a reasonable proposal which allows for longer-term clarity on the status and future of the cottage lot program. The program has been an integral part of Rondeau Provincial Park since its foundation, and the historic use of the park for cottaging should continue to be considered. Lease holders provide significant economic activity to the park and local community, and are great stewards of the parks sustainability and conservation. Providing longer term clarity on the status of the leases will give lease holders line of sight for continued improvement and maintenance of cottage lots in accordance with the rules and regulations of the Rondeau Park plan.\n"
    },
    "101388": {
        "url": "/comment/101388",
        "comment": "I support the proposal in ERO 019-8289 to extend the lease terms for cottages in Rondeau Park until at least 2038. The original 1894 Park charter recognized the cottage community as a key part of the park's purpose, and it has been a vital component since the park's founding.\nAny new leases or lease extensions should be fair and reasonable, avoiding punitive economic terms that could lead to eviction. The Rondeau Cottagers Association should be involved in developing these new agreements.\nThe decision in ERO 011-1300, made on December 20, 2019, promised to consult on a new proposal for long-term cottage occupancy. I eagerly await this proposal and the opportunity to discuss and develop a sustainable solution for the future of the cottage community in Rondeau Park.\n"
    },
    "101390": {
        "url": "/comment/101390",
        "comment": "The decision in ERO 011-1300, made on December 20, 2019, committed to consulting on a new proposal for long-term cottage occupancy. W eagerly anticipate this proposal and the opportunity to collaborate on developing a sustainable future for the cottage community in Rondeau Park.\nAny new lease agreements should be equitable and avoid excessive financial burdens that could lead to eviction. The Rondeau Cottagers Association should be actively involved in negotiating these terms.\nI support the proposal in ERO 019-8289 to extend the lease terms for cottages in Rondeau Park until at least 2038. The original 1894 Park charter recognized the historical significance of the cottage community and its integral role in the park's identity.\n"
    },
    "101391": {
        "url": "/comment/101391",
        "comment": "Imagine a serene summer day at Rondeau Park, the sun dappling through the trees as you relax on your chair while watching the kids run around and play. This idyllic scene has been a reality for generations of cottagers who have called Rondeau Park home.\nNow, faced with the uncertainty of their future, the Rondeau Cottagers Association is fighting to preserve this cherished way of life. We urge the park authorities to reconsider the proposed lease terms and extend them until at least 2038.\nThe original 1894 Park charter recognized the cottage community as an integral part of Rondeau Park's heritage. For over a century, cottagers have contributed to the park's vitality, preserving its natural beauty and supporting local businesses.\nWe believe that fair and reasonable lease agreements can be negotiated that ensure the long-term viability of the cottage community while protecting the park's natural environment. The Rondeau Cottagers Association is committed to working with park authorities to develop a sustainable solution that benefits everyone.\nLet's work together to safeguard the future of Rondeau Park and the cottage community that has called it home for generations.\n"
    },
    "101392": {
        "url": "/comment/101392",
        "comment": "We believe that the cottage community is an integral part of Rondeau Park's heritage and that it should be preserved for future generations. To ensure the long-term viability of the cottage community, we urge the park authorities to reconsider the proposed lease terms and extend them until at least 2038.\nWe are open to working collaboratively with park authorities to develop fair and reasonable lease agreements that protect the interests of both the park and the cottage community. By preserving the cottage community, we can continue to enrich the experience of visitors to Rondeau Park and ensure its continued success as a cherished natural heritage site.\nLet's work together to safeguard the future of Rondeau Park and the cottage community that has called it home for generations.\n"
    },
    "101393": {
        "url": "/comment/101393",
        "comment": "The cottage community has been an integral part of Rondeau Park's heritage for generations. To ensure its continued existence, we advocate for the extension of lease terms until at least 2038.\nWe are open to collaborating with park authorities to create equitable lease agreements that safeguard both the park and the cottage community's interests. By preserving the cottage community, we can enhance the overall visitor experience at Rondeau Park and maintain its status as a cherished natural heritage site.\nLet's work together to protect the future of Rondeau Park and the vibrant cottage community that has thrived within its borders for so long.\n"
    },
    "101394": {
        "url": "/comment/101394",
        "comment": "The cottage community is a cornerstone of Rondeau Park's heritage, a legacy that spans generations. Its survival is at stake. We implore park authorities to extend lease terms until at least 2038.\nWe are ready to collaborate with park authorities to forge equitable lease agreements that safeguard both the park and the cottage community's interests. By preserving the cottage community, we can enrich the visitor experience at Rondeau Park and uphold its status as a cherished natural heritage site.\nLet us unite to protect the future of Rondeau Park and the vibrant cottage community that has thrived within its borders for so long. The time for action is now.\n"
    },
    "101395": {
        "url": "/comment/101395",
        "comment": "Let us unite to protect the future of Rondeau Park and the vibrant cottage community that has thrived within its borders for so long.\nThe cottage community is a cornerstone of Rondeau Park's heritage, a legacy that spans generations. Its survival is at stake. We implore park authorities to extend lease terms until at least 2038, as outlined in ERO 019-8289.\nWe are ready to collaborate with park authorities to forge equitable lease agreements that safeguard both the park and the cottage community's interests. By preserving the cottage community, we can enrich the visitor experience at Rondeau Park and uphold its status as a cherished natural heritage site.\n"
    },
    "101396": {
        "url": "/comment/101396",
        "comment": "1)  I support the proposal in ERO 019-8289 to amend the Rondeau Park Management Plan to allow cottages to remain in Rondeau Park until at least 2038. The original 1894 Park charter describes the cottage community as one of the two reasons the Park was created and the Heritage Cottage Community has been integral to the park since its very inception.\n2)  New leases or extensions, as part of this initiative, must have reasonable terms and conditions and not be driven to achieve eviction of the cottagers by punitive economic terms. New lease agreements must be developed in consultation with the Rondeau Cottagers Association.\n3)  The decision for ERO 011-1300 posted on December 20, 2019 stated that \u201cOur final policy decision respecting this proposal will allow us to consult on a proposal for a new option for the long-term occupation of cottage lots. We expect to post a new proposal on the Environmental Registry of Ontario early in 2020\u201d. The cottage community is anxiously awaiting this outstanding proposal and to have discussions to develop the long term cottage tenure solution.\n4) Any new lease agreements should contain an automatic renewal clause, which existed in previous lease agreements.\n"
    },
    "101397": {
        "url": "/comment/101397",
        "comment": "I support the proposal of extending the Rondeau Park  cottage leases to at least the end of 2038.\nMy family has been going to our cottage at Rondeau my whole life. I\u2019m 57 years old, met my wife at Rondeau and my 4 kids love the park. I\u2019m looking forward to many more years of making memories with my kids and their families.\n"
    }
}