{
    "101078": {
        "url": "/comment/101078",
        "comment": "Good Morning,\nI support the proposal in ERO 019-8289 to amend the Rondeau Park Management Plan to allow cottages to remain in Rondeau Park until at least 2038. The original 1894 Park charter describes the cottage community as one of the two reasons the Park was created and the Heritage Cottage Community has been integral to the park since its very inception.\nNew leases or extensions as part of this initiative must have reasonable terms and conditions and not be driven to achieve eviction by punitive economic terms. New lease agreements must be developed in consultation with the Rondeau Cottagers Association.\nThe decision for ERO 011-1300 posted on December 20, 2019 stated that \u201cOur final policy decision respecting this proposal will allow us to consult on a proposal for a new option for the long-term occupation of cottage lots. We expect to post a new proposal on the Environmental Registry of Ontario early in 2020\u201d. The cottage community is anxiously awaiting this outstanding proposal and to have discussions to develop the long term cottage tenure solution.\n"
    },
    "101082": {
        "url": "/comment/101082",
        "comment": "I support the proposal in ERO-019-8289 -- to allow the cottages to remain in Rondeau Provincial Park until at least 2038. I would hate to see unreasonable rate changes designed to force the cottagers out. This is our community park, as well as a Provincial Park, and many in the community have cottages there -- it may not be true elsewhere, but cottages have been a vital part of the mix in Rondeau Park since the very beginning, and with Provincial approval until now.\n"
    },
    "101087": {
        "url": "/comment/101087",
        "comment": "I support the proposal to allow cottages to remain in Rondeau Park until at least 2038. Our family has enjoyed long history within the park, within the cottage community and the park\u2019s beautiful natural setting, and hopes to continue to do so into the future. Our cottaging family looks forward to participating in future discussions about long-term arrangements for occupancy of cottage lots, that we can continue to afford.\n"
    },
    "101088": {
        "url": "/comment/101088",
        "comment": "I am in total support of the proposal in ERO 019 8289 to allow the Heritage cottages in Rondeau Park to remain until 2038.  The details of these leases should be developed in consultation with the Rondeau Cottagers Association and should have reasonable terms and conditions.  In 2019 it was stated that a LONG TERM occupation of cottage lots will be developed in the future.  It is hoped that these LONG TERM lease details will come to light in the near future.\n"
    },
    "101090": {
        "url": "/comment/101090",
        "comment": "Hello!,\nI am writing to voice my enthusiastic support of the proposal to allow cottagers to remain in Rondeau Provincial Park until at least 2038.  I have spent summers at Rondeau for over 50 years and my wife and three daughters will tell you it has been one of the best parts of all of their lives.\nRondeau was created in part to support cottaging and the enjoyment of nature.  Continuing this heritage community is going to be beneficial to the entire Chatham Kent area.  Thank you for your consideration and action on this matter.\n"
    },
    "101091": {
        "url": "/comment/101091",
        "comment": "Hello,\nI am writing to highlight that I am strongly in favour of and support cottages remaining in Rondeau Provincial Park. I am for the lease extensions outlined in the ERO 019-8289 proposal. My reasons for support in favour are as follows:\n1)  I support the proposal in ERO 019-8289 to amend the Rondeau Park Management Plan to allow cottages to remain in Rondeau Park until at least 2038. The original 1894 Park charter describes the cottage community as one of the two reasons the Park was created and the Heritage Cottage Community has been integral to the park since its very inception.\n2)  New leases or extensions as part of this initiative must have reasonable terms and conditions and not be driven to achieve eviction by punitive economic terms. New lease agreements must be developed in consultation with the Rondeau Cottagers Association.\n3)  The decision for ERO 011-1300 posted on December 20, 2019 stated that \u201cOur final policy decision respecting this proposal will allow us to consult on a proposal for a new option for the long-term occupation of cottage lots. We expect to post a new proposal on the Environmental Registry of Ontario early in 2020\u201d. The cottage community is anxiously awaiting this outstanding proposal and to have discussions to develop the long term cottage tenure solution.\nThank you and we look forward to receiving the proposal indicated above. Thank you.\n"
    },
    "101093": {
        "url": "/comment/101093",
        "comment": "I support the proposal in ERO 019-8289 to amend the Rondeau Park Management Plan to allow cottages to remain in Rondeau Park until at least the end of 2038.\nCorresponding new leases or extensions related to this amendment should be done immediately. They should have reasonable terms and conditions which are an indirect way of evicting Cottagers with punitive economic terms and conditions.\nLastly, awaiting a new option for the long term occupation of cottage lots stated in decision for ERO 012-1300 and agreed to by Environment Minister and Chatham Kent Mayor in 2019.\n"
    },
    "101097": {
        "url": "/comment/101097",
        "comment": "I am in support of the proposal in ERO 019-8289 to allow cottages to remain in Rondeau Park through the end of 2038.\nThe decision for ERO 011-1309 for a new option for the long term occupation of cottage lots remains my expectation. At the time of the decision in 2019, the Environment Minister and Chatham Kent Mayor had agreed to the sale of cottage lots and the transfer of commensurate land area to Ontario from Chatham Kent.\nInterim corresponding lease extension should be initiated immediately while the policy for long term occupation of cottage lots is finalized and implemented.\n"
    },
    "101101": {
        "url": "/comment/101101",
        "comment": "Our household is writing in support of ERO 019-8289 to maintain the cottage community in Rondeau Provincial Park until at least 2038.  The cottage community was core to the 1894 park charter and has maintained a continuous and beneficial relationship with the park since its inception.\nMoving forward we hope and anticipate that any new leases or lease extensions be developed in partnership with the Rondeau Cottagers Association.  This will help ensure a balanced outcome consistent with the needs of the park and in recognition of maintaining a vibrant heritage cottage community.\n"
    },
    "101109": {
        "url": "/comment/101109",
        "comment": "I am in support of the proposal in ERO 019-8289 to amend the Rondeau Park Management Plan to allow cottages to remain in Rondeau Park until at least 2038. One of the reasons the park was created was for cottages and they have been a part of the park for many years. A lease extension would give them stability for some years to come. Of course, the lease extension would come with new terms and I would hope that they would be worked out with the Rondeau Cottagers Association that exists. Any fee increases should be reasonable and manageable for the cottagers.\n"
    },
    "101112": {
        "url": "/comment/101112",
        "comment": "I support the proposal in ERO 019-8289 to amend the Rondeau Park Management Plan to allow cottages to remain until 2038.  I believe that the new leases or extensions must have reasonable terms and conditions after consulting with all parties involved.  As a cottage leasee, we are anticipating the results of the ERO 011-1300 proposal so that we can begin thinking about a long-term plan.\n"
    },
    "101115": {
        "url": "/comment/101115",
        "comment": "I SUPPORT the proposal in ERO 019-8289 to amend the Rondeau Park Management Plan to allow cottages to remain in Rondeau Park until at least 2038.\nThis is based on the original 1894 Park charter that described the cottage community as one of the two reasons the Park was created.\nThank You,\nA Rondeau cottager supporter\n"
    },
    "101116": {
        "url": "/comment/101116",
        "comment": "I SUPPORT the proposal in ERO 019-8289 to amend the Rondeau Park Management Plan to allow cottages to remain in Rondeau Park until at least 2038.\nThis is based on the original 1894 Park charter that described the cottage community as one of the two reasons the Park was created.\nThank You,\nA Rondeau cottager supporter\n"
    },
    "101119": {
        "url": "/comment/101119",
        "comment": "I support the lease extension at Rondeau Park ERO 019-8289 allowing the Heritage Cottages to remain until at least 2038.  It is hoped that the government will work with the Rondeau Cottagers Association to come up with a fair agreement.  I also hope that the promise of a permanent lease will come to fruition.\n"
    },
    "101121": {
        "url": "/comment/101121",
        "comment": "I SUPPORT the proposal in ERO 019-8289 to amend the Rondeau Park Management Plan to allow cottages to remain in Rondeau Park until at least 2038.\nThis is based on the original 1894 Park charter that described the cottage community as one of the two reasons the Park was created.\nThank You,\nA Rondeau cottager supporter\n"
    },
    "101122": {
        "url": "/comment/101122",
        "comment": "I absolutely SUPPORT the proposal in ERO 019-8289 to amend the Rondeau Park Management Plan to allow cottages to remain in Rondeau Park until at least 2038.\nThis is based on the original 1894 Park charter that described the cottage community as one of the two reasons the Park was created.\nThank You,\nA Rondeau cottager supporter\n"
    }
}