{
    "101317": {
        "url": "/comment/101317",
        "comment": "I am in support of extending the term of the lease, and with the intent of selling the existing lots to the cottagers with the proposed agreement with Chatham Kent. It is long overdue. My understanding is that up to 1% of existing provincial parks could be sold. I believe that the cottages take up less than this amount. There is NO actual proof that these cottages have endangered their existence of any of the Natural Ontario Species putting them at risk.  They have survived and thrived alongside these cottages. It is TIME to put this unfounded theory to bed. Cottagers or cottages have NOT harmed their existence or the integrity of this piece of land .\nExtend the management plan but get the sale of the lots completed as was promised by previous Ministers.\n"
    },
    "101319": {
        "url": "/comment/101319",
        "comment": "1)  I support the proposal in ERO 019-8289 to amend the Rondeau Park Management Plan to allow cottages to remain in Rondeau Park until at least 2038. The original 1894 Park charter describes the cottage community as one of the two reasons the Park was created and the Heritage Cottage Community has been integral to the park since its very inception.\n2)  New leases or extensions as part of this initiative must have reasonable terms and conditions and not be driven to achieve eviction by punitive economic terms. New lease agreements must be developed in consultation with the Rondeau Cottagers Association.\n3)  The decision for ERO 011-1300 posted on December 20, 2019 stated that \u201cOur final policy decision respecting this proposal will allow us to consult on a proposal for a new option for the long-term occupation of cottage lots. We expect to post a new proposal on the Environmental Registry of Ontario early in 2020\u201d. The cottage community is anxiously awaiting this outstanding proposal and to have discussions to develop the long term cottage tenure solution.\n"
    },
    "101321": {
        "url": "/comment/101321",
        "comment": "Yes. Approve the extension. It is very hard to understand that with 87 % of Ontario being CrownLand, that this very very very small piece of land, that was encouraged by the Crown for construction of Cottages, remains a problem for the MNR to let go. Cottages have NOT harmed this area. In fact, the MNR by not allowing a whitetail dear herd reduction for years, caused more harm to the natural vegetation than cottages ever could. That seems to left out of any conversations the MNR has ever had with the public. It is because of the damage caused by the OVER population of the whitetail deer, that the vegetation of the park was badly destroyed, and  NOT by the presents of the cottages.\nExtend the term of the management plan, but approve the sale of the lots to cottagers. It would be a Win Win Win for everybody. MNR - Cottagers - Chatham Kent , and even the Province of Ontario.\n"
    },
    "101325": {
        "url": "/comment/101325",
        "comment": "My family history goes back to before the beginning of this area as a park, with direct family ties to the park and surrounding lands. Family members had also been long time park staff, with certificates of appreciation for their lengthy support and work for the Department of Lands and Forests, as what it was previously under.\nAt no time, were the cottages deemed to be a threat to the existence of the park, but actually a driving force behind it being considered \"The Crown Jewell \" of Ontario's parks. Let's continue to restore that title by working with the cottage community, not by working against it\nExtend the term, but make the sale of the lots.\nAs Premier Ford has said, A Promise Made is a Promise Kept.\n"
    },
    "101330": {
        "url": "/comment/101330",
        "comment": "I am in complete favour of ERO 019-8289 to allow cottage leases to remain in Rondeau Park until and beyond the stated date of 2038. Cottages were a key reason why Rondeau was originally created .  In order that it be fair to the existing ordinary Ontario residents cottage leaseholders , the terms of any lease extension must be negotiated with the existing Rondeau leaseholders association .  A decision on this must be made ASAP ! The continual equivocation of the Provincial government and whatever agency they currently put in charge has dragged this issue on beyond anything reasonable.\n"
    },
    "101333": {
        "url": "/comment/101333",
        "comment": "1)  I support the proposal in ERO 019-8289 to amend the Rondeau Park Management Plan to allow cottages to remain in Rondeau Park until at least 2038. The original 1894 Park charter describes the cottage community as one of the two reasons the Park was created and the Heritage Cottage Community has been integral to the park since its very inception.\n2)  New leases or extensions as part of this initiative must have reasonable terms and conditions and not be driven to achieve eviction by punitive economic terms. New lease agreements must be developed in consultation with the Rondeau Cottagers Association.\n3)  The decision for ERO 011-1300 posted on December 20, 2019 stated that \u201cOur final policy decision respecting this proposal will allow us to consult on a proposal for a new option for the long-term occupation of cottage lots. We expect to post a new proposal on the Environmental Registry of Ontario early in 2020\u201d. The cottage community is anxiously awaiting this outstanding proposal and to have discussions to develop the long term cottage tenure solution.\n"
    },
    "101334": {
        "url": "/comment/101334",
        "comment": "I support the proposal in ERO 019-8289 toallow cottagers to remain in Rondeau park until at least 2038.\nCottagers have been here since the park's inception.\nNew leases and extension should have reasonable terms and should be developed in consultation with the Rondeau Cottagers Association.\nWe are anxiously waiting for a new option for the long term occupation of cottage lots  as we expected a proposal in 2020.\n"
    }
}