{
    "106595": {
        "url": "/comment/106595",
        "comment": "Yes i support ERO 019 8289 to extend the cottage lease extension to 2038.  Leases should be fair and not punative.\nCottages were a key part of the original purpose of the park and should remain so today.\nA solution for long term tenure in the park should be developed in consultation with the cottages' association.\nThan you.\n"
    },
    "106599": {
        "url": "/comment/106599",
        "comment": "I agree with the proposal for the 14 year lease extension. I believe it is a positive step towards stewardship. The cottagers add so much to community financially as well as support the health of the park. The cottages were there before it was a provincial park. It makes good sense financially to allow cottagers to buy their land. It is time that this issue is dealt with in a timely fashion as was promised in the past.\n"
    },
    "106601": {
        "url": "/comment/106601",
        "comment": "I support the proposal in ERO 019-8289  to allow cottages to remain in Rondeau Park until at least 2038. Leases should reasonable and not punative.\nA long term solution for cottages to remain in the park should be developed in consultation with the Rondeau Cottagers.  The cottagers are still waiting for the proposal that was supposed to be posted in 2020.\nThanks.\n"
    },
    "106622": {
        "url": "/comment/106622",
        "comment": "Rondeau was created for two reasons. One was to provide a cottage community for the Chatham Kent area. The second was to preserve the unique southern Carolinian forest.. Both objectives have been accomplished for more than 125 years.\nThe cottages and the Rondeau cottage community should be preserved forever\n"
    },
    "106624": {
        "url": "/comment/106624",
        "comment": "We need the government to honour the handshaken agreement to have a permanent dolution to the lease issue. 99 year lease paid up front or sell us the lots.\nThis nonsense hasgone on since 1954. You break your promises consistently. We are stewards of nature in the park.\nYiur proxies friends of rondeau is a sham.\nWe are wise to yiur manipulation and to the mnr being overtly negative to people who use the park.\nDo the right thing. Sell us the lots.\n"
    },
    "106629": {
        "url": "/comment/106629",
        "comment": "I support tge ero019 8289 to extend cottage lot lesses at rondeau provincial park until 2038. The matter of a permanent solution was agreed by a handshake with yiur govt. This needs to be scted upon. There must me reasonable terms and nit economic eviction as yku are doing in other parks. We are not muskoka we are rondeau and we are stewrads if the park. Please do the right thing. Promises made promises kept.\n"
    },
    "106635": {
        "url": "/comment/106635",
        "comment": "1. I support this ERO - to amend cottage leases to 14 years duration.\n- Cottagers have been stewarts of Rondeau since its inception and have a rightful place in it. Cottagers should not feel threatened by economic eviction - that is, the provincial government should not be able to raise lease rates beyond that of inflation.\n2. Future lease agreements should be drafted WITH leadership from the Rondeau Cottagers Association - not simply presented to them after the fact.\n3. We are still waiting for the promised pathway to 'long-term occupation' of the cottage lots as promised in early 2020. 14 years is a good start but not the same as 'long-term occupation'.\n"
    },
    "106639": {
        "url": "/comment/106639",
        "comment": "Hello,\n  I support the proposal in ERO 019-8289 to amend the Rondeau Park Management Plan to allow cottages to remain in Rondeau Park until at least 2038. The original 1894 Park charter describes the cottage community as one of the two reasons the Park was created and the Heritage Cottage Community has been integral to the park since its very inception.\nPlease ensure that New leases or extensions as part of this initiative have reasonable terms and conditions and not be driven to achieve eviction by punitive economic terms. New lease agreements should be developed in consultation with the Rondeau Cottagers Association.\nThe decision for ERO 011-1300 posted December 20, 2019 stated that \u201cOur final policy decision respecting this proposal will allow us to consult on a proposal for a new option for the long-term occupation of cottage lots. We expect to post a new proposal on the Environmental Registry of Ontario early in 2020\u201d. The cottage community is anxiously awaiting this outstanding proposal and to have discussions to develop the long term cottage tenure solution.\nThank you.\n"
    }
}