{
    "106307": {
        "url": "/comment/106307",
        "comment": "Yes, I support the lease extension as outlined is ERO 019-8289, assuming that the tenants receive reasonable terms and conditions developed in consultation with the Rondeau Cottagers Association.\nI would like to see that by 2038, that a long-term occupation is given the the tenants.\nThe cottage and property that we enjoy has been in our family for four generations. Our cottage is not winterized and we close the cottage each year on Thanksgiving weekend and re-open in the Spring when the weather turns warm once more.\nOur family members have many good memories being a part of the Rondeau community.\n"
    },
    "106331": {
        "url": "/comment/106331",
        "comment": "I agree with this proposal. The cottagers in Rondeau Provincial Park are good people, they are the true stewards of the park and their unique-in-Ontario community should be celebrated and promoted as a model. Many of the cottagers have been in the park for multiple generations, they are not wealthy, Chatham-Kent is not the GTA. I love Rondeau and so do they!\n"
    },
    "106336": {
        "url": "/comment/106336",
        "comment": "I would suggest we discourage cottages in the park as they take away from the park. I perceive their lease costs are also much much too low. Outside the park many cottage owners are paying property taxes greater than $10,000 per year. Not all these cottages are 4 seasons either.\nI am opposed to the proposal to kick the can down the road and not resolve the issue, recognizing that their lease is way past due.\nI would suggest that we change the park boudaries and let the cottages North east of the camping sites to be sold to the highest bidders. A smaller percentage of the sale proceeds could then be given back to the present owners of these cottages to enable them to buy the properties if desired. The funds can be used to enhance the park and its trails.\nThe other cottages in my perspective need to be discouraged from staying. This can be done by charging an aggresive lease costs and letting the leases go up double the rate of inflation. This would allow those who wish to stay to stay and the ones that feel the lease fee is too high to let their cottages come down. Overtime the cottages will be reduced and there would be no ultimatum to vacate and fight over this in 14 years. At the same time it is critical that we discourage present cottage lease holders in making major changes/expansion to their cottages.\n"
    },
    "106355": {
        "url": "/comment/106355",
        "comment": "Yes I support the proposal in ERO 019-8289 to amend the Rondeau Park Management Plan to allow cottages to remain in Rondeau Park until at least 2038. The original 1894 Park charter describes the cottage community as one of the two reasons the Park was created and the Heritage Cottage Community has been integral to the park since its very inception.\nAny new leases or extensions as part of this initiative must have reasonable terms and conditions and not be driven to achieve eviction by punitive economic terms. New lease agreements must be developed in consultation with the Rondeau Cottagers Association.\nThe decision for ERO 011-1300 posted on December 20, 2019 stated that \u201cOur final policy decision respecting this proposal will allow us to consult on a proposal for a new option for the long-term occupation of cottage lots. We expect to post a new proposal on the Environmental Registry of Ontario early in 2020\u201d. The cottage community is anxiously awaiting this outstanding proposal and to have discussions to develop the long term cottage tenure solution.\n"
    },
    "106366": {
        "url": "/comment/106366",
        "comment": "I support the 14 year lease extension, but would also support, even more, a 21 year lease extension, as was the case for all previous long-term extensions.  I understand the logic of subtracting all of the 1-2 year extensions, but resetting to 21 years would normalize conditions after almost a decade of uncertainty.  Also, I am assuming the details of the terms of the extension will either fix costs, if there is no consultation, or require negotiation with the Cottagers association, if there is a plan to increase costs on a graduating or one time basis.\n"
    }
}