{
    "106205": {
        "url": "/comment/106205",
        "comment": "I am writing in support of the proposal in ERO 019-8289, which seeks to amend the Rondeau Park Management Plan to allow cottages to remain within the park until at least 2038. The 1894 Park charter underscores the cottage community as a founding element, contributing to the park\u2019s unique heritage and recreational identity since its beginning.\nIn considering this proposal, I urge that any new leases or extensions reflect reasonable, fair terms that foster the sustainability of the cottage community. It is essential these terms are formed in collaboration with the Rondeau Cottagers Association, ensuring they honor the spirit of the park's legacy and are not financially restrictive.\nThe statement for ERO 011-1300 on December 20, 2019, held a promise for a \u201cnew option for long-term occupation.\u201d With the community eager to discuss sustainable, long-term tenure options, I look forward to the proposal anticipated in 2020 and encourage its timely development.\n"
    },
    "106209": {
        "url": "/comment/106209",
        "comment": "I wholeheartedly support the initiative to amend the Rondeau Park Management Plan, as outlined in ERO 019-8289, enabling cottages to remain until at least 2038. The original 1894 Park charter established the cottage community as a central part of Rondeau\u2019s purpose, and this heritage continues to shape the park\u2019s character today.\nHowever, to maintain this heritage, it is essential that lease extensions offer fair, manageable terms for the cottage community. These leases should avoid punitive economic conditions and should be drafted in close consultation with the Rondeau Cottagers Association.\nIn addition, the cottage community has been awaiting follow-up on the decision made in December 2019 (ERO 011-1300), which promised further consultation on long-term occupancy solutions. We urge timely action to engage with the cottage community on this proposal.\n"
    },
    "106210": {
        "url": "/comment/106210",
        "comment": "We have no problem with the proposed cottage lease extension at Rondeau Provincial Park\n"
    },
    "106211": {
        "url": "/comment/106211",
        "comment": "In response to ERO 019-8289, I am in full support of amending the Rondeau Park Management Plan to allow cottages to remain within the park until at least 2038. Since its establishment in 1894, the Rondeau Park charter has emphasized the cottage community as a core element, and this continues to shape the park\u2019s distinct character and charm.\nMoving forward, any lease extensions must include equitable and practical terms. It is important that these terms do not serve as a barrier but instead support the longevity of the cottage community. Collaborating with the Rondeau Cottagers Association will be key in ensuring lease terms align with community needs.\nFinally, the cottage community is still awaiting the long-term solution promised in ERO 011-1300, posted in December 2019. The park community looks forward to these critical discussions on sustainable, long-term occupancy solutions.\n"
    },
    "106212": {
        "url": "/comment/106212",
        "comment": "I am writing to express my support for the proposal in ERO 019-8289, which aims to permit cottages to remain in Rondeau Park until at least 2038. The park\u2019s original 1894 charter recognizes the cottage community as a founding purpose, and its historical value continues to enhance Rondeau Park\u2019s legacy.\nIt is also important that any new leases or extensions reflect terms that are fair and transparent, avoiding economic pressures that could lead to community displacement. The Rondeau Cottagers Association should play a central role in these discussions to ensure community values are respected.\nThe cottage community has long awaited a proposal for secure, long-term tenure following ERO 011-1300 from December 2019. We hope this proposal will soon materialize, allowing discussions to ensure lasting solutions for the cottage community.\n"
    },
    "106219": {
        "url": "/comment/106219",
        "comment": "I\u2019m reaching out in support of the proposed amendment in ERO 019-8289 to allow cottages to remain in Rondeau Park until at least 2038. This heritage community has been vital to the park since its creation in 1894, a legacy that makes Rondeau Park truly unique.\nIn line with this, I believe that fair and manageable lease terms are essential. New agreements should not be financially restrictive and should be developed with input from the Rondeau Cottagers Association to ensure they reflect the community\u2019s needs.\nThe decision posted on ERO 011-1300 in December 2019 spoke of a new, long-term occupation option, which the community is eager to see. I hope to see these discussions happen soon, providing the cottage community with the stability they deserve.\n"
    },
    "106220": {
        "url": "/comment/106220",
        "comment": "I\u2019m reaching out in support of the proposed amendment in ERO 019-8289 to allow cottages to remain in Rondeau Park until at least 2038. This heritage community has been vital to the park since its creation in 1894, a legacy that makes Rondeau Park truly unique.\nIn line with this, I believe that fair and manageable lease terms are essential. New agreements should not be financially restrictive and should be developed with input from the Rondeau Cottagers Association to ensure they reflect the community\u2019s needs.\nThe decision posted on ERO 011-1300 in December 2019 spoke of a new, long-term occupation option, which the community is eager to see. I hope to see these discussions happen soon, providing the cottage community with the stability they deserve.\n"
    },
    "106223": {
        "url": "/comment/106223",
        "comment": "I\u2019m writing out to you in support of the proposed amendment in ERO 019-8289 to allow my cottage community to remain in Rondeau Park until at least 2038. This heritage community has been vital to the park since its creation in 1894, a legacy that makes Rondeau Park truly unique.\nIn line with this, I believe that fair and manageable lease terms are essential to the surviability of Rondeau period. New agreements should not be financially restrictive and should be developed with input from the Rondeau Cottagers Association to ensure they reflect the community\u2019s needs.\nThe decision posted on ERO 011-1300 in December 2019 spoke of a new, long-term occupation option, which the community is eager to see. I hope to see these discussions happen soon, providing the cottage community with the stability and respect as environmental stewards they deserve.\n"
    },
    "106225": {
        "url": "/comment/106225",
        "comment": "Hello,\nI\u2019m writing because I support the proposal in ERO 019-8289 to amend the Rondeau Park Management Plan to allow cottages to stay until at least 2038. My family, along with so many others, has been part of the park\u2019s cottage community for generations, and it\u2019s become a vital part of what makes Rondeau special. The original park charter from 1894 even included the cottage community as a core part of the park\u2019s creation, which shows just how central it is to Rondeau\u2019s identity.\nFor this proposal to work, though, I believe lease agreements need to be fair, without heavy fees that might force people out. The Rondeau Cottagers Association should definitely be part of creating these terms to make sure they\u2019re reasonable and respectful of the community\u2019s needs.\nWe\u2019re also still waiting on the follow-up to ERO 011-1300 from December 2019, which promised a new proposal for long-term occupancy. The cottage community has been anxious for an update, and I\u2019d love to see those discussions get underway soon.\nThank you\n"
    },
    "106227": {
        "url": "/comment/106227",
        "comment": "I\u2019m reaching out to express my strong support for ERO 019-8289, which would let cottages stay in Rondeau Park until at least 2038. Rondeau\u2019s cottage community has always been part of the park\u2019s DNA\u2014since it was established in 1894, this community has been part of the experience and the park\u2019s heritage. Losing it would change what makes Rondeau so unique.\nIf this proposal moves forward, it\u2019s really important that new leases come with fair terms, not restrictive costs that would make it hard for people to stay. I feel it\u2019s essential that the Rondeau Cottagers Association is involved in these discussions to make sure the terms are fair and workable for everyone.\nLastly, there was a decision in ERO 011-1300 back in 2019 that talked about long-term cottage tenure. The community has been patiently waiting for the next steps, and it would mean a lot to finally see a concrete proposal and have a voice in that process.\n"
    },
    "106230": {
        "url": "/comment/106230",
        "comment": "I\u2019m writing to let you know I fully support the proposal ERO 019-8289 to allow the cottages in Rondeau Park to remain through 2038. The cottage community has been part of Rondeau since the park was founded in 1894\u2014it\u2019s one of the reasons the park was created, and it\u2019s shaped the park\u2019s heritage ever since.\nI feel that it\u2019s crucial for new lease agreements to be fair and balanced, ensuring that the cottagers aren\u2019t priced out by high fees. Working with the Rondeau Cottagers Association on these terms will help make sure they\u2019re reasonable and aligned with the community\u2019s needs.\nBack in December 2019, the ERO mentioned a long-term solution for cottage tenure, and we\u2019re still waiting for that to happen. It would be wonderful to see this proposal soon and to start a dialogue that brings the community some peace of mind for the future.\nThanks very much\n"
    },
    "106232": {
        "url": "/comment/106232",
        "comment": "I\u2019m writing to let you know I fully support the proposal ERO 019-8289 to allow the cottages in Rondeau Park to remain through 2038. The cottage community has been part of Rondeau since the park was founded in 1894\u2014it\u2019s one of the reasons the park was created, and it\u2019s shaped the park\u2019s heritage ever since.\nI feel that it\u2019s crucial for new lease agreements to be fair and balanced, ensuring that the cottagers aren\u2019t priced out by high fees. Working with the Rondeau Cottagers Association on these terms will help make sure they\u2019re reasonable and aligned with the community\u2019s needs.\nBack in December 2019, the ERO mentioned a long-term solution for cottage tenure, and we\u2019re still waiting for that to happen. It would be wonderful to see this proposal soon and to start a dialogue that brings the community some peace of mind for the future.\nThanks very much\n"
    },
    "106238": {
        "url": "/comment/106238",
        "comment": "I\u2019m reaching out to say that I strongly support ERO 019-8289, which would keep cottages in Rondeau Park until at least 2038. The cottage community has been a part of the park\u2019s history since 1894, and it\u2019s central to what makes Rondeau so special. It\u2019s more than just a community\u2014it\u2019s part of the park\u2019s very foundation.\nMoving forward with this, I feel it\u2019s really important that any new leases are designed with reasonable terms. They should avoid creating financial hardships for cottagers and instead focus on preserving this unique community. I believe the Rondeau Cottagers Association should be part of these discussions to ensure fair terms.\nAlso, back in 2019 (ERO 011-1300), there was mention of a long-term solution for cottage tenure. The community has been waiting since then for this next step, and it would mean a lot for these discussions to move forward and address long-term stability.\nThank you for your time\n"
    }
}