{
    "102695": {
        "url": "/comment/102695",
        "comment": "Good Morning,\nI support the proposal in ERO 019-8289 to amend the Rondeau Park Management Plan to allow cottages to remain in Rondeau Park until at least 2038 - the terms and conditions must be reasonable and fair, developed in collaboration with Rondeau Cottagers Association &/or cottagers.  Families have occupied these treasured cottages for over 100 years, doing so with respect and support of the park.  Maintaining the current terms, lease rates and taxes would be preferred.\n"
    },
    "102716": {
        "url": "/comment/102716",
        "comment": "I am in favor of this proposal to modify the Rondeau Park Plan to allow lease extensions for 14 more years.  But that is just a start.  The final decision reached in ERO 011-1300 was to put forth a new long term solution for the occupation of cottage lots in Rondeau.  That decision was over nine years from the original proposal...hardy a decision made in haste, hence being referred to as a \"final\" decision. That decision needs to be honoured: a plan is needed for a long term solution.  In the meantime, any new leases need to be negotiated in good faith with the Rondeau Cottagers Association.\n"
    },
    "102800": {
        "url": "/comment/102800",
        "comment": "I am not in favour of the lease extension. However it might be the lesser of two evils, if the government holds the cottagers to accountability.\n-the current lease that leaseholders signed and agreed to, does not allow cottagers to have their Rondeau cottage as their sole place of residence, yet there are probably at least a dozen cottagers who make it their sole/primary residence. If this lease extension goes forward, there will likely be more and more who make it their primary/sole residence, and will eventually demand or expect increasing services such as municipal water supply. Increased services will ultimately cause greater negative impacts on the fragile natural environment of this nationally significant provincial park;\n-cottagers should not intrude in any way on the area beyond their official cottage lot. For example they should not be dumping anything across the Lakeshore Road into the forest. This has happened too much in the past, and there is some junk, but even worse, are the non-native plants that have been deposited, allowing them to propagate and negatively impact the forest; also they should not expand/store equipment onto adjacent vacant lots, or towards the beach area at all;\n-cottagers should not be planting any species of plant not native to the park on their lots, as some will eventually end up beyond the lot and negatively impact the natural environment; they should be encouraged to remove the non-native plants that are already on their lot;\n-eventual removal of cottages has been in the existing park management plan, yet the government continues to capitulate to the interests of them, rather than doing what is right to protect this nationally significant natural area. However in the few cases where cottages have been removed, the government does not attempt to restore the newly vacant lot, resulting in many non-native plants to take over, some species which are quite aggressively invasive, which will expand beyond. If the government was committed to protecting this natural environment, there must be an approved restoration plan for any and all lots as they are vacated.\n-Any violation of the current or future lease conditions should result in a warning to them. Three violations, and their existing lease should be terminated;\n-the park budget should be expanded to ensure there are adequate staff all year round to monitor and deal with any violations of the existing or future leases.\nPlease do what is right for Rondeau as the nationally significant natural area that it is, and not give in yet again to the favoured few cottagers!\n"
    },
    "102838": {
        "url": "/comment/102838",
        "comment": "Yes, I suppose this proposal. Please keep our leases affordable since my cottage was built by my great uncle in the 1930s and it has stayed in our family since that time. If the rates go up too high, we will not be able to afford it and the next generation will not be able to enjoy the cottage and surrounding beauty of Rondeau Provincial Park.\n"
    },
    "102878": {
        "url": "/comment/102878",
        "comment": "Yes\n I support the proposal in ERO 019-8289 to amend the Rondeau Park Management Plan to allow cottages to remain in Rondeau Park until at least 2038. The original 1894 Park charter describes the cottage community as one of the two reasons the Park was created and the Heritage Cottage Community has been integral to the park since its very inception.\n New leases or extensions as part of this initiative must have reasonable terms and conditions and not be driven to achieve eviction by punitive economic terms. New lease agreements must be developed in consultation with the Rondeau Cottagers Association.\nThe decision for ERO 011-1300 posted on December 20, 2019 stated that \u201cOur final policy decision respecting this proposal will allow us to consult on a proposal for a new option for the long-term occupation of cottage lots. We expect to post a new proposal on the Environmental Registry of Ontario early in 2020\u201d. The cottage community is anxiously awaiting this outstanding proposal and to have discussions to develop the long term cottage tenure solution.\n"
    },
    "102905": {
        "url": "/comment/102905",
        "comment": "I am in complete favour of ERO 019-8289 to allow cottage leases to remain in Rondeau Park until and beyond the stated date of 2038. Cottages were a key reason why Rondeau was originally created .  In order that it be fair to the existing ordinary Ontario residents cottage leaseholders , the terms of any lease extension must be negotiated with the existing Rondeau leaseholders association .  A decision on this must be made ASAP ! The continual equivocation of the Provincial government and whatever agency they currently put in charge\n"
    },
    "102996": {
        "url": "/comment/102996",
        "comment": "1)  I support the proposal in ERO 019-8289 to amend the Rondeau Park Management Plan to allow cottages to remain in Rondeau Park until at least 2038. The original 1894 Park charter describes the cottage community as one of the two reasons the Park was created and the Heritage Cottage Community has been integral to the park since its very inception.\n2)  New leases or extensions as part of this initiative must have reasonable terms and conditions and not be driven to achieve eviction by punitive economic terms. New lease agreements must be developed in consultation with the Rondeau Cottagers Association.\n3)  The decision for ERO 011-1300 posted on December 20, 2019 stated that \u201cOur final policy decision respecting this proposal will allow us to consult on a proposal for a new option for the long-term occupation of cottage lots. We expect to post a new proposal on the Environmental Registry of Ontario early in 2020\u201d. The cottage community is anxiously awaiting this outstanding proposal and to have discussions to develop the long term cottage tenure solution.\n"
    },
    "103354": {
        "url": "/comment/103354",
        "comment": "I support the proposal in ERO 019-8289 to amend the Rondeau Park Management Plan to allow cottages to remain in Rondeau Park until at least 2038. The original 1894 Park charter describes the cottage community as one of the two reasons the Park was created and the Heritage Cottage Community has been integral to the park since its very inception.\nThe cottagers have been here for 100 years and it has been proven that they are wonderful stewards of the park. If you walk on the beach you will see people picking up garbage. They are usually cottagers. If there are bottles or waste left by the \"tourists\" it will be a cottager who stops to pick it up. If there is a snake or turtle on the road that could be hurt...again it would be a cottager who helps it out if harms way. We love this park and want to see it remain unchanged and pristine.\nThere is also the economic impact that we bring to the area. Personally, since we bought our cottage three years ago we have spent over one hundred thousand dollars in renovations and improvements to it. All of that has gone to local contractors and building supply businesses. As well since we are retired we have spent most of April to November at the park and we shop local businesses in the area. If you were to force the cottagers out it would be a huge blow to the local economy. We are just one cottage, if you multiply that by 275 cottages the economic effect that we have is undeniable!\nHowever, we don't live in a bubble. We know that there is an individual in Shrewsbury who has made it a personal crusade to get rid of us (the same Shrewsbury that allows untreated waste to leach into the bay!). He has tried to enlist the help of folks who have never been to the park and know nothing of what the cottagers do for this place. We ask you to consider his input into this decision with weight it deserves. He has a personal vendetta against some of the cottagers and he is trying to punish all of us.\nThere are many, many reasons why the cottagers are good for the park and should be allowed to remain indefinitely. We are a vibrant village of caring owners. A long term solution not only makes sense but it is the right thing to do.\n"
    },
    "103359": {
        "url": "/comment/103359",
        "comment": "I am writing to say YES, I support the proposal in ERO 019-8289 to amend the Rondeau Park Management Plan to allow cottages to remain in Rondeau Park until at least 2038.\nCottages have been a part of Rondeau Provincial Park my whole life. I don\u2019t want them to disappear now.\nA lease extension of 14 years will ensure the vibrant community can continue to survive.\n"
    },
    "103416": {
        "url": "/comment/103416",
        "comment": "I am in favour of ERO 019-8289 to amend the Rondeau Park Management agreement to allow the cottage community to remain until 2038 and beyond. One of the main reasons for the Parks creation was to create cottaging opportunities for the people. Negotiations with the cottage leaseholders association should begin immediately to arrive at a fair and just agreement to extend the leases.\n"
    },
    "103710": {
        "url": "/comment/103710",
        "comment": "In response to the proposal ERO 019-8289 to amend the Rondeau Park Management Plan.\nI am writing to express my support for this amendment.  I see this as a positive initiative that will provide a significant economic benefit to the Chatham-Kent area.  By providing 14 more years of occupancy to over 200 cottages ensures there are hundreds of people using amenity and services in the area.\nAdditionally, the continued attendance of the park by the cottagers continues a long tradition of one of the original proposed purposes of Rondeau Park, a place of recreation.  The use of the park by the hundreds of campers and cottagers is a positive use of outdoors space in the summer and winter months.\n\tAs a final note, I encourage the government to look back at the original decision in ERO 011-1300 stating there is a desire to have a long term occupation of the cottage lots.  While a 14 year lease is welcome, it does not address the long term stability of the cottages.  The economic activity that would be brought forth by the cottagers in the event of a permanent occupancy due to renovations would be a boon to the Chatham Kent area.\nBest Regards\n"
    },
    "103713": {
        "url": "/comment/103713",
        "comment": "I am writing to support the amendment the Rondeau Park Management Plan (ERO 019-8289).  Our family has enjoyed spending time at Rondeau in a cottage since the 1980s.  As such, a lease extension would allow us to continue to visit Chatham-Kent and Rondeau Park.\nIn addition to our personal reasons for supporting a lease extension, I would like to bring up that Rondeau has forever been a place where people came to play and enjoy the outdoors.  I believe it was created as a recreational park, originally.\nAlso, I would like to suggest that the lease holders be talked to when the leases are being negotiated.  It would be great to make sure that the leases are fair and allow the cottagers to use the cottages for a long period of time without having to worry about the lease expiring.\nFinally, it would be great if we could find a way to no longer have leases and permanently own the cottage and land.  Back in 2019, there was people talking about doing this and I hope the government can continue to look into this.\nThanks\n"
    }
}