{
    "106660": {
        "url": "/comment/106660",
        "comment": "Jason Travers and members of the Ontario Parks Operations Branch:\nThe problem with extending the Rondeau Park cottage leases is that the current cottagers already don\u2019t respect or follow the terms of their leases, are constantly pushing the boundaries, and nothing seems to be done about it.\nExtending the leases by another 14 years is the easy thing to do, but it just kicks the can down the road, all the while enabling these cottagers to do increased damage to this important Carolinian forest land and Great Lakes shoreline, seemingly without repercussions.\nIs Park Superintendent Brad Connor or anyone else doing regular checks of these cottage lots, and either fining or removing cottagers who violate the rules?\nOn just a cursory drive around the park North of Bennett the other day, and just at a glance, I saw these issues* (listed below).\nMr. Connor has the ability (and responsibility) to do more thorough checks all around the lots to prevent these cottagers from continuing to destroy the natural areas.\nPlease note that while the issue of invasive plants might seem like a gentle one, Rondeau is one of the last homes of the endangered Red Mulberry, (just one example), so having plants like White Mulberries on their lots directly prevents the Red Mulberry from regenerating (as the White is more aggressive).\nI also find it concerning that the Rondeau Cottagers Association, who say on their own website that their primary goal is to lobby to privately buy & own their lots, is continued to be given a foothold. They now have at least one member on the Chatham City Council (Alyson Storey) to petition for their private and greedy remit, which would directly take from Ontario residents and more importantly, from the (sometimes endangered) flora & fauna that call Rondeau Park home.\nIdeally, these leases would finally be discontinued, the land returned to nature, and a more robust plan of species protection/ invasive plant removal put in place for the future.\nWith the constant encroachment of global warming and destruction of natural habitats, is this not the obvious and inevitable thing to do for future planning?\nBut as it\u2019s now October and it\u2019s likely too late to make a u-turn by the December lease end, please at least commit to a more rigorous policy of checking lease violations and damage to nature, and be decisive and proactive about removing cottages that don\u2019t comply.\nBeing complacent towards these cottagers\u2019 behaviour is doing a disservice to the rest of Ontarians, and to the nature in the park itself.\n(Also, please tell me you\u2019re discounting the assured 278 \u201cletters of approval\u201d you\u2019ll get to this proposal from the cottagers themselves. Of course they want their own leases to continue, and will call themselves \u201cStewards of the land\u201d - ha! - to convince you. The question is whether the other 14 million citizens of Ontario actually think this is the way forward for the park.)\nAnd instead of saying \u201cThe ministry is not considering sale of the cottage lots at this time\u201d, please assure Ontarians that their provincial park lands will NEVER be for sale to private (and in this case, largely American,) owners.\n\u2014-\n*Cursory/ incomplete list of issues I observed recently, and only North of Bennett. I give these as a small sample - the park needs to be doing more to observe and weed these out - literally!\nHas invasive plants growing on property:\n18 cases, as follows:\n\u2022 vinca growing profusely in front lawns\n\u2022 huge invasive honeysuckle bushes in front lawn (5 cases)\n\u2022 large white mulberry in front lawn, English Ivy growing up front of cottage (2 cases)\n\u2022 lily of the valley growing along cottage / in a front flower bed (2 cases)\n\u2022 residential side of beach access #4 filled with euphorbia\n\u2022 barberry hedge* along beach access #6 property boundary\n\u2022 what looks like a barberry hedge* surrounding cottage\n\u2022 big Asian meadowsweet bushes along street side property line\n\u2022 Privet hedge lining front of cottage\n(*also worsens tick populations)\nMowing into the designated wild areas adjoining their lots:\n\u2022 3 cases\nInvasives in adjacent natural areas. Note that these are almost assuredly from cottages dumping garden waste, as going down Rondeau Road (no cottages) is fairly native, while the parallel lakeshore Road with cottages on one side is full of invasives including Japanese Honeysuckle, Dog Strangling Vine, etc.\n\u2022 Vinca thick along either side of beach access #2)\n\u2022 Lots of burning bush at front of beach access #3)\n\u2022 Thick vinca in forest south side of one cottage, driveway lined with barberry shrubs\nRenovations expanding the original building footprint:\n3 cases:\n\u2022 One added north side extension, doubling their  footprint\n\u2022 One with Tyvek wrapping currently up around a frame that exceeds the interior original cottage\n\u2022 One built a new screened in front porch in the past few years that exceeds the original cottage footprint. (Can they later just reinforce those walls, and that is a loophole to expand their building?)\nThere are also several instances of cottagers occupying their properties as full time residences/ not using them only as recreationally, as intended.\n"
    },
    "106684": {
        "url": "/comment/106684",
        "comment": "1)  I support the proposal in ERO 019-8289 to amend the Rondeau Park Management Plan to allow cottages to remain in Rondeau Park until at least 2038. The original 1894 Park charter describes the cottage community as one of the two reasons the Park was created and the Heritage Cottage Community has been integral to the park since its very inception.\n2)  New leases or extensions as part of this initiative must have reasonable terms and conditions and not be driven to achieve eviction by punitive economic terms. New lease agreements must be developed in consultation with the Rondeau Cottagers Association.\n3)  The decision for ERO 011-1300 posted on December 20, 2019 stated that \u201cOur final policy decision respecting this proposal will allow us to consult on a proposal for a new option for the long-term occupation of cottage lots. We expect to post a new proposal on the Environmental Registry of Ontario early in 2020\u201d. The cottage community is anxiously awaiting this outstanding proposal and to have discussions to develop the long term cottage tenure solution.\n"
    },
    "106697": {
        "url": "/comment/106697",
        "comment": "With respect to the 14 year lease proposal for Cottagers I am in favour of seeing the lease extended long term , even beyond 14 years. Rondeau cottages and the families that enjoy them are important members of this community who have worked hard to maintain heritage properties, and help take care of the park.\n"
    },
    "106711": {
        "url": "/comment/106711",
        "comment": "I am in support of ERO 019-8289 to amend Rondeau management plan to allow cottage lot lease extension through 2038.\nI do not consider The environmental impact of cottages for at least another 14 years to be of any negative significance. As the Park remains open to the Public - that footprint by camping, day users, hunters, boaters, hikers, birders, fishing,  etc, and supporting infrastructure would be considered more of a negative impact on the Park environment.\n"
    }
}