{
    "104025": {
        "url": "/comment/104025",
        "comment": "I have read this proposal and I support it, as it aligns with O Reg 347/07.  The lease extensions or new leases after December 31, 2024 need to have reasonable terms and be negotiated in good faith with the Rondeau Cottagers Association.  Also, there is the outstanding matter of the decision regarding ERO 011-1300 which was posted on December 20, 2019. This decision, described as \"final\", was to develop a new proposal for the long term occupation of cottage lots and this referred to promises made by four ministers for permanent sustainment of the Rondeau cottage community, which is a cultural heritage resource of Provincial significance. This is almost five years overdue and needs to be addressed within the current mandate of the government.\n"
    },
    "104028": {
        "url": "/comment/104028",
        "comment": "This proposal to modify the Park Plan aligns with O Reg 347/07 and I support it.  The lease extensions or new leases need to have reasonable terms and be negotiated in good faith with input from the Rondeau Cottagers Association.  The outstanding disposition of the December 20 2019 decision regarding ERO 011-1300 needs immediate addressing. That decision, described as \"final\", was to develop a new proposal for the long term occupation of cottage lots and it reflected promises made by four ministers for permanent sustainment of the Rondeau cottage community, which is consistent with the original Park Charter. This is five years overdue and needs to be addressed within the current mandate of the government. There has been too much delay already.\n"
    },
    "104031": {
        "url": "/comment/104031",
        "comment": "The cottages of Rondeau Park comprise a cohesive community which is a cultural heritage landscape of Provincial and even National significance.  This community needs to be sustained forever. As a first (but not final) step towards the realization of the ERO 011-1300 decision from December 20, 2019, I am in favor of the ERO 019-8289 proposal to amend the Park Management Plan.\n"
    },
    "104032": {
        "url": "/comment/104032",
        "comment": "Rondeau Park cottages and its people are an eco-village which is a cultural heritage gem of Provincial significance.  This community needs to be preserved forever. I am in favor of the ERO 019-8289 proposal to amend the Park Management Plan in order to move towards fulfillment of the outstanding 011-1300 decision from December 20, 2019, to develop a new proposal for the long term occupation of cottage lots.\n"
    },
    "104109": {
        "url": "/comment/104109",
        "comment": "I wholeheartedly support proposal ERO 019-8289 to amend the Rondeau Park Management Plan, allowing cottages to remain in Rondeau Park until at least 2038. The original 1894 Park charter explicitly identifies the cottage community as one of the two foundational reasons for the Park's creation, highlighting its integral role in the Park\u2019s history and development.\nFurthermore, I believe that any new leases or extensions should feature reasonable terms and conditions. It\u2019s crucial that these agreements are not designed to push residents out through punitive economic measures. Engaging in meaningful consultation with the Rondeau Cottagers Association will ensure that the perspectives and needs of the community are adequately represented in the new lease agreements.\nLastly, I would like to emphasize the importance of moving forward with the long-awaited proposal regarding long-term occupation of cottage lots. The decision made on December 20, 2019, stated the intention to consult on a new option, and the cottage community is eager to engage in discussions that will help develop a sustainable long-term cottage tenure solution. It\u2019s time to honor the legacy of the Heritage Cottage Community that has been part of Rondeau Park since its inception.\nThank you for considering this vital proposal.\n"
    },
    "104621": {
        "url": "/comment/104621",
        "comment": "I support the proposal in ERO 019-8289 to amend the Rondeau Park Management Plan to allow cottages to remain in Rondeau Park until at least 2038. The original 1894 Park charter describes the cottage community as one of the two reasons the Park was created and the Heritage Cottage Community has been integral to the park since its very inception.\nNew leases or extensions as part of this initiative must have reasonable terms and conditions and not be driven to achieve eviction by punitive economic terms. New lease agreements must be developed in consultation with the Rondeau Cottagers Association.\nThe decision for ERO 011-1300 posted on December 20, 2019 stated that \u201cOur final policy decision respecting this proposal will allow us to consult on a proposal for a new option for the long-term occupation of cottage lots. We expect to post a new proposal on the Environmental Registry of Ontario early in 2020\u201d. The cottage community is anxiously awaiting this outstanding proposal and to have discussions to develop the long term cottage tenure solution.\n"
    },
    "104861": {
        "url": "/comment/104861",
        "comment": "See attached submission for comments from Ontario Nature and Environmental Defence.\n"
    },
    "105057": {
        "url": "/comment/105057",
        "comment": "I support the extension of the cottage leases at Rondeau for 14 years (and hopefully longer). These cottages are an important part of our community, contributing to our economy and our recreational opportunities. I have visited the park, used the cottages and enjoyed the beach many times during my life. I think I would use the park much less if the cottages were gone. Cottagers visit the business where I work and its business would be reduced if the cottages were no longer there. Rondeau is a beautiful park and the cottages are a quaint and benign part of it.\n"
    }
}