{
    "100912": {
        "url": "/comment/100912",
        "comment": "I am in favour of extending the leases for cottages in Rondeau Provincial Park. They are a fantastic addition to our Morpeth and surrounding community and help support our local economy every summer.\nI get discouraged reading published comments from those with their own agendas that have clearly not even visited our area.\nFor the most part, the cottages are small and are not winterized. These are not \u2018Muskoka\u2019 cottages, they are modest and not the monstrous atrocities destroying the environment with multi car garages that some would try to have you think (in fact, I can only think of one cottage out of the over 275 of all of them that even has an attached garage).\nThe cottages deserve an opportunity to stay with a fair and reasonable lease.\n"
    },
    "100914": {
        "url": "/comment/100914",
        "comment": "I do support the proposal to extend our cottage lease to at least 2038. I would expect that the lease rates would stay reasonable, close to where they are now. As a member of the RCA I would want our association to to handle any negotiations and answer any questions that  may come up and give final approval as we move forward\n"
    },
    "100915": {
        "url": "/comment/100915",
        "comment": "I support ERO 019-8289.\nI support the proposal in ERO 019-8289 to amend the Rondeau Park Management Plan to allow cottages to remain in Rondeau Park until at least 2038. The original 1894 Park charter describes the cottage community as one of the two reasons the Park was created and the Heritage Cottage Community has been integral to the park since its very inception.\nNew leases or extensions as part of this initiative must have reasonable terms and conditions and not be driven to achieve eviction by punitive economic terms. New lease agreements must be developed in consultation with the Rondeau Cottagers Association.\nThe decision for ERO 011-1300 posted on December 20, 2019 stated that \u201cOur final policy decision respecting this proposal will allow us to consult on a proposal for a new option for the long-term occupation of cottage lots. We expect to post a new proposal on the Environmental Registry of Ontario early in 2020\u201d. The cottage community is anxiously awaiting this outstanding proposal and to have discussions to develop the long term cottage tenure solution.\nThank you\n"
    },
    "100916": {
        "url": "/comment/100916",
        "comment": "Yes, I am a big supporter of updating the Rondeau Park Management Plan to accommodate cottages in the park through 2038 and beyond. I\u2019m not sure why the park management plan needs to be any kind of constraint on the process. It seems you could remove such time constraints from the management plan altogether since it is already regulated by the Provincial Parks act.\nAll terms of the extended tenure of the cottages should be fair and reasonable and based on clear formulas similar to what is allowed in the tenants act for other leaseholders in the province.  I\u2019ve heard of the chaos created by the silly formulas for the Algonquin cottages and don\u2019t think the government should be involved in any such nonsense as that going forward.\n"
    },
    "100917": {
        "url": "/comment/100917",
        "comment": "Yes, I am a big supporter of updating the Rondeau Park Management Plan to accommodate cottages in the park through 2038 and beyond. I\u2019m not sure why the park management plan needs to be any kind of constraint on the process. It seems you could remove such time constraints from the management plan altogether since it is already regulated by the Provincial Parks act.\nAll terms of the extended tenure of the cottages should be fair and reasonable and based on clear formulas similar to what is allowed in the tenants act for other leaseholders in the province.  I\u2019ve heard of the chaos created by the silly formulas for the Algonquin cottages and don\u2019t think the government should be involved in any such nonsense as that going forward.\n"
    },
    "100918": {
        "url": "/comment/100918",
        "comment": "I support ERO 019-8289.\nI support the proposal in ERO 019-8289 to amend the Rondeau Park Management Plan to allow cottages to remain in Rondeau Park until at least 2038. The original 1894 Park charter describes the cottage community as one of the two reasons the Park was created and the Heritage Cottage Community has been integral to the park since its very inception.\nNew leases or extensions as part of this initiative must have reasonable terms and conditions and not be driven to achieve eviction by punitive economic terms. New lease agreements must be developed in consultation with the Rondeau Cottagers Association.\nThe decision for ERO 011-1300 posted on December 20, 2019 stated that \u201cOur final policy decision respecting this proposal will allow us to consult on a proposal for a new option for the long-term occupation of cottage lots. We expect to post a new proposal on the Environmental Registry of Ontario early in 2020\u201d. The cottage community is anxiously awaiting this outstanding proposal and to have discussions to develop the long term cottage tenure solution.\n"
    },
    "100919": {
        "url": "/comment/100919",
        "comment": "I am a Rondeau Cottager.\nI support the proposal in ERO 019-8289 to amend the Rondeau Park Management Plan to allow cottages to remain in Rondeau Park until at least 2038.\nWe ask that any new leases or extensions as part of this initiative must have reasonable terms and conditions and be developed in consultation with the Rondeau Cottagers Association.\nThe cottage community is anxiously awaiting the outstanding proposal on the Environmental Registry of Ontario and to have discussions to develop the long term cottage tenure solution.\nThank you.\n"
    },
    "100920": {
        "url": "/comment/100920",
        "comment": "I support ERO 019-8289.\nI support the proposal in ERO 019-8289 to amend the Rondeau Park Management Plan to allow cottages to remain in Rondeau Park until at least 2038. The original 1894 Park charter describes the cottage community as one of the two reasons the Park was created and the Heritage Cottage Community has been integral to the park since its very inception.\nNew leases or extensions as part of this initiative must have reasonable terms and conditions and not be driven to achieve eviction by punitive economic terms. New lease agreements must be developed in consultation with the Rondeau Cottagers Association.\nThe decision for ERO 011-1300 posted on December 20, 2019 stated that \u201cOur final policy decision respecting this proposal will allow us to consult on a proposal for a new option for the long-term occupation of cottage lots. We expect to post a new proposal on the Environmental Registry of Ontario early in 2020\u201d. The cottage community is anxiously awaiting this outstanding proposal and to have discussions to develop the long term cottage tenure solution.\n"
    },
    "100923": {
        "url": "/comment/100923",
        "comment": "I am in agreement with the proposal to extend cottage leases in Rondeau Park.  The cottagers are an integral part of the success of the park.\nI have a few conditions\n- the extension should be longer than 14 years, or, at the very least, there should be some proposal to renew.  This keeps the cottages in good condition.\n- all cottage owners must agree that they are users of the cottage - they must not be part of any VRBO, rental, B&B, etc\n- if the cottage owner wants to dispose of the property, then it must to sold to a family member first, if none are available it can go to a new owner so long as they a)do not already own a cottage in the park and b)agree to the above terms that this is not a rental property.  All new owners must agree that they will not resell the property for a minimum of 10 years save and except acts of God, death, etc.\nI also think that the park should allow for the infilling of cottages in the north of the park.  i.e. whereever there was an existing or historical cottage, in the past, a new cottage should be allowed to built, so long as there are limitations on the size of the cottage (i.e. under 1200sq feet of ground floor, no more than 2 stories, etc).\n"
    },
    "100924": {
        "url": "/comment/100924",
        "comment": "My husband and I SUPPORT the proposal in ERO 019-8289 to amend the Rondeau Park Management Plan to allow cottages to remain in Rondeau Park until at least 2038.\nHowever, we believe new leases or extensions as part of this initiative must have reasonable terms and conditions and not be driven to achieve eviction by punitive economic terms. New lease agreements must be developed in consultation with the Rondeau Cottagers Association.\nPlease note: The decision for ERO 011-1300 posted on December 20, 2019 stated that \u201cOur final policy decision respecting this proposal will allow us to consult on a proposal for a new option for the long-term occupation of cottage lots. We expect to post a new proposal on the Environmental Registry of Ontario early in 2020\u201d. The cottage community is anxiously awaiting this outstanding proposal and to have discussions to develop the long term cottage tenure solution.\n"
    },
    "100925": {
        "url": "/comment/100925",
        "comment": "A.  I support allowing Rondeau cottages to remain until 2038 at the minimum in the Park per ERO 019-8289  . The original 1894 Park charter describes the cottage community as one of the two reasons the Park was created and the Heritage Cottage Community has been integral to the park since its very inception.\nB. New lease options should be negotiated in good faith with the Rondeau Cottagers Association with commercially fair terms not just designed to make it financially unviable for lessees.\nC.   When do you plan to post the new proposal re decision in ERO 011-1300 posted on December 20, 2019 which said \u201cOur final policy decision respecting this proposal will allow us to consult on a proposal for a new option for the long-term occupation of cottage lots?\n We expect to post a new proposal on the Environmental Registry of Ontario early in 2020\u201d. Please confirm this will in fact happen...Hundreds and perhaps thousands look forward to reviewing this overdue proposal and attendant discussions.\n"
    },
    "100927": {
        "url": "/comment/100927",
        "comment": "I am very much in favour to allow cottages to stay in Rondeau Park until 2038, but in fact would prefer a long term solution get sorted to keep cottages in the park indefinitely.  The community is supported by cottagers to a large extent and in keeping with this, cottage leases must continue to have conditions that are fair and reasonable.\n"
    },
    "100930": {
        "url": "/comment/100930",
        "comment": "I fully support extending the cottage leases in Rondeau Provincial Park until 2038. The cottages are an essential part of the park\u2019s identity, contributing not only to its unique charm but also to its historical and cultural significance. They have been a part of the park\u2019s landscape for generations, fostering a sense of community and connection to the natural surroundings. Preserving these cottages is crucial in maintaining this deep-rooted heritage while ensuring that future generations can experience and appreciate this special aspect of the park. By extending the leases, we honor the park\u2019s history while continuing to promote its environmental stewardship and recreational value.\n"
    },
    "100935": {
        "url": "/comment/100935",
        "comment": "I am writing you to indicate my strong support for the proposal in ERO 019-8289 that will amend the Rondeau Park Management Plan and allow cottages to remain in Rondeau Park until at least 2038.\nWe have been enjoying Rondeau cottages for many years through our friends and were so impressed by the unique combination of nature and conservation and the co-existence of a cottage community that we bought a cottage in 2019.\nOne of the attractive parts of our current lease arrangement is that it is a reasonable cost in relation to what we receive as cottage owners.  e.g. we don't owns the lots, but we pay a reasonable cost by way of PILT and Lease Payment.  Any extensions or new lease agreements must have reasonable terms and costs so as to not make cottage ownership unaffordable and something that would only be available to the rich.  As such, I feel the Rondeau Cottagers Association must be collaborators in consultation process with the ERO.\nThank You.\n"
    }
}