{
    "106372": {
        "url": "/comment/106372",
        "comment": "I support the extension of the rondeau cottage leases to 2038.\nI was  expecting a longer term solution for cottages given what was decided in Dec 2019 where a proposal for long term use was expected in early 2020. Still waiting for that and a hope that in consultation with rondeau cottage association this will still occur.\n"
    },
    "106380": {
        "url": "/comment/106380",
        "comment": "hello, to whom it may concern,\ni am writing to express my strong, affirmative support (YES!) for the proposal in ERO 019-8289 to amend the Rondeau Park Management Plan to allow cottages to remain in Rondeau Park until at least 2038.\nRondeau's Heritage Cottage Community has been a social, economic, essential cultural and historical element of this provincial park since the original 1894 Park charter was created.\nA long term cottage tenure solution must be reached to insure the myriad benefits for everyone involved, especially the citizens of the geographic and environmental area and the neighboring towns which depend on the park for their economic diversity and vibrancy.\nmany, many thanks for your kind consideration!\n"
    },
    "106388": {
        "url": "/comment/106388",
        "comment": "Yes, I support the 14 year lease extension, if that is the longest possible.  We would rather have a 21 year extension, as it would show good faith, given the roller coaster of missed expectations we have been on for the last many years.  That would require colouring within the lines, but using a slightly brighter colour and perspective.  We have been  powerless to negotiate so  we take what we can get.  So yes, this extension is better than broken promises, but not as good as going back to the good old days when we got 21 years on repeat.\n"
    }
}