{
    "105295": {
        "url": "/comment/105295",
        "comment": "As a cottage owner and leaseholder I support the proposed 14-year lease extension with the understanding that time will be used productively to find a way to keep the cottage community in the park PERMANENTLY. Rondeau was chartered for the purpose of cottaging, cottages have always been here and must always be here. Rondeau is Ontario's original cottage community and the cottage community belongs here. Thank you.\n"
    },
    "105348": {
        "url": "/comment/105348",
        "comment": "I support the proposal in ERO 019-8289 to amend the Rondeau Park Management Plan, allowing cottages to remain in Rondeau Park until at least 2038. The original 1894 Park charter identifies the cottage community as one of the primary reasons for the Park's establishment, and the Heritage Cottage Community has been essential to the Park since its inception.\nAny new leases or extensions related to this initiative should include fair terms and conditions, avoiding punitive economic measures that could lead to eviction. New lease agreements must be created in collaboration with the Rondeau Cottagers Association.\nThe decision for ERO 011-1300, posted on December 20, 2019, noted, \u201cOur final policy decision regarding this proposal will allow us to consult on a new option for the long-term occupation of cottage lots. We expect to post a new proposal on the Environmental Registry of Ontario early in 2020.\u201d The cottage community eagerly awaits this proposal and looks forward to discussions on a long-term solution for cottage tenure.\n"
    },
    "105420": {
        "url": "/comment/105420",
        "comment": "This comment is in support of the proposed Rondeau cottage lease extension as an excellent first step toward a long term solution for maintaining the historic cottages in this centennial park. Cottages have always been an important part of the park and add tremendous value to the park, community, and Ontario. It is vital that reasonable terms be included in the lease extension so that the valuable heritage of these cottages in not lost or diminished. In this way, a long term sustainable presence can be guaranteed for future generations that will learn and appreciate the connection that we have with nature and the environment.\n"
    },
    "105429": {
        "url": "/comment/105429",
        "comment": "Small tweaks:\nI support ERO 019-8289 and the goal to modify the Rondeau Park Management Plan to allow cottages to remain until at least 2038. The 1894 Park original charter shows the cottage community as a key reason for the park's creation, and it has been a fundamental element of the park since then. New leases should include fair terms and be developed in consultation with the Rondeau Cottagers Association.\nAdditionally, the decision on ERO 011-1300, posted on December 20th, 2019, stated that a proposal for long-term cottage occupancy would be forthcoming. The community eagerly awaits this proposal to discuss a long-term solution for cottage tenure.\n"
    },
    "105527": {
        "url": "/comment/105527",
        "comment": "I am in favor of the ERO 019-8289 proposal for modification of the Rondeau Park Management Plan to allow a cottage lease extension to 2038, but I support even more strongly the decision in ERO 011-1300 to develop a new proposal for the long term occupation of cottage lots.  That proposal has not yet appeared and has been delayed long enough. Cottages belong in Rondeau Park according to the original Park Charter and are Heritage assets. There is no question that the community is worthy of preservation so please get on with it!\n"
    },
    "105880": {
        "url": "/comment/105880",
        "comment": "The cottagers of Rondeau have been repeatedly promised a permanent solution for security of tenure and they deserve to have that promise honoured.  As such, the ERO 029-8289 proposal is a step in the right direction and should be supported. Protection of cultural heritage resources is in the mandate of Ontario Parks.\n"
    },
    "105965": {
        "url": "/comment/105965",
        "comment": "I support the proposal in ERO 019-8289 to amend the Rondeau Park Management Plan to allow cottages to remain in Rondeau Park until at least 2038. The original 1894 Park charter describes the cottage community as one of the two reasons the Park was created and the Heritage Cottage Community has been integral to the park since its very inception.\nAs a Rondeau park caregiver for over 20 years I have seen park staff come and go, but many of the parks cottage owners are still there. They see the park as a special home/place that is a part of them, NOT just an employee job or a stepping stone for another position in the park services. This means that the park cottages feel more invested in keeping the park clean and beautiful throughout generations.\n"
    },
    "105987": {
        "url": "/comment/105987",
        "comment": "My partner and I are new cottage lessees in the Park. We support the extension of the leases to 2038 and wish:\n- the financial implications were clearer;\n- the term was longer.\nAs well as favouring long, renewable tenure, we favour the cottages remaining in the Park - we feel this is in the public interest and in nature's interest.\n"
    },
    "106152": {
        "url": "/comment/106152",
        "comment": "As an Ontario citizen I cherish and love the province's provincial parks. Provincial parks should be for the use of everyone and no one small sub-set of the population should be given the privilege to enjoy the park land for their exclusive right. I do not support the lease extension. Rondeau's management plan indicated that the Rondeau leases should not be extended following their expiry, however here we are. I understand there is a history of cottagers in Rondeau but it is time to end this private use of our public parks. Not everyone has the opportunity to have a lease so why perpetuate leases of the wealthy few? Some of the leaseholder are not even Canadian citizens, they are international citizens that vacation here. I do not support the continuation of cottagers in Rondeau, I do not support the continuation of cottagers in Algonquin and I do not support giving perpetual lease extensions. It is time to kick the cottagers out of our provincial parks and removal all infrastructure from the park land and rehabilitate it. Humans have enough land outside the park. Habitat for valuable and at risk species is shrinking across this country. Reclaim some of the developed lease land and restore it and give it back to native flora and fauna, within park that will protected into perpetuity.\nThe Doug Ford government changed the funding structure of Ontario Parks, so that Ontario Parks no longer receives provincial funding and must run entirely on the revenue they receive from operations including lease fees. So I understand this is a revenue stream for Ontario Parks. Historically the Rondeau lease fees have been too low, remaining the same decades. Raising lease fees to match current day value is not good enough to justify continuing the lease program. Remove the cottagers from Rondeau! If the cottagers are upset, that is on them. The leases always had an expiry date. The policy intention of not extending the lease was in the Rondeau management plan for years. This government has to stop making decision based on a few loud people. The general public does not want cottagers in their provincial parks.  The Indigenous communities with treaty rights at Rondeau do not want the cottage leases to continue - they want them out!\nI do not support the leases in Rondeau. I do not support Rondeau's lease extension. I do not support the cottagers remaining in Rondeau (or Algonquin for that matter). I am against extending the cottage leases in Rondeau Provincial Park.\n"
    },
    "106179": {
        "url": "/comment/106179",
        "comment": "I completely agree with  the proposal to extend the leases of cottages at Rondeau Park.\nWithout the cottages the financial impact on the community and Provincial Parks would be terrific.  With almost 300 cottages each paying around $4,000 for fees and taxes the loss would be over one MILLION dollars a year.\n"
    },
    "106181": {
        "url": "/comment/106181",
        "comment": "Hello,\nI am writing my comment to express my concerns with the proposal to extend the cottage leases at Rondeau Provincial Park.\nAs a long time visitor of the park, I have noticed how many developments have been occurring to the cottages. Many of them are no longer cottages, however, they have become full 4 season \u201ccottages\u201d and homes. I do not support private occupation of provincial parks, Rondeau is ever becoming a subdivision for an elite group and not a place for the average park visitor to enjoy.\nI believe that these cottages should be taken down as they are out up for sale. I can understand family cottages being passed through generations, however, I DO NOT agree with people making upwards of half a million dollars selling their cottages as they would their private homes. Provincial parks SHOULD be for the public to enjoy, and again, not benefit the select few. I have noticed that some of the cottages have been torn down over the years, but why have they stopped? This should be happening at a much quicker rate.\nOntario Parks is supposed to be \u201cprotecting important natural and cultural features while providing opportunities compatable ecologically sustainable recreation\u201d. I have a hard time understanding how all these developments are happening to the cottages and can still be protecting our environment. There are so many rare and important species that call Rondeau home, and all of this development cannot be compatible with protection. Recreation opportunities are provided for who? Again, not the general public but the cottagers. If that land was used by the park, there are so many options for uses for the public to enjoy. Instead, all of these beaches are essentially for exclusive use by a select group.\nThank you for the opportunity to express my concerns.\n"
    },
    "106199": {
        "url": "/comment/106199",
        "comment": "1)  I support the proposal in ERO 019-8289 to amend the Rondeau Park Management Plan to allow cottages to remain in Rondeau Park until at least 2038. The original 1894 Park charter describes the cottage community as one of the two reasons the Park was created and the Heritage Cottage Community has been integral to the park since its very inception.\n2)  New leases or extensions as part of this initiative must have reasonable terms and conditions and not be driven to achieve eviction by punitive economic terms. New lease agreements must be developed in consultation with the Rondeau Cottagers Association.\n3)  The decision for ERO 011-1300 posted on December 20, 2019 stated that \u201cOur final policy decision respecting this proposal will allow us to consult on a proposal for a new option for the long-term occupation of cottage lots. We expect to post a new proposal on the Environmental Registry of Ontario early in 2020\u201d. The cottage community is anxiously awaiting this outstanding proposal and to have discussions to develop the long term cottage tenure solution.\n"
    }
}