{
    "100746": {
        "url": "/comment/100746",
        "comment": "I would like to see the lease extended to 2038. I am in favour of it. I think their people within the Ministry that refuse to look at facts and push for their own agenda and not reality. Cottages HAVE  NOT harmed this park, but made it. They seem to think a degree is more knowledge that lifetime experiences of local people. Just think, over 125 years of cottages, and the dune beach is more than 300 feet wider now than when cottages were first encouraged to be built. And none of that area is built upon. Cottages are not taking up any of the lakeshore beach. NOT ANY. And the fact is there are only 5 cottages that have water frontage, and they are all on Rondeau Bay, NOT Lake Erie. Plus these 5 lots take up 250 feet in total of a 8 mile Rondeau Bay shoreline. The benefits that these cottage lots provide far surpasses any negative idea that one may suggest.\nOver 125 years of cottages and the ecology is still thriving and going strong.\nYes - extend the leases.\n"
    },
    "100747": {
        "url": "/comment/100747",
        "comment": "I support the proposal in ERO 019-8289 to amend the Rondeau Park Management Plan to allow cottages to remain in Rondeau Park until at least 2038. New leases or extensions as part of this initiative must have reasonable terms and conditions and not be driven to achieve eviction by punitive economic terms. New lease agreements must be developed in consultation with the Rondeau Cottagers Association. The cottage community is anxiously awaiting this outstanding proposal and to have discussions to develop the long term cottage tenure solution. The cottages in Rondeau park are a special place for so many and have provided countless memories and love for nature.\n"
    },
    "100749": {
        "url": "/comment/100749",
        "comment": "Yes I am in favour of the 14 year extension\nFor the cottages at Rondeau.\nThey have been there and are part of the park\nThat makes it interesting to visit.\nMy vote is yes to your proposal!\n"
    },
    "100755": {
        "url": "/comment/100755",
        "comment": "1)  The original 1894 Park charter describes the cottage community as one of the two reasons the Rondeau Park cottage community has been integral to the park since its very inception. The cottages and its community have formed a long standing symbiotic relationship. This symbiotic relationship has been documented time and time again by the Minstry. Whereas any concerns suggested by private citizens about cottages in the Park are not evidence based. For these reasons, I support the Rondeau Park plan for cottages to remain in place to at least 2038.\n2)  New leases or extensions as part of this initiative must have reasonable terms and conditions and be developed in consultation with the Rondeau Cottagers Association.\n3)  There is an outstanding proposal, ERO 011-1300 that has been tabled from decision since December 2019 to develop the long term cottage tensure solution. The cottage community is anxiously awaiting this outstanding proposal and to have discussions wiht the Ministry and potentially the Municipality of Chatham Kent, to develop the long term cottage tenure solution.\n"
    },
    "100756": {
        "url": "/comment/100756",
        "comment": "The decision for ERO 011-1300 posted on December 20, 2019 stated that \u201cOur final policy decision respecting this proposal will allow us to consult on a proposal for a new option for the long-term occupation of cottage lots. We expect to post a new proposal on the Environmental Registry of Ontario early in 2020\u201d. The cottage community is anxiously awaiting this outstanding proposal and to have discussions to develop the long term cottage tenure solution.\n"
    },
    "100757": {
        "url": "/comment/100757",
        "comment": "Yes! I wholeheartedly support this lease extension in Rondeau Provincial Park. However, the decision for ERO 011-1300 posted on December 20, 2019 stated that \u201cOur final policy decision respecting this proposal will allow us to consult on a proposal for a new option for the long-term occupation of cottage lots. We expect to post a new proposal on the Environmental Registry of Ontario early in 2020\u201d. My family and I anxiously await additional news about this outstanding proposal in order to develop a long term cottage tenure solution for Rondeau Park leaseholders.\n"
    },
    "100763": {
        "url": "/comment/100763",
        "comment": "I am commenting in support of ERO 019-8289 that proposes to amend the Rondeau Park Management Plan to allow cottages to remain in Rondeau Park until at least 2038.  These cottage leases are an integral part of the heritage and history of the park and the cottagers remain stewards of the Park and positively impact the area.  Extension of these leases with fair and reasonable conditions for a longer duration will stabilize the community and reduce administrative and legal workload within the Ministry associated the recent repeated short-term lease extensions. This was the original intention of cottage leases in the Park.\n"
    },
    "100766": {
        "url": "/comment/100766",
        "comment": "I support amending the Rondeau Park Management Plan (ERO 019-8289) to allow cottages to remain until at least 2038, as the 1894 Park Charter recognizes the cottage community as a key reason for the Park's establishment, and this is now considered a heritage community.\nNew leases or extensions should include reasonable terms and conditions, avoiding punitive economic measures that could lead to eviction. They must be developed in consultation with the Rondeau Cottagers Association.\n"
    }
}