{
    "101694": {
        "url": "/comment/101694",
        "comment": "I am writing to express my strong support for the proposal in ERO 019-8289 to amend the Rondeau Park Management Plan and allow cottages to remain in the park until at least 2038.\nThe cottage community has been an integral part of Rondeau Park's heritage since its inception in 1894. As outlined in the original park charter, the preservation of this community was one of the primary reasons for the park's creation.\nI believe that it is essential to maintain the cottage community as a valuable asset to Rondeau Park. Cottagers contribute to the park's economy, support local businesses, and enhance the overall visitor experience.\nTo ensure the long-term viability of the cottage community, I urge park authorities to develop fair and reasonable lease terms that avoid punitive economic measures. The Rondeau Cottagers Association should be actively involved in the negotiation of these new agreements.\nFurthermore, I would like to reiterate the importance of the decision made in ERO 011-1300, which stated that a new proposal for long-term cottage occupancy would be developed. The cottage community eagerly awaits this proposal and the opportunity to participate in discussions to shape its future.\nI believe that by preserving the cottage community, we can safeguard the heritage of Rondeau Park and ensure its continued success as a natural and cultural treasure.\nThank you for your attention to this important matter.\n"
    },
    "101702": {
        "url": "/comment/101702",
        "comment": "I urge you to support the proposal in ERO 019-8289 to extend lease terms for Rondeau Park cottages until 2038. The cottage community is a vital part of the park's heritage, contributing to its economy and visitor experience. Fair lease terms and collaboration with the Rondeau Cottagers Association are essential for preserving this valuable asset.\nThank you for your attention to this urgent matter.\n"
    },
    "101703": {
        "url": "/comment/101703",
        "comment": "I am writing to express my unwavering support for the proposal in ERO 019-8289 to extend the lease terms for cottages in Rondeau Park until at least 2038. The cottage community has been an integral part of this cherished park's legacy for generations.\nAs outlined in the original 1894 Park charter, the preservation of the cottage community was a cornerstone of Rondeau Park's creation. These cottages have enriched the park's character, providing a unique and vibrant blend of history, nature, and community.\nCottagers contribute significantly to the park's economy, supporting local businesses and enriching the overall visitor experience. Their presence fosters a sense of belonging and connection to the natural environment.\nTo ensure the long-term viability of the cottage community, I urge park authorities to develop fair and reasonable lease terms that avoid punitive economic measures. The Rondeau Cottagers Association should be actively involved in negotiating these agreements to ensure they align with the needs and aspirations of the community.\nFurthermore, the decision in ERO 011-1300, which committed to developing a new proposal for long-term cottage occupancy, was a positive step forward. We eagerly anticipate this proposal and the opportunity to collaborate in shaping its future.\nBy preserving the cottage community, we safeguard the heritage of Rondeau Park and ensure its continued success as a natural and cultural treasure. Let us work together to protect this invaluable asset for generations to come.\nThank you for your consideration.\n"
    },
    "101709": {
        "url": "/comment/101709",
        "comment": "I really like Rondeau Park! It's a special place with lots of cool trees and animals. I think the cottages there are really cool too. They make the park feel like a fun place to visit my family and friends.\nI want the cottages to stay in the park forever. They've been there for a really long time, even before I was born! I think it would be sad if they went away.\nI hope the park people will be nice and let the cottages stay. We need to take good care of our parks and the people who live there.\nThank you for reading my letter!\n"
    },
    "101711": {
        "url": "/comment/101711",
        "comment": "As a lifelong resident of the area and a lover of Rondeau Park, I have seen firsthand the beauty and tranquility that the cottage community brings to this cherished natural space. The cottages have been an integral part of the park's heritage for generations, and their presence enriches the experience of all who visit.\nI wholeheartedly support the proposal in ERO 019-8289 to extend the lease terms for cottages in Rondeau Park until at least 2038. This decision is vital to preserving the park's unique character and ensuring its continued success as a destination for nature enthusiasts and families alike.\nCottagers have long been an essential part of the Rondeau Park community, contributing to the local economy and fostering a sense of belonging. It is imperative that we protect their right to continue enjoying this special place.\nI urge park authorities to develop fair and reasonable lease terms that avoid excessive financial burdens on the cottage community. The Rondeau Cottagers Association should be actively involved in these negotiations to ensure that the needs and aspirations of cottagers are represented.\nThe decision in ERO 011-1300, which committed to developing a new proposal for long-term cottage occupancy, was a positive step forward. We eagerly await this proposal and the opportunity to work together to create a sustainable future for the cottage community.\nBy preserving the cottage community, we safeguard the heritage of Rondeau Park and ensure its continued success as a natural and cultural treasure. Let us work together to protect this invaluable asset for generations to come.\nThank you\n"
    },
    "101725": {
        "url": "/comment/101725",
        "comment": "I am writing to express my unwavering support for the proposal in ERO 019-8289 to extend the lease terms for cottages in Rondeau Park until at least 2038. The cottage community has been an integral part of this cherished park's legacy for generations.\nAs outlined in the original 1894 Park charter, the preservation of the cottage community was a cornerstone of Rondeau Park's creation. These cottages have enriched the park's character, providing a unique and vibrant blend of history, nature, and community.\nCottagers contribute significantly to the area economy, supporting local businesses, restaurants, and services. Their presence fosters a sense of belonging and connection to the natural environment, attracting visitors from far and wide.\nTo ensure the long-term viability of the cottage community, I urge park authorities to develop fair and reasonable lease terms that avoid punitive economic measures. The Rondeau Cottagers Association should be actively involved in negotiating these agreements to ensure they align with the needs and aspirations of the community.\nFurthermore, the decision in ERO 011-1300, which committed to developing a new proposal for long-term cottage occupancy, was a positive step forward. We eagerly anticipate this proposal and the opportunity to collaborate in shaping its future.\nBy preserving the cottage community, we safeguard the heritage of Rondeau Park and ensure its continued success as a natural and cultural treasure. This will not only benefit the residents of Rondeau Park but also contribute to the economic vitality of the surrounding region.\nLet us work together to protect the future of Rondeau Park and the vibrant cottage community that has thrived within its borders for generations.\nThank you\n"
    },
    "101732": {
        "url": "/comment/101732",
        "comment": "I am writing to express my support for the proposal in ERO 019-8289 to extend the lease terms for cottages in Rondeau Park until at least 2038. The cottage community has been an integral part of this cherished park's legacy for generations, contributing significantly to its environmental preservation.\nCottagers play a vital role in maintaining the natural beauty of Rondeau Park. Their commitment to responsible stewardship of the land has helped to protect the park's ecosystems and biodiversity. By living in harmony with nature, cottagers contribute to the conservation of valuable habitats and wildlife.\nFurthermore, the cottage community supports local businesses and services. Cottagers also play an active role in community initiatives and environmental stewardship programs, further enhancing the park's sustainability.\nBy preserving the cottage community, we can ensure that Rondeau Park remains a pristine natural area for generations to come. Let us work together to protect this invaluable asset and the diverse ecosystems it supports.\nThank you\n"
    },
    "101733": {
        "url": "/comment/101733",
        "comment": "As a local resident and a small business owner who relies on the tourism generated by Rondeau Park, I am writing to express my unwavering support for the proposal in ERO 019-8289 to extend the lease terms for cottages in the park.\nThe cottage community has been an integral part of Rondeau Park's heritage for generations. Their presence not only enriches the park's character but also provides a vital boost to the local economy. Cottagers support local businesses, restaurants, and services, contributing to the overall vitality of our community.\nI urge park authorities to develop fair and reasonable lease terms that avoid excessive financial burdens on the cottage community. By preserving this vibrant community, we can ensure the continued success of Rondeau Park as a destination for visitors and a source of economic activity for our region.\nThe Rondeau Cottagers Association should be actively involved in negotiating these new lease agreements to ensure that the needs and aspirations of cottagers are represented.\nThe decision in ERO 011-1300 was a positive step forward, and we eagerly await the new proposal for long-term cottage occupancy. By working together, we can create a sustainable future for Rondeau Park and the cottage community, preserving a cherished part of our local heritage.\nThank you for your attention to this important matter.\n"
    },
    "101793": {
        "url": "/comment/101793",
        "comment": "Yes I agree with the proposal to extend the leases for the Rondeau cottagers until 2038 as a minimum.  I also encourage the government to follow through with the posted proposal from 2020\n for discussions  with the cottage community  for long term tenure.\nNew leases must be reasonable and developed in consultation with the Rondeau Cottage Association.  Leases must not be punitive.\nThank you.\n"
    },
    "101807": {
        "url": "/comment/101807",
        "comment": "Yes I support proposal to amend ERO 019- 8289  to allow the cottages to remain in the park until 2038.  When the park was created, the cottages were one of two mandates for the park.  The cottages have always been part of the Rondeau Community from the onset of the park.\nNew leases should be fair and not punitive.   New leases should be developed in consultation with the cottage community.\nThe cottage community is still waiting for the outstanding proposal on the Environmental Registry from 2020 to have discussions to develop a long term cottage tenure solution.\n"
    },
    "101972": {
        "url": "/comment/101972",
        "comment": "I support the proposal in ERO 0-19-8289 to amend the Rondeau Park Management Plan to allow cottages to remain in Rondeau Park until at least 2038. New leases should not be for the purpose of economic eviction and should be the result of consultation with the Rondeau Cottagers Association. The decision for ERO 011-1300 posted on December 20/2019 stated that the final policy decision will allow us to consult on a proposal for a new option for the long term occupation of cottage lots. The new proposal on the Ontario Environmental Registry was to be posted in early 2020. Cottagers are waiting for this outstanding proposal and eager for a long term solution.\n"
    },
    "101987": {
        "url": "/comment/101987",
        "comment": "I support the proposal in ERO 019-8289 to amend the Rondeau Park Management Plan to allow cottages to remain in Rondeau Park until at least 2038. The original 1894 Park charter describes the cottage community as one of the two reasons the Park was created and the Heritage Cottage Community has been integral to the park since its very inception.\nI am requesting that reasonable terms and conditions be agreed upon. Rondeau Cottagers Association is ready to discuss an economic solution that works for all Canadians. please reference ERO 011-1300 posted on December 20, 2019. I am anxiously awaiting a decision on this outstanding proposal for a long term solution.\nThank you for your time and consideration.\n"
    },
    "102053": {
        "url": "/comment/102053",
        "comment": "I support the extension of the cottage lot leases for 14 years. The cottages are an important part of the economy of the southern Chatham-Kent area. This long-term community of almost 300 summer residences supports employment and local businesses in an area that needs it. Furthermore, they form a key part of the larger Erie shoreline recreational experience, which is developing, growing and contributing to the well-being of the entire southwest Ontario economy.\n"
    },
    "102072": {
        "url": "/comment/102072",
        "comment": "I support the proposal of a fourteen year extension of our leases at Rondeau Provincial Park.\nIn this new lease there must be reasonable terms and conditions so that there will be no economic eviction of the cottages.\nI would strongly hope that the Ministry would consult with the Rondeau Cottagers Association as to the wording and terms of the leases. I would also hope that there could be discussions on finding a way to solve the issue of long term tenure for cottages in Rondeau.\n"
    },
    "102139": {
        "url": "/comment/102139",
        "comment": "I support the proposal in ERO 019-8289 to amend the Rondeau Provincial Park Management Plan to allow cottages to remain in Rondeau Park until at least 2038.\nIt's understood extensions of these lease will be made under the same terms (fees, land uses, etc.) in accordance with the email sent by Jason Travers, Director of Ontario Parks Operational Branch, sent September 25, 2024, failing which, a full review of expectations and modifications be negotiated with the Municipality of Chatham-Kent and Rondeau Cottagers Associations representatives.\n"
    }
}