{
    "100794": {
        "url": "/comment/100794",
        "comment": "Of course it should be extended , or given completely! These are our homes we are a community and we support nature and teaching our future generations about the wildlife and being apart of a community and supporting the local farmers and businesses. Rondeau brings profit to the local businesses and communities. Our past generations need to be remembered by our future generations. I support the lease extension. But it should be given indefinitely.\n"
    },
    "100798": {
        "url": "/comment/100798",
        "comment": "1)  I support the proposal in ERO 019-8289 to amend the Rondeau Park Management Plan to allow cottages to remain in Rondeau Park until at least 2038. The original 1894 Park charter describes the cottage community as one of the two reasons the Park was created and the Heritage Cottage Community has been integral to the park since its very inception.\n2)  New leases or extensions as part of this initiative must have reasonable terms and conditions and not be driven to achieve eviction by punitive economic terms. New lease agreements must be developed in consultation with the Rondeau Cottagers Association.\n3)  The decision for ERO 011-1300 posted on December 20, 2019 stated that \u201cOur final policy decision respecting this proposal will allow us to consult on a proposal for a new option for the long-term occupation of cottage lots. We expect to post a new proposal on the Environmental Registry of Ontario early in 2020\u201d. The cottage community is anxiously awaiting this outstanding proposal and to have discussions to develop the long term cottage tenure solution.\n4) On a personal note, I am a relatively new cottage owner, since July 2022. We greatly enjoy our time here and find it restorative. Rondeau is a special place with its diverse forest and landscape. It is a special community as well with a mixed group of people who appreciate what Rondeau has to offer.\n"
    },
    "100799": {
        "url": "/comment/100799",
        "comment": "I support the proposal, ERO 019-8289, allowing cottages to remain in Rondeau Park until at least 2038. The Heritage Cottage Community has been an important part of Rondeau Park since its very inception in 1894.\nThe new leases / extensions must have input from the Cottagers Association. Leases should have reasonable terms, so eviction doesn't occur due to unreasonable increases in lease fees or terms of leases.\nThe cottagers have been excellent stewards of the environment within Rondeau Park and should have the proposal, ERO 019-8289, approved to 2038.\n"
    },
    "100800": {
        "url": "/comment/100800",
        "comment": "1)  I support the proposal in ERO 019-8289 to amend the Rondeau Park Management Plan to allow cottages to remain in Rondeau Park until at least 2038. The original 1894 Park charter describes the cottage community as one of the two reasons the Park was created and the Heritage Cottage Community has been integral to the park since its very inception.\n2)  New leases or extensions as part of this initiative must have reasonable terms and conditions and not be driven to achieve eviction by punitive economic terms. New lease agreements must be developed in consultation with the Rondeau Cottagers Association.\n3)  The decision for ERO 011-1300 posted on December 20, 2019 stated that \u201cOur final policy decision respecting this proposal will allow us to consult on a proposal for a new option for the long-term occupation of cottage lots. We expect to post a new proposal on the Environmental Registry of Ontario early in 2020\u201d. The cottage community is anxiously awaiting this outstanding proposal and to have discussions to develop the long term cottage tenure solution.\n"
    },
    "100801": {
        "url": "/comment/100801",
        "comment": "I support the proposal, ERO 019-8289, allowing cottages to remain in Rondeau Park until at least 2038. Rondeau Park was originally founded for the purposes of cottaging and The Heritage Cottage Community has been an important part of the park since its very inception in 1894. The new lease extension must be developed with input from the Cottagers Association. Leases should have reasonable terms, so burdensome economic terms don't result in eviction due to unreasonable increases in lease fees or terms of leases. The cottagers have been excellent stewards of the environment within Rondeau Park and should have the proposal, ER 019-8289, approved to 2038.The cottage community is anxiously awaiting this outstanding proposal and to have discussions to develop the long term cottage tenure solution.\n"
    },
    "100803": {
        "url": "/comment/100803",
        "comment": "I support the initiative to amend the Rondeau Park Management Plan to allow cottages to remain in the park at least until 2038 with the following comments and clarifications:\n1)  Cottages have been a part of Rondeau Provincial Park since 1894.  In fact, it was one of the two reasons the park was created.  It is not clear to me that day users in tents and Winnebagos are better for the park ecologically.\n2) That said, renewal lease terms must be at market rates and not create a situation whereby increased land rent is used to effectively evict cottagers.\n3) The Ministry should not be allowed to stall its decision as a way to \"wait out\" the cottagers as decisions related to refinancing and capital improvements are required.\nPlease make this a priority as it has taken far to long to achieve clarity on this issue.\n"
    },
    "100804": {
        "url": "/comment/100804",
        "comment": "We are an original cottage family and have been enjoying our cottage and Rondeau Park for 98 years - I have been coming to the park my entire life and this year I am 61.\nWe support that  Rondeau should continue with the lot lease program at least thru 2038 and that the  new proposal ERO -019 8289 should bear in mind the objective of creating long term tenure of cottages as the goal .\nAdditionally, we believe the new terms  should be fair and equitable to the cottagers - we have many cottages leased by fixed income senior citizens .\nThank you for your attention .\n"
    },
    "100805": {
        "url": "/comment/100805",
        "comment": "I support the proposal in ERO 019-8289 to amend the Rondeau Park Management Plan to allow cottages to remain in Rondeau Park until at least 2038. The original 1894 Park charter describes the cottage community as one of the two reasons the Park was created and the Heritage Cottage Community has been integral to the park since its very inception.\n"
    },
    "100807": {
        "url": "/comment/100807",
        "comment": "Please vote YES on proposal ERO 019-8289 amending Rondeau Park cottage leases to 2038. I would ask that new lease agreements be done in consultation with the Rondeau Cottagers Association.\nThere has been in the past a proposal for long term occupation of cottage lots. As a cottage owner, I am anxiously awaiting discussions and a viable proposal to develop the long term cottage tenure solution.\n"
    },
    "100808": {
        "url": "/comment/100808",
        "comment": "I support the proposal in ERO 019-8289 to amend the Rondeau Park Management Plan  allowing cottages to remain until at least  2038. The original 1894 Park Charter claims the cottages as one of two reasons Rondeau Park was created and the Heritage Cottage community has been integral to the park since its inception. New  lease extensions should have reasonable conditions, working  with the Rondeau Cottage Association. Leases cannot become so elevated in price that it forces cottagers out of the park. Much anticipated in early 2020 is the decision for ERO 011-1300  posted in December 2020 regarding the proposal for a new option regarding long term use of cottage lots in Rondeau.\n"
    },
    "100809": {
        "url": "/comment/100809",
        "comment": "I support the proposal in ERO 019-8289 to amend the Rondeau Park Management Plan to allow cottages to remain in Rondeau Park until at least 2038. The original 1894 Park charter describes the cottage community as one of the two reasons the Park was created and the Heritage Cottage Community has been integral to the park since its very inception.\n2)  New leases or extensions as part of this initiative must have reasonable terms and conditions and not be driven to achieve eviction by punitive economic terms. New lease agreements must be developed in consultation with the Rondeau Cottagers Association.\n3)  The decision for ERO 011-1300 posted on December 20, 2019 stated that \u201cOur final policy decision respecting this proposal will allow us to consult on a proposal for a new option for the long-term occupation of cottage lots. We expect to post a new proposal on the Environmental Registry of Ontario early in 2020\u201d. The cottage community is anxiously awaiting this outstanding proposal and to have discussions to develop the long term cottage tenure solution.\n"
    },
    "100811": {
        "url": "/comment/100811",
        "comment": "I support ERO 019-8289 to allow cottages to remain in Rondeau Park. This was part of the original 1894 and was part of the reason it was created. Cottagers are excellent protectors and stewards of this beautiful area. New leases/extensions must have reasonable terms for those involved and to continue this partnership for years to come!\n"
    },
    "100813": {
        "url": "/comment/100813",
        "comment": "My wife and I support the ERO 019-8289 proposal to extend cottage leases until at least 2038.Cottages have been an integral part of the Park since its inception.\nLease extensions must have reasonable terms and conditions and developed in consultation with the Rondeau Cottagers Assoc. to ensure fairness for all parties concerned.\nThankyou\n"
    }
}