{
    "100816": {
        "url": "/comment/100816",
        "comment": "I support the management plan to allow cottages to remain in Rondeau Provincial Park.\nIt is important to ensure that cottage owners have  some security that a longer term lease provides.\nCottagers are committed to the integrity of the park - that is - maintaining their heritage properties to high standards, respecting the limitations imposed by the park authorities, adhering to high environmental standards etc.\nMany Cottagers, over the past few years,\ncarried out  major renovations and, among other things, have upgraded septic systems to protect the land and water resources.\nIf there is a need for higher environmental standards to be imposed, as a cottage owner, I  am willing to meet them, so that that all aspects of the environment of the park can be protected.\n"
    },
    "100822": {
        "url": "/comment/100822",
        "comment": "I support the proposal in ERO 019-8289 to amend the Rondeau Management Plan to allow cottages to remain in Rondeau Park until at least 2038.  Rondeau Park was created with cottages as one of the two primary reasons.  To this day, these heritage cottages form an integral part of the Rondeau Park allure.  I believe that when this lease extension is granted, the terms must be in consultation with the cottagers via their association and they must be reasonable.  The Ontario government of Doug Ford must not be known as the government driving eviction through punitive economic terms, of almost 300 families during a time when housing is on the front page of the news almost every day.  While a lease extension to 2038 is welcome, I believe the government must engage with the cottagers through their representatives to develop a long term, permanent solution for this vibrant community in Southwest Ontario.\n"
    },
    "100824": {
        "url": "/comment/100824",
        "comment": "I support the proposal in ERO 019-8289 to amend the Rondeau Management Plan to allow cottages to remain in Rondeau Park until at 2038 and hopefully far beyond.  The creation of the 1894 charter describes the cottage community as one of the primary reasons for the park\u2019s creation. These heritage cottages, some over 100 years old, form an integral part of the Rondeau Park today.  I believe that when this lease extension is granted, the terms must be in consultation with the cottagers via their association and they must be reasonable.  The Ontario government must not attempt to drive eviction of the cottagers through punitive economic terms, which we have seen in the Algonquin cottage community since they singed their lease extension.   I believe the government must engage with the cottagers through their representatives to develop a long term, permanent solution for this vibrant community.\n"
    },
    "100825": {
        "url": "/comment/100825",
        "comment": "I support the proposal in ERO 019-8289 to amend the Rondeau Park Management Plan to allow cottages to remain in Rondeau Park until at least 2038. The original 1894 Park charter describes the cottage community as one of the two reasons the Park was created and the Heritage Cottage Community has been integral to the park since its very inception.\n2)  New leases or extensions as part of this initiative must have reasonable terms and conditions and not be driven to achieve eviction by punitive economic terms. New lease agreements must be developed in consultation with the Rondeau Cottagers Association.\n3)  The decision for ERO 011-1300 posted on December 20, 2019 stated that \u201cOur final policy decision respecting this proposal will allow us to consult on a proposal for a new option for the long-term occupation of cottage lots. We expect to post a new proposal on the Environmental Registry of Ontario early in 2020\u201d. The cottage community is anxiously awaiting this outstanding proposal and to have discussions to develop the long term cottage tenure solution.\n"
    },
    "100828": {
        "url": "/comment/100828",
        "comment": "I support the proposal in ERO 019-8289 to amend the Rondeau Management Plan to allow cottages to remain in Rondeau Park until at least 2038.  Rondeau Park was created with cottages as one of the two primary reasons.  To this day, these heritage cottages form an integral part of the Rondeau Park.  I believe that when this lease extension is granted, the terms must be in consultation with the cottagers via their association and they must be reasonable.  The Ontario government of Doug Ford must not be known as the government driving eviction through punitive economic terms.  In all fairness and from a purely political viewpoint, this would not benefit the Conservative party heading into an election.  While a lease extension to 2038 is most welcome for the cottagers, I believe the government must immediately engage with the cottagers through their representatives and develop a long term, permanent solution in a timely manner for this vibrant community in South West Ontario.\n"
    },
    "100831": {
        "url": "/comment/100831",
        "comment": "I support the proposal in ERO 019-8289 to amend the Rondeau Park Management Plan to allow cottages to remain in Rondeau Park until at least 2038. The original 1894 Park charter describes the cottage community as one of the two reasons the Park was created and the Heritage Cottage Community has been integral to the park since its very inception. The rondeau cottagers have been an important and vital community for over 100 years and should be allowed to remain indefinitely!\n"
    },
    "100833": {
        "url": "/comment/100833",
        "comment": "Yes, I support the proposal ERO 019-8289 to amend the Rondeau Park mgt plan to allow cottages to remain until at least 2038. Cottages are part of the original park charter in 1894, the community is a unique one as cottages are an important piece of the park. Of course, reasonable terms and conditions are vital. ERO 011-1300 indicated that Cottagers would be able to consult on the proposal. The Rondeau Cottagers Association should be consulted along the way.\n"
    },
    "100834": {
        "url": "/comment/100834",
        "comment": "From what I have observed the Rondeau Cottage community has been an integral and important aspect of this park from its beginning. Each provincial park has a unique and separate history and interesting features. The Rondeau cottage community is one aspect of this park we enjoy seeing and we believe should remain beyond 2038. Cottagers have worked hard to care for these properties and they are a small but important part of the heritage of the park, in fact I believe they have special heritage designation. For this reason they should be considered integral to the park and should have a viable, affordable and long term presence in the park with input as to what their lease agreements include. Thank you for the chance to comment on this proposal.\n"
    },
    "100835": {
        "url": "/comment/100835",
        "comment": "I support ERO 019-8289.\nI support the proposal in ERO 019-8289 to amend the Rondeau Park Management Plan to allow cottages to remain in Rondeau Park until at least 2038. The original 1894 Park charter describes the cottage community as one of the two reasons the Park was created and the Heritage Cottage Community has been integral to the park since its very inception.\nNew leases or extensions as part of this initiative must have reasonable terms and conditions and not be driven to achieve eviction by punitive economic terms. New lease agreements must be developed in consultation with the Rondeau Cottagers Association.\nThe decision for ERO 011-1300 posted on December 20, 2019 stated that \u201cOur final policy decision respecting this proposal will allow us to consult on a proposal for a new option for the long-term occupation of cottage lots. We expect to post a new proposal on the Environmental Registry of Ontario early in 2020\u201d. The cottage community is anxiously awaiting this outstanding proposal and to have discussions to develop the long term cottage tenure solution.\n"
    },
    "100836": {
        "url": "/comment/100836",
        "comment": "I support the proposal in ERO 019-8289 to amend the Rondeau Management Plan to allow cottages to remain in Rondeau Park until at least 2038.  Rondeau Park was created with cottages as one of the two primary reasons.  To this day, these heritage cottages form an integral part of the Rondeau Park allure.  I believe that when this lease extension is granted, the terms must be in consultation with the cottagers via their association and they must be reasonable.  The Ontario government of Doug Ford must not be known as the government driving eviction through punitive economic terms, of almost 300 families during a time when housing is on the front page of the news almost every day.  While a lease extension to 2038 is welcome, I believe the government must engage with the cottagers through their representatives to develop a long term, permanent solution for this vibrant community in Southwest Ontario.\n"
    },
    "100839": {
        "url": "/comment/100839",
        "comment": "I support the proposal in ERO 019-8289 to amend the Rondeau Management Plan to allow cottages to remain in Rondeau Park until at least 2038.  Rondeau Park was created with cottages as one of the two primary reasons.  To this day, these heritage cottages form an integral part of the Rondeau Park allure.  I believe that when this lease extension is granted, the terms must be in consultation with the cottagers via their association and they must be reasonable.  The Ontario government of Doug Ford must not be known as the government driving eviction through punitive economic terms, of almost 300 families during a time when housing is on the front page of the news almost every day.  While a lease extension to 2038 is welcome, I believe the government must engage with the cottagers through their representatives to develop a long term, permanent solution for this vibrant community in Southwest Ontario.\n"
    }
}