{
    "106759": {
        "url": "/comment/106759",
        "comment": "Cottages belong in Rondeau.  The Park was chartered for cottages in 1894 ...Rondeau is Ontario's Original Cottage Community!  The heritage cottages are in balance with the environment and the cottagers are good stewards. All of the cottage lots take up 0.6% of the park and block none of the Lake Erie shoreline. The proposal to amend the Park Plan in ERO 019-8289 should be supported. A plan should be developed in accordance with ERO 011-1300 to make the cottages a permanent fixture of Rondeau.  It's the right thing to do.\n"
    },
    "106763": {
        "url": "/comment/106763",
        "comment": "Here\u2019s a rephrased version of your message:\n---\nI support the proposal outlined in ERO 019-8289 to amend the Rondeau Park Management Plan, ensuring the cottages remain in the park at least until 2038. The 1894 Park charter identifies the cottage community as one of the two founding purposes of the Park, and the Heritage Cottage Community has been a vital part of its identity from the very beginning.\nAny new or extended leases under this initiative must include fair and reasonable terms, avoiding the use of punitive economic conditions to force eviction. Lease agreements should be developed in collaboration with the Rondeau Cottagers Association to ensure transparency and fairness.\nThe decision on ERO 011-1300, posted on December 20, 2019, stated: \u201cOur final policy decision respecting this proposal will allow us to consult on a proposal for a new option for the long-term occupation of cottage lots. We expect to post a new proposal on the Environmental Registry of Ontario early in 2020.\u201d The cottage community eagerly awaits this proposal and the opportunity to engage in discussions to develop a sustainable long-term solution for cottage tenure.\nThank you.\n"
    },
    "106764": {
        "url": "/comment/106764",
        "comment": "I support the proposal in ERO 019-8289 to change the Rondeau Park Management Plan so that cottages can stay until at least 2038. The park\u2019s 1894 charter lists the cottage community as one of the original reasons for creating the park, and these cottages have been an important part of the park ever since.\nAny new or extended leases should have fair terms, not unfair ones designed to force people out. The new agreements should be created with input from the Rondeau Cottagers Association to make sure they are reasonable.\nThe decision for ERO 011-1300, posted on December 20, 2019, said a new proposal for long-term cottage use would be shared in early 2020. The cottage community is still waiting for this proposal and looks forward to working on a lasting solution.\nThank you\n"
    },
    "106765": {
        "url": "/comment/106765",
        "comment": "I support ERO 019-8289 to allow cottages in Rondeau Park until at least 2038. The cottage community has been central to the park since its creation in 1894.\nNew or extended leases should be fair and developed with input from the Rondeau Cottagers Association, not used to push people out.\nThe cottage community is still waiting for the promised 2020 proposal from ERO 011-1300 and is ready to work on a long-term solution.\nThanks!\n"
    },
    "106767": {
        "url": "/comment/106767",
        "comment": "I support ERO 019-8289, which amends the Rondeau Park Management Plan to keep cottages until at least 2038. Cottages have been a key part of the park\u2019s identity since its founding in 1894.\nLease extensions or new agreements should be fair, not designed to force evictions through unreasonable terms, and must involve input from the Rondeau Cottagers Association.\nThe community is still waiting for the proposal promised under ERO 011-1300 in 2019 and looks forward to working on a long-term solution.\nKind regards\n"
    },
    "106769": {
        "url": "/comment/106769",
        "comment": "I support ERO 019-8289 to keep cottages in Rondeau Park until at least 2038. They\u2019ve been part of the park\u2019s identity since 1894.\nLeases should be fair and developed with input from the Rondeau Cottagers Association, not used to force evictions.\nThe community is still waiting for the 2019 proposal from ERO 011-1300 and is ready to work on a long-term solution.\nThank you\n"
    },
    "106770": {
        "url": "/comment/106770",
        "comment": "I support ERO 019-8289 to keep cottages in Rondeau Park until at least 2038, as they\u2019ve been part of the park since 1894. Leases must be fair and involve input from the Rondeau Cottagers Association, not force evictions.  The community is still waiting for the 2019 proposal from ERO 011-1300 and is ready to discuss a long-term solution.  Thank you.\n"
    }
}