{
    "100841": {
        "url": "/comment/100841",
        "comment": "As a heritage cottage owner, we've had a cottage in Rondeau since 1927! We support the proposal in ERO 019-8289 to amend the Rondeau Park Management Plan to allow cottages to remain in Rondeau Park until at least 2038.\nNew leases/extensions should have reasonable terms and conditions.\nAdding these extensions provides many more years for our children, grandchildren, etc. to appreciate and be knowledgeable on the many unique species that live or pass through this unique area.\nThe cottagers help provide stability to funds to maintain the park.  The cottagers also have so much respect to this beautiful area.\n"
    },
    "100843": {
        "url": "/comment/100843",
        "comment": "I support the proposal ERO 019-8289  to amend Rondeau Provincial Park Cottage Leases to at least 2038. The cottages have historical connections to the creation of the Rondeau community. I hope the parties continue discussions to ensure a long term tenure so future generations can remain park stewards and enjoy Rondeau as it was originally intended.\n"
    },
    "100844": {
        "url": "/comment/100844",
        "comment": "I strongly support the change to extend the Rondeau cottages lease extension to 2038. I believe the cottages bring a lot of financial benefit to the area in both direct and indirect spending. They also have a vested interest in protecting the park and it\u2019s facilities, unlike short term visitors and campers.\n"
    },
    "100845": {
        "url": "/comment/100845",
        "comment": "I strongly support the proposal in ERO 019-8289 to amend the Rondeau Park Management Plan to allow cottages to remain in Rondeau Park until at least 2038.\nThe original 1894 Park charter describes the cottage community as one of the two reasons the Park was created and the Heritage Cottage Community has been integral to the park since its very inception.\nPlease move forward and approve!!!!!\n"
    },
    "100846": {
        "url": "/comment/100846",
        "comment": "1)  I support the proposal in ERO 019-8289 to amend the Rondeau Park Management Plan to allow cottages to remain in Rondeau Park until at least 2038. The original 1894 Park charter describes the cottage community as one of the two reasons the Park was created and the Heritage Cottage Community has been integral to the park since its very inception.\n2)  New leases or extensions as part of this initiative must have reasonable terms and conditions and not be driven to achieve eviction by punitive economic terms. New lease agreements must be developed in consultation with the Rondeau Cottagers Association.\n3)  The decision for ERO 011-1300 posted on December 20, 2019 stated that \u201cOur final policy decision respecting this proposal will allow us to consult on a proposal for a new option for the long-term occupation of cottage lots. We expect to post a new proposal on the Environmental Registry of Ontario early in 2020\u201d. The cottage community is anxiously awaiting this outstanding proposal and to have discussions to develop the long term cottage tenure solution.\n"
    },
    "100847": {
        "url": "/comment/100847",
        "comment": "To whom it may concern. I have been coming to Rondeau Park beginning in the early 60s. We had a family cottage there. Unfortunately, the cottage was sold due to on the unrest on the leases. I\u2019ve been following this and think this is absolutely ridiculous to want to remove a place for the next generations to enjoy.\n"
    },
    "100850": {
        "url": "/comment/100850",
        "comment": "I support the proposal to amend the Rondeau Provincial Park Management Plan to provide an additional 14-year extension for cottage lot occupations in Rondeau Provincial Park.  Further, I would urge the Ontario government to implement a long-term permanent plan to provide certainty to the existing cottage owners that their leases will continue to be extended past the 2038 year well in advance of the expiry of any lease dates.  The cottage users are a significant part of the Chatham-Kent community and economy, and therefore, I wish them to remain.  As a long-time user of the Rondeau park, their presence does not negatively impact my enjoyment of the park.\n"
    },
    "100853": {
        "url": "/comment/100853",
        "comment": "I support the 14 year lease extension.\nThe decision for ERO 011-1300 posted on December 20, 2019 stated that \u201cOur final policy decision respecting this proposal will allow us to consult on a proposal for a new option for the long-term occupation of cottage lots. We expect to post a new proposal on the Environmental Registry of Ontario early in 2020\u201d. The cottage community is anxiously awaiting this outstanding proposal and to have discussions to develop the long term cottage tenure solution.\n"
    },
    "100854": {
        "url": "/comment/100854",
        "comment": "I am in favour of the 14 year lease extension\nI met my husband at this Grandfathers\nCottage and have been married for 36\nYears .We have a lifetime of memories of Rondeau and the cottages and the people .\nBirdwatching ,camping,Cottages,fishing and swimming,Rondeau is a special place.Eliminating the cottage community\nWould be a devastating mistake as Rondeau\nPark would never be the same.\n"
    },
    "100857": {
        "url": "/comment/100857",
        "comment": "I would like to support the proposal to amend the Rondeau Park Management Plan allowing the cottages to remain until at least 2038.\nAs well, I think that any new lease extensions must have reasonable rates. Marking up lease rates 200 - 1000% like other provincial parks is unreasonable and are bad faith negotiations resulting in underhanded removal of lease holders.\nLastly, I totally think that Rondeau cottages add and greatly enrich the park\u2019s history & heritage. Please remember the cottages were there before the park was a park. Although campers certainly are necessary and add short term value to the park, they are not invested in a long term commitment as a lease holder is.\nLeaseholders have been and will continue to be excellent stewards of the land. Some cottage owners are multi-generational who are very invested in continuing this tradition of ownership and land management.\n"
    },
    "100859": {
        "url": "/comment/100859",
        "comment": "Yes the cottages at Rondeau. Should stay!\nA 14 years lease extension will allow many to\nRepair needed upgrades.The community\nHas gone long enough with this burden\nOver their heads.The time has to come for these invited cottage owners for a permanent solution to this  on going problem\nCottage camping swimming day trip to this\nGreat Park has always been a special place to\nGo.The cottages at Rondeau are a unique\nPart of Rondeau Park and should be left there forever.The heritage history along is worth\nMillions.\n"
    },
    "100861": {
        "url": "/comment/100861",
        "comment": "I Ami. Support of the recent proposal  in ERO 019-8289 to amend the Rondeau Park Management Plan to allow cottages to remain in Rondeau Park until at least 2038. The original 1894 Park charter describes the cottage community as one of the two reasons the Park was created and the Heritage Cottage Community has been integral to the park since its very inception. These cottage are deeply embedded in the culture of Rondeau Provincial park\nI am also in favour of new leases or extensions as part of this initiative must have reasonable terms and conditions and not be driven to achieve eviction by punitive economic terms. New lease agreements must be developed in consultation with the Rondeau Cottagers Association. Our cottage association will refusal unreasonable and punitive or costly proposals .\nThe decision for ERO 011-1300 posted on December 20, 2019 stated that \u201cOur final policy decision respecting this proposal will allow us to consult on a proposal for a new option for the long-term occupation of cottage lots. We expect to post a new proposal on the Environmental Registry of Ontario early in 2020\u201d. The cottage community is anxiously awaiting this outstanding proposal and to have discussions to develop the long term cottage tenure solution.\nSincerely an advocate of the cottages at Rondeau Provincial park\n"
    },
    "100863": {
        "url": "/comment/100863",
        "comment": "ERO 019-8289\nI hope this amendment to the management plan is the answer to actually selling the existing lots to the cottage owner. I hope it doesn't take till 2038 to achieve that. The sale of the lots is the VERY BEST solution for the management plan and the future health and benefit for all of Ontario including the MNR.\nIt is very unrealistic to think that going back to total nature is progressive. If that is the MNR's thoughts, they are totally out of step with reality.. Since cottages were first allowed in this park, the ACTUAL LAKE SHORE BEACH has INCREASED dramatically. Cottages are not and have never been built close to the shore line. The sale of the  lots would not change that. Lots would remain the same size. The beach would still remain Crown property.\nI could go on and on about how cottagers have co existed with nature.\nIn conclusion, extend the leases with intent to selling the lots as promised by previous Ministers.\n"
    },
    "100864": {
        "url": "/comment/100864",
        "comment": "I support the proposal in ERO 019-8289 to amend the Rondeau Management Plan to allow cottages to remain in Rondeau Park until at 2038 and hopefully far beyond.  The creation of the 1894 charter describes the cottage community as one of the primary reasons for the park\u2019s creation. These heritage cottages, some over 100 years old, form an integral part of the Rondeau Park today.  I believe that when this lease extension is granted, the terms must be in consultation with the cottagers via their association and they must be reasonable.  The Ontario government must not attempt to drive eviction of the cottagers through punitive economic terms, which we have seen in the Algonquin cottage community since they singed their lease extension.   I believe the government must engage with the cottagers through their representatives to develop a long term, permanent solution for this vibrant community.\n"
    }
}