{
    "106271": {
        "url": "/comment/106271",
        "comment": "I support the proposal in ERO 019-8289 to amend the Rondeau Park Management Plan to allow cottages to remain in Rondeau Park until *at least* 2038, and hopefully much longer. My family has been spending summers in Rondeau for 5 generations. Rondeau is a special place. We have built wonderful, lifelong friendships. Rondeau is also full of natural beauty and is truly an oasis which we care about deeply. It's been great also to see all the different kinds of Canadians who enjoy this wonderful place. In addition, the cottagers bring a huge economic boost to surrounding areas which are otherwise economically depressed.\nThe original 1894 Park charter describes the cottage community as one of the two reasons the Park was created. It's important to recognize this as well.\nWe look forward to working in consultation with the government on a fair agreement.\nThank you.\n"
    },
    "106273": {
        "url": "/comment/106273",
        "comment": "I\u2019m reaching out to express my support for ERO 019-8289, which would amend the Rondeau Park Management Plan and allow cottages to stay until at least 2038. Rondeau\u2019s cottage community has been integral to the park\u2019s identity since its inception in 1894, adding a rich layer of heritage to Rondeau\u2019s natural beauty that visitors have enjoyed for generations.\nFor this initiative to succeed, lease terms must be reasonable and supportive of the community\u2019s long-standing role in the park. These terms should be developed in a way that allows the cottage community to continue to thrive without fear of prohibitive economic barriers. I also believe that input from the Rondeau Cottagers Association is crucial to crafting fair and inclusive lease agreements.\nThe community is still awaiting the follow-up to ERO 011-1300, which was posted in 2019 and suggested a future option for long-term occupation. It would mean a great deal to the residents of Rondeau if this proposal could move forward soon, giving the community the stability they need for a secure future.\n"
    },
    "106275": {
        "url": "/comment/106275",
        "comment": "The proposal in ERO 019-8289 to allow cottages to stay in Rondeau Park until at least 2038 is an important step toward preserving the park\u2019s heritage. Since 1894, the cottages have been a defining feature of Rondeau\u2019s charm and history, making them as essential to the park as its natural landscapes. Ensuring the longevity of this cottage community through fair and manageable lease terms is key to protecting this legacy. These new leases should avoid financially restrictive terms and involve the Rondeau Cottagers Association to ensure they truly support the community\u2019s needs. Additionally, the community is eagerly awaiting the long-term tenure solution that was promised in ERO 011-1300, posted in December 2019, which would bring the security needed for a stable future in Rondeau.\n"
    },
    "106277": {
        "url": "/comment/106277",
        "comment": "Supporting ERO 019-8289 is a clear way to protect the unique, historic cottage community in Rondeau Park. Established in 1894, the cottages are woven into the fabric of the park\u2019s heritage, enriching its identity and making it a place where families and visitors can connect with both nature and history. New lease agreements should therefore reflect the spirit of this community, with fair terms that do not push people out. The Rondeau Cottagers Association should have a say in shaping these terms to ensure they are reasonable and aligned with the values of the community. Additionally, the promised long-term tenure option from ERO 011-1300, last discussed in 2019, is still pending. Moving forward on this proposal would go a long way in providing stability for the cottage community.\n"
    },
    "106279": {
        "url": "/comment/106279",
        "comment": "ERO 019-8289\u2019s proposal to extend cottage leases in Rondeau Park is essential to maintaining the park\u2019s unique character. The cottages have been part of Rondeau since the park was created in 1894, contributing to the park\u2019s identity and the overall visitor experience. Moving forward, fair lease terms are crucial to protect this heritage community. These terms should avoid any economic barriers that would drive current residents out, and the Rondeau Cottagers Association should play a role in drafting these agreements to ensure fairness. Furthermore, the long-term tenure proposal, first noted in ERO 011-1300 in December 2019, would bring much-needed security to the cottage community, and the community is eager to see it move forward.\n"
    },
    "106281": {
        "url": "/comment/106281",
        "comment": "The cottage community in Rondeau Park is a vital piece of the park\u2019s legacy, dating back to 1894, and ERO 019-8289 offers a necessary step to secure this heritage until at least 2038. Fair and reasonable lease terms are key to keeping this community alive, and the Rondeau Cottagers Association should be involved in developing them. Any terms that are economically prohibitive would risk losing the very heritage that makes Rondeau so special. Additionally, the promised proposal on long-term tenure from ERO 011-1300, which was last referenced in December 2019, is something the community has been awaiting with great anticipation. Moving forward with this would give the cottage community the stability and security they need.\n"
    },
    "106282": {
        "url": "/comment/106282",
        "comment": "Supporting ERO 019-8289 is about preserving the history and unique atmosphere that the cottage community brings to Rondeau Park. Since its establishment in 1894, the cottages have contributed not just to the park\u2019s identity but also to its appeal as a destination where people can experience both natural beauty and historical charm. It\u2019s essential that new leases are fair and not overly restrictive, allowing the community to remain intact. The Rondeau Cottagers Association should have a central role in drafting these terms to ensure they are reasonable and in line with the community\u2019s needs. There is also a need to finally address the long-term tenure solution that was referenced in ERO 011-1300 in 2019. Moving forward on this proposal would provide the stability the cottage community deserves.\n"
    },
    "106284": {
        "url": "/comment/106284",
        "comment": "I support the proposal in ERO 019-8289 to amend the Rondeau Park Management Plan to allow cottages to remain in Rondeau Park until 2038 and beyond.  The Heritage Cottage Community has been integral to the park and need to continue for generations to come.\nExtensions as part of this initiative must have reasonable terms and conditions.  New lease agreements must be developed in consultation with the Rondeau Cottagers Association.\nThe decision for ERO 011-1300 posted on December 20, 2019 stated that \u201cOur final policy decision respecting this proposal will allow us to consult on a proposal for a new option for the long-term occupation of cottage lots. We expect to post a new proposal on the Environmental Registry of Ontario early in 2020\u201d. The cottage community is anxiously awaiting this outstanding proposal and to have discussions to develop the long term cottage tenure solution!!!\nRondeau cottages respect the ecological integrity of Rondeau Park\u2026 now it\u2019s time to respect the Cottagers with a LONG TERM agreement.\nParks are for people too!!!\n"
    },
    "106293": {
        "url": "/comment/106293",
        "comment": "My entire immediate family support a long term lease extension\u20262038 for now\u2026 with language to support a long term agreement.\nThis is a support email for a family of 4.\nWe firmly believe the Rondeau Cottagers Association needs to be directly involved with any and all language in this extension.\nRondeau is a historic cottage community and must be supported and preserved for generations to come.\n"
    },
    "106294": {
        "url": "/comment/106294",
        "comment": "I support ERO 019-8289 The continued occupancy of the cottages in the park represents a community that is a beautiful microcosm in the province. I am always thrilled to travel along lakeshore and enjoy the park as it is today.\nI would like to see the cottages remain in the park, as they are a legacy for the area and the folks occupying them are pleasant, outgoing and known to contribute to the community and activities in the area.\n"
    },
    "106295": {
        "url": "/comment/106295",
        "comment": "The decision for ERO 011-1300 posted on December 20, 2019 stated that\u00a0\u201cOur final policy decision respecting this proposal will allow us to consult on a proposal for a new option for the long-term occupation of cottage lots. We expect to post a new proposal on the Environmental Registry of Ontario early in 2020\u201d.\u00a0The cottage community is anxiously awaiting this outstanding proposal and to have discussions to develop the long term cottage tenure solution.\n"
    },
    "106305": {
        "url": "/comment/106305",
        "comment": "I support the proposal in ERO 019-8289 to amend the Rondeau Park Management Plan, allowing cottages to remain in the park until at least 2038. Since the park\u2019s founding in 1894, the cottage community has been central to its purpose and heritage. Any new leases or extensions should have fair terms that don\u2019t impose excessive costs meant to drive residents out, and it\u2019s essential that the Rondeau Cottagers Association be involved in developing these agreements. The ERO 011-1300 decision from December 20, 2019, mentioned that consultation on a long-term cottage plan would be forthcoming, and the cottage community is eager for this proposal to move forward so discussions can take place to establish a sustainable, long-term solution for cottage tenure.\n"
    }
}