{
    "106416": {
        "url": "/comment/106416",
        "comment": "Yes- I support this proposal.  The decision for ERO 011-1300 posted on December 20, 2019 stated that \u201cOur final policy decision respecting this proposal will allow us to consult on a proposal for a new option for the long-term occupation of cottage lots. We expect to post a new proposal on the Environmental Registry of Ontario early in 2020\u201d. The cottage community is anxiously awaiting this outstanding proposal and to have discussions to develop the long term cottage tenure solution.\n"
    },
    "106419": {
        "url": "/comment/106419",
        "comment": "I support ERO 019-8289 and the rondeau cottage people to lease their park property till at least 2038, preferably 2138. A hundred year lease would be preferable so the cottage owners and the park and the government don\u2019t have to deal with these issues every few years.\nI also strongly support the government selling the leased property to the local town so the cottage people can purchase their property. The government could make some money and never have to use extra resources to deal with lease work ever again.\n"
    },
    "106420": {
        "url": "/comment/106420",
        "comment": "YES\nI support ERO 019-8289\nIn 1894 individuals were invited to make Rondeau a location for their summer home, and so many families have enjoyed the wonders of rondeau and CK since then.\nThe new agreement however must have reasonable terms and not become punitive should changes and tweaks occur.  Agreements have been successful when working w all parties including the Rondeau Cottagers Association.\nWe await anxiously to view and understand ERO 011-1300 and the path to a long term viable solution for all parties.\nParks are for people\u2026. All of them!\n"
    },
    "106424": {
        "url": "/comment/106424",
        "comment": "I support the proposal ERO 019-8289 to extend the leases to 2038. Rondeau Park is one of Canada's beautiful envvironments and one that cottagers , the governments and all others who visit can jointly manage to maintain its biodiveristy and its beauty. It is a collaborative project in which we all need to care for our piece of the planet.\nAny new leases and extensions should be negotiated in consultation with Rondeau Cottagers Association.\nThank you.\n"
    },
    "106444": {
        "url": "/comment/106444",
        "comment": "I support the proposal in ERO 019-8289 to amend the Rondeau Park Management Plan to allow cottages to remain in Rondeau Park until at least 2038. The original 1894 Park charter describes the cottage community as one of the two reasons the Park was created and the Heritage Cottage Community has been integral to the park since its very inception. My family has been a part of that community for 75 years and stewards to maintain the park.\n"
    },
    "106447": {
        "url": "/comment/106447",
        "comment": "1)  I support the proposal in ERO 019-8289 to amend the Rondeau Park Management Plan to allow cottages to remain in Rondeau Park until at least 2038.\nIt has been a very long road for cottagers, with a lot of ups and downs. And it\u2019s really exciting to think this will be something we don\u2019t have to worry about for many years. We have been holding off on some much needed repairs for fear of what is going to happen, and we\u2019re very much excited for the future now. Please let this go through so we can get it done!\n"
    },
    "106450": {
        "url": "/comment/106450",
        "comment": "The decision for ERO 011-1300 posted on December 20, 2019 stated that \u201cOur final policy decision respecting this proposal will allow us to consult on a proposal for a new option for the long-term occupation of cottage lots. We expect to post a new proposal on the Environmental Registry of Ontario early in 2020\u201d. The cottage community is anxiously awaiting this outstanding proposal and to have discussions to develop the long term cottage tenure solution.\nThe two year lease renewal doesn't support good park management\n"
    },
    "106451": {
        "url": "/comment/106451",
        "comment": "I support the proposal in ERO 019-8289 to amend the Rondeau Park Management Plan to allow cottages to remain in Rondeau Park until at least 2038. The original 1894 Park charter describes the cottage community as one of the two reasons the Park was created and the Heritage Cottage Community has been integral to the park since its very inception.\n"
    },
    "106453": {
        "url": "/comment/106453",
        "comment": "I support the proposal in ERO 019-8289 to amend the Rondeau Park Management Plan to allow cottages to remain in Rondeau Park until at least 2038. The original 1894 Park charter describes the cottage community as one of the two reasons the Park was created and the Heritage Cottage Community has been integral to the park since its very inception.\n"
    },
    "106454": {
        "url": "/comment/106454",
        "comment": "I support the proposal in ERO 019-8289 to amend the Rondeau Park Management Plan to allow cottages to remain in Rondeau Park until at least 2038. The original 1894 Park charter describes the cottage community as one of the two reasons the Park was created and the Heritage Cottage Community has been integral to the park since its very inception.\n"
    },
    "106455": {
        "url": "/comment/106455",
        "comment": "I support the proposal in ERO 019-8289 to amend the Rondeau Park Management Plan to allow cottages to remain in Rondeau Park until at least 2038. The original 1894 Park charter describes the cottage community as one of the two reasons the Park was created and the Heritage Cottage Community has been integral to the park since its very inception.\n"
    },
    "106456": {
        "url": "/comment/106456",
        "comment": "I support the proposal in ERO 019-8289 to amend the Rondeau Park Management Plan to allow cottages to remain in Rondeau Park until at least 2038. The original 1894 Park charter describes the cottage community as one of the two reasons the Park was created and the Heritage Cottage Community has been integral to the park since its very inception.\n"
    },
    "106458": {
        "url": "/comment/106458",
        "comment": "I support the proposal in ERO 019-8289 to amend the Rondeau Park Management Plan to allow cottages to remain in Rondeau Park until at least 2038. The original 1894 Park charter describes the cottage community as one of the two reasons the Park was created and the Heritage Cottage Community has been integral to the park since its very inception.\n"
    },
    "106459": {
        "url": "/comment/106459",
        "comment": "I support the proposal in ERO 019-8289 to amend the Rondeau Park Management Plan to allow cottages to remain in Rondeau Park until at least 2038. The original 1894 Park charter describes the cottage community as one of the two reasons the Park was created and the Heritage Cottage Community has been integral to the park since its very inception.\n"
    }
}