{
    "019-4289": {
        "url": "/notice/019-4289",
        "title": "Resilience Biotechnologies Inc.\n      \n         - Environmental Compliance Approval (air)",
        "comments_from_registry": 0,
        "comments_by_email": 0,
        "comments_by_mail": 0
    },
    "019-4788": {
        "url": "/notice/019-4788",
        "title": "1646551 Ontario Inc.\n      \n         - Certificate of property use",
        "comments_from_registry": 2,
        "comments_by_email": 1,
        "comments_by_mail": 0
    },
    "019-4264": {
        "url": "/notice/019-4264",
        "title": "Black & McDonald Limited\n      \n         - Environmental Compliance Approval (air)",
        "comments_from_registry": 0,
        "comments_by_email": 0,
        "comments_by_mail": 0
    },
    "019-4618": {
        "url": "/notice/019-4618",
        "title": "YMCA of Simcoe/Muskoka\n      \n         - Permit to take water",
        "comments_from_registry": 0,
        "comments_by_email": 0,
        "comments_by_mail": 0
    },
    "019-4103": {
        "url": "/notice/019-4103",
        "title": "Carr Aggregates Inc.\n      \n         - Permit to take water",
        "comments_from_registry": 0,
        "comments_by_email": 0,
        "comments_by_mail": 0
    },
    "019-3906": {
        "url": "/notice/019-3906",
        "title": "Cornerstone Crush Inc.\n      \n         - Environmental Compliance Approval (air)",
        "comments_from_registry": 1,
        "comments_by_email": 0,
        "comments_by_mail": 0
    },
    "019-3745": {
        "url": "/notice/019-3745",
        "title": "Torcad Limited\n      \n         - Environmental Compliance Approval (air)",
        "comments_from_registry": 0,
        "comments_by_email": 0,
        "comments_by_mail": 0
    },
    "019-4746": {
        "url": "/notice/019-4746",
        "title": "Ms. Lori Paslawski - Cross River Ventures Corp.\n      \n         - Mineral exploration permit",
        "comments_from_registry": 0,
        "comments_by_email": 0,
        "comments_by_mail": 0
    },
    "019-2636": {
        "url": "/notice/019-2636",
        "title": "A proposal under the Endangered Species Act to enable use of the Species at Risk Conservation Fund and to streamline authorizations for certain activities that impact species at risk, while maintaining protections for species at risk",
        "comments_from_registry": 113,
        "comments_by_email": 109,
        "comments_by_mail": 0
    },
    "019-4882": {
        "url": "/notice/019-4882",
        "title": "Raw Materials Company Inc. \n      \n         - Environmental Compliance Approval (air)",
        "comments_from_registry": 0,
        "comments_by_email": 0,
        "comments_by_mail": 0
    },
    "019-1443": {
        "url": "/notice/019-1443",
        "title": "Vertex Environmental Inc.\n      \n         - Environmental Compliance Approval (air)",
        "comments_from_registry": 0,
        "comments_by_email": 0,
        "comments_by_mail": 0
    },
    "019-4772": {
        "url": "/notice/019-4772",
        "title": "Kevin Stevens\n      \n         - Mineral exploration permit",
        "comments_from_registry": 0,
        "comments_by_email": 0,
        "comments_by_mail": 0
    },
    "019-0178": {
        "url": "/notice/019-0178",
        "title": "Blueland Farms Ltd.\n      \n         - Approval of an amendment to the Niagara Escarpment Plan",
        "comments_from_registry": 0,
        "comments_by_email": 0,
        "comments_by_mail": 0
    },
    "019-4094": {
        "url": "/notice/019-4094",
        "title": "Battenfeld Grease (Canada) Ltd.\n      \n         - Environmental Compliance Approval (air)",
        "comments_from_registry": 0,
        "comments_by_email": 0,
        "comments_by_mail": 0
    },
    "019-3948": {
        "url": "/notice/019-3948",
        "title": "Asahi Refining Canada Ltd.\n      \n         - Environmental Compliance Approval (air)",
        "comments_from_registry": 0,
        "comments_by_email": 0,
        "comments_by_mail": 0
    },
    "019-3353": {
        "url": "/notice/019-3353",
        "title": "Lafarge Canada Inc.\n      \n         - Environmental Compliance Approval (air)",
        "comments_from_registry": 1,
        "comments_by_email": 0,
        "comments_by_mail": 0
    },
    "019-3352": {
        "url": "/notice/019-3352",
        "title": "Innocon Inc.\n      \n         - Environmental Compliance Approval (air)",
        "comments_from_registry": 1,
        "comments_by_email": 0,
        "comments_by_mail": 0
    },
    "019-3585": {
        "url": "/notice/019-3585",
        "title": "K+S Windsor Salt Ltd.\n      \n         - Unpatented mining claim, Licence of Occupation, lease or patent of mining lands or mining rights",
        "comments_from_registry": 1,
        "comments_by_email": 10,
        "comments_by_mail": 0
    },
    "019-0147": {
        "url": "/notice/019-0147",
        "title": "Fleming Huang\n      \n         - Mineral exploration permit",
        "comments_from_registry": 0,
        "comments_by_email": 0,
        "comments_by_mail": 0
    },
    "019-0148": {
        "url": "/notice/019-0148",
        "title": "Fleming Huang\n      \n         - Mineral exploration permit",
        "comments_from_registry": 0,
        "comments_by_email": 0,
        "comments_by_mail": 0
    }
}