{
    "019-6336": {
        "url": "/notice/019-6336",
        "title": "Trans-Northern Pipelines Inc.\n      \n         - Environmental Compliance Approval (sewage)",
        "comments_from_registry": 0,
        "comments_by_email": 0,
        "comments_by_mail": 0
    },
    "019-7734": {
        "url": "/notice/019-7734",
        "title": "Flavor Fresh Farms Ltd.\n      \n         - Environmental Compliance Approval (sewage)",
        "comments_from_registry": 0,
        "comments_by_email": 0,
        "comments_by_mail": 0
    },
    "019-6341": {
        "url": "/notice/019-6341",
        "title": "St. Joseph's Kingsbridge Community\n      \n         - Environmental Compliance Approval (sewage)",
        "comments_from_registry": 0,
        "comments_by_email": 0,
        "comments_by_mail": 0
    },
    "019-5582": {
        "url": "/notice/019-5582",
        "title": "King & Benton Canal Bank Regeneration Lands Inc.\n      \n         - Environmental Compliance Approval (waste)",
        "comments_from_registry": 0,
        "comments_by_email": 0,
        "comments_by_mail": 0
    },
    "019-6971": {
        "url": "/notice/019-6971",
        "title": "Sucession Financial Group Inc.\n      \n         - Permit to take water",
        "comments_from_registry": 0,
        "comments_by_email": 0,
        "comments_by_mail": 0
    },
    "019-6550": {
        "url": "/notice/019-6550",
        "title": "CORNWALL GRAVEL COMPANY LIMITED\n      \n         - Permit to take water",
        "comments_from_registry": 0,
        "comments_by_email": 0,
        "comments_by_mail": 0
    },
    "019-7781": {
        "url": "/notice/019-7781",
        "title": "Red Rock Mill Development Inc.\n      \n         - Direction to keep sewage works in repair",
        "comments_from_registry": 0,
        "comments_by_email": 0,
        "comments_by_mail": 0
    },
    "019-7498": {
        "url": "/notice/019-7498",
        "title": "Shell Canada Limited\n      \n         - Environmental Compliance Approval (sewage)",
        "comments_from_registry": 0,
        "comments_by_email": 0,
        "comments_by_mail": 0
    },
    "019-7254": {
        "url": "/notice/019-7254",
        "title": "Terra Nova Environmental Services Inc.\n      \n         - Environmental Compliance Approval (air)",
        "comments_from_registry": 0,
        "comments_by_email": 0,
        "comments_by_mail": 0
    },
    "019-4747": {
        "url": "/notice/019-4747",
        "title": "AWC Holding Ltd., as general partner for and on behalf of AWC Manufacturing LP\n      \n         - Environmental Compliance Approval (air)",
        "comments_from_registry": 0,
        "comments_by_email": 0,
        "comments_by_mail": 0
    },
    "019-7316": {
        "url": "/notice/019-7316",
        "title": "490 St. Clair West Property Inc. \n      \n         - Permit to take water",
        "comments_from_registry": 0,
        "comments_by_email": 0,
        "comments_by_mail": 0
    },
    "019-7908": {
        "url": "/notice/019-7908",
        "title": "Bay Moorings Marina Holdings GP Inc.,  as general partner for and on behalf of Bay Moorings Marina Holdings Limited Partnership\n      \n         - Certificate of property use",
        "comments_from_registry": 0,
        "comments_by_email": 0,
        "comments_by_mail": 0
    },
    "019-7940": {
        "url": "/notice/019-7940",
        "title": "Gatling Exploration Inc.\n      \n         - Mineral exploration permit",
        "comments_from_registry": 0,
        "comments_by_email": 0,
        "comments_by_mail": 0
    },
    "019-7726": {
        "url": "/notice/019-7726",
        "title": "Plato Gold Corporation\n      \n         - Mineral exploration permit",
        "comments_from_registry": 0,
        "comments_by_email": 0,
        "comments_by_mail": 0
    },
    "019-6733": {
        "url": "/notice/019-6733",
        "title": "St. Marys Cement Inc. (Canada), operating as CBM Aggregates\n      \n         - Permit to take water",
        "comments_from_registry": 0,
        "comments_by_email": 0,
        "comments_by_mail": 0
    },
    "019-6908": {
        "url": "/notice/019-6908",
        "title": "Ventra Group Co.\n      \n         - Environmental Compliance Approval (air)",
        "comments_from_registry": 0,
        "comments_by_email": 0,
        "comments_by_mail": 0
    },
    "019-7942": {
        "url": "/notice/019-7942",
        "title": "Central Timmins Nickel Company Incorporated\n      \n         - Mineral exploration permit",
        "comments_from_registry": 0,
        "comments_by_email": 0,
        "comments_by_mail": 0
    },
    "019-8003": {
        "url": "/notice/019-8003",
        "title": "IMPERIAL OIL\n      \n         - Approval for variance from the Liquid Fuels Handling Code",
        "comments_from_registry": 0,
        "comments_by_email": 0,
        "comments_by_mail": 0
    },
    "019-7899": {
        "url": "/notice/019-7899",
        "title": "Laurion Mineral Exploration Inc.\n      \n         - Mineral exploration permit",
        "comments_from_registry": 1,
        "comments_by_email": 0,
        "comments_by_mail": 0
    },
    "019-7900": {
        "url": "/notice/019-7900",
        "title": "Laurion Mineral Exploration Inc.\n      \n         - Mineral exploration permit",
        "comments_from_registry": 0,
        "comments_by_email": 0,
        "comments_by_mail": 0
    }
}