{
    "019-4145": {
        "url": "/notice/019-4145",
        "title": "Lasalle Exploration Corp.\n      \n         - Mineral exploration permit",
        "comments_from_registry": 0,
        "comments_by_email": 0,
        "comments_by_mail": 0
    },
    "019-2899": {
        "url": "/notice/019-2899",
        "title": "Nordion (Canada) Inc.\n      \n         - Environmental Compliance Approval (air)",
        "comments_from_registry": 0,
        "comments_by_email": 0,
        "comments_by_mail": 0
    },
    "019-2168": {
        "url": "/notice/019-2168",
        "title": "Mattamy (South Estates) Limited\n      \n         - Permit to take water",
        "comments_from_registry": 0,
        "comments_by_email": 0,
        "comments_by_mail": 0
    },
    "019-3510": {
        "url": "/notice/019-3510",
        "title": "SXI Limited / SXI Limitee\n      \n         - Environmental Compliance Approval (air)",
        "comments_from_registry": 0,
        "comments_by_email": 0,
        "comments_by_mail": 0
    },
    "019-3799": {
        "url": "/notice/019-3799",
        "title": "St. Anthony Coptic Orthodox Monastery of Eastern Ontario\n      \n         - Environmental Compliance Approval (sewage)",
        "comments_from_registry": 0,
        "comments_by_email": 0,
        "comments_by_mail": 0
    },
    "019-3627": {
        "url": "/notice/019-3627",
        "title": "Gold Mountain Springs Inc.\n      \n         - Permit to take water",
        "comments_from_registry": 3,
        "comments_by_email": 3,
        "comments_by_mail": 0
    },
    "019-4136": {
        "url": "/notice/019-4136",
        "title": "Battery Mineral Resources Limited\n      \n         - Mineral exploration permit",
        "comments_from_registry": 0,
        "comments_by_email": 0,
        "comments_by_mail": 0
    },
    "019-3655": {
        "url": "/notice/019-3655",
        "title": "Private Landowner\n      \n         - Permit for activities to achieve an overall benefit to a species",
        "comments_from_registry": 0,
        "comments_by_email": 0,
        "comments_by_mail": 0
    },
    "019-3630": {
        "url": "/notice/019-3630",
        "title": "Savarin Springs Inc.\n      \n         - Permit to take water",
        "comments_from_registry": 2,
        "comments_by_email": 1,
        "comments_by_mail": 0
    },
    "019-3626": {
        "url": "/notice/019-3626",
        "title": "Culligan Springs Limited\n      \n         - Permit to take water",
        "comments_from_registry": 1,
        "comments_by_email": 2,
        "comments_by_mail": 0
    },
    "019-2184": {
        "url": "/notice/019-2184",
        "title": "Bombardier Inc. and De Havilland Aircraft Company of Canada\n      \n         - Environmental Compliance Approval (air)",
        "comments_from_registry": 0,
        "comments_by_email": 0,
        "comments_by_mail": 0
    },
    "019-3236": {
        "url": "/notice/019-3236",
        "title": "WEGU Manufacturing Inc.\n      \n         - Environmental Compliance Approval (air)",
        "comments_from_registry": 0,
        "comments_by_email": 0,
        "comments_by_mail": 0
    },
    "019-2958": {
        "url": "/notice/019-2958",
        "title": "Fisher Wavy Inc.\n      \n         - Environmental Compliance Approval (air)",
        "comments_from_registry": 0,
        "comments_by_email": 0,
        "comments_by_mail": 0
    },
    "019-2353": {
        "url": "/notice/019-2353",
        "title": "R. W. Tomlinson Limited\n      \n         - Permit to take water",
        "comments_from_registry": 0,
        "comments_by_email": 0,
        "comments_by_mail": 0
    },
    "019-4171": {
        "url": "/notice/019-4171",
        "title": "LaSalle Exploration Corp\n      \n         - Mineral exploration permit",
        "comments_from_registry": 0,
        "comments_by_email": 0,
        "comments_by_mail": 0
    },
    "019-3902": {
        "url": "/notice/019-3902",
        "title": "Minto Communities Inc.\n      \n         - Permit to take water",
        "comments_from_registry": 0,
        "comments_by_email": 0,
        "comments_by_mail": 0
    },
    "019-4069": {
        "url": "/notice/019-4069",
        "title": "G. Tackaberry & Sons Construction Company Limited\n      \n         - Permit to take water",
        "comments_from_registry": 0,
        "comments_by_email": 0,
        "comments_by_mail": 0
    },
    "019-3656": {
        "url": "/notice/019-3656",
        "title": "Lorwood Holdings Inc.\n      \n         - Permit for activities to achieve an overall benefit to a species",
        "comments_from_registry": 0,
        "comments_by_email": 0,
        "comments_by_mail": 0
    },
    "019-3724": {
        "url": "/notice/019-3724",
        "title": "Fleur de Cap Development Inc.\n      \n         - Permit for activities to achieve an overall benefit to a species",
        "comments_from_registry": 1,
        "comments_by_email": 0,
        "comments_by_mail": 0
    },
    "019-3047": {
        "url": "/notice/019-3047",
        "title": "Grime Eater Products Limited\n      \n         - Environmental Compliance Approval (air)",
        "comments_from_registry": 0,
        "comments_by_email": 0,
        "comments_by_mail": 0
    }
}