{
    "019-5570": {
        "url": "/notice/019-5570",
        "title": "DBS - Hearn Inc., operating as Sutton Creek Golf Club\n      \n         - Permit to take water",
        "comments_from_registry": 0,
        "comments_by_email": 0,
        "comments_by_mail": 0
    },
    "019-5681": {
        "url": "/notice/019-5681",
        "title": "Links of Kent Golf Club Inc.\n      \n         - Permit to take water",
        "comments_from_registry": 0,
        "comments_by_email": 0,
        "comments_by_mail": 0
    },
    "019-5606": {
        "url": "/notice/019-5606",
        "title": "Moose Creek Cement Products (2006) Limited\n      \n         - Environmental Compliance Approval (waste)",
        "comments_from_registry": 0,
        "comments_by_email": 1,
        "comments_by_mail": 0
    },
    "019-5946": {
        "url": "/notice/019-5946",
        "title": "Bold Ventures Incorporated\n      \n         - Mineral exploration permit",
        "comments_from_registry": 0,
        "comments_by_email": 0,
        "comments_by_mail": 0
    },
    "019-5783": {
        "url": "/notice/019-5783",
        "title": "Trillium Gold Mines Inc.\n      \n         - Mineral exploration permit",
        "comments_from_registry": 0,
        "comments_by_email": 0,
        "comments_by_mail": 0
    },
    "019-5782": {
        "url": "/notice/019-5782",
        "title": "Trillium Gold Mines Inc.\n      \n         - Mineral exploration permit",
        "comments_from_registry": 0,
        "comments_by_email": 0,
        "comments_by_mail": 0
    },
    "019-5335": {
        "url": "/notice/019-5335",
        "title": "Hacienda North Farms Inc.\n      \n         - Environmental Compliance Approval (sewage)",
        "comments_from_registry": 0,
        "comments_by_email": 0,
        "comments_by_mail": 0
    },
    "019-4906": {
        "url": "/notice/019-4906",
        "title": "ReSoil Solutions Inc.\n      \n         - Environmental Compliance Approval (waste)",
        "comments_from_registry": 0,
        "comments_by_email": 1,
        "comments_by_mail": 0
    },
    "019-5321": {
        "url": "/notice/019-5321",
        "title": "Land O'Lakes Community Services\n      \n         - Environmental Compliance Approval (sewage)",
        "comments_from_registry": 0,
        "comments_by_email": 0,
        "comments_by_mail": 0
    },
    "019-5330": {
        "url": "/notice/019-5330",
        "title": "St. Marys Cement Inc. (Canada)\n      \n         - Permit to take water",
        "comments_from_registry": 0,
        "comments_by_email": 0,
        "comments_by_mail": 0
    },
    "019-5705": {
        "url": "/notice/019-5705",
        "title": "2431712 Ontario Inc.\n      \n         - Environmental Compliance Approval (sewage)",
        "comments_from_registry": 0,
        "comments_by_email": 0,
        "comments_by_mail": 0
    },
    "019-5407": {
        "url": "/notice/019-5407",
        "title": "Jukic Group Ltd. operating as Niagara National Golf\n      \n         - Permit to take water",
        "comments_from_registry": 0,
        "comments_by_email": 0,
        "comments_by_mail": 0
    },
    "019-4563": {
        "url": "/notice/019-4563",
        "title": "Fescue's Edge Golf Club Inc.\n      \n         - Permit to take water",
        "comments_from_registry": 0,
        "comments_by_email": 0,
        "comments_by_mail": 0
    },
    "019-4322": {
        "url": "/notice/019-4322",
        "title": "Drain Bros. Excavating Limited\n      \n         - Permit to take water",
        "comments_from_registry": 0,
        "comments_by_email": 0,
        "comments_by_mail": 0
    },
    "019-5102": {
        "url": "/notice/019-5102",
        "title": "Muskoka Ministry Centre\n      \n         - Permit to take water",
        "comments_from_registry": 0,
        "comments_by_email": 0,
        "comments_by_mail": 0
    },
    "019-5037": {
        "url": "/notice/019-5037",
        "title": "Big Cedar (ORO) Residents Association\n      \n         - Permit to take water",
        "comments_from_registry": 0,
        "comments_by_email": 0,
        "comments_by_mail": 0
    },
    "019-5849": {
        "url": "/notice/019-5849",
        "title": "Proposed Implementation of an Ultra-Low Overnight Electricity Price Plan for Regulated Price Plan Consumers",
        "comments_from_registry": 16,
        "comments_by_email": 0,
        "comments_by_mail": 0
    },
    "019-5621": {
        "url": "/notice/019-5621",
        "title": "Yonge Sixteen Inc.\n      \n         - Certificate of property use",
        "comments_from_registry": 0,
        "comments_by_email": 0,
        "comments_by_mail": 0
    },
    "019-5871": {
        "url": "/notice/019-5871",
        "title": "Dana Canada Corporation\n      \n         - Certificate of property use",
        "comments_from_registry": 0,
        "comments_by_email": 0,
        "comments_by_mail": 0
    },
    "019-5704": {
        "url": "/notice/019-5704",
        "title": "Lebo Farms Ltd.\n      \n         - Environmental Compliance Approval (sewage)",
        "comments_from_registry": 0,
        "comments_by_email": 0,
        "comments_by_mail": 0
    }
}