{
    "019-2721": {
        "url": "/notice/019-2721",
        "title": "Megha Holdings Inc.\n      \n         - Permit to take water",
        "comments_from_registry": 0,
        "comments_by_email": 1,
        "comments_by_mail": 0
    },
    "019-4525": {
        "url": "/notice/019-4525",
        "title": "JONATHAN CAMILLERI\n      \n         - Mineral exploration permit",
        "comments_from_registry": 0,
        "comments_by_email": 0,
        "comments_by_mail": 0
    },
    "019-4524": {
        "url": "/notice/019-4524",
        "title": "DAVID GIBSON\n      \n         - Mineral exploration permit",
        "comments_from_registry": 0,
        "comments_by_email": 0,
        "comments_by_mail": 0
    },
    "019-4523": {
        "url": "/notice/019-4523",
        "title": "EXIRO MINERALS CORP.\n      \n         - Mineral exploration permit",
        "comments_from_registry": 0,
        "comments_by_email": 1,
        "comments_by_mail": 0
    },
    "019-2193": {
        "url": "/notice/019-2193",
        "title": "Minto Communities Inc.\n      \n         - Permit to take water",
        "comments_from_registry": 0,
        "comments_by_email": 1,
        "comments_by_mail": 0
    },
    "019-2776": {
        "url": "/notice/019-2776",
        "title": "La Pue International Inc.\n      \n         - Permit to take water",
        "comments_from_registry": 0,
        "comments_by_email": 1,
        "comments_by_mail": 0
    },
    "019-4341": {
        "url": "/notice/019-4341",
        "title": "Ms. S. Saarinen - Evolution Mining Gold Operations\n      \n         - Mineral exploration permit",
        "comments_from_registry": 0,
        "comments_by_email": 0,
        "comments_by_mail": 0
    },
    "019-4344": {
        "url": "/notice/019-4344",
        "title": "Mr. Jason Leblanc - Bounty Gold Corp.\n      \n         - Mineral exploration permit",
        "comments_from_registry": 0,
        "comments_by_email": 0,
        "comments_by_mail": 0
    },
    "019-4342": {
        "url": "/notice/019-4342",
        "title": "Ms. S. Saarinen - Evolution Mining Gold Operations\n      \n         - Mineral exploration permit",
        "comments_from_registry": 0,
        "comments_by_email": 0,
        "comments_by_mail": 0
    },
    "019-2252": {
        "url": "/notice/019-2252",
        "title": "Mr. Brent Clark\n      \n         - Mineral exploration permit",
        "comments_from_registry": 0,
        "comments_by_email": 0,
        "comments_by_mail": 0
    },
    "019-4654": {
        "url": "/notice/019-4654",
        "title": "Reid's Heritage Homes Ltd.\n      \n         - Certificate of property use",
        "comments_from_registry": 0,
        "comments_by_email": 0,
        "comments_by_mail": 0
    },
    "019-3283": {
        "url": "/notice/019-3283",
        "title": "Barrie Recycling and Waste Corp.\n      \n         - Environmental Compliance Approval (waste)",
        "comments_from_registry": 0,
        "comments_by_email": 0,
        "comments_by_mail": 0
    },
    "019-3351": {
        "url": "/notice/019-3351",
        "title": "Swaffield Septic Service Inc.\n      \n         - Environmental Compliance Approval (waste)",
        "comments_from_registry": 0,
        "comments_by_email": 0,
        "comments_by_mail": 0
    },
    "019-2914": {
        "url": "/notice/019-2914",
        "title": "Reid's Heritage Homes Ltd.\n      \n         - Permit to take water",
        "comments_from_registry": 0,
        "comments_by_email": 1,
        "comments_by_mail": 0
    },
    "019-2678": {
        "url": "/notice/019-2678",
        "title": "White Metal Resources Corp.\n      \n         - Mineral exploration permit",
        "comments_from_registry": 0,
        "comments_by_email": 0,
        "comments_by_mail": 0
    },
    "019-3072": {
        "url": "/notice/019-3072",
        "title": "Exiro Minerals\n      \n         - Mineral exploration permit",
        "comments_from_registry": 1,
        "comments_by_email": 0,
        "comments_by_mail": 0
    },
    "019-4422": {
        "url": "/notice/019-4422",
        "title": "Two Bars Inc.\t\n      \n         - Certificate of property use",
        "comments_from_registry": 0,
        "comments_by_email": 0,
        "comments_by_mail": 0
    },
    "019-2837": {
        "url": "/notice/019-2837",
        "title": "Menkes 55 Lakeshore Inc.\n      \n         - Certificate of property use",
        "comments_from_registry": 0,
        "comments_by_email": 0,
        "comments_by_mail": 0
    },
    "019-4401": {
        "url": "/notice/019-4401",
        "title": "Walter Hanych Prodigy Gold Inc.\n      \n         - Mineral exploration permit",
        "comments_from_registry": 0,
        "comments_by_email": 0,
        "comments_by_mail": 0
    },
    "019-4071": {
        "url": "/notice/019-4071",
        "title": "Regional Municipality of Halton\n      \n         - Approval to amend a municipality\u2019s official plan",
        "comments_from_registry": 8,
        "comments_by_email": 8,
        "comments_by_mail": 0
    }
}