{
    "019-3830": {
        "url": "/notice/019-3830",
        "title": "1106804 Ontario Limited\n      \n         - Certificate of property use",
        "comments_from_registry": 0,
        "comments_by_email": 0,
        "comments_by_mail": 0
    },
    "019-3154": {
        "url": "/notice/019-3154",
        "title": "Trinity E-Coaters Inc.\n      \n         - Environmental Compliance Approval (air)",
        "comments_from_registry": 0,
        "comments_by_email": 0,
        "comments_by_mail": 0
    },
    "019-4304": {
        "url": "/notice/019-4304",
        "title": "New Break Resources Ltd.\n      \n         - Mineral exploration permit",
        "comments_from_registry": 0,
        "comments_by_email": 0,
        "comments_by_mail": 0
    },
    "019-3719": {
        "url": "/notice/019-3719",
        "title": "Amendments to support transition and implementation of Ontario\u2019s Emissions Performance Standards program",
        "comments_from_registry": 20,
        "comments_by_email": 26,
        "comments_by_mail": 0
    },
    "019-2813": {
        "url": "/notice/019-2813",
        "title": "Amendments to transition Ontario industrial facilities from the federal Output-Based Pricing System to Ontario\u2019s Emissions Performance Standards program",
        "comments_from_registry": 22,
        "comments_by_email": 26,
        "comments_by_mail": 0
    },
    "019-4292": {
        "url": "/notice/019-4292",
        "title": "Cobalt Industries of Canada Inc.\n      \n         - Mineral exploration permit",
        "comments_from_registry": 0,
        "comments_by_email": 0,
        "comments_by_mail": 0
    },
    "019-4293": {
        "url": "/notice/019-4293",
        "title": "Cobalt Industries of Canada Inc.\n      \n         - Mineral exploration permit",
        "comments_from_registry": 0,
        "comments_by_email": 0,
        "comments_by_mail": 0
    },
    "019-4294": {
        "url": "/notice/019-4294",
        "title": "Cobalt Industries of Canada Inc.\n      \n         - Mineral exploration permit",
        "comments_from_registry": 0,
        "comments_by_email": 0,
        "comments_by_mail": 0
    },
    "019-4291": {
        "url": "/notice/019-4291",
        "title": "Cobalt Industries of Canada Inc.\n      \n         - Mineral exploration permit",
        "comments_from_registry": 0,
        "comments_by_email": 0,
        "comments_by_mail": 0
    },
    "019-4369": {
        "url": "/notice/019-4369",
        "title": "Battery Mineral Resources Limited\n      \n         - Mineral exploration permit",
        "comments_from_registry": 0,
        "comments_by_email": 0,
        "comments_by_mail": 0
    },
    "019-3673": {
        "url": "/notice/019-3673",
        "title": "Richcraft Homes Ltd.\n      \n         - Permit for activities to achieve an overall benefit to a species",
        "comments_from_registry": 0,
        "comments_by_email": 0,
        "comments_by_mail": 0
    },
    "019-2326": {
        "url": "/notice/019-2326",
        "title": "C. H. Demill Holdings Inc.\n      \n         - Permit to take water",
        "comments_from_registry": 8,
        "comments_by_email": 3,
        "comments_by_mail": 46
    },
    "019-4257": {
        "url": "/notice/019-4257",
        "title": "J.S.W. Manufacturing Inc.\n      \n         - Environmental Compliance Approval (sewage)",
        "comments_from_registry": 0,
        "comments_by_email": 0,
        "comments_by_mail": 0
    },
    "019-4162": {
        "url": "/notice/019-4162",
        "title": "Ed Peavoy Septic Service Inc.\n      \n         - Environmental Compliance Approval (waste)",
        "comments_from_registry": 0,
        "comments_by_email": 0,
        "comments_by_mail": 0
    },
    "019-2597": {
        "url": "/notice/019-2597",
        "title": "St. Marys Cement Inc. (Canada)  \n      \n         - Permit to take water",
        "comments_from_registry": 0,
        "comments_by_email": 0,
        "comments_by_mail": 0
    },
    "019-3468": {
        "url": "/notice/019-3468",
        "title": "Ontario\u2019s Strategy to Address the Threat of Invasive Wild Pigs",
        "comments_from_registry": 61,
        "comments_by_email": 7,
        "comments_by_mail": 0
    },
    "019-3465": {
        "url": "/notice/019-3465",
        "title": "Regulating 13 invasive species and watercraft as a carrier of invasive species under Ontario\u2019s  Invasive Species Act, 2015",
        "comments_from_registry": 52,
        "comments_by_email": 41,
        "comments_by_mail": 0
    },
    "019-4101": {
        "url": "/notice/019-4101",
        "title": "Mark David Griffith\n      \n         - Environmental Compliance Approval (sewage)",
        "comments_from_registry": 0,
        "comments_by_email": 0,
        "comments_by_mail": 0
    },
    "019-4169": {
        "url": "/notice/019-4169",
        "title": "Ellisdon Civil Ltd.\n      \n         - Permit to take water",
        "comments_from_registry": 0,
        "comments_by_email": 0,
        "comments_by_mail": 0
    },
    "019-4290": {
        "url": "/notice/019-4290",
        "title": "Conquest Resources Limited\n      \n         - Mineral exploration permit",
        "comments_from_registry": 0,
        "comments_by_email": 0,
        "comments_by_mail": 0
    }
}