{
    "019-2361": {
        "url": "/notice/019-2361",
        "title": "GC Project, Inc., as general partner for and on behalf of GC Project L.P.\n      \n         - Environmental Compliance Approval (air)",
        "comments_from_registry": 0,
        "comments_by_email": 0,
        "comments_by_mail": 0
    },
    "019-2095": {
        "url": "/notice/019-2095",
        "title": "1729787 Ontario Limited operating as Big Red Markets\n      \n         - Environmental Compliance Approval (air)",
        "comments_from_registry": 0,
        "comments_by_email": 0,
        "comments_by_mail": 0
    },
    "019-3550": {
        "url": "/notice/019-3550",
        "title": "H.S.C. Aggregates Ltd.\n      \n         - Permit to take water",
        "comments_from_registry": 0,
        "comments_by_email": 0,
        "comments_by_mail": 0
    },
    "019-2723": {
        "url": "/notice/019-2723",
        "title": "Generation PGM EXploration Drilling\n      \n         - Permit to take water",
        "comments_from_registry": 0,
        "comments_by_email": 0,
        "comments_by_mail": 0
    },
    "019-3809": {
        "url": "/notice/019-3809",
        "title": "Conquest Resources Limited                                                                                        \n      \n         - Mineral exploration permit",
        "comments_from_registry": 0,
        "comments_by_email": 0,
        "comments_by_mail": 0
    },
    "019-3813": {
        "url": "/notice/019-3813",
        "title": "Goldcorp Canada Limited\n      \n         - Mineral exploration permit",
        "comments_from_registry": 0,
        "comments_by_email": 3,
        "comments_by_mail": 0
    },
    "019-2892": {
        "url": "/notice/019-2892",
        "title": "Michael Thompson for Kesselrun Resources Ltd.\n      \n         - Mineral exploration permit",
        "comments_from_registry": 0,
        "comments_by_email": 0,
        "comments_by_mail": 0
    },
    "019-3738": {
        "url": "/notice/019-3738",
        "title": "Goldcorp Canada Ltd., Business/Facility Name: Porcupine Gold Mines\n      \n         - Permit to take water",
        "comments_from_registry": 0,
        "comments_by_email": 0,
        "comments_by_mail": 0
    },
    "019-2334": {
        "url": "/notice/019-2334",
        "title": "10007986 Canada Inc., as general partner for and on behalf of Can Art Aluminum Extrusion Limited Partnership\n      \n         - Environmental Compliance Approval (air)",
        "comments_from_registry": 0,
        "comments_by_email": 0,
        "comments_by_mail": 0
    },
    "019-2558": {
        "url": "/notice/019-2558",
        "title": "Toronto Hydro-Electric System Limited\n      \n         - Environmental Compliance Approval (sewage)",
        "comments_from_registry": 0,
        "comments_by_email": 0,
        "comments_by_mail": 0
    },
    "019-2441": {
        "url": "/notice/019-2441",
        "title": "Greenwood Asphalt Products Limited\n      \n         - Environmental Compliance Approval (air)",
        "comments_from_registry": 0,
        "comments_by_email": 0,
        "comments_by_mail": 0
    },
    "019-2348": {
        "url": "/notice/019-2348",
        "title": "Langtry Blast Technologies Inc.\n      \n         - Environmental Compliance Approval (air)",
        "comments_from_registry": 0,
        "comments_by_email": 0,
        "comments_by_mail": 0
    },
    "019-3669": {
        "url": "/notice/019-3669",
        "title": "Ruth Sheila Mumby\n      \n         - Environmental Compliance Approval (waste)",
        "comments_from_registry": 0,
        "comments_by_email": 0,
        "comments_by_mail": 0
    },
    "019-3664": {
        "url": "/notice/019-3664",
        "title": "Robert Graham Wesley Mitchell and Sheila Marie Mitchell\n      \n         - Environmental Compliance Approval (sewage)",
        "comments_from_registry": 0,
        "comments_by_email": 0,
        "comments_by_mail": 0
    },
    "019-2430": {
        "url": "/notice/019-2430",
        "title": "Syncoat Chemicals (2017) Ltd.\n      \n         - Environmental Compliance Approval (air)",
        "comments_from_registry": 0,
        "comments_by_email": 0,
        "comments_by_mail": 0
    },
    "019-3276": {
        "url": "/notice/019-3276",
        "title": "William Bus\n      \n         - Approval for a consent (subject to conditions) in an area where there is no official plan in place",
        "comments_from_registry": 0,
        "comments_by_email": 0,
        "comments_by_mail": 0
    },
    "019-3691": {
        "url": "/notice/019-3691",
        "title": "Great Lakes Nickel Limited\n      \n         - Mineral exploration permit",
        "comments_from_registry": 0,
        "comments_by_email": 0,
        "comments_by_mail": 0
    },
    "019-3281": {
        "url": "/notice/019-3281",
        "title": "Ontario Critical Minerals Framework Discussion Paper",
        "comments_from_registry": 40,
        "comments_by_email": 0,
        "comments_by_mail": 0
    },
    "019-3505": {
        "url": "/notice/019-3505",
        "title": "Proposal to Establish a Public Registry for Licences of Occupation",
        "comments_from_registry": 0,
        "comments_by_email": 1,
        "comments_by_mail": 0
    },
    "019-3506": {
        "url": "/notice/019-3506",
        "title": "Amendment of the Mining Act to enable a more streamlined approach to authorizing the sale of end product from bulk samples",
        "comments_from_registry": 0,
        "comments_by_email": 0,
        "comments_by_mail": 0
    }
}