{
    "013-0599": {
        "url": "/notice/013-0599",
        "title": "Land use amendment for Sandbanks Provincial Park (natural environment class) (Amendment # 2016-001)",
        "comments_from_registry": 1,
        "comments_by_email": 0,
        "comments_by_mail": 1
    },
    "013-0672": {
        "url": "/notice/013-0672",
        "title": "Strategy framework for the Northern Ontario Agriculture, Aquaculture and Food Processing Sector Strategy under the Growth Plan for Northern Ontario",
        "comments_from_registry": 1,
        "comments_by_email": 0,
        "comments_by_mail": 3
    },
    "013-1397": {
        "url": "/notice/013-1397",
        "title": "Moving pesticide licensing program from paper-based to digital",
        "comments_from_registry": 6,
        "comments_by_email": 0,
        "comments_by_mail": 0
    },
    "013-1460": {
        "url": "/notice/013-1460",
        "title": "Ontario Offset Credits regulation under the Climate Change Mitigation and Low-carbon Economy Act, 2016",
        "comments_from_registry": 13,
        "comments_by_email": 0,
        "comments_by_mail": 8
    },
    "013-1381": {
        "url": "/notice/013-1381",
        "title": "Green commercial vehicle program",
        "comments_from_registry": 24,
        "comments_by_email": 0,
        "comments_by_mail": 30
    },
    "013-0590": {
        "url": "/notice/013-0590",
        "title": "Bill 139 - (Schedule 3) \u2013 the proposed Building Better Communities and Conserving Watersheds Act, 2017: Amendments to the Planning Act",
        "comments_from_registry": 18,
        "comments_by_email": 0,
        "comments_by_mail": 29
    },
    "012-7896": {
        "url": "/notice/012-7896",
        "title": "Intercity bus modernization proposal",
        "comments_from_registry": 26,
        "comments_by_email": 0,
        "comments_by_mail": 72
    },
    "012-5806": {
        "url": "/notice/012-5806",
        "title": "Guide: Consideration of Climate Change in Environmental Assessment in Ontario",
        "comments_from_registry": 6,
        "comments_by_email": 0,
        "comments_by_mail": 15
    },
    "012-7196": {
        "url": "/notice/012-7196",
        "title": "Consultation on role of Ontario Municipal Board in Ontario's land use planning system",
        "comments_from_registry": 38,
        "comments_by_email": 0,
        "comments_by_mail": 327
    },
    "012-9958": {
        "url": "/notice/012-9958",
        "title": "Administrative Penalties Regulation under the Waste Diversion Transition Act, 2016",
        "comments_from_registry": 0,
        "comments_by_email": 7,
        "comments_by_mail": 0
    },
    "013-0812": {
        "url": "/notice/013-0812",
        "title": "Proposal to amend O.Reg. 404/12 (Energy and Water Efficiency \u2013 Appliances and Products) under the Green Energy Act, 2009 (\u201cEfficiency Regulation\u201d).",
        "comments_from_registry": 10,
        "comments_by_email": 0,
        "comments_by_mail": 8
    },
    "012-7923": {
        "url": "/notice/012-7923",
        "title": "Discussion paper: Developing a modern renewable fuel standard for gasoline in Ontario",
        "comments_from_registry": 8,
        "comments_by_email": 0,
        "comments_by_mail": 34
    },
    "013-1457": {
        "url": "/notice/013-1457",
        "title": "Amendments to the cap and trade program and reporting regulations & service regulation & administrative penalties regulation",
        "comments_from_registry": 6,
        "comments_by_email": 0,
        "comments_by_mail": 22
    },
    "012-8840": {
        "url": "/notice/012-8840",
        "title": "Planning Ontario's energy future: A discussion guide to start the conversation",
        "comments_from_registry": 1555,
        "comments_by_email": 200,
        "comments_by_mail": 0
    },
    "013-1258": {
        "url": "/notice/013-1258",
        "title": "Ministry of Economic Development and Growth draft Statement of Environmental Values",
        "comments_from_registry": 0,
        "comments_by_email": 0,
        "comments_by_mail": 0
    },
    "012-4637": {
        "url": "/notice/012-4637",
        "title": "Arvo Salo\n      \n         - Mineral exploration permit",
        "comments_from_registry": 0,
        "comments_by_email": 0,
        "comments_by_mail": 0
    },
    "012-4629": {
        "url": "/notice/012-4629",
        "title": "Arvo Salo\n      \n         - Mineral exploration permit",
        "comments_from_registry": 0,
        "comments_by_email": 0,
        "comments_by_mail": 0
    },
    "012-5231": {
        "url": "/notice/012-5231",
        "title": "Matt Downey ( Noront Resources Ltd. )\n      \n         - Mineral exploration permit",
        "comments_from_registry": 0,
        "comments_by_email": 0,
        "comments_by_mail": 0
    },
    "012-5253": {
        "url": "/notice/012-5253",
        "title": "Matt Downey ( Noront Resources Ltd. )\n      \n         - Mineral exploration permit",
        "comments_from_registry": 0,
        "comments_by_email": 0,
        "comments_by_mail": 0
    },
    "012-4627": {
        "url": "/notice/012-4627",
        "title": "Arvo Salo\n      \n         - Mineral exploration permit",
        "comments_from_registry": 0,
        "comments_by_email": 0,
        "comments_by_mail": 0
    }
}