{
    "019-6101": {
        "url": "/notice/019-6101",
        "title": "Cielo Vista Farms Inc.\n      \n         - Environmental Compliance Approval (sewage)",
        "comments_from_registry": 0,
        "comments_by_email": 0,
        "comments_by_mail": 0
    },
    "019-7753": {
        "url": "/notice/019-7753",
        "title": "Romyn Farms Ltd.\n      \n         - Environmental Compliance Approval (waste)",
        "comments_from_registry": 0,
        "comments_by_email": 0,
        "comments_by_mail": 0
    },
    "019-6794": {
        "url": "/notice/019-6794",
        "title": "PolyMight International Inc.\n      \n         - Environmental Compliance Approval (air)",
        "comments_from_registry": 0,
        "comments_by_email": 0,
        "comments_by_mail": 0
    },
    "019-6966": {
        "url": "/notice/019-6966",
        "title": "McAsphalt Industries Limited\n      \n         - Environmental Compliance Approval (air)",
        "comments_from_registry": 0,
        "comments_by_email": 0,
        "comments_by_mail": 0
    },
    "019-7676": {
        "url": "/notice/019-7676",
        "title": "530 Speers Road Inc.\n      \n         - Environmental Compliance Approval (air)",
        "comments_from_registry": 0,
        "comments_by_email": 0,
        "comments_by_mail": 0
    },
    "019-7417": {
        "url": "/notice/019-7417",
        "title": "1319536 Ontario Ltd.\n      \n         - Permit to take water",
        "comments_from_registry": 0,
        "comments_by_email": 0,
        "comments_by_mail": 0
    },
    "019-7451": {
        "url": "/notice/019-7451",
        "title": "913281 Ontario Ltd.\n      \n         - Environmental Compliance Approval (sewage)",
        "comments_from_registry": 0,
        "comments_by_email": 0,
        "comments_by_mail": 0
    },
    "019-7482": {
        "url": "/notice/019-7482",
        "title": "Countryside Canners Co. Limited\n      \n         - Environmental Compliance Approval (sewage)",
        "comments_from_registry": 0,
        "comments_by_email": 0,
        "comments_by_mail": 0
    },
    "019-7166": {
        "url": "/notice/019-7166",
        "title": "Flower Group Operating Inc.\n      \n         - Environmental Compliance Approval (sewage)",
        "comments_from_registry": 0,
        "comments_by_email": 0,
        "comments_by_mail": 0
    },
    "019-7607": {
        "url": "/notice/019-7607",
        "title": "Greenwood Mushrooms Development Corporation\n      \n         - Environmental Compliance Approval (sewage)",
        "comments_from_registry": 0,
        "comments_by_email": 0,
        "comments_by_mail": 0
    },
    "019-7796": {
        "url": "/notice/019-7796",
        "title": "Magabra Resources\n      \n         - Mineral exploration permit",
        "comments_from_registry": 0,
        "comments_by_email": 0,
        "comments_by_mail": 0
    },
    "019-7795": {
        "url": "/notice/019-7795",
        "title": "Magabra Resouces\n      \n         - Mineral exploration permit",
        "comments_from_registry": 0,
        "comments_by_email": 0,
        "comments_by_mail": 0
    },
    "019-5247": {
        "url": "/notice/019-5247",
        "title": "Evolution Mining Gold Operations Ltd.\n      \n         - Environmental Compliance Approval (air)",
        "comments_from_registry": 0,
        "comments_by_email": 0,
        "comments_by_mail": 0
    },
    "019-8204": {
        "url": "/notice/019-8204",
        "title": "Fred Kiernicki\n      \n         - Mineral exploration permit",
        "comments_from_registry": 0,
        "comments_by_email": 0,
        "comments_by_mail": 0
    },
    "019-6673": {
        "url": "/notice/019-6673",
        "title": "Lamoureux Pumping Inc.\n      \n         - Environmental Compliance Approval (waste)",
        "comments_from_registry": 0,
        "comments_by_email": 0,
        "comments_by_mail": 0
    },
    "019-6789": {
        "url": "/notice/019-6789",
        "title": "Snork's Septic Service Ltd.\n      \n         - Environmental Compliance Approval (waste)",
        "comments_from_registry": 0,
        "comments_by_email": 0,
        "comments_by_mail": 0
    },
    "019-6731": {
        "url": "/notice/019-6731",
        "title": "1000200034 Ontario Inc.\n      \n         - Environmental Compliance Approval (sewage)",
        "comments_from_registry": 0,
        "comments_by_email": 0,
        "comments_by_mail": 0
    },
    "019-7862": {
        "url": "/notice/019-7862",
        "title": "David Cryderman & Melissa Wilson\n      \n         - Approval for a consent (subject to conditions) in an area where there is no official plan in place",
        "comments_from_registry": 0,
        "comments_by_email": 0,
        "comments_by_mail": 0
    },
    "019-5958": {
        "url": "/notice/019-5958",
        "title": "Lystek International Corp.\n      \n         - Environmental Compliance Approval (air)",
        "comments_from_registry": 0,
        "comments_by_email": 0,
        "comments_by_mail": 0
    },
    "019-6066": {
        "url": "/notice/019-6066",
        "title": "Waste Management of Canada Corporation\n      \n         - Environmental Compliance Approval (waste)",
        "comments_from_registry": 0,
        "comments_by_email": 0,
        "comments_by_mail": 0
    }
}