{
    "019-6903": {
        "url": "/notice/019-6903",
        "title": "Angus Glen Golf Club Ltd.\n      \n         - Permit to take water",
        "comments_from_registry": 0,
        "comments_by_email": 1,
        "comments_by_mail": 0
    },
    "019-6602": {
        "url": "/notice/019-6602",
        "title": "Woodington Management Inc., operating as Woodington Lake Golf Club\n      \n         - Permit to take water",
        "comments_from_registry": 0,
        "comments_by_email": 0,
        "comments_by_mail": 0
    },
    "019-7335": {
        "url": "/notice/019-7335",
        "title": "Ritson Division Retail GP Limited\n      \n         - Certificate of property use",
        "comments_from_registry": 0,
        "comments_by_email": 0,
        "comments_by_mail": 0
    },
    "019-0317": {
        "url": "/notice/019-0317",
        "title": "R.G.T. Clouthier Construction Ltd.\n      \n         - Issuance of a licence to remove 20,000 tonnes or less of aggregate annually from a pit or quarry",
        "comments_from_registry": 0,
        "comments_by_email": 0,
        "comments_by_mail": 1
    },
    "019-1804": {
        "url": "/notice/019-1804",
        "title": "Exempting projects related to provincial parks and conservation reserves from the Environmental Assessment Act and a new policy under the Provincial Parks and Conservation Reserves Act",
        "comments_from_registry": 12,
        "comments_by_email": 93,
        "comments_by_mail": 0
    },
    "019-7356": {
        "url": "/notice/019-7356",
        "title": "Project Evaluation Policy under the Provincial Parks and Conservation Reserves Act",
        "comments_from_registry": 33,
        "comments_by_email": 24,
        "comments_by_mail": 0
    },
    "019-5182": {
        "url": "/notice/019-5182",
        "title": "Humber River Hospital\n      \n         - Environmental Compliance Approval (sewage)",
        "comments_from_registry": 0,
        "comments_by_email": 0,
        "comments_by_mail": 0
    },
    "019-6536": {
        "url": "/notice/019-6536",
        "title": "A. L. Blair Construction Limited\n      \n         - Permit to take water",
        "comments_from_registry": 0,
        "comments_by_email": 0,
        "comments_by_mail": 0
    },
    "019-7266": {
        "url": "/notice/019-7266",
        "title": "2831468 Ontario Ltd.\n      \n         - Environmental Compliance Approval (sewage)",
        "comments_from_registry": 0,
        "comments_by_email": 0,
        "comments_by_mail": 0
    },
    "019-4087": {
        "url": "/notice/019-4087",
        "title": "R.W. Tomlinson Limited\n      \n         - Issuance of a licence to remove over 20,000 tonnes of aggregate annually from a pit or a quarry",
        "comments_from_registry": 0,
        "comments_by_email": 3,
        "comments_by_mail": 0
    },
    "012-7619": {
        "url": "/notice/012-7619",
        "title": "Amendments to Killbear Provincial Park boundary \u2013 Crown Land Use Amendment 2014-001",
        "comments_from_registry": 6,
        "comments_by_email": 19,
        "comments_by_mail": 1
    },
    "019-6234": {
        "url": "/notice/019-6234",
        "title": "Changes to the Procedure for Corrective Action for Systems not Currently Using Chlorine document",
        "comments_from_registry": 5,
        "comments_by_email": 9,
        "comments_by_mail": 0
    },
    "019-7196": {
        "url": "/notice/019-7196",
        "title": "Proposal to Update the Statement of Environmental Values (SEV)",
        "comments_from_registry": 2,
        "comments_by_email": 0,
        "comments_by_mail": 0
    },
    "019-5314": {
        "url": "/notice/019-5314",
        "title": "Greenstone Gold Mines GP Inc.\n      \n         - Environmental Compliance Approval (air)",
        "comments_from_registry": 0,
        "comments_by_email": 0,
        "comments_by_mail": 0
    },
    "019-6064": {
        "url": "/notice/019-6064",
        "title": "Geosyntec Consultants International, Inc.\n      \n         - Environmental Compliance Approval (air)",
        "comments_from_registry": 0,
        "comments_by_email": 0,
        "comments_by_mail": 0
    },
    "019-7120": {
        "url": "/notice/019-7120",
        "title": "Kinectrics Enterprises Inc.\n      \n         - Permit to take water",
        "comments_from_registry": 0,
        "comments_by_email": 0,
        "comments_by_mail": 0
    },
    "019-7013": {
        "url": "/notice/019-7013",
        "title": "Walker Aggregates Inc.\n      \n         - Permit to take water",
        "comments_from_registry": 0,
        "comments_by_email": 1,
        "comments_by_mail": 0
    },
    "012-7797": {
        "url": "/notice/012-7797",
        "title": "Lafarge Canada Inc - Airport Road\n      \n         - Changes to the site plan for a pit or quarry",
        "comments_from_registry": 0,
        "comments_by_email": 2,
        "comments_by_mail": 0
    },
    "019-7413": {
        "url": "/notice/019-7413",
        "title": "Steven Anderson\n      \n         - Mineral exploration permit",
        "comments_from_registry": 0,
        "comments_by_email": 0,
        "comments_by_mail": 0
    },
    "019-7414": {
        "url": "/notice/019-7414",
        "title": "Steven Anderson\n      \n         - Mineral exploration permit",
        "comments_from_registry": 0,
        "comments_by_email": 0,
        "comments_by_mail": 0
    }
}