{
    "019-1183": {
        "url": "/notice/019-1183",
        "title": "Agnico Eagle Mines Limited\n      \n         - Mineral exploration permit",
        "comments_from_registry": 1,
        "comments_by_email": 0,
        "comments_by_mail": 0
    },
    "019-1136": {
        "url": "/notice/019-1136",
        "title": "Agnico Eagle Mines Limited\n      \n         - Mineral exploration permit",
        "comments_from_registry": 0,
        "comments_by_email": 0,
        "comments_by_mail": 0
    },
    "013-4548": {
        "url": "/notice/013-4548",
        "title": "Agnico-Eagle Mines Limited\n      \n         - Mineral exploration permit",
        "comments_from_registry": 1,
        "comments_by_email": 0,
        "comments_by_mail": 0
    },
    "013-3542": {
        "url": "/notice/013-3542",
        "title": "Simtor Environmental Ltd.\n      \n         - Environmental Compliance Approval (sewage)",
        "comments_from_registry": 1,
        "comments_by_email": 0,
        "comments_by_mail": 0
    },
    "012-8685": {
        "url": "/notice/012-8685",
        "title": "Ontario\u2019s Crown Forests: Opportunities to enhance carbon storage? A discussion paper",
        "comments_from_registry": 19,
        "comments_by_email": 14,
        "comments_by_mail": 0
    },
    "019-0219": {
        "url": "/notice/019-0219",
        "title": "Samuel, Son & Co., Limited\n      \n         - Environmental Compliance Approval (air)",
        "comments_from_registry": 0,
        "comments_by_email": 0,
        "comments_by_mail": 0
    },
    "019-0793": {
        "url": "/notice/019-0793",
        "title": "Cancoil Thermal Corporation\n      \n         - Environmental Compliance Approval (sewage)",
        "comments_from_registry": 0,
        "comments_by_email": 0,
        "comments_by_mail": 0
    },
    "013-4293": {
        "url": "/notice/013-4293",
        "title": "Bill 66, Restoring Ontario\u2019s Competitiveness Act, 2018",
        "comments_from_registry": 3474,
        "comments_by_email": 22488,
        "comments_by_mail": 70
    },
    "013-0276": {
        "url": "/notice/013-0276",
        "title": "North Pickering Community Management Inc.\n      \n         - Permit for activities to achieve an overall benefit to a species",
        "comments_from_registry": 2,
        "comments_by_email": 0,
        "comments_by_mail": 0
    },
    "019-0995": {
        "url": "/notice/019-0995",
        "title": "Guillaume Ratth\u00e9\n      \n         - Mineral exploration permit",
        "comments_from_registry": 0,
        "comments_by_email": 0,
        "comments_by_mail": 0
    },
    "019-0784": {
        "url": "/notice/019-0784",
        "title": "Estee Lauder Cosmetics Ltd.\n      \n         - Environmental Compliance Approval (air)",
        "comments_from_registry": 0,
        "comments_by_email": 0,
        "comments_by_mail": 0
    },
    "019-0714": {
        "url": "/notice/019-0714",
        "title": "Erie Sand & Gravel Limited\n      \n         - Changes to the site plan for a pit or quarry",
        "comments_from_registry": 1,
        "comments_by_email": 1,
        "comments_by_mail": 0
    },
    "019-1109": {
        "url": "/notice/019-1109",
        "title": "Mr. David Meunier\n      \n         - Mineral exploration permit",
        "comments_from_registry": 0,
        "comments_by_email": 0,
        "comments_by_mail": 0
    },
    "019-1102": {
        "url": "/notice/019-1102",
        "title": "Epica Gold Incorporated\n      \n         - Mineral exploration permit",
        "comments_from_registry": 0,
        "comments_by_email": 0,
        "comments_by_mail": 0
    },
    "019-1103": {
        "url": "/notice/019-1103",
        "title": "Mr. David Meunier\n      \n         - Mineral exploration permit",
        "comments_from_registry": 0,
        "comments_by_email": 0,
        "comments_by_mail": 0
    },
    "019-0901": {
        "url": "/notice/019-0901",
        "title": "GFL Environmental Inc.\n      \n         - Environmental Compliance Approval (waste)",
        "comments_from_registry": 1,
        "comments_by_email": 0,
        "comments_by_mail": 0
    },
    "013-5183": {
        "url": "/notice/013-5183",
        "title": "FPH Group Inc.\n      \n         - Environmental Compliance Approval (air)",
        "comments_from_registry": 0,
        "comments_by_email": 0,
        "comments_by_mail": 0
    },
    "019-0557": {
        "url": "/notice/019-0557",
        "title": "High Park Holdings Ltd.\n      \n         - Environmental Compliance Approval (sewage)",
        "comments_from_registry": 0,
        "comments_by_email": 0,
        "comments_by_mail": 0
    },
    "019-1027": {
        "url": "/notice/019-1027",
        "title": "4208 Dundas Development GP Inc.\n      \n         - Certificate of property use",
        "comments_from_registry": 0,
        "comments_by_email": 0,
        "comments_by_mail": 0
    },
    "019-0951": {
        "url": "/notice/019-0951",
        "title": "Sudbury Condominium Corporation No. 5\n      \n         - Approval for a consent (subject to conditions) in an area where there is no official plan in place",
        "comments_from_registry": 0,
        "comments_by_email": 0,
        "comments_by_mail": 0
    }
}