{
    "019-3448": {
        "url": "/notice/019-3448",
        "title": "Cyanide Destruct Systems Inc.\n      \n         - Environmental Compliance Approval (waste)",
        "comments_from_registry": 0,
        "comments_by_email": 0,
        "comments_by_mail": 0
    },
    "019-3647": {
        "url": "/notice/019-3647",
        "title": "Citron Hygiene GP Inc. as the general partner for and on behalf of Citron Hygiene LP\n      \n         - Environmental Compliance Approval (waste)",
        "comments_from_registry": 0,
        "comments_by_email": 0,
        "comments_by_mail": 0
    },
    "019-4378": {
        "url": "/notice/019-4378",
        "title": "Amazon Canada Fulfillment Services, ULC\n      \n         - Permit to take water",
        "comments_from_registry": 0,
        "comments_by_email": 0,
        "comments_by_mail": 0
    },
    "019-4059": {
        "url": "/notice/019-4059",
        "title": "Envirosystems Incorporated\n      \n         - Environmental Compliance Approval (waste)",
        "comments_from_registry": 0,
        "comments_by_email": 0,
        "comments_by_mail": 0
    },
    "019-4150": {
        "url": "/notice/019-4150",
        "title": "Laguna Trading Ltd.\n      \n         - Environmental Compliance Approval (waste)",
        "comments_from_registry": 0,
        "comments_by_email": 0,
        "comments_by_mail": 0
    },
    "019-4095": {
        "url": "/notice/019-4095",
        "title": "U-Pak Disposals (1989) Limited\n      \n         - Environmental Compliance Approval (waste)",
        "comments_from_registry": 0,
        "comments_by_email": 0,
        "comments_by_mail": 0
    },
    "019-2285": {
        "url": "/notice/019-2285",
        "title": "Cyanide Destruct Systems Inc.\n      \n         - Environmental Compliance Approval (waste)",
        "comments_from_registry": 0,
        "comments_by_email": 0,
        "comments_by_mail": 0
    },
    "019-3709": {
        "url": "/notice/019-3709",
        "title": "EACOM Timber Corporation\n      \n         - Environmental Compliance Approval (waste)",
        "comments_from_registry": 0,
        "comments_by_email": 0,
        "comments_by_mail": 0
    },
    "019-4658": {
        "url": "/notice/019-4658",
        "title": "Mayfair Gold Corp.\n      \n         - Mineral exploration permit",
        "comments_from_registry": 0,
        "comments_by_email": 0,
        "comments_by_mail": 0
    },
    "019-4657": {
        "url": "/notice/019-4657",
        "title": "Mayfair Gold Corp.\n      \n         - Mineral exploration permit",
        "comments_from_registry": 0,
        "comments_by_email": 0,
        "comments_by_mail": 0
    },
    "019-2798": {
        "url": "/notice/019-2798",
        "title": "Brock Aggregates Inc.\n      \n         - Changes to the site plan for a pit or quarry",
        "comments_from_registry": 0,
        "comments_by_email": 3,
        "comments_by_mail": 0
    },
    "019-4424": {
        "url": "/notice/019-4424",
        "title": "Lafarge Canada Inc.\n      \n         - Changes to the site plan for a pit or quarry",
        "comments_from_registry": 0,
        "comments_by_email": 2,
        "comments_by_mail": 0
    },
    "019-4423": {
        "url": "/notice/019-4423",
        "title": "Lafarge Canada Inc.\n      \n         - Changes to the site plan for a pit or quarry",
        "comments_from_registry": 0,
        "comments_by_email": 2,
        "comments_by_mail": 0
    },
    "019-2247": {
        "url": "/notice/019-2247",
        "title": "GFL Environmental Inc.\n      \n         - Environmental Compliance Approval (waste)",
        "comments_from_registry": 0,
        "comments_by_email": 0,
        "comments_by_mail": 0
    },
    "019-2630": {
        "url": "/notice/019-2630",
        "title": "1712833 Ontario Ltd\n      \n         - Environmental Compliance Approval (air)",
        "comments_from_registry": 0,
        "comments_by_email": 0,
        "comments_by_mail": 0
    },
    "019-2887": {
        "url": "/notice/019-2887",
        "title": "Synergy Waste Systems Inc.\n      \n         - Environmental Compliance Approval (waste)",
        "comments_from_registry": 0,
        "comments_by_email": 0,
        "comments_by_mail": 0
    },
    "019-4690": {
        "url": "/notice/019-4690",
        "title": "SHELL CANADA\n      \n         - Approval for variance from the Liquid Fuels Handling Code",
        "comments_from_registry": 0,
        "comments_by_email": 0,
        "comments_by_mail": 0
    },
    "019-4518": {
        "url": "/notice/019-4518",
        "title": "Vale Canada Limited\n      \n         - Approval of a site-specific air standard",
        "comments_from_registry": 1,
        "comments_by_email": 0,
        "comments_by_mail": 0
    },
    "019-4384": {
        "url": "/notice/019-4384",
        "title": "Cardinal Golf Club (Oliver's Nest) Inc.\n      \n         - Permit to take water",
        "comments_from_registry": 0,
        "comments_by_email": 0,
        "comments_by_mail": 0
    },
    "019-3829": {
        "url": "/notice/019-3829",
        "title": "Westhill Innovation Inc.\n      \n         - Environmental Compliance Approval (air)",
        "comments_from_registry": 0,
        "comments_by_email": 0,
        "comments_by_mail": 0
    }
}