{
    "019-2176": {
        "url": "/notice/019-2176",
        "title": "Brampton Brick Limited\n      \n         - Permit to take water",
        "comments_from_registry": 0,
        "comments_by_email": 0,
        "comments_by_mail": 0
    },
    "019-1125": {
        "url": "/notice/019-1125",
        "title": "Autotek Electroplating Inc\n      \n         - Environmental Compliance Approval (air)",
        "comments_from_registry": 0,
        "comments_by_email": 0,
        "comments_by_mail": 0
    },
    "013-4734": {
        "url": "/notice/013-4734",
        "title": "Proposal in support of the province\u2019s review of the Far North Act",
        "comments_from_registry": 33,
        "comments_by_email": 15,
        "comments_by_mail": 5
    },
    "019-2518": {
        "url": "/notice/019-2518",
        "title": "Alasdair Mowat - Magabra Resources\n      \n         - Mineral exploration permit",
        "comments_from_registry": 0,
        "comments_by_email": 0,
        "comments_by_mail": 0
    },
    "019-2645": {
        "url": "/notice/019-2645",
        "title": "JOHN D KILLINS\n      \n         - Approval for variance from the Liquid Fuels Handling Code",
        "comments_from_registry": 0,
        "comments_by_email": 0,
        "comments_by_mail": 0
    },
    "019-2643": {
        "url": "/notice/019-2643",
        "title": "SUDBURY INTEGRATED NICKEL OPERATIONS GLENCORE COMPANY\n      \n         - Approval for variance from the Liquid Fuels Handling Code",
        "comments_from_registry": 0,
        "comments_by_email": 0,
        "comments_by_mail": 0
    },
    "019-2555": {
        "url": "/notice/019-2555",
        "title": "Pavey Ark Minerals Incorporated\n      \n         - Mineral exploration permit",
        "comments_from_registry": 0,
        "comments_by_email": 0,
        "comments_by_mail": 0
    },
    "019-2337": {
        "url": "/notice/019-2337",
        "title": "Bay Moorings Marina Holdings GP Inc.\n      \n         - Permit to take water",
        "comments_from_registry": 0,
        "comments_by_email": 0,
        "comments_by_mail": 0
    },
    "019-1996": {
        "url": "/notice/019-1996",
        "title": "The Minnicog Company of Jarvises Limited\n      \n         - Environmental Compliance Approval (sewage)",
        "comments_from_registry": 0,
        "comments_by_email": 0,
        "comments_by_mail": 0
    },
    "019-0889": {
        "url": "/notice/019-0889",
        "title": "Deciem Inc.\n      \n         - Environmental Compliance Approval (air)",
        "comments_from_registry": 0,
        "comments_by_email": 0,
        "comments_by_mail": 0
    },
    "013-5133": {
        "url": "/notice/013-5133",
        "title": "Justin David Murray (Forester Septic Tank Pumping)\n      \n         - Environmental Compliance Approval (waste)",
        "comments_from_registry": 0,
        "comments_by_email": 0,
        "comments_by_mail": 0
    },
    "019-0082": {
        "url": "/notice/019-0082",
        "title": "Justin Murray - Forster Septic Tank Pumping\n      \n         - Environmental Compliance Approval (waste)",
        "comments_from_registry": 0,
        "comments_by_email": 0,
        "comments_by_mail": 0
    },
    "019-2223": {
        "url": "/notice/019-2223",
        "title": "MOD Developments (Charles) Inc., as general partner for and on behalf of MOD Developments (Charles) Limited Partnership\n      \n         - Permit to take water",
        "comments_from_registry": 0,
        "comments_by_email": 0,
        "comments_by_mail": 0
    },
    "019-1053": {
        "url": "/notice/019-1053",
        "title": "OMYA Canada Inc.\n      \n         - Permit to take water",
        "comments_from_registry": 0,
        "comments_by_email": 0,
        "comments_by_mail": 0
    },
    "019-2118": {
        "url": "/notice/019-2118",
        "title": "Cosmetica Laboratories Inc.\n      \n         - Environmental Compliance Approval (air)",
        "comments_from_registry": 0,
        "comments_by_email": 0,
        "comments_by_mail": 0
    },
    "019-2076": {
        "url": "/notice/019-2076",
        "title": "Dulcina Investments Inc.\n      \n         - Permit to take water",
        "comments_from_registry": 0,
        "comments_by_email": 0,
        "comments_by_mail": 0
    },
    "019-2024": {
        "url": "/notice/019-2024",
        "title": "670703 Ontario Inc.\n      \n         - Permit to take water",
        "comments_from_registry": 0,
        "comments_by_email": 0,
        "comments_by_mail": 0
    },
    "019-2167": {
        "url": "/notice/019-2167",
        "title": "Sunnidale Estates Ltd.\n      \n         - Permit to take water",
        "comments_from_registry": 0,
        "comments_by_email": 0,
        "comments_by_mail": 0
    },
    "019-2042": {
        "url": "/notice/019-2042",
        "title": "1758691 Ontario Inc.\n      \n         - Permit to take water",
        "comments_from_registry": 0,
        "comments_by_email": 0,
        "comments_by_mail": 0
    },
    "019-2127": {
        "url": "/notice/019-2127",
        "title": "Worsley Dream GP Inc.\n      \n         - Permit to take water",
        "comments_from_registry": 0,
        "comments_by_email": 0,
        "comments_by_mail": 0
    }
}