{
    "019-7864": {
        "url": "/notice/019-7864",
        "title": "Allan Anthony Pizziol and Paula Catherine Pizziol\n      \n         - Environmental Compliance Approval (sewage)",
        "comments_from_registry": 0,
        "comments_by_email": 0,
        "comments_by_mail": 0
    },
    "019-8634": {
        "url": "/notice/019-8634",
        "title": "Charles Voorn\n      \n         - Mineral exploration permit",
        "comments_from_registry": 0,
        "comments_by_email": 0,
        "comments_by_mail": 0
    },
    "019-8717": {
        "url": "/notice/019-8717",
        "title": "2873454 Ontario Inc.\n      \n         - Mineral exploration permit",
        "comments_from_registry": 0,
        "comments_by_email": 0,
        "comments_by_mail": 0
    },
    "019-8730": {
        "url": "/notice/019-8730",
        "title": "Goldenfire Minerals Inc.\n      \n         - Mineral exploration permit",
        "comments_from_registry": 0,
        "comments_by_email": 0,
        "comments_by_mail": 0
    },
    "019-8708": {
        "url": "/notice/019-8708",
        "title": "Goldenfire Minerals Inc.\n      \n         - Mineral exploration permit",
        "comments_from_registry": 0,
        "comments_by_email": 0,
        "comments_by_mail": 0
    },
    "019-8441": {
        "url": "/notice/019-8441",
        "title": "Joe Mumby Septic Inc.\n      \n         - Environmental Compliance Approval (waste)",
        "comments_from_registry": 0,
        "comments_by_email": 0,
        "comments_by_mail": 0
    },
    "019-8440": {
        "url": "/notice/019-8440",
        "title": "Joe Mumby Septic Inc.\n      \n         - Environmental Compliance Approval (waste)",
        "comments_from_registry": 0,
        "comments_by_email": 0,
        "comments_by_mail": 0
    },
    "019-8448": {
        "url": "/notice/019-8448",
        "title": "1324445 Ontario Ltd. operating as Action Septic Services\n      \n         - Environmental Compliance Approval (waste)",
        "comments_from_registry": 0,
        "comments_by_email": 1,
        "comments_by_mail": 0
    },
    "019-8543": {
        "url": "/notice/019-8543",
        "title": "HIROSE (REBECCA) INC.\n      \n         - Certificate of property use",
        "comments_from_registry": 0,
        "comments_by_email": 0,
        "comments_by_mail": 0
    },
    "019-8177": {
        "url": "/notice/019-8177",
        "title": "Rankin Precast Inc.\n      \n         - Environmental Compliance Approval (air)",
        "comments_from_registry": 0,
        "comments_by_email": 0,
        "comments_by_mail": 0
    },
    "019-8044": {
        "url": "/notice/019-8044",
        "title": "JP Grease Trap Service Inc.\n      \n         - Environmental Compliance Approval (waste)",
        "comments_from_registry": 0,
        "comments_by_email": 1,
        "comments_by_mail": 0
    },
    "019-8482": {
        "url": "/notice/019-8482",
        "title": "Miller Group Inc. \n      \n         - Permit to take water",
        "comments_from_registry": 0,
        "comments_by_email": 0,
        "comments_by_mail": 0
    },
    "019-8663": {
        "url": "/notice/019-8663",
        "title": "Terraces of King George GP Inc.\n      \n         - Certificate of property use",
        "comments_from_registry": 0,
        "comments_by_email": 0,
        "comments_by_mail": 0
    },
    "019-8684": {
        "url": "/notice/019-8684",
        "title": "Moss Lake Project Inc.\n      \n         - Mineral exploration permit",
        "comments_from_registry": 0,
        "comments_by_email": 0,
        "comments_by_mail": 0
    },
    "019-7804": {
        "url": "/notice/019-7804",
        "title": "Carpenter Canada Co.\n      \n         - Environmental Compliance Approval (air)",
        "comments_from_registry": 0,
        "comments_by_email": 0,
        "comments_by_mail": 0
    },
    "019-7639": {
        "url": "/notice/019-7639",
        "title": "Teeswater Concrete Ltd.\n      \n         - Environmental Compliance Approval (air)",
        "comments_from_registry": 0,
        "comments_by_email": 0,
        "comments_by_mail": 0
    },
    "019-6969": {
        "url": "/notice/019-6969",
        "title": "The Recycling Depot GP Inc. as general partner for and on behalf of The Recycling Depot LP\n      \n         - Environmental Compliance Approval (waste)",
        "comments_from_registry": 0,
        "comments_by_email": 0,
        "comments_by_mail": 0
    },
    "019-7192": {
        "url": "/notice/019-7192",
        "title": "Canada Colors and Chemicals Limited\n      \n         - Environmental Compliance Approval (air)",
        "comments_from_registry": 0,
        "comments_by_email": 0,
        "comments_by_mail": 0
    },
    "019-8306": {
        "url": "/notice/019-8306",
        "title": "Broken Rock Resources Ltd, Lianne Boyer\n      \n         - Mineral exploration permit",
        "comments_from_registry": 0,
        "comments_by_email": 0,
        "comments_by_mail": 0
    },
    "019-8736": {
        "url": "/notice/019-8736",
        "title": "Noble Mineral Exploration Inc. \n      \n         - Mineral exploration permit",
        "comments_from_registry": 0,
        "comments_by_email": 0,
        "comments_by_mail": 0
    }
}