{
    "019-6883": {
        "url": "/notice/019-6883",
        "title": "Juno Corp\n      \n         - Mineral exploration permit",
        "comments_from_registry": 0,
        "comments_by_email": 0,
        "comments_by_mail": 0
    },
    "019-6869": {
        "url": "/notice/019-6869",
        "title": "Ring of Fire Metals\n      \n         - Mineral exploration permit",
        "comments_from_registry": 0,
        "comments_by_email": 0,
        "comments_by_mail": 0
    },
    "019-6870": {
        "url": "/notice/019-6870",
        "title": "Ring of Fire Metals\n      \n         - Mineral exploration permit",
        "comments_from_registry": 0,
        "comments_by_email": 0,
        "comments_by_mail": 0
    },
    "019-6871": {
        "url": "/notice/019-6871",
        "title": "Ring of Fire Metals\n      \n         - Mineral exploration permit",
        "comments_from_registry": 0,
        "comments_by_email": 0,
        "comments_by_mail": 0
    },
    "019-6872": {
        "url": "/notice/019-6872",
        "title": "Ring of Fire Metals\n      \n         - Mineral exploration permit",
        "comments_from_registry": 0,
        "comments_by_email": 0,
        "comments_by_mail": 0
    },
    "019-6873": {
        "url": "/notice/019-6873",
        "title": "Ring of Fire Metals\n      \n         - Mineral exploration permit",
        "comments_from_registry": 0,
        "comments_by_email": 0,
        "comments_by_mail": 0
    },
    "019-6874": {
        "url": "/notice/019-6874",
        "title": "Ring of Fire Metals\n      \n         - Mineral exploration permit",
        "comments_from_registry": 0,
        "comments_by_email": 0,
        "comments_by_mail": 0
    },
    "019-6875": {
        "url": "/notice/019-6875",
        "title": "Ring of Fire Metals\n      \n         - Mineral exploration permit",
        "comments_from_registry": 0,
        "comments_by_email": 0,
        "comments_by_mail": 0
    },
    "019-6876": {
        "url": "/notice/019-6876",
        "title": "Ring of Fire Metals\n      \n         - Mineral exploration permit",
        "comments_from_registry": 0,
        "comments_by_email": 0,
        "comments_by_mail": 0
    },
    "019-6877": {
        "url": "/notice/019-6877",
        "title": "Ring of Fire Metals\n      \n         - Mineral exploration permit",
        "comments_from_registry": 0,
        "comments_by_email": 0,
        "comments_by_mail": 0
    },
    "019-6878": {
        "url": "/notice/019-6878",
        "title": "Ring of Fire Metals\n      \n         - Mineral exploration permit",
        "comments_from_registry": 1,
        "comments_by_email": 1,
        "comments_by_mail": 0
    },
    "019-6879": {
        "url": "/notice/019-6879",
        "title": "Ring of Fire Metals\n      \n         - Mineral exploration permit",
        "comments_from_registry": 0,
        "comments_by_email": 0,
        "comments_by_mail": 0
    },
    "019-6923": {
        "url": "/notice/019-6923",
        "title": "Jacob McKinnon\n      \n         - Mineral exploration permit",
        "comments_from_registry": 0,
        "comments_by_email": 0,
        "comments_by_mail": 0
    },
    "019-7077": {
        "url": "/notice/019-7077",
        "title": "Richard Angove\n      \n         - Mineral exploration permit",
        "comments_from_registry": 0,
        "comments_by_email": 0,
        "comments_by_mail": 0
    },
    "019-6881": {
        "url": "/notice/019-6881",
        "title": "Juno Corp\n      \n         - Mineral exploration permit",
        "comments_from_registry": 0,
        "comments_by_email": 0,
        "comments_by_mail": 0
    },
    "019-6989": {
        "url": "/notice/019-6989",
        "title": "Blair L. Flowers Construction Ltd.\n      \n         - Environmental Compliance Approval (sewage)",
        "comments_from_registry": 0,
        "comments_by_email": 0,
        "comments_by_mail": 0
    },
    "019-6534": {
        "url": "/notice/019-6534",
        "title": "Cornwall Gravel Company Limited\n      \n         - Environmental Compliance Approval (sewage)",
        "comments_from_registry": 0,
        "comments_by_email": 0,
        "comments_by_mail": 0
    },
    "019-6730": {
        "url": "/notice/019-6730",
        "title": "Goldcorp Canada Ltd.\n      \n         - Environmental Compliance Approval (sewage)",
        "comments_from_registry": 1,
        "comments_by_email": 0,
        "comments_by_mail": 0
    },
    "019-5854": {
        "url": "/notice/019-5854",
        "title": "2566593 Ontario Inc.\n      \n         - Environmental Compliance Approval (sewage)",
        "comments_from_registry": 0,
        "comments_by_email": 0,
        "comments_by_mail": 0
    },
    "019-6561": {
        "url": "/notice/019-6561",
        "title": "2722260 Ontario Inc.\n      \n         - Environmental Compliance Approval (sewage)",
        "comments_from_registry": 0,
        "comments_by_email": 0,
        "comments_by_mail": 0
    }
}