{
    "019-2750": {
        "url": "/notice/019-2750",
        "title": "SUNCOR ENERGY PRODUCTS PARTNERSHIP\n      \n         - Approval for variance from the Liquid Fuels Handling Code",
        "comments_from_registry": 0,
        "comments_by_email": 0,
        "comments_by_mail": 0
    },
    "019-2231": {
        "url": "/notice/019-2231",
        "title": "510 Dundas Street East Inc.\n      \n         - Environmental Compliance Approval (sewage)",
        "comments_from_registry": 0,
        "comments_by_email": 0,
        "comments_by_mail": 0
    },
    "019-2197": {
        "url": "/notice/019-2197",
        "title": "Black Tower Investments Ltd.\n      \n         - Environmental Compliance Approval (sewage)",
        "comments_from_registry": 0,
        "comments_by_email": 0,
        "comments_by_mail": 0
    },
    "019-2445": {
        "url": "/notice/019-2445",
        "title": "Raymond Oliver Dobbin operating as R. Dobbin Engineering\n      \n         - Environmental Compliance Approval (sewage)",
        "comments_from_registry": 0,
        "comments_by_email": 0,
        "comments_by_mail": 0
    },
    "019-2690": {
        "url": "/notice/019-2690",
        "title": "Trans-Northern Pipelines Inc.\n      \n         - Permit to take water",
        "comments_from_registry": 0,
        "comments_by_email": 0,
        "comments_by_mail": 0
    },
    "019-2713": {
        "url": "/notice/019-2713",
        "title": "Hillway Equipment Limited\n      \n         - Permit to take water",
        "comments_from_registry": 0,
        "comments_by_email": 0,
        "comments_by_mail": 0
    },
    "019-2590": {
        "url": "/notice/019-2590",
        "title": "3M Canada Company\n      \n         - Environmental Compliance Approval (sewage)",
        "comments_from_registry": 0,
        "comments_by_email": 0,
        "comments_by_mail": 0
    },
    "019-2614": {
        "url": "/notice/019-2614",
        "title": "Jeffrey Golightly and Bridget Preston\n      \n         - Environmental Compliance Approval (sewage)",
        "comments_from_registry": 0,
        "comments_by_email": 0,
        "comments_by_mail": 0
    },
    "019-2697": {
        "url": "/notice/019-2697",
        "title": "Ms. S. Saarinen\n      \n         - Mineral exploration permit",
        "comments_from_registry": 0,
        "comments_by_email": 0,
        "comments_by_mail": 0
    },
    "013-2113": {
        "url": "/notice/013-2113",
        "title": "Jason Ploeger\n      \n         - Mineral exploration permit",
        "comments_from_registry": 0,
        "comments_by_email": 0,
        "comments_by_mail": 0
    },
    "013-2601": {
        "url": "/notice/013-2601",
        "title": "International Explorers & Prospectors Inc.\n      \n         - Mineral exploration permit",
        "comments_from_registry": 0,
        "comments_by_email": 0,
        "comments_by_mail": 0
    },
    "013-1590": {
        "url": "/notice/013-1590",
        "title": "Moneta Porcupine Mines Inc.\n      \n         - Mineral exploration permit",
        "comments_from_registry": 0,
        "comments_by_email": 0,
        "comments_by_mail": 0
    },
    "013-1404": {
        "url": "/notice/013-1404",
        "title": "Cameron Quirk (Aunces Inc.) \n      \n         - Mineral exploration permit",
        "comments_from_registry": 0,
        "comments_by_email": 0,
        "comments_by_mail": 0
    },
    "013-0119": {
        "url": "/notice/013-0119",
        "title": "Arvo Salo\n      \n         - Mineral exploration permit",
        "comments_from_registry": 0,
        "comments_by_email": 0,
        "comments_by_mail": 0
    },
    "012-9809": {
        "url": "/notice/012-9809",
        "title": "Arvo Salo\n      \n         - Mineral exploration permit",
        "comments_from_registry": 0,
        "comments_by_email": 0,
        "comments_by_mail": 0
    },
    "019-2660": {
        "url": "/notice/019-2660",
        "title": "1495573 Ontario Inc.\n      \n         - Approval for a consent (subject to conditions) in an area where there is no official plan in place",
        "comments_from_registry": 0,
        "comments_by_email": 0,
        "comments_by_mail": 0
    },
    "013-0644": {
        "url": "/notice/013-0644",
        "title": "Updating the Ministry of the Environment and Climate Change Statement of Environmental Values",
        "comments_from_registry": 2,
        "comments_by_email": 0,
        "comments_by_mail": 2
    },
    "013-1645": {
        "url": "/notice/013-1645",
        "title": "Julie Selway ( Agent of Power Metals Corp., Orebot Inc., Peter Hermeston and Margaret Segouin )\n      \n         - Mineral exploration permit",
        "comments_from_registry": 0,
        "comments_by_email": 0,
        "comments_by_mail": 0
    },
    "019-2427": {
        "url": "/notice/019-2427",
        "title": "Amendments to the Mining Act to streamline and improve consistency",
        "comments_from_registry": 0,
        "comments_by_email": 1,
        "comments_by_mail": 0
    },
    "019-2426": {
        "url": "/notice/019-2426",
        "title": "Amendments to the Mining Act to provide relief to claim holders",
        "comments_from_registry": 1,
        "comments_by_email": 0,
        "comments_by_mail": 0
    }
}