{
    "019-2994": {
        "url": "/notice/019-2994",
        "title": "Michael Boily - EMX Properties\n      \n         - Mineral exploration permit",
        "comments_from_registry": 0,
        "comments_by_email": 0,
        "comments_by_mail": 0
    },
    "013-3957": {
        "url": "/notice/013-3957",
        "title": "City of Brampton - permit for activities with conditions to achieve overall benefit to the species\n      \n         - Permit for activities to achieve an overall benefit to a species",
        "comments_from_registry": 0,
        "comments_by_email": 0,
        "comments_by_mail": 0
    },
    "019-0971": {
        "url": "/notice/019-0971",
        "title": "2634876 Ontario Inc.\n      \n         - Permit for activities to achieve an overall benefit to a species",
        "comments_from_registry": 0,
        "comments_by_email": 0,
        "comments_by_mail": 0
    },
    "019-0579": {
        "url": "/notice/019-0579",
        "title": "Ontario Ministry of Transportation\n      \n         - Permit for activities to achieve an overall benefit to a species",
        "comments_from_registry": 1,
        "comments_by_email": 0,
        "comments_by_mail": 0
    },
    "019-2992": {
        "url": "/notice/019-2992",
        "title": "Grid Metals Corporation\n      \n         - Mineral exploration permit",
        "comments_from_registry": 0,
        "comments_by_email": 0,
        "comments_by_mail": 0
    },
    "012-3125": {
        "url": "/notice/012-3125",
        "title": "Bayer CropScience Inc.\n      \n         - Classification, reclassification or declassification of a pesticide",
        "comments_from_registry": 0,
        "comments_by_email": 0,
        "comments_by_mail": 1
    },
    "012-3122": {
        "url": "/notice/012-3122",
        "title": "Cheminova Canada Incorporated\n      \n         - Classification, reclassification or declassification of a pesticide",
        "comments_from_registry": 0,
        "comments_by_email": 0,
        "comments_by_mail": 1
    },
    "012-3121": {
        "url": "/notice/012-3121",
        "title": "Makhteshim Agan of North America Inc.\n      \n         - Classification, reclassification or declassification of a pesticide",
        "comments_from_registry": 0,
        "comments_by_email": 0,
        "comments_by_mail": 1
    },
    "019-2759": {
        "url": "/notice/019-2759",
        "title": "Klodan-Leclair Ltd.\n      \n         - Permit to take water",
        "comments_from_registry": 0,
        "comments_by_email": 0,
        "comments_by_mail": 0
    },
    "019-1370": {
        "url": "/notice/019-1370",
        "title": "Ampere Metal Finishing Inc.\n      \n         - Environmental Compliance Approval (air)",
        "comments_from_registry": 0,
        "comments_by_email": 0,
        "comments_by_mail": 0
    },
    "019-2573": {
        "url": "/notice/019-2573",
        "title": "Icon Forest District Limited\n      \n         - Environmental Compliance Approval (sewage)",
        "comments_from_registry": 0,
        "comments_by_email": 0,
        "comments_by_mail": 0
    },
    "019-2890": {
        "url": "/notice/019-2890",
        "title": "Brian O'Connor\n      \n         - Environmental Compliance Approval (sewage)",
        "comments_from_registry": 0,
        "comments_by_email": 0,
        "comments_by_mail": 0
    },
    "019-2165": {
        "url": "/notice/019-2165",
        "title": "Ontario Plants Propagation Limited\n      \n         - Environmental Compliance Approval (sewage)",
        "comments_from_registry": 0,
        "comments_by_email": 0,
        "comments_by_mail": 0
    },
    "019-2717": {
        "url": "/notice/019-2717",
        "title": "ClubLink Corporation ULC\n      \n         - Permit to take water",
        "comments_from_registry": 0,
        "comments_by_email": 0,
        "comments_by_mail": 0
    },
    "019-2718": {
        "url": "/notice/019-2718",
        "title": "2666939 Ontario Inc.\n      \n         - Permit to take water",
        "comments_from_registry": 0,
        "comments_by_email": 0,
        "comments_by_mail": 0
    },
    "019-2870": {
        "url": "/notice/019-2870",
        "title": "Connie Rose DePaulo & Wendy June Channing\n      \n         - Environmental Compliance Approval (sewage)",
        "comments_from_registry": 0,
        "comments_by_email": 0,
        "comments_by_mail": 0
    },
    "019-2894": {
        "url": "/notice/019-2894",
        "title": "Michael John Saunders\n      \n         - Environmental Compliance Approval (sewage)",
        "comments_from_registry": 0,
        "comments_by_email": 0,
        "comments_by_mail": 0
    },
    "019-2859": {
        "url": "/notice/019-2859",
        "title": "Siemens Canada Limited\n      \n         - Certificate of property use",
        "comments_from_registry": 0,
        "comments_by_email": 0,
        "comments_by_mail": 0
    },
    "019-2907": {
        "url": "/notice/019-2907",
        "title": "Harte Gold Corporation\n      \n         - Mineral exploration permit",
        "comments_from_registry": 0,
        "comments_by_email": 0,
        "comments_by_mail": 0
    },
    "019-0854": {
        "url": "/notice/019-0854",
        "title": "Howard Campbell & Sons Ltd.\n      \n         - Environmental Compliance Approval (waste)",
        "comments_from_registry": 0,
        "comments_by_email": 0,
        "comments_by_mail": 0
    }
}