{
    "019-1451": {
        "url": "/notice/019-1451",
        "title": "Blue Mountain Resorts GP Inc. as general partner for and on behalf of Blue Mountain Resorts Limited Partnership\n      \n         - Permit to take water",
        "comments_from_registry": 0,
        "comments_by_email": 0,
        "comments_by_mail": 0
    },
    "019-1145": {
        "url": "/notice/019-1145",
        "title": "Blue Water Golf Course Inc.\n      \n         - Permit to take water",
        "comments_from_registry": 0,
        "comments_by_email": 0,
        "comments_by_mail": 0
    },
    "019-0702": {
        "url": "/notice/019-0702",
        "title": "Eastrock Inc.\n      \n         - Environmental Compliance Approval (sewage)",
        "comments_from_registry": 0,
        "comments_by_email": 0,
        "comments_by_mail": 0
    },
    "019-1251": {
        "url": "/notice/019-1251",
        "title": "R.W. Tomlinson Limited\n      \n         - Environmental Compliance Approval (sewage)",
        "comments_from_registry": 0,
        "comments_by_email": 0,
        "comments_by_mail": 0
    },
    "019-0844": {
        "url": "/notice/019-0844",
        "title": "2298764 Ontario Limited\n      \n         - Environmental Compliance Approval (sewage)",
        "comments_from_registry": 0,
        "comments_by_email": 0,
        "comments_by_mail": 0
    },
    "019-1410": {
        "url": "/notice/019-1410",
        "title": "Omya Canada Inc.\n      \n         - Environmental Compliance Approval (air)",
        "comments_from_registry": 0,
        "comments_by_email": 0,
        "comments_by_mail": 0
    },
    "019-1177": {
        "url": "/notice/019-1177",
        "title": "Cuesta Estates & Winery Inc.\n      \n         - Environmental Compliance Approval (sewage)",
        "comments_from_registry": 0,
        "comments_by_email": 0,
        "comments_by_mail": 0
    },
    "019-0938": {
        "url": "/notice/019-0938",
        "title": "Norshred Inc. operating as Norshred\n      \n         - Environmental Compliance Approval (air)",
        "comments_from_registry": 0,
        "comments_by_email": 0,
        "comments_by_mail": 0
    },
    "019-0336": {
        "url": "/notice/019-0336",
        "title": "Sheik Halal Farms Inc.\n      \n         - Environmental Compliance Approval (sewage)",
        "comments_from_registry": 0,
        "comments_by_email": 0,
        "comments_by_mail": 0
    },
    "019-1193": {
        "url": "/notice/019-1193",
        "title": "Ellis-Don Civil Ltd.\n      \n         - Environmental Compliance Approval (sewage)",
        "comments_from_registry": 0,
        "comments_by_email": 0,
        "comments_by_mail": 0
    },
    "019-1554": {
        "url": "/notice/019-1554",
        "title": "GFL Environmental Inc.\n      \n         - Environmental Compliance Approval (waste)",
        "comments_from_registry": 0,
        "comments_by_email": 0,
        "comments_by_mail": 0
    },
    "019-0322": {
        "url": "/notice/019-0322",
        "title": "781998 Ontario Inc.\n      \n         - Environmental Compliance Approval (waste)",
        "comments_from_registry": 0,
        "comments_by_email": 0,
        "comments_by_mail": 0
    },
    "019-1516": {
        "url": "/notice/019-1516",
        "title": "Town of Bruce Mines\n      \n         - Approval of a municipality\u2019s official plan",
        "comments_from_registry": 0,
        "comments_by_email": 0,
        "comments_by_mail": 0
    },
    "013-4340": {
        "url": "/notice/013-4340",
        "title": "1880561 Ontario Inc.\n      \n         - Certificate of property use",
        "comments_from_registry": 0,
        "comments_by_email": 0,
        "comments_by_mail": 0
    },
    "013-4393": {
        "url": "/notice/013-4393",
        "title": "51-57 Queen Street Holdings Limited\n      \n         - Certificate of property use",
        "comments_from_registry": 0,
        "comments_by_email": 0,
        "comments_by_mail": 0
    },
    "013-4394": {
        "url": "/notice/013-4394",
        "title": "18 Queen Street Holdings Limited\n      \n         - Certificate of property use",
        "comments_from_registry": 0,
        "comments_by_email": 0,
        "comments_by_mail": 0
    },
    "019-1155": {
        "url": "/notice/019-1155",
        "title": "Desrosiers Geothermal Corporation\n      \n         - Environmental Compliance Approval (air)",
        "comments_from_registry": 0,
        "comments_by_email": 0,
        "comments_by_mail": 0
    },
    "013-5076": {
        "url": "/notice/013-5076",
        "title": "Desrosiers Geothermal Corporation\n      \n         - Environmental Compliance Approval (air)",
        "comments_from_registry": 0,
        "comments_by_email": 0,
        "comments_by_mail": 0
    },
    "019-1314": {
        "url": "/notice/019-1314",
        "title": "Township of Baldwin\n      \n         - Approval of a municipality\u2019s official plan",
        "comments_from_registry": 0,
        "comments_by_email": 0,
        "comments_by_mail": 0
    },
    "019-1312": {
        "url": "/notice/019-1312",
        "title": "Township of Sables-Spanish Rivers\n      \n         - Approval to amend a municipality\u2019s official plan",
        "comments_from_registry": 0,
        "comments_by_email": 0,
        "comments_by_mail": 0
    }
}