{
    "019-3255": {
        "url": "/notice/019-3255",
        "title": "McNichols Construction Ltd. \n      \n         - Issuance of a licence to remove over 20,000 tonnes of aggregate annually from a pit or a quarry",
        "comments_from_registry": 0,
        "comments_by_email": 2,
        "comments_by_mail": 0
    },
    "019-3535": {
        "url": "/notice/019-3535",
        "title": "Bedard Sand and Gravel Limited\n      \n         - Changes to the site plan for a pit or quarry",
        "comments_from_registry": 0,
        "comments_by_email": 0,
        "comments_by_mail": 0
    },
    "019-8601": {
        "url": "/notice/019-8601",
        "title": "Torr Metals Inc\n      \n         - Mineral exploration permit",
        "comments_from_registry": 0,
        "comments_by_email": 0,
        "comments_by_mail": 0
    },
    "019-8444": {
        "url": "/notice/019-8444",
        "title": "Prodigy Gold Inc\n      \n         - Mineral exploration permit",
        "comments_from_registry": 1,
        "comments_by_email": 0,
        "comments_by_mail": 0
    },
    "019-7771": {
        "url": "/notice/019-7771",
        "title": "SMC (Canada) Ltd.\n      \n         - Permit to take water",
        "comments_from_registry": 0,
        "comments_by_email": 0,
        "comments_by_mail": 0
    },
    "019-7815": {
        "url": "/notice/019-7815",
        "title": "Nestl\u00e9 Canada Inc.\n      \n         - Environmental Compliance Approval (air)",
        "comments_from_registry": 0,
        "comments_by_email": 0,
        "comments_by_mail": 0
    },
    "019-7003": {
        "url": "/notice/019-7003",
        "title": "Bird Construction Industrial Services Ltd.\n      \n         - Environmental Compliance Approval (air)",
        "comments_from_registry": 11,
        "comments_by_email": 25,
        "comments_by_mail": 0
    },
    "019-8499": {
        "url": "/notice/019-8499",
        "title": "HIP Abstract GP Inc.\n      \n         - Certificate of property use",
        "comments_from_registry": 0,
        "comments_by_email": 0,
        "comments_by_mail": 0
    },
    "019-7628": {
        "url": "/notice/019-7628",
        "title": "Northern Sun Mining Corp.\n      \n         - Environmental Compliance Approval (air)",
        "comments_from_registry": 1,
        "comments_by_email": 0,
        "comments_by_mail": 0
    },
    "019-6823": {
        "url": "/notice/019-6823",
        "title": "Revisions to the Forest Manuals regulated under the Crown Forest Sustainability Act",
        "comments_from_registry": 13,
        "comments_by_email": 2,
        "comments_by_mail": 1
    },
    "019-8504": {
        "url": "/notice/019-8504",
        "title": "Canadian Gold Miner Corp.\n      \n         - Mineral exploration permit",
        "comments_from_registry": 0,
        "comments_by_email": 0,
        "comments_by_mail": 0
    },
    "019-6462": {
        "url": "/notice/019-6462",
        "title": "Lehigh Hanson Materials Limited/Mate\u00e9riaux Lehigh Hanson Limit\u00e9e\n      \n         - Environmental Compliance Approval (air)",
        "comments_from_registry": 14,
        "comments_by_email": 0,
        "comments_by_mail": 0
    },
    "019-8188": {
        "url": "/notice/019-8188",
        "title": "BOS Engineering & Environmental Services Inc.\n      \n         - Environmental Compliance Approval (sewage)",
        "comments_from_registry": 0,
        "comments_by_email": 0,
        "comments_by_mail": 0
    },
    "019-8187": {
        "url": "/notice/019-8187",
        "title": "BOS Engineering & Environmental Services Inc.\n      \n         - Environmental Compliance Approval (sewage)",
        "comments_from_registry": 0,
        "comments_by_email": 0,
        "comments_by_mail": 0
    },
    "019-6601": {
        "url": "/notice/019-6601",
        "title": "Tempo Flexible Packaging Inc.\n      \n         - Environmental Compliance Approval (sewage)",
        "comments_from_registry": 0,
        "comments_by_email": 0,
        "comments_by_mail": 0
    },
    "019-8453": {
        "url": "/notice/019-8453",
        "title": "Faddis Concrete Products Seaforth Inc.\n      \n         - Environmental Compliance Approval (sewage)",
        "comments_from_registry": 0,
        "comments_by_email": 0,
        "comments_by_mail": 0
    },
    "019-8227": {
        "url": "/notice/019-8227",
        "title": "962514 Ontario Inc.\n      \n         - Order for financial assurance",
        "comments_from_registry": 0,
        "comments_by_email": 0,
        "comments_by_mail": 0
    },
    "019-8041": {
        "url": "/notice/019-8041",
        "title": "Karma Tekchen Zabsal Ling\n      \n         - Environmental Compliance Approval (sewage)",
        "comments_from_registry": 0,
        "comments_by_email": 0,
        "comments_by_mail": 0
    },
    "019-8478": {
        "url": "/notice/019-8478",
        "title": "David Kroocmo \n      \n         - Mineral exploration permit",
        "comments_from_registry": 0,
        "comments_by_email": 0,
        "comments_by_mail": 0
    },
    "019-7355": {
        "url": "/notice/019-7355",
        "title": "677075 Ontario Limited\n      \n         - Order to prevent discharge of contaminants",
        "comments_from_registry": 0,
        "comments_by_email": 3,
        "comments_by_mail": 0
    }
}