{
    "019-1452": {
        "url": "/notice/019-1452",
        "title": "Total Septic\n      \n         - Environmental Compliance Approval (waste)",
        "comments_from_registry": 0,
        "comments_by_email": 0,
        "comments_by_mail": 0
    },
    "019-0655": {
        "url": "/notice/019-0655",
        "title": "Egger Enviro Limited\n      \n         - Environmental Compliance Approval (waste)",
        "comments_from_registry": 0,
        "comments_by_email": 0,
        "comments_by_mail": 0
    },
    "019-2500": {
        "url": "/notice/019-2500",
        "title": "Nathan Raymond Adams and Tammy Maheral-Adams operating as Escape Homes Consulting\n      \n         - Environmental Compliance Approval (sewage)",
        "comments_from_registry": 0,
        "comments_by_email": 0,
        "comments_by_mail": 0
    },
    "019-2272": {
        "url": "/notice/019-2272",
        "title": "VMax2 Inc.\n      \n         - Environmental Compliance Approval (sewage)",
        "comments_from_registry": 0,
        "comments_by_email": 0,
        "comments_by_mail": 0
    },
    "019-2572": {
        "url": "/notice/019-2572",
        "title": "Steven Rathwell \n      \n         - Changes to the conditions of a licence to operate a pit or quarry",
        "comments_from_registry": 0,
        "comments_by_email": 1,
        "comments_by_mail": 0
    },
    "019-2664": {
        "url": "/notice/019-2664",
        "title": "Mary Kathleen Harvie; John MacDonald; Lesley Pearce\n      \n         - Approval for a consent (subject to conditions) in an area where there is no official plan in place",
        "comments_from_registry": 0,
        "comments_by_email": 0,
        "comments_by_mail": 0
    },
    "019-2663": {
        "url": "/notice/019-2663",
        "title": "Mary Kathleen Harvie; John MacDonald; Lesley Pearce\n      \n         - Approval for a consent (subject to conditions) in an area where there is no official plan in place",
        "comments_from_registry": 0,
        "comments_by_email": 0,
        "comments_by_mail": 0
    },
    "019-2661": {
        "url": "/notice/019-2661",
        "title": "Mary Kathleen Harvie; John MacDonald; Lesley Pearce\n      \n         - Approval for a consent (subject to conditions) in an area where there is no official plan in place",
        "comments_from_registry": 0,
        "comments_by_email": 0,
        "comments_by_mail": 0
    },
    "019-2766": {
        "url": "/notice/019-2766",
        "title": "Kevin Chester\n      \n         - Approval for a consent (subject to conditions) in an area where there is no official plan in place",
        "comments_from_registry": 0,
        "comments_by_email": 0,
        "comments_by_mail": 0
    },
    "019-2767": {
        "url": "/notice/019-2767",
        "title": "Robert and Shawn Visch\n      \n         - Approval for a consent (subject to conditions) in an area where there is no official plan in place",
        "comments_from_registry": 0,
        "comments_by_email": 0,
        "comments_by_mail": 0
    },
    "019-2260": {
        "url": "/notice/019-2260",
        "title": "Michel Dumoulin for Metalcorp Ltd\n      \n         - Mineral exploration permit",
        "comments_from_registry": 0,
        "comments_by_email": 0,
        "comments_by_mail": 0
    },
    "019-2265": {
        "url": "/notice/019-2265",
        "title": "Michel Dorval\n      \n         - Mineral exploration permit",
        "comments_from_registry": 0,
        "comments_by_email": 0,
        "comments_by_mail": 0
    },
    "019-2406": {
        "url": "/notice/019-2406",
        "title": "Rudolf Wahl\n      \n         - Mineral exploration permit",
        "comments_from_registry": 0,
        "comments_by_email": 0,
        "comments_by_mail": 0
    },
    "019-2460": {
        "url": "/notice/019-2460",
        "title": "1266952 Ontario Ltd.\n      \n         - Environmental Compliance Approval (sewage)",
        "comments_from_registry": 0,
        "comments_by_email": 0,
        "comments_by_mail": 0
    },
    "019-2568": {
        "url": "/notice/019-2568",
        "title": "Strathcona Paper GP Inc.\n      \n         - Environmental Compliance Approval (air)",
        "comments_from_registry": 0,
        "comments_by_email": 0,
        "comments_by_mail": 0
    },
    "013-2282": {
        "url": "/notice/013-2282",
        "title": "CRH Canada Group Incorporated\n      \n         - Permit to take water",
        "comments_from_registry": 133,
        "comments_by_email": 5113,
        "comments_by_mail": 0
    },
    "019-1188": {
        "url": "/notice/019-1188",
        "title": "Ontario Drive & Gear Limited\n      \n         - Environmental Compliance Approval (air)",
        "comments_from_registry": 0,
        "comments_by_email": 0,
        "comments_by_mail": 0
    },
    "019-1566": {
        "url": "/notice/019-1566",
        "title": "London Health Sciences Centre\n      \n         - Environmental Compliance Approval (air)",
        "comments_from_registry": 0,
        "comments_by_email": 0,
        "comments_by_mail": 0
    },
    "019-0845": {
        "url": "/notice/019-0845",
        "title": "GFL Environmental Inc.\n      \n         - Environmental Compliance Approval (air)",
        "comments_from_registry": 0,
        "comments_by_email": 0,
        "comments_by_mail": 0
    },
    "012-0897": {
        "url": "/notice/012-0897",
        "title": "Maurice Yelle Excavation Ltd.\n      \n         - Issuance of a licence to remove over 20,000 tonnes of aggregate annually from a pit or a quarry",
        "comments_from_registry": 0,
        "comments_by_email": 0,
        "comments_by_mail": 4
    }
}