{
    "019-5394": {
        "url": "/notice/019-5394",
        "title": "9456-5082 Quebec Inc., as general partner for and on behalf of Lux Place L.P.\n      \n         - Permit to take water",
        "comments_from_registry": 0,
        "comments_by_email": 1,
        "comments_by_mail": 0
    },
    "019-5672": {
        "url": "/notice/019-5672",
        "title": "Bear Creek Gold Ltd\n      \n         - Mineral exploration permit",
        "comments_from_registry": 0,
        "comments_by_email": 3,
        "comments_by_mail": 0
    },
    "019-5673": {
        "url": "/notice/019-5673",
        "title": "Bear Creek Gold Ltd\n      \n         - Mineral exploration permit",
        "comments_from_registry": 0,
        "comments_by_email": 2,
        "comments_by_mail": 0
    },
    "019-4173": {
        "url": "/notice/019-4173",
        "title": "Bond & Mary Development Phase II Inc.\n      \n         - Environmental Compliance Approval (sewage)",
        "comments_from_registry": 0,
        "comments_by_email": 0,
        "comments_by_mail": 0
    },
    "019-4089": {
        "url": "/notice/019-4089",
        "title": "Fawcett Tractor Supply Ltd.\n      \n         - Environmental Compliance Approval (sewage)",
        "comments_from_registry": 0,
        "comments_by_email": 0,
        "comments_by_mail": 0
    },
    "019-5633": {
        "url": "/notice/019-5633",
        "title": "Evolution Mining Gold Operations Ltd.\n      \n         - Mineral exploration permit",
        "comments_from_registry": 0,
        "comments_by_email": 0,
        "comments_by_mail": 0
    },
    "019-5634": {
        "url": "/notice/019-5634",
        "title": "Evolution Mining Gold Operations Ltd.\n      \n         - Mineral exploration permit",
        "comments_from_registry": 0,
        "comments_by_email": 0,
        "comments_by_mail": 0
    },
    "019-5592": {
        "url": "/notice/019-5592",
        "title": "James Hedalen\n      \n         - Mineral exploration permit",
        "comments_from_registry": 0,
        "comments_by_email": 0,
        "comments_by_mail": 0
    },
    "019-5591": {
        "url": "/notice/019-5591",
        "title": "James Hedalen\n      \n         - Mineral exploration permit",
        "comments_from_registry": 0,
        "comments_by_email": 0,
        "comments_by_mail": 0
    },
    "019-5590": {
        "url": "/notice/019-5590",
        "title": "James Hedalen\n      \n         - Mineral exploration permit",
        "comments_from_registry": 0,
        "comments_by_email": 0,
        "comments_by_mail": 0
    },
    "019-3923": {
        "url": "/notice/019-3923",
        "title": "GFL Environmental Inc.\n      \n         - Environmental Compliance Approval (waste)",
        "comments_from_registry": 0,
        "comments_by_email": 0,
        "comments_by_mail": 0
    },
    "019-5280": {
        "url": "/notice/019-5280",
        "title": "Parkbridge Lifestyle Communities Inc.\n      \n         - Environmental Compliance Approval (sewage)",
        "comments_from_registry": 0,
        "comments_by_email": 0,
        "comments_by_mail": 0
    },
    "019-4348": {
        "url": "/notice/019-4348",
        "title": "Taggart Aggregates Ltd.\n      \n         - Environmental Compliance Approval (air)",
        "comments_from_registry": 0,
        "comments_by_email": 0,
        "comments_by_mail": 0
    },
    "019-3736": {
        "url": "/notice/019-3736",
        "title": "Toyota Boshoku Canada, Inc.\n      \n         - Environmental Compliance Approval (air)",
        "comments_from_registry": 0,
        "comments_by_email": 0,
        "comments_by_mail": 0
    },
    "019-4202": {
        "url": "/notice/019-4202",
        "title": "2629045 Ontario Limited\n      \n         - Environmental Compliance Approval (air)",
        "comments_from_registry": 0,
        "comments_by_email": 0,
        "comments_by_mail": 0
    },
    "019-3525": {
        "url": "/notice/019-3525",
        "title": "Miller Paving Limited\n      \n         - Environmental Compliance Approval (air)",
        "comments_from_registry": 1,
        "comments_by_email": 0,
        "comments_by_mail": 0
    },
    "019-4644": {
        "url": "/notice/019-4644",
        "title": "S.C. Johnson and Son, Limited\n      \n         - Environmental Compliance Approval (sewage)",
        "comments_from_registry": 0,
        "comments_by_email": 0,
        "comments_by_mail": 0
    },
    "019-5580": {
        "url": "/notice/019-5580",
        "title": "RJK Explorations Limited\n      \n         - Mineral exploration permit",
        "comments_from_registry": 0,
        "comments_by_email": 0,
        "comments_by_mail": 0
    },
    "019-5579": {
        "url": "/notice/019-5579",
        "title": "RJK Explorations Limited\n      \n         - Mineral exploration permit",
        "comments_from_registry": 0,
        "comments_by_email": 0,
        "comments_by_mail": 0
    },
    "019-5578": {
        "url": "/notice/019-5578",
        "title": "RJK Explorations Limited\n      \n         - Mineral exploration permit",
        "comments_from_registry": 0,
        "comments_by_email": 0,
        "comments_by_mail": 0
    }
}