{
    "019-3689": {
        "url": "/notice/019-3689",
        "title": "Dwayne Wilson, operating as The Stool Bus\n      \n         - Environmental Compliance Approval (waste)",
        "comments_from_registry": 26,
        "comments_by_email": 0,
        "comments_by_mail": 0
    },
    "019-2681": {
        "url": "/notice/019-2681",
        "title": "City of Toronto\n      \n         - Certificate of property use",
        "comments_from_registry": 0,
        "comments_by_email": 0,
        "comments_by_mail": 0
    },
    "019-2740": {
        "url": "/notice/019-2740",
        "title": "Marmac EMPC Seven Limited\n      \n         - Certificate of property use",
        "comments_from_registry": 0,
        "comments_by_email": 0,
        "comments_by_mail": 0
    },
    "019-2783": {
        "url": "/notice/019-2783",
        "title": "Graywood 250 GP Inc.\n      \n         - Certificate of property use",
        "comments_from_registry": 0,
        "comments_by_email": 0,
        "comments_by_mail": 0
    },
    "019-3282": {
        "url": "/notice/019-3282",
        "title": "Mitek Canada Inc.\n      \n         - Environmental Compliance Approval (air)",
        "comments_from_registry": 0,
        "comments_by_email": 0,
        "comments_by_mail": 0
    },
    "019-3235": {
        "url": "/notice/019-3235",
        "title": "Peters Crushing & Recycling Inc.\n      \n         - Environmental Compliance Approval (air)",
        "comments_from_registry": 2,
        "comments_by_email": 0,
        "comments_by_mail": 0
    },
    "019-3320": {
        "url": "/notice/019-3320",
        "title": "Toronto Research Chemicals Inc.\n      \n         - Environmental Compliance Approval (air)",
        "comments_from_registry": 0,
        "comments_by_email": 0,
        "comments_by_mail": 0
    },
    "019-3228": {
        "url": "/notice/019-3228",
        "title": "The Sarjeant Company Limited\n      \n         - Environmental Compliance Approval (air)",
        "comments_from_registry": 1,
        "comments_by_email": 0,
        "comments_by_mail": 0
    },
    "019-2544": {
        "url": "/notice/019-2544",
        "title": "Newlife Properties Inc.\n      \n         - Environmental Compliance Approval (air)",
        "comments_from_registry": 0,
        "comments_by_email": 0,
        "comments_by_mail": 0
    },
    "019-3684": {
        "url": "/notice/019-3684",
        "title": "General Electric Nova Scotia #1 Company\n      \n         - Environmental Compliance Approval (air)",
        "comments_from_registry": 0,
        "comments_by_email": 0,
        "comments_by_mail": 0
    },
    "019-4227": {
        "url": "/notice/019-4227",
        "title": "2639025 Ontario Inc.\n      \n         - Environmental Compliance Approval (sewage)",
        "comments_from_registry": 0,
        "comments_by_email": 0,
        "comments_by_mail": 0
    },
    "019-4497": {
        "url": "/notice/019-4497",
        "title": "SFJ INC\n      \n         - Approval for variance from the Liquid Fuels Handling Code",
        "comments_from_registry": 0,
        "comments_by_email": 0,
        "comments_by_mail": 0
    },
    "019-4496": {
        "url": "/notice/019-4496",
        "title": "SFJ INC\n      \n         - Approval for variance from the Liquid Fuels Handling Code",
        "comments_from_registry": 0,
        "comments_by_email": 0,
        "comments_by_mail": 0
    },
    "019-4494": {
        "url": "/notice/019-4494",
        "title": "7-ELEVEN CANADA INC - NATIONAL GAS DEPT\n      \n         - Approval for variance from the Liquid Fuels Handling Code",
        "comments_from_registry": 0,
        "comments_by_email": 0,
        "comments_by_mail": 0
    },
    "019-4489": {
        "url": "/notice/019-4489",
        "title": "MAC'S CONVENIENCE STORES INC\n      \n         - Approval for variance from the Liquid Fuels Handling Code",
        "comments_from_registry": 0,
        "comments_by_email": 0,
        "comments_by_mail": 0
    },
    "019-4492": {
        "url": "/notice/019-4492",
        "title": "MAC'S CONVENIENCE STORES INC\n      \n         - Approval for variance from the Liquid Fuels Handling Code",
        "comments_from_registry": 0,
        "comments_by_email": 0,
        "comments_by_mail": 0
    },
    "019-4464": {
        "url": "/notice/019-4464",
        "title": "Conquest Resources Limited\n      \n         - Mineral exploration permit",
        "comments_from_registry": 0,
        "comments_by_email": 0,
        "comments_by_mail": 0
    },
    "019-4465": {
        "url": "/notice/019-4465",
        "title": "Conquest Resources Limited                                                                                        \n      \n         - Mineral exploration permit",
        "comments_from_registry": 0,
        "comments_by_email": 0,
        "comments_by_mail": 0
    },
    "019-4467": {
        "url": "/notice/019-4467",
        "title": "Conquest Resources Limited                                                                                        \n      \n         - Mineral exploration permit",
        "comments_from_registry": 0,
        "comments_by_email": 0,
        "comments_by_mail": 0
    },
    "019-4398": {
        "url": "/notice/019-4398",
        "title": "Rosseau Road Inc.\t\n      \n         - Certificate of property use",
        "comments_from_registry": 0,
        "comments_by_email": 0,
        "comments_by_mail": 0
    }
}