{
    "019-0920": {
        "url": "/notice/019-0920",
        "title": "Developing government response statements for eight species at risk under the Endangered Species Act, 2007",
        "comments_from_registry": 2,
        "comments_by_email": 8,
        "comments_by_mail": 0
    },
    "019-0623": {
        "url": "/notice/019-0623",
        "title": "Ground Effects Ltd.\n      \n         - Environmental Compliance Approval (air)",
        "comments_from_registry": 0,
        "comments_by_email": 0,
        "comments_by_mail": 0
    },
    "019-0508": {
        "url": "/notice/019-0508",
        "title": "Orchard Point Development Corp.\n      \n         - Environmental Compliance Approval (sewage)",
        "comments_from_registry": 0,
        "comments_by_email": 0,
        "comments_by_mail": 0
    },
    "019-0967": {
        "url": "/notice/019-0967",
        "title": "Sofina Foods Inc.\n      \n         - Environmental Compliance Approval (air)",
        "comments_from_registry": 8,
        "comments_by_email": 0,
        "comments_by_mail": 0
    },
    "019-0334": {
        "url": "/notice/019-0334",
        "title": "Cambridge Asphalt Supply Inc.\n      \n         - Environmental Compliance Approval (air)",
        "comments_from_registry": 0,
        "comments_by_email": 0,
        "comments_by_mail": 0
    },
    "019-0454": {
        "url": "/notice/019-0454",
        "title": "2592765 Ontario Inc.\n      \n         - Environmental Compliance Approval (sewage)",
        "comments_from_registry": 0,
        "comments_by_email": 0,
        "comments_by_mail": 0
    },
    "019-1339": {
        "url": "/notice/019-1339",
        "title": "JLR Developments Ltd.\n      \n         - Environmental Compliance Approval (sewage)",
        "comments_from_registry": 0,
        "comments_by_email": 0,
        "comments_by_mail": 0
    },
    "019-1356": {
        "url": "/notice/019-1356",
        "title": "Martian Properties Inc.\n      \n         - Environmental Compliance Approval (sewage)",
        "comments_from_registry": 0,
        "comments_by_email": 0,
        "comments_by_mail": 0
    },
    "019-0656": {
        "url": "/notice/019-0656",
        "title": "Swift Canoe Company Inc.\n      \n         - Environmental Compliance Approval (air)",
        "comments_from_registry": 0,
        "comments_by_email": 0,
        "comments_by_mail": 0
    },
    "013-3946": {
        "url": "/notice/013-3946",
        "title": "Responsible Energy Inc.\n      \n         - Environmental Compliance Approval (air)",
        "comments_from_registry": 0,
        "comments_by_email": 0,
        "comments_by_mail": 0
    },
    "019-1511": {
        "url": "/notice/019-1511",
        "title": "Kafka Granite Glitter Limited\n      \n         - Mineral exploration permit",
        "comments_from_registry": 0,
        "comments_by_email": 0,
        "comments_by_mail": 0
    },
    "019-1396": {
        "url": "/notice/019-1396",
        "title": "Terry Bursey\n      \n         - Mineral exploration permit",
        "comments_from_registry": 0,
        "comments_by_email": 0,
        "comments_by_mail": 0
    },
    "019-1395": {
        "url": "/notice/019-1395",
        "title": "Terry Bursey\n      \n         - Mineral exploration permit",
        "comments_from_registry": 0,
        "comments_by_email": 0,
        "comments_by_mail": 0
    },
    "019-0732": {
        "url": "/notice/019-0732",
        "title": "Amendments to Three Statutes administered by the Ministry of Natural Resources and Forestry to support the proposed Better for People, Smarter for Business Act, 2019 and a proposal for a new regulation under the Lakes and Rivers Improvement Act",
        "comments_from_registry": 29,
        "comments_by_email": 351,
        "comments_by_mail": 1
    },
    "019-1286": {
        "url": "/notice/019-1286",
        "title": "Anthony Smodis\n      \n         - Environmental Compliance Approval (sewage)",
        "comments_from_registry": 0,
        "comments_by_email": 0,
        "comments_by_mail": 0
    },
    "019-1381": {
        "url": "/notice/019-1381",
        "title": "Beta Tech Hop Products Inc\n      \n         - Classification, reclassification or declassification of a pesticide",
        "comments_from_registry": 0,
        "comments_by_email": 0,
        "comments_by_mail": 0
    },
    "019-1378": {
        "url": "/notice/019-1378",
        "title": "FMC Corporation\n      \n         - Classification, reclassification or declassification of a pesticide",
        "comments_from_registry": 0,
        "comments_by_email": 0,
        "comments_by_mail": 0
    },
    "019-1379": {
        "url": "/notice/019-1379",
        "title": "BASF Canada Inc.\n      \n         - Classification, reclassification or declassification of a pesticide",
        "comments_from_registry": 0,
        "comments_by_email": 0,
        "comments_by_mail": 0
    },
    "019-1390": {
        "url": "/notice/019-1390",
        "title": "Center Ice Developments GP Corp. for and on behalf of Center Ice LP\n      \n         - Certificate of property use",
        "comments_from_registry": 0,
        "comments_by_email": 0,
        "comments_by_mail": 0
    },
    "019-0490": {
        "url": "/notice/019-0490",
        "title": "Fenner Dunlop (Bracebridge), Inc.\n      \n         - Environmental Compliance Approval (air)",
        "comments_from_registry": 0,
        "comments_by_email": 0,
        "comments_by_mail": 0
    }
}