{
    "019-8891": {
        "url": "/notice/019-8891",
        "title": "Juno Corp\n      \n         - Mineral exploration permit",
        "comments_from_registry": 0,
        "comments_by_email": 0,
        "comments_by_mail": 0
    },
    "019-8890": {
        "url": "/notice/019-8890",
        "title": "Juno Corp\n      \n         - Mineral exploration permit",
        "comments_from_registry": 0,
        "comments_by_email": 0,
        "comments_by_mail": 0
    },
    "019-8889": {
        "url": "/notice/019-8889",
        "title": "Juno Corp\n      \n         - Mineral exploration permit",
        "comments_from_registry": 0,
        "comments_by_email": 0,
        "comments_by_mail": 0
    },
    "019-8565": {
        "url": "/notice/019-8565",
        "title": "Halton Chemical Inc.\n      \n         - Environmental Compliance Approval (air)",
        "comments_from_registry": 0,
        "comments_by_email": 0,
        "comments_by_mail": 0
    },
    "019-8763": {
        "url": "/notice/019-8763",
        "title": "Belmont Equity (58 York) Hamilton Inc.\n      \n         - Certificate of property use",
        "comments_from_registry": 0,
        "comments_by_email": 0,
        "comments_by_mail": 0
    },
    "019-8923": {
        "url": "/notice/019-8923",
        "title": "SCHLEGEL VILLAGES INC.\n      \n         - Permit to take water",
        "comments_from_registry": 0,
        "comments_by_email": 0,
        "comments_by_mail": 0
    },
    "019-8781": {
        "url": "/notice/019-8781",
        "title": "Lafarge Canada Inc.\n      \n         - Permit to take water",
        "comments_from_registry": 0,
        "comments_by_email": 0,
        "comments_by_mail": 0
    },
    "019-8887": {
        "url": "/notice/019-8887",
        "title": "Municipality of Port Hope\n      \n         - Certificate of property use",
        "comments_from_registry": 0,
        "comments_by_email": 0,
        "comments_by_mail": 0
    },
    "019-8009": {
        "url": "/notice/019-8009",
        "title": "LANXESS Canada Co./Cie.\n      \n         - Environmental Compliance Approval (air)",
        "comments_from_registry": 0,
        "comments_by_email": 0,
        "comments_by_mail": 0
    },
    "019-8656": {
        "url": "/notice/019-8656",
        "title": "Poltawa Country Club\n      \n         - Environmental Compliance Approval (sewage)",
        "comments_from_registry": 0,
        "comments_by_email": 0,
        "comments_by_mail": 0
    },
    "019-9030": {
        "url": "/notice/019-9030",
        "title": "Norris Construction Management Inc.\n      \n         - Environmental Compliance Approval (waste)",
        "comments_from_registry": 0,
        "comments_by_email": 0,
        "comments_by_mail": 0
    },
    "019-8810": {
        "url": "/notice/019-8810",
        "title": "His Majesty the King in Right of Ontario as Represented by the Minister of Infrastructure\n      \n         - Certificate of property use",
        "comments_from_registry": 0,
        "comments_by_email": 0,
        "comments_by_mail": 0
    },
    "019-8537": {
        "url": "/notice/019-8537",
        "title": "Les Entreprises H.D.J.S. Gascon Limitee/Limited\n      \n         - Environmental Compliance Approval (sewage)",
        "comments_from_registry": 0,
        "comments_by_email": 0,
        "comments_by_mail": 0
    },
    "019-3685": {
        "url": "/notice/019-3685",
        "title": "Proposal to allow the issuance of licences for new dog train and trial areas and the transfer of licences",
        "comments_from_registry": 6142,
        "comments_by_email": 13,
        "comments_by_mail": 5407
    },
    "019-8670": {
        "url": "/notice/019-8670",
        "title": "Reducing Burden in the Transition from Summer to Winter Gasoline under O. Reg. 271/91",
        "comments_from_registry": 4,
        "comments_by_email": 3,
        "comments_by_mail": 0
    },
    "019-9062": {
        "url": "/notice/019-9062",
        "title": "Agnico Eagle Mines Limited\n      \n         - Mineral exploration permit",
        "comments_from_registry": 0,
        "comments_by_email": 0,
        "comments_by_mail": 0
    },
    "019-9061": {
        "url": "/notice/019-9061",
        "title": "Agnico Eagle Mines Limited\n      \n         - Mineral exploration permit",
        "comments_from_registry": 0,
        "comments_by_email": 0,
        "comments_by_mail": 0
    },
    "019-7889": {
        "url": "/notice/019-7889",
        "title": "Diane June Donat\n      \n         - Environmental Compliance Approval (sewage)",
        "comments_from_registry": 0,
        "comments_by_email": 0,
        "comments_by_mail": 0
    },
    "019-8674": {
        "url": "/notice/019-8674",
        "title": "Safety-Kleen Canada Inc.\n      \n         - Permit to take water",
        "comments_from_registry": 1,
        "comments_by_email": 0,
        "comments_by_mail": 0
    },
    "019-8833": {
        "url": "/notice/019-8833",
        "title": "Waste Connections of Canada Inc.\n      \n         - Environmental Compliance Approval (sewage)",
        "comments_from_registry": 0,
        "comments_by_email": 0,
        "comments_by_mail": 0
    }
}