{
    "019-6945": {
        "url": "/notice/019-6945",
        "title": "Camp Kawartha Incorporated\n      \n         - Environmental Compliance Approval (sewage)",
        "comments_from_registry": 0,
        "comments_by_email": 0,
        "comments_by_mail": 0
    },
    "019-3957": {
        "url": "/notice/019-3957",
        "title": "Jacob Hoover and Angeline Hoover\n      \n         - Environmental Compliance Approval (air)",
        "comments_from_registry": 0,
        "comments_by_email": 0,
        "comments_by_mail": 0
    },
    "019-6475": {
        "url": "/notice/019-6475",
        "title": "Arcelormittal Tailored Blanks Americas Limited\n      \n         - Environmental Compliance Approval (air)",
        "comments_from_registry": 0,
        "comments_by_email": 0,
        "comments_by_mail": 0
    },
    "019-6944": {
        "url": "/notice/019-6944",
        "title": "Warrior Gold Incorporated\n      \n         - Mineral exploration permit",
        "comments_from_registry": 1,
        "comments_by_email": 1,
        "comments_by_mail": 0
    },
    "019-6200": {
        "url": "/notice/019-6200",
        "title": "American Iron & Metal Company Inc.\n      \n         - Environmental Compliance Approval (sewage)",
        "comments_from_registry": 0,
        "comments_by_email": 0,
        "comments_by_mail": 0
    },
    "019-5775": {
        "url": "/notice/019-5775",
        "title": "CONTRACT PHARMACEUTICALS LIMITED CANADA\n      \n         - Environmental Compliance Approval (air)",
        "comments_from_registry": 0,
        "comments_by_email": 0,
        "comments_by_mail": 0
    },
    "019-5991": {
        "url": "/notice/019-5991",
        "title": "Triple \"S\" Sanitation Limited\n      \n         - Environmental Compliance Approval (waste)",
        "comments_from_registry": 0,
        "comments_by_email": 0,
        "comments_by_mail": 0
    },
    "019-5988": {
        "url": "/notice/019-5988",
        "title": "Triple \"S\" Sanitation Limited\n      \n         - Environmental Compliance Approval (waste)",
        "comments_from_registry": 0,
        "comments_by_email": 0,
        "comments_by_mail": 0
    },
    "019-6433": {
        "url": "/notice/019-6433",
        "title": "Future Enhancements to the Qualification Program for Ontario\u2019s Building Practitioners",
        "comments_from_registry": 40,
        "comments_by_email": 33,
        "comments_by_mail": 0
    },
    "012-9218": {
        "url": "/notice/012-9218",
        "title": "Kirkland Lake Gold Inc. \n      \n         - Amendment to a closure plan",
        "comments_from_registry": 0,
        "comments_by_email": 0,
        "comments_by_mail": 0
    },
    "019-6979": {
        "url": "/notice/019-6979",
        "title": "Fred Kiernicki\n      \n         - Mineral exploration permit",
        "comments_from_registry": 0,
        "comments_by_email": 0,
        "comments_by_mail": 0
    },
    "019-6763": {
        "url": "/notice/019-6763",
        "title": "Harvey Robson\n      \n         - Approval for a consent (subject to conditions) in an area where there is no official plan in place",
        "comments_from_registry": 0,
        "comments_by_email": 0,
        "comments_by_mail": 0
    },
    "019-4232": {
        "url": "/notice/019-4232",
        "title": "Nova Chemicals Corporation\n      \n         - Environmental Compliance Approval (air)",
        "comments_from_registry": 0,
        "comments_by_email": 0,
        "comments_by_mail": 0
    },
    "019-6649": {
        "url": "/notice/019-6649",
        "title": "Scott Bruce Mackichan operating as Total Septic\n      \n         - Environmental Compliance Approval (waste)",
        "comments_from_registry": 0,
        "comments_by_email": 0,
        "comments_by_mail": 0
    },
    "019-6148": {
        "url": "/notice/019-6148",
        "title": "Egger Enviro Limited\n      \n         - Environmental Compliance Approval (waste)",
        "comments_from_registry": 0,
        "comments_by_email": 0,
        "comments_by_mail": 0
    },
    "019-6700": {
        "url": "/notice/019-6700",
        "title": "Suncor Energy Products Partnership\n      \n         - Environmental Compliance Approval (sewage)",
        "comments_from_registry": 1,
        "comments_by_email": 0,
        "comments_by_mail": 0
    },
    "019-5801": {
        "url": "/notice/019-5801",
        "title": "Millennium Holdings Inc.\n      \n         - Environmental Compliance Approval (sewage)",
        "comments_from_registry": 0,
        "comments_by_email": 0,
        "comments_by_mail": 0
    },
    "019-5409": {
        "url": "/notice/019-5409",
        "title": "OPTrust Amaranth 6 Inc.\n      \n         - Environmental Compliance Approval (sewage)",
        "comments_from_registry": 0,
        "comments_by_email": 0,
        "comments_by_mail": 0
    },
    "019-6330": {
        "url": "/notice/019-6330",
        "title": "Developing government response statements for four species at risk under the Endangered Species Act, 2007.",
        "comments_from_registry": 1,
        "comments_by_email": 0,
        "comments_by_mail": 0
    },
    "019-6946": {
        "url": "/notice/019-6946",
        "title": "Goldcorp Canada Limited\n      \n         - Mineral exploration permit",
        "comments_from_registry": 0,
        "comments_by_email": 0,
        "comments_by_mail": 0
    }
}