{
    "019-2538": {
        "url": "/notice/019-2538",
        "title": "Brian Bishop\n      \n         - Mineral exploration permit",
        "comments_from_registry": 0,
        "comments_by_email": 0,
        "comments_by_mail": 0
    },
    "013-4598": {
        "url": "/notice/013-4598",
        "title": "Increasing renewable content in fuels",
        "comments_from_registry": 39,
        "comments_by_email": 29,
        "comments_by_mail": 0
    },
    "019-1947": {
        "url": "/notice/019-1947",
        "title": "CCPS LAND DEVELOPMENT LTD.\n      \n         - Environmental Compliance Approval (waste)",
        "comments_from_registry": 1,
        "comments_by_email": 0,
        "comments_by_mail": 0
    },
    "019-2601": {
        "url": "/notice/019-2601",
        "title": "Environmental 360 Solutions Ltd. \n      \n         - Environmental Compliance Approval (waste)",
        "comments_from_registry": 1,
        "comments_by_email": 0,
        "comments_by_mail": 0
    },
    "013-4534": {
        "url": "/notice/013-4534",
        "title": "2776034 Ontario Inc. as general partner for and on behalf of Lumber Assets Holdings LP\n      \n         - Environmental Compliance Approval (air)",
        "comments_from_registry": 4,
        "comments_by_email": 0,
        "comments_by_mail": 0
    },
    "019-0096": {
        "url": "/notice/019-0096",
        "title": "Mervin Jones Drilling Ltd.\n      \n         - Environmental Compliance Approval (waste)",
        "comments_from_registry": 0,
        "comments_by_email": 0,
        "comments_by_mail": 0
    },
    "019-0095": {
        "url": "/notice/019-0095",
        "title": "Mervin Jones Drilling Ltd.\n      \n         - Environmental Compliance Approval (waste)",
        "comments_from_registry": 0,
        "comments_by_email": 0,
        "comments_by_mail": 0
    },
    "019-0122": {
        "url": "/notice/019-0122",
        "title": "Mervin Jones Drilling Ltd.\n      \n         - Environmental Compliance Approval (waste)",
        "comments_from_registry": 0,
        "comments_by_email": 0,
        "comments_by_mail": 0
    },
    "013-4215": {
        "url": "/notice/013-4215",
        "title": "Kurtis Smith Excavating Inc.\n      \n         - Changes to the site plan for a pit or quarry",
        "comments_from_registry": 0,
        "comments_by_email": 3,
        "comments_by_mail": 0
    },
    "013-4118": {
        "url": "/notice/013-4118",
        "title": "The Stool Bus\n      \n         - Environmental Compliance Approval (waste)",
        "comments_from_registry": 0,
        "comments_by_email": 0,
        "comments_by_mail": 0
    },
    "013-4115": {
        "url": "/notice/013-4115",
        "title": "The Stool Bus\n      \n         - Environmental Compliance Approval (waste)",
        "comments_from_registry": 0,
        "comments_by_email": 0,
        "comments_by_mail": 0
    },
    "013-3172": {
        "url": "/notice/013-3172",
        "title": "Kurtis Smith Excavating Inc.\n      \n         - Issuance of a licence to remove over 20,000 tonnes of aggregate annually from a pit or a quarry",
        "comments_from_registry": 0,
        "comments_by_email": 3,
        "comments_by_mail": 0
    },
    "019-2206": {
        "url": "/notice/019-2206",
        "title": "Municipality of Shuniah\n      \n         - Approval to amend a municipality\u2019s official plan",
        "comments_from_registry": 0,
        "comments_by_email": 0,
        "comments_by_mail": 0
    },
    "019-2149": {
        "url": "/notice/019-2149",
        "title": "Removing the timing requirements for releasing Ontario\u2019s next long-term energy plan by revoking Ontario Regulation 355/17",
        "comments_from_registry": 8,
        "comments_by_email": 1,
        "comments_by_mail": 0
    },
    "019-2522": {
        "url": "/notice/019-2522",
        "title": "Plato Gold Corporation\n      \n         - Mineral exploration permit",
        "comments_from_registry": 0,
        "comments_by_email": 0,
        "comments_by_mail": 0
    },
    "019-2530": {
        "url": "/notice/019-2530",
        "title": "Pavey Ark Minerals Incorporated\n      \n         - Mineral exploration permit",
        "comments_from_registry": 0,
        "comments_by_email": 0,
        "comments_by_mail": 0
    },
    "019-0527": {
        "url": "/notice/019-0527",
        "title": "Northern Plating (Sudbury) Inc.\n      \n         - Approval to register for a technical standard for air pollution (industry standard)",
        "comments_from_registry": 0,
        "comments_by_email": 0,
        "comments_by_mail": 0
    },
    "019-0529": {
        "url": "/notice/019-0529",
        "title": "Masterchrome Co. Ltd.\n      \n         - Approval to register for a technical standard for air pollution (industry standard)",
        "comments_from_registry": 0,
        "comments_by_email": 0,
        "comments_by_mail": 0
    },
    "019-0526": {
        "url": "/notice/019-0526",
        "title": "Ontario Chromium Plating Inc.\n      \n         - Approval to register for a technical standard for air pollution (industry standard)",
        "comments_from_registry": 0,
        "comments_by_email": 0,
        "comments_by_mail": 0
    },
    "013-4116": {
        "url": "/notice/013-4116",
        "title": "The Stool Bus\n      \n         - Environmental Compliance Approval (waste)",
        "comments_from_registry": 0,
        "comments_by_email": 0,
        "comments_by_mail": 0
    }
}