{
    "019-3995": {
        "url": "/notice/019-3995",
        "title": "Vale Canada Limited\n      \n         - Environmental Compliance Approval (air)",
        "comments_from_registry": 1,
        "comments_by_email": 0,
        "comments_by_mail": 0
    },
    "019-3996": {
        "url": "/notice/019-3996",
        "title": "Vale Canada Limited\n      \n         - Environmental Compliance Approval (air)",
        "comments_from_registry": 1,
        "comments_by_email": 0,
        "comments_by_mail": 0
    },
    "019-4883": {
        "url": "/notice/019-4883",
        "title": "2534929 Ontario Inc.\n      \n         - Environmental Compliance Approval (air)",
        "comments_from_registry": 0,
        "comments_by_email": 0,
        "comments_by_mail": 0
    },
    "019-6048": {
        "url": "/notice/019-6048",
        "title": "Andre Nicol\n      \n         - Approval for a consent (subject to conditions) in an area where there is no official plan in place",
        "comments_from_registry": 0,
        "comments_by_email": 0,
        "comments_by_mail": 0
    },
    "019-6449": {
        "url": "/notice/019-6449",
        "title": "Hydro One Networks Inc.\n      \n         - Environmental Compliance Approval (sewage)",
        "comments_from_registry": 0,
        "comments_by_email": 0,
        "comments_by_mail": 0
    },
    "019-5101": {
        "url": "/notice/019-5101",
        "title": "Gateway Pet Memorial Services Inc.\n      \n         - Environmental Compliance Approval (air)",
        "comments_from_registry": 0,
        "comments_by_email": 0,
        "comments_by_mail": 0
    },
    "019-4303": {
        "url": "/notice/019-4303",
        "title": "Sanofi Pasteur Limited/Sanofi Pasteur Limit\u00e9e\n      \n         - Environmental Compliance Approval (air)",
        "comments_from_registry": 0,
        "comments_by_email": 0,
        "comments_by_mail": 0
    },
    "019-5978": {
        "url": "/notice/019-5978",
        "title": "Costco Wholesale Canada Ltd.\n      \n         - Environmental Compliance Approval (sewage)",
        "comments_from_registry": 0,
        "comments_by_email": 0,
        "comments_by_mail": 0
    },
    "019-5534": {
        "url": "/notice/019-5534",
        "title": "Hitachi Astemo Canada, Inc.\n      \n         - Environmental Compliance Approval (air)",
        "comments_from_registry": 0,
        "comments_by_email": 0,
        "comments_by_mail": 0
    },
    "019-6423": {
        "url": "/notice/019-6423",
        "title": "The Weston Golf and Country Club, Limited\n      \n         - Permit to take water",
        "comments_from_registry": 0,
        "comments_by_email": 0,
        "comments_by_mail": 0
    },
    "019-2044": {
        "url": "/notice/019-2044",
        "title": "NBM East (GP) Ltd., as general partner for and on behalf of Northern Mat & Bridge (East) Limited Partnership\n      \n         - Environmental Compliance Approval (air)",
        "comments_from_registry": 0,
        "comments_by_email": 0,
        "comments_by_mail": 0
    },
    "019-4748": {
        "url": "/notice/019-4748",
        "title": "ReSoil Solutions Inc.\n      \n         - Environmental Compliance Approval (air)",
        "comments_from_registry": 0,
        "comments_by_email": 0,
        "comments_by_mail": 0
    },
    "012-8535": {
        "url": "/notice/012-8535",
        "title": "Gott Enterprises Inc.\n      \n         - Permit to take water",
        "comments_from_registry": 0,
        "comments_by_email": 0,
        "comments_by_mail": 0
    },
    "019-5155": {
        "url": "/notice/019-5155",
        "title": "Laguna Trading Ltd\n      \n         - Environmental Compliance Approval (waste)",
        "comments_from_registry": 2,
        "comments_by_email": 0,
        "comments_by_mail": 0
    },
    "019-4538": {
        "url": "/notice/019-4538",
        "title": "Try Recycling Inc\n      \n         - Environmental Compliance Approval (waste)",
        "comments_from_registry": 0,
        "comments_by_email": 0,
        "comments_by_mail": 0
    },
    "019-5463": {
        "url": "/notice/019-5463",
        "title": "Pinty's Delicious Foods Inc.\n      \n         - Environmental Compliance Approval (air)",
        "comments_from_registry": 0,
        "comments_by_email": 0,
        "comments_by_mail": 0
    },
    "019-5431": {
        "url": "/notice/019-5431",
        "title": "Central Sanitation Inc.\n      \n         - Environmental Compliance Approval (waste)",
        "comments_from_registry": 0,
        "comments_by_email": 0,
        "comments_by_mail": 0
    },
    "019-5607": {
        "url": "/notice/019-5607",
        "title": "Central Sanitation Inc.\n      \n         - Environmental Compliance Approval (waste)",
        "comments_from_registry": 0,
        "comments_by_email": 0,
        "comments_by_mail": 0
    },
    "019-3967": {
        "url": "/notice/019-3967",
        "title": "Bell's Septic (Kenora) Inc.\n      \n         - Environmental Compliance Approval (waste)",
        "comments_from_registry": 0,
        "comments_by_email": 0,
        "comments_by_mail": 0
    },
    "019-6011": {
        "url": "/notice/019-6011",
        "title": "Michael David Auger\n      \n         - Environmental Compliance Approval (sewage)",
        "comments_from_registry": 0,
        "comments_by_email": 0,
        "comments_by_mail": 0
    }
}