{
    "013-2829": {
        "url": "/notice/013-2829",
        "title": "Proposing a Statement of Environmental Values for the Ministry of Municipal Affairs",
        "comments_from_registry": 1,
        "comments_by_email": 0,
        "comments_by_mail": 0
    },
    "013-2834": {
        "url": "/notice/013-2834",
        "title": "Proposing a Statement of Environmental Values for the Ministry of Housing",
        "comments_from_registry": 0,
        "comments_by_email": 0,
        "comments_by_mail": 1
    },
    "013-2344": {
        "url": "/notice/013-2344",
        "title": "Alexander Pleson\n      \n         - Mineral exploration permit",
        "comments_from_registry": 0,
        "comments_by_email": 0,
        "comments_by_mail": 0
    },
    "013-5126": {
        "url": "/notice/013-5126",
        "title": "Ben-met Steel & Metal Inc.\n      \n         - Environmental Compliance Approval (waste)",
        "comments_from_registry": 0,
        "comments_by_email": 0,
        "comments_by_mail": 0
    },
    "013-4711": {
        "url": "/notice/013-4711",
        "title": "Ontario Power Generation Inc. \n      \n         - Environmental Compliance Approval (air)",
        "comments_from_registry": 0,
        "comments_by_email": 0,
        "comments_by_mail": 0
    },
    "013-4188": {
        "url": "/notice/013-4188",
        "title": "EWL Management Ltd.\n      \n         - Permit to take water",
        "comments_from_registry": 0,
        "comments_by_email": 0,
        "comments_by_mail": 0
    },
    "013-5173": {
        "url": "/notice/013-5173",
        "title": "Kirkland Lake Gold Inc.\n      \n         - Permit to take water",
        "comments_from_registry": 0,
        "comments_by_email": 0,
        "comments_by_mail": 0
    },
    "019-0511": {
        "url": "/notice/019-0511",
        "title": "Havana Group Supplies Inc.\n      \n         - Order to prevent discharge of contaminants",
        "comments_from_registry": 10,
        "comments_by_email": 0,
        "comments_by_mail": 0
    },
    "012-6654": {
        "url": "/notice/012-6654",
        "title": "Barry & Linda Miles\n      \n         - Environmental Compliance Approval (sewage)",
        "comments_from_registry": 0,
        "comments_by_email": 0,
        "comments_by_mail": 0
    },
    "019-0562": {
        "url": "/notice/019-0562",
        "title": "David Brunne\n      \n         - Mineral exploration permit",
        "comments_from_registry": 0,
        "comments_by_email": 0,
        "comments_by_mail": 0
    },
    "019-0559": {
        "url": "/notice/019-0559",
        "title": "GFG Resources Incorporated\n      \n         - Mineral exploration permit",
        "comments_from_registry": 0,
        "comments_by_email": 0,
        "comments_by_mail": 0
    },
    "019-0532": {
        "url": "/notice/019-0532",
        "title": "Harte Gold Corp.\n      \n         - Permit to take water",
        "comments_from_registry": 0,
        "comments_by_email": 0,
        "comments_by_mail": 0
    },
    "019-0413": {
        "url": "/notice/019-0413",
        "title": "Tyler Johnson; Shewchuk, Ormiston, Richardt & Johnson\n      \n         - Approval for a consent (subject to conditions) in an area where there is no official plan in place",
        "comments_from_registry": 0,
        "comments_by_email": 0,
        "comments_by_mail": 0
    },
    "013-4627": {
        "url": "/notice/013-4627",
        "title": "St. Clair Management Corporation, as a General Partner for and on behalf of St. Clair Power, L.P. \n      \n         - Environmental Compliance Approval (air)",
        "comments_from_registry": 0,
        "comments_by_email": 0,
        "comments_by_mail": 0
    },
    "013-4469": {
        "url": "/notice/013-4469",
        "title": "823292 Ontario Ltd.\n      \n         - Environmental Compliance Approval (sewage)",
        "comments_from_registry": 0,
        "comments_by_email": 0,
        "comments_by_mail": 0
    },
    "013-4413": {
        "url": "/notice/013-4413",
        "title": "Waste Management of Canada Corporation\n      \n         - Environmental Compliance Approval (waste)",
        "comments_from_registry": 0,
        "comments_by_email": 0,
        "comments_by_mail": 0
    },
    "013-4342": {
        "url": "/notice/013-4342",
        "title": "Autotube Limited\n      \n         - Environmental Compliance Approval (air)",
        "comments_from_registry": 0,
        "comments_by_email": 0,
        "comments_by_mail": 0
    },
    "019-0582": {
        "url": "/notice/019-0582",
        "title": "Grid Metals Corporation\n      \n         - Mineral exploration permit",
        "comments_from_registry": 0,
        "comments_by_email": 0,
        "comments_by_mail": 0
    },
    "019-0565": {
        "url": "/notice/019-0565",
        "title": "DH Exploration Incorporated\n      \n         - Mineral exploration permit",
        "comments_from_registry": 0,
        "comments_by_email": 0,
        "comments_by_mail": 0
    },
    "019-0305": {
        "url": "/notice/019-0305",
        "title": "York Environmental Solutions Ltd. as general partner for and on behalf of York Environmental Solutions, LP\n      \n         - Environmental Compliance Approval (multiple media)",
        "comments_from_registry": 0,
        "comments_by_email": 0,
        "comments_by_mail": 0
    }
}