{
    "019-5162": {
        "url": "/notice/019-5162",
        "title": "Her Majesty the Queen in Right of Ontario as Represented by the Minister of Environment, Conservation and Parks\n      \n         - Environmental Compliance Approval (waste)",
        "comments_from_registry": 0,
        "comments_by_email": 0,
        "comments_by_mail": 0
    },
    "019-4412": {
        "url": "/notice/019-4412",
        "title": "Bay of Quinte Conference Camp Corporation\n      \n         - Environmental Compliance Approval (sewage)",
        "comments_from_registry": 0,
        "comments_by_email": 0,
        "comments_by_mail": 0
    },
    "019-4328": {
        "url": "/notice/019-4328",
        "title": "ARLANXEO Canada Inc.\n      \n         - Environmental Compliance Approval (air)",
        "comments_from_registry": 0,
        "comments_by_email": 0,
        "comments_by_mail": 0
    },
    "019-5596": {
        "url": "/notice/019-5596",
        "title": "9099247 Canada Inc.\n      \n         - Environmental Compliance Approval (sewage)",
        "comments_from_registry": 0,
        "comments_by_email": 0,
        "comments_by_mail": 0
    },
    "019-0621": {
        "url": "/notice/019-0621",
        "title": "Innophos Canada, Inc.\n      \n         - Environmental Compliance Approval (sewage)",
        "comments_from_registry": 0,
        "comments_by_email": 0,
        "comments_by_mail": 0
    },
    "019-5763": {
        "url": "/notice/019-5763",
        "title": "Voltage Metals Incorporated\n      \n         - Mineral exploration permit",
        "comments_from_registry": 0,
        "comments_by_email": 0,
        "comments_by_mail": 0
    },
    "019-5630": {
        "url": "/notice/019-5630",
        "title": "Healthview Pharms Inc.\n      \n         - Environmental Compliance Approval (sewage)",
        "comments_from_registry": 0,
        "comments_by_email": 0,
        "comments_by_mail": 0
    },
    "019-5501": {
        "url": "/notice/019-5501",
        "title": "537 Kingston Road East (Ajax) Holdings ULC\n      \n         - Permit to take water",
        "comments_from_registry": 0,
        "comments_by_email": 0,
        "comments_by_mail": 0
    },
    "019-1430": {
        "url": "/notice/019-1430",
        "title": "Lindsay Agricultural Society\n      \n         - Environmental Compliance Approval (sewage)",
        "comments_from_registry": 0,
        "comments_by_email": 0,
        "comments_by_mail": 0
    },
    "019-3480": {
        "url": "/notice/019-3480",
        "title": "Douglas Parker\n      \n         - Mineral exploration permit",
        "comments_from_registry": 0,
        "comments_by_email": 0,
        "comments_by_mail": 0
    },
    "019-3482": {
        "url": "/notice/019-3482",
        "title": "Douglas Parker\n      \n         - Mineral exploration permit",
        "comments_from_registry": 0,
        "comments_by_email": 0,
        "comments_by_mail": 0
    },
    "019-3481": {
        "url": "/notice/019-3481",
        "title": "Douglas Parker\n      \n         - Mineral exploration permit",
        "comments_from_registry": 0,
        "comments_by_email": 0,
        "comments_by_mail": 0
    },
    "019-5227": {
        "url": "/notice/019-5227",
        "title": "Electroless Nickel Technologies Inc.\n      \n         - Environmental Compliance Approval (air)",
        "comments_from_registry": 0,
        "comments_by_email": 0,
        "comments_by_mail": 0
    },
    "019-5236": {
        "url": "/notice/019-5236",
        "title": "Homewood Health Centre Inc\n      \n         - Permit to take water",
        "comments_from_registry": 0,
        "comments_by_email": 1,
        "comments_by_mail": 0
    },
    "019-4800": {
        "url": "/notice/019-4800",
        "title": "1929874 Ontario Inc.\n      \n         - Environmental Compliance Approval (sewage)",
        "comments_from_registry": 0,
        "comments_by_email": 0,
        "comments_by_mail": 0
    },
    "019-5031": {
        "url": "/notice/019-5031",
        "title": "Goldcorp Canada Ltd. \n      \n         - Permit to take water",
        "comments_from_registry": 0,
        "comments_by_email": 1,
        "comments_by_mail": 0
    },
    "019-1927": {
        "url": "/notice/019-1927",
        "title": "Stella-Jones Inc.\n      \n         - Environmental Compliance Approval (air)",
        "comments_from_registry": 0,
        "comments_by_email": 0,
        "comments_by_mail": 0
    },
    "019-5674": {
        "url": "/notice/019-5674",
        "title": "McFarlane Lake Mining Inc.\n      \n         - Mineral exploration permit",
        "comments_from_registry": 0,
        "comments_by_email": 0,
        "comments_by_mail": 0
    },
    "019-4215": {
        "url": "/notice/019-4215",
        "title": "Venetian Meat & Salami Company Limited\n      \n         - Environmental Compliance Approval (air)",
        "comments_from_registry": 0,
        "comments_by_email": 0,
        "comments_by_mail": 0
    },
    "019-1026": {
        "url": "/notice/019-1026",
        "title": "Caledon Ski Club Limited\n      \n         - Environmental Compliance Approval (sewage)",
        "comments_from_registry": 0,
        "comments_by_email": 0,
        "comments_by_mail": 0
    }
}