{
    "013-5161": {
        "url": "/notice/013-5161",
        "title": "OMNI Health Care Ltd.\n      \n         - Environmental Compliance Approval (sewage)",
        "comments_from_registry": 0,
        "comments_by_email": 0,
        "comments_by_mail": 0
    },
    "013-3311": {
        "url": "/notice/013-3311",
        "title": "ArcelorMittal Tailored Blanks Americas Limited\n      \n         - Environmental Compliance Approval (air)",
        "comments_from_registry": 0,
        "comments_by_email": 0,
        "comments_by_mail": 0
    },
    "013-3310": {
        "url": "/notice/013-3310",
        "title": "Direct Genetics Inc. (Jones Pumping and Coulter Pumping)\n      \n         - Environmental Compliance Approval (waste)",
        "comments_from_registry": 6,
        "comments_by_email": 0,
        "comments_by_mail": 0
    },
    "019-0274": {
        "url": "/notice/019-0274",
        "title": "Graham & Donna Harrison; Jonathan Tiermeier; Molly Maher; John Willem\n      \n         - Approval for a consent (subject to conditions) in an area where there is no official plan in place",
        "comments_from_registry": 0,
        "comments_by_email": 0,
        "comments_by_mail": 0
    },
    "019-0153": {
        "url": "/notice/019-0153",
        "title": "Lina Bava-Torkkeli\n      \n         - Approval for a consent (subject to conditions) in an area where there is no official plan in place",
        "comments_from_registry": 0,
        "comments_by_email": 0,
        "comments_by_mail": 0
    },
    "019-0152": {
        "url": "/notice/019-0152",
        "title": "Lina Bava-Torkkeli\n      \n         - Approval for a consent (subject to conditions) in an area where there is no official plan in place",
        "comments_from_registry": 0,
        "comments_by_email": 0,
        "comments_by_mail": 0
    },
    "012-7186": {
        "url": "/notice/012-7186",
        "title": "Provincial policy objectives for managing effects of cage aquaculture operations on the quality of water and sediment in Ontario\u2019s waters",
        "comments_from_registry": 7,
        "comments_by_email": 11,
        "comments_by_mail": 0
    },
    "019-0366": {
        "url": "/notice/019-0366",
        "title": "D.G. Blanchards Garage\n      \n         - Approval for variance from the Liquid Fuels Handling Code",
        "comments_from_registry": 0,
        "comments_by_email": 0,
        "comments_by_mail": 0
    },
    "013-4821": {
        "url": "/notice/013-4821",
        "title": "Regency Plastics Company Limited\n      \n         - Environmental Compliance Approval (air)",
        "comments_from_registry": 0,
        "comments_by_email": 0,
        "comments_by_mail": 0
    },
    "013-2369": {
        "url": "/notice/013-2369",
        "title": "Domtar Incorporated\n      \n         - Environmental Compliance Approval (sewage)",
        "comments_from_registry": 0,
        "comments_by_email": 0,
        "comments_by_mail": 0
    },
    "013-5217": {
        "url": "/notice/013-5217",
        "title": "Grime Eater Products Limited\n      \n         - Environmental Compliance Approval (air)",
        "comments_from_registry": 0,
        "comments_by_email": 0,
        "comments_by_mail": 0
    },
    "013-4651": {
        "url": "/notice/013-4651",
        "title": "GFL Environmental Inc.\n      \n         - Environmental Compliance Approval (air)",
        "comments_from_registry": 0,
        "comments_by_email": 0,
        "comments_by_mail": 0
    },
    "013-4533": {
        "url": "/notice/013-4533",
        "title": "Laguna Trading Ltd.\n      \n         - Environmental Compliance Approval (waste)",
        "comments_from_registry": 0,
        "comments_by_email": 0,
        "comments_by_mail": 0
    },
    "013-5257": {
        "url": "/notice/013-5257",
        "title": "MORS Refining Systems Inc.\n      \n         - Environmental Compliance Approval (waste)",
        "comments_from_registry": 0,
        "comments_by_email": 0,
        "comments_by_mail": 1
    },
    "013-4898": {
        "url": "/notice/013-4898",
        "title": "Enbridge Gas Inc.\n      \n         - Environmental Compliance Approval (waste)",
        "comments_from_registry": 0,
        "comments_by_email": 0,
        "comments_by_mail": 0
    },
    "013-4619": {
        "url": "/notice/013-4619",
        "title": "Blue Spring Trout Farms Ltd.\n      \n         - Environmental Compliance Approval (sewage)",
        "comments_from_registry": 0,
        "comments_by_email": 0,
        "comments_by_mail": 0
    },
    "013-3385": {
        "url": "/notice/013-3385",
        "title": "C. Valley Asphalt Inc.\n      \n         - Environmental Compliance Approval (air)",
        "comments_from_registry": 2,
        "comments_by_email": 0,
        "comments_by_mail": 0
    },
    "019-0021": {
        "url": "/notice/019-0021",
        "title": "Bill 108 - (Schedule 11) \u2013 the proposed More Homes, More Choice Act: Amendments to the Ontario Heritage Act",
        "comments_from_registry": 239,
        "comments_by_email": 24,
        "comments_by_mail": 1
    },
    "013-5180": {
        "url": "/notice/013-5180",
        "title": "Claude Michaud\n      \n         - Environmental Compliance Approval (sewage)",
        "comments_from_registry": 0,
        "comments_by_email": 0,
        "comments_by_mail": 0
    },
    "019-0224": {
        "url": "/notice/019-0224",
        "title": "C.H.B.O. Holdings Inc.\n      \n         - Certificate of property use",
        "comments_from_registry": 0,
        "comments_by_email": 0,
        "comments_by_mail": 0
    }
}