{
    "019-6052": {
        "url": "/notice/019-6052",
        "title": "Pure Gold Mining Inc.\n      \n         - Permit to take water",
        "comments_from_registry": 0,
        "comments_by_email": 0,
        "comments_by_mail": 0
    },
    "019-6077": {
        "url": "/notice/019-6077",
        "title": "Char Biocarbon Inc. \n      \n         - Environmental Compliance Approval (air)",
        "comments_from_registry": 0,
        "comments_by_email": 0,
        "comments_by_mail": 0
    },
    "019-6505": {
        "url": "/notice/019-6505",
        "title": "SUNCOR ENERGY PRODUCTS PARTNERSHIP\n      \n         - Approval for variance from the Liquid Fuels Handling Code",
        "comments_from_registry": 0,
        "comments_by_email": 0,
        "comments_by_mail": 0
    },
    "019-6504": {
        "url": "/notice/019-6504",
        "title": "MAC'S CONVENIENCE STORES INC\n      \n         - Approval for variance from the Liquid Fuels Handling Code",
        "comments_from_registry": 0,
        "comments_by_email": 0,
        "comments_by_mail": 0
    },
    "019-6501": {
        "url": "/notice/019-6501",
        "title": "CENOVUS ENERGY INC.\n      \n         - Approval for variance from the Liquid Fuels Handling Code",
        "comments_from_registry": 0,
        "comments_by_email": 0,
        "comments_by_mail": 0
    },
    "019-6500": {
        "url": "/notice/019-6500",
        "title": "TAMLANN INVESTMENTS LTD\n      \n         - Approval for variance from the Liquid Fuels Handling Code",
        "comments_from_registry": 0,
        "comments_by_email": 0,
        "comments_by_mail": 0
    },
    "019-5793": {
        "url": "/notice/019-5793",
        "title": "40 Old Mill Road Limited Partnership by its sole general partner, 140 Old Mill Road GP Inc. and 140 Old Mill Road COINVEST limit\n      \n         - Environmental Compliance Approval (sewage)",
        "comments_from_registry": 0,
        "comments_by_email": 0,
        "comments_by_mail": 0
    },
    "013-3153": {
        "url": "/notice/013-3153",
        "title": "2223117 Ontario Inc.\n      \n         - Changes to the conditions of a licence to operate a pit or quarry",
        "comments_from_registry": 0,
        "comments_by_email": 0,
        "comments_by_mail": 0
    },
    "019-4984": {
        "url": "/notice/019-4984",
        "title": "Organic Waste Management Inc.\n      \n         - Environmental Compliance Approval (air)",
        "comments_from_registry": 0,
        "comments_by_email": 0,
        "comments_by_mail": 0
    },
    "019-5685": {
        "url": "/notice/019-5685",
        "title": "Econo-Malls Holdings #25 Inc.\n      \n         - Environmental Compliance Approval (sewage)",
        "comments_from_registry": 0,
        "comments_by_email": 0,
        "comments_by_mail": 0
    },
    "019-3732": {
        "url": "/notice/019-3732",
        "title": "William Day Construction Limited\n      \n         - Environmental Compliance Approval (air)",
        "comments_from_registry": 0,
        "comments_by_email": 0,
        "comments_by_mail": 0
    },
    "019-6306": {
        "url": "/notice/019-6306",
        "title": "407747 Ontario Limited\n      \n         - Permit to take water",
        "comments_from_registry": 0,
        "comments_by_email": 1,
        "comments_by_mail": 0
    },
    "013-3151": {
        "url": "/notice/013-3151",
        "title": "2223117 Ontario Inc.\n      \n         - Changes to the site plan for a pit or quarry",
        "comments_from_registry": 0,
        "comments_by_email": 0,
        "comments_by_mail": 0
    },
    "012-7795": {
        "url": "/notice/012-7795",
        "title": "2223117 Ontario Inc.\n      \n         - Issuance of a licence to remove over 20,000 tonnes of aggregate annually from a pit or a quarry",
        "comments_from_registry": 1,
        "comments_by_email": 5,
        "comments_by_mail": 0
    },
    "019-5192": {
        "url": "/notice/019-5192",
        "title": "PDCP Block 8 & 10 Industrial GP Inc., as a general partner for and on behalf of PDCP Block 8 & 10 Industrial Limited Partnership\n      \n         - Environmental Compliance Approval (sewage)",
        "comments_from_registry": 0,
        "comments_by_email": 0,
        "comments_by_mail": 0
    },
    "019-5193": {
        "url": "/notice/019-5193",
        "title": "PDCP Block 9 Industrial GP Inc., as a general partner for and on behalf of PDCP Block 9 Industrial Limited Partnership\n      \n         - Environmental Compliance Approval (sewage)",
        "comments_from_registry": 0,
        "comments_by_email": 0,
        "comments_by_mail": 0
    },
    "019-4517": {
        "url": "/notice/019-4517",
        "title": "Royal Ready-Mix Inc.\n      \n         - Environmental Compliance Approval (air)",
        "comments_from_registry": 0,
        "comments_by_email": 0,
        "comments_by_mail": 0
    },
    "019-5599": {
        "url": "/notice/019-5599",
        "title": "CertainTeed Canada, Inc.\n      \n         - Environmental Compliance Approval (sewage)",
        "comments_from_registry": 0,
        "comments_by_email": 0,
        "comments_by_mail": 0
    },
    "019-4960": {
        "url": "/notice/019-4960",
        "title": "GFL Environmental Inc.\n      \n         - Environmental Compliance Approval (waste)",
        "comments_from_registry": 0,
        "comments_by_email": 0,
        "comments_by_mail": 0
    },
    "019-6189": {
        "url": "/notice/019-6189",
        "title": "Greenwin Holdings Inc.\n      \n         - Permit to take water",
        "comments_from_registry": 0,
        "comments_by_email": 0,
        "comments_by_mail": 0
    }
}