{
    "013-1723": {
        "url": "/notice/013-1723",
        "title": "Dundas Pkwy Centre Incorporated\n      \n         - Environmental Compliance Approval (sewage)",
        "comments_from_registry": 0,
        "comments_by_email": 0,
        "comments_by_mail": 0
    },
    "013-3304": {
        "url": "/notice/013-3304",
        "title": "Nieuwland Feed & Supply Limited\n      \n         - Environmental Compliance Approval (sewage)",
        "comments_from_registry": 0,
        "comments_by_email": 0,
        "comments_by_mail": 0
    },
    "013-3607": {
        "url": "/notice/013-3607",
        "title": "Fandor Homes (Via Moto) Inc.\n      \n         - Environmental Compliance Approval (sewage)",
        "comments_from_registry": 0,
        "comments_by_email": 0,
        "comments_by_mail": 0
    },
    "013-0773": {
        "url": "/notice/013-0773",
        "title": "Sun Circle Greenhouses Incorporated\n      \n         - Environmental Compliance Approval (sewage)",
        "comments_from_registry": 0,
        "comments_by_email": 0,
        "comments_by_mail": 0
    },
    "013-3610": {
        "url": "/notice/013-3610",
        "title": "9417818 Canada Inc.\n      \n         - Environmental Compliance Approval (sewage)",
        "comments_from_registry": 0,
        "comments_by_email": 0,
        "comments_by_mail": 0
    },
    "013-4788": {
        "url": "/notice/013-4788",
        "title": "HK Travel Centres GP Inc., as general partner for and on behalf of HK Travel Centres L.P.\n      \n         - Permit to take water",
        "comments_from_registry": 0,
        "comments_by_email": 0,
        "comments_by_mail": 0
    },
    "013-4363": {
        "url": "/notice/013-4363",
        "title": "DSI Underground Canada Ltd.\n      \n         - Environmental Compliance Approval (air)",
        "comments_from_registry": 0,
        "comments_by_email": 0,
        "comments_by_mail": 0
    },
    "013-3631": {
        "url": "/notice/013-3631",
        "title": "H.& A. Mastronardi Farms Ltd.\n      \n         - Environmental Compliance Approval (sewage)",
        "comments_from_registry": 0,
        "comments_by_email": 0,
        "comments_by_mail": 0
    },
    "013-3732": {
        "url": "/notice/013-3732",
        "title": "2587780 Ontario Inc.\n      \n         - Environmental Compliance Approval (sewage)",
        "comments_from_registry": 0,
        "comments_by_email": 0,
        "comments_by_mail": 0
    },
    "019-0473": {
        "url": "/notice/019-0473",
        "title": "Alec Pleson\n      \n         - Mineral exploration permit",
        "comments_from_registry": 0,
        "comments_by_email": 0,
        "comments_by_mail": 0
    },
    "019-0677": {
        "url": "/notice/019-0677",
        "title": "Robert B. Howe, Howe & Bradley Professional Corporation\n      \n         - Approval for a consent (subject to conditions) in an area where there is no official plan in place",
        "comments_from_registry": 0,
        "comments_by_email": 0,
        "comments_by_mail": 0
    },
    "019-0676": {
        "url": "/notice/019-0676",
        "title": "Robert B. Howe, Howe & Bradley Professional Corporation\n      \n         - Approval for a consent (subject to conditions) in an area where there is no official plan in place",
        "comments_from_registry": 0,
        "comments_by_email": 0,
        "comments_by_mail": 0
    },
    "013-5251": {
        "url": "/notice/013-5251",
        "title": "855545 Ontario Inc. operating as Camden Braes Golf & Country Club\n      \n         - Permit to take water",
        "comments_from_registry": 0,
        "comments_by_email": 0,
        "comments_by_mail": 0
    },
    "013-4912": {
        "url": "/notice/013-4912",
        "title": "1048547 Ontario Inc. operating as Skotidakis Goat Farm\n      \n         - Permit to take water",
        "comments_from_registry": 0,
        "comments_by_email": 0,
        "comments_by_mail": 0
    },
    "013-4756": {
        "url": "/notice/013-4756",
        "title": "Karl Heinz Dickob and Helga Dickob \n      \n         - Permit to take water",
        "comments_from_registry": 0,
        "comments_by_email": 0,
        "comments_by_mail": 0
    },
    "013-4452": {
        "url": "/notice/013-4452",
        "title": "G. Tackaberry & Sons Construction Company Limited\n      \n         - Permit to take water",
        "comments_from_registry": 0,
        "comments_by_email": 0,
        "comments_by_mail": 0
    },
    "013-3359": {
        "url": "/notice/013-3359",
        "title": "1457756 Ontario Inc. (Whitetail Golf Club)\n      \n         - Permit to take water",
        "comments_from_registry": 0,
        "comments_by_email": 0,
        "comments_by_mail": 0
    },
    "013-4317": {
        "url": "/notice/013-4317",
        "title": "Riverbend Golf and Country Club\n      \n         - Permit to take water",
        "comments_from_registry": 0,
        "comments_by_email": 0,
        "comments_by_mail": 0
    },
    "013-4366": {
        "url": "/notice/013-4366",
        "title": "Multistream Power Corporation\n      \n         - Permit to take water",
        "comments_from_registry": 0,
        "comments_by_email": 0,
        "comments_by_mail": 0
    },
    "013-4242": {
        "url": "/notice/013-4242",
        "title": "R. W. Tomlinson Limited\n      \n         - Permit to take water",
        "comments_from_registry": 0,
        "comments_by_email": 0,
        "comments_by_mail": 0
    }
}