{
    "019-4758": {
        "url": "/notice/019-4758",
        "title": "Ms. S. Saarinen - Evolution Mining Gold Operations\n      \n         - Mineral exploration permit",
        "comments_from_registry": 0,
        "comments_by_email": 0,
        "comments_by_mail": 0
    },
    "019-4775": {
        "url": "/notice/019-4775",
        "title": "SPC Nickel Corporation\n      \n         - Mineral exploration permit",
        "comments_from_registry": 0,
        "comments_by_email": 0,
        "comments_by_mail": 0
    },
    "019-4776": {
        "url": "/notice/019-4776",
        "title": "SPC Nickel Corporation\n      \n         - Mineral exploration permit",
        "comments_from_registry": 0,
        "comments_by_email": 0,
        "comments_by_mail": 0
    },
    "019-4265": {
        "url": "/notice/019-4265",
        "title": "Indwell Community Homes\n      \n         - Certificate of property use",
        "comments_from_registry": 0,
        "comments_by_email": 0,
        "comments_by_mail": 0
    },
    "019-4510": {
        "url": "/notice/019-4510",
        "title": "Gatling Exploration Inc.\n      \n         - Mineral exploration permit",
        "comments_from_registry": 0,
        "comments_by_email": 0,
        "comments_by_mail": 0
    },
    "019-3368": {
        "url": "/notice/019-3368",
        "title": "Ben Kuzmich\n      \n         - Mineral exploration permit",
        "comments_from_registry": 0,
        "comments_by_email": 0,
        "comments_by_mail": 0
    },
    "019-4263": {
        "url": "/notice/019-4263",
        "title": "Nova Steel Inc.\n      \n         - Environmental Compliance Approval (air)",
        "comments_from_registry": 0,
        "comments_by_email": 0,
        "comments_by_mail": 0
    },
    "019-4433": {
        "url": "/notice/019-4433",
        "title": "Lafarge Canada Inc.\n      \n         - Permit to take water",
        "comments_from_registry": 2,
        "comments_by_email": 0,
        "comments_by_mail": 0
    },
    "019-4366": {
        "url": "/notice/019-4366",
        "title": "Daniels HR Corporation\n      \n         - Permit to take water",
        "comments_from_registry": 0,
        "comments_by_email": 0,
        "comments_by_mail": 0
    },
    "019-4450": {
        "url": "/notice/019-4450",
        "title": "Amendments to the Mine Development and Closure Regulation (O. Reg. 240/00)",
        "comments_from_registry": 0,
        "comments_by_email": 1,
        "comments_by_mail": 0
    },
    "019-4448": {
        "url": "/notice/019-4448",
        "title": "A Graduated Approach to Closure Planning \u2013 Regulation Name Change",
        "comments_from_registry": 0,
        "comments_by_email": 1,
        "comments_by_mail": 0
    },
    "019-4443": {
        "url": "/notice/019-4443",
        "title": "Regulatory amendments related to retaining proceeds from the sale of samples taken from unpatented mining claims",
        "comments_from_registry": 1,
        "comments_by_email": 1,
        "comments_by_mail": 0
    },
    "019-4442": {
        "url": "/notice/019-4442",
        "title": "Establishing a public registry for mining and exploratory licences of occupation information",
        "comments_from_registry": 0,
        "comments_by_email": 1,
        "comments_by_mail": 0
    },
    "019-4664": {
        "url": "/notice/019-4664",
        "title": "Weston Foods (Canada) Inc.\n      \n         - Environmental Compliance Approval (air)",
        "comments_from_registry": 0,
        "comments_by_email": 0,
        "comments_by_mail": 0
    },
    "013-3895": {
        "url": "/notice/013-3895",
        "title": "Thomas Cavanagh Construction Limited  \n      \n         - Environmental Compliance Approval (air)",
        "comments_from_registry": 0,
        "comments_by_email": 10,
        "comments_by_mail": 80
    },
    "019-3733": {
        "url": "/notice/019-3733",
        "title": "Lahaie Lumber Ltd.\n      \n         - Environmental Compliance Approval (air)",
        "comments_from_registry": 0,
        "comments_by_email": 0,
        "comments_by_mail": 0
    },
    "019-3974": {
        "url": "/notice/019-3974",
        "title": "820438 Ontario Inc.\n      \n         - Environmental Compliance Approval (sewage)",
        "comments_from_registry": 0,
        "comments_by_email": 0,
        "comments_by_mail": 0
    },
    "019-3096": {
        "url": "/notice/019-3096",
        "title": "Ruby Farms Strathroy Limited\n      \n         - Environmental Compliance Approval (air)",
        "comments_from_registry": 0,
        "comments_by_email": 0,
        "comments_by_mail": 0
    },
    "019-3672": {
        "url": "/notice/019-3672",
        "title": "Special Circumstances for the Exclusion of Time and Extension of Time in performing or filing assessment work",
        "comments_from_registry": 0,
        "comments_by_email": 0,
        "comments_by_mail": 0
    },
    "019-3433": {
        "url": "/notice/019-3433",
        "title": "St. Marys Cement Inc. (Canada)\n      \n         - Environmental Compliance Approval (air)",
        "comments_from_registry": 0,
        "comments_by_email": 0,
        "comments_by_mail": 0
    }
}