{
    "019-9241": {
        "url": "/notice/019-9241",
        "title": "Waste Management of Canada Corporation\n      \n         - Environmental Compliance Approval (multiple media)",
        "comments_from_registry": 0,
        "comments_by_email": 2,
        "comments_by_mail": 0
    },
    "019-9337": {
        "url": "/notice/019-9337",
        "title": "Notice of Proposed Revocation: Minister\u2019s Zoning Order \u2013 Ontario Regulation 337/22",
        "comments_from_registry": 10,
        "comments_by_email": 0,
        "comments_by_mail": 0
    },
    "019-9180": {
        "url": "/notice/019-9180",
        "title": "Ontario Regulation 563/24 \u2013 Zoning Order in the Town of Bradford West Gwillimbury",
        "comments_from_registry": 7,
        "comments_by_email": 0,
        "comments_by_mail": 0
    },
    "019-8071": {
        "url": "/notice/019-8071",
        "title": "Amendments to Ontario Regulation 667/98 (Trapping) made under Fish and Wildlife Conservation Act, 1997, to update technical specifications of relaxing cable restraints used for trapping.",
        "comments_from_registry": 225,
        "comments_by_email": 3,
        "comments_by_mail": 0
    },
    "019-8574": {
        "url": "/notice/019-8574",
        "title": "Great Bear Resources Ltd.\n      \n         - Permit to take water",
        "comments_from_registry": 2,
        "comments_by_email": 0,
        "comments_by_mail": 0
    },
    "019-8896": {
        "url": "/notice/019-8896",
        "title": "Graduated financial penalties for failing to submit mandatory hunter reports",
        "comments_from_registry": 26,
        "comments_by_email": 0,
        "comments_by_mail": 0
    },
    "019-8583": {
        "url": "/notice/019-8583",
        "title": "Developing government response statements for four species at risk under the Endangered Species Act, 2007",
        "comments_from_registry": 4,
        "comments_by_email": 2,
        "comments_by_mail": 0
    },
    "019-9065": {
        "url": "/notice/019-9065",
        "title": "Consideration of transition of land use planning matters to facilitate the introduction of a new policy statement issued under the Planning Act.",
        "comments_from_registry": 36,
        "comments_by_email": 12,
        "comments_by_mail": 0
    },
    "019-7604": {
        "url": "/notice/019-7604",
        "title": "City of Dryden \n      \n         - Approval of a municipality\u2019s official plan",
        "comments_from_registry": 0,
        "comments_by_email": 0,
        "comments_by_mail": 0
    },
    "019-9145": {
        "url": "/notice/019-9145",
        "title": "Mattamy (Northwoods) Limited\n      \n         - Permit to take water",
        "comments_from_registry": 0,
        "comments_by_email": 0,
        "comments_by_mail": 0
    },
    "019-8866": {
        "url": "/notice/019-8866",
        "title": "Amendments to four producer responsibility regulations for tires, batteries, electrical and electronic equipment, and hazardous and special products",
        "comments_from_registry": 27,
        "comments_by_email": 23,
        "comments_by_mail": 0
    },
    "019-8129": {
        "url": "/notice/019-8129",
        "title": "Consultation on proposed Building Code Amendments to expand provisions of Encapsulated Mass Timber Construction",
        "comments_from_registry": 4,
        "comments_by_email": 2,
        "comments_by_mail": 0
    },
    "019-9251": {
        "url": "/notice/019-9251",
        "title": "Taylor Alexander Giesbrecht\n      \n         - Environmental Compliance Approval (waste)",
        "comments_from_registry": 0,
        "comments_by_email": 0,
        "comments_by_mail": 0
    },
    "019-5780": {
        "url": "/notice/019-5780",
        "title": "MacPherson Builders (Cranberry) Limited\n      \n         - Environmental Compliance Approval (sewage)",
        "comments_from_registry": 0,
        "comments_by_email": 0,
        "comments_by_mail": 0
    },
    "019-9176": {
        "url": "/notice/019-9176",
        "title": "Michael James Fox operating as Ace Septic Tank Pumping\n      \n         - Environmental Compliance Approval (waste)",
        "comments_from_registry": 0,
        "comments_by_email": 0,
        "comments_by_mail": 0
    },
    "019-8289": {
        "url": "/notice/019-8289",
        "title": "Rondeau Provincial Park Management Plan Amendment \u2013 Cottage Lot Leases",
        "comments_from_registry": 951,
        "comments_by_email": 38,
        "comments_by_mail": 1
    },
    "019-7910": {
        "url": "/notice/019-7910",
        "title": "PPG Architectural Coatings Canada, Inc.\n      \n         - Environmental Compliance Approval (air)",
        "comments_from_registry": 0,
        "comments_by_email": 0,
        "comments_by_mail": 0
    },
    "019-7136": {
        "url": "/notice/019-7136",
        "title": "American Iron and Metal Company Inc.\n      \n         - Environmental Compliance Approval (sewage)",
        "comments_from_registry": 1,
        "comments_by_email": 0,
        "comments_by_mail": 0
    },
    "019-5852": {
        "url": "/notice/019-5852",
        "title": "Cambridge IP Park GP Inc., as general partner for and on behalf of Cambridge IP Park Limited Partnership\n      \n         - Environmental Compliance Approval (sewage)",
        "comments_from_registry": 0,
        "comments_by_email": 0,
        "comments_by_mail": 0
    },
    "019-9308": {
        "url": "/notice/019-9308",
        "title": "Epica Gold Inc.\n      \n         - Mineral exploration permit",
        "comments_from_registry": 0,
        "comments_by_email": 0,
        "comments_by_mail": 0
    }
}