{
    "019-0202": {
        "url": "/notice/019-0202",
        "title": "John J. Fehr\n      \n         - Permit to take water",
        "comments_from_registry": 0,
        "comments_by_email": 1,
        "comments_by_mail": 0
    },
    "019-0337": {
        "url": "/notice/019-0337",
        "title": "Moneta Porcupine Mines Inc.\n      \n         - Mineral exploration permit",
        "comments_from_registry": 0,
        "comments_by_email": 0,
        "comments_by_mail": 0
    },
    "019-0102": {
        "url": "/notice/019-0102",
        "title": "St. Marys Cement Incorporated Canada\n      \n         - Changes to the site plan for a pit or quarry",
        "comments_from_registry": 0,
        "comments_by_email": 3,
        "comments_by_mail": 0
    },
    "013-5007": {
        "url": "/notice/013-5007",
        "title": "Developing government response statements for nine species at risk under the Endangered Species Act",
        "comments_from_registry": 5,
        "comments_by_email": 5,
        "comments_by_mail": 0
    },
    "012-7487": {
        "url": "/notice/012-7487",
        "title": "Ken Miller Excavating (356119 Ontario Ltd.)\n      \n         - Issuance of a licence to remove 20,000 tonnes or less of aggregate annually from a pit or quarry",
        "comments_from_registry": 0,
        "comments_by_email": 3,
        "comments_by_mail": 0
    },
    "019-0301": {
        "url": "/notice/019-0301",
        "title": "Steven Anderson\n      \n         - Mineral exploration permit",
        "comments_from_registry": 0,
        "comments_by_email": 0,
        "comments_by_mail": 0
    },
    "019-0181": {
        "url": "/notice/019-0181",
        "title": "Proposed new regulation and regulation changes under the Planning Act, including transition matters, related to Schedule 12 of Bill 108 - the More Homes, More Choice Act, 2019",
        "comments_from_registry": 58,
        "comments_by_email": 15,
        "comments_by_mail": 0
    },
    "019-0016": {
        "url": "/notice/019-0016",
        "title": "Bill 108 - (Schedule 12) \u2013 the proposed More Homes, More Choice Act: Amendments to the Planning Act",
        "comments_from_registry": 305,
        "comments_by_email": 0,
        "comments_by_mail": 33
    },
    "019-0260": {
        "url": "/notice/019-0260",
        "title": "Canadian Tire Corporation, Limited\n      \n         - Certificate of property use",
        "comments_from_registry": 0,
        "comments_by_email": 0,
        "comments_by_mail": 0
    },
    "019-0319": {
        "url": "/notice/019-0319",
        "title": "Pelangio Exploration Inc.\n      \n         - Mineral exploration permit",
        "comments_from_registry": 0,
        "comments_by_email": 0,
        "comments_by_mail": 0
    },
    "019-0318": {
        "url": "/notice/019-0318",
        "title": "Pelangio Exploration Inc.\n      \n         - Mineral exploration permit",
        "comments_from_registry": 0,
        "comments_by_email": 0,
        "comments_by_mail": 0
    },
    "019-0313": {
        "url": "/notice/019-0313",
        "title": "Conquest Resources Limited\n      \n         - Mineral exploration permit",
        "comments_from_registry": 0,
        "comments_by_email": 0,
        "comments_by_mail": 0
    },
    "013-4101": {
        "url": "/notice/013-4101",
        "title": "Parkbridge Lifestyle Communities Inc.\n      \n         - Environmental Compliance Approval (sewage)",
        "comments_from_registry": 0,
        "comments_by_email": 0,
        "comments_by_mail": 0
    },
    "013-4914": {
        "url": "/notice/013-4914",
        "title": "Manfred Schoor\n      \n         - Mineral exploration permit",
        "comments_from_registry": 0,
        "comments_by_email": 0,
        "comments_by_mail": 0
    },
    "013-4674": {
        "url": "/notice/013-4674",
        "title": "Gordon Scadding Developments Limited\n      \n         - Environmental Compliance Approval (sewage)",
        "comments_from_registry": 0,
        "comments_by_email": 0,
        "comments_by_mail": 0
    },
    "019-0239": {
        "url": "/notice/019-0239",
        "title": "The Sarjeant Company Limited\n      \n         - Environmental Compliance Approval (air)",
        "comments_from_registry": 0,
        "comments_by_email": 0,
        "comments_by_mail": 0
    },
    "013-4677": {
        "url": "/notice/013-4677",
        "title": "C.H. Clement Construction Inc.\n      \n         - Environmental Compliance Approval (sewage)",
        "comments_from_registry": 0,
        "comments_by_email": 0,
        "comments_by_mail": 0
    },
    "013-5031": {
        "url": "/notice/013-5031",
        "title": "863195 Ontario Limited\n      \n         - Environmental Compliance Approval (sewage)",
        "comments_from_registry": 0,
        "comments_by_email": 0,
        "comments_by_mail": 0
    },
    "013-2909": {
        "url": "/notice/013-2909",
        "title": "Southwest United Canada Inc.\n      \n         - Approval to register for a technical standard for air pollution (industry standard)",
        "comments_from_registry": 0,
        "comments_by_email": 0,
        "comments_by_mail": 0
    },
    "013-0023": {
        "url": "/notice/013-0023",
        "title": "Southwest United Canada Inc.\n      \n         - Approval to register for a technical standard for air pollution (industry standard)",
        "comments_from_registry": 0,
        "comments_by_email": 0,
        "comments_by_mail": 0
    }
}