{
    "019-7719": {
        "url": "/notice/019-7719",
        "title": "St. Clair Management Corporation, as general partner for and on behalf of St. Clair Power, L.P.\n      \n         - Environmental Compliance Approval (air)",
        "comments_from_registry": 0,
        "comments_by_email": 0,
        "comments_by_mail": 0
    },
    "019-9012": {
        "url": "/notice/019-9012",
        "title": "Central Timmins Nickel Company Inc.\n      \n         - Mineral exploration permit",
        "comments_from_registry": 0,
        "comments_by_email": 0,
        "comments_by_mail": 0
    },
    "019-9011": {
        "url": "/notice/019-9011",
        "title": "Central Timmins Nickel Company Inc.\n      \n         - Mineral exploration permit",
        "comments_from_registry": 0,
        "comments_by_email": 0,
        "comments_by_mail": 0
    },
    "019-8382": {
        "url": "/notice/019-8382",
        "title": "Napanee BESS Inc.\n      \n         - Environmental Compliance Approval (sewage)",
        "comments_from_registry": 0,
        "comments_by_email": 0,
        "comments_by_mail": 0
    },
    "019-8712": {
        "url": "/notice/019-8712",
        "title": "Pleasant Bay Bible Conference Grounds Inc.\n      \n         - Environmental Compliance Approval (sewage)",
        "comments_from_registry": 0,
        "comments_by_email": 0,
        "comments_by_mail": 0
    },
    "019-8202": {
        "url": "/notice/019-8202",
        "title": "Metropolitan Drilling Canada Inc.\n      \n         - Environmental Compliance Approval (air)",
        "comments_from_registry": 0,
        "comments_by_email": 0,
        "comments_by_mail": 0
    },
    "019-8589": {
        "url": "/notice/019-8589",
        "title": "PPG Canada Inc.\n      \n         - Environmental Compliance Approval (air)",
        "comments_from_registry": 0,
        "comments_by_email": 0,
        "comments_by_mail": 0
    },
    "019-8532": {
        "url": "/notice/019-8532",
        "title": "G. Tackaberry & Sons Construction Company Limited\n      \n         - Permit to take water",
        "comments_from_registry": 0,
        "comments_by_email": 2,
        "comments_by_mail": 0
    },
    "019-8386": {
        "url": "/notice/019-8386",
        "title": "Eden Grove Village Inc.\n      \n         - Environmental Compliance Approval (sewage)",
        "comments_from_registry": 0,
        "comments_by_email": 0,
        "comments_by_mail": 0
    },
    "019-6768": {
        "url": "/notice/019-6768",
        "title": "Clean Harbors Canada, Inc.\n      \n         - Environmental Compliance Approval (waste)",
        "comments_from_registry": 0,
        "comments_by_email": 0,
        "comments_by_mail": 0
    },
    "019-8424": {
        "url": "/notice/019-8424",
        "title": "Vale Canada Limited/Vale Canada Limit\u00e9e\n      \n         - Permit to take water",
        "comments_from_registry": 0,
        "comments_by_email": 0,
        "comments_by_mail": 0
    },
    "019-8824": {
        "url": "/notice/019-8824",
        "title": "Conestoga Cold Storage Limited\n      \n         - Environmental Compliance Approval (sewage)",
        "comments_from_registry": 0,
        "comments_by_email": 0,
        "comments_by_mail": 0
    },
    "019-8389": {
        "url": "/notice/019-8389",
        "title": "Updated Statement of Environmental Values for the Ministry of Infrastructure",
        "comments_from_registry": 1,
        "comments_by_email": 0,
        "comments_by_mail": 0
    },
    "019-7756": {
        "url": "/notice/019-7756",
        "title": "Joseph & Company Inc.\n      \n         - Environmental Compliance Approval (sewage)",
        "comments_from_registry": 0,
        "comments_by_email": 0,
        "comments_by_mail": 0
    },
    "019-8662": {
        "url": "/notice/019-8662",
        "title": "Lavern Heideman & Sons Limited\n      \n         - Permit to take water",
        "comments_from_registry": 0,
        "comments_by_email": 0,
        "comments_by_mail": 0
    },
    "019-8471": {
        "url": "/notice/019-8471",
        "title": "Miller Group Inc.\n      \n         - Permit to take water",
        "comments_from_registry": 0,
        "comments_by_email": 1,
        "comments_by_mail": 0
    },
    "019-8747": {
        "url": "/notice/019-8747",
        "title": "2667804 Ontario Inc.\n      \n         - Environmental Compliance Approval (waste)",
        "comments_from_registry": 0,
        "comments_by_email": 0,
        "comments_by_mail": 0
    },
    "019-8949": {
        "url": "/notice/019-8949",
        "title": "Agnico Eagle \n      \n         - Mineral exploration permit",
        "comments_from_registry": 5,
        "comments_by_email": 0,
        "comments_by_mail": 0
    },
    "019-7008": {
        "url": "/notice/019-7008",
        "title": "Stubbe's Redi-Mix Inc.\n      \n         - Environmental Compliance Approval (air)",
        "comments_from_registry": 0,
        "comments_by_email": 0,
        "comments_by_mail": 0
    },
    "019-7784": {
        "url": "/notice/019-7784",
        "title": "The Recycling Depot GP Inc. as general partner for and on behalf of The Recycling Depot LP\n      \n         - Environmental Compliance Approval (sewage)",
        "comments_from_registry": 1,
        "comments_by_email": 0,
        "comments_by_mail": 0
    }
}