{
    "019-7961": {
        "url": "/notice/019-7961",
        "title": "Cornerstone Crush Inc.\n      \n         - Environmental Compliance Approval (air)",
        "comments_from_registry": 1,
        "comments_by_email": 0,
        "comments_by_mail": 0
    },
    "019-7653": {
        "url": "/notice/019-7653",
        "title": "INVISTA (Canada) Company\n      \n         - Environmental Compliance Approval (air)",
        "comments_from_registry": 0,
        "comments_by_email": 0,
        "comments_by_mail": 0
    },
    "019-8764": {
        "url": "/notice/019-8764",
        "title": "Ontario Regulation 324/24 - Zoning Order in the City of St. Thomas",
        "comments_from_registry": 3,
        "comments_by_email": 0,
        "comments_by_mail": 0
    },
    "019-8370": {
        "url": "/notice/019-8370",
        "title": "Proposed Changes to Regulations under the Planning Act and Development Charges Act, 1997 Relating to the Cutting Red Tape to Build More Homes Act, 2024 (Bill 185): Newspaper Notice Requirements and Consequential Housekeeping Changes",
        "comments_from_registry": 60,
        "comments_by_email": 20,
        "comments_by_mail": 0
    },
    "019-8336": {
        "url": "/notice/019-8336",
        "title": "Stegg Limited\n      \n         - Environmental Compliance Approval (air)",
        "comments_from_registry": 0,
        "comments_by_email": 0,
        "comments_by_mail": 0
    },
    "019-8423": {
        "url": "/notice/019-8423",
        "title": "Dunsford Golf & Country Club Inc. \n      \n         - Permit to take water",
        "comments_from_registry": 0,
        "comments_by_email": 0,
        "comments_by_mail": 0
    },
    "019-7822": {
        "url": "/notice/019-7822",
        "title": "Lafarge Canada Inc.\n      \n         - Environmental Compliance Approval (air)",
        "comments_from_registry": 0,
        "comments_by_email": 0,
        "comments_by_mail": 0
    },
    "013-1976": {
        "url": "/notice/013-1976",
        "title": "Coco Properties Corporation\n      \n         - Issuance of a licence to remove over 20,000 tonnes of aggregate annually from a pit or a quarry",
        "comments_from_registry": 23,
        "comments_by_email": 0,
        "comments_by_mail": 44
    },
    "013-1758": {
        "url": "/notice/013-1758",
        "title": "1621185 Ontario Inc.\n      \n         - Issuance of a licence to remove over 20,000 tonnes of aggregate annually from a pit or a quarry",
        "comments_from_registry": 1,
        "comments_by_email": 15,
        "comments_by_mail": 4
    },
    "019-7345": {
        "url": "/notice/019-7345",
        "title": "2500158 Ontario Inc.\n      \n         - Environmental Compliance Approval (sewage)",
        "comments_from_registry": 0,
        "comments_by_email": 0,
        "comments_by_mail": 0
    },
    "019-7644": {
        "url": "/notice/019-7644",
        "title": "Spectra Aluminum Products Ltd.\n      \n         - Environmental Compliance Approval (air)",
        "comments_from_registry": 0,
        "comments_by_email": 0,
        "comments_by_mail": 0
    },
    "019-8409": {
        "url": "/notice/019-8409",
        "title": "A. L. Blair Construction Limited\n      \n         - Permit to take water",
        "comments_from_registry": 0,
        "comments_by_email": 0,
        "comments_by_mail": 0
    },
    "019-8399": {
        "url": "/notice/019-8399",
        "title": "GolfNorth Management Corp., operating as Rebel Creek Golf Club\n      \n         - Permit to take water",
        "comments_from_registry": 0,
        "comments_by_email": 0,
        "comments_by_mail": 0
    },
    "019-8460": {
        "url": "/notice/019-8460",
        "title": "Otter Creek Sand and Gravel Inc. \n      \n         - Permit to take water",
        "comments_from_registry": 0,
        "comments_by_email": 0,
        "comments_by_mail": 0
    },
    "019-7875": {
        "url": "/notice/019-7875",
        "title": "Freudenberg-NOK, Inc.\n      \n         - Environmental Compliance Approval (air)",
        "comments_from_registry": 0,
        "comments_by_email": 0,
        "comments_by_mail": 0
    },
    "019-8808": {
        "url": "/notice/019-8808",
        "title": "Transition Metals Corp.\n      \n         - Mineral exploration permit",
        "comments_from_registry": 0,
        "comments_by_email": 0,
        "comments_by_mail": 0
    },
    "019-8867": {
        "url": "/notice/019-8867",
        "title": "Shining Tree Resources Corp.\n      \n         - Mineral exploration permit",
        "comments_from_registry": 0,
        "comments_by_email": 0,
        "comments_by_mail": 0
    },
    "019-8377": {
        "url": "/notice/019-8377",
        "title": "Construction Jadco Inc.\n      \n         - Permit to take water",
        "comments_from_registry": 0,
        "comments_by_email": 0,
        "comments_by_mail": 0
    },
    "019-8578": {
        "url": "/notice/019-8578",
        "title": "Darcey Dorrell\n      \n         - Approval for a consent (subject to conditions) in an area where there is no official plan in place",
        "comments_from_registry": 0,
        "comments_by_email": 0,
        "comments_by_mail": 0
    },
    "019-8621": {
        "url": "/notice/019-8621",
        "title": "Darcey Dorrell\n      \n         - Approval for a consent (subject to conditions) in an area where there is no official plan in place",
        "comments_from_registry": 0,
        "comments_by_email": 0,
        "comments_by_mail": 0
    }
}