{
    "019-2732": {
        "url": "/notice/019-2732",
        "title": "Ken Truax Construction Ltd.\n      \n         - Permit to take water",
        "comments_from_registry": 0,
        "comments_by_email": 0,
        "comments_by_mail": 0
    },
    "019-2734": {
        "url": "/notice/019-2734",
        "title": "Belmac Estate Properties Inc.\n      \n         - Permit to take water",
        "comments_from_registry": 0,
        "comments_by_email": 0,
        "comments_by_mail": 0
    },
    "019-0169": {
        "url": "/notice/019-0169",
        "title": "Randy Smith - Smith's Septic Service\n      \n         - Environmental Compliance Approval (waste)",
        "comments_from_registry": 0,
        "comments_by_email": 0,
        "comments_by_mail": 0
    },
    "019-0764": {
        "url": "/notice/019-0764",
        "title": "Lauzon Equipment\n      \n         - Environmental Compliance Approval (waste)",
        "comments_from_registry": 0,
        "comments_by_email": 0,
        "comments_by_mail": 0
    },
    "013-0701": {
        "url": "/notice/013-0701",
        "title": "Ontario Power Generation, Northwest Plant Group\n      \n         - Permit to take water",
        "comments_from_registry": 0,
        "comments_by_email": 0,
        "comments_by_mail": 0
    },
    "013-3073": {
        "url": "/notice/013-3073",
        "title": "Cornwall Gravel Company Limited\n      \n         - Permit to take water",
        "comments_from_registry": 1,
        "comments_by_email": 0,
        "comments_by_mail": 0
    },
    "013-2263": {
        "url": "/notice/013-2263",
        "title": "Ferma Aggregates Incorporated\n      \n         - Permit to take water",
        "comments_from_registry": 1,
        "comments_by_email": 1,
        "comments_by_mail": 0
    },
    "019-2707": {
        "url": "/notice/019-2707",
        "title": "The Eastbourne Community Association\n      \n         - Permit to take water",
        "comments_from_registry": 0,
        "comments_by_email": 0,
        "comments_by_mail": 0
    },
    "019-2719": {
        "url": "/notice/019-2719",
        "title": "Riverlands of Rockland Inc.\n      \n         - Permit to take water",
        "comments_from_registry": 0,
        "comments_by_email": 0,
        "comments_by_mail": 0
    },
    "013-4966": {
        "url": "/notice/013-4966",
        "title": "Larry D. Brown\n      \n         - Environmental Compliance Approval (waste)",
        "comments_from_registry": 0,
        "comments_by_email": 0,
        "comments_by_mail": 0
    },
    "013-5155": {
        "url": "/notice/013-5155",
        "title": "Brethour Septic Tank Pumping\n      \n         - Environmental Compliance Approval (waste)",
        "comments_from_registry": 0,
        "comments_by_email": 0,
        "comments_by_mail": 0
    },
    "013-5131": {
        "url": "/notice/013-5131",
        "title": "Justin David Murray (Forester Septic Tank Pumping)\n      \n         - Environmental Compliance Approval (waste)",
        "comments_from_registry": 0,
        "comments_by_email": 0,
        "comments_by_mail": 0
    },
    "019-0965": {
        "url": "/notice/019-0965",
        "title": "Timberwolf Trading Inc.\n      \n         - Environmental Compliance Approval (sewage)",
        "comments_from_registry": 0,
        "comments_by_email": 0,
        "comments_by_mail": 0
    },
    "019-0376": {
        "url": "/notice/019-0376",
        "title": "Phippen Waste Management\n      \n         - Environmental Compliance Approval (waste)",
        "comments_from_registry": 0,
        "comments_by_email": 0,
        "comments_by_mail": 0
    },
    "019-2258": {
        "url": "/notice/019-2258",
        "title": "Kaneff Properties Limited operating as Lionhead Golf and Country Club\n      \n         - Permit to take water",
        "comments_from_registry": 0,
        "comments_by_email": 0,
        "comments_by_mail": 0
    },
    "019-2453": {
        "url": "/notice/019-2453",
        "title": "Ottawa D-Squared Construction Limited\n      \n         - Permit to take water",
        "comments_from_registry": 0,
        "comments_by_email": 0,
        "comments_by_mail": 0
    },
    "019-2239": {
        "url": "/notice/019-2239",
        "title": "Shell Canada Products\n      \n         - Permit to take water",
        "comments_from_registry": 0,
        "comments_by_email": 0,
        "comments_by_mail": 0
    },
    "019-2543": {
        "url": "/notice/019-2543",
        "title": "Trillium Wood Golf Club Ltd.\n      \n         - Permit to take water",
        "comments_from_registry": 0,
        "comments_by_email": 0,
        "comments_by_mail": 0
    },
    "019-1577": {
        "url": "/notice/019-1577",
        "title": "Total Septic\n      \n         - Environmental Compliance Approval (waste)",
        "comments_from_registry": 0,
        "comments_by_email": 0,
        "comments_by_mail": 0
    },
    "013-1134": {
        "url": "/notice/013-1134",
        "title": "Jim Nelson (Cruz Cobalt Corp.)\n      \n         - Mineral exploration permit",
        "comments_from_registry": 1,
        "comments_by_email": 0,
        "comments_by_mail": 0
    }
}