{
    "013-5239": {
        "url": "/notice/013-5239",
        "title": "CGC Incorporated\n      \n         - Permit to take water",
        "comments_from_registry": 0,
        "comments_by_email": 0,
        "comments_by_mail": 0
    },
    "013-5231": {
        "url": "/notice/013-5231",
        "title": "24 Gaukel GP Inc.\n      \n         - Permit to take water",
        "comments_from_registry": 0,
        "comments_by_email": 0,
        "comments_by_mail": 0
    },
    "019-1245": {
        "url": "/notice/019-1245",
        "title": "Cobalt Industries of Canada Incorporated\n      \n         - Mineral exploration permit",
        "comments_from_registry": 0,
        "comments_by_email": 0,
        "comments_by_mail": 0
    },
    "019-1242": {
        "url": "/notice/019-1242",
        "title": "Cobalt Industries of Canada Incorporated\n      \n         - Mineral exploration permit",
        "comments_from_registry": 0,
        "comments_by_email": 0,
        "comments_by_mail": 0
    },
    "013-4467": {
        "url": "/notice/013-4467",
        "title": "Willow Valley Golf Inc.\n      \n         - Permit to take water",
        "comments_from_registry": 0,
        "comments_by_email": 0,
        "comments_by_mail": 0
    },
    "013-4322": {
        "url": "/notice/013-4322",
        "title": "Preston Sand & Gravel Company Ltd.\n      \n         - Permit to take water",
        "comments_from_registry": 0,
        "comments_by_email": 0,
        "comments_by_mail": 0
    },
    "013-2286": {
        "url": "/notice/013-2286",
        "title": "Red River Valley Golf Incorporated (Rolling Meadows Golf Club)  \n      \n         - Permit to take water",
        "comments_from_registry": 0,
        "comments_by_email": 1,
        "comments_by_mail": 0
    },
    "013-2205": {
        "url": "/notice/013-2205",
        "title": "1814029 Ontario Incorporated (Niagara-on-the-Lake Golf Club)\n      \n         - Permit to take water",
        "comments_from_registry": 0,
        "comments_by_email": 0,
        "comments_by_mail": 0
    },
    "013-2014": {
        "url": "/notice/013-2014",
        "title": "Premier Kosher Incorporated\n      \n         - Permit to take water",
        "comments_from_registry": 0,
        "comments_by_email": 0,
        "comments_by_mail": 0
    },
    "013-2031": {
        "url": "/notice/013-2031",
        "title": "Dana Canada Corporation\n      \n         - Permit to take water",
        "comments_from_registry": 0,
        "comments_by_email": 0,
        "comments_by_mail": 0
    },
    "013-2001": {
        "url": "/notice/013-2001",
        "title": "Nachurs Alpine Solutions Incorporated\n      \n         - Permit to take water",
        "comments_from_registry": 0,
        "comments_by_email": 0,
        "comments_by_mail": 0
    },
    "019-0277": {
        "url": "/notice/019-0277",
        "title": "2102671 Ontario Limited\n      \n         - Environmental Compliance Approval (sewage)",
        "comments_from_registry": 0,
        "comments_by_email": 0,
        "comments_by_mail": 0
    },
    "013-2355": {
        "url": "/notice/013-2355",
        "title": "Everest Canadian Storage Company\n      \n         - Certificate of property use",
        "comments_from_registry": 0,
        "comments_by_email": 0,
        "comments_by_mail": 0
    },
    "019-0857": {
        "url": "/notice/019-0857",
        "title": "Picton Golf & Country Club\n      \n         - Permit to take water",
        "comments_from_registry": 0,
        "comments_by_email": 0,
        "comments_by_mail": 0
    },
    "013-5115": {
        "url": "/notice/013-5115",
        "title": "Michael Chmil\n      \n         - Environmental Compliance Approval (sewage)",
        "comments_from_registry": 0,
        "comments_by_email": 0,
        "comments_by_mail": 0
    },
    "019-0255": {
        "url": "/notice/019-0255",
        "title": "Grant Castle Corp.\n      \n         - Environmental Compliance Approval (sewage)",
        "comments_from_registry": 0,
        "comments_by_email": 0,
        "comments_by_mail": 0
    },
    "019-0999": {
        "url": "/notice/019-0999",
        "title": "Anbu and Suvetha Inc. and Pon & Sons Ltd.\n      \n         - Environmental Compliance Approval (sewage)",
        "comments_from_registry": 0,
        "comments_by_email": 0,
        "comments_by_mail": 0
    },
    "019-1141": {
        "url": "/notice/019-1141",
        "title": "Kelly Piper\n      \n         - Environmental Compliance Approval (sewage)",
        "comments_from_registry": 0,
        "comments_by_email": 0,
        "comments_by_mail": 0
    },
    "019-1168": {
        "url": "/notice/019-1168",
        "title": "Sunpark Estates (Bath Rd.) Inc.\n      \n         - Environmental Compliance Approval (sewage)",
        "comments_from_registry": 0,
        "comments_by_email": 0,
        "comments_by_mail": 0
    },
    "013-5261": {
        "url": "/notice/013-5261",
        "title": "Scenic Woods Golf Club Limited\n      \n         - Permit to take water",
        "comments_from_registry": 1,
        "comments_by_email": 1,
        "comments_by_mail": 0
    }
}