{
    "013-4635": {
        "url": "/notice/013-4635",
        "title": "2391937 Ontario Inc.\n      \n         - Environmental Compliance Approval (sewage)",
        "comments_from_registry": 0,
        "comments_by_email": 0,
        "comments_by_mail": 0
    },
    "013-3606": {
        "url": "/notice/013-3606",
        "title": "Wesdome Gold Mines Ltd.\n      \n         - Environmental Compliance Approval (sewage)",
        "comments_from_registry": 0,
        "comments_by_email": 0,
        "comments_by_mail": 0
    },
    "013-0918": {
        "url": "/notice/013-0918",
        "title": "Karat King Incorporated\n      \n         - Environmental Compliance Approval (sewage)",
        "comments_from_registry": 0,
        "comments_by_email": 0,
        "comments_by_mail": 0
    },
    "013-4731": {
        "url": "/notice/013-4731",
        "title": "City of Toronto\n      \n         - Certificate of property use",
        "comments_from_registry": 0,
        "comments_by_email": 0,
        "comments_by_mail": 0
    },
    "013-4978": {
        "url": "/notice/013-4978",
        "title": "Wayne Benham\n      \n         - Mineral exploration permit",
        "comments_from_registry": 0,
        "comments_by_email": 0,
        "comments_by_mail": 0
    },
    "013-4862": {
        "url": "/notice/013-4862",
        "title": "First Mining Gold Corporation\n      \n         - Mineral exploration permit",
        "comments_from_registry": 0,
        "comments_by_email": 0,
        "comments_by_mail": 0
    },
    "013-4977": {
        "url": "/notice/013-4977",
        "title": "Wayne Benham\n      \n         - Mineral exploration permit",
        "comments_from_registry": 0,
        "comments_by_email": 0,
        "comments_by_mail": 0
    },
    "013-4014": {
        "url": "/notice/013-4014",
        "title": "David B Graham\n      \n         - Mineral exploration permit",
        "comments_from_registry": 0,
        "comments_by_email": 0,
        "comments_by_mail": 0
    },
    "012-8567": {
        "url": "/notice/012-8567",
        "title": "Regulation for the issuance of new land use permits in accordance with Section 14 (2.1) of the Provincial Parks and Conservation Reserves Act, 2006",
        "comments_from_registry": 2,
        "comments_by_email": 0,
        "comments_by_mail": 0
    },
    "013-4839": {
        "url": "/notice/013-4839",
        "title": "Honda of Canada Mfg.\n      \n         - Environmental Compliance Approval (air)",
        "comments_from_registry": 0,
        "comments_by_email": 0,
        "comments_by_mail": 0
    },
    "013-4724": {
        "url": "/notice/013-4724",
        "title": "Norfolk Disposal Services Limited\n      \n         - Environmental Compliance Approval (air)",
        "comments_from_registry": 0,
        "comments_by_email": 0,
        "comments_by_mail": 0
    },
    "013-4722": {
        "url": "/notice/013-4722",
        "title": "Harte Gold Corp.\n      \n         - Environmental Compliance Approval (air)",
        "comments_from_registry": 0,
        "comments_by_email": 0,
        "comments_by_mail": 0
    },
    "013-4335": {
        "url": "/notice/013-4335",
        "title": "Alamos Gold Inc.\n      \n         - Environmental Compliance Approval (air)",
        "comments_from_registry": 1,
        "comments_by_email": 0,
        "comments_by_mail": 0
    },
    "013-4995": {
        "url": "/notice/013-4995",
        "title": "St. Andrew Goldfields Ltd.\n      \n         - Permit to take water",
        "comments_from_registry": 0,
        "comments_by_email": 0,
        "comments_by_mail": 0
    },
    "013-4994": {
        "url": "/notice/013-4994",
        "title": "St. Andrew Goldfields Ltd.\n      \n         - Permit to take water",
        "comments_from_registry": 0,
        "comments_by_email": 0,
        "comments_by_mail": 0
    },
    "013-4993": {
        "url": "/notice/013-4993",
        "title": "St. Andrew Goldfields Ltd.\n      \n         - Permit to take water",
        "comments_from_registry": 0,
        "comments_by_email": 0,
        "comments_by_mail": 0
    },
    "013-4127": {
        "url": "/notice/013-4127",
        "title": "Essar Steel Algoma Inc. \n      \n         - Environmental Compliance Approval (sewage)",
        "comments_from_registry": 0,
        "comments_by_email": 0,
        "comments_by_mail": 0
    },
    "013-4060": {
        "url": "/notice/013-4060",
        "title": "Proposed Natural Gas Expansion Support Program",
        "comments_from_registry": 15,
        "comments_by_email": 6,
        "comments_by_mail": 0
    },
    "013-3783": {
        "url": "/notice/013-3783",
        "title": "192 Bronson Property Inc.\n      \n         - Environmental Compliance Approval (sewage)",
        "comments_from_registry": 0,
        "comments_by_email": 0,
        "comments_by_mail": 0
    },
    "013-3531": {
        "url": "/notice/013-3531",
        "title": "Collingwood Industrial Properties Inc.\n      \n         - Environmental Compliance Approval (sewage)",
        "comments_from_registry": 0,
        "comments_by_email": 0,
        "comments_by_mail": 0
    }
}