{
    "019-7452": {
        "url": "/notice/019-7452",
        "title": "Leanne Artinger-Kukla\n      \n         - Environmental Compliance Approval (sewage)",
        "comments_from_registry": 0,
        "comments_by_email": 0,
        "comments_by_mail": 0
    },
    "019-6093": {
        "url": "/notice/019-6093",
        "title": "Ventra Group Co., operating as Ventra Plastics - Peterborough\n      \n         - Environmental Compliance Approval (air)",
        "comments_from_registry": 0,
        "comments_by_email": 0,
        "comments_by_mail": 0
    },
    "019-6887": {
        "url": "/notice/019-6887",
        "title": "Stinson Realty Kemptville Inc.\n      \n         - Environmental Compliance Approval (sewage)",
        "comments_from_registry": 0,
        "comments_by_email": 0,
        "comments_by_mail": 0
    },
    "019-6749": {
        "url": "/notice/019-6749",
        "title": "Proposal to make consequential administrative amendments to several regulations under the Mining Act",
        "comments_from_registry": 17,
        "comments_by_email": 0,
        "comments_by_mail": 0
    },
    "019-6750": {
        "url": "/notice/019-6750",
        "title": "Proposed regulatory changes to closure plan rehabilitation requirements for advanced exploration and mine production and adding an additional class of facilities to the list of such classes that are excluded from the definition of \u201cmine\u201d.",
        "comments_from_registry": 13,
        "comments_by_email": 0,
        "comments_by_mail": 0
    },
    "019-7555": {
        "url": "/notice/019-7555",
        "title": "MANBA KRUPA CORPORATION\n      \n         - Approval for variance from the Liquid Fuels Handling Code",
        "comments_from_registry": 0,
        "comments_by_email": 0,
        "comments_by_mail": 0
    },
    "019-6617": {
        "url": "/notice/019-6617",
        "title": "Laura Mary Sontrop\n      \n         - Environmental Compliance Approval (sewage)",
        "comments_from_registry": 0,
        "comments_by_email": 0,
        "comments_by_mail": 0
    },
    "019-7127": {
        "url": "/notice/019-7127",
        "title": "Jungbunzlauer Canada Inc.\n      \n         - Environmental Compliance Approval (sewage)",
        "comments_from_registry": 0,
        "comments_by_email": 0,
        "comments_by_mail": 0
    },
    "019-7309": {
        "url": "/notice/019-7309",
        "title": "Innisfil Beach Park GP Inc.\n      \n         - Environmental Compliance Approval (sewage)",
        "comments_from_registry": 0,
        "comments_by_email": 0,
        "comments_by_mail": 0
    },
    "019-7183": {
        "url": "/notice/019-7183",
        "title": "Donegan's Haulage Limited\n      \n         - Permit to take water",
        "comments_from_registry": 0,
        "comments_by_email": 0,
        "comments_by_mail": 0
    },
    "019-3592": {
        "url": "/notice/019-3592",
        "title": "975270 Ontario Ltd. \n      \n         - Issuance of a licence to remove over 20,000 tonnes of aggregate annually from a pit or a quarry",
        "comments_from_registry": 0,
        "comments_by_email": 1,
        "comments_by_mail": 0
    },
    "019-7303": {
        "url": "/notice/019-7303",
        "title": "St. Marys Cement Inc. (Canada)\n      \n         - Changes to the site plan for a pit or quarry",
        "comments_from_registry": 0,
        "comments_by_email": 0,
        "comments_by_mail": 0
    },
    "019-7302": {
        "url": "/notice/019-7302",
        "title": "St. Marys Cement Inc. (Canada)\n      \n         - Changes to the conditions of a licence to operate a pit or quarry",
        "comments_from_registry": 0,
        "comments_by_email": 0,
        "comments_by_mail": 0
    },
    "019-7553": {
        "url": "/notice/019-7553",
        "title": "NEWORIGIN GOLD CORPORATION\n      \n         - Mineral exploration permit",
        "comments_from_registry": 0,
        "comments_by_email": 0,
        "comments_by_mail": 0
    },
    "019-6378": {
        "url": "/notice/019-6378",
        "title": "Grant Castle Corp.\n      \n         - Environmental Compliance Approval (sewage)",
        "comments_from_registry": 0,
        "comments_by_email": 0,
        "comments_by_mail": 0
    },
    "019-6225": {
        "url": "/notice/019-6225",
        "title": "First Capital (Bridgeport) Corporation\n      \n         - Environmental Compliance Approval (air)",
        "comments_from_registry": 0,
        "comments_by_email": 0,
        "comments_by_mail": 0
    },
    "019-7392": {
        "url": "/notice/019-7392",
        "title": "Scott and Carrie Desmit\n      \n         - Approval for a consent (subject to conditions) in an area where there is no official plan in place",
        "comments_from_registry": 0,
        "comments_by_email": 0,
        "comments_by_mail": 0
    },
    "019-6958": {
        "url": "/notice/019-6958",
        "title": "GATLING EXPLORATION INC.\n      \n         - Permit to take water",
        "comments_from_registry": 0,
        "comments_by_email": 2,
        "comments_by_mail": 0
    },
    "019-7223": {
        "url": "/notice/019-7223",
        "title": "Minaki on the River Inc. - Ron Davies\n      \n         - Approval for a consent (subject to conditions) in an area where there is no official plan in place",
        "comments_from_registry": 0,
        "comments_by_email": 0,
        "comments_by_mail": 0
    },
    "019-7222": {
        "url": "/notice/019-7222",
        "title": "Minaki on the River Inc. - Ron Davies\n      \n         - Approval for a consent (subject to conditions) in an area where there is no official plan in place",
        "comments_from_registry": 0,
        "comments_by_email": 0,
        "comments_by_mail": 0
    }
}