{
    "019-5505": {
        "url": "/notice/019-5505",
        "title": "Haliburton Forest & Wild Life Reserve Limited\n      \n         - Environmental Compliance Approval (sewage)",
        "comments_from_registry": 0,
        "comments_by_email": 0,
        "comments_by_mail": 0
    },
    "019-4571": {
        "url": "/notice/019-4571",
        "title": "Hacienda North Farms Inc.\n      \n         - Environmental Compliance Approval (sewage)",
        "comments_from_registry": 0,
        "comments_by_email": 0,
        "comments_by_mail": 0
    },
    "019-5691": {
        "url": "/notice/019-5691",
        "title": "Geosyntec Consultants International, Inc. operating as SiREM\n      \n         - Environmental Compliance Approval (air)",
        "comments_from_registry": 0,
        "comments_by_email": 0,
        "comments_by_mail": 0
    },
    "019-4345": {
        "url": "/notice/019-4345",
        "title": "CRH Canada Group Inc.\n      \n         - Environmental Compliance Approval (air)",
        "comments_from_registry": 0,
        "comments_by_email": 0,
        "comments_by_mail": 0
    },
    "019-4729": {
        "url": "/notice/019-4729",
        "title": "Vineland Growers' Co-Operative, Limited\n      \n         - Environmental Compliance Approval (sewage)",
        "comments_from_registry": 0,
        "comments_by_email": 0,
        "comments_by_mail": 0
    },
    "019-4460": {
        "url": "/notice/019-4460",
        "title": "Wilton Sanitation Inc.\n      \n         - Environmental Compliance Approval (waste)",
        "comments_from_registry": 0,
        "comments_by_email": 0,
        "comments_by_mail": 0
    },
    "019-5412": {
        "url": "/notice/019-5412",
        "title": "PP Pumping Services Ltd.\n      \n         - Environmental Compliance Approval (waste)",
        "comments_from_registry": 0,
        "comments_by_email": 0,
        "comments_by_mail": 0
    },
    "019-3817": {
        "url": "/notice/019-3817",
        "title": "Larry Stewart Alexander and David Harold Scott Alexander, operating as Larry's Septic Service\n      \n         - Environmental Compliance Approval (waste)",
        "comments_from_registry": 0,
        "comments_by_email": 0,
        "comments_by_mail": 0
    },
    "019-5518": {
        "url": "/notice/019-5518",
        "title": "D. Robert Espey Excavating & Septic Service Ltd.\n      \n         - Environmental Compliance Approval (waste)",
        "comments_from_registry": 0,
        "comments_by_email": 0,
        "comments_by_mail": 0
    },
    "019-5107": {
        "url": "/notice/019-5107",
        "title": "Ewart Ball\n      \n         - Environmental Compliance Approval (waste)",
        "comments_from_registry": 0,
        "comments_by_email": 0,
        "comments_by_mail": 0
    },
    "019-5823": {
        "url": "/notice/019-5823",
        "title": "Gravel Ridge Resources Limited\n      \n         - Mineral exploration permit",
        "comments_from_registry": 0,
        "comments_by_email": 0,
        "comments_by_mail": 0
    },
    "019-5700": {
        "url": "/notice/019-5700",
        "title": "Cobalt Industries of Canada Incorporated\n      \n         - Mineral exploration permit",
        "comments_from_registry": 0,
        "comments_by_email": 0,
        "comments_by_mail": 0
    },
    "019-5762": {
        "url": "/notice/019-5762",
        "title": "Macdonald Mines Exploration Limited\n      \n         - Mineral exploration permit",
        "comments_from_registry": 0,
        "comments_by_email": 0,
        "comments_by_mail": 0
    },
    "019-5093": {
        "url": "/notice/019-5093",
        "title": "2585435 Ontario Limited\n      \n         - Environmental Compliance Approval (sewage)",
        "comments_from_registry": 0,
        "comments_by_email": 0,
        "comments_by_mail": 0
    },
    "019-4877": {
        "url": "/notice/019-4877",
        "title": "Manpreet Singh Minhas\n      \n         - Environmental Compliance Approval (sewage)",
        "comments_from_registry": 0,
        "comments_by_email": 0,
        "comments_by_mail": 0
    },
    "019-4913": {
        "url": "/notice/019-4913",
        "title": "M.A.Q. Aggregates Inc.\n      \n         - Permit to take water",
        "comments_from_registry": 0,
        "comments_by_email": 0,
        "comments_by_mail": 0
    },
    "019-5809": {
        "url": "/notice/019-5809",
        "title": "7-ELEVEN CANADA INC\n      \n         - Approval for variance from the Liquid Fuels Handling Code",
        "comments_from_registry": 0,
        "comments_by_email": 0,
        "comments_by_mail": 0
    },
    "019-0402": {
        "url": "/notice/019-0402",
        "title": "Johnston Bros. (Bothwell) Limited \n      \n         - Changes to the site plan for a pit or quarry",
        "comments_from_registry": 0,
        "comments_by_email": 0,
        "comments_by_mail": 1
    },
    "019-5103": {
        "url": "/notice/019-5103",
        "title": "Joel Neuman operating as J. Neuman Septic Service\n      \n         - Environmental Compliance Approval (waste)",
        "comments_from_registry": 0,
        "comments_by_email": 0,
        "comments_by_mail": 0
    },
    "019-5382": {
        "url": "/notice/019-5382",
        "title": "Georgian Bay Sanitation Inc.\n      \n         - Environmental Compliance Approval (waste)",
        "comments_from_registry": 0,
        "comments_by_email": 0,
        "comments_by_mail": 0
    }
}