{
    "012-9177": {
        "url": "/notice/012-9177",
        "title": "Norman Campbell Construction Ltd.\n      \n         - Issuance of a licence to remove over 20,000 tonnes of aggregate annually from a pit or a quarry",
        "comments_from_registry": 0,
        "comments_by_email": 0,
        "comments_by_mail": 7
    },
    "019-3764": {
        "url": "/notice/019-3764",
        "title": "Stelco Inc.\n      \n         - Environmental Compliance Approval (air)",
        "comments_from_registry": 0,
        "comments_by_email": 0,
        "comments_by_mail": 0
    },
    "019-1484": {
        "url": "/notice/019-1484",
        "title": "Ontario Infrastructure and Lands Corporation\n      \n         - Permit to take water",
        "comments_from_registry": 0,
        "comments_by_email": 1,
        "comments_by_mail": 0
    },
    "019-3792": {
        "url": "/notice/019-3792",
        "title": "Jeff Jurinak  RIO TINTO EXPLORATION CANADA INC. \n      \n         - Mineral exploration permit",
        "comments_from_registry": 0,
        "comments_by_email": 0,
        "comments_by_mail": 0
    },
    "019-3814": {
        "url": "/notice/019-3814",
        "title": "ROBERT BAILEY - FRONTLINE GOLD CORPORATION\n      \n         - Mineral exploration permit",
        "comments_from_registry": 0,
        "comments_by_email": 0,
        "comments_by_mail": 0
    },
    "019-3852": {
        "url": "/notice/019-3852",
        "title": "Mansfield Ski Club Inc.\n      \n         - Environmental Compliance Approval (sewage)",
        "comments_from_registry": 0,
        "comments_by_email": 0,
        "comments_by_mail": 0
    },
    "019-3766": {
        "url": "/notice/019-3766",
        "title": "Algoma Steel Inc.\n      \n         - Environmental Compliance Approval (air)",
        "comments_from_registry": 0,
        "comments_by_email": 0,
        "comments_by_mail": 0
    },
    "019-2852": {
        "url": "/notice/019-2852",
        "title": "Diamond Petrochemicals Canada Corporation\n      \n         - Environmental Compliance Approval (air)",
        "comments_from_registry": 0,
        "comments_by_email": 0,
        "comments_by_mail": 0
    },
    "019-2871": {
        "url": "/notice/019-2871",
        "title": "Branthaven Queen West Inc.\n      \n         - Environmental Compliance Approval (sewage)",
        "comments_from_registry": 0,
        "comments_by_email": 0,
        "comments_by_mail": 0
    },
    "019-3803": {
        "url": "/notice/019-3803",
        "title": "Costco Wholesale Canada Ltd.\n      \n         - Environmental Compliance Approval (sewage)",
        "comments_from_registry": 0,
        "comments_by_email": 0,
        "comments_by_mail": 0
    },
    "019-3761": {
        "url": "/notice/019-3761",
        "title": "Stelco Inc.\n      \n         - Environmental Compliance Approval (air)",
        "comments_from_registry": 0,
        "comments_by_email": 0,
        "comments_by_mail": 0
    },
    "019-2835": {
        "url": "/notice/019-2835",
        "title": "ARLANXEO Canada Inc.\n      \n         - Environmental Compliance Approval (air)",
        "comments_from_registry": 0,
        "comments_by_email": 2,
        "comments_by_mail": 0
    },
    "019-2885": {
        "url": "/notice/019-2885",
        "title": "Magellan Aerospace Limited\n      \n         - Environmental Compliance Approval (air)",
        "comments_from_registry": 0,
        "comments_by_email": 0,
        "comments_by_mail": 0
    },
    "019-2949": {
        "url": "/notice/019-2949",
        "title": "2776631 Ontario Inc.\n      \n         - Environmental Compliance Approval (sewage)",
        "comments_from_registry": 0,
        "comments_by_email": 0,
        "comments_by_mail": 0
    },
    "019-3822": {
        "url": "/notice/019-3822",
        "title": "Tyrolean Village Resorts Ltd.\n      \n         - Environmental Compliance Approval (sewage)",
        "comments_from_registry": 0,
        "comments_by_email": 0,
        "comments_by_mail": 0
    },
    "019-2060": {
        "url": "/notice/019-2060",
        "title": "Updating the Ministry of Health's Statement of Environmental Values",
        "comments_from_registry": 1,
        "comments_by_email": 0,
        "comments_by_mail": 0
    },
    "019-2435": {
        "url": "/notice/019-2435",
        "title": "Updating the Ministry of Long-Term Care's Statement of Environmental Values",
        "comments_from_registry": 1,
        "comments_by_email": 0,
        "comments_by_mail": 0
    },
    "019-3575": {
        "url": "/notice/019-3575",
        "title": "Dundas and Pacific Ltd.\n      \n         - Permit to take water",
        "comments_from_registry": 0,
        "comments_by_email": 0,
        "comments_by_mail": 0
    },
    "019-3588": {
        "url": "/notice/019-3588",
        "title": "Cedarwell Excavating Ltd.\n      \n         - Permit to take water",
        "comments_from_registry": 0,
        "comments_by_email": 0,
        "comments_by_mail": 0
    },
    "019-3816": {
        "url": "/notice/019-3816",
        "title": "Wiet Peeters Farm Products Ltd.\n      \n         - Environmental Compliance Approval (sewage)",
        "comments_from_registry": 0,
        "comments_by_email": 0,
        "comments_by_mail": 0
    }
}