{
    "019-7972": {
        "url": "/notice/019-7972",
        "title": "J.F.T. Developments and 2716906 Ontario Inc.\n      \n         - Approval for a consent (subject to conditions) in an area where there is no official plan in place",
        "comments_from_registry": 0,
        "comments_by_email": 0,
        "comments_by_mail": 0
    },
    "019-7973": {
        "url": "/notice/019-7973",
        "title": "J.F.T. Developments and 2716906 Ontario Inc.\n      \n         - Approval for a consent (subject to conditions) in an area where there is no official plan in place",
        "comments_from_registry": 0,
        "comments_by_email": 0,
        "comments_by_mail": 0
    },
    "019-8064": {
        "url": "/notice/019-8064",
        "title": "Dalton and Joanne Potter\n      \n         - Approval for a consent (subject to conditions) in an area where there is no official plan in place",
        "comments_from_registry": 0,
        "comments_by_email": 0,
        "comments_by_mail": 0
    },
    "019-8164": {
        "url": "/notice/019-8164",
        "title": "URSA Major Minerals Inc.\n      \n         - Mineral exploration permit",
        "comments_from_registry": 0,
        "comments_by_email": 0,
        "comments_by_mail": 0
    },
    "019-8166": {
        "url": "/notice/019-8166",
        "title": "Dynasty Gold Corp\n      \n         - Mineral exploration permit",
        "comments_from_registry": 0,
        "comments_by_email": 0,
        "comments_by_mail": 0
    },
    "019-5303": {
        "url": "/notice/019-5303",
        "title": "Bruce Tait Construction Ltd.\n      \n         - Changes to the site plan for a pit or quarry",
        "comments_from_registry": 0,
        "comments_by_email": 1,
        "comments_by_mail": 0
    },
    "019-7293": {
        "url": "/notice/019-7293",
        "title": "Copetown Woods Golf Club Inc.\n      \n         - Permit to take water",
        "comments_from_registry": 0,
        "comments_by_email": 0,
        "comments_by_mail": 0
    },
    "019-8153": {
        "url": "/notice/019-8153",
        "title": "URSA Major Minerals Inc.\n      \n         - Mineral exploration permit",
        "comments_from_registry": 0,
        "comments_by_email": 0,
        "comments_by_mail": 0
    },
    "019-8152": {
        "url": "/notice/019-8152",
        "title": "URSA Major Minerals Inc.\n      \n         - Mineral exploration permit",
        "comments_from_registry": 0,
        "comments_by_email": 0,
        "comments_by_mail": 0
    },
    "019-8194": {
        "url": "/notice/019-8194",
        "title": "Last Resort Resources Ltd.\n      \n         - Mineral exploration permit",
        "comments_from_registry": 0,
        "comments_by_email": 0,
        "comments_by_mail": 0
    },
    "019-5900": {
        "url": "/notice/019-5900",
        "title": "Color Powder Coating Manufacturing Inc.\n      \n         - Environmental Compliance Approval (air)",
        "comments_from_registry": 0,
        "comments_by_email": 0,
        "comments_by_mail": 0
    },
    "019-7945": {
        "url": "/notice/019-7945",
        "title": "101172801 Saskatchewan Ltd.\n      \n         - Environmental Compliance Approval (waste)",
        "comments_from_registry": 0,
        "comments_by_email": 1,
        "comments_by_mail": 0
    },
    "019-5566": {
        "url": "/notice/019-5566",
        "title": "Thunder Bay Pulp and Paper Inc.\n      \n         - Environmental Compliance Approval (air)",
        "comments_from_registry": 0,
        "comments_by_email": 0,
        "comments_by_mail": 0
    },
    "019-7953": {
        "url": "/notice/019-7953",
        "title": "Ironclad Properties Inc.\n      \n         - Permit to take water",
        "comments_from_registry": 0,
        "comments_by_email": 0,
        "comments_by_mail": 0
    },
    "019-7056": {
        "url": "/notice/019-7056",
        "title": "Moose Creek Tire Recycling Inc.\n      \n         - Environmental Compliance Approval (air)",
        "comments_from_registry": 0,
        "comments_by_email": 0,
        "comments_by_mail": 0
    },
    "019-7637": {
        "url": "/notice/019-7637",
        "title": "The Belleville Cemetery Company\n      \n         - Environmental Compliance Approval (air)",
        "comments_from_registry": 0,
        "comments_by_email": 0,
        "comments_by_mail": 0
    },
    "019-7782": {
        "url": "/notice/019-7782",
        "title": "466203 Ontario Limited\n      \n         - Environmental Compliance Approval (sewage)",
        "comments_from_registry": 0,
        "comments_by_email": 0,
        "comments_by_mail": 0
    },
    "019-7830": {
        "url": "/notice/019-7830",
        "title": "Dennis Robinson Ltd.\n      \n         - Environmental Compliance Approval (waste)",
        "comments_from_registry": 0,
        "comments_by_email": 0,
        "comments_by_mail": 0
    },
    "019-7530": {
        "url": "/notice/019-7530",
        "title": "The Oshawa Golf Club, Limited\n      \n         - Permit to take water",
        "comments_from_registry": 2,
        "comments_by_email": 0,
        "comments_by_mail": 0
    },
    "019-5445": {
        "url": "/notice/019-5445",
        "title": "Algoma Steel Inc.\n      \n         - Environmental Compliance Approval (sewage)",
        "comments_from_registry": 0,
        "comments_by_email": 0,
        "comments_by_mail": 0
    }
}