{
    "019-8324": {
        "url": "/notice/019-8324",
        "title": "Rexdale Building Supply Ltd.\n      \n         - Environmental Compliance Approval (air)",
        "comments_from_registry": 0,
        "comments_by_email": 0,
        "comments_by_mail": 0
    },
    "019-9142": {
        "url": "/notice/019-9142",
        "title": "The Alberta Gold Exploration Corporation\n      \n         - Mineral exploration permit",
        "comments_from_registry": 0,
        "comments_by_email": 0,
        "comments_by_mail": 0
    },
    "019-9287": {
        "url": "/notice/019-9287",
        "title": "Ritchie Bros. Properties Ltd.\n      \n         - Environmental Compliance Approval (sewage)",
        "comments_from_registry": 0,
        "comments_by_email": 0,
        "comments_by_mail": 0
    },
    "019-9357": {
        "url": "/notice/019-9357",
        "title": "Kenorland Minerals North America Ltd.\n      \n         - Mineral exploration permit",
        "comments_from_registry": 0,
        "comments_by_email": 0,
        "comments_by_mail": 0
    },
    "019-9272": {
        "url": "/notice/019-9272",
        "title": "Ilir Loka\n      \n         - Mineral exploration permit",
        "comments_from_registry": 0,
        "comments_by_email": 0,
        "comments_by_mail": 0
    },
    "019-9348": {
        "url": "/notice/019-9348",
        "title": "Solstice Gold Corp.\n      \n         - Mineral exploration permit",
        "comments_from_registry": 0,
        "comments_by_email": 0,
        "comments_by_mail": 0
    },
    "019-5757": {
        "url": "/notice/019-5757",
        "title": "Mars Joseph\n      \n         - Mineral exploration permit",
        "comments_from_registry": 0,
        "comments_by_email": 0,
        "comments_by_mail": 0
    },
    "019-9294": {
        "url": "/notice/019-9294",
        "title": "Ongold Resources Ltd.\n      \n         - Mineral exploration permit",
        "comments_from_registry": 0,
        "comments_by_email": 0,
        "comments_by_mail": 0
    },
    "019-8098": {
        "url": "/notice/019-8098",
        "title": "Magna Seating Inc., operating as Integram Windsor Seating\n      \n         - Environmental Compliance Approval (air)",
        "comments_from_registry": 0,
        "comments_by_email": 0,
        "comments_by_mail": 0
    },
    "019-9126": {
        "url": "/notice/019-9126",
        "title": "Aecon Mining Inc.\n      \n         - Permit to take water",
        "comments_from_registry": 0,
        "comments_by_email": 0,
        "comments_by_mail": 0
    },
    "019-9119": {
        "url": "/notice/019-9119",
        "title": "Kinectrics Enterprises Inc. \n      \n         - Permit to take water",
        "comments_from_registry": 0,
        "comments_by_email": 0,
        "comments_by_mail": 0
    },
    "019-8904": {
        "url": "/notice/019-8904",
        "title": "CRH Canada Group Inc.\n      \n         - Permit to take water",
        "comments_from_registry": 0,
        "comments_by_email": 0,
        "comments_by_mail": 0
    },
    "019-8173": {
        "url": "/notice/019-8173",
        "title": "Greencity Limited\n      \n         - Environmental Compliance Approval (sewage)",
        "comments_from_registry": 0,
        "comments_by_email": 0,
        "comments_by_mail": 0
    },
    "019-9083": {
        "url": "/notice/019-9083",
        "title": "J.A. Porter Holdings (Lucknow) Ltd.\n      \n         - Permit to take water",
        "comments_from_registry": 0,
        "comments_by_email": 0,
        "comments_by_mail": 0
    },
    "019-9071": {
        "url": "/notice/019-9071",
        "title": "Miller Paving Limited\n      \n         - Permit to take water",
        "comments_from_registry": 0,
        "comments_by_email": 0,
        "comments_by_mail": 0
    },
    "019-9064": {
        "url": "/notice/019-9064",
        "title": "Lafarge Canada Inc.\n      \n         - Permit to take water",
        "comments_from_registry": 0,
        "comments_by_email": 0,
        "comments_by_mail": 0
    },
    "019-4764": {
        "url": "/notice/019-4764",
        "title": "5042078 Ontario Inc.\n      \n         - Mineral exploration permit",
        "comments_from_registry": 0,
        "comments_by_email": 0,
        "comments_by_mail": 0
    },
    "019-9137": {
        "url": "/notice/019-9137",
        "title": "Notice of Proposed Revocation: Minister's Zoning Order - Ontario Regulation 5/23",
        "comments_from_registry": 1,
        "comments_by_email": 0,
        "comments_by_mail": 0
    },
    "019-9107": {
        "url": "/notice/019-9107",
        "title": "Ontario Regulation 494/24 \u2013 Zoning Order Amendment in the City of Hamilton",
        "comments_from_registry": 3,
        "comments_by_email": 0,
        "comments_by_mail": 0
    },
    "019-9036": {
        "url": "/notice/019-9036",
        "title": "GFL Environmental Services Inc.\n      \n         - Environmental Compliance Approval (waste)",
        "comments_from_registry": 0,
        "comments_by_email": 0,
        "comments_by_mail": 0
    }
}