{
    "019-5160": {
        "url": "/notice/019-5160",
        "title": "2151738 Ontario Inc. \n      \n         - Permit to take water",
        "comments_from_registry": 0,
        "comments_by_email": 0,
        "comments_by_mail": 0
    },
    "019-4617": {
        "url": "/notice/019-4617",
        "title": "1901364 Ontario Inc., operating as Campus Trails\n      \n         - Environmental Compliance Approval (sewage)",
        "comments_from_registry": 0,
        "comments_by_email": 0,
        "comments_by_mail": 0
    },
    "019-5328": {
        "url": "/notice/019-5328",
        "title": "Petrolia Hospitality Group Inc., operating as Kingswell Glen Golf Club\n      \n         - Permit to take water",
        "comments_from_registry": 0,
        "comments_by_email": 0,
        "comments_by_mail": 0
    },
    "019-5375": {
        "url": "/notice/019-5375",
        "title": "Westminister Trails Inc.\n      \n         - Permit to take water",
        "comments_from_registry": 0,
        "comments_by_email": 0,
        "comments_by_mail": 0
    },
    "019-5411": {
        "url": "/notice/019-5411",
        "title": "Cambridge Development Inc.\n      \n         - Certificate of property use",
        "comments_from_registry": 0,
        "comments_by_email": 0,
        "comments_by_mail": 0
    },
    "019-5513": {
        "url": "/notice/019-5513",
        "title": "Woodhouse Investments Inc.\n      \n         - Certificate of property use",
        "comments_from_registry": 0,
        "comments_by_email": 0,
        "comments_by_mail": 0
    },
    "019-4001": {
        "url": "/notice/019-4001",
        "title": "Norris Construction Management Inc.\n      \n         - Environmental Compliance Approval (waste)",
        "comments_from_registry": 0,
        "comments_by_email": 0,
        "comments_by_mail": 0
    },
    "019-3266": {
        "url": "/notice/019-3266",
        "title": "NOVA Chemicals Corporation\n      \n         - Environmental Compliance Approval (air)",
        "comments_from_registry": 0,
        "comments_by_email": 0,
        "comments_by_mail": 0
    },
    "019-5026": {
        "url": "/notice/019-5026",
        "title": "Morriston Park Nursing Home Inc.\n      \n         - Environmental Compliance Approval (sewage)",
        "comments_from_registry": 0,
        "comments_by_email": 0,
        "comments_by_mail": 0
    },
    "019-3218": {
        "url": "/notice/019-3218",
        "title": "Drain Bros. Excavating Limited\n      \n         - Changes to the conditions of a licence to operate a pit or quarry",
        "comments_from_registry": 0,
        "comments_by_email": 3,
        "comments_by_mail": 0
    },
    "019-4477": {
        "url": "/notice/019-4477",
        "title": "712724 Ontario Limited\n      \n         - Environmental Compliance Approval (sewage)",
        "comments_from_registry": 0,
        "comments_by_email": 0,
        "comments_by_mail": 0
    },
    "019-5435": {
        "url": "/notice/019-5435",
        "title": "The Corporation of the Township of Russell\n      \n         - Environmental Compliance Approval (sewage)",
        "comments_from_registry": 0,
        "comments_by_email": 0,
        "comments_by_mail": 0
    },
    "019-5116": {
        "url": "/notice/019-5116",
        "title": "De Beers Canada Inc.\n      \n         - Environmental Compliance Approval (sewage)",
        "comments_from_registry": 0,
        "comments_by_email": 0,
        "comments_by_mail": 0
    },
    "019-4212": {
        "url": "/notice/019-4212",
        "title": "Norvern Shores Association\n      \n         - Environmental Compliance Approval (sewage)",
        "comments_from_registry": 0,
        "comments_by_email": 0,
        "comments_by_mail": 0
    },
    "019-5095": {
        "url": "/notice/019-5095",
        "title": "Durham Stone and Paving Inc.\n      \n         - Permit to take water",
        "comments_from_registry": 0,
        "comments_by_email": 0,
        "comments_by_mail": 0
    },
    "019-5036": {
        "url": "/notice/019-5036",
        "title": "The Oaks Golf and Country Club Inc.\n      \n         - Permit to take water",
        "comments_from_registry": 0,
        "comments_by_email": 0,
        "comments_by_mail": 0
    },
    "019-5504": {
        "url": "/notice/019-5504",
        "title": "IAMGOLD CORPORATION (413462) - 70% / SMM GOLD COTE INC (413471) - 30%\n      \n         - Mineral exploration permit",
        "comments_from_registry": 0,
        "comments_by_email": 0,
        "comments_by_mail": 0
    },
    "019-5515": {
        "url": "/notice/019-5515",
        "title": "Orefinders Resources Inc.\n      \n         - Mineral exploration permit",
        "comments_from_registry": 0,
        "comments_by_email": 0,
        "comments_by_mail": 0
    },
    "019-4234": {
        "url": "/notice/019-4234",
        "title": "GREEN ACRE VARIETY\n      \n         - Approval for variance from the Liquid Fuels Handling Code",
        "comments_from_registry": 0,
        "comments_by_email": 0,
        "comments_by_mail": 0
    },
    "019-5533": {
        "url": "/notice/019-5533",
        "title": "Canada Critical Resources Corp.\n      \n         - Mineral exploration permit",
        "comments_from_registry": 0,
        "comments_by_email": 0,
        "comments_by_mail": 0
    }
}