{
    "019-5286": {
        "url": "/notice/019-5286",
        "title": "Opportunities to increase missing middle housing and gentle density, including supports for multigenerational housing",
        "comments_from_registry": 77,
        "comments_by_email": 17,
        "comments_by_mail": 0
    },
    "019-6172": {
        "url": "/notice/019-6172",
        "title": "Proposed Planning Act and Development Charges Act, 1997 Changes: Providing Greater Cost Certainty for Municipal Development-related Charges",
        "comments_from_registry": 293,
        "comments_by_email": 29,
        "comments_by_mail": 0
    },
    "019-6163": {
        "url": "/notice/019-6163",
        "title": "Proposed Planning Act and City of Toronto Act Changes (Schedules 9 and 1 of Bill 23 - the proposed More Homes Built Faster Act, 2022)",
        "comments_from_registry": 466,
        "comments_by_email": 116,
        "comments_by_mail": 0
    },
    "019-4656": {
        "url": "/notice/019-4656",
        "title": "Amendments to the producer responsibility regulations for tires, batteries and electrical and electronic equipment made under the Resource Recovery and Circular Economy Act, 2016",
        "comments_from_registry": 13,
        "comments_by_email": 14,
        "comments_by_mail": 0
    },
    "019-0045": {
        "url": "/notice/019-0045",
        "title": "Administrative Penalties Regulation made under the Resource Recovery and Circular Economy Act, 2016",
        "comments_from_registry": 12,
        "comments_by_email": 11,
        "comments_by_mail": 0
    },
    "019-6008": {
        "url": "/notice/019-6008",
        "title": "Richmond Churchill Developments Inc.\n      \n         - Permit to take water",
        "comments_from_registry": 0,
        "comments_by_email": 0,
        "comments_by_mail": 0
    },
    "019-5827": {
        "url": "/notice/019-5827",
        "title": "Shirley Ann Johnson\n      \n         - Environmental Compliance Approval (sewage)",
        "comments_from_registry": 0,
        "comments_by_email": 0,
        "comments_by_mail": 0
    },
    "019-6046": {
        "url": "/notice/019-6046",
        "title": "8ELM GP Corporation, as general partner for and on behalf of 8ELM Development Limited Partnership\n      \n         - Permit to take water",
        "comments_from_registry": 0,
        "comments_by_email": 0,
        "comments_by_mail": 0
    },
    "019-4735": {
        "url": "/notice/019-4735",
        "title": "Cyclone Manufacturing Incorporated\n      \n         - Environmental Compliance Approval (air)",
        "comments_from_registry": 0,
        "comments_by_email": 0,
        "comments_by_mail": 0
    },
    "019-3841": {
        "url": "/notice/019-3841",
        "title": "Ruth Sheila Mumby\n      \n         - Environmental Compliance Approval (waste)",
        "comments_from_registry": 0,
        "comments_by_email": 0,
        "comments_by_mail": 0
    },
    "019-6018": {
        "url": "/notice/019-6018",
        "title": "St. Marys Cement Inc. (Canada)\n      \n         - Permit to take water",
        "comments_from_registry": 0,
        "comments_by_email": 0,
        "comments_by_mail": 0
    },
    "019-4041": {
        "url": "/notice/019-4041",
        "title": "1622411 Ontario Ltd. operating as Boulton Septic Service\n      \n         - Environmental Compliance Approval (waste)",
        "comments_from_registry": 0,
        "comments_by_email": 0,
        "comments_by_mail": 0
    },
    "019-6142": {
        "url": "/notice/019-6142",
        "title": "Rondeau Provincial Park Management Plan Amendment",
        "comments_from_registry": 670,
        "comments_by_email": 402,
        "comments_by_mail": 2
    },
    "019-3800": {
        "url": "/notice/019-3800",
        "title": "J. Harrison Excavating and Pipeline Ltd.\n      \n         - Environmental Compliance Approval (air)",
        "comments_from_registry": 2,
        "comments_by_email": 0,
        "comments_by_mail": 0
    },
    "019-5365": {
        "url": "/notice/019-5365",
        "title": "Township of Dorion\n      \n         - Approval of a municipality\u2019s official plan",
        "comments_from_registry": 0,
        "comments_by_email": 0,
        "comments_by_mail": 0
    },
    "019-5769": {
        "url": "/notice/019-5769",
        "title": "Emissions Performance Standards (EPS) program regulatory amendments for the 2023-2030 period",
        "comments_from_registry": 32,
        "comments_by_email": 28,
        "comments_by_mail": 0
    },
    "019-5503": {
        "url": "/notice/019-5503",
        "title": "Capital Paving Inc.\n      \n         - Permit to take water",
        "comments_from_registry": 1,
        "comments_by_email": 3,
        "comments_by_mail": 0
    },
    "019-4074": {
        "url": "/notice/019-4074",
        "title": "Marcus Russell Griffin\n      \n         - Environmental Compliance Approval (waste)",
        "comments_from_registry": 1,
        "comments_by_email": 0,
        "comments_by_mail": 0
    },
    "019-6236": {
        "url": "/notice/019-6236",
        "title": "The National Golf Club of Canada\n      \n         - Permit to take water",
        "comments_from_registry": 0,
        "comments_by_email": 0,
        "comments_by_mail": 0
    },
    "019-3781": {
        "url": "/notice/019-3781",
        "title": "J. Harrison Excavating and Pipeline Ltd.\n      \n         - Environmental Compliance Approval (air)",
        "comments_from_registry": 2,
        "comments_by_email": 0,
        "comments_by_mail": 0
    }
}