{
    "019-6076": {
        "url": "/notice/019-6076",
        "title": "B & M Delivery Service Ltd.\n      \n         - Environmental Compliance Approval (waste)",
        "comments_from_registry": 0,
        "comments_by_email": 0,
        "comments_by_mail": 0
    },
    "019-6530": {
        "url": "/notice/019-6530",
        "title": "Glenview Homes (Innes) Ltd.\n      \n         - Permit to take water",
        "comments_from_registry": 0,
        "comments_by_email": 1,
        "comments_by_mail": 0
    },
    "019-6950": {
        "url": "/notice/019-6950",
        "title": "Mono Hills Corporation\n      \n         - Environmental Compliance Approval (sewage)",
        "comments_from_registry": 0,
        "comments_by_email": 0,
        "comments_by_mail": 0
    },
    "019-6902": {
        "url": "/notice/019-6902",
        "title": "Phoenix Golf Management Inc.\n      \n         - Permit to take water",
        "comments_from_registry": 0,
        "comments_by_email": 0,
        "comments_by_mail": 0
    },
    "019-6599": {
        "url": "/notice/019-6599",
        "title": "Bellmere Holdings Inc.\n      \n         - Permit to take water",
        "comments_from_registry": 0,
        "comments_by_email": 0,
        "comments_by_mail": 0
    },
    "019-6087": {
        "url": "/notice/019-6087",
        "title": "Jason Arnold - Metallica Metals Corp\n      \n         - Mineral exploration permit",
        "comments_from_registry": 0,
        "comments_by_email": 0,
        "comments_by_mail": 0
    },
    "019-6727": {
        "url": "/notice/019-6727",
        "title": "Barbara D\u2019Silva\n      \n         - Mineral exploration permit",
        "comments_from_registry": 0,
        "comments_by_email": 0,
        "comments_by_mail": 0
    },
    "019-1424": {
        "url": "/notice/019-1424",
        "title": "Livingston Excavating and Trucking Inc. \n      \n         - Issuance of a licence to remove over 20,000 tonnes of aggregate annually from a pit or a quarry",
        "comments_from_registry": 0,
        "comments_by_email": 0,
        "comments_by_mail": 4
    },
    "013-2447": {
        "url": "/notice/013-2447",
        "title": "Cornwall Gravel Company Limited\n      \n         - Issuance of a licence to remove over 20,000 tonnes of aggregate annually from a pit or a quarry",
        "comments_from_registry": 0,
        "comments_by_email": 0,
        "comments_by_mail": 7
    },
    "019-6829": {
        "url": "/notice/019-6829",
        "title": "Bruno\u2019s Contracting (Thunder Bay) Limited \n      \n         - Changes to the conditions of a licence to operate a pit or quarry",
        "comments_from_registry": 0,
        "comments_by_email": 0,
        "comments_by_mail": 1
    },
    "019-6780": {
        "url": "/notice/019-6780",
        "title": "MPCT DIF DAM LEBRETON GP INC. as general partner for and on behalf of MPCT DIF DAM LEBRETON LP\n      \n         - Permit to take water",
        "comments_from_registry": 0,
        "comments_by_email": 1,
        "comments_by_mail": 0
    },
    "019-6893": {
        "url": "/notice/019-6893",
        "title": "The Regional Municipality of Waterloo\n      \n         - Certificate of property use",
        "comments_from_registry": 0,
        "comments_by_email": 0,
        "comments_by_mail": 0
    },
    "019-6841": {
        "url": "/notice/019-6841",
        "title": "Veterinary Wholesale Company Inc.\n      \n         - Certificate of property use",
        "comments_from_registry": 0,
        "comments_by_email": 0,
        "comments_by_mail": 0
    },
    "019-7122": {
        "url": "/notice/019-7122",
        "title": "Voltage Metals Incorporated\n      \n         - Mineral exploration permit",
        "comments_from_registry": 0,
        "comments_by_email": 0,
        "comments_by_mail": 0
    },
    "019-7036": {
        "url": "/notice/019-7036",
        "title": "Perry English\n      \n         - Mineral exploration permit",
        "comments_from_registry": 0,
        "comments_by_email": 0,
        "comments_by_mail": 0
    },
    "019-7035": {
        "url": "/notice/019-7035",
        "title": "First Class Metals Canada Inc.\n      \n         - Mineral exploration permit",
        "comments_from_registry": 0,
        "comments_by_email": 0,
        "comments_by_mail": 0
    },
    "019-6718": {
        "url": "/notice/019-6718",
        "title": "Amendments to the Mining Act: Closure Planning",
        "comments_from_registry": 13,
        "comments_by_email": 0,
        "comments_by_mail": 0
    },
    "019-6717": {
        "url": "/notice/019-6717",
        "title": "Amendments to the Mining Act: Recovery of Minerals and Decision-making Authorities",
        "comments_from_registry": 11,
        "comments_by_email": 0,
        "comments_by_mail": 0
    },
    "019-6715": {
        "url": "/notice/019-6715",
        "title": "Proposed Building More Mines Act, 2023",
        "comments_from_registry": 52,
        "comments_by_email": 0,
        "comments_by_mail": 0
    },
    "019-6894": {
        "url": "/notice/019-6894",
        "title": "20 University Inc.\n      \n         - Certificate of property use",
        "comments_from_registry": 0,
        "comments_by_email": 0,
        "comments_by_mail": 0
    }
}