{
    "011-8896": {
        "url": "/notice/011-8896",
        "title": "Greenwood Construction Ltd.\n      \n         - Issuance of a licence to remove over 20,000 tonnes of aggregate annually from a pit or a quarry",
        "comments_from_registry": 0,
        "comments_by_email": 0,
        "comments_by_mail": 3
    },
    "011-8898": {
        "url": "/notice/011-8898",
        "title": "Greenwood Construction Ltd.\n      \n         - Issuance of a licence to remove over 20,000 tonnes of aggregate annually from a pit or a quarry",
        "comments_from_registry": 0,
        "comments_by_email": 0,
        "comments_by_mail": 3
    },
    "012-9279": {
        "url": "/notice/012-9279",
        "title": "AAROC Aggregates Limited, c/o William L. Bradshaw Survey and Eng. Services\n      \n         - Issuance of a licence to remove over 20,000 tonnes of aggregate annually from a pit or a quarry",
        "comments_from_registry": 0,
        "comments_by_email": 64,
        "comments_by_mail": 0
    },
    "013-1787": {
        "url": "/notice/013-1787",
        "title": "Teeswater Concrete Ltd.\n      \n         - Issuance of a licence to remove over 20,000 tonnes of aggregate annually from a pit or a quarry",
        "comments_from_registry": 0,
        "comments_by_email": 0,
        "comments_by_mail": 0
    },
    "013-0913": {
        "url": "/notice/013-0913",
        "title": "1194233 Ontario Ltd.\n      \n         - Issuance of a licence to remove over 20,000 tonnes of aggregate annually from a pit or a quarry",
        "comments_from_registry": 0,
        "comments_by_email": 0,
        "comments_by_mail": 236
    },
    "012-7790": {
        "url": "/notice/012-7790",
        "title": "Halton Crushed Stone Limited\n      \n         - Issuance of a licence to remove over 20,000 tonnes of aggregate annually from a pit or a quarry",
        "comments_from_registry": 0,
        "comments_by_email": 0,
        "comments_by_mail": 13
    },
    "019-2123": {
        "url": "/notice/019-2123",
        "title": "CORP OF THE TOWN OF DEEP RIVER\n      \n         - Approval for variance from the Liquid Fuels Handling Code",
        "comments_from_registry": 0,
        "comments_by_email": 0,
        "comments_by_mail": 0
    },
    "019-0877": {
        "url": "/notice/019-0877",
        "title": "Optimum Environmental Corp.\n      \n         - Environmental Compliance Approval (waste)",
        "comments_from_registry": 23,
        "comments_by_email": 0,
        "comments_by_mail": 0
    },
    "019-1088": {
        "url": "/notice/019-1088",
        "title": "Tomlinson Environmental Services Ltd.\n      \n         - Environmental Compliance Approval (sewage)",
        "comments_from_registry": 1,
        "comments_by_email": 0,
        "comments_by_mail": 0
    },
    "019-0842": {
        "url": "/notice/019-0842",
        "title": "Sonoco Canada Corporation\n      \n         - Environmental Compliance Approval (air)",
        "comments_from_registry": 0,
        "comments_by_email": 0,
        "comments_by_mail": 0
    },
    "019-1591": {
        "url": "/notice/019-1591",
        "title": "Greenstone Gold Mines GP Incorporated\n      \n         - Mineral exploration permit",
        "comments_from_registry": 0,
        "comments_by_email": 0,
        "comments_by_mail": 0
    },
    "019-1593": {
        "url": "/notice/019-1593",
        "title": "Greenstone Gold Mines GP Incorporated\n      \n         - Mineral exploration permit",
        "comments_from_registry": 0,
        "comments_by_email": 0,
        "comments_by_mail": 0
    },
    "019-1592": {
        "url": "/notice/019-1592",
        "title": "Greenstone Gold Mines GP Incorporated\n      \n         - Mineral exploration permit",
        "comments_from_registry": 0,
        "comments_by_email": 0,
        "comments_by_mail": 0
    },
    "019-1322": {
        "url": "/notice/019-1322",
        "title": "Massilly North America Inc.\n      \n         - Environmental Compliance Approval (air)",
        "comments_from_registry": 0,
        "comments_by_email": 0,
        "comments_by_mail": 0
    },
    "019-0954": {
        "url": "/notice/019-0954",
        "title": "GFL Environmental Inc.\n      \n         - Environmental Compliance Approval (waste)",
        "comments_from_registry": 0,
        "comments_by_email": 0,
        "comments_by_mail": 0
    },
    "019-2110": {
        "url": "/notice/019-2110",
        "title": "Inventus Mining \n      \n         - Mineral exploration permit",
        "comments_from_registry": 0,
        "comments_by_email": 0,
        "comments_by_mail": 0
    },
    "012-8680": {
        "url": "/notice/012-8680",
        "title": "Third party advertising along provincial highways",
        "comments_from_registry": 212,
        "comments_by_email": 2,
        "comments_by_mail": 2
    },
    "019-2026": {
        "url": "/notice/019-2026",
        "title": "Rockridge Resources Limited\n      \n         - Mineral exploration permit",
        "comments_from_registry": 0,
        "comments_by_email": 0,
        "comments_by_mail": 0
    },
    "019-0797": {
        "url": "/notice/019-0797",
        "title": "DAS Development Corporation\n      \n         - Environmental Compliance Approval (sewage)",
        "comments_from_registry": 0,
        "comments_by_email": 0,
        "comments_by_mail": 0
    },
    "019-1501": {
        "url": "/notice/019-1501",
        "title": "Giant Tiger Stores Limited\n      \n         - Environmental Compliance Approval (sewage)",
        "comments_from_registry": 0,
        "comments_by_email": 0,
        "comments_by_mail": 0
    }
}