{
    "019-5508": {
        "url": "/notice/019-5508",
        "title": "ICL Management Inc\n      \n         - Permit to take water",
        "comments_from_registry": 0,
        "comments_by_email": 0,
        "comments_by_mail": 0
    },
    "019-3682": {
        "url": "/notice/019-3682",
        "title": "MacGregor Concrete Products (Beachburg) Limited\n      \n         - Environmental Compliance Approval (waste)",
        "comments_from_registry": 7,
        "comments_by_email": 7,
        "comments_by_mail": 0
    },
    "019-4124": {
        "url": "/notice/019-4124",
        "title": "MacGregor Concrete Products (Beachburg) Limited\n      \n         - Environmental Compliance Approval (waste)",
        "comments_from_registry": 2,
        "comments_by_email": 2,
        "comments_by_mail": 0
    },
    "019-4126": {
        "url": "/notice/019-4126",
        "title": "MacGregor Concrete Products (Beachburg) Limited\n      \n         - Environmental Compliance Approval (waste)",
        "comments_from_registry": 8,
        "comments_by_email": 8,
        "comments_by_mail": 0
    },
    "019-4125": {
        "url": "/notice/019-4125",
        "title": "MacGregor Concrete Products (Beachburg) Limited\n      \n         - Environmental Compliance Approval (waste)",
        "comments_from_registry": 3,
        "comments_by_email": 3,
        "comments_by_mail": 0
    },
    "019-4491": {
        "url": "/notice/019-4491",
        "title": "LTM Land Corp. and Private Landowners\n      \n         - Permit for activities to achieve an overall benefit to a species",
        "comments_from_registry": 1,
        "comments_by_email": 0,
        "comments_by_mail": 0
    },
    "019-5295": {
        "url": "/notice/019-5295",
        "title": "The Ministry of Transportation\n      \n         - Permit for activities to achieve an overall benefit to a species",
        "comments_from_registry": 2,
        "comments_by_email": 0,
        "comments_by_mail": 0
    },
    "019-4481": {
        "url": "/notice/019-4481",
        "title": "CHAR Biocarbon Inc.\n      \n         - Environmental Compliance Approval (air)",
        "comments_from_registry": 0,
        "comments_by_email": 0,
        "comments_by_mail": 0
    },
    "019-5784": {
        "url": "/notice/019-5784",
        "title": "Applicant\n      \n         - Approval for a consent (subject to conditions) in an area where there is no official plan in place",
        "comments_from_registry": 0,
        "comments_by_email": 0,
        "comments_by_mail": 0
    },
    "019-5694": {
        "url": "/notice/019-5694",
        "title": "Wilhelmus Kloes\n      \n         - Approval for a consent (subject to conditions) in an area where there is no official plan in place",
        "comments_from_registry": 0,
        "comments_by_email": 0,
        "comments_by_mail": 0
    },
    "019-4458": {
        "url": "/notice/019-4458",
        "title": "GFL Environmental Inc.\n      \n         - Environmental Compliance Approval (waste)",
        "comments_from_registry": 0,
        "comments_by_email": 0,
        "comments_by_mail": 1
    },
    "019-5229": {
        "url": "/notice/019-5229",
        "title": "Queenston Golf Club Limited\n      \n         - Permit to take water",
        "comments_from_registry": 0,
        "comments_by_email": 2,
        "comments_by_mail": 0
    },
    "019-5567": {
        "url": "/notice/019-5567",
        "title": "First Minerals Exploration\n      \n         - Mineral exploration permit",
        "comments_from_registry": 0,
        "comments_by_email": 0,
        "comments_by_mail": 0
    },
    "019-5879": {
        "url": "/notice/019-5879",
        "title": "Noble Mineral Exploration Incorporated\n      \n         - Mineral exploration permit",
        "comments_from_registry": 0,
        "comments_by_email": 0,
        "comments_by_mail": 0
    },
    "019-5739": {
        "url": "/notice/019-5739",
        "title": "Dandaw Developments Limited\n      \n         - Permit to take water",
        "comments_from_registry": 0,
        "comments_by_email": 0,
        "comments_by_mail": 0
    },
    "019-5740": {
        "url": "/notice/019-5740",
        "title": "Minto (3526 Lakeshore) Inc.\n      \n         - Permit to take water",
        "comments_from_registry": 0,
        "comments_by_email": 0,
        "comments_by_mail": 0
    },
    "019-5561": {
        "url": "/notice/019-5561",
        "title": "Roseson Distributors Inc.\n      \n         - Environmental Compliance Approval (sewage)",
        "comments_from_registry": 0,
        "comments_by_email": 0,
        "comments_by_mail": 0
    },
    "011-7177": {
        "url": "/notice/011-7177",
        "title": "Niagara Escarpment Plan Amendment PS 194 12",
        "comments_from_registry": 0,
        "comments_by_email": 7,
        "comments_by_mail": 0
    },
    "019-5818": {
        "url": "/notice/019-5818",
        "title": "Leona Wall\n      \n         - Approval for a consent (subject to conditions) in an area where there is no official plan in place",
        "comments_from_registry": 0,
        "comments_by_email": 0,
        "comments_by_mail": 0
    },
    "019-5923": {
        "url": "/notice/019-5923",
        "title": "7 ELEVEN INC\n      \n         - Approval for variance from the Liquid Fuels Handling Code",
        "comments_from_registry": 0,
        "comments_by_email": 0,
        "comments_by_mail": 0
    }
}