{
    "019-6797": {
        "url": "/notice/019-6797",
        "title": "T.F. Warren Group Inc. operating as Brant Industrial Roll\n      \n         - Environmental Compliance Approval (air)",
        "comments_from_registry": 0,
        "comments_by_email": 0,
        "comments_by_mail": 0
    },
    "019-7594": {
        "url": "/notice/019-7594",
        "title": "Berczy Elgin Holdings Inc.\n      \n         - Permit to take water",
        "comments_from_registry": 0,
        "comments_by_email": 0,
        "comments_by_mail": 0
    },
    "019-7385": {
        "url": "/notice/019-7385",
        "title": "CRH Canada Group Inc.\n      \n         - Permit to take water",
        "comments_from_registry": 0,
        "comments_by_email": 0,
        "comments_by_mail": 0
    },
    "019-7373": {
        "url": "/notice/019-7373",
        "title": "GIP Properties Corp.\n      \n         - Permit to take water",
        "comments_from_registry": 0,
        "comments_by_email": 0,
        "comments_by_mail": 0
    },
    "019-6998": {
        "url": "/notice/019-6998",
        "title": "Premier Tech Home and Garden Inc.\n      \n         - Environmental Compliance Approval (air)",
        "comments_from_registry": 0,
        "comments_by_email": 0,
        "comments_by_mail": 0
    },
    "019-7645": {
        "url": "/notice/019-7645",
        "title": "Benjamin Williams - Transition Metals Corp\n      \n         - Mineral exploration permit",
        "comments_from_registry": 0,
        "comments_by_email": 0,
        "comments_by_mail": 0
    },
    "019-7716": {
        "url": "/notice/019-7716",
        "title": "Copper Lake Resources\n      \n         - Mineral exploration permit",
        "comments_from_registry": 0,
        "comments_by_email": 0,
        "comments_by_mail": 0
    },
    "019-7710": {
        "url": "/notice/019-7710",
        "title": "Juno Corp\n      \n         - Mineral exploration permit",
        "comments_from_registry": 0,
        "comments_by_email": 0,
        "comments_by_mail": 0
    },
    "019-7691": {
        "url": "/notice/019-7691",
        "title": "First Class Metals Canada Inc\n      \n         - Mineral exploration permit",
        "comments_from_registry": 0,
        "comments_by_email": 0,
        "comments_by_mail": 0
    },
    "019-7692": {
        "url": "/notice/019-7692",
        "title": "First Class Metals Canada Inc\n      \n         - Mineral exploration permit",
        "comments_from_registry": 0,
        "comments_by_email": 0,
        "comments_by_mail": 0
    },
    "019-6847": {
        "url": "/notice/019-6847",
        "title": "Proposed Building Code Act, 1992 Change for Unorganized Territories",
        "comments_from_registry": 6,
        "comments_by_email": 0,
        "comments_by_mail": 0
    },
    "019-6630": {
        "url": "/notice/019-6630",
        "title": "Whispering Springs Inc. \n      \n         - Environmental Compliance Approval (sewage)",
        "comments_from_registry": 0,
        "comments_by_email": 0,
        "comments_by_mail": 0
    },
    "019-6380": {
        "url": "/notice/019-6380",
        "title": "2701884 Ontario Inc.\n      \n         - Environmental Compliance Approval (sewage)",
        "comments_from_registry": 0,
        "comments_by_email": 0,
        "comments_by_mail": 0
    },
    "019-6772": {
        "url": "/notice/019-6772",
        "title": "Private Landowner\n      \n         - Permit for activities to achieve an overall benefit to a species and/or to pay a species conservation charge (ESA s.17(2) (c))",
        "comments_from_registry": 0,
        "comments_by_email": 0,
        "comments_by_mail": 0
    },
    "019-7490": {
        "url": "/notice/019-7490",
        "title": "MP Lundy Construction Inc.\n      \n         - Permit to take water",
        "comments_from_registry": 0,
        "comments_by_email": 1,
        "comments_by_mail": 0
    },
    "019-7343": {
        "url": "/notice/019-7343",
        "title": "Park on County Rd Holding Inc.\n      \n         - Environmental Compliance Approval (sewage)",
        "comments_from_registry": 0,
        "comments_by_email": 0,
        "comments_by_mail": 0
    },
    "019-7368": {
        "url": "/notice/019-7368",
        "title": "A. L. BLAIR CONSTRUCTION LIMITED\n      \n         - Permit to take water",
        "comments_from_registry": 0,
        "comments_by_email": 0,
        "comments_by_mail": 0
    },
    "019-7311": {
        "url": "/notice/019-7311",
        "title": "Notice of Completion: Ontario Place Redevelopment under the Class Environmental Assessment for Public Works",
        "comments_from_registry": 11,
        "comments_by_email": 44,
        "comments_by_mail": 0
    },
    "019-7579": {
        "url": "/notice/019-7579",
        "title": "PC Gold\n      \n         - Mineral exploration permit",
        "comments_from_registry": 0,
        "comments_by_email": 0,
        "comments_by_mail": 0
    },
    "019-6418": {
        "url": "/notice/019-6418",
        "title": "PC Gold Inc.\n      \n         - Mineral exploration permit",
        "comments_from_registry": 0,
        "comments_by_email": 0,
        "comments_by_mail": 0
    }
}