{
    "019-0585": {
        "url": "/notice/019-0585",
        "title": "Beaver Creek Land & Cattle Company Ltd. \n      \n         - Approval for a consent (subject to conditions) in an area where there is no official plan in place",
        "comments_from_registry": 0,
        "comments_by_email": 0,
        "comments_by_mail": 0
    },
    "019-0684": {
        "url": "/notice/019-0684",
        "title": "Proposed Amendments to the Water Taking and Transfer Regulation (Reg.285/99 under the Ontario Water Resources Act) and improvements to the Permit to Take Water program",
        "comments_from_registry": 0,
        "comments_by_email": 0,
        "comments_by_mail": 65
    },
    "019-0752": {
        "url": "/notice/019-0752",
        "title": "Whitefeather Forest Dedicated Protected Areas \u2013 Cheemuhnuhcheecheekuhtaykeehn \u2013 Management Planning",
        "comments_from_registry": 3,
        "comments_by_email": 0,
        "comments_by_mail": 0
    },
    "019-0692": {
        "url": "/notice/019-0692",
        "title": "Waste Diversion Ontario's Scrap Tire Diversion Program Plan",
        "comments_from_registry": 0,
        "comments_by_email": 0,
        "comments_by_mail": 97
    },
    "019-0738": {
        "url": "/notice/019-0738",
        "title": "Lake Superior Provincial Park Management Plan Review",
        "comments_from_registry": 0,
        "comments_by_email": 2,
        "comments_by_mail": 8
    },
    "019-0635": {
        "url": "/notice/019-0635",
        "title": "1) Lake Superior Lakewide Management Plan - Stage 2: Load Reduction Targets",
        "comments_from_registry": 0,
        "comments_by_email": 0,
        "comments_by_mail": 0
    },
    "019-0690": {
        "url": "/notice/019-0690",
        "title": "Consultation and Notification Requirements under the Environmental Protection Act for land application sites for biosolids and other non-agricultural waste",
        "comments_from_registry": 0,
        "comments_by_email": 0,
        "comments_by_mail": 36
    },
    "019-0683": {
        "url": "/notice/019-0683",
        "title": "Proposed rules and restrictions (procedures) under section 11.4(4) of the Environmental Assessment Act",
        "comments_from_registry": 0,
        "comments_by_email": 1,
        "comments_by_mail": 0
    },
    "019-0691": {
        "url": "/notice/019-0691",
        "title": "Used Tire Sites Amendment to Regulation 347 under the Environmental Protection Act",
        "comments_from_registry": 0,
        "comments_by_email": 0,
        "comments_by_mail": 3
    },
    "019-0699": {
        "url": "/notice/019-0699",
        "title": "Ban on the Incineration of Tires",
        "comments_from_registry": 0,
        "comments_by_email": 0,
        "comments_by_mail": 109
    },
    "019-0740": {
        "url": "/notice/019-0740",
        "title": "Bonnechere, Bonnechere River and Foy Property Provincial Parks - Joint Management Planning Process",
        "comments_from_registry": 0,
        "comments_by_email": 0,
        "comments_by_mail": 52
    },
    "019-0653": {
        "url": "/notice/019-0653",
        "title": "Guide for the Beneficial Use of Non-Agricultural Source Materials on Agricultural Land",
        "comments_from_registry": 0,
        "comments_by_email": 0,
        "comments_by_mail": 0
    },
    "019-0709": {
        "url": "/notice/019-0709",
        "title": "Protecting drinking water for small waterworks in Ontario",
        "comments_from_registry": 0,
        "comments_by_email": 0,
        "comments_by_mail": 109
    },
    "019-0734": {
        "url": "/notice/019-0734",
        "title": "Interim Protocol for the Review of Project Proposals that May Affect Aquatic Species at Risk in Ontario 2011",
        "comments_from_registry": 1,
        "comments_by_email": 2,
        "comments_by_mail": 0
    },
    "019-0749": {
        "url": "/notice/019-0749",
        "title": "Sturgeon Bay Provincial Park Management Planning",
        "comments_from_registry": 0,
        "comments_by_email": 3,
        "comments_by_mail": 0
    },
    "019-0747": {
        "url": "/notice/019-0747",
        "title": "Addition to Coral Rapids Wetland Conservation Reserve (C1712) in Cochrane District",
        "comments_from_registry": 0,
        "comments_by_email": 2,
        "comments_by_mail": 1
    },
    "019-0814": {
        "url": "/notice/019-0814",
        "title": "Central Timmins Exploration Corporation\n      \n         - Mineral exploration permit",
        "comments_from_registry": 0,
        "comments_by_email": 0,
        "comments_by_mail": 0
    },
    "019-0815": {
        "url": "/notice/019-0815",
        "title": "Central Timmins Exploration Corp\n      \n         - Mineral exploration permit",
        "comments_from_registry": 0,
        "comments_by_email": 0,
        "comments_by_mail": 0
    },
    "013-4410": {
        "url": "/notice/013-4410",
        "title": "Rayonier A.M. Canada G.P.\n      \n         - Permit to take water",
        "comments_from_registry": 0,
        "comments_by_email": 0,
        "comments_by_mail": 0
    },
    "019-0748": {
        "url": "/notice/019-0748",
        "title": "Steel River Provincial Park Management Plan",
        "comments_from_registry": 2,
        "comments_by_email": 5,
        "comments_by_mail": 1
    }
}