{
    "019-7493": {
        "url": "/notice/019-7493",
        "title": "Daniels Humber River Corporation\n      \n         - Permit to take water",
        "comments_from_registry": 0,
        "comments_by_email": 0,
        "comments_by_mail": 0
    },
    "019-7418": {
        "url": "/notice/019-7418",
        "title": "Lakeview Community Partners Limited     \n      \n         - Certificate of property use",
        "comments_from_registry": 0,
        "comments_by_email": 0,
        "comments_by_mail": 0
    },
    "019-6428": {
        "url": "/notice/019-6428",
        "title": "Prime-Tech Precision Inc.\n      \n         - Environmental Compliance Approval (air)",
        "comments_from_registry": 0,
        "comments_by_email": 0,
        "comments_by_mail": 0
    },
    "019-7449": {
        "url": "/notice/019-7449",
        "title": "Findlay Creek Properties (North) Ltd. and Tartan Homes (North Leitrim) Inc. and Tartan Land (North Leitrim) Inc.\n      \n         - Permit to take water",
        "comments_from_registry": 0,
        "comments_by_email": 0,
        "comments_by_mail": 0
    },
    "019-7642": {
        "url": "/notice/019-7642",
        "title": "South Timmins Mining Inc.\n      \n         - Mineral exploration permit",
        "comments_from_registry": 0,
        "comments_by_email": 0,
        "comments_by_mail": 0
    },
    "019-6278": {
        "url": "/notice/019-6278",
        "title": "Amico Infrastructures Inc.\n      \n         - Environmental Compliance Approval (air)",
        "comments_from_registry": 1,
        "comments_by_email": 0,
        "comments_by_mail": 0
    },
    "019-6015": {
        "url": "/notice/019-6015",
        "title": "All Treat Farms Limited\n      \n         - Environmental Compliance Approval (waste)",
        "comments_from_registry": 0,
        "comments_by_email": 0,
        "comments_by_mail": 0
    },
    "019-7433": {
        "url": "/notice/019-7433",
        "title": "1447128 Ontario Limited operating as Shamrock Septic Service\n      \n         - Environmental Compliance Approval (waste)",
        "comments_from_registry": 0,
        "comments_by_email": 0,
        "comments_by_mail": 0
    },
    "019-6574": {
        "url": "/notice/019-6574",
        "title": "Good's Realty Inc.\n      \n         - Environmental Compliance Approval (sewage)",
        "comments_from_registry": 0,
        "comments_by_email": 1,
        "comments_by_mail": 0
    },
    "019-6632": {
        "url": "/notice/019-6632",
        "title": "STELLANTIS N.V.\n      \n         - Approval for variance from the Liquid Fuels Handling Code",
        "comments_from_registry": 0,
        "comments_by_email": 0,
        "comments_by_mail": 0
    },
    "019-7580": {
        "url": "/notice/019-7580",
        "title": "Laura Ann Kling & Ian Theodore LeClair\n      \n         - Approval for a consent (subject to conditions) in an area where there is no official plan in place",
        "comments_from_registry": 0,
        "comments_by_email": 0,
        "comments_by_mail": 0
    },
    "019-7325": {
        "url": "/notice/019-7325",
        "title": "Laura Ann Kling & Ian Theodore LeClair \n      \n         - Approval for a consent (subject to conditions) in an area where there is no official plan in place",
        "comments_from_registry": 0,
        "comments_by_email": 0,
        "comments_by_mail": 0
    },
    "019-7448": {
        "url": "/notice/019-7448",
        "title": "140 Yorkville Corporation\n      \n         - Permit to take water",
        "comments_from_registry": 0,
        "comments_by_email": 0,
        "comments_by_mail": 0
    },
    "019-5304": {
        "url": "/notice/019-5304",
        "title": "Jungbunzlauer Canada Inc.\n      \n         - Environmental Compliance Approval (air)",
        "comments_from_registry": 0,
        "comments_by_email": 0,
        "comments_by_mail": 0
    },
    "019-7481": {
        "url": "/notice/019-7481",
        "title": "Mount St. Louis Moonstone Ski Resort Ltd.\n      \n         - Permit to take water",
        "comments_from_registry": 0,
        "comments_by_email": 0,
        "comments_by_mail": 0
    },
    "019-7061": {
        "url": "/notice/019-7061",
        "title": "R. W. Tomlinson Limited\n      \n         - Permit to take water",
        "comments_from_registry": 0,
        "comments_by_email": 1,
        "comments_by_mail": 0
    },
    "019-6809": {
        "url": "/notice/019-6809",
        "title": "Waste Management of Canada Corporation\n      \n         - Environmental Compliance Approval (sewage)",
        "comments_from_registry": 0,
        "comments_by_email": 0,
        "comments_by_mail": 0
    },
    "019-6479": {
        "url": "/notice/019-6479",
        "title": "The Sarjeant Company Limited\n      \n         - Environmental Compliance Approval (sewage)",
        "comments_from_registry": 0,
        "comments_by_email": 0,
        "comments_by_mail": 0
    },
    "019-5063": {
        "url": "/notice/019-5063",
        "title": "All Treat Farms Limited\n      \n         - Environmental Compliance Approval (air)",
        "comments_from_registry": 0,
        "comments_by_email": 0,
        "comments_by_mail": 0
    },
    "019-5460": {
        "url": "/notice/019-5460",
        "title": "Noront Resources Limited\n      \n         - Mineral exploration permit",
        "comments_from_registry": 1,
        "comments_by_email": 0,
        "comments_by_mail": 0
    }
}