{
    "019-0121": {
        "url": "/notice/019-0121",
        "title": "Mervin Jones Drilling Ltd\n      \n         - Environmental Compliance Approval (waste)",
        "comments_from_registry": 0,
        "comments_by_email": 0,
        "comments_by_mail": 0
    },
    "019-0996": {
        "url": "/notice/019-0996",
        "title": "MHI Canada Aerospace, Inc.\n      \n         - Environmental Compliance Approval (air)",
        "comments_from_registry": 0,
        "comments_by_email": 0,
        "comments_by_mail": 0
    },
    "019-0092": {
        "url": "/notice/019-0092",
        "title": "Mervin Jones Drilling Limited\n      \n         - Environmental Compliance Approval (waste)",
        "comments_from_registry": 0,
        "comments_by_email": 0,
        "comments_by_mail": 0
    },
    "019-0123": {
        "url": "/notice/019-0123",
        "title": "Mervin Jones Drilling Ltd\n      \n         - Environmental Compliance Approval (waste)",
        "comments_from_registry": 0,
        "comments_by_email": 0,
        "comments_by_mail": 0
    },
    "019-0753": {
        "url": "/notice/019-0753",
        "title": "Alpa Properties Inc.\n      \n         - Environmental Compliance Approval (air)",
        "comments_from_registry": 0,
        "comments_by_email": 0,
        "comments_by_mail": 0
    },
    "019-1017": {
        "url": "/notice/019-1017",
        "title": "Waste Management of Canada Corporation\n      \n         - Environmental Compliance Approval (air)",
        "comments_from_registry": 0,
        "comments_by_email": 0,
        "comments_by_mail": 0
    },
    "013-4117": {
        "url": "/notice/013-4117",
        "title": "The Stool Bus\n      \n         - Environmental Compliance Approval (waste)",
        "comments_from_registry": 0,
        "comments_by_email": 0,
        "comments_by_mail": 0
    },
    "013-0994": {
        "url": "/notice/013-0994",
        "title": "Greenwood Paving Ltd.\n      \n         - Issuance of a licence to remove over 20,000 tonnes of aggregate annually from a pit or a quarry",
        "comments_from_registry": 0,
        "comments_by_email": 2,
        "comments_by_mail": 0
    },
    "019-2524": {
        "url": "/notice/019-2524",
        "title": "Michael Leahy\n      \n         - Mineral exploration permit",
        "comments_from_registry": 0,
        "comments_by_email": 0,
        "comments_by_mail": 0
    },
    "019-0937": {
        "url": "/notice/019-0937",
        "title": "Broadway Metals Inc.\n      \n         - Environmental Compliance Approval (air)",
        "comments_from_registry": 0,
        "comments_by_email": 0,
        "comments_by_mail": 0
    },
    "019-1372": {
        "url": "/notice/019-1372",
        "title": "IMCD Canada Limited\n      \n         - Environmental Compliance Approval (air)",
        "comments_from_registry": 0,
        "comments_by_email": 0,
        "comments_by_mail": 0
    },
    "019-2030": {
        "url": "/notice/019-2030",
        "title": "PGC Investments Inc.\n      \n         - Environmental Compliance Approval (sewage)",
        "comments_from_registry": 0,
        "comments_by_email": 0,
        "comments_by_mail": 0
    },
    "019-1202": {
        "url": "/notice/019-1202",
        "title": "IZA Design & Manufacturing Inc.\n      \n         - Environmental Compliance Approval (air)",
        "comments_from_registry": 2,
        "comments_by_email": 0,
        "comments_by_mail": 0
    },
    "019-2227": {
        "url": "/notice/019-2227",
        "title": "Darling International Canada Inc.\n      \n         - Environmental Compliance Approval (sewage)",
        "comments_from_registry": 1,
        "comments_by_email": 0,
        "comments_by_mail": 0
    },
    "019-2448": {
        "url": "/notice/019-2448",
        "title": "ITECH Precision Group Inc.\n      \n         - Environmental Compliance Approval (sewage)",
        "comments_from_registry": 0,
        "comments_by_email": 0,
        "comments_by_mail": 0
    },
    "019-2132": {
        "url": "/notice/019-2132",
        "title": "2021-2024 Conservation and Demand Management Framework",
        "comments_from_registry": 49,
        "comments_by_email": 16,
        "comments_by_mail": 0
    },
    "019-2476": {
        "url": "/notice/019-2476",
        "title": "11106252 Canada Limited\n      \n         - Mineral exploration permit",
        "comments_from_registry": 0,
        "comments_by_email": 0,
        "comments_by_mail": 0
    },
    "019-1131": {
        "url": "/notice/019-1131",
        "title": "Aki Siltamaki\n      \n         - Mineral exploration permit",
        "comments_from_registry": 0,
        "comments_by_email": 0,
        "comments_by_mail": 0
    },
    "013-4190": {
        "url": "/notice/013-4190",
        "title": "Increasing Housing Supply in Ontario",
        "comments_from_registry": 15,
        "comments_by_email": 308,
        "comments_by_mail": 524
    },
    "019-1503": {
        "url": "/notice/019-1503",
        "title": "Proposal to identify and protect a corridor of land for future electricity infrastructure in the Greater Toronto Area",
        "comments_from_registry": 22,
        "comments_by_email": 2,
        "comments_by_mail": 21
    }
}