{
    "019-2956": {
        "url": "/notice/019-2956",
        "title": "Gravel Ridge Resources\n      \n         - Mineral exploration permit",
        "comments_from_registry": 0,
        "comments_by_email": 0,
        "comments_by_mail": 0
    },
    "019-2955": {
        "url": "/notice/019-2955",
        "title": "Portofino Resources\n      \n         - Mineral exploration permit",
        "comments_from_registry": 0,
        "comments_by_email": 0,
        "comments_by_mail": 0
    },
    "013-0129": {
        "url": "/notice/013-0129",
        "title": "Essar Steel Algoma Inc.\n      \n         - Order to rehabilitate a closure measure",
        "comments_from_registry": 0,
        "comments_by_email": 0,
        "comments_by_mail": 0
    },
    "019-3105": {
        "url": "/notice/019-3105",
        "title": "Ruby Farms Strathroy Limited\n      \n         - Environmental Compliance Approval (air)",
        "comments_from_registry": 0,
        "comments_by_email": 0,
        "comments_by_mail": 0
    },
    "019-2586": {
        "url": "/notice/019-2586",
        "title": "Prodigy Gold Inc.\n      \n         - Environmental Compliance Approval (sewage)",
        "comments_from_registry": 0,
        "comments_by_email": 0,
        "comments_by_mail": 0
    },
    "019-2842": {
        "url": "/notice/019-2842",
        "title": "David Giles\n      \n         - Environmental Compliance Approval (sewage)",
        "comments_from_registry": 0,
        "comments_by_email": 0,
        "comments_by_mail": 0
    },
    "019-0977": {
        "url": "/notice/019-0977",
        "title": "Amending the Sandbanks Provincial Park Management Plan to enable the demolition of two buildings",
        "comments_from_registry": 4,
        "comments_by_email": 5,
        "comments_by_mail": 0
    },
    "019-2880": {
        "url": "/notice/019-2880",
        "title": "LCY Biosciences Inc.\n      \n         - Environmental Compliance Approval (air)",
        "comments_from_registry": 0,
        "comments_by_email": 0,
        "comments_by_mail": 0
    },
    "019-1574": {
        "url": "/notice/019-1574",
        "title": "Robert Noble Septic\n      \n         - Environmental Compliance Approval (waste)",
        "comments_from_registry": 1,
        "comments_by_email": 0,
        "comments_by_mail": 0
    },
    "019-2831": {
        "url": "/notice/019-2831",
        "title": "Huntington IV Limited\n      \n         - Environmental Compliance Approval (sewage)",
        "comments_from_registry": 0,
        "comments_by_email": 0,
        "comments_by_mail": 0
    },
    "019-1293": {
        "url": "/notice/019-1293",
        "title": "Parkridge Lifestyle Communities Inc.\n      \n         - Environmental Compliance Approval (sewage)",
        "comments_from_registry": 0,
        "comments_by_email": 0,
        "comments_by_mail": 0
    },
    "019-0974": {
        "url": "/notice/019-0974",
        "title": "Phoenix Petroleum Ltd.\n      \n         - Environmental Compliance Approval (waste)",
        "comments_from_registry": 0,
        "comments_by_email": 0,
        "comments_by_mail": 1
    },
    "019-1222": {
        "url": "/notice/019-1222",
        "title": "Eugen Craig's Septic Service\n      \n         - Environmental Compliance Approval (waste)",
        "comments_from_registry": 0,
        "comments_by_email": 0,
        "comments_by_mail": 0
    },
    "019-1240": {
        "url": "/notice/019-1240",
        "title": "Oddo Grottoli Industrial Waste Renewal Inc.\n      \n         - Environmental Compliance Approval (waste)",
        "comments_from_registry": 0,
        "comments_by_email": 0,
        "comments_by_mail": 0
    },
    "019-2582": {
        "url": "/notice/019-2582",
        "title": "Pure Gold Mining Inc.\n      \n         - Permit to take water",
        "comments_from_registry": 0,
        "comments_by_email": 0,
        "comments_by_mail": 0
    },
    "019-2908": {
        "url": "/notice/019-2908",
        "title": "Charlieville Developments Limited\n      \n         - Certificate of property use",
        "comments_from_registry": 0,
        "comments_by_email": 0,
        "comments_by_mail": 0
    },
    "019-1070": {
        "url": "/notice/019-1070",
        "title": "Tamlann Investments Limited\n      \n         - Order to prevent discharge of contaminants",
        "comments_from_registry": 0,
        "comments_by_email": 2,
        "comments_by_mail": 0
    },
    "019-2652": {
        "url": "/notice/019-2652",
        "title": "ADM AGRI-INDUSTRIES COMPANY\n      \n         - Permit to take water",
        "comments_from_registry": 0,
        "comments_by_email": 0,
        "comments_by_mail": 0
    },
    "019-2720": {
        "url": "/notice/019-2720",
        "title": "4 Seasons Investments Inc. (Claremont)\n      \n         - Permit to take water",
        "comments_from_registry": 0,
        "comments_by_email": 1,
        "comments_by_mail": 0
    },
    "019-2995": {
        "url": "/notice/019-2995",
        "title": "Michael Boily - EMX Properties\n      \n         - Mineral exploration permit",
        "comments_from_registry": 0,
        "comments_by_email": 0,
        "comments_by_mail": 0
    }
}