{
    "013-4616": {
        "url": "/notice/013-4616",
        "title": "City of Toronto\n      \n         - Certificate of property use",
        "comments_from_registry": 0,
        "comments_by_email": 0,
        "comments_by_mail": 0
    },
    "019-0832": {
        "url": "/notice/019-0832",
        "title": "Richcraft Homes Ltd.\n      \n         - Permit to take water",
        "comments_from_registry": 0,
        "comments_by_email": 0,
        "comments_by_mail": 0
    },
    "019-0925": {
        "url": "/notice/019-0925",
        "title": "Centre de Golf Nation Inc.\n      \n         - Permit to take water",
        "comments_from_registry": 0,
        "comments_by_email": 0,
        "comments_by_mail": 0
    },
    "019-0807": {
        "url": "/notice/019-0807",
        "title": "Glenview Homes (Cedarview) Ltd.\n      \n         - Permit to take water",
        "comments_from_registry": 0,
        "comments_by_email": 0,
        "comments_by_mail": 0
    },
    "013-4642": {
        "url": "/notice/013-4642",
        "title": "G. Tackaberry & Sons Construction Company Limited\n      \n         - Permit to take water",
        "comments_from_registry": 0,
        "comments_by_email": 0,
        "comments_by_mail": 0
    },
    "019-0863": {
        "url": "/notice/019-0863",
        "title": "R. W. Tomlinson Limited\n      \n         - Permit to take water",
        "comments_from_registry": 0,
        "comments_by_email": 0,
        "comments_by_mail": 0
    },
    "019-0976": {
        "url": "/notice/019-0976",
        "title": "Hopital Montford\n      \n         - Permit to take water",
        "comments_from_registry": 0,
        "comments_by_email": 0,
        "comments_by_mail": 0
    },
    "019-0688": {
        "url": "/notice/019-0688",
        "title": "500 Preston Ltd.\n      \n         - Permit to take water",
        "comments_from_registry": 0,
        "comments_by_email": 0,
        "comments_by_mail": 0
    },
    "013-4853": {
        "url": "/notice/013-4853",
        "title": "1823071 Ontario Limited, as general partner for and on behalf of 340 Queen St. Limited\n      \n         - Permit to take water",
        "comments_from_registry": 0,
        "comments_by_email": 0,
        "comments_by_mail": 0
    },
    "019-0744": {
        "url": "/notice/019-0744",
        "title": "Presqu'ile Yacht Club Incorporated\n      \n         - Permit to take water",
        "comments_from_registry": 1,
        "comments_by_email": 0,
        "comments_by_mail": 0
    },
    "019-0053": {
        "url": "/notice/019-0053",
        "title": "Capital Hotel GP Inc. as general partner for and on behalf of Capital Hotel Limited Partnership\n      \n         - Permit to take water",
        "comments_from_registry": 0,
        "comments_by_email": 0,
        "comments_by_mail": 0
    },
    "019-0577": {
        "url": "/notice/019-0577",
        "title": "2325483 Ontario Ltd.\n      \n         - Permit to take water",
        "comments_from_registry": 0,
        "comments_by_email": 0,
        "comments_by_mail": 0
    },
    "013-5240": {
        "url": "/notice/013-5240",
        "title": "Marshall's Bay Regional Incorporated\n      \n         - Permit to take water",
        "comments_from_registry": 0,
        "comments_by_email": 0,
        "comments_by_mail": 0
    },
    "013-5232": {
        "url": "/notice/013-5232",
        "title": "Windmill Dream ON Holdings GP Inc., (Windmill Dream ON Holdings LP) \n      \n         - Permit to take water",
        "comments_from_registry": 0,
        "comments_by_email": 0,
        "comments_by_mail": 0
    },
    "013-5162": {
        "url": "/notice/013-5162",
        "title": "2129786 Ontario Limited\n      \n         - Permit to take water",
        "comments_from_registry": 0,
        "comments_by_email": 0,
        "comments_by_mail": 0
    },
    "013-5237": {
        "url": "/notice/013-5237",
        "title": "Kanata North Landowners Group Inc.\n      \n         - Permit to take water",
        "comments_from_registry": 0,
        "comments_by_email": 0,
        "comments_by_mail": 0
    },
    "019-0574": {
        "url": "/notice/019-0574",
        "title": "Kiley John Pedersen\n      \n         - Permit to take water",
        "comments_from_registry": 0,
        "comments_by_email": 0,
        "comments_by_mail": 0
    },
    "013-5255": {
        "url": "/notice/013-5255",
        "title": "Thomas Cavanagh Construction Limited\n      \n         - Permit to take water",
        "comments_from_registry": 0,
        "comments_by_email": 0,
        "comments_by_mail": 0
    },
    "013-5184": {
        "url": "/notice/013-5184",
        "title": "West Carleton Sand & Gravel Inc.\n      \n         - Permit to take water",
        "comments_from_registry": 0,
        "comments_by_email": 0,
        "comments_by_mail": 0
    },
    "019-0206": {
        "url": "/notice/019-0206",
        "title": "Tamarack (Nepean) Corporation\n      \n         - Permit to take water",
        "comments_from_registry": 0,
        "comments_by_email": 0,
        "comments_by_mail": 0
    }
}