{
    "019-5846": {
        "url": "/notice/019-5846",
        "title": "Northern Superior Resources Incorporated\n      \n         - Mineral exploration permit",
        "comments_from_registry": 0,
        "comments_by_email": 0,
        "comments_by_mail": 0
    },
    "019-5847": {
        "url": "/notice/019-5847",
        "title": "Northern Superior Resources Incorporated\n      \n         - Mineral exploration permit",
        "comments_from_registry": 0,
        "comments_by_email": 0,
        "comments_by_mail": 0
    },
    "019-5180": {
        "url": "/notice/019-5180",
        "title": "William Day Construction Limited\n      \n         - Environmental Compliance Approval (air)",
        "comments_from_registry": 0,
        "comments_by_email": 0,
        "comments_by_mail": 0
    },
    "019-3758": {
        "url": "/notice/019-3758",
        "title": "1827462 Ontario Inc., operating as The Imrie Group\n      \n         - Environmental Compliance Approval (waste)",
        "comments_from_registry": 0,
        "comments_by_email": 0,
        "comments_by_mail": 0
    },
    "019-5731": {
        "url": "/notice/019-5731",
        "title": "Port Credit West Village Partners Inc.\n      \n         - Certificate of property use",
        "comments_from_registry": 1,
        "comments_by_email": 0,
        "comments_by_mail": 0
    },
    "019-4198": {
        "url": "/notice/019-4198",
        "title": "Durez Canada Company, Ltd.\n      \n         - Environmental Compliance Approval (air)",
        "comments_from_registry": 0,
        "comments_by_email": 0,
        "comments_by_mail": 0
    },
    "019-5653": {
        "url": "/notice/019-5653",
        "title": "International Lithium Corp. \n      \n         - Mineral exploration permit",
        "comments_from_registry": 0,
        "comments_by_email": 0,
        "comments_by_mail": 0
    },
    "019-5226": {
        "url": "/notice/019-5226",
        "title": "Hemlo Explorers Inc.\n      \n         - Mineral exploration permit",
        "comments_from_registry": 0,
        "comments_by_email": 0,
        "comments_by_mail": 0
    },
    "019-4720": {
        "url": "/notice/019-4720",
        "title": "RJK Exploration Ltd.\n      \n         - Mineral exploration permit",
        "comments_from_registry": 0,
        "comments_by_email": 0,
        "comments_by_mail": 0
    },
    "019-5447": {
        "url": "/notice/019-5447",
        "title": "Michael and Katherine Byma\n      \n         - Approval for a consent (subject to conditions) in an area where there is no official plan in place",
        "comments_from_registry": 0,
        "comments_by_email": 0,
        "comments_by_mail": 0
    },
    "019-5204": {
        "url": "/notice/019-5204",
        "title": "Goldcorp Canada Ltd.\n      \n         - Environmental Compliance Approval (sewage)",
        "comments_from_registry": 0,
        "comments_by_email": 0,
        "comments_by_mail": 0
    },
    "019-5543": {
        "url": "/notice/019-5543",
        "title": "Queenswell Ltd.\n      \n         - Permit to take water",
        "comments_from_registry": 0,
        "comments_by_email": 0,
        "comments_by_mail": 0
    },
    "019-5615": {
        "url": "/notice/019-5615",
        "title": "Minto (3526 Lakeshore) Inc.\n      \n         - Permit to take water",
        "comments_from_registry": 0,
        "comments_by_email": 0,
        "comments_by_mail": 0
    },
    "019-3805": {
        "url": "/notice/019-3805",
        "title": "Gott Enterprises Inc.\n      \n         - Permit to take water",
        "comments_from_registry": 0,
        "comments_by_email": 0,
        "comments_by_mail": 0
    },
    "019-2784": {
        "url": "/notice/019-2784",
        "title": "LES ATELIERS BEAU-ROC INC.\n      \n         - Environmental Compliance Approval (air)",
        "comments_from_registry": 0,
        "comments_by_email": 0,
        "comments_by_mail": 0
    },
    "019-5652": {
        "url": "/notice/019-5652",
        "title": "Lafarge Canada Inc.\n      \n         - Permit to take water",
        "comments_from_registry": 0,
        "comments_by_email": 0,
        "comments_by_mail": 0
    },
    "019-5027": {
        "url": "/notice/019-5027",
        "title": "Tribute (Simcoe Street) Limited\n      \n         - Environmental Compliance Approval (sewage)",
        "comments_from_registry": 0,
        "comments_by_email": 0,
        "comments_by_mail": 0
    },
    "019-5035": {
        "url": "/notice/019-5035",
        "title": "Gateway Pet Memorial Services Inc.\n      \n         - Environmental Compliance Approval (air)",
        "comments_from_registry": 0,
        "comments_by_email": 0,
        "comments_by_mail": 0
    },
    "019-4140": {
        "url": "/notice/019-4140",
        "title": "City of Hamilton\n      \n         - Permit for activities to achieve an overall benefit to a species",
        "comments_from_registry": 1,
        "comments_by_email": 0,
        "comments_by_mail": 0
    },
    "019-5325": {
        "url": "/notice/019-5325",
        "title": "The Regional Municipality of Durham\n      \n         - Permit for activities to achieve an overall benefit to a species",
        "comments_from_registry": 0,
        "comments_by_email": 0,
        "comments_by_mail": 0
    }
}