{
    "013-4766": {
        "url": "/notice/013-4766",
        "title": "Lafarge Canada Inc.\n      \n         - Environmental Compliance Approval (air)",
        "comments_from_registry": 0,
        "comments_by_email": 0,
        "comments_by_mail": 0
    },
    "013-4654": {
        "url": "/notice/013-4654",
        "title": "Bodycote Heat Treatment Canada, Inc.\n      \n         - Environmental Compliance Approval (air)",
        "comments_from_registry": 0,
        "comments_by_email": 0,
        "comments_by_mail": 0
    },
    "019-0561": {
        "url": "/notice/019-0561",
        "title": "2693757 Ontario Inc.\n      \n         - Environmental Compliance Approval (sewage)",
        "comments_from_registry": 0,
        "comments_by_email": 0,
        "comments_by_mail": 0
    },
    "013-5151": {
        "url": "/notice/013-5151",
        "title": "Staikos Homes (2014) Limited\n      \n         - Environmental Compliance Approval (sewage)",
        "comments_from_registry": 0,
        "comments_by_email": 0,
        "comments_by_mail": 0
    },
    "013-4572": {
        "url": "/notice/013-4572",
        "title": "American Iron & Metal Company Inc.\n      \n         - Environmental Compliance Approval (air)",
        "comments_from_registry": 14,
        "comments_by_email": 0,
        "comments_by_mail": 1
    },
    "019-0154": {
        "url": "/notice/019-0154",
        "title": "Updating our Chronic Wasting Disease Surveillance and Response Plan",
        "comments_from_registry": 12,
        "comments_by_email": 8,
        "comments_by_mail": 0
    },
    "019-0159": {
        "url": "/notice/019-0159",
        "title": "White-tailed Deer Population Objective Setting and Harvest Management Guidelines",
        "comments_from_registry": 27,
        "comments_by_email": 2,
        "comments_by_mail": 0
    },
    "019-0412": {
        "url": "/notice/019-0412",
        "title": "Ian Johnson - Golden Share Resources Corporation\n      \n         - Mineral exploration permit",
        "comments_from_registry": 0,
        "comments_by_email": 0,
        "comments_by_mail": 0
    },
    "019-0410": {
        "url": "/notice/019-0410",
        "title": "Ian Johnson - Golden Share Resources Corporation\n      \n         - Mineral exploration permit",
        "comments_from_registry": 0,
        "comments_by_email": 0,
        "comments_by_mail": 0
    },
    "019-0393": {
        "url": "/notice/019-0393",
        "title": "Ian Johson - Golden Share Resources Corporation\n      \n         - Mineral exploration permit",
        "comments_from_registry": 1,
        "comments_by_email": 0,
        "comments_by_mail": 0
    },
    "019-0395": {
        "url": "/notice/019-0395",
        "title": "Ian Johson - Golden Share Resources Corporation\n      \n         - Mineral exploration permit",
        "comments_from_registry": 0,
        "comments_by_email": 0,
        "comments_by_mail": 0
    },
    "019-0810": {
        "url": "/notice/019-0810",
        "title": "Battery Mineral Resource Limited\n      \n         - Mineral exploration permit",
        "comments_from_registry": 0,
        "comments_by_email": 0,
        "comments_by_mail": 0
    },
    "019-0896": {
        "url": "/notice/019-0896",
        "title": "Brian Wright                                      \n      \n         - Mineral exploration permit",
        "comments_from_registry": 0,
        "comments_by_email": 0,
        "comments_by_mail": 0
    },
    "013-5297": {
        "url": "/notice/013-5297",
        "title": "Eganridge Inn & Country Club Ltd.\n      \n         - Permit to take water",
        "comments_from_registry": 0,
        "comments_by_email": 0,
        "comments_by_mail": 0
    },
    "019-0804": {
        "url": "/notice/019-0804",
        "title": "Brian Polk\n      \n         - Mineral exploration permit",
        "comments_from_registry": 0,
        "comments_by_email": 0,
        "comments_by_mail": 0
    },
    "019-0818": {
        "url": "/notice/019-0818",
        "title": "Transition Metals Corporation\n      \n         - Mineral exploration permit",
        "comments_from_registry": 0,
        "comments_by_email": 0,
        "comments_by_mail": 0
    },
    "019-0819": {
        "url": "/notice/019-0819",
        "title": "Transition Metals Corporation\n      \n         - Mineral exploration permit",
        "comments_from_registry": 0,
        "comments_by_email": 0,
        "comments_by_mail": 0
    },
    "019-0820": {
        "url": "/notice/019-0820",
        "title": "Transition Metals Corporation\n      \n         - Mineral exploration permit",
        "comments_from_registry": 0,
        "comments_by_email": 0,
        "comments_by_mail": 0
    },
    "019-0368": {
        "url": "/notice/019-0368",
        "title": "Regional Municipality of York\n      \n         - Permit for activities to achieve an overall benefit to a species",
        "comments_from_registry": 0,
        "comments_by_email": 0,
        "comments_by_mail": 0
    },
    "019-0155": {
        "url": "/notice/019-0155",
        "title": "Brandon Leroux\n      \n         - Mineral exploration permit",
        "comments_from_registry": 0,
        "comments_by_email": 3,
        "comments_by_mail": 0
    }
}