{
    "019-7019": {
        "url": "/notice/019-7019",
        "title": "548186 Ontario Inc.\n      \n         - Environmental Compliance Approval (sewage)",
        "comments_from_registry": 0,
        "comments_by_email": 0,
        "comments_by_mail": 0
    },
    "019-8404": {
        "url": "/notice/019-8404",
        "title": "162 Queens Quay GP Inc.\n      \n         - Certificate of property use",
        "comments_from_registry": 0,
        "comments_by_email": 0,
        "comments_by_mail": 0
    },
    "019-8011": {
        "url": "/notice/019-8011",
        "title": "GOLDEN AMBRA HIGHRISE INC.\n      \n         - Permit to take water",
        "comments_from_registry": 0,
        "comments_by_email": 0,
        "comments_by_mail": 0
    },
    "019-8405": {
        "url": "/notice/019-8405",
        "title": "162 Queens Quay GP Inc.\n      \n         - Certificate of property use",
        "comments_from_registry": 0,
        "comments_by_email": 0,
        "comments_by_mail": 0
    },
    "019-8435": {
        "url": "/notice/019-8435",
        "title": "Dyno Nobel Canada Inc.\n      \n         - Permit to take water",
        "comments_from_registry": 0,
        "comments_by_email": 0,
        "comments_by_mail": 0
    },
    "019-8360": {
        "url": "/notice/019-8360",
        "title": "2699045 Ontario Inc.\n      \n         - Permit to take water",
        "comments_from_registry": 0,
        "comments_by_email": 0,
        "comments_by_mail": 0
    },
    "019-8738": {
        "url": "/notice/019-8738",
        "title": "Proposed Amendments to the Ontario Heritage Act, Schedule 2 of the Proposed Homeowner Protection Act, 2024",
        "comments_from_registry": 14,
        "comments_by_email": 0,
        "comments_by_mail": 0
    },
    "019-8371": {
        "url": "/notice/019-8371",
        "title": "Changes to the Development Charges Act, 1997 to Enhance Municipalities\u2019 Ability to Invest in Housing-Enabling Infrastructure",
        "comments_from_registry": 39,
        "comments_by_email": 31,
        "comments_by_mail": 0
    },
    "019-8624": {
        "url": "/notice/019-8624",
        "title": "Imagine Lithium Inc.\n      \n         - Mineral exploration permit",
        "comments_from_registry": 0,
        "comments_by_email": 0,
        "comments_by_mail": 0
    },
    "019-7344": {
        "url": "/notice/019-7344",
        "title": "Liquid Environmental Solutions Inc.\n      \n         - Environmental Compliance Approval (sewage)",
        "comments_from_registry": 0,
        "comments_by_email": 0,
        "comments_by_mail": 0
    },
    "019-7896": {
        "url": "/notice/019-7896",
        "title": "Continuous Colour Coat Limited\n      \n         - Environmental Compliance Approval (air)",
        "comments_from_registry": 0,
        "comments_by_email": 0,
        "comments_by_mail": 0
    },
    "019-8113": {
        "url": "/notice/019-8113",
        "title": "Toromont Industries Ltd.\n      \n         - Environmental Compliance Approval (sewage)",
        "comments_from_registry": 0,
        "comments_by_email": 0,
        "comments_by_mail": 0
    },
    "019-8595": {
        "url": "/notice/019-8595",
        "title": "Torr Metals Inc.\n      \n         - Mineral exploration permit",
        "comments_from_registry": 0,
        "comments_by_email": 0,
        "comments_by_mail": 0
    },
    "019-8346": {
        "url": "/notice/019-8346",
        "title": "300 Bloor West JVCNB Inc.\n      \n         - Certificate of property use",
        "comments_from_registry": 0,
        "comments_by_email": 0,
        "comments_by_mail": 0
    },
    "019-8369": {
        "url": "/notice/019-8369",
        "title": "Proposed Planning Act, City of Toronto Act, 2006, and Municipal Act, 2001 Changes (Schedules 4, 9, and 12 of Bill 185 - the proposed Bill 185, Cutting Red Tape to Build More Homes Act, 2024)",
        "comments_from_registry": 205,
        "comments_by_email": 644,
        "comments_by_mail": 3
    },
    "019-7378": {
        "url": "/notice/019-7378",
        "title": "Protecting Black Ash and its habitat under the Endangered Species Act, 2007",
        "comments_from_registry": 29,
        "comments_by_email": 2074,
        "comments_by_mail": 0
    },
    "019-8661": {
        "url": "/notice/019-8661",
        "title": "150 Steeles Milton Inc.\n      \n         - Permit to take water",
        "comments_from_registry": 0,
        "comments_by_email": 0,
        "comments_by_mail": 0
    },
    "019-8376": {
        "url": "/notice/019-8376",
        "title": "Islington Golf Club, Limited\n      \n         - Permit to take water",
        "comments_from_registry": 0,
        "comments_by_email": 0,
        "comments_by_mail": 0
    },
    "019-8046": {
        "url": "/notice/019-8046",
        "title": "Stella-Jones Inc.\n      \n         - Environmental Compliance Approval (sewage)",
        "comments_from_registry": 0,
        "comments_by_email": 0,
        "comments_by_mail": 0
    },
    "019-8337": {
        "url": "/notice/019-8337",
        "title": "A-Gas Canada Inc.\n      \n         - Environmental Compliance Approval (air)",
        "comments_from_registry": 0,
        "comments_by_email": 0,
        "comments_by_mail": 0
    }
}