{
    "019-2375": {
        "url": "/notice/019-2375",
        "title": "Ms. Terry Bursey\n      \n         - Mineral exploration permit",
        "comments_from_registry": 0,
        "comments_by_email": 0,
        "comments_by_mail": 0
    },
    "019-2345": {
        "url": "/notice/019-2345",
        "title": "Winston Whymark\n      \n         - Mineral exploration permit",
        "comments_from_registry": 0,
        "comments_by_email": 0,
        "comments_by_mail": 0
    },
    "019-2354": {
        "url": "/notice/019-2354",
        "title": "Joerg Kleinboeck\n      \n         - Mineral exploration permit",
        "comments_from_registry": 0,
        "comments_by_email": 0,
        "comments_by_mail": 0
    },
    "019-2268": {
        "url": "/notice/019-2268",
        "title": "Robert James Dillman and Jim Renaud\n      \n         - Mineral exploration permit",
        "comments_from_registry": 0,
        "comments_by_email": 0,
        "comments_by_mail": 0
    },
    "019-2310": {
        "url": "/notice/019-2310",
        "title": "Agnico Eagle Mines Limited\n      \n         - Mineral exploration permit",
        "comments_from_registry": 0,
        "comments_by_email": 0,
        "comments_by_mail": 0
    },
    "019-0735": {
        "url": "/notice/019-0735",
        "title": "Pride Diesel Inc.\n      \n         - Environmental Compliance Approval (sewage)",
        "comments_from_registry": 0,
        "comments_by_email": 0,
        "comments_by_mail": 0
    },
    "019-1247": {
        "url": "/notice/019-1247",
        "title": "Hydro One Networks Inc.\n      \n         - Environmental Compliance Approval (sewage)",
        "comments_from_registry": 0,
        "comments_by_email": 0,
        "comments_by_mail": 0
    },
    "019-0841": {
        "url": "/notice/019-0841",
        "title": "2289797 Ontario Inc.\n      \n         - Environmental Compliance Approval (air)",
        "comments_from_registry": 0,
        "comments_by_email": 0,
        "comments_by_mail": 0
    },
    "019-0378": {
        "url": "/notice/019-0378",
        "title": "Wells Foundry Limited\n      \n         - Environmental Compliance Approval (air)",
        "comments_from_registry": 0,
        "comments_by_email": 0,
        "comments_by_mail": 0
    },
    "019-1537": {
        "url": "/notice/019-1537",
        "title": "Darling International Canada Inc.\n      \n         - Environmental Compliance Approval (air)",
        "comments_from_registry": 0,
        "comments_by_email": 0,
        "comments_by_mail": 0
    },
    "019-1943": {
        "url": "/notice/019-1943",
        "title": "Gary M. Mote\n      \n         - Mineral exploration permit",
        "comments_from_registry": 0,
        "comments_by_email": 0,
        "comments_by_mail": 0
    },
    "013-4797": {
        "url": "/notice/013-4797",
        "title": "Georgian Bay Sanitation Inc.\n      \n         - Environmental Compliance Approval (waste)",
        "comments_from_registry": 0,
        "comments_by_email": 0,
        "comments_by_mail": 0
    },
    "019-0792": {
        "url": "/notice/019-0792",
        "title": "734230 Ontario Limited\n      \n         - Environmental Compliance Approval (sewage)",
        "comments_from_registry": 0,
        "comments_by_email": 0,
        "comments_by_mail": 0
    },
    "019-1495": {
        "url": "/notice/019-1495",
        "title": "Lacero Solutions Inc.\n      \n         - Environmental Compliance Approval (multiple media)",
        "comments_from_registry": 0,
        "comments_by_email": 0,
        "comments_by_mail": 0
    },
    "019-2355": {
        "url": "/notice/019-2355",
        "title": "GUY FUELS & PROPANE INC\n      \n         - Approval for variance from the Liquid Fuels Handling Code",
        "comments_from_registry": 0,
        "comments_by_email": 0,
        "comments_by_mail": 0
    },
    "019-2234": {
        "url": "/notice/019-2234",
        "title": "209 Mount Forest Inc.\n      \n         - Environmental Compliance Approval (sewage)",
        "comments_from_registry": 0,
        "comments_by_email": 0,
        "comments_by_mail": 0
    },
    "019-2161": {
        "url": "/notice/019-2161",
        "title": "Albuna Express Ltd.\n      \n         - Environmental Compliance Approval (sewage)",
        "comments_from_registry": 0,
        "comments_by_email": 0,
        "comments_by_mail": 0
    },
    "019-1977": {
        "url": "/notice/019-1977",
        "title": "Kumi Canada Corporation\n      \n         - Environmental Compliance Approval (sewage)",
        "comments_from_registry": 0,
        "comments_by_email": 0,
        "comments_by_mail": 0
    },
    "019-2021": {
        "url": "/notice/019-2021",
        "title": "Panoramic PGMS (Canada) Limited - Allan MacTavish\n      \n         - Mineral exploration permit",
        "comments_from_registry": 0,
        "comments_by_email": 0,
        "comments_by_mail": 0
    },
    "019-2264": {
        "url": "/notice/019-2264",
        "title": "Rudolf Wahl\n      \n         - Mineral exploration permit",
        "comments_from_registry": 0,
        "comments_by_email": 0,
        "comments_by_mail": 0
    }
}