{
    "019-8436": {
        "url": "/notice/019-8436",
        "title": "Brady Norman Germyn operating as Brady Germyn Septic Pumping\n      \n         - Environmental Compliance Approval (waste)",
        "comments_from_registry": 0,
        "comments_by_email": 0,
        "comments_by_mail": 0
    },
    "019-8260": {
        "url": "/notice/019-8260",
        "title": "William Bruce Ham\n      \n         - Environmental Compliance Approval (sewage)",
        "comments_from_registry": 0,
        "comments_by_email": 0,
        "comments_by_mail": 0
    },
    "019-8118": {
        "url": "/notice/019-8118",
        "title": "Lori Lee Loughlean\n      \n         - Environmental Compliance Approval (sewage)",
        "comments_from_registry": 0,
        "comments_by_email": 0,
        "comments_by_mail": 0
    },
    "019-8506": {
        "url": "/notice/019-8506",
        "title": "2629153 ONTARIO INC.\n      \n         - Environmental Compliance Approval (waste)",
        "comments_from_registry": 0,
        "comments_by_email": 0,
        "comments_by_mail": 0
    },
    "019-8698": {
        "url": "/notice/019-8698",
        "title": "Imperial Oil Limited\n      \n         - Environmental Compliance Approval (waste)",
        "comments_from_registry": 0,
        "comments_by_email": 0,
        "comments_by_mail": 0
    },
    "019-7765": {
        "url": "/notice/019-7765",
        "title": "The Severn Lodge Limited\n      \n         - Environmental Compliance Approval (sewage)",
        "comments_from_registry": 0,
        "comments_by_email": 0,
        "comments_by_mail": 0
    },
    "019-5484": {
        "url": "/notice/019-5484",
        "title": "1851477 Ontario Inc. \n      \n         - Issuance of a licence to remove over 20,000 tonnes of aggregate annually from a pit or a quarry",
        "comments_from_registry": 8,
        "comments_by_email": 0,
        "comments_by_mail": 31
    },
    "019-8683": {
        "url": "/notice/019-8683",
        "title": "EV Nickel Inc.\n      \n         - Mineral exploration permit",
        "comments_from_registry": 1,
        "comments_by_email": 0,
        "comments_by_mail": 0
    },
    "019-8303": {
        "url": "/notice/019-8303",
        "title": "Terrapure BR Ltd.\n      \n         - Environmental Compliance Approval (waste)",
        "comments_from_registry": 0,
        "comments_by_email": 0,
        "comments_by_mail": 0
    },
    "019-8520": {
        "url": "/notice/019-8520",
        "title": "Central Sanitation Inc.\n      \n         - Environmental Compliance Approval (waste)",
        "comments_from_registry": 0,
        "comments_by_email": 0,
        "comments_by_mail": 0
    },
    "019-6826": {
        "url": "/notice/019-6826",
        "title": "G. Tackaberry and Sons Construction Company Limited\n      \n         - Changes to the site plan for a pit or quarry",
        "comments_from_registry": 0,
        "comments_by_email": 0,
        "comments_by_mail": 0
    },
    "019-6825": {
        "url": "/notice/019-6825",
        "title": "G. Tackaberry and Sons Construction Company Limited\n      \n         - Changes to the conditions of a licence to operate a pit or quarry",
        "comments_from_registry": 0,
        "comments_by_email": 0,
        "comments_by_mail": 0
    },
    "019-7349": {
        "url": "/notice/019-7349",
        "title": "LAW Consultants Ltd.\n      \n         - Environmental Compliance Approval (air)",
        "comments_from_registry": 0,
        "comments_by_email": 0,
        "comments_by_mail": 0
    },
    "019-6622": {
        "url": "/notice/019-6622",
        "title": "Paul Cadieux, Rajni Gupta, Rice Lake Developments Inc., Rakesh Gupta, Mohit Gupta, Dawson Massey, Donna Avery, Gregory Hayes\n      \n         - Order to prevent discharge of contaminants",
        "comments_from_registry": 0,
        "comments_by_email": 1,
        "comments_by_mail": 0
    },
    "019-6357": {
        "url": "/notice/019-6357",
        "title": "Alamos Gold Inc.\n      \n         - Environmental Compliance Approval (air)",
        "comments_from_registry": 0,
        "comments_by_email": 0,
        "comments_by_mail": 0
    },
    "019-7149": {
        "url": "/notice/019-7149",
        "title": "The Recycling Depot GP Inc. as general partner for and on behalf of The Recycling Depot LP\n      \n         - Environmental Compliance Approval (air)",
        "comments_from_registry": 0,
        "comments_by_email": 0,
        "comments_by_mail": 0
    },
    "019-3181": {
        "url": "/notice/019-3181",
        "title": "GFL Environmental Inc.\n      \n         - Environmental Compliance Approval (air)",
        "comments_from_registry": 1,
        "comments_by_email": 0,
        "comments_by_mail": 0
    },
    "019-8219": {
        "url": "/notice/019-8219",
        "title": "Greenwood Construction Company Limited\n      \n         - Permit to take water",
        "comments_from_registry": 0,
        "comments_by_email": 0,
        "comments_by_mail": 0
    },
    "019-7172": {
        "url": "/notice/019-7172",
        "title": "Erie Sand & Gravel Limited \n      \n         - Changes to the site plan for a pit or quarry",
        "comments_from_registry": 0,
        "comments_by_email": 1,
        "comments_by_mail": 0
    },
    "019-8354": {
        "url": "/notice/019-8354",
        "title": "Minaki on the River Inc. - Ron Davies\n      \n         - Approval for a consent (subject to conditions) in an area where there is no official plan in place",
        "comments_from_registry": 0,
        "comments_by_email": 1,
        "comments_by_mail": 0
    }
}