{
    "019-8225": {
        "url": "/notice/019-8225",
        "title": "Parrish & Heimbecker, Limited\n      \n         - Permit to take water",
        "comments_from_registry": 0,
        "comments_by_email": 0,
        "comments_by_mail": 0
    },
    "019-8339": {
        "url": "/notice/019-8339",
        "title": "Beyond Minerals Inc\n      \n         - Mineral exploration permit",
        "comments_from_registry": 1,
        "comments_by_email": 0,
        "comments_by_mail": 0
    },
    "019-8549": {
        "url": "/notice/019-8549",
        "title": "Compton Mining Corp.\n      \n         - Mineral exploration permit",
        "comments_from_registry": 0,
        "comments_by_email": 0,
        "comments_by_mail": 0
    },
    "019-8550": {
        "url": "/notice/019-8550",
        "title": "Frontline Gold Corporation\n      \n         - Mineral exploration permit",
        "comments_from_registry": 0,
        "comments_by_email": 0,
        "comments_by_mail": 0
    },
    "019-8548": {
        "url": "/notice/019-8548",
        "title": "Compton Mining Corp.\n      \n         - Mineral exploration permit",
        "comments_from_registry": 0,
        "comments_by_email": 0,
        "comments_by_mail": 0
    },
    "019-8530": {
        "url": "/notice/019-8530",
        "title": "Compton Mining Corp.\n      \n         - Mineral exploration permit",
        "comments_from_registry": 0,
        "comments_by_email": 0,
        "comments_by_mail": 0
    },
    "019-6995": {
        "url": "/notice/019-6995",
        "title": "Lavis Contracting Co. Limited\n      \n         - Environmental Compliance Approval (air)",
        "comments_from_registry": 0,
        "comments_by_email": 0,
        "comments_by_mail": 0
    },
    "019-5557": {
        "url": "/notice/019-5557",
        "title": "1700248 Ontario Inc. \n      \n         - Environmental Compliance Approval (air)",
        "comments_from_registry": 0,
        "comments_by_email": 0,
        "comments_by_mail": 0
    },
    "019-8564": {
        "url": "/notice/019-8564",
        "title": "South Timmins Mining Inc.\n      \n         - Mineral exploration permit",
        "comments_from_registry": 0,
        "comments_by_email": 0,
        "comments_by_mail": 0
    },
    "019-8551": {
        "url": "/notice/019-8551",
        "title": "Byron Holbik\n      \n         - Mineral exploration permit",
        "comments_from_registry": 0,
        "comments_by_email": 0,
        "comments_by_mail": 0
    },
    "019-8473": {
        "url": "/notice/019-8473",
        "title": "Imagine Lithium Incorporated \n      \n         - Mineral exploration permit",
        "comments_from_registry": 0,
        "comments_by_email": 0,
        "comments_by_mail": 0
    },
    "019-8442": {
        "url": "/notice/019-8442",
        "title": "Metalcorp Limited\n      \n         - Mineral exploration permit",
        "comments_from_registry": 0,
        "comments_by_email": 0,
        "comments_by_mail": 0
    },
    "019-5594": {
        "url": "/notice/019-5594",
        "title": "St. Marys Cement Inc. (Canada) \n      \n         - Issuance of a licence to remove over 20,000 tonnes of aggregate annually from a pit or a quarry",
        "comments_from_registry": 10,
        "comments_by_email": 0,
        "comments_by_mail": 0
    },
    "019-8056": {
        "url": "/notice/019-8056",
        "title": "North Tec Ventures Incorporated\n      \n         - Environmental Compliance Approval (sewage)",
        "comments_from_registry": 0,
        "comments_by_email": 0,
        "comments_by_mail": 0
    },
    "019-7652": {
        "url": "/notice/019-7652",
        "title": "Magna International Inc., operating as Karmax Heavy Stamping\n      \n         - Environmental Compliance Approval (sewage)",
        "comments_from_registry": 0,
        "comments_by_email": 0,
        "comments_by_mail": 0
    },
    "019-8087": {
        "url": "/notice/019-8087",
        "title": "Algoma Ferrous Industries Inc. \n      \n         - Order to file a certified closure plan to rehabilitate a mine hazard",
        "comments_from_registry": 0,
        "comments_by_email": 1,
        "comments_by_mail": 0
    },
    "019-7288": {
        "url": "/notice/019-7288",
        "title": "Brazeau Sanitation Inc.\n      \n         - Environmental Compliance Approval (waste)",
        "comments_from_registry": 0,
        "comments_by_email": 1,
        "comments_by_mail": 0
    },
    "019-8348": {
        "url": "/notice/019-8348",
        "title": "GFL Environmental Inc.\n      \n         - Environmental Compliance Approval (waste)",
        "comments_from_registry": 0,
        "comments_by_email": 0,
        "comments_by_mail": 0
    },
    "019-8579": {
        "url": "/notice/019-8579",
        "title": "LOBLAW COMPANIES LIMITED\n      \n         - Approval for variance from the Liquid Fuels Handling Code",
        "comments_from_registry": 0,
        "comments_by_email": 0,
        "comments_by_mail": 0
    },
    "019-4255": {
        "url": "/notice/019-4255",
        "title": "Walter Hanych\n      \n         - Mineral exploration permit",
        "comments_from_registry": 0,
        "comments_by_email": 0,
        "comments_by_mail": 0
    }
}