{
    "013-4045": {
        "url": "/notice/013-4045",
        "title": "R. W. Tomlinson Limited\n      \n         - Environmental Compliance Approval (air)",
        "comments_from_registry": 0,
        "comments_by_email": 0,
        "comments_by_mail": 0
    },
    "019-0457": {
        "url": "/notice/019-0457",
        "title": "GFG Resources Inc.\n      \n         - Mineral exploration permit",
        "comments_from_registry": 0,
        "comments_by_email": 0,
        "comments_by_mail": 0
    },
    "019-0293": {
        "url": "/notice/019-0293",
        "title": "Robert & Michele Drew\n      \n         - Approval for a consent (subject to conditions) in an area where there is no official plan in place",
        "comments_from_registry": 0,
        "comments_by_email": 0,
        "comments_by_mail": 0
    },
    "013-2481": {
        "url": "/notice/013-2481",
        "title": "Eden Oak (McNabb) Incorporated\n      \n         - Permit to take water",
        "comments_from_registry": 0,
        "comments_by_email": 0,
        "comments_by_mail": 0
    },
    "013-5125": {
        "url": "/notice/013-5125",
        "title": "ShawCor Ltd.\n      \n         - Environmental Compliance Approval (sewage)",
        "comments_from_registry": 0,
        "comments_by_email": 0,
        "comments_by_mail": 0
    },
    "019-0429": {
        "url": "/notice/019-0429",
        "title": "Brian Beyer\n      \n         - Mineral exploration permit",
        "comments_from_registry": 0,
        "comments_by_email": 0,
        "comments_by_mail": 0
    },
    "019-0477": {
        "url": "/notice/019-0477",
        "title": "Meteoric Resources Sub Inc. \n      \n         - Mineral exploration permit",
        "comments_from_registry": 0,
        "comments_by_email": 0,
        "comments_by_mail": 0
    },
    "019-0478": {
        "url": "/notice/019-0478",
        "title": "The Claim Group Inc.\n      \n         - Mineral exploration permit",
        "comments_from_registry": 0,
        "comments_by_email": 0,
        "comments_by_mail": 0
    },
    "013-5273": {
        "url": "/notice/013-5273",
        "title": "Dell Babcock\n      \n         - Environmental Compliance Approval (sewage)",
        "comments_from_registry": 0,
        "comments_by_email": 0,
        "comments_by_mail": 0
    },
    "019-0424": {
        "url": "/notice/019-0424",
        "title": "VR Resources Limited\n      \n         - Mineral exploration permit",
        "comments_from_registry": 0,
        "comments_by_email": 0,
        "comments_by_mail": 0
    },
    "013-5274": {
        "url": "/notice/013-5274",
        "title": "Shell Canada Limited/Shell Canada Limitee\n      \n         - Environmental Compliance Approval (sewage)",
        "comments_from_registry": 0,
        "comments_by_email": 0,
        "comments_by_mail": 0
    },
    "019-0309": {
        "url": "/notice/019-0309",
        "title": "Robert Bruce Cressman\n      \n         - Environmental Compliance Approval (sewage)",
        "comments_from_registry": 0,
        "comments_by_email": 0,
        "comments_by_mail": 0
    },
    "019-0242": {
        "url": "/notice/019-0242",
        "title": "Vale Canada Limited/Vale Canada Limit\u00e9e\n      \n         - Permit to take water",
        "comments_from_registry": 0,
        "comments_by_email": 0,
        "comments_by_mail": 0
    },
    "013-5303": {
        "url": "/notice/013-5303",
        "title": "LCB Holdings Inc.\n      \n         - Environmental Compliance Approval (air)",
        "comments_from_registry": 0,
        "comments_by_email": 0,
        "comments_by_mail": 0
    },
    "013-5298": {
        "url": "/notice/013-5298",
        "title": "The Chemours Canada Company\n      \n         - Environmental Compliance Approval (air)",
        "comments_from_registry": 0,
        "comments_by_email": 0,
        "comments_by_mail": 0
    },
    "013-4542": {
        "url": "/notice/013-4542",
        "title": "962257 Ontario Inc. operating as Darlington Steel\n      \n         - Environmental Compliance Approval (air)",
        "comments_from_registry": 0,
        "comments_by_email": 0,
        "comments_by_mail": 0
    },
    "013-4543": {
        "url": "/notice/013-4543",
        "title": "Orangeville Golf and Country Club Limited\n      \n         - Permit to take water",
        "comments_from_registry": 0,
        "comments_by_email": 0,
        "comments_by_mail": 0
    },
    "013-4510": {
        "url": "/notice/013-4510",
        "title": "Coon Bros. Sand & Gravel (1988) Limited\n      \n         - Permit to take water",
        "comments_from_registry": 0,
        "comments_by_email": 0,
        "comments_by_mail": 0
    },
    "012-9791": {
        "url": "/notice/012-9791",
        "title": "Strategic policy for bait management in Ontario",
        "comments_from_registry": 280,
        "comments_by_email": 0,
        "comments_by_mail": 15
    },
    "019-0420": {
        "url": "/notice/019-0420",
        "title": "Kevin Cool\n      \n         - Mineral exploration permit",
        "comments_from_registry": 0,
        "comments_by_email": 0,
        "comments_by_mail": 0
    }
}