{
    "019-5678": {
        "url": "/notice/019-5678",
        "title": "Howmet Canada Company/Compagnie Howmet Canada, operating as Howmet Georgetown Casting\n      \n         - Environmental Compliance Approval (air)",
        "comments_from_registry": 0,
        "comments_by_email": 0,
        "comments_by_mail": 0
    },
    "019-7314": {
        "url": "/notice/019-7314",
        "title": "Rio Tinto Exploration Canada Inc.  \n      \n         - Mineral exploration permit",
        "comments_from_registry": 0,
        "comments_by_email": 0,
        "comments_by_mail": 0
    },
    "019-7185": {
        "url": "/notice/019-7185",
        "title": "Ombabika Group Inc.\n      \n         - Mineral exploration permit",
        "comments_from_registry": 0,
        "comments_by_email": 0,
        "comments_by_mail": 0
    },
    "019-7275": {
        "url": "/notice/019-7275",
        "title": "Delta Resources Limited\n      \n         - Mineral exploration permit",
        "comments_from_registry": 0,
        "comments_by_email": 0,
        "comments_by_mail": 0
    },
    "019-7290": {
        "url": "/notice/019-7290",
        "title": "CRH Canada Group Inc.\n      \n         - Permit to take water",
        "comments_from_registry": 0,
        "comments_by_email": 0,
        "comments_by_mail": 0
    },
    "019-6964": {
        "url": "/notice/019-6964",
        "title": "Gold Canyon Resources Inc.\n      \n         - Environmental Compliance Approval (sewage)",
        "comments_from_registry": 0,
        "comments_by_email": 0,
        "comments_by_mail": 0
    },
    "019-5858": {
        "url": "/notice/019-5858",
        "title": "EllisDon Corporation\n      \n         - Environmental Compliance Approval (sewage)",
        "comments_from_registry": 0,
        "comments_by_email": 0,
        "comments_by_mail": 0
    },
    "019-7176": {
        "url": "/notice/019-7176",
        "title": "Gestion Immobiliere MRGB Inc.\n      \n         - Environmental Compliance Approval (sewage)",
        "comments_from_registry": 0,
        "comments_by_email": 0,
        "comments_by_mail": 0
    },
    "019-4228": {
        "url": "/notice/019-4228",
        "title": "Olybro Inc., as general partner for and on behalf of Olymel S.E.C./Olymel L.P.\n      \n         - Environmental Compliance Approval (air)",
        "comments_from_registry": 0,
        "comments_by_email": 0,
        "comments_by_mail": 0
    },
    "019-4940": {
        "url": "/notice/019-4940",
        "title": "Handy Bros. Home Comfort Inc.\n      \n         - Environmental Compliance Approval (sewage)",
        "comments_from_registry": 0,
        "comments_by_email": 0,
        "comments_by_mail": 0
    },
    "019-6708": {
        "url": "/notice/019-6708",
        "title": "Dwayne Andrew Wilson operating as The Stool Bus\n      \n         - Environmental Compliance Approval (waste)",
        "comments_from_registry": 206,
        "comments_by_email": 4,
        "comments_by_mail": 3
    },
    "019-6098": {
        "url": "/notice/019-6098",
        "title": "John Bairos Holdings Inc.\n      \n         - Environmental Compliance Approval (sewage)",
        "comments_from_registry": 0,
        "comments_by_email": 0,
        "comments_by_mail": 0
    },
    "019-7079": {
        "url": "/notice/019-7079",
        "title": "Andrew Thomas Hamelin\n      \n         - Environmental Compliance Approval (sewage)",
        "comments_from_registry": 0,
        "comments_by_email": 0,
        "comments_by_mail": 0
    },
    "019-7310": {
        "url": "/notice/019-7310",
        "title": "C. Jason Ploeger - TIGER GOLD EXPLORATION CORPORATION\n      \n         - Mineral exploration permit",
        "comments_from_registry": 0,
        "comments_by_email": 0,
        "comments_by_mail": 0
    },
    "019-7133": {
        "url": "/notice/019-7133",
        "title": "Bethel Sand & Gravel Inc. \n      \n         - Changes to the site plan for a pit or quarry",
        "comments_from_registry": 0,
        "comments_by_email": 2,
        "comments_by_mail": 0
    },
    "019-7193": {
        "url": "/notice/019-7193",
        "title": "D. T. Enterprise Farms Ltd.\n      \n         - Environmental Compliance Approval (sewage)",
        "comments_from_registry": 0,
        "comments_by_email": 0,
        "comments_by_mail": 0
    },
    "019-6025": {
        "url": "/notice/019-6025",
        "title": "Linamar Holdings Inc. operating as Roctel Manufacturing\n      \n         - Environmental Compliance Approval (air)",
        "comments_from_registry": 0,
        "comments_by_email": 0,
        "comments_by_mail": 0
    },
    "019-6714": {
        "url": "/notice/019-6714",
        "title": "Copper Creek GP Inc., for and on behalf of Copper Creek Limited Partnership\n      \n         - Permit to take water",
        "comments_from_registry": 0,
        "comments_by_email": 0,
        "comments_by_mail": 0
    },
    "019-6850": {
        "url": "/notice/019-6850",
        "title": "Robert Paul Sherk\n      \n         - Permit to take water",
        "comments_from_registry": 0,
        "comments_by_email": 0,
        "comments_by_mail": 0
    },
    "019-7078": {
        "url": "/notice/019-7078",
        "title": "Lisa Frances De Souza\n      \n         - Environmental Compliance Approval (sewage)",
        "comments_from_registry": 0,
        "comments_by_email": 0,
        "comments_by_mail": 0
    }
}