{
    "019-8784": {
        "url": "/notice/019-8784",
        "title": "Thunder Gold Corporation\n      \n         - Mineral exploration permit",
        "comments_from_registry": 0,
        "comments_by_email": 0,
        "comments_by_mail": 0
    },
    "019-8512": {
        "url": "/notice/019-8512",
        "title": "Ontario Regulation 304/24 \u2013 Zoning Order in the City of Barrie",
        "comments_from_registry": 1,
        "comments_by_email": 0,
        "comments_by_mail": 0
    },
    "019-8554": {
        "url": "/notice/019-8554",
        "title": "Carrying Place Golf and Country Club\n      \n         - Permit to take water",
        "comments_from_registry": 0,
        "comments_by_email": 0,
        "comments_by_mail": 0
    },
    "019-8602": {
        "url": "/notice/019-8602",
        "title": "Tribute (King Street) Limited\n      \n         - Permit to take water",
        "comments_from_registry": 0,
        "comments_by_email": 0,
        "comments_by_mail": 0
    },
    "019-8547": {
        "url": "/notice/019-8547",
        "title": "Camp Tamarack Ltd.\n      \n         - Permit to take water",
        "comments_from_registry": 0,
        "comments_by_email": 0,
        "comments_by_mail": 0
    },
    "019-7919": {
        "url": "/notice/019-7919",
        "title": "HAMMER RIG RENTALS (CANADA) INC. and UNDER CITY ENERGY INC.\n      \n         - Environmental Compliance Approval (air)",
        "comments_from_registry": 0,
        "comments_by_email": 0,
        "comments_by_mail": 0
    },
    "019-7793": {
        "url": "/notice/019-7793",
        "title": "2068929 Ontario Inc.\n      \n         - Environmental Compliance Approval (air)",
        "comments_from_registry": 0,
        "comments_by_email": 0,
        "comments_by_mail": 0
    },
    "019-6347": {
        "url": "/notice/019-6347",
        "title": "Erie Sand and Gravel Limited\n      \n         - Issuance of a licence to remove over 20,000 tonnes of aggregate annually from a pit or a quarry",
        "comments_from_registry": 0,
        "comments_by_email": 3,
        "comments_by_mail": 0
    },
    "019-7693": {
        "url": "/notice/019-7693",
        "title": "Andrea Derungs\n      \n         - Approval for a consent (subject to conditions) in an area where there is no official plan in place",
        "comments_from_registry": 0,
        "comments_by_email": 0,
        "comments_by_mail": 0
    },
    "019-8780": {
        "url": "/notice/019-8780",
        "title": "Apollo Exploration Inc\n      \n         - Mineral exploration permit",
        "comments_from_registry": 0,
        "comments_by_email": 0,
        "comments_by_mail": 0
    },
    "019-7690": {
        "url": "/notice/019-7690",
        "title": "Andrea Derungs\n      \n         - Approval for a consent (subject to conditions) in an area where there is no official plan in place",
        "comments_from_registry": 0,
        "comments_by_email": 0,
        "comments_by_mail": 0
    },
    "019-8408": {
        "url": "/notice/019-8408",
        "title": "Waterford Sand & Gravel Limited\n      \n         - Permit to take water",
        "comments_from_registry": 0,
        "comments_by_email": 0,
        "comments_by_mail": 0
    },
    "019-7261": {
        "url": "/notice/019-7261",
        "title": "Sara and Evan Michaud\n      \n         - Approval for a consent (subject to conditions) in an area where there is no official plan in place",
        "comments_from_registry": 0,
        "comments_by_email": 2,
        "comments_by_mail": 0
    },
    "019-7260": {
        "url": "/notice/019-7260",
        "title": "Sara and Evan Michaud\n      \n         - Approval for a consent (subject to conditions) in an area where there is no official plan in place",
        "comments_from_registry": 0,
        "comments_by_email": 2,
        "comments_by_mail": 0
    },
    "019-6932": {
        "url": "/notice/019-6932",
        "title": "2758145 Ontario Ltd.\n      \n         - Mineral exploration permit",
        "comments_from_registry": 1,
        "comments_by_email": 0,
        "comments_by_mail": 0
    },
    "019-8838": {
        "url": "/notice/019-8838",
        "title": "Gatling Exploration Inc.\n      \n         - Mineral exploration permit",
        "comments_from_registry": 0,
        "comments_by_email": 0,
        "comments_by_mail": 0
    },
    "019-8829": {
        "url": "/notice/019-8829",
        "title": "Noble Mineral Exploration Inc. \n      \n         - Mineral exploration permit",
        "comments_from_registry": 0,
        "comments_by_email": 0,
        "comments_by_mail": 0
    },
    "019-8254": {
        "url": "/notice/019-8254",
        "title": "Opta Waterdown Inc.\n      \n         - Environmental Compliance Approval (air)",
        "comments_from_registry": 0,
        "comments_by_email": 0,
        "comments_by_mail": 0
    },
    "019-8584": {
        "url": "/notice/019-8584",
        "title": "Barcovan Golf Club Limited\n      \n         - Permit to take water",
        "comments_from_registry": 0,
        "comments_by_email": 0,
        "comments_by_mail": 0
    },
    "019-4396": {
        "url": "/notice/019-4396",
        "title": "Niagara Escarpment Commission \n      \n         - Approval of an amendment to the Niagara Escarpment Plan",
        "comments_from_registry": 1,
        "comments_by_email": 3,
        "comments_by_mail": 0
    }
}