{
    "013-1042": {
        "url": "/notice/013-1042",
        "title": "Stericycle, Unlimited Liability Corporation\n      \n         - Environmental Compliance Approval (air)",
        "comments_from_registry": 0,
        "comments_by_email": 0,
        "comments_by_mail": 0
    },
    "013-1025": {
        "url": "/notice/013-1025",
        "title": "Team Reclamation Incorporated\n      \n         - Environmental Compliance Approval (air)",
        "comments_from_registry": 0,
        "comments_by_email": 0,
        "comments_by_mail": 0
    },
    "013-1161": {
        "url": "/notice/013-1161",
        "title": "Perry and Catherine Barnhart\n      \n         - Environmental Compliance Approval (sewage)",
        "comments_from_registry": 0,
        "comments_by_email": 0,
        "comments_by_mail": 0
    },
    "013-1465": {
        "url": "/notice/013-1465",
        "title": "Flying Colours Corporation\n      \n         - Environmental Compliance Approval (air)",
        "comments_from_registry": 0,
        "comments_by_email": 0,
        "comments_by_mail": 0
    },
    "013-5077": {
        "url": "/notice/013-5077",
        "title": "Diamond in the Ruff Enterprises Inc. (Diamond 'in the Ruff' Golf Club) \n      \n         - Permit to take water",
        "comments_from_registry": 0,
        "comments_by_email": 0,
        "comments_by_mail": 0
    },
    "013-5061": {
        "url": "/notice/013-5061",
        "title": "Centre City Capital Limited \n      \n         - Permit to take water",
        "comments_from_registry": 0,
        "comments_by_email": 0,
        "comments_by_mail": 0
    },
    "013-5083": {
        "url": "/notice/013-5083",
        "title": "Credit Valley Golf and Country Club Limited\n      \n         - Permit to take water",
        "comments_from_registry": 0,
        "comments_by_email": 0,
        "comments_by_mail": 0
    },
    "013-5172": {
        "url": "/notice/013-5172",
        "title": "Enbridge Gas Incorporated\n      \n         - Permit to take water",
        "comments_from_registry": 0,
        "comments_by_email": 0,
        "comments_by_mail": 0
    },
    "013-5094": {
        "url": "/notice/013-5094",
        "title": "RHGC Management Ltd. (Richmond Hill Golf Club)\n      \n         - Permit to take water",
        "comments_from_registry": 0,
        "comments_by_email": 0,
        "comments_by_mail": 0
    },
    "013-5100": {
        "url": "/notice/013-5100",
        "title": "Clevelands house GP Inc., as general partner for & on behalf of Clevelands House Limited Partnership\n      \n         - Permit to take water",
        "comments_from_registry": 0,
        "comments_by_email": 0,
        "comments_by_mail": 0
    },
    "013-5223": {
        "url": "/notice/013-5223",
        "title": "Wellings of Whitby Incorporated\n      \n         - Permit to take water",
        "comments_from_registry": 0,
        "comments_by_email": 0,
        "comments_by_mail": 0
    },
    "013-5087": {
        "url": "/notice/013-5087",
        "title": "Metro Ontario Inc.\n      \n         - Permit to take water",
        "comments_from_registry": 0,
        "comments_by_email": 0,
        "comments_by_mail": 0
    },
    "013-5036": {
        "url": "/notice/013-5036",
        "title": "Tarandowah Golfers Club\n      \n         - Permit to take water",
        "comments_from_registry": 0,
        "comments_by_email": 0,
        "comments_by_mail": 0
    },
    "013-1467": {
        "url": "/notice/013-1467",
        "title": "Aden Brubacher\n      \n         - Environmental Compliance Approval (air)",
        "comments_from_registry": 0,
        "comments_by_email": 0,
        "comments_by_mail": 0
    },
    "013-1555": {
        "url": "/notice/013-1555",
        "title": "1152878 Ontario Incorporated\n      \n         - Environmental Compliance Approval (sewage)",
        "comments_from_registry": 0,
        "comments_by_email": 0,
        "comments_by_mail": 0
    },
    "013-1585": {
        "url": "/notice/013-1585",
        "title": "1544584 Ontario Limited\n      \n         - Environmental Compliance Approval (air)",
        "comments_from_registry": 0,
        "comments_by_email": 0,
        "comments_by_mail": 0
    },
    "013-1666": {
        "url": "/notice/013-1666",
        "title": "Massilly North America Incorporated\n      \n         - Environmental Compliance Approval (air)",
        "comments_from_registry": 0,
        "comments_by_email": 0,
        "comments_by_mail": 0
    },
    "013-1679": {
        "url": "/notice/013-1679",
        "title": "Magna Structural Systems Incorporated operating as Promatek Research Centre\n      \n         - Environmental Compliance Approval (air)",
        "comments_from_registry": 0,
        "comments_by_email": 0,
        "comments_by_mail": 0
    },
    "013-1833": {
        "url": "/notice/013-1833",
        "title": "Ontario Flightcraft Limited\n      \n         - Environmental Compliance Approval (air)",
        "comments_from_registry": 0,
        "comments_by_email": 0,
        "comments_by_mail": 0
    },
    "013-2063": {
        "url": "/notice/013-2063",
        "title": "Ground Force Environmental Incorporated\n      \n         - Environmental Compliance Approval (air)",
        "comments_from_registry": 0,
        "comments_by_email": 0,
        "comments_by_mail": 0
    }
}