{
    "019-1224": {
        "url": "/notice/019-1224",
        "title": "5200 Yonge G.P. Inc. and 5200 Yonge Limited Partnership\n      \n         - Certificate of property use",
        "comments_from_registry": 0,
        "comments_by_email": 0,
        "comments_by_mail": 0
    },
    "019-1276": {
        "url": "/notice/019-1276",
        "title": "Equinix Canada Ltd. c/o Equinix Inc. \n      \n         - Certificate of property use",
        "comments_from_registry": 0,
        "comments_by_email": 0,
        "comments_by_mail": 0
    },
    "019-1535": {
        "url": "/notice/019-1535",
        "title": "Clearview Heights Holdings Limited\n      \n         - Certificate of property use",
        "comments_from_registry": 0,
        "comments_by_email": 0,
        "comments_by_mail": 0
    },
    "019-1243": {
        "url": "/notice/019-1243",
        "title": "Muskoka Rock Company Ltd.\n      \n         - Environmental Compliance Approval (sewage)",
        "comments_from_registry": 0,
        "comments_by_email": 0,
        "comments_by_mail": 0
    },
    "019-0357": {
        "url": "/notice/019-0357",
        "title": "Northern Industrial Services Group Inc. \n      \n         - Environmental Compliance Approval (waste)",
        "comments_from_registry": 0,
        "comments_by_email": 0,
        "comments_by_mail": 0
    },
    "019-0710": {
        "url": "/notice/019-0710",
        "title": "Clean Harbors Canada, Inc.\n      \n         - Environmental Compliance Approval (air)",
        "comments_from_registry": 0,
        "comments_by_email": 0,
        "comments_by_mail": 0
    },
    "019-2856": {
        "url": "/notice/019-2856",
        "title": "Vale Canada Limited/Vale Canada Limit\u00e9e\n      \n         - Permit to take water",
        "comments_from_registry": 0,
        "comments_by_email": 0,
        "comments_by_mail": 0
    },
    "019-2936": {
        "url": "/notice/019-2936",
        "title": "Mr. Brent Clark\n      \n         - Mineral exploration permit",
        "comments_from_registry": 0,
        "comments_by_email": 0,
        "comments_by_mail": 0
    },
    "019-2769": {
        "url": "/notice/019-2769",
        "title": "Martin Peterer\n      \n         - Approval for a consent (subject to conditions) in an area where there is no official plan in place",
        "comments_from_registry": 0,
        "comments_by_email": 0,
        "comments_by_mail": 0
    },
    "019-2562": {
        "url": "/notice/019-2562",
        "title": "Mr. Brad Barnett / Rock Tech Lithium Inc.\n      \n         - Mineral exploration permit",
        "comments_from_registry": 0,
        "comments_by_email": 0,
        "comments_by_mail": 0
    },
    "019-2561": {
        "url": "/notice/019-2561",
        "title": "Mr. Brad Barnett / Rock Tech Lithium Inc.\n      \n         - Mineral exploration permit",
        "comments_from_registry": 0,
        "comments_by_email": 0,
        "comments_by_mail": 0
    },
    "019-2560": {
        "url": "/notice/019-2560",
        "title": "Mr. Brad Barnett / Rock Tech Lithium Inc.\n      \n         - Mineral exploration permit",
        "comments_from_registry": 0,
        "comments_by_email": 0,
        "comments_by_mail": 0
    },
    "019-2563": {
        "url": "/notice/019-2563",
        "title": "Mr. Brad Barnett / Rock Tech Lithium Inc.\n      \n         - Mineral exploration permit",
        "comments_from_registry": 0,
        "comments_by_email": 0,
        "comments_by_mail": 0
    },
    "019-2904": {
        "url": "/notice/019-2904",
        "title": "Jonathon Camilleri\n      \n         - Mineral exploration permit",
        "comments_from_registry": 0,
        "comments_by_email": 0,
        "comments_by_mail": 0
    },
    "019-1553": {
        "url": "/notice/019-1553",
        "title": "CTS Hydrovac Off-Loading Facilities Inc.\n      \n         - Environmental Compliance Approval (sewage)",
        "comments_from_registry": 0,
        "comments_by_email": 0,
        "comments_by_mail": 0
    },
    "019-0998": {
        "url": "/notice/019-0998",
        "title": "Parkbridge Lifestyle Communities Inc.\n      \n         - Environmental Compliance Approval (sewage)",
        "comments_from_registry": 0,
        "comments_by_email": 0,
        "comments_by_mail": 0
    },
    "019-1182": {
        "url": "/notice/019-1182",
        "title": "Spectur Separation Systems Inc.\n      \n         - Environmental Compliance Approval (sewage)",
        "comments_from_registry": 0,
        "comments_by_email": 0,
        "comments_by_mail": 0
    },
    "019-1363": {
        "url": "/notice/019-1363",
        "title": "2663156 Ontario Inc. \n      \n         - Environmental Compliance Approval (sewage)",
        "comments_from_registry": 0,
        "comments_by_email": 0,
        "comments_by_mail": 0
    },
    "019-1521": {
        "url": "/notice/019-1521",
        "title": "2284622 Ontario Inc.\n      \n         - Environmental Compliance Approval (sewage)",
        "comments_from_registry": 0,
        "comments_by_email": 0,
        "comments_by_mail": 0
    },
    "019-1568": {
        "url": "/notice/019-1568",
        "title": "2427255 Ontario Inc.\n      \n         - Environmental Compliance Approval (sewage)",
        "comments_from_registry": 0,
        "comments_by_email": 0,
        "comments_by_mail": 0
    }
}