{
    "019-8540": {
        "url": "/notice/019-8540",
        "title": "1627360 Ontario Limited\n      \n         - Environmental Compliance Approval (sewage)",
        "comments_from_registry": 0,
        "comments_by_email": 0,
        "comments_by_mail": 0
    },
    "019-8356": {
        "url": "/notice/019-8356",
        "title": "Minaki on the River Inc. - Ron Davies\n      \n         - Approval for a consent (subject to conditions) in an area where there is no official plan in place",
        "comments_from_registry": 0,
        "comments_by_email": 0,
        "comments_by_mail": 0
    },
    "019-8355": {
        "url": "/notice/019-8355",
        "title": "Minaki on the River Inc. - Ron Davies\n      \n         - Approval for a consent (subject to conditions) in an area where there is no official plan in place",
        "comments_from_registry": 0,
        "comments_by_email": 2,
        "comments_by_mail": 0
    },
    "019-6562": {
        "url": "/notice/019-6562",
        "title": "County of Bruce\n      \n         - Approval to amend a municipality\u2019s official plan",
        "comments_from_registry": 0,
        "comments_by_email": 0,
        "comments_by_mail": 0
    },
    "019-7667": {
        "url": "/notice/019-7667",
        "title": "Linamar Corporation\n      \n         - Environmental Compliance Approval (air)",
        "comments_from_registry": 0,
        "comments_by_email": 0,
        "comments_by_mail": 0
    },
    "019-8903": {
        "url": "/notice/019-8903",
        "title": "Alan Armstrong, operating as Armstrong Transport Services\n      \n         - Environmental Compliance Approval (waste)",
        "comments_from_registry": 0,
        "comments_by_email": 0,
        "comments_by_mail": 0
    },
    "019-8284": {
        "url": "/notice/019-8284",
        "title": "Hydro One Networks Inc.\n      \n         - Environmental Compliance Approval (sewage)",
        "comments_from_registry": 0,
        "comments_by_email": 0,
        "comments_by_mail": 0
    },
    "019-7477": {
        "url": "/notice/019-7477",
        "title": "Cargill Limited\n      \n         - Environmental Compliance Approval (air)",
        "comments_from_registry": 0,
        "comments_by_email": 0,
        "comments_by_mail": 0
    },
    "019-8628": {
        "url": "/notice/019-8628",
        "title": "Parkbridge Lifestyle Communities Inc.\n      \n         - Permit to take water",
        "comments_from_registry": 0,
        "comments_by_email": 0,
        "comments_by_mail": 0
    },
    "019-8724": {
        "url": "/notice/019-8724",
        "title": "Credit Valley Golf and Country Club Limited\n      \n         - Permit to take water",
        "comments_from_registry": 0,
        "comments_by_email": 1,
        "comments_by_mail": 0
    },
    "019-4319": {
        "url": "/notice/019-4319",
        "title": "2607572 Ontario Inc.\n      \n         - Environmental Compliance Approval (air)",
        "comments_from_registry": 0,
        "comments_by_email": 0,
        "comments_by_mail": 0
    },
    "019-8832": {
        "url": "/notice/019-8832",
        "title": "Oxy Vinyls Canada Co.\n      \n         - Permit to take water",
        "comments_from_registry": 0,
        "comments_by_email": 0,
        "comments_by_mail": 0
    },
    "019-8479": {
        "url": "/notice/019-8479",
        "title": "The Scarboro Golf and Country Club, Limited\n      \n         - Permit to take water",
        "comments_from_registry": 0,
        "comments_by_email": 0,
        "comments_by_mail": 0
    },
    "019-8806": {
        "url": "/notice/019-8806",
        "title": "Conquest Resources Limited\n      \n         - Mineral exploration permit",
        "comments_from_registry": 0,
        "comments_by_email": 0,
        "comments_by_mail": 0
    },
    "019-8805": {
        "url": "/notice/019-8805",
        "title": "Conquest Resources Limited \n      \n         - Mineral exploration permit",
        "comments_from_registry": 0,
        "comments_by_email": 0,
        "comments_by_mail": 0
    },
    "019-8907": {
        "url": "/notice/019-8907",
        "title": "CONQUEST RESOURCES LIMITED\n      \n         - Mineral exploration permit",
        "comments_from_registry": 0,
        "comments_by_email": 0,
        "comments_by_mail": 0
    },
    "019-8797": {
        "url": "/notice/019-8797",
        "title": "CONQUEST RESOURCES LIMITED\n      \n         - Mineral exploration permit",
        "comments_from_registry": 0,
        "comments_by_email": 0,
        "comments_by_mail": 0
    },
    "019-8796": {
        "url": "/notice/019-8796",
        "title": "CONQUEST RESOURCES LIMITED\n      \n         - Mineral exploration permit",
        "comments_from_registry": 0,
        "comments_by_email": 0,
        "comments_by_mail": 0
    },
    "019-8795": {
        "url": "/notice/019-8795",
        "title": "CONQUEST RESOURCES LIMITED\n      \n         - Mineral exploration permit",
        "comments_from_registry": 0,
        "comments_by_email": 0,
        "comments_by_mail": 0
    },
    "019-8794": {
        "url": "/notice/019-8794",
        "title": "CONQUEST RESOURCES \n      \n         - Mineral exploration permit",
        "comments_from_registry": 0,
        "comments_by_email": 0,
        "comments_by_mail": 0
    }
}