{
    "019-5662": {
        "url": "/notice/019-5662",
        "title": "Grace Family Farms Ltd.\n      \n         - Environmental Compliance Approval (sewage)",
        "comments_from_registry": 0,
        "comments_by_email": 0,
        "comments_by_mail": 0
    },
    "019-4408": {
        "url": "/notice/019-4408",
        "title": "Jack Edward Odolphy\n      \n         - Permit to take water",
        "comments_from_registry": 0,
        "comments_by_email": 0,
        "comments_by_mail": 0
    },
    "019-4324": {
        "url": "/notice/019-4324",
        "title": "Lafarge Canada Inc.\n      \n         - Permit to take water",
        "comments_from_registry": 0,
        "comments_by_email": 0,
        "comments_by_mail": 0
    },
    "019-4318": {
        "url": "/notice/019-4318",
        "title": "Raytheon Canada Limited\n      \n         - Permit to take water",
        "comments_from_registry": 0,
        "comments_by_email": 0,
        "comments_by_mail": 0
    },
    "019-4421": {
        "url": "/notice/019-4421",
        "title": "Woodbine Entertainment Group\n      \n         - Permit to take water",
        "comments_from_registry": 0,
        "comments_by_email": 0,
        "comments_by_mail": 0
    },
    "019-4744": {
        "url": "/notice/019-4744",
        "title": "388015 Ontario Limited, operating as Lake St. George Golf Club\n      \n         - Permit to take water",
        "comments_from_registry": 0,
        "comments_by_email": 0,
        "comments_by_mail": 0
    },
    "019-5350": {
        "url": "/notice/019-5350",
        "title": "TransCanada Pipelines Limited\n      \n         - Permit to take water",
        "comments_from_registry": 0,
        "comments_by_email": 0,
        "comments_by_mail": 0
    },
    "019-5523": {
        "url": "/notice/019-5523",
        "title": "2579566 Ontario Inc.\n      \n         - Permit to take water",
        "comments_from_registry": 0,
        "comments_by_email": 0,
        "comments_by_mail": 0
    },
    "019-4501": {
        "url": "/notice/019-4501",
        "title": "St. Marys Cement Inc. (Canada)\n      \n         - Permit to take water",
        "comments_from_registry": 0,
        "comments_by_email": 0,
        "comments_by_mail": 0
    },
    "019-4500": {
        "url": "/notice/019-4500",
        "title": "St. Marys Cement Inc. (Canada)\n      \n         - Permit to take water",
        "comments_from_registry": 0,
        "comments_by_email": 0,
        "comments_by_mail": 0
    },
    "019-4584": {
        "url": "/notice/019-4584",
        "title": "Miller Paving Limited\n      \n         - Permit to take water",
        "comments_from_registry": 0,
        "comments_by_email": 0,
        "comments_by_mail": 0
    },
    "019-5609": {
        "url": "/notice/019-5609",
        "title": "Bio-Bob's Corporation\n      \n         - Environmental Compliance Approval (waste)",
        "comments_from_registry": 0,
        "comments_by_email": 0,
        "comments_by_mail": 0
    },
    "019-5921": {
        "url": "/notice/019-5921",
        "title": "Halo Car Wash Inc.\n      \n         - Environmental Compliance Approval (sewage)",
        "comments_from_registry": 0,
        "comments_by_email": 0,
        "comments_by_mail": 0
    },
    "019-4699": {
        "url": "/notice/019-4699",
        "title": "Onbelay Automotive Inc.\n      \n         - Environmental Compliance Approval (air)",
        "comments_from_registry": 0,
        "comments_by_email": 0,
        "comments_by_mail": 0
    },
    "019-5779": {
        "url": "/notice/019-5779",
        "title": "5017679 Ontario Inc.\n      \n         - Permit to take water",
        "comments_from_registry": 0,
        "comments_by_email": 0,
        "comments_by_mail": 0
    },
    "019-5917": {
        "url": "/notice/019-5917",
        "title": "Harlo Gairloch (Bayview and Eglinton) GP Inc., as general partner for Toronto (Bayview & Eglinton) Limited Partnership\n      \n         - Permit to take water",
        "comments_from_registry": 0,
        "comments_by_email": 0,
        "comments_by_mail": 0
    },
    "019-5057": {
        "url": "/notice/019-5057",
        "title": "Halo Car Wash Inc.\n      \n         - Environmental Compliance Approval (sewage)",
        "comments_from_registry": 0,
        "comments_by_email": 0,
        "comments_by_mail": 0
    },
    "019-5925": {
        "url": "/notice/019-5925",
        "title": "Halo Car Wash Inc.\n      \n         - Environmental Compliance Approval (sewage)",
        "comments_from_registry": 0,
        "comments_by_email": 0,
        "comments_by_mail": 0
    },
    "019-6089": {
        "url": "/notice/019-6089",
        "title": "VR Resources Limited\n      \n         - Mineral exploration permit",
        "comments_from_registry": 0,
        "comments_by_email": 0,
        "comments_by_mail": 0
    },
    "019-6042": {
        "url": "/notice/019-6042",
        "title": "PARKLAND CORPORATION\n      \n         - Approval for variance from the Liquid Fuels Handling Code",
        "comments_from_registry": 0,
        "comments_by_email": 0,
        "comments_by_mail": 0
    }
}