{
    "013-4849": {
        "url": "/notice/013-4849",
        "title": "Treasury Metals Incorporated - Adam Larsen\n      \n         - Mineral exploration permit",
        "comments_from_registry": 0,
        "comments_by_email": 0,
        "comments_by_mail": 0
    },
    "013-1919": {
        "url": "/notice/013-1919",
        "title": "Nick Zeng\n      \n         - Mineral exploration permit",
        "comments_from_registry": 0,
        "comments_by_email": 0,
        "comments_by_mail": 0
    },
    "013-1918": {
        "url": "/notice/013-1918",
        "title": "Nick Zeng\n      \n         - Mineral exploration permit",
        "comments_from_registry": 0,
        "comments_by_email": 0,
        "comments_by_mail": 0
    },
    "013-1917": {
        "url": "/notice/013-1917",
        "title": "Nick Zeng\n      \n         - Mineral exploration permit",
        "comments_from_registry": 0,
        "comments_by_email": 0,
        "comments_by_mail": 0
    },
    "013-3887": {
        "url": "/notice/013-3887",
        "title": "Rod Roblin\n      \n         - Approval for a consent (subject to conditions) in an area where there is no official plan in place",
        "comments_from_registry": 0,
        "comments_by_email": 0,
        "comments_by_mail": 0
    },
    "013-3485": {
        "url": "/notice/013-3485",
        "title": "City of Toronto\n      \n         - Approval to amend a municipality\u2019s official plan",
        "comments_from_registry": 123,
        "comments_by_email": 7,
        "comments_by_mail": 180
    },
    "013-3483": {
        "url": "/notice/013-3483",
        "title": "City of Toronto\n      \n         - Approval to amend a municipality\u2019s official plan",
        "comments_from_registry": 132,
        "comments_by_email": 30,
        "comments_by_mail": 107
    },
    "013-4812": {
        "url": "/notice/013-4812",
        "title": "Nachurs Alpine Solutions Inc.\n      \n         - Permit to take water",
        "comments_from_registry": 0,
        "comments_by_email": 0,
        "comments_by_mail": 0
    },
    "013-4811": {
        "url": "/notice/013-4811",
        "title": "Foxwood Golf Ltd. (Foxwood Country Club)\n      \n         - Permit to take water",
        "comments_from_registry": 0,
        "comments_by_email": 0,
        "comments_by_mail": 0
    },
    "013-4587": {
        "url": "/notice/013-4587",
        "title": "Gemstone Developments Ltd.\n      \n         - Environmental Compliance Approval (sewage)",
        "comments_from_registry": 0,
        "comments_by_email": 0,
        "comments_by_mail": 0
    },
    "013-3817": {
        "url": "/notice/013-3817",
        "title": "Hop Compost Ltd. \n      \n         - Environmental Compliance Approval (air)",
        "comments_from_registry": 0,
        "comments_by_email": 0,
        "comments_by_mail": 0
    },
    "013-3512": {
        "url": "/notice/013-3512",
        "title": "KRT Industrial Cleaning & Maintenance Inc.\n      \n         - Environmental Compliance Approval (waste)",
        "comments_from_registry": 0,
        "comments_by_email": 0,
        "comments_by_mail": 0
    },
    "013-2849": {
        "url": "/notice/013-2849",
        "title": "Hop Compost Ltd.\n      \n         - Environmental Compliance Approval (waste)",
        "comments_from_registry": 0,
        "comments_by_email": 0,
        "comments_by_mail": 0
    },
    "013-4972": {
        "url": "/notice/013-4972",
        "title": "Ford Motor Company of Canada, Limited\n      \n         - Environmental Compliance Approval (air)",
        "comments_from_registry": 0,
        "comments_by_email": 0,
        "comments_by_mail": 0
    },
    "013-4760": {
        "url": "/notice/013-4760",
        "title": "Revolution Environmental Solutions Acquisition GP Inc.\n      \n         - Environmental Compliance Approval (air)",
        "comments_from_registry": 0,
        "comments_by_email": 0,
        "comments_by_mail": 0
    },
    "013-4681": {
        "url": "/notice/013-4681",
        "title": "NOVA Chemicals Corporation\n      \n         - Environmental Compliance Approval (air)",
        "comments_from_registry": 0,
        "comments_by_email": 0,
        "comments_by_mail": 0
    },
    "013-4637": {
        "url": "/notice/013-4637",
        "title": "Rayonier A.M. Canada Industries Inc.\n      \n         - Environmental Compliance Approval (air)",
        "comments_from_registry": 0,
        "comments_by_email": 0,
        "comments_by_mail": 0
    },
    "013-4449": {
        "url": "/notice/013-4449",
        "title": "Mastron Enterprises Ltd.\n      \n         - Environmental Compliance Approval (sewage)",
        "comments_from_registry": 1,
        "comments_by_email": 0,
        "comments_by_mail": 0
    },
    "013-4431": {
        "url": "/notice/013-4431",
        "title": "1809505 Ontario Limited\n      \n         - Environmental Compliance Approval (sewage)",
        "comments_from_registry": 0,
        "comments_by_email": 0,
        "comments_by_mail": 0
    },
    "013-4162": {
        "url": "/notice/013-4162",
        "title": "C. W. Bierworth and Son Limited\n      \n         - Environmental Compliance Approval (air)",
        "comments_from_registry": 0,
        "comments_by_email": 0,
        "comments_by_mail": 0
    }
}