{
    "013-4714": {
        "url": "/notice/013-4714",
        "title": "Ed Peavoy Septic Service\n      \n         - Environmental Compliance Approval (waste)",
        "comments_from_registry": 0,
        "comments_by_email": 0,
        "comments_by_mail": 0
    },
    "019-2319": {
        "url": "/notice/019-2319",
        "title": "Proposal to extend the current moratorium on water bottling permits",
        "comments_from_registry": 66,
        "comments_by_email": 610,
        "comments_by_mail": 0
    },
    "019-2191": {
        "url": "/notice/019-2191",
        "title": "Lin S. Keung Co. Ltd.\n      \n         - Certificate of property use",
        "comments_from_registry": 0,
        "comments_by_email": 0,
        "comments_by_mail": 0
    },
    "013-3552": {
        "url": "/notice/013-3552",
        "title": "TRG-KFH (Lakeside) Inc.\n      \n         - Environmental Compliance Approval (sewage)",
        "comments_from_registry": 0,
        "comments_by_email": 0,
        "comments_by_mail": 0
    },
    "019-1327": {
        "url": "/notice/019-1327",
        "title": "White Metal Resources Corp.\n      \n         - Mineral exploration permit",
        "comments_from_registry": 0,
        "comments_by_email": 0,
        "comments_by_mail": 0
    },
    "019-2089": {
        "url": "/notice/019-2089",
        "title": "AurCrest Gold Inc.\n      \n         - Mineral exploration permit",
        "comments_from_registry": 0,
        "comments_by_email": 0,
        "comments_by_mail": 0
    },
    "019-2325": {
        "url": "/notice/019-2325",
        "title": "Ms. Karly Oliver / Pacton Gold Inc\n      \n         - Mineral exploration permit",
        "comments_from_registry": 0,
        "comments_by_email": 0,
        "comments_by_mail": 0
    },
    "019-2000": {
        "url": "/notice/019-2000",
        "title": "Ian Dasti\n      \n         - Mineral exploration permit",
        "comments_from_registry": 0,
        "comments_by_email": 0,
        "comments_by_mail": 0
    },
    "019-1492": {
        "url": "/notice/019-1492",
        "title": "Aaron Taylor\n      \n         - Mineral exploration permit",
        "comments_from_registry": 0,
        "comments_by_email": 0,
        "comments_by_mail": 0
    },
    "019-1487": {
        "url": "/notice/019-1487",
        "title": "Brian Beyer\n      \n         - Mineral exploration permit",
        "comments_from_registry": 0,
        "comments_by_email": 0,
        "comments_by_mail": 0
    },
    "019-2205": {
        "url": "/notice/019-2205",
        "title": "Elsie Hignell\n      \n         - Approval for a consent (subject to conditions) in an area where there is no official plan in place",
        "comments_from_registry": 0,
        "comments_by_email": 0,
        "comments_by_mail": 0
    },
    "019-1565": {
        "url": "/notice/019-1565",
        "title": "Randall Salo\n      \n         - Mineral exploration permit",
        "comments_from_registry": 0,
        "comments_by_email": 0,
        "comments_by_mail": 0
    },
    "019-2187": {
        "url": "/notice/019-2187",
        "title": "VR Resources Limited\n      \n         - Mineral exploration permit",
        "comments_from_registry": 0,
        "comments_by_email": 0,
        "comments_by_mail": 0
    },
    "019-1447": {
        "url": "/notice/019-1447",
        "title": "Mr.  David Vallillee\n      \n         - Mineral exploration permit",
        "comments_from_registry": 0,
        "comments_by_email": 0,
        "comments_by_mail": 0
    },
    "019-1515": {
        "url": "/notice/019-1515",
        "title": "C. Cox\n      \n         - Mineral exploration permit",
        "comments_from_registry": 0,
        "comments_by_email": 0,
        "comments_by_mail": 0
    },
    "019-1517": {
        "url": "/notice/019-1517",
        "title": "Matthew Eric Marion \n      \n         - Mineral exploration permit",
        "comments_from_registry": 0,
        "comments_by_email": 0,
        "comments_by_mail": 0
    },
    "019-1441": {
        "url": "/notice/019-1441",
        "title": "Mr.  David Vallillee\n      \n         - Mineral exploration permit",
        "comments_from_registry": 0,
        "comments_by_email": 0,
        "comments_by_mail": 0
    },
    "019-2230": {
        "url": "/notice/019-2230",
        "title": "Mark Hall\n      \n         - Mineral exploration permit",
        "comments_from_registry": 490,
        "comments_by_email": 14,
        "comments_by_mail": 0
    },
    "019-0290": {
        "url": "/notice/019-0290",
        "title": "CRH Canada Group Inc.\n      \n         - Permit to take water",
        "comments_from_registry": 0,
        "comments_by_email": 0,
        "comments_by_mail": 0
    },
    "019-0251": {
        "url": "/notice/019-0251",
        "title": "Brookfield Residential (Ontario) Limited\n      \n         - Permit to take water",
        "comments_from_registry": 0,
        "comments_by_email": 0,
        "comments_by_mail": 0
    }
}