{
    "019-5415": {
        "url": "/notice/019-5415",
        "title": "Macdonald Mines Exploration Limited\n      \n         - Mineral exploration permit",
        "comments_from_registry": 0,
        "comments_by_email": 0,
        "comments_by_mail": 0
    },
    "019-5416": {
        "url": "/notice/019-5416",
        "title": "Macdonald Mines Exploration Limited\n      \n         - Mineral exploration permit",
        "comments_from_registry": 0,
        "comments_by_email": 0,
        "comments_by_mail": 0
    },
    "019-5367": {
        "url": "/notice/019-5367",
        "title": "Red Pine Exploration Incorporated\n      \n         - Mineral exploration permit",
        "comments_from_registry": 0,
        "comments_by_email": 0,
        "comments_by_mail": 0
    },
    "019-5267": {
        "url": "/notice/019-5267",
        "title": "James Reed\n      \n         - Mineral exploration permit",
        "comments_from_registry": 0,
        "comments_by_email": 0,
        "comments_by_mail": 0
    },
    "019-5268": {
        "url": "/notice/019-5268",
        "title": "James Reed\n      \n         - Mineral exploration permit",
        "comments_from_registry": 0,
        "comments_by_email": 0,
        "comments_by_mail": 0
    },
    "019-5171": {
        "url": "/notice/019-5171",
        "title": "The Gananoque Golf and Country Club, Limited\n      \n         - Permit to take water",
        "comments_from_registry": 0,
        "comments_by_email": 0,
        "comments_by_mail": 0
    },
    "019-4614": {
        "url": "/notice/019-4614",
        "title": "Salini Impregilo Civil Works Inc.\n      \n         - Permit to take water",
        "comments_from_registry": 0,
        "comments_by_email": 0,
        "comments_by_mail": 0
    },
    "019-4091": {
        "url": "/notice/019-4091",
        "title": "The Smiths Falls Golf and Country Club, Limited\n      \n         - Permit to take water",
        "comments_from_registry": 0,
        "comments_by_email": 0,
        "comments_by_mail": 0
    },
    "019-5291": {
        "url": "/notice/019-5291",
        "title": "Pure Gold Mining Inc.\n      \n         - Permit to take water",
        "comments_from_registry": 0,
        "comments_by_email": 0,
        "comments_by_mail": 0
    },
    "019-3253": {
        "url": "/notice/019-3253",
        "title": "1770888 Ontario Inc. operating as Bishopwater\n      \n         - Environmental Compliance Approval (sewage)",
        "comments_from_registry": 0,
        "comments_by_email": 0,
        "comments_by_mail": 0
    },
    "019-4762": {
        "url": "/notice/019-4762",
        "title": "Osprey Valley Resorts Inc.\n      \n         - Environmental Compliance Approval (sewage)",
        "comments_from_registry": 0,
        "comments_by_email": 0,
        "comments_by_mail": 0
    },
    "019-4200": {
        "url": "/notice/019-4200",
        "title": "Grant Castle Corp.\n      \n         - Environmental Compliance Approval (sewage)",
        "comments_from_registry": 0,
        "comments_by_email": 0,
        "comments_by_mail": 0
    },
    "019-4869": {
        "url": "/notice/019-4869",
        "title": "Vicano Developments Limited\n      \n         - Environmental Compliance Approval (sewage)",
        "comments_from_registry": 0,
        "comments_by_email": 0,
        "comments_by_mail": 0
    },
    "019-3823": {
        "url": "/notice/019-3823",
        "title": "Lamoureux Pumping Inc.\n      \n         - Environmental Compliance Approval (waste)",
        "comments_from_registry": 0,
        "comments_by_email": 0,
        "comments_by_mail": 0
    },
    "019-5292": {
        "url": "/notice/019-5292",
        "title": "Christopher Daniel Reid operating as D&C Pumping Service\n      \n         - Environmental Compliance Approval (waste)",
        "comments_from_registry": 0,
        "comments_by_email": 0,
        "comments_by_mail": 0
    },
    "019-4944": {
        "url": "/notice/019-4944",
        "title": "Ms. Dana Dobrescu - Solstice Gold Corp.\n      \n         - Mineral exploration permit",
        "comments_from_registry": 0,
        "comments_by_email": 0,
        "comments_by_mail": 0
    },
    "019-5354": {
        "url": "/notice/019-5354",
        "title": "Harte Gold Corp.\n      \n         - Mineral exploration permit",
        "comments_from_registry": 0,
        "comments_by_email": 0,
        "comments_by_mail": 0
    },
    "019-5355": {
        "url": "/notice/019-5355",
        "title": "Harte Gold Corp.\n      \n         - Mineral exploration permit",
        "comments_from_registry": 0,
        "comments_by_email": 0,
        "comments_by_mail": 0
    },
    "019-5126": {
        "url": "/notice/019-5126",
        "title": "UCANCO General Partners Inc. as General Partner, by and on behalf of Canure Limited Partnership\n      \n         - Certificate of property use",
        "comments_from_registry": 0,
        "comments_by_email": 0,
        "comments_by_mail": 0
    },
    "019-5273": {
        "url": "/notice/019-5273",
        "title": "Canada Silver Cobalt Works Incorporated\n      \n         - Mineral exploration permit",
        "comments_from_registry": 0,
        "comments_by_email": 0,
        "comments_by_mail": 0
    }
}