{
    "019-7613": {
        "url": "/notice/019-7613",
        "title": "Kirkland Lake Gold Ltd.\n      \n         - Permit to take water",
        "comments_from_registry": 0,
        "comments_by_email": 0,
        "comments_by_mail": 0
    },
    "019-8958": {
        "url": "/notice/019-8958",
        "title": "Woodside Greens Business Association Inc. \n      \n         - Permit to take water",
        "comments_from_registry": 0,
        "comments_by_email": 0,
        "comments_by_mail": 0
    },
    "019-8837": {
        "url": "/notice/019-8837",
        "title": "LAKESIDE VILLAGE PROPERTY OWNERS\u2019 ASSOCIATION FENELON TOWNSHIP\n      \n         - Permit to take water",
        "comments_from_registry": 0,
        "comments_by_email": 0,
        "comments_by_mail": 0
    },
    "019-6745": {
        "url": "/notice/019-6745",
        "title": "GFL Environmental Services Inc.\n      \n         - Environmental Compliance Approval (waste)",
        "comments_from_registry": 0,
        "comments_by_email": 0,
        "comments_by_mail": 0
    },
    "019-6145": {
        "url": "/notice/019-6145",
        "title": "The Recycling Depot GP Inc. as general partner for and on behalf of The Recycling Depot LP\n      \n         - Environmental Compliance Approval (waste)",
        "comments_from_registry": 0,
        "comments_by_email": 0,
        "comments_by_mail": 0
    },
    "019-8878": {
        "url": "/notice/019-8878",
        "title": "Brandy Brook Mines Limited\n      \n         - Mineral exploration permit",
        "comments_from_registry": 0,
        "comments_by_email": 0,
        "comments_by_mail": 0
    },
    "019-9129": {
        "url": "/notice/019-9129",
        "title": "Brian Beyer\n      \n         - Mineral exploration permit",
        "comments_from_registry": 1,
        "comments_by_email": 0,
        "comments_by_mail": 0
    },
    "019-9123": {
        "url": "/notice/019-9123",
        "title": "Neotech Metals Corp\n      \n         - Mineral exploration permit",
        "comments_from_registry": 1,
        "comments_by_email": 0,
        "comments_by_mail": 0
    },
    "019-8835": {
        "url": "/notice/019-8835",
        "title": "926715 Ontario Inc.\n      \n         - Permit to take water",
        "comments_from_registry": 0,
        "comments_by_email": 0,
        "comments_by_mail": 0
    },
    "019-7790": {
        "url": "/notice/019-7790",
        "title": "Ferrell Builders Supply Limited\n      \n         - Environmental Compliance Approval (air)",
        "comments_from_registry": 0,
        "comments_by_email": 0,
        "comments_by_mail": 0
    },
    "019-8544": {
        "url": "/notice/019-8544",
        "title": "GE Healthcare Technologies Canada\n      \n         - Permit to take water",
        "comments_from_registry": 0,
        "comments_by_email": 1,
        "comments_by_mail": 0
    },
    "019-7430": {
        "url": "/notice/019-7430",
        "title": "7475 McLean Road East Inc. as general partner for and on behalf of 7475 McLean Road East LP\n      \n         - Environmental Compliance Approval (sewage)",
        "comments_from_registry": 1,
        "comments_by_email": 0,
        "comments_by_mail": 0
    },
    "019-9112": {
        "url": "/notice/019-9112",
        "title": "Justin Castonguay\n      \n         - Approval for a consent (subject to conditions) in an area where there is no official plan in place",
        "comments_from_registry": 0,
        "comments_by_email": 0,
        "comments_by_mail": 0
    },
    "019-7308": {
        "url": "/notice/019-7308",
        "title": "Niagara Investment Castings Ltd.\n      \n         - Environmental Compliance Approval (air)",
        "comments_from_registry": 0,
        "comments_by_email": 0,
        "comments_by_mail": 0
    },
    "019-8349": {
        "url": "/notice/019-8349",
        "title": "1589873 Ontario Limited\n      \n         - Permit to take water",
        "comments_from_registry": 0,
        "comments_by_email": 0,
        "comments_by_mail": 0
    },
    "019-4029": {
        "url": "/notice/019-4029",
        "title": "Proposed Change to Ontario Regulation 328/03 \u2013 Leave to Construct Cost Threshold for Hydrocarbon Pipelines",
        "comments_from_registry": 5,
        "comments_by_email": 3,
        "comments_by_mail": 0
    },
    "019-4795": {
        "url": "/notice/019-4795",
        "title": "Clubhouse Developments Inc.\n      \n         - Permit for activities to achieve an overall benefit to a species",
        "comments_from_registry": 0,
        "comments_by_email": 1,
        "comments_by_mail": 0
    },
    "019-8888": {
        "url": "/notice/019-8888",
        "title": "Juno Corp\n      \n         - Mineral exploration permit",
        "comments_from_registry": 0,
        "comments_by_email": 0,
        "comments_by_mail": 0
    },
    "019-9058": {
        "url": "/notice/019-9058",
        "title": "Romios Gold Resources Inc.\n      \n         - Mineral exploration permit",
        "comments_from_registry": 0,
        "comments_by_email": 0,
        "comments_by_mail": 0
    },
    "019-8892": {
        "url": "/notice/019-8892",
        "title": "Juno Corp\n      \n         - Mineral exploration permit",
        "comments_from_registry": 0,
        "comments_by_email": 0,
        "comments_by_mail": 0
    }
}