{
    "019-6791": {
        "url": "/notice/019-6791",
        "title": "2670474 Ontario Inc., operating as Keay Contracting & Septic\n      \n         - Environmental Compliance Approval (waste)",
        "comments_from_registry": 0,
        "comments_by_email": 0,
        "comments_by_mail": 0
    },
    "019-6839": {
        "url": "/notice/019-6839",
        "title": "Swiss Ridge Kennels Inc.\n      \n         - Environmental Compliance Approval (sewage)",
        "comments_from_registry": 0,
        "comments_by_email": 0,
        "comments_by_mail": 0
    },
    "019-6384": {
        "url": "/notice/019-6384",
        "title": "1454410 Ontario Inc.\n      \n         - Environmental Compliance Approval (sewage)",
        "comments_from_registry": 0,
        "comments_by_email": 0,
        "comments_by_mail": 0
    },
    "019-6636": {
        "url": "/notice/019-6636",
        "title": "Lovesick Lake Beach Resort Ltd.\n      \n         - Environmental Compliance Approval (sewage)",
        "comments_from_registry": 0,
        "comments_by_email": 0,
        "comments_by_mail": 0
    },
    "019-6856": {
        "url": "/notice/019-6856",
        "title": "Brad Lazich - Nortec Minerals Corp.\n      \n         - Mineral exploration permit",
        "comments_from_registry": 0,
        "comments_by_email": 0,
        "comments_by_mail": 0
    },
    "019-6807": {
        "url": "/notice/019-6807",
        "title": "Paris Power Investments Inc.\n      \n         - Environmental Compliance Approval (sewage)",
        "comments_from_registry": 0,
        "comments_by_email": 0,
        "comments_by_mail": 0
    },
    "019-6934": {
        "url": "/notice/019-6934",
        "title": "Fortier Stark Industrial Inc.\n      \n         - Environmental Compliance Approval (sewage)",
        "comments_from_registry": 0,
        "comments_by_email": 0,
        "comments_by_mail": 0
    },
    "019-6521": {
        "url": "/notice/019-6521",
        "title": "Collection, management and improved utilization of smart metering data for behind-the-meter distributed energy resources",
        "comments_from_registry": 7,
        "comments_by_email": 0,
        "comments_by_mail": 0
    },
    "019-6512": {
        "url": "/notice/019-6512",
        "title": "Winlake Developments Limited\n      \n         - Permit to take water",
        "comments_from_registry": 0,
        "comments_by_email": 0,
        "comments_by_mail": 0
    },
    "019-6175": {
        "url": "/notice/019-6175",
        "title": "John Joseph Neniska\n      \n         - Environmental Compliance Approval (waste)",
        "comments_from_registry": 0,
        "comments_by_email": 2,
        "comments_by_mail": 0
    },
    "019-6863": {
        "url": "/notice/019-6863",
        "title": "South Crosby Non-Profit Housing Corporation\n      \n         - Environmental Compliance Approval (sewage)",
        "comments_from_registry": 0,
        "comments_by_email": 0,
        "comments_by_mail": 0
    },
    "019-5572": {
        "url": "/notice/019-5572",
        "title": "MH Star Canada Holdings Inc.\n      \n         - Environmental Compliance Approval (sewage)",
        "comments_from_registry": 0,
        "comments_by_email": 0,
        "comments_by_mail": 0
    },
    "019-6201": {
        "url": "/notice/019-6201",
        "title": "Cherryhill Commercial GP Inc.\n      \n         - Certificate of property use",
        "comments_from_registry": 0,
        "comments_by_email": 0,
        "comments_by_mail": 0
    },
    "019-6608": {
        "url": "/notice/019-6608",
        "title": "Fermar Paving Limited\n      \n         - Environmental Compliance Approval (air)",
        "comments_from_registry": 0,
        "comments_by_email": 0,
        "comments_by_mail": 0
    },
    "019-6676": {
        "url": "/notice/019-6676",
        "title": "Fermar Paving Limited\n      \n         - Environmental Compliance Approval (air)",
        "comments_from_registry": 1,
        "comments_by_email": 0,
        "comments_by_mail": 0
    },
    "019-6590": {
        "url": "/notice/019-6590",
        "title": "Proposal to amend Ontario Regulation 161/17 to the Public Lands Act to change the requirements related to floating accommodations",
        "comments_from_registry": 648,
        "comments_by_email": 46,
        "comments_by_mail": 1
    },
    "019-6047": {
        "url": "/notice/019-6047",
        "title": "Russell Phillip Miller operating as Northland Septic Service\n      \n         - Environmental Compliance Approval (waste)",
        "comments_from_registry": 0,
        "comments_by_email": 0,
        "comments_by_mail": 0
    },
    "019-6050": {
        "url": "/notice/019-6050",
        "title": "Russell Phillip Miller operating as Northland Septic Service\n      \n         - Environmental Compliance Approval (waste)",
        "comments_from_registry": 0,
        "comments_by_email": 0,
        "comments_by_mail": 0
    },
    "019-3833": {
        "url": "/notice/019-3833",
        "title": "GFL Environmental Inc\n      \n         - Environmental Compliance Approval (air)",
        "comments_from_registry": 0,
        "comments_by_email": 0,
        "comments_by_mail": 0
    },
    "019-6049": {
        "url": "/notice/019-6049",
        "title": "Russell Phillip Miller operating as Northland Septic Service\n      \n         - Environmental Compliance Approval (waste)",
        "comments_from_registry": 0,
        "comments_by_email": 0,
        "comments_by_mail": 0
    }
}