{
    "019-4219": {
        "url": "/notice/019-4219",
        "title": "Moving to a project list approach under the Environmental Assessment Act",
        "comments_from_registry": 251,
        "comments_by_email": 132,
        "comments_by_mail": 0
    },
    "019-2377": {
        "url": "/notice/019-2377",
        "title": "Proposed Project List for comprehensive environmental assessments under the Environmental Assessment Act (EAA)",
        "comments_from_registry": 87,
        "comments_by_email": 227,
        "comments_by_mail": 0
    },
    "013-5101": {
        "url": "/notice/013-5101",
        "title": "Discussion paper: modernizing Ontario\u2019s environmental assessment program",
        "comments_from_registry": 52,
        "comments_by_email": 30,
        "comments_by_mail": 1
    },
    "019-8034": {
        "url": "/notice/019-8034",
        "title": "Juno Corp\n      \n         - Mineral exploration permit",
        "comments_from_registry": 0,
        "comments_by_email": 53,
        "comments_by_mail": 0
    },
    "019-8033": {
        "url": "/notice/019-8033",
        "title": "Juno Corp\n      \n         - Mineral exploration permit",
        "comments_from_registry": 0,
        "comments_by_email": 55,
        "comments_by_mail": 0
    },
    "019-8031": {
        "url": "/notice/019-8031",
        "title": "Juno Corp\n      \n         - Mineral exploration permit",
        "comments_from_registry": 0,
        "comments_by_email": 55,
        "comments_by_mail": 0
    },
    "019-8030": {
        "url": "/notice/019-8030",
        "title": "Juno Corp\n      \n         - Mineral exploration permit",
        "comments_from_registry": 0,
        "comments_by_email": 55,
        "comments_by_mail": 0
    },
    "019-8029": {
        "url": "/notice/019-8029",
        "title": "Juno Corp\n      \n         - Mineral exploration permit",
        "comments_from_registry": 0,
        "comments_by_email": 55,
        "comments_by_mail": 0
    },
    "019-8028": {
        "url": "/notice/019-8028",
        "title": "Juno Corp\n      \n         - Mineral exploration permit",
        "comments_from_registry": 0,
        "comments_by_email": 55,
        "comments_by_mail": 0
    },
    "019-8025": {
        "url": "/notice/019-8025",
        "title": "Juno Corp\n      \n         - Mineral exploration permit",
        "comments_from_registry": 0,
        "comments_by_email": 55,
        "comments_by_mail": 0
    },
    "019-7214": {
        "url": "/notice/019-7214",
        "title": "GIP Paving Inc.\n      \n         - Permit to take water",
        "comments_from_registry": 0,
        "comments_by_email": 0,
        "comments_by_mail": 0
    },
    "019-7774": {
        "url": "/notice/019-7774",
        "title": "Chadwick Gordon Munro operating as Gordon Munro Septic Services\n      \n         - Environmental Compliance Approval (waste)",
        "comments_from_registry": 0,
        "comments_by_email": 0,
        "comments_by_mail": 0
    },
    "019-7775": {
        "url": "/notice/019-7775",
        "title": "Chadwick Gordon Munro operating as Gordon Munro Septic Services\n      \n         - Environmental Compliance Approval (waste)",
        "comments_from_registry": 0,
        "comments_by_email": 0,
        "comments_by_mail": 0
    },
    "019-7776": {
        "url": "/notice/019-7776",
        "title": "Chadwick Gordon Munro operating as Gordon Munro Septic Services\n      \n         - Environmental Compliance Approval (waste)",
        "comments_from_registry": 0,
        "comments_by_email": 0,
        "comments_by_mail": 0
    },
    "019-6706": {
        "url": "/notice/019-6706",
        "title": "Ontario Power Generation Inc.\n      \n         - Environmental Compliance Approval (sewage)",
        "comments_from_registry": 0,
        "comments_by_email": 0,
        "comments_by_mail": 0
    },
    "019-7042": {
        "url": "/notice/019-7042",
        "title": "Lebovic Enterprises Limited\n      \n         - Permit to take water",
        "comments_from_registry": 0,
        "comments_by_email": 1,
        "comments_by_mail": 0
    },
    "019-6164": {
        "url": "/notice/019-6164",
        "title": "Kimco Steel Sales Limited\n      \n         - Environmental Compliance Approval (sewage)",
        "comments_from_registry": 0,
        "comments_by_email": 0,
        "comments_by_mail": 0
    },
    "019-2212": {
        "url": "/notice/019-2212",
        "title": "Rudolf Wahl\n      \n         - Mineral exploration permit",
        "comments_from_registry": 0,
        "comments_by_email": 0,
        "comments_by_mail": 0
    },
    "019-7680": {
        "url": "/notice/019-7680",
        "title": "Craigleith Ski Club\n      \n         - Permit to take water",
        "comments_from_registry": 0,
        "comments_by_email": 0,
        "comments_by_mail": 0
    },
    "019-7244": {
        "url": "/notice/019-7244",
        "title": "Cornerstone Community Church (Niagara)\n      \n         - Environmental Compliance Approval (sewage)",
        "comments_from_registry": 0,
        "comments_by_email": 0,
        "comments_by_mail": 0
    }
}