{
    "019-7802": {
        "url": "/notice/019-7802",
        "title": "Vale Canada Limited/Vale Canada Limit\u00e9e\n      \n         - Permit to take water",
        "comments_from_registry": 0,
        "comments_by_email": 0,
        "comments_by_mail": 0
    },
    "019-8175": {
        "url": "/notice/019-8175",
        "title": "Air Products Canada Ltd.\n      \n         - Environmental Compliance Approval (air)",
        "comments_from_registry": 0,
        "comments_by_email": 0,
        "comments_by_mail": 0
    },
    "019-6921": {
        "url": "/notice/019-6921",
        "title": "Comfort Estates Ltd.\n      \n         - Environmental Compliance Approval (sewage)",
        "comments_from_registry": 0,
        "comments_by_email": 0,
        "comments_by_mail": 0
    },
    "019-8345": {
        "url": "/notice/019-8345",
        "title": "Glencore Canada Corporation\n      \n         - Permit to take water",
        "comments_from_registry": 0,
        "comments_by_email": 0,
        "comments_by_mail": 0
    },
    "019-7353": {
        "url": "/notice/019-7353",
        "title": "1429710 Ontario Inc.\n      \n         - Environmental Compliance Approval (sewage)",
        "comments_from_registry": 0,
        "comments_by_email": 0,
        "comments_by_mail": 0
    },
    "019-7747": {
        "url": "/notice/019-7747",
        "title": "Lafarge Canada Inc.\n      \n         - Changes to the site plan for a pit or quarry",
        "comments_from_registry": 0,
        "comments_by_email": 0,
        "comments_by_mail": 0
    },
    "019-8236": {
        "url": "/notice/019-8236",
        "title": "Elmer's Construction Ltd.\n      \n         - Environmental Compliance Approval (waste)",
        "comments_from_registry": 0,
        "comments_by_email": 0,
        "comments_by_mail": 0
    },
    "019-8127": {
        "url": "/notice/019-8127",
        "title": "Sandy Creek Estates Inc.\n      \n         - Permit to take water",
        "comments_from_registry": 1,
        "comments_by_email": 0,
        "comments_by_mail": 0
    },
    "019-8147": {
        "url": "/notice/019-8147",
        "title": "Pinnacle International (Dundas) Ltd.\n      \n         - Permit to take water",
        "comments_from_registry": 0,
        "comments_by_email": 0,
        "comments_by_mail": 0
    },
    "019-7797": {
        "url": "/notice/019-7797",
        "title": "Atura Hydrogen Inc., as general partner for and on behalf of Atura H2 L.P.\n      \n         - Permit to take water",
        "comments_from_registry": 0,
        "comments_by_email": 0,
        "comments_by_mail": 0
    },
    "019-7979": {
        "url": "/notice/019-7979",
        "title": "Notice of Proposed Revocation: Minister's Zoning Order - Ontario Regulation 159/22",
        "comments_from_registry": 3,
        "comments_by_email": 0,
        "comments_by_mail": 0
    },
    "019-7984": {
        "url": "/notice/019-7984",
        "title": "Notice of Proposed Revocation: Minister's Zoning Order - Ontario Regulation 537/21",
        "comments_from_registry": 4,
        "comments_by_email": 1,
        "comments_by_mail": 0
    },
    "019-7985": {
        "url": "/notice/019-7985",
        "title": "Notice of Proposed Revocation: Minister's Zoning Order - Ontario Regulation 538/21",
        "comments_from_registry": 2,
        "comments_by_email": 1,
        "comments_by_mail": 0
    },
    "019-7996": {
        "url": "/notice/019-7996",
        "title": "Notice of Proposed Revocation: Minister's Zoning Order - Ontario Regulation 609/20",
        "comments_from_registry": 5,
        "comments_by_email": 5,
        "comments_by_mail": 0
    },
    "019-7991": {
        "url": "/notice/019-7991",
        "title": "Notice of Proposed Revocation: Minister's Zoning Order - Ontario Regulation 482/22",
        "comments_from_registry": 2,
        "comments_by_email": 4,
        "comments_by_mail": 0
    },
    "019-7994": {
        "url": "/notice/019-7994",
        "title": "Notice of Proposed Revocation: Minister's Zoning Order - Ontario Regulation 599/21",
        "comments_from_registry": 1,
        "comments_by_email": 3,
        "comments_by_mail": 0
    },
    "019-7993": {
        "url": "/notice/019-7993",
        "title": "Notice of Proposed Amendment: Minister's Zoning Order - Ontario Regulation 607/20",
        "comments_from_registry": 4,
        "comments_by_email": 3,
        "comments_by_mail": 0
    },
    "019-7990": {
        "url": "/notice/019-7990",
        "title": "Notice of Proposed Revocation: Minister's Zoning Order - Ontario Regulation 38/22",
        "comments_from_registry": 2,
        "comments_by_email": 2,
        "comments_by_mail": 0
    },
    "019-7313": {
        "url": "/notice/019-7313",
        "title": "Umicore Rechargeable Battery Materials Canada Inc.\n      \n         - Environmental Compliance Approval (sewage)",
        "comments_from_registry": 0,
        "comments_by_email": 0,
        "comments_by_mail": 0
    },
    "019-8169": {
        "url": "/notice/019-8169",
        "title": "Edwin Escarraga, Canada Nickel Company\n      \n         - Mineral exploration permit",
        "comments_from_registry": 0,
        "comments_by_email": 0,
        "comments_by_mail": 0
    }
}