{
    "019-1278": {
        "url": "/notice/019-1278",
        "title": "Battery Mineral Resources Limited\n      \n         - Mineral exploration permit",
        "comments_from_registry": 0,
        "comments_by_email": 0,
        "comments_by_mail": 0
    },
    "013-4341": {
        "url": "/notice/013-4341",
        "title": "Armstrong Pumping\n      \n         - Environmental Compliance Approval (waste)",
        "comments_from_registry": 0,
        "comments_by_email": 0,
        "comments_by_mail": 0
    },
    "013-4518": {
        "url": "/notice/013-4518",
        "title": "Newman Holdco Inc.\n      \n         - Permit for activities to achieve an overall benefit to a species",
        "comments_from_registry": 0,
        "comments_by_email": 0,
        "comments_by_mail": 0
    },
    "013-3222": {
        "url": "/notice/013-3222",
        "title": "Rick A Vaillancourt (Rick Vaillancourt Septic)\n      \n         - Environmental Compliance Approval (waste)",
        "comments_from_registry": 0,
        "comments_by_email": 0,
        "comments_by_mail": 0
    },
    "013-3223": {
        "url": "/notice/013-3223",
        "title": "Rick A Vaillancourt (Rick Vaillancourt Septic) \n      \n         - Environmental Compliance Approval (waste)",
        "comments_from_registry": 0,
        "comments_by_email": 0,
        "comments_by_mail": 0
    },
    "019-0915": {
        "url": "/notice/019-0915",
        "title": "Laguna Trading Ltd.\n      \n         - Environmental Compliance Approval (waste)",
        "comments_from_registry": 0,
        "comments_by_email": 0,
        "comments_by_mail": 0
    },
    "019-0352": {
        "url": "/notice/019-0352",
        "title": "Shannon Suy\n      \n         - Approval for a consent (subject to conditions) in an area where there is no official plan in place",
        "comments_from_registry": 0,
        "comments_by_email": 0,
        "comments_by_mail": 0
    },
    "019-1178": {
        "url": "/notice/019-1178",
        "title": "1775857 Ontario Inc. operating as Superior Environmental Services\n      \n         - Environmental Compliance Approval (waste)",
        "comments_from_registry": 2,
        "comments_by_email": 0,
        "comments_by_mail": 0
    },
    "019-0302": {
        "url": "/notice/019-0302",
        "title": "York Environmental Solutions Ltd. as general partner for and on behalf of York Environmental Solutions, LP\n      \n         - Environmental Compliance Approval (multiple media)",
        "comments_from_registry": 0,
        "comments_by_email": 0,
        "comments_by_mail": 0
    },
    "013-4866": {
        "url": "/notice/013-4866",
        "title": "Cyanide Destruct Systems Inc.\n      \n         - Environmental Compliance Approval (waste)",
        "comments_from_registry": 0,
        "comments_by_email": 0,
        "comments_by_mail": 0
    },
    "019-1227": {
        "url": "/notice/019-1227",
        "title": "Aki Siltamaki\n      \n         - Mineral exploration permit",
        "comments_from_registry": 0,
        "comments_by_email": 1,
        "comments_by_mail": 0
    },
    "019-0329": {
        "url": "/notice/019-0329",
        "title": "EcoVac Solutions Ltd.\n      \n         - Environmental Compliance Approval (waste)",
        "comments_from_registry": 0,
        "comments_by_email": 0,
        "comments_by_mail": 0
    },
    "013-3384": {
        "url": "/notice/013-3384",
        "title": "St. Helen's Meat Packers Ltd.\n      \n         - Environmental Compliance Approval (air)",
        "comments_from_registry": 144,
        "comments_by_email": 0,
        "comments_by_mail": 2
    },
    "013-3317": {
        "url": "/notice/013-3317",
        "title": "Hydro One Networks Inc.\n      \n         - Environmental Compliance Approval (sewage)",
        "comments_from_registry": 0,
        "comments_by_email": 0,
        "comments_by_mail": 0
    },
    "013-3833": {
        "url": "/notice/013-3833",
        "title": "Blue Spring Trout Farms Ltd.\n      \n         - Permit to take water",
        "comments_from_registry": 0,
        "comments_by_email": 0,
        "comments_by_mail": 0
    },
    "013-3996": {
        "url": "/notice/013-3996",
        "title": "Owen Sound Ledgerock Limited\n      \n         - Permit to take water",
        "comments_from_registry": 0,
        "comments_by_email": 0,
        "comments_by_mail": 0
    },
    "019-1279": {
        "url": "/notice/019-1279",
        "title": "URSA Major Minerals Incorporated\n      \n         - Mineral exploration permit",
        "comments_from_registry": 0,
        "comments_by_email": 0,
        "comments_by_mail": 0
    },
    "019-1281": {
        "url": "/notice/019-1281",
        "title": "URSA Major Minerals Incorporated\n      \n         - Mineral exploration permit",
        "comments_from_registry": 0,
        "comments_by_email": 0,
        "comments_by_mail": 0
    },
    "013-5256": {
        "url": "/notice/013-5256",
        "title": "CRH Canada Group Inc.\n      \n         - Permit to take water",
        "comments_from_registry": 0,
        "comments_by_email": 0,
        "comments_by_mail": 0
    },
    "013-5241": {
        "url": "/notice/013-5241",
        "title": "John Bayus Park Limited\n      \n         - Permit to take water",
        "comments_from_registry": 0,
        "comments_by_email": 0,
        "comments_by_mail": 0
    }
}