{
    "019-4806": {
        "url": "/notice/019-4806",
        "title": "Seaside and Lighthouse Developments Inc.\n      \n         - Environmental Compliance Approval (sewage)",
        "comments_from_registry": 0,
        "comments_by_email": 0,
        "comments_by_mail": 0
    },
    "019-5541": {
        "url": "/notice/019-5541",
        "title": "Riverside RV Resort & Campground Inc.\n      \n         - Environmental Compliance Approval (sewage)",
        "comments_from_registry": 0,
        "comments_by_email": 0,
        "comments_by_mail": 0
    },
    "019-5604": {
        "url": "/notice/019-5604",
        "title": "Chesley Lake Camp Association Limited\n      \n         - Environmental Compliance Approval (sewage)",
        "comments_from_registry": 0,
        "comments_by_email": 0,
        "comments_by_mail": 0
    },
    "019-3402": {
        "url": "/notice/019-3402",
        "title": "North West Rubber Ltd.\n      \n         - Environmental Compliance Approval (air)",
        "comments_from_registry": 0,
        "comments_by_email": 0,
        "comments_by_mail": 0
    },
    "019-5971": {
        "url": "/notice/019-5971",
        "title": "SUNCOR ENERGY PRODUCTS PARTNERSHIP\n      \n         - Approval for variance from the Liquid Fuels Handling Code",
        "comments_from_registry": 0,
        "comments_by_email": 0,
        "comments_by_mail": 0
    },
    "019-4655": {
        "url": "/notice/019-4655",
        "title": "Judy Anne Bresele\n      \n         - Environmental Compliance Approval (sewage)",
        "comments_from_registry": 0,
        "comments_by_email": 0,
        "comments_by_mail": 0
    },
    "019-5151": {
        "url": "/notice/019-5151",
        "title": "Hodgins Custom Service Ltd.\n      \n         - Environmental Compliance Approval (waste)",
        "comments_from_registry": 0,
        "comments_by_email": 0,
        "comments_by_mail": 0
    },
    "019-4818": {
        "url": "/notice/019-4818",
        "title": "John Zubick Limited\n      \n         - Environmental Compliance Approval (air)",
        "comments_from_registry": 0,
        "comments_by_email": 0,
        "comments_by_mail": 0
    },
    "019-5749": {
        "url": "/notice/019-5749",
        "title": "Centra Industries Inc.\n      \n         - Environmental Compliance Approval (air)",
        "comments_from_registry": 0,
        "comments_by_email": 0,
        "comments_by_mail": 0
    },
    "019-5488": {
        "url": "/notice/019-5488",
        "title": "Oregon Tool Canada Ltd.\n      \n         - Permit to take water",
        "comments_from_registry": 0,
        "comments_by_email": 0,
        "comments_by_mail": 0
    },
    "019-5718": {
        "url": "/notice/019-5718",
        "title": "33 Parliament GP Inc., as a general partner for and on behalf of Graywood 33 Limited Partnership\n      \n         - Permit to take water",
        "comments_from_registry": 0,
        "comments_by_email": 0,
        "comments_by_mail": 0
    },
    "019-3802": {
        "url": "/notice/019-3802",
        "title": "York Region Wastewater Act",
        "comments_from_registry": 13,
        "comments_by_email": 5,
        "comments_by_mail": 0
    },
    "019-2747": {
        "url": "/notice/019-2747",
        "title": "Northern Superior Resources Inc.\n      \n         - Mineral exploration permit",
        "comments_from_registry": 0,
        "comments_by_email": 0,
        "comments_by_mail": 0
    },
    "019-2748": {
        "url": "/notice/019-2748",
        "title": "Northern Superior Resources Inc.\n      \n         - Mineral exploration permit",
        "comments_from_registry": 0,
        "comments_by_email": 0,
        "comments_by_mail": 0
    },
    "019-5939": {
        "url": "/notice/019-5939",
        "title": "PARKLAND CORPORATION\n      \n         - Approval for variance from the Liquid Fuels Handling Code",
        "comments_from_registry": 0,
        "comments_by_email": 0,
        "comments_by_mail": 0
    },
    "019-5944": {
        "url": "/notice/019-5944",
        "title": "MAC'S CONVENIENCE STORES INC\n      \n         - Approval for variance from the Liquid Fuels Handling Code",
        "comments_from_registry": 0,
        "comments_by_email": 0,
        "comments_by_mail": 0
    },
    "019-4604": {
        "url": "/notice/019-4604",
        "title": "Gott Enterprises Inc.\n      \n         - Permit to take water",
        "comments_from_registry": 0,
        "comments_by_email": 0,
        "comments_by_mail": 0
    },
    "019-3999": {
        "url": "/notice/019-3999",
        "title": "McCrea Equipment Rentals\n      \n         - Environmental Compliance Approval (waste)",
        "comments_from_registry": 6,
        "comments_by_email": 6,
        "comments_by_mail": 0
    },
    "019-4625": {
        "url": "/notice/019-4625",
        "title": "9374-2724 Qu\u00e9bec Inc.\n      \n         - Environmental Compliance Approval (sewage)",
        "comments_from_registry": 0,
        "comments_by_email": 0,
        "comments_by_mail": 0
    },
    "019-5742": {
        "url": "/notice/019-5742",
        "title": "908 ST. Clair West GP Inc., as general partner for and on behalf of 908 ST. Clair West Limited Partnership\n      \n         - Permit to take water",
        "comments_from_registry": 0,
        "comments_by_email": 0,
        "comments_by_mail": 0
    }
}