{
    "019-6762": {
        "url": "/notice/019-6762",
        "title": "Imperial Oil\n      \n         - Approval for variance from the Liquid Fuels Handling Code",
        "comments_from_registry": 0,
        "comments_by_email": 0,
        "comments_by_mail": 0
    },
    "019-6726": {
        "url": "/notice/019-6726",
        "title": "FNX MINING COMPANY INCORPORATED\n      \n         - Mineral exploration permit",
        "comments_from_registry": 0,
        "comments_by_email": 0,
        "comments_by_mail": 0
    },
    "019-6699": {
        "url": "/notice/019-6699",
        "title": "Canadian Nickel Company Incorporated\n      \n         - Mineral exploration permit",
        "comments_from_registry": 0,
        "comments_by_email": 0,
        "comments_by_mail": 0
    },
    "019-6130": {
        "url": "/notice/019-6130",
        "title": "Golden Share Resources \n      \n         - Mineral exploration permit",
        "comments_from_registry": 0,
        "comments_by_email": 0,
        "comments_by_mail": 0
    },
    "019-6131": {
        "url": "/notice/019-6131",
        "title": "Golden Share Resources \n      \n         - Mineral exploration permit",
        "comments_from_registry": 0,
        "comments_by_email": 0,
        "comments_by_mail": 0
    },
    "019-2705": {
        "url": "/notice/019-2705",
        "title": "Argo Gold Inc.\n      \n         - Mineral exploration permit",
        "comments_from_registry": 1,
        "comments_by_email": 0,
        "comments_by_mail": 0
    },
    "019-6609": {
        "url": "/notice/019-6609",
        "title": "James McLaren\n      \n         - Approval for a consent (subject to conditions) in an area where there is no official plan in place",
        "comments_from_registry": 0,
        "comments_by_email": 0,
        "comments_by_mail": 0
    },
    "019-5530": {
        "url": "/notice/019-5530",
        "title": "City of Barrie\n      \n         - Approval of a municipality\u2019s official plan",
        "comments_from_registry": 30,
        "comments_by_email": 16,
        "comments_by_mail": 0
    },
    "019-4969": {
        "url": "/notice/019-4969",
        "title": "City of Peterborough\n      \n         - Approval of a municipality\u2019s official plan",
        "comments_from_registry": 11,
        "comments_by_email": 6,
        "comments_by_mail": 0
    },
    "019-4953": {
        "url": "/notice/019-4953",
        "title": "City of Belleville\n      \n         - Approval of a municipality\u2019s official plan",
        "comments_from_registry": 4,
        "comments_by_email": 2,
        "comments_by_mail": 0
    },
    "019-5952": {
        "url": "/notice/019-5952",
        "title": "Regional Municipality of Waterloo\n      \n         - Approval to amend a municipality\u2019s official plan",
        "comments_from_registry": 269,
        "comments_by_email": 150,
        "comments_by_mail": 0
    },
    "019-5981": {
        "url": "/notice/019-5981",
        "title": "City of Guelph\n      \n         - Approval to amend a municipality\u2019s official plan",
        "comments_from_registry": 24,
        "comments_by_email": 0,
        "comments_by_mail": 0
    },
    "019-5635": {
        "url": "/notice/019-5635",
        "title": "County of Wellington\n      \n         - Approval to amend a municipality\u2019s official plan",
        "comments_from_registry": 20,
        "comments_by_email": 0,
        "comments_by_mail": 0
    },
    "019-6585": {
        "url": "/notice/019-6585",
        "title": "Orillia (144 Elgin St.) Ventures Inc.\n      \n         - Certificate of property use",
        "comments_from_registry": 0,
        "comments_by_email": 0,
        "comments_by_mail": 0
    },
    "019-6664": {
        "url": "/notice/019-6664",
        "title": "490 St. Clair West Property Inc.\n      \n         - Certificate of property use",
        "comments_from_registry": 0,
        "comments_by_email": 0,
        "comments_by_mail": 0
    },
    "019-6725": {
        "url": "/notice/019-6725",
        "title": "Brunswick Exploration Incorporated\n      \n         - Mineral exploration permit",
        "comments_from_registry": 1,
        "comments_by_email": 0,
        "comments_by_mail": 0
    },
    "019-6723": {
        "url": "/notice/019-6723",
        "title": "2004402 Ontario Incorporated\n      \n         - Mineral exploration permit",
        "comments_from_registry": 0,
        "comments_by_email": 0,
        "comments_by_mail": 0
    },
    "019-6177": {
        "url": "/notice/019-6177",
        "title": "Review of A Place to Grow and Provincial Policy Statement",
        "comments_from_registry": 210,
        "comments_by_email": 73,
        "comments_by_mail": 0
    },
    "019-6670": {
        "url": "/notice/019-6670",
        "title": "Champion Bear Resources Limited\n      \n         - Mineral exploration permit",
        "comments_from_registry": 0,
        "comments_by_email": 0,
        "comments_by_mail": 0
    },
    "019-6669": {
        "url": "/notice/019-6669",
        "title": "Wallbridge Mining Company Limited\n      \n         - Mineral exploration permit",
        "comments_from_registry": 0,
        "comments_by_email": 0,
        "comments_by_mail": 0
    }
}