{
    "019-8331": {
        "url": "/notice/019-8331",
        "title": "Group Ten Metals\n      \n         - Mineral exploration permit",
        "comments_from_registry": 0,
        "comments_by_email": 0,
        "comments_by_mail": 0
    },
    "019-7826": {
        "url": "/notice/019-7826",
        "title": "Procyk Farms (1994) Limited\n      \n         - Environmental Compliance Approval (sewage)",
        "comments_from_registry": 0,
        "comments_by_email": 0,
        "comments_by_mail": 0
    },
    "019-8231": {
        "url": "/notice/019-8231",
        "title": "City of Toronto Economic Development Corporation\n      \n         - Certificate of property use",
        "comments_from_registry": 0,
        "comments_by_email": 0,
        "comments_by_mail": 0
    },
    "019-8112": {
        "url": "/notice/019-8112",
        "title": "North Halton Golf and Country Club Limited\n      \n         - Permit to take water",
        "comments_from_registry": 0,
        "comments_by_email": 0,
        "comments_by_mail": 0
    },
    "019-6482": {
        "url": "/notice/019-6482",
        "title": "Safety-Kleen Canada Inc.\n      \n         - Environmental Compliance Approval (air)",
        "comments_from_registry": 0,
        "comments_by_email": 0,
        "comments_by_mail": 0
    },
    "019-8059": {
        "url": "/notice/019-8059",
        "title": "Halo Car Wash Inc.\n      \n         - Environmental Compliance Approval (sewage)",
        "comments_from_registry": 0,
        "comments_by_email": 0,
        "comments_by_mail": 0
    },
    "019-7687": {
        "url": "/notice/019-7687",
        "title": "Ontario Plants Propagation Limited\n      \n         - Environmental Compliance Approval (sewage)",
        "comments_from_registry": 0,
        "comments_by_email": 0,
        "comments_by_mail": 0
    },
    "019-7304": {
        "url": "/notice/019-7304",
        "title": "IAMGOLD Corporation\n      \n         - Permit to take water",
        "comments_from_registry": 0,
        "comments_by_email": 1,
        "comments_by_mail": 0
    },
    "019-7089": {
        "url": "/notice/019-7089",
        "title": "Ridge (Chatham) Holdings G.P. Inc. as a general partner for and on behalf of Ridge (Chatham) Holdings, L.P.\n      \n         - Environmental Compliance Approval (air)",
        "comments_from_registry": 0,
        "comments_by_email": 0,
        "comments_by_mail": 0
    },
    "019-6912": {
        "url": "/notice/019-6912",
        "title": "Carol Faye\n      \n         - Mineral exploration permit",
        "comments_from_registry": 0,
        "comments_by_email": 0,
        "comments_by_mail": 0
    },
    "019-5706": {
        "url": "/notice/019-5706",
        "title": "John Ternowesky\n      \n         - Mineral exploration permit",
        "comments_from_registry": 0,
        "comments_by_email": 0,
        "comments_by_mail": 0
    },
    "019-8149": {
        "url": "/notice/019-8149",
        "title": "Vale Canada Limited\n      \n         - Permit to take water",
        "comments_from_registry": 0,
        "comments_by_email": 0,
        "comments_by_mail": 0
    },
    "019-7489": {
        "url": "/notice/019-7489",
        "title": "C. H. Demill Holdings Inc.\n      \n         - Permit to take water",
        "comments_from_registry": 44,
        "comments_by_email": 0,
        "comments_by_mail": 4
    },
    "019-7381": {
        "url": "/notice/019-7381",
        "title": "BIG RIDEAU ENTERPRISES INC.\n      \n         - Permit to take water",
        "comments_from_registry": 0,
        "comments_by_email": 1,
        "comments_by_mail": 0
    },
    "019-8401": {
        "url": "/notice/019-8401",
        "title": "IAMGOLD CORPORATION\n      \n         - Approval for variance from the Liquid Fuels Handling Code",
        "comments_from_registry": 0,
        "comments_by_email": 0,
        "comments_by_mail": 0
    },
    "019-8388": {
        "url": "/notice/019-8388",
        "title": "NEWMONT CANADA CORPORATION\n      \n         - Approval for variance from the Liquid Fuels Handling Code",
        "comments_from_registry": 0,
        "comments_by_email": 0,
        "comments_by_mail": 0
    },
    "019-6831": {
        "url": "/notice/019-6831",
        "title": "GUSPRO INC\n      \n         - Environmental Compliance Approval (air)",
        "comments_from_registry": 0,
        "comments_by_email": 0,
        "comments_by_mail": 0
    },
    "019-6442": {
        "url": "/notice/019-6442",
        "title": "Team Reclamation Inc.\n      \n         - Environmental Compliance Approval (air)",
        "comments_from_registry": 0,
        "comments_by_email": 0,
        "comments_by_mail": 0
    },
    "019-8162": {
        "url": "/notice/019-8162",
        "title": "2681891 ONTARIO INC\n      \n         - Mineral exploration permit",
        "comments_from_registry": 1,
        "comments_by_email": 0,
        "comments_by_mail": 0
    },
    "019-7741": {
        "url": "/notice/019-7741",
        "title": "Developing government response statements for four species at risk under the Endangered Species Act, 2007",
        "comments_from_registry": 3,
        "comments_by_email": 5,
        "comments_by_mail": 0
    }
}