{
    "019-3560": {
        "url": "/notice/019-3560",
        "title": "Brent Clark - Gravel Ridge Resources Ltd.\n      \n         - Mineral exploration permit",
        "comments_from_registry": 0,
        "comments_by_email": 0,
        "comments_by_mail": 0
    },
    "019-2347": {
        "url": "/notice/019-2347",
        "title": "Larsen & Shaw Limited\n      \n         - Environmental Compliance Approval (air)",
        "comments_from_registry": 0,
        "comments_by_email": 0,
        "comments_by_mail": 0
    },
    "019-3446": {
        "url": "/notice/019-3446",
        "title": "Cosmetica Laboratories Inc.\n      \n         - Environmental Compliance Approval (air)",
        "comments_from_registry": 0,
        "comments_by_email": 0,
        "comments_by_mail": 0
    },
    "019-1174": {
        "url": "/notice/019-1174",
        "title": "Southwest United Canada Inc.\n      \n         - Environmental Compliance Approval (air)",
        "comments_from_registry": 0,
        "comments_by_email": 0,
        "comments_by_mail": 0
    },
    "019-2371": {
        "url": "/notice/019-2371",
        "title": "Coco Paving Inc.\n      \n         - Environmental Compliance Approval (air)",
        "comments_from_registry": 0,
        "comments_by_email": 0,
        "comments_by_mail": 0
    },
    "019-3463": {
        "url": "/notice/019-3463",
        "title": "Enbridge Pipelines Inc.\n      \n         - Permit to take water",
        "comments_from_registry": 0,
        "comments_by_email": 0,
        "comments_by_mail": 0
    },
    "019-0391": {
        "url": "/notice/019-0391",
        "title": "Northern Disposal and Sanitation\n      \n         - Environmental Compliance Approval (waste)",
        "comments_from_registry": 0,
        "comments_by_email": 0,
        "comments_by_mail": 0
    },
    "019-3666": {
        "url": "/notice/019-3666",
        "title": "Conquest Resources Limited\n      \n         - Mineral exploration permit",
        "comments_from_registry": 0,
        "comments_by_email": 0,
        "comments_by_mail": 0
    },
    "019-3651": {
        "url": "/notice/019-3651",
        "title": "SPC Nickel Corp.\n      \n         - Mineral exploration permit",
        "comments_from_registry": 0,
        "comments_by_email": 0,
        "comments_by_mail": 0
    },
    "019-3652": {
        "url": "/notice/019-3652",
        "title": "SPC Nickel Corp.\n      \n         - Mineral exploration permit",
        "comments_from_registry": 0,
        "comments_by_email": 0,
        "comments_by_mail": 0
    },
    "019-3653": {
        "url": "/notice/019-3653",
        "title": "SPC Nickel Corp.\n      \n         - Mineral exploration permit",
        "comments_from_registry": 0,
        "comments_by_email": 0,
        "comments_by_mail": 0
    },
    "019-3534": {
        "url": "/notice/019-3534",
        "title": "Moving Ontarians More Safely Act, 2021 & Towing and Storage Safety and Enforcement Act, 2021",
        "comments_from_registry": 2,
        "comments_by_email": 0,
        "comments_by_mail": 0
    },
    "019-2686": {
        "url": "/notice/019-2686",
        "title": "Premium Brands Operating GP Inc., as general partner for and on behalf of Premium Brands Operating Limited Partnership\n      \n         - Environmental Compliance Approval (air)",
        "comments_from_registry": 0,
        "comments_by_email": 0,
        "comments_by_mail": 0
    },
    "019-2449": {
        "url": "/notice/019-2449",
        "title": "Munro Agromart Ltd.\n      \n         - Environmental Compliance Approval (air)",
        "comments_from_registry": 0,
        "comments_by_email": 0,
        "comments_by_mail": 0
    },
    "019-1138": {
        "url": "/notice/019-1138",
        "title": "Brose Canada Inc.\n      \n         - Environmental Compliance Approval (air)",
        "comments_from_registry": 0,
        "comments_by_email": 0,
        "comments_by_mail": 0
    },
    "019-3418": {
        "url": "/notice/019-3418",
        "title": "M Richgrove Corp.\n      \n         - Permit to take water",
        "comments_from_registry": 0,
        "comments_by_email": 0,
        "comments_by_mail": 0
    },
    "019-3301": {
        "url": "/notice/019-3301",
        "title": "Washington Sand and Gravel Ltd.\n      \n         - Permit to take water",
        "comments_from_registry": 0,
        "comments_by_email": 0,
        "comments_by_mail": 0
    },
    "019-2082": {
        "url": "/notice/019-2082",
        "title": "Douglas Barwick Inc.\n      \n         - Environmental Compliance Approval (air)",
        "comments_from_registry": 0,
        "comments_by_email": 0,
        "comments_by_mail": 0
    },
    "019-1997": {
        "url": "/notice/019-1997",
        "title": "GFL Environmental Inc.\n      \n         - Environmental Compliance Approval (waste)",
        "comments_from_registry": 0,
        "comments_by_email": 0,
        "comments_by_mail": 0
    },
    "019-2922": {
        "url": "/notice/019-2922",
        "title": "Challenger Motor Freight Inc.\n      \n         - Environmental Compliance Approval (sewage)",
        "comments_from_registry": 0,
        "comments_by_email": 0,
        "comments_by_mail": 0
    }
}