{
    "019-1950": {
        "url": "/notice/019-1950",
        "title": "Battery Mineral Resources Limited\n      \n         - Mineral exploration permit",
        "comments_from_registry": 0,
        "comments_by_email": 0,
        "comments_by_mail": 0
    },
    "019-1949": {
        "url": "/notice/019-1949",
        "title": "Battery Mineral Resources Limited\n      \n         - Mineral exploration permit",
        "comments_from_registry": 0,
        "comments_by_email": 0,
        "comments_by_mail": 0
    },
    "013-3722": {
        "url": "/notice/013-3722",
        "title": "City of Elliot Lake\n      \n         - Approval to amend a municipality\u2019s official plan",
        "comments_from_registry": 0,
        "comments_by_email": 0,
        "comments_by_mail": 0
    },
    "019-0363": {
        "url": "/notice/019-0363",
        "title": "Frontier Lithium Inc.\n      \n         - Environmental Compliance Approval (air)",
        "comments_from_registry": 0,
        "comments_by_email": 0,
        "comments_by_mail": 0
    },
    "019-0515": {
        "url": "/notice/019-0515",
        "title": "Blair Asphalt Products Ltd.\n      \n         - Environmental Compliance Approval (air)",
        "comments_from_registry": 0,
        "comments_by_email": 0,
        "comments_by_mail": 0
    },
    "019-0943": {
        "url": "/notice/019-0943",
        "title": "Brookfield Residential (Ontario) GP Inc., as general partner for and on behalf of Brookfield Residential (Ontario) LP\n      \n         - Environmental Compliance Approval (air)",
        "comments_from_registry": 0,
        "comments_by_email": 0,
        "comments_by_mail": 0
    },
    "019-1986": {
        "url": "/notice/019-1986",
        "title": "GENERAL MOTORS OF CANADA LIMITED\n      \n         - Approval for variance from the Liquid Fuels Handling Code",
        "comments_from_registry": 0,
        "comments_by_email": 0,
        "comments_by_mail": 0
    },
    "013-3539": {
        "url": "/notice/013-3539",
        "title": "Pure Gold Mining Inc.\n      \n         - Environmental Compliance Approval (air)",
        "comments_from_registry": 0,
        "comments_by_email": 0,
        "comments_by_mail": 0
    },
    "019-1975": {
        "url": "/notice/019-1975",
        "title": "W.O. STINSON & SON LIMITED\n      \n         - Approval for variance from the Liquid Fuels Handling Code",
        "comments_from_registry": 0,
        "comments_by_email": 0,
        "comments_by_mail": 0
    },
    "019-1929": {
        "url": "/notice/019-1929",
        "title": "Ms. Terry Bursey\n      \n         - Mineral exploration permit",
        "comments_from_registry": 0,
        "comments_by_email": 0,
        "comments_by_mail": 0
    },
    "019-1334": {
        "url": "/notice/019-1334",
        "title": "Globex Mining Enterprises\n      \n         - Mineral exploration permit",
        "comments_from_registry": 0,
        "comments_by_email": 0,
        "comments_by_mail": 0
    },
    "019-0518": {
        "url": "/notice/019-0518",
        "title": "Ontario\u2019s Sustainable Bait Management Strategy",
        "comments_from_registry": 55,
        "comments_by_email": 2,
        "comments_by_mail": 0
    },
    "019-0423": {
        "url": "/notice/019-0423",
        "title": "Cyanide Destruct Systems Inc.\n      \n         - Environmental Compliance Approval (air)",
        "comments_from_registry": 0,
        "comments_by_email": 0,
        "comments_by_mail": 0
    },
    "019-0929": {
        "url": "/notice/019-0929",
        "title": "1583661 Ontario Inc.\n      \n         - Environmental Compliance Approval (sewage)",
        "comments_from_registry": 0,
        "comments_by_email": 0,
        "comments_by_mail": 0
    },
    "019-0777": {
        "url": "/notice/019-0777",
        "title": "Piccioni Bros. Mushroom Farm Ltd.\n      \n         - Environmental Compliance Approval (sewage)",
        "comments_from_registry": 0,
        "comments_by_email": 0,
        "comments_by_mail": 0
    },
    "019-1333": {
        "url": "/notice/019-1333",
        "title": "G. Bareich Import-Export Inc.\n      \n         - Environmental Compliance Approval (air)",
        "comments_from_registry": 0,
        "comments_by_email": 0,
        "comments_by_mail": 0
    },
    "013-5254": {
        "url": "/notice/013-5254",
        "title": "Clyffe House Limited\n      \n         - Environmental Compliance Approval (sewage)",
        "comments_from_registry": 0,
        "comments_by_email": 0,
        "comments_by_mail": 0
    },
    "019-1384": {
        "url": "/notice/019-1384",
        "title": "Waste Management of Canada Corporation\n      \n         - Environmental Compliance Approval (sewage)",
        "comments_from_registry": 0,
        "comments_by_email": 0,
        "comments_by_mail": 0
    },
    "019-0449": {
        "url": "/notice/019-0449",
        "title": "1582674 Ontario Inc.\n      \n         - Environmental Compliance Approval (sewage)",
        "comments_from_registry": 0,
        "comments_by_email": 0,
        "comments_by_mail": 0
    },
    "019-0434": {
        "url": "/notice/019-0434",
        "title": "591182 Ontario Limited\n      \n         - Environmental Compliance Approval (sewage)",
        "comments_from_registry": 0,
        "comments_by_email": 0,
        "comments_by_mail": 0
    }
}