{
    "019-7227": {
        "url": "/notice/019-7227",
        "title": "James Dick Construction Limited\n      \n         - Permit to take water",
        "comments_from_registry": 0,
        "comments_by_email": 0,
        "comments_by_mail": 0
    },
    "019-7360": {
        "url": "/notice/019-7360",
        "title": "Regulating ten species and four genera as invasive species under Ontario\u2019s Invasive Species Act, 2015.",
        "comments_from_registry": 62,
        "comments_by_email": 3,
        "comments_by_mail": 0
    },
    "019-7703": {
        "url": "/notice/019-7703",
        "title": "Artmico Holdings G.P. Inc. \n      \n         - Permit to take water",
        "comments_from_registry": 0,
        "comments_by_email": 0,
        "comments_by_mail": 0
    },
    "019-7342": {
        "url": "/notice/019-7342",
        "title": "Waste Management of Canada Corporation\n      \n         - Environmental Compliance Approval (air)",
        "comments_from_registry": 1,
        "comments_by_email": 0,
        "comments_by_mail": 0
    },
    "019-7688": {
        "url": "/notice/019-7688",
        "title": "O'Brien Lifting Solutions Inc.\n      \n         - Environmental Compliance Approval (air)",
        "comments_from_registry": 0,
        "comments_by_email": 0,
        "comments_by_mail": 0
    },
    "019-6625": {
        "url": "/notice/019-6625",
        "title": "Kenaidan Contracting Ltd.\n      \n         - Environmental Compliance Approval (sewage)",
        "comments_from_registry": 0,
        "comments_by_email": 0,
        "comments_by_mail": 0
    },
    "019-7669": {
        "url": "/notice/019-7669",
        "title": "Changes to the definition of an \u201cAffordable Residential Unit\u201d in the Development Charges Act, 1997 for the purpose of municipal development-related charge discounts and exemptions",
        "comments_from_registry": 81,
        "comments_by_email": 9,
        "comments_by_mail": 0
    },
    "019-7895": {
        "url": "/notice/019-7895",
        "title": "PARKLAND CORPORATION\n      \n         - Approval for variance from the Liquid Fuels Handling Code",
        "comments_from_registry": 0,
        "comments_by_email": 0,
        "comments_by_mail": 0
    },
    "019-7871": {
        "url": "/notice/019-7871",
        "title": "MAC'S CONVENIENCE STORES INC.\n      \n         - Approval for variance from the Liquid Fuels Handling Code",
        "comments_from_registry": 0,
        "comments_by_email": 0,
        "comments_by_mail": 0
    },
    "019-7870": {
        "url": "/notice/019-7870",
        "title": "MAC'S CONVENIENCE STORES INC.\n      \n         - Approval for variance from the Liquid Fuels Handling Code",
        "comments_from_registry": 0,
        "comments_by_email": 0,
        "comments_by_mail": 0
    },
    "019-7554": {
        "url": "/notice/019-7554",
        "title": "Brookfield Homes (Ontario) Whitby Limited\n      \n         - Certificate of property use",
        "comments_from_registry": 0,
        "comments_by_email": 0,
        "comments_by_mail": 0
    },
    "019-7446": {
        "url": "/notice/019-7446",
        "title": "The Sarjeant Company Limited\n      \n         - Permit to take water",
        "comments_from_registry": 117,
        "comments_by_email": 2,
        "comments_by_mail": 0
    },
    "019-5868": {
        "url": "/notice/019-5868",
        "title": "City of Toronto\n      \n         - Approval to amend a municipality\u2019s official plan",
        "comments_from_registry": 45,
        "comments_by_email": 45,
        "comments_by_mail": 0
    },
    "019-6721": {
        "url": "/notice/019-6721",
        "title": "Mapleview Golf & Country Club Inc.\n      \n         - Permit to take water",
        "comments_from_registry": 0,
        "comments_by_email": 4,
        "comments_by_mail": 0
    },
    "019-7752": {
        "url": "/notice/019-7752",
        "title": "Crews Auto Ltd, Charles Crews, Margaret Millington\n      \n         - Order to prevent discharge of contaminants",
        "comments_from_registry": 0,
        "comments_by_email": 0,
        "comments_by_mail": 0
    },
    "019-6782": {
        "url": "/notice/019-6782",
        "title": "Lorama Group Inc.\n      \n         - Environmental Compliance Approval (air)",
        "comments_from_registry": 0,
        "comments_by_email": 0,
        "comments_by_mail": 0
    },
    "019-7824": {
        "url": "/notice/019-7824",
        "title": "The Corporation of the City of Mississauga\n      \n         - Certificate of property use",
        "comments_from_registry": 0,
        "comments_by_email": 0,
        "comments_by_mail": 0
    },
    "019-7091": {
        "url": "/notice/019-7091",
        "title": "Vanbros Investments (2020) Inc.\n      \n         - Environmental Compliance Approval (sewage)",
        "comments_from_registry": 0,
        "comments_by_email": 0,
        "comments_by_mail": 0
    },
    "019-1675": {
        "url": "/notice/019-1675",
        "title": "Innocon Inc.\n      \n         - Environmental Compliance Approval (air)",
        "comments_from_registry": 0,
        "comments_by_email": 0,
        "comments_by_mail": 0
    },
    "019-2868": {
        "url": "/notice/019-2868",
        "title": "Pioneer Construction Inc.\n      \n         - Environmental Compliance Approval (air)",
        "comments_from_registry": 0,
        "comments_by_email": 0,
        "comments_by_mail": 0
    }
}