{
    "019-4426": {
        "url": "/notice/019-4426",
        "title": "H. T. Dale Services Ltd.\n      \n         - Environmental Compliance Approval (waste)",
        "comments_from_registry": 0,
        "comments_by_email": 0,
        "comments_by_mail": 0
    },
    "019-4708": {
        "url": "/notice/019-4708",
        "title": "H. T. Dale Services Ltd.\n      \n         - Environmental Compliance Approval (waste)",
        "comments_from_registry": 0,
        "comments_by_email": 0,
        "comments_by_mail": 0
    },
    "019-4709": {
        "url": "/notice/019-4709",
        "title": "H. T. Dale Services Ltd.\n      \n         - Environmental Compliance Approval (waste)",
        "comments_from_registry": 0,
        "comments_by_email": 0,
        "comments_by_mail": 0
    },
    "019-4910": {
        "url": "/notice/019-4910",
        "title": "Canada Nickel Company Inc.\n      \n         - Mineral exploration permit",
        "comments_from_registry": 0,
        "comments_by_email": 0,
        "comments_by_mail": 0
    },
    "019-4930": {
        "url": "/notice/019-4930",
        "title": "2681891 Ontario Inc.\n      \n         - Mineral exploration permit",
        "comments_from_registry": 0,
        "comments_by_email": 0,
        "comments_by_mail": 0
    },
    "019-4920": {
        "url": "/notice/019-4920",
        "title": "North American Exploration Ltd. \n      \n         - Mineral exploration permit",
        "comments_from_registry": 0,
        "comments_by_email": 0,
        "comments_by_mail": 0
    },
    "012-9905": {
        "url": "/notice/012-9905",
        "title": "Freymond Lumber Ltd.\n      \n         - Issuance of a licence to remove over 20,000 tonnes of aggregate annually from a pit or a quarry",
        "comments_from_registry": 14,
        "comments_by_email": 83,
        "comments_by_mail": 0
    },
    "019-3061": {
        "url": "/notice/019-3061",
        "title": "Costco Wholesale Canada Ltd.\n      \n         - Environmental Compliance Approval (sewage)",
        "comments_from_registry": 0,
        "comments_by_email": 0,
        "comments_by_mail": 0
    },
    "019-4393": {
        "url": "/notice/019-4393",
        "title": "2489295 Ontario Ltd.\n      \n         - Environmental Compliance Approval (sewage)",
        "comments_from_registry": 0,
        "comments_by_email": 0,
        "comments_by_mail": 0
    },
    "019-3806": {
        "url": "/notice/019-3806",
        "title": "Gott Enterprises Inc.\n      \n         - Permit to take water",
        "comments_from_registry": 0,
        "comments_by_email": 0,
        "comments_by_mail": 0
    },
    "019-4156": {
        "url": "/notice/019-4156",
        "title": "La Ferme Ben-Rey-Mo Ltd.\n      \n         - Environmental Compliance Approval (sewage)",
        "comments_from_registry": 0,
        "comments_by_email": 0,
        "comments_by_mail": 0
    },
    "019-4578": {
        "url": "/notice/019-4578",
        "title": "De Beers Canada Inc.\n      \n         - Permit to take water",
        "comments_from_registry": 0,
        "comments_by_email": 0,
        "comments_by_mail": 0
    },
    "019-4275": {
        "url": "/notice/019-4275",
        "title": "515476 Ontario Limited\n      \n         - Environmental Compliance Approval (waste)",
        "comments_from_registry": 0,
        "comments_by_email": 0,
        "comments_by_mail": 0
    },
    "019-4527": {
        "url": "/notice/019-4527",
        "title": "Sandeep Sajjan Enterprises Ltd.\n      \n         - Environmental Compliance Approval (waste)",
        "comments_from_registry": 0,
        "comments_by_email": 0,
        "comments_by_mail": 0
    },
    "019-4908": {
        "url": "/notice/019-4908",
        "title": "Fortune Nickel and Gold Inc.\n      \n         - Mineral exploration permit",
        "comments_from_registry": 0,
        "comments_by_email": 0,
        "comments_by_mail": 0
    },
    "019-4909": {
        "url": "/notice/019-4909",
        "title": "Fortune Nickel and Gold Inc.\n      \n         - Mineral exploration permit",
        "comments_from_registry": 0,
        "comments_by_email": 0,
        "comments_by_mail": 0
    },
    "019-4176": {
        "url": "/notice/019-4176",
        "title": "Update to the Environmental Guide for Noise",
        "comments_from_registry": 5,
        "comments_by_email": 0,
        "comments_by_mail": 0
    },
    "019-4923": {
        "url": "/notice/019-4923",
        "title": "Voltage Metals Inc.\n      \n         - Mineral exploration permit",
        "comments_from_registry": 0,
        "comments_by_email": 0,
        "comments_by_mail": 0
    },
    "019-4002": {
        "url": "/notice/019-4002",
        "title": "Canadian Builders Hardware Manufacturing Inc.\n      \n         - Approval to register for a technical standard for air pollution (industry standard)",
        "comments_from_registry": 0,
        "comments_by_email": 0,
        "comments_by_mail": 0
    },
    "019-4950": {
        "url": "/notice/019-4950",
        "title": "2681891 Ontario Inc.\n      \n         - Mineral exploration permit",
        "comments_from_registry": 1,
        "comments_by_email": 0,
        "comments_by_mail": 0
    }
}