{
    "013-3062": {
        "url": "/notice/013-3062",
        "title": "Rol-land Farms Limited \n      \n         - Environmental Compliance Approval (sewage)",
        "comments_from_registry": 0,
        "comments_by_email": 0,
        "comments_by_mail": 0
    },
    "013-3566": {
        "url": "/notice/013-3566",
        "title": "Revolution Environmental Solutions Acquisition GP Inc.\n      \n         - Environmental Compliance Approval (waste)",
        "comments_from_registry": 7,
        "comments_by_email": 0,
        "comments_by_mail": 0
    },
    "013-3237": {
        "url": "/notice/013-3237",
        "title": "Emergency Response Support Services Inc.\n      \n         - Environmental Compliance Approval (sewage)",
        "comments_from_registry": 0,
        "comments_by_email": 0,
        "comments_by_mail": 0
    },
    "012-4296": {
        "url": "/notice/012-4296",
        "title": "Miller Waste Durham Inc.\n      \n         - Environmental Compliance Approval (air)",
        "comments_from_registry": 0,
        "comments_by_email": 0,
        "comments_by_mail": 0
    },
    "013-4586": {
        "url": "/notice/013-4586",
        "title": "Waste Management of Canada Corporation\n      \n         - Environmental Compliance Approval (air)",
        "comments_from_registry": 0,
        "comments_by_email": 0,
        "comments_by_mail": 0
    },
    "013-4513": {
        "url": "/notice/013-4513",
        "title": "Larry D. Brown\n      \n         - Environmental Compliance Approval (waste)",
        "comments_from_registry": 0,
        "comments_by_email": 0,
        "comments_by_mail": 0
    },
    "013-3104": {
        "url": "/notice/013-3104",
        "title": "Don Neuman (Neuman Septic Service)\n      \n         - Environmental Compliance Approval (waste)",
        "comments_from_registry": 0,
        "comments_by_email": 0,
        "comments_by_mail": 0
    },
    "013-4934": {
        "url": "/notice/013-4934",
        "title": "2201115 Ontario Inc.\n      \n         - Permit to take water",
        "comments_from_registry": 0,
        "comments_by_email": 0,
        "comments_by_mail": 0
    },
    "013-4516": {
        "url": "/notice/013-4516",
        "title": "Swaffield Septic\n      \n         - Environmental Compliance Approval (waste)",
        "comments_from_registry": 0,
        "comments_by_email": 0,
        "comments_by_mail": 0
    },
    "013-4517": {
        "url": "/notice/013-4517",
        "title": "Swaffield Septic\n      \n         - Environmental Compliance Approval (waste)",
        "comments_from_registry": 0,
        "comments_by_email": 0,
        "comments_by_mail": 0
    },
    "013-4522": {
        "url": "/notice/013-4522",
        "title": "Ewart Ball (Ewart Ball Septic Service)\n      \n         - Environmental Compliance Approval (waste)",
        "comments_from_registry": 0,
        "comments_by_email": 0,
        "comments_by_mail": 0
    },
    "013-4514": {
        "url": "/notice/013-4514",
        "title": "Larry D. Brown\n      \n         - Environmental Compliance Approval (waste)",
        "comments_from_registry": 0,
        "comments_by_email": 0,
        "comments_by_mail": 0
    },
    "013-4523": {
        "url": "/notice/013-4523",
        "title": "Ewart Ball (Ewart Ball Septic Service)\n      \n         - Environmental Compliance Approval (waste)",
        "comments_from_registry": 0,
        "comments_by_email": 0,
        "comments_by_mail": 0
    },
    "013-3102": {
        "url": "/notice/013-3102",
        "title": "Con-Voi Septic and Excavating \n      \n         - Environmental Compliance Approval (waste)",
        "comments_from_registry": 0,
        "comments_by_email": 0,
        "comments_by_mail": 0
    },
    "013-3103": {
        "url": "/notice/013-3103",
        "title": "Schaus Sanitation Limited \n      \n         - Environmental Compliance Approval (waste)",
        "comments_from_registry": 0,
        "comments_by_email": 0,
        "comments_by_mail": 0
    },
    "013-4435": {
        "url": "/notice/013-4435",
        "title": "Grand Bend Sanitation Services Inc.\n      \n         - Environmental Compliance Approval (waste)",
        "comments_from_registry": 0,
        "comments_by_email": 0,
        "comments_by_mail": 0
    },
    "013-4444": {
        "url": "/notice/013-4444",
        "title": "Bluewater Sanitation\n      \n         - Environmental Compliance Approval (waste)",
        "comments_from_registry": 0,
        "comments_by_email": 0,
        "comments_by_mail": 0
    },
    "013-4440": {
        "url": "/notice/013-4440",
        "title": "Bluewater Sanitation\n      \n         - Environmental Compliance Approval (waste)",
        "comments_from_registry": 0,
        "comments_by_email": 0,
        "comments_by_mail": 0
    },
    "013-3797": {
        "url": "/notice/013-3797",
        "title": "District Municipality of Muskoka \n      \n         - Approval to amend a municipality\u2019s official plan",
        "comments_from_registry": 2,
        "comments_by_email": 13,
        "comments_by_mail": 0
    },
    "013-4442": {
        "url": "/notice/013-4442",
        "title": "Bluewater Sanitation\n      \n         - Environmental Compliance Approval (waste)",
        "comments_from_registry": 0,
        "comments_by_email": 0,
        "comments_by_mail": 0
    }
}