{
    "019-2462": {
        "url": "/notice/019-2462",
        "title": "Extending Grandfathering for Infrastructure Projects and Providing Additional Flexibility for Excess Soil Reuse",
        "comments_from_registry": 21,
        "comments_by_email": 11,
        "comments_by_mail": 0
    },
    "019-1737": {
        "url": "/notice/019-1737",
        "title": "Lafarge Canada Inc.\n      \n         - Environmental Compliance Approval (air)",
        "comments_from_registry": 0,
        "comments_by_email": 0,
        "comments_by_mail": 0
    },
    "019-2702": {
        "url": "/notice/019-2702",
        "title": "2707728 Ontario Inc. operating as Crimson Ridge Golf Club\n      \n         - Permit to take water",
        "comments_from_registry": 0,
        "comments_by_email": 0,
        "comments_by_mail": 0
    },
    "019-2637": {
        "url": "/notice/019-2637",
        "title": "Ms. D Dobrescu / Battle North Gold Corporation\n      \n         - Mineral exploration permit",
        "comments_from_registry": 0,
        "comments_by_email": 0,
        "comments_by_mail": 0
    },
    "019-1215": {
        "url": "/notice/019-1215",
        "title": "Greenfield Global Inc.\n      \n         - Environmental Compliance Approval (air)",
        "comments_from_registry": 0,
        "comments_by_email": 0,
        "comments_by_mail": 0
    },
    "019-2576": {
        "url": "/notice/019-2576",
        "title": "ClubLink Corporation ULC\n      \n         - Permit to take water",
        "comments_from_registry": 0,
        "comments_by_email": 0,
        "comments_by_mail": 0
    },
    "019-1861": {
        "url": "/notice/019-1861",
        "title": "Harte Gold Corp.\n      \n         - Permit to take water",
        "comments_from_registry": 0,
        "comments_by_email": 0,
        "comments_by_mail": 0
    },
    "019-2627": {
        "url": "/notice/019-2627",
        "title": "Beauty Bay (Kenora) Ltd.\n      \n         - Permit to take water",
        "comments_from_registry": 0,
        "comments_by_email": 0,
        "comments_by_mail": 0
    },
    "012-8198": {
        "url": "/notice/012-8198",
        "title": "Proposed amendments to Regulation 334 under the Environmental Assessment Act",
        "comments_from_registry": 0,
        "comments_by_email": 0,
        "comments_by_mail": 0
    },
    "019-1020": {
        "url": "/notice/019-1020",
        "title": "Proposed changes to the Crown Forest Sustainability Act, 1994",
        "comments_from_registry": 467,
        "comments_by_email": 738,
        "comments_by_mail": 0
    },
    "019-2696": {
        "url": "/notice/019-2696",
        "title": "Ian Johnson\n      \n         - Mineral exploration permit",
        "comments_from_registry": 0,
        "comments_by_email": 0,
        "comments_by_mail": 0
    },
    "019-2603": {
        "url": "/notice/019-2603",
        "title": "Patrick Lengyel for Q-Gold Resources Ltd.\n      \n         - Mineral exploration permit",
        "comments_from_registry": 0,
        "comments_by_email": 0,
        "comments_by_mail": 0
    },
    "019-1945": {
        "url": "/notice/019-1945",
        "title": "Hemlo Explorers Incorporated\n      \n         - Mineral exploration permit",
        "comments_from_registry": 0,
        "comments_by_email": 0,
        "comments_by_mail": 0
    },
    "019-2731": {
        "url": "/notice/019-2731",
        "title": "Mr. William Paterson\n      \n         - Mineral exploration permit",
        "comments_from_registry": 0,
        "comments_by_email": 0,
        "comments_by_mail": 0
    },
    "019-2654": {
        "url": "/notice/019-2654",
        "title": "Richmond Minerals Incorporated\n      \n         - Mineral exploration permit",
        "comments_from_registry": 0,
        "comments_by_email": 0,
        "comments_by_mail": 0
    },
    "019-1502": {
        "url": "/notice/019-1502",
        "title": "Changes to modernize Ontario\u2019s approach to licensing aquaculture",
        "comments_from_registry": 5,
        "comments_by_email": 4,
        "comments_by_mail": 0
    },
    "019-2587": {
        "url": "/notice/019-2587",
        "title": "Marcel and Doris Poulin\n      \n         - Approval for a consent (subject to conditions) in an area where there is no official plan in place",
        "comments_from_registry": 0,
        "comments_by_email": 0,
        "comments_by_mail": 0
    },
    "019-2651": {
        "url": "/notice/019-2651",
        "title": "Battery Mineral Resources Limited\n      \n         - Mineral exploration permit",
        "comments_from_registry": 0,
        "comments_by_email": 0,
        "comments_by_mail": 0
    },
    "019-2682": {
        "url": "/notice/019-2682",
        "title": "GFG Resources Incorporated\n      \n         - Mineral exploration permit",
        "comments_from_registry": 0,
        "comments_by_email": 0,
        "comments_by_mail": 0
    },
    "019-2624": {
        "url": "/notice/019-2624",
        "title": "Minaki On the River Inc.\n      \n         - Permit to take water",
        "comments_from_registry": 0,
        "comments_by_email": 0,
        "comments_by_mail": 0
    }
}