{
    "013-5016": {
        "url": "/notice/013-5016",
        "title": "The Summit Golf and Country Club, Limited\n      \n         - Permit to take water",
        "comments_from_registry": 0,
        "comments_by_email": 0,
        "comments_by_mail": 0
    },
    "013-4939": {
        "url": "/notice/013-4939",
        "title": "1416958 Ontario Inc.\n      \n         - Permit to take water",
        "comments_from_registry": 0,
        "comments_by_email": 0,
        "comments_by_mail": 0
    },
    "013-4941": {
        "url": "/notice/013-4941",
        "title": "Maple Downs Golf and Country Club Limited\n      \n         - Permit to take water",
        "comments_from_registry": 0,
        "comments_by_email": 0,
        "comments_by_mail": 0
    },
    "013-4904": {
        "url": "/notice/013-4904",
        "title": "St. Marys Cement Inc. (Canada)\n      \n         - Permit to take water",
        "comments_from_registry": 0,
        "comments_by_email": 0,
        "comments_by_mail": 0
    },
    "013-3378": {
        "url": "/notice/013-3378",
        "title": "Gowest Gold Ltd.\n      \n         - Environmental Compliance Approval (air)",
        "comments_from_registry": 0,
        "comments_by_email": 0,
        "comments_by_mail": 0
    },
    "013-3449": {
        "url": "/notice/013-3449",
        "title": "Ray Harris (Harris Septic Pumping & Haulage)\n      \n         - Environmental Compliance Approval (waste)",
        "comments_from_registry": 0,
        "comments_by_email": 0,
        "comments_by_mail": 0
    },
    "019-0060": {
        "url": "/notice/019-0060",
        "title": "Mars Joseph\n      \n         - Mineral exploration permit",
        "comments_from_registry": 0,
        "comments_by_email": 0,
        "comments_by_mail": 0
    },
    "019-0109": {
        "url": "/notice/019-0109",
        "title": "Joseph Vrzovski, Benton Resources Inc\n      \n         - Mineral exploration permit",
        "comments_from_registry": 1,
        "comments_by_email": 0,
        "comments_by_mail": 0
    },
    "013-4324": {
        "url": "/notice/013-4324",
        "title": "Organic Waste Management Inc.\n      \n         - Environmental Compliance Approval (air)",
        "comments_from_registry": 0,
        "comments_by_email": 0,
        "comments_by_mail": 0
    },
    "013-4360": {
        "url": "/notice/013-4360",
        "title": "Burlington Rifle & Revolver Club\n      \n         - Environmental Compliance Approval (air)",
        "comments_from_registry": 0,
        "comments_by_email": 0,
        "comments_by_mail": 0
    },
    "013-4266": {
        "url": "/notice/013-4266",
        "title": "Reclaim Solutions Inc.\n      \n         - Environmental Compliance Approval (air)",
        "comments_from_registry": 0,
        "comments_by_email": 0,
        "comments_by_mail": 0
    },
    "013-4683": {
        "url": "/notice/013-4683",
        "title": "Sonoco Canada Corporation\n      \n         - Environmental Compliance Approval (air)",
        "comments_from_registry": 0,
        "comments_by_email": 0,
        "comments_by_mail": 0
    },
    "013-5156": {
        "url": "/notice/013-5156",
        "title": "Atlantic Packaging Products Ltd.\n      \n         - Environmental Compliance Approval (air)",
        "comments_from_registry": 0,
        "comments_by_email": 0,
        "comments_by_mail": 0
    },
    "019-0117": {
        "url": "/notice/019-0117",
        "title": "Canadian Tire Corporation\n      \n         - Approval for variance from the Liquid Fuels Handling Code",
        "comments_from_registry": 0,
        "comments_by_email": 0,
        "comments_by_mail": 0
    },
    "019-0118": {
        "url": "/notice/019-0118",
        "title": "BCP IV Service Station LP\n      \n         - Approval for variance from the Liquid Fuels Handling Code",
        "comments_from_registry": 0,
        "comments_by_email": 0,
        "comments_by_mail": 0
    },
    "013-4693": {
        "url": "/notice/013-4693",
        "title": "Schefter Poultry Processing Ltd.\n      \n         - Environmental Compliance Approval (air)",
        "comments_from_registry": 0,
        "comments_by_email": 0,
        "comments_by_mail": 0
    },
    "012-8619": {
        "url": "/notice/012-8619",
        "title": "English River Forest\n      \n         - Forest management plan",
        "comments_from_registry": 0,
        "comments_by_email": 26,
        "comments_by_mail": 2
    },
    "019-0047": {
        "url": "/notice/019-0047",
        "title": "Moon Energy Corp.\n      \n         - Mineral exploration permit",
        "comments_from_registry": 0,
        "comments_by_email": 0,
        "comments_by_mail": 0
    },
    "013-4584": {
        "url": "/notice/013-4584",
        "title": "Jones Feed Mills Limited\n      \n         - Permit to take water",
        "comments_from_registry": 0,
        "comments_by_email": 0,
        "comments_by_mail": 0
    },
    "013-4686": {
        "url": "/notice/013-4686",
        "title": "Creek Side Village Inc.\n      \n         - Permit to take water",
        "comments_from_registry": 0,
        "comments_by_email": 0,
        "comments_by_mail": 0
    }
}