{
    "019-6836": {
        "url": "/notice/019-6836",
        "title": "Sandra Madder\n      \n         - Approval for a consent (subject to conditions) in an area where there is no official plan in place",
        "comments_from_registry": 0,
        "comments_by_email": 0,
        "comments_by_mail": 0
    },
    "019-6980": {
        "url": "/notice/019-6980",
        "title": "Mayfair Gold Corporation\n      \n         - Mineral exploration permit",
        "comments_from_registry": 0,
        "comments_by_email": 0,
        "comments_by_mail": 0
    },
    "019-6835": {
        "url": "/notice/019-6835",
        "title": "Darcy James\n      \n         - Approval for a consent (subject to conditions) in an area where there is no official plan in place",
        "comments_from_registry": 0,
        "comments_by_email": 0,
        "comments_by_mail": 0
    },
    "019-6834": {
        "url": "/notice/019-6834",
        "title": "2225171 Ontario Corporation\n      \n         - Approval for a consent (subject to conditions) in an area where there is no official plan in place",
        "comments_from_registry": 0,
        "comments_by_email": 0,
        "comments_by_mail": 0
    },
    "019-5349": {
        "url": "/notice/019-5349",
        "title": "Miller Waste Systems Inc.\n      \n         - Environmental Compliance Approval (air)",
        "comments_from_registry": 0,
        "comments_by_email": 0,
        "comments_by_mail": 0
    },
    "019-6309": {
        "url": "/notice/019-6309",
        "title": "Ridge (Chatham) Holdings G.P. Inc., as a general partner for and on behalf of Ridge (Chatham) Holdings, L.P.\n      \n         - Environmental Compliance Approval (waste)",
        "comments_from_registry": 0,
        "comments_by_email": 0,
        "comments_by_mail": 0
    },
    "019-7060": {
        "url": "/notice/019-7060",
        "title": "MAC'S CONVENIENCE STORES INC.\n      \n         - Approval for variance from the Liquid Fuels Handling Code",
        "comments_from_registry": 0,
        "comments_by_email": 0,
        "comments_by_mail": 0
    },
    "013-2099": {
        "url": "/notice/013-2099",
        "title": "Updating the Part II Order request process under the Environmental Assessment Act",
        "comments_from_registry": 5,
        "comments_by_email": 0,
        "comments_by_mail": 0
    },
    "019-6427": {
        "url": "/notice/019-6427",
        "title": "900 SCW PROPERTIES INC.\n      \n         - Permit to take water",
        "comments_from_registry": 0,
        "comments_by_email": 0,
        "comments_by_mail": 0
    },
    "019-6401": {
        "url": "/notice/019-6401",
        "title": "Cornwall Gravel Company Limited\n      \n         - Permit to take water",
        "comments_from_registry": 0,
        "comments_by_email": 0,
        "comments_by_mail": 0
    },
    "019-6646": {
        "url": "/notice/019-6646",
        "title": "Grand Bend Sanitation Services Inc.\n      \n         - Environmental Compliance Approval (waste)",
        "comments_from_registry": 0,
        "comments_by_email": 0,
        "comments_by_mail": 0
    },
    "019-6645": {
        "url": "/notice/019-6645",
        "title": "Grand Bend Sanitation Services Inc.\n      \n         - Environmental Compliance Approval (waste)",
        "comments_from_registry": 0,
        "comments_by_email": 0,
        "comments_by_mail": 0
    },
    "019-6221": {
        "url": "/notice/019-6221",
        "title": "1000145848 Ontario Inc. operating as Century Lodge\n      \n         - Environmental Compliance Approval (sewage)",
        "comments_from_registry": 0,
        "comments_by_email": 0,
        "comments_by_mail": 0
    },
    "019-3290": {
        "url": "/notice/019-3290",
        "title": "Proposal to amend the Forest Management Planning Manual regulated under the Crown Forest Sustainability Act and to amend Regulation 334 under the Environmental Assessment Act to Exempt Forest Management in the proposed Neskantaga Forest Management Unit",
        "comments_from_registry": 1,
        "comments_by_email": 0,
        "comments_by_mail": 1
    },
    "019-7057": {
        "url": "/notice/019-7057",
        "title": "CANADIAN TIRE CORPORATION LIMITED\n      \n         - Approval for variance from the Liquid Fuels Handling Code",
        "comments_from_registry": 0,
        "comments_by_email": 0,
        "comments_by_mail": 0
    },
    "019-6972": {
        "url": "/notice/019-6972",
        "title": "Infinite Ore Corp\n      \n         - Mineral exploration permit",
        "comments_from_registry": 0,
        "comments_by_email": 0,
        "comments_by_mail": 0
    },
    "019-7040": {
        "url": "/notice/019-7040",
        "title": "7 ELEVEN INC\n      \n         - Approval for variance from the Liquid Fuels Handling Code",
        "comments_from_registry": 0,
        "comments_by_email": 0,
        "comments_by_mail": 0
    },
    "019-6974": {
        "url": "/notice/019-6974",
        "title": "Infinite Ore Corp\n      \n         - Mineral exploration permit",
        "comments_from_registry": 0,
        "comments_by_email": 0,
        "comments_by_mail": 0
    },
    "019-6973": {
        "url": "/notice/019-6973",
        "title": "Infinite Ore Corp\n      \n         - Mineral exploration permit",
        "comments_from_registry": 0,
        "comments_by_email": 0,
        "comments_by_mail": 0
    },
    "019-5949": {
        "url": "/notice/019-5949",
        "title": "2374868 Ontario Inc. \n      \n         - Environmental Compliance Approval (air)",
        "comments_from_registry": 0,
        "comments_by_email": 0,
        "comments_by_mail": 0
    }
}