{
    "019-7684": {
        "url": "/notice/019-7684",
        "title": "Proposed changes to the Ontario Heritage Act and O.Reg. 385/21 General with respect to certain alteration requests",
        "comments_from_registry": 20,
        "comments_by_email": 3,
        "comments_by_mail": 0
    },
    "019-6988": {
        "url": "/notice/019-6988",
        "title": "Mianco Group Inc.\n      \n         - Environmental Compliance Approval (air)",
        "comments_from_registry": 0,
        "comments_by_email": 0,
        "comments_by_mail": 0
    },
    "019-8279": {
        "url": "/notice/019-8279",
        "title": "TransAlta (SC) Inc. as general partner for and on behalf of TransAlta (SC) L.P.\n      \n         - Environmental Compliance Approval (air)",
        "comments_from_registry": 0,
        "comments_by_email": 0,
        "comments_by_mail": 0
    },
    "019-6067": {
        "url": "/notice/019-6067",
        "title": "Lake of the Woods Draft Recreational Walleye Plan",
        "comments_from_registry": 274,
        "comments_by_email": 16,
        "comments_by_mail": 0
    },
    "019-3676": {
        "url": "/notice/019-3676",
        "title": "Power-Assisted Bicycle (E-Bike) Redefinition",
        "comments_from_registry": 22,
        "comments_by_email": 2,
        "comments_by_mail": 0
    },
    "019-6298": {
        "url": "/notice/019-6298",
        "title": "Hickory Terraces Ltd.\n      \n         - Environmental Compliance Approval (sewage)",
        "comments_from_registry": 0,
        "comments_by_email": 0,
        "comments_by_mail": 0
    },
    "019-7306": {
        "url": "/notice/019-7306",
        "title": "Millwick Waste Recycling Inc\n      \n         - Environmental Compliance Approval (air)",
        "comments_from_registry": 0,
        "comments_by_email": 0,
        "comments_by_mail": 0
    },
    "019-8024": {
        "url": "/notice/019-8024",
        "title": "1698293 Ontario Ltd. - Ian Bodnar & Valerie Wesselius\n      \n         - Approval for a consent (subject to conditions) in an area where there is no official plan in place",
        "comments_from_registry": 0,
        "comments_by_email": 0,
        "comments_by_mail": 0
    },
    "019-8023": {
        "url": "/notice/019-8023",
        "title": "1698293 Ontario Ltd. - Ian Bodnar & Valerie Wesselius\n      \n         - Approval for a consent (subject to conditions) in an area where there is no official plan in place",
        "comments_from_registry": 0,
        "comments_by_email": 0,
        "comments_by_mail": 0
    },
    "019-6038": {
        "url": "/notice/019-6038",
        "title": "Corporation of Haldimand County\n      \n         - Approval to amend a municipality\u2019s official plan",
        "comments_from_registry": 3,
        "comments_by_email": 1,
        "comments_by_mail": 0
    },
    "019-7236": {
        "url": "/notice/019-7236",
        "title": "GFL Environmental Inc.\n      \n         - Environmental Compliance Approval (air)",
        "comments_from_registry": 0,
        "comments_by_email": 0,
        "comments_by_mail": 0
    },
    "019-8196": {
        "url": "/notice/019-8196",
        "title": "TITAN TOOL & DIE LIMITED\n      \n         - Environmental Compliance Approval (air)",
        "comments_from_registry": 0,
        "comments_by_email": 0,
        "comments_by_mail": 0
    },
    "019-4387": {
        "url": "/notice/019-4387",
        "title": "MMK Engineering Inc.\n      \n         - Environmental Compliance Approval (sewage)",
        "comments_from_registry": 0,
        "comments_by_email": 0,
        "comments_by_mail": 0
    },
    "019-8341": {
        "url": "/notice/019-8341",
        "title": "Johns Manville Canada Inc\n      \n         - Environmental Compliance Approval (air)",
        "comments_from_registry": 0,
        "comments_by_email": 0,
        "comments_by_mail": 0
    },
    "019-8451": {
        "url": "/notice/019-8451",
        "title": "Big Gold Inc.\n      \n         - Mineral exploration permit",
        "comments_from_registry": 0,
        "comments_by_email": 0,
        "comments_by_mail": 0
    },
    "019-8286": {
        "url": "/notice/019-8286",
        "title": "Amendment to the Public Transportation and Highway Improvement Act (PTHIA)",
        "comments_from_registry": 3,
        "comments_by_email": 0,
        "comments_by_mail": 0
    },
    "019-7856": {
        "url": "/notice/019-7856",
        "title": "John Dove \n      \n         - Approval for a consent (subject to conditions) in an area where there is no official plan in place",
        "comments_from_registry": 0,
        "comments_by_email": 0,
        "comments_by_mail": 0
    },
    "019-7855": {
        "url": "/notice/019-7855",
        "title": "John Dove \n      \n         - Approval for a consent (subject to conditions) in an area where there is no official plan in place",
        "comments_from_registry": 0,
        "comments_by_email": 0,
        "comments_by_mail": 0
    },
    "019-8385": {
        "url": "/notice/019-8385",
        "title": "Denis and Mary Lemelin\n      \n         - Approval for a consent (subject to conditions) in an area where there is no official plan in place",
        "comments_from_registry": 0,
        "comments_by_email": 0,
        "comments_by_mail": 0
    },
    "019-8384": {
        "url": "/notice/019-8384",
        "title": "Denis & Mary Lemelin \n      \n         - Approval for a consent (subject to conditions) in an area where there is no official plan in place",
        "comments_from_registry": 0,
        "comments_by_email": 0,
        "comments_by_mail": 0
    }
}