{
    "019-2526": {
        "url": "/notice/019-2526",
        "title": "Algoma Steel Inc.\n      \n         - Order to comply with a site specific air standard",
        "comments_from_registry": 1,
        "comments_by_email": 1,
        "comments_by_mail": 0
    },
    "019-2303": {
        "url": "/notice/019-2303",
        "title": "Harsco Canada Corp. operating as Harsco Metals Canada Corp.\n      \n         - Approval of a site-specific air standard",
        "comments_from_registry": 0,
        "comments_by_email": 0,
        "comments_by_mail": 0
    },
    "019-2302": {
        "url": "/notice/019-2302",
        "title": "Harsco Canada Corp. operating as Harsco Metals Canada Corp.\n      \n         - Approval of a site-specific air standard",
        "comments_from_registry": 16,
        "comments_by_email": 0,
        "comments_by_mail": 0
    },
    "019-2301": {
        "url": "/notice/019-2301",
        "title": "Algoma Steel Inc.\n      \n         - Approval of a site-specific air standard",
        "comments_from_registry": 27,
        "comments_by_email": 0,
        "comments_by_mail": 0
    },
    "019-2299": {
        "url": "/notice/019-2299",
        "title": "Stelco Inc.\n      \n         - Approval of a site-specific air standard",
        "comments_from_registry": 0,
        "comments_by_email": 0,
        "comments_by_mail": 0
    },
    "019-2298": {
        "url": "/notice/019-2298",
        "title": "Stelco Inc.\n      \n         - Approval of a site-specific air standard",
        "comments_from_registry": 19,
        "comments_by_email": 0,
        "comments_by_mail": 0
    },
    "019-2297": {
        "url": "/notice/019-2297",
        "title": "ArcelorMittal Dofasco G.P.\n      \n         - Approval of a site-specific air standard",
        "comments_from_registry": 18,
        "comments_by_email": 0,
        "comments_by_mail": 0
    },
    "013-2959": {
        "url": "/notice/013-2959",
        "title": "Graham Stone\n      \n         - Mineral exploration permit",
        "comments_from_registry": 1,
        "comments_by_email": 0,
        "comments_by_mail": 0
    },
    "019-2829": {
        "url": "/notice/019-2829",
        "title": "GFG Resources Incorporated\n      \n         - Mineral exploration permit",
        "comments_from_registry": 0,
        "comments_by_email": 0,
        "comments_by_mail": 0
    },
    "019-2308": {
        "url": "/notice/019-2308",
        "title": "Rudolf Wahl\n      \n         - Mineral exploration permit",
        "comments_from_registry": 0,
        "comments_by_email": 0,
        "comments_by_mail": 0
    },
    "019-2726": {
        "url": "/notice/019-2726",
        "title": "Toronto Sheet Metal Inc.\n      \n         - Environmental Compliance Approval (sewage)",
        "comments_from_registry": 0,
        "comments_by_email": 0,
        "comments_by_mail": 0
    },
    "019-2689": {
        "url": "/notice/019-2689",
        "title": "Amico Properties Inc.\n      \n         - Environmental Compliance Approval (sewage)",
        "comments_from_registry": 0,
        "comments_by_email": 0,
        "comments_by_mail": 0
    },
    "019-0483": {
        "url": "/notice/019-0483",
        "title": "Ottawa D-Squared Aggregates Limited\n      \n         - Changes to the site plan for a pit or quarry",
        "comments_from_registry": 0,
        "comments_by_email": 13,
        "comments_by_mail": 0
    },
    "019-1514": {
        "url": "/notice/019-1514",
        "title": "Lafarge Canada Inc.\n      \n         - Changes to the conditions of a licence to operate a pit or quarry",
        "comments_from_registry": 0,
        "comments_by_email": 0,
        "comments_by_mail": 0
    },
    "019-2634": {
        "url": "/notice/019-2634",
        "title": "Murray Mawhinney and Jane Lang-Mawhinney \n      \n         - Changes to the conditions of a licence to operate a pit or quarry",
        "comments_from_registry": 0,
        "comments_by_email": 2,
        "comments_by_mail": 0
    },
    "019-2506": {
        "url": "/notice/019-2506",
        "title": "Zeljko Prica\n      \n         - Environmental Compliance Approval (sewage)",
        "comments_from_registry": 0,
        "comments_by_email": 0,
        "comments_by_mail": 0
    },
    "019-1267": {
        "url": "/notice/019-1267",
        "title": "Saint-Gobain Ceramic Materials Canada Inc.\n      \n         - Environmental Compliance Approval (air)",
        "comments_from_registry": 0,
        "comments_by_email": 0,
        "comments_by_mail": 0
    },
    "019-1330": {
        "url": "/notice/019-1330",
        "title": "Drain Bros. Excavating Limited\n      \n         - Environmental Compliance Approval (air)",
        "comments_from_registry": 0,
        "comments_by_email": 0,
        "comments_by_mail": 0
    },
    "019-2329": {
        "url": "/notice/019-2329",
        "title": "Mr. Ian Johnson / Golden Share Resources Corp\n      \n         - Mineral exploration permit",
        "comments_from_registry": 0,
        "comments_by_email": 0,
        "comments_by_mail": 0
    },
    "019-2306": {
        "url": "/notice/019-2306",
        "title": "Rudolf Wahl\n      \n         - Mineral exploration permit",
        "comments_from_registry": 0,
        "comments_by_email": 0,
        "comments_by_mail": 0
    }
}