{
    "019-3501": {
        "url": "/notice/019-3501",
        "title": "1268829 ONTARIO LTD \n      \n         - Approval for variance from the Liquid Fuels Handling Code",
        "comments_from_registry": 0,
        "comments_by_email": 0,
        "comments_by_mail": 0
    },
    "019-0307": {
        "url": "/notice/019-0307",
        "title": "Jancal Power Ltd.\n      \n         - Permit to take water",
        "comments_from_registry": 0,
        "comments_by_email": 0,
        "comments_by_mail": 0
    },
    "019-1989": {
        "url": "/notice/019-1989",
        "title": "The Corporation of the City of Temiskaming Shores\n      \n         - Direction to keep sewage works in repair",
        "comments_from_registry": 0,
        "comments_by_email": 0,
        "comments_by_mail": 0
    },
    "019-2851": {
        "url": "/notice/019-2851",
        "title": "Venetian Meat & Salami Company Limited\n      \n         - Environmental Compliance Approval (sewage)",
        "comments_from_registry": 0,
        "comments_by_email": 0,
        "comments_by_mail": 0
    },
    "019-3057": {
        "url": "/notice/019-3057",
        "title": "Azure Westboro Ltd.\n      \n         - Permit to take water",
        "comments_from_registry": 0,
        "comments_by_email": 0,
        "comments_by_mail": 0
    },
    "019-3087": {
        "url": "/notice/019-3087",
        "title": "Bloor Riverview Residences (2015) Corp.\n      \n         - Permit to take water",
        "comments_from_registry": 0,
        "comments_by_email": 0,
        "comments_by_mail": 0
    },
    "019-3051": {
        "url": "/notice/019-3051",
        "title": "970 Mapleview Inc.\n      \n         - Permit to take water",
        "comments_from_registry": 0,
        "comments_by_email": 0,
        "comments_by_mail": 0
    },
    "019-2020": {
        "url": "/notice/019-2020",
        "title": "Coco Paving Inc.\n      \n         - Environmental Compliance Approval (air)",
        "comments_from_registry": 0,
        "comments_by_email": 0,
        "comments_by_mail": 0
    },
    "019-3158": {
        "url": "/notice/019-3158",
        "title": "1553079 Ontario Limited operating as Spring Creek Golf Club\n      \n         - Permit to take water",
        "comments_from_registry": 0,
        "comments_by_email": 0,
        "comments_by_mail": 0
    },
    "019-3114": {
        "url": "/notice/019-3114",
        "title": "Mattamy (Danforth) Limited\n      \n         - Permit to take water",
        "comments_from_registry": 0,
        "comments_by_email": 0,
        "comments_by_mail": 0
    },
    "019-1884": {
        "url": "/notice/019-1884",
        "title": "Hiltin Hills Developments Inc.\n      \n         - Permit to take water",
        "comments_from_registry": 0,
        "comments_by_email": 0,
        "comments_by_mail": 0
    },
    "019-3340": {
        "url": "/notice/019-3340",
        "title": "Shawn McKay Hutchison\n      \n         - Environmental Compliance Approval (sewage)",
        "comments_from_registry": 0,
        "comments_by_email": 0,
        "comments_by_mail": 0
    },
    "019-3377": {
        "url": "/notice/019-3377",
        "title": "ISOLAB Inc.\n      \n         - Environmental Compliance Approval (sewage)",
        "comments_from_registry": 0,
        "comments_by_email": 0,
        "comments_by_mail": 0
    },
    "019-2450": {
        "url": "/notice/019-2450",
        "title": "EIDCA Specialty Products Company\n      \n         - Environmental Compliance Approval (air)",
        "comments_from_registry": 0,
        "comments_by_email": 0,
        "comments_by_mail": 0
    },
    "019-2688": {
        "url": "/notice/019-2688",
        "title": "Spruce Needles Incorporated\n      \n         - Permit to take water",
        "comments_from_registry": 0,
        "comments_by_email": 0,
        "comments_by_mail": 0
    },
    "019-3045": {
        "url": "/notice/019-3045",
        "title": "Huntsville Long Term Care Centre Inc.\n      \n         - Permit to take water",
        "comments_from_registry": 0,
        "comments_by_email": 0,
        "comments_by_mail": 0
    },
    "019-3132": {
        "url": "/notice/019-3132",
        "title": "Franke Kindred Canada Limited/Franke Kindred Canada Limit\u00e9e\n      \n         - Environmental Compliance Approval (air)",
        "comments_from_registry": 0,
        "comments_by_email": 0,
        "comments_by_mail": 0
    },
    "019-2407": {
        "url": "/notice/019-2407",
        "title": "805681 Ontario Ltd.\n      \n         - Permit to take water",
        "comments_from_registry": 0,
        "comments_by_email": 1,
        "comments_by_mail": 0
    },
    "019-2895": {
        "url": "/notice/019-2895",
        "title": "2079610 Ontario Ltd. operating as Millcroft Golf Club\n      \n         - Permit to take water",
        "comments_from_registry": 0,
        "comments_by_email": 1,
        "comments_by_mail": 0
    },
    "019-3009": {
        "url": "/notice/019-3009",
        "title": "2492309 Ontario Limited\n      \n         - Environmental Compliance Approval (sewage)",
        "comments_from_registry": 0,
        "comments_by_email": 0,
        "comments_by_mail": 0
    }
}