{
    "013-4865": {
        "url": "/notice/013-4865",
        "title": "Stelco Inc.\n      \n         - Environmental Compliance Approval (sewage)",
        "comments_from_registry": 0,
        "comments_by_email": 0,
        "comments_by_mail": 0
    },
    "013-4940": {
        "url": "/notice/013-4940",
        "title": "Atlas Dewatering Corporation\n      \n         - Environmental Compliance Approval (sewage)",
        "comments_from_registry": 0,
        "comments_by_email": 0,
        "comments_by_mail": 0
    },
    "012-7565": {
        "url": "/notice/012-7565",
        "title": "Amendment of the Ministry of Natural Resources and Forestry\u2019s declaration order MNR-75 regarding Environmental Assessment Act requirements for forest management on Crown Lands in Ontario",
        "comments_from_registry": 1,
        "comments_by_email": 0,
        "comments_by_mail": 1
    },
    "013-4999": {
        "url": "/notice/013-4999",
        "title": "Peter Gryba (Central Timmins Exploration Corp.)\n      \n         - Mineral exploration permit",
        "comments_from_registry": 0,
        "comments_by_email": 0,
        "comments_by_mail": 0
    },
    "013-3612": {
        "url": "/notice/013-3612",
        "title": "Goodrich Aerospace Canada Ltd.\n      \n         - Environmental Compliance Approval (sewage)",
        "comments_from_registry": 0,
        "comments_by_email": 0,
        "comments_by_mail": 0
    },
    "013-3937": {
        "url": "/notice/013-3937",
        "title": "City of Brantford\n      \n         - Approval to amend a municipality\u2019s official plan",
        "comments_from_registry": 1,
        "comments_by_email": 0,
        "comments_by_mail": 0
    },
    "013-3599": {
        "url": "/notice/013-3599",
        "title": "Municipality of Shuniah\n      \n         - Approval to amend a municipality\u2019s official plan",
        "comments_from_registry": 0,
        "comments_by_email": 0,
        "comments_by_mail": 0
    },
    "013-4820": {
        "url": "/notice/013-4820",
        "title": "Areast Inc.\n      \n         - Certificate of property use",
        "comments_from_registry": 0,
        "comments_by_email": 0,
        "comments_by_mail": 0
    },
    "013-4913": {
        "url": "/notice/013-4913",
        "title": "Christopher Partrie\n      \n         - Mineral exploration permit",
        "comments_from_registry": 0,
        "comments_by_email": 0,
        "comments_by_mail": 0
    },
    "013-3312": {
        "url": "/notice/013-3312",
        "title": "2246763 Ontario Inc.\n      \n         - Environmental Compliance Approval (air)",
        "comments_from_registry": 0,
        "comments_by_email": 0,
        "comments_by_mail": 0
    },
    "013-4936": {
        "url": "/notice/013-4936",
        "title": "Clare Allan Brunetta\n      \n         - Approval for a consent (subject to conditions) in an area where there is no official plan in place",
        "comments_from_registry": 0,
        "comments_by_email": 0,
        "comments_by_mail": 0
    },
    "013-4691": {
        "url": "/notice/013-4691",
        "title": "Douglas Johnston\n      \n         - Approval for a consent (subject to conditions) in an area where there is no official plan in place",
        "comments_from_registry": 0,
        "comments_by_email": 0,
        "comments_by_mail": 0
    },
    "013-5042": {
        "url": "/notice/013-5042",
        "title": "Inventus Mining Corp\n      \n         - Mineral exploration permit",
        "comments_from_registry": 0,
        "comments_by_email": 0,
        "comments_by_mail": 0
    },
    "013-4976": {
        "url": "/notice/013-4976",
        "title": "Paul Wilson\n      \n         - Mineral exploration permit",
        "comments_from_registry": 0,
        "comments_by_email": 0,
        "comments_by_mail": 0
    },
    "013-4585": {
        "url": "/notice/013-4585",
        "title": "Pointe West Golf Club\n      \n         - Permit to take water",
        "comments_from_registry": 0,
        "comments_by_email": 0,
        "comments_by_mail": 0
    },
    "013-4541": {
        "url": "/notice/013-4541",
        "title": "Miller Group Inc. \n      \n         - Environmental Compliance Approval (sewage)",
        "comments_from_registry": 0,
        "comments_by_email": 0,
        "comments_by_mail": 0
    },
    "013-4095": {
        "url": "/notice/013-4095",
        "title": "Mark McQuabbie\n      \n         - Environmental Compliance Approval (sewage)",
        "comments_from_registry": 0,
        "comments_by_email": 0,
        "comments_by_mail": 0
    },
    "013-4982": {
        "url": "/notice/013-4982",
        "title": "Ray Cousineau\n      \n         - Mineral exploration permit",
        "comments_from_registry": 0,
        "comments_by_email": 0,
        "comments_by_mail": 0
    },
    "013-4983": {
        "url": "/notice/013-4983",
        "title": "Nuvision Resources ULC\n      \n         - Mineral exploration permit",
        "comments_from_registry": 0,
        "comments_by_email": 0,
        "comments_by_mail": 0
    },
    "013-3813": {
        "url": "/notice/013-3813",
        "title": "Draglam Waste & Recycling Inc.\n      \n         - Environmental Compliance Approval (waste)",
        "comments_from_registry": 0,
        "comments_by_email": 0,
        "comments_by_mail": 0
    }
}