{
    "013-5023": {
        "url": "/notice/013-5023",
        "title": "De Ceuster Meststoffen nv\n      \n         - Classification, reclassification or declassification of a pesticide",
        "comments_from_registry": 0,
        "comments_by_email": 0,
        "comments_by_mail": 0
    },
    "013-5022": {
        "url": "/notice/013-5022",
        "title": "Marrone Bio Innovations, Inc.\n      \n         - Classification, reclassification or declassification of a pesticide",
        "comments_from_registry": 0,
        "comments_by_email": 0,
        "comments_by_mail": 0
    },
    "013-5021": {
        "url": "/notice/013-5021",
        "title": "BASF Canada\n      \n         - Classification, reclassification or declassification of a pesticide",
        "comments_from_registry": 0,
        "comments_by_email": 0,
        "comments_by_mail": 0
    },
    "013-4265": {
        "url": "/notice/013-4265",
        "title": "New regulation under the Planning Act to prescribe transitional provisions for the Green Energy Repeal Act, 2018",
        "comments_from_registry": 36,
        "comments_by_email": 0,
        "comments_by_mail": 34
    },
    "013-4806": {
        "url": "/notice/013-4806",
        "title": "Paradise Homes North West Inc. and Paradise Homes NW Inc.\n      \n         - Permit to take water",
        "comments_from_registry": 0,
        "comments_by_email": 0,
        "comments_by_mail": 0
    },
    "013-4723": {
        "url": "/notice/013-4723",
        "title": "Panolam Industries Ltd.\n      \n         - Permit to take water",
        "comments_from_registry": 0,
        "comments_by_email": 0,
        "comments_by_mail": 0
    },
    "013-4427": {
        "url": "/notice/013-4427",
        "title": "Whitevale Golf Club\n      \n         - Permit to take water",
        "comments_from_registry": 0,
        "comments_by_email": 0,
        "comments_by_mail": 0
    },
    "013-4181": {
        "url": "/notice/013-4181",
        "title": "Enbridge Pipelines Inc. \n      \n         - Permit to take water",
        "comments_from_registry": 0,
        "comments_by_email": 0,
        "comments_by_mail": 0
    },
    "013-4160": {
        "url": "/notice/013-4160",
        "title": "Limen Developments Ltd.\n      \n         - Permit to take water",
        "comments_from_registry": 0,
        "comments_by_email": 0,
        "comments_by_mail": 0
    },
    "013-4574": {
        "url": "/notice/013-4574",
        "title": "Munzing Canada Ltd.\n      \n         - Environmental Compliance Approval (air)",
        "comments_from_registry": 0,
        "comments_by_email": 0,
        "comments_by_mail": 0
    },
    "019-0013": {
        "url": "/notice/019-0013",
        "title": "Brian Bishop\n      \n         - Mineral exploration permit",
        "comments_from_registry": 0,
        "comments_by_email": 0,
        "comments_by_mail": 0
    },
    "019-0014": {
        "url": "/notice/019-0014",
        "title": "Brian Bishop\n      \n         - Mineral exploration permit",
        "comments_from_registry": 0,
        "comments_by_email": 0,
        "comments_by_mail": 0
    },
    "013-3514": {
        "url": "/notice/013-3514",
        "title": "KRT Industrial Cleaning & Maintenance Inc.\n      \n         - Environmental Compliance Approval (air)",
        "comments_from_registry": 0,
        "comments_by_email": 0,
        "comments_by_mail": 0
    },
    "013-4837": {
        "url": "/notice/013-4837",
        "title": "Stonehenge Golf Club Inc.\n      \n         - Permit to take water",
        "comments_from_registry": 0,
        "comments_by_email": 0,
        "comments_by_mail": 0
    },
    "013-4721": {
        "url": "/notice/013-4721",
        "title": "Actonbridge Holding Corp.\n      \n         - Permit to take water",
        "comments_from_registry": 0,
        "comments_by_email": 0,
        "comments_by_mail": 0
    },
    "013-4695": {
        "url": "/notice/013-4695",
        "title": "WCPT Dupont Street Inc.\n      \n         - Permit to take water",
        "comments_from_registry": 0,
        "comments_by_email": 0,
        "comments_by_mail": 0
    },
    "013-4646": {
        "url": "/notice/013-4646",
        "title": "Ridgeland Developments Ltd. (Oakridge Golf Club)\n      \n         - Permit to take water",
        "comments_from_registry": 0,
        "comments_by_email": 0,
        "comments_by_mail": 0
    },
    "013-4851": {
        "url": "/notice/013-4851",
        "title": "Treasury Metals Incorporated - Adam Larsen\n      \n         - Mineral exploration permit",
        "comments_from_registry": 0,
        "comments_by_email": 0,
        "comments_by_mail": 0
    },
    "013-4850": {
        "url": "/notice/013-4850",
        "title": "Treasury Metals Incorporated - Adam Larsen\n      \n         - Mineral exploration permit",
        "comments_from_registry": 0,
        "comments_by_email": 0,
        "comments_by_mail": 0
    },
    "013-4198": {
        "url": "/notice/013-4198",
        "title": "County of Grey\n      \n         - Approval of a municipality\u2019s official plan",
        "comments_from_registry": 5,
        "comments_by_email": 0,
        "comments_by_mail": 0
    }
}