{
    "019-4447": {
        "url": "/notice/019-4447",
        "title": "ClubLink Corporation ULC\n      \n         - Permit to take water",
        "comments_from_registry": 0,
        "comments_by_email": 0,
        "comments_by_mail": 0
    },
    "019-4457": {
        "url": "/notice/019-4457",
        "title": "ClubLink Corporation ULC\n      \n         - Permit to take water",
        "comments_from_registry": 0,
        "comments_by_email": 0,
        "comments_by_mail": 0
    },
    "019-3819": {
        "url": "/notice/019-3819",
        "title": "Hallman Construction Limited\n      \n         - Permit to take water",
        "comments_from_registry": 0,
        "comments_by_email": 0,
        "comments_by_mail": 0
    },
    "019-2507": {
        "url": "/notice/019-2507",
        "title": "Ms. Cynthia Lesuer Aquin\n      \n         - Mineral exploration permit",
        "comments_from_registry": 0,
        "comments_by_email": 0,
        "comments_by_mail": 0
    },
    "019-2861": {
        "url": "/notice/019-2861",
        "title": "Mr. Bob Valliant\n      \n         - Mineral exploration permit",
        "comments_from_registry": 0,
        "comments_by_email": 0,
        "comments_by_mail": 0
    },
    "019-3322": {
        "url": "/notice/019-3322",
        "title": "River Valley Developments Inc.\n      \n         - Permit to take water",
        "comments_from_registry": 0,
        "comments_by_email": 1,
        "comments_by_mail": 0
    },
    "019-3279": {
        "url": "/notice/019-3279",
        "title": "Glencore Canada Corporation\n      \n         - Environmental Compliance Approval (air)",
        "comments_from_registry": 0,
        "comments_by_email": 0,
        "comments_by_mail": 0
    },
    "019-3240": {
        "url": "/notice/019-3240",
        "title": "R.W. Tomlinson Limited\n      \n         - Environmental Compliance Approval (air)",
        "comments_from_registry": 0,
        "comments_by_email": 0,
        "comments_by_mail": 0
    },
    "019-4454": {
        "url": "/notice/019-4454",
        "title": "Scone Developments Inc.\n      \n         - Environmental Compliance Approval (sewage)",
        "comments_from_registry": 0,
        "comments_by_email": 0,
        "comments_by_mail": 0
    },
    "019-3920": {
        "url": "/notice/019-3920",
        "title": "Moco Farms Ltd.\n      \n         - Environmental Compliance Approval (sewage)",
        "comments_from_registry": 0,
        "comments_by_email": 0,
        "comments_by_mail": 0
    },
    "019-4314": {
        "url": "/notice/019-4314",
        "title": "Monarch Waterview Development Limited\n      \n         - Environmental Compliance Approval (sewage)",
        "comments_from_registry": 0,
        "comments_by_email": 0,
        "comments_by_mail": 0
    },
    "019-4230": {
        "url": "/notice/019-4230",
        "title": "Corporation of Haldimand County\n      \n         - Approval to amend a municipality\u2019s official plan",
        "comments_from_registry": 1,
        "comments_by_email": 2,
        "comments_by_mail": 0
    },
    "019-4194": {
        "url": "/notice/019-4194",
        "title": "Mann Construction Group Ltd.\n      \n         - Changes to the conditions of a licence to operate a pit or quarry",
        "comments_from_registry": 0,
        "comments_by_email": 0,
        "comments_by_mail": 0
    },
    "019-4104": {
        "url": "/notice/019-4104",
        "title": "ADL Process Inc.\n      \n         - Environmental Compliance Approval (waste)",
        "comments_from_registry": 0,
        "comments_by_email": 0,
        "comments_by_mail": 0
    },
    "019-4237": {
        "url": "/notice/019-4237",
        "title": "2436026 Ontario Inc.\n      \n         - Environmental Compliance Approval (sewage)",
        "comments_from_registry": 0,
        "comments_by_email": 0,
        "comments_by_mail": 0
    },
    "019-3117": {
        "url": "/notice/019-3117",
        "title": "Denso Manufacturing Canada, Inc.\n      \n         - Environmental Compliance Approval (sewage)",
        "comments_from_registry": 0,
        "comments_by_email": 0,
        "comments_by_mail": 0
    },
    "019-3167": {
        "url": "/notice/019-3167",
        "title": "1600832 Ontario Limited\n      \n         - Environmental Compliance Approval (air)",
        "comments_from_registry": 0,
        "comments_by_email": 0,
        "comments_by_mail": 0
    },
    "019-3453": {
        "url": "/notice/019-3453",
        "title": "Shepherd Enterprises Inc. operating as Shepherd Environmental Services\n      \n         - Environmental Compliance Approval (waste)",
        "comments_from_registry": 0,
        "comments_by_email": 0,
        "comments_by_mail": 0
    },
    "019-3538": {
        "url": "/notice/019-3538",
        "title": "Thompson's Septic Tank Pumping Inc.\n      \n         - Environmental Compliance Approval (waste)",
        "comments_from_registry": 0,
        "comments_by_email": 0,
        "comments_by_mail": 0
    },
    "019-4179": {
        "url": "/notice/019-4179",
        "title": "Stephanie Liise Picton\n      \n         - Environmental Compliance Approval (sewage)",
        "comments_from_registry": 0,
        "comments_by_email": 0,
        "comments_by_mail": 0
    }
}