{
    "019-6680": {
        "url": "/notice/019-6680",
        "title": "Agnico Eagle Mines Limited\n      \n         - Mineral exploration permit",
        "comments_from_registry": 2,
        "comments_by_email": 0,
        "comments_by_mail": 0
    },
    "019-6681": {
        "url": "/notice/019-6681",
        "title": "Agnico Eagle Mines Limited\n      \n         - Mineral exploration permit",
        "comments_from_registry": 2,
        "comments_by_email": 0,
        "comments_by_mail": 0
    },
    "019-6682": {
        "url": "/notice/019-6682",
        "title": "Agnico Eagle Mines Limited\n      \n         - Mineral exploration permit",
        "comments_from_registry": 2,
        "comments_by_email": 0,
        "comments_by_mail": 0
    },
    "019-6679": {
        "url": "/notice/019-6679",
        "title": "Agnico Eagle Mines Limited\n      \n         - Mineral exploration permit",
        "comments_from_registry": 1,
        "comments_by_email": 0,
        "comments_by_mail": 0
    },
    "019-4975": {
        "url": "/notice/019-4975",
        "title": "Halton Region\n      \n         - Permit for activities to achieve an overall benefit to a species",
        "comments_from_registry": 0,
        "comments_by_email": 0,
        "comments_by_mail": 0
    },
    "013-2965": {
        "url": "/notice/013-2965",
        "title": "D. Lafond Contracting Limited\n      \n         - Issuance of a licence to remove over 20,000 tonnes of aggregate annually from a pit or a quarry",
        "comments_from_registry": 0,
        "comments_by_email": 1,
        "comments_by_mail": 17
    },
    "019-6376": {
        "url": "/notice/019-6376",
        "title": "Kirkland Lake Gold Ltd.\n      \n         - Permit to take water",
        "comments_from_registry": 0,
        "comments_by_email": 0,
        "comments_by_mail": 0
    },
    "019-6448": {
        "url": "/notice/019-6448",
        "title": "Good Shepherd Non-Profit Homes Inc.\n      \n         - Permit to take water",
        "comments_from_registry": 0,
        "comments_by_email": 0,
        "comments_by_mail": 0
    },
    "019-6345": {
        "url": "/notice/019-6345",
        "title": "7604092 Canada Inc.\n      \n         - Environmental Compliance Approval (waste)",
        "comments_from_registry": 0,
        "comments_by_email": 0,
        "comments_by_mail": 0
    },
    "019-6661": {
        "url": "/notice/019-6661",
        "title": "SHELL CANADA LIMITED\n      \n         - Approval for variance from the Liquid Fuels Handling Code",
        "comments_from_registry": 0,
        "comments_by_email": 0,
        "comments_by_mail": 0
    },
    "019-6610": {
        "url": "/notice/019-6610",
        "title": "Benedict Fortier\n      \n         - Approval for a consent (subject to conditions) in an area where there is no official plan in place",
        "comments_from_registry": 0,
        "comments_by_email": 0,
        "comments_by_mail": 0
    },
    "019-5598": {
        "url": "/notice/019-5598",
        "title": "Cardinal Golf Club (Oliver's Nest) Inc.\n      \n         - Permit to take water",
        "comments_from_registry": 0,
        "comments_by_email": 0,
        "comments_by_mail": 0
    },
    "019-6560": {
        "url": "/notice/019-6560",
        "title": "Dozlan Group Inc.\n      \n         - Environmental Compliance Approval (sewage)",
        "comments_from_registry": 0,
        "comments_by_email": 0,
        "comments_by_mail": 0
    },
    "019-6128": {
        "url": "/notice/019-6128",
        "title": "Stealth Environmental Inc.\n      \n         - Environmental Compliance Approval (waste)",
        "comments_from_registry": 0,
        "comments_by_email": 0,
        "comments_by_mail": 0
    },
    "019-6437": {
        "url": "/notice/019-6437",
        "title": "Halo Car Wash Inc.\n      \n         - Environmental Compliance Approval (sewage)",
        "comments_from_registry": 0,
        "comments_by_email": 0,
        "comments_by_mail": 0
    },
    "019-5772": {
        "url": "/notice/019-5772",
        "title": "SMS Equipment Inc.\n      \n         - Environmental Compliance Approval (sewage)",
        "comments_from_registry": 0,
        "comments_by_email": 0,
        "comments_by_mail": 0
    },
    "019-6168": {
        "url": "/notice/019-6168",
        "title": "Proposed amendments to O.Reg 507/18 (\u201cBroader Public Sector: Energy Reporting and Conservation and Demand Management Plans\u201d) under the Electricity Act, 1998",
        "comments_from_registry": 13,
        "comments_by_email": 1,
        "comments_by_mail": 0
    },
    "019-6493": {
        "url": "/notice/019-6493",
        "title": "10120886 Manitoba Ltd.\n      \n         - Environmental Compliance Approval (sewage)",
        "comments_from_registry": 0,
        "comments_by_email": 0,
        "comments_by_mail": 0
    },
    "019-6480": {
        "url": "/notice/019-6480",
        "title": "Fisher Environmental Ltd.\n      \n         - Environmental Compliance Approval (air)",
        "comments_from_registry": 0,
        "comments_by_email": 0,
        "comments_by_mail": 0
    },
    "019-6323": {
        "url": "/notice/019-6323",
        "title": "Raymond James Sullivan\n      \n         - Environmental Compliance Approval (sewage)",
        "comments_from_registry": 0,
        "comments_by_email": 0,
        "comments_by_mail": 0
    }
}