{
    "019-8454": {
        "url": "/notice/019-8454",
        "title": "Minaki on the River Inc. - Ron Davies\n      \n         - Approval for a consent (subject to conditions) in an area where there is no official plan in place",
        "comments_from_registry": 0,
        "comments_by_email": 0,
        "comments_by_mail": 0
    },
    "019-8455": {
        "url": "/notice/019-8455",
        "title": "Minaki on the River Inc. - Ron Davies\n      \n         - Approval for a consent (subject to conditions) in an area where there is no official plan in place",
        "comments_from_registry": 0,
        "comments_by_email": 0,
        "comments_by_mail": 0
    },
    "019-7246": {
        "url": "/notice/019-7246",
        "title": "The Corporation of the County of Brant\n      \n         - Approval of a municipality\u2019s official plan",
        "comments_from_registry": 18,
        "comments_by_email": 4,
        "comments_by_mail": 0
    },
    "019-8172": {
        "url": "/notice/019-8172",
        "title": "Mark and Donna Young\n      \n         - Approval for a consent (subject to conditions) in an area where there is no official plan in place",
        "comments_from_registry": 0,
        "comments_by_email": 0,
        "comments_by_mail": 0
    },
    "019-7934": {
        "url": "/notice/019-7934",
        "title": "MV Coatings Limited\n      \n         - Environmental Compliance Approval (air)",
        "comments_from_registry": 0,
        "comments_by_email": 0,
        "comments_by_mail": 0
    },
    "019-8625": {
        "url": "/notice/019-8625",
        "title": "Marwood International Inc.\n      \n         - Environmental Compliance Approval (air)",
        "comments_from_registry": 0,
        "comments_by_email": 0,
        "comments_by_mail": 0
    },
    "019-8845": {
        "url": "/notice/019-8845",
        "title": "Snow Valley Resorts (1987) Ltd.\n      \n         - Permit to take water",
        "comments_from_registry": 0,
        "comments_by_email": 0,
        "comments_by_mail": 0
    },
    "019-4789": {
        "url": "/notice/019-4789",
        "title": "Credit Valley Conservation \n      \n         - Approval of an amendment to the Niagara Escarpment Plan",
        "comments_from_registry": 1,
        "comments_by_email": 3,
        "comments_by_mail": 0
    },
    "019-7848": {
        "url": "/notice/019-7848",
        "title": "Gerry Crepin Cartage Limited\n      \n         - Environmental Compliance Approval (air)",
        "comments_from_registry": 0,
        "comments_by_email": 0,
        "comments_by_mail": 0
    },
    "019-9060": {
        "url": "/notice/019-9060",
        "title": "Timestone Corporation\n      \n         - Certificate of property use",
        "comments_from_registry": 0,
        "comments_by_email": 0,
        "comments_by_mail": 0
    },
    "019-8051": {
        "url": "/notice/019-8051",
        "title": "535 Manitou Drive Inc.\n      \n         - Environmental Compliance Approval (sewage)",
        "comments_from_registry": 0,
        "comments_by_email": 0,
        "comments_by_mail": 0
    },
    "019-8647": {
        "url": "/notice/019-8647",
        "title": "Thomas Cavanagh Construction Limited\n      \n         - Environmental Compliance Approval (sewage)",
        "comments_from_registry": 0,
        "comments_by_email": 0,
        "comments_by_mail": 0
    },
    "019-8929": {
        "url": "/notice/019-8929",
        "title": "Jeff Redmond Septic Service Ltd.\n      \n         - Environmental Compliance Approval (waste)",
        "comments_from_registry": 0,
        "comments_by_email": 0,
        "comments_by_mail": 0
    },
    "019-9100": {
        "url": "/notice/019-9100",
        "title": "Traxxin Resource Inc.\n      \n         - Mineral exploration permit",
        "comments_from_registry": 0,
        "comments_by_email": 0,
        "comments_by_mail": 0
    },
    "019-8304": {
        "url": "/notice/019-8304",
        "title": "Ritchie Bros. Properties Ltd.\n      \n         - Environmental Compliance Approval (sewage)",
        "comments_from_registry": 0,
        "comments_by_email": 0,
        "comments_by_mail": 0
    },
    "019-9182": {
        "url": "/notice/019-9182",
        "title": "EV Nickel Inc. \n      \n         - Mineral exploration permit",
        "comments_from_registry": 0,
        "comments_by_email": 0,
        "comments_by_mail": 0
    },
    "019-9104": {
        "url": "/notice/019-9104",
        "title": "Traxxin Resource Inc.\n      \n         - Mineral exploration permit",
        "comments_from_registry": 0,
        "comments_by_email": 0,
        "comments_by_mail": 0
    },
    "019-9103": {
        "url": "/notice/019-9103",
        "title": "Traxxin Resource Inc.\n      \n         - Mineral exploration permit",
        "comments_from_registry": 0,
        "comments_by_email": 0,
        "comments_by_mail": 0
    },
    "019-9102": {
        "url": "/notice/019-9102",
        "title": "Traxxin Resource Inc.\n      \n         - Mineral exploration permit",
        "comments_from_registry": 0,
        "comments_by_email": 0,
        "comments_by_mail": 0
    },
    "019-9101": {
        "url": "/notice/019-9101",
        "title": "Traxxin Resource Inc.\n      \n         - Mineral exploration permit",
        "comments_from_registry": 0,
        "comments_by_email": 0,
        "comments_by_mail": 0
    }
}