{
    "012-2587": {
        "url": "/notice/012-2587",
        "title": "Canada Chrome Corporation\n      \n         - Mineral exploration permit",
        "comments_from_registry": 0,
        "comments_by_email": 0,
        "comments_by_mail": 0
    },
    "012-2863": {
        "url": "/notice/012-2863",
        "title": "Canada Chrome Corporation\n      \n         - Mineral exploration permit",
        "comments_from_registry": 0,
        "comments_by_email": 0,
        "comments_by_mail": 0
    },
    "013-5001": {
        "url": "/notice/013-5001",
        "title": "Canadian Niagara Power Inc.\n      \n         - Environmental Compliance Approval (sewage)",
        "comments_from_registry": 0,
        "comments_by_email": 0,
        "comments_by_mail": 0
    },
    "019-0295": {
        "url": "/notice/019-0295",
        "title": "Elm Wasaga Beach (2016) Inc.\n      \n         - Permit to take water",
        "comments_from_registry": 1,
        "comments_by_email": 0,
        "comments_by_mail": 0
    },
    "019-0259": {
        "url": "/notice/019-0259",
        "title": "The Lora Bay Corporation\n      \n         - Permit to take water",
        "comments_from_registry": 0,
        "comments_by_email": 0,
        "comments_by_mail": 0
    },
    "010-8076": {
        "url": "/notice/010-8076",
        "title": "Toronto Transit Commission\n      \n         - Approval for variance from the Liquid Fuels Handling Code",
        "comments_from_registry": 0,
        "comments_by_email": 0,
        "comments_by_mail": 0
    },
    "019-0643": {
        "url": "/notice/019-0643",
        "title": "Abitibi North Metals Inc.\n      \n         - Mineral exploration permit",
        "comments_from_registry": 0,
        "comments_by_email": 0,
        "comments_by_mail": 0
    },
    "019-0174": {
        "url": "/notice/019-0174",
        "title": "The Corporation of the Town of Marathon\n      \n         - Order to prevent discharge of contaminants",
        "comments_from_registry": 0,
        "comments_by_email": 0,
        "comments_by_mail": 0
    },
    "019-0304": {
        "url": "/notice/019-0304",
        "title": "Detour Gold Corporation (DGC)\n      \n         - Amendment to a closure plan",
        "comments_from_registry": 0,
        "comments_by_email": 0,
        "comments_by_mail": 0
    },
    "019-0463": {
        "url": "/notice/019-0463",
        "title": "Alec Pleson\n      \n         - Mineral exploration permit",
        "comments_from_registry": 0,
        "comments_by_email": 0,
        "comments_by_mail": 0
    },
    "019-0620": {
        "url": "/notice/019-0620",
        "title": "White Metal Resources Corp.\n      \n         - Mineral exploration permit",
        "comments_from_registry": 0,
        "comments_by_email": 0,
        "comments_by_mail": 0
    },
    "019-0161": {
        "url": "/notice/019-0161",
        "title": "Broken Rock Resources\n      \n         - Mineral exploration permit",
        "comments_from_registry": 0,
        "comments_by_email": 0,
        "comments_by_mail": 0
    },
    "012-6583": {
        "url": "/notice/012-6583",
        "title": "Fisheries Management Zone (FMZ) 12 fisheries management plan",
        "comments_from_registry": 7,
        "comments_by_email": 0,
        "comments_by_mail": 3
    },
    "013-4673": {
        "url": "/notice/013-4673",
        "title": "Alumco Inc.\n      \n         - Environmental Compliance Approval (air)",
        "comments_from_registry": 0,
        "comments_by_email": 0,
        "comments_by_mail": 0
    },
    "013-4385": {
        "url": "/notice/013-4385",
        "title": "Oleo Energies Inc.\n      \n         - Environmental Compliance Approval (air)",
        "comments_from_registry": 0,
        "comments_by_email": 0,
        "comments_by_mail": 0
    },
    "012-8789": {
        "url": "/notice/012-8789",
        "title": "Greg Wong (Plato Gold Corp.) \n      \n         - Mineral exploration permit",
        "comments_from_registry": 0,
        "comments_by_email": 0,
        "comments_by_mail": 0
    },
    "019-0471": {
        "url": "/notice/019-0471",
        "title": "Dawn Victoria Homes (Brantford) Limited\n      \n         - Certificate of property use",
        "comments_from_registry": 1,
        "comments_by_email": 0,
        "comments_by_mail": 0
    },
    "013-4004": {
        "url": "/notice/013-4004",
        "title": "Hert, Inc.\n      \n         - Permit for activities to achieve an overall benefit to a species",
        "comments_from_registry": 0,
        "comments_by_email": 0,
        "comments_by_mail": 0
    },
    "019-0272": {
        "url": "/notice/019-0272",
        "title": "Showa Canada Inc.\n      \n         - Environmental Compliance Approval (air)",
        "comments_from_registry": 0,
        "comments_by_email": 0,
        "comments_by_mail": 0
    },
    "019-0441": {
        "url": "/notice/019-0441",
        "title": "Freymond Lumber\n      \n         - Approval to amend a municipality\u2019s official plan",
        "comments_from_registry": 13,
        "comments_by_email": 54,
        "comments_by_mail": 0
    }
}