{
    "019-0833": {
        "url": "/notice/019-0833",
        "title": "Mar-Co Clay Products Inc.\n      \n         - Permit to take water",
        "comments_from_registry": 0,
        "comments_by_email": 1,
        "comments_by_mail": 0
    },
    "019-1078": {
        "url": "/notice/019-1078",
        "title": "Lake Shore Gold Corporation\n      \n         - Mineral exploration permit",
        "comments_from_registry": 0,
        "comments_by_email": 0,
        "comments_by_mail": 0
    },
    "019-0911": {
        "url": "/notice/019-0911",
        "title": "Jack Jamieson\n      \n         - Approval for a consent (subject to conditions) in an area where there is no official plan in place",
        "comments_from_registry": 0,
        "comments_by_email": 0,
        "comments_by_mail": 0
    },
    "019-0912": {
        "url": "/notice/019-0912",
        "title": "Jack Jamieson \n      \n         - Approval for a consent (subject to conditions) in an area where there is no official plan in place",
        "comments_from_registry": 0,
        "comments_by_email": 0,
        "comments_by_mail": 0
    },
    "019-1014": {
        "url": "/notice/019-1014",
        "title": "Wesdome Gold Mines Limited\n      \n         - Mineral exploration permit",
        "comments_from_registry": 0,
        "comments_by_email": 0,
        "comments_by_mail": 0
    },
    "019-0956": {
        "url": "/notice/019-0956",
        "title": "Benton Resources Inc.\n      \n         - Mineral exploration permit",
        "comments_from_registry": 0,
        "comments_by_email": 1,
        "comments_by_mail": 0
    },
    "013-5013": {
        "url": "/notice/013-5013",
        "title": "Preston Sand & Gravel Company Limited\n      \n         - Environmental Compliance Approval (sewage)",
        "comments_from_registry": 0,
        "comments_by_email": 0,
        "comments_by_mail": 0
    },
    "013-4669": {
        "url": "/notice/013-4669",
        "title": "Moffatt Scrap Iron & Metal Inc.\n      \n         - Environmental Compliance Approval (air)",
        "comments_from_registry": 0,
        "comments_by_email": 0,
        "comments_by_mail": 0
    },
    "019-0625": {
        "url": "/notice/019-0625",
        "title": "Den Hollander Properties - Windmill Inc.\n      \n         - Environmental Compliance Approval (sewage)",
        "comments_from_registry": 0,
        "comments_by_email": 0,
        "comments_by_mail": 0
    },
    "013-4676": {
        "url": "/notice/013-4676",
        "title": "Muskoka Rock Company Ltd.\n      \n         - Environmental Compliance Approval (air)",
        "comments_from_registry": 0,
        "comments_by_email": 0,
        "comments_by_mail": 0
    },
    "013-5253": {
        "url": "/notice/013-5253",
        "title": "Gabriele Mancini\n      \n         - Environmental Compliance Approval (sewage)",
        "comments_from_registry": 0,
        "comments_by_email": 0,
        "comments_by_mail": 0
    },
    "013-4588": {
        "url": "/notice/013-4588",
        "title": "SEJJ Environmental Solutions Inc. \n      \n         - Environmental Compliance Approval (air)",
        "comments_from_registry": 0,
        "comments_by_email": 0,
        "comments_by_mail": 0
    },
    "019-1022": {
        "url": "/notice/019-1022",
        "title": "Twin Creeks Greenhouse Inc.\n      \n         - Environmental Compliance Approval (sewage)",
        "comments_from_registry": 0,
        "comments_by_email": 0,
        "comments_by_mail": 0
    },
    "013-5211": {
        "url": "/notice/013-5211",
        "title": "Polyfab Industrial Services Inc.\n      \n         - Environmental Compliance Approval (sewage)",
        "comments_from_registry": 0,
        "comments_by_email": 0,
        "comments_by_mail": 0
    },
    "013-4629": {
        "url": "/notice/013-4629",
        "title": "D. Crupi & Sons Limited \n      \n         - Environmental Compliance Approval (air)",
        "comments_from_registry": 0,
        "comments_by_email": 0,
        "comments_by_mail": 1
    },
    "019-1018": {
        "url": "/notice/019-1018",
        "title": "Central Timmins Exploration Corporation\n      \n         - Mineral exploration permit",
        "comments_from_registry": 1,
        "comments_by_email": 0,
        "comments_by_mail": 0
    },
    "019-1050": {
        "url": "/notice/019-1050",
        "title": "Inventus Mining Corporation\n      \n         - Mineral exploration permit",
        "comments_from_registry": 3,
        "comments_by_email": 0,
        "comments_by_mail": 0
    },
    "019-1049": {
        "url": "/notice/019-1049",
        "title": "Inventus Mining Corporation\n      \n         - Mineral exploration permit",
        "comments_from_registry": 2,
        "comments_by_email": 0,
        "comments_by_mail": 0
    },
    "013-4430": {
        "url": "/notice/013-4430",
        "title": "Quentin Yarie (Macdonald Mines Exploration Limited) \n      \n         - Mineral exploration permit",
        "comments_from_registry": 0,
        "comments_by_email": 0,
        "comments_by_mail": 0
    },
    "019-1004": {
        "url": "/notice/019-1004",
        "title": "David Stevenson - Harte Gold Corp.\n      \n         - Mineral exploration permit",
        "comments_from_registry": 0,
        "comments_by_email": 0,
        "comments_by_mail": 0
    }
}