{
    "019-2708": {
        "url": "/notice/019-2708",
        "title": "Gossan Resources Ltd\n      \n         - Mineral exploration permit",
        "comments_from_registry": 0,
        "comments_by_email": 0,
        "comments_by_mail": 0
    },
    "019-2839": {
        "url": "/notice/019-2839",
        "title": "Karly Oliver\n      \n         - Mineral exploration permit",
        "comments_from_registry": 0,
        "comments_by_email": 0,
        "comments_by_mail": 0
    },
    "019-2671": {
        "url": "/notice/019-2671",
        "title": "Stelco Inc.\n      \n         - Environmental Compliance Approval (air)",
        "comments_from_registry": 5,
        "comments_by_email": 0,
        "comments_by_mail": 0
    },
    "019-2672": {
        "url": "/notice/019-2672",
        "title": "Stelco Inc.\n      \n         - Environmental Compliance Approval (air)",
        "comments_from_registry": 1,
        "comments_by_email": 0,
        "comments_by_mail": 0
    },
    "019-2674": {
        "url": "/notice/019-2674",
        "title": "ArcelorMittal Canada Inc. and ArcelorMittal Canada MP Inc., as partners of ArcelorMittal Dofasco G.P.\n      \n         - Environmental Compliance Approval (air)",
        "comments_from_registry": 7,
        "comments_by_email": 0,
        "comments_by_mail": 0
    },
    "019-2673": {
        "url": "/notice/019-2673",
        "title": "Algoma Steel Inc.\n      \n         - Environmental Compliance Approval (air)",
        "comments_from_registry": 0,
        "comments_by_email": 0,
        "comments_by_mail": 0
    },
    "019-2905": {
        "url": "/notice/019-2905",
        "title": "St. Andrew Goldfields Limited\n      \n         - Mineral exploration permit",
        "comments_from_registry": 0,
        "comments_by_email": 1,
        "comments_by_mail": 0
    },
    "019-2820": {
        "url": "/notice/019-2820",
        "title": "RJK Exploration Limited\n      \n         - Mineral exploration permit",
        "comments_from_registry": 0,
        "comments_by_email": 0,
        "comments_by_mail": 0
    },
    "019-2324": {
        "url": "/notice/019-2324",
        "title": "FLOWER GROUP OPERATING INC.\n      \n         - Environmental Compliance Approval (sewage)",
        "comments_from_registry": 0,
        "comments_by_email": 0,
        "comments_by_mail": 0
    },
    "019-2623": {
        "url": "/notice/019-2623",
        "title": "Defries Developments Limited\n      \n         - Permit to take water",
        "comments_from_registry": 0,
        "comments_by_email": 0,
        "comments_by_mail": 0
    },
    "019-2549": {
        "url": "/notice/019-2549",
        "title": "Steven Anderson \n      \n         - Mineral exploration permit",
        "comments_from_registry": 0,
        "comments_by_email": 0,
        "comments_by_mail": 0
    },
    "013-3687": {
        "url": "/notice/013-3687",
        "title": "E.C. King Contracting (Division of Miller Paving Limited)\n      \n         - Changes to the site plan for a pit or quarry",
        "comments_from_registry": 0,
        "comments_by_email": 2,
        "comments_by_mail": 0
    },
    "013-4963": {
        "url": "/notice/013-4963",
        "title": "1384341 Ontario Ltd. operating as Cavanagh Developments\n      \n         - Environmental Compliance Approval (sewage)",
        "comments_from_registry": 10,
        "comments_by_email": 25,
        "comments_by_mail": 0
    },
    "019-2622": {
        "url": "/notice/019-2622",
        "title": "K+S Windsor Salt Ltd.\n      \n         - Environmental Compliance Approval (sewage)",
        "comments_from_registry": 0,
        "comments_by_email": 0,
        "comments_by_mail": 0
    },
    "019-1369": {
        "url": "/notice/019-1369",
        "title": "Norbord Inc.\n      \n         - Environmental Compliance Approval (air)",
        "comments_from_registry": 0,
        "comments_by_email": 0,
        "comments_by_mail": 0
    },
    "019-2902": {
        "url": "/notice/019-2902",
        "title": "URSA Major Minerals Incorporated\n      \n         - Mineral exploration permit",
        "comments_from_registry": 0,
        "comments_by_email": 0,
        "comments_by_mail": 0
    },
    "019-2903": {
        "url": "/notice/019-2903",
        "title": "URSA Major Minerals Incorporated\n      \n         - Mineral exploration permit",
        "comments_from_registry": 0,
        "comments_by_email": 0,
        "comments_by_mail": 0
    },
    "019-2901": {
        "url": "/notice/019-2901",
        "title": "Grid Metals Corporation\n      \n         - Mineral exploration permit",
        "comments_from_registry": 0,
        "comments_by_email": 0,
        "comments_by_mail": 0
    },
    "019-2900": {
        "url": "/notice/019-2900",
        "title": "Grid Metals Corporation\n      \n         - Mineral exploration permit",
        "comments_from_registry": 0,
        "comments_by_email": 0,
        "comments_by_mail": 0
    },
    "019-2898": {
        "url": "/notice/019-2898",
        "title": "CITY OF MISSISSAUGA\n      \n         - Approval for variance from the Liquid Fuels Handling Code",
        "comments_from_registry": 0,
        "comments_by_email": 0,
        "comments_by_mail": 0
    }
}