{
    "019-2309": {
        "url": "/notice/019-2309",
        "title": "Pure Gold Mining Inc.\n      \n         - Environmental Compliance Approval (sewage)",
        "comments_from_registry": 0,
        "comments_by_email": 0,
        "comments_by_mail": 0
    },
    "019-2388": {
        "url": "/notice/019-2388",
        "title": "Asselin Transportation and Storage Ltd.\n      \n         - Environmental Compliance Approval (waste)",
        "comments_from_registry": 0,
        "comments_by_email": 0,
        "comments_by_mail": 0
    },
    "019-2657": {
        "url": "/notice/019-2657",
        "title": "White Bear Mining Corporation\n      \n         - Permit to take water",
        "comments_from_registry": 0,
        "comments_by_email": 0,
        "comments_by_mail": 0
    },
    "019-0988": {
        "url": "/notice/019-0988",
        "title": "Kirkland Lake Gold Inc.\n      \n         - Environmental Compliance Approval (air)",
        "comments_from_registry": 0,
        "comments_by_email": 0,
        "comments_by_mail": 0
    },
    "019-2669": {
        "url": "/notice/019-2669",
        "title": "Lake Shore Gold Corp.\n      \n         - Approval for a consent (subject to conditions) in an area where there is no official plan in place",
        "comments_from_registry": 0,
        "comments_by_email": 0,
        "comments_by_mail": 0
    },
    "019-2666": {
        "url": "/notice/019-2666",
        "title": "Lake Shore Gold Corp.\n      \n         - Approval for a consent (subject to conditions) in an area where there is no official plan in place",
        "comments_from_registry": 0,
        "comments_by_email": 0,
        "comments_by_mail": 0
    },
    "019-2668": {
        "url": "/notice/019-2668",
        "title": "Lake Shore Gold Corp.\n      \n         - Approval for a consent (subject to conditions) in an area where there is no official plan in place",
        "comments_from_registry": 0,
        "comments_by_email": 0,
        "comments_by_mail": 0
    },
    "019-2514": {
        "url": "/notice/019-2514",
        "title": "Limiting municipalities from regulating noise related to the delivery of goods to certain businesses",
        "comments_from_registry": 13,
        "comments_by_email": 1,
        "comments_by_mail": 0
    },
    "019-2381": {
        "url": "/notice/019-2381",
        "title": "Trevor Boyd for CR Capital Corporation\n      \n         - Mineral exploration permit",
        "comments_from_registry": 0,
        "comments_by_email": 0,
        "comments_by_mail": 0
    },
    "019-2481": {
        "url": "/notice/019-2481",
        "title": "Ambria (Otonabee) Limited\n      \n         - Environmental Compliance Approval (sewage)",
        "comments_from_registry": 0,
        "comments_by_email": 0,
        "comments_by_mail": 0
    },
    "019-1225": {
        "url": "/notice/019-1225",
        "title": "H.T. Dale Services Ltd. c/o Harvey Dale\n      \n         - Environmental Compliance Approval (waste)",
        "comments_from_registry": 0,
        "comments_by_email": 0,
        "comments_by_mail": 0
    },
    "019-0811": {
        "url": "/notice/019-0811",
        "title": "Prodigy Gold Inc.\n      \n         - Environmental Compliance Approval (air)",
        "comments_from_registry": 0,
        "comments_by_email": 0,
        "comments_by_mail": 0
    },
    "019-1973": {
        "url": "/notice/019-1973",
        "title": "1136291 Ontario Inc. operating as Cedar Crest Trout Farms\n      \n         - Permit to take water",
        "comments_from_registry": 0,
        "comments_by_email": 0,
        "comments_by_mail": 0
    },
    "019-2408": {
        "url": "/notice/019-2408",
        "title": "The Nest Golf Inc.\n      \n         - Permit to take water",
        "comments_from_registry": 0,
        "comments_by_email": 0,
        "comments_by_mail": 0
    },
    "019-0090": {
        "url": "/notice/019-0090",
        "title": "329931 Ontario Limited\n      \n         - Environmental Compliance Approval (waste)",
        "comments_from_registry": 1,
        "comments_by_email": 0,
        "comments_by_mail": 0
    },
    "019-2493": {
        "url": "/notice/019-2493",
        "title": "Westview Golf Club Limited\n      \n         - Permit to take water",
        "comments_from_registry": 0,
        "comments_by_email": 0,
        "comments_by_mail": 0
    },
    "019-2349": {
        "url": "/notice/019-2349",
        "title": "Thunder Highlands Association\n      \n         - Permit to take water",
        "comments_from_registry": 0,
        "comments_by_email": 0,
        "comments_by_mail": 0
    },
    "019-1305": {
        "url": "/notice/019-1305",
        "title": "E&J Septic Incorporated\n      \n         - Environmental Compliance Approval (waste)",
        "comments_from_registry": 0,
        "comments_by_email": 0,
        "comments_by_mail": 0
    },
    "019-0432": {
        "url": "/notice/019-0432",
        "title": "Weber Septic Services (1159473 Ontario Inc.)\n      \n         - Environmental Compliance Approval (waste)",
        "comments_from_registry": 1,
        "comments_by_email": 0,
        "comments_by_mail": 0
    },
    "019-1265": {
        "url": "/notice/019-1265",
        "title": "H.T. Dale Services Ltd. c/o Harvey Dale\n      \n         - Environmental Compliance Approval (waste)",
        "comments_from_registry": 0,
        "comments_by_email": 0,
        "comments_by_mail": 0
    }
}