{
    "019-5429": {
        "url": "/notice/019-5429",
        "title": "Wonderland Business Centre Inc.\n      \n         - Environmental Compliance Approval (sewage)",
        "comments_from_registry": 0,
        "comments_by_email": 0,
        "comments_by_mail": 0
    },
    "019-5210": {
        "url": "/notice/019-5210",
        "title": "Mattamy (Berczy Glen) Limited\n      \n         - Permit to take water",
        "comments_from_registry": 0,
        "comments_by_email": 0,
        "comments_by_mail": 0
    },
    "019-5423": {
        "url": "/notice/019-5423",
        "title": "HK Travel Centres GP Inc., as general partner for and on behalf of HK Travel Centres L.P.\n      \n         - Permit to take water",
        "comments_from_registry": 0,
        "comments_by_email": 0,
        "comments_by_mail": 0
    },
    "019-5420": {
        "url": "/notice/019-5420",
        "title": "HK Travel Centres GP Inc., as general partner for and on behalf of HK Travel Centres L.P.\n      \n         - Permit to take water",
        "comments_from_registry": 0,
        "comments_by_email": 0,
        "comments_by_mail": 0
    },
    "019-5432": {
        "url": "/notice/019-5432",
        "title": "Stonehouse Golf Management Inc.\n      \n         - Permit to take water",
        "comments_from_registry": 0,
        "comments_by_email": 0,
        "comments_by_mail": 0
    },
    "019-5424": {
        "url": "/notice/019-5424",
        "title": "Pelee Acres Inc.\n      \n         - Environmental Compliance Approval (sewage)",
        "comments_from_registry": 0,
        "comments_by_email": 0,
        "comments_by_mail": 0
    },
    "019-2477": {
        "url": "/notice/019-2477",
        "title": "Joerg Kleinboeck\n      \n         - Mineral exploration permit",
        "comments_from_registry": 0,
        "comments_by_email": 0,
        "comments_by_mail": 0
    },
    "019-5665": {
        "url": "/notice/019-5665",
        "title": "ALDUS CAPITAL CORP\n      \n         - Approval for variance from the Liquid Fuels Handling Code",
        "comments_from_registry": 0,
        "comments_by_email": 0,
        "comments_by_mail": 0
    },
    "019-5080": {
        "url": "/notice/019-5080",
        "title": "Sharewell Investments Inc.\n      \n         - Permit to take water",
        "comments_from_registry": 0,
        "comments_by_email": 0,
        "comments_by_mail": 0
    },
    "019-5558": {
        "url": "/notice/019-5558",
        "title": "Li-Cycle Americas Corp.\n      \n         - Environmental Compliance Approval (sewage)",
        "comments_from_registry": 0,
        "comments_by_email": 0,
        "comments_by_mail": 0
    },
    "019-5564": {
        "url": "/notice/019-5564",
        "title": "Don Skalesky\n      \n         - Mineral exploration permit",
        "comments_from_registry": 0,
        "comments_by_email": 0,
        "comments_by_mail": 0
    },
    "019-5563": {
        "url": "/notice/019-5563",
        "title": "NuVision Resources Ltd. \n      \n         - Mineral exploration permit",
        "comments_from_registry": 0,
        "comments_by_email": 0,
        "comments_by_mail": 0
    },
    "019-5502": {
        "url": "/notice/019-5502",
        "title": "Erie Meat Products Limited\n      \n         - Permit to take water",
        "comments_from_registry": 0,
        "comments_by_email": 0,
        "comments_by_mail": 0
    },
    "019-5542": {
        "url": "/notice/019-5542",
        "title": "The Regional Municipality of Waterloo\n      \n         - Environmental Compliance Approval (sewage)",
        "comments_from_registry": 0,
        "comments_by_email": 0,
        "comments_by_mail": 0
    },
    "019-4064": {
        "url": "/notice/019-4064",
        "title": "Magna International Inc. operating as P & F Tool & Die\n      \n         - Environmental Compliance Approval (air)",
        "comments_from_registry": 0,
        "comments_by_email": 0,
        "comments_by_mail": 0
    },
    "019-5282": {
        "url": "/notice/019-5282",
        "title": "Pinnacle International (Dundas) Ltd.\n      \n         - Certificate of property use",
        "comments_from_registry": 0,
        "comments_by_email": 0,
        "comments_by_mail": 0
    },
    "019-5586": {
        "url": "/notice/019-5586",
        "title": "Ardiden Ltd.\n      \n         - Mineral exploration permit",
        "comments_from_registry": 0,
        "comments_by_email": 0,
        "comments_by_mail": 0
    },
    "019-5136": {
        "url": "/notice/019-5136",
        "title": "Bryan, Debbie and Rodney Turpin\n      \n         - Approval for a consent (subject to conditions) in an area where there is no official plan in place",
        "comments_from_registry": 0,
        "comments_by_email": 0,
        "comments_by_mail": 0
    },
    "019-5137": {
        "url": "/notice/019-5137",
        "title": "Jerome James and Janice Louise Drahos \n      \n         - Approval for a consent (subject to conditions) in an area where there is no official plan in place",
        "comments_from_registry": 0,
        "comments_by_email": 0,
        "comments_by_mail": 0
    },
    "019-5336": {
        "url": "/notice/019-5336",
        "title": "Lakeridge Resort Limited\n      \n         - Permit to take water",
        "comments_from_registry": 0,
        "comments_by_email": 0,
        "comments_by_mail": 0
    }
}