{
    "019-3494": {
        "url": "/notice/019-3494",
        "title": "Cedarhill Golf Enterprises Inc.\n      \n         - Permit to take water",
        "comments_from_registry": 0,
        "comments_by_email": 0,
        "comments_by_mail": 0
    },
    "019-2133": {
        "url": "/notice/019-2133",
        "title": "DEW Engineering and Development ULC\n      \n         - Environmental Compliance Approval (air)",
        "comments_from_registry": 0,
        "comments_by_email": 0,
        "comments_by_mail": 0
    },
    "019-3783": {
        "url": "/notice/019-3783",
        "title": "St. Marys Cement Inc.\n      \n         - Permit for activities to achieve an overall benefit to a species",
        "comments_from_registry": 0,
        "comments_by_email": 1,
        "comments_by_mail": 0
    },
    "019-3038": {
        "url": "/notice/019-3038",
        "title": "Proposal to amend Ontario Regulation 161/99 (Definitions and Exemptions) under the Ontario Energy Board Act, 1998 to exempt certain electricity transmission projects from Section 92 (Leave to Construct) approval.",
        "comments_from_registry": 5,
        "comments_by_email": 1,
        "comments_by_mail": 0
    },
    "019-3844": {
        "url": "/notice/019-3844",
        "title": "Conquest Resources Limited\n      \n         - Mineral exploration permit",
        "comments_from_registry": 0,
        "comments_by_email": 0,
        "comments_by_mail": 0
    },
    "019-3700": {
        "url": "/notice/019-3700",
        "title": "2366885 Ontario Inc.\n      \n         - Certificate of property use",
        "comments_from_registry": 3,
        "comments_by_email": 0,
        "comments_by_mail": 0
    },
    "019-3159": {
        "url": "/notice/019-3159",
        "title": "White Metal Resources\n      \n         - Mineral exploration permit",
        "comments_from_registry": 0,
        "comments_by_email": 0,
        "comments_by_mail": 0
    },
    "019-3711": {
        "url": "/notice/019-3711",
        "title": "Roybridge Holdings Limited\n      \n         - Environmental Compliance Approval (air)",
        "comments_from_registry": 0,
        "comments_by_email": 0,
        "comments_by_mail": 0
    },
    "019-3698": {
        "url": "/notice/019-3698",
        "title": "Looby Construction Limited\n      \n         - Permit to take water",
        "comments_from_registry": 0,
        "comments_by_email": 0,
        "comments_by_mail": 0
    },
    "019-3176": {
        "url": "/notice/019-3176",
        "title": "552855 Ontario Ltd. operating as Big Otter Marina and Campground\n      \n         - Environmental Compliance Approval (sewage)",
        "comments_from_registry": 0,
        "comments_by_email": 0,
        "comments_by_mail": 0
    },
    "019-3333": {
        "url": "/notice/019-3333",
        "title": "The Corporation of the County of Prince Edward\n      \n         - Approval of a municipality\u2019s official plan",
        "comments_from_registry": 3,
        "comments_by_email": 4,
        "comments_by_mail": 0
    },
    "019-3434": {
        "url": "/notice/019-3434",
        "title": "Douglas Parker\n      \n         - Mineral exploration permit",
        "comments_from_registry": 0,
        "comments_by_email": 0,
        "comments_by_mail": 0
    },
    "019-3583": {
        "url": "/notice/019-3583",
        "title": "Ms. Patti Rozich - Agnico Eagle Mines Ltd.\n      \n         - Mineral exploration permit",
        "comments_from_registry": 0,
        "comments_by_email": 0,
        "comments_by_mail": 0
    },
    "019-3584": {
        "url": "/notice/019-3584",
        "title": "Ms. Patti Rozich - Agnico Eagle Mines Ltd.\n      \n         - Mineral exploration permit",
        "comments_from_registry": 0,
        "comments_by_email": 0,
        "comments_by_mail": 0
    },
    "019-3582": {
        "url": "/notice/019-3582",
        "title": "Ms. Patti Rozich - Agnico Eagle Mines Ltd.\n      \n         - Mineral exploration permit",
        "comments_from_registry": 0,
        "comments_by_email": 0,
        "comments_by_mail": 0
    },
    "019-1805": {
        "url": "/notice/019-1805",
        "title": "Proposal to exempt projects or activities related to land claim settlements and other agreements with Indigenous communities about land from the Environmental Assessment Act",
        "comments_from_registry": 7,
        "comments_by_email": 14,
        "comments_by_mail": 0
    },
    "019-3467": {
        "url": "/notice/019-3467",
        "title": "Greenwin Holdings Inc.\n      \n         - Permit to take water",
        "comments_from_registry": 0,
        "comments_by_email": 0,
        "comments_by_mail": 0
    },
    "019-3551": {
        "url": "/notice/019-3551",
        "title": "1889379 Ontario Inc. operating as McCulloch Septic Pumping & Drain Cleaning\n      \n         - Environmental Compliance Approval (waste)",
        "comments_from_registry": 0,
        "comments_by_email": 0,
        "comments_by_mail": 0
    },
    "019-3246": {
        "url": "/notice/019-3246",
        "title": "Dover Sanitation Inc.\n      \n         - Environmental Compliance Approval (waste)",
        "comments_from_registry": 0,
        "comments_by_email": 0,
        "comments_by_mail": 0
    },
    "019-3878": {
        "url": "/notice/019-3878",
        "title": "Marshall Homes (Finch) Ltd.\n      \n         - Environmental Compliance Approval (sewage)",
        "comments_from_registry": 0,
        "comments_by_email": 0,
        "comments_by_mail": 0
    }
}