{
    "019-4591": {
        "url": "/notice/019-4591",
        "title": "Masseto Homes Inc.\n      \n         - Environmental Compliance Approval (sewage)",
        "comments_from_registry": 0,
        "comments_by_email": 0,
        "comments_by_mail": 0
    },
    "019-4414": {
        "url": "/notice/019-4414",
        "title": "Enbridge Pipelines Inc.\n      \n         - Permit to take water",
        "comments_from_registry": 0,
        "comments_by_email": 0,
        "comments_by_mail": 0
    },
    "019-4562": {
        "url": "/notice/019-4562",
        "title": "Chippewa Creek Golf at Mount Hope, Inc.\n      \n         - Permit to take water",
        "comments_from_registry": 0,
        "comments_by_email": 0,
        "comments_by_mail": 0
    },
    "019-4917": {
        "url": "/notice/019-4917",
        "title": "Story Environmental Inc.\n      \n         - Environmental Compliance Approval (sewage)",
        "comments_from_registry": 0,
        "comments_by_email": 0,
        "comments_by_mail": 0
    },
    "019-3083": {
        "url": "/notice/019-3083",
        "title": "Vandyk - Backyard Kings Mill Limited\n      \n         - Certificate of property use",
        "comments_from_registry": 0,
        "comments_by_email": 0,
        "comments_by_mail": 0
    },
    "019-2342": {
        "url": "/notice/019-2342",
        "title": "Northern Waste Transfer Services Ltd.\n      \n         - Environmental Compliance Approval (air)",
        "comments_from_registry": 0,
        "comments_by_email": 0,
        "comments_by_mail": 0
    },
    "019-4397": {
        "url": "/notice/019-4397",
        "title": "Cobalt Camp Refinery Limited\n      \n         - Acknowledging receipt of a closure plan for a mine production project",
        "comments_from_registry": 0,
        "comments_by_email": 0,
        "comments_by_mail": 0
    },
    "019-4979": {
        "url": "/notice/019-4979",
        "title": "John Brady\n      \n         - Mineral exploration permit",
        "comments_from_registry": 0,
        "comments_by_email": 0,
        "comments_by_mail": 0
    },
    "019-5029": {
        "url": "/notice/019-5029",
        "title": "Jim Melo\n      \n         - Mineral exploration permit",
        "comments_from_registry": 0,
        "comments_by_email": 0,
        "comments_by_mail": 0
    },
    "019-4870": {
        "url": "/notice/019-4870",
        "title": "Generation PGM Inc.\n      \n         - Mineral exploration permit",
        "comments_from_registry": 0,
        "comments_by_email": 0,
        "comments_by_mail": 0
    },
    "019-4871": {
        "url": "/notice/019-4871",
        "title": "Generation PGM Inc.\n      \n         - Mineral exploration permit",
        "comments_from_registry": 0,
        "comments_by_email": 0,
        "comments_by_mail": 0
    },
    "019-4872": {
        "url": "/notice/019-4872",
        "title": "Generation PGM Inc.\n      \n         - Mineral exploration permit",
        "comments_from_registry": 0,
        "comments_by_email": 0,
        "comments_by_mail": 0
    },
    "019-4873": {
        "url": "/notice/019-4873",
        "title": "Generation PGM Inc.\n      \n         - Mineral exploration permit",
        "comments_from_registry": 0,
        "comments_by_email": 0,
        "comments_by_mail": 0
    },
    "019-4874": {
        "url": "/notice/019-4874",
        "title": "Generation PGM Inc.\n      \n         - Mineral exploration permit",
        "comments_from_registry": 0,
        "comments_by_email": 0,
        "comments_by_mail": 0
    },
    "019-4787": {
        "url": "/notice/019-4787",
        "title": "Director under the Pesticides Act\n      \n         - Addition or removal of an active ingredient to the List of Active Ingredients Authorized for Cosmetic Uses (Allowable List)",
        "comments_from_registry": 0,
        "comments_by_email": 0,
        "comments_by_mail": 0
    },
    "019-4475": {
        "url": "/notice/019-4475",
        "title": "Alpa Properties Inc.\n      \n         - Environmental Compliance Approval (sewage)",
        "comments_from_registry": 0,
        "comments_by_email": 0,
        "comments_by_mail": 0
    },
    "019-4307": {
        "url": "/notice/019-4307",
        "title": "Huntington-Fifty Investments Limited\n      \n         - Environmental Compliance Approval (sewage)",
        "comments_from_registry": 0,
        "comments_by_email": 0,
        "comments_by_mail": 0
    },
    "019-3500": {
        "url": "/notice/019-3500",
        "title": "Highland Packers Limited\n      \n         - Permit to take water",
        "comments_from_registry": 0,
        "comments_by_email": 1,
        "comments_by_mail": 0
    },
    "019-4624": {
        "url": "/notice/019-4624",
        "title": "Costco Wholesale Canada Ltd.\n      \n         - Environmental Compliance Approval (sewage)",
        "comments_from_registry": 0,
        "comments_by_email": 0,
        "comments_by_mail": 0
    },
    "019-4943": {
        "url": "/notice/019-4943",
        "title": "E2Gold Inc\n      \n         - Mineral exploration permit",
        "comments_from_registry": 0,
        "comments_by_email": 0,
        "comments_by_mail": 0
    }
}