{
    "019-3908": {
        "url": "/notice/019-3908",
        "title": "LDI Lakeside Developments Inc.\n      \n         - Environmental Compliance Approval (sewage)",
        "comments_from_registry": 0,
        "comments_by_email": 0,
        "comments_by_mail": 0
    },
    "019-3053": {
        "url": "/notice/019-3053",
        "title": "Glencore Canada Corporation\n      \n         - Permit to take water",
        "comments_from_registry": 0,
        "comments_by_email": 1,
        "comments_by_mail": 0
    },
    "019-2957": {
        "url": "/notice/019-2957",
        "title": "Cambridge Aggregates Inc.\n      \n         - Permit to take water",
        "comments_from_registry": 0,
        "comments_by_email": 0,
        "comments_by_mail": 0
    },
    "019-3421": {
        "url": "/notice/019-3421",
        "title": "1324445 Ontario Ltd., operating as Action Septic Services\n      \n         - Environmental Compliance Approval (waste)",
        "comments_from_registry": 0,
        "comments_by_email": 0,
        "comments_by_mail": 0
    },
    "019-3571": {
        "url": "/notice/019-3571",
        "title": "Baghai Development Ltd.\n      \n         - Approval of an amendment to the Niagara Escarpment Plan",
        "comments_from_registry": 0,
        "comments_by_email": 0,
        "comments_by_mail": 8
    },
    "019-3674": {
        "url": "/notice/019-3674",
        "title": "Pickerel Bay Lodge Inc.\n      \n         - Environmental Compliance Approval (sewage)",
        "comments_from_registry": 0,
        "comments_by_email": 0,
        "comments_by_mail": 0
    },
    "019-4216": {
        "url": "/notice/019-4216",
        "title": "PPG Canada Inc.\n      \n         - Environmental Compliance Approval (air)",
        "comments_from_registry": 0,
        "comments_by_email": 0,
        "comments_by_mail": 0
    },
    "019-3444": {
        "url": "/notice/019-3444",
        "title": "Metso Outotec Canada Inc.\n      \n         - Environmental Compliance Approval (air)",
        "comments_from_registry": 0,
        "comments_by_email": 0,
        "comments_by_mail": 0
    },
    "019-3398": {
        "url": "/notice/019-3398",
        "title": "St. Marys Cement Inc. (Canada) operating as CBM Ready Mix\n      \n         - Environmental Compliance Approval (air)",
        "comments_from_registry": 0,
        "comments_by_email": 0,
        "comments_by_mail": 0
    },
    "019-4583": {
        "url": "/notice/019-4583",
        "title": "Donald Wupori\n      \n         - Approval for a consent (subject to conditions) in an area where there is no official plan in place",
        "comments_from_registry": 0,
        "comments_by_email": 0,
        "comments_by_mail": 0
    },
    "019-4337": {
        "url": "/notice/019-4337",
        "title": "Township of Perry\n      \n         - Approval to amend a municipality\u2019s official plan",
        "comments_from_registry": 0,
        "comments_by_email": 0,
        "comments_by_mail": 0
    },
    "019-4446": {
        "url": "/notice/019-4446",
        "title": "Retention of Proceeds from Testing Activities on Leases and Patented Lands",
        "comments_from_registry": 2,
        "comments_by_email": 1,
        "comments_by_mail": 0
    },
    "019-4452": {
        "url": "/notice/019-4452",
        "title": "Recovery of Minerals",
        "comments_from_registry": 2,
        "comments_by_email": 2,
        "comments_by_mail": 0
    },
    "019-4347": {
        "url": "/notice/019-4347",
        "title": "Enwave Energy Corporation\n      \n         - Permit to take water",
        "comments_from_registry": 0,
        "comments_by_email": 0,
        "comments_by_mail": 0
    },
    "019-4459": {
        "url": "/notice/019-4459",
        "title": "Erik Gerard Daly\n      \n         - Environmental Compliance Approval (sewage)",
        "comments_from_registry": 0,
        "comments_by_email": 0,
        "comments_by_mail": 0
    },
    "019-3849": {
        "url": "/notice/019-3849",
        "title": "Nutrient Management Act Further Burden Reduction Opportunities",
        "comments_from_registry": 5,
        "comments_by_email": 12,
        "comments_by_mail": 0
    },
    "019-3977": {
        "url": "/notice/019-3977",
        "title": "Financial penalty for failing to submit a mandatory hunter report",
        "comments_from_registry": 37,
        "comments_by_email": 0,
        "comments_by_mail": 0
    },
    "019-4298": {
        "url": "/notice/019-4298",
        "title": "Stubbe's Aggregates Inc.\n      \n         - Permit to take water",
        "comments_from_registry": 0,
        "comments_by_email": 1,
        "comments_by_mail": 0
    },
    "019-4269": {
        "url": "/notice/019-4269",
        "title": "Enbridge Pipelines Inc.\n      \n         - Permit to take water",
        "comments_from_registry": 0,
        "comments_by_email": 0,
        "comments_by_mail": 0
    },
    "019-4012": {
        "url": "/notice/019-4012",
        "title": "Martin's Family Fruit Farm Ltd.\n      \n         - Permit to take water",
        "comments_from_registry": 0,
        "comments_by_email": 0,
        "comments_by_mail": 0
    }
}