{
    "019-3556": {
        "url": "/notice/019-3556",
        "title": "Gwillimdale Farms Ltd.\n      \n         - Permit to take water",
        "comments_from_registry": 0,
        "comments_by_email": 0,
        "comments_by_mail": 0
    },
    "019-3299": {
        "url": "/notice/019-3299",
        "title": "Bobcat Developments Petrolia Ltd.\n      \n         - Environmental Compliance Approval (sewage)",
        "comments_from_registry": 0,
        "comments_by_email": 0,
        "comments_by_mail": 0
    },
    "019-3479": {
        "url": "/notice/019-3479",
        "title": "Camking Exploration and Resources Limited\n      \n         - Mineral exploration permit",
        "comments_from_registry": 0,
        "comments_by_email": 0,
        "comments_by_mail": 0
    },
    "019-3219": {
        "url": "/notice/019-3219",
        "title": "Hope Bay Quarry Inc\n      \n         - Changes to the conditions of a licence to operate a pit or quarry",
        "comments_from_registry": 0,
        "comments_by_email": 1,
        "comments_by_mail": 0
    },
    "019-2999": {
        "url": "/notice/019-2999",
        "title": "Corporation of The Nation Municipality\n      \n         - Changes to the site plan for a pit or quarry",
        "comments_from_registry": 0,
        "comments_by_email": 2,
        "comments_by_mail": 0
    },
    "019-3170": {
        "url": "/notice/019-3170",
        "title": "Golden Share Resources Corp.\n      \n         - Mineral exploration permit",
        "comments_from_registry": 0,
        "comments_by_email": 0,
        "comments_by_mail": 0
    },
    "019-3581": {
        "url": "/notice/019-3581",
        "title": "Conquest Resources Limited\n      \n         - Mineral exploration permit",
        "comments_from_registry": 0,
        "comments_by_email": 0,
        "comments_by_mail": 0
    },
    "019-3013": {
        "url": "/notice/019-3013",
        "title": "Promed Recycle Inc.\n      \n         - Environmental Compliance Approval (waste)",
        "comments_from_registry": 0,
        "comments_by_email": 0,
        "comments_by_mail": 0
    },
    "019-3580": {
        "url": "/notice/019-3580",
        "title": "Macdonald Mines Exploration Ltd.\n      \n         - Mineral exploration permit",
        "comments_from_registry": 0,
        "comments_by_email": 0,
        "comments_by_mail": 0
    },
    "019-3461": {
        "url": "/notice/019-3461",
        "title": "Gatling Exploration Incorporated\n      \n         - Mineral exploration permit",
        "comments_from_registry": 0,
        "comments_by_email": 0,
        "comments_by_mail": 0
    },
    "019-3440": {
        "url": "/notice/019-3440",
        "title": "Nimer Bros. Developments Inc.\n      \n         - Certificate of property use",
        "comments_from_registry": 0,
        "comments_by_email": 0,
        "comments_by_mail": 0
    },
    "019-3155": {
        "url": "/notice/019-3155",
        "title": "Alpa Properties Inc.\n      \n         - Environmental Compliance Approval (sewage)",
        "comments_from_registry": 0,
        "comments_by_email": 0,
        "comments_by_mail": 0
    },
    "019-3163": {
        "url": "/notice/019-3163",
        "title": "Condon Construction Limited\n      \n         - Permit to take water",
        "comments_from_registry": 0,
        "comments_by_email": 0,
        "comments_by_mail": 0
    },
    "019-1368": {
        "url": "/notice/019-1368",
        "title": "Belterra Corporation\n      \n         - Environmental Compliance Approval (air)",
        "comments_from_registry": 0,
        "comments_by_email": 0,
        "comments_by_mail": 0
    },
    "019-3088": {
        "url": "/notice/019-3088",
        "title": "Public commenting period for proposed updates to the Rules of Procedure of the Agriculture, Food and Rural Affairs Appeal Tribunal",
        "comments_from_registry": 0,
        "comments_by_email": 0,
        "comments_by_mail": 0
    },
    "019-3058": {
        "url": "/notice/019-3058",
        "title": "Vicdom Sand & Gravel (Ontario) Limited\n      \n         - Permit to take water",
        "comments_from_registry": 0,
        "comments_by_email": 0,
        "comments_by_mail": 0
    },
    "019-3248": {
        "url": "/notice/019-3248",
        "title": "Barrhaven Conservancy Development Corporation\n      \n         - Permit to take water",
        "comments_from_registry": 0,
        "comments_by_email": 1,
        "comments_by_mail": 0
    },
    "019-3410": {
        "url": "/notice/019-3410",
        "title": "Cedar Links Golf Centre Inc.\n      \n         - Permit to take water",
        "comments_from_registry": 0,
        "comments_by_email": 0,
        "comments_by_mail": 0
    },
    "019-3180": {
        "url": "/notice/019-3180",
        "title": "Telephone City Aggregates Inc.\n      \n         - Permit to take water",
        "comments_from_registry": 0,
        "comments_by_email": 0,
        "comments_by_mail": 0
    },
    "019-3273": {
        "url": "/notice/019-3273",
        "title": "Calerin Golf Club Inc.\n      \n         - Permit to take water",
        "comments_from_registry": 0,
        "comments_by_email": 0,
        "comments_by_mail": 0
    }
}