{
    "019-3271": {
        "url": "/notice/019-3271",
        "title": "St. Marys Cement Inc. (Canada)\n      \n         - Environmental Compliance Approval (air)",
        "comments_from_registry": 0,
        "comments_by_email": 0,
        "comments_by_mail": 0
    },
    "019-3386": {
        "url": "/notice/019-3386",
        "title": "Panther Metals (Canada) Ltd.\n      \n         - Mineral exploration permit",
        "comments_from_registry": 0,
        "comments_by_email": 0,
        "comments_by_mail": 0
    },
    "019-3011": {
        "url": "/notice/019-3011",
        "title": "Robert D. Bishop\n      \n         - Permit to take water",
        "comments_from_registry": 0,
        "comments_by_email": 0,
        "comments_by_mail": 0
    },
    "019-3123": {
        "url": "/notice/019-3123",
        "title": "Nieuwland Feed and Supply Limited\n      \n         - Environmental Compliance Approval (sewage)",
        "comments_from_registry": 0,
        "comments_by_email": 0,
        "comments_by_mail": 0
    },
    "019-3050": {
        "url": "/notice/019-3050",
        "title": "Cable Bridge Enterprises Limited\n      \n         - Permit to take water",
        "comments_from_registry": 0,
        "comments_by_email": 0,
        "comments_by_mail": 0
    },
    "019-3113": {
        "url": "/notice/019-3113",
        "title": "GWITMOC Foundation\n      \n         - Permit to take water",
        "comments_from_registry": 0,
        "comments_by_email": 0,
        "comments_by_mail": 0
    },
    "019-0730": {
        "url": "/notice/019-0730",
        "title": "Nottawasaga Haven Campground Ltd.\n      \n         - Environmental Compliance Approval (sewage)",
        "comments_from_registry": 0,
        "comments_by_email": 0,
        "comments_by_mail": 0
    },
    "019-2976": {
        "url": "/notice/019-2976",
        "title": "Louis Nadin\n      \n         - Approval for a consent (subject to conditions) in an area where there is no official plan in place",
        "comments_from_registry": 0,
        "comments_by_email": 2,
        "comments_by_mail": 1
    },
    "019-3382": {
        "url": "/notice/019-3382",
        "title": "Lester Hopkins\n      \n         - Mineral exploration permit",
        "comments_from_registry": 0,
        "comments_by_email": 0,
        "comments_by_mail": 0
    },
    "019-3360": {
        "url": "/notice/019-3360",
        "title": "Theodore John Kaemingh\n      \n         - Approval for a consent (subject to conditions) in an area where there is no official plan in place",
        "comments_from_registry": 0,
        "comments_by_email": 0,
        "comments_by_mail": 0
    },
    "019-2971": {
        "url": "/notice/019-2971",
        "title": "Peter Maki et al\n      \n         - Approval for a consent (subject to conditions) in an area where there is no official plan in place",
        "comments_from_registry": 0,
        "comments_by_email": 0,
        "comments_by_mail": 0
    },
    "019-2970": {
        "url": "/notice/019-2970",
        "title": "Peter Maki et al\n      \n         - Approval for a consent (subject to conditions) in an area where there is no official plan in place",
        "comments_from_registry": 0,
        "comments_by_email": 0,
        "comments_by_mail": 0
    },
    "019-2950": {
        "url": "/notice/019-2950",
        "title": "Jack Jamieson\n      \n         - Approval for a consent (subject to conditions) in an area where there is no official plan in place",
        "comments_from_registry": 0,
        "comments_by_email": 0,
        "comments_by_mail": 0
    },
    "019-1283": {
        "url": "/notice/019-1283",
        "title": "Hydro One Networks Inc. \n      \n         - Environmental Compliance Approval (sewage)",
        "comments_from_registry": 0,
        "comments_by_email": 0,
        "comments_by_mail": 0
    },
    "019-3115": {
        "url": "/notice/019-3115",
        "title": "Rob Thompson Developments Ltd.\n      \n         - Environmental Compliance Approval (sewage)",
        "comments_from_registry": 0,
        "comments_by_email": 0,
        "comments_by_mail": 0
    },
    "019-3254": {
        "url": "/notice/019-3254",
        "title": "James Selkirk Custom Homes Ltd.\n      \n         - Environmental Compliance Approval (sewage)",
        "comments_from_registry": 0,
        "comments_by_email": 0,
        "comments_by_mail": 0
    },
    "019-2104": {
        "url": "/notice/019-2104",
        "title": "G.T. Machining & Fabricating Ltd.\n      \n         - Environmental Compliance Approval (air)",
        "comments_from_registry": 0,
        "comments_by_email": 0,
        "comments_by_mail": 0
    },
    "019-3249": {
        "url": "/notice/019-3249",
        "title": "Transition Metals Corp\n      \n         - Mineral exploration permit",
        "comments_from_registry": 35,
        "comments_by_email": 0,
        "comments_by_mail": 0
    },
    "019-0800": {
        "url": "/notice/019-0800",
        "title": "Windeau Investments\n      \n         - Approval for a consent (subject to conditions) in an area where there is no official plan in place",
        "comments_from_registry": 0,
        "comments_by_email": 0,
        "comments_by_mail": 0
    },
    "019-3258": {
        "url": "/notice/019-3258",
        "title": "Melkior Resources Incorporated\n      \n         - Mineral exploration permit",
        "comments_from_registry": 0,
        "comments_by_email": 0,
        "comments_by_mail": 0
    }
}