{
    "019-3332": {
        "url": "/notice/019-3332",
        "title": "Oleg Hait and Oksana Hait operating as Oro Campground\n      \n         - Environmental Compliance Approval (sewage)",
        "comments_from_registry": 0,
        "comments_by_email": 0,
        "comments_by_mail": 0
    },
    "019-2424": {
        "url": "/notice/019-2424",
        "title": "DMS Metals Ltd.\n      \n         - Environmental Compliance Approval (air)",
        "comments_from_registry": 16,
        "comments_by_email": 1,
        "comments_by_mail": 0
    },
    "019-3432": {
        "url": "/notice/019-3432",
        "title": "Rain Carbon Canada Inc.\n      \n         - Environmental Compliance Approval (air)",
        "comments_from_registry": 0,
        "comments_by_email": 0,
        "comments_by_mail": 0
    },
    "019-3917": {
        "url": "/notice/019-3917",
        "title": "2313603 Ontario Inc.\n      \n         - Environmental Compliance Approval (sewage)",
        "comments_from_registry": 0,
        "comments_by_email": 0,
        "comments_by_mail": 0
    },
    "019-2129": {
        "url": "/notice/019-2129",
        "title": "Maple Leafs Foods Inc.\n      \n         - Environmental Compliance Approval (air)",
        "comments_from_registry": 0,
        "comments_by_email": 0,
        "comments_by_mail": 0
    },
    "019-3749": {
        "url": "/notice/019-3749",
        "title": "Kady Stachiw (Larson Lawyers Professional Corporation)\n      \n         - Approval for a consent (subject to conditions) in an area where there is no official plan in place",
        "comments_from_registry": 0,
        "comments_by_email": 0,
        "comments_by_mail": 0
    },
    "019-3840": {
        "url": "/notice/019-3840",
        "title": "Sanexen Environmental Services Inc.\n      \n         - Environmental Compliance Approval (sewage)",
        "comments_from_registry": 0,
        "comments_by_email": 0,
        "comments_by_mail": 0
    },
    "019-3750": {
        "url": "/notice/019-3750",
        "title": "HM Koch Dairy Inc.\n      \n         - Environmental Compliance Approval (sewage)",
        "comments_from_registry": 0,
        "comments_by_email": 0,
        "comments_by_mail": 0
    },
    "019-3019": {
        "url": "/notice/019-3019",
        "title": "Mercury Products Co.\n      \n         - Environmental Compliance Approval (air)",
        "comments_from_registry": 0,
        "comments_by_email": 0,
        "comments_by_mail": 0
    },
    "019-2374": {
        "url": "/notice/019-2374",
        "title": "CRH Canada Group Inc.\n      \n         - Environmental Compliance Approval (air)",
        "comments_from_registry": 0,
        "comments_by_email": 0,
        "comments_by_mail": 0
    },
    "019-3309": {
        "url": "/notice/019-3309",
        "title": "Windsor Salt Ltd./Sel Windsor Ltee\n      \n         - Permit to take water",
        "comments_from_registry": 0,
        "comments_by_email": 0,
        "comments_by_mail": 0
    },
    "019-3579": {
        "url": "/notice/019-3579",
        "title": "Sauble Golf & Country Club Limited\n      \n         - Permit to take water",
        "comments_from_registry": 0,
        "comments_by_email": 0,
        "comments_by_mail": 0
    },
    "019-2779": {
        "url": "/notice/019-2779",
        "title": "NOVA CHEMICALS CORPORATION\n      \n         - Environmental Compliance Approval (air)",
        "comments_from_registry": 0,
        "comments_by_email": 0,
        "comments_by_mail": 0
    },
    "019-3389": {
        "url": "/notice/019-3389",
        "title": "DCL International Inc\n      \n         - Environmental Compliance Approval (air)",
        "comments_from_registry": 0,
        "comments_by_email": 0,
        "comments_by_mail": 0
    },
    "019-2843": {
        "url": "/notice/019-2843",
        "title": "Chem-Ecol Ltd.\n      \n         - Environmental Compliance Approval (air)",
        "comments_from_registry": 0,
        "comments_by_email": 0,
        "comments_by_mail": 0
    },
    "019-2816": {
        "url": "/notice/019-2816",
        "title": "The Sarjeant Company Limited\n      \n         - Environmental Compliance Approval (sewage)",
        "comments_from_registry": 0,
        "comments_by_email": 0,
        "comments_by_mail": 0
    },
    "019-3015": {
        "url": "/notice/019-3015",
        "title": "MetoKote Canada Limited\n      \n         - Environmental Compliance Approval (air)",
        "comments_from_registry": 0,
        "comments_by_email": 0,
        "comments_by_mail": 0
    },
    "019-3267": {
        "url": "/notice/019-3267",
        "title": "2730646 Ontario Inc.\n      \n         - Environmental Compliance Approval (sewage)",
        "comments_from_registry": 0,
        "comments_by_email": 0,
        "comments_by_mail": 0
    },
    "019-3890": {
        "url": "/notice/019-3890",
        "title": "17300 Island Road Management Services Inc.\n      \n         - Environmental Compliance Approval (sewage)",
        "comments_from_registry": 0,
        "comments_by_email": 0,
        "comments_by_mail": 0
    },
    "019-3824": {
        "url": "/notice/019-3824",
        "title": "Brady Norman Germyn, opearting as Brady Germyn Septic Pumping\n      \n         - Environmental Compliance Approval (waste)",
        "comments_from_registry": 0,
        "comments_by_email": 0,
        "comments_by_mail": 0
    }
}