{
    "019-7545": {
        "url": "/notice/019-7545",
        "title": "7475 McLean Road East Inc.\n      \n         - Environmental Compliance Approval (sewage)",
        "comments_from_registry": 0,
        "comments_by_email": 0,
        "comments_by_mail": 0
    },
    "019-8691": {
        "url": "/notice/019-8691",
        "title": "Broccolini Thornton GP Inc.\n      \n         - Environmental Compliance Approval (sewage)",
        "comments_from_registry": 1,
        "comments_by_email": 0,
        "comments_by_mail": 0
    },
    "019-7706": {
        "url": "/notice/019-7706",
        "title": "Spring Valley Gardens (Niagara) Inc.\n      \n         - Environmental Compliance Approval (sewage)",
        "comments_from_registry": 0,
        "comments_by_email": 0,
        "comments_by_mail": 0
    },
    "019-7633": {
        "url": "/notice/019-7633",
        "title": "Spring Valley Gardens (Niagara) Inc.\n      \n         - Environmental Compliance Approval (sewage)",
        "comments_from_registry": 0,
        "comments_by_email": 0,
        "comments_by_mail": 0
    },
    "019-8262": {
        "url": "/notice/019-8262",
        "title": "Owens Corning Insulating Systems Canada GP Inc. for and on behalf of Owens Corning Insulating Systems Canada LP\n      \n         - Environmental Compliance Approval (air)",
        "comments_from_registry": 0,
        "comments_by_email": 0,
        "comments_by_mail": 0
    },
    "019-8092": {
        "url": "/notice/019-8092",
        "title": "H.P. Polymers Ltd.\n      \n         - Environmental Compliance Approval (air)",
        "comments_from_registry": 0,
        "comments_by_email": 0,
        "comments_by_mail": 0
    },
    "019-7624": {
        "url": "/notice/019-7624",
        "title": "Convertus Canada Ltd.\n      \n         - Environmental Compliance Approval (waste)",
        "comments_from_registry": 0,
        "comments_by_email": 0,
        "comments_by_mail": 0
    },
    "019-8176": {
        "url": "/notice/019-8176",
        "title": "Innophos Canada, Inc.\n      \n         - Environmental Compliance Approval (air)",
        "comments_from_registry": 0,
        "comments_by_email": 0,
        "comments_by_mail": 0
    },
    "019-7237": {
        "url": "/notice/019-7237",
        "title": "2021960 Ontario Inc. as general partner for and on behalf of New Forest Paper Mills LP\n      \n         - Environmental Compliance Approval (air)",
        "comments_from_registry": 0,
        "comments_by_email": 0,
        "comments_by_mail": 0
    },
    "019-8928": {
        "url": "/notice/019-8928",
        "title": "Francis Thomas Contracting Company Ltd.\n      \n         - Environmental Compliance Approval (waste)",
        "comments_from_registry": 0,
        "comments_by_email": 0,
        "comments_by_mail": 0
    },
    "019-6255": {
        "url": "/notice/019-6255",
        "title": "Seacliff Energy Corp.\n      \n         - Environmental Compliance Approval (waste)",
        "comments_from_registry": 0,
        "comments_by_email": 0,
        "comments_by_mail": 0
    },
    "019-4363": {
        "url": "/notice/019-4363",
        "title": "St. Marys Cement Inc. (Canada)\n      \n         - Changes to the site plan for a pit or quarry",
        "comments_from_registry": 2,
        "comments_by_email": 0,
        "comments_by_mail": 0
    },
    "019-7873": {
        "url": "/notice/019-7873",
        "title": "Re-Source Disposal Inc.\n      \n         - Environmental Compliance Approval (waste)",
        "comments_from_registry": 1,
        "comments_by_email": 0,
        "comments_by_mail": 0
    },
    "019-8526": {
        "url": "/notice/019-8526",
        "title": "Ontario Power Generation Inc. \n      \n         - Environmental Compliance Approval (sewage)",
        "comments_from_registry": 0,
        "comments_by_email": 0,
        "comments_by_mail": 0
    },
    "019-5464": {
        "url": "/notice/019-5464",
        "title": "SEJJ Environmental Solutions Inc.\n      \n         - Environmental Compliance Approval (sewage)",
        "comments_from_registry": 0,
        "comments_by_email": 0,
        "comments_by_mail": 0
    },
    "019-9144": {
        "url": "/notice/019-9144",
        "title": "Briarwood (Nwmkt) Inc.\n      \n         - Certificate of property use",
        "comments_from_registry": 0,
        "comments_by_email": 0,
        "comments_by_mail": 0
    },
    "019-7102": {
        "url": "/notice/019-7102",
        "title": "Carmeuse Lime (Canada) Limited\n      \n         - Environmental Compliance Approval (air)",
        "comments_from_registry": 0,
        "comments_by_email": 0,
        "comments_by_mail": 0
    },
    "019-4365": {
        "url": "/notice/019-4365",
        "title": "St. Marys Cement Inc. (Canada)\n      \n         - Changes to the conditions of a licence to operate a pit or quarry",
        "comments_from_registry": 1,
        "comments_by_email": 0,
        "comments_by_mail": 0
    },
    "019-8480": {
        "url": "/notice/019-8480",
        "title": "Royal Glen Eagle Investments Ltd.\n      \n         - Permit to take water",
        "comments_from_registry": 0,
        "comments_by_email": 0,
        "comments_by_mail": 0
    },
    "013-4540": {
        "url": "/notice/013-4540",
        "title": "Ransom Construction\n      \n         - Issuance of a licence to remove over 20,000 tonnes of aggregate annually from a pit or a quarry",
        "comments_from_registry": 0,
        "comments_by_email": 7,
        "comments_by_mail": 0
    }
}