{
    "019-7092": {
        "url": "/notice/019-7092",
        "title": "Richard Allen Vaillancourt\n      \n         - Environmental Compliance Approval (waste)",
        "comments_from_registry": 0,
        "comments_by_email": 1,
        "comments_by_mail": 0
    },
    "019-7094": {
        "url": "/notice/019-7094",
        "title": "Richard Allen Vaillancourt\n      \n         - Environmental Compliance Approval (waste)",
        "comments_from_registry": 0,
        "comments_by_email": 0,
        "comments_by_mail": 0
    },
    "019-7287": {
        "url": "/notice/019-7287",
        "title": "Davidson Construction Inc., operating as D & D Septic Pumping\n      \n         - Environmental Compliance Approval (waste)",
        "comments_from_registry": 0,
        "comments_by_email": 0,
        "comments_by_mail": 0
    },
    "013-4952": {
        "url": "/notice/013-4952",
        "title": "Township of Clearview (c/o Steven Sage, CAO)\n      \n         - Approval of an amendment to the Niagara Escarpment Plan",
        "comments_from_registry": 3,
        "comments_by_email": 62,
        "comments_by_mail": 0
    },
    "019-6752": {
        "url": "/notice/019-6752",
        "title": "Proposed changes to the OGSRA to regulate projects to test or demonstrate new or innovative activities, such as geologic carbon storage, and to safeguard people and the environment",
        "comments_from_registry": 13,
        "comments_by_email": 6,
        "comments_by_mail": 0
    },
    "019-7291": {
        "url": "/notice/019-7291",
        "title": "Jordan Christian School\n      \n         - Environmental Compliance Approval (sewage)",
        "comments_from_registry": 0,
        "comments_by_email": 0,
        "comments_by_mail": 0
    },
    "019-6495": {
        "url": "/notice/019-6495",
        "title": "Dalore Holdings Inc.\n      \n         - Environmental Compliance Approval (sewage)",
        "comments_from_registry": 0,
        "comments_by_email": 0,
        "comments_by_mail": 0
    },
    "019-7298": {
        "url": "/notice/019-7298",
        "title": "Trillium Red Lake Gold Ontario Inc.\n      \n         - Mineral exploration permit",
        "comments_from_registry": 0,
        "comments_by_email": 0,
        "comments_by_mail": 0
    },
    "019-4880": {
        "url": "/notice/019-4880",
        "title": "Produits Forestiers GreenFirst (QC) Inc. \n      \n         - Environmental Compliance Approval (waste)",
        "comments_from_registry": 0,
        "comments_by_email": 0,
        "comments_by_mail": 0
    },
    "019-7145": {
        "url": "/notice/019-7145",
        "title": "Noble Mineral Exploration Incorporated\n      \n         - Mineral exploration permit",
        "comments_from_registry": 0,
        "comments_by_email": 0,
        "comments_by_mail": 0
    },
    "019-7146": {
        "url": "/notice/019-7146",
        "title": "Noble Mineral Exploration Incorporated\n      \n         - Mineral exploration permit",
        "comments_from_registry": 0,
        "comments_by_email": 0,
        "comments_by_mail": 0
    },
    "019-7104": {
        "url": "/notice/019-7104",
        "title": "Canada Nickel Company Incorporated\n      \n         - Mineral exploration permit",
        "comments_from_registry": 0,
        "comments_by_email": 0,
        "comments_by_mail": 0
    },
    "019-2185": {
        "url": "/notice/019-2185",
        "title": "H & D Properties Ltd.\n      \n         - Environmental Compliance Approval (waste)",
        "comments_from_registry": 1,
        "comments_by_email": 78,
        "comments_by_mail": 0
    },
    "019-6349": {
        "url": "/notice/019-6349",
        "title": "EACOM Timber Corporation\n      \n         - Environmental Compliance Approval (waste)",
        "comments_from_registry": 0,
        "comments_by_email": 0,
        "comments_by_mail": 0
    },
    "019-7262": {
        "url": "/notice/019-7262",
        "title": "IKEA Properties Limited\n      \n         - Environmental Compliance Approval (sewage)",
        "comments_from_registry": 0,
        "comments_by_email": 0,
        "comments_by_mail": 0
    },
    "019-7362": {
        "url": "/notice/019-7362",
        "title": "Ronald Kosik\n      \n         - Approval for a consent (subject to conditions) in an area where there is no official plan in place",
        "comments_from_registry": 0,
        "comments_by_email": 0,
        "comments_by_mail": 0
    },
    "019-6297": {
        "url": "/notice/019-6297",
        "title": "Susan Simpson & Jeffrey Keegan\n      \n         - Approval for a consent (subject to conditions) in an area where there is no official plan in place",
        "comments_from_registry": 0,
        "comments_by_email": 0,
        "comments_by_mail": 0
    },
    "019-6463": {
        "url": "/notice/019-6463",
        "title": "Henry Hau\n      \n         - Environmental Compliance Approval (air)",
        "comments_from_registry": 0,
        "comments_by_email": 0,
        "comments_by_mail": 0
    },
    "019-6223": {
        "url": "/notice/019-6223",
        "title": "Enviro-Tex Products Inc.\n      \n         - Environmental Compliance Approval (air)",
        "comments_from_registry": 0,
        "comments_by_email": 0,
        "comments_by_mail": 0
    },
    "019-6252": {
        "url": "/notice/019-6252",
        "title": "Langs Dehy Ltd.\n      \n         - Environmental Compliance Approval (air)",
        "comments_from_registry": 0,
        "comments_by_email": 0,
        "comments_by_mail": 0
    }
}