{
    "019-3348": {
        "url": "/notice/019-3348",
        "title": "Newlife Properties Inc.\n      \n         - Permit to take water",
        "comments_from_registry": 0,
        "comments_by_email": 0,
        "comments_by_mail": 0
    },
    "019-1974": {
        "url": "/notice/019-1974",
        "title": "Amberwood Village Golf & Country Club Inc.\n      \n         - Permit to take water",
        "comments_from_registry": 0,
        "comments_by_email": 0,
        "comments_by_mail": 0
    },
    "019-3737": {
        "url": "/notice/019-3737",
        "title": "Conquest Resources Limited\n      \n         - Mineral exploration permit",
        "comments_from_registry": 0,
        "comments_by_email": 0,
        "comments_by_mail": 0
    },
    "019-3688": {
        "url": "/notice/019-3688",
        "title": "COSTCO WHOLESALE CANADA LTD.\n      \n         - Approval for variance from the Liquid Fuels Handling Code",
        "comments_from_registry": 0,
        "comments_by_email": 0,
        "comments_by_mail": 0
    },
    "019-3435": {
        "url": "/notice/019-3435",
        "title": "Simcoe County\n      \n         - Approval to amend a municipality\u2019s official plan",
        "comments_from_registry": 0,
        "comments_by_email": 0,
        "comments_by_mail": 0
    },
    "019-3292": {
        "url": "/notice/019-3292",
        "title": "County of Simcoe\n      \n         - Approval to amend a municipality\u2019s official plan",
        "comments_from_registry": 2,
        "comments_by_email": 69,
        "comments_by_mail": 0
    },
    "019-3034": {
        "url": "/notice/019-3034",
        "title": "Proposal to amend the Planning Act, 1990 to apply Hydro One\u2019s electricity transmission project exemptions to all transmitters.",
        "comments_from_registry": 2,
        "comments_by_email": 1,
        "comments_by_mail": 0
    },
    "013-4331": {
        "url": "/notice/013-4331",
        "title": "939708 Ontario Inc.\n      \n         - Environmental Compliance Approval (waste)",
        "comments_from_registry": 0,
        "comments_by_email": 0,
        "comments_by_mail": 0
    },
    "019-3131": {
        "url": "/notice/019-3131",
        "title": "AJ Jade Holdings Incorporated\n      \n         - Environmental Compliance Approval (waste)",
        "comments_from_registry": 0,
        "comments_by_email": 0,
        "comments_by_mail": 0
    },
    "019-2786": {
        "url": "/notice/019-2786",
        "title": "Clean Soils Services Ltd.\n      \n         - Environmental Compliance Approval (waste)",
        "comments_from_registry": 0,
        "comments_by_email": 0,
        "comments_by_mail": 0
    },
    "019-2788": {
        "url": "/notice/019-2788",
        "title": "Clean Soils Services Ltd.\n      \n         - Environmental Compliance Approval (waste)",
        "comments_from_registry": 0,
        "comments_by_email": 0,
        "comments_by_mail": 0
    },
    "019-2323": {
        "url": "/notice/019-2323",
        "title": "John Westendorp Enterprises Inc.\n      \n         - Environmental Compliance Approval (waste)",
        "comments_from_registry": 0,
        "comments_by_email": 0,
        "comments_by_mail": 0
    },
    "019-3722": {
        "url": "/notice/019-3722",
        "title": "Canada Nickel Company Incorporated\n      \n         - Mineral exploration permit",
        "comments_from_registry": 0,
        "comments_by_email": 1,
        "comments_by_mail": 0
    },
    "019-3687": {
        "url": "/notice/019-3687",
        "title": "Mr. Alan Sexton\n      \n         - Mineral exploration permit",
        "comments_from_registry": 0,
        "comments_by_email": 0,
        "comments_by_mail": 0
    },
    "019-3605": {
        "url": "/notice/019-3605",
        "title": "Ms. Karly Oliver - Pacton Gold Inc.\n      \n         - Mineral exploration permit",
        "comments_from_registry": 0,
        "comments_by_email": 0,
        "comments_by_mail": 0
    },
    "019-2320": {
        "url": "/notice/019-2320",
        "title": "Greenflow Environmental Services Inc.\n      \n         - Environmental Compliance Approval (waste)",
        "comments_from_registry": 2,
        "comments_by_email": 0,
        "comments_by_mail": 0
    },
    "019-2284": {
        "url": "/notice/019-2284",
        "title": "Laguna Trading Ltd.\n      \n         - Environmental Compliance Approval (waste)",
        "comments_from_registry": 0,
        "comments_by_email": 0,
        "comments_by_mail": 0
    },
    "019-2521": {
        "url": "/notice/019-2521",
        "title": "AJ Jade Holdings Inc.\n      \n         - Environmental Compliance Approval (waste)",
        "comments_from_registry": 0,
        "comments_by_email": 0,
        "comments_by_mail": 0
    },
    "019-3084": {
        "url": "/notice/019-3084",
        "title": "Cyanide Destruct Systems Inc.\n      \n         - Environmental Compliance Approval (waste)",
        "comments_from_registry": 0,
        "comments_by_email": 0,
        "comments_by_mail": 0
    },
    "019-3137": {
        "url": "/notice/019-3137",
        "title": "2264201 Ontario Inc.\n      \n         - Environmental Compliance Approval (waste)",
        "comments_from_registry": 0,
        "comments_by_email": 0,
        "comments_by_mail": 0
    }
}