{
    "019-7939": {
        "url": "/notice/019-7939",
        "title": "Midex Resources Ltd.\n      \n         - Mineral exploration permit",
        "comments_from_registry": 0,
        "comments_by_email": 0,
        "comments_by_mail": 0
    },
    "019-2365": {
        "url": "/notice/019-2365",
        "title": "CBM Aggregates\n      \n         - Changes to the conditions of a licence to operate a pit or quarry",
        "comments_from_registry": 0,
        "comments_by_email": 0,
        "comments_by_mail": 0
    },
    "019-7903": {
        "url": "/notice/019-7903",
        "title": "Martin Ethier\n      \n         - Mineral exploration permit",
        "comments_from_registry": 0,
        "comments_by_email": 0,
        "comments_by_mail": 0
    },
    "019-7904": {
        "url": "/notice/019-7904",
        "title": "Great Lakes Nickel Limited\n      \n         - Mineral exploration permit",
        "comments_from_registry": 0,
        "comments_by_email": 0,
        "comments_by_mail": 0
    },
    "019-7445": {
        "url": "/notice/019-7445",
        "title": "CAMBRIDGE AGGREGATES INC.\n      \n         - Permit to take water",
        "comments_from_registry": 0,
        "comments_by_email": 0,
        "comments_by_mail": 0
    },
    "019-6600": {
        "url": "/notice/019-6600",
        "title": "GFL Environmental Inc.\n      \n         - Environmental Compliance Approval (air)",
        "comments_from_registry": 0,
        "comments_by_email": 0,
        "comments_by_mail": 0
    },
    "019-7748": {
        "url": "/notice/019-7748",
        "title": "Toronto Waterfront Revitalization Corporation\n      \n         - Certificate of property use",
        "comments_from_registry": 0,
        "comments_by_email": 0,
        "comments_by_mail": 0
    },
    "019-6579": {
        "url": "/notice/019-6579",
        "title": "Stubbe's Redi-Mix Inc.\n      \n         - Environmental Compliance Approval (air)",
        "comments_from_registry": 0,
        "comments_by_email": 0,
        "comments_by_mail": 0
    },
    "019-7674": {
        "url": "/notice/019-7674",
        "title": "2591260 Ontario Inc.\n      \n         - Certificate of property use",
        "comments_from_registry": 0,
        "comments_by_email": 0,
        "comments_by_mail": 0
    },
    "019-7785": {
        "url": "/notice/019-7785",
        "title": "2598325 Ontario Inc.\n      \n         - Certificate of property use",
        "comments_from_registry": 0,
        "comments_by_email": 0,
        "comments_by_mail": 0
    },
    "019-7666": {
        "url": "/notice/019-7666",
        "title": "4415-4421 Sheppard Avenue East Inc.\n      \n         - Certificate of property use",
        "comments_from_registry": 0,
        "comments_by_email": 0,
        "comments_by_mail": 0
    },
    "019-7835": {
        "url": "/notice/019-7835",
        "title": "Hydro One Networks Inc.\n      \n         - Environmental Compliance Approval (sewage)",
        "comments_from_registry": 0,
        "comments_by_email": 0,
        "comments_by_mail": 0
    },
    "019-7614": {
        "url": "/notice/019-7614",
        "title": "The Cadillac Fairview Corporation Limited\n      \n         - Permit to take water",
        "comments_from_registry": 0,
        "comments_by_email": 0,
        "comments_by_mail": 0
    },
    "019-6734": {
        "url": "/notice/019-6734",
        "title": "Clarington Poultry Inc.\n      \n         - Environmental Compliance Approval (air)",
        "comments_from_registry": 0,
        "comments_by_email": 0,
        "comments_by_mail": 0
    },
    "019-7468": {
        "url": "/notice/019-7468",
        "title": "Suncor Energy Inc.\n      \n         - Environmental Compliance Approval (sewage)",
        "comments_from_registry": 0,
        "comments_by_email": 0,
        "comments_by_mail": 0
    },
    "019-6054": {
        "url": "/notice/019-6054",
        "title": "EllisDon Corporation\n      \n         - Environmental Compliance Approval (sewage)",
        "comments_from_registry": 0,
        "comments_by_email": 0,
        "comments_by_mail": 0
    },
    "019-7836": {
        "url": "/notice/019-7836",
        "title": "Hydro One Networks Inc.\n      \n         - Environmental Compliance Approval (sewage)",
        "comments_from_registry": 0,
        "comments_by_email": 0,
        "comments_by_mail": 0
    },
    "019-7420": {
        "url": "/notice/019-7420",
        "title": "Orlando Corporation\n      \n         - Environmental Compliance Approval (sewage)",
        "comments_from_registry": 0,
        "comments_by_email": 0,
        "comments_by_mail": 0
    },
    "019-6828": {
        "url": "/notice/019-6828",
        "title": "Ontario Power Generation Inc.\n      \n         - Permit to take water",
        "comments_from_registry": 0,
        "comments_by_email": 0,
        "comments_by_mail": 0
    },
    "019-4636": {
        "url": "/notice/019-4636",
        "title": "Yellowline Asphalt Products Ltd.\n      \n         - Environmental Compliance Approval (sewage)",
        "comments_from_registry": 0,
        "comments_by_email": 0,
        "comments_by_mail": 0
    }
}