{
    "019-1496": {
        "url": "/notice/019-1496",
        "title": "Lacero Solutions Inc.\n      \n         - Environmental Compliance Approval (multiple media)",
        "comments_from_registry": 0,
        "comments_by_email": 0,
        "comments_by_mail": 0
    },
    "019-2532": {
        "url": "/notice/019-2532",
        "title": "Reid's Heritage Homes Ltd.\n      \n         - Environmental Compliance Approval (sewage)",
        "comments_from_registry": 0,
        "comments_by_email": 0,
        "comments_by_mail": 0
    },
    "019-1467": {
        "url": "/notice/019-1467",
        "title": "Heidelberg Foods (Real Estate) Ltd.\n      \n         - Environmental Compliance Approval (air)",
        "comments_from_registry": 0,
        "comments_by_email": 0,
        "comments_by_mail": 0
    },
    "019-1179": {
        "url": "/notice/019-1179",
        "title": "Sarnia Paving Stone Ltd.\n      \n         - Environmental Compliance Approval (waste)",
        "comments_from_registry": 0,
        "comments_by_email": 0,
        "comments_by_mail": 0
    },
    "019-1371": {
        "url": "/notice/019-1371",
        "title": "Early Access to Land for Environmental Studies on Transmission Projects",
        "comments_from_registry": 2,
        "comments_by_email": 2,
        "comments_by_mail": 0
    },
    "019-1569": {
        "url": "/notice/019-1569",
        "title": "Polymer Distribution Inc.\n      \n         - Environmental Compliance Approval (sewage)",
        "comments_from_registry": 0,
        "comments_by_email": 0,
        "comments_by_mail": 0
    },
    "019-0872": {
        "url": "/notice/019-0872",
        "title": "Canroof Corporation Inc.\n      \n         - Environmental Compliance Approval (air)",
        "comments_from_registry": 0,
        "comments_by_email": 0,
        "comments_by_mail": 0
    },
    "019-1062": {
        "url": "/notice/019-1062",
        "title": "ECS Cares Incorporated\n      \n         - Environmental Compliance Approval (waste)",
        "comments_from_registry": 1,
        "comments_by_email": 0,
        "comments_by_mail": 0
    },
    "013-5030": {
        "url": "/notice/013-5030",
        "title": "GFL Environmental Inc.\n      \n         - Environmental Compliance Approval (waste)",
        "comments_from_registry": 0,
        "comments_by_email": 0,
        "comments_by_mail": 0
    },
    "019-2725": {
        "url": "/notice/019-2725",
        "title": "Proposal to amend O. Reg. 509/18 under the Electricity Act, 1998 (\u201cEfficiency Regulation\u201d)",
        "comments_from_registry": 2,
        "comments_by_email": 1,
        "comments_by_mail": 0
    },
    "019-2857": {
        "url": "/notice/019-2857",
        "title": "Agnico Eagle Mines Limited\n      \n         - Mineral exploration permit",
        "comments_from_registry": 0,
        "comments_by_email": 0,
        "comments_by_mail": 0
    },
    "019-2840": {
        "url": "/notice/019-2840",
        "title": "Ms. Patti Rozich\n      \n         - Mineral exploration permit",
        "comments_from_registry": 0,
        "comments_by_email": 0,
        "comments_by_mail": 0
    },
    "019-1481": {
        "url": "/notice/019-1481",
        "title": "Gin-Cor Industries Inc.\n      \n         - Environmental Compliance Approval (air)",
        "comments_from_registry": 0,
        "comments_by_email": 0,
        "comments_by_mail": 0
    },
    "019-1489": {
        "url": "/notice/019-1489",
        "title": "Stella-Jones Inc.\n      \n         - Environmental Compliance Approval (sewage)",
        "comments_from_registry": 0,
        "comments_by_email": 0,
        "comments_by_mail": 0
    },
    "019-2402": {
        "url": "/notice/019-2402",
        "title": "Government response statement under the Endangered Species Act, 2007 for Yellow-breasted Chat",
        "comments_from_registry": 2,
        "comments_by_email": 1,
        "comments_by_mail": 0
    },
    "019-2566": {
        "url": "/notice/019-2566",
        "title": "Bill 222 - Ontario Rebuilding and Recovery Act, 2020",
        "comments_from_registry": 9,
        "comments_by_email": 4,
        "comments_by_mail": 0
    },
    "019-2792": {
        "url": "/notice/019-2792",
        "title": "VALE CANADA LIMITED\n      \n         - Approval for variance from the Liquid Fuels Handling Code",
        "comments_from_registry": 0,
        "comments_by_email": 0,
        "comments_by_mail": 0
    },
    "019-2162": {
        "url": "/notice/019-2162",
        "title": "PCL Constructors Canada Inc.\n      \n         - Permit to take water",
        "comments_from_registry": 0,
        "comments_by_email": 0,
        "comments_by_mail": 0
    },
    "019-0972": {
        "url": "/notice/019-0972",
        "title": "Matcor Metal Fabrication Inc.\n      \n         - Environmental Compliance Approval (air)",
        "comments_from_registry": 0,
        "comments_by_email": 0,
        "comments_by_mail": 0
    },
    "019-1524": {
        "url": "/notice/019-1524",
        "title": "Sudbury Lime Limited\n      \n         - Environmental Compliance Approval (air)",
        "comments_from_registry": 0,
        "comments_by_email": 0,
        "comments_by_mail": 0
    }
}