{
    "019-1127": {
        "url": "/notice/019-1127",
        "title": "Halton Crushed Stone Limited \n      \n         - Environmental Compliance Approval (sewage)",
        "comments_from_registry": 0,
        "comments_by_email": 0,
        "comments_by_mail": 0
    },
    "019-2207": {
        "url": "/notice/019-2207",
        "title": "LK Aurora Inc.\n      \n         - Environmental Compliance Approval (sewage)",
        "comments_from_registry": 0,
        "comments_by_email": 0,
        "comments_by_mail": 0
    },
    "019-2755": {
        "url": "/notice/019-2755",
        "title": "10657433 Canada Ltd.\n      \n         - Environmental Compliance Approval (sewage)",
        "comments_from_registry": 0,
        "comments_by_email": 0,
        "comments_by_mail": 0
    },
    "019-2059": {
        "url": "/notice/019-2059",
        "title": "2118356 Ontario Inc.\n      \n         - Permit to take water",
        "comments_from_registry": 0,
        "comments_by_email": 1,
        "comments_by_mail": 0
    },
    "019-1082": {
        "url": "/notice/019-1082",
        "title": "Sarnia Paving Stone Ltd.\n      \n         - Environmental Compliance Approval (air)",
        "comments_from_registry": 0,
        "comments_by_email": 0,
        "comments_by_mail": 0
    },
    "019-1938": {
        "url": "/notice/019-1938",
        "title": "Wildwood Golf and RV Resort Inc.\n      \n         - Permit to take water",
        "comments_from_registry": 0,
        "comments_by_email": 0,
        "comments_by_mail": 0
    },
    "019-2049": {
        "url": "/notice/019-2049",
        "title": "2136615 Ontario Ltd.\n      \n         - Permit to take water",
        "comments_from_registry": 0,
        "comments_by_email": 0,
        "comments_by_mail": 0
    },
    "019-2392": {
        "url": "/notice/019-2392",
        "title": "Compass Minerals Canada Corp.\n      \n         - Permit to take water",
        "comments_from_registry": 0,
        "comments_by_email": 0,
        "comments_by_mail": 0
    },
    "019-2539": {
        "url": "/notice/019-2539",
        "title": "Lord Elgin Estates Developments Ltd.\n      \n         - Permit to take water",
        "comments_from_registry": 0,
        "comments_by_email": 0,
        "comments_by_mail": 0
    },
    "019-2186": {
        "url": "/notice/019-2186",
        "title": "Glencore Canada Corporation\n      \n         - Permit to take water",
        "comments_from_registry": 0,
        "comments_by_email": 0,
        "comments_by_mail": 0
    },
    "019-1192": {
        "url": "/notice/019-1192",
        "title": "St. Marys Golf and Country Club Ltd.\n      \n         - Permit to take water",
        "comments_from_registry": 1,
        "comments_by_email": 0,
        "comments_by_mail": 0
    },
    "019-2283": {
        "url": "/notice/019-2283",
        "title": "1028541 Ontario Ltd.\n      \n         - Permit to take water",
        "comments_from_registry": 0,
        "comments_by_email": 0,
        "comments_by_mail": 0
    },
    "013-4625": {
        "url": "/notice/013-4625",
        "title": "R.W. Tomlinson Ltd.\n      \n         - Issuance of a licence to remove over 20,000 tonnes of aggregate annually from a pit or a quarry",
        "comments_from_registry": 0,
        "comments_by_email": 5,
        "comments_by_mail": 2
    },
    "019-1948": {
        "url": "/notice/019-1948",
        "title": "EACOM Timber Corporation\n      \n         - Environmental Compliance Approval (air)",
        "comments_from_registry": 0,
        "comments_by_email": 0,
        "comments_by_mail": 0
    },
    "019-2352": {
        "url": "/notice/019-2352",
        "title": "Alamos Gold Inc.\n      \n         - Permit to take water",
        "comments_from_registry": 0,
        "comments_by_email": 0,
        "comments_by_mail": 0
    },
    "012-8749": {
        "url": "/notice/012-8749",
        "title": "Wesdome Gold Mines Ltd. \n      \n         - Environmental Compliance Approval (air)",
        "comments_from_registry": 0,
        "comments_by_email": 0,
        "comments_by_mail": 0
    },
    "019-2691": {
        "url": "/notice/019-2691",
        "title": "Lindsay Golf and Country Club (1965) Incorporated\n      \n         - Permit to take water",
        "comments_from_registry": 0,
        "comments_by_email": 0,
        "comments_by_mail": 0
    },
    "019-2328": {
        "url": "/notice/019-2328",
        "title": "Algoma Steel Inc.\n      \n         - Environmental Compliance Approval (air)",
        "comments_from_registry": 0,
        "comments_by_email": 0,
        "comments_by_mail": 0
    },
    "019-1422": {
        "url": "/notice/019-1422",
        "title": "Magna Exteriors Inc.\n      \n         - Environmental Compliance Approval (air)",
        "comments_from_registry": 0,
        "comments_by_email": 0,
        "comments_by_mail": 0
    },
    "019-2738": {
        "url": "/notice/019-2738",
        "title": "Miller Aggregates Limited\n      \n         - Permit to take water",
        "comments_from_registry": 0,
        "comments_by_email": 0,
        "comments_by_mail": 0
    }
}