{
    "019-4730": {
        "url": "/notice/019-4730",
        "title": "Pavey Ark Minerals Incorporated\n      \n         - Mineral exploration permit",
        "comments_from_registry": 0,
        "comments_by_email": 0,
        "comments_by_mail": 0
    },
    "019-4671": {
        "url": "/notice/019-4671",
        "title": "Garth Drever Frontier Lithium Inc.\n      \n         - Mineral exploration permit",
        "comments_from_registry": 0,
        "comments_by_email": 0,
        "comments_by_mail": 0
    },
    "019-0754": {
        "url": "/notice/019-0754",
        "title": "Avalon Advanced Materials Inc.\n      \n         - Acknowledging receipt of a closure plan for an advanced exploration project",
        "comments_from_registry": 0,
        "comments_by_email": 0,
        "comments_by_mail": 0
    },
    "019-2987": {
        "url": "/notice/019-2987",
        "title": "515476 Ontario Limited\n      \n         - Environmental Compliance Approval (air)",
        "comments_from_registry": 0,
        "comments_by_email": 0,
        "comments_by_mail": 0
    },
    "019-4210": {
        "url": "/notice/019-4210",
        "title": "Belle Harbour LP\n      \n         - Certificate of property use",
        "comments_from_registry": 0,
        "comments_by_email": 0,
        "comments_by_mail": 0
    },
    "019-2897": {
        "url": "/notice/019-2897",
        "title": "White Owl Properties Limited\n      \n         - Environmental Compliance Approval (sewage)",
        "comments_from_registry": 0,
        "comments_by_email": 0,
        "comments_by_mail": 0
    },
    "019-2998": {
        "url": "/notice/019-2998",
        "title": "Breslau Academy Inc.\n      \n         - Environmental Compliance Approval (sewage)",
        "comments_from_registry": 0,
        "comments_by_email": 0,
        "comments_by_mail": 0
    },
    "019-4916": {
        "url": "/notice/019-4916",
        "title": "Lafarge Canada Inc.\n      \n         - Permit to take water",
        "comments_from_registry": 0,
        "comments_by_email": 0,
        "comments_by_mail": 0
    },
    "019-3451": {
        "url": "/notice/019-3451",
        "title": "Brockville Long Swamp Fen Provincial Park Management Plan",
        "comments_from_registry": 1,
        "comments_by_email": 2,
        "comments_by_mail": 0
    },
    "019-4358": {
        "url": "/notice/019-4358",
        "title": "Barrie FXG Corporation\n      \n         - Environmental Compliance Approval (sewage)",
        "comments_from_registry": 0,
        "comments_by_email": 0,
        "comments_by_mail": 0
    },
    "019-4606": {
        "url": "/notice/019-4606",
        "title": "City of Toronto\n      \n         - Certificate of property use",
        "comments_from_registry": 0,
        "comments_by_email": 0,
        "comments_by_mail": 0
    },
    "019-2480": {
        "url": "/notice/019-2480",
        "title": "Tomlinson Environmental Services Ltd.\n      \n         - Environmental Compliance Approval (air)",
        "comments_from_registry": 0,
        "comments_by_email": 0,
        "comments_by_mail": 0
    },
    "019-4761": {
        "url": "/notice/019-4761",
        "title": "Cyanide Destruct Systems Inc.\n      \n         - Environmental Compliance Approval (waste)",
        "comments_from_registry": 1,
        "comments_by_email": 1,
        "comments_by_mail": 0
    },
    "019-4545": {
        "url": "/notice/019-4545",
        "title": "Kirkland Lake Gold Inc.\n      \n         - Permit to take water",
        "comments_from_registry": 0,
        "comments_by_email": 0,
        "comments_by_mail": 0
    },
    "019-0300": {
        "url": "/notice/019-0300",
        "title": "Canadian Builders Hardware Manufacturing Inc.\n      \n         - Environmental Compliance Approval (air)",
        "comments_from_registry": 0,
        "comments_by_email": 0,
        "comments_by_mail": 0
    },
    "019-4754": {
        "url": "/notice/019-4754",
        "title": "Lafarge Canada Inc.\n      \n         - Permit to take water",
        "comments_from_registry": 0,
        "comments_by_email": 0,
        "comments_by_mail": 0
    },
    "019-4616": {
        "url": "/notice/019-4616",
        "title": "Michael Gerard Sims\n      \n         - Environmental Compliance Approval (sewage)",
        "comments_from_registry": 0,
        "comments_by_email": 0,
        "comments_by_mail": 0
    },
    "019-4688": {
        "url": "/notice/019-4688",
        "title": "Adrian Rinke Duiker\n      \n         - Environmental Compliance Approval (sewage)",
        "comments_from_registry": 0,
        "comments_by_email": 0,
        "comments_by_mail": 0
    },
    "019-4942": {
        "url": "/notice/019-4942",
        "title": "REGIONAL MUNICIPALITY OF WATERLOO\n      \n         - Approval for variance from the Liquid Fuels Handling Code",
        "comments_from_registry": 0,
        "comments_by_email": 0,
        "comments_by_mail": 0
    },
    "019-4837": {
        "url": "/notice/019-4837",
        "title": "Epica Gold Inc.\n      \n         - Mineral exploration permit",
        "comments_from_registry": 0,
        "comments_by_email": 0,
        "comments_by_mail": 0
    }
}