{
    "019-6316": {
        "url": "/notice/019-6316",
        "title": "Ardiden Ltd.\n      \n         - Mineral exploration permit",
        "comments_from_registry": 0,
        "comments_by_email": 0,
        "comments_by_mail": 0
    },
    "019-6364": {
        "url": "/notice/019-6364",
        "title": "Northstar Gold Corporation\n      \n         - Mineral exploration permit",
        "comments_from_registry": 0,
        "comments_by_email": 2,
        "comments_by_mail": 0
    },
    "019-5703": {
        "url": "/notice/019-5703",
        "title": "2310601 Ontario Inc.\n      \n         - Permit to take water",
        "comments_from_registry": 0,
        "comments_by_email": 0,
        "comments_by_mail": 0
    },
    "019-6058": {
        "url": "/notice/019-6058",
        "title": "Meyers Holdings Inc.\n      \n         - Environmental Compliance Approval (sewage)",
        "comments_from_registry": 0,
        "comments_by_email": 0,
        "comments_by_mail": 0
    },
    "019-6290": {
        "url": "/notice/019-6290",
        "title": "254880 Ontario Inc. operating as Bushwood Golf Club\n      \n         - Permit to take water",
        "comments_from_registry": 0,
        "comments_by_email": 0,
        "comments_by_mail": 0
    },
    "019-5097": {
        "url": "/notice/019-5097",
        "title": "Pioneer Construction Inc.\n      \n         - Environmental Compliance Approval (air)",
        "comments_from_registry": 1,
        "comments_by_email": 0,
        "comments_by_mail": 0
    },
    "019-5032": {
        "url": "/notice/019-5032",
        "title": "Jason Glenn Shaw and Leah Anne Shaw, operating as Fiddlehead Resort Camp\n      \n         - Environmental Compliance Approval (sewage)",
        "comments_from_registry": 0,
        "comments_by_email": 0,
        "comments_by_mail": 0
    },
    "019-6262": {
        "url": "/notice/019-6262",
        "title": "Shady Pines Campgrounds Inc.\n      \n         - Environmental Compliance Approval (sewage)",
        "comments_from_registry": 0,
        "comments_by_email": 0,
        "comments_by_mail": 0
    },
    "019-6299": {
        "url": "/notice/019-6299",
        "title": "Atlantic Packaging Holdings Ltd.\n      \n         - Environmental Compliance Approval (sewage)",
        "comments_from_registry": 0,
        "comments_by_email": 0,
        "comments_by_mail": 0
    },
    "019-1171": {
        "url": "/notice/019-1171",
        "title": "Super Sucker Hydro-Vac Service Inc.\n      \n         - Environmental Compliance Approval (sewage)",
        "comments_from_registry": 0,
        "comments_by_email": 0,
        "comments_by_mail": 0
    },
    "019-6351": {
        "url": "/notice/019-6351",
        "title": "Creemore Springs Brewery Limited\n      \n         - Permit to take water",
        "comments_from_registry": 0,
        "comments_by_email": 0,
        "comments_by_mail": 0
    },
    "019-6215": {
        "url": "/notice/019-6215",
        "title": "Lakhani Holdings Ltd., operating as Shawneeki Golf Club\n      \n         - Environmental Compliance Approval (sewage)",
        "comments_from_registry": 0,
        "comments_by_email": 0,
        "comments_by_mail": 0
    },
    "019-6410": {
        "url": "/notice/019-6410",
        "title": "Burlington Golf and Country Club, Limited\n      \n         - Permit to take water",
        "comments_from_registry": 0,
        "comments_by_email": 0,
        "comments_by_mail": 0
    },
    "019-6295": {
        "url": "/notice/019-6295",
        "title": "Chayell Palm Canada Ltd.\n      \n         - Certificate of property use",
        "comments_from_registry": 2,
        "comments_by_email": 0,
        "comments_by_mail": 0
    },
    "019-5867": {
        "url": "/notice/019-5867",
        "title": "Sturgeon Falls Brush and Contracting Limited\n      \n         - Licence for a forest resource processing facility",
        "comments_from_registry": 0,
        "comments_by_email": 0,
        "comments_by_mail": 0
    },
    "019-5839": {
        "url": "/notice/019-5839",
        "title": "Imperial Oil Limited\n      \n         - Environmental Compliance Approval (air)",
        "comments_from_registry": 0,
        "comments_by_email": 0,
        "comments_by_mail": 0
    },
    "019-4043": {
        "url": "/notice/019-4043",
        "title": "Teskey Concrete Company Corp.\n      \n         - Environmental Compliance Approval (air)",
        "comments_from_registry": 0,
        "comments_by_email": 0,
        "comments_by_mail": 0
    },
    "019-5125": {
        "url": "/notice/019-5125",
        "title": "Stefan Szeder \n      \n         - Licence for a forest resource processing facility",
        "comments_from_registry": 0,
        "comments_by_email": 0,
        "comments_by_mail": 0
    },
    "013-2432": {
        "url": "/notice/013-2432",
        "title": "931080 Ontario Incorporated\n      \n         - Environmental Compliance Approval (air)",
        "comments_from_registry": 0,
        "comments_by_email": 0,
        "comments_by_mail": 0
    },
    "019-5746": {
        "url": "/notice/019-5746",
        "title": "ICL Management Inc\n      \n         - Environmental Compliance Approval (sewage)",
        "comments_from_registry": 0,
        "comments_by_email": 0,
        "comments_by_mail": 0
    }
}