{
    "019-3166": {
        "url": "/notice/019-3166",
        "title": "Elmer's Construction Ltd.\n      \n         - Environmental Compliance Approval (waste)",
        "comments_from_registry": 0,
        "comments_by_email": 0,
        "comments_by_mail": 0
    },
    "019-2164": {
        "url": "/notice/019-2164",
        "title": "Covanta Environmental Solutions Ontario, Inc.\n      \n         - Environmental Compliance Approval (air)",
        "comments_from_registry": 0,
        "comments_by_email": 0,
        "comments_by_mail": 0
    },
    "019-1162": {
        "url": "/notice/019-1162",
        "title": "Seeking information on invasive species and carriers under the Ontario Invasive Species Act, 2015",
        "comments_from_registry": 58,
        "comments_by_email": 11,
        "comments_by_mail": 0
    },
    "019-3210": {
        "url": "/notice/019-3210",
        "title": "2726382 Ontario Incorporated\n      \n         - Environmental Compliance Approval (sewage)",
        "comments_from_registry": 0,
        "comments_by_email": 0,
        "comments_by_mail": 0
    },
    "019-2079": {
        "url": "/notice/019-2079",
        "title": "C. Villeneuve Construction Co. Ltd.\n      \n         - Environmental Compliance Approval (air)",
        "comments_from_registry": 0,
        "comments_by_email": 0,
        "comments_by_mail": 0
    },
    "019-3224": {
        "url": "/notice/019-3224",
        "title": "Johnson Septic Service Ltd.\n      \n         - Environmental Compliance Approval (waste)",
        "comments_from_registry": 0,
        "comments_by_email": 0,
        "comments_by_mail": 0
    },
    "019-3226": {
        "url": "/notice/019-3226",
        "title": "Johnson Septic Service Ltd.\n      \n         - Environmental Compliance Approval (waste)",
        "comments_from_registry": 0,
        "comments_by_email": 0,
        "comments_by_mail": 0
    },
    "019-3076": {
        "url": "/notice/019-3076",
        "title": "P. E. Inglis Holdings Inc.\n      \n         - Environmental Compliance Approval (waste)",
        "comments_from_registry": 0,
        "comments_by_email": 0,
        "comments_by_mail": 0
    },
    "019-2953": {
        "url": "/notice/019-2953",
        "title": "Direct Genetics Inc. operating as Jones Pumping and operating as Coulter Pumping\n      \n         - Environmental Compliance Approval (waste)",
        "comments_from_registry": 0,
        "comments_by_email": 0,
        "comments_by_mail": 0
    },
    "019-2946": {
        "url": "/notice/019-2946",
        "title": "Direct Genetics Inc. operating as Jones Pumping and operating as Coulter Pumping\n      \n         - Environmental Compliance Approval (waste)",
        "comments_from_registry": 0,
        "comments_by_email": 0,
        "comments_by_mail": 0
    },
    "019-3221": {
        "url": "/notice/019-3221",
        "title": "Macdonald Mines Exploration Ltd.\n      \n         - Mineral exploration permit",
        "comments_from_registry": 0,
        "comments_by_email": 0,
        "comments_by_mail": 0
    },
    "019-3303": {
        "url": "/notice/019-3303",
        "title": "Robert Waring\n      \n         - Mineral exploration permit",
        "comments_from_registry": 0,
        "comments_by_email": 0,
        "comments_by_mail": 0
    },
    "019-3229": {
        "url": "/notice/019-3229",
        "title": "Melkior Resources Incorporated\n      \n         - Mineral exploration permit",
        "comments_from_registry": 0,
        "comments_by_email": 0,
        "comments_by_mail": 0
    },
    "019-3401": {
        "url": "/notice/019-3401",
        "title": "1359870 Ontario Limited\n      \n         - Environmental Compliance Approval (sewage)",
        "comments_from_registry": 0,
        "comments_by_email": 0,
        "comments_by_mail": 0
    },
    "019-2525": {
        "url": "/notice/019-2525",
        "title": "Proposed amendments to regulations made under the Environmental Protection Act and Ontario Water Resources Act to make modifications to Environmental Activity and Sector Registry requirements and exemptions for low risk short-term water taking activities",
        "comments_from_registry": 22,
        "comments_by_email": 18,
        "comments_by_mail": 0
    },
    "019-3200": {
        "url": "/notice/019-3200",
        "title": "Harte Gold Corporation\n      \n         - Mineral exploration permit",
        "comments_from_registry": 0,
        "comments_by_email": 0,
        "comments_by_mail": 0
    },
    "019-3201": {
        "url": "/notice/019-3201",
        "title": "Harte Gold Corporation\n      \n         - Mineral exploration permit",
        "comments_from_registry": 0,
        "comments_by_email": 0,
        "comments_by_mail": 0
    },
    "019-3202": {
        "url": "/notice/019-3202",
        "title": "Harte Gold Corporation\n      \n         - Mineral exploration permit",
        "comments_from_registry": 0,
        "comments_by_email": 0,
        "comments_by_mail": 0
    },
    "019-3075": {
        "url": "/notice/019-3075",
        "title": "Honda Canada Inc. operating as Honda of Canada Mfg.\n      \n         - Environmental Compliance Approval (air)",
        "comments_from_registry": 0,
        "comments_by_email": 0,
        "comments_by_mail": 0
    },
    "019-3055": {
        "url": "/notice/019-3055",
        "title": "Fairview Trailer Park Ltd.\n      \n         - Environmental Compliance Approval (sewage)",
        "comments_from_registry": 0,
        "comments_by_email": 0,
        "comments_by_mail": 0
    }
}