{
    "019-0803": {
        "url": "/notice/019-0803",
        "title": "Earl Vandetti\n      \n         - Approval for a consent (subject to conditions) in an area where there is no official plan in place",
        "comments_from_registry": 0,
        "comments_by_email": 0,
        "comments_by_mail": 0
    },
    "019-0801": {
        "url": "/notice/019-0801",
        "title": "Earl and Laureen Vandetti\n      \n         - Approval for a consent (subject to conditions) in an area where there is no official plan in place",
        "comments_from_registry": 0,
        "comments_by_email": 0,
        "comments_by_mail": 0
    },
    "019-2886": {
        "url": "/notice/019-2886",
        "title": "Amendments to the Transitional Operating Agreement between the Minister of the Environment, Conservation and Parks and the Resource Productivity and Recovery Authority",
        "comments_from_registry": 6,
        "comments_by_email": 5,
        "comments_by_mail": 0
    },
    "019-2736": {
        "url": "/notice/019-2736",
        "title": "Convertus Canada Ltd.\n      \n         - Environmental Compliance Approval (waste)",
        "comments_from_registry": 0,
        "comments_by_email": 0,
        "comments_by_mail": 0
    },
    "019-2523": {
        "url": "/notice/019-2523",
        "title": "Bartek Ingredients Inc.\n      \n         - Environmental Compliance Approval (air)",
        "comments_from_registry": 58,
        "comments_by_email": 0,
        "comments_by_mail": 1
    },
    "019-3018": {
        "url": "/notice/019-3018",
        "title": "Service Corporation International (Canada) ULC\n      \n         - Environmental Compliance Approval (air)",
        "comments_from_registry": 0,
        "comments_by_email": 0,
        "comments_by_mail": 0
    },
    "019-3384": {
        "url": "/notice/019-3384",
        "title": "Prodigy Gold Inc\n      \n         - Mineral exploration permit",
        "comments_from_registry": 0,
        "comments_by_email": 0,
        "comments_by_mail": 0
    },
    "019-3387": {
        "url": "/notice/019-3387",
        "title": "Prodigy Gold Inc\n      \n         - Mineral exploration permit",
        "comments_from_registry": 0,
        "comments_by_email": 0,
        "comments_by_mail": 0
    },
    "019-3388": {
        "url": "/notice/019-3388",
        "title": "Prodigy Gold Inc\n      \n         - Mineral exploration permit",
        "comments_from_registry": 0,
        "comments_by_email": 0,
        "comments_by_mail": 0
    },
    "019-3391": {
        "url": "/notice/019-3391",
        "title": "Prodigy Gold Inc\n      \n         - Mineral exploration permit",
        "comments_from_registry": 0,
        "comments_by_email": 0,
        "comments_by_mail": 0
    },
    "019-3366": {
        "url": "/notice/019-3366",
        "title": "Marshall Hall (Ursa Major Minerals Inc.) \n      \n         - Mineral exploration permit",
        "comments_from_registry": 0,
        "comments_by_email": 0,
        "comments_by_mail": 0
    },
    "019-3257": {
        "url": "/notice/019-3257",
        "title": "Phil Escher  \n      \n         - Mineral exploration permit",
        "comments_from_registry": 0,
        "comments_by_email": 0,
        "comments_by_mail": 0
    },
    "019-3274": {
        "url": "/notice/019-3274",
        "title": "TSP Canada Towers Inc.\n      \n         - Certificate of property use",
        "comments_from_registry": 0,
        "comments_by_email": 0,
        "comments_by_mail": 0
    },
    "019-2599": {
        "url": "/notice/019-2599",
        "title": "444 Bronson Development Inc.\n      \n         - Environmental Compliance Approval (sewage)",
        "comments_from_registry": 0,
        "comments_by_email": 0,
        "comments_by_mail": 0
    },
    "012-8767": {
        "url": "/notice/012-8767",
        "title": "Lavis Contracting Co. Limited\n      \n         - Issuance of a licence to remove over 20,000 tonnes of aggregate annually from a pit or a quarry",
        "comments_from_registry": 1,
        "comments_by_email": 0,
        "comments_by_mail": 5
    },
    "013-3155": {
        "url": "/notice/013-3155",
        "title": "Lavis Contracting Co. Limited\n      \n         - Issuance of a licence to remove over 20,000 tonnes of aggregate annually from a pit or a quarry",
        "comments_from_registry": 0,
        "comments_by_email": 0,
        "comments_by_mail": 3
    },
    "019-3288": {
        "url": "/notice/019-3288",
        "title": "Conquest Resources Limited                                                                                        \n      \n         - Mineral exploration permit",
        "comments_from_registry": 0,
        "comments_by_email": 0,
        "comments_by_mail": 0
    },
    "019-3478": {
        "url": "/notice/019-3478",
        "title": "The Claim Group Incorporated\n      \n         - Mineral exploration permit",
        "comments_from_registry": 0,
        "comments_by_email": 1,
        "comments_by_mail": 0
    },
    "019-3230": {
        "url": "/notice/019-3230",
        "title": "Kenneth Fenwick\n      \n         - Mineral exploration permit",
        "comments_from_registry": 0,
        "comments_by_email": 0,
        "comments_by_mail": 0
    },
    "019-2948": {
        "url": "/notice/019-2948",
        "title": "Enutech Inc.\n      \n         - Environmental Compliance Approval (sewage)",
        "comments_from_registry": 0,
        "comments_by_email": 0,
        "comments_by_mail": 0
    }
}