{
    "019-6905": {
        "url": "/notice/019-6905",
        "title": "Koinonia Christian Fellowship Inc.\n      \n         - Environmental Compliance Approval (sewage)",
        "comments_from_registry": 0,
        "comments_by_email": 0,
        "comments_by_mail": 0
    },
    "019-1477": {
        "url": "/notice/019-1477",
        "title": "GFL Environmental Inc.\n      \n         - Environmental Compliance Approval (waste)",
        "comments_from_registry": 0,
        "comments_by_email": 0,
        "comments_by_mail": 0
    },
    "019-5994": {
        "url": "/notice/019-5994",
        "title": "2374868 Ontario Inc.\n      \n         - Environmental Compliance Approval (waste)",
        "comments_from_registry": 0,
        "comments_by_email": 0,
        "comments_by_mail": 0
    },
    "019-7190": {
        "url": "/notice/019-7190",
        "title": "Silver Bay Water Inc.\n      \n         - Permit to take water",
        "comments_from_registry": 0,
        "comments_by_email": 0,
        "comments_by_mail": 0
    },
    "019-5807": {
        "url": "/notice/019-5807",
        "title": "Oxford County\n      \n         - Approval of a municipality\u2019s official plan",
        "comments_from_registry": 0,
        "comments_by_email": 0,
        "comments_by_mail": 0
    },
    "019-6220": {
        "url": "/notice/019-6220",
        "title": "Town of Prescott \n      \n         - Approval of a municipality\u2019s official plan",
        "comments_from_registry": 0,
        "comments_by_email": 0,
        "comments_by_mail": 0
    },
    "019-8048": {
        "url": "/notice/019-8048",
        "title": "Mr John Florek\n      \n         - Mineral exploration permit",
        "comments_from_registry": 0,
        "comments_by_email": 0,
        "comments_by_mail": 0
    },
    "019-8057": {
        "url": "/notice/019-8057",
        "title": "2768297 Ontario Ltd.\n      \n         - Approval for a consent (subject to conditions) in an area where there is no official plan in place",
        "comments_from_registry": 0,
        "comments_by_email": 0,
        "comments_by_mail": 0
    },
    "019-7695": {
        "url": "/notice/019-7695",
        "title": "Maple Lodge Farms Ltd.\n      \n         - Environmental Compliance Approval (sewage)",
        "comments_from_registry": 0,
        "comments_by_email": 0,
        "comments_by_mail": 0
    },
    "019-5722": {
        "url": "/notice/019-5722",
        "title": "The Recycling Depot GP Inc., as general partner for and on behalf of The Recycling Depot LP\n      \n         - Environmental Compliance Approval (waste)",
        "comments_from_registry": 0,
        "comments_by_email": 0,
        "comments_by_mail": 0
    },
    "019-7184": {
        "url": "/notice/019-7184",
        "title": "1000486968 Ontario Limited\n      \n         - Permit to take water",
        "comments_from_registry": 0,
        "comments_by_email": 0,
        "comments_by_mail": 0
    },
    "019-7954": {
        "url": "/notice/019-7954",
        "title": "EGR Exploration Limited\n      \n         - Mineral exploration permit",
        "comments_from_registry": 0,
        "comments_by_email": 0,
        "comments_by_mail": 0
    },
    "019-8069": {
        "url": "/notice/019-8069",
        "title": "Glencore Canada Corp.\n      \n         - Mineral exploration permit",
        "comments_from_registry": 0,
        "comments_by_email": 0,
        "comments_by_mail": 0
    },
    "019-7354": {
        "url": "/notice/019-7354",
        "title": "Elastochem Specialty Chemicals Inc.\n      \n         - Environmental Compliance Approval (air)",
        "comments_from_registry": 0,
        "comments_by_email": 0,
        "comments_by_mail": 0
    },
    "019-7124": {
        "url": "/notice/019-7124",
        "title": "2495535 Ontario Inc.\n      \n         - Environmental Compliance Approval (sewage)",
        "comments_from_registry": 0,
        "comments_by_email": 0,
        "comments_by_mail": 0
    },
    "019-6413": {
        "url": "/notice/019-6413",
        "title": "Procor Limited\n      \n         - Environmental Compliance Approval (air)",
        "comments_from_registry": 0,
        "comments_by_email": 0,
        "comments_by_mail": 1
    },
    "019-7712": {
        "url": "/notice/019-7712",
        "title": "Katchiwano Limited\n      \n         - Permit to take water",
        "comments_from_registry": 0,
        "comments_by_email": 0,
        "comments_by_mail": 0
    },
    "019-7080": {
        "url": "/notice/019-7080",
        "title": "Goldcorp Canada Ltd.\n      \n         - Permit to take water",
        "comments_from_registry": 0,
        "comments_by_email": 0,
        "comments_by_mail": 0
    },
    "019-7927": {
        "url": "/notice/019-7927",
        "title": "Greenstone Gold Mines GP Inc.\n      \n         - Permit to take water",
        "comments_from_registry": 0,
        "comments_by_email": 0,
        "comments_by_mail": 0
    },
    "019-7429": {
        "url": "/notice/019-7429",
        "title": "2262012 Ontario Limited\n      \n         - Environmental Compliance Approval (sewage)",
        "comments_from_registry": 0,
        "comments_by_email": 0,
        "comments_by_mail": 0
    }
}