{
    "013-1721": {
        "url": "/notice/013-1721",
        "title": "Dalip Centre Holdco Incorporated\n      \n         - Certificate of property use",
        "comments_from_registry": 0,
        "comments_by_email": 0,
        "comments_by_mail": 0
    },
    "019-1095": {
        "url": "/notice/019-1095",
        "title": "Harold Sutherland Construction Ltd.\n      \n         - Issuance of a licence to remove over 20,000 tonnes of aggregate annually from a pit or a quarry",
        "comments_from_registry": 0,
        "comments_by_email": 0,
        "comments_by_mail": 4
    },
    "019-2893": {
        "url": "/notice/019-2893",
        "title": "South Shore Partnership Incorporated\n      \n         - Mineral exploration permit",
        "comments_from_registry": 0,
        "comments_by_email": 0,
        "comments_by_mail": 0
    },
    "019-1944": {
        "url": "/notice/019-1944",
        "title": "Bonnechere Excavating Inc.\n      \n         - Environmental Compliance Approval (air)",
        "comments_from_registry": 0,
        "comments_by_email": 0,
        "comments_by_mail": 0
    },
    "019-3033": {
        "url": "/notice/019-3033",
        "title": "Milestone Environmental Contracting Inc.\n      \n         - Environmental Compliance Approval (sewage)",
        "comments_from_registry": 0,
        "comments_by_email": 0,
        "comments_by_mail": 0
    },
    "019-1364": {
        "url": "/notice/019-1364",
        "title": "2264403 Ontario Inc.\n      \n         - Environmental Compliance Approval (sewage)",
        "comments_from_registry": 0,
        "comments_by_email": 0,
        "comments_by_mail": 0
    },
    "019-2273": {
        "url": "/notice/019-2273",
        "title": "Fiera Real Estate Core Fund GP Inc. as general partner for and on behalf of Fiera Real Estate Core Fund LP\n      \n         - Environmental Compliance Approval (sewage)",
        "comments_from_registry": 0,
        "comments_by_email": 0,
        "comments_by_mail": 0
    },
    "019-2800": {
        "url": "/notice/019-2800",
        "title": "2670474 Ontario Inc.\n      \n         - Environmental Compliance Approval (waste)",
        "comments_from_registry": 0,
        "comments_by_email": 0,
        "comments_by_mail": 0
    },
    "019-2869": {
        "url": "/notice/019-2869",
        "title": "Devil's Pulpit Golf Association\n      \n         - Permit to take water",
        "comments_from_registry": 0,
        "comments_by_email": 1,
        "comments_by_mail": 0
    },
    "019-3130": {
        "url": "/notice/019-3130",
        "title": "The Canadian Canoe Museum\n      \n         - Permit to take water",
        "comments_from_registry": 0,
        "comments_by_email": 0,
        "comments_by_mail": 0
    },
    "019-1933": {
        "url": "/notice/019-1933",
        "title": "Ottawa D-Squared Asphalt Limited\n      \n         - Environmental Compliance Approval (air)",
        "comments_from_registry": 0,
        "comments_by_email": 0,
        "comments_by_mail": 0
    },
    "019-3046": {
        "url": "/notice/019-3046",
        "title": "2253100 Ontario Inc.\n      \n         - Permit to take water",
        "comments_from_registry": 0,
        "comments_by_email": 0,
        "comments_by_mail": 0
    },
    "019-2801": {
        "url": "/notice/019-2801",
        "title": "2670474 Ontario Inc.\n      \n         - Environmental Compliance Approval (waste)",
        "comments_from_registry": 0,
        "comments_by_email": 0,
        "comments_by_mail": 0
    },
    "019-0374": {
        "url": "/notice/019-0374",
        "title": "1347921 Ontario Inc.\n      \n         - Order to stop or regulate sewage discharge into sewer works",
        "comments_from_registry": 3,
        "comments_by_email": 0,
        "comments_by_mail": 0
    },
    "019-2799": {
        "url": "/notice/019-2799",
        "title": "2670474 Ontario Inc.\n      \n         - Environmental Compliance Approval (waste)",
        "comments_from_registry": 0,
        "comments_by_email": 0,
        "comments_by_mail": 0
    },
    "019-0830": {
        "url": "/notice/019-0830",
        "title": "Carillion Canada Inc.\n      \n         - Order to stop contaminant discharge",
        "comments_from_registry": 1,
        "comments_by_email": 1,
        "comments_by_mail": 0
    },
    "019-1838": {
        "url": "/notice/019-1838",
        "title": "Canadian Tire Real Estate Limited\n      \n         - Certificate of property use",
        "comments_from_registry": 0,
        "comments_by_email": 0,
        "comments_by_mail": 0
    },
    "013-1114": {
        "url": "/notice/013-1114",
        "title": "1541 Merivale Road Limited\n      \n         - Certificate of property use",
        "comments_from_registry": 0,
        "comments_by_email": 0,
        "comments_by_mail": 0
    },
    "013-1818": {
        "url": "/notice/013-1818",
        "title": "Guideline for the implementation of administrative penalties under the Climate Change Mitigation and Low-carbon Economy Act, 2016",
        "comments_from_registry": 0,
        "comments_by_email": 4,
        "comments_by_mail": 0
    },
    "019-3042": {
        "url": "/notice/019-3042",
        "title": "Gambier Gold Corporation\n      \n         - Mineral exploration permit",
        "comments_from_registry": 0,
        "comments_by_email": 1,
        "comments_by_mail": 0
    }
}