{
    "019-6668": {
        "url": "/notice/019-6668",
        "title": "Champion Bear Resources Limited\n      \n         - Mineral exploration permit",
        "comments_from_registry": 0,
        "comments_by_email": 0,
        "comments_by_mail": 0
    },
    "019-6667": {
        "url": "/notice/019-6667",
        "title": "Wallbridge Mining Company Limited\n      \n         - Mineral exploration permit",
        "comments_from_registry": 0,
        "comments_by_email": 0,
        "comments_by_mail": 0
    },
    "019-6535": {
        "url": "/notice/019-6535",
        "title": "Pridham's Village Ltd., as general partner for and on behalf of Westcan Pridham's Limited Partnership\n      \n         - Environmental Compliance Approval (sewage)",
        "comments_from_registry": 0,
        "comments_by_email": 0,
        "comments_by_mail": 0
    },
    "019-6623": {
        "url": "/notice/019-6623",
        "title": "Francoise Danis\n      \n         - Approval for a consent (subject to conditions) in an area where there is no official plan in place",
        "comments_from_registry": 0,
        "comments_by_email": 0,
        "comments_by_mail": 0
    },
    "019-5974": {
        "url": "/notice/019-5974",
        "title": "Innocon Inc.\n      \n         - Environmental Compliance Approval (sewage)",
        "comments_from_registry": 0,
        "comments_by_email": 0,
        "comments_by_mail": 0
    },
    "019-5074": {
        "url": "/notice/019-5074",
        "title": "2500158 Ontario Inc.\n      \n         - Environmental Compliance Approval (air)",
        "comments_from_registry": 0,
        "comments_by_email": 0,
        "comments_by_mail": 0
    },
    "019-6549": {
        "url": "/notice/019-6549",
        "title": "Bois Stephane Boudrias Inc.\n      \n         - Environmental Compliance Approval (sewage)",
        "comments_from_registry": 0,
        "comments_by_email": 0,
        "comments_by_mail": 0
    },
    "019-6659": {
        "url": "/notice/019-6659",
        "title": "Steven Anderson\n      \n         - Mineral exploration permit",
        "comments_from_registry": 0,
        "comments_by_email": 0,
        "comments_by_mail": 0
    },
    "019-5650": {
        "url": "/notice/019-5650",
        "title": "Jones Feed Mills Limited\n      \n         - Environmental Compliance Approval (sewage)",
        "comments_from_registry": 0,
        "comments_by_email": 0,
        "comments_by_mail": 0
    },
    "019-5881": {
        "url": "/notice/019-5881",
        "title": "Meridian Lightweight Technologies Inc.\n      \n         - Environmental Compliance Approval (air)",
        "comments_from_registry": 0,
        "comments_by_email": 0,
        "comments_by_mail": 0
    },
    "019-5699": {
        "url": "/notice/019-5699",
        "title": "RPM Canada Investment Company and RPM Canada Company\n      \n         - Environmental Compliance Approval (air)",
        "comments_from_registry": 0,
        "comments_by_email": 0,
        "comments_by_mail": 0
    },
    "019-6372": {
        "url": "/notice/019-6372",
        "title": "Mac's Convenience Stores Inc.\n      \n         - Environmental Compliance Approval (sewage)",
        "comments_from_registry": 0,
        "comments_by_email": 0,
        "comments_by_mail": 0
    },
    "019-4824": {
        "url": "/notice/019-4824",
        "title": "Pioneer Construction Inc.\n      \n         - Environmental Compliance Approval (air)",
        "comments_from_registry": 0,
        "comments_by_email": 0,
        "comments_by_mail": 0
    },
    "019-6312": {
        "url": "/notice/019-6312",
        "title": "Spirit Bay Harbour Inc.\n      \n         - Environmental Compliance Approval (waste)",
        "comments_from_registry": 0,
        "comments_by_email": 0,
        "comments_by_mail": 0
    },
    "019-6648": {
        "url": "/notice/019-6648",
        "title": "Scott Bruce Mackichan operating as Total Septic \n      \n         - Environmental Compliance Approval (waste)",
        "comments_from_registry": 0,
        "comments_by_email": 0,
        "comments_by_mail": 0
    },
    "019-5479": {
        "url": "/notice/019-5479",
        "title": "13039587 Canada Ltd., operating as MTL Recycling Exporting\n      \n         - Environmental Compliance Approval (air)",
        "comments_from_registry": 0,
        "comments_by_email": 0,
        "comments_by_mail": 0
    },
    "019-6237": {
        "url": "/notice/019-6237",
        "title": "TBM HOLDCO LTD.\n      \n         - Environmental Compliance Approval (sewage)",
        "comments_from_registry": 0,
        "comments_by_email": 0,
        "comments_by_mail": 0
    },
    "019-6210": {
        "url": "/notice/019-6210",
        "title": "Vale Canada Limited\n      \n         - Permit to take water",
        "comments_from_registry": 0,
        "comments_by_email": 0,
        "comments_by_mail": 0
    },
    "019-5886": {
        "url": "/notice/019-5886",
        "title": "Holiday Gardens Slovenian Country Club\n      \n         - Environmental Compliance Approval (sewage)",
        "comments_from_registry": 0,
        "comments_by_email": 0,
        "comments_by_mail": 0
    },
    "019-6271": {
        "url": "/notice/019-6271",
        "title": "Adam Thomas Rogers and Lisa Cavell Miedema\n      \n         - Environmental Compliance Approval (sewage)",
        "comments_from_registry": 0,
        "comments_by_email": 0,
        "comments_by_mail": 0
    }
}