{
    "019-0430": {
        "url": "/notice/019-0430",
        "title": "Trinity Rideau GP Inc., as general partner for and on behalf of Chapel Street Limited Partnership\n      \n         - Permit to take water",
        "comments_from_registry": 0,
        "comments_by_email": 0,
        "comments_by_mail": 0
    },
    "019-0195": {
        "url": "/notice/019-0195",
        "title": "Ashcroft Homes - Eastboro Inc.\n      \n         - Permit to take water",
        "comments_from_registry": 0,
        "comments_by_email": 0,
        "comments_by_mail": 0
    },
    "011-0407": {
        "url": "/notice/011-0407",
        "title": "Municipality of Oliver Paipoonge \n      \n         - Approval to amend a municipality\u2019s official plan",
        "comments_from_registry": 0,
        "comments_by_email": 0,
        "comments_by_mail": 0
    },
    "013-0556": {
        "url": "/notice/013-0556",
        "title": "Haliburton County\n      \n         - Approval to amend a municipality\u2019s official plan",
        "comments_from_registry": 0,
        "comments_by_email": 0,
        "comments_by_mail": 0
    },
    "013-1914": {
        "url": "/notice/013-1914",
        "title": "City of Cornwall\n      \n         - Approval to amend a municipality\u2019s official plan",
        "comments_from_registry": 0,
        "comments_by_email": 0,
        "comments_by_mail": 0
    },
    "012-5830": {
        "url": "/notice/012-5830",
        "title": "Lindsay Mills- Township of South Frontenac\n      \n         - Approval to amend a municipality\u2019s official plan",
        "comments_from_registry": 0,
        "comments_by_email": 0,
        "comments_by_mail": 0
    },
    "013-1907": {
        "url": "/notice/013-1907",
        "title": "Building better lives: Ontario\u2019s long-term infrastructure plan 2017",
        "comments_from_registry": 6,
        "comments_by_email": 10,
        "comments_by_mail": 0
    },
    "013-0716": {
        "url": "/notice/013-0716",
        "title": "Allan Larocque \n      \n         - Approval for a consent (subject to conditions) in an area where there is no official plan in place",
        "comments_from_registry": 0,
        "comments_by_email": 0,
        "comments_by_mail": 0
    },
    "012-6016": {
        "url": "/notice/012-6016",
        "title": "Township of Augusta\n      \n         - Approval to amend a municipality\u2019s official plan",
        "comments_from_registry": 0,
        "comments_by_email": 0,
        "comments_by_mail": 0
    },
    "013-3510": {
        "url": "/notice/013-3510",
        "title": "Homestead Land Holdings Limited\n      \n         - Permit to take water",
        "comments_from_registry": 0,
        "comments_by_email": 0,
        "comments_by_mail": 0
    },
    "013-2982": {
        "url": "/notice/013-2982",
        "title": "Statement of Environmental Values for the Ministry of Infrastructure",
        "comments_from_registry": 0,
        "comments_by_email": 0,
        "comments_by_mail": 0
    },
    "013-5029": {
        "url": "/notice/013-5029",
        "title": "Waste Management of Canada Corporation\n      \n         - Environmental Compliance Approval (air)",
        "comments_from_registry": 0,
        "comments_by_email": 0,
        "comments_by_mail": 0
    },
    "019-1288": {
        "url": "/notice/019-1288",
        "title": "2203931 Ontario Inc.\n      \n         - Certificate of property use",
        "comments_from_registry": 0,
        "comments_by_email": 0,
        "comments_by_mail": 0
    },
    "019-0695": {
        "url": "/notice/019-0695",
        "title": "K.P. Bronze Limited\n      \n         - Environmental Compliance Approval (air)",
        "comments_from_registry": 0,
        "comments_by_email": 0,
        "comments_by_mail": 0
    },
    "013-4906": {
        "url": "/notice/013-4906",
        "title": "John Cress Contracting\n      \n         - Environmental Compliance Approval (air)",
        "comments_from_registry": 0,
        "comments_by_email": 0,
        "comments_by_mail": 0
    },
    "013-0217": {
        "url": "/notice/013-0217",
        "title": "The Corporation of the Town of Atikokan\n      \n         - Multiple orders",
        "comments_from_registry": 0,
        "comments_by_email": 0,
        "comments_by_mail": 0
    },
    "019-0876": {
        "url": "/notice/019-0876",
        "title": "Shell Canada Limited/Shell Canada Limit\u00e9e\n      \n         - Environmental Compliance Approval (sewage)",
        "comments_from_registry": 0,
        "comments_by_email": 0,
        "comments_by_mail": 0
    },
    "013-4888": {
        "url": "/notice/013-4888",
        "title": "Bell City Foundry (Brantford) Limited\n      \n         - Environmental Compliance Approval (air)",
        "comments_from_registry": 0,
        "comments_by_email": 0,
        "comments_by_mail": 0
    },
    "013-2658": {
        "url": "/notice/013-2658",
        "title": "The Barrie Country Club, Limited\n      \n         - Permit to take water",
        "comments_from_registry": 0,
        "comments_by_email": 0,
        "comments_by_mail": 0
    },
    "013-3780": {
        "url": "/notice/013-3780",
        "title": "Enbridge Pipelines Inc.\n      \n         - Permit to take water",
        "comments_from_registry": 0,
        "comments_by_email": 0,
        "comments_by_mail": 0
    }
}