{
    "019-6381": {
        "url": "/notice/019-6381",
        "title": "Quail North Holdings Inc. \n      \n         - Environmental Compliance Approval (sewage)",
        "comments_from_registry": 0,
        "comments_by_email": 0,
        "comments_by_mail": 0
    },
    "019-9206": {
        "url": "/notice/019-9206",
        "title": "Canada Nickel Company\n      \n         - Mineral exploration permit",
        "comments_from_registry": 0,
        "comments_by_email": 0,
        "comments_by_mail": 0
    },
    "019-8996": {
        "url": "/notice/019-8996",
        "title": "Canada Nickel Company Inc.\n      \n         - Mineral exploration permit",
        "comments_from_registry": 0,
        "comments_by_email": 0,
        "comments_by_mail": 0
    },
    "019-8984": {
        "url": "/notice/019-8984",
        "title": "Canada Nickel Company\n      \n         - Mineral exploration permit",
        "comments_from_registry": 0,
        "comments_by_email": 0,
        "comments_by_mail": 0
    },
    "019-8106": {
        "url": "/notice/019-8106",
        "title": "Laurion Mineral Exploration Inc.\n      \n         - Mineral exploration permit",
        "comments_from_registry": 0,
        "comments_by_email": 0,
        "comments_by_mail": 0
    },
    "019-9002": {
        "url": "/notice/019-9002",
        "title": "Imagine Lithium Inc.\n      \n         - Mineral exploration permit",
        "comments_from_registry": 0,
        "comments_by_email": 0,
        "comments_by_mail": 0
    },
    "019-8312": {
        "url": "/notice/019-8312",
        "title": "Beyond Minerals Inc\n      \n         - Mineral exploration permit",
        "comments_from_registry": 0,
        "comments_by_email": 0,
        "comments_by_mail": 0
    },
    "019-8737": {
        "url": "/notice/019-8737",
        "title": "Evolution Mining Gold Operations Ltd.\n      \n         - Mineral exploration permit",
        "comments_from_registry": 0,
        "comments_by_email": 0,
        "comments_by_mail": 0
    },
    "019-8842": {
        "url": "/notice/019-8842",
        "title": "Renegade Gold\n      \n         - Mineral exploration permit",
        "comments_from_registry": 0,
        "comments_by_email": 0,
        "comments_by_mail": 0
    },
    "019-8476": {
        "url": "/notice/019-8476",
        "title": "Camp Can-Aqua Inc.\n      \n         - Environmental Compliance Approval (sewage)",
        "comments_from_registry": 0,
        "comments_by_email": 0,
        "comments_by_mail": 0
    },
    "019-8931": {
        "url": "/notice/019-8931",
        "title": "SEAFORTH GOLF COURSE (1996) LTD\n      \n         - Permit to take water",
        "comments_from_registry": 0,
        "comments_by_email": 0,
        "comments_by_mail": 0
    },
    "019-8689": {
        "url": "/notice/019-8689",
        "title": "The Corporation of the Town of Halton Hills\n      \n         - Certificate of property use",
        "comments_from_registry": 0,
        "comments_by_email": 0,
        "comments_by_mail": 0
    },
    "019-9016": {
        "url": "/notice/019-9016",
        "title": "Ellisdon Corporation and PCL Constructors Canada Inc.\u00a0\n      \n         - Permit to take water",
        "comments_from_registry": 0,
        "comments_by_email": 0,
        "comments_by_mail": 0
    },
    "019-9236": {
        "url": "/notice/019-9236",
        "title": "FRANCIS FUELS LTD.\n      \n         - Approval for variance from the Liquid Fuels Handling Code",
        "comments_from_registry": 1,
        "comments_by_email": 0,
        "comments_by_mail": 0
    },
    "019-8209": {
        "url": "/notice/019-8209",
        "title": "Schaeffler Aerospace Canada Inc.\n      \n         - Environmental Compliance Approval (air)",
        "comments_from_registry": 0,
        "comments_by_email": 0,
        "comments_by_mail": 0
    },
    "019-8875": {
        "url": "/notice/019-8875",
        "title": "R. W. Tomlinson Limited\n      \n         - Environmental Compliance Approval (air)",
        "comments_from_registry": 0,
        "comments_by_email": 0,
        "comments_by_mail": 0
    },
    "019-9175": {
        "url": "/notice/019-9175",
        "title": "1000237993 Ontario Inc.\n      \n         - Certificate of property use",
        "comments_from_registry": 0,
        "comments_by_email": 0,
        "comments_by_mail": 0
    },
    "019-7581": {
        "url": "/notice/019-7581",
        "title": "Global Metal Sources Co., Ltd.\n      \n         - Environmental Compliance Approval (air)",
        "comments_from_registry": 0,
        "comments_by_email": 0,
        "comments_by_mail": 0
    },
    "019-5965": {
        "url": "/notice/019-5965",
        "title": "Siltech Corporation\n      \n         - Environmental Compliance Approval (air)",
        "comments_from_registry": 0,
        "comments_by_email": 0,
        "comments_by_mail": 0
    },
    "019-8831": {
        "url": "/notice/019-8831",
        "title": "Proposal to amend O. Reg. 509/18 under the Electricity Act, 1998 (\u201cEfficiency Regulation\u201d)",
        "comments_from_registry": 4,
        "comments_by_email": 1,
        "comments_by_mail": 0
    }
}