{
    "019-2172": {
        "url": "/notice/019-2172",
        "title": "2270-2280 Eglinton Avenue West GP Inc.\n      \n         - Certificate of property use",
        "comments_from_registry": 0,
        "comments_by_email": 0,
        "comments_by_mail": 0
    },
    "019-3475": {
        "url": "/notice/019-3475",
        "title": "Fred Kiernicki\n      \n         - Mineral exploration permit",
        "comments_from_registry": 0,
        "comments_by_email": 0,
        "comments_by_mail": 0
    },
    "019-3476": {
        "url": "/notice/019-3476",
        "title": "Fred Kiernicki\n      \n         - Mineral exploration permit",
        "comments_from_registry": 0,
        "comments_by_email": 0,
        "comments_by_mail": 0
    },
    "019-0198": {
        "url": "/notice/019-0198",
        "title": "Proposed new Canada-Ontario Agreement on Great Lakes Water Quality and Ecosystem Health",
        "comments_from_registry": 25,
        "comments_by_email": 1384,
        "comments_by_mail": 0
    },
    "019-2737": {
        "url": "/notice/019-2737",
        "title": "Convertus Canada Ltd.\n      \n         - Environmental Compliance Approval (air)",
        "comments_from_registry": 0,
        "comments_by_email": 0,
        "comments_by_mail": 0
    },
    "019-3371": {
        "url": "/notice/019-3371",
        "title": "Scott Mason\n      \n         - Approval for a consent (subject to conditions) in an area where there is no official plan in place",
        "comments_from_registry": 0,
        "comments_by_email": 0,
        "comments_by_mail": 0
    },
    "019-3528": {
        "url": "/notice/019-3528",
        "title": "Randall Salo\n      \n         - Mineral exploration permit",
        "comments_from_registry": 0,
        "comments_by_email": 1,
        "comments_by_mail": 0
    },
    "019-3477": {
        "url": "/notice/019-3477",
        "title": "The Claim Group Incorporated\n      \n         - Mineral exploration permit",
        "comments_from_registry": 0,
        "comments_by_email": 1,
        "comments_by_mail": 0
    },
    "019-3484": {
        "url": "/notice/019-3484",
        "title": "Jamal Amin\n      \n         - Mineral exploration permit",
        "comments_from_registry": 0,
        "comments_by_email": 0,
        "comments_by_mail": 0
    },
    "019-1113": {
        "url": "/notice/019-1113",
        "title": "Generate Capital Canada STF GP Ltd. as general partner for and on behalf of Generate Resource Recovery LP\n      \n         - Environmental Compliance Approval (air)",
        "comments_from_registry": 0,
        "comments_by_email": 0,
        "comments_by_mail": 0
    },
    "019-2782": {
        "url": "/notice/019-2782",
        "title": "Weyerhaeuser Company Limited\n      \n         - Environmental Compliance Approval (air)",
        "comments_from_registry": 0,
        "comments_by_email": 0,
        "comments_by_mail": 0
    },
    "019-3150": {
        "url": "/notice/019-3150",
        "title": "ECS Cares Incorporated\n      \n         - Environmental Compliance Approval (waste)",
        "comments_from_registry": 0,
        "comments_by_email": 0,
        "comments_by_mail": 0
    },
    "019-3394": {
        "url": "/notice/019-3394",
        "title": "Angela P Capone, operating as Pooper Pumping Septic Service\n      \n         - Environmental Compliance Approval (waste)",
        "comments_from_registry": 0,
        "comments_by_email": 0,
        "comments_by_mail": 0
    },
    "019-3103": {
        "url": "/notice/019-3103",
        "title": "Northland Power Thorold Cogen GP Inc., as general partner for and on behalf of Thorold Cogen L.P.\n      \n         - Environmental Compliance Approval (sewage)",
        "comments_from_registry": 0,
        "comments_by_email": 0,
        "comments_by_mail": 0
    },
    "019-3404": {
        "url": "/notice/019-3404",
        "title": "Angela P Capone, operating as Pooper Pumping Septic Service\n      \n         - Environmental Compliance Approval (waste)",
        "comments_from_registry": 1,
        "comments_by_email": 0,
        "comments_by_mail": 0
    },
    "019-3395": {
        "url": "/notice/019-3395",
        "title": "Angela P Capone, operating as Pooper Pumping Septic Service\n      \n         - Environmental Compliance Approval (waste)",
        "comments_from_registry": 0,
        "comments_by_email": 0,
        "comments_by_mail": 0
    },
    "019-3405": {
        "url": "/notice/019-3405",
        "title": "Angela P Capone, operating as Pooper Pumping Septic Service\n      \n         - Environmental Compliance Approval (waste)",
        "comments_from_registry": 0,
        "comments_by_email": 0,
        "comments_by_mail": 0
    },
    "019-3419": {
        "url": "/notice/019-3419",
        "title": "Goldcorp Canada Limited\n      \n         - Mineral exploration permit",
        "comments_from_registry": 0,
        "comments_by_email": 0,
        "comments_by_mail": 0
    },
    "019-3420": {
        "url": "/notice/019-3420",
        "title": "Goldcorp Canada Limited\n      \n         - Mineral exploration permit",
        "comments_from_registry": 0,
        "comments_by_email": 0,
        "comments_by_mail": 0
    },
    "019-2993": {
        "url": "/notice/019-2993",
        "title": "Paul Wilson\n      \n         - Mineral exploration permit",
        "comments_from_registry": 0,
        "comments_by_email": 0,
        "comments_by_mail": 0
    }
}