{
    "019-7390": {
        "url": "/notice/019-7390",
        "title": "First Class Metals Canada Inc\n      \n         - Mineral exploration permit",
        "comments_from_registry": 0,
        "comments_by_email": 0,
        "comments_by_mail": 0
    },
    "019-7299": {
        "url": "/notice/019-7299",
        "title": "First Class Metals Canada Inc.\n      \n         - Mineral exploration permit",
        "comments_from_registry": 0,
        "comments_by_email": 0,
        "comments_by_mail": 0
    },
    "019-7050": {
        "url": "/notice/019-7050",
        "title": "Robert and Norman Bush\n      \n         - Approval for a consent (subject to conditions) in an area where there is no official plan in place",
        "comments_from_registry": 0,
        "comments_by_email": 0,
        "comments_by_mail": 0
    },
    "019-7048": {
        "url": "/notice/019-7048",
        "title": "Robert and Norman Bush\n      \n         - Approval for a consent (subject to conditions) in an area where there is no official plan in place",
        "comments_from_registry": 0,
        "comments_by_email": 0,
        "comments_by_mail": 0
    },
    "019-7047": {
        "url": "/notice/019-7047",
        "title": "Robert and Norman Bush\n      \n         - Approval for a consent (subject to conditions) in an area where there is no official plan in place",
        "comments_from_registry": 0,
        "comments_by_email": 0,
        "comments_by_mail": 0
    },
    "019-7550": {
        "url": "/notice/019-7550",
        "title": "Kenneth James Behm and Betty Lou Behm\n      \n         - Environmental Compliance Approval (sewage)",
        "comments_from_registry": 0,
        "comments_by_email": 0,
        "comments_by_mail": 0
    },
    "019-5760": {
        "url": "/notice/019-5760",
        "title": "Beaver Valley Ski Club\n      \n         - Permit to take water",
        "comments_from_registry": 0,
        "comments_by_email": 0,
        "comments_by_mail": 0
    },
    "019-6933": {
        "url": "/notice/019-6933",
        "title": "Cardiff Products Corporation\n      \n         - Permit to take water",
        "comments_from_registry": 0,
        "comments_by_email": 0,
        "comments_by_mail": 0
    },
    "019-7572": {
        "url": "/notice/019-7572",
        "title": "Angus Gold Incorporated\n      \n         - Mineral exploration permit",
        "comments_from_registry": 0,
        "comments_by_email": 0,
        "comments_by_mail": 0
    },
    "019-7525": {
        "url": "/notice/019-7525",
        "title": "2229062 Ontario Inc.\n      \n         - Environmental Compliance Approval (sewage)",
        "comments_from_registry": 0,
        "comments_by_email": 0,
        "comments_by_mail": 0
    },
    "019-7404": {
        "url": "/notice/019-7404",
        "title": "Queenlaw Developments Limited\n      \n         - Permit to take water",
        "comments_from_registry": 0,
        "comments_by_email": 0,
        "comments_by_mail": 0
    },
    "019-7491": {
        "url": "/notice/019-7491",
        "title": "KIRKLAND LAKE DISCOVERIES CORPORATION\n      \n         - Mineral exploration permit",
        "comments_from_registry": 0,
        "comments_by_email": 0,
        "comments_by_mail": 0
    },
    "019-7203": {
        "url": "/notice/019-7203",
        "title": "P. E. Inglis Holdings Inc.\n      \n         - Environmental Compliance Approval (waste)",
        "comments_from_registry": 0,
        "comments_by_email": 0,
        "comments_by_mail": 0
    },
    "019-6253": {
        "url": "/notice/019-6253",
        "title": "Patheon Inc.\n      \n         - Environmental Compliance Approval (air)",
        "comments_from_registry": 0,
        "comments_by_email": 0,
        "comments_by_mail": 0
    },
    "019-4627": {
        "url": "/notice/019-4627",
        "title": "2607572 Ontario Inc.\n      \n         - Environmental Compliance Approval (waste)",
        "comments_from_registry": 0,
        "comments_by_email": 0,
        "comments_by_mail": 0
    },
    "019-6740": {
        "url": "/notice/019-6740",
        "title": "Masterchrome Co Ltd\n      \n         - Environmental Compliance Approval (air)",
        "comments_from_registry": 0,
        "comments_by_email": 0,
        "comments_by_mail": 0
    },
    "019-7043": {
        "url": "/notice/019-7043",
        "title": "St. Marys Cement Inc. (Canada)\n      \n         - Permit to take water",
        "comments_from_registry": 0,
        "comments_by_email": 0,
        "comments_by_mail": 0
    },
    "019-6484": {
        "url": "/notice/019-6484",
        "title": "DPP Polymer Products Canada Company\n      \n         - Environmental Compliance Approval (air)",
        "comments_from_registry": 0,
        "comments_by_email": 0,
        "comments_by_mail": 0
    },
    "019-6453": {
        "url": "/notice/019-6453",
        "title": "DPP Polymer Products Canada Company\n      \n         - Environmental Compliance Approval (air)",
        "comments_from_registry": 0,
        "comments_by_email": 0,
        "comments_by_mail": 0
    },
    "019-5629": {
        "url": "/notice/019-5629",
        "title": "Harold Sutherland Construction Ltd.\n      \n         - Environmental Compliance Approval (air)",
        "comments_from_registry": 1,
        "comments_by_email": 0,
        "comments_by_mail": 0
    }
}