{
    "019-2978": {
        "url": "/notice/019-2978",
        "title": "Jeff Myllyaho\n      \n         - Mineral exploration permit",
        "comments_from_registry": 0,
        "comments_by_email": 0,
        "comments_by_mail": 0
    },
    "019-2965": {
        "url": "/notice/019-2965",
        "title": "Thomas Cavanagh Construction Limited\n      \n         - Environmental Compliance Approval (sewage)",
        "comments_from_registry": 0,
        "comments_by_email": 0,
        "comments_by_mail": 0
    },
    "019-3454": {
        "url": "/notice/019-3454",
        "title": "1552843 Ontario Ltd.\n      \n         - Environmental Compliance Approval (sewage)",
        "comments_from_registry": 0,
        "comments_by_email": 0,
        "comments_by_mail": 0
    },
    "019-3077": {
        "url": "/notice/019-3077",
        "title": "Block 64 South Landowners Group Inc.\n      \n         - Environmental Compliance Approval (sewage)",
        "comments_from_registry": 0,
        "comments_by_email": 0,
        "comments_by_mail": 0
    },
    "019-2921": {
        "url": "/notice/019-2921",
        "title": "North Pickering Community Management Inc. \n      \n         - Permit for activities to achieve an overall benefit to a species",
        "comments_from_registry": 0,
        "comments_by_email": 0,
        "comments_by_mail": 0
    },
    "019-2951": {
        "url": "/notice/019-2951",
        "title": "Private Landowner \n      \n         - Permit for activities to achieve an overall benefit to a species",
        "comments_from_registry": 1,
        "comments_by_email": 0,
        "comments_by_mail": 0
    },
    "019-3374": {
        "url": "/notice/019-3374",
        "title": "Spirit Bay Harbour Inc.\n      \n         - Environmental Compliance Approval (sewage)",
        "comments_from_registry": 0,
        "comments_by_email": 0,
        "comments_by_mail": 0
    },
    "019-3225": {
        "url": "/notice/019-3225",
        "title": "495582 Ontario Inc., operating as Canadian Golf & Country Club\n      \n         - Permit to take water",
        "comments_from_registry": 0,
        "comments_by_email": 0,
        "comments_by_mail": 0
    },
    "019-3378": {
        "url": "/notice/019-3378",
        "title": "Tru-Built Construction Inc.\n      \n         - Environmental Compliance Approval (sewage)",
        "comments_from_registry": 0,
        "comments_by_email": 0,
        "comments_by_mail": 0
    },
    "019-3358": {
        "url": "/notice/019-3358",
        "title": "The Sarjeant Company Limited\n      \n         - Environmental Compliance Approval (sewage)",
        "comments_from_registry": 0,
        "comments_by_email": 0,
        "comments_by_mail": 0
    },
    "019-2580": {
        "url": "/notice/019-2580",
        "title": "Jungbunzlauer Canada Inc.\n      \n         - Environmental Compliance Approval (sewage)",
        "comments_from_registry": 0,
        "comments_by_email": 0,
        "comments_by_mail": 0
    },
    "019-2495": {
        "url": "/notice/019-2495",
        "title": "Pelee Acres Inc.\n      \n         - Environmental Compliance Approval (sewage)",
        "comments_from_registry": 0,
        "comments_by_email": 0,
        "comments_by_mail": 0
    },
    "019-3372": {
        "url": "/notice/019-3372",
        "title": "Wilfred Baskaran Abraham\n      \n         - Environmental Compliance Approval (sewage)",
        "comments_from_registry": 0,
        "comments_by_email": 0,
        "comments_by_mail": 0
    },
    "019-3196": {
        "url": "/notice/019-3196",
        "title": "The Georgian Triangle Anglers Club Inc.\n      \n         - Permit to take water",
        "comments_from_registry": 0,
        "comments_by_email": 0,
        "comments_by_mail": 0
    },
    "019-3001": {
        "url": "/notice/019-3001",
        "title": "Salini Impregilo Civil Works Inc.\n      \n         - Permit to take water",
        "comments_from_registry": 0,
        "comments_by_email": 0,
        "comments_by_mail": 0
    },
    "019-3355": {
        "url": "/notice/019-3355",
        "title": "Peter Kiewit Sons ULC\n      \n         - Environmental Compliance Approval (sewage)",
        "comments_from_registry": 0,
        "comments_by_email": 0,
        "comments_by_mail": 0
    },
    "019-2362": {
        "url": "/notice/019-2362",
        "title": "Revolution VSC Acquisition GP Inc. as general partner for and on behalf of Revolution VSC LP\n      \n         - Environmental Compliance Approval (sewage)",
        "comments_from_registry": 0,
        "comments_by_email": 0,
        "comments_by_mail": 0
    },
    "019-0851": {
        "url": "/notice/019-0851",
        "title": "Victoria Park Village Inc.\n      \n         - Permit to take water",
        "comments_from_registry": 0,
        "comments_by_email": 0,
        "comments_by_mail": 0
    },
    "019-3456": {
        "url": "/notice/019-3456",
        "title": "Mr. Darren Blaney\n      \n         - Mineral exploration permit",
        "comments_from_registry": 0,
        "comments_by_email": 0,
        "comments_by_mail": 0
    },
    "019-3533": {
        "url": "/notice/019-3533",
        "title": "K+S WINDSOR SALT LTD\n      \n         - Approval for variance from the Liquid Fuels Handling Code",
        "comments_from_registry": 0,
        "comments_by_email": 0,
        "comments_by_mail": 0
    }
}