{
    "019-4267": {
        "url": "/notice/019-4267",
        "title": "Eleanor GP Inc., as general partner for and on behalf of Eleanor Limited Partnership\n      \n         - Environmental Compliance Approval (sewage)",
        "comments_from_registry": 0,
        "comments_by_email": 0,
        "comments_by_mail": 0
    },
    "019-2676": {
        "url": "/notice/019-2676",
        "title": "Cloverdale Paint Inc.\n      \n         - Environmental Compliance Approval (air)",
        "comments_from_registry": 0,
        "comments_by_email": 0,
        "comments_by_mail": 0
    },
    "019-2680": {
        "url": "/notice/019-2680",
        "title": "3428851 Canada Ltd.\n      \n         - Certificate of property use",
        "comments_from_registry": 0,
        "comments_by_email": 0,
        "comments_by_mail": 0
    },
    "019-3014": {
        "url": "/notice/019-3014",
        "title": "MBRP Ltd.\n      \n         - Environmental Compliance Approval (air)",
        "comments_from_registry": 0,
        "comments_by_email": 0,
        "comments_by_mail": 0
    },
    "019-4487": {
        "url": "/notice/019-4487",
        "title": "Robert Waring\n      \n         - Mineral exploration permit",
        "comments_from_registry": 0,
        "comments_by_email": 0,
        "comments_by_mail": 0
    },
    "019-3797": {
        "url": "/notice/019-3797",
        "title": "Aquaterra Corporation Ltd.\n      \n         - Permit to take water",
        "comments_from_registry": 0,
        "comments_by_email": 1,
        "comments_by_mail": 0
    },
    "019-3798": {
        "url": "/notice/019-3798",
        "title": "GWS Water Store & Supply Co. Ltd.\n      \n         - Permit to take water",
        "comments_from_registry": 0,
        "comments_by_email": 0,
        "comments_by_mail": 0
    },
    "019-3768": {
        "url": "/notice/019-3768",
        "title": "2569570 Ontario Inc.\n      \n         - Environmental Compliance Approval (sewage)",
        "comments_from_registry": 0,
        "comments_by_email": 0,
        "comments_by_mail": 0
    },
    "019-3531": {
        "url": "/notice/019-3531",
        "title": "Triton Water Canada Holdings, Inc.\n      \n         - Permit to take water",
        "comments_from_registry": 1436,
        "comments_by_email": 11377,
        "comments_by_mail": 0
    },
    "019-3532": {
        "url": "/notice/019-3532",
        "title": "Triton Water Canada Holdings, Inc.\n      \n         - Permit to take water",
        "comments_from_registry": 94,
        "comments_by_email": 11158,
        "comments_by_mail": 0
    },
    "019-4021": {
        "url": "/notice/019-4021",
        "title": "Harte Gold Corp.\n      \n         - Mineral exploration permit",
        "comments_from_registry": 0,
        "comments_by_email": 0,
        "comments_by_mail": 0
    },
    "019-4479": {
        "url": "/notice/019-4479",
        "title": "Macdonald Mines Exploration Limited\n      \n         - Mineral exploration permit",
        "comments_from_registry": 0,
        "comments_by_email": 0,
        "comments_by_mail": 0
    },
    "019-4044": {
        "url": "/notice/019-4044",
        "title": "Minto (Harmony Road) GP Inc.\n      \n         - Permit to take water",
        "comments_from_registry": 0,
        "comments_by_email": 0,
        "comments_by_mail": 0
    },
    "019-3931": {
        "url": "/notice/019-3931",
        "title": "Hydro Ottawa Limited\n      \n         - Environmental Compliance Approval (sewage)",
        "comments_from_registry": 0,
        "comments_by_email": 0,
        "comments_by_mail": 0
    },
    "019-4383": {
        "url": "/notice/019-4383",
        "title": "SHELL CANADA PRODUCTS LIMITED\n      \n         - Approval for variance from the Liquid Fuels Handling Code",
        "comments_from_registry": 0,
        "comments_by_email": 0,
        "comments_by_mail": 0
    },
    "019-4049": {
        "url": "/notice/019-4049",
        "title": "Deanna Penner\n      \n         - Approval for a consent (subject to conditions) in an area where there is no official plan in place",
        "comments_from_registry": 0,
        "comments_by_email": 0,
        "comments_by_mail": 0
    },
    "019-3942": {
        "url": "/notice/019-3942",
        "title": "Aon Inc., Business/Facility Name: Port Hope Golf & Country Club\n      \n         - Permit to take water",
        "comments_from_registry": 0,
        "comments_by_email": 0,
        "comments_by_mail": 0
    },
    "019-1117": {
        "url": "/notice/019-1117",
        "title": "Waste Management of Canada Corporation\n      \n         - Permit to take water",
        "comments_from_registry": 1,
        "comments_by_email": 0,
        "comments_by_mail": 0
    },
    "019-3156": {
        "url": "/notice/019-3156",
        "title": "Ram Iron & Metal Inc.\n      \n         - Environmental Compliance Approval (air)",
        "comments_from_registry": 0,
        "comments_by_email": 0,
        "comments_by_mail": 0
    },
    "019-4204": {
        "url": "/notice/019-4204",
        "title": "Eleanor GP Inc. as general partner for and on behalf of Eleanor Limited Partnership\n      \n         - Environmental Compliance Approval (sewage)",
        "comments_from_registry": 0,
        "comments_by_email": 0,
        "comments_by_mail": 0
    }
}