{
    "019-2156": {
        "url": "/notice/019-2156",
        "title": "Maple Leaf Foods Inc.\n      \n         - Environmental Compliance Approval (air)",
        "comments_from_registry": 0,
        "comments_by_email": 0,
        "comments_by_mail": 0
    },
    "019-2855": {
        "url": "/notice/019-2855",
        "title": "Exchange Building Group Inc.\n      \n         - Permit to take water",
        "comments_from_registry": 0,
        "comments_by_email": 0,
        "comments_by_mail": 0
    },
    "019-2706": {
        "url": "/notice/019-2706",
        "title": "Watersand Construction Ltd.\n      \n         - Permit to take water",
        "comments_from_registry": 1,
        "comments_by_email": 0,
        "comments_by_mail": 0
    },
    "019-2877": {
        "url": "/notice/019-2877",
        "title": "WATERSAND CONSTRUCTION LTD.\n      \n         - Permit to take water",
        "comments_from_registry": 0,
        "comments_by_email": 0,
        "comments_by_mail": 0
    },
    "019-3006": {
        "url": "/notice/019-3006",
        "title": "ClubLink Corporation ULC\n      \n         - Permit to take water",
        "comments_from_registry": 0,
        "comments_by_email": 0,
        "comments_by_mail": 0
    },
    "019-2923": {
        "url": "/notice/019-2923",
        "title": "Toronto Hebrew Memorial Parks\n      \n         - Permit to take water",
        "comments_from_registry": 0,
        "comments_by_email": 1,
        "comments_by_mail": 0
    },
    "019-3008": {
        "url": "/notice/019-3008",
        "title": "Jessica Alves (Buset LLP)\n      \n         - Approval for a consent (subject to conditions) in an area where there is no official plan in place",
        "comments_from_registry": 0,
        "comments_by_email": 1,
        "comments_by_mail": 0
    },
    "019-1955": {
        "url": "/notice/019-1955",
        "title": "The Hopper Foundry (1977) Limited\n      \n         - Approval to register for a technical standard for air pollution (industry standard)",
        "comments_from_registry": 0,
        "comments_by_email": 0,
        "comments_by_mail": 0
    },
    "019-2045": {
        "url": "/notice/019-2045",
        "title": "R & G Holdings Corp.\n      \n         - Environmental Compliance Approval (air)",
        "comments_from_registry": 0,
        "comments_by_email": 0,
        "comments_by_mail": 0
    },
    "019-3441": {
        "url": "/notice/019-3441",
        "title": "Rudy Wahl\n      \n         - Mineral exploration permit",
        "comments_from_registry": 0,
        "comments_by_email": 0,
        "comments_by_mail": 0
    },
    "019-3321": {
        "url": "/notice/019-3321",
        "title": "Ardiel Septic Services Inc.\n      \n         - Environmental Compliance Approval (waste)",
        "comments_from_registry": 0,
        "comments_by_email": 0,
        "comments_by_mail": 0
    },
    "019-3056": {
        "url": "/notice/019-3056",
        "title": "Parkbridge Lifestyle Communities Inc.\n      \n         - Permit to take water",
        "comments_from_registry": 0,
        "comments_by_email": 0,
        "comments_by_mail": 0
    },
    "019-3329": {
        "url": "/notice/019-3329",
        "title": "T. Valeri Construction Limited\n      \n         - Environmental Compliance Approval (sewage)",
        "comments_from_registry": 0,
        "comments_by_email": 0,
        "comments_by_mail": 0
    },
    "019-3331": {
        "url": "/notice/019-3331",
        "title": "BLB Properties Inc.\n      \n         - Environmental Compliance Approval (sewage)",
        "comments_from_registry": 0,
        "comments_by_email": 0,
        "comments_by_mail": 0
    },
    "019-3330": {
        "url": "/notice/019-3330",
        "title": "Erka Holdings Inc.\n      \n         - Environmental Compliance Approval (sewage)",
        "comments_from_registry": 0,
        "comments_by_email": 0,
        "comments_by_mail": 0
    },
    "019-3442": {
        "url": "/notice/019-3442",
        "title": "The Mulligan Inc.\n      \n         - Permit to take water",
        "comments_from_registry": 0,
        "comments_by_email": 0,
        "comments_by_mail": 0
    },
    "019-2047": {
        "url": "/notice/019-2047",
        "title": "Valard Construction 2008 Ltd. as general partner for  and on behalf of Valard Construction LP\n      \n         - Permit to take water",
        "comments_from_registry": 0,
        "comments_by_email": 0,
        "comments_by_mail": 0
    },
    "019-3400": {
        "url": "/notice/019-3400",
        "title": "Michael Weirmeir  (1154077 Ontario Ltd.)\n      \n         - Mineral exploration permit",
        "comments_from_registry": 0,
        "comments_by_email": 0,
        "comments_by_mail": 0
    },
    "019-3526": {
        "url": "/notice/019-3526",
        "title": "Golder Associates Ltd.\n      \n         - Environmental Compliance Approval (sewage)",
        "comments_from_registry": 0,
        "comments_by_email": 0,
        "comments_by_mail": 0
    },
    "019-3346": {
        "url": "/notice/019-3346",
        "title": "Mr. William Paterson\n      \n         - Mineral exploration permit",
        "comments_from_registry": 0,
        "comments_by_email": 0,
        "comments_by_mail": 0
    }
}