{
    "019-3004": {
        "url": "/notice/019-3004",
        "title": "Mr.  Jason Leblanc - Bounty Gold Corp\n      \n         - Mineral exploration permit",
        "comments_from_registry": 0,
        "comments_by_email": 0,
        "comments_by_mail": 0
    },
    "019-2554": {
        "url": "/notice/019-2554",
        "title": "2434233 Ontario Ltd.\n      \n         - Permit for activities to achieve an overall benefit to a species",
        "comments_from_registry": 0,
        "comments_by_email": 3,
        "comments_by_mail": 0
    },
    "019-3035": {
        "url": "/notice/019-3035",
        "title": "Agnico Eagle Mines Ltd.\n      \n         - Mineral exploration permit",
        "comments_from_registry": 0,
        "comments_by_email": 0,
        "comments_by_mail": 0
    },
    "019-3102": {
        "url": "/notice/019-3102",
        "title": "SUNCOR ENERGY PRODUCTS PARTNERSHIP\n      \n         - Approval for variance from the Liquid Fuels Handling Code",
        "comments_from_registry": 0,
        "comments_by_email": 0,
        "comments_by_mail": 0
    },
    "019-0726": {
        "url": "/notice/019-0726",
        "title": "DK St. Clair Inc.\n      \n         - Permit to take water",
        "comments_from_registry": 0,
        "comments_by_email": 0,
        "comments_by_mail": 0
    },
    "019-0650": {
        "url": "/notice/019-0650",
        "title": "3100 KS FT GP INC. as general partner for and behalf of 3100 KS FT LP\n      \n         - Permit to take water",
        "comments_from_registry": 0,
        "comments_by_email": 0,
        "comments_by_mail": 0
    },
    "019-0964": {
        "url": "/notice/019-0964",
        "title": "Kimberly-Clark Inc.\n      \n         - Permit to take water",
        "comments_from_registry": 0,
        "comments_by_email": 0,
        "comments_by_mail": 0
    },
    "019-0916": {
        "url": "/notice/019-0916",
        "title": "Greenland Lakeside Development Company Limited\n      \n         - Permit to take water",
        "comments_from_registry": 0,
        "comments_by_email": 0,
        "comments_by_mail": 0
    },
    "019-1008": {
        "url": "/notice/019-1008",
        "title": "Toronto Standard Condominium Corporation No. 2588\n      \n         - Permit to take water",
        "comments_from_registry": 0,
        "comments_by_email": 0,
        "comments_by_mail": 0
    },
    "019-1079": {
        "url": "/notice/019-1079",
        "title": "1094490 Ontario Limited\n      \n         - Permit to take water",
        "comments_from_registry": 0,
        "comments_by_email": 0,
        "comments_by_mail": 0
    },
    "019-0982": {
        "url": "/notice/019-0982",
        "title": "The Bayview Country Club Limited\n      \n         - Permit to take water",
        "comments_from_registry": 0,
        "comments_by_email": 0,
        "comments_by_mail": 0
    },
    "019-0741": {
        "url": "/notice/019-0741",
        "title": "489-539 King Street West Inc.\n      \n         - Permit to take water",
        "comments_from_registry": 0,
        "comments_by_email": 0,
        "comments_by_mail": 0
    },
    "019-0955": {
        "url": "/notice/019-0955",
        "title": "1258188 Ontario Limited, operating as Simoro Golf Links\n      \n         - Permit to take water",
        "comments_from_registry": 0,
        "comments_by_email": 0,
        "comments_by_mail": 0
    },
    "019-1000": {
        "url": "/notice/019-1000",
        "title": "Skyline Utility Services Inc.\n      \n         - Permit to take water",
        "comments_from_registry": 0,
        "comments_by_email": 0,
        "comments_by_mail": 0
    },
    "019-1064": {
        "url": "/notice/019-1064",
        "title": "Coon Bros. Sand & Gravel (1988) Limited\n      \n         - Permit to take water",
        "comments_from_registry": 0,
        "comments_by_email": 0,
        "comments_by_mail": 0
    },
    "019-1118": {
        "url": "/notice/019-1118",
        "title": "Martinway Developments Limited\n      \n         - Permit to take water",
        "comments_from_registry": 0,
        "comments_by_email": 0,
        "comments_by_mail": 0
    },
    "019-1353": {
        "url": "/notice/019-1353",
        "title": "Amico Infrastructures Inc. as general partners for and on behalf of West Corridor Constructors General Partnership \n      \n         - Permit to take water",
        "comments_from_registry": 1,
        "comments_by_email": 0,
        "comments_by_mail": 0
    },
    "019-0533": {
        "url": "/notice/019-0533",
        "title": "2019625 Ontario Inc.\n      \n         - Permit to take water",
        "comments_from_registry": 1,
        "comments_by_email": 0,
        "comments_by_mail": 0
    },
    "019-0756": {
        "url": "/notice/019-0756",
        "title": "Collecdev (8868 Yonge) GP Inc.\n      \n         - Permit to take water",
        "comments_from_registry": 0,
        "comments_by_email": 0,
        "comments_by_mail": 0
    },
    "019-0479": {
        "url": "/notice/019-0479",
        "title": "2400050 Ontario Inc.\n      \n         - Permit to take water",
        "comments_from_registry": 0,
        "comments_by_email": 0,
        "comments_by_mail": 0
    }
}