{
    "019-7322": {
        "url": "/notice/019-7322",
        "title": "Broccolini Kitchener GP Inc. as general partner for and on behalf of Broccolini Kitchener Limited Partnership\n      \n         - Environmental Compliance Approval (sewage)",
        "comments_from_registry": 0,
        "comments_by_email": 0,
        "comments_by_mail": 0
    },
    "019-6369": {
        "url": "/notice/019-6369",
        "title": "2534929 Ontario Inc. (Operating as Viola Asphalt Inc.)\n      \n         - Approval to register for a technical standard for air pollution (industry standard)",
        "comments_from_registry": 2,
        "comments_by_email": 2,
        "comments_by_mail": 0
    },
    "019-7720": {
        "url": "/notice/019-7720",
        "title": "United Malwood Sawmills Inc.\n      \n         - Environmental Compliance Approval (air)",
        "comments_from_registry": 0,
        "comments_by_email": 0,
        "comments_by_mail": 0
    },
    "019-8067": {
        "url": "/notice/019-8067",
        "title": "Loblaws Inc.\n      \n         - Environmental Compliance Approval (sewage)",
        "comments_from_registry": 0,
        "comments_by_email": 0,
        "comments_by_mail": 0
    },
    "019-8296": {
        "url": "/notice/019-8296",
        "title": "KS 1319 Bloor Street West Holdings Inc.\n      \n         - Certificate of property use",
        "comments_from_registry": 0,
        "comments_by_email": 0,
        "comments_by_mail": 0
    },
    "019-8328": {
        "url": "/notice/019-8328",
        "title": "Melinda Joan Taylor\n      \n         - Environmental Compliance Approval (sewage)",
        "comments_from_registry": 0,
        "comments_by_email": 0,
        "comments_by_mail": 0
    },
    "019-8606": {
        "url": "/notice/019-8606",
        "title": "IAMGOLD Corporation\n      \n         - Mineral exploration permit",
        "comments_from_registry": 2,
        "comments_by_email": 0,
        "comments_by_mail": 0
    },
    "019-7909": {
        "url": "/notice/019-7909",
        "title": "Dream Summit Industrial (Ontario) Inc.\n      \n         - Permit to take water",
        "comments_from_registry": 1,
        "comments_by_email": 0,
        "comments_by_mail": 0
    },
    "019-8633": {
        "url": "/notice/019-8633",
        "title": "Goldenfire Minerals Inc.\n      \n         - Mineral exploration permit",
        "comments_from_registry": 0,
        "comments_by_email": 0,
        "comments_by_mail": 0
    },
    "019-6767": {
        "url": "/notice/019-6767",
        "title": "Proposed changes to the Aggregate Resources Act, Ontario Regulation 244/97 to expand self-filing activities and a new policy regarding amendments to existing aggregate approvals",
        "comments_from_registry": 18,
        "comments_by_email": 8,
        "comments_by_mail": 0
    },
    "019-7733": {
        "url": "/notice/019-7733",
        "title": "Amendment to Ontario Regulation 316/07 under the Provincial Parks and Conservation Reserves Act, 2006 to create a recreational class provincial park in the Township of Uxbridge",
        "comments_from_registry": 33,
        "comments_by_email": 16,
        "comments_by_mail": 0
    },
    "019-5399": {
        "url": "/notice/019-5399",
        "title": "TC Industries of Canada Company\n      \n         - Environmental Compliance Approval (air)",
        "comments_from_registry": 0,
        "comments_by_email": 0,
        "comments_by_mail": 0
    },
    "019-7357": {
        "url": "/notice/019-7357",
        "title": "Hastings and Prince Edward District School Board\n      \n         - Environmental Compliance Approval (sewage)",
        "comments_from_registry": 0,
        "comments_by_email": 0,
        "comments_by_mail": 0
    },
    "019-7232": {
        "url": "/notice/019-7232",
        "title": "Hiram Walker & Sons Limited\n      \n         - Environmental Compliance Approval (sewage)",
        "comments_from_registry": 0,
        "comments_by_email": 0,
        "comments_by_mail": 0
    },
    "019-7511": {
        "url": "/notice/019-7511",
        "title": "Bryan Lee Engler\n      \n         - Environmental Compliance Approval (sewage)",
        "comments_from_registry": 0,
        "comments_by_email": 0,
        "comments_by_mail": 0
    },
    "019-7367": {
        "url": "/notice/019-7367",
        "title": "1150068 Ontario Inc.\n      \n         - Environmental Compliance Approval (sewage)",
        "comments_from_registry": 0,
        "comments_by_email": 0,
        "comments_by_mail": 0
    },
    "019-7810": {
        "url": "/notice/019-7810",
        "title": "Lake Shore Gold Corp.\n      \n         - Environmental Compliance Approval (sewage)",
        "comments_from_registry": 0,
        "comments_by_email": 0,
        "comments_by_mail": 0
    },
    "019-8430": {
        "url": "/notice/019-8430",
        "title": "Dufferin Aggregates, a Division of CRH Canada\n      \n         - Changes to the site plan for a pit or quarry",
        "comments_from_registry": 1,
        "comments_by_email": 0,
        "comments_by_mail": 0
    },
    "019-8613": {
        "url": "/notice/019-8613",
        "title": "Douglas Bundy\n      \n         - Mineral exploration permit",
        "comments_from_registry": 0,
        "comments_by_email": 0,
        "comments_by_mail": 0
    },
    "019-8581": {
        "url": "/notice/019-8581",
        "title": "Nathaniel McNutt\n      \n         - Mineral exploration permit",
        "comments_from_registry": 0,
        "comments_by_email": 0,
        "comments_by_mail": 0
    }
}