{
    "019-5465": {
        "url": "/notice/019-5465",
        "title": "Innisfree Park Goderich Holdings Inc.\n      \n         - Environmental Compliance Approval (sewage)",
        "comments_from_registry": 0,
        "comments_by_email": 0,
        "comments_by_mail": 0
    },
    "019-4062": {
        "url": "/notice/019-4062",
        "title": "Reducing Burden for Small Scale Breweries Through Self-Registration and Exemptions",
        "comments_from_registry": 5,
        "comments_by_email": 2,
        "comments_by_mail": 0
    },
    "019-6639": {
        "url": "/notice/019-6639",
        "title": "Comfort Self Storage Inc.\n      \n         - Environmental Compliance Approval (sewage)",
        "comments_from_registry": 0,
        "comments_by_email": 0,
        "comments_by_mail": 0
    },
    "019-6956": {
        "url": "/notice/019-6956",
        "title": "COBALTECH MINING INCORPORATED\n      \n         - Mineral exploration permit",
        "comments_from_registry": 0,
        "comments_by_email": 0,
        "comments_by_mail": 0
    },
    "019-5374": {
        "url": "/notice/019-5374",
        "title": "Hydro One Networks Inc\n      \n         - Environmental Compliance Approval (sewage)",
        "comments_from_registry": 0,
        "comments_by_email": 0,
        "comments_by_mail": 0
    },
    "019-6383": {
        "url": "/notice/019-6383",
        "title": "1902078 Ontario Ltd., operating as Eagle Lake Island Lodge\n      \n         - Environmental Compliance Approval (sewage)",
        "comments_from_registry": 0,
        "comments_by_email": 0,
        "comments_by_mail": 0
    },
    "019-5878": {
        "url": "/notice/019-5878",
        "title": "Township of Middlesex Centre\n      \n         - Changes to the site plan for a pit or quarry",
        "comments_from_registry": 0,
        "comments_by_email": 2,
        "comments_by_mail": 0
    },
    "019-6703": {
        "url": "/notice/019-6703",
        "title": "PCL Constructors Canada Inc.\n      \n         - Permit to take water",
        "comments_from_registry": 0,
        "comments_by_email": 0,
        "comments_by_mail": 0
    },
    "019-6781": {
        "url": "/notice/019-6781",
        "title": "FGL Kerns  Inc.\n      \n         - Certificate of property use",
        "comments_from_registry": 0,
        "comments_by_email": 0,
        "comments_by_mail": 0
    },
    "019-0902": {
        "url": "/notice/019-0902",
        "title": "Johnston Bros. (Bothwell) Limited\n      \n         - Changes to the site plan for a pit or quarry",
        "comments_from_registry": 1,
        "comments_by_email": 3,
        "comments_by_mail": 0
    },
    "019-5716": {
        "url": "/notice/019-5716",
        "title": "Artscrushing & Recycling Inc.\n      \n         - Environmental Compliance Approval (air)",
        "comments_from_registry": 0,
        "comments_by_email": 0,
        "comments_by_mail": 0
    },
    "019-6416": {
        "url": "/notice/019-6416",
        "title": "Queen Leslie Developments Limited \n      \n         - Permit to take water",
        "comments_from_registry": 0,
        "comments_by_email": 0,
        "comments_by_mail": 0
    },
    "019-5747": {
        "url": "/notice/019-5747",
        "title": "Control Chem Canada Ltd.\n      \n         - Environmental Compliance Approval (air)",
        "comments_from_registry": 0,
        "comments_by_email": 0,
        "comments_by_mail": 0
    },
    "019-4174": {
        "url": "/notice/019-4174",
        "title": "Vineland Manufacturing Ltd.\n      \n         - Environmental Compliance Approval (air)",
        "comments_from_registry": 0,
        "comments_by_email": 0,
        "comments_by_mail": 0
    },
    "019-4935": {
        "url": "/notice/019-4935",
        "title": "Waste Management of Canada Corporation\n      \n         - Environmental Compliance Approval (air)",
        "comments_from_registry": 0,
        "comments_by_email": 0,
        "comments_by_mail": 0
    },
    "019-6936": {
        "url": "/notice/019-6936",
        "title": "Red Pine Exploration Incorporated\n      \n         - Mineral exploration permit",
        "comments_from_registry": 0,
        "comments_by_email": 0,
        "comments_by_mail": 0
    },
    "019-6920": {
        "url": "/notice/019-6920",
        "title": "COSTCO WHOLESALE CANADA LTD\n      \n         - Approval for variance from the Liquid Fuels Handling Code",
        "comments_from_registry": 0,
        "comments_by_email": 0,
        "comments_by_mail": 0
    },
    "019-6558": {
        "url": "/notice/019-6558",
        "title": "Wellington Laboratories Inc.\n      \n         - Environmental Compliance Approval (air)",
        "comments_from_registry": 0,
        "comments_by_email": 0,
        "comments_by_mail": 0
    },
    "019-5956": {
        "url": "/notice/019-5956",
        "title": "2375128 Ontario Ltd.\n      \n         - Environmental Compliance Approval (air)",
        "comments_from_registry": 0,
        "comments_by_email": 0,
        "comments_by_mail": 0
    },
    "019-6588": {
        "url": "/notice/019-6588",
        "title": "Parkland Terminals of Canada Inc. \n      \n         - Permit to take water",
        "comments_from_registry": 0,
        "comments_by_email": 0,
        "comments_by_mail": 0
    }
}