{
    "019-2318": {
        "url": "/notice/019-2318",
        "title": "Ken Davies, Terry Davies, and Todd Davies\n      \n         - Approval for a consent (subject to conditions) in an area where there is no official plan in place",
        "comments_from_registry": 0,
        "comments_by_email": 0,
        "comments_by_mail": 0
    },
    "013-4868": {
        "url": "/notice/013-4868",
        "title": "Taylor A. Giesbrecht\n      \n         - Environmental Compliance Approval (waste)",
        "comments_from_registry": 0,
        "comments_by_email": 0,
        "comments_by_mail": 0
    },
    "019-2220": {
        "url": "/notice/019-2220",
        "title": "Cericola Farms Limited\n      \n         - Environmental Compliance Approval (sewage)",
        "comments_from_registry": 0,
        "comments_by_email": 0,
        "comments_by_mail": 0
    },
    "019-0067": {
        "url": "/notice/019-0067",
        "title": "Triple \"S\" Sanitation Ltd.\n      \n         - Environmental Compliance Approval (waste)",
        "comments_from_registry": 0,
        "comments_by_email": 0,
        "comments_by_mail": 0
    },
    "019-0068": {
        "url": "/notice/019-0068",
        "title": "Triple \"S\" Sanitation Ltd.\n      \n         - Environmental Compliance Approval (waste)",
        "comments_from_registry": 0,
        "comments_by_email": 0,
        "comments_by_mail": 0
    },
    "019-0069": {
        "url": "/notice/019-0069",
        "title": "Triple \"S\" Sanitation Ltd.\n      \n         - Environmental Compliance Approval (waste)",
        "comments_from_registry": 0,
        "comments_by_email": 0,
        "comments_by_mail": 0
    },
    "019-0081": {
        "url": "/notice/019-0081",
        "title": "Triple \"S\" Sanitation Ltd.\n      \n         - Environmental Compliance Approval (waste)",
        "comments_from_registry": 0,
        "comments_by_email": 0,
        "comments_by_mail": 0
    },
    "019-0087": {
        "url": "/notice/019-0087",
        "title": "Triple \"S\" Sanitation Limited\n      \n         - Environmental Compliance Approval (waste)",
        "comments_from_registry": 0,
        "comments_by_email": 0,
        "comments_by_mail": 0
    },
    "019-2111": {
        "url": "/notice/019-2111",
        "title": "Compass Minerals Canada Corp.\n      \n         - Environmental Compliance Approval (sewage)",
        "comments_from_registry": 0,
        "comments_by_email": 0,
        "comments_by_mail": 0
    },
    "019-1071": {
        "url": "/notice/019-1071",
        "title": "Tiger Drylac Canada Inc.\n      \n         - Environmental Compliance Approval (air)",
        "comments_from_registry": 0,
        "comments_by_email": 0,
        "comments_by_mail": 0
    },
    "013-5051": {
        "url": "/notice/013-5051",
        "title": "Bill's Septic Ltd.\n      \n         - Environmental Compliance Approval (waste)",
        "comments_from_registry": 0,
        "comments_by_email": 0,
        "comments_by_mail": 0
    },
    "013-4867": {
        "url": "/notice/013-4867",
        "title": "Grey Bruce Septic Service\n      \n         - Environmental Compliance Approval (waste)",
        "comments_from_registry": 0,
        "comments_by_email": 0,
        "comments_by_mail": 0
    },
    "019-2429": {
        "url": "/notice/019-2429",
        "title": "Andrew Tims / Nuvision Resources ULC\n      \n         - Mineral exploration permit",
        "comments_from_registry": 0,
        "comments_by_email": 0,
        "comments_by_mail": 0
    },
    "019-2475": {
        "url": "/notice/019-2475",
        "title": "New Found Gold Corporation\n      \n         - Mineral exploration permit",
        "comments_from_registry": 0,
        "comments_by_email": 0,
        "comments_by_mail": 0
    },
    "019-2578": {
        "url": "/notice/019-2578",
        "title": "City of Mississauga \n      \n         - Approval for variance from the Liquid Fuels Handling Code",
        "comments_from_registry": 0,
        "comments_by_email": 0,
        "comments_by_mail": 0
    },
    "019-0921": {
        "url": "/notice/019-0921",
        "title": "Renfrew County\n      \n         - Approval to amend a municipality\u2019s official plan",
        "comments_from_registry": 0,
        "comments_by_email": 0,
        "comments_by_mail": 0
    },
    "019-2473": {
        "url": "/notice/019-2473",
        "title": "RJK Exploration Limited\n      \n         - Mineral exploration permit",
        "comments_from_registry": 0,
        "comments_by_email": 0,
        "comments_by_mail": 0
    },
    "019-2464": {
        "url": "/notice/019-2464",
        "title": "Brian Bishop\n      \n         - Mineral exploration permit",
        "comments_from_registry": 0,
        "comments_by_email": 0,
        "comments_by_mail": 0
    },
    "013-4864": {
        "url": "/notice/013-4864",
        "title": "Grey Bruce Septic Service\n      \n         - Environmental Compliance Approval (waste)",
        "comments_from_registry": 0,
        "comments_by_email": 0,
        "comments_by_mail": 0
    },
    "013-4880": {
        "url": "/notice/013-4880",
        "title": "Taylor A. Griesbrecht\n      \n         - Environmental Compliance Approval (waste)",
        "comments_from_registry": 0,
        "comments_by_email": 0,
        "comments_by_mail": 0
    }
}