{
    "013-5311": {
        "url": "/notice/013-5311",
        "title": "Greenhill Produce (Thamesville) Ltd.\n      \n         - Environmental Compliance Approval (sewage)",
        "comments_from_registry": 0,
        "comments_by_email": 0,
        "comments_by_mail": 0
    },
    "019-0580": {
        "url": "/notice/019-0580",
        "title": "Red Pine Exploration Inc. \n      \n         - Mineral exploration permit",
        "comments_from_registry": 0,
        "comments_by_email": 0,
        "comments_by_mail": 0
    },
    "013-5158": {
        "url": "/notice/013-5158",
        "title": "Eastwood Holdings Corp.\n      \n         - Environmental Compliance Approval (sewage)",
        "comments_from_registry": 0,
        "comments_by_email": 0,
        "comments_by_mail": 0
    },
    "013-3870": {
        "url": "/notice/013-3870",
        "title": "Sunquest Farms Ltd.\n      \n         - Environmental Compliance Approval (sewage)",
        "comments_from_registry": 0,
        "comments_by_email": 0,
        "comments_by_mail": 0
    },
    "013-5299": {
        "url": "/notice/013-5299",
        "title": "Glencore Canada Corporation\n      \n         - Permit to take water",
        "comments_from_registry": 1,
        "comments_by_email": 0,
        "comments_by_mail": 0
    },
    "019-0548": {
        "url": "/notice/019-0548",
        "title": "Maurice Valliere\n      \n         - Mineral exploration permit",
        "comments_from_registry": 0,
        "comments_by_email": 0,
        "comments_by_mail": 0
    },
    "013-5012": {
        "url": "/notice/013-5012",
        "title": "Ontario Power Generation Inc.\n      \n         - Environmental Compliance Approval (air)",
        "comments_from_registry": 0,
        "comments_by_email": 0,
        "comments_by_mail": 0
    },
    "012-9714": {
        "url": "/notice/012-9714",
        "title": "Canadian Malartic Corporation \n      \n         - Amendment to a closure plan",
        "comments_from_registry": 0,
        "comments_by_email": 0,
        "comments_by_mail": 0
    },
    "013-5292": {
        "url": "/notice/013-5292",
        "title": "Laplante Poultry Farms Ltd.\n      \n         - Environmental Compliance Approval (sewage)",
        "comments_from_registry": 3,
        "comments_by_email": 0,
        "comments_by_mail": 0
    },
    "013-3186": {
        "url": "/notice/013-3186",
        "title": "CR Capital Corp\n      \n         - Mineral exploration permit",
        "comments_from_registry": 0,
        "comments_by_email": 0,
        "comments_by_mail": 0
    },
    "013-3185": {
        "url": "/notice/013-3185",
        "title": "CR Capital Corp\n      \n         - Mineral exploration permit",
        "comments_from_registry": 0,
        "comments_by_email": 0,
        "comments_by_mail": 0
    },
    "012-2332": {
        "url": "/notice/012-2332",
        "title": "John Rapski\n      \n         - Mineral exploration permit",
        "comments_from_registry": 0,
        "comments_by_email": 0,
        "comments_by_mail": 0
    },
    "019-0506": {
        "url": "/notice/019-0506",
        "title": "Perry English\n      \n         - Mineral exploration permit",
        "comments_from_registry": 0,
        "comments_by_email": 0,
        "comments_by_mail": 0
    },
    "013-1693": {
        "url": "/notice/013-1693",
        "title": "Empire (Red Hill) Limited\n      \n         - Permit to take water",
        "comments_from_registry": 0,
        "comments_by_email": 0,
        "comments_by_mail": 0
    },
    "013-0780": {
        "url": "/notice/013-0780",
        "title": "St. Catharines Golf and Country Club, Limited\n      \n         - Permit to take water",
        "comments_from_registry": 0,
        "comments_by_email": 0,
        "comments_by_mail": 0
    },
    "013-4141": {
        "url": "/notice/013-4141",
        "title": "Super Sucker Hydro-Vac Service Inc.\n      \n         - Environmental Compliance Approval (waste)",
        "comments_from_registry": 0,
        "comments_by_email": 0,
        "comments_by_mail": 0
    },
    "019-0445": {
        "url": "/notice/019-0445",
        "title": "SAG-Q Aggregates Inc. and Niagara Engineered Products Inc.\n      \n         - Environmental Compliance Approval (air)",
        "comments_from_registry": 0,
        "comments_by_email": 0,
        "comments_by_mail": 0
    },
    "019-0226": {
        "url": "/notice/019-0226",
        "title": "Body Plus Nutritional Products Inc.\n      \n         - Environmental Compliance Approval (air)",
        "comments_from_registry": 0,
        "comments_by_email": 0,
        "comments_by_mail": 0
    },
    "013-4879": {
        "url": "/notice/013-4879",
        "title": "London Mechanical Services Limited\n      \n         - Environmental Compliance Approval (air)",
        "comments_from_registry": 0,
        "comments_by_email": 0,
        "comments_by_mail": 0
    },
    "013-1209": {
        "url": "/notice/013-1209",
        "title": "486606 Ontario Incorporated\n      \n         - Permit to take water",
        "comments_from_registry": 0,
        "comments_by_email": 0,
        "comments_by_mail": 0
    }
}