{
    "019-8318": {
        "url": "/notice/019-8318",
        "title": "Randall Salo\n      \n         - Mineral exploration permit",
        "comments_from_registry": 0,
        "comments_by_email": 0,
        "comments_by_mail": 0
    },
    "019-6813": {
        "url": "/notice/019-6813",
        "title": "Review of proposed policies adapted from A Place to Grow and Provincial Policy Statement to form a new provincial planning policy instrument.",
        "comments_from_registry": 1541,
        "comments_by_email": 190,
        "comments_by_mail": 2
    },
    "019-6754": {
        "url": "/notice/019-6754",
        "title": "Smart Barrie GP Inc., as general partner for and on behalf of Smart Barrie Limited Partnership\n      \n         - Permit to take water",
        "comments_from_registry": 0,
        "comments_by_email": 1,
        "comments_by_mail": 0
    },
    "019-7615": {
        "url": "/notice/019-7615",
        "title": "Brookfield Residential (Ontario) GP Inc., as general partner for and on behalf of Brookfield Residential (Ontario) LP\n      \n         - Permit to take water",
        "comments_from_registry": 0,
        "comments_by_email": 0,
        "comments_by_mail": 0
    },
    "019-5873": {
        "url": "/notice/019-5873",
        "title": "1091369 Ontario Inc.\n      \n         - Permit to take water",
        "comments_from_registry": 1,
        "comments_by_email": 0,
        "comments_by_mail": 0
    },
    "019-8216": {
        "url": "/notice/019-8216",
        "title": "Sleepy Hollow Country Club Inc.\n      \n         - Permit to take water",
        "comments_from_registry": 0,
        "comments_by_email": 0,
        "comments_by_mail": 0
    },
    "019-8285": {
        "url": "/notice/019-8285",
        "title": "Jared Suchan\n      \n         - Mineral exploration permit",
        "comments_from_registry": 0,
        "comments_by_email": 0,
        "comments_by_mail": 0
    },
    "019-8301": {
        "url": "/notice/019-8301",
        "title": "Thunder Gold Corp.\n      \n         - Mineral exploration permit",
        "comments_from_registry": 3,
        "comments_by_email": 0,
        "comments_by_mail": 0
    },
    "019-8124": {
        "url": "/notice/019-8124",
        "title": "Cherry Hill Club, Limited\n      \n         - Permit to take water",
        "comments_from_registry": 0,
        "comments_by_email": 0,
        "comments_by_mail": 0
    },
    "019-8114": {
        "url": "/notice/019-8114",
        "title": "Hornby Glen Realty Inc.\n      \n         - Permit to take water",
        "comments_from_registry": 0,
        "comments_by_email": 1,
        "comments_by_mail": 0
    },
    "019-8077": {
        "url": "/notice/019-8077",
        "title": "ABNA Investments Ltd.\n      \n         - Certificate of property use",
        "comments_from_registry": 0,
        "comments_by_email": 0,
        "comments_by_mail": 0
    },
    "019-6833": {
        "url": "/notice/019-6833",
        "title": "1876118 Ontario Limited\n      \n         - Environmental Compliance Approval (air)",
        "comments_from_registry": 0,
        "comments_by_email": 0,
        "comments_by_mail": 0
    },
    "019-7673": {
        "url": "/notice/019-7673",
        "title": "CRH Canada Group Inc.\n      \n         - Permit to take water",
        "comments_from_registry": 0,
        "comments_by_email": 0,
        "comments_by_mail": 0
    },
    "019-7600": {
        "url": "/notice/019-7600",
        "title": "Miller Group Inc.\n      \n         - Permit to take water",
        "comments_from_registry": 0,
        "comments_by_email": 0,
        "comments_by_mail": 0
    },
    "019-8182": {
        "url": "/notice/019-8182",
        "title": "The Grenadier Island Country Club\n      \n         - Permit to take water",
        "comments_from_registry": 0,
        "comments_by_email": 0,
        "comments_by_mail": 0
    },
    "019-7869": {
        "url": "/notice/019-7869",
        "title": "2419787 Ontario Inc.\n      \n         - Environmental Compliance Approval (waste)",
        "comments_from_registry": 0,
        "comments_by_email": 0,
        "comments_by_mail": 0
    },
    "019-7876": {
        "url": "/notice/019-7876",
        "title": "Inter-Varsity Christian Fellowship of Canada\n      \n         - Permit to take water",
        "comments_from_registry": 0,
        "comments_by_email": 0,
        "comments_by_mail": 0
    },
    "019-8235": {
        "url": "/notice/019-8235",
        "title": "Randall Salo\n      \n         - Mineral exploration permit",
        "comments_from_registry": 0,
        "comments_by_email": 0,
        "comments_by_mail": 0
    },
    "019-7929": {
        "url": "/notice/019-7929",
        "title": "Village at the Schoolyard Inc.\n      \n         - Permit to take water",
        "comments_from_registry": 0,
        "comments_by_email": 0,
        "comments_by_mail": 0
    },
    "019-8221": {
        "url": "/notice/019-8221",
        "title": "RANDALL SALO\n      \n         - Mineral exploration permit",
        "comments_from_registry": 0,
        "comments_by_email": 0,
        "comments_by_mail": 0
    }
}