{
    "019-1219": {
        "url": "/notice/019-1219",
        "title": "Moose Creek Cement (2006) Ltd.\n      \n         - Environmental Compliance Approval (waste)",
        "comments_from_registry": 0,
        "comments_by_email": 0,
        "comments_by_mail": 0
    },
    "019-0197": {
        "url": "/notice/019-0197",
        "title": "Goldcorp Canada Ltd. (Porcupine Gold Mines)\n      \n         - Permit to take water",
        "comments_from_registry": 0,
        "comments_by_email": 1,
        "comments_by_mail": 0
    },
    "019-0446": {
        "url": "/notice/019-0446",
        "title": "Waste Management of Canada Corporation\n      \n         - Environmental Compliance Approval (waste)",
        "comments_from_registry": 0,
        "comments_by_email": 0,
        "comments_by_mail": 0
    },
    "013-4124": {
        "url": "/notice/013-4124",
        "title": "Proposal to establish a hunting season for double-crested cormorants in Ontario",
        "comments_from_registry": 3709,
        "comments_by_email": 2118,
        "comments_by_mail": 33
    },
    "019-2010": {
        "url": "/notice/019-2010",
        "title": "Manitou Gold - Phil Escher  \n      \n         - Mineral exploration permit",
        "comments_from_registry": 0,
        "comments_by_email": 0,
        "comments_by_mail": 0
    },
    "019-2005": {
        "url": "/notice/019-2005",
        "title": "Manitou Gold - Phil Escher  \n      \n         - Mineral exploration permit",
        "comments_from_registry": 0,
        "comments_by_email": 0,
        "comments_by_mail": 0
    },
    "019-2006": {
        "url": "/notice/019-2006",
        "title": "Manitou Gold - Phil Escher  \n      \n         - Mineral exploration permit",
        "comments_from_registry": 0,
        "comments_by_email": 0,
        "comments_by_mail": 0
    },
    "019-2007": {
        "url": "/notice/019-2007",
        "title": "Manitou Gold - Phil Escher  \n      \n         - Mineral exploration permit",
        "comments_from_registry": 0,
        "comments_by_email": 0,
        "comments_by_mail": 0
    },
    "019-2008": {
        "url": "/notice/019-2008",
        "title": "Manitou Gold - Phil Escher  \n      \n         - Mineral exploration permit",
        "comments_from_registry": 0,
        "comments_by_email": 0,
        "comments_by_mail": 0
    },
    "019-2009": {
        "url": "/notice/019-2009",
        "title": "Manitou Gold - Phil Escher  \n      \n         - Mineral exploration permit",
        "comments_from_registry": 0,
        "comments_by_email": 0,
        "comments_by_mail": 0
    },
    "019-0642": {
        "url": "/notice/019-0642",
        "title": "Ferrero Canada Limited\n      \n         - Environmental Compliance Approval (air)",
        "comments_from_registry": 0,
        "comments_by_email": 0,
        "comments_by_mail": 0
    },
    "013-5296": {
        "url": "/notice/013-5296",
        "title": "Southwest United Canada Inc.\n      \n         - Environmental Compliance Approval (air)",
        "comments_from_registry": 0,
        "comments_by_email": 0,
        "comments_by_mail": 0
    },
    "019-1427": {
        "url": "/notice/019-1427",
        "title": "SSI Property GP Inc., as general partner for and on behalf of SSI Canada Property L.P\n      \n         - Environmental Compliance Approval (sewage)",
        "comments_from_registry": 0,
        "comments_by_email": 0,
        "comments_by_mail": 0
    },
    "019-0131": {
        "url": "/notice/019-0131",
        "title": "Update to the Environmental Guide for Assessing and Mitigating the Air Quality Impacts and Greenhouse Gas Emissions of Provincial Transportation Projects",
        "comments_from_registry": 2,
        "comments_by_email": 0,
        "comments_by_mail": 0
    },
    "019-1957": {
        "url": "/notice/019-1957",
        "title": "Battery Mineral Resources Limited\n      \n         - Mineral exploration permit",
        "comments_from_registry": 0,
        "comments_by_email": 0,
        "comments_by_mail": 0
    },
    "019-2001": {
        "url": "/notice/019-2001",
        "title": "Pacton Gold Inc. - Karly Oliver \n      \n         - Mineral exploration permit",
        "comments_from_registry": 0,
        "comments_by_email": 0,
        "comments_by_mail": 0
    },
    "019-0346": {
        "url": "/notice/019-0346",
        "title": "Industries Rayonier A.M. Canada Inc./Rayonier A.M. Canada Industries Inc. operating as Rayonier A.M. Canada G.P.\n      \n         - Environmental Compliance Approval (air)",
        "comments_from_registry": 0,
        "comments_by_email": 0,
        "comments_by_mail": 0
    },
    "019-1098": {
        "url": "/notice/019-1098",
        "title": "A.G. Simpson Automotive Inc.\n      \n         - Environmental Compliance Approval (air)",
        "comments_from_registry": 0,
        "comments_by_email": 0,
        "comments_by_mail": 0
    },
    "019-1307": {
        "url": "/notice/019-1307",
        "title": "Maple Leaf Foods Inc.\n      \n         - Environmental Compliance Approval (air)",
        "comments_from_registry": 0,
        "comments_by_email": 0,
        "comments_by_mail": 0
    },
    "019-1347": {
        "url": "/notice/019-1347",
        "title": "Mitek Fine Auto Inc.\n      \n         - Environmental Compliance Approval (sewage)",
        "comments_from_registry": 0,
        "comments_by_email": 0,
        "comments_by_mail": 0
    }
}