{
    "019-4177": {
        "url": "/notice/019-4177",
        "title": "DK St. Clair Inc.\n      \n         - Certificate of property use",
        "comments_from_registry": 0,
        "comments_by_email": 0,
        "comments_by_mail": 0
    },
    "019-1019": {
        "url": "/notice/019-1019",
        "title": "2109179 Ontario Inc.\n      \n         - Environmental Compliance Approval (air)",
        "comments_from_registry": 0,
        "comments_by_email": 0,
        "comments_by_mail": 0
    },
    "019-2765": {
        "url": "/notice/019-2765",
        "title": "Revolution Environmental Solutions LP\n      \n         - Environmental Compliance Approval (air)",
        "comments_from_registry": 0,
        "comments_by_email": 0,
        "comments_by_mail": 0
    },
    "019-4220": {
        "url": "/notice/019-4220",
        "title": "Pillers Fine Foods Inc. as general partner for and on behalf of Premium Brands Operating Limited Partnership\n      \n         - Environmental Compliance Approval (air)",
        "comments_from_registry": 0,
        "comments_by_email": 0,
        "comments_by_mail": 0
    },
    "019-4170": {
        "url": "/notice/019-4170",
        "title": "City of Toronto Economic Development Corporation\n      \n         - Certificate of property use",
        "comments_from_registry": 0,
        "comments_by_email": 0,
        "comments_by_mail": 0
    },
    "019-4026": {
        "url": "/notice/019-4026",
        "title": "2720 Dundas Junction GP Inc., as general partner of  and on behalf of 2720 Dundas Junction L.P.\n      \n         - Certificate of property use",
        "comments_from_registry": 0,
        "comments_by_email": 0,
        "comments_by_mail": 0
    },
    "019-3990": {
        "url": "/notice/019-3990",
        "title": "9129-6509 Quebec Inc.\n      \n         - Environmental Compliance Approval (waste)",
        "comments_from_registry": 0,
        "comments_by_email": 0,
        "comments_by_mail": 0
    },
    "019-4127": {
        "url": "/notice/019-4127",
        "title": "Cargill Limited\n      \n         - Environmental Compliance Approval (air)",
        "comments_from_registry": 0,
        "comments_by_email": 0,
        "comments_by_mail": 0
    },
    "019-3727": {
        "url": "/notice/019-3727",
        "title": "Compound Metal Coatings Inc.\n      \n         - Environmental Compliance Approval (air)",
        "comments_from_registry": 0,
        "comments_by_email": 0,
        "comments_by_mail": 0
    },
    "019-3194": {
        "url": "/notice/019-3194",
        "title": "Veolia ES Canada Industrial Services Inc.\n      \n         - Environmental Compliance Approval (waste)",
        "comments_from_registry": 0,
        "comments_by_email": 0,
        "comments_by_mail": 0
    },
    "019-3537": {
        "url": "/notice/019-3537",
        "title": "David Stoch Realty Holdings Inc.\n      \n         - Environmental Compliance Approval (sewage)",
        "comments_from_registry": 0,
        "comments_by_email": 0,
        "comments_by_mail": 0
    },
    "019-3883": {
        "url": "/notice/019-3883",
        "title": "Robert James Griffin\n      \n         - Environmental Compliance Approval (sewage)",
        "comments_from_registry": 0,
        "comments_by_email": 0,
        "comments_by_mail": 0
    },
    "019-4214": {
        "url": "/notice/019-4214",
        "title": "Raw Materials Company Inc.\n      \n         - Environmental Compliance Approval (waste)",
        "comments_from_registry": 0,
        "comments_by_email": 0,
        "comments_by_mail": 0
    },
    "019-4013": {
        "url": "/notice/019-4013",
        "title": "The Cathedral Church of St. James \n      \n         - Environmental Compliance Approval (air)",
        "comments_from_registry": 0,
        "comments_by_email": 0,
        "comments_by_mail": 0
    },
    "019-4335": {
        "url": "/notice/019-4335",
        "title": "Reliable Paper Fibres Recovery Ltd.\n      \n         - Environmental Compliance Approval (waste)",
        "comments_from_registry": 0,
        "comments_by_email": 0,
        "comments_by_mail": 0
    },
    "019-0061": {
        "url": "/notice/019-0061",
        "title": "Cedar Creek Provincial Park Management Planning",
        "comments_from_registry": 7,
        "comments_by_email": 8,
        "comments_by_mail": 1
    },
    "019-4309": {
        "url": "/notice/019-4309",
        "title": "Galibier Materials Inc.\n      \n         - Permit to take water",
        "comments_from_registry": 0,
        "comments_by_email": 0,
        "comments_by_mail": 0
    },
    "019-0616": {
        "url": "/notice/019-0616",
        "title": "Canada Cobalt Works Inc. \n      \n         - Amendment to a closure plan",
        "comments_from_registry": 0,
        "comments_by_email": 0,
        "comments_by_mail": 0
    },
    "019-4146": {
        "url": "/notice/019-4146",
        "title": "Infinite Ore Corp.\n      \n         - Mineral exploration permit",
        "comments_from_registry": 0,
        "comments_by_email": 0,
        "comments_by_mail": 0
    },
    "019-3693": {
        "url": "/notice/019-3693",
        "title": "Ultra Lithium Inc.\n      \n         - Mineral exploration permit",
        "comments_from_registry": 0,
        "comments_by_email": 0,
        "comments_by_mail": 0
    }
}