{
    "019-3496": {
        "url": "/notice/019-3496",
        "title": "2105200 Ontario Ltd., operating as Albert's Liquid Waste\n      \n         - Environmental Compliance Approval (waste)",
        "comments_from_registry": 0,
        "comments_by_email": 0,
        "comments_by_mail": 0
    },
    "019-5311": {
        "url": "/notice/019-5311",
        "title": "Lafarge Canada Inc. \n      \n         - Permit to take water",
        "comments_from_registry": 0,
        "comments_by_email": 0,
        "comments_by_mail": 0
    },
    "019-5258": {
        "url": "/notice/019-5258",
        "title": "Summerhill Resorts Ltd.\n      \n         - Permit to take water",
        "comments_from_registry": 0,
        "comments_by_email": 0,
        "comments_by_mail": 0
    },
    "019-3956": {
        "url": "/notice/019-3956",
        "title": "Hyde Construction Limited\n      \n         - Environmental Compliance Approval (sewage)",
        "comments_from_registry": 0,
        "comments_by_email": 0,
        "comments_by_mail": 0
    },
    "019-5323": {
        "url": "/notice/019-5323",
        "title": "Duntroon Highlands Resort Ltd.\n      \n         - Permit to take water",
        "comments_from_registry": 0,
        "comments_by_email": 0,
        "comments_by_mail": 0
    },
    "013-3019": {
        "url": "/notice/013-3019",
        "title": "Bradford Greenhouses Limited  \n      \n         - Environmental Compliance Approval (sewage)",
        "comments_from_registry": 0,
        "comments_by_email": 0,
        "comments_by_mail": 0
    },
    "013-3017": {
        "url": "/notice/013-3017",
        "title": "1445601 Ontario Inc. operating as Bradford Greenhouses Limited\n      \n         - Environmental Compliance Approval (sewage)",
        "comments_from_registry": 0,
        "comments_by_email": 0,
        "comments_by_mail": 0
    },
    "019-5190": {
        "url": "/notice/019-5190",
        "title": "1386073 Ontario Inc.\n      \n         - Certificate of property use",
        "comments_from_registry": 0,
        "comments_by_email": 0,
        "comments_by_mail": 0
    },
    "019-4912": {
        "url": "/notice/019-4912",
        "title": "Bathurst/Eglinton Residences Inc.\n      \n         - Certificate of property use",
        "comments_from_registry": 0,
        "comments_by_email": 0,
        "comments_by_mail": 0
    },
    "019-5117": {
        "url": "/notice/019-5117",
        "title": "D\u00e9veloppements Limoges Inc.\n      \n         - Permit to take water",
        "comments_from_registry": 0,
        "comments_by_email": 0,
        "comments_by_mail": 0
    },
    "019-5301": {
        "url": "/notice/019-5301",
        "title": "5042078 Ontario Inc. \n      \n         - Mineral exploration permit",
        "comments_from_registry": 0,
        "comments_by_email": 0,
        "comments_by_mail": 0
    },
    "019-4385": {
        "url": "/notice/019-4385",
        "title": "Shell Canada Products\n      \n         - Environmental Compliance Approval (sewage)",
        "comments_from_registry": 0,
        "comments_by_email": 0,
        "comments_by_mail": 0
    },
    "019-5281": {
        "url": "/notice/019-5281",
        "title": "David Michael Carnahan\n      \n         - Environmental Compliance Approval (sewage)",
        "comments_from_registry": 0,
        "comments_by_email": 0,
        "comments_by_mail": 0
    },
    "019-4490": {
        "url": "/notice/019-4490",
        "title": "Integrated Gas Recovery Services Inc.\n      \n         - Environmental Compliance Approval (air)",
        "comments_from_registry": 0,
        "comments_by_email": 0,
        "comments_by_mail": 0
    },
    "019-4924": {
        "url": "/notice/019-4924",
        "title": "1168170 Ontario Ltd.\n      \n         - Environmental Compliance Approval (air)",
        "comments_from_registry": 0,
        "comments_by_email": 0,
        "comments_by_mail": 0
    },
    "019-3912": {
        "url": "/notice/019-3912",
        "title": "ROHS Metals Plating Ltd.\n      \n         - Environmental Compliance Approval (air)",
        "comments_from_registry": 0,
        "comments_by_email": 0,
        "comments_by_mail": 0
    },
    "019-5243": {
        "url": "/notice/019-5243",
        "title": "William Samuel Braun and Mark Andrew Vanderhelm\n      \n         - Environmental Compliance Approval (sewage)",
        "comments_from_registry": 0,
        "comments_by_email": 0,
        "comments_by_mail": 0
    },
    "019-4010": {
        "url": "/notice/019-4010",
        "title": "THF Limited\n      \n         - Environmental Compliance Approval (air)",
        "comments_from_registry": 0,
        "comments_by_email": 0,
        "comments_by_mail": 0
    },
    "019-4262": {
        "url": "/notice/019-4262",
        "title": "Nova Steel Inc.\n      \n         - Environmental Compliance Approval (sewage)",
        "comments_from_registry": 0,
        "comments_by_email": 0,
        "comments_by_mail": 0
    },
    "019-4326": {
        "url": "/notice/019-4326",
        "title": "American Iron & Metal Company Inc.\n      \n         - Environmental Compliance Approval (sewage)",
        "comments_from_registry": 0,
        "comments_by_email": 0,
        "comments_by_mail": 0
    }
}