{
    "019-3487": {
        "url": "/notice/019-3487",
        "title": "Enutech Inc.\n      \n         - Environmental Compliance Approval (air)",
        "comments_from_registry": 0,
        "comments_by_email": 0,
        "comments_by_mail": 0
    },
    "019-3356": {
        "url": "/notice/019-3356",
        "title": "HGC Management Inc.\n      \n         - Environmental Compliance Approval (air)",
        "comments_from_registry": 0,
        "comments_by_email": 0,
        "comments_by_mail": 0
    },
    "019-3029": {
        "url": "/notice/019-3029",
        "title": "McCann Redi-Mix Inc.\n      \n         - Environmental Compliance Approval (air)",
        "comments_from_registry": 0,
        "comments_by_email": 0,
        "comments_by_mail": 0
    },
    "019-3116": {
        "url": "/notice/019-3116",
        "title": "Updating the Ministry of Government and Consumer Services\u2019 Statement of Environmental Values",
        "comments_from_registry": 2,
        "comments_by_email": 1,
        "comments_by_mail": 0
    },
    "019-2351": {
        "url": "/notice/019-2351",
        "title": "10393444 Canada Incorporated\n      \n         - Amendment to a closure plan",
        "comments_from_registry": 0,
        "comments_by_email": 0,
        "comments_by_mail": 0
    },
    "019-3791": {
        "url": "/notice/019-3791",
        "title": "Steven Anderson  \n      \n         - Mineral exploration permit",
        "comments_from_registry": 0,
        "comments_by_email": 0,
        "comments_by_mail": 0
    },
    "019-3793": {
        "url": "/notice/019-3793",
        "title": "Steven Anderson  \n      \n         - Mineral exploration permit",
        "comments_from_registry": 0,
        "comments_by_email": 0,
        "comments_by_mail": 0
    },
    "019-3794": {
        "url": "/notice/019-3794",
        "title": "Steven Anderson  \n      \n         - Mineral exploration permit",
        "comments_from_registry": 0,
        "comments_by_email": 0,
        "comments_by_mail": 0
    },
    "019-2656": {
        "url": "/notice/019-2656",
        "title": "Industries Rayonier A.M. Canada Inc./Rayonier A.M. Canada Industries Inc. operating as Rayonier A.M. Canada G.P.\n      \n         - Environmental Compliance Approval (air)",
        "comments_from_registry": 0,
        "comments_by_email": 0,
        "comments_by_mail": 0
    },
    "019-3586": {
        "url": "/notice/019-3586",
        "title": "Kirkland Lake Power Corp.\n      \n         - Environmental Compliance Approval (air)",
        "comments_from_registry": 0,
        "comments_by_email": 0,
        "comments_by_mail": 0
    },
    "013-3733": {
        "url": "/notice/013-3733",
        "title": "McEwan Ontario\n      \n         - Amendment to a closure plan",
        "comments_from_registry": 0,
        "comments_by_email": 0,
        "comments_by_mail": 0
    },
    "019-3787": {
        "url": "/notice/019-3787",
        "title": "Great Lakes Nickel Limited\n      \n         - Mineral exploration permit",
        "comments_from_registry": 0,
        "comments_by_email": 0,
        "comments_by_mail": 0
    },
    "019-3786": {
        "url": "/notice/019-3786",
        "title": "Skead Holdings Limited\n      \n         - Mineral exploration permit",
        "comments_from_registry": 0,
        "comments_by_email": 0,
        "comments_by_mail": 0
    },
    "019-3740": {
        "url": "/notice/019-3740",
        "title": "Envirofix Corporation\n      \n         - Environmental Compliance Approval (sewage)",
        "comments_from_registry": 0,
        "comments_by_email": 0,
        "comments_by_mail": 0
    },
    "019-3576": {
        "url": "/notice/019-3576",
        "title": "Lafarge Canada Inc.\n      \n         - Permit to take water",
        "comments_from_registry": 0,
        "comments_by_email": 0,
        "comments_by_mail": 0
    },
    "019-1030": {
        "url": "/notice/019-1030",
        "title": "Greener Gasoline and Greener Diesel - Director's Directions",
        "comments_from_registry": 2,
        "comments_by_email": 6,
        "comments_by_mail": 0
    },
    "019-3041": {
        "url": "/notice/019-3041",
        "title": "Proposed Revision to Ontario Energy Board (OEB) Leave to Construct Cost Threshold for Hydrocarbon Pipelines",
        "comments_from_registry": 9,
        "comments_by_email": 3,
        "comments_by_mail": 0
    },
    "019-3243": {
        "url": "/notice/019-3243",
        "title": "Stelco Inc.\n      \n         - Approval of a site-specific air standard",
        "comments_from_registry": 1,
        "comments_by_email": 0,
        "comments_by_mail": 0
    },
    "019-3242": {
        "url": "/notice/019-3242",
        "title": "Stelco Inc.\n      \n         - Approval of a site-specific air standard",
        "comments_from_registry": 3,
        "comments_by_email": 0,
        "comments_by_mail": 0
    },
    "019-3241": {
        "url": "/notice/019-3241",
        "title": "ArcelorMittal Dofasco G.P.\n      \n         - Approval of a site-specific air standard",
        "comments_from_registry": 3,
        "comments_by_email": 0,
        "comments_by_mail": 0
    }
}