{
    "019-2027": {
        "url": "/notice/019-2027",
        "title": "10393444 Canada Inc.\n      \n         - Permit to take water",
        "comments_from_registry": 0,
        "comments_by_email": 0,
        "comments_by_mail": 0
    },
    "019-2431": {
        "url": "/notice/019-2431",
        "title": "Battery Mineral Resources Limited\n      \n         - Mineral exploration permit",
        "comments_from_registry": 0,
        "comments_by_email": 0,
        "comments_by_mail": 0
    },
    "019-2437": {
        "url": "/notice/019-2437",
        "title": "Epica Gold Incorporated\n      \n         - Mineral exploration permit",
        "comments_from_registry": 0,
        "comments_by_email": 0,
        "comments_by_mail": 0
    },
    "019-2436": {
        "url": "/notice/019-2436",
        "title": "Epica Gold Incorporated\n      \n         - Mineral exploration permit",
        "comments_from_registry": 0,
        "comments_by_email": 0,
        "comments_by_mail": 0
    },
    "019-0932": {
        "url": "/notice/019-0932",
        "title": "GHBLAF Holdings Inc.\n      \n         - Changes to the site plan for a pit or quarry",
        "comments_from_registry": 0,
        "comments_by_email": 2,
        "comments_by_mail": 0
    },
    "012-8238": {
        "url": "/notice/012-8238",
        "title": "McCann Redi-Mix Inc.\n      \n         - Issuance of a licence to remove over 20,000 tonnes of aggregate annually from a pit or a quarry",
        "comments_from_registry": 8,
        "comments_by_email": 10,
        "comments_by_mail": 9
    },
    "019-1105": {
        "url": "/notice/019-1105",
        "title": "2298342 Ontario Inc.\n      \n         - Environmental Compliance Approval (sewage)",
        "comments_from_registry": 0,
        "comments_by_email": 0,
        "comments_by_mail": 0
    },
    "013-4861": {
        "url": "/notice/013-4861",
        "title": "Regional Sanitation Disp\n      \n         - Environmental Compliance Approval (waste)",
        "comments_from_registry": 0,
        "comments_by_email": 0,
        "comments_by_mail": 0
    },
    "013-4801": {
        "url": "/notice/013-4801",
        "title": "HT Dale Services\n      \n         - Environmental Compliance Approval (waste)",
        "comments_from_registry": 0,
        "comments_by_email": 0,
        "comments_by_mail": 0
    },
    "013-4894": {
        "url": "/notice/013-4894",
        "title": "Perth & District Septic\n      \n         - Environmental Compliance Approval (waste)",
        "comments_from_registry": 0,
        "comments_by_email": 0,
        "comments_by_mail": 0
    },
    "013-3782": {
        "url": "/notice/013-3782",
        "title": "Beamish Construction Inc. \n      \n         - Environmental Compliance Approval (sewage)",
        "comments_from_registry": 0,
        "comments_by_email": 0,
        "comments_by_mail": 0
    },
    "019-0731": {
        "url": "/notice/019-0731",
        "title": "Suncor Energy Inc., as general partners for and on behalf of Suncor Energy Products Partnership \n      \n         - Environmental Compliance Approval (sewage)",
        "comments_from_registry": 0,
        "comments_by_email": 0,
        "comments_by_mail": 0
    },
    "013-4798": {
        "url": "/notice/013-4798",
        "title": "HT Dale Services\n      \n         - Environmental Compliance Approval (waste)",
        "comments_from_registry": 0,
        "comments_by_email": 0,
        "comments_by_mail": 0
    },
    "013-4439": {
        "url": "/notice/013-4439",
        "title": "Bluewater Sanitation\n      \n         - Environmental Compliance Approval (waste)",
        "comments_from_registry": 0,
        "comments_by_email": 0,
        "comments_by_mail": 0
    },
    "013-4799": {
        "url": "/notice/013-4799",
        "title": "HT Dale Services\n      \n         - Environmental Compliance Approval (waste)",
        "comments_from_registry": 0,
        "comments_by_email": 0,
        "comments_by_mail": 0
    },
    "013-4802": {
        "url": "/notice/013-4802",
        "title": "HT Dale Services\n      \n         - Environmental Compliance Approval (waste)",
        "comments_from_registry": 0,
        "comments_by_email": 0,
        "comments_by_mail": 0
    },
    "013-4800": {
        "url": "/notice/013-4800",
        "title": "HT Dale Services\n      \n         - Environmental Compliance Approval (waste)",
        "comments_from_registry": 0,
        "comments_by_email": 0,
        "comments_by_mail": 0
    },
    "013-2211": {
        "url": "/notice/013-2211",
        "title": "Justin Leblanc (Justin Septic Incorporated) \n      \n         - Environmental Compliance Approval (waste)",
        "comments_from_registry": 0,
        "comments_by_email": 0,
        "comments_by_mail": 0
    },
    "019-2237": {
        "url": "/notice/019-2237",
        "title": "Sulco Chemicals Limited\n      \n         - Environmental Compliance Approval (sewage)",
        "comments_from_registry": 0,
        "comments_by_email": 0,
        "comments_by_mail": 0
    },
    "019-2488": {
        "url": "/notice/019-2488",
        "title": "Prodigy Gold Incorporated\n      \n         - Mineral exploration permit",
        "comments_from_registry": 0,
        "comments_by_email": 0,
        "comments_by_mail": 0
    }
}