{
    "013-2783": {
        "url": "/notice/013-2783",
        "title": "Emerald Lake Development Corporation\n      \n         - Mineral exploration permit",
        "comments_from_registry": 0,
        "comments_by_email": 0,
        "comments_by_mail": 0
    },
    "013-4064": {
        "url": "/notice/013-4064",
        "title": "Canadian Liquids Processors Limited\n      \n         - Environmental Compliance Approval (waste)",
        "comments_from_registry": 1,
        "comments_by_email": 0,
        "comments_by_mail": 0
    },
    "019-0289": {
        "url": "/notice/019-0289",
        "title": "2024162 Ontario Ltd.\n      \n         - Environmental Compliance Approval (sewage)",
        "comments_from_registry": 0,
        "comments_by_email": 0,
        "comments_by_mail": 0
    },
    "019-0619": {
        "url": "/notice/019-0619",
        "title": "2052865 Ontario Limited\n      \n         - Environmental Compliance Approval (air)",
        "comments_from_registry": 0,
        "comments_by_email": 0,
        "comments_by_mail": 0
    },
    "013-5216": {
        "url": "/notice/013-5216",
        "title": "Goodwill Industries, Ontario Great Lakes\n      \n         - Environmental Compliance Approval (waste)",
        "comments_from_registry": 0,
        "comments_by_email": 0,
        "comments_by_mail": 0
    },
    "019-0772": {
        "url": "/notice/019-0772",
        "title": "Resolute FP Canada Inc. / PF Resolu Canada Inc.\n      \n         - Environmental Compliance Approval (waste)",
        "comments_from_registry": 0,
        "comments_by_email": 0,
        "comments_by_mail": 0
    },
    "013-2836": {
        "url": "/notice/013-2836",
        "title": "Gordon McKinnon (Canadian Orebodies Inc.)\n      \n         - Mineral exploration permit",
        "comments_from_registry": 0,
        "comments_by_email": 0,
        "comments_by_mail": 0
    },
    "013-3582": {
        "url": "/notice/013-3582",
        "title": "Brian Fowler\n      \n         - Mineral exploration permit",
        "comments_from_registry": 0,
        "comments_by_email": 0,
        "comments_by_mail": 0
    },
    "013-1906": {
        "url": "/notice/013-1906",
        "title": "Nick Zeng\n      \n         - Mineral exploration permit",
        "comments_from_registry": 0,
        "comments_by_email": 0,
        "comments_by_mail": 0
    },
    "013-1904": {
        "url": "/notice/013-1904",
        "title": "Nick Zeng\n      \n         - Mineral exploration permit",
        "comments_from_registry": 0,
        "comments_by_email": 0,
        "comments_by_mail": 0
    },
    "013-2234": {
        "url": "/notice/013-2234",
        "title": "Nick Zeng\n      \n         - Mineral exploration permit",
        "comments_from_registry": 0,
        "comments_by_email": 0,
        "comments_by_mail": 0
    },
    "019-0157": {
        "url": "/notice/019-0157",
        "title": "City of Toronto\n      \n         - Certificate of property use",
        "comments_from_registry": 1,
        "comments_by_email": 0,
        "comments_by_mail": 0
    },
    "019-0171": {
        "url": "/notice/019-0171",
        "title": "A proposal to amend various regulations under the Mining Act",
        "comments_from_registry": 0,
        "comments_by_email": 2,
        "comments_by_mail": 0
    },
    "019-0860": {
        "url": "/notice/019-0860",
        "title": "Vaughan West II Limited\n      \n         - Environmental Compliance Approval (sewage)",
        "comments_from_registry": 0,
        "comments_by_email": 0,
        "comments_by_mail": 0
    },
    "019-0947": {
        "url": "/notice/019-0947",
        "title": "Sifton Properties Limited\n      \n         - Environmental Compliance Approval (sewage)",
        "comments_from_registry": 0,
        "comments_by_email": 0,
        "comments_by_mail": 0
    },
    "019-0615": {
        "url": "/notice/019-0615",
        "title": "Elmwood Crematorium (Timmins) Inc.\n      \n         - Environmental Compliance Approval (air)",
        "comments_from_registry": 0,
        "comments_by_email": 0,
        "comments_by_mail": 0
    },
    "013-5258": {
        "url": "/notice/013-5258",
        "title": "Beaver Power Corporation\n      \n         - Environmental Compliance Approval (sewage)",
        "comments_from_registry": 0,
        "comments_by_email": 0,
        "comments_by_mail": 0
    },
    "019-0992": {
        "url": "/notice/019-0992",
        "title": "Central Timmins Exploration Corporation\n      \n         - Mineral exploration permit",
        "comments_from_registry": 0,
        "comments_by_email": 0,
        "comments_by_mail": 0
    },
    "019-0993": {
        "url": "/notice/019-0993",
        "title": "Central Timmins Exploration Corporation\n      \n         - Mineral exploration permit",
        "comments_from_registry": 0,
        "comments_by_email": 0,
        "comments_by_mail": 0
    },
    "019-0369": {
        "url": "/notice/019-0369",
        "title": "Ministry of Transportation of Ontario\n      \n         - Permit for activities to achieve an overall benefit to a species",
        "comments_from_registry": 1,
        "comments_by_email": 1,
        "comments_by_mail": 0
    }
}