{
    "019-8391": {
        "url": "/notice/019-8391",
        "title": "Corpfin Services Ltd. - Gordon Wiebe, Matthew & Shannon Wilson\n      \n         - Approval for a consent (subject to conditions) in an area where there is no official plan in place",
        "comments_from_registry": 0,
        "comments_by_email": 0,
        "comments_by_mail": 0
    },
    "019-8555": {
        "url": "/notice/019-8555",
        "title": "Linamar Corporation\n      \n         - Environmental Compliance Approval (air)",
        "comments_from_registry": 0,
        "comments_by_email": 0,
        "comments_by_mail": 0
    },
    "019-8431": {
        "url": "/notice/019-8431",
        "title": "AAROC Aggregates Ltd.\n      \n         - Changes to the site plan for a pit or quarry",
        "comments_from_registry": 0,
        "comments_by_email": 0,
        "comments_by_mail": 0
    },
    "019-8592": {
        "url": "/notice/019-8592",
        "title": "Honeywell Works Inc.\n      \n         - Changes to the site plan for a pit or quarry",
        "comments_from_registry": 1,
        "comments_by_email": 0,
        "comments_by_mail": 0
    },
    "019-5970": {
        "url": "/notice/019-5970",
        "title": "SUNCOR ENERGY PRODUCTS PARTNERSHIP\n      \n         - Approval for variance from the Liquid Fuels Handling Code",
        "comments_from_registry": 0,
        "comments_by_email": 0,
        "comments_by_mail": 0
    },
    "019-6631": {
        "url": "/notice/019-6631",
        "title": "STELLANTIS N.V.\n      \n         - Approval for variance from the Liquid Fuels Handling Code",
        "comments_from_registry": 0,
        "comments_by_email": 0,
        "comments_by_mail": 0
    },
    "019-7456": {
        "url": "/notice/019-7456",
        "title": "MAC'S CONVENIENCE STORES INC.\n      \n         - Approval for variance from the Liquid Fuels Handling Code",
        "comments_from_registry": 0,
        "comments_by_email": 0,
        "comments_by_mail": 0
    },
    "019-7015": {
        "url": "/notice/019-7015",
        "title": "De Beers Canada Inc.\n      \n         - Environmental Compliance Approval (sewage)",
        "comments_from_registry": 0,
        "comments_by_email": 1,
        "comments_by_mail": 0
    },
    "019-7698": {
        "url": "/notice/019-7698",
        "title": "Sarnia Concrete Products Limited\n      \n         - Environmental Compliance Approval (air)",
        "comments_from_registry": 0,
        "comments_by_email": 0,
        "comments_by_mail": 0
    },
    "019-6584": {
        "url": "/notice/019-6584",
        "title": "VUTEQ CANADA INC\n      \n         - Environmental Compliance Approval (air)",
        "comments_from_registry": 0,
        "comments_by_email": 0,
        "comments_by_mail": 0
    },
    "019-7539": {
        "url": "/notice/019-7539",
        "title": "Pebbles Gravel and Topsoil Inc.\n      \n         - Environmental Compliance Approval (air)",
        "comments_from_registry": 0,
        "comments_by_email": 0,
        "comments_by_mail": 0
    },
    "019-8421": {
        "url": "/notice/019-8421",
        "title": "Juno Corp\n      \n         - Mineral exploration permit",
        "comments_from_registry": 0,
        "comments_by_email": 0,
        "comments_by_mail": 0
    },
    "019-6778": {
        "url": "/notice/019-6778",
        "title": "Heidelberg Materials Canada Limited\n      \n         - Environmental Compliance Approval (air)",
        "comments_from_registry": 0,
        "comments_by_email": 0,
        "comments_by_mail": 0
    },
    "019-8125": {
        "url": "/notice/019-8125",
        "title": "Kinghaven Farms Limited\n      \n         - Environmental Compliance Approval (sewage)",
        "comments_from_registry": 0,
        "comments_by_email": 0,
        "comments_by_mail": 0
    },
    "019-8422": {
        "url": "/notice/019-8422",
        "title": "Juno Corp\n      \n         - Mineral exploration permit",
        "comments_from_registry": 1,
        "comments_by_email": 0,
        "comments_by_mail": 0
    },
    "019-7744": {
        "url": "/notice/019-7744",
        "title": "Toronto Hydro-Electric System Limited\n      \n         - Environmental Compliance Approval (sewage)",
        "comments_from_registry": 0,
        "comments_by_email": 0,
        "comments_by_mail": 0
    },
    "019-7865": {
        "url": "/notice/019-7865",
        "title": "2773798 Ontario Inc.\n      \n         - Environmental Compliance Approval (air)",
        "comments_from_registry": 0,
        "comments_by_email": 0,
        "comments_by_mail": 0
    },
    "019-8156": {
        "url": "/notice/019-8156",
        "title": "GFL Environmental Services Inc.\n      \n         - Environmental Compliance Approval (waste)",
        "comments_from_registry": 0,
        "comments_by_email": 0,
        "comments_by_mail": 0
    },
    "019-7632": {
        "url": "/notice/019-7632",
        "title": "Miller Paving Limited\n      \n         - Environmental Compliance Approval (air)",
        "comments_from_registry": 0,
        "comments_by_email": 0,
        "comments_by_mail": 0
    },
    "019-8210": {
        "url": "/notice/019-8210",
        "title": "Ed Peavoy Septic Service Inc.\n      \n         - Environmental Compliance Approval (waste)",
        "comments_from_registry": 0,
        "comments_by_email": 0,
        "comments_by_mail": 0
    }
}