{
    "019-9198": {
        "url": "/notice/019-9198",
        "title": "Enabling the Use of Pay-on-Demand Surety Bonds to Secure Land-Use Planning Obligations under Section 70.3.1 of the Planning Act.",
        "comments_from_registry": 34,
        "comments_by_email": 5,
        "comments_by_mail": 0
    },
    "019-9266": {
        "url": "/notice/019-9266",
        "title": "Bill 212 - Reducing Gridlock, Saving You Time Act, 2024 - Framework for bike lanes that require removal of a traffic lane.",
        "comments_from_registry": 17814,
        "comments_by_email": 170,
        "comments_by_mail": 4
    },
    "019-9265": {
        "url": "/notice/019-9265",
        "title": "Bill 212 - Reducing Gridlock, Saving You Time Act, 2024 \u2013 Building Highways Faster Act , 2024",
        "comments_from_registry": 1525,
        "comments_by_email": 2,
        "comments_by_mail": 0
    },
    "019-9196": {
        "url": "/notice/019-9196",
        "title": "Enabling greater beneficial reuse of excess soil",
        "comments_from_registry": 66,
        "comments_by_email": 13,
        "comments_by_mail": 0
    },
    "019-8632": {
        "url": "/notice/019-8632",
        "title": "Stelco Inc.\n      \n         - Environmental Compliance Approval (air)",
        "comments_from_registry": 0,
        "comments_by_email": 0,
        "comments_by_mail": 0
    },
    "019-9017": {
        "url": "/notice/019-9017",
        "title": "Colin Spark\n      \n         - Approval for a consent (subject to conditions) in an area where there is no official plan in place",
        "comments_from_registry": 0,
        "comments_by_email": 0,
        "comments_by_mail": 0
    },
    "019-6125": {
        "url": "/notice/019-6125",
        "title": "J.F.T. Developments Ltd. and 2716906 Ontario Inc\n      \n         - Approval for a consent (subject to conditions) in an area where there is no official plan in place",
        "comments_from_registry": 0,
        "comments_by_email": 0,
        "comments_by_mail": 0
    },
    "019-6121": {
        "url": "/notice/019-6121",
        "title": "J.F.T. Developments Ltd. and 2716906 Ontario Inc\n      \n         - Approval for a consent (subject to conditions) in an area where there is no official plan in place",
        "comments_from_registry": 0,
        "comments_by_email": 0,
        "comments_by_mail": 0
    },
    "019-8882": {
        "url": "/notice/019-8882",
        "title": "Gary & Julia Crewdson\n      \n         - Approval for a consent (subject to conditions) in an area where there is no official plan in place",
        "comments_from_registry": 1,
        "comments_by_email": 0,
        "comments_by_mail": 0
    },
    "019-8881": {
        "url": "/notice/019-8881",
        "title": "Gary & Julia Crewdson\n      \n         - Approval for a consent (subject to conditions) in an area where there is no official plan in place",
        "comments_from_registry": 6,
        "comments_by_email": 0,
        "comments_by_mail": 0
    },
    "019-9007": {
        "url": "/notice/019-9007",
        "title": "Supporting Critical Transmission Infrastructure in Northeastern Ontario",
        "comments_from_registry": 8,
        "comments_by_email": 3,
        "comments_by_mail": 0
    },
    "019-9301": {
        "url": "/notice/019-9301",
        "title": "Alamos Gold Inc.\n      \n         - Permit to take water",
        "comments_from_registry": 0,
        "comments_by_email": 0,
        "comments_by_mail": 0
    },
    "019-8735": {
        "url": "/notice/019-8735",
        "title": "LAFARGE CANADA INC.\n      \n         - Permit to take water",
        "comments_from_registry": 0,
        "comments_by_email": 0,
        "comments_by_mail": 0
    },
    "019-7195": {
        "url": "/notice/019-7195",
        "title": "Regional Municipality of Durham\n      \n         - Approval of a municipality\u2019s official plan",
        "comments_from_registry": 52,
        "comments_by_email": 15,
        "comments_by_mail": 1
    },
    "019-8951": {
        "url": "/notice/019-8951",
        "title": "BEN NEVIS RESOURCES INC\n      \n         - Mineral exploration permit",
        "comments_from_registry": 0,
        "comments_by_email": 0,
        "comments_by_mail": 0
    },
    "019-5720": {
        "url": "/notice/019-5720",
        "title": "Cataraqui Lot 430 GP Inc.\n      \n         - Environmental Compliance Approval (sewage)",
        "comments_from_registry": 0,
        "comments_by_email": 0,
        "comments_by_mail": 0
    },
    "019-9194": {
        "url": "/notice/019-9194",
        "title": "2384575 Ontario Inc.\n      \n         - Environmental Compliance Approval (waste)",
        "comments_from_registry": 0,
        "comments_by_email": 0,
        "comments_by_mail": 0
    },
    "019-9170": {
        "url": "/notice/019-9170",
        "title": "Larry Stewart Alexander and David Harold Scott Alexander\n      \n         - Environmental Compliance Approval (waste)",
        "comments_from_registry": 0,
        "comments_by_email": 0,
        "comments_by_mail": 0
    },
    "019-7569": {
        "url": "/notice/019-7569",
        "title": "Hiram Walker & Sons Limited\n      \n         - Environmental Compliance Approval (sewage)",
        "comments_from_registry": 0,
        "comments_by_email": 0,
        "comments_by_mail": 0
    },
    "019-8443": {
        "url": "/notice/019-8443",
        "title": "Sunrock Industries Canada ULC\n      \n         - Environmental Compliance Approval (air)",
        "comments_from_registry": 0,
        "comments_by_email": 0,
        "comments_by_mail": 0
    }
}