{
    "019-5209": {
        "url": "/notice/019-5209",
        "title": "2722746 Ontario Inc.\n      \n         - Environmental Compliance Approval (sewage)",
        "comments_from_registry": 0,
        "comments_by_email": 0,
        "comments_by_mail": 0
    },
    "019-5771": {
        "url": "/notice/019-5771",
        "title": "1212763 Ontario Limited\n      \n         - Permit to take water",
        "comments_from_registry": 0,
        "comments_by_email": 0,
        "comments_by_mail": 0
    },
    "019-3924": {
        "url": "/notice/019-3924",
        "title": "Refac Industrial Contractors Inc.\n      \n         - Environmental Compliance Approval (air)",
        "comments_from_registry": 0,
        "comments_by_email": 0,
        "comments_by_mail": 0
    },
    "019-5343": {
        "url": "/notice/019-5343",
        "title": "UCANCO General Partners Inc., the general partner for Canure Limited Partnership\n      \n         - Certificate of property use",
        "comments_from_registry": 0,
        "comments_by_email": 0,
        "comments_by_mail": 0
    },
    "019-4009": {
        "url": "/notice/019-4009",
        "title": "Draft amendments to Ontario Regulation 161/99 (Definitions and Exemptions) under the Ontario Energy Board Act, 1998 to exempt certain electricity transmission projects from Section 92 (Leave to Construct) approval",
        "comments_from_registry": 2,
        "comments_by_email": 0,
        "comments_by_mail": 0
    },
    "019-5877": {
        "url": "/notice/019-5877",
        "title": "Eric Taylor and Sylvia Taylor\n      \n         - Approval for a consent (subject to conditions) in an area where there is no official plan in place",
        "comments_from_registry": 0,
        "comments_by_email": 0,
        "comments_by_mail": 0
    },
    "019-5509": {
        "url": "/notice/019-5509",
        "title": "C. D. R. Young's Aggregates Inc. \n      \n         - Permit to take water",
        "comments_from_registry": 0,
        "comments_by_email": 0,
        "comments_by_mail": 0
    },
    "019-5470": {
        "url": "/notice/019-5470",
        "title": "Frontier Lithium Inc.\n      \n         - Mineral exploration permit",
        "comments_from_registry": 0,
        "comments_by_email": 0,
        "comments_by_mail": 0
    },
    "019-4686": {
        "url": "/notice/019-4686",
        "title": "Frontier Lithium Inc.\n      \n         - Mineral exploration permit",
        "comments_from_registry": 0,
        "comments_by_email": 0,
        "comments_by_mail": 0
    },
    "019-4147": {
        "url": "/notice/019-4147",
        "title": "Zochem ULC\n      \n         - Environmental Compliance Approval (air)",
        "comments_from_registry": 0,
        "comments_by_email": 0,
        "comments_by_mail": 0
    },
    "019-4695": {
        "url": "/notice/019-4695",
        "title": "2004295 Ontario Inc.\n      \n         - Environmental Compliance Approval (sewage)",
        "comments_from_registry": 0,
        "comments_by_email": 0,
        "comments_by_mail": 0
    },
    "019-5835": {
        "url": "/notice/019-5835",
        "title": "Inter-Recycling Systems Inc.\n      \n         - Permit to take water",
        "comments_from_registry": 0,
        "comments_by_email": 0,
        "comments_by_mail": 0
    },
    "019-4595": {
        "url": "/notice/019-4595",
        "title": "Storpro Barrie Limited, as general partner for and on behalf of Storpro Barrie Limited Partnership \n      \n         - Environmental Compliance Approval (sewage)",
        "comments_from_registry": 0,
        "comments_by_email": 0,
        "comments_by_mail": 0
    },
    "019-4052": {
        "url": "/notice/019-4052",
        "title": "Marwood International Inc.\n      \n         - Environmental Compliance Approval (air)",
        "comments_from_registry": 0,
        "comments_by_email": 0,
        "comments_by_mail": 0
    },
    "019-5617": {
        "url": "/notice/019-5617",
        "title": "Lafarge Canada Inc.\n      \n         - Permit to take water",
        "comments_from_registry": 0,
        "comments_by_email": 0,
        "comments_by_mail": 0
    },
    "019-4968": {
        "url": "/notice/019-4968",
        "title": "City of Ottawa\n      \n         - Approval of a municipality\u2019s official plan",
        "comments_from_registry": 27,
        "comments_by_email": 3,
        "comments_by_mail": 0
    },
    "019-5717": {
        "url": "/notice/019-5717",
        "title": "The Regional Municipality of Niagara \n      \n         - Approval of a municipality\u2019s official plan",
        "comments_from_registry": 38,
        "comments_by_email": 8,
        "comments_by_mail": 0
    },
    "019-5684": {
        "url": "/notice/019-5684",
        "title": "Regional Municipality of Halton\n      \n         - Approval to amend a municipality\u2019s official plan",
        "comments_from_registry": 58,
        "comments_by_email": 5,
        "comments_by_mail": 0
    },
    "019-5865": {
        "url": "/notice/019-5865",
        "title": "Regional Municipality of York\n      \n         - Approval of a municipality\u2019s official plan",
        "comments_from_registry": 34,
        "comments_by_email": 22,
        "comments_by_mail": 1
    },
    "019-5535": {
        "url": "/notice/019-5535",
        "title": "Regional Municipality of Peel\n      \n         - Approval of a municipality\u2019s official plan",
        "comments_from_registry": 29,
        "comments_by_email": 7,
        "comments_by_mail": 0
    }
}