{
    "019-8305": {
        "url": "/notice/019-8305",
        "title": "Richard Angove\n      \n         - Mineral exploration permit",
        "comments_from_registry": 0,
        "comments_by_email": 0,
        "comments_by_mail": 0
    },
    "011-4280": {
        "url": "/notice/011-4280",
        "title": "Alexander Centre Industries Limited\n      \n         - Changes to the conditions of a licence to operate a pit or quarry",
        "comments_from_registry": 0,
        "comments_by_email": 0,
        "comments_by_mail": 0
    },
    "019-8269": {
        "url": "/notice/019-8269",
        "title": "RANDALL SALO\n      \n         - Mineral exploration permit",
        "comments_from_registry": 0,
        "comments_by_email": 0,
        "comments_by_mail": 0
    },
    "019-7280": {
        "url": "/notice/019-7280",
        "title": "Signature Aluminum Canada Inc.\n      \n         - Environmental Compliance Approval (air)",
        "comments_from_registry": 0,
        "comments_by_email": 0,
        "comments_by_mail": 0
    },
    "019-7505": {
        "url": "/notice/019-7505",
        "title": "Intermarket CAM Phase 2 Ltd.\n      \n         - Environmental Compliance Approval (sewage)",
        "comments_from_registry": 0,
        "comments_by_email": 0,
        "comments_by_mail": 0
    },
    "019-7006": {
        "url": "/notice/019-7006",
        "title": "Kawartha Polymers Inc.\n      \n         - Environmental Compliance Approval (air)",
        "comments_from_registry": 0,
        "comments_by_email": 0,
        "comments_by_mail": 0
    },
    "019-8045": {
        "url": "/notice/019-8045",
        "title": "Zamparo Industries Incorporated\n      \n         - Permit to take water",
        "comments_from_registry": 0,
        "comments_by_email": 0,
        "comments_by_mail": 0
    },
    "019-8121": {
        "url": "/notice/019-8121",
        "title": "Ontario Power Generation Inc. \n      \n         - Permit to take water",
        "comments_from_registry": 0,
        "comments_by_email": 0,
        "comments_by_mail": 0
    },
    "019-7931": {
        "url": "/notice/019-7931",
        "title": "G. Tackaberry & Sons Construction Company Limited\n      \n         - Permit to take water",
        "comments_from_registry": 0,
        "comments_by_email": 0,
        "comments_by_mail": 0
    },
    "019-8036": {
        "url": "/notice/019-8036",
        "title": "Orchard View Golf Course Inc.\n      \n         - Permit to take water",
        "comments_from_registry": 0,
        "comments_by_email": 0,
        "comments_by_mail": 0
    },
    "019-8255": {
        "url": "/notice/019-8255",
        "title": "Western Kidd Resources Inc\n      \n         - Mineral exploration permit",
        "comments_from_registry": 1,
        "comments_by_email": 0,
        "comments_by_mail": 0
    },
    "019-7478": {
        "url": "/notice/019-7478",
        "title": "1789633 Ontario Limited\n      \n         - Permit to take water",
        "comments_from_registry": 0,
        "comments_by_email": 0,
        "comments_by_mail": 0
    },
    "019-8140": {
        "url": "/notice/019-8140",
        "title": "Toronto Research Chemicals Inc.\n      \n         - Environmental Compliance Approval (air)",
        "comments_from_registry": 0,
        "comments_by_email": 0,
        "comments_by_mail": 0
    },
    "019-7380": {
        "url": "/notice/019-7380",
        "title": "ENBRIDGE GAS INC\n      \n         - Permit to take water",
        "comments_from_registry": 0,
        "comments_by_email": 0,
        "comments_by_mail": 0
    },
    "019-7235": {
        "url": "/notice/019-7235",
        "title": "Stone Tree Golf and Fitness Inc.\n      \n         - Permit to take water",
        "comments_from_registry": 0,
        "comments_by_email": 0,
        "comments_by_mail": 0
    },
    "019-7887": {
        "url": "/notice/019-7887",
        "title": "Compass Minerals Canada Corp.\n      \n         - Unpatented mining claim, Licence of Occupation, lease or patent of mining lands or mining rights",
        "comments_from_registry": 0,
        "comments_by_email": 0,
        "comments_by_mail": 0
    },
    "019-7329": {
        "url": "/notice/019-7329",
        "title": "2113185 Ontario Limited\n      \n         - Permit to take water",
        "comments_from_registry": 0,
        "comments_by_email": 0,
        "comments_by_mail": 0
    },
    "019-7372": {
        "url": "/notice/019-7372",
        "title": "Ashcroft & Associates Natural Stone Ltd.\n      \n         - Permit to take water",
        "comments_from_registry": 0,
        "comments_by_email": 0,
        "comments_by_mail": 0
    },
    "019-7402": {
        "url": "/notice/019-7402",
        "title": "Cornwall Gravel Company Limited\n      \n         - Permit to take water",
        "comments_from_registry": 0,
        "comments_by_email": 0,
        "comments_by_mail": 0
    },
    "019-7583": {
        "url": "/notice/019-7583",
        "title": "The Osler Bluff Ski Club Limited\n      \n         - Permit to take water",
        "comments_from_registry": 0,
        "comments_by_email": 0,
        "comments_by_mail": 0
    }
}