{
    "013-3236": {
        "url": "/notice/013-3236",
        "title": "Associated Paving & Materials Ltd.\n      \n         - Environmental Compliance Approval (air)",
        "comments_from_registry": 0,
        "comments_by_email": 0,
        "comments_by_mail": 0
    },
    "010-6875": {
        "url": "/notice/010-6875",
        "title": "Giofam Investments Inc.\n      \n         - Issuance of a licence to remove over 20,000 tonnes of aggregate annually from a pit or a quarry",
        "comments_from_registry": 157,
        "comments_by_email": 124,
        "comments_by_mail": 0
    },
    "019-0437": {
        "url": "/notice/019-0437",
        "title": "Canada Clean Fuels Inc.\n      \n         - Approval for variance from the Liquid Fuels Handling Code",
        "comments_from_registry": 0,
        "comments_by_email": 0,
        "comments_by_mail": 0
    },
    "019-0373": {
        "url": "/notice/019-0373",
        "title": "Larry Gervais\n      \n         - Mineral exploration permit",
        "comments_from_registry": 0,
        "comments_by_email": 0,
        "comments_by_mail": 0
    },
    "019-0371": {
        "url": "/notice/019-0371",
        "title": "Gatling Exploration Inc.\n      \n         - Mineral exploration permit",
        "comments_from_registry": 0,
        "comments_by_email": 0,
        "comments_by_mail": 0
    },
    "019-0339": {
        "url": "/notice/019-0339",
        "title": "Justin Royston Storrs and Carolyn Mary Storrs\n      \n         - Environmental Compliance Approval (sewage)",
        "comments_from_registry": 0,
        "comments_by_email": 0,
        "comments_by_mail": 0
    },
    "013-4209": {
        "url": "/notice/013-4209",
        "title": "St. Marys Cement Inc. (Canada)\n      \n         - Environmental Compliance Approval (air)",
        "comments_from_registry": 1,
        "comments_by_email": 0,
        "comments_by_mail": 0
    },
    "013-4462": {
        "url": "/notice/013-4462",
        "title": "Walker Aggregates Inc.\n      \n         - Permit to take water",
        "comments_from_registry": 0,
        "comments_by_email": 0,
        "comments_by_mail": 0
    },
    "019-0345": {
        "url": "/notice/019-0345",
        "title": "Tri Origin Exploration Ltd\n      \n         - Mineral exploration permit",
        "comments_from_registry": 0,
        "comments_by_email": 0,
        "comments_by_mail": 0
    },
    "019-0344": {
        "url": "/notice/019-0344",
        "title": "Tri Origin Exploration Ltd\n      \n         - Mineral exploration permit",
        "comments_from_registry": 0,
        "comments_by_email": 0,
        "comments_by_mail": 0
    },
    "013-3860": {
        "url": "/notice/013-3860",
        "title": "IKO Industries Ltd.\n      \n         - Environmental Compliance Approval (air)",
        "comments_from_registry": 0,
        "comments_by_email": 0,
        "comments_by_mail": 0
    },
    "013-4838": {
        "url": "/notice/013-4838",
        "title": "Invecta Development (Ottawa) Corporation\n      \n         - Environmental Compliance Approval (sewage)",
        "comments_from_registry": 0,
        "comments_by_email": 0,
        "comments_by_mail": 0
    },
    "013-3189": {
        "url": "/notice/013-3189",
        "title": "Ralston Metal Products Limited\n      \n         - Environmental Compliance Approval (air)",
        "comments_from_registry": 0,
        "comments_by_email": 0,
        "comments_by_mail": 0
    },
    "013-4028": {
        "url": "/notice/013-4028",
        "title": "Samuel, Son & Co., Limited\n      \n         - Environmental Compliance Approval (air)",
        "comments_from_registry": 0,
        "comments_by_email": 0,
        "comments_by_mail": 0
    },
    "019-0203": {
        "url": "/notice/019-0203",
        "title": "77 & 79 EDR Inc.\n      \n         - Certificate of property use",
        "comments_from_registry": 0,
        "comments_by_email": 0,
        "comments_by_mail": 0
    },
    "013-3886": {
        "url": "/notice/013-3886",
        "title": "Excell Stamping Inc.\n      \n         - Environmental Compliance Approval (air)",
        "comments_from_registry": 0,
        "comments_by_email": 0,
        "comments_by_mail": 0
    },
    "013-4010": {
        "url": "/notice/013-4010",
        "title": "Port Welding Ltd. \n      \n         - Environmental Compliance Approval (air)",
        "comments_from_registry": 0,
        "comments_by_email": 0,
        "comments_by_mail": 0
    },
    "013-0051": {
        "url": "/notice/013-0051",
        "title": "Tackaberry Sand and Stone\n      \n         - Issuance of a licence to remove over 20,000 tonnes of aggregate annually from a pit or a quarry",
        "comments_from_registry": 0,
        "comments_by_email": 4,
        "comments_by_mail": 0
    },
    "013-0052": {
        "url": "/notice/013-0052",
        "title": "Tackaberry Sand and Stone\n      \n         - Issuance of a licence to remove over 20,000 tonnes of aggregate annually from a pit or a quarry",
        "comments_from_registry": 0,
        "comments_by_email": 5,
        "comments_by_mail": 0
    },
    "013-4390": {
        "url": "/notice/013-4390",
        "title": "Parkbridge Lifestyle Communities Inc.\n      \n         - Environmental Compliance Approval (sewage)",
        "comments_from_registry": 0,
        "comments_by_email": 0,
        "comments_by_mail": 0
    }
}