{
    "010-9242": {
        "url": "/notice/010-9242",
        "title": "Kagiano Power Corporation\n      \n         - Permit to take water",
        "comments_from_registry": 0,
        "comments_by_email": 0,
        "comments_by_mail": 0
    },
    "012-4989": {
        "url": "/notice/012-4989",
        "title": "Great Lakes Power Limited\n      \n         - Permit to take water",
        "comments_from_registry": 0,
        "comments_by_email": 0,
        "comments_by_mail": 0
    },
    "019-1080": {
        "url": "/notice/019-1080",
        "title": "Proposed changes to environmental approvals for municipal sewage collection works",
        "comments_from_registry": 41,
        "comments_by_email": 45,
        "comments_by_mail": 0
    },
    "019-3049": {
        "url": "/notice/019-3049",
        "title": "Cable Bridge Enterprises Limited\n      \n         - Permit to take water",
        "comments_from_registry": 0,
        "comments_by_email": 0,
        "comments_by_mail": 0
    },
    "019-0361": {
        "url": "/notice/019-0361",
        "title": "2400050 Ontario Inc.\n      \n         - Permit to take water",
        "comments_from_registry": 0,
        "comments_by_email": 0,
        "comments_by_mail": 0
    },
    "019-2160": {
        "url": "/notice/019-2160",
        "title": "Concord Widmer Ltd.\n      \n         - Permit to take water",
        "comments_from_registry": 0,
        "comments_by_email": 0,
        "comments_by_mail": 0
    },
    "019-0540": {
        "url": "/notice/019-0540",
        "title": "BEMP Holdings 2 Inc.\n      \n         - Permit to take water",
        "comments_from_registry": 0,
        "comments_by_email": 0,
        "comments_by_mail": 0
    },
    "019-1399": {
        "url": "/notice/019-1399",
        "title": "Ingredion Canada Corporation\n      \n         - Environmental Compliance Approval (air)",
        "comments_from_registry": 0,
        "comments_by_email": 0,
        "comments_by_mail": 0
    },
    "019-0475": {
        "url": "/notice/019-0475",
        "title": "Earlglen Investments Inc.\n      \n         - Permit to take water",
        "comments_from_registry": 0,
        "comments_by_email": 0,
        "comments_by_mail": 0
    },
    "019-2984": {
        "url": "/notice/019-2984",
        "title": "HMG Holdings Ltd.\n      \n         - Environmental Compliance Approval (sewage)",
        "comments_from_registry": 0,
        "comments_by_email": 0,
        "comments_by_mail": 0
    },
    "019-2827": {
        "url": "/notice/019-2827",
        "title": "1652152 Ontario Inc.\n      \n         - Permit to take water",
        "comments_from_registry": 0,
        "comments_by_email": 1,
        "comments_by_mail": 0
    },
    "019-2130": {
        "url": "/notice/019-2130",
        "title": "Covia Canada Ltd./Covia Canada Lt\u00e9e\n      \n         - Environmental Compliance Approval (waste)",
        "comments_from_registry": 0,
        "comments_by_email": 0,
        "comments_by_mail": 0
    },
    "019-2553": {
        "url": "/notice/019-2553",
        "title": "Lamoureux Pumping Inc.\n      \n         - Environmental Compliance Approval (waste)",
        "comments_from_registry": 0,
        "comments_by_email": 0,
        "comments_by_mail": 0
    },
    "019-2825": {
        "url": "/notice/019-2825",
        "title": "Saugeen Golf Club\n      \n         - Permit to take water",
        "comments_from_registry": 0,
        "comments_by_email": 0,
        "comments_by_mail": 0
    },
    "019-3079": {
        "url": "/notice/019-3079",
        "title": "Covia Canada Ltd./ Covia Canada Ltee\n      \n         - Permit to take water",
        "comments_from_registry": 0,
        "comments_by_email": 0,
        "comments_by_mail": 0
    },
    "019-1432": {
        "url": "/notice/019-1432",
        "title": "1447128 Ontario Limited o/a Shamrock Septic Service\n      \n         - Environmental Compliance Approval (waste)",
        "comments_from_registry": 0,
        "comments_by_email": 0,
        "comments_by_mail": 0
    },
    "019-1954": {
        "url": "/notice/019-1954",
        "title": "Noranco Inc.\n      \n         - Environmental Compliance Approval (air)",
        "comments_from_registry": 0,
        "comments_by_email": 0,
        "comments_by_mail": 0
    },
    "019-2821": {
        "url": "/notice/019-2821",
        "title": "1384341 Ontario Ltd.\n      \n         - Permit to take water",
        "comments_from_registry": 0,
        "comments_by_email": 0,
        "comments_by_mail": 0
    },
    "019-2932": {
        "url": "/notice/019-2932",
        "title": "Ceva Animal Health Inc.\n      \n         - Environmental Compliance Approval (sewage)",
        "comments_from_registry": 0,
        "comments_by_email": 0,
        "comments_by_mail": 0
    },
    "019-2883": {
        "url": "/notice/019-2883",
        "title": "Ribcor Holdings Inc.\n      \n         - Environmental Compliance Approval (sewage)",
        "comments_from_registry": 0,
        "comments_by_email": 0,
        "comments_by_mail": 0
    }
}