{
    "019-4633": {
        "url": "/notice/019-4633",
        "title": "FNX Mining Company Inc.\n      \n         - Permit to take water",
        "comments_from_registry": 0,
        "comments_by_email": 0,
        "comments_by_mail": 0
    },
    "019-5972": {
        "url": "/notice/019-5972",
        "title": "Silver Lake Ontario Incorporated\n      \n         - Mineral exploration permit",
        "comments_from_registry": 0,
        "comments_by_email": 0,
        "comments_by_mail": 0
    },
    "019-5664": {
        "url": "/notice/019-5664",
        "title": "Gurjinder Singh Brar\n      \n         - Environmental Compliance Approval (sewage)",
        "comments_from_registry": 0,
        "comments_by_email": 0,
        "comments_by_mail": 0
    },
    "019-5743": {
        "url": "/notice/019-5743",
        "title": "BMR Title Corp.\n      \n         - Permit to take water",
        "comments_from_registry": 0,
        "comments_by_email": 0,
        "comments_by_mail": 0
    },
    "019-5736": {
        "url": "/notice/019-5736",
        "title": "R. W. Tomlinson Limited\n      \n         - Permit to take water",
        "comments_from_registry": 0,
        "comments_by_email": 0,
        "comments_by_mail": 0
    },
    "019-4639": {
        "url": "/notice/019-4639",
        "title": "Brookdale Treeland Nurseries Limited\n      \n         - Environmental Compliance Approval (sewage)",
        "comments_from_registry": 0,
        "comments_by_email": 0,
        "comments_by_mail": 0
    },
    "019-4531": {
        "url": "/notice/019-4531",
        "title": "Campers Cove Limited\n      \n         - Environmental Compliance Approval (sewage)",
        "comments_from_registry": 0,
        "comments_by_email": 0,
        "comments_by_mail": 0
    },
    "019-3147": {
        "url": "/notice/019-3147",
        "title": "Maple Lodge Farms Ltd.\n      \n         - Environmental Compliance Approval (air)",
        "comments_from_registry": 0,
        "comments_by_email": 0,
        "comments_by_mail": 0
    },
    "019-5819": {
        "url": "/notice/019-5819",
        "title": "StormFisher Environmental Ltd.\n      \n         - Environmental Compliance Approval (waste)",
        "comments_from_registry": 0,
        "comments_by_email": 0,
        "comments_by_mail": 0
    },
    "013-4992": {
        "url": "/notice/013-4992",
        "title": "Focusing conservation authority development permits on the protection of people and property",
        "comments_from_registry": 133,
        "comments_by_email": 99,
        "comments_by_mail": 17
    },
    "019-5285": {
        "url": "/notice/019-5285",
        "title": "Community Infrastructure and Housing Accelerator \u2013 Proposed Guideline",
        "comments_from_registry": 25,
        "comments_by_email": 15,
        "comments_by_mail": 0
    },
    "019-5941": {
        "url": "/notice/019-5941",
        "title": "Oakhurst Capital Corporation\n      \n         - Mineral exploration permit",
        "comments_from_registry": 0,
        "comments_by_email": 0,
        "comments_by_mail": 0
    },
    "019-5942": {
        "url": "/notice/019-5942",
        "title": "Oakhurst Capital Corporation\n      \n         - Mineral exploration permit",
        "comments_from_registry": 0,
        "comments_by_email": 0,
        "comments_by_mail": 0
    },
    "019-5940": {
        "url": "/notice/019-5940",
        "title": "Oakhurst Capital Corporation\n      \n         - Mineral exploration permit",
        "comments_from_registry": 0,
        "comments_by_email": 0,
        "comments_by_mail": 0
    },
    "019-5548": {
        "url": "/notice/019-5548",
        "title": "Ladies' Golf Club of Toronto Limited\n      \n         - Permit to take water",
        "comments_from_registry": 0,
        "comments_by_email": 0,
        "comments_by_mail": 0
    },
    "019-5804": {
        "url": "/notice/019-5804",
        "title": "Insitu Contractors Inc.\n      \n         - Permit to take water",
        "comments_from_registry": 0,
        "comments_by_email": 0,
        "comments_by_mail": 0
    },
    "019-5768": {
        "url": "/notice/019-5768",
        "title": "AV Terrace Bay Inc.\n      \n         - Permit to take water",
        "comments_from_registry": 0,
        "comments_by_email": 0,
        "comments_by_mail": 0
    },
    "019-5741": {
        "url": "/notice/019-5741",
        "title": "R. W. Tomlinson Limited\n      \n         - Permit to take water",
        "comments_from_registry": 0,
        "comments_by_email": 0,
        "comments_by_mail": 0
    },
    "019-5719": {
        "url": "/notice/019-5719",
        "title": "Wawa OSB Inc.\n      \n         - Permit to take water",
        "comments_from_registry": 0,
        "comments_by_email": 0,
        "comments_by_mail": 0
    },
    "019-5737": {
        "url": "/notice/019-5737",
        "title": "PPG Architectural Coatings Canada, Inc.\n      \n         - Permit to take water",
        "comments_from_registry": 0,
        "comments_by_email": 1,
        "comments_by_mail": 0
    }
}