{
    "019-6204": {
        "url": "/notice/019-6204",
        "title": "GFL Environmental Inc.\n      \n         - Environmental Compliance Approval (waste)",
        "comments_from_registry": 1,
        "comments_by_email": 0,
        "comments_by_mail": 0
    },
    "019-3062": {
        "url": "/notice/019-3062",
        "title": "Drain-All Ltd.\n      \n         - Environmental Compliance Approval (waste)",
        "comments_from_registry": 0,
        "comments_by_email": 0,
        "comments_by_mail": 0
    },
    "019-7567": {
        "url": "/notice/019-7567",
        "title": "Draglam Waste & Recycling Inc.\n      \n         - Environmental Compliance Approval (waste)",
        "comments_from_registry": 1,
        "comments_by_email": 1,
        "comments_by_mail": 0
    },
    "019-6627": {
        "url": "/notice/019-6627",
        "title": "Waste Connections of Canada Inc.\n      \n         - Environmental Compliance Approval (waste)",
        "comments_from_registry": 0,
        "comments_by_email": 0,
        "comments_by_mail": 0
    },
    "019-8374": {
        "url": "/notice/019-8374",
        "title": "Spod Lithium Corp.\n      \n         - Mineral exploration permit",
        "comments_from_registry": 0,
        "comments_by_email": 0,
        "comments_by_mail": 0
    },
    "019-7650": {
        "url": "/notice/019-7650",
        "title": "Spod Lithium Corp. \n      \n         - Mineral exploration permit",
        "comments_from_registry": 0,
        "comments_by_email": 0,
        "comments_by_mail": 0
    },
    "019-7265": {
        "url": "/notice/019-7265",
        "title": "Preston Sand & Gravel Company Limited\n      \n         - Permit to take water",
        "comments_from_registry": 0,
        "comments_by_email": 0,
        "comments_by_mail": 0
    },
    "019-7175": {
        "url": "/notice/019-7175",
        "title": "The Trustees, for the benefit of The London Assembly Hall Of Jehovah's Witnesses, London, Ontario\n      \n         - Permit to take water",
        "comments_from_registry": 0,
        "comments_by_email": 0,
        "comments_by_mail": 0
    },
    "019-8060": {
        "url": "/notice/019-8060",
        "title": "Patriot Lithium (Canada) Inc. (10006754)\n      \n         - Mineral exploration permit",
        "comments_from_registry": 57,
        "comments_by_email": 0,
        "comments_by_mail": 0
    },
    "019-6843": {
        "url": "/notice/019-6843",
        "title": "2823975 Ontario Limited\n      \n         - Environmental Compliance Approval (sewage)",
        "comments_from_registry": 0,
        "comments_by_email": 0,
        "comments_by_mail": 0
    },
    "019-8178": {
        "url": "/notice/019-8178",
        "title": "Perry Wuest\n      \n         - Mineral exploration permit",
        "comments_from_registry": 0,
        "comments_by_email": 0,
        "comments_by_mail": 0
    },
    "019-7914": {
        "url": "/notice/019-7914",
        "title": "Cable Bridge Enterprises Limited\n      \n         - Permit to take water",
        "comments_from_registry": 0,
        "comments_by_email": 0,
        "comments_by_mail": 0
    },
    "019-7584": {
        "url": "/notice/019-7584",
        "title": "The Grenadier Island Country Club\n      \n         - Permit to take water",
        "comments_from_registry": 0,
        "comments_by_email": 0,
        "comments_by_mail": 0
    },
    "019-7881": {
        "url": "/notice/019-7881",
        "title": "2811447 ONTARIO INC\n      \n         - Permit to take water",
        "comments_from_registry": 0,
        "comments_by_email": 0,
        "comments_by_mail": 0
    },
    "019-7010": {
        "url": "/notice/019-7010",
        "title": "Lafarge Canada Inc.\n      \n         - Environmental Compliance Approval (air)",
        "comments_from_registry": 0,
        "comments_by_email": 0,
        "comments_by_mail": 0
    },
    "019-7198": {
        "url": "/notice/019-7198",
        "title": "The Corporation of the City of Brantford\n      \n         - Approval to amend a municipality\u2019s official plan",
        "comments_from_registry": 0,
        "comments_by_email": 0,
        "comments_by_mail": 1
    },
    "019-6671": {
        "url": "/notice/019-6671",
        "title": "AirBoss of America Corp.\n      \n         - Environmental Compliance Approval (air)",
        "comments_from_registry": 0,
        "comments_by_email": 0,
        "comments_by_mail": 0
    },
    "019-5184": {
        "url": "/notice/019-5184",
        "title": "2399296 Ontario Inc.\n      \n         - Environmental Compliance Approval (air)",
        "comments_from_registry": 0,
        "comments_by_email": 0,
        "comments_by_mail": 0
    },
    "019-8174": {
        "url": "/notice/019-8174",
        "title": "CAPREIT Apartments Inc.\n      \n         - Environmental Compliance Approval (sewage)",
        "comments_from_registry": 0,
        "comments_by_email": 0,
        "comments_by_mail": 0
    },
    "019-8150": {
        "url": "/notice/019-8150",
        "title": "Steven Rodgers\n      \n         - Approval for a consent (subject to conditions) in an area where there is no official plan in place",
        "comments_from_registry": 0,
        "comments_by_email": 0,
        "comments_by_mail": 0
    }
}