{
    "019-7333": {
        "url": "/notice/019-7333",
        "title": "Janet and Robin Lane\n      \n         - Approval for a consent (subject to conditions) in an area where there is no official plan in place",
        "comments_from_registry": 0,
        "comments_by_email": 0,
        "comments_by_mail": 0
    },
    "019-6037": {
        "url": "/notice/019-6037",
        "title": "CRH Canada Group Inc.\n      \n         - Permit to take water",
        "comments_from_registry": 0,
        "comments_by_email": 0,
        "comments_by_mail": 0
    },
    "019-7370": {
        "url": "/notice/019-7370",
        "title": "Stelco Inc.\n      \n         - Environmental Compliance Approval (air)",
        "comments_from_registry": 0,
        "comments_by_email": 1,
        "comments_by_mail": 0
    },
    "019-6226": {
        "url": "/notice/019-6226",
        "title": "Try Recycling Inc.\n      \n         - Environmental Compliance Approval (air)",
        "comments_from_registry": 0,
        "comments_by_email": 0,
        "comments_by_mail": 0
    },
    "019-7191": {
        "url": "/notice/019-7191",
        "title": "975009 Ontario Limited operating as The Willow's Golf & Country Club\n      \n         - Permit to take water",
        "comments_from_registry": 0,
        "comments_by_email": 0,
        "comments_by_mail": 0
    },
    "019-6209": {
        "url": "/notice/019-6209",
        "title": "The Recycling Depot GP Inc. as general partner for and on behalf of The Recycling Depot LP\n      \n         - Environmental Compliance Approval (waste)",
        "comments_from_registry": 0,
        "comments_by_email": 0,
        "comments_by_mail": 5
    },
    "019-7173": {
        "url": "/notice/019-7173",
        "title": "KINECTRICS ENTERPRISES INC.\n      \n         - Permit to take water",
        "comments_from_registry": 0,
        "comments_by_email": 0,
        "comments_by_mail": 0
    },
    "019-6313": {
        "url": "/notice/019-6313",
        "title": "CRH Canada Group Inc.\n      \n         - Environmental Compliance Approval (air)",
        "comments_from_registry": 0,
        "comments_by_email": 0,
        "comments_by_mail": 0
    },
    "019-7495": {
        "url": "/notice/019-7495",
        "title": "RT Minerals Corporation\n      \n         - Mineral exploration permit",
        "comments_from_registry": 0,
        "comments_by_email": 0,
        "comments_by_mail": 0
    },
    "019-7488": {
        "url": "/notice/019-7488",
        "title": "New Break Resources Limited\n      \n         - Mineral exploration permit",
        "comments_from_registry": 0,
        "comments_by_email": 0,
        "comments_by_mail": 0
    },
    "019-7494": {
        "url": "/notice/019-7494",
        "title": "RT Minerals Corporation\n      \n         - Mineral exploration permit",
        "comments_from_registry": 0,
        "comments_by_email": 0,
        "comments_by_mail": 0
    },
    "019-6414": {
        "url": "/notice/019-6414",
        "title": "FNX Mining Company Inc.\n      \n         - Environmental Compliance Approval (air)",
        "comments_from_registry": 0,
        "comments_by_email": 0,
        "comments_by_mail": 0
    },
    "019-7158": {
        "url": "/notice/019-7158",
        "title": "MISSISSAUGA II GP INC. and FIRST AVENUE ADVISORY INC. as a general partner for and on behalf of MISSISSAUGA II LP\n      \n         - Permit to take water",
        "comments_from_registry": 0,
        "comments_by_email": 0,
        "comments_by_mail": 0
    },
    "019-6014": {
        "url": "/notice/019-6014",
        "title": "Roswell Concrete Products Limited\n      \n         - Environmental Compliance Approval (sewage)",
        "comments_from_registry": 0,
        "comments_by_email": 0,
        "comments_by_mail": 0
    },
    "019-6338": {
        "url": "/notice/019-6338",
        "title": "Ventry Sawmill Inc.\n      \n         - Environmental Compliance Approval (air)",
        "comments_from_registry": 0,
        "comments_by_email": 0,
        "comments_by_mail": 0
    },
    "019-6260": {
        "url": "/notice/019-6260",
        "title": "Mahle Filter Systems Canada, ULC\n      \n         - Environmental Compliance Approval (air)",
        "comments_from_registry": 0,
        "comments_by_email": 0,
        "comments_by_mail": 0
    },
    "019-7161": {
        "url": "/notice/019-7161",
        "title": "Arbor Memorial Inc.\n      \n         - Environmental Compliance Approval (air)",
        "comments_from_registry": 0,
        "comments_by_email": 0,
        "comments_by_mail": 0
    },
    "019-7110": {
        "url": "/notice/019-7110",
        "title": "EV Nickel Incorporated\n      \n         - Mineral exploration permit",
        "comments_from_registry": 0,
        "comments_by_email": 0,
        "comments_by_mail": 0
    },
    "019-6443": {
        "url": "/notice/019-6443",
        "title": "Latem Industries Limited\n      \n         - Environmental Compliance Approval (air)",
        "comments_from_registry": 0,
        "comments_by_email": 0,
        "comments_by_mail": 0
    },
    "019-7425": {
        "url": "/notice/019-7425",
        "title": "Michael Goodman\n      \n         - Mineral exploration permit",
        "comments_from_registry": 0,
        "comments_by_email": 0,
        "comments_by_mail": 0
    }
}