{
    "013-4580": {
        "url": "/notice/013-4580",
        "title": "Cello Products Inc.\n      \n         - Environmental Compliance Approval (air)",
        "comments_from_registry": 0,
        "comments_by_email": 0,
        "comments_by_mail": 0
    },
    "013-4018": {
        "url": "/notice/013-4018",
        "title": "Private Landowner\n      \n         - Permit for activities to achieve an overall benefit to a species",
        "comments_from_registry": 0,
        "comments_by_email": 1,
        "comments_by_mail": 0
    },
    "019-1003": {
        "url": "/notice/019-1003",
        "title": "Perry English\n      \n         - Mineral exploration permit",
        "comments_from_registry": 0,
        "comments_by_email": 0,
        "comments_by_mail": 0
    },
    "019-0994": {
        "url": "/notice/019-0994",
        "title": "Luke Schuss \n      \n         - Mineral exploration permit",
        "comments_from_registry": 0,
        "comments_by_email": 0,
        "comments_by_mail": 0
    },
    "019-1037": {
        "url": "/notice/019-1037",
        "title": "Kary Oliver\n      \n         - Mineral exploration permit",
        "comments_from_registry": 0,
        "comments_by_email": 0,
        "comments_by_mail": 0
    },
    "019-1032": {
        "url": "/notice/019-1032",
        "title": "Ryder Truck Rental Canda Ltd.\n      \n         - Approval for variance from the Liquid Fuels Handling Code",
        "comments_from_registry": 0,
        "comments_by_email": 0,
        "comments_by_mail": 0
    },
    "013-4852": {
        "url": "/notice/013-4852",
        "title": "NGF Canada Limited\n      \n         - Environmental Compliance Approval (air)",
        "comments_from_registry": 0,
        "comments_by_email": 0,
        "comments_by_mail": 0
    },
    "019-0221": {
        "url": "/notice/019-0221",
        "title": "GVZ Holdings Inc.\n      \n         - Environmental Compliance Approval (sewage)",
        "comments_from_registry": 0,
        "comments_by_email": 0,
        "comments_by_mail": 0
    },
    "019-0496": {
        "url": "/notice/019-0496",
        "title": "Gregory Douglas Cabeldu\n      \n         - Environmental Compliance Approval (sewage)",
        "comments_from_registry": 0,
        "comments_by_email": 0,
        "comments_by_mail": 0
    },
    "019-0500": {
        "url": "/notice/019-0500",
        "title": "Bartek Ingredients Inc.\n      \n         - Environmental Compliance Approval (air)",
        "comments_from_registry": 0,
        "comments_by_email": 0,
        "comments_by_mail": 0
    },
    "019-0641": {
        "url": "/notice/019-0641",
        "title": "2359497 Ontario Inc.\n      \n         - Environmental Compliance Approval (sewage)",
        "comments_from_registry": 0,
        "comments_by_email": 0,
        "comments_by_mail": 0
    },
    "019-0794": {
        "url": "/notice/019-0794",
        "title": "A proposal to amend the Mining Act related to Closure Plan Amendments",
        "comments_from_registry": 1,
        "comments_by_email": 5,
        "comments_by_mail": 0
    },
    "019-0882": {
        "url": "/notice/019-0882",
        "title": "Benton Resources Inc\n      \n         - Mineral exploration permit",
        "comments_from_registry": 0,
        "comments_by_email": 0,
        "comments_by_mail": 1
    },
    "013-2695": {
        "url": "/notice/013-2695",
        "title": "Lehigh Hanson Materials Limited/Materiaux Lehigh Hanson Limitee\n      \n         - Environmental Compliance Approval (air)",
        "comments_from_registry": 0,
        "comments_by_email": 0,
        "comments_by_mail": 0
    },
    "019-0871": {
        "url": "/notice/019-0871",
        "title": "Siemens Canada Limited\n      \n         - Certificate of property use",
        "comments_from_registry": 0,
        "comments_by_email": 0,
        "comments_by_mail": 0
    },
    "013-3891": {
        "url": "/notice/013-3891",
        "title": "HK Travel Centres GP Inc., as general partner for and on behalf of HK Travel Centres L.P. \n      \n         - Permit to take water",
        "comments_from_registry": 0,
        "comments_by_email": 0,
        "comments_by_mail": 0
    },
    "013-4146": {
        "url": "/notice/013-4146",
        "title": "David & Ingrid Graves\n      \n         - Approval for a consent (subject to conditions) in an area where there is no official plan in place",
        "comments_from_registry": 0,
        "comments_by_email": 0,
        "comments_by_mail": 0
    },
    "013-4148": {
        "url": "/notice/013-4148",
        "title": "David & Ingrid Graves\n      \n         - Approval for a consent (subject to conditions) in an area where there is no official plan in place",
        "comments_from_registry": 0,
        "comments_by_email": 0,
        "comments_by_mail": 0
    },
    "013-4145": {
        "url": "/notice/013-4145",
        "title": "David & Ingrid Graves\n      \n         - Approval for a consent (subject to conditions) in an area where there is no official plan in place",
        "comments_from_registry": 0,
        "comments_by_email": 0,
        "comments_by_mail": 0
    },
    "019-0934": {
        "url": "/notice/019-0934",
        "title": "Marshall Hall\n      \n         - Mineral exploration permit",
        "comments_from_registry": 0,
        "comments_by_email": 0,
        "comments_by_mail": 0
    }
}