{
    "019-3068": {
        "url": "/notice/019-3068",
        "title": "Conquest Resources Limited\n      \n         - Mineral exploration permit",
        "comments_from_registry": 0,
        "comments_by_email": 0,
        "comments_by_mail": 0
    },
    "019-3067": {
        "url": "/notice/019-3067",
        "title": "Conquest Resources Limited\n      \n         - Mineral exploration permit",
        "comments_from_registry": 0,
        "comments_by_email": 0,
        "comments_by_mail": 0
    },
    "019-3066": {
        "url": "/notice/019-3066",
        "title": "Conquest Resources Limited\n      \n         - Mineral exploration permit",
        "comments_from_registry": 0,
        "comments_by_email": 0,
        "comments_by_mail": 0
    },
    "019-3065": {
        "url": "/notice/019-3065",
        "title": "Conquest Resources Limited\n      \n         - Mineral exploration permit",
        "comments_from_registry": 0,
        "comments_by_email": 0,
        "comments_by_mail": 0
    },
    "019-1354": {
        "url": "/notice/019-1354",
        "title": "Ontario Ministry of Transportation \n      \n         - Permit for activities to achieve an overall benefit to a species",
        "comments_from_registry": 0,
        "comments_by_email": 0,
        "comments_by_mail": 0
    },
    "019-0554": {
        "url": "/notice/019-0554",
        "title": "Mitek Fine Auto Inc.\n      \n         - Environmental Compliance Approval (sewage)",
        "comments_from_registry": 0,
        "comments_by_email": 0,
        "comments_by_mail": 0
    },
    "019-0266": {
        "url": "/notice/019-0266",
        "title": "Dragados Canada Inc., general partner for and on behalf of Mosaic Transit General Partnership\n      \n         - Permit to take water",
        "comments_from_registry": 0,
        "comments_by_email": 1,
        "comments_by_mail": 0
    },
    "019-2824": {
        "url": "/notice/019-2824",
        "title": "Valecraft Homes\n      \n         - Permit for activities to achieve an overall benefit to a species",
        "comments_from_registry": 1,
        "comments_by_email": 0,
        "comments_by_mail": 0
    },
    "019-2808": {
        "url": "/notice/019-2808",
        "title": "Minto Communities\n      \n         - Permit for activities to achieve an overall benefit to a species",
        "comments_from_registry": 1,
        "comments_by_email": 0,
        "comments_by_mail": 0
    },
    "019-0590": {
        "url": "/notice/019-0590",
        "title": "Mike Clark Excavating & Septic Service\n      \n         - Environmental Compliance Approval (waste)",
        "comments_from_registry": 0,
        "comments_by_email": 0,
        "comments_by_mail": 0
    },
    "019-1425": {
        "url": "/notice/019-1425",
        "title": "K. R. Axford Sand & Gravel Limited\n      \n         - Changes to the site plan for a pit or quarry",
        "comments_from_registry": 0,
        "comments_by_email": 1,
        "comments_by_mail": 1
    },
    "019-1446": {
        "url": "/notice/019-1446",
        "title": "2683517 Ontario Inc.\n      \n         - Environmental Compliance Approval (multiple media)",
        "comments_from_registry": 423,
        "comments_by_email": 76,
        "comments_by_mail": 0
    },
    "019-2815": {
        "url": "/notice/019-2815",
        "title": "The Lambton Golf and Country Club Limited\n      \n         - Permit to take water",
        "comments_from_registry": 0,
        "comments_by_email": 0,
        "comments_by_mail": 0
    },
    "019-2819": {
        "url": "/notice/019-2819",
        "title": "The Thornhill Club\n      \n         - Permit to take water",
        "comments_from_registry": 0,
        "comments_by_email": 0,
        "comments_by_mail": 0
    },
    "019-2764": {
        "url": "/notice/019-2764",
        "title": "Lanterra (Bathurst Glencairn) Realty Inc.\n      \n         - Permit to take water",
        "comments_from_registry": 0,
        "comments_by_email": 0,
        "comments_by_mail": 0
    },
    "013-1661": {
        "url": "/notice/013-1661",
        "title": "Protecting Water for Future Generations: Growing the Greenbelt in the Outer Ring",
        "comments_from_registry": 227,
        "comments_by_email": 0,
        "comments_by_mail": 0
    },
    "019-1444": {
        "url": "/notice/019-1444",
        "title": "2683517 Ontario Inc.\n      \n         - Environmental Compliance Approval (multiple media)",
        "comments_from_registry": 312,
        "comments_by_email": 71,
        "comments_by_mail": 0
    },
    "019-2276": {
        "url": "/notice/019-2276",
        "title": "Jadoro Investments Limited\n      \n         - Environmental Compliance Approval (sewage)",
        "comments_from_registry": 0,
        "comments_by_email": 0,
        "comments_by_mail": 0
    },
    "019-2567": {
        "url": "/notice/019-2567",
        "title": "Shell Canada Limited\n      \n         - Environmental Compliance Approval (sewage)",
        "comments_from_registry": 0,
        "comments_by_email": 0,
        "comments_by_mail": 0
    },
    "019-2340": {
        "url": "/notice/019-2340",
        "title": "American Iron & Metal Company Inc.\n      \n         - Environmental Compliance Approval (sewage)",
        "comments_from_registry": 0,
        "comments_by_email": 0,
        "comments_by_mail": 0
    }
}