{
    "019-0556": {
        "url": "/notice/019-0556",
        "title": "Proposed amendments to the Aggregate Resources Act",
        "comments_from_registry": 265,
        "comments_by_email": 360,
        "comments_by_mail": 6
    },
    "013-4550": {
        "url": "/notice/013-4550",
        "title": "J. & P. Leveque Bros. Haulage Limited\n      \n         - Environmental Compliance Approval (air)",
        "comments_from_registry": 0,
        "comments_by_email": 0,
        "comments_by_mail": 0
    },
    "019-0913": {
        "url": "/notice/019-0913",
        "title": "Proposal to extend the current moratorium on water bottling permits",
        "comments_from_registry": 598,
        "comments_by_email": 8105,
        "comments_by_mail": 0
    },
    "019-0659": {
        "url": "/notice/019-0659",
        "title": "Temwest Farms\n      \n         - Approval for a consent (subject to conditions) in an area where there is no official plan in place",
        "comments_from_registry": 0,
        "comments_by_email": 0,
        "comments_by_mail": 0
    },
    "011-1300": {
        "url": "/notice/011-1300",
        "title": "New cottage leases in Rondeau provincial park",
        "comments_from_registry": 202,
        "comments_by_email": 1532,
        "comments_by_mail": 0
    },
    "019-0907": {
        "url": "/notice/019-0907",
        "title": "Proposed amendments to the Rondeau Provincial Park Management Plan",
        "comments_from_registry": 2809,
        "comments_by_email": 1787,
        "comments_by_mail": 0
    },
    "013-1513": {
        "url": "/notice/013-1513",
        "title": "Amendments to the Wells Regulation",
        "comments_from_registry": 12,
        "comments_by_email": 4,
        "comments_by_mail": 0
    },
    "019-0716": {
        "url": "/notice/019-0716",
        "title": "Revocation of Ontario Regulation 323/94 (Dry Cleaners) under the Environmental Protection Act",
        "comments_from_registry": 0,
        "comments_by_email": 0,
        "comments_by_mail": 0
    },
    "013-5080": {
        "url": "/notice/013-5080",
        "title": "R. W. Tomlinson Limited\n      \n         - Environmental Compliance Approval (air)",
        "comments_from_registry": 0,
        "comments_by_email": 0,
        "comments_by_mail": 0
    },
    "013-4687": {
        "url": "/notice/013-4687",
        "title": "Pets Above Ltd.\n      \n         - Environmental Compliance Approval (air)",
        "comments_from_registry": 0,
        "comments_by_email": 0,
        "comments_by_mail": 0
    },
    "013-4688": {
        "url": "/notice/013-4688",
        "title": "First Mining Gold Corporation\n      \n         - Environmental Compliance Approval (air)",
        "comments_from_registry": 0,
        "comments_by_email": 0,
        "comments_by_mail": 0
    },
    "019-0501": {
        "url": "/notice/019-0501",
        "title": "Lac des Iles Mines Ltd.\n      \n         - Mineral exploration permit",
        "comments_from_registry": 0,
        "comments_by_email": 0,
        "comments_by_mail": 0
    },
    "019-0881": {
        "url": "/notice/019-0881",
        "title": "Central Timmins Exploration Corporation\n      \n         - Mineral exploration permit",
        "comments_from_registry": 0,
        "comments_by_email": 0,
        "comments_by_mail": 0
    },
    "019-0825": {
        "url": "/notice/019-0825",
        "title": "Abitibi North Metals Incorporated\n      \n         - Mineral exploration permit",
        "comments_from_registry": 0,
        "comments_by_email": 0,
        "comments_by_mail": 0
    },
    "019-0789": {
        "url": "/notice/019-0789",
        "title": "Repealing Section 172 of the Environmental Protection Act",
        "comments_from_registry": 0,
        "comments_by_email": 0,
        "comments_by_mail": 0
    },
    "019-0646": {
        "url": "/notice/019-0646",
        "title": "Transfer of motor vehicle provisions from the Environmental Protection Act to the Highway Traffic Act",
        "comments_from_registry": 11,
        "comments_by_email": 4,
        "comments_by_mail": 0
    },
    "019-0481": {
        "url": "/notice/019-0481",
        "title": "Amendments to the Pesticide Act",
        "comments_from_registry": 88,
        "comments_by_email": 5,
        "comments_by_mail": 0
    },
    "019-0750": {
        "url": "/notice/019-0750",
        "title": "Holding polluters accountable by expanding the use of administrative monetary penalties for environmental contraventions",
        "comments_from_registry": 47,
        "comments_by_email": 18,
        "comments_by_mail": 0
    },
    "019-0671": {
        "url": "/notice/019-0671",
        "title": "Changing the Mandate of the Resource Productivity and Recovery Authority",
        "comments_from_registry": 33,
        "comments_by_email": 19,
        "comments_by_mail": 0
    },
    "019-0846": {
        "url": "/notice/019-0846",
        "title": "David John Kearley\n      \n         - Mineral exploration permit",
        "comments_from_registry": 0,
        "comments_by_email": 0,
        "comments_by_mail": 0
    }
}