{
    "019-7338": {
        "url": "/notice/019-7338",
        "title": "Linamar Corporation\n      \n         - Environmental Compliance Approval (air)",
        "comments_from_registry": 0,
        "comments_by_email": 0,
        "comments_by_mail": 0
    },
    "019-7924": {
        "url": "/notice/019-7924",
        "title": "Last Resort Resources Ltd.\n      \n         - Mineral exploration permit",
        "comments_from_registry": 0,
        "comments_by_email": 0,
        "comments_by_mail": 0
    },
    "019-7928": {
        "url": "/notice/019-7928",
        "title": "Midex Resources Ltd\n      \n         - Mineral exploration permit",
        "comments_from_registry": 0,
        "comments_by_email": 0,
        "comments_by_mail": 0
    },
    "019-7926": {
        "url": "/notice/019-7926",
        "title": "Midex Resources Ltd\n      \n         - Mineral exploration permit",
        "comments_from_registry": 0,
        "comments_by_email": 0,
        "comments_by_mail": 0
    },
    "019-7925": {
        "url": "/notice/019-7925",
        "title": "Midex Resources Ltd\n      \n         - Mineral exploration permit",
        "comments_from_registry": 0,
        "comments_by_email": 0,
        "comments_by_mail": 0
    },
    "019-7923": {
        "url": "/notice/019-7923",
        "title": "Stuart Deveau\n      \n         - Mineral exploration permit",
        "comments_from_registry": 0,
        "comments_by_email": 0,
        "comments_by_mail": 0
    },
    "019-7943": {
        "url": "/notice/019-7943",
        "title": "Erik Smit\n      \n         - Approval for a consent (subject to conditions) in an area where there is no official plan in place",
        "comments_from_registry": 0,
        "comments_by_email": 0,
        "comments_by_mail": 0
    },
    "019-7601": {
        "url": "/notice/019-7601",
        "title": "Bertone Montreal Road GP Inc., as a general partner for and on behalf of Bertone Montreal Road LP\n      \n         - Permit to take water",
        "comments_from_registry": 0,
        "comments_by_email": 0,
        "comments_by_mail": 0
    },
    "019-8013": {
        "url": "/notice/019-8013",
        "title": "METROPIA MINTO (SIXTEENTH) HOLDINGS INC.\n      \n         - Permit to take water",
        "comments_from_registry": 0,
        "comments_by_email": 0,
        "comments_by_mail": 0
    },
    "019-7901": {
        "url": "/notice/019-7901",
        "title": "London Beloved Pet Cremation Inc.\n      \n         - Environmental Compliance Approval (air)",
        "comments_from_registry": 0,
        "comments_by_email": 0,
        "comments_by_mail": 0
    },
    "019-7975": {
        "url": "/notice/019-7975",
        "title": "Teledyne Digital Imaging, Inc.\n      \n         - Environmental Compliance Approval (air)",
        "comments_from_registry": 0,
        "comments_by_email": 0,
        "comments_by_mail": 0
    },
    "019-7723": {
        "url": "/notice/019-7723",
        "title": "Teledyne Digital Imaging, Inc.\n      \n         - Environmental Compliance Approval (air)",
        "comments_from_registry": 0,
        "comments_by_email": 0,
        "comments_by_mail": 0
    },
    "019-3918": {
        "url": "/notice/019-3918",
        "title": "Avalon Advanced Materials Inc.\n      \n         - Mineral exploration permit",
        "comments_from_registry": 0,
        "comments_by_email": 0,
        "comments_by_mail": 0
    },
    "019-1122": {
        "url": "/notice/019-1122",
        "title": "Goldeye Explorations Limited\n      \n         - Mineral exploration permit",
        "comments_from_registry": 0,
        "comments_by_email": 0,
        "comments_by_mail": 0
    },
    "019-1038": {
        "url": "/notice/019-1038",
        "title": "Freeman Smith\n      \n         - Mineral exploration permit",
        "comments_from_registry": 0,
        "comments_by_email": 0,
        "comments_by_mail": 0
    },
    "019-1123": {
        "url": "/notice/019-1123",
        "title": "Goldeye Explorations Limited\n      \n         - Mineral exploration permit",
        "comments_from_registry": 0,
        "comments_by_email": 0,
        "comments_by_mail": 0
    },
    "019-7218": {
        "url": "/notice/019-7218",
        "title": "Alasdair Mowat\n      \n         - Mineral exploration permit",
        "comments_from_registry": 0,
        "comments_by_email": 0,
        "comments_by_mail": 0
    },
    "019-7217": {
        "url": "/notice/019-7217",
        "title": "Alasdair Mowat\n      \n         - Mineral exploration permit",
        "comments_from_registry": 0,
        "comments_by_email": 0,
        "comments_by_mail": 0
    },
    "013-3907": {
        "url": "/notice/013-3907",
        "title": "Brian Fowler\n      \n         - Mineral exploration permit",
        "comments_from_registry": 0,
        "comments_by_email": 0,
        "comments_by_mail": 0
    },
    "019-7721": {
        "url": "/notice/019-7721",
        "title": "Demtool Inc.\n      \n         - Environmental Compliance Approval (air)",
        "comments_from_registry": 0,
        "comments_by_email": 0,
        "comments_by_mail": 0
    }
}