{
    "019-5490": {
        "url": "/notice/019-5490",
        "title": "Almos Gold Incorporated\n      \n         - Mineral exploration permit",
        "comments_from_registry": 0,
        "comments_by_email": 0,
        "comments_by_mail": 0
    },
    "019-0933": {
        "url": "/notice/019-0933",
        "title": "Erie Sand & Gravel Limited\n      \n         - Changes to the site plan for a pit or quarry",
        "comments_from_registry": 0,
        "comments_by_email": 0,
        "comments_by_mail": 0
    },
    "019-5468": {
        "url": "/notice/019-5468",
        "title": "Don Fudge\n      \n         - Mineral exploration permit",
        "comments_from_registry": 0,
        "comments_by_email": 0,
        "comments_by_mail": 0
    },
    "019-5474": {
        "url": "/notice/019-5474",
        "title": "Mistango River Resources Incorporated\n      \n         - Mineral exploration permit",
        "comments_from_registry": 0,
        "comments_by_email": 0,
        "comments_by_mail": 0
    },
    "019-5446": {
        "url": "/notice/019-5446",
        "title": "Talisker Gold Corp.\n      \n         - Mineral exploration permit",
        "comments_from_registry": 0,
        "comments_by_email": 0,
        "comments_by_mail": 0
    },
    "019-5250": {
        "url": "/notice/019-5250",
        "title": "The Claim Group Incorporated\n      \n         - Mineral exploration permit",
        "comments_from_registry": 1,
        "comments_by_email": 0,
        "comments_by_mail": 0
    },
    "019-3907": {
        "url": "/notice/019-3907",
        "title": "1359327 Ontario Ltd.\n      \n         - Environmental Compliance Approval (waste)",
        "comments_from_registry": 1,
        "comments_by_email": 0,
        "comments_by_mail": 0
    },
    "019-3146": {
        "url": "/notice/019-3146",
        "title": "The Sarjeant Company Limited\n      \n         - Permit to take water",
        "comments_from_registry": 39,
        "comments_by_email": 3407,
        "comments_by_mail": 0
    },
    "019-4283": {
        "url": "/notice/019-4283",
        "title": "Joe Hackl\n      \n         - Mineral exploration permit",
        "comments_from_registry": 0,
        "comments_by_email": 0,
        "comments_by_mail": 0
    },
    "019-5500": {
        "url": "/notice/019-5500",
        "title": "IAMGOLD Corp.\n      \n         - Mineral exploration permit",
        "comments_from_registry": 0,
        "comments_by_email": 0,
        "comments_by_mail": 0
    },
    "019-4476": {
        "url": "/notice/019-4476",
        "title": "LIV Developments Ltd.\n      \n         - Environmental Compliance Approval (sewage)",
        "comments_from_registry": 0,
        "comments_by_email": 0,
        "comments_by_mail": 0
    },
    "019-4550": {
        "url": "/notice/019-4550",
        "title": "The Sarjeant Company Limited\n      \n         - Environmental Compliance Approval (sewage)",
        "comments_from_registry": 2,
        "comments_by_email": 0,
        "comments_by_mail": 0
    },
    "019-4585": {
        "url": "/notice/019-4585",
        "title": "Algoma Steel Inc.\n      \n         - Order to conform with the Environmental Protection Act",
        "comments_from_registry": 1,
        "comments_by_email": 0,
        "comments_by_mail": 0
    },
    "019-5437": {
        "url": "/notice/019-5437",
        "title": "Patrick Albert Culhane\n      \n         - Mineral exploration permit",
        "comments_from_registry": 0,
        "comments_by_email": 0,
        "comments_by_mail": 0
    },
    "019-5345": {
        "url": "/notice/019-5345",
        "title": "Hugh Wesley Leeson\n      \n         - Environmental Compliance Approval (sewage)",
        "comments_from_registry": 0,
        "comments_by_email": 0,
        "comments_by_mail": 0
    },
    "019-1023": {
        "url": "/notice/019-1023",
        "title": "Villa d'Accueil Ste Therese de Marionville Inc.\n      \n         - Environmental Compliance Approval (sewage)",
        "comments_from_registry": 0,
        "comments_by_email": 0,
        "comments_by_mail": 0
    },
    "019-4763": {
        "url": "/notice/019-4763",
        "title": "Stern Laboratories Inc.\n      \n         - Environmental Compliance Approval (sewage)",
        "comments_from_registry": 0,
        "comments_by_email": 0,
        "comments_by_mail": 0
    },
    "019-5232": {
        "url": "/notice/019-5232",
        "title": "Garrard Limited Partnership GP Inc.\n      \n         - Environmental Compliance Approval (sewage)",
        "comments_from_registry": 0,
        "comments_by_email": 0,
        "comments_by_mail": 0
    },
    "019-3530": {
        "url": "/notice/019-3530",
        "title": "Hershey Canada Inc.\n      \n         - Environmental Compliance Approval (sewage)",
        "comments_from_registry": 0,
        "comments_by_email": 0,
        "comments_by_mail": 0
    },
    "019-3452": {
        "url": "/notice/019-3452",
        "title": "872422 Ontario Limited\n      \n         - Environmental Compliance Approval (sewage)",
        "comments_from_registry": 0,
        "comments_by_email": 0,
        "comments_by_mail": 0
    }
}