{
    "013-5020": {
        "url": "/notice/013-5020",
        "title": "Terra-Rock Holdings Inc.\n      \n         - Changes to the site plan for a pit or quarry",
        "comments_from_registry": 1,
        "comments_by_email": 0,
        "comments_by_mail": 0
    },
    "013-4736": {
        "url": "/notice/013-4736",
        "title": "Shell Canada Products Ltd\n      \n         - Approval for variance from the Liquid Fuels Handling Code",
        "comments_from_registry": 0,
        "comments_by_email": 0,
        "comments_by_mail": 0
    },
    "019-0325": {
        "url": "/notice/019-0325",
        "title": "Nipigon LNG Corporation\n      \n         - Environmental Compliance Approval (air)",
        "comments_from_registry": 0,
        "comments_by_email": 0,
        "comments_by_mail": 0
    },
    "019-0332": {
        "url": "/notice/019-0332",
        "title": "Michael Neniska\n      \n         - Approval for a consent (subject to conditions) in an area where there is no official plan in place",
        "comments_from_registry": 0,
        "comments_by_email": 0,
        "comments_by_mail": 0
    },
    "019-0333": {
        "url": "/notice/019-0333",
        "title": "Michael Neniska\n      \n         - Approval for a consent (subject to conditions) in an area where there is no official plan in place",
        "comments_from_registry": 0,
        "comments_by_email": 0,
        "comments_by_mail": 0
    },
    "019-0330": {
        "url": "/notice/019-0330",
        "title": "Michael Neniska\n      \n         - Approval for a consent (subject to conditions) in an area where there is no official plan in place",
        "comments_from_registry": 0,
        "comments_by_email": 0,
        "comments_by_mail": 0
    },
    "019-0328": {
        "url": "/notice/019-0328",
        "title": "Michael Neniska\n      \n         - Approval for a consent (subject to conditions) in an area where there is no official plan in place",
        "comments_from_registry": 0,
        "comments_by_email": 0,
        "comments_by_mail": 0
    },
    "019-0105": {
        "url": "/notice/019-0105",
        "title": "Nancy Meribeth Riley, Hugh Sandford Riley  & George Patrick Riley\n      \n         - Approval for a consent (subject to conditions) in an area where there is no official plan in place",
        "comments_from_registry": 0,
        "comments_by_email": 0,
        "comments_by_mail": 0
    },
    "019-0107": {
        "url": "/notice/019-0107",
        "title": "Nancy Meribeth Riley, Hugh Sandford Riley & George Patrick Riley\n      \n         - Approval for a consent (subject to conditions) in an area where there is no official plan in place",
        "comments_from_registry": 0,
        "comments_by_email": 0,
        "comments_by_mail": 0
    },
    "013-3980": {
        "url": "/notice/013-3980",
        "title": "CRH Canada Group Inc.\n      \n         - Environmental Compliance Approval (air)",
        "comments_from_registry": 1,
        "comments_by_email": 0,
        "comments_by_mail": 0
    },
    "013-4249": {
        "url": "/notice/013-4249",
        "title": "Glencore Canada Corporation\n      \n         - Environmental Compliance Approval (air)",
        "comments_from_registry": 0,
        "comments_by_email": 0,
        "comments_by_mail": 0
    },
    "019-0267": {
        "url": "/notice/019-0267",
        "title": "Caledon Lake Company Limited\n      \n         - Environmental Compliance Approval (sewage)",
        "comments_from_registry": 0,
        "comments_by_email": 0,
        "comments_by_mail": 0
    },
    "013-3867": {
        "url": "/notice/013-3867",
        "title": "Redesigning Ontario\u2019s Drive Clean Motor Vehicle Emission Testing Program",
        "comments_from_registry": 201,
        "comments_by_email": 13,
        "comments_by_mail": 0
    },
    "019-0299": {
        "url": "/notice/019-0299",
        "title": "Aurelius Minerals Inc.\n      \n         - Mineral exploration permit",
        "comments_from_registry": 0,
        "comments_by_email": 0,
        "comments_by_mail": 0
    },
    "019-0507": {
        "url": "/notice/019-0507",
        "title": "Jean Gaudreau\n      \n         - Mineral exploration permit",
        "comments_from_registry": 0,
        "comments_by_email": 0,
        "comments_by_mail": 0
    },
    "013-1077": {
        "url": "/notice/013-1077",
        "title": "Updating the Statement of Environmental Values for the Ministry of Agriculture, Food and Rural Affairs",
        "comments_from_registry": 0,
        "comments_by_email": 1,
        "comments_by_mail": 1
    },
    "013-5219": {
        "url": "/notice/013-5219",
        "title": "368 Chapel St. Inc.\n      \n         - Environmental Compliance Approval (sewage)",
        "comments_from_registry": 0,
        "comments_by_email": 0,
        "comments_by_mail": 0
    },
    "012-8950": {
        "url": "/notice/012-8950",
        "title": "Harte Gold Corporation\n      \n         - Permit to take water",
        "comments_from_registry": 0,
        "comments_by_email": 0,
        "comments_by_mail": 0
    },
    "019-0438": {
        "url": "/notice/019-0438",
        "title": "Roadwarrior Inc.\n      \n         - Environmental Compliance Approval (air)",
        "comments_from_registry": 0,
        "comments_by_email": 0,
        "comments_by_mail": 0
    },
    "013-5233": {
        "url": "/notice/013-5233",
        "title": "Taylor Certified Processing Inc.\n      \n         - Environmental Compliance Approval (air)",
        "comments_from_registry": 0,
        "comments_by_email": 0,
        "comments_by_mail": 0
    }
}