{
    "019-4620": {
        "url": "/notice/019-4620",
        "title": "Pick Lake Mining Limited\n      \n         - Mineral exploration permit",
        "comments_from_registry": 0,
        "comments_by_email": 0,
        "comments_by_mail": 0
    },
    "019-4278": {
        "url": "/notice/019-4278",
        "title": "Minister\u2019s Order for temporary suspension of protection upon the listing of Black Ash under the Endangered Species Act",
        "comments_from_registry": 39,
        "comments_by_email": 2462,
        "comments_by_mail": 0
    },
    "019-4691": {
        "url": "/notice/019-4691",
        "title": "2701098 Ontario Inc.\n      \n         - Certificate of property use",
        "comments_from_registry": 0,
        "comments_by_email": 0,
        "comments_by_mail": 0
    },
    "019-4587": {
        "url": "/notice/019-4587",
        "title": "9695443 Canada Inc.\n      \n         - Environmental Compliance Approval (sewage)",
        "comments_from_registry": 0,
        "comments_by_email": 0,
        "comments_by_mail": 0
    },
    "013-3036": {
        "url": "/notice/013-3036",
        "title": "Toronto District School Board (c/o Steve Shaw )\n      \n         - Approval of an amendment to the Niagara Escarpment Plan",
        "comments_from_registry": 0,
        "comments_by_email": 5,
        "comments_by_mail": 0
    },
    "019-3469": {
        "url": "/notice/019-3469",
        "title": "Owen Sound Septic Services Inc.\n      \n         - Environmental Compliance Approval (waste)",
        "comments_from_registry": 0,
        "comments_by_email": 0,
        "comments_by_mail": 0
    },
    "019-3039": {
        "url": "/notice/019-3039",
        "title": "Hendrik den Besten and Wilhelmina den Besten\n      \n         - Permit to take water",
        "comments_from_registry": 0,
        "comments_by_email": 0,
        "comments_by_mail": 0
    },
    "012-9242": {
        "url": "/notice/012-9242",
        "title": "Hornepayne Power Inc.\n      \n         - Environmental Compliance Approval (waste)",
        "comments_from_registry": 0,
        "comments_by_email": 0,
        "comments_by_mail": 0
    },
    "019-4282": {
        "url": "/notice/019-4282",
        "title": "Graham Brothers Aggregates Limited\n      \n         - Changes to the site plan for a pit or quarry",
        "comments_from_registry": 0,
        "comments_by_email": 2,
        "comments_by_mail": 0
    },
    "019-4493": {
        "url": "/notice/019-4493",
        "title": "Rideau View Golf Club\n      \n         - Permit to take water",
        "comments_from_registry": 0,
        "comments_by_email": 0,
        "comments_by_mail": 0
    },
    "019-4504": {
        "url": "/notice/019-4504",
        "title": "Tim Horton Children's Foundation, Inc.\n      \n         - Permit to take water",
        "comments_from_registry": 0,
        "comments_by_email": 0,
        "comments_by_mail": 0
    },
    "019-3277": {
        "url": "/notice/019-3277",
        "title": "Powdermax Inc.\n      \n         - Environmental Compliance Approval (air)",
        "comments_from_registry": 0,
        "comments_by_email": 0,
        "comments_by_mail": 0
    },
    "019-3751": {
        "url": "/notice/019-3751",
        "title": "Environmental 360 Solutions Ltd.\n      \n         - Environmental Compliance Approval (sewage)",
        "comments_from_registry": 1,
        "comments_by_email": 0,
        "comments_by_mail": 0
    },
    "019-4373": {
        "url": "/notice/019-4373",
        "title": "Mississaugas of Scugog Island First Nation\n      \n         - Permit to take water",
        "comments_from_registry": 0,
        "comments_by_email": 0,
        "comments_by_mail": 0
    },
    "019-4035": {
        "url": "/notice/019-4035",
        "title": "Goulet Septic Pumping and Design Ltd.\n      \n         - Environmental Compliance Approval (waste)",
        "comments_from_registry": 0,
        "comments_by_email": 0,
        "comments_by_mail": 0
    },
    "019-4721": {
        "url": "/notice/019-4721",
        "title": "North American Exploration Ltd.\n      \n         - Mineral exploration permit",
        "comments_from_registry": 0,
        "comments_by_email": 0,
        "comments_by_mail": 0
    },
    "019-4722": {
        "url": "/notice/019-4722",
        "title": "North American Exploration Ltd\n      \n         - Mineral exploration permit",
        "comments_from_registry": 0,
        "comments_by_email": 0,
        "comments_by_mail": 0
    },
    "019-4653": {
        "url": "/notice/019-4653",
        "title": "Reid's Heritage Homes Ltd.\n      \n         - Certificate of property use",
        "comments_from_registry": 0,
        "comments_by_email": 0,
        "comments_by_mail": 0
    },
    "019-4756": {
        "url": "/notice/019-4756",
        "title": "Marshall Hall (Ursa Major Minerals Incorporated) \n      \n         - Mineral exploration permit",
        "comments_from_registry": 0,
        "comments_by_email": 0,
        "comments_by_mail": 0
    },
    "019-4632": {
        "url": "/notice/019-4632",
        "title": "David Gibson\n      \n         - Mineral exploration permit",
        "comments_from_registry": 0,
        "comments_by_email": 0,
        "comments_by_mail": 0
    }
}