{
    "019-3873": {
        "url": "/notice/019-3873",
        "title": "Bluesky Hydroponics Inc.\n      \n         - Environmental Compliance Approval (sewage)",
        "comments_from_registry": 0,
        "comments_by_email": 0,
        "comments_by_mail": 0
    },
    "019-3185": {
        "url": "/notice/019-3185",
        "title": "Verbio Diesel Canada Corporation\n      \n         - Environmental Compliance Approval (air)",
        "comments_from_registry": 1,
        "comments_by_email": 0,
        "comments_by_mail": 0
    },
    "013-4763": {
        "url": "/notice/013-4763",
        "title": "Glencore Canada Corporation \n      \n         - Amendment to a closure plan",
        "comments_from_registry": 0,
        "comments_by_email": 0,
        "comments_by_mail": 0
    },
    "013-4764": {
        "url": "/notice/013-4764",
        "title": "Glencore Canada Corporation \n      \n         - Amendment to a closure plan",
        "comments_from_registry": 0,
        "comments_by_email": 0,
        "comments_by_mail": 0
    },
    "019-3795": {
        "url": "/notice/019-3795",
        "title": "Mitch Dumoulin - Rockex Mining Corporation\n      \n         - Mineral exploration permit",
        "comments_from_registry": 0,
        "comments_by_email": 0,
        "comments_by_mail": 0
    },
    "019-3927": {
        "url": "/notice/019-3927",
        "title": "ST ANDREW GOLDFIELDS LTD \n      \n         - Mineral exploration permit",
        "comments_from_registry": 0,
        "comments_by_email": 0,
        "comments_by_mail": 0
    },
    "019-3928": {
        "url": "/notice/019-3928",
        "title": "ST ANDREW GOLDFIELDS LTD\n      \n         - Mineral exploration permit",
        "comments_from_registry": 0,
        "comments_by_email": 0,
        "comments_by_mail": 0
    },
    "019-3935": {
        "url": "/notice/019-3935",
        "title": "Host Enterprises Ltd.\n      \n         - Approval for a consent (subject to conditions) in an area where there is no official plan in place",
        "comments_from_registry": 0,
        "comments_by_email": 0,
        "comments_by_mail": 0
    },
    "019-1397": {
        "url": "/notice/019-1397",
        "title": "Hornepayne Power Inc.\n      \n         - Permit to take water",
        "comments_from_registry": 0,
        "comments_by_email": 0,
        "comments_by_mail": 0
    },
    "019-3851": {
        "url": "/notice/019-3851",
        "title": "Mansfield Ski Club Inc.\n      \n         - Environmental Compliance Approval (sewage)",
        "comments_from_registry": 0,
        "comments_by_email": 0,
        "comments_by_mail": 0
    },
    "019-3903": {
        "url": "/notice/019-3903",
        "title": "St Andrew Goldfields Ltd.\n      \n         - Mineral exploration permit",
        "comments_from_registry": 0,
        "comments_by_email": 0,
        "comments_by_mail": 0
    },
    "019-3904": {
        "url": "/notice/019-3904",
        "title": "Edison Cobalt Corp\n      \n         - Mineral exploration permit",
        "comments_from_registry": 0,
        "comments_by_email": 0,
        "comments_by_mail": 0
    },
    "019-1936": {
        "url": "/notice/019-1936",
        "title": "10007986 Canada Inc., as general partner for and on behalf of Can Art Aluminum Extrusion Limited Partnership\n      \n         - Environmental Compliance Approval (air)",
        "comments_from_registry": 0,
        "comments_by_email": 0,
        "comments_by_mail": 0
    },
    "019-2752": {
        "url": "/notice/019-2752",
        "title": "Fisher Wavy Inc.\n      \n         - Environmental Compliance Approval (air)",
        "comments_from_registry": 0,
        "comments_by_email": 0,
        "comments_by_mail": 0
    },
    "019-3261": {
        "url": "/notice/019-3261",
        "title": "Miramichi Shores Land Development Limited\n      \n         - Permit to take water",
        "comments_from_registry": 0,
        "comments_by_email": 0,
        "comments_by_mail": 0
    },
    "019-2791": {
        "url": "/notice/019-2791",
        "title": "Vince Moceri Holdings Inc.\n      \n         - Environmental Compliance Approval (sewage)",
        "comments_from_registry": 0,
        "comments_by_email": 0,
        "comments_by_mail": 0
    },
    "019-3643": {
        "url": "/notice/019-3643",
        "title": "Cardinal Golf Group (Craigowan) Inc. operating as Craigowan Golf Club\n      \n         - Permit to take water",
        "comments_from_registry": 0,
        "comments_by_email": 0,
        "comments_by_mail": 0
    },
    "019-3876": {
        "url": "/notice/019-3876",
        "title": "Oxford Cattle Company Ltd.\n      \n         - Environmental Compliance Approval (sewage)",
        "comments_from_registry": 0,
        "comments_by_email": 0,
        "comments_by_mail": 0
    },
    "019-3886": {
        "url": "/notice/019-3886",
        "title": "Michael Stares, Melvin Stewart \u2013 White Metal Resources\n      \n         - Mineral exploration permit",
        "comments_from_registry": 0,
        "comments_by_email": 0,
        "comments_by_mail": 0
    },
    "019-3854": {
        "url": "/notice/019-3854",
        "title": "Jeffrey Port (JCP Planning & Development)\n      \n         - Approval for a consent (subject to conditions) in an area where there is no official plan in place",
        "comments_from_registry": 0,
        "comments_by_email": 0,
        "comments_by_mail": 0
    }
}