{
    "019-5017": {
        "url": "/notice/019-5017",
        "title": "Thomas James Mills\n      \n         - Environmental Compliance Approval (sewage)",
        "comments_from_registry": 0,
        "comments_by_email": 0,
        "comments_by_mail": 0
    },
    "019-2151": {
        "url": "/notice/019-2151",
        "title": "Lafarge Canada Inc.\n      \n         - Changes to the site plan for a pit or quarry",
        "comments_from_registry": 0,
        "comments_by_email": 3,
        "comments_by_mail": 0
    },
    "012-8523": {
        "url": "/notice/012-8523",
        "title": "Preston Sand & Gravel Company Ltd.\n      \n         - Changes to the site plan for a pit or quarry",
        "comments_from_registry": 1,
        "comments_by_email": 49,
        "comments_by_mail": 0
    },
    "019-3514": {
        "url": "/notice/019-3514",
        "title": "Ontario\u2019s Draft Forest Biomass Action Plan",
        "comments_from_registry": 1262,
        "comments_by_email": 15,
        "comments_by_mail": 0
    },
    "019-4195": {
        "url": "/notice/019-4195",
        "title": "T & B Aggregates Inc.\n      \n         - Changes to the conditions of a licence to operate a pit or quarry",
        "comments_from_registry": 0,
        "comments_by_email": 0,
        "comments_by_mail": 0
    },
    "019-4937": {
        "url": "/notice/019-4937",
        "title": "GFL Environmental Inc.\n      \n         - Environmental Compliance Approval (waste)",
        "comments_from_registry": 0,
        "comments_by_email": 0,
        "comments_by_mail": 0
    },
    "019-3595": {
        "url": "/notice/019-3595",
        "title": "Cox Construction Limited\n      \n         - Permit to take water",
        "comments_from_registry": 0,
        "comments_by_email": 2,
        "comments_by_mail": 0
    },
    "019-3910": {
        "url": "/notice/019-3910",
        "title": "Ellwood Specialty Metals Company\n      \n         - Environmental Compliance Approval (air)",
        "comments_from_registry": 0,
        "comments_by_email": 0,
        "comments_by_mail": 0
    },
    "013-1975": {
        "url": "/notice/013-1975",
        "title": "Paul and Sandi Greer (Paul Greer and Sons Excavating Ltd.)\n      \n         - Issuance of a licence to remove 20,000 tonnes or less of aggregate annually from a pit or quarry",
        "comments_from_registry": 0,
        "comments_by_email": 13,
        "comments_by_mail": 82
    },
    "019-4807": {
        "url": "/notice/019-4807",
        "title": "Kirkland Lake Gold Ltd. \n      \n         - Permit for activities to achieve an overall benefit to a species",
        "comments_from_registry": 1,
        "comments_by_email": 0,
        "comments_by_mail": 0
    },
    "019-4502": {
        "url": "/notice/019-4502",
        "title": "ENGIE Services Inc.\n      \n         - Environmental Compliance Approval (sewage)",
        "comments_from_registry": 0,
        "comments_by_email": 0,
        "comments_by_mail": 0
    },
    "019-5041": {
        "url": "/notice/019-5041",
        "title": "GFG Resources Inc.\n      \n         - Mineral exploration permit",
        "comments_from_registry": 0,
        "comments_by_email": 0,
        "comments_by_mail": 0
    },
    "019-4990": {
        "url": "/notice/019-4990",
        "title": "Paul Wilson\n      \n         - Mineral exploration permit",
        "comments_from_registry": 0,
        "comments_by_email": 0,
        "comments_by_mail": 0
    },
    "019-5011": {
        "url": "/notice/019-5011",
        "title": "Epica Gold Inc.\n      \n         - Mineral exploration permit",
        "comments_from_registry": 0,
        "comments_by_email": 0,
        "comments_by_mail": 0
    },
    "019-5009": {
        "url": "/notice/019-5009",
        "title": "Epica Gold Inc.\n      \n         - Mineral exploration permit",
        "comments_from_registry": 0,
        "comments_by_email": 0,
        "comments_by_mail": 0
    },
    "019-3136": {
        "url": "/notice/019-3136",
        "title": "Consultation on growing the size of the Greenbelt",
        "comments_from_registry": 653,
        "comments_by_email": 5677,
        "comments_by_mail": 0
    },
    "019-4669": {
        "url": "/notice/019-4669",
        "title": "Stone Gold Incorporated\n      \n         - Mineral exploration permit",
        "comments_from_registry": 0,
        "comments_by_email": 0,
        "comments_by_mail": 0
    },
    "019-4674": {
        "url": "/notice/019-4674",
        "title": "Stone Gold Incorporated\n      \n         - Mineral exploration permit",
        "comments_from_registry": 0,
        "comments_by_email": 0,
        "comments_by_mail": 0
    },
    "019-4714": {
        "url": "/notice/019-4714",
        "title": "1974007 Ontario Inc.\n      \n         - Permit to take water",
        "comments_from_registry": 0,
        "comments_by_email": 0,
        "comments_by_mail": 0
    },
    "019-4724": {
        "url": "/notice/019-4724",
        "title": "Lakhani Holdings Ltd.\n      \n         - Permit to take water",
        "comments_from_registry": 0,
        "comments_by_email": 0,
        "comments_by_mail": 0
    }
}