{
    "019-2088": {
        "url": "/notice/019-2088",
        "title": "Perry English\n      \n         - Mineral exploration permit",
        "comments_from_registry": 0,
        "comments_by_email": 0,
        "comments_by_mail": 0
    },
    "013-2914": {
        "url": "/notice/013-2914",
        "title": "Tyson Jackson Forestry\n      \n         - Environmental Compliance Approval (waste)",
        "comments_from_registry": 0,
        "comments_by_email": 0,
        "comments_by_mail": 0
    },
    "019-1428": {
        "url": "/notice/019-1428",
        "title": "Barlow Trail Investments Inc.\n      \n         - Environmental Compliance Approval (sewage)",
        "comments_from_registry": 0,
        "comments_by_email": 0,
        "comments_by_mail": 0
    },
    "019-1173": {
        "url": "/notice/019-1173",
        "title": "Aki Siltamaki\n      \n         - Mineral exploration permit",
        "comments_from_registry": 0,
        "comments_by_email": 0,
        "comments_by_mail": 0
    },
    "019-1210": {
        "url": "/notice/019-1210",
        "title": "Aki Siltamaki\n      \n         - Mineral exploration permit",
        "comments_from_registry": 1,
        "comments_by_email": 0,
        "comments_by_mail": 0
    },
    "019-1099": {
        "url": "/notice/019-1099",
        "title": "Minor amendment to the Red Lake and Lac Seul General Use Areas to allow for the disposition of Crown Lands for cottaging in the Township of Ear Falls",
        "comments_from_registry": 23,
        "comments_by_email": 7,
        "comments_by_mail": 0
    },
    "019-2074": {
        "url": "/notice/019-2074",
        "title": "Grid Metals Corporation\n      \n         - Mineral exploration permit",
        "comments_from_registry": 0,
        "comments_by_email": 0,
        "comments_by_mail": 0
    },
    "019-2075": {
        "url": "/notice/019-2075",
        "title": "Grid Metals Corporation\n      \n         - Mineral exploration permit",
        "comments_from_registry": 0,
        "comments_by_email": 0,
        "comments_by_mail": 0
    },
    "019-0721": {
        "url": "/notice/019-0721",
        "title": "Alumabrite Anodizing Limited\n      \n         - Environmental Compliance Approval (air)",
        "comments_from_registry": 0,
        "comments_by_email": 0,
        "comments_by_mail": 0
    },
    "013-5262": {
        "url": "/notice/013-5262",
        "title": "Cericola Farms Limited\n      \n         - Permit to take water",
        "comments_from_registry": 1,
        "comments_by_email": 0,
        "comments_by_mail": 0
    },
    "019-1310": {
        "url": "/notice/019-1310",
        "title": "Jason LeBlanc\n      \n         - Mineral exploration permit",
        "comments_from_registry": 0,
        "comments_by_email": 0,
        "comments_by_mail": 0
    },
    "019-1966": {
        "url": "/notice/019-1966",
        "title": "Bram Hasler\n      \n         - Mineral exploration permit",
        "comments_from_registry": 0,
        "comments_by_email": 0,
        "comments_by_mail": 0
    },
    "019-1968": {
        "url": "/notice/019-1968",
        "title": "Group Ten Resources Ltd. / Mr.  James Rogers \n      \n         - Mineral exploration permit",
        "comments_from_registry": 0,
        "comments_by_email": 0,
        "comments_by_mail": 0
    },
    "019-1970": {
        "url": "/notice/019-1970",
        "title": "Canada Mortgage and Housing Corporation\n      \n         - Certificate of property use",
        "comments_from_registry": 0,
        "comments_by_email": 0,
        "comments_by_mail": 0
    },
    "019-0704": {
        "url": "/notice/019-0704",
        "title": "Orion Eco Solutions Inc.\n      \n         - Environmental Compliance Approval (air)",
        "comments_from_registry": 0,
        "comments_by_email": 0,
        "comments_by_mail": 0
    },
    "019-1450": {
        "url": "/notice/019-1450",
        "title": "Praxair Canada Inc.\n      \n         - Environmental Compliance Approval (air)",
        "comments_from_registry": 0,
        "comments_by_email": 0,
        "comments_by_mail": 0
    },
    "019-1988": {
        "url": "/notice/019-1988",
        "title": "Battery Mineral Resources Limited\n      \n         - Mineral exploration permit",
        "comments_from_registry": 0,
        "comments_by_email": 0,
        "comments_by_mail": 0
    },
    "019-1864": {
        "url": "/notice/019-1864",
        "title": "Mark Clay\n      \n         - Approval for a consent (subject to conditions) in an area where there is no official plan in place",
        "comments_from_registry": 0,
        "comments_by_email": 0,
        "comments_by_mail": 0
    },
    "019-1863": {
        "url": "/notice/019-1863",
        "title": "Mark Clay\n      \n         - Approval for a consent (subject to conditions) in an area where there is no official plan in place",
        "comments_from_registry": 0,
        "comments_by_email": 0,
        "comments_by_mail": 0
    },
    "019-1965": {
        "url": "/notice/019-1965",
        "title": "Tiger Gold Exploration Corporation\n      \n         - Mineral exploration permit",
        "comments_from_registry": 0,
        "comments_by_email": 0,
        "comments_by_mail": 0
    }
}