{
    "019-6565": {
        "url": "/notice/019-6565",
        "title": "MAGNA INTERNATIONAL INC.\n      \n         - Environmental Compliance Approval (air)",
        "comments_from_registry": 0,
        "comments_by_email": 0,
        "comments_by_mail": 0
    },
    "019-4511": {
        "url": "/notice/019-4511",
        "title": "Warren Industries Ltd.\n      \n         - Environmental Compliance Approval (air)",
        "comments_from_registry": 0,
        "comments_by_email": 0,
        "comments_by_mail": 0
    },
    "019-6689": {
        "url": "/notice/019-6689",
        "title": "B Laurin\n      \n         - Mineral exploration permit",
        "comments_from_registry": 0,
        "comments_by_email": 0,
        "comments_by_mail": 0
    },
    "013-2347": {
        "url": "/notice/013-2347",
        "title": "Longlac Wood Industries Inc.\n      \n         - Licence for a forest resource processing facility",
        "comments_from_registry": 0,
        "comments_by_email": 200,
        "comments_by_mail": 0
    },
    "019-5904": {
        "url": "/notice/019-5904",
        "title": "Lori-Ann Jean Holliday and David Holliday operating as Cedar Crest Cottages and Campground\n      \n         - Environmental Compliance Approval (sewage)",
        "comments_from_registry": 1,
        "comments_by_email": 0,
        "comments_by_mail": 0
    },
    "019-6287": {
        "url": "/notice/019-6287",
        "title": "Lesley P Allison and Roy Christopher Allison\n      \n         - Environmental Compliance Approval (sewage)",
        "comments_from_registry": 0,
        "comments_by_email": 0,
        "comments_by_mail": 0
    },
    "019-5519": {
        "url": "/notice/019-5519",
        "title": "Vale Canada Limited\n      \n         - Environmental Compliance Approval (air)",
        "comments_from_registry": 0,
        "comments_by_email": 0,
        "comments_by_mail": 0
    },
    "019-5675": {
        "url": "/notice/019-5675",
        "title": "Arcelormittal Tailored Blanks Americas Limited\n      \n         - Environmental Compliance Approval (air)",
        "comments_from_registry": 0,
        "comments_by_email": 0,
        "comments_by_mail": 0
    },
    "010-0511": {
        "url": "/notice/010-0511",
        "title": "Ministry of Natural Resources\n      \n         - Designation of a zone",
        "comments_from_registry": 0,
        "comments_by_email": 11,
        "comments_by_mail": 0
    },
    "019-0132": {
        "url": "/notice/019-0132",
        "title": "Bonfield Forest Products Incorporated (International Wood Industries Incorporated) \n      \n         - Licence for a forest resource processing facility",
        "comments_from_registry": 22,
        "comments_by_email": 2,
        "comments_by_mail": 0
    },
    "019-2366": {
        "url": "/notice/019-2366",
        "title": "Lake Nipigon and the Nipigon River Fisheries Management Plan",
        "comments_from_registry": 0,
        "comments_by_email": 0,
        "comments_by_mail": 0
    },
    "019-6272": {
        "url": "/notice/019-6272",
        "title": "Michael John Carter\n      \n         - Environmental Compliance Approval (sewage)",
        "comments_from_registry": 0,
        "comments_by_email": 0,
        "comments_by_mail": 0
    },
    "019-5947": {
        "url": "/notice/019-5947",
        "title": "Dunn Capital Corporation\n      \n         - Environmental Compliance Approval (sewage)",
        "comments_from_registry": 0,
        "comments_by_email": 0,
        "comments_by_mail": 0
    },
    "019-6249": {
        "url": "/notice/019-6249",
        "title": "Waste Management of Canada Corporation\n      \n         - Environmental Compliance Approval (waste)",
        "comments_from_registry": 0,
        "comments_by_email": 0,
        "comments_by_mail": 0
    },
    "019-5497": {
        "url": "/notice/019-5497",
        "title": "G.W. Anglin Manufacturing Inc.\n      \n         - Environmental Compliance Approval (air)",
        "comments_from_registry": 0,
        "comments_by_email": 0,
        "comments_by_mail": 0
    },
    "019-5648": {
        "url": "/notice/019-5648",
        "title": "Orkin Canada Corporation\n      \n         - Environmental Compliance Approval (waste)",
        "comments_from_registry": 0,
        "comments_by_email": 0,
        "comments_by_mail": 0
    },
    "012-2541": {
        "url": "/notice/012-2541",
        "title": "Elk Population Objectives for the Lake Huron North Shore Herd (Blind River)",
        "comments_from_registry": 8,
        "comments_by_email": 1,
        "comments_by_mail": 0
    },
    "012-0370": {
        "url": "/notice/012-0370",
        "title": "Elk Population Objectives for the Nipissing French-River Herd (Sudbury)",
        "comments_from_registry": 1,
        "comments_by_email": 1,
        "comments_by_mail": 0
    },
    "011-3660": {
        "url": "/notice/011-3660",
        "title": "957293 Ontario Inc.\n      \n         - Order to remove, open, repair or improve a dam",
        "comments_from_registry": 3,
        "comments_by_email": 0,
        "comments_by_mail": 0
    },
    "019-6657": {
        "url": "/notice/019-6657",
        "title": "Robert Waring\n      \n         - Mineral exploration permit",
        "comments_from_registry": 0,
        "comments_by_email": 0,
        "comments_by_mail": 0
    }
}