{
    "019-0167": {
        "url": "/notice/019-0167",
        "title": "Mr. John Brassard\n      \n         - Mineral exploration permit",
        "comments_from_registry": 0,
        "comments_by_email": 0,
        "comments_by_mail": 0
    },
    "019-0172": {
        "url": "/notice/019-0172",
        "title": "Mr. John Brassard\n      \n         - Mineral exploration permit",
        "comments_from_registry": 0,
        "comments_by_email": 0,
        "comments_by_mail": 0
    },
    "019-0575": {
        "url": "/notice/019-0575",
        "title": "Stuart Deveau\n      \n         - Mineral exploration permit",
        "comments_from_registry": 0,
        "comments_by_email": 0,
        "comments_by_mail": 0
    },
    "019-2489": {
        "url": "/notice/019-2489",
        "title": "EllisDon Corporation\n      \n         - Environmental Compliance Approval (sewage)",
        "comments_from_registry": 0,
        "comments_by_email": 0,
        "comments_by_mail": 0
    },
    "019-1169": {
        "url": "/notice/019-1169",
        "title": "ClubLink Corporation ULC\n      \n         - Permit to take water",
        "comments_from_registry": 0,
        "comments_by_email": 0,
        "comments_by_mail": 0
    },
    "019-1434": {
        "url": "/notice/019-1434",
        "title": "Brookfield Country Club Limited\n      \n         - Permit to take water",
        "comments_from_registry": 0,
        "comments_by_email": 0,
        "comments_by_mail": 0
    },
    "013-2277": {
        "url": "/notice/013-2277",
        "title": "Goldcorp Canada Limited / Goldcorp Incorporated (Red Lake Gold Mines)\n      \n         - Permit to take water",
        "comments_from_registry": 0,
        "comments_by_email": 0,
        "comments_by_mail": 0
    },
    "019-2202": {
        "url": "/notice/019-2202",
        "title": "Whitestone Aggregates Inc.\n      \n         - Environmental Compliance Approval (sewage)",
        "comments_from_registry": 0,
        "comments_by_email": 0,
        "comments_by_mail": 0
    },
    "019-1457": {
        "url": "/notice/019-1457",
        "title": "Claridge Homes (245 Rideau Phase 2) Inc.\n      \n         - Permit to take water",
        "comments_from_registry": 0,
        "comments_by_email": 0,
        "comments_by_mail": 0
    },
    "019-1465": {
        "url": "/notice/019-1465",
        "title": "NAV Canada\n      \n         - Permit to take water",
        "comments_from_registry": 0,
        "comments_by_email": 0,
        "comments_by_mail": 0
    },
    "013-4448": {
        "url": "/notice/013-4448",
        "title": "Larry Alexander (Larry\u2019s Septic Service)\n      \n         - Environmental Compliance Approval (waste)",
        "comments_from_registry": 0,
        "comments_by_email": 0,
        "comments_by_mail": 0
    },
    "019-2499": {
        "url": "/notice/019-2499",
        "title": "Huntington IV Limited\n      \n         - Environmental Compliance Approval (sewage)",
        "comments_from_registry": 0,
        "comments_by_email": 0,
        "comments_by_mail": 0
    },
    "013-4589": {
        "url": "/notice/013-4589",
        "title": "Ferma Aggregates Inc.\n      \n         - Permit to take water",
        "comments_from_registry": 0,
        "comments_by_email": 0,
        "comments_by_mail": 0
    },
    "019-0054": {
        "url": "/notice/019-0054",
        "title": "1897365 Ontario Inc.\n      \n         - Permit to take water",
        "comments_from_registry": 0,
        "comments_by_email": 0,
        "comments_by_mail": 0
    },
    "019-2100": {
        "url": "/notice/019-2100",
        "title": "ICS Universal Drum Reconditioning GP Inc.\n      \n         - Environmental Compliance Approval (air)",
        "comments_from_registry": 0,
        "comments_by_email": 0,
        "comments_by_mail": 0
    },
    "019-0852": {
        "url": "/notice/019-0852",
        "title": "Covia Canada Ltd.\n      \n         - Permit to take water",
        "comments_from_registry": 0,
        "comments_by_email": 0,
        "comments_by_mail": 0
    },
    "019-1806": {
        "url": "/notice/019-1806",
        "title": "Proposal to expand the live capture of wild raptors (birds of prey) by licensed falconers",
        "comments_from_registry": 632,
        "comments_by_email": 10,
        "comments_by_mail": 0
    },
    "019-3071": {
        "url": "/notice/019-3071",
        "title": "Conquest Resources Limited\n      \n         - Mineral exploration permit",
        "comments_from_registry": 0,
        "comments_by_email": 0,
        "comments_by_mail": 0
    },
    "019-3070": {
        "url": "/notice/019-3070",
        "title": "Conquest Resources Limited\n      \n         - Mineral exploration permit",
        "comments_from_registry": 0,
        "comments_by_email": 0,
        "comments_by_mail": 0
    },
    "019-3069": {
        "url": "/notice/019-3069",
        "title": "Conquest Resources Limited\n      \n         - Mineral exploration permit",
        "comments_from_registry": 0,
        "comments_by_email": 0,
        "comments_by_mail": 0
    }
}