{
    "013-2953": {
        "url": "/notice/013-2953",
        "title": "Ken Daniels (Action Septic Service)\n      \n         - Environmental Compliance Approval (waste)",
        "comments_from_registry": 0,
        "comments_by_email": 0,
        "comments_by_mail": 0
    },
    "013-3995": {
        "url": "/notice/013-3995",
        "title": "Owen Sound Ledgerock Limited\n      \n         - Permit to take water",
        "comments_from_registry": 0,
        "comments_by_email": 0,
        "comments_by_mail": 0
    },
    "013-3579": {
        "url": "/notice/013-3579",
        "title": "McCrea Equipment Rentals\n      \n         - Environmental Compliance Approval (waste)",
        "comments_from_registry": 0,
        "comments_by_email": 0,
        "comments_by_mail": 0
    },
    "013-3575": {
        "url": "/notice/013-3575",
        "title": "2912490 Canada Inc. (Shamrock Enterprises 3)\n      \n         - Environmental Compliance Approval (waste)",
        "comments_from_registry": 0,
        "comments_by_email": 0,
        "comments_by_mail": 0
    },
    "013-3521": {
        "url": "/notice/013-3521",
        "title": "2629153 Ontario Inc. (Murphy's Septic Service)\n      \n         - Environmental Compliance Approval (waste)",
        "comments_from_registry": 0,
        "comments_by_email": 0,
        "comments_by_mail": 0
    },
    "010-5855": {
        "url": "/notice/010-5855",
        "title": "Crown Land Roads Manual \u2013 Update and revision of the 1992 Access Roads Manual",
        "comments_from_registry": 0,
        "comments_by_email": 2,
        "comments_by_mail": 0
    },
    "019-1180": {
        "url": "/notice/019-1180",
        "title": "Agnico Eagle Mines Limited\n      \n         - Mineral exploration permit",
        "comments_from_registry": 0,
        "comments_by_email": 0,
        "comments_by_mail": 0
    },
    "019-1181": {
        "url": "/notice/019-1181",
        "title": "Agnico Eagle Mines Limited\n      \n         - Mineral exploration permit",
        "comments_from_registry": 1,
        "comments_by_email": 0,
        "comments_by_mail": 0
    },
    "019-1164": {
        "url": "/notice/019-1164",
        "title": "Benton Resources Inc.\n      \n         - Mineral exploration permit",
        "comments_from_registry": 0,
        "comments_by_email": 0,
        "comments_by_mail": 0
    },
    "019-1149": {
        "url": "/notice/019-1149",
        "title": "Alex Pleson\n      \n         - Mineral exploration permit",
        "comments_from_registry": 0,
        "comments_by_email": 0,
        "comments_by_mail": 0
    },
    "019-1257": {
        "url": "/notice/019-1257",
        "title": "White Metal Resources Corp.\n      \n         - Mineral exploration permit",
        "comments_from_registry": 0,
        "comments_by_email": 0,
        "comments_by_mail": 0
    },
    "019-0280": {
        "url": "/notice/019-0280",
        "title": "Ljunghall Canada Ltd.\n      \n         - Environmental Compliance Approval (air)",
        "comments_from_registry": 0,
        "comments_by_email": 0,
        "comments_by_mail": 0
    },
    "019-1189": {
        "url": "/notice/019-1189",
        "title": "Lighthouse Variety\n      \n         - Approval for variance from the Liquid Fuels Handling Code",
        "comments_from_registry": 0,
        "comments_by_email": 0,
        "comments_by_mail": 0
    },
    "019-0908": {
        "url": "/notice/019-0908",
        "title": "Regional Municipality of Niagara\n      \n         - Approval to amend a municipality\u2019s official plan",
        "comments_from_registry": 0,
        "comments_by_email": 0,
        "comments_by_mail": 0
    },
    "019-1186": {
        "url": "/notice/019-1186",
        "title": "863880 Ontario Limited\n      \n         - Certificate of property use",
        "comments_from_registry": 0,
        "comments_by_email": 0,
        "comments_by_mail": 0
    },
    "019-1185": {
        "url": "/notice/019-1185",
        "title": "Mizrahi (128 Hazelton) Inc.\n      \n         - Certificate of property use",
        "comments_from_registry": 0,
        "comments_by_email": 0,
        "comments_by_mail": 0
    },
    "012-5613": {
        "url": "/notice/012-5613",
        "title": "Lafarge Canada Inc - Airport Road\n      \n         - Issuance of a licence to remove over 20,000 tonnes of aggregate annually from a pit or a quarry",
        "comments_from_registry": 1,
        "comments_by_email": 11,
        "comments_by_mail": 1
    },
    "013-4973": {
        "url": "/notice/013-4973",
        "title": "Canopy Growth Corporation\n      \n         - Environmental Compliance Approval (sewage)",
        "comments_from_registry": 0,
        "comments_by_email": 0,
        "comments_by_mail": 0
    },
    "013-5221": {
        "url": "/notice/013-5221",
        "title": "Weichold Limited\n      \n         - Environmental Compliance Approval (sewage)",
        "comments_from_registry": 0,
        "comments_by_email": 0,
        "comments_by_mail": 0
    },
    "013-5318": {
        "url": "/notice/013-5318",
        "title": "CHSS International Investment & Management Ltd.\n      \n         - Environmental Compliance Approval (sewage)",
        "comments_from_registry": 0,
        "comments_by_email": 0,
        "comments_by_mail": 0
    }
}