{
    "019-0468": {
        "url": "/notice/019-0468",
        "title": "Capital Sewer Services Inc.\n      \n         - Environmental Compliance Approval (sewage)",
        "comments_from_registry": 0,
        "comments_by_email": 0,
        "comments_by_mail": 0
    },
    "013-5075": {
        "url": "/notice/013-5075",
        "title": "Lively Golf & Country Club\n      \n         - Permit to take water",
        "comments_from_registry": 0,
        "comments_by_email": 0,
        "comments_by_mail": 0
    },
    "019-0298": {
        "url": "/notice/019-0298",
        "title": "Fowler Construction Company Limited\n      \n         - Permit to take water",
        "comments_from_registry": 0,
        "comments_by_email": 0,
        "comments_by_mail": 0
    },
    "013-1187": {
        "url": "/notice/013-1187",
        "title": "Bruman Construction Incorporated\n      \n         - Permit to take water",
        "comments_from_registry": 0,
        "comments_by_email": 0,
        "comments_by_mail": 0
    },
    "019-0327": {
        "url": "/notice/019-0327",
        "title": "Goldcorp Canada Ltd.\n      \n         - Permit to take water",
        "comments_from_registry": 0,
        "comments_by_email": 0,
        "comments_by_mail": 0
    },
    "019-0384": {
        "url": "/notice/019-0384",
        "title": "Sault Ste. Marie Golf Club\n      \n         - Permit to take water",
        "comments_from_registry": 1,
        "comments_by_email": 0,
        "comments_by_mail": 0
    },
    "019-0041": {
        "url": "/notice/019-0041",
        "title": "Erie Sand & Gravel Limited\n      \n         - Changes to the site plan for a pit or quarry",
        "comments_from_registry": 0,
        "comments_by_email": 2,
        "comments_by_mail": 0
    },
    "013-5245": {
        "url": "/notice/013-5245",
        "title": "Claridge Homes (Bridlewood Trails) Inc.\n      \n         - Environmental Compliance Approval (sewage)",
        "comments_from_registry": 0,
        "comments_by_email": 0,
        "comments_by_mail": 0
    },
    "019-0444": {
        "url": "/notice/019-0444",
        "title": "NexCycle Industries Ltd.\n      \n         - Multiple orders",
        "comments_from_registry": 3,
        "comments_by_email": 3,
        "comments_by_mail": 0
    },
    "012-8878": {
        "url": "/notice/012-8878",
        "title": "Primero Mining Corp.\n      \n         - Acknowledging receipt of a closure plan for a mine production project",
        "comments_from_registry": 0,
        "comments_by_email": 0,
        "comments_by_mail": 0
    },
    "019-0386": {
        "url": "/notice/019-0386",
        "title": "GFL Environmental Inc.\n      \n         - Environmental Compliance Approval (air)",
        "comments_from_registry": 0,
        "comments_by_email": 0,
        "comments_by_mail": 0
    },
    "019-0229": {
        "url": "/notice/019-0229",
        "title": "Peter Robert Schwarz\n      \n         - Approval for a consent (subject to conditions) in an area where there is no official plan in place",
        "comments_from_registry": 0,
        "comments_by_email": 0,
        "comments_by_mail": 0
    },
    "019-0476": {
        "url": "/notice/019-0476",
        "title": "Tri-Origin Exploration Ltd. \n      \n         - Mineral exploration permit",
        "comments_from_registry": 0,
        "comments_by_email": 0,
        "comments_by_mail": 0
    },
    "019-0474": {
        "url": "/notice/019-0474",
        "title": "Tri-Origin Exploration Ltd.\n      \n         - Mineral exploration permit",
        "comments_from_registry": 0,
        "comments_by_email": 0,
        "comments_by_mail": 0
    },
    "013-4142": {
        "url": "/notice/013-4142",
        "title": "F&P MFG., Inc.\n      \n         - Environmental Compliance Approval (air)",
        "comments_from_registry": 0,
        "comments_by_email": 0,
        "comments_by_mail": 0
    },
    "013-4814": {
        "url": "/notice/013-4814",
        "title": "2551943 Ontario Inc.\n      \n         - Environmental Compliance Approval (sewage)",
        "comments_from_registry": 0,
        "comments_by_email": 0,
        "comments_by_mail": 0
    },
    "013-5291": {
        "url": "/notice/013-5291",
        "title": "2530387 Ontario Inc.\n      \n         - Environmental Compliance Approval (sewage)",
        "comments_from_registry": 0,
        "comments_by_email": 0,
        "comments_by_mail": 0
    },
    "019-0324": {
        "url": "/notice/019-0324",
        "title": "Cedarwell Excavating Ltd.\n      \n         - Changes to the site plan for a pit or quarry",
        "comments_from_registry": 0,
        "comments_by_email": 0,
        "comments_by_mail": 1
    },
    "019-0323": {
        "url": "/notice/019-0323",
        "title": "Cedarwell Excavating Ltd.\n      \n         - Changes to the conditions of a licence to operate a pit or quarry",
        "comments_from_registry": 0,
        "comments_by_email": 0,
        "comments_by_mail": 1
    },
    "019-0278": {
        "url": "/notice/019-0278",
        "title": "Ronald A. Cooney Haulage Ltd. c/o Matthew Page, Estate Trustee\n      \n         - Changes to the site plan for a pit or quarry",
        "comments_from_registry": 0,
        "comments_by_email": 1,
        "comments_by_mail": 0
    }
}