{
    "019-5075": {
        "url": "/notice/019-5075",
        "title": "Harte Gold Corp.\n      \n         - Mineral exploration permit",
        "comments_from_registry": 0,
        "comments_by_email": 0,
        "comments_by_mail": 0
    },
    "019-5076": {
        "url": "/notice/019-5076",
        "title": "Harte Gold Corp.\n      \n         - Mineral exploration permit",
        "comments_from_registry": 0,
        "comments_by_email": 0,
        "comments_by_mail": 0
    },
    "019-3234": {
        "url": "/notice/019-3234",
        "title": "NOVA Chemicals Corporation\n      \n         - Environmental Compliance Approval (air)",
        "comments_from_registry": 0,
        "comments_by_email": 0,
        "comments_by_mail": 0
    },
    "019-3024": {
        "url": "/notice/019-3024",
        "title": "Stericycle ULC\n      \n         - Environmental Compliance Approval (waste)",
        "comments_from_registry": 0,
        "comments_by_email": 0,
        "comments_by_mail": 0
    },
    "019-4841": {
        "url": "/notice/019-4841",
        "title": "Hydro One Networks Inc\n      \n         - Environmental Compliance Approval (sewage)",
        "comments_from_registry": 0,
        "comments_by_email": 0,
        "comments_by_mail": 0
    },
    "019-4947": {
        "url": "/notice/019-4947",
        "title": "95 Development Inc.\n      \n         - Permit to take water",
        "comments_from_registry": 0,
        "comments_by_email": 0,
        "comments_by_mail": 0
    },
    "019-5115": {
        "url": "/notice/019-5115",
        "title": "DARIEN AGGREGATES INCORPORATED\n      \n         - Mineral exploration permit",
        "comments_from_registry": 0,
        "comments_by_email": 0,
        "comments_by_mail": 0
    },
    "012-2676": {
        "url": "/notice/012-2676",
        "title": "Township of Whitewater Region \n      \n         - Approval to amend a municipality\u2019s official plan",
        "comments_from_registry": 0,
        "comments_by_email": 0,
        "comments_by_mail": 11
    },
    "019-4784": {
        "url": "/notice/019-4784",
        "title": "Michele Tuomi - Lamaune Iron INC.\n      \n         - Mineral exploration permit",
        "comments_from_registry": 0,
        "comments_by_email": 0,
        "comments_by_mail": 0
    },
    "019-4783": {
        "url": "/notice/019-4783",
        "title": "Michele Tuomi - Landore Resources Canada Inc.\n      \n         - Mineral exploration permit",
        "comments_from_registry": 0,
        "comments_by_email": 0,
        "comments_by_mail": 0
    },
    "019-4782": {
        "url": "/notice/019-4782",
        "title": "Michele Tuomi - Landore Resources Canada Inc.\n      \n         - Mineral exploration permit",
        "comments_from_registry": 0,
        "comments_by_email": 0,
        "comments_by_mail": 0
    },
    "019-4781": {
        "url": "/notice/019-4781",
        "title": "Michele Tuomi - Landore Resources Canada Inc.\n      \n         - Mineral exploration permit",
        "comments_from_registry": 0,
        "comments_by_email": 0,
        "comments_by_mail": 0
    },
    "019-4203": {
        "url": "/notice/019-4203",
        "title": "Mr. Eric Marion\n      \n         - Mineral exploration permit",
        "comments_from_registry": 0,
        "comments_by_email": 0,
        "comments_by_mail": 0
    },
    "019-3483": {
        "url": "/notice/019-3483",
        "title": "Douglas Parker\n      \n         - Mineral exploration permit",
        "comments_from_registry": 0,
        "comments_by_email": 0,
        "comments_by_mail": 0
    },
    "019-1449": {
        "url": "/notice/019-1449",
        "title": "Douglas Parker\n      \n         - Mineral exploration permit",
        "comments_from_registry": 0,
        "comments_by_email": 0,
        "comments_by_mail": 0
    },
    "019-5108": {
        "url": "/notice/019-5108",
        "title": "Impala Canada Ltd.\n      \n         - Mineral exploration permit",
        "comments_from_registry": 0,
        "comments_by_email": 0,
        "comments_by_mail": 0
    },
    "019-5086": {
        "url": "/notice/019-5086",
        "title": "Power One Resources Corporation\n      \n         - Mineral exploration permit",
        "comments_from_registry": 0,
        "comments_by_email": 0,
        "comments_by_mail": 0
    },
    "019-4902": {
        "url": "/notice/019-4902",
        "title": "Mississauga I GP Inc.\n      \n         - Permit to take water",
        "comments_from_registry": 0,
        "comments_by_email": 0,
        "comments_by_mail": 0
    },
    "019-4698": {
        "url": "/notice/019-4698",
        "title": "Golfnorth Management Corp., operating as Trafalgar Golf & Country Club\n      \n         - Permit to take water",
        "comments_from_registry": 0,
        "comments_by_email": 0,
        "comments_by_mail": 0
    },
    "019-4413": {
        "url": "/notice/019-4413",
        "title": "Li-Cycle Corp.\n      \n         - Environmental Compliance Approval (air)",
        "comments_from_registry": 0,
        "comments_by_email": 0,
        "comments_by_mail": 0
    }
}