{
    "019-6472": {
        "url": "/notice/019-6472",
        "title": "Parkbridge Lifestyle Communities Inc.\n      \n         - Permit to take water",
        "comments_from_registry": 0,
        "comments_by_email": 0,
        "comments_by_mail": 0
    },
    "019-5922": {
        "url": "/notice/019-5922",
        "title": "1765667 Ontario Inc.\n      \n         - Environmental Compliance Approval (air)",
        "comments_from_registry": 0,
        "comments_by_email": 0,
        "comments_by_mail": 0
    },
    "019-5863": {
        "url": "/notice/019-5863",
        "title": "WELDED TUBE OF CANADA CORP.\n      \n         - Environmental Compliance Approval (air)",
        "comments_from_registry": 0,
        "comments_by_email": 0,
        "comments_by_mail": 0
    },
    "019-3742": {
        "url": "/notice/019-3742",
        "title": "Fielding Chemical Technologies Inc.\n      \n         - Environmental Compliance Approval (air)",
        "comments_from_registry": 0,
        "comments_by_email": 0,
        "comments_by_mail": 0
    },
    "019-6633": {
        "url": "/notice/019-6633",
        "title": "C. Cox\n      \n         - Mineral exploration permit",
        "comments_from_registry": 1,
        "comments_by_email": 0,
        "comments_by_mail": 0
    },
    "019-5331": {
        "url": "/notice/019-5331",
        "title": "Regional Municipality of Halton \n      \n         - Permit for activities to achieve an overall benefit to a species",
        "comments_from_registry": 1,
        "comments_by_email": 0,
        "comments_by_mail": 0
    },
    "019-6285": {
        "url": "/notice/019-6285",
        "title": "Ross Roth Sand & Gravel Inc. \n      \n         - Changes to the conditions of a licence to operate a pit or quarry",
        "comments_from_registry": 5,
        "comments_by_email": 7,
        "comments_by_mail": 0
    },
    "019-4085": {
        "url": "/notice/019-4085",
        "title": "Thomas Cavanagh Construction Limited \n      \n         - Issuance of a licence to remove over 20,000 tonnes of aggregate annually from a pit or a quarry",
        "comments_from_registry": 0,
        "comments_by_email": 0,
        "comments_by_mail": 0
    },
    "019-3683": {
        "url": "/notice/019-3683",
        "title": "Maurice Yelle Excavation Ltd.\n      \n         - Changes to the site plan for a pit or quarry",
        "comments_from_registry": 0,
        "comments_by_email": 2,
        "comments_by_mail": 0
    },
    "019-6545": {
        "url": "/notice/019-6545",
        "title": "Percy Clark\n      \n         - Mineral exploration permit",
        "comments_from_registry": 0,
        "comments_by_email": 0,
        "comments_by_mail": 0
    },
    "019-4640": {
        "url": "/notice/019-4640",
        "title": "GFL Infrastructure Group Inc.\n      \n         - Environmental Compliance Approval (sewage)",
        "comments_from_registry": 0,
        "comments_by_email": 0,
        "comments_by_mail": 0
    },
    "012-8351": {
        "url": "/notice/012-8351",
        "title": "Clevelands House Limited\n      \n         - Environmental Compliance Approval (sewage)",
        "comments_from_registry": 0,
        "comments_by_email": 0,
        "comments_by_mail": 0
    },
    "019-5814": {
        "url": "/notice/019-5814",
        "title": "Calypso Parc Inc.\n      \n         - Permit to take water",
        "comments_from_registry": 0,
        "comments_by_email": 1,
        "comments_by_mail": 0
    },
    "019-6489": {
        "url": "/notice/019-6489",
        "title": "PeterBurton Mineral\n      \n         - Mineral exploration permit",
        "comments_from_registry": 0,
        "comments_by_email": 0,
        "comments_by_mail": 0
    },
    "019-6488": {
        "url": "/notice/019-6488",
        "title": "PeterBurton Mineral\n      \n         - Mineral exploration permit",
        "comments_from_registry": 0,
        "comments_by_email": 0,
        "comments_by_mail": 0
    },
    "019-6487": {
        "url": "/notice/019-6487",
        "title": "PeterBurton Mineral\n      \n         - Mineral exploration permit",
        "comments_from_registry": 0,
        "comments_by_email": 0,
        "comments_by_mail": 0
    },
    "010-7226": {
        "url": "/notice/010-7226",
        "title": "Regulation of Dedicated Protected Areas, identified in the Whitefeather Forest and Adjacent Areas Land Use Strategy (2006) (Whitefeather Strategy), as provincial parks under the Provincial Parks and Conservation Reserves Act (2006)",
        "comments_from_registry": 3,
        "comments_by_email": 0,
        "comments_by_mail": 0
    },
    "019-1851": {
        "url": "/notice/019-1851",
        "title": "Town of LaSalle\n      \n         - Permit for activities to achieve an overall benefit to a species",
        "comments_from_registry": 1,
        "comments_by_email": 0,
        "comments_by_mail": 0
    },
    "019-5233": {
        "url": "/notice/019-5233",
        "title": "OPTrust Amaranth 6 Inc.\n      \n         - Permit to take water",
        "comments_from_registry": 0,
        "comments_by_email": 1,
        "comments_by_mail": 0
    },
    "019-5938": {
        "url": "/notice/019-5938",
        "title": "Cascades Canada ULC, operating as Cascades Containerboard Packaging\n      \n         - Environmental Compliance Approval (air)",
        "comments_from_registry": 0,
        "comments_by_email": 0,
        "comments_by_mail": 0
    }
}