{
    "34031": {
        "url": "/comment/34031",
        "comment": "Time to change the makeup of the BGMAC committee: it is so unfairly imbalanced that the moose of Ontario dont stand a chance!  Here we have a bunch of macho men who want their moose-burger and antlers that is going to end up reducing the population to a dangerously low number...but of course you havent looked at the science, have you?\nEnd the calf hunt completely! Why do you need a small calf?\nPut some of your money into research and monitoring.\nYou know, those hunters arent they only people who have a stake in the living moose!  Most of us do not want so little protection for these animals...we out-number the hunter population!\nPROTECT, DON\u2019T SHOOT our natural resources! They belong to us, NOT you.\n~leslie bald\nBayfield, ON\nPS: you can publish this comment, I just didnt want to 'register'\n"
    },
    "34033": {
        "url": "/comment/34033",
        "comment": "With moose population on a rapid decline along with all wildlife we need much stricter hunting regulations and an outright ban is what should be happening! Why is it that the general public was not consulted?n Why were hunters consulted when they are the very problem? One would suspect that brain dead hunters are mostly Conservative supporters. Disgusting!\n"
    },
    "34037": {
        "url": "/comment/34037",
        "comment": "I am pleased to see that changes are being made to the regulations regarding moose hunting.  However, given the decline of the moose population, I am concerned that they do not go far enough.   I urge you to put in firm regulations that establish and protect moose refuge areas.\nI also urge you to end  the calf hunt completely -- it is not responsible to allow the hunting of young moose whilst the population is in decline.\nTo ensure the above, it is important that   more resources be allocated for enforcement, monitoring and research.  Please ensure this in the next budget.\nFinally, I would request that  the composition of BGMAC to be more representative of all Ontarians. Our environment is simply too important to do otherwise.\n"
    },
    "34046": {
        "url": "/comment/34046",
        "comment": "I have commented on this proposal earlier and I would like to make you aware of one other consideration that should have been added in the proposal and that is open season dates on Moose.\nYou changed the open season in moose a few years back, perhaps three or four years ago in the south to one week later and open on a Saturday rather then the Monday. You made this decision with very little or no conversation. You have inconvenient or put many hunters in the south in a position to not moose hunt or to not deer hunt, one or the other. In the year 2021, there will be two days between the moose and the deer hunts. That will make hunters decide, now do I moose hunt or do I deer hunt with vacation time back to back.\nMany moose hunters and deer hunters in the south have and use camps for both deer and moose or what ever the hunting season will bring them. The season were spaced out that the working man could get the time off work but with the seasons back to back that will not be the case. We pay taxes and upkeep on these buildings and now we may have to give them up for the use for one of our traditional hunts. I think this is wrong and the earlier moose season in the south should be revisited and discuss the opening on the Monday vs the Saturday, another real inconvenience!\nI ask you the OMNRF to help the hunter enjoy all the hunt seasons and not to make them choose not to go hunting because seasons too close and they may not get vacation time. All food for thought!\nThank You\n"
    },
    "34048": {
        "url": "/comment/34048",
        "comment": "I am not a moose hunter but I do love the species as they are magnificent animals who do no harm to anyone, as long as they stay off the roads! Having said that i was shocked to ;earn that we even allow  calf hunting. In my that should not be allowed. I find it strange that you think protecting the growth of the moose population is better served by allowing calf hunting throughout the moose hunting season.\nIf all of your recommendations for changes have come from moose hunters and outfitters, it is highly biased. You should know better!! Thank you.\n"
    },
    "34054": {
        "url": "/comment/34054",
        "comment": "I live in WMA 13, I hunt 12B for with my group when successful with a bull tag, and 15A for a calf. That being said, there have been NUMEROUS cows/calf\u2019s shot and left to spoil, I\u2019m sure due to someone not properly identifying the animal there tag allows. I believe EVERYONE who apples for a cow tag and is successful in receiving one weather bow/rifle. Should be aloud to harvest the calf prior to the calf season IF they have a cow tag attached to the calf. This will help the population in numerous ways. 1 if an Animal was misjudged and shot, it can be tagged without spoiling (any faithful honest hunter would attach the tag and now allow the animal to waste). 2 a lot of hunters would rather harvest a calf knowing the cow has a calf or 2. If a cow is harvested in bow or rifle season the chance of the calf surviving has now drastically dropped, and the calf will never survive the winter alone. The other option I know would work is only open the cow season for the same 2 weeks the calf season is open. 9 times out of 10 there\u2019s at least 2 hunters 1 with a cow tag one with a calf tag. This would allow both moose to be harvested and no calf potentially going to waste to nature. Also the wolf population primarily in 15A as I spend a lot of time up there year round, has been increasing faster then the food chain can keep up with. This summer alone I have witnessed numerous wolfs all out scavenging for food. There was a point this summer my grandfather was being stocked and hunted by one of the packs while he was out blueberry picking. I believe wolf season should be opened the same day fall bear season opens, as the wolf\u2019s do often come into the bear stands and a lot of hunters would love to have the opportunity to shoot a wolf but can\u2019t as the seasons not open. I also believe the wolf/coyote tag should be eliminated and provided you have your small game license.this will allow a few more hunters to help maintain the increasing wolf population with out the fear of shooting one and not having that tag. I believe I have stated all my concerns I hope these are taken into consideration to assist in boasting the moose population\nThanks\n"
    },
    "34059": {
        "url": "/comment/34059",
        "comment": "Please truly protect our moose.  It is a great symbol of out Ontario and Canadian heritage.\nI am from Sault Ste. Marie - address is 47 Thorneloe Crescent, P6A 4J4\nI am shocked that we allow calves to be killed - please stop this - how can the population recover if we kill the young.\nEstablish protected areas for the moose - no hunting whatsoever.\nI understand that costs have been cut for enforcement - I also hear stories about people illegally hunting moose.  So please fund enforcement, monitoring the moose and research so we are fully clear on what is happening and why so we can make \"real\" changes to protect instead of \"political\" posturing.\nChange the composition of BGMAC to represent all Ontarians - I understand male hunters and outfitters are on this committee - heavily biased towards continued hunting at the highest quantities possible.  Why would someone like me who values our wildlife for the beauty it brings instead of a desire to kill it not be on this committee.\n"
    },
    "34066": {
        "url": "/comment/34066",
        "comment": "It is obvious there is a concern about the declining moose populations in Ontario.  The message is clear that the ministry is not doing due diligence in its mandate to protect and reserve a healthy moose populations. Please do the right thing to reduce or eliminate the number of moose tags issued for hunting and address whatever measures are required to allow the moose populations to recover. This may also require looking at habitat loss, diseases and real scientific studies to address these issues. I do not want to loose the moose nor do I want to see what has happened to the Caribou also happen to the moose. It is your duty to address these issues and not sweep them under the carpet to make a few hunters happy for another season.\n"
    },
    "34068": {
        "url": "/comment/34068",
        "comment": "I am emailing to express my concern with proposed changes to moose hunting legislation. In this time of mass extinction and rapid climate change, we as a country and province need to be in protection mode. To this end we as a province need to:\n1) End the moose calf hunt completely\n2) Establish and protect moose refuge areas\n3) Increase resources for enforcement, monitoring and research\n4) Change the composition of BGMAG to be more representative of all people whom live in Ontario.\n"
    }
}