{
    "33383": {
        "url": "/comment/33383",
        "comment": "After reviewing the proposals put forward I feel there are many good changes with this approach. The two points I feel very strongly about if we are to preserve the population of Moose and the opportunities that come with it as hunters and conservationists, is in regards to Calf hunting and Coyote/Wolf hunting.\nThe combination of restricting the wolf/coyote hunting around Algonquin park and at the same time allowing Calf's to be harvested (which are already under constant threat from Predator's) just makes little sense to me. Help protect the most vulnerable (less calf hunting) and allow us hunters to help keep the predators in check. We are the only control mechanism that exists for that.\nThank you,\n"
    },
    "33384": {
        "url": "/comment/33384",
        "comment": "I hope when applying points for accepting a surplus tag that it becomes applicable from the date the new system goes into effect. I have gone over 10 years without receiving a tag in the draw but have received a surplus tag (after a long delay getting through on the phone lines) only to abort going on the hunt due to very limited road access (northern wmu). Accepted the tag only because that was all that was available (available tags for the wmu we wanted were already gone). Upon looking further into the wmu after receiving the tag came to conclusion the wmu was very limited by road and more a fly in zone. If the points accumulated for years with going without a tag had to be forfeited because of the acceptance of a surplus tag under the circumstances outlined above, it would be very disappointing, especially accepting a surplus tag not knowing this details of this new system be implemented!\n"
    },
    "33385": {
        "url": "/comment/33385",
        "comment": "I hope it is a hell of a lot better than what your doing now!!\nWhat ever it is is not working for the hunter in mind. The adult tag draw has gone all to the dogs!!\nAnimal management is a good thing. However when I sit in my stand in Moose season and see three adult moose of either sex.  For the past 3 years. AND YOU TELL ME THERE IS NO MOOSE IN MY AREA!!\nThat is in the least to say is infuriating!!\nI don't think you are doing anything to help. NO TAGS!!\nCOME ON!! Enough already.\nDon't even get me started on these paper tags and licenses. You are trying to save money in all the wrong places. And where is all this license tag fees going anyway??\nYours Truly\nNot Happy\n"
    },
    "33386": {
        "url": "/comment/33386",
        "comment": "Why do we need to hunt calf\u2019s? We are trying to increase the population and manage it. If the population is low then we should think about the next generation of moose. I agree the wolf/coyote population as well as bear do not help the calf population but we are not helping it either. I remember reading an article from Michigan how the had for ten years a deer hunt that was antlered only. The population exploded and after that everyone who applied was given an antlered and antlerless tag. I agree the point system is something that a lot of states do and works very well and can be very effective and fair. And the non resident hunters can no longer apply is a  definitely had to be done. Appreciate all the detail and work put into all this, and addressing the hunters, as well letting us comment on it.\n"
    },
    "33397": {
        "url": "/comment/33397",
        "comment": "There needs a way to transfer a tag obviously due to medical reasons but also occupation change. We had a circumstance where one of our members chaanged jobs in Sept. His new job did not allow holidays right away and fortunately we were able to transfer within our group. In your proposal if this is not addressed it could significantly affect the entire hunting party. I would propose in such circumstances that the new employer provide a letter stating start date and holiday structure. Perhaps also a pay stub to be included to assure they are actually employed\n"
    },
    "33398": {
        "url": "/comment/33398",
        "comment": "Thank You for the opportunity to express my thoughts:\n-There was a good effort put forth communication the actions for the new Moose plan, and to have stake holders involved.\n  However it was quite surprising, Southern  Ontario got 2 locations, and Northern Ontario got 5 locations for public meeting.\n   Why-If it is known , about 50% of Ontario moose hunters are from South?\nThis is now behind us-can not offer solution, however many were not given opportunities to go to these meetings.\n-There is no clear rationale to allocate one extra point to Northern Ontario hunters!\n    Why all the others from Ontario are treated differently? Southerners spend lot more money into Tourist industry while going up moose hunting(one of the goals of hunting as such is-to contribute to the Economy).It is well known, very few, if any Northern Licensed hunter needs to hunt for other then a great pastime!\n    No difference then the Southern hunters do!\nSo-why preference?\n     Just because they are there, and the moose is there too?\n     Just because    Southerners have deer-they do not?(some still have deer too). Travel down, it is easy, and easy to get deer tags too-after all ,Southerners do opposite for moose hunt?\n    Solution-TREAT all Ontarians EQUALLY for points.\n-Allowing long term points to be carried over to the unsuccessful hunters is very unfair!\n It does penalize all other hunters willing to take \"worst\" opportunities in remote locations, or where moose is hard to get by, in order to get tag and moose hunt. The ones waiting for good luck, and not willing to move now will have ALL the perks from the new system-likely condemning the past successful ones to keep sucking up bad locations or not go hunting altogether?\n    Not getting moose tag for 5-10 years is not just sheer bad luck or bad system , it is also huge unwillingness  from their part!\n  Most unsuccessful hunters knew what they were getting into when applying into hard to get tag areas-why prefer them over the contributors ?\n   Solution-have a CLEAN slate, start with 2021-so EVERYONE knows the rules , and EVERYONE can play EQUALLY by them. Random draw for few years in the HIGH  DEMAND WMU-s, then everything will settle where trends will go.\n-Why penalize successful hunters WHOM got a tag in surplus tag system(by  eliminating their points)?This is a new approach, has no past precedent in Ontario moose hunt, and again penalizes the willing and contributing.\n   Solution-disregard surplus tags from preference point removal process. They will be eliminated anyway soon.\nThere are still other unknown or hard to understand implications of the new proposal, but this is what my comments are as of now.\nThank You for Your time.\n"
    },
    "33400": {
        "url": "/comment/33400",
        "comment": "Hi,\nI'm not against the calf harvest but atleast put a ban on hunting cows when you do this. in the past couple years hunting we have seen calfs on there own crying surrounded by wolves. this is also why the wolf population has exploded in the last couple of years. whoever idea it was to be able to shoot the cow and not the calf should be fired on the spot. this is the reason you now you have low moose numbers, angry hunters without tags even when applying in large groups and an out of control predator population.\nplease review your ideas before implementing them, as must of the time they are thoughtless or only good in theory.\nThank you,\n"
    },
    "33401": {
        "url": "/comment/33401",
        "comment": "For all of you hunters out there that are skeptical about the new proposal you have to look at it with a positive attitude. Guys and gals the status quo was just not working. The status quo was depleting our moose population and destroying the future of moose hunting. In order to protect and grow our moose population for future hunting, we must protect the cow population and calf harvesting, and down size the number of predators. I would have preferred to see calf hunting totally eliminated, but the new proposal will protect them big time. I am still suggesting as part of the new proposal for the MNRF to keep cow tag quantities to the lowest levels possible in all zones and no zones should have more cow tags then bull tags available. New changes will never satisfy everyone, but the future of moose management and tag allocation should be much more positive in the future.\n"
    },
    "33405": {
        "url": "/comment/33405",
        "comment": "Preference for moose tags should be given to residents who actually reside near or in the WMU they are applying for. I live in Northern Ontario for the love of the outdoors yet have to compete in a lottery against people province wide.\nAlso the 2 week calf season is silly. Example being someone shoots a cow moose with a calf outside the open calf season. That calf will not survive long on its own. Holders of a cow moose tag should automatically be able harvest a calf also for the entire open moose season.\n"
    },
    "33406": {
        "url": "/comment/33406",
        "comment": "As close to perfect as you can get IF ENACTED AS DESCRIBED. The real key will be setting the HARVEST QUOTAS. Too much emphasis has been placed on tags and keeping hunters and outfitters happy at the expense of the resource and interests of the non-hunting public.\nYou need to review the original \u201cTag Transfer Policy\u201d and implement AS WRITTEN. It explains the rationale for transfers.It describes the principles and gives examples of the most common exceptions. The problems were created when OFAH / BGMAC decided to modify that policy without understanding the principles and failings to consult the author of the policy.\nYou need to start working cooperatively with subsistence hunters and convince them that good moose management is in everyone\u2019s interest.\n"
    },
    "33410": {
        "url": "/comment/33410",
        "comment": "I have not found evidence that the ministry includes in their statistics the total number of moose harvested by native hunters. Therefore, all rationalisation from the ministry regarding how they decide how many tags  are allocated to each designated area is total nonsense! The ministry's claim to manage the moose herd population is also total nonsense! I am one of the thousands of real hunters who have stopped paying into the ministry's coffers when my chance to get a tag is almost 0%. Beef isn't cheap but at least when I put down my hard-earned dollars I get something I can eat in return!\n"
    },
    "33411": {
        "url": "/comment/33411",
        "comment": "The group hunting size should not be restricted to ten hunters. This will not decrease the likelihood of hunters being successful and will only create more issues of non-compliance. The further restriction of hunting distance from 5km to 3km will ensure that a group of hunters is indeed hunting as a group of hunters . Whether the group size is set at 10 individuals or 20 individuals the hunters will be restricted to their historic hunting areas. This will only create more unnecessary legislation for hunters to follow and make planning for an upcoming moose hunt unnecessarily difficult. Any restrictions on moose harvest numbers should be done through the allocation of tags.\nThere should be no calf moose hunt. Most of the issues associated with compliance in moose hunts is associated with the incorrect identification of a calf moose. A hunter can never be sure if a calf moose is indeed a calf moose or simply a small yearling cow. If tags were restricted to bull and cow/calf tags these issues of incorrect identification would be eliminated. This would increase the sustainability of the moose population and reduce stress on MNRF conservation officers so that they could focus on more serious offences in comparison to incorrect identification of calf moose.\n"
    },
    "33412": {
        "url": "/comment/33412",
        "comment": "WMU 40 should be split between north and south. Moose population can easily skewed over all. This could be said for 41 and 42 as well.\nIf a large group of people in one area have the same amount of preference points in an area with few tags, presumably this same group of people will be the one to get tags forever if the tag to group ratio has a large enough difference.\n"
    },
    "33413": {
        "url": "/comment/33413",
        "comment": "I like the fact that changes are being made to make the tag process more fair. I believe Ontario should look at how other provinces manage their moose populations. As I believe in Quebec but not 100% positive they alternate year to year between bulls & cows.\nNow on the subject of seasons I think that a hunting season should always start on a Monday not on a Saturday.  With the season starting on Saturday hunters now have to take time off work the week prior as well as for the week of the season in order to not miss opening day. As I am a hunter in WMU 61 this has become a problem for all of the hunters I've talked to since this change was implemented. All of the hunters/camps our group has talked to would always rather leave a hunt a day or two early than miss the opening days.\n"
    },
    "33414": {
        "url": "/comment/33414",
        "comment": "I am very glad to see that there will be more archery tags the point system seems allright. My big concern is if my hunting partners or myself do not have a tag , to my understanding we will not be able to hunt Moose that year. That for me would be a big dissapointment,it is one of my passion. Did anyone think about 3 or 4 hunters per tag. Anymore than that is very hard to keep hunters in the 5 klm range even harder in 3 klm.  Just a suggestion, thank you for reading\n"
    },
    "33416": {
        "url": "/comment/33416",
        "comment": "Hi\nI have been a moose hunter for 32 years . This year , our group of 10 pool 1 hunters did not receive a moose tag for area 12B , which we look forward to participating in every year . Unfortunately , one of our senior members that was suppose to apply with us took ill , and missed the draw deadline . The mishap  was not discovered until we realized  we did not receive a tag. Since then , i have been in touch with several very helpful M.N.R. representatives . I was informed that all groups of 11 received a adult tag , and all participants of a lower number did not . I also was informed that approx. 70 tags were left and were distributed to applicants who applied individually through the next steps in the draw . Last year , during conversations with successful hunters during our trip home , we discovered that a group of 4 that applied individually received 2 tags , and this is not the first time i have came across this . I was wondering why all large groups do not receive tags before a individual receives a tag . Seems to me that a group of 10 group 1 hunters contribute much more into the northern communities than a individual receiving a tag . At one time  , our group would consider purchasing a tag from the outfitter , but since american hunters have been allowed to hunt in the same area , we have not been able to compete .\n"
    },
    "33418": {
        "url": "/comment/33418",
        "comment": "I think these changes are a breath of fresh air. They are vastly improved. Keep talking to biologists, outfitters, farmers and hunters. People with boots in the field often have solutions to issues with wildlife. I am glad your listening and look forward to further improvements as populations adjust. Hunters are all for conservation generally. We do have a segment of the population that does not play by the rules in some cases and quite frankly, I don't like the rules they play by. Those rules can be abused and I have seen it personally too many times. MNR officials turn a blind eye.  It hurts the wildlife and sometimes they don't use it for their subsistence as treaties state. Much is sold for profit and I have witnessed wastage in the field as well. I know its a big political issue BUT it is a factor and part of the problem. Lets pay attention to one of the elephants in the room. Many of us have seen this first hand. Sorry to be politically incorrect but lets be honest and try to fix it. Uphold the laws that exist surrounding this issue.\n"
    }
}