{
    "33008": {
        "url": "/comment/33008",
        "comment": "Not sure who's coming up with this stuff but must be a tree hugger. Now you say I have to buy a moose license every year knowing I don't stand a chance of getting a tag until a number of years go by and I finally built up enough points to get a tag, in my case of mu42 maybe one tag in my life time. Then if I finally get a tag I can't even go hunt with my buddies. Ya this is going to go over well. Who dreams this stuff up?\n"
    },
    "33010": {
        "url": "/comment/33010",
        "comment": "another great suggestion would be for calf licence you can only harvest a calf in the district you apply for instance if you apply for district 42 you can only harvest in 42 not any other district this would save many calves from being harvested  and in turn save and grow the population as we did one year we were hunting in 32 and unsuccessful for the week on our way home we harvested a calf on the side of the road in district 38 so your calf tag should be for your specific district\n"
    },
    "33012": {
        "url": "/comment/33012",
        "comment": "Although the new proposed tag allocation system is needed, it does not fully explain how it will effect current priorities. As an example, if I\u2019ve been purchasing a moose tag for several years and am due a tag in my group would my priority be reverted back to year one like everyone else who may not ever have purchased a tag.\nAlso,\nStrong consideration should be given to eliminating the calf hunt altogether. The success of the calf\u2019s is critical in determining future populations of the moose. As an avid hunter, who has hunted many different areas have had many opportunities to harvest a calf however choose not to. It is not as difficult as many assume. Many hunters have the same sediment given the current situation with moose populations. Although these discussions will come across as strong measures the vast majority of hunters will support the move to further success moose hunts for years to come.\n"
    },
    "33013": {
        "url": "/comment/33013",
        "comment": "Few issues\nSo with the new proposal you can apply in the draw for bull, cow/calf, or calf, and if unsuccessful you can not hunt moose unless you party hunt in which case you need to find someone with a tag?\nWhat are the proposed costs of the three tags.\nWhy not talk about the largest takers of moose, and monitor the native Americans and make it mandatory for them to at least report how many moose they harvest so the mnrf has an accurate number of how many moose are taken in each area.\nIs there a garenteed length of time before you get at least a calf tag?\nHow many tags are going to be handed out?\n"
    },
    "33017": {
        "url": "/comment/33017",
        "comment": "Good day,\nFirst and foremost I believe that just like with the fisheries,  we cannot allow a group of people to follow a different set of rules.  I'm sure you are all very tired of hearing this but first nations people should not be allowed to hunt longer seasons and without sanction to shooting adult moose.  I've been hunting moose for 11 years now and have been very lucky.  The group of 9, I hunt with, hunt hard and are successful almost every year harvesting a calf and we have been very lucky over the last 11 years to get 2 bull tags which we also filled.\nThe problem isn't with a group of 9 people harvesting 1 adult moose or calf.   The problem is  with 2 maybe 3 sometimes more some times just 1 first nations person harvesting 2 maybe 3 moose in the fall with almost no fall back.   I know quite a few people that hunt and fish and they all have the same stories.  They know first nations people that go out and shoot 1,2 - 3 adult moose in one fall and they're all giving meat away, this really burns me up.   I work as an automotive mechanic and you have no idea how many times people of which a write about that harvest many moose under a indigenous card will bring entire roasts to give because they're clearly harvesting more meat then they could ever eat.\nIn my opinion if you do nothing, about first nations people not following our same rules you'll never get the moos population in order.  Just like lake nippissing.  The lake was netted by first nations people for years and years and the ministry tried everything to sustain the walleye population slot sizes, limit reduction.  Now we are only aloud I think 1 walleye as a limit.  It took the chief to say we are ruining our lake we need to stop.   And just from this you can see the walleye coming back around.\nSo if you are to make any changes that worth wild.  In my honest opinion, something needs to be done about this or you may as well hang up the gloves as they say.   Quit while you're ahead its not going to change.\nAnd this is not a bash on aboriginal people.  I have nothing against them.  I know many indigenous  people that do only harvest 1 moose a year and it's not because they cant harvest more but because how much meat can you eat.   And maybe if I was born first nation and had a card and didn't have the right people to teach me I would be doing the same.  But looking in from the outside I do see a problem.  And sure allowing less adult tags and shortening the calf hunt will help but not for the long run.   It'll only sustain low numbers longer, if even that.\n"
    },
    "33018": {
        "url": "/comment/33018",
        "comment": "Lots of good ideas here. I particularly like the point system which will likely result in a much fairer allocation of tags. Getting rid of the group application is good. Especially like the improved restrictions to eliminate non-hunters who are applying for tags and then transferring them.\nParry Sound District is part of Northern Ontario so I would like to see Zone 50 included when giving local residents preference. Also, I would like preference given to those who actually own and maintain a camp and property and pay taxes, rather than giving \"road hunters\" equal opportunity.\nI am concerned about the cow/calf tag. If the cow is taken then the calf can't be taken, and will not likely survive the winter without the cow.\n"
    },
    "33019": {
        "url": "/comment/33019",
        "comment": "Hi, the new proposal is sound with great timing as the tag allocation system needs to be modernized and address it's deficiency.  As for the conservation aspect, the calf harvest model should be applied to all WMU, calf\u2019s are the farm team of a healthy and sustainable adult moose population so they should also be managed in the tag allocation system. Wildlife management is your game, hunting is ours. Please make our leisure sport sustainable for the long future.\n"
    },
    "33020": {
        "url": "/comment/33020",
        "comment": "I believe that the Moose season needs to be cancelled for several years to get the population back up. If you are an ethical hunter like my entire family is you want what is best for the animal populations. A lot of money and time go into hunting a moose, it is something you want to teach your children, but how is that possible if the moose population continues on this path. My family goes out every year for the archery season, we all love to have a moose each year but right now we know that is not possible. We all agree that the moose hunt needs to be cancelled or put on hold for several years to allow the population to get to a point where it is ethical to hunt them again. Shooting a cow is not only killing that animal but all the calves she could of produced in future years.\nAs an ethical hunter, canceling is the only option to allow the moose population to get back up to where it needs to be for the animal and for hunters.\n"
    },
    "33021": {
        "url": "/comment/33021",
        "comment": "As an avid hunter. I have read your information and reports. I support what you are doing but I do have a lingering question. Has any part of BGMAC took into consideration the amount of moose harvested per year by natives? I mean there is no tag system or any way to track the effect those numbers have on the moose population. Also you talk about making the system more fair to hunters well how is it fair to us that apply for tags when a native can hunt  at night with a jack light out of a pickup truck with a rifle and at any time of the year? My point here is if you want to hunt as your native ancestors with no regulations use the same tools as they did. Not using modern conveniences plus your ancestral rights. Fair is fair. The native harvest should be mandatory reporting as ours is. The point of these revisions is to keep a healthier population for future so why not cover all the bases?\n"
    },
    "33022": {
        "url": "/comment/33022",
        "comment": "There seem to be valid changes proposed,my concerns are large group applications getting preferred treatment as this would be the largest contributor of \"ghost  hunters\". Simply granting a tag to large groups is a money grab unless the entire group must participate in the actual hunt to validate said tag. The shorter season for a separate calf hunt is also a sham. I understand  the lower success rate for bow hunters but disagree with an earlier season during prime rut to facilitate their success-bow hunting is an elitist choice, not to be catered to, archers can apply for tags like other sportsmen and choose to hunt  in whatever legal method. Ambushing baited prey or calling  mating bulls or even circling an area to drive a fleeing animal into a trap or waiting shooter seems unethecal to me however successful. The MNR must cease catering to lobbyists and special interest groups, exceptions to the rules cause confusion and frustration. In closing , I applaud the introduction of a point system to compliment the pool system, I may renew my hunting passion in light of fairness being implemented.\n"
    },
    "33026": {
        "url": "/comment/33026",
        "comment": "Important to moose.\n-Apply for 1 of 3 weeks\n-No other season open that would allow ammo big enough to take a moose (poachers)\n-zero cow or calves for a few years to let the population build and the every 2nd or 3rd year (all WMU's)\n-everyone has to apply including Natives, this way its fair to everyone.\n-The point system sounds fair.\n"
    },
    "33027": {
        "url": "/comment/33027",
        "comment": "I do not agree with the proposed changes to the moose draw. It seems to penalize groups that apply in areas where tags are readily available to get and are willing to travel for the opportunity to hunt. Hunters that are unwilling to travel and want to use there \"deer\" camp for moose and complain about no tags also apply where there is little to no chance of success. I have a moose season at home but realized the chance of getting a tag is hard so we travel to where tags are available on our group size.\nThe transfer of tags needs to be open as for a young hunting group like ours ( everyone under 30 ) we don't know if we can go due to births and child health up till the day we leave. Also students won't know if they can leave till school year has started. Some years this is the unfortunate truth. There are some that have the need for transfer. This transfer is   penalizes younger generation from hunting and lost opportunities to hunt. This was over looked due to the fact most moose hunters are 40+ years of age.\n"
    },
    "33028": {
        "url": "/comment/33028",
        "comment": "I think you need to get rid of the Calf hunt.  It kills any kind of bring new animals in the area.  NFLD has a pool system that I have been a part of for year, and I think its speaks for itself with the moose population there.  I know they don't have the predators like Ontario, but that being said if you adding hundreds or thousands of tags (For Calf only) that someone can just go buy one, you adding a lot more hunter to kill the new generation coming up. Nfld has bull only, either sex and I think cow or calf, but you have to be successful in the draw to shoot anything.  Buying a tag is just a money grab and decimates new generations, the animal doesn't have time to populate the area.\n"
    },
    "33030": {
        "url": "/comment/33030",
        "comment": "This is absolutely insane. What a giant useless make-work project to spend tax payers money. Cut the crap and send people or drones out to check real population numbers. This is not helping.\nFor once try to have a realistic approach to hunting. Restrict numbers of cow tags since they are far more vital to population than bulls. Restrict the calf tags since it\u2019s too hard to identify gender. Have more bull tags and let however many hunters party hunt for that same tag. Stop relying on unfilled tags for population control. Allow as many bull tags as the population will withstand which we would know if we actually had the research!!\nPoint system? What is this a game? Are the points starting from scratch or are they backlogged from god knows when. Does this mean the older hunters are getting tags next year and the younger guys will have to wait ANOTHER 20 years to get a tag? I stopped applying because it was useless!\nNow that I\u2019ve commented on the useless rules that will directly affect me, let\u2019s focus on the real issue. We can make all kinds of rules and regulations but they are all MEANINGLESS until something is done about Native American hunting. I have Native friends that I love but this has given me a direct view of the atrocities we allow because of some stupid papers signed hundreds of years ago. The quantity of animals the Natives harvest is obscene. The means of hunting is unethical. The spoilage is criminal. I\u2019m sorry but boating up to a swimming moose, throwing a towel over it\u2019s head to blind it, allowing it to get up on shore and then blasting it away from a couple feet should be enough to make anybody sick. THESE ARE NOT TRADITIONAL HUNTING METHODS. There is nothing traditional about Native hunting anymore so why are we allowing traditional law? If the general population was made aware of the reality of native hunting I think things would finally change for the better. Too bad our politicians will not only never address this, but will continue to apologize and subsidize it.\nSay goodbye to moose hunting in Ontario.\n"
    },
    "33031": {
        "url": "/comment/33031",
        "comment": "Yesterday was Aug 12 2019.  Also the date to call in for surplus Moose tags.\nAs of yesterday, receiving a surplus Moose tag did not impact my pool status.\nI had a list of my top 10 WMU choices ready prior to calling, based on the MNRF publicized Surplus tag list.\nThis top 10 started with #1 being most desirable to me and 10 being the least.\nBy the time my call was connected I was able to achieve #7 on my list.  (Cow in 18B).  This is a very undesirable WMU due to limited access.  I have never hunted this wmu before and am still not sure if I will hunt it this year (due to the limited access and hunter saturation).  I took the tag because it made no impact to my pool status and gave me the option of deciding after receipt if I would hunt due to receipt of it or not.  It would be unfair if the receipt of that tag was to impact my \u201cpoints\u201d tally when the new proposal is implemented.  (If implemented).  I agree that going forward the receipt of a surplus tag will effect your \u201cpoints\u201d.  BUT should not be reflected when looking at a hunters past as the decision to take the surplus tag was done without knowledge of the proposed points based system.  Please let me know your thoughts on this as there will be numerous hunters in a similar position.\n"
    },
    "33033": {
        "url": "/comment/33033",
        "comment": "The WMU I hunt is one that is on the proposal list and while I agree the number of calf tags seems quite high compared to the population, there needs to be a lot more Bull / Cow tags available. Currently this year there is only 2 Bulls tags and zero Cows. Some of the ideas are not half bad as in you can still purchase a license and hunt with someone who has a tag however there should NOT be any application fee whatsoever. If you are not successful it should not cost you a dime to have to sit home. Currently there are some WMU's that already have to draw for calves and they are forced to pay full price whether they are successful or not. I really think you are going to see a decline in hunters in this province as a lot of people are frustrated enough now.\n"
    }
}