{
    "34005": {
        "url": "/comment/34005",
        "comment": "I have been recently made aware of the changes to regulations coming into effect soon. I find it reprehensible that the  composition of BGMAC is slanted towards male hunters and does not take into account the wishes of all Ontarions.\nI also question the desire to hunt calves. This is illogical and goes against studies on maintaining the health and continuity of a herd. Unless you are an ancient ruler, slaughtering the young is never a good answer.\nI fail to see why it is not possible to restrict hunting to specific sections. Why cannot you establish a home-free or safe zone for moose? Furthermore, while I am writing this, why not spend less money on this legislation and hunting committees and more on monitoring, research resources and even, novel idea here - on enforcement. Hunters do get carried away. Repugnant as the idea of hunting anything except for food is to me, I believe it is permissible under certain circumstances and monitored closely. Unfortunately, this committee and the changing rules do not indicate they are going to fulfill even the basics.\nCourteously yours\nB.M. Durtnall\nCommit more resources for enforcement, monitoring and research\nChange the c\n"
    },
    "34006": {
        "url": "/comment/34006",
        "comment": "Dear MNRF,\nThe Ontario moose population is falling fast.  In other provinces moose numbers a dwindling too -- mainland Nova Scotia, for example, has practically none left.\nI am writing you to ask that you end the calf hunt completely, and to also establish and protect moose refuge areas in our province.  More resources need to be committed by the Government of Ontario for enforcement, monitoring and research with regards to moose.\nMoose are a critical part of the food chain, and their loss has ripple effects across Ontario's natural environment.\nThank you for your time.\nSincerely,\nRyan Higgitt, PhD\nSchomberg, On.\n"
    },
    "34007": {
        "url": "/comment/34007",
        "comment": "We need to get these kinds of policies right.  We've lost too many of our wildlife species.  I support the following measures, which need to become part of Ontario wildlife policy:\nEnd the moose calf hunt completely\nEstablish and protect moose refuge areas\nCommit more resources for enforcement, monitoring and research\nChange the composition of BGMAC to be more representative of all Ontarians.\nThank-you.\n"
    },
    "34010": {
        "url": "/comment/34010",
        "comment": "The proposed changes to moose management as part of the Moose Management Review does not go far enough.  The proposed changes should include :\n1) ending the calf hunt completely;\n2) should establish and monitor/protect moose refuge areas;\n3) commit more resources for enforcement, monitoring and research;  and\n4) change the composition of BGMAC to be more representative of ALL Ontarians.\nThe Big Game Management Advisory Committee that came up with the recommendations - is exclusively made up of male hunters and outfitters and does not represent the diversity of Ontarians concerned about moose.\n"
    },
    "34012": {
        "url": "/comment/34012",
        "comment": "End the calf hunt completely\nEstablish and protect moose refuge areas\nCommit more resources for enforcement, monitoring and research\nChange the composition of BGMAC to be more representative of all Ontarians\nThe above sound simple enough, but does the committee have the diversity and intelligence to really appreciate what needs to be done.\n"
    },
    "34013": {
        "url": "/comment/34013",
        "comment": "While this is a good start, please end calf hunting completely. This selfish practice needs to end and can only be done so by banning it. Please establish and protect moose refuge areas and commit more resources for enforcement, monitoring and research. The composition of BGMAC is exclusively made up of male hunters and does not represent the diversity of Ontarians who care about moose. Please change this to be more representative of all Ontarians.\nSincerely,\nAn Ontarian concerned about Moose\n"
    },
    "34015": {
        "url": "/comment/34015",
        "comment": "To halt the decline of Moose in Ontario, I am asking that the Ministry implement the following (as recommended by the Wildlands League):\n1. End the calf hunt. Even with new restrictions, Ontario will still be in the minority of jurisdictions allowing the harvest of calves in their first year. Research is confirming that hunting calves puts additional stress on the moose population. It is time to phase it out.\n2. Reduce cow tags consistently across the province. Without a mother to protect and guide a calf for the first year of its life, its chances of survival are limited, even if it is not taken by a hunter.\nEstablish and protect moose refuge areas. These areas would provide relief from loss of habitat, and from the easy access that forestry roads provide for hunters. New legally protected areas should be part of the solution.\n3. Commit more resources for enforcement, monitoring and research that are not tied to hunting revenue. MNRF budgets continue to be slashed and funding is dependent on hunting licenses which can create a conflict between conservation and research. As it stands now, when hunting tags need to be cut, there are fewer dollars to fund increasingly needed research.\n4. The composition of BGMAC needs to be more representative of Ontario. It needs to include Indigenous People, university scientists, non-consumptive outdoor enthusiasts, environmental groups and women. Currently it consists of male hunters, outfitters, retired MNRF employees and an Ontario Federation of Anglers and Hunter biologist.\n"
    },
    "34018": {
        "url": "/comment/34018",
        "comment": "Like many other Ontario residents, I have a great deal of respect for our amazing wildlife.  Ontario's moose represent an important part of our natural world, and they deserve protections which will actually protect them.\nTo achieve this increased level of protection, I encourage you to: 1) End the calf hunt completely, 2) Establish and defend moose refuge areas, 3) Commit more resources for enforcement, monitoring, and research, and 4) Change the composition of BGMAC to be more diverse and representative of all Ontarians (instead of only considering the wishes of hunters as it currently does).\nWe must do everything in our power to protect all wildlife as there is a mass extinction happening that affects all living things, so it is crucial that we act before it is too late. Thank you for including my comments in your consideration of this gravely important matter.\n"
    },
    "34019": {
        "url": "/comment/34019",
        "comment": "Hello,\nI am writing with several concerns about the Moose Management Review.  I believe that the following should points should be made by the review:\nEnd the calf hunt completely\n    Establish and protect moose refuge areas\n    Commit more resources for enforcement, monitoring and research\n    Change the composition of BGMAC to be more representative of all Ontarians\nThank you very much for considering these points. I hope that they are added to the review and Ontario can make a decision based on protecting the species.\nYours faithfully,\nPatti Kemp\nThorndale, Ontario\n"
    },
    "34023": {
        "url": "/comment/34023",
        "comment": "To whom it may concern,\nThank-you for addressing the declining moose population in Ontario but I think that greater measure need to be taken to halt this alarming decline. Banning the calf hunt would be a reasonable restriction at least until population levels are measurably on the increase. To further assist a still declining population would be to create hunting free areas, where moose can have better success at increasing their numbers and hopefully create a surplus of adult moose that can migrate into areas of lesser numbers. These two measures would I think be very beneficial. Thank-you for your consideration.\n"
    },
    "34024": {
        "url": "/comment/34024",
        "comment": "A fulsome review of moose management and hunting is a long time coming and I commend the Minister and MNRF staff for conducting widespread consultation on the topic. Moose hunters are creatures of habit and this is a wholesale change to the very structure of moose hunting. Some moose hunters have already consistently demonstrated their inability to understand the regulations, so clear and frequent communication will be key.\nIn my career as a wildlife biologist involved in moose management in Ontario, I have witnessed a slow but steady shift in the moose hunting community opinion/attitude to a system that provides additional protection to calves, as well as cows (despite an oft-misused analogy to cattle). The proposed changes to calf hunting will negatively impact a lot of hunters but there is likely more overall support within the moose hunting community than ever before.\nI fully agree with implementing calf harvest controls but my support is entirely contingent on the promise of increased adult hunting opportunities in the future. There\u2019s a history of district and regional biologists being unnecessarily cautious with the provision of hunting opportunities and it is highly likely that hunters will not be provided with the additional adult hunting opportunities that are being promised.  This lack of consistency between managers must be addressed through harvest management guidelines.\nHunt camps will be disproportionately impacted by this change, and as such I expect public opinion to be polarized.  Some of these hunt camps that have invested thousands of dollars and shared generations of hunting memories will be unable to shift their hunting activity to other units, creating a disproportionate impact compared to other groups that the government has no right to ignore.   How will the calf tag quota be determined in the absence of established guidelines or policy direction? Will it be set at a percentage of total allowable harvest? Will \u2018percent calves\u2019 be similar between residents and the tourist industry? I recommend setting the \u2018percent calves\u2019 at no more than 20% of TAH, ideally less. This will help strike a balance between maintaining overall hunting opportunities with increasing adult hunting opportunities, and contribute to population sustainability.\nI support creating separate tag quotas for bow and gun in northern units but due to the impact on existing gun tag quotas, should start off relatively low. I also support the creation of bows-only seasons in southern units with separate quotas, and shifting the season.\nThe proposed new selective harvest approach is long overdue. The creation of separate licensing products is a positive and necessary step. However, this change will have an unpredictable impact on the Special Purpose Account. I recommend a pricing structure that is revenue neutral or close to it.\nPreference point system: moose hunters were loud and clear \u2013 they want change. Whether this new structure is the right decision or not, changing the system has been called for extensively. I support this change in principle (despite the current system actually being much fairer than most hunters perceive) but this proposed preference point system will present a barrier for the recruitment of new moose hunters. The MNRF can scarcely afford unimpeded hemorrhaging of moose hunters, particularly if there will be a projected loss of revenue as a result of moving to an application fee process in 2021. Likewise, for older hunters that have gone a long time without getting a tag, the first few years of this new system will generate a tag in their name but it could also mean they likely won\u2019t ever get another tag in their name in their lifetime. However, I recognize that the details have not been finalized and I look forward to seeing the full details of implementation.\nI support the elimination of the Northern Resident draw, a system that sowed unnecessary division between northern and southern residents over provincial resources. The proposed provision of an extra point to northern residents simply reinforces this imbalance between hunters and I strongly oppose this aspect of the proposal. There is no similar accommodation for southern Ontario hunters (elk in Bancroft/North Hastings, antlerless deer). Why is preferential treatment for one segment of the community limited to moose hunting? This wholesale review of moose is a prime opportunity to eliminate this nonsense, not reinforce it.\nA two-stage allocation is promising and should address the longstanding issue of unutilized hunting opportunities and allow the province to divest itself from the frustrating surplus tag system.\nI am pleased to see the MNRF considering the implementation of a deadline by which tags must be purchased - it\u2019s possibly the most appealing aspect of this proposal. The MNRF should consider a similar deadline for the elk draw. It\u2019s a progressive change, and I\u2019m not ashamed to admit that it\u2019s something that I\u2019ve pushed professionally in the past.\nTag transfers should be limited to extreme circumstances, and I wouldn\u2019t complain about requiring a doctor\u2019s note or some other proof. I assume that a hunter would be able to transfer the tag to any other licensed moose hunter (rather than just a member of a group application)? Since the pool of potential transferees is being expanded, it\u2019s necessary to limit the conditions under which a tag can be transferred so as not to encourage transfers.\nIn principle, I support efforts to reduce tag fill rates. But I question the proposed changes to party size \u2013 how will the limit of 10 hunters be enforced? Has any modelling been done to determine the point at which TFR is actually reduced or are we just guessing at a starting point?\nI agree with eliminating special access to moose hunting opportunities in Ontario. I\u2019m pleased to see that the proposal includes aspects that weren\u2019t recommended by BGMAC due to the concerns that I raised earlier about geographical bias in composition.\nFinally, we have decades of evidence to support the claim that MNRF communications is dismal at best despite having an entire Branch dedicated to it. These fundamental changes will be a communications nightmare. I recommend developing a clear communications plan that also includes groups like the OFAH.\nThank you for the opportunity to provide input.\n"
    },
    "34026": {
        "url": "/comment/34026",
        "comment": "The following changes should be included:\n1. End the calf hunt completely.\n2. Establish & protect Moose refuge areas.\n3. Commit more resources for enforcement, monitoring, & research.\n4. Change the composition of the BGMAC to be more representative of all Ontarions, for example, include non-hunters & women.\n"
    }
}