{
    "33603": {
        "url": "/comment/33603",
        "comment": "reduce the quota for the cow harvest the wmu i hunt in has had the cow quota doubled in the past ten years since this has started the quantity of moose seen during hunting season has declined to the point where we are surprised if we see two moose amongst the entire gang. The gang that I am with usually with has 6 to 8 members. I grew up in the farm business if you wanted more animals you kept the females for reproduction. I dont understand the theory behind increasing the female harvest increase especially when the moose population is in jeopardy.At this point in time I would like for my son to take me when I am older as I have taken him to enjoy the wonderful experience of moose hunting. Lets do our best in maintaining our Moose herd so that maybe my grandchildren will have the same opportunity. Maybe we need to stop harvesting cows and calves for a few years to allow for the population to start to replenish itself.All races amongst the canadian citizenship need to consider this so that we can maintain a moose population for everyone.\n"
    },
    "33611": {
        "url": "/comment/33611",
        "comment": "I d like to thank the people in charge for making an effort and acknowledging there is a problem going on with the moose hunting population.\nI from a northern community I\u2019m 3rd generation butcher..\nMy grand pa was a butcher, passed on to my uncle and I took the trade part time to learn and have more respect and knowledge about the harvest of different game. I\u2019m a big hunter as well, so I understand the different dynamics... involve with the hunting community.. when it comes down to it, plain and simple, the natives and M\u00e9tis are ruining everything for everyone. Moose hasn\u2019t even been open yet legally and already 14\nMoose has been brought to us  by natives and ask to be butchered. This one individual shoots around 20-30 a year.. this other individual shoots a couple every March, April... that\u2019s the native who chooses to bring the meat to my uncle... and disregards other butchers plus the one who does it themselves.\nAs a hunter it disgusts me...\nI take pride, follow the rules, I been hunting for 10 years for moose, only hunted once for adult moose, I never drew a tag. Our area we hunt.. we talk to loggers and they say natives, M\u00e9tis are in there in August shooting for the whole community. All those kills.. are undocumented, no paper trail...\nNo rules whatsoever, only requires the native card. It is sickening.\nThese are the numbers, the stories I hear from being a hunter and also working in the meat shop business. It is it the story you guys hear making the decision. It is the cold heart truth.\nIt\u2019s Great to change the rules but EVERYONE has to follow them..\nIt is not fair, they re the one ruining and we re suffering and paying for it. That traite that was sign in the 1800..\nBack then natives didn\u2019t have trucks, quads, guns, ... they had to work and hunt with primitive tools.. now society changed, and they are doing the same with today\u2019s technology. It is an outrage and we re just letting them go by like it\u2019s nothing and meanwhile everyone is suffering.\nIn the end or the day, it doesn\u2019t matter what system you implement, it will be the same unless that problem gets resolve.\n"
    },
    "33612": {
        "url": "/comment/33612",
        "comment": "My Thoughts:  to increase the herd, a minimum 5 year \"No Cow, No calf-Bulls only\" hunt with a similar # of bull tags issued as there is now.\n  I like the point system as discussed for those who haven't been successful in the draw to get a sliding preferential chance.\n  Mandatory reporting-which is finally coming on now. Harvest or no harvest, but mandatory.\n  The government of the day needs to be pressured to allocate monitoring funding using knowledgeable people, using accepted techniques, uniformly across core moose areas. If a regional bio decides to use different #'s, they better be able to justify, not just \"I feel that...\" and change the #'s. I see new bios having issues telling moose tracks from wolf tracks from the air.\n  No point in flying the moose surveys if conditions aren't correct-just wasting money guessing on what you're seeing, or bad timing resulting in \"off\" numbers.\n  Management planning is a long term effort and government is a short term in position. Real need is required to follow through with the planning, if it is ever to work-any new government of the day needs to have the fortitude to carry on with the current plan until an appropriate timeframe has passed that states a yea or nay on whether that plan has or is working. Changing planning techniques is a huge waste of time and money with no concrete results if it become change for changes sake.\n"
    },
    "33618": {
        "url": "/comment/33618",
        "comment": "All bow hunters should be allowed to hunt calves during all open bow seasons. Calves are extremely hard to hunt and the success rate is extremely low. In my entire hunting career (50+ years) I know of only one calf being taken with a bow and that one was harvested to let the cow go. What data was used to determine that archery hunting for calves negatively impacts the moose population. In the above case it helped the population as a breeding cow was allowed to go.\nCalf tags should be available as they are now for gun hunters and the season should be moved to the first 1-2 weeks of the regular gun season. Again calves are hard to hunt and could be harvested with the cow to prevent orphaning and ultimately the demise of the calf. It would also increase hunting opportunities with little impact on the population. What studies were used to determine the impact of the calf harvest on the moose population. When the first changes were made we were told that Sweden had determined that the calf harvest had negligible impact on the population because a lot of those harvested wouldn't have survived to maturity due to predation and other causes.\nSurplus tags should not be counted for the point system draw as we were told that accepting one would not effect our pool 1 status.\nThere should be no bonus points for Northern Residents as all applicants should be treated equal. This would be creating a two tier system that would be unfair for residents of Southern Ontario who would be required to pay the same for a hunting license with less opportunity of being successful.\nReducing the distance groups can hunt in from 5 km to 3 km would be extremely dangerous resulting in people getting shot. In hunter safety courses we were told a rifle is considered dangerous up to 1 mile (1.61 km). A 3 km area would reduce separation to 300 metres for a party of 10 hunters. Add to that groups that over lap and it becomes even more dangerous. The distance groups should be allowed to hunt in should be at least 10 km.\nPeople should not be allowed to participate in both the Native and Non Native hunt. They should allowed to hunt in only one season of their choice. Currently it makes policing and proper resource management impossible.\n"
    },
    "33619": {
        "url": "/comment/33619",
        "comment": "It doesn\u2019t make sense to extend moose calf hunting to protect moose populations.  The calves need to be kept alive so they can mature and reproduce to promote moose populations.  Increasing moose hunting at any age will reduce their population.\nThe entire ecosystem is connected.  Reducing moose population will affect wolf populations as they\u2019ll have less prey to feed on.  They\u2019ll have to hunt more of other animals or will starve.  If wolves starve then the populations of their other prey animals are out of flux.\nRecreational hunting is not a scientific nor intelligent way to manage wildlife populations.  Managing human activity, e.g. by increasing restrictions on hunting and enforcing penalties on illegal hunting activities, is more logical.\n"
    },
    "33622": {
        "url": "/comment/33622",
        "comment": "I do not agree with adding a bow hunting season. as bow hunting is more lone or small groups that hunt. This doesn't help making hunters happy. Because least one bull tag in a usually larger gun group makes more hunters happy\n Also remove calf tags altogether. Fig out how many cow tags you can up in each wmu and call them a anterless tag. This will eliminate mistaken shot cows. I feel that the number of cows shot by mistake is high and a waste. Also as many camps have grown in size to try and up our odds with the old system. Now if we get a tag we have to decide who can hunt that bull? Not a great idea. If a group of more then ten are happy hunting one bull and all pay there way. They should be allowed. Thanks for this opportunity to contribute to the process\n"
    },
    "33623": {
        "url": "/comment/33623",
        "comment": "I understand that the main problem with the population crash is ,Over harvest by hunters,/Black bear populations are high. ,thus calf loss is high. / Long seasons in some area during snowfall and easier to harvest at the time during snowfall..Wolf populations are high in some areas . So each problem should be addressed in separate manners.. First  would be human harvest. One would be quite harsh and that would be an alternating moratorium on hunting moose. One example would be complete ban on hunting moose every other year. Second could be certain Hunting zones could be banned alternating bans every other year.Or maybe no calf harvest or cows for lets say 5 years in highly hunted areas or easily hunted areas with many roads? Changing the length of the season eliminating hunting during the latter part of November and all of December because of snow fall and easy to hunt moose in snow? Moving on to the bear predation. You could give moose hunters who are successful in getting an adult tag a free bear tag with their moose licence giving them an way to hunt another species and bringing down the bear population? Also for spring bear hunters 2 bear tags on one licence.That would spark the interest in more hunters hunting in the spring. Finally allow hunters to hunt wolves during the moose and deer hunting seasons as well as during the late winter everywhere.  As for the allocating of tags  such as draws That would be maybe everyone has the same chance in draws everyone pays a minimal price to get in the draw. Every year everyone starts at the same place in the draw. Another would be that if you want to hunt moose you can only have two hunting zones you can apply each year. Lets say if you are successful you will not be able to hunt for 3 years. If there is party hunting then if the party is successful   all of them can`t apply for 3 years or what ever is decided on how many years. My ideas are all based on bringing the moose population higher. Is that not what the goal is? You can make the draw system different but if you don't  bring down the number of hunters in all aspects of hunting times  ,or how many in a party . The decision of harvest should not be a blame game. It all comes down to sacrifice and that means Less hunting and harder to harvest at certain times. If there was more educating hunters on how bad the population is and how every moose hunter has to sacrifice I think there may be more supportive. Maybe a pamphlet sent out to all hunters that our moose population is in trouble? Springing on  regulations with no education is troubling to hunters and can sour them as well.  We all need to know more  and a pamphlet can be worth a thousand moose?\n"
    },
    "33626": {
        "url": "/comment/33626",
        "comment": "Moose populations have declined in most areas of Ontario, so WHY are you allowing Cows and Calves to be Hunted ?  Does not make sense until populations need to control breeding.  In short you should look at Quebecs system it is very similar to the system Ontario used back in the 80's.  This system is fair to everyone, it eliminates hunting female moose to allow population a chance to grow.  Simple to manage and implement.  It works so why would you create another system that will not allow populations to grow and eliminate hunters from hunting in Ontario.\nMyself and many other Ontario residents now hunt Moose in Quebec as the system allows for Moose populations to grow while allowing the people that want to hunt the opportunity to hunt every year, Simple and it works !\n"
    },
    "33627": {
        "url": "/comment/33627",
        "comment": "Under the present proposal a hunter could be registered with three separate groups or parties.This proposal is not ethical.An example would be a large group of  hunters/party members could all hunt together in the same area and in essence the hunter would still have access to more adult tags the same as present system.It would not solve the ghost hunter per say because all the actual hunters could be registered in each group with the one hunter that has the tag.This is not beneficial to the moose population and would basically undo the proposals goals.\nA solution would be to allow a hunter to be part of 3 groups but either separate seasons(archery/gun) or separate WMU,hunters would still be allowed more than one party.\nThere are groups that have a large pool (20 plus) of ghost hunters that can be used and if they are allowed to party hunt under present proposal without restrictions it would likely not change their present hunting practices thus rendering the proposal inadequate in this area.The proposal would only address hunters that have not been successful in several years.\nThe party hunting proposal to register the group would than be more reliable as a deterrent.\n"
    },
    "33638": {
        "url": "/comment/33638",
        "comment": "We have a big concern with a hunting party only consisting of 10 people per tag. It has taken us years to build up a respectable amount of hunters that fit into our camp to meet the current draw numbers for receiving a tag and by only allowing us to have 10 people to party hunt to one tag would be very devastating to our camp. If I'm reading it correctly, if on the first day, those people party hunting on one tag, they shoot a moose, they cannot hunt anymore even if our group of guys in camp has let's say one or two more tags. This rule would not bare well for people taking a week of holidays to come up to camp to be there for an hour on opening day, would be harmful to our finances as well as our survival of a hunting camp. This 10 people to a tag just isn't going to work for a party hunt..\n"
    },
    "33639": {
        "url": "/comment/33639",
        "comment": "Due to the fact that you are in no way taking into account indigenous harvest rates, you have no knowledge or control over the volume of your inventory therefore you are basing your decisions on useless information. Until you deal with this properly you are wasting time and money and inevitably no matter what you put forward as a solution will FAIL. Anyone who knows anything about a business model could tell you this.\n"
    },
    "33643": {
        "url": "/comment/33643",
        "comment": "I've been moose hunting in the Province of Ontario for 31 years. I've also had the privilege of hunting moose in other Provinces and states and unfortunately Ontario would rank the worst managed.\n1. under no circumstance should calves be hunted\n2. there should be a maximum of a 2 week hunt and you apply 1st week or 2nd week\n3. No hunter should be able to posses more than 1 hunting seal your either hunting moose, deer or birds not all  3 at the same time.\n4. the draw should not cost $60.00 + it should be on a point system costing $5.00 per tag and the additional people that would apply would make the difference.\n5. off set each year cow/ bull odd years cow even years bull and every 4th both.\n6. every tag needs a minimum of 2 people\n7. every Canadian regardless of there cultural back ground should have to report the moose taken and where.\n8. every zone should have at least a dozen check points spread out conveniently located so that each hunter has to identify rifles being used, location  proximity, # in party and species being hunted\n"
    },
    "33645": {
        "url": "/comment/33645",
        "comment": "Eliminate calf hunting for a least 5 years or restrict the number of calves allowed to be taken from a WMU.\nDo more to eliminate the high number of predators for a least 5 years.\nStart the season later and end earlier for a period of 5 years.\nDo not get rid of the group hunt. This is the best way to plan ahead.\nDo not allow a cow with a calf to be taken. (Dry cows only)\nEliminate a least 30 to 50 percent of the cows tags that are available now through the draw system.\nThere is nothing wrong with the draw system that is in place now as it allows a lot of hunters to participate, the problem is the individual hunters, they need to figure out the group system and get involved.\n"
    },
    "33647": {
        "url": "/comment/33647",
        "comment": "Hello,\nI have been reading up on the change proposals for moose hunting in Ontario. I do like the Idea of the point system! And also agree to getting rid of the group application, everyone should apply individually based on the point system.\nThanks for your time and look forward to hearing the outcome.\n"
    },
    "33649": {
        "url": "/comment/33649",
        "comment": "In regards to the moose tag changes. I believe this is unfair to all hunters at this time and lost revenue to the government. Before proposing these changes you should try other tactics to increase the moose population such as controlling the bear and coyote/wolf population thru increased hunting opportunities to control there growth. I know the seasons for the above species has been increased in certain areas to help stop moose predation lets give this a chance for a number of years to see if the moose population increases, and keep the moose seasons as they are while this is going on. This will keep all the moose hunters happy.\nStep up enforcement to stop poachers and illegal hunting out of season by the natives who use drones and other aircraft to locate and slaughter moose in/out of season. It is common knowledge that certain native individuals do this with out fear of any of punishment from the authorities. Just think how the moose populations would increase if they respected the current laws the law abiding hunters follow.\nHave you thought about increasing the group size to more than 15 for a tag guarantee ? We have a camp that holds 20 individuals and if we get 1adult tag the camp is happy. Hunting is not about the killing of an animal it is about spending time together with family and friends. Enjoying the great outdoors and having the potential to harvest an animal legally. Our Camp as well as others do not harvest calves as this is the future stock to increase the moose populations.\nBy restricting a group to 10 hunters you are denying any hunter above that number the opportunity to carry on a group/camp tradition that they have been doing for the last 1to 50 + yrs for some camps.\nI know there will be a decline in moose hunting licence revenue and hunter numbers with the changes that are proposed along with any tax revenue loss from hunters not buying any hunting related items and services etc.\n"
    },
    "33653": {
        "url": "/comment/33653",
        "comment": "In regards to predatory pressures can the ministry work with outfitters and other outdoor organizations to promote bear hunting in Ontario again? Costs should be reduced to entice specifically the previous American hunters who would inject money into our economy and help control the bear population which in turn helped our moose population.\n"
    }
}