{
    "34947": {
        "url": "/comment/34947",
        "comment": "Most of these changes are completely ridiculous we are already over charged, for moose licenses and now you expect the fee for double licenses. Where does the money go that you already collect for the moose licenses. Why would it matter whether there was 10 in a group or 12 or 15.\nThis is just a money grab and a way to cut out hunting.\n"
    },
    "34955": {
        "url": "/comment/34955",
        "comment": "I'm glad to see three things I have been saying for a long time.\n- the moose hunt should be based on a point system to be fair for all.\n- bow hunters should have a different tag group in all wmu's.\n- get rid of the group system to keep it fair for all hunters.\n If they follow through with this, (unlike 2009 that went knowere) I will be satisfied with the direction we are heading. Keeping in mind you will never admit the Metis fiasco was a screw up of epic proportions, and you will never put controls on unregulated hunters.\n"
    },
    "34959": {
        "url": "/comment/34959",
        "comment": "I strongly disagree with the 10 party hunters per moose tag. Hunting groups have been forced to get bigger in order to get tags for years. Now if they only get one tag some will be forced to stay home. These are people that have hunted moose every year for decades. And now they will be forced to stay home and not hunt. I see it ending a lot of hunting camps.\n"
    },
    "34960": {
        "url": "/comment/34960",
        "comment": "After reading the proposed changes to the Moose Hunting regulations, I am opposed to this proposal.\nThe new regulations will be difficult for the average hunter to understand. How these will be managed and kept transparent to all applicants will be a challenge.\nAs for the current system, I have participated in the hunt for approximately 10 years - each of these in a group hunt. How do the new regulations affect me based on my history in the draw as a group hunter.\nHas the impact of the proposed changes been weighted against changes to habitat is affecting the moose population. Personally I have witnessed the effect of logging, land development, road development have had on the moose hunt. I don\u2019t believe the issue of moose population is challenged as much by the current hunting system as it is by environmental impacts that require priority.\n"
    },
    "34961": {
        "url": "/comment/34961",
        "comment": "I am  completely opposed to the proposed changes that will, I believe, bring about the extermination of wolves and coyotes in Ontario. They are being made scapegoats. We could kill every coyote in the province and it would not significantly help the moose, and the Eastern wolves are a threatened species already!  Your advisers know that the decline in moose populations is not because of predation by wolves and coyotes, it is because of us. So establish protected reserves where moose will be safe from human predators and end the calf hunt completely. Do not cave in to the hunt lobby, they do not truly represent public opinion. People can kill very quickly and easily, but it is almost impossible to revive and extinct or even extirpated species. Many Ontarians are horrified by the unfolding anthropocene, do not speed up the extinction of our coyotes and wolves.\n"
    },
    "34965": {
        "url": "/comment/34965",
        "comment": "It is extremely disappointing that Canada has so little concern for dwindling numbers of moose.  We use to see them along the roads on Highway 60 and in various areas in the Muskoka and Huntsville but deforestration in some areas, highways, homes, businesses are one thing but to allow humans to just hunt these animals is not acceptable.\nJust stop killing them.   Ban hunting of moose!\nLets start acting humane since we are the humans.\n"
    },
    "34967": {
        "url": "/comment/34967",
        "comment": "This response is on behalf of the Board of Directors of the Northwestern Ontario Sportsmen's Alliance(NOSA).\nNOSA generally supports the proposed changes for Moose management in Ontario, however the Board of Directors agrees unanimously that an overall increased allocation of adult validation tags in WMU's that are at/within population objective range, will satisfy a greater demand for moose hunting opportunity while not significantly affecting harvest or subsequent population health.\nNOSA supports the move to a \"point system\" based on a \"stand in line\" approach to foster a more fair and simplified tag draw system. However, without an increase in the current number of limited adult validation tags, there will still be a significant level of dissatisfaction with how moose are managed for hunting in Ontario.\nNOSA encourages OMNRF to continue to work with the Big Game Management Advisory Committee to seek ways to maximize adult tag allocations in those WMU's that can sustain increased demand for moose tags, thus providing for maximized moose hunting opportunities where it is viable and feasible to do so, without negatively impacting population sustainability.\nNOSA also wishes to see an expanded role for District biologists who have been left out of the harvest planning process in recent years while a single Regional biologist handles this task. This makes no sense when given the fact that it is the unit bio's who understand the specific moose population dynamics within their WMU's. Therefore their role is critical in harvest management planning and MUST be included in the process going forward.\nThe inclusion of recommendations relating to habitat management for moose, is encouraging and NOSA would add to this that Moose Emphasis Areas be actively planned for, included in and managed as part of the Forest management planning process for ALL WMU's within Ontario forests where moose populations represent the featured species as per the Cervid Ecological Framework.\nNOSA in encouraged by the committee's recommendations concerning predator management, however the proposal does not actively address these recommendations. NOSA would encourage OMNRF to work with BGMAC to look at ways and methods to promote the active management and harvest of predators in WMU's where moose population growth is stalled or declining. Evidence on predation and its effects on moose population health is quite well documented and NOSA believes that OMNRF is not doing enough to actively promote predator management to assist moose population growth in WMU's where moose are in decline or populations are not experiencing evident growth trends.\nNOSA in in general agreement with proposals to limit or restrict party hunting latitude. NOSA would like to see party hunting sizes reduced further, but also further restrictions on limiting access into some, not all, fresh cutovers and newly logged areas. This does not mean that NOSA supports complete limitation of access into these areas, however by making access more difficult, it will reduce some hunting pressure and thus reduce some hunter effort and should reduce tag fill rates to some extent. This requires intense planning at the FMP(forest mang. planning) level and it should be done very transparently with rationale and goals and objectives clearly stated before such measures are enacted.\nOverall, NOSA is in agreement with the general direction of the proposal as written and we look forward to working with OMNRF and BGMAC on future direction with the moose management planning process.\n"
    },
    "34970": {
        "url": "/comment/34970",
        "comment": "I appreciate your government\u2019s undertaking of a review to better support the province\u2019s moose population. They are under threat, and without serious action from your government and others across the country, the continued existence of this national icon is at risk.\nTo that end, your proposals to limit party hunting size and remove the right of a resident\u2019s immediate family members to hunt are welcome measures to ensure a responsible and sustainable hunt.\nHowever, your proposal to ease restrictions on wolf and coyote hunting is based on flawed beliefs. There is no scientific evidence that wolf and coyote predation are driving moose decline. In fact, they have been co-existing in a predator-prey dynamic for thousands of years.\nEasing regulations around wolf and coyote hunting, including through the elimination of reporting requirements and special game seals, and extending the coyote hunting season to virtually year-round, is irresponsible. We should be strengthening reporting requirements and enforcement, and looking for ways to support healthy ecosystems and all of the species that depend on them.\nIn 2016, the previous government recognized the shortcomings of similar proposals to penalize moose predators without scientific backing. Thousands of Ontarians spoke up then \u2014 and we\u2019re speaking up again.\nPlease listen to us. Listen to the science. Help protect the biodiversity that has made Ontario so special for generations past, and with your action, generations to come.\n"
    },
    "34973": {
        "url": "/comment/34973",
        "comment": "I agree with this entire proposal. I would however like to see additional restrictions on party hunting group size in southern Ontario - 6 seems reasonable.\nFor the second tag allocation period a null choose (same similar to WMU 99Z I think) is important as it will allow for hunters such as myself to accumulate points while still taking advantage of less demanded tags - such as bow cow tags.\nA points system is far fairer, more predictable and will ensure fair sustainable use of the moose resource into the future.\n"
    },
    "34979": {
        "url": "/comment/34979",
        "comment": "First off, I agree in whole with a line up approach. Consider though that the tag allocation draw proposal is more convoluted than is needed to accomplish the goals. Think about initializing a line up using the tag histories on file, using all the points criteria you have already thought about to give priority for the line. Initializing the line up before opening the application process would allow you to issue a line number to each individual. Then you really simplify the application process for hunters. They know where they stand relative to others in their \"party\". Give them the option to take a pass on a tag at the time of application, let them manage their own \"party\". The initial allocation run would then skipping those applicants passing on a tag, and leaving those skipped still in line. The idea of turning back a tag could be left in play but I suspect it would not be a big factor. The need to apply to the draw to maintain a position in line is of course a given.\nWhat to do with the line numbers after tags are allocated, collapse the line of course, and forward hunters their new number to give them a sense of progress up the line.\nA way to make this pre-application initialization a bit more palatable is to re-initialize the line each year, same \"points\" rules. But, this is not really necessary and not recommended, as the first year line-up priority order held steady would allow for planning ahead by multiple years from the perspective of 'parties'.\nWhat to do with successful applicants, tag holders? Randomize them and issue new line numbers, all at the end of the line of course.\nWhen I get to the front of a line and the item I really want is not available, then I don't get sent to the back of the line to wait for some left-overs. Please do away with the second choice second chance nonsense. If my second choice is available when I am at the front of the line, assign me my second choice then and there and then go on to the next person in line.\nWhat to do about WMU loyalty? You could initialize lines for each WMU but this does not allow hunters to switch units without losing tag history priority, so I'd suggest resisting that obvious tweak.\nWhat to do about new hunters? Here you could go a number of ways. The most aggressive hunter recruitment strategy would be to seed them at the front of the line each year. The most off putting would be to put them at the end of the line. A little less off putting seed into the randomization of last years successful in the draw end of the line group. A middle of the road approach would seed them at random throughout the entire line.\nThe idea of limiting party size to limit harvest success has merit. The proposal method keeps the government involved the in the party business though (not desirable), and it also interferes with the history of free association that is traditional in Ontario. I believe it could be a source for dissatisfaction with the program that the reinvented program does not need.\nThis two cents brought to you by the retired MNRF biologist who first proposed a line up draw.\n"
    },
    "34981": {
        "url": "/comment/34981",
        "comment": "I am very disappointed that your answer to supporting the moose is to kill more wolves and coyotes. It is never the right answer. I believe that you are recommending this mainly to appease the hunters and farmers. This government has shown itself to be against the environment and indifferent to animals.\n"
    },
    "34987": {
        "url": "/comment/34987",
        "comment": "All these changes are to help to increase the moose population. To start off with, how can you increase the population when you are still allowing the hunting of cows and calves.This is your breeding stock and you continue to allow it to be killed off. If a hunter shoots a cow, that's one less moose and if that cow is pregnant that takes two moose out of the herd and if she had a calf with her what are the chances of this calf surviving the winter. Very slim. So that makes 3 animals out of the herd. And if the cow had a female calf with her and it doesn't survive the winter that one less in the reproduction chain. You can't increase your herd size if you keep killing off the cows and calves. Solution - eliminate the cow and calf season.\nTo help the survival rate for the calves, continue with the spring bear hunt and control the wolf population by including them with the small game license as suggested or a bounty as was done in the past.\nSurplus tags - how can there be a surplus of tags when the number of (rifle) hunters greatly out weighs the number of tags if the tags have been allocated correctly. Obviously the allocation isn't done correctly. And then you hear of a group of hunters that get at least one or two tags every year???\nGroup size - suggested 10 hunters max. - pretty had to split up one moose 10 ways. I know that some hunters are just out for the hunt but then there are others who are not. In Northwestern Ontario it's hard to compete with the large group sizes when you have large hunt clubs and a large number of hunters from Southern Ontario competing for the same tags. There has to be some way to make it fair for the the hunters in the North to compete with these large groups.\nTypes of license - should be bull or cow - no calf season or bulls only or better still, close the moose season completely. If the population is that small that's what has to be done. I know that the government doesn't want to hear that because they'll lose all that money but how are you going to increase the herd size or are they going to wait until it's too late then close it. It's been closed before.\nMNRF is all about conservation. So think like a farmer. He doesn't kill off his cows and calves to increase his herd size. So stop trying to fix it with band-aid solutions to keep the big dollars coming in. In our area they are closing off prime moose hunting areas for the caribou or tourist outfitters which are predominantly American owned. It's like when things change over time you gradually change with it. Same as the caribou habitat, it didn't change over night. So they have to change or adapt to the changes to survive. If caribou habitat is in the north, why are they moving southerly. There's no logging way up north. It's been said that the caribou like the cover of evergreens but up north where their preferred food (lichens) grows, there is no cover there, just tundra. I was told that if a native shoots a caribou, they don't even eat it. It's feed to their dogs.\nSo close the season so our moose population can thrive and be there in the future.\n"
    },
    "34996": {
        "url": "/comment/34996",
        "comment": "I am writing to express my concern that the proposed changes to Ontario's moose hunting regulations will not arrest the decline in the province's moose population.\nMost disturbing is that no end to the calf hunt is being proposed. Instead, a calf quota and a tag lottery system is to be put in place, without any apparent increase to those resources which would be necessary to enforce and monitor these measures.\nAlso missing is any intent to establish and protect moose refuge areas.\nPerhaps, therefore, the composition of the BGMAC should be revisited to be more representative of all Ontarians  (not just of the hunting community)?\nThank you.\n"
    },
    "34999": {
        "url": "/comment/34999",
        "comment": "As urban sprawl creeps across our nation and the human population steadily grows, the vital land and resources species survive on quickly declines. Fragmented landscapes are not capable of supporting the biodiversity they once did. We need to protect more wild spaces and preserve the species native to our country that dwell within them. Without balance and structure our nation will fall apart.\nIn order to keep Moose thriving, we must protect more untouched wild spaces, restore damaged ones, stop calf hunting immediately and hire more educated, unbiased units committed to protecting our wildlife. Please modify the current laws to reflect this and develop better protections for moose and other wildlife. Thank you.\n"
    }
}