{
    "32957": {
        "url": "/comment/32957",
        "comment": "Overall, I am satisfied with the changes. It shows hunters that the ministry has been listening and is reacting accordingly.\nMy only concerns are that moose hunting becomes a rich man's hunt if the final price to acquire a bull tag is substantial. Already, it is nearly out of reach for many who must travel long distances from southern Ontario. Jacking the cost of a tag would put those people on the sidelines altogether and the revenue would be lost completely. The difference should be made up by increasing the cost for non resident tags.\nMany hunters would like to know the total number of outfitter tags allocated per WMU as well, if the option of eliminating them altogether is not going to happen, though it should. Let them hunt black bears. Transparency goes a long way in restoring hunter confidence in the ministry, which most would agree is at an all time low. Annual aerial surveys are a must if proper scientific decisions are going to made to manage the population. Estimates based on voluntary surveys isnt working. I work in an airport tower with a fire base and we see mnrf aircraft flying all types of \"training\" exercises yet they cant manage to survey the moose populations on a regular basis, which is shameful and a misuse of taxpayer funds.\nLastly, though it may be impossible due to outdated and obsolete treaties, the ministry should continue to urge the indigenous hunters to report their harvests to better manage hunting opportunities going forward.\nAll in all, kudos to whoever made the decision to finally go ahead with the long awaited overhaul to the system.\n"
    },
    "32959": {
        "url": "/comment/32959",
        "comment": "This is absolutely horrendous,  I understand hunting is a necessity to families that live in northern Ontario but to those of us that have access to a grocery stores, we do not need to have this program. I know the minister is more aware of numbers of wildlife that are needing extra tags each year so why not stick with these animals? Moose are already on the watch list for extinction and because a bunch of greedy middle age men want \"moose \" because it tastes good is absurd!! Reasearch the stars of how many generation x and millennials are hunting for sports compared to the rise in vegetarianism/veganism amongst this group. Guaranteed hunting is on the decline. Go make money somewhere else, save our wildlife!!!\n"
    },
    "32960": {
        "url": "/comment/32960",
        "comment": "Hello,\nAs an established hunt camp in wmu 47, moose are thriving in our area. Not sure how you obtain your count, but there is an issue with your calculations.\nHow about dividing this large wmu or providing established hunt camps with tags to expand opportunities.\n1 bull tag for all of 47 is a serious miscalculation by wildlife managers.\n"
    },
    "32963": {
        "url": "/comment/32963",
        "comment": "I have read the proposed changes and if I understand them correctly I feel this is a much fairer system than the past! It no longer appears to be a money grab forcing hunters to apply to retain their pool status knowing they would not get a adult tag. You have addressed the tag process for those who purchase tags and may get feedback from successful hunters, but is there a process to get stats from Aboriginal and M\u00e9tis hunters to accurately manage these WMU populations. I truly hope these changes will improve our dwindling moose population and thank you for finally addressing this problem.\n"
    },
    "32965": {
        "url": "/comment/32965",
        "comment": "The efforts underway to improve upon the moose hunting application process is a positive step. Amending the application/draw process as proposed should theoretically provide greater moose hunting opportunities than those provided under the current system. However, the frustration felt by hunters about the moose hunting tag allocation system has primarily been brought about by the substantial tag reductions that appear to have been arbitrarily imposed. The credibility of this reduction is suspect, in that either insufficient scientific data to support these extreme reductions exist or the MNR has dismally failed to communicate sufficient scientific data to support their dramatic reductions in tag allocations. Furthermore, either insufficient scientific data is being gathered or it is not being adequately communicated to reflect the success/failure of their tag reduction initiative in increasing moose populations. The consensus of many avid outdoorsman is that the MNR\u2019s management of the moose population has been deplorable and continues to lack a credible scientific basis. In addition, the management of the moose population appears to be singularly focused upon licensed hunters with a failure to address indigenous harvesting activities, logging activities (habitat), over population of predators (bears and wolves) precipitated by poor management strategies (cancellation of spring bear hunt and implementation of wolf tag system). In conclusion, I concur that a new system needs to be implemented for a fair and equitable tag allocation system to ensure a continued and sustainable moose population. However, this is only one small facet of a constellation of failures by the MNR in effectively managing our natural resources. A collective approach is required to truly ensure the success of the species for future generations and to allow all of our children the opportunity to experience this part of their heritage.\n"
    },
    "32968": {
        "url": "/comment/32968",
        "comment": "Cut out the calf license, have it as a draw as well where it may be more populated. Instead of paying for your license up front($54) pay a registration fee of a a-few dollars to enter a draw where everyone can have a chance, certain areas could have a bull only license or cow only or both, or even an either sex license, pending on how populated the area are. Most importantly cut out the calf license, big animals come from some where. I lived in Alberta for years and they have a nice system on applying for game hunting, maybe take some pointers from that or some of the other provinces, were don\u2019t mind paying admin fees for applying for different animal hunts, as long as you get an adult license every few years. We do well as group in Ontario, but other do not do as well, Alberta also offers a partner license you can team up with another person so you can have a chance and pay a fee for a partner license as well. There are a lot of changes that can be done but the big one in my eyes is cut out the calf license and the big application fee.\n"
    },
    "32969": {
        "url": "/comment/32969",
        "comment": "After reading the proposed changes and reviewing the proposals in the moose management review. I have one grave concern that the use of ATV's was not restricted to the retrieval of game.  I have personally witnessed hunters running calf moose on forestry roads and thereby increasing their success rates. I have also witnessed hunters who do nothing but drive on forestry roads and shoot moose who happen to cross in front of them. This seems contrary to how hunting is taught during the licencing program for new hunters.  It also favours these road hunters who put on far more miles than a person who stalks or ambushes a moose. I suggest that the BGMAC submit a supplement to their review that includes a restriction on the use of ATV.\n"
    },
    "32970": {
        "url": "/comment/32970",
        "comment": "I think you are well on your way to banning moose hunting in Ontario .This is one of the most awaited times of the yeart to get away with family and friends and you are going to put it out of  reach for most of the groups I know .I have hunted in the area I go since I was 15 years old and we have almost always seen moose and had chances when we had tags .These changes you talk about implemementing suck     I know the group of people I hunt with will miss hunting moose if these changes are made . I cant see how points will work when there isn't enough tags out there to get tags now , you could be 10 or 15 years to  get tag that's certainaly fair at all\n"
    },
    "32971": {
        "url": "/comment/32971",
        "comment": "I appreciate the ministry of natural resources for attempting to improve the moose hunting opportunities in ontario. That being said I do have some concerns on how they do it. I agree with the calf hunting.  I don't believe we should be persuing calfs at all. We need them to get to be a mature age. But if we are going to take the calf hunting away then we need more adult tags to be isued . I also like the way they currently do the draw through a group application.\n"
    },
    "32974": {
        "url": "/comment/32974",
        "comment": "please do not put a points based system into effect. If you think moose hunters are dismayed at the present system, well they will be baffled at a points based system. Leave the group tag system we have now in place, and eliminate the individual hunter, minimum group application required for an adult moose. The frustrated hunters today, are those that want to get their own tag. Nobody should hunt moose alone, require 2 licences minimum for adult tag. If every body would apply as a group in today's' system, there would be very few dissatisfied moose hunters.\nAlso you must get the indigenous community on board to some limit of kill. In the report it stated that no obligation can be put on the indigenous community, based on court rulings, but in fact the Supreme court did state that limits can be imposed in the name of conservation. It could be deemed a conservation issue , to submit mandatory harvest reports, now that the rest of the population is required to submit them.\nAgain, do not start the points based system, because in ten years, points creep, will be a thing, and most hunters will be objecting to not being able to get enough points to get an adult tag.\nthanks\n"
    },
    "32976": {
        "url": "/comment/32976",
        "comment": "It is time for change. But I have some concerns.\nI am part of a large camp that is located on private property. I have been a member for 30 years. I do not understand comments about large party hunting conflicts.\nIndividual applications- It has been disturbing to see multiple tags issued individually to members in one camp and none to group applications because of a flawed draw system. The proposed change will not change this.  I can see how one camp gets many tags and dozens of other camps get nothing. I believe some people apply and do not have property to hunt but use the tag as a negotiating tool to get access to land.\nWhat has the greater positive impact on hunters and community one person& one tag or one tag and fifteen people?  I respectfully submit that the largest legitimate groups should get one tag. During the past several years our large group has only drawn two tags. We do not always fill the tags. We set rules and manage ourselves such as with the deer season despite our successful antlerless tags draws. We do not fill all our tags in any year. There is more to the sport than just filling tags. But having a tag brings opportunity for the full experience.\nAn additional week of bow hunting in area 61 will further reduce opportunity for party hunting.\nLimiting party hunting numbers. I am struggling with this. Our camp could have two groups. How would the rules apply to a party of ten and six individual hunters on the same property living in the same accommodations? Or two parties?  The proposal would Have a significant negative defect on established groups like ours. There are many established camp in our area. We are part of the Limerick Lake Hunting Association which has many similarity established camps. I would ask that you reconsider the maximum number of party hunters.\nA system should take into consideration maximizing opportunities for the greatest number of hunters while taking into consideration managing the species and legitimate hunters with legitimate land to hunt before they get a tag.\nAlso opportunity should only go to Ontario residents as they live here and pay taxes that support the programs that control and monitor the wildlife. Otherwise we risk becoming like other locations like some states that auction off tags to the highest bidder and the residents do not get the opportunity. It becomes the sport of the rich funded by the residents.\nOur camp has passed the heritage down through several generations and will continue to do so as long as we are able. I respectfully ask that you reconsider some of the changes as there must be common ground between party hunters and individuals interests.\nBut it is time for changes to the current system just maybe not everything proposed.\nThank you for the opportunity to comment on the proposal.\nM\n"
    },
    "32980": {
        "url": "/comment/32980",
        "comment": "With respect to creating more Bow Hunting seasons in WMU's I would like to see consideration given to the difficulty in harvesting a moose with a bow and have more tags made available for larger groups. For example WMU's that currently have no guarantee group size for rifle should not be treated the same for the bow season, the math applied to the calculations should be weighted differently for the bow season.\nI would like to see Calf tags applied to all WMU's and perhaps consideration given to eliminating a calf hunt all together.\n"
    },
    "32981": {
        "url": "/comment/32981",
        "comment": "My thoughts are if you want to help increase the moose population than you must cancel the hunt of Cow moose.\nReasons are as follows:\n#1- One bull moose can impregnate more than 1 Cow moose but a Cow moose can only get pregnant once. Therefore killing a cow moose equals no calf at all. And the bull moose could have already impregnated another which means the possibility of calf moose\n#2- Calf hunt should be only aloud for a couple weeks as is in some WMU's. A cow could have 2 calves so it is possible that one still survived.\n#3- If you kill a Cow moose and she has a calf/calves, the chance of survival is very minimal for the calf without its \"mom\" so that means even though you shot a cow and not the calf, in the long run you just killed the calf because chance of survival with out the Cow is very slim.\nThank you for taking the time to read and that it is taking into consideration. I'd love to continue to hunt for moose and it is a great way to increase moose population while still being able to hunt.\n"
    },
    "32982": {
        "url": "/comment/32982",
        "comment": "There doesn't seem to be an emphasis on the geographic location of hunting within WMUs in the report.\nForest managers would like to see an inter WMU zone approach where certain areas of WMUs are restricted to hunting of all moose for a period of time to allow for forest management activities to harvest and regenerate browse and cover (habitat) opportunities for Moose across the landscape. As it stands right now, the MNRF is requiring Forest Industry to manage road infrastructure at a cost, with no assistance from the moose hunting program to partner in the recovery of these key habitat features such as food and cover.\nWe feel the current forest management approach is one dimensional and that with additional and enforced control of an area to hunters through law a real benefit to the moose population could be achieved. The Forest Industry is able to assist through its road use management strategies in these areas of population growth opportunities.\nThank you for the opportunity to comment.\nMark Lockhart, RPF\nNipissing Forest Resource Management Inc.\nThe Vermilion Forest Management Company Ltd.\n"
    }
}