{
    "23597": {
        "url": "/comment/23597",
        "comment": "Please see attachment for Toronto and Region Conservation Authority's comments on the 10th Year Review of Ontario's Endangered Species Act: Discussion Paper.\n"
    },
    "23598": {
        "url": "/comment/23598",
        "comment": "Please protect Ontario\u2019s Endangered Species Act. Protect Wildlife. Our economy will benefit by clear regulations, swift responses and improved communications, not by delays and exemptions in applying the Ontario Endangered Species Act, which is a critical backstop against extinction.\nProtecting endangered species requires looking at the entire landscape and taking actions that will contribute the most to improving habitat and protecting species from harm\nThe Committee on the Status of Species at Risk in Ontario (COSSARO) must be able to determine the status of species, which is essential to the proper functioning of the Endangered Species Act (ESA).\nHabitat loss or degradation is a primary cause for species decline. Automatic protection, combined with clear communication on where impacts can and cannot occur, would protect species while providing certainty of what to expect for economic development.\nDelays and inaction are detrimental to species while at the same time providing unproven and speculative economic benefit. The government should focus on balancing the need to provide the resources for protecting species and habitats with clear regulations on allowable and non-allowable economic development.\nI believe that endangered species and their environments can co-exist with economic development.  It is essential to deny a permit for an activity that would harm a species or its habitat. Permits allowing harm to endangered species or their habitat poses considerable risk so need to come with strict conditions. Extinction is permanent and a healthy environment benefits all Ontarians (and Canadians).\n"
    },
    "23599": {
        "url": "/comment/23599",
        "comment": "Please see attached for OFIA's complete submission.\n"
    },
    "23601": {
        "url": "/comment/23601",
        "comment": "We need to be aware of the salt we are using on the roads. As we have a long winter with lots of snow, we also use a lot of salt. This salt is getting into our groundwater and its a hazard not only to wildlife but even our domesticated pets like cats and dogs. We need to move to a natural alternative to help keep our biodiversity thriving.\nWe also need to be aware of the pesticides that are being used on public and private property and move towards banning these pesticides. Many wildlife species are being affected by the consumption of pesticides. We need all of our biodiversity to thrive in order for our ecosystem to be strong.\nBan the use of pesticides, herbicides and insecticides and salt. We have better, natural alternatives that need to be used now to ensure the protection of our domesticated and wildlife populations.\n"
    },
    "23602": {
        "url": "/comment/23602",
        "comment": "With climate change becoming an ever increasing threat and due to its polarizing nature publicly, it is not within Ontarios best interest to start making drastic changes to our environmental policies. Species diversity is decreasing already due to habitat loss through urbanization and environmental corridors (such as the Oak Ridges Moraine) need to be left intact in order to keep our ecosystems healthy and functioning.\n"
    },
    "23603": {
        "url": "/comment/23603",
        "comment": "Dear Government of Ontario,\nThank you for the opportunity to add my voice to the public consultation on the ESA review discussion paper.\nThe science is clear that business-as-usual development and industrial activities continue to threaten the survival and recovery of wildlife in Ontario. What is needed is not greater efficiency for industry but, rather, greater efficiency to recover the province\u2019s at-risk species.\nWe urge you to:\n\u2022  Focus on habitat-protection measures that are effective for the listed species and that simultaneously improve outcomes for multiple species at risk.\n\u2022  Work with other ministries to ensure coordination to limit cumulative impacts on the lands and waters that provide wildlife habitat.\n\u2022  Repeal the long list of exemptions for forestry, hydro, mining and commercial development, approved by cabinet in 2013.\n\u2022  Amend the law to set a higher bar for creating exemptions through regulation by ensuring they cannot jeopardize the recovery of threatened or endangered species.\n\u2022  Ensure local communities benefit from activities to maintain and restore endangered species and their habitat, including rural and northern communities.\n\u2022  Support the continued leadership and critical role of Indigenous Peoples in conservation initiatives.\nThank you,\na Queen's University biology student\n"
    },
    "23604": {
        "url": "/comment/23604",
        "comment": "Dear Government of Ontario,\nThank you for the opportunity to add my voice to the public consultation on the ESA review discussion paper.\nThe science is clear that business-as-usual development and industrial activities continue to threaten the survival and recovery of wildlife in Ontario. What is needed is not greater efficiency for industry but, rather, greater efficiency to recover the province\u2019s at-risk species.\nWe urge you to:\n\u2022  Focus on habitat-protection measures that are effective for the listed species and that simultaneously improve outcomes for multiple species at risk.\n\u2022  Work with other ministries to ensure coordination to limit cumulative impacts on the lands and waters that provide wildlife habitat.\n\u2022  Repeal the long list of exemptions for forestry, hydro, mining and commercial development, approved by cabinet in 2013.\n\u2022  Amend the law to set a higher bar for creating exemptions through regulation by ensuring they cannot jeopardize the recovery of threatened or endangered species.\n\u2022  Ensure local communities benefit from activities to maintain and restore endangered species and their habitat, including rural and northern communities.\n\u2022  Support the continued leadership and critical role of Indigenous Peoples in conservation initiatives.\nThank you,\nA concerned citizen of Ontario\n"
    },
    "23605": {
        "url": "/comment/23605",
        "comment": "Thank you for the opportunity to comment on the ESA review discussion paper. Though I support the stated intent to provide more stringent protections for species at risk, the proposals being considered will not accomplish that goal. On the contrary, for the most part they would make it easier for industry and developers to destroy the habitats of our most vulnerable plants and animals.\nAny amendments to the ESA must support its purpose of protecting and recovering at-risk species. To that end, I urge MECP to:\n- Repeal the 2013 exemptions for the forestry, hydro, mining and development industries;\n- Amend section 57 (1)1 of the ESA so that exemptions will only be allowed if they do not jeopardize the survival and recovery of endangered and threatened species;\n- Maintain COSSARO\u2019s current science-based listing process;\n- Maintain mandatory habitat protection with no ministerial discretion; and\n- Maintain the requirement for proponents of harmful activities to provide an on-the-ground overall benefit to species impacted with no backdoor option to simply pay into a fund to compensate for harm.\n"
    },
    "23606": {
        "url": "/comment/23606",
        "comment": "Please see attachment for Toronto and Region Conservation Authority's comments on the 10th Year Review of Ontario's Endangered Species Act: Discussion Paper.\nPlease disregard the comment/file sent earlier today as it had an incorrect file name.\n"
    },
    "23607": {
        "url": "/comment/23607",
        "comment": "Ontario is home to 243 species at risk of extinction. Changes to the Endangered Species Act should improve protections, not water them down even further. This review won\u2019t help species at risk if it doesn\u2019t address exemptions that make it too easy for business and industry to do even more harm to critical habitat. Clearly defined no-go zones protect wildlife \u2013 while creating efficiencies for business by making it clear where development won\u2019t be permitted. We need protections that lead to recovery for species-at-risk in Ontario\u2013 we don\u2019t need changes that will drive more species to extinction.\n"
    },
    "23608": {
        "url": "/comment/23608",
        "comment": "Changes to the Endangered Species Act should improve protections, not water them down even further.\nThis review won\u2019t help species at risk if it doesn\u2019t address exemptions that make it too easy for business and industry to do even more harm to critical habitat. Clearly defined no-go zones protect wildlife \u2013 while creating efficiencies for business by making it clear where development won\u2019t be permitted.\nWe need protections that lead to recovery for species-at-risk in Ontario\u2013 we don\u2019t need changes that will drive more species to extinction.\n"
    },
    "23609": {
        "url": "/comment/23609",
        "comment": "Protection of Species at Risk (SAR) has and continues to be provided through the Crown Forest Sustainability Act (CFSA) which emphasizes providing enough habitat in a variety of forest types to account for the wide diversity of species present in our Crown Forests \u2013 not just those listed as endangered -. The Endangered Species Act (ESA) stresses a site-specific and individualized approach that does not recognize the benefits that habitat management provides through the CFSA. The most important action the government must take is a permanent recognition of the Crown Forest Sustainability Act (CFSA) as an equivalent process to the Endangered Species Act (ESA); either through a permanent Section 55 Regulation. The Forestry industry MUST be present at the table when the species at risk legislation is evaluated and their input MUST be considered. Economic impact assessments of species at risk policy MUST be a priority as the review is carried out. Forestry operations approved in a Provincial Forest Management Plan pose little to no risk to species and their habitats.The COSSARO listing process for species is flawed as species with a lack of data are listed because there is a lack of data (precautionary principle). Furthermore, species may be at risk in some areas of the province but not all areas and therefore flexibility is needed. Current Area of Concern prescriptions must be re-evaluated and mechanisms for accountability on the Government side need to be created. If the forest industry loses their exemption, then the Government will have to list Forestry workers as endangered species.\nExempting forestry from the ESA would provide the best certainty for business.\n"
    },
    "23610": {
        "url": "/comment/23610",
        "comment": "I am in support of CWF's position on this matter.\n1. Landscape Approaches\nI support recovering species by looking at the entire landscape and taking actions that will contribute the most to improving habitat and protecting species from harm; however, care must be taken to ensure the individual needs of each species are still taken into account. There are situations where a species-specific approach is still warranted.\n2. Species Listing Process and Protections\nThe ability of the Committee on the Status of Species at Risk in Ontario (COSSARO) to determine the status of species, independent of government, is essential to the proper functioning of the Endangered Species Act (ESA). Improved communication and transparency in all aspects of species assessment and protection is warranted to provide clarity for the public and business.\nHabitat loss or degradation is a primary cause for species decline. Automatic protection, combined with clear communication on where impacts can and cannot occur, would protect species while providing certainty of what to expect for economic development.\n3. Species Recovery Policy and Habitat Regulations\nDelays and inaction are detrimental to species while at the same time providing little economic certainty since business is uninformed of the parameters under which they must operate.  What is needed for species and economic development is for government to focus resources on quickly providing the framework for protecting habitat and taking action.\n4. Permitting Processes\nI am in favour of consistent application and streamlining of decisions, which must also include decisions to deny a permit for an activity that would harm a species or its habitat. Permits allowing harm to endangered species or their habitat poses considerable risk so need to come with strict conditions. Extinction is permanent.\n"
    },
    "23611": {
        "url": "/comment/23611",
        "comment": "I am extremely sad after reading the ESP 10th Year Review Comments regarding Ojibway Nature Reserve & Tallgrass Prairie in Windsor, ON. The Endangered Species Act seems to have failed saving endangered species in Essex County/Windsor.\nThe proposed development lands for a big box development is less than 40 metres from Ojibway Prairie.\nWe do not need additional traffic, created by the building of a big box store and widening of Matchette Road, so close to the precious Reserve and Prairie. Do governments at all levels not care about the endangered and at risk species? What is the Endangered Species Act doing to protect species? Why is it so easy for developers to receive ESP Permit Applications? Apparently plans are in place to add eight more tools for developers to gain approval for developing endangered species habitat. This will further weaken the ESA. We need a stricter Ontario Endangered Species Act, not a watered down one!\nThose proposed development lands themselves are host to 100 endangered & threatened species.\nOjibway itself hosts 4000 species, 160 Ontario species at risk, & 21 endangered & threatened species.\nTall grass prairies is a globally endangered ecosystem, having gone from 23% coverage in North America to less than 0.1% now.\nThe number of endangered & threatened species in Ojibway have increased from 13 to 21 since 2009.\nWhy on earth do we need another big box store so close to this precious area? Can it not be built elsewhere? Several  stores have closed in the past 1.5 years in Windsor...Sears, Bombay, Bowrings, with Home Outfitters soon to follow. Windsor\u2019s population has not supported the malls and big box stores we have now.\nCountless store fronts are closed and there are acres of empty cement parking lots. Can this big box store not be built on one of these empty sites?\nPlease consider these facts before allowing this big box store development to go forward so close to Ojibway. Please also consider closing Matchette Road in the area around Ojibway. Our species at risk are depending on you, and so are we.\n"
    },
    "23612": {
        "url": "/comment/23612",
        "comment": "Dear Government of Ontario,\nThank you for the opportunity to add my voice to the public consultation on the ESA review discussion paper.\nThe science is clear that business-as-usual development and industrial activities continue to threaten the survival and recovery of wildlife in Ontario. What is needed is not greater efficiency for industry but, rather, greater efficiency to recover the province\u2019s at-risk species.\nWe urge you to:\n\u2022  Focus on habitat-protection measures that are effective for the listed species and that simultaneously improve outcomes for multiple species at risk.\n\u2022  Work with other ministries to ensure coordination to limit cumulative impacts on the lands and waters that provide wildlife habitat.\n\u2022  Repeal the long list of exemptions for forestry, hydro, mining and commercial development, approved by cabinet in 2013.\n\u2022  Amend the law to set a higher bar for creating exemptions through regulation by ensuring they cannot jeopardize the recovery of threatened or endangered species.\n\u2022  Ensure local communities benefit from activities to maintain and restore endangered species and their habitat, including rural and northern communities.\n\u2022  Support the continued leadership and critical role of Indigenous Peoples in conservation initiatives.\n"
    },
    "23613": {
        "url": "/comment/23613",
        "comment": "Hello,\nThank you for the opportunity to respond to this EBR posting.  I do agree that TRUE species at Risk need to be protected but the way they have been done for the past 10 years is not working.  Some of my suggestions when going forward is that only TRUE species using TRUE up to date science be used to classify these.  Absolutely no HYBRIDS should be aloud to  be protected.  When looking at a species there needs to be more emphasis on what this will do to the whole eco system.  Why are there numbers low?  Maybe they are at the range threshold and the climate and eco-system can not support them.  Grey fox for example,  they are listed due to low numbers but there are tremendous amounts of gray foxes in the North American landscape and they are very abundant.  Ontario borders  are just the most Northern range for there territory, and we will never have any amount as they have reach there northern range so are they really Threatened.  The answer is no.  You need to look at the species range entirely not Ontario's man made boundaries.  Animal don't have these boundaries.  When a species reaches threatened there need to be a longer period put in place to monitor these species and do some True science so you can see what the levels are going to do over a five year period.\nThere should be a mechanism in place that the Minister can over rule a classification if he or she feels that it was done without evidence or with bias.\nWhen you make your recovery strategy look out how protecting one species and effect another species and the eco system.\nSome may not want to believe but there are winners and losers in the eco system and sometime there is nothing you can do about certain species no matter what you do.\nHere is just a few thoughts I have that could improve how you work with species at Risk.\nThanks\n"
    },
    "23616": {
        "url": "/comment/23616",
        "comment": "I have read the 10th Year Review of Ontario\u2019s Endangered Species Act: Discussion Paper and adamantly disagree with the goals of the evaluation. The reason for my objection is the review does not aim to improve species protection and fulfill the mandate of the Ministry of the Environment, Conservation and Parks. In fact, the object of this evaluation appears to be focused on benefiting private business to the detriment of endangered species.\nAdditionally, I will not support legislation that comes from the review of Ontario\u2019s Endangered Species Act if it does the following:\n-\tIncreases timelines before a species is listed as endangered\n-\tIncreases transition periods or ministerial discretion on whether to apply, remove or temporarily delay protections for a threatened or endangered species, or its habitat\n-\tEnables the extension of the timeline for Government Response Statements\n-\tSimplifies the requirements for a permit under s. 17(2)d, and exemptions set out by regulation\n"
    },
    "23619": {
        "url": "/comment/23619",
        "comment": "Thank you for providing the opportunity to comment on Ontario\u2019s Endangered Species Act. Hydro One is Canada\u2019s largest electricity transmission and distribution service provider; we transmit and distribute electricity across Ontario, home to 38 per cent of Canada\u2019s population. Our values guide us to work relentlessly with our employees and those who work for us to achieve world-class environmental performance. We will strive for continual improvement of our health, safety and environment management system and will deliver electricity to our customers and manage our operations in an environmentally responsible and sustainable manner. Please find our recommendations below for your consideration.\nProject Registration Timing:\nThe requirement to register maintenance projects under section 23.18 of O. Reg. 242/ 08 (Threats to health and safety, not imminent) in advance of undertaking work results in an inefficient process that leads to over registration. The scale of Hydro One\u2019s maintenance work is province wide and year round; Species at Risk are one of many considerations and requirements that have to be satisfied when scheduling and carrying out our work program. Often, the most effective way of minimizing /eliminating impacts to Species at Risk and their habitats is by modifying our work schedule to avoid sensitive times of year (e.g. breeding, hibernating, etc\u2026).  We are not always able to guarantee project timelines due to the nature of our scheduling. As a result, we are often forced to register projects that may have an impact to Species at Risk or their habitats to ensure legislative compliance.  We propose the option to register projects after maintenance work has been carried out. This will ensure that only appropriate registrations are provided to the Ministry of Environment, Conservation and Parks, reduce administrative burden, and give more accurate information on actual impacts to Species at Risk and their habitat.\nRegional level approach and a new conservation agreement:\nConsideration should be given to larger scale agreements or registrations. This would allow for a more coordinated approach to Species at Risk habitat restoration and protections. The current framework results in fragmented restoration strategies based on individual project impacts. Further, overlapping and sometimes conflicting Species at Risk mitigation and recovery actions necessitate a higher level regional agreement that incorporates all known conditions to achieve positive outcomes for Species at Risk.\nStewardship/safe harbour agreement regulations are not suitable for our industry as they are currently written. The requirement for a defined conservation period precludes participating in many conservation actions. Hydro One\u2019s requirement for unimpeded access to infrastructure assets for planned and unplanned maintenance is not compatible with habitat protection measures that have a defined term. A solution could be to include a provision allowing proponents to undertake necessary maintenance operations in areas covered under a stewardship/safe harbour agreement.\nSpecies at Risk habitat protections limiting the ability to undertake required asset maintenance is currently a disincentive to engage in conservation activities.  A more comprehensive solution could be to create a new type of voluntary conservation agreement that incorporates the need for required maintenance work into a regional level framework that encourages creation of Species at Risk habitat. This agreement could include a vetting process whereby the regulating body would determine if an individual or an organization qualifies based on a relationship of trust and historical compliance.  Allowing for necessary industry activities with approved partners, following a defined conservation agreement would give the regulatory certainty for proponents to carry out voluntary Species at Risk conservation activities. These activities would occur on land that would otherwise not be considered for Species at Risk conservation due to the requirement for access and other work activities.  This type of agreement would ultimately promote beneficial actions for Species at Risk by providing a new framework that industry can use to participate in voluntary conservation actions while not compromising necessary operational or maintenance requirements.\nHabitat Banking:\nHabitat banking is a market-based environmental solution to ensure that impacts to the environment caused by development are offset by compensation and/or mitigation measures. The Government of Ontario could explore the creation of a fund in lieu of existing requirements to ensure a coordinated response and protections to benefit Species at Risk. Currently, proponent-led and project-based permitting results in fragmented efforts across the province. Habitat banking has the potential to focus on locations and/or Species at Risk where the most benefit could be gained through conservation activities, particularly where site specific recovery/mitigations are difficult or not practical.\nWe welcome the opportunity to discuss our comments and look forward to continuing to work with the Government of Ontario to find a balance between industry needs and species habitat protections that facilitates positive outcomes for Species at Risk in Ontario.\n"
    },
    "23620": {
        "url": "/comment/23620",
        "comment": "To whom it may concern,\nI think a more landscape approach is beneficial. A lot of the housing developers (especially in Ottawa where I am from) have been able to get through loops in the system because of the current case-by-case and species-specific approach. A single site can have multiple species at risk or endangered present and non-endangered species rely on these species for the overall health of an area. \"Specific geographic areas or ecosystems where the needs of multiple species at risk can be addressed\", I think is the best possible way to achieve a more broad and strategic approach.\nThe KNL development of the South March Highlands in Ottawa was a prime example of what this proposed change to the Act could have influenced on the outcome. I saw first-hand the clear cutting of native at-risk trees and the removal of Blanding\u2019s Turtle habitats from land grading by housing developers in my city because they are getting through loops in the current system. Currently if only 2 or 3 species at risk are mentioned in an application and the developer has \"reasonable\" alternatives for mitigating the habitat loss and there is an \u201coverall benefit\u201d then the project gets the green light. KNL\u2019s proposed measures consisted of no more than mitigation, for example, the extensive fencing that would be erected to channel Blanding\u2019s Turtles into corridors and construction of new nesting and overwintering sites that they hope the turtles will make use of. These are experiments; that they would be an \u201coverall benefit\u201d is speculative.\nEven if 1 of the 3 species were not found or present on the site for the few days the biologist (hired by the developer might I add) was there, the project still gets a green light. The Act allows some activities to proceed under a clause 17(2)(c) permit with specific conditions if: avoidance and reasonable alternatives have been considered. This is a fundamental misinterpretation of the legislation. When the Endangered Species Act refers to \u201creasonable\u201d alternatives, it means reasonable with respect to achieving the objectives of the Act, as in, the protection of the endangered species. The profit of a developer does not come into it.\nPin-pointing a few species at risk in an area and formulating a few management strategies for each individual species in an application is a one-dimensional approach than if an entire geographic area were in question. The way species interact with one another is far grander than containing and reducing an area down to 2 or 3 species.\nTHE PROVNCE NEEDS MORE POWER. Habitat protection is under the Act. But a species-specific approach has allowed the developer to continue habitat and species destruction because the land, the boundary, in which endangered species lives on is not officially protected. Even though endangered and at-risk species are present the developers are able to come up with a few strategies for mitigation and are light on the fact that \u201csome\u201d of these species will be killed in the process. A landscape approach would fill the gap in the missing legislation.\nHabitat boundaries of endangered and at-risk species should be heavily analyzed if the province wants to transition to a landscape approach to implementing the Endangered Species Act. Species on the at-risk or endangered list found in an area should not be up for debate in a proposed development site. A landscape approach would mean more land would be out of the question for development. I am not so sure this would yield the economic activity the province is hoping for but it certainly is a step in the right direction for saving and securing the habitats of endangered species.\n"
    },
    "23621": {
        "url": "/comment/23621",
        "comment": "These protections were brought into place because these endangered species do not have the means to protect themselves from the encroachment of humanity, specifically of human businesses who value profits before any other considerations. Changing the act to look for \"efficiencies\" AKA cuts that will allow businesses to do as they wish, is EXACTLY what the act was made to prevent. And anyways, the amount of lawsuits brought forth by environmental groups if the act is changed means the government will likely LOSE money, not save it.\n"
    }
}