{
    "22542": {
        "url": "/comment/22542",
        "comment": "Good morning -\nWe have just been reading about potential threats to the Endangered Species Act, about the possibility that a pending review will further weaken its protections for wildlife in the great province of Ontario. We are disappointed that this may be the case and strongly encourage you to consider what this may mean for the current generation and those to come.\nCountries around the world are coming to a deeper understanding of the need to balance progress, which has often been measured by further development of business, with protections for resources of all kinds. Progressive nations consider this both in terms of the immediate and the long-term and creative and progressive business models work in concert with these goals and requirements.\nCatering to 18th and 19th century styles of doing business dictates that we squander our natural resources because, 100 years ago, these resources seemed as unlimited and the business opportunities to exploit them. These approaches have more than proven themselves not just antiquated in their design but dangerous in their outcome. Business 'progress' should be monitored closely by our governments and considerate protections for our natural resources should preclude development.\nThe protections we now have in place deserve to be strengthened, not weakened. Business and development is important, to be sure, but creatively and mindfully. New ways of generating growth are modelled for us by those who have been thinking progressively for years. Clearly disqualifying areas that contain threatened wildlife to construction or intrusion is crucial as is protecting areas that may be threatened in the future in this way.\nIt does not take an excess of brain power to understand - and to fully comprehend - that human expansion, in its post-industrial form - must end. We have to find ways to coexist, peacefully, with the other species and our shared habitats. This is, interestingly, a much easier task than peacefully coexisting with each other.\nBut we should work on that, too.\n"
    },
    "22544": {
        "url": "/comment/22544",
        "comment": "Ontario's endangered species should not be treated as commodities and/ or put at risk for the sake of perceived business efficiencies. The disruption and extinction of species fundamentally disrupt trophic and other ecologic interactions which have lasting and meaningful impacts on the productivity and health of our environments. The time for selfish prioritization of business has passed. The future of our children, our country, and our Earth is in danger. Endangered and imperilled species should be the primary concern for any government that expects there to be a future for its people.\n"
    },
    "22552": {
        "url": "/comment/22552",
        "comment": "As more pressure is put on species in Ontario as a whole, it is unconscionable that those species already at risk are threatened further by watering down the Species At Risk legislation.  This legislation should be strengthened to improve its effectiveness and provide greater protection, rather than being watered down to make it easier for business and industry to do as they wish.  We should be encouraging recovery of species as well as protecting those already threatened; diluting the legislation even more than it is already will only exacerbate even further the threat to both habitat and species.  We will all be the poorer when species disappear: extinction is forever.  Please strengthen the Species at Risk legislation and provide a stronger basis from which we can protect our environment for future generations.\n"
    },
    "22556": {
        "url": "/comment/22556",
        "comment": "Please\n\u2022 Focus on habitat-protection measures that are effective for the listed species and that simultaneously improve outcomes for multiple species at risk.\n\u2022 Work with other ministries to ensure coordination to limit cumulative impacts on the lands and waters that provide wildlife habitat.\n\u2022 Repeal the long list of exemptions for forestry, hydro, mining and commercial development, approved by cabinet in 2013.\n\u2022 Amend the law to set a higher bar for creating exemptions through regulation by ensuring they cannot jeopardize the recovery of threatened or endangered species.\n\u2022 Ensure local communities benefit from activities to maintain and restore endangered species and their habitat, including rural and northern communities.\n\u2022 Support the continued leadership and critical role of Indigenous Peoples in conservation initiatives.\n"
    },
    "22557": {
        "url": "/comment/22557",
        "comment": "I am in support of the Endangered Species Act 2007 (ESA) and object to any attempt by the Ford government to weaken this act through ERO #013-4143).  Ford only cares about making it easier for his developer cronies to steal and develop our protected and critical green spaces.  We cannot allow him to put our endangered species at risk.  Please stop him.\n"
    },
    "22559": {
        "url": "/comment/22559",
        "comment": "Don't sell out on future generations who would love to experience and enjoy wildlife and nature.  Economic gains can happen without destroying the earth. Make moral and informed decisions for the future development of the earth.  Time taken now to make information based, intelligent decisions can result in life times of healthy, quality living for everything and everyone on this planet.\n"
    },
    "22561": {
        "url": "/comment/22561",
        "comment": "It should be of the utmost importance at this crossroads for a responsible government to protect the environment - not to do so is foolhardy and will endanger future generations.  We need to these issues to be dealt with today and not always pushed off into the future.  Please apply sober, serious consideration to the importance of what can be done today to preserve the environment and endangered species now - do not push the responsibility to the next government - it is your responsibility today!\n"
    },
    "22564": {
        "url": "/comment/22564",
        "comment": "I am extremely concerned about the references to providing  'clarity to support economic development' and the Act being criticized for 'creating barriers to economic development'. I believe we need to IMPROVE protections for endangered species and not allow loop holes that make it easier for development to encroach on protected land.  For once, let's not be dictated to by the almighty dollar.\n"
    },
    "22565": {
        "url": "/comment/22565",
        "comment": "Any update of the Endangered Species Act should improve protections, not reduce them under the guise of efficiency.  This review won\u2019t help species at risk if it doesn\u2019t address exemptions that make it too easy for business and industry to do even more harm to critical habitat. Clearly defined no-go zones protect wildlife \u2013 which will help businesses by making it clear where development won\u2019t be permitted so they won't waste resources ( their own and the review board's).\n  \tWe expect our elected governments to ensure protections that lead to recovery for species-at-risk in Ontario\u2013\u00a0we don\u2019t need changes that will placate business interests, possibly driving more species toward extinction.\u00a0\u00a0 Half of Canada\u2019s wildlife are in decline \u2013 by an estimated 83 per cent.  It behooves us to work for the recovery of these populations, not risking further decline.\n"
    },
    "22566": {
        "url": "/comment/22566",
        "comment": "The review of the Endangered Species Act is just a euphemism to relax our regulations to make developers and farmers (basically wealthier individuals) keep pillaging our forested and ecologically significant lands. We hardly have much left especially in Southwestern Ontario.\nFarmland purchased by developers should be the only land allowed to be made into residential, commercial, or industrial development. Farmlands are already pesticide ridden mud-baths which make more sense to develop over, rather than forested lands which house endangered species and maintain a healthy environmental balance to the land we live in. Not to mention our percentage of forested land in SW ontario is FAR below the ideal 30% coverage.\nThere are even larger impacts of unhealthy watershed from hard-surface (developed) areas and pesticide riddled farmlands. All of these areas drain contaminants into our storm system and ditches then eventually get released into the Great Lakes. If we had a healthier balance of forested lands (30% coverage) our watershed would be much cleaner due to native vegetation acting as natural filters as well as erosion control.\nWe shouldn't lose sight of the larger picture. After all governments should be acting in the best interest of the masses, not just select few wealthy individuals.\n"
    },
    "22568": {
        "url": "/comment/22568",
        "comment": "It is time we stand up for our environment and protect these species. If we do not stop allowing industry to dictate to us; and governments worrying only about the rich we are reverting back to the early years of civilization.\nWe need to treat wildlife fairly and show concern; if we don't then we are teaching our children that nothing is important in life.\nWe need to stand up for what is right , and stop caving in to money\n"
    },
    "22569": {
        "url": "/comment/22569",
        "comment": "Ontario is home to 243 species at risk of extinction. Already, routinely granted exemptions to the Act make it too easy for development and industry to tear up and cut through critical habitat.\nA review of Ontario\u2019s Endangered Species Act may be what wildlife need, but the government\u2019s emphasis on creating \u201cefficiencies for business\u201d could make it even easier for industry to disturb and pollute nature where at-risk species need protections most.  Changes to the Endangered Species Act should improve protections, not water them down even further.\nThis review won\u2019t help species at risk if it doesn\u2019t address exemptions that make it too easy for business and industry to do even more harm to critical habitat. Clearly defined no-go zones protect wildlife while creating efficiencies for business by making it clear where development won\u2019t be permitted.\nWe need protections that lead to recovery for species-at-risk in Ontario\u2013 we don\u2019t need changes that will drive more species to extinction.  Half of Canada\u2019s wildlife are in decline \u2013 by 83 per cent.  I would like the Ontario government to be part of the solution.\n"
    },
    "22571": {
        "url": "/comment/22571",
        "comment": "It is clear from the report entitled: \"Without a Trace: Reflecting on the 10th Anniversary of Ontario\u2019s Endangered Species Act, 2007\" published in 2018, that there are no \"efficiencies for business\" to be found in the Endangered Species Act.  It is in fact - failing for endangered wildlife and fauna.\nIs a review of the Act necessary?  Absolutely.  According to the David Suzuki Foundation, exemptions from the rules laid out in the Act have been granted to industry ... \"from prohibitions, major delays in the development of recovery strategies for at-risk species, and a complete lack of public transparency about harmful activities occurring in at-risk species\u2019 habitats.\"\nThe numbers do not lie.  The list of endangered species in Ontario and Canada is on the rise.  Any review of the Act must include a thorough examination of why this is so - and this should include an inquiry into the current management of the the Act by the MNRF.  \"The report identifies a problem inherent to the MNRF mandate: that it is responsible for both protecting biodiversity and \u201cpromoting economic opportunities in the resource sector.\u201d [https://davidsuzuki.org/press/ontarios-endangered-species-act-failing-p\u2026]\nWildlife in this province is a public trust.  As a citizen of this province, I call on the Government of Ontario to fully implement the existing Act and offer native wildlife and fauna the protections they deserve as laid out by sound science.  In the interest of preservation for the present time, and future generations, it is the responsibility of government to \" ... prioritized the law\u2019s fundamental purpose: the recovery of at-risk species.\" [Sarah McDonald of Ecojustice].\nI would charge the Government of Ontario to hold and preserve wildlife and fauna recognizing that wildlife is a public trust ... and to call on business to adapt and grow within the boundaries and parameters set forth in the original Endangered Species Act.\n"
    },
    "22572": {
        "url": "/comment/22572",
        "comment": "Open for Business is a slogan that has some merit from an economic standpoint but it will be a curse for our grandchildren certainly and probably also our children if businesses and industry are allowed to circumvent important land, watershed and wildlife protections.  Would you thank your parents for being responsible for the lack of wildlife diversity (200+ species are facing extinction in Ontario alone) and the absence of habitat and watershed areas that enable all of us to lead healthy lives that include an appreciation for and access to natural environment and spaces.  I would blame them for allowing any government, including the Conservative Party of Ontario, for being a part of depriving all of us and our future generations the right to enjoy a healthy and ecologically sound environment.  Don't be the Party that is remembered as the destroyer of the glory that is Ontario.\n"
    },
    "22575": {
        "url": "/comment/22575",
        "comment": "Half of Canada\u2019s wildlife are in decline \u2013 by a whopping 83 per cent. Provincial governments must be part of the solution. It's a no brainer that at-risk habitat should be protected AT ALL COSTS.  Once these creatures are gone, we cannot get them back.  And that marks the decline and extinction of the human race as well.\n"
    },
    "22582": {
        "url": "/comment/22582",
        "comment": "Please note:\n\u2022Changes to the Endangered Species Act should improve protections, not water them down even further.\n\u2022This review won\u2019t help species at risk if it doesn\u2019t address exemptions that make it too easy for business and industry to do even more harm to critical habitat. Clearly defined no-go zones protect wildlife \u2013 while creating efficiencies for business by making it clear where development won\u2019t be permitted.\n\u2022We need protections that lead to recovery for species-at-risk in Ontario\u2013 we don\u2019t need changes that will drive more species to extinction.\n"
    },
    "22591": {
        "url": "/comment/22591",
        "comment": "Be good, please. Be good to nature, the earth, our kids and yourself. Don't give in to making money at the expense of animals and especially endangered species. I don't know who will be reading this, but whoever you are, think about what your heart supports and take a stand. Do the right thing and protect those without a voice, don't just follow along. Putting money ahead of the environment doesn't have to be the Conservative way. You can do better. When the animals are gone, how will you explain to your kids that you had a chance to stop it but didn't?\n"
    },
    "22598": {
        "url": "/comment/22598",
        "comment": "I would like the Ontario Government to show leadership and  am urging you to put in place stronger protections for endangered species at risk and make it more difficult for development and industry to destroy critical habitat.\nI would like to see the recovery of Ontario's wildlife, not its destruction forever.\nThank you.\n"
    }
}