{
    "21381": {
        "url": "/comment/21381",
        "comment": "The main objective of the Endangered Species Act should be the protection and recovery of species. Over the last 10 years, I have seen habitat that supports Endangered/Threatened species disappear at an alarming rate in Southern Ontario.  Along with habitat, we are losing the SAR that this legislation is in place to protect. Wetland and woodland loss in Lambton County and Chatham Kent and beyond must be stopped if we are to protect these vulnerable species.\nHabitat that has not been lost to farming or other development is being degraded such that losses are compounded.  Fertilisers, herbicides, and pesticides pollute watercourses and put additional strain on already stressed animals (e.g., freshwater mussels). Enclosures of the intermittent watercourses at the top end of the system (e.g., to improve farming efficiencies) decreases the resiliency of the the system.\nMore money and resources needs to be put into the support for this legislation.  This people left to implement this legislation have been under-staff and under resourced for 10 years.  The SAR Stewardship Fund has supported a tremendous amount of good work.  More resources must go into this Fund as well, if we expect to move to the Recovery of SAR species.\nStreamlining, cut backs, exemptions are all a giant step in the wrong direction if the protection of SAR is the main objective of this legislation - which it should be.\n"
    },
    "21405": {
        "url": "/comment/21405",
        "comment": "The Endangered Species Act is a critical piece of legislation which allows the Ministry of the Environment to act to protect Ontario's ecosystem. This is important both because Ontarians value our natural environment and also being ecosystem collapse would have an apocalyptic impact on many industries. Considering how much of the Ontario economy currently relies on the natural environment, ensuring that we have the means and resources to maintain the ecosystem is critical both for our wellbeing and our economy. Invariably, not all economies can flourish in a sustainable way, but this does not mean we must avoid stronger environmental legislation but rather ensuring that people who work in extractive and polluting industries incompatible with a sustainable future receive the support and opportunities to thrive in a new industry.\nThe Endangered Species Act is way overdue for a review. We have a massive backlog of endangered species with no plan of protecting them and there are too few resources to follow through on those plans. Our province needs a stronger Act protecting endangered species and the financial support to ensure the power of the Act is not solely on paper. This is not just good policy, it is a critical change that must happen now, before any more species are lost.\n"
    },
    "21413": {
        "url": "/comment/21413",
        "comment": "One aspect about the Endangered Species Act that I think could be improved relates to the commercial cultivation of vascular plants. While I understand the rationale in prohibiting the cultivation of these plants in the 'wild' since it may displace actual wild populations of these plants, I believe this is unlikely to happen. Some of these endangered plants exist in such small populations that cultivated plants can be grown in large areas of the 'wild' without negatively affecting wild populations of said plants. Take American Ginseng, for example. It is very hard to find, and any known locations are kept secret from the public. Nevertheless, demand continues to be extremely high, and poaching remains an issue. Would it not then make sense to allow landowners to grow American ginseng  beneath a forest canopy, thereby creating a superior product to field-grown ginseng, and fulfilling some of the demand for wild ginseng? I should clarify some points here before I go any further. Growing ginseng beneath a forest canopy (wild-simulated) does not involve tilling the soil, and could be done in existing sugar bush operations, for example. There is a demand for wild ginseng, so growing wild-simulated ginseng, which is virtually indistinguishable from real wild ginseng, could fulfill this demand. The farmers growing ginseng underneath shadecloth in the Norfolk County area are growing a commodity product that is unsuited for fulfilling the demand for wild ginseng.\nAllowing the cultivation of wild-simulated ginseng beneath a forest canopy will also attach more economic value to a woodlot, thereby providing a disincentive to clear it for agriculture or other developments. I believe this is one way we could reduce pressures on private woodlots in this province without it costing taxpayers anything. The private woodlots in southern and central Ontario harbour many endangered species, and I believe positive outcomes can be achieved by maintaining and expanding this valuable forest cover.\nMany US States allow for the cultivation of wild-simulated ginseng, and this is entirely compliant with the Convention on International Trade in Endangered Species of Wild Fauna and Flora (CITES). The United Plant Savers, an organization devoted to preserving plants, promotes 'conservation through cultivation' as a good way to preserve plants.\nWe have seen that since the inception of the ESA, American ginseng populations have not expanded, but continue to be poached. I think the best outcomes can be achieved by allowing landowners to grow wild-simulated ginseng in their woodlots.\nSupporting Links\nhttps://unitedplantsavers.org/conservation-through-cultivation-forest-g\u2026\nhttps://mycotourismekamouraska.com/pdf/Robert_Beyfuss.pdf\nhttps://extension.umd.edu/sites/extension.umd.edu/files/_docs/programs/\u2026\nhttps://www.extension.purdue.edu/extmedia/FNR/FNR-530-W.pdf\n"
    },
    "21421": {
        "url": "/comment/21421",
        "comment": "Based on personal experience with a recovery permit for bobolink and eastern meadow lark , the Minister of Natural Resources and Forestry should have more power to be able to review the permits on a case by case basis , and make changes with or with out the permit holders consent. The permits are issued for a 20 year term, with no provisions for change in property ownership , no provisions to fertilize the habitat area, or provide weed control in the habitat area. The permit holder , hires a biologist to monitor the habitat. The biologist answers directly to the permit holder, not the MNRF. In our situation we purchased a neighboring farm that had a lease in place for a C - permit to create and maintain grass land habitat for bobolink and eastern meadow larks. The permit requires that the hay not be cut until August 1, and the total area is 45 HA in size.  We have two main issues with the current permit conditions. Issue 1 , is the volume of very poor quality hay that we harvest on the 45 HA parcel, and the negative health effects it is causing to our beef herd. The second major issue is the permit has not provisions in place that require the permit holder to fertilize the habitat area, or provide proper weed control. The permit simply states , \" despite (1), if crop rotation is necessary, the overall benefit area shall be maintained as a hayfield for at least 5 consecutive years out of seven\".  The habitat area we are dealing with is entering year six as habitat. The permit holder has not spent one cent on fertilizer or weed control since the habitat was established. From our own production records the grass has seen a 40 percent decline in yield since year one to year five. This is due to both lack of nutrient being applied back to the soil, and also due to the composition of the habitat changing over time. Most of the legumes, which were required in the habitat establishment, have been lost due to the natural process of winter kill etc.  Another major issue is wild parsnip, listed as a noxious weed in Ontario, is growing , and spreading on the property. The permit holder has refused to allow crop rotation, even though we as the land owner have requested to do so to help with weed control. We as the land owner reached out to the MNRF for help on this situation. The permit holder has contacted MNRF staff and directed them to not discuss any conditions of this permit with us, the land owners. We have also put forward a request to move a portion of the habitat onto our pasture lands. Lands that meet all criteria for MNRF habitat for bobolinks and eastern meadow larks. Sadly we can not even confirm with MNRF staff if this request has been forwarded to MNRF staff due to the permit holders demand not to discuss with us. The entire purpose of this permit was to create and maintain habitat for the long term recovery of bobolinks and eastern meadow larks. Sadly due to wording of the existing permit, and the permit holders refusal to properly maintain the habitat , or allow any changes to the existing permit, are actually causing a loss of more habitat. In an effort to supplement the extremely poor feed we harvest from the habitat area we have resorted to cutting our other hay fields much earlier then before. We now cut , bale, and wrap these fields in early June to create better quality feed, and increase our second cut yields in an effort to over come the poor feed harvested from the August 1st cutting date.  This is a practice we did not do before the habitat hay became an issue for us. Normal beef hay production is done as \"dry hay\", and is harvested during the month of July. Sadly we are destroying habitat directly as an effort to overcome the conditions of the current permit. We have experience severe health issues in our beef herd due to the poor quality August harvested hay. We see weight loss, poor conception rates, poor colostrum, and poor calf health all related to poor quality feed. I will attach hay test results comparing June, and July cut hay vs August cut hay and the drop in protein and relative feed value. We have both spring and fall calving on our beef farm. This year our fall herd experience 25 percent open conception rate. This is completely unacceptable and directly related to the poor quality feed. We have already made plans to abandon our fall calving system as the poor hay simply will not sustain cows with nursing calves. This will mean a 30 percent reduction in our beef herd,,, a direct economic loss to Ontario. Our fall herd graze during the summer months on rented pasture. Sadly we will be giving this pasture up, and a neighboring crop farm has already showed interest in this land. Again a loss of grass land habitat directly as a result of a permit that was meant to protect this very form of habitat. Our request to move a portion or all of the habitat onto pasture land, which would allow us to harvest feed before August 1st has met resistance from the permit holder. A report was done on Amherst Island in 2016 that supported our request of pasture as habitat. There were more nesting pairs of bobolinks found in pasture settings then hay fields. This situation we are in could be easily resolved if the Minister of Natural Resources and Forestry had more authority and power to look at permits such as this and make changes based on current science on a case by case basis. Trying to force a corporation to maintain grass land habitat with such lack of maintenance guide lines was a mistake. If changes are not made and the current habitat area is left as is for the entire 20 year permit term the entire habitat area, and the land itself will be in a sad state. The land will have been depleted of nutrients for 20 years, the weed situation will surely be out of control. Who ever the land owner is when the permit expires will be left with no choice other then to destroy the entire habitat area to try to reclaim the agricultural land. The cost to replenish nutrients and control 20 years of weed neglect will be more then I want to take on. If we can not find a reasonable solution, this property may be offered up for sale. This will mean we will have to reduce our herd further, and take pasture we currently have out and produce feed on this land to maintain our remaining herd.\n"
    },
    "21425": {
        "url": "/comment/21425",
        "comment": "Good day, I feel that woodland Caribou should removed from the list.  I\u2019m flying in northern Ontario and often see vast herds in the far north in the Big Trout Lake area.  The MNR is managing the forestry cutting for Caribou habitat thereby destroying moose habitat.   The province makes a lot of money from the moose harvest and not a dime from Caribou.   More emphasis should be placed on local knowledge from the locals in the bush, hunters trappers and bush workers.   There\u2019s almost as many Caribou as there are Moose.\nA good example of this is the increase of wolverines in Northwest Ontario, local trappers never caught them, now many trappersare catching them.  The same holds true for moose, deer and bear populations, the people working in the bush have valuable knowledge that is basically ignored by the Biologists.\n"
    },
    "21466": {
        "url": "/comment/21466",
        "comment": "Protecting our species and natural environment is a proud legacy.  Please do not weaken ESA.\n10th Year Review of Ontario\u2019s Endangered Species Act: Discussion Paper (ERO 013-4143)\nPublic Comment Period January 18, 2019 - March 4, 2019 (45 days)\nAs an Ontario resident and Taxpayer I am opposed to weakening Ontario's environmental legislation including but not limited to the Endangered Species Act (ESA).  The ESA was struck to protect endangered species and steps to reach that goal should not be avoided simply for convenience or economic benefit.  To that end, I support the following recommendations:\n1. Exemptions from the ESA must be the exception. Exemptions should only be used in very limited situations where the level of risk and the level of complexity are low, and where the impacts of the activities are well understood and can be adequately addressed.\n2. Improve implementation of the ESA. Don\u2019t weaken the law. Keep the need to get a permit before construction or logging takes place. Permits ensure that there is overall benefit to the species as per the ESA. Anything less is contrary to the purpose of the ESA, which is to protect and recover endangered species.\n3. Registration for an exemption must be mandatory. In rare situations where an exemption may be appropriate, the proponent must be required to register with the Ontario government, outlining the nature of the activity, the anticipated impact, and the plan to achieve overall benefit for the species and monitor results.\n4. To address budgetary issues, the government can recover the costs of permitting. Make those who will benefit from the permit pay for it.\nI expect careful consideration of the following:\n- The sale or destruction of Canada\u2019s non-renewable resources including species at risk demands caution precisely because the assets are non-renewable.\n- Non-renewable resource assets are not ours alone \u2013 they also belong to future generations.\n- By virtue of diminishing supply, non-renewable assets will be worth more money in the future, therefore selling them now means selling at a reduced rate.\n- The extraction of natural resources does a lot of environmental damage, makes indelible change and presents environmental risks to air, water and soil.\n- Extraction may be warranted if the benefits outweigh the cost, however, benefits and cost must be calculated in full.  Current legislation, policies and regulations are not conducive to full cost accounting.\n- Budgetary and financial shortfalls mean reduced monitoring and enforcement.  Close monitoring and enforcement are necessary to minimize damage from unforeseen circumstance.\n- A strong independent Environmental Commissioner's Office provides accountability and transparency for Ontarians.\n- Species need protection for future generations, future economics and to ensure bio-diversity.\nI am opposed to weakening Ontario's environmental legislation including the Endangered Species Act.  As elected officials and government employees, YOU are the lead stewards of our land.  Please ensure we leave a legacy of significance for our children -- fresh air, clean water, good food, productive soil, ample green space, healthy lifestyle and environment.\nProtecting our species and natural environment is a proud legacy.\n"
    },
    "21468": {
        "url": "/comment/21468",
        "comment": "I would like to strongly support the idea of upholding and strengthening the Endangered Species Act.  It is a vital piece of legislation.  We are beginning to observe the negative impacts of losing species (i.e. Bees).\nImproving notification\n- notify local rehabs; they have large numbers of followers; they have social media presence\n- news outlets\n- bus shelter advertisements\n- Animal Planet television show or commercial\nShould there be a different approach or alternative to automatic species and habitat protections?\n- have a multi-step approval process\n- COSSARO submits their findings/suggestions to a second committee for review\nTime limit for the development of the Government Response Statement\n- there should be a time limit; however, there should be a small number of exceptions for longer timeframes\n- There should be a time limit on any time extensions\n- it is ineffective to implement regulations and protections if there is inadequate enforcement and oversight\nIt is counter-productive to initiate protections and recoveries of the species without proper resources.\nEnforcement powers should be enhanced.\nMore enforcement officers.\nMore inspections are required.\nImplement a hot line for tips from the public.\nOntario should work closely with local rehabs, Animal Controls, and SPCA's.\nOntario should force municipalities to adopt and implement a plan to assist with recovery and protection efforts i.e. certain area of land has to be dedicated for wildlife etc.\n"
    },
    "21505": {
        "url": "/comment/21505",
        "comment": "The Endangered Species Act was/is weak, it is a pay to play system with no real protection for any species.  If you have the money to compensate you can do what you want.  Real protection/common sense is needed.  I've seen developments put up were they destroy habitat and compensate right across the street and try to create suitable habitat.  Why would they have not just built across the street where they would of needed no compensation....this is not isolated situation, i am a biologist and I deal with this everyday.\nOther than the lack of teeth the act is fine, the problem is it is constricting to development so super unpopular among the rich.  More restrictions are needed for the super sensitive species (ginseng....habitat destruction ...rare plant) while less is needed for others (butternut....uncontrollable fungus....abundant plant) which I find they have balanced very well.  I would just leave it, any changes that are proposed only favor developers and people will recognize that and not like it.  I've have never actually seen any project stopped by any species, so using economic development as a tool to try and argue to lighten some rules seams crazy, it is just making it cheaper for the rich to get richer.\nSo in conclusion i guess the only thing that can be done is to make it even more expensive to eliminate species, so even the rich won't (I know still a pay to play system), and add know species locations to official plans so during early planning they can be identified to better lessen the economic impact (you got a developer looking for land you can now direct him to land that may be better suited with less regulations).  Or better yet save us all some money and don't touch it, unless you abolishing the entire act, a review and a few changes won't bring in any savings.  Probably just bring us some kind of terrible re branding program like the liberals did (when was forestry not part of natural resources?)\n"
    },
    "21672": {
        "url": "/comment/21672",
        "comment": "I am a Drainage Superintendent in Ontario responsible for managing municipal drains under the Drainage Act.\nWe currently work with the Conservation Authorities and Department of Fisheries and Oceans for drainage work completed on municipal drains across the Province of Ontario.  Working with the MNRF has not been the same when the movement went from an Exemption Agreement to Registry system.  As Drainage Superintendents we registered but all the responsibility was shifted to us as the Business Accountable person when it came to the species the Act was trying to protect with regards to mitigation plans.  When it was the Exemption Agreements, the mitigation plans were written by MNR staff and it worked well.  When the registry came into affect Head office with the MNRF said we just had to register and use the mitigation plans from the old agreements but the District Office at times felt differently about this.  There seemed to be a disconnect within MNRF.\nWith the DFO and CAs, with the help of OMAFRA we have been able to create committee's which allow us as Drainage Supers to work together with them to streamline a process and approvals for works under the Drainage Act.   These two committees are(1) DAWG - Drainage Action Working Group committee (Lead by DFO) and (2) DART - Drainage Act and Conservation Authorities Act Protocol committee (Lead by CA).\nWithin these committees we meet regularly to discuss drainage works.  We have created a process of a Drainage Notification Form that is submitted to these Agencies for Class Authorization (DFO Approval) and SCRs - Standard Compliance Requirements (CA Approval).  We have been able to develop a \"Do not send list\" with DFO as long as certain requirements are met.  On the DAWG committee we have developed a Guidance Document for maintenance and repair of drains in Ontario.\nAs a Drainage Superintendent I would love for a new Committee to be created to work with you related to works completed under the Drainage Act and so that all works comply with the ESA.\n"
    },
    "21677": {
        "url": "/comment/21677",
        "comment": "I am very concerned about the business-first approach of this proposal. For example, the suggestion of \"longer transition periods or ministerial discretion on whether to apply, remove or temporarily delay protections for a threatened or endangered species, or its habitat\" would undoubtedly put endangered species at risk. An animal is automatically added to the endangered species list when it meets the factual requirements for being endangered. Giving the public more notice before an animal is added is simply a way to ensure that businesses have time to do their potentially damaging work before they are prohibited, resulting in more damage to the landscape and species.\nI want to see the government living up to the promise in the summary of this paper to continue to provide \"stringent protections for species at risk, [and] continuing to work with stakeholders and\nIndigenous peoples.\"\nWe do not have time to be callous about the environment, environmental protections need to be taken seriously, not play second fiddle to corporate profit.\n"
    },
    "21678": {
        "url": "/comment/21678",
        "comment": "For a landscape approach, in areas where a species is known to be at risk (whether or not a  unit has been identified) recommended courses of action or habitat restoration procedures should be put forward to encourage the restoration of the species (where possible) such as, what plants or combination of plants, are suggested to promote the viablility of a species. The provision of listed nurseries/agencies that can provide plant species on the list within the local genetic gene pool and large enough for inclusion in street and park plantings.\n"
    },
    "21679": {
        "url": "/comment/21679",
        "comment": "I want any changes to the Endangered Species Act to increase environmental protections and financial and judicial resources for the Ministry.\nThe intent of the act is to place long term environmental goals that benefit all Ontarians ahead of short term economic goals of wealthy private investors for so-called \u201ceconomic benefit\u201d or partisan political goals of politicians vying for votes for so called \u201csocial benefit\u201d.\nKeep environmental protections strong.\n"
    },
    "21680": {
        "url": "/comment/21680",
        "comment": "I read this proposal, I agree with progress, but also believe in the serious protection of all species in this province. Please don't make this province a part of the problem when it comes to environmental, wildlife, and species protection. I'd like to continue living here based on the way it is at the moment, that certainly includes all the diverse wildlife we are fortunate to have.\n"
    },
    "21681": {
        "url": "/comment/21681",
        "comment": "Comments on the 10 year review of Ontario ESA\nPage 2, second column: it may be good to add invasive species as a threat to biodiversity and species at risk\nArea focus 1\nThe ecosystem approach would be more effective when you have more than one species at risk in an ecosystem or an area. This approach has been promoted by DFO and Environment Canada and Climate Change for many years. However, you will still get push back from researchers with reductionist approach. Ecosystem approach as so means the need for more stringent policies for ecosystems, which Ontario has been weak. For example, wetlands are being destroyed as greater rate than ever, while it is well known they contain species at risk or uncommon species AND provide many essential ecosystem services. The advantage of ecosystem approach (which we promote at the Commission on Ecosystem Management, with its 12 principles) is that it responds to many other issues that species at risk and biodiversity are facing such as climate change and therefore potential migration of species. This also means looking at connectivity in landscape for better protection of these species. This would also mean stronger \u201cgreen belts\u201d or development of similar policies. There are ways to help with this such as better supporting Nature Trust and other such organizations or owners with conservation interest through conservation easements.\nArea Focus 2\nI would be careful in increasing time before listing a species. By the time it is done, the species may be extinct. The time is already long before a species can even be discussed. What is needed is a more transparent, open and inclusive communication process with not only a website that is difficult to navigate but also more locally focused activities and communication, including listservs for detection, information gathering, and call for development of assessment and conservation plan. These should anyway be more collaborative instead of being produce din closed doors.\nI would avoid ministerial discretion as species shall not be entangled in politics. Species have no capacity to defend themselves (and should not be looked only for utilitarian purposes).\nThere are no circumstances unless you\u2019re a politician or a business lobbying for a specific development (which we have seen too many): this should not be allowed. There are plenty of empty spaces that are always abandoned and should be looked at first. Stop using more natural areas. I know it may cost more for the developer but by the end, we may reduce the footprint of the province on natural habitats. You never know if that species could one day stop or cure a disease. Think about the yew and taxol.\nThe only way is to keep everything in open access (this is in fact required with any research\u2026may want to see the UNESCO Recommendation on Science and researchers 2017, Canada supported it) to avoid political interference and closed-door lobbying.\nArea Focus 3\nRegarding additional time: I don\u2019t think this is really needed. It would certainly not a benefit for the species. Again, is this politically motivated? If the system is transparent, open, with involvement of people (scientists, Indigenous Peoples, local nature groups, etc.), this should not be too much of an issue. Maybe an exception could be made in the case where more involvement and discussion with Indigenous Peoples are needed.\nThe 5-year review period is the normal system in most jurisdictions (federal, provincial and even most international). It could possibly be longer if there is a very good monitoring system in place and the species is relatively stable or in less risky category. BUT this would mean to be serious about monitoring and not only something done as a lip service.\nThis last point contradicts the ecosystem approach. Species don\u2019t live in a bubble (only humans do). The idea that a species can just be move as desired is a false and unprofessional concept. As a species is integral part of an ecosystem, you cannot just take one and move to another place as it is impossible to recreate the same habitat. This has been known for a long time. Microorganisms in the soil may be as important as water or light.\nArea focus 4\nThere are too many loop holes in the current system that lead to avoiding to protection. The best would be to reduce them. This is especially important close to urban centres. There is already not enough space for natural habitats in southern Ontario for example and close to urban centres. For developers (as the point is directly related to this), why not starting to teach them about intensification and the need to refurbish abandoned lands in urban centres. There are already too many of them. Stop building on newly cleared lands and start thinking about conservation easements in other places.  This is especially important under climate change (to ensure connectivity for species) and population decline (without immigration population of Canada is declining). Some countries, like China, are more advanced than us on this. They have learned quite a while ago to better protect rural and natural places.\nSo, by the end, it seems that the government wants to find a way to avoid species conservation and just go for development (I feel like we were in the 1970\u2019s!!). This \u2018business-as-usual\u2019 approach will put Ontario in the dark age when we consider how other countries are moving away from this type of way of thinking. All policies and legislation shall integrate environmental concepts, protections and conservation of biodiversity. This is in fact against how the federal government is moving with the new round of negotiations on the CBD.\nWhat is needed is more money for ESA and especially enforcement of all related legislation such as the Wetlands Act.\n"
    },
    "21694": {
        "url": "/comment/21694",
        "comment": "One must consider the 10th year review of the ESA with today\u2019s knowledge  and research in mind. For instance the World Wildlife Fund\u2019s Living Planet Report documents extensive, and catastrophic declines in the numbers of wildlife world wide. Lest it be thought that Canada is exempt, the WWF Canada has produced a similar report for Canada, with broadly similar conclusions. Everywhere, including Ontario, wildlife is undergoing an apocalypse; obviously species are going to need more help and assistance in the future if biodiversity is to be maintained rather than decimated.\nThus, it is appropriate to substantially strengthen the protection that the ESA gives to the endangered wildlife in Ontario, and the government of Ontario should do so following this review.\nHowever, the ESA 10th year review seems to be designed to make things easier for people in general and businesses in particular. Instead, the focus should be on how to improve the chances of success in rehabilitating endangered species (most of which, I'd wager, got to be endangered by the very actions the government wants to make easier).\nI more or less support a landscape approach, especially if it incorporates the half-Earth concept; that is half the Earth fully protected for the preservation of wild things and biodiversity.\nIn various places in the document there is whining about \u2018not enough notice\u2019, \u2018uncertainty\u2019, \u2018costly\u2019, \u2018administrative burdens\u2019 and \u2018barriers\u2019. It must be remembered that the goal is to protect and rehabilitate species at risk, and not to make things cushy for business. Business should suck it up and realize that endangered species come first, stop complaining and get with the protection program.\n"
    },
    "21695": {
        "url": "/comment/21695",
        "comment": "Despite the strong protections promised when the Endangered Species Act came into effect, successive Ontario governments have not lived up to their obligations to protect species at risk. Many Ontario species are in decline. The number of endangered species in this province has grown, and many could be at risk of disappearing forever unless we take strong action now.\nI therefore call upon your government to:\n1) Make it your government\u2019s top priority on the endangered species file to halt and reverse the startling decline in Ontario\u2019s animal, plant and other species.\n2) Commit resources to properly enforce the Endangered Species Act. Ensure the responsible ministry meets its deadlines. Provide clear information to land users and to the public about how the ESA is being implemented. Establish implementation targets and monitoring systems.\n3) End the blanket exemptions granted to industry and others that came into effect in 2013. Close loopholes in the legislation to prevent future abuse of the ESA\u2019s flexibility.\n4) Ensure local communities benefit from activities to maintain and restore endangered species and their habitat, including rural and Northern communities.\n5) Acknowledge the continued leadership and critical role of Indigenous Peoples and provide funding for First Nations stewardship activities, for example the Indigenous Guardians Program.\n6) Reassign the species at risk file and responsibility for implementing the ESA from the Ministry of Natural Resources and Forestry (MNRF), which has proven itself to be unable to effectively implement the ESA, to the Ministry for Environment, Conservation and Parks (MECP).\n"
    }
}