{
    "23645": {
        "url": "/comment/23645",
        "comment": "Please continue to protect this land. We have worked so hard for the protection of animals and the land that ontario is known for. It is so important for the planet to have old growth forests and healthy soil. We Do Not need more developments when there are vacant buildings all over southern ontario. Including condos and industrial buildings.\n"
    },
    "23647": {
        "url": "/comment/23647",
        "comment": "Overall the discussion paper is very vague and therefore it is hard to provide meaningful comments.  In trying to decipher the vagueness, it appears, despite the occasional phrase that the review is meant in part to help protect and recover SAR, that the intent of the review is to make it easier for developers and industry to impact SAR and their habitats.  As such, I do not support the review.\nThe discussion paper states that the \"Act has been criticized for being ineffective in its aim to protect and recover species at risk, for being unclear, administratively burdensome, time consuming and costly for applicants, and for creating barriers to economic development\".  A good discussion paper would include the source of this criticism and evaluate data that supports or refutes the claims.  As this was not done it appears that the province is simply taking claims at face value and contemplating changes without proper evaluation and analysis.  This represents irresponsible governance.\nAs far as I am aware, only the first criticism is backed with any data: the Environmental Commissioner of Ontario (ECO), the office the province irresponsibly decided to close, has outlined that data and made it clear that the previous weakening of the Act to include exemptions for industry were largely to blame.  As this discussion paper is focused on making it easier for industry, those data and the associated criticism is clearly being ignored.  It appears that only the unevaluated criticism by industry and their lobbyists is being heeded.\nHaving worked with the Act since its inception through my land use planning career, I completely disagree with all of the industry criticisms.  The Act is very clear, and the majority of administrative burdens, time, and costs that they bear is industry's own doing.  Slight administrative tweaks could improve the process somewhat (such as not requiring Ministerial approval of every permit - a time consuming part of the process with little value) but vastly larger improvements would be realized by industry changing their practices.  To be sure, industry's propensity to fruitlessly argue over every provision of the Act and poor submissions cause significant time delays.  If these criticisms have any substance, why isn't anything in the discussion paper aimed at improving industry practice such as incentives for good submissions?  Effective solutions are never realized by only looking at one side of a problem.\nDespite the above, if the province was interested in addressing those unsubstantiated industry criticisms, it is unclear why it was decided to move responsibility for the Act to a different Ministry.  It is my understanding that only a small number of the staff currently implementing the Act are moving ministries to continue its implementation.  Far fewer staff suggests an increase in administrative delays.   Unless of course, the province is planning on hiring new staff (which will inevitably cause delays as they proceed through their learning curve) or the province is already planning to further dilute the Act and its implementation through more \"self-regulation\"  or similar  (which is already shown to be ineffective in protecting SAR by the ECO).  If the latter case were to be true, the public consultation associated with this discussion paper would be a sham.  Would the province do that?  Time will tell.\nThe discussion paper indicates that the province is most interested in comments on the four areas of focus.  Below are my comments on each:\nLandscape Approaches - Overall this section is extremely vague.  The \"challenges\" are unsubstantiated and it is not clear what the \"Discussion Questions\" are contemplating.  All that is clear is that the province is contemplating 'something' to make it easier for industry.  There does not appear to be anything that would help SAR.  As a guess, it appears that this section is contemplating 'trade-offs' whereby impacts to SAR and their habitats are allowed in one location due to some action elsewhere that is supposed to help SAR.  In addition to the fact that most scientific evidence indicates that we are generally ineffective at creating quality habitat, this sounds like a massive increase in administration with associated time delays.  Regardless, I do not support 'horse trading' SAR and their habitats.  All SAR and associated habitats should be protected fulsomely, not strategically.\nListing Process and Protections for SAR - The challenges are unsubstantiated.  For instance, the COSSARO website lists, in advance, what species are going to be reviewed and when that review will take place.  Further, anyone is welcome to provide input into the review including by attending the meetings.  The notion that there is not enough notice before a species is listed is ridiculous and can only represent shoddy industry practices in that they are not paying attention.  Similarly, the notion that COSSARO's process is not transparent enough is false.  Advance notice of assessments, the ability for anyone to participate in (and attend!) the assessment, and the fact that the reports are published online after the results are presented to the Minister provide evidence of the falsehood.   All of this can be found out within thirty seconds with an easy internet search.  The discussion questions are also problematic.  The first and fourth relate to the false 'challenges'.  As indicated above, there is ample notice of species assessments and anyone can provide any current science during the assessment.  Regarding the second and third, I do not support politicizing SAR protection and science.  This would result by giving the Minister power to apply, remove, or delay protections.  I do not support allowing impacts to SAR habitat because it is 'not limiting'.  This is a red herring - if the habitat is being used by SAR it is important to SAR.  Causing the species to look elsewhere for habitat it didn't initially choose represents an impact.\nSpecies Recovery Policies and Habitat Regulations - In general, I do not see the challenges in this section.  Without any substantiation, it appears to just be the province not doing its job.  The discussion questions are similarly perplexing.  Why would there be a need to extend timelines for a GRS due to complex recovery approaches?  The approaches are already outlined in the Recovery Strategy.  Why would engagement take longer than 9 months?  This is truly laughable considering the province is only engaging on the entire Act for 45 days!  How would a longer timeline for progress reviews improve outcomes for SAR?  Currently, there is very little funding for any of the approaches outlined in GRSs; therefore very little is done.  Extending timelines would not improve this.  Further, species data are not the only way to report on progress.  Funding monies provided, number of activities/projects implemented, amount of outreach conducted, etc. are all useful metrics that can be reported on in the first five years for every species.  These metrics could also be assessed against the species data obtained in future progress reports.  In general, this entire section appears to be bureaucratic challenges that are erroneously being disguised as scientific (or other) challenges.\nAuthorization Process - in general the challenges are bureaucratic in nature.  Fix government operations not the Act.  The recent move of responsibility for the Act does not appear to be fixing anything.  The first challenge is spurious.  If an applicant has to file numerous applications/registrations, even for routine activities, they are obviously undertaking an activity or activities with a high potential for impacts.  Why shouldn't they have to demonstrate that they are protecting SAR?  The discussion questions give many examples.  I absolutely do not support the creation of a conservation fund to allow proponents to undertake activities in SAR habitat without requirements.  This is very unlikely to support the protection and recovery of SAR.  Conservation banking could be effective but only if the current 'overall benefit' standards and project types as described in regulation are banked.  It is not clear what is being contemplated for a conservation agreement; however, as long as it meets the current 'overall benefit' standard and practice it could be effective (e.g. in Secondary Plan processes).  The examples of possible changes to authorization requirements are very unlikely to provide positive outcomes for SAR.  The 17(2)d exemptions are already being erroneously used and the registrations for all of the exemptions lack any government oversight or enforcement (as detailed by the ECO).  I do not support further relaxing of the rules to support economic development.  Finally, enhanced inspection and compliance powers is warranted in all cases - there is very little now.  However, changing the Act and its regulations means nothing if there are not resources (staff) to undertake these powers.  Without the resources, enhanced legislative power is just smoke and mirrors.  Good for marketing purposes but no actual improvement.\nThank you for the opportunity to provide my comments.  Unfortunately, I have little faith that my comments matter.  As reported by the ECO,  over 11,000 comments from the public on the Cap and Trade Cancellation Act were provided, including mine, with less than 1% of the comments expressing clear support for its cancellation.  However, the Act was still cancelled.  Why would I view this consultation any differently?  Sigh.\n"
    },
    "23649": {
        "url": "/comment/23649",
        "comment": "Thank you for the opportunity to comment on the 10th Year Review of Ontario\u2019s Endangered Species Act: Discussion Paper, ERO number 013-4143. I look forward in seeing improvements to the effectiveness of the Endangered Species Act (ESA) and ensure a balanced approach between a healthy environment and a healthy economy.\nThe most important action the government must take is a permanent recognition of the Crown Forest Sustainability Act (CFSA) as an equivalent process to the Endangered Species Act (ESA) through a permanent Section 55 Regulation. The CFSA already provides landscape, stand, and site-level direction for managing, conserving, and protecting species at risk. Having two acts attempting to accomplish the same outcome represents the single greatest piece of red tape and duplication to the forestry sector.\nOnce this essential first step has been accomplished, below are other requirements that should be embedded in a new, modernized ESA:\n1.\tConsideration of climate change on habitat in all species at risk policy\n2.\tCumulative impact of all species at risk policy on a healthy economy\n3.\tSocio-economic impact analysis must be completed and shared with impacted stakeholders and First Nations prior to any species at risk policy being implemented\nIt is my understanding that the Ministry of Natural Resources and Forestry (MNRF) is responsible for species at risk prescriptions currently being delivered under the CFSA. I expect that unworkable prescriptions will be addressed and improved regardless of any future changes made to the ESA.\nFurther I am concerned about role of the Federal Government and potential negotiations with Ontario on Conservation Agreements. For example, a MNRF socio-economic analysis determined that up to 2800 jobs could be lost and 8 mills could close as a result of the province meeting the federal disturbance thresholds for caribou. It is our expectation that Ontario will consult with impacted stakeholders and First Nations well in advance of any draft and will not enter into a Conservation Agreement with the Federal Government that will result in lost jobs and lost opportunity.\nIn order to avoid serious socio-economic impacts, we need permanent recognition that the CFSA is an equivalent process to the ESA, while developing workable species at risk policy, and sending a strong message to the Federal government that Ontario will manage our own resources.\nSincerely,\nA Forest Sector Professional\n"
    },
    "23650": {
        "url": "/comment/23650",
        "comment": "I am extremely concerned that this government seems to consider protecting species at risk as so much \"red tape\". I have two young kids, and the world they grow into will already be starkly different from the world I did. I want them to have the safety of a world with as much biodiversity as it is yet possible to preserve.\nHowever, I am concerned that the Discussion Paper is a thinly veiled proposal to remove existing protection for the growing number of species at risk in our province and make it easier for industry to continue to degrade and destroy habitat and species-at-risk directly.\nThe ESA exists to protect and recover species facing extinction in Ontario. Therefore, I support only the direct strengthening of this ESA by:\n- Maintaining that every species gets assessed by COSSARO, and if necessary receives a science-based Recovery or Management Strategy, a Government Response Statement and a Progress Report within existing mandated timelines. Any \"landscape approach\" must exist over and above species-specific regulations.\n- Maintaining science-based listing by COSSARO, and abandoning the idea of allowing ministerial discretion regarding habitat and species protection under section 9 and section 10 of the ESA\n- Preventing any appeal process to COSSARO assessments and subsequent listing on SARO\n- Requiring all proponents of harmful activities to provide an on-the-ground, monitored and enforced overall benefit to impacted species and abandoning your proposal to create an option for such proponents to pay into a conservation fund to compensate for conducting activities that are harmful to species at risk\nI ask that you commit to actual strengthening the ESA by:\n- Repealing the exemptions created in 2013 to permit forestry, hydro and mining industries to conduct harmful activities to species at risk\n- Repealing the exemption created in 2016 to allow hunting and trapping of the Threatened Algonquin wolf\n- Amending section 57 (1)1 of the ESA so that exemptions will only be allowed if they do not jeopardize the survival and/or recovery of Endangered and Threatened species\n- Affording section 9 and section 10 protection to any species that has been assessed as Special Concern in two consecutive assessments by COSSARO until such a time when the species' assessment results in downlisting to Not At Risk\n"
    },
    "23651": {
        "url": "/comment/23651",
        "comment": "I am a solicitor with an extensive practice in natural resources, including forestry.\nThank you for the opportunity to comment on the 10th Year Review of Ontario\u2019s Endangered Species Act: Discussion Paper, ERO number 013-4143. I look forward in seeing improvements to the effectiveness of the Endangered Species Act (ESA) and ensure a balanced approach between a healthy environment and a healthy economy.\nThe most important action the government must take is a permanent recognition of the Crown Forest Sustainability Act (CFSA) as an equivalent process to the Endangered Species Act (ESA) through a permanent Section 55 Regulation. The CFSA already provides landscape, stand, and site-level direction for managing, conserving, and protecting species at risk. Having two acts attempting to accomplish the same outcome represents the single greatest piece of red tape and duplication to the forestry sector.\nOnce this essential first step has been accomplished, below are other requirements that should be embedded in a new, modernized ESA:\n1.\tConsideration of climate change on habitat in all species at risk policy\n2.\tCumulative impact of all species at risk policy on a healthy economy\n3.\tSocio-economic impact analysis must be completed and shared with impacted stakeholders and First Nations prior to any species at risk policy being implemented\nIt is my understanding that the Ministry of Natural Resources and Forestry (MNRF) is responsible for species at risk prescriptions currently being delivered under the CFSA. I expect that unworkable prescriptions will be addressed and improved regardless of any future changes made to the ESA.\nFurther I am concerned about role of the Federal Government and potential negotiations with Ontario on Conservation Agreements. For example, a MNRF socio-economic analysis determined that up to 2800 jobs could be lost and 8 mills could close as a result of the province meeting the federal disturbance thresholds for caribou. It is our expectation that Ontario will consult with impacted stakeholders and First Nations well in advance of any draft and will not enter into a Conservation Agreement with the Federal Government that will result in lost jobs and lost opportunity.\nIn order to avoid serious socio-economic impacts, we need permanent recognition that the CFSA is an equivalent process to the ESA, while developing workable species at risk policy, and sending a strong message to the Federal government that Ontario will manage our own resources.\n"
    },
    "23653": {
        "url": "/comment/23653",
        "comment": "You state that the provincial Endangered Species Act (ESA) should \"increase efficiencies for businesses\", but this suggested change contradicts both the intended purpose of the ESA and the positive associations between a region's biodiversity and its economic potential. The ESA's primary purpose is to protect Ontario's environmental wealth, as represented by a diverse set of species, habitats and ecosystems. It is impossible to achieve the intended goal of the ESA without setting some limits on industrial development. Wild areas must be preserved, conserved, maintained and even expanded to ensure the persistence of ecosystem health. The future of this province and country rests on the ability of ecosystems to continue to support vital services, including: clean drinking water, carbon sequestration, eco-tourism and agricultural output, as well as other recreational uses. Deregulated expansion of industrial activities and land conversion will absolutely compromise these vital ecological services. I urge this government to abandon changes to the ESA that would compromise its ability to protect species and habitats at-risk, and focus on changes that set informed and achievable conservation goals. I submit these comments as both a professional biologist and a temporary resident who was proud to call Ontario home.\nAs a final note, I would urge the government to fully disclose all proposed changes to provincial legislation BEFORE implementing them, such that public input can be maximized and the full ramifications of the changes can be analyzed and fully understood by all. Neither the changes to the ESA nor Ontario's healthcare and education systems have been fully disclosed, and it is with great trepidation that I await this government's future changes.\n"
    },
    "23656": {
        "url": "/comment/23656",
        "comment": "RE: ERO# 013-4143 Review of Endangered Species Act 2007\nAfter reviewing the information in ERO# 013-4143, I can see the recommendations in this paper, if passed, will ultimately degrade Ontario\u2019s wonderful natural habitats and unique wildlife. The direct result of this degradation will be a loss of support for the Progressive Conservative Party in the next election.\nOver the past two decades a number of people have left the 416 region and moved into the 905 area. The main reasons for the relocation are; escaping the stress of the city, and enjoying the benefits of country or small town life. One main benefit is embracing the pleasure of our natural habitats offer through activities, such as hiking, hunting, fishing, boating, photography, or snowmobiling.\nThe 905 area has been a stronghold of support for PC\u2019s, but if their tranquil country living is disrupted by environmental deterioration, these voters will be rightly upset and will place blame on the government in power.\nAs wildlife species become endangered or even extinct, there will be a negative domino effect on habitats which will directly affect the quality of life of these city escapees. Favourite fishing locations in cottage country will be less productive, hunting areas will have less game, forest areas will have less wildlife that people enjoy viewing. Top predators will have less prey, and will eventually invade residential homes in search of food, which includes pet food left in the open, or even pet themselves. This is already happening in my area. Again, voters will blame the government and punish them in upcoming elections.\nThe other group the PC\u2019s need to concern themselves are the Millennial generation, who are highly attuned to environmental and wildlife issues. By the next election cycle, they will be the largest population cohort, and opposition parties will have a laser focus on their concerns. Millennials will not buy into the belief that \u201cautomatic species and habitat protections can contribute to high uncertainty and costly impacts to businesses and the public.\u201d Species protection will trump business impacts in the eyes of these voters.\nSo it is important for this government to weigh the benefits of a policy that can \u201cstreamline approvals and provide clarity to support economic development\u201d resulting in questionable wildlife and habitat protection against future voter disapproval.\n"
    },
    "23658": {
        "url": "/comment/23658",
        "comment": "As a lifelong resident and taxpayer of Ontario, I am dismayed by many of the discussion questions proposed by the Ontario government as part of the 10th year review of Ontario\u2019s Endangered Species Act.\nIn this discussion paper, there is a clear emphasis on trying to reduce the level of protection provided to SAR in favour of economic development (e.g., generalization of habitat protection whereas many SAR require specific habitat sizes/features etc.).  Changes to the Endangered Species Act should improve SAR protection and foster population stability and recovery, not weaken and further endanger their survival it appears to be the direction of the review as indicated in the discussion paper.\nIt appears also that this review also will not address exemptions that enable business and industry to impact habitat considered critical.  If efficiencies for business is desired, one thing that business responds to is clarity, and so clearly defined no-go zones to protect wildlife and wildlife habitat where development won\u2019t be permitted would be an excellent addition to a revised Act.\nThe stress on SAR, with increasing human population concomitant with poorly planned or weakly regulated land use planning/development, as well as current regulated but in some cases poorly enforced (due to lack of enforcement capacity) environmental pollution or habitat degradation regulations, is increasing exponentially in Ontario.  Ontario has the highest biodiversity of all of Canada in the most densely populated area, and the biggest stressor to SAR populations is loss of habitat.\nAside from the intrinsic value of wildlife and wild places to the people of Ontario, there is enormous economic potential and advantage to protecting and restoring natural habitat for SAR species including: drinking water protection; improved air and noise quality; decreased light pollution; recreation (passive and light active); and, finally, in one area that represents the most costly portion of Ontario government spending \u2013 health care.  This is because an increasing body of medical and psychological data is accruing that shows that protecting and restoring natural habitat (such as those needed by SAR populations), particularly in highly populated areas where developmental and industrial pressure is greatest, improves both physical and mental human health and thereby will result in significant cost savings by preventing and/or help treat acute and chronic physical and mental illness of Ontarians.\nThe above comments are applicable to all areas of focus especially 2-4, and I would like to include additional comments on Area of Focus 1:\nExisting tools and processes that can be used include a rigorous cumulative effects assessment approach that documents and quantifies the incremental and total impacts of new activity or intensification of existing activity is recommended.  This approach needs to assess, at multiple geospatial and temporal scales how SAR (sub)population survival, maintenance or recovery (if any) is impacted by activity during the entire lifecycle of a population (breeding, overwintering, feeding, etc., i.e., any stage of the lifecycle that is relevant to the population existing in Ontario).  A true, robust cumulative effects assessment must consider activities and degraded habitat that has already occurred outside Ontario jurisdictions such as development along international migratory flyways, in order to understand the incremental effects of new activity in Ontario to a population.   Landscape level assessments need to include, for example, total habitat area, connectivity of habitats and access to (or barriers to) important habitat features required by SAR. Too many assessments only look at isolated effects of a single proposed activity or development on a population, rather than the cumulative effect of said activity or development on a landscape already impacted by past land use/land activity changes.\n"
    },
    "23659": {
        "url": "/comment/23659",
        "comment": "Changing the endangered species act for the sole purpose of making more money (defined in fancier terms in the description) is deplorable and threatens the promotion of biodiversity in the environment. It's one of the most greedy and selfish moves I have ever seen in my whole life and it is only really nickel and diming money into large corporations. Not to mention it will cause environmental and human health hazards to due overdevelopment in these protected regions.\n"
    },
    "23662": {
        "url": "/comment/23662",
        "comment": "Keeping appropriate areas for species at risk free from development would seem to be incompatible with two items on your list specifically:\n- Increase efficiencies in service delivery for authorization clients\n- Streamline processes and provide clarity for those who need to implement the Act\nMaintaining and creating more habitats are the most important factors for assisting species at risk. Speeding up service delivery is not going to help species survive and florish.\n"
    },
    "23663": {
        "url": "/comment/23663",
        "comment": "ESA should adopt a landscape approach that recognizes the characteristics of the Northern Ontario with its large expanses of natural areas, limited development pressure and different ecological dynamics than Southern Ontario.\nESA authorization process should recognize that the City of Greater Sudbury has been creating habitat since 1978 through its Regreening Program, which has benefitted some species at risk.\nESA authorization process should offer greater flexibility, such as conservation banking, conservation easements, contributions to the management of large natural areas and contributions to the City of Greater Sudbury's unique habitat creation method for certain species at risk through its Regreening Program.\nAutomatic species and habitat protections may not be appropriate where habitat is not likely a limiting factor.\n"
    },
    "23665": {
        "url": "/comment/23665",
        "comment": "I support the Ontario Nature submission of comments.\n Including the repeal of the 2013 exemptions (O.Reg.176/13) for forestry, mining, aggregate extraction, commercial and other industrial development.\nPlease amend section 57(1)1 of the ESA so that any future exemptions cannot jeopardize the recovery of endangered and threatened species of their habitat.\nPlease maintain a ditoty habitat rotectionfor endangered and threatened species\nPlease maintain the COSSARO species listing process as it is based on the best available scientific information including community and indigenous traditional knowledge (ESA section5(3).\nRequire mediation compensation that results in a direct overall benefit to te species that has been harmed by a permitted activity.please do not allow ant proponent of a harmful activity to bypass the protections in place by simply paying into a fund of any sort. The proponents must be held accountable for their harmful activities.\nThe Government must reinstate the Ontario Environment Commissioner and allow public comments on Species at risk through this registry with a permanent appeals process.\nPlease require the MECP to track the impact permits have on at risk species and their habitats and to provide the MECPwith adequate funding,staff and powers to do on the ground inspections and. Investigations to ensure proponents comply with permit conditions.\nThank you for this opportunity to make my comments on the ten year review on the Endangered Species Act .\n"
    },
    "23666": {
        "url": "/comment/23666",
        "comment": "The Ontario Woodlot Association (OWA) submits the following comments on the 10th Year Review of Ontario\u2019s Endangered Species Act: Discussion Paper.\n1. The OWA is very much in support of protecting species at risk in Ontario. Species at risk are a very important to Ontario\u2019s biodiversity. They typically occupy habitats that are declining and are themselves in need of protection.\n2. The current approach to the protection of threatened and endangered species in Ontario has been focused primarily on legislation, and the development and enforcement of habitat regulations. This approach can create distrust and apprehension on the part of many private landowners and a fear that the presence of species at risk may somehow negatively impact how they use their land. A much more effective approach for protecting and restoring species at risk on private land is a stewardship approach that encourages landowners to protect and restore species at risk with no threat or fear restrictions to the use of their properties.\n3. Most species at risk are located in southern Ontario, largely due to habitat loss. About 90 % of the land base in southern Ontario is privately owned. The government has no authority to trespass on private lands for the purpose of inventory or surveys for SAR. As a result, there is very little data regarding species at risk on private lands. The OWA welcomes the opportunity for research on private lands should the proper consultation take place. For example, many private land owners have interests in supporting the development of habitat for species that are at risk. Those that are interested in research and in participating in government programs, must be assured their land will not be governed away from landowner uses. Those uses include good forest management practices.\n4. Currently there are some tools under the ESA that can encourage stewardship of species at risk.; i.e.\n- Stewardship agreement, s. 16:  An agreement may be entered into under this section for activities to assist in the protection and recovery of species at risk.\n- Protection or recovery permit, s. 17(2)(b): A protection or recovery permit may be issued for an activity that is meant to help a species at risk or its habitat, but the activity may involve actions that are otherwise prohibited under the Act (e.g., capturing or possessing the species).\n- Overall benefit permit, s. 17(2)(c): An overall benefit permit may be issued for an activity that would have an adverse effect on species at risk or their habitat, as long as an overall benefit is provided to the species in Ontario through conditions of the permit. Providing an overall benefit to a species means undertaking actions that contribute to improving the circumstances for the species.\nHowever, these tools are not widely used. There should be dedicated staff available to promote and assist landowners with these tools.\nIn addition, new programs should be implemented to expand stewardship efforts through partnerships with organizations such as the Ontario Woodlot Association who have direct links to private landowners.\nFor example, programs such the Alternate Land Use Services (ALUS) program is an excellent model to encourage private landowners to restore habitat for SAR.\n5. With respect to Area of Focus 1 - A landscape approach would be an effective approach for protecting and restoring habitat for SAR. It is a challenge to implement a landscape approach in southern Ontario where private land ownership dominates. Enhancing the Natural Heritage Policy under the Planning Act to provide policy support for municipalities to develop Natural Heritage Strategies would be the most effective way to implement a landscape approach in southern Ontario.\n6. With respect to Area of Focus 2 and the question; Should there be a different approach or alternative to automatic species and habitat protections?  Automatic species and habitat protections are for the most part ineffective on private lands due to a lack of inventory. The approach does not work well for a species such as Butternut, where the best and only chance of saving this species is through landowner owner cooperation to try to find trees with resistance to the Butternut canker. Removing barriers would facilitate greater cooperation.\n7. Also on Area of Focus 2 and the question; How can the process regarding assessment and classification of a species by the Committee on the Status of Species at Risk in Ontario be improved?  (e.g., request an additional review and assessment in cases where there is emerging science or conflicting information.) Yes, we agree that for species where there is a lack of data or conflicting science additional review before a species is listed should be required. There is a desperate need for a provincial inventory of southern forests to determine what we have. Good management decisions are based on this information.\n"
    },
    "23667": {
        "url": "/comment/23667",
        "comment": "It is clear that we all are responsible for reducing our impact on the environment, but to do so effectively we require informed leaders who enforce strict policies. Large-scale pollution from corporate businesses needs to be controlled, and accessibility to more Earth-friendly options on an individual consumer level are both critical\n"
    }
}