{
    "23381": {
        "url": "/comment/23381",
        "comment": "Another attack on the environment? To be frank, this is despicable. The Ford government has been in office for such a short amount of time and it has already attacked our environment (several times, I.e Bill 66 section 10), our healthcare, and our education. How could they pride themselves on being \u201cfor the people?\u201d. The Ford government has shown clear disregard and disdain for ordinary people, the environment, the poor, and everything that makes Ontario a great province. With climate change constantly looming over our heads, we should be working to protect the environment and the wildlife in it, as we are the reason they are endangered. This is sickening and horrendous. I hope this does not pass. Protect our environment.\n"
    },
    "23382": {
        "url": "/comment/23382",
        "comment": "I would like to express how important it is to protect Ontario\u2019s most vulnerable wildlife. Ontario is home to at risk species. Already, routinely granted exemptions to the Act make it far too easy for development and industry to tear up and cut through critical habitat.\nChanges to the Endangered Species Act should improve protections, not water them down even further.\nThis review won\u2019t help species at risk if it doesn\u2019t address exemptions that make it too easy for business and industry to do even more harm to critical habitat. Clearly defined no-go zones protect wildlife \u2013 while creating efficiencies for business by making it clear where development won\u2019t be permitted.\nWe need protections that lead to recovery for species-at-risk in Ontario\u2013 we don\u2019t need changes that will drive more species to extinction.\nHalf of Canada\u2019s wildlife are in decline.  Provincial governments must be part of the solution. And we must act now!\n"
    },
    "23383": {
        "url": "/comment/23383",
        "comment": "We need to protect endangered species, because once they are lost there is no going back to undo the mistake. Industrial projects can be redesigned or relocated to reduce or remove the harm to endangered species, but we need the appropriate protections in place to ensure that this happens. Please ensure that the Endangered Species Act is strengthened.\n"
    },
    "23384": {
        "url": "/comment/23384",
        "comment": "The farmland I am on in Northumberland County is home to several species at risk and as a farmer I do everything in my power to protect them and build up the habitats that are needed to have them thrive. For the bobolinks and Eastern meadowlarks, grassland birds that are on the list, haying is delayed so that the fledglings can hatch. Last year I spent a lot of my own money and funds from SARFIP ( a valuable part of OSCIA) to restore 8 acres of marsh to provide habitat for several bird and amphibian species. Unlike the rep from OFA, there are many farmers in Ontario that realize that if biodiversity habitats and the essential species at risk are not protected in the era of climate change, there will be no profits for farmers. Protecting the species at risk and running the farm are not in opposition. Having the species at risk on my farm alive and protected means the land is healthy and that the farm will be productive for many years to come. I don\u2019t know about folks in the government but I would prefer eating lamb grazing on the healthy grasslands supporting the bobolinks and meadowlarks and grasshopper sparrows than chewing on money made from development. Keep the act as is or strengthen it!\n"
    },
    "23385": {
        "url": "/comment/23385",
        "comment": "We should not be harming Ontario's wildlife to enrich Doug's cronies \u2013 but of course, you know that already, right?\n1. Landscape Approaches\nI support recovering species by looking at the entire landscape and taking actions that will contribute the most to improving habitat and protecting species from harm; however, care must be taken to ensure the individual needs of each species are still taken into account. There are situations where a species-specific approach is still warranted.\n2. Species Listing Process and Protections\nThe ability of the Committee on the Status of Species at Risk in Ontario (COSSARO) to determine the status of species, independent of government, is essential to the proper functioning of the Endangered Species Act (ESA). Improved communication and transparency in all aspects of species assessment and protection is warranted to provide clarity for the public and business.\nHabitat loss or degradation is a primary cause for species decline. Automatic protection, combined with clear communication on where impacts can and cannot occur, would protect species while providing certainty of what to expect for economic development.\n3. Species Recovery Policy and Habitat Regulations\nDelays and inaction are detrimental to species while at the same time providing little economic certainty since business is uninformed of the parameters under which they must operate.  What is needed for species and economic development is for government to focus resources on quickly providing the framework for protecting habitat and taking action.\n4. Permitting Processes\nI am in favour of consistent application and streamlining of decisions, which must also include decisions to deny a permit for an activity that would harm a species or its habitat. Permits allowing harm to endangered species or their habitat poses considerable risk so need to come with strict conditions. Extinction is permanent.\n"
    },
    "23387": {
        "url": "/comment/23387",
        "comment": "Hello,\nThis feedback pertains to the Ontario Government\u2019s review of its Endangered Species Act.\nThis review process is of concern as there seem to be two conflicting reasons for undertaking this review.  First main reason stated is that the legislation is ineffective at protecting endangered species.  This is a valid reason for conducting a review - if provincial biologists are documenting poor recovery of species with the tools available to them.\nThe second main reason the government has put forth to justify this review is that the act is slowing or somehow preventing economic development.  To say that the two are not correlated would be untrue.  A healthy environment means residents of this province are healthier and can better contribute to our economy.  Our economy is thus inextricably linked to our natural environment.  Loosening regulation would thus impact the economy so this reasoning for a review seems quite flawed.  In addition, it seems that our economy is performing quite well based on the Ontario Ministry of Finance\u2019s website....\nI urge the government to not water down this Act, but to strengthen it if the data shows that endangered species are not being adequately protected.  All of us in the province will be better off in the long run with a healthier environment!\nThank You.\n"
    },
    "23388": {
        "url": "/comment/23388",
        "comment": "If by economic development you mean selling protected land to developers to use and build on, don't bother. Ontario is beautiful and home to many species because they have somewhere to safely live. Not because they're driven out by development.\nI do not support the Ontario government of it decides to allow human to develope on protected lands or if protections are removed from already protected lands.\n"
    },
    "23391": {
        "url": "/comment/23391",
        "comment": "I believe the ESA should:\na. Maintain its science-based listing process and not allow possibility of minister discretion at listing.\nb. Maintain mandatory habitat protection (no minister discretion). Delaying or removing habitat protection will allow irreparable damage to species that need protection ASAP, esp. those with long generation times.\nC. Maintain on-the-ground overall benefit reqs for affected species, instead of allowing payment into general \"conservation fund\". Paying into this type of fund will redirect effort away from most vulnerable species and habitats.\nPlease note: I am opposed to \u201cremoving red tape\u201d at all costs. Protecting Biodiversity is a more important goal.\n"
    },
    "23392": {
        "url": "/comment/23392",
        "comment": "I do not support any action this government takes and continues to take against protecting the environment. Whoever is working on this project and is unable to see the detrimental effects this proposal will have on maintaining a stable and healthy climate for all living creatures in this province deserves to lose their job. It is not a common Ontarian narrative that we don\u2019t care about climate, we do. Just because the puppet at the top feels this way doesn\u2019t care doesn\u2019t mean we need to listen\n"
    },
    "23393": {
        "url": "/comment/23393",
        "comment": "Thank you for the opportunity to comment on the discussion paper about the Endangered Species Act (ESA). The following comments represent the official submission of the Canadian Herpetological Society, a community of amphibian and reptile biologists, and conservation professionals.\nMany species are declining across the world and in Canada; species in Ontario are not immune to these declines. There are now more than 200 species at risk (SAR) in Ontario. The main purpose of the ESA is to protect species, not to expedite development. Any changes to the ESA must be made with great care, as without diligent conservation of our SAR there is a significant risk of further loss of populations and their key habitats. Further declines in some species may cause them to become extinct (extirpated) from Ontario. Multiple SAR, such as Eastern Fox Snake and Wood Turtle, have a large portion of their global range in Ontario. Therefore Ontario has the disproportionate responsibility for the conservation of these species and their habitats.\nArea of Focus 1 \u2013 Landscape Approaches\n\tRecovery activities focusing on specific landscapes or ecosystems can be beneficial for many species. Activities, for example, which aim to reduce forest fragmentation, and increase forest connectivity and the amount of core forest area in the Carolinian Zone would benefit many species. However, many recovery activities must be focused on individual species given the threats facing certain species (e.g. Butternut canker). There should be a mix of ecosystem and species-specific recovery actions. At the same time, an ecosystem focus on SAR recovery should not be used as a justification to \u201csupport a proposed activity\u201d (p. 3). Too often development proposals argue that a species is widespread in an area and therefore the loss of one habitat patch will be inconsequential to the species\u2019 long term survival. This kind of thinking is ecologically unsound and furthers the notion that populations can persist in small isolated patches of habitat, when really long term survival requires many connected populations across a landscape. Changes to the ESA should not make it easier to destroy habitat for SAR. Development proposals should be reviewed on a site specific basis. Determining what is an appropriate overall benefit should be based on the magnitude of the effect of each project.\nArea of Focus 2 \u2013 Listing Process\n\tCurrently the COSSARO review process is slow. Timelines before new listings of a SAR should not be made longer. If the government wishes to provide more advanced notice about potential additions to the list of SAR, then the species to be reviewed by COSSARO should be made public as early as possible. This would let the public know which species may be listed after the review process.\n\tWe strongly disagree with any change to the automatic listing of SAR after review by COSSARO. The decision regarding whether a species is at risk is not a political decision, but a science-based decision and this should not change. Removing the automatic listing of new species at risk would undermine the ESA and weaken the protection for declining species. Similarly, we strongly oppose any change to the automatic protection of habitat for newly-listed Threatened and Endangered species. Without habitat protection, there can be no true protection for SAR.\nWe do not believe that the COSSARO review and assessment process should be changed in such a way that would further delay species evaluations, listings, and protective action. If anything, the review process should be sped up. Most species assessed by COSSARO have already been assessed by the federal government through the COSEWIC assessment process. No actions should be taken to prolong the already lengthy COSSARO assessment process. New information is always becoming available but this should not prevent making decisions based on the knowledge that is currently available.\nArea of Focus 3 \u2013 Species Recovery Policies\n\tModest delays in the production of Government Response Statements (GRS) are not a significant cause for concern. This, however, is not the central issue, given that the government of Ontario has frequently been late in preparing Recovery Strategies or GRS documents. According to a recent analysis, fewer than half of the GRS documents for birds and mammals, and fewer than 60% of the GRS documents for plants, have been prepared on time (Ontario Nature 2019). A GRS is not prepared until a Recovery Strategy has been published, and many species still lack a Recovery Strategy several years after listing. The ESA specifies that a Recovery Strategy should be produced within 1 year of listing for Endangered species and 2 years for Threatened species. The Spotted Turtle was already assessed when the current ESA took effect in 2008 and yet there is still no provincial Recovery Strategy for this species, more than 10 years later. Such inaction is entirely unacceptable. Rather than trying to delay the release of GRS documents, we strongly encourage the government to publishing Recovery Strategies and other recovery documents in a timely manner.\n\tConducting a 5-year assessment of progress on recovery of SAR is a vital part of the recovery process and should not be changed. Recovery for many, and perhaps most, species will take decades, but that does not mean that a 5 year review is not worthwhile. Each 5 year review provides valuable information on the status of recovery. Without the 5 year review, it would not be apparent if species are continuing to decline despite recovery actions, and given development pressures across much of southern Ontario, a 5 year review provides ongoing \u201csnapshots\u201d of the current status of each species.\n\tHabitat regulation may not be required for all Threatened and Endangered species, but this should be addressed on a case by case basis. General habitat descriptions are adequate for identifying the core areas used by SAR but only regulated habitat \u201cmay include areas currently unoccupied by the species, such as areas where the species formerly occurred or areas where there is the potential for the species to become re-established\u201d (Government of Ontario 2012). Hence, at a minimum, regulated habitat is required for those species that need to expand their current range to become down-listed. Habitat regulation should also be mandated for those species with limited current distributions in the province to ensure that the current habitat, and adjacent potential habitat, is protected. Species with few populations left in Ontario are the most vulnerable to any future habitat loss or the negative effects of development pressure. We also recommend that habitat regulation be mandated for all species found in the Carolinian Zone given the lack of natural habitat left in this area.\nArea of Focus 4 \u2013 Authorization Processes\n\tA variety of permits currently exist under the ESA. The most common permit is the C permit, or Overall Benefit Permit, and obtaining one can be a time consuming process. We encourage the government to develop standard overall benefit actions to compensate for specific activities for particular SAR. These compensatory actions should provide tangible benefits to the species in question and clearly provide an overall benefit to the species on the ground, not just funding for research. Furthermore, it is not enough to simply stipulate compensatory actions in a permit and leave this responsibility in the hands of the proponent. Rather, a monitoring regulatory framework is necessary to ensure that permit stipulations (i.e., an \u201coverall benefit\u201d) are properly undertaken. It is necessary that the responsible ministry (Ministry of the Environment, Conservation, and Parks) follow-up with the proponent to ensure that satisfactory \u201cbenefit\u201d has been achieved, as outlined in the proponent\u2019s permit. For long-lived species, such as trees and turtles, monitoring commitment by the proponent needs to truly reflect long-term assessment. Finally, it is encouraged that monitoring/overall benefit reports be made publically available (an exception being for location-sensitive species/populations) so that evaluations of \u201cbenefit\u201d can be tracked and critically evaluated. To date, there has been no transparency about how overall benefits are being undertaken or have been achieved despite a sizable number of Overall Benefit Permits being granted across Ontario. This had led many to question the effectiveness of Overall Benefit Permits.\n\tWe strongly oppose changes to obtaining a D permit, or Significant Social or Economic Benefit Permit. D permits were never intended to be a common tool to allow development to over-ride SAR. D permits should only be considered in rare cases where there is overwhelming social benefit. They should not be granted for draining a wetland to build a parking lot for a strip mall. Even in the cases when a D permit is granted, the mitigation efforts expended on SAR should also be significant, such as the example of the Herb Gray Parkway in Windsor which has created habitat for SAR and improved connectivity of habitat patches. Obtaining a D permit must never become a rubber-stamp process under any circumstances.\nOther issues\n\tForestry under Ontario\u2019s Crown Forest Sustainability Act should not be exempt from the ESA. The ESA should be fully enforced on Crown Land with regards to any destructive or commercial activity. Crown Land should protect habitat for species while also permitting public access to these natural areas.\nIn indigenous communities throughout Ontario, animals and plants have various cultural and spiritual values. The ESA recognizes these beliefs and works with First Nations communities in order to protect these species and the habitats they live in. The strength of the current ESA allows for this and any changes to lessen the protection of SAR would negatively affect the species themselves and the First Nations communities that rely heavily on them for medicines and food sources and their cultural and spiritual values.\nIn addition, the habitats SAR occupy provide economic benefits to the province of Ontario. As an example, wetlands prevent major flooding, filter water and indirectly provide food sources because species such as bear, waterfowl and moose rely on wetlands as food and water sources (EPA 2006).\n\tOther changes to the ESA should also be made to truly strengthen the protection of SAR in Ontario:\n1)\tIt is time to repeal the 2013 exemptions for the forestry, hydro, mining and development industries. These exemptions allow the widespread destruction of SAR habitat.\n2)\tAmend section 57 (1)1 of the ESA so that exemptions will only be allowed if they do not jeopardize the survival and recovery of Endangered and Threatened species.\n3) \tProper enforcement of the ESA must also occur. Too often there is no government monitoring of development projects, which can lead to violations of ESA permit conditions, and especially a lack of follow-through on required overall benefit activities. Even when charges are laid under the ESA, the penalties have often been lax. Fines simply become the price for doing business, rather than a deterrent.\n\tBased on our experience with many SAR across many areas of Ontario, it is clear that the ESA does not currently provide adequate protection for the habitat of these species. Key habitats for SAR get developed with only a token effort at a meaningful \u201coverall benefit.\u201d If the ESA is going to be changed, then habitat protection for Threatened and Endangered species should be strengthened, not weakened.\n\tProtection for SAR also requires stable, long-term funding. We strongly encourage the government to continue to fund the Species at Risk Stewardship Fund, and the Species at Risk Research Fund. Both of these funding programs leveraged a significant amount of funding from the private sector, providing valuable extra funding for protecting SAR, and making the investment from the provincial government very cost effective. Cutting these funding programs would greatly harm the recovery of SAR.\n\tIn summary, we strongly support the current ESA. It is a powerful piece of legislation that can protect Ontario\u2019s rarest species, and the province should be proud of this gold standard of SAR protection. We strongly disagree with any proposed changes to the ESA that would weaken protection for SAR and their habitat, delay the production of Recovery Strategies or Government Response Statements, or reduce the obligation of developers to genuinely provide an overall benefit to SAR in their permits. We implore the government to continue to uphold the core values of the ESA and ensure the continued protection of Ontario\u2019s many SAR that play vital roles in the province\u2019s ecosystems.\nDocuments cited\nEPA. 2006. Economic benefits of wetlands. https://www.epa.gov/sites/production/files/2016-02/documents/economicbe\u2026\nGovernment of Ontario. 2012. Categorizing and Protecting Habitat under the Endangered Species Act. http://files.ontario.ca/environment-and-energy/species-at-risk/stdprod_\u2026\nOntario Nature. 2019. New Year, New Plea. https://ontarionature.org/new-year-new-plea/\n"
    },
    "23394": {
        "url": "/comment/23394",
        "comment": "This plan is rife with problems. Animals, the planet and yes, humans will suffer horribly so Tory cronies can make a few dollars. Does the name Nero mean anything?\nPlease revise this using input from reputable wildlife advocates including Earthroots and Animal Justice.\nTheir blood will be on your hands. It doesn\u2019t wash off.\n"
    },
    "23395": {
        "url": "/comment/23395",
        "comment": "Governments, at all levels, must be part of the solution, not part of the problem. We cannot afford for The Endangered Species Act to be minimized. Instead, it should receive further support. Once a species is extinct, there is no turning back. The Provincial Government can help to prevent further species extinction from happening by acknowledging the necessity of The Endangered Species Act and support it.\n"
    },
    "23396": {
        "url": "/comment/23396",
        "comment": "There is absolutely NO REASON to touch this legislation unless it is to make the rules TOUGHERon development. This act was decades in the making... As an ecologist I can assure you that changes to this act will result in not only lost species, but lost resiliency of the overall ecosystem -- a life support system we take for granted as a people. Hands OFF this act.\n"
    },
    "23397": {
        "url": "/comment/23397",
        "comment": "To whom in  may concern,\nI am a lifelong resident of Ontario and deeply concerned about proposed changes to the Endangered Specifies Act.\nIf passed, these changes would undermine the very cornerstones of the law: science-based listing that includes Indigenous Traditional Knowledge, mandatory habitat protection, and legislated timelines for planning and reporting.\nSuch proposals are about deregulation and making it easier for industry and development proponents to destroy the habitats of endangered plants and animals.\nThe Ontario government should be looking for ways to strengthen, not weaken, the existing ESA. I am deeply concerned with this proposal and ask that it be removed.\nThanks.\n"
    },
    "23399": {
        "url": "/comment/23399",
        "comment": "1. Landscape Approaches\nWe support recovering species by looking at the entire landscape and taking actions that will contribute the most to improving habitat and protecting species from harm; however, care must be taken to ensure the individual needs of each species are still taken into account. There are situations where a species-specific approach is still warranted.\n2. Species Listing Process and Protections\nThe ability of the Committee on the Status of Species at Risk in Ontario (COSSARO) to determine the status of species, independent of government, is essential to the proper functioning of the Endangered Species Act (ESA). Improved communication and transparency in all aspects of species assessment and protection is warranted to provide clarity for the public and business.\nHabitat loss or degradation is a primary cause for species decline. Automatic protection, combined with clear communication on where impacts can and cannot occur, would protect species while providing certainty of what to expect for economic development.\n3. Species Recovery Policy and Habitat Regulations\nDelays and inaction are detrimental to species while at the same time providing little economic certainty since business is uninformed of the parameters under which they must operate.  What is needed for species and economic development is for government to focus resources on quickly providing the framework for protecting habitat and taking action.\n4. Permitting Processes\nWe are in favour of consistent application and streamlining of decisions, which must also include decisions to deny a permit for an activity that would harm a species or its habitat. Permits allowing harm to endangered species or their habitat poses considerable risk so need to come with strict conditions. Extinction is permanent.\n"
    },
    "23400": {
        "url": "/comment/23400",
        "comment": "Dear Minister Phillips,\nCc: Environmental Registry of Ontario\nCc: Mike Shreiner, MPP for Guelph\nThank you for the opportunity to comment on the ESA review discussion paper. Though I support the stated intent to provide more stringent protections for species at risk, the proposals being considered will not accomplish that goal. On the contrary, for the most part they would make it easier for industry and developers to destroy the habitats of our most vulnerable plants and animals.\nAny amendments to the ESA must support its purpose of protecting and recovering at-risk species. To that end, I urge MECP to:\n- Repeal the 2013 exemptions for the forestry, hydro, mining and development industries;\n- Amend section 57 (1)1 of the ESA so that exemptions will only be allowed if they do not jeopardize the survival and recovery of endangered and threatened species;\n- Maintain COSSARO\u2019s current science-based listing process;\n- Maintain mandatory habitat protection with no ministerial discretion; and\n- Maintain the requirement for proponents of harmful activities to provide an on-the-ground overall benefit to species impacted with no backdoor option to simply pay into a fund to compensate for harm.\nThank you for your attention.\n"
    },
    "23401": {
        "url": "/comment/23401",
        "comment": "It is hard to take your concern for the environment seriously when so little is being done to clean up Grassy Narrows. The fact that the environmental watchdog was given the boot , does not help your case. Assuming the $85 million set aside in provincial trust to clean up the water and soil catastrophe in the north won't ever be used in good faith. How does one trust the Conservative's 'talk' of environmental concern? Gain the trust by cleaning up Grassy Narrows. Put your money, trust money, into Grassy Narrows. There are many watchdogs remaining ever so vigilant for the many species and humans at risk.\n"
    }
}