{
    "22388": {
        "url": "/comment/22388",
        "comment": "Changes to the Endangered Species Act should improve protections, not water them down even further.\nThis review won\u2019t help species at risk if it doesn\u2019t address exemptions that make it too easy for business and industry to do even more harm to critical habitat. Clearly defined no-go zones protect wildlife \u2013 while creating efficiencies for business by making it clear where development won\u2019t be permitted.\nWe need protections that lead to recovery for species-at-risk in Ontario\u2013 we don\u2019t need changes that will drive more species to extinction.\nHalf of Canada\u2019s wildlife are in decline by 83%. Provincial governments must be part of the solution.\n"
    },
    "22395": {
        "url": "/comment/22395",
        "comment": "Changes to the Endangered Species Act should improve protections, not water them down even further.\nThis review won\u2019t help species at risk if it doesn\u2019t address exemptions that make it too easy for business and industry to do even more harm to critical habitat. Clearly defined no-go zones protect wildlife \u2013 while creating efficiencies for business by making it clear where development won\u2019t be permitted.\nWe need protections that lead to recovery for species-at-risk in Ontario\u2013 we don\u2019t need changes that will drive more species to extinction.\nHalf of Canada\u2019s wildlife are in decline \u2013 by a whopping 83 per cent. Provincial governments must be part of the solution. Species-at-risk habitat shouldn\u2019t be open for business!\n"
    },
    "22397": {
        "url": "/comment/22397",
        "comment": "The environment is Canada's most precious resource. We can find new ways to make efficiencies for business without risking the health and integrity of our natural systems. It is much more difficult and more costly to repair a damaged environment. We must think of the big picture, and not simply of short-term profitability.\n"
    },
    "22398": {
        "url": "/comment/22398",
        "comment": "Society has taken all that it pleases regardless of the impact it provokes onto all other species and the surrounding ecosystems. Invading one small area of land can have a multitude of effects that trickles up the food chain and devistates entire ecosystems. Stronger regulations are needed to prevent the loss of such lands, to be reserved for nature and it\u2019s native species.\n"
    },
    "22399": {
        "url": "/comment/22399",
        "comment": "I am troubled by the tone of the discussion document and sense that the changes to the endangered species act will put vulnerable species at risk. I am a supporter of the Conservative party but would never put the convenience and speed of economic and development proposals ahead of the environment. Vulnerable species deserve very careful protection. If any changes to the Act lessen the regulation around these species for the sake of reducing red tape or economic development I will be extremely disappointed and this would cause me to change my vote.\n"
    },
    "22400": {
        "url": "/comment/22400",
        "comment": "Ontario is home to 243 species at risk of extinction. Already, routinely granted exemptions to the Act make it far too easy for development and industry to tear up and cut through critical habitat.\nChanges to the Endangered Species Act should improve protections, not water them down even further.\nThis review won\u2019t help species at risk if it doesn\u2019t address exemptions that make it too easy for business and industry to do even more harm to critical habitat. Clearly defined no-go zones protect wildlife \u2013 while creating efficiencies for business by making it clear where development won\u2019t be permitted.\nWe need protections that lead to recovery for species-at-risk in Ontario\u2013 we don\u2019t need changes that will drive more species to extinction.\nHalf of Canada\u2019s wildlife are in decline \u2013 by a whopping 83 per cent. Provincial governments must be part of the solution. Ontario species-at-risk habitat shouldn\u2019t be open for business!\n"
    },
    "22401": {
        "url": "/comment/22401",
        "comment": "I am a lawyer and business person and fully appreciate the challenges of doing business in Ontario.  But protecting the environment, including species at risk should simply be a priority.  It is not necessary to erode environmental protections in the name of business - innovative, efficient business (and I am not talking \"green\" business) does not need to destroy ecosystems or contribute to climate change to be profitable.  I was disturbed by many of the Liberal policies and tactics, but I am far more concerned with the direction this Conservative government is taking.  Failure to understand, respect and support science will undermine any government that claims to be acting in the best interests of the people.\n"
    },
    "22404": {
        "url": "/comment/22404",
        "comment": "Changes to the Endangered Species Act should improve protections, not water them down even further.\nThis review won\u2019t help species at risk if it doesn\u2019t address exemptions that make it too easy for business and industry to do even more harm to critical habitat. Clearly defined no-go zones protect wildlife \u2013 while creating efficiencies for business by making it clear where development won\u2019t be permitted.\n"
    },
    "22407": {
        "url": "/comment/22407",
        "comment": "Changes to the Endangered Species Act should improve protections, not water them down even further.\nThis review won\u2019t help species at risk if it doesn\u2019t address exemptions that make it too easy for business and industry to do even more harm to critical habitat. Clearly defined no-go zones protect wildlife \u2013 while creating efficiencies for business by making it clear where development won\u2019t be permitted.\nWe need protections that lead to recovery for species-at-risk in Ontario\u2013 we don\u2019t need changes that will drive more species to extinction.\n"
    },
    "22408": {
        "url": "/comment/22408",
        "comment": "We need protections that lead to recovery for species-at-risk in Ontario\u2013 we don\u2019t need changes that will drive more species to extinction.\nHalf of Canada\u2019s wildlife are in decline \u2013 by a whopping 83 per cent! I want my grand children to know and see how beautiful Ontario is, we have such beautiful greenery, forests, lakes and species. We need stricter laws on protecting species-at-risk, now!\n"
    }
}