{
    "21990": {
        "url": "/comment/21990",
        "comment": "Extinction / extirpation is forever.\nFreshwater species are particularly threatened.\nPlease protect our endangered species and populations:\n1. Repeal the 2013 exemptions for the forestry, hydro, mining and commercial development industries;\n2. Amend section 57(1)1 of the ESA so that any future exemptions cannot jeopardize the recovery of endangered and threatened species;\n3. Maintain mandatory habitat protection for endangered and threatened species. (The law already provides enough flexibility through habitat regulations and permitting, so there\u2019s no need to politicize the process by adding ministerial discretion);\n4. Maintain COSSARO\u2019s current species listing process, \u201cbased on the best available scientific information, including information obtained from community knowledge and aboriginal traditional knowledge\u201d (ESA, section 5 (3)); and\n5. Require compensation that results in a direct overall benefit to affected species where harmful activities are permitted. (Do not allow proponents of harmful activities to bypass protections by simply paying into a fund.)\nTHE PEACE OF WILD THINGS\nWhen despair for the world grows in me\nand I wake in the night at the least sound\nin fear of what my life and my children\u2019s lives may be,\nI go and lie down where the wood drake\nrests in his beauty on the water, and the great heron feeds.\nI come into the peace of wild things\nwho do not tax their lives with forethought\nof grief. I come into the presence of still water.\nand I feel above me the day-blind stars\nwaiting with their light. For a time\nI rest in the grace of the world, and am free.\n--Wendell Berry from The Peace of Wild Things: And Other Poems\nHarvest Books (San Diego, 1980)\n"
    },
    "21992": {
        "url": "/comment/21992",
        "comment": "Repeal the 2013 exemptions for forestry, hydro, mining, and development.\nMake sure future exemptions do not benefit industry above the protection of threatened species and their habitat.\nHabitat destruction and species loss are occurring at a high rate due to human activity, and we do not know the full consequences this is having.\nIndustry cannot be given precedence over the protection of species and habitat.\nMy vote swings on issues like this.\n"
    },
    "21993": {
        "url": "/comment/21993",
        "comment": "As a land use planner my comments/concerns related to the protection of our lands. Most importantly the protection of our lands in sensitive areas (Oak Ridges Moraine, Green Belt, Watersheds) to be free of aggressive development, especially development that will contribute to further contamination of the surrounding lands and waterways.\nThere is plenty of areas within cities (identified within the places to grow act) which can tolerate and accommodate further intensification. This should be the primary objective of this government, to facilitate and encourage the \"infilling\" of existing communities so as to not continually need to plow under yet another farm.\nHere, the protection of the Greenbelt is paramount. This province can not afford to lose any more farm land, whether they are productive or not at this moment is not relevant. They should be considered as an asset store. At some point in the near future, as the climate continues to grow more unpredictable across the globe, these lands with extremely fertile soil will be unparalleled.\nThe best way to both protect our waterways, farm lands and species at risk, is to prevent the destruction of their ecosystems. The best way to do this is to limit/prevent development in these sensitive areas as well as to control/prevent the use of harmful pesticides and herbicides.\n"
    },
    "21996": {
        "url": "/comment/21996",
        "comment": "The ESA has been implemented but has obviously not been working effectively. Species are still being added to the list. This means that the act must be strengthened, not weakened.\nExemptions for industries such as forestry & agriculture must be eliminated in order that these activities do not continue to put species (such as Wood Thrush & Eastern Wood-pewee) at risk.\nThe process of adding species to the list and developing recovery plans for them must be done faster not more slowly.\nHabitat regulations for individual species must be maintained unless an ecosystem approach can protect several species. This is the way it is done now.\nEnforcement and monitoring must be strengthened.\nPlanning Act regulations must be maintained to ensure that municipalities and developers are protecting species-at-risk.\n"
    },
    "22000": {
        "url": "/comment/22000",
        "comment": "Hello,\nThe protection for Ontario\u2019s most vulnerable wildlife species shouldn\u2019t even be in question. We must not digress in our progress. It is our responsibility to put these species as the top priority above business. We have done enough damage to the natural world and caused enough extinctions and extirpations as it stands. Ford is not an ecologist, biologist, or even science minded. He is greedy. He is not credible to be creating proposals in ecology related legislation.\nI am an ecologist. I study and work very closely with species at risk. Once their habitat is gone, there is no possible way we can ever bring the species back. It is a vital time on earth where we can\u2019t afford to make any more wrong decisions. I will continue to strive to preserve the integrity of Ontario\u2019s natural environment. Please don\u2019t let industry win. Please don\u2019t let greed compromise the well-being of these vulnerable species.\nThank you\n"
    },
    "22003": {
        "url": "/comment/22003",
        "comment": "Ministry of the Environment, Conservation and Parks\nSpecies Conservation Policy Branch\n300 Water Street, Floor 5N\nPeterborough, ON K9J 3C7\nDear Sir/Madam,\nRE: ERO # 013-4143, MECP\u2019s 10th Year Review of Ontario\u2019s Endangered Species Act: Discussion Paper\nWhen enacted, the Endangered Species Act , 2007 (ESA) was considered to be a \u2018Gold Standard\u2019 for protecting Ontario\u2019s 243 species at risk.  However, protections were soon significantly weakened by the Liberal Ontario Government in 2013 when it approved a large number of exemptions to Ontario Regulation 242/08 to allow major industrial activities, such as forestry, mining, energy, and residential development, to bypass strict protection standards.  The result was \u201cOverall Benefit\u201d going to industries instead of the species at risk for which the ESA was enacted.  This was a very short-sighted, self-serving, and backward move by the former Liberal Ontario Government.  In the past 40 years, it is estimated that more than 50% if Earth\u2019s wildlife has been lost.  Human industrial activity has much to answer for.  Its detrimental effects on the environment (atmospheric, terrestrial and aquatic) are impoverishing most species, including humans, and their future generations, which depend on a healthy natural and biodiverse environment.  The ESA was enacted to protect and recover the most vulnerable species in Ontario and should be enhanced, not weakened.   At this time, 140 of the 243 species at risk are still without recovery strategies.\nThe Conservative Ontario Government\u2019s proposals outlined in the Ministry of Environment, Conservation and Parks\u2019 Discussion Paper may be interpreted as another move to promote an \u201copen for business\u201d approach to environmental law and policy, while being an assault on protections for species at risk. It will also undermine Ontario\u2019s floral and faunal biodiversity.  The legislation being addressed here is the Endangered Species Act, not an Endangered Business Act.  The disturbing fourth bullet on Page 2 of the Discussion Paper states, \u201c Increase efficiencies in service delivery for authorization clients\u201d, which can be interpreted by many Ontarians to mean \u201cSpeed up the permitting/authorizing of industrial and other types of development at all costs\u201d.  The primary focus must be on protecting and recovering species at risk, not facilitating development at the expense of species at risk.\nThe Provincial Government/MECP should be promoting strong adherence to the ESA\u2019s original purpose to protect species at risk; should be removing the exemptions to Ontario Regulation 242/08 introduced in 2013; and should be implementing the policies of the ESA in a timely fashion.  It should not be further weakening the law.  Many of the \u201cactivities\u201d referred to in the Discussion Paper pose threats to species at risk by allowing their habitats to be damaged or destroyed by harmful development activities.\nThe following are responses to the questions posed in the Focus sections:\nFocus 1:  Landscape approaches\nThe ESA (c. 6, s.13; and c.6, s.14) already provides for landscape-level planning, in it multi-species recovery strategies, for example.  Therefore, no change to the ESA is required.  The fine-scale of species-specific status assessments, listings, and protections is essential in the law.\nAllowing broad-scale authorizations of harmful activities is inappropriate for endangered and threatened species, and wouldn\u2019t serve to address site-specific or species-specific concerns. It would contribute to unwarranted additional risk for imperilled species. Therefore, do not introduce broad-scale authorizations.\nFocus 2:  Listing process and protections\nCOSSARO\u2019s science-based listing and automatic protections of species at risk are cornerstones of the ESA and must be retained.  The ESA allows a clear approach to listing based on best available scientific information from highly credible and independent experts.  The ESA allows a COSSARO listing to be reviewed if there is no\u201dcredible scientific information\u201d to support the listing of that species.  Therefore, respect and retain the science-based, independent process for listing.\nAutomatic species and habitat protections must stay in place, and must not be subjected to ministerial discretion/interference to remove or delay protections.  Politics should not be allowed to interfere with these protections.\nThere are years of notice involved in the listing process for species.  Federal COSEWIC listings must be taken into account by COSSARO before it issues its listings.  Improved communications might speed up the listing process; surely, modern technology can be used to speed up the process.\nFocus 3:  Recovery Policies and Habitat Regulations\nReasons for timeline challenges have to be analyzed and addressed, as they are the main reasons for delayed implementation of recovery policies and habitat regulations.  These implementation issues can be addressed without the need for legislative changes.  No legislative change should be required to ensure Government Response Statements (GRS) are produced within nine months of the release of Recovery Strategies under the ESA.  Timelines need to be met.  Sufficient staff and funding should be made available for this.\nThe required five-year reporting on progress is reasonable and is needed for transparency and accountability.  It is necessary for assessing effectiveness, and contributes to learning and adaptive management.  Therefore, retain this reporting requirement.\nAdditional reporting requirements to propel ongoing action and monitoring beyond the first five years would make sense, and should be legislated.  Therefore, consider a longer monitoring period.\nNo change to the law is required to delay the development of, or to not proceed with, a habitat regulation, as the ESA permits the Minister to take these actions.\nNo changes should be made to the legal provisions for habitat regulations; they give extra certainty for ESA implementation and enforcement.  They afford a significant opportunity for protection and recovery efforts to be extended beyond areas where species at risk are currently found.\nFocus 4:  Authorization Processes\nNo further authorization mechanisms are required in the ESA and there are already sufficient mechanisms.  The purpose of the ESA is to protect and recover species at risk, not facilitate development by industrial and development proponents by permitting them to carry out activities harmful to species at risk.  Therefore, do not provide additional authorization mechanisms in the ESA.\nThe current requirements to provide on-the-ground, overall benefit to species that are harmed should be retained.  Do not allow proponents of harmful activities to simply pay into a conservation fund, which reduces their responsibility for harmful activities.\nThe requirements for permits for projects that \u201cresult in a significant social or economic benefit to Ontario\u201d and will not\u201djeopardize the survival or recovery of species in Ontario\u201d should be retained and the permits should be issued only in exceptional circumstances.  Therefore, retain the current authorization requirements for sec. 17(2)d permits.\nMake the requirements for exemptions through regulation more stringent by amending the law to ensure that exemptions are based on providing an overall benefit to species at risk and cannot harm their survival or recovery.  Therefore, do not simplify requirements for exemptions through regulation.\nStrengthen the protections for species at risk by repealing the sweeping exemptions approved by the Liberal Government Cabinet in 2013, which have allowed harmful industrial activities to proceed, many of which violate ESA protections.\nGive enforcement officers the authority to inspect exempted activities routinely to ensure compliance with legal requirements.\nTransparency and accountability need to be improved.  Therefore, amend the exemption regulation (242/08) to require all proponents of harmful activities to submit their mitigation plans and annual reports to the government, and make sure that these are available to the public.\nThe ESA does not need to be changed to to harmonize it with other legislative or regulatory frameworks as the ESA already provides a means to do this.\nThis ESA Review Discussion Paper raises one especially serious concern.  It appears to favour the interests of industries and development proponents instead of concentrating on strengthening the ESA and implementing its goals to protect and recover species at risk in a timely manner.   The comment made by the Environmental Commissioner of Ontario on page 248 of her 2017 report on environmental protection, \u201cThe MNRF has utterly failed to implement the law effectively\u201d, is telling.  The MECP needs to find meaningful and workable \u201cefficiencies\u201d to strengthen the ESA and its implementation.   It is encouraging to see, on p. 50 of Ontario\u2019s Environment Plan, that the Ontario Government is committed to \u201cReaffirm our commitment to protect species at risk and their habitats, as we mark the 10th anniversary of Ontario\u2019s Endangered Species Act. We are committed to ensuring that the legislation provides stringent protections for species at risk, while continuing to work with stakeholders to improve the effectiveness of the program.\u201d  One sincerely hopes this government will prioritize the protection and recovery of species at risk, not the facilitation of development projects which threaten species at risk.  The existing protections legislated by the Endangered Species Act, 2007 must be stringently enforced.\nThank you for the opportunity to provide comments.\n"
    },
    "22006": {
        "url": "/comment/22006",
        "comment": "Re: EBR 013-4143: 10th Year Review of Ontario\u2019s Endangered Species Act\n1. Landscape Approaches\nThe legislation should not be changed to promote landscape approaches in place of species-specific approaches.  Species-specific status assessments, listings and protections are essential.  The ESA already provides recognition for landscape-level approaches when appropriate.  No change to the law is required for this purpose.\nWith respect to the suggestion of issuing authorizations for harmful activities at a broad scale, this approach is not appropriate for endangered and threatened species.  Working at a broad scale would not properly address site-specific or species-specific concerns.  Such an approach therefore, would present unwarranted additional risk for species already in peril.\n2. Listing Process and Protections for Species at Risk\nScience-based listing and the automatic protection of designated species are essential aspects of the ESA.  These requirements must remain fully in effect.  There should be no change to the listing process and the role of COSSARO. The law sets out a transparent approach to listing based on a consideration of \u201cthe best available scientific information, including information obtained from community knowledge and aboriginal traditional knowledge.\u201d (sec. 5(3)).\nIn its listing process, COSSARO is required to consider species listed by the federal Committee on the Status of Endangered Wildlife in Canada.  There thorough notice requirements built into this process, from the release of COSEWIC status reports to the listing by COSSARO.  The process leading to designation is already lengthy enough.  No further delay is required.  Introduction of Ministerial discretion would not improve the process.\n3.  Species Recovery Policies and Habitat Regulations\nIt is not necessary to change to the legal requirement to produce Government Response Statements (GRS) within nine months of the release of Recovery Strategies (sec. 11(8)).  Rather than changing the legal requirement, the province should provide the resources that would enable staff to meet the necessary dates.\nThe required five-year reporting on progress is reasonable and ensures transparency and accountability. It provides an impetus for action, ensuring that effectiveness is assessed, and contributes to institutional learning and adaptive management.  Furthermore, the government should legislate additional reporting requirements (e.g., every five years) to drive ongoing action and monitoring for periods beyond the initial five years.\nThe ESA already allows the Minister to delay the development of a habitat regulation (sec. 56 (1)b) or to not proceed with a habitat regulation (sec. 56 (1)c). Therefore, it is not necessary to change this part of the act.\nThere should be no changes to the legal provisions for habitat regulations, which describe specific boundaries or features of areas deemed to be habitat and provide enhanced certainty for ESA implementation and enforcement. They can include areas where a species \u201cused to live or is believed to be capable of living\u201d (sec. 55(3)b), presenting a significant opportunity for protection and recovery efforts to extend beyond places where species at risk currently persist.\n4. Authorization Processes\nThe ESA already provides ample flexibility.  It is important to note that the legislation under review is the Endangered Species Act, not the Endangered Business Act.  One of the purposes of this legislation is \u201cTo protect species that are at risk and their habitats, and to promote the recovery of species that are at risk.\u201d  Protecting species at risk must remain the top priority during the current review process.\nThe current legislation provides sufficient authorization tools.  The authorization process must be taken seriously, as the overall intent is to protect species at risk.  The province should allocate sufficient resources so that staff may conduct their reviews in a timely manner.\nIt is not appropriate to simplify the requirements for a permit under s. 17(2)d.  These permits are intended only for projects having significant social or economic benefit, and that will not jeopardize the survival of the species in Ontario.  Current requirements ensure that such permits are issued only on an exceptional basis.\nIt is not appropriate to introduce new exemptions.  The current review should strengthen protection for species at risk by repealing the sweeping exemptions for industry and development that were approved by Cabinet in 2013.  These exemptions are allowing harmful activities to proceed, contrary to the purpose of the act.\nWhere exemptions are granted, transparency and accountability must be enhanced by amending the exemption regulation (242/08) to require all proponents of harmful activities to automatically submit their mitigation plans and annual reports to the government and to ensure that these are publicly available.\nAs previously recommended by the Environmental Commissioner of Ontario, the ESA should be amended to give enforcement officers the power to conduct compliance inspections.\nThe ESA (sec. 18) already provides a means to harmonize its requirements with other legislative or regulatory frameworks. No legislative change is needed. This is an implementation issue.\n"
    },
    "22007": {
        "url": "/comment/22007",
        "comment": "I am not in support of making it any easier for lands to be developed in area that are classified to be habitat for species at risk. We must do all that we can to protect species that are at risk of extinction. The planet is becoming less and less diverse in the name of economic development. We need to \"keep\" all of our current species alive.\n"
    },
    "22008": {
        "url": "/comment/22008",
        "comment": "I would like to comment on the wording of the regulations pertaining to threatened species.\nI am a farmer and landowner, and I have seen a few species of birds on my land over the years. I would think many of the species at risk are on private land in Ontario. Some species thrive in some agriculture ecosytems. I see Bobolinks and Ellis sparrows and they reproduce well in grass hay fields that resemble the native prairie grasslands.\nI pride myself that over thirty years the populations have increased here.\nBut as a farmer, I cringe when reading the regulations. As a farmer nearing retirement I would never call the biologists at the MNR and tell them I have threatened species on my land. I told my wife I was going to comment on this forum and she looked at me as if I had lost my mind. I said there a few things that are bothering me and would like to see the world a little better place than when we came into it. I feel most farmers are like that, but economics are also a reality.\nWhen the wording of the regulations indicate that \"habitat will be protected\" it indicates that a farmer could lose control of her property and most farmers have all their retirement plans based on their farm value.  The regulations indicate that if the farmer is enrolled in an Ontario Enviromental Farm plan, there could be compensation but in reality those small compensations mean nothing when farmland is in the $5,000 to $20,000 per acre market and a protected area could involve 30 or 40 acres in a middle of a farm. Retiring farmers need that asset for health care costs, drug costs, hospital care, or old age care facilities. Farmers don't have pensions or benefits.\nThat is not to say that farmers would not protect these species. I think they would, especially if biologists educated them and they did not feel threatened by provincial regulations.\nNow I have some other points that possibly may sound very unlike a farmer. As I read the list od plant species on the threatened list, I saw many I had never heard of. But to be honest I never looked in my woods when I walk through it. They could be there, but who knows? No one told me. How many species are threatened because land owners don't know about them? Today farmers are clearing many woodlots and fence rows that could contain these species...who know? Perhaps there should be a permit system for clearing land, and biologists should first inspect the forested area before permits are given.\nThere are land holding companies in my area clearing thousands of acres of land. The land is then rented to large cash croppers who also tear up the old hay fields that fed beef cattle for decades. These are fields where the Bobolink hatched young. There is a problem here, and I'm sure you can see it. The large land holding companies are often pension funds and wealthy share holders from outside of Ontario. They rent the land to a farmer and get 75% rebate on property taxes.\nAnother problem is that the large land companies are getting a huge tax break from Revenue Canada to clear the land under  Farm Improvements that are not capitalized, but treated as an expense in the year the land owner wishes to use it to decrease a large non farm income. It can be used 100% or held back for decades. It definitely is a benefit to wealthy investors to clear forest.\nFor instance I have an older widow that owns a 60 acres behind my home farm. It was basically unimproved land that a few Sandhill Cranes hatch young each year on. Migrating Sandhill cranes are drawn to them and approximately 5,000 cranes land on our farms here. I've never asked her to sell it to me because to be frank, I'm nearing retirement age myself. I have ten acres of Boreal forest next to forty acres of her Boreal forest. It has bears and Timber Wolves travel through it because it is a corridor for wildlife. But she is facing a municipal drain cost and I suspect she will sell the land to pay the cost despite she is not benefiting from the drain. The land companies will buy that land and it will be cleared in a week.  I can protect my ten acres but it will no longer be a corridor for wildlife which is sad.\nI hope I gave a few insights.\n"
    },
    "22011": {
        "url": "/comment/22011",
        "comment": "Re: ERO 013-4143: 10th Year Review of Ontario\u2019s Endangered Species Act\nThank you for the opportunity to comment on the ESA review discussion paper.  Though I support the stated intent to provide more stringent protections for species at risk, the proposals being considered will not accomplish that goal.  On the contrary, for the most part they would make it easier for industry and developers to destroy the habitats of our most vulnerable plants and animals.\nAny amendments to the ESA must support its purpose of protecting and recovering at-risk species. To that end, I urge MECP to:\n-Repeal the 2013 exemptions for the forestry hydro, mining and development industries;\n-Amend section 57 (1) of the ESA so that exemptions will only be allowed if they do not jeopardize the survival and recovery of endangered and threatened species;\n-Maintain COSSARO\u2019s current science-based listing process;\n-Maintain mandatory habitat protection with no ministerial discretion;\n-Maintain the requirement for proponents of harmful activities to provide an on-the-ground overall benefit to species impacted with no backdoor option to simply pay into a fund to compensate for harm.\nThank you for your attention. Please respond to my concerns.\n"
    },
    "22013": {
        "url": "/comment/22013",
        "comment": "One of the issues with authorization processes is the question of who qualifies as eligible for receiving an authorization and whether there are any social or economic barriers to individuals/groups who seek an authorization. Accessibility therefore is an issue that must be kept in mind. The permit and application process must be clear and understandable for applicants. It should include definitions of key scientific or legal terms that applicants might be unfamiliar with where applicable to ensure a fair authorization process. In addition, because authorization processes include activities that would not otherwise be allowed on the Endangered Species Act, there is potential for unexpected environmental/economic/social consequences resulting from these activities which would require close monitoring. There must be a legislative framework in place to ensure compliance of these activities with other regulations. The different provisions under the Endangered Species Act that would allow for these extraneous activities must be spelled clearly and specifically in order to ensure that applicants and legislators understand what types of activities would be safe and appropriate and in what circumstances. Deciding what activities merit approval and authorization might not be a clear-cut process, therefore having an appropriate team or committee of workers of diverse backgrounds should help ensure that the authorization process is conducted in a fair and objective manner.\n"
    },
    "22017": {
        "url": "/comment/22017",
        "comment": "Aim to reverse species decline with a stronger commitment to to species recovery.\nImplement ESA (Endangered Species Act) as originally intended. Protection and recovery should be emphasized.\nEnhance transparency and accountability\nInvest in implementation of the ESA\n\u2022 Focus on habitat-protection measures that are effective for the listed species and that simultaneously improve outcomes for multiple species at risk.\n\u2022 Work with other ministries to ensure coordination to limit cumulative impacts on the lands and waters that provide wildlife habitat.\n\u2022 Repeal the long list of exemptions for forestry, hydro, mining and commercial development, approved by cabinet in 2013.\n\u2022 Amend the law to set a higher bar for creating exemptions through regulation by ensuring they cannot jeopardize the recovery of threatened or endangered species.\n\u2022 Ensure local communities benefit from activities to maintain and restore endangered species and their habitat, including rural and northern communities.\n\u2022 Support the continued leadership and critical role of Indigenous Peoples in conservation initiatives.\n"
    },
    "22018": {
        "url": "/comment/22018",
        "comment": "Thank you for this opportunity to comment on the 10-year review of the Endangered Species Act (ESA; ERO No. 013-4143). However, I am concerned that the Discussion Paper is a thinly veiled proposal to remove existing protection for the growing number of species at risk in our province and make it easier for industry to continue to degrade and destroy habitat and species-at-risk directly.\nThe ESA exists to protect and recover species facing extinction in Ontario. Therefore, I support only the direct strengthening of this ESA by:\n- Maintaining that every species gets assessed by COSSARO, and if necessary receives a science-based Recovery or Management Strategy, a Government Response Statement and a Progress Report within existing mandated timelines. Any \"landscape approach\" must exist over and above species-specific regulations.\n- Maintaining science-based listing by COSSARO, and abandoning the idea of allowing ministerial discretion regarding habitat and species protection under section 9 and section 10 of the ESA\n- Preventing any appeal process to COSSARO assessments and subsequent listing on SARO\n- Requiring all proponents of harmful activities to provide an on-the-ground, monitored and enforced overall benefit to impacted species and abandoning your proposal to create an option for such proponents to pay into a conservation fund to compensate for conducting activities that are harmful to species at risk\nI ask that you commit to actual strengthening the ESA by:\n- Repealing the exemptions created in 2013 to permit forestry, hydro and mining industries to conduct harmful activities to species at risk\n- Repealing the exemption created in 2016 to allow hunting and trapping of the Threatened Algonquin wolf\n- Amending section 57 (1)1 of the ESA so that exemptions will only be allowed if they do not jeopardize the survival and/or recovery of Endangered and Threatened species\n- Affording section 9 and section 10 protection to any species that has been assessed as Special Concern in two consecutive assessments by COSSARO until such a time when the species' assessment results in downlisting to Not At Risk\n"
    },
    "22019": {
        "url": "/comment/22019",
        "comment": "We must do more to protect wildlife. Governments across the globe using \"business reasons\" as an excuse to expand development has already resulted in countless species being wiped out. Effective legislation to protect at-risk species must place limits on industrial activity. The primary cause of wildlife decline in our province and elsewhere is habitat loss and environmental destruction. Humans cannot continue to expand their activities everywhere, as most industries are attempting to do, without irreversible consequences to the natural environment. We need to ensure that spaces remain available for wildlife too. Nature works when everything is in harmony, and we've already managed to destroy much of that harmony. We cannot continue down that path.\n"
    },
    "22020": {
        "url": "/comment/22020",
        "comment": "Memorandum\nBackground\nThe Endangered Species Act (ESA) has been in place since 2007. The province recently initiated\na review of the legislation, and has released a Discussion Paper outlining the history of the Act,\nhow it is administered and the goal of the review. It also outlined four key areas where\ncomment is sought:\n- Landscape approaches;\n- Listing processes and protections for species at risk (SAR);\n- Species recovering policies and habitat regulations;\n- Authorization processes.\nThis memo documents comments from IO in response to these four key areas, as well as\nproviding input on other topics that have arisen during our work related to specie at risk.\nArea of Focus #1: Landscape Approaches\nThe Discussion Paper raises the prospect of using a landscape approach as a new tool for\nhandling SAR within a specific geographic area or ecosystem where the needs of multiple SAR\ncan be addressed.\nCurrently, SAR habitat is protected case by case and is species specific. IO generally agrees that\nhaving a second option of using a landscape approach would be useful. Situations where this\nmight be helpful include unique and/or rare habitats and habitats that provide a corridor for\nspecies movement. Using the landscape approach would have the added benefit of reducing\nthe potential fragmentation of habitats by protecting a large tracts of land rather than much\nsmaller areas that result when using the species specific habitat protection approach.\nIf the landscape approach is pursued, the Province may pursue proactive assessments of large\nscale greenspaces to better understand which areas are suitable habitat for consideration as a\nprotected landscape. IO manages large tracts of undeveloped land in the form of landbanks, but\ndoes not have the resources or expertise to oversee and protect such lands. It is advisable that\nlandscapes targeted for protection are integrated into the existing provincial conservation\nsystem with care and control of these lands the responsibility of the appropriate Ministry\n(currently the Ministry of Environment, Conservation and Parks).\nArea of Focus #2: Listing Process and Protections for SAR\nThe Discussion Paper considers whether the current process of automatically protecting species and habitats when a new species is identified is clear and transparent, and appropriate given the competing interests in some habitats.\nIO is not aware of any formal notification process within the Provincial government regarding the listing of new species. IO encourages the development of such a process if it does not currently exist.\nCaution should be taken when considering options other automatic protections for SAR and their habitats once identified as threatened or endangered. The identification of a new SAR requires significant scientific research and such decisions are not taken frivolously. However, it is also recognized that the unexpected identification of a newly listed species can significantly impact a project\u2019s timelines and budget. Consideration should be given to how best to balance the protection of newly identified species with the implications of such decisions on projects that are underway. For instance,\n- Identifying species with a high potential for future protection to help those planning large scale projects consider the risks of future protection on implementation;\n- Phasing protection measures for species that currently have healthy but significantly declining populations (e.g. avian insectivores);\n- Grandfathering provisions for projects that are tendered and/or underway.\nArea of Focus #3: Species Recovery Policies and Habitat Regulations\nThe Discussion Paper examines the timing of government responses to the identification of a new species and whether the replacement of a general habitat statement with a habitat regulation is required in all instances.\nIO is engaged in the implementation of the ESA only, and the processes that lead up to the identification of a new species and its protection have little impact on its business. However, IO does recognize that the identification of specific habitat in the form of a habitat regulation can provide added certainty to IO and its clients when planning large scale developments.\nArea of Focus #4: Authorization Processes\nThe Discussion Paper examines the burden that the current permitting and authorization processes puts on projects and proposes exploring new tools such as paying into conservation funds and using strategic or collaborative approaches, and investigating efficiencies within the existing frameworks.\nIn IO\u2019s experience, the timing of review and permitting processes are unpredictable , and often time consuming. It presently can take a year or more to receive a permit once an application is made. Efforts to increase efficiencies and consistency in the review and approvals process would be welcomed. Suggestions include:\n- Streamlining the application and approvals process;\n- Delegating the signing of permits to a director or district manager level\n- Developing performance metrics on application processing timelines could be considered to help to determine how the process can be further streamlined.\nExploring alternatives to the current permitting and authorization processes is appropriate and encouraged, but only if a monitoring component is built into the processes to determine their success in providing an overall benefit to the SAR and its recovery. Without this monitoring component, significant funds may be wasted and species put at further risk unnecessarily. Examples of alternatives that might be considered include:\n- Leveraging existing organizations who engage in habitat enhancement, protection and development to implement compensation programs on behalf of others (e.g. Conservation Authorities, non-governmental organizations such as Bird Studies Canada). Providing opportunities to engage a partner that has a proven track record and expertise in the areas of habitat compensation will result in sustainable funding to those organizations and more successful compensation programming in the long run. A good example of this type of partnership is the engagement of conservation authorities in the delivery of butternut compensation programs.\n- Collecting fees from projects commensurate with the level of impact on SAR and/or SAR habitat and investing that funding strategically to larger scale landscape or watershed protection or improvement projects. This could be both less costly for the applicant and more effective towards species protection and enhancement.\n- Providing more options for habitat compensation. In many instances, habitat enhancement and/or creation can be completed at a significantly lower cost than protection measures. In such instances, not only are funds used more effectively but they may ultimately result in a greater overall area of suitable habitat for the target species. Completing a cost accounting comparing the level of expected outcomes vs the cost of implementing the permitting requirements could be a tool to determine support the decision to develop and apply a compensation project instead of straight protection measures.\nOther:\nStreamlined Approaches:\nIO appreciates the streamlined approaches that have been developed for some species that are threatened and/or endangered, such as the process for altering a structure that is habitat for the barn swallow. These approaches provide a clear process to follow that allows sufficient certainty to effectively plan their budget and schedule. IO encourages these streamlined approaches to be revisited and updated regulatory based on the developing science.\nIO also encourages the addition of more detail with regards to the monitoring elements of streamlined approaches. The benefit of monitoring the programs is to develop a better understanding of their success and to adapt the process accordingly. Without clear guidance on the monitoring requirements, monitoring programs implemented by different groups could result in findings that are not comparable, thus limiting the data that can be used to determine the success/failure of the program or identify ways to improve it.\nBest Management Practices:\nBest management practices to address impacts to species at risk are often not available or documented, especially for newly listed species. This can lead to delays in the application, review and approval processes, as well as inconsistent treatment of applications by the regulator. This can result in significant impacts to project budgets and schedules.\nIdeally, best management practices would be developed and made available before a species is listed. Once established, the best management practices should be applied consistently as a means of streamlining the process. The requirements for each species should to be clear, consistent and quantifiable.\nHabitat Compensation Lands:\nIO manages a significant portfolio of undeveloped lands that may be suitable for habitat compensation. Where these lands are non-viable or undevelopable, there may be opportunities for the Province to work together to identify which lands may be suitable for habitat compensation and market them as such to third parties.\n"
    },
    "22021": {
        "url": "/comment/22021",
        "comment": "In terms of the Landscape Approaches I believe more governments and countries should cooperate more to save migratory species that are endangered like birds for example. I also believe there needs to be proper consensus between neighboring countries on what species are considered endangered or threatened. What I mean is that in a country a species can be endangered but in it's neighboring country that species is stable, therefore the question arises whether or not we should put resources into saving a species that is doing well next door to us.\n"
    },
    "22023": {
        "url": "/comment/22023",
        "comment": "Creating \"efficiencies\" in systems based around protection of species is a sure-fire way to have shoddy science destroy those very species. It's deceptive of the province to boast about Ontario's diversity, then subtly attempt to erode that very structure in an attempt for our premier to have \"savings\" to boast about for his short term, while the long term of Ontario's environment continues to suffer at his hands. Sustainability is development that meets the needs of the present without compromising the ability of future generations to meet their own needs, and this attempt will not help future generations meet their own needs. Opening Ontario for \"business\" should not come at the cost of our environment.\n"
    }
}