{
    "23457": {
        "url": "/comment/23457",
        "comment": "Delays and inaction are detrimental to species while at the same time providing little economic certainty since business is uninformed of the parameters under which they must operate.  What is needed for species and economic development is for government to focus resources on quickly providing the framework for protecting habitat and taking action.\n"
    },
    "23458": {
        "url": "/comment/23458",
        "comment": "Please pass this proposal. The diversity of Canadian wildlife is the backbone to the natural stability of our environment. We have no way of determining what effects might occurr if we allow plant and animal species to be regulated or destroyed by a government that is self serving it's own political interest. We cannot destroy that which sustains us.\n"
    },
    "23459": {
        "url": "/comment/23459",
        "comment": "Thank you for the opportunity to comment on the ESA review discussion paper.\nAs the owner/steward of a small private wetland in southwestern Ontario, I cannot stress enough the urgent need to maintain the ESA\u2019s stringent protections for Ontario\u2019s endangered wildlife. We are losing numbers of animals/reptiles/amphibians/birds/insects at an alarming rate in this province. Anyone on the front line of conservation and protection can bear witness to the loss and decline of species due to habitat fragmentation through development and human encroachment. As subdivisions push at municipal borders, centuries-old wildlife crossings and migration paths are intersected or destroyed.\nMy woods are increasingly silent and empty.\nTherefore, any amendments to the ESA must support its original and founding purpose of protecting and recovering at-risk species.\nI do not see how your proposals can accomplish that goal, frankly. Making Ontario \u201copen for business\u201d should not be done by closing the door on threatened species. We can find intelligent solutions to growth and development without further endangering habitats that support key species in the critical and interdependent web of life, from predators to pollinators.\nIt takes political will, however, and I urge this government to now be intelligent, wise and constructive. Ontario\u2019s ESA was hailed as an achievement around the world. This is a precious legacy you should not be violating. I ask you not to proceed with proposals that, for the most part, would make it easier for industry and developers to destroy the habitats of our most vulnerable plants and animals.\nTo that end, I urge the following:\n1)  Repeal the 2013 exemptions for the forestry, hydro, mining and development industries;\n2)  Amend section 57 (1)1 of the ESA so that exemptions will only be allowed if they do not jeopardize the survival and recovery of endangered and threatened species;\n3)  Maintain COSSARO\u2019s current science-based listing process;\n4)  Maintain mandatory habitat protection with no ministerial discretion; and\n5)  Maintain the requirement for proponents of harmful activities to provide an on-the-ground overall benefit to species impacted with no backdoor option to simply pay into a fund to compensate for harm.\nIn short, science, not politics, should dictate species recovery.\nFurthermore, if business is indeed the key driver for this government, then allow me to remind the decision makers that a tremendous asset to the Ontario economy is, in fact, nature tourism. From birders to paddlers, visitors from all over the world come to see and enjoy our province\u2019s wild spaces. Allowing the wanton destruction of habitat will also eventually destroy what tourists pay to experience.\nFinally, I am sure that every member of the government and every politician would like to leave behind, for their children and grandchildren, not only a prosperous province but one that is environmentally healthy and able to continue to support human life through intact ecosystems that provide oxygen and clean water and are teeming with biodiversity.\nPlease, do the right thing for the future and uphold Ontario\u2019s Endangered Species Act.\n"
    },
    "23460": {
        "url": "/comment/23460",
        "comment": "- Changes to the Endangered Species Act should improve protections, not water them down even further.\n  - This review won\u2019t help species at risk if it doesn\u2019t address exemptions that make it too easy for business and industry to do even more harm to critical habitat. Clearly defined no-go zones protect wildlife \u2013 while creating efficiencies for business by making it clear where development won\u2019t be permitted.\n  - We need protections that lead to recovery for species-at-risk in Ontario\u2013 we don\u2019t need changes that will drive more species to extinction.\nHalf of Canada\u2019s wildlife are in decline \u2013 by a whopping 83 per cent!!! Provincial governments must be part of the solution.\n"
    },
    "23461": {
        "url": "/comment/23461",
        "comment": "I am writing to inform you that I, a person of the people the \"Government of the people\" is supposed to represent, whole-heartedly opposes opening up the endangered species act for the purpose of streamlining development. You list slowing down development as the problem but that is one of the main positives of the act in question. Slowing down development for no reason is, of course, a negative but the reason many of these species are endangered in the first place are habitat loss caused by rampant unregulated or minimally regulated development. Once these species are gone they will not be coming back. Many species support ecosystems as a whole and losing one can have unforetold consequences as many other species often are interdependent and we as humans know so little about how the interdependencies work. This review is trying to label a feature as a bug.\nIf the government would like to speed up regulatory processes I would recommend allocating more funding to the resources involved in environmental assessments and regulatory paperwork. A larger workforce and/or more streamlined back office processes would speed up the process. Perhaps look at implementing an office to guide companies through the process to help make it easier for developers to fill out the necessary applications if they are finding it to difficult.\nDevelopments will last a few generations but the environments they change are lost forever. There is no reason to be rash and possibly lose what cannot ever be recovered for companies to make a few extra dollars which the majority of Ontarians will never see.\n"
    },
    "23462": {
        "url": "/comment/23462",
        "comment": "In general, I support strong, effective protections for listed species and their habitats.\n1. Landscape Approaches\nI support looking at the entire landscape if Species at Risk (SAR) specialists believe it is an appropriate method of improving habitat and protecting species.\n2. Listing Process and Protections for Species at Risk\nI believe that the Committee on the Status of Species at Risk in Ontario (COSSARO) is doing an excellent job of determining which species should be listed. Improved communication and transparency is warranted.\n3. Species Recovery Policies and Habitat Regulations\nPriority should be given to expediting Policies and Habitat Regulations in order to be effective and remove uncertainty for businesses and individuals.\n4. Authorization Processes\nI am not in favour of permits except in unusual circumstances where there are no alternatives. The current system where developers can devise a short-term \"overall benefit\" are nothing but a licence to destroy important habitat of SAR. The current process also has a total lack of transparency. Permits should not be issued unless supported by an independent expert.\n"
    },
    "23463": {
        "url": "/comment/23463",
        "comment": "1. Landscape Approaches\nI support recovering species by looking at the entire landscape and taking actions that will contribute the most to improving habitat and protecting species from harm; however, care must be taken to ensure the individual needs of each species are still taken into account. There are situations where a species-specific approach is still warranted.\n2. Species Listing Process and Protections\nThe ability of the Committee on the Status of Species at Risk in Ontario (COSSARO) to determine the status of species, independent of government, is essential to the proper functioning of the Endangered Species Act (ESA). Improved communication and transparency in all aspects of species assessment and protection is warranted to provide clarity for the public and business.\nHabitat loss or degradation is a primary cause for species decline. Automatic protection, combined with clear communication on where impacts can and cannot occur, would protect species while providing certainty of what to expect for economic development.\n3. Species Recovery Policy and Habitat Regulations\nDelays and inaction are detrimental to species while at the same time providing little economic certainty since business is uninformed of the parameters under which they must operate.  What is needed for species and economic development is for government to focus resources on quickly providing the framework for protecting habitat and taking action.\n4. Permitting Processes\nI am in favour of consistent application and streamlining of decisions, which must also include decisions to deny a permit for an activity that would harm a species or its habitat. Permits allowing harm to endangered species or their habitat poses considerable risk so need to come with strict conditions. Extinction is permanent.\n"
    },
    "23464": {
        "url": "/comment/23464",
        "comment": "Area of Focus 1: Landscape Approaches\n1. Move forward with a permanent section 55(1)(b) regulatory exemption to the forest sector to continue enabling landscape approaches currently being delivered under the Crown Forest Sustainability Act (CFSA).\n2. Working under the section 55 (1)(b) regulation, the Ministry of Natural Resources and Forestry (MNRF) must develop workable species at risk policy delivered under the CFSA that contributes to working landscapes and functioning ecosystems while incorporating socio-economic impact analysis, jointly, with practitioners, affected stakeholders, and Indigenous communities.\nArea of Focus 2: Listing Process and Protections for Species at Risk\n3. Overhaul the membership of COSSARO to reflect more generalist professionals and Indigenous communities rather than academics with expertise in a very limited field of study. Known experts in a particular species, including local MNRF biologists and local RPFs should be invited to participate in the deliberation of species being evaluated by COSSARO at least 12 months before the committee meets to evaluate the species\u2019 status.\n4. Develop a clear process for using the \u201cdata deficient\u201d category, particularly for species with a wide distribution and lack of data.\n5. COSSARO should consider the use of regional sub-populations to account for differences in status across the province, risk to the species and the relative risk of human activities. Populations of species at the normal edge of their ranges in Ontario, outside of their core range, should be evaluated with due consideration of their global population.\n6. Add an additional layer of accountability by having the responsible minister weigh scientific evidence provided by COSSARO with the socio-economic impacts before a species is automatically listed and protected.\n7. Reassessment of species at risk should be considered when credible evidence has been presented to the responsible ministry beyond what is currently permitted within the ESA.\n8. Enable individuals and organizations to report on SAR sightings without the perceived or real fear of being penalized for doing so.\nArea of Focus 3: Species Recovery Policies and Habitat Regulations\n9. The current 5-year review should go beyond simply listing actions that have taken place. A biological review of the species should be included and feedback into the COSSARO listing process.\n10. Habitat renewal should not be considered habitat destruction.\nArea of Focus 4: Authorization Processes\n11. Remove the July 1st, 2020 expiry found in O. Reg. 242/08 (22.1) to forest operations on Crown land giving the sector and government greater certainty.\n12. Replace the term \u201coverall benefit\u201d within sections 17(2)(c), 18(1)(e)(iii)(A), and 18(2)(f)(iii)(A) with \u201cpositive outcomes\u201d to species at risk.\n13. Equivalency through section 55, not harmonization through section 18 is required for future success and is well supported by legal precedent.\n"
    },
    "23466": {
        "url": "/comment/23466",
        "comment": "1. The overall direction of the ESA review appears to be environmental deregulation, which is counter-productive to the very core of the act and what it intends to achieve.\n2. The options under consideration undermine the very cornerstones of the law. We required a robust and enforced ESA, including: science-based listing of species at risk (including Indigenous Traditional Knowledge), mandatory protection of threatened and endangered species and their habitats, and legislated timelines for planning and reporting.\n3. Do not compromise the science-based process for listing species at risk is in jeopardy by allowing alternative based non-scientific decisions to alter the survival of species.\n4. Please do not allow the protection of species at risk and their habitats to be left up to the Minister.\nAs shown over the years, our governments are heavily influenced by wealthy lobbyists. Such changes would leave  our most vulnerable plants and animals subject to political whims and the influence of powerful industrial lobbyists. Conservation cannot be political.\n5. Do not weaken requirements for authorizations to undertake harmful activities. Economic development can continue without compromising conservation.\n6. Do not replace harmful permitted activities with the proposed \u201cconservation fund\u201d as this could be an easy-way-out for proponents. This option would make it easier and more likely for harmful activities to occur and will do nothing to protect our at-risk species and habitats.\n7. Do not permit broad authorizations for harmful activities. Landscape-scale authorizations for harmful activities may replace project-specific authorizations.This sweeping approach doesn\u2019t lend itself to addressing site-specific or species-specific concerns and consequently presents unwarranted additional risk for species already in peril.\n8. Provide for greater implementation of the ESA instead of rewriting the law. According to the Environmental Commissioner of Ontario\u2019s 2017 report, the government \u201chas utterly failed to implement the law effectively.\u201d Challenges should be addressed through improved planning and investment in communications, program development and staffing, not environmental deregulation.\n9. Implement many of the more innovative aspects of the ESA including stewardship agreements and ecosystem or multi-species approaches to recovery planning. Putting these tools into practice offers much more promise for species at risk than streamlining approaches to damaging and destroying their habitats.\n10. Ontarians have a global responsibility to conserve biodiversity - show us that you are apart of this community of conservation by making the right decisions for species at risk and their habitats. We are now in the throes of the largest mass extinction since the disappearance of the dinosaurs more than 65 million years ago. We must do our utmost to honour our collective responsibility, under the United Nations Convention on Biological Diversity, to maintain and restore the web of life.\n"
    },
    "23467": {
        "url": "/comment/23467",
        "comment": "Hello.  I am a forestry consultant company business owner.\nI have worked in the forest industry for 20 years in various capacity's including forest management planning and forest renewal\nI have a few comments to share regarding the 10th year review of the ESA:\nThe Crown Forest Sustainability Act (CFSA) has proven to be very effective legislation to regulate forestry in Ontario as it strives to balance social, environmental and economic outcomes associated with the management of SFL's.\nThe Endangered Species Act (ESA) however does not seek to achieve this same balance, instead it requires individual threatened or endangered species to be protected at the expense of all other forest management outcomes.\nI would recommend the following;\n-  a permanent ESA Section 55 regulatory exemption for the forest sector.\n- continue to manage for at-risk species through the CFSA, in balance with other social, economic and environmental objectives\n- ensure species prescriptions are developed with input from forest practitioners, affected stakeholders and rights holders, to ensure they are workable\n-complete socio-economic impact analysis and share with impacted stakeholders and First Nations prior to any species at risk policy being implemented.\n"
    },
    "23468": {
        "url": "/comment/23468",
        "comment": "I am a PhD student at the University of Waterloo in the School of Environment, Resources, and Sustainability. During my undergraduate degree, I worked for twelve months with the Canadian Environmental Sustainability Indicators group of Environment Canada where I built and analyzed the Species at Risk Populations Trends Indicator. I have become very familiar with the processes and data behind Ontario and Canada's species conservation efforts, and I can say with much authority that these efforts are pivotal to the viability of Ontario's economic, social, environmental, and political livelihood. A diversity in species creates resiliency in our ecosystems and thus our societies. Therefore, it is in the best interest of Ontario citizens and environment to revisit the ability of development approval to override the protection of species at risk. I am very concerned by the values and priorities revealed thus far regarding revisions. While there are ways of economy and environment to work together, the Endangered Species Act' purpose cannot be purely 'economic development'. The health of our environment is a direct reflection on the health of our society. Eliminating diversity in our ecosystems will limit our society's capacity of health, viability, and progress.\n"
    },
    "23470": {
        "url": "/comment/23470",
        "comment": "Focus area 1, Landscape approaches: I note the lack of mention of corridors despite the critical importance of those to many species. Any broader approach to the assessment would be invalid without ensuring contiguous corridors rather than isolated areas. Also, the critical areas for the species under consideration must be preserved no matter how much those might be desired by developers or potential country estate or cottage owners.\nFocus area 2. Listing process: The \"costly impact\" to businesses primarily occurs when developers are trying to build on land that should never have been open to development in the first place. With a more measured and careful approach to development permits, that prioritize access to EXISTING public transit, water and sewage lines the situations you describe won't happen.\nWe need affordable housing not mansions, and shopping and places of employment that can be reached WITHOUT A CAR. Besides, since in almost all cases we don't even know the potential value of the species in terms of future health of our own species, the long term balance of costs cannot be reasonably estimated.\nAlso, if there is a need for additional review or assessment to improve the scientific basis for a decision, the habitat MUST be fully protected during that time. Sensitive habitats cannot simply be restored; they are often gone forever. For species that have different summer and winter habitats, efforts must be made to preserve both.\nFocus area 3: Nine months should be FAR more than enough time for engagement and a statement based on the science available at the time. It can always be amended for new knowledge.\nI also see no merit in waiting more than five years for a progress review. Increasing the time might allow the government to do nothing for longer and that's not at all desirable.\nI am OK with scientists and only scientists figuring out when to use a general or specific habitat regulation. There should be no business or government representation on any committee that makes such decisions or recommendations.\nFocus area 4, Authorization: Conservation agreements are a good approach that could be used more extensively. Overall, this section of the paper reads like a pro-business approach to destroying species at risk because they don't matter. A general fund won't help a species that had only a limited habitat that is now gone. The government can reduce the number of forms to be filled out and the length of time it takes to process them without reducing the protections needed by species at risk.\nWhat seems to be missing is large fines for corporate leaders as well as corporations if they proceed with actions that damage the habitats of species at risk, including barring such corporations from future permits for development in Ontario and from Ontario and municipal government contracts.\nGeneral Comments\na) It is critical that other government initiatives such as Bill 66 and plans to increase housing be brought in line with the requirements to protect endangered species. Lately it appears as if the Ontario government is using a multi-pronged approach to destroy critical environmental protections.\nAnd the frequent references to the impact on businesses in this discussion paper strongly reinforce that perception.\nb) I wrote my comments before reading the content of the URL I have linked to below, but I fully agree with the comments there.\n"
    },
    "23472": {
        "url": "/comment/23472",
        "comment": "To the Ministry of Environment, Ministry of Natural Resources and Forestry and the Ontario government:\nIf anything should be done to the Endangered Species Act, the laws should be strengthened to protect the habitats of Species-at-Risk and more funding allocated to scientific research, stewardship programs, habitat restoration, and the protection of important areas like wetlands and watersheds against development and industrial disturbance. Once the flora and fauna is gone, it's gone. We should never allow it to get to that point, and creating \"efficiencies for business\" sounds to me that Premier Ford's government is listening to certain stakeholders who are more concerned with the economic development than they are with the state of the environment. Species of native plants and animals are struggling everyday in this province to survive amid invasive species, development, pollution and the effects of human encroachment. If we do not take care of Ontario plants and animals we will be creating a bleak and uncertain future for generations to come. I would like to see larger penalties for large companies and conglomerates who pollute our environment and for individuals and property owners who violate acts such as this.\nIrreversible changes in our climate have already taken place - I would like to see my Provincial Government commit to swift and aggressive action to preserve our natural areas and protect important habitats and Species-at-Risk before it's too late.\n"
    },
    "23473": {
        "url": "/comment/23473",
        "comment": "Dear Government of Ontario,\nThank you for the opportunity to add my voice to the public consultation on the ESA review discussion paper.\nThe science is clear that business-as-usual development and industrial activities continue to threaten the survival and recovery of wildlife in Ontario. What is needed is not greater efficiency for industry but, rather, greater efficiency to recover the province\u2019s at-risk species.\nWe urge you to:\n\u2022 Focus on habitat-protection measures that are effective for the listed species and that simultaneously improve outcomes for multiple species at risk.\n\u2022 Work with other ministries to ensure coordination to limit cumulative impacts on the lands and waters that provide wildlife habitat.\n\u2022 Repeal the long list of exemptions for forestry, hydro, mining and commercial development, approved by cabinet in 2013.\n\u2022 Amend the law to set a higher bar for creating exemptions through regulation by ensuring they cannot jeopardize the recovery of threatened or endangered species.\n\u2022 Ensure local communities benefit from activities to maintain and restore endangered species and their habitat, including rural and northern communities.\n\u2022 Support the continued leadership and critical role of Indigenous Peoples in conservation initiatives.\nThank you\n"
    },
    "23474": {
        "url": "/comment/23474",
        "comment": "EBR 013-4143: 10th Year Review of Ontario\u2019s Endangered Species Act\nThank you for the opportunity to comment on the ESA review discussion paper. Though I support the stated intent to provide more stringent protections for species at risk, I am not confident that the proposals being considered will not accomplish that goal. On the contrary, for the most part they would make it easier for industry and developers to destroy the habitats of our most vulnerable plants and animals. I would support revising the process to make it clearer and more efficient. However, any efficiencies should not equate with less protection for species at risk.\nAny amendments to the ESA must support its purpose of protecting and recovering at-risk species. To that end, I urge MECP to:\n- Repeal the 2013 exemptions for industries that do not have a comprehensive planning process in place to deal with issues surrounding species at risk (presently this would only include forestry which has a regulated forest management planning process that deals with the ESA);\n- Amend section 57 (1)1 of the ESA so that exemptions will only be allowed if they do not jeopardize the survival and recovery of endangered and threatened species;\n- Maintain COSSARO\u2019s current science-based listing process (the list should be maintained by scientists and politicians should have not input into this process);\n- Maintain mandatory habitat protection with no ministerial discretion; and\n- Maintain the requirement for proponents of harmful activities to provide an on-the-ground overall benefit to species impacted with no backdoor option to simply pay into a fund to compensate for harm.\nThank you for your attention to this matter.\n"
    },
    "23475": {
        "url": "/comment/23475",
        "comment": "March 4, 2019\nThe Honourable Rod Phillips\nMinister of the Environment,\nConservation and Parks\nGovernment of Ontario\nToronto, Ontario\nDear Minister Phillips:\nRE: \t10th Year Review of Ontario\u2019s Endangered Species Act -- ERO 013-4143\n\tKingston Field Naturalists Submission\nThe Lennox and Addington Stewardship Council (LASC) is a community organization that has been working towards ensuring a healthy and sustainable natural environment in the county of Lennox and Addington.  Ours is a county blessed with diverse natural surroundings. From Lake Ontario in the south, to the Canadian shield in the north, woodlands, wetlands, rivers, grasslands, and alvar landscapes provide habitat for abundant biodiversity.  The members of the LASC are from diverse backgrounds but they are united in their desire to protect this natural heritage for present and future generations.  The LASC promotes education, awareness, conservation and restoration of many ecosystems in the interest of preserving this biodiversity. However, like many other like-minded organizations, we are aware of the growing number of species that are designated \u201cAt Risk.\u201d\nWe, the LASC embrace the Ontario Government and Parks\u2019 (MECP) desire to improve protection for species at risk in Ontario through a revised, enhanced and effective. ESA. We are pleased to have the opportunity to comment on the Minister of Environment, Conservation and Parks (MECP) Discussion Paper: \u201c10th Year Review of Ontario\u2019s Endangered Species Act\u201d (the \u201cDiscussion Paper\u201d). We are encouraged by the Ontario Government\u2019s indication that it wishes to \u201cconsider modern and innovative approaches to achieving positive outcomes for species at risk.\u201d  The Government of Ontario has the responsibility to the citizens of Ontario to protect diversity of species for present and future generations. To achieve positive outcomes in a revised ESA, the protection of each species at risk must always be the focus in the implementation of modern and innovative approaches.\nIn response to each focus we offer the following comments.\n Focus #1 Landscape Approaches:\n\u2022\tThe law should not be changed to allow landscape approaches instead of species-specific approaches. The existing law already provides for this. No change is necessary.\n\u2022\tThe authorization of harmful activities at a broad scale, such an approach is inappropriate for endangered and threatened species. It doesn\u2019t lend itself to addressing site-specific or species-specific concerns and consequently presents unwarranted additional risk for species already in peril.\nFocus #2 Listing Process and Protection:\n\u2022\tThere should be no change to the ESA regarding the listing process and the role of COSSARO. The law sets out a transparent approach to listing based on a consideration of \u201cthe best available scientific information, including information obtained from community knowledge and aboriginal traditional knowledge.\u201d (sec. 5(3)). There should be no alternative to automatic species and habitat protections (e.g., through ministerial discretion to remove or delay protections).\n\u2022\tImproving notification is an implementation issue which should be addressed through better communications. In its listing process, COSSARO is required to consider species listed by the federal Committee on the Status of Endangered Wildlife in Canada (sec. 4(2)a); there are years of notice embedded in this process, from the release of COSEWIC status reports to the listing by COSSARO.\nFocus 3 Recovery Policies and Habitat Regulations:\n\u2022\tThere should be no change to the legal requirement to produce Government Response Statements (GRS) within nine months of the release of Recovery Strategies (sec. 11(8)). Failure to meet the legislated deadline is an implementation issue. The required five-year reporting on progress is reasonable and ensures transparency and accountability.\n\u2022\tThe government should legislate additional reporting requirements (e.g., every five years) to drive ongoing action and monitoring beyond the first five years.\n\u2022\tThere should be no changes to the legal provisions for habitat regulations, which describe specific boundaries or features of areas deemed to be habitat and provide enhanced certainty for ESA implementation and enforcement. They can include areas where a species \u201cused to live or is believed to be capable of living\u201d (sec. 55(3)b), presenting a significant opportunity for protection and recovery efforts to extend beyond places where species at risk currently persist.\nFocus 4 Authorization Processes:\n\u2022\tThis is the Endangered Species Act, not the Endangered Business Act. The priority must be on protecting and recovering species at risk. There are already sufficient authorization tools. No new tools are needed. Challenges should be addressed through improved implementation.\n\u2022\tDo not simplify requirements for exemptions through regulation. On the contrary, make the requirements more stringent by amending the law (sec. 57) to ensure that exemptions are premised on providing an overall benefit to species at risk and cannot jeopardize their survival or recovery\n\u2022\tEnhance transparency and accountability by amending the exemption regulation (242/08) to require all proponents of harmful activities to automatically submit their mitigation plans and annual reports to the government and to ensure that these are publicly available.\nThe Lennox and Addington Stewardship appreciates this opportunity to comment on the MECP\u2019s Discussion Paper about the ESA review (ERO# 013-4143).\nSincerely,\nMarilyn Murray\nChair, The Lennox and Addington Stewardship Council\n"
    },
    "23478": {
        "url": "/comment/23478",
        "comment": "The Endangered Species Act is designed to first and foremost protect species that are at-risk and that absolutely must remain the sole focus of this act. These are our must vulnerable species and they must be protected no matter what. All species have value, and play an important role in maintaining ecosystems. The loss of one species means the loss of interactions with other species, loss of ecosystem services and the loss of ecosystem functioning. When ecosystem services and ecosystem functioning are lost it ends up costing us in environmental damage and economically as it will cost us more to provide the functions that wildlife provide to us for free. Almost all species are at-risk due to human actions, therefore, it is up to us to protect these species and, not under ANY circumstances remove ANY protections. Rather, these protections should be strengthened, and species should be more rapidly listed, more enforcement of the law is needed, and more funding needs to be provided to protect these species and fund projects designed at studying the best way to protect these species.\nMinisters should not be allowed to interfere with listing of a species. This needs to remain a science-based listing project. The requirements for listing a species are already quite detailed and require experts to complete intensive study. This process cannot be undermined by politics. The experts - the scientists and conservationists - know best which species need protecting. Full stop.\nHabitat protections are a basic need for species and protections for a species habitat need to be included without delay. A habitat contains all the resources necessary for a species to survive. Without habitat protection you cannot protect a species. So this MUST remain a part of the ESA and habitat protections must be strongly enforced and based on the best available science. This also must be weighed against the costs of inaction - if a species is declining rapidly and threats to the species are large we must protect habitat even if there is some uncertainty about the exact nature of a species habitat. This is a basic step to conserving species and this requirement CANNOT be weakened at all. Ministers should absolutely not be allowed to comment on this aspect. Scientists and conservationists are the experts and would be able to provide the best input in this area.\nNobody should be exempt from protecting endangered species. Under no circumstances should anyone be allowed to obtain a permit to undertake activities that are directly or indirectly harmful to any at-risk species.\nSpecies-specific needs and requirements must still be considered. A broad or landscape approach will not suffice to protect species. Individual species may have distinct needs that cannot be ignored.\nPoor implementation of the ESA is the problem, not the law itself. According to the Environmental Commissioner of Ontario\u2019s 2017 report, the government \u201chas utterly failed to implement the law effectively.\u201d Challenges should be addressed through improved planning and investment in communications, program development and staffing, not environmental deregulation.\nIt is the government's responsibility to protect our most vulnerable species and the residents of Ontario (including myself) will not stand for any weakening to the endangered species act. Work on strengthening and bettering this act for the species it is designed to protect.\n"
    },
    "23480": {
        "url": "/comment/23480",
        "comment": "Public Input Coordinator\nSpecies Conservation Policy Branch\n300 Water Street\nFloor 5N\nPeterborough ON K9J 3C7\nCanada\nSubmitted via EBR: ero.ontario.ca\nForest Sector Requires Permanent Regulation Followed by Workable Species at Risk Policy After 10th Year Review of the Endangered Species Act\nTo Whom it May Concern:\nAs a Registered Professional Forester, conservationist, and outdoorsman, thank you for the opportunity to comment on the 10th Year Review of Ontario\u2019s Endangered Species Act: Discussion Paper, ERO number 013-4143. I\u2019m glad for the opportunity to work with your government to improve the effectiveness of the Endangered Species Act (ESA) and ensure a balanced approach between a healthy environment and a healthy economy.\nThe Endangered Species Act (ESA) has proven to be very difficult to apply to forestry, in particular because it does not seek to achieve balance through forest management; instead it requires individual threatened or endangered species to be protected at the expense of all other forest management outcomes (including at the expense of other species) at the Landscape scale as well as the stand and site scale. Many attempts by government over the last few years have failed to find a way to make the ESA work for forestry without creating serious legal risk, crushing regulatory burden, and catastrophic wood supply reductions.  Despite involving policy makers, lawyers, forest practitioners and stakeholders, the only implementable solution has come through the use of an ESA Section 55 Regulation.  That is why the sector is currently operating under its third ESA Section 55 Regulation, which expires next year.\nThe most important action the government must take is a permanent recognition of the Crown Forest Sustainability Act (CFSA) as an equivalent process to the Endangered Species Act (ESA); through a permanent Section 55 Regulation. The CFSA already provides landscape, stand, and site-level direction for managing, conserving, and protecting species at risk. Having two acts attempting to accomplish the same outcome represents the single greatest piece of red tape and duplication to this sector and renders both processes unachievable if implemented simultaneously. The Section 55 Regulation does not 'exempt' forest managers from providing for species at risk; it merely achieves these protections in a different, more efficient, practical and balanced way. The CFSA already provides landscape, stand, and site-level direction for managing, conserving, and protecting species at risk.  By implementing the CFSA this provides a more holistic and all-encompassing approach where all aspects of a healthy ecosystem are accounted for.\nOnce this essential first step has been accomplished, we must also ensure the following requirements be embedded in a new, modernized ESA:\n1.\tImplement a permanent ESA Section 55 regulatory exemption for the forest sector that recognizes the CSFA as an equivalent legal tool for implementing species at risk protections Cumulative impact of all species at risk policy on a healthy economy.\n2.\tContinue to manage for at-risk species through the CFSA, in balance with other social, economic and environmental objectives- which allows for a balanced landscape management approach.\n3.\tEnsure species prescriptions are developed with input from forest practitioners, affected stakeholders and rights holders, to ensure they are workable.\n4.\tSocio-economic impact analysis must be completed and shared with impacted stakeholders and First Nations prior to any species at risk policy being implemented.\nFurthermore; also of extreme concern is role of the Federal Government and potential negotiations with Ontario on Conservation Agreements. For example, a MNRF socio-economic analysis determined that up to 2800 jobs could be lost and 8 mills could close as a result of the province meeting the federal disturbance thresholds for caribou. It is our expectation that Ontario will consult with affected stakeholders well in advance of any draft and will not enter into a Conservation Agreement with the Federal Government that will result in lost jobs and lost opportunity.\nIn order to avoid serious socio-economic impacts, Ontario needs permanent recognition that the CFSA is an equivalent process to the ESA, while developing workable species at risk policy, and sending a strong message to the Federal government that Ontario will manage our own resources.\nThank you for the opportunity to work with your government to improve the effectiveness of the Endangered Species Act (ESA) and ensure a balanced approach between a healthy environment and a healthy economy.\nKind Regards.\n"
    }
}