{
    "23736": {
        "url": "/comment/23736",
        "comment": "I fully support recovering species by looking at the entire landscape and taking actions that will contribute the most to improving habitat and protecting species from harm; however, care must be taken to ensure the individual needs of each species are still taken into account. There are situations where a species-specific approach is still warranted.\nThe ability of the Committee on the Status of Species at Risk in Ontario (COSSARO) to determine the status of species, independent of government, is essential to the proper functioning of the Endangered Species Act (ESA). Improved communication and transparency in all aspects of species assessment and protection is warranted to provide clarity for the public and business. Habitat loss or degradation is a primary cause for species decline. Automatic protection, combined with clear communication on where impacts can and cannot occur, would protect species while providing certainty of what to expect for economic development.\nDelays and inaction are detrimental to species while at the same time providing little economic certainty since business is uninformed of the parameters under which they must operate.  What is needed for species and economic development is for government to focus resources on quickly providing the framework for protecting habitat and taking action.\nI am in favour of consistent application and streamlining of decisions, which must also include decisions to deny a permit for an activity that would harm a species or its habitat. Permits allowing harm to endangered species or their habitat poses considerable risk so need to come with strict conditions. Extinction is permanent.\n"
    },
    "23737": {
        "url": "/comment/23737",
        "comment": "Endangered Species are bastions of the environmental services, that functional ecosystems provide society.  They, as we, rely on functional ecosystems to thrive.  Without functional ecosystems to support water management objectives, in response to climate change, in the Great Lakes Basin, urban and rural community infrastructure is threatened.  To protect Endangered Species is not only for their intrinsic value, but also for the resilience of our societies.\n"
    },
    "23738": {
        "url": "/comment/23738",
        "comment": "The loss of environmental protections does not only impede biodiversity in the present, but also in the future.  Without biodiversity, environmental decline is certain, and will be detrimental to human prosperity, not only economically but physically as well. Our moral responsibility is to protect the environment and biodiversity for future generations.\n"
    },
    "23739": {
        "url": "/comment/23739",
        "comment": "The discussion paper seems to focus on relaxing protections for endangered species rather than enhancing protection. This is distressing for the fate of our endangered species since a number of exemptions have already been given to industry. Extending timelines for the processes required to protect and report on results of endangered species protection will only reduce protections required to support endangered species. Instead adequate resources should be provided to ensure that assessment reports, recovery strategies, government response statements, habitat regulations and five year progress reviews are completed in a timely manner.\nIt is proposed that the Minister be given discretion to remove automatic protection for a threatened or endangered species at risk. This would reverse the science based process of classifying species at risk making the fate of species susceptible to political pressure.\nThe discussion paper proposes that an applicant be allowed to pay into a conservation fund rather than implement site specific measures to provide overall benefit to the species at risk. This proposal is worrisome since it is not evident that the species at risk would benefit from this.\nOverall the discussion paper does not give due consideration to the importance of protecting endangered species and is more concerned with \"streamlining\" processes rather than putting emphasis on species protection.\n"
    },
    "23740": {
        "url": "/comment/23740",
        "comment": "Thank you for the ability to comment on the discussion paper for the 10 year review of the Endangered Species Act.\nGovernment has a massive responsibility to protect biodiversity.  Biodiversity will save our planet and allow it to adapt to the rapid changes humans are making on the ecosystems.\nPlease repeal the exemptions for the forestry, hydro, mining and development industries.\nPlease amend section 57 (1)1 of the ESA so that exemptions will only be allowed if they do not jeopardize the survival and recovery of endangered and threatened species.\nPlease maintain mandatory habitat protection with no ministerial discretion.\nPlease maintain the requirement for proponents of harmful activities to provide an on-the-ground overall benefit to species impacted with no backdoor option to simply pay into a fund to compensate for harm.\nThank you for considering my comments.\n"
    },
    "23741": {
        "url": "/comment/23741",
        "comment": "If the ESA is going to be changed by your Conservative government, it needs to be strengthened not loosened.  It is not the case that we have a strong law now which is onerous to business. The current law which the Liberals changed in 2013 is a joke.  It provides virtually no protection to species at risk as the government has never failed to give an exemption (\"permit\") to businesses who harm species at risk.  Businesses that damage species at risk in one area should have to have an \"overall benefit\" to the species, by providing enhancements in another area.  Permits should also be individually considered and the public should be able to have input.  If the permit is given it should have to be posted on a public website with reasons why it was allowed and what they are doing to enhance habitat and conditions for the species.  Permits should not be a rubber stamp like they are now.  Currently, there is no enforcement of the weak ESA.  Any changes by your government will have to include staff in the field enforcing the ESA.\nIt is also important that the endangered species list be based on science and not politics.  We can't choose not to protect a species because it might be expensive or inconvenient.  Each species has a right to exist.  All species on the list need to have a recovery plan which is developed in a timely manner and needs to be actually implemented.\nEnvironmental regulations like the ESA are not red tape.  They protect the air we breathe, the water we drink, and the species we rely on for ecosystem services.\nBy not strengthening the ESA, and potentially weakening it, you are not doing what is good for business, you are just picking winners and losers.  For example, if a quarry or forestry operation damages wildlife, they hurt the fishing industry and the tourism industry, but don't pay the cost for this damage.  You are benefiting some businesses while hurting others, this doesn't make sense!\n"
    },
    "23745": {
        "url": "/comment/23745",
        "comment": "Hello,\nI implore the Ontario Government not to weaken the Endangered Species Act (the Act) by making revisions to it. Species-at-risk are at risk in large part due to habitat loss and the Act needs to improve habitat protection, not weaken it to development.\nThe Government should instead focus on how to better protect the species-at-risk by improving how the Act is implemented and enforced. More focus should be on protecting these species-at-risk and their habitat and ensuring their recovery. If any changes were to be made to the Act, I would only request that the exemptions for major industry groups like forestry, mining and agriculture be removed.\nMy other comments as they relate to the 10th Year Review Discussion Paper are as follows:\nThis discussion paper does not provide much information in the review process that's transpired over the past 10 years nor does it provide context or evidence as to why and where the 'Challenges' have derived from.\nArea of Focus 1:\nThe landscape approach is not explained well.\nHabitat of species-at-risk can be interconnected and a landscape approach with broad-species focus would be helpful for habitat and species. These tools are already included in the Act, but should not replace a species-specific focus.\nArea of Focus 2:\nThere should NOT BE a different approach or alternative to automatic species and habitat protections. Listing a species at risk or their habitat should be based on sound research, scientific evidence and as informed by COSSARO's review. A species/habitat, if deemed 'at risk', should always be listed and the listing should have nothing to do any other outside influence. This Act is FOR species-at-risk, if anything, improving the communication with affected stakeholders that may be impacted would be beneficial.\nAllowing Ontario Scientist to sit on COSSARO is encouraged.\nArea of Focus 3:\nThe Act is for the protection and recovery of species-at-risk. If a species is listed, already they are in peril and there should be no extension to the timelines. Changes to the legislation timeline will not improve the Government Response Statement challenges.\nThe Government Response Statement and the development of the recovery strategies should better be coordinated and recovery strategies should be created for multiple species that share similar geographic areas or which face similar threats. Again, coordinated efforts in how the current Act is implemented would be more beneficial than changing the Act itself.\nHabitat regulations should not be changed.\nArea of Focus 4:\nThe Act should only focus on the protection and recovery of species-at-risk and their habitat.\nThere should not be conservation banking or paying into a conservation fund or anything to that affect. These species and their habitats are at-risk likely because their habitat is already compromised. Habitat needs to be protected and allowing activities to be conducted where there's critical habitat in lieu of a payment is backwards and is unacceptable. Instead, there should be the focus on habitat protection for species-at-risk which in turn would also benefit the rest of the ecosystem.\nAs a species declines, the more an effective strategy is require and the more this may cost. It would be beneficial to ensure appropriate protection at the onset of a species being listed. There should be no delays.\nEarly identification of the needs of the species that may be impacted during the planning phases of development should be discussed with the stakeholders and expectations of how best to protect them and their habitat should be communicated and understood.\nIf changes are to be made to the Act, removing the regulatory exemptions for activities that can have the most negative affects on species-at-risk should be considered. As well, how the Act is implemented and communicated could improve species and economic outcomes, but the protection and recovery of species and their habitat should not, in any way, be sacrificed for economic benefit.\n"
    },
    "23746": {
        "url": "/comment/23746",
        "comment": "At a time when reports around the globe are finding that loss of biodiversity is putting our ability to produce enough food to feed our citizens at risk, I find it short-sighted and alarming that the government is looking to find opportunities for short-term financial gain for businesses within the endangered species act. Extinction is permanent, we are at a critical tipping point, and we absolutely cannot afford to overlook long-term effects in favour of short-term gains.\n"
    },
    "23748": {
        "url": "/comment/23748",
        "comment": "It is inappropriate to prioritize the \"efficiency of business\" over the survival of the environment and endangered species. Businesses may adapt to inefficiencies or not, but there will always be a way for people to innovate and try again even when they fail.\nWe do not get to try again with the balance of ecosystems. Once a species is gone many thousands more will be impacted - creating scarcity of resources for predator animals, creating overpopulation in a species' primary prey, disruption of plant life due to lack of the normal feeding patterns an animal species may have, and more. It's very difficult to build lives and businesses on crumbling land or with dwindling resources that nature provides.\n"
    },
    "23749": {
        "url": "/comment/23749",
        "comment": "Regarding ero 013-4143\nPlease be aware that I support the upholding and even the improvement of the Endangered Species Act and protection of endangered species.\nI believe we as a race have no right to wipe out of existence or endanger any species to the point of nonexistance for our view what is important on this earth.\nPlease protect Ontario from any development which would jeopardize what we have and will deem endangered.\n"
    },
    "23751": {
        "url": "/comment/23751",
        "comment": "Please leave the endangered species act the way that it is. Making changes to increase profits is an awful decision. Please consider the lives of the at risk species that you could be further endangering. Do not revise/change the endangered species act.\n"
    },
    "23752": {
        "url": "/comment/23752",
        "comment": "The endangered species act was written prematurely and pushed though the Government too fast to satisfy the \u201cflavour of the day.\u201d For a long time the Government stressed protection of birds of prey, marten, deer and pileated woodpecker. Today there is little attention on these species as focus has shifted to caribou, turtles and ginseng plants. Environmentalists will use these \u201csexy\u201d species as scapegoats to shut down industrial activities with little regard to the socio-economic impacts on the hard working men and women who rely on jobs in resource management sectors. To be truly sustainable, the endangered species act MUST consider the impacts to the economy, society as well as the environment. Listing species should demonstrate thoughtful consideration of these three aspects given the severe impacts and losses industries have already suffered. In Central Ontario since the Government began looking for species at risk, they have found many. Once a species makes it on the list, it never seems to come off. There needs to be more accountability on the Government to prove impacts to species at risk before creating harsh legislation that restricts resource management and industrial activities, the cornerstones of our economy.\n"
    },
    "23754": {
        "url": "/comment/23754",
        "comment": "This comment is being submitted on behalf of the Algonquins of Ontario on the \u201c10th Year review of Ontario\u2019s Endangered Species Act: Discussion Paper\u201d document. Our submission includes the following components summarized below:\n1.\tIntroductory Letter\n\u2022\tOur submission focuses on the involvement of Indigenous communities, including those involved in Indigenous Guardians programs, in Species at Risk (SAR) protection and recovery in Ontario, as well as more effective integration of Traditional Ecological Knowledge in species listing and recovery planning efforts.\n\u2022\tAs Algonquins, we are the stewards of their lands and waters, it is essential to have legislation and regulations in Ontario that include true collaboration with ourselves and other Indigenous communities regarding Ontario\u2019s Species at Risk protection and recovery efforts.\n\u2022\tContributors to this DRAFT ESA Review memo: Shared Value Solutions, Algonquins of Ontario\n\u2022\tThe submission of this letter should not be considered in any way \u201cconsultation\u201d with the signatory First Nations, as the 45-day comment period is insufficient and no capacity support was provided to encourage First Nations contributions. The MECP should continue to engage with the signatory First Nations even after this comment period has closed.\n\u2022\tWe are concerned that the MECP has already decided that they are going to reduce protections for SAR and streamline approvals processes for industry in Ontario, as evidenced by the tone of the challenges and questions outlined in their discussion paper.\n2.\tESA Review Memo\nPrimary Comment: There is a need for true collaboration with First Nations regarding Ontario\u2019s SAR protection and recovery efforts. True collaboration begins with meaningful communication, notification, consultation, and leads to joint planning and work to protect Species at Risk and related habitat. This could include, but should not be limited to:\no\tSignificant, cross-Ontario Indigenous Knowledge Holder Membership on the Committee on the Status of Species at Risk in Ontario (COSSARO).\no\tInclude a standing item on the meeting agendas of COSSARO and the Program Advisory Committee (PAC) regarding the inclusion of Traditional Ecological Knowledge (TEK).\no\tDevelop guidance documents with First Nations peoples for:\n\u2022\thow to effectively incorporate Indigenous knowledge in Species at Risk protection and recovery;\n\u2022\thow to assess, evaluate and provide inclusive consideration for species considered to be at risk by First Nations people due in relation to food security, harvesting, teaching, medicine and spiritual needs; and\n\u2022\thow to collaborate effectively with Indigenous Guardians on Species at Risk monitoring, protection, and recovery.\no\tAdapt the structure of species recovery teams to create a team dedicated to Traditional Ecological Knowledge integration AND move to have Traditional Knowledge holder representatives on all species recovery teams.\no\tWhen developing or updating species recovery strategies and government response statements include a First Nation engagement and collaboration component that includes travelling to communities to learn and transfer species at risk knowledge allowing the braiding of Indigenous and western science.\no\tAs part of the development, updating, and/or evaluating the success of a species recovery strategy and government response statements, include conducting Species at Risk inventories for those species on First Nation traditional territories, including reserve lands. This should be done in full collaboration with First Nations and include the involvement of local Indigenous monitors and/ or guardians.\no\tContinue to administer the Species at Risk Stewardship Fund (SARSF), especially to support Indigenous-led Species at Risk recovery efforts, which also generates the added benefit of local employment and capacity building within First Nations across the province of Ontario.\nArea of Focus 1: Landscape Approaches\no\tA landscape-level approach could better integrate Indigenous worldviews into the Endangered Species Act and harmonize with existing federal processes, if it were implemented in tandem with single-species approaches.\nArea of Focus 2: Listing Process and Protection for Species at Risk\no\tImprove the process of species listing by the Committee on the Status of Species at Risk in Ontario (COSSARO) by ensuring the incorporation of Traditional Ecological Knowledge (TEK) into western science-based decision-making in practice, not just on paper.\no\tMake information on species listing as well as automatic species and habitat protections more accessible to, but not open for debate by, the public.\nArea of Focus 3: Species Recovery Policies and Habitat Regulations\no\tSpecies at Risk do require habitat protections and effective recovery activities to ensure the species can both survive and thrive for generations to come. Species recovery strategies, government response statements, and habitat regulations must be carried out in a way that promotes species protection, survival, and recovery. It is not about the timelines of the recovery strategy and government response statement, but rather ensuring these tools contain activities and mechanisms that truly enable SAR recovery.\nArea of Focus 4: Authorization Processes\no\tWhile economic development is important and necessary in Ontario, the purpose of the Ontario Endangered Species Act is not to promote or ease economic development in Ontario but to protect and recover Species at Risk and ensure that authorized development activities do not negatively impact Species at Risk or their habitats.\no\tThe ecological complexity needed to sustain Species at Risk in living ecosystems is married to First Nations\u2019 cultural relationships to place, and is largely incompatible with having businesses paying into a conservation fund dedicated to species at risk conservation, or allowing conservation banking to enable addressing requirements for species at risk prior to activities.\n"
    },
    "23756": {
        "url": "/comment/23756",
        "comment": "1. Landscape Approaches\nWe support recovering species by looking at the entire landscape and taking actions that will contribute the most to improving habitat and protecting species from harm; however, care must be taken to ensure the individual needs of each species are still taken into account. There are situations where a species-specific approach is still warranted.\n2. Species Listing Process and Protections\nThe ability of the Committee on the Status of Species at Risk in Ontario (COSSARO) to determine the status of species, independent of government, is essential to the proper functioning of the Endangered Species Act (ESA). Improved communication and transparency in all aspects of species assessment and protection is warranted to provide clarity for the public and business.\nHabitat loss or degradation is a primary cause for species decline. Automatic protection, combined with clear communication on where impacts can and cannot occur, would protect species while providing certainty of what to expect for economic development.\n3. Species Recovery Policy and Habitat Regulations\nDelays and inaction are detrimental to species while at the same time providing little economic certainty since business is uninformed of the parameters under which they must operate.  What is needed for species and economic development is for government to focus resources on quickly providing the framework for protecting habitat and taking action.\n4. Permitting Processes\nWe are in favour of consistent application and streamlining of decisions, which must also include decisions to deny a permit for an activity that would harm a species or its habitat. Permits allowing harm to endangered species or their habitat poses considerable risk so need to come with strict conditions. Extinction is permanent.\n"
    }
}