{
    "23404": {
        "url": "/comment/23404",
        "comment": "Human health depends on biodiversity and strong, functioning ecosystems. Clean air and water is essential. Species at risk are the canaries in the coal mine. The survival of species at risk are therefore linked to human health and survival.\nIt is essential to take a science-based approach to respond to declining species and to develop and support strategies that work.\nMost important is habitat protection.\nOntario legislation needs to improve protection for species at risk and increase the amount of land that is conserved for natural processes.\nThis will not happen by itself. Species at risk legislation and habitat conservation has to be managed by public servants who have the resources -- legal and staffing -- to do this vital work. Our healthy future depends on it.\n"
    },
    "23405": {
        "url": "/comment/23405",
        "comment": "The document is short on details related to the relationship between the ESA permitting and development approvals.  ESA permitted should not be downloaded to planning authorities.  I support changes they make will make it easier/cheaper/faster for a development applicant or land owner when they come across an endangered species habitat.\n"
    },
    "23406": {
        "url": "/comment/23406",
        "comment": "It is critical that we preserve the endangered species act in order to avoid the 6th mass extinction, the first one caused by humans. I live in Southern Ontario where development takes top priority over anything else. One of the few checks and balances in limiting development especially in greenbelt areas is the endangered species act. Changing it will be detrimental to corridors for migration.\n"
    },
    "23407": {
        "url": "/comment/23407",
        "comment": "Please keep in place strong protections for Ontario's wildlife. Once lost these species are gone forever. Is that the legacy the Ford government wants to be remembered for? Our planet is being plundered for human gain all over the world Ontario and Canada need to take a stand against this and lead by example. Preserve our natural heritage for the generations of the future. There is no going back.\n"
    },
    "23408": {
        "url": "/comment/23408",
        "comment": "I don't think our current ESA goes far enough to protect our numerous endangered species. By their very nature, \"development\" and the perceived need for \"economic growth\" will wipe out many fragile species.\nWithout a diverse ecology, we are nothing. You cannot remove the foundation and expect the structure to remain standing. It will not. The native plants, insects and the small animals that we barely notice, are the foundation of our ecosystem. We cannot survive without them.\nFortunately, climate activists are beginning to make this message clear to the general public. Please, step into this new reality as leaders in the fight to save our environment. The call to make development easier, and to slacken regulations that protect our water and vulnerable species are the old, misguided voices of the past. We simply cannot afford to act that way anymore.\nFor the sake of your children and your grandchildren, please strengthen our ESA to protect our endangered species.\nThank you.\n"
    },
    "23409": {
        "url": "/comment/23409",
        "comment": "Area of Focus 1: Landscape Approaches\n1. Move forward with a permanent section 55(1)(b) regulatory exemption to the forest sector to continue enabling landscape approaches currently being delivered under the Crown Forest Sustainability Act (CFSA).\n2. Working under the section 55 (1)(b) regulation, the Ministry of Natural Resources and Forestry (MNRF) must develop workable species at risk policy delivered under the CFSA that contributes to working landscapes and functioning ecosystems while incorporating socio-economic impact analysis, jointly, with practitioners, affected stakeholders, and Indigenous communities.\nArea of Focus 2: Listing Process and Protections for Species at Risk\n3. Overhaul the membership of COSSARO to reflect more generalist professionals and Indigenous communities rather than academics with expertise in a very limited field of study. Known experts in a particular species, including local MNRF biologists and local RPFs should be invited to participate in the deliberation of species being evaluated by COSSARO at least 12 months before the committee meets to evaluate the species\u2019 status.\n4. Develop a clear process for using the \u201cdata deficient\u201d category, particularly for species with a wide distribution and lack of data.\n5. COSSARO should consider the use of regional sub-populations to account for differences in status across the province, risk to the species and the relative risk of human activities. Populations of species at the normal edge of their ranges in Ontario, outside of their core range, should be evaluated with due consideration of their global population.\n6. Add an additional layer of accountability by having the responsible minister weigh scientific evidence provided by COSSARO with the socio-economic impacts before a species is automatically listed and protected.\n7. Reassessment of species at risk should be considered when credible evidence has been presented to the responsible ministry beyond what is currently permitted within the ESA.\n8. Enable individuals and organizations to report on SAR sightings without the perceived or real fear of being penalized for doing so.\nArea of Focus 3: Species Recovery Policies and Habitat Regulations\n9. The current 5-year review should go beyond simply listing actions that have taken place. A biological review of the species should be included and feedback into the COSSARO listing process.\n10. Habitat renewal should not be considered habitat destruction.\nArea of Focus 4: Authorization Processes\n11. Remove the July 1st, 2020 expiry found in O. Reg. 242/08 (22.1) to forest operations on Crown land giving the sector and government greater certainty.\n12. Replace the term \u201coverall benefit\u201d within sections 17(2)(c), 18(1)(e)(iii)(A), and 18(2)(f)(iii)(A) with \u201cpositive outcomes\u201d to species at risk.\n13. Equivalency through section 55, not harmonization through section 18 is required for future success and is well supported by legal precedent.\n"
    },
    "23410": {
        "url": "/comment/23410",
        "comment": "If this proposal has any potential of decreasing the strength of the current Endangered Species Act, then my opinion is no, do not change the current act.\nMajor difficulties and issues will arise if this gets approved, from an environmental perspective. It's impossible to streamline authorization process's without negatively affecting the current endangered species policies and procedures. Time is what allows for a smooth flow of operation, making sure all \"t\" 's are crossed, and \"i\" 's are dotted. Sure there is a cost, but protecting endangered species should supersede money, always. Multiple items already get missed with the current structure. Increasing approval process's will decrease the quality of the act's mandate.\n"
    },
    "23411": {
        "url": "/comment/23411",
        "comment": "Any amendments to the ESA must support its purpose of protecting and recovering at-risk species. To that end, I urge MECP to:\n- Repeal the 2013 exemptions for the forestry, hydro, mining and development industries;\n- Amend section 57 (1)1 of the ESA so that exemptions will only be allowed if they do not jeopardize the survival and recovery of endangered and threatened species;\n- Maintain COSSARO\u2019s current science-based listing process;\n- Maintain mandatory habitat protection with no ministerial discretion; and\n- Maintain the requirement for proponents of harmful activities to provide an on-the-ground overall benefit to species impacted with no backdoor option to simply pay into a fund to compensate for harm.\n"
    },
    "23412": {
        "url": "/comment/23412",
        "comment": "I am an Ontario resident and graduate researcher in environmental politics. I lived in Kingston for four years and I witnessed the process of development of Johnson Point. This process was a devastating failure of the Ontario Government to respond to science and community knowledge of species at risk. Despite the importance of this piece of legislation, there certainly are some important issues to revise in the 10th Year Review of Ontario's Endangered Species Act. Specifically, it is in the best interest of Ontario citizens and environment to revisit the ability of development approval to override the protection of species at risk. Indeed, this report by the Environmental Commissioner of Ontario reveals: \"The MNRF has never denied a permit to harm a threatened or endangered species. And, the permit-by-rule system only requires proponents to minimize (not eliminate or compensate for) harm to affected species at risk; the MNRF also turns a blind eye to whether proponents comply with these weakened rules. Making it worse, the ministry keeps the public in the dark about what activities it allows. The ministry must overhaul its approach to managing the Endangered Species Act approvals program, including enhancing monitoring and enforcement\" (2017). I support the need to revise the Act, but I am very concerned by the values and priorities revealed thus far. While there are ways of economy and environment to work together, the Endangered Species Act' purpose cannot be 'economic development'.\n"
    },
    "23413": {
        "url": "/comment/23413",
        "comment": "Town of Wasaga Beach comments.\n"
    },
    "23414": {
        "url": "/comment/23414",
        "comment": "Biodiversity around the world, including in Ontario, is threatened by habitat loss and climate change. This species loss is so extensive that many scientists believe we are currently undergoing a sixth mass extinction. This loss of biodiversity affects our lives in countless ways - from endangering the key ecological processes that keep our air and water safe and healthy, to reducing the beauty and wonder of the natural world for our children.\nMany scientists have dedicated their careers to understanding how to ensure the survival of our remaining species. In line with their recommendations, the Endangered Species Act was created in 2007 to give vulnerable species a chance. We have an opportunity now to strengthen these protections for wildlife.\nHowever, the current proposal would weaken the Endangered Species Act. The proposed changes make it easier for industries to damage critical wildlife habitat - placing the plants and animals that live there under further threat.\nThis critical wildlife habitat is not \u201cred tape\u201d. It is essential for wildlife survival, and consequently our own health and wellbeing. I strongly believe independent science and evidence must take precedence over political motivations in the implementation of the Endangered Species Act. Along these lines, I support the thorough feedback submitted by the \u2018Wildlife Conservation Society - Canada\u2019 regarding the strengthening of the Endangered Species Act. I urge you to take their suggestions under consideration.\nI write these comments as an ecologist by profession, and as a Canadian citizen who grew up exploring Ontario\u2019s wild spaces. I am writing on behalf of the Boreal Caribou, Algonquin Wolf, Barn Swallow, Blanding\u2019s Turtle, Monarch Butterfly, and so many more who cannot comment for themselves. I urge you to take action to help their survival, rather than contributing to their disappearance.\nCarly Ziter, PhD\n"
    },
    "23415": {
        "url": "/comment/23415",
        "comment": "As a registered professional forester in northwest Ontario, thank you for the opportunity to comment on the 10th Year Review of Ontario\u2019s Endangered Species Act: Discussion Paper, ERO number 013-4143. We look forward to working with your government to improve the effectiveness of the Endangered Species Act (ESA) and ensure a balanced approach between a healthy environment and a healthy economy.\nThe most important action the government must take is a permanent recognition of the Crown Forest Sustainability Act (CFSA) as an equivalent process to the Endangered Species Act (ESA) through a permanent Section 55 Regulation. The CFSA already provides landscape, stand, and site-level direction for managing, conserving, and protecting species at risk. Having two acts attempting to accomplish the same outcome represents the single greatest piece of red tape and duplication to this sector.\nOnce this essential first step has been accomplished, we must also ensure the following requirements be embedded in a new, modernized ESA:\n1.\tConsideration of climate change on habitat in all species at risk policy\n2.\tCumulative impact of all species at risk policy on a healthy economy\n3.\tSocio-economic impact analysis must be completed and shared with impacted stakeholders and First Nations prior to any species at risk policy being implemented\nIt is our understanding that the Ministry of Natural Resources and Forestry (MNRF) is responsible for species at risk prescriptions currently being delivered under the CFSA. It is our expectation that unworkable prescriptions will be addressed and improved regardless of any future changes made to the ESA.\nFurther, we remain extremely concerned about role of the Federal Government and potential negotiations with Ontario on Conservation Agreements. For example, a MNRF socio-economic analysis determined that up to 2800 jobs could be lost and 8 mills could close as a result of the province meeting the federal disturbance thresholds for caribou. It is our expectation that Ontario will consult with us well in advance of any draft and will not enter into a Conservation Agreement with the Federal Government that will result in lost jobs and lost opportunity.\nIn order to avoid serious socio-economic impacts, we need permanent recognition that the CFSA is an equivalent process to the ESA, while developing workable species at risk policy, and sending a strong message to the Federal government that Ontario will manage our own resources.\n"
    },
    "23416": {
        "url": "/comment/23416",
        "comment": "Regular granted exemptions to the Act make it far too easy for development and industry to tear up and cut through critical habitat.  Please make this Act stronger NOT make it easier for development.  We share this planet and resources and we are suppose to protect animals and plants that can't protect themselves.\n"
    },
    "23417": {
        "url": "/comment/23417",
        "comment": "RE: ERO #013-4143 Review of the Endangered Species Act, 2007\nFocus 1: Landscape approaches\n-\tThe law should not be changed to allow landscape approaches \u201cinstead of\u201d species-specific approaches.  The fine scale of species-specific status assessments, listings and protections is needed.\n-\tRegarding landscape planning, the ESA already provides for this. No change to the law is needed.\n-\t With regard to authorizing harmful activities at a broad scale, such an approach is inappropriate for endangered and threatened species. It doesn\u2019t lend itself to addressing site-specific or species-specific concerns and consequently presents unwarranted additional risk for species already in peril.\nFocus 2: Listing process and protections\n-\tScience-based listing and automatic protections provide certainty.\n-\tThere should be no change to the ESA regarding the listing process and the role of Committee On the Status of Species At Risk in Ontario (COSSARO). The law sets out a transparent approach to listing based on a consideration of \u201cthe best available scientific information, including information obtained from community knowledge and aboriginal traditional knowledge.\u201d (sec. 5(3)).\n-\t Improving notification is an implementation issue which should be addressed through better communications. In its listing process, COSSARO is required to consider species listed by the federal Committee on the Status of Endangered Wildlife in Canada (COSEWIC) (sec. 4(2)a); there are years of notice embedded in this process, from the release of COSEWIC status reports to the listing by COSSARO.\n-\t There should be no alternative to automatic species and habitat protections (e.g., through ministerial discretion to remove or delay protections).\n Focus 3: Recovery Policies and Habitat Regulations\n-\tThere should be no change to the legal requirement to produce Government Response Statements (GRS) within nine months of the release of Recovery Strategies (sec. 11(8)). Failure to meet the legislated deadline is an implementation issue.\n-\t The required five-year reporting on progress is reasonable and ensures transparency and accountability. It provides an impetus for action, ensuring that effectiveness is assessed, and contributes to institutional learning and adaptive management.\n-\tThe government should legislate additional reporting requirements (e.g., every five years) to drive ongoing action and monitoring beyond the first five years.\n-\tThe ESA already allows the Minister to delay the development of a habitat regulation (sec. 56 (1)b) or to not proceed with a habitat regulation (sec. 56 (1)c). No change to the law is needed.\n-\tThere should be no changes to the legal provisions for habitat regulations, which describe specific boundaries or features of areas deemed to be habitat and provide enhanced certainty for ESA implementation and enforcement. They can include areas where a species \u201cused to live or is believed to be capable of living\u201d (sec. 55(3)b), presenting a significant opportunity for protection and recovery efforts to extend beyond places where species at risk currently persist.\nFocus 4: Authorization Processes\n-\tThis is the Endangered Species Act so the priority must be on protecting and recovering species at risk.\n-\tThere are already sufficient authorization tools. No new tools are needed. Challenges should be addressed through improved implementation.\n-\tProponents of harmful activities should NOT be allowed to simply pay into a conservation fund - an easy way out that reduces accountability and facilitates harm to species at risk and their habitats. Retain the current requirements to provide an on-the-ground, overall benefit to species harmed.\n-\tDo not simplify requirements for sec. 17(2)d permits. These are intended to be available only for projects that \u201cresult in a significant social or economic benefit to Ontario\u201d and that will not \u201cjeopardize the survival or recovery of the species in Ontario.\u201d These are appropriate requirements and ensure that such permits are issued only an exceptional basis.\n-\tDo not simplify requirements for exemptions through regulation. On the contrary, make the requirements more stringent by amending the law (sec. 57) to ensure that exemptions are premised on providing an overall benefit to species at risk and cannot jeopardize their survival or recovery.\n-\t Strengthen protections for species at risk by repealing the sweeping exemptions for industry and development (forestry, hydro, mining, aggregate extraction, and more) approved by Cabinet in 2013. The 2013 exemptions have become the primary means for allowing harmful activities to proceed. As of October 11, 2017, there had been 2,065 registrations for exemptions and about 85 percent of these were for activities that violate ESA protections for species at risk and their habitats.\n-\tEnforcement officers have no authority to routinely inspect exempted activities to ensure compliance with legal requirements, and consequently no inspection takes place. Implement the recommendation of the Environmental Commissioner of Ontario to amend the ESA to give enforcement officers the power to conduct compliance inspections.\n-\t Enhance transparency and accountability by amending the exemption regulation (242/08) to require all proponents of harmful activities to automatically submit their mitigation plans and annual reports to the government and to ensure that these are publicly available.\n-\tThe ESA (sec. 18) already provides a means to harmonize its requirements with other legislative or regulatory frameworks. No legislative change is needed. This is an implementation issue.\nThank-you.\n"
    },
    "23418": {
        "url": "/comment/23418",
        "comment": "I currently work in the forestry sector, as a GIS specialist.\nSo i have a strong understanding on the requirements of species act and how they effect the forest.  Also being an outdoor type and passed scouter, I am also aware of the need to protect the animals.\nThe endangered species act should be revised to meet the need of today.  As it stands now it not helping animals as well it is grossly effect the ability to cut wood and therefor jobs.  There needs to be a balance.\nFor instant with the caribou rules requirements are insane, they simply don't make sense.\nYour currently creating large patches of undisturbed wood with 100 year cycles.\n-Government is still allow mining to do as they please, while the forestry side has to pay the penitently for total disturbed area on there forest.\n-Such a long cut cycle end up losing more wood because of the fact different species have different cut cycle.\n-Leaving so much old growth, there is less planting of new tree which have a stronger benefit to carbon reduction.\n-Caribou rules are now working towards creating new species at risk, because of these new practices moose population has drastically reduced.\n"
    },
    "23419": {
        "url": "/comment/23419",
        "comment": "The most important action the government must take is a permanent recognition of the Crown Forest Sustainability Act (CFSA) as an equivalent process to the Endangered Species Act (ESA) through a perpetual Section 55 Regulation. The CFSA already provides landscape, stand, and site-level direction for managing, conserving, and protecting species at risk. Having two acts attempting to accomplish the same outcome represents the single greatest piece of red tape and duplication to this sector.\n"
    },
    "23421": {
        "url": "/comment/23421",
        "comment": "I work for a forestry company in Northern Ontario as a Geographic Information Systems Technician.  I believe the endangered species act should be revised.  We are constantly being forced by MNRF to implement reduced / modified harvest to protect species that are not found on large tracks of our Forests.  We will work with the MNRF for areas they have solid evidence that the species of concern is present and work with the MNRF to expand the species range but just forcing a blanket harvest reduction on the entire forest is not the answer.  The First Nations that live and work in these forests have not been consulted or had their views considered.  The MNRF continues to implement more restrictions without community engagement every time a new forest management plan is being created.  There are species in the forest that the current endangered species act is having a negative impact on  and the First Nation communities rely on.  There needs to be more balance between protection and jobs.  People would be more willing to work with species protection if it was not so highly correlated with job losses in the forestry sector.\nThank you for this opportunity to voice my concerns.\n"
    },
    "23422": {
        "url": "/comment/23422",
        "comment": "I support a Sustainable Forest Industry.\nThe rules for protecting the environment and species at risk are too inflexible and are putting forestry operations at risk.  We need to give loggers, their families & the communities they live in, equal right to survival.\nMuch of the rules are based on fear not fact - the environment and the animals in the forest are very resilient and have survived a century of harvesting cycles - even when logging was not sustainably managed as it is today.\nSustainable forestry can actually enhance the habitat of many species.  Naturally occurring disturbances (fire, insect, blowdown, etc) do not.\n"
    },
    "23424": {
        "url": "/comment/23424",
        "comment": "I believe that the environment need more protection and not less once it is paved over it is to late once its been ruined it is  hard to put back to a clean state   There are animals at risk that need protection before they are gone not after so that some developers can make more money at the expense of the environment\n"
    }
}