{
    "22092": {
        "url": "/comment/22092",
        "comment": "The government should designate more land as being protected to help save our wildlife. There are to many new development areas popping up all over any available land on a regular basis.\n"
    },
    "22093": {
        "url": "/comment/22093",
        "comment": "It is a huge crisis that so many species are disappearing at an increasingly alarming rate as a result of climate change and destruction of vital habitats.  If anything, the protection of endangered species should be strengthened, not weakened.\nIt is obvious that our present Ontario government is pandering to the desire of developers who would like to get easier approvals of their projects.  Given the facts about climate change, the loss of biodiversity and the rapid decline in so many species, it is vitally important we resist the pressure of developers.  A healthy economy depends on a healthy environment.\n"
    },
    "22096": {
        "url": "/comment/22096",
        "comment": "With the current governments rush to get legislation through in order to look like they are getting things done, actions like this are destructive and done without thought.\nWho described the ESA act as \"administratively burdensome, time-consuming and costly for applicants, and for creating barriers to economic development.\". Probably developers who are more interested in making money than the environment.\nThe government needs to strengthen the ESA and ensure these species are protected from rampant development. A watered down ESA is desired by developers in order to make more money. When there is money to be made, developers will gladly comply with a strengthened ESA.\n"
    },
    "22097": {
        "url": "/comment/22097",
        "comment": "Habitat loss is a huge concern. Development means nothing if ecosystems that keep US alive are not functioning. Developers needs to keep in mind that it is vital for nature to be untouched as much as possible to preserve native and migrant species populations that stable climate, agriculture, and endangered/ threatened species depend on for survival. Grow UP not OUTWARD. Make a choice for the long term. Preserve finite resources. Share space because it takes much longer to reverse consequences of habitat loss than it does to destroy them IF it is even possible.\n"
    },
    "22098": {
        "url": "/comment/22098",
        "comment": "I hope the government is not thinking about scrapping the ESA. We need to support the recovery of at risk species and we need to do immediately. No more destruction of habitats of endangered plants and animals for easier economic development. Just stop. Our natural world and a healthy environment are too important to be sacrificed for development, or for anything else. Ontarians are watching the government to make sure our natural environments are protected. It\u2019s time to stand up for what really matters.\n"
    },
    "22099": {
        "url": "/comment/22099",
        "comment": "Hi,\nI recently found out about the proposed changes or themes that are aimed to be changed in the 10 year review of Ontario's Endangered Species Act. I read the discussion paper and am disappointed in the theme it seems to be taking, namely: to remove road blocks for developers and leaving the endangered species to the wayside.\nI do not like the direction the Government of Ontario seems to be taking on this and would like to express this to you so you can bring this forward and change or alter the direction this seems to be going.\nThe part that is especially troubling is 'Challenge\" number 3 of Area of Focus #3, on page 5 of the discussion paper. It very clearly lays out the Ontario Governments current knowledge on species at risk - very little. It says that endangered species do not need their habitat protected... this is absurd. This is exactly, I repeat EXACTLY, what endangered species require to survive - to have the habitat that they require to live to be protected so that they can have a chance at increasing their population. The 'general habitat protection' that exists now is not a legally binding protection for species - if their area is referenced lightly it is just saying the type of habitat features they require to survive, there are no actual measures that stop a developer from going in to an area and starting work without proper environmental impact assessment work. It seems that this is exactly what the Ontario Government wants to see happen and it is disappointing.\nStronger habitat protection is needed for species that are endangered or at risk, not weaker. The proposed changes that are highlighted in the discussion paper do not accurately reflect the current knowledge (e.g. science and indigenous traditional knowledge) on the protection of species, and it should be.\nThank you.\n"
    },
    "22100": {
        "url": "/comment/22100",
        "comment": "The Ontario Endangered Species Act needs to be strengthened not weakened. The Carolinian tract in Ontario houses more at risk species than anywhere else in Canada. Ontario should continue to increase protections before it is too late. Increased and indiscriminate development will not be good for our species in decline. We need a healthy environment to support a healthy economy.  I care about nature now and for my future family members and all Ontarians. It is a simple concept. Hopefully not too simple for our current government!\n"
    },
    "22101": {
        "url": "/comment/22101",
        "comment": "Despite the Government's reassuring words, it feels to me like this \"effectiveness on environmental protections\" does not consider what is best for the environment, and will be mostly based on deregulation. Remember - there is no economy (good or bad) without the environment. The functions and services provided by the environment, such as clean air, clean water, water infiltration, flood control, erosion control, carbon sequestration would be worth trillions of dollars if were converted to currency.\nThe 10th Year Review of Ontario\u2019s Endangered Species Act: Discussion paper provides little to no data to support its assertions. It is not clear where these \u201cchallenges\u201d and \u201cdiscussion questions\u201d were based on or who has been consulted to formulate those. While I agree that there is certainly room for improvement in the outcomes for species \u2013at-risk in Ontario, I would like to point out that the problem is not the Act itself, but its implementation and enforcement. The conversation should be around implementation improvements, such as additional staff to keep the Government on schedule with Government Responses/Management Plans/Recovery Strategies, or additional staff to provide a more efficient enforcement.  Instead, the overall direction of this review seems to be environmental deregulation (\u201cto cut red tape\u201d), and I am deeply concerned that the Act will be changed to facilitate depletion of natural resources to allow for \u201cdevelopment\u201d in detriment of the at-risk species and their habitat. Species are at risk primarily due to habitat loss \u2013 to improve the Act we need to improve habitat protection, not make it easier for certain business to operate in habitat. Additionally, the current exemptions should be repealed - there is virtually no protection for the at-risk species in those habitats (e.g. forest harvesting on Woodland Caribou habitat).\nPlease note that the three main purposes of the ESA are: 1. To identify species at risk based on the best available scientific information, including information obtained from community knowledge and aboriginal traditional knowledge.;  2. To protect species that are at risk and their habitats, and to promote the recovery of species that are at risk.; 3. To promote stewardship activities to assist in the protection and recovery of species that are at risk.  (ESA 2007, c. 6, s. 1. ). If any modifications to the Act are proposed, they should be consistent with these objectives.\nAn automatic species and habitat protection is one of the most important portions of the Act and it must not be removed. It is consistent with the precautionary principle: taking preventive measure in face of uncertainty, particularly when there is significant intersection between a species or its habitat and human activities. The burden of proof should be on the proponents of an activity that could cause impacts to the at-risk species and their habitat, and not on the legislation or the species/habitat themselves. Otherwise, if protection is conferred only after years while the impactful activities continue, it is likely that by the time the protection is granted, there won\u2019t be enough habitat (or population) left to protect that species. Additionally, the more destruction is allowed on the habitat of the species-at-risk, the more expensive their recovery will be.\nThe landscape approach is already possible in the existing Act, and it is a great additional tool to implement in habitats where multiple species are at-risk. However, it cannot replace the case-by-case and species-specific policy, since in many cases, this is the only approach that will work.\nIt is also of concern to me the proposal that application, removal or temporary delay protections for a THR or END species or its habitat could be based on Ministerial discretion. This decision should be based on scientific knowledge, such as the way in which the Committee on the Status of Species at Risk in Ontario assess and classify each species, and not on political will.\nWhile I understand that the current Provincial Government focuses on increasing the economic growth for Ontario, I believe that there are other ways this could be achieved, other than cutting down on protection for species-at-risk (or health and education). For example, the Government could consider focusing in investing in sustainable development, renewable energy, and development of technology. Having an economy based on depletion of natural resources (hard commodities) is simply no longer viable in this age; this is the development model of the past centuries, it is outdated and no longer applicable.  I believe that Ontario could achieve great economic development while preserving its natural resources, including SAR, for generations to come.\n"
    },
    "22102": {
        "url": "/comment/22102",
        "comment": "Thank you for the opportunity to comment on the discussion paper for the proposed changes to the Endangered Species Act.  I have read the discussion paper fully and have the following general comments:\nThe Act should not be weakened in any way.  We are experiencing a period of frightening decline in many species, which could rip apart the stabilizing capacity of our natural ecosystems and has the potential to result in mass extinction by 2100 if we do not act.  This would be a crime of negligence against future generations for which our generation would be justifiably vilified in history.\nThe Act as it is needs to be more rigorously enforced. There are far too many exemptions; I understand that virtually all requests for exemptions are granted.  The logging industry in particular seems to have carte blanche, but other industries are also succeeding in obtaining approval for habitat destruction and other activities that harm the environment.  We must develop an economy that does depend on damaging more natural ecosystems.\nThe science-based decision-making process must be maintained.  I think it\u2019s understandable to expect transparency in the basis for listing species as threatened or endangered, however I strongly object to the proposed Ministerial discretion to overturn decisions of the science-based panel.\nFinally, we must act as responsible stewards of our natural environment, and project the consequences of our actions over very long time frames \u2013 thousands of years.  It is vitally important that we act on existing commitments such as protecting 17% of our land; especially forests, wetlands and areas enabling migration of land-based species.\nI have the following comments with respect to specific sections of the discussion paper:\nArea of Focus 1 \u2013 Landscape Approach\n\"Longer timelines before a species is listed\"\nGiven that a proposed species is endangered and therefore its population is declining, any changes that would delay action would be counterproductive.\n\"Longer transition periods or ministerial discretion on whether to apply, remove or temporarily delay protections for a threatened or endangered species, or its habitat.\"\nThe Minister should not have discretion to remove or delay protections, as this would be subject then to political interference.  Any changes in status should be based only on sound science.\n\"Is [there] significant intersection between a species or its habitat and human activities, complexity in addressing species threats - as reasons for delaying or failing to protect a species or its habitat\"\nWe cannot fail to protect a declining species for these reasons; given the damage already done to natural ecosystems, if we apply this criterion then it would provide far too little protection for endangered species and important habitat.  The intersection of human and species activities is exactly the space that is most challenged, and we must learn to limit our activities that are damaging to other species.\nArea of focus 4 \u2013 Authorization Process\n\"Significant social or economic benefit permit, s. 17(2)(d): A significant social or economic benefit permit may be issued for an activity that will result in a significant social or economic benefit to Ontario, but the activity would have impacts that are otherwise prohibited under the Act.\"\nWe cannot remove or fail to apply protections to species because there would be social or economic benefits to destroying habitats (or other activities).  This would leave a huge hole in the Act and basically anybody could do anything they wanted if it was to provide an economic or social benefit.\n\"Aboriginal persons \u2013 permits and agreements, s. 19: Instruments under this section maybe issued to (or entered into with) a band (as defined in the federal Indian Act), a tribal council, or an organization that represents a territorially-based Aboriginal community.\"\nI may be mis-reading this, but if the intent of this section is to allow Aboriginal people to hunt species that would otherwise be protected by the Act; I cannot support it. It doesn\u2019t make it any less problematic if endangered animals are killed by people of any particular racial origin.\n\"What new authorization tools could help businesses achieve benefits for species at risk?\"\nMany people would agree that compliance with environmental regulations can be onerous because of their complexity and possibly scientific nature, especially for small businesses. This is particularly the case if many small businesses all have to go through the same expensive learning process. Therefore, assistance for companies to comply will be beneficial through cost-effective access to knowledgeable advisors who know the regulations, how to assess potential impact and how to comply (not how to find loopholes and get around them). Make counsel available for small businesses and individuals to expedite and reduce the cost of their compliance.\n"
    },
    "22103": {
        "url": "/comment/22103",
        "comment": "Strengthen environmental protection for all species including humans.\nWhen government claims to be \u201cfor the people\u201d it must prove so through its actions. Who are \u201cthe people\u201d?  All people deserve good food, safe safe shelter, clean water  and air. Long term protection of the environment and the creatures in it, must be a priority for long term healthy development. A balance must be struck. To help one at the expense of the other is wrong headed. All species appear to be in decline, not just species at risk. Laws need to be strengthened because it is obvious that the natural world is losing. What good is development if it is killing the very things people need to be healthy. \u201cTo kill the water, to kill the fish, to kill the trees, to kill the birds, is to kill ourselves.\u201d(William Kent Krueger)\n"
    },
    "22106": {
        "url": "/comment/22106",
        "comment": "Thank you for the opportunity to provide comments on the 10th Year Review of Ontario\u2019s Endangered Species Act: Discussion Paper. We are submitting this feedback in our capacities as Wildlife Conservation Society (WCS) Canada scientists with significant direct experience in the assessment, research, stewardship, and recovery of species at risk (SAR) in Ontario and Canada.\nWCS Canada is a national non-government organization with conservation science programs in Ontario since 2002, with a particular focus on the far north. We have active research programs on wolverine, caribou and lake sturgeon, in close collaboration or in partnership with the Ontario Ministry of Natural Resources and Forestry (MNRF). One of the signers of this letter (JR) served for nine years as terrestrial mammal co-chair of the Committee on the Status of Endangered Wildlife in Canada (COSEWIC) and for four years as a member of COSSARO. She has also been a member of several federal and provincial technical/science advisory committees related to caribou critical habitat and recovery and was on the Ontario wolverine recovery team as well as co-author of the 2013 provincial recovery strategy. In addition, she served on the Endangered Species Act (ESA) Review Advisory Panel for MNRF through to the passage of the Ontario ESA in 2007. The other signer (CO) is a current member of the freshwater fish specialist sub-committee for COSEWIC, and leading an active research program on lake sturgeon in northern Ontario.\nAfter reviewing the discussion paper, our general recommendation is to focus the review on improving implementation of the ESA, rather than on changes to the legislation. To that end, we have a number of detailed responses to the challenges and discussion questions in the paper, and include specific recommendations for each of the four focus areas in this letter [see attached file for the complete letter].\nOverall remarks:\nWhile the discussion paper begins with statements that emphasize upholding the ESA\u2019s intent to protect and recover SAR in Ontario (e.g., providing \u201cstringent protections\u201d), the deeper one reads into the paper the clearer it becomes that the underlying impetus for this review is finding efficiencies for proponents seeking permits is. Although the high-level criticisms the Ontario government has heard are described in the introduction from the perspectives of both effectiveness for species and economic development, challenges and possible approaches described in the body of the paper focus on economic efficiency alone.\nThe ESA was put in place in 2007 to provide extra protections to species for which other policies and legislation were inadequate (as indicated by the growing list of species on the SAR list). It set out a process for elevating the needs of SAR in decision-making, particularly around habitat protection. It raised the standard of protection from doing less harm to benefitting species. This meant two things:\n1) permitting activity does not equal recovery unless it benefits a species; and\n2) other protections tailored to the recovery needs of individual species, particularly habitat protection, must be implemented.\nThere is no indication in either the \u201cchallenges\u201d or \u201cdiscussion questions\u201d of the paper of any consideration by Ontario of why problems are arising. What is at the root of the complaints the government is receiving about the ESA\u2019s implementation? Are the \u201cchallenges\u201d described in the paper about the language of the legislation, the policies or regulations, or the implementation (i.e., sufficiency of capacity, whether the organizational structure is resulting in sound delivery, etc.)?\nIn fact, this current process should be much more than a review of the ESA \u2013 it should be a review of the ESA regime in Ontario. Yet, the discussion questions posed by the paper focus primarily on the legislation itself, rather than where and how implementation could be strengthened.\nThe discussion paper also seems to take it as a given that any economic development project will be able to benefit SAR through mitigation or restoration. However, there are a growing number of circumstances where authorizations are not going to be appropriate for meeting the recovery objectives of SAR, bringing about very difficult decisions. SAR and other environmental values cannot always be dealt with through mitigation (i.e., doing less harm) after the project is already approved. In some cases, proactive planning and denial of certain activities may be required to ensure that populations of SAR in Ontario are maintained or recovered. This is a reality that must be acknowledged, if the current government is genuine in its intentions to protect and recover SAR.\nFinally, there is no mention of the fact that streamlining already happened, quite dramatically in 2013, when a 91-page amendment to Regulation 242/08 was introduced that brought about profound shifts to the practice and system of caring for our SAR. There is no evidence that the Ministry has looked into the consequences of these changes, either for the species themselves, or for any improvements in processing (i.e., did the streamlining succeed?). It is only thanks to investigations undertaken by the Environmental Commissioner of Ontario that we have any inkling of some consequences to this regulation, which included dramatic increases in authorizations of harmful activities, no routine compliance monitoring, and little tracking of the species themselves and how they were faring.\nOur overarching recommendation is to make no changes to the legislation itself. Instead, the government should focus on better using the full suite of existing tools in the ESA, and improving implementation to provide more meaningful protections for SAR in Ontario. We detail our advice for improving implementation in our 13 specific recommendations below.\nWe contend that more strategic implementation of the ESA can be accomplished without significant additional expenditures, and that failure to invest appropriately now in species at risk conservation will lead to escalating costs in the future as biodiversity deteriorates.\nJustina Ray, Ph.D. President & Senior Scientist\nConstance O'Connor, Ph.D., Associate Conservation Scientist\n"
    },
    "22108": {
        "url": "/comment/22108",
        "comment": "The City of London supports ensuring positive outcomes for species at risk as the Ontario Ministry of Environment, Conservation and Parks (MECP) reviews the Endangered Species Act, 2007 (ESA).\nProtection, management and enhancement of the environment is central to all of the planning that we do in London. Consistent with the environmental policies of our new Official Plan, The London Plan, we support upholding the current law for positive outcomes for species at risk, including:\n\u2022\tscience-based listing that includes Indigenous Traditional Knowledge,\n\u2022\tmandatory habitat protection, and\n\u2022\tlegislated timelines for planning and reporting.\nArea of Focus 1: Landscape Approaches\nA landscape approach is already in place in some instances, for example when two or more species are represented within a single recovery strategy to improve efficiency and address the needs of multiple species at risk.\n\u2022\tMorris, T. J. and M. Burridge. 2010. Recovery Strategy for the Northern Riffleshell (Epioblasma torulosa rangiana), Snuffbox (Epioblasma triquetra), Round Pigtoe (Pleurobema sintoxia), Mudpuppy Mussel (Simpsonaias ambigua) and Rayed Bean (Villosa fabalis) in Ontario. Ontario Recovery Strategy Series. Prepared for the Ontario Ministry of Natural Resources, Peterborough, Ontario. ii + 4 pp+ Appendix viii + 76 p.\n\u2022\tMcCracken, J.D., R.A. Reid, R.B. Renfrew, B. Frei, J.V. Jalava, A. Cowie, and A.R. Couturier. 2013. Recovery Strategy for the Bobolink (Dolichonyx oryzivorus) and Eastern Meadowlark (Sturnella magna) in Ontario. Ontario Recovery Strategy Series. Prepared for the Ontario Ministry of Natural Resources, Peterborough, Ontario. viii + 88 pp.\nAgree that landscape approaches are important for species recovery noting more could be done to address (and remove barriers for other groups and levels of government to address) invasive species across the Province. Ontario\u2019s Biodiversity Strategy, 2011 identified that after habitat loss, invasive species are the second biggest threat to biodiversity in Ontario.\nArea of Focus 2: Listing Process and protections for Species at Risk\nA different or alternative approach to automatic species and habitat protections could delay implementation of the recommendations of COSSARO, and the posited approach of \u201clonger transition periods or ministerial discretion on whether to apply, remove or temporarily delay protections for a threatened or endangered species, or its habitat\u2026\u201d would not be consistent with the stated desired outcomes of the ESA review to both provide certainty and make the process more efficient while enabling positive outcomes for species at risk.\nPrefer that COSSARO\u2019s current species listing process is retained, \u201cbased on the best available scientific information, including information obtained from community knowledge and aboriginal traditional knowledge\u201d (ESA, section 5 (3)).\nArea of Focus 3: Species Recovery Policies and Habitat Regulations\nThe stated desired outcomes of the ESA review to both provide certainty and make the process more efficient while improving outcomes for species at risk could be improved by reducing the timelines for developing Recovery Strategies after species listing. Many Recovery Strategies are already delayed (as of June 13, 2017, recovery strategies for over 40 species have exceeded the timelines in the Act) and do not meet the current timelines set out in the Act. As the Government Response Statements are to be published up to 9 months after the development of Recovery Strategies, the timelines are in effect already extended, and extending them further would cause additional delays and increase the uncertainty in implementing the recommendations of COSSARO.\nThe development of a habitat regulation for each species that is endangered and threatened already aligns with the desired outcomes of the ESA review (to both provide certainty and make the process more efficient while improving outcomes for species at risk) as it \u201cprovides a more precise definition of a species\u2019 habitat and may describe features (e.g., a creek, cliff, or beach), geographic boundaries or other unique characteristics, and may be smaller or larger than general habitat.\u201d\nArea of Focus 4: Authorization Process\nThe 10th Year Review of Ontario\u2019s Endangered Species Act: Discussion Paper identifies that; \u201cUnder the Act, the government can issue different types of permits or other authorizations for activities that would otherwise not be allowed. There are a variety of different provisions under the Endangered Species Act that would enable activities otherwise prohibited by the Act.\u201d\nThe discussion paper identifies 8 current provisions including a \u201cSignificant social or economic benefit permit\u201d that allows activities otherwise prohibited by the Act, noting Section 57 (1) 1 of the ESA already provides a number of exemptions. It is unclear how adding additional authorization tools or approaches to authorizations could further enable economic development while also providing positive outcomes to species at risk.\nThe stated desired outcomes of the ESA review to both provide certainty and make the process more efficient while improving outcomes for species at risk could be improved by reducing the timelines for processing authorizations, while also enhancing the consistency of inspection and enforcement powers.\n"
    },
    "22111": {
        "url": "/comment/22111",
        "comment": "to: Government of Ontario\nre:  Ontario's Endangered Species Act\nI am positive there are many dedicated and informed and qualified civil servants in the province who must be just as devastated as the many members of the public regarding the apathetic, uninformed and unqualified elected officials and/or appointed board members who have the gall the take such an arrogant stance on the future of this province regarding the environment.\nthe environment supports life on earth. have politicians missed absorbing this message because of their inadequate thought processes? all species, including man (because we are just members of a species), can be damaged or destroyed when the environment is allowed to be changed drastically (or even slightly in some cases, i.e., think of the Arctic) and/or intentionally/unintentionally harmed. Are we not witnessing climate change that is beyond control because of man's neglect of the warnings that scientists have provided for many decades?\nwhy wouldn't the province want to set an example to the rest of Canada and other countries by acting responsibly and facing the fact that expansions of industry and destruction of flora and fauna will not provide future generations with: food, water, or breathable air. Sustainability of all life in Ontario requires everyone in Ontario to think and act intelligently when it comes to the environment.\nchange can begin with individuals, families, or corporations planting a tree(s) and reusing, recycling, reclaiming the environment for every endangered species. let's begin educating in earnest all (all ages, all old comers, all newcomers, all businesses, all schools, all levels of government) to become committed to sustainability.\nI am speaking as a citizen. I care about the environment. I believe man must support other species who cannot defend themselves against man. I believe the Niagara Region is being raped and plundered by greed. I believe we must do a 180-degree turn - now, in order to protect what we have left in this blessed region.\n"
    },
    "22112": {
        "url": "/comment/22112",
        "comment": "There are various objectives stated in the review - some are not compatible. In those instances it is imperative that what is controlled is human activity, especially when it comes to 'business propositions/economic development'. This act must exist to \"enable positive outcomes for species at risk\". Without a healthy environment, nothing goes forward in the long run. In fact we need an orientation that encourages restoration, especially of wetlands, watersheds, and wildlife corridors. .  Administrative expediency cannot be a factor - this is new territory in history, our science and awareness is growing.  It will take time and education for people to learn to make wise decisions. Indeed that interface with our environment is a good place for job creation.\n"
    },
    "22117": {
        "url": "/comment/22117",
        "comment": "We must do all we can to protect the environment and the wild species we are lucky to be surrounded by. Developers will come and go but once a species is extinct that is permanent. We are responsible to future generations to protect nature and help bring back species that have been endangered by human acts.\nThank you\n"
    },
    "22119": {
        "url": "/comment/22119",
        "comment": "As a constituent of the Ontario government, I take issue with the suggestions in this review. The Endangered Species Act was created for the purpose of protecting the threatened, endangered, or otherwise at risk wildlife of Ontario. It was not created to see how far businesses could push the boundaries of habitat protection in the name of \"economic development\".\nHere are the particulars of the review that I, as a member of the body which the government is supposed to represent, do not agree to:\nFirst, I do not agree with the suggestion of an alternative to automatic species protection, nor the further proposal of \"ministerial discretion on whether to apply, remove or temporarily delay protections for a threatened or endangered species, or its habitat.\" This sounds too much like making room for businesses to encroach on the protections of both land and species by removing their threatened or endangered classification.\nSecondly, I do not agree with the suggestion of requesting \" an additional review and assessment in cases where there is emerging science or conflicting information.\" This is in direct conflict with the opening preamble of the Endangered Species Act:\n\"The United Nations Convention on Biological Diversity takes note of the precautionary principle, which, as described in the Convention, states that, where there is a threat of significant reduction or loss of biological diversity, lack of full scientific certainty should not be used as a reason for postponing measures to avoid or minimize such a threat.\" - The Endangered Species Act, 2007\nThirdly, the assertion that habitat regulation is not needed because of general habitat protection. Habitat regulation, in the Endangered Species Act, outlines a) specific boundaries of the [habitat], b) describes features in that [habitat] and c) describes the [habitat] in any other manner. The removal of these details would allow for boundary ambiguity of what businesses can and cannot infringe upon. As put in the review: \"improve certainty for businesses and others about the scope of habitat that is protected.\" The Endangered Species Act is meant to determine what we should prioritize in protecting, not how much we're allowed to destroy.\nFinally, in \"Area of Focus 4\", the challenges and discussion questions can be interpreted as looking for permission to create ways or loopholes for businesses to speed up their developments on protected lands. The review mentions \"the requirements that applicants must fulfil to obtain an authorization can be extensive, creating barriers to economic development.\" What the review calls a challenge, I would call the entire purpose of the Endangered Species Act: to create barriers to economic development to protect those who cannot protect themselves.\nThe Endangered Species Act is not an invitation for the current government to create loopholes for economic development, and yet this review seems to imply just that. As a member of the government's constituency, I am not happy with their constant attempts to undermine the environmental protections we already have in place for the benefit of businesses (e.g the Bill 66 fiasco). Businesses will come and go, and to cater to an ephemeral customer at the cost of our environmental health and it's species is not only unwise, but it is also morally wrong. I know that environmental protection isn't easy, and will require sacrifices. But just because the right thing isn't easy, doesn't mean it's not right.\n"
    },
    "22125": {
        "url": "/comment/22125",
        "comment": "In my mind there is nothing more important then protecting our water, air and the plants and animals that live in this Province including the 243 species that are on the endangered species list.\nFor the sake of all residents and future generations to come, do everything possible to make this a priority for your Government.\n"
    }
}