{
    "23150": {
        "url": "/comment/23150",
        "comment": "013-4143\nComments on  10th Year Review of Ontario\u2019s Endangered Species Act: Discussion Paper\nCongratulations to the provincial government for inviting the public's input on the Endangered Species Act , R.S.O. 2007. As temporary custodians of this planet we have an obligation to preserve the natural world regardless of any perceived economic benefit.\nCurrently our landscape is strewn with the destruction and the waste that has been the result of certain industry activities, those industries that operate within our forests, on our fields, and in or on our lakes, due to bad practices committed in the past. While we now know better, and have so for decades, I have reason to believe they continue to this day.\nThese  industries have operated in areas without concern for the habitat of the animals and plants that have lived or grown there. Mining and milling is one major example with their tailings and slurry ponds  as are forestry companies that use the 'clear cut' method of harvesting, is another. Both have a devastating effect on the land and animal habitats. Lakes, rivers, and streams have been polluted by industries including agriculture, and not excluding the public at large.\nThe question and concern that I have is If businesses and/or industries were required to take a more sustainable approach in their operations could they be granted an exception to any regulation that would, if implemented, be considered to have a negative effect on a company's viability. Would these activities that would be considered to be increasing their operating costs and thus reducing their profits, be allowed to continue without compliance with the regulations?\nI am sure that I am not the only one that is concerned that with this provincial government\u2019s mantra of being \u2018open for business\u2019 we would see further erosion of our environmental protection laws. Laws that have been cancelled with the mistaken idea of it being positive for business while ignoring environmental concerns. You know the ones, cancelling environmentally sustaining power generation and the \u2018Cap and Trade\u2019 system, no matter how flawed, designed to reduce the negative effect of burning fossil fuels. Regardless what they say, this is not an environmentally progressive government, it is more focused on reducing the deficit regards who or what gets hurt.\n"
    },
    "23151": {
        "url": "/comment/23151",
        "comment": "I am all for protecting and managing endangered and threatened species. What i am not for, is the emotional responses taking precedence over scientific facts about species considered endangered,the actual identification of a species and the way it should be protected. A note to consider is that banning all harvest of a certain species and its pray may help in some cases, species manengment and habitat management can do alot for not just one species but for a whole ecosystem. The mnrf and its public sponsers tend to look at nature through a wrapping paper tube, and not care to consider the big picture. We are just as much a part of nature as any other creature in the woods. Pretending we dont exist in the food chain such as protecting all harvest of a make believe , or a non issue species is not the way to change for the better. We can't ignore our obligations as stewards of the land.\n"
    },
    "23152": {
        "url": "/comment/23152",
        "comment": "Thank you for providing this opportunity to comment on the 10-year review of the Endangered Species Act.  I have had direct experience with the legislation, both as a professional and as a volunteer.\n1. Landscape Approaches\nThe legislation should not be changed to promote landscape approaches in place of species-specific approaches.  Species-specific status assessments, listings and protections are essential.  The ESA already provides recognition for landscape-level approaches when appropriate.  No change to the law is required for this purpose.\nWith respect to the suggestion of issuing authorizations for harmful activities at a broad scale, this approach is not appropriate for endangered and threatened species.  Working at a broad scale would not properly address site-specific or species-specific concerns.  Such an approach therefore, would present unwarranted additional risk for species already in peril.\n2. Listing Process and Protections for Species at Risk\nScience-based listing and the automatic protection of designated species are essential aspects of the ESA.  These requirements must remain fully in effect.  There should be no change to the listing process and the role of COSSARO. The law sets out a transparent approach to listing based on a consideration of \u201cthe best available scientific information, including information obtained from community knowledge and aboriginal traditional knowledge.\u201d (sec. 5(3)).\nIn its listing process, COSSARO is required to consider species listed by the federal Committee on the Status of Endangered Wildlife in Canada.  There thorough notice requirements built into this process, from the release of COSEWIC status reports to the listing by COSSARO.  The process leading to designation is already lengthy enough.  No further delay is required.  Ministerial discretion would not improve the process.\n3.  Species Recovery Policies and Habitat Regulations\nIt is not necessary to change to the legal requirement to produce Government Response Statements (GRS) within nine months of the release of Recovery Strategies (sec. 11(8)).  Rather than changing the legal requirement, the province should provide the resources that would enable staff to meet the necessary dates.\nThe required five-year reporting on progress is reasonable and ensures transparency and accountability. It provides an impetus for action, ensuring that effectiveness is assessed, and contributes to institutional learning and adaptive management.  Furthermore, the government should legislate additional reporting requirements (e.g., every five years) to drive ongoing action and monitoring for periods beyond the initial five years.\nThe ESA already allows the Minister to delay the development of a habitat regulation (sec. 56 (1)b) or to not proceed with a habitat regulation (sec. 56 (1)c). Therefore, it is not necessary to change this part of the act.\nThere should be no changes to the legal provisions for habitat regulations, which describe specific boundaries or features of areas deemed to be habitat and provide enhanced certainty for ESA implementation and enforcement. They can include areas where a species \u201cused to live or is believed to be capable of living\u201d (sec. 55(3)b), presenting a significant opportunity for protection and recovery efforts to extend beyond places where species at risk currently persist.\n4. Authorization Processes\nIt is important to note that the legislation under review is the Endangered Species Act.  One of the purposes of this legislation is \u201cTo protect species that are at risk and their habitats, and to promote the recovery of species that are at risk.\u201d  Protecting species at risk must remain the top priority during the current review process.\nThe current legislation provides sufficient authorization tools.  The authorization process must be taken seriously, as the overall intent is to protect species at risk.  The province should allocate sufficient resources so that staff may conduct their reviews in a timely manner.\nIt is not appropriate to simplify the requirements for a permit under s. 17(2)d.  These permits are intended only for projects having significant social or economic benefit, and that will not jeopardize the survival of the species in Ontario.  Current requirements ensure that such permits are issued only an exceptional basis.\nIt is not appropriate to introduce new exemptions.  The current review should strengthen protection for species at risk by repealing the sweeping exemptions for industry and development that were approved by Cabinet in 2013.  These exemptions are allowing harmful activities to proceed, contrary to the purpose of the act.\nWhere exemptions are granted, transparency and accountability must be enhanced by amending the exemption regulation (242/08) to require all proponents of harmful activities to automatically submit their mitigation plans and annual reports to the government and to ensure that these are publicly available.\nAs previously recommended by the Environmental Commissioner of Ontario, the ESA should be amended to give enforcement officers the power to conduct compliance inspections.\nThe ESA (sec. 18) already provides a means to harmonize its requirements with other legislative or regulatory frameworks. No legislative change is needed. This is an implementation issue.\n"
    },
    "23154": {
        "url": "/comment/23154",
        "comment": "To Doug Ford,\nThinking in the present and only what concerns youthe is a dangerous mindset. Dangerous. Your goal of removing environmental protections for a short economic boost will work, but not without consequence. Down the road, in several decades, the cost of fixing the disastrous decisions you make will far out weigh the total your government helped make. People will suffer because of this, and if by some miracle you decided against this and changed your mind, the negative effect it will have will be significantly lower. This isn't something to push onto your successor: it is your problem that needs your ecknowledgement. Please, rethink this.\nMy condolences.\n"
    },
    "23155": {
        "url": "/comment/23155",
        "comment": "Landscape Approaches\nWe support recovering species by looking at the entire landscape and taking actions that will contribute the most to improving habitat and protecting species from harm; however, care must be taken to ensure the individual needs of each species are still taken into account. There are situations where a species-specific approach is still warranted.\n2. Species Listing Process and Protections\nThe ability of the Committee on the Status of Species at Risk in Ontario (COSSARO) to determine the status of species, independent of government, is essential to the proper functioning of the Endangered Species Act (ESA). Improved communication and transparency in all aspects of species assessment and protection is warranted to provide clarity for the public and business.\nHabitat loss or degradation is a primary cause for species decline. Automatic protection, combined with clear communication on where impacts can and cannot occur, would protect species while providing certainty of what to expect for economic development.\n3. Species Recovery Policy and Habitat Regulations\nDelays and inaction are detrimental to species while at the same time providing little economic certainty since business is uninformed of the parameters under which they must operate.  What is needed for species and economic development is for government to focus resources on quickly providing the framework for protecting habitat and taking action.\n4. Permitting Processes\nWe are in favour of consistent application and streamlining of decisions, which must also include decisions to deny a permit for an activity that would harm a species or its habitat. Permits allowing harm to endangered species or their habitat poses considerable risk so need to come with strict conditions. Extinction is permanent.\n"
    },
    "23156": {
        "url": "/comment/23156",
        "comment": "10th year Endangered Species Act review discussion paper\nThe comments below are listed under each of the 4 areas of focus in the discussion paper.\n1)   Landscape Approaches\nWhere recovery approaches for individual species conflict with one another, a landscape-level approach can be effective in some cases as a compliment, but certainly not as a replacement.\nThe act already includes the tools needed to apply a landscape approach. No changes to the legislation are needed to implement this.\nExisting landscape connectivity modeling tools based on circuit theory (e.g. circuitscape) have been successfully used by ontario university researchers and by research scientists in the ministry of natural resources to model the movements or gene flow of specific species or species guilds.\n2)   Listing Processes\nThe discussion paper cites the challenge of not enough public notice before listing, and that automatic listing may result in delays or cost to development projects.\nEvidence from the federal Species at Risk Act and former ESA legislation suggests that \u201cpolitical listing\u201d often results in delayed protections or no protections at all. Longer timelines for listings  and delayed protections serves only the developers who stand to experience complications from listing, it in no way serves the species that are in dire need of protection and recover.\nMany improvements could be made with regard to COSARROs process of assessment and classification. COSARRO members are not paid for their work. With compensation they would be able to do much more in terms of communications/notifications with stakeholders. To increase transparency, they would also be able to invest in monitoring of recovery effort effectiveness (to improve the scientific basis of assessments).\n3)   Recovery Processes & Habitat\nThere is no benefit to changing the legislated timelines of the GRS and progress reviews. Evidence suggests that the most effective way to help species recover is by protecting habitat, and therefore that habitat regulations are extremely valuable and necessary.\nMore attention should be devoted to coordinating the process of GRS and recovery strategies by creating recovery strategies and GRS for multiple species sharing particular geographies or facing similar threats (i.e. landscape approach).\n4)   Authorization Processes\nA habitat banking system (I.e. paying into a conservation fund) in lieu of activity-based requirements is not sufficient as there is no assurance that direct compensation for impacts will be completed. Instead, the focus should be on habitat protection measures that are effective for listed species and benefit multiple species, and addressing the needs of species as early as possible in development activities (i.e. at the planning stage). The more protection is deferred, the more complicated and expensive it becomes to address recovery needs.\n"
    },
    "23157": {
        "url": "/comment/23157",
        "comment": "This plan should not be updated to streamline business and development. Nature needs time to grow, heal and look after its self. I am hoping that more protection measures are put in place as we lose valuable land, animals and resources. Please make sure you think of the future first, consult scientists who have spent their lives trying to understand just how much we need all the animals and resources. Don't destroy what has made our country beautiful, world famous and given hope and purpose to many\n"
    },
    "23158": {
        "url": "/comment/23158",
        "comment": "Hello:\nPlease find attached Rayonier Advanced Material's (RYAM) comments on the 10 year review of the ESA.\nThank you\nAlan Thorne\n"
    },
    "23160": {
        "url": "/comment/23160",
        "comment": "Comments on the ERO #013-4143, review of the Endangered Species Act.\nThe purpose of the Endangered Species Act is to protect species at risk, and it is a valuable piece of legislation. Species at risk need protection from rampant development and other human activities.  Here are my comments on your Discussion Paper:\n-\t Desired Outcomes: If the government\u2019s desired outcome includes increasing \u201cefficiencies in service delivery for authorization clients\u201d and \u201cstreamline processes\u201d, I conclude that you wish to weaken environmental protection for species at risk and make it easier for business to proceed unfettered with projects that may be harmful. This is contrary to the intention of the legislation. Authorizing exemptions and streamlining processes to allow development should never be among your \u201cdesired outcomes\u201d because it decreases the level of protection for species at risk.\n-\tFocus 1 Landscape Approaches: Unfortunately \u201clandscape approaches\u201d is never defined, but the Discussion Paper says \u201c[it] enables planning and authorizing activities at a broad scale\u2026\u201d That sounds like dilution of environmental protections at a broad scale.  The current legislation already covers ecosystem approaches, which are broad, and for some species to be considered together.  The key word in this section is  \u201cauthorizing activities\u201d. Do not weaken protection by designing changes to \u201cauthorize activities\u201d, by which it appears you mean development and land exploitation without a full and robust examination of its environmental impact.\n-\tFocus 2 Listing Process: The \u201cministerial discretion\u201d you propose is contrary to the scientific, fact-based process by which species are listed. You say habitat protections can contribute to costly impacts to businesses and the public. That is precisely why we need legislation protecting species at risk \u2013 because protecting species at risk means development and exploitation of the environment should not always come first. If there are costly impacts to business, then that is all the more reason to protect species at risk as steadfastly as possible. Do not politicize the protection of species at risk, and do not add \u201cministerial discretion\u201d to weaken the legislation and give power to big corporations to lobby politicians. Such a change would make a mockery of the Act.\n-\tFocus 3 Government Response Statements and reviews of progress: If it takes more than 9 months to develop a government response statement, you are not providing adequate funding for staff. As for a review of progress toward the protection and recovery of species, an assessment after 10 or 15 years instead of 5 may be too late. Species at risk can\u2019t wait.  Do not lengthen the time it takes to evaluate whether protection plans are working. If there is no progress in 5 years, something is wrong and stronger action needs to be taken. It\u2019s important to know in a timely manner, not in a decade.\n-\tFocus 4 Authorization: This section is also devoted to making it easier to bypass protective legislation for corporate convenience. You appear to want new tools to sacrifice some vulnerable species, suggesting companies can pay money to a conservation fund to atone for harm done to one vulnerable population or species by helping another. No! A donation or fee paid to a conservation group is no substitute for legal protection for any population. You complain that the authorization process can create barriers to development. Yes, and that is what environmental protection can require! Protecting species at risk requires having barriers to development or other human activities.  As for overlapping regulations, harmonization of regulations is already possible,\nThe thrust of the Discussion Paper appears to be to weaken protections for species at risk. An \u201cOpen for Business\u201d mantra should not apply to this crucial Endangered Species Act. Environmental stressors are worsening. Pesticides are killing off our pollinators, the atmosphere has already reached dangerous levels of CO2 bringing extreme weather and disrupting bird migrations, fish in places like Lake Erie are toxic, harmful invasive species are replacing native species. The stressors are mounting, and under these circumstances it makes no sense to add to the stressors by weakening the Act. The Act should be strengthened, not weakened.\n"
    },
    "23161": {
        "url": "/comment/23161",
        "comment": "I\u2019ll keep this short. Though I understand the need to review such policies seeing as it\u2019s been 10 years, I don\u2019t know why any party would want to be part of further endangering any species that may go instinct in the near future. It is extremely important that you, the decision maker decides what is right not only for citizens but all life in your province. We share this planet, maybe it\u2019s time we treated t that way.\n"
    },
    "23162": {
        "url": "/comment/23162",
        "comment": "INTRODUCTION\nCanada\u2019s cultural identity is tied closely to our magnificent natural heritage. Like a unique work of art, our biodiversity is irreplaceable, and needs to be afforded the protection it deserves. Government plays an important role in protecting and maintaining the health of our natural environment. Ontario was the first province in Canada to pass legislation to protect endangered species in 1971, and has been making improvements since. In 2007, recognizing the harmful impacts of habitat loss, the new Endangered Species Act (ESA) placed importance on a science-based approach to protecting species under law with the automatic protection of their habitat; something many provinces have yet to implement. To maintain balance while still preserving species at risk (SAR) and their habitats, the legislation allowed flexibility for socio-economic development. Furthermore, this legislation has created laws that necessitate action rather than discretionary decision-making, making it a benchmark among provinces for SAR protection. Here we address the four areas of focus outlined in the ESA discussion paper and provide specific recommendations on improving the Act and its implementation (MOECP, 2019), summarized in Table 1 provided as supplementary material.\nRECOMMENDATION I\nPositive aspects of Ontario\u2019s Endangered Species Act\n(Areas of Focus 2 & 3)\nWe would like to address the strong points in the Act that should remain unchanged, and how Ontario\u2019s Act supports the values for which it is mandated. The 10th Year Review of Ontario\u2019s ESA Discussion Paper states that \u201cthe Act has been criticized for being ineffective in its aim to protect and recover SAR.\u201d However, many of the challenges addressed in the discussion paper were not in regards to species protection but rather from an economic development perspective (MOECP, 2019, p.2). In response to Area of focus 2: Listing process and protections, we believe that the automatic habitat protections currently in place for listed species is a great strength in Ontario\u2019s legislation and one of the many reasons that it ranks higher than other provinces. If the Ontario government is earnestly interested in \u201cimproving protections for SAR\u201d (which is the first priority in reviewing the ESA) then automatic species and habitat protections should remain unchanged in the Act.\nSimilarly, suggestions for lengthening the time periods for listing SAR should be dropped. SAR protection is an extremely time-sensitive issue, because the longer we wait to act, the more challenging recovery actions become. Additionally, it is important to recognize that return on investment decreases over time in the context of conservation plans, implying swift action is most cost-effective (Robillard & Kerr 2016). There are many other ways of streamlining processes which can potentially make the Act less \u201cadministratively burdensome, time consuming and costly\u201d, which will be mentioned in the following recommendations. We also believe that the \u2018Protection and Recovery of Species\u2019 section of the Act, as it is, provides strong protection and should not be changed, namely section 11(3) (the Precautionary Principle). Listed SAR species are in need of quick strategic protection and therefore we cannot reasonably delay action with the purpose of collecting more data (e.g. if we are uncertain of exact critical habitat requirements; Kareiva & Marvier, 2015). To summarize, postponing measures further, and extending deadlines for recovery strategies and ministerial responses summarizing government actions, will not \u201cimprove protections for SAR\u201d.\nRECOMMENDATION II\nKeeping everyone in the loop: Open-access data and mapping\n(Areas of Focus 1 & 2)\nTo provide more transparency for the public, we recommend two tools to provide information about development risks due to the presence of SAR prior to permit applications. The first tool is a \u201crisk\u201d map that provides information about potentially challenging areas to develop based on SAR presence. Risk maps would show the difficulty of obtaining a permit for development based on known SAR distributions, critical habitat, and probability of occupation. The map could be created for each species at the listing phase when habitat requirements and species distributions are defined. The Act could require all permit applicants to consult a risk map prior to submitting the permit application. The Act should encourage anyone purchasing or developing land to consider the presence of SAR in the same way they would consider any economic or environmental risk, like developing on a floodplain. A risk map also improves a developer\u2019s sense of the endangered species present in the area. The risk map would provide a broad landscape approach to the permit application process that would help generalize case-by-case decisions.\nThe second tool would be an open-access database of all previous environmental assessment reports that could be used to provide information about SAR distributions. The database would help reduce the costs for many permit applicants by reducing duplicate reports, providing more accurate SAR information, and further reducing red tape for developers. Environmental assessment reports could be standardized and required by the Act to be publicly available, which would reduce the number of poor-quality, industry-biased environmental assessments.\nBoth tools would help generalize the permit application process, while also providing clarity to the public about SAR listings. While the initial gathering of information and development of the map and database may be intensive, in the long run it could greatly improve the efficiency of both species protections and permit applications.\nRECOMMENDATION III\nReplacing habitat with habitat, not dollars\n(Area of Focus 4)\nWe strongly oppose the idea of simply paying into a conservation fund instead of ensuring the quality and quantity of critical habitat for SAR. We are concerned, and rather disappointed, with the first discussion question (Area of Focus 4) suggesting that to help businesses achieve benefits for SAR they may pay into a conservation fund in lieu of activity-based requirements. Critical habitats, as defined by the ESA, are specific geographic areas essential to the conservation of an endangered or threatened species. These critical habitats include, but are not limited to, reproductive and/or spawning areas, nursery habitats, and feeding grounds. For many reasons, it is extremely difficult to reconstitute or reproduce such habitats where they did not occur, and to then transfer SAR to such reconstituted habitats. The track record of attempts to do so is one of almost universal failure. No amount of funding can change this. Among the variety of anthropogenic threats to SAR, our greatest challenge is stopping habitat loss and degradation. It is of utmost importance that the Government of Ontario does not develop new authorization tools to help businesses at the expense of SAR habitat protection.\nIn scenarios where permits are issued for development, we advise at minimum a 1:1 replacement ratio of SAR-specific habitat so there is no net habitat loss. This method is essentially a \u201cwin-win\u201d scenario: the Act requires developers to take actions to create new SAR-specific habitat to replace what was lost, while still allowing development on the land. Creating new habitat to replace what has been lost is feasible for some species, especially for species with small home ranges, such as the bank swallow (Riparia riparia). If creating new SAR-specific habitat is not possible, an alternate (though less favourable) option is to protect its existing habitat elsewhere. Any new SAR habitat created or protected must be monitored to ensure SAR persist successfully. In summary, we recommend replacing habitat with habitat so there is no net loss, as conservation funds are incapable of helping SAR if there is no habitat left.\nRECOMMENDATION IV\nBroad-scale approach, but species-specific protection\n(Areas of Focus 1 & 2)\nA multi-species approach can be incorporated in recovery action plans for species that cohabit the same area, ecosystem, or landscape, but each unique species must be listed and protected individually. Granting species automatic protection without delay is absolutely required, and we believe it is the backbone of the Act. If the Ontario government is serious about conserving species, there is no better alternative than to afford appropriate protection for each species and its habitat. As far as delaying listings or actions until we have enough information to act efficiently and effectively, we emphasize that SAR often cannot afford to wait. It is far riskier and typically more expensive to wait than to act despite uncertainty.\nSection 13 of the ESA states that a recovery strategy or management plan be prepared using an \u201cecosystem approach\u201d; however the practical application of this approach is neither defined nor described. Section 14 of the current Act also outlines that recovery strategies and management plans be prepared for more than one species, when appropriate. We feel that both Section 13 and 14, though they require more clarity, should be considered as a solution to concerns outlined in Area of Focus 1 regarding the suggestion of a \u2018landscape approach\u2019 rather than a species-by-species approach. If the Act is determined to manage SAR via an ecosystem approach, we suggest the legislation provide a clear definition of their interpretation, and incorporate adaptive management techniques that can be changed as new information comes to light.\nCONCLUSION\nIn summary, we believe that the ESA should keep automatic species and habitat protection and retain or shorten current time periods for implementation. We recommend the mandated creation of \u201crisk\u201d maps, made accessible to the public in an open-access database to inform future developers of potential barriers to development. We suggest that businesses should be required to replace habitat with habitat rather than paying into a generic conservation fund. Finally, we strongly recommend that species still be listed individually but that multi-species and/or ecosystem approaches be taken to manage multiple species where their habitats overlap.\nReferences\nRobillard, C.M. & J.T. Kerr 2016. Assessing the shelf life of cost-efficient conservation plans for species at risk across gradients of agricultural land use. Conservation Biology. 31(4): 837-847.\nKareiva, P. & Marvier, M. (2015) Conservation Science: Balancing the Needs of People and Nature, 2nd edn. Roberts and Company Publishers, Inc, Greenwood Village.\nMinistry of the Environment, Conservation and Parks 2019. 10th year review of Ontario\u2019s Endangered Species Act: discussion paper. Retrieved from: https://ero.ontario.ca/notice/013-4143\n"
    },
    "23165": {
        "url": "/comment/23165",
        "comment": "1. Landscape Approaches\nWe support recovering species by looking at the entire landscape and taking actions that will contribute the most to improving habitat and protecting species from harm; however, care must be taken to ensure the individual needs of each species are still taken into account. There are situations where a species-specific approach is still warranted.\n2. Species Listing Process and Protections\nThe ability of the Committee on the Status of Species at Risk in Ontario (COSSARO) to determine the status of species, independent of government, is essential to the proper functioning of the Endangered Species Act (ESA). Improved communication and transparency in all aspects of species assessment and protection is warranted to provide clarity for the public and business.\nHabitat loss or degradation is a primary cause for species decline. Automatic protection, combined with clear communication on where impacts can and cannot occur, would protect species while providing certainty of what to expect for economic development.\n3. Species Recovery Policy and Habitat Regulations\nDelays and inaction are detrimental to species while at the same time providing little economic certainty since business is uninformed of the parameters under which they must operate.  What is needed for species and economic development is for government to focus resources on quickly providing the framework for protecting habitat and taking action.\n4. Permitting Processes\nWe are in favour of consistent application and streamlining of decisions, which must also include decisions to deny a permit for an activity that would harm a species or its habitat. Permits allowing harm to endangered species or their habitat poses considerable risk so need to come with strict conditions. Extinction is permanent.\nWhat you can do\nLet the Ontario government know you want strong protection for Species at Risk in Ontario, which means a prioritization on conserving species at risk and the habitats they depend on through improved implementation of the Endangered Species Act in its current form.\n"
    },
    "23168": {
        "url": "/comment/23168",
        "comment": "1. Landscape Approaches\nI believe that endangered species should be supported and protected by taking actions to prevent habitat loss (avoiding development of land that would destroy the habitats of endangered species). As well, actions should be taken to prevent other forms of destruction to habitats.\n2. Species Listing Process and Protections\nThe ability of the Committee on the Status of Species at Risk in Ontario (COSSARO) to determine the status of species, independent of government, is essential to the proper functioning of the Endangered Species Act (ESA). Improved communication and transparency in all aspects of species assessment and protection is warranted to provide clarity for the public and business.\nHabitat loss or degradation is a primary cause for species decline. Automatic protection, combined with clear communication on where impacts can and cannot occur, would protect species while providing certainty of what to expect for economic development.\n3. Species Recovery Policy and Habitat Regulations\nDelays and inaction are detrimental to species while at the same time providing little economic certainty since business is uninformed of the parameters under which they must operate.  What is needed for species and economic development is for government to focus resources on quickly providing the framework for protecting habitat and taking action.\n4. Permitting Processes\nI am in favour of consistent application and streamlining of decisions, which must also include decisions to deny a permit for an activity that would harm a species or its habitat. Permits allowing harm to endangered species or their habitat poses considerable risk so need to come with strict conditions. Extinction is permanent.\n"
    },
    "23169": {
        "url": "/comment/23169",
        "comment": "The Ontario Endangered Species Act is a last line of defence against extinction in an era that scientists have termed the sixth mass extinction on the planet.\nCanada\u2019s wildlife depends on innovative regulations, policies, and programs that make conservation of species at risk the primary goal.\n1. Landscape Approaches\nI support recovering species by looking at the entire landscape and taking actions that will contribute the most to improving habitat and protecting species from harm; however, care must be taken to ensure the individual needs of each species are still taken into account. There are situations where a species-specific approach is still warranted.\n2. Species Listing Process and Protections\nThe ability of the Committee on the Status of Species at Risk in Ontario (COSSARO) to determine the status of species, independent of government, is essential to the proper functioning of the Endangered Species Act (ESA). Improved communication and transparency in all aspects of species assessment and protection is warranted to provide clarity for the public and business.\nHabitat loss or degradation is a primary cause for species decline. Automatic protection, combined with clear communication on where impacts can and cannot occur, would protect species while providing certainty of what to expect for economic development.\n3. Species Recovery Policy and Habitat Regulations\nDelays and inaction are detrimental to species while at the same time providing little economic certainty since business is uninformed of the parameters under which they must operate.  What is needed for species and economic development is for government to focus resources on quickly providing the framework for protecting habitat and taking action.\n4. Permitting Processes\nI am in favour of consistent application and streamlining of decisions, which must also include decisions to deny a permit for an activity that would harm a species or its habitat. Permits allowing harm to endangered species or their habitat poses considerable risk so need to come with strict conditions. Extinction is permanent.\n"
    },
    "23170": {
        "url": "/comment/23170",
        "comment": "The Ontario Endangered Species Act is a last line of defence against extinction in an era that scientists have termed the sixth mass extinction on the planet.\nCanada\u2019s wildlife depends on innovative regulations, policies, and programs that make conservation of species at risk the primary goal.\nStronger and more effective action is the key to protection and recovery of Ontario\u2019s endangered species and providing clarity for business, not building further holes in the Endangered Species Act.  The Act already contains exemptions and permits for industry and the need for permits has been removed entirely for some activities that negatively impact species at risk.\nHere\u2019s what we think:\n1. Landscape Approaches\nWe support recovering species by looking at the entire landscape and taking actions that will contribute the most to improving habitat and protecting species from harm; however, care must be taken to ensure the individual needs of each species are still taken into account. There are situations where a species-specific approach is still warranted.\n2. Species Listing Process and Protections\nThe ability of the Committee on the Status of Species at Risk in Ontario (COSSARO) to determine the status of species, independent of government, is essential to the proper functioning of the Endangered Species Act (ESA). Improved communication and transparency in all aspects of species assessment and protection is warranted to provide clarity for the public and business.\nHabitat loss or degradation is a primary cause for species decline. Automatic protection, combined with clear communication on where impacts can and cannot occur, would protect species while providing certainty of what to expect for economic development.\n3. Species Recovery Policy and Habitat Regulations\nDelays and inaction are detrimental to species while at the same time providing little economic certainty since business is uninformed of the parameters under which they must operate.  What is needed for species and economic development is for government to focus resources on quickly providing the framework for protecting habitat and taking action.\n4. Permitting Processes\nWe are in favour of consistent application and streamlining of decisions, which must also include decisions to deny a permit for an activity that would harm a species or its habitat. Permits allowing harm to endangered species or their habitat poses considerable risk so need to come with strict conditions. Extinction is permanent.\n"
    },
    "23171": {
        "url": "/comment/23171",
        "comment": "We years before we reach the point of no return on our planet. Eventually the scales will tip so far to one side that the other will have no hope evening out, and Canada's abysmal environmental policy contributes greatly to this. This country is shameful for our disregard of the environment. One animal's extinction has the potential of completely obliterating an ecology. Is it worth doing for the sake of profit? The conservative government can talk all they want about the desire to save the planet, but past history has shown this to largely be in the interests of their own self gain.\nFor the love of whatever God you may or may not believe in, and if not, then for the love of whatever it is you hold dear. Don't throw us more under the bus than we already has been. You don't need another Tesla, Another Downtown Toronto house, or country club membership. What you need is a working planet. And before whoever reads this thinks to themselves that what I just listed aren't what they are going for, ask yourself why it is I and literally millions of people my age (23) believe our provinces leaders to think think this way. If you're not lying to yourself and it isn't what you want, then it is what somebody else wants. Don't let this act designed to protect the only planet that we have die for their sake.\n"
    }
}