{
    "23757": {
        "url": "/comment/23757",
        "comment": "Thank you for the opportunity to comment on the ESA review discussion paper. Though I support the stated intent to provide more stringent protections for species at risk, the proposals being considered will not accomplish that goal. Rather, they would make it easier for industry and developers to destroy the habitats of our most vulnerable plants and animals. While I understand that this is being done to improve the business outcomes in Ontario, the irreplaceable ecosystem services and tourism industries that would be destroyed with the loss of vulnerable species have costs that are beyond comparison to short-term economic gains.\nSpecies continue to decline even under the ESA, with one example being Ontario\u2019s freshwater turtles, all of which are considered as Species At Risk (SAR). As such, any amendments to the ESA must support its purpose of protecting and recovering at-risk species. To ensure that these species do not become extinct due to our careless actions, it is imperative to:\n- Repeal the 2013 exemptions for the forestry, hydro, mining and development industries;\n- Amend section 57 (1)1 of the ESA so that exemptions will only be allowed if they do not jeopardize the survival and recovery of endangered and threatened species;\n- Maintain COSSARO\u2019s current science-based listing process;\n- Maintain mandatory habitat protection with no ministerial discretion; and\n- Maintain the requirement for proponents of harmful activities to provide an on-the-ground overall benefit to species impacted with no backdoor option to simply pay into a fund to compensate for harm.\nThis review must be shifted to be more conducive to protecting the species that we rely on, which extends far beyond those that we hunt and fish. Taking a scientific approach to the ESA is the only way to ensure this, and evidence that shows the need for a more stringent approach cannot be ignored.\n"
    },
    "23759": {
        "url": "/comment/23759",
        "comment": "It is imperative that we continue to afford the protections offered to species that are at currently at risk or are at the potential to become at risk. It is the actions we take right now to restore balance to the natural order that will allow humanity and wildlife to coexist together. When we share our living space with wildlife both sides win. But when we remove all green space and force wildlife to adapt or die everyone loses.\n1. Landscape Approaches\nWe support recovering species by looking at the entire landscape and taking actions that will contribute the most to improving habitat and protecting species from harm; however, care must be taken to ensure the individual needs of each species are still taken into account. There are situations where a species-specific approach is still warranted.\n2. Species Listing Process and Protections\nThe ability of the Committee on the Status of Species at Risk in Ontario (COSSARO) to determine the status of species, independent of government, is essential to the proper functioning of the Endangered Species Act (ESA). Improved communication and transparency in all aspects of species assessment and protection is warranted to provide clarity for the public and business.\nHabitat loss or degradation is a primary cause for species decline. Automatic protection, combined with clear communication on where impacts can and cannot occur, would protect species while providing certainty of what to expect for economic development.\n3. Species Recovery Policy and Habitat Regulations\nDelays and inaction are detrimental to species while at the same time providing little economic certainty since business is uninformed of the parameters under which they must operate.  What is needed for species and economic development is for government to focus resources on quickly providing the framework for protecting habitat and taking action.\n4. Permitting Processes\nWe are in favour of consistent application and streamlining of decisions, which must also include decisions to deny a permit for an activity that would harm a species or its habitat. Permits allowing harm to endangered species or their habitat poses considerable risk so need to come with strict conditions. Extinction is permanent.\n"
    },
    "23760": {
        "url": "/comment/23760",
        "comment": "This comment represents a joint submission on behalf of Animbiigoo Zaagi\u2019igan Anishinaabek, Aroland First Nation, Attawapiskat First Nation, Biigtigong Nishnaabeg, Eagle Lake First Nation, and Shawanaga First Nation on the \u201c10th Year review of Ontario\u2019s Endangered Species Act: Discussion Paper\u201d document. Our submission includes the following components summarized below:\n1.\tIntroductory Letter\n\u2022\tOur submission focuses on the involvement of First Nations, including those involved in Indigenous Guardians programs, in Species at Risk (SAR) protection and recovery in Ontario, as well as more effective integration of Traditional Ecological Knowledge in species listing and recovery planning efforts.\n\u2022\tAs First Nations. we are the stewards of their lands and waters, it is essential to have legislation and regulations in Ontario that include true collaboration with First Nations regarding Ontario\u2019s Species at Risk protection and recovery efforts.\n\u2022\tContributors to this DRAFT ESA Review memo: Shared Value Solutions and Olthius Kleer Townshend LLP\n\u2022\tThe submission of this letter should not be considered in any way \u201cconsultation\u201d with the signatory First Nations, as the 45-day comment period is insufficient and no capacity support was provided to encourage First Nations contributions. The MECP should continue to engage with the signatory First Nations even after this comment period has closed.\n\u2022\tWe are concerned that the MECP has already decided that they are going to reduce protections for SAR and streamline approvals processes for industry in Ontario, as evidenced by the tone of the challenges and questions outlined in their discussion paper.\n2.\tESA Review Memo\nPrimary Comment: There is a need for true collaboration with First Nations regarding Ontario\u2019s SAR protection and recovery efforts. True collaboration begins with meaningful communication, notification, consultation, and leads to joint planning and work to protect Species at Risk and related habitat. This could include, but should not be limited to:\no\tSignificant, cross-Ontario Indigenous Knowledge Holder Membership on the Committee on the Status of Species at Risk in Ontario (COSSARO).\no\tInclude a standing item on the meeting agendas of COSSARO and the Program Advisory Committee (PAC) regarding the inclusion of Traditional Ecological Knowledge (TEK).\no\tDevelop guidance documents with First Nations peoples for:\n\u2022\thow to effectively incorporate Indigenous knowledge in Species at Risk protection and recovery;\n\u2022\thow to assess, evaluate and provide inclusive consideration for species considered to be at risk by First Nations people due in relation to food security, harvesting, teaching, medicine and spiritual needs; and\n\u2022\thow to collaborate effectively with Indigenous Guardians on Species at Risk monitoring, protection, and recovery.\no\tAdapt the structure of species recovery teams to create a team dedicated to Traditional Ecological Knowledge integration AND move to have Traditional Knowledge holder representatives on all species recovery teams.\no\tWhen developing or updating species recovery strategies and government response statements include a First Nation engagement and collaboration component that includes travelling to communities to learn and transfer species at risk knowledge allowing the braiding of Indigenous and western science.\no\tAs part of the development, updating, and/or evaluating the success of a species recovery strategy and government response statements, include conducting Species at Risk inventories for those species on First Nation traditional territories, including reserve lands. This should be done in full collaboration with First Nations and include the involvement of local Indigenous monitors and/ or guardians.\no\tContinue to administer the Species at Risk Stewardship Fund (SARSF), especially to support Indigenous-led Species at Risk recovery efforts, which also generates the added benefit of local employment and capacity building within First Nations across the province of Ontario.\nArea of Focus 1: Landscape Approaches\no\tA landscape-level approach could better integrate Indigenous worldviews into the Endangered Species Act and harmonize with existing federal processes, if it were implemented in tandem with single-species approaches.\nArea of Focus 2: Listing Process and Protection for Species at Risk\no\tImprove the process of species listing by the Committee on the Status of Species at Risk in Ontario (COSSARO) by ensuring the incorporation of Traditional Ecological Knowledge (TEK) into western science-based decision-making in practice, not just on paper.\no\tMake information on species listing as well as automatic species and habitat protections more accessible to, but not open for debate by, the public.\nArea of Focus 3: Species Recovery Policies and Habitat Regulations\no\tSpecies at Risk do require habitat protections and effective recovery activities to ensure the species can both survive and thrive for generations to come. Species recovery strategies, government response statements, and habitat regulations must be carried out in a way that promotes species protection, survival, and recovery. It is not about the timelines of the recovery strategy and government response statement, but rather ensuring these tools contain activities and mechanisms that truly enable SAR recovery.\nArea of Focus 4: Authorization Processes\no\tWhile economic development is important and necessary in Ontario, the purpose of the Ontario Endangered Species Act is not to promote or ease economic development in Ontario but to protect and recover Species at Risk and ensure that authorized development activities do not negatively impact Species at Risk or their habitats.\no\tThe ecological complexity needed to sustain Species at Risk in living ecosystems is married to First Nations\u2019 cultural relationships to place, and is largely incompatible with having businesses paying into a conservation fund dedicated to species at risk conservation, or allowing conservation banking to enable addressing requirements for species at risk prior to activities.\n"
    },
    "23761": {
        "url": "/comment/23761",
        "comment": "Thank you for the opportunity to comment on the ESA review discussion paper. Though I support the stated intent to provide more stringent protections for species at risk, the proposals being considered will not accomplish that goal. On the contrary, for the most part they would make it easier for industry and developers to destroy the habitats of our most vulnerable plants and animals.\nAny amendments to the ESA must support its purpose of protecting and recovering at-risk species. To that end, I urge MECP to:\n- Repeal the 2013 exemptions for the forestry, hydro, mining and development industries;\n- Amend section 57 (1)1 of the ESA so that exemptions will only be allowed if they do not jeopardize the survival and recovery of endangered and threatened species;\n- Maintain COSSARO\u2019s current science-based listing process;\n- Maintain mandatory habitat protection with no ministerial discretion; and\n- Maintain the requirement for proponents of harmful activities to provide an on-the-ground overall benefit to species impacted with no backdoor option to simply pay into a fund to compensate for harm.\nThank you for your attention.\n"
    },
    "23763": {
        "url": "/comment/23763",
        "comment": "As a biologist working in the environmental consulting and engineering sector for the past 6 years, I have had a first hand experience in the implementation of the Ontario Endangered Species Act. I believe the strength of the ESA has had successful outcomes for protection of Species at Risk (SAR) and conservation of their habitats. It has forced many developers to create compensation habitat and avoid impacts on SAR; I believe protection of SAR is important and should continue in the future. I do not think businesses should be allowed to destroy or negatively impact SAR habitat in order to improve the economy; conservation of SAR should be the top priority.\nHowever, to find efficiencies and improve certainty for businesses in the implementation of the ESA I have the following suggestions:\n- ensure consistency between the various MNRF districts or MNRF/MOECP staff. We have experienced some cases (especially with assessment of SAR bat habitat) where there has been inconsistent approach between various MNRF staff.\n- develop standards for acceptable levels of effort in assessing SAR habitat through ecological studies / standard protocols\n- for SAR bats, an ESA registration option should be developed (similar to Bobolink/Eastern Meadowlark): for example, if the proponent is planning to remove x hectares of treed habitat or less, then they should be able to do a registration, provided that the removals occur outside the bat active period, and with the area cut-off based on a review of current science. Or if the proponent is removing a certain amount of forest and SAR bats have been confirmed through acoustic monitoring, then they can register and install a certain number of bat boxes.\n- the number of MOECP staff assigned to ESA implementation and reviewing development applications needs to be increased, to improve the speed of responses. We have had to wait months for review of our reports or responses to our reports; this creates challenges and delays for businesses or increased costs for tax payer funded projects (like MTO projects or environmental clean up projects).\n"
    },
    "23765": {
        "url": "/comment/23765",
        "comment": "This act needs to updated. It is far too easy for developers to skirt around the issues and get away with assulting our environment. Is it not time that we acknowledge that the \u2018consequence\u2019 of benefit permits (which do not offset the destruction caused by mass developments) does not suffice and does not actually benefit our species at risk in any real way?\nHabitat loss is the leading factor in species endangerment and extinction. We need to stop pretending that we are doing our duty in protecting them, and actually make laws that protect those things on earth without a voice.\n"
    },
    "23766": {
        "url": "/comment/23766",
        "comment": "Public Input Coordinator\nSpecies Conservation Policy Branch\n300 Water Street\nFloor 5N\nPeterborough ON K9J 3C7\nCanada\nSubmitted via email: ESAReg@ontario.ca\nRE: Forest Sector Requires Permanent Regulation Followed by Workable Species at Risk Policy After 10th Year Review of the Endangered Species Act\nTo Whom it May Concern:\nAs the owner of a logging business in Northwestern Ontario, we employ about 23 full-time employees plus 5 broker/operators and we have been operating for 20 years in the Sioux Lookout area. We are a stump to dump logging contractor and we build 90% of our access roasds as well. We would like to thank you for the opportunity to comment on the 10th Year Review of Ontario\u2019s Endangered Species Act: Discussion Paper, ERO number 013-4143. We look forward to working with your government to improve the effectiveness of the Endangered Species Act (ESA) and ensure a balanced approach between a healthy environment and a healthy economy.\nThe most important action the government must take is a permanent recognition of the Crown Forest Sustainability Act (CFSA) as an equivalent process to the Endangered Species Act (ESA); either through a permanent Section 55 Regulation. The CFSA already provides landscape, stand, and site-level direction for managing, conserving, and protecting species at risk. Having two acts attempting to accomplish the same outcome represents the single greatest piece of red tape and duplication to this sector.\nOnce this essential first step has been accomplished, we must also ensure the following requirements be embedded in a new, modernized ESA:\nConsideration of climate change on habitat in all species at risk policy\nCumulative impact of all species at risk policy on a healthy economy\nSocio-economic impact analysis must be completed and shared with impacted stakeholders and First Nations prior to any species at risk policy being implemented\nIt is our understanding that the Ministry of Natural Resources and Forestry (MNRF) is responsible for species at risk prescriptions currently being delivered under the CFSA. It is our expectation that unworkable prescriptions will be addressed and improved regardless of any future changes made to the ESA.\nFurther, we remain extremely concerned about role of the Federal Government and potential negotiations with Ontario on Conservation Agreements. For example, a MNRF socio-economic analysis determined that up to 2800 jobs could be lost and 8 mills could close as a result of the province meeting the federal disturbance thresholds for caribou. It is our expectation that Ontario will consult with us well in advance of any draft and will not enter into a Conservation Agreement with the Federal Government that will result in lost jobs and lost opportunity.\nIn order to avoid serious socio-economic impacts, we need permanent recognition that the CFSA is an equivalent process to the ESA, while developing workable species at risk policy, and sending a strong message to the Federal government that Ontario will manage our own resources.\nWe would be happy to meet with you at your earliest convenience to discuss the best path forward to ensuring positive outcomes for species at risk while keeping people in this province working.\nSincerely,\nCory Henderson Contracting Ltd.\nDryden, Ontario\ncvhenderson@drytel.com\n"
    },
    "23767": {
        "url": "/comment/23767",
        "comment": "Your concern for the environment should be because of the environment itself, and its control over the survival of thousands of species. Not for the nearby companies to line their pockets with cash as millions of organisms die due to deforestation, pollution, and general carelessness of selfish humans.\n"
    },
    "23768": {
        "url": "/comment/23768",
        "comment": "To say I do not trust businesses and corporations with responsibility for the land and the biodiversity that exists there is an understatement. I cannot talk extensively about the species in danger as I am not native to Ontario, but I can think of no instances off the top of my head where prioritising companies and their statements over the words of qualified scientists on what is needed for an ecosystem to thrive and for endangered species to recuperate has ever turned out well.\nAll ecosystems across the world are in danger more then ever. Efforts need to be taken to protect the pockets of wildlife unique to their ecosystems and others, now more then ever.\n"
    },
    "23771": {
        "url": "/comment/23771",
        "comment": "In regards to Area of Focus 2, I believe that giving public and private notice about the listing of a SAR is detrimental to the species as it encourages developers, businesses, and citizens to carry out any destructive behaviour towards SAR or SAR habitat, such as removing SAR habitat or individual SAR from a property or proposed development, prior to their listing as Threatened or Endangered. This ultimately causes more harm to the species that is slated to be protected. While this can cause issues for businesses and development, it is a minor inconvenience and in most cases, effective mitigation measures and management can be implemented for a solution to these 'problems.'\nIn regards to Area of Focus 3, government response statements should be still be issued within the required time limit. The initial responses should outline preliminary findings, regulations, and other pertinent information. However, if the response is incomplete, an extension should be granted and any additional information can be issued as an addendum after further research. This approach ensures the government is proactive about species conservation and grants basic protection and mitigation measures, rather than permitting developers and other businesses additional time to skirt legislation.\n"
    },
    "23772": {
        "url": "/comment/23772",
        "comment": "March 4th, 2019\nMinistry of the Environment, Conservation and Parks\nPublic Input Coordinator\nSpecies Conservation Policy Branch\n300 Water Street, Floor 5N\nPeterborough ON K9J 3C7\nSent by email ESAReg@ontario.ca\nRe. ERO # 013-4143\nRe. \tNorthwatch Comments in Contribution to the 10th Year Review of the\n\tEndangered Species Act\nOn January 18th, 2019 the Government of Ontario announced that it was undertaking a\nreview of the Endangered Species Act. The stated purpose was \u201cto improve protections for species at risk, consider modern and innovative approaches to achieve positive outcomes for species at risk, as well as to look for ways to streamline approvals and provide clarity to support economic development.\u201d\nAccording to the posting on Ontario\u2019s Environmental Registry and the sole other notice Northwatch received, the review was comprised of the posting of an eight page Discussion Paper as a basis for public comment, and a \u201cSkype meeting\u201d delivered twice and described in advance as being for the purpose of providing an overview of the Discussion Paper.\nNorthwatch is a regional coalition of environmental and social organizations across northeastern Ontario. Founded in 1988, Northwatch has the dual mandate of supporting public participation in environment-related decision-making and consultation processes, and advocating for the wellbeing of human and natural communities in and beyond the region. Northwatch participated in the \u201cSkype meeting\u201d on January 24th and we have reviewed and given careful consideration to the Discussion Paper.\nNorthwatch offers the following comments in response. They are provided in point-form format to assist the Ministry in their careful dispositioning of our submission.\nOverarching and General Comments\n-\tExtremely short timeline for public consultation placed regrettable constraints on ability to engage in detailed review, particularly for municipalities or volunteer organizations (such as those who meeting monthly)\n-\tEndangered Species Act (ESA) is a complex Act and requires both technical/scientific and local understanding of implications and implementation experience\n-\tBox 282, North Bay ON P1B 8H2 | 705 497 0373 | northwatch@northwatch.org | www.northwatch.org\n-\tThe Review lacked any evidentiary basis; such a review should have been preceded by an analysis of implementation experience to date at the provincial level, and an analysis of challenges and successes that was supported by actual investigation and analysis\n-\tThe primary criteria for the review of the ESA should be \u201chas it been effective in reducing the level of threat to species in Ontario that are endangered, threatened or of special concern?\u201d but there has been no information or analysis made available that allows those engaged in the review to consider the first ten years of the ESA experience in an informed manner\n-\tthe discussion paper purports to have upholding the Act\u2019s intent to protect and recover species at risk in Ontario as a primary motivation, but the underlying messages are that finding \u201cefficiencies\u201d may be the greater motivator; the discussion paper lacks clarity on this key point, and that in itself is problematic\n-\tThe Act was put in place in 2007 because other policies and legislation were not effectively protecting these species and their habitat (hence the growing list of species on the \u201clist\u201d) and until such time as the level of risk / pressure / threat on those species can be demonstrated to be no longer in force, then the purpose of the Act must be upheld, i.e. levels of protection cannot be reduced\n-\tThere is no indication in the discussion paper as to whether the authors / drivers of the discussion paper consider the cause of the identified \u201cchallenges\u201d to be in language of the legislation, the policies or regulations, or the implementation; local discussions led to the conclusion that the challenges were in implementation, and in particular in the lack of capacity to properly implement the ESA\u2019s provisions, particularly in a timely manner; as such the focus of this review must return to the challenges in implementation; again, having a sound analysis of experience to date is essential\n-\tThe focus of review findings should be on how implementation can be strengthened (and capacity increased)\n-\tThe discussion paper seems to suggest that it is a given that an economic development project will be able to actually benefit SAR; this is not supported by any evidence or even anecdotes, and there are more likely to be examples of when an economic development does NOT benefit a species at risk\n-\tThe discussion paper ignores several important factors: 1) there was a streamlining of the Act in 2013 that brought about significant changes to the Act\u2019s ability to meet its purpose and 2) the Act is still a \u201cwork in progress\u201d in that there are still many listed species for which there is no recovery plan, and even more for which there is no response or regulation\n-\tIt is reasonable to have a review of a piece of legislation at the ten year mark, but is problematic when the Act has not yet been fully implemented, and even more so when there is no indication that the review is being based on an examination of implementation experience to date and to what degree implementation to date has been successful in meeting the Act\u2019s purpose, i.e. to protect species at risk\nArea of Focus 1 - Landscape approaches\n-\tThe absence of any definition of \u201clandscape approach\u201d and any discussion of how this undefined approach would be applied makes it very difficult to comment on this section\n-\tanecdotally, when asked in the January 24th \u201cSkype meeting\u201d the Ministry staff could not reply to a question about the definition of \u201clandscape approach\u201d as used in the discussion paper; this indicates that perhaps even the authors / drivers of the paper are unsure of its meaning or implications\n-\tthe section is plagued by unsupported statements which appear to be conclusive but have not been supported by any actual information about how the first ten years of the Act has been evaluated; for example, the statement that a species-specific policy approach \u201ccan limit the ability to achieve positive outcomes for species at risk\u201d lacks any evidentiary basis, as does the contention that recovery approaches for individual species \u201ccan limit or conflict with one another\u201d; this important review should not be based on hearsay or unsupported assumptions\n-\tthe \u201cspecies specific policy approach\u201d may create management challenges when there are multiple species that require response / protection within a given area, as the discussion paper purports; that is the contemporary reality of species at risk. However, this challenge would be reduced by having a recovery plan and response in place for all listed species \u2013 the challenge is made all the greater by having species that are at different points along the path to having regulated protections in place\n-\tspecies have specific habitat needs, and those habitats must be protected as part of protecting the species; an averaging out of the those habitat needs \u2013 which is potentially the notion behind the \u201clandscape approach\u201d - cannot be assumed to meet those needs or expected to assist in the recovery of the species; such a strategy may hasten species along the trajectory from threatened to endangered to extirpated, which is fully in opposition to the purpose of the Endangered Species Act\n-\tthe actual state or extent of the recovery of each listed species must be the basis for assessing the effectiveness of recovery actions on a per species basis, and the effectiveness of the Act \u2013 and, more importantly, its implementation \u2013 overall; this analysis is absent from this review\n-\tthere may be potential within a given area, such as a single eco-district, to develop an integrated recovery plan for the various species at risk that have been identified as having a presence in the area; however, such an integrated recovery plan could follow only after the individual recovery plans have been developed on a species-specific basis\n-\tthe failure of the system to produce a full suite of recovery strategies / responses / regulations within the first ten years of the ESA is the barrier to being able to potentially move to area-based integrated recovery plans; without more capacity in the responsible agencies, this barrier will most probably remain in place\n-\tthe notion of area-based integrated recovery plans must be supported by science, and careful observation and evaluation of progress to date for species at risk or in recovery; while Northwatch is not dismissing the notion out of hand, it cannot be supported without any basis for that support\nArea of Focus 2 \u2013 Listing Process and Protections for Species at Risk\n-\tthe notification process could be improved by improvements to COSSARO\u2019s support, infrastructure and communication systems; for example, the COSSARO web site appears to have not been updated since prior to the Spring 2018 meeting, has no option for being added to an email or notification list (other than the option of emailing the secretariat), and the web site is static and limited; simple improvements like a) keeping the web site current, and b) providing a simple  listing or notification system advising when an additional species is coming under the Committee\u2019s consideration and c) increasing transparency around the Committee\u2019s operations would  all contribute to significant improvements in the notification process for new species being listed or considered for listing. Again, this appears to be a capacity issue.\n-\tThere has already been excessive discretion in the application and extension of exemptions / transition periods; what is required is sufficient capacity and investment to complete the process of those species already listed, and to accommodate any future listings\n-\tOverall, the process regarding assessment and classification can be improved by increasing capacity, investing in the process, applying timelines, and providing greater transparency\n-\tThe priority elements of the listing process are a) that the process is science and evidence based and supported by subject experts, and b) that species are afforded protection at the point of being identified as candidates for listing \u2013 if the system is slow and cumbersome, it is not the species at risk that that should be sacrificed to failures within the protection system\nArea of Focus 3 -- Species Recovery Policies and Habitat regulations\n-\tThis section of the discussion paper pays considerable attention to timelines, but there is no analysis of experience to date, including why timelines are not being met, or what changes in the system would be required to improve timelines; this is \u2013 again \u2013 tightly linked to already identified capacity issues\n-\tConsideration should be given to how greater transparency might improve timelines, particularly in the case of the preparation of Government Response Statements; the lack of appropriate linkages between COSSARO and the bureaucrats charged with preparing Government Response Statements is a factor that should be investigated (for example, there are currently no government employees included in the COSSARO)\n-\tThe notion that a habitat regulation might be  \u201cnot needed\u201d is incompatible with a species having been  identified as at risk; without a habitat regulation, the protection of the species and its habitat is subject to interpretation of general habitat guidelines; anecdotally, we have heard  from practitioners that such subjective application of general habitat guidelines lacks certainty and predictability  (two elements of the regulatory system which industries have consistently identified as being of high priority) and results in considerable time delays for development projects; we would note that this anecdotal testimony was shared with Northwatch by consultants to the development industry\n-\tThere is no evidence-based rationale for changing the current legislated timelines\nArea of Focus 4: Authorization Processes\n-\tThe section overall conveys an intent to favour economic development over species protection in most or all instances; this is problematic, and inconsistent with the purposes of the Act, the needs of species at risk, and the stated intentions of  this review\n-\tThere are numerous tools already available that provide alternatives to actually delivering on protection for species at risk as required by the Act (see page 6 of the discussion paper); in the absence of any analysis of the overall effectiveness of the Act or \u2013 more specifically in the context of Area of Focus 4 \u2013 these already available alternatives, there is no cause to identify additional exemption mechanisms at this point\n-\tWithout sufficient capacity, even a changed authorization process can be expected to remain slow, cumbersome, and ineffective\n-\tThere is no evidence that a cash-in-lieu system (i.e. \u201cpaying into a conservation fund\u201d) will be of any benefit to a species at risk or its recovery, or that it will make the approvals process more effective (or efficient); the subjective nature of this potential tool could result in greater delays and inefficiencies, as well as reducing the protection and/or recovery of species at risk\n-\tThe needs of species at risk \u2013 and of the development industry \u2013 can be more efficiently met by increasing capacity and investing in the system in order to properly support the development of recovery plans and having sufficient staff resources in place in all involved agencies\n-\tOverall, evaluating the effectiveness of the system and its implementation requires ongoing monitoring and evaluation; this should not be a complaint-based approach, but one which is system wide and includes monitoring and evaluation of not only activities undertaken under the auspices of SAR permitting, but of the listed species and their status and (potentially) recovery\nConclusions\nThroughout the many discussions about the Endangered Species Act which we engaged in with our counterparts in environmental non-governmental and community organizations, the academic and scientific community, municipalities, developers and members of the public during this review period, three key messages emerged, clearly and consistently. They were:\n-\tThe Act is sound, and does not require amendments at this time\n-\tImplementation has been slow and weak and must be improved in order to meet the purposes of the Act and to protect species at risk and their habitat\n-\tThe greatest contributor to poor implementation has been a lack of capacity; this has particularly been the case in the Ministry of Natural Resources, and includes insufficient support of the COSSARA; transitioning the Act from the Ministry of Natural Resources and Forests to the Ministry of Environment, Conservation and Parks is going to require a substantial investment if the implementation of the Act is not to be further eroded\nIn closing, we would recommend that now having had the opportunity to received initial feedback on the Endangered Species Act and its first ten years, the Ministry should now commence a detailed and science-based evaluation of the effectiveness of the ESA over the last ten years, particularly in terms of the protection and recovery of species at risk and their habitat.\nAs a second phase in this review, the findings of that detailed evaluation should be made public, and consultation undertaken to rank options for strengthening the Act and the protections it provides to species at risk and their habitat. This second phase of consultation should be led by COSSARA, and provided with sufficient resources.\nThank you for your consideration. We look forward to engaging in second-phase discussions of the Endangered Species Act as an extension of this Ten Year Review.\nSincerely,\nBrennain Lloyd\nNorthwatch Project Coordinator\n"
    },
    "23773": {
        "url": "/comment/23773",
        "comment": "This comment is being submitted on behalf of Red Rock Indian Band on the \u201c10th Year review of Ontario\u2019s Endangered Species Act: Discussion Paper\u201d document. Our submission includes the following components summarized below:\n1.\tIntroductory Letter\n\u2022\tOur submission focuses on the involvement of First Nations, including those involved in Indigenous Guardians programs, in Species at Risk (SAR) protection and recovery in Ontario, as well as more effective integration of Traditional Ecological Knowledge in species listing and recovery planning efforts.\n\u2022\tAs First Nations. we are the stewards of their lands and waters, it is essential to have legislation and regulations in Ontario that include true collaboration with First Nations regarding Ontario\u2019s Species at Risk protection and recovery efforts.\n\u2022\tContributors to this DRAFT ESA Review memo: Shared Value Solutions and Olthius Kleer Townshend LLP\n\u2022\tThe submission of this letter should not be considered in any way \u201cconsultation\u201d with the signatory First Nations, as the 45-day comment period is insufficient and no capacity support was provided to encourage First Nations contributions. The MECP should continue to engage with the signatory First Nations even after this comment period has closed.\n\u2022\tWe are concerned that the MECP has already decided that they are going to reduce protections for SAR and streamline approvals processes for industry in Ontario, as evidenced by the tone of the challenges and questions outlined in their discussion paper.\n2.\tESA Review Memo\nPrimary Comment: There is a need for true collaboration with First Nations regarding Ontario\u2019s SAR protection and recovery efforts. True collaboration begins with meaningful communication, notification, consultation, and leads to joint planning and work to protect Species at Risk and related habitat. This could include, but should not be limited to:\no\tSignificant, cross-Ontario Indigenous Knowledge Holder Membership on the Committee on the Status of Species at Risk in Ontario (COSSARO).\no\tInclude a standing item on the meeting agendas of COSSARO and the Program Advisory Committee (PAC) regarding the inclusion of Traditional Ecological Knowledge (TEK).\no\tDevelop guidance documents with First Nations peoples for:\n\u2022\thow to effectively incorporate Indigenous knowledge in Species at Risk protection and recovery;\n\u2022\thow to assess, evaluate and provide inclusive consideration for species considered to be at risk by First Nations people due in relation to food security, harvesting, teaching, medicine and spiritual needs; and\n\u2022\thow to collaborate effectively with Indigenous Guardians on Species at Risk monitoring, protection, and recovery.\no\tAdapt the structure of species recovery teams to create a team dedicated to Traditional Ecological Knowledge integration AND move to have Traditional Knowledge holder representatives on all species recovery teams.\no\tWhen developing or updating species recovery strategies and government response statements include a First Nation engagement and collaboration component that includes travelling to communities to learn and transfer species at risk knowledge allowing the braiding of Indigenous and western science.\no\tAs part of the development, updating, and/or evaluating the success of a species recovery strategy and government response statements, include conducting Species at Risk inventories for those species on First Nation traditional territories, including reserve lands. This should be done in full collaboration with First Nations and include the involvement of local Indigenous monitors and/ or guardians.\no\tContinue to administer the Species at Risk Stewardship Fund (SARSF), especially to support Indigenous-led Species at Risk recovery efforts, which also generates the added benefit of local employment and capacity building within First Nations across the province of Ontario.\nArea of Focus 1: Landscape Approaches\no\tA landscape-level approach could better integrate Indigenous worldviews into the Endangered Species Act and harmonize with existing federal processes, if it were implemented in tandem with single-species approaches.\nArea of Focus 2: Listing Process and Protection for Species at Risk\no\tImprove the process of species listing by the Committee on the Status of Species at Risk in Ontario (COSSARO) by ensuring the incorporation of Traditional Ecological Knowledge (TEK) into western science-based decision-making in practice, not just on paper.\no\tMake information on species listing as well as automatic species and habitat protections more accessible to, but not open for debate by, the public.\nArea of Focus 3: Species Recovery Policies and Habitat Regulations\no\tSpecies at Risk require habitat protections and effective recovery activities to ensure the species can survive and thrive for generations to come. Species recovery strategies, government response statements, and habitat regulations should be carried out in a way that promotes species protection, survival, and recovery, but NOT in such a way that Indigenous rights and livelihoods are compromised. It is not about the timelines of the recovery strategy and government response statement, but rather ensuring these tools contain activities and mechanisms that enable SAR recovery and simultaneously protect local Indigenous rights and livelihoods.\nArea of Focus 4: Authorization Processes\no\tWhile economic development is important and necessary in Ontario, the purpose of the Ontario Endangered Species Act is not to promote or ease economic development in Ontario but to protect and recover Species at Risk and ensure that authorized development activities do not negatively impact Species at Risk or their habitats.\no\tThe ecological complexity needed to sustain Species at Risk in living ecosystems is married to First Nations\u2019 cultural relationships to place, and is largely incompatible with having businesses paying into a conservation fund dedicated to species at risk conservation, or allowing conservation banking to enable addressing requirements for species at risk prior to activities.\n"
    },
    "23774": {
        "url": "/comment/23774",
        "comment": "I urge you to act on the thoughtful critique and constructive suggestions provided by the Wildlife Conservation Society (link included below).\n"
    },
    "23776": {
        "url": "/comment/23776",
        "comment": "As a conservation biologist, I am very concerned that the proposals set forward in the ESA review discussion paper will not protect Species at Risk. For ten years, I have waited for this review in the hopes that it would tighten loopholes that enable destruction and degradation of Species at Risk and their habitat. Now that this opportunity is upon us, I am incredibly disappointed to see so many allowances that make it easier for applicants to destroy Species at Risk habitat.\nAny amendments to the ESA must support its purpose of PROTECTING and RECOVERING Species at Risk, not be an enabling tool to keeping industry and developers happy. Regarding the ESA review discussion paper, I urge you to:\n1. Repeal the 2013 exemptions for the forestry, hydro, mining and development industries;\n2. Amend section 57 (1)1 of the ESA so that exemptions will only be allowed if they do not jeopardize the survival and recovery of endangered and threatened species;\n3. Maintain COSSARO\u2019s current science-based listing process;\n4. Maintain mandatory habitat protection with no ministerial discretion; and\n5. Maintain the requirement for proponents of harmful activities to provide an on-the-ground overall benefit to species impacted with no backdoor option to simply pay into a fund to compensate for harm.\nIf MECP doesn't feel the current ESA is working well enough, why not try implementing some of the \"broader ecosystem\" approaches enabled by the current legislation? Why is every recovery strategy and every ESA permit issued on a single-species basis? Strengthening the holistic approach, through habitat stewardship and multi-species recovery plans, makes more sense than the amendments currently proposed.\nWe need biodiversity. We need all the plants, animals, fungi, and other organisms that call Ontario home -- and they need us to speak for them when their habitat and very existence is at stake.\nDon't mess up for another 10 years, MECP. EXTINCTION IS FOREVER.\n"
    }
}