{
    "20067": {
        "url": "/comment/20067",
        "comment": "The idea that cancelling a policy set in place to benefit future generations of living things is an extremely selfish thing to do. The lack of forward thinking, or even thinking of more than just yourself is ridiculously short sighted. Animals, especially iconically Canadian animals, need to be allowed to exist and thrive in their home ranges. Sometimes it\u2019s important to think further ahead than a single financial year.\n"
    },
    "20073": {
        "url": "/comment/20073",
        "comment": "Thank you for the opportunity to comment on this proposed change. First, I would like to emphasize that the cautionary principle should be use when it comes to protecting the biodiversity of fauna and flora of Ontario. If we think something might further impact the decline in biodiversity which always threatens the functions of a smooth running ecosystem we should stop. Secondly, the rules for the ESA were already loosened (2013), and in-fact should be re-tightened to eliminate the exemptions given to industries such as forestry, mining, extraction of gravel etc. Thirdly, if I am correct in thinking  a landscape approach as mentioned in the 10 yr review means putting aside land to protect species at a gross level, as long as is it significant land for biodiverse flora and fauna I agree. Fourthly, I think the Minister should not have the ability to grant exceptions, this should be handed  off to the environment commissioner of ontario. Fifthly, going slow in granting development permits is not a bad thing. Sixly, permits should only be allowed when it can be proven that another activity will benefit a species at risk and needs to be audited and proven. Seventhly, bees and other insects provide net benefit to humans through plant germination, animals such as beaver keep a healthy water environment, animals all along the food chain keep the environment healthy. For instance, wolves eat deer which protect river banks. Eightly, climate change is already having a devastating effect on all animals and plants. e.g. fires such as the California Laguna, Tunnel or cedar fire were once in a lifetime events, now fires that size are happening yearly. We need to act now to further protect the biodiversity of our planet with more restrictions not fewer. Finally, the 10 year review document said Ontario has fresh water, land and air, but this is not 100% true. Towns such as Iroquois falls, moonbeam and Kapuskasing, and cities like Toronto have issues with sewage disposal. Our air while better since closing down coal plants is a world resource were C02 is now above 400 ppm, and I have personal experience picking up litter in our streets, parks, conservation areas, on highways, and in remote areas, things are not as good as we pretend. We need to further protect our environment and all participants in it who need our help to protect them.\n"
    },
    "20110": {
        "url": "/comment/20110",
        "comment": "Further protection is needed to support endangered species. When discussing the protection of habitat, we need to also protect sensitive food sources.\nPriorities must be set that habitat protection is above all else, even economic gain. Human presence/ maintenance etc can be managed and reduced in areas that should be protected all year long, even when endangered species are not immediately present in their habitat. For example, strand lines on beaches need to be protect year round instead of only inthe presence of an endangered shore bird as removal dramatically dusrupts the life cycle of food populations.\nAnother issue we face is pressures to destroy or change habitat for 1) recreational use or 2) economic uses.\nI am from South Bruce Peninsula where we hold to the position that we are \u201cOntario\u2019s Natural Retreat\u201d and are leaders in environmental protection/stewardship.\nWe have pressures to allow habitat destruction out of the hope of economic gain. Removing endangered habitat can not be proven to Increase economic gains in the long run. It simply cannot be proven. I understand there is to be adjustments to the endangered species act to allow room for business, but It seems to be more credible to invest in environmental protection as it will be our tourist draw ans learning opportunities in the coming years.\n"
    },
    "20136": {
        "url": "/comment/20136",
        "comment": "There is no room in studying endangered species for economic considerations. Once a species is gone no amount of a money saved by a corporation can bring it back. Ontario - get your priorities in order! It\u2019s foolish to consider money and profitability in this regard. I did NOT vote for this government to endanger nature in favour of gib business!\n"
    },
    "20173": {
        "url": "/comment/20173",
        "comment": "Please keep interest's of citizens and NOT business at the top of the list! Do not make changes that will make it easier for developers to bypass these regulations and pave the greenbelt! That was a campaign promise and I expect it to be upheld. The best would be to leave these protection acts alone, they were made for a reason!\n"
    },
    "20181": {
        "url": "/comment/20181",
        "comment": "I urge the Ontario government to not gut the species at risk act. If anything wildlife, their habitat and the environment need more protection, not less. This is a step backwards and not progress. Once a species is gone, it is gone forever. There are somethings money can't buy.\nThere are ways to encourage green development. As a citizen of Ontario I would like to see more progress in this area and less destruction of the environment. It's time to change our ways and preserver the beauty of Ontario.\n"
    },
    "20208": {
        "url": "/comment/20208",
        "comment": "The best way to improve upon the existing Endangered Species Act is to strengthen the protections already in place for vulnerable species and their ecosystems in Ontario. This means hiring more scientists to assess and review the efficiencies of the legislation on an ongoing basis. Business interests should not be favoured above the natural rights of other species and the sustainability of the natural environment. In short: do not touch the Endangered Species Act, unless it is to expand the existing protections.\n"
    },
    "20213": {
        "url": "/comment/20213",
        "comment": "I wanted to express my concern for the review of the the endangered species act. I find the timing of this interesting due to some concerns that are arrising with my home town of North Bay Ontario and the building of a casino. As of right now tbey are looking into the proposed land to build because it is an important habitat for many animals especially for an endangered species Blandings Turtle. I do not want businesses to be able to come in and make the protection of the endagered species act away just to increase corporate advances. I understand cities expand and will have to continue to find ways to share our area with the natural animal/insect/bird inhabitants. This act is important and needs to remain intact. If there are ways to make things run more smoothly or save money - cut someones salary - do not get rid of or make major changes to the act. North Bay council is asking for an exemption from the act to build the casino. This should not happen. If they do get to build the casino there I hope all the correct precautions are put into place to do the survey and discover the species habitat and the proper procedures to continue.\n"
    },
    "20265": {
        "url": "/comment/20265",
        "comment": "Changes to the Endangered Species Act will have negative consequences to our natural resources. Municipalities demanding less strict guidelines for development proposals that impact wetlands are being short sighted.\nThose areas are important for not only animal habitat such as Blandings Turtles but also for humans!!! If we cannot look at the important of species diversity than let\u2019s focus on what most people look at first - human safety and money!\nWe require the Natural attenuation that Provincially Significant Wetlands (PSWs) provide for filtration of water that eventually feed into our rivers, streams and lakes. This is important for our drinking water - which includes the quality and presence of important minerals.\nAnother important aspect of PSWs is drainage - we attribute crazy amounts of rain and melt off which leads to flooding because of climate change - People - use your heads, when we pave, develop, dredge and alter natural drainage - the water has no where to go! This leads to increased damages to buildings, homes and municipal infrastructure (ie storm sewers, overflow of our waste water treatment facilities into our lakes and rivers) which as result leads to increased taxes - increase in rates for insurance policies - the list goes on.\nPut your money and drinking water where your mouth is. Do not let these changes to the Endangered Species Act this will result in the loss of PSWs.\n"
    },
    "20291": {
        "url": "/comment/20291",
        "comment": "Please ensure that protection for endangered or threatened species remains secure. If anything at all, protection should be increased. All living things are at risk at this time, due to irresponsible human behaviour. Please, do the right thing, and safeguard our natural environments, for the wildlife that lives within them.\n"
    },
    "20347": {
        "url": "/comment/20347",
        "comment": "Exactly how much notice is the public entitled to? These are scientific decisions based on careful evidence reviewed by experts. The fact that a species is endangered and is in need of protection is not impacted by how the public or businesses feel about it. Any \"costly impacts\" are a small consequence compared to the massive decline or extinction many of these species face. Economic profit should NOT take precedence over maintaining biodiversity; in fact, the economy depends on biodiversity. The \"barriers to economic development\" are there to stop harmful activities from destroying these listed species & the habitats they depend on. Reducing the scope of this bill, which in reality should be expanded to have stricter protections, would be an ecological tragedy, and it's shameful that this government possesses such a clear lack of concern for the environment.\n"
    },
    "20353": {
        "url": "/comment/20353",
        "comment": "The environment and the species within it should be a top priority of the government.\nI am not opposed to a review of this legislation, as a means of further protect for the species who are already endangered and for those who are on the tipping point.\nHowever, the paper seems to be putting business first, and that is the wrong focus. We should not be making monetary decisions knowing that they could have a negative impact on the existence of any species.\nGreed is the biggest culprit in climate change. We need to start putting mother earth first.\nCause all the money in the world won't help us if we kill the planet!\n"
    },
    "20357": {
        "url": "/comment/20357",
        "comment": "It is imperative that Ontario's endangered species legislation not be weakened in any way. No business interest is more important than our collective interest in preserving our province's biodiversity, and saving species from extinction.\nThe only changes made to the Endangered Species Act should be, instead, to strengthen and expand it, and to close any existing loopholes that might allow business interests or developers to carve out exceptions.\nIf businesses and developers cannot figure out how to make money without doing damage to Ontario's biodiversity, they are in the wrong line of work.\nI, and other Ontarians are watching closely, and will continue to do so. The current government's willingness to sell off our common inheritance is reprehensible, and is proof that it cannot be trusted.\n"
    },
    "20386": {
        "url": "/comment/20386",
        "comment": "Please see the attached letter. Thank you for the opportunity to comment!\n"
    }
}