{
    "22944": {
        "url": "/comment/22944",
        "comment": "Area of Focus 1: Landscape Approaches\n1. Move forward with a permanent section 55(1)(b) regulatory exemption to the forest sector to continue enabling landscape approaches currently being delivered under the Crown Forest Sustainability Act (CFSA).\n2. Working under the section 55 (1)(b) regulation, the Ministry of Natural Resources and Forestry (MNRF) must develop workable species at risk policy delivered under the CFSA that contributes to working landscapes and functioning ecosystems while incorporating socio-economic impact analysis, jointly, with practitioners, affected stakeholders, and Indigenous communities.\nArea of Focus 2: Listing Process and Protections for Species at Risk\n3. Overhaul the membership of COSSARO to reflect more generalist professionals and Indigenous communities rather than academics with expertise in a very limited field of study. Known experts in a particular species, including local MNRF biologists and local RPFs should be invited to participate in the deliberation of species being evaluated by COSSARO at least 12 months before the committee meets to evaluate the species\u2019 status.\n4. Develop a clear process for using the \u201cdata deficient\u201d category, particularly for species with a wide distribution and lack of data.\n5. COSSARO should consider the use of regional sub-populations to account for differences in status across the province, risk to the species and the relative risk of human activities. Populations of species at the normal edge of their ranges in Ontario, outside of their core range, should be evaluated with due consideration of their global population.\n6. Add an additional layer of accountability by having the responsible minister weigh scientific evidence provided by COSSARO with the socio-economic impacts before a species is automatically listed and protected.\n7. Reassessment of species at risk should be considered when credible evidence has been presented to the responsible ministry beyond what is currently permitted within the ESA.\n8. Enable individuals and organizations to report on SAR sightings without the perceived or real fear of being penalized for doing so.\nArea of Focus 3: Species Recovery Policies and Habitat Regulations\n9. The current 5-year review should go beyond simply listing actions that have taken place. A biological review of the species should be included and feedback into the COSSARO listing process.\n10. Habitat renewal should not be considered habitat destruction.\nArea of Focus 4: Authorization Processes\n11. Remove the July 1st, 2020 expiry found in O. Reg. 242/08 (22.1) to forest operations on Crown land giving the sector and government greater certainty.\n12. Replace the term \u201coverall benefit\u201d within sections 17(2)(c), 18(1)(e)(iii)(A), and 18(2)(f)(iii)(A) with \u201cpositive outcomes\u201d to species at risk.\n13. Equivalency through section 55, not harmonization through section 18 is required for future success and is well supported by legal precedent.\n"
    },
    "22945": {
        "url": "/comment/22945",
        "comment": "The Endangered Species Act is one of the fundamental pieces of legislation that protects our natural habitat.  The habitat of Endangered Species is our critical habitat also.  If we do not have healthy ecosystems surrounding us, our species will also die out from lack of clean air, clean water and healthy soils.\nThe current government may believe that it doesn't matter, there's lots to spare, but in fact they are endangering the health and lives of their (and my) children, grandchildren and following generations.  Do your homework, understand the vital importance (and even dollar value) of healthy green infrastructure.  Strengthen rather than removing the ESA, and strengthen other laws and policies that will protect our environment for now and for future generations of people and wildlife.\n"
    },
    "22946": {
        "url": "/comment/22946",
        "comment": "I am deeply concerned for our the conservation and protection of our endangered species. Biodiversity is a important for the health of our ecosystems, and a loss in biodiversity effects us all. We need stronger support for the protection of our endangered species. I believe that companies and developers absolutely need to be held responsible and to adhere to guidelines that protect our province\u2019s endangered species and natural resources.\nThank you very much.\n"
    },
    "22948": {
        "url": "/comment/22948",
        "comment": "As the owner of G. Dillabough Forest Products  I thank you for the opportunity to comment on the 10th Year Review of Ontario\u2019s Endangered Species Act: Discussion Paper, ERO number 013-4143. We look forward to working with your government to improve the effectiveness of the Endangered Species Act (ESA) and ensure a balanced approach between a healthy environment and a healthy economy. The most important action the government must take is a permanent recognition of the Crown Forest Sustainability Act (CFSA) as an equivalent process to the Endangered Species Act (ESA); either through a permanent Section 55 Regulation. The CFSA already provides landscape, stand, and site-level direction for managing, conserving, and protecting species at risk. Having two acts attempting to accomplish the same outcome represents the single greatest piece of red tape and duplication to this sector. Thanks.\n"
    },
    "22949": {
        "url": "/comment/22949",
        "comment": "1. Landscape Approaches\nWe support recovering species by looking at the entire landscape and taking actions that will contribute the most to improving habitat and protecting species from harm; however, care must be taken to ensure the individual needs of each species are still taken into account. There are situations where a species-specific approach is still warranted.\n2. Species Listing Process and Protections\nThe ability of the Committee on the Status of Species at Risk in Ontario (COSSARO) to determine the status of species, independent of government, is essential to the proper functioning of the Endangered Species Act (ESA). Improved communication and transparency in all aspects of species assessment and protection is warranted to provide clarity for the public and business.\nHabitat loss or degradation is a primary cause for species decline. Automatic protection, combined with clear communication on where impacts can and cannot occur, would protect species while providing certainty of what to expect for economic development.\n3. Species Recovery Policy and Habitat Regulations\nDelays and inaction are detrimental to species while at the same time providing little economic certainty since business is uninformed of the parameters under which they must operate. What is needed for species and economic development is for government to focus resources on quickly providing the framework for protecting habitat and taking action.\n4. Permitting Processes\nWe are in favour of consistent application and streamlining of decisions, which must also include decisions to deny a permit for an activity that would harm a species or its habitat. Permits allowing harm to endangered species or their habitat poses considerable risk so need to come with strict conditions. Extinction is permanent.\nPlease remember the outcry and anger concerning the Greenbelt.\nRegards,\n"
    },
    "22950": {
        "url": "/comment/22950",
        "comment": "We want the Ontario Government to take strong action in protecting species at risk. We want this to be a priority on conserving species at risk and their habitats they depend on for their survival. We see more and more land being taken away from our wildlife. Where does the government think they are going to go. We want our grandchildren to enjoy nature and the wildlife that lives there, to much is threatening them and their habitats now. If our Ontario Government doesn't protect them - WHO WILL ???\n"
    },
    "22951": {
        "url": "/comment/22951",
        "comment": "Please review the Canadian Wildlife Federations comments very carefully, they have been around for a long time and have invaluable knowledge of the Canadian environment and its species.\nWe have many species at risk of extinction, please protect them by drafting legislation that protects they\u2019re habitat.\n"
    },
    "22953": {
        "url": "/comment/22953",
        "comment": "1. Landscape Approaches\nWe support recovering species by looking at the entire landscape and taking actions that will contribute the most to improving habitat and protecting species from harm; however, care must be taken to ensure the individual needs of each species are still taken into account. There are situations where a species-specific approach is still warranted.\n2. Species Listing Process and Protections\nThe ability of the Committee on the Status of Species at Risk in Ontario (COSSARO) to determine the status of species, independent of government, is essential to the proper functioning of the Endangered Species Act (ESA). Improved communication and transparency in all aspects of species assessment and protection is warranted to provide clarity for the public and business.\nHabitat loss or degradation is a primary cause for species decline. Automatic protection, combined with clear communication on where impacts can and cannot occur, would protect species while providing certainty of what to expect for economic development.\n3. Species Recovery Policy and Habitat Regulations\nDelays and inaction are detrimental to species while at the same time providing little economic certainty since business is uninformed of the parameters under which they must operate. What is needed for species and economic development is for government to focus resources on quickly providing the framework for protecting habitat and taking action.\n4. Permitting Processes\nWe are in favour of consistent application and streamlining of decisions, which must also include decisions to deny a permit for an activity that would harm a species or its habitat. Permits allowing harm to endangered species or their habitat poses considerable risk so need to come with strict conditions. Extinction is permanent.\n"
    },
    "22954": {
        "url": "/comment/22954",
        "comment": "We need a better protection for wildlife and their habitat and reinforce the law protecting all species of animals. We need to have our planet green and politicians who aren\u2019t short sighted and think about the next generation rather than those who only care about the economy.\nMany of us loves wild live and we want to protect what we love. It\u2019s heartbreaking to see animals suffering because of human actions and this is our right to enjoy what we love without seeing environmental destruction, never ending developing, water and air pollution, luck of education about what\u2019s happening with out planet.\n"
    },
    "22955": {
        "url": "/comment/22955",
        "comment": "I appreciate the need to review documents such as this, but as someone in the environmental field I am wary of any changes that will make it easier for development to occur in natural areas that are key to maintaining all biodiversity, especially species at risk. It is already common for developers to \"take the easy way out\" such as providing \"compensation\" for areas they are developing, with minimal rules and regulations regarding effective this replacement habitat is, the maintenance of buildings such as nesting structures, or the overall quality of these compensations. If compensation does not occur, developers are used to receiving allowances such as reduced buffer zones around Provincially Significant Wetlands or Woodlands. If this is the standard and everyone is cutting corners, can we really say we are doing our best to protect the habitats these species rely on? As a proud Canadian and Ontarian, I am more concerned than ever about the protection of these species in the wake of Climate Change. I know I stand with 1000's of others that feel the same. Yes, these regulations should be reviewed and be based in science, but SAR are not just \"red tape\" for developers, they are what make our country great.\n"
    },
    "22957": {
        "url": "/comment/22957",
        "comment": "Around the world we have lost in the neighbourhood of 60% of the planets wildlife! This is an unbelievable figure! Are humans content with having the only wildlife alive in the world the ones residing in zoos? If this is what we want then all we need do is what we are now doing! Pollution, global warming, loss of habitat, encroaching pipelines. All these things are proceeding with lightning speed! THIS MUST ALL STOP! IMMEDIATELY! We must do everything we an to save our birds, animals and insects. We must stop persuing  the almighty dollar without regard for the consequences to our world. Because one thing I will promise you. Is this. The more this planet becomes uninhabitable for wildlife the more it becomes uninhabitable for HUMANS!\n"
    },
    "22958": {
        "url": "/comment/22958",
        "comment": "At what point is the line drawn that we need to protect the environment and especially species at risk. A challenge was addressed that on a case by case basis policy approach does not always have a positive outcome for the species at risk. Does this mean we are siding with economic development and destroying habitat? Why is this necessary? Economic development can occur in areas that are already developed, develop and build up instead of out. Be creative and develop buildings that help the environment not destroy critical habitat for endangered species.\nIn cases where species and habitat protections can contribute to high uncertainty and costly impacts to businesses and the public, this should not be an issue. We as humans need to understand what we have done to the environment and are the main cause of endangered species and should be held accountable for our actions just as we are held accountable for our actions when the issue pertains to human to human interactions. In order for our society to persist we need to have a balance between the society and norms we have developed for ourselves and preserving the environment. We only have one hospitable planet so why shouldn't we be made accountable and pay high costs to maintain species and habitat protection.\nThe discussion questions in area of focus 2\nLonger timelines before a species gets listed should not be the direction the species at risk in Ontario list goes. That could further escalate the problem and the population could decline further. I suggest posting notices of when a species is being assessed to be put on these lists and update their status as frequently as possible (an ideal update would be daily). This way if you are investing time into knowing the species at risk in an area, you can have a general idea of what's coming down the pipeline.\nLonger transition period may be a decent idea for automatic species and habitat protections but there should be no delay. There should already be a step by step process so lengthen the timeframe for business owners or the public so no one is left in the dark and everyone has the opportunity to understand what is to come. The longer transition would have to have strict deadlines and consequences for public and business who do not follow the transition for species and/or habitat protections.\nI believe there should be multiple reviews from both the government and private companies that perform assessments regarding assessment and classification of a species  by the Committee on the Status of Species at Risk in Ontario be improved as normal practice and update assessments as emerging science and conflicting information come out.\n"
    },
    "22960": {
        "url": "/comment/22960",
        "comment": "I am asking the Ontario government to protect endangered species and not erode the Endangered Species Act for business interests. Biodiversity is critical to the health of our ecosystems, and the continued beauty of nature is critical to the health of our citizenry. Unspoilt natural beauty and the majestic animals we share our province with are not our possessions to destroy for our own profits. It belongs to all Ontarians, including those who come after us. They have as much right to enjoy a natural world that is not pillaged by greed as we do.\n"
    },
    "22961": {
        "url": "/comment/22961",
        "comment": "\"All life is interrelated.\" Dr. Martin Luther King Jr.\nSince this was a known decades ago it is very difficult for me to understand why anyone but especially our Ontario Government would ignore this given and continue to put species at risk to help their developer friends become richer.  Shame on this government if they don't make the rules and regulations more stringent rather than weakening them.\n"
    },
    "22962": {
        "url": "/comment/22962",
        "comment": "Dear Sir/Madame,\nI find it troublesome that once again that the Endangered Species Act is threatened by a further weakening in the integrity of the act.  The  ESA act was implemented to protect  Ontario's Species at risk from becoming EXTINCT, \"not to make it easier  for big business to exploit their habitat\" -  ( Right now they must be salivating at the prospect of being able to operate with less stringent laws protecting these  vulnerable species ).\nThe Endangered Species Act needs a strong Conservative  Government to  uphold what this Act truly stands for. To protect our species at risk.\nEXTINCTION IS FOREVER !!!!!\n"
    },
    "22964": {
        "url": "/comment/22964",
        "comment": "The Wilderness Committee Ontario does not approve of the Ford government\u2019s plan to review and change the Ontario Endangered Species Act. The changes proposed were not created with species at risk protection and recovery in mind. Rather, proposed changes would only allow more discretion to the minister and provide industry with more opportunities to destroy species at risk habitat, which will further contribute to extinction. The below paragraphs address the proposed changes and why these are a terrible idea for wildlife at risk.\n1. The Ontario government wants to change recovery from case by case to a more broad approach which will be extremely harmful to species at risk recovery. Case by case planning identifies exactly which activities will harm the species and which activities should be avoided and where. Without this fine detail level of planning, protection of habitat will be vague and it will allow industrial activities to destroy once protected habitat for species at risk.\n2. A \u201clandscape approach\u201d to migratory species at risk conservation will allow more habitat to be opened up for activities. It is clear the goal of this change is to increase industry activity within species at risk ranges. But there is no way to increase habitat destruction while recovering species at risk. The entire point of an endangered species act is to recover the species. In most cases, the reason for their decline is from human activities. If projects must be rejected or moved to an area of less disturbance than that is what must happen for species to recover. There is no way to open more habitat up for industrial activities and conserve more species \u2014 this is obviously an attempt to diminish the protection of species at risk and their habitat.\n3. Landscape approaches will result in more species becoming at risk because more important habitat will be opened up for development and industrial activity. In order to avoid more species becoming at risk a case by case approach which protects habitat from industrial activity is the best option. If Landscape level planning is chosen, then the critical habitat of the species at risk must remain protected from development and industrial activities. Absolutely no species at risk recovery plan will be effective if the species habitat is open for destruction.\n4. The only change that should be made to the ESA are closing the loopholes and exemptions that began in 2013. The Ford government must end the exemptions and loopholes open to industry, like forestry, that came into effect in 2013 which exempts these industries from following the Endangered Species Act.\n5. All species at risk should be added onto the Species at Risk List. There should be no public consultation because it must be a science-based decision. No social or economic opinions should influence whether a species is at risk or not. Anything that allows socio-economics to influence this list will result in the entire law becoming not science-based and severely flawed. Socio-economics can come into the recovery planning later, but the species at risk list must not be influenced by socio-economic considerations.\n6. Automatic protection to species and habitat must remain. The government must work to create action plans and once those are implemented the automatic protections can be removed. Without automatically protecting habitat industry will have time destroy this habitat before it becomes protected under a plan. This cannot happen and will destroy the integrity and successfulness of the law.\n7. The government wants to extend the timeline to create response statements for an endangered and threatened species. Nine months is plenty of time and extending the deadline indefinitely will likely result in response statements never being produced.\n8. The government states that 5 years from the response statement is too soon to review species at risk progress and recovery. Species at risk do not have 5 years for mistakes. We must ensure that the effectiveness of recovery plans are being reviewed as often as possible (at the very least every 5 years) so that we can adjust them if they are not working. If the government is having trouble meeting these goals, they should hire more staff.\n9. The Ford government wants to speed up the authorizations and approvals of projects, which should not happen. They also want to decrease the number of requirements for companies wanting to harm a species or its habitat, this also must not happen. They claim that it is creating a barrier to economic development. A thorough review of projects is essential to any healthy environment and to wildlife. There is no way to save species at risk if more projects that destroy habitat threaten species are approved. Speeding up the time for approval and limiting requirements of the application will allow harmful projects to be approved. It will allow companies to be careless and there will no longer be a requirement for projects to avoiding or mitigate impacts to species at risk. The review process of an applicants project must be thorough because if it is sped up and carelessly approved, species at risk populations will continue to plummet. Projects that contribute to extinction must be rejected, plain and simple.\n"
    },
    "22965": {
        "url": "/comment/22965",
        "comment": "Area of Focus 1: Landscape Approaches\n1. Move forward with a permanent section 55(1)(b) regulatory exemption to the forest sector to continue enabling landscape approaches currently being delivered under the Crown Forest Sustainability Act (CFSA).\n2. Working under the section 55 (1)(b) regulation, the Ministry of Natural Resources and Forestry (MNRF) must develop workable species at risk policy delivered under the CFSA that contributes to working landscapes and functioning ecosystems while incorporating socio-economic impact analysis, jointly, with practitioners, affected stakeholders, and Indigenous communities.\nArea of Focus 2: Listing Process and Protections for Species at Risk\n3. Overhaul the membership of COSSARO to reflect more generalist professionals and Indigenous communities rather than academics with expertise in a very limited field of study. Known experts in a particular species, including local MNRF biologists and local RPFs should be invited to participate in the deliberation of species being evaluated by COSSARO at least 12 months before the committee meets to evaluate the species\u2019 status.\n4. Develop a clear process for using the \u201cdata deficient\u201d category, particularly for species with a wide distribution and lack of data.\n5. COSSARO should consider the use of regional sub-populations to account for differences in status across the province, risk to the species and the relative risk of human activities. Populations of species at the normal edge of their ranges in Ontario, outside of their core range, should be evaluated with due consideration of their global population.\n6. Add an additional layer of accountability by having the responsible minister weigh scientific evidence provided by COSSARO with the socio-economic impacts before a species is automatically listed and protected.\n7. Reassessment of species at risk should be considered when credible evidence has been presented to the responsible ministry beyond what is currently permitted within the ESA.\n8. Enable individuals and organizations to report on SAR sightings without the perceived or real fear of being penalized for doing so.\nArea of Focus 3: Species Recovery Policies and Habitat Regulations\n9. The current 5-year review should go beyond simply listing actions that have taken place. A biological review of the species should be included and feedback into the COSSARO listing process.\n10. Habitat renewal should not be considered habitat destruction.\nArea of Focus 4: Authorization Processes\n11. Remove the July 1st, 2020 expiry found in O. Reg. 242/08 (22.1) to forest operations on Crown land giving the sector and government greater certainty.\n12. Replace the term \u201coverall benefit\u201d within sections 17(2)(c), 18(1)(e)(iii)(A), and 18(2)(f)(iii)(A) with \u201cpositive outcomes\u201d to species at risk.\n13. Equivalency through section 55, not harmonization through section 18 is required for future success and is well supported by legal precedent.\n"
    },
    "22966": {
        "url": "/comment/22966",
        "comment": "Endangered species such as specific blanding and snapping turtles in our provincial wetland area need better protection as we witness each year, municipal water trucks collecting water from provincial significant wetlands in the Kawartha Lakes region. Municipalities are allowing water trucks to take water from these wetlands in order to spray roads during road construction. We are complaining to our municipal government every summer but trucks continue to drain the wetlands.\n"
    }
}