{
    "23085": {
        "url": "/comment/23085",
        "comment": "Focus 1 - Landscape Approaches:\nLandscape approaches could help when there are multiple species within the same area that are endangered. It's usually better to deal with those cases as an interconnected problem. The rest should still be species-specific because general guidelines and one-size-fits-all never works.\nFocus 2 -  Listing Processes and Protections for SARs\nThe government should post notices on all social media platforms to reach a wider audience. There should not be a longer wait-time, nor should there be a change to automatic listing. The faster species are listed as protected, the better the chance of them rebounding. There should also be no ministerial discretion, that defeats the purpose of doing an assessment to determine which species should be listed. It also opens the door to lobbying and political pressure.\nFocus 3 - Species Recovery Policies and Habitat Regulations\nThere should be an ability to extend the timeline for developing a Government Response Statement when an appropriate plan cannot be created in time. It's better to take more time to create an adequate Statement than to rush and create a subpar one.\nHabitat Regulations should always be created, but should have a clear scope.\nFocus 4 - Authorization Process\nThe authorization process should not be streamlined unless there is a guarantee that nothing will be left out. Applicants filing multiple applications should still do multiple applications.\nActivity-based requirements are more proactive than paying into a conservation fund, but conservation banking could be a viable option. A combination of less-stringent activity-based requirements and also participating in conservation banking would be useful. Since organizational activities are often permissible for unavoidable impacts if mitigation measures are in place, they should still have to do everything in their power to mitigate their own impacts via activity-specific requirements.\nProponents that are being regulated by other legislation along with the SAR regulations should not have a streamlined process. The needed of species at risk will not be adequately met if they are combined with other regulations.\nI also support CFW's position, except where it contradicts mine as mentioned above.\n"
    },
    "23088": {
        "url": "/comment/23088",
        "comment": "I am entirely against the suggested modifications to the Ontario's Endangered Species Act. Our natural heritage and the species we have the responsibility to protect should come before expediency and ease of business transactions. As a province we have been relatively successful at balancing our duty to conservation with prosperity and development - many of the suggested 'updates' would roll our progress back.\n"
    },
    "23089": {
        "url": "/comment/23089",
        "comment": "I am a Forestry Planner and Consultant for industry clients in the French Severn Forest. The Endangered Species Act has created many challenges. My focus is primarily on the Blanding's Turtle.\nThe act deals with species of Special Concern, Threatened, Endangered and Extirpated which are all bundled up into one act.\nThe act, at its inception, recognized the need to protect and preserve species at risk in certain areas. Those areas for the Blanding Turtle focused on decline of habitat. That habitat and numbers focused on the loss of habitat in  mostly rural farm and wetland  areas.\nThis particular illustration deals with southern, central and portions of eastern Ontario populations and was from a report in 2017, but illustrates back to 1800.\nhttp://cossaroagency.ca/wp-content/uploads/2018/06/Accessible_COSSAROEv\u2026  Page 7 Wetland Loss by Habitat\nSpecies such as the Blanding's Turtle,  were put on Species at Risk, but the population distribution varies throughout many areas of Ontario. I'm not sure that full consideration was or is given to more heavily populated areas.\n\"The total Ontario population is estimated to be < 50,000 mature individuals, based on data from the Ontario Reptile and Amphibian Atlas. This is an increase from the estimate used in the previous assessment (10,000), reflecting increased survey efforts, rather than a genuine increase in population size. There has also been an increase in reporting from forestry companies and private individuals, both through the NHIC system, the Ontario Reptile and Amphibian Atlas (Ontario Nature 2017) and through submissions made directly to COSSARO.\"-\nhttp://cossaroagency.ca/wp-content/uploads/2018/06/Accessible_COSSAROEv\u2026 page 5\nIn the Cossaroagency Report it mentions an increase in numbers is due to better reporting rather than an increase in the population itself. I find this  statement hard to comprehend. If the numbers for the Act were based on the 10000, was this is a fair and measured threshold to base a Species at Risk?\nI work in the French-Severn Forest (Muskoka-Parry Sound) and this graph from page 7 does not illustrate our current situation.\nThe Forest Management Planning process, which is not exempt from the Endangered Species Act,  provides the framework and preservation for these species though their identification and guidelines. However, when a situation goes beyond the scope of the guidelines and is not in the plan, it is subject to the environmental assessment process, which is subject to additional costs.\nAs a result of timing restrictions and habitat concerns related to the Endangered Species Act, many forestry operators, logging contractors and saw mills have been forced to harvest their compliment of wood requirements in a very short window from December 1-March 31.With this shorter window of opportunity, we have essentially created a seasonal work environment. This is contributing to a worker shortage already present in the forest industry.\nI believe that the Georgian Bay (French-Severn) area has a healthy population of Blanding's and the population is stable. There will be  contributing factors that will play a role in its survival, but those factors are not based on conversion of wetlands or forest management activities.\n"
    },
    "23090": {
        "url": "/comment/23090",
        "comment": "1. Landscape Approaches\nWe support recovering species by looking at the entire landscape and taking actions that will contribute the most to improving habitat and protecting species from harm; however, care must be taken to ensure the individual needs of each species are still taken into account. There are situations where a species-specific approach is still warranted.\n2. Species Listing Process and Protections\nThe ability of the Committee on the Status of Species at Risk in Ontario (COSSARO) to determine the status of species, independent of government, is essential to the proper functioning of the Endangered Species Act (ESA). Improved communication and transparency in all aspects of species assessment and protection is warranted to provide clarity for the public and business.\nHabitat loss or degradation is a primary cause for species decline. Automatic protection, combined with clear communication on where impacts can and cannot occur, would protect species while providing certainty of what to expect for economic development.\n3. Species Recovery Policy and Habitat Regulations\nDelays and inaction are detrimental to species while at the same time providing little economic certainty since business is uninformed of the parameters under which they must operate. What is needed for species and economic development is for government to focus resources on quickly providing the framework for protecting habitat and taking action.\n4. Permitting Processes\nWe are in favour of consistent application and streamlining of decisions, which must also include decisions to deny a permit for an activity that would harm a species or its habitat. Permits allowing harm to endangered species or their habitat poses considerable risk so need to come with strict conditions. Extinction is permanent.\n"
    },
    "23091": {
        "url": "/comment/23091",
        "comment": "The purpose of Ontario's Endangered Species Act, 2007 (ESA) is to protect and support the recovery of at-risk species and their habitats. If the government's review of this act finds that it is 'ineffective' then the ESA should be strengthened. It should not be weakened. Thorough administrative process and comprehensive applicant submissions are required for an effective and robust ESA. These aspects of the act should not be analyzed as 'administratively burdensome, time-consuming and costly for applicants'. It is important to have a well defined regulatory framework so businesses know what is expected of them. Weakening the framework would only serve to further threaten our at-risk species.\nIn Ontario there are already 243 species at risk. The very densely populated Carolinian region of southern Ontario is home to the highest concentration of endangered species in Canada. It is not surprising that habitat loss and degradation is the main reason for the decline of many of these plants and animals. Protecting these fragile species and what remains of their habitats cannot be viewed as 'barriers to economic development'. The endangered species cannot relocate. Their options have been removed by us. Fortunately, the planed economic projects do have options.\nWith thoughtful and responsible leadership we do not have to compromise our protections of the endangered species to have a healthy economy. Do not weaken the ESA by making the regressive changes implied by the 'Discussion Paper'.\n"
    },
    "23093": {
        "url": "/comment/23093",
        "comment": "This review seems like more of a brainstorm of the question \"how can the government make things easier for businesses to establish?\" Well, there are lots of ways you can do so if you want to get endangered species protections involved, or as you like refer to it, \"the red tape.\" Getting rid of the act might help. Then, all we'll have to do in the next few years is business as usual, right? We'll be booming! No, not in the slightest. Making this act any more lenient is going to destroy Ontario's wildlife, and that in turn will have repurcussions around the world. In addition to this, do you really think young people (you know, the ones who are going to have to reverse climate change and such, no big deal) will be attracted to a province that has so little respect for LIFE ON EARTH?\nDon't be ridiculous. Wildlife is not red tape, it's the reason we exist. There a strikes run by young people happening all over the world right now regarding climate change (don't forget that biodiversity is a huge part of a healthy environment), and they'll remember what you did.\n"
    },
    "23094": {
        "url": "/comment/23094",
        "comment": "I implore Ontario's administration to do the MOST possible for endangered species in Canada. Businesses and Corporations MUST incur the costs of added implementations to protect species. It should be a businesses individual responsibility to assure no harm comes to the environment and species within it. Every time we loose a species it affects our environment. Research and protection of these species occur because said species are determined to be DETRIMENTAL to our environment and stable animal populations.\nA happy environment is the number one thing we should strive for in Canada. To provide a healthy nature environment for many future generations to enjoy.\nThis policy has the potential to bring a lot of attention to species at risk and Ontario's involvement. Lets make sure to set an example as the leading country for environmental concern.\nI want to highlight a comment on the Ontario Government Website that states what the Endangered Species Act provides.\n\"science-based assessment: species are assessed by an independent body based on the best-available science and Aboriginal Traditional Knowledge\" (Ontario Government, 2014)\nTherefore you must adhere to your own rules.\nLooking forward to an exciting future with Canada's ideally new and IMPROVED Endangered Species Act.\n"
    },
    "23095": {
        "url": "/comment/23095",
        "comment": "Please change the Endangered Species Act so that it totally protects Ontario native species of animals and plants. Do NOT make exemptions for businesses and industry to take over wild spaces.  Our environment is precious and necessary for our health and well-being and disturbing it would be a step backwards. Ontarians expect that the government will do the right thing and preserve plants, animals and their habitats.  Remember that Extinction is FOREVER.\n"
    },
    "23097": {
        "url": "/comment/23097",
        "comment": "Ok. I'm don't know the exact content of the Endangered Species Act. I'm more knowledgeable of the environmental related legislations (especially the CEPA, EPA, and the SDWA.) I do know if the Endangered Species Act is to be reviewed, it should be for stronger conservation protection not for weakening already existing protection to allow development in endangered species habitat. I shudder at the thought of the Windsor wetlands open for development. We need more natural spaces not more housing complexes.\n"
    },
    "23099": {
        "url": "/comment/23099",
        "comment": "These comments pertain to ERO proposal 013-4143.\nI am concerned that a landscape approach for managing species at risk within specific geographic areas or ecosystems may allow the erosion of habitat quality for some SAR species that operate at smaller geographic scales. A landscape approach might be used to rationalize development that negatively impacts species habitat at smaller spatial scales by suggesting there is a large supply of a specific habitat type at the landscape scale, when in fact, site specific habitat could be critical to a species population. For example, one hibernacula (habitat complex supporting many hibernation sites) might be critical to a meta population of massasaugas within a landscape that has many potential hibernacula complexes. If that particular hibernacula is not protected, there is a high level of risk that that meta population will be severely reduced or extirpated. Some species have very strong fidelity to specific habitats and limited ability to find, or adopt new habitat serving the same function.\nIt is not clear what is meant by a more strategic approach supporting a proposed activity while also ensuring or improving outcomes for species at risk? I believe that a strategic landscape approach must not assume that a sufficient supply of habitats at the landscape scale can be relied upon to serve multiple species well when the spatial ecology of each of the species involved is not well understood at the appropriate spatial scales. Strong habitat protection policies and legislative requirements applicable to all spatial scales will be necessary. There is also high risk that fragmented landscapes will result over time, thus creating barriers to movement and limiting species survival and dispersal.\nOne existing tool or process that supports managing for species at risk at a landscape scale that could be recognized under the Endangered Species Act is comprehensive natural heritage habitat mapping and protection. Existing habitat regulations under the Act do this for single species. To map habitat comprehensively at a landscape scale is prohibitively costly and time consuming, and would primarily be a cost for the government to bare. Now, proponents of developments bare this responsibility for private lands, or when permits are required by utilities for activities on crown land, although many of these have now been exempted. If the government is looking to be cost efficient and effective at conserving SAR species, habitat must be protected now. The risk to species persistence, the cost of habitat rehabilitation and the cost of other types of intervention (repatriation, translocation, rescue, captive breeding, reintroduction, etc.) is much greater later on. The efficacy of recovery actions cannot be compared to good conservation practices in the first place.\nI agree that in some cases the time to develop the Government Response Statement for an endangered or threatened species is too short. However, if a decision is made to allow an extension of this time frame, it must be restricted to a reasonable period of extension, i.e. no more than 6 months, and it must be restricted to a one time only extension.\nI disagree that  conducting a review of progress towards the protection and recovery of a species within five years of the Government Response Statement is too soon. This time period holds the government to account, to ensure that actions are being taken before it is too late. Extending this response period might relieve the pressure on government allowing it to defer action.\nI disagree that the development of a habitat regulation is not needed for each species that is endangered and threatened. General habitat descriptions are not sufficiently detailed to ensure protection applies to specific habitats that need protection. There would be too much room for dispute.\nEnabling paying into a conservation fund dedicated to species at risk conservation should never be used as an option to authorize the destruction of habitat or the harm, harass or killing of an individual.\nUsing a conservation agreement in place of the appropriate permit required under the Act would only be acceptable if it ensured that sufficient information on potentially impacted species was known (collected) in advance of development plans being formulated,  these plans being reviewed and endorsed by qualified government staff and approvals granted. The agreements would have to be enforceable under the SAR Act. In other words a permit by another name. There is no substitute for the requirement of species and habitat protection if the government intends to meet it's obligations to protect species at risk.\nIf the government hired a sufficient number of inter ministry expert ecological assessment teams containing staff which would work with small and medium sized developers to assess properties, map habitats and analyse plan options, conditions of agreements could be developed and approved with minimum cost to developers and minimum delay. However, the government would have to bare additional costs in staffing and support. This approach could also promote more efficient review and approval for activities subject to other legislative or regulatory frameworks.\nEnhanced enforcement powers should be authorized for any high risk files or developers with history of offences. All large developments potentially impacting multiple SAR species and any files flagged by the governments team of ecological experts.\n"
    },
    "23102": {
        "url": "/comment/23102",
        "comment": "I do believe that Ontario needs a strong and comprehensive Species at Risk Act. In order to service the needs of species at risk and aid in their recovery, sufficient dollars must be allocated from General Revenues to assess and implement recovery strategies. Assessment must also include regular reviews of changes in status and reports on how successful (or not) recovery efforts have been. Upon the development of a recovery plan, there must be a time frame identified to express when it is expected that recovery will be achieved and the specific species can be delisted.\nThe current use of landscape level coverage for species at risk is too broad. Regulating restrictions across the province, including areas where there are self sustaining and viable populations is unnecessary. Funding constraints often dictate where the best bang for the buck should be focused. With that in mind, that should also be where protection strategies should be applied. No remedial action is required where localized populations are healthy. It seems that most species designated under the act are found within urban or other developed regions of the province. Recovery planning must also include a prescription for readily adopting it on private property. Recovery of isolated pockets of the species at risk solely on Crown Land will likely result in that species never achieving full recovery and becoming successfully rehabilitated.\nIn those cases where a species is at the most outer edge of its range, consideration as a species at risk should be undertaken with heightened scrutiny. Climate change, in and of itself, may be the determining factor as to whether or not that species might be realistically expected to survive over its entire historical range in perpetuity. Even with the best of intentions, there will be instances where it is futile to develop a plan for recovery that is doomed to failure from its very beginning.\n"
    },
    "23103": {
        "url": "/comment/23103",
        "comment": "I am greatly concerned the government may be making it easier for industry and developers to destroy the habitat for species at risk. Any changes to the ESA must support its purpose of protecting and recovering species at risk. Please:\n1. Repeal the 2013 exemptions for various sectors, including forestry, hydro, mining and development industries.\n2. Amend section 57 (1)1 of the ESA so that exemptions will only be allowed if they do not jeopardize the survival and recovery of endangered and threatened species.\n3. Do not change COSSARO\u2019s current science-based listing process. The listing of species at risk should not be a political decision.\n4. Mandatory habitat protection for threatened and endangered species should remain. The minister should not be interfering with the protection of species at risk.\n5. Maintain meaningful overall benefit requirements for species at risk from all development proposals. Proponents should not be able to simply pay into a fund to compensate for harm to species at risk or their habitat.\nMany species continue to decline across the world and in Ontario and it is our responsibility to protect species at risk. I look forward to seeing an even stronger ESA after this review process.\n"
    },
    "23104": {
        "url": "/comment/23104",
        "comment": "The Endangered Species Act plays a pivotal role in this province in terms of protecting the environment, significant species  and their habitat. Based on the discussion paper, it sounds as though the government would like to weaken the legislation instead of strengthening it. Ontario needs to develop in areas where development is ready occurring. We do not need to destroy the natural environment further. Development via intensification is something the Provincial Policy Statement under the Planning Act attempts to achieve. Having worked with Species at Risk, I think this legislation should only be strengthened. Humans need not destroy the natural environment further. If the PC Party truly cares about BOTH the environment and the economy, this act will be strengthened only. However, based on the rhetoric coming from this government, it seems like the PC Party does not care about climate change or the environment and instead seeks to line the pockets of developers and lobbyists. The thinking that the development of greenfield areas will result in jobs is false. Development via intensification in already built up areas will do the same thing, and won't involve the destruction of important habitat or Species at Risk. We should be aiming to preserve biodiversity, not destroy it further.\n"
    },
    "23105": {
        "url": "/comment/23105",
        "comment": "1. Landscape Approaches\nWe support recovering species by looking at the entire landscape and taking actions that will contribute the most to improving habitat and protecting species from harm; however, care must be taken to ensure the individual needs of each species are still taken into account. There are situations where a species-specific approach is still warranted.\n2. Species Listing Process and Protections\nThe ability of the Committee on the Status of Species at Risk in Ontario (COSSARO) to determine the status of species, independent of government, is essential to the proper functioning of the Endangered Species Act (ESA). Improved communication and transparency in all aspects of species assessment and protection is warranted to provide clarity for the public and business.\nHabitat loss or degradation is a primary cause for species decline. Automatic protection, combined with clear communication on where impacts can and cannot occur, would protect species while providing certainty of what to expect for economic development.\n3. Species Recovery Policy and Habitat Regulations\nDelays and inaction are detrimental to species while at the same time providing little economic certainty since business is uninformed of the parameters under which they must operate.  What is needed for species and economic development is for the government to focus resources on quickly providing the framework for protecting habitat and taking action.\n4. Permitting Processes\nWe are in favour of consistent application and streamlining of decisions, which must also include decisions to deny a permit for an activity that would harm a species or its habitat. Permits allowing harm to endangered species or their habitat poses a considerable risk so need to come with strict conditions. Extinction is permanent.\n"
    }
}