{
    "21908": {
        "url": "/comment/21908",
        "comment": "This review is deeply concerning since it indicates that 'economic development' is driving the review rather than the need to protect our endangered species.  What is going on in this Province?  We've already seen how developers have deep tentacles in our conservation authorities, prompting decisions that are in the best interests of the developers at the blatant expense of our most vulnerable wildlife.\nThe government watchdog, ECO, that did such a brilliant report on the limitations of MNRF is conveniently being shut down in a few months time.  Another sign that we're being 'managed'.\nI'm a member of the public, someone who observes from the sidelines but also someone who is seeing a great injustice being done.  Many small groups came together over proposed Bill 66.  I belong to one of these groups.  We're watching - and the latest \"review\" is nothing but an opportunity to make life even easier for those who seek to make a profit at the expense of our environment.  Shame on whoever is driving this.\n"
    },
    "21911": {
        "url": "/comment/21911",
        "comment": "Yes, the ESA isn't perfect, but the last thing that is needed is for economic development to be easier and more \"streamlined\". That is the main issue with the ESA. It is not strong enough to stop or alter developments that majorly impact SAR. Things are swept under the rug, recovery plans take too long, species aren't getting the attention they need. \"well what's one more infilled wetland, what's more demolished barn, what's one more forest cut down?\" We already can't afford to loose anymore.\nFor example. An old barn, that could be nesting habitat for 30+ threatened barn swallows can simply be destroyed with a notice of activity and a newly built kiosk (which are not used by barn swallows). This is absolutely unacceptable!\nWe are currently in a very important time where change needs to be made and quickly! Wildlife populations are dropping dramatically because of human intervention. What we need is smart growth, not streamlined development for all. It should be tough to get approvals!\n"
    },
    "21912": {
        "url": "/comment/21912",
        "comment": "The protection of endangered species is incredibly important. In nature everything is connected with complex relationships between species that we still don't even fully understand. The loss of one species could be a trigger for a collapse of an ecosystem. If you consider the crash of bee populations, other pollinators such as birds, butterflies and other insects are even more important than ever. 40% of the world's bird populations are in decline, of which many species have suffered over a 50% loss. Birds are a great indicator for the health of ecosystems and also play a role in maintaining the health of those ecosystems. This also holds true for a variety of other species. Since humans rely on healthy ecosystems to survive in respect to clean water and clean air, the less species diversity there is means that ecosystems will suffer. Putting the interests of business over the health of our environment and ultimately our own health is incredibly irresponsible and short sighted. Once these species are gone there is no turning back the clock and once an ecosystem collapses, it's near impossible to resuscitate it.\n"
    },
    "21914": {
        "url": "/comment/21914",
        "comment": "Dear, Honourable Hon Phillips,\nAs a student taking part in Craig Kielburger Secondary Schools Environmental Science class It has become aware that The Ontario Endangered Species Act is changing to make acceptions for businesses to destroy the habitat of threatened or endangered species. As a place with a rich ecosystem, it should be prioritizing species protection over business activities and maintaining the current strength of the Ontario Endangered Species Act. The Ontario Endangered Species Act is one of the best acts regarding the healthy balance within our ecosystem. It has kept many of our species from extinction and even increased low populated animals due to the organized breading from people involved in the Act. If anything, COSSARO needs more funding and access to government agency biologists considering they are species at risk experts. It should be biologists who make decisions about what status a species-at-risk should have because they are the ones who are deeply knowledgeable about this subject and care more about the ecosystem and less about protection over businesses, which is what\u2019s really needed right now. We have to make smart decisions that look further into the future in order to make sure a future is sustainable for our environment and species. Everything is connected in one way or another and upsetting the balance could cause mass destruction. The businesses won\u2019t matter when we end up with deteriorating land and a mass extinction of animals. Habitat destruction and direct killing by people are the primary causes of species extinct. This could lead to more vital extinctions that affect us even closer. This could affect our crops and the amount of quality air. Unless an overall benefit is planned in accordance with the Act, it should not be carried through. Yes, it may be costly for the economy to reduce their activities, but money comes and goes and is a man made object. Once our ecosystem and the species within it are diminished, it is gone. It will take way longer to fix, if fixable, and have stronger repercussions than keeping up with the money needed for hydro, forestry, and other industries. Thank you for taking the time to read and consider my notion about The Ontario Endangered Species Act and why it should remain the same. It is greatly appreciated.\nSincerely, Student from Craig Keilburger Secondary School\n"
    },
    "21915": {
        "url": "/comment/21915",
        "comment": "I am deeply concerned about significant changes to the SAR program.  Over the past decade huge efforts have been made to restore the Piping Plover population at Wasaga Beach.  This has been the result of hard work by the Friends of Nancy Island and Wasaga Beach Park, Wasaga Beach park staff and many dedicated volunteers.  Great progress has been made.\nThe Friends do not have the financial resources to fund Piping Plover programs and care if the SAR funding is dropped.  If this very modest funding is lost, it would be extremely detrimental to the Park, tourism and habitat studies for the public, especially students.\nIn an era when species are disappearing, it is very important to save what we have!\n"
    },
    "21917": {
        "url": "/comment/21917",
        "comment": "As a Scientist, with 11 years formal training including my PhD ( U of T 1984), post doc studies (Cambridge U, UK) and more than 35 years working experience, my expectation of both the government officials and politicians is to listen and be guided by those who have devoted their careers and lives to these issues and understand their meaning in depth.\n"
    },
    "21918": {
        "url": "/comment/21918",
        "comment": "There is a clear conflict of interest between the Crown Forest Sustainability Act (CFSA) and the Endangered Species Act (ESA).\nThe ESA requires specific direction for the protection or enhancement of habitat for each individual species at risk.   Where, the CFSA requires Registered Professional Forester's (RPF) and a team of experts to write forest management plans (FMP) in a balanced, sustainable approach providing forests for everyone and everything, including species at risk.\nThe single species approach of the ESA not only contradicts the overlapping benefits of managing strategies in FMPs required by the CFSA, but will reduce the availability of the forest for other users and uses.\nRPF's have been managing for and providing habitat for wildlife species, endangered or not, for many years and should be able to continue to do so without the added bureaucracy of the ESA.\nSecondly, there needs to be some accountability applied to the Committee on the Status of Species at Risk in Ontario (COSSARO).    Currently there is little credibility in how or why species are added to the list.   For example, the addition of Whippoorwill increased the monitoring of this bird species only to find they are abundant in the Northwest.   Similarly, Wolverines are being accidentally trapped on many occasions due to their abundance in the Northwest.  Why were these species identified as \"species at risk\"?\n"
    },
    "21922": {
        "url": "/comment/21922",
        "comment": "I am a student in Milton who has concerns about the proposed changes for the Endangered Species Act.\nAfter conducting in class discussions and thorough research, I have found that the potential additions lack the promise of the original Endangered Species Act. The Act is supposed to ensure that the protection of at risk species is the highest priority and main focus. The proposed additions fail to deliver this promise, because they seem to prioritize the interest of industries. The additions that have been created are removing the legal protection from these animals, in order to simplify the regulations of businesses, which will make their operations easier.\nThe economic focus that the Act is developing will degrade Canada\u2019s rich biodiversity. Animals will lose some of their legal protection, just for the convenience of industries. By giving businesses more power, the recovery of the at risk species will be greatly delayed. The government needs to take a stronger focus on its biodiversity, because it is a vital factor in the success of an ecosystem.\nIt is in Canada\u2019s best interest to discard the proposed additions, and to reinforce the original Act. Shifting the Endangered Species Act to encourage more economic development, rather than its original purpose, does not uphold Canadian values. As a society, we have a responsibility to protect our environments to the best of our ability. Changing the Endangered Species Act to include economic interests prevents us from following through on this responsibility.\nI hope that theses concerns will be recognized and resolutions will be achieved, for the benefit of our communities.\n"
    },
    "21923": {
        "url": "/comment/21923",
        "comment": "Regarding the Endangered Species Act, I am aware that there is a proposal for changes in which many individuals and groups are not pleased. As someone who has done research and taken interest in this proposal, I would like to make a couple of suggestions to help aid with the current problem of the Endangered Species Act; included in this letter, I will be referring to some past changes of the Endangered Species Act, as well as a way to help with your situation.\n\tMy first suggestion which I will be talking about is how I think that there should be no exemptions for any industries or landowners if it means that it will negatively impact any species. I am aware that in the past, the Endangered Species Act made an exemption for the forestry industries which was to allow them to kill, hurt or destroy the habitat of caribou in order to conduct forest operations if the person has an approved management plan. The reason why I am suggesting that there should be no exemptions is that an exemption, such as the one given to the forestry industry, can add the potential for a species to become endangered. Depending on the amount of caribou they kill, it can cause grave problems in the environment such as a decrease in biodiversity, which is why there should be no exemptions which can negatively impact any species.\n\tThe second suggestion of mine regarding the proposal of the Endangered Species Act is to hire or work with a conservation scientist if you haven\u2019t done so already. The job of a conservation scientist is to negotiate with landowners, the government, and more to ensure that resources and forests are being used wisely while caring for the environment as well. Because their job includes negotiating with many people about the environment, I think that they would most definitely help make wise decisions to not only help many endangered species but also with development and what is best for everyone.\n\tI hope you consider my suggestions regarding the proposal of the Endangered Species Act, and that the solution to this current issue is solved and beneficial for everyone.\n"
    },
    "21924": {
        "url": "/comment/21924",
        "comment": "Ontario\u2019s endangered species act is an act that protects species of living organisms that is listed as threatened and/or endangered by SARA. For this review session, they are looking for comments on how the Act can achieve its goals and fix some of its flaws. One of the biggest suggestions includes the landscape approach. In the endangered species act\u2019s protection is based on protecting individual species and their life history, Whereas, landscape approach\u2019s protection is based on protecting areas along with the species inhibiting in that area. Although endangered species act have its flaws, switching to the landscape approach will arise new different ones. Each species is unique and requires different resources to survive, which shows the complications and the huge amount of resources need for the landscape approach. Although endangered species act needs improvement, it is still the most efficient method to save species. One of the improvements that are needed involves achieving positive outcomes for species at risk. This is a debatable matter since rushing the results will cause unforeseeable consequences. Some of these flaws can be fixed with the help of the government as support, along with the cooperation of other landowners. An article explains that Ontario\u2019s endangered species act can be unfair to the private landowners, because that group also wants to be recognized and included in the process (Olive, 2016). A potential way is to incorporate the landscape approach as a minor attachment to the endangered species act. This way, maybe the landscape approach can fill in some of the flaws of the endangered species act without wasting too much valuable resources.\n"
    },
    "21925": {
        "url": "/comment/21925",
        "comment": "I am writing today to provide comments about the \u201c10th Year Review of Ontario\u2019s Endangered Species Act: Discussion Paper\u201d. I have read the discussion paper and feel that there are some serious issues presented. My primary concern is that this discussion paper suggests changes that would make it easier for industry and developers to destroy the habitats of our most vulnerable plants and animals \u2013 rather than protecting them, which is what the ESA is supposed to do.\nI have structured my comments to reflect the different parts of the discussion paper.\nArea of Focus 1: Landscape Approaches\nAlthough I support the management of recovery actions at a landscape level or for multiple sets of species, the listing process must remain as a species-specific process. The data collected for each species is important for identifying trends, habitat needs and recovery actions. This step must continue to be done on a case-by-case basis.\nIn some cases recovery strategies are written for multiple species if they share habitats and threats. Once recovery strategies are completed, I would support the grouping of multiple species based on habitat regulations to enable recovery at a landscape level.\nI am not clear what is meant by:\n\u201cFor species that depend on habitat across wide ranges, a landscape approach that enables planning and authorizing activities at a broad scale may be preferred.\u201d\nAuthorizations should remain a species-specific process to ensure each species is recognized as being affected by damaging activities.\nArea of Focus 2: Listing Process And Protections For Species At Risk\nThe challenges identified here deal entirely with positive outcomes for BUSINESSES, not SPECIES AT RISK. The goal of the Endangered Species Act is to protect vulnerable species that have to a great extent already been impacted by poor decisions and various business practices. The current standards of making decisions that are evidence-based by an independent committee of science experts (COSSARO) for listing and protection must be upheld. We do not ask our business people or government officials which medications will help our medical conditions, so we should not ask those people which species need to be listed and what their habitat needs are. The experts are there for a reason, they know what they\u2019re talking about.\nBy the time species are listed they are already in steep decline and in trouble. Allowing any extra delays in listing could seriously impact their recovery. Automatic listing and habitat protection must be upheld. Any delays would simply be allowing more time for damage to be done. This contradicts the purpose of the legislation.\nArea of Focus 3: Species Recovery Policies And Habitat Regulations\nI would not support a longer time frame for developing government response statements in general. I would support the addition of an option to request an extension in extenuating circumstances (e.g. where recovery strategies are complex, additional consultation is required) on a case-by-case basis.\nReviewing progress within 5 years may be too soon, especially if little action is taken as is often the case. My concern is that if the government response statements are delayed than how long is it before a review is conducted after the species is listed? Perhaps a review should be based on a time limit related to the listing, rather than the government response statement. In that case anything from 5-10 years would be appropriate.\nRegarding habitat regulation (from https://www.ontario.ca/page/how-species-risk-are-protected#section-3):\n\u201cA habitat regulation replaces general habitat protection. It provides a more precise definition of a species\u2019 habitat and may describe features (e.g., a creek, cliff, or beach), geographic boundaries or other unique characteristics.\nRegulated habitat may be smaller or larger than general habitat. It may include areas where the species isn\u2019t currently found. These areas may have been previously occupied by the species or could be occupied in the future.\u201d\nIt is clear that the habitat regulation, which is formulated after the recovery strategy is completed, is a more effective and accurate description of the species needs. It also includes important protections for locations where the species used to be or could be reintroduced. Skipping the habitat regulation would not be an effective way to guide recovery of species at risk. Developing habitat regulations is an important aspect of the ESA and must be upheld.\nArea of Focus 4: Authorization Processes\nThere are already plenty of authorization tools for exempting harm and habitat destruction of species at risk. We do not need any other \u201ctools\u201d to help business activity damage species at risk. We should instead be asking, \u201cwhat additional tools could help protect species at risk from harm done by business activity?\u201d. WHY SHOULD DAMAGING HABITATS AND SPECIES IMPORTANT TO ONTARIANS BE EASY? WE ALL DEPEND ON THESE HABITATS FOR OUR QUALITY OF LIFE. This should not be sacrificed for the economic benefit of the few. Businesses need to file the paperwork, or better yet, adapt their practices to minimize harm and reduce the need for authorizations.\nI oppose any changes to make it easier for businesses to harm species at risk. The first three discussion points in this section are not acceptable changes to the ESA.\nI support the investment by the Ontario government in increased staffing of enforcement officers to ensure compliance with the ESA.\nIn conclusion, I am concerned that the primary purpose of this discussion paper is to weaken the Endangered Species Act, rather than improving it. Yet at the start of the paper I see this statement:\n\u201cThe government is committed to ensuring that the Endangered Species Act provides stringent protections for species at risk\u201d.\nI urge you to keep that commitment and strengthen the ESA.\nI leave you with the following comments from an expert. Please consider these words before you make changes that will impact all Ontarians now and in future generations.\n\u201cThe world is now experiencing an extinction rate that is 1,000 to 10,000 times higher than the natural background rate. Reports flow in every day about this growing biodiversity crisis, from the decimation of insect populations to jaw-dropping declines in songbird populations. These reports are more than an economic inconvenience. They are flashing lights warning us that we are racing toward a cliff (and picking up speed).\nUnravelling complex ecosystems by removing one piece after another is, frankly, a recipe for disaster. We don\u2019t even fully understand all the roles and relationships within ecosystems that keep our natural systems functioning \u2014 our air and water clean, breathable and drinkable, our crops growing and fish swimming \u2014 yet we feel free to treat them as capable of bearing any burden we place on them or, even worse, too expensive and inconvenient to make room for.\nInstead of worrying so much about maximizing short-term economic opportunities, we must start focusing on long-term ecosystem damage. Yes, people need jobs and Canada still relies heavily on resource extraction for economic growth. But the last thing we should be doing is shying away from making hard decisions about limits because that may entail valuing natural wealth over simple GDP.\nIn fact, it is in our direct interest to pay attention to the long view for the simple reason that it is far more costly to restore the natural environment once we have learned that it\u2019s actually important. So when it comes to taking care of our province\u2019s species at risk, we need to work a lot harder on finding new paths \u2014 whether it is much more rigorously tailoring resource operations to the actual tolerances of species, transitioning to a less resource intensive (and consumptive) economy, or helping people find good work that restores rather than diminishes the natural world.\nI know that is not a task that lends itself to a simple slogan or \u201cstreamlining.\u201d But it is not just the survival of wildlife that is at stake here \u2014 it is ours as well.\u201d\nDr. Justina C. Ray is President and Senior Scientist of Wildlife Conservation Society Canada\nhttps://ipolitics.ca/2019/01/31/ontarios-review-of-endangered-species-a\u2026\n"
    },
    "21931": {
        "url": "/comment/21931",
        "comment": "The ESA legislation and recovery plans provide habitat protection for over 200 animals and plants.  Never in all the years I have worked in the consulting industry has an ESA permit prevented proposed development.  The only complaint proponents have is the length of time the review takes.  If the Ontario government wants to streamline the development process then my suggestion is to hire more staff to review ESA applications.  Increased MNRF or MOECP staff numbers will result in a faster review time.\nWhat cannot happen is a blanket approval for any type of development.  Habitat loss is the main reason species populations are declining.  I do not want my children asking in 20 years why we let developers remove the last wildlife corridors .  Interior forest requires a certain area to provide nesting habitat, watercourses require a certain size buffer and LID methods to keep them cold/ cool, wetlands provide water quality, infiltration and wildlife habitat.\nClimate change is occurring and the loss of buffers between natural features and development will result in negative impacts.  The weakening of the ESA is not something that we should support if we want to provide a healthy environment for our children.  No one will look back and say \"wow the Ford government really saved tax payers a lot of money by letting that small percentage of  developers remove habitat for wildlife without a review process, mitigation or compensation\".  They will say what were you thinking, that industrial park requires roads, sewers, hydro, gas and outfalls all of which impact different  aspects of ecological function.  Roads, crossings groundwater pumping, all can cause disruption of wildlife's ability to breed, eat, overwinter, migrate, etc.  Who will assess those functions if the ESA is further dismantled?\nI request that the act is made stronger by providing additional staff and support to actually provide good scientific feed back on how development and natural features can both thrive.\nFrom a mother  who wants her daughter to live in a sustainable Ontario.\n"
    },
    "21936": {
        "url": "/comment/21936",
        "comment": "1. I have strong concerns with how COSSARO as it is misusing this Act. They are listing anything they want without a proper and proven factual science to back their theory for example the \"Algonquin Hybrid coy-wolf\" This hybrid coyote/wolf/dog which has NO proven DNA is not a species at risk. It is among the  same species as a sasquatch or other mystical creature. There is an Easter coyote, Western Coyote, Red Wolf and a Grey Wolf. A hybrid should not be granted as a species.\n2. I do believe and need and will encourage everyone to help protect and promote a species that is at risk. We need to protect the environment and species that could become extinct.The exception is an invasive species that is doing harm to the environment and putting native species at risk like the giant hog weed, zebra mussels and others. These invasive species should be eradicated.\n3. Also believe that the lobbyist groups like PETA, Greenpeace and other organizations that push their anti hunting/fishing/trapping/logging must be prohibited from providing funding and support to this process and ESA. These organization are terrorist organizations, paid to destroy business and renewable resources. They are after the mighty dollar and are not concerned for the environment or the welfare of animals.\n4. More involvement/participation of educated scientist, enforcement officers and along with the experienced hunter, fishermen/women, trappers, loggers and other outdoor enthusiast (front line eyes, ears and voice) to bring awareness to changes in the habitat and wildlife populations. This team will be your most effective means to provide a rapid response to these changes in the environment and wildlife population. They will also be able to provide some valuable recommendation and suggestions to help with a quick recovery of the species at risk.\n5. Establishing a team approach as in point 4. will help promote our environment and ensure a healthy, abundant and renewable resource. This also establishes a communication chain that would benefit the whole of Ontario, Canada and even reaching out to the world.\n6. Lastly, why do people form outside of our country have the same weighted response equal to Canadians who respond to these EBR?\nIt should be the people of the area affected, then the province and then Canadians that have the most weight in the response to these EBR. There is nothing wrong with research in other areas inside and outside of Canada that experienced a similar situation to help provide an educated solution.\n"
    },
    "21937": {
        "url": "/comment/21937",
        "comment": "OVERALL, There is a fundamental difference between revising the law and improving its implementation.  To improve outcomes for species at risk we need to improve ESA implementation not weaken the law.\nLANDSCAPE APPROACHES:\nRegarding landscape planning, the ESA already provides for this. No change to the law is needed\nWith regard to authorizing harmful activities at a broad scale, such an approach is inappropriate for endangered and threatened species. It doesn\u2019t lend itself to addressing site-specific or species specific concerns and consequently presents unwarranted additional risk for species already in peril.\nLISTING PROCESSES AND PROTECTIONS:\nThe ESA already allows the Minister to request a review of a COSSARO decision if \u201ccredible scientific information\u201d indicates the listing is not appropriate (sec. 8(2)). Changing the law to allow ministerial discretion about automatic protections will politicize the process, fuel controversy and weaken protections for species at risk. The ESA already provides more than enough flexibility through permits and exemptions.\nScience-based listing and automatic protections provide certainty.\nImproving notification is an implementation issue which should be addressed through better communications\nRECOVERY POLICIES AND HABITAT REGULATIONS:\nThere should be no change to the legal requirement to produce Government Response Statements (GRS) within nine months of the release of Recovery Strategies (sec. 11(8)). Failure to meet the legislated deadline is an implementation issue.\nThe required five-year reporting on progress is reasonable and ensures transparency and accountability. It provides an impetus for action, ensuring that effectiveness is assessed, and contributes to institutional learning and adaptive management.  In fact, the government should legislate additional reporting requirements (e.g., every five years) to drive ongoing action and monitoring beyond the first five years.\nThere should be no changes to the legal provisions for habitat regulations, which describe specific boundaries or features of areas deemed to be habitat and provide enhanced certainty for ESA implementation and enforcement.\nAUTHORIZATION PROCESS:\nProponents of harmful activities should NOT be allowed to simply pay into a conservation fund - an easy way out that reduces accountability and facilitates harm to species at risk and their habitats. Retain the current requirements to provide an on-the-ground, overall benefit to species harmed.\nStrengthen protections for species at risk by repealing the sweeping exemptions for industry and development (forestry, hydro, mining, aggregate extraction, and more) approved by Cabinet in 2013. The 2013 exemptions have become the primary means for allowing harmful activities to proceed. As of October 11, 2017, there had been 2,065 registrations for exemptions and about 85 percent of these were for activities that violate ESA protections for species at risk and their habitats\nThere are already sufficient authorization tools. No new tools are needed. Challenges should be addressed through improved implementation.\n"
    },
    "21941": {
        "url": "/comment/21941",
        "comment": "Dear Han Phillips,\nI have been informed about your proposal on changes towards the Endangered Species Act and through careful analysis, your proposal is reasonably thought out and crafted. I conquer that adjustments should be manufactured to have some economic development while still remaining to care for species in need. To go alongside your proposal, I have a few suggestions to be taken into consideration while finalizing your decision.\n\tTo begin, a meeting between some representatives in the natural resource industries, politicians, conservation scientists and the members of COSSARO should occur to negotiate decisions and acts towards the species, their environment, or any development or changes seeked. This would benefit for giving insight from experts in the fields affected by what\u2019s presently occurring to make reasonable decisions that still prioritize the species and environment's well being. As well, by adding conservation scientists, both the economy\u2019s needs and care for the species and their environment will be worked together so both are positively affected after the changes are made. Additional to this point, please confirm that each party has diligent research on their needs, but remain flexible and still negotiate an understanding. This research would consist on changes they desire from what\u2019s currently happening, why their industries needs this change, how they want to change it, and as well as the after effects for both the company and the environment/species in the long term.\n\tAnother suggestion to take into consideration is to make the care for each species on the list different based on their placement on the list (eg. endangered versus at risk) and as well as how big of a part they play on biodiversity (eg. coral reefs). Also, have the COSSARO set limitations for certain species that play a big part in biodiversity. Those limitations would be strictly illegal as they would negatively affect those species while economic profit is held as the priority. This would be revised by the conservation scientists to seek fairness and once finalized are non-negotiable until next year with updated information on those species.\n\tThank you so much for taking the time to read my letter and consider my suggestions for further development in Ontario\u2019s economy while still remaining true to Ontario\u2019s animals and ecosystems.\nSincerely,\na caring citizen of Ontario\n"
    },
    "21944": {
        "url": "/comment/21944",
        "comment": "Comments from the Essex Region Conservation Authority attached.\n"
    },
    "21946": {
        "url": "/comment/21946",
        "comment": "We are against any development of land that threatens the habitats of Ontario's endangered species such as:  the Acadian Flycatcher, the Allegheny Mountain Dusky Salamander, the Fowler\u2019s Toad, Mountain Lion.\nPlease deny access to any developers to these delicate ecosystems.\n"
    },
    "21948": {
        "url": "/comment/21948",
        "comment": "I have been advised that the current Endangered Species Act is having a negative impact on the forestry industry due to the existing guidelines, conditions, etc. In recent years there appears to have been a  move to lessen some of these guidelines. It is my opinion that any move to decrease the guidelines will have a very severe impact on Endangered Species in Ontario. The forest Industry is suggesting a short time period for habitat protection (turtle nesting and snake wintering sites). This would reduce habitat protection not enhance it.\nRecently the MNRF has introduced a guideline entitled \"Forest Management Guide for Conserving Biodiversity at the Stand and Site Scales\". In my opinion this document offers less protection for Species at Risk and their habitat.  I was told that the amendments were science based however it appears more likely that economics has trumped science once again.\nOne of the glaring failures in the current Act is the lack of project oversight and compliance to the Act. In my experience there appears to be very few warnings, charges and prosecutions of violations of the Act. This may be a staffing or training issue. The public has become very aware of the need to protect these rare and endangered species and the need to enhance the protection of the spcies and their habitat.\nHere are some examples of compliance failures that I have observed;\nIn preparation for the realigning of Highway 69 MTO hired a consultant to conduct Whip Poor Will surveys. These surveys were not conducted in compliance to existing guidelines. Some of the surveys were conducted during the wrong timeframes. Some surveys were conducted on right of ways that had been cleared of all vegetation. How can we have any confidence in surveys that are so poorly conducted. Did anyone follow up with MTO?\nAs part of the same project the MNRF issued a license to MTO  regarding Species at Risk.  MTO Contract employees received training on species identification and handling. In spite of the training there were violations of the terms and conditions of the Permit issued by MNRF. Reptiles were moved outside of their local habitat. When MNRF was made aware of these violations the MNRF response was that would discuss the issue with MTO at their next annual meeting. No investigation, no warning, no followup, nothing?\nDuring one phase of this project MOECC staff investigated over 30+ environmental spills.  These spills included release of deleterious materials into watersheds, streams, rivers, sensitive wetlands, etc.  Some of these violations were reported to DFO, DFO did not investigate or send any compliance staff to investigate the potential negative impacts to the habitat, the Species at Risk the natural environment, etc.\nDuring the construction of the two bridges at the Murdock River, the MTO contractors repeated exceeded the MOECC Blasting Guidelines. The records of these blasts was shared with MOECC staff and nothing was done, no investigations, no warnings, nothing. The Murdock River is habitat for many Species some of which are Endangered.   How can the public have any faith in the process if there is no compliance or reprimand to the violators?\nOur previous Premier stated that polluters would be held responsible for their decisions. It is time to put those words into action.\nIn closing I would offer the words of Albert Einstein \"Nothing is more destructive of respect for the government and the law of the land than passing laws which cannot be enforced.\"\n"
    },
    "21951": {
        "url": "/comment/21951",
        "comment": "RE:  EBR Registry #013-4143\nEACOM Timber Corporation welcomes the 10th Year Review of Ontario\u2019s Endangered Species Act: Discussion Paper, and I am pleased to submit comments on behalf of the Company.\nSince 1994, the Crown Forest Sustainability Act (CFSA) has governed forestry in this province to \u2018provide for the sustainability of the Crown forests,\u2019 consistent with \u2018large, healthy, diverse and productive Crown forests and their associated ecological processes and biological diversity\u2019. The CFSA establishes a robust framework with inventories, planning, monitoring, compliance and auditing. Ontario\u2019s forest management system offers a solid and comprehensive statutory, regulatory and policy guidance framework for species at risk (SAR).\nAt first glance, the ESA and the CFSA appear to have similar conservation objectives. Yet, since its introduction a decade ago, the ESA has proven challenging to implement and particularly so in a forest management context. The Committee on the Status of Species at Risk in Ontario\u2019s often arbitrary listings trigger reactive, siloed single-species processes that ignore an existing CFSA framework designed to achieve comprehensive sustainability objectives. This has created significant administrative burden with little to no added value for SAR.\nFollowing years of attempts at harmonization, we offer that the path forward is to recognize Forest Management Plans (FMPs) within the ESA and work to implement SAR guidance through the CFSA. Of Ontario\u2019s 243 listed SAR, EACOM is responsible for the planning of prescriptions for 9 species, most of which are SAR birds. As we already plan actions to protect the species and their habitats through forestry activities, EACOM requests the opportunity to work with the ministry to develop appropriate actions that achieve conservation results for all these species through our FMPs.\nWe applaud the government\u2019s efforts to improve SAR guidance in Ontario through this review.\nThank you for the opportunity to participate in this consultation.\n"
    }
}