{
    "23313": {
        "url": "/comment/23313",
        "comment": "Re. EBR 013-4143 10th Year Review of Ontario's Endangered Species Act\nWorld renowned wildlife scientists predict that since 1970 and by 2020, 2/3 of the world's wildlife will be gone. Ontario is not immune to this. We need wildlife to keep the ecosystem healthy.\nOntario MUST provide strict protections for species at risk. The proposals being considered will not accomplish this. These proposals would make it easier for industry and developers to destroy the habitat of unprotected animals and plants.\nThe ESA's purpose is to protect wildlife and to help at risk species to recover.\nI urge MECP to:\n-Repeal the 2013 exemptions for forestry, hydro, mining and development industries\n-Amend section 57 (1)1 so exemptions are only allowed if they will not jeopardize survival and recovery of endangered and threatened species\n-Maintain COSSARO's current science based listing process\n-Maintain mandatory habitat protection with no ministerial discretion\n-Maintain the requirement for proponents of harmful activities to provide an on-the-ground overall benefit to  species impacted, with absolutely NO OPTION to pay into a fund to compensate for harm.\nPlease listen to what the huge majority of Ontarians want.\n"
    },
    "23314": {
        "url": "/comment/23314",
        "comment": "Please do not weaken the Endangered Species Legislation in the name of economic development. These one-time short-term gains are being made at the expense of the long-term health of our province. A small number of people are profiting at the expense of everyone else!\nWhy would we squander resources today when we could husband them carefully for our children and their children?\n"
    },
    "23320": {
        "url": "/comment/23320",
        "comment": "Hi, can you please make sure that this proposal of endangered species act is NOT in the interest of large coorporations/businesses? And that it adds more protection to endangered species, adds more protection to animals and plants that are not currently endangered and is only in the interest of the conservation of the environment (and not humans at all)?\nThanks. And please be sure to do the most to protect and improve the state of the environment in Ontario (no deforestation, closing or redirecting factories that pollute air and water etc.)\n"
    },
    "23323": {
        "url": "/comment/23323",
        "comment": "Endangered species are already facing enough pressures, hence why they are endangered. They need what habitat they have left to be in such condition that it can continue to support them and be resilient in the face of changing conditions, not whittled away for the sake of a few extra GDP dollars. By protecting endangered species we also protect some of our most valuable ecosystems and special places as a whole for the future. Automatic protection for species is in line with the precautionary principle, and is necessary for the careful considerations in decisions affecting their habitat. If this government wants to protect species, they ought to be removing exemptions, not keeping them or adding new ones.\nMost striking, is the the government's option to allow an industry do bypass protection as long as they pay into a fund. The assumption here is that the value of that money can be traded for the equivalent value of the ecosystem. This is patently false, as no species or ecosystem can be simply brought back onto the landscape. While certain technologies and practices exist to help restore habitats, they cannot magically bring species at risk back into these environments, as there are often barriers to their spread. These natural heritage components may not even have the same value as money per se, such as enjoyment or existence value. Even supposing that a given species or ecosystem can be translated into monetary terms, how does paying into a fund compensate for the ongoing  services they would have provided?\nExemptions should only be provided if the activity can be shown to a sufficiently high degree on confidence not be impact the endangered species or species at risk in question. Otherwise, the act doesn't really help endangered species at all since the biggest threat to them is precisely because of economic activities, the main thing that is and increasingly would be exempt.\n"
    },
    "23325": {
        "url": "/comment/23325",
        "comment": "\u2022\tChanges to the Endangered Species Act should improve protections, not water them down even further.\n\u2022\tThis review won\u2019t help species at risk if it doesn\u2019t address exemptions that make it too easy for business and industry to do even more harm to critical habitat. Clearly defined no-go zones protect wildlife \u2013 while creating efficiencies for business by making it clear where development won\u2019t be permitted.\n\u2022\tWe need protections that lead to recovery for species-at-risk in Ontario\u2013 we don\u2019t need changes that will drive more species to extinction.\n"
    },
    "23328": {
        "url": "/comment/23328",
        "comment": "ESA - Ten Year Review of the Endangered Species Act \u2013 Comments\nIn what circumstances would a more strategic approach support a proposed activity while also ensuring or improving outcomes for species at risk? (e.g., by using a landscape approach instead of a case-by-case approach, which tends to be species and/or site-specific.)\nI agree that in order to have success protecting and restoring species at risk a landscape approach has to be considered. This would include landscape habitat targets, determination of minimum viable habitat for species. Ultimately success can only be achieved through stewardship programs. The reality is that most SAR are found on private land in southern Ontario. You need private landowner buy in. Since the ESA was introduced in 2007 the list of species at risk has grown alarmingly. Very clearly the current system is not working.\nAre there existing tools or processes that support managing for species risk at a landscape scale that could be recognized under the Endangered Species Act?\nThere are tools such as safe harbour agreements, but programs such as the Alternate Land Use Services (ALUS) program are probably the best avenue for success. The key is to encourage and enlist willing landowners and to look at development proposals as an opportunity for restoration.\nWhat changes would improve the notification process of a new species being listed on the Species at Risk in Ontario List? (e.g. longer timelines before a species is listed.\nYes a longer time period. Also perhaps a quarterly list of species being reviewed and considered that could easily accessed by the public. There should always be opportunity for comment.\nShould there be a different approach or alternative to automatic species and habitat protections? (e.g., longer transition periods or whether to apply, remove or temporarily delay protections for a threatened or endangered species, or its habitat.)ministerial discretion on\nYes, in some cases. For example, the greatest risk to Butternut is a disease (canker). The best hope for Butternut is to find trees that show signs of resistance to the canker. Private landowner cooperation and buy in is essential. Currently many private landowners are apprehensive and are fearful of restrictions to the use of their property because of the ESA (rightly or wrongly). Some landowners are even quietly removing their Butternut. A different approach that enlists the support of private landowners without any fear of restrictions would benefit Butternut more that the current approach.\nHow can the process regarding assessment and classification of a species by the Committee on the Status of Species at Risk in Ontario be improved? (e.g., request an additional review and assessment in cases where there is emerging science or conflicting information.\nCurrently COSSARO does draw on outside expertise to review status reports and provide input. Unfortunately everyone involved in the process currently tends to be like-minded quite often making the case for the greatest protection they can rationalize with the information they have. There are often huge data gaps. Some species being assessed simply have not been inventoried. The rational for some high level of protection is often very circumstantial. Currently there is a lack of objectivity. There absolutely needs to be a review by an independent, objective review team of the data and rationale for listing a species prior to a species being listed. This review team doesn\u2019t have to be experts but should have science backgrounds or be able to draw on science. They would take an objective look at the data and determine if they feel there is sufficient data and evidence to support a recommendation for listing or if more information should be collected before listing. This approach would also increase transparency. A review team might also offer an opinion on whether listing a species would actually be the best approach for protecting and restoring a particular species. For example. Butternut. The issue with butternut is canker, generally not habitat loss. The best hope for butternut is to find trees that have resistance to canker. Most butternut are found on private land where landowner cooperation is needed to find butternut. The ESA has created mistrust and apprehension. Most landowners are not inviting government officials to look for healthy butternut and some are even cutting butternut out of misguided fear that having an endangered species will impact the use of their land.\nIn what circumstances is the development of a habitat regulation warranted, or not warranted? (e.g., to improve certainty for businesses and others about the scope of habitat that is protected?\nIn my opinion in most circumstances it is not warranted.\nArea of Focus 4\nCurrently there are some tools under the ESA that can encourage stewardship of species at risk.; i.e.\nStewardship agreement, s. 16:  An agreement may be entered into under this section for activities to assist in the protection and recovery of species at risk.\nProtection or recovery permit, s. 17(2)(b): A protection or recovery permit may be issued for an activity that is meant to help a species at risk or its habitat, but the activity may involve actions that are otherwise prohibited under the Act (e.g., capturing or possessing the species).\nOverall benefit permit, s. 17(2)(c): An overall benefit permit may be issued for an activity that would have an adverse effect on species at risk or their habitat, as long as an overall benefit is provided to the species in Ontario through conditions of the permit. Providing an overall benefit to a species means undertaking actions that contribute to improving the circumstances for the species.\nHowever these tools are not widely used. There should be dedicated staff available to promote and assist landowners with these tools.\nIn addition, new programs should be implemented to expand stewardship efforts through partnerships with organizations such as the Ontario Woodlot Association who have direct links to private landowners.\nFor example, programs such the Alternate Land Use Services (ALUS) program is an excellent model to encourage private landowners to restore habitat for SAR.\nIn my opinion too much staff time has been spend on the development of habitat regulations which have been largely been ineffective over the southern Ontario landscape where about 90% of the land is privately owned. Not enough time has been spent working with private landowners to build trust and to initiate programs and projects to restore SAR to actually make a positive difference.\nThe following is a paper written in 2012. It was based on the proceedings of a workshop attended primarily by farmers, woodlot owners and people from the forest industry. At that time the Ministry of Natural Resources was the lead for the program. The paper I believe is still pertinent.\nfile:///C:/Users/Kerry/Desktop/backup/My%20Documents/ESA%20Discussion%20%20Paper-%20January%202012.pdf\n"
    },
    "23329": {
        "url": "/comment/23329",
        "comment": "I'm all in favour of doing what we can to ensure \"positive outcomes for species at risk\" but the wording of this proposal makes me wonder if positive outcomes for economic development is actually the main purpose.  We should be able to develop the economy without putting species at risk at further risk.\nIn reference to this proposal, and that about the cormorant hunting season, and that about Schedule 10 or Bill 66, I would like to point out:\n1) In North America, we have learned the hard way that we need to take care of the environment we live in, and not soil our own nest - or anyone else's nest for that matter.\n2) If we are not very careful, we will soon be a species at risk, too.  Like species at risk, we live in the environment as well, and we need to protect it for our own long-term benefit as well.\nPlease do your utmost to ensure the sustainability of the environment for the health and well-being of your descendants and the other beings we share the world with.\n"
    },
    "23330": {
        "url": "/comment/23330",
        "comment": "Protect at risk animals.\nDo not weaken the ESA\nWe need habitat protection\nRepeal the long list of exemptions approved in 2013\n"
    },
    "23331": {
        "url": "/comment/23331",
        "comment": "Ford government, I am part of the Ontario constituents who CARE deeply about protecting the environment. I can read between the lines to see what 'efficiencies' and making things easier for business might mean in terms of protecting species that are currently known to be at risk and helping them recover, and also, to identify and protect those that are nearing at risk status. Do NOT loosen regulations to allow developers to skip environmental assessments which will further endanger wildlife - plants, animals, insects, birds and microorganisms - ALL OF WHICH are vital to maintain a healthy balance. Protecting nature is paramount to  our own survival. Increase protections now. Sure, if you can make it simpler and easier, do that, but not at the risk of skipping or cheating on rules that protect Ontario's wildlife. Business can look after themselves just fine. We must voice our desire to protect those with no voice to protect themselves.\nA small example: All of Ontario's eight species of turtles are now at risk, due primarily to loss of wetland habitat.\n"
    },
    "23332": {
        "url": "/comment/23332",
        "comment": "To whom it may concern,\nIt has come to my understanding that the Endangered species act is looking to be modified to improve business. As major sectors such as mining, forestry, etc. already have exemptions to this act, I am having trouble understanding how removing or modifying this act will have any positive impact on species that already at risk of extinction.\nIf anything this act needs to be modified to strengthen habitat protection and creation to support these species.\nAs a father to two very young daughters I want them to enjoy the rich diversity of Ontario, and be able to pass that on to their children as well.\n"
    },
    "23333": {
        "url": "/comment/23333",
        "comment": "I want better protections for Ontario\u2019s species at risk such as:\n-Changes to the Endangered Species Act should improve protections, not water them down even further.\n-This review won\u2019t help species at risk if it doesn\u2019t address exemptions that make it too easy for business and industry to do even more harm to critical habitat.\n-Clearly defined no-go zones protect wildlife \u2013 while creating efficiencies for business by making it clear where development won\u2019t be permitted.\n-We need protections that lead to recovery for species-at-risk in Ontario\u2013 we don\u2019t need changes that will drive more species to extinction.\n"
    },
    "23334": {
        "url": "/comment/23334",
        "comment": "All animals need their natural habitats protected!! They have no voice to say hey stop taking away my home! We have to be that voice and not let people take their homes away!! If we do they are going to die or come where we are just to try and find food and a home!! They just want to live free as well! They need to be saved or who knows how many years from now we won't have any animals left alive!!! They are special and need to have their homes protected!!\n"
    },
    "23335": {
        "url": "/comment/23335",
        "comment": "Changes to the Endangered Species Act should improve protections, not water them down even further.\nThis review won\u2019t help species at risk if it doesn\u2019t address exemptions that make it too easy for business and industry to do even more harm to critical habitat. Clearly defined no-go zones protect wildlife \u2013 while creating efficiencies for business by making it clear where development won\u2019t be permitted.\nWe need protections that lead to recovery for species-at-risk in Ontario\u2013 we don\u2019t need changes that will drive more species to extinction.\n"
    },
    "23337": {
        "url": "/comment/23337",
        "comment": "I support the OFIA position -  a permanent section 55 recognizing equivalency between the ESA and CFSA along with workable species at risk policy under the CFSA, especially for endangered species requirements in an approved FMP.\nForest management is one of the best tools we have to be able to create and improve habitat, through disturbance, for all wildlife.\n"
    }
}