{
    "23777": {
        "url": "/comment/23777",
        "comment": "The frequency of the words \"efficient\" and \"streamlined\" worries me. I am concerned that efforts to make the process more efficient will make regulations more lax and will decrease the level of species conservation we strive for. Ontario's PC government has not satisfied me with regards to green initiatives, and reviewing the Act now feels like a cop out in an attempt to please corporations.\nThe public cares about endangered species, and if the Act changes in favour of reducing constraints on business it will have grave consequences.\n"
    },
    "23779": {
        "url": "/comment/23779",
        "comment": "The Ontario Endangered Species Act is a last line of defence against extinction in an era that scientists have termed the sixth mass extinction on the planet.\nCanada\u2019s wildlife depends on innovative regulations, policies, and programs that make conservation of species at risk the primary goal.\nStronger and more effective action is the key to protection and recovery of Ontario\u2019s endangered species and providing clarity for business, not building further holes in the Endangered Species Act.  The Act already contains exemptions and permits for industry and the need for permits has been removed entirely for some activities that negatively impact species at risk.\nThe government wants to hear from people on four aspects of protecting endangered species that they pose as challenges to economic development.\nHere\u2019s what we think:\n1. Landscape Approaches\nWe support recovering species by looking at the entire landscape and taking actions that will contribute the most to improving habitat and protecting species from harm; however, care must be taken to ensure the individual needs of each species are still taken into account. There are situations where a species-specific approach is still warranted.\n2. Species Listing Process and Protections\nThe ability of the Committee on the Status of Species at Risk in Ontario (COSSARO) to determine the status of species, independent of government, is essential to the proper functioning of the Endangered Species Act (ESA). Improved communication and transparency in all aspects of species assessment and protection is warranted to provide clarity for the public and business.\nHabitat loss or degradation is a primary cause for species decline. Automatic protection, combined with clear communication on where impacts can and cannot occur, would protect species while providing certainty of what to expect for economic development.\n3. Species Recovery Policy and Habitat Regulations\nDelays and inaction are detrimental to species while at the same time providing little economic certainty since business is uninformed of the parameters under which they must operate.  What is needed for species and economic development is for government to focus resources on quickly providing the framework for protecting habitat and taking action.\n4. Permitting Processes\nWe are in favour of consistent application and streamlining of decisions, which must also include decisions to deny a permit for an activity that would harm a species or its habitat. Permits allowing harm to endangered species or their habitat poses considerable risk so need to come with strict conditions. Extinction is permanent.\n"
    },
    "23780": {
        "url": "/comment/23780",
        "comment": "The Ontario Endangered Species Act is a last line of defence against extinction in an era that scientists have termed the sixth mass extinction on the planet.\nCanada\u2019s wildlife depends on innovative regulations, policies, and programs that make conservation of species at risk the primary goal.\nStronger and more effective action is the key to protection and recovery of Ontario\u2019s endangered species and providing clarity for business, not building further holes in the Endangered Species Act.  The Act already contains exemptions and permits for industry and the need for permits has been removed entirely for some activities that negatively impact species at risk.\nThe government wants to hear from people on four aspects of protecting endangered species that they pose as challenges to economic development.\nHere\u2019s what we think:\n1. Landscape Approaches\nWe support recovering species by looking at the entire landscape and taking actions that will contribute the most to improving habitat and protecting species from harm; however, care must be taken to ensure the individual needs of each species are still taken into account. There are situations where a species-specific approach is still warranted.\n2. Species Listing Process and Protections\nThe ability of the Committee on the Status of Species at Risk in Ontario (COSSARO) to determine the status of species, independent of government, is essential to the proper functioning of the Endangered Species Act (ESA). Improved communication and transparency in all aspects of species assessment and protection is warranted to provide clarity for the public and business.\nHabitat loss or degradation is a primary cause for species decline. Automatic protection, combined with clear communication on where impacts can and cannot occur, would protect species while providing certainty of what to expect for economic development.\n3. Species Recovery Policy and Habitat Regulations\nDelays and inaction are detrimental to species while at the same time providing little economic certainty since business is uninformed of the parameters under which they must operate.  What is needed for species and economic development is for government to focus resources on quickly providing the framework for protecting habitat and taking action.\n4. Permitting Processes\nWe are in favour of consistent application and streamlining of decisions, which must also include decisions to deny a permit for an activity that would harm a species or its habitat. Permits allowing harm to endangered species or their habitat poses considerable risk so need to come with strict conditions. Extinction is permanent.\n"
    },
    "23781": {
        "url": "/comment/23781",
        "comment": "10th Year Review of Ontario\u2019s Endangered Species Act: Discussion Paper\nNature Conservancy of Canada - Ontario Region Comments\nThe Nature Conservancy of Canada\u2019s Ontario Region is pleased to provide commentary to the Government of Ontario regarding the ten-year review of the Endangered Species Act (ESA) and the Discussion Paper tabled by the Government.\nWe recognize the work completed to date with the government\u2019s Made in Ontario Environment Plan.  As Environment Minister Rod Phillips stated, these consultations can improve the effectiveness of environmental protections to ensure a balanced approach between a healthy environment and a healthy economy. In addition, NCC supports the approach of working with conservation organizations, businesses, Indigenous communities, and the public to improve environmental protections.\nAs stakeholders who have a nearly 60-year track record of delivering tangible results and solutions to protect land for future generations, there is an opportunity for all of us to work together to achieve the government\u2019s goals on clean air and water, addressing climate change, and conserving land and greenspace. NCC was pleased to have been recognized in the Made in Ontario Environment Plan  as a trusted partner in conserving land and greenspace which, in turn, protects species at risk.\nThe Discussion Paper notes that several species across the province are on the Species at Risk in Ontario List due to threats such as habitat loss, invasive species, climate change and disease. These include diverse species such as birds, fish, mussels, mammals, amphibians, reptiles, plants, and insects.\nIn Ontario and across the country, Nature Conservancy of Canada staff and partners play key roles in the protection of habitat for species at risk. Together, we are working to gather the clues and develop strategies that will help ensure the identification, protection, and even reintroduction of Canada\u2019s species at risk.\nThe Nature Conservancy of Canada participates in important work that contributes to the well-being of these species through on-the-ground actions such as monitoring species and improving their habitat, researching and planning what habitat needs to be conserved, and by participating in the development of species-at-risk recovery strategies.\nWe note that the Government of Ontario is particularly interested in hearing ideas in relation to four key areas of focus, as outlined in the Discussion Paper. Our response includes proposals for these four key areas of focus. In addition, we are proposing a specific partnership to protect species at risk through the Greenlands Conservation Program.\nLandscape Approaches\nThe Nature Conservancy of Canada\u2019s Ontario Region supports a landscape approach for conserving and restoring habitat mosaics for multiple species at risk.\n\u2022\tNCC recommends incorporating principles for recovery of species and mitigation of further loss, through the conservation and restoration of native species, and by addressing threats such as invasive species.\n\u2022\tFor qualified, competent conservation organizations doing species at risk recovery/stewardship work, consider an overarching multi-year umbrella stewardship agreement that recognizes net species at risk habitat benefits and species at risk habitat.\n\u2022\tGovernment should empower and adequately resource conservation organizations to implement landscape-scale stewardship activities that directly benefit species at risk and species at risk habitat, working on both private and public land (i.e. Long Point species at risk phragmites control project in collaboration with many partners and landowners). This is particularly relevant in southern Ontario where conservation organizations have existing relationships and partnerships with private landowners and many species at risk exist and are threatened.\nListing Process and Protections for Species at Risk\nWhile they play an important role, Government of Ontario Response Statements need to be updated over time to ensure they have a greater impact. NCC recommends establishing a feedback mechanism to assess the value and successes that have been achieved and actions taken.\nAuthorization Processes\n\u2022\tSection 16 Stewardship Agreements or similar instruments for projects to help species at risk should be promoted. These instruments will help cut red tape and streamline administration. This tool is not well-understood or advertised as a positive way to enable conservation projects to proceed within the intent of the legislation.\n\u2022\tThe current Endangered Species Act authorization review process does not differentiate species at risk stewardship and beneficial conservation projects from other projects with significant impacts such as development proposals.  As a result, substantial delays in the process occur. Clear direction and flexibility to field-level staff regarding the use of these agreements will enable a speedier and more flexible process.\n\u2022\tProvide local field office flexibility to work with project proponents in providing high-quality advice regarding project mitigation measures which will facilitate projects proceeding without contravening the Endangered Species Act.\n\u2022\tEncourage ideas to streamline authorization timelines for projects.  For example, some Ministry of Natural Resources district biologists (such as Aylmer, Guelph, Aurora) have issued a Letter of Advice or Letter to Proponent (LOA), which is much quicker and easier than moving a proposal through a Section 17(2)c \u201cOverall Benefit Permit.\u201d\n\u2022\tFormalizing these processes under the Endangered Species Act will greatly benefit good quality conservation projects, other projects with lower impact potential, and effectively cut red tape by streamlining authorization timelines for many projects. Document and share common and/or standard mitigation techniques with proponents to assist with mitigation plans (i.e. timing of activity, method, equipment, survey needs). Guidance on mitigation techniques for specific species and/or habitats could help speed up the process.\n\u2022\tRely on the expertise of local field staff and biologists for the review and approval of Overall Benefit Permits. While most review and communication about project proposals is done at the local level, this process has traditionally required additional review at Ministry of Natural Resource and Forestry regional offices, adding weeks or months to the process. As the local biologists are most familiar with the projects, landscape, species, and habitats it makes more sense to rely on their expertise and review for permit conditions. In addition, the current process delegation of authority for signing of these permits rests with the Minister. Delegating this authority down to the local manager would greatly improve timelines.\n\u2022\tEnsure that the Endangered Species Act meshes well with other pertinent legislation. This is especially timely as responsibility for the Act has moved from the Ministry of Natural Resources and Forestry to Environment, Conservation and Parks. Coordination between ministries will be required to ensure that projects are not held up by one or both authorizations. In addition, to ensure that conditions (e.g. mitigation measures, timing windows, techniques etc.) are not conflicting between authorizations, both within and between regulating ministries.\n\u2022\tImprove enforcement abilities and powers including inspection and investigation provisions to act quickly when a tip regarding a compliance issue is received. Increase monitoring and inspection of Endangered Species Act authorizations including online registered activities and rules-in-regulation approvals. Ensure officers have \u2018Stop Work Order\u2019 provisions to halt habitat destruction or species violations on the spot.\n\u2022\tThe government should also study conservation banking as a fund that has potential to create a net benefit for species at risk. Given the complexity of this issue, the Nature Conservancy of Canada would be pleased to work with the Government of Ontario further on this matter.\nGreenlands Conservation Program\nThe Nature Conservancy of Canada has a track record of success across Canada in preserving areas of significant environmental and ecological importance. These areas contain many species at risk. Most of Canada\u2019s critically endangered species live in the southern part of Canada. This is especially true in Ontario.\nGreater effort, through place-based conservation action and community engagement, is needed to stop species loss in Canada over the next decade. As part of NCC\u2019s initial submission in the first consultation phase, we proposed a partnership with the Government of Ontario to maximize progress towards Ontario\u2019s 2020 land conservation targets through the Greenlands Conservation Partnership.\nOver the last thirteen years, NCC has successfully demonstrated that it can leverage private sector contributions and donations with public funding to achieve real conservation results. To this end, NCC is proposing that the Government of Ontario invest $30 million in the Greenlands Conservation Partnership. This funding will be matched by NCC, at a ratio of least 1:1, with funds from other sources to achieve value to taxpayers.\nThe result of this partnership would be more than 150,000 acres (60,700 hectares), an area greater than ten times the size of the Town of Ajax. This would be secured land that is restored and managed. A $30 million investment to realize $60 million in conservation results that will directly lead to conservation and species at risk results.\nNCC proposes a \u201cramp-up\u201d for this funding partnership which would work as follows:\n\u2022\t$5 million in year 1\n\u2022\t$7.5 million in year 2\n\u2022\t$7.5 million in year 3 and\n\u2022\t$10 million in year 4\nNCC and Ontario\u2019s community land trusts stand ready to work with the government to enable a cost-effective and value-added program that, at a minimum, will double provincial government funding and facilitate tangible conservation outcomes in key communities across the province. The outcome of this partnership will be strategic conservation of Ontario\u2019s most significant and threatened natural landscapes and the species at risk found in these places.\nConclusion\nAs stakeholders who have more than a track record of more than 50-years  delivering tangible results and solutions in protecting land for future generations, NCC welcomes the opportunity to work together to achieve the government\u2019s goals on clean air and water, addressing climate change, and conserving land and greenspace.\nNCC looks forward to working closely with the Government of Ontario as it implements its environment plan.\nContact:\nMike Hendren\nRegional Vice President, Ontario Region\nNature Conservancy of Canada\nMike.Hendren@natureconservancy.ca\n(705) 313-4895\n"
    },
    "23783": {
        "url": "/comment/23783",
        "comment": "Protections for endangered species should only be increased, regardless of detriment to businesses. Each organism has a specific role in its community and losing them can destabilize entire ecosystems. Furthermore, a panel of independent (read: not government-funded) ecologists, biologists, and environmental scientists should be consulted before any development in or near the habitats of protected species. It's our Canadian duty to do better for this land and its creatures\n"
    },
    "23784": {
        "url": "/comment/23784",
        "comment": "A review of this act needs to focus on the at-risk species not development.  It is, after all, a piece of legislation designed to PROTECT animals not make it easier to cause their extinction in the name of progress.\nIt would be disingenuous to suggest developing in environmentally sensitive areas will help with the housing crisis in Ontario and I hope this will not be the tactic used by the government in this review. There are vacant warehouses, schools and other buildings languishing across this province. Before we destroy habitat we should repurpose the already developed areas available to us.\nI further hope this review does not suggest 'cutting red tape' is more important than taking the time to fully assess the damage a development project could cause in regards to our wildlife. Complaining about paper work in the face of losing a species permanently is not a valid argument, it's an excuse.\nWhat we must all understand is extinction is final. While the profit margin may be smaller on turning a school into lofts over building on currently protected land, there is no amount of money that can reverse death.\n"
    },
    "23785": {
        "url": "/comment/23785",
        "comment": "Thank you for the opportunity to review the ESA (2007).\nWhen this act was created it was internationally renowned for having a standard of each project that impacts SAR must achieve an overall benefit to the impacted species. The act held this standard while providing the flexibility to allow economically important projects to proceed, even in SAR habitat, so long as the impact is offset elsewhere.\nHowever, in 2013 exemptions were created to reduce this impressive, yet balanced approach. Several industries were given blanket exemptions from the overall benefit standard. These changes were shameful and pandered to the few rich folks. The same few rich folks the Ford government appears to be pandering to now. Let us hope this is not the case.\nAs a first step, the Ford government should repeal the 2013 exemptions that reduce the stand from \"overall benefit\" to \"mitigating adverse effects\".\nHere are some things that are very important to retain as they are crucial to the protection of SAR:\n1) The species at risk stewardship fund should be retained and the government should increase the amount it contributes to this fund each year. Furthermore, this fund should put a higher priority on projects that conduct research to improve our understanding of effective mitigation and offsetting measures.\n2) the species at risk research fund of Ontario should be retained and its support increased.\n3) The number of enforcement officers should be drastically increased as they simply do not have enough to do their jobs effectively.\n4) COSSARO should continue to be an independent, scientific panel that does not consider socioeconomics when determining the status of a species.\nHere are some things that should change:\n1) Permitting under the ESA, the FWCA, and the PPS should be integrated. The redundancies in applying for multiple provincial permits cost developers time and money. Each permit has its own set of timelines and its own independent government reviewers.)\n2) A tracking system of whether or not a project achieves the overall benefit at some time (e.g. 5 years post completion) should be implemented and corrective actions taken should the project fail.\nThank you for this opportunity to comment and make the ESA a stronger and more effective at recovering species at risk.\n"
    },
    "23787": {
        "url": "/comment/23787",
        "comment": "Species at Risk in Ontario need all the protections they currently have. Please do not make it easier to destroy their habitat.\nThe current ESA already has exemptions in place that would help developers move forward in rare situations where human safety trumps animal safety.\nIf you would like to make it easier for developers in Ontario I would like to see more Ministry advisors. If there were people who knew all the regulations of the ESA as well as the Planning Act those people could advise developers. Current systems do not allow for good communication between the developers and the different Ministries that regulate what a developer can and can not do.\nDevelopers want to protect species as well. They so not want to build on land that is critical to a species survival. But they need better communication earlier in the development process so such land is never considered as a prospect for development in the first place.\nThank you for your time\nAn Environmental Science Student\nNorth Bay, ON\n"
    },
    "23789": {
        "url": "/comment/23789",
        "comment": "As a biologist, nature-lover, and concerned resident of Ontario, the proposed changes to the Endangered Species Act are deeply troubling to me. We are in the midst of a mass extinction, and we must do our utmost to protect the rich biodiversity that we have here in Ontario. We MUST prioritize protecting endangered species and species at risk, which means that we must conserve their habitat through improved implementation of the Endangered Species Act in its current form. De-regulation is not the answer. A healthy economy relies on a healthy environment. Under the United Nations Convention of Biological Diversity, we as Ontarians have  a responsibility to maintain and promote biodiversity. Please do not weaken protection for species at risk!\n"
    },
    "23790": {
        "url": "/comment/23790",
        "comment": "Comment on area of focus 1 - Landscape approaches:\n- Species-specific and landscape approaches should go hand in hand when designing ways in managing Species at Risk (SAR). Indeed, landscape approach is an efficient way to design ways in managing SAR, however, since each species is different and have different habitat requirement, species-specific approach should still be the main management approach, while landscape approach should be a supplementary approach in deciding SAR management approach. This is especially important to species that are highly endangered and with a decreasing population trend. Depending mostly on landscape approach as the main way to design SAR management will risk missing important information regarding a SAR's ecological needs.\nComment on AREA OF FOCUS 2 \u2013 LISTING PROCESS AND PROTECTIONS FOR SPECIES AT RISK:\n-  SAR Listing decisions should be based entirely on best-available science from experts and Aboriginal Traditional Knowledge, economical reasons should not be included when listing decisions are made. Immediate actions should be taken to fight species endangerment and extinction.  While the listing process is already unnecessarily long, and such long timeline has already shortened the time spent in coming up with effective SAR management approaches, involving businesses and the public will only lengthen and complicate the listing procedure. Eliminating the involvement of businesses in species listing will also eliminate any sort of economical incentive that leads to favouring development over SAR protection. Endangered and threatened species should continue to be protected automatically. Information from COSSARO meetings can be posted online to improve transparency.\nComment on AREA OF FOCUS 3 \u2013 SPECIES RECOVERY POLICIES AND HABITAT REGULATIONS:\n- As mentioned earlier, fighting species endangerment and extinction requires immediate actions. SAR populations and their habitat conditions should be constantly monitored, and for species that are highly endangered, their population status and recovery progress should be monitored even closely to prevent them from going extinct. The time limit of nine months to develop the Government Response Statement should be shortened, or if not, remain unchanged, and not lengthened. A recovery progress review should be conducted every 3 years.\n- A species specific habitat regulation should always be in place for endangered and threatened species. Many species have unique habitat requirement during different life stage. This is especially true for aquatic species. Having general habitat protection will not fully protect species with different life stage requirements. Only through understanding a species' habitat requirement will lead to designing effective management approach to conserving the species.\nComment on AREA OF FOCUS 4 \u2013 AUTHORIZATION PROCESSES:\n- Human activities highly impact the ecosystems and species population. For example, hunting and fishing directly impacts the population trend of a species, releasing non-native species to an ecosystem may lead to biological invasion and other ecosystem disruption. Human activities that will affect the status and recovery progress of endangered and threatened species should be highly regulated. The government should not see authorization processes as \"administrative burdens\", it is an act of precaution and to ensure that there is no further endangerment of SAR.\nAll in all, when it comes to protecting Species at Risk, it is a race to rescue these species that are valuable to Ontario's biodiversity and to the overall global biodiversity. Economic development should not be included in the Endangered Species Act, and it should not affect any Species at Risk listing, protection and recovery strategy decisions. Best-available science and Aboriginal Traditional Knowledge should inform SAR listing and protection decisions. Climate change should also be accounted for when designing SAR management approach.\n"
    },
    "23791": {
        "url": "/comment/23791",
        "comment": "I am an ecologist and work for a consulting company that regularly implements the ESA on projects for the provincial government (i.e., MTO) and private developers.  I support the review of the Endangered Species Act, there are opportunities for improvements, but the tone of the Discussion Paper concerns me, as it seems that the primary intention of the review is to reduce the barriers to economic development.  While pro-business constituents can voice their opinions through this review (and other means), I ask you to listen to those that speak on behalf of the plants and wildlife that cannot and do not have the same financial backing to make their voices heard loudly.  I am even more concerned that these voices will not be clearly heard given the recent dismissal of Ontario\u2019s Environment Commissioner.  The protection of our plants and wildlife is critical \u2013 strong mechanisms are required to ensure their protection.  I see it ALL the time \u2013 if it costs more money to protect them it will not be done unless it is required, but these actions do not reflect what we all actually need.  Unfortunately, our society does not have the understanding of the great importance of the protection of our environment of which SAR are a component, in order to take action that support our environment for the benefit of all.  Until then, strong legislation and regulations are needed to ensure their protection.  Voluntary efforts, and nominal stewardship incentives are not enough.\nI also note that there is no indication that there has been a review to determine whether or not the ESA is currently effective at protecting and recovering species at risk.  This should done to critically assess the need for changes to the ESA, and to demonstrate how any proposed changes are intended to improve protection and recovery (including a measure of certainty of the anticipated success of those changes).\nLandscape Approaches:\nThe design of any landscape approaches needs to be made with the intention of species protection and recovery, and it needs to be overseen at the landscape level (this is expected to require government staff to oversee it).  The ESA is implemented on a project or site by site basis.  It is very difficult (maybe impossible) for an individual project to assess its relative contribution to the overall harm or protection of a species, as this is just a snap-shot in time, and the landscape is changing with many other projects being concurrently completed.\nThere is certainly value in the creation of recovery strategies at the landscape level in certain situations.  For example where there are multiple species using a landscape that may have competing protection requirements.\nListing Process:\nI understand that automatic species and habitat protections can contribute to uncertainty, but I do not support ministerial discretion on whether to apply, remove or temporarily delay protection for species or their habitat.  While it sounds like some flexibility would be beneficial as the implications of listing of species can vary, I do not trust the ministerial staff and politicians to make this decision, especially without the Environmental Commissioner\u2019s oversight.\nI also do not support a transition period to listing of species or their habitat because of the likelihood that it will actually result in much more harm to SAR and their habitat during the transition period to avoid potential regulations.  We\u2019ve seen this in many other cases (i.e., clearing of woodlands during the development of Significant Woodland definitions in some municipalities to avoid the potential protection of these features).\nIt is necessary that the listing process be a scientifically based approach.  In practice this does not always appear to be the case.  COSEWIC has a much more robust scientific review of SAR listings, this reflects the investment in the staffing of this committee.  COSSARO could be improved with better funding for staffing of the committee.\nSpecies Recovery:\nExtending the government response period of nine months for recovery strategies and management plans needs to be clearly justified and the government needs to ensure they have sufficient staffing to undertake and develop these strategies and plans in a timely manner.  It does not currently appear that there will be enough ministerial staff to complete the work load required, given the anticipated reductions in staff.\nAuthorization Processes:\nThe question of whether conservation banking is an option requires demonstration that this has been successfully implemented elsewhere (measure of success requires benefit to the species), and that it directly applies to the situation and species in Ontario.  I am very reluctant to support this, on the ground recovery actions are necessary to offset any impacts to SAR.\nI would like to see that there has been rigorous review to justify any proposed changes to the act and that any changes prioritize the intentions of this Act, which is to protect and recover at risk wildlife.\n"
    },
    "23792": {
        "url": "/comment/23792",
        "comment": "As an ecologist, this review of the Endangered Species Act (ESA) is alarming and littered with no-so-thinly veiled hints that economic growth will be prioritized over conservation. Without even delving into the intrinsic value of our native flora and fauna, Ontario's biodiversity (including its 243 species at risk) provides invaluable ecosystem services that invasive and introduced species cannot replicate. This discussion paper claims that automatic species protections \"can contribute to high uncertainty and costly impacts to businesses and the public\". I would argue that it is better to err on the side of caution by affording a species more protections that potentially are needed, than to underestimate and risk extirpation. We are currently in the midst of a sixth mass extinction event, caused by humans, that will have major economic and social consequences. More freedom for economic development now will not benefit us in the future when we are facing global shortages of clean water, soil nutrients, crop pollinators, areas of carbon sequestration, etc.\nAdditionally, it is disturbing to read that proposed changes should \"increase efficiencies\" for businesses; this runs counter to the ESA's main purpose of protecting species at risk. It cannot be avoided that processes such as those for authorization permits under the ESA will often involve \"significant administrative burdens and delays\". Destruction, degradation, or fragmentation of habitat has serious ramifications and in the overwhelming majority of cases cannot be reversed. The burden should always be on businesses to avoid and mitigate harm to species and their habitats, rather than modifying the ESA to make it easier for businesses to obtain authorization. The suggestion that businesses could pay into a \"conservation fund\" instead of fulfilling activity-based requirements ignores the fact that not all habitat is equal. Many populations, including those of migratory species, are dependent on specific areas and may rapidly decline once the amount of available habitat falls below a certain threshold. Destruction of habitat cannot be directly compensated for by contributing to other conservation measures, or even by protecting habitat elsewhere.\nI conclude that this discussion paper has presented no evidence to support the claim that the current ESA has harmed the economy, and that based on the goals of the ESA, proposed changes should not \"streamline processes\" for economic development. The Ontario government should remember the extraordinary value of our biodiversity.\n"
    },
    "23796": {
        "url": "/comment/23796",
        "comment": "Thank you for the opportunity to comment on the ESA review.\nPlease do the right thing by truly protecting our endangered species and their natural habitats. Once they're gone, that's it, and it does matter. Money really isn't everything.\n\"Changes to the Endangered Species Act should improve protections, not water them down further.\nThis review won\u2019t help species at risk if it doesn\u2019t address exemptions that make it too easy for business and industry to do even more harm to critical habitat. Clearly defined no-go zones protect wildlife while creating efficiencies for business by making it clear where development won\u2019t be permitted (no exemptions).\nWe want protections that lead to recovery for species-at-risk in Ontario \u2013 we don\u2019t want changes that will drive more species to extinction.\"  -- World Wildlife Fund Canada\nPlease learn from the WWF's \"Living Planet Report Canada\": http://www.wwf.ca/about_us/lprc/?_ga=2.31169919.119320606.1551750055-76\u2026.  \"Half of Canada\u2019s wildlife are in decline \u2013 by a whopping 83 per cent. Provincial governments must be part of the solution. \"\n\"Focus on habitat-protection measures that are effective for the listed species and that simultaneously improve outcomes for multiple species at risk.\nWork with other ministries to ensure coordination to limit cumulative impacts on the lands and waters that provide wildlife habitat.\nRepeal the long list of exemptions for forestry, hydro, mining and commercial development, approved by cabinet in 2013.\nAmend the law to set a higher bar for creating exemptions through regulation by ensuring they cannot jeopardize the recovery of threatened or endangered species.\nEnsure local communities benefit from activities to maintain and restore endangered species and their habitat, including rural and northern communities.\nSupport the continued leadership and critical role of Indigenous Peoples in conservation initiatives.\" -- David Suzuki Foundation\nThank you.\n"
    },
    "23797": {
        "url": "/comment/23797",
        "comment": "To reduce the red tape and duplication that results from having two Acts that attempt to achieve the same outcomes the government must recognize the Crown Forest Sustainablity Act (CFSA) as an equivalent process to the Endangered Species Act (ESA) through a permanent Section 55 Regulation.\nThe CFSA provides landscape, stand and site level direction for managing, conserving and protecting species at risk. Having two Acts trying to accomplish the same outcome is decimating the Forest industry in Ontario by tying it up in red tape.\nA sustainable Forest Management Plan (FMP) to be truly sustainable must satisfy all three pillars of sustainability: Social, Environmental and Economic.  Currently there is NOT equity in the application of the three pillars.  Focus appears to be only on the Environmental component.  The present enforcement of the Endangered Species Act and MNRF\u2019s application of Areas of Concern in relation to forest harvesting activities is pedacious.\nEquitable application of protection criteria must apply to everyone.\nTravel down a highway through out Ontario in the spring and count the dead turtles on the road.  Where is the Area of Concern?\nWatch Ontario Hydro workers drive hudge  tracked vehicles through cattail ponds with frogs, nesting red wing blackbirds and effervescent dragonflies.  Where is the Area of concern?\n"
    },
    "23798": {
        "url": "/comment/23798",
        "comment": "To Whom It May Concern,\nPlease accept the following comments regarding the discussion paper about the Endangered Species Act (ESA).\nA large number of species are in decline, most of which due to anthropogenic impacts to habitat or the species directly.  In some cases, near catastrophic habitat loss has already occurred (ie Essex County, Perth County), though in other circumstances, mortality and/or habitat loss has not yet reached critical levels (ie parts of Muskoka, northern Ontario, etc.).  Whether it is acute impacts, or chronic long-term losses, the result is clear, we are losing wild plant and animals at an alarming rate.  Both COSEWIC and COSSARO assessments show how dire the situation is for many plants and animals in the province, and beyond.    Maintaining only representative subpopulations is not enough, we need to ensure large-scale protection of species and habitats into the future.  Habitat is not static, it changes due to environmental conditions, anthropogenic threats, and natural succession.  We need to, at the very least, maintain current protections offered by the provincial ESA, but at best increase protections, increase charges for violations, better enforce current laws and provide more funding for protection, research and enforcement.  Without proactive efforts, we will continue to lose or harm Ontario\u2019s biodiversity.  Ensuring Ontario is seen as the gold standard for species protection will influence other provinces and countries to keep up.  I have worked with Species At Risk for over 25 years and the threats are increasing.  In general, the bulk of Ontario\u2019s human population exists within the most important habitat for wildlife in the province.  Allowing business, infrastructure, and other opportunities that negatively impact our environment to proceed without extremely strict guidelines and enforcement of Endangered Species legislation is both careless and short-sighted.  Once an area is lost to development, it does not return.  Compromising important plant and wildlife habitat results in decreased viability of populations, loopholes that benefit more development over ecosystem health and long-term impacts that not only affect plants and wildlife, but the human population as well.\nArea of Focus 1 \u2013 Landscape Approaches\nRecovery activities that can assist a community of species can be beneficial, though single-species needs may not always be met during landscape approaches.  Species protection needs to be addressed on a case by case basis, and when opportunities for a landscape approach make sense, they can be put into practice.  Approaches that increase overall habitat availability, link natural habitats and reduce significant threats are generally efforts that can benefit a large diversity of species.  However, single species threats may need separate approaches.  Additionally, it must be made abundantly clear that the protection of species across their range is necessary, not just representative populations.  Species protection across the range is necessary to ensure long-term survival as threats increase.  It is essential to promote ecologically sound recovery and conservation practices that include the protection of multiple populations, even those that may be isolated.  Under no circumstances should changes be made to the ESA that would weaken Species At Risk protections, or make it easier for proponents to fragment, harm or destroy habitat, or result in injury or mortality of Species At Risk.\nThe species listed as at risk are under intense pressures already, many of which continue to decline due to not enough protection being offered.  If changes are to be made the ESA, they should be based on increasing protections for Species At Risk, increasing enforcement of the ESA, increasing funding opportunities for research and stewardship activities and ensuring COSSARO is able to function efficiently and effectively.  With regard to \u201coverall benefit\u201d during development, it should be noted that further protections for Species At Risk need to be addressed, since what looks good on paper, is not necessarily what is best in practice.  Overall benefit has the potential to reduce true protections for Species At Risk under certain circumstances, so a more thorough review of the destruction to SAR needs to be completed, and increased protections and more appropriate overall benefit options need to be investigated.  For example, putting in ecopassages without fencing is not appropriate, putting in turtle nesting mounds without a permanent management plan for upkeep is pointless, removing established habitat and replacing it with unproven alternative habitat is detrimental. Many more examples exist.\nArea of Focus 2 \u2013 Listing Process\nNo changes to the automatic listing of SAR after review by COSSARO should be made.  This is an important aspect of the ESA, one that ensures listing is based on the best available scientific information, not political pressure.  Additionally, the automatic protection of habitat for newly-listed Threatened and Endangered species should not change.  The species is being listed because it is in decline, and thus quick action is necessary to slow current threats. Ministerial removal or delay of protections could be detrimental to the species in need of protection and could reduce the integrity of the listing process and the Act itself. If a delay is necessary, this could be vetted through COSSARO to ensure significant harm to the species will not occur based on the best available information.\nIn some cases, there may be no way around limited public access to location information due to data sensitivity.  Due to the risk of illegal collection, the location of many species is unknown to most residents of Ontario, until issues of habitat destruction or other issues of species impact occur. To better inform the public, a detailed fact sheet on data sensitivity may be necessary and may need to include all of the species that may be included (i.e., ginseng, spotted turtle, etc.).  This information sheet would need to be linked whenever a data sensitive species is up for assessment. On a species by species basis, general range information may be provided, without specific location information (i.e., Carolinian Zone, Niagara Escarpment, Oxford County, etc.).  There is no perfect solution for all species, and educational materials need to illustrate this.  Letting the public know how the process works, and why some species need additional safeguarding is important.\nIn materials available to stakeholders and the public, it should be made clear that the majority of reports have already been peer reviewed through the COSEWIC process.  COSEWIC provides a rigorous IUCN-based assessment that is vetted by biologists, government, First Nations and independent members.  By the time COSSARO reviews these documents, they have been heavily scrutinized, and COSSARO provides an additional level of assessment, revision and peer review of the information.  The process used by IUCN, COSEWIC and COSSARO is nationally and internationally recognized and adopted, after decades of fine tuning.  If there is new, emerging information that could affect status, COSSARO should be tasked with ensuring this is addressed.\nArea of Focus 3 \u2013 Species Recovery Policies\nHabitat protection is necessary for all species. Regulated habitat is necessary for species that require a range expansion in order to be down-listed, as well as species with limited distributions to ensure enough habitat is available for future movement and protection.  We need to see wildlife habitat as a living entity, one that changes over time, and in doing so wildlife need to move in order to survive.  River channels can move considerably over a century, prairies can turn into forests, ponds can become meadows, meadows turn into fields and so on and so forth.  Humans often see natural areas as permanent, assuming the natural area will always be similar.  This is not the case, so we need to allow room for species to move when habitats change.  The changes to habitats are increasing rapidly due to anthropogenic issues (ie invasive species, climate change, pollution etc), so this issue continues to be relevant.\nArea of Focus 4 \u2013 Authorization Processes\nVarious permits are available under the ESA, with the most common being the C permit (Overall Benefit Permit).  The potential for the overall benefit not to be overly beneficial is high.  What looks good on paper is not always what works on the ground.  Expert review of such permits must be carried out by species specialists, especially in cases where important habitat could be lost, or mortality of individuals could occur.  Also, allowing the proponent too much leeway in how these activities are carried out has the potential to limit effectiveness or appropriateness of the actions.  Consulting firms are often heavily influenced by the proponent and thus appropriate efforts are not always carried out.  When combined with lack of enforcement due to funding limitations, problems facing Species At Risk could increase, or at the very least not be addressed to the extent necessary to protect, conserve or recover the species.\nHaving consultants hired by the proponent, and the proponent in charge of activities to benefit Species At Risk, is obviously a backwards approach to species protection.  With regard to monitoring of overall benefit: long term benefits can not be observed over a few month or few year period for many species.  Animals such as turtles may take decades to show increases or losses due to changes in their environment.  The Ontario Ministry of the Environment, Conservation, and Parks must ensure enforcement, review and follow-up with the proponent over many years.  Without this, how is there proof that benefit has occurred?  Most Species At Risk don\u2019t show rapid changes in populations, so the damage that may be done today, may not truly be understood for many years.  Since alteration of habitat and potential mortality of individuals is occurring in many areas across the province, we do not have a true sense of the overall impact it will have.  For example, adding a culvert under a road to compensate for destroying habitat may not be a true benefit, and should not simply be seen as a checkmark on a permit application review.  Overall benefit reports (other than for data sensitive species) should be made available to the public, to ensure benefit has been achieved through peer review.\nSignificant Social or Economic Benefit Permits (D permits) have the potential to be used inappropriately, and cause large-scale damage to Species At Risk and their habitats.  The use of these permits should never become a tool to circumvent laws to protect Species At Risk without appropriate justification.   The acceptance of this permit should only occur after rigorous review, and only truly significant benefits should trigger their use.  In essence, this should be an extremely rare occurrence.  Even under such rare circumstances, if a permit is granted, the overall benefit to Species At Risk should also be significant to compensate for losses.  Additionally, big industry, including Forestry should not be exempt from the ESA, and needs to be enforced on all lands, including Crown Land.\nI would also like to support the following information provide through the Canadian Herpetological Society:\n\u201cOther changes to the ESA should also be made to truly strengthen the protection  of SAR in Ontario:\n1)\tIt is time to repeal the 2013 exemptions for the forestry, hydro, mining and development industries. These exemptions can allow the widespread destruction of SAR habitat.\n2)\tAmend section 57 (1)1 of the ESA so that exemptions will only be allowed if they do not jeopardize the survival and recovery of Endangered and Threatened species.\n3) \tProper enforcement of the ESA must also occur. Too often there is no government monitoring of development projects, which can lead to violations of ESA permit conditions, and especially a lack of follow-through on required overall benefit activities. Even when charges are laid under the ESA, the penalties have often been lax. Fines simply become the price for doing business, rather than a deterrent.\nProtection for SAR also requires stable, long-term funding. We strongly encourage the government to continue to fund the Species at Risk Stewardship Fund, and the Species at Risk Research Fund. Both of these funding programs leveraged a significant amount of funding from the private sector, providing valuable extra funding for protecting SAR informed through scientific research, and making the investment from the provincial government very cost effective. Cutting these funding programs would greatly harm the recovery of SAR.\u201d\nConclusion\nWhile there may be opportunities to streamline permitting and other ESA-related tasks, they must not weaken the protections provided to Species at Risk.  We are facing a critical moment for wildlife losses around the world, and Ontario is not immune.  Threats are increasing each year, and there is little chance of relief from these pressures (human population growth, pollution, invasive species, climate change, etc.). Without quick and effective action now, we will continue to observe declines for species across the province.  Without maintaining or increasing protections, either recovery will not be possible, or it will be exponentially more expensive to achieve.  With the current legislation, we are not witnessing drastic increases in most SAR populations, but the efforts are helping to at least slow declines.  With any weakening of the act, we run the very likely risk of increasing rates of decline, increasing costs to recover species and increasing the number of species that become at risk.  Ontario needs to be an example of what true species protection looks like in Canada, and around the world.  If we limit protections in the ESA, we will continue to dismantle the ecosystem through the loss of habitat and species diversity.  In the end, this will impact us all.  As someone that has studied wildlife and worked to recover populations of species at risk for over two decades, I can state with full confidence that we are not doing enough, but we are on the right track with the ESA.  There is little room for error, so protections for SAR must be maintained or increased.\n"
    },
    "23800": {
        "url": "/comment/23800",
        "comment": "Please take a moment to consider my commentary re: the 10-year review of the Endangered Species Act (ESA; ERO No. 013-4143).\nI am an ecologist by trade and have some experience in interpreting the ESA in development scenarios. Furthermore I am familiar with many of the species that the ESA protects, and I am aware of at least some of the problems with the Act.\nIn the Discussion Paper, you state that the ESA is criticized for being \"ineffective in its aim to protect and recover species at risk [and] for being unclear\", both of which are subjective overstatements.\nThe ESA is an effective and transparent piece of legislation that allows very little wiggle room, which is exactly what is needed for Ontario's Species at Risk. The ESA is clear in both intent and application; Endangered and Threatened species and their habitats are protected, and the particulars are dealt with under the species' individual regulations.\nThere are some problems in implementation. The majority of problems occur due to a few key species which the Act does not protect effectively.  These should be dealt with through specific exceptions/revisions of their protection criteria or habitat regulations, not by substantially altering the Act overall. Typically, failures of the ESA relate to species declining from disease (like Butternut), species that move substantially year-to-year or those whose main problems occur south of our borders (like Bobolink). These scenarios could be improved by making changes to the individual species' habitat regulations or exemptions on a species by species basis, rather than overhauling core components of the act.\nThe discussion paper cites a desire for a 'landscape approach', which sounds good on the surface but contains flaws in practice. On its own, a general 'landscape' habitat protection is too blunt of a plan and risks rendering the ESA ineffective.  Generic blanket protection has been demonstrated to have serious drawbacks in other policy applications such as the Significant Wildlife Habitat category protected by the Provincial Policy Statement. For example, habitat of Special Concern species is protected as Significant Wildlife Habitat; however, in practice, nobody is willing to protect 100% of this habitat. Instead, Ecological Impact Studies typically recommend that some amount of significant habitat can be destroyed, as long as some vague proportion of the habitat is retained, and the size of this vague proportion is rarely backed by rigorous science. It has become standard to write-off inconvenient blocks of habitat as long as 'similar habitat' is available nearby. This could easily happen to a landscape-scale approach for the ESA. For species with very specific habitat needs, such wishy-washy policy risks destroying crucial habitat features. Furthermore, a 'landscape approach' makes it too easy to chip-chip-chip away at Endangered species habitats, as it allows too much discretion and vagueness, and there is no clear cutoff point at which habitat becomes categorically protected. Clear habitat regulations are required, and if there is a problem with them, these habitat regulations can be changed individually.  If anything, putting a landscape approach over top of existing habitat regulations would be the only way to improve protections.\nI think it is wrong-headed to interfere with COSSARO's reporting and COSSARO should be left to operate as it has been doing. The government should maintain a science-based listing by COSSARO, and prevent any appeal process to COSSARO assessments and subsequent listing on SARO.\nThe Authorization process for enabling activities prohibited by the ESA is only egregiously problematic/onerous/overbearing for a few key common species such as Butternut. This is not the case for the majority of species, which are significantly rarer and benefit from the red tape and administrative slowdowns, which afford them proper consideration. The ESA is not intended to be easy to bypass for the benefit of business; conservation is not a convenience. We are talking about actual living species which could be destroyed by our ignorance and cavalier habitat destruction.  The Ontario countryside is extremely valuable and is an important piece of heritage passed down over generations of people who have lived here.  There are things that we will lose permanently if we destroy them now.  It is not the right of developers to turn all of our countryside into endless suburbia for their own personal gain. Development is not a right, it is a privilege, and should only be undertaken with the future of Ontarians in mind, not catering to the pocketbooks of the rich.\nI also think you should strengthen the ESA through the following:\n- Repeal the exemptions created in 2013 to permit forestry and mining industries to conduct harmful activities to species at risk.\n- Repeal the exemption created in 2016 to allow hunting and trapping of the Threatened Algonquin wolf.\nI do not want substantial changes to occur to the ESA and I am concerned about the intentions of the current Ontario government, which has made it clear that they want to make Ontario 'open for business'. Ontario is not a convenience, and our future is not a trivial matter. Please only make genuine improvements to the ESA, and do not remove its protective capacities.\n"
    }
}