{
    "22024": {
        "url": "/comment/22024",
        "comment": "Re focus 1:\n-The law should not be changed to allow landscape approaches \u201cinstead of\u201d species-specific approaches. The fine scale of species-specific status assessments, listings and protections is needed.\n-Regarding landscape planning, the ESA already provides for this. No change to the law is needed.\n-With regard to authorizing harmful activities at a broad scale, such an approach is inappropriate for\nendangered and threatened species. It doesn\u2019t lend itself to addressing site-specific or species- specific concerns and consequently presents unwarranted additional risk for species already in peril.\nRe focus 2:\nScience-based listing and automatic protections provide certainty.\n-There should be no change to the ESA regarding the listing process and the role of COSSARO. The\nlaw sets out a transparent approach to listing based on a consideration of \u201cthe best available scientific information, including information obtained from community knowledge and aboriginal traditional knowledge.\u201d (sec. 5(3)).\n-Improving notification is an implementation issue which should be addressed through better communications. In its listing process, COSSARO is required to consider species listed by the federal Committee on the Status of Endangered Wildlife in Canada (sec. 4(2)a); there are years of notice embedded in this process, from the release of COSEWIC status reports to the listing by COSSARO.\n-oThereshouldbenoalternativetoautomaticspeciesandhabitatprotections(e.g.,through ministerial discretion to remove or delay protections).\nRe focus 3:\nThere should be no change to the legal requirement to produce Government Response Statements (GRS) within nine months of the release of Recovery Strategies (sec. 11(8)). Failure to meet the legislated deadline is an implementation issue.\n-The required five-year reporting on progress is reasonable and ensures transparency and accountability. It provides an impetus for action, ensuring that effectiveness is assessed, and contributes to institutional learning and adaptive management.\n-The government should legislate additional reporting requirements (e.g., every five years) to drive ongoing action and monitoring beyond the first five years.\n-The ESA already allows the Minister to delay the development of a habitat regulation (sec. 56 (1)b) or to not proceed with a habitat regulation (sec. 56 (1)c). No change to the law is needed.\n-There should be no changes to the legal provisions for habitat regulations, which describe specific boundaries or features of areas deemed to be habitat and provide enhanced certainty for ESA implementation and enforcement. They can include areas where a species \u201cused to live or is believed to be capable of living\u201d (sec. 55(3)b), presenting a significant opportunity for protection and recovery efforts to extend beyond places where species at risk currently persist.\nRe focus 4:\nThis is the Endangered Species Act, not the Endangered Business Act. The priority must be on protecting and recovering species at risk.\n-There are already sufficient authorization tools. No new tools are needed. Challenges should be addressed through improved implementation.\n-ProponentsofharmfulactivitiesshouldNOTbeallowedtosimplypayintoaconservationfund-an easy way out that reduces accountability and facilitates harm to species at risk and their habitats. Retain the current requirements to provide an on-the-ground, overall benefit to species harmed.\n-Do not simplify requirements for sec. 17(2)d permits. These are intended to be available only for projects that \u201cresult in a significant social or economic benefit to Ontario\u201d and that will not \u201cjeopardize the survival or recovery of the species in Ontario.\u201d These are appropriate requirements and ensure that such permits are issued only an exceptional basis.\n-Do not simplify requirements for exemptions through regulation. On the contrary, make the requirements more stringent by amending the law (sec. 57) to ensure that exemptions are premised on providing an overall benefit to species at risk and cannot jeopardize their survival or recovery.\n-Strengthen protections for species at risk by repealing the sweeping exemptions for industry and development (forestry, hydro, mining, aggregate extraction, and more) approved by Cabinet in 2013. The 2013 exemptions have become the primary means for allowing harmful activities to proceed. As of October 11, 2017, there had been 2,065 registrations for exemptions and about 85 percent of these were for activities that violate ESA protections for species at risk and their habitats.\n-Enforcementofficershavenoauthoritytoroutinelyinspectexemptedactivitiestoensure compliance with legal requirements, and consequently no inspection takes place. Implement the recommendation of the Environmental Commissioner of Ontario to amend the ESA to give enforcement officers the power to conduct compliance inspections.\n-Enhance transparency and accountability by amending the exemption regulation (242/08) to require all proponents of harmful activities to automatically submit their mitigation plans and annual reports to the government and to ensure that these are publicly available.\n-The ESA (sec. 18) already provides a means to harmonize its requirements with other legislative or regulatory frameworks. No legislative change is needed. This is an implementation issue.\n"
    },
    "22025": {
        "url": "/comment/22025",
        "comment": "For the fourth area of focus on the \u201cAuthorization Process\u201d:\n    One of the act\u2019s main challenges is that it adds delay towards activities subject to other regulatory framework such as Ontario\u2019s Crown Forest Sustainability Act. Instead of delaying such activities and causing complications, finishing an activity in progress should be done first, unless a species needs urgent protection for Ontario\u2019s Endangered Species Act to be prioritized.\n    Another problem is that enforcing regulations across all Ontario is inconsistent, thus, severely taxing companies producing more waste than they\u2019re permitted to is very important. There needs to be certain guidelines enforced so that it's fair across Ontario.\n"
    },
    "22026": {
        "url": "/comment/22026",
        "comment": "The recently proposed updates to Ontario\u2019s Endangered Species Act need to be reanalyzed for numerous reasons, some of which I will address below. Area Of Focus 2 \u2013 Listing process and protections for species at risk, proposes changes that would be detrimental to numerous species and is a terrible example of the morals and goals exemplified by Canada \u2013 a leader in the green movement. The review mentions an alternative approach to automatic species and habitat protections, however, this would simply allow companies a grace period to complete the impending damage before the protections were to come into place. At that point, the damage caused to the environment would already be done and the protections would be less effective and would need to be directed more towards restoration than protection or maintenance. Removing automatic protections when a species is added to the registry would put all species at risk \u2013 even those not yet deemed at risk. The article had also mentioned the difficulties reading and understanding the protections currently in place, and issues regarding a supposed lack of public notice before a new species is automatically listed on the Species at Risk Ontario Registry. The system currently in place for notification and information organization is thorough. It is my professional opinion that companies could benefit from an environmental translator to better understand the policies currently in place and what that means for potential projects that could affect newly or previously inhabited/protected areas. It is a requirement, in Canada\u2019s own literature \u2013 that we must use the precautionary principle where there may be potential for damage to public or environment (Morris, 2019). We must prevent the damage before it occurs. Removing automatic protections for species at risk mean that we are opening a pocket for destruction and pollution of environments leaving them beyond repair before restrictions come into place. We have the knowledge, and technology. Removing automatic protections would imply that business takes president over the environmental views that We - as a country supposedly exemplify. We are responsible to conserve the species and their environments. It is our responsibility. Do not be the reason that more animals become at risk, endangered, or go extinct.\n"
    },
    "22034": {
        "url": "/comment/22034",
        "comment": "Regarding Area of Focus 3.\nA species/Ontarians may benefit from additional time for the Goverment Response Statement in the context of Range shifts due to climate change. Species that may not face any immediate challenges may face them in the future, and would benefit from additional time. (The alternative is being ignored in the present moment, as a GRS would be ignored, despite the risk the species is facing). The GRS should be exteneded when recovery approaches for a species are required).\nThe GRS should be initiated when a species where additional data is likely to be made over a longer timeframe.\nThe development of a habitat regulation again should take into account the future range shifts species may experience when exposed to climate change. A regulation where a habitat is protected and the species leaves is useful to no one.\n"
    },
    "22035": {
        "url": "/comment/22035",
        "comment": "As a conservation biology student from the University of Toronto, I would like to comment on how the protection of species at risk can be enhanced. To begin with, the extensive implementation of case-by-case and species-specific policies reduces the protection of certain species at risk since these approaches tend to restrict or interfere with the protection of other species of the same habitat. Species at risk that rely on wide-ranged habitats may require a landscape approach that is a able to conserve these species at a larger scale. Landscape approaches should be extensively implemented over case-by-case and species-specific approaches because it is more effective in areas where multiple species at risk can be managed and protected. A study conducted by Lesbarr\u00e8res et al., regarding the conservation of amphibians and reptiles listed as at-risk by COSEWIC, explores the challenges of successfully and effectively conserving these species and possible solutions to these challenges. One of the challenges encountered was that the habitat selection studies were mostly conducted at small spatial scales even though these herpetofauna occupy a wide-range of habitats in northern Canada (Lesbarr\u00e8res et al., 2014). The authors of this article had suggested that approaches which correlate habitat selection to fitness, and are conducted at a large spatial scale (landscape approaches) would be effective in determining suitable habitats for conservation (Lesbarr\u00e8res et al., 2014). In addition, the authors had proposed that further research and advancements in analytics regarding the understanding of evolutionary potential and dynamics of edge-of-range populations is necessary to achieve future conservation goals (Lesbarr\u00e8res et al., 2014). New advancements in analytical tools have been proven to be helpful in determining suitable habitats for conservation, as they have allowed conservation biologists to determine source and sink population dynamics, population histories, reactions caused by environmental change from the past (Lesbarr\u00e8res et al., 2014). All in all, the Ministry of the Environment, Conservation and Parks should make amendments to the Endangered Species which allows for the landscape approaches and conservations solutions proposed by Lesbarr\u00e8res et al., to be implemented.\nLesbarr\u00e8res, D., Ashpole, S. L., Bishop, C. A., Blouin-Demers, G., Brooks, R. J., Echaubard, P., . . . Lougheed, S. C. (2014). Conservation of herpetofauna in northern landscapes: Threats and challenges from a canadian perspective. Biological Conservation, 170(Complete), 48-55. doi:10.1016/j.biocon.2013.12.030\n"
    },
    "22036": {
        "url": "/comment/22036",
        "comment": "Re: 10th year review of the Endangered Species Act\nI grew up on a small farm in southern Ontario. For the past five years, I have been studying the rare and endangered plant species of southern Ontario\u2019s forests and talking to the landowners who own these forests. I am very concerned that the current review and proposed changes to the Endangered Species Act will counteract the very reason the Act was enacted: to promote recovery of species that are in danger of being extirpated from Ontario.\nFrom the Act itself:\nThe purposes of this Act are:\n1. To identify species at risk based on the best available scientific information, including information obtained from community knowledge and aboriginal traditional knowledge.\n2. To protect species that are at risk and their habitats, and to promote the recovery of species that are at risk.\n3. To promote stewardship activities to assist in the protection and recovery of species that are at risk. 2007, c. 6, s. 1.\nMy main concerns are as follows:\n(1) Species listed as endangered or threatened by COSSARO are already in great danger of becoming extirpated. In NO circumstances would these species benefit from extending the timeline for the development of Recovery Strategies and Government Response Statements. From the Act: \u201cA species shall be classified as an endangered species if it lives in the wild in Ontario but is facing imminent extinction or extirpation.\u201d These species cannot wait for action. Lengthening or doing away with timelines would be counter to the purpose of the Act.\n(2) The plants that I study live in the highly reduced and fragmented forests of southern Ontario. This landscape was once over 80% forested, but now in some counties less than 10% of the land area is forested. For those species with only a few populations left, protecting the forests in which they live is necessary to prevent their extinction. Any activity that would result in the destruction of their habitat results in further losses and prevents recovery. Not providing automatic protections to threatened and endangered species and their habitat would make the Act completely ineffective.\n(3) The 2013 exemptions to the Act\u2019s permit requirements have already weakened habitat protections and allowed a proliferation of authorizations to harm the species the Act was meant to protect, as reported in the Environmental Commissioner of Ontario\u2019s 2017 Environmental Protection Report. Further weakening of authorization requirements will only lead to worse outcomes for species at risk. In order to protect species at risk, development that threatens them and their habitat must be prevented, not facilitated.\n(4) The plants and animals that have lived in Ontario for thousands of years are unique parts of our Natural Heritage. Most landowners I interviewed in southern Ontario say they value species at risk, and agree that regulations are necessary to help protect them. In a survey of 1,000 Canadians, 89% agreed that it is important to prevent the extinction of wild plants and animals in Canada, and 80% agreed with the need to limit industrial activities in certain areas in order to protect endangered species (see web link).\n"
    },
    "22038": {
        "url": "/comment/22038",
        "comment": "I am practising field botanist with 25 years experience.  I do botanical surveys for Species At Risk for various private businesses and governmental agencies.  I can tell you with confidence that the ESA has been sorely needed, but it's not enough.  There are so many Provincially Rare Species that are not protected by the ESA that are in decline.  Moreover, there are so many Provincially Rare Habitat Types that are not covered by the ESA that are being lost.  It's not enough to only protect \"official\" Species At Risk.\nFurthermore, even when those official Species At Risk are protected under the ESA, there is very little oversight and enforcement by government agencies (mostly municipal and regional governments) when Species At Risk or their habitats are damaged.  For example, Niagara Region has the richest, most biodiverse natural habitats in the country, but their municipal and regional governments and their conservation authority do little to nothing to enforce the ESA.  Niagara Region is losing SAR and Provincially Rare Species left and right because of a disinterested, incompetent municipal and regional work force steeped in nepotism.\nThe ESA needs more enforcement and oversight now!\nAs well, the province and each municipality needs an invasive species strategy to actively control the spread of invasive species in the province.  The spread of invasive species is one of the greatest threats to the survival of SAR.\n"
    },
    "22041": {
        "url": "/comment/22041",
        "comment": "Upon review of this review, I am alarmed at the number of times \"economic development\" or \"business\" comes up in the new discussion paper.  Business and economic development are the cause of species and habitat loss.  The thought that the Act should take more care in helping business and economic development is disgusting.  According to this government, the Act should:\n- relax government timelines on protection and recovery of habitat and/or species\n- allow government to override processes and timelines that don't fit within the government mandate/timeline\n- increase timelines to act on Species at Risk\n- put businesses and making money as first priority, habitat and species be damned\nAs a taxpayer and a global citizen, this type of discussion and review is destructive and meant for one thing only - making money.  However, without our wildlife and their natural habitats we will have nothing to sell....life as we know it will be over.  It is not all about making money when you have destroyed everything else around us to do it.  Please reconsider your position on this issue and if anything, make the ESA stronger and more effective...but not for business.  We must put the environment first or we will have much larger problems.\n"
    },
    "22042": {
        "url": "/comment/22042",
        "comment": "To whom it may concern,\nThank you for the opportunity to comment on the Endangered Species Act review discussion paper. As an Ontario sheep farmer, I appreciate the importance of preserving biodiversity on my farm and the complexity of doing so.\nGiven my experience with species at risk I propose the following recommendations:\nRecovery strategies should be developed through a holistic lens that includes the impact on other species in the area and an economic impact analysis before (not after).\n    I would submit that the timeline allowed to develop a recovery strategy be flexible to allow for enough scientific review of the information available and evidenced-based strategy development.\n    The entire process from identifying animals as endangered right through to the strategy development process should also be more inclusive bringing in ecologist, farmers. I believe this would lead to better outcomes and help create a collaborative environment with more sustainable outcomes.\n    The process of identifying species at risk should be more transparent. I would recommend that a list of animals be published that indicates where they are in terms of population numbers (as is currently done with birds). This could help us be more proactive and potentially proactively implement habitat protection strategies before they are determined to be species at risk.\nThank you again for the opportunity to comment.\nRegards,\n"
    },
    "22047": {
        "url": "/comment/22047",
        "comment": "The endangered species act is critical legislation in protecting the biodiversity and environmental integrity of Ontario. The main issue with this legislation is the undermining aspect of how the constitution would trump all decision making in regards to species at risk. This act does not hold any weight federally and there should be a nation-wide agreement in order to protect the biodiversity of Canada. In regards to the specifics, endangered species should be looked on a higher taxonomic order, which would preserve diversity and would be much easier to identify when protecting. Furthermore, this act should be treated as more important than certain economic endeavors that destroy a lot of habitats such as mining, pipelines, and urban sprawl. There should be more areas such as the greenbelt to protect urban sprawling from expanding, and furthermore, strong legislation to prevent the destruction of the protected areas. Protecting the biodiversity of Canada's most precious species is critical for the environment to continue to thrive. Perfecting the endangered species act will be one step closer to reconcile the relationship between humans and wildlife.\n"
    },
    "22048": {
        "url": "/comment/22048",
        "comment": "Consider implementing change in section 11 subsection 6, which states:  \"The Minister shall not publish a notice under subsection (5) in respect of a species if he or she is of the opinion that a delay in the preparation of the strategy will jeopardize the survival or recovery of the species in Ontario. 2007, c. 6, s. 11 (6).\" Instead of relying on the opinion of the minister for delaying the implementation of a protection plan, there should be definitive evidence brought forth by the minister to ensure the species is not in jeopardy of surviving or recovering.\nThank you for your time!\n"
    },
    "22049": {
        "url": "/comment/22049",
        "comment": "Responsibilities within a county to establish protected areas:\n-Government should look into funding smaller conservation areas\n-Each City should be proportionately responsible on their protected areas, based on annual budgets\n-Government incentives for county that comply with/make an effort to create new/maintain protected areas\n-Incentive towards farms that plant crops or allot fields to carbon sequestration\n-Government support in public awareness/education regarding importance and potential benefits in supporting protected areas\n-Developers should be more responsible in creating more green areas\n"
    },
    "22050": {
        "url": "/comment/22050",
        "comment": "Habitat fragmentation and isolation is considered one of the major drivers of species endangerment and extinction. Without continuity between habitats, habitats will shrink in size and become more environmentally and biologically homogenized. This decrease in habitat diversity will put pressure on certain species, especially those that are specialized to live within very particular conditions. As a result, species adapted to live under a wide range of conditions will dominate new homogenized habitats and push out those species with narrow tolerance ranges. Isolating habitats from one another could also impede species migrations and species interactions which could not only be detrimental to individuals within the species but could also reduce genetic variability within populations as individuals become increasingly cut off from one another. Decreasing genetic variability due to a reduction in gene flow will increase the occurrence of inbreeding and will lead to inbreeding depression within a population over time.  Decreasing habitat fragmentation and isolation will increase habitat heterogeneity and provide species with the means to protect themselves thereby reducing the chances of endangerment and the need for human intervention. Habitat fragmentation can be reduced by interventions such as migration corridors and gradients at regional scales.\n"
    },
    "22051": {
        "url": "/comment/22051",
        "comment": "I would like to counter the argument of your discussion paper, which states that the provincial Endangered Species Act (ESA) should \"increase efficiencies for businesses\". This suggested change contradicts both the intended purpose of the ESA and the positive associations between a region's biodiversity and its economic potential. The ESA's primary purpose is to protect Ontario's environmental wealth, as represented by a diverse set of species, habitats and ecosystems. It is impossible to achieve the intended goal of the ESA without setting some limits on industrial development. Wild areas must be preserved, conserved, maintained and even expanded. The future of this province and country rests on the ability of ecosystems to continue to support vital services, including: clean drinking water, carbon sequestration, eco-tourism and agricultural output. Deregulated expansion of industrial activities and land conversion will absolutely compromise these vital ecological services. I urge this government to abandon changes to the ESA that would compromise its ability to protect species and habitats at-risk, and focus on changes that set informed and achievable conservation goals. I submit these comments as both a professional ecologist and citizen who is proud to call Ontario home.\nAs a final note, I would urge the government to fully disclose ALL proposed changes to provincial legislation BEFORE implementing them, such that public input can be maximized and the full ramifications of the changes can be analyzed and fully understood by all. Neither the changes to the ESA nor Ontario's healthcare and education systems have been fully disclosed, and it is with great trepidation that I await this government's future \"efficiencies\".\n"
    },
    "22056": {
        "url": "/comment/22056",
        "comment": "1.\tLandscape-level Protection\nOntario needs to change its current approach for conservation. Rather than protecting individual species, Ontario needs to protect landscapes rather than individual species. Switching to a landscape-style conservation program is more efficient and cost-effective, and arguably more effective than our current species-based approach.\nWhat is landscape-style protection? Instead of protecting a species in a particular area, we focus on protecting a larger area. For example, we protect a river valley, a length of connected woodland, or a watershed. In doing this we can protect multiple species and habitats. We protect corridors used by species to disperse, forage, and migrate. Corridors are becoming increasingly important as a method for species to respond to pressures associated with climate change. In addition, protecting larger areas we conserve population variability for multiple species. This allows species to maintain genetic diversity. If there is genetic diversity, a species may be able to adapt to climate change through new mutations or phenotypic plasticity. As well, genetic diversity prevents reduced fitness that may occur in small isolated populations due to inbreeding.\nFinally, we protect the many ecosystem services required both by humans and by the species living within the protected areas. These services include clean air, erosion protection, carbon storage in above- and below-ground biomass, and buffering against rapid nutrient loading into watersheds (via passing more slowly through the soil and being taken up by plants along the way).\n2.\tEfficiency and Cost-Effectiveness\nThere is too much uncertainty involved in protecting single species. We must research the species, write assessments, monitor the species, review the status of the species, and make changes if needed. This approach has led to a backlog of species waiting to be assessed. There is simply not enough time to address each species. There is a better option provided by landscape-scale protection.\n3.\tKeeping the Land Natural\nOne last comment relates to human access. We need to reduce human impacts on our protected areas. Ever visit one of Ontario\u2019s major parks? Algonquin maybe? Ever notice how developing protected areas into \u201ctourist sites\u201d tends to create more harm than good for these areas? Do not advertise the new protected areas. Do not develop them into tourist attractions with parking lots, roads, visitor centres, and guided activities. They can allow backcountry-style camping and low-impact use such as hiking and canoeing. This way people can still appreciate the areas without placing too much pressure on the ecosystem. Thank you for considering my comments. I am looking forward to an improved conservation strategy for Ontario.\n"
    },
    "22058": {
        "url": "/comment/22058",
        "comment": "Dear ERO Review Committee,\nStrategies:\nCreate migration corridors\nSpan elevation and latitudinal gradients\nImpact:\nMigration corridors can have a powerful impact in protecting endangered species because they allow more effective dispersion and migration. This creates greater exchange of genetic material between isolated individuals which protects the genetic variability in these populations. Genetic variability should be protected because is vital in allowing allowing species to adapt and recover from disturbances such as disease and climate change. Greater variability will allow endangered species to have greater phenotypic plasticity, and the potential for rapid evolution in response to change.\nWhen protecting areas, elevation and latitudinal gradients should be considered so that population interactions across these gradients are maintained. Additionally, species which use different zones depending on seasonality would benefit greatly from a conservation approach that considered their habitat at different times of the year. A latitudinal gradient conservation approach would also allow migration of populations in response to climate change, thereby reducing the potential impacts that climate change would have.\nImplementation:\nA landscape approach where the focus lies on maintaining the ecosystem function will be more effective than simply considering the direct species interaction structure. If you protect the ecosystem function, then you will also have captured the important aspects of the ecosystem structure. An example of a migration corridor is the Mandai Eco-Link bridge in Singapore (link attached). This is relevant in Canada where transportation paths divide species ranges and isolate populations. These structures could be an effective strategy, if implemented to protect ecosystem function, to mitigate impacts of anthropogenic activity.\nSimilarly, protecting areas that span various climatic zones such as: a section of prairie land from its southern range to its transitions to tundra, or following the path of a river as it spans different latitude, or a mountain range as it changes in elevation and latitude can be hugely important in protecting ecosystem function.\nIn conclusion, protecting species alone is not as environmentally effective or cost effective as a landscape approach which considers the ecosystem functions that protect the threatened species as well as all of the interactions which maintain it.\n"
    },
    "22060": {
        "url": "/comment/22060",
        "comment": "Thank you for the opportunity to comment on the discussion paper on the Endangered Species Act (ESA). Ontario is home to over 200 species at risk, with many taxa still not thoroughly reviewed. The ESA was created to protect species, and the legislation has been used to do so since its implementation in 2008.\nArea of Focus 1-Landscape Approaches\nRecovery activities focusing on specific landscapes or ecosystems can be beneficial for numerous species. However, this approach must be species dependent and decided by experts, as certain species at risk require very specific recovery strategies (e.g. Butternut canker).\nArea of Focus 2-Listing Process\nI disagree with any change to the automatic listing of SAR after review by COSSARO. As the panel is comprised of up to 12 experts using the best available science along with TEK, their decisions are sound. I do not believe that the COSSARO review an assessment process requires any change or delay.\nArea of Focus 3-Species Recovery Policies\nAs opposed to delaying Government Response Statements, I believe that a commitment should be made to publishing recovery strategies and other recovery documents in a timely manner. The Spotted Turtle is an example of a species that was assessed as endangered when the ESA took effect in 2008 and a provincial recovery strategy has yet to be written.\nConducting 5-year assessments of progress on recovery are essential. They not only allow us to use the documents that took numerous hours and tax dollars to create and review but to use current scientific literature to determine if the species are continuing to decline.\nI believe that habitat regulation is not required for all species at risk but this is a topic that should be handled on a case by case basis and decided by experts on the species being considered. Species with very few populations in Ontario should have mandated habitat regulation as they are the most vulnerable to future habitat loss and development pressure. I also believe habitat regulation in the Carolinian zone be mandated given the lack of natural habitat left in this area.\nArea of Focus 4-Authorization Processes\nI encourage the government to develop standard overall benefit actions that provide a tangible benefits to the species in question and an overall benefit to the species on the ground as opposed to research funding.\nI strongly oppose the changes to obtaining a D permit. This is a last resort where there is overwhelming social or economic benefit and the obtaining of a D permit should not be handled lightly. In the case that a D permit is granted, the mitigation expended on SAR should be significant.\nForestry under Ontario\u2019s Crown Forest Sustainability Act should not be exempt from the ESA. Crown land should be protecting habitat for species and permitting public access to these natural areas.\nAboriginal Significance\nIn indigenous communities throughout Ontario, animals and plants have various cultural and spiritual values. The ESA recognizes these beliefs and works with First Nations communities in order to protect these species and the habitats they live in. The strength of the current ESA allows for this and any changes to lessen the protection of species at risk would negatively affect the species themselves and the first nations communities that rely heavily on them for medicines and food sources and their cultural and spiritual values.\nEconomic Benefits\nThe habitats species at risk reside in provide economic benefits to nearby cities. As an example, wetlands prevent major flooding, filter water and indirectly provide food sources as species such as bear, waterfowl and moose rely on wetlands as food and water sources (EPA 2006).\nIn summary, I strongly support the current ESA. It is a powerful piece of legislation that can protect our rarest species and the habitats they live in. I strongly disagree with any proposal to change the ESA that would weaken this. If anything were to be changed, a more rigorous process should be created by the government preceding the approval of an overall benefit to ensure that the species affected are truly receiving an overall benefit. Sustainable developments and conservation are possible, but require more work upfront to ensure species protection as well as economic benefits.\nEPA. 2006. Economic benefits of wetlands. Retrieved Feb, 07/2019 from: https://www.epa.gov/sites/production/files/2016-02/documents/economicbe\u2026\n"
    }
}