{
    "23552": {
        "url": "/comment/23552",
        "comment": "Honestly who cares about businesses and capitalism. Not me. I care more about the ENDANGERED SPECIES. Do you people even know what endangered means?? Risk of becoming EXTINCT. A top priority should be creating more habitat and diverting resources to saving these species, not John Doe\u2019s $30,000 profit increase.\n"
    },
    "23553": {
        "url": "/comment/23553",
        "comment": "PART ONE OF TWO\nThe Ontario Federation of Anglers and Hunters (OFAH) is Ontario\u2019s largest non-profit, conservation-based organization, representing 100,000 members, supporters and subscribers, and 740 member clubs. We have reviewed the Discussion Paper 10th Year Review of Ontario\u2019s Endangered Species Act and submit the following comments for consideration. We strongly support the need for effective legislation and adequate funding to protect and recover species at risk, and we believe that Ontario should continue to be a leader in these endeavors. Ontario\u2019s species at risk program is a large and complex subject. We consider this the first step in an important conversation, and look forward to providing input throughout the review.\nThe OFAH has extensive experience with species at risk legislation at both the federal and provincial levels.\n\u2022\tWe have been active on species at risk issues during the earliest proposals for stand-alone legislation, years before the ESA was passed.\n\u2022\tOFAH staff (professional biologists by training) participate on the provincial Species at Risk Program Advisory Committee (SARPAC) and on the federal Species at Risk Advisory Committee (SARAC).\n\u2022\tOFAH staff and Board members have observed Committee on the Status of Species at Risk (COSSARO) meetings in person.\n\u2022\tOFAH has detailed knowledge of the workings of the ESA from a stakeholder perspective through the Lake Ontario Atlantic Salmon Restoration Program (LOASRP), including negotiating the first stewardship agreement under the Act, scientific collectors\u2019 and stocking permits, habitat restoration (while also managing Redside Dace considerations), providing community knowledge to a COSSARO deliberation, and working with the Species-at-Risk Stewardship Fund (SAR-SF).\n\u2022\tWe have funded and partnered on successful restoration programs for extirpated species, including elk and wild turkeys.\n\u2022\tWe are a large stakeholder group who have had species of interest impacted by the Act, including Lake Sturgeon, Atlantic Salmon, Eastern Wolf and non-native coyotes, Snapping Turtles, and Caribou. Inflexible restoration mechanisms in the Act have impacted the angling and hunting communities, who are among the most active stewards for fish and wildlife conservation on the landscape.\n\u2022\tOFAH coordinates several conservation programs that address some of the primary threats to native species \u2013 habitat loss (ALUS Peterborough, LOASRP) and invasive species (Invading Species Awareness Program). In 2018, ALUS Peterborough received SAR-SF funding for habitat restoration on marginal farmland.\nA decade is a reasonable time frame for a legislative review, both for lessons learned in Ontario and to evaluate successes of other jurisdictions. In the 10 years since the implementation of the Act, we have identified several significant flaws that justify an extensive and critical review of Ontario\u2019s species at risk program. These include but are not limited to a lack of conservation tools that have been demonstrated to work in other jurisdictions, concerns about COSSARO and the species listing process, insufficient capacity for proper implementation of the Act, and a failure to treat species based on risk (triage). The regularity with which exemptions are required also suggests the need for a comprehensive review of the program.\nThis review presents a rare opportunity to critically examine past successes and failures of the program. Our submission will address each of the Areas of Focus outlined in the Discussion Paper, preceded by a novel proposal for managing species differently.\nProposed Game Species Approach\nThe OFAH has extensive experience with legislation like the Fish and Wildlife Conservation Act (FWCA) and the Ontario Fisheries Regulations (OFR), which guide the management of game fish and wildlife species in Ontario. These pieces of legislation also offer a spectrum or gradient of tools for protection that can be harnessed to generate beneficial outcomes prior to outright protection, which is the only option available under the ESA. In some instances, these other tools will provide better outcomes than the ESA \u2013 our experience with Atlantic Salmon restoration is that, as much as we disagree with the 2011 reclassification scientifically, the restoration program is better outside the ESA.\nThe actual benefits of this flexibility are noticeable and significant:\n\u2022\tIncentivizing conservation: Harvest creates value, value promotes stewardship, and stewardship benefits species. If a species is utilized and valued by people, they will work harder to conserve that species. For example, black bears were treated as vermin in Ontario until the 1960s, at which point the government instituted a regulated hunt for them. Today, black bears are a highly valued game mammal and an important component of Ontario\u2019s biodiversity. In Newfoundland, government-funded stocked Atlantic Salmon were experiencing rampant poaching until it became a community stocking effort. It created a sense of ownership and stewardship of the fish and poaching declined.\n\u2022\tConservation funding: the sale of fishing, hunting and trapping licences generates tens of millions of dollars annually for the provincial fish and wildlife program. Certain species are so valued by anglers and hunters that conservation groups raise significant additional funds that can jumpstart or accelerate conservation efforts (e.g. NGO and community wild turkey and elk restoration fundraising efforts in Ontario). While not currently implemented in Ontario, there is the possibility of establishing \u2018low success\u2019 lotteries for species in certain areas (e.g. caribou in the Far North) that could generate significant funds, increase the species\u2019 profile, and engender stewardship.\n\u2022\tRobust assessment and monitoring: compared to most species at risk, harvested species are rarely data deficient.  Regulated harvest requires ongoing population monitoring, management review, and harvest planning that is much more frequent than the assessment timelines dictated in the ESA. As such, population changes would be detected earlier, facilitating adaptive management.\n\u2022\tSpatial flexibility: game species are monitored and managed at a variety of spatial scales (e.g. sub-WMU scale for elk, Wildlife Management Units, Cervid Ecological Zones, Fisheries Management Zones). Conservation efforts for game species can be scaled depending on need, much like the existing species designation system under the ESA.\n\u2022\tComplacency/satisfaction with status quo: due to a lack of capacity, the government is rarely capable of reversing species declines. The current mentality of being satisfied with stopping declines is unacceptable and the people of Ontario rightfully expect more.\nThese benefits are the direct result of the harvest of species, which can be leveraged in countless ways. The SAR program could learn a lot from past experiences with harvested species and management.\nThe reality is that the government has never had the capacity to implement the ESA as it was intended. We warned the government of this in our 2008 submission on the Act. If no additional investment is forthcoming, we need to try a different approach. This necessitates the development of a means to triage species based on risk. For some species, recovery is handicapped by the rigidity of the ESA. There are some species at risk (e.g. Lake Sturgeon, bobwhite quail) that could be restored sooner and more efficiently if we harnessed the tools available in other legislation.\nLake Sturgeon is an excellent example of a species with recovery actions in development, with an engaged stakeholder base, that largely came to a halt when the species moved from the OFR to the ESA, and first harvest and then all recreational fishing was prohibited on most populations.  This loss of angling opportunities negatively impacted community stewardship and fundraising opportunities for restoration.  Based on our experience, the government\u2019s response is to maintain the species at a low-level abundance and hope for a natural recovery, rather than engage in a concerted effort to restore it.  As anglers we are not only concerned over Lake Sturgeon, but also where this leads for the next game fish species that might be listed \u2013 what will be the cost in volunteers, enthusiasm, and funding when the species becomes \u201chands-off\u201d, and how low will expectations for recovery consequently be?\nWith this in mind, we recommend the government take additional steps to leverage the power of existing legislation and regulations (FWCA, OFR) to conserve/restore game species prior to listing on the Species at Risk in Ontario List and subjecting them to ESA prohibitions. The government should include provisions under the ESA (or through regulation) that outlines the steps taken if a scheduled game species is listed under the Act (currently, or in the future). This process should include a delay before protections are implemented, during which the government could examine the feasibility and effectiveness of managing the species under existing legislative frameworks (FWCA/OFR) before enabling section 9 and 10 of the ESA. The FWCA and Fisheries Act (via the OFR) could provide ways to effectively manage game species at risk with more flexibility than the ESA (e.g. allowing catch and release fishing, limited harvest, etc. to preserve the social value of a species). The FWCA and OFR already have the ability to limit and cease harvest of a species if a conservation concern arises, and therefore those mechanisms should be applied before other protections are enacted. The ESA would continue to act as a last line of defence (i.e. ESA protections would kick-in if all other non-ESA tools prove ineffective). This could generate better outcomes and leave the ESA (and its limited budget) to manage and restore other at-risk species, most of which are largely ignored in the current hands-off approach. This division of labour would free up valuable resources and capacity for lower-profile species under the ESA, and enable the government to actually restore (i.e. not just \u2018hold the line\u2019) others outside of the ESA. There are a myriad of options for incorporating a \u2018game species consideration\u2019 into the ESA, and we focused mostly on the \u2018why\u2019 and only highlighted a few examples of the \u2018how\u2019. The specific legislative mechanism will be dependent on what other changes are made to the Act itself and its accompanying policies and processes. It is our contention that specific consideration for game species can and should be incorporate into the ESA, we just need to figure out how.\nAREA OF FOCUS 1 \u2013 LANDSCAPE APPROACHES\nIn what circumstances would a more strategic approach support a proposed activity while also ensuring or improving outcomes for species at risk? (e.g., by using landscape approach instead of a case-by-case approach, which tends to be species and/or site-specific.)\nThe OFAH long ago identified Ontario\u2019s species-specific approach to species at risk conservation as an inefficient and costly approach. Single-species management has resulted in a dismal return-on-investment for the provincial species at risk program. This insular approach could also potentially negatively affect other species if they are not treated as interconnected components of an ecosystem. Our concerns about single-species management were validated in 2018 when federal, provincial, and territorial governments initiated a paradigm shift with the Pan-Canadian Approach to Transforming Species at Risk Conservation in Canada. One of the key changes is a move towards a multi-species and landscape approach. The approach also details the identification of \u2018Priority Places\u2019, \u2018Priority Species\u2019, and \u2018Priority Threats\u2019 to focus conservation efforts and finite funding. A similar approach, if adopted, could pay dividends for Ontario\u2019s species at risk.\nA landscape approach is particularly well-suited for ecosystems such as the Carolinian Forest, a rare habitat type that supports a variety of species at risk. Carolinian species are naturally limited in Ontario due to the low extent of available habitat and could be considered a \u2018Priority Place\u2019. It would be more efficient to manage the entirety of Carolinian habitat as opposed to protecting SAR on a case-by-case basis within it. If SAR were managed at a landscape level, habitat could be listed as at-risk to protect areas that support specific species.\nFor species that are not limited by habitat, a similar approach could be undertaken by managing common threats (overabundant predators, invasive species, chemical use, diseases) instead of protecting the species. For instance, Australia is actively managing and removing feral cats due to the significant threat they pose to species at risk. Feral cats are also a significant threat to endangered northern bobwhite quail on Walpole Island First Nation in southwestern Ontario. This could be considered equivalent to the \u2018Priority Threats\u2019 in the Pan-Canadian Approach. Creating phase-out, management, or eradication plans for these threats would do more to improve SAR outcomes (and other species) than individual species protection plans would. In these situations, automatic habitat protections would be unnecessary, and instituting a \u2018delay\u2019 option would help form the recovery strategy more effectively and could result in no direct protections for the SAR under Section 9 of the ESA. For example, if a species was threatened by an invasive species, no degree of ESA protection would help that species. The only way to generate positive outcomes for the species would be to manage the invasive, which would be easier to quickly implement if there were no additional protections on the SAR (e.g. there would be no need for an authorization permit to harm the SAR while removing the invasive species).\nHow would a landscape approach alter the current listing process? Would COSSARO be responsible for identifying areas and threats where listed species could be managed together or would this be included in the recovery strategy? A delay in listing would enable more strategic species protections (e.g. if geographically specific habitat is not the limiting factor, then it doesn\u2019t need to managed on a landscape level and a more specific recovery plan needs to be created; however, if the species requires the same habitat protections as an existing SAR it can be included in the protection/recovery plan for that species).\nAre there existing tools or processes that support managing for species risk at a landscape scale that could be recognized under the Endangered Species Act?\nGame species are already managed under the FWCA and the OFR at multiple scales, including the landscape scale. These legislative tools provide more flexibility (for game species) than if they were managed under the ESA. Recognizing and enabling the management of game species under the FWCA and the OFR could be a much more effective way to deal with at-risk game species, such as Lake Sturgeon, than to enact automatic protections under the ESA. It\u2019s time we consider using all tools available to us.\nAdditionally, other sectors have legislation in place that could be enabled under the ESA to provide better and more effective outcomes for SAR. For example, forest management plans (FMPs) created under the Crown Forest Sustainability Act are science-based and reviewed/updated frequently to incorporate new knowledge. We support the recognition of approved FMPs within the ESA as tools to conserve species at risk, and acknowledge that requirements might need to be more stringent and prescriptive.\nOffsetting would be easier to scope under a landscape level approach to SAR because the offset would have to focus on habitat in a specific geographic area to be considered. It would also lend itself to creating habitat which supports multiple species (including SAR).\nSafe Harbour agreements also play an important role in landscape level protections for SAR. As we would be looking at species at a broad scale, habitat corridors through private properties would dramatically improve the overall health of the protected habitat. Because these protections have the potential to be temporary, they must not be considered an offset. Also, integrating programs such as ALUS into SAR habitat protections via a safe harbour agreement would further engage farmers in SAR conservation.\nOther \u2013 Harmonization of legislation\nThere is no indication that increased investment in SAR management is forthcoming, so we need to find different approaches that more efficiently use the available financial resources. As previously outlined, by harmonizing management of SAR with existing legislation (where possible), the government would be able to deal with some species/threats and rely on the ESA to conserve those species that aren\u2019t effectively protected under other legislation. Removing this legislative duplication would free up important capacity and finances for species that are largely ignored under the current system. For example, if an invasive species is identified as a threat, addressing it through the Invasive Species Act could benefit the at-risk species without unnecessary protections and burdensome administrative processes under the ESA (i.e. the ESA doesn\u2019t have the tools to effectively address the threat).\nFor example, Lake Whitefish in Algonquin Park\u2019s Opeongo Lake have been suggested to be a distinct variation of whitefish that only exist within that lake. They have been declining due to an influx of invasive species. The Lake Whitefish from this lake was brought to COSEWIC to be assessed and to prevent their decline. This concern can be managed under a variation order under the OFR by limiting harvest for Lake Whitefish in that lake, instead of going through the listing process. This would have been preferred considering the threat to these fish is not regulated harvest or habitat loss, but rather an invasive species (which will not be managed via the ESA). This provides flexibility to manage the species and the threat in a timely manner outside of the ESA (i.e. re-establishing a season would be much easier under the OFR than under the ESA).\nAREA OF FOCUS 2 \u2013 LISTING PROCESS AND PROTECTIONS FOR SPECIES AT RISK\nWhat changes would improve the notification process of a new species being listed on the Species at Risk in Ontario List? (e.g. longer timelines before a species is listed)\nWe believe that earlier public notice will allow for more thorough and expansive community knowledge input. We also recommend that relevant experts, agencies and impacted stakeholders be directly notified so they can provide input either through the community knowledge track, or preferably through a separate process that recognizes the value of these contributions. For example, the government could distribute a call for verifiable sightings of a species that is going to be assessed by COSSARO, and for any databases, reports, and histories that exist. This could generate considerable additional information for certain species. The Natural Heritage Information Center warehouses this information for many species, but does not always have all of the relevant information (e.g. academic, citizen science, etc.). Notification should also apply to species re-assessments rather than just initial assessments, especially species of special concern that could be re-classified as threatened or endangered. Full, detailed reports on the COSSARO listing process are also needed to inform species re-assessments. The incomplete summaries that are currently available do not provide full public transparency about what data was reviewed and how it informed COSSARO\u2019s designation, specifically how the data was matched against the classification criteria. There also needs to be greater effort and transparency in communicating how \u2018community knowledge\u2019 and other contributions were considered into decision making.\nShould there be a different approach or alternative to automatic species and habitat protections? (e.g. longer transition periods or ministerial discretion on whether to apply, remove, or temporarily delay protections for a threatened or endangered species, or its habitat)\nThe review of the Act should consider a different approach to automatic species and habitat protections in some cases. Ontario should review what other jurisdictions (including the federal government) have done to successfully integrate the need for effective protection within the context of societal needs. Some species have significant connections to humans, whether through their distribution (e.g. barn swallows), specific relationships to a particular industry and its impacts (e.g. Bobolink and agriculture), or socioeconomic value through sustainable use (e.g. Lake Sturgeon, caribou, polar bears). Therefore, these species deserve special consideration to develop effective, targeted protections, while also recognizing their interactions with humans. It will require a more flexible approach to achieve this, and we fully support a built-in delay (a \u2018pause button\u2019) before ESA protections take effect. This will allow sufficient time to consider what protections are required and appropriate, while considering the socioeconomic implications. Functionally, this would result in three streams of species consideration: species managed outside of the ESA (but under other legislation), complex species within the ESA (significant socio-economic implications), and other species within the ESA (unprotected by other legislation and limited socio-economic implications).\nIn what circumstances would a different approach to automatic species and habitat protections be appropriate? (e.g. there is significant intersection between a species or its habitat and human activities, complexity in addressing species threats, or where a species\u2019 habitat is not limiting)\nHow can the process regarding assessment and classification of a species by COSSARO be improved? (e.g. request an additional review and assessment in cases where there is emerging science or conflicting information)\nBased on our experience, we have identified several flaws related to COSSARO and the listing process. Through this proposed review, the government must decide if it wants to overhaul COSSARO from the ground up or make minor adjustments to increase transparency and improve the decision-making process while also examining alternative approaches to automatic protection and the final listing of species. Ultimately, one of the main concerns that we have with the ESA is the unchallengeable conclusions of COSSARO \u2013 this is a process where unelected officials make decisions of provincial significance. This is particularly troubling when COSSARO does not have the relevant expertise or sufficient data to make a decision for a given species.\nIf the government decides to overhaul COSSARO and the listing process, the OFAH would like an opportunity to provide detailed comments and recommendations at that time. Irrespective of that happening, we wish to see changes made and our concerns include:\n\u2022\tCOSSARO having insufficient capacity and resources to prepare species reports with adequate rigour to justify classifications.\n\u2022\tCOSSARO choosing to simply follow decisions made by COSEWIC, or basing their decisions entirely on the report provided by COSEWIC. If Ontario has better data that calls into question the COSEWIC result, as was the case with Lake Ontario Atlantic Salmon, then it should be used.\n\u2022\tThere is no peer review of the species reports and decision-making process. Were decisions made using the best available science?\n\u2022\tA general lack of rigour and transparency in the deliberation and decision-making processes, and voting results.\n\u2022\tNo social or economic values can be considered in the process or the decision to list.\n\u2022\tCOSSARO refuses to consider the consequences of listing a species (such as reducing stakeholder interest in restoration by making a species a pariah), yet does consider the consequences of not listing a species when it invokes the precautionary principle.\nTo address these concerns, we provide the following recommendations.\n\u2022\tReview the definition of \u2018species\u2019 in the Act to ensure that we are protecting the right things. With the development of powerful genetic tools comes the ability to partition populations in an almost infinite number of ways. This necessitates greater clarity with respect to what criteria can and cannot be used to define a unit for protection, and how.\n\u2022\tEnsure relevant expertise on COSSARO at all times (e.g. for most of its life, COSSARO has had little/no fisheries expertise). This could extend to generalists such as experts in population modeling, forecasting, probability theory, etc.\n\u2022\tCOSSARO should proactively identify and attempt to address knowledge gaps to the best of its ability prior to designation.\n\u2022\tPublic reporting on species reviews/assessments should include more information, including how a species scores against the evaluation criteria (Indicators A to E).\n\u2022\tSpecial Concern criteria should be quantified in the same manner as the Endangered and Threatened designations.\n\u2022\tSpecies at the extreme edge of their range (e.g. historically precarious species like Spotted Gar), recent discoveries, and very old (and possibly erroneous) identifications need to be recognized as such in assessments in order to communicate the weight of evidence for a designation.\n\u2022\tThe deliberation process needs to be improved. There is no official assessment of the amount or quality of data that exists to support a particular designation. For example, the process could be structured as a debate to ensure that these difficult but important questions are posed.\n\u2022\tThe voting process should be open to the public, even if it remains a secret ballot.\n\u2022\tCOSSARO should seek advice from the experts in MNRF and MECP following a transparent process. For example, provincial experts and members of the Atlantic Salmon recovery team were not consulted during assessment for that species.\n\u2022\tThe process to provide community knowledge to COSSARO could be improved. In the Atlantic Salmon example above, scientific data/reporting had to be contributed through the community knowledge form, which is ill-suited for this purpose. Also, there is no active recruitment of community knowledge, and members of the public are unaware of this opportunity unless they follow COSSARO news regularly.\n\u2022\tThe competent Minister should be more open to requesting a second review by COSSARO if it can be demonstrated that evidence or emerging science were not adequately considered (as in the examples above). It is our understanding that the current reassessment process has never been used, implying that reassessment has never been needed. The threshold is too high and should be reviewed to ensure there are legitimate checks and balances on the assessment and listing process.\nEND PART ONE OF TWO\n"
    },
    "23554": {
        "url": "/comment/23554",
        "comment": "PART TWO OF TWO\nAREA OF FOCUS 3 \u2013 SPECIES RECOVERY POLICIES AND HABITAT REGULATIONS\nIn what circumstances would a species and/or Ontarians benefit from additional time for the development of the Government Response Statement? (e.g., enable extending the timeline for the Government Response Statement when needed, such as when recovery approaches for a species are complex or when additional engagement is required with businesses, Indigenous peoples, landowners and conservation groups.)\nRealistically, the government has never had the capacity to implement the ESA as it was intended. If additional resources are not forthcoming, then flexibility must be built into the process to acknowledge the inevitable delays. Currently under the ESA there is no provision to enable an extension to the nine-month timeline for Government Response Statements (GRS) to recovery strategies for Threatened and Endangered species. In many instances this timeline may be adequate, while for others extensions may be necessary for more complex recovery approaches and where additional engagement and consultation may be required. MECP should consider increasing the flexibility of this process similar to the timelines for recovery strategies and management plans, including:\n\u2022\tA requirement to publish notices on the environmental registry stating additional time is required to prepare the GRS due to various reasons (i.e. complexity of issues, time needed to co-operate with other jurisdictions, prioritization of GRS for other species, socio-economic impacts, etc.).\n\u2022\tPublicly describing the reasons for the timeline extension.\n\u2022\tProviding an estimate of when the preparation of the GRS will be completed.\nAs stated, we believe that a pause button is necessary for some species under the ESA.  Our game species proposal could facilitate more immediate action for some species. These game species likely already have some form of management plan associated with them and therefore there would be a much quicker turn around on implementing recovery actions.\nIn what circumstances would a longer timeline improve the merit and relevance of conducting a review of progress towards protection and recovery? (e.g., for species where additional data is likely to be made available over a longer timeframe, or where stewardship actions are likely to be completed over a longer timeframe.)\nConducting a progress review is critical for the protection and recovery of species at risk, and to ensure government accountability. A five-year timeline may be too short for some species and recovery actions to result in a noticeable benefit. However, this is preferred over a longer review period if that delay results in a species becoming more imperiled/at risk. The biology of the species and the timeline of the threat should inform the progress review. For example, the five-year delay may be too lengthy for a species that reproduces annually and is imperiled because of more immediate threats (the review may need to occur sooner). On the other hand, for a long-lived species facing a longer-term risk (i.e. climate change), the five-year time frame may be unnecessarily short. The current process does not acknowledge these differences and would benefit from additional flexibility. These situations could both be addressed using a tiered review system that incorporates progress reports at short, intermediate, and long-term intervals. Short term reviews can simply be a checklist of actions taken and actions still needing to be implemented from the GRS, where long term reviews could quantify accrued benefits (i.e. population increases).\nIn what circumstances is the development of a habitat regulation warranted, or not warranted? (e.g., to improve certainty for businesses and others about the scope of habitat that is protected.)\nGeneral habitat protections and the development of specific habitat regulations are not warranted if the SAR is not habitat limited; there is no benefit in protecting habitat of a species that is not threatened by habitat loss. For example, since their arrival the emerald ash borer has been responsible for killing tens of millions of ash trees and continues to spread into new areas. If ash trees were to be listed as Threatened or Endangered under the ESA, species protection would prevent the removal of a tree, but protecting their habitat will not assist in the recovery of the species. Eliminating the mandatory requirement to protect the habitat of Threatened and Endangered species that are at risk due to factors other than habitat loss/degradation results in more efficient use of resources and time for both the proponents and government. By implementing a delay in habitat protections, it would allow for time to consider the socio-economic implications and develop pragmatic solutions (e.g. the bobolink experience).\nAREA OF FOCUS 4 \u2013 AUTHORIZATION PROCESSES\nWhat new authorization tools could help businesses achieve benefits for species at risk? (e.g., in lieu of activity-based requirements enable paying into a conservation fund dedicated to species at risk conservation, or allow conservation banking to enable addressing requirements for species at risk prior to activities.)\nTo our knowledge, the majority of compensation is implemented after adverse effects on the species or their habitats have occurred. As a result, there are negative impacts that are not well accounted for (if at all). Regulatory agencies must review numerous applications on a project-by-project basis which is administratively burdensome, and also limits resources that could be used for managing other project aspects. There is a need to update and improve authorization processes under the ESA. However, any new tools being considered to help achieve benefits for species at risk must be well-thought-out, carefully implemented, and rigorously managed. We recommend that the Review identify tools that have been successfully implemented in other jurisdictions that are feasible for application in Ontario, and enable them in the Act. Even if they are never implemented in Ontario, the government will have the ability to do so if circumstances dictate.\nConservation funds\nConservation funds have the potential to benefit species at risk, but have been criticized for not contributing to habitat gains or achieving no-net-loss (Hunt et al., 2011). These funds typically involve compensating through the preservation of existing habitat; however, if no new habitat is being added, then there is an overall net loss.\nAn effective conservation fund may consider the acquisition or securing of marginal habitats (i.e. of little to no ecological value), and making improvements through restoration, remediation, and enhancement to benefit SAR as directed through a recovery strategy and GRS. The lands could be conserved and made available for sustainable use activities like fishing, hunting, and trapping, where appropriate. Conservation funding could also be expanded to support research for species at risk that are not habitat limited, but at risk due to other factors (i.e. disease, invasive species, climate change, etc.).\nConservation banking\nAny conservation banking system must ensure high quality habitat credits that achieve \u2018no net loss\u2019 of habitat.  Many conservation banking systems fail to ensure the creation/protection of habitat, and ultimately result in continued habitat loss. This difference between predicted and realized habitat gains is a serious concern, and we therefore recommend under any proposal a greater than 2:1 ratio of habitat area gained to habitat area lost in order to help achieve no net loss. Additionality is a critical component for the establishment of a functioning environmental market. Mechanisms for additionality testing and credit certification should be implemented to avoid flooding environmental markets with credits that don\u2019t provide added value (i.e. non-additional). Control and management strategies for monitoring and evaluating markets is critical to the establishment of a functioning system. Checks, balances, and consequences need to be structured to ensure conservation banks perform as anticipated. A registration system to help track conservation projects, banks, and the exchange of credits is necessary and should be made available to the public, where appropriate.\nExchange of conservation credits, in most instances, should be in-kind replacement (i.e. \u201clike-for-like\u201d) that achieves an overall net gain of that commodity. For example, if the activities of a proponent result in adverse effects to Redside Dace habitat, the credits needed to compensate the work should come from a conservation project involving the creation of Redside Dace habitat within the same service area (e.g. waterbody, watershed, etc.). In order to contribute to additionality, a greater number of conservation credits should always be maintained \u2018in the bank\u2019 relative to the number of debits (i.e. principal versus interest).\nThe delineation of service areas and the geographical and spatial extent should not be arbitrarily determined. MECP should consider restricting service area boundaries to natural geomorphological features such as watersheds. The exchange of credits through conservation projects should occur at, or in close proximity to, the area that is being impacted/harmed (i.e. within the service area where the adverse effect is occurring). Furthermore, conservation projects that are created under the banking system should receive some level of protection from future developments to ensure its continued contribution to ecological conservation.\nAre there other approaches to authorizations that could enable applicants to take a more strategic or collaborative approach to address impacts to species at risk? (e.g., create a new authorization, such as a conservation agreement.)\nThird-party conservation banking\nProponents often lack the technical expertise to ensure the success of conservation offsets. Third-party conservation banking could enable applicants to take a more strategic or collaborative approach to address impacts to species at risk. This type of system provides opportunities for conservation organizations to undertake \u201cenvironmentally beneficial work\u201d (Poulton, 2018). Proponents required to offset adverse impacts would have the flexibility to purchase certified credits from conservation banking companies to compensate for activities resulting in adverse effects to species at risk or their habitats. Third-party banking has the potential to support large-scale conservation projects, it provides more certainty about the ecological performance of offsets, and benefits are achieved in advance of adverse impacts (CWF, 2018).\nWhat changes to authorization requirements would better enable economic development while providing positive outcomes and protections for species at risk? (e.g., simplify the requirements for a permit under s. 17(2)(d), and exemptions set out by regulation.)\nThe OFAH supports the standardization and modernization of permitting under the ESA to provide more clarity to applicants and regulators, and to improve authorization processes. We would be pleased to comment further when more specific examples of changes are proposed.\nHow can the needs of species at risk be met in a way that is more efficient for activities subject to other legislative or regulatory frameworks? (e.g., better enable meeting Endangered Species Act requirements in other approval processes.)\nSee Area of Focus 1.\nIn what circumstances would enhanced inspection and compliance powers be warranted? (e.g., regulations.)\nInspection and enforcement powers should be made consistent across authorizations and regulations to enhance compliance with regulations. MECP could consider implementing provisions in the ESA to enable the establishment of a public registry; except during instances where full disclosure may compromise the ability to protect species at risk or their habitats. A registry would increase transparency and improve overall awareness of projects on a landscape scale, and would assist in the knowledge and understanding of cumulative impacts of development pressures. Codes of practice could be enabled and developed to provide advice to proponents to avoid impacts on SAR and their habitats. Also, provisions for designated projects could be considered for works, undertakings, or activities that would always require SAR authorizations; provides certainty for proponents around permitting and associated timelines.\nConclusion\nHarmonizing management of SAR with existing legislation (where possible), the government would be able to deal with some species/threats and rely on the ESA to conserve those species that aren\u2019t effectively protected under other legislation. Removing this legislative duplication would free up important capacity and finances for species that are largely ignored under the current system. We have additional thoughts on how to operationalize our recommendations, and would be happy to discuss them further.\nThank you for the opportunity and considering our comments. We believe this is only the first step in reviewing and revising the ESA to help develop a more efficient and effective SAR program in Ontario. The OFAH has significant experience, relevant expertise and a keen interest that can result in important contributions during future discussions on how to improve Ontario\u2019s species at risk program.\nYours in Conservation,\nMark Ryckman\nManager of Policy\nReferences\nCanadian Wildlife Federation. 2018. Fisheries Act Amendments Policy Brief: Third-party Habitat Banking.\nPoulton D. 2018. Disappointment at the Bank: The Fish Habitat Banking Provisions of Bill C-68. [Online] < https://ablawg.ca/2018/04/17/disappointment-at-the-bank-the-fish-habita\u2026;. University of Alberta.\nHunt K; Patrick P; Connell M. 2011. Fish habitat banking in Canada: opportunities and challenges. Econ. Commer. Anal. Rep. 180: vi + 66pp.\nEND PART TWO OF TWO\n"
    },
    "23556": {
        "url": "/comment/23556",
        "comment": "Hello.  I am a forestry consultant business owner (RW Forestry Inc.).\nI have worked in the forest industry for 25 years in various capacity's including forest management planning and forest renewal\nI have a few comments to share regarding the 10th year review of the ESA:\nThe Crown Forest Sustainability Act (CFSA) has proven to be very effective legislation to regulate forestry in Ontario as it strives to balance social, environmental and economic outcomes associated with the management of SFL's.\nThe Endangered Species Act (ESA) however does not seek to achieve this same balance, instead it requires individual threatened or endangered species to be protected at the expense of all other forest management outcomes.\nI would recommend the following;\n-  a permanent ESA Section 55 regulatory exemption for the forest sector.\n- continue to manage for at-risk species through the CFSA, in balance with other social, economic and environmental objectives\n- ensure species prescriptions are developed with input from forest practitioners, affected stakeholders and rights holders, to ensure they are workable\n-complete socio-economic impact analysis and share with impacted stakeholders and First Nations prior to any species at risk policy being implemented.\n"
    },
    "23557": {
        "url": "/comment/23557",
        "comment": "Thank you for the opportunity to comment on the 10th Year Review of Ontario's Endangered Species Act: Discussion Paper. The Invasive Species Centre has attached our organization's comments.\n"
    },
    "23558": {
        "url": "/comment/23558",
        "comment": "The \"Challenges\" for most of these suggested changes are to business. I would like to challenge this government to consider that some things are priceless: the ecosystem that we depend on for our very survival cannot be valued highly enough. It doesn't always look like life-giving necessities; it often looks like small animals whose habitat is being degraded or paved over to deliver short-term economic benefits. \"Streamlining\" processes designed to perpetuate entire species for the sake of certainty for businesses is short-sighted and foolish. Please, for the sake of those species and the species who depend upon them (ultimately, our children) maintain stringent barriers to development in areas with species at risk. If a project cannot be completed in a way that allows all creatures in its area to survive and thrive, perhaps it shouldn't be done at all.\n"
    },
    "23559": {
        "url": "/comment/23559",
        "comment": "Attached are OSSGA's comments on the 10th Year Review of Ontario's Endangered Species Act (ERO: 013-4143).\n"
    },
    "23561": {
        "url": "/comment/23561",
        "comment": "P L E A S E it\u2019s about time to start making good decisions for nature and it\u2019s well-being instead of making decisions for personal interests. It will actually be your personal in the future... its about your children and their children. P L E A S E, lets have empathy for nature and not only sympathy \ud83d\udc99\n"
    },
    "23562": {
        "url": "/comment/23562",
        "comment": "Thank you for the opportunity to comment on the 10th Year Review of Ontario\u2019s Endangered Species Act: Discussion Paper, ERO number 013-4143. I look forward in seeing improvements to the effectiveness of the Endangered Species Act (ESA) and ensure a balanced approach between a healthy environment and a healthy economy.\nThe most important action the government must take is a permanent recognition of the Crown Forest Sustainability Act (CFSA) as an equivalent process to the Endangered Species Act (ESA) through a permanent Section 55 Regulation. The CFSA already provides landscape, stand, and site-level direction for managing, conserving, and protecting species at risk. Having two acts attempting to accomplish the same outcome represents the single greatest piece of red tape and duplication to the forestry sector.\nOnce this essential first step has been accomplished, below are other requirements that should be embedded in a new, modernized ESA:\n1.\tConsideration of climate change on habitat in all species at risk policy\n2.\tCumulative impact of all species at risk policy on a healthy economy\n3.\tSocio-economic impact analysis must be completed and shared with impacted stakeholders and First Nations prior to any species at risk policy being implemented\nIt is my understanding that the Ministry of Natural Resources and Forestry (MNRF) is responsible for species at risk prescriptions currently being delivered under the CFSA. I expect that unworkable prescriptions will be addressed and improved regardless of any future changes made to the ESA.\nFurther I am concerned about role of the Federal Government and potential negotiations with Ontario on Conservation Agreements. For example, a MNRF socio-economic analysis determined that up to 2800 jobs could be lost and 8 mills could close as a result of the province meeting the federal disturbance thresholds for caribou. It is our expectation that Ontario will consult with impacted stakeholders and First Nations well in advance of any draft and will not enter into a Conservation Agreement with the Federal Government that will result in lost jobs and lost opportunity.\nIn order to avoid serious socio-economic impacts, we need permanent recognition that the CFSA is an equivalent process to the ESA, while developing workable species at risk policy, and sending a strong message to the Federal government that Ontario will manage our own resources.\nSincerely,\nConcerned citizen\n"
    },
    "23563": {
        "url": "/comment/23563",
        "comment": "1. Landscape Approaches\nWe support recovering species by looking at the entire landscape and taking actions that will contribute the most to improving habitat and protecting species from harm; however, care must be taken to ensure the individual needs of each species are still taken into account. There are situations where a species-specific approach is still warranted.\n2. Species Listing Process and Protections\nThe ability of the Committee on the Status of Species at Risk in Ontario (COSSARO) to determine the status of species, independent of government, is essential to the proper functioning of the Endangered Species Act (ESA). Improved communication and transparency in all aspects of species assessment and protection is warranted to provide clarity for the public and business.\nHabitat loss or degradation is a primary cause for species decline. Automatic protection, combined with clear communication on where impacts can and cannot occur, would protect species while providing certainty of what to expect for economic development.\n3. Species Recovery Policy and Habitat Regulations\nDelays and inaction are detrimental to species while at the same time providing little economic certainty since business is uninformed of the parameters under which they must operate.  What is needed for species and economic development is for the government to focus resources on quickly providing the framework for protecting habitat and taking action.\n4. Permitting Processes\nWe are in favour of consistent application and streamlining of decisions, which must also include decisions to deny a permit for an activity that would harm a species or its habitat. Permits allowing harm to endangered species or their habitat poses a considerable risk so need to come with strict conditions. Extinction is permanent.\n"
    },
    "23564": {
        "url": "/comment/23564",
        "comment": "As the owner of an Ontario Forestry company logging on crown land,   I thank you for the opportunity to comment on the 10th Year Review of Ontario\u2019s Endangered Species Act: Discussion Paper, ERO number 013-4143. We look forward to working with your government to improve the effectiveness of the Endangered Species Act (ESA) and ensure a balanced approach between a healthy environment and a healthy economy. The most important action the government can take is a permanent recognition of the Crown Forest Sustainability Act (CFSA) as an equivalent process to the Endangered Species Act (ESA); through a permanent Section 55 Regulation. The CFSA already provides landscape, stand, and site-level direction for managing, conserving, and protecting species at risk. Having two acts attempting to accomplish the same outcome represents the single greatest piece of red tape and duplication to this sector. Thanks.\n"
    },
    "23565": {
        "url": "/comment/23565",
        "comment": "Re: Consultation Proposal: 013-4143\n10th Year Review of Ontario\u2019s Endangered Species Act: Protecting and Recovering Species at Risk in Ontario\nI have reviewed the Discussion Paper and the Areas of Focus.\nArea of Focus 1 \u2013 Landscape Approaches\nA landscape approach is already enabled by the current legislation (Endangered Species Act, 2007).  No changes are needed to use this approach more effectively. It has been implemented with respect to the Woodland Caribou and could be used for other species and groups of species.\nArea of Focus 2 \u2013 Listing Process and Protections for Species at Risk\nNo changes are needed for the listing process or notification of upcoming assessments.  Better use of existing tools such as the COSSARO website would improve notification. For example, I looked at the current COSSARO website (http://cossaroagency.ca) and noticed that the information on upcoming meetings and the list of species to be assessed is almost two years out of date!  Why?  It would improve notification to simply have the website made up to date by devoting more resourcing to it.\nNo changes are needed to automatic listing, and automatic species and habitat protection. These mechanisms are the core functions of the Act and to change them would be destroying the very reasons for which the Act was created.\nArea of Focus 3 \u2013 Species Recovery Policies and Habitat Regulations\nThe Discussion Paper does not provide any examples of when or why the timelines for preparing the Government Response Statements (GRS) or Five Year Reviews (FYR) are considered too short or too soon. Nor are there examples of species for which habitat regulations are not needed.\nThere is no need to change the timelines for development of the GRS or FYR, or to restrict the use of habitat regulations.  The GRS and FYR are key to implementing recovery.  One of the main threats to species at risk is loss of habitat and requirements such as the habitat regulation are key to ensuring the appropriate amount and location of habitat is protected.\nArea of Focus 4 \u2013 Authorization Processes\nThe Endangered Species Act has a suite of authorizations that enable activities to occur.  No specific examples are given which would demonstrate that there is a need to widen the suite further.\nOverall benefits must be set up to give a benefit to the species being affected by an activity. An option such as donating to a conservation bank would not be species specific and would be much less likely to benefit the species. Other options presented such as simplifying permit requirements for s. 17(2)d, would lessen the protection given to species at risk and be to their detriment.  Permitting requirements should not be weakened through regulations in the name of efficiency.  It is not clear that there is sufficient inspection and compliance monitoring of existing permitting regulations let alone if additional methods of authorization are created.\n"
    },
    "23566": {
        "url": "/comment/23566",
        "comment": "The local forest industry is in danger of collapse if we lose our exemption to the ESA.\nThe protection of SAR is extremely challenging to the local forest industry, and in order for forest management plans to be sustainable in adherence to the three pillars; Environmental, Social and Economic must stay in place.\n"
    },
    "23568": {
        "url": "/comment/23568",
        "comment": "In general, I believe the Endangered Species Act should provide reliable protection to vulnerable species.  It makes no sense to allow irreversible damage to the earth's ecosystem by allowing species to go extinct, just so that one, or a few people of one or two generations can make some money.  People don't really know if their plans of playing around with allowing destruction here and enhancement there will work, human actions quite often have unintended consequences, so it seems prudent not to take actions that could have permanent consequences.\nArea of Focus 2\nThere should be automatic species and habitat protections for threatened and endangered species.\nThe process of listing a species as extirpated, endangered, threatened or special concern should be based on the best available scientific information.  Listings are not automatic, they are (and should be) a result of review by the COSSARO of the best available scientific information.\nIn order to make the process transparent, COSSARO should prepare a scientifically referenced report outlining the decision process and reasons for the listing.  I believe these reports are currently written for each listed species.  Listings should be regularly reviewed, as new studies and information becomes available.\nThere is no need for a longer public notification, species do not suddenly become threatened or endangered, it is usually a process over several years.  Proponents of projects which will alter and impact on any kind of natural area (ie part of the earth) should be expected to be aware of natural environment concerns in their local area, and be aware of any species in trouble.  A basic ecological literacy should be expected of developers\nArea of Focus 4\nNo permits or authorizations should be issued to allow the harm, harassment or killing of endangered or threatened species, or damage to their habitat.  This would simplify the permitting process, there would be no need to file numerous authorization requests.  The rule would be simple...No harming threatened or endangered species or the habitat on which they depend.\nOntario Nature\nI agree with Ontario Nature\u2019s position regarding Endangered Species Act amendments.  Any amendments to the ESA must support its purpose of protecting and recovering at-risk species. I ask that the following points be included in the ESA:\n1.\tMaintain mandatory habitat protection for endangered and threatened species.\n2.\tMECP should repeal the 2013 exemptions for the forestry, hydro, mining and commercial development industries;\n3.\tAmend section 57(1)1 of the ESA so that any future exemptions cannot jeopardize the recovery of endangered and threatened species;\n4.\tMaintain COSSARO\u2019s current species listing process, \u201cbased on the best available scientific information, including information obtained from community knowledge and aboriginal traditional knowledge\u201d (ESA, section 5 (3)); and\n5.\tRequire compensation that results in a direct overall benefit to affected species where harmful activities are permitted. (Do not allow proponents of harmful activities to bypass protections by simply paying into a fund.)\n"
    },
    "23569": {
        "url": "/comment/23569",
        "comment": "I am a forestry technician with 15 years of experience in silviculture and management planning.  The following comments and suggestions are in relation to EBR posting 013-4143.\nThe Endangered Species Act (ESA) remains difficult to apply to forest management due to the enhanced protection of certain species which is good but there needs to be an equal balance so it does not severely limit other forest managemnt outcomes.\nThe Crown Forest Sustainability Act (CFSA) has been very effective legislation to regulate forestry in Ontario as it balances the social, economic, and environmental outcomes within the forestry industry.\nGovernment still needs to find a way to make the ESA work for forestry as well the endangered species without jeopardizing one or the other.  The only implementable solution has come through the use of an ESA Section 55 Regulation which expires next year.  The Section 55 Regulation whch recognizes the CFSA creates a more balanced aproach to achieve species protection as well as not greatly limiting forest management objectives.\nA few recommendations I have would be:\n-Implementing a permanent ESA Section 55 regulatory exemption for the forest sector that recognizes the CSFA.\n-Continuing to manage the at risk species through the CFSA as well as developing species prescriptions with input from forest stakeholders along with other professionals within the forestry sector.\n-Any socio-economic impact analysis should be made and shared with impacted forest stakeholders and First Nations before any policy is implemented.\n"
    },
    "23570": {
        "url": "/comment/23570",
        "comment": "1. Landscape Approaches\nWe support recovering species by looking at the entire landscape and taking actions that will contribute the most to improving habitat and protecting species from harm; however, care must be taken to ensure the individual needs of each species are still taken into account. There are situations where a species-specific approach is still warranted.\n2. Species Listing Process and Protections\nThe ability of the Committee on the Status of Species at Risk in Ontario (COSSARO) to determine the status of species, independent of government, is essential to the proper functioning of the Endangered Species Act (ESA). Improved communication and transparency in all aspects of species assessment and protection is warranted to provide clarity for the public and business.\nHabitat loss or degradation is a primary cause for species decline. Automatic protection, combined with clear communication on where impacts can and cannot occur, would protect species while providing certainty of what to expect for economic development.\n3. Species Recovery Policy and Habitat Regulations\nDelays and inaction are detrimental to species while at the same time providing little economic certainty since business is uninformed of the parameters under which they must operate.  What is needed for species and economic development is for government to focus resources on quickly providing the framework for protecting habitat and taking action.\n4. Permitting Processes\nWe are in favour of consistent application and streamlining of decisions, which must also include decisions to deny a permit for an activity that would harm a species or its habitat. Permits allowing harm to endangered species or their habitat poses considerable risk so need to come with strict conditions. Extinction is permanent.\n"
    },
    "23571": {
        "url": "/comment/23571",
        "comment": "\"Should there be a different approach or alternative to automatic species and habitat protections?\" - If anything there should be a greater amount of species and habitat protections and there should not be longer transition periods or ministerial discretion whether to remove or temporarily delay protections. This solely benefits businesses and is in no benefit to the public or the health of our environment.\n\"The development of a habitat regulation is not needed for each species that is endangered and threatened since general habitat protection applies and can be clarified through the use of general habitat descriptions.\" - Endangered/threatened species require specific habitats, creating general habitat protection is not enough to ensure the species current habitat is protected and does not help in the rebounding of the species.\n\"Significant social or economic benefit permit\" - who determines what classifies as 'significant social or economic benefit'? This seems to contradict the entire act.\nAs a whole, this discussion paper is disappointing. The challenges highlighted are purely for economic benefit and not for the benefit of the environment and the species which we must protect. As the paper states, there needs to be more discussion on how to better recover SAR and less focus on the economic development barriers.\n"
    }
}