{
    "116055": {
        "url": "/comment/116055",
        "comment": "Study after study demonstrate that bike lanes move more people in the city. Removing bike lanes, or making it harder to create new ones, does the opposite. It'll only waste our tax dollars, and the danger to both cyclists and motorists. Please, further develop the bicycle infrastructure, don't fight it. It does not help anyone. This is ridiculous.\n"
    },
    "116056": {
        "url": "/comment/116056",
        "comment": "Hello,\nI am urging the Ontario government to not build highway 413 and instead, open up highway 407.\nI'm concerned about several negative impacts if this highway was to be built including:\nThe destruction of nature including wetlands at a time in when we should be protecting these spaces in order to do what's right by Indigenous communities and future generations but also from a climate change mitigation strategy - wetlands help with flood control which is one of the top environmental risks related to climate change in Ontario according to the Ontario Climate Change Impact Report.\nThe cost to taxpayers when the majority of Ontarians will not use this proposed highway and the majority of Ontarians either didn't vote for the current government or didn't vote at all; this government is not representing the majority of Ontarians, more consideration of what we want should be a priority.\nThe costs of this highway impacting areas where we need funding more urgently than enabling vehicular traffic such as improving health care, providing supportive housing crisis and improving a mental health supports for Ontarians most in need.\nLastly, we're supposed to be working toward lowering our carbon emissions as a province and country, anything that promotes more \"car culture\" is not going to help us get there, despite how many people may drive EVs at the moment.\nI urge you to listen to the reports that show the negative potential to species and eco-systems in Ontario and to the analysis and reports that show this highway will not improve commuting time significantly and stop the construction of highway 413.\n"
    },
    "116064": {
        "url": "/comment/116064",
        "comment": "Bill 212, the \"Reducing Gridlock, Saving You Time Act,\" has several concerning implications that could negatively impact Ontario's communities and environment:\n1. **Environmental Concerns**: The bill exempts certain highway projects, like Highway 413, from the Environmental Assessment Act, potentially leading to significant ecological damage and loss of green spaces. This undermines efforts to protect Ontario's natural environment.\n2. **Impact on Local Governance**: By overriding municipal by-laws related to construction, the bill diminishes local governments' authority to manage land use and infrastructure development, which can lead to poorly planned projects that do not consider community needs.\n3. **Safety Risks**: The bill restricts the construction of bike lanes and other pedestrian-friendly infrastructure, which could make streets less safe for cyclists and pedestrians, contradicting efforts to promote sustainable transportation.\n4. **Expropriation Issues**: The legislation allows for expedited land expropriation without adequate hearings or compensation processes, raising concerns about property rights and fairness for affected landowners.\nIn summary, while the intent to reduce gridlock is commendable, the methods proposed in Bill 212 could lead to environmental degradation, reduced local control, safety hazards, and unfair treatment of property owners. These factors make the bill problematic for the future of Ontario.\n"
    },
    "116067": {
        "url": "/comment/116067",
        "comment": "Induced Demand Explained\nInduced demand refers to the phenomenon where increasing the supply of a good or service leads to a rise in its consumption. In transportation, this means that when road capacity is expanded\u2014such as by adding lanes or building new highways\u2014more vehicles tend to use those roads. This occurs because the perceived ease of travel encourages more people to drive, including those who might have previously used public transport or traveled at off-peak times. As a result, the new road capacity quickly fills up, often leading to the same or even worse congestion than before.\nImpact of Bill 212 on Gridlock\nBill 212 in Ontario aims to expedite road construction and expand highway capacity, which could exacerbate traffic congestion due to induced demand. By promoting the construction of new highways and lanes without adequately addressing public transit or alternative transportation options, the bill is likely to attract more drivers to these routes. This influx can lead to increased traffic volumes, negating the intended benefits of reduced congestion.\nMoreover, the bill's focus on expanding road infrastructure may divert attention and resources away from sustainable transportation solutions, such as public transit improvements or cycling infrastructure, further entrenching car dependency and contributing to urban sprawl. Consequently, rather than alleviating gridlock, Bill 212 could lead to a cycle of increased traffic and congestion, illustrating the complexities of transportation planning and the challenges posed by induced demand.\nIn summary, while the intention behind Bill 212 may be to improve traffic flow, it risks increasing gridlock due to the principles of induced demand, ultimately undermining effective transportation solutions in Ontario.\n"
    },
    "116070": {
        "url": "/comment/116070",
        "comment": "The plan to remove bike lanes is not for the premier to make. Doug is stepping over his boundaries. These bike lanes have bean a safe commute for many. The costs alone are ludicrous. Tax payers are more concerned over the gun violence and theft in this city. Step aside Doug, you are not the mayor of Toronto. Other towns and issues need your support. While we're at it the $3 billion dollar credit that will be sent out is better placed towards our crumbling healthcare.\n"
    },
    "116073": {
        "url": "/comment/116073",
        "comment": "### Ode to Bike Lanes\nOh, lanes of joy where cyclists glide with grace,\nIn vibrant hues, you carve the city's space.\nWith gentle curves, you guide us through the streets,\nA haven safe where every rider meets.\nYou weave through parks and bustling urban life,\nA path of peace amidst the daily strife.\nWith every pedal, freedom's song we sing,\nIn harmony, the joy of movement brings.\nNo longer bound by traffic's heavy chains,\nYou offer routes where nature still remains.\nThrough sunlit days and gentle evening's glow,\nYou lead us forth, where fresh and cool winds blow.\nSo here\u2019s to you, dear lanes of bike and wheel,\nA testament to how we choose to feel.\nIn every turn, you foster health and cheer,\nA brighter world, where all can ride, my dear.\n"
    },
    "116076": {
        "url": "/comment/116076",
        "comment": "Why Bill 212 is Bad\n1. **Highway to Nowhere**: Bill 212 is like that friend who insists on taking the scenic route but ends up lost in a cornfield. Sure, we\u2019re expanding highways, but are we really getting anywhere? More lanes just mean more cars\u2014it's like adding more toppings to a pizza that\u2019s already too cheesy!\n2. **Environmental Impact**: This bill is the equivalent of saying, \u201cLet\u2019s plant more trees, but first, let\u2019s chop down a forest!\u201d It\u2019s like trying to save the planet by buying a bigger SUV. Spoiler alert: Mother Nature isn\u2019t impressed.\n3. **Local Governance**: Imagine your neighbor decides to paint their house neon pink without asking anyone. That\u2019s what Bill 212 does to local governance! It\u2019s like saying, \u201cHey, municipalities, your opinions don\u2019t matter\u2014just sit back and enjoy the chaos!\u201d\n4. **Induced Demand**: Expanding roads is like putting out a buffet for traffic. \u201cOh, you thought you\u2019d avoid rush hour? Surprise! Everyone\u2019s here for the all-you-can-eat gridlock!\u201d It\u2019s a classic case of \u201cif you build it, they will come\u201d\u2014and by \u201cthey,\u201d I mean every car in the county.\n5. **Safety Concerns**: This bill is like trying to make a cake without flour\u2014something\u2019s definitely missing! By neglecting bike lanes and pedestrian safety, we\u2019re just inviting chaos. It\u2019s like saying, \u201cLet\u2019s make the roads safer for cars, but who cares about those pesky cyclists? They can just play dodgeball with traffic!\u201d\n6. **Expropriation Woes**: The bill allows for land expropriation faster than you can say \u201cnot my backyard!\u201d It\u2019s like a game of Monopoly where the government just takes your properties because they feel like it. \u201cSorry, you\u2019re out of luck\u2014now hand over your land for a highway to nowhere!\u201d\nIn conclusion, while Bill 212 might sound like a plan to ease traffic, it\u2019s more like a recipe for disaster. So let\u2019s keep our lanes safe, our environment green, and our local voices heard\u2014because nobody wants to end up in a traffic jam that\u2019s longer than a Netflix binge!\n"
    },
    "116078": {
        "url": "/comment/116078",
        "comment": "Les pistes cyclables sur Bloor Street offrent de nombreux avantages qui m\u00e9ritent d'\u00eatre soulign\u00e9s, surtout face \u00e0 la menace que repr\u00e9sente le projet de loi 212. Voici quelques points cl\u00e9s :\n### Avantages des pistes cyclables sur Bloor Street\n1. **S\u00e9curit\u00e9 accrue** : Les pistes cyclables cr\u00e9ent un environnement plus s\u00fbr pour les cyclistes, r\u00e9duisant ainsi les accidents et les blessures. Cela encourage davantage de personnes \u00e0 utiliser le v\u00e9lo comme moyen de transport.\n2. **Impact \u00e9conomique positif** : Des \u00e9tudes montrent que les commerces le long de Bloor Street b\u00e9n\u00e9ficient de l'augmentation du nombre de clients qui arrivent \u00e0 v\u00e9lo ou \u00e0 pied. En effet, les cyclistes d\u00e9pensent souvent plus que les automobilistes.\n3. **R\u00e9duction de la congestion** : En favorisant l'utilisation du v\u00e9lo, les pistes cyclables contribuent \u00e0 diminuer le trafic automobile, ce qui peut r\u00e9duire les temps de trajet pour tous les usagers de la route.\n4. **Am\u00e9lioration de la qualit\u00e9 de l'air** : Moins de voitures sur la route signifie moins d'\u00e9missions de gaz \u00e0 effet de serre, ce qui est b\u00e9n\u00e9fique pour l'environnement et la sant\u00e9 publique.\n### N\u00e9cessit\u00e9 de prot\u00e9ger les pistes cyclables contre le projet de loi 212\nLe projet de loi 212, qui vise \u00e0 retirer certaines pistes cyclables, y compris celles de Bloor Street, pourrait avoir des cons\u00e9quences d\u00e9sastreuses. Voici pourquoi il est crucial de s'opposer \u00e0 cette l\u00e9gislation :\n- **Retour \u00e0 la circulation automobile** : La suppression des pistes cyclables pourrait entra\u00eener une augmentation du trafic, aggravant ainsi la congestion et les probl\u00e8mes de s\u00e9curit\u00e9.\n- **Menace pour la sant\u00e9 publique** : Moins de cyclistes signifie plus de pollution et moins d'opportunit\u00e9s pour les citoyens de rester actifs, ce qui peut nuire \u00e0 la sant\u00e9 g\u00e9n\u00e9rale de la population.\n- **Ignorer les besoins des usagers** : Le projet de loi semble privil\u00e9gier les automobilistes au d\u00e9triment des cyclistes et des pi\u00e9tons, qui repr\u00e9sentent une part croissante de la population urbaine.\nIl est donc essentiel de d\u00e9fendre les pistes cyclables sur Bloor Street et de s'opposer \u00e0 des mesures qui pourraient nuire \u00e0 la s\u00e9curit\u00e9 et \u00e0 la qualit\u00e9 de vie des citoyens. En soutenant ces infrastructures, nous investissons dans un avenir plus durable et plus sain pour tous.\nQue pensez-vous de cette situation ?\n"
    },
    "116082": {
        "url": "/comment/116082",
        "comment": "I am writing to express my strong opposition to the proposed Bill 212, specifically the provision that calls for the removal of established bike lanes on major streets such as Bloor Street, Yonge Street, and University Avenue. The bill explicitly states it will \"provide for the removal of the bike lanes on Bloor St., Yonge St., and University Ave. in the City of Toronto and to return them to a lane of traffic\"\u200b\n. This approach is fundamentally flawed and poses significant risks to the city's transportation ecosystem, public safety, and environmental goals.\n1. Public Safety Risks: Removing these bike lanes will undoubtedly endanger the lives of cyclists, forcing them into shared lanes with motor vehicles. Protected bike lanes significantly reduce the risk of accidents, providing a safe space for cyclists who would otherwise be at higher risk of collisions with cars. Research has shown that cities with robust cycling infrastructure experience fewer traffic fatalities and injuries. The decision to eliminate these safe spaces directly contradicts the goal of making our streets safer for all users, including pedestrians, who also benefit from the reduced risk of cars veering onto sidewalks when bike lanes are present.\n2. Worsening Traffic Congestion: The bill's intent to reduce gridlock by increasing vehicle lanes is counterintuitive. Studies in urban planning repeatedly show that expanding road space for cars only encourages more driving, a phenomenon known as induced demand. By removing bike lanes, the government will likely push many current cyclists back into cars, increasing the number of vehicles on the road. This influx will exacerbate congestion rather than alleviate it. On Bloor Street alone, bike lanes currently accommodate thousands of cyclists daily. Eliminating these lanes could result in a significant increase in cars, negating any potential traffic improvements the bill seeks to achieve\u200b\n3. Environmental and Public Health Setbacks: Encouraging more car usage by removing bike lanes would directly undermine efforts to combat climate change and reduce emissions. The transportation sector is one of the largest contributors to greenhouse gas emissions in Ontario. Promoting active transportation, such as cycling, is a key strategy in reducing our carbon footprint. Bike lanes not only help lower emissions but also reduce noise pollution and improve air quality, contributing to better public health. By removing this infrastructure, the bill disregards these critical environmental benefits and sets us back in our fight against climate change.\n4. Economic Implications and Misuse of Taxpayer Funds: Eliminating bike lanes would waste substantial public investments already made in developing these lanes. Data from the Bloor Street BIA show that since the installation of bike lanes, local businesses have seen increased foot traffic and sales, as cyclists are more likely to stop and shop. The economic benefits of well-placed bike lanes are well-documented, with many studies highlighting their positive impact on local commerce. Removing these lanes would disrupt this economic activity, potentially harming businesses that have come to rely on the increased footfall from cyclists\u200b\n5. Overreach in Municipal Affairs: This bill represents an overreach of provincial authority into municipal planning, stripping cities like Toronto of their ability to make transportation decisions tailored to their local needs. Toronto's city planners and community consultations have repeatedly supported the expansion of cycling infrastructure as a vital part of the city's transportation strategy. By overriding these local decisions, the provincial government is disregarding the voices of residents and experts who have carefully studied the benefits of bike lanes.\nIn conclusion, Bill 212 is a step in the wrong direction. It prioritizes short-term traffic flow over long-term solutions that could lead to a safer, healthier, and more sustainable city. Instead of dismantling existing cycling infrastructure, the government should be investing in expanding it, enhancing public transit options, and implementing policies that reduce car dependency. I strongly urge the government to reconsider this bill and protect the bike lanes that have become an integral part of Toronto's transportation network and urban landscape.\n"
    },
    "116096": {
        "url": "/comment/116096",
        "comment": "Bill 212, known as the \"Reducing Gridlock, Saving You Time Act,\" has raised significant concerns regarding its potential to worsen traffic congestion and incur high costs. Here\u2019s a breakdown of why this legislation could have these negative impacts:\nIncreased Congestion\n1. Removal of Bike Lanes: One of the key components of Bill 212 is the removal of bike lanes on major roads. This decision is expected to lead to more cars on the road, as fewer people will feel safe cycling. Studies indicate that bike lanes help reduce overall vehicle congestion by encouraging cycling and walking, which in turn decreases the number of cars on the road.\n2. School Traffic: A substantial portion of morning rush hour congestion is attributed to school drop-offs. By discouraging active transportation options like biking, Bill 212 could exacerbate this issue, leading to even more vehicles on the roads during peak times.\nHigh Costs\n1. Financial Implications: The city of Toronto has estimated that dismantling existing bike lanes could cost taxpayers at least **$48 million**. This includes not only the loss of previous investments in bike infrastructure but also the costs associated with redesigning streets and managing construction disruptions.\n2. Long-Term Inefficiencies: The removal of bike lanes is unlikely to yield significant long-term benefits for car travel times. In fact, the construction phase alone could worsen traffic conditions for months, leading to increased frustration and delays for drivers.\nEnvironmental and Health Concerns\nBeyond congestion and costs, the bill could also hinder efforts to promote healthier, more sustainable transportation options. The removal of bike lanes may lead to higher greenhouse gas emissions, as more people revert to driving instead of cycling or walking. This contradicts broader goals of reducing pollution and improving public health.\nIn summary, Bill 212 is poised to create a cycle of increased congestion and financial burden while undermining efforts to promote sustainable transportation.\n"
    },
    "116103": {
        "url": "/comment/116103",
        "comment": "I am strongly opposed to the proposed Bill 212, specifically the provision that calls for the removal of established bike lanes on major streets such as Bloor Street, Yonge Street, and University Avenue. The bill explicitly states it will \"provide for the removal of the bike lanes on Bloor St., Yonge St., and University Ave. in the City of Toronto and to return them to a lane of traffic\".\nStudies in urban planning repeatedly show that expanding road space for cars only encourages more driving, a phenomenon known as induced demand. By removing bike lanes, the government will likely push many current cyclists back into cars, increasing the number of vehicles on the road. Including us.\nBike lanes are essential to my family's life. My husband and I both commute along the Yonge and Bloor bike lanes daily, multiple times a day - going and coming from work, dropping off and picking up our children from school, daycare and weekend activities. Our kids are safer in bike lanes - much safer. Our commute times are faster and our overall health has increased since we began biking. Our lives are so much better with bike lanes.\nBill 212 is a step in the wrong direction. It prioritizes short-term traffic flow over long-term solutions that could lead to a safer, healthier, and more sustainable city. Instead of dismantling existing cycling infrastructure, the government should be investing in expanding it, enhancing public transit options, and implementing policies that reduce car dependency. I strongly urge the government to reconsider this bill and protect the bike lanes that have become an integral part of Toronto's transportation network and urban landscape.\n"
    },
    "116105": {
        "url": "/comment/116105",
        "comment": "Adding extra lanes to a road might seem like a straightforward solution to reduce congestion, but it often leads to reduced capacity and efficiency. Here\u2019s why:\n1. Induced Demand\nWhen you add more lanes, you might think it will ease traffic. However, this often leads to induced demand, where more drivers are encouraged to use the road, ultimately filling those new lanes. It\u2019s like loosening your belt to fight obesity\u2014counterproductive, right? More lanes can attract more cars, leading to the same or even worse congestion over time.\n2. Braess's Paradox\nThis phenomenon, known as Braess's Paradox, suggests that adding roads can actually slow down overall traffic flow. When drivers choose routes based on their own interests, the addition of a new lane can disrupt the optimal flow, causing longer travel times for everyone. It\u2019s a classic case of \u201ctoo many cooks spoil the broth,\u201d but in this case, it\u2019s too many lanes spoiling the traffic flow.\n3. Diminishing Returns\nEach additional lane provides diminishing returns in terms of capacity. Research shows that wider lanes do not significantly increase road capacity. For instance, a 3-meter lane has about 93% of the capacity of a 3.6-meter lane. So, the difference isn\u2019t as impactful as one might expect.\n4. Increased Speeds and Safety Concerns\nWider lanes can lead to higher speeds, which paradoxically increases the likelihood of accidents. When drivers feel they have more space, they may drive faster, leading to more severe crashes. This can create a less efficient road environment overall, as accidents cause delays and congestion.\n5. Impact on Alternative Transportation\nMore lanes often mean less space for pedestrians, cyclists, and public transport. This can discourage these modes of transport, leading to a reliance on cars and further congestion. A well-balanced transportation network is crucial for efficiency, and prioritizing cars over other forms can undermine that balance.\nConclusion\nIn summary, while adding lanes might seem like a quick fix for traffic woes, it often leads to increased congestion, reduced efficiency, and safety concerns. A more holistic approach that considers all modes of transportation is essential for creating a truly efficient road network.\n"
    },
    "116123": {
        "url": "/comment/116123",
        "comment": "Bike lanes are critical infrastructure that help move more people and reduce traffic. Removing them would mean removing the option for cycling, and lead to people driving instead. It\u2019s this driving that adds to traffic and clogs up the roads. We need more high quality cycling infrastructure rather than less. People need to feel safe riding their bikes in order to ride. Please do not take away the bike lanes\n"
    },
    "116124": {
        "url": "/comment/116124",
        "comment": "Keep Toronto's bike lanes. Environmentally it only makes sense to move towards fewer cars and smaller cars. Travelling in Europe I see this move everywhere. In Toronto, it seems residents need more encouragement, not less, to ditch their cars or leave them at home more often. Bike lanes encourage cycling not just for commutes to and from work and school but for all kinds of errands and recreation. This is a lop sided change. Why make it harder and less attractive to cycle? This just puts more people into cars to create more congestion and more pollution. Bike lanes are so much safer. When I am cycling  on roads without a bike lane I am against the curb and am frequently cut off by cars who cut closely in front of me totally ignoring the supposedly required distance of three feet. If I can't find a route with a bike lane for most of the route I will try to TTC although with the TTC becoming less and less reliable I do sometimes feel like I have to drive. If Toronto's best bike lanes are reduced I'll be in my car all the time to the detriment of the air and to congestion. Why doesn't Doug Ford put the $200 rebate towards improving TTC? Better TTC combined with MORE rather than less bike lanes would be the way to reduce congestion and pollution.\n"
    },
    "116129": {
        "url": "/comment/116129",
        "comment": "Do not remove bike lanes. We should be encouraging people to use alternate modes of transportation rather than personal vehicles. The  real reason there is gridlock is there are too many cars on the road. By providing safe, convenient alternatives, there will be less traffic, thereby reducing gridlock.\n"
    },
    "116151": {
        "url": "/comment/116151",
        "comment": "Makes no sense whatsoever for the province to spend $76 million on removing bike lanes for the benefit of a minority of drivers in Toronto. Many of these drivers should be taking public transit if we are serious about reducing emissions. Municipalities do not want this, many citiziens in Toronto do not want this, anyone concerned about their own health or the future of this planet certainly do not want this. Another sad day in Ontario, where the interests of the connected few are supported over the many.\n"
    }
}