{
    "90156": {
        "url": "/comment/90156",
        "comment": "I am shocked this is even being considered. There are many reasons this is abhorrent and dangerous:\n1. Allowing dogs to attack and kill animals in this way increases aggressiveness in dogs. We do not need more aggressive dogs.\n2. Zoonotic diseases are a reality. For example, COVID is a zoonotic disease. We've recently had cases in Canada where dogs contracted avian flu from diseased animals. How will you be sure the wild animals do not have diseases that can transfer to dogs or humans? This creates unnecessary dangers for humans, pets, and agriculture in Ontario.\n3. It is inhumane. It causes unnecessary terror and torture for the animals who are put into a cage to be torn apart for sport. We already have plenty of hunting and fishing in Ontario that is legal, regulated and does not cause undue stress or torture for the animals.\n4. Where will these animals come from? Are we going to open wild animal breeding forms? That is yet another way that disease are spread from wild animals to humans.\nCanada is a beautiful country renowned for its wildlife.  Let's keep it that way. Ontario made this kind of hunting illegal.  There is no reason to legalise it.\n"
    },
    "90158": {
        "url": "/comment/90158",
        "comment": "The proposed amendments to the Fish and Wildlife Conservation Act are barbaric and do not not allow any respect for animal rights. Why is it that in regards to conservation and wildlife management, hunters are considered to be the absolute reference as if animal life was theirs to own and dispose of as they wish, without morals? I work in the conservation field, I have done so for the last 30 years and know as much on the subject of nature as hunters do. Nature does not belong to hunters, it is not their privilege to use and abuse it. The rest of us also have the right to voice our opinion and set limits to practices that are beyond acceptable.\n"
    },
    "90159": {
        "url": "/comment/90159",
        "comment": "Animal cruelty is unforgivable. Imagine if you were in their place. How would you feel? I would hate to be used as hunting practice and so I cannot support this proposal.\n"
    },
    "90160": {
        "url": "/comment/90160",
        "comment": "Do not do this! This is extremely inhumane to our wildlife. There is so much progress we have made this is only going to take us 10 steps back. These animals do not derseve to be trapped and used as bait for hunting dogs, we are in 2023, so many other options to train dogs to hunt. Absolutely ridiculous...\n"
    },
    "90163": {
        "url": "/comment/90163",
        "comment": "I have read with great concern the impacts to these sentient animals that would be held captive in such a horrific setting. These animals as we are well aware, will be hunted and traumatized for the rest of their lives over and over again.   In what world is this okay?  This is cruelty at it's best. It is inhumane and it is wrong.   Please do the right thing and do not go backwards in time.  I urge you to reconsider this act and obolish it completely.\n"
    },
    "90166": {
        "url": "/comment/90166",
        "comment": "This is unnecessary and cruel. I can understand the need to maintain the dog train areas that exist, particularly when tied to a person\u2019s livelihood, but the existing policy allowing them to run their course seems sensible. There is no need to hunt these animals and both the hunt and training facilities would be in direct violation of https://laws-lois.justice.gc.ca/eng/acts/C-46/section-445.1.html.\n"
    },
    "90168": {
        "url": "/comment/90168",
        "comment": "Regarding proposal to allow licences for Dog Train and trial areas and we\u2019ll to transfer existing licences:\nI am shocked to read, that this barbaric and inhumane practice is being considered in our modern era. This is a \u201cHunger Games\u201d for defenceless wildlife, which I am opposed to.\nTo cause suffering to creatures of our world is never okay and must never be endorsed by our government.\nAlso, this type of training of dogs, could cause them to become too aggressive and difficult yo handle when around ANY wildlife or humans. I would say that encouraging this type of training of dogs, is inhumane to them as well.\nPeaceful coexistence with all creatures is what we should be striving for.\nPlease abolish this outdated proposal immediately.\nThank you.\n"
    },
    "90173": {
        "url": "/comment/90173",
        "comment": "The fact you would allow wild life to be trapped and used for training is appalling. What is wrong with your thought process. It is bad enough that there already is a disregard for our environment because of the destructive development but to make it lawful to abuse, neglect and destroy native species is wrong on so many levels. Why was the public not made more aware of this proposal? There is a reason I am no longer a member of the Conservative Party. The back room deals to appease a small few at the cost of what is right for the majority of our provincial population. This proposal is very reminiscent of American ideologies, I am a proud Canadian, this thinking is truly frightening. Please do not pass this proposal.\n"
    }
}