{
    "83486": {
        "url": "/comment/83486",
        "comment": "I am very much in favour.\n-I think these facilities are great for bringing buisness to small towns and communities.\n-This is a proud Canadian tradition and part of our Canadian heritage.\n-It\u2019s a way of life for many families across this country and it is our duty as dog owners to give them the life they deserve.\n"
    },
    "83490": {
        "url": "/comment/83490",
        "comment": "Hound hunting is a long lasting tradition. I\u2019m in full support of opening up training/ trialing seasons and facilities. The training of a well versed hound takes time and repetition, with the added training time houndsman will have more time to put miles on their dogs, start their young dogs and keep them chasing correct game.\n"
    },
    "83514": {
        "url": "/comment/83514",
        "comment": "Training pens make a much safer more controlled environment to train our hunting dogs.  With a training pen we don't have to worry about our dogs going on someone else's property or worry about roads.\nThe economic impact would be great for rural Ontario with places like hotels, restaurants, gas stations etc reaping the benefits.  Money that currently often goes south to the United States.\n"
    },
    "83528": {
        "url": "/comment/83528",
        "comment": "The majority of Ontarians believe we need stronger animal welfare laws and this proposal to support hunting train and trial areas is in direct conflict with that belief. Hunters are a tiny minority of Ontarians and this proposal will only serve them and a dying \"sport\" that very few people care about anymore. Please do not support this proposal. Hunting is a relic of the past and this will be a waste of money that would be better used on other proposals to support things that will benefit far more Ontarians and not hurt animals in the process.\nSigned,\nOne of many Ontarians who cares about animal welfare\n"
    },
    "83543": {
        "url": "/comment/83543",
        "comment": "I believe this is a great decision and opportunity. This allows for the training of hounds in a controlled environment. Away from traffic and outside elements that can interfere with the safety of the hounds and the handlers of said hounds. As a younger hound handler in the sport it is imperative to have the opportunity to have facilities like this. The more the better. Limiting or reducing these facilities only puts added pressure to already stressed locations. The existing locations are over run with those trying to get in to such places. Which in turn puts added and undo stress on the game with in the facility. The amendment may  also allow for young handlers to have more choices that may very well be closer to them. Which allows them to participate more if able to? As an individual from Southwestern Ontario that recently had to step away from the handling of hounds due to the distance to the closest facility. Or ability to get in to a closer one because it was already full. I found myself traveling 4.5hrs at times in the past to allow me to find a safe and secure place to train and handle my hounds. Which limited my ability to spend time with my wife as well as the added cost of such distance. Fuel, vehicle wear and tear and any additional expenses incurred during the travels. Priced my son and I out of a activity that we loved and shared together. It also took away from the history that had been shared to me and I hoped to pass along to my children. I FULLY support this amendment.\nMy only concern is the 90day limitation. Other than that I believe this is conducive to quality training in a safe and secure manner for both hounds and the game mentioned in the proposal.\n"
    },
    "83546": {
        "url": "/comment/83546",
        "comment": "I am an active houndsman and love the idea of creating more locations to train my hounds.  This would have positive impact on conservation officers not having to respond to a dog \u201crunning at large\u201d whenever we are training.  This has a great benefit to the animals as well with more freedom to train all year long.  I feel this is no different than creating a dog park in the city.  Dog parks are a spot to meet people,  create memories and let your dog be a dog.  We would be able to create our own parks and cast our dogs without worrying if they will get out of gps range or onto a game we do not want them to run.\n"
    }
}