{
    "88357": {
        "url": "/comment/88357",
        "comment": "In support for my fellow hunters to use dogs.\nI support ERO #019-3685 Proposal to allow the issuance of licences for new dog train and trial areas and the transfer of licences as written. More training and trialing areas in Ontario will give hunters and sporting dog community members better access to these areas, giving them more opportunities to create well-trained dogs in safely enclosed and regulated areas, ensuring they have the ability to identify the correct game species when it comes to time to hunt.\nIt only makes sense to add more opportunities to allow for training. More training and trialing areas also contribute to local economies where they exist through hunter and competition participant travel and visiting expenses and provide a small business opportunity to people.\nFinally, getting outdoors to train your dog at a training and trialing area is a great way to be active and spend some quality time with your dog, something that can be very beneficial for physical and mental health. Not only is it great for the handler, but being able to give your dog the opportunity to exercise and work on their skills also makes for a happier dog with a higher quality of life.\nTraining and trialing areas are important to the sporting dog community and to Ontario\u2019s hunting heritage. For these reasons and more, I support the proposal. Thank you for the opportunity to provide my comments.\n"
    },
    "88358": {
        "url": "/comment/88358",
        "comment": "The proposal to licence the  training of dogs by hunting captive wildlife is inhumane and should not even be considered in a civilized country.  It\u2019s akin to bear-baiting, cock-fighting, etc., which were banned long ago. Why does the Ford government want to be so regressive?  They make me ashamed to be Ontarian.\n"
    },
    "88360": {
        "url": "/comment/88360",
        "comment": "My family personally know three other families who have trained and use working dogs .\n   I support ERO #019-3685 Proposal to allow the issuance of licences for new dog train and trial areas and the transfer of licences as written. More training and trialing areas in Ontario will give hunters and sporting dog community members better access to these areas, giving them more opportunities to create well-trained dogs in safely enclosed and regulated areas, ensuring they have the ability to identify the correct game species when it comes to time to hunt.\n Thank you .\nHerb\n"
    },
    "88367": {
        "url": "/comment/88367",
        "comment": "Trail and Trial licensing should not be reopened to new licenses.  Expiring licenses should not be transferable or be sold.\nThis kind of hunting is CRUEL.  The prey are captive--there is nothing sporting about it.  As we learn more and more about animals we know they experience fear, remember cruelty, are social, have family groups, grieve, communicate among themselves (and even with us if we pay attention).\nThis kind of hunting is also unnecessary and a waste of the prey, not needed or wanted as food or clothing.   It should be relegated to the unthinkable, like dog fights and cock fights.\nDogs should not be trained to corner prey for humans to kill.  There are so many ways dogs can be trained for good purposes, such as as guide dogs, de-mining war zones as in Ukraine, therapy dogs, sight dogs for the blind.\nTolerance for cruelty is on a continuum that often starts with tolerance for, or enjoyment of, cruelty to animals.  It may be called \"sport,\" but people who enjoy this kind of captive hunting should be ashamed.\n"
    },
    "88369": {
        "url": "/comment/88369",
        "comment": "The Ministry of Natural Resources and Forestry must not allow new licenses and the transfer of existing licenses for dog train and trial areas in Ontario.  Penned dog hunting facilities such as these are inhumane to the wild animals that are captured in their natural environment and held captive until they are used to train hunting dogs.  No matter the species, wild or domestic, animals suffer horribly when used as bait to train dogs. It is clearly a case of animal abuse. New licenses for dog train and trial facilities are a huge step backward for society. These facilities have no place in a civilized country.  Not only should this proposal be refused but the province's existing 24 facilities should be closed immediately and forever.\n"
    },
    "88373": {
        "url": "/comment/88373",
        "comment": "This is another nail in the coffin of Doug Fords government! WTF!! Seriously- Why do we need to appease \u201csome\u201d hunters with dogs of this province at the expense of so much pain and suffering of wild animals? There was a reason (humane) that this was put to rest (somewhat) many years ago!!! I didn\u2019t even know this existed!!!\n"
    },
    "88375": {
        "url": "/comment/88375",
        "comment": "This proposal to expand instead of ban an unethical hunting practice is another example of how wildlife management serves hunters. Most Ontario residents are unaware of either the proposals or when public comment periods occur. But the hunters know because these are, after all, requested changes from the hunt industry. In this case we saw a committee meeting happening before the public comment period even ends. It would appear the proposal is already a decision made, and public comment is a procedural sham. This was certainly the case when the spring black bear ban was reinstated. The majority of non-hunters do not know GPS-collared dogs are trained to track, terrorize and tree large animals and that in training them smaller animals are ripped apart. It is no life for dogs either, who are starved, kept in sheds, and too often abandoned at end of season. We are regulating animal cruelty to facilitate lazy hunters. The Ministry of Natural Resources and Forestry must ensure the same representation from non-hunters, the vast majority,  as hunters in its decision-making process. In this case, training dogs with trials and contests  is justified by the statements \u201cthese species have sustainable populations\u201d [allowing]  \u201climited take of small numbers for licensed train and trial areas.\u201d I hope at least some members on this committee will pause long enough to consider the ethical issues here, and the shifting values of our society.\n"
    },
    "88378": {
        "url": "/comment/88378",
        "comment": "I very strongly believe that this is not only unnecessary but inhumane and that the ministry responsible for the well being of wildlife in this province should never even consider expanding this practice but should shut it down. It seems a complete conflict to have standards of care that could possibly reflect good husbandry in these situations.\nIn this day and age it is just not appropriate to consider this \u2018entertainment\u2019.   Using dogs to chase down animals for so called sport is itself an outdated and inhumane practice and to allow it in  a canned environment is absolutely barbaric. This is not hunting for food, this is terrorizing animals for our own sense of fun??  Let\u2019s work towards respecting our native wildlife instead.\n"
    },
    "88380": {
        "url": "/comment/88380",
        "comment": "This is a niche private interest that has nothing to do with what should be considered a core mandate for the OMNRF. How many SAR Recovery Strategies are completed and followed? What support has been removed from stewardship initiatives that empower FREE citizen assistance? How many COs are provided necessary resources to fulfil their important resource protection responsibilities?  How many positive phone calls or emails is the OMNRF receiving on landowner and wildlife interactions?\nThe OMNRF has not recently and is not now even close to accomplishing targets set in existing legislation such as SARA.  On the surface, this is a waste of resources.  Deeper, it illustrates a systematic trend towards devaluing the natural resources of all Ontario residents and neglecting their legislated responsibility. To claim that legislative change is being considered due to an inability to enforce the existing Act is farcical in today's age of citizen awareness and social media. Risk assessment policies of enforcement you adhere to would suggest as much.  Tough to enforce car thefts but it's still illegal.\nI have a dog that I want to train to protect turtles in Ontario of which ALL are a SAR.  Can I get some land and legislation to help me?\n"
    }
}