{
    "90239": {
        "url": "/comment/90239",
        "comment": "1) Ethically and academically I am against the proposal (ERO 019-3685) to permit the transfer of licences and the issuance of new licences for dog train and trail areas. I am firmly against their ability to place wildlife in captivity and use it to train dogs for hunting.\n2) Since 1997, the Mike Harris PC government, aimed to phase out these train and trail areas.  I request that the current PC government, follow through with the intent of initial actions (now 25 years old) and eliminate the licenses for the remaining 24 dog train and trail pen areas - and disallow any additional dog train and trial hunting pen facilities and their use of wildlife (held captive).\n3)  Penned dog train and trail areas cause extreme stress and cruelty to wildlife, including red foxes, coyotes, and rabbits - they are used as live bait for training. To be clear, this unethical and cruel practice should be stopped, not expanded.\n4) Across most of North America, penned dog train and trail facilities are illegal.  Ontario should not go backwards and allow practices that support animal cruelty.\n5) The original phase-out period for existing facilities, has been ridiculously long (now 25 years) and the current proposal to now maintain and expand these unethical facilities, is disturbing. This proposal should not be supported and existing facilities\n"
    },
    "90241": {
        "url": "/comment/90241",
        "comment": "This is not a great practice we should be encouraging. There are other, more humane ways of training hunting dogs. Look into other options such as using carcasses or fur from these animals for scent training. I don\u2019t understand why the animal has to be alive. This would just require extra resources to feed and house the animal until it\u2019s use is done with. I feel that as a society, are far enough advanced that we don\u2019t need to keep live wild animals in cages for dogs to train. There is enough wildlife-human conflict as it is as we continue to take habitat and space from wildlife.\n"
    },
    "90243": {
        "url": "/comment/90243",
        "comment": "This is absolutely disgusting. Why do you need to tear apart helpless animals? I doubt they make it to their 'safe' areas you describe.\nYou could do simulations without using live creatures.\nThis should not be happening. More disgraceful laws trying to be implemented by the government.\nOh and by the way, you want to allow helpless animals being tortured, yet heaven forbid you get caught without a fishing license.\nWhy don't government officials go out into the training areas and let the dogs chase them.\nThank you for reading. Have some respect for wildlife and stop this barbaric idea.\n"
    },
    "90244": {
        "url": "/comment/90244",
        "comment": "Wildlife experience enough distress and danger from the growing anthropogenic (direct or indirect damage from humans) effects the earth is experiencing. In addition to the risk of damaging our local wildlife population, these wildlife have complex social behaviours, families, and emotions just like humans making this an unethical practice.\n"
    },
    "90245": {
        "url": "/comment/90245",
        "comment": "I\u2019m strongly OPPOSED to this proposal. It\u2019s incredibly frustrating that this type of activity, one that clearly involves animal cruelty, is being described as offering \u201copportunities\u201d & \u201cbenefits\u201d. How is there no empathy towards the innocent wildlife?! Such inhumane & unnecessary hunting practices must be phased out as initially planned.\n"
    },
    "90246": {
        "url": "/comment/90246",
        "comment": "This proposal makes me very discouraged about the place where we live. I have little confidence in a government that allows such archaic and barbaric practices that should have been phased out a long time ago. Ontario deserves leadership that allows us to evolve and grow as a province. Trapping innocent animals and moving them away from their families to end their lives in torture and suffering is not the mark of a progressive and strong government.\nPlease stop this legislation from passing. Instead, do something more productive and outlaw the killing of innocent animals. This will be your legacy. People will remember this forever.\n"
    },
    "90247": {
        "url": "/comment/90247",
        "comment": "I am fully and absolutely against this proposal. This is completely unacceptable to support. Dogs should not be weapons. Aren\u2019t you already engaged in unfair and biased attacks on dogs based on misguided ideas about how dogs that look a certain way are dangerous? And now you\u2019re actively promoting animal violence? This is just disgusting and should not be allowed!\n"
    },
    "90249": {
        "url": "/comment/90249",
        "comment": "This hunting wild life by dogs, despite how cruel it will be\u2026will only make those dogs even more predatory and a danger to other animals and humans.\nIt has been banned in most civilized countries and has to be stopped.\nNothing good can come if this.\nI own 2 high predatory dogs and this is if the most cruel and primitive use of a dog.\n"
    },
    "90250": {
        "url": "/comment/90250",
        "comment": "How can you allow this to happen in the first place, and then now reverse your position from phasing out to allowing to increase and continue ad infinitum? It's barbaric and cruel! Wildlife is not there for our use, amusement, training, etc. Shame on the ministry of NATURAL resources to consider such a move.\n"
    },
    "90252": {
        "url": "/comment/90252",
        "comment": "Are you nuts??  Do you not have compassion, love of animals or do you get off with animal abuse, death and torture?  Don't tell me that what you are suggesting is NOT abuse, NOT death and NOT torture of animals.  There is no way you can tell me that what you are suggesting is humane.  I suppose you want to use the old story of \"well, you know nature sometimes isn't kind.\"  YOU ARE NOT MOTHER NATURE.  It is NOT you who makes the rules of nature, how an animal lives or dies and YES, what you are proposing the \"bait\" WILL DIE and a cruel death at that.  Have you seen what a lone dog running loose can do to a deer.   There is no swift death for the deer and that is exactly how it will be if you use these poor animals as bait.  There is no reason for these people to be training their dogs with bait animals.  They have been training dogs to hunt for years without stooping to the death of defenceless animals.  This is YOUR idea, not hunters.  I believe YOU want to see helpless animals tortured, stressed out beyond belief, torn apart, KILLED!!  Wait, maybe you don't want to see them killed.  Maybe you just want to see these poor animals made to suffer horrible, horrible torture and if it's done by dogs, you think you don't have blood on your hands.  YOU are the ones that want this allowed so guess what, YOU ARE WASHING YOUR HANDS IN BLOOD.  What will you tell your children, your wife, your friends when they find out you had part in this animal torture, abuse.   PEOPLE LIKE YOU MAKE ME VOMIT.\n"
    },
    "90254": {
        "url": "/comment/90254",
        "comment": "I STRONGLY oppose the Ministry of Natural Resources and Forestry\u2019s proposal to allow new licenses and the transfer of licenses for train and trial areas in Ontario.\n25 years ago we realized that this type of training was highly PROBLEMATIC because it subjects prey animals to unnecessary stress and fear. There is no way to police what is taking place and therefore abuses are likely to occur. It is a practice that has absolutely no place in a civilized society. We know this because:\nWildlife should never be taken from their natural environments and held captive by hunters.\nRabbits, coyotes, and foxes are not pawns for hunters to use to train dogs and hold competitions - they are part of the ecosystem and like all mammals they experience complex emotions.\nThey deserve to be treated with respect. This proposal is not respectful and it is in fact a form of slavery.\nNot to mention the risk of zoonotic diseases. Have we learned nothing from the pandemic and what happens when stressed animals are kept in close contact with humans and in confined spaces?\nI sincerely hope the MNR is not seriously considering allowing new licenses and the transfer of licenses. It shows a complete disregard for the knowledge we have accumulated, often painfully, about how to live in harmony with the natural world.\nAny activities that encourage a lack of empathy and compassion, such as using wild animals for \"train and trial areas\", is a step backward. Why set the clock back 25 years? Other than to keep a minority of lobbyists happy?\nInstead of opening new applications, the province\u2019s existing 24 facilities need to be closed immediately.\nSincerely,\nMelissa (not a \"city dweller\", I live in rural Ontario)\n"
    },
    "90256": {
        "url": "/comment/90256",
        "comment": "Why do we keep going backwards when we should be going forward? Animal cruelty is real and there is no way to ensure the safety of these wild animals. They should be left alone to live their life just as we want to do with ours. There are others way to train then to hold wildlife captive. Be better government.\n"
    },
    "90257": {
        "url": "/comment/90257",
        "comment": "This is barbaric and inhumane to willingly allow for wildlife to be trapped and used to train dogs. Even as a dog owner, I do not support this\nThe lack of care and consideration for wildlife and the environment is so evident by the Ford government, all to make money. As a taxpayer, I do not support any of this. Other provinces and countries have bridges and safe passages for animals to survive while this Ontario government is backwards.\n"
    },
    "90258": {
        "url": "/comment/90258",
        "comment": "This proposal encourages the barbaric and inhumane treatment of wild animals that are generally known to be docile. It subjects wildlife to stress, trauma, and physical danger that can be ultimately fatal. The practice of training dogs to kill wildlife is archaic and is unnecessary for the vast majority of people living in Ontario. Please reconsider this proposal as it enables animal cruelty that should have been eradicated decades ago.\n"
    }
}