{
    "89645": {
        "url": "/comment/89645",
        "comment": "As a resident of Ontario I think these proposed charges are abhorrent! It is absoluty disgusting that my government is allowing the trapping and abuse of wild animals! I pay taxes in this province. I am not paying money to support some sadistic hunter who enjoys tormenting innocent animals. Absolutely shameful. In 100 years humans will look back on how we used and abuse animals with shame. Ontario need to pass legislation to protect animals and treat them with dignity, this includes livestock and wild animals alike. This is going backwards!\n"
    },
    "89646": {
        "url": "/comment/89646",
        "comment": "I very strongly oppose this plan, and ask our government to reconsider. This is a cruel practice that is absolutely not necessary. Dogs can be trained using fake bait, there is no reason to trap wild animals and torture them to death for the sake of sport like this. I\u2019m disgusted to know anyone would support such a thing. Please reconsider.\n"
    },
    "89653": {
        "url": "/comment/89653",
        "comment": "Just when I think things are changing something like this comes along!\nWhy does Canada not set the standard for the rest of the world?! Why implement this inhumane practice. No wild animal deserves to be uprooted from their home and family and live the rest of their life in fear and pain and experiencing trauma.\nThis is ruthless and heartless and inhumane. I thought Canada was better than this. Any ethical hunter would not be a part of this horrific practice!\nPlease do not allow this to happen.\n"
    },
    "89655": {
        "url": "/comment/89655",
        "comment": "The FWCA's stated purpose is to ensure the conservation, protection, and sustainable management of fish and wildlife in Ontario. It provides the legal framework for regulating activities related to hunting, fishing, trapping, and the protection of species at risk.  Train and trial areas in Ontario are in direct conflict with the FWCA.  There are a number of concerns raised by train and trial areas which I will outline below.\nCruelty and unnecessary suffering: Training dogs to hunt wildlife can lead to unnecessary suffering and cruelty towards the targeted animals. The use of dogs can result in injuries, stress, and often death for the wildlife being pursued. This goes against the principle of minimizing harm to animals and treating them with respect.\nConservation concerns: While proponents of such areas argue that hunting can help manage wildlife populations, it's important to consider the potential negative impact on conservation efforts. Training dogs to hunt wildlife in dedicated areas might disrupt natural habitats and alter the balance of ecosystems. This can have unintended consequences, including potential declines in specific species or imbalances within local wildlife populations.\nLack of fair chase: The concept of \"fair chase\" is central to ethical hunting practices. It promotes the idea that hunting should involve a fair and reasonable pursuit, providing animals with a reasonable chance to escape. In dedicated training areas, where animals may be confined or have limited escape options, the concept of fair chase may be compromised.\nSpecies preservation: Some wildlife species may be endangered, threatened, or protected by law. Training dogs to hunt these species, even in dedicated areas, could contribute to their further decline and jeopardize efforts to protect and preserve their populations.\nAlternatives for training: With advancements in technology and training methods, there are alternative ways to train hunting dogs that do not involve live wildlife. Artificial scents, training aids, and simulated scenarios can be used instead, minimizing the harm inflicted on animals while still preparing dogs for hunting activities.\nPublic perception and reputation: The existence of dedicated training areas for hunting dogs can generate negative public perception, leading to reputational risks for hunting communities. It may reinforce negative stereotypes associated with hunting practices and make it harder to promote responsible and ethical hunting as a legitimate activity.\nFocus on non-consumptive wildlife activities: Encouraging alternatives to hunting, such as wildlife photography, birdwatching, or nature observation, can provide enjoyment and connection with nature without causing harm to animals. Promoting these non-consumptive activities aligns with the principles of wildlife conservation and animal welfare.\nIn summary, arguments against the legality and ethics of \"train and trial\" areas in Ontario for training dogs to hunt wildlife revolve around concerns of animal cruelty, conservation implications, fair chase principles, species preservation, availability of alternative training methods, public perception, and promoting non-consumptive wildlife activities as alternatives.\n"
    },
    "89656": {
        "url": "/comment/89656",
        "comment": "No thank you. There needs to be zero change to this. Let this disgusting practice die out the way it should. There is no need for this kind of cruelty and torment for the wildlife. If this is the only way to train these dogs, then maybe it's time to phase that out as well. It astounds me that anyone would want to be change and be associated with something so disturbing at this day in age. This is not wanted or needed here in our beautiful province.\n"
    },
    "89657": {
        "url": "/comment/89657",
        "comment": "These incredibly cruel, ignorant and barbaric places should be getting shut down and banned, not expanding, as is proposed! Shame on those who make money off of torture and killing of living, sentient beings! I hope our Ontario government has enough sense, education and compassion to vote against this awful proposal. The people of Ontario are better than this, and we are against such acts of cruelty!\n"
    },
    "89664": {
        "url": "/comment/89664",
        "comment": "These proposed changes are cruel and inhumane.\nThere is no need to expand the scope of this program - it provides no value to the great good of the citizens of Ontario.\nWhy is there no accountability or justification for disregarding the original scope which was to phase these areas out and restrict the transfer of ownership?\nPlease do not allow these changes to go through.\n"
    },
    "89666": {
        "url": "/comment/89666",
        "comment": "This is archaic and inhumane. Why not trap humans to train police dogs? Sounds idiotic, right?  Honestly the province of Ontario has more important issues to address than be involved in training dogs to hunt game for sport. Let this practice die off and look for proposals to support that actually help rather than hurt.\n"
    },
    "89667": {
        "url": "/comment/89667",
        "comment": "I want to speak out and stand up for the animals being tortured by this inhumane and cruel practice. Allowing penned animals to be hunted is appalling, these animals live in constant fear, are kept in terrible conditions and should be banned.\nAny humane person would agree this is unnecessary cruelty, and using animals to teach dogs to be aggressive is dangerous to other wildlife, small children and other dogs (pets) that may resemble the animals they have been trained to hunt.\nPlease phase out this horrendous practice and remind people that empathy and kindness to all species is what makes us Canadian.\n\u201cPenned dog hunting is cruel and vicious, which is why no other province allows hunters to chase and kill terrified, caged animals with dogs,\u201d said lawyer Camille Labchuk, executive director of Animal Justice. \u201cMost Canadians oppose hunting animals for entertainment, and it\u2019s especially troubling when coyotes, foxes, hares, and other animals have no way to escape. It\u2019s unacceptable that Ontario is ignoring the will of the public and reversing the phase-out of dog hunting pens\u2014all because a handful of sport hunters want to participate in this horrific bloodsport.\u201d\n"
    }
}