{
    "87110": {
        "url": "/comment/87110",
        "comment": "I firmly reject the Ministry of Natural Resources and Forestry\u2019s proposal to allow new licenses and the transfer of licenses for train and trial areas in Ontario.\nPenned dog hunting facilities are cruel to the wild animals who are subjected to various methods used to train dogs to hunt.\nWildlife should never be taken from their natural environments and held captive by hunters. It\u2019s especially cruel to use rabbits, coyotes, and foxes as pawns for hunters to train dogs and hold competitions.\nOpening applications for train and trial spaces after 25 years is a massive step backward into the past. These facilities have no place in Ontario.\nInstead of opening new applications, the province\u2019s existing 24 facilities need to be closed immediately.\n"
    },
    "87115": {
        "url": "/comment/87115",
        "comment": "Wildlife should never be taken from their natural environments and held captive by hunters. It\u2019s especially cruel to use rabbits, coyotes, and foxes as pawns for hunters to train dogs and hold competitions.\nPenned dog hunting facilities are cruel to the wild animals that are subjected to various methods used to train dogs to hunt.\n"
    },
    "87119": {
        "url": "/comment/87119",
        "comment": "I think it's absolutely disgraceful that in this day and age you would attempt to regress backwards in time and allow something this cruel and inhumane. There is absolutely no valid reason to use this training method when there are many equally effective and much MUCH more humane and ethical ways to do so. I sincerely hope you will backtrack on this decision as it makes Ontario once again look like a backwards and mismanaged province which again should not be the case in this day and age.\n"
    },
    "87126": {
        "url": "/comment/87126",
        "comment": "I firmly reject the Ministry of Natural Resources and Forestry\u2019s proposal to allow new licenses and the transfer of licenses for train and trial areas in Ontario. It is a barbaric practice and there is no need for it. It is frankly embarrassing that our government not only chooses to be involved in such filth but encourages it. We should be better than that. It is absolutely appalling that considerations are being made to open applications for such a horrific practice.\n"
    },
    "87128": {
        "url": "/comment/87128",
        "comment": "I firmly reject the Ministry of Natural Resources and Forestry\u2019s proposal to allow new licenses and the transfer of licenses for train and trial areas in Ontario.\n    Penned dog hunting facilities are cruel to the wild animals who are subjected to various methods used to train dogs to hunt.\n    Wildlife should never be taken from their natural environments and held captive by hunters. It\u2019s especially cruel to use rabbits, coyotes, and foxes as pawns for hunters to train dogs and hold competitions.\n    Opening applications for train and trial spaces after 25 years is a massive step backward into the past. These facilities have no place in Ontario.\n    Instead of opening new applications, the province\u2019s existing 24 facilities need to be closed immediately.\n"
    }
}