{
    "86142": {
        "url": "/comment/86142",
        "comment": "I absolutely disagree with the proposal to issue new licenses for train and trial areas. I believe the initial intent to gradually phase out these sorts of training facilities was correct. As current license owners retire from their current activities, the licenses for captive wild animals should cease until there are no more active licenses. There are much more humane ways to train and exercise hunting dogs without using live prey.\n"
    },
    "86143": {
        "url": "/comment/86143",
        "comment": "I am very much against allowing new licenses for dog train and trial areas in Ontario, or anywhere really. This is both unbelievably cruel to the dogs being trained and to the wild animals caught and kept in pens for baiting the dogs. Or what you refer to as training the dogs. There was a good reason why this practice was restricted back in 1997 and nothing has changed since then. It is inhumane. I understand the need for grandfathering the licenses but they should not be allowed to be passed along to new license holders and new licenses should not be issued.  Please think about this\u2026you are trying to keep a very small proportion of the population happy who wants this abhorrent practice to continue vs. the large majority of your voters who do not.  This completely falls under the harassment of wildlife as well.\nI do not support this proposed amendment to the Fish and Wildlife Conservation Act to allow new licenses for dog train and trial areas.\n"
    },
    "86147": {
        "url": "/comment/86147",
        "comment": "What is most disturbing is that this amendment is being considered at all!\nAll animals are sentient beings who feel fear and pain, as well as love and joy, so to use beautiful sentient animals like foxes, coyotes, and rabbits to train hunting dogs is immoral, unethical, barbaric, inhumane, and unconscionable. Have you any idea how terrified these poor creatures are while hunters bait them for hunting dogs? The sheer terror and the pain of being torn apart? I know the type of people who hunt prefer to ignore the fact that animals are sentient beings, and I know their thirst for blood \u201csports\u201d is so great that they will do anything. But their lack of empathy and sociopathic tendencies is not an excuse for their vile behaviour. For how long are we going to continue to abuse our place on this planet by using animals as our slaves? How long will we continue these warped and disturbing practices and label them as normal? There is no excuse. This proposal is as vile as hunting!\n"
    },
    "86148": {
        "url": "/comment/86148",
        "comment": "\"...provide a dedicated space for training where dogs and wildlife are contained and safe...\"\nDoes anyone even read what was written?  This is in direct opposition to the very premise of this change.  The wildlife IS NOT SAFE...it is there to be chased, tormented, and killed in the most brutal way for no reason.\n"
    },
    "86149": {
        "url": "/comment/86149",
        "comment": "I strongly object to the Ministry\u2019s proposal to amend the Fish and Wildlife Conservation Act, 1997 to permit the expansion of licences for new dog train and trial areas and the transfer of licences.\nThis practise has been deemed to be animal cruelty and that is one of the reasons why the Ontario Government passed legislation in 1997 to phase this out.   The cruelty and the complete disregard for the protection of wildlife is another reason why this has been banned in every other province in the country.\nIt is my understanding that the Ministry\u2019s mandate includes the protection of wildlife.    This proposal completely contradicts the Ministry\u2019s mandate.  Capturing and confining wildlife to a pen so that dogs may terrorize them for the entertainment of sports hunters is inhumane and completely unacceptable.\nYour government should be focusing on shutting down the few remaining train and trial areas in the province, and concentrate instead on protecting wildlife and wildlife habitat.\n"
    },
    "86150": {
        "url": "/comment/86150",
        "comment": "Hello,\nI am an Ontario resident concerned about the proposal to allow the issuance of licences for new dog train and trial areas. Hunting has always been - or should always be - about sportsmanship, fairness, and respecting nature. Trapping and caging animals for fake hunting training is a cheat. If people can't hunt without cheating nature's rules they shouldn't hunt at all. No respect.\nIf this proposal goes ahead, good hunting in Ontario could get swamped by people wanting to come here for their fake hunting games since this kind of thing isn't allowed anywhere else I know of. It will ruin hunting for the rest of us.\nI'm opposed. Kill the dog train and trial proposal.\nC.N. in Ontario\n"
    },
    "86151": {
        "url": "/comment/86151",
        "comment": "This is a regressive and inhumane proposal. The Ontario government should be adhering to its original plan of phasing out these so-called train and trial areas. In the 21st century, neither the government nor its ministries should be in the business of facilitating a loathsome and destructive activity like hunting.\n"
    },
    "86152": {
        "url": "/comment/86152",
        "comment": "Please do not approve this!\nThis is barbaric especially in that this is for sport and 'entertainment' purposes.\n\"Operators acquire wild animals and hold them captive, using them to train dogs in these pens.\" Really! we need to be respecting and caring for wild animals, not trapping them to be hunted for sport.\nThis is inhumane and unethical.\nChristopher\n"
    },
    "86154": {
        "url": "/comment/86154",
        "comment": "To take wildlife from their natural environment and hold them captive for hunters to use them as bait to train their dogs is one of the most inhumane things I've ever heard!\nNew licenses AND the transfer of existing licenses for dog train and trial areas in Ontario must not go forward.\nPlease stop this cruelty!!\n"
    },
    "86155": {
        "url": "/comment/86155",
        "comment": "I strongly disagree with this proposal to allow existing dog train and trial areas to be sold (and licenses transferred) and for new licenses to be issued. This is a cruel practice for both the dogs and for the subjected wildlife in an effort to train and \"practice\" a totally non-productive and offensive activity for a very small minority of Ontario citizens. In 1997 the Province correctly restricted the activity and gave the then current owners the benefit of time to wind down their businesses in a thoughtful manner. Nothing has changed since 1997 and this cruel and barbaric \"train and trial\" practice is even more repugnant given the plight of wildlife in the Province (and indeed world wide).\nIn my opinion, animal hunting itself is totally unnecessary but if it is to continue, do we really need the hunters to have the unfair benefit of using dogs to locate, track, tire and assist in the death of these animals?\nPlease review this proposal and let the 1997 law stand unchanged.\n"
    },
    "86156": {
        "url": "/comment/86156",
        "comment": "Please do not proceed with this. This is needlessly cruel, and I honestly have no idea why you are spending time considering ways to be cruel to animals when our healthcare system and education system need your support.\nThis does not create value for the community, this is a cruel hobby that needs to be eliminated.\n"
    },
    "86159": {
        "url": "/comment/86159",
        "comment": "I firmly reject the Ministry of Natural Resources and Forestry\u2019s proposal to allow new licenses and the transfer of licenses for train and trial areas in Ontario.\nPenned dog hunting facilities are cruel to the wild animals that are subjected to various methods used to train dogs to hunt.\nWildlife should never be taken from their natural environments and held captive by hunters. It\u2019s especially cruel to use rabbits, coyotes, and foxes as pawns for hunters to train dogs and hold competitions.\nOpening applications for train and trial spaces after 25 years is a massive step backward into the past. These facilities have no place in Ontario.\nInstead of opening new applications, the province\u2019s existing 24 facilities need to be closed immediately.\nSincerely,\nAn OMNRF Firepump mechanic, dog lover and defender of the wilderness.\n"
    },
    "86161": {
        "url": "/comment/86161",
        "comment": "My Opposition to ERO # 019-3685\nI'm writing to express my opposition to the proposal to offer new train and trial licenses, and to transfer existing licenses to new licensees.\nThe penning of wildlife (foxes, coyotes, rabbits) and the training of dogs to attack and kill them are practices that cause animal suffering simply for the thrill experienced by the men and women(?) involved.   Causing animals to fight each other for human entertainment is an unsavoury exercise that understandably has become an \"*underground* hobby\".  Blood sports like dog and cock fighting, and the training of dogs to kill wildlife, have no place in 21st-century Canada.\nOffering new opportunities for this, and extending the terms of existing licenses, open Ontario to accepting similar repellent practices such as bear-baiting and pig-dogging.  This would be a deplorable development.  A society that claims concern for animal welfare will draw a line at current licenses and allow them to expire as time goes by.  I believe this was the intention of the Harris government that ceased to issue new licenses after 1997.\nIf any action is to be taken to address the existence of wildlife penning areas in Ontario, it should be to close the current areas - for the protection of wildlife and dogs-  not to transfer existing licenses or issue new ones.\nThank you.\n"
    },
    "86162": {
        "url": "/comment/86162",
        "comment": "As a resident of Ontario, I am concerned with and opposed to the expansion of this program.\nWhile it\u2019s noted that the wild animals are taken from populations that are seen as stable, and efforts are made to ensure the dogs and coyotes/foxes/rabbits are kept separate, the stress the prey animals experience during testing and trialing is difficult to justify. Surely there are other ways (using realistic replica animals?) that are more humane, especially to support recreational, vs subsistence hunting activities.\n"
    },
    "86164": {
        "url": "/comment/86164",
        "comment": "Good morning.\nNowhere in the posted proposal is there any justification for the reversal of the policy to phase out the licensing of dog train and trial areas, apart from the statement: \"Over time, the ministry has received requests for changes to allow dog train and trial areas to continue to persist, including allowing for licence transfers in response to aging licence holders, as well as new licences to be issued.\"\nIf there were originally good reasons for the decision to phase out these areas, what are the reasons for reversing that decision? It does not seem to be good public policy or administration to reverse the decision based only on the demand of certain interested parties.\nI do not think that the stressing, injury and death of wildlife is justified in this case and I object in the strongest terms to the government sanctioning this.\nI do not see any merit in this proposal and do not want it approved.\nPresumably, one of the purposes of the Fish and Wildlife Conservation Act is to conserve wildlife and sanctioning the stressing, injury and death wildlife is not the way to conserve it or to treat it.\n"
    }
}