{
    "89151": {
        "url": "/comment/89151",
        "comment": "This is unacceptable. We need more green space, not more space for animals who do NOT need to hunt and to hold captive wild, already vulnerable animals who only then experience continual fear, separation from their homes and independence. There are so many dogs already in Ontario who do not have access to appropriate space for daily living.\nWhat Ontario is doing with this land is continually missing the mark from environmental and sustainability perspectives. We do not need more developers creating unaffordable condos and home, taking away public space and green space, resource extraction, or more land dedicated for the wreckless and unnecessary activities of humans.\n"
    },
    "89156": {
        "url": "/comment/89156",
        "comment": "The provincial government's proposal to amendment the Fish and Wildlife Conservation Act (FWCA) encourages animal cruelty through the use of hunting dogs. Not only should the government not allow licenses to be transferred, the existing ones should be abolished. This practice goes against other laws that protect wildlife, and it is barbaric. You can do better than placating to psychopaths who take joy in killing wildlife.\n"
    },
    "89158": {
        "url": "/comment/89158",
        "comment": "This proposal is absolutely inhumane and sets our society back by decades. Please do not proceed with something that will have future generations looking back in shame. Changes to government policy and regulations should be in the service of progress and an expansion of compassion, not in hindrance of it.\nThank you.\n"
    },
    "89161": {
        "url": "/comment/89161",
        "comment": "I can hardly believe the proposal from Fishery and Wildlife is even suggesting using wildlife as practicing tools for hunting dogs.\n1. Cruelty -trapping wildlife/ holding them to being repeatly used as props for the purpose of what? Come on? Who is proposing this? A hunting club?\n2. Infection control- you are trapping wildlife and putting them in closed pens exposing wildlife illness to public.\n3. Risk Management- the hunting dogs who are use to attacking wildlife, can an easily mistake at attacking someone elses pet, or a child.\n4. Is the end result for the animal to die, a painful long death, as keeping a wild animal in enclosure causes stress and the proposal is unneccessary there is plenty of props that can be used as alter choices. I didnt realize Ontario is so barbaric.\n4. Who is going to govern the holding of the wildlife? Who determines how long and how much cruelty is endured in a hands of the hunter and hunting dog.\nSociety of Prevention of cruelty of animals ? As Ontario government will need to fund a third party to provide protection.\n5. COST- The simple answer is cost, this is going to cost more than to have resources mandate, more resources to out source risk management, infection control and cruelty to animals.\n"
    },
    "89162": {
        "url": "/comment/89162",
        "comment": "This proposal is absolutely disgusting.\nPenned hunting should NOT be allowed period but to even entertain the thought of increasing facilities is beyond abhorrent.\nTo allow hunters to use their dogs to attack/savage another living creature in an enclosure speaks volumes the Province condones animal cruelty\nShame On Ontario\n"
    },
    "89164": {
        "url": "/comment/89164",
        "comment": "Please stop this barbaric proposal. It is harmful not only to pets and wildlife, it degrades the psyche of our children and future generations. We should be promoting kindness and speaking for those who cannot speak for themselves.\nViolence perpetuates violence and policies like this have an unfortunate cascade effect in how we treat one another.\nThank you.\n"
    }
}