{
    "87965": {
        "url": "/comment/87965",
        "comment": "No. Just no.\n"
    },
    "87967": {
        "url": "/comment/87967",
        "comment": "I reject the this proposal to allow new licenses and the transfer of licenses for train and trial areas in Ontario. This is a cruel practice and should not be allowed in a country like Canada. Penned dog hunting facilities are cruel to the wild animals who are subjected to various methods used to train dogs to hunt.\nWildlife should never be taken from their natural environments and held captive by hunters. It\u2019s especially cruel to use rabbits, coyotes, and foxes as pawns for hunters to train dogs and hold competitions.\nOpening applications for train and trial spaces after 25 years is a massive step backward into the past. These facilities have no place in Ontario or Canada. Instead of opening new applications, the province\u2019s existing 24 facilities need to be closed immediately.\n"
    },
    "87968": {
        "url": "/comment/87968",
        "comment": "Absolutely barbaric and cruel. Animals are living, breathing, feeling creatures and deserve to be treated with dignity and respect, not tortured. Wildlife should never even be interfered with, let alone trapped, tortured and mutilated under the guise of \u201ctraining\u201d. Those who are not opposed to this are cruel, heartless and barbaric and should be absolutely ashamed of themselves. Truly deplorable proposal. Do the right thing and axe this proposal asap. Set a proper example.\n"
    },
    "87969": {
        "url": "/comment/87969",
        "comment": "I stand firmly against the practice of penned dog wildlife training enclosures. They are beyond cruel and a barbaric practice that the people of Ontario do not agree with. Wildlife should never be taken from their natural environments and held captive by hunters. It\u2019s especially cruel to use rabbits, coyotes, and foxes as pawns for hunters to train dogs and hold competitions.\n"
    },
    "87970": {
        "url": "/comment/87970",
        "comment": "Baiting is a blood sport that entails deliberately setting up frequently fatal fights between hunting dogs & wild animals.\nLegislation needs to be introduced which makes hunting with dogs illegal in order to protect animals from gratuitous cruelty.\nThe practice has been banned in England, Scotland & Wales dating back to early 2000.\n"
    },
    "87971": {
        "url": "/comment/87971",
        "comment": "Ontario is proposing changes to the Fish and Wildlife Conservation Act to allow the issuance of licences for new \u201cdog train and trial\u201d areas, as well as the transfer of licences that already exist. The language used in the proposal attempts to sound benign, as if the focus is to improve the r\u00e9sum\u00e9 of dogs. In the proposal, one supposed benefit is to \u201cprovide a dedicated space for training where dogs and wildlife are contained and safe.\u201d Safe? Seriously? It most certainly is not safe for wildlife and, I assert, not beneficial to the reputation of the province of Ontario.\nIn the proposal provided on the Environmental Registry of Ontario, the MNRF claims to have examined the regulatory impacts and the economic consequences of the proposed changes. Other potential impacts seem to have gone unexamined.\nOne can read about this topic from many sources, including the discussions that led the Harris government to ban the practice and cease the issuance of new licences in 1997. In order not to reiterate what you have likely already read in your own research or received in comments, I will point you to the debate in the Legislative Assembly of Manitoba on the Wildlife Amendment Act, in April 2000 which includes multiple points worth considering. The relevant link to Hansard is here:\nhttps://www.gov.mb.ca/legislature/hansard/37th_1st/vol_017a/h017a.html\nThe term \u201cdog trialling\u201d used by Ontario is called, in this discussion in Manitoba, \u201cpenned hunting.\u201d They offered a description of what happens when wildlife is enclosed in a fenced-off \u201ctrial area\u201d and people and their dogs are allowed to hunt them down. A simple word search will show you that the adjective \u201cdisgusting\u201d is used 12 times in this debate to describe the practice. I could not agree more.\nOne member of the legislative assembly pointed out that penned hunting is in actuality a form of privatization of our natural resources, for the benefit of the few. Another called it industrialization and exploitation of wildlife. Why is the province of Ontario allowing this practice? The basic premise of Fish and Wildlife Conservation is that wildlife should be preserved. Forests and natural resources should be protected and used only when necessary, and with humility at that.\nIt is interesting to read the words of the Manitoba parliamentarians who were hunters themselves taking umbrage at the comparison of their sport to the unsportsmanlike killing of penned wildlife. They wanted to distinguish what they viewed as their skilled hobby, the tradition of hunting for the purpose of providing sustenance, from the unskilled, unethical and unnecessary murder of wildlife. They pointed out, quite rightly, that the act of penning is an act of taking wildlife hostage and subjecting them to a life of terror followed by a terrifying death. They stated that penned hunting is simply violence as a form of entertainment. Be careful what you stand for, Ontario. You can label this as the trialling of dogs, but the actual training that is taking place in this setting is the training of humans to kill without remorse, to enjoy watching living beings be terrorized and torn apart. This system is training humans to be comfortable as abusers. Then we wonder why vulnerable people in our society are abused. When women are abused, children are abused, members of the LGBTQ community are abused, visible minorities are abused, Muslims are abused and indigenous people are abused, politicians offer \u201cthoughts and prayers.\u201d We don\u2019t want your thoughts and prayers. We want your leadership in positioning Ontario as a province that reveres its wildlife and protects its environment.\nOntario has lost the opportunity to be a leader in the field of thoughtful, fair and compassionate wildlife management, but we still have time to be a follower and get out of this awful business of dog training and trialling (penned hunting). Do not issue more licences. Do not allow the transfer of licences already issued. Then, take one more necessary step: eliminate those licences that already exist and shut down the practice entirely.\n"
    },
    "87973": {
        "url": "/comment/87973",
        "comment": "This is an abhorrent practice. Live animals do not need to be used to train hunting dogs. Rabbits, coyotes, and foxes should never be taken from their natural environments for the sole purpose of being tortured and killed. This was phased out in 1997 and the Ford administration is once again taking us backwards. All existing facilities need to be shut down immediately.\n"
    },
    "87974": {
        "url": "/comment/87974",
        "comment": "I reject the MNR and Forestry's proposal to allow new licenses and the transfer of licenses for train and trial areas in Ontario.\nThis practice should no longer be allowed in Ontario.  It is cruel, outdated, and unnecessary -- the province\u2019s existing 24 facilities should be closed immediately and new applications should be rejected.\n"
    },
    "87977": {
        "url": "/comment/87977",
        "comment": "Penned dog hunting facilities are cruel to the wild animals that are subjected to various methods used to train dogs to hunt.\nWildlife should never be taken from their natural environments and held captive by hunters. It\u2019s especially cruel to use rabbits, coyotes, and foxes as pawns for hunters to train dogs and hold competitions.\nOpening applications for train and trial spaces after 25 years is a massive step backward into the past. These facilities have no place in Ontario. Instead of opening new applications, the province\u2019s existing 24 facilities need to be closed immediately.\n"
    },
    "87978": {
        "url": "/comment/87978",
        "comment": "I oppose the proposal by the Ministry of Natural Resources and Forestry to grant new and transferable licenses for train and trial areas in Ontario. These areas are inhumane to the wild animals who are used as bait for dogs to learn how to hunt. Wildlife should be left alone in their natural habitats and not captured by hunters. It is particularly barbaric to exploit rabbits, coyotes, and foxes for dog training and competitions. The province should not accept new applications for train and trial areas after 25 years of moratorium. These areas are outdated and unacceptable in Ontario. The province should shut down the existing 24 areas without delay.\n"
    },
    "87979": {
        "url": "/comment/87979",
        "comment": "I firmly reject the Ministry of Natural Resources and Forestry\u2019s proposal to allow new licenses and the transfer of licenses for train and trial areas in Ontario.\nPenned dog hunting facilities are cruel to the wild animals who are subjected to various methods used to train dogs to hunt.\nWildlife should never be taken from their natural environments and held captive by hunters. It\u2019s especially cruel to use rabbits, coyotes, and foxes as pawns for hunters to train dogs and hold competitions.\nMy name is Judy n whatever i just think it\u2019s a lil primal cmon\n"
    },
    "87980": {
        "url": "/comment/87980",
        "comment": "How is this beneficial to anyone?!  I thought MNR was supposed to protect our wildlife not set them up in a no win situation where dogs are trained to hunt wildlife in an enclosed area where they cannot escape!  This should be banned. Not encouraged! This is unacceptable. Barbaric. I understand killing for food. But never will I ever support killing for sport, trophies and now this!  Penned hunting?! No damn way!\n"
    },
    "87981": {
        "url": "/comment/87981",
        "comment": "This proposal is heinous. Sport hunting should be banned. It is an embarrassing representation of our culture to create new ways to torture and kill innocent beings for enjoyment and entertainment. Consider what the psychology is behind blood sports. Indoctrinating generations to be insensitive to the pain and suffering of innocent animals has negative ramifications for behaviour towards other vulnerable individuals. We should be creating laws that instill compassion not cruelty.\n"
    },
    "87982": {
        "url": "/comment/87982",
        "comment": "I am shocked and saddened that Ontario is considering allowing new penned dog hunting facilities, referred to as \u201cdog train and trial areas\u201d, and the transfer of existing licenses. Penned dog hunting involves keeping foxes, coyotes and rabbits in enclosed pens where hunters train their dogs to hunt wildlife and run competitions. This inhumane and unethical practice subjects captive wild animals to cruelty, abuse, and suffering.\nThe proposed changes would be a disturbing reversal of a previous 1997 decision to phase out train and trial areas.\nI don't understand how Canada, a highly evolved and progressive country, known for championing human rights, can lag so far behind in its animal welfare policies. On the Global stage, Canada received a failing grade from World Animal Protection for our continued lack of adequate animal welfare laws. Ontario should be pushing for urgent improvements in protecting its wildlife, not backtracking to the dark ages and destroying it for sport!!! I am certain that the majority of Ontarians feel the same. The government needs to listen!!!\n"
    },
    "87984": {
        "url": "/comment/87984",
        "comment": "I am absolutely appalled at the Ministry of Natural Resources and Forestry\u2019s proposal to allow new and transferred licenses for Ontario's train and trial areas. It is incredibly cruel to take wildlife from their natural habitats and be held captive only for dogs to hunt them. This practice should not exist, at all.\n"
    },
    "87985": {
        "url": "/comment/87985",
        "comment": "This is a barbaric, disgusting and cruel practice. As a monthly donor to Toronto Wildlife, I am appalled that this takes place when so many people work to protect these animals. Animals are not ours to abuse, neglect and use for profit. I am absolutely horrified that this would take place, and as a resident of Toronto implore you to not proceed with this. I am shocked something like this exists. Animals deserve our respect and protection, not to be mutilated and tortured by us. Absolutely unacceptable.\n"
    }
}