{
    "88857": {
        "url": "/comment/88857",
        "comment": "1.  I am against the proposal to allow the issuance of licences of new dog train and trial areas, and to allow the transfer of licences.\n2.  The Mike Harris PC government intended to phase out these train and trial areas after 1997 and I request that the present PC government follow through on this 25 year old intention and eliminate the licenses for the remaining 24 dog train and trial dog hunting pen areas.  Twenty-five years is a ridiculously long phase-out period and this phase-out should no longer be allowed.\n3.  Penned dog train and trial areas cause extreme and unnecessary stress to the wild coyotes, foxes and rabbits that are used as live bait to train and compete the hunting dogs.  This cruelty should not be supported.\n4.  Penned dog train and trial facilities are illegal in most of North America.  Ontario should not be turning backwards to allow these animal cruelty practises that most of society opposes.\n"
    },
    "88858": {
        "url": "/comment/88858",
        "comment": "It was disappointing to me to read that Ontario currently allows this type of \"training\" and I became disgusted to learn that the Ministry of Natural Resources and Forestry is proposing to amend the Fish and Wildlife Conservation Act, 1997 and associated regulations to expand this practice.\nAnyone who has ever watched an animal be hunted will recognize the terror felt by the animal. It is painful to imagine this as an on-going terror for any animal held in captivity that must regularly be hunted for \"training\".  Terrorized animals will also sometimes be killed. The proposal to allow additional issuance of licenses for new dog training and trial areas is inhumane.\nAs a believer in hunting and in the current government I find this proposal lacks logic, empathy and is nothing more than \"Hunger Games for Dogs\".  Dogs can be trained without torturing other animals. The pretend benefit of an economic benefit is marginal and grasping at a hope to find something positive in this proposal that has no benefits at all.\nAny government that supports this proposal will no longer have my vote.\n"
    },
    "88860": {
        "url": "/comment/88860",
        "comment": "This is archaic, cruel, inhumane, and simply wromg. I firmly reject the Ministry of Natural Resources and Forestry\u2019s proposal to allow new licenses and the transfer of licenses for train and trial areas in Ontario.\nPenned dog hunting facilities are cruel to the wild animals that are subjected to various methods used to train dogs to hunt.\nWildlife should never be taken from their natural environments and held captive by hunters. It\u2019s especially cruel to use rabbits, coyotes, and foxes as pawns for hunters to train dogs and hold competitions.\nOpening applications for train and trial spaces after 25 years is a massive step backward into the past. These facilities have no place in Ontario.\nInstead of opening new applications, the province\u2019s existing 24 facilities need to be closed immediately.\n"
    },
    "88861": {
        "url": "/comment/88861",
        "comment": "Dear Sir/Madam,\nI condemn the Ministry of Natural Resources and Forestry\u2019s proposal to allow expansion to the existing train and trial facilities in Ontario.\n\u201cTrain and trial\u201d and \u201cpenned hunting\u201d are euphemisms for inhumanely terrorizing wildlife, again, and again, and again.\nWildlife are sentient beings. In \u201ctrain and trial\u201d situations they are exposed to extreme psychological distress, and anxiety while being hunted by predators. There is repeated physical trauma when you are running in terror, too.\nThe stress and anxiety the wildlife feel will not abate when the \u201cpenned hunting\u201d session ends. The animals will be under chronic stress dreading the next occurrence of being surrounded by killers and running for their life.\nThat is an unbelievably cruel form of torture.\nHumans subjected to this treatment would develop PTSD. Many animals show lasting changes in behaviour and physiology after a traumatic experience, just like humans with PTSD.\nhttps://www.smithsonianmag.com/science-nature/do-wild-animals-get-ptsd-\u2026\nThe province of Ontario, its government and its citizens should be better people than ones who support and encourage animal cruelty.\nWildlife should not be removed from their natural habitat and held captive for this kind of extreme abuse.\nWe should be progressive in protecting wildlife.\nIncreasing these operations is regressive. Expanding this barbaric practice will put animal protection legislation in Ontario back decades.\nInstead, our legislators should be taking steps to immediately close all existing \u201ctrain and trial\u201d or \u201cpenned hunting\u201d facilities.\nThese facilities have no place in a humane and compassionate Ontario.\nIf more people knew about this proposed change which is buried in \u201cBill 91, Less Red Tape, Stronger Economy Act, 2023\u201d, the outcry would be deafening.\nPlease do not support allowing more train and trial facilities. This is extreme animal abuse and cruelty dressed up as training.\nI am ashamed that my provincial government would even consider subjecting more wildlife to this abuse.\nSincerely,\n"
    },
    "88862": {
        "url": "/comment/88862",
        "comment": "This practice seems entirely unethical, and was phased out years ago for a reason. Why kill coyotes, foxes, and rabbits needlessly, and painfully, when hunting is already legalized and occurs in the according hunting seasons? People have been training hunting dogs prior to this without the legalization of these facilities. Not to mention the untouched green space it would remove from wildlife, from which we already take so much.\n"
    },
    "88864": {
        "url": "/comment/88864",
        "comment": "I support ERO #019-3685 Proposal to allow the issuance of licences for new dog train and trial areas and the transfer of licences as written. More training and trialing areas in Ontario will give hunters and sporting dog community members better access to these areas, giving them more opportunities to create well-trained dogs in safely enclosed and regulated areas, ensuring they have the ability to identify the correct game species when it comes to time to hunt.\nFurthermore, more training and trialing areas also contribute to local economies where they exist through hunter and competition participant travel and visiting expenses and provide a small business opportunity to people.\nLastly, getting outdoors to train your dog at a training and trialing area is a great way to be active and spend some quality time with your dog, something that can be very beneficial for physical and mental health. Not only is it great for the handler, but being able to give your dog the opportunity to exercise and work on their skills also makes for a happier dog with a higher quality of life.\nTraining and trialing areas are important to the sporting dog community and to Ontario\u2019s hunting heritage. For these reasons and more, I support the proposal. Thank you for the opportunity to provide my comments.\n"
    },
    "88865": {
        "url": "/comment/88865",
        "comment": "Do you people not recognize that these are living creatures and if held in captivity should not be exposed to the fear of being hunted in an enclosed area where there is no escape.  It is a disgrace in this day and age and you people who condone this practice should be ashamed of yourselves. Maybe let these dogs chase you around in a confined area and see how you like it.  The big difference is you have a choice and they do not.\n"
    },
    "88867": {
        "url": "/comment/88867",
        "comment": "It was shocking to me to learn via a Change.org petition that at this time, during humanity's current efforts of pressing back against a lack of empathy in the world, that there could actually still be such cruel and unfair practices, sanctioned by the government of Ontario, as what this proposal is suggesting.\nTo keep sentient, fear-feeling creatures penned-up and then release them into an unescapable enclosure for them to be terrorized, hunted and torn apart by dogs training to kill them, is nothing short of horror-film material.  If you switch the image of a rabbit to that of a family cat and the image of a coyote to that of your family's \"four-legged best friend\", then you will see what I, and thousands like me see.  A horrific, cruel and vicious way for some spoiled dogs to get their jollies out - quite frankly.\nClaiming that this cruelty is necessary for the training of dogs to hunt in the wild, can be easily countered with the empathetically non-ignorant suggestions of non- sentient training tools, of which there are likely many - and if not, then give the pet product industry some time and they'll set you up without the need of exploiting and viscously slaughtering yet another cohort of nature's beautiful, fearful, loving creatures.\nAt the risk of dramatizing the reality, please do not approve this proposal - for the sake of our humanity.\n"
    },
    "88868": {
        "url": "/comment/88868",
        "comment": "To whom it may concern,\nI\u2019m deeply disturbed that Ontario plans to reverse a province-wide ban on new cruel \u201ctrain and trial areas\u201d, where hunters participate in the bloodsport of penned dog hunting.\nHOW CAN WE CALL OURSELVES HUMAN BEINGS?\nOntario passed a law in 1997 to phase out new penned hunting facilities for good reason. Penned hunting is incredibly cruel to the coyotes, foxes, and rabbits who are used as live bait and are chased and killed by packs of dogs. The dogs forced to participate can also suffer from injuries and death.\nIn addition to animal cruelty, penned hunting is a public health risk. The trade and transportation of wildlife are major contributors to the spread of disease and parasites, including zoonotic diseases that can infect wildlife, domestic animals, and humans.\nResearch is clear: more than four out of five Canadians are against hunting animals for sport. No other Canadian province allows penned dog hunting, and the cruel practice is unlawful in most of the United States.\nPlease do the right thing for animals and public health\u2014don\u2019t undo all of the progress made to phase out penned hunting facilities. The government should instead focus on strengthening the existing legislation and shutting down the few remaining train and trial areas in the province.\nSincerely,\nLouis\n"
    },
    "88870": {
        "url": "/comment/88870",
        "comment": "This is absolutely disgusting.  It causes undue suffering for wildlife and it is barbaric.  This is very similar to ancient forms of entertainment that were outlawed long ago.  It is disgusting that a modern society would continue to allow such cruelty.  In a time when most places are improving their animal rights laws, you are taking a step backwards!  You should be looking to STOP this kind of cruelty, not establishing more facilities.  Wild animals should NOT be caged and then penned up to be attacked and killed by dogs.  This causes undue stress and suffering for these animals.  They deserve to be set free to live their lives...not held captive until they die a cruel death.  Please do not do this!  Ontario should be better than this!  I am ashamed that this is even being considered!\n"
    },
    "88871": {
        "url": "/comment/88871",
        "comment": "This proposal is deeply upsetting and disturbing to me. The idea to use innocent and sentient beings to train hunting dogs does not align with Canada's values as a country, nor mine. Wildlife is not ours to torture, terrorize or use.\nIn addition, top predators/carnivores such as foxes and coyotes are extremely vital to the ecosystem in which they live. For example, coyotes play an importance role in maintaining a healthy ecosystem by regulating population of other animals such as racoons and mice.\nPlease do not move forward with the new proposal.\n"
    },
    "88873": {
        "url": "/comment/88873",
        "comment": "Just this comment alone from the Ministry makes me sick to my stomach and I quote:\nThey are also used to conduct hunting dog competitions (known as \u201ctrialing\u201d). The fenced areas are designed to keep both the wildlife and the dogs confined to the area (not allowing for the free passage of wildlife).\nWhy in God's name would we use and ABUSE His creatures like that, are we still living in the dark ages or do we want our children to really now how inhumane and barbaric man-kind really was/is....how antiquated and completely out of touch we are by not helping cultivate a culture of morale values.  Each and everyone of God's creature have all the emotions and feelings like we all have ...with only one difference they can't speak ..... if they could they would be SCREAMING for us to STOP because they are in PAIN and SUFFERING!!!!!\nway to teach your kids.....remember the movie \"Bless the Beast and the Children\"\n"
    },
    "88879": {
        "url": "/comment/88879",
        "comment": "I strongly oppose the MNR and Forestry's proposal to allow new licences and transfer of existing licences for dog train and trial areas in Ontario. In fact this practice should be illegal as it is everywhere else in Canada.\nA government that promotes this activity is a inhumane governmentthis practice causes extreme and unecessary distress, sufferinf and death to these poor animals. They feel pain, fear and terror as we do. They also live life5as we do.\nHumans who enable and use th\u00e8se facilities are despicable.\n"
    }
}