{
    "90429": {
        "url": "/comment/90429",
        "comment": "Of all the issues the Ontario government could be focusing on this seems extremely unimportant and benefits a very small number of people while terrorizing more poor animals. Let\u2019s focus on the bigger issues in Canada and not hunt down more wildlife for fun. This was phased out in 1997 for a reason, let\u2019s not open this up again.\n"
    },
    "90431": {
        "url": "/comment/90431",
        "comment": "As a dog owner, I understand the joy of participating in dog sports and the training required to excel in a sport. However I don\u2019t agree with doing it at the expense of the welfare of wild animals. Wild animals belong in the wild and not in captivity, let alone be kept as targets for hunting training. The 5 freedoms of animal welfare include: freedom from fear and distress. Let\u2019s be kind to our wild animals and not violate this freedom. Thanks\n"
    },
    "90434": {
        "url": "/comment/90434",
        "comment": "This is terrible and cruel.  Stop abusing animals!!!!\nEnd animal abuse!\n"
    },
    "90436": {
        "url": "/comment/90436",
        "comment": "This seems like it would lead to a lot of unnecessary stress for the captive animals, who, first of all, are not domesticated and therefore not suited to live in ad hoc enclosures, but secondly, the stress on those wild animals being used as prey is unconscionable. Are they also to be caught and killed? And to what end? For recreational purposes? Unnecessary suffering.\n"
    },
    "90442": {
        "url": "/comment/90442",
        "comment": "I am highly disturbed by this proposed amendment. To put a wild animals through undue stress and the potential harm of being trapped for \u201csport\u201d training shows a complete disregard for wildlife and falls under cruel and unusual punishment due to the actions humans. I strongly oppose this potential change.\n"
    },
    "90447": {
        "url": "/comment/90447",
        "comment": "I am appalled that this is happening in 2023. It was outlawed in 1997 for good reason. This practice is barbaric, cruel, and unnecessary. Surely in 2023 we have the means to teach dogs how to hunt without pens that animals cannot get out of. We can train dogs to do so many amazing things - we can train them to hunt without this. Please do not bring Ontario back in time. Especially back to times of unnecessary cruelty. We are better than this.\n"
    },
    "90448": {
        "url": "/comment/90448",
        "comment": "To whom this may concern,\nWhy is the private practice of wanting to teach your dog to hunt a priority over the life of wild animals? This concept is absolutely barbaric.  Wild animals should not be confined to a private area for the sake of teaching pets to hunt for wild animals.  Dogs are a choice. Dogs do not need to be taught to hunt and do not need to hunt for survival.  Wildlife have been consistently getting pushed to the back for the last decade. Why have there not been any new laws put in place in recent times to protect them? Between land development stripping away whole ecosystems,  taking rights away from conservation authorities,  and allowing private partners get what they want whatever they want, wildlife keeps being forced to submit to whatever humans want and are constantly suffering at the hands of our decisions. Why do we think it's okay to keep destroying nature? Why do we feel like our private practices are so important and superior to nature? This is diabolical.\nDo better. Be better.\n"
    }
}