{
    "85500": {
        "url": "/comment/85500",
        "comment": "With respect to hunting, there is no need for Ontario to allow dogs to train on captive wildlife.\nAround the globe, countries are reducing or outright banning similar practices, recognizing them as barbaric and unnecessarily cruel.  As this proposal notes, the financial benefits are likely neutral.\nWhy would this province become an outlier in promoting and permitting the torture of wildlife?  Hunting of wildlife is already permitted (with restrictions on the use of cruel or unfair practices such as scent-baiting deer).\nThere is no reason to expand hunting practices in this regard.\n"
    },
    "85503": {
        "url": "/comment/85503",
        "comment": "I firmly reject the Ministry of Natural Resources and Forestry\u2019s proposal to allow new licenses and the transfer of licenses for train and trial areas in Ontario.  This is not only cruel, it is barbaric to both family pets and our wildlife.  And who will pay the vet/hospital bills from the dogs, children and wildlife injured, not just on these horrific farms but also on the streets when dogs trained to fight attack.  My dog and I have had the unpleasant meeting with a coyote on the street, I know first hand the fight in a dog and coyote.  Training a dog ti fight is certainly not the answer!\n"
    },
    "85504": {
        "url": "/comment/85504",
        "comment": "I am TOTALLY against the issuance of new licences and the transfer of existing ones for dog train and trial areas. We had the science more than twenty years ago to convince us that this practice was inhumane.\nOwners of such facilities will explain they create 'hideaways' for the prey animals ... That does not suffice. In the end the fox, or rabbit, or coyote (or raccoon, or mink, or badger, or some other creature) is trapped, outnumbered and doomed. We are well aware that any of these creatures suffer the same emotions such experiences would generate in ourselves ... or our children.\nI live in a rural area in a small community. Hunting is a regular pastime here. Some families get the vast majority of their meat that way. They train their dogs - and learn themselves - on the lands they own. That is a very different situation from the one getting promoted in this law change.\nWe should not be setting up hunting ranges with closed in prey - like some real-life simulation game. I am not in support of encouraging such 'sport'. This seems akin to dog-fighting arenas, or cock-fighting operations. If someone is interested in having a hunting dog - and an area to hunt in - then let them bear the cost of the land and the responsibility of sustaining the wildlife populations that live there. Do NOT make it easy for them to simply enjoy this activity as 'sport'.\n"
    },
    "85505": {
        "url": "/comment/85505",
        "comment": "This should not be allowed at all! I am ashamed to live in a province that allows such cruelty. I can not get over how awful this is. What kind of country do we live in, where we place captured  animals in confined spaces so they can be hunted and killed by dogs. The terror these animals definitely experience.\n"
    },
    "85506": {
        "url": "/comment/85506",
        "comment": "Do not support this at all. Why would we want more animals to be held in captivity and then essentially tortured for \u201csport\u201d. There is absolutely no need to have more of these facilities, 24 is even too many. If the fear is that not having these facilities will make people take this activity underground, then make the penalties for that harsher and crack down on that activity. We don\u2019t need be trapping coyotes, foxes and rabbits and then terrifying them in an enclosed space as they are hunted, that is inhumane and horrific.\n"
    },
    "85507": {
        "url": "/comment/85507",
        "comment": "I am a dog lover and understand that hunting plays a part in the lives of some dogs. I am not against hunting in a wild and open atmosphere but I am against this type of training facility where animals are hunted in a closed space. This is cruel and inhumane. No wild animal should be trapped, bred or purchased for training in these facilities. This is up there with bull baiting, dog fighting and cock fighting in my opinion.\nWhile hunting with dogs is not something that I object to, the caging of prey for training sessions is not an acceptable practice. Please reconsider this proposal.\n"
    },
    "85508": {
        "url": "/comment/85508",
        "comment": "Trapping wildlife, holding them captive in pens they cannot escape from, then using them as bait for dogs to hunt - dogs driven by humans for profit - is not sporting nor can it be accurately called a sport.\nSo, be honest.  It's not a sport.\nSports endorsed by our government must adhere to standards of sportsmanship: https://www.merriam-webster.com/dictionary/sportsmanship\nThe proposed amendments to the Fish and Wildlife Protection Act will not protect wildlife.  They rightfully attract disdain for the very standards the Act is intended to protect.\nThe practice the proposals aim to expand is akin to bull fighting.  It's a practice that appeals to blood lust and sadism, torturing of captive vulnerable sentient beings.  Why encourage that?\nWhy is the government even thinking of expanding this cruel and inhumane practice?\nInstead of opening new applications, the province\u2019s existing 24 facilities need to be closed immediately.\n"
    },
    "85510": {
        "url": "/comment/85510",
        "comment": "I know. Let\u2019s put people who like to hunt in an in a cage so  we can train bears, coyotes and wolves to only pursue and kill those types of people.   This practice of training hunting dogs by offering them animals who can\u2019t escape is repulsive, shameful, cruel and inhumane. I can not believe this is allowed in our country. This is barbaric.\n"
    },
    "85511": {
        "url": "/comment/85511",
        "comment": "This is a bad idea and will make dogs more aggressive. I have big concerns about the possibility of rabies transmission from wild animals to family pets, especially for pets who haven\u2019t been up to date of their immunizations. If you need to cull coyotes then have a controlled MNR hunt. What is this government thinking?\n"
    },
    "85519": {
        "url": "/comment/85519",
        "comment": "This is disgusting, and with Ford planning to destroy the Greenbelt, this will only create a worse situation for animals.Wildlife should never be taken from their natural environments and held captive by hunters. It\u2019s especially cruel to use rabbits, coyotes, and foxes as pawns for hunters to train dogs and hold competitions.\n"
    },
    "85520": {
        "url": "/comment/85520",
        "comment": "I firmly reject the Ministry of Natural Resources and Forestry\u2019s proposal to allow new licenses and the transfer of licenses for train and trial areas in Ontario.\nPenned dog hunting facilities are cruel to the wild animals that are subjected to various methods used to train dogs to hunt.\nWildlife should never be taken from their natural environments and held captive by hunters. It\u2019s especially cruel to use rabbits, coyotes, and foxes as pawns for hunters to train dogs and hold competitions.\n"
    }
}