{
    "89301": {
        "url": "/comment/89301",
        "comment": "Ontario put in a breed ban saying it was about public safety regarding dogs and now wants to encourage dogs to be trained for and kill small to mid size animals?  What Ford's government is doing is encouraging animal cruelty and putting dogs and the public at risk,  This is nothing less than barbaric. Shame on the Ontario government.\n"
    },
    "89302": {
        "url": "/comment/89302",
        "comment": "How is it illegal to catch a fish that is a certain size or is in breeding season, but to catch wild animals and use them as hunting practice okay? This terrible, and I\u2019m disappointed in Ontario that this is something even being discussed. This is clearly animal abuse and should not be tolerated at all. I don\u2019t feel the need to attach supporting links because it\u2019s obvious that this is wrong, it\u2019s so morally wrong. I feel so disgusted that this is happening and that it is being considered. I thought Canada was better than this.\n"
    },
    "89303": {
        "url": "/comment/89303",
        "comment": "I am against this proposal to allow captive wildlife to be used to train hunting dogs. I have never heard of this before and it needs to stop not be issuing new licences and allowing transfers of existing licences.\nThese are sentient beings and to purposefully hold them captive for profit is disgusting and unnatural.\nStop this now.\n"
    },
    "89304": {
        "url": "/comment/89304",
        "comment": "This is absolutely disgusting! This proposal needs to be cancelled immediately. For decades, we have moved to tighten animal cruelty laws and this government wants to make inhuman treatment of wild animals a priority in the year 2023.\nThis is a terrible proposal, but that seems to be like everything this Ford CONservative government comes up with.\nNO to this proposal!\n"
    },
    "89307": {
        "url": "/comment/89307",
        "comment": "If these were supposed to be phased out over time why are you allowing more to now be licensed?  Why are you now changing your mind?  I assume you are getting paid by the barbaric hunters or receiving kick backs so money is more important to you then the lives of our wildlife who we should be protecting.  I am disgusted by my government officials and you should be ashamed of yourselves\n"
    },
    "89310": {
        "url": "/comment/89310",
        "comment": "The proposed changes fail to adequately describe the demand for the changes or the environmental impact. If, in 1997, the policy was to eventually phase these training facilities out, why has the policy suddenly changed to increase them. What is the policy rationale? Until the government can adequately explain to Ontarians what the rationale for this policy of direction is, what the demand for trained hunting dogs is, and what the impacts to coyote population and wellbeing is, than I do not think the government should be able to vote to amend this legislation. On its face it seems needless and unnecessarily cruel and I fully oppose changes to allow issuing and transferring licenses for dog trial and train areas.\n"
    },
    "89313": {
        "url": "/comment/89313",
        "comment": "What kind of world is this in 2023, where we are still even considering such behaviour and action to even be put to a vote for people who are entrusted to make our establishments a better place.\nThis is an disgusting idea to even waste taxpayers time pondering at any level of government.\nTheir are different ways to accomplish this same task without jeopardizing our wildlife, consciousness and obligation to all live together.\nDo the right thing and absolutely reject this dumb idea for even making it this far in a discussion.\n"
    },
    "89316": {
        "url": "/comment/89316",
        "comment": "I just learned of the proposal to allow issuing of licenses for new dog train and trial areas. I understand that this was something that was set to be phased out as far back as 1997.\nThis is a cruel and inhumane practice, and completely unnecessary. If approved, this takes us many steps backwards. It's an archaic activity.\nFor all that we know and have learned about the importance of wildlife and living harmoniously with them, to appreciate their place in the world, to allow them to live in peace and with safety, just as we hope to live, why has this proposal even been put forward? We condemn people for treating animals poorly and yet here we are, with proposals such as this.\nThis is unacceptable.\n"
    },
    "89318": {
        "url": "/comment/89318",
        "comment": "Please don\u2019t proceed with this amendment. All train and trial locations should be closed, this is an archaic and barbaric way to hunt. There is no need for hunting dogs in this day and age, the process to train them is very cruel to the animals they are trained to hunt.\nPlease reconsider this amendment and don\u2019t proceed with it. As a person who comes from a family of gun owners and hunters this is disturbing and cruel to think that this old outdated hunting tactics are still trying to be employed.\n"
    },
    "89319": {
        "url": "/comment/89319",
        "comment": "This is simply egregious. I cannot believe that after all we have discovered over the last two decades, that we would still be supporting these sadistic blood sports.\nThe people who engage in these practices are cruel, ignorant, and sadistic and the fact that they even exist in my community terrifies me.\n"
    },
    "89320": {
        "url": "/comment/89320",
        "comment": "ERO # 019-3685\nI strongly oppose the Ministry of Natural Resources and Forestry\u2019s proposal to allow new licenses, and the transfer of existing licenses, for dog train and trial areas in Ontario. In fact the existing facilities should be closed. I propose that other methods be considered to train hunting dogs other than caged live animals. With the science that currently exists, it would be possible to create animal scents that could be used to train dogs to hunt without using live animals.\n"
    }
}