{
    "89172": {
        "url": "/comment/89172",
        "comment": "I firmly reject the Ministry of Natural Resources and Forestry\u2019s proposal to allow new licenses and the transfer of licenses for train and trial areas in Ontario.\nPenned dog hunting facilities are cruel to wild animals that are subjected to various methods used to train dogs to hunt.\nWildlife should never be taken from their natural environments and held captive by hunters. It\u2019s especially cruel to use rabbits, coyotes, and foxes as pawns for hunters to train dogs and hold competitions.\nOpening applications for train and trial spaces after 25 years is a massive step backward into the past. These facilities have no place in Ontario.\nInstead of opening new applications, the province\u2019s existing 24 facilities need to be closed immediately.\n"
    },
    "89175": {
        "url": "/comment/89175",
        "comment": "I am against this proposal. I feel that this is an extremely cruel practice. To rip wildlife out of their homes to be confined and killed for the sake of training dogs? Surely there is another way to train hunting dogs.\nWhere is the sport in this practice? This isn't a hunt for food to support families.\nWhen we train dogs for guarding purposes, do we let them practice on unsuspecting people in an enclosed area?\nWe are supposed to be the \"superior\" species. I feel that these practices encourage people to be cruel and there is far too much cruelty towards animals as it is. I simply cannot believe that any government agency would even consider supporting such a thing.\n"
    },
    "89179": {
        "url": "/comment/89179",
        "comment": "I think this proposal is absolutely preposterous and disgusting. This moves humanity in a horrifying direction. These animals deserve to be treated humanely. I strongly oppose this proposal moving forward. No transfer of licenses, no opening of new pens. Absolish this idea. Phase out these pens, as originally intended before this proposed amendment.\n"
    },
    "89182": {
        "url": "/comment/89182",
        "comment": "The proposed amendment to allow the issuance of licences for new train and trail areas should not be accepted. The practice of trapping wild animals to be used to train hunting dogs is inhumane. The practice causes extreme levels of undue stress to captured animals.\nI could not believe that this method of training was still used. As someone who works in the scientific field, our use of animals as study subjects is strictly regulated and guidelines are written up with the intent to minimize our impact and stress on the animal. The keeping of wild animals is a serious commitment, and I have no reason to believe that anyone undertaking a train and trial set-up knows anything about the care of these animals. Frankly, this practice should be prohibited all together in my opinion. Ending the suffering of trapped animals quickly and respectfully is the duty of a trapper should they choose to hunt this way. Tracking and finding an animal that has been shot in the shortest time possible is also a hunter's duty. There are effective ways of training dogs that do not require such cruel, costly, and archaic methods. I am ashamed to have supported the use of hunting dogs if this is how they are being trained.\n"
    },
    "89183": {
        "url": "/comment/89183",
        "comment": "Taking wild animals from the wild and caging them to train dogs to hunt wild animals is very inhumane.  This practice is barbaric and unnecessary.  People who allow this or participate in this should be arrested for animal cruelty.  Think about how you would feel if you or your child was unjustly caged and hunted down for no reason other than selfish egotistical vulgar reasons! DISGUSTING! Stop this now\n"
    },
    "89186": {
        "url": "/comment/89186",
        "comment": "I can hardly believe the proposal from Fishery and Wildlife is even suggesting using wildlife as practicing tools for hunting dogs.\n1. Cruelty -trapping wildlife/ holding them to being repeatly used as props for the purpose of what? Come on? Who is proposing this? A hunting club?\n2. Infection control- you are trapping wildlife and putting them in closed pens exposing wildlife illness to public.\n3. Risk Management- the hunting dogs who are use to attacking wildlife, can an easily mistake at attacking someone elses pet, or a child.\n4. Is the end result for the animal to die, a painful long death, as keeping a wild animal in enclosure causes stress and the proposal is unneccessary there is plenty of props that can be used as alternate choices. I didnt realize Ontario is so barbaric.\n4. Who is going to govern the holding of the wildlife? Who determines how long and how much cruelty is endured in a hands of the hunter and hunting dog.\nWho? Society of Prevention of cruelty of animals ? As Ontario government will need to fund a third party to provide protection and who and where are these licenses being issued?\n5. COST- The simple answer is cost, this is going to cost more than to have resources mandate, more resources to out source risk management, infection control and cruelty to animals.\n"
    },
    "89189": {
        "url": "/comment/89189",
        "comment": "I do not support the issuance of licenses for new dog train and trial areas. Nor do i support the transfer of these licenses! It is inhumane to hunt these animals in their natural environment and place them in secure areas to live in fear. As a society we need to coexist with these animals not destroy them. Shame on the Provincial government for so many atrocities but this is a barbaric one. Clearly the Ford government does not care about our environment!\n"
    },
    "89190": {
        "url": "/comment/89190",
        "comment": "The provincial government is proposing an amendment to the Fish and Wildlife Conservation Act (FWCA) that will encourage animal cruelty through the use of hunting dogs.\n\u2060\nThere are currently 24 enclosed spaces in Ontario, called train and trial areas, that are dedicated to training dogs to hunt species of wildlife. The victims of this practice - like timid coyotes, frightened foxes, peaceful cottontails - can be legally trapped and taken from their homes. Torn away from their families, these animals are then forced into pens to live the rest of their lives experiencing intense fear, trauma and extreme stress as they are horrifically chased down by dogs on a regular basis. \u2060\n\u2060\nIn 1997, this archaic practice was set to be phased out when the FWCA declared no new licences would be issued and that existing licences could not be transferred.\u2060\n\u2060\nBut now, under the proposed change, more train and trial areas would be allowed to open and existing ones could be transferred to new owners. Rather than being phased out, these unspeakable areas will become more prevalent. More innocent victims will be stolen from the wild and forced into a life that no living being deserves to live. \u2060\n"
    },
    "89191": {
        "url": "/comment/89191",
        "comment": "I am totally opposed to penned hunting. I can't imagine anything more terrifying for an animal than being chased by dogs intent on catching & probably hurting and/or killing them. Absolutely inhumane. The Conservatives have prided themselves on their animal protection legislation and I can't believe this proposal is being endorsed. At least in the wild, animals are familiar with their environment and have a chance at finding some place to hide or get away. This idea is absolutely repulsive to me and pretty much guarantees that I will never vote Conservative.\n"
    }
}