{
    "87772": {
        "url": "/comment/87772",
        "comment": "This is disgusting practice and dogging should probably not be an option if you cannot train them without subjecting wild animals to such cruelty. I can\u2019t believe that this is something that people enjoy doing, and I grew up in a small town near tons of farmland. Never heard of anyone doing this. Disgusting that you\u2019ll even consider letting this happen.\n"
    },
    "87782": {
        "url": "/comment/87782",
        "comment": "This is inhumane, barbaric, and disturbing that our government is even courting the idea of this practice. We do not need to train our dogs to hunt other small, dog-like creatures\u2014you are severely risking the chance of seeing increased aggression in dogs, aggression that may be taken out on other innocent dogs at parks in neighbourhoods. Further, the practice of actively seeking out these animals (whose homes we are already destroying) just to terrorize, mutilate, and brutalize them. Show some basic human compassion and empathy, even just an ounce. Imagine yourself being tormented endlessly by a predator with powerful jaws and sharp teeth ripping into you. Imagine hearing the shrieks and cries of innocent animals in pain and agony because a pitbull inevitably locks its jaws on their hind legs. SHOW SOME EMPATHY. THIS IS A REGRESSION: we must do all we can to STOP ANIMAL CRUELTY and this extends BEYOND our household cats and dogs, this includes WILDLIFE. LEAVE THEM ALONE; your developers are already constantly taking away their homes.\n"
    },
    "87787": {
        "url": "/comment/87787",
        "comment": "I firmly reject the Ministry of Natural Resources and Forestry\u2019s proposal to allow new licenses and the transfer of licenses for train and trial areas in Ontario.\nPenned dog hunting facilities are cruel to the wild animals who are subjected to various methods used to train dogs to hunt.\nThere is no reason to promote animal cruelty in such an archaic form of torture for wildlife.\n"
    },
    "87792": {
        "url": "/comment/87792",
        "comment": "Penned dog hunting facilities are cruel to the wild animals who are subjected to various methods used to train dogs to hunt. Wildlife should never be taken from their natural environments and held captive by hunters. It\u2019s especially cruel to use rabbits, coyotes, and foxes as pawns for hunters to train dogs and hold competitions.\n"
    },
    "87793": {
        "url": "/comment/87793",
        "comment": "I firmly reject the Ministry of Natural Resources and Forestry\u2019s proposal to allow new licenses and the transfer of licenses for train and trial areas in Ontario.\nPenned dog hunting facilities are cruel to the wild animals who are subjected to various methods used to train dogs to hunt.\nWildlife should never be taken from their natural environments and held captive by hunters. It\u2019s especially cruel to use rabbits, coyotes, and foxes as pawns for hunters to train dogs and hold competitions.\nOpening applications for train and trial spaces after 25 years is a massive step backward into the past. These facilities have no place in Ontario.\nInstead of opening new applications, the province\u2019s existing 24 facilities need to be closed immediately.\nThis practice is inhumane and abhorrent.\n"
    }
}