{
    "90599": {
        "url": "/comment/90599",
        "comment": "I am writing to state how shocked and appalled I am at this amendment proposal. The unwarranted suffering and cruelty to animals this would allow cannot be justified, particularly to revive a practice deemed inhumane and cruel nearly 30 years ago. I wholeheartedly oppose this measure and will continue to actively oppose it and will remove my vote from any politician or party that pushes this forward.\n"
    },
    "90604": {
        "url": "/comment/90604",
        "comment": "This amendment is horrible. It is unnecessary and the basic training for these dogs can be completed without the use of trapped wildlife. The previous law allowed to phase out these practices. Which is something that should be continued. This practice will cause unnecessary stress and suffering to wildlife. I am completely against this proposition and it should not be passed.\n"
    },
    "90606": {
        "url": "/comment/90606",
        "comment": "This is a completely unnecessary proposal. There is no need to have these areas to train hunting dogs making defenceless animals terrified for their short lives. It is disgusting and inhumane to treat animals in this way.\n"
    },
    "90610": {
        "url": "/comment/90610",
        "comment": "As a dog trainer and dog competition enthusiast I can say that broadly speaking dog training has changed tremendously since 1997. It is now more thoughtful, informed and respectful of dogs' innate abilities to reason, learn and engage with us as trainers and handlers and the environments in which we work with them.\nA practice of caging wild game as a means of training seems, by these more enlightened standards, questionable.\nI think it prudent to question the actual value of exposing dogs to the scent of terrified, caged animals as means of training tracking in a natural manner given that it is undeniably a cruel and inhumane practice to treat wildlife in such a way.\nIf the net impact is judged to be neutral of reversing the decision to phase out this practice, I'd suggest the progressive rather than regressive approach should be undertaken. Allow the remainder of the licences to expire and let this antiquated practice come to an end in Ontario.\n"
    },
    "90611": {
        "url": "/comment/90611",
        "comment": "I am completely shocked and disgusted that this contemptible and inhumane practice has not been abolished completely. And now the government is proposing to support it??? News flash - we are no longer living in the medieval period, where bear baiting and public hangings were acceptable forms of entertainment.\n"
    },
    "90614": {
        "url": "/comment/90614",
        "comment": "Activities like this are barbaric.\nPassing a law like this is archaic.\nWhat have we become?\nWe not human.\nWe're INhuman.\nWe're inhumane.\nJust when I thought the human race could not possibly get more cruel and self-serving, we DO!\nHow much more sick and depraved can we possibly get?\nWe're there!\n"
    },
    "90615": {
        "url": "/comment/90615",
        "comment": "Wtf is this? What era are we living in? How can this possibly go on? The fear, terror, trauma experienced by these innocent animals. How can our peaceful country let this continue? Literally what the actual f\u2026 This needs to stop. Period. The government disgusts me.\nHow is this different from dog meat markets in Korea or dog fighting. How can you let defenceless animals suffer for the ridiculousness of this archaic \u201csport\u201d. Stop it now.\n"
    },
    "90616": {
        "url": "/comment/90616",
        "comment": "All the Time, Effort, Care, and Love that Our Professionals and Volunteers Give of Themselves to Rescue, Save, and Give a Second Chance to Our Wildlife. All the Money that is Donated to their Efforts. The Wildlife Rescue and Rehabilitation Sanctuary are some of the largest sites on Social Media. Not sure why this was ever allowed, but that was then. Today, Train and Trial Should Not be Allowed ever again. What A Shame this would be for All the Love that goes on to Save Our Wildlife.\n"
    }
}