{
    "89214": {
        "url": "/comment/89214",
        "comment": "Hello, I am totally opposed to any amendment that would allow issuance of new licenses for new dog train and trial anreas etc..  that would support animals and birds to be trapped and transported to these dog training areas. This is inhumane and not a  conscious route for humans to be going. Taking animals out of their natural habitat to be used as prey for dogs is among the reasons I am sometimes disgusted to be associated with humans that think  this is reasonable.. let alone our government. I will be sharing this widely today and am disappointed that I hadn\u2019t heard of this sooner.\n"
    },
    "89215": {
        "url": "/comment/89215",
        "comment": "This is a completely archaic and heinous concept. I do NOT agree with this proposition. Not only is it cruel to those animals being taken against their will and forced to live subjugated lives but it also states that we as a democratic society promote the mistreatment of those minorities without a voice! When will we learn? There is no sport in this concept, only terrorized animals who asked for nothing but to live their life naturally. How does this policy benefit the lives of the people and animals of Ontario? I think we need to consider how does this policy helps us evolve, how does it help us move forward into a better world, what does this say to our children and future generations who will read about our history of how we care for this land and it\u2019s inhabitants? Protecting our beautiful home and native lands means protection for all living creatures that call Ontario home!!! Thank you for your time and consideration!\n"
    },
    "89216": {
        "url": "/comment/89216",
        "comment": "This proposal is actively horrific. Wildlife in Ontario are facing dire enough conditions with erosion of green space at an all time high. To entrap existing wildlife for training and advertise competition hunting is an abhorrent idea for Ontario.\nAnimal cruelty aside (somehow), this could not be a significant enough money maker for the province to be worth considering the reversal of legislation. Huge waste of taxpayer time and dollars to even have put this together in the first place.\n"
    },
    "89217": {
        "url": "/comment/89217",
        "comment": "I do not support this proposal. The idea that my government would consider encouraging the capture and torture (which it is - saying that isn\u2019t being overly dramatic) of wild animals so they can be used to train hunting dogs is appalling. Whether or not I\u2019m a fan of hunting, there has to be more humane ways to train hunting dogs.\n"
    },
    "89218": {
        "url": "/comment/89218",
        "comment": "Absolutely not! This is barbaric, why don't we start bear baiting again while we're at it?! Why would you even propose creating dangerous public animals when you banned the pitbull for apparently being the same? This makes Absolutely no sense and is completely moronic\n"
    },
    "89219": {
        "url": "/comment/89219",
        "comment": "I was appalled to learn that dog training facilities even exist! Hunting for sport itself is disturbing enough, but now animals are given no chance of survival in dog training facilities?! This is like the Hunger Games! I strongly oppose the Ministry of Natural Resources and Forestry allowing dog training facilities and I certainly oppose allowing new licenses. Dog train and trial facilities are a huge step backward for society. These facilities have no place in Ontario. If we allow these we do not deserve to be called civilized. Instead of allowing new applications, the province\u2019s existing 24 facilities need to be closed immediately.\n"
    },
    "89220": {
        "url": "/comment/89220",
        "comment": "Hello,\nI think it\u2019s sad that in 2023, we are still allowing hunting training centres using live animals as bait.\nIt\u2019s time to make a change.\nYou are not allowing new licenses and now is the time to phase out all current licenses.\nThis is not a needed service. Hunters do not need hunting dogs.\nEnough is enough. Make the right move or this will become an election issue for many animal lovers that vote conservative. Be the voice for all - not just a few rich hunters.\nThank you,\nBrigitte\n"
    },
    "89221": {
        "url": "/comment/89221",
        "comment": "What is this archaic and unnecessary practice? Why is this even being given a thought? This is horrible. There's no way that this should be allowed in a time when we (hopefully) know better.  The poor animals who are taken from their homes and tortured is an absolutely inhumane practice. Just because they are wildlife and not \"house pets\" does not mean they should not have rights.\nThey have feelings same as any other living being.  Why torment them doe the sake of this practice.  It's absolutely not necessary and should be condemned.\n"
    },
    "89225": {
        "url": "/comment/89225",
        "comment": "This Act neither conserves or provides safety for the animals who will be caged, fenced and terrorized. I respectfully request that you consider other more humane measures of training. Using animals in this manner only serves to put them at risk of harm in ways that are unfair and cruel. It is also a reflection of the disintegration of empathy and compassion at a governmental level which will eventually impact voters. Thank you for your consideration in this important matter of trickle down impact.\n"
    },
    "89226": {
        "url": "/comment/89226",
        "comment": "The proposed plan to use live wild animals as bait or fodder for training dogs is barbaric, backwards, and cruel.\nFor it to be legal to put a sentient being in a cage while dogs practice would evoke nothing but fear and anxiety in the poor animal. It doesn\u2019t take much from a moral point of view to see how unacceptable this proposal is.\n"
    },
    "89228": {
        "url": "/comment/89228",
        "comment": "This is barbaric. The updated proposal does not indicate the benefit to the public as a whole, but appears to be proposed based on a limited number of citizens request. Regardless of the intent to further cruelty to animals, this is a waste of tax payer money to even consider this proposal when it appears to be in response to fewer than 25 business, and the financial impact is expected to be neutral at best.\nAs for the animals that are being used to support this training practice, living a life in fear is cruel, to support a \u2018sport\u2019, let alone being hunted in a contained environment. Many of these animals are trapped from the wild to be used. It isn\u2019t clear why we are going backwards as a society.\n"
    }
}