{
    "88313": {
        "url": "/comment/88313",
        "comment": "Barbaric and cruel. These facilities should be illegal. This is animal cruelty plain and simple. Disgusting that anyone would consider this a 'sport'. I can't torture and kill a rabbit or coyote on my property without animal cruelty charges (and I would never ever want to) so why are these facilities allowed to exist and possibly expand.\nSociety should do everything possible to protect wild animals, they have a place within the ecosystem and should never be subjected to this kind of torture, for the amusement of humans. If you want your dog to chase coyotes or rabbits away from your crops, they can be trained without resorting to torture of animals, whether wild 'caught' or raised for this purposed (a whole other area of extreme animal torture).\nNaturalist experts and environmental diversity experts should be consulted and they would explain why this practice is as outdated as dog fighting or bull running and should be banned.\nSociety needs to evolve to be more compassionate and accepting of the rich diversity of our ecosystems and relegate the torture of animals for human pleasure in the distant past. We are better than this and our laws should reflect this.\n"
    },
    "88314": {
        "url": "/comment/88314",
        "comment": "I am opposed to the issuance of further permits allowing penned hunting of wildlife by dogs in the province.  Please continue to phase out the issuance of permits so that this practice can eventually, and hopefully quickly, end.  I think that it is a cruel practice that has no place in modern civilized society.\n"
    },
    "88317": {
        "url": "/comment/88317",
        "comment": "I strongly oppose the Ministry of Natural Resources and Forestry\u2019s proposal to allow new licenses, and the transfer of existing licenses, for dog train and trial areas in Ontario.\n    Penned dog hunting facilities are cruel to the wild animals used to train dogs to hunt.\n    Wildlife should never be taken from their natural environments and held captive by hunters.\n    It is inhumane to use rabbits, coyotes, and foxes as bait to train dogs.\n    New licenses for dog train and trial facilities are a huge step backward for society. These facilities have no place in Ontario.\n    Instead of allowing new applications, the province\u2019s existing 24 facilities need to be closed immediately.\n"
    },
    "88319": {
        "url": "/comment/88319",
        "comment": "Respectfully, I reject the Ministry of Natural Resources and Forestry\u2019s proposal to allow new licenses and the transfer of licenses for train and trial areas in Ontario.\nPenned dog hunting facilities are cruel to wild animals that are subjected to various methods used to train dogs to hunt.\nWildlife should never be taken from their natural environments and held captive by hunters. It\u2019s especially cruel to use rabbits, coyotes, and foxes as pawns for hunters to train dogs and hold competitions.\n"
    },
    "88320": {
        "url": "/comment/88320",
        "comment": "I strongly oppose the Ministry of Natural Resources and Forestry\u2019s proposal to allow new licenses, and the transfer of existing licenses, for dog train and trial areas in Ontario.\nPenned dog hunting facilities are cruel to the wild animals used to train dogs to hunt.\nWildlife should never be taken from their natural environments and held captive by hunters.\nIt is inhumane to use rabbits, coyotes, and foxes as bait to train dogs.\nNew licenses for dog train and trial facilities are a huge step backward for society. These facilities have no place in Ontario.\nInstead of allowing new applications, the province\u2019s existing 24 facilities need to be closed immediately.\nDoug Ford and the Conservatives should end this. It is disgusting.\n"
    },
    "88324": {
        "url": "/comment/88324",
        "comment": "No. This regressive and barbaric practice has no place in our society and needs to come to an end. This is government sanctioned cruelty, plain and simple; dragging grotesque and sadistic practices from a time long past into the present. Torturing wild animals for sport or personal gain should be anathema in a society that makes any claim to decency, morality, dignity and justice. To expand licensing for the gain and amusement of vanishingly small special interest group is not in the interest of Ontarians. Ontario should not allow the expansion of this abominable practice and should take steps to bring it to an end once and for all by making it illegal.\n"
    },
    "88326": {
        "url": "/comment/88326",
        "comment": "I am opposed to the amendment to the Fish and Wildlife Conservation Act that  would allow new licences for dog train and trial areas in penned dog hunting facilities.\nHunting pens have no place in our modern society. Allowing dogs to train and trial in penned facilities using  penned foxes, coyotes, and rabbits is not humane and not ethical. These foxes, coyotes, rabbits, and other animals must be protected from use in such penned dog hunting facilities.\n"
    },
    "88327": {
        "url": "/comment/88327",
        "comment": "I am opposed to the amendment to the Fish and Wildlife Conservation Act  and regulations that  would allow new licences for dog train and trial areas in penned dog hunting facilities.\nHunting pens have no place in our modern society. Allowing dogs to train and trial in penned facilities using  penned foxes, coyotes, and rabbits is not humane and not ethical. These foxes, coyotes, rabbits, and other animals must be protected from use in such penned dog hunting facilities.\n"
    },
    "88328": {
        "url": "/comment/88328",
        "comment": "I firmly reject the Ministry of Natural Resources and Forestry\u2019s proposal to allow new licenses and the transfer of licenses for train and trial areas in Ontario.\nPenned dog hunting facilities are cruel to the wild animals who are subjected to various methods used to train dogs to hunt.\nWildlife should never be taken from their natural environments and held captive by hunters. It\u2019s especially cruel to use rabbits, coyotes, and foxes as pawns for hunters to train dogs and hold competitions.\n"
    },
    "88329": {
        "url": "/comment/88329",
        "comment": "WITHDRAW THE PENNED WILDLIFE PROPOSAL IMMEDIATELY\nI am opposed to the proposal forwarded by staff in the Ministry of Natural Resources which expands the sites and licenses for hunters who want to train their dogs using penned wildlife. This proposal trivializes the lives and well- being of wildlife and further supports hunters whose interest in Ontario wildlife is nothing  more than predatory.  I want fewer not more of these training sites, and I want to discourage the mistreatment of wildlife by hunters, dogs and trappers. I believe that the 24 remaining penned wildlife sites should be eliminated and that no licenses should be given in the future for this type of activity. I think that the MNRF has gone astray politically and ethically, and in many ways, it has abdicated its responsibility to protect valuable public resources. I want to see respectful and compassionate management of wildlife rather than indifference and pandering to small special interest groups. This proposal is unacceptable and should be withdrawn.\n"
    },
    "88330": {
        "url": "/comment/88330",
        "comment": "WITHDRAW THE PENNED WILDLIFE PROPOSAL IMMEDIATELY\nI am opposed to the proposal forwarded by staff in the Ministry of Natural Resources which expands the sites and licenses for hunters who want to train their dogs using penned wildlife. This proposal trivializes the lives and well- being of wildlife and further supports hunters whose interest in Ontario wildlife is nothing  more than predatory.  I want fewer not more of these training sites, and I want to discourage the mistreatment of wildlife by hunters, dogs and trappers. I believe that the 24 remaining penned wildlife sites should be eliminated and that no licenses should be given in the future for this type of activity. I think that the MNRF has gone astray politically and ethically, and in many ways, it has abdicated its responsibility to protect valuable public resources. I want to see respectful and compassionate management of wildlife rather than indifference and pandering to small special interest groups. This proposal is unacceptable and should be withdrawn.\n"
    }
}