{
    "86967": {
        "url": "/comment/86967",
        "comment": "Please consider why these arcaic and violent pens were ceased in the first place. They simply are not humane. We have improved so much related to hunting, animal welfare, and overall understanding of the delicate link between wild animals and domesticated animals. Treating animals that are top predators and essential to our ecosystem like demons and toys with immense suffering says a lot about humans. We have done better by banning them, let's not move backwards.\n"
    },
    "86968": {
        "url": "/comment/86968",
        "comment": "This process of subjecting CAPTIVE creatures Like Foxes and Coyotes to attack by dogs (in training) is inhumane and bespeaks to barbaric nature of all those involved in both the approval and the maintenance of this process.\nPerhaps if those humans involved were to exchange roles with the Foxes and Coyotes, and be free to roam (unarmed) in a captive area while wild Creatures (how about bears, or Wild Boars) sharpened heir skills for hunting for something to eat, then it would seem fairer overall, don't you think?\nWe humans  have a tendency to turn our backs on fairness to others and to other living things.  We can't even treat planet Earth with respect, and we humans (along with most other creatures) will suffer for that.\nConsider me AGAINST this proposal.\n"
    },
    "86971": {
        "url": "/comment/86971",
        "comment": "I firmly reject the Ministry of Natural Resources and Forestry\u2019s proposal to allow new licenses and the transfer of licenses for train and trial areas in Ontario.\nPenned dog hunting facilities are cruel to the wild animals that are subjected to various methods used to train dogs to hunt.\nWildlife should never be taken from their natural environments and held captive by hunters. It\u2019s especially cruel to use rabbits, coyotes, and foxes as pawns for hunters to train dogs and hold competitions.\nOpening applications for train and trial spaces after 25 years is a massive step backward into the past. These facilities have no place in Ontario.\nInstead of opening new applications, the province\u2019s existing 24 facilities need to be closed immediately.\n"
    },
    "86972": {
        "url": "/comment/86972",
        "comment": "Hello. As an Ontario citizen, I would prefer that this proposal not be enacted for several reasons, the main one concerning how it will affect the behavior of pet dogs. In the United States alone, according to the American Center for Disease Control, 4.7 million people are bitten each year by dogs, with children between the ages of 5 and 9, and senior citizens getting bitten the most. This results in 20 to 30 deaths (of all ages) per year. Training dogs to hunt and kill wild animals can make them more aggressive, and I am worried this will lead to more preventable accidents in parks and neighborhoods. Additionally, there is also the cruelty to the creatures that are being hunted, which I find upsetting. The Harris government placed restrictions on these kinds of activities a quarter of a century ago in order to protect wildlife, and I believe that was a good decision made by the Progressive Conservative government at the time.\nThank you for considering my thoughts on this issue.\n"
    },
    "86973": {
        "url": "/comment/86973",
        "comment": "This is NOT okay, but rather barbaric. How do you think it\u2019s okay for dogs to go out and hunt wild animals and possibly be killed? Are you insane? Is this not animal cruelty at its finest? Give your head a shake and rethink this\u2026dog fighting is NOT okay, cock fighting is NOT okay, sending a domestic animal to fight a wild animal for kill is NOT okay.\n"
    },
    "86977": {
        "url": "/comment/86977",
        "comment": "This barbaric practice should be stopped. No animal should be subjected to unnecessary fear and cruelty at the hands of humans. While nature can be cruel,  deliberately imposed cruelty by humans is avoidable and unnecessary.\n\u201cThe Greatness of a nation can be judged by how it treats its animals\u201d Mahatma Gandhi\n"
    },
    "86978": {
        "url": "/comment/86978",
        "comment": "I am fundamentally opposed to the Ministry of Natural Resources and Forestry\u2019s proposal to allow new licenses and the transfer of licenses for train and trial areas in Ontario. This proposal is unethical and marks a major backward step in wildlife management in Ontario.\nPenned dog hunting facilities are cruel to the wild animals that are subjected to various methods used to train dogs to hunt. Wildlife should never be taken from their natural environments and held captive by hunters. It\u2019s especially cruel to use rabbits, coyotes, and foxes as pawns for hunters to train dogs and hold competitions.\nOpening applications for train and trial spaces after 25 years is a massive step backward into the past. These facilities have no place in Ontario.\nInstead of opening new applications, the province\u2019s existing 24 facilities need to be closed immediately.\nThe Ford Government needs to move into the 21st century in its approach to wildlife management.\n"
    },
    "86983": {
        "url": "/comment/86983",
        "comment": "Penned hunting, whether or not for training, is barbaric, cruel, and unconscionable.\nIt also represents a reversal of an earlier decision to phase out this barbaric practice.\nIn times when Canadians are shocked at the abuse of wildlife in other parts of the world and demanding change, it is baffling that the Canadian government or any provincial government would allow this ridiculous, outdated, and unethical form of hunting or hunting training to continue.\nPenned hunting must stop.\n"
    },
    "86986": {
        "url": "/comment/86986",
        "comment": "I strongly oppose the training of dogs to hunt wildlife in penned facilities. Therefore, I reject the proposal to grant more licences for this purpose and propose that all existing penned training facilities be immediately shut down. Subjecting animals to terror and torment is cruel. Removing wild animals from their environment for this purpose is unethical and contrary to humane animal care.\nThink about your own dog or a child's pet rabbit. How can this be any different. How sad that some humans think the suffering of animals is of no consequence. As well, by increasing the prey drive of  pet dogs such animals will be more dangerous in all situations  and will be more likely to attack other pet dogs and cats they  encounter in general.\n"
    }
}