{
    "87618": {
        "url": "/comment/87618",
        "comment": "I completely and utterly reject the Ministry of Natural Resources and Forestry\u2019s proposal to allow new licenses and the transfer of licenses for train and trial areas in Ontario. This shouldn't even have to be said, as this \"technique\" was previously deemed unethical and has been phasing out since 1997, yet somehow it would seem a few people have disregarded animal welfare entirely by making this proposal.\nOntario should not be so complacent with throwing out the progress it has made over the past 25 years. Frankly I was absolutely disgusted to hear about this in the first place. Wildlife is already being disrupted and treated horribly in regards to habitat loss and pollution, and you seek to make it worse for them by allowing this kind of torture and captivity? The province still has 24 facilities that allow this, which should be closed immediately. No new applications should be opened, and those who made this proposal should take a step back and try to use a shred of empathy to re-evaluate their decision. Do not let Ontario become a province that does things like this so shamelessly. This is not the place. There is no place.\n"
    },
    "87623": {
        "url": "/comment/87623",
        "comment": "This is a backwards step in our own humanity, what you are encouraging and allowing here is a sport focused on killing a living creature. If you have a coyote/fox problem, then they can be hunted and killed without engaging in this torturing, chasing, and being ripped apart by dogs for sport and entertainment (this is what it is at the end of the day).\nPlease do not allow this to continue.\n"
    },
    "87624": {
        "url": "/comment/87624",
        "comment": "This practise is abhorrent and should not be reinstated. I firmly reject the Ministry of Natural Resources and Forestry\u2019s proposal to allow new licenses and the transfer of licenses for train and trial areas in Ontario.\nPenned dog hunting facilities are cruel to the wild animals who are subjected to various methods used to train dogs to hunt.\nWildlife should never be taken from their natural environments and held captive by hunters. It\u2019s especially cruel to use rabbits, coyotes, and foxes as pawns for hunters to train dogs and hold competitions.\nOpening applications for train and trial spaces after 25 years is a massive step backward into the past. These facilities have no place in Ontario. Instead of opening new applications, the province\u2019s existing 24 facilities need to be closed immediately. These wild animals do not deserve this, and it is a major step in the wrong direction.\n"
    },
    "87625": {
        "url": "/comment/87625",
        "comment": "The use of penned dog hunting facilities is cruel to wild animals who are subjected to various training methods used to teach dogs to hunt. It is inhumane to take wildlife from their natural environments and hold them captive for hunting purposes. Specifically, using rabbits, coyotes, and foxes as prey for training dogs and holding competitions is particularly cruel.\n"
    },
    "87628": {
        "url": "/comment/87628",
        "comment": "Why is this government going backwards?\nWildlife should never be taken from their natural environments and held captive by hunters. It\u2019s especially cruel to use rabbits, coyotes, and foxes as pawns for hunters to train dogs and hold competitions.\nOpening applications for train and trial spaces after 25 years is a massive step backward into the past. These facilities have no place in Ontario.\n"
    },
    "87629": {
        "url": "/comment/87629",
        "comment": "Penned dog hunting facilities are cruel to the wild animals who are subjected to various methods used to train dogs to hunt. It's 2023 bad you can't train dogs without using real wild animals? I could think of 5 ways to do it with current technology which wouldn't involve torturing and mutilating wild animals. This issue alone will prevent me from ever supporting another PC government in Ontario.\n"
    },
    "87631": {
        "url": "/comment/87631",
        "comment": "I firmly reject the Ministry of Natural Resources and Forestry\u2019s proposal to allow new licenses and the transfer of licenses for train and trial areas in Ontario.\nPenned dog hunting facilities are cruel to the wild animals who are subjected to various methods used to train dogs to hunt.\nWildlife should never be taken from their natural environments and held captive by hunters. It\u2019s especially cruel to use rabbits, coyotes, and foxes as pawns for hunters to train dogs and hold competitions.\nThe practice is embarassing and barbaric. Not only should new licenses not be issued, but steps should be taken to close the remaining open facilities.\n"
    },
    "87632": {
        "url": "/comment/87632",
        "comment": "I do not want these facilities in Ontario and I do not think they should be legal. It is cruel and inhumane to capture wild animals and remove them from their habitats in this way to be tortured and harassed by the dogs on site. This is animal cruelty, not a sport. This is an outdated practice and society needs to move forward, not backward. Consultation with environmental experts would indicate that Ontario does not need these facilities.\n"
    },
    "87633": {
        "url": "/comment/87633",
        "comment": "This proposal is inhumane, unethical and unnecessary. Keeping animals confined for purposes used to train dogs for sport is cruel, and there are many other methods available which do not involve inhumane treatment of animals. Please reconsider this proposal and utilize alternatives from certified dog trainers that do not involve senseless confinement and killing of animals. I do not agree with the ethics of this proposal.\n"
    },
    "87635": {
        "url": "/comment/87635",
        "comment": "I firmly reject the Ministry of Natural Resources and Forestry\u2019s proposal to allow new licenses and the transfer of licenses for train and trial areas in Ontario.\nPenned dog hunting facilities are cruel to the wild animals who are subjected to various methods used to train dogs to hunt.\nWildlife should never be taken from their natural environments and held captive by hunters. It\u2019s especially cruel to use rabbits, coyotes, and foxes as pawns for hunters to train dogs and hold competitions.\nOpening applications for train and trial spaces after 25 years is a massive step backward into the past. These facilities have no place in Ontario.\nInstead of opening new applications, the province\u2019s existing 24 facilities need to be closed immediately.\n"
    },
    "87637": {
        "url": "/comment/87637",
        "comment": "I reject the Ministry of Natural Resources and Forestry\u2019s proposal to allow new licenses and the transfer of licenses for train and trial areas in Ontario.\nThis is a horrific and cruel practice! It has no place in Ontario. This is no better than coq or dog fighting.\nClose the existing 24 facilities immediately.\nFor shame!\n"
    }
}