{
    "89089": {
        "url": "/comment/89089",
        "comment": "In learning of these centres,are the cottontail, snowshoe hare, red fox or coyote released and pursued by a single dog or a pack of dogs ?.Are these same animals kept apart from the pursuing dogs or are these in the same confined area and have no means of escape and will ultimately able to be caught up and be killed by the dogs ?.\n"
    },
    "89090": {
        "url": "/comment/89090",
        "comment": "I cannnot believe this government even allows such barbaric practices to exist let alone increasing them. Your work as a government must surely have more important issues to consider.Training dogs to kill other ceatures belongs in the past. The amount of time and brainpower it took to come up with this could have used in a much more caring and productive way. Very few people in Ontario will have use for this activity.As we have seen many times many official bills benefit only a select few.  Work on things that matter not catering  those who use their time to kill for fun\n"
    },
    "89091": {
        "url": "/comment/89091",
        "comment": "ERO number019-3685\nI apposed this new proposal because of its inhumane use of wild animals for bait in trials. I have hunting dogs and understand that the training process is important but their drive can be easily directed in other ways.\nThese facilities should be fazed out completely because the inspection process severely lacks proper assurance.\nSincerely,\nDS\n"
    },
    "89094": {
        "url": "/comment/89094",
        "comment": "What nonsense is this, completely unnecessary not to mention cruel. What a ridiculous waste of time and resources all so some members of the population have somewhere they can \u201ctrain their dogs\u201d\u2026go see a dog trainer. I\u2019m all for hunting as solution to a natural overpopulation issue but this isn\u2019t the case at all. Maybe prioritize actual issues and invest time/resources into real problems needing to be solved. All this screams is of the ministry trying to make a quick buck.\n"
    },
    "89096": {
        "url": "/comment/89096",
        "comment": "I support ERO #019-3685 Proposal to allow the issuance of licences for new dog train and trial areas and the transfer of licences as written. More training and trialing areas in Ontario will give hunters and sporting dog community members better access to these areas, giving them more opportunities to create well-trained dogs in safely enclosed and regulated areas, ensuring they have the ability to identify the correct game species when it comes to time to hunt.\nFurthermore, more training and trialing areas also contribute to local economies where they exist through hunter and competition participant travel and visiting expenses and provide a small business opportunity to people.\nLastly, getting outdoors to train your dog at a training and trialing area is a great way to be active and spend some quality time with your dog, something that can be very beneficial for physical and mental health. Not only is it great for the handler, but being able to give your dog the opportunity to exercise and work on their skills also makes for a happier dog with a higher quality of life.\nTraining and trialing areas are important to the sporting dog community and to Ontario\u2019s hunting heritage. For these reasons and more, I support the proposal. Thank you for the opportunity to provide my comments.\n"
    },
    "89098": {
        "url": "/comment/89098",
        "comment": "I am a 67 year-old Ontario resident. I have lived in Ontario my entire life. I have never heard of this practice. Just what is the necessity to \"train\" dogs to rip apart helpless, caged-in prey? How does this have anything to do with hunting? This is nothing but a blood sport for the entertainment of a few warped individuals. These areas must be closed, not extended. I strongly suggest you publish pictures of the mangled bodies of the prey, and see how much support you get. Or, change the policy to insist that Doug Ford and his ilk are present for these massacres, and publish pictures of them beside the corpses. I am not a prude, but what you are doing and encouraging here is outrageous.\n"
    },
    "89103": {
        "url": "/comment/89103",
        "comment": "The Ministry of Natural Resources and Forestry\u2019s proposal to allow new licenses and the transfer of licenses for train and trial areas in Ontario should be rejected.\nPenned dog hunting facilities are cruel to the wild animals involved.\nWildlife should never be taken from their natural environments and held captive.\nOpening applications for train and trial spaces after 25 years is a massive step backward into the past. These facilities have no place in Ontario.\nInstead of opening new applications, the province\u2019s existing 24 facilities need to be closed.\n"
    },
    "89106": {
        "url": "/comment/89106",
        "comment": "Keeping animals captive in limited space and exposing them to a hunting dog limits the capacity of the wildlife to cope. These wildlife will be in constant state of stress. Simply housing them yet exposing them to this exercise is a very low bar for welfare. This proposal should be transparent as to where the wildlife will come from and where the wildlife will go once they start developing abnormal behaviours. This looks like it could helpful to improve hunting accuracy but the ends does not justify the means.\n"
    }
}