{
    "85865": {
        "url": "/comment/85865",
        "comment": "This sickens me!!!   Capturing wildlife,  and putting rabbits in pens to \u201ctrain\u201d dogs ?   Animal cruelty personified.  Sounds like a dog fighting ring, where other animals get torn apart.  Shame on the government.  Instead of improving welfare for animals, they sink even lower.  Canada doesn\u2019t rank well in animal welfare (to put it mildly) and now the bar is set even lower.   Animals feel pain and fear.  You put animals in pens to be torn apart by dogs and call it competition and training?     I can\u2019t believe what I am reading.   God help the animals because Canada doesn\u2019t seem to care about them     I always hope that the laws would improve for animal protection,  but after reading this proposal, I feel sickened and know the people running the government have no humanity.   I hope this \u201cproposal\u201d gets on the news everywhere and people find out who exactly thinks this is okay\n"
    },
    "85866": {
        "url": "/comment/85866",
        "comment": "I am strongly opposing amendments to the Fish and Wildlife Conservation Act to allow new licenses for facilities that use captive foxes, coyotes and rabbits as bait to train hunting dogs.\nThis is an ugly proposal.  It is barbaric and cruel.  I do not know how this could even be contemplated in our society.  Please do not less this happen!\n"
    },
    "85867": {
        "url": "/comment/85867",
        "comment": "This should not be allowed. We had pet rabbits and they have personalities like a cat or dog.  They show affection and can be trained. It is not ethical to allow the purchasing of rabbits to be hunted. It\u2019s as bad as using rabbits for testing. I am appalled with many of the decisions made by this government.\n"
    },
    "85869": {
        "url": "/comment/85869",
        "comment": "Why would we willfully allow the trapping and enclosing of species with the specific intent to allow them to be in a fearful environment - one where they are pursued on a regular basis by animals they would not encounter regularly in their normal wild existence?\nI can understand completely why this was to be phased out and I support that initial plan wholeheartedly.\nThis is inhumane. Please do not allow this practice to carry on. Please do not allow a renewal period.\n"
    },
    "85870": {
        "url": "/comment/85870",
        "comment": "What is the point of creating a situation for extreme animal cruelty? The Ontario government is looking at a barbaric practice to satisfy a fringe group of wealthy or sadistic people.\nKilling animals in a confined area should be against the law! I cannot imagine the fear and pain the prey would experience.\nThere is no need for this proposal. It is cruel. It also would also encourage training dogs to be  violent. It would encourage animal abuse across the board.\nThis proposal is unnecessary and vile. Coyotes, foxes and rabbits do not deserve to be killed for sport.\n"
    },
    "85871": {
        "url": "/comment/85871",
        "comment": "The very situation of having coyotes and red foxes in captivity is not 'humane' when they are used to train dogs learning to hunt them.\nAlthough it says that  \"These areas are regulated under the Fish and Wildlife Conservation Act, 1997 (FWCA), and persons must obtain a licence to own and operate a train and trial area and meet regulatory requirements including:    standards of care for wildlife\n                                                                 minimum standards for facility size and areas of wildlife refuge\nI don't believe that anyone will be closely monitoring the standards of care for wildlife. Who has the time and money to inspect and to enforce regulation?  The focus of a train and trial area is not on the wildlife at all, but on their clients who are paying them money to provide this 'service'. The wildlife here are simply being sacrificed in an inhumane way.  Will anyone care if the wildlife is injured by a dog? I guarantee that the 'sport hunters' and those that provide these services do *not* care about the welfare of wildlife in the least.\nDo not make more of this available. I'm shocked and dismayed that any of these train and trial areas exist in the first place.\n"
    },
    "85872": {
        "url": "/comment/85872",
        "comment": "I'm a resident of Ontario and I take strong exception to the idea of licensing facilities to train domestic dogs to hunt wild animals. It's irrelevant that this practice has occurred in the past, we are meant to improve our ethical behaviours over time, and tormenting coyotes or other animals by subjecting them to attacks by dogs is not ethical. I'm not opposed to hunting for meat; I assume the vast majority of hunters consider it a priority to kill an animal with minimal pain and suffering. Using dogs for the purpose of hunting is just cruel. Full stop.\n"
    },
    "85874": {
        "url": "/comment/85874",
        "comment": "I firmly reject the Ministry of Natural Resources and Forestry\u2019s proposal to allow new licenses and the transfer of licenses for train and trial areas in Ontario.\nPenned dog hunting facilities are cruel to the wild animals that are subjected to various methods used to train dogs to hunt.\nWildlife should never be taken from their natural environments and held captive by hunters. It\u2019s especially cruel to use rabbits, coyotes, and foxes as pawns for hunters to train dogs and hold competitions.\nOpening applications for train and trial spaces after 25 years is a massive step backward into the past. These facilities have no place in Ontario.\nInstead of opening new applications, the province\u2019s existing 24 facilities need to be closed immediately.\n"
    },
    "85875": {
        "url": "/comment/85875",
        "comment": "Absolute stupidity. Dogs won\u2019t stand a chance against coyotes. The coyotes will attack the dogs quicker and more gruesome than the dogs will attack the coyotes. ONE OF THE BIGGEST AND STUPIDEST MISTAKES FORD GOVERNMENT HAS EVER MADE.\nTHIS IS BACKFIRE AGAINST THEM ROYALLY!\nDO NOT DO THIS. SAFE THE DOGS AND SAVE ONTARIO PLACE\n"
    },
    "85877": {
        "url": "/comment/85877",
        "comment": "This is horrible. The cruelty and aggression never ends with this government. Baiting with animals to cull other animals is disgusting. Training aggression into any domesticated creature will only lead to someone or a pet being seriously injured or killed. Not only that, but encouraging more humans to kill animals and train animals to kill will lead to a further erosion of society by becoming numb to loss of life and pain and suffering of another being.\nWe have pushed animals out of their homes, and now you want to hunt them down? How about keeping protected spaces so that the wildlife can have their homes too.\nThere just is no bottom to the dark hole of the conservative government.\n"
    },
    "85878": {
        "url": "/comment/85878",
        "comment": "This proposal is backward thinking. It is barbaric and cruel. This government has done nothing to show it has reverence for living things or living greenspaces. It consistently supports the opposite.\nPutting this proposal in place  to prevent the behaviour from going underground is a weak response and suggests that this cruel sport is acceptable. 1000 yrs ago it might have been. Be progressive, learn from history, encourage kindness and compassion towards living things and DO NOT support this activity.\nIt sickens me to know there are people who think this is some sort of sport and further angers me that this government would entertain this proposal. It\u2019s barbaric! Stop it!\n"
    },
    "85880": {
        "url": "/comment/85880",
        "comment": "STOP STOP STOP \u270b\nI cannot comprehend HOW\u2026 after cosmetics testing on animals is banned, how, finally, our marine life is NOT being showcased and dying for our amusement\u2026HOW are we sanctioning putting rabbits, foxes and wolves through daily torture? What the hell are you thinking ? Or are you thinking beyond your greased palms? Sickening!\n"
    }
}