{
    "87530": {
        "url": "/comment/87530",
        "comment": "These facilities should be illegal.  This is animal cruelty plain and simple.  Disgusting that anyone would consider this a 'sport'.  I can't torture and kill a rabbit or coyote on my property without animal cruelty charges (and I would never ever want to) so why are these facilities allowed to exist and possibly expand.\nSociety should do everything possible to protect wild animals, they have a place within the ecosystem and should never be subjected to this kind of torture, for the amusement of humans.  If you want your dog to chase coyotes or rabbits away from your crops, they can be trained without resorting to torture of animals, whether wild 'caught' or raised for this purposed (a whole other area of extreme animal torture).\nNaturalist experts and environmental diversity experts should be consulted and they would explain why this practice is as outdated as dog fighting or bull running and should be banned.\nSociety needs to evolve to be more compassionate and accepting of the rich diversity of our ecosystems and relegate the torture of animals for human pleasure in the distant past.  We are better than this and our laws should reflect this.\n"
    },
    "87531": {
        "url": "/comment/87531",
        "comment": "This is a highly unethical, cruel, and outdated practice which should not be permitted to continue at all.  What a barbaric process to still be enacting this in 2023.  How shameful to turn a blind eye to the suffering of certain animals you deem unworthy.  End this inhumane practice now, I'm ashamed that we've let it go on this long.\n"
    },
    "87532": {
        "url": "/comment/87532",
        "comment": "I unequivocally oppose the Ministry of Natural Resources and Forestry's proposition to authorize new licenses and the transfer of licenses for train and trial zones in Ontario. In this day and age, how can we condone the repugnant practice of using captive animals as mere pawns for \"training and trialing\"? It is a cruel and inhumane practice with no real benefits. I firmly believe that not only should there be no additional licenses granted, but this practice must be abolished entirely.\n"
    },
    "87533": {
        "url": "/comment/87533",
        "comment": "Wildlife should never be taken from their natural environments and held captive by hunters. It\u2019s especially cruel to use rabbits, coyotes, and foxes as pawns for hunters to train dogs and hold competitions.\nCertainly the health, safety and lives of these animals hold more value than sport. Dogs in competitions are not necessarily treated well either, being hit or shocked into compliance. Animal abuse and disregard for animal welfare all around. Please look at other options and make sure you have effective ways of making sure the training dogs are being treated well and without violence.\n"
    },
    "87534": {
        "url": "/comment/87534",
        "comment": "Wildlife should never be taken from their natural environments and held captive by hunters. It\u2019s especially cruel to use rabbits, coyotes, and foxes as pawns for hunters to train dogs and hold competitions.\nOpening applications for train and trial spaces after 25 years is a massive step backward into the past. These facilities have no place in Ontario.\nInstead of opening new applications, the province\u2019s existing 24 facilities need to be closed immediately.\n"
    },
    "87536": {
        "url": "/comment/87536",
        "comment": "I do not support this.\nThe practice is animal cruelty. It does not matter if they are \u201cpest animals\u201d or dangerous. Animals can be culled and their populations controlled in ways that are humane.\nOnce again this government disappoints with its dollars over everything attitude. Can\u2019t wait for the next provincial election. Ontario used to be such a great place to live, but now we\u2019re talking about torturing wildlife with dogs.\nShameful.\n"
    },
    "87542": {
        "url": "/comment/87542",
        "comment": "I am very much against the Ministry of Natural Resources and Forestry\u2019s proposal to allow new licenses and the transfer of licenses for train and trial areas in Ontario. These are cruel to the rabbits, coyotes, and foxes trapped, held captive and used for hunters to train dogs and hold competitions. Reopening applications for train and trial spaces after 25 years is a massive step backward. Instead of opening new applications, the province\u2019s existing facilities should be closed.\n"
    },
    "87545": {
        "url": "/comment/87545",
        "comment": "These facilities should be illegal. This is animal cruelty plain and simple. Disgusting that anyone would consider this a 'sport'. I can't torture and kill a rabbit or coyote on my property without animal cruelty charges (and I would never ever want to) so why are these facilities allowed to exist and possibly expand.\nSociety should do everything possible to protect wild animals, they have a place within the ecosystem and should never be subjected to this kind of torture, for the amusement of humans. If you want your dog to chase coyotes or rabbits away from your crops, they can be trained without resorting to torture of animals, whether wild 'caught' or raised for this purposed (a whole other area of extreme animal torture).\nNaturalist experts and environmental diversity experts should be consulted and they would explain why this practice is as outdated as dog fighting or bull running and should be banned.\nSociety needs to evolve to be more compassionate and accepting of the rich diversity of our ecosystems and relegate the torture of animals for human pleasure in the distant past. We are better than this and our laws should reflect this.\n"
    }
}