{
    "84722": {
        "url": "/comment/84722",
        "comment": "I oppose!!!!\nFoxes, coyotes, and rabbits are captured and held in captivity until they are used as bait to train hunting dogs. This is barbaric!  Please stop catering to the requests of sadistic hunters, admit that you allow more and more unacceptable suffering of sentient beings and stop this!\nHalt this proposal to allow new licenses and the transfer of licenses for dog train and trial areas in Ontario.\nWildlife should never be taken from their natural environments and held captive by these killers, it is inhumane to use wildlife like rabbits, coyotes, and foxes as bait for hunters to train their dogs to tear them apart.\nThis again is a huge step backward for society, people, children, teenagers, the correct example to show a humane, ethical approach towards precious wildlife is lacking again! . These over 24 facilities have no place in Ontario and need to be closed!\n"
    },
    "84724": {
        "url": "/comment/84724",
        "comment": "I am opposed to this. Why should our government allow what amounts to cruelty to wildlife for the entertainment of relatively few individuals? I would wager that the hunting done with dogs is nothing more than a hobby and has nothing to do with obtaining necessary nutrition. Legislation like this supports what should be outdated cultural norms.\n"
    },
    "84726": {
        "url": "/comment/84726",
        "comment": "Please do not allow this to pass. This practice is inhumane and unethical for wildlife and only caters to the desire and benefits of hunters.\nWildlife needs all the help we can give them as we continue to remove native habitats and replace with non native landscapes. Wildlife are relentlessly pursued by hunters as it is.\nPlease do not pass this!\nYou are proposing that trapped coyotes can be used for this practice? Trapping is so painful and stressful to an animal.  To be trapped and then held in captivity for the purposes of training is inhumane.\nPlease do not pass this.\n"
    },
    "84727": {
        "url": "/comment/84727",
        "comment": "I have just read of the plan to train dogs to run down  wildlife who will be used for bait and I am disgusted and appalled. Such human centricity is truly loathsome. Animals do not exist for the barbaric purposes of people and in my opinion, hunters have far more power than they should. To hunt down wildlife so they can be kept in captivity until they are given to the dogs to tear apart is not just cruel but irresponsible. They are not merely disposable objects but are living and feeling beings and there does not  need to be scientific facts to speak of because it is an ethical issue. Is this what Ontario thinks is a good plan? It says a lot about not just Ontario but too many of the people there. I live where hunters also have a lot of leeway and do despicable things. I would like to think that people are getting better but too often I find the opposite for many. The facilities that sadly are already set up but that does not mean they should last. I suspect the dogs too will be treated like disposable objects if they do not perform well as hunting dogs often are. Canada has many beautiful aspects and places. I have been to St. Joesph's Island more than once but Ontario shows its ugly side here but Canada has done that before. No country is perfect and there is a vast need everywhere for the better treatment of all animals.As I have said many times, humans are not special or the most/only important species but merely the one with the power-power that is too often abused.  I would not mind giving my name as I do not ever want to hide what I think but I just do not feel like registering right now.\n"
    },
    "84728": {
        "url": "/comment/84728",
        "comment": "How can this barbaric practice be allowed to be continued in its present form, never mind expanding it?\nShut them all down..NOW!\nAllowing wild animals to be tortured to death....in this day and age.\nThrow this proposal into the garbage and never let it see the light of day again.\nThis is appalling.\nPeople want to train their dogs to kill? Let them practice on their owners!!!!\n"
    },
    "84733": {
        "url": "/comment/84733",
        "comment": "I am shocked to see this article. We are in an age where we should be learning and advancing, not moving in reverse. This is both cruel and disturbing to know that you might decide to allow such a thing to happen. Ignorance is the only reason!\nPlease do not allow this to happen. Have you learned nothing from world history? Animals are not here for us to control, hurt, consume or anything else. People in this country are already disappointed with the decisions our government are making. In that sense, this proposal isn't a shock. However it's not something we'd be proud to stand for. And we would hope it never comes to fruition.\n"
    },
    "84734": {
        "url": "/comment/84734",
        "comment": "I firmly reject the Ministry of Natural Resources and Forestry\u2019s proposal to allow new licenses and the transfer of licenses for train and trial areas in Ontario.\nPenned dog hunting facilities are cruel to the wild animals that are subjected to various methods used to train dogs to hunt.\nWildlife should never be taken from their natural environments and held captive by hunters. It\u2019s especially cruel to use rabbits, coyotes, and foxes as pawns for hunters to train dogs and hold competitions.\nOpening applications for train and trial spaces after 25 years is a massive step backward into the past. These facilities have no place in Ontario.\nInstead of opening new applications, the province\u2019s existing 24 facilities need to be closed immediately. Thank you.\n"
    },
    "84737": {
        "url": "/comment/84737",
        "comment": "I firmly reject the Ministry of Natural Resources and Forestry's proposal to allow new licenses and the transfer of licenses for train and trial areas in Ontario. This practice is barbaric and subjects sentient animals to experience immense fear, distress, pain, cruelty and torture. This is a massive step backward into the past and has no place in Ontario. The provinces 24 existing facilities should also be closed immediately.\n"
    },
    "84742": {
        "url": "/comment/84742",
        "comment": "The OFAH supports the proposal. Please see the included comments submission for additional information. Thank you.\n"
    },
    "84743": {
        "url": "/comment/84743",
        "comment": "This is non sense and really cruel to wild animals and not necessary, thus, I firmly reject the Ministry of Natural Resources and Forestry\u2019s proposal to allow new licenses and the transfer of licenses for train and trial areas in Ontario.\nIt\u2019s enough that we are already subjecting wild life to the destruction of their natural habitat with expansion of cities, Wildlife should never be taken from their natural environments and held captive by hunters. It\u2019s especially cruel to use rabbits, coyotes, and foxes as pawns for hunters to train dogs and hold competitions.\nOpening applications for train and trial spaces after 25 years is a massive step backward into the past. These facilities have no place in Ontario.\nInstead of opening new applications, the province\u2019s existing 24 facilities need to be closed immediately.\n"
    },
    "84750": {
        "url": "/comment/84750",
        "comment": "I firmly reject the Ministry of Natural Resources and Forestry\u2019s proposal to allow new licenses and the transfer of licenses for train and trial areas in Ontario.\nMany countries in Europe (including Great Britain) have banned these facilities and hunting methods decades ago. Not only is chase hunting with dogs a cruel and barbaric hunting method, it also has detrimental impacts on the ecosystem. If white-tailed deer for instance are constantly being harassed by dogs chasing through their habitat, the deer will abort their fetuses when stressed even though the deer are not the target of the hunt. Also this hunting method has a dreadful impact on ground nesting birds, who will abandon their nests and nesting grounds. Since coyote hunting started around 2017 in our area, we hardly have any wildlife left. Coyote hunters often hunt continuously and the same area for months on end.\nMany of these so called coyote hunters never bother asking landowners for permission to run their dogs on their property. They just do it. Where I live in Eastern Ontario near Smiths Falls, hunting dogs have almost caused several collisions on busy highway 43! Is it really worth the risk of causing a serious collision worth satisfying the needs of a handful of hunter?\nFurthermore, coyotes are a vital part of the ecosystem to thin out sick and diseased animals like deer with chronic wasting disease\nAs many countries around the world have realized the negative impact of chase hunting with dogs has on the ecosystem as well as how utterly cruel and outdated this hunting method is, Ontario apparently wants to revert to the middle ages!\nUsing dogs as bait to train fighting dogs is illegal, so why are these so called training facilities not illegal as well??? They are both the same.\n"
    },
    "84758": {
        "url": "/comment/84758",
        "comment": "As a tax payer in Ontario  I would like to stop the transfer of  licences for new dog  training  and trail areas\n"
    },
    "84759": {
        "url": "/comment/84759",
        "comment": "People around the world are working tirelessly on behalf of conservation and yet these disgusting practices are being allowed, if not encouraged. There is no way these training camps should be permitted in Ontario or even Canada .\nAny money involved should be put towards preserving wetlands or other endangered habitats that our wild life can flourish.\n"
    }
}