{
    "89624": {
        "url": "/comment/89624",
        "comment": "As humans we are expected to show compassion and respect.  This is a SPORT, this is not for the non-existent coyote and fox meat markets.  We need to be better and cruelly treating wild animals this way is NOT the answer.   This is purely for the hunter's entertainment, which is VERY disturbing.\nThe use of caged foxes, coyotes and rabbits is pure animal cruelty, is this what your government is actually proposing?  Do you not realize how cruel this is?  And, all for the sake of less than 200,000 of Ontario's population who hunt?\nBefore this is past, which is truly mind boggling, I think each of the supporters should be placed in a cage or pen and have the hunting dogs threaten them.  If they still feel that this is an acceptable practice, then I will give full support.\nOtherwise, this is pure animal cruelty and you should be ashamed that you believe this is okay.\nI am fully willing to discuss my views if you would like to reach out.\nShame on you.\n"
    },
    "89625": {
        "url": "/comment/89625",
        "comment": "I do not support this proposal as it encourages animal cruelty. This practice has similarities to dog fighting. This archaic practice was to be phased out in 1997 when the FWCA declared new licenses would not be issued. Rather than continuing to phase it out, the proposed change will make this inhumane practice more prevalent. Absolutely disgusting.\n"
    },
    "89626": {
        "url": "/comment/89626",
        "comment": "Why on earth would the govt allow animal abuse because this is what this is! This is a barbaric practice! Why in 2023!! This is also dangerous to the public! I don't understand our govt at all!!! Why do we have BSL when this is allowed!!! How bout instead lifting BSL which is based on appearance! Its infuriating our gov't is allowing this to happen! Stop the insanity!!! The public does not want this!!\n"
    },
    "89627": {
        "url": "/comment/89627",
        "comment": "I\u2019m disgusted and appalled by this proposed change. I\u2019m a Canadian citizen and homeowner in Ontario. I do not support caging wildlife for the purpose of hunting or any proposal that reduces protections for animals. We are in a climate crisis as acknowledged at all levels of government, this is contrary to environmental protection and sets us back as a province of adopted.\n"
    },
    "89629": {
        "url": "/comment/89629",
        "comment": "I firmly reject the Ministry of Natural Resources and Forestry\u2019s proposal to allow new licenses and the transfer of licenses for train and trial areas in Ontario. It is completely barbaric and inhumane to the wild animals that are capture and tortured for sport.\nWildlife should never be taken from their natural environments and held captive by hunters. It\u2019s especially cruel to use rabbits, coyotes, and foxes as pawns for hunters to train dogs and hold competitions.\nOpening applications for train and trial spaces after 25 years is a massive step backward into the past. These facilities have no place in Ontario, and instead of opening new applications, the province\u2019s existing 24 facilities need to be closed immediately.\nI truly regret living in a province that has breed specific legislation, but is willing to open applications to allow such a barbaric program to expand.\n"
    },
    "89630": {
        "url": "/comment/89630",
        "comment": "This is ridiculous wildlife does not deserve to be destroyed or used for sport. Without their conservation humans wouldn\u2019t exist. It is up to us to protect them. Using them as target practice is inhumane and cruel. They deserve to be free and to live their life too. All life on earth is precious and we must protect it at all costs!\n"
    },
    "89632": {
        "url": "/comment/89632",
        "comment": "I disagree wholeheartedly with this proposal. As a lover of all creatures, I do not feel the use of dogs to hunt wildlife is appropriate, and the trapping of wildlife within these hunt areas is simply inhumane.\nNowhere in the proposal does it address the emotional and mental suffering of the wildlife involved. We cannot abuse one species at the whim of another.\nDogs have ample opportunity for exercise and training via other methods.\nThese areas should continue to be phased out, with licenses expiring if license holders are aged out.\nPlease consider the welfare of all creatures affected by this proposal.\nThank you.\n"
    },
    "89634": {
        "url": "/comment/89634",
        "comment": "\u2022Please do not allow this proposal to pass. It is cruel and unethical. I know I may sound extreme to you because I don't support hunting either, but trapping and holding sentient creatures for the purpose of sport and training dogs to hunt is unforgivable.\nThey are able to feel pain and fear just like you and I, and no human being should wield the power to condemn another life to such conditions. Things happen in nature, fine, but this is an active choice you are holding in your hands about putting a sentient being through a life, not a moment.\nPlease do not pass this. Surely it's not crucial to train hunting dogs, maybe there are other issues you could turn towards.\n"
    },
    "89641": {
        "url": "/comment/89641",
        "comment": "Second attempt to append a document:  was unable to append as was not registered.  Have registered and am appending now. Please disregard previous attempt.\nPlease see appended letter from CVMA in support of OVMA submission regarding proposed changes to the Fish and Wildlife Conservation Act on dog train and trial areas.\ncontent summary is:\nThe Canadian Veterinary Medical Association supports the submission of the Ontario Veterinary Medical Association regarding proposed change to the Fish and Wildlife Conservation Act as it relates to dog train and trial areas.\nThe proposed changes as described would result in increasing numbers of captured and relocated wildlife being subjected to significant suffering, injury and distress.\nThe CVMA holds that the hunting of captured, relocated and penned prey animals by dogs for any purpose is inhumane and we provide examples of other organizations and legislation that have addressed this.\nThe welfare of animals is increasingly important to the majority of Canadians, and this includes wildlife under the authority and care of the various levels of government.\n"
    },
    "89642": {
        "url": "/comment/89642",
        "comment": "I find this proposal disgusting and reprehensible. Why would we ever go back in time and reintroduce a practice Ontario deemed inhumane and fit to be wound down TWENTY FIVE years ago. This is not leadership;  this is an embarrassment and makes our province a mockery to the world. This is just animal cruelty and a totally inhumane way to \u201chunt\u201d.  The government should be ashamed and embarrassed for even considering this. Grow up and learn how to lead or let someone else who is an actual adult decision maker do it.\n"
    },
    "89643": {
        "url": "/comment/89643",
        "comment": "You cannot be serious. This is literally barbaric.\nWildlife is under threat already from urban development and human interaction. There is literally NO REASON to imprison wild creatures, let alone for this asinine exploitation\nI will follow this and ensure that anyone supporting this insane proposal will never get my vote\n"
    }
}