{
    "86288": {
        "url": "/comment/86288",
        "comment": "This has to be the sickest, most demonic plan ever to be proposed in Ontario.\nThis proves that the Doug Ford dictatorship is cruel, heartless and even worse than that disaster, MIke Harris.\nDoug Ford must be smoking all the drugs that he once sold on the street. This is utter insanity.\nPlease burn up this file ASAP and imagine that it never happened.\n"
    },
    "86289": {
        "url": "/comment/86289",
        "comment": "I strongly oppose the Ministry of Natural Resources and Forestry\u2019s proposal to allow new licenses, and transfer of existing licenses for dog train and trial areas in Ontario. It is inhumane to use rabbits, coyotes and foxes as bait to train dogs. The existing 24 facilities that currently run should be closed. There is no place for this cruelty in our society. Thank you\n"
    },
    "86290": {
        "url": "/comment/86290",
        "comment": "This is disgusting as are the people who propose it.  Citizens are donating to support and protect wildlife.  Is it not enough that we are developing the Greenbelt and the area surrounding Hudson Bay, WE ARE DESTROYING THEIR HABITAT.  Hunting is violent enough.  People will train the dogs to kill, and when they turn and hurt children and domestic/companion animals, the public outcry will be predictable.  Is this any different than a police dog biting a criminal or citizen.  How do they know the difference.  This is barbaric.  Is this the best this province can do??  Shame on the Ministers of the Environment and Natural Resources.\n"
    },
    "86291": {
        "url": "/comment/86291",
        "comment": "Absolutely not. A barbaric idea for this day and age. Instead of licensing more you should be immediately closing the existing facilities. Wildlife should be left in their natural environment protected from these idiotic human interventions. Don't we have enough wild animals suffering in captivity for the sole purpose of entertaining humans??\n"
    },
    "86292": {
        "url": "/comment/86292",
        "comment": "I strongly oppose the Ministry of Natural Resources and Forestry\u2019s proposal to allow new licenses, and the transfer of existing licenses, for dog train and trial areas in Ontario.\nPenned dog hunting facilities are cruel to the wild animals used to train dogs to hunt.\nWildlife should never be taken from their natural environments and held captive by hunters.\nIt is inhumane to use rabbits, coyotes, and foxes as bait to train dogs.\nNew licenses for dog train and trial facilities are a huge step backward for society. These facilities have no place in Ontario.\nInstead of allowing new applications, the province\u2019s existing 24 facilities need to be closed immediately.\n"
    },
    "86293": {
        "url": "/comment/86293",
        "comment": "I strongly oppose the Ministry of Natural Resources and Forestry\u2019s proposal to allow new licenses, and the transfer of existing licenses, for dog train and trial areas in Ontario.\nPenned dog hunting facilities are cruel to the wild animals used to train dogs to hunt.\nWildlife should never be taken from their natural environments and held captive by hunters.\nIt is inhumane to use rabbits, coyotes, and foxes as bait to train dogs.\nNew licenses for dog train and trial facilities are a huge step backward for animal welfare. These facilities have no place in Ontario. Instead of allowing new applications or the transfer of existing licenses, the province\u2019s existing 24 facilities need to be closed.\n"
    },
    "86295": {
        "url": "/comment/86295",
        "comment": "I am appalled that the Ontario Government would even consider granting new licenses for these disgusting training areas and I am 100% opposed to them.\nWhat in god's name gives any of us the right to torture, abuse and murder innocent animals in this way?? Shame on you, Doug Ford, your entire government and especially shame to all those who have participated in this abhorrent practice!!!!!\nThese so called training areas are nothing more than a license to murder AND THEY NEED TO BE SHUT DOWN COMPLETELY!!!!!!!!!!!!\n"
    },
    "86301": {
        "url": "/comment/86301",
        "comment": "Dear Enviromental Registry of Ontario Survey Officials,\nIt is our opinion that granting new licenses for dog training and trial facilities is a huge step backward for Canadian society. These facilities have no place in Ontario. Instead of allowing new applications, Ontario's existing 24 facilities need to be closed immediately!\nWe strongly oppose the Ministry of Natural Resources and Forestry\u2019s proposal to allow new licenses, and the transfer of existing licenses, for dog training and trial areas in Ontario.  Penned dog hunting facilities are cruel to the wild animals used to train dogs to hunt and an example of a bloodthirsty activity imagined by humans to entertain themselves and has absolutely no place in civilized society.\nWildlife should never be taken from their natural environments and held captive by hunters.\nIt is inhumane to use rabbits, coyotes, and foxes as bait to train hunter's dogs. Wildlife abuse, for the entertainment of some humans and a source of money making activities for others, should never be sanctioned and permitted by the Canadian or Ontario provincial government or their Ministries.\n,\n"
    },
    "86302": {
        "url": "/comment/86302",
        "comment": "The use of wildlife for the process of training hunting dogs must stop.  This inhumane practice is barbaric and needs to be phased out immediately.  I fully support a transition of training hunting dogs that does not affect innocent wildlife, to not murder and harm animals that should be allowed to live and thrive in the wild without disturbance.\nPlease refer to the Change.org petition that has over 115K signatures supporting the same viewpoint:\nhttps://www.change.org/p/to-hon-rod-phillips-minister-of-the-environmen\u2026\nStop killing innocent wildlife!\n"
    },
    "86303": {
        "url": "/comment/86303",
        "comment": "I strongly object to this proposal on the grounds that these facilities inhumanely treat the \"bait\" animals by allowing the dogs they are \"training\" and \"trialing\" to terrorize these innocent animals, all in the name of cruel sport.\nCoyotes, foxes and rabbits are intelligent and sentient beings -- the cruel practice of using them as \"bait\" for hunting dogs is barbaric and to allow its expansion as proposed by the Ontario Conservatives will signal to the public that animal cruelty is permissible as it is being promoted and encouraged by this government.\n"
    },
    "86306": {
        "url": "/comment/86306",
        "comment": "To who it may concern,\nThis type of training is inhumane to the wild animals this will effect. Foxes, rabbits and coyotes should not be used as bait to assist hunters in training their dogs. This is inhumane and not right. All animals deserve the right to live in their natural habitat and not be captured to have another animal hunt and kill them. Thank you\n"
    },
    "86307": {
        "url": "/comment/86307",
        "comment": "I strongly oppose the Ministry of Natural Resources and Forestry\u2019s proposal to allow new licenses, and the transfer of existing licenses, for dog train and trial areas in Ontario.\nIt is inhumane to use rabbits, coyotes, and foxes as bait to train dogs. Wildlife should never be taken from their natural environments and held captive by hunters.\nNew facilities are a huge step backward for society. These facilities have no place in Ontario. Instead of allowing new applications, the province\u2019s existing 24 facilities need to be closed immediately.\n"
    },
    "86308": {
        "url": "/comment/86308",
        "comment": "These proposed amendments to the Fish and Wildlife Conservation Act that would allow foxes, coyotes, and rabbits to be trapped and then held captive and used as bait to train hunting dogs in Train and Trial facilities is clearly unconscionable, cruel , inhumane, unethical and unacceptable. The proposed goal is not a compelling one; just so that the dogs become accustomed to tracking wildlife for hunting as a sport/recreational activity and for hunting competitions? That is not an outcome necessary enough to justify the obvious inhumane treatment of the captive animals - who have no quality of life or chance at escape. Captive foxes suffer in captivity ( https://montreal.ctvnews.ca/opinion-a-call-to-end-fur-farms-and-stop-cr\u2026 ). Why would it be any more acceptable to torment them for training dogs for sport than it is for fur farming?\nIt would not be considered acceptable for farmed animals to be routinely subjected to stress and cruelty before slaughter for food. Why then would that be acceptable to subject wildlife to? The foxes, coyotes and rabbits are not even being hunted to feed hungry humans - merely as 'recreation'. There are other things that dogs can be trained to do that would be far more useful and even noteworthy - ex. track and rescue ( https://canadiansearchdog.com/training/training-your-dog-to-search.html , https://osarva.ca/k9/ https://www.ovsarda.on.ca/ https://downsviewvethospital.com/news/search-and-rescue-dogs ).\nWith good reason, in 1997 the decision was made not to allow any more of these facilities to be created. It was a former Conservative government who started the phase out. There can be no new compelling reason strong enough to make it suddenly more ethical or acceptable now - 26 years later, to continue to trap and keep wildlife captive in enclosed pens only so that hunters can train dogs to hunt and to run 'competitions' for hunting dogs.There is no ethical or moral reason that can justify why these facilities should continue to operate, much less to continue to exist.\nI strongly oppose the Ministry of Natural Resources and Forestry\u2019s proposal to allow any new licenses to operate these penned dog hunting facilites, and to allow the transfer of existing licenses, for dog train and trial areas in Ontario. As a taxpayer and voter in Ontario I urge you this government to reject this proposal and refuse to give it force in law or policy.\nPenned dog hunting facilities are very clearly by design and nature extremely cruel, inhumane and unacceptable treatment of the wild animals kept captive and then hunted where they have no 'sporting' chance whatsoever. The animals that will be exploited in this proposal are fellow creatures who play important integral parts in the ecosystem we are also a part of, and deserve to be treated with respect and care as conscious living beings who deserve to exist and not be exploited or tormented - they are not merely inanimate 'resources' to be callously used, abused and killed. Have we not come to realize that nature is not ours to exploit at will?\nHunting does not control coyote and fox populations ( ex. https://www.npr.org/2019/06/14/730056855/killing-coyotes-is-not-as-effe\u2026 , https://www.humanesociety.org/resources/why-killing-coyotes-doesnt-work ,  https://www.scientificamerican.com/article/why-killing-coyotes-doesn-rs\u2026, ). \".Ministry of Natural Resources and Forestry research scientist Brent Patterson said he\u2019s studied wolves and coyotes extensively over the last 15 years, including control methods. The short answer on bounties is they don\u2019t work. It wasn\u2019t for lack of trying; records show that Ontario spent the equivalent of $850,000 in today\u2019s dollars on its coyote bounty back in 1918, he said.....\" So there is no compelling reason to train dogs to hunt them.\" ( https://farmersforum.com/coyotes-a-problem-but-a-bounty-isnt-the-answer\u2026 'Coyotes a problem but a bounty isn\u2019t the answer says researcher' June 01, 2018, Farmers Forum 'The largest circulation farm newspaper in Ontario, Canada' ), https://www.cbc.ca/news/canada/edmonton/bounties-on-wolves-and-coyotes-\u2026\nBy Connor Lynch ).\nThe trapping involved will undoubtedly also catch other species of animals that are not coyotes, rabbits, or foxes - including potentially protected or endangered species, and domestic animals such as dogs. The argument that otherwise this activity would 'move underground' is without merit. If it were true, then that implies that the majority of those training hunting dogs or entering competitions for sport are otherwise willing to participate in illegal activities. That doesn't sound like 'sport'. Making it legal to do this does not make it acceptable.\nThis 'sport' can attract illegal and illicit activity, and there is the question of the methods used and treatment of the dogs being 'trained'; i.e. \"...Dogs used to chase down canids are equipped with GPS and shock collars while their handlers track the dogs from their vehicles. ..\".. ) https://www.facebook.com/TCCEinc/ ). And environmental, health and legal concerns;\nPenning wildlife and forcing wildlife into contact with humans and domestic animals such as dogs can foster and spread disease and parasites to humans, dogs, coyotes, foxes, and other wildlife; for ex. see growing concern about Echinococcus multilocularis Infection - present and growing in Southern Ontario, according to the US CDC; \".typically fatal in humans and dogs when left untreated. Since 2012, alveolar echinococcosis has been diagnosed in 5 dogs, 3 lemurs, and 1 chipmunk in southern Ontario, Canada, a region previously considered free of these tapeworms.\"...\"...In humans and dogs, AE is typically fatal when left untreated. The E. multilocularis tapeworm has a wide distribution in the Northern Hemisphere, including extensive endemic regions in North America, Europe, and Asia (1), and is usually maintained in a life cycle that involves 2 mammalian hosts. Wild canids (e.g., foxes and coyotes), dogs, and (less commonly) cats act as definitive hosts, which harbor adult parasites in the small intestine without apparent clinical disease.....\"......\nhttps://wwwnc.cdc.gov/eid/article/25/2/18-0299_article . We have barely been able to fight off one pandemic - likely caused by the farming, penning and harvesting of wild animals and increased human contact with wildlife is a recipe for another disastrous but entirely foreseeable zoonoses https://www.who.int/news-room/fact-sheets/detail/zoonoses https://www.hsi.org/wp-content/uploads/2020/12/HSI-white-paper-on-fur-p\u2026 .\nI do not believe that you will find a majority of current mainstream veterinarians or animal specialists or biologists who would agree that this proposal has any ethical merit whatsoever.  One employed or speaking for a special interest hunting group - has an inherent conflict of interest.\nPlease do the right, the humane, the ethical and the scientifically informed thing and turn down the MNR's proposal, and phase out these trap and train facilities entirely, asap.\nSincerely,\nAn Ontario taxpayer, resident and voter.\n"
    },
    "86309": {
        "url": "/comment/86309",
        "comment": "I oppose the proposal to allow new licenses, and the transfer of existing licenses, for dog train and trial areas in Ontario.  We should not be keeping wild life like foxes and rabbits captive just so they can be \"hunted\" in an enclosed space where the wild animals have no chance to escape.  This is cruelty to animals.  I believe this is a step backwards for the Province of Ontario.  We need to do the right thing and reject this proposal.\n"
    },
    "86310": {
        "url": "/comment/86310",
        "comment": "This is a cruel, inhumane, sick, twisted practice that needs to be brought to a close immediately.\nI have a hard time believing such a barbaric act is still acted on.\nIt's time to not only stop new applications, but also, the province\u2019s existing 24 facilities need to be closed immediately.\nHorrific.  Shocking.  Shameful.\n"
    }
}