{
    "86379": {
        "url": "/comment/86379",
        "comment": "Dear Minister.  This is the height of animal cruelty.  Why are we training hunting dogs? Perhaps you should consider how your pet would respond to being confined and regularly hunted by dogs.  You should ask your children about leaving animals to be hunted in a confined area and see how they feel about you supporting this.  Seriously, consider the impact on these helpless animals.  Not only are the animals being used for bait which is immensely cruel, but someone is also training dogs to be vicious killers.  Never mind the fact that you are allowing hunting at all.  Disgusted that this is even up for renewal in 2023.\n"
    },
    "86380": {
        "url": "/comment/86380",
        "comment": "Thank you for allowing thoughts from the public on this proposal. While I understand that wildlife needs to be controlled in order to not become a danger to people, pets or livestock, I believe that wildlife should never be taken from their natural environments and held captive by hunters. In my opinion it is\ninhumane to use rabbits, coyotes, and foxes as bait to train dogs. Hunting dogs are bred for their abilities and purpose and with proper training and handling are capable of doing an excellent job without such cruel practices of hunting captive wildlife in train and trail facilities. Instead of allowing new applications, I would appreciate if the province\u2019s existing 24 facilities would be closed. Thank you.\n"
    },
    "86384": {
        "url": "/comment/86384",
        "comment": "While other civilized countries actually realize that this kind of hunting and trials, where animals are chased, tracked and killed purely for the enjoyment of a a few people, is absolutely barbaric, inhuman and cruel, our administration is wasting manpower and taxpayer money to facilitate this kind of activity?\nWhat\u2019s next ? Legalization of dog and cock fights?\n"
    },
    "86385": {
        "url": "/comment/86385",
        "comment": "It is stomach turning gruesome.  Phase it out.  It is an ugly business.    It is no different than a cock fight or an illegal dog fight except, sport hunters are using wild animals and possibly tame rabbits.\nIt is completely a Roman era grotesque actively attracting the worst brutal hunting mentality. It also reveals the lack of skill set of hunters who cannot train hunting dogs unless wildlife is trapped and defenseless. It just gets uglier and uglier. ( spring bear hunt, cormorant hunt, hunting with dogs, open seasons).\nWhen are politicians going to acknowledge that sporting hunting is  being politely and quietly rejected by society, and continually propping up a dying sport requires more gruesome policy to attract and sustain the most extreme sport hunters.   The world has become too violent to continue to support violent past time activities.\nDoug Ford is on the wrong side of history. Don't let him drag us back to Roman Times.\n"
    },
    "86386": {
        "url": "/comment/86386",
        "comment": "I strongly oppose the Ministry of Natural Resources and Forestry\u2019s proposal to allow new licenses, and the transfer of existing licenses, for dog train and trial areas in Ontario. Penned dog hunting facilities are cruel to the wild animals used to train dogs to hunt. Wildlife should never be taken from their natural environments and held captive by hunters. It is inhumane to use rabbits, coyotes, and foxes as bait to train dogs.\nNew licenses for dog train and trial facilities are a huge step backward for society. These facilities have no place in Ontario. Instead of allowing new applications, the province\u2019s existing 24 facilities need to be closed immediately.\n"
    },
    "86387": {
        "url": "/comment/86387",
        "comment": "I strongly oppose the Ministry of Natural Resources and Forestry\u2019s proposal to allow new licenses, and   the transfer of existing licenses, for dog training and trial areas in Ontario.\n    Penned dog hunting facilities are cruel to the wild animals used to train dogs to hunt.\n    Wildlife should never be taken from their natural environments and held captive by hunters.\n    It is inhumane to use rabbits, coyotes, and foxes as bait to train dogs.  This is an abhorrent practice and should be stopped!\n    New licenses for dog training and trial facilities are a huge step backward for society as it shows and supports a blatant lack of empathy for the wild animals involved\n. These facilities have no place in Ontario.\n    Instead of allowing new applications, the province\u2019s existing 24 facilities need to be closed immediately.\n"
    },
    "86389": {
        "url": "/comment/86389",
        "comment": "I strongly oppose the Ministry of Natural Resources and Forestry\u2019s proposal to allow new licenses, and the transfer of existing licenses, for dog train and trial areas in Ontario.\nPenned dog hunting facilities are cruel to the wild animals used to train dogs to hunt. Wildlife should never be taken from their natural environments and held captive by hunters. It is inhumane to use rabbits, coyotes, and foxes as bait to train dogs.\nNew licenses for dog train and trial facilities are a huge step backward for society. These facilities have no place in Ontario. Instead of allowing new applications, the province\u2019s existing 24 facilities need to be closed immediately.\n"
    },
    "86391": {
        "url": "/comment/86391",
        "comment": "Using live animals as bait for sport is not okay.\nI firmly reject the Ministry of Natural Resources and Forestry\u2019s proposal to allow new licenses and the transfer of licenses for train and trial areas in Ontario.\nWildlife should never be taken from their natural environments and held captive by hunters. It\u2019s especially cruel to use rabbits, coyotes, and foxes as pawns for hunters to train dogs and hold competitions.\nOpening applications for train and trial spaces after 25 years is a massive step backward into the past. These facilities have no place in Ontario.\nLive trapped animals are able to be sent to these penned dog facilities where they are allowed to be mauled to death after being run down and sometimes shot to injure them.\nThis is disgusting.\n"
    },
    "86392": {
        "url": "/comment/86392",
        "comment": "This practice was outlawed and mothballed by Premier Harris for a reason. To bring it back is unfortunate and unnecessary. The Ford government should not be promoting what amounts to dog and cock fights in our great province. We are going backwards as a province.\nSome businesses should not exist as they are immoral. Those business owners had more than 25 years to phase out. To expand and promote and support when a majority of the people are against animal cruelty is just a very bad move by the Ford government and will reflect badly in future donations to the party and elections.\n"
    },
    "86394": {
        "url": "/comment/86394",
        "comment": "It is an abomination that these type of facilities currently operate. To capture a wild animal and confine it as live bait for sport is something that an evolved society should have abolished long ago! This is cruel to wild animals! No better than dog fighting only in this case you are pitting a wild canine against a domesticated one. The wild animal being at a huge disadvantage being caged and I suspect greatly out numbered. How disturbing that anyone would consider this acceptable.\n"
    }
}