{
    "88756": {
        "url": "/comment/88756",
        "comment": "Been around for a long time, and have never heard of this repugnant and barbaric treatment of both domestic and wild animals.\nI am shocked, and in this day and age, this does not happen very often anymore...\nWhat is even more shocking would be to ease restrictions instead of restricting this practice altogether.\nOur society should be ashamed that we are taking dogs and turning them into pathological killers.\nWe banned certain breeds of dog for being aggressive, how do you think this is going to turn out?\nTraining a bunch of \"killer\" dogs, this is insane!!!\n"
    },
    "88762": {
        "url": "/comment/88762",
        "comment": "I am horrified that this policy is even allowed in Ontario and it should not be changed to allow more torture and suffering of wild animals. All animals have the ability to feel stress and pain. Also, what is sporting about this? It\u2019s like people who hunt by leaving food for an animal to attract it, and then shoot it, no skill needed. In these days of ecological disaster everywhere, any killing of creatures that is not for some legitimate reason, like the spread of dangerous diseases, or the threat of one creature wiping out an endangered species, for example, should not exist. This policy makes Ontario look like one big hick town. Why does the so called sport of a tiny group of Ontarians matter more than conservation or the political wishes of the rest of the population? This should never have been allowed to begin with, let alone be expanded.\n"
    },
    "88763": {
        "url": "/comment/88763",
        "comment": "I firmly reject the Ministry of Natural Resources and Forestry\u2019s proposal to allow new licenses and the transfer of licenses for train and trial areas in Ontario.\n    Penned dog hunting facilities are cruel to the wild animals that are subjected to various methods used to train dogs to hunt.\n    Wildlife should never be taken from their natural environments and held captive by hunters. It\u2019s especially cruel to use rabbits, coyotes, and foxes as pawns for hunters to train dogs and hold competitions.\n    Opening applications for train and trial spaces after 25 years is a massive step backward into the past. These facilities have no place in Ontario.\n    Instead of opening new applications, the province\u2019s existing 24 facilities need to be closed immediately.\n     Please be Humane and sensitive to understand the feelings of animals just the way humans have. Dogs have been given a life of their own , they are not made for humans to play with. Please leave those innocent souls live their own lives without any harm.\n"
    },
    "88764": {
        "url": "/comment/88764",
        "comment": "We urge you to reject this proposal and not to licence any new operations. Also, please consider closing all of the existing 24 left in Ontario since the ban of most of the operations in 1997. Certainly, hunters in our other provinces and many of the states have a more humane solution to training their dogs. Perhaps Ontario hunters that want penned hunting could reach out and find alternatives that at least give the wildlife a chance.\nThere is a valid reason why penned dog hunting is illegal everywhere else in Canada, and in most states in the USA. Penned dog hunting is widely condemned by decent, mindful people because it causes extreme and unnecessary distress, suffering, and death to wild animals while posing threats to public health and safety at the same time. Of course, dogs themselves are often injured or even killed in these penned hunts.\nPlease consider us vehemently against this proposal, and ready to continue to do what it takes, including to share updates and information on social media, about this proposal in an effort to abolish penned dog hunting for good.\n"
    },
    "88766": {
        "url": "/comment/88766",
        "comment": "The proposal in ERO 019-3685 is a terrible idea.  I agree with the comments of Animal Alliance of Canada about the proposal, in its letter dated April 14, 2023 to Premier Ford and Minister Graydon Smith. As Animal Alliance of Canada pointed out, the dog training facilities that are proposed to be licensed are known for their cruelty, and were to be phased out pursuant to changes made in 1997.  There is no justification for the decision to reverse this policy and license new facilities, nor is there a justification for allowing the transfer of existing licences. Please withdraw this proposal.\n"
    },
    "88768": {
        "url": "/comment/88768",
        "comment": "If this type of training really is something that is needed, which I doubt, surely dogs can be trained to track different animal species using their scents instead of actual wildlife being captured and kept in cages. The proposal does not make clear if the wild animals are killed in this alleged 'training', but even if they are not it is no doubt terrifying for them and if they are, then this is barbaric and the previous plan to phase this out completely should be continued.\nWhy is everything that hunting/fishing groups request of this government being accommodated without question (e.g. the previous increase in the taking of wild raptors for falconry, the cormorant hunt, etc.), but any concerns raised by people concerned about environmental issues and conservation are completely ignored regardless of the number of comments made in this registry? It appears the sentiment from Orwell's Animal Farm is very appropriate in today's Ontario:  all Ontarians are equal, but some are more equal than others.\nIn case it is not clear, I urge the government to reject this proposal (but of course they won't).\n"
    },
    "88769": {
        "url": "/comment/88769",
        "comment": "May 17, 2023\nTo: Ministry of Natural Resources\nRE: ERO # 019-3685\nI take issue with the statement on your website under \u201cRegulatory Impact Analysis\u201d which states: \u201cThese species have sustainable populations and there are no concerns with limited take of small numbers for licensed train and trial areas.\u201d\n\u201cNo concerns\u201d \u2013 really???  How about the fact that these wild animals feel fear and pain and are extremely stressed while being trapped, transported and confined in these compounds?  How about the fact that they will be killed by dogs, maybe ripped apart while they are still alive for the purpose of training the dogs to do the same thing outside the compound in their natural environment?  How about the fact that their offspring may starve to death after their parent has been abducted to be taken to a compound?  Do officials at MNR really have \u201cno concerns\u201d about the cruelty to animals that these compounds inflict?\nI also note that provincial legislation prohibits citizens from confining a wild animal longer than 24 hours if for ex. they are trying to heal an injured animal.  But that same ministry has \u201cno concerns\u201d with trapping and confining wild animals for the purpose of having then chased and killed by dogs because they have \u201csustainable populations\u201d.  So\u2026 its ok to confine a wild animal for the purpose of chasing and killing it so dogs are trained to do the same thing to other wild animals in their natural habitat, but it\u2019s not ok for a citizen to confine it for the purpose of healing it?  really???  What is the mandate of MNR?  I thought it was to protect wildlife and natural resources.\nIs there anyone at MNR who actually believes that wild animals have a right to exist in their natural environment and not be intentionally subjected to fear, pain and a horrible death for the enjoyment of a tiny segment of the population who enjoys blood sports?\nThe vast majority of citizens of this province - including many hunters - find these training compounds unacceptable.  It is the duty of our government to uphold democratic values and respect the opinions of the majority rather than pandering to a few proponents of these compounds who are well connected with MNR officials.\n"
    },
    "88772": {
        "url": "/comment/88772",
        "comment": "I am strongly opposed to the Ministry of Natural Resources and Forestry proposal to allow new licences and the transfer of existing licences for dog training and trial areas (ERO 019-3685).\nThis practice is very cruel to captive animals and based on my understanding was scheduled to be phased out for this very reason. While I understand the importance of hunting in limited and appropriate circumstances, wildlife should never be taken from their natural environments and held captive by hunters.  This use of penned facilities is akin to \"shooting fish in a barrel\" except more inhumane.\nIt would appear that the Government is now going backward by reversing a longstanding policy for the sole purpose of appeasing a very specific interest group, namely a small subset of animal hunters.  The proposed change was buried in an omnibus bill and while the Ministry is now seeking comments, the timing of the request for comments, the vagueness of the description of what happens in these facilities and the lack of any data, does not suggest the consultation period is a sincere effort to gauge the public's opinion.  I have no doubt that if asked, the majority of the population in Ontario would not sanction this change.\nI strongly request that the Government immediately reverse this ill-conceived policy change and in fact cease the operation of any existing facilities as soon as possible.  Thank you for considering my comments and please advise me on the outcome of the \"consultation\".\n"
    },
    "88773": {
        "url": "/comment/88773",
        "comment": "I am writing to ask you to please reconsider the inhumane proposal to allow captive wildlife to be used as bait to train hunting dogs. It saddens me to think that unnecessary trauma and harm will be inflicted on wild animals just to train dogs to be more efficient at hunting them down.  Most hunting is done for sport or entertainment and not for survival.  Therefore, the Ministry for Natural Resources should be protecting our wildlife not supporting/ encouraging hunters to torment and exploit it. Shame on you for even considering this!\n"
    },
    "88776": {
        "url": "/comment/88776",
        "comment": "I am a wildlife artist and deeply love and respect our Ontario wildlife.  I strongly oppose the Ministry of Natural Resources and Forestry\u2019s proposal to allow new licenses, and the transfer of existing licenses, for dog train and trial areas in Ontario.\nPenned dog hunting facilities are very cruel to the wild animals used to train dogs to hunt.\nWildlife should never be taken from their natural environments and held captive by hunters.\nIt is inhumane to use rabbits, coyotes, and foxes as bait to train dogs. I can't believe this actually is allowed. There are wildlife rehabilitation centres near where I live that dedicate their time to saving wildlife and people here really love and respect these places. We are teaching our children to respect wildlife as they are part of our environment and can feel pain and have emotions like we do.\nNew licenses for dog train and trial facilities are a huge step backward for society. These facilities have no place in Ontario.\nInstead of allowing new applications, the province\u2019s existing 24 facilities need to be closed immediately.\nI am so upset by this and hope you will listen to all who oppose this .\n"
    },
    "88777": {
        "url": "/comment/88777",
        "comment": "I am so against the proposal (ERO 019-3685) to permit the transfer of licences and the issuance of new licences for start ups to allow wildlife in captivity to be used as bait for training dogs for hunting. This is wrong on so many levels.  A penned animal is defenceless and to be used like this is unethical and extremely cruel.  Our wildlife is in such peril and struggling to survive with loss of habitat and the effects of climate change. We don\u2019t need to be adding to their demise by using them as training bait. PLEASE do the right thing and end this practice.\n"
    },
    "88782": {
        "url": "/comment/88782",
        "comment": "Minister David Paccini\nI strongly oppose the Ministry of Natural Resources and Forestry\u2019s proposal to allow new licenses, and the transfer of existing licenses, for dog train and trial areas in Ontario. Instead of allowing new applications, the province\u2019s existing 24 facilities need to be closed immediately. Licenses for dog train and trial facilities are a huge step backward for a humane society and these facilities have no place in Ontario. Penned dog hunting facilities are inhumane and cruel to the wild animals that are used to train dogs to hunt. Their is no excuse or justification to remove wildlife from their natural environments and held captive by hunters.\n"
    },
    "88785": {
        "url": "/comment/88785",
        "comment": "This is disgusting that any govt would sanction this.  It is beyond the pale.  The fact that there are \u2018grandfathered pens\u2019 that have been allowed to do this at all is a black mark against every person in the province.\nHow low can this Ford government sink?\nIt makes me hurl.\nShut down the gf pens.\n"
    }
}