{
    "85019": {
        "url": "/comment/85019",
        "comment": "This is a barbaric and cruel practice  and it is frankly astounding that as civilized society we are even considering this proposal.  25 years ago we made the right choice to ban the opening of future facilities and to even consider this is a huge step back. In fact the existing 24 facilities should be shut down immediately. There is absolutely no justification for such  horrendous behavior. We can,should and must  do better than this.\n"
    },
    "85025": {
        "url": "/comment/85025",
        "comment": "This is a step in the wrong direction. I disagree with the notion that if these licenses aren\u2019t issued, people are \u201cforced\u201d to engage in this activity underground. No one is forced to engage in this kind of unethical activity, we have banned all kinds of torture-type animal \u201csports\u201d and this is no different. Dogs can be trained for hunting using all kinds of methods, there is no need to expand these licenses. Cruelty to animals is one thing when it\u2019s for food or medical testing, but there\u2019s no excuse for animal cruelty for sport.\n"
    },
    "85029": {
        "url": "/comment/85029",
        "comment": "I firmly reject the Ministry of Natural Resources and Forestry\u2019s proposal to allow new licenses and the transfer of licenses for train and trial areas in Ontario.\nPenned dog hunting facilities are cruel to the wild animals that are subjected to various methods used to train dogs to hunt.\nWildlife should never be taken from their natural environments and held captive by hunters. It\u2019s especially cruel to use rabbits, coyotes, and foxes as pawns for hunters to train dogs and hold competitions.\nOpening applications for train and trial spaces after 25 years is a massive step backward into the past. These facilities have no place in Ontario.\nInstead of opening new applications, the province\u2019s existing 24 facilities need to be closed immediately.\n"
    },
    "85030": {
        "url": "/comment/85030",
        "comment": "I generally am in support of these changes, however believe that the competition side of these train and trial properties should end. I understand the need to train your dogs in a controlled environment but see absolutely no need to make a competition of it. The reward for a well trained dog is a successful hunt - not a trophy or a purse.\nThe wellfare of these animals must be considered at all times. Competions are ultimately pointless with no regard for the animal being hunted.\nRegular inspections and record-keeping is also essential to keep these licence holders accountable.\nI also believe that there should be some sort of limit on the number of train and trial areas within a geographic area. This will limit the overall number of these areas within the province while providing easy access for most hunters interested in training.\nThank you\n"
    },
    "85037": {
        "url": "/comment/85037",
        "comment": "I firmly reject the Ministry of Natural Resources and Forestry\u2019s proposal to allow new licenses and the transfer of licenses for train and trial areas in Ontario.\nPenned dog hunting facilities are cruel to the wild animals that are subjected to various methods used to train dogs to hunt.\nWildlife should never be taken from their natural environments and held captive by hunters. It\u2019s especially cruel to use rabbits, coyotes, and foxes as pawns for hunters to train dogs and hold competitions.\nOpening applications for train and trial spaces after 25 years is a massive step backward into the past. These facilities have no place in Ontario. Instead of opening new applications, the province\u2019s existing 24 facilities need to be closed immediately.\nI sincerely hope you will act on this matter with the wellbeing of wild animals as your priority as the Minister of Natural Resources and Forestry.  Conserving nature, protecting wildlife and listening to the people of Ontario who care about Nature is an honourable responsibility. I hope the Minister will speak up against those who would do harm to nature and wildlife and never allow train and trial areas to operate.\n"
    },
    "85039": {
        "url": "/comment/85039",
        "comment": "I firmly reject the Ministry of Natural Resources and Forestry\u2019s proposal to allow new licenses and the transfer of licenses for train and trial areas in Ontario.\nPenned dog hunting facilities are cruel to the wild animals that are subjected to various methods used to train dogs to hunt.\nWildlife should never be taken from their natural environments and held captive by hunters. It\u2019s especially cruel to use rabbits, coyotes, and foxes as pawns for hunters to train dogs and hold competitions.\nOpening applications for train and trial spaces after 25 years is a massive step backward into the past. These facilities have no place in Ontario.\nInstead of opening new applications, the province\u2019s existing 24 facilities need to be closed immediately.\n"
    },
    "85042": {
        "url": "/comment/85042",
        "comment": "As a Master of Resource and Environmental Biologist graduate, and current Biologist I firmly reject the Ministry of Natural Resources and Forestry\u2019s proposal to allow new licenses and the transfer of licenses for train and trial areas in Ontario.\nPenned dog hunting facilities are cruel to the wild animals that are subjected to various methods used to train dogs to hunt.\nWildlife should never be taken from their natural environments and held captive by hunters. It\u2019s especially cruel to use rabbits, coyotes, and foxes as pawns for hunters to train dogs and hold competitions.\nOpening applications for train and trial spaces after 25 years is a massive step backward into the past. These facilities have no place in Ontario.\nInstead of opening new applications, the province\u2019s existing 24 facilities need to be closed immediately.\n"
    },
    "85046": {
        "url": "/comment/85046",
        "comment": "I object to the Ministry\u2019s proposal to allow issuance of licences for new dog train & trial areas & to transfer licenses.\nThe practice of keeping wild animals captive to be used to be killed by hunting dogs is inhumane & cruel & should be discontinued immediately.\nIt is a blight on Ontario\u2019s record to authorize such practices & no further licenses should be permitted or transferred. If Ontarian\u2019s wish to respect our wildlife these facilities should be closed.\nThank you.\n"
    },
    "85048": {
        "url": "/comment/85048",
        "comment": "To propose the issuance of licences for new dog train and trial areas and allowance to transfer such licences for the purposes  of training dogs  to kill wildlife is barbaric and unethical to say the least . These wild animals are captured and tortured for absolutely no reason. Wildlife , first of all, do NOT require killing , they can self manage if man would stop imposing its so called \u201c manageing\u201d them. Dogs DO NOT deserve to  also be put put in this barbaric situation. What is this torturous practice teaching our youth? That more killing is the answer to those we dont \u201clike\u201d , that dont fit in to our plan? I would  implore you to not go through with this action. This would have extremely negative effects in many different  areas.\n"
    },
    "85051": {
        "url": "/comment/85051",
        "comment": "I am totally against this practice. I can't believe this is being considered when we have so  much to say about how other countries treat their animals. This is just an example of how backwards we are becoming.  I thought these methods were outlawed and now here it is again.\nWhere is the compassion and heart for our wildlife especially during baby time???? What is the matter with this picture?  Have the pressures of Urban development taken over?\n"
    }
}