{
    "90579": {
        "url": "/comment/90579",
        "comment": "I cannot believe how heartless and ruthless the current Government of Ontario is.  I am shocked that this proposal is even being considered by this Province.  I am not able to give my exact comments on this proposal because it would contain words that are unacceptable but, suffice it to say that whoever came up with this idea should themselves be caged and hunted first, just to test it out.   Then, should they still find it an acceptable practice they should sign themselves up for some lessons on what it means to be a  compassionate human being.  This is just such a callous and cruel idea.\nSigned by a senior citizen who was born, raised and has lived in this Province my whole life, as did my parents and grandparents.\n"
    },
    "90581": {
        "url": "/comment/90581",
        "comment": "Its hard to believe such a barbaric practice is even being considered,  what is the matter with people who find this acceptable to pen defenseless animals to be killed by dogs .  I wish all these blood thirsty so called humans would go and fight in the Ukrainian war so they could enjoy the thrill of someone trying to kill them, My hope is that there is a special hell for animal torturers and I will never support this government, nor its desire to support such a cowardly practice.  Shame on all of you\n"
    },
    "90584": {
        "url": "/comment/90584",
        "comment": "This is absolutely unfathomable that our Ontario government would allow this amendment to proceed. Are we in the 1600\u2019s?!? Have we not evolved enough to realize how incredibly cruel and archaic this sounds. This is not necessary nor representative of how Ontarios feel. Please do not allow this to pass and protect our wildlife from such cruel and tortuous practices.\n"
    },
    "90586": {
        "url": "/comment/90586",
        "comment": "I want to register my objection to allowing the practice of hunting penned animals by dogs which is cruel, horrific and brutal for all the animals involved and could hardly be regarded as  sport.  It is appalling that the province would license such a thing.  We have a responsibility to respect the animals in the Natural world, not to intentionally torture them.  This practice needs to be discontinued, not expanded.\n"
    },
    "90589": {
        "url": "/comment/90589",
        "comment": "These facilities serve as torture spaces for wild animals, in the name of training dogs for recreational hunting.\nPlease do not expand the ability for more of these spaces to open, or for existing facilities to be transferred to new owners. Training dogs to kill wild animals in an enclosed space is inhumane and unnecessary. Wild animals are being made to suffer and die in terror in the name of human recreation.\n"
    },
    "90590": {
        "url": "/comment/90590",
        "comment": "I am commenting on the proposal to amend the Fish and Wildlife Conservation Act, 1997, and associated regulations, to allow for the issuance of licences of new dog train and trial areas, and to allow the transfer of licences.\nI am strongly opposed to the proposal and I am also strongly opposed to Bill 91.\nWith respect to Bill 91, it is incredibly obvious that democracy has lost its way with the current Provincial Ontario Government. In no way would any one with a conscious support that bill.\nThe changes proposed to the Fish and Wildlife Conservation Act, 1997 are truly revolting and barbaric. We need to end dog hunting in Ontario (and BC for that matter). It is an abuse of wildlife, of wild animals and the dogs. Human beings can be incredibly cruel and inhumane. If this proposal passes it would only reaffirm that cruelty and inhumanity.\nWe are going the wrong was in Ontario. This proposal is unethical and truly revolting.\nDo not pass this legislation. We will never give up on behalf of our wildlife and nature to do the right thing by them. This is an abuse of power.\n"
    },
    "90594": {
        "url": "/comment/90594",
        "comment": "Absolutely disgraceful and cruel practice where the wildlife and hunting dogs are subjected to injury and death. Where is the responsibility of the owners and licensees to protect the animals from injury? If cock fighting is illegal in Ontario - how is this different? Is there no other way to provide \u201cscent\u201d such as roadkill? What is even the purpose of this type of hunting? Are there no laws in Ontario that prohibit intentional and deliberate animal cruelty? Stop and disallow this terrible practice.\n"
    },
    "90595": {
        "url": "/comment/90595",
        "comment": "I am opposed and disgusted by the proposed legislation that will effectively legislate a return to an inhumane market of attacking wildlife.\nI believe most Ontario voters would oppose such measures if they had a chance to vote on it.\nSuch cruelty certainly will not be forgotten.\nI urge the government to withdraw this proposal now\n"
    },
    "90596": {
        "url": "/comment/90596",
        "comment": "As an avid outdoorsman, I DO NOT support the use of dogs for any hunting purposes whatsoever.  Hunting is and should always be ethical and I strongly believe in merits of fair chase. If people use dogs for hunting purposes, it takes away the fair chase ideal. I strongly believe that this should not be allowed.\n"
    }
}