{
    "86421": {
        "url": "/comment/86421",
        "comment": "Dogs taught to hunt react with a prey mentality to all other small animals. They\u2019ll tear apart grouse, rabbits, etc. Let\u2019s not go back to the early 1900s? Wildlife management is a patriarchal drive to \u2018master\u2019 and \u2018control\u2019 nature. Stop it. My taxes should NOT go towards violent and non-ethical culling.\n"
    },
    "86422": {
        "url": "/comment/86422",
        "comment": "Re: 019-3685\nI recently became aware of a proposal to increase facilities where captive animals are used as bait, to train hunting dogs. I didn\u2019t know that such facilities existed! I am beyond disgusted that helpless animals are confined in an enclosed space, and hunted until they succumb to a horrible painful death.\nWhere is the compassion? Have we become so heartless, that we willingly subject those that are defenceless to such a grisly fate? All for greed and the promotion of so-called \u201cSport\u201d?\nPlease reconsider this!!!!\nThank you\n"
    },
    "86424": {
        "url": "/comment/86424",
        "comment": "I strongly oppose the Ministry of Natural Resources and Forestry\u2019s proposal to allow new licenses, and the transfer of existing licenses, for dog train and trial areas in Ontario.\nPenned dog hunting facilities are cruel to the wild animals used to train dogs to hunt.\nWildlife should never be taken from their natural environments and held captive by hunters and then basically tortured for training.\nIt is inhumane to use rabbits, coyotes, and foxes as bait to train dogs.\nNew licenses for dog train and trial facilities are a huge step backward for society. These facilities have no place in Ontario.\nInstead of allowing new applications, the province\u2019s existing 24 facilities need to be closed and/or repurposed immediately.\nI understand the need for hunting dogs but you do not need to train them on live animals.\n"
    },
    "86425": {
        "url": "/comment/86425",
        "comment": "Capturing wild animals, storing them gor trial, and using them for Live bait training is unethical.  Use of dead animals such as roadkill and blood for scent marking is enough.\nThis would be torturing wild animals.\nHow can Graydon Smith possibly support this practice. Previous Conservative leaders rightly started measures to reduce this practice.  Today's government needs to continue towards erradication of this cruelty.\n"
    },
    "86428": {
        "url": "/comment/86428",
        "comment": "Someone just thinking of using live animals to train dogs is inhuman, barbaric, cruel, sadistic and is indicative of someone who obviously has NO respect, empathy, care or concern for LIFE; who obviously lacks educating & awareness; who has no morals, values, integrity ..\nAND the fact that Government employees - supposed leaders in the community - elected officials who supposedly work FOR the people and/or represent them in government, are not only thinking and discussing this, but are forming policy ....absolutely disgusting and shameful!!\nNot much better than the likes of D. Trump who can lie, insult, cheat, steal, abuse, assault, discriminate, etc.... V. Putin can start a war and commit genocide, and call it a military exercise, etc.... China that arbitrarily targets people, retaliates unjustly, etc....\nGovernment = Power = Abuse = Self serving = Discrimination = Disrespectful = Oppressive\n"
    },
    "86429": {
        "url": "/comment/86429",
        "comment": "I strongly oppose the Ministry of Natural Resources and Forestry\u2019s proposal to allow new licenses, and the transfer of existing licenses, for dog train and trial areas in Ontario.\nPenned dog hunting facilities are cruel to the wild animals used to train dogs to hunt.\nWildlife should never be taken from their natural environments and held captive by hunters.\n"
    },
    "86431": {
        "url": "/comment/86431",
        "comment": "I strongly oppose the proposal to allow new licenses for dog training and trial areas in Ontario.\nDog hunting facilities are cruel to wild animals. Wildlife (globally) is already under pressure from human encroachment, pollution (eg. since the Ford gov't cancelled DriveClean, thousands of 'tuners' have deliberately removed their catalytic converters for fun and are returning cities to the stink of the 1970s) and climate change.\nWildlife should never be taken from their natural environment and held captive for hunters. This is entertainment for cowards.\nIt is inhumane to use rabbits, coyotes, and foxes as bait to train dogs and mark a significant step backward for society, encouraging citizens toward aggression and abusive behaviour, ie. \"researchers found that [trophy hunting] is an indicator of violent antisocial behavior.\"\nNew licenses for dog train and trial facilities are a significant step backward for society. These facilities have no place in Ontario. Instead of Ontario setting an example for other regions to celebrate cruelty and the sociological and psychological knock-on effects it produces, the province\u2019s existing 24 facilities need to be closed.\n"
    },
    "86435": {
        "url": "/comment/86435",
        "comment": "Barbaric and antiquated!\nCruel and unnecessary\nPsychopathic/sociopathic expression of personality is exemplified in the unnecessary cruel acts towards animals\nDangerous proposal showing dangerous personality traits to those who have remotely entertained this preposterous idea\nLack of intellectual ability to process that this is not even a consideration in today's world\nA profound expression of lack of compassion and inability to respect the life of others, human and not human\n"
    },
    "86436": {
        "url": "/comment/86436",
        "comment": "The Ministry of Natural Resources and Forestry\u2019s proposal to allow new licenses and the transfer of licenses for \u2018train and trial\u2019 areas in Ontario is a massive step backward. These facilities have no place in Ontario. Instead of opening new applications, the province\u2019s existing 24 facilities need to be closed immediately. They are extremely cruel to wildlife. Animals should never be taken from their natural environments to endure this torture. Please close this terrible industry.\n"
    },
    "86437": {
        "url": "/comment/86437",
        "comment": "I strongly disagree with this. They don\u2019t deserve this kind of treatment, these animals have a right to be left alone instead of being used for bait. I have lost faith in humanity, this world has gone mad. We wouldn\u2019t use our children as bait so why use these animals. They are living and breathing creatures that deserve to feel safe. I DO NOT SUPPORT THIS!!!!\n"
    },
    "86439": {
        "url": "/comment/86439",
        "comment": "This is just so wrong and I can\u2019t believe that the MNR is considering it.  It is intentionally inflicting violence and harm on innocent animals at a time in our history where society is already being exposed to so many violent and cruel acts.  Increasing the occurrence of this dog training would be a step towards normalizing violence in our society. We, as a people, should be better.\n"
    },
    "86440": {
        "url": "/comment/86440",
        "comment": "This is not acceptable. What is being proposed is inhumane. We've learned so much regarding animal behaviour. We are their stewards to take care of and protect. Why do we continue to ignore the research?\nWe have become the animals. Shame on us.\n"
    },
    "86442": {
        "url": "/comment/86442",
        "comment": "This is a disgusting proposal. Hunting dogs are not inherently more worthy of life than the other animals outlined in this proposal. It is sick and cruel to keep these animals in captivity for the pleasure of humans, though the violence of their dogs. I own dogs and love my dogs, but I would never prioritize training them over the life of another helpless creature. This is really, truly a baffling and disgusting proposal and I hope you hear Ontarians when they say they won\u2019t stand for this.\n"
    },
    "86443": {
        "url": "/comment/86443",
        "comment": "I strongly oppose the Ministry of Natural Resources and Forestry\u2019s proposal to allow new licenses, and the transfer of existing licenses, for dog training and trial areas in Ontario for the following reasons:\n1.\tPenned dog hunting facilities are cruel to the wild animals used to train dogs to hunt. It is inhumane to use rabbits, coyotes, and foxes as bait to train dogs.\n2.\tWildlife should never be taken from their natural environments and held captive by hunters.\n3.\tNew licenses for dog train and trial facilities are a huge step backward for society. These facilities have no place in Ontario.\nInstead of allowing new applications, the province\u2019s existing 24 facilities need to be closed immediately.\n"
    }
}