{
    "85756": {
        "url": "/comment/85756",
        "comment": "I firmly reject the Ministry of Natural Resources and Forestry\u2019s proposal to allow new licenses and the transfer of licenses for train and trial areas in Ontario.  Penned dog hunting facilities are cruel to the wild animals that are subjected to various methods used to train dogs to hunt.  Wildlife should never be taken from their natural environments and held captive by hunters. It\u2019s especially cruel to use rabbits, coyotes, and foxes as pawns for hunters to train dogs and hold competitions.  Opening applications for train and trial spaces after 25 years is a massive step backward into the past. These facilities have no place in Ontario.  Instead of opening new applications, the province\u2019s existing 24 facilities need to be closed immediately.\n"
    },
    "85757": {
        "url": "/comment/85757",
        "comment": "I firmly oppose the opening of these train and trial\nareas. This is cruel and inhumane to the animals who are captured and then tortured\u2026for the training purposes of hunting dogs. Owners of hunting dogs can train them on their own to be hunting dogs, just as we train our domesticated dogs. I can\u2019t believe that our Ontario Government would consider allowing such cruelty to any living thing. Why would anyone want to subject a living thing to such pain and torture for the pure pleasure of training-hunting dogs normally track and retrieve animals that are killed by their owner. Though I am totally opposed to hunting in general, but I do understand the reasoning behind it. There is ABSOLUTELY no reason or justification to this proposed cruelty\nPlease don\u2019t allow this to pass\n"
    },
    "85761": {
        "url": "/comment/85761",
        "comment": "The coyotes, rabbits etc in these enclosures are NOT 'safe.' The government does not exist to remove barriers for hunters; it exists to keep wild animals safe. This is not that. There is absolutely no good reason to give people the opportunity to be cruel in an absolutely unnecessary sport. I do NOT agree that this is necessary, appropriate, or right. Please do not allow this to go through.\n"
    },
    "85767": {
        "url": "/comment/85767",
        "comment": "I firmly reject the Ministry of Natural Resources and Forestry\u2019s proposal to allow new licenses and the transfer of licenses for train and trial areas in Ontario.\nThis change is absolutely a step in the wrong direction from where we should be headed.\nPenned dog hunting facilities are cruel to the wild animals that are subjected to various methods used to train dogs to hunt.\nWildlife should never be taken from their natural environments and held captive by hunters. It\u2019s especially cruel to use rabbits, coyotes, and foxes as pawns for hunters to train dogs and hold competitions.\nOpening applications for train and trial spaces after 25 years is a massive step backward into the past. These facilities have no place in Ontario.\nInstead of opening new applications, the province\u2019s existing 24 facilities need to be closed immediately.\n"
    },
    "85768": {
        "url": "/comment/85768",
        "comment": "I am strongly opposed to expanding licenced areas in Ontario where dogs can learn to hunt  live animals.\nThese licences should be discontinued not expanded. Conservation Officers and the chief animal welfare officer should do their jobs of enforcement of individuals who continue to carryout this inhumane practice causing distress in a captive wild animal.\n"
    },
    "85769": {
        "url": "/comment/85769",
        "comment": "These facilities have no place in a humane society: not only should we not be issuing new licenses, the existing \"train and trial\" areas in Ontario should be closed. Watching dogs chase down and brutally kill wild animals isn't \"sport\", it's just cruelty. There are no \"standards of care\" that make this anything less than cruel and barbaric.\nI firmly reject this proposal and urge the Ministry to reject this proposal as well.\n"
    },
    "85772": {
        "url": "/comment/85772",
        "comment": "These training and trial licenses should be made unlawful and the province should discontinue any expansion of licenses immediately.  This is a disgusting over reach by hunters and poor oversight of the ministry of  natural resources and forestry.  You are subjecting a captive wild apex predator to inhumane distress in an unnatural setting. These licences should be discontinued not expanded whatsoever. Conservation Officers and the Chief Animal Welfare Officer  and the Chief Veterinarian for Ontario  should do their jobs of enforcement of individuals who continue to carryout this inhumane practice causing undue distress in a captive wild animal. The enclosed hunting areas are a hazard to animal welfare, health and wellbeing to a captive animal.  As such these trial and training areas are inhumane and are a contravention to the PAWS Act, the SPCA Act and the Animal Health Act in Ontario regarding the protection of distress, and hazards to captive animals. Overall it is an inhumane bizarre form of hunting and animal training in Ontario that needs to be stopped as soon as possible. We stopped hunting enclosures for cervids many years ago, and this current practice is much worse.  This  specific inhumane practice has nothing to do with reducing red tape or helping the economy.  Remove it from this Bill 91 and further stop this practice completely.\n"
    },
    "85773": {
        "url": "/comment/85773",
        "comment": "I firmly reject the Ministry of Natural Resources and Forestry\u2019s proposal to allow new licenses and the transfer of licenses for train and trial areas in Ontario.\nPenned dog hunting facilities are cruel to the wild animals that are subjected to various methods used to train dogs to hunt.\nWildlife should never be taken from their natural environments and held captive by hunters. It\u2019s especially cruel to use rabbits, coyotes, and foxes as pawns for hunters to train dogs and hold competitions.\nOpening applications for train and trial spaces after 25 years is a massive step backward into the past. These facilities have no place in Ontario.\nInstead of opening new applications, the province\u2019s existing 24 facilities need to be closed immediately.\n"
    },
    "85774": {
        "url": "/comment/85774",
        "comment": "The archaic and cruel practice of capturing and holding Wildlife for the purpose of later releasing them in an enclosed area from which there is no chance of escape for the purpose of \"training\" hunting Dogs has no place in our supposedly civilized society. This was banned decades ago. There is no valid reason to take this step backwards.\n"
    },
    "85775": {
        "url": "/comment/85775",
        "comment": "Wow\u2026.more barbaric torture for animals\u2026back to the Stone Age?!! Disgusting\u2026.why. Just why. Merica has their guns and Canada tortures animals, is that the thing? Gross. There\u2019s no help for stray animals, why should the Gov care about wildlife. Just imagine how awful this will make you look. May as well join Asia and skin and boil dogs alive.\n"
    },
    "85776": {
        "url": "/comment/85776",
        "comment": "I strongly oppose the Ministry of Natural Resources and Forestry\u2019s proposal to allow new licenses, and the transfer of existing licenses, for dog train and trial areas in Ontario. New licenses for dog train and trial facilities are a huge step backward for society. These facilities have no place in Ontario.\nPenned dog hunting facilities are cruel to the wild animals used to train dogs to hunt. Wildlife should never be taken from their natural environments and held captive by hunters. It is inhumane to use rabbits, coyotes, and foxes as bait to train dogs.\nIt is also a risk to dogs to be in aggressive and violent interactions with wild and cornered coyotes and foxes. Dogs can get physical and mental exercise through many other activities that don't involve killing other animals.\nInstead of allowing new applications, the province\u2019s existing 24 facilities need to be closed immediately.\n"
    }
}