{
    "85382": {
        "url": "/comment/85382",
        "comment": "I am glad that penned dog hunting facilities were phased out in 1997, as the practice is inhumane to all animals involved.  The the 24 facilities which were grandfathered in remain in operation and while that is unsettling, it is even more unsettling to think that new facilities may be allowed to register after not being afforded this option in over 25 years.\nThere is no valid reason to bring this back into practice by allowing new facilities to open, or even allow the existing facilities to operate much longer.\nUsing animals (wild or purchased from approved facilities) in a way to pit them against each other for sport or human profit is contrary to the ministry's main objective to \"sustainably manage Ontario\u2019s fish and wildlife resources\".\nI  firmly reject the Ministry of Natural Resources and Forestry\u2019s proposal to allow new licenses and the transfer of licenses for train and trial areas in Ontario.\n"
    },
    "85385": {
        "url": "/comment/85385",
        "comment": "To open up a so called dog training by trapping coyotes  and to  allow dogs to tear them apart killing them in such a painful manner is one of the cruelest, barbaric,  medieval proposal I have ever come across. Even the British people outlawed the fox hunt.  At least the fox had a chance to escape.\nYou have chased all animals from there habitat by destroying green spaces, causing wildlife to move closer to humans for survival  and all you can up with is this cruel act for profit.  Mr Ford this really says to me how far you will to give to your business friends.\nYou have neglected the ordinary Ontario citizen, you are not listening to what they want or need, and you are quietly taking away so much from health care, children In all capacities, seniors, the handicapped and just  to give to your friends in business.\nBut this to me shows me and hopefully the people that voted for you just how far you will go to give to your business cronies\n"
    },
    "85386": {
        "url": "/comment/85386",
        "comment": "I cannot fathom why Ontario would support such a severe form of animal cruelty.  The rationale for this proposal is ridiculous. The province should explore ways to deter \u201cunderground\u201d facilities and also introduce more severe penalties and actually enforce those penalties. If anything, the province should look to stopping this practice completely.  I need to mention again, this is a completely inhumane practice and quite savage actually.  Shame on whoever decided to bring this proposal forward.\n"
    },
    "85388": {
        "url": "/comment/85388",
        "comment": "This is absolutely horrendous and disgusting. To allow dogs to kill coyotes for sport? This is Canada in 2023, how is something this vile happening here? Truly horrified by this. If people want to hunt that\u2019s their decision, but to trap them in enclosed areas so it\u2019s not even a fair fight? On top of it, coyotes are generally not prey animals, they will put up a fight and extend how long the fight takes and end up getting torn apart and be in excruciating pain. This is disgusting.\n"
    },
    "85389": {
        "url": "/comment/85389",
        "comment": "This is animal cruelty. It shows a complete lack of education and compassion. This is entertainment for hunters that is no better than dog fighting. Coyotes experience fear and pain as much as dogs do. Public education and enforcement to stop people from feeding coyotes and leaving food in cemeteries is necessary to deal with the coyote issue. People are baiting coyotes with food to take photos of them. The Doug Ford government has failed to protect our natural areas and our wildlife. A society is judged on how it treats its wildlife and our politicians are failing.\nin 2021 Doug Ford wanted to save an injured coyote and now it is open season for cruelty to coyotes.\n\"Ford then took a moment to issue a call to media and the public to help track down and save the critter, who he revealed he had named Cody the Coyote.\n\"I'm not gonna have a dead coyote on my watch,\" he continued. \"If you see him, we can get animal services and try to help this coyote and get him fixed up.... Sorry for the little animal story but I've got a big heart for animals. I can't let this coyote go out there and not be able to hunt.\"\nNext election: If they don't protect, don't re-elect!\n"
    },
    "85390": {
        "url": "/comment/85390",
        "comment": "The people responsible for initiating this proposal should be ashamed of themselves. This is an archaic and barbaric practice that should be eliminated completely. When the world is beginning to recognize the inherent value of animal life, why do you want to reinstate and expand this inhumane and murderous practice of torturing animals? What does this evil practice satisfy? Are you trying to satiate a thirst for bloodsport?\nI was astounded to hear about this proposal because I had assumed that we as Ontarians were above these brutal practices. I firmly reject the Ministry of Natural Resources and Forestry\u2019s proposal to allow new licenses and the transfer of licenses for train and trial areas in Ontario.\nPenned dog hunting facilities are cruel to the wild animals that are subjected to various methods used to train dogs to hunt.\nWildlife should never be taken from their natural environments and held captive by hunters. It\u2019s especially cruel to use rabbits, coyotes, and foxes as pawns for hunters to train dogs and hold competitions.\nOpening applications for train and trial spaces after 25 years is a massive step backward into the past. These facilities have no place in Ontario.\nInstead of opening new applications, the province\u2019s existing 24 facilities need to be closed immediately.\n"
    },
    "85392": {
        "url": "/comment/85392",
        "comment": "Wildlife should never be taken from their natural environments and held captive by hunters. It\u2019s especially cruel to use rabbits, coyotes, and foxes as pawns for hunters to train dogs and hold competitions.\nOpening applications for train and trial spaces after 25 years is a massive step backward into the past. These facilities have no place in Ontario.\nInstead of opening new applications, the province\u2019s existing 24 facilities need to be closed immediately.\nIt is shameful that the Ministry is considering this at all!!\n"
    },
    "85394": {
        "url": "/comment/85394",
        "comment": "Please find attached comments that support my opposition to ERO# 019-3685 .Proposal to Allow the Issuance of New Dog Train and Trail Area , and To Allow the transfer of Licences.\nThank You .\n"
    },
    "85396": {
        "url": "/comment/85396",
        "comment": "I am firmly against the proposal that would allow domestic dogs to hunted penned wild animals. I don't care if it is in a \"controlled environment.\" This is 2023 and I believe that we have learned to have more empathy for animals and this is a barbaric scheme that should never have gotten as far as it has with the government.\n"
    },
    "85399": {
        "url": "/comment/85399",
        "comment": "It's absolutely baffling and appalling that this proposal from Ministry of Natural Resources and Forestry\u2019s regarding the addition of train and trial areas is even open for discussion.  At a time when we need to be doing everything in our power to preserve natural habitats and wildlife, it's unfathomable how anyone could think taking wildlife from their natural habitats for the cruel purposes of terrifying and torturous hunting practice and sport is justifiable.  The fact that any of these facilities currently exist in this province is horrible news to many provincial residents, and opening more would only serve as more of an embarrassing step backwards.\n"
    },
    "85401": {
        "url": "/comment/85401",
        "comment": "To go back in time and consider allowing this inhumane and unethical practice of \u201cdog training \u201c  licences is appalling at best. It is never ethical to keep wild animals and additionally to keep them and deliberately put them in harm\u2019s way. I feel the very suggestion of this is going back in time to when \u201cwe\u201d were even less evolved. There is no intelligent and compassionate person that would ever condone such an action!\n"
    },
    "85406": {
        "url": "/comment/85406",
        "comment": "I am appalled at the thought that Ontario would even consider reopening the licensing of places that capture wild animals to be hunted for training purposes.  In 1997 it was considered inhumane to treat animals that way and I believe that it is still inhumane\nI will be forwarding this information to others to ensure more people comment against this\n"
    }
}