{
    "87275": {
        "url": "/comment/87275",
        "comment": "I firmly reject the Ministry of Natural Resources and Forestry\u2019s proposal to allow new licenses and the transfer of licenses for train and trial areas in Ontario. This cruel practice should be phased out immediately and the fact the the Doug Ford is even considering keeping this practice shows his lack of humanity.\n"
    },
    "87276": {
        "url": "/comment/87276",
        "comment": "As a taxpaying Canadian citizen of 41 years, I reject the proposal by the Ministry of Natural Resources and Forestry to allow the issuance of new license and license transfers for Ontario train and trial areas. This type of practice is grossly outdated, unethical, and serves no purpose in bettering or preparing our world for future generations.\n"
    },
    "87282": {
        "url": "/comment/87282",
        "comment": "I am absolutely disgusted this barbaric activity is being encouraged by the Ministry. I strongly oppose this and believe It is a huge step backward in policy. More should be done to eliminate this so-call \"sport\" than encourage its growth. Shame on the people who put this forward and shame on the Ministry for even considering it.\n"
    },
    "87283": {
        "url": "/comment/87283",
        "comment": "Why do cruel practices like this still exist? As if we arent cutting down wildlife populations as it is! Wildlife should never be taken from their natural environments and held captive by hunters. It\u2019s especially cruel to use rabbits, coyotes, and foxes as pawns for hunters to train dogs and hold competitions. What year are we in?\n"
    },
    "87285": {
        "url": "/comment/87285",
        "comment": "No, bad proposal that I don\u2019t agree with. It\u2019s cruel to hunt animals for sport, and inhumane to capture animals purely for them to be killed by dogs essentially for fun. Bo more licenses should be issued and the practice as a whole should die out. That was the whole point of phasing out the licences in the first place, eh? I reject the proposal.\n"
    },
    "87288": {
        "url": "/comment/87288",
        "comment": "Being as respective as I can be, this should absolutely not be passed. How could anybody think that using a living creature to train dogs to hunt it is okay? These are living, breathing animals who can feel fear and pain and stress and using them as training tools is animal torture and should not be allowed. Mr. Doug Ford, the wanting of animal torture is a serious moral and conscious issue which I ask you seek help for.\n"
    },
    "87293": {
        "url": "/comment/87293",
        "comment": "I cannot believe what I have just read:  after 25 years, the government wants to reinstate the use of trapped wild animals in dog training.  It's not enough that we are destroying their habitat relentlessly, we now want to go back to torturing them endlessly until they die in a training session or of misuse and terror.\nEven if you cannot understand that these are sentient creatures capable of suffering, surely you can anticipate that, in this networked world, it won't be long before some appalling footage of this barbarism leaks,  goes viral, and brings all hell down on the heads of everyone involved.  Do you think your political masters will stand up for you then?  You'll be thrown under the bus so fast your head won't even have time to spin.\nSo, stop NOW, before you do something that is morally disgusting and bound to be a public relations disaster of the first order.  There are many other effective ways to train dogs in hunting, guarding and alerting that do not involve the extended torture of wild animals.  You know this, because you've been seeing them used for 25 years.\n"
    },
    "87294": {
        "url": "/comment/87294",
        "comment": "I firmly reject the Ministry of Natural Resources and Forestry\u2019s proposal to allow new licenses and the transfer of licenses for train and trial areas in Ontario.\nPenned dog hunting facilities are cruel to the wild animals who are subjected to various methods used to train dogs to hunt.\nWildlife should never be taken from their natural environments and held captive by hunters. It\u2019s especially cruel to use rabbits, coyotes, and foxes as pawns for hunters to train dogs and hold competitions.\nOpening applications for train and trial spaces after 25 years is a massive step backward into the past. These facilities have no place in Ontario.\nInstead of opening new applications, the province\u2019s existing 24 facilities need to be closed immediately.\n"
    },
    "87296": {
        "url": "/comment/87296",
        "comment": "I firmly reject the Ministry of Natural Resources and Forestry\u2019s proposal to allow new licenses and the transfer of licenses for train and trial areas in Ontario.\nPenned dog hunting facilities are cruel to the wild animals who are subjected to various methods used to train dogs to hunt.\nWildlife should never be taken from their natural environments and held captive by hunters.\n"
    }
}