{
    "85453": {
        "url": "/comment/85453",
        "comment": "I firmly reject the Ministry of Natural Resources and Forestry\u2019s proposal to allow new licenses and the transfer of licenses for train and trial areas in Ontario. Wildlife should never be taken from their natural environments and held captive by hunters. It\u2019s especially cruel to use rabbits, coyotes, and foxes as pawns for hunters to train dogs and hold competitions.\n"
    },
    "85455": {
        "url": "/comment/85455",
        "comment": "I firmly reject the Ministry of Natural Resources and Forestry\u2019s proposal to allow new licenses and the transfer of licenses for train and trial areas in Ontario.\nPenned dog hunting facilities are cruel to the wild animals that are subjected to various methods used to train dogs to hunt.\nWildlife should never be taken from their natural environments and held captive by hunters. It\u2019s especially cruel to use rabbits, coyotes, and foxes as pawns for hunters to train dogs and hold competitions.\nOpening applications for train and trial spaces after 25 years is a massive step backward into the past. These facilities have no place in Ontario.\nInstead of opening new applications, the province\u2019s existing 24 facilities need to be closed immediately.\n"
    },
    "85457": {
        "url": "/comment/85457",
        "comment": "I cannot believe this is being considered. This is astonishingly cruel, especially for the wildlife being hunted, but also for domestic animals that may be injured.\nI read that Graydon Smith justifies this by saying that if this is not legalized, it will go underground, where it cannot be monitored.  This is a ridiculous argument. There are many evil things that happen behind closed doors - should we legalize them all so that there is transparency, and we can all see the evil happen?\n"
    },
    "85460": {
        "url": "/comment/85460",
        "comment": "In all my years in Ontario, beautiful, friendly and thriving Ontario, have I ever heard of anything so cruel (except the horse exports), inhumane and appalling! I am sickened with the thought that our gov\u2019t (an incompetent one) would even consider this as this might be the most inhumane decision our gov\u2019t has ever made (a close second is the defunding of healthcare and education). Is the gov\u2019t not accountable to the people and do they not represent and work for us? The answer is yes and so, where is the input from Ontarian\u2019s? I am only one person but I\u2019m going to do my best to end this before this start! How do dogs fall into the hands of sadistic monsters? Are dog fights not illegal? That would be a good use of Fords \u201cfunding\u201d his buddy\u2019s police forces! This is appalling!\ud83d\udc94Rose\n"
    },
    "85469": {
        "url": "/comment/85469",
        "comment": "Using captive animals to to train dogs to trap and kill coyotes is a cruel inhumane practice that should be phased out, not condoned and expanded. Killing as sport is a concerning practice that leads to less empathy for others and given the problems we are seeing in society today, and also given that hunting is not needed by those participating for their survival, we should be moving away from these blood sports.\n"
    }
}