{
    "85906": {
        "url": "/comment/85906",
        "comment": "This idea is so wrong I can\u2019t even begin to list the reasons why. But at some level of decency you already know that this practice goes against every fair and humane aspect of civilized behaviour. Shame on all of you for even considering such a revolting practice to begin with, let alone expanding it. It never fails to amaze what the government will try to get away with, hoping that they will not draw too much attention.\n"
    },
    "85908": {
        "url": "/comment/85908",
        "comment": "I don\u2019t agree with what you want to do these animals could die from a heart attack if they are chased imagine the fear they will be going through just like a child running for their lives it\u2019s the same thing you wouldn\u2019t want a stranger chasing your child would you I definitely wouldn\u2019t plus these animals are not put on this earth to be chased & to be frightened for their lives they are meant to live in the wild with their families how about someone you know get chased by men they would feel fear & be thinking am I going to be killed nobody should force that fear on a animal\n"
    },
    "85910": {
        "url": "/comment/85910",
        "comment": "I firmly reject the Ministry of Natural Resources and Forestry\u2019s proposal to allow new licenses and the transfer of licenses for train and trial areas in Ontario. Penned dog hunting facilities are cruel to the wild animals that are subjected to various methods used to train dogs to hunt. Wildlife should never be taken from their natural environments and held captive by hunters. It\u2019s especially cruel to use rabbits, coyotes, and foxes as pawns for hunters to train dogs and hold competitions. Opening applications for train and trial spaces after 25 years is a massive step backward into the past. These facilities have no place in Ontario. Instead of opening new applications, the province\u2019s existing 24 facilities need to be closed immediately.\nJos\u00e9e\n"
    },
    "85911": {
        "url": "/comment/85911",
        "comment": "I firmly reject the Ministry of Natural Resources and Forestry\u2019s proposal to allow new licenses and the transfer of licenses for train and trial areas in Ontario.\nPenned dog hunting facilities are cruel to the wild animals that are subjected to various methods used to train dogs to hunt.\nWildlife should never be taken from their natural environments and held captive by hunters. It\u2019s especially cruel to use rabbits, coyotes, and foxes as pawns for hunters to train dogs and hold competitions.\nOpening applications for train and trial spaces after 25 years is a massive step backward into the past. These facilities have no place in Ontario.\nInstead of opening new applications, the province\u2019s existing 24 facilities need to be closed immediately\n"
    },
    "85915": {
        "url": "/comment/85915",
        "comment": "I do not support the Ministry of Natural Resources and Forestry\u2019s proposal to allow new licenses and the transfer of licenses for train and trial areas in Ontario. These facilities are cruel to wildlife, as it submits these animals to repeated stress, which may cause them to die. Regardless of whether the animal dies of stress, it will cause suffering as the animal will not be able to escape.\n"
    },
    "85919": {
        "url": "/comment/85919",
        "comment": "This is despicable. I feel like this province is going back in time and if I can figure out a plan to leave I would happily do so. I am ashamed to call Ontario home. Doug Ford hates nature and humans. So many decisions are a blatant disregard for life.\nI am very against this bill. The rich folk think they are our feudal lords.\n"
    },
    "85921": {
        "url": "/comment/85921",
        "comment": "I firmly reject the Ministry of Natural Resources and Forestry\u2019s proposal to allow new licenses and the transfer of licenses for train and trial areas in Ontario.\nPenned dog hunting facilities are cruel to the wild animals that are subjected to various methods used to train dogs to hunt.\nWildlife should never be taken from their natural environments and held captive by hunters. It\u2019s especially cruel to use rabbits, coyotes, and foxes as pawns for hunters to train dogs and hold competitions.\nOpening applications for train and trial spaces after 25 years is a massive step backward into the past. These facilities have no place in Ontario.\nInstead of opening new applications, the province\u2019s existing 24 facilities need to be closed immediately.\n"
    },
    "85922": {
        "url": "/comment/85922",
        "comment": "IT IS ABSOLUTELY BARBARIC TO USE DEFENCELESS CAGED WILDLIFE AS DECOYS FOR DOGS.   THE DESTRUCTION OF GREEN SPACES IS THE CAUSE OF WILDLIFE TO BE ENCROACHING ON HUMAN SPACES.  MORE SUSTAINABLE SOLUTIONS MUST BE FOUND AND EMPLOYED.  SUPPORTING WILDLIFE CAN ENHANCE HUMAN EXISTENCE; DESTROYING THE NATURAL WORLD WILL ULTIMATELY DIMINISH OUR LIVES.\n"
    },
    "85924": {
        "url": "/comment/85924",
        "comment": "This is so wrong, on many levels. I don't want my grandson to grow up in a world where domestic pets are trained to kill. And I do not believe for one minute that the environmental consequences of this proposal will be \"neutral\". It is messing with the natural order of Ontario's ecosystems. I urge you to reconsider this proposal and reject it.\n"
    },
    "85925": {
        "url": "/comment/85925",
        "comment": "Please do not allow this change.  Wildlife have already endured loss of habitat and suffering due to human population expansion and sprawl.  This is inhumane and does not even allow the prey the chance to use their survival skills to escape.  It is animal cruelty for human entertainment and should be prohibited.  If dogs are to be trained, do it where the prey has the chance of escape.\nAs a voting citizen in Ontario I do NOT support this change to the regulation.\n"
    }
}