{
    "86468": {
        "url": "/comment/86468",
        "comment": "No. Don\u2019t do this. It is cruel and barbaric and reflects horribly on the Province, its people and particularly its government. We don\u2019t need more blood driven dogs chasing our wildlife.\nNext it will be traditional English fox hunts through Toronto Ravines, complete with horses, horns and hunting dogs. It is shameful that this proposal made it into print.\n"
    },
    "86472": {
        "url": "/comment/86472",
        "comment": "In regard to ERO 019-3685\nI strongly oppose the Ministry of Natural Resources and Forestry\u2019s proposal to allow new licenses, and the transfer of existing licenses, for dog train and trial areas in Ontario.\n    Penned dog hunting facilities are cruel to the wild animals used to train dogs to hunt.\n    Wildlife should never be taken from their natural environments and held captive by hunters.\n    It is inhumane to use rabbits, coyotes, and foxes as bait to train dogs.\n    New licenses for dog train and trial facilities are a huge step backward for society. These facilities have no place in Ontario.\n    Instead of allowing new applications, the province\u2019s existing 24 facilities need to be closed immediately.\nThank you for your allowance to comment.\n"
    },
    "86473": {
        "url": "/comment/86473",
        "comment": "This proposal is absolutely barbaric and disgusting it seems like a bizarre plan aimed at an elite special interest group. This is coming at a time when we should be focusing on putting funds and focus into retaining compounding pharmacists who are regularly getting their fees cut by the government and insurers, retaining experienced general practitioners, nurses, experienced legal aid lawyers to halt the court backlog, and others who our society needs badly but who are leaving in droves due to years of stagnating pay. This is not the time to be concerned with the needs of \u201csport\u201d hunters who want to torture and kill small defenceless animals. Even Mike Harris knew this was a stupid idea - MIKE HARRIS for god\u2019s sake.\n"
    },
    "86475": {
        "url": "/comment/86475",
        "comment": "I am deeply distressed disgusted to see the Ontario government considering allowing new cruel \u201ctrain and trial areas\u201d. Please do NOT implement these.\nThe Ontario government\u2019s plan to reverse a province-wide ban on new cruel \u201ctrain and trial areas\u201d where hunters participate in the bloodsport of penned dog hunting is utterly barbaric and will make Ontario a pariah in the national and international communities.\nNo other Canadian province allows penned dog hunting, and the shocking practice is unlawful in most of the United States.\nOntario passed a law in 1997 to phase out new penned hunting facilities for important reasons. Penned hunting is incredibly cruel to the coyotes, foxes, and rabbits who are used as live bait.\nIn penned dog hunting, terrified foxes, coyotes, and rabbits run for their lives, but have nowhere to escape to. When caught, they're are often viciously killed by dogs who are trained to rip them apart, piece by piece.\nThe dogs forced to participate can also suffer from injuries and death.\nThe animals used as bait are usually caught by trappers and sold to be released into these pens and hunted to death. Sometimes, these animals are bred so their offspring can be used in captive hunts.\nA large majority of Canadians are against hunting animals for sport. Valid research (https://researchco.ca/2022/04/08/animals-canada-2/) shows that more than four out of five Canadians are against it.\nPenned hunting is also a public health risk. The trade and transportation of wildlife is a major contributor to the spread of disease and parasites, including zoonotic diseases that can infect wildlife, domestic animals, and humans.\nPlease leave the ban on penned hunting in place and shut down any remaining train and trial areas in Ontario.\n"
    },
    "86476": {
        "url": "/comment/86476",
        "comment": "I was horrified to learn that the Ontario government is considering reversing a ban on penned hunting or \"train and trial areas,\" which are banned in every other province in Canada and most states in the US.\nThis is a cruel and unnecessary practice. I want to emphasize that I am not against responsible hunting of wild animals in their natural habitat for food. But penned hunting is not hunting - it's torture for sport.\nPlease keep the existing ban in place, and shut down existing penned hunting operations.\n"
    },
    "86479": {
        "url": "/comment/86479",
        "comment": "I was incredibly horrified and disturbed to see the Ontario government considering allowing new cruel \"train and trial areas\".\nI'm against the Ontario government's plan to reverse a province-wide ban on new cruel \"train and trial areas\" where hunters participate in the blood sport of penned dog hunting. Ontario passed a law in 1997 to phase out new penned hunting facilities for important reasons. Penned hunting is incredibly cruel to the coyotes, foxes, and rabbits who are used as live bait. In penned dog hunting, terrified foxes, coyotes, and rabbits run for their lives, but have nowhere to escape to. When caught, they're often viciously killed by dogs who are trained to rip them apart, piece by piece. Disgusting. The dogs forced to participate can also suffer from injuries and death. The animals used as bait are usually caught by trappers and sold to be released into these pens and hunted to death. Sometimes, these animals are bred so their offspring can be used in captive hunts. A large majority of Canadians are against hunting animals for sport. This research shows that more than four out of five Canadians are against it. No other Canadian province allows penned dog hunting, and the shocking practice is unlawful in most of the United States. Penned hunting is also a public health risk. The trade and transportation of wildlife is a major contributor to the spread of disease and parasites, including zoonotic diseases that can infect wildlife, domestic animals, and humans.\nPlease, I beg you, leave the ban on penned hunting in place and shut down any remaining train and trial areas in Ontario. We need to be moving forward as a society, not backwards.\n"
    },
    "86482": {
        "url": "/comment/86482",
        "comment": "I strongly oppose this proposal to allow new licenses, and the transfer of existing licenses, for dog training and trial areas. Dog hunting facility is cruel to the captive animals used for hunting. To begin with, these wild animals should never be taken out from their natural environment and held captive\u2026only to be used them as bait.\nThese practises are barbaric and a step backwards for human kind. In this modern age\u2026its  absolutely disgusting to trap animals and then get them killed. We need humanity to move forward. And hunting animals has no place in it.\n"
    },
    "86484": {
        "url": "/comment/86484",
        "comment": "We should not be allowing new applications, or transfer of old ones. We should be closing down any such facility. It is barbaric, elitist, unnecessary and makes me loath to be considered a human. Wildlife, non-human animals, should not be removed from their natural habitat for the sport of human-animals. Let's face it, it is not for the dogs this is being proposed, it is because a bunch of men like to get out and hunt with them. Barbaric. Did someone forget that fox hunting was banned in 2002 in GB? What is Ontario thinking?\n"
    },
    "86485": {
        "url": "/comment/86485",
        "comment": "I was disturbed to see the Ontario government considering allowing new cruel \"train and trial areas\". Please leave the ban on penned hunting in place and shut down any remaining train and trial areas in Ontario.\nI'm against the Ontario government's plan to reverse a province-wide ban on new cruel \"train and trial areas\" where hunters participate in the bloodsport of penned dog hunting. Ontario passed a law in 1997 to phase out new penned hunting facilities for important reasons. Penned hunting is incredibly cruel to the coyotes, foxes, and rabbits who are used as live bait.\nIn penned dog hunting, terrified foxes, coyotes, and rabbits run for their lives, but have nowhere to escape to. When caught, they're are often viciously killed by dogs who are trained to rip them apart, piece by piece. The dogs forced to participate can also suffer from injuries and death. The animals used as bait are usually caught by trappers and sold to be released into these pens and hunted to death. Sometimes, these animals are bred so their offspring can be used in captive hunts.\nA large majority of Canadians are against hunting animals for sport. This research shows that more than four out of five Canadians are against it. No other Canadian province allows penned dog hunting, and the shocking practice is unlawful in most of the United States. Penned hunting is also a public health risk. The trade and transportation of wildlife is a major contributor to the spread of disease and parasites, including zoonotic diseases that can infect wildlife, domestic animals, and humans.\nPlease keep the ban on this cruel bloodsport.\n"
    },
    "86486": {
        "url": "/comment/86486",
        "comment": "I would like to express my firm opposition to the proposed changes to the Fish and Wildlife Conservation Act and accompanying Ontario Regulation 668/98, Wildlife in Captivity, through notice Notice 019-3685.\nIf adopted, this proposal would allow new licenses, and the transfer of existing licenses, for dog \"train and trial\" areas in Ontario.\nI believe that penned dog hunting facilities, used to train dogs to hunt, are cruel to the wild animals used as bait. No animal should be taken from its proper, natural environment and imprisoned by hunters. Such facilities are akin to the abhorrent \"canned\" hunting facilities, and to me have no business whatsoever in Ontario, or any society or geo/political entity that professes to be civilized.\nRather than permitting new facilities such as these, the 24 that already exist in Ontario should be shut down immediately.\n"
    },
    "86487": {
        "url": "/comment/86487",
        "comment": "This is an embarrassment to Ontario. These facilities are cruel, with the cruelty justified only by their role in an obscure, antiquated sport. I ask those responsible for this decision to consider, honestly, whether they can really imagine someone not looking back, 100 years from now, on these practices with a mixture of embarrassment and shame: this sort of thing belongs to the 17th century, and not to a modern province of Canada.\n"
    },
    "86488": {
        "url": "/comment/86488",
        "comment": "This is not acceptable.  This is not a sport.  It is a bloodshed and is utterly disgraceful, cruel and unfathomable.  This government is now condoning animal abuse?  They is nothing right about trapping terrified animals in pens and having them get torn apart.  How will you regulate this?  You can't. This will encourage dog fighting and aggressive dogs.  Why are you succumbing to back woods mentality.  We are better than that.  This is horrendous.  There is no place on this earth for animal abuse.  NO PLACE.  This will be enough for you to lose the next election.  If  you think that hunters are going to keep you in government you are sadly mistaken.  They are a minority.\n"
    }
}