{
    "85572": {
        "url": "/comment/85572",
        "comment": "I firmly reject the Ministry of Natural Resources and Forestry\u2019s proposal to allow new licenses and the transfer of licenses for train and trial areas in Ontario.Penned dog hunting facilities are cruel to the wild animals that are subjected to various methods used to train dogs to hunt.Wildlife should never be taken from their natural environments and held captive by hunters. It\u2019s especially cruel to use rabbits, coyotes, and foxes as pawns for hunters to train dogs and hold competitions.Opening applications for train and trial spaces after 25 years is a massive step backward into the past. These facilities have no place in Ontario.Instead of opening new applications, the province\u2019s existing 24 facilities need to be closed immediately.\n"
    },
    "85575": {
        "url": "/comment/85575",
        "comment": "I cannot believe anyone would think this acceptable, let alone justifiable.\nAs a person who has been to 4 provincial parks in the last 2 weeks, let me just say I am tired of dogs.   We need more parks that are pet free, let nature be.\nI would encourage the Conservative government NOT to allow this barbaric idea to proceed.\nStart protecting nature!\n.\n"
    },
    "85579": {
        "url": "/comment/85579",
        "comment": "This is a complete step backward.  Cruel to the animals the dogs are to going rip apart and dangerous to have dogs trained to do this in public.  How does a dog know the difference between a coyote and a small dog??\nI fail to see the pupose in this.  Can dog fighting be that far behind this sort of blood sport?\n"
    },
    "85582": {
        "url": "/comment/85582",
        "comment": "This is a backwards,  terrible proposal.  Hiw can this govt constantly complain of a housing crisis and building hwys, but we somehow have the land available to create these pens?\nHow barbaric to raise wild animals for the purpose of sport training.  A life of fear and captivity.  What niche market asked for this? Likely discussed at the infamous stage and doe\n"
    },
    "85584": {
        "url": "/comment/85584",
        "comment": "I have attended several meetings over the last 15 yrs in the region I live in regarding wildlife control. The number one thing they say is that 'the animals were here first', and that we need to be respectful of that. We have continual problems with coyotes in our area and concerns for our pets, kids, family. We are warned how to deal with the animals and we are observant of that. It makes sense to not encourage foxes or coyotes. I could be charged just for leaving a food source anywhere on my property or public land nearby, but here you are suggesting that you should be allowed to capture coyotes to be the prey for hunting dogs and to limit them to a controlled area to 'train' this hunt to kill process. This is animal abuse. If I let my dog loose and trained it to attack kill a wild animal - I would be charged. It is abuse.\nOntario Gov't needs to act in the same manner as they expect Ontario residents to act.\n"
    },
    "85585": {
        "url": "/comment/85585",
        "comment": "The practice of capturing wild coyotes and foxes and forcing them to act as penned prey, ultimately being chased down and brutalized by dogs is frankly disgusting, and I'm sickened to hear that the government of Ontario in any way condones these events.\nIf hunters want to hunt, they can do so in the wild rather than capturing animals in advance and hunting them when they can't get away.\nThe fact that this is being proposed at all is horrifying, do better.\n"
    },
    "85587": {
        "url": "/comment/85587",
        "comment": "Instead of opening new applications, the province\u2019s existing 24 facilities need to be closed immediately.\nI was unaware these 24 facilities existed, I am sick to my stomach, you are disgusting.\nDo better, think about the animals and how inhumane your actions are.\nDo not allow these facilities in Ontario.\nInverary, Ontario resident\n"
    }
}