{
    "88410": {
        "url": "/comment/88410",
        "comment": "I read with interest that \u201cNew train and trial areas were last approved to be established in 1997 and were intended to be phased-out over time\u201d.\nPresumably the conditions for establishing a limited number of train and trial areas was only granted with the condition they would be phased out! So what exactly has changed?\nNot only are the poor animals that will be used as bait, subjected to cruel and inhumane trapping, but they are then kept in \u201cless than ideal conditions\u201d aka terrified and constantly stressed, ( anything other than back in nature is less than ideal) until they get brutally attacked by a \u201clearner\u201d dog, or die of fright or starvation.\nPlease provide details of how these facilities are inspected and monitored by Government resources , (or have they been on the honour system of reports all this time?) and the documentation they are required to provide to qualify for and maintain their licenses.\nHow many times have licensed wildlife vets been called out to provide care or medical attention to these animals - especially those already maimed by inhumane trapping?\nFor those rabbits \u201ctransferred\u201d from other licensed facilities, what condition are they in? Too old and sick to be of use where they came from? If they are raised for food or medical experiments are they \u201cimpaired\u201d by lack of exercise due to caging? Too fat to even run away if they\u2019ve been bred for meat?  They will most certainly not be wild rabbits which should be the \u201crequirement\u201d for the training of hunting dogs!\nFor sick or infected animals - rabies is easily contracted from infected prey animals - what restrictions are in place to prevent cross contamination of species?\nWhat if any diseases or pathogens are these poor animals tested for and are they quarantined under humane supervised conditions before being admitted as hunting bait? What would constitute humane conditions for a wild animal to be kept under other than being allowed to return to the wild?\nI would also point out that for scent training purposes, a stressed animal smells distinctly different than a relaxed one, so you are training / rewarding a dog for detecting an animal in distress at such facilities.\nSo if your dog can\u2019t quite match that smell he has been trained to recognize, he will soon learn to create it by attacking and torturing his prey to create that \u201cstress effect\u201d smell. Dogs trained under such conditions will be vicious and unreliable!\nAs I do not believe you can provide favourable or indeed any answers to the majority of these questions under your current regulations, I urge you to withdraw this proposed legislation change and go back to the spirit of the 1997 proposal and withdraw current licences from the remaining 24 premises, as originally intended when this horrible experiment was first enacted.\n"
    },
    "88411": {
        "url": "/comment/88411",
        "comment": "Since when did hunting become a \"sport\".  This us an unethical and dangerous practice.  Trapping animals that cannot defend themselves is inhumane and animal abuse.  It will also not be regulated and is not breed specific.  This will put all dog breeds in danger. This would also be against Ontario's animal welfare laws.  A complete contradiction. If wild life is captured and penned for hunting then this is in complete conflict with animal welfare in keeping animals safe. This is nothing short of animal abuse.  It is disgusting that this government would even entertain something so inhumane and cruel that would cause so much distress to animals.  No other province in this country allows this.  There is no logical reason to allow something so disturbing except for big dollars from big lobbying firms.  This is wrong.  Just wrong.\n"
    },
    "88413": {
        "url": "/comment/88413",
        "comment": "This is vile and disgusting. Animal abuse at it's finest.  It absolutely astonishes me that people in government make such disturbing decisions for the sake of money.  Please be aware.  No ethical hunter would want to watch animals shred each other apart.  No person in the vast majority of this province except for a small minority and big lobbying groups with money would ever be ok with this.  This should not be allowed.\n"
    },
    "88415": {
        "url": "/comment/88415",
        "comment": "I strongly oppose the Ministry of Natural Resources and Forestry\u2019s proposal to allow new licenses, and the transfer of existing licenses, for dog train and trial areas in Ontario.Penned dog hunting facilities are cruel to the wild animals used to train dogs to hunt.Wildlife should never be taken from their natural environments and held captive by hunters.It is inhumane to use rabbits, coyotes, and foxes as bait to train dogs.New licenses for dog train and trial facilities are a huge step backward for society. These facilities have no place in Ontario.Instead of allowing new applications, the province\u2019s existing 24 facilities need to be closed immediately.\n"
    },
    "88418": {
        "url": "/comment/88418",
        "comment": "Greetings Ontario Legislative Assembly,\nCree Justice in Hunting calls for no overconsumption.  A practice like this does not fit into hunting traditions among First Nations, or most hunters.\nThis proposed amendment to the Fish and Wildlife Conservation Act of 1997 caters to: a small unpopular hunting subculture.\nI do not support the unusual practice of hunting or training on trapped animals for stoking kanine bloodlust with easy access to increased killing.\nThe dogs involved in this subculture, including dog fighting, become a menace to society.\nThe people involved in this subculture may experience psychological shocks to the frontal lobe in the brain. This affects responsiveness, caring, and empathy in humans. Care for life is a feature humans are born with, and it is a characteristic that the Ontario Legislative Assembly should be supportive of, as we endeavour to have a safe and healthy Province of Ontario to live in\n.\nResponsible caring and humble people, tend to support Human Rights.\nMembers of the subculture of penned hunting, are a less trustworthy, potential menace to society.\nMost hunting cultures consider it duty to hunt respectfully, and only when required,\nAccording to Indigenous Law, hunting is easy when your just portion of meat is due.\nI have no justification for, nor do I see any solid logic for this proposed amendment to a good existing protection Act.\nI do not think amendments that negatively impact animal welfare should be made for the sake of a subculture of entertainment, or that penned killings should be permitted for the production of hunting dogs.\nThere are better training practices for people who rely on hunting for homesteading in Ontario. These practices also keep meat more intact for consumption.\nThank you for your consideration, representatives.\nSincerely,\nYour constituent in Ontario\n"
    },
    "88420": {
        "url": "/comment/88420",
        "comment": "I firmly reject the Ministry of Natural Resources and Forestry\u2019s proposal to allow new licenses and the transfer of licenses for train and trial areas in Ontario.\nPenned dog hunting facilities are cruel to wild animals that are subjected to various methods used to train dogs to hunt.\nWildlife should never be taken from their natural environments and held captive by hunters. It\u2019s especially cruel to use rabbits, coyotes, and foxes as pawns for hunters to train dogs and hold competitions.\nOpening applications for train and trial spaces after 25 years is a massive step backward into the past. These facilities have no place in Ontario.\nInstead of opening new applications, the province\u2019s existing 24 facilities need to be closed immediately.\n"
    },
    "88421": {
        "url": "/comment/88421",
        "comment": "support ERO #019-3685 Proposal to allow the issuance of licences for new dog train and trial areas and the transfer of licences as written. More training and trialing areas in Ontario will give hunters and sporting dog community members better access to these areas, giving them more opportunities to create well-trained dogs in safely enclosed and regulated areas, ensuring they have the ability to identify the correct game species when it comes to time to hunt.\nFurthermore, more training and trialing areas also contribute to local economies where they exist through hunter and competition participant travel and visiting expenses and provide a small business opportunity to people.\nLastly, getting outdoors to train your dog at a training and trialing area is a great way to be active and spend some quality time with your dog, something that can be very beneficial for physical and mental health. Not only is it great for the handler, but being able to give your dog the opportunity to exercise and work on their skills also makes for a happier dog with a higher quality of life.\nTraining and trialing areas are important to the sporting dog community and to Ontario\u2019s hunting heritage. For these reasons and more, I support the proposal. Thank you for the opportunity to provide my comments. Thank you,\n"
    },
    "88423": {
        "url": "/comment/88423",
        "comment": "Hello,\nAfter reading this proposal I double checked the year we are living in! Yes, 2023 is correct! Then why do I feel that all of a sudden we are in ancient Rome, spectators at the Coliseum, just bring the slaves.\nIn 21st century we desperately need to train dogs to kill captive rabbits and foxes, because there's a good supply of them. Roman Emperors had the same need for entertainment.\nHunting should be a fair game. The abilities of the hunters (if they don't have any other food resources) and a fair chance for the prey to escape and survive.\nPlease,  don't be cruel!\n"
    },
    "88424": {
        "url": "/comment/88424",
        "comment": "I am a definite supporter of this bill.\nThis is a very important issue for both the dogs and the people who use the dogs for hunting.\nIt contributes to the outdoors activities for both the tourist industry and local economy in many ways.\nThis is a necessary and significant part of our economic growth.\n"
    },
    "88426": {
        "url": "/comment/88426",
        "comment": "I do not agree with continuing penned hunting even for training purposes.  It is cruel to the wild animals who have no where to go and little chance of survival.  The death they face is to be torn apart by dogs - this is so cruel I cannot find the words to express the terror they must feel as they run for their lives.  Ontario should be ashamed that it allows this type of \"training\" for hunting dogs and a ban should be imposed as soon as possible.  I believe the dogs that are being \"trained\" are also being subjected to inhumane circumstances as they can also be seriously injured during a \"hunt\".\n"
    }
}