{
    "87944": {
        "url": "/comment/87944",
        "comment": "I firmly reject the Ministry of Natural Resources and Forestry\u2019s proposal to allow new licenses and the transfer of licenses for train and trial areas in Ontario.\nPenned dog hunting facilities are cruel to the wild animals who are subjected to various methods used to train dogs to hunt.\nWildlife should never be taken from their natural environments and held captive by hunters. It\u2019s especially cruel to use rabbits, coyotes, and foxes as pawns for hunters to train dogs and hold competitions.\nOpening applications for train and trial spaces after 25 years is a massive step backward into the past. These facilities have no place in Ontario.\nInstead of opening new applications, the province\u2019s existing 24 facilities need to be closed immediately.\n"
    },
    "87945": {
        "url": "/comment/87945",
        "comment": "I do not believe the government is actually considering this kind of barbaric practices. Wild live should not be taken from their habits or used as any part of training. So disappointed with the government\u2019s action.\nThe current government is going the opposite way to preserve nature and this is disgusting.\n"
    },
    "87946": {
        "url": "/comment/87946",
        "comment": "I firmly reject the Ministry of Natural Resources and Forestry\u2019s proposal to allow new licenses and the transfer of licenses for train and trial areas in Ontario. Penned dog hunting facilities are cruel to the wild animals who are subjected to various methods used to train dogs to hunt.\nWildlife should never be taken from their natural environments and held captive by hunters. It\u2019s especially cruel to use rabbits, coyotes, and foxes as pawns for hunters to train dogs and hold competitions. Opening applications for train and trial spaces after 25 years is a massive step backward into the past. These facilities have no place in Ontario. Instead of opening new applications, the province\u2019s existing 24 facilities need to be closed immediately.\n"
    },
    "87950": {
        "url": "/comment/87950",
        "comment": "Taking wildlife from their natural environments and subjecting them to captivity and torture by hunters is completely unacceptable. It is particularly heinous to exploit rabbits, coyotes, and foxes as mere objects for hunters to train their dogs and engage in competitions. The decision to open up applications for train and trial spaces after 25 years is an enormous regression into a barbaric past. Such facilities have absolutely no place in Ontario and must be unequivocally condemned.\n"
    },
    "87952": {
        "url": "/comment/87952",
        "comment": "Wildlife should never be taken from their habitat by hunters and kept captive. They are already hurt seriously by the cruel traps then are used for dogs to train to hunt. This is cruel and evil and I am shocked this is happening in Ontario and the government is ok with this. I am vegan so I know alot but was unaware of this particular abuse. Please do not pass this and have a heart for the abuse and torture you are allowing on these beautiful wild animals.\n"
    },
    "87953": {
        "url": "/comment/87953",
        "comment": "I am against Ontario expanding licenses for training facilities that use wildlife to train dogs for hunting AND of the transferring of existing licenses. The current existing facilities should be closed.\nSaying expansion of these facilities is needed to prevent the dog sport from moving underground is an abdication of your responsibilities.  Do your job of monitoring and enforcing.\n"
    },
    "87955": {
        "url": "/comment/87955",
        "comment": "I firmly reject the Ministry of Natural Resources and Forestry\u2019s proposal to allow new licenses and the transfer of licenses for train and trial areas in Ontario.\nPenned dog hunting facilities are cruel to the wild animals who are subjected to various methods used to train dogs to hunt.\nWildlife should never be taken from their natural environments and held captive by hunters. It\u2019s especially cruel to use rabbits, coyotes, and foxes as pawns for hunters to train dogs and hold competitions.\nOpening applications for train and trial spaces after 25 years is a massive step backward into the past. These facilities have no place in Ontario.\nInstead of opening new applications, the province\u2019s existing 24 facilities need to be closed immediately.\n"
    },
    "87956": {
        "url": "/comment/87956",
        "comment": "I firmly reject the Ministry of Natural Resources and Forestry\u2019s proposal to allow new licenses and the transfer of licenses for train and trial areas in Ontario. Why would a province in Canada support the captivity of animals in order to train police dogs? Not only is it a cruel and inhumane way to train police canines, but reversing changes made 25 years ago is a massive step backward into the past. These facilities have no place in Ontario. This is an idea that the enemies of Canada would employ, not something this beautiful province of ours should move to implement.\nThe Ministry should take a moment and imagine what the animals that will be held captive feel; taken from their homes, where they were free to roam, to being trapped in a cage, let out only for other animals to attack and injure you again and again until you die from your injuries.\nAppalling and unbecoming of the province of Ontario.\n"
    },
    "87957": {
        "url": "/comment/87957",
        "comment": "I firmly reject the Ministry of Natural Resources and Forestry\u2019s proposal to allow new licenses and the transfer of licenses for train and trial areas in Ontario.\nPenned dog hunting facilities are cruel to the wild animals who are subjected to various methods used to train dogs to hunt. They are also dangerous to the dogs used for \u201ctraining\u201d and hunting. They also encourage violent behaviour from the dogs, making them unsafe to participate in society.\nWildlife should never be taken from their natural environments and held captive by hunters. It\u2019s especially cruel to use rabbits, coyotes, and foxes as pawns for hunters to train dogs and hold competitions.\nOpening applications for train and trial spaces after 25 years is a massive step backward into the past. These facilities have no place in Ontario.\nInstead of opening new applications, the province\u2019s existing 24 facilities need to be closed immediately.\n"
    },
    "87958": {
        "url": "/comment/87958",
        "comment": "I firmly reject the Ministry of Natural Resources and Forestry\u2019s proposal to allow new licenses and the transfer of licenses for train and trial areas in Ontario.\nPenned dog hunting facilities are cruel to the wild animals who are subjected to various methods used to train dogs to hunt.\nWildlife should never be taken from their natural environments and held captive by hunters. It\u2019s especially cruel to use rabbits, coyotes, and foxes as pawns for hunters to train dogs and hold competitions.\nOpening applications for train and trial spaces after 25 years is a massive step backward into the past. These facilities have no place in Ontario.\nInstead of opening new applications, the province\u2019s existing 24 facilities need to be closed immediately. That this even exists in today's society is a shock - wildlife have a hard enough time as it is today with urban sprawl and wildfires. This cruel practice should be stopped immediately\n"
    },
    "87959": {
        "url": "/comment/87959",
        "comment": "I just read this Proposal to allow the issuance of licences for new dog train and trial areas and the transfer of licences.\nI am sickened to hear that this is something proposed in this day and age.\nWhere is the regard for wildlife?\nI am vehemently opposed to this proposal. I will spread this news to everyone I know. We are teaching our children to respect the environment and respect wildlife. This is a slap in the face and does the opposite. It lets our kids know that lives are worthless, not to mention the suffering that has been proven to be felt by these sentient creatures.\nI am so disappointed with the individuals who thought this would be okay. There is something wrong with their sense of right and wrong. We are trying to curb violence not encourage it.\nThis proposal is unacceptable. Please STOP this immediately. It is not thought through and not okay. It makes me sick to my stomach.\n"
    },
    "87960": {
        "url": "/comment/87960",
        "comment": "I firmly reject the Ministry of Natural Resources and Forestry\u2019s proposal to allow new licenses and the transfer of licenses for train and trial areas in Ontario.\nPenned dog hunting facilities are cruel to the wild animals that are subjected to various methods used to train dogs to hunt.\nWildlife should never be taken from their natural environments and held captive by hunters. It\u2019s especially cruel to use rabbits, coyotes, and foxes as pawns for hunters to train dogs and hold competitions.\nOpening applications for train and trial spaces after 25 years is a massive step backward into the past. These facilities have no place in Ontario.\nInstead of opening new applications, the province\u2019s existing 24 facilities need to be closed immediately.\n"
    },
    "87961": {
        "url": "/comment/87961",
        "comment": "I firmly reject the Ministry of Natural Resources and Forestry\u2019s proposal to allow new licenses and the transfer of licenses for train and trial areas in Ontario.\n"
    },
    "87963": {
        "url": "/comment/87963",
        "comment": "I am totally apposed to expanding is barbaric practise. Absolutely appalling and cruel.\nHunting pens are inhumane and unethical. Wild animals such as foxes, coyotes, and rabbits are captured and held in captivity only to be subjected to cruelty, abuse, and suffering through the training and trialing of hunting dogs. These archaic facilities have no place in today\u2019s society.\nFurthermore our wildlife is an important part of our ecosystem which in itself needs protection.\n"
    }
}