{
    "84342": {
        "url": "/comment/84342",
        "comment": "Trial and train camps are no better than dog fighting. Is this what Canadian do? Submit wildlife to torturous deaths. When the rest of the world is recognizing animals as sentient beings we are bringing back antiquated practices that submit animals to cruelty. Wildlife lives in a state of fear all their lives. Trying to survive amongst a changing environment and we are even considering putting them in an area of no escape to allow them to be killed by a pack of hounds. Should we not re consider how we treat wildlife?\n"
    },
    "84343": {
        "url": "/comment/84343",
        "comment": "Wildlife in Ontario shouldn't ever be taken from their natural environment by hunters. It\u2019s unbelievably torturous to use rabbits, coyotes, and foxes as game for hunters in the training of dogs and participation in competitions.  Ontario has a poor record for conserving wildlife and the environment and this will make things worse. Ontario can do better.\n"
    },
    "84344": {
        "url": "/comment/84344",
        "comment": "To whom it may concern :\nI strongly oppose the Ministry of Natural Resources and Forestry\u2019s proposal to allow new licenses and the transfer of licenses for train and trial areas in Ontario.  I cannot support a government that permits train and trial areas.\nPenned dog hunting facilities are cruel to the wild animals that are subjected to various methods used to train dogs to hunt.\nWildlife should never be taken from their natural environments and held captive by hunters. It\u2019s especially cruel to use rabbits, coyotes, and foxes as pawns for hunters to train dogs and hold competitions.  This is savage and wicked treatment of another species.\nOpening applications for train and trial spaces after 25 years is a massive step backward into the past. These facilities have no place in Ontario.\nInstead of opening new applications, the province\u2019s existing 24 facilities need to be closed immediately.\n"
    },
    "84346": {
        "url": "/comment/84346",
        "comment": "I firmly reject the Ministry of Natural Resources and Forestry\u2019s proposal to allow new licenses and the transfer of licenses for train and trial areas in Ontario.\nPenned dog hunting facilities are cruel to the wild animals that are subjected to various methods used to train dogs to hunt.\nWildlife should never be taken from their natural environments and held captive by hunters. It\u2019s especially cruel to use rabbits, coyotes, and foxes as pawns for hunters to train dogs and hold competitions.\nOpening applications for train and trial spaces after 25 years is a massive step backward into the past. These facilities have no place in Ontario. Instead of opening new applications, the province\u2019s existing 24 facilities need to be closed immediately.\n"
    },
    "84348": {
        "url": "/comment/84348",
        "comment": "I firmly reject the Ministry of Natural Resources and Forestry\u2019s proposal to allow new licenses and the transfer of licenses for train and trial areas in Ontario.\nPenned dog hunting facilities are cruel to the wild animals that are subjected to various methods used to train dogs to hunt.\nWildlife should never be taken from their natural environments and held captive by hunters. It\u2019s especially cruel to use rabbits, coyotes, and foxes as pawns for hunters to train dogs and hold competitions.\nOpening applications for train and trial spaces after 25 years is a massive step backward into the past. These facilities have no place in Ontario.\nInstead of opening new applications, the province\u2019s existing 24 facilities need to be closed immediately.\n"
    },
    "84349": {
        "url": "/comment/84349",
        "comment": "Wildlife should never be taken from their natural environments and held captive by hunters. It\u2019s especially cruel to use rabbits, coyotes, and foxes as pawns for hunters to train dogs and hold competitions.\nOpening applications for train and trial spaces after 25 years is a massive step backward into the past. These facilities have no place in Ontario. Instead of opening new applications, the province\u2019s existing 24 facilities need to be closed immediately!\n"
    },
    "84350": {
        "url": "/comment/84350",
        "comment": "Please do not support this initiative. Canada must support the respect for life of any and all species. Dogs are not meant to kill or help kill any other being.\nBesides, promoting hunting as a sport will only encourage the rise in violence that the world is experiencing. We must learn from our mistakes and stop hurting and exterminating life in this planet.\nCanada must be an example for the rest of the world.\n"
    },
    "84355": {
        "url": "/comment/84355",
        "comment": "To capture and use wildlife for training hunting dogs is both archaic, inhumane and a step backwards on the evolutionary scale.  Just because the Ministry is receiving requests does not mean it is acceptable!  To even consider bringing back licensing that has not been allowed for decades is absolutely astounding and a lack of progressive thinking.  We are not in the dark ages.  This is catering to an extremely small segment of the population at the cost of our dwindling wildlife.  And at the cost of our humanity.  If racing greyhounds can be trained with fake rabbits, why not hunting dogs?  Creativity is needed here, not prehistoric thinking!\n"
    },
    "84356": {
        "url": "/comment/84356",
        "comment": "I strongly object to the proposal to allow new licences and the transfer of existing licences for train and trial areas in Ontario. Such practices are cruel to wildlife and represent a huge step backward in creating a compassionate society in Ontario. I would suggest that existing facilities need to be closed ASAP. It's 2023 now - attitudes as well as needs have changed. Not only are such practices deleterious to wildlife, hunting dogs represent a class of animal that is often abandoned by hunters following the hunting season. It's time to make Ontario a more compassionate place by banning such backward practices.\n"
    },
    "84357": {
        "url": "/comment/84357",
        "comment": "I firmly reject the Ministry of Natural Resources and Forestry\u2019s proposal to allow new licenses and the transfer of licenses for train and trial areas in Ontario.\nPenned dog hunting facilities are cruel to the wild animals that are subjected to various methods used to train dogs to hunt.\nWildlife should never be taken from their natural environments and held captive by hunters. It\u2019s especially cruel to use rabbits, coyotes, and foxes as pawns for hunters to train dogs and hold competitions.\nOpening applications for train and trial spaces after 25 years is a massive step backward into the past. These facilities have no place in Ontario.\nInstead of opening new applications, the province\u2019s existing 24 facilities need to be closed immediately.\n"
    },
    "84358": {
        "url": "/comment/84358",
        "comment": "I am deeply disheartened to think that the Ontario government is proposing amendments to the Fish and Wildlife Conservation Act to allow new licenses for dog 'train and trial' areas. That hunting pens for dog 'train and trials' would even be a consideration given the fact that they were phased out in 1997 is shocking to me. Should we not be evolving in terms of animal welfare rather than devolving? Hunting pens are inhumane and unethical.\nTo deliberately subject animals to cruelty, abuse, and suffering through the training and trialing of hunting dogs is reprehensible. These archaic facilities have no place in today\u2019s society. Where is our empathy for the suffering of other sentient creatures? As the saying goes \"when you know better, you must do better\". I should think by now we most certainly know better.\nSincerely,\nA Very Concerned Canadian Citizen\n"
    },
    "84363": {
        "url": "/comment/84363",
        "comment": "Absolutely shocked to discover that facilities like this currently exist in Ontario. Opening applications for train and trial spaces after 25 years would be a massive step backward into the past. These facilities have no place in Ontario and should be closed down. The suffering endured by the animals involved is cruel and inhumane and there is NO legitimate reason for this to continue. Please have compassion and respect for the lives of animals and the wildlife in which we share our spaces with.\n"
    },
    "84365": {
        "url": "/comment/84365",
        "comment": "Hunting pens are inhumane and unethical. Wild animals such as foxes, coyotes, and rabbits are captured and held in captivity only to be subjected to cruelty, abuse, and suffering through the training and trialing of hunting dogs. These archaic facilities have no place in today\u2019s society. What kind of human beings have we become to allow this disgusting act?\nI voted for Ford twice but NOT AGAIN! Had enough of this man. He has got to go once and for all! Will never vote for him again, period!\n"
    }
}