{
    "86876": {
        "url": "/comment/86876",
        "comment": "As an active participant of dog trails in Ontario, I support the amendment of the Fish and Wildlife Conservation Act, 1997, and associated regulations to allow for the issuance of licences of new dog train and trial areas, and to allow the transfer of licences.\nThere are currently only a handful of licenced pens that I can travel to in Ontario, most of which are over 200 km away from my home. I more often travel to the USA where, due to their lack of barriers in licencing such as those currently in Ontario, are more accessible.  I can\u2019t help but note the small boost in local economies that this amendment would provide.\nIt is my experience that professional dog trainers and owners alike are greatly concerned about environmental sustainability and animal welfare.  It is in our best interest to maintain healthy game populations and optimal conditioning of these animals to allow our dogs to hunt fairly.\nOn a grander scale, the preservation of land in its natural state would undeniably result in a positive impact and offset carbon emissions.\nParticipants in this sport are part of a niche group. I don\u2019t expect the impact of this amendment to be colossal or cause any harm once so ever to environmental or animal welfare.\n"
    },
    "86877": {
        "url": "/comment/86877",
        "comment": "Bear baiting, rhino poaching for ivory, bull fighting, cock fighting, fox hunting, chuck wagon racing, pitbull fighting - the list goes on and on and what do we do - continue and will widen this barbaric programme of penned wildlife.  This is outrageous.  It is enough that hunters can use scopes, helicopters, all terrain vehicles, noise enticements, scents etc. - and now this under guise of dog training.\nThis will promote vicious dogs all for the enticement of blood sport.  This will attract the worst type of hunter and also entice others from out of the country, especially the gun happy hunters from our southern neighbour!  I have been a Conservative nearly all my life but Mr. Ford you and your government have finally crossed the line.  If this is not discontinued or at least not expanded and not passed on to new p;roponents you will have lost my vote and I will pass this on to all of my animal lovers to take note.\n"
    },
    "86880": {
        "url": "/comment/86880",
        "comment": "To whom it may concern, These trapped animals are being stressed out for the purpose of hunting dogs to gain knowledge to hunt in the wild. As a society, we are continuously encroaching on wild spaces thus creating stress for these animals. I observe ATVs and snowmobiles encroaching on these wild spaces all the time. According to the Conservation ACT, any animals trapped, can only be displaced less than 1 km.\n"
    },
    "86881": {
        "url": "/comment/86881",
        "comment": "I strongly oppose the Ministry of Natural Resources and Forestry\u2019s proposal to allow new licenses, and the transfer of existing licenses, for dog train and trial areas in Ontario. The ministy is supposed to protect wildlife, not harm it.  Using, capturing and harming any single animal is absolutely disgusting. I think you should try it on the organizers and see how they feel about being cooped up and then chased and attacked by an dog.  Penned dog hunting facilities are cruel to the wild animals used to train dogs to hunt.  Wildlife should never be taken from their natural environments and held captive by hunters ever!  It's totally inhumane to use rabbits, coyotes, and foxes or any animal as bait to train dogs.  New licenses for dog train and trial facilities are a huge step backward for society. These facilities have no place in Ontario or anywhere in the world.  Instead of allowing new applications, the province\u2019s existing 24 facilities need to be closed immediately!  Shame on you disgusting barbaric ignorant people.\n"
    },
    "86882": {
        "url": "/comment/86882",
        "comment": "I say no and  reject the province\u2019s proposal to allow new licenses for dog hunting pens.\nBackgrounder:\nHounding pens are essentially legalized animal cruelty. Dogs are trained in these facilities how to kill coyotes and foxes with their teeth. Outside of these facilities/pens, in the natural environment, multiple dogs at a time are let loose to track and chase down a  coyote or fox. The dog behaviour is learned in these training facilities/pens how to track, attack and kill coyotes and foxes. Dogs pursue by running a canid to exhaustion and often viciously mauling them to death.\nTrappers can live trap a fox or coyote and sell them to these barbaric pen facilities 365 days a year.\n\"Hounders\" (dog handlers with guns) may shoot the fleeing canid in the side or hip area (these \"rot shots\" are meant to injure not kill) which causes immense suffering and a blood trail for the dogs in pursuit. Individuals may incite attacks on injured animals as well once the fox/coyote is caught and is surrounded by the dogs. Dogs used to chase down canids are equipped with GPS and shock collars while their handlers track the dogs from their vehicles. Another approach is for the dog handlers to stand along roadways with their weapons waiting for the dogs to flush out the fleeing coyote or fox.\nRabbits are also kept in smaller captive pens to train hunting dogs. These wild (captive) animals are exposed to horrendous stress, injury and constant harassment in these facilities/pens. If they survive, they survive another day only to be tortured again during these \"training\" sessions. Dog fighting is shunned and illegal, yet our province wants to open up more of these horror compounds and pass on grandfathered licences.\nNo to this barbaric proposal.\n"
    },
    "86883": {
        "url": "/comment/86883",
        "comment": "I was pleased when previous governments restricted/banned future licences for these facilities that supposedly train dogs to chase and kill prey - foxes and coyotes.  This measure to licence more of these penned hunting enclosures is a major step backward.  There is no logical justification for this practice.  Whether the dog just chases or is able to catch and kill the fox or coyote, it does so after causing stress to the fox or coyote.\nWhy would we (the public) allow dogs to be trained to kill with this proposed legislation?\nI am disappointed with the Ontario Federation of Hunters and Fishers in supporting this cruel hunting approach.  So much for respecting nature and the wildlife that it supports.\n"
    },
    "86884": {
        "url": "/comment/86884",
        "comment": "As a teen living in Toronto this is very upsetting and disappointing and makes me very resentful towards the Ford government.\nI firmly reject the Ministry of Natural Resources and Forestry\u2019s proposal to allow new licenses and the transfer of licenses for train and trial areas in Ontario.\nPenned dog hunting facilities are cruel to the wild animals that are subjected to various methods used to train dogs to hunt.\n"
    },
    "86885": {
        "url": "/comment/86885",
        "comment": "Dear Mr. Ford,\nI am unaware of the existence of such an organization!\nNot only that, I am horrified at the need for such!!\nAdd to that, learning that it\u2019s main existence is for competition\u2026I am in tears as I think of the terror it brings to both sides\u2026the wild animals\u2026and also the dogs being trained!!\nThe cruelty is inexcusable.\nReinstating a law that was created in 1997 to phase out  this cruelty is also inexcusable.\nHow does does killing coyotes (rabbits and foxes) help dogs to track/kill deer, moose and other animals we eat?\nPeople very experienced in this crusade can say it better than I\u2026\n\u2022\tI firmly reject the Ministry of Natural Resources and Forestry\u2019s proposal to allow new licenses and the transfer of licenses for train and trial areas in Ontario.\n\t\u2022\tPenned dog hunting facilities are cruel to the wild animals who are subjected to various methods used to train dogs to hunt.\n\t\u2022\tWildlife should never be taken from their natural environments and held captive by hunters. It\u2019s especially cruel to use rabbits, coyotes, and foxes as pawns for hunters to train dogs and hold competitions.\n\t\u2022\tOpening applications for train and trial spaces after 25 years is a massive step backward into the past. These facilities have no place in Ontario.\n\t\u2022\tInstead of opening new applications, the province\u2019s existing 24 facilities need to be closed immediately.\nSincerely and with hope in my heart,\nA Concerned Animal Lover\n"
    },
    "86887": {
        "url": "/comment/86887",
        "comment": "This is a disgusting proposal and should not be considered further.\nPenned dog hunting facilities are cruel to the wild animals used to train dogs to hunt.\nWildlife should never be taken from their natural environments and held captive by hunters.\nIt is inhumane to use rabbits, coyotes, and foxes as bait to train dogs.\nWhat gives humans the right to do this to animals?  This is cruelty at its best and should be eliminated entirely.\n"
    },
    "86890": {
        "url": "/comment/86890",
        "comment": "I vehemently oppose the Ministry of Natural Resources & Forestry's proposed amendment to sell licenses for penned hunting facilities. Anyway you want to dress this, it's just plain cruelty. Bad enough that we are developing on protected land and reducing their habitat so they have no place to live, now you propose they just be caught, caged, tortured and killed for dog owner's pleasure. Absolutely disgusting!!\n"
    },
    "86891": {
        "url": "/comment/86891",
        "comment": "I do not agree with this proposal to allow new dog train and trial licences to be issued. The potential for abuse of wildlife is significant and the resources to adequately regulate the existing licences are clearly lacking. Adding more licences will dilute any supervision ever further and allow an entertainment element and illegal gambling to flourish.\nWe do not allow dog fighting, cockfighting or any other such \u201csports\u201d and I expect our government to uphold our laws against animal cruelty regardless of the species.\n"
    }
}