{
    "89134": {
        "url": "/comment/89134",
        "comment": "This is absolutely inhumane and I\u2019m appalled. Why is this even a consideration? Please stop encouraging animal cruelty. This bill should be thrown out. How would you feel if your children and loved ones were taken away from you and placed in a hunting ground for predators to harm, torture and kill them? Why is this act criminal towards humans but encouraged and supported by humans towards innocent animals? Is it because they don\u2019t have a voice?\nPlease think about the harm your actions are and will cause. DO THE RIGHT THING. DO NOT LET THIS HAPPEN.\n"
    },
    "89141": {
        "url": "/comment/89141",
        "comment": "I am against the amendment of the FWCA to allow hunting and training pens in Ontario. This is barbaric and inhumane to all wildlife involved. Humans have had a devastating impact on nature and the environment of our wildlife. We should be doing everything to support wildlife and not abuse it for the entertainment have a very select few. Please outlawed these pens.\n"
    },
    "89142": {
        "url": "/comment/89142",
        "comment": "Please do not allow this cruel and inhumane torture of wild and innocent animal life. This is not the direction we should be moving in as a species, and as people become more aware of the sentient nature of animal life, it is only a matter of time before these practices will be condoned, let that time be now.\nThank you\n"
    },
    "89147": {
        "url": "/comment/89147",
        "comment": "This proposal is barbaric. Using wildlife trapped in enclosed spaces to train dogs to hunt was a practice being phased out. It should be eliminated. I am disgusted that this government is proposing a change to the laws. I do not support this proposal. Cruelty to wildlife is something that our province should be eliminating. We should not be increasing the ability to do so in a manner that protects those engaging in the activities.\n"
    }
}