{
    "83967": {
        "url": "/comment/83967",
        "comment": "I would support the transfer of existing T and T areas to new operators due to the issues raised, age of licensee etc.  I do not support the application for new T and T areas.  It is quite possible that the drop from 60 to 24 T and T areas now, is an accurate reflection of what is needed and sustainable.  Quite possibly, those that dropped off were not up to par, not able to or willing to comply with standards.\n"
    },
    "84013": {
        "url": "/comment/84013",
        "comment": "This proposal to issue a licence for new train and trial areas and make the licence transferable is a good idea.\nThis will keep the hunting dogs safe and will keep them from entering private property. When you release your dog in an enclosure it gives you peace of mind that it can\u2019t get out and onto a roadway where it could be killed and cause a accident.\nIt would help the local economy where the enclosure is located by bringing in competitors from the province and from the USA.\n"
    },
    "84014": {
        "url": "/comment/84014",
        "comment": "I strongly support this proposal which removes obstacles and decreases the time to get or assume licenses to have hunting dog train and trialing areas.\nWell trained hunting dogs are a joy to watch by all involved in training and trialing activities. When these same dogs are taken out during legal seasons they add many important aspects to the hunt, not limited to safety, conservation, enjoyment by all involved.\nPlease pass this bill at the earliest possible opportunity.\n"
    }
}