{
    "87860": {
        "url": "/comment/87860",
        "comment": "I firmly reject the Ministry of Natural Resources and Forestry\u2019s proposal to allow new licenses and the transfer of licenses for train and trial areas in Ontario. I believe using Penned dog hunting facilities is inhumane, especially when using wild animals such as foxes, rabbits and coyotes that are being held captive by hunters to train their dogs.\nIf we open applications for train and trial spaces, we are taking a massive step backwards. We should instead be closing the existing 24 facilities in Ontario.\nWild animals belong in their natural habitats, not at these facilities.\n"
    },
    "87861": {
        "url": "/comment/87861",
        "comment": "These facilities should be illegal. This is clear and obvious animal cruelty and it's unbelievable that anyone would consider this a 'sport'. No person can personally torture and kill a rabbit or coyote on their property without animal cruelty charges, so why are these facilities allowed to exist and possibly expand?\nSociety should do everything possible to protect wild animals, not subject them to torture for the amusement of humans. Opening applications for train and trial spaces after 25 years is a massive step backward into the past. Facilities that promote such cruelty to defenseless animals have no place in Ontario. Not only should we avoid opening new ones, but the province\u2019s existing 24 facilities should be closed permanently as well.\n"
    },
    "87862": {
        "url": "/comment/87862",
        "comment": "This is so wrong!!!! It\u2019s bad enough how the Ontario government allows it\u2019s own citizens to be homeless. Now you want to torture animals? It\u2019s 2023, we need to be better than this. It\u2019s highly unethical to treat animals in this way. I do not agree with this at all. There are healthier, kinder ways to train dogs. It\u2019s so evil to subject innocent animals to this type of treatment. Shame on the Ontario government if it goes through with this.\n"
    },
    "87864": {
        "url": "/comment/87864",
        "comment": "I utterly reject the Ministry of Natural Resources and Forestry\u2019s proposal to allow new licenses and the transfer of licenses for train and trial areas in Ontario. To be one of the animals and having to be tortured over and over until I'm ultimately killed by the dogs is barbaric and unnecessary! Use mechanical methods instead. Wildlife do not belong being held captive and tortured!\n"
    },
    "87865": {
        "url": "/comment/87865",
        "comment": "How this is even being allowed to be discussed in a first world country is beyond me. But it goes without saying that this is an abominable practice that only furthers the interests of some people at the cost of basic decency and compassion.\n"
    },
    "87871": {
        "url": "/comment/87871",
        "comment": "These facilities should be illegal.  This is animal cruelty plain and simple.  Disgusting that anyone would consider this a 'sport'.  I can't torture and kill a rabbit or coyote on my property without animal cruelty charges (and I would never ever want to) so why are these facilities allowed to exist and possibly expand.\nSociety should do everything possible to protect wild animals, they have a place within the ecosystem and should never be subjected to this kind of torture, for the amusement of humans.  If you want your dog to chase coyotes or rabbits away from your crops, they can be trained without resorting to torture of animals, whether wild 'caught' or raised for this purposed (a whole other area of extreme animal torture).\nNaturalist experts and environmental diversity experts should be consulted and they would explain why this practice is as outdated as dog fighting or bull running and should be banned.\nSociety needs to evolve to be more compassionate and accepting of the rich diversity of our ecosystems and relegate the torture of animals for human pleasure in the distant past.  We are better than this and our laws should reflect this.\n"
    },
    "87874": {
        "url": "/comment/87874",
        "comment": "The language of the proposal does not address safety of the animals listed, both domestic and captured.\nThis proposal is written in the context that wildlife is property and that the fate of even domestic rabbits could be ruled as prey for this sport by the state\nAt best, this is destructive for very small scale, allegedly \"neutral to positive\" economic gain.\nAt worst, this is cruel, irresponsible and a danger to both domestic animals and wildlife.\nChasing sports like dog racing doesn't require a live animal, nor does this.\nRethink this dangerous and unnecessary proposal, it's not for a civilized society.\n"
    }
}