{
    "89414": {
        "url": "/comment/89414",
        "comment": "\"New train and trial areas were last approved to be established in 1997 and were intended to be phased-out over time.\"\nInstead of increasing the number of these cruel facilities, let's carry on with phasing out the ones that still exist today. Hunting with dogs is a barbaric practice, and we should not be facilitating it.\n"
    },
    "89416": {
        "url": "/comment/89416",
        "comment": "Why does it feel as if Ontario is going backward in a time when the environment is in crisis? This government is attacking green space, conservation, air quality, water quality, farmland and wildlife. It\u2019s appalling. The intelligent, and those without a financial agenda, recognize that time is running out on a healthy future for the younger generations. This government\u2019s self-motivated behaviour will be their legacy for decades to follow if allowed to run rampant. Speak up!\n"
    },
    "89420": {
        "url": "/comment/89420",
        "comment": "This proposal is unnecessary, unacceptable, and cruel. We do NOT support this in any way, and should be illegal.\n"
    },
    "89423": {
        "url": "/comment/89423",
        "comment": "I strongly oppose the proposed emend to the Fish and Wildlife Conservation Act (FWCA) that encourages animal cruelty through the use of hunting dogs. The current existence of 24 enclosed train and trial areas in Ontario, where animals are trapped and taken from their habitats, is already unacceptable. These timid coyotes, frightened foxes, and peaceful cottontails are subjected to a life of intense fear, trauma, and extreme stress as they are relentlessly pursued by dogs.\nIt is disheartening to see that in 1997, there were plans to phase out this archaic practice, with no new licenses being issued and existing licenses prohibited from being transferred. However, the proposed change would allow for the opening of more train and trial areas and the transfer of existing ones to new owners. This means that these unspeakable practice will not only continue to exist but also become more prevalent. What a huge throwback.\nWe must take a stand against the inhumane treatment of wildlife before it's too late. More innocent animals will be torn away from their families and forced to endure a life that no living being deserves. It is crucial that we prioritize the well-being and protection of these creatures and work towards more compassionate and ethical approaches to wildlife conservation.\nIn addition to being cruel and archaic, the proposed practice is also elitist. It promotes favoritism towards the privileged class, further deepening social divides. By expanding the train and trial areas and allowing the transfer of existing ones, this practice reinforces the notion that certain individuals have the right to exploit and subject innocent animals to suffering for their own entertainment. It perpetuates a culture of entitlement where the lives and well-being of wildlife are disregarded.\nFurthermore, the proliferation of firearms associated with this practice poses a significant threat to the general safety of the community. The increased presence of firearms can potentially facilitate more crimes against people, jeopardizing the overall security of our society. This is an alarming consequence that should not be overlooked. We must stand against such practices that perpetuate inequality, promote cruelty, and compromise the well-being of both animals and humans alike.\nIf dog-fighting has been illegal in Canada since 1892, and rightfully so, it raises an important question: What is the difference between dog-fighting and the enclosed train and trial areas for hunting in Ontario? The suffering endured by animals in both cases is undeniably cruel and unacceptable.\nThis is a clear case of causing unnecessary suffering to animals, which is explicitly deemed a crime under the Criminal Code.\nThe fundamental difference between dog-fighting and these enclosed areas may lie in the explicit intent and format of the activities. However, the underlying cruelty and harm inflicted upon animals are strikingly similar. Both practices exploit animals for human pleasure and entertainment, disregarding their well-being and violating their basic rights.\nI hope the names of the politicians that vote in favor this vexatious emend will be made public. What a shame.\nRegina Claudia Madeira\nWhitby - Ontario\n"
    }
}