{
    "88835": {
        "url": "/comment/88835",
        "comment": "All provinces should be in line with standards animal welfare practice and regulations. The extremely cruel and barbaric practice of pen training belongs firmly in the past. If hunting must continue at all, it cannot be further intensified in this unfair, irresponsible and manipulative way.\n"
    },
    "88838": {
        "url": "/comment/88838",
        "comment": "I find this disturbing and another wrong turn for the Ford government in 2023.\nI strongly oppose the Ministry of Natural Resources and Forestry\u2019s proposal to allow new licenses, and the transfer of existing licenses, for dog train and trial areas in Ontario.\nThese facilities represent outdated, out-of-touch activities and attitudes that I\u2019m ashamed my provincial government is supporting and expanding. Instead of allowing new applications, the province\u2019s existing 24 facilities need to be closed.\nPenned dog hunting facilities are cruel by design, unnecessary, and have no place anywhere in my Ontario.\n"
    },
    "88839": {
        "url": "/comment/88839",
        "comment": "Are you people seriously on crack?  Do you realize how uneducated, barbaric and plain stupid this sounds??\nLet me get this straight just to ensure I am understanding correctly\u2026\nYou are taking defenseless wildlife and putting them in an enclosed area with hunting dogs so they can be hunted by said dogs and brutally torn apart???  Are we in or out of the caveman century?  I mistakenly assumed we had come far from this.\nWhat you are proposing is totally absurd, ridiculous, dangerous for your proposed victim animals\u2026 and terrifying.\nYou need to throw this stupidity out of the window immediately, no less spending probably thousands of tax dollars in the process.\nBetter still\u2026 why don\u2019t you consider throwing some of the people who are proposing this stupidity with a pack of hunting dogs and see how long they would survive?  That actually seems more fair and fitting.\n"
    },
    "88840": {
        "url": "/comment/88840",
        "comment": "I strongly oppose the Ministry of Natural Resources and Forestry\u2019s proposal to allow new licenses, and the transfer of existing licenses, for dog train and trial areas in Ontario.\nPenned dog hunting facilities are cruel to the wild animals used to train dogs to hunt.\nWildlife should never be taken from their natural environments and held captive by hunters.\nIt is inhumane to use rabbits, coyotes, and foxes as bait to train dogs.\nNew licenses for dog train and trial facilities are a huge step backward for society. These facilities have no place in Ontario.\nSHAME ON YOU ONTARIO!\nyou're just throwing up!\n"
    },
    "88842": {
        "url": "/comment/88842",
        "comment": "Wildlife should never be taken from nature and held captive as bait to train dogs. Why does this need to be said? We have been training hunting dogs for centuries without having to keep prey captive for them. This practice is gross, arrogant, and lazy, and has no place in 2023.\nI would suggest, instead of allowing new applications, the province\u2019s existing 24 facilities need to be closed immediately. Furthermore, anyone who thought this was a good idea should go home and rethink all the decisions that brought them to this moment. For shame.\n"
    },
    "88843": {
        "url": "/comment/88843",
        "comment": "I was frankly horrified to learn of the existence in Ontario of 'dog train and trial areas' where captive wildlife is used as bait.  The Government should be shutting them down, not expanding their numbers.  They deeply offend the morals of a supposedly civilized society.\nWe do not have the ethical right to intentionally inflict this kind of pain, injury, torture, and death on animals trapped and contained for the purpose.  Societies for the Prevention of Cruelty to Animals everywhere have been founded and based on this premise.\nThe practice of hunting wildlife with dogs (such as those that are being trained in these facilities) is itself morally repugnant.  Even fox hunting in England is at last being seen as the cruel and heartless sport that it has always been.  An enlightened society does not allow or promote such barbaric recreations.\nLet's face it, no-one in Ontario needs to hunt wildlife with dogs.  Responsible hunters do exist, but at a minimum they realize that there must be limits to how their prey are treated.  To allow wild animals to be torn apart by dogs specifically trained to do this is an inhumane and tragic abuse of living creatures.\n"
    },
    "88844": {
        "url": "/comment/88844",
        "comment": "I strongly, completely and absolutely OPPOSE the Ministry of Natural Resources and Forestry\u2019s disgusting and outdated proposal to allow new licenses, and the transfer of existing licenses, for dog training and trial areas in Ontario!\nThe vast majority of people no longer tolerate this and reject not only this backwards and outdated practice but also reject hunting in general. This is outrageously cruel to the wild animals used to train dogs for an outdated and disgusting \u201cmurder-sport\u201d.\nIt is not only inhumane but it is also void of all shards of intelligence and decency to take wild animals from their natural environments, held without chance of survival, for the \u201ctraining\u201d and sheer entertainment of this antiquated, cruel and vicious bloodbath, slaughter and massacre called \u201chunting\u201d.\nNot only should any new licences for these nightmarishly cruel facilities be stopped, but all existing facilities should be shut down immediately and used for something environmentally useful.\nSurely there is someone within this ministry that has enough intelligence, courage and decency to do the right thing. People care more than you realize and we are watching you.\n"
    },
    "88848": {
        "url": "/comment/88848",
        "comment": "THIS IS ABSOLUTELY WRONG!!\nWe should be cancelling ANY LOCATION that even thinks about or currently uses this kind of attack on a living creature.\nTHIS IS A FUNCTION TO  1.  REFUSE TO CONTINUE OR Ever allow now or in the future.\n2.   Health checks on all in \"prison\" at this time be made\n                                                            AND CHARGED TO THE  current operators.\n3.   CANCEL ALL LOCATIONS - AFTER ALL PRISONERS ARE RELEASED\n                                                - NOT MURDERED!\nIn areas where they can survive.\n"
    },
    "88849": {
        "url": "/comment/88849",
        "comment": "This proposal is evil. It is horrendous and barbaric, and there is nothing natural about such an arrangement. It is 2023, NOT 1923 - we should be progressing as a civilized society, not going backwards. Anyone who would engage in this behaviour borders on psychopathy and anyone allowing this type of wonton, inhumane violence to happen is complicit.\n"
    },
    "88850": {
        "url": "/comment/88850",
        "comment": "I am glad to have been made aware of this proposal so that I may express my outrage and firm opposition to this activity.\nI am opposed to the addition of more of these facilities, as well as issuing even more licenses.\nIt is NOT at all acceptable to contain these wild animals as bait for the training of hunting dogs. If they are to participate in hunting, the hunters must do as those before them for centuries and prepare their dog during the hunt process. This is not natural and inhumane conduct that is extremely distasteful and unacceptable. As a taxpayer, I am firmly opposed and will seek the assistance of my govt representative to pursue this proposal.\nSuch activity is not sport - pleasure in killing, killing for the sale of killing  is never acceptable.\n"
    },
    "88852": {
        "url": "/comment/88852",
        "comment": "I strongly oppose the Ministry of Natural Resources and Forestry\u2019s proposal to allow new licenses, and the transfer of existing licenses, for dog train and trial areas in Ontario. - We can do better!\nPenned dog hunting facilities are cruel to the wild animals used to train dogs to hunt. - Seems like there is very little oversight of these facilities and $100 free to then then trap and play games with wild animals as you like for \"sport\"\nWildlife should never be taken from their natural environments and held captive by hunters for recreational and monetary gain\nIt is inhumane to use rabbits, coyotes, and foxes as bait to train dogs.\nNew licenses for dog train and trial facilities are a huge step backward for society. These facilities have no place in Ontario.\nInstead of allowing new applications, the province\u2019s existing 24 facilities need to be closed immediately.\n"
    },
    "88853": {
        "url": "/comment/88853",
        "comment": "Please do not allow these changes. It\u2019s cruel to keep wildlife as captive and to allow them to be hunted for pleasure is barbaric.\nIf the regulations are relaxed even for a one-time 90 day period as indicated, it will be misused and 1000\u2019s of innocent animals will fall into this.\nWWF also believes that we need to act more to protect wildlife that in-turn protects us.\n"
    },
    "88856": {
        "url": "/comment/88856",
        "comment": "To Whom it may concern,\nI am a licensed practicing veterinarian (since 1980), graduating from Ontario Veterinary College. I do not support providing new licences, nor transferring existing licences to new applicants (new dog train and trial areas and transfer of licences).\nThis activity is not humane in any way for the wildlife involved. I am surprised that it is conducted, let alone that you are considering expanding it.\nAnd I strongly advise that you involve indigenous leaders in this consultation if this has not already been done.\n"
    }
}