{
    "88125": {
        "url": "/comment/88125",
        "comment": "To Whom It May Concern,\nI\u2019m deeply disturbed that Ontario plans to reverse a province-wide ban on new cruel \u201ctrain and trial areas\u201d, where hunters participate in the bloodsport of penned dog hunting.\nOntario passed a law in 1997 to phase out new penned hunting facilities for good reason. Penned hunting is incredibly cruel to the coyotes, foxes, and rabbits who are used as live bait and are chased and killed by packs of dogs. The dogs forced to participate can also suffer from injuries and death.\nIn addition to animal cruelty, penned hunting is a public health risk. The trade and transportation of wildlife is a major contributor to the spread of disease and parasites, including zoonotic diseases that can infect wildlife, domestic animals, and humans.\nResearch is clear: more than four out of five Canadians are against hunting animals for sport. No other Canadian province allows penned dog hunting, and the cruel practice is unlawful in most of the United States.\nPlease do the right thing for animals and public health\u2014don\u2019t undo all of the progress made to phase out penned hunting facilities. Your government should instead focus on strengthening the existing legislation, and shutting down the few remaining train and trial areas in the province.\nThank-you,\n"
    },
    "88127": {
        "url": "/comment/88127",
        "comment": "This legislation is a huge step backwards. It is inhumane treatment of the wildlife of our province and encourages dogs to become dangerous.  It is not so far from bear baiting or dog fighting.  Not only should the legislation not be passed to allow more sites but the sites that exist should be closed down.  Research shows that killing and culling of coyotes does nothing to reduce their numbers in the long term.\n"
    },
    "88129": {
        "url": "/comment/88129",
        "comment": "These facilities should be illegal. This is animal cruelty plain and simple. Disgusting that anyone would consider this a 'sport'. I can't torture and kill a rabbit or coyote on my property without animal cruelty charges (and I would never ever want to) so why are these facilities allowed to exist and possibly expand.\nSociety should do everything possible to protect wild animals, they have a place within the ecosystem and should never be subjected to this kind of torture, for the amusement of humans. If you want your dog to chase coyotes or rabbits away from your crops, they can be trained without resorting to torture of animals, whether wild 'caught' or raised for this purposed (a whole other area of extreme animal torture).\nNaturalist experts and environmental diversity experts should be consulted and they would explain why this practice is as outdated as dog fighting or bull running and should be banned.\nSociety needs to evolve to be more compassionate and accepting of the rich diversity of our ecosystems and relegate the torture of animals for human pleasure in the distant past. We are better than this and our laws should reflect this.\n"
    },
    "88131": {
        "url": "/comment/88131",
        "comment": "I was stunned to read in today\u2019s The Hamilton Spectator of the existence of penned hunting to train dogs. I have heard of bear baiting and bull fights in other times or places but I never imagined such cruel practices as this penned hunting being allowed in Ontario. Now I read they are to be expanded. This is certainly a huge step backwards. What can be done to disallow it?\nI have never understood this hatred of foxes, in particular \u2014fox hunting by English aristocracy. I keep dogs and cats myself and leave food for squirrels, rabbits, chipmunks. What is wrong with hunters who do penned hunting? How can they do such savage destruction? How can they sleep at night?\n"
    },
    "88133": {
        "url": "/comment/88133",
        "comment": "I strongly oppose the Ministry of Natural Resources and Forestry\u2019s proposal. Penned dog hunting facilities are cruel and wildlife should never be taken from their natural environments and held captive by hunters. It is inhumane to use rabbits, coyotes, and foxes as bait to train dogs.\nNew licenses for dog train and trial facilities are a huge step backward for society. These facilities have no place in Ontario.\nInstead of allowing new applications, the province\u2019s existing 24 facilities need to be closed immediately.\n"
    },
    "88138": {
        "url": "/comment/88138",
        "comment": "I see absolutely NO reason a dog should be used for hunting as that gives a very unfair advantage over the very life that animals in the wild have a right to have!\nI can't believe that any human believes it is okay to trap wildlife to be hunted, maimed, tortured and other barbaric infliction of pain just to train these dogs to hunt.  If a dog is truly a hunting dog they would have that instinct on their own.\nWhat is even worse is allowing competitions of this to happen!!!  What purpose is there to that other than a human 'earning bragging rights'.  Taking a life no matter what type of life it is NOT a source of amusement to be awarded.\nWhere is your empathy? Please DO NOT pass any new licenses or transfer allowances to new owner, we need to allow these kind of facilities to become something that is no longer acceptable.  If training the dogs are so important, let human volunteers be the bait not innocent, defenseless animals that are trapped and held captive.\n"
    },
    "88141": {
        "url": "/comment/88141",
        "comment": "I ve been a hunter since childhood. I grew up with it.\nThere is nothing sporting about dog trail runs. Absolutely none. It\u2019s perverse and cruel, and anyone who says it\u2019s not is out of touch with natural world.\nI oppose this for following reasons:\n1) There is no reason to chase down cottontails and hares with dogs, it makes the meat rotten.\n2) Hunt fur bearing animals like rest of ethical hunters with predator calls and stalking. Doing this with dogs is basically a blood sport.\n3) You do not need live animals to maintain the instinct of a breed of dog.  This is proven with lure coursing with sight hounds.\nThe ministry says it will install standards for captive animals and records to be kept in these facilities . I have zero faith that these facilities will be properly maintained nor do I have faith in our government to ensure it is.\n"
    },
    "88144": {
        "url": "/comment/88144",
        "comment": "I absolutely am against the Ministry of Natural Resources and Forestry\u2019s proposal to allow new licenses and the transfer of licenses for train and trial areas in Ontario.\nThis is cruelty to the wild animals who are subjected to various methods used to train dogs to hunt.  They should never be taken from their natural environments and held captive by hunters. It\u2019s especially cruel to use rabbits, coyotes, and foxes as pawns for hunters to train dogs and hold competitions.\nOpening applications for train and trial spaces after 25 years would be a massive step backward. These facilities have no place in Ontario and I feel the existing 25 facilities need to be closed immediately.   They are inhumane.\n"
    }
}