{
    "88055": {
        "url": "/comment/88055",
        "comment": "As a born and raised Ontarioan, this is my first protest/comment and think this is disturbing and disgusting policy change.\nBarbaric proposal and legislative change. We have evolved and am disappointed in the current government to promote the lobbying on such a small group of backwards individuals.\n"
    },
    "88057": {
        "url": "/comment/88057",
        "comment": "I would like to protest against the Ministry of Natural Resources and Forestry's proposal to issue new licences for new trial and training areas and to allow the transfer of licences. New licences have not been issued for over 25 years and the reissuing of these licences is a step backward.\nWildlife is a shared Ontario resource for all. The trapping of wildlife and subjecting these animals to   trained hunting dogs is an inhumane and cruel practice that does not appear to serve any purpose for the vast majority of Ontario residents.\nWhen the Ministry of Natural Resources allows practices such as this then it is condoning the practice.\nOstensibly this proposal is meant to prevent the practice from going \"under ground\" Why then do we outlay cock-fighting?\n"
    },
    "88058": {
        "url": "/comment/88058",
        "comment": "I firmly reject the Ministry of Natural Resources and Forestry\u2019s proposal to allow new licenses and the transfer of licenses for train and trial areas in Ontario.\nSince these practices were deemed cruel back in 1997, what has changed to make them not so I  2023?\nTo quote another commen \"Society should do everything possible to protect wild animals, they have a place within the ecosystem and should never be subjected to this kind of torture, for the amusement of humans. If you want your dog to chase coyotes or rabbits away from your crops, they can be trained without resorting to torture of animals\"\nWildlife should never be taken from their natural environments and held captive by hunters. It\u2019s especially cruel to use rabbits, coyotes, and foxes as pawns for hunters to train dogs and hold competitions.\nOpening applications for train and trial spaces after 25 years is a massive step backward into the past. These facilities have no place in Ontario.\nInstead of opening new applications, the province\u2019s existing 24 facilities need to be closed immediately.\n"
    },
    "88064": {
        "url": "/comment/88064",
        "comment": "Sounds barbaric.  I think they used to be able to train hunting dogs through normal means.  This sentence is ironic \"standards of care for wildlife\".  How is it a standard of care when dogs are going to kill a defenseless animal in an enclosed area.\nDon't people become murderers and killers by killing defenseless animals?\nUnnecessary and extremely cruel.\n"
    },
    "88065": {
        "url": "/comment/88065",
        "comment": "These facilities should be illegal. This is animal cruelty.\nWild animals have a place within the ecosystem and should never be subjected to this kind of torture. If you want your dog to chase coyotes or rabbits away from your crops, they can be trained without resorting to torture of animals.\nNaturalist experts and environmental diversity experts should be consulted and they would explain why this practice is outdated, cruel, and entirely unnecessary.\nSociety needs to evolve to be more compassionate and accepting of the rich diversity of our ecosystems and relegate the torture of animals for human pleasure in the distant past. We are better than this and our laws should reflect this.\n"
    },
    "88068": {
        "url": "/comment/88068",
        "comment": "I am strongly opposed to the proposal to amend the Fish and Wildlife Conservation Act of 1997 to allow for the issuance of licences of new dog train and trial areas, and to allow the transfer of licences.\nIt is my understanding that the 1997 Act specifically prohibited the issuing of new licences and the transfer of licenses so that this inherently cruel practice would eventually fade away. Why, then, would the Ontario Government wish to allow this practice to continue?\nTrain and trial areas involve dogs hunting, pursuing, and sometimes killing wild animals that have been captured and held for this. Even though the wild population of those animals is not in jeopardy, the torment of the individual animals involved is immense - having to run for their lives, sometimes repeatedly, from animals bent on tearing them to pieces, amounts to torture. I understand that the relationship between predator and prey exists in nature, and that prey animals are routinely chased and eaten by their predators. However, to capture wild animals specifically to subject them to this activity is unnecessary, and should not be permitted as part of a modern, compassionate society.\n"
    },
    "88070": {
        "url": "/comment/88070",
        "comment": "The 1997 ban was put in place for a reason. Those reasons still exist. This practice is barbaric and inhumane. Causing needless suffering and immense distress to an animal who is simply trying to survive. This goes against a foundational belief that ethical hunters possess - a \u201cfair\u201d hunt.\nHunting an enclosed animal is not fair and it is not nature. It is cruel and UN-natural.\nIt is human beings trying to supersede nature for their own benefit.\n"
    },
    "88071": {
        "url": "/comment/88071",
        "comment": "I cannot believe this proposal is being considered.\nUsing trapped wild animals who have no way to escape to \u201ctrain\u201d animals to track, find them is inhumane.\nThere must be a consideration for the target animal. How is knowingly causing them this distress, fear and anxiety acceptable?\nI am strongly against this proposal.\n"
    },
    "88072": {
        "url": "/comment/88072",
        "comment": "I firmly reject the Ministry of Natural Resources and Forestry\u2019s proposal to allow new licenses and the transfer of licenses for train and trial areas in Ontario.\nPenned dog hunting facilities are cruel to the wild animals who are subjected to various methods used to train dogs to hunt.\nWildlife should never be taken from their natural environments and held captive by hunters. It\u2019s especially cruel to use rabbits, coyotes, and foxes as pawns for hunters to train dogs and hold competitions.\nOpening applications for train and trial spaces after 25 years is a massive step backward into the past. These facilities have no place in Ontario.\nInstead of opening new applications, the province\u2019s existing 24 facilities need to be closed immediately.\nLet's be better people.\n"
    },
    "88075": {
        "url": "/comment/88075",
        "comment": "Penned hunting should have no place in our Province.  I believe it  is an inhumane, cruel and monstrous practice that should be completely banned.  The wild animals captured and used for this sport have no fighting chance and suffer a long cruel, inhumane death for the pleasure of humans.  It is a sadistic and barbaric.  They have no right to even call it a sport.\n"
    }
}