{
    "90406": {
        "url": "/comment/90406",
        "comment": "What a barbaric, horrific idea this is. Who in God's name thought this was a good idea? Utterly brutal. I am appalled at the senseless inhumanity of it. Totally unnecessary, devoid of compassion and thoroughly out of step with the times we live in. Do not let this go forward!!! There is no justification for it. It is cruel and barbaric.\n"
    },
    "90408": {
        "url": "/comment/90408",
        "comment": "I STRONGLY oppose the Ministry of Natural Resources and Forestry\u2019s proposal to allow new licenses, and the transfer of existing licenses, for inhumane dog train and trial areas in Ontario.\nThese penned dog hunting facilities are cruel and barbaric to the wild animals used to train dogs to hunt. It is beyond unfair and sickening to take wildlife from their natural environments to be held captive by hunters. It is inhumane to use rabbits, foxes, coyotes, or ANY animal as bait to train dogs. This is NOT a sport and it is disgusting that anyone views it as such, nor should there be competitions with judges to see how well the dogs track and torture a confused and scared wild animal.\nNew licenses for dog train and trial facilities are a huge step backward for society. These facilities have no place in Ontario, or anywhere, and should be illegal. Instead of allowing new applications, the province\u2019s existing 24 facilities need to be closed immediately. We need to do better for animals and protect them, this is a terrible and concerning thing to be happening.\nPlease do the right thing and don't allow this to continue.\n"
    },
    "90410": {
        "url": "/comment/90410",
        "comment": "Is animal cruelty why Doug Ford, through multiple elections, wants cheaper liquor more widely available?\nThis is not stewardship of natural resources, nor anything approaching animal welfare.\nIt seems the government, having looked at the long history of the domestication of the dog, wants to undo a good portion of that history. And what for? Bragging rights of a hunter that their dog killed so many other animals in a pen that they could help the hunter kill a deer with a firearm?\n"
    },
    "90411": {
        "url": "/comment/90411",
        "comment": "This is animal cruelty. Wildlife should not have to live their lives in a cage, being constantly frightened and followed for the purpose of sport. I am not against hunting or fishing in general, and I am still against this bill. Most people with a beloved pet wouldn\u2019t dream of letting their pet be one of the prey animals in such an enclosure. All animals should have basic rights entitling them to freedom from harassment.\nRuth Taylor\nWilderness Skills Instructor, Tracker and Outdoor Educator\n"
    },
    "90421": {
        "url": "/comment/90421",
        "comment": "Thai is outrageous and I do not understand how in this day and age, in Canada no less,  that this type of anima abuse is allowed to occur.\nPeople wouldn\u2019t do this to their own cats and dogs but wildlife gets treated like this and they are WILD.  Trapped in pens for dog hunting training? That is sickening and so inhumane.\nDo not pass this.\n"
    }
}