{
    "83418": {
        "url": "/comment/83418",
        "comment": "This is great!!!! A tradition that has been carried on in my family for generations, now can be continued. No more dogs getting hit on the roads when pursuing game, no more angry property owners if dogs trespass on their properties. No more noise complaints. A great proposal that is a benefit for sporting dogs and the general public alike in rural Ontario!!\n"
    },
    "83460": {
        "url": "/comment/83460",
        "comment": "To whom it may concern,\nOn behalf of the Kawartha foxhound club, a group of avid hounds man and women we strongly support the changes put forward in the new legislation. Enclosures would not only provide the opportunity for more licences and transfers of these licences, but most importantly providing more places to train our dogs in better safe and controlled environment for the hounds and there handlers. Which in turn, benefits both hounds men and hounds alike. The new legislation assists in promoting our sport and preserving our heritage and next generation for years to come.\nYours truly,\nNikki Kidd, secretary/treasurer of the Kawartha Foxhound Club\n"
    },
    "83473": {
        "url": "/comment/83473",
        "comment": "Dogs should have a place to run free and do what they  are bred to do without interfering with neighbors and  car traffic, The enclosed  areas for the running and training of dogs had been around forever to satisfy this purpose. Allowing new enclosed areas to be made and the ones left to be allowed to transfer to someone else will help keep the the sport of running dogs to  continue and grow and the owners will  have a safe spot to compete  run and train dogs without in interfering with the public.\n"
    },
    "83481": {
        "url": "/comment/83481",
        "comment": "As a hunter and hound person,I am all for this. Although I seldom go to a pen,I know the problem with running in the wild. There are people who do not want you or your dogs on their property . The risk of your dog getting hit on the road or causing an accident.\n Every person has their hobbies and not all are approved of by the general public. This is one that is harmless to the general public. Provides hours of enjoyment to all involved. Keeps the dogs active instead of being tied up for months on end. Prevents annoying land owners and also prevents the possibility of vehicular accidents and personal injury\n"
    }
}