{
    "90478": {
        "url": "/comment/90478",
        "comment": "I strongly disagree with the proposed change. I believe we should stay the course with the original plan to reduce/eliminate these train areas. Confining wildlife within an area for purposes of training and trial is yet another example of humans believing all flora, fauna and precious resources are here on earth for us to use and abuse with abandon. They are not!!\nPlease do not follow through with this proposed change.\n"
    },
    "90479": {
        "url": "/comment/90479",
        "comment": "This is an inhumane practice. Although these animals are legally caught, they are wild and it puts these animals in extreme distress to be chased down with no chance of escape. It is barbaric and the wildlife can fatally injure themselves just trying to escape. In fact many of these animals could die simply from the stress of being chased. Would you do this to any of your pets? Why would it then be fine to do this to wildlife? It is completely disgusting and shows how unkind humans are to wildlife just for sport.\n"
    },
    "90481": {
        "url": "/comment/90481",
        "comment": "I am horrified at this proposal. We need to work on preserving wildlife and securing the little we leave them for a home. I am baffled at the idea that this is even being discussed. We have taken enough from these innocent beings but continuously industrializing their natural homes, and now we want to torture them within the minimal homes they have left. Please show some humanity and do not allow this\n"
    },
    "90482": {
        "url": "/comment/90482",
        "comment": "This sounds horrific. This is an archaic and unspeakable idea. There is already 24 of these areas, there is no need for more. Wildlife do not need to be stolen from their homes and tormented for the sake of teaching dogs. Dogs are intelligent creatures, so are many species of wildlife. We wouldn\u2019t do this to dogs, so don\u2019t do it to innocent animals just trying to survive.\n"
    },
    "90483": {
        "url": "/comment/90483",
        "comment": "I find it very distressing that the proposed change will allow wildlife to be removed from their families, caged and used in training for hunting dogs. These animals will be frightened and not understand what is happening to them.  Foxes, coyotes and rabbits are timid animals and this training would terrify them beyond belief. This inhumane practice must be stopped and not allowed to continue.\n"
    },
    "90487": {
        "url": "/comment/90487",
        "comment": "It is time we stop killing wildlife!!! Enough!!!\nWe are killing what little we have left.\nIt\u2019s inhuman and sickening.\nI like to see you put into an enclosure and chaises by some hunting dogs. I bet you would love to be torn into peace and left there to die. .\nWe need to put some thoughts into our actions.\nShame on you if your allow this to happen!!!!\nSHAME!!!!\n"
    },
    "90488": {
        "url": "/comment/90488",
        "comment": "I am opposed to the Ministry's plan to allow new licenses and the transfer of licenses for train and trial areas in Ontario.  These facilities are Ministry supported animal cruelty which is abhorrent in a modern society.  The Ministry of Natural Resources and Forestry should be closing the 24 facilities that are currently active and enacting legislation that prevents them from ever being allowed to operate in Ontario again. Wildlife should never be taken from the wild, held captive and terrorized to train dogs and hold competitions.\n"
    },
    "90490": {
        "url": "/comment/90490",
        "comment": "I ask that the fish and wildlife conservation act deny the amendment proposed by the provincial governmento trap and hunt innocent wildlife for hunting practice. We need to preserve and protect What's left of our wildlife. Not torture and use them for brutal practice. Animals are not ours. Stop brutalizing innocent animals for selfish human entertainment.\n"
    },
    "90491": {
        "url": "/comment/90491",
        "comment": "I completely against this. There are new ways using technology for dogs to chase scents for trialing and gaming purposes. It\u2019s awful and takes us back to the dark ages of killing things for no reason. Completely unhumanitarian and new abs different ways need to be discussed first before allowing this.\n"
    },
    "90493": {
        "url": "/comment/90493",
        "comment": "Awful, and sickening. How would you like it if you were taken from your home, trapped and then hunted down, for SPORT?\nAnimals are beautiful and intelligent creatures who deserve to live FREE and at PEACE.\nAbsolutely shameful and despicable.\nSick sick, people. Sick!!!!!!! Shameful!!! Vile!\n"
    }
}