{
    "86037": {
        "url": "/comment/86037",
        "comment": "I am absolutely appalled that train and trial areas have been going on since 1997. To trap and contain wild animals for the purpose of training dogs or for sport is barbaric and cruel. These animals have potentially been trapped and then introduced as bait to an area that is fenced, with no possible way to escape. Already traumatized by their capture, they must feel absolute terror. This progamme was supposed to be phased out. There must have been reason for that.  I am absolutely disgusted that expanding this horror is even being considered. Rather than phasing out or expanding, it should be abolished immediately!\n"
    },
    "86041": {
        "url": "/comment/86041",
        "comment": "This practice is barbaric and inhumane. Why are people\u2019s pets considered more worthy than the suffering of other animals? I am appalled that such cruel practices continue to be allowed in Ontario. It should be against the law to willfully cause any animal unnecessary suffering and painful death.\n"
    },
    "86044": {
        "url": "/comment/86044",
        "comment": "I find to truly hard to believe the contemplation of training hunting dogs using live wildlife as bait. It gets more and more barbaric the things that people want to allow.\nI\u2019m sure you have all heard that all living creatures are sentinel beings I know some people choose not to believe this with their outdated comments their only animals.\nIt\u2019s about time we accepted the responsibility us humans have and started looking after all living beings and stop all these barbaric acts. Thank you\n"
    },
    "86048": {
        "url": "/comment/86048",
        "comment": "The proposed amendments to the Fish and Wildlife Conservation Act to allow new licenses for facilities that use captive foxes, coyotes and rabbits as bait to train hunting dogs is barbaric and MUST NOT be approved.\nUsing captive and confined wildlife as trapped prey for training hunting dogs is appalling and cruel.\nThe amendment states ...\" the wildlife species have sustainable populations\".  That is NO reason to deem this acceptable.  The individual animals trapped in these locations will be chased, in terror, and killed in a terrible way.  There is no excuse for this and no humane society should ever permit this to occur.  Raising or trapping animals to be terrified and torn apart is not humane, decent and is not acceptable.\nPlease show some humanity and compassion and do NOT approve this merciless proposal.\nThank you.\n"
    },
    "86050": {
        "url": "/comment/86050",
        "comment": "I understand that some people use their dogs to hunt, however catching wild animals (hares, coyotes, etc), particularly when they were caught by trapping which is extremely cruel and inhhumane, and keeping them enclosed for this purpose is cruel. I find this to be barbaric. As a society we need to stop mistreating animals and the Canadian government should be at the forefront of establishing laws that protect animals instead of harming them.\n"
    },
    "86055": {
        "url": "/comment/86055",
        "comment": "Hello,\nI do not support the proposal to allow the issuance of licences for new dog train and trial areas and the transfer of licences.\nPlease do not amend the Fish and Wildlife Conservation Act and / or other regulations to allow these changes.\nI do not think it is morally acceptable to allow these licensing changes regarding red foxes or coyotes.  These animals are intelligent and I don't think it is in line with the moral views of Ontarians to keep them in enclosed areas where they are subject to being hunted by domestic dogs.  I do not support the hunting of wildlife by domestic dogs at all.  I believe hunting practices should be conducted in the the most humane way possible with kills being done by trained humans who are merciful and quick.  Being chased down and mauled by domestic dogs is a horrible death.  Domestic dogs can be trained to aid hunters in tracking or retrieving wildlife.  I do not think they should be actually hunting and killing any wildlife, especially not more intelligent ones such as foxes and coyotes.\nI also don't feel it is ethical to have domestic dogs engage in hunting of other canines for the sake of the domestic dogs.  We do not allow dog fighting of domestic dogs against one another.  I don't think that we should have domestic dogs fighting any canines.\nI don't believe this should ever have been legal in Ontario.  The act meant these licenses to be temporary and I do not agree with extending this activity.  I believe it should be phased out and cease to be legal.\n"
    },
    "86057": {
        "url": "/comment/86057",
        "comment": "I reject the proposal to allow new licenses for train and trial areas in Ontario, as well as the transfer of licenses. Wildlife should not be removed from their natural environments. Even though the proposal states that the effects will be neutral, this cannot be known for certain. While the populations of the species used as prey seem to be stable at this point in time, it cannot be predicted how this will affect them/the ecosystems they are found over a longer period of time. On top of this, it is simply cruel to take wildlife from its environment to be used as pawns for training dogs and in competitions. I believe that allowing new licenses for train and trial areas is a step backward for our province. We should be aiming to protect our natural spaces and the organisms that reside in them, and I along with many others will be sorely disappointed with the MNRF if this proposal moves forward.\n"
    },
    "86062": {
        "url": "/comment/86062",
        "comment": "Please do not allow this cruel act to happen to God\u2019s creatures. Surely there are other ways to train the dogs.\n"
    },
    "86064": {
        "url": "/comment/86064",
        "comment": "Recently, I learned from Animal Justice of the Ontario Government's intention to expand on facilities allowing unleashed hunting dogs on penned prey. I had no idea that these facilities existed but I was appalled that they do and the manner in which they are operated.  While these are illegal in most States and in ALL other provinces except Ontario, there is the threat of this horrendous practice expanding here.  This is deplorable.  I protest this development and question who is approving of this.   If the public were aware of such cruelty I do think there would be a strong outcry against them. These after all were to be phased out in a 1997 law.   How is this suddenly acceptable?\nIt is stunning and revolting to me that anyone would refer to unleashing would-be hunting dogs on penned prey and would call that a \u201csport\u201d.   Sport has always implied to me that outcomes are unpredictable with winners and losers.  There is no unpredictability for who are the losers here.  The intentional brutality planned for by this scenario is no less than cruelty to animals.  I was under the mistaken impression that we have laws against this and had no idea we authorized and willingly licensed such cruelty.   That the government would entertain a notion that somehow their licensing would keep this practice from going \u201cunderground\" and that somehow \u201clicensing\u201d makes this  approvable, is quite mystifying.  I fail to see how whether this is licensed or unlicensed there is any way that this is not cruel and inhumane.  The whole premise on which this scheme is founded that the animals are first trapped or ensnared to be put into the pens for their vicious slaughter is horrid.  To have this sanctioned by the government is beyond belief.\nQuite the opposite of expanding the number of licensed premises for this abhorrent activity, a modicum of sportsman-like behaviour would be to ban this altogether and reserve hunting to having the prey with chances of survival.\nI would hope you could consider the outright rejection of this plan.\n"
    }
}