{
    "87487": {
        "url": "/comment/87487",
        "comment": "I didn't even know this was still legal until this consultation came up. My family has managed to hunt for the last 3 generations without needing this fox hunt bullshit. Considering the original decision to phase these out would have been made under the Harris government, I can only assume the driving force behind this change is some personal buddy of Ford's is pissed he can't watch a dog tear a rabbit to death.\n"
    },
    "87489": {
        "url": "/comment/87489",
        "comment": "I feel strongly that this is a very unnecessary change that wouldn't be supported by a large majority of Ontario's citizens.\nEven continuing to allow the hunting of captive wild animals is inhumane, and it would be the choice of a conscientious government to discontinue it altogether. Allowing more of these so called 'training' or 'sporting' operations to be created is dreadful, to put it mildly.\nAs would allowing existing licenses to be transferred. The whole situation is abhorrent. Please consider ending it altogether.\n"
    },
    "87491": {
        "url": "/comment/87491",
        "comment": "The Ministry of Natural Resources and Forestry (MNR) has been phasing out this harmful practice since 1997, and it would be a massive step backwards for the province to allow new licences to be issued, and to allow the transfer of existing licences.\nThese kinds of facilities are cruel to the wild animals that are subjected to a variety of methods that are used to train dogs to hunt.\nThis would be a shameful practice for Ontario to allow, and an embarrassment both to the current premier, and to the province at large. It would also show how Ontario is stuck back prior to 1997, and hasn't advanced along with the rest of the country.\n"
    },
    "87493": {
        "url": "/comment/87493",
        "comment": "I firmly reject the Ministry of Natural Resources and Forestry\u2019s proposal to allow new licenses and the transfer of licenses for train and trial areas in Ontario. Opening applications for train and trial spaces after 25 years is a massive step backward into the past. These facilities have no place in Ontario. Instead of opening new applications, the province\u2019s existing 24 facilities need to be closed immediately.\n"
    },
    "87495": {
        "url": "/comment/87495",
        "comment": "This is a massive misstep and is unnecessarily cruel to animals. As a veterinary professional, and a firm believer and supporter of the One Health initiative, I cannot in good conscience stand for this sort of legislation. Please reconsider for the good of the animals that make up our local ecosystems, and out of respect for the sentience of these beings. They do not deserve to suffer for such an unjust end.\n"
    },
    "87504": {
        "url": "/comment/87504",
        "comment": "I firmly reject the Ministry of Natural Resources and Forestry\u2019s proposal to allow new licenses and the transfer of licenses for train and trial areas in Ontario.\nPenned dog hunting facilities are cruel to the wild animals who are subjected to various methods used to train dogs to hunt.\nInstead of opening new applications, the province\u2019s existing 24 facilities need to be closed immediately.\n"
    },
    "87505": {
        "url": "/comment/87505",
        "comment": "This is straight up animal cruelty. This practice is unnecessary and barbaric, we do not need these kind of dog training facilities.\nKilling animals for sport and creating an environment promoting it is morally wrong and criminal. Doug just yet again is showing his true grimy as hell colors with more concern in lining his pockets and those of his friends more than anything else.\nI have a great idea, how about we throw Doug and his friends into these enclosures and let the dogs at \u2018em, it\u2019ll solve two problems. Once getting rid of a corrupt person in leadership, and two, the wildlife will not have to suffer.\n"
    }
}