{
    "85148": {
        "url": "/comment/85148",
        "comment": "I firmly reject the Ministry of Natural Resources and Forestry\u2019s proposal to allow new licenses and the transfer of licenses for train and trial areas in Ontario.\nPenned dog hunting facilities are cruel to the wild animals that are subjected to various methods used to train dogs to hunt.\nWildlife should never be taken from their natural environments and held captive by hunters. It\u2019s especially cruel to use rabbits, coyotes, and foxes as pawns for hunters to train dogs and hold competitions.\nOpening applications for train and trial spaces after 25 years is a massive step backward into the past. These facilities have no place in Ontario.\nInstead of opening new applications, the province\u2019s existing 24 facilities need to be closed immediately.\n"
    },
    "85153": {
        "url": "/comment/85153",
        "comment": "Society had moved past archaic and inhumane practices such as this. Just because a practice has been done in the past does not mean the practice should continue without changes. Dogs do not have to hunt animals for the sake of amusement for humans. It teaches dogs to be predators vs companions. As a bird hunter we have never used live animals to train dogs to retrieve. There is no need to teach a dog using captive wild animals. Surely as a society we have moved past such inhumane cruelty. Our government needs to do better than allow this practice to start again.\n"
    },
    "85154": {
        "url": "/comment/85154",
        "comment": "I firmly reject the Ministry of Natural Resources and Forestry\u2019s proposal to allow new licenses and the transfer of licenses for train and trial areas in Ontario.\nPenned dog hunting facilities are cruel to the wild animals that are subjected to various methods used to train dogs to hunt.\nWildlife should never be taken from their natural environments and held captive by hunters. It\u2019s especially cruel to use rabbits, coyotes, and foxes as pawns for hunters to train dogs and hold competitions.\n"
    },
    "85155": {
        "url": "/comment/85155",
        "comment": "This whole \"sport\" is barbaric. We, as a species, should be discouraging such practices rather than increasing them.\nThe fact that these facilities exist in the first place shows that humankind is still a proudly primitive narcissistic species which is not interested in being better. Can we not grow up out of this delinquent juvenile state to become a civilized species?\n"
    },
    "85157": {
        "url": "/comment/85157",
        "comment": "I am strongly opposed to this proposed amendment option. As a rural Ontario citizen and dog owner, I appreciate the desire to have these 24 licensed training facilities across Ontario but as a society we should not be encouraging expansion. Would support limiting or maintaining the service by allowing the ability to transfer a licence but I am strongly against issuing licences for new entrants with no limit consideration for the numbers issued for 90 days.\n"
    },
    "85158": {
        "url": "/comment/85158",
        "comment": "This should not pass and the existing places should be closed asap.\nNot 1 single animal needs to be mauled to death let alone for sport...this is insane that these exist and you want to open more??? Close the existing ones and do not ever allow these again!\nStrongly ask that this be reconsidered and not be allowed!!\n"
    },
    "85161": {
        "url": "/comment/85161",
        "comment": "I firmly reject the Ministry of Natural Resources and Forestry\u2019s proposal to allow new licenses and the transfer of licenses for train and trial areas in Ontario.\nPenned dog hunting facilities are cruel to the wild animals that are subjected to various methods used to train dogs to hunt.\nWildlife should never be taken from their natural environments and held captive by hunters. It\u2019s especially cruel to use rabbits, coyotes, and foxes as pawns for hunters to train dogs and hold competitions.\nOpening applications for train and trial spaces after 25 years is a massive step backward into the past. These facilities have no place in Ontario.\nInstead of opening new applications, the province\u2019s existing 24 facilities need to be closed immediately.\n"
    },
    "85164": {
        "url": "/comment/85164",
        "comment": "I totally do not agree with this proposal to increase the number of training areas for dogs in Ontario, firstly because wild  animals are trapped and harassed, and probably hurt, when they are already stressed by human invasion and development in their habitats. Secondly, we have so many species at risk, that this could be a major impact on their future well-being. For the government to support this somewhat elite sport of dog trials is reprehensible. Even though rules are in place, who is out in the wild enforcing them?\nThis whole proposal should be stopped, and dog trials using captured animals banned.\n"
    },
    "85168": {
        "url": "/comment/85168",
        "comment": "I firmly reject the Ministry of Natural Resources and Forestry\u2019s proposal to allow new licenses and the transfer of licenses for train and trial areas in Ontario. This is an inhumane practice.\nPenned dog hunting facilities are beyond cruel to the wild animals that are subjected to various methods used to train dogs to hunt.\nI didn't know this practice existed and now that I do, instead of opening new applications, the province\u2019s existing 24 facilities need to be closed immediately.\n"
    },
    "85169": {
        "url": "/comment/85169",
        "comment": "I firmly reject the Ministry of Natural Resources and Forestry\u2019s proposal to allow new licenses and the transfer of licenses for train and trial areas in Ontario.\nPenned dog hunting facilities are cruel to the wild animals that are subjected to various methods used to train dogs to hunt.\nWildlife should never be taken from their natural environments and held captive by hunters. It\u2019s especially cruel to use rabbits, coyotes, and foxes as pawns for hunters to train dogs and hold competitions.\nOpening applications for train and trial spaces after 25 years is a massive step backward into the past. These facilities have no place in Ontario.\nInstead of opening new applications, the province\u2019s existing 24 facilities need to be closed immediately.\n"
    }
}