{
    "90746": {
        "url": "/comment/90746",
        "comment": "I am appalled that the ministry is suggesting that this situation continue and also be expanded when it should disbanded .While it is presented that the animals are kept apart there has to be terrible stress on the part of the wildlife. I am sure they have to be put down.  To me this torture and shows how to be cruel to the wildlife who can\u2019t defend themselves.                                                         This is no better than dog fighting or cock fighting or animals caged for human entertainment Ontario is taking a big step back in eradicating cruelty to wildlife. Is this what we want want to be known for as a society\n"
    },
    "90747": {
        "url": "/comment/90747",
        "comment": "This is absolutely unnecessary and serves no other purpose than for humans to further indulge in animal cruelty. There is nothing humane in terrorizing wildlife. Sporting breeds can surely be happy with dog toys. They\u2019re not wild dogs needing to feed themselves. This is pure entertainment for humans. Please do not expand this. It should actually be banned altogether.\nSincerely,\nA resident of Ontario\n"
    },
    "90750": {
        "url": "/comment/90750",
        "comment": "I firmly reject the Ministry of Natural Resources and Forestry\u2019s proposal to allow new licenses and the transfer of licenses for train and trial areas in Ontario. These pens are cruel to wild animals and  seems to contravene the PAWS Act section 16 that makes dogs and rooster fighting illegal in Ontario on the basis of cruelty to animals. Allowing this will also cheapen and commercialize the idea of wildlife making the conservation efforts difficult for the public to support. The Harris government stopped issuing licenses for this practice in 1997, with the idea of shutting it down--at step forward. If the government is concerned about this going underground, a solution would be to give conservation officers the tools to enforce the laws, not make it legal.\nThank you.\n"
    },
    "90756": {
        "url": "/comment/90756",
        "comment": "I have no words for how disappointed and disgusted I am at this. This is not a humane hunting practice. It forces unnecessary cruelty on the prey animals involved. It also encourages aggressive behaviours in our domestic dogs which are incompatible with safety amongst children and small animals. This practice began to be phased out in 1997 for good reason. Why are we going back in time restoring barbaric practices to please a tiny proportion of people who justify cruelty as a hobby? This is not the kind of thing that makes Ontario a great place to live- instead it would make me ashamed to be here.\n"
    },
    "90759": {
        "url": "/comment/90759",
        "comment": "This revision to the Fish & Wildlife Act sounds very much like \"shooting fish in a barrel.\" Inhumane, and ill-advised.  The encroachment of homes on the Greenbelt is a bad idea, as it impinges on the natural areas that wildlife need to survive. Choosing to use wild creatures as \"training bait\" is horrific.\nPlease DO NOT do this to our wildlife.\n"
    },
    "90762": {
        "url": "/comment/90762",
        "comment": "I am strongly against the Ministry of Natural Resources and Forestry's proposal to allow new licenses to be issued or for licenses to be transferred in Ontario.  One would question how hunting animals that are penned up could even be considered hunting.  I believe that allowing more train and trial spaces would be absolutely wrong.   At a time that we as a society should be trying to find ways to live more harmoniously with the planet and all the creatures that we share it with, in Ontario we are going backwards.   The capture of wild foxes and coyotes to be held captive to allow dogs to hunt them down is unethical and inhumane and pose a real threat to wildlife and humans.  Wildlife removed from public areas to then be hunted for profit is not a business model that will benefit the province in any way.  Even more concerning is the complete lack of empathy or respect for these animals and there is almost no information with respect to regulations that would protect the number of animals allowed to be hunted at one time versus the number of dogs, or how the trapped animals would be transported and housed.  I am asking you to please say no to Bill91 and have this portion removed from the legislation.\n"
    }
}