{
    "87037": {
        "url": "/comment/87037",
        "comment": "Animal Cruelty is what you are proposing; in this day and age I can\u2019t believe that in our Province we are even considering this.\nI strongly urge all levels of government to end this insanely cruel and unnecessary practice.\n"
    },
    "87041": {
        "url": "/comment/87041",
        "comment": "This is not OK. You\u2019re creating an environment that is a hunger games style. This isn\u2019t \u201cnatural\u201d\u2019or \u201cMother Nature\u201d when you\u2019re creating this environment, human made, and setting this up for animals to kill or be killed. Do not pass this, hunting dogs work with their trainers in a forest environment. But setting this up is completely unethical for the hunted animals.\n"
    },
    "87042": {
        "url": "/comment/87042",
        "comment": "I am appalled by the Ministry of Natural Resources and Forestry\u2019s proposal to allow new licenses and the transfer of licenses for train and trial areas in Ontario. No animals should be held captive and hunted. It\u2019s a cruel and barbaric practice that has no place in Ontario. This would be an absolute disastrous step backwards. We should be working to eliminate penned hunting in the province, not expanding it.\n"
    },
    "87043": {
        "url": "/comment/87043",
        "comment": "I don\u2019t know who thought up this bloodthirsty cruel proposal, but only someone with a sick depraved mind could do this. Keep wild animals trapped so dogs can be trained to rip them apart\u2026seriously? Fox hunting has been banned in England because it is a cruel practice. And that is exactly what you are proposing.\nAre dog fights next to be legalized?\nIf Coyotes and other wildlife are killing live stock then trap and euthanize them, not your sick proposal!\n"
    },
    "87046": {
        "url": "/comment/87046",
        "comment": "Hello! I highly disagree on having such training areas for dogs to practice hunting. Don\u2019t think anybody has the right to trap prey animals and let hunters hunt them. Nobody has the right to kill anything unless for food. Sure, leave your hunters wild in the nature and have them hunt..where even preys have the chance to defend. That would be real training for hunters.\nHope this gets heard.\nBest!\n"
    },
    "87048": {
        "url": "/comment/87048",
        "comment": "Why do humans think all other species were put on earth for their entertainment , these are living creatures who all play an important role in the eco system ,they have families and feelings and have a significant role in raising their families . I think this proposal is backwards and should definitely be stopped!\n"
    },
    "87050": {
        "url": "/comment/87050",
        "comment": "Ford's government is once again showing it's seedy underbelly.\nI would like to see him chased by a pack of dogs!\nIt is undeniable that this is the moat corrupt and thoughtless government that Ont. has even seen, and this further demonstrates how low they well go to keep their cronies happy!\nIt makes me sick as I watch Ford ruin a once proud and caring province.\n"
    },
    "87051": {
        "url": "/comment/87051",
        "comment": "* I strongly oppose the Ministry of Natural Resources and Forestry\u2019s proposal to allow new licenses, and the transfer of existing licenses, for dog train and trial areas in Ontario.\n* Wildlife should never be taken from their natural environments and held captive by hunters or trainers. This is completely unfair and any user who engages in this exercise places a conscious hierarchy of feeling superior to animals and exercising that control, simply because animals are a different species. It is completely and unequivocally inhumane to use rabbits, coyotes, and foxes as \u201cbait\u201d to train dogs.\n* Confined dog hunting training facilities are cruel to the \u201cbait\u201d animals used, as it places a lot of stress on the animal each and every time they are used, not to mention potential life threatening injuries if these do indeed occur during the exercise (E.g. dogs killing or injuring prey, even accidentally during the chase).\n* New licenses for dog train and trial facilities are a huge step backward for society. These facilities have no place in Ontario.\n"
    },
    "87053": {
        "url": "/comment/87053",
        "comment": "I strongly object to this proposal. This form of hunting is cruelty at it's worst, causing extreme and unnecessary distress and suffering to the wild animals either trapped or bred for this purpose. Unbelievable that special interest groups, a small minority, can lobby and quite possibly reverse an ethical and right decision made 25 years ago to ban this horrible practice. It is illegal in every other province in Canada. Instead of expanding on the 24 hunting pens still in operation here efforts should be taken to close them all. The majority of Canadians say no to hunting pens!\n"
    },
    "87056": {
        "url": "/comment/87056",
        "comment": "This practice is not only inhumane, but is also barbaric, and needs to stop immediately. In this day and age we should be moving toward becoming a more compassionate civilization, not moving backwards into the incredible cruelty that this practise represents.\nMake Canada a place to be proud of again. Do not let beautiful, thinking, feeling creatures be torn to shreds to teach another beautiful creature to be a better killer. Why on earth support this cruelty??!!\n"
    },
    "87060": {
        "url": "/comment/87060",
        "comment": "A civilized nation does not promote hunting for sport or fun.  pen training for dogs only promotes cruel hunting only to satisfy hunters lust for killing helpless animals. While it may be justifiable to still allow hunting as a food necessity,  hunting just to kill or power or trophy is inhumane , barbaric  and  has no part in our current times, especially when wild life is already suffering from the effect of global warming\n"
    }
}