{
    "83862": {
        "url": "/comment/83862",
        "comment": "The opportunity for new ownership transfer of training facilities is outstanding news!   Running hounds in training pens has become a great family bonding experience with my children and I.     They absolutely love seeing all the foxes in the pen we frequent and watching the puppies improve their hunting skills. The children and I both are constantly amazed at just how beautiful and clever these foxes are! To be able to do this in a controlled environment where the dogs can fairly easily be caught and cause no issues to other landowners all through the year is fantastic. We have all been very concerned that these outings were in jeopardy of ending with the inability to transfer ownership of the training facility to any other owner.   Many of the remaining facilities in our area are owned by older individuals and without the option of ownership transfer these training pens would have to close down.    We will be following the progress of this proposal closely with high hopes that our family traditions are able to continue!!\n"
    },
    "83864": {
        "url": "/comment/83864",
        "comment": "As a young hunter and dog trainer I found it very difficult finding areas to train my duck hunting dog.  There are a few groups in southern Ontario where I was able to find help and land to train with live birds but we need more access.  Especially for use with farm raised birds (pheasant, quail, chukar).\nI ended up getting out of the field trial and testing training because of the lack of access.\nPlease allow more land resources to be allocated to our hunting and training traditions.\n"
    },
    "83866": {
        "url": "/comment/83866",
        "comment": "The Canadian Kennel Club (CKC), as well as CKC recognized Beagle\nField Trial clubs, CKC members, and the CKC Beagle Field Trial Representatives, are pleased to offer our support of the government's changes regarding trial and train enclosure licenses and the construction of new facilities. Beagle Field Trials can continue with confidence knowing the hounds and participants will be safe and prevented from trespassing on other lands. Moreover, these welcomed changes will ensure our sport and traditions will be enjoyed by future generations for years to come.\n"
    },
    "83868": {
        "url": "/comment/83868",
        "comment": "I support this proposal.\nIncreased access to such areas for the hunting and sporting dog community is beneficial for creating well-trained dogs who go after the intended legal species, increases the dog's quality of life as they get to use their minds and exercise, and creates a team bond between hunter and dog.\nMore T&T areas supports local business and transferrable licenses allow these establishments to continue running.\nTraining and trialing dogs is an important aspect to Ontario's heritage and a cornerstone of various popular hunting pursuits and sporting competitions, and is important to support.\nThank you for the opportunity to submit my comments.\n"
    },
    "83880": {
        "url": "/comment/83880",
        "comment": "I believe the allowing of a training and trial area for dogs is a great benefit to outdoorsman who would like a safe contained area to enjoy their dogs. There are many clubs with running pens for members to enjoy in the US that create a great atmosphere for families and kids to get out and enjoy the sport of Beagling in a safe environment and I think it would be beneficial to all involved to allow the outdoorsman of Ontario to be made available the same kind of opportunities. Thank you for providing a forum to be heard.\n"
    },
    "83885": {
        "url": "/comment/83885",
        "comment": "April 14, 2023.\nPublic Input Coordinator\nMNRF Fish and Wildlife Policy Branch \u2013 Wildlife Section\n300 Water Street\n5th Floor, North Tower\nPeterborough, ON K9J 3C7\nc.c.       Premier of Ontario\n            Legislative Building\n            Queen's Park\n            Toronto ON M7A 1A1\nHonourable Graydon Smith,\n            Minister of Natural Resources and Forestry\n            Whitney Block, 99 Wellesley street West,\n            Toronto, ON M7A 1W3\nRE: ERO number 019-3685:  Proposal Summary to amend the Fish and\nWildlife Conservation Act, 1997, and associated regulations to allow for the issuance\nof licences of new dog train and trial areas, and to allow the transfer of licences.\nDear Premier Ford,\nI am writing in response to ERO number 019-3685 to express our deepest concern for your government\u2019s proposal to allow new dog training and trialing compounds to be established in Ontario and current licences to be transferred.\nWe were an active participant when changes were made to the Game and Fish Act under the leadership of Premier Mike Harris and the passage of the now named Fish and Wildlife Conservation Act in 1997.  We fought to have training and trialing compounds prohibited altogether.  However, a compromise was reached. The new Act prohibited the establishment of new dog training facilities using wild animals, but it grandfathered existing operations.  The intent was to phase out them out through attrition because Ministry staff recognized the inherent cruelty of these operations which involved trapping coyotes, foxes, and rabbits to be supplied to operators of compounds, a fenced in area where dogs would be permitted to chase, harass and often kill these wild animals. Since 1997 this policy worked well.\nHowever, under your leadership, Mr. Ford, you now intend to permit one of the most egregious forms of cruelty to continue:  pitting domestic dogs against confined wildlife.  The Ministry provides very little information about these operations and that is, likely, no accident.  If Ontarians knew that these activities were approved by your government, I know and your officials likely know, they would be horrified.\nWe suggest the following solution. Transition compounds that use wildlife to facilities that use scent tracking to train dogs with no confined wildlife involved.  This humane policy would allow dog owners the opportunity to safely train their dogs to track and retrieve without the cruelty and would allow these businesses to remain open.\nI urge you, in the strongest possible terms, to end this cruelty.  We have presented the government with a humane solution.  However, should the current proposal be implemented by your government, we intend to publicly expose the reality of these facilities and the government\u2019s complicity in perpetuating the cruel activities that even previous Ministry staff knew were seriously problematic.\nSincerely,\n"
    }
}