{
    "89281": {
        "url": "/comment/89281",
        "comment": "This is the most inhumane proposal I have ever read.  I had no idea it existed already.  It simply cannot be allowed to expand or even continue.\nAre we civilized in this province or not?  How can any elected representative of the people believe this makes any sense.\nLegalized cruelty to animals!  Absolutely not!\n"
    },
    "89286": {
        "url": "/comment/89286",
        "comment": "This is a shocking and barbaric reversal of legislation/act that was to be phased out. As an immigrant and citizen of Canada and Ontario for the last 9 years I am disguised by this proposal. It\u2019s not forward thinking, does not belong in a modern and progressive world. In a day and age where animal welfare and global climate consciousness has been raised this reflects very poorly on Canada/Ontario and cannot be passed. We want a modern, compassionate and forward thinking country that moves with the times and acts consciously. Canada is only after banning animal testing something that the other parts of the world has done for decades. We are moving in the right direction and want to keep it that way! Do not pass this legislation/act.\n"
    },
    "89288": {
        "url": "/comment/89288",
        "comment": "This is unethical, immoral, and one might even say psychopathic. As a concerned citizen and a resident of Ontario, I urge you to stop this proposal from going any further.\nTraining dogs to hunt coyotes? How can the provincial government sleep at night knowing they would be allowing the tormenting of wild animals?\nWe give more respect to animals that are slaughtered for meat. At least their suffering is limited and they aren't chased around and distressed before they meet their end.\nIf anyone is going to hunt an animal, take a tip from the Indigenous nations of Canada-- i.e. animals are hunted for the purposes of sustenance, food, and materials, with respect and gratitude given to animals that are killed.\nFrankly, this government has done nothing to live in harmony with the wildlife that we have encroached upon in built up areas. But now is a chance to turn things around. Stop developing on green field sites. Don't separate families of animals. Don't allow train and trial areas.\n"
    },
    "89291": {
        "url": "/comment/89291",
        "comment": "The practice of dog train and trial areas is simply inhumane.\nInhumane as defined by the Oxford language dictionary: without compassion for misery or suffering; cruel.\nThe act of capturing and acquiring animals only for them to be confined and tormented for their lifespan.\nThis act justifies animal cruelty and covers it up with a licence for people to further exploit animals, and subject wildlife to be tormented through unethical and inhumane methods. This goes against the cycle of life and subjects prey to further risks.\nIf anything, prey, like rabbits, are at a greater risk of being bred for this new act should it be implemented.\nFor the above reasons, I strongly reject this proposal.\n"
    },
    "89293": {
        "url": "/comment/89293",
        "comment": "This is a disgusting and inhumane practice.  Animals should not have to live their life in non-stop fear and stress.  There is no purpose to this barbaric practice.  Even the dogs should not be used for this horrendous activity.  I am thoroughly disgusted and disappointed in a government that would allow this to happen at any time.  How can you possibly think this is okay?\n"
    },
    "89295": {
        "url": "/comment/89295",
        "comment": "This process was phased out for a reason. The ford government has already wreaked enough havoc on our wildlife and green spaces through their development projects, constantly pushing to develop Ontario\u2019s green belt despite promise after promise not to.\nAt what point are we going to stop allowing him to go back on his promises and keep destroying our environment ?\nPENNING was phased FOR A REASON. It is an insanely cruel and inhumane practice with absolutely no right to exist in conservation practices. DO NOT ALLOW THIS\n"
    },
    "89296": {
        "url": "/comment/89296",
        "comment": "Please do not permit additional licences to be issued for this cruel and inhumane practice. I cannot believe this horrible act is currently in use.  The suffering of innocent animals to be trapped and held in cages and then to be hunted down and mutilated by dogs should not exist. If this proposal is passed by our current provincial government I believe it will be their regret. Please stop this needless suffering and show our humanity to all living creatures.\n"
    },
    "89299": {
        "url": "/comment/89299",
        "comment": "I had no idea this was even allowed in the first place and it's terrible. Please do not allow more train and trial areas to open. They encourage animal cruelty through the use of hunting dogs and this needs to be phased out, not encouraged. There are already 24 enclosed spaces for this awful practice in Ontario, we don't need more!\nThis is an inhumane ammendment and I hope you vote it down.\n"
    },
    "89300": {
        "url": "/comment/89300",
        "comment": "I thought this type of practice was phased out and I'm disappointed. I do not wish to see it come back. Instead of opening new areas, we should be closing them all. I would love to see many more wild, green spaces available to our communities but not like this. I do not want to see trapping and live release for training dogs promoted in our province. The practice is disgusting. Thank you for the opportunity to speak.\n"
    }
}