{
    "84548": {
        "url": "/comment/84548",
        "comment": "I firmly reject the Ministry of Natural Resources and Forestry\u2019s proposal to allow new licenses and the\ntransfer of licenses for train and trial areas in Ontario.\nPenned dog hunting facilities are cruel to the wild animals that are subjected to various methods used to train dogs to hunt.\nWildlife should never be taken from their natural environments and held captive by hunters. It\u2019s especially cruel to use rabbits, coyotes, and foxes as pawns for hunters to train dogs and hold competitions.\nOpening applications for train and trial spaces after 25 years is a massive step backward into the past.\nThese facilities have no place in Ontario.\nInstead of opening new applications, the province\u2019s existing 24 facilities need to be closed immediately.\n"
    },
    "84549": {
        "url": "/comment/84549",
        "comment": "As a veterinarian and biologist, I am appalled that \"Dog train and trial\" facilities exist, let alone that your ministry is proposing to add new facilities.\nHow do you justify your title as Fish and Wildlife Conservation - it is in complete contradiction to your purpose which is to satisfy the few who believe that wildlife exists for our amusement.\nPlease register my strong objection to this proposal.\nDr. Anne Downes veterinary license 3340.\n"
    },
    "84552": {
        "url": "/comment/84552",
        "comment": "I firmly reject the Ministry of Natural Resources and Forestry\u2019s proposal to allow new licenses and the transfer of licenses for train and trial areas in Ontario.\nPenned dog hunting facilities are cruel to the wild animals that are subjected to various methods used to train dogs to hunt.\nWildlife should never be taken from their natural environments and held captive by hunters. It\u2019s especially cruel to use rabbits, coyotes, and foxes as pawns for hunters to train dogs and hold competitions.\nOpening applications for train and trial spaces after 25 years is a massive step backward into the past. These facilities have no place in Ontario.\nInstead of opening new applications, the province\u2019s existing 24 facilities need to be closed immediately.\n"
    },
    "84557": {
        "url": "/comment/84557",
        "comment": "It is very cruel to use wild animals to train dogs to harm other animals.\nYou should be closing the existing sites.\nI don\u2019t understand why my species is habituated to these bloodthirsty pursuits. And why there aren\u2019t those among you who understand that we need to be weaned away from killing for pleasure. And we need to revere all life.\nPlease reconsider.\n"
    },
    "84558": {
        "url": "/comment/84558",
        "comment": "I am writing to voice my absolute opposition to the approval of dog training facilities for hunting in this province. Approval of this type of facility is an outright contravention of animal cruelty laws - including the containment of wild animals. The rights of hunters - a minority in this province- do not supercede the rights of non-hunting citizens who expect this government to act responsibly and humanely when issuing licenses that will impact wildlife - held in public trust for ALL Ontarians.\n"
    },
    "84559": {
        "url": "/comment/84559",
        "comment": "Wildlife should never be taken from their natural environments and held captive by hunters. It\u2019s especially cruel to use rabbits, coyotes, and foxes as pawns for hunters to train dogs and hold competitions.\nI\u2019m struggling to even comprehend that people, that government,  anyone in their right mind, would even think that this makes sense unless everyone is a bunch of crazy serial killers that will probably be the only way that any of this can ever make sense or be justified!\nFor the love of animals and respect of animals please know that we are not the divine species, this is a shared space,  sharing it kindly with animals.\nAnimals wouldn\u2019t do this to each other only for survival\nThis is beyond cruel!\n"
    },
    "84563": {
        "url": "/comment/84563",
        "comment": "So disturbing to know these brutal facilities still exist, let alone to learn of the Ministry contemplating allowing more to open.  To permit the torture/killing of wildlife, in the name of 'sport' is beyond revolting.  I reiterate the following valid points:\n\"I firmly reject the Ministry of Natural Resources and Forestry\u2019s proposal to allow new licenses and the transfer of licenses for train and trial areas in Ontario.\nPenned dog hunting facilities are cruel to the wild animals that are subjected to various methods used to train dogs to hunt.\nWildlife should never be taken from their natural environments and held captive by hunters. It\u2019s especially cruel to use rabbits, coyotes, and foxes as pawns for hunters to train dogs and hold competitions.\nOpening applications for train and trial spaces after 25 years is a massive step backward into the past. These facilities have no place in Ontario.\nInstead of opening new applications, the province\u2019s existing 24 facilities need to be closed immediately.\"\nThe more this information of this intent becomes known to the public, the less public support there will be for the Ministry.\n"
    },
    "84567": {
        "url": "/comment/84567",
        "comment": "I firmly reject the Ministry of Natural Resources and Forestry\u2019s proposal to allow new licenses and the transfer of licenses for train and trial areas in Ontario. This is an incredibly cruel and inhumane practice that harms animals and causes immense suffering to captive animals. This practice being allowed again in Ontario will harm the reputation of Ontario and invite international censure by animal welfare organizations and activists.\nPenned dog hunting facilities are cruel to the wild animals that are subjected to various methods used to train dogs to hunt.\nWildlife should never be taken from their natural environments and held captive by hunters. This may even violate federal and provincial animal cruelty laws. It\u2019s especially cruel to use rabbits, coyotes, and foxes as pawns for hunters to train dogs and hold competitions. At a time when the federal government is phasing out cosmetic animal testing on captive animals like rabbits, this is a backward step for Canada and Ontario to use rabbits and other animals in cruel captive situations that will cause harm and death.\nOpening applications for train and trial spaces after 25 years is a massive step backward into the past. These facilities have no place in Ontario.\nInstead of opening new applications, the province\u2019s existing 24 facilities need to be closed immediately.\n"
    },
    "84569": {
        "url": "/comment/84569",
        "comment": "Completely disagree with utilising wild animals, such as, fox, coyotes and /or rabbits to train hunting dogs or people for that matter. Please let\u2019s not turn the clock back and allow more of this cruel practice.\nSounds like the Hunger Games all over again! Have we not made any progress in terms of humanitarian practice?\n"
    },
    "84572": {
        "url": "/comment/84572",
        "comment": "I firmly reject the Ministry of Natural Resources and Forestry\u2019s proposal to allow new licenses and the transfer of licenses for train and trial areas in Ontario.\nPenned dog hunting facilities are cruel to the wild animals that are subjected to various methods used to train dogs to hunt.\nWildlife should never be taken from their natural environments and held captive by hunters. It\u2019s especially cruel to use rabbits, coyotes, and foxes as pawns for hunters to train dogs and hold competitions.\nOpening applications for train and trial spaces after 25 years is a massive step backward into the past. These facilities have no place in Ontario.\nInstead of opening new applications, the province\u2019s existing 24 facilities need to be closed immediately.\n"
    }
}