{
    "89866": {
        "url": "/comment/89866",
        "comment": "I strongly oppose the Ministry of Natural Resource proposal to allow new licenses and the transfer of existing licenses for dog training and trial areas in Ontario.\nThe practice of capturing wildlife, enclosing it in pens, and using it as bait to train dogs is inhumane, cruel, and barbaric by modern day standards.  The 1997 decision disallowing the creation of new facilities recognized this.\nNot only should new licenses not be issued, but the twenty-four existing facilities in Ontario should be closed immediately.  These facilities provide no benefits for the majority of Ontarians who support our natural environment and the wildlife that lives there and shares it with us.\nOur wildlife should not be sacrificed at the expense of such a very small interest group.  Other humane methods are available to those intent on training dogs for these purposes.  These facilities should not exist in Ontario.\nI consider this a regressive proposal for our province.\n"
    },
    "89870": {
        "url": "/comment/89870",
        "comment": "This isn\u2019t right and shouldn\u2019t be allowed.\nNo one is using their dogs for hunting practices.\nThese animals are going to get trapped abused and tortured.\nThese hunters do not deserve to do that. They have other methods to use that can be cruelty free. The wild life is trying to live their lives and they should be left alone not captured for our practices. That\u2019s disgusting, horrible and wrong\n"
    },
    "89871": {
        "url": "/comment/89871",
        "comment": "This proposal is absolutely disgusting. There are safe ways to train dogs to hunt that don't subject innocent wildlife to a lifetime of abuse and stress. These kennels need to be permanently closed, not reissued new licences. This is animal abuse for sport! I urge you to look up the five freedoms of animal welfare. Most animal welfare laws around the world are based on these five freedoms. I'm truly horrified that kennels like this are even allowed to exist in this day and age. Do better!!!\n"
    },
    "89872": {
        "url": "/comment/89872",
        "comment": "I unequivocally reject the disgusting and cruel idea of using wildlife taken from their natural environments to be held captive by hunters and used as pawns to be traumatized, injured, or killed in order to train dogs for the enjoyment of hunters.\nHunting as a quick and hopefully painless death for an animal that will be consumed for food is a valid activity. Being cruel to an animal for fun, is reprehensible.\nReverting to this barbaric practice after 25 years is a massive step backward. These facilities have no place in Ontario.\n"
    },
    "89874": {
        "url": "/comment/89874",
        "comment": "I am beyond shocked and sickened to learn about this thrust to expanding what is already an in humane , unethical and horrifying practice. I had no idea about this. I am not opposed to hunting but I am outraged that wild animals are being tortured, first by captivity and then by unfair slaughter. This is outrageous and cannot continue to be allowed let alone expanded .\n"
    },
    "89877": {
        "url": "/comment/89877",
        "comment": "I wish to express my strong opposition to the Ministry of Natural Resources proposal to allow new licences and the transfer of existing licenses, for \"dog train and trial areas\".\nIt is unconscionable and unethical to use wild animals to train hunting dogs.  This is such a barbaric practice I was frankly shocked to learn that such a program even existed.\nFurther, I call upon the Ministry to immediately take steps to discontinue this practice altogether.  The use of rabbits, coyotes and foxes as bait to train dogs should be stopped immediately and such facilities closed for good.\n"
    },
    "89879": {
        "url": "/comment/89879",
        "comment": "I am appalled by this proposed amendment. It is animal cruelty and Ontario residents are better than this. Furthermore, the sport of hunting requires an even playing field between predator and prey. This is not that.\nThe Act as it stands clearly intends for this practice to be phased out. There is no need for such hunting places and practices anymore. Let me be abundantly clear: I do NOT agree with the proposed change.\n"
    },
    "89881": {
        "url": "/comment/89881",
        "comment": "The practice of \"hounding\" is beyond barbaric; dog fighting is illegal in Ontario and so should hounding; tearing apart foxes, coyotes and others in a pen where they cannot escape the name of dog training is animal cruelty, end of.\n"
    }
}