{
    "87843": {
        "url": "/comment/87843",
        "comment": "I firmly reject the Ministry of Natural Resources and Forestry\u2019s proposal to allow new licenses and the transfer of licenses for train and trial areas in Ontario.\nPenned dog hunting facilities are cruel to the wild animals who are subjected to various methods used to train dogs to hunt.\nWildlife should never be taken from their natural environments and held captive by hunters. It\u2019s especially cruel to use rabbits, coyotes, and foxes as pawns for hunters to train dogs and hold competitions.\nOpening applications for train and trial spaces after 25 years is a massive step backward into the past. These facilities have no place in Ontario.\nInstead of opening new applications, the province\u2019s existing 24 facilities need to be closed immediately\n"
    },
    "87844": {
        "url": "/comment/87844",
        "comment": "Hello,\nPractise like this is extremely unethical and disgusting. Should not be practised at all in a country as developed as Canada. Please do not reinstate such barbaric practice\n"
    },
    "87846": {
        "url": "/comment/87846",
        "comment": "We should not allow this cruel practice. Would you trade your place with any of these animals? Yet we know they feel pain just as we do. Why inflict pain and suffering where it is not needed? We should set an example and be humane. It may not be convenient but it is the right thing. We're a rich nation and we have the luxury of making the right choice. Let's make that right choice and ban this cruel practice.\n"
    },
    "87849": {
        "url": "/comment/87849",
        "comment": "I'm too busy & tired to put the follow8ng into my own words- but these sentiments below absolutely reflect my point of view. This is barbaric & disgusting to consider.\nI firmly reject the Ministry of Natural Resources and Forestry\u2019s proposal to allow new licenses and the transfer of licenses for train and trial areas in Ontario.\nPenned dog hunting facilities are cruel to the wild animals who are subjected to various methods used to train dogs to hunt.\nWildlife should never be taken from their natural environments and held captive by hunters. It\u2019s especially cruel to use rabbits, coyotes, and foxes as pawns for hunters to train dogs and hold competitions.\nOpening applications for train and trial spaces after 25 years is a massive step backward into the past. These facilities have no place in Ontario.\nInstead of opening new applications, the province\u2019s existing 24 facilities need to be closed immediately.\n"
    },
    "87850": {
        "url": "/comment/87850",
        "comment": "I reject this proposal on the grounds that it is cruel and unusual treatment of wild animals. These wild animals are not to be taken captive for any reason. This is a major step backwards in animal welfare in this province. We must protect the wild rabbits, foxes, and coyotes that remain and not use them for inhumane training exercises.\n"
    },
    "87851": {
        "url": "/comment/87851",
        "comment": "These facilities should be illegal. This is animal cruelty plain and simple. Disgusting that anyone would consider this a 'sport'. I can't torture and kill a rabbit or coyote on my property without animal cruelty charges (and I would never ever want to) so why are these facilities allowed to exist and possibly expand.\nSociety should do everything possible to protect wild animals, they have a place within the ecosystem and should never be subjected to this kind of torture, for the amusement of humans. If you want your dog to chase coyotes or rabbits away from your crops, they can be trained without resorting to torture of animals, whether wild 'caught' or raised for this purposed (a whole other area of extreme animal torture).\nNaturalist experts and environmental diversity experts should be consulted and they would explain why this practice is as outdated as dog fighting or bull running and should be banned.\nSociety needs to evolve to be more compassionate and accepting of the rich diversity of our ecosystems and relegate the torture of animals for human pleasure in the distant past. We are better than this and our laws should reflect this.\n"
    },
    "87852": {
        "url": "/comment/87852",
        "comment": "These facilities should be illegal.  This is animal cruelty plain and simple.  Disgusting that anyone would consider this a 'sport'.  I can't torture and kill a rabbit or coyote on my property without animal cruelty charges (and I would never ever want to) so why are these facilities allowed to exist and possibly expand.\nSociety should do everything possible to protect wild animals, they have a place within the ecosystem and should never be subjected to this kind of torture, for the amusement of humans.  If you want your dog to chase coyotes or rabbits away from your crops, they can be trained without resorting to torture of animals, whether wild 'caught' or raised for this purposed (a whole other area of extreme animal torture).\nNaturalist experts and environmental diversity experts should be consulted and they would explain why this practice is as outdated as dog fighting or bull running and should be banned.\nSociety needs to evolve to be more compassionate and accepting of the rich diversity of our ecosystems and relegate the torture of animals for human pleasure in the distant past.  We are better than this and our laws should reflect this.\n"
    },
    "87853": {
        "url": "/comment/87853",
        "comment": "This is inhumane. I am an ER veterinary assistant and so I must uphold a high level of care and compassion for the animals I work with. Just because caring for animals isn\u2019t in the job description of a government individual, doesn\u2019t give you the right to allow abuse of wildlife. There is no valid reason that this needs to exist.\nYou learn about ecosystems and the food chain in the third grade. Needless allowing for the deaths of coyotes will have amplifying impacts on all of the wildlife in Ontario.\nThe fact that the coyotes will have places to run and hide does not absolve you from the terror you are knowingly inflicting on these creatures and their inevitable injuries. This goes against everything that we stand for as a province and a nation.\n"
    },
    "87855": {
        "url": "/comment/87855",
        "comment": "Dog training and trial facilities are outdated and just barbaric in todays standards. To allow more of these areas to be opened is just cruel and unnecessary. There is no need for them other than the delight in animal cruelty for people\u2019s enjoyment.\nI am strongly against the issuances of new licensees for these areas.\n"
    },
    "87856": {
        "url": "/comment/87856",
        "comment": "These facilities should be illegal.  This is animal cruelty plain and simple.  Disgusting that anyone would consider this a 'sport'.  I can't torture and kill a rabbit or coyote on my property without animal cruelty charges (and I would never ever want to) so why are these facilities allowed to exist and possibly expand.\nSociety should do everything possible to protect wild animals, they have a place within the ecosystem and should never be subjected to this kind of torture, for the amusement of humans.  If you want your dog to chase coyotes or rabbits away from your crops, they can be trained without resorting to torture of animals, whether wild 'caught' or raised for this purposed (a whole other area of extreme animal torture).\nNaturalist experts and environmental diversity experts should be consulted and they would explain why this practice is as outdated as dog fighting or bull running and should be banned.\nSociety needs to evolve to be more compassionate and accepting of the rich diversity of our ecosystems and relegate the torture of animals for human pleasure in the distant past.  We are better than this and our laws should reflect this.\n"
    },
    "87857": {
        "url": "/comment/87857",
        "comment": "I hereby state my firm rejection and disagreement with the Ministry of Natural Resources and Forestry\u2019s proposal to allow the creation of new licences and allow transfer of licences for train and trial areas here in Ontario.\nThis ministry has, in the past, denounced this barbaric behaviour as cruel and unjust towards the bunnies, foxes, and coyotes who suffer as consequence. In 1997, the ministry began phasing out this practice. If the ministry itself cannot condone such a practice, then it is surely not within its own values, let alone ours as a people. So why does the Premier intend to restore this practice?\nSuch a cruel and unusual practice does not align with the values we as citizens have in this province. We believe in the fair treatment of wildlife and equitable solutions that do not involve the suffering and mistreatment of Ontario\u2019s wildlife.\nClose all existing facilities that condone or have been authorized by your government to conduct these practices, and do so immediately.\n"
    },
    "87858": {
        "url": "/comment/87858",
        "comment": "I completely and firmly reject the Ministry of Natural Resources and Forestry's proposal to amend the Fish and Wildlife Conservation Act of1997 for the purpose of allowing new licenses and the transfer of licenses for train and trial areas in Ontario.\nIt is inherently cruel to steal wildlife out of their natural environment. It is especially cruel and inhumane to take rabbits, foxes, and coyotes from their environments, hold them captive for indefinite periods, and then use them like toys to train dogs and hold hunting competitions. Ontario should not allow more animals to be captured and tortured for the sake of barbaric hunting dog traditions, and should let the remaining train and trial areas be phased out as originally planned due to the inherent cruelty of this practice.\nWild animals need to be protected and left alone. They should never be subjected to torture like this for the amusement of humans. We are better than this.\n"
    }
}