{
    "86311": {
        "url": "/comment/86311",
        "comment": "It is inhumane to use rabbits, coyotes, and foxes as bait to train dogs.\nNew licenses for dog train and trial facilities are a huge step backward for society. These facilities have no place in Ontario.\nInstead of allowing new applications, the province\u2019s existing 24 facilities need to be closed immediately.\n"
    },
    "86313": {
        "url": "/comment/86313",
        "comment": "Is there not enough animal cruelty already in Canada?  How can a government be so regressive and are you trying to intentionally loose as many votes as you can with these luddite these Train and Trial facilities in Ontario?   What is wrong with you people!\nPlease grow a bit of compassion and respect for life, all life.  Maybe some new ideas that are not solely based on economy and growth?  There is more in the world than just people.  How about writing a new story that does not include the intentional use of aware animals in this training?   Maybe a story that looks nothing like the past?  You have lost my vote if this goes through... just sayin.  Please grow a heart.\n"
    },
    "86318": {
        "url": "/comment/86318",
        "comment": "I strongly oppose the Ministry of Natural Resources and Forestry\u2019s proposal to allow new licenses, and the transfer of existing licenses, for dog train and trial areas in Ontario. These hunting facilities are inhumane and should be phased out as intended. The ministry should busy itself with finding humane ways to train hunting dogs without damaging our ecosystem.\nWhen the coyotes, foxes, and rabbit run out, will the ministry move onto killing domesticated animals?\n"
    },
    "86320": {
        "url": "/comment/86320",
        "comment": "As an Ontario resident and someone who loves dogs AND wildlife, I find myself utterly revolted by this proposal. What in God's name is wrong with you people? I am not anti-hunting, but this is disgusting. To subject captive wild animals to this kind of abuse is incredibly inhumane. On this issue alone, I would vote against the Conservatives in the next election.\n"
    },
    "86322": {
        "url": "/comment/86322",
        "comment": "I strongly oppose the Ministry of Natural Resources and Forestry\u2019s proposal to allow new licenses, and the transfer of existing licenses, for dog train and trial areas in Ontario. These hunting facilities are inhumane and should be phased out as intended. The ministry should busy itself with finding humane ways to train hunting dogs without damaging our ecosystem.\n"
    },
    "86323": {
        "url": "/comment/86323",
        "comment": "This kind of barbaric treatment of innocent animals for the benefit of training hunting dogs makes my stomach sick!!! Hunting dogs are again for the rich and privileged in my mind and for these people we should choose to abuse animals!!! No animal should be treated with such cruelty! Why are we even discussing this??  No!!!!\nPLEASE DO NOT ALLOW THIS!!!!! WE ARE ANIMAL LOVING CANADIANS!!!\n"
    },
    "86325": {
        "url": "/comment/86325",
        "comment": "To whom it may concern,\nI am adamantly against the proposal to allow new licenses for new dog and train areas. It was on its way to being phased out and that should continue. Dogs trained to hunt captive or non-captive prey for sport is outdated. Quite simply it is cruelty towards animals and should be banned. Fox hunting and bullfighting have been banned for the same reason. Hounds chasing and/or hunting hare, fox and coyotes is no different.\nAn argument has been made that if these areas are not legalized then the activity would be driven underground. This is completely flawed. Put more effort into stopping this unlawful activity.\nA small special interest group should not get permission to do this. It is completely inhumane. Please stop this proposal! The vast majority of Ontarians would be against this proposal if they were made aware of it.\n"
    },
    "86327": {
        "url": "/comment/86327",
        "comment": "This proposal is unbelievably disgusting.\nNO animal, wild or domesticated, should be subjected to this kind of treatment. As the saying goes, it is like shooting fish in a barrel with the maximum amount of terror for the creature involved.\nWhat in the world are you thinking of?\nEven England banned fox hunting, a cultural icon for many years, on the basis of cruelty. The fox had at the very least a chance which is not the case here.\nHunting dogs can be trained, and have been trained for years, in other ways.\nShame on all Ontarioans (I was one myself for many years) for even contemplating such a practice.\n"
    },
    "86332": {
        "url": "/comment/86332",
        "comment": "This is wrong to consider opening more penned hunting facilities under the guise of training. There are other methods to train dogs. It was stopped over 20 years ago as it was found to be cruel, needless and wildlife should NEVER be forced to be trapped to be pawns in a chase. These other 24 facilities should be closed as well. This is cruelty to wildlife.\n"
    },
    "86333": {
        "url": "/comment/86333",
        "comment": "I do not approve of the cruelty to wild animals any more than you currently allow. Mankind continues to decimate and ruin at every turn with little thought to the wildlife at the receiving end of our inhumane \"fun\".\nExisting Train and Trial areas should be shut down, and perpetrators caught in underground activity should be heavily punished to set an example.\nIts barbaric!\n"
    }
}