{
    "90538": {
        "url": "/comment/90538",
        "comment": "What the actual **** is wrong with the men who thought this was a great way to spend their time devising new ways to exhibit the most senseless and cruelest form of sport?\nYou don\u2019t need links or research to back up the point that this is cruelty beyond imagination.\nYour proposal to legalize captive hunting operations is immoral and criminal.\nShame on you\nShame on the groups that have lobbied for this change\nhttps://www.humanesociety.org/resources/captive-hunts-fact-sheet\n"
    },
    "90539": {
        "url": "/comment/90539",
        "comment": "There is no need for more areas to be licensed and operating for this purpose. The stress this puts wildlife through is unbelievably inhumane and just because the populations are sustainable enough does not make it acceptable. There can be other ways to train dogs for hunting purposes without the actual wildlife involved. Use scent markers for the dogs to learn. I do not support this proposal.\n"
    },
    "90542": {
        "url": "/comment/90542",
        "comment": "You must be absolutely kidding yourselves to think that this will be accepted by any human being wkth a beating heart. This is legalizing animal cruelty and torturing innocent animals in an enclosed area. This government is so beyond sickening, I\u2019m so ashamed I voted for you when you put out Bs like this. Shame on you all for even considering such a hateful practice\n"
    },
    "90550": {
        "url": "/comment/90550",
        "comment": "This sounds barbaric. Every license in our government is abused, I cannot imagine the pain and suffering that will happen when countless \"training\" exercises are abused. How will this be controlled? What is the end goal? Why can't hunting dogs train in the real world? Nobody can own the life's of wildlife so how can you give the right for people to do this? What is next? For the people who dedicate their lives to saving wild animals, for those people who put all their heart and soul, blood and tears that goes into the work of wildlife rehabilitation, these train and trial areas are a slap in the face.\n\"The greatness of a nation and its moral progress can be judged by the way its animals are treated \" - Gandhi\n"
    },
    "90551": {
        "url": "/comment/90551",
        "comment": "Don't allow this. You're a Savage if this is allowed. Animals deserve to be protected, not hunted. We as human beings have adopted the role of caretakers of the world and the animals that live on it. The fact that this even needs to be discussed is appalling. Do the right thing, protect the animals that need it - don't hurt or hunt them.\n"
    },
    "90554": {
        "url": "/comment/90554",
        "comment": "Given what we know about communicable diseases moving from wildlife to domestic animals (and from there to human beings), continuing this practice seems unwise. Do we really need dogs picking up some novel virus from wildlife and communicating it to us?\nIt is also clearly inhumane to \"train\" or \"exercise\" dogs on living animals that cannot escape. A hunting dog can be trained by other methods that do not involve gratuitous cruelty and unnecessary suffering. I can understand why previous governments were limiting and phasing out this practice. I do not understand why this government feels it necessary to remove the restrictions that were in place.\n"
    },
    "90556": {
        "url": "/comment/90556",
        "comment": "Stop this inhumane, cruel practice, I can not sit idly while the lives of innocent animals are at risk of this cruel sport.\n"
    }
}