{
    "89557": {
        "url": "/comment/89557",
        "comment": "Please do not allow this proposal to pass. It is cruel and unethical. I know I may sound extreme to you because I don\u2019t support hunting either, but trapping and holding sentient creatures for the purpose of sport and training dogs to hunt is unforgivable. They are able to feel pain and fear just like you and I, and no human being should wield the power to condemn another life to such conditions. Things happen in nature, fine, but this is an active choice you are holding in your hands about putting a sentient being through a life, not a moment, of misery. Please do not pass this. Surely it\u2019s not so crucial to train hunting dogs, maybe there are other issues you could turn towards.\n"
    },
    "89558": {
        "url": "/comment/89558",
        "comment": "It is hard to believe this sort of barbaric activity is still going on in Ontario. Started in 1997 this type of \"hunting\" was supposed to be phased out over time. If this is the case why are 24 facilities still operating and why are licences being sought for new ones. It is a shameful reflection on our society that we allow and apparently encourage this inhumane pastime to continue. It is time to put an end to it.\n"
    },
    "89559": {
        "url": "/comment/89559",
        "comment": "I vehemently oppose the proposed amendments to the Act.  The existing legislation that allows for train and trial operations (which are akin to bear baiting albeit a different species) in the first place, is unconcionable. The proposed changes serve to perpetuate the practice rather than to scale it back. The Government has no place to instill terror in wildlife species used as targets. As it is, wildlife species are having their territories increasingly reduced through urbanization and also the Government selling off Greenspace.  The Goverment needs to show leadership in the co-existance with and respect for wildlife and all other animals (including farm, marine, domestic).\n"
    },
    "89562": {
        "url": "/comment/89562",
        "comment": "I find this to be absolutely disgusting. If a hunter needs to hunt within an enclosed area to \u201cpractice\u201d, they shouldn\u2019t be hunting. I strongly encourage a reconsideration of this barbaric practice. A hunter should be able to train their dog if that is their choice, without essentially trapping prey with large fences outside of their known habitat.\nThis is animal cruelty.\n"
    },
    "89563": {
        "url": "/comment/89563",
        "comment": "This is a proposal of animal cruelty. Trapping wild animals just for the sole purpose of teaching hunting dogs is barbaric. If certain dogs must be trained in hunting practices, it can be and HAS been done without trapping animals to use as training bait. Keeping wild animals trapped for any reason that doesn't involve caring for them if they are sick or injured is CRUEL. Training a dog in hunting in a closed space defeats the entire purpose of hunting. Hunting animals in enclosed spaces is murder, they have no place to get away. The regulatory requirements this is proposing can easily be bent and broken as well. Who will make sure all of these are met at all times? This entire proposal is poorly structured and it is cruel. It should not be passed.\n"
    },
    "89568": {
        "url": "/comment/89568",
        "comment": "What level of cruelty are we willing to stoop to? This is nothing more then legalizing dog fighting rings. I thought we were supposed to be trying to shut those down? Why is this even a thing?\nWe are already the biggest parasite our Earth and its inhabitants have ever seen. Why would you make it worse by putting through a law like this?\nAbsolutely dreadful. Get a conscience\n"
    },
    "89571": {
        "url": "/comment/89571",
        "comment": "This proposal is abhorrent in 2023. Animal cruelty should be illegal,  not sanctioned by an archaic government. Ontario should be moving forward and not backward when it comes to animal cruelty legislation. Will we be legalizing dog fights next?\nWhat an incredibly shameful proposal. I will do everything in my power to make this known to all around me to speak AGAINST proposed legalized animal cruelty. This is 2023 not 19th century England. If this abuse is made legal, what other forms of animal abuse will be made legal in the name of sadistic cultural practices? It sets a terrible precedent. I\u2019m not a particularly political person but I will be very vocal about this as I do not want to roll back in time to where other abhorrent practices were the norm. We are a diverse country and allowing to a sadistic cultural practice is not acceptable.\nThank you for your time.\n"
    }
}