{
    "90342": {
        "url": "/comment/90342",
        "comment": "What a gross, cruel and inhumane proposal that is.\nThere is no need to train dogs in that way.\nCan you imagine the terror the captive animals go through?\nWhy are the animals in captivity  in the first place? Are they are to be rehabilitated and released.\nHow do you treat your pet animals? So cruel.\nStop this horrid proposal now!\n"
    },
    "90346": {
        "url": "/comment/90346",
        "comment": "Please, please reconsider this vile proposal. These animals are sentient beings that feel pain and emotion, and deserve to live. They are not disposable. We are guests in their habitat and you have the absolute audacity to torture them like this? Absolutely disgusting and you should be ashamed of yourselves.\n"
    },
    "90348": {
        "url": "/comment/90348",
        "comment": "I am appalled by the proposal to allow new licenses and the transfer of licenses for train and trial areas in Ontario, and I reject this proposal. New train and trial areas were intended to be phased-out over time and instead of opening new applications the existing facilities should be closed and banned from ever reopening. This practice is barbaric and cruel. Wildlife are already losing their habitats in Ontario, they do not deserve to be tortured as well. This is pure animal cruelty and needs to be stopped immediately.\n"
    },
    "90350": {
        "url": "/comment/90350",
        "comment": "Absolutely and utterly appalling that the Canadian government is condoning such a thing. There are other methods that can be used to adequately train a dog to hunt and trap, rather than exploiting wildlife for human benefit. With the expanding human population and urbanization, wildlife populations are already limited with limited access to free and open land without human disturbance. Keep the wildlife, wild and let these owners train their dogs using current methods. Are these hunting dogs owners really being that disadvantaged with current training protocol??? If so, this is not the answer. They need better intervention that doesn\u2019t involve unnecessary animal cruelty and entrapment of wild animals.\n"
    },
    "90351": {
        "url": "/comment/90351",
        "comment": "In 2023 I cannot fathom how this practice can be supported and allowed. As a country that is trying to make good on reconciliation, the government is thinking of allowing a practice that does not in any way honour respect for nature, animals and the earth. How can we justify to kids that abuse and mistreatment is ok in some cases and situations. This is in no way hunting. This is a sport at the expense of helpless animals. Animals with feelings  and the abilities to connect. Who are the inhuman individuals that believe in this game for dogs. Just recently a dog mauled a child. These dogs playing this ridiculous \u201cgame\u201d belong to brainless idiots who are likely to bring a complete unsafe animal to a public area. This is disgusting and disgraceful. This cannot be approved. It is in humane and pure animal cruelty. Trapping and keeping an animal for torture. Where the hell is the governments ethical responsibility. This is Canada. Do better and deny to the fullest extent this practice and the issuing of any licences.\n"
    },
    "90352": {
        "url": "/comment/90352",
        "comment": "Are these facilities paid for with Ontario tax dollars? Where does the land come from? Rented? Owned? By whom? Provided by provincial government? How is the fencing paid for? Who traps the prey wildlife? Where are the animals stored before they are penned and killed by dogs? Who pays for the rabbits that are purchased from/through the military?  How much does maintaining one of these sites cost/year?\nDo hunters pay for the use of the site? How much?  Do hunters pay for their licenses to use these facilities? How much? Do fees paid by hunters fully off-set the costs? If not, how much does the province absorb for each site?\nI do not want one penny of my tax dollar spent on such facilities and activities. I think that penned hunting is inhumane, and I do not think that hunters and their dogs should be encouraged or rewarded for their disrespect and violence toward animals.  Instead, I believe that the provincial government should move to further restrict all forms of hunting and strengthen laws and penalties for the animal abuse involved in hunting.\nWhy should I pay provincial taxes to support projects that are morally offensive to me?\n"
    },
    "90355": {
        "url": "/comment/90355",
        "comment": "I am very much against this proposal. We cannot abandon our duty to these animals that look to us for protection. This is an inhuman idea, totally again what we, as Canadian stand for. I am surprised that such drastic measures are proposed. We can do better without harming other living creatures.\nWe are supposed to be caretakers of our lands, not Murderers.\n"
    },
    "90359": {
        "url": "/comment/90359",
        "comment": "All the Time, Effort, Care, and Love that Our Professionals and Volunteers Give of Themselves to Rescue, Save, and Give a Second Chance to Our Wildlife. All the Money that is Donated to their Efforts. The Wildlife Rescue and Rehabilitation Sanctuary are some of the largest sites on Social Media. Not sure why this was ever allowed, but that was then. Today, Train and Trial Should Not be Allowed ever again. What A Shame this would be for All the Love that goes on to Save Our Wildlife.\n"
    },
    "90361": {
        "url": "/comment/90361",
        "comment": "These were being phased out, which was a good thing. Opening up to more is an appalling backtrack. These places are inhumane,  archaic and unnecessary.\nI am completely against this proposal and do not understand the governments position. If dog fighting is illegal why is this ok?\nPlease do not let this pass.\n"
    }
}