{
    "84668": {
        "url": "/comment/84668",
        "comment": "Why?  This is inhumane!  If hunters want to hunt they have a license to do so. However, holding wildlife hostage to train dogs is unnecessary.\nWho will be accountable for these dogs that are trained to search and kill?\nThis must be another initiative proposed by Doug Ford to destroy our society and environment. We know this government will be ousted next election so let\u2019s not waste time, energy or hard earned tax payers money on these wasteful measures which will be reversed at additional expense\n"
    },
    "84670": {
        "url": "/comment/84670",
        "comment": "I am appalled that the Ministry of Natural Resources and Forestry\u2019s is proposing to allow new licenses and the transfer of licenses for train and trial areas in Ontario. This is incredibly cruel, unethical, and unnecessary.\nWild animals should never be taken from their natural habitats and held captive by hunters. It\u2019s especially cruel to use rabbits, coyotes, and foxes as pawns for hunters to train dogs and hold competitions.\nOpening applications for train and trial spaces after 25 years is a massive step backward into the past. These facilities have no place in Ontario.\nInstead of opening new applications, the province\u2019s existing 24 facilities need to be closed immediately.\n"
    },
    "84672": {
        "url": "/comment/84672",
        "comment": "Hi,\nI'm shocked Ontario has such a cruel system for training dogs.\nI firmly reject the MNR' and Forestry's proposal to allow new licenses and the transfer of licenses for train and trial areas in Ontario.\nThis method and facilities should be banned and all existing \" penned dog hunting facilities\" in Ontario need to be shut down. We don't live in the 1600's anymore and it's time to move to better policies and systems that are humane and show modern values, not the will of a small number of cruel and selfish people.\nOntario had phased these down in 1997 and we need to simply shut the facilities down, let alone allow any new ones (or reuse old or existing licenses through transfers).\nHaving such facilities stains Ontario's image as modern and business leading.\nAlso, i thought Ontario's wildlife protection laws say to not remove or harm wildlife. Putting them in such areas means moving them which breaks MNR rules.\nWildlife is not a toy for gun toting bored guys with dogs. Wildlife is to be cherished and cared for. Dogs are companions not killing tools.\nPlease reject this really horrible proposal.\nthanks, michael\n"
    },
    "84674": {
        "url": "/comment/84674",
        "comment": "This is a cruel and inhumane practice that should not be expanded. Other places are reducing archaic animal \u2018sports\u2019 such a fox hunting, why even consider reverting back to this awful practice.\nThat this is even being considered makes me question the government\u2019s capacity for empathy toward mankind and the creatures who surround us.\nLet\u2019s stop finding ways to cruel.\n"
    },
    "84675": {
        "url": "/comment/84675",
        "comment": "I don't understand why this cruelty to animals is still allowed!  The stress the captive animals undergo is unimaginable. The hunting dogs don't have much of a life either, most chained or kenneled other than during hunting season. Training one species to kill another for man's entertainment is morally wrong.\nWe are stepping backwards tolerating, let alone reintroducing more of these  facilities. Please stop this motion from happening!\n"
    },
    "84677": {
        "url": "/comment/84677",
        "comment": "Is the Ontario Government lost their minds. Why would you want to do something so barbaric and hurt these lovely animals. One hunting them to a slow and painful death is totally unreasonable. Second the dogs trained for this purpose are usually abused and beaten until they get it right. I have coyotes all around my property and they don\u2019t do anything but keep the rodents away. I see them from time to time the usually stop for a minute check out what I am doing and then run away. No harm no foul. Please use your common sense and not let this law come back. What have we become as a society if we allow this to happen!\n"
    },
    "84678": {
        "url": "/comment/84678",
        "comment": "Hello, I just learned of your proposal to amend the Fish and Wildlife Conservation Act to allow new licenses for dog train and trial areas, also known as penned dog hunting facilities.  I am completely shocked and sickened to learn that such a proposal was made.  It is for the dark and evil ages - not for our times, which I hope are more humane, scientific, inclusionary and compassionate. Not to mention that this is a HUGE step backward from action taken in 1997.  Subjecting any living creature - wild, domestic, etc. - to such treatment in the name of hobby, recreation, competition is completely perverse and twisted. Hunting pens are inhumane and unethical. Wild animals such as foxes, coyotes, and rabbits are captured and held in captivity only to be subjected to cruelty, abuse, and suffering through the training and trialing of hunting dogs. These archaic facilities have no place in today\u2019s society. Why do the hunters' needs trump those of wildlife? Why not place the hunters in these pens instead? These animals never consented to being held in captivity, hunted down and killed. Wild animals are moreover crucial to our very existence and the numbers of many species is frighteningly dwindling. They are all part of our precious eco-system, the conservation of  which should be our priority. As an Ontario voter, I urge you to delete this proposal for good and shut down any remaining facilities.\n"
    },
    "84679": {
        "url": "/comment/84679",
        "comment": "I strongly oppose the Ministry of Natural Resources and Forestry\u2019s proposal to allow new licenses and the transfer of licenses for dog train and trial areas in Ontario.  It is inhumane and cruel beyond belief the take wildlife from their natural habitat, hold them captive, and use them as bait to train dogs.\nI had no idea that this was being done in Ontario. Adding new licenses for dog train and trial facilities are a huge step backward for society. These facilities have no place in Ontario.\nInstead of allowing new applications, the province\u2019s existing 24 facilities need to be closed immediately.\nHow has Ontario society sunk so low.\n"
    },
    "84680": {
        "url": "/comment/84680",
        "comment": "Hello, I just learned of your proposal to amend the Fish and Wildlife Conservation Act to allow new licenses for dog train and trial areas, also known as penned dog hunting facilities.  I am completely shocked and sickened to learn that such a proposal was made.  It is for the dark and evil ages - not for our times, which I hope are more humane, scientific, inclusionary and compassionate. Not to mention that this is a HUGE step backward from action taken in 1997.  Subjecting any living creature - wild, domestic, etc. - to such treatment in the name of hobby, recreation, competition is completely perverse and twisted. Hunting pens are inhumane and unethical. Wild animals such as foxes, coyotes, and rabbits are captured and held in captivity only to be subjected to cruelty, abuse, and suffering through the training and trialing of hunting dogs. These archaic facilities have no place in today\u2019s society. Why do the hunters' needs trump those of wildlife? Why not place the hunters in these pens instead? These animals never consented to being held in captivity, hunted down and killed. Wild animals are moreover crucial to our very existence and the numbers of many species is frighteningly dwindling. They are all part of our precious eco-system, the conservation of  which should be our priority. As an Ontario voter, I urge you to delete this proposal for good and shut down any remaining facilities.\n"
    },
    "84683": {
        "url": "/comment/84683",
        "comment": "I firmly reject the proposal to allow new licenses and the transfer of licenses for train and trial areas in Ontario.\nPenned dog hunting facilities are cruel to the wild animals that are subjected to various methods used to train dogs to hunt.\nWildlife should never be taken from their natural environments and held captive by hunters. It\u2019s especially cruel to use rabbits, coyotes, and foxes as pawns for hunters to train dogs and hold competitions.\nOpening applications for train and trial spaces after 25 years is a massive step backward into the past. These facilities have no place in Ontario.\nInstead of opening new applications, the province\u2019s existing facilities need to be closed immediately.\n"
    },
    "84689": {
        "url": "/comment/84689",
        "comment": "Mohammed Ghandi wrote, \u201cThe greatness of a nation and its moral progress can be judged by the way its animals are treated.\u201d\nSo sad that Ontario is considering reverting to a system that is cruel, barbaric, and completely ignores the fact that animals are sentient beings, especially as other provinces are adopting more laws to protect animal rights.\n"
    }
}