{
    "86573": {
        "url": "/comment/86573",
        "comment": "When I read about this proposal I thought I had stepped back in time many years. It is 2023, however, and what is being proposed in ERO 019-3685 is as regressive as anything I have seen in many years.\nUnder a previous provincial Conservative government, the dog train and trial areas were to be phased out. Now, under Mr. Ford, this current government is intending to reinstate the ability for people to set up what seems, no matter which way you look at it, a medieval practice, antiquated, outmoded and completely at odds with our modern sensibilities.\nHow can you even begin to justify the capture of wildlife for the purposes of training hunting dogs?  Are you not aware that the proportion of hunters in this province (and indeed in Canada) is but a small fraction of the overall population. It is a minority activity. Why on earth would you desire to  implement such inhumane and cruel practices as outlined in your proposal?\nEven hunters I have spoken with are surprised by this  and opposed. I think that only a small proportion of the hunting fraternity would even consider such disgustingly cruel treatment of wildlife. And thus, you are catering to a very small minority of people.\nWhy? What is the real reason behind this?\nI am very much opposed to this barbaric and evil practice. Please reconsider.\n"
    },
    "86574": {
        "url": "/comment/86574",
        "comment": "It is most alarming that there is a proposal to increase penned dog hunting facilities. I vehemently oppose the Ministry of Natural Resources and Forestry\u2019s move to allow new licences and the transfer of existing licenses for dog train and trial purposes. This is cruel and barbaric. Wildlife must never be taken from their natural environments and held captive by hunters. Using Rabbits, coyotes, and foxes as bait is INHUMANE and appalling.\nNew applications should not be allowed much less approved. Furthermore the existing 24 facilities should be shut down immediately and declared illegal.\nThere is no place for such facilities in Ontario. How sickening. How shocking. How reprehensible.\n"
    },
    "86576": {
        "url": "/comment/86576",
        "comment": "This is unacceptable.   These types of places for \u2018sport\u2019 are cruel and inhumane.    Quite frankly there is no excuse for having them at all.   Animal cruelty masquerading as sport is dangerous.   What\u2019s next?  Dog fighting?  Oh would this be too cruel ?  No difference.  Having training grounds for sport where animals are brutalized makes us no better than animal abusers.   Should be ashamed for even suggesting it\n"
    },
    "86577": {
        "url": "/comment/86577",
        "comment": "I'm against the plan to reverse a province-wide ban on new cruel \"train and trial areas\" where hunters participate in the blood sport of penned dog hunting. Ontario passed a law in 1997 to phase out new penned hunting facilities for important reasons. It's cruel to the coyotes, foxes, and rabbits who are used as live bait. Terrified foxes, coyotes, and rabbits run for their lives, but have nowhere to escape to. When caught, they're often viciously killed by dogs who are trained to rip them apart, piece by piece. The dogs forced to participate can also suffer from injuries and death. The animals used as bait are usually caught by trappers and sold to be released into these pens and hunted to death. Sometimes, these animals are bred so their offspring can be used in captive hunts.\nA large majority of Canadians are against hunting animals for sport. This research shows that more than four out of five Canadians are against it. No other Canadian province allows penned dog hunting, and the shocking practice is unlawful in most of the United States.\nPenned hunting is also a public health risk. The trade and transportation of wildlife is a major contributor to the spread of disease and parasites, including zoonotic diseases that can infect wildlife, domestic animals, and humans.\n"
    },
    "86578": {
        "url": "/comment/86578",
        "comment": "I strongly oppose the Ministry of Natural Resources and Forestry\u2019s proposal to allow new licenses, and the transfer of existing licenses, for dog train and trial areas in Ontario.\nThe proposal is inhumane- to use rabbits, coyotes, and foxes as bait to train dogs is cruel and unnecessary. Dogs can be trained without using wild animals as props and we urge you to consider that we are not the only sentient beings. Foxes, coyotes and rabbits feel pain and experience fear.\nThe existing facilities should in fact be shut down immediately rather then considering to open new facilities and give out new licenses. Giving out new licenses for dog train and trial facilities is such a step back for our society. I am saddened that they exist in our province, these facilities have no place here in Ontario.\nWe urge you to not accept this proposal.\n"
    },
    "86582": {
        "url": "/comment/86582",
        "comment": "How dare you!!!!!!!!!!! Playing God with the lives of innocent, beautiful animals for the sheer pleasure of killing someone...can't kill humans so you kill everyone else?????? Our wildlife is so very precious, with their own lives, families, friends...leave it to our horrible government to try and implement torture and death wherever they can...so disgusted with all of you and your barbaric acts of cruelty!!! Shame on all of you...Karma is a very funny thing...you will get what is coming to you...if not in this life...for sure, the next!!!\n"
    },
    "86585": {
        "url": "/comment/86585",
        "comment": "\"New train and trial areas were last approved to be established in 1997 and were intended to be phased-out over time. \"\nThere has been no rationale presented as to why these licences should not be phased out.\nSurely modern technology can devise better ways to train dogs without having to exploit wild creatures.\n"
    },
    "86588": {
        "url": "/comment/86588",
        "comment": "As an adult now that has grown up with this sport. I support these new legislative changes that will be able to provide a safe environment for all  hounds to be able to  do what they love. As well as providing the opportunity to pass on this tradition to my 3 boys and future generations for the passion of the outdoors.\n"
    },
    "86591": {
        "url": "/comment/86591",
        "comment": "It is disgusting and cruel to take wild animals outside of their homes and cage them for the sport and entertainment of humans. We already push our cities outwards and pave over their natural homes for cottages and condos; we trap them in inhumane and leg hold traps for our fashion whims; we punish them when they acclimate to human spaces bc we feed them and took their home away.\nThe MNRF should change their name to the Sales Association of Natural Resources and Devastation of Forests.\n"
    },
    "86593": {
        "url": "/comment/86593",
        "comment": "In 1997, the Ontario Government phased-out train and trial areas for the very reason we cannot allow you to reinstate them. They are cruel. The licences for  facilities that have been grandfathered to remain must be allowed to run out out their licence period and then be closed down. They must not be allowed to transfer their licences, and no new licences should be granted, in accordance with the act. This new proposal is appalling and cannot be supported.\n"
    },
    "86595": {
        "url": "/comment/86595",
        "comment": "The original thought of having this kind of training for this so called sport to die off should be followed. Any activity which causes stress to an animal for some gratification is disgusting in this day and age. I am not against hunting and fishing but the need to use live wildlife to train dogs in a penned area to be better in competition is ridiculous. Maybe these people should find another hobby if this is what they need to do to continue this activity.\n"
    },
    "86596": {
        "url": "/comment/86596",
        "comment": "My comment on this proposal is that it shows that some legislators fail to learn from the past and fail to protect our natural resources. It was concluded 25 years ago, under Mike Harris, that penned dog hunting facilities are inhumane, cruel to wildlife and that the best approach to handle the situation was to stop selling new licenses so that existing operators could get out of the business with minimal costs.\nThe majority of the population does not live rurally and wants to see the wildlife in the province treated respectfully. Those who live rurally generally want hunting to maintain its cultural significance. Having come from a long line of hunters and humane trappers, the idea of capturing wildlife to make it easier to hunt is completely repugnant to me. If a hunter is so lazy that he or she cannot go out into the woods with a dog to practice and develop the necessary skills, then they should not be hunting in the first place. These weekend warriors want the feel good aspect of hunting with none of the work. This is just irresponsible wildlife management promoting all the negative aspects of gun culture and not land stewardship.\nI would like to see the government do the right thing and flush this proposal back into the sewage tank from which it was dredged.\n"
    }
}