{
    "85407": {
        "url": "/comment/85407",
        "comment": "This is absolutely disgusting! Opening applications for train and trial spaces after 25 years is a massive step backward into the past. These facilities have no place in Ontario.\nInstead of opening new applications, the province\u2019s existing 24 facilities need to be closed immediately!! Sickening to say the least. There is something very wrong and sick with any human remotely supporting this!\n"
    },
    "85408": {
        "url": "/comment/85408",
        "comment": "Any wild animals held in captivity are being tortured, they are terrorized the entire time that they are being held, only to rachet up the fear just when they can see freedom as the door opens. They make a break for it & are caught & torn to pieces. I hope you all have some sort of excuse for this horrific practice, it is 2023, what possible reason can a person have for teaching a dog to tear up another animal? What's going to stop that dog from going after a pet? A child?\nYou might go back & think about what you are giving permission for. How about watching the \"hunt\". Bring a bag for vomit, you'll need it.\n"
    },
    "85409": {
        "url": "/comment/85409",
        "comment": "There is no valid reason to expand captive coyotes being hunted down by dogs. There is no benefit to society for dogs trained to kill animals, no ecocooigical benefit, and there is no argument that this type of hunting supports sustenance like other forms.\nI 100% oppose expanding these licenses.\nThis is animal cruelty at its finest. Capturing coyotes in a fenced in area to be hunted down with no escape due to fencing in hunting areas is incredibly cruel.\n"
    },
    "85410": {
        "url": "/comment/85410",
        "comment": "Proposal # 019-3685\nI strongly object to the Ontario government's plan to endorse and facilitate the use of live, wild, captive animals to train dogs to hunt. It is cruel and unnecessary, and takes us many steps backward. Coyotes and foxes, like dogs and humans, are social species. They form attachments. They experience fear. We should be extending our idea of justice towards them, not a licence to abuse. I understand that dogs love hunting (and people love hunting with dogs), but we have dog sports -- such as nosework -- that satisfy the urge to hunt without terror. By catering to people who want to use their dogs to kill other animals, the government will be signalling a large step away from an idea of justice that includes and values other species. It will increase the belief that hunting with dogs is justified. It isn't. There is no need to terrorize an animal in the time it takes to hunt it down -- or to put the dogs themselves at risk of injury. Some people may still *want* to do it -- but this is not what we should be endorsing, even it is a \"small business opportunity\" (as described by the Ontario Federation of Anglers and Hunters in a letter dated Sept 1, 2020).\nPlease reconsider. Please put us in alignment with countries such as England, Scotland, and South Africa that have banned hunting with dogs. We know that education -- and government leadership in this area -- can make a positive difference in public perception of wildlife.\n"
    },
    "85411": {
        "url": "/comment/85411",
        "comment": "Ripping animals apart is not a 'sport'.  Dogs are pets and shouldn't be allowed to attack other species.  You conservatives are nothing but barbarian killers, destroying the environment and now wanting to kill off innocent animals that have EVERY right to live a peaceful life.  If you let dogs rip apart animals for 'sport', they'll rip your kids faces off as well - dogs aren't very smart contray to what you think.  Pigs have a higher intelligence than dogs.\nAs for the kinds of people that support this - anyone that does is likely to kill other humans.  Ask any psychiatrist that works with prisoners - they start by killing animals and next thing you know they're killing their spouses and kids.\nOne thing is for sure, the sooner we vote your kind out the better all humanity will be.  Disgusting.\n"
    },
    "85414": {
        "url": "/comment/85414",
        "comment": "This seems quite cruel. I see the need for hunting dogs as some persons are unable to afford animal protein in butcher or grocery establishments, however, wildlife should not be contained in an area to meet this need. These animals did not ask for that and have no means of escape. This just creates a high fear environment for the animals. On the other side, these training dogs will only learn how to hunt in a controlled environment without real life restrictions (like prey being able to escape). With the lack of animal support services in Ontario already, in relation to investigating animal welfare, and the leniency of animal welfare law, this is just another hit towards how Ontario plans on protecting those that cannot speak for themsleves. This is truly shameful. Especially the judging part of it - why should the death of an animal be judged for \"fun\"?  This seems more for sport than necessity.\n"
    },
    "85419": {
        "url": "/comment/85419",
        "comment": "ERO number 019-3685\n\"Trial and training\" domestic dogs using coyotes, foxes, rabbits, etc...that are bred for this purpose means that animals are being bred simply to inflict cruelty upon them. This is an unethical practice, and the current provincial government should continue to reduce, and eventually phase out, granting permits for this practice. This number of licenses should not be increased.\nThe justification that this is being done to minimize underground \"trial and training\" is an exercise in false logic. Instead, dog owners should be required to engage in \"responsible owner training\", and those that do not adhere to provincial policies should be prosecuted.\n"
    },
    "85422": {
        "url": "/comment/85422",
        "comment": "I didn't want to take the time to register, but I have to comment!  These kinds of facilities are ridiculous, unethical, barbaric, cruel, and have NO place in our time!!!!!  We must respect all life and work to protect nature because if we don't, we are going to do irreparable harm to not only nature but to ourselves!  As humans we've already done damage that we may not know the extent of for many years. DON'T MAKE IT WORSE!!!!!! Please please don't allow this.\n"
    },
    "85424": {
        "url": "/comment/85424",
        "comment": "I am appalled at the archaic measures that Canada is taking in regards to their dog train and trial license  and the devastating effect it has and will continue to have\non  wildlife.  To change laws in order to cave in to hunters demands....I cannot believe what this country has become.  I am ashamed to call myself a Canadian.  I honestly don't believe that any of our options will matter anyway, as this country's freedom is really just a facade of democracy anyway.\n"
    },
    "85426": {
        "url": "/comment/85426",
        "comment": "I firmly reject the Ministry of Natural Resources and Forestry\u2019s proposal to allow new licenses and the transfer of licenses for train and trial areas in Ontario.\nPenned dog hunting facilities are cruel to the wild animals that are subjected to various methods used to train dogs to hunt.\nWildlife should never be taken from their natural environments and held captive by hunters.\nOpening applications for train and trial spaces after 25 years is a massive step backward into the past. These facilities have no place in Ontario.\nInstead of opening new applications, the province\u2019s existing 24 facilities need to be closed immediately.\n"
    },
    "85427": {
        "url": "/comment/85427",
        "comment": "I firmly reject the Ministry of Natural Resources and Forestry\u2019s proposal to allow new licenses and the transfer of licenses for train and trial areas in Ontario.\n    Penned dog hunting facilities are cruel to the wild animals that are subjected to various methods used to train dogs to hunt.\n    Wildlife should never be taken from their natural environments and held captive by hunters. It\u2019s especially cruel to use rabbits, coyotes, and foxes as pawns for hunters to train dogs and hold competitions.\n    Opening applications for train and trial spaces after 25 years is a massive step backward into the past. These facilities have no place in Ontario.\n    Instead of opening new applications, the province\u2019s existing 24 facilities need to be closed immediately.\n"
    },
    "85429": {
        "url": "/comment/85429",
        "comment": "I firmly reject the Ministry of Natural Resources and Forestry\u2019s proposal to allow new licenses and the transfer of licenses for train and trial areas in Ontario.\nPenned dog hunting facilities are cruel to the wild animals that are subjected to various methods used to train dogs to hunt.\nWildlife should never be taken from their natural environments and held captive by hunters. It\u2019s especially cruel to use rabbits, coyotes, and foxes as pawns for hunters to train dogs and hold competitions.\nOpening applications for train and trial spaces after 25 years is a massive step backward into the past. These facilities have no place in Ontario.\nInstead of opening new applications, the province\u2019s existing 24 facilities need to be closed immediately.\n"
    }
}