{
    "85632": {
        "url": "/comment/85632",
        "comment": "Re: Dog Training/Trialing\nI am TOTALLY against the issuance of new licences and the transfer of existing ones for dog train and trial areas. We had the science more than twenty years ago to convince us that this practice was inhumane.\nOwners of such facilities will explain they create 'hideaways' for the prey animals ... That does not suffice. In the end the fox, or rabbit, or coyote (or raccoon, or mink, or badger, or some other creature) is trapped, outnumbered and doomed. We are well aware that any of these creatures suffer the same emotions such experiences would generate in ourselves ... or our children.\nI live in a rural area in a small community. Hunting is a regular pastime here. Some families get the vast majority of their meat that way. They train their dogs - and learn themselves - on the lands they own. That is a very different situation from the one getting promoted in this law change.\nWe should not be setting up hunting ranges with closed in prey - like some real-life simulation game. I am not in support of encouraging such 'sport'. This seems akin to dog-fighting arenas, or cock-fighting operations. If someone is interested in having a hunting dog - and an area to hunt in - then let them bear the cost of the land and the responsibility of sustaining the wildlife populations that live there. Do NOT make it easy for them to simply enjoy this activity as 'sport'.\n"
    },
    "85633": {
        "url": "/comment/85633",
        "comment": "I am a dog owner and an outdoorsman but I do not support this move to use wildlife in enclosed spaces to train domestic dogs to hunt them. This is animal cruelty and should be banned outright rather than endorsed and expanded. This is an egregious proposal that will garner significant negative reactions from the electorate. Previous Conservative governments were working to end these practices, let\u2019s not regress. Let\u2019s end this practice and show the world that we are compassionate and caring towards our wildlife.\n"
    },
    "85637": {
        "url": "/comment/85637",
        "comment": "I reject the Ministry of Natural Resources and Forestry\u2019s proposal to allow new licenses and the transfer of licenses for train and trial areas in Ontario. While culling of certain animals is at times necessary, it should be handled humanely and by professionals not by dog owners and their riled up dogs. Let's not go backwards, please!\n"
    },
    "85641": {
        "url": "/comment/85641",
        "comment": "This would be a step in the wrong direction on so many levels.  It includes cruelty to wild animals (how is that even allowed?) as well as increasing the use of hunting with dogs.  As the owner of a rural property, I do not wish to encounter any more hunters with guns who are just \u201cfollowing their dogs\u201d on my property.  Please do not allow this ill-conceived request to proceed.  The expansion of this practice will cause nothing but problems for rural landowners and wildlife.  It is a very bad idea.\n"
    },
    "85642": {
        "url": "/comment/85642",
        "comment": "There is a reason these facilities were phased out in 1997. This is unethical and barbaric and frankly, outdated. We have come a long way in terms of how we value wildlife and this is a giant step backwards. It\u2019s pretty embarrassing for a \u201cworld-class\u201d province to take such a measure. Do not allow this. We do not want this disgusting abuse of power over living beings.\n"
    },
    "85643": {
        "url": "/comment/85643",
        "comment": "Absolutely not!\nThis is barbaric cruelty to animals in its rawest form and the practice should be outright abolished, certainly not expanded.\nI cannot fathom the bloodthirsty mind that would see anything positive in capturing an animal, placing it in a closed, inescapable environment, and setting a dog loose to attack it.\nFurther, think about the risks involved when (not if) unskilled, uncaring, and irresponsible dog owners, train their animals in this way, then don\u2019t properly handle them in public. Dogs may be \u201cdomesticated,\u201d but they are still animals subject to instincts\u2014all the more so, when those most fundamental instincts are encouraged. How can we rely that a dog will distinguish between the closed hunting area and their yard? Between a rabbit and a family cat? Or worse, a child?\nI honestly can\u2019t believe this reprehensible idea is being considered, even remotely, never mind proposed as an actual plan.\nFrankly, shame on you all! I\u2019m\n"
    },
    "85648": {
        "url": "/comment/85648",
        "comment": "I was raised on a farm in Alberta and currently live in Toronto. I am very familiar with the role coyotes play in a healthy ecosystem. This is not even remotely about that.\nPlease do not allow the issuance of licences for new dog train and trial areas and the transfer of licenses. Opening applications for train and trial spaces after several decades is a barbaric regression to a less civilized past. Frankly it's embarrassing. Such facilities have no place in Ontario.\nRather than opening new applications, the province should move towards closing the existing 24 facilities and providing programs for other pursuits for enthusiasts.\n"
    },
    "85655": {
        "url": "/comment/85655",
        "comment": "These \"facilities\" are inhumane and unnecessary. Wildlife control can be managed without this; there are many alternatives. These facilities are often as cruel to the dogs as they are to the captive wildlife.\nThese animals are part of our family, they are an integral part of the ecosystem around us, and such decisions in the past have proved fatal for the environment and every living thing in it.\nWe need BALANCE, not more destruction.\nAs an elder one said, \"We are as much alive as we keep the earth alive!\"\n"
    },
    "85656": {
        "url": "/comment/85656",
        "comment": "This is a very troubling and cruel proposal.\nI firmly reject the Ministry of Natural Resources and Forestry\u2019s proposal to allow new licenses and the transfer of licenses for train and trial areas in Ontario.\nPenned dog hunting facilities are cruel to the wild animals that are subjected to various methods used to train dogs to hunt.\nWildlife should never be taken from their natural environments and held captive by hunters. It\u2019s especially cruel to use rabbits, coyotes, and foxes as pawns for hunters to train dogs and hold competitions.\nPlease stop this inhumane and cruel practice.\nThank you.\n"
    }
}