{
    "87706": {
        "url": "/comment/87706",
        "comment": "I firmly reject the Ministry of Natural Resources and Forestry\u2019s proposal to allow new licenses and the transfer of licenses for train and trial areas in Ontario.\nPenned dog hunting facilities are cruel to the wild animals who are subjected to various methods used to train dogs to hunt.\nWildlife should never be taken from their natural environments and held captive by hunters. It\u2019s especially cruel to use rabbits, coyotes, and foxes as pawns for hunters to train dogs and hold competitions.\nOpening applications for train and trial spaces after 25 years is a massive step backward into the past. These facilities have no place in Ontario.\nInstead of opening new applications, the province\u2019s existing 24 facilities need to be closed immediately.\n"
    },
    "87708": {
        "url": "/comment/87708",
        "comment": "This is absolutely uncivilized and not what Canada is for. Wildlife should never be taken from their natural environments and held captive by hunters. Its extremely evil. It\u2019s especially cruel to use rabbits, coyotes, and foxes as pawns for hunters to train dogs and hold competitions.\nThis should not be allowed. This is awful.\n"
    },
    "87709": {
        "url": "/comment/87709",
        "comment": "disgusting.\nunnecessarily cruel and completely out of step with our modern understanding of animals.\nanyone who promotes or supports these types of archaic and frankly barbaric practices should be ashamed of themselves, though shame seems to be severely lacking from this current government.\nyet another step backwards for our province.\n"
    },
    "87710": {
        "url": "/comment/87710",
        "comment": "What year is this?  How are we supposed to progress as a species if we allow this to happen to others?  This is wrong on so many levels, but most of all a basic moral level.  Suffering is suffering and torture is torture whether we witness it or not.  If we condone it then that makes us the monsters as well.\n"
    },
    "87712": {
        "url": "/comment/87712",
        "comment": "I firmly reject the Ministry of Natural Resources and Forestry\u2019s proposal to allow new licenses and the transfer of licenses for train and trial areas in Ontario.\nPenned dog hunting facilities are cruel to the wild animals who are subjected to various methods used to train dogs to hunt.\nWildlife should never be taken from their natural environments and held captive by hunters. It\u2019s especially cruel to use rabbits, coyotes, and foxes as pawns for hunters to train dogs and hold competitions.\nOpening applications for train and trial spaces after 25 years is a massive step backward into the past. These facilities have no place in Ontario.\nInstead of opening new applications, the province\u2019s existing 24 facilities need to be closed immediately.\n"
    },
    "87713": {
        "url": "/comment/87713",
        "comment": "After learning about this proposal, I have become very concerned of its ramifications on animal welfare in Ontario. The practice of trialing seems completely at odds with 21st century wildlife management and the treatment of animals both domestic and wild. I see no benefit to the public, outside of the small minority who engage in this sport/practice, and a great deal to be lost by expanding access for those who seem unconcerned with the consequences for the animals involved. As a long time resident of this province, I hope this proposal does not move forward.\n"
    },
    "87715": {
        "url": "/comment/87715",
        "comment": "This is a very disturbing practice to allow, and something a very small subset of extremists would support. I\u2019m sure the majority of the population strongly disagrees with supporting this type of animal cruelty. Dogs running down terrified captive animals is disgusting and cruel, and as an Ontario citizen I would be ashamed to have this legal in my province. PLEASE do not allow this to forward. It is barbaric.\n"
    },
    "87716": {
        "url": "/comment/87716",
        "comment": "I am against this proposal. These facilities and fenced in areas are just another excuse to use up and take over already stolen land for the purpose of training dogs? Who asked for this? Using up resources, money, and innocent animal life when we have been training dogs for so many years without this proves how we do not need to change it now. I would be disgusted if such a thing takes up more time in the political process when so many other things can be accomplished. When we protect our wildlife and respect it we help it or don't touch it at all.\n"
    },
    "87717": {
        "url": "/comment/87717",
        "comment": "This is inhumane and barbaric. I am a resident of Parry Sound and I am horrified that my MPP would condone the licensing of \u201ccanned hunts.\u201d These licenses should be discontinued, not expanded. Is that what we have come down to? Training a dog for a sport is more important than the welfare of a wild animal?!\n"
    },
    "87719": {
        "url": "/comment/87719",
        "comment": "This practice is awful. It is cruel to treat wild animals in this way. How is this any different than catching an animal and torturing it for sport? Each animal is an important part of our ecosystem and should be treated with respect, not captured or raised in order to be hunted for sport.\nI do not support granting more licenses or allowing the transfer of licenses.\n"
    },
    "87721": {
        "url": "/comment/87721",
        "comment": "Please act to stop this proposal!!!\nI firmly reject the Ministry of Natural Resources and Forestry\u2019s proposal to allow new licenses and the transfer of licenses for train and trial areas in Ontario.\nPenned dog hunting facilities are cruel to the wild animals who are subjected to various methods used to train dogs to hunt.\nWildlife should never be taken from their natural environments and held captive by hunters. It\u2019s especially cruel to use rabbits, coyotes, and foxes as pawns for hunters to train dogs and hold competitions.\nOpening applications for train and trial spaces after 25 years is a massive step backward into the past. These facilities have no place in Ontario.\nInstead of opening new applications, the province\u2019s existing 24 facilities need to be closed immediately.\n"
    },
    "87723": {
        "url": "/comment/87723",
        "comment": "I am a rural Ontarian who has had to control coyotes and foxes in the protection of livestock on several occasions and have practiced responsible hunting of small game in the past. I also own a dog which will soon be charged with protecting livestock. I disagree that penned hunting of animals by dogs should see its practice expanded and further licensed. Wherever control and harvest of any small game is warranted, efforts should be directed at humane methods. Competition should never justify causing pain and suffering to an animal, in line with other laws preventing animal abuse. I have personally witnessed that the death of wild animals in nature is often violent; humans should however play no part in forcing a cruel, stressful environment with a high probability of painful predatory death on any animal.\nAs it regards the attempt to keep such facilities from going underground, I firmly believe the Province should instead focus on education and enforcement even if done in parallel to an extended phase out. In the meanwhile, remaining facilities which have a justified need to exist beyond any competitive or sport hunting reason should be operated directly by or very closely supervised and inspected by provincial authorities.\nWhile the following was taken from the Animal Alliance of Canada, I support the points as written:\nI firmly reject the Ministry of Natural Resources and Forestry\u2019s proposal to allow new licenses and the transfer of licenses for train and trial areas in Ontario.\n    Penned dog hunting facilities are cruel to the wild animals who are subjected to various methods used to train dogs to hunt.\n    Wildlife should never be taken from their natural environments and held captive by hunters. It\u2019s especially cruel to use rabbits, coyotes, and foxes as pawns for hunters to train dogs and hold competitions.\n    Opening applications for train and trial spaces after 25 years is a massive step backward into the past. These facilities have no place in Ontario.\n"
    },
    "87726": {
        "url": "/comment/87726",
        "comment": "I firmly reject the Ministry of Natural Resources and Forestry\u2019s proposal to allow new licenses and the transfer of licenses for train and trial areas in Ontario. Penned dog hunting facilities are cruel to the wild animals who are subjected to various methods used to train dogs to hunt. Wildlife should never be taken from their natural environments and held captive by hunters. It\u2019s especially cruel to use rabbits, coyotes, and foxes as pawns for hunters to train dogs and hold competitions. Opening applications for train and trial spaces after 25 years is a massive step backward into the past. These facilities have no place in Ontario. Instead of opening new applications, the province\u2019s existing 24 facilities need to be\nclosed immediately.\nAs the government, you are for the people's best interests, and these practices do not serve our interests. Reverse action immediately, please.\n"
    }
}