{
    "84317": {
        "url": "/comment/84317",
        "comment": "I reject the Ministry of Natural Resources and Forestry\u2019s proposal to allow new licences and the transfer of licences for train and trial areas in Ontario.\nPenned dog hunting facilities are cruel to the wild animals which are subjected to the various methods used to train dogs to hunt. In addition, wildlife should never be taken from their natural environments and held captive by hunters. t is especially cruel to use rabbits, coyotes and foxes as pawns for hunters to train dogs and hold competitions.\nOpening applications for train and trial spaces after 25 years is a huge step backwards. Such facilities have no place in Ontario. Instead of opening new applications, the province\u2019s existing 24 facilities need to be closed immediately.\n"
    },
    "84321": {
        "url": "/comment/84321",
        "comment": "I firmly oppose this proposal. It is cruel and unfair to trap and confine wildlife in order to use them as prey for the sole purpose of watching them suffer. This antiquated practice must remain banned.\nIf the government\u2019s goal is to reduce wildlife numbers the only appropriate means should be humane and be managed and administrated by veterinarians.\n"
    },
    "84324": {
        "url": "/comment/84324",
        "comment": "I've heard Ontario already is doing this again...using coyotes as bait dogs for training is dog fighting... that's illegal.\nI lead a wildlife advocacy group in Ottawa pushing for changes in the wildlife strategy plan.\nThis has been added to our cause to support the organizations against this practice\nWe Must Do Better-National Capital Region Wildlife Group\n"
    },
    "84327": {
        "url": "/comment/84327",
        "comment": "I was shocked to learn these facilities exist in Ontario. I was more shocked to learn that in 2023 the Province is considering expanding them.\nThe capturing and containment of wild animals so that hunting dogs can be trained is inhumane. There are alternative training methods for dogs that as just as effective. I will be contacting my MPP to raise this issue.\n"
    },
    "84328": {
        "url": "/comment/84328",
        "comment": "Ontario's original plan was to phase these facilities out, to double back on this in 2023 after nearly 30 years of promises is just egregious. It shows that Ontario has no shame when it comes to allowing antiquated and archaic hunting practices to continue. There is nothing \"traditional,\" about these facilities and no heritage to go along with justifying their existence; though if there was any the government might actually be keen on shutting them down.\nHunting Coyotes is another great example of wildlife management gone wrong and feeding into anything that promotes the execution of Apex predators on grounds of \"nuisance,\" is a failure of environmental policy.\n"
    },
    "84329": {
        "url": "/comment/84329",
        "comment": "This is barbaric, incredibly cruel to wildlife, and completely unnecessary. Please do not expand licenses and please rather protect our natural wildlife - they have as much right to be here as any other living being. I firmly reject the Ministry of Natural Resources and Forestry\u2019s proposal to allow new licenses and the transfer of licenses for train and trial areas in Ontario. This is a massive step backward - these facilities should be closed immediately.\n"
    },
    "84331": {
        "url": "/comment/84331",
        "comment": "I absolutely oppose the movement by the Ministry of Natural Resources and Forestry\u2019s proposal to allow step backs on these decades old fish and wildlife laws. This is a clearly barbaric practice that is cruel and so painfully unnecessary. These facilities should be getting closed, not phased out and definitely not expanded! The capture, confinement and inevitable totrure and inhumane death of sentient, intelligent, and eco system critical species, should be clearly recognized as antiquated and damaging both psychological for the dogs used as well the humans taking part. But the pure terror and pain those foxes, rabbits and coyotes must endure is truly mind boggling. If this act sees the changes the proposed I personally will never support or respect any Ontario fish and wildlife officials. The fact this is even being discussed is embarrassing. Use some real data on the damage being doing by animal agriculture instead of helping others inflict more strain and pain on an already burdened and terrorized eco system. The coyotes, foxes and rabbits are native self sustaining community members. The ranchers worried about their invasive cows horses and garden plots should be working with native ecology not against it. Hopefully someone there with a degree and half a heart and brain will ensure this changes never see the light of day. These dogs can be trained other ways. If it's harder for the owners, so be it. It's a \"sport\" and they can take the 10,000 hours it takes to perfect it without the undue suffering and damage penned training facilities attribute to.\n"
    },
    "84333": {
        "url": "/comment/84333",
        "comment": "I am vehemently opposed to the Ministry of Natural Resources and Forestry\u2019s proposal to allow new licenses and the transfer of licenses for train and trial areas in Ontario.\nThese are cruel and outdated facilities.  Let's not go backwards.  These activities have been banned for the last 25 years and should continue to be banned.  Indeed, the 24 facilities grandfathered at that time should be closed immediately.\nWild animals suffer from being subjected to various methods used to train dogs to hunt.\nIt is especially cruel to use rabbits, coyotes, and foxes as pawns for hunters to train dogs and hold competitions.\nThese activities remove wildlife from their natural environments and see them held captive by hunters. This should never happen.\nThese facilities have no place in Ontario.\n"
    },
    "84335": {
        "url": "/comment/84335",
        "comment": "There\u2019s a reason why the continuation of these practices were prevented from opening new licences. If we suddenly allow new ones to open and licence transfers now, it defeats the entire purpose of stopping them back in 1997. The goal should be for them to be eventually be phased out entirely and this defeats that. It\u2019s an extremely cruel act that should never be supported and completely unnecessary as anything but a bloodthirsty sport in this day and age. We have the technology to avoid this type of inhumane sport hunting and allowing it to continue would only be encouraging further acts of cruelty in the future. Our wildlife is already struggling enough. Please stay true to the original ruling of 1997 for this to finally come to an end and make the current licences the absolute last ones to ever exist.\n"
    },
    "84338": {
        "url": "/comment/84338",
        "comment": "These practices are cruel, archaic and absolutely disgusting. How is this even a question of possibility.\nI firmly reject the Ministry of Natural Resources and Forestry\u2019s proposal to allow new licenses and the transfer of licenses for train and trial areas in Ontario.\nPenned dog hunting facilities are cruel to the wild animals that are subjected to various methods used to train dogs to hunt.\nOpening applications for train and trial spaces after 25 years is a massive step backward into the past. These facilities have no place in Ontario.\n"
    },
    "84339": {
        "url": "/comment/84339",
        "comment": "Please don't make this step backward. Hunting pens are cruel and were to be phased out beginning in the 90s. Having hunting dogs chase, exhaust, hurt, to eventually kill coyotes and foxes in a confined area is torture. What purpose or reason could justify these methods being reinstated when it was decided decades ago that this was animal cruelty and that all of these facilities/spaces should have already  been closed?\n"
    }
}