{
    "84181": {
        "url": "/comment/84181",
        "comment": "Please stop these horrific acts against wildlife. Their lives matter too!! To think they they are disposable is barbaric!! It\u2019s 2023 and our government needs to start bringing in rules that protect all of us including wildlife who play a huge role in our ecosystem. Please stop and show our future generations that all lives matter and that their government does what\u2019s right. Hunting should no longer be allowed unless for food. Period. I don\u2019t even like that but I understand some live off the land but that\u2019s the only way it should be allowed.\n"
    },
    "84182": {
        "url": "/comment/84182",
        "comment": "These facilities are a cruel example of the abuse of wildlife. The existing 24 facilities should be closed immediately and new facilities should certainly not be allowed to open/expand. It is the government's job to protect wildlife and prevent animal cruelty. Allowing these facilities to exist is counterproductive to both of those goals and would result in significant suffering for the wild animals first trapped and then hunted in penned areas for human entertainment.\n"
    },
    "84184": {
        "url": "/comment/84184",
        "comment": "These cruel practices to our Wildlife should not be allowed this is barbaric behavior this is not the way mankind should be treating other living beings not only is it cruel behavior to our Wildlife but this is also disrespect to our domestic animals to show them how to kill and how destroy another an other living being .this is psychopathic behavior and  should never be allowed period.\n"
    },
    "84186": {
        "url": "/comment/84186",
        "comment": "I firmly reject the Ministry of Natural Resources and Forestry\u2019s proposal to allow new licenses and the transfer of licenses for train and trial areas in Ontario.\nPenned dog hunting facilities are cruel to the wild animals that are subjected to various methods used to train dogs to hunt.\nWildlife should never be taken from their natural environments and held captive by hunters. It\u2019s especially cruel to use rabbits, coyotes, and foxes as pawns for hunters to train dogs and hold competitions.\nNo new facilities should be opened and all existing facilities should be shut down.\n"
    },
    "84189": {
        "url": "/comment/84189",
        "comment": "This is another disaster waiting to happen! Please give a thought to the wildlife already trying to survive in-spite of human interference. Imagine raising your young with the fear of having a hunting dog tear them to shreds\u2026maybe they are moral humans, but unfortunately I haven\u2019t run into many. I implore you people to have a heart and not go for the money or pressure to encourage cruelty\n"
    },
    "84193": {
        "url": "/comment/84193",
        "comment": "Please immediately stop the practice of allowing dogs to chase and attack caged rabbits, hares, foxes, coyotes, and other wildlife.  The trapping of animals and the breeding of animals for canned hunts and other blood sports is cruel beyond belief.  This is not hunting.  The prey animals have no chance of escape.\nDogs are family members, not weapons.  Anyone who encourages a family member to commit cruel acts is cruel and abusive themselves.\nRenewing licences for existing hunting ranches, and allowing new ones, turns Ontario into a cruel, backwards province.  Please ban this practice immediately.\n"
    },
    "84194": {
        "url": "/comment/84194",
        "comment": "I firmly reject the Ministry of Natural Resources and Forestry\u2019s proposal to allow new licenses and the transfer of licenses for train and trial areas in Ontario.\nPenned dog hunting facilities are cruel to the wild animals that are subjected to various methods used to train dogs to hunt.\nWildlife should never be taken from their natural environments and held captive by hunters. It\u2019s especially cruel to use rabbits, coyotes, and foxes as pawns for hunters to train dogs and hold competitions.\nOpening applications for train and trial spaces after 25 years is a massive step backward into the past. These facilities have no place in Ontario.\nInstead of opening new applications, the province\u2019s existing 24 facilities need to be closed immediately.\n"
    },
    "84195": {
        "url": "/comment/84195",
        "comment": "Please ban the practice of canned hunts.  Please immediately stop the practice of allowing dogs to chase and attack caged rabbits, hares, foxes, coyotes, and other wildlife.  The trapping of animals and the breeding of animals for canned hunts and other blood sports is cruel beyond belief.  This is not hunting.  The prey animals have no chance of escape.\nDogs are family members, not weapons.  Anyone who encourages a family member to commit cruel acts is cruel and abusive themselves.\nRenewing licences for existing hunting ranches, and allowing new ones, turns Ontario into a cruel, backwards province.  Please ban this practice immediately.\n"
    },
    "84197": {
        "url": "/comment/84197",
        "comment": "This is an incredibly horrific and jaw-dropping proposal! I am stunned at the depths people will stoop to in order to sate the bloodlust of a minority! Ministry of \"Unnatural\" resources void of any morality and ethics!!\nI firmly reject the Ministry of Natural Resources and Forestry\u2019s proposal to allow new licenses and the transfer of licenses for train and trial areas in Ontario.\nPenned dog hunting facilities are cruel to the wild animals that are subjected to various methods used to train dogs to hunt.\nWildlife should never be taken from their natural environments and held captive by hunters. It\u2019s especially cruel to use rabbits, coyotes, and foxes as pawns for hunters to train dogs and hold competitions.\nOpening applications for train and trial spaces after 25 years is a massive step backward into the past. These facilities have no place in Ontario.\nInstead of opening new applications, the province\u2019s existing 24 facilities need to be closed immediately.\n"
    },
    "84199": {
        "url": "/comment/84199",
        "comment": "Hello,\nI am an Ontario resident who hunts, fishes, and enjoys our fantastic outdoors every month of the year. I extremely concerned that the province is considering allowing the continuation of train and trail dog hunting operations. These activities belong to a bygone era, and should not be allowed to continue. They are fantastically cruel and against the ethos of a province that is home to so much fantastic wildlife.\nRegards,\nAndrew\n"
    },
    "84202": {
        "url": "/comment/84202",
        "comment": "I firmly reject the Ministry of Natural Resources and Forestry\u2019s proposal to allow new licenses and the transfer of licenses for train and trial areas in Ontario. Penned dog hunting facilities are cruel to the wild animals that are subjected to various methods used to train dogs to hunt. Wildlife should never be taken from their natural environments and held captive by hunters. It\u2019s especially cruel to use rabbits, coyotes, and foxes as pawns for hunters to train dogs and hold competitions. Opening applications for train and trial spaces after 25 years is a massive step backward into the past. These facilities have no place in Ontario. Instead of opening new applications, the province\u2019s existing 24 facilities need to be closed immediately.\n"
    }
}