{
    "84503": {
        "url": "/comment/84503",
        "comment": "I firmly reject the Ministry of Natural Resources and Forestry\u2019s proposal to allow new licenses and the transfer of licenses for train and trial areas in Ontario.\nPenned dog hunting facilities are cruel to the wild animals that are subjected to various methods used to train dogs to hunt.\nWildlife should never be taken from their natural environments and held captive by hunters. It\u2019s especially cruel to use rabbits, coyotes, and foxes as pawns for hunters to train dogs and hold competitions.\nOpening applications for train and trial spaces after 25 years is a massive step backward into the past. These facilities have no place in Ontario.\nInstead of opening new applications, the province\u2019s existing 24 facilities need to be closed immediately.\n"
    },
    "84507": {
        "url": "/comment/84507",
        "comment": "Why does the ontario government continue to go backwards all the time when it comes to wild life.  We fought hard to get penned hunting stopped and now here it is again.  Why oh why, would you even consider inhumane treatment of wild animals even domestic animals - are you going to pay for the injured animal to get well, domestic or wild or are you just going to allow hunters the opportunity to let the animal lay on the ground, or worse dig a hole and thrown them in.  Perhaps the hunters could go in with them.   Is the Ministry going to govern which fox is penned, what about those that are endangered.  I hear all the time that the Ministry does not have enough staff, so who is going to monitor this.  How about providing the public with the proper information to make an informed decision - provide us with the stats of the current operating facilities, oh wait, you can't do that - you don't have enough staff.  In my mind this is the same as dog fighting and they are illegal - why would that be.   Shame on you for even putting this forward.\n"
    },
    "84509": {
        "url": "/comment/84509",
        "comment": "Wildlife should never be taken from their natural environments and held captive by hunters. It\u2019s especially cruel to use rabbits, coyotes, and foxes as pawns for hunters to train dogs and hold competitions.  We humans have to do better to treat other living creatures with respect and care.\nPenned dog hunting facilities are cruel to the wild animals that are subjected to various methods used to train dogs to hunt.\nThe Ministry of Natural Resources and Forestry\u2019s proposal is cruel and unnecessary.  Do not more our province backwards with these outdated policies.\n"
    },
    "84510": {
        "url": "/comment/84510",
        "comment": "I am appalled that the Ministry of Natural Resources and Forestry is proposing to allow new licenses and the transfer of licenses for train and trial areas in Ontario.  I reject the Ministry\u2019s proposal.  Wildlife should never be taken from their natural environments and held captive by hunters. It\u2019s especially cruel to use rabbits, coyotes, and foxes as pawns for hunters to train dogs and hold competitions.  Such practices and facilities are cruel to the wild animals that are subjected to various methods used to train dogs to hunt.\nAccepting or approving applications for train and trial spaces after 25 years is a massive step backward into the past. I urge that instead of opening new applications, the province\u2019s existing 24 facilities be closed immediately.  These facilities have no place in Ontario.\nThank you.\nA very concerned citizen in Ontario\n"
    },
    "84511": {
        "url": "/comment/84511",
        "comment": "I firmly reject the Ministry of Natural Resources and Forestry\u2019s proposal to allow new licenses and the transfer of licenses for train and trial areas in Ontario.\nPenned dog hunting facilities are cruel to the wild animals that are subjected to various methods used to train dogs to hunt.\nWildlife should never be taken from their natural environments and held captive by hunters. It\u2019s especially cruel to use rabbits, coyotes, and foxes as pawns for hunters to train dogs and hold competitions.\nOpening applications for train and trial spaces after 25 years is a massive step backward into the past. These facilities have no place in Ontario.\nInstead of opening new applications, the province\u2019s existing 24 facilities need to be closed immediately.\nCarmen George\n"
    },
    "84512": {
        "url": "/comment/84512",
        "comment": "I firmly reject the Ministry of Natural Resources and Forestry\u2019s proposal to allow new licenses and the transfer of licenses for train and trial areas in Ontario.\nPenned dog hunting facilities are cruel to the wild animals that are subjected to various methods used to train dogs to hunt.\nWildlife should never be taken from their natural environments and held captive by hunters. It\u2019s especially cruel to use rabbits, coyotes, and foxes as pawns for hunters to train dogs and hold competitions.\nOpening applications for train and trial spaces after 25 years is a massive step backward into the past. These facilities have no place in Ontario.\nInstead of opening new applications, the province\u2019s existing 24 facilities need to be closed immediately.\nPLEASE, stop cruelty AGAINST THE WILDLIFE!!!!!!!!!!!!!\nYOU DO THE SAME AS WITH GREEN BELT !!!!!!!!!!!\nDestruction and nothing else!\nSHAME!!!!!!!!\n"
    },
    "84515": {
        "url": "/comment/84515",
        "comment": "Wow. Disgusting. Again the government is considering allowing even more animal abuse than Ontario already allows to be committed against animals. It is NOT fair that rabbits, etc., are mauled to death by dogs. It is not their choice to participate in this monstrous 'training'.  You should not even be considering allowing this torture to be committed against so many innocent animals. How you treat the most vulnerable indicates your true personality.\n"
    },
    "84517": {
        "url": "/comment/84517",
        "comment": "We need to end all such practices asap.   I firmly reject the Ministry of Natural Resources and Forestry\u2019s proposal to allow new licenses and the transfer of licenses for train and trial areas in Ontario.\n    Penned dog hunting facilities are cruel to the wild animals that are subjected to various methods used to train dogs to hunt.  It is horrible beyond belief.  We must do better.  We must BAN this asap.\n    Wildlife should never be taken from their natural environments and held captive by hunters. It\u2019s especially cruel to use rabbits, coyotes, and foxes as pawns for hunters to train dogs and hold competitions.  OMG...how can this be allowed in a so-called civilized society\n    Opening applications for train and trial spaces after 25 years is a massive step backward into the past. These facilities have no place in Ontario.\n    Instead of opening new applications, the province\u2019s existing 24 facilities need to be closed immediately.  This is disgusting and I believe that most Canadians would be appalled and ashamed.  Do not issue any more licences and take steps to stop this and close all the existing facilities.  Shame on you and shame on us.  STOP  THIS  NOW>>>IMMEDIATELY.\n"
    },
    "84519": {
        "url": "/comment/84519",
        "comment": "I do not share this antiquated and cruel  method of allowing hunting dogs to practice on wild animals already  penned for this purpose. New penned dog hunting licenses permitted by this government will only expose your desperation to make a buck anyway anyhow.Nothing to brag about.And for anyone to say that this will preserve the wild in the long run is short sided and very wrong.\nDoes anyone in your government realize that climate change has already culled a great number of wild animals across Canada with the melt of the arctic sea ice, wild fires, devastating storms and enormous floods ?\nAs for those who would participate in this plan, I can only imagine how venal they are to think it makes them superior to the rest of us for taking out defenceless animals with hunting dogs and hunting rifles for the pleasure of it.They need to play catch up.It's 2023! Not 1923!\nResearch shows that 40% of animal abusers have committed violent crimes against people, and 100% of sexual homicide offenders have a history of animal cruelty. Children can learn cruel behaviors from adults and may re-enact them on animals.\nIs this what we\"re aiming for in our society ?\nIf you care to look for information you can google it & when I did it didn't take me two minutes to find it:\nhttps://www.ncbi.nlm.nih.gov/pmc/articles/PMC4494450/\n"
    },
    "84520": {
        "url": "/comment/84520",
        "comment": "I reject the Ministry of Natural Resources and Forestry\u2019s proposal to allow new licenses and the transfer of licenses for train and trial areas in Ontario.\nPenned dog hunting facilities are cruel to the domestic and wild animals that are subjected to various methods used to train dogs to hunt wildlife - which should NOT be taken from their natural habitat and held captive by hunters. It\u2019s especially cruel to use rabbits, coyotes, and foxes as pawns for hunters to train dogs and hold competitions. There is no way to do this humanely amd with out risk of disease and harm to all animals involved.\nOpening new applications for train and trial spaces after 25 years is, in a word, regressive . Such facilities have no place in Ontario. In fact the province\u2019s existing 24 facilities should be independently inspected, documented to the public and closed immediately with a recovery plan for any animals still caught up in this arcane practice.\n"
    },
    "84521": {
        "url": "/comment/84521",
        "comment": "Hunting pens are inhumane and unethical. Wild animals such as foxes, coyotes, and rabbits are captured and held in captivity only to be subjected to cruelty, abuse, and suffering through the training and trialing of hunting dogs. These archaic facilities have no place in today\u2019s society.\nWildlife should never be removed from their natural habitat to be held captive and used as bait.  It is torture.\nThe Ministry of Natural Resources and Forestry\u2019s proposed changes demonstrate the complete disrespect towards wild animals by catering to the requests of hunters (the ministry\u2019s notice states: \u201cOver time, the ministry has received requests for changes to allow dog train and trial areas to continue to persist, including allowing for licence transfers in response to aging licence holders, as well as new licences to be issued.\u201d)\nThis is a disgusting and completely inhumane practice and should not be legal.  I reject this proposal flatly.\n"
    },
    "84522": {
        "url": "/comment/84522",
        "comment": "this proposal as all the proposals coming for this government of Ontario have no consideration for wild life or for cruelty that they  have to endure.\nWhy change this now? Did the hunters or the people who want to  run these facilities gave -again - lots and lots of money to  the Ford government ?\nShame! Shame for distorting the Green Belt and allowing such things to resurface again in our province!\n"
    },
    "84523": {
        "url": "/comment/84523",
        "comment": "Many people, including myself, believe that this proposal would take Ontario backwards in time. If it were to pass, it would reintroduce an abusive practice that should have no place in 2023. Not only would this proposal allow existing abuses to continue, but it would also open the door to new ones. As a Canadian, I urge that all training and trial areas be closed down, so that Ontario can finally move forward and join the 21st century.\nMany people, including myself, believe that this proposal would be a significant setback for Ontario. If it were to pass, it would reintroduce an abusive practice that has no place in 2023. Not only would it continue to allow ongoing abuse, but  also cause more. As a Canadian, I urge the government to take action by shutting down all training and trial areas, so that Ontario can finally move forward into the 21st century and lead the way when it comes to non-human animal rights\n"
    }
}