{
    "86518": {
        "url": "/comment/86518",
        "comment": "I do not believe it is necessary to increase the number of these facilities.  It just opens it up to a sport instead of a \"need\".\nWhat credentials / rules and regulations would the owners have to keep the dogs safe and not just use it as a sport and torture wild animals\nThere is no reason to give people an opportunity to breed \"killer\" dogs.\n"
    },
    "86519": {
        "url": "/comment/86519",
        "comment": "I am asking that Ontario upholds its ban on penned dog hunting. Penned hunting is a cruel practice for the captive prey. Regardless of any pods or shelters that are put in place, the fair chase practice that occurs with regular hunting activities is removed.\nIn addition to the cruel and inhumane aspect of the practice, studies show that penned hunting can have serious consequences for public health. The interaction between the dogs and wildlife can contribute to the spread of disease and parasites, including zoonotic diseases that can hurt wild animals, domestic animals, and humans.\nOntario acted appropriately in 1997 when dog hunting pens were outlawed. I am asking that you not be the government to reinstate this barbaric practice.\n"
    },
    "86520": {
        "url": "/comment/86520",
        "comment": "I firmly reject the Ministry of Natural Resources and Forestry\u2019s proposal to allow new licenses and the transfer of licenses for train and trial areas in Ontario.  Penned dog hunting facilities are cruel to the wild animals that have been trapped for the purposes of being used to train dogs to hunt.  Wildlife should never be taken from their natural environments and held captive by hunters.  It is especially cruel to use rabbits, coyotes, and foxes as pawns for hunters to train dogs and hold competitions.\nOpening applications for train and trial spaces after 25 years is a massive step backward into the past. Instead of opening applications for new facilities, the province\u2019s existing 24 facilities need to be closed immediately.\n"
    },
    "86523": {
        "url": "/comment/86523",
        "comment": "It is barbaric and heinous cruelty to use an innocent animal such as coyotes, foxes or rabbits as bait to be torn apart by dogs in a penned cage. Whoever thought of this sick idea is a psycho and needs help. What is the matter with you people?\nInstead of issuing new licenses close down the one\u2019s that are still in operation. I would expect this kind of cruelty in maybe China or Iran but not Ontario, Canada.\n"
    },
    "86525": {
        "url": "/comment/86525",
        "comment": "Re: Dogs Hunt Penned Animals\nThe government is set to allow more facilities that allow dogs to learn how to hunt coyotes, foxes and rabbits by placing these animals in an enclosed area with the dogs. Hunters call this is a \"sport.\" So, to make it clear, dogs attacking and ripping apart captive coyotes, and helpless foxes and rabbits that have no chance of survival is a \"sport.\"  What is the difference between this and dog fighting, cock fighting and other violent, inhumane activities? None. This activity is sickening and should be totally banned,not expanded. It's time for killing animals for \"sport\" versus food to become socially and legally unacceptable.\nThe irrational logic of allowing this activity to happen legally so it won't go underground makes zero sense. With this type of rational, let's not have any laws regulating decent behaviour because it will only go underground if we forbid it.\nI'm embarrassed to live in a province that allows this kind of atrocity to exist. Ban these \"sports.\"\n"
    },
    "86526": {
        "url": "/comment/86526",
        "comment": "I was completely shocked and horrified to see that the government of Ontario is considering a plan to reverse the province-wide ban on new \"train and trial areas\" where hunters participate in the bloodsport of penned dog hunting. Ontario passed a law in 1997 to phase out new penned hunting facilities for important reasons, as such savagery is incredibly cruel to the coyotes, foxes, and rabbits who are used as live bait, run for their lives, cannot escape, and often are ripped apart by the dogs. I can't think of anything more barbaric and vile.\nThe animals used as bait are usually caught by trappers, sold to be released in these horrific pens, and hunted to death with no way out. Sometimes these animals are bred to die, in that their offspring can be used in these captive hunts.\nThe hunting dogs -- forced to participate in such violent activities -- also can, and do, suffer from injuries and death. It's not right. It's cruel.\nA large majority of Canadians are against hunting animals for sport, as research shows that more than 4 out of 5 Canadians are against it. Also, no other Canadian province allows penned dog hunting; and it's illegal in most of the United States. Why would Ontario want to overturn a ban on this type of abominable animal cruelty? Do you want your province to be known around North America for such savagery, suffering, and death to animals trying to survive in their own homes?\nThus, I strongly urge you to leave the ban on penned hunting in place, and also to shut down any remaining train and trial areas in Ontario. Do better, not worse.\n"
    },
    "86533": {
        "url": "/comment/86533",
        "comment": "I firmly reject the Ministry of Natural Resources and Forestry\u2019s proposal to allow new licenses and the transfer of licenses for train and trial areas in Ontario.\nPenned dog hunting facilities are cruel to the wild animals that are subjected to various methods used to train dogs to hunt.\nWildlife should never be taken from their natural environments and held captive by hunters. It\u2019s especially cruel to use rabbits, coyotes, and foxes as pawns for hunters to train dogs and hold competitions.\nOpening applications for train and trial spaces after 25 years is a massive step backward into the past. These facilities have no place in Ontario.\nInstead of opening new applications, the province\u2019s existing 24 facilities need to be closed immediately.\n"
    },
    "86535": {
        "url": "/comment/86535",
        "comment": "Without prejudice.\nI find this practice a form of extreme cruelty, a continuation of man\u2019s dominance over nature, to be used  and abused.\nThe fact that an animals population is abundant is an unethical justification to have it terrorized and inhumanely killed.\nThis is the same as importing wild life for big game hunting for sport. The animal has no means of escape. It is no longer hunting.\nIf allowed, regulations in many cases will not be respected. It will be impossible to regulate what will take place in these areas.\nThere must be other options to training a hunting dog.\nThis is a practice that needs to be stopped all together. Our society needs to do better.\n"
    },
    "86536": {
        "url": "/comment/86536",
        "comment": "In penned dog hunting, terrified foxes, coyotes, and rabbits run for their lives, but have nowhere to escape to. When caught, they're are often viciously killed by dogs who are trained to rip them apart, piece by piece. The dogs forced to participate can also suffer from injuries and death.\nPlease leave the ban on penned hunting in place and shut down any remaining train and trial areas in Ontario\n"
    },
    "86538": {
        "url": "/comment/86538",
        "comment": "So this government has come upon yet another way to turn the clock back!\nDog training and trial facilities are cruel to wild animals and have no place in today's society.\nThat was the conclusion 25 years ago and a really soft phase-out period was agreed upon.\nOf course the hunting lobby wants to reneg. They will never give up. They have to be resisted.\n"
    },
    "86542": {
        "url": "/comment/86542",
        "comment": "I understand the need to train hunting dogs but the capture and use of an animal as bait in a situation where it can't escape is not only a poor simulation but crosses the lines in to cutely. I'm all for hunting but this goes beyond. How many wild animals will be used? Will it be regulated? At what point does the profit of this and the impact of the wildlife population become grossly disproportionate? If humanity has shown me anything it will run these population to near extinct just for the money.\n"
    },
    "86543": {
        "url": "/comment/86543",
        "comment": "I understand the need to train hunting dogs but the capture and use of an animal as bait in a situation where it can't escape is not only a poor simulation but crosses the lines in to cutely. I'm all for hunting but this goes beyond. How many wild animals will be used? Will it be regulated? At what point does the profit of this and the impact of the wildlife population become grossly disproportionate? If humanity has shown me anything it will run these population to near extinct just for the money. I will use the situation with sealife as an example these are protected creatures and nearly extinct so I can only imagine what will become of animals that are not protected.\n"
    }
}