{
    "86221": {
        "url": "/comment/86221",
        "comment": "While I understand training dogs to hunt wildlife may be necessary for some people, using captive wildlife for this training is inhumane and unethical. These animals can feel pain and should be treated no different from how we treat pets in our home. There must be an alternative method to dog train and trial areas than subjecting these intelligent animals to such an experiment and testing. At the very least, dogs can be trained on wild animals rather than captured wildlife, assuming the animals are promptly put out of suffering if the dog injures it. Please reconsider this proposal.\n"
    },
    "86222": {
        "url": "/comment/86222",
        "comment": "This proposal is suggesting an extremely cruel and quite frankly archaic program. As an Ottawa resident, I am shocked that these facilities not only exist but are also in consideration to be expanded.  This is an INHUMANE practice which subjects wildlife like rabbits, coyotes and foxes to train dogs.\nI strongly oppose the Ministry of Natural Resources and Forestry's proposal to allow new licenses, and the transfer of existing licenses, for dog train and trial areas in Ontario.\nPenned dog hunting facilities are cruel and barbaric to the wild animals used to train dogs to hunt. Wildlife should never be taken from their natural environments and held captive by hunters.   New licenses for dog training and trail facilities are a huge step backward for our society.  How would the general public feel about these facilities if details were broadly disseminated.  Likely the public would be disgusted with these facilities, as I am.  These facilities have no place in Ontario or anywhere in Canada.\nFinally, instead of allowing new applications, the province's existing 24 facilities need to be closed immediately.\n"
    },
    "86225": {
        "url": "/comment/86225",
        "comment": "It is archaic and inhumane to  train dogs by using live animals as bait.  With today's technology,  I'm sure it is possible to create life-like decoys to use for training.\nI strongly oppose the Ministry of Natural Resources and Forestry\u2019s proposal to allow new licenses, and the transfer of existing licenses, for dog train and trial areas in Ontario.\nPenned dog hunting facilities are cruel to the wild animals used to train dogs to hunt.   Just imagine the fear those animals are being subjected to.  And just so dogs can be trained to hunt them down for no reason other than some person's pleasure.\nWildlife should never be taken from their natural environments and held captive by hunters or anyone.  We are already causing harm and extinctions of species by destroying their habitats.  We need to be protecting it.\nIt is inhumane to use rabbits, coyotes, and foxes or any animal/creature as bait to train dogs.\nNew licenses for dog train and trial facilities are a huge step backward for society. These facilities have no place in Ontario.\nInstead of allowing new applications, the province\u2019s existing 24 facilities need to be closed immediately\n"
    },
    "86226": {
        "url": "/comment/86226",
        "comment": "I\u2019m a Canadian citizen and I know that this is outrageous and unnecessary. It is absolutely inhumane. It is inhumane to torture an animal. I\u2019m so ashamed how behind Canada is when it comes to animal rights. We can not turn a blind eye to our intelligence, we should instead be taking advantage of the fact we know better and use what we have for good. This does not include this practise. I absolutely condemn this, and anyone who supports this does not respect the life that we have on this planet.\n"
    },
    "86227": {
        "url": "/comment/86227",
        "comment": "What are the dogs being trained to hunt?\nCaptive animals such as foxes, coyotes and wolves lose much of their self reliance and ability to adequately protect themselves. Threats by possible predators raises fear in any sentient being. In this case, dogs and their trainers and owners are performing an act of torture and cruelty.\n"
    },
    "86229": {
        "url": "/comment/86229",
        "comment": "I don't see the point of creating more of these facilities. Hunting regulations at the moment seem quite strict, so I can't imagine the demand for hunting dogs to be all that high. Second, killing captive animals does not mimic real-life hunting conditions, as the animals are not in their natural environment during this training. Third, these dogs could easily be trained out in the wild, with professional instructors putting them through trials in wild but controlled environments where the dogs could experience a true hunting scenario. Making more of these facilities seems like a waste of time, as well as an animal cruelty risk.\n"
    },
    "86230": {
        "url": "/comment/86230",
        "comment": "This is totally inhumane. I can't believe that a government would continue this outrageous treatment of wild animals. It's totally unacceptable to hunt wildlife in enclosed areas to train dogs for a SPORT.  Get with the current times. It's outrageous that this would even be considered to continue. It should be abolished.\n"
    },
    "86231": {
        "url": "/comment/86231",
        "comment": "I strongly oppose the Ministry of Natural Resources and Forestry\u2019s proposal to allow new licenses, and the transfer of existing licenses, for dog train and trial areas in Ontario. Penned dog hunting facilities are cruel to the wild animals used to train dogs to hunt. Wildlife should never be taken from their natural environments and held captive by hunters. It is inhumane to use rabbits, coyotes, and foxes as bait to train dogs. New licenses for dog train and trial facilities are a huge step backward for society. These facilities have no place in Ontario. Instead of allowing new applications, the province\u2019s existing 24 facilities need to be closed immediately.\n"
    },
    "86232": {
        "url": "/comment/86232",
        "comment": "I would like to express my total  opposition to the proposed new bill to allow penned hunting. I cannot believe that the Ontario Government are proposing this. It is clearly Animal Cruelty at its absolutely worst.  Also for Domestic dogs to be inter-acting with Coyotes seems very dangerous indeed.  For the smaller animals, rabbits, foxes etc, it clearly would be an unfair \u201csport\u201d.  I have always felt very proud and positive about Canada, but this proposal makes me thoroughly ashamed to be Canadian! PLEASE HELP STOP THIS.\nThank you.\n"
    },
    "86234": {
        "url": "/comment/86234",
        "comment": "Penned hunting facilities are inhumane. No wild animals should be taken from their natural habitat / home and and tortured  for the purposes of training another animal to track and kill the animal that has been taken captive. Hunting with dogs that are not trained properly can lead to more aggression in the animals towards other dogs and humans.\nHowever I do understand that hunting and hunting with dogs is part of some people cultural identity and how some feed their family so banning the sport completely is not an option.\nThe Government should be focusing on making sure the facilities with the current licenses are prioritizing the health and well being of the captive animals as well as  the proper training of the dogs being trained to hunt and not trying to increase people accesses to  a sport that is barbaric.\n"
    },
    "86235": {
        "url": "/comment/86235",
        "comment": "That\u2019s a pathetic way to train anything.\nYou gunna start kidnapping people and using them as target practice for the police or military next? Just keep innocent people you\u2019ve kidnapped while they were minding their own business in cages until releasing them into a pen they can\u2019t escape just to get gunned down?\nDoesn\u2019t sound very fair does it?\nNot fun for the rabbits, coyotes and foxes either I\u2019m willing to bet.\n"
    },
    "86237": {
        "url": "/comment/86237",
        "comment": "I strongly oppose the Ministry of Natural Resources and Forestry\u2019s proposal to allow new licenses, and the transfer of existing licenses, for dog train and trial areas in Ontario.\nPenned dog hunting facilities are cruel to the wild animals used to train dogs to hunt.\nWildlife should never be taken from their natural environments and held captive by hunters.\nIt is inhumane to use rabbits, coyotes, and foxes as bait to train dogs.\nNew licenses for dog train and trial facilities are a huge step backward for society. These facilities have no place in Ontario.\nInstead of allowing new applications, the province\u2019s existing 24 facilities need to be closed immediately.\n"
    },
    "86239": {
        "url": "/comment/86239",
        "comment": "I am completely opposed to this amendment. Training dogs to hunt by using live animals is incredibly cruel. I cannot believe that in 2023, the Ontario government is planning to support such inhumane practices. In fact, unless people need to hunt for food, hunting should be abolished. Do not use my tax dollars for such a cruel purpose!\n"
    },
    "86240": {
        "url": "/comment/86240",
        "comment": "This is a horrific proposal as animal welfare and animal advocates work to fight for animals the governments of Canada, both federal and provincial, consistently thwart all efforts.  This is nothing more than glorified dog fighting using animals as bait to train dogs to track, rip apart and kill wildlife for the almighty tourist dollar.  Dog fighting is illegal and not only does the government not do anything to stop it you are now tacitly allowing it by even considering something as horrendous as this.  While we are talking about the subject of cruelty to animals governments should also consider stopping the practice of paying people $150 per dog to carry out dog culls on Federal Reserve land and put that money into education, spay/neuter programs, training Northern residents in veterinary care and helping rescues and advocates who are tired and overwhelmed.\nRather than allowing these amendments all current training facilities should immediately be closed and this historic, abhorrent and inhumane practice put in the past where it belongs.\n"
    }
}