{
    "90665": {
        "url": "/comment/90665",
        "comment": "Hello,\nPlease stop this cruelty and psychopathy, Ontarians are not cruel , the Province must close down the country existing facilities.\nThe campaign to stop this proposal is massive and it\u2019s point are very very accurate;\nI firmly reject the Ministry of Natural Resources and Forestry\u2019s proposal to allow new licenses and the transfer of licenses for train and trial areas in Ontario.\nPenned dog hunting facilities are cruel to the wild animals who are subjected to various methods used to train dogs to hunt.\nWildlife should never be taken from their natural environments and held captive by hunters. It\u2019s especially cruel to use rabbits, coyotes, and foxes as pawns for hunters to train dogs and hold competitions.\nOpening applications for train and trial spaces after 25 years is a massive step backward into the past. These facilities have no place in Ontario.\nInstead of opening new applications, the province\u2019s existing 24 facilities need to be closed immediately.\nThank you and God bless the people of this province.\nPG\n"
    },
    "90666": {
        "url": "/comment/90666",
        "comment": "Please reverse this decision. It is unacceptable and inconsistent with Ontario\u2019s culture, values and commitments to conservation to introduce this kind of animal cruelty akin to canned hunting. Thank you for considering the reputation of Ontario, the high risk associated with this proposal and the moral need to reject this cruelty.\n"
    },
    "90668": {
        "url": "/comment/90668",
        "comment": "Hello,\nThis must be stopped. I and everyone in my family are appalled by even proposing such measures.\nfirmly reject the Ministry of Natural Resources and Forestry\u2019s proposal to allow new licenses and the transfer of licenses for train and trial areas in Ontario.\nPenned dog hunting facilities are cruel to the wild animals who are subjected to various methods used to train dogs to hunt.\nWildlife should never be taken from their natural environments and held captive by hunters. It\u2019s especially cruel to use rabbits, coyotes, and foxes as pawns for hunters to train dogs and hold competitions.\nOpening applications for train and trial spaces after 25 years is a massive step backward into the past. These facilities have no place in Ontario.\nInstead of opening new applications, the province\u2019s existing 24 facilities need to be closed immediately.\nI will write to beg Doug Ford to stop this.\nRegards,\nYF\nMF\nNK\nMS\n"
    },
    "90669": {
        "url": "/comment/90669",
        "comment": "This practice of trapping and using small game as pawns to train hunting dogs is despicable.  I am so horrified to hear that our current government is supporting and encouraging this practice.  This is cruel and barbaric, there is no other way to describe it.  I understand the need for hunting in rural and indigenous communities for sustenance, but I have never heard of this train and trail practice used in this scenario.  It is absolutely horrific.  I think the practice of trophy hunting is unnecessary and inhumane and very dated and I imagine it is here for this practice where we see this train and trail areas set up for mainly.  There is no sportsmanship, no honour in terrorizing animals.  Instead of taking these innocent creatures out of their environment why aren\u2019t we enjoying the peace and beauty they add to the environment?  Why is the government so gung-ho on destroy lives and beautiful green spaces?  We should not be taking these animals for granted and abusing them for leisure sports, it is just so shameful and so very sad.\n"
    },
    "90673": {
        "url": "/comment/90673",
        "comment": "The dogs are trained to kill wildlife, but wildlife aren't able to train to defend themselves. Even the odds by making dogs train out in the wild instead of using the training kennels like that. You literally have a gun while hunting, so allow the dogs to train via sink or swim.\nSigned,\nSome conservative guy that goes hunting\n"
    },
    "90674": {
        "url": "/comment/90674",
        "comment": "There is absolutely no reason for this animal cruelty to continue. This is 2023. You cannot be so medieval in your archaic thinking to not know that there are mountains of science that tells us animals are sentient feeling creatures. The idea that holding them in cages to train hunting dogs and releasing them to their fate is disgusting, inhumane and there is no need whatsoever for this to continue.\nThis must stop right now!!!!\n"
    },
    "90678": {
        "url": "/comment/90678",
        "comment": "Please do not allow this archaic practice to continue. It needs to stop for the sake of the wildlife.\nOpening applications for train and trial spaces after 25 years is a massive step backward into the past. These facilities have no place in Ontario.\nInstead of opening new applications, the province\u2019s existing 24 facilities need to be closed immediately.\n"
    },
    "90679": {
        "url": "/comment/90679",
        "comment": "I am writing to express my deep concern and strong condemnation regarding the recently proposed training of dogs for the blood sport of hunting wildlife in enclosed areas in Ontario. As a concerned citizen and advocate for animal welfare, I firmly believe that such practices are not only ethically unacceptable but also pose a threat to the well-being and conservation of our precious wildlife.\nThe proposal to enclose areas on private land for the purpose of training dogs in blood sport skills, such as picking up scent trails, tracking, and pursuing game, is nothing short of barbaric. The captive wildlife, including cottontail, snowshoe hare, red fox, and coyote, should never be subjected to such inhumane treatment. By confining these animals in fenced areas, the proposal not only denies them their natural freedom but also disrupts the ecological balance and natural behaviors essential for their survival.\nFurthermore, the use of these enclosed areas to conduct hunting dog competitions, commonly known as \"trialing,\" is equally troubling. These blood sports competitions promote a disregard for the welfare of wildlife and contribute to a culture that glorifies the pursuit and capture of animals for sport. Encouraging such activities is not only morally wrong but also undermines the efforts made by conservation organizations and ethical hunters to promote responsible and sustainable wildlife management.\nI urge the Ministry of Natural Resources and Wildlife of Ontario to reconsider this blood sports proposal and instead focus on promoting humane and sustainable practices that protect the welfare of wildlife and preserve our natural heritage. We must prioritize the conservation and well-being of our wildlife, recognizing their intrinsic value and the vital roles they play in maintaining healthy ecosystems.\nI respectfully request that you take immediate action to halt any plans to establish these enclosed areas for training and trial purposes and engage in a comprehensive consultation process with relevant stakeholders, including wildlife experts, animal welfare organizations, and concerned citizens. Together, we can work towards a future that respects the rights and dignity of all living beings and ensures the preservation of our wildlife for generations to come.\nThank you for your attention to this matter. I trust that you will give due consideration to these concerns and take appropriate steps to prevent the implementation of this barbaric proposal.\n"
    },
    "90680": {
        "url": "/comment/90680",
        "comment": "Dear Premier,\nONTARIO is not a cruel and sick society. I\u2019m even shocked that these things were happening in our province.\nWhat is next, putting disabled people like me in the gladiator pen for being torn apart and dismembered for a kind of sick enjoyment? What an awful society we are creating, and would it be in your NAME? NOT IN OUR NAMES!\nI am sure you will do the right thing and stop this immediately!\nSincerely,\nAG\n"
    },
    "90681": {
        "url": "/comment/90681",
        "comment": "The ban on penning coyotes, foxes, cottontails &  snowshoe hare for teaching hunting dogs to kill should remain!!\nOntario outlawed the dog hunting pens in 1997 because most Canadians are opposed to killing wild animals in penned conditions where they have no means of escape!\nThe penning practice is both gruesome and barbaric!  Torturing not only the wild animals but also the dogs themselves is not a humane practice!\nPlease close this file permanently and save these wild animals!!!\nI can\u2019t believe this has raised its ugly head at this this time!!!\n"
    },
    "90684": {
        "url": "/comment/90684",
        "comment": "I strongly oppose the Ministry of Natural Resources and Forestry\u2019s proposal to allow new licenses and the transfer of existing licenses for dog Train and Trial areas in Ontario.\nIt is inhumane, cruel and unethical hunting practices for wildlife to be removed from their natural environment, penned and held as bait for dogs to hunt.\nThe existence of these facilities is opposed to Ontario\u2019s laws protecting the welfare of animals and it is hypocritical and a disservice to Ontario for the Ministry to support them.\nThese facilities have no place in Ontario and instead of opening additional ones, live bait programs should be closing operations entirely.\n"
    }
}