{
    "89365": {
        "url": "/comment/89365",
        "comment": "Firstly I whole heartedly disagree with hunting any trophy animal, (including animals for their furs ). Hunting in any form should not involve any unnecessary stress or pain and I believe using dogs to hunt down animals is cruel and unnecessary stress for any animal. And worse is the capture of wild animals to be penned as training bait for dogs. It\u2019s shameful and is another example of how this government doesn\u2019t value our wildlife. Our current provincial government has little respect for wildlife and not only needs to stop these practices but also reinstate better laws again to protect all wildlife and endangered species. I believe allowing wild animals to be captured and essentially tortured by domestic dogs is an archaic practice disgusting  and shameful.\n"
    },
    "89366": {
        "url": "/comment/89366",
        "comment": "Have you actually seen video footage of one of these \"training facilities\"?\nHow scared these animals are? Is this how typical hunting dogs are trained? If so, I think there need to be better laws and bylaws out there. The fact that you can happily say that you capture animals in their own habitat, put them into a closed area and set dogs loose on them is mind boggling and frankly disturbing. It's the same as setting a bait dog in a dog fighting ring where they can't get out, they are scared, at a disadvantage, and train the big dog to fight.\nDisgusting. Absolutely disgusting. These should not exist in our province and I'm ashamed of the government for even allowing this to begin with. What the heck is this world coming to.\nAnd furthermore, how do you even justify this!? Could you imagine trying to explain this to a child?\n"
    },
    "89368": {
        "url": "/comment/89368",
        "comment": "I cannot believe that this is even happening in 2023. This is absolutely an archaic form of entertainment. I find it so fascinating that the current Ontario Government is so favourable about the promotion and implementation of various hunting \"sports\".\nI literally cannot fathom that any decent human being would be EXCITED to reverse the ban on dog hunting and trialling, which is an illegal practice across the world. Coyotes are already targeted in local Facebook groups, with people very eager to go out and get rid of the problem. We don't need to add to the hate and vitriol that will stem from allowing these hunting practices.\nDog hunting and trail hunting have been proven to be cruel, unethical practices that endanger animal welfare, human beings, and wildlife. These activities demonstrate little respect for the animals' lives or the environment and have no place in civil society. We must raise awareness to end such practices, encourage non-violent alternatives to pursuing entertainment, and build a better future for all living creatures.\nThe chase and pursuit by a pack of dogs can cause significant stress on animals, driving them beyond their limits, experiencing panic and fear (not naturally) and leading to prolonged, agonizing deaths, especially when they are trapped in a pen.\nThe dogs in these activities are often subjected to inhumane living conditions, forced to travel long distances in crates and endure harsh training methods. As it is considered a \u201csport\u201d the dogs lack proper socialization and do not receive adequate attention. Many hounds are bred for hunting purposes only, and once they love their value, they are often abandoned or put down.\nI find it completely alarming and worrisome that our Minister of Natural Resources and Forestry would be boosting a reverse ban that is actually detrimental to our own natural fauna (red foxes, coyotes, rabbits, etc.) Where is the protection for wildlife?\nThe fact that it was even a thought makes me so angry! Ontario is being destroyed, and our government seems to delight in watching it burn.\nAbsolutely no care or concern for our wildlife in Ontario, abhorrent behaviour. I am dismayed.\nI am disgusted, and I will never stop fighting for the animals that cannot stand up for themselves.\n"
    },
    "89370": {
        "url": "/comment/89370",
        "comment": "This is absolutely morally horrendous. Yet another sign that the government of Ontario has contempt for wildlife. The PC government's primary agenda is clearly devoted to gutting sensible environmental laws. Deliberately harassing wildlife benefits no-one and is simply a further corrosion of environmental protection. It is obscene, inhumane, and I am committed to stopping it and voting out this current government\n"
    },
    "89371": {
        "url": "/comment/89371",
        "comment": "Wow, you really want to recreate the Hunger Games for animals? They already live in fight-or-flight mode naturally, but in this case there is no escape. This is deplorable. Do better. You know better. This is utterly unacceptable in 2023.  I am embarrassed as a Canadian/Ontarian citizen that this was even proposed.\n"
    },
    "89372": {
        "url": "/comment/89372",
        "comment": "It is cruel to continue the practice of taking wildlife from their homes and enclosing them for the purpose of training dogs. Those animals were free, living in the wild. Now they will live in enclosures and live a life of fear and torment.\nContinue to phase this out.\nWe already have such weak animal cruelty laws. What does this say about us as a society. We should protect our wildlife, not trap and torture them.\n"
    },
    "89376": {
        "url": "/comment/89376",
        "comment": "I am truly shocked as a citizen of this province that this legislation is being considered.  I vociferously denounce this approach--this is not hunting, this is slaughtering.\nAs someone who is a passionate hunter and angler, someone who takes pride in these historical practices, I find this a cheapening of these values.  This isn't hunting.  This recreational slaughtering.\nThere was sound reason for this practice to be curtailed in 1997, and in 2023, I cannot believe that in Ontario this is being proposed, let alone discussed.  This will give hunters an even worse perspective with the general public, and lead to further deterioration of relations.\nPlease stop this legislation immediately!\n"
    },
    "89378": {
        "url": "/comment/89378",
        "comment": "This proposal is shockingly horrific! The inhumane use of penned wildlife as hunting practice for dogs  is truly disgusting and very clearly demonstrates how cruel a society/province we are becoming and indeed, have become.\nPlease stop this amendment to the Fish and Wildlife Conservation Act.\n"
    },
    "89379": {
        "url": "/comment/89379",
        "comment": "Re: new dog train and trial areas\nThis is a barbaric and inhumane practice that should be stopped.  Wildlife should be left alone in their natural habitat, not caged to be chased and tormented/killed by dogs. Absolutely disgusting. The Canadian government should be ashamed for even entertaining/practising this act.\n"
    },
    "89380": {
        "url": "/comment/89380",
        "comment": "This is so inhumane that I can\u2019t believe this was ever done or even a topic of discussion. I have a hunting-breed dog, and I would never condone this type of behaviour. We live peacefully among the rabbits, foxes, and coyotes in Oakville. No need to train any dogs to hunt these wildlife creatures. All trial and training sites should be shut down, definitely not increased in number.\n"
    },
    "89381": {
        "url": "/comment/89381",
        "comment": "Our policies with respect to wildlife and natural habitats need to take into account animal welfare.  I understand that hunting is a practice that will continue to exist but it is on us to provide the parameters to ensure that it is done in a humane (as humanely as possible) and sustainable way.  Immorally capturing animals in the wild, interrupting family dynamics, caging them and encouraging these types of practices is completely counter to the direction we are trying to move as a society.   We are no longer in a position where the as a population we rely on hunting to sustain us.  As such, rules around hunting should be clearly in concert with our overarching values as a society.  Those values should include innate respect for the animals, their habitat and their welfare.   These natural habitats are an important buffer for climate change and for species to thrive.  Caging them for training and hunting purposes is a completely asinine and immoral practice.  We made the decision 30 years ago to move away from such practices and it is absurd that we would even consider expanding them at this time.\n"
    }
}