{
    "87794": {
        "url": "/comment/87794",
        "comment": "This proposal is barbaric, inhumane and does not represent Canadian or Ontarien values. Our wildlife is a major source of pride and virility for our province and deserves more respect and consideration. Particularly when it comes to life. Allowing our wildlife to be needlessly tortured and mitigated shouldn\u2019t be a proposal forwarded by our provincial leader.\n"
    },
    "87797": {
        "url": "/comment/87797",
        "comment": "As a member of the Barrie-North Springwater m Oro represented by Doug Downey I want to voice my opinion about the proposal for new dog trialing and training licences/transfer of licences.\nPenned dog hunting facilities are cruel to the wild animals who are subjected to various methods used to train dogs to hunt.\nWildlife should never be taken from their natural environments and held captive by hunters. It\u2019s especially cruel to use rabbits, coyotes, and foxes as pawns for hunters to train dogs and hold competitions.\n"
    },
    "87798": {
        "url": "/comment/87798",
        "comment": "It does not matter what 'guidelines' are put in place, this practice is barbaric. Wildlife should never be forcefully taken from a natural environment and held captive to be used in such a horrible manor. This is 2023, not the middle ages. Have we learned nothing about kindness and care of wild animals? This is evil, pure and simple.\n"
    },
    "87803": {
        "url": "/comment/87803",
        "comment": "Please do not do this. It is inhumane and horrible and unnecessary! Animals have a right to habitat and a peaceful existence. Why would you add to their worldwide eradication with this needless cruelty. As a species we should be working to improve spaces for wildlife and not treat animals as though they exist for human use only. It is a poor example for our children and for the world. I will never vote for a party that disregards life and biodiversity and nature in such horrendous ways.\n"
    },
    "87804": {
        "url": "/comment/87804",
        "comment": "This is beyond cruel and an unbelievable step into the past. If in 1997 enough people thought this was an inhumane practice, what thought process has changed that in 2023 it would be seen as acceptable?\nOver the past 25+ years have we just stopped training dogs? No, they have remained adequately trained without requiring needlessly cruel facilities.\nDog fighting is illegal, but pinning a wild animal fearing for its life (and rightfully so) is somehow acceptable? As though they don't have experience fear and pain.\nThis is unnecessary. This is cruel. This has no place in Ontario (or the world for that matter).\n"
    },
    "87805": {
        "url": "/comment/87805",
        "comment": "Penned dog hunting...do NOT do this...have WE learned nothing>>>\nFOR A KIND, SAFE, HEALTHY and   J U S T    WORLD>>>\nThe WAY WE TEACH...the WAY WE LEARN...and the WAY WE BEHAVE...will NOT MAKE THIS POSSIBLE...there is a BETTER WAY>>>\nEACH and EVERY ONE OF US...is RESPONSIBLE>>>\nThe most DESTRUCTIVE force of nature is...HUMAN NATURE...because it can choose>>>\nWithout  REVERENCE  for ALL LIFE and ALL THAT GIVES LIFE there can be no PEACE...only pain, suffering, misery, fear and death>>>\nOUR  M O R A L  progress depends on and will always be judged by how WE TREAT ALL LIFE and ALL THAT GIVES LIFE...TRAGICALLY...WE HAVEN\"T PROGRESSED...yet>>>\nWE have always been and continue to be ... ETHICALLY challenged...and MORALLY deficient >>>\nFor our HOME and ALL LIFE in IT>>>\n"
    },
    "87806": {
        "url": "/comment/87806",
        "comment": "I am not supporting the act allowing the training purpose for humting wildlife. Even it means in a private area. Humans should expand the rights of wildlife instead of using the old inhumane tactic to them. Wildlife all over the world are facing increasing difficulties to maintain their natural habitat because of us. Lets change this old age colonization way NOW PLEASE.\n"
    },
    "87808": {
        "url": "/comment/87808",
        "comment": "Please do not allow this.  It is extremely cruel and inhumane. We are better than this as a culture. This is very barbaric.\n"
    },
    "87810": {
        "url": "/comment/87810",
        "comment": "I firmly reject the Ministry of Natural Resources and Forestry\u2019s proposal to allow new licenses and the transfer of licenses for train and trial areas in Ontario.\nPenned dog hunting facilities are cruel to the wild animals who are subjected to various methods used to train dogs to hunt.\nWildlife should never be taken from their natural environments and held captive by hunters. It\u2019s especially cruel to use rabbits, coyotes, and foxes as pawns for hunters to train dogs and hold competitions.\nOpening applications for train and trial spaces after 25 years is a massive step backward into the past. These facilities have no place in Ontario.\nInstead of opening new applications, the province\u2019s existing 24 facilities need to be closed immediately.\nSigned by Anne Tran\n"
    },
    "87813": {
        "url": "/comment/87813",
        "comment": "This proposal is abhorrent. As a resident of Ontario this proposal goes strongly against my values. I am proud to live in a caring, nurturing society, and this proposal is clearly a step backwards. Politicians should be working to make the world a better place, not a crueler one. There is no need for this amendment. Better yet, existing dog training and trialing areas should be shut down. Ontario is better off without this cruel \u201csport\u201d\n"
    },
    "87814": {
        "url": "/comment/87814",
        "comment": "I recently learnt of this practice for the first time and am disgusted by it. This is cruel to wild animals and should be outlawed entirely, not expanded. To consider doing so is frankly sadistic.\nWe should be discussing closing all facilities currently engaging in this sort of training, not looking to expand it! This is disgusting.\n"
    }
}