{
    "86684": {
        "url": "/comment/86684",
        "comment": "Your proposal is barbaric and inhumane.  All this proposal does is promote animal cruelty.  Whomever was involved in putting this proposal together should seek help for their mental health.  You are suggesting that dogs be trained to kill and become dangerous to the public??  What happens to these dogs when they are no longer able to be killing machines?  They cannot go into Rescue; euthanize them?    You are also proposing that killing wild animals becomes a sport?  Is the human race so far gone that we need to re-invent this kind of activity for entertainment?\nTHIS IS SHAMEFUL.\n"
    },
    "86686": {
        "url": "/comment/86686",
        "comment": "It boggles my mind that we are not moving further away from cruel and inhumane policies like this.  Find another way to train these dogs to hunt that does not involve the unnecessary and rather decadent torment of fellow creatures.\nNo wild animals should be trapped and kept in a captive situation. Imagine the stress and trauma?!!\nPlease consider letting the existing licenses expire, and absolutely do not issue any new ones. We can be such a disgusting species, full of cruelty. Please do not let this be an example of that behaviour.\nThank you.\n"
    },
    "86689": {
        "url": "/comment/86689",
        "comment": "I strongly oppose the Ministry of Natural Resources and Forestry\u2019s proposal to allow new licenses, and the transfer of existing licenses, for dog train and trial areas in Ontario.\nPenned dog hunting facilities are cruel to the wild animals used to train dogs to hunt.\nWildlife should never be taken from their natural environments and held captive by hunters.\nIt is inhumane to use rabbits, coyotes, and foxes as bait to train dogs.\nNew licenses for dog train and trial facilities are a huge step backward for society. These facilities have no place in Ontario.\nInstead of allowing new applications, the province\u2019s existing 24 facilities need to be closed immediately.\n"
    },
    "86692": {
        "url": "/comment/86692",
        "comment": "As I understand it, the goal is to legalize an activity instead of expending resources to enforce a rightful legal prohibition. As a regulated activity the government tells us it is critically less inhumane,  And likely it is amoral.  AS IF hunting of non-domesticated animals by pet dogs is desirable, inevitable, and a \"sport\".\nBut then what can be expected of this Premier and government.\nOne thing is for sure, Ontario's natural resources ministry is taking a beating mandate-wise and needs more to do.  That is, as long as it does not involve safeguarding natural resources including those 33 \"species at risk\" in federal law that will be negatively impacted by opening for development the 17,000 square KMs called the \"Duffins Rouge Agricultural Preserve\".  Afterall, the \"DRAP\" is already largely industrial, as it contains 4,942 acres of \"prime agricultural land\" (Source: Toronto and Region Conservation Authority, 22/11/22).  Of course the question arises, with the loss of an UNBELIEVABLE amount of prime agricultural land every day in the past two years, who exactly will feed our cities, including our kids and their children after a decade or two?\nA final thought or two on the \"Training and Trialing Compounds\" for pet dogs?  Industrial areas would be healthier than pens. My Mafia upbringing and fervent Gnosticism tell me: if no masturbation, then no sin. Go.\nOn this government's treatment of Nature in general, the truth is, they are right: the greenbelt is an industrial agricultural zone.  There is \"almost\" no nature left to S. Ont..  We are so deeply embarrassed by Niagara Falls the eponymous downtown is a carnival.  Our maritime areas are being exploited with \"untreated\" raw sewage, a misnomer really. Guelph where I live has two intersecting rivers but otherwise no idea what a trail is or why it is needed.\nTruth is, the Ontario of today will be a Garden of Eden in 30 years.\nTruth is, a wasteful luxury spa spanning 700,000 square feet serviced by a five-storey underground parking lot on an island in the City is starting to look very appealing as a means to: immerse oneself in and commune with nature. Home sweet home!\nI hope they have my \u201chillbilly music\u201d I adore so well after a day of hunting with my dogs!\nYeah I do want to share a website, below.  Call it a pleasant stroll down memory lane with the Ontario PCs.  Recall Premier Ford personally vowed to help ease restrictions on pit bull breeds even further in 2021 after his government lifted an effective ban on the ownership of four breeds, and any dog that looks substantially similar. Have a peak at what a substantially similar dog looks like....\nSuch disrespect for both Nature and humans with this \"populist\" Premier is I believe a major barrier in one's capacity to love.  There is little one can actually do to walk it back.\nHave a nice day!\n"
    },
    "86693": {
        "url": "/comment/86693",
        "comment": "This practice directly increases the risk of transmission of diseases to humans such as Tularaemia, Bayliscaris, Leptospirosis and Echinococcus to name a few. Smearing bodily fluids from wildlife around is a really good way to get novel diseases to jump species from animals to people. This barbaric practice qualifies as animal cruelty, to both wildlife and dogs. The government\u2019s argument for condoning and facilitating this blood sport is to avoid from being done in private is asinine. Instead, we should put that effort into ENFORCING ANIMAL CRUELTY LAWS, and try to extinguish this practice for good. These  communities and individuals are known to authorities. Please end this disgusting, dangerous blood sport for good! Natalie S.\n"
    },
    "86694": {
        "url": "/comment/86694",
        "comment": "To the MNRF Fish and Wildlife Policy Branch, Wildlife Section,\nPublic Input Co-ordinator\nERO # 019-3685\nProposed changes to Fish and Wildlife Conservation Act\nto to allow for the issuance of licences of new dog train and trial areas, and to allow the transfer of licences.\nIf the original intention of the FWCA and supporting Ontario Regulation 668/98 (Wildlife in Captivity) was to eventually phase out the dog train and trial operations\nthen that should not be changed.\nWhat has changed since 1997 when train and trial operations were last approved ?\nThe MNRF\u2019s message needs to continue to be one of respect and care for wildlife and their habitat.\nWildlife are not a commodity and deserve humane treatment.\nTherefore, I am absolutely against the use of captive wild animals as lures for sport training dogs because it causes extraordinary stress and suffering to them as they are killed.\nAt one time Bear Baiting was a common form of sport and was abolished because it causes suffering. Let\u2019s not go backwards.\nMNRF has a duty to promote husbandry for wildlife and responsible ways for people and wildlife to coexist.\n"
    },
    "86696": {
        "url": "/comment/86696",
        "comment": "Do we not oppress and torture animals enough? Fostering aggression in dogs is conditioning them to to live their lives in an unnatural way. Trapping wildlife, taking them out of their own environment and committing them to certain inhumane, torturous death is soulless, cruel and inhumane. We as humans need to do better and be better. Imagine putting children in either of these roles - train to be a predator or forced to become prey.\n"
    },
    "86704": {
        "url": "/comment/86704",
        "comment": "You are just feeding the human obsession with violence, killing and blood sports. It matters little to the dog who can have fun without killing. This practice is inhumane to the wildlife and the dog. And you wonder why there is so much violence in the world today. Shame shame shame. Have you no compassion?\n"
    },
    "86705": {
        "url": "/comment/86705",
        "comment": "I am deeply concerned about Ontario's proposal to expand penned dog hunting, where dogs learn to track and kill captive animals.\nHow can this be called a \"Sport?\"  The coyotes, rabbits and foxes are trapped, then put into pens with no escape to be terrorized, hunted and killed.\nWhat's next????  Maybe a modern day Roman Colliseum  where we can all come and watch animals be killed for our entertainment.    It can only be described as barbaric.\nI felt that the MNR was a protector of our natural resources.  Hunting is one thing - I know it needs to be done for control.  But this penned hunting is just not right.\nYou know when these people don't get a thrill out of hearing an animal cry, they will have to move on to something else, like maybe people.\nHow do we teach people to be caring individuals and have empathy for humanity?\nShutting this type of activity down is certainly a good place to start.\nPlease do the right thing.\n"
    },
    "86706": {
        "url": "/comment/86706",
        "comment": "Full support for the amendments of this bill.\nHounds and handlers safety is a great concern that will be addressed with construction of more licensed train and trial areas.\nIncreased on road vehicle traffic, loss of suitable lands available to train and trial (Due to private property posting, trespassing concerns and urban sprawl) significantly increases the danger to the hounds and handlers when training outside of an enclosed area.\nConstruction of new areas will help ensure that all generations of hounds people will be able to enjoy the camaraderie and sport of field trialing from the youngest generation to the eldest, to help pass along these traditions that can very well be lost in our future.\n"
    }
}