{
    "84974": {
        "url": "/comment/84974",
        "comment": "Hi please let this practice end in Canada. This is so cruel to animals. Canada is not very kind to wild life or to its pets. I find many cruel practices and as a canadian I am so sorry and ashamed. Please end this cruel and archaic practice and let the animals be .... we can find buisnesses that are kind and make money rather than this. please I beg you!\n"
    },
    "84982": {
        "url": "/comment/84982",
        "comment": "It's beyond disgusting to hear the Ford government wants to expand the torture of wildlife in Ontario. They obviously know how unpopular this is because they sure didn't you campaign on the expansion of wildlife torture in Ontario. What an absolute embarrassment the Ontario government has become. The Ford government rejects decency any chance they get.\n"
    },
    "84985": {
        "url": "/comment/84985",
        "comment": "How anyone could think this is a good idea is beyond me. It's unethical and immoral. Everyone involved (including Premier Ford) should be ashamed of themselves for even entertaining this proposal.\nThe Ontario government should be doing the exact opposite of this proposal. Ban all activities that involve the use and hunting of wildlife via dogs for any reason whatsoever.\nI'm contacting my MPP and if this proceeds, I can guarantee they will not receive my support in the next provincial election.\n"
    },
    "84991": {
        "url": "/comment/84991",
        "comment": "This legislation will allow for cruel and archaic hunting practices that have no place in Ontario in 2023. I am deeply disappointed with the direction the government is taking on this important issue. We need to protect wildlife not pen them to hunt them for goodness sake. Please do not pass this law!!!\n"
    },
    "84998": {
        "url": "/comment/84998",
        "comment": "Please do not allow penned hunting. It is the height of cruelty. Science has shown again and again that these are intelligent, sentient beings that deserve a place in this world without risk of being harmed for \u201csport\u201d.\nI firmly reject the Ministry of Natural Resources and Forestry\u2019s proposal to allow new licenses and the transfer of licenses for train and trial areas in Ontario.\nPenned dog hunting facilities are cruel to the wild animals that are subjected to various methods used to train dogs to hunt.\nWildlife should never be taken from their natural environments and held captive by hunters. It\u2019s especially cruel to use rabbits, coyotes, and foxes as pawns for hunters to train dogs and hold competitions.\nOpening applications for train and trial spaces after 25 years is a massive step backward into the past. These facilities have no place in Ontario.\nInstead of opening new applications, the province\u2019s existing 24 facilities need to be closed immediately.  Let\u2019s evolve.\n"
    },
    "85002": {
        "url": "/comment/85002",
        "comment": "The proposal to allow these areas is move in the wrong direction. Trial and train areas are extremely cruel to wildlife. Why is this being revived after it was phased-out in the nineties? Why is the government allowing industry to make decisions on its behalf?\n\"There are now 33,000 members in the Ontario Sporting Dog Association, which lobbied the government over the past year on the training and trialing licenses.\"\nPlease compare the 33K members of this hunting lobby to the 14+ million citizens of Ontario that likely oppose this barbaric practice.\nI'm at a loss for words of how disappointed I am in this government.\nPlease don't allow this to happen.\n"
    },
    "85003": {
        "url": "/comment/85003",
        "comment": "Absolutely inhumane and unethical. Is this what we have become? Taking pleasure in an animal's cruel death. At least in the wild they have a chance. This is not hunting , it is slaughtering. Putting animals in a pen is not fair and sportsman like. Are we going back to the times when dog fights and bloody hen fights were sport?. And the Government Fish and Wildlife I'm assuming is making money on this barbaric \"sport\". Shame on you and shame on any real Hunter that condoms this.\n"
    },
    "85013": {
        "url": "/comment/85013",
        "comment": "...we are allowing people to release dogs to chase wild animals in an enclosed area to hunt them? Why? To prevent them from going into the wilderness to do so? This is like permitting dog fighting because people will do it underground anyway.\nThis is barbaric and cruel. I don't agree with hunting either but at least arguably a well placed gunshot will end an animals suffering quickly. This is where our provincial government is choosing to spend its time? To allow captive animals to be torn apart for sport?\nDisgraceful and disgusting.\n"
    },
    "85014": {
        "url": "/comment/85014",
        "comment": "There is no moral or ethical argument for this expansion. In fact, the reverse is true. The capture of wild animals to be used repeatedly to train a predator to hunt and kill it is repeated trauma to the animal.\nTo say this prevents the sport from going under ground as a good thing is also baffling. It is not a harm mitigation - which is something this government is historically against - but increases harm for a sport that is not a sport at all.\n"
    },
    "85018": {
        "url": "/comment/85018",
        "comment": "I find the proposal of the MNRF to allow the issuance of licences of new dog train and trail areas  that Provincial Animal Welfare Service, aka, PAWS, should charge the MNRF with promoting cruelty to wildlife in captivity.  The public is not allowed to assist orphaned wildlife, saving their lives, or returning to the wild, yet you allow people to capture wildlife to have them torn apart to training dogs to hunt.\nIn this day and age, unless. you are of our indigenous Peoples there is little reason for anyone to be hunting our wildlife. We cause enough damage to all species without being allowed to torture  adult wildlife holding them captive then to be mauled, injured an killed to train dogs.\n The MNRF has moved backward and should instead move forward and stop all practices of trail and train, permanently.\n"
    }
}