{
    "84034": {
        "url": "/comment/84034",
        "comment": "This is really disappointing, the whole concept when the Fish and Wildlife Conservation Act was passed was that these sporting dog training and trialing compounds would be grandfathered and no new licenses issued so at some point in the future they would cease to exist.\nThey are not humane keeping wildlife in captivity to be chased by dogs.\nThe comments that they must adhere to strict regulations is untrue at no time has anyone's license been revoked and inspection is done only occasionally.\nThis is a backwards idea that lessens the protection of wildlife.   MNR needs to start thinking of itself as the protector of wildlife not simply the tool of hunters in Ontario.\n"
    },
    "84068": {
        "url": "/comment/84068",
        "comment": "Very happy to hear that this issue has finally came up for a review. I personally feel that there has been a great injustice to every one that has had and interest in either purchasing or building there own enclosure. My self personally I am forced to drive 1100 km to exercise/train or enter into a field competition in Canada this forcing me to go to the United States more with the costs of everything today is forcing people to give up on things they enjoy one thing at a time.By having an opportunity of more facilities throughout Ontario giving more people the ability to enjoy the outdoors and fellowship with others and our pets may seem small to some but to others it's something that the whole family can do together and enjoy.\n"
    },
    "84073": {
        "url": "/comment/84073",
        "comment": "As President of the Ontario Deer Hound Association I would like to thank the MNRF on their\ndecision to Bill 91 as our membership is need of training and enclosed facilities for the purpose\nof the dogs health and the legal aspect of not being able to run deer hounds at large during the\noff season.\n          The one thing we would like to see revised is a 30 day annual period added to the one time\n90 day period for applications of trial and training enclosures.\nThank You for consideration of our thoughts\nPresident ;  ODHA\n"
    },
    "84079": {
        "url": "/comment/84079",
        "comment": "I am in favour of the proposal.  The existing train and trial areas have caused very few issues. All hunting dogs need to be trained. Currently there have enforcement issues with hunters using hounds to hunt deer and/or coyotes. Hound hunters need facilities to train their dogs to come on command be it through whistles or shocks and beeps with collars. Having the dogs run at large for training will surely cause issues.\nThe animals in the compounds soon learn how to evade the dogs in the locations of cover provided. It is costly for compound owners to replace animals. The compound owners I know will ban any dogs that are overly aggressive with the compound animals. The last thing they want is for the animals to be harmed.\nI believe this is a fair and reasonable proposal.\nKerry Coleman\n613-791-7515\n"
    },
    "84082": {
        "url": "/comment/84082",
        "comment": "My sons and there friends would love this opportunity to run,train and exercise there hunting dogs, both beagles and walkers. This would be such a great opportunity for many outdoor enthusiasts to  enjoy the great outdoors in a controlled and safe atmosphere. I own hundreds of acres and would love to build a training facility at no cost to anyone but myself. Thank you for your time, Terry Rose 705 872 1191\n"
    },
    "84150": {
        "url": "/comment/84150",
        "comment": "It is imperative that the sporting dog community have an opportunity to continue their sport in a safe environment for the dogs involved and the game that is the target of each breed.  I have run beagles for 25 years and having a safe enclosure for training and trialing helps to ensure that off game running doesn't happen and that fatal encounters with automobile traffic also doesn't happen.  It would be a sad day if the Canadian Kennel Club and the other sporting dog community members could no longer exercise their canine breed's heritage due to lack of safe running grounds across the province.  I think even 90 days isn't enough to ensure that our hunting heritage is allowed to continue in safe places, especially in southern Ontario and the timeframe should be much longer for setting up and transferring license agreements to others.  Thank you for considering my suggestion of a longer open period and making the necessary amendments to the legislation to allow for our children to enjoy sporting dogs as their grandparents have.  It is part of our heritage to enjoy our canine companions doing what they were bred for 100s of years to do in a safe environment with our ever growing population in Ontario.\n"
    },
    "84167": {
        "url": "/comment/84167",
        "comment": "I firmly reject the Ministry of Natural Resources and Forestry\u2019s proposal to allow new licenses and the transfer of licenses for train and trial areas in Ontario.\nPenned dog hunting facilities are cruel to the wild animals that are subjected to various methods used to train dogs to hunt.\nWildlife should never be taken from their natural environments and held captive by hunters. It\u2019s especially cruel to use rabbits, coyotes, and foxes as pawns for hunters to train dogs and hold competitions.\nOpening applications for train and trial spaces after 25 years is a massive step backward into the past. These facilities have no place in Ontario.\nInstead of opening new applications, the province\u2019s existing 24 facilities need to be closed immediately.\n"
    },
    "84171": {
        "url": "/comment/84171",
        "comment": "How is this different from dog fighting which has been banned in most civilized countries? This is a blood sport being supported by the very people who are charged with the responsibility of protecting our wildlife. Wild canids suffer no less than our domestic dogs would if they were put in this situation. This is unconscionable!\n"
    },
    "84174": {
        "url": "/comment/84174",
        "comment": "My whole family is completely against this proposal!\nI firmly reject the Ministry of Natural Resources and Forestry\u2019s proposal to allow new licenses and the transfer of licenses for train and trial areas in Ontario.\nWildlife should never be taken from their natural environments and held captive by hunters. It\u2019s especially cruel to use rabbits, coyotes, and foxes as pawns for hunters to train dogs and hold competitions.\nOpening applications for train and trial spaces after 25 years is a massive step backward into the past. These facilities have no place in Ontario.\n"
    },
    "84178": {
        "url": "/comment/84178",
        "comment": "It is 2023 and the Government sees no issue with enabling and promoting cruelty?\nTo even consider allowing these cruel, blood sports is unconscionable.\nThis is not about hunting for sustenance. This is about inflicting cruelty and then ripping apart animals for \u201csport\u201d?\nTo say I am appalled is a gross understatement.\nThe oops rating facilities need to be shut down. Now.\nDo the right thing.\n"
    },
    "84179": {
        "url": "/comment/84179",
        "comment": "I do not agree with or support the Ministry of Natural Resources and Forestry\u2019s proposal to allow new licenses and the transfer of licenses for train and trial areas in Ontario & absolutely reject it.\nPenned dog hunting facilities are barbaric & cruel to the wild animals that are subjected to various methods used to train dogs to hunt.\nWildlife should never be taken from their natural environments and held captive by hunters. You are busting the chops of skilled wildlife rehabilitators who are authorized & committed to reduce suffering & yet hunters can torture the animals they select with impunity.  It\u2019s especially cruel to use rabbits, coyotes, and foxes as pawns for hunters to train dogs and hold competitions.\nOpening applications for train and trial spaces after 25 years is a massive step backward into the past. These facilities have no place in Ontario.  We know better & should d I better.\nInstead of opening new applications, the province\u2019s existing 24 facilities need to be closed immediately.  I am appalled, angry & disgusted !\n"
    }
}