{
    "84597": {
        "url": "/comment/84597",
        "comment": "Training facilities that include the use of  live wild animals is completely unacceptable in this day and age. I know several hunting dog trainers who do an excellent job with their animals without resorting to such a cruel practice. We should be closing these facilities, not increasing the numbers or allowing the existing ones to continue.\n"
    },
    "84598": {
        "url": "/comment/84598",
        "comment": "This is atrocious! No new licenses should be allowed and the other 27 training Pens shut down!...I am shocked and appalled that these exist.\nThis is unfair and cruel to wild animals and causes sheer terror for thier lives and agonizing pain/death....and odds stacked against them....zero chance really. There is no need for this in today's society. This is cheating. If you are hunting, train while u hunt and where the animals have a fair chance. That is what a true hunter is....not a cheat who wants it to be easy\n.\n"
    },
    "84599": {
        "url": "/comment/84599",
        "comment": "ER# 019-3685\nThis proposal is cruel and inhumane. There is a reason why they stopped giving out new licenses. This is comparable to the UK and their fox hunts. The abuse just doesn't extend to the animals they hunt or use for training purposes but the dogs that they train. This practice needs to be phased out. Do not allow any new licenses or the transfer of licenses.\n"
    },
    "84602": {
        "url": "/comment/84602",
        "comment": "What is happening to Canada? The entire practice of this hunting and train dog pens is absolutely disgusting. The epitome of animal cruelty. Canadians used to be known as caring and compassionate but to carry on and expand on this practice is shameful. I can't get over how horrific this is. What should be happening is putting an end to it all together. As a Canadian citizen, I stand for humane treatment of all animals, and I find this bill to be an insulting disgrace. Please put an end to this activity!\n"
    },
    "84603": {
        "url": "/comment/84603",
        "comment": "I firmly reject the Ministry of Natural Resources and Forestry\u2019s proposal to allow new licenses and the transfer of licenses for train and trial areas in Ontario.\nPenned dog hunting facilities are cruel to the wild animals that are subjected to various methods used to train dogs to hunt.\nOpening applications for train and trial spaces after 25 years is a massive step backward into the past.\nInstead of opening new applications, the province\u2019s existing 24 facilities need to be closed immediately.\n"
    },
    "84604": {
        "url": "/comment/84604",
        "comment": "It is appalling to me that the Ministry of Natural Resources is proposing to allow new licenses and the transfer of licenses for train and trial areas in Ontario.What a backwards step - who is pressuring the government for this?\nNatural Resources means stewardship of our resources including the animals. It means respect and care for wild animals. What a disgusting thought to propose wild animals be caught and bought to be penned in so people with hunting dogs can practice.\nWildlife should never be taken from their natural environments and held captive by hunters. It\u2019s especially cruel to use rabbits, coyotes, and foxes as pawns for hunters to train dogs and hold competitions.\nOpening applications for train and trial spaces after 25 years is a MASSIVE STEP BACKWARD into the past. These facilities have no place in Ontario.\nThe province\u2019s existing 24 facilities need to be closed immediately.\n"
    },
    "84605": {
        "url": "/comment/84605",
        "comment": "This is the most barbaric and disgusting policy I have come across from this government in animal welfare.  I cannot even believe that this government already provides the poorest support for all animals and now you want to take us back to the 1950's ?  All in support of hunters?  Are you even kidding me.\nThis government has totally lost my faith and my vote in the next election.  I cannot even fathom how or why you succumb to all of the big lobby groups, but you do....all the time.  When will morals come before money. When will doing the right thing come before all the big lobbyist groups?\nThis government is all about money....zero about morals.  My vote is now with the Liberals.  This is my last straw with this government.  Utterly disgusting and vile.  This is cruel and inhumane. Shame, Shame, Shame....\nMy lord this government has shaken me to the core.    What an absolute embarrassment....\n"
    },
    "84606": {
        "url": "/comment/84606",
        "comment": "I firmly reject the Ministry of Natural Resources and Forestry\u2019s proposal to allow new licenses and the transfer of licenses for train and trial areas in Ontario.\nPenned dog hunting facilities are cruel to the wild animals that are subjected to various methods used to train dogs to hunt.  It is barbaric, and not necessary in this day and age of technology.\nWildlife should never be taken from their natural environments and held captive by hunters. It\u2019s especially cruel to use rabbits, coyotes, and foxes as pawns for hunters to train dogs and hold competitions.\nOpening applications for train and trial spaces after 25 years is a massive step backward into the past. These facilities have no place in Ontario.\n"
    },
    "84607": {
        "url": "/comment/84607",
        "comment": "I'm adamantly against the Ministry of Natural Resources and Forestry\u2019s proposal to allow new licenses and the transfer of licenses for train and trial areas in Ontario.\nPenned dog hunting facilities are cruel to the wild animals that are subjected to various methods used to train dogs to hunt.\nWildlife should never be taken from their natural environments and held captive by hunters. It\u2019s especially cruel to use rabbits, coyotes, and foxes as pawns for hunters to train dogs and hold competitions.\nOpening applications for train and trial spaces after 25 years is a massive step backward into the past. These facilities have no place in Ontario.\nInstead of opening new applications, the province\u2019s existing 24 facilities need to be closed immediately.\n"
    },
    "84613": {
        "url": "/comment/84613",
        "comment": "Any government who is ok with this plan is 100% out of touch with society! There is no place in a modern educated world where this is acceptable! I would vote against any government and share my sentiments to everyone and anyone on social media to vote against this plan and any government who approves this cruel and barbaric plan..when will people wake up and realize animals are sentient beings and they are not for our entertainment in barbaric rituals\n"
    },
    "84614": {
        "url": "/comment/84614",
        "comment": "This sanctioned terrorizing and killing of wild animals is, straight up, legalization of animal cruelty. And it will extend beyond foxes and coyotes to include the Algonquin Wolves who range beyond the protected area since it is not always possible for a lay person to distinguish between them and coyotes. The province should be focusing on disallowing all penned  in this day and age. Sadly it's no surprise that Doug Ford will add this onto his many new measures for desecration of the environment.\n"
    },
    "84615": {
        "url": "/comment/84615",
        "comment": "This is the year of 2023!!!!   I cannot believe that this barbaric practice is legal , has been happening and is being proposed again.\nHumans are the ones taking over these animal homes and are forcing them to adapt and change their  behaviours as well.\nCertainly we must be intelligent enough to find ways to coexist.   Education/information and fines for those feeding or encouraging human interactions with these wildlife families can work !!!\nWe ALL need to get on board and not allowed this torturous /inhumane practice to happen !!!\n"
    },
    "84617": {
        "url": "/comment/84617",
        "comment": "Wildlife should never be taken from their natural environments and held captive by hunters. It\u2019s especially cruel to use rabbits, coyotes, and foxes as pawns for hunters to train dogs and hold competitions. THIS IS MEAN, inhumane and just shows how horrible people can be, and to condone this is so terribly wrong.\n"
    },
    "84619": {
        "url": "/comment/84619",
        "comment": "Penned Dog hunting facilities is an insane idea.\nWhat's happening to people that they need to kill helpless animals for no purpose other than enjoyment.\nOur society is crumbling all around us because we've lost our compassion. This is cruel and completely unnecessary while benefitting no one other than the monsters who trap, torcher and slaughter animals for fun.\nFinally. From a bureaucratic standpoint. The noise from these killing banazaas would be loud and potentially traumatic to neighbours and children of neighbours who would have to hear the chase and the killing of these animals.\nCompletely horrible idea, bordering on animal sacrifice to Satanic gods\nWhat's the matter with you people?\nPersonally, I'll sue. This is against my Charter Rights to be forced to endure the sights and sounds of this cruelty. See video link #2\n"
    },
    "84620": {
        "url": "/comment/84620",
        "comment": "Wildlife should never be taken from their natural environments and held captive by hunters or anyone else. It\u2019s especially cruel to use rabbits, coyotes, and foxes and other animals as pawns for hunters to train dogs and hold competitions.\nOpening applications for train and trial spaces after 25 years is a massive step backward. Are we really trying to be the US, one idiotic bill at a time?! Ontario is better than this! Canada is better than this!\nThese facilities have no place in Ontario and were banned for a reason. Instead of opening new applications, the province\u2019s existing 24 facilities need to be closed immediately.\n"
    }
}