{
    "85117": {
        "url": "/comment/85117",
        "comment": "This is a cruel and completely against all ethical standards of animal treatment. Wild life should not be used to train dogs, this is no different than dog fighting. This type of sport is not only cruel to wild life, but creates dangerous dogs that are a threat to humans and pets if they get loose. Like people who train pitbull dogs to fight, people who train hunting dogs use cats and other dogs  to train the hunting dogs.\nDogs should not be used for hunting period. I am totally against allowing more of these penned dogs slaughtering establishments and existing ones should be closed.\n"
    },
    "85118": {
        "url": "/comment/85118",
        "comment": "I am shocked & very concerned that the Ontario government is considering amendments to Fish & Wildlife allowing the use of live animals as bait in training. OMG. Ontarians do not live in the medieval age of cruelty, this is 2023! Live animals must never be allowed to be used as bait.\nTraining dogs &/or other animals can be done without the use of living breathing feeling creatures.\nI am appalled that the Ontario government is even considering such a barbaric action.\nAs an Ontarian, as a Canadian I say a big NO!\n"
    },
    "85119": {
        "url": "/comment/85119",
        "comment": "I firmly reject the Ministry of Natural Resources and Forestry\u2019s proposal to allow new licenses and the transfer of licenses for train and trial areas in Ontario. Penned dog hunting facilities are cruel to the wild animals that are subjected to various methods used to train dogs to hunt.\nWildlife should never be taken from their natural environments and held captive by hunters. It\u2019s especially cruel to use rabbits, coyotes, and foxes as pawns for hunters to train dogs and hold competitions. Opening applications for train and trial spaces after 25 years is a massive step backward into the past. These facilities have no place in Ontario. Instead of opening new applications, the province\u2019s existing 24 facilities need to be closed immediately.\n"
    },
    "85120": {
        "url": "/comment/85120",
        "comment": "I am a supporter of the party and many of your bills but I can not stand behind this bill which allows in a setting to bait and let your hound dogs hunt coyotes.   I find this disheartening and disturbing to say the least.   I am a Animal activist and work along side many large organizations in Ontario.  I have seen hound dogs and hunt dogs at work many times and what they can do to a cornered and scared being is scary.\nI'm asking you to please re visit this and help to repeal this.\n"
    },
    "85127": {
        "url": "/comment/85127",
        "comment": "Wildlife should never be taken from their natural environments and held captive by hunters.This is cruel .\n It\u2019s especially cruel to use rabbits, coyotes, and foxes as pawns for hunters to train dogs and hold competitions.\n This is a law that goes against respect for all  living things, a value that we are trying to impart to our children\nIt is a retrograde step\n"
    },
    "85129": {
        "url": "/comment/85129",
        "comment": "This is wrong on so many levels , it\u2019s cruelty at its highest levels . No you will have so called hunters conditioning dogs to kill other dogs . And I wonder what dog will be used for this gruesome act \u2026..pit bull type dogs and other large breeds considered to be dangerous I would imagine. And what happens in off season theses poor dogs will suffer lives trapped in cages cause they will be unable to co exists with other animals due to having there prey drive super charged also it inhumane to the coyotes , having another animal ripped to pieces by another animal is not sport !!!\nAll you have to do is look at the dog sled industry and hog hunting industry in the southern states to see what will become of the dogs .\nShame on the government for even considering this\n"
    },
    "85131": {
        "url": "/comment/85131",
        "comment": "I am firmly against this proposal. This is clearly abusing wildlife in cruel, extremely stressful situations. Allowing wildlife to be used for this purpose is inhumane and totally unnecessary. Wildlife suffer enough at the hands of people both directly  (through  negative contact) and indirectly through habitat destruction. I don't understand how the MNRF can condone such practises in the name of sport. Such practices have no place in Canada.\n"
    },
    "85133": {
        "url": "/comment/85133",
        "comment": "This is absolutely vile and disgusting!  Leave it to Conservatives to find ways to harm and kill more animals in horrific fashions.  Your parents did a bang up job raising you to care only about money AND NOTHING ELSE!\nCALL AN ELECTION NOW!!  You will be voted out of office.\nHere's what you need to understand:\n> I and the majority of residents in this province reject this proposal and will hold you and your party fully responsible if this passes\n> Penned dog hunting facilities are cruel to both the wild animals subjected to methods used to train hunting dogs and to the dogs themselves\n> Wildlife should never be taken from their natural environment and held captive by killers (hunters)\n> Opening applications for train and trial spaces after 25 years is a massive step backwards.  These facilities have no place in this province or country!!\n> Instead of opening new applications, Ontarios existing 24 facilities need to be shut down immediately!\nWake up Ford!  We are fed up and will not tolerate your blatant push for more animal abuse in Ontario.\nDO NOT ALLOW THIS PROPOSAL TO GO THROUGH!!!  ONTARIO IS WATCHING.\n"
    },
    "85138": {
        "url": "/comment/85138",
        "comment": "This was phased out for a reason  in 1997. Why are we back tracking?\nHunters can train dogs without keeping wildlife in captivity. There are enough scent products available on market to allow for training activies outside of what is being proposed, and training programs exist in the US that take hunters with their dogs out into the woods, teaching the dogs in real environments where wildlife natually exist. Businesses should adapt their model to these regulations, not force the government to re-evaluate cruel exceptions. Such facilities can have property that exists for training, or obtain license to train on crown lands, which have wildlife naturally present without captive presence.\nCompetitions hosted at these facilities can also exist for hunters in the wild giving the animals they hunt a fair chance. To capture them, keep them in captivity only to have them at a terrifying disadvantage and hunted in closed facilities is cruel and unusal, and serves no purpose but human ego.\nWe aren't a society of hunter-gatherers. Hunting exists for sport, which is fine if its a fair hunt; but when wildlife is captive for ego and to make it easier for the hunter, it shouldn't be legal. Saying this is for business when there are alternative business models is a ploy to make their lives easier at the expense of wildlife, which are already losing habitat to urban sprawl (because let's destroy the greenbelt too in the name of housing crisis while not actually changing rules around investment properties).\nWhat grounds are we leaving for wildlife if we take their habitat and then use them in cruel ways for sport; then claim urban populations require protection from wildlife. Enough is enough.\n"
    },
    "85140": {
        "url": "/comment/85140",
        "comment": "The proposal to allow new licenses for such a Barbaric Act is beyond words for me. What does this say about our Society and if the vast majority of Ontarians really knew about this, they would be totally appalled. To allow the killing of other species for a blood sport is sickening.\nThe 1997 legislation was put in place because We wanted this practice stopped.\n"
    },
    "85141": {
        "url": "/comment/85141",
        "comment": "This proposal for additional train and trial licenses should not be happening or even considered in this day and age. This is blatant animal cruelty and is entirely unnecessary and inhumane. These practices are inhumane towards innocent wild animals and we can do better than this.\nI firmly reject the Ministry of Natural Resources and Forestry\u2019s proposal to allow new licenses and the transfer of licenses for train and trial areas in Ontario.\n"
    }
}