{
    "87010": {
        "url": "/comment/87010",
        "comment": "This is unbelievable.  All civilised countries are slowly getting rid of inhumane activities like trophy hunting, the import of trophies, bull fighting, fox hunting etc. There was a huge uproar in the United Kingdom when a man was spotted putting two fox cubs in an enclosure with dogs and later removing the bodies and putting them in the trash.  He was charged with cruelty to animals and went to court and was convicted. You are thinking of allowing a similar thing.  I mistakenly believed Canada was civilised unlike your more southern neighbour.  In the future people will look back on bear baiting, fox hunting and killing all animals in the name of sport as the dark ages of human development and shudder to think it ever happened.  I hope sense prevails and this moronic idea from some sadist meets with the fate it deserves.\n"
    },
    "87012": {
        "url": "/comment/87012",
        "comment": "I do not support this proposal and urge the government to go back to the original idea of phasing out all of these facilities.\nThis is inhumane to the wildlife that are trapped/contained in these facilities. Please show some kindness and humanity and eliminate ALL such facilities; certainly do NOT add more.\n"
    },
    "87013": {
        "url": "/comment/87013",
        "comment": "With the many issues that are facing us in today\u2019s world, the Ministry of Natural Resources and Forestry\u2019s proposal to allow more licenses and transfer of licences for train and trial areas is frankly shocking. After 25 years of being phased out, this practice is set to ramp up again and this is a huge step backward. Train and trial areas are cruel to the wild animals that are being hunted in these areas. The animals are taken from their natural habitat, placed in captivity, hunted and killed without a fair chance to use their own instincts to survive. This practice is carried out by humans for sport and for fun. The dead animal is not used for food or livelihood; it is discarded, making this practice not only cruel, but completely unnecessary. Legal killing for fun is bad for our society. Please do not move forward on this. Thank you.\n"
    },
    "87015": {
        "url": "/comment/87015",
        "comment": "Wild animals should be able to live in peace without being chased for kill. These poor animals are constantly being finding new places to survive due to constantly humans using green spaces for new development Sadly many places after several years remain empty. Leave these poor animals not feel they always have to run for safety.\n"
    },
    "87018": {
        "url": "/comment/87018",
        "comment": "I firmly reject the Ministry of Natural Resources and Forestry\u2019s proposal to allow new licenses and the transfer of licenses for train and trial areas in Ontario.\nPenned dog hunting facilities are cruel to the wild animals that are subjected to various methods used to train dogs to hunt. Wildlife does not \"belong\" to us for our use in whatever way humans determine is helpful.  Wildlife should not be taken from their natural environments and held captive by hunters.\nIt is cruel to use rabbits, coyotes, and foxes as pawns for hunters to train dogs and hold competitions.\nOpening applications for train and trial spaces after 25 years is a massive step backward into the past. These facilities have no place in a civilized society such as Ontario.\nInstead of opening new applications, the province\u2019s existing 24 facilities need to be closed immediately.\n"
    },
    "87019": {
        "url": "/comment/87019",
        "comment": "I firmly reject the Ministry of Natural Resources and Forestry\u2019s proposal to allow new licenses and the transfer of licenses for train and trial areas in Ontario.\nPenned dog hunting facilities are cruel to the wild animals that are subjected to various methods used to train dogs to hunt.\nWildlife should never be taken from their natural environments and held captive by hunters. It\u2019s especially cruel to use rabbits, coyotes, and foxes as pawns for hunters to train dogs and hold competitions.\nOpening applications for train and trial spaces after 25 years is a massive step backward into the past. These facilities have no place in Ontario.\nInstead of opening new applications, the province\u2019s existing 24 facilities need to be closed immediately.\n"
    },
    "87021": {
        "url": "/comment/87021",
        "comment": "Please do NOT allow new licenes to be issues. Please continue with the original plan to phase this out.\nIt is barbaric to catch and keep in cages for the training of animals. We have come far enough with science that pheromones can be used.  Indigenous people have been hunting the land for thousands of years and have never had to use these kinds of practices. Has there been any consultation with Indigenous peoples about this change? If not - they should be consulted as the first stewards of our land.\n"
    },
    "87028": {
        "url": "/comment/87028",
        "comment": "In a world where so many things are reversing course and moving backwards, how can we even be considering such a proposal. This is the most inhumane practice I have ever heard. I\u2019m shocked to even know that it exists/existed. The fact that your government is now advocating that such practices be expanded is beyond imaginable to me. Never in my 53 years, have I seen such a barbaric proposal from a government in Canada/Ontario. I can guarantee you that I will never vote conservative ever again if this passes. For those of you reading this feedback, imagine the stress and cruelty to these unsuspecting animals. This is beyond cruel. It\u2019s insane and it should not pass.\nI firmly reject the Ministry of Natural Resources and Forestry\u2019s proposal to allow new licenses and the transfer of licenses for train and trial areas in Ontario.\nPenned dog hunting facilities are cruel to the wild animals that are subjected to various methods used to train dogs to hunt.\nWildlife should never be taken from their natural environments and held captive by hunters. It\u2019s especially cruel to use rabbits, coyotes, and foxes as pawns for hunters to train dogs and hold competitions.\nOpening applications for train and trial spaces after 25 years is a massive step backward into the past. These facilities have no place in Ontario.\nInstead of opening new applications, the province\u2019s existing 24 facilities need to be closed immediately.\n"
    },
    "87030": {
        "url": "/comment/87030",
        "comment": "First let me say that I am leaving this comment anonymously as I would not trust for one moment the type of person who wants this change in the law and who would want a license to pen in, effectively trap, sentient creatures for the purpose of training their dogs to engage in hunting.\nI completely oppose any change in the law that would allow for licenses to create these killing fields. This is animal cruelty - something about which I thought that we knew better in 2023.\n"
    },
    "87031": {
        "url": "/comment/87031",
        "comment": "Wildlife should never be taken from their natural environments and held captive by hunters. It is inhumane to use rabbits, coyotes, and foxes as bait to train dogs.\nNew licenses for dog train and trial facilities are a huge step backward for society. These facilities have no place in Ontario. Instead of allowing new applications, the province\u2019s existing 24 facilities need to be closed immediately.\n"
    }
}