{
    "86897": {
        "url": "/comment/86897",
        "comment": "Ontario is considering allowing new penned dog hunting facilities, referred to as \u201cdog train and trial areas\u201d, and the transfer of existing licenses. Penned dog hunting involves keeping foxes, coyotes and rabbits in enclosed pens where hunters train their dogs to hunt wildlife and run competitions. This inhumane and unethical practice subjects captive wild animals to cruelty, abuse, and suffering.\nThe proposed changes would be a disturbing reversal of a previous 1997 decision to phase out train and trial areas.\nPlease don't do this.\n"
    },
    "86898": {
        "url": "/comment/86898",
        "comment": "Penned dog hunting involves keeping foxes, coyotes and rabbits in enclosed pens where hunters train their dogs to hunt wildlife and run competitions. This inhumane and unethical practice subjects captive wild animals to cruelty, abuse, and suffering.\nThe proposed changes would be a disturbing reversal of a previous 1997 decision to phase out train and trial areas.\nDon't do it.  Don't move backwards.  We want a humane Canada, not a backward country.\n"
    },
    "86900": {
        "url": "/comment/86900",
        "comment": "Who on earth thought of crazy backward stuff like this. This is so stupid and cruel I don't even know what to say. Stop this nonsense and stop animal cruelty of all sorts.\n"
    },
    "86902": {
        "url": "/comment/86902",
        "comment": "I firmly reject the Ministry of Natural Resources and Forestry\u2019s proposal to allow new licenses and the transfer of licenses for train and trial areas in Ontario.  Penned dog hunting facilities are cruel to the wild animals that are subjected to various methods used to train dogs to hunt. Wildlife should never be taken from their natural environments and held captive by hunters. It\u2019s especially cruel to use rabbits, coyotes, and foxes as pawns for hunters to train dogs and hold competitions.  Opening applications for train and trial spaces after 25 years is a massive step backward into the past. These facilities have no place in Ontario.  Instead of opening new applications, the province\u2019s existing 24 facilities need to be closed immediately.\nI\n"
    },
    "86904": {
        "url": "/comment/86904",
        "comment": "I did not realize that we had train and trail areas in Ontario, until it was mentioned on the news last week.  I think it is cruel to trap rabbits, foxes and coyotes and put them in a contained area where they can never leave to train dogs for hunting.  I don\u2019t understand why (if I understand the Fish and Conservation Act, 1997 correctly), that \u201ca person shall not use a vehicle for the purpose of killing, injuring, capturing, harassing, pursuing or chasing wildlife.\u201d Section 24(1) but dogs are allowed\u2026they are trained in these train and trial areas to harass, pursue, and chase wildlife. (I don\u2019t know if the dogs are allowed to injure or kill the rabbits, foxes and coyotes.)\nEven though there is regulation around animal safety (which I couldn\u2019t find), I feel that it would be very difficult to make sure people comply with the regulations at all times.\nIt was very difficult for me to find out where to provide feedback.  Could you please consider making it easier for members of the public to find out where to provide feedback.  Thank you.\n"
    },
    "86908": {
        "url": "/comment/86908",
        "comment": "I firmly reject the Ministry of Natural Resources and Forestry\u2019s proposal to allow new licenses and the transfer of licenses for train and trial areas in Ontario.\nPenned dog hunting facilities are cruel to the wild animals that are subjected to various methods used to train dogs to hunt.\nPenned dog hunting facilities should be banned long time ago. It's 2023, come on people. Let's make the world a great place for all beings. We know better now, so we are responsible to act better...\n"
    },
    "86909": {
        "url": "/comment/86909",
        "comment": "This is very cruel and should not be considered. Current locations should be shut down, never mind consideration to open more. It is just wrong.\nWildlife must be allowed to live their lives just as we live our lives. We must learn to live in harmony with nature, protect and respect all living beings. Animals are here with us, NOT for us \ud83d\ude4f\ud83d\udc95\n"
    },
    "86911": {
        "url": "/comment/86911",
        "comment": "I am totally opposed to the proposed change to the Amendment to the Fish and Wildlife Conservation Act, 1997, that would allow new licenses and open up the transfer of existing licenses for the training of hunting dogs.  This is a cruel way to train dogs, and has no business being used in this modern day.  I really don\u2019t know how the Premier can justify this except for the fact he hates animals.  Our wildlife should not be subjected to this cruelty.\nPlease do not do this.\n"
    },
    "86912": {
        "url": "/comment/86912",
        "comment": "I firmly reject the Ministry of Natural Resources and Forestry\u2019s proposal to allow new licenses and the transfer of licenses for train and trial areas in Ontario.\nPenned dog hunting facilities are cruel to the wild animals that are subjected to various methods used to train dogs to hunt.\nWildlife should never be taken from their natural environments and held captive by hunters. It\u2019s especially cruel to use rabbits, coyotes, and foxes as pawns for hunters to train dogs and hold competitions.\nOpening applications for train and trial spaces after 25 years is a massive step backward into the past. These facilities have no place in Ontario.\nInstead of opening new applications, the province\u2019s existing 24 facilities need to be closed immediately.\n"
    },
    "86913": {
        "url": "/comment/86913",
        "comment": "I oppose the proposal to allow the issuance of licences for new dog train and trial areas and the transfer of licences.\nHunting pens are inhumane and unethical. Wild animals such as foxes, coyotes, and rabbits are captured and held in captivity only to be subjected to cruelty, abuse, and suffering through the training and trialing of hunting dogs.\nThese archaic facilities have no place in today's society.\nPenned dog hunting facilities are cruel to the wild animals that are subjected to various methods used to train dogs to hunt.\nWildlife should never be taken from their natural environments and held captive by hunters. It\u2019s especially cruel to use rabbits, coyotes, and foxes as pawns for hunters to train dogs and hold competitions.\nOpening applications for train and trial spaces after 25 years is a massive step backward into the past.\nInstead of opening new applications, the province\u2019s existing 24 facilities need to be closed immediately.\nWe should be moving forward as a society and as a human race, not backward. We should be working toward making our world kinder and more compassionate toward everyone and everything. The Government of Ontario should be supporting that - not violence as hobby.\n"
    },
    "86914": {
        "url": "/comment/86914",
        "comment": "I firmly reject the Ministry of Natural Resources and Forestry\u2019s proposal to allow new licenses and the transfer of licenses for train and trial areas in Ontario.\nPenned dog hunting facilities are cruel to the wild animals that are subjected to various methods used to train dogs to hunt.\nWildlife should never be taken from their natural environments and held captive by hunters. It\u2019s especially cruel to use rabbits, coyotes, and foxes as pawns for hunters to train dogs and hold competitions.\nOpening applications for train and trial spaces after 25 years is a massive step backward into the past. These facilities have no place in Ontario.\nInstead of opening new applications, the province\u2019s existing 24 facilities need to be closed immediately.\n"
    },
    "86915": {
        "url": "/comment/86915",
        "comment": "Hunting pens are inhumane and unethical. Wild animals such as foxes, coyotes, and rabbits are captured and held in captivity only to be subjected to cruelty, abuse, and suffering through the training and trialing of hunting dogs. These archaic facilities  are cruel and have no place in our society\n"
    },
    "86918": {
        "url": "/comment/86918",
        "comment": "I firmly reject the Ministry of Natural Resources and Forestry\u2019s proposal to allow new licenses and the transfer of licenses for train and trial areas in Ontario.\nPenned dog hunting facilities are cruel to the wild animals that are subjected to various methods used to train dogs to hunt.\nWildlife should never be taken from their natural environments and held captive by hunters. It\u2019s especially cruel to use rabbits, coyotes, and foxes as pawns for hunters to train dogs and hold competitions.\nOpening applications for train and trial spaces after 25 years is a massive step backward into the past. These facilities have no place in Ontario.\nInstead of opening new applications, the province\u2019s existing 24 facilities need to be closed immediately.\n"
    }
}