{
    "88146": {
        "url": "/comment/88146",
        "comment": "This proposal should not be passed what so ever.  Unbelievable that in the name of hunting and of \u201csport\u201d that something as cruel and heartless would be even considered.  If someone is truly a good hunter and has the need to kill, they shouldn\u2019t have to train their dogs to assist.  It\u2019s simply putting more animals at the mercy of humans. Please don\u2019t allow this to pass.\n"
    },
    "88148": {
        "url": "/comment/88148",
        "comment": "Re; Ontario\u2019s Unethical Regression on Training and Trialing Compounds\n- I firmly reject the Ministry of Natural Resources and Forestry\u2019s proposal to allow new licenses and the transfer of licenses for train and trial areas in Ontario.\n- Penned dog hunting facilities are cruel to the wild animals who are subjected to various methods used to train dogs to hunt.\n- Wildlife should never be taken from their natural environments and held captive by hunters. It\u2019s especially cruel to use rabbits, coyotes, and foxes as pawns for hunters to train dogs and hold competitions.\n- Opening applications for train and trial spaces after 25 years is a massive step backward into the past. -These facilities have no place in Ontario.\n- Instead of opening new applications, the province\u2019s existing 24 facilities need to be closed immediately.\n"
    },
    "88150": {
        "url": "/comment/88150",
        "comment": "The MNRF should be protecting our wildlife and wilderness for conservation for all not just protected to be harvested by those making money or causing cruelty to be inflicted on innocent beings. I am against these trail snd trial licences and they should be phased out as the owners die out. The MNRF must evolve to the beliefs and expectations of the citizens who are wanting a more compassionate and conservative enforcement body\n"
    },
    "88151": {
        "url": "/comment/88151",
        "comment": "I firmly reject the Ministry of Natural Resources and Forestry\u2019s proposal to allow new licenses and the transfer of licenses for train and trial areas in Ontario.\nPenned dog hunting facilities are cruel to the wild animals who are subjected to various methods used to train dogs to hunt.\nWildlife should never be taken from their natural environments and held captive by hunters. It\u2019s especially cruel to use rabbits, coyotes, and foxes as pawns for hunters to train dogs and hold competitions.\nOpening applications for train and trial spaces after 25 years is a massive step backward into the past. These facilities have no place in Ontario.\nInstead of opening new applications, the province\u2019s existing 24 facilities need to be closed immediately.\n"
    },
    "88152": {
        "url": "/comment/88152",
        "comment": "I am completely against this. This is a disgusting example of animal cruelty. To have animals trapped without a chance of escape is effectively torture. I had no idea these training contests even existed and am horrified to know they do and that they are still being considered and expanded.\nI consider it to be on par with dog fights just using a different animal.\nThere is no use for this in the majority of society. Any true hunters that rely on hunting for their own survival are not hunting those animals in a trapped space. They themselves are at risk and their dogs are to help protect them and to scent track the animal they are hunting for food.\nThey are NOT sending their dogs to win a trophy by killing another animal that is trapped in what is essentially a cage.\n"
    },
    "88155": {
        "url": "/comment/88155",
        "comment": "This sounds like yet another Doug Ford scheme (much like the cormorant hunt) to pacify and otherwise entertain demented people who enjoy killing things under the guise of blood sport. It also strikes me as particularly odd that this killing of wildlife would take place under the auspices of the \"Fish and Wildlife Conservation Act.\" I seem to be having difficulty wrapping my head around killing an animal in order to save and conserve it. My sense is that the majority of public opinion in Ontario would not be in favour of this crazy, cruel, ethically-challenged proposal. If this is the only way Doug's Conservative party can cling to power by throwing a bone to these poor demented hunters, then I wonder what his next act may be.\n"
    },
    "88159": {
        "url": "/comment/88159",
        "comment": "I completely reject the MNRF's proposal to allow new licenses and the transfer of licenses for train and trial areas in Ontario.\nThese dog hunting facilities are cruel, barbaric, and unjust.\nWildlife should never be taken from their natural environments and held captive by hunters. It\u2019s especially cruel to use rabbits, coyotes, and foxes as pawns for hunters to train dogs and hold competitions.\nThis would be a step backwards and would directly go against what most ontarians stand for.\n"
    },
    "88161": {
        "url": "/comment/88161",
        "comment": "I am firmly opposed to the expansion of Training and Trialing facilities for using dogs to hunt animals like fox and coyote.  I was unaware that such facilities were still in existence, and believe that these should be shut down.  I don't think the argument that allowing legal hunting like this will prevent it from going underground.  If underground hunting of this nature is happening, enforcement needs to happen.  This is an unnecessary hunt, as animals are not being used for food.  It is also not a humane way to hunt in these modern times.  We have should leave the dark ages behind.  Hunting? Yes, but not this way.\n"
    },
    "88162": {
        "url": "/comment/88162",
        "comment": "I'm leaving this response in the hopes that the purposed revitalisation of Train and Trial areas is dismissed and the cruel/ immoral activity is not brought back.\nMany prey animals are prone to stress and along with health issues, stress of captivity and being hunted by predators will have a negative mental impact on them as well. Housing them in captivity to be chased, pursued, or possibly captured after a hunt is in no way a humane or civilized process.\nCanada has progressed so much in animal welfare that bringing back such an inhumane and unnecessary activity would be a huge step backwards. Why would we want to encourage mistreatment or harm to animals when so many people have in the past, and still currently do fight for improved animal welfare. We were heading in the right direction as a country, don't take your eye off the mark now by bringing back Train and Trial areas.\nThank you for reading, but i do hope that you heard what was said.\n"
    },
    "88165": {
        "url": "/comment/88165",
        "comment": "Hunting with hounds has been a long time tradition in Ontario\nHaving a well trained hound makes this experience more enjoyable\nBy allowing the construction of new train and trial areas gives many hounds people more opportunity to have well trained hounds while enjoying our sport in a secure safe environment avoiding conflict with landowners and vehicles\n"
    }
}