{
    "88630": {
        "url": "/comment/88630",
        "comment": "Dog training for hunters?? What century are you in? This is no longer a relevant sport and is targeted at a very specific group of individuals who are consumed with the past. And I have no interest in paying for somebody's hobby unless you can convince me of a benefit to the general public and the environment.\n"
    },
    "88632": {
        "url": "/comment/88632",
        "comment": "Wildlife doesn't choose to be the bait. They have nervous system and anatomically and physiologically are not very far from human. They feel pain and they have emotions like human does. They can socialize with each other. They cannot speak or oppose human to protect themselves. It is absolutely cruel and unacceptable to use the wildlife as a bait. Please, stop this proposal. It is better consider to stop hunting for entertainment. People don't need wild animals to eat anymore. Save the voiceless creatures. We took their resourses for survival, we took their home, now this proposal is to take their life in the most horrifying means. Put yourself in their shoes, and say NO, please to this awful proposal.\n"
    },
    "88633": {
        "url": "/comment/88633",
        "comment": "As per your own proposal: \"Train and trial areas are enclosed areas on private land where certain wildlife (i.e. cottontail, snowshoe hare, red fox or coyote) are kept captive for the purposes of teaching dogs hunting skills such as picking up scent trails, tracking, and pursuing game at a safe distance. They are also used to conduct hunting dog competitions (known as \u201ctrialing\u201d). The fenced areas are designed to keep both the wildlife and the dogs confined to the area (not allowing for the free passage of wildlife).\"\nThis has been ongoing for years and folks still skirt the fees and get away with grabbing live wildlife whenever and wherever they can. While most areas are starting to ban this idea, the Ontario government wants to give free reign to \"hunters and experts\"??\nWhen we trained dogs to help with a few hunts, it was done during hunt season. It taught both dog and owner how to hunt properly and with due care. Red foxes and coyotes?? Fox hunts were not allowed, and neither should this be allowed!!\n"
    },
    "88634": {
        "url": "/comment/88634",
        "comment": "Using wild animals to train hunting dogs is a gross violation of the welfare and well-being of these innocent creatures. By subjecting wild animals to the stress and terror of being pursued and/or attacked by dogs, we inflict immense suffering upon them. Wild animals are not equipped to understand or cope with the predatory instincts of hunting dogs, and their physical and psychological welfare is gravely compromised in the process. It is our moral obligation to protect and respect the lives of wild animals, rather than exploiting them for our own recreational purposes.\n"
    },
    "88635": {
        "url": "/comment/88635",
        "comment": "The prosed changes make sense in allowing easier transfer as well as less restictive regulation of a necessary and valuable sporting pursuit for many people. I support ERO #019-3685 Proposal to allow the issuance of licences for new dog train and trial areas and the transfer of licences as written. More training and trialing areas in Ontario will give hunters and sporting dog community members better access to these areas, giving them more opportunities to create well-trained dogs in safely enclosed and regulated areas, ensuring they have the ability to identify the correct game species when it comes to time to hunt.\nFurthermore, more training and trialing areas also contribute to local economies where they exist through hunter and competition participant travel and visiting expenses and provide a small business opportunity to people.\nLastly, getting outdoors to train your dog at a training and trialing area is a great way to be active and spend some quality time with your dog, something that can be very beneficial for physical and mental health. Not only is it great for the handler, but being able to give your dog the opportunity to exercise and work on their skills also makes for a happier dog with a higher quality of life.\nTraining and trialing areas are important to the sporting dog community and to Ontario\u2019s hunting heritage. For these reasons and more, I support the proposal. Thank you for the opportunity to provide my comments.\n"
    },
    "88637": {
        "url": "/comment/88637",
        "comment": "I commented earlier about my objections to the proposed expansion of the penned wildlife program which is backward and inhumane.  Then I started thinking. Where did this proposal originate?  Who drafted it? Why did such a extreme proposal not go through any apparent ethics review?  Were there any cautions or objections expressed along the way?  By whom? How did such a proposal get traction when the overwhelming majority of Canadians disapprove of blood sports? How  does this proposal serve the public good?\nI think I have some idea how this terrible idea arose and flourished.  I suspect that the penned wildlife proposal came from Ministry operatives who hunt themselves and want to expand opportunities for other hunters and their dogs. It is simply self-serving, and not reflective of any concern about animal welfare or public opinion. I think that many hunters realize that they are increasingly disrespected and looked down upon. They fear that rational and compassionate people and groups will try to limit them and their abuse of wildlife - which, in my mind, is exactly what should happen.  Not only should new \"training\" areas be rejected, existing \"training\" areas should be removed. The Ministry of Natural Resources and Fisheries is out of step with the public will and needs to refocus on protection of wildlife. It does Ontario and Canada a disservice by promoting cruelty and serving themselves. It is past time for a change in leadership and portfolios.\n"
    },
    "88638": {
        "url": "/comment/88638",
        "comment": "I firmly reject the Ministry of Natural Resources and Forestry\u2019s proposal to allow new licenses and the transfer of licenses for train and trial areas in Ontario. Penned dog hunting facilities are cruel and inhumane. Wildlife should never be taken from their natural environments and held captive by hunters. It\u2019s especially cruel to use rabbits, coyotes, and foxes as pawns for hunters to train dogs and hold competitions. Opening applications for training and trial spaces after 25 years is a massive step backward into the past. These facilities have no place in Ontario. Instead of opening new applications, the province\u2019s existing 24 facilities need to be closed immediately.\nI want to see government leaders get behind animal protection in this country. Close facilities that remove wildlife from their habitat and used for hunting or enjoyment.  I want to see the strongest laws set the standard to protect wildlife and animal welfare holding anyone responsible for abuse and mistreatment be held accountable.  The current system is abysmally lax and ineffective.\n"
    },
    "88639": {
        "url": "/comment/88639",
        "comment": "I am deeply shocked that this proposal to train dogs to kill trapped animals is even a suggestion on anyones radar.  Honestly, I didn't realize that humanity is so far down the rabbit hole we literally act like cruel and heartless barbarians. Why would any human  fathom that it is a great idea to lock up scared creatures in an enclosure and then proceed to have them ripped apart by dogs? Seriously, this is horrific and evil.\nAlso, why on earth do we need dogs ripping any living thing apart? Police dogs will attack on command, and they're trained by people with thick padding.  Furthermore,  they release people upon upon command. This method is useful for capturing criminals and the dog  does not  rip anyone apart.\nI hope these comments stop this evil proposal  in its tracks. It's traumatizing to consider this being implemented.\n"
    },
    "88643": {
        "url": "/comment/88643",
        "comment": "you must stop these facilities from being a thing, in the first place. at least stop any new ones from popping up.\nit's a disgrace to know Ontario will let these places exist here. it seems like something that should've been done away with over a hundred years ago.\nplease do the right thing, have compassion and stop extreme animal cruetly.\nthank you for your time.\n"
    },
    "88644": {
        "url": "/comment/88644",
        "comment": "I can\u2019t believe in the 2023 anyone would suggest that it would be okay to give a license to a person that would allow their own dog to chase an innocent animal and rip it to shreds. This is insane and is definitely not a sport. This government seems to be digressing in many areas. If this is passed I will certainly join any protests in front of Queen\u2019s Park because cruelty to animal is NEVER OKAY.\n"
    },
    "88648": {
        "url": "/comment/88648",
        "comment": "I strongly discourage this practice and I ask that we no longer continue with these methods that are no longer appropriate in this day and age. Other humane methods must be found respecting  our wildlife and not allowing any more terror to any animal is of vital importance to me as a taxpayer and voter.\n"
    },
    "88652": {
        "url": "/comment/88652",
        "comment": "As a houndsman I have never encountered a facility that allows for captive animals to get injured.   there seems to be a lot of misinformation regarding this subject and the amount of precautions that go into ensuring safety for the animals residing within these facilities.     All I can say is come watch on trial and I challenge you to find the abuse.       Actually you could probably leave the gates open for a night or an week and still have all your animals a day or week later.\n"
    }
}