{
    "84643": {
        "url": "/comment/84643",
        "comment": "I firmly oppose the MNR's proposal to allow new licenses and the transfer of licenses, for train and trial  in Ontario. The cruelty wild animals are subjected to in order to train dogs to hunt, is unconscionable.\nWildlife should never be held captive by hunters. And as if the use of captive wildlife for dog training isn't heartless enough, competitions are held as well. I am so thoroughly disgusted. Hunting is nothing more than killing for \"fun\" and \"entertainment\".\nOpening applications for train and trial spaces after 25 years is a disgraceful step backward. According to WWF, Canada has already lost on average, 42% of at-risk species alone, in the last 50 years.\nThese facilities have no place in Ontario. Instead of opening new applications, the province should be shutting down the 24 shameful facilities that still exist.\n"
    },
    "84644": {
        "url": "/comment/84644",
        "comment": "I firmly reject the Ministry of Natural Resources and Forestry\u2019s proposal to allow new licenses and the transfer of licenses for train and trial areas in Ontario.\nPenned dog hunting facilities are cruel to the wild animals that are subjected to various methods used to train dogs to hunt.\nWildlife should never be taken from their natural environments and held captive by hunters. It\u2019s especially cruel to use rabbits, coyotes, and foxes as pawns for hunters to train dogs and hold competitions.\nOpening applications for train and trial spaces after 25 years is a massive step backward into the past. These facilities have no place in Ontario.\nInstead of opening new applications, the province\u2019s existing 24 facilities need to be closed immediately.\n"
    },
    "84645": {
        "url": "/comment/84645",
        "comment": "I firmly reject the Ministry of Natural Resources and Forestry\u2019s proposal to allow new licenses and the transfer of licenses for train and trial areas in Ontario.\nPenned dog hunting facilities are cruel to the wild animals that are subjected to various methods used to train dogs to hunt.\nWildlife should never be taken from their natural environments and held captive by hunters. It\u2019s especially cruel to use rabbits, coyotes, and foxes as pawns for hunters to train dogs and hold competitions.\nOpening applications for train and trial spaces after 25 years is a massive step backward into the past. These facilities have no place in Ontario.\nInstead of opening new applications, the province\u2019s existing 24 facilities need to be closed immediately.\n"
    },
    "84646": {
        "url": "/comment/84646",
        "comment": "I firmly reject the Ministry of Natural Resources and Forestry\u2019s proposal to allow new licenses and the transfer of licenses for train and trial areas in Ontario.\nPenned dog hunting facilities are cruel to the wild animals that are subjected to various methods used to train dogs to hunt.\nWildlife should never be taken from their natural environments and held captive by hunters. It\u2019s especially cruel to use rabbits, coyotes, and foxes as pawns for hunters to train dogs and hold competitions.\nOpening applications for train and trial spaces after 25 years is a massive step backward into the past. These facilities have no place in Ontario.\nInstead of opening new applications, the province\u2019s existing 24 facilities need to be closed immediately.\n"
    },
    "84647": {
        "url": "/comment/84647",
        "comment": "I firmly reject the Ministry of Natural Resources and Forestry\u2019s proposal to allow new licenses and the transfer of licenses for train and trial areas in Ontario.\nPenned dog hunting facilities are cruel to the wild animals that are subjected to various methods used to train dogs to hunt.\nWildlife should never be taken from their natural environments and held captive by hunters. It\u2019s especially cruel to use rabbits, coyotes, and foxes as pawns for hunters to train dogs and hold competitions.\nOpening applications for train and trial spaces after 25 years is a massive step backward into the past. These facilities have no place in Ontario.\nInstead of opening new applications, the province\u2019s existing 24 facilities need to be closed immediately.\n"
    },
    "84648": {
        "url": "/comment/84648",
        "comment": "This is a step backwards for wildlife in Ontario. Why repeat this cruel practice?  Wildlife should never be taken from their natural environment and held captive by hunters. It\u2019s particularly cruel to use rabbits, coyotes, and foxes as pawns for hunters to train dogs and hold competitions.\nOpening applications for train and trial spaces after 25 years is a major step backward into the past. These facilities have no place in Ontario.\nInstead of opening new applications, the province\u2019s existing 24 facilities need to be closed immediately. Thank you.\n"
    },
    "84649": {
        "url": "/comment/84649",
        "comment": "The cruelty to animals is a never ending surprise to me, especially in the name of \u201csport\u201d or \u201cfun\u201d! I am not opposed to hunting but it should be done with the utmost avoidance of suffering to the animal. This \u201ctraining\u201d of dogs surely is the opposite! Only a complete sadist would be able to watch such an event! All such activity should be ended immediately!\n"
    },
    "84650": {
        "url": "/comment/84650",
        "comment": "This proposal is a step backward in so many ways, both in taking and holding animals from the wild captive for the sole purpose of a recreational hobby and in turning it into a game with contests and judges. We need to phase out these train and trial facilities as originally intended, not build more.\n"
    },
    "84654": {
        "url": "/comment/84654",
        "comment": "I strongly reject the Ministry of Natural Resources and Forestry\u2019s proposal to allow new licenses and the transfer of licenses for train and trial areas in Ontario.\nPenned dog hunting facilities are cruel to the wild animals that are subjected to various methods used to train dogs to hunt.\nWildlife should never be taken from their natural environments and held captive by hunters. It\u2019s especially cruel to use rabbits, coyotes, and foxes as pawns for hunters to train dogs and hold competitions. Wildlife are not bait, nor are they inanimate objects; they are sentient beings.\nOpening applications for train and trial spaces after 25 years is a massive step backward into the past. These facilities have no place in Ontario. It is outdated, unnecessary, barbaric and not in keeping with the morality and ethics of the greater population of Ontarian's.\nInstead of opening new applications, the province\u2019s existing 24 facilities need to be closed immediately.\nPlease do what is right and what is expected by the majority of those who live in Ontario.\n"
    },
    "84655": {
        "url": "/comment/84655",
        "comment": "This is a despicable proposal. There are laws in place that prohibit humans from molesting/scaring/chasing wildlife for a reason and they apply everywhere, including here. Wildlife has rights. It is up to us humans to protect those rights. What in God's name would make a man want to intentionally harm a wild being for their own selfish purposes? These kinds of 'trials' where wild animals are USED should be disappearing/phased out instead of coming back. When will it end? The world is going backwards. Please do not allow any wild being to be put in a position where they are going to be USED by humans. Imagine the fear, harm, injury, etc to such a being with NO PROTECTION. It's UNETHICAL. Wild animals were not placed on this earth for our entertainment nor were they put here to be USED in such a barbaric way.\n Humans can and must do better when they know better. Please don't allow this to go through.\n"
    },
    "84656": {
        "url": "/comment/84656",
        "comment": "I firmly reject the Ministry of Natural Resources and Forestry\u2019s proposal to allow new licenses and the transfer of licenses for train and trial areas in Ontario. How is it that we feel the need to be cruel to wild dogs and love our pet \"hunting\" dogs? They are all dogs. Wild life should never be taken from their pods, packs, and etc. This is a big step backwards to open these facilities that there are no place in ontario for. Instead of opening new applications, the province\u2019s existing 24 facilities need to be closed immediately.\n"
    },
    "84657": {
        "url": "/comment/84657",
        "comment": "I simply do not agree with this. Not only does it go against the law with \u201cowning\u201d a wild animal, it is also cruel and inhumane for the wild animals to be subjected to less than ideal conditions (in a cage or fenced in area, with lack of proper nourishment, and medical care as a result of anything that may happen to the confined wild animal) for the sole purpose of being used as bait. This is no different than cock fighting, dog fighting, or similar. This is a sick and twisted idea that should not be allowed. Hunting should be for one purpose alone and that is for the hunter to source FOOD for their family. If you allow this to happen you are inviting a whole new litany or animal abuse. This is beyond cruel and selfish.\n"
    },
    "84658": {
        "url": "/comment/84658",
        "comment": "I firmly reject the Ministry of Natural Resources and Forestry\u2019s proposal to allow new licenses and the transfer of licenses for train and trial areas in Ontario.\nPenned dog hunting facilities are cruel to the wild animals that are subjected to various methods used to train dogs to hunt.\nWildlife should never be taken from their natural environments and held captive by hunters. It\u2019s especially cruel to use rabbits, coyotes, and foxes as pawns for hunters to train dogs and hold competitions.\nOpening applications for train and trial spaces after 25 years is a massive step backward into the past. These facilities have no place in Ontario.\nInstead of opening new applications, the province\u2019s existing 24 facilities need to be closed immediately.\n"
    },
    "84660": {
        "url": "/comment/84660",
        "comment": "I am writing a comment because I greatly reject the MNRF's proposal to allow the transfer of licenses or new licenses for penned training of dog hunting in Ontario. These enclosed hunting pens are very cruel for the animals. The MNRF should be protecting wildlife and our natural environment, not subjecting animals to this torturous practice. Since 1997, this was stopped and now the MNRF has this proposal, it makes no sense and is a terrible step back in how we should be living in harmony with nature and not using/abusing wildlife.\nI think the province needs to close the existing penned dog training/hunting facilities. This is a barbaric, medieval practice and I am deeply disturbed that it is even allowed in this time. Please do not amend this act and allow this to go forward.\n"
    },
    "84661": {
        "url": "/comment/84661",
        "comment": "I firmly reject the Ministry of Natural Resources and Forestry\u2019s proposal to allow new licenses and the transfer of licenses for train and trial areas in Ontario.\nPenned dog hunting facilities are cruel to the wild animals that are subjected to various methods used to train dogs to hunt.\nWildlife should never be taken from their natural environments and held captive by hunters. It\u2019s especially cruel to use rabbits, coyotes, and foxes as pawns for hunters to train dogs and hold competitions.\nOpening applications for train and trial spaces after 25 years is a massive step backward into the past. These facilities have no place in Ontario.\nInstead of opening new applications, the province\u2019s existing 24 facilities need to be closed immediately.\nI can't believe this even exists in this day and age. horrible and shameful of Ontario\n"
    },
    "84664": {
        "url": "/comment/84664",
        "comment": "While most of the population is trying to stop this kind of animal cruelty practices our own governments are advocating FOR cruelty.  There is absolutely no reason in any mindset to condone inhumane treatment and killing (most by being ripped apart) of wildlife or training dogs with shock collars to make them track/kill animals that are not harming anyone.  If the goal is to attract citizens of other countries for tourism then those people can arrange something in their own country or better yet, find a form of entertainment that does not promote cruelty to animals\n"
    }
}