{
    "89799": {
        "url": "/comment/89799",
        "comment": "It is a step backwards if the ban lifted. We are responsible to create a more ethical and compassionate society than the one we grew up in and the generations before us. Frankly, it\u2019s disgusting, unethical, and furthering the desensitization to violence of our society. It would be shameful to lift the ban.\n"
    },
    "89805": {
        "url": "/comment/89805",
        "comment": "This practice needs to be banned and NOT expanded. This is cruel and inhumane and leads to extreme debilitating stress for wild animals kept in captivity and exposed to being chased and hunted over and over until death.\nOther countries around the world have banned practices like this ( wild animal hunting with dogs was  banned  in England in 2004 ; New Hampshire is working on passing a bill to ban the use of live rabbits/hares in training hunting dogs)\nOntario needs to be a leader in environmental and wildlife protections and NOT move forward with this expansion of dog trials/training areas etc.\nI am vehemently opposed to this.\n"
    },
    "89806": {
        "url": "/comment/89806",
        "comment": "To whom it mat concern,\nI think that this is terrible! It is wrong to torture any animal in this way. If someone needs a dog to do the killing for them, they do not deserve to call themselves a hunter! Please do not allow this to continue in any way. Please do not issue new licenses and please cancel any that exist. This is wrong on so many levels. It is bad enough that we are already destroying wildlife's habitat, but to do this to them is horrible. We, as a species, have to start doing better for our wildlife and our environment!\nThank you\nn\n"
    },
    "89807": {
        "url": "/comment/89807",
        "comment": "This is truly barbaric, I can\u2019t believe that you wish to implement this.\nIn this day and age when animals are already being driven out of their habitats to make room for development you wish to put them through this kind of treatment so hunters can train their dogs.\nI truly hope this does not go into practice, please don\u2019t allow it.\n"
    },
    "89809": {
        "url": "/comment/89809",
        "comment": "The original intent to cease this inhumane activity should be maintained.\nThis updated legislation is not appropriate, and is unnecessarily abusive to wild life. Ontario Regulation 668/98 (Wildlife in Captivity) proposed changes should not be approved. Licences for this activity should no longer be issued.\n"
    },
    "89813": {
        "url": "/comment/89813",
        "comment": "How can anyone with a heart and compassion come up with something like this!\nA proposal to gruesomely torture animals for the fun of it!\nPut yourselves in the pen instead, or ur human kids and watch them be hunted for the fun of it!!\nUr not human beings but monsters!\nTurn this evil energy into something good instead, and help anyone, even animals in need!\nLike human beings, animals need love, care and compassion!\nPlease stop this evilness!!\nThe world needs to be a better place.\n"
    },
    "89814": {
        "url": "/comment/89814",
        "comment": "This is a disgusting act of cruelty towards wildlife! As a person who lives in the country, I see wildlife all the time and couldn\u2019t imagine the fox, coyotes and rabbits being penned up to live a life of fear and stress! For what? Just to train dogs to chase them? Unbelievable and horrendous! This proposal needs to be stopped dead in its tracks!\n"
    },
    "89817": {
        "url": "/comment/89817",
        "comment": "Like so many of Doug Ford's decisions this is ill-considered, ill-advised and downright cruel. I am disgusted that anyone should consider this any sort of solution to a problem that we ourselves have created.\nWords cannot express how sickened I am by the cruelty and unnecessary violence that this will cause.\nWords also cannot express how saddened I am by this decision. What has become of us!?!\n"
    }
}