{
    "89344": {
        "url": "/comment/89344",
        "comment": "This makes me sick to my stomach that our government could propose such an idea that would allow animal cruelty to our wildlife in the highway degree to train dogs. We live in 2023, where we not only know better and can do better as a society in setting an example for future generations, but we have so many other tools at our disposal to train our dogs that do not involve the imminent suffering of other creatures. Please do not allow this policy to pass and protect our wildlife. We can find another better, more human way to train our dogs!!\n"
    },
    "89345": {
        "url": "/comment/89345",
        "comment": "Yet another reason to be ashamed of this province. We MUST allow these sick practices to phase out. There is no need to torture wild animals for the entertainment of humans because that\u2019s really what this all boils down to. We do NOT need more of these spaces and the ones that do exist need to be extinguished.\n"
    },
    "89346": {
        "url": "/comment/89346",
        "comment": "This is inhumane: trapping and forcing wild animals into a hunt is barbaric. Full stop. This permitting freeze had lapsed over 25 years ago and there is no need to revisit it. Is the department so beholden to the hunting lobby that it would dig this up, seemingly out of nowhere? There is just no reason to do this.  Wild animals deserve to live wild.\n"
    },
    "89349": {
        "url": "/comment/89349",
        "comment": "This is inhumane treatment towards wildlife. Horrifying to even think of the people who proposed this in the first place. Disgusting.\nThis was phased out back in 1997, why should we bring back something like this, something that is so completely inhumane towards animals? This is a gross archaic practice that needs to be left in the past.\n"
    },
    "89350": {
        "url": "/comment/89350",
        "comment": "I had no idea this archaic practice still existed here and I do not support it continuing. If you are phasing it out since 1997 it's not happening fast enough and now that it is being considered to be extended is taking even more steps back. Please end this cruel practice. We should be promoting practices to protect wildlife, not do further harm by trapping them in fenced enclosure for the purpose of hunting. How are taxpayers supporting such barbaric government policies? I for one DO NOT. Please end this cruelty now.\n"
    },
    "89351": {
        "url": "/comment/89351",
        "comment": "What type of society do we live in, no respect for animals and no respect for life. Hunting dogs can be trained without the use of live animals, this is the such backward thinking and very barbaric. Whoever thought this was a good idea needs to be put in a trap as bait! Canada is no better than the USA. Things have not changed much since the Europeans took this land from the Indigenous nations. Totally disgusting.\n"
    },
    "89352": {
        "url": "/comment/89352",
        "comment": "I am opposed to this proposed amendment to allow more licenses for dog train and trial areas and to allow transfers of these licences.\nThese are my reasons:\n1.  Causes undo and extreme suffering to wildlife (rabbits, foxes, coyote) which is inhumane. This is a negative which is not mentioned in the proposal.\n2.  Coyote hunters already allow their trained, wildlife killer dogs to run free on rural private property at will, once they are released. The hunters have no control over the dogs, and it is impossible to control where the dogs go. On my private property, I want to protect these creatures (coyote, fox and rabbit) and enjoy them, and co exist with them. Coyote hunter\u2019s dogs, take this right I have, as a property owner and a citizen of Ontario away from me. A coyote, fox, rabbit could be killed on my property by these trained dogs and there is nothing I can do about it. This is not right!\n3.  There are wildlife conservation groups that have become more vocal in the recent years, who are also opposed. Their mandates are to save and protect these animals. They would rescue an injured coyote, fox, rabbit, rehabilitate it and get it healthy again and release it back into the wild. To think that these creatures would then be subjected to this torture after being rehabilitated and released is heart breaking. This proposal and the Wildlife conservationist are at opposite ends and working against each other. So much time and effort is put in by the volunteers of the wildlife conservation groups, often on a shoestring, and driven by a love of animals. This proposal would make their job so much harder.\nExamples of wildlife groups that care for these creatures are:  Toronto Wildlife Centre, Coyote Watch Canada, Aspen Valley Wildlife Sanctuary, Hobbitsee Wildlife Refuge, all Humane Society.\nTheir work has to be validated and respected, and this proposal does not do that.\n4.  This practice of training dogs for hunting should be eliminated, rather than steps taken to revamp it.\n5.  This decision should not be about dollars and cents, or whether there is an adequate or over supply of rabbits, fox, coyote. The element of suffering of a living creature ( with no voice)is the most important criteria.\nThank you for reading my comments. Please abolish this proposal. The peaceful existence of all humans and wildlife should our goals in this modern times.\n"
    },
    "89353": {
        "url": "/comment/89353",
        "comment": "This proposal should not go through as it will cause unnecessary stress to the wildlife involved. It is inhumane to capture and confine wildlife for the sole purpose of being hunted, even more so when it is to occur frequently. I implore you to not continue with this proposal for the well being of our local wildlife.\n"
    },
    "89356": {
        "url": "/comment/89356",
        "comment": "The use of wildlife for the process of training hunting dogs is both inhumane and barbaric.\nThis practice  should be stopped immediately, it belongs in medieval times.\nWolves and other wildlife are necessary for ecosystems to survive and thrive.  Your attitude to both wildlife and the environment is disgraceful.\n"
    },
    "89358": {
        "url": "/comment/89358",
        "comment": "Do not do this. It is inhumane and barbaric. Dogs shouldn\u2019t be used for hunting and wild animals shouldn\u2019t be stolen from their families and terrorized before being brutally ripped apart.\nThere is no NEED for this in our society today; other than a cruel desire to torture and murder animals.\nPlease, do not allow this to continue.\n"
    },
    "89362": {
        "url": "/comment/89362",
        "comment": "As a tax payer and a dog owner I am horrified by the proposal to allow pet dogs to hunt and maim penned wildlife for sport and leisure. It is cruelty, and permitting and extending these areas panders to a very small minority.  The fact this issue has not been covered broadly by the media and CBC, and that it is couched in language such as \u201ctrain and trials\u201d means that full transparency and consultation has not occurred. These areas also endanger wildlife and small owned pets outside of these areas because the dogs would have permitted to learn this tracking and killing behaviour is permitted.\n"
    }
}