{
    "90300": {
        "url": "/comment/90300",
        "comment": "I am strongly opposed to the proposed change to the Fish & Wildlife Conservation Act that will allow hunters to trap wildlife in pens to use as hunting practice for dogs. This is inhumane and an unnecessary practice. Furthermore it orients legislation in a dangerous direction to further erode the protection of wildlife. We need to stop treating nature as solely for selfish human benefits and begin valuing each life as an integral part of the ecosystem.  Stop this proposed change now.\n"
    },
    "90301": {
        "url": "/comment/90301",
        "comment": "Regarding Proposal to allow the issuance of licences for new dog train and trial areas and the transfer of licences ERO number019-3685.\nI am strong opposed to this proposal. Please stop this process to allow the issuance of licences for new dog train and trial areas and the transfer of licences. This practice is cruel and barbaric. It should be outlawed. No animals should ever be used as bait. I can't believe this is happening in Canada! Shocking and cruel! Please stop it.\nThank you,\nCatherine\n"
    },
    "90302": {
        "url": "/comment/90302",
        "comment": "This government proposes to submit coyotes and foxes to inhumane and cruel treatment. I strongly oppose this. These are our kin. They are intelligent and caring, and they deserve our respect. Shame in this  government for reverting to old ideas about \u2018man\u2019s\u2019 dominance over other wild animals. For the harm they propose and the ignorance they support, this government cannot be out of power soon enough.\n"
    },
    "90303": {
        "url": "/comment/90303",
        "comment": "What on earth are you thinking?  Seriously? Using enclosed pens so that  hunters can train dogs to hunt wildlife and run competitions for hunting dogs.\nThis is frivolous and inhumane. It will further encourage the capture of wildlife.  Necessary capture is one thing\u2026unnecessary capture to feed a frivolous need is another. This is not acceptable.\nI strongly oppose the Ministry of Natural Resources and Forestry\u2019s proposal to allow new licenses, and the transfer of existing licenses, for dog train and trial areas in Ontario.\nNew licenses for dog train and trial facilities are a huge step backward for society. These facilities have no place in Ontario.\nIn this day and age there are other ways to train dogs.  Dummy methods and scent training exist.\n"
    },
    "90304": {
        "url": "/comment/90304",
        "comment": "This is absolutely disgusting and completely barbaric. I can't for the life of understand how this could could be legal! It sickens me to think that the lives of these poor innocent animals are given so little regard. Can you even imagine how terrifying this would be? They don't even have a chance of survival. Its incredibly cruel and sick. Not to mention that hunting dogs are also used and terribly abused. Discarded like trash when they no longer serve a purpose. This is another industry that needs to be abolished.\nThis is very very wrong. Humans do not have a right to treat other species this way. Please do not let this happen.\n"
    },
    "90307": {
        "url": "/comment/90307",
        "comment": "We are a group of people extremely disturbed by the \u201cproposition\u201d of this highly inhuman act and we totally vehemently oppose and are against this highly inhuman, cruel and despicable act against wildlife in Canada.\nCanada is professing as being one of the most ethical, democratic and civilized countries in the world and yet, such a deplorable and inconceivable act ultimately is proposed against nature and its wildlife ??\nIn many European countries and especially in England, there is a revolution pertaining to the fact that more and more groups of people buy land in order to make large conservation areas for wildlife.\nIsn't enough wildlife destroyed in Canada through hunting and natural disasters especially like devastating wildfires in Canada ?\nDoes the government of Canada need to resort to kill wildlife by training dogs ??\nIt is a sad shadow that is staining Canada's reputation if this proposal is implemented.\nPlease stop this horrible and cruel act against wildlife in Canada.\n"
    },
    "90309": {
        "url": "/comment/90309",
        "comment": "This is such an unbelievably barbaric proposal WTF Is going on at Queen\u2019s Park?\nThis proposal is inhumane and cruel on its own and the province has no way of regulating what cruelty  people will visit upon these poor animals. Target practice? Setting them on fire? Leaving them to starve to death? Again, what the actual..?\nWhat morally bankrupt individual came up with this ridiculous idea?\nWill you be handing out complimentary DVD\u2019s of Deliverance and free banjo lessons to everyone who\u2019s successful in obtaining permission to do this???\n"
    },
    "90312": {
        "url": "/comment/90312",
        "comment": "I am against this proposal!! It is inhumane to the animals and completely unnecessary.  If it was to pass, even though there will be \u201cguidelines\u201d let\u2019s face it, there will be no one to check and make sure they are being met.  Think of the animals snd their welfare please. Someone has to speak up for them.  Thank you.\n"
    },
    "90315": {
        "url": "/comment/90315",
        "comment": "I will absolutely never support a government that would consider this a worthwhile action. This  cruelty indicates so much more to your constituents: lack of compassion, lack of judgement, disrespect for nature and an inability to prioritize issues that impact and benefit Ontarians.  This voter is emphatically asking you to quash this.\n"
    },
    "90320": {
        "url": "/comment/90320",
        "comment": "Whatever political advisor thought this was a good idea should be fired. Images of Doug Ford fox hunting make a great political attack ad. Nobody likes people/politicians who are needlessly cruel to animals, regardless of the technical justification. This is a politically bad idea.\nWhatever constituency this initiative serves is not large enough to justify the \u201ccruel and inhumane\u201d label this will generate. This will also draw attention to that constituency and ultimately backfire on them.\nIn this day and age there are training alternatives. Strongly recommend this proposal be dropped\n"
    }
}