{
    "55691": {
        "url": "/comment/55691",
        "comment": "The Haudenosaunee Confederacy Council issued a cease-and-desist order two years ago to stop Nestl\u00e9 from taking the water. We need to respect their sovereignty!\nMany First Nations communities across Canada have not had access to safe drinking water. We must not let BlueTriton to use safe and clean water for profit!\n"
    },
    "55696": {
        "url": "/comment/55696",
        "comment": "The renewal of this permit is ludicrous. The water contained in this lot and concession should be sent to nearby First Nations reserves in order to ensure there is healthy drinking water. Nestle, Triton, whoever, does not need another well \u2014 but others in the Puslinch area do.\nReject the permit.\n"
    },
    "55705": {
        "url": "/comment/55705",
        "comment": "This is an outrage against the Indigenous peoples of Canada. We've only barely started reparations, and  at the same time we're still allowing corporations to steal water from the water protectors.\nThe Haudenosaunee Confederacy Council issued a cease-and-desist order two years ago to stop Nestl\u00e9 from taking the water. By requesting the permit and making plans to continue the water grab, BlueTriton is ignoring Indigenous sovereignty.\nDozens of First Nations communities across Canada have not had access to safe drinking water for at least a year, but we still continue to entertain corporations who are taking water for profit.\n"
    },
    "55706": {
        "url": "/comment/55706",
        "comment": "The Environmental Registry of Ontario must deny Triton Water's permit application.\nThe Haudenosaunee Confederacy Council issued a cease-and-desist order two years ago to stop Nestl\u00e9 from taking the water. By requesting the permit and making plans to continue the water grab, BlueTriton is ignoring Indigenous sovereignty, like Nestl\u00e9 did before them.\nSo while dozens of First Nations communities across Canada have not had access to safe drinking water for at least a year, BlueTriton is pumping clean water from Indigenous lands and bottling it for profit.\nBlueTriton is betting that the increasing scarcity of clean water will make its investors rich. It\u2019s clear that the corporation values profits over people.\n"
    }
}