{
    "55993": {
        "url": "/comment/55993",
        "comment": "It's time for a new normal where the environment and the health and wellness of the people take precedence over profits for corporations.  Do not allow this corporate entity to continue to bully and take advantage of people to make more money for millionaire shareholders.\n"
    },
    "56002": {
        "url": "/comment/56002",
        "comment": "Water is required for all living beings to survive. It should not be a commodity to be extracted and sold back to people for a profit.\nFocus should be on providing clean drinking water to all people, especially Indigenous populations that have been on boil water advisories for years because of habitat destruction by corporations.\nIn addition to the backwards practice of selling something back to people that already belongs to them, the bottling production and created plastic pollution adds even more stress to an already collapsing environment.\n"
    },
    "56003": {
        "url": "/comment/56003",
        "comment": "Water needs to be a human right, not a commodity for business profit.  Please please please deny Blue Triton's request for a permit and demonstrate respect for our indigenous people who do not have good access to clean and healthy drinking water.  In Canada!  Shameful!  Let's get our priorities for Canadas people in order!  Water should not be for profit!\n"
    },
    "56005": {
        "url": "/comment/56005",
        "comment": "I live in Ontario.  I object strongly to Blue triton\u2019s application.  For environmental reasons fresh water should never be extracted for bottling and in this case granting the permit would violate the rights of local indigenous people.\nBottled water is necessary in some circumstances but governments should always ensure that there is a genuine need and that it comes from sustainable sources\nthank you\n"
    },
    "56007": {
        "url": "/comment/56007",
        "comment": "The water in Canada seems plentiful, but it isn't. To outsiders, it may seem like \"a drop in the bucket\" if we allow Triton Water to extract water from Ontario groundwater at very little cost, but monetary and environmental. That perception is wrong, and we can no longer afford to let private industrial operations assume they can make profits on public resources, often with irreversible consequences. The water belongs to all Ontarians, and it should be treated as the public treasure it is. I am against allowing Triton Water this permit.\n"
    },
    "56012": {
        "url": "/comment/56012",
        "comment": "Water is a sacred, public holding which must not be sold for private gain.\n"
    }
}