{
    "56333": {
        "url": "/comment/56333",
        "comment": "A company should not be allowed to steal from the water resources belonging to Canadians, and\nthen sell it at a profit.  Why does the government allow this?  Don't you care about Canadian\nresources?\nHome owners have to pay for the water we use.  If these 'for profit companies' didn't take our water\nsupply, perhaps our water wouldn't be so expensive.\nDo the companies that profit from our water, share their profits with Canadians?  Do they pay for the\nhome owners water?\nNo, they don't.   They only profit from something that we pay for.\nGovernment of Canada, you are supposed to represent the citizens.  Do your job!\n"
    },
    "56338": {
        "url": "/comment/56338",
        "comment": "I am writing to strongly oppose Triton Water Holdings Canada Inc. application for a 10 year extension to the permit which Nestle was unfortunately given to extract water from the aquifers in Ontario. Water is a fundamental right, and not only does the taking of water deprive the area residents of much needed water by draining the aquifer, it is my understanding that the Haudenosaunee Confederacy Council issued a cease-and-desist order two years ago to stop Nestl\u00e9 from taking the water at Aberfoyle. (Guelph today).  I am also appalled that in April \" a years-long moratorium on water taking permits in the province ended Thursday, one day after the closing of the sale of Nestle Water North America, which includes the plant in nearby Aberfoyle, was announced.\" Clean water should not be seen as luxury to which those who can afford it have access, in order for corporations to make large profits. I strongly oppose Triton's application and believe that its request for a permit must be denied for the benefit of all people living in the areas affected.\n"
    },
    "56347": {
        "url": "/comment/56347",
        "comment": "More foreign exploitation of our natural resources with no benefit to Canadians. The old Canadian profile of \"hewers of wood and drawers of water\" has to end.  The sovereignty of our nation, our economic health, and the health of all Canadians  - especially indigenous Canadians - and our very existence, should not be for sale.\n"
    },
    "56348": {
        "url": "/comment/56348",
        "comment": "I am beyond disheartened to think in these days the government would even consider giving a permit to any company to bottle (for profit) water that belongs to the Canadian people, given that there are indigenous communities still lacking potable water and given the enormously negative impact of plastic bottles on our environment. We cannot afford permitting Triton Water Canada Holdings Inc. It is that simple!\n"
    },
    "56353": {
        "url": "/comment/56353",
        "comment": "We need to let companies know that our water, a very precious resource, is NOT for sale.\nNestle has made massive profits (and polluted our earth with plastic bottles) from our water.\nOur indigenous peoples have suffered enough due to greedy profiteers.\nPlease do the right thing and stop selling our water!\n"
    }
}