{
    "55797": {
        "url": "/comment/55797",
        "comment": "It has come to my attention there is a new kid on the block who has applied to do what Nestle tried to do and that is to take water from Canada North to bottle and sell it.!  I strongly oppose this on the grounds we have Native people who as of today do not have clean water to drink and this company has the audacity to want to pump the water from under our North eventually leaving the North dry!  See California and 7 States DRY! We shall become a waste land, we will not be able to feed ourselves and others!  Then it is too late to ask where shall we get water? Without water there is no life!\n"
    },
    "55801": {
        "url": "/comment/55801",
        "comment": "Regarding Triton Water Canada Holdings Inc. application for a permit to take water.\nI believe it is intrinsically wrong for any company to make a profit from water that belongs to the people of Ontario.  It is especially heinous when this water is located under the lands of our Indigenous nations, many of whom have no access to clean water.\nI therefore request that the Environmental Registry of Ontario deny the request by Triton Water of Canada for a permit to take this water.\nPlease protect our water from exploitation and degradation.  As an environmental body, it is your duty to do so.\n"
    },
    "55803": {
        "url": "/comment/55803",
        "comment": "I am requesting that the Ministry of the Environment deny Blue Triton's permit application to use Ontario water for bottling.  No permits should be issued until the Haudenosaunee and other Indigenous communities have access to safe drinking water.\n"
    },
    "55804": {
        "url": "/comment/55804",
        "comment": "Deny Triton water a permit to access Ontario waters.  Not only will they take our valuable resource but they will further assault the planet by putting it in plastic containers.  Put the Indigenous and all Ontario residents first before corporate profit.  Water should not come in bottles and should not be sold for company profit. Think of the long term consequences for Ontario and the planet!!!\n"
    },
    "55805": {
        "url": "/comment/55805",
        "comment": "Water is Life.\nCanadian fresh water should not be and should never have been for sale to foreign corporate interests.\nDozens of First Nations communities across Canada have not had access to safe drinking water and meanwhile BlueTriton is pumping clean water from Indigenous lands and bottling it for profit?\nThe Haudenosaunee Confederacy Council issued a cease-and-desist order two years ago to stop Nestl\u00e9 from taking this water. By requesting a permit and making plans to continue removing this fresh water BlueTriton shows a continuation of disrespect for both Indigenous sovereignty and Canadian citizens who need to depend on this fresh water.\nIf you approve this permit your government will make it clear that you prefer foreign corporations and  value profits over the people of this province who voted you into power.  This new version of Nestl\u00e9 spun off as BlueTriton is a wonderful opportunity to stop this water from being taken and sold for greed and profit.  It belongs to the land and should be made available to Indigenous and Colonial settlers, the people who live here.\n"
    },
    "55806": {
        "url": "/comment/55806",
        "comment": "I believe there is a real disconnect when our government has yet to fulfill it's promises to our Indigenous communities in securing safe drinking water, a human right, but has no issue in entertaining the scheme of selling off our precious resources to third parties who's only interest is profit. It's shameful and should not be allowed.\n"
    },
    "55807": {
        "url": "/comment/55807",
        "comment": "Our government is charging carbon tax for the environment yet they are allowing companies to take water from the aquifers and sell it to the rest of the world in plastic bottles.  Leaving the communities around these aquifers dry.  This is unacceptable! Looking after the world for business proffet leaving our own without.  Our government should be protecting these environmental vulnerabilities.  We are paying the heavy tax for it!\n"
    },
    "55812": {
        "url": "/comment/55812",
        "comment": "STOP Nestl\u00e9 from stealing indigenous waters!!!!! Stop Nestl\u00e9 from stealing all of Canada\u2019s water!!!! Water should not cost money!  STOP polluting our land with your plastic bottles!!!! The government needs to step up and stop allow this. We need to try new things like in Europe where they have designated water fountains all over city streets, so people can fill up their reusable water bottles. Stop Nestl\u00e9!!!!! Stop the plastic. Stop killing our planet \ud83c\udf0e\n"
    },
    "55813": {
        "url": "/comment/55813",
        "comment": "I am opposed to renewing this permit. The community the well is located in receive no benefit, and there is no need for bottled water outside of emergencies, it just adds more plastic to our environment with no upside except for the businesses selling a public good for private profit. Please do not renew this permit.\n"
    },
    "55815": {
        "url": "/comment/55815",
        "comment": "To the Ontario government,\nWater is a vital resource for humans. Ontario had a lot of it. Now, with more and more land development and, more and more industries requiring it, we have less water resources.\n Watering day is now once a week. Two years ago, it was three days a week. We, Ontarians, can't take water for granted.\nThe Ontario government needs to not take it for granted.  Selling water to Nestle is taking this valuable resource for granted.\nSay 'NO,' to selling valuable Ontario water to BlueTriton.\nSincerely, a concerned citizen.\n"
    },
    "55817": {
        "url": "/comment/55817",
        "comment": "Please deny this company from taking water out of the ground. As far as I can tell, it\u2019s still NESTLE and they\u2019ve just rebranded their water division. STOP THEM from continuing to pillage our natural resource for pennies! Please preserve our water!\n"
    }
}