{
    "57759": {
        "url": "/comment/57759",
        "comment": "I am writing to demand that the Environmental Registry of Ontario deny BlueTriton's permit now.\nBlueTriton is ignoring Indigenous sovereignty just like Nestl\u00e9 did and there is no way this can be tolerated  given the viciousness of the Canadian Government's dealings with First Nations communities.\nThese communities across Canada have not had access to safe drinking water for at least a year while BlueTriton is pumping clean water from their lands and bottling it for profit.\nIt\u2019s clear that the corporation values profits over people and so there is no situation where granting them a permit is a proper course of action.\nIt is time for reconciliation, for facing what we as a country have done to First Nations People, and to stop the genocide for continuing through stealing water for profit.\n"
    },
    "57766": {
        "url": "/comment/57766",
        "comment": "No Company should be allowed to to bottle our water and then have plastic thrown on our land and in the lakes they have stolen our water from. So no more contracts with companies taking and not giving anything back to our land ( only plastic). So Doug Ford stand up for our water as we the most clean water in the world and we and I mean everyone should have clean water to drink, bath and clean our belongings.\n"
    },
    "57773": {
        "url": "/comment/57773",
        "comment": "The Haudenosaunee Confederacy Council issued a cease-and-desist order two years ago to stop Nestl\u00e9 from taking the water. By requesting the permit and making plans to continue the water grab, BlueTriton is ignoring Indigenous sovereignty.\nSo while dozens of First Nations communities across Canada have not had access to safe drinking water for at least a year, BlueTriton is pumping clean water from Indigenous lands and bottling it for profit.\nI am not in support of this permit and request that the Ontario Government deny this permit.\n"
    },
    "57774": {
        "url": "/comment/57774",
        "comment": "I am totally opposed to large corporations and companies being allowed to take our water.  They make massive profits from the water. They deplete our water table and locals have to pay huge water bills, while these companies pay next to nothing. Shame on this government if they renew the licence. You will not be getting my vote next election.\n"
    },
    "57775": {
        "url": "/comment/57775",
        "comment": "I strongly urge you to oppose Triton's request for a well in Erin, and to ensure that the Puslinch well is phased out permanently.\nFirst, water is a public good and should be held in public stewardship, not be for sale as a commodity. Second, water is taken without the consent of First Nations and despite a cease-and-desist order issued two years ago (June 7, 2019) by the Haudenosaunee Confederacy Council, the traditional leadership of Six Nations on the Grand, Nestl\u00e9/BlueTriton continue to ignore Indigenous sovereignty.\nThe bottling plant in Aberfoyle packages water in single use plastic bottles -- millions of them every day \u2013 half of which result in litter or end up in a landfill. Single use plastic has a heavy carbon footprint in its life-cycle from production to distribution, and breaks down into microplastics, a growing threat to wildlife and human health.\nIn addition, Triton Waters entry into Ontario is part of a global trend of investors betting that the increasing scarcity of water (projected to worsen as climate crisis deepens) will make them rich.\nWater is the most sacred and precious substance on planet Earth, and should be a human right. Please do the right thing before it's too late!\n"
    },
    "57776": {
        "url": "/comment/57776",
        "comment": "The Environmental Registry of Ontario must deny BlueTriton's permit NOW. The fact that so many First Nations communities across the country lack access to safe drinking water makes BlueTriton's plan to pump clean water from their lands all the more egregious. We can do better than to allow such a critical resource to be taken and sold for profit. DO BETTER.\n"
    },
    "57777": {
        "url": "/comment/57777",
        "comment": "No more bottled water. It is not necessary as we have good water in most parts of this country.  Tell these companies to keep their hands off. Their bottles liter our roads and help fill  our land fills.\nWe should be making sure our indigenous people have decent water to drink and bath in. No more bottles d water!!\n"
    },
    "57778": {
        "url": "/comment/57778",
        "comment": "I strongly object to companies being permitted to take water from Ontario lakes for the purposes of bottling water to sell for several reasons. `Two of the reasons are as follows:\n1. Taking water from lands held by Indigenous Peoples is denying them their human right to clean drinking water while also ignoring Indigenous Sovereinty.\n2. Plastic used as containers for water are a large contributer to environmental pollution.\nI am asking you to deny Blue Triton the permit they are requesting to take our lake water for the purposes of profit\n"
    }
}