{
    "57513": {
        "url": "/comment/57513",
        "comment": "Bottles for water must be banned. Carton like containers must have heavy penalties. The flow of water from springs or streams belong to all the people and cannot be sold by anyone including the Government.\nThis is no way for such an important issue to be published.\nApplications to take water should be front page news and subject to plebiscite.\n"
    },
    "57529": {
        "url": "/comment/57529",
        "comment": "Our family is 100% against water being taken form Ontario's aquifers by any water bottling companies. They endanger both the quality of water in the bottling locations  AND an adequate water being available for the normal living needs of the many nearby communities.  Ontario's water is a natural resource that belongs to the citizens of Ontario and it should NEVER be removed and sold for profit by water bottling companies.\n"
    },
    "57530": {
        "url": "/comment/57530",
        "comment": "BlueTriton could be even more dangerous than Nestl\u00e9. It has just applied for a 10-year renewal of Nestl\u00e9\u2019s permit to take water out of Ontario for bottling. And because BlueTriton isn\u2019t a household name yet, this \u201cnew Nestl\u00e9\u201d is betting that there won\u2019t be any public resistance to securing its permit.\nTogether we must show BlueTriton that we are not going to just roll over and let it drain our water for its profit. If enough Ontarians like you speak out before the Environmental Registry of Ontario\u2019s consultation closes on June 22nd, we can end this water grab once and for all.\nThe Haudenosaunee Confederacy Council issued a cease-and-desist order two years ago to stop Nestl\u00e9 from taking the water. By requesting the permit and making plans to continue the water grab, BlueTriton is ignoring Indigenous sovereignty. Just like Nestl\u00e9 did.\nSo while dozens of First Nations communities across Canada have not had access to safe drinking water for at least a year, BlueTriton is pumping clean water from Indigenous lands and bottling it for profit.\nBlueTriton is betting that the increasing scarcity of clean water will make its investors rich. It\u2019s clear that the corporation values profits over people. And that is why this \u201cnew Nestl\u00e9\u201d must be stopped.\n"
    },
    "57538": {
        "url": "/comment/57538",
        "comment": "Stop and desist. Triton is a subsidiary of Nestl\u00e9. Do NOT permit them to take water for profit from ANY source in Ontario.  Or Canada. Water is a precious resource. It is not for profit making. And especially on Reserves. Our poor reserves do not even have potable water and you want to take what clean water they have? I am insensed!!!  Just STOP.\n"
    },
    "57541": {
        "url": "/comment/57541",
        "comment": "Deny BlueTriton's water permit now!\nThe Haudenosaunee Confederacy Council issued a cease-and-desist order two years ago to stop Nestl\u00e9 from taking our province's water. By requesting the permit and making plans to continue the water grab, BlueTriton is ignoring Indigenous sovereignty. Just like Nestl\u00e9 did.\nSo while dozens of First Nations communities across Canada have not had access to safe drinking water for at least a year, BlueTriton is pumping clean water from Indigenous lands and bottling it for profit. Do not allow them to do so!\n"
    },
    "57543": {
        "url": "/comment/57543",
        "comment": "This is a blatant attempt by Nestle to circumvent the agreements and restrictions that the government quite rightly imposed on them. Please don't allow them to game the system and continue to steal the water that is needed by all. They will take more profits and contribute vastly to the plastic problem. There is no win in letting them do this.\n"
    },
    "57544": {
        "url": "/comment/57544",
        "comment": "Any company wishing to extract water for commercial purposes, for whatever reason should go through the same process of review. This would hold true whether it is a new extractor or a company or organization that purchases an existing company. Permits to extract water should not transfer with company ownership.\nIt is critical that all communities in a watershed from which water will be extracted must have a say on whether permission should be granted. If a community will be harmed through decreased availability of water, then permits should be denied. Charges for commercially extracted water should be increased significantly to represent the true value of water. Non commercial drinking water and private use wells would not be covered by the rules, unless an individual was drawing so much water it begins to affect others.\nCommunities within a watershed must be permitted to review and potentially deny permit renewals as circumstances change, and water availability may not be what it was prior.\n"
    },
    "57546": {
        "url": "/comment/57546",
        "comment": "I am concerned about bottled water companies being given the right to extract huge amounts of water from the ground.  This is a natural resource that is for everyone, and should not be used to make a profit.  Further, these companies take from the water supply of local communities, often leaving those communities facing a shortage of water.  In addition, these companies create further destruction with plastic waste from water bottles, adding to pollution in our  environment.\nI therefore request that you deny Blue Triton's request to take water from the ground and to resell.\n"
    },
    "57554": {
        "url": "/comment/57554",
        "comment": "Please STOP this. As an Ontarian, I wish to honour the Indigenous people of this land and provide them with the gift they protected for so long. The gift of clean water. It should not be sold! Especially for a profit-over cooperation like Nestle\u2019s who care nothing for their legacy of resources depletion or for the well-being of future generations.\nPlease STOP!!\n"
    },
    "57559": {
        "url": "/comment/57559",
        "comment": "The Haudenosaunee Confederacy Council issued a cease-and-desist order two years ago to stop from taking the water. Now Nestl\u00e9 has sold its North American bottling business to BlueTriton.  By requesting the permit and making plans to continue the water grab, BlueTriton is ignoring Indigenous sovereignty. Just like Nestl\u00e9 did.\nSo while 56 First Nations communities across Ontario have not had access to safe drinking water for at least a year, and others have been under boil water advisories for up to 25 years, BlueTriton is pumping clean water from Indigenous lands and bottling it for profit.\nBlueTriton is betting that the increasing scarcity of clean water will make its investors rich. It\u2019s clear that the corporation values profits over people. And that is why this must be stopped. Clean drinking water is a human right.\n"
    },
    "57560": {
        "url": "/comment/57560",
        "comment": "This is Nestle with different branding. It would hardly be a surprise if the same group of wealthy shareholder and their corporate lawyers were behind this permit application as well.\nDozens of First Nations communities across Canada have not had access to safe drinking water for at least a year, and yet BlueTriton wants to pump clean water from Indigenous lands and bottle it for profit?\nEven if this weren't the case, and indigenous communities had reliable access to clean drinking water, it is still short sighted to provide this permit. Bottled water companies create massive amounts of waste particularly in the form of various kinds of plastics, be they in landfill from ineffectual recycling programs or microplastics that have invaded every aspect of our environment. Bottled water companies also consume an unacceptable amount of energy during production, and produce an unnecessary amount of greenhouse gasses in every step including transportation and distribution.\nIn 2002, the United Nations officially adopted water as a human right. General Comment 15, of the International Covenant on Economic, Social and Cultural Rights states the following: \u201cThe human right to water entitles everyone to sufficient, safe, acceptable, physically accessible and affordable water for personal and domestic uses.\u201d This means that the 145 countries who have endorsed the International Covenant on Economic, Social and Cultural Rights have to ensure fair and equal access to safe drinking water.\nThe government is obliged to ensure that people can enjoy their basic human rights. Part of the government\u2019s duty is to protect this right, by preventing third party interference. For drinking water, this may involve the establishment of legislation that prohibits manufacturing companies from privatizing the supply. Even developed countries have not had good results when a company privatizes the water. In the 1980s, the British water system was privatized. In the first five years, 18,636 households had their water supply cut off because they could not afford the price of water, which had increased by more than 50 percent.\nIn short, I request that you not only deny this permit but create legislation that would severely limit if not entirely eliminate the number of permits granted to bottled water companies from now on.\nPeople over Profits.\nWater is Sacred.\nDeny The Permit.\n"
    },
    "57561": {
        "url": "/comment/57561",
        "comment": "To even give a thought to allowing this renewal is unconscionable. We must all respect the right of indigenous and indeed, all people, to have free and clear access to clean drinking water. Have we not learned yet to think clearly about the present and future consequences of our actions? Water is a natural and freely given resource necessary to sustain all life and it must remain that way.\n"
    },
    "57571": {
        "url": "/comment/57571",
        "comment": "BlueTriton, Nestle - whatever you want to NAME it.\nIt is still a corporation that is taking LIFE (water is Life) away from the people of this land, all of the people, including the Original peoples of this land.\nThere cannot be a price on our most basic Human right. No single person, or group of people deserve this kind of POWER over others.\nIf any sane compassionate human like person is reading this, please do the right thing.\nUse your voice, use whatever you have to stop this. A company cannot, does not, should not have the ability to STEAL and profit off it.\nIs bottled air the direction we are bound for next?!?\nDon't laugh. or chuckle.\nThink about it.\nDo something.\nThank you for reading.\nChange your mind about something today.\n"
    }
}