{
    "56497": {
        "url": "/comment/56497",
        "comment": "On behalf of citizens concerned about or future, which should be everyone, please reject the renewal of the water permit to Triton Water Canada Holdings, Inc.\nApproving this permit flies in the face of any environmental protection progress and any policy, existing or in the future, to protect the environment. Specifically, it condones the use of single use plastics, enemy number one on the world\u2019s policy agenda.\nNot to mention the local interests, which clearly shows Nestle and its follower put profits before people.\nPlease reflect this permit.\n"
    },
    "56506": {
        "url": "/comment/56506",
        "comment": "The Haudenosaunee Confederacy Council issued a cease-and-desist order two years ago to stop Nestl\u00e9 from taking the water. By requesting the permit and making plans to continue the water grab, BlueTriton is ignoring Indigenous sovereignty. Just like Nestl\u00e9 did.\nSo while dozens of First Nations communities across Canada have not had access to safe drinking water for at least a year, BlueTriton is pumping clean water from Indigenous lands and bottling it for profit.\nIt is imperative that you deny BlueTriton's water permit request. There is no reason for BlueTriton to need to pump water out of their communities just like there was no reason for Nestle to do so.\n"
    },
    "56508": {
        "url": "/comment/56508",
        "comment": "As a resident of Ontario I do not support the request for a permit of ANY company to drain our water supplies and sell it for profit. I\u2019m addition, companies like Nestle and BlueTriton continue to ignore Indigenous sovereignty.\nIt sickens me that dozens of First Nations communities across Canada have not had access to safe drinking water for at least a year, yet BlueTriton is pumping clean water from Indigenous lands and bottling it for profit?!\nWhile we wake up to the impact of our collective damage to the environment and real economic and personal realities of the climate crisis are seen more and more, clean fresh water is priceless! Wake up and protect this asset now for all Canadians. Bottled water is a blight on the environment, both from the production process, the pollution of our oceans, and landfills full of plastics. Enough is enough.  Water should not be for sale!!\n"
    },
    "56511": {
        "url": "/comment/56511",
        "comment": "I ASK THAT YOU DENY THE PERMIT FOR TAKING GROUNDWATER, TO THE NEW NESTLE, WHICH CALLS ITSELF BLUE TRITON. WATER IS A NATURAL RESOURCE THAT ALL CITIZENS HAVE A RIGHT TO. COMPANIES MUST NOT HAVE A MONOPOLY ON IT.\nTHIS KIND OF ROBBERY IS PARTLY RESPONSIBLE FOR THE INCREDIBLE FACT THAT SOME FIRST NATIONS COMMUNITIES STILL DO NOT HAVE CLEAN WATER.\nDENY THE PERMIT. STOP THE ROBBERY. THANKYOU.\n"
    },
    "56513": {
        "url": "/comment/56513",
        "comment": "Please do not allow BlueTriton to get a permit to rain water in Ontario for their bottling plant.  Not only are we in a climate change moment where water is likely to get more and more scarce, but these water permits would  be detrimental to local first nations, local wildlife, and the towns around the waterways where they wish to bottle. A bunch of factory jobs with a lot of permanent part time roles and no benefits for the majority of their workers hardly seems worth all that sacrifice.\nPlease deny the permit to BlueTrition, their business is not in Ontario's best interest.\n"
    },
    "56514": {
        "url": "/comment/56514",
        "comment": "People need clean drinking water available to them. They don\u2019t need more plastic, they don\u2019t need to be paying for plastic bottles with plastic-tainted water in it, they don\u2019t need their resources drained away from them so that they can\u2019t run their homes or have gardens. We don\u2019t need companies or any sort coming in to effectively steal our natural resources from us. DO NOT LET ANYONE DO THIS!\n"
    },
    "56517": {
        "url": "/comment/56517",
        "comment": "I Demand that the Environmental Registry of Ontario deny BlueTriton\u2019s permit now.  I'm outraged not only that they help themselves to our water for nothing basically, but they produce plastic waste by the billions for which they take no responsibility to clean up from our land, oceans and waterways.  They are draining our resources and polluting our world.  Make them desalinate water and collect their plastic for recycling.\n"
    },
    "56519": {
        "url": "/comment/56519",
        "comment": "Totally disgusting.  All Nestle\u2019s interested in is making money not caring about the land or the people have lived on it for generations.  The government should be protecting the land and water not giving it away and not caring for those whose inheritance it is.  Treaties should be honoured.  I am not purchasing any products owned buy Nestle\u2019s and I hope others will follow my lead.  One can find the list of  products by googling.\n"
    },
    "56521": {
        "url": "/comment/56521",
        "comment": "While dozens of First Nations communities across Canada have not had access to safe drinking water for at least a year, BlueTriton is pumping clean water from Indigenous lands and bottling it for profit. It's up to the government of Ontario to stop this NOW! I'm disgusted that Nestle got away with this -  it must be stopped.\n"
    }
}