{
    "56242": {
        "url": "/comment/56242",
        "comment": "For decades Nestle has not been a good or honest global citizen.  From pushing baby formula in place of breast feeding to mothers who did not have the resources so that their ability to feed their babies was compromised leading to devastating results, to taking water from municipalities and leaving the citizens to go without water, to now trying to take water that is already in scarce supply on First Nations lands with no regard for the damage they are doing to people, to the environmental nightmare of discarded water bottles and plastic water bottle dumps.   There is no part of the planet and its inhabitants that they will not take advantage of and leave damage in their wake.  All this is done in the name of corporate greed.\n"
    },
    "56243": {
        "url": "/comment/56243",
        "comment": "The cease-and-desist order issued by the Haudenosaunee Confederacy Council needs to be respected.   By requesting the permit and making plans to continue the water grab, BlueTriton is ignoring Indigenous sovereignty. Just like Nestl\u00e9 did.\nIt sickens me that the water resource on indigenous lands is being exploited for profit, while many communities don't have safe drinking water.\n"
    },
    "56244": {
        "url": "/comment/56244",
        "comment": "For many years we have watched as our most precious resource has been bottled and sold by Nestl\u00e9, with a blatant disregard for this abuse by all levels of government. With Nestl\u00e9 abandoning this form of business it will be even more important for Ontarians and Canadians to support Indigenous communities and small towns, and battle the new company, Blue Tritron. Groundwater abuse of this magnitude leads to permanent water shortages, at a time when we will need our water for more meaningful and important purposes. The sale of water in plastic bottles, to profit private corporations must stop now.\n"
    },
    "56245": {
        "url": "/comment/56245",
        "comment": "I have been boycotting Nestl\u00e9 products for years because of their unethical water appropriation policies. Now Blue Triton slipped in and is trying to do the same unfair water grab for unneeded single use plastic water bottle profits. I demand that the Environmental Registry of Ontario deny Blue Triton\u2019s permit now.\n"
    },
    "56246": {
        "url": "/comment/56246",
        "comment": "The fact that BlueTriton, like Nestle before them, is commercializing these natural resources in a community that doesn\u2019t have access to reliable safe, affordable drinking water is a stunning example of the disparities we see around the world in access to safe water. The rich can pay for water and the poor get shortchanged over and over again. This is an obscenity. Clean and safe drinking water is a right for everyone and NOT a privilege to those who can afford to pay for it! Deny BlueTriton's application to renew the permit to continue this abhorrent practice!\n"
    },
    "56251": {
        "url": "/comment/56251",
        "comment": "Greed is just one of the deadly sins .\nIf you don't believe in sin ,greed is the root of all evil .\nIf you don't believe in evil ,greed is a human behaviour with no regard of        consequences .\nIf you don't believe in consequence ,have a look at the outcome of lack of regard , devastation of natural resources ,land and water imposed on us by Nestle ,now Blue Triton ,applying to bottle Canadian water once again ,in the hopes we,Canadians aren't paying attention .\nPlease stop the selling of our natural resources ,when large populations of Canada have no clean ,safe water .\nDo not even consider this proposal .please !\n"
    },
    "56254": {
        "url": "/comment/56254",
        "comment": "I believe that Bluetriton should only be given a permit to extract water for bottling if the Indigenous people agrees to it. This will entail the Canadian government must consult with them and it must have the proviso that the Indigenous people could curtail this contract if it negatively affects the environment!\n"
    },
    "56256": {
        "url": "/comment/56256",
        "comment": "I do not support lifting the moratorium on taking water for bottled water by corporations and am disppointed that this issue did not get more coverage in the media.  Water is a scarce source and ever more so now with increasing periods of drought.  The water supply needs to be managed and maintained for area residients first and foremost. I understand there is new legislation but there is a debate that it is not rigorous enough to protect our water supply.\nSecondly, this application should not be treated as a renewal of a permit to take water but rather a new application given the new ownership. Also Nestles permit was issued decades ago and is problematic. At a minimum, Triton must comply with the new regulations.\nIt is my impression, Nestles basically sold these assets to a private equity firm due to the push back from the community on a number of issues and the backlash against profitting from bottled water.  I did note the timing of lifting the moratorium on April 1st aligned with Nestles finalizing the sale to the private equity firms which lead to the formation of Triton.\nPlease reject this renewal of a permit to take water by Triton Water Canada Holdings Inc.  I trust the government will act in the best interest of its citizens and future generations.\n"
    },
    "56257": {
        "url": "/comment/56257",
        "comment": "Air, water, vegetation and animals are the part of the human right to live and exist. Are we bottling air next and sell it, too? Corporations and profit over the need of humans/ people is not a self sustaining and replenishing combination. Stop the old methods and ways of profiteering and show us what you are willing and capable of to replenish for you get basically for free. If you can't replenish what you receive you are out of luck doing business here or anywhere else.\n"
    },
    "56259": {
        "url": "/comment/56259",
        "comment": "\"The Haudenosaunee Confederacy Council issued a cease-and-desist order two years ago to stop Nestl\u00e9 from taking the water. By requesting the permit and making plans to continue the water grab, BlueTriton is ignoring Indigenous sovereignty. Just like Nestl\u00e9 did\", they are Nestle in a new form! I find this taking of natural resources appalling for they show no care or constraint.  \"While dozens of First Nations communities across Canada have not had access to safe drinking water for at least a year, BlueTriton is pumping clean water from Indigenous lands and bottling it for profit\". Please stop these natural resources from being depleted by a non caring company and make them responsible for what they do! Please deny Triton Water Canada Holdings Inc  this permit until they become a good corporate citizen and the clear outcome of removal of this much water is understood.\n"
    },
    "56260": {
        "url": "/comment/56260",
        "comment": "This is totally unacceptable! It is not just unacceptable, it is downright CRIMINAL!!! Water is NOT a commodity to be bought and sold, according to International Law! NO country should allow the sale of water, which is a NATURAL resource and NOT a man-made one! Furthermore, under International Law, water has been established as a \"right to life\" resource! For ANY government to issue \"licenses\" for cents on the gallon,to a private company, to the detriment of human life, is a CRIME AGAINST HUMANITY! For the government to be complicit in the absolute THEFT of First Nations water is an even GREATER CRIME AGAINST HUMANITY, an ABSOLUTE travesty!\nIn 1948, the Universal Declaration of Human Rights affirmed the right of everyone to adequate food. However, access to adequate food in the rural areas of many developing countries depends heavily on access to natural resources, including water, that are necessary to produce food. The UN General Assembly declared access to clean drinking water and sanitation as a human right on 28 July 2010. But the right to water in the context of the right to food is a complex question. While drinking and cooking water would be protected, water for food production would probably not be covered under the minimum needs in arid areas.\nA case in point to water being a necessity of life; the Bolivian Water War; whereby an international consortium \u201cAguas del Tunari\u201d bought licenses to control the water of Cochabamba.\nhttps://en.wikipedia.org/wiki/Cochabamba_Water_War\nhttps://www.gwp.org/en/learn/KNOWLEDGE_RESOURCES/Case_Studies/Americas-\u2026-\nhttps://www.un.org/waterforlifedecade/human_right_to_water.shtml\nhttps://www.ukessays.com/essays/human-rights/is-water-a-human-right-or-\u2026.\nhttps://www.bartleby.com/essay/Drinking-Water-Human-Right-Or-Commodity-\u2026.\n"
    },
    "56261": {
        "url": "/comment/56261",
        "comment": "Regardless of their name their sin is the same as Nestl\u00e8's they steal water from our Province and Indigenous Peoples.\nThe commercial water business is one of the largest, \"Climate Criminals\". They steal the water, draining from underlying property while lowering the water table, which takes decades to recover if at all. This robs residents living in the area, farmers needing the water for crops & live stock, ultimately affecting global food trade.\nStop the water steal!\n"
    }
}