{
    "55930": {
        "url": "/comment/55930",
        "comment": "Betrayal\nPlease do not allow BlueTriton permission for a 10-year renewal of Nestl\u00e9\u2019s permit to take water out of Ontario for bottling.\nNot only does bottled water contribute greatly to our climate emergency, this will also ignore Indigenous sovereignty (The Haudenosaunee Confederacy Council issued a cease-and-desist order two years ago to stop Nestl\u00e9 from taking the water.)\nWater should be a human right, not a commodity to be bought and sold - especially when it is on Indigenous land. Our First Nations relations do not even have their own safe drinking water.\nSuzanne\n"
    },
    "55932": {
        "url": "/comment/55932",
        "comment": "BlueTriton must now be allowed to trample Indigenous rights as Nestle has done in the past. It is time that this government work with Indigenous peoples to preserve our fresh water for generations to come, instead of commodifying it. Water is life and is a basic human right. Allowing corporations to sell it is beyond immoral and wrong.\n"
    },
    "55937": {
        "url": "/comment/55937",
        "comment": "No entity should be given unfettered access to freshwater to then sell for profit. Freshwater is a renewable natural resource but only if used wisely. Industrial/commercial water extraction will lower water tables and have far-reaching effects for local communities. Selling bottled water also undermines publicly funded municipal water works and contributes to the explosion of plastic waste affecting our environment.\n"
    },
    "55938": {
        "url": "/comment/55938",
        "comment": "It is high time we stopped Nestle's continued efforts to exploit our water resources. It's high time we stopped the use of plastic water bottles. It's high time our government took strong action to protect our vital natural resources.\nTell Nestles to stop. Tell them to go away. Tell them to stop such injurious practices. Stop Nestle's immoral profiteering.\nLarry Richardson\nPicton, Ontario\n"
    },
    "55943": {
        "url": "/comment/55943",
        "comment": "Please decline Blue Triton's request for licensing our water.  They are only the \"new Nestle\" and their requests are just as disgusting and thoughtless and irresponsible as were Nestle's.\nAnd any agency or government who grants them permission to take water from Ontario and/or Canada is likewise disgusting and thoughtless and irresponsible.\n"
    },
    "55946": {
        "url": "/comment/55946",
        "comment": "I want to go on record as being vehemently opposed to allowing large corporations to buy and bottle our water.  Water being a life necessity should not become a commodity on the marketplace.  It was bad enough when Nestle greedily consumed (in effect) the water which should have gone to citizens, but now a larger company thinks it will be able to skim off  one of our most precious if not our MOST precious resource and make a huge profit from such action.  Please some one take action against this dangerous possibility.\n"
    },
    "55947": {
        "url": "/comment/55947",
        "comment": "DENY BLUETRITON'S PERMIT\nI am outraged that this injustice is even a possibility.  The Haudenosaunee Confederacy Council issued a cease-and-desist order two years ago to stop Nestl\u00e9 from taking the water. By requesting the permit and making plans to continue the water grab, BlueTriton is ignoring Indigenous sovereignty. Just like Nestl\u00e9 did.\nSo while dozens of First Nations communities across Canada have not had access to safe drinking water for at least a year, BlueTriton is pumping clean water from Indigenous lands and bottling it for profit.\nNo, absolutely no to this!\n"
    }
}