{
    "56059": {
        "url": "/comment/56059",
        "comment": "I honestly can't believe that it is still an issue that a precious public commons like groundwater is being bought and traded. People who have paid taxes to maintain utilities in their municipalities and who rely on clean drinking water to survive are yet again pushed aside in the name of greed and profits for corporations. This must stop. It is unethical and denies basic human rights. It is the responsibility of government to consider the needs of its citizens first, not the plans of big business.\n"
    },
    "56060": {
        "url": "/comment/56060",
        "comment": "We should not be allowing companies to pump millions of litres of our water and sell it for profit while towns in Ontario do not have access to adequate supplies of clean water.\nBlueTriton is pumping clean water from Indigenous lands and bottling it for profit.\nThis is completely unacceptable both from a indigenous rights perspective and from an environmental perspective.\n"
    },
    "56061": {
        "url": "/comment/56061",
        "comment": "Deny BlueTriton permit to take water out of Ontario\nI am writing in opposition to the renewal of the Permits to Take Water No. 1381-95ATPY and No.\u202f3716-8UZMCU, requested by Triton Water Canada Holdings Inc.\nCommercial bottled water is unnecessary, irresponsible, and wasteful. Groundwater resources are finite and vulnerable. Droughts, climate change, and over-extraction continue to impact our limited water sources.\nWater is a human need, a commons, and a public trust \u2014 to be shared, protected, and carefully managed by all who live around it.\nWater must not be treated as a commodity and sold to the highest bidders.\nIt is time to stop handing out permits that allow the extraction and sale of vulnerable groundwater.\nSince 2016, there has been a 25% decline in water taken from the Puslinch well under permit 1381-95ATPY. It is time to phase out bottled water permits in Ontario and it should start with a five-year phaseout of the permit for Triton\u2019s Puslinch well.\nThere is no reason whatsoever to renew permit No.\u202f3716-8UZMCU for Triton\u2019s Erin well, which only used 6% of the permit capacity last year. This application should be rejected entirely. It would be especially irresponsible to renew the permit for an unprecedented ten years.\nSincerely,\nFiona\n"
    },
    "56067": {
        "url": "/comment/56067",
        "comment": "Companies that sell bottled water are growing very rich.  They don\u2019t pay for the water,  put it in bottles and charge anywhere $1.00 to $3.00 per bottle.  Those bottles end up in our water on our beaches and we have to pay to clean up.  We have to do away with these bottles and the obscene amount of money the thieves are stealing.\n"
    },
    "56072": {
        "url": "/comment/56072",
        "comment": "Clean drinking water is a limited resource which many Indigenous people haven't had access to for far too long.  We can't afford to give it away to corporate profits.  No one wants this to happen except for those that will reap those profits.  And  once done, it can't be fixed.  Don't let it happen on your watch.\n"
    },
    "56073": {
        "url": "/comment/56073",
        "comment": "I am firmly opposed to permitting any company to bottle water from Indigenous lands without full support of the Indigenous people. Many Indigenous people in Ontario still do not have clean drinking water. Do not allow companies to come in and steal their water. How about a quid pro quo? Provide clean water in exchange for taking water? I\u2019m not talking about giving indigenous people bottled water. Provide and support water treatment equipment in exchange.\nObviously the cost of treatment plants are high. Government should step in and fix this problem.\nThank you for taking the time to read this.\nPlease help the fellow citizens of this land and country.\nSincerely,\nConcerned citizen\nName withheld to allow you to publish this message.\n"
    },
    "56078": {
        "url": "/comment/56078",
        "comment": "Water is a common, essential good. It should NOT be sold to a company for bottling and profit. Tap water is practically free and well monitored for safety. Each disposable plastic bottle consumes a third of its internal volume in oil.\nNot only is depleting public aquifers endangering water availability for Ontarians, but the marketing and selling of bottled water, a useless product, is dangerous to\n1. the climate ( green house emissionsvfrom fossil fuels),\n2. the local environment (litter)\n3. any organisms (that includes humans) that may ingest the microplastics resulting from the fragmentation of the bottles or the persistent chemicals that can leach into thevwater from the plastic bottle.\nI urge you to DENY the permit to exctract water\n"
    }
}