{
    "56643": {
        "url": "/comment/56643",
        "comment": "Nestle is allowed to take 3.6 million litres a day from its Aberfoyle plant, to bottle that into single use plastic bottled beverages that pollute our environment. It is time to get serious about ending single use plastics. It is time to end Nestle's permit to take out water. Retrain and rehire the work force and kick out the giant polluting water thief. Guelph tap water tastes just fine to me.\n"
    },
    "56644": {
        "url": "/comment/56644",
        "comment": "TO BlueTriton,\nI strongly object to your take-over of former Nestle water extraction agreements in Ontario, my province.\nClean water is the right of all residents and visitors to our province and should not be sold or extracted for profit over the assessed needs - current and future - of the these residents.\nNestle has muddied its name for decades, beginning with the exploitation of infants and mothers by the global promotion of formula over breastfeeding, causing countless deaths and illnesses in communities without fresh, clean water. It then grabbed that clean water globally, privatizing it against public needs and rights, then bottling it in plastic that is now littering our earth and water, and always profiting from a well-predicted crisis in water scarcity.\nThese will soon be judged as criminal crimes against humanity. Think this is an exaggeration? Count the dead and injured first.\nYou want to be part of this? BlueTriton now = Nestle. That will soon be your legacy.\nI call on the Ontario government and all affected municipal governments and all residents to protest this egregious assault on our natural resources, the property of all of us, not of private corporate greed.\nSincerely,\n"
    },
    "56648": {
        "url": "/comment/56648",
        "comment": "This is unbeleivable, we just celebrated the fact that Nestle is no longer going to be stealing fresh water and selling it at a profit, along with millions of plastic bottles that are adding to the billions of tons of plastics in all forms that are polluting the earth, and along comes BlueTriton trying to get a permit to start the process all over again.\nWe can't just roll over and let it drain our water for its profit. We must speak out and beseech the Environmental Registry of Ontario\u2019s to deny the permit once and for all before the consultation closes on June 22nd. We must end this water grab once and for all.\nThe Haudenosaunee Confederacy Council issued a cease-and-desist order two years ago to stop Nestl\u00e9 from taking the water. By requesting the permit and making plans to continue the water grab, BlueTriton is ignoring Indigenous sovereignty. Just like Nestl\u00e9 did.\nSo while dozens of First Nations communities across Canada have not had access to safe drinking water for at least a year, BlueTriton is pumping clean water from Indigenous lands and bottling it for profit.\nBlueTriton is betting that the increasing scarcity of clean water will make its investors rich. It\u2019s clear that the corporation values profits over people. And that is why this \u201cnew Nestl\u00e9\u201d must be stopped.\n"
    },
    "56654": {
        "url": "/comment/56654",
        "comment": "Enough is enough. There\u2019s so many indigenous reservations that don\u2019t even have clean water themselves to drink/bathe/cook etc. It\u2019s ridiculous. It\u2019s outrageous. Instead of the government selling the water ( which just causes more pollution, why don\u2019t you put money into fixing their water systems. That would be the RIGHT thing to do.\n"
    },
    "56655": {
        "url": "/comment/56655",
        "comment": "Do not approve the 10 year renewal permit for Blue Triton to take Ontario water and bottle it for profit.\nThe Haudenosaunee Confederacy Council issued a cease-and-desist order two years ago to stop Nestl\u00e9 from taking the water. By requesting the permit and making plans to continue the water grab, BlueTriton is ignoring Indigenous sovereignty. Just like Nestl\u00e9 did.\nSo while dozens of First Nations communities across Canada have not had access to safe drinking water for at least a year, BlueTriton is pumping clean water from Indigenous lands and bottling it for profit.\n"
    },
    "56657": {
        "url": "/comment/56657",
        "comment": "When are we going to stop giving away our water to greedy corporations rather than keep it in the domain of fellow Canadians? While dozens of First Nations communities across Canada have not had access to safe drinking water for at least a year, BlueTriton is pumping clean water from Indigenous lands and bottling it for profit. BlueTriton is trying to get rich and make its investors rich by encouraging scarcity of fresh water. It\u2019s clear that the corporation values profits over people, and the Ontario government seems to be condoning this. Please stop commodifying the basics of human life and keep BlueTriton out of Ontario.\n"
    },
    "56658": {
        "url": "/comment/56658",
        "comment": "I  am writing as the co-founder of Project FoodChain, a registered Ontario not-for-profit, created to alleviate the pandemic food and water crisis impacting Toronto citizens experiencing homelessness.\nWe wholeheartedly support the renewal of the Triton Water Canada Holdings Inc. permit to take water. Since their launch in Canada, they have been an integral community supporter, donating close to 200,000 bottles of water for 43 Toronto agencies that serve people experiencing homelessness.  They have further committed to donating another 270,000 bottles over the summer months. This large-scale, ongoing water donation is literally saving lives during this pandemic, as unhoused people have been unintentionally cut off from public water supplies due to necessary city closures.\nWe cannot thank BlueTriton Canada enough for their support and kindness in a time of extreme difficulty and expect that they will continue to contribute to the community in the future.\n"
    },
    "56662": {
        "url": "/comment/56662",
        "comment": "ERO needs to practice what it stands for and deny Blue Triton permit to take water from First Nations!\nwhat hypocrisy of blatantly taking water while First Nations do not all have clean water for their use. Canadians should see through this monopoly of bottling water ; a natural resource that should be available free through the tap when we are paying water rates! To top it all is not good for environment  having to deal with all the empty plastic bottles piling up.\n"
    },
    "56663": {
        "url": "/comment/56663",
        "comment": "It is time that our water resources help our own Canadian people first, especially with all the Indigenous people having to boil water. Water should never have been a commodity to be sold for profit. I realize that there are drought problems in North America but stealing from one country to sell back to the countries shouldn\u2019t be allowed only to make a profit. Greed in the world is rampant now.\n"
    },
    "56665": {
        "url": "/comment/56665",
        "comment": "I demand  that the Environmental Registry of Ontario deny BlueTriton\u2019s permit now.\nThese actions are no better than Nestl\u00e9\u2019s approach on acquiring our water for practically nothing and making huge profits for themselves.\n  Give these indigenous  nation a break. Blue Triton is not welcome in Ontario.\nSumOfUs members have gone head to head with Nestl\u00e9 all over the world and won.\n"
    }
}