{
    "57460": {
        "url": "/comment/57460",
        "comment": "We should end the practice of offering permits to privately owned companies which profit from our water resources. Bottled water companies in particular cause tremendous damage to the environment by draining aquifers and creating mountains of plastic waste. We should impose a moratorium on bottled water.\n"
    },
    "57462": {
        "url": "/comment/57462",
        "comment": "Blue Triton & Nestl\u00e9 are not stealing from Indigenous land, BUT from nature, against all Natural Law for profit...while people suffer lack of clean, safe drinking water. Those who honour & guard this earth as sacred must continue to do so with countrywide & worldwide support. This is not to be construed as a fake climate change/sustainability/depopulation statement, it is about protection of sacred earth. Chemical & plastic manufacturing must be halted as well & methods to recycle/repurpose implemented. Earth is NOT overpopulated, there IS enough for everyone, and humanity is NOT a plague upon this earth. We simply need to tidy up our mess & honour sacred earth/sky.\n"
    },
    "57472": {
        "url": "/comment/57472",
        "comment": "Moving to a greener planet, disposable plastic water bottles, that are much less recyclable than their producers would like us to think,  need to be a thing of the past. Not only is Nestle's move to make millions off public resources, unethical purely from a water security point of view, it is unethical from a plastics point of view.  You must stop their devious plan, via Blue Triton, to continue their unethical, unsustainable practices.\nThank you\nConcerned citizen of Ontario\n"
    },
    "57482": {
        "url": "/comment/57482",
        "comment": "Drawing on fresh water aquifers for the purposes of bottling that water is akin to theft, regardless of what community it happens in.  Moreover, bottled water is completely unnecessary in most circumstances, and the practice of bottling water has enormous, negative environmental impacts.\nAs well, if Ontario is serious about reducing its pollution, particularly with respect to plastic waste, then permits to extract and bottle fresh water should NOT be renewed under any circumstances.\n"
    },
    "57486": {
        "url": "/comment/57486",
        "comment": "It is time to stop commercial water-bottling companies from robbing communities and natural environments of their fresh water sources. There is more than adequate evidence that bottled water is NOT SAFER than municipal water sources. In addition, the water pollution caused by the bottles themselves has been shown to be beyond the current controls in our country or others (hence the great Pacific Garbage Patch, among other visible pollution zones). Further, it is appalling that while Indigenous communities STILL do not have fresh water, bottling companies are seeking permits to further remove the available water.\n"
    },
    "57489": {
        "url": "/comment/57489",
        "comment": "No way... NO BLOODY WAY!!  This water is needed HERE, locally for local residents, for local crops, for local flora and fauna. It is sacred and a gift to be cherished. It is not to be sold and commodified, and doing so is obscene.\nIt is not \"waste\" to leave this water in the ground. It is doing important work there. It cleanses and purifies and heals. It quenches and by doing so, we do not have extreme drought. This benefits the entire region in ways that are economically priceless. If it is mined and taken for profit, those profits will NOT benefit the region. The small amount of taxes and fees brought in will NOT offset the expenses that will come in the future, and those who do profit, will take their money and run. They will leave this region depleted and deeply harmed and they will NOT contribute to the repairs that WILL be needed. They will NOT CARE.\nThis is wrong on so many levels.\nNO NO NO NO NO NO NO!!!\nDO NOT approve this.\nWater is life... Mni Wiconi...\nLeave it to do the important work it was put here to do for the benefit of all equally.\n"
    },
    "57502": {
        "url": "/comment/57502",
        "comment": "Hello,\nI want the Environmental Registry of Ontario deny Triton Water\u2019s permit now.\nThe Haudenosaunee Confederacy Council issued a cease-and-desist order two years ago to stop Nestl\u00e9 from taking the water. By requesting the permit and making plans to continue the water grab, Triton Waters is ignoring Indigenous sovereignty. Just like Nestl\u00e9 did.\nSo while dozens of First Nations communities across Canada have not had access to safe drinking water for at least a year, Triton Waters is pumping clean water from Indigenous lands and bottling it for profit.\nTriton Waters is betting that the increasing scarcity of clean water will make its investors rich. It\u2019s clear that the corporation values profits over people. And that is why this \u201cnew Nestl\u00e9\u201d must be stopped.\nDemand that the Environmental Registry of Ontario deny Tritan Water\u2019s permit now.\nSumOfUs members have gone head to head with Nestl\u00e9 all over the world and won.\n#waterislife\n#Canada\n#Ontario\n"
    },
    "57505": {
        "url": "/comment/57505",
        "comment": "In light of the changing climate, the uncertainty of future precipitation patterns, and the subsequent changes to aquifer/groundwater recharge rates a 10 year time line for this water taking project is irresponsible at best. If approved this proposal could leave the people of Ontario with adequate local drinking water supply and have devastating impacts on both the natural and agricultural landscapes.\n"
    },
    "57507": {
        "url": "/comment/57507",
        "comment": "The Environmental Registry of Ontario needs to deny BlueTrition\u2019s permit to steal water from Indigenous lands here on Turtle Island. The Haudenosaunee Confederacy Council issued a cease-and-desist order two years ago to stop Nestl\u00e9 from taking the water.Canada needs to commit to the TRC and respect Indigenous sovereignty.\n"
    }
}