{
    "56426": {
        "url": "/comment/56426",
        "comment": "How much longer is this company under whatever name it is today going to be allowed to take water? First of all doesn't respect the environment. The original company ceo once said water was not a right for people to have.\nThey pay basically nothing for what water they take and make a ton of money on it.\nIf any single use plastic bottle needed to be banned it would be the water bottles produced by this company alone.\n"
    },
    "56431": {
        "url": "/comment/56431",
        "comment": "Blue Triton has just applied for a 10-year renewal of Nestl\u00e9\u2019s permit to take water out of Ontario for bottling. And because Blue Triton isn\u2019t a household name yet, this \u201cnew Nestl\u00e9\u201d is betting that there won\u2019t be any public resistance to securing its permit.  It is absolutely imperative that the  Environmental Registry of Ontario deny Blue Triton's permit now so that Blue Triton does not profit from taking\nwater from Ontario's waters.\n"
    },
    "56432": {
        "url": "/comment/56432",
        "comment": "Water is reflective. Water is our Image. Water is Scared. Water tells us who we are. We are water. It is not for sale. . Keep it that way!!!!!\nThe Earth never offered man water as a gift\nWater was part of her\nIt is her blood\nHer moving force\nAnd in this , she said\nYou will see your greed\nYour mistakes\nYour Image\nBut few will see me.            Poem by Michael Robinson   The Earth and the Dancing Man  Thanks Michael\n"
    },
    "56437": {
        "url": "/comment/56437",
        "comment": "Water is a fundamental resource and right. Not a commodity. We've been through this wiith Nestle, it's gross.  Why should Ontario give water away to a company for almost nothing so it can sell it back to the public at 1000% maek up in single use plastic bottles?  As a resident and tax payer, I say no way!\n"
    },
    "56440": {
        "url": "/comment/56440",
        "comment": "Do not extend the permit to Triton Water Canada. Stop the steal of a vital public resource and reduce plastic pollution at the same time. We do not need more plastic bottles in our landfills, lakes and oceans.  What we need is access to safe tap water for all Ontarians, including First Nations communities. Selling our water for pennies to mega corporations is not the way to protect us all and our future generations. Water is becoming scarce due to climate change, we need to protect this vital resource and save it from exploitation.\n"
    },
    "56441": {
        "url": "/comment/56441",
        "comment": "This is unacceptable! As an ally to the indigenous community. It is unacceptable to allow nestle to steal water while indigenous community do not have free clean water. This is beyond inhumane and allowing colonization to repeat once again. We don\u2019t need another Speech from the prime minister\u2026 we need action!! Stop the lies! And actually provide clean drinking water. Nestle doesn\u2019t need to steal anymore water! Especially since the water tastes gross and salty. I don\u2019t know how they clean that water or what\u2019s in the bottle but it\u2019s not working. A lot of people actually cancelled nestle products due to this outrageous information\n"
    },
    "56448": {
        "url": "/comment/56448",
        "comment": "It\u2019s not just the indigenous people that are being hurt by this, it\u2019s all of us.\nJust start with all the plastic needed to bottle that water. Move on to climate change, & taking the water is even a bigger problem.\nThe US is already suffering drought situations in lots of places.\nThere will come a time when water will become a scarcity.\nOur government should have a plan in place to get water to those that don\u2019t have it. Why aren\u2019t the companies that caused the pollution, cleaning it up?\nWater is not a luxury, it is a necessity.\n"
    },
    "56451": {
        "url": "/comment/56451",
        "comment": "Fresh water is a need , a want , a right of every human being on God\u2019s green earth. Why one company such as Nestle feels they can overpower human rights to take fresh water and bottle it is extremely sad. This just puts more emphasis on the almighty dollar then on human lives.\nFresh water is essential to life- do not take this away and make people pay for their own water\n. Do not let this happen !\n"
    }
}