{
    "55551": {
        "url": "/comment/55551",
        "comment": "Free and public access to clean drinking water is an unviolable human right. It is not for the profit of corporations, including Triton Waters or Nestle or any other. Canada and countries around the world will fight any attempt to limit access.\n"
    },
    "55554": {
        "url": "/comment/55554",
        "comment": "With the uncertainty of climate change looming large in Canada, we know that its impact on our water supply could be dire.  It would be imprudent to enter into a ten year contract with Triton, because communities come first!  Consider a year to year agreement with Triton, which would err on the side of caution as well as send a message, \"like it or leave it.\" They do not call the shots in our Ontario.\n"
    },
    "55560": {
        "url": "/comment/55560",
        "comment": "Water should be a human right and not sold off to any company. For years Nestl\u00e9 stole water and I say stole, because much of the time, they were not even abiding by even the loose rules that were to govern them. Did we learn nothing? Please, do not make the same mistakes with this new company. Communities are struggling to have water. Do not add to their problems by giving it away.\nSpeaking of giving, the price they pay is practically nothing, then they turn around and jack up the price, inflated in an obscene amount and sell it back to us or to export it to other areas. This is crazy. Water is becoming a scarce commodity and yet it should not even be a commodity.  Have some decency, some respect and some compassion to the hardships this would bring to any community who is saddled with this water taker. Be better than before and keep water for the community, not stolen by Triton.\n"
    },
    "55565": {
        "url": "/comment/55565",
        "comment": "I strongly oppose this PTTW for the same reasons I opposed bottling by Nestl\u00e9 Waters Canada.\nFirst, water is a public good and should be held in public stewardship, not be for sale as a commodity. Second, water is taken without the consent of First Nations and despite a cease-and-desist order issued two years ago (June 7, 2019) by the Haudenosaunee Confederacy Council, the traditional leadership of Six Nations on the Grand, Nestl\u00e9/BlueTriton continue to ignore Indigenous sovereignty.\nThe bottling plant in Aberfoyle will continue to package water in single use plastic bottles -- millions of them every day \u2013 half of which result in litter or end up in a landfill. Single use plastic has a heavy carbon footprint in its life-cycle from production to distribution, and breaks down into microplastics, a growing threat to wildlife and human health.\nIn addition, Triton Waters entry into Ontario is part of a global trend of investors betting that the increasing scarcity of water (projected to worsen as climate crisis deepens) will make them rich.\nWATER IS FOR LIFE - NOT FOR PROFIT!!\n"
    },
    "55566": {
        "url": "/comment/55566",
        "comment": "When will the government stop\nresource stealing from indigenous people? The hypocrisy of this government is monumental on environmental and indigenous rights and sovereignty issues. The stain of genocide and its scope in Canada is one that bears the hallmarks of atrocity on a grand scale. Pandering to corporate inroads on indigenous land to ensure political status and funding for maintaining power is dispicable and is the continuation of systemic racism and neocolonization by this government. Water is a precious resource and belongs to people not corporations and government bureaucratic  pocketbooks.\n"
    },
    "55568": {
        "url": "/comment/55568",
        "comment": "Private corporations like Triton, Nestle, or any other have no place bottling and selling water in Canada. In a country that still cannot provide clean, safe drinking water to Indigenous communities, this permit proposal is a disgrace. It violates Indigenous sovereignty of the land, extracts a vital resource needed by the local environment (including human residents) and adds to the disastrous plastic pollution problem!\n"
    },
    "55569": {
        "url": "/comment/55569",
        "comment": "Our water is precious and communities deserve to have access to clean drinking water and shouldn\u2019t have to fight wealthy corporations for that access. Companies should not be able to come in to communities to bottle our water for ridiculous profit. Water is for the people and should remain as such.\nPlease deny this permit application and any similar ones that are put forward in the future.\n"
    },
    "55578": {
        "url": "/comment/55578",
        "comment": "The Haudenosaunee Confederacy Council issued a cease-and-desist order two years ago to stop Nestl\u00e9 from taking the water. By requesting the permit and making plans to continue the water grab, Triton Waters is ignoring Indigenous sovereignty. Just like Nestl\u00e9 did.\nSo while dozens of First Nations communities across Canada have not had access to safe drinking water for at least a year, Triton Waters is pumping clean water from Indigenous lands and bottling it for profit.\nIt\u2019s clear that the corporation values profits over people.\nDo not approve this unjust and short-sighted permit.\nWe must do better. Not later, another time, but now.\n"
    }
}