{
    "56199": {
        "url": "/comment/56199",
        "comment": "What the heck is wrong with us? When did we get the idea that water in a plastic bottle was a good idea? Where do people who buy it think the water comes from? Do they think that we can't run out of water on this planet?\nThere are ways to improve our water supply. We have the technology to do it. Our government sends out to other countries a moble water purification  system to help places that have been devastated by hurricane, floods, tornadoes,  earth quakes and other   disasters where water is compromised.\nPeople can purchase a reusable water bottle and fill it. It cost less in the long run. And people who are steeling water and profiting from it. We the consumer does not get any of the profit but we do contribute to Nestles profit with every bottle we purchase.\nThere are situations that bottled water is needed. But that is hopefully short term. Indigenous peoples have every right to say NO to these companies. Many Indigenous people don't have access to clean water and they are in need of their own purification system. I wonder if a big conglomerate would step up to the plate and help get a long term solution for these reserves. And provide these people with some of the water they bottle free of charge until either they provide a purification system and get it up and running.\nI wouldn't hold my breath on that.\nThey steel our natural resource and give us pollution in the form of plastic bottles.\nMoney, money, money that's all Nestles and other companies like them think of.\nIt is a sad world we live in and it would be even sadder if we let Companies like Nestles take our water for profit and pollution.\n"
    },
    "56205": {
        "url": "/comment/56205",
        "comment": "I think it is despicable that in the face of a current and future water crisis, the Government of Ontario is even considering giving Triton access to our finite water resources. Billions of people already live in water scarcity, and 50% of the world population is set to be suffering from water scarcity by 2025. This is appalling. Do NOT allow Triton to deplete our groundwater resources and doom future generations.\n"
    },
    "56209": {
        "url": "/comment/56209",
        "comment": "BlueTriton has submitted an unethical application for water rights. The government of Ontario needs to deny this application immediately.\nThe Haudenosaunee Confederacy Council issued a cease-and-desist order two years ago to stop Nestl\u00e9 from taking the same water. By requesting the permit and making plans to continue extraction, BlueTriton is ignoring Indigenous sovereignty and is compromising local water resources just like Nestl\u00e9 did. There is no excuse and no justification. BlueTriton's application must be rejected.\nThank you.\n"
    },
    "56210": {
        "url": "/comment/56210",
        "comment": "Stop the \"new\" Nestle - Triton Water Taking - Issue NO  water taking permits for corporate profits.\nIf we need to bottle water, make it a crown corporation - not-for-profit.\nI have no problem with taking water for indigenous communities with boil water advisories.\nI am appalled that corporations choose to make money on water which is a human right (an essential) and not a commodity to be bought and sold at what the market will bear prices.\n"
    },
    "56211": {
        "url": "/comment/56211",
        "comment": "Nestl\u00e9 is a multi-national company that has been paying very little for water both from municipal and well water systems for years. the water rights having been given it by governments is not only unfair to those concerned but borders on being immoral in many respects. Not to mention adding to the proliferation of ever burgeoning plastic waste in our natural environment. These companies have too much power influencing local, provincial, and federal governments. The abuse of natural indigenous water right must be preserved, this exploitation must stop!\n"
    },
    "56215": {
        "url": "/comment/56215",
        "comment": "Water is essential to life - for everyone, not just for those who can afford to buy it at the incredible mark up charged by water bottlers. Please do not allow Blue Triton to profit from water from Canada , especially not pure water from Indigenous lands. For years now, indigenous peoples have not been able to be assured of safe drinking water, suffering continual boil water orders while commercial water bottlers have taken pure water from their lands for profit for themselves. It's inequitable and unjust.\n"
    },
    "56216": {
        "url": "/comment/56216",
        "comment": "NESTLE SHOULD FULLY  UNDERSTAND BY NOW AND THAT THE CITIZENS OF ONTARIO DO NOT WANT TO SELL OUR WATER ANY MORE TO A COMPANY WHICH CONTINUES TO ABUSE THE ENVIRONMENT BY BOTTLING AND SELLING OUR WATER IN PLASTIC.\nIN FACT,  WE DO NOT WANT TO SELL OUR VALUABLE WATER TO ANY ONE OR ANY COMPANY ESPECIALLY NESTLE WHO ARE POOR CORPORATE CITIZENS \u2014- FULL STOP. ENOUGH IS ENOUGH THANK YOU!\n"
    }
}