{
    "56222": {
        "url": "/comment/56222",
        "comment": "Blue triton needs to not exploit our water supply the way that Nestl\u00e9 has. We have been victims of water theft from Nestl\u00e9 for a number of years which totally violates our indigenous peoples rights and makes water profitable to those investors.\nWe need to make these companies accountable and not allow our water to be sold for profit!\n"
    },
    "56226": {
        "url": "/comment/56226",
        "comment": "With widespread drought across many areas of North America, water becomes less of a commodity and more of a public resource to be managed for everyone.\nIn Ontario, continued development in rural areas is increasing local demand for water, reducing the size of, and increasing pressure on, the aquifers we tap into to obtain much of it. It's important that we not risk limiting our ability to provide fresh, potable water to our growing population by licensing firms to draw water and effectively export it to other areas. This increases the potential for water to be drawn from aquifers faster than natural ground filtering can replace it.\nFrom an environmental perspective, packaging for this water adds tremendously to the waste, even when recyclable, that ends up in landfills, and may also contribute to the growing problem of microplastics entering the food chain.\nFor these reasons, I do not support the issuing of any further permits to draw water by commercial, for profit, entities, such as Triton Water Holdings Inc.\n"
    },
    "56228": {
        "url": "/comment/56228",
        "comment": "Ontario water is a resource that needs to remain in Canada for this country\u2019s residents.\nBottled water companies have devastated fresh water reserves in other countries and never should our most treasured natural resource be shipped out of our country by mega companies like Nestlie.\nStop this now and leave the fresh water here where it belongs for the generations to come of our Canadian children.\n"
    },
    "56230": {
        "url": "/comment/56230",
        "comment": "Please do not grant this permit. While under a different name, we can no longer afford for Nestle or other companies to continue pumping water and selling for a profit. True reconciliation with Indigenous communities has never been more important and I don\u2019t understand how we can allow a corporation to pump out safe drinking water on Indigenous lands while so many First Nations do not have access. Reject this permit please.\n"
    },
    "56232": {
        "url": "/comment/56232",
        "comment": "I believe and hope the permit for Blue Triton be denied. Why is our government not standing up for our First Nations  community and their need for safe, clean drinking water ?  It should not be profit over human beings. We have seen our governments track matter thus far regarding our Indigenous people. I believe it's time for this government to stand for our people and represent what Canadians our asking for. Most Sincerely.\n"
    },
    "56233": {
        "url": "/comment/56233",
        "comment": "At a time when many are predicting that water will soon be the most precious commodity on this planet called Earth, it is absolutely unthinkable that the Government of Ontario would possibly consider giving  access to Blue Triton to take our drinking water for their own profit. The entire concept of putting water into single serve plastic bottles should be banned.  Ontarians do not want our water given away to big corporations at pennies and then sold back to us for double and triple the price. Do not allow this company to have access to our water - a resource that must be protected now more than ever.\n"
    },
    "56234": {
        "url": "/comment/56234",
        "comment": "It is appalling that  any consideration is being given to selling Ontario\u2019s water to commercial interests. Fresh water should belong to all of us, and it should not be up to government entities to unilaterally sell it especially at the laughably low price usually offered, to companies who make outrageous profits on it. Not to mention that this industry is filling up our landfill with single-use plastic bottles.\nSince dozens of First Nations communities across Canada have not had access to safe drinking water for years, if not decades, it is unconscionable for BlueTriton or any other industry to be allowed to pump clean water from Indigenous or municipal lands and bottle it for profit.\nThese companies aren\u2019t in the bottled water business, they\u2019re in the plastic bottle business.\nMary VanBuskirk\nMaryvb47@gmail.com\n"
    },
    "56238": {
        "url": "/comment/56238",
        "comment": "I am against granting this permit. Bottling water in single use plastic is extremely environmentally irresponsible, and should be banned. The people of Ontario will eventually pay the price of dealing with the garbage, litter, and microplastics generated if it grants this permit. This level of water extraction itself is environmentally dangerous, and should not be permitted at all.\n"
    },
    "56241": {
        "url": "/comment/56241",
        "comment": "I am strongly opposed to this successor company of Nestl\u00e9's obtaining this permit.\nTwo years ago, the Haudenosaunee Confederacy Council issued a cease-and-desist order to stop Nestl\u00e9 from taking water. By requesting the permit and making plans to continue the water grab, Triton Water Canada Holdings Inc. is ignoring Indigenous sovereignty.\nTaking groundwater for the purpose of bottling is a bad practice anyway, wasteful of this precious resource.\n"
    }
}