{
    "55681": {
        "url": "/comment/55681",
        "comment": "The Haudenosaunee Confederacy Council issued a cease-and-desist order two years ago to stop Nestl\u00e9 from taking the water. By requesting the permit and making plans to continue the water grab, BlueTriton is ignoring Indigenous sovereignty. Just like Nestl\u00e9 did.\nSo while dozens of First Nations communities across Canada have not had access to safe drinking water for at least a year, BlueTriton is pumping clean water from Indigenous lands and bottling it for profit.\nBlueTriton is betting that the increasing scarcity of clean water will make its investors rich. It\u2019s clear that the corporation values profits over people. And that is why this \u201cnew Nestl\u00e9\u201d must be stopped.\n"
    },
    "55683": {
        "url": "/comment/55683",
        "comment": "No more renewed bottling contracts. No nestle, no bluetriton. We dont need this garbage taking our resources.\nThe Haudenosaunee Confederacy Council issued a cease-and-desist order two years ago to stop Nestl\u00e9 from taking the water. By requesting the permit and making plans to continue the water grab, BlueTriton is ignoring Indigenous sovereignty. Just like Nestl\u00e9 did.\nSo while dozens of First Nations communities across Canada have not had access to safe drinking water for at least a year, BlueTriton is pumping clean water from Indigenous lands and bottling it for profit.\nBlueTriton is betting that the increasing scarcity of clean water will make its investors rich. It\u2019s clear that the corporation values profits over people. And that is why this \u201cnew Nestl\u00e9\u201d must be stopped.\n"
    }
}