{
    "72398": {
        "url": "/comment/72398",
        "comment": "I disagree with this entire proposal. There are better ways to support more homes for people without hurting the environment. I don't understand how scrapping the current system makes sense and I think it has not been well cinsiddered. Don't change the process for wetland reviews or protecting species. Focus your building plans on previously developed areas - like in cities in old neighbourhoods- don't destroy our forests of farms or wetlands please\n"
    },
    "72399": {
        "url": "/comment/72399",
        "comment": "Dear MNRF Public Input Coordinator,\nThe National Farmers Union - Ontario (NFU-O) is responding to ERO 019-6160 to voice our opposition to the proposed changes to the Ontario Wetland Evaluation System (OWES). We believe that the revisions to the OWES threaten a healthy ecology across the province, endangering the thriving natural systems that make growing abundant and nutritious food possible.\nThe NFU-O recognizes that Ontario\u2019s wetlands are complex and interconnected systems that support ecological diversity and create important natural buffers during climate fluctuations. These wetlands connect to water systems on farms (spring\u2013fed ponds, wells, rivers, creeks, and streams) and must remain reliable and non-contaminated for us to feed our growing population.\nWe question the rationale behind the OWES revisions: The NFU-O believes it is unnecessary to remove or undermine wetland designations in order to address the affordable housing crisis. The provisions that are removed under these proposed OWES updates are not \u201cred-tape\u201d in need of cutting; they are crucial to protecting our natural heritage and agricultural lands for future generations.\nThe NFU-O is an accredited farm organization representing thousands of sustainable farmers in Ontario and has advocated for farmers across Ontario since 1969. Members work together to achieve agricultural policies that ensure dignity and income security for farmers while protecting and enhancing rural environments for present and future generations. We have frequently shared our expertise as Ontario farmers to advocate for policies that will offer more, not less, protections to the province\u2019s waterways and wetlands and the biological diversity that resides there.\nThe NFU-O is particularly concerned about the following proposed changes to the OWES:\n\u2022\tPower being stripped from Conservation Authorities (CAs)\nWe are against the revocation of CAs power within the OWES to require permits and oversight of development projects regarding water-taking and their potential interference with rivers, creeks, streams, watercourses, wetlands, flood or erosion control. We see this as part of the larger proposals in Bill 23 to disempower CAs ability to advise municipalities regarding watershed planning decisions. Municipalities do not have the in-house expertise or the financial resources of CAs to adjudicate the value of wetlands or complex ecosystems. We see the stripping of CA power as a way for the Ontario Government to shirk oversight and analysis of the environmental and agricultural impacts of paving over wetlands, and will move us away from green and sustainable urban planning. The checks and balances within the current OWES and the participation of CAs and the MNRF are crucial to responsible development and environmental protection.\n\u2022\t The disallowing of the \u201ccomplexing\u201d of wetlands and the \u201cre-evaluation\u201d of currently-protected wetlands\nBy disallowing the \u201ccomplexing\u201d of wetlands, the updates to the OWES ignore the research that proves that, while small wetlands might not be considered \u201cprovincially significant\u201d on their own, taken together, wetlands play an incredibly important role in naturally sequestering carbon, mitigating floods, and creating rich habitats. We see the disallowance of \u201ccomplexing\u201d as a means to reduce the number of wetlands classified as \u201cprovincially significant\u201d and therefore requiring protection from development.\nThat the changes also allow for single wetland units that were previously evaluated as part of a larger wetland complex to be re-evaluated, re-scored, and re-mapped without a complete re-evaluation of the entire wetland complex is a dangerous move away from legislative protections that take into account that wetlands, no matter their size, do not exist in isolation. Even the smallest wetlands are crucial to neighboring farmers and local communities.\n\u2022\tThe elimination of endangered species criterion\nThe proposed elimination of endangered species criterion (4.1.2.1 and elsewhere) when assessing the need to protect any given wetland is alarming. We know that wetlands are crucial reproductive habitats and homes to many of Ontario\u2019s endangered species. The loss of these endangered species will have ripple effects that have the potential to impact pollinators and other life necessary for the sustainable production of the food we eat.\nIn the face of a rapidly changing climate and uncertain seasonal weather patterns, relaxing protections for complex wetland and waterway systems will have massive impacts on above and below ground waterways and the production potential of nearby agricultural lands. The revisions to the OWES will undermine community resilience to flooding on both agricultural lands and built areas. Removing legislative protections of Ontario's natural areas like the ones proposed will have a decisively negative impact on Ontario's food security.\nThe NFU-O strongly opposes any changes that would result in the loss of any more wetlands in Ontario. Instead, we would support any Government legislation that offered proposals on how to expand existing policies designed to protect our finite wetlands and waterways.\n"
    },
    "72410": {
        "url": "/comment/72410",
        "comment": "NO!  Please, for the love of god, leave the wetlands alone. Please stop building on and destroying land that is crucial to maintaining a healthy balance in our ecosystem and is also, by the way, already inhabited.  The plants and animals and birds and insects that live there have no voice, so we are standing up for them.  They may not contribute to the economy but they serve a vital function in our well-being and our survival on this, rapidly fading planet.\n"
    },
    "72412": {
        "url": "/comment/72412",
        "comment": "Please leave the Wetland Evaluation System just as it is.\nI strongly believe that the protected wetlands must remain intact and protected... the ones that still exist in southern Ontario are invaluable.\nCompensation does not work. The wetlands are in flood plains and that's where they are needed.\nPLEASE PROTECT WETLANDS!\n"
    },
    "72419": {
        "url": "/comment/72419",
        "comment": "OFAH FILE: 346/794\nNovember 22, 2022\nMNRF - PD - Resources Planning and Development Policy Branch\n300 Water Street, 2nd Floor, South Tower Peterborough,\nOntario K9J 3C7\nSubject:  ERO# 019-6160 Proposed Updates to the Ontario Wetland Evaluation System\nThe Ontario Federation of Anglers and Hunters (OFAH) is Ontario\u2019s largest, non-profit, fish and wildlife conservation-based organization, representing 100,000 members, subscribers and supporters, and 725 member clubs. We have reviewed ERO posting 019-6160 Proposed Updates to the Ontario Wetland Evaluation System and offer the following comments for consideration.\nWetlands are an extremely valuable natural resource in Ontario. According to Environment and Climate change Canada, wetlands \u201c\u2026 support a disproportionately high number of species and are often very productive\u201d (2016) as compared to other ecosystem types. Wetlands filter nutrient-rich and polluted waters, protect against flooding and control the dispersal of groundwater, sequester carbon from the atmosphere, and provide vital habitat to a variety of native organisms. Many valued wild game animals, including moose and waterfowl, are reliant on wetlands for food, breeding habitat, security, and more (Merendino, et al. 1995; Tendeng et al, 2016). In fact, many Southern Ontario wetlands, due to their close proximity to the Great Lakes, act as vital stopover habitat for birds migrating along the Mississippi and Atlantic flyways each year (CWS, 2014). In addition to supporting healthy populations of these species, wetlands also provide great opportunities for outdoor recreation in the form of hunting and trapping. While we acknowledge that the Ontario Wetland Evaluation System is in need of revision, we fear the proposed amendments could hinder the effectiveness of the process rather than improve upon it.\nMNRF and Expert Consultation:\nThe Ministry of Natural Resources and Forestry plays a vital role in ensuring that Ontario\u2019s wetlands are appropriately protected, particularly with regard to vulnerable ecosystems. The proposed changes would significantly reduce the involvement that MNRF experts play in the wetland evaluation process, removing requirements from the MNRF to approve wetland boundary changes, locally significant species lists, and OWES evaluations, as a whole, in addition to removing requirements to consult local MNRF experts on unique scenarios and species.\nThis lack of MNRF consultation and oversight will greatly jeopardize the health of our wetlands. Individual wetlands and wetland systems are complex and unique, sometimes requiring more thorough consideration than any one protocol, including the OWES, can provide (MNRF, 2013). MNRF district employees have historically provided important context and details for evaluators to make informed decisions. The proposed changes not only eliminate the MNRF\u2019s role in almost all such cases, but they also endeavor to place almost all the responsibility on wetland evaluators and \u201clocal decision makers\u201d such as municipalities. Many municipalities don\u2019t have the expertise or experience in wetland evaluation, thereby creating a less robust and potentially bias-friendly process.  The OFAH strongly recommends the MNRF maintain its role as a valuable source of input and a key decision maker with respect to wetland protection and the wetland evaluation process.\nWetland Complexes:\nThe OFAH is gravely concerned about the proposed elimination of \u201cwetland complexes\u201d from the OWES. The concept of wetland complexes, which may be defined as a grouping of wetlands with such a topography, closeness, and density that delineation into individually recognized wetlands, would not be ecologically or functionally sound (MNRF, 2013), have been a key component to the protection of closely linked wetlands in the past. If this concept is eliminated from the wetland evaluation process, innumerable (likely smaller) wetlands will no longer meet the requirements for protection. These unique ecological features are an important source of biological and ecological diversity, often representing the different wetland types that exist within a region, in addition to providing population connectivity for many vulnerable terrestrial and aquatic species (Roe & Georges, 2007; Petranka et al. 2007).\nAlthough the proposed changes allude to the treatment of multiple \u201cclose\u201d wetlands as a single unit in some cases, no elaboration or guidance is provided in the consultation documents. The OFAH strongly recommends that the MNRF create a new section for the purposes of outlining how and when multiple wetlands may be combined as a single unit and to ensure that all wetlands previously designated as \u201ccomplexes\u201d receive appropriate protection.\nOther Sources of Information:\nThe OFAH feels it is unnecessary to remove the lists of resources found on pages 11 and 12 of the Proposed Updates to the Ontario Wetland Evaluation System. These lists serve to improve the quality and consistency of wetland evaluations by providing valuable contacts and resources for information on wetland locations, boundaries, biology, and unique features. Referral to outside expertise and varied sources of information should be encouraged rather than discouraged.\nProperty Access:\nWith the creation of a new \u201cLandowner Notification and Permission\u201d section, it is unclear whether this proposal eliminates an evaluator\u2019s ability to use other sources of information (such as aerial imagery) to complete their evaluations in cases where landowner permission cannot be acquired. Such changes would make it impossible to complete wetland evaluations for many critical wetland systems across the province. The OWES must be adaptable, and the OFAH encourages the MNRF to update their policy to incorporate the use of new technologies such as drones and high-resolution imagery to complete evaluation requirements. We would appreciate clarification on the implications of this proposed amendment and assurance that evaluators can use all the tools at their disposal to complete these important evaluations.\nLow-risk Activities:\nThe OFAH recognizes that some low-risk activities may not require conventional permitting. However, we are concerned about the potential cumulative effects of activities (e.g., well installation) which now have reduced or eliminated permitting requirements, if overutilized. Will the MNRF impose regulations to restrict the number of \u201clow-risk\u201d activities done within a particular space? How will these be enforced? Additionally, the OFAH is concerned about the potential impacts of overflow from offline ponds. Without proper consideration of pond location, this \u201clow-risk\u201d activity could easily become a high-risk for the spread of invasive species in the event of a flood. Will there be measures set in place to prevent this and how will they be enforced?\nEndangered and Threatened Species and Sensitive Habitats:\nThere are over 200 at-risk species in Ontario, most of which are threatened by habitat loss (MECP, 2021). The OFAH has worked tirelessly, investing considerable financial, human and other resources, in the restoration of many extirpated, endangered and threatened species in Ontario, and we are alarmed at the complete elimination of endangered and threatened species as factors for consideration in the wetland evaluation process. Not only have at-risk species been removed from consideration, but so too have breeding, hibernation, staging and moulting, winter cover, and stopover habitats for all native Ontario species. Without these considerations, countless sensitive and ecologically critical wetlands will no longer be protected when, logically, they should receive the most protection. Considering this proposed change, the OFAH feels it is extremely important that the Ministry of Environment, Conservation and Parks (MECP) continue to have an active role in reviewing OWES submissions with a species at-risk lens.\nDespite increasing the role that municipalities play in the process of wetland evaluation (as well as an increased associated cost for municipalities), the proposed changes would remove a municipality\u2019s ability to designate wetlands as \u201clocally important\u201d for ecological, social, and functional reasons, eliminating yet another protection.\nThe implications of these proposed amendments are potentially significant. The OFAH strongly recommends that the MNRF amend the proposed changes to ensure the manual retains its consideration for endangered and threatened species, sensitive and important habitats, connected wetlands, and locally important wetlands.\nProtecting our wetlands is critical to maintaining the health of Ontario\u2019s wild fish and game species, to creating opportunities for outdoor recreation, and to supporting conservation, as a whole.\nThank you for considering our comments. We look forward to continued discussions on how best to balance Ontario\u2019s development needs with the protection of our vital natural heritage.\nYours in Conservation,\nMatthew Robbins\nFish & Wildlife Biologist\nMR/jb\ncc: OFAH Board of Directors\nOFAH Land Use/Access/Trails Advisory Committee\nOFAH Small Game/Migratory Birds/Wetlands Advisory Committee\nAngelo Lombardo, OFAH Executive Director\nMatt DeMille, OFAH Director, Policy & Programs\nMark Ryckman, OFAH Manager,\nPolicy Policy & Programs Staff\nReferences:\nCanadian Wildlife Service. (CWS). 2014. Bird conservation strategy for Region 13: Lower Great Lakes/St. Lawrence Plain boreal hardwood transition. [Online] https://www.canada.ca/en/environment-climatechange/services/migratory-b\u2026 Last accessed November, 2022.\nEnvironment and Climate Change Canada (ECCC). 2016. Canadian Environmental Sustainability Indicators: Extent of Canada's Wetlands [Online]  www.ec.gc.ca/indicateurs-indicators/default.asp?lang=en&n=69E2D25B-1 Last accessed November, 2022. 4 pp.\nMerendino, Todd M., McCullough, Gary B., and North, Norm R. 1995. Wetland Availability and Use by Breeding Waterfowl in Southern Ontario. The Journal of Wildlife Management. Vol. 59, No. 3. 527-532.\nMinistry of Natural Resources and Forestry (MNRF). 2013. Ontario Wetland Evaluation System 3RD edition. Version 3.2 [Online] https://dr6j45jk9xcmk.cloudfront.net/documents/2685/stdprod-103924.pdf Last accessed November, 2022. 1-2 pp.\nMinistry of the Environment, Conservation and Parks (MECP). 2021.  How species at risk are protected. [Online] https://www.ontario.ca/page/how-species-risk-are-protected\nTendeng, Beno\u00eet., Asselin, Hugo., and Imbeau, Louis. 2016. Moose (Alces americanus) habitat suitability in temperate deciduous forests based on Algonquin traditional knowledge and on a habitat suitability index. \u00c9coscience, Vol 23, 77-87.\nRoe, John H. and Georges, Arthur. 2007. Heterogeneous wetland complexes, buffer zones, and travel corridors: Landscape management for freshwater reptiles. Biological Conservation. Vol 135, Issue 1, 67-76.\n"
    },
    "72420": {
        "url": "/comment/72420",
        "comment": "I do not agree with the proposed changes to the OWES.\n\u2022\tDisagree with the removal of wetland complexes from the evaluation system - wetland complexes support species movement across the landscape. Natural habitat in Ontario is fragmented everywhere. Natural linkages are necessary to support Ontario's natural heritage. We need more connection, not less.\n\u2022\tDisagree with the removal of points awarded for Endangered (END) and Threatened (THR) reproductive habitat - the presence of a species at risk should result in greater habitat protection, not less. The fact that threatened and endangered SAR have legal individual and habitat protection is further support to leave the point system to SAR in the OWES.\n\u2022\tDisagree with the removal of points awarded for END and THR migration, feeding or hibernation habitat. Migratory stopover habitat for SAR is very important to support all life stages of the species.\n\u2022\tDisagree with the removal of \"Locally Important Wetlands\" section from evaluation criteria. Some areas of Ontario have so few wetlands it should be embarrassing to this province and the government. Locally important wetlands should receive protection under the OWES to maintain the few wetlands remaining.\n\u2022\tDisagree with the outright removal of Conservation Authority input on general areas within 120m of Provincially Significant Wetlands (PSW) and 30m of all other wetlands. Standardized buffers to wetlands should be consistent across the province. CA's provided this standardization.\nThe aforementioned changes make it harder to obtain or maintain PSW status. With these changes, previously evaluated wetlands can be re-evaluated making it possible to \u201cdemote\u201d wetlands based on new criteria- especially wetland complexes. This is overruling decades of conservation efforts for significant and sensitive natural features that provide habitat for species at risk as well as cultural and environmental enrichment to our society.\nDo not destroy Ontario's natural heritage policies and features to build houses.\nThank you\nMitch\n"
    },
    "72421": {
        "url": "/comment/72421",
        "comment": "I do not agree with the proposed changes to the OWES.\n\u2022    Disagree with the removal of wetland complexes from the evaluation system - wetland complexes support species movement across the landscape. Natural habitat in Ontario is fragmented everywhere. Natural linkages are necessary to support Ontario's natural heritage. We need more connection, not less.\n\u2022    Disagree with the removal of points awarded for Endangered (END) and Threatened (THR) reproductive habitat - the presence of a species at risk should result in greater habitat protection, not less. The fact that threatened and endangered SAR have legal individual and habitat protection is further support to leave the point system to SAR in the OWES.\n\u2022    Disagree with the removal of points awarded for END and THR migration, feeding or hibernation habitat. Migratory stopover habitat for SAR is very important to support all life stages of the species.\n\u2022    Disagree with the removal of \"Locally Important Wetlands\" section from evaluation criteria. Some areas of Ontario have so few wetlands it should be embarrassing to this province and the government. Locally important wetlands should receive protection under the OWES to maintain the few wetlands remaining.\n\u2022    Disagree with the outright removal of Conservation Authority input on general areas within 120m of Provincially Significant Wetlands (PSW) and 30m of all other wetlands. Standardized buffers to wetlands should be consistent across the province. CA's provided this standardization.\nThe aforementioned changes make it harder to obtain or maintain PSW status. With these changes, previously evaluated wetlands can be re-evaluated making it possible to \u201cdemote\u201d wetlands based on new criteria- especially wetland complexes. This is overruling decades of conservation efforts for significant and sensitive natural features that provide habitat for species at risk as well as cultural and environmental enrichment to our society.\nDo not destroy Ontario's natural heritage policies and features to build houses.\nThank you\n"
    },
    "72423": {
        "url": "/comment/72423",
        "comment": "I am strongly against the reclassification of wetlands. This will result in the loss of environmentally Significant wetlands. Preserving our natural environment is a critical priority.\nI believe Ontario should have more affordable housing, but not at the cost of our environment. we should focus on high density housing in developed areas. Currently there are many unused or poorly used spaces in our cities. Provincial regulations should focus instead on corporate landholders\n"
    },
    "72441": {
        "url": "/comment/72441",
        "comment": "The Severn Sound Environmental Association (SSEA) is pleased that the Ministry of Natural Resources and Forestry (MNRF) provides guidance and oversight of wetlands in the province, and we appreciate the opportunity to comment on the Proposed Updates to the Ontario Wetland Evaluation System (OWES).\nThe Severn Sound watershed is in southeastern Georgian Bay. The SSEA is a Joint Municipal Service Board under the Municipal Act, and works closely with eight lower tier municipalities (Midland, Penetanguishene, Tay, Tiny, Springwater, Georgian Bay, Severn and Oro-Medonte) and two upper tier municipalities (County of Simcoe and District of Muskoka) in the Severn Sound area, as well as provincial and federal government agencies and non-government organizations. The SSEA\u2019s mission is ensuring exceptional environmental quality through exemplary stewardship of the Severn Sound area through sound science, collaboration and partnerships. The SSEA collects environmental data and provides expertise to member municipalities, works to keep water clean so it supports healthy terrestrial and aquatic ecosystems, and has been heavily involved in municipal drinking water source protection activities, as well as in conducting wetland evaluations and identifying and documenting natural heritage features for several member municipalities for use in their Official Plan updates. The SSEA is the local Source Protection Authority in the Severn Sound area.\nWe offer the following comments regarding the above noted ERO posting.\n1.\tThere has already been significant loss of wetlands in Ontario. Wetlands \u2013 large and small, provincially significant and non-provincially significant \u2013 are important for a variety of reasons, including but not limited to: providing habitat for common and at-risk species, contributing to native biological diversity, improving water quality and attenuating flooding and contributing to climate resilience. Wetlands are critical natural infrastructure, natural assets on the Ontario landscape, contributing environmentally and economically. Preserving remaining wetlands is important, since it is challenging to fully compensate for all values through offsetting projects, and since there is uncertainty about the effects of climate change on wetlands and some wetland loss from this threat may occur despite gains made elsewhere.\nThe Province previously developed a draft Wetland Conservation Strategy for Ontario 2016-2030 which included strong guiding principles and actions for conservation and protection of wetlands, with three priority actions: improving Ontario\u2019s wetland inventory and mapping, developing policy approaches and tools to prevent the net loss of wetlands in Ontario, and improving guidance for evaluating the significance of wetlands. The SSEA submitted comments on this Strategy which were supportive of its intent and priority actions. Preventing net loss of wetlands and their critical functions locally and broadly on the Ontario landscape remains paramount to a healthy environment and strong economy and a sustainable Ontario.\nThe proposed changes to the OWES, including wetland complexing and scoring, such as removing points for presence of Endangered/Threatened Species At Risk, will result in fewer wetlands meeting criteria as Provincially Significant Wetlands (PSW) and some wetlands currently designated as PSW may lose this designation, which is likely to result in considerable loss, fragmentation or alteration of wetlands as well as their benefits and values to humans and the ecosystem. This would be in direct opposition to the goals, guiding principles and actions for conservation and protection of wetlands previously identified by the Province.\nWe strongly encourage the Province to maintain and further develop policy approaches and tools to prevent the loss of wetlands, strengthen provincial wetland policy including recognizing the importance of non-Provincially Significant Wetlands/ locally significant wetlands and unevaluated wetlands, improve wetland inventory and mapping data to support wetland conservation and restoration, and ensure appropriate land use planning decisions are made regarding wetlands including ensuring adequate terrestrial buffers to these features. In addition, there is a need to ensure that policy approaches and tools that are developed are effectively implemented.\n2.\tOne of the strengths of the OWES is that it was developed by experts including input from the provincial Wetland Evaluation Technical Team and working groups of professionals with specific expertise. It is not clear that the proposed changes were all science-based decisions, with conservation of wetlands as the priority. For example, there is no scientific rationale provided for the proposed changes to wetland complexing or removal of scoring for Endangered/Threatened Species At Risk (SAR). The current OWES acknowledges that wetlands located within 750 m of one another can be ecologically and hydrologically linked and as a whole be important for wildlife; the importance and connectivity of these wetland complexes would be diminished under proposed changes. Numerous SAR rely on wetlands or wetland complexes for part or all of their life cycle, and the presence of Endangered or Threatened species is often a key factor in determining significance of wetlands - it is impossible to protect species without protecting the habitat they rely on.\nThe SSEA urges the Province to retain current complexing rules and scoring for Endangered/ Threatened Species At Risk in the OWES, and not implement the proposed changes to the applicable sections.\n3.\tUnder the current OWES, municipalities and other agencies have had access to Provincial expertise such as MNRF biologists and staff with significant experience in wetlands and habitat, and with protection and conservation of wetlands as a focus. This has been a valuable asset for municipalities that do not have this expertise, for example in determining on-the-ground limits of PSW that need to be protected from site alteration and development in accordance with provincial policy.\nWith the proposed changes, the Province would no longer be responsible for oversight of wetland evaluations, including designating their significance and boundaries or ensuring that information about wetland significance is publicly available. The onus would shift to local decision makers, including municipalities, who may not have appropriate expertise, resulting in greater financial burden for accessing external expertise, and/or the risk that decisions may be made that are not consistent with protection of wetlands. It is unclear if there is any appeals process for wetland evaluations, or who the final authority would be in the event of a dispute about a wetland\u2019s significance or on-the-ground extent and boundaries.\nThe SSEA is of the opinion that the Province should maintain expertise in wetlands and oversight of the OWES, including designating wetland significance and boundaries; continued investment into MNRF is needed to ensure strong leadership in wetland conservation and adequate funding and resources for successful implementation.\n4.\tSome municipalities have progressive policies to protect all wetlands, regardless of significance. The proposed changes to the OWES removes the section on Locally Important Wetlands which currently includes the text \u201call wetlands have value, both to society and intrinsically\u201d and \u201cMunicipalities may determine that some of these \u2018other\u2019 wetlands are significant on a local scale and may decide to protect them\u201d.\nRemoval of this section of the OWES weakens the recognition that non-PSW have value, and there may be little incentive or support for municipalities to go over-and-above provincial policies for wetland protection. Municipalities may have difficulty defending policies for protection and conservation of all wetlands (not just PSW), resulting in increased pressure to allow non-PSWs to be developed, resulting in the loss of habitat, species and benefits to humans and ecosystems. The science tells us that wetland have significant local value to the environment and economy beyond habitat and natural areas, including flood attenuation and filtering water, which are also important for protecting drinking water sources.\nAs proposed, the changes to the OWES would considerably weaken overall protection for wetlands in Ontario, when conservation of these habitats and natural assets is needed more than ever. We urge the Province to invest in and support conservation and protection of wetlands, retain current complexing rules and scoring for Endangered/Threatened Species At Risk in the OWES, and maintain MNRF oversight of OWES and ensure any proposed changes are science-based and incorporate knowledge from wetland experts and working groups as well as Indigenous perspectives and traditional ecological knowledge.\nThank you again for the opportunity to offer feedback on the Proposed Updates to the Ontario Wetland Evaluation System. Please continue to include the SSEA in additional proposed changes to the OWES. The SSEA welcomes the opportunity to discuss our comments further at your convenience. If you have any questions or comments please feel free to contact the SSEA office.\n"
    },
    "72442": {
        "url": "/comment/72442",
        "comment": "Please find enclosed a comprehensive submission to Minister Clark including comments on 019-6160\n"
    },
    "72444": {
        "url": "/comment/72444",
        "comment": "This is a horrible idea!!!!!! The Hamilton infrastructure is old and has a hard time as it is coping with heavy rainfall without spilling sewage into lake Ontario. Paving over a natural wetland (nature's way of handling increased water without massive flooding) is an irresponsible decision.\nIf we need more housing we should invest in saving old buildings down town and converting them to multi family units.\nWe need more dense, affordable housing solutions.  Not mcmansions in our protected wetlands.\n"
    },
    "72446": {
        "url": "/comment/72446",
        "comment": "Wetlands are incredibly important ecosystems that have cultural and biological value, and support functions that would otherwise be very costly including carbon sequestration, pollutant immobilization, and flood attenuation. Wetlands and green space such as the green belt also give people access to nature and the outdoors-proven to have physical and mental health benefits. In southern Ontario, it is of utmost importance to conserve our remaining wetlands with stringent protection measures. Wetlands are hundreds to thousands of years in age, and truly cannot be compensated within a reasonable period of time once altered or destroyed. To date, some parts of southern Ontario have lost more than 85% of their wetlands. Thus, it is critical that we treat ALL wetlands as provincially significant unless otherwise proven (as highlighted in 2018 by Environmental Commissioner Dianne Saxe in the Back to Basics report: https://auditor.on.ca/en/content/reporttopics/envreports/env18/Back-to-\u2026). Housing can be expanded and made more affordable by developing on already developed land and through proper land use planning. In short, it is crucial to NOT further streamline development processes because they put wetlands and their invaluable functions at risk, and they take away from the focus of creating affordable housing where sufficient infrastructure already exists.\n"
    },
    "72447": {
        "url": "/comment/72447",
        "comment": "This proposal is regressive and dangerous. The negative impacts far outweigh any positive ones. These risks range from problems with municipal water systems and building codes, drinking water and aquifers, agriculture and tourism, biodiversity and endangered species, flood control and fisheries, and human health including First Nations communities that had no input into this ridiculous direction to disaster.\nIt is poorly thought out as these impacts will degrade our environment continually as wetlands are key to balance, water storage and flood control. Leaving them with no oversight is irresponsible at best! This is an open invitation for sprawl and loss of wetlands.\n Ontario has already lost almost three quarters of our natural wetlands! This would spell disaster for a safe future for Ontarions as our water filtering system is threatened by aggregate removing filters and developers paving over the other filtering system.\nThis would leave us vulnerable to loss of safe drinking water, more algae blooms, and make Walkerton  water disaster look puny.\nFloods cost billions and so get ready to pay that cost. You may want to talk with the insurance industry about the costs of flooding and you would be removing another line of defense. Climate change is real and we need to be working to mitigate water risks not increasing them!\nWe need functional municipalities, Conservation Authorities, appeal options, citizens voices heard, consent from First Nations and democratic decision making with proper advice before taking sledgehammers like this to oversight. This proposal must be withdrawn as the dangerous move that it is!\n"
    },
    "72456": {
        "url": "/comment/72456",
        "comment": "I am disheartened that our government is poised to eliminate much of the measures which are currently in place to protect Ontario's wetlands with new legislation; Bill 23.\nThere is nothing more essential to human and natural life than an abundance of clean water.\nWhy are we jeopardizing this resource after putting measures in place to protect it?\nIt is sad that the immediate wealth generated by land development is considered more important than the quality of life of the average Ontarian today and tomorrow.\nI urge reconsideration of the new policies to avoid irreparable damage to our own human habitat.\nFull time farmer,\nChisholm Township\nOntario, P0H 1Z0\n"
    },
    "72457": {
        "url": "/comment/72457",
        "comment": "Wetlands play a critical role in mitigating floods. Further wetland loss may result in serious flooding, putting the safety of communities at risk. Wetlands are a cost-effective strategy for protecting downstream properties. The government must be prudent when considering changes like offsetting, which could negatively affect the ability of wetlands to reduce flooding and confuse roles in wetland management and protection between municipalities and CAs.\n"
    },
    "72459": {
        "url": "/comment/72459",
        "comment": "Submission to ERO Proposal 019-6160\nProposed Updates to the Ontario Wetland Evaluation System\nThe regulatory impact analysis states that the impact of this proposal to business will be positive.  It does not mention any negative impacts, whereas the impacts and real costs to all Ontarians will be vastly negative. Changes outlined in this proposal will put people at risk. They will impact city infrastructure including sewer backup risks, municipal building codes, clean drinking water, biodiversity, First Nations communities, agriculture, the insurance industry, fisheries, human health, and tourism.\nThe negative impacts far outweigh any positives; these impacts will be cumulative and ongoing, and the proposal should be scrapped.\nThere are more fiscally responsible and environmentally responsible ways to address the housing crisis than to develop over filled-in wetlands.\nThe proposed changes to wetland evaluation will weaken protection for all wetlands. The new wetland classification system may result in no provincial oversight over wetlands at all. The proposed evaluation changes will open the door for even more development and loss; the proposal is an invitation for developers to spread housing sprawl and get rid of wetlands completely.\nWetlands filter nutrients and sediment from runoff, which purifies rivers and groundwater.\nTo put a cost to just this one of the impacts of this proposed change, a University of Waterloo study uses economic valuation to understand the importance of Southern Ontario\u2019s wetlands for water filtration, and the authors conclude that these wetlands provide $4,2 billion worth of sediment filtration and phosphorous removal services each year, keeping our drinking water clean and helping to mitigate harmful algal blooms in our lakes and rivers.    (\u2018Economic valuation of suspended sediment and phosphorous filtration services by four different wetland types\u2019, Aziz and Van Cappellen, Hydrological Processes, November 2021)\nWhile Ontarians understand that the climate crisis is the most urgent issue of our time, this proposal ignores this entirely. The effect of this proposal will contribute to climate change and will reduce the means of mitigating its impacts.\nAnd this is at a time when we need all remaining wetlands in southern Ontario. Southern Ontario has already lost 72% of its original wetland area.\nWetlands are critical nature-based available climate solutions.  Up to 38% of potential damages and costs caused by floods in urban areas are reduced by wetlands.  Wetlands reduce the severity of serious floods, control erosion. At a time when climate change is causing more frequent and intense storm events, we need wetlands more than ever.\nThe Insurance Bureau of Canada puts the catastrophic costs from flooding at $ billions.\nRemoving wetlands is like removing dams and reservoirs. Wetlands act as natural infrastructure that absorb and retain a significant volume of snow melt and rain which reduces flood levels during spring runoff and storm events. They also release this water slowly throughout the year, helping augment water levels in lakes and rivers during low flow periods, which reduces the affects of drought conditions.\nDuring times of drought, wetlands provide water to aquifers and base flow to rivers. These benefits are particularly important where lakes, rivers and groundwater are supporting agriculture, recreation and fisheries. During drought, wetlands replenish the aquifers that farmers need and municipalities rely on to supply drinking water to their communities.\nMunicipalities and Conservation Authorities could never afford to build the infrastructure it would take to replace wetland functions and protect upstream and downstream communities from flooding and drought.\nWetlands store carbon.  20 to 30% of global carbon storage is accounted for by wetlands.\nWe need intact wetland complexes for deep carbon storage and also for their high biodiversity value. The proposed changes do not recognize integrated wetland complexes. Breaking up these complexes, and offsetting are not the answers. The wetlands near urban areas are at particularly high risk, and this is where the flooding and drought risks are.\nThe proposal downloads onto municipalities the responsibility for evaluating the risks, and where is the expertise coming from? Municipalities don\u2019t have the technical expertise or capability of evaluating these risks. It is far too complex. It is impossible for municipalities or developers\u2019 consultants to assess the far-reaching impacts.\nThe University of Waterloo study puts an additional cost to the filtration benefit of swamps and marshes. The study concludes that marshes in Southern Ontario contribute about 80% of the overall filtration services we benefit from at a value of $3.4 billion per year. Without these wetland services, implementing agricultural Best Management Practices to remove an equivalent phosphorous load would cost $23 billion annually, while expanding current wastewater treatment capacity to replace wetlands\u2019 filtration service would cost $164 billion per year.   (\u2018Economic valuation of suspended sediment and phosphorous filtration services by four different wetland types\u2019, Aziz and Van Cappellen, Hydrological Processes, November2021)\nA fundamental problem is that this proposal was tabled on October 25, the day after the municipal elections. The proposal involves changes to land-use planning affecting municipalities.  This timing was planned and strategic.  Across Ontario outgoing mayors and councils are disempowered, and new mayors and councils have not yet been sworn in.  This October 25 timing was strategic to take the voice away from municipalities, from elected officials and the citizens they represent. This timing is a betrayal of public interest and democracy, and the proposal should be dismissed on this basis alone.\n"
    },
    "72461": {
        "url": "/comment/72461",
        "comment": "Wetlands are now known to play and invaluable role that has already cost Ontario billions to replace. Many of the functions they provide aren\u2019t replaceable. Wetlands maintain water quality, absorb harmful chemicals, provide surface water during droughts, replenish aquifers, control flooding and erosion, and sequester carbon.\nThey also provide habitat for a wide range of plants and animals, a third of which are threatened or endangered. Many also lie on the path for migratory birds.\nWetlands contribute to the sustainability of recreational fishing, and nature tourism, which often focuses on wetlands, is a major economic driver in Ontario.\nWetland soil is also totally unsuited for development. Water still has to flow when they are filled in, and many homes built in these areas face ongoing seepage, flooding and subsidence issues.\nWetlands have been protected from development for all these reasons, and it\u2019s extremely important that this protection is maintained across Ontario. If they\u2019re lost to development, they\u2019re lost forever.\n"
    },
    "72462": {
        "url": "/comment/72462",
        "comment": "The proposed updates to the Ontario Wetland Evaluation System are very short-sighted. Wetlands protect us from flooding and serious biodiversity loss. The Insurance Bureau of Canada is highlighting the risk to homeowners from flooding and their decreasing ability to protect homeowners with the increasing incidence of flooding due to climate change. Wetlands need to be evaluated as interconnected complexes, not as small individual parcels. To shift evaluation from complexes to individual parcels guts the evaluation system and undermines any credible attempt by the Province to protect future homes and public infrastructure from the loss of irreplaceable services. The financial impacts of such a move would be felt by Ontarions for decades.\nEvaluations need to be completed by competent, independent evaluators to ensure that the Ontario government's policies for wetland protection are followed. Municipalities do not have the tools, staff or resources to provide these functions and downloading this role to municipalities will effectively remove essential protection to wetlands.\nResponding to climate related storms is an increasing burden on taxpayers at both municipal and provincial levels. We need MORE protection for wetlands and other nature-based solutions to reducing the impacts from an unstable climate. This proposal is not giving consideration to the full suite of impacts that changes to the OWES will trigger. Please restore full protection for wetland complexes - it is the fiscally responsible thing to do.\n"
    },
    "72468": {
        "url": "/comment/72468",
        "comment": "I believe that in a world where climate change, biodiversity, and other environmental concerns are so apparent, it is completely wrong to propose any changes that will allow developers to more easily remove green spaces, including wetlands, to build homes. I believe that it is so long overdue to make the environment THE top priority when making any governmental decisions, and I am definitely not seeing this in this proposed bill. There are so many empty or underused buildings all over Ontario, which could offer different solutions to the housing concerns....let's be creative and innovative! Once again, I feel the government is thinking in short term tunnel vision, rather than the long term and big picture!\n"
    }
}