{
    "73216": {
        "url": "/comment/73216",
        "comment": "Ontario Wetland Evaluation System (OWES) assessments are critical tools to identify and designate Provincially Significant Wetlands (PSWs). Designation as a PSW results in a high level of protection for wetlands under provincial law and policy.\nIf the proposed changes to the OWES are realized, very few wetlands would be deemed provincially significant in the future. Additionally, many (if not most) existing PSWs could lose that designation. In future, very few of Ontario\u2019s wetlands would benefit from the protection that PSW designation currently provides.\nThe most urgent concerns about the proposed changes to the OWES are:\n1. Wetland complexes will no longer be recognized or considered - The OWES evaluation process currently recognizes the interconnectedness of wetlands in close proximity to one another. This interconnectedness contributes to the overall health, functionality, and significance of the entire wetland complex. No longer recognizing the importance of maintaining intact wetland complexes will result in a loss of protection for sensitive wetland habitat.\n2. Endangered and threatened species will no longer be recognized - Currently, the presence of endangered or threatened species automatically qualifies a wetland as provincially significant and affords it protected status. The proposed changes to the OWES will diminish the importance given to the presence of endangered or threatened species, leaving both the species and wetlands that they rely on vulnerable to development.\n3. Provincial government oversight and coordination will be removed - It is proposed that the MNRF will remove itself from any involvement in Ontario\u2019s wetland evaluation process. Additionally, no central agency has been proposed to coordinate/approve evaluations or ensure that information about PSW designation is publicly accessible. Instead, it appears that approval authority will be downloaded to municipalities, many of which have little expertise and would no longer be able to consult with conservation authorities (due to proposed Bill 23 amendments to the Conservation Authorities Act). The onus would instead be on the wetland evaluator (working in most cases for the development agency) to inform the municipality and landowners in writing about the outcome of the evaluation or re-evaluation.\nThe stated purpose of the OWES overhaul is to streamline the wetland evaluation process in order to construct 1.5 million new housing units over the next 10 years. This purpose is misguided and misleading, given that a shortage of land isn\u2019t the cause of the housing shortage - this was stated by the Ontario\u2019s Housing Affordability Task Force in its 2022 report. The amount of greenfield land already designated for development within municipal settlement boundaries, but still sitting unbuilt, far exceeds what is needed to meet long range housing targets.\nOntario\u2019s wetlands play a critical role in sustaining healthy communities, enhancing climate change resilience and conserving biodiversity. I am therefore opposed to the proposed overhaul of the OWES.\n"
    },
    "73217": {
        "url": "/comment/73217",
        "comment": "Hello here are my thoughts about the changes to the Ontario Wetland Evaluation System.\n-I am not sure why the wetland evaluation system seems to only apply to municipalities now. Does the system no longer apply to the Ontario Government? If that is the case, I believe that is wrong and the government should not be exempt from having to use it. Why are the conservation authorities not involved with using the system anymore either? It would seem to me that they should be, as conservation authorities manage wetland areas.\n-It would also seem to me that many of the changes aimed to remove redundancies, are in fact removing safeguards to make sure that wetlands are properly evaluated by multiple parties, and that they are evaluating multiple important features of wetlands, including evaluating for endangered species.\n-Re-evaluation of a wetland system in my mind can lead to the potential for systematic abuse, and harm to a wetland system by a landowner, followed by a subsequent re-evaluation. We farm just outside of the GTA, and we have seen, on several occasions, destruction of natural wetland areas by developer-landowners, in an attempt to shrink them in size. Re-evaluations could then potentially allow for this man-made shrinkage in wetland area to be 'approved' as far as mapping is concerned.\n-Removing the idea of a wetland complex seems ridiculous to me. Is that supported by current ecological science? The entire wetland area should be considered as a single unit, as it functions together, and not separate of each element.\n-The idea of any tillage in an agricultural system removing wetland consideration is quite frankly ridiculous. We have farmed many areas that *technically* we could get the tractor through and work up the soil, but absolutely should not be considered as good farm ground. Some areas are wet, and should remain wet and provide habitat, it is a better and more appropriate use of the land.\n-It is unclear why all of the requirements for a catchment basin, particularly the mapping and record keeping portion, are being removed.\nI only made it about halfway through the document, as my time was limited, but there appears to many redactions in place throughout the document that remove items that added clarity to the document. These removed items also functioned to mitigate misinterpretation throughout the document, and it is unclear to me why they were removed. Most of the changes in the document do appear to me to have the potential for abuse and removal of wetland protections, and I strongly encourage that this document be reviewed further by experts in the field of ecological and biological sciences before it is approved.  Wetlands are a critical part of our ecosystems, water supplies, and flood protection, and they should be evaluated to the fullest extent by experts in the field. This document should reflect that, and should give priority to wetland protection over ease of development.\n"
    },
    "73218": {
        "url": "/comment/73218",
        "comment": "We've seen time and time again the effects of damaging these important natural infrastructures will lead to, so why pursue this? Besides, there's plenty of apartments sitting empty in most major cities in this province. Please don't go forward with this, I wish to share the beauty of our wetlands with future generations\n"
    },
    "73220": {
        "url": "/comment/73220",
        "comment": "The \u201cGreen Belt Policies\u201d state that they were designed to protect \u201cOntario\u2019s \u2026. farmland,\ncommunities, forests, wetlands and watersheds\u201d (Green Belt Plan, 2017). However, the Green\nBelt does little to protect Niagara\u2019s Wetlands because only 4.6% of our remaining wetlands are\nlocated within the Green Belt boundaries, leaving 95.4% outside the planning protection area\n(Fig. 1). This means in the case of Niagara the Green Belt is pushing urban development into\ndirect conflict with our remaining wetlands and our highest biodiversity areas.\nThis also means the protection of 95.4% of the remaining wetlands in Niagara depends upon\nthe provincial policy statement, Niagara Region environmental policies, municipal policies,\nConservation Authority regulations and policies and the Environmental Impact Study (EIS)\nprocess.\nThis bill and its proposed updates to the Ontario Wetland Evaluation System will not protect the remaining wetland but rather eliminate what little remains and allow changes to made without the knowledge and expertise that we need to put forward to protect what little we have left.\n"
    },
    "72954": {
        "url": "/comment/72954",
        "comment": "Supplementary information to go with NPCA Comment letter\n"
    }
}