{
    "70759": {
        "url": "/comment/70759",
        "comment": "Bill 23, and the associated, spin-off proposed legislation, is a disaster for Ontario. The Ford government has to respect our natural infrastructure, our conservation authorities and our Greenbelt. I am absolutely opposed to these changes to what has been progressive planning over the last 50 years in Ontario.\n"
    },
    "70785": {
        "url": "/comment/70785",
        "comment": "These changes mean that few wetlands would be deemed provincially significant in the future. These changes would mean that most existing Provincially Significant Wetlands could lose that designation.\nGiven that, this proposal is likely to reduce the number of hectares of protected wetlands in Ontario. I find this unacceptable, because wetlands prevent flood damage, and flooding is projected to become more common and to intensify in the future with climate change.\nHow can the government make a decision that will leave homes in Ontario more vulnerable to the affects of climate change?\n"
    },
    "70795": {
        "url": "/comment/70795",
        "comment": "It seems like the MNRF is abdicating responsibility for protecting and managing wetlands and shifting them completely onto municipalities. It is not clear why the ministry would not want to use the results of these evaluations to help manage natural resources. It is unclear why so many sections have been removed and not replaced, including many details of how evaluations should be done and how information should be stored. It unclear if the changes to how wetland complexes are treated are supported by scientific evidence.\nIn no way do the proposed changes \"provide greater certainty and clarity related to how significant wetlands are assessed and identified\" as you have actually removed a lot of the details pertaining to this without replacing them with equivalent information.\n"
    },
    "70802": {
        "url": "/comment/70802",
        "comment": "I disagree with the proposed updates to the Ontario Wetland Evaluation System without further consultation with Conservation Authorities\u2019 experts and full transparency with the citizens of Ontario as to the veracity of the proposed changes.\nThe Silver Creek Wetland, deemed a provincially significant wetland, is very important for flood control, water filtering, groundwater recharge and discharge and for fish and wildlife habitat.  It slows floodwaters helping to alleviate property damage. Given climate change and even more extreme storm events, this Wetland is more important than ever. It also provides a critical habitat for threatened and endangered species. Numerous fish, wildlife and vegetation would be wiped out with the abolition of proper wetland evaluation and protection.\nI want the Silver Creek Wetland to be protected from development and be cherished as one of the most important features of our natural heritage in Ontario for generations to come.\nRegards,\nFriend of Silver Creek\n"
    },
    "70803": {
        "url": "/comment/70803",
        "comment": "The government's own Housing Affordability Task Force concluded that:\n\u201cBut a shortage of land isn\u2019t the cause of the problem. Land\u202fis available, both inside the existing built-up areas and\u202fon undeveloped land outside greenbelts. \u2026 Most of the solution must come from densification. Greenbelts and other environmentally sensitive areas must be protected, and farms provide food and food security.\u201d (Housing Affordability Task Force report, p.10)\nDoes this not mean the the changes in this proposal are unnecessary? What purpose do the changes in this proposal serve if they are not required for housing affordability? Does the government have other research that makes a compelling case that more land is required to increase housing affordability? If so I would like to be provided with those research findings and/or reports.\n"
    },
    "70815": {
        "url": "/comment/70815",
        "comment": "I disagree with the proposed updates to the Ontario Wetland Evaluation System.\nThe Silver Creek Wetland, is a provincially significant wetland, that is located in Collingwood, ON in the Nottawasaga Watershed. This area is important for the people that live in/near the area as it is responsible for flood control. Additionally, these wetlands provide a habitat for numerous at risk species such as the Spotted Turtle and Least Bittern (small heron). There are also many rare plants that would be destroyed. Development of this area would not only end up killing numerous animals and plants in this area but could end up leading to the extinction of some of these species as more and more of their habitats get destroyed.\nI want to protect the Silver Creek Wetland from development and keep it as one of the most important features of our natural heritage in Ontario for generations to come.\n"
    },
    "70817": {
        "url": "/comment/70817",
        "comment": "The most telling parts of these proposed updates to the Ontario Wetland Evaluation System are the parts that have been left out. A process that once included the Ministry of Natural Resources and Forestry, Conservation Authorities and diverse naturalist organizations has been reduced to a single Ontario Wetland Evaluator, the graduate of a four-week training program with recommended but unspecified background knowledge and expertise. The MNRF is no longer required to review and confirm wetland evaluations. If Bill 23 is approved, Conservation Authorities will no longer be allowed to review or comment on development proposals. This leaves municipalities in charge of making decisions on development without access to the diverse and high-quality expertise provided by CAs at a reasonable cost. Smaller municipalities will have to hire staff or consultants to provide the same services, putting an additional burden on taxpayers.\nThe previous Ontario Wetland Evaluation System recommended that information such as the presence of rare species or hydrological functions of a wetland should be obtained before making decisions about land uses in the vicinity of a wetland. That recommendation has been crossed out of the updated version. The same kind of habitat loss and degradation that affects other species, also effects humans. Wetlands are essential for storing and filtering groundwater, as well as preventing flooding and erosion. Threats to the hydrological functions of wetlands are direct threats to human health and survival. Flooding, drought and erosion are all prevented by healthy wetlands.\nIf the proposed updates are implemented, single wetland units that are considered to be part of a wetland complex can be re-evaluated, re-scored and re-mapped individually without involving the remaining complex. The potential exists for fragmenting the wetland complex with development approvals and drastically diminishing its effectiveness as a whole ecosystem.\nThe financial burden of these proposed updates will fall on municipal taxpayers. The shared cost of reasonably priced expertise from Conservation Authorities will no longer be available to municipalities. The cost of an inevitable increase in natural disasters, including property damage, healthcare, insurance, food insecurity will overwhelm communities.  The extensive streamlining of the Ontario Wetland Evaluation System that is proposed will benefit developers and landowners in the short term and wreak havoc with the wider community in the long term.\n"
    },
    "70818": {
        "url": "/comment/70818",
        "comment": "I utterly disagree with the proposed updates to the Ontario Wetland Evaluation System without further consultation with Conservation Authorities\u2019 experts and full transparency with the citizens of Ontario as to the veracity of the proposed changes.\nWetlands throughout Ontario are very important for flood control, water filtering, groundwater recharge and discharge and provide important fish and wildlife habitat.\nWetlands absorb excess rainwater and snowmelt and slow floodwaters helping to alleviate property damage. In the face of climate change, wetlands are even more important as we experience more extreme storm events.\nIn addition, wetlands provide a critical habitat for threatened and endangered species. wildlife and vegetation would be wiped out with the abolition of proper wetland evaluation and protection. I want to protect Ontario\u2019s wetlands from erroneous development and keep them as some of the most important features of our natural heritage in Ontario for generations to come.\n"
    },
    "70819": {
        "url": "/comment/70819",
        "comment": "As a certified provincial wetland evaluator I recognize the importance of wetlands and their need for protection. The current OWES protocols due have some clarity issues. Some of the proposed updates, such as clarity around wetland boundary updates and reviews, as well as recognizing the professional opinion of wetland evaluators is a positive step. However, any of the other proposed changes hold cause for concern and do not represent the best interest of protecting provincially significant wetlands in the province.\nRemoving species at risk habitat scoring from the special features section is a worrisome proposed change. Species at risk habitat is critically important for protection. Many smaller wetlands, especially urban wetlands, would lose there provincially significant status if species at risk scoring was taken away. This is not in the interest of wetland preservation. Simply scoring them under significant other species/rare species will not score the same points, or offer the same protection. I would not suggest this removal\nRemoving the ability to complex wetlands and the verbiage around them is equally worrisome. Many wetlands, especially ones in southern ontario, have become fragmented due to human activity. What remains on the landscape are smaller wetland pockets that are disjointed, but still operate in tandem across the landscape. Losing the ability to complex wetlands together is not in the best interest of wetland preservation. Many smaller urban wetlands would be broken up and lose status, paving the way for development and loss of these critical features.\nAdding the ability of non-certified people to conduct wetland evaluations is a worrisome step. Although the shortage of wetland evaluators is understood, more effort should go into bringing back additional certification courses, rather than simplifying field protocols. Simply having a certified evaluator review work conducted by another individual will lead to the potential for errors and incorrect evaluations. This also leads to the potential for wetland loss due to inexperienced and non-qualified individuals as a certified evaluator may not be able to catch these mistakes if they were not out in the field with them. Wetland evaluators should need to be in the field when any work is being conducted and have been the one to collect the data, although assistance in field is a reasonable permission.\n"
    },
    "70820": {
        "url": "/comment/70820",
        "comment": "All wetlands should be considered provincially significant. The less wetlands there are, the less habitat species that need wetlands to survive and thrive will have. The reduction of wetlands will inevitably lead to increased flooding, costing taxpayers and burdening our local governments.\nWe have already lost far too much of this region's wetlands already, with 90% of the Niagara Region's wetlands already gone. As there is intense pressure from developers to destroy these lands, we must make sure there is strong protection for every wetland in the Niagara Region and all of southern Ontario.\nFirst Nations have a long history of opposing European settlement in their lands precisely because settlers drove away animals through their rapid destruction of habitat and negatively impacted the waterways that have been used by First Nations for fishing, transport, harvesting, and many other uses since time immemorial. Canada's courts have found in many cases that by destroying nature, First Nations are deprived of their rights, since their ability to exercise those rights are made extremely difficult if not impossible. In addition, Canadian courts have found that provincial governments have an obligation to protect First Nations' rights, which includes taking steps to protect nature.\nThe Haudenosaunee Confederacy Chiefs Council at Ohswken has made it clear that the area covered by the 1701 Beaver Hunting Grounds Treaty is under Haudenosaunee jurisdiction, and that these grounds include the greenbelt and the golden horseshoe. Likewise, Mississaugas of the Credit considers all the waterways within their territory to belong to them, as well as tracts of land surrounding Bronte Creek, 16 Mile Creek, the Credit River, and the Rouge River.\nDeveloping Haudenosaunee and Mississaugas of the Credit lands without their consent would be seriously unethical.\nOntario municipalities have already more than enough room to build new housing within their urban boundaries. Undermining the already hindered ability to conserve wetlands in southern Ontario is a massive mistake that will hurt us for years to come.\nI therefore call on the provincial government to reject the proposed revisions to the Ontario wetland evaluation system.\n"
    },
    "70842": {
        "url": "/comment/70842",
        "comment": "I'm going to side with Mike Schreiner, and the Grand River Conservation Authority who both agree that these proposed updates on the Ontario Wetland Evaluation System are flawed and will result in the further destruction of wetlands, bogs, swamps and other vital systems. Initiatives like Bill 23, The Bradford Bypass, Hwy 413 and this proposal will only further destroy Ontario's natural environment, the very thing that gives us life.\n"
    },
    "70863": {
        "url": "/comment/70863",
        "comment": "I have concerns about the proposed changes to the Ontario Wetlands Evaluation System.   Under the \u201cProposed Updates to the Ontario Wetland Evaluation System\u201d (Oct 25, 2022), Conservation Authorities can no longer be used by a municipality to evaluate these lands.  We have many wetlands that have not been evaluated in our headwaters area and we rely on CAs to determine which are \u201cProvincially Significant.\u201d   If CAs can no longer do this work, who will ?.  The municipalities do not have the technical expertise to do the work.  Presumably, we hire consultants (at a much higher cost than having CAs help).  Since wetlands do not respect municipal boundaries, we are going to end up with a confusing bag of evaluations  --  say if one municipality scores something one way and another municipality on the other side of the town line scores it another way.\nIt is also my understanding that the scoring system for wetlands has been changed with the result that it will be more difficult to reach the \u201cProvincially Significant\u201d status.  Also, the proposed legislative changes will no longer allow wetlands to be grouped together as wetland complexes.\nThe result of all of these changes will be that more wetlands will be lost to development.    Your own report --  State of Ontario's Natural Resources (SONR) Report 2021 (MNRF 2021) \u2013 points out that we lost 7,303 hectares of wetlands in southern Ontario between 2011 and 2015 (pg 35).   You also point out that the rate of loss between 2011 and 2015 (1,825 hectares/year) was considerably higher than the rate of loss between 2000/02 and 2011 (615 hectares/year).\nThe proposed changes will only exacerbate this trend.\nSincerely\nredacted\n"
    },
    "70888": {
        "url": "/comment/70888",
        "comment": "Doug Ford, leave the Greenbelt alone! It's very short-sighted of your government to propose Bill 23. We are in a situation environmentally, where we should be doing MORE to protect wetlands, not less!\nAnd, the province should be leading the charge in developing bills that aid municipalities to help people live without driving everywhere. More suburbs are not the answer.\nWhat you are proposing is not only short-sighted, but counter to everything science tells us about land conservation and its benefits. If there ever was a time to think more creatively, it's now. The status quo is just not acceptable.\n"
    },
    "70905": {
        "url": "/comment/70905",
        "comment": "What is the point of weakening Ontario's system of wetland protection in the name of building more houses, when the safety of the houses depends on our wetland protection system programme?\nThis is a short-sighted plan that is meant to attract short-term popularity to the government in power rather than to plan intelligently for a future in which citizens of the province will be protected against increasingly dire weather and climate events.\nPlease think again and settle on a plan that all of Ontario can be grateful for, and that will demonstrate that our government truly has our welfare at heart. The citizens of Ontario are willing to give a chance to a government that will give a chance to them and their children, and that is thinking of their long-term welfare, And remember that your own researchers and advisors have assured you that reducing wetland and ecological protections is unnecessary and counter-productive in the process of bringing our housing supply up to standard.\n"
    },
    "70927": {
        "url": "/comment/70927",
        "comment": "Although housing shortages are real and more homes have to be built, a careful approach and well thought out plan are necessary before proceeding if the needs of all Ontario citizens are to be met in a fair way.    We are  very concerned about the Govt of Ontario's tabled Bill 23, The More Homes Built Faster Act, 2022.\nFirst of all, there is not enough time to respond for individuals, municipalities, Conservation Authorities (CAs) and other stakeholders to respond to the extensive changes that Bill 23 proposes to make: changes to wetlands evaluation; development of the Green Belt; which the present government promised not to touch; removal of the right to appeal planning decisions, weakening the role of CAs\nThis bill, in our opinion, contradicts the message contained in the Natural Heritage section of your proposal,  where  you state \"Natural heritage provides many benefits  to people and the natural world.\" You  go on to say  that \"Conserving Ontario's natural heritage has become more difficult as development pressures, climate change and other threats isolate and threaten wetlands, woodlands, and the natural wildlife habitat. \"  This bill will not contribute to conserving the natural heritage of the Greenbelt, and potentially other conserved areas of the province,  valuable farmland and wetlands, but will allow the  provincial  government to make decisions to the contrary.  This is shortsighted, unwise and irresponsible to Ontario citizens  who want to do what they can to mitigate the effects of climate change by preserving green spaces.  A number of polls over the years indicate that people are worried about losing our natural heritage and want governments to do everything possible to protect areas that have been already set aside for that purpose. They don't want their environment laws watered down but rather strengthened.  This reflects what leaders from all over the world are saying.  Everyone  we have talked to has been alarmed at Bill 23 and its implications for the future. They would like the government to look seriously at alternatives to Bill 23.  More study is needed and definitely more public input.  This proposed bill gives  too much power to the government, while taking it away from the people.\n"
    },
    "70936": {
        "url": "/comment/70936",
        "comment": "Bill 23 or the \"More Homes Built Faster\" Act is sheer lunacy. Yes we require more housing, specifically affordable housing but this bill just does not make sense on so many levels. First, the housing crisis is not about land. There is plenty of land available, actually set aside, for housing. Housing should be about building communities that are sustainable, affordable and provide a good quality of life.\nBill 23 is about sprawl. It is a land grab by developers and reeks of back door politics. Lack of oversight by municipal councils and conservation authorities for proper planning will be disastrous. Loss of development charges will be absorbed by the taxpayers who will have no say in local development.\nThis is not democracy. I would remind Mr Ford that only 17% of eligible voters actually voted for his government. We have just had municipal elections and in Oro Medonte the vote was very clear. Voters wanted transparency, accountability and a voice in future development resulting in sweeping out the past council. If municipal governments have no say in future development how is this not autocracy?\nGreenbelts, wetlands protect us by protecting the environment we live in. We are learning the monetary impact of climate change with more severe weather including flooding. Wetlands provide a low cost protection for storm water. Loss of biodiversity in greenbelts and wetlands will be irreversible.\nWho wins Mr Ford? In the short term your friends the developers, in the long term absolutely no one.\nIs this the legacy you really want to leave?\n"
    },
    "70941": {
        "url": "/comment/70941",
        "comment": "Thank you for the opportunity to submit comments on the \u2018Proposed Updates to the Ontario Wetland Evaluation System\u2019 as posted on the Environmental Registry of Ontario (ERO # 019-6160) related to the omnibus Bill 23 \u2018More Homes Built Faster\u2019 Act.\nI am deeply concerned about the tremendous changes proposed to the scoring, rules and oversight of wetland evaluation in Ontario. Evaluation is the primary tool affording protection to wetlands under the Provincial Policy Statement and in the planning process. I provide comments here as both a certified wetland evaluator and as someone who teaches wetland evaluation skills at the post-secondary level.\nMy main points are outlined below with reference to the 64-page supporting documentation posted with ERO # 019-6160 entitled Proposed Updates to the Ontario Wetland Evaluation System 2022-10-25.\n1. Removing Species at Risk Scoring Elements from OWES (p. 51-52 of Proposed Updates)\nWetlands provide habitat for at least 20% of Ontario\u2019s at-risk plants and animals (Kip, 2022). The current scoring system recognizes the major importance of this by providing 250 points to evaluated wetlands hosting threatened or endangered species, safeguarding habitat through protections afforded to Provincially Significant Wetlands. Given the recent undermining of Ontario\u2019s Species at Risk legislation, wetland status designation is a critical means of protecting the habitat of at-risk species such as turtles, mussels, wetland-dependent birds, plants and insects.\nRemoving the recognition and scoring for wetlands providing reproductive, migratory, feeding or hibernation habitat for threatened and endangered species will result in many fewer wetlands achieving Provincially Significant status. Further, many existing PSWs could lose their designation upon re-evaluation. In a province with less than 30% wetland habitat remaining, this spells disaster for the natural areas that sustain us!\nI do not support the removal of scoring elements related to threatened and endangered species and urge the government to rescind the proposed updates. To refer to these changes in the ERO posting as \u2018housekeeping\u2019 edits highlights an egregious lack of transparency on the part of the government.\n2. Removing Wetland Complexes from OWES (p.7 of Proposed Update)\nRemoving the wetland complexing rules and allowing complexes to be re-evaluated as separate wetland units will exacerbate wetland loss and degradation in Ontario. Wetlands are functionally and hydrologically linked across the landscape, and we ignore this for the sake of housing development at our peril. The flood control, habitat and clean water benefits of wetlands have consistently been valued as more efficient and effective than human-built solutions. Recent research at the University of Waterloo valued the sediment and phosphorus filtration services of wetlands in Southern Ontario - those at most risk from the proposed changes related to OWES changes - at $4.2 billion (Aziz & Van Cappellen, 2021).\nRecognizing and evaluating wetlands as complexes is critical to ensuring that wetlands can continue to function and provide these key ecosystem services.\nI strongly recommend re-instating the wetland complexing rules as outlined in the current (2013) Southern Ontario OWES manual.\n3. Removing provincial oversight of the evaluation process (p.7 of Proposed Update)\nThe sober second look that provincial government staff provide to wetland evaluations ought not to be removed from the OWES system. Government staff provide added value to evaluations: they have access to records, in-house aerial imagery expertise, institutional history of past restorations or development pressures, and knowledgeable senior staff. Moreover, a central agency (i.e. MNRF) is required to coordinate evaluations and ensure that information about wetland evaluations is made public.\nWetland evaluators are typically employed at environmental consulting firms. While they are generally impartial, consulting staff may be influenced by clients towards certain outcomes for a wetland, or unduly constrained by time and finances in their wetland evaluation research due to the bidding process inherent in consulting contracts.  Removing provincial government oversight of the evaluation process opens the field to errors, oversights and potential bias.\nIn summary, I urge the government to revoke the proposed changes as outlined in ERO posting # 019-6160 and maintain the current scoring, rules and oversight of wetland evaluation in Ontario per the Southern Ontario Wetland Evaluation System manual (2013). Wetlands are our best nature-based climate solution, offering carbon storage, flood protection and water quality purification services. I would like my government to focus on the protection of these natural habitats and their species rather than dismantle the protective systems currently in place to safeguard wetlands.\nThank you for the opportunity to comment.\nReferences\nKip, J. (2022, April 14). The Worth of Our Wetlands. Ontario Nature blog. https://ontarionature.org/the-worth-of-our-wetlands-blog/\nAziz, T., & Van Cappellen, P. (2021). Economic valuation of suspended sediment and phosphorus filtration services by four different wetland types: A preliminary assessment for southern Ontario, Canada. Hydrological Processes, 35( 12), e14442. https://doi.org/10.1002/hyp.14442\n"
    },
    "70943": {
        "url": "/comment/70943",
        "comment": "I am concerned about the proposed changes in Bill 23.   Conservation authorities should maintain their powers to steward and conserve lands and watersheds free of political intervention. Urban growth should be financed by the developers profiting from the housing. The minister should not have the power to override planning decisions, or make changes to the public meeting requirements, appeals processes or restrict public participation in decisions affecting their communities. Current habitat for at-risk species or wetlands that prevent flooding should be protected. We do not need to support more low-density sprawl which contributes to increased pollution - build where there is existing infrastructure.\n"
    },
    "70945": {
        "url": "/comment/70945",
        "comment": "I would like to state my firm opposition to the amendments weakening the Ontario Wetland Evaluation System. Wetlands are perhaps our most important natural systems, cleaning our water, protecting against flooding, and providing great value socially, recreationally, and economically for performing their functions, yet the proposed changes appear to centre around removing their protections.\nSevering a wetland from its surrounding landscape from a regulatory standpoint by eliminating complexing and severely reducing wetland buffers seems to attempt to handicap the finding of evidence for the system's importance. A significant series of wetlands assessed individually will of course not find any wetland that bestows all the benefits of the whole, which opens the former complex to elimination and destruction under the findings of a biased methodology reporting that the wetlands provided little to no benefit at all. This is no more true than saying that because no one doctor can cure all diseases, hospitals should be destroyed for being full of useless doctors. The reduction of wetland buffers also seems designed to understate the importance of wetlands by reducing the amount of land in their watersheds. If they are encroached on to within 30 metres and all previously protected land is developed, then the opportunity to see their benefits are reduced, and they will appear less important.\nThere is nothing wrong with valuing wetlands properly according to the services they provide. Attempting to obscure their value works against the best interest of the beneficiaries of wetland services, which is everyone in Ontario. We need to keep the Ontario Wetland Evaluation System, and do away with the proposed changes.\n"
    }
}