{
    "71571": {
        "url": "/comment/71571",
        "comment": "What the hell do wetlands have to do with housing? NO HOUSING should be constructed on wetlands. NO wetlands should be destroyed. We have a climate emergency that is already intensifying weather extremes resulting in flooding. Wetlands are the cheapest and most effective means of minimizing flooding. Wetlands are also the most efficient carbon sinks we have, even better than forests. Any move that threatens wetlands is a move that threatens the lives and homes of Ontario residents, and  the government know this. It is a conscious attempt to make life worse for everyone by speculators and developers. It should be - and I will do whatever I can to make it - a criminal act.\n"
    },
    "71574": {
        "url": "/comment/71574",
        "comment": "Wetland evaluations are a fundamental cog in the identification and protection of wetlands in southern Ontario. I have been certified to evaluate wetlands as a consultant since 1995, and have delineated hundreds of wetlands in southern Ontario since that time. I am constantly reminded when I visit wetlands how important they are in protecting our natural heritage \u2013 small wetlands often support plant and animal species and specific habitats that are not within an adjacent larger wetland. The proposed changes to the wetland evaluation system will likely cause the loss and degradation of a large proportion of the wetlands in southern Ontario. Below is the rationale for this statement.\na)\tPage 7: Wetland Re-evaluations and Mapping Updates and page 26: Wetland Complexes: Wetlands should not be evaluated as separate units only. Wetlands in the southern Ontario landscape are highly dependent on each other, hydrologically and ecologically. I do not know of any research that would contradict the interconnectedness of wetlands, unless they are completely isolated by major roads or urban development. The past history of farming eliminated many wetlands and reduced others, but the connections provided by the farming landscape and small watercourses remained and allowed wetland dependent wildlife to include many wetlands in their daily and seasonal activities. Frogs and salamanders cross long distances, breeding in one wetland, and using others as stepping stones to reach forests that provide habitat in summer and winter. Birds sing from one wetland, forage in another, and nest in another. Turtles cross farmlands from one wetland to another in search of resources, especially if a wetland dries up during the course of the year \u2013 one research project found that Painted Turtles, our commonest species, crossed unexpectedly long distances to reach what they perceived as suitable wetlands, and that often the wetland they reached was not the closest wetland. Plant species travel along small watercourses between wetlands with specially adapted seeds and vegetative fragments to maintain their populations.\nHydrological (surface water) and hydrogeological (groundwater) connections between wetlands are so critical that without complexing, many wetlands will be deprived of their water source. Urban development has major impacts on groundwater and surface water, and maintenance of unconnected wetlands will be rendered even more difficult by the need to consider wetlands separately.\nI recommend that the distance between wetlands in a complex be re-examined with consultation and reference to current research, with particular reference to current research in urbanizing areas, but complexing should not be summarily discarded as the connections within wetlands are so important.\nb)\tPage 20: Wetlands Bordered on Lakes and Rivers: this special case allows complexing of wetlands up to 30 m. Connections between wetlands in southern Ontario extend far further than the proposed 30 metres. Wetland wildlife commonly travel more than 100 metres between wetlands. The Ontario Wetland Evaluation System (OWES) manual\u2019s reference to a distance of 750 metres between wetlands of a complex has been in place for forty years, and was based on science and has stood for 40 years of practice. It is not unreasonable, given the distance that wildlife can travel between wetlands. However, I recommend that this distance be re-examined, but in consultation with experts.\nc)\tPage 26: Wetland Size: The stipulation that a wetland smaller than 2 ha must meet the criteria for Provincially Significant Wetlands to remain significant sets an impossibly high bar. The point scoring system was derived with wetlands larger than this in mind. With this criterion, a large proportion of the wetlands in southern Ontario will be deemed non-significant, with consequent loss of the biodiversity, ecosystem functions and hydraulic functions that these wetlands provide. Many highly sensitive wetlands with multiple ecological functions are currently the mainstay of wetland functions in southern Ontario. I recommend that consultation be conducted to determine stronger criteria for the inclusion of small wetlands in a complex but that this provision remain.\nd)\tPage 54: Regionally and Locally Significant Species: the proposed removal of references to MNRF documents that list regionally and locally significant species will remove an important source of information. MNRF and Conservation Authority staff are generally the only source of this regional and local knowledge. Very few municipalities have lists of regionally and locally significant species. In all but a handful of cases, municipal staff do not have the expertise to develop such lists. An important component of the value of wetlands, to protect our regional and local biodiversity, will be scrapped. While it is acknowledged that the lists are in some cases dated, most are relevant, and these lists remain the only source of information. The lists should be updated. MNRF expertise is highly valuable, and should not be eliminated.\ne)\tThroughout Document: Removal of Requirement to Consult with MNRF: MNRF have unparalleled expertise concerning wetlands in southern Ontario. To eliminate MNRF oversight from wetland evaluation will contribute to the cumulative loss of wetlands in southern Ontario that I believe will follow from implementation of Bill 23. The expertise within MNRF should be maintained and enhanced, not ignored.\n"
    },
    "71578": {
        "url": "/comment/71578",
        "comment": "I am concerned about these changes. Please see https://mailchi.mp/nation/south-nation-current-july-2022-courant-de-la-\u2026\n"
    },
    "71585": {
        "url": "/comment/71585",
        "comment": "A drastic overhaul of the Ontario Wetland Evaluation System, ensuring that very few remaining wetlands would be deemed provincially significant in the future and that many if not most existing Provincially Significant Wetlands would be vulnerable to losing that designation, is NOT acceptable.\nNo remaining wetlands should be destroyed. We need affordable housing but not at any cost to the environment.  Every city and town has land available in the already paved areas. This land may need remediation etc but developers just want easy new land to build on. If cheap, lowest grade standard housing is built in these areas then pretty soon the owners will have flooded basements, dampness and mold. Is this affordable housing ???\nIf you let this part of the Act be passed then there will be more severe flooding throughout Ontario.\n I walk areas of a wetland, in the Dundas area. It is an area that provides habitat for many endangered species, one of which is various species of turtles, some of which are endangered. There are many groups that work very hard to assist turtles in Ontario, and understand the importance of maintaining their natural habitat, or else the turtles  and many other unique wetland species will  be wiped  out.\n Does your government not understand about a balanced system, if there are no natural wetlands then there will be no way that a human population is sustainable. Natural wetlands are huge filter systems, sure you can alter them by engineering inventive ideas, but time and again this has failed after a few years. Ontario has very little of its original wetlands left, in this new world of climate emergency no natural wetland can be destroyed. If anything you need to overall the mandate of the OWES manuals.\nTo add new guidance related to re-evaluation of wetlands and updates to mapping of evaluated wetland boundaries. All present wetlands need to be designated and protected.\nTo make changes to better recognize the professional opinion of wetland evaluators and the role of local decision makers (e.g. municipalities).\nWe need natural wetlands, DO NOT pave over, or relocate them. Natural wetlands exist where they are because the natural order has found this to be the best location, often a low point where water naturally drains to, whether on a permanent basis or as an overflow when heavy precipitation occurs.\nPlease listen to the environmental experts not the large developers whose only interest is profit at any cost.\n"
    },
    "71595": {
        "url": "/comment/71595",
        "comment": "I wish to express my concerns and opposition to the proposed updates to the Ontario Wetland Evaluation System, for a number of reasons.\nI personally live in relatively close proximity to a Coastal Wetland complex that does have protection through the current WES, that does have a very practical and real positive impact in balancing water levels and flooding in our neighbourhood, that does face real housing development pressure (not affordable housing), and that would highly likely lose its protection status and be lost within a short period of time if this proposal moves forward.\nHowever, aside from my personal exposure on a micro-level, my concerns are even more profound in consideration of the broader effects of this proposal.\nWe all feel more exposed to the direct adverse effects of climate change, with more intense precipitation and flash floods, and it is widely known and accepted that healthy wetlands do have a critical role in flood control, water filtering, and groundwater recharge and discharge. In a situation where we need to invest into stronger protection and preservation of existing wetlands today to avoid much higher catastrophe relief costs in the future, this proposal removes several layers of protection for those wetlands, reducing the barrier to destroy them for development of housing. This happens after the province of Ontario even under its current government has spent billions in previous years to protect and restore wetlands in full recognition of their importance.\nThe approach taken here seems illogical in that it removes protections for a relatively small but critically important portion of Ontario's land, while there is by no means a shortage of land already zoned and ready for development is does not require protection and can accommodate the overall goal of Bill 23 to build 1.5 million homes. Those homes don't need to be built on wetlands for this plan to become reality.\nI am also very concerned that the onus of wetland evaluation is proposed to be transitioned from local conservation authorities equipped with the skill set and existing trained staff to perform those evaluations in an efficient manner for an entire watershed, to municipalities who don't have staff with the expertise needed and who are already widely understaffed to perform their planning function under current legislation. This proposal will result in more backlogged planning processes at municipalities, higher staffing costs to municipalities who need to find and hire staff able to perform evaluations, and ultimately higher property taxes - exacerbated by the many other additional burdens placed on municipalities by proposals for other areas of Bill 23. Conversation authorities are much more effective in evaluating wetlands, both financially as well as in terms of their competency, and should remain in charge.\nThe scoring criteria for wetlands should remain unchanged, or the threshold for attaining \u201cprotected\u201d status lowered to reflect and maintain the rationale that governs the current Ontario Wetland Evaluation System.\nFurthermore, wetlands should continue to be evaluated as a wetland complex and not just individual wetlands, as looking only at an individual component might not reflect the actual relevance of a system of adjacent or connected wetlands.\nThe proposal as it stands today should not move forward. It does not help to achieve the goals of Bill 23, but in the opposite it will put many residents of those 1.5m new homes at risk as they are no longer benefiting from the protections our current wetlands provide to them and all of us.\n"
    },
    "71596": {
        "url": "/comment/71596",
        "comment": "The proposed changes outlined in bill 23 to OWES would be a complete overhaul of the system and would be jeopardizing a considerable portion of wetlands that are considered significant. Many of these wetlands have developed over decades if not centuries (if not millennia) to become what they are today. Removing protections and making it easier to develop over wetlands will not solve the housing crisis. Wetlands are vital, crucially important ecosystems that are not only the most diverse types of ecosystems we have, but are so crucial for flood attenuation, helping to create buffers from storms, and generally helping to protect our infrastructure in the long run.\nMaking these changes means opening up enormous areas for development. While there seems to be an idea that we can just build over wetlands and easily offset by \"building\" another wetland somewhere else, and that is somehow equivalent or even close to net-zero is completely misguided and entirely incorrect. How can something we build over a couple years compare to ecosystems that have developed over 10s/100s/1000s of years themselves? Research has shown time again that offsetting in this capacity never really works.\nAs someone who just completed the OWES course earlier this year, I learned about how we come to classify wetlands as provincially significant. It takes a lot of work, research, and time to evaluate a wetland, and it takes a lot already for a wetland to be considered significant. The justifications behind what makes a wetland significant, whether biological, hydrological, social or special features, are all based on science, and are not just listed without purpose. And already, we have seen a drastic decrease in wetland covered compared to what we have known historically. With the onset of climate change and knowing that the worst is yet to come means we should be preparing however we can for increased flooding and storm events - going through with these proposed changes means that we are putting ourselves and our homes at risk, valuing short-term benefit (by mainly developers) versus looking at the long-term health of families, this land, and our infrastructure and homes.\nPlease, please understand that everything we do is connected. Taking away the ability for wetlands to be considered significant in a complex is so detrimental - we know and understand that diversity even within systems is so important, and protecting swaths of that variety is just as important as protecting one larger system. Removing the ability to evaluate wetland complexes as significant is a highly damaging move to these habitats, to at-risk species, to connectivity and watershed health overall. Something like 80% of wetlands in Niagara would lose their protections as they are significant as wetland complexes.\nRemoving consideration for species at-risk is also highly problematic-  they are disappearing for a reason, largely due to habitat loss, and these moves are just pushing them closer to extinction as we destroy more and more of their habitat.\nWhat kind of world do we want to leave behind for our children? I want to know more than anything that if I choose to have kids, I can show them the beauty of this province and the biodiversity that I feel so lucky to have in Ontario. The thought that my children or grandchildren won't be able to see some of this same biodiversity is devastating. These proposed changes mean destroying precious ecosystems that can never be recreated. Wetlands are highly complex systems that benefit us more than we may ever know - please don't make it easier for us to lose them. Please do not move forward with these proposed changes.\n"
    },
    "71600": {
        "url": "/comment/71600",
        "comment": "The Ontario Provincial Government and the Ministry of Natural Resources and Forestry (MNRF) are proposing changes to the Ontario Wetland Evaluation System (OWES) procedure.\nThe proposed changes have been summarized on the Environmental Registry of Ontario (ERO), as follows:\n\u2022\tadd new guidance related to re-evaluation of wetlands and updates to mapping of evaluated wetland boundaries\n\u2022\tmake changes to better recognize the professional opinion of wetland evaluators and the role of local decision makers (e.g. municipalities)\n\u2022\tother housekeeping edits to ensure consistency with the above changes throughout the manual\nI have reviewed the changes to the OWES procedure and provide the following review and comments.\nSummary of changes:\n\u2022\tremoval of third-party oversight, assistance, or expertise\n\u2022\tremoval and re-evaluation of wetland complexes\n\u2022\treduction of functionally-linked wetland complexes (750m)\n\u2022\tnew closely grouped wetlands (30m)\n\u2022\twetlands less than 2 hectares will no longer be evaluated\n\u2022\tprotections around Provincially Significant Wetlands (PSWs) reduced\n\u2022\tspecies at risk removed from wetland scoring\nMy concerns with the proposed changes, are as follows:\n1.\tThe loss of third-party oversight and assistance with wetland evaluations has the potential to be detrimental to future wetland evaluations.  There have already been weaknesses in the interpretation of wetlands under the OWES.\n2.\tWetland complexes generally consider functionally linked wetlands within 750 metres of each other. Removing wetland complexes greatly reduces the holistic nature of wetland ecosystems and is likely to have negative unintended consequences to biological function and wildlife corridors.  The proposal does not compensate for a degradation of biological function.\n3.\tI am interpreting \u201cclosely grouped wetlands\u201d as a replacement to wetland complexes.  Where closely grouped wetlands are defined as within 30 metres of each other.  Therefore, closely grouped wetlands are 25x smaller than wetland complexes.  This provision has the ability greatly reduce the amount of wetland areas in the province.  No consideration is given to biological function.\n4.\tWithout wetland complexing, wetlands less than 2 hectares in size may not receive the appropriate protections.\u2003\n5.\tThe quantity of PSWs and the protections around PSWs are being greatly reduced.  By removing Species at Risk in Ontario as a scoring factor, the amount of PSWs will be reduced.  The removal of wetland complexing will also reduce the amount of PSWs.  A reduction in the regulation area from 120 metres to 30 metres will not provide adequate protections for wetland function and biodiversity.\n6.\tI agree that wetland scoring using Species at Risk in Ontario (threatened and endangered) presents some challenges with development and maintenance work on existing infrastructure (i.e. bridge, chimneys, etc.).  However, by removing species at risk as a major component in wetland scoring, we are in turn de-evaluating some wetlands biologic function.\nWetlands provide many important functions such as water filtration, flood mitigation, carbon sequestration, increased biodiversity, and ecosystem support during dry periods.  In Ontario, wetlands are some of the most biodiverse natural features on our landscape and deserve much more protection and understanding then they received.  Wetlands should not be considered an impediment to developed, but should be celebrated and protected.\nEstablished in 1983, the OWES has been useful in evaluating and managing wetlands throughout Ontario.  However, it was not the only system prepared at the time.  Three systems were prepared and the current system was selected.  Since 1983, wetland evaluations have been carried-out all over North America using a myriad of different systems.\nMy recommendations to the review team are simply:\n1.\tRefrain from dismantling the current system;\n2.\tReview and assess existing wetland evaluation systems across North America; and\n3.\tConsider Species at Risk in Ontario and biological function as major components when evaluating wetlands (i.e. keep the ecosystem component in wetland assessments).\nIn closing, at the end of the day we all need and want to see an increased protection of wetlands and the ecosystems they sustain.\n"
    },
    "71622": {
        "url": "/comment/71622",
        "comment": "It seems to me that this Bill is the \u201ceasy way out\u201d for the Ford government. Why not put more work into finding areas within existing cities and communities, like \u201cbrown\u201d sites/spaces to rebuild on? Stripping wetlands of their protection and designations may provide you with your bandaid solution to housing but will create greater challenges and suffering for future generations. This Bill seems very shortsighted to me and lacks depth and a basic understanding of healthy ecosystems. Without wetlands, we will see great loss in species diversity, healthy water systems, habitat, and not to mention the general beauty of these places. Yes, there is a housing \u201cshortage\u201d. But there is an issue with affordable housing and sustainable housing in Ontario. Who benefits from this Bill that removes protections along waterfronts? Certainly not the people trying to find an affordable and sustainable option to live in. I know in our community, it\u2019s the people who want to build McMansions on the waterfront that may benefit from this, no one else. It\u2019s time we start to see more than just dollar signs when we look at land and water. If we don\u2019t, we won\u2019t have anyone to live in these waterside housing developments because the water will be so polluted, the shoreline eroded, and no one will\nBe able to do anything about it because you didn\u2019t listen to the cries to stop and think about the people you say you\u2019re trying to support. This bill supports one thing, greed.\n"
    },
    "71645": {
        "url": "/comment/71645",
        "comment": "These will essentially remove any ability to protect wetlands in this province. Already southwestern Ontario has lost over 80% of its historic wetlands. Wetlands provide valuable and quantifiable ecological goods and services, such as clean water, flood and erosion protection, enhanced groundwater recharge and high biodiversity. This damages our province financially and will result in increased costs of living through insurance, disasters, soil loss and direct impacts on human health.\nThis is a policy change designed to remove protections under the guise of providing housing. We all know we don\u2019t need to develop wetlands to build more housing - sustainable communities need to address density and build up, not out.\nThis is a clear and blatant act of cronyism and corruption by the provincial government.\nThe people of Ontario refuse to allow you to destroy what\u2019s left of our natural resources.\n"
    },
    "71653": {
        "url": "/comment/71653",
        "comment": "My question is where will it stop, if Bill 23 pass we will see more farm land wetland the greenbelt disappear without anybody being able to stop it. Now Ford wants to take away part of the greenbelt this is the start and in the future more will disappear. Not everybody can live in major cities because just too expensive I once had to take a 2x2 hours bus drive to get to work and school, there should be far more bus and train lines to the north, east and west that would solve a big part of the current problem. Even with more housing the prices will not drop because there will be always people who can afford to pay for it. Today I learned that historic trees will be cut, Hamilton has huge problems with sewage leaks and nobody takes responsibility because nobody cares. These are only a few items destroying the environment, we should not just look at the easiest and quickest way to solve a problem for a short time but look at the long-term solution. It is so sad that the government is destroying vulnerable animals and land, you cannot take a turtle and put it somewhere else it will try to return where it comes from it will kill so many animals!!! We need to keep people who will fight for this.\n"
    },
    "71657": {
        "url": "/comment/71657",
        "comment": "Removing wetlands and farmlands will not help. Stop this act before its too late.  We need more wetlands, we need more farms and forests, what we don't need is more urban sprawl. To reduce the carbon footprint we need more plants and oxygen not buildings. Destroying wetlands won't make cheaper housing. How? How would someone living that far from the city commute? Oh let's see building more highways? Stop destroying nature. Vote against this.\n"
    },
    "71669": {
        "url": "/comment/71669",
        "comment": "Protect the wetlands and green belt! Additional housing can be built by densifying existing areas. We are in a climate crisis and wetlands are vital to protecting us from flooding, maintaining our supply of clean drinking water, and preserving biodiversity. While housing is important, urban sprawl and environmental degradation is not the answer!\n"
    },
    "71675": {
        "url": "/comment/71675",
        "comment": "The proposed updates to the Ontario Wetland Evaluation System are egregious, and must not pass. The only way to protect the wetlands that in turn protect us from flooding and serious biodiversity loss is to evaluate them as the interconnected complexes that they are. To shift evaluation from complexes to individual parcels guts the evaluation system and undermines any credible attempt by the Province to protect future homes and public infrastructure from the loss of irreplaceable services. The financial impacts of such a move would be felt by Ontarians for decades, even lifetimes to come. No, it is not okay to evaluate wetlands as proposed.\n"
    },
    "71682": {
        "url": "/comment/71682",
        "comment": "Urban areas have become cement cities and that is so harmful to us in more ways than the general public understands. There is no where for our rainwater or snowmelt to go in urban areas - this increases the risk of flooding, and ends up carrying waste, pollution, and other materials from our cities straight into our waterways through runoff. If Ontario develops over what wetlands we have left, we are going to experience huge increases in flooding risks, loss of local flora and fauna, and increased sediments and pollution everywhere. Whatever compensation areas the government and developers have planned to \"replace\" habitat will NOT be enough. These areas are not 1 to 1 replacements of natural wetlands and ponds, and there is often times no funding in place to support the monitoring of these areas to ensure they are as effective as they say on paper.\nIt's time to put people first, and that comes with putting our HOME (Earth!!) first. We are nothing without our natural environment to support and nurture us. Paving and building over wetlands will only hurt human societies in time, and are not worth whatever money already affluent people are going to make because of this.\nEven if you don't care about the environment, I have strong doubt this housing is going to be \"affordable\" anyways. Last I checked 1.5 million dollar homes aren't within the majority of Canadians reach. So if the Ford government is going to destroy Ontario's nature for homes that aren't even affordable then what is the point of all of this?\n"
    },
    "71688": {
        "url": "/comment/71688",
        "comment": "This is a bad idea. We can\u2019t build forcefully at the cost of precious wetlands. I can\u2019t believe this is an issue at this point; haven\u2019t we negatively affected the environment enough by zoning and building and paving? Our valuable ecosystems and animals can\u2019t speak for themselves or leave internet comments.\nWe should be more careful with what we have in our beautiful country. Build affordable housing apartments in empty lots downtown in your municipalities, not cookie-cutter houses in urban sprawls where our wildlife live.\n"
    },
    "71701": {
        "url": "/comment/71701",
        "comment": "As an Ontario resident, homeowner and taxpayer I am appalled to read your proposed changes to the OWES under the guise or \"more homes built faster.\" Building on wetlands will not provide quality, affordable homes for anyone - nor will it help protect existing homes from increased flooding and erosion as climate change worsens.\nWashing the province's hands of wetland evaluation and dropping it in the laps of developers will create major conflicts of interest where developers can simply re-evaluate a provincially-significant wetland on their property to show it can be removed. This will be made even easier if the Province follows through with removing wetland complexing and species at risk considerations from the evaluation process. Wetlands are more than individual marshes, fens or swamps - they are vast, complex hydrological systems through which water is filtered and purified, carbon is sequestered out of the air and stormwater is stored. When you remove complexing from evaluations, these critical functions will be severed, fragmented and destroyed - cutting some areas off of their critical water supply while leaving others to flood.\nIf it's affordability you're after, please remember that wetlands carry infinitely more economic value when they\u2019re left alone than when they\u2019re developed. A 2021 study from the University of Waterloo found Southern Ontario\u2019s wetlands provide $4.2 billion worth of sediment filtration and phosphorus removal services each year, keeping drinking water sources clean and helping to mitigate harmful algae blooms. Replacing these environmental services with man-made infrastructure could cost anywhere from $2.9 billion to a staggering $164 billion annually, depending on the replacement strategy. And that's just for filtration! As a taxpayer, I find this strategy extremely short-sighted and irresponsible.\nWetlands are also the cheapest and most efficient carbon sequestration machines on the planet. By merely existing, wetlands absorb carbon out of the atmosphere and hold it in their organic soils for centuries \u2013 all for free. When a wetland is destroyed, it stops pulling carbon out of the atmosphere and its collected carbon is potentially released back into the world. Taxpayers then either foot the bill for a man-made carbon capture facility or face the rising costs of a rapidly changing climate.\nWetlands are also excellent stormwater management systems, and can dramatically reduce the impact of major floods. Given that all three levels of government paid multi-millions in emergency response costs after the 2019 floods across Ontario - most notably in the Ottawa region - your government should understand that allowing more and bigger floods through wetland degradation is not beneficial to your bottom line or to taxpayers.\nThe Province argues that it has an offsetting plan, but it is, so far, incomplete and undeveloped - a major concern when the Province is poised to remove wetland protections. We don't yet know who will be responsible for managing and enforcing offsetting requirements, at what ratio, or if developers will be required to offset in the same catchment, subwatershed or even watershed as the lost wetland. Cash-in-lieu options are especially concerning, as they will most severely impact areas that have already experienced drastic historic wetland loss due to urbanization.\nFurthermore, offsetting should be the last resort when it comes to wetlands. The guiding principle has been, and should remain, protection first. Wetlands and all of their many interconnected natural services are next to impossible to replicate, and can take years or decades to become truly functional. It's also extremely costly - as much as $1500/sq m of created wetland. It would be cheaper for the developer to simply build somewhere else.  I urge the province to reconsider this strategy and adopt a robust Protection First policy with clear guidelines on how offsetting should be applied.\nOn OWES generally, I implore the Province to reconsider these short-sighted and destructive proposals and give Ontario the future it deserves - one of sustainable development, liveable cities and protection from worsening climate change.\nThank you.\n"
    },
    "71714": {
        "url": "/comment/71714",
        "comment": "The housing crisis faced in Ontario must be planned by all of our elected officials working collectively on innovative solutions to increase housing availability that is sustainable to the environment. Europeans have been doing this for decades as they do not have the land Ontario and Canada has. Let\u2019s not take the easy approach and absorb our virgin lands for housing and the supporting infrastructures such as roads.\nThe cost of building homes by re-evaluating wetlands and farmlands to expand housing developments into rural areas is not sustainable for the future of Ontario and Canada for these main reasons:\n\u2022\tWith the info published by IPCC and Cop27 Paris Climate Change agreement, our world has 10 years to reduce our carbon emissions to minimize a 1.5-degree Celsius rise in global temperature.\n\u2022\tCanada has promised to reduce carbon emissions by 40% by 2030 and be net zero by 2040.   \u2022\tFarmlands in Ontario are reduced by 321 acres a day in Ontario , food security is at risk both for Ontario and Canada. Wetlands and farmlands are a much higher value on what they provide as carbon sinks, habitat for species, food security vs the commercial land value or housing value.\n\u2022\tAmendments to Bill 23 submitted by the Conservation Authorities of Ontario, majors of Ontario, naturalists and scientists will provide sound evidence on why wetlands, greenspaces, and farmlands must be fiercely protected.\n\u2022\tA climate lawsuit by a group of high-school students and Ecojustice, Mathur et. al. v. Her Majesty in Right of Ontario   had a full hearing in the Ontario Supreme Court on September 2022. They argued that Premier Ford\u2019s policies has weakened steps made to reduce climate change and their constitutional rights for life, liberty and security have been violated.\n\u2022\tBill 23 as it stands, would compound the effects of climate change.\n"
    }
}