{
    "72248": {
        "url": "/comment/72248",
        "comment": "I am writing to express my opposition to any weakening of existing wetland evaluation policy and procedures.\nWe need the Ontario Ministry of Natural Resources and Forestry to remain involved in wetland evaluation and to lead development of wetland policy in Ontario. Approximately 80 percent of wetlands have been lost in southern Ontario and we need strong policies and scientific input to policies to protect wetlands. The proposed policy change would reduce the scientific expertise needed to evaluate development proposals. Municipalities do not have the expertise to evaluate the impacts of development on natural heritage features and the development industry has a conflict of interest in evaluating impacts on natural features. Conservation Authorities have an important role in advising on impacts of new development. We have seen here in Peterborough, as elsewhere, the effects of extreme weather on floodplains, with two 100 year flood events in the last twenty years. Historically, some housing has been built too close to rivers and lakes, with the result that there is  damaging flooding during high rainfalls.\nWetlands need to be preserved under the Ontario Wetland Evaluation System, to protect our water sources and fight climate change.\nThere are other, more environmentally friendly solutions to the housing crisis - more urban infill, developments that are less reliant on cars, higher density dwellings, a relaxing of municipal bylaws that allow for basement and in-house apartments, and more.\nIn the face of unprecedented and accelerating biodiversity loss and the ever-worsening climate crisis, it is vital that your government do its utmost to protect the farmland, wetlands, forests, rivers and other natural areas that sustain us. As Ontario's Housing Affordability Task Force explained in its 2022 report, we do not need to sacrifice environmental protection to address the housing crisis. That's because \"a shortage of land isn't the cause of the problem.\" (p.10) There is a vast supply of land already open for development within existing municipal settlement boundaries.\nI urge you to 1) withdraw all policy changes that would weaken the protection of farmland and natural heritage; and 2) retain and uphold the role of the public, CAs, the Ministry of Natural Resources and Forestry and regional municipalities in wetland evaluation, environmental planning and decision-making.\n"
    },
    "72250": {
        "url": "/comment/72250",
        "comment": "From:\tThe Ottawa River Institute (www.ottawariverinstitute.ca)\nDate:\tNovember 24, 2022\nSubject: ERO number 019-6160, Proposed updates to the Ontario Wetland Evaluation System (in the context of various changes to the Conservation Authorities Act and the Planning Act proposed by Bill 23)\nOur group, Ottawa River Institute, takes actions to foster sustainable communities and ecological integrity in the Ottawa River watershed.  Our president co-authored the widely-cited journal article, Riparian Forests as Nutrient Filters in Agricultural Watersheds, and had a 28-year career as a federal scientist working on forest ecology and biodiversity conservation.\nThe policy changes proposed in ERO number 019-6160 must be viewed in the wider contest of proposed legislative amendments to the Conservation Authorities Act (Schedule 2) and Planning Act (Schedule 9).\nDucks Unlimited Canada says these proposed amendments threaten to accelerate the loss of wetlands and their associated ecosystems, including impacts on water and other climate mitigation and adaptation service benefits.\nOur group missed the deadline to comment on Bill 23, but we fully support the submission from Ducks Unlimited Canada.\nThe proposal summary for ERO number 019-6160 says that the proposed wetland evaluation policy changes would \u201cremove duplicate requirements and streamline the evaluation process\u201d in support of construction of 1.5 million new housing units.\nBut this so very, very wrong.\nJust as Bill 23 will not improve the housing supply situation in Ontario, neither will the proposed policy changes in ERO number 019-6160.  In fact, increased housing supply is the wrong goal.  The goal must be to develop sustainable communities.  Focusing solely on suburban housing construction is short-sighted in the extreme.\nWetlands are a critical part of our developed landscapes.  Water is life.  By retaining and filtering water, wetlands make human communities sustainable.  They are biodiversity hotspots.\nPeople with ready access to biodiversity-rich green spaces such as wetlands lead healthier, happier lives.\nOur group has compiled information about wetlands in the County of Renfrew on our Renfrew County Nature Notebook.  We are proud that the County, and eastern Ontario in general, remain rich in wetlands, given the vast loss of wetlands in southern Ontario.\nMany of our wetlands exist as complexes, such as the Killaloe Swamp or the Muskrat Lake Complex.  Many are designated as provincially significant.  Some, such as the Snake River Marsh, Conroy Marsh and Westmeath Bog are protected as conservation reserves.  Our group has led many outings in the County of Renfrew\u2019s wetlands.\nWe understand the consequences of wetland loss.  Drainage of the Upper Osceola Marsh and channelization of the Snake River upstream of its point of discharge into Muskrat Lake has caused serious pollution of that water body by agricultural runoff.  People in Cobden get their drinking water from Muskrat Lake.  We have worked with other groups such as the Muskrat Watershed Council to mitigate the impacts of wetland loss.\nWe understand the benefits of wetland creation.  In the City of Ottawa, portions of the formerly channelized Carp River are being restored.  Life is returning.  Local residents are enjoying the trails along the shoreline.  School groups are studying the return of life.\nAnother good example of the benefits of wetland creation in the City of Ottawa is the series of stormwater retention ponds along Sawmill Creek in the city\u2019s south end.  Heavily-used trails along these ponds provide major recreational benefits.\nRetaining wetlands in proximity to housing \u2013 not destroying the ecosystem services they provide \u2013 makes communities sustainable.  Ecological integrity and sustainable communities go hand-in-hand.\nThe province of Ontario should be enacting policy changes to increase the supply of wetlands.\nWetland complexes function as a unit and must be retained in their entirety.  The 150-meter buffer zones around wetlands (whose importance has benn demonstrated through extensive research work) must be retained.\nMNRF and Conservation Authority staff, who are the experts in wetland hydrology and biodiversity, must retain their powers to designate additional wetlands as being of provincial significance.  Many wetlands in the County of Renfrew that currently lack designation as provincially significant but are worthy of that designation (the Little Lakes wetland complex near Beachburg is but one example).\nWe see no merit in the proposed policy changes in ERO number 019-6160.\n"
    },
    "72253": {
        "url": "/comment/72253",
        "comment": "We are in the Anthropocene. The Earth is screaming at us to stop destroying what keeps this world healthy. This includes your own backyard. We need to become stewards of life and land, care for what cares for us. Further development on the greenbelt or in any wetland ecosystem is only perpetuating harm against life, the right to water, and the right to health.\nSay NO to further development. Find a smarter way to house people. Build Canada up as a leader of innovation that can care for land and humans in equal measure. Become a leader of the future and not simply put a bandage on the ills of today. This begins now, with every small action, with every choice.\n"
    },
    "72258": {
        "url": "/comment/72258",
        "comment": "We all need wetlands and the great farm land in the Greenbelt for drinking water, food, and to connect with nature.\nThe people do not give consent to a few land speculators to chisel away land in the Greenbelt for housing.\nThe people do not give consent to Doug Ford to use the housing crisis to help a few of his donor friends to profit. There are plenty of other ways to fix the housing crisis. Just ask people.\n"
    },
    "72263": {
        "url": "/comment/72263",
        "comment": "I am commenting because I oppose this proposal which would be devastating  to our wetlands and watersheds. There is nothing more important than environmental protection for the future of this province. This proposal will eat away at our most sensitive lands for the sake of short sighted development . Hands off our wetlands .\n"
    },
    "72265": {
        "url": "/comment/72265",
        "comment": "Ontario has had intelligent people make some very good regulations about environment, wetlands and housing. These regulations have allowed opinions from many non governmental  groups. This should not be stopped as they represent knowledge and history of the land and wetlands that is not represented by government interests.\nOntario is a big beautiful province. Why make it easier to  build on life sustaining and climate ameliorating wet lands in the south when there are municipalities  who would love to have more housing? If more housing was built further from these wetlands it would be beneficial to more communities. Densification in the centres we have already, especially in the NORTH where there are facilities to serve those homes built would be a viable alternative. Densification and change in zoning to allow this would be able to provide housing in the space already occupied by the built environment.\nA great Canadian once said \u2018They paved paradise and put up a parking lot\u2019.\nWe need our wetlands for water, a basic human need.\n Today, toput up single family homes on unbuilt wild wet lands is a crime.\n"
    },
    "72268": {
        "url": "/comment/72268",
        "comment": "As I watch trees being cut, swamps being drained and million dollar homes being built on excellent farm land I shudder. Our air is being polluted by commuters. The need for housing is in the downtown cores of cities but of course developers are not interested in building affordable rental units and this Ontario government is only paying lip service to supporting the poor and homeless.\nAre you really interested in low cost housing? Then retrofit the half empty buildings in the core of most cities and put a lid on building large single family homes in swamps, flood plains, and productive farm land.\n"
    },
    "72277": {
        "url": "/comment/72277",
        "comment": "If the proposed changes to the Ontario Wetland Evaluation System (OWES) go ahead, here's what will happen and the problems this will created.\nNo more wetland complexing, and existing provincially significant wetland complexes can be broken apart, with each small wetland re-evaluated separately.  The problem with this plan - water does not respect boundaries.  It flows and will find its natural connections within the complex.  Wetlands cannot be assessed separately.\nThe threshold for significance remains the same, so an individual wetland must attain the same score as the much larger wetland complex to remain significant.  The problem with this concept - as we see when a beaver dams a stream, suddenly we have a lake and downstream dries.\nThe score for threatened and endangered species will be eliminated. Instead of scoring 250 points previously, they will score 50 points as \"provincially significant\" species.  The problem - where is the evidence that the risk to threatened and endangered species is reduced because a decision has been made to separate wetlands?  The risk is unchanged by artificially drawn lines on a map.\nThe Province will have NO role in reviewing or approving wetland evaluations. In fact, the Province will no longer keep wetland evaluation files or maintain significant wetland mapping. Nor will it provide information for use in wetland evaluations.  This decision provides a stronger argument for expanding the authorities of the Conservation Authorities to encompass these roles previously a responsibility of the Province.\nAll responsibility will be delegated to local planning authorities such as municipalities. BUT... the municipalities will have NO authority to review and approve wetland evaluations.  The problem - this plan provides no increased funding for adding the necessary expertise at the municipal level and the funding will be greater than what is required at the provincial level.  BUT the government apparently has considered this problem and solved it - with NO authority to review and approve wetland evaluations what does access to funding and expertise matter anyway.\nThe changes say explicitly that a wetland evaluation will be considered \"complete\" when it is \"received\" by a planning authority.  This is a very distressing conclusion.  Will the government also use this precedent to degrade the importance of a professional engineer\u2019s stamp when evaluating the safety of plans for infrastructure construction?\nThe wetland evaluator will only be accountable for the objectivity and accuracy of the wetland evaluation to the person paying for it.  The problem - Ontario\u2019s natural heritage \u201cbelongs\u201d to all of us not land developers, not government.  It is hard to believe: the property owner or developer seeking to remove the significant wetland designation will be the only authority determining if the wetland evaluation is valid.\nFinally, the proposed changes to OWES make it clear that the Province intends to remove protections for provincially significant wetlands from the Provincial Policy Statement, in favor of some sort of \"offsetting\" policy.  The problem - natural ecological areas are complex and unique.  They are not man-made.  Eons and epochs have created their uniqueness.  There is no offsetting equivalency that makes this plan sensible.\n"
    },
    "72281": {
        "url": "/comment/72281",
        "comment": "Do not pass Bill 23. We need to maintain protections for our wetlands and focus on building density in existing urban areas to increase housing stock, rather than creating more sprawl. Dismantling the Greenbelt is not the answer to our housing crisis. We need those natural areas for flood mitigation, agriculture and clean water. Bill 23 will be destructive, not constructive.\n"
    },
    "72283": {
        "url": "/comment/72283",
        "comment": "The proposed changes to the Ontario Wetland Evaluation System are a significant step in the wrong direction for the people of Ontario. Wetlands are going to be an integral part of Ontario\u2019s strategy to mitigate the effects and stress on Ontario\u2019s communities caused by climate change. I am concerned that the proposed changes to the Ontario Wetland Evaluation System will accelerate wetland losses and degrade other significant wetlands in southern Ontario. It is estimated that southern Ontario has already lost greater than 70 percent of its original wetlands.\nThe storm sewer infrastructure of many urban areas of southern Ontario is already struggling to manage the flooding associated with urbanization and wetland loss. Protecting and restoring wetland cover in these urban areas of southern Ontario is critical to avoid the problems experienced in our older communities and to mitigate and adapt to the expected negative effects of climate change. The damage to property and the risk to human life resulting from additional wetland losses will cost Ontario\u2019s taxpayers and businesses. It is more cost-effective to protect Ontario\u2019s existing natural wetlands.\nThe following is a list of concerns and recommendations in response to the proposed changes to the Ontario Wetland Evaluation System. Where applicable page references in the Proposed Updates to the Ontario Wetland Evaluation System document have been provided.\n1.\tApproval for the Wetland Evaluations\nThe proposed changes to the Ontario Wetland Evaluation System seem to indicate that the Province intends to abandon its responsibility for overseeing the administration of the OWES and the protection of Ontario\u2019s significant wetlands. There are several proposed edits that strike-out references to the Ontario Ministry of Natural Resources and Forestry \u201cadministering (p. 3), advising (p. 4) and approving (p. 7)\u201d wetland evaluations. The proposed changes also strive to \u201cMake changes to better recognize the professional opinion of wetland evaluators and the role of local decision makers (e.g. municipalities)\u201d.\nThe proposed changes suggest that the Province may be considering downloading responsibility for approving wetland evaluations to local municipalities. The vast majority of municipalities currently lack the staff or expertise needed to assess the correctness and completeness of the evaluation to properly support the approval process.\nIn addition, downloading this responsibility to the municipalities is an inefficient use of tax dollars. Downloading to the municipalities would require each municipality to hire or train staff or rely on external consultants, which is more costly, to provide the knowledge and expertise necessary to properly assess and approve wetland evaluations. There has been recent pressure from the development industry to have municipalities accept the developer's consultant\u2019s opinion on the significance of natural heritage features associated with the development to make land use planning decisions. This is a conflict of interest. The consultants working on these environmental studies are retained by the developer and are working for the interests of their clients, not the municipality. This puts significant natural heritage features and the interests of the people of the municipality and Ontario at risk. The Ontario Ministry of Natural Resources and Forestry provides a more cost-effective service by providing the needed knowledge and expertise to all of the municipalities in its District.\nOversight by the Province will also ensure the quality of wetland evaluations and that the application of wetlands policies is fair and consistent and protects the interests of the people of Ontario.\nThe hydrologic and ecologic functions of wetlands are strongly influenced by the characteristics of the surrounding landscape (e.g. proximity to other natural areas, the amount of impermeable surfaces, and the quality of water within the wetland\u2019s catchment). These functions cross property and municipal boundaries.  Wetlands must be managed at a landscape and watershed scale to protect their hydrologic and ecologic functions. Provincial oversight of the wetland evaluation has a better chance of ensuring that the hydrologic function of the wetland is properly assessed and considered in the evaluation. This cannot happen at the property or in some cases the municipal scale.\nThe Province also maintains a centralized repository of information and mapping of wetlands in Ontario. Municipalities, conservation authorities, consultants and academics rely on this important information to guide Ontario\u2019s land use, resources and water management decisions. Reassigning responsibility for the administration and approval of wetland evaluation to municipalities or other external parties will result in the loss or corruption of some or all of this valuable and critical data set.\nI recommend that the Province through the Ontario Ministry of Natural Resources and Forestry retain responsibility for administering and approving wetland evaluations.\n2.\tWetland Complexing\nThe proposed updates to the Ontario Wetland Evaluation System strikes-out the wetland complex section and many references to the term.\nThe concept of wetland complexes in the Ontario Wetland Evaluation System addresses the hydrological and ecological functional relationship between wetlands in proximity to one another. Losing the concept of wetland complexes from OWES would result in the loss of smaller wetlands that support the hydrologic and ecologic functions and values of larger wetlands. This can cause an unintentional cascading effect that would degrade the function of the larger wetlands and produce further wetland losses.\nWetlands provide an important service to our communities by reducing the severity of damage caused by flooding and erosion during storms. The amount of wetland on the landscape relates to the ability of the land and our river systems to safely store and convey stormwater. Urban streams in areas with low wetland cover produce extreme and dangerous flows within minutes of the storm. In some urban streams, small intense summer storms cause hazardous conditions to develop so quickly that conservation authorities and emergency services cannot provide sufficient advance warning to the community downstream. The loss of additional wetlands resulting from these proposed changes to OWES will produce new hazard lands in our communities and put more people and property at risk.\nI am concerned that removing the concept of wetland complexes will produce significant wetland losses resulting in less stormwater storage capacity in watersheds, increased flooding and erosion, increased risk to life and property, and unintended negative effects in the remaining wetlands and other significant natural heritage features and functions.\nI recommend that the Province retain the concept and section of the Ontario Wetland Evaluation referring to wetland complexes.\n3.\tSpecies At Risk\nThe Province proposes to remove scoring in the OWES for Species At Risk. It is important to recognize that wetlands provide multiple functions including habitat for species at risk. Species at Risk may have been observed in a particular wetland unit but it is very likely that the other wetlands also provide habitat for that species and would support the recovery of the species at risk. Typically, the application of the regulations under the Ontario Endangered Species Act focuses only on the wetland in which the species at risk was observed. The Ontario Wetland Evaluation System provides a landscape scale approach that is more likely to protect other habitats that support that species and contribute to its recovery.\nI recommend that the Province keep the consideration of Species At Risk in the Ontario Wetland Evaluation.\n4.\tAppendix 10 \u2013 Wetland Plant List\nThe proposed changes to the Ontario Wetland Evaluation System intend to remove the Wetland Plant List in Appendix 10 as the authoritative list for delineating wetland boundaries.\nThis wetland plant list is intended to support the delineation of the authoritative and only list to be used to delineate wetland boundaries using the Ontario Wetland Evaluation System. The list is to be used to apply the 50% rule, and is not intended as an exhaustive list of all species that may be scored under the Special Features component.\nI am concerned that this will result in a lot of arguments and inconsistencies in the identification and evaluation of wetlands. One botanist or biologist will say that it is a wetland while another says it is not. Likewise, one botanist or biologist will say that the wetland starts here while another says it starts over there. This conflict could result in the miss identification and delineation of wetlands and result in a loss of wetlands or a delay in the approval process.\nThe plant list was developed to address this issue and avoid this conflict. The species list was developed based on the consensus of botanical experts. I recommend that the province retain the Wetland Plant List in Appendix 10 as the authoritative list for delineating wetland boundaries in the application of the Ontario Wetland Evaluation System.\n5.\tWetlands and Climate Change Mitigation\nI am also concerned that many of the proposed changes will result in significant wetland losses and impair our municipalities' ability to mitigate the negative effects of climate change.\nClimate change in Ontario is expected to produce more intense rainfall, ice and windstorms, drought and heat waves. These events can cause damage to property and disruptions to critical infrastructure and businesses. Wetlands store, infiltrate and evaporate stormwater helping to reduce the severity of damage caused by flooding and erosion. Wetlands are a critical part of Ontario\u2019s strategy to adapt to and mitigate the negative effects of climate change. Many wetlands are hydrologically connected to streams and other wetlands. The loss of smaller wetlands can have a cascading effect on the quality, health and functions of our rivers and other significant wetlands. Wetlands support communities that are resilient to threats caused by a changing climate. Unfortunately, wetlands are also vulnerable to the effects of climate change. Additional wetland losses will exasperate the effects of climate change on our communities and the remaining wetlands and other natural heritage. Losing wetlands will amplify this problem on the remaining wetlands.\n6.\tContradiction with Ontario\u2019s Wetland Strategy\nFinally, I am very concerned that many of the proposed changes will result in significant wetland losses which is inconsistent with Ontario\u2019s Wetland Strategy which states;\nBy 2025, the net loss of wetland area and function is halted where wetland loss has been the greatest.\nBy 2030, a net gain in wetland area and function is achieved where wetland loss has been the greatest.\nAgain, I think that the proposed changes to the Ontario Wetland Evaluation System are a significant step in the wrong direction for the future of Ontario. The notion that these changes are needed to provide more housing is false. There is an abundant supply of developable land on the urban fringe of many urban centers in southern Ontario. The Province and the development community are using the current economic and social challenges to dismantle Ontario\u2019s environmental protections. This will benefit developers at the expense of Ontario\u2019s future and the taxpayers.\n"
    },
    "72284": {
        "url": "/comment/72284",
        "comment": "I am writing to express my opposition to Bill 23 and associated policy proposals that would weaken environmental protections and undermine public involvement in land use planning and decision-making.\nI am particularly concerned about the:\n1. Removal of my right to appeal on planning matters that affect my community;\n2. Limitations on the power of conservation authorities (CAs) to regulate or prohibit development that negatively impacts wetlands, rivers or streams, to provide expert review of planning applications, and to appeal planning decisions;\n3. Removal of the role of seven regional municipalities (Simcoe, Durham, Halton, Peel, Niagara, Waterloo and York) in planning matters, thereby eliminating coordinated efforts to protect farmland and natural areas, determine optimal locations for development and infrastructure, and efficiently deliver municipal services;\n4. Drastic amendments to the Ontario Wetland Evaluation System, ensuring that very few wetlands in Ontario will be deemed provincially significant and protected from development;\n5. Replacement of the Provincial Policy Statement with a new policy instrument geared to facilitating unchecked development; and\n6. Creation of a natural heritage offsetting policy and \u201cpay to slay\u201d fund that could lead to widespread and extremely risky tradeoffs, where existing natural areas are sacrificed on the faulty premise that they can be recreated or restored elsewhere.\nIn the face of unprecedented and accelerating biodiversity loss and the ever-worsening climate crisis, it is vital that your government do its utmost to protect the farmland, wetlands, forests, rivers and other natural areas that sustain us. As Ontario\u2019s Housing Affordability Task Force explained in its 2022 report, we do not need to sacrifice environmental protection to address the housing crisis. That\u2019s because \u201ca shortage of land isn\u2019t the cause of the problem.\u201d (p.10) There is a vast supply of land already open for development within existing municipal settlement boundaries.\nI urge you to 1) withdraw all amendments likely to weaken the protection of farmland and natural heritage; and 2) retain and uphold the role of the public, CAs and regional municipalities in environmental planning and decision-making.\n"
    },
    "72300": {
        "url": "/comment/72300",
        "comment": "Please see attached comments\n"
    },
    "72302": {
        "url": "/comment/72302",
        "comment": "In reviewing this document and its proposed changes, the changes remove the substance of the this document and  its extensive protections of Ontario's wetlands.  It removes the powers of both the Conservation Authorities and the local municipalities to preserve & protect wetlands, their species and biodiversity.  It will further reduce Ontario wetlands at a time when they are most needed to protect against flooding, preserve water quality, and act as a carbon sink.\nThis Government seems intent on removing many, many environmental protections and carbon reductions initiatives.  I do not believe that any changes to our wetlands will help with the housing crisis which is the presumed basis of these changes.  It will increase sprawl, increased commuting distances and pollution.  There are many lands already allocated to future housing that have not been developed yet, and in any case, we need to be increasing the density of housing within cities and not expanding in to agricultural lands or wetlands.\nI strongly urge this government to do the right action, listen to the protest against these changes, and protect Ontario's wetlands.\n"
    },
    "72309": {
        "url": "/comment/72309",
        "comment": "Please consider growing up not out into our currently protected natural areas. We have many many empty concrete buildings which should be repurposed as housing. What good will it be to build houses into a landscape that depletes the little natural world that is left. It is an environmentally short sighted goal. Sustainability has to be key to making decisions if the sake of future generations is your genuine concern.\n"
    },
    "72310": {
        "url": "/comment/72310",
        "comment": "November 24, 2022\nThe Honourable Graydon Smith\nMinister of Natural Resources and Forestry\nWhitney Block,\n99 Wellesley St W,\nToronto, ON\nM7A 1W3\nminister.mnrf@ontario.ca\nDear Minister Smith,\nRe: ERO #019-6160 - Proposed Updates to the Ontario Wetland Evaluation System\nWe, the 70 undersigned organizations, are strongly opposed to the Ministry of Natural Resources and Forestry\u2019s (MNRF) proposed changes to the Ontario Wetland Evaluation System (OWES), as they would completely undermine the protection of wetlands in Ontario.\nAs you know, the OWES is a science-based ranking system that provides a standardized approach to determining the relative value of wetlands. OWES assessments are necessary to designate Provincially Significant Wetlands (PSWs). This designation in turn results in a high level of protection under provincial law and policy such as the Provincial Policy Statement (sections 2.1.4,  2.1.5 and 2.1.8). Yet the complete overhaul of the OWES, as proposed, will ensure that very few wetlands would be deemed provincially significant in the future and that many if not most existing PSWs could lose that designation. As a result, very few of Ontario\u2019s wetlands would benefit in the future from the protection that PSW designation currently provides. We urge you not to proceed with the proposed changes to the OWES, for the reasons outlined below.\n1. Misguided purpose of proposed changes\nAccording to the ERO posting, the purpose of the proposed changes is to support the construction of 1.5 million new housing units over the next ten years by streamlining the wetland evaluation process. This purpose is misguided for several reasons.\nFirst, as noted by Ontario\u2019s Housing Affordability Task Force, a shortage of land isn\u2019t the cause of the housing shortage:\nLand is available, both inside the existing built-up areas and on undeveloped land outside greenbelts \u2026 Most of the solution must come from densification. Greenbelts and other environmentally sensitive areas must be protected, and farms provide food and food security. Relying too heavily on undeveloped land would whittle away too much of the already small share of land devoted to agriculture. (Housing Affordability Task Force, 2022, p.10)\nThere is no need to pave over wetlands to provide housing.\nSecond, as noted in the 2019 report of Ontario\u2019s Special Advisor on Flooding, wetlands are vital in addressing the harmful impacts of increasingly frequent and intense rainfall events and reducing associated flood damages and financial losses. Among its sources, the report referenced two studies: one commissioned by MNRF in 2017 which found that \u201cmaintaining wetlands can reduce flood damages and costs by 29% in rural areas and by 38% in urban areas;\u201d and another by the Insurance Bureau of Canada documenting the \u201ccost-effective\u201d ability of wetlands to reduce flood damages and associated costs. We simply can\u2019t afford to weaken protections for wetlands. In addition to flood control, wetlands provide water filtration, carbon storage, groundwater recharge, erosion control, wildlife habitat, wild foods and medicines, and recreational opportunities. They provide these benefits at minimal cost to taxpayers. In a 2009 study commissioned by MNRF the contribution of wetlands to human well-being was conservatively estimated at over $51 billion per year in southern Ontario alone.\nThird, historic wetland loss in southern Ontario exceeds 72 percent, and the loss continues. In municipalities such as Essex, Kent, Lambton, Brant, Russell & Prescott, Perth, Middlesex, Niagara and Toronto, wetland losses exceed 85 percent. Given the fundamental importance of wetlands in responding to the interconnected crises of climate change and biodiversity loss, the Government of Ontario should be doing its utmost to strengthen, not weaken wetland evaluation and protection.\n2. Wetland complexes no longer to be recognized or considered\nAs stated in the ERO posting, the OWES is the official procedure to identify PSWs and determine their boundaries, using a science-based scoring system that takes into account biological, social, hydrological and special features. Identifying wetland complexes has been integral to the evaluation and scoring process, based on the understanding that delineating \u201cthe wetland units into individually recognized wetlands would not be an ecologically or functionally sound process.\u201d This is because:\nWetland complexes are commonly related in a functional way, that is, as a group they tend to have similar or complementary biological, social and/or hydrological functions. Much of the wildlife in the area of the complex is variously dependent upon the presence of the entire complex of wetlands, with each wetland unit contributing to the whole. (OWES \u2013 Southern Manual, p. 39)\nMNRF is proposing to no longer consider wetland complexes as part of the OWES, a plan that is not science-based and will facilitate and promote the \u201cde-listing\u201d of provincially significant wetlands. Despite decades of effort to develop and refine approaches to delineating and scoring wetland complexes, these would be erased from the system. As a result, crucial interconnections among individual wetlands will no longer matter, and smaller wetlands assessed in isolation from the whole simply won\u2019t qualify.\nIn the current system, wetland complexes have been a major factor in designating wetlands as PSWs. Wetlands are complexed based on their proximity to each other and their occurrence within the same watershed. This makes sense from a variety of perspectives, including resilience to climate change impacts: while one small wetland may not be able to protect a town from flooding, a complex of wetlands may be able to.\nIf MNRF proceeds with the proposed changes, very few new PSWs will be designated in the future and many existing PSWs will lose that designation and the protection it affords. Developers who want to drain or pave over a wetland will have an easy time with the new piecemeal approach \u2013 just ignore the complex and separate the evaluation of individual wetlands from that of the whole. An individual wetland could be re-evaluated by a developer without consideration for how it contributes hydrologically or ecologically to the remaining complex. Through this process the complex could be disassembled bit by bit until nothing remains of the PSW.\n3. Endangered and threatened species no longer to be recognized\nMNRF is proposing to no longer recognize the presence of endangered or threatened species in the OWES process, a criterion which is currently a key factor in determining provincial significance. Wetlands provide habitat for at least 20 percent of Ontario\u2019s species at risk. Protecting the habitats upon which they rely to carry out their life processes (e.g., reproduction, migration, feeding, hibernation) is critical to their survival and recovery. Currently, the presence of endangered or threatened species automatically qualifies the wetland as provincially significant. But with the proposed changes, species at risk will be considered only as \u201cprovincially tracked species,\u201d worth far less in the evaluation. This major change would affect the evaluation of most wetlands in Ontario, leaving many of these wetlands and the significant species that rely on them vulnerable to the adverse impacts of development.\n4. Provincial government oversight and coordination removed from the OWES\nMNRF is proposing to remove itself from any involvement in Ontario\u2019s wetland evaluation process, despite the deep and valuable expertise of ministry staff who have overseen the process for decades. No central agency is being assigned to coordinate or approve evaluations or to ensure that information about PSW designation is publicly accessible. Consultation with MNRF will no longer be an option. It appears that approval authority will be downloaded to municipalities, many of which have little expertise and would no longer be able to consult with conservation authorities (due to proposed Bill 23 amendments to the Conservation Authorities Act). The onus would be on the wetland evaluator (working in most cases for development proponents) to inform the municipality and landowners in writing about the outcome of the evaluation or re-evaluation.\nMNRF\u2019s abandonment of its role in wetland evaluation is problematic in many respects:\ni)\tThere would be no central administration of the OWES program going forward, including training and certification oversight;\nii)\tMost wetland evaluations and re-evaluations would be undertaken by evaluators working for development proponents with no checks and balances, creating a built-in bias in favour of development;\niii)\tThere would be no central authority to make decisions regarding conflicting opinions;\niv)\tMNRF would have no authority to intervene on behalf of the public regarding an evaluation of questionable merit;\nv)\tMNRF would not be aware of wetland evaluations and outcomes, undermining coordination and public transparency. There would be no centralized process for record-keeping and uploading the information to Land Information Ontario, necessary to ensure that public and private organizations and individuals can find, access and share geographic data;\nvi)\tTaxes and landowner eligibility for the Conservation Land Tax Incentive Program) would be negatively impacted. MNRF\u2019s approach has been to contact all landowners with more than two hectares of wetland within the PSW and invite them to participate in the tax incentive program. Landowners currently participating in the program could see this benefit removed if the wetland is re-evaluated and loses its PSW status.\nvii)\tMNRF\u2019s non-involvement would severely compromise its ability to achieve the two targets it set out in the Wetland Conservation Strategy for Ontario, 2017 \u2013 2030: 1) by 2025, the net loss of wetland area and function is halted where wetland loss has been the greatest; and 2) by 2030, a net gain in wetland area and function is achieved where wetland loss has been the greatest.\n5. Timing of proposed changes\nThe proposed changes to the OWES are going forward at the same time as numerous other proposed law and policy amendments that will negatively impact wetland conservation in Ontario. These include proposed changes to the Planning Act, the Conservation Authorities Act, the Provincial Policy Statement and the Greenbelt Plan as well as the creation of a new offsetting policy for natural heritage. The broad scope of the proposals and the haste with which they are being pushed forward mean that the public\u2019s ability to comprehend and respond is severely compromised. These factors, along with the tight timeline for public comment on the proposed OWES changes (minimum 30-day comment period on the ERO) suggest that MNRF has little interest in receiving informed public comment on the proposal.\n6. Inaccurate and misleading analysis of the regulatory impact on the ERO\nMNRF\u2019s description of the anticipated impacts of the OWES changes on the ERO posting are misleading and far from comprehensive. They speak only to the impacts on business which MNRF anticipates will be positive or neutral. They say nothing whatsoever about the significant negative environmental, social or economic impacts related to wetland loss that would arise from the changes to the OWES system. It would appear either that no thought has been given to these impacts or that the ministry simply does not care.\nConcluding remarks\nIf MNRF proceeds with the proposed changes to the OWES, Ontarians can anticipate that very few PSWs would be designated in the future, that most existing PSWs would be vulnerable to losing that designation, and that ongoing wetland loss in Ontario would accelerate and intensify.\nOntario\u2019s wetlands play a critical role in sustaining healthy communities, enhancing climate change resilience and conserving biodiversity. We urge you not to proceed with the proposed changes to the OWES.\n"
    },
    "72313": {
        "url": "/comment/72313",
        "comment": "This proposal creates a huge risk to our environment. Wet lands are extremely important in our ecosystem and making it easier to destroy them is unacceptable. There has to be an extensive evaluation before even thinking to develop on wetlands. Making this easier by \u201cstreamlining\u201d is very disturbing.\n"
    },
    "72320": {
        "url": "/comment/72320",
        "comment": "Please consider the longer term impact of paving over wetlands for the region's future.\nUrban sprawl is a problem across Ontario. We continuously build expansive, single-family housing projects without first building public transit infrastructure to support them, which means more cars on the road, and larger parking lots to accommodate those cars. The consequences of all of this--more pavement (ie. less green space), more cars (ie. pollution), etc.--exacerbates the climate crisis.\nPlease consider converting as little wetland as possible and maximizing its use. Build mixed-used complexes, mid-sized residential apartment complexes (not just single-family homes, which should be at a minimum), and transit infrastructure (including LRT).\n"
    }
}