{
    "70397": {
        "url": "/comment/70397",
        "comment": "I wholeheartedly disagree with the proposed updates to the Ontario Wetland Evaluation System without further consultation with Conservation Authorities\u2019 experts and full transparency with the citizens of Ontario as to the veracity of the proposed changes.\nThe Silver Creek Wetland, deemed a provincially significant wetland, is located in Collingwood, ON in the Nottawasaga Watershed and is very important for flood control, water filtering, groundwater recharge and discharge and provides important fish and wildlife habitat.  The Silver Creek Wetland absorbs excess rainwater and snowmelt, slows floodwaters helping to alleviate property damage. In the face of climate change, the Silver Creek Wetland is even more important as we experience more extreme storm events.\nIn addition, the Wetlands provide a critical habitat for threatened and endangered species such as the Least Bittern and the Spotted Turtle, as well as the provincially rare plant species, Stiff Yellow Flax.  These and a number of other fish, wildlife and vegetation would be wiped out with the abolition of proper wetland evaluation and protection. I/we want to protect the Silver Creek Wetland from erroneous development and keep it as one of the most important features of our natural heritage in Ontario for generations to come.\nRegards,\nFriends of Silver Creek\n"
    },
    "70400": {
        "url": "/comment/70400",
        "comment": "I wholeheartedly disagree with the proposed updates to the Ontario Wetland Evaluation System without further consultation with Conservation Authorities\u2019 experts and full transparency with the citizens of Ontario as to the veracity of the proposed changes.\nEven though you owe a sizable portion of your funding to developers you do the Progressive Conservative party a great disservice by continually snubbing the will of the Ontario electorate.\n"
    },
    "70411": {
        "url": "/comment/70411",
        "comment": "Frankly I think this, and many other development related proposals are absurd!  My first question is: every time we lose a smaller portion of wetland that was previously part of a provincially significant wetland, how many houses will this permit?  My guess is maybe a dozen or so.   From a cost / benefit perspective, making a dozen homeowners move a bit farther away from the location of their wetland based proposed home, is an insignificant cost versus the benefit the wetland complex provides to everyone in the wetland's watershed.\nFrom my perspective, this proposal and proposed bill 23 are short sighted while producing long term harm.  The apparent fundamental premise of the bill is simply focused on a grade schooler\u2019s understanding of the concept of supply and demand.  The government\u2019s \u201cpitch\u201d to Ontarians is: \u201cthe federal government is planning on admitting vast numbers of immigrants most of whom will settle in the GTHA because this is such a vibrant, job rich area.\u201d  This will significantly increase the demand for additional (new) houses. Therefore, we need drastic, autocratic, government powers to ensure that enough new houses are built to accommodate this population.\nThe government\u2019s premise for taking this position only looks at the supply side of the demand and supply argument.  What is fails to take into consideration is the demand portion of the equation. The following items are totally overlooked by this bill:\n1.\tDemographics: The baby boom.  The first members of this cohort are now in their mid 70\u2019s.  Many are either downsizing of even dying.  Either activity will free up the houses they spent the last years of their lives in. What do the government\u2019s projections indicate to be the number of houses these activities will add to the market\u2019s housing supply?\n2.\tThe prices of resale houses are based off the cost of new houses.  As long as developers continue to build sprawl dependent, new single-family houses, the cost of all housing will go up.  I expect there are few if any times over the last 20 years where the price of new housing declined by any appreciable amount.  Hence the price of all housing will continue to increase (once we get through adjusting for the current pricing bubble).  This aggravates, rather than alleviates the affordable housing problem.\n3.\tThanks to the Ford government\u2019s trashing of our environment, Ontarians and new Canadians may decide to locate elsewhere in Ontario or other parts of Canada.  There is a growing focus on \u201cquality of life\u201d issues.  This is becoming very prevalent in the North American workforce.  Recently there have been a number of articles in our local press about people who have moved to other Ontario and international communities and how happy they are.\n4.\tAnother major demand factor is Ontario\u2019s pathetic seniors care capabilities and strategies.  Most seniors want to \u201cgrow old\u201d in their community and in most cases their homes.  Given Ontario\u2019s pathetic seniors policies and programs, the only practical way they can do this is by employing \u201cself-help\u201d solutions. These include engaging live-in care givers. This will, at least temporally, address some short-term demand issues.\n5.\tExtended families are also something that will undoubtedly reduce demand.  As the cost of housing continues to increase, grown children will delay leaving their parents\u2019 houses.  As is the case in other countries, we will very likely see these children bringing their spouse to live with them in their (parent\u2019s) house and they will, in turn raise their children in that house.  As a result, we will see a growing number of three generation families living in GTA Homes.  Thus, further reducing demand.\n6.\tWe are also seeing an emergence of college housing practices being utilized in the post college community.  In this situation, college friends who shared accommodations while in school continue that sharing practice in shared housing convenient to their places of employment.\n7.\tEvery bit of our wetlands play a critical role in the proper function of our environment. Wetlands provide the following important benefits to the ecosystem. The housing developments that are being proposed to replace these wetlands provide none of these important benefits:\na.\tCanada\u2019s wetlands are home to a wonderful diversity of species. In the spring, wetlands are brimming with waterfowl, blackbirds and shorebirds as they nest and raise their young in the safety of reeds, grasses and stones. Not only are wetlands a sanctuary for migratory and year-round birds, there are also home to a variety of fish species, frogs, turtles, muskrats, minks and beavers that are long-term residents.\nb.\tWetlands are the kidneys of the planet. Wetlands have the wonderful ability to remove pollutants from water, thanks to their luscious vegetation. Cattails are able to capture excess phosphorus and nitrogen, thereby preventing harmful algal blooms. Even more amazingly, wetlands are able to get rid of 90% of water-borne pathogens. Wetlands recharge groundwater, which 26% of Canadians rely on for drinking water.\nc.\tWetlands are masters at carbon sequestration. This process sucks in carbon and stores it in wetland soil. Peatlands, including fens and bogs, collect \u2018peat\u2019 or partially decomposed plants and other organic matter. When peatlands are drained for development, carbon and nitrogen are released as greenhouse gases in the form of carbon dioxide and nitrous oxide.\nd.\tWetlands act like giant sponges. When the clouds open up and rain pours down, wetlands are able to absorb excess water. This means that wetlands act as a buffer against flooding.\nWhile there will likely be more changes to the simplistic level of demand envisaged by the Ford Government, at a minimum, these demand variations need to be thoroughly considered before anything like the legislation now being proposed becomes the law of this province.\nThe government recently engaged an expert panel to determine how to address York Region\u2019s sewage requirements (demand) and got some excellent advice. The province should do the same for the housing demand / affordable housing problem with special focus on the importance of every bit of wetland we have, no matter how small it may seem.\nThere are very likely a number of possible legislative enhancements that would promote multiple ownerships or tenancies.  Unfortunately, the current Landlords and Tennant Act is so tenant friendly that virtually none of the baby boomers would consider renting out the now significant amount of empty nester rooms in their houses. Given the impact of inflation and problems with potentially living longer that their resources, the additional income that would be available to these seniors would likely be very welcome.\nThe problem is, if the tenant doesn\u2019t work out, how do they evict them?  Without a really good answer to that question, by way of government legislation, significant amounts of good livable space will never be made available.\nThis proposed policy to allow \u201cpay to slay\u201d destruction of currently protected wetlands and woodlands, and changes to the rules that are used to identify wetlands, will cause the majority of these rare and ecologically crucial areas to be lost to development.  We have spent decades to preserve these environmentally crucial features.  Trading these environmental gems away for further housing sprawl would be totally unconscionable!\n"
    },
    "70412": {
        "url": "/comment/70412",
        "comment": "Wetlands are important to public health, water quality, and species-at-risk. These changes will make it harder for a wetland to be classified as Provincially Significant and removes important protections to our clean water supplies and habitat protections. They will (1) no longer count the value of a wetland as habitat for species at risk and (2) will remove complexing which ensures smaller wetland are protected as part of a larger wetland complex. Wetlands and public health should not be scarified for the monetary gain of a few developers.\n"
    },
    "70437": {
        "url": "/comment/70437",
        "comment": "I/we wholeheartedly disagree with the proposed updates to the Ontario Wetland Evaluation System without further consultation with Conservation Authorities\u2019 experts and full transparency with the citizens of Ontario as to the veracity of the proposed changes.\nThe Silver Creek Wetland, deemed a provincially significant wetland, is located in Collingwood, ON in the Nottawasaga Watershed and is very important for flood control, water filtering, groundwater recharge and discharge and provides important fish and wildlife habitat.  The Silver Creek Wetland absorbs excess rainwater and snowmelt, slows floodwaters helping to alleviate property damage. In the face of climate change, the Silver Creek Wetland is even more important as we experience more extreme storm events.\nIn addition, the Wetlands provide a critical habitat for threatened and endangered species such as the Least Bittern and the Spotted Turtle, as well as the provincially rare plant species, Stiff Yellow Flax.  These and a number of other fish, wildlife and vegetation would be wiped out with the abolition of proper wetland evaluation and protection. I/we want to protect the Silver Creek Wetland from erroneous development and keep it as one of the most important features of our natural heritage in Ontario for generations to come.\nPlease do NOT change the evaluation system unless further consultation takes place with the environmental community and the Conservation Authorities.\n"
    },
    "70438": {
        "url": "/comment/70438",
        "comment": "I am not in support of the plan to change the evaluation system. This legislation would remove the Ministry of Natural Resources and Forestry and the Conservation Authorities from the wetland evaluation process; this eliminates objective and proper oversight, and opens up Ontario's wetlands to corporate abuse and destruction.\nOur wetlands deserve to be protected, and proper oversight and environmental protection measures should never be brushed aside in the name of profit. Do not change the evaluation system.\n"
    },
    "70444": {
        "url": "/comment/70444",
        "comment": "I appreciate the government's push to help build more homes. I'm not in the group of environmentalists that oppose everything and am for example in agreement for the Bradford bypass. This Bill however, really undermines some significant guidelines around protecting our natural resources. You can cut municipal red tape and set parameters for builders that apply orovince wide. This is taking it a step too far. Most who know the details are not impressed snd this will be seen in the next election. Don't just bulldozer over everything. Have some common sense and find ways to build where wetlands and other environmentally protected lands are nit.\n"
    },
    "70458": {
        "url": "/comment/70458",
        "comment": "Regarding the Silver Creek Wetlands, something similar happened in BC where an area was drained and houses built.  Last year they had massive flooding to that area and many plebians lost their homes and were displaced, their property being worthless, now and obviously dangerous to build back on.\nThis is of no consequence to the few who benefitted financially on a grand scale, using government money (read taxpayers' money) to drain the area and to repair the damages.  Those guys are long gone with their loot.\nAgain, by a change of the wording of the Ontario Wetland Evaluation System, someone will walk away much richer and a few who pulled strings to make it happen will grow their purses somewhat.  In the end, of course, the plebians will pay and the consequences will be all theirs.\nSomeday the \"winners\" will face the FINAL consequences of their actions.  In the meantime Joe Plebe will pay the price of their greed unless someone with a CONSCIENCE acts on it.\nMight that someone be YOU?  I hope and pray that it will, for the sake of Joe Plebe and your own salvation!\n"
    },
    "70462": {
        "url": "/comment/70462",
        "comment": "Re:\tProposed Updates to the Ontario Wetland Evaluation System\nERO Number 019-6160\nPlease accept this submission of AEL Advocacy in response to ERO Number 019-6160 .\nA.\tAbout AEL Advocacy\nAnimal Environmental Legal Advocacy (\u201cAEL Advocacy\u201d) is a public interest law practice and not-for-profit organization based in Ontario. Our lawyers understand the important interconnection between humans, animals, and the environment. We combine our in-depth knowledge of the legal and political landscape with a commitment to supporting individuals and organizations working to protect animals and the environments where they live.\nB.\tComments on the Proposed Updates to the Ontario Wetland Evaluation System\nOntario\u2019s wetlands play a crucial role in protecting biodiversity and providing habitat for wildlife, including endangered and threatened species, across the province. Unfortunately, we have already lost approximately 70 percent of our original wetlands in Southern Ontario, and many of the remaining ones are under threat from climate change, development, and urban sprawl.\nFor this reason, AEL Advocacy is strongly opposed to the proposed updates to Ontario\u2019s Wetland Evaluation System (\u201cOWES\u201d), as they will drastically alter the way wetlands are identified, assessed, and ultimately protected in Ontario.\nFirst, the proposed updates remove crucial guidance for wetland evaluators in terms of the procedure to be followed when conducting evaluations. Wetland evaluations are highly complex and, as currently written, the OWES provides detailed guidance for wetland evaluators in terms of the procedure to be followed when conducting them. For example, the OWES includes clear instructions about what kind of information should be maintained in a wetland evaluation file, who should be consulted throughout the process, and the sources of information that can provide valuable insight to the wetland evaluator. The proposed updates to the OWES would remove all of this detail and essentially leave it up the wetland evaluator to determine what process should be followed and what sources of information should be consulted. The OWES provides a framework for designating Provincially Significant Wetlands (\u201cPSWs\u201d), which are afforded a high level of protection under provincial law and policy. AEL Advocacy submits that these changes will substantially degrade the quality of wetland evaluations and may lead to the under-scoring of many wetlands which deserve protection as PSWs.\nSecond, the proposed updates provide that currently evaluated wetlands can be re-evaluated. AEL Advocacy is deeply worried that this will result in many existing PSWs losing their status and ensure that very few wetlands are designated as PSWs in the future. Two other proposed changes make this even more likely. Specifically, the proposed updates remove consideration of (1) wetland complexing and (2) endangered and threatened species habitat from wetland evaluations. The vast majority of Ontario\u2019s wetlands are wetland complexes, meaning that small wetlands located close to one another are evaluated together as part of a \u201ccomplex\u201d. Wetland complexes often provide valuable linkages for wildlife in terms of migration corridors or surface/groundwater connections. If these small wetlands are re-evaluated individually, it is likely that many current PSWs would no longer qualify for the important protections offered to PSWs.\nSimilarly, without consideration of endangered and threatened species habitat, many currently evaluated wetlands would no longer qualify as PSWs. This is deeply troubling, as Ontario\u2019s wetlands are home to many endangered or threatened species, such as piping plover, Karner blue butterfly, and the Blanding's turtle, who use wetlands for resting, feeding, and nesting habitat.\nThe combined effects of these and other proposed changes to the OWES will result in a significant loss and degradation of Ontario\u2019s most valuable wetlands. As such, AEL Advocacy urges MNRF to withdraw the proposed changes to the OWES and conduct further and more in-depth consultation with members of the public and Indigenous communities.\nWe welcome the opportunity to discuss the above comments and recommendations.\nSincerely,\nKrystal-Anne Roussel\nCo-Director & Counsel, AEL Advocacy\n"
    },
    "70468": {
        "url": "/comment/70468",
        "comment": "I live in Bradford which has always been one of the best places for farmland. Now we see many wonderful Old Farms gone and many more to be going in the future. We are becoming a Concrete Jungle. In the future food will become even more expensive than it is now because we will not have the room to grow it. Now they are talking about changing the rules for the wetlands. We need to think very carefully about this as the wetlands are necessary for our survival. They're necessary for the survival of all of the animals and the birds that rely on that area. In the last few years we have all been worried about the problems with the bees. If we don't look after our environment. We will eventually become extinct as well. Please think very carefully before this bill is passed. Listen to your constituents we are who put you into power.\n"
    },
    "70473": {
        "url": "/comment/70473",
        "comment": "I wholeheartedly disagree with the proposed updates to the Ontario Wetland Evaluation System without further consultation with Conservation Authorities\u2019 experts and full transparency with the citizens of Ontario as to the veracity of the proposed changes.\nThe Silver Creek Wetland, deemed a provincially significant wetland, is located in Collingwood, ON in the Nottawasaga Watershed and is very important for flood control, water filtering, groundwater recharge and discharge and provides important fish and wildlife habitat.  The Silver Creek Wetland absorbs excess rainwater and snowmelt, slows floodwaters helping to alleviate property damage. In the face of climate change, the Silver Creek Wetland is even more important as we experience more extreme storm events.\nIn addition, the Wetlands provide a critical habitat for threatened and endangered species such as the Least Bittern and the Spotted Turtle, as well as the provincially rare plant species, Stiff Yellow Flax.  These and a number of other fish, wildlife and vegetation would be wiped out with the abolition of proper wetland evaluation and protection. I/we want to protect the Silver Creek Wetland from erroneous development and keep it as one of the most important features of our natural heritage in Ontario for generations to come.\n"
    },
    "70475": {
        "url": "/comment/70475",
        "comment": "I/we wholeheartedly disagree with the proposed updates to the Ontario Wetland Evaluation System without further consultation with Conservation Authorities\u2019 experts and full transparency with the citizens of Ontario as to the veracity of the proposed changes.\nThe Silver Creek Wetland, deemed a provincially significant wetland, is located in Collingwood, ON in the Nottawasaga Watershed and is very important for flood control, water filtering, groundwater recharge and discharge and provides important fish and wildlife habitat.  The Silver Creek Wetland absorbs excess rainwater and snowmelt, slows floodwaters helping to alleviate property damage. In the face of climate change, the Silver Creek Wetland is even more important as we experience more extreme storm events.\nIn addition, the Wetlands provide a critical habitat for threatened and endangered species such as the Least Bittern and the Spotted Turtle, as well as the provincially rare plant species, Stiff Yellow Flax.  These and a number of other fish, wildlife and vegetation would be wiped out with the abolition of proper wetland evaluation and protection. I/we want to protect the Silver Creek Wetland from erroneous development and keep it as one of the most important features of our natural heritage in Ontario for generations to come.\nRegards,\nFriend of Silver Creek\n"
    },
    "70480": {
        "url": "/comment/70480",
        "comment": "I/we wholeheartedly disagree with the proposed updates to the Ontario Wetland Evaluation System without further consultation with Conservation Authorities\u2019 experts and full transparency with the citizens of Ontario as to the veracity of the proposed changes.\nThe Silver Creek Wetland, deemed a provincially significant wetland, is located in Collingwood, ON in the Nottawasaga Watershed and is very important for flood control, water filtering, groundwater recharge and discharge and provides important fish and wildlife habitat.  The Silver Creek Wetland absorbs excess rainwater and snowmelt, slows floodwaters helping to alleviate property damage. In the face of climate change, the Silver Creek Wetland is even more important as we experience more extreme storm events.\nIn addition, the Wetlands provide a critical habitat for threatened and endangered species such as the Least Bittern and the Spotted Turtle, as well as the provincially rare plant species, Stiff Yellow Flax.  These and a number of other fish, wildlife and vegetation would be wiped out with the abolition of proper wetland evaluation and protection. I/we want to protect the Silver Creek Wetland from erroneous development and keep it as one of the most important features of our natural heritage in Ontario for generations to come.\nRegards,\nFriends of Silver Creek\n"
    },
    "70500": {
        "url": "/comment/70500",
        "comment": "The Doug Ford Government is reckless and completely ignoring any and all environmental protections for land in Ontario.  Does Doug Ford think that the people of Ontario are stupid?  He is systematically undermining protections that are scientifically noted as vital for the survival of our land, the myriad species of living organisms, birds, animals and even humans as he paves over every square inch of land he can get hold of. The entire Conservative Party in Canada is step by step taking away the voice and the rights of the people of this country. The Conservative Government will NEVER get my vote as they are AGAINST the voice of the people, not to mention Doug Ford hardly \u2018won\u2019 the election.\nThe supposed building of homes for all of the immigrants needed to fill job vacancies are hardly going to be affordable\u2026the homes that will be built on these protected lands will cater to the wealthy and the gap between the poor and the wealthy will continue to grow.  The growth of the population of Ontario will also contribute to the demise of this amazing land by contributing to overcrowding, pollution, increased use of fossil fuels etc.  The Doug Ford Government is leading us down the wrong path for the future of this province and is literally allowing the destruction of the very protections that all living creatures and humans need to survive the climate disaster that is here and will worsen with the reckless actions of. Government that is too greedy and too stupid to do anything different.\n"
    }
}