{
    "68700": {
        "url": "/comment/68700",
        "comment": "The ability to change the boundaries of wetlands already exists in the document.  You don't need to delete it and then add it again.\nAlso, ignoring wetland complexes will pave the way for destruction of good habitat.  Many wetland animals are capable of movement and absolutely benefit from the existing fragmented designation.\n"
    },
    "68739": {
        "url": "/comment/68739",
        "comment": "This is a truly terrible idea. We are in the midst of a climate crisis that may well cost the next generation any idea of an enjoyable or secure future. Wetlands and Greenbelts MUST be maintained and added to, NOT bulldozed for housing. The long-term environmental impacts of habitat loss will have a real economic cost in regards to flooding, climate change, and the ill-health associated with it.\n"
    },
    "68833": {
        "url": "/comment/68833",
        "comment": "Ontario's wetland evaluation and protection system is one of the ways that Ontario has balanced the importance of biodiversity, ecosystem preservation and flood mitigation among many other benefits including access to natural spaces for mental and physical wellbeing.  Reducing protection on wetlands and their ecosystem and human health services is short sighted and will result in additional costs to human health and infrastructure.  Building more homes on areas formerly protected as natural features will not solve the housing crisis.  Ontario needs visionary leadership that is not driven by simple approaches such as reassessing land for development.  This approach will continue to encourage sprawl, traffic congestion, loss of life and property due to flooding, increased insurance claims and costs among many other costly and harmful impacts to human health and well being.  The Ontario government needs to be exploring ways to increase affordable, accessible housing that addresses climate mitigation, long term employment and a healthy ecosystem.  Removing protection from lands already at risk is short sighted and a knee jerk response to an issue that requires a systems approach.\nIt is ridiculous for this government to ignore the research on wetlands and the incredible investment in protecting and creating wetlands on the landscape in Ontario.  This work has been going on for decades and research continues to support the value of wetlands regardless of their size.  There is a plethora of research from many disciplines that support the monetary, social and biological value of wetlands.\n"
    },
    "68846": {
        "url": "/comment/68846",
        "comment": "I am strongly opposed to the proposed changes. Making it easier to build housing to the detriment of irreplaceable wetlands is short-sighted, and in the long run will not solve the problem of having sufficient housing.\nThis is not \"the Ontario government ... taking bold and transformative action\". This is yet another attack on the green belt by Ford and his cadre of developers who are willing to sell our future to make a profit now.\n"
    },
    "68957": {
        "url": "/comment/68957",
        "comment": "Please listen to conservation authorities, NGOs and experts. Ontarians love nature and wants it protected. These rules will only aid unsustainable sprawl when so much can be done to create sustainable housing in a way that still protects forests, wetlands and farmland. Going forward with this bill will destroy our future and break promises that voters in Ontario will not forget.\n"
    },
    "69019": {
        "url": "/comment/69019",
        "comment": "Every aspect of Bill 23 is a travesty and I am furious. No changes should be made to reduce the importance and scope of this evaluation.\n"
    },
    "69024": {
        "url": "/comment/69024",
        "comment": "Thank you for the opportunity to comment on the Ministry of Natural Resources and Forestry\u2019s proposal to amend the Conservation Authorities Act. I am writing to you in response to Bill 23, the More Homes Built Faster Act.\nI understand and agree that there is a housing supply and affordability issue in Ontario that needs to be pragmatically addressed, and therefore support the government\u2019s commitment to reducing unnecessary barriers to development and streamlining processes. That said, I have several concerns and recommendations with the proposed amendments and therefore offer the following comments for your consideration in amending the Conservation Authorities (CA) Act and any associated documents.\nOntario Wetland Evaluation System Classification Changes\nWetlands play a critical role in a healthy, functional environment. Changing the classification system will mean further wetland loss and may result in serious flooding, putting the safety of communities at risk. Wetlands are a natural, cost-effective strategy for protecting downstream properties from floods, adapting to climate change, and retaining water to lessen drought impacts. By changing the classification system, existing Provincially Significant Wetlands could lose their status and un-evaluated wetlands are unlikely to meet the standard for additional protection. This could lead to wetlands being filled in, resulting in loss of habitat and numerous species, decreased storage area for water resulting in decreased flood storage but increased potential for erosion, and poorer water quality. These losses will have detrimental effects on tourism and recreation industries. Loss of wetlands will also result in the necessity of more stormwater ponds which require more maintenance and monitoring than wetlands. The government must be prudent when considering changes like offsetting, which could negatively affect the ability of wetlands to reduce flooding and confuse roles in wetland management and protection between municipalities and CAs.\nI recommend that:\n\u00b7 The province re-engage the multi-stakeholder Conservation Authority Working Group and work with the working group to determine the unintentional negative implications of these proposed changes, and develop better alternatives, prior to proceeding with current proposed amendments.\nThank you\n"
    },
    "69037": {
        "url": "/comment/69037",
        "comment": "Threat to Wetlands in Ontario. Comment: Wetlands are more important than increased housing or housing availability. One can have a place to live but no drinkable water to use. This is the threat that we are facing when our Provincial Government and its governing bodies propose a threat to our wetlands through changes in governance and legislation and legislative interpretation.\nOntario does not need a lessening of governance with respect to Wetlands, it needs a broader and more protective governance.\nAs an example, I live near the Nith River and the Grand River in Southwestern Ontario. The water quality on the Grand River is already being seriously compromised by development along its shores. With urbanization creeping westward particularly in the Kitchener - Waterloo/Ayr area, the water quality of the Nith River (which feeds into the Grand River) will soon be under threat as to water quality due to this urban sprawl.\nThe moraines and wetlands that are currently registered need to be better protected and the areas of wetlands and moraine need to be expanded.\nThis current government is headed in the wrong direction with respect to protecting our natural environment and if these changes go through, we, the current and future citizens of Ontario will suffer dramatic negative effects in future years from these changes.\nI have been a student and observer of changes of our environment in the Province of Ontario for the past 70 years starting with the polluted Bay of Quinte and moving through the development areas within the City of Toronto and now living near the Grand River. I have experienced and witnessed the changes in our living conditions with respect to our natural environment over those years and we are not moving in a positive direction with respect to protecting our natural areas and accordingly our citizens with respect to the current attitude of this Provincial Government and its governance.\n"
    },
    "69104": {
        "url": "/comment/69104",
        "comment": "November 8, 2022\nRe:  Bill 23 More Homes Built Faster (ERO 019-2927, 019-6141, and 019-6162)\nThank you for the opportunity to comment on the Ministry of Natural Resources and Forestry\u2019s proposal to amend the Conservation Authorities Act. I am writing to you in response to Bill 23, the More Homes Built Faster Act.\nI understand and agree that there is a housing supply and affordability issue in Ontario that needs to be pragmatically addressed, and therefore support the government\u2019s commitment to reducing unnecessary barriers to development and streamlining processes. That said, I have several concerns and recommendations with the proposed amendments and therefore offer the following comments for your consideration in amending the Conservation Authorities (CA) Act and any associated documents.\nOntario Wetland Evaluation System Classification Changes\nWetlands play a critical role in a healthy, functional environment. Changing the classification system will mean further wetland loss and may result in serious flooding, putting the safety of communities at risk. Wetlands are a natural, cost-effective strategy for protecting downstream properties from floods, adapting to climate change, and retaining water to lessen drought impacts. By changing the classification system, existing Provincially Significant Wetlands could lose their status and un-evaluated wetlands are unlikely to meet the standard for additional protection.  This could lead to wetlands  being filled in, resulting in loss of habitat and numerous species, decreased storage area for water resulting in decreased flood storage but increased potential for erosion, and poorer water quality. These losses will have detrimental effects on tourism and recreation industries. Loss of wetlands will also result in the necessity of more stormwater ponds which require more maintenance and monitoring than wetlands. The government must be prudent when considering changes like offsetting, which could negatively affect the ability of wetlands to reduce flooding and confuse roles in wetland management and protection between municipalities and CAs.\nI recommend that:\nThe province re-engage the multi-stakeholder Conservation Authority Working Group and work with the working group to determine the unintentional negative implications of these proposed changes, and develop better alternatives, prior to proceeding with current proposed amendments.\nPotential Loss of CA Lands\nMinister of Natural Resources Graydon Smith has told media outlets that conservation authorities are \u201cthe second largest landowner after the Crown\u201d and have been asked to \u201cevaluate\u201d their land in order to identify areas for housing development. In most instances, these lands have been acquired for specific purposes; typically, lands are purchased to protect the public from flooding and erosion or the lands are left through estate donations to the Conservation Authority by members of the public who wished their private lands stay natural. The development of these natural spaces will have numerous negative implications on the natural environment and a community\u2019s ability to adapt to climate change. Further, the local tourism and recreation industries that rely on these spaces will feel the effects as will individuals of the public of who could experience negative social, mental & physical health impacts.\nI recommend that:\nThe province focus efforts on building up urban areas instead of urban sprawl outwards;\nMunicipal Official Plans continue to be followed as written; and\nLands identified as natural hazards be maintained as open space.\nProhibition of Memorandum of Understanding (MOU) Review Agreements\nIt is unclear how this proposed change will benefit taxpayers.  Conservation Authorities have demonstrated for decades these services can be delivered efficiently, without lengthening the approval process, and is a cost-savings measure for municipalities who can share the cost of this review amongst all CA member-municipalities, rather than hiring staff at each municipality.  As proposed, the consequence appears to be either an increase in taxes as municipalities hire additional staff, a longer review process resulting from municipalities coordinating with neighboring municipalities, the cost of consultants needed for peer-review and the loss of land use plan review and comments provided on a watershed basis. Although the logistics of how this change will occur are unclear, one thing for certain is that this proposed change will also likely result in loss of jobs: Many staff at Conservation Authorities across the province will no longer be required. While currently unclear, if these reviews are no longer required, further job losses can be anticipated for municipal staff, engineers, and consultants who prepare various reports. Another negative implication of this proposed amendment is that studies, such as Environmental Impact Statements, now required to be completed by qualified consultants, could be overlooked or that staff at the municipal level will not have the expertise or capacity to review and comment on report submissions.  It is important to note that Conservation Authorities support smart development.\nI recommend that:\nMunicipalities should retain the option to enter into MOUs with CAs, with clearly defined terms, timelines and performance measures, as allowed under Section 21.1.1 (1) of the CA Act;\nDevelopment should be limited to municipal urban boundaries; and\nThe Province re-engage the multi-stakeholder Conservation Authority Working Group and work with the working group to determine the unintentional negative implications of these proposed changes, and to develop guidance for commenting where a CA has entered into an agreement or MOU.\nLow Risk Development Permit Exemptions\nIt is currently unclear how the proposed exemption of a permit requirement for low-risk development will benefit the people of Ontario. Details are lacking to determine whether the purpose is to transfer this permit responsibility from CAs to municipalities or whether development considered \u2018low-risk\u2019 will be exempt from requiring a permit all together.  As currently proposed, this amendment results in a lack of protection for the people of Ontario and a lack of watershed oversight.  I feel it is important to mention that CAs do not exist to hinder development, rather their role is to protect the people of Ontario and their properties. Therefore CAs ensure development is done in a manner to afford this protection. This proposed amendment has many negative implications for the people of Ontario as it quashes the core function of a CA and fragments the CA role in protecting the people of Ontario from natural hazards.\nI recommend that:\nThis proposed amendment be repealed to keep all hazard-related responsibilities with the CA.\nFee Freezing\nThe details of the proposed amendments remain unclear at this time. It is important to note that current fees were established according to provincial direction, and were intended to recover costs, so as to decrease municipal levies.  Freezing fees will impose additional costs to municipalities, meaning taxpayers will end up paying these development costs. Another negative implication of this proposed change is created when fee revenues are used to pay wages.  Without a cost recovery system in place, the staff compliment required to perform application reviews becomes unaffordable to CA\u2019s as fee revenues would be used, in part, to pay wages.  This will ultimately slow down the approvals process in these times of increased development.\nI recommend that:\nThis proposed amendment be repealed to allow CAs to charge fees according to their internal cost-based analyses; or\nThis proposal be further amended to require CAs to demonstrate fees do not exceed the cost to deliver the program and have the ability to freeze fees when cost recovery exceeds 100 percent.\nTo ensure the most effective implementation of this Bill, I believe it is crucial that the government halts the proposed changes and meet with CAs to clarify and consider more effective alternatives. This consultation is imperative to safeguard the best possible outcomes for the people of Ontario.\nThank you again, for providing the opportunity to provide comments on Bill 23.  I would be pleased to discuss these comments with you further.  If you have any questions or concerns regarding these comments, please do not hesitate to contact me at the contact information provided below.\nSincerely,\n"
    },
    "69177": {
        "url": "/comment/69177",
        "comment": "I do not support this proposal. The plan for streamlining development of wetlands by reducing ministry oversight is shortsighted and will lead to a degradation of our wetlands. Wetlands are critical to the any natural environment and opening them up to potentially unscrutinized development is deplorable.\n"
    },
    "69199": {
        "url": "/comment/69199",
        "comment": "This is wrong on so many levels. Wetlands form where they are for a reason. The damage the proposed legislation will enact on our landscape will be felt for generations if these proposed changes are not reversed. To allow the re-evaluation of wetlands that have already been deemed significant, and to attempt to simplify the wetland complexes ignores the complex ecohydrological significance of these wetland complexes. What is the point of protecting them if a developer can just go back and say hey, that wetland isn't significant anymore, despite nothing changing environmentally.\nI am for more housing, but many municipalities and conservation authorities (see supporting document) have come out and said we have enough land for housing, without having to gut environmentally protected land. These changes will only continue to enhance sprawl until there is no land, leading to more severe flooding, lower biodiversity, and a lack of opportunity for us to enjoy the natural beauty of our land. Do better Doug Ford. Do better. Actually listen to what the municipalities are calling for, instead of your developer friends who have bought up land in the green belt. If this current government goes through with this, it will be one of the most corrupt decisions they have made. Base your policies on science, not political convenience.\n"
    },
    "69231": {
        "url": "/comment/69231",
        "comment": "I want to strongly urge against the proposed changes.\nClimate and urban studies scholars tell us that dense, transit connected housing is key to meeting the challenges of the future. Social workers and advocates tell us that this housing must be geared explicitly towards low-income and unhoused neighbours, not expensive developments. And our ecologists and naturalists tell us that our wetlands are essential protections to keep at-risks species alive and our watersheds intact and capable of absorbing flood waters.\n"
    },
    "69251": {
        "url": "/comment/69251",
        "comment": "I cannot believe that our government would be so irresponsible to go ahead with this Bill.  Are we not in the throes of trying to reduce our footprint and help to combat climate change? Our present government has blinders on and all they are interested in is getting more money in their coffers and forgetting about the importance of saving our environment and reducing the stress of climate change.  We need our  Wetlands!\n"
    },
    "69258": {
        "url": "/comment/69258",
        "comment": "This is not necessary and it has nothing to do with affordable housing. Building on wetlands and in their buffers (aka NOT PREVIOUSLY DEVELOPED LANDS) will be risky, unethical, and expensive. There is an opportunity to build more units/houses in existing built-up areas and areas that are not wetlands or their buffers. Wetlands and their buffers provide so much for us - they clean air, protect our drinking water supply, they sink carbon, they provide flood control, and they provide habitat for so much amazing biodiversity. Downgrading Provincially Significant Wetlands and their associated protections is a \"short term solution\" (even though we all know it will not result in a single truly affordable home being built) that will have detrimental and irreversible impacts. PLEASE DO NOT LET THIS PASS.\n"
    },
    "69306": {
        "url": "/comment/69306",
        "comment": "Comments on Proposed Revisions to the Ontario Wetland Evaluation\nI was a member of the committee that created the original Ontario Wetland Evaluation System.  I am not, however, up-to-date on recent information sources and methods.  Nor have I used the system for many years.  My comments should be considered accordingly.\nI recognize that the changes include helpful editing and updates.\nMy concerns are:\nThroughout: references to MNR as a source of information, an approval agency, and a user of the results are deleted.  I disagree with this distancing.  Is it because of lack of staff or funding?  I hope at least all evaluation data is collected and stored at MNRF.\nThroughout: almost all references to wetland complexes appear to be removed.  Since complexes are common in many areas, e.g., moraines, I disagree with this change and do not understand how those situations will be addressed.\nThroughout: I am not clear on how some of the changes will affect the total score and if the threshold for PSW will be altered.  I see that Ontario Nature has raised a concern about far fewer designated PSWs: without seeing the proposed scoring, I cannot comment on specifics but I am alarmed if their concern is correct.  As the climate crisis deepens, wetland ecological functions and values to society will only increase in importance.  I see no reason to reduce the number of PSWs.\np. 4. I disagree with the removal of the caution that the evaluation not being a complete inventory.  I feel it is important distinction.\np. 5. I feel the proposed uses of the Evaluation are much too restricted, appearing to omit all provincial and Conservation Authority planning.  I feel these levels bring valuable insights.  I realize this might be reflecting other recent changes in various planning policies, changes I disagree with.\np. 9 \u2013 13.  There are several deletions that I disagree with or least don\u2019t understand the rationale for their removal.  These deletions are: the checklist of Evaluation file components; the guidance on adding information; and data sources.\np. 15. Good idea to add non-evaluation trained experts as assistants.\np. 15. I disagree with the removal of the \u201copen file\u201d discussion since both new data and wetland changes can occur.\np. 51/52.  If I\u2019m correct in assuming 4.1.2.1 and 4.1.2.2 re reproductive, migratory, feeding and hibernation habitat of endangered or threatened species is being included in 4.1.2.3 and 4.1.2.4, shouldn\u2019t the latter two sections\u2019 scores be increased accordingly?\np. 61.  Section 5 on Documentation of Features not Included in the Evaluation: I appreciate this might be a streamlining change, but I question if it will really save any time if it\u2019s just a matter of noting data the evaluator has run across anyway, especially if the data could prove useful for other applications.\np. 63. I feel that guidance to municipalities about locally significant wetlands (proposed to be deleted) can be useful especially if they are the main planning authority since other changes appear to cut out MNRF and CA input to planning.  And all the more so if Ontario Nature\u2019s warning of the scoring system changing to shift some PSWs to locally significant.  So, unless guidance is offered to the municipalities elsewhere, I oppose the deletion of this guidance.\n"
    }
}