{
    "72980": {
        "url": "/comment/72980",
        "comment": "When I think of the short-sighted thinking being undertaken by Ontario's Doug Ford government, I feel very helpless, depressed and worried about the future of our world.  We have so much land that we could be using for housing. Land that is already degraded, old structures that could be replaced, higher density planning.  We DO NOT need to use land that is so important to us for the future - needed to feed our people, needed to reduce climate change, needed to support species.  Please do not forget that WE ARE THE ENVIRONMENT!! We need to look to the future.  Once land is developed it will never go bck to being productive.\nWe are pleading with you to think of your children and grandchildren.  No more sprawl is needed.\n"
    },
    "72985": {
        "url": "/comment/72985",
        "comment": "Proposed changes are not based on science, only profits\nAs stated in the proposal details for ERO 019-6160, one of the key purposes for the proposed updates to the Ontario Wetland Evaluation system is to \"make changes to better recognize the professional opinion of wetland evaluators.\" As a certified wetland evaluator under the Ontario Wetland Evaluation System (OWES), I have several concerns about the proposed changes to Ontario's Wetland Evaluation Manual, that I ask the Ontario Government to take into consideration.\nRemoval of MNRF as the administrator of the Ontario Wetland Evaluation System\nMany of the proposed changes to the Ontario Wetland Evaluation Manual are focused on removing MNRF's role as the administrator, source of technical expertise and interpretation, and reviewer/approver of wetland evaluations. With no alternative, objective, body identified to fill these roles, the proposed changes will result in reduced accountability of wetland evaluators in the evaluation and resulting scoring of wetlands, which is counter to the stated intention of the proposed updates. I have several specific questions and concerns as to how the wetland evaluation program will be implemented moving forward without MNRF filling these roles.\nConsistent application of the system: The OWES system is based on scientific criteria, however, there is significant room for interpretation amongst evaluators. Particularly as it relates to the available Natural Heritage information available, depth and number of field visits completed, the expertise of the people completing an evaluation, and judgement calls of the individual evaluator. If there is no regulatory body responsible for reviewing and approving wetland evaluations, and evaluators are not encouraged to confer with their local MNRF office for the most up-to-date information, this will lead to significant inconsistencies in how the manual is applied across the province as well as leaving room for wetland evaluations being completed at the behest of developers and leaving out significant information to meet the needs of their clients.\nInterpretation of updates to the wetland evaluation manual: With significant changes proposed to the wetland evaluation system, it can be expected that evaluators will have questions about how to interpret and apply the newly updated manual. If MNRF is no longer the authority on the wetland evaluation system, is unclear who an evaluator can turn to for advice on how to interpret and apply changes to the manual. The updates to the manual include several sections that are vague and would certainly require clarification, including the use of vague terminology such as \u2018closely grouped wetlands\u2019 with no definition of the term or set distances.\nTechnical information and expertise: MNRF district offices have in the past been an important source of information on natural heritage, and social, and economic values associated with wetlands. Removing them from the process will make it more challenging for evaluators to obtain all the information needed to adequately evaluate the significance of a wetland while maintaining professional integrity. Counter to the stated intention of the proposed changes, this may lead to delays in development decisions, as evaluators struggle to compile all the information needed to complete the evaluation without support from MNRF.\nRemoval of Wetland Complexes from the Ontario Wetland Evaluation System\nThe manual has been updated to remove wetland complexes from the evaluation system. As described in the current version of the Southern Ontario Wetland Evaluation Manual:\n\"Wetland complexes are commonly related in a functional way, that is, as a group, they tend to have similar or complementary biological, social, and/or hydrological functions. Much of the wildlife in the area of the complex is variously dependent upon the presence of the entire complex of wetlands, with each wetland unit contributing to the whole.\"\nThe manual is clear that not all closely grouped wetlands should be treated as complexes, only those that, when considered together, have cumulative importance in functions such as groundwater recharge, water quality improvement, flood attenuation, and erosion control.\nAs such, the removal of wetland complexes from evaluations moving forward, and the proposed change to allow individual wetland units to be re-evaluated without considering other units within the complex, may have significant consequences for groundwater recharge, water quality, flood attenuation, and erosion control, as well as the wildlife that depend on wetland complexes in their entirety. The potential for development to impair the function of wetland complexes will introduce new sources of liability for municipalities, developers, and the province, and uncertainty for prospective homebuyers about the safety and sustainability of new homes built in the vicinity of any wetlands and floodplains, if this and other proposals related to Bill 23 are approved.\nIn addition, the proposal lacks the scientific background documentation to explain the switch away from evaluating complexes and the transition to only considering grouped wetlands that occur within 30 metres of each other or within 100 feet or less along a river or lake. The absence of background documentation providing supporting ecological and scientific rationale does not inspire confidence in the proposed changes when compared to the comprehensive reasoning within the existing manual. The proposed changes do not identify even if the author has the expertise or knowledge to recommend these changes.\nChange to \u201cDocumentation of wetland features not included in evaluation\"\nWhile this change succeeds in reducing the workload associated with producing a wetland evaluation, the loss of continuity is worrisome and far outweighs the potential benefits. The documentation of wetland features ensures continuity of information going forward and replicability of results if professional opinions are ever challenged or requested. Loss of this documentation may bring professional judgement into question, while inclusion ensures the information can be built upon and referenced in the future.\nRemoval of \"Habitat for Threatened or Endangered Species\" from the Ontario Wetland Evaluation System\nThe significance of some wetlands as habitat for certain species at risk is recognized in the current version of the wetland evaluation manual by automatically providing very high scores to wetlands that provide reproductive habitat for an endangered or threatened species, and high scores for wetlands that provide feeding, migration, or hibernation habitat for endangered or threatened species. As no rationale is provided for removing these sections, it seems at face value that the primary intent of this update is to ensure fewer wetlands meet the threshold for Provincial Significance. Allowing for further development in wetlands, an area, that by its nature is not conducive to sound construction and is a hazard for any future homeowner.\nSummary\nOverall, it is disappointing to see the province of Ontario propose such sweeping changes to the wetland evaluation manual that have no clear ecological or scientific basis. This proposal shows blatant disregard for the importance that wetlands provide to biodiversity, flood attenuation, and social and cultural values. The intent is clear: to limit oversight, reporting, and the ability for wetlands to achieve PSW status, to facilitate development in these provincially sensitive habitats.\n"
    },
    "72988": {
        "url": "/comment/72988",
        "comment": "1. Establish a \u201cuser\u201d working group to discuss and review changes to the Ontario Wetland Evaluation System prior to finalizing changes.\nThe Ministry of Natural Resources and Forestry (MNRF) is proposing updates to the Ontario Wetland Evaluation System (OWES) in support of Ontario\u2019s Housing Supply Action Plan 3.0. A number of key changes are identified, including, but not limited to: changes to how wetlands are re-evaluated and how wetland boundaries are updated,\nthe ability to evaluate wetland complexes, changes in scoring criteria and attributes, and administration of the OWES.\nWetlands provide several benefits and ecosystem services such as flood control/ attenuation, drought control, shoreline stabilization, water purification, groundwater recharge and discharge areas, carbon sequestration and habitat for diverse species (including endangered or threatened species). When protected in a connected natural heritage system, wetlands are a natural and cost-effective tool to mitigate impacts of flooding, erosion, and drought, particularly in the face of a changing climate, which put people, property and built infrastructure at risk. For all these reasons, the protection of wetlands remains critical in Ontario.\nI am are concerned that many proposed changes will result in fewer wetlands being evaluated and designated as provincially significant. Further, proposed changes would allow for wetlands previously designated as provincially significant to be re-evaluated (particularly those part of previously identified wetland complexes), which may result in a gradual fragmentation and loss of provincially significant wetlands.\n2.Retain the section of the OWES Manuals titled \u201cWetland Complexes\u201d as well as all references to wetland complexes / complexing.\nUnder the current OWES (2014), wetland complexes are recognized as groupings of wetlands that are commonly related in a functional way and tend to have complementary biological, social and/or hydrological functions. OWES currently provides that, where a wetland complex is recognized, evaluators must score the entire complex as one wetland, and ensure that all individual wetland communities in the complex are mapped. The ability for evaluators to consider wetland complexing is significant, as considerations such as the \u201ctopography of the landscape in which these wetlands occur, the short distances between some of the wetlands, and the density of wetlands per unit of areal landscape may be so complex that delineation of the wetland units into individually recognized wetlands would not be an ecologically or functionally sound process\u201d (OWES 2014, p. 39).\nThe proposed changes to the OWES manual would remove the section titled \u201cWetland Complexes\u201d, as well as all references to wetland complexes / complexing (except for a new section titled \u201cWetland Re-evaluations and Mapping Updates\u201d). If the proposed changes are finalized, wetland evaluators would no longer be able to evaluate an entire wetland complex as a single wetland. This will result in wetland units being evaluated individually, without consideration to their values across a network of interconnected features. This change may result in lower scoring wetlands, with fewer achieving scores to designate them as provincially significant.\nConsideration of wetland complexes is a significant tool to mitigate potential impacts from natural hazards, as all individual units in a wetland complex may work together to provide services such as flood control/attenuation or shoreline stabilization.\nI believe the section titled \u201cWetland Complexes\u201d as well as all references to wetland complexes / complexing should remain in the OWES manual, to continue to require evaluators to score the entire recognized complex as one wetland.\nRemoving the ability to evaluate wetland complexes will result in many wetlands remaining unevaluated, resulting in a potential loss of protections for these wetlands (through a provincially significant or locally important designation).\n3. Amend the proposed \u201cRe-evaluation of previously evaluated wetland complexes\u201d subsection to state that re-evaluation of wetland complexes may only occur through a complete re-evaluation of all units in the existing wetland complex at the same time, and that the status of a wetland complex (e.g., significant or not) may only change based on such a re-evaluation of the complete wetland complex.\n4. Retain sections 4.1.2.1 (Reproduction Habitat for an Endangered or Threatened Species) and 4.1.2.2 (Migration, Feeding or Hibernation Habitat for an Endangered of Threatened Species) in the OWES manual to signal the high importance of these attributes when evaluating or re-evaluating wetlands. Retain or re-evaluate the current evaluation scores for these attributes.\nUnder the current OWES (2014), the \u201cSpecial Features\u201d component brings together certain biological and ecological attributes of wetlands for consideration, such as the geographical rarity of wetlands, species occurrence and habitat quality. Under the \u201crarity\u201d subcomponent, consideration for habitats of endangered or threatened species, specifically, reproductive habitat (4.1.2.1) and migration, feeding or hibernation habitat (4.1.2.2), is provided. Scores for wetlands that provide such habitats for endangered or threatened species are high, with wetlands containing reproductive habitat for such species automatically receiving the highest value possible for a component of the OWES (250 points). The inclusion of high values for attributes such as endangered and threatened species habitat signal the importance of these attributes when evaluating wetlands. It should be noted that a score of 200 or greater in the \u201cSpecial Features\u201d component meets the requirements for designation as a PSW.\nThe proposed revisions to the OWES manuals include the removal of sections 4.1.2.1 and 4.1.2.2, signaling that reproductive, migration, feeding or hibernation habitat for endangered or threatened species would no longer be considered when evaluating a wetland in Ontario.\nI urge consideration for these attributes as part of the \u201cSpecial Features\u201d component of the OWES be retained.\nI believe its important that the province maintain the considerations for habitats of endangered and threatened species in the OWES, and review (and if needed, re-evaluate) the evaluation scores to effectively capture the values of wetlands that support endangered or threatened species in Ontario.\n5. Retain the section of Appendix 1 that speaks to \u201clocally significant wetlands\u201d to provide transparency of process for municipalities to designate and protect wetlands that do not meet the criteria for a \u201cprovincially significant\u201d designation (i.e., \u201clocally important wetlands\u201d).\nUnder the current OWES (2014), Appendix 1 speaks to the definition of and process for determining a wetland as \u201cprovincially significant\u201d. In this Appendix, it is noted that some municipalities may choose to determine that other wetlands (not deemed provincially significant) are significant on a local scale and may decide to protect them. \u201cLocally important wetlands\u201d include wetlands that are evaluated and are not identified as provincially significant, and/or partially evaluated and unevaluated wetlands that have been confirmed as wetland habitat and mapped using the OWES methodology or interpretations of remote-sensing imagery.\nThe proposed revisions to the OWES manual includes the removal of all references to locally important wetlands, as well as the removal of this portion of Appendix 1.\nI feel that references to locally important wetlands, including this section in Appendix 1, should be retained in the manual to allow municipal governments to protect non-PSWs and to provide clarity and direction on how these locally significant wetlands should be consistently identified.\nGiven that many of the proposed changes may result in lower scoring wetlands, it is important to retain references to \u201clocally important wetlands\u201d in the OWES to signal the importance of all wetlands and the ability of a municipality to protect non-PSWs.\n"
    },
    "72989": {
        "url": "/comment/72989",
        "comment": "As a certified Ontario Wetland Evaluator and wetland scientist with many years of experience evaluating wetlands and delineating wetland boundaries in Ontario, I am left dumbfounded by the currently proposed changes to the current OWES manual and instructions.\nThe proposed changes represent a complete disregard for wetland science and best available knowledge and progress made on the conservation of wetlands.\nI need not explain here the numerous and proven benefits of preserving wetlands on the landscape. There is NO argument contrary to this fact.\nThe section of the OWES Manuals titled \u201cWetland Complexes\u201d as well as all references to wetland complexes / complexing must be retained in the manuals. To remove complexing would certainly spell disaster for wetlands in Ontario and wetlands which do not meet the scoring criteria to be considered significant on their own. These smaller wetlands would surely be destroyed by development without provincial protection without any sort of cumulative impact analysis taking place. The implications of this change have most certainly not been fully considered, and the implications of this change have most certainly not been fully and transparently communicated to the people of Ontario. As far as I can interpret, the 700m distance for complexing is being replaced with a much smaller 30m distance. The risk of this change is considerable, particularly in areas where small wetlands dominate the landscape and development pressures are high.\nFurthermore, the removal of consideration of the breeding habitat for species at risk in scoring is absurd. Species at Risk in Ontario benefit from wetland conservation and preservation and in many cases rely on wetlands for their continued survival in Ontario. These habitats are already rare causing these species to be rare. Species at Risk habitat must be considered a valued function of wetlands in Ontario and must contribute a significant portion of the scoring of a wetland under OWES. Conservation of landscapes, ecosystems, species, and ecological function depends on legislation, mechanisms, and tools that overlap and have redundancy. Removal of this redundancy is a step backwards.\nA working group must be established that includes wetland scientists and OWES practitioners that have actual experience applying the OWES manual. These are the people that should be suggesting potential changes to the manual. Not people who have no idea of the ramifications of their proposed changes to the manual.\nIn conclusion, I do not agree with the proposed changes to the OWES manual. Once again, the changes appear to be made in favour of development in Ontario at the expense of existing wetlands and the existing people of Ontario.\nAt what point does the science saying 'climate crisis' get taken seriously? It is time to think about future generations instead of benefitting ones self today.\n"
    },
    "72994": {
        "url": "/comment/72994",
        "comment": "As someone who values wetlands for the incredible services they provide (water storage, water filtration) which taxpayers would otherwise have to pay for infrastructure to deal with, I have to say the proposed changes to OWES are absolutely terrible. Getting rid of provincial oversight, wetland complexes and consideration for species at risk would lead to many of our wetlands being unprotected and therefore developed. We need wetland complexes to help mitigate the increased record-breaking storm and flood events caused by climate change. I urge you to: 1) consult with conservation authorities, which are the organizations most knowledgeable on mitigating floods, 2) reinstate provincial oversight through the MNRF, and 3) keep wetland complexes in the OWES.\nDamaging or even changing our wetlands will set the stage for disaster.\n"
    },
    "72997": {
        "url": "/comment/72997",
        "comment": "The proposed changes to the Ontario Wetland Evaluation System (OWES) are not so much about housing as they are about gutting wetland protections. The OWES has been in place since 1983 and has served the province well, providing a clear picture of which pockets of Ontario we need to protect in order to maintain a well-balanced and healthy ecosystem that can continue to provide not just fresh drinking water to millions but also the natural infrastructure necessary to sustain all life. We are a part of nature; we do not stand apart from it. We rely on it. Sometimes we need to remind political parties of this fact of life, and now is one of those times.\nThe proposed changes to OWES seem to arise from an erroneous assumption that wetlands are somehow a barrier to increasing Ontario\u2019s housing supply, affordable or otherwise; therefore, encroaching on existing identified wetlands by re-assessing their status and their boundaries has become necessary.\nWetlands are not the problem. A shortage of land isn\u2019t either. Neither are bottlenecking the supply of housing in Ontario. Ontario\u2019s own Housing Affordability Task Force has explained as much in its 2022 report. For example: the amount of greenfield land already designated for development and added to municipal settlement boundaries (but still undeveloped) far exceeds what is needed to meet long-range housing targets. And that includes the more than 86,000 acres within the Greater Toronto and Hamilton Area alone.\nOne of the most egregious aspects of the proposal is the removal of Ministry oversight. To quote the exact wording, \u201cMake changes to better recognize the professional opinion of wetland evaluators and the role of local decision makers.\u201d\nTo virtually unravel any wetland oversight that currently exists is as baffling as it is ill-conceived. Is the Ministry of Natural Resources and Forestry (MNRF) actually proposing to remove itself from any involvement in Ontario\u2019s wetland evaluation process? Will there be no central body assigned to coordinate or approve evaluations? Or to ensure that information about wetland designation is publicly accessible? And who are these new \u201cevaluators\u201d and \u201clocal decision makers\u201d?\nWell, municipalities for one. Offloading approval authority to municipalities is not wise. They do not and will not have the decades-long expertise or experience of MNRF staff in making assessments, offering guidance or understanding the full impact of their decisions. Combine this with the fact that due to Bill 23\u2019s proposed limitations to the input of our 36 Conservation Authorities in matters relating to approvals, wetlands will be even more vulnerable to detrimental development.\nFurthermore, if this also leads to developers bringing in their own evaluators (as would be the case for wetland units formerly part of a Provincially Significant Wetland complex but re-evaluated individually, as I understand it), is that not tantamount to inviting the fox into the henhouse? And who will be able to intervene on behalf of the public \u2013 the citizens of Ontario - regarding an evaluation of questionable merit?\nThe proposed changes to OWES will leave confusion and chaos in their wake thanks to the lack of coordination and oversight with no comprehensive protective plan for wetlands in Ontario, a patchwork mess that could lead to a complete failure of wetland stewardship in our province, unravelling decades of hard work by dedicated professionals.\nFor all of the above disturbing aspects of the proposal to revamp the Ontario Wetland Evaluation System, I would suggest that it be paused, revisited and re-evaluated. It is a devastating, damaging document that will have terrible consequences for generations to come. And it will not lead to more houses any time soon.\nAs for the monetary value of intact wetlands, a recent study out of the University of Waterloo (https://onlinelibrary.wiley.com/doi/10.1002/hyp.14442) has assessed just one of the free services wetlands provide: water purification. If we continue to dismiss the importance of wetlands, we will need to invest billions in alternative methods to clean water. Billions. Those Great Lakes we love so much? They rely on the health and quality of our wetlands too. I don\u2019t think I need to mention flood mitigation as another critical reason for maintaining our remaining wetlands. This is something that we should all be well aware of by now.\nI have firsthand knowledge of what it means to care for a wetland. I know that less than 30 per cent of our original wetlands remain in southern Ontario. (Where I live.) In the Niagara and Greater Toronto Area that number drops to 10 per cent. The rate of wetland loss between 2011\u20132015 alone (1,825 ha per year) is considerably higher than the rate of wetland loss previously assessed for the decade between 2000\u20132011 (615 ha per year). These statistics and others can be found on the Ontario Biodiversity Council website. Smaller wetlands not designated Provincially Significant are already disappearing at an alarming rate due to development. If we are already losing small wetlands in Ontario to development, should we not ensure that we protect all others in view of the amount of scientific evidence that substantiates their critical importance to our communities?\nA study published in the Journal of Environmental Management (May 2022) recommended that \u201cprotections be strengthened for wetlands of all sizes, in turn protecting communities by retaining the important ecosystem services that are vital for biodiversity as well as human health and wellbeing, which wetlands provide.\u201d\nOntario is clearly going in the wrong direction for the future with its proposed changes to OWES. Let us pause to consider a better way, but by working together, all citizens.\nI respectfully urge the government to rethink the sweeping plan to amend OWES. It will not effectively add more \u201chouses,\u201d but it will seriously impair the home we all share \u2013 our province.\n"
    },
    "73000": {
        "url": "/comment/73000",
        "comment": "Please see the supporting link for a PDF copy of AMO's Submission to ERO 019-6160: Consultation Related to Bill 23 - More Homes Built Faster Act, 2022: Comments to the Ministry of Municipal Affairs and Housing, Ministry of Natural Resources and Forestry on ERO 019-6160\nThese comments are submitted on behalf of the Association of Municipalities of Ontario.\nPreamble\nThe Association of Municipalities of Ontario (AMO) is a non-profit, non-partisan association that represents municipal governments across Ontario. Together with our members, we address common challenges facing our residents and provide advice to the government about solutions to them. AMO has been actively involved in housing and homelessness advocacy for years, as Ontario\u2019s 444 municipal governments are responsible for building strong, complete communities, of which housing \u2013 both home ownership and rentals \u2013 is a key component.\nHousing affordability and building supply is a challenge all Ontarians share. There is much that can be done collectively by working together to increase housing supply, diversify the mix and increase affordability. Solving the housing crisis will require an all-of-government approach by all three orders of government.\nIntroduction\nThe Association of Municipalities of Ontario (AMO) appreciates the opportunity to provide comments on consultations related to Bill 23 \u2013 More Homes Built Faster Act, 2022.\nMunicipal governments are committed to working with the Government to increase the supply of housing and to improve housing affordability in Ontario. That is why we provided a written submission to Bill 23 despite not being selected to speak at the Standing Committee on Heritage, Infrastructure and Cultural Policy.\nOverall AMO is concerned with the timing of the bill being introduced the day after municipal elections. This has significantly curtailed the ability for municipal councils to provide comments on what will undoubtedly change the development and approvals process in Ontario.\nPreliminary analysis of the Bill indicates the transfer of up to $1 billion a year in costs from private sector developers to property taxpayers without any likelihood of improved housing affordability. Similarly, the bill\u2019s provisions designed to reduce environmental protection will benefit developers in the short term, with costs to the public and homeowners that cannot be calculated. By doing so, the government is effectively socializing the costs of new housing development.\nWe are appealing to the provincial government that solutions to the housing crisis can be found in collaboration, cooperation, and innovation. It is time for Ontario to work with all of its housing partners towards advancing in land use planning and taking an integrated approach to environmental, social and economic policy that allows Ontario to take its place ahead of competing jurisdictions.\nProposed Updates to the Ontario Wetland Evaluation System (ERO 019-6160)\nThe Ministry of Natural Resources and Forestry\u2019s proposed changes to the Ontario Wetland Evaluation System (OWES) include but are not limited to: changes to how wetlands are re-evaluated and how wetland boundaries are updated, the ability to evaluate wetland complexes, changes in scoring criteria and attributes, and administration of the OWES.\nAMO shares concerns from conservation authorities (CAs) and other stakeholders that many of these proposals will result in fewer wetlands being evaluated and designated as provincially significant. Further, that they would allow for wetlands previously designated as provincially significant to be re-evaluated (particularly those part of previously identified wetland complexes), which may result in a gradual fragmentation and loss of provincially significant wetlands across Ontario.\nWetlands provide a number of benefits and ecosystem services such as: flood control/attenuation, drought control, shoreline stabilization, water purification, groundwater recharge and discharge areas, carbon sequestration and habitat for diverse species (including endangered or threatened species). When protected in a connected natural heritage system, wetlands are a natural and cost-effective tool to mitigate impacts of flooding, erosion and drought, particularly in the face of a changing climate, which put people, property and built infrastructure at risk. For all these reasons, the protection of wetlands remains critical in Ontario.\nWithout amendment, these changes will significantly impact the municipal resources required to fill the gaps in natural heritage planning services currently provided by the CAs. Therefore, AMO recommends that key stakeholders including municipalities be consulted on how these changes will impact their communities from a liability perspective and be given sufficient time to adapt to the proposed changes to the Conservation Authorities Act that are made under Schedule 2 of Bill 23.\nConclusion\nOn behalf of municipal governments across Ontario, thank you for your consideration of the comments provided in this submission.\n"
    },
    "73004": {
        "url": "/comment/73004",
        "comment": "Canada a nation once naked with innocence, housed by lose who cares and cherished its lands. Lands that fed, clothed and sheltered it\u2019s inhabitants. Rich with a plethora or immense resources gathered for what was needed. What was needed. Canada a nation now which is a rich melting pot of different tunes of nations vast. With its ever growing census, home to new opportunities and beginnings.  Yet our nation is now determining economic growth over all other forms of prosperities. Filling in the wetlands will bring more detriment then production for what makes our nation great. We value nature as our culture, don\u2019t defile it for purely capitalist value. You will not only loose autonomy amongst the people, but misrepresent what Canada as a nation means at its core.\n"
    },
    "73009": {
        "url": "/comment/73009",
        "comment": "Wetlands are and will become an increasingly important buffer from worse and worse flooding caused by climate change and more and more of the landscape being covered by developments - especially impermiable developments.  It is important to keep as many wetlands intact as we can - especially provincially significant ones.  Building on floodplains and filling wetlands for building will not only cause irreparable damage it will Ontario taxpayers huge costs in damages and escallating insurance costs.  What is the point of building more homes if they will high risk financially to homeowners and the province (expect liability costs) and have high ecological costs as well?  These provisions only benefit a few already wealthy developers connected with the Conservative Party.\nThe provisions proposed for the Ontario Wetland Evaluation System along with the spawl development of Bill 23 will destroy Ontario - we'll become a have not province.  I am a knowledge worker and have flexibiliy in where I work and live.  The implications of Bill 23, especialy to OWES, building on the green belt and greenlighting sprawl instead of doing the important work to stimulate smart compact cities (as per the provincial policy statement  - PPS - that your government put in place in 2020) are making me reconsider living in Ontario.  I am not the only one.  Who wants to live in a polluted, concrete covered wasteland that is not climate resilient and thus expensive and unsafe.  Stop and throw this hastily conceived boondoggle for developers and come up with a plan that makes Ontario an attractive and liveable place in future.\nThe provisions of OWES that are objectionable and need to be thrown out:\n- Breaking the evaluation of wetland complexs up into small wetlands.  This will result in the gradual dismantling of wetlands with all the consequant impacts on our climate resilience, economy, homeowner costs, liability of province, and ecological systems on which we depend for clean water, air and lands.  Wetland complexes must be mandatorily evaluated as a whole and not piece meal as proposed.\n-    The Province will have no role in reviewing or approving wetland evaluations, will no longer keep wetland evaluation files and maintain significant wetland mapping, or provide information for use in wetland evaluations. These responsibilities will be delegated to the municipalities, without additional budgets or provincial   assistance, and the municipalities will have NO authority to review and approve wetland evaluations submitted by landowners.  There will be no stewards for these provincially significants lands and they will be left to deteriorate.  They are provincially signifcant for a reason, and just cause some developers want to do cheap and easy development on them, doesn't make them no longer provincially significant.  It makes the Ford government culpable in destroying provincial crown assets.\n- the fox guarding the hen house approach for evaluation of wetlands, whereby the person who pays for evaluation of a wetland (the developer) is the only one with the authority to say its value.  This is a serious conflict of interest, and unacceptable from an ethical and democratic perspective.\nI demand that the Province continue its role in the management of Provincially Significant Wetlands and that municipalities be given the authority to review and approve wetland evaluations.\nEastern Ontario resident - who will NEVER vote PC again if this bill and the strong mayor bills pass.\n"
    },
    "73010": {
        "url": "/comment/73010",
        "comment": "The government must realize that the use of wetlands throughout Ontario by species at risk is not an unimportant factor in protecting these habitats from development. Wetlands are extremely biodiverse habitats that serve as essential breeding grounds, hibernation sites, migratory stopovers for many species. To disregard the ecological, social, and economic importance of Ontario's wetlands as they are now (that is to say, as undeveloped protected lands), is wildly irresponsible. Efforts should be made to maintain these protected areas and create housing where it is needed in existing residential zones. Using residential zones more efficiently would mean that our wetlands do not have to be compromised. I'm outraged to discover that this proposal makes light of value of these areas and the threatened species that use them, as if they are no longer important. Our wetlands are important and if we protect them, will last much longer than the quickly-built housing that threatens to destroy them now.\n"
    },
    "73012": {
        "url": "/comment/73012",
        "comment": "The Ontario Federation of Agriculture says the province is facing an increase in the rate of farmland loss as urban sprawl swallows up land previously used for growing. Data from the 2021 Census of Agriculture suggests Ontario is losing 319 acres of farmland daily, equal to the loss of one average family farm per day.\nAlso when the world is facing a climate crisis, urban sprawl is the worst option to combat this issue.\nGiven how the good chain has been interrupted by the war in Ukraine and the climate has the world on the brink of disaster, i urge the Ontario government to stop bill 23 and find another solution to the housing crisis I. E. High density housing, rather than paving over wetlands.\n"
    },
    "73016": {
        "url": "/comment/73016",
        "comment": "I am extremely against this proposal as it puts the health of Ontarians and the environment we live in at higer risk. Wetlands are an extremely important ecosystem in Ontario and destruction of them has many negative effects.\nFuture generations deserve the protection wetlands offer. Don\u2019t make them pay the price of destroying the environment and the fallout that comes from that.\nProtecting wetlands and especially the ones that are still intact is a necessity. Removing requirements for the proposed reason is unethical and goes directly against the state of natural resources report which states that the Ontario ministry is actively working towards stronger protections of our ecosystems and biodiversity.\nWhile housing is another important issue in Ontario- it should not come at the expense of our wetlands. Once the wetlands are damaged and gone, we can\u2019t get them back. We should be striving to protect more ecosystems and the environment.\n"
    },
    "73017": {
        "url": "/comment/73017",
        "comment": "Hello,\nThank you for the opportunity to comment on the proposed changes to the Ontario Wetland Evaluation System (OWES). I am a resident of Grey County with a young family - we were lucky enough to buy a house this year, but I know so many could not. We are certainly in a housing crisis, and increasing supply is one part of the puzzle for sure, but there is no evidence to suggest that these changes to OWES are needed to increase affordability.\nI use the OWES frequently in my professional life as a planner. The OWES has been an important tool in identifying significant wetland features throughout the Province of Ontario. The system could certainly use some work, I recognize that aspects may be outdated as it is from the 80's. However, if you truly believe that, you need to consult and to studies to find out how to improve it. To come forward with these changes would devalue these wetlands. We know that you are just doing this to facilitate the kind of development that we don't need right now.\nBased on the consultation guide provided, I have significant concerns with the changes proposed. These concerns include the following:\n1.\tIt is unclear who the ultimate approval authority will be for changes to wetland designations and boundaries under various pieces of legislation (Planning Act, EAA, ARA, NEPDA, etc.). You have not presented any evidence why this shouldn't remain with MNRF.\n2.\tIt is unclear who the ultimate holder of the wetland data will be. I strongly recommend that this role remain with MNRF or another appropriate Provincial service.\n3.\tIt is unclear how many times a wetland can be re-evaluated and which re-evaluation is the appropriate one.\n4.\tThis new system removes the watershed lens and may result in impacts that extend outside of a municipal boundary, with no Provincial or conservation authority oversight to review the bigger picture. I am opposed to this change in governance for the systems and believe that it will have negative consequences for natural hazard and natural heritage management in Ontario.\n5.\tThe removal of the wetland complex concept will serve to dramatically reduce wetland features on the landscape, increasing flood and drought risk, and reducing habitat, biodiversity and ecosystem services. I am opposed to this change and believe that it will have negative consequences for natural hazards and natural heritage in Ontario.\n6.\tIt is unclear if the guide is suggesting that the recent or future elimination of a wetland for agricultural purposes (Page 9) would cause a wetland to not be considered such any longer. It is also unclear if such changes would allow for the removal of wetlands in advance of Planning Act applications under the guise of agriculture.\n7.\tMNRF has a long history of natural resource management. It is unclear why the consultation guide is proposing to remove all references to MNRF as a source of data for undertaking wetland evaluations. I am opposed to MNRF being removed from a role here as it will negate decades of experience and corporate knowledge.\nWetlands are beautiful. You could measure them in terms of flood protection in the face of a changing climate, biodiversity, number of species at risk, water purification, among others. Or, you could just go outside with your family, breath deeply, and know that some things are just worth protecting. I welcome a fulsome approach to updating OWES with these goals in mind, but I do not feel that is what the intent of this government is at the moment.\n"
    },
    "73020": {
        "url": "/comment/73020",
        "comment": "Comments on proposed updates to the Ontario Wetland Evaluation System\n*pages refer to Proposed updates document\n\u2022\tGeneral: If MNRF is taken out of the OWES process, clarity will be required on who will provide training (which is already backlogged) and certification (both of which must continue to be standardized)?\nPage 3, first paragraph (existing text, not a proposed change, but affected by proposed changes):\nCurrent text, \u201cone of the Ontario Ministry of Natural Resources and Forestry\u2019s (MNRF) mandates is the protection and sustainable management of the province\u2019s natural heritage features, including wetlands.\u201d\n\u2022\tAs wetlands (including units of current PSW complexes) are re-evaluated and submitted to local decision makers rather than to the MNRF (for review/approval and for record keeping in a centralized location), the Ministry will either lack information or collecting this information for the purposes of protecting and managing wetlands at a provincial scale will be an inefficient, time-consuming endeavour\n\u2022\tInformation on provincially significant wetlands is essential to this mandate\nPage 4 \u2013 Text removed:\n\u2022\tLand use planning decisions should not be made in the absence of information on the presence of rare species and about hydrological functions\nPage 4 (last paragraph) and 5:\n\u2022\tPage 4 \u2013 reference to protection under the PPS removed, CA Act\n\u2022\tText removed includes how the wetland evaluation system is essential to the wetland policies of the PPS and Planning Act and CA Act, all currently under review\n\u2022\tThe cumulative negative impact proposed changes to the CA Act, Planning Act, and PPS, in addition to OWES, will have on wetland protection in Ontario is unclear but is expected to be wide-ranging and significant.\nPage 6 - Text removed and added:\n\u2022\tAn evaluator should be able to access the ministry that has administered and been the repository for wetland evaluations for decades. They should have access to historic reports.\nPage 7 \u2013 text removed :\n\u2022\tIf evaluations no longer being sent to MNRF, who will be the repository of this information and what access will there be to the information? If a consultant evaluates a wetland on behalf of an applicant, does the evaluation become a public document when submitted to a decision maker, or is it private? Who can see the document? Will there be a wetland evaluation file?\n\u2022\tThis information should be kept on file, by municipalities if not by MNRF, such that it is accessible to decision makers and the public\n\u2022\tLack of contact with organizations and agencies who may have information relevant or essential to evaluation of the wetland may affect the credibility/validity of the evaluation\nPage 7 \u2013 Text added, Wetland Re-evaluations and Mapping:\n\u2022\tAllows for wetland units that are part of PSW complexes, to be evaluated as stand-alone wetlands without consideration of their function as part of a larger wetland ecosystem. This would allow for wetland complexes to be chipped away at over time, likely eroding the significance of the remaining wetlands in the former complex.\n\u2022\tallowing for the re-evaluation of individual wetland units without consideration of their function as part of a larger ecosystem leaves vast amounts of wetland without strong protections, rendering them at risk of removal from the landscape.\n\u2022\tThere are currently 66 provincially significant wetlands in the LSRCA watershed. Of these, 41 are wetland complexes. The removal of wetland complexes would put 62% of our provincially significant wetlands at risk.\n\u2022\tlack of clarity about meaning of \u201cmapping update\u201d \u2013 if it is to include wetland boundary delineation for the purpose of establishing sufficient buffers to wetlands, risk of leaving this up to one person hired by applicant means that there is motivation to obtain most favourable outcome for client\n\u2022\tunclear if there would be any oversight, agency/municipal involvement in any mapping update. Mapping updates should be documented and kept on file with evaluation and in a central database with public access\n\u2022\tIf there is no file and no documented mapping updates, valuable information about wetlands will be lost and not accessible to agencies or organizations that steward, manage or protect wetlands in Ontario\nPage 8 \u2013 new section \u201cComplete Evaluation\u201d\n\u2022\tsuggests that an existing PSW can be re-evaluated at any time, without agency involvement or oversight, relying on the evaluation undertaken by consultant without peer review by any agency:\no\tEvaluations should not be considered complete when received by a decision maker if critical information is missing or the system was erroneously applied\no\tWho is decision maker? Needs clarity\no\tMeans that the significance of a wetland is determined by a single individual, regardless of the quality of the evaluation. If any portion of the evaluation is done incorrectly, or missing available information, there is no opportunity for it to be peer reviewed and amended.\no\tIt is prudent also to consider that a client hires a consultant to undertake a wetland re-evaluation as part of the development application process. This relationship puts, as a priority, the most favourable outcome of an evaluation for the applicant and represents a conflict of interest.\no\tPeer review (currently through submission of evaluations to MNRF for approval) serves as quality control. The protection of critical habitats and ecological functions hangs on this quality control\nPage 9, text removed:\n\u2022\tIn addition to a decision maker having to accept an evaluation, re-evaluation or mapping update as complete, the list of items that make up a complete wetland evaluation file is completely removed from the document (i.e., no guidance is provided on what is to be included). These removed items include important pieces of documentation, including data and scoring record, catchment mapping, wetland boundary and vegetation mapping, air photos, field notes.\nPage 11, text removed:\n\u2022\t\u201cContact with appropriate organizations and agencies, outlined below, is vital to the credibility of the evaluation and of the Special Features component in particular.\u201d Remains valid and should be left in\n\u2022\tWhy have important information sources been removed from the manual? No Information Available can be entered in the WEDSR without any oversight on whether information was indeed available/requested\nPage 15, Field Visits, text added:\n\u2022\tThe wording is not clear whether all field work can be conducted by an untrained assistant and then reviewed by a certified OWES evaluator, or if the evaluator would be on site. The evaluator needs to attend the site.\nPage 20, text added:\nWetland Edges Bordering on Lakes and Rivers\n\u2022\tshould use meters rather than feet\nPage 22, text removed:\n\u2022\tUpdates to reflect changes in technology (e.g. removing mention of disks) is supported\nPage 23, Catchment Basin Map, text removed:\n\u2022\thow will hydrology be scored without this map?\n\u2022\tsupportive of update based on change in technology (i.e. tablets/phones may be used in field rather than print outs), but the data listed should be used in the field and additional information recorded\nPage 24, Completing the Wetland Evaluation Data and Scoring Record, everything removed apart from wetland size (moved to its own section):\n\u2022\twill there be a wetland record? What will be included? Clarity is needed here.\nPage 26, Wetland Complexes, all text removed\n\u2022\tthe previous version of the manual text stated, \u201cMuch of the wildlife in the area of the complex is variously dependent upon the presence of the entire complex of wetlands\u201d. The proposed version removes the concept of complexes and with each wetland unit contributing to the whole. How can this be reconciled? The dependency of Wildlife is still dependent on the complex whether these are recognized or not has not changed, only the text, and impacts to wildlife can be expected if these individual wetland units are evaluated in isolation and thus receive less protection than if they were recognized as part of a complex\n\u2022\tProtection for small wetlands that provide \u201cimportant ecological benefits\u201d as described in the current manual is weakened by the proposed changes\nPage 46, 4.1.2 Species:\n-not a comment on a proposed change but suggest adding community science databases (i.e., eBird, iNaturalist) as alternative sources of information\nSections 4.1.2.1 and 4.1.2.2 - complete removal of scoring for Endangered/Threatened species, though these would be scored as tracked species (which would receive fewer points)\n\u2022\tDevalues the importance of wetland habitat for essential lifecycle processes of species at risk species\n\u2022\tProtection of wetland as PSW vs. protection of habitat under ESA\no\tExample Least Bittern \u2013 no habitat regulation yet, critical habitat only defined in recovery strategy for breeding habitat, not post-breeding dispersal, foraging, or migration stopover habitat. Removal of Migration, Feeding or Hibernation Habitat for Endangered or Threatened Species in scoring could put wetland habitat for these lifecycle processes at risk. Wetland destruction and degradation is identified as being a high threat to Least Bittern in the recovery strategy.\nPage 62 Wetland Evaluation Data and Scoring Record:\n\u2022\tProposed changes to the Wetland Evaluation Data and Scoring Record section should be provided for comment. Currently there is only a note saying that the section will be \u201cedited to reflect many of the above changes\u201d.\nPage 63, text removed, Locally Important Wetland:\n\u2022\tThe removal of the text, \u201cThe wetland evaluation system for northern and southern Ontario is designed to identify important wetlands on a provincial scale. However, all wetlands have value, both to society and intrinsically\u201d does not change the worth and importance of these wetlands at the local scale. This section should remain in the manual.\n\u2022\tRemoved text includes reference to municipalities deciding to protect locally important wetlands. As municipalities have been identified in the added text as being generally responsible for implement Ontario\u2019s planning process in the introduction (page 3), there doesn\u2019t appear to be rationale for removing this section.\n"
    },
    "73026": {
        "url": "/comment/73026",
        "comment": "Wetlands, green belt and farm lands should remain as they are - they are too important to lose!  Ontario needs affordable homes, that\u2019s the crisis.  Simply building homes faster isn\u2019t going to help those that need homes but it will definitely benefit the developers.  We are in a climate crisis, demolishing green belt and wetlands is not the way forward.  We need to look after these lands we need to be more self sufficient, depending on other provinces and countries to provide food for Ontarians is not a smart move.\nPlease do not pass this bill it will be so detrimental to Ontarians and the planet!\n"
    },
    "73028": {
        "url": "/comment/73028",
        "comment": "My thoughts are that this proposal is comepletey short-sighted and takes no consideration of the damaging long-term environmental effects this would have on Ontario. There is little to no consideration given within this proposal to the municipalities who voiced their opposition to expanding urban boundaries for development. Explicit preference was stated for building on undeveloped land within existing urban boundaries and I fail to understand why this government did not honour or even explore that possibility.\nThe only benficiaires are the individuals who suspiciously purchased the specific lands this proposal suggests should be rezoned for development.\n"
    },
    "73031": {
        "url": "/comment/73031",
        "comment": "The area where I live, the Quinte region, currently has 100 Provincially Significant Wetlands throughout the watershed.\u00a0 According to staff at Quinte Conservation, changes to the wetland evaluation system would mean that there would only be 1 Provincially Significant Wetland remaining, representing a 99% loss to Quinte region\u2019s wetlands.\nIn Prince Edward County, part of the Quinte region, we need to protect our wetlands, especially our Provincially Significant wetlands.\nThe entire County of Prince Edward has been identified as a Highly Vulnerable Aquifer in the Quinte Region Source Protection Plan \u2013 that means our drinking water is at risk and highly susceptible to contamination from development and industry. Our wetlands are our best protection against this as they get water into our aquifers while filtering out its contaminants.\nDuring the months of May through August, Prince Edward County has the lowest average precipitation of any county in Ontario.  Those are the months when demand for water peaks \u2013 for agriculture for the growing season and for the height of tourism when our population expands enormously.\nDue to climate change, Prince Edward County is experiencing increasing weather volatility; wind storms; frequent ice storms; unpredictable thaws and extraordinary flooding events; unpredictable long-term effects of longer droughts; soil erosion and greater risk of fire.\nConcretely, these effects have caused in recent years:\n-\t$1.7 million in County expenses related to flood disaster;\n-\tMore than $7.5 million for crop insurance claims due to drought;\n-\tUnknown losses to under \u2013insurance costs;\n-\t100 % increase in hauling water costs for farmers and residents;\n-\tExtreme flooding in 2017 and 2019.\nOur inland Provincially Significant and other wetlands pull water into the ground so it is there when we need it. As they do so they filter out contaminants, protecting our drinking water, especially in rural areas where we have no built infrastructure.   Our few remaining Provincially significant coastal wetlands protect our highly vulnerable shoreline during storm surges. Our wetlands play a huge role in flood prevention, drought mitigation and erosion control. They also store an enormous amount of carbon. They are extremely beautiful and provide habitat for our exceptional biodiversity, a big draw for tourists to our area.  Our wetlands are our best defence against climate change and are important economic drivers for our largest industries, agriculture and tourism. And they do it all for free.\nIn recognition of this fact, Prince Edward County mandated a 50 m setback from ALL wetlands in their new Official Plan. To address our problems with drought and shortage of groundwater, our Official Plan only allows a single subdivision in rural areas. We need the 120 m setback to protect our PSWs, all of whose protection depends on the evaluation points gotten by providing Endangered and Threatened Species habitat. The presence of those species lets us know which wetlands are working best to recharge our ground water and protect us from flooding and erosion.\nThe costs listed above during extreme weather years (flooding and drought) were incurred with the existence of 26 PSWs in Prince Edward County, including some potential PSWs not yet identified. Imagine what would have  happened  had they all been denigrated or filled in by development. We need more protections for our wetlands to support the growing population of Prince Edward County.\nBy changing the O.W.E.S. classification system, our existing Provincially Significant Wetlands could lose their status and protections, and our un-evaluated wetlands are unlikely to meet the standard for additional protection without the points for Endangered and Threatened Species.  The proposed changes are not scientifically based and will devaluate the wetlands we desperately need to protect.\nLoss of wetlands will impact wildlife, climate change, water quality/quantity, tourism and recreation, and will result in the need for more infrastructure through the creation of stormwater ponds which will require more maintenance and monitoring, necessitating the need increase to municipal taxes yet again and negatively affect the ability of the wetlands to offset flooding.\nPrince Edward County has wetlands that do a lot of this costly work for them. We are at risk of losing this precious natural infrastructure if the proposed changes to the O.W.E.S are implemented as our wetlands will no longer qualify for optimal protection.\nI imagine the same is true for other parts of Ontario. We need to keep and protect our existing wetlands which have taken a long time to evolve to do the work they do.\nRecommendation: That the province re-engage the multi-stakeholder Conservation Authority (CA) Working Group and work with the working group to determine the unintentional negative implications of these proposed changes, and develop better alternatives, prior to proceeding with current proposed amendments.\n"
    }
}