{
    "70035": {
        "url": "/comment/70035",
        "comment": "I wholeheartedly disagree with the proposed updates to the Ontario Wetland Evaluation System without further consultation with Conservation Authorities\u2019 experts and full transparency with the citizens of Ontario as to the veracity of the proposed changes.\nThe Silver Creek Wetland, deemed a provincially significant wetland, is located in Collingwood, ON in the Nottawasaga Watershed and is very important for flood control, water filtering, groundwater recharge and discharge and provides important fish and wildlife habitat.  The Silver Creek Wetland absorbs excess rainwater and snowmelt, slows floodwaters helping to alleviate property damage. In the face of climate change, the Silver Creek Wetland is even more important as we experience more extreme storm events.\nIn addition, the Wetlands provide a critical habitat for threatened and endangered species such as the Least Bittern and the Spotted Turtle, as well as the provincially rare plant species, Stiff Yellow Flax.  These and a number of other fish, wildlife and vegetation would be wiped out with the abolition of proper wetland evaluation and protection. I want to protect the Silver Creek Wetland from erroneous development and keep it as one of the most important features of our natural heritage in Ontario for generations to come.\n"
    },
    "70044": {
        "url": "/comment/70044",
        "comment": "Good Afternoon\nI am not in favor of \"streamlining \" the evaluation process for development of wetlands by removing consultation with Environmental Authorities such as Conservation Authorities. Given how crucial these wetland s are for our biodiversity and flood control to name but a few items, destroying for sake of further development not at viable.\nThank you\n"
    },
    "70049": {
        "url": "/comment/70049",
        "comment": "We wholeheartedly disagree with the proposed updates to the Ontario Wetland Evaluation System without further consultation with Conservation Authorities\u2019 experts and full transparency with the citizens of Ontario as to the veracity of the proposed changes.\nThe Silver Creek Wetland, deemed a provincially significant wetland, is located in Collingwood, ON in the Nottawasaga Watershed and is very important for flood control, water filtering, groundwater recharge and discharge and provides important fish and wildlife habitat.\u00a0 The Silver Creek Wetland absorbs excess rainwater and snowmelt, slows floodwaters helping to alleviate property damage.\u00a0In the face of climate change, the Silver Creek Wetland is even more important as we experience more extreme storm events.\nIn addition,\u00a0the Wetlands provide a critical habitat for threatened and endangered species such as\u00a0the Least Bittern and the Spotted Turtle, as well as the provincially rare plant species, Stiff Yellow Flax.\u00a0 These and a number of other fish, wildlife and vegetation would be wiped out with the abolition of proper wetland evaluation and protection. We want to protect the Silver Creek Wetland from erroneous development and keep it as one of the most important features of our natural heritage in Ontario for generations to come.\n"
    },
    "70052": {
        "url": "/comment/70052",
        "comment": "This is crazy! Wetlands store more carbon than forests! They must be protected at all costs. And conservation authorities must retain their current powers. They are science based, non political bodies, so decisions are made based on what is best for the environment, rather than political whims. Climate change is threatening the future of our children and grandchildren so we need to do everything possible to halt it.\n"
    },
    "70054": {
        "url": "/comment/70054",
        "comment": "We wholeheartedly disagree with the proposed updates to the Ontario Wetland Evaluation System without further consultation with Conservation Authorities\u2019 experts and full transparency with the citizens of Ontario as to the veracity of the proposed changes. The Silver Creek Wetland, deemed a provincially significant wetland, is located in Collingwood, ON in the Nottawasaga Watershed and is very important for flood control, water filtering, groundwater recharge and discharge and provides important fish and wildlife habitat.  The Silver Creek Wetland absorbs excess rainwater and snowmelt, slows floodwaters helping to alleviate property damage.  In the face of climate change, the Silver Creek Wetland is even more important as we experience more extreme storm events. Also at risk, are provincially and regionally rare plant and wildlife species, as well as a number of other fish, wildlife and vegetation that would be wiped out with the abolition of proper wetland evaluation and protection. We want to protect the Silver Creek Wetland from erroneous development and keep it as one of the most important features of our natural heritage in Ontario for generations to come.\n"
    },
    "70055": {
        "url": "/comment/70055",
        "comment": "it is utterly critical that ALL remaining wetlands and the environment be protected for future generations and the environment.  Do you want to be a force for ill or good in our world?  We do not need more car dependent sprawl, but more high density AFFORDABLE units in walkable towns and cities.\nHow will you feel on your death bed knowing you have harmed rather than helped future generations and all life on the planet.  Need I say more?\n"
    },
    "70058": {
        "url": "/comment/70058",
        "comment": "I wholeheartedly disagree with the proposed updates to the Ontario Wetland Evaluation System without further consultation with Conservation Authorities\u2019 experts and full transparency with the citizens of Ontario as to the veracity of the proposed changes.\nThe Silver Creek Wetland, deemed a provincially significant wetland, is located in Collingwood, ON in the Nottawasaga Watershed and is very important for flood control, water filtering, groundwater recharge and discharge and provides important fish and wildlife habitat.  The Silver Creek Wetland absorbs excess rainwater and snowmelt, slows floodwaters helping to alleviate property damage. In the face of climate change, the Silver Creek Wetland is even more important as we experience more extreme storm events.\nIn addition, the Wetlands provide a critical habitat for threatened and endangered species such as the Least Bittern and the Spotted Turtle, as well as the provincially rare plant species, Stiff Yellow Flax.  These and a number of other fish, wildlife and vegetation would be wiped out with the abolition of proper wetland evaluation and protection. I/we want to protect the Silver Creek Wetland from erroneous development and keep it as one of the most important features of our natural heritage in Ontario for generations to come.\n"
    },
    "70059": {
        "url": "/comment/70059",
        "comment": "I/we wholeheartedly disagree with the proposed updates to the Ontario Wetland Evaluation System without further consultation with Conservation Authorities\u2019 experts and full transparency with the citizens of Ontario as to the veracity of the proposed changes.\nThe Silver Creek Wetland, deemed a provincially significant wetland, is located in Collingwood, ON in the Nottawasaga Watershed and is very important for flood control, water filtering, groundwater recharge and discharge and provides important fish and wildlife habitat.  The Silver Creek Wetland absorbs excess rainwater and snowmelt, slows floodwaters helping to alleviate property damage. In the face of climate change, the Silver Creek Wetland is even more important as we experience more extreme storm events.\nIn addition, the Wetlands provide a critical habitat for threatened and endangered species such as the Least Bittern and the Spotted Turtle, as well as the provincially rare plant species, Stiff Yellow Flax.  These and a number of other fish, wildlife and vegetation would be wiped out with the abolition of proper wetland evaluation and protection. I/we want to protect the Silver Creek Wetland from erroneous development and keep it as one of the most important features of our natural heritage in Ontario for generations to come.\n"
    },
    "70062": {
        "url": "/comment/70062",
        "comment": "We are speeding toward environmental crises; the last thing the government should be doing is converting crucial wetland regions into housing developments. Furthermore, the housing crisis is primarily a result of lack of affordability and NOT due to a shortage of space.\nPlease leave these sensitive environmental areas alone and focus on creating positive change for the people of this province.\n"
    },
    "70063": {
        "url": "/comment/70063",
        "comment": "I wholeheartedly disagree with the proposed updates to the Ontario Wetland Evaluation System without further consultation with Conservation Authorities\u2019 experts and full transparency with the citizens of Ontario as to the veracity of the proposed changes.\nThe Silver Creek Wetland, deemed a provincially significant wetland, is located in Collingwood, ON in the Nottawasaga Watershed and is very important for flood control, water filtering, groundwater recharge and discharge and provides important fish and wildlife habitat.  The Silver Creek Wetland absorbs excess rainwater and snowmelt, slows floodwaters helping to alleviate property damage. In the face of climate change, the Silver Creek Wetland is even more important as we experience more extreme storm events.\nIn addition, the Wetlands provide a critical habitat for threatened and endangered species such as the Least Bittern and the Spotted Turtle, as well as the provincially rare plant species, Stiff Yellow Flax.  These and a number of other fish, wildlife and vegetation would be wiped out with the abolition of proper wetland evaluation and protection. I want to protect the Silver Creek Wetland from erroneous development and keep it as one of the most important features of our natural heritage in Ontario for generations to come.\nRegards,\nFriends of Silver Creek\n"
    },
    "70067": {
        "url": "/comment/70067",
        "comment": "Please do not change the current evaluation process. This is the time to do things very carefully so that we do not add to our global climate change crisis. It is our responsibility to protect all the land left that protects us and provides life and sustenance to our struggling wildlife.\nWe need to be more creative and thoughtful as we \u2018develop\u2019.\n"
    },
    "70076": {
        "url": "/comment/70076",
        "comment": "To whom it may concern,\nI am disturbed by what appears to be the removal of the role of due process in the establishment and ongoing protection of wetlands in ON.\nI disagree with the proposed updates to the Ontario Wetland Evaluation System without further consultation with Conservation Authorities\u2019 experts and full transparency with the citizens of Ontario as to the veracity of the proposed changes.\nThe Silver Creek Wetland, deemed a provincially significant wetland, is located in Collingwood, ON in the Nottawasaga Watershed and is very important for flood control, water filtering, groundwater recharge and discharge and provides important fish and wildlife habitat.  The Silver Creek Wetland absorbs excess rainwater and snowmelt, slows floodwaters helping to alleviate property damage. In the face of climate change, the Silver Creek Wetland is even more important as we experience more extreme storm events.\nIn addition, the Wetlands provide a critical habitat for threatened and endangered species such as the Least Bittern and the Spotted Turtle, as well as the provincially rare plant species, Stiff Yellow Flax.  These and a number of other fish, wildlife and vegetation would be wiped out with the abolition of proper wetland evaluation and protection. I/we want to protect the Silver Creek Wetland from erroneous development and keep it as one of the most important features of our natural heritage in Ontario for generations to come.\nThank you for taking the time to read this note.\n"
    },
    "70083": {
        "url": "/comment/70083",
        "comment": "I do not believe that there should be any changes to the evaluation of wetlands in Ontario.  The climate crisis and biodiversity are currently being discussed at COP27.  It is time to stop degrading our precious and beautiful natural heritage as it will exacerbate the current climate crisis.  Please do not destroy any more of our invaluable Ontario wetlands which are home to species at risk such as the spotted turtle and the least bittern.\n"
    },
    "70084": {
        "url": "/comment/70084",
        "comment": "I/we wholeheartedly disagree with the proposed updates to the Ontario Wetland Evaluation System without further consultation with Conservation Authorities\u2019 experts and full transparency with the citizens of Ontario as to the veracity of the proposed changes.\nThe Silver Creek Wetland, deemed a provincially significant wetland, is located in Collingwood, ON in the Nottawasaga Watershed and is very important for flood control, water filtering, groundwater recharge and discharge and provides important fish and wildlife habitat.  The Silver Creek Wetland absorbs excess rainwater and snowmelt, slows floodwaters helping to alleviate property damage. In the face of climate change, the Silver Creek Wetland is even more important as we experience more extreme storm events.\nIn addition, the Wetlands provide a critical habitat for threatened and endangered species such as the Least Bittern and the Spotted Turtle, as well as the provincially rare plant species, Stiff Yellow Flax.  These and a number of other fish, wildlife and vegetation would be wiped out with the abolition of proper wetland evaluation and protection. I/we want to protect the Silver Creek Wetland from erroneous development and keep it as one of the most important features of our natural heritage in Ontario for generations to come.\n"
    },
    "70085": {
        "url": "/comment/70085",
        "comment": "Proposing any development on wetlands is beyond foolish. Wetlands with their abundant plants should be left entirely intact to avoid the likelihood of catastrophic flooding. Have the Ontario officials who suggest developing wetlands never heard of atmospheric rivers. By now they certainly should have. Surely they heard of those which struck British Columbia last year with environmentally and economically-devastating effects. Much of the flooding and landslides would have either not occurred or would have been mitigated were it not for the incredibly foolhardy and destructive government decisions of the past, denuding wetlands and mountain slopes of their forests. Surely, too, not sensible insurer would provide insurance for any development on a wetland, an area highly likely to become a whole lot wetter due to climate change.\n"
    },
    "70090": {
        "url": "/comment/70090",
        "comment": "Wetlands are incredibly fragile ecosystems and are already in short supply. To think that the development of roadways comes before a natural system for cleaning drinking water, fostering already at risk wildlife, and managing rainwater surges that would otherwise cause flooding is heartbreaking. It's disappointing to see that this legislative body continues to justify destroying key  wetland areas in exchange for roadways and development. I hope that the thousands if not millions of dollars in damages caused by losing the services that wetlands provide is worth the quick cash cow that's offered by development.\nI hope that the current government finds the sense to conduct a more thoughtful assement of the land they are about to build on before more damage is done.\n"
    },
    "70093": {
        "url": "/comment/70093",
        "comment": "I wholeheartedly disagree with the proposed updates to the Ontario Wetland Evaluation System without further consultation with Conservation Authorities\u2019 experts and full transparency with the citizens of Ontario as to the veracity of the proposed changes.\nThe Silver Creek Wetland, deemed a provincially significant wetland, is located in Collingwood, ON in the Nottawasaga Watershed and is very important for flood control, water filtering, groundwater recharge and discharge and provides important fish and wildlife habitat.  The Silver Creek Wetland absorbs excess rainwater and snowmelt, slows floodwaters helping to alleviate property damage. In the face of climate change, the Silver Creek Wetland is even more important as we experience more extreme storm events.\nIn addition, the Wetlands provide a critical habitat for threatened and endangered species such as the Least Bittern and the Spotted Turtle, as well as the provincially rare plant species, Stiff Yellow Flax.  These and a number of other fish, wildlife and vegetation would be wiped out with the abolition of proper wetland evaluation and protection. I want to protect the Silver Creek Wetland from development and keep it as one of the most important features of our natural heritage in Ontario for generations to come.\nRegards,\nFriend of Silver Creek\n"
    },
    "70100": {
        "url": "/comment/70100",
        "comment": "I wholeheartedly disagree with the proposed updates to the Ontario Wetland Evaluation System without further consultation with Conservation Authorities\u2019 experts and full transparency with the citizens of Ontario as to the veracity of the proposed changes.\nThe Silver Creek Wetland, deemed a provincially significant wetland, is located in Collingwood, ON in the Nottawasaga Watershed and is very important for flood control, water filtering, groundwater recharge and discharge and provides important fish and wildlife habitat.  The Silver Creek Wetland absorbs excess rainwater and snowmelt, slows floodwaters helping to alleviate property damage. In the face of climate change, the Silver Creek Wetland is even more important as we experience more extreme storm events.\nIn addition, the Wetlands provide a critical habitat for threatened and endangered species such as the Least Bittern and the Spotted Turtle, as well as the provincially rare plant species, Stiff Yellow Flax.  These and a number of other fish, wildlife and vegetation would be wiped out with the abolition of proper wetland evaluation and protection. I/we want to protect the Silver Creek Wetland from erroneous development and keep it as one of the most important features of our natural heritage in Ontario for generations to come.\n"
    },
    "70108": {
        "url": "/comment/70108",
        "comment": "I wholeheartedly disagree with the proposed updates to the Ontario Wetland Evaluation System without further consultation with Conservation Authorities\u2019 experts and full transparency with the citizens of Ontario as to the veracity of the proposed changes.\nThe Silver Creek Wetland, deemed a provincially significant wetland, is located in Collingwood, ON in the Nottawasaga Watershed and is very important for flood control, water filtering, groundwater recharge and discharge and provides important fish and wildlife habitat.  The Silver Creek Wetland absorbs excess rainwater and snowmelt, slows floodwaters helping to alleviate property damage. In the face of climate change, the Silver Creek Wetland is even more important as we experience more extreme storm events.\nIn addition, the Wetlands provide a critical habitat for threatened and endangered species such as the Least Bittern and the Spotted Turtle, as well as the provincially rare plant species, Stiff Yellow Flax.  These and a number of other fish, wildlife and vegetation would be wiped out with the abolition of proper wetland evaluation and protection. I want to protect the Silver Creek Wetland from erroneous development and keep it as one of the most important features of our natural heritage in Ontario for generations to come.\nWe have to stop doing things like this; we can do better.\nRegards,\nA concerned voter from Toronto\n"
    }
}