{
    "39739": {
        "url": "/comment/39739",
        "comment": "I support the continuation of the Rondeau cottage community in perpetuity. I support the three-year lease extension as described in ERO Policy Proposal 019-0907. This lease extension should be granted automatically to all leaseholders. This time should be used to reach a permanent solution that will ensure the cottage community remains forever.  If a permanent solution is reached prior to the three-year deadline, I support it being implemented as soon as possible.\n"
    },
    "39740": {
        "url": "/comment/39740",
        "comment": "I support the continuation of the Rondeau cottage community in perpetuity. I support the three-year lease extension as described in ERO Policy Proposal 019-0907. This lease extension should be granted automatically to all leaseholders. This time should be used to reach a permanent solution that will ensure the cottage community remains forever.  If a permanent solution is reached prior to the three-year deadline, I support it being implemented as soon as possible.\n"
    },
    "39741": {
        "url": "/comment/39741",
        "comment": "I support the continuation of the Rondeau cottage community in perpetuity. I support the three-year lease extension as described in ERO Policy Proposal 019-0907. This lease extension should be granted automatically to all leaseholders. This time should be used to reach a permanent solution that will ensure the cottage community remains forever.  If a permanent solution is reached prior to the three-year deadline, I support it being implemented as soon as possible.\n"
    },
    "39742": {
        "url": "/comment/39742",
        "comment": "I support the continuation of the Rondeau cottage community in perpetuity. I support the three-year lease extension as described in ERO Policy Proposal 019-0907. This lease extension should be granted automatically to all leaseholders. This time should be used to reach a permanent solution that will ensure the cottage community remains forever.  If a permanent solution is reached prior to the three-year deadline, I support it being implemented as soon as possible.\n"
    },
    "39743": {
        "url": "/comment/39743",
        "comment": "I support the continuation of the Rondeau cottage community in perpetuity. I support the three-year lease extension as described in ERO Policy Proposal 019-0907. This lease extension should be granted automatically to all leaseholders. This time should be used to reach a permanent solution that will ensure the cottage community remains forever.  If a permanent solution is reached prior to the three-year deadline, I support it being implemented as soon as possible.\n"
    },
    "39744": {
        "url": "/comment/39744",
        "comment": "I support the continuation of the Rondeau cottage community in perpetuity. I support the three-year lease extension as described in ERO Policy Proposal 019-0907. This lease extension should be granted automatically to all leaseholders. This time should be used to reach a permanent solution that will ensure the cottage community remains forever.  If a permanent solution is reached prior to the three-year deadline, I support it being implemented as soon as possible.\n"
    },
    "39745": {
        "url": "/comment/39745",
        "comment": "I support the continuation of the Rondeau cottage community in perpetuity. I support the three-year lease extension as described in ERO Policy Proposal 019-0907. This lease extension should be granted automatically to all leaseholders. This time should be used to reach a permanent solution that will ensure the cottage community remains forever.  If a permanent solution is reached prior to the three-year deadline, I support it being implemented as soon as possible.\n"
    },
    "39746": {
        "url": "/comment/39746",
        "comment": "I support the continuation of the Rondeau cottage community in perpetuity. I support the three-year lease extension as described in ERO Policy Proposal 019-0907. This lease extension should be granted automatically to all leaseholders. This time should be used to reach a permanent solution that will ensure the cottage community remains forever.  If a permanent solution is reached prior to the three-year deadline, I support it being implemented as soon as possible.\n"
    },
    "39747": {
        "url": "/comment/39747",
        "comment": "I support the continuation of the Rondeau cottage community in perpetuity. I support the three-year lease extension as described in ERO Policy Proposal 019-0907. This lease extension should be granted automatically to all leaseholders. This time should be used to reach a permanent solution that will ensure the cottage community remains forever.  If a permanent solution is reached prior to the three-year deadline, I support it being implemented as soon as possible.\n"
    },
    "39748": {
        "url": "/comment/39748",
        "comment": "I support the 3year lease extension of 019-0907\nIt should be granted automatically\nIn 3 years it will 5 years of wasting tax dollars\nJust do 99 years again and be happy\nWe make the park better not worse\nThe campers create much more destruction than cottages\nThe garbage deposited each day by the people walking in without paying a permit or taxes or lease is blamed on cottagers\n"
    },
    "39749": {
        "url": "/comment/39749",
        "comment": "I support the continuation of the Rondeau cottage community in perpetuity. I support the three-year lease extension as described in ERO Policy Proposal 019-0907. This lease extension should be granted automatically to all leaseholders. This time should be used to reach a permanent solution that will ensure the cottage community remains forever.  If a permanent solution is reached prior to the three-year deadline, I support it being implemented as soon as possible.\n"
    },
    "39750": {
        "url": "/comment/39750",
        "comment": "I support the continuation of the Rondeau cottage community in perpetuity. I support the three-year lease extension as described in ERO Policy Proposal 019-0907. This lease extension should be granted automatically to all leaseholders. This time should be used to reach a permanent solution that will ensure the cottage community remains forever.  If a permanent solution is reached prior to the three-year deadline, I support it being implemented as soon as possible.\n"
    },
    "39751": {
        "url": "/comment/39751",
        "comment": "I support the three-year lease extension as described in ERO Policy Proposal 019-0907. This new lease extension should be granted automatically to all leaseholders as per the existing lease scheduled to expire at the end of this year. I fully support a longer lease extension or if a permanent solution is reached prior to the three-year deadline, I support it being implemented as soon as possible.\n"
    },
    "39752": {
        "url": "/comment/39752",
        "comment": "I support the 3year lease extension of 019-0907\nIt should be granted automatically\nIn 3 years it will 5 years of wasting tax dollars\nJust do 99 years again and be happy\nWe make the park better not worse\nThe campers create much more destruction than cottages\nThe cottage visitors are a constant revenue for local businesses\nRain or shine\n"
    },
    "39753": {
        "url": "/comment/39753",
        "comment": "I support the 3year lease extension of 019-0907\nIt should be granted automatically\nIn 3 years it will 5 years of wasting tax dollars\nJust do 99 years again and be happy\nWe make the park better not worse\nThe campers create much more destruction than cottages\nThe cottage visitors are a constant revenue for local businesses\nRain or shine\nWe will still come when the park is flooded and closed\n"
    },
    "39755": {
        "url": "/comment/39755",
        "comment": "I support the 3year lease extension of 019-0907\nIt should be granted automatically\nIn 3 years it will 5 years of wasting tax dollars\nJust do 99 years again and be happy\nWe make the park better not worse\nThe campers create much more destruction than cottages\nThe cottage visitors are a constant revenue for local businesses\nRain or shine\nWe will still come when the park is flooded and closed\nThe park has been closed until June for years but us cottager goers still come and spend money for taxes and local economy\n"
    },
    "39756": {
        "url": "/comment/39756",
        "comment": "I support the 3year lease extension of 019-0907\nIt should be granted automatically\nIn 3 years it will 5 years of wasting tax dollars\nJust do 99 years again and be happy\nWe make the park better not worse\nThe campers create much more destruction than cottages\nThe cottage visitors are a constant revenue for local businesses\nRain or shine\nWe will still come when the park is flooded and closed\nThe park has been closed until June for years but us cottager goers still come and spend money for taxes and local economy'\nWe have supported many events in the park and continue to provide revenue today for the government\n"
    },
    "39757": {
        "url": "/comment/39757",
        "comment": "I support the three-year lease extension as described in ERO Policy Proposal 019-0907. This new lease extension should be granted automatically to all leaseholders. This time should be used to reach a permanent solution that will ensure the cottage community remains forever. If a permanent solution is reached prior to the three-year deadline, I support it being implemented as soon as possible.\n"
    },
    "39758": {
        "url": "/comment/39758",
        "comment": "I support the three-year lease extension as described in ERO Policy Proposal 019-0907. This new lease extension should be granted automatically to all leaseholders. This time should be used to reach a permanent solution that will ensure the cottage community remains forever. If a permanent solution is reached prior to the three-year deadline, I support it being implemented as soon as possible.\n"
    }
}