{
    "39841": {
        "url": "/comment/39841",
        "comment": "I support the three-year lease extension as described in ERO Policy Proposal 019-0907. This new lease extension should be granted automatically to all leaseholders. This time should be used to reach a permanent solution that will ensure the cottage community remains forever. If a permanent solution is reached prior to the three-year deadline, I support it being implemented as soon as possible.\n"
    },
    "39842": {
        "url": "/comment/39842",
        "comment": "I support the three-year lease extension as described in ERO Policy Proposal 019-0907. This new lease extension should be granted automatically to all leaseholders. This time should be used to reach a permanent solution that will ensure the cottage community remains forever. If a permanent solution is reached prior to the three-year deadline, I support it being implemented as soon as possible.\n"
    },
    "39843": {
        "url": "/comment/39843",
        "comment": "I support the three-year lease extension as described in ERO Policy Proposal 019-0907. This new lease extension should be granted automatically to all leaseholders. This time should be used to reach a permanent solution that will ensure the cottage community remains forever. If a permanent solution is reached prior to the three-year deadline, I support it being implemented as soon as possible.\n"
    },
    "39844": {
        "url": "/comment/39844",
        "comment": "I support the three-year lease extension as described in ERO Policy Proposal 019-0907. This new lease extension should be granted automatically to all leaseholders. This time should be used to reach a permanent solution that will ensure the cottage community remains forever. If a permanent solution is reached prior to the three-year deadline, I support it being implemented as soon as possible.\n"
    },
    "39845": {
        "url": "/comment/39845",
        "comment": "I support the three-year lease extension as described in ERO Policy Proposal 019-0907. This new lease extension should be granted automatically to all leaseholders. This time should be used to reach a permanent solution that will ensure the cottage community remains forever. If a permanent solution is reached prior to the three-year deadline, I support it being implemented as soon as possible.\n"
    },
    "39846": {
        "url": "/comment/39846",
        "comment": "I support the three-year lease extension as described in ERO Policy Proposal 019-0907. This new lease extension should be granted automatically to all leaseholders. This time should be used to reach a permanent solution that will ensure the cottage community remains forever. If a permanent solution is reached prior to the three-year deadline, I support it being implemented as soon as possible.\n"
    },
    "39847": {
        "url": "/comment/39847",
        "comment": "I support the three-year lease extension as described in ERO Policy Proposal 019-0907. This new lease extension should be granted automatically to all leaseholders. This time should be used to reach a permanent solution that will ensure the cottage community remains forever. If a permanent solution is reached prior to the three-year deadline, I support it being implemented as soon as possible.\n"
    },
    "39848": {
        "url": "/comment/39848",
        "comment": "I support the three-year lease extension as described in ERO Policy Proposal 019-0907. This new lease extension should be granted automatically to all leaseholders. This time should be used to reach a permanent solution that will ensure the cottage community remains forever. If a permanent solution is reached prior to the three-year deadline, I support it being implemented as soon as possible.\n"
    },
    "39849": {
        "url": "/comment/39849",
        "comment": "I support the three-year lease extension as described in ERO Policy Proposal 019-0907. This new lease extension should be granted automatically to all leaseholders. This time should be used to reach a permanent solution that will ensure the cottage community remains forever. If a permanent solution is reached prior to the three-year deadline, I support it being implemented as soon as possible.\n"
    },
    "39850": {
        "url": "/comment/39850",
        "comment": "I support the three-year lease extension as described in ERO Policy Proposal 019-0907. This new lease extension should be granted automatically to all leaseholders. This time should be used to reach a permanent solution that will ensure the cottage community remains forever. If a permanent solution is reached prior to the three-year deadline, I support it being implemented as soon as possible.\n"
    },
    "39851": {
        "url": "/comment/39851",
        "comment": "I support the three-year lease extension as described in ERO Policy Proposal 019-0907. This new lease extension should be granted automatically to all leaseholders. This time should be used to reach a permanent solution that will ensure the cottage community remains forever. If a permanent solution is reached prior to the three-year deadline, I support it being implemented as soon as possible.\n"
    },
    "39852": {
        "url": "/comment/39852",
        "comment": "I support the three-year lease extension as described in ERO Policy Proposal 019-0907. Rondeau park is a special place for myself and my family. As growing up in rondeau with a cottage I have met some amazing people from all over and have made special memories at the park. Rondeau park  has been around for a very long time and the cottages have been part of what makes the park so special. I couldn\u2019t imagine what rondeau would be like if the cottages weren\u2019t there. Again I support the three year lease extensions and our looking forward to to making more memories at rondeau park.\nThank you.\n"
    },
    "39853": {
        "url": "/comment/39853",
        "comment": "I support the three-year lease extension as described in ERO Policy Proposal 019-0907. This new lease extension should be granted automatically to all leaseholders. This time should be used to reach a permanent solution that will ensure the cottage community remains forever. If a permanent solution is reached prior to the three-year deadline, I support it being implemented as soon as possible.\n"
    },
    "39854": {
        "url": "/comment/39854",
        "comment": "I support the three-year lease extension as described in ERO Policy Proposal 019-0907 and urge the government to automatically grant this new lease extension to all leaseholders.\nI support a permanent solution to ensure  the cottage community remains in the park forever. If such a solution is reached prior to the three-year deadline, I support it being implemented as soon as possible.\n"
    },
    "39855": {
        "url": "/comment/39855",
        "comment": "I support the three-year lease extension as described in ERO Policy Proposal 019-0907. This new lease extension should be granted automatically to all leaseholders. This time should be used to reach a permanent solution that will ensure the cottage community remains forever. If a permanent solution is reached prior to the three-year deadline, I support it being implemented as soon as possible.\n"
    },
    "39856": {
        "url": "/comment/39856",
        "comment": "I support ERO 019-0907\nI support the three year lease extension for Rondeau Provincial Park cottagers so that a permanent agreement can be reached for the long term tenure of the leaseholders. The Rondeau cottage community is a long time vibrant existence who care for the wellbeing of the Park.\nThank you\n"
    },
    "39857": {
        "url": "/comment/39857",
        "comment": "I support the three-year lease extension as described in ERO Policy Proposal 019-0907. This new lease extension should be granted automatically to all leaseholders. This time should be used to reach a permanent solution that will ensure the cottage community remains forever. If a permanent solution is reached prior to the three-year deadline, I support it being implemented as soon as possible.\n"
    },
    "39858": {
        "url": "/comment/39858",
        "comment": "I support the three-year lease extension as described in ERO Policy Proposal 019-0907. This new lease extension should be granted automatically to all leaseholders. This time should be used to reach a permanent solution that will ensure the cottage community remains forever. If a permanent solution is reached prior to the three-year deadline, I support it being implemented as soon as possible.\n"
    },
    "39859": {
        "url": "/comment/39859",
        "comment": "I support the three-year lease extension as described in ERO Policy Proposal 019-0907. This new lease extension should be granted automatically to all leaseholders. This time should be used to reach a permanent solution that will ensure the cottage community remains forever. If a permanent solution is reached prior to the three-year deadline, I support it being implemented as soon as possible.\n"
    },
    "39860": {
        "url": "/comment/39860",
        "comment": "I support the three-year lease extension as described in ERO Policy Proposal 019-0907. This new lease extension should be granted automatically to all leaseholders. This time should be used to reach a permanent solution that will ensure the cottage community remains forever. If a permanent solution is reached prior to the three-year deadline, I support it being implemented as soon as possible.\n"
    }
}