{
    "39499": {
        "url": "/comment/39499",
        "comment": "I support the three-year lease extension as described in ERO Policy Proposal 019-0907. This new lease extension should be granted automatically to all leaseholders. This time should be used to reach a permanent solution that will ensure the cottage community remains forever. If a permanent solution is reached prior to the three-year deadline, I support it being implemented as soon as possible.\n"
    },
    "39500": {
        "url": "/comment/39500",
        "comment": "For Consideration.\nI emphatically support the proposed three-year lease extension for all existing cottage leased lots in Rondeau Provincial Park, as described in ERO Policy Proposal 019-0907.\nThis new lease extension should be granted automatically to all existing leaseholders. This three year time period should be used to reach a permanent solution that will ensure the cottage community remains forever within Rondeau Park. When a permanent solution is reached prior to the three-year deadline, I support it being implemented as soon as possible.\nRondeau Park's founding charter included the presence of cottages.\nThe Rondeau cottage community has co-existed within the Park's ecosystem for over a century. Members of Rondeau's cottage community share an equal sense of stewardship and responsibility for preserving its unique environmental, historic and cultural treasures as any other Friend of Rondeau.\nRondeau has proven to be a model of how a Provincial Park of national significance can thrive, while balancing conservation, preservation and recreation.\nThank you.\n"
    },
    "39501": {
        "url": "/comment/39501",
        "comment": "Yes! I support the three-year lease extension as described in ERO Policy Proposal 019-0907. This new lease extension should be granted automatically to all leaseholders. This time should be used to reach a permanent solution that will ensure the cottage community remains forever. If a permanent solution is reached prior to the three-year deadline, I support it being implemented as soon as possible.\n"
    },
    "39502": {
        "url": "/comment/39502",
        "comment": "\"I support the continuation of the Rondeau cottage community in perpetuity. I support the three-year lease extension as described in ERO Policy Proposal 019-0907. This lease extension should be granted automatically to all leaseholders. This time should be used to reach a permanent solution that will ensure the cottage community remains forever.  If a permanent solution is reached prior to the three-year deadline, I support it being implemented as soon as possible.\"\n"
    },
    "39505": {
        "url": "/comment/39505",
        "comment": "In support of ERO 019-0907.\nPlease proceed with temporary lease extension in order to arrive at a long term permanent solution for the occupation of cottage lots within Rondeau Provincial Park.\nWhen considering the number of Ontario provincial parks and conservation areas, and the occupation rates overall it is quite apparent that the original decision made in the 1950's to eliminate cottages from Rondeau Park is no longer applicable. In reality, that decision has not made any sense for the past 25 years.\nIn addition, the fact that the 'footprint' of cottage lots represents less than 2% of the overall area of Rondeau Park, the environmental impact of cottages is immeasurable particularly when compared to the overall negative impact of campers and day users on the Park.\n"
    },
    "39508": {
        "url": "/comment/39508",
        "comment": "I support the three-year lease extension as described in ERO Policy Proposal 019-0907. This new lease extension should be granted automatically to all leaseholders. This time should be used to reach a permanent solution that will ensure the cottage community remains forever. If a permanent solution is reached prior to the three-year deadline, I support it being implemented as soon as possible\n"
    },
    "39509": {
        "url": "/comment/39509",
        "comment": "I support the three-year lease extension as described in ERO Policy Proposal 019-0907. This new lease extension should be granted automatically to all leaseholders. This time should be used to reach a permanent solution that will ensure the cottage community remains forever. If a permanent solution is reached prior to the three-year deadline, I support it being implemented as soon as possible\n"
    },
    "39510": {
        "url": "/comment/39510",
        "comment": "I support the continuation of the Rondeau cottage community in perpetuity. I support the three-year lease extension as described in ERO Policy Proposal 019-0907. This lease extension should be granted automatically to all leaseholders. This time should be used to reach a permanent solution that will ensure the cottage community remains forever.  If a permanent solution is reached prior to the three-year deadline, I support it being implemented as soon as possible.\n"
    },
    "39511": {
        "url": "/comment/39511",
        "comment": "I support the three-year lease extension as described in ERO Policy Proposal 019-0907. This new lease extension should be granted automatically to all leaseholders. This time should be used to reach a permanent solution that will ensure the cottage community remains forever. If a permanent solution is reached prior to the three-year deadline, I support it being implemented as soon as possible\n"
    },
    "39512": {
        "url": "/comment/39512",
        "comment": "I support the continuation of the Rondeau cottage community in perpetuity. I support the three-year lease extension as described in ERO Policy Proposal 019-0907. This lease extension should be granted automatically to all leaseholders. This time should be used to reach a permanent solution that will ensure the cottage community remains forever.  If a permanent solution is reached prior to the three-year deadline, I support it being implemented as soon as possible.\n"
    },
    "39513": {
        "url": "/comment/39513",
        "comment": "I support the three-year lease extension as described in ERO Policy Proposal 019-0907. This new lease extension should be granted automatically to all leaseholders. This time should be used to reach a permanent solution that will ensure the cottage community remains forever. If a permanent solution is reached prior to the three-year deadline, I support it being implemented as soon as possible\n"
    },
    "39514": {
        "url": "/comment/39514",
        "comment": "I support the continuation of the Rondeau cottage community in perpetuity. I support the three-year lease extension as described in ERO Policy Proposal 019-0907. This lease extension should be granted automatically to all leaseholders. This time should be used to reach a permanent solution that will ensure the cottage community remains forever.  If a permanent solution is reached prior to the three-year deadline, I support it being implemented as soon as possible.\n"
    },
    "39515": {
        "url": "/comment/39515",
        "comment": "I support the three-year lease extension as described in ERO Policy Proposal 019-0907. This new lease extension should be granted automatically to all leaseholders. This time should be used to reach a permanent solution that will ensure the cottage community remains forever. If a permanent solution is reached prior to the three-year deadline, I support it being implemented as soon as possible\n"
    },
    "39516": {
        "url": "/comment/39516",
        "comment": "I support the three-year lease extension as described in ERO Policy Proposal 019-0907. This new lease extension should be granted automatically to all leaseholders. This time should be used to reach a permanent solution that will ensure the cottage community remains forever. If a permanent solution is reached prior to the three-year deadline, I support it being implemented as soon as possible.\n"
    },
    "39517": {
        "url": "/comment/39517",
        "comment": "I support the three-year lease extension as described in ERO Policy Proposal 019-0907. This new lease extension should be granted automatically to all leaseholders. This time should be used to reach a permanent solution that will ensure the cottage community remains forever. If a permanent solution is reached prior to the three-year deadline, I support it being implemented as soon as possible\n"
    },
    "39518": {
        "url": "/comment/39518",
        "comment": "I support the continuation of the Rondeau cottage community in perpetuity. I support the three-year lease extension as described in ERO Policy Proposal 019-0907. This lease extension should be granted automatically to all leaseholders. This time should be used to reach a permanent solution that will ensure the cottage community remains forever.  If a permanent solution is reached prior to the three-year deadline, I support it being implemented as soon as possible.\n"
    }
}