{
    "36866": {
        "url": "/comment/36866",
        "comment": "I support the continuation of the Rondeau cottage community in perpetuity.  I support the three-year lease extension as described in ERO Policy Proposal 019-0907. This lease extension should be granted automatically to all existing leaseholders. This time should be used to reach a permanent solution that will ensure the cottage community remains forever.  If a permanent solution is reached prior to the three-year deadline, I support it being implemented as soon as possible.\n"
    },
    "36867": {
        "url": "/comment/36867",
        "comment": "Growing up, camping and cottaging in Southwestern Ontario was always an integral part of my childhood.  Some of my best memories are of camping for family reunions, or staying at my grandparents cottage up north.  I always promised my grandparents that one day I would have my own cottage, and Rondeau is the perfect place.\nMy family and I are from the Chatham-Kent area and we are very much looking forward to being courteous, respectful, and environmentally-conscious community members in Rondeau.  We are hoping that the Ministry comes to a quick decision to extend the land lease so that I can have a place for my children to create the same memories that I did growing up.\nMy family and I strongly support the continuation of the Rondeau cottage community, and the three year lease extension in hopes that a long-term solution can be reached.  If a permanent solution is reached prior to the three-year deadline, we support it being implemented as soon as possible.\n"
    },
    "36874": {
        "url": "/comment/36874",
        "comment": "Being a Rondeau cottage leaseholder and are hopeful in that  a resolution currently discussed would be confirmed. I do fully support a continued agreement extension of the leases so that we can enjoy the many years of enjoyment that Rondeau has brought our family for over 40 years.\nI do agree to support  the three-year lease extension as described in ERO Policy Proposal 019-0907.\nI and my family are hopeful that during this three-year extension that a longer term solution will be finalized.  If an agreement is agreed upon before the end of the three year extension, I would hope that this would be put in place immediately so that cottagers can continue the years of enjoyment as well as continue supporting the local economy in the Chatham/ Blenheim and Ridgetown area.\nI do agree that the lease extension should be granted automatically to all current leaseholders.\nThank you for your time.\n"
    },
    "36878": {
        "url": "/comment/36878",
        "comment": "I am strongly in favour of the lease extension for cottagers in Rondeau provincial park.  I hope this can lead to a long term solution for these cottagers who respect the park and provide much needed economic support for the region.  Parks are for people too.  Please try and come to a fair solution for the cottagers.\n"
    },
    "36884": {
        "url": "/comment/36884",
        "comment": "I am strongly in favor of a rapid and permanent solution for long term occupation of cottage lots at Rondeau Park.  Therefore, I would be in favor of a 3 year lease extension at this time, which will give enough time that a permanent solution can be reached to ensure the cottage community remains forever. If a permanent solution is reached before the 3 year deadline, I support it being implemented as soon as possible, especially since it is already been extended for 2 years without resolution.\n"
    },
    "36885": {
        "url": "/comment/36885",
        "comment": "I am strongly in favor of a rapid and permanent solution for long term occupation of cottage lots at Rondeau Park.  Therefore, I would be in favor of a 3 year lease extension at this time, which will give enough time that a permanent solution can be reached to ensure the cottage community remains forever. If a permanent solution is reached before the 3 year deadline, I support it being implemented as soon as possible, especially since it is already been extended for 2 years without resolution.\n"
    },
    "36901": {
        "url": "/comment/36901",
        "comment": "I approve of the extension being offered.\nI understand that a 2 year extension was granted 2 years ago in order to work out a lease extension, because the Ministry had not enough time to do one before the exhisting  one was about to expire.  I do not think it appropriate not to extend the leases, when all communication suggested that a lease extension or some form of LONG TERM Cottaging was being worked on.\n"
    },
    "36914": {
        "url": "/comment/36914",
        "comment": "I support the Rondeau cottage Community and the proposed 3-year lease extension in the ERO policy proposal 019-0907. This lease extension should be granted automatically to all existing leaseholders. This time frame should be used to reach a permanent solution that will ensure the cottage community remains forever. If a permanent solution is reached prior to the 3-year deadline, I support it being implemented as soon as possible. Thank you.\n"
    },
    "36923": {
        "url": "/comment/36923",
        "comment": "To whom it may concern:\nI support the continuation of the Rondeau cottage community forever.  I support the three-year lease extension as described in ERO Policy Proposal 019-0907. This lease extension should be granted automatically to all existing leaseholders. This time should be used to reach a permanent solution that will ensure the cottage community remains forever.  If a permanent solution is reached prior to the three-year deadline, I support it being implemented as soon as possible.\n"
    },
    "36925": {
        "url": "/comment/36925",
        "comment": "I support the continuation of the Rondeau cottage community in perpetuity.  I support the three-year lease extension as described in ERO Policy Proposal 019-0907. This lease extension should be granted automatically to all existing leaseholders. This time should be used to reach a permanent solution that will ensure the cottage community remains forever.  If a permanent solution is reached prior to the three-year deadline, I support it being implemented as soon as possible.\nCottaging at Rondeau has been a tradition for my family for generations. Please do everything possible to ensure that this environment remains a treasure for the people, animals, and plants that thrive in the park.\n"
    },
    "36926": {
        "url": "/comment/36926",
        "comment": "I wholly support the continuation of cottages in Rondeau Park indefinitely.   I support the three-year lease extension as described in ERO Policy Proposal 019-0907. This lease extension should be granted automatically to all existing leaseholders. This time should be used to reach a permanent solution that will ensure the cottage community remains forever.  If a permanent solution is reached prior to the three-year deadline, I support it being implemented ASAP.\n"
    },
    "36942": {
        "url": "/comment/36942",
        "comment": "I support the continuation of the Rondeau cottage community in perpetuity.  I support the three-year lease extension as described in ERO Policy Proposal 019-0907. This lease extension should be granted automatically to all existing leaseholders. This time should be used to reach a permanent solution that will ensure the cottage community remains forever.  If a permanent solution is reached prior to the three-year deadline, I support it being implemented as soon as possible.\n"
    },
    "36972": {
        "url": "/comment/36972",
        "comment": "I\u2019ve been thinking about this frequently since you posted it.  I\u2019m totally supportive of the extension and for permanent tenure for the cottagers. What confuses me is the need for public consultation on the question.\nIt seems to me that the cabinet already has all the authority necessary to extend the temporary lease and to make tenure permanent without additional public comment.\nI encourage the cabinet ministers to move forward with their plans and stop allowing procedural hurdles to slow things down.  The process has already been exercised many times and come out in favor of keeping the cottages and cottagers forever.\nMake the extension automatic with no paperwork required and complete the process for permanent tenure.\nGod bless.\n"
    },
    "36973": {
        "url": "/comment/36973",
        "comment": "I was pleased to hear that the leases will be extended for the three years, with the hope that a permanent solution can be realized prior to the expiration of this lease. Cottagers are the true stewards of the park and as a regular visitor to the park you can see how much they care about retaining the natural beauty of Rondeau.\n"
    },
    "36977": {
        "url": "/comment/36977",
        "comment": "I support the continuation of the Rondeau cottage community in perpetuity.  I support the three-year lease extension as described in ERO Policy Proposal 019-0907. This lease extension should be granted automatically to all existing leaseholders. This time should be used to reach a permanent solution that will ensure the cottage community remains forever.  If a permanent solution is reached prior to the three-year deadline, I support it being implemented as soon as possible.\n"
    },
    "36979": {
        "url": "/comment/36979",
        "comment": "I support the continuation of the Rondeau cottage community in perpetuity.  I support the three-year lease extension as described in ERO Policy Proposal 019-0907. This lease extension should be granted automatically to all existing leaseholders. This time should be used to reach a permanent solution that will ensure the cottage community remains forever.  If a permanent solution is reached prior to the three-year deadline, I support it being implemented as soon as possible.\n"
    }
}