{
    "37910": {
        "url": "/comment/37910",
        "comment": "I support the continuation of the Rondeau cottage community in perpetuity. I support the three-year lease extension as described in ERO Policy Proposal 019-0907. This lease extension should be granted automatically to all leaseholders. This time should be used to reach a permanent solution that will ensure the cottage community remains forever.  If a permanent solution is reached prior to the three-year deadline, I support it being implemented as soon as possible.\n"
    },
    "37911": {
        "url": "/comment/37911",
        "comment": "I support the continuation of the Rondeau cottage community in perpetuity. I support the three-year lease extension as described in ERO Policy Proposal 019-0907. This lease extension should be granted automatically to all leaseholders. This time should be used to reach a permanent solution that will ensure the cottage community remains forever.  If a permanent solution is reached prior to the three-year deadline, I support it being implemented as soon as possible.\n"
    },
    "37912": {
        "url": "/comment/37912",
        "comment": "I support the continuation of the Rondeau cottage community in perpetuity. I support the three-year lease extension as described in ERO Policy Proposal 019-0907. This lease extension should be granted automatically to all leaseholders. This time should be used to reach a permanent solution that will ensure the cottage community remains forever.  If a permanent solution is reached prior to the three-year deadline, I support it being implemented as soon as possible.\n"
    },
    "37913": {
        "url": "/comment/37913",
        "comment": "I support the continuation of the Rondeau cottage community in perpetuity. I support the three-year lease extension as described in ERO Policy Proposal 019-0907. This lease extension should be granted automatically to all leaseholders. This time should be used to reach a permanent solution that will ensure the cottage community remains forever.\u00a0 If a permanent solution is reached prior to the three-year deadline, I support it being implemented as soon as possible.\n"
    },
    "37915": {
        "url": "/comment/37915",
        "comment": "I support the continuation of the Rondeau cottage community in perpetuity. I support the three-year lease extension as described in ERO Policy Proposal 019-0907. This lease extension should be granted automatically to all leaseholders. This time should be used to reach a permanent solution that will ensure the cottage community remains forever.  If a permanent solution is reached prior to the three-year deadline, I support it being implemented as soon as possible.\n"
    },
    "37916": {
        "url": "/comment/37916",
        "comment": "I support the continuation of the Rondeau cottage community in perpetuity. I support the three-year lease extension as described in ERO Policy Proposal 019-0907. This lease extension should be granted automatically to all leaseholders. This time should be used to reach a permanent solution that will ensure the cottage community remains forever.  If a permanent solution is reached prior to the three-year deadline, I support it being implemented as soon as possible.\n"
    },
    "37923": {
        "url": "/comment/37923",
        "comment": "I support the continuation of the Rondeau cottage community in perpetuity. I support the three-year lease extension as described in ERO Policy Proposal 019-0907. This lease extension should be granted automatically to all leaseholders. This time should be used to reach a permanent solution that will ensure the cottage community remains forever.  If a permanent solution is reached prior to the three-year deadline, I support it being implemented as soon as possible.\n"
    },
    "37930": {
        "url": "/comment/37930",
        "comment": "I support the ERO 019-0907 extension.  The current lease was granted from 2017 to 2019 to come up with a new proposal.  This time frame apparently was not long enough to come up with a solution for Cottage lease extensions. I encourage the Government to get these leases extended, or to sell the cottage lots to the exhisting cottage owner. That would be a win win for all parties concerned. The Province, the Municipality, the Public and the Cottage owner.\n"
    },
    "37931": {
        "url": "/comment/37931",
        "comment": "Rondeau Park and the surrounding communities have enjoyed a long history with an environmentally sound and economically Important cottage community as part of the park. Therefore, I support the continuation of the Rondeau cottage community in perpetuity. I support the three-year lease extension as described in ERO Policy Proposal 019-0907. This lease extension should be granted automatically to all leaseholders. It is important that this time be used to reach a permanent solution that will ensure the cottage community remains forever. If a permanent solution is reached prior to the three-year deadline, I support it being implemented as soon as possible.\n"
    }
}