{
    "37175": {
        "url": "/comment/37175",
        "comment": "I support the continuation of the Rondeau cottage community in perpetuity.  I support the three-year lease extension as described. This lease extension should be granted automatically to all existing leaseholders. This time should be used to reach a permanent solution that will ensure the cottage community remains forever.  If a permanent solution is reached prior to the three-year deadline, I support it being implemented as soon as possible.\n"
    },
    "37178": {
        "url": "/comment/37178",
        "comment": "I support the continuation of the Rondeau cottage community in perpetuity.  I support the three-year lease extension as described in ERO Policy Proposal 019-0907. This lease extension should be granted automatically to all existing leaseholders. This time should be used to reach a permanent solution that will ensure the cottage community remains forever.  If a permanent solution is reached prior to the three-year deadline, I support it being implemented as soon as possible.  The extension should be automatic as many of the lease holders are spread through out Canada and the United States.\n"
    },
    "37183": {
        "url": "/comment/37183",
        "comment": "I was glad to hear that a 3 year extension is in the works for the cottages in Rondeau Park. It is a very good start to alleviate the stress felt by all involved in these negotiations.  I hope that this will lead to a much needed, long term, permanent solution.  Rondeau Park has been a yearly camping trip for many years and the cottages add to the many interesting aspects of the Park.\n"
    },
    "37184": {
        "url": "/comment/37184",
        "comment": "A three year extension is a good sign there will be a negotiated settlement that is beneficial to all involved.  The idea to extend the lease should be automatic when the existing lease runs out if an agreed up solution has not yet been achieved. This should not have to be negotiated when time runs out on the existing lease. I hope that a long term agreement is possible so that both cottagers and government officials can relax and enjoy the beauty of one of Ontario's Parks.\n"
    },
    "37185": {
        "url": "/comment/37185",
        "comment": "I support the continuation of the Rondeau cottage community in perpetuity.  I support the three-year lease extension as described in ERO Policy Proposal 019-0907. This lease extension should be granted automatically to all existing leaseholders. This time should be used to reach a permanent solution that will ensure the cottage community remains forever.  If a permanent solution is reached prior to the three-year deadline, I support it being implemented as soon as possible.\n"
    },
    "37186": {
        "url": "/comment/37186",
        "comment": "I support the continuation of the Rondeau cottage community in perpetuity.  I support the three-year lease extension as described in ERO Policy Proposal 019-0907. This lease extension should be granted automatically to all existing leaseholders. This time should be used to reach a permanent solution that will ensure the cottage community remains forever.  If a permanent solution is reached prior to the three-year deadline, I support it being implemented as soon as possible.\n"
    },
    "37187": {
        "url": "/comment/37187",
        "comment": "Dear Sir/Madam,\nI support the continuation of the Rondeau cottage community in perpetuity.  I support the three-year lease extension as described in ERO Policy Proposal 019-0907. This lease extension should be granted automatically to all existing leaseholders. This time should be used to reach a permanent solution that will ensure the cottage community remains forever.  If a permanent solution is reached prior to the three-year deadline, I support it being implemented as soon as possible.\nKind regards\n"
    }
}