{
    "39419": {
        "url": "/comment/39419",
        "comment": "I support the three-year lease extension as described in ERO Policy Proposal 019-0907. This new lease extension should be granted automatically to all leaseholders. This time should be used to reach a permanent solution that will ensure the cottage community remains forever. If a permanent solution is reached prior to the three-year deadline, I support it being implemented as soon as possible.\n"
    },
    "39420": {
        "url": "/comment/39420",
        "comment": "I support the three-year lease extension as described in ERO Policy Proposal 019-0907. This new lease extension should be granted automatically to all leaseholders. This time should be used to reach a permanent solution that will ensure the cottage community remains forever. If a permanent solution is reached prior to the three-year deadline, I support it being implemented as soon as possible.\n"
    },
    "39421": {
        "url": "/comment/39421",
        "comment": "I support the three-year lease extension as described in ERO Policy Proposal 019-0907. This new lease extension should be granted automatically to all leaseholders. This time should be used to reach a permanent solution that will ensure the cottage community remains forever. If a permanent solution is reached prior to the three-year deadline, I support it being implemented as soon as possible.\n"
    },
    "39422": {
        "url": "/comment/39422",
        "comment": "I support the three-year lease extension as described in ERO Policy Proposal 019-0907. This new lease extension should be granted automatically to all leaseholders. This time should be used to reach a permanent solution that will ensure the cottage community remains forever. If a permanent solution is reached prior to the three-year deadline, I support it being implemented as soon as possible.\n"
    },
    "39423": {
        "url": "/comment/39423",
        "comment": "I support the three-year lease extension as described in ERO Policy Proposal 019-0907. This new lease extension should be granted automatically to all leaseholders. This time should be used to reach a permanent solution that will ensure the cottage community remains forever. If a permanent solution is reached prior to the three-year deadline, I support it being implemented as soon as possible.\n"
    },
    "39424": {
        "url": "/comment/39424",
        "comment": "I support the three-year lease extension as described in ERO Policy Proposal 019-0907. This new lease extension should be granted automatically to all leaseholders. This time should be used to reach a permanent solution that will ensure the cottage community remains forever. If a permanent solution is reached prior to the three-year deadline, I support it being implemented as soon as possible.\n"
    },
    "39425": {
        "url": "/comment/39425",
        "comment": "I support the three-year lease extension as described in ERO Policy Proposal 019-0907. This new lease extension should be granted automatically to all leaseholders. This time should be used to reach a permanent solution that will ensure the cottage community remains forever. If a permanent solution is reached prior to the three-year deadline, I support it being implemented as soon as possible.\n"
    },
    "39426": {
        "url": "/comment/39426",
        "comment": "I support the three-year lease extension as described in ERO Policy Proposal 019-0907. This new lease extension should be granted automatically to all leaseholders. This time should be used to reach a permanent solution that will ensure the cottage community remains forever. If a permanent solution is reached prior to the three-year deadline, I support it being implemented as soon as possible.\n"
    },
    "39427": {
        "url": "/comment/39427",
        "comment": "I support the three-year lease extension as described in ERO Policy Proposal 019-0907. This new lease extension should be granted automatically to all leaseholders. This time should be used to reach a permanent solution that will ensure the cottage community remains forever. If a permanent solution is reached prior to the three-year deadline, I support it being implemented as soon as possible.\n"
    },
    "39428": {
        "url": "/comment/39428",
        "comment": "I support the three-year lease extension as described in ERO Policy Proposal 019-0907. This new lease extension should be granted automatically to all leaseholders. This time should be used to reach a permanent solution that will ensure the cottage community remains forever. If a permanent solution is reached prior to the three-year deadline, I support it being implemented as soon as possible.\n"
    },
    "39429": {
        "url": "/comment/39429",
        "comment": "I support the three-year lease extension as described in ERO Policy Proposal 019-0907. This new lease extension should be granted automatically to all leaseholders. This time should be used to reach a permanent solution that will ensure the cottage community remains forever. If a permanent solution is reached prior to the three-year deadline, I support it being implemented as soon as possible.\n"
    },
    "39430": {
        "url": "/comment/39430",
        "comment": "I support the three-year lease extension as described in ERO Policy Proposal 019-0907. This new lease extension should be granted automatically to all leaseholders. This time should be used to reach a permanent solution that will ensure the cottage community remains forever. If a permanent solution is reached prior to the three-year deadline, I support it being implemented as soon as possible.\n"
    },
    "39431": {
        "url": "/comment/39431",
        "comment": "I support the three-year lease extension as described in ERO Policy Proposal 019-0907. This new lease extension should be granted automatically to all leaseholders. This time should be used to reach a permanent solution that will ensure the cottage community remains forever. If a permanent solution is reached prior to the three-year deadline, I support it being implemented as soon as possible.\n"
    },
    "39432": {
        "url": "/comment/39432",
        "comment": "I support the three-year lease extension as described in ERO Policy Proposal 019-0907. This new lease extension should be granted automatically to all leaseholders. This time should be used to reach a permanent solution that will ensure the cottage community remains forever. If a permanent solution is reached prior to the three-year deadline, I support it being implemented as soon as possible.\n"
    },
    "39433": {
        "url": "/comment/39433",
        "comment": "I support the three-year lease extension as described in ERO Policy Proposal 019-0907. This new lease extension should be granted automatically to all leaseholders. This time should be used to reach a permanent solution that will ensure the cottage community remains forever. If a permanent solution is reached prior to the three-year deadline, I support it being implemented as soon as possible.\n"
    },
    "39434": {
        "url": "/comment/39434",
        "comment": "I support the three-year lease extension as described in ERO Policy Proposal 019-0907. This new lease extension should be granted automatically to all leaseholders. This time should be used to reach a permanent solution that will ensure the cottage community remains forever. If a permanent solution is reached prior to the three-year deadline, I support it being implemented as soon as possible.\n"
    },
    "39435": {
        "url": "/comment/39435",
        "comment": "I support the three-year lease extension as described in ERO Policy Proposal 019-0907. This new lease extension should be granted automatically to all leaseholders. This time should be used to reach a permanent solution that will ensure the cottage community remains forever. If a permanent solution is reached prior to the three-year deadline, I support it being implemented as soon as possible.\n"
    },
    "39436": {
        "url": "/comment/39436",
        "comment": "I support the three-year lease extension as described in ERO Policy Proposal 019-0907. This new lease extension should be granted automatically to all leaseholders. This time should be used to reach a permanent solution that will ensure the cottage community remains forever. If a permanent solution is reached prior to the three-year deadline, I support it being implemented as soon as possible.\n"
    },
    "39437": {
        "url": "/comment/39437",
        "comment": "I support the three-year lease extension as described in ERO Policy Proposal 019-0907. This new lease extension should be granted automatically to all leaseholders. This time should be used to reach a permanent solution that will ensure the cottage community remains forever. If a permanent solution is reached prior to the three-year deadline, I support it being implemented as soon as possible.\n"
    },
    "39438": {
        "url": "/comment/39438",
        "comment": "I support the three-year lease extension as described in ERO Policy Proposal 019-0907. This new lease extension should be granted automatically to all leaseholders. This time should be used to reach a permanent solution that will ensure the cottage community remains forever. If a permanent solution is reached prior to the three-year deadline, I support it being implemented as soon as possible.\n"
    }
}