{
    "37189": {
        "url": "/comment/37189",
        "comment": "I have been visiting Rondeau Provincial Park for over sixty years, and find the cottages are a great part of the park. I support the three year extension as described in ERO Policy Proposal 019-0907. There needs to be a permanent solution to ensure the cottage community is not held hostage every three years wondering if leases will be extended so they can update and maintain their properties.\n"
    },
    "37191": {
        "url": "/comment/37191",
        "comment": "My family has had a cottage in Rondeau for about 15 years, and during that time it has become a haven for us to connect, celebrate, appreciate nature, and create. I live far away but always tell people our cottage in Rondeau is my favourite place in the world. The park has always felt unique, frozen in time, tucked away from the pressures of modern life, and the cottages and their seasonal inhabitants are key to this special character.\nI support the continuation of the Rondeau cottage community in perpetuity.  I support the three-year lease extension as described in ERO Policy Proposal 019-0907. This lease extension should be granted automatically to all existing leaseholders. This time should be used to reach a permanent solution that will ensure the cottage community remains forever.  If a permanent solution is reached prior to the three-year deadline, I support it being implemented as soon as possible.\nThank you for your consideration.\n"
    },
    "37201": {
        "url": "/comment/37201",
        "comment": "I SUPPORT the continuation of the Rondeau cottage community in perpetuity.  I support the three-year lease extension as described in ERO Policy Proposal 019-0907. This lease extension should be granted automatically to all existing leaseholders. This time should be used to reach a permanent solution that will ensure the cottage community remains forever.  If a permanent solution is reached prior to the three-year deadline, I support it being implemented as soon as possible.\n"
    },
    "37202": {
        "url": "/comment/37202",
        "comment": "Myself and my family SUPPORT the continuation of the Rondeau cottage community.  WE support the three-year lease extension as described in ERO Policy Proposal 019-0907. This lease extension should be granted to all existing leaseholders. This time should be used to reach a permanent solution that will ensure the cottage community remains forever.  If a permanent solution is reached prior to the three-year deadline, I support it being implemented as soon as possible.\n"
    },
    "37203": {
        "url": "/comment/37203",
        "comment": "I would like to express my support the cottagers in Rondeau Provincial Park. These families have come to view this community as part of their lives and I support their continuation in the community for the long term. The three-year lease extension as described in ERO Policy Proposal 019-0907 is a good beginning and will help move this process forward.  I also believe that the lease extension should be an automatic process moving forward so that their lives are turned upside down during each extension period.\nI firmly believe there also needs to be a permanent long term solution for the cottage owners.  Cottages, like homes, require constant upgrades and renovations and this involves financial investment. Cottagers need to believe they have a long term relationships with their property so they can make the necessary investments in their cottage.\nI support a long term solution \u2013 the sooner the better!\n"
    },
    "37211": {
        "url": "/comment/37211",
        "comment": "We have owned a cottage inside Rondeau Park since 1987. We purchased the cottage based on the provincial conservatives\u2019 attempt to extend the leased for 99 years. Here we are 32 years later and still waiting. I feel that the ministry has changed their view of lease extensions more favourably and am encouraged that they are working with our association to come to a more permanent resolution. A 3 year extension hopefully will bring about a compatible solution.\n"
    },
    "37216": {
        "url": "/comment/37216",
        "comment": "I support the continuation of the Rondeau cottage community in perpetuity.  I support the three-year lease extension as described in ERO Policy Proposal 019-0907. This lease extension should be granted automatically to all existing leaseholders. This time should be used to reach a permanent solution that will ensure the cottage community remains forever.  If a permanent solution is reached prior to the three-year deadline, I support it being implemented as soon as possible.\n"
    },
    "37217": {
        "url": "/comment/37217",
        "comment": "I support the continuation of the Rondeau cottage community in perpetuity.  I support the three-year lease extension as described in ERO Policy Proposal 019-0907. This lease extension should be granted automatically to all existing leaseholders. This time should be used to reach a permanent solution that will ensure the cottage community remains forever.  If a permanent solution is reached prior to the three-year deadline, I support it being implemented as soon as possible.\n"
    },
    "37218": {
        "url": "/comment/37218",
        "comment": "I support the continuation of the Rondeau cottage community in perpetuity.  I support the three-year lease extension as described in ERO Policy Proposal 019-0907. This lease extension should be granted automatically to all existing leaseholders. This time should be used to reach a permanent solution that will ensure the cottage community remains forever.  If a permanent solution is reached prior to the three-year deadline, I support it being implemented as soon as possible.\n"
    },
    "37219": {
        "url": "/comment/37219",
        "comment": "I support the continuation of the Rondeau cottage community in perpetuity.  I support the three-year lease extension as described in ERO Policy Proposal 019-0907. This lease extension should be granted automatically to all existing leaseholders. This time should be used to reach a permanent solution that will ensure the cottage community remains forever.  If a permanent solution is reached prior to the three-year deadline, I support it being implemented as soon as possible.\n"
    },
    "37220": {
        "url": "/comment/37220",
        "comment": "I support the continuation of the Rondeau cottage community in perpetuity.  I support the three-year lease extension as described in ERO Policy Proposal 019-0907. This lease extension should be granted automatically to all existing leaseholders. This time should be used to reach a permanent solution that will ensure the cottage community remains forever.  If a permanent solution is reached prior to the three-year deadline, I support it being implemented as soon as possible.\n"
    },
    "37221": {
        "url": "/comment/37221",
        "comment": "I support the continuation of the Rondeau cottage community in perpetuity.  I support the three-year lease extension as described in ERO Policy Proposal 019-0907. This lease extension should be granted automatically to all existing leaseholders. This time should be used to reach a permanent solution that will ensure the cottage community remains forever.  If a permanent solution is reached prior to the three-year deadline, I support it being implemented as soon as possible.\n"
    },
    "37222": {
        "url": "/comment/37222",
        "comment": "I support the continuation of the Rondeau cottage community in perpetuity.  I support the three-year lease extension as described in ERO Policy Proposal 019-0907. This lease extension should be granted automatically to all existing leaseholders. This time should be used to reach a permanent solution that will ensure the cottage community remains forever.  If a permanent solution is reached prior to the three-year deadline, I support it being implemented as soon as possible.\n"
    },
    "37227": {
        "url": "/comment/37227",
        "comment": "I FULLY support the continuation of the Rondeau cottage community.  I support the three-year lease extension to allow time for the ministry to find a PERMANENT solution for a PERMANENT community. This lease extension should be granted automatically to all existing leaseholders!  When a PERMANENT solution is reached prior to the three-year deadline, I support it being implemented ASAP.\n"
    },
    "37234": {
        "url": "/comment/37234",
        "comment": "The appropriate action is a policy that would give existing private cottage leaseholders a one time opportunity to enter into a new lease, with new conditions, that would extend the existing private cottage leaseholder\u2019s term of occupation until the earlier of the following: date of the existing private cottage leaseholder\u2019s death; or 20 years.\nPay appropriate market based fess in the mean time.\nSubsidising recreation in a world class heritage site is unacceptable.\n"
    }
}