{
    "37678": {
        "url": "/comment/37678",
        "comment": "I strongly support the efforts to ensure the continuation of the Rondeau cottage community in perpetuity. If a 3 year lease extension is necessary as described in ERO policy proposal 019-0907, in order to arrive at a fair and equitable permanent solution to this continuing debate, then it should be implemented. Of course the offer should extend automatically to all current leaseholders. If a solution could be proposed prior to the end of the 3  year , it would be welcome news.\n"
    },
    "37680": {
        "url": "/comment/37680",
        "comment": "As a long time cottage owner and multi-generational cottager for Northern Muskoka, I am saddened to hear the proposed cottagers of Rondeau park to vacate their property.\nMany cottagers have a long standing reputation of correct environmental practices and respect for the land in which they live on. In addition to being large contributors to the community they live part time in and supporters of provincial and local initiatives. Removing this community in the park will have large scale and long term negative impacts.\nI hope Rondeau park can establish a permanent solution that will ensure the cottage community remains forever.  If a permanent solution is reached prior to the three-year deadline, I support it being implemented as soon as possible.\nI support the three-year lease extension under ERO 019-0907.\n"
    },
    "37683": {
        "url": "/comment/37683",
        "comment": "I support the continuation of the Rondeau cottage community in perpetuity.  I support the three-year lease extension as described in ERO Policy Proposal 019-0907.  This lease extension should be granted automatically to all leaseholders.  This time should be used to reach a permanent solution that will ensure the cottage community remains forever.  If a permanent solution is reached prior to the three-year deadline, I support it being implemented as soon as possible.\n"
    },
    "37693": {
        "url": "/comment/37693",
        "comment": "I support the continuation of the Rondeau cottage community in perpetuity. I support the three-year lease extension as described in ERO Policy Proposal 019-0907. This lease extension should be granted automatically to all leaseholders. This time should be used to reach a permanent solution that will ensure the cottage community remains forever.  If a permanent solution is reached prior to the three-year deadline, I support it being implemented as soon as possible\n"
    },
    "37694": {
        "url": "/comment/37694",
        "comment": "I support the continuation of the Rondeau cottage community!  I support the three-year lease extension as described in ERO Policy Proposal 019-0907. This lease extension should be granted automatically to all existing leaseholders. This time should be used to reach a permanent solution that will ensure the cottage community remains forever! Let's implement this permanent solution as soon as possible.\n"
    },
    "37696": {
        "url": "/comment/37696",
        "comment": "To whomever is taking the time to read these comments thank you.\nI support the continuation of the Rondeau cottage community in perpetuity. I support the three-year lease extension as described in ERO Policy Proposal 019-0907. This lease extension should be granted automatically to all leaseholders. This time should be used to reach a permanent solution that will ensure the cottage community remains forever.  If a permanent solution is reached prior to the three-year deadline, I support it being implemented as soon as possible.\"\nThe cottagers not only support local business owners and community groups.  The amount of money the lease/taxes and additional fees the park charges certainly are good for the parks over all management and helps the ability to upgrade facilities and fund programming.    I know we would not be buying 5 annual park passes each and every year if there was no longer a cottage to visit. Not to mention all the additional entry permits purchased by guests who I should add have also come back to use the camping facilities.\nThe community in Rondeau has always been strong, and these structures have been a part of Rondeau's history longer than I have been alive.  Encourage the residents to be more environmentally sustainable and get involved in the programming the park has to offer.\nThere is a lot of potential if your willing to explore it and work together to make the cottaging community one the park can be proud of.\n"
    }
}