{
    "36543": {
        "url": "/comment/36543",
        "comment": "I support the continuation of the Rondeau cottage community in perpetuity. \u00a0I support the three-year lease extension as described in ERO Policy Proposal 019-0907.\u00a0This lease extension should be granted automatically to all existing leaseholders.\u00a0This time should be used to reach a permanent solution that will ensure the cottage community remains forever. \u00a0If a permanent solution is reached prior to the three-year deadline, I support it being implemented as soon as possible.\n"
    },
    "36544": {
        "url": "/comment/36544",
        "comment": "I support Rondeau cottages forever.\nI support the 3 year\u00a0lease extension as described in ERO Policy Proposal 019-0907.\nI support automatic implementation of the extension to save time, money and hassle for the government and the cottagers.\nI support a rapid implementation of\u00a0a permanent solution that will ensure the cottage community remains forever.\n"
    },
    "36545": {
        "url": "/comment/36545",
        "comment": "I am in favour of the lease extension for the cottages at Rondeau Provincial Park and strongly in favour of a rapid and permanent solution for long term occupation of cottage lots.  I support the continuation of the Rondeau cottage community in perpetuity as well as an automatic lease extension to all exisitng leaseholders.\n"
    },
    "36547": {
        "url": "/comment/36547",
        "comment": "I support the continuation of the Rondeau cottage community in perpetuity. \u00a0I also support the three-year\u00a0lease extension as described in ERO Policy Proposal 019-0907.\u00a0I believe this lease extension should be granted\u00a0automatically to all existing leaseholders.\u00a0This time should be used to reach\u00a0a permanent solution that will ensure our cottage community remains forever. \u00a0If a permanent solution\u00a0to keep the cottages is reached prior to the three-year deadline, I support it being implemented as soon as possible!\n"
    },
    "36548": {
        "url": "/comment/36548",
        "comment": "Rondeau cottagers make the park special.   Rondeau cottagers give the park community continuity.  Rondeau cottagers deserve to be treated as full members of the park community.  Rondeau cottagers should be given permanent tenure on their lots.\nI support the proposed three-year\u00a0lease extension and automatic implementation thereof.\u00a0\nI hope you are able to rapidly implement the extension and the permanent tenure solution.\n"
    },
    "36550": {
        "url": "/comment/36550",
        "comment": "I support the continuation of the Rondeau cottage community in perpetuity.  I support the three-year lease extension as described in ERO Policy Proposal 019-0907. This lease extension should be granted automatically to all existing leaseholders. This time should be used to reach a permanent solution that will ensure the cottage community remains forever.  If a permanent solution is reached prior to the three-year deadline, I support it being implemented as soon as possible.\n"
    },
    "36552": {
        "url": "/comment/36552",
        "comment": "Please be advised that I support the continuation of the Rondeau cottage community in perpeituity. I also  support the three year lease extension in ERO policy proposal 019-0907. This lease extension should be granted automatically to all existing lease holders. This time should be used to reach a permanent solution that the cottage community remains forever. If a permanent solution is reached prior to the three year deadline I support it being implemented as soon as possible .\n"
    },
    "36553": {
        "url": "/comment/36553",
        "comment": "Rondeau cottagers make the park special.   Rondeau cottagers give the park community continuity.  Rondeau cottagers deserve to be treated as full members of the park community.  Rondeau cottagers should be given permanent tenure on their lots.\nI support the proposed three-year\u00a0lease extension and automatic implementation thereof.\u00a0\nI hope you are able to rapidly implement the extension and the permanent tenure solution.\n"
    },
    "36557": {
        "url": "/comment/36557",
        "comment": "I am in favour of the continuation of the Rondeau cottage community in perpetuity. I support the three-year lease extension as described in ERO Proposal 019-0907. This three-year lease extension should be granted automatically to all existing leaseholders of record. This three-year time period should be used to reach a permanent solution that will ensure the cottage community remains forever viable. If a permanent solution is reached prior to the three-year deadline, I support it being implemented as soon as possible\n"
    },
    "36563": {
        "url": "/comment/36563",
        "comment": "I strongly support the  permanent continuation of cottaging in Rondeau Provincial Park.\nI support the three year lease extension described in ERO Policy Proposal 019-0907 which should automatically be granted to all current leaseholders.\nThis time should be used to reach a permanent solution to ensure the Rondeau cottage community remains forever.\nWhen a permanent solution is reached, it should be implemented immediately.\n"
    },
    "36564": {
        "url": "/comment/36564",
        "comment": "I support the continuation of the Rondeau cottage community in perpetuity.  I support the 3 year lease extension as described in ERO Policy Proposal 019-0907. This lease extension should be granted automatically to all existing leaseholders to minimize hardship. . This time should be used to reach a final solution that will ensure the cottage community remains unscathed.  If a permanent solution is reached prior to the 3 year deadline, I support it being implemented as quickly as possible.\n"
    },
    "36565": {
        "url": "/comment/36565",
        "comment": "I am in full support of the continuation of the Rondeau cottage community .  Ialso support the proposed three-year lease extension as described in ERO Policy Proposal 019-0907. This lease extension should be granted automatically to all existing leaseholders. During this time it is my hope that we are able to reach a permanent solution that will ensure the cottage community remains forever.  I also feel that by giving the cottagers longer time frames that they can also feel comfortable making any improvements that are needed without fear of having an end date for their leases.\n"
    },
    "36566": {
        "url": "/comment/36566",
        "comment": "I support the continuation of the Rondeau cottage community in perpetuity.  I support the three-year lease extension as described in ERO Policy Proposal 019-0907. This lease extension should be granted automatically to all existing leaseholders. This time should be used to reach a permanent solution that will ensure the cottage community remains forever.  If a permanent solution is reached prior to the three-year deadline, I support it being implemented as soon as possible.\n"
    }
}