{
    "37576": {
        "url": "/comment/37576",
        "comment": "I support the continuation of the Rondeau cottage community. I support the three-year lease extension as described in ERO Policy Proposal 019-0907. Please grant this lease extension.  The lease should be granted automatically to all leaseholders. It would be beneficial to everyone in the community-young people, elderly, children that this 3 year time period (or less) should be used to reach a permanent solution that will ensure the cottage community remains forever.  If a permanent solution is reached prior to the three-year deadline, I support it being implemented as soon as possible.\nThank you for your time and energy in reviewing this decision that means so much financially to the small towns survival surrounding our Rondeau community and the peace of mind, and spirit of one of the few multi-generational communities that grow, thrive and give back to the heritage, commitment to preserving nature and stewardship of a very special provincial park. Parks are for people and nature and we have proven (the Rondeau cottage community) and continue to prove that we can all co-habitat in the most positive way for all to benefit--our community, the surrounding towns communities, and the species of the park. I support the three-year lease extension.\n"
    },
    "37577": {
        "url": "/comment/37577",
        "comment": "My family have had two cottages in Rondeau in the last 70 years. My grandparents and many of my fathers friends cottages have been torn down from either the lease or expansion of the camp grounds. i grew up on the water and around those cottages and purchased a cottage 20 years ago. I thought the goverment had changed and the fact that cottages support the park in all aspects we would not be involved in an other issue with leases,BUT,here we are again. We support ERO-019-0907.\n"
    },
    "37578": {
        "url": "/comment/37578",
        "comment": "I support the continuation of the Rondeau cottage community in perpetuity. I support the three-year lease extension as described in ERO Policy Proposal 019-0907. This lease extension should be granted automatically to all leaseholders. This time should be used to reach a permanent solution that will ensure the cottage community remains forever.  If a permanent solution is reached prior to the three-year deadline, I support it being implemented as soon as possible.\n"
    },
    "37580": {
        "url": "/comment/37580",
        "comment": "\"I support the continuation of the Rondeau cottage community in perpetuity. I support the three-year lease extension as described in ERO Policy Proposal 019-0907. This lease extension should be granted automatically to all leaseholders. This time should be used to reach a permanent solution that will ensure the cottage community remains forever.  If a permanent solution is reached prior to the three-year deadline, I support it being implemented as soon as possible.\"\n"
    },
    "37584": {
        "url": "/comment/37584",
        "comment": "ERO,\nI support the continuation of the Rondeau cottage community in perpetuity.\nI support the three-year lease extension as described in ERO Policy Proposal 019-0907. This lease extension should be granted automatically to all leaseholders. This time should be used to reach a permanent solution that will ensure the cottage community remains forever.  If a permanent solution is reached prior to the three-year deadline, I support it being implemented as soon as possible.\nThank you for considering my comment.\nLT\n"
    },
    "37586": {
        "url": "/comment/37586",
        "comment": "\"I support the continuation of the Rondeau cottage community in perpetuity. I support the three-year lease extension as described in ERO Policy Proposal 019-0907. This lease extension should be granted automatically to all leaseholders. This time should be used to reach a permanent solution that will ensure the cottage community remains forever.  If a permanent solution is reached prior to the three-year deadline, I support it being implemented as soon as possible.\"\n"
    },
    "37588": {
        "url": "/comment/37588",
        "comment": "\"I support the continuation of the Rondeau cottage community in perpetuity. I support the three-year lease extension as described in ERO Policy Proposal 019-0907. This lease extension should be granted automatically to all leaseholders. This time should be used to reach a permanent solution that will ensure the cottage community remains forever.  If a permanent solution is reached prior to the three-year deadline, I support it being implemented as soon as possible.\"\n"
    },
    "37589": {
        "url": "/comment/37589",
        "comment": "\"I support the continuation of the Rondeau cottage community in perpetuity. I support the three-year lease extension as described in ERO Policy Proposal 019-0907. This lease extension should be granted automatically to all leaseholders. This time should be used to reach a permanent solution that will ensure the cottage community remains forever.  If a permanent solution is reached prior to the three-year deadline, I support it being implemented as soon as possible.\"\n"
    },
    "37590": {
        "url": "/comment/37590",
        "comment": "\"I support the continuation of the Rondeau cottage community in perpetuity. I support the three-year lease extension as described in ERO Policy Proposal 019-0907. This lease extension should be granted automatically to all leaseholders. This time should be used to reach a permanent solution that will ensure the cottage community remains forever.  If a permanent solution is reached prior to the three-year deadline, I support it being implemented as soon as possible.\"\n"
    },
    "37591": {
        "url": "/comment/37591",
        "comment": "\"I support the continuation of the Rondeau cottage community in perpetuity. I support the three-year lease extension as described in ERO Policy Proposal 019-0907. This lease extension should be granted automatically to all leaseholders. This time should be used to reach a permanent solution that will ensure the cottage community remains forever.  If a permanent solution is reached prior to the three-year deadline, I support it being implemented as soon as possible.\"\n"
    }
}