{
    "38203": {
        "url": "/comment/38203",
        "comment": "Comment re:  ERO Policy Proposal 019-0907\nI support the continuation of the Rondeau cottage community in perpetuity. I support the proposal for the three year lease extension under the ERO Policy Proposal 019-0907 for cottages in Rondeau Provincial Park and I support a permanent solution that will guarantee Rondeau's cottage community will be in our future forever.  This lease extension should be granted automatically to all leaseholders.  If a permanent solution is reached prior to the three-year deadline, I support it being implemented as soon as possible.\n Yours Sincerely,\n(a current Rondeau Cottage Leaseholder)\n"
    },
    "38206": {
        "url": "/comment/38206",
        "comment": "I support the continuation of the Rondeau cottage community in perpetuity. I support the three-year lease extension as described in ERO Policy Proposal 019-0907. This lease extension should be granted automatically to all leaseholders. This time should be used to reach a permanent solution that will ensure the cottage community remains forever.  If a permanent solution is reached prior to the three-year deadline, I support it being implemented as soon as possible.\n"
    },
    "38207": {
        "url": "/comment/38207",
        "comment": "I disagree with extending the leases to cottage lots in Rondeau Provincial Park.  These cottages should be phased out and removed as soon as possible and the land restored to natural habitat.\nI know some people who have a cottage there, and they have understood for many years that this day would come.  They understand that the land needs to be returned to natural habitat.\nIt's in the provincial interest to get the land back for all of us to enjoy and provide much needed space for the plants and animals that live there.\n"
    },
    "38209": {
        "url": "/comment/38209",
        "comment": "I support the continuation of the Rondeau cottage community in perpetuity. I support the three-year lease extension as described in ERO Policy Proposal 019-0907. This lease extension should be granted automatically to all leaseholders. This time should be used to reach a permanent solution that will ensure the cottage community remains forever.  If a permanent solution is reached prior to the three-year deadline, I support it being implemented as soon as possible.\n"
    },
    "38210": {
        "url": "/comment/38210",
        "comment": "I support the continuation of the Rondeau cottage community in perpetuity.  I support the three-year lease extension as described in ERO Policy Proposal 019-0907. This lease extension should be granted automatically to all existing leaseholders. This time should be used to reach a permanent solution that will ensure the cottage community remains forever.  If a permanent solution is reached prior to the three-year deadline, I support it being implemented as soon as possible.\n"
    },
    "38211": {
        "url": "/comment/38211",
        "comment": "I support the continuation of the Rondeau cottage community in perpetuity.  I support the three-year lease extension as described in ERO Policy Proposal 019-0907. This lease extension should be granted automatically to all existing leaseholders. This time should be used to reach a permanent solution that will ensure the cottage community remains forever.  If a permanent solution is reached prior to the three-year deadline, I support it being implemented as soon as possible.\n"
    },
    "38212": {
        "url": "/comment/38212",
        "comment": "I support the continuation of the Rondeau cottage community in perpetuity. I support the three-year lease extension as described in ERO Policy Proposal 019-0907. This lease extension should be granted automatically to all leaseholders. This time should be used to reach a permanent solution that will ensure the cottage community remains forever.  If a permanent solution is reached prior to the three-year deadline, I support it being implemented as soon as possible.\n"
    },
    "38214": {
        "url": "/comment/38214",
        "comment": "I support the continuation of the Rondeau cottage community in perpetuity. I support the three-year lease extension as described in ERO Policy Proposal 019-0907. This lease extension should be granted automatically to all leaseholders. This time should be used to reach a permanent solution that will ensure the cottage community remains forever.  If a permanent solution is reached prior to the three-year deadline, I support it being implemented as soon as possible.\nI have experienced first hand the long lasting, generational positive effects this cottage community provides family and friends. This community brings family members together.....grandparents,\nparents, siblings, children and grandchildren . This community provides a place for elders to teach children to respect and be responsible for the local environment.  Please allow this to continue.\n.\n"
    },
    "38218": {
        "url": "/comment/38218",
        "comment": "I support the continuation of the Rondeau cottage community in perpetuity. I support the three-year lease extension as described in ERO Policy Proposal 019-0907. This lease extension should be granted automatically to all leaseholders. This time should be used to reach a permanent solution that will ensure the cottage community remains forever.  If a permanent solution is reached prior to the three-year deadline, I support it being implemented as soon as possible.\n"
    },
    "38219": {
        "url": "/comment/38219",
        "comment": "I support the continuation of the Rondeau cottage community in perpetuity. I support the three-year lease extension as described in ERO Policy Proposal 019-0907. This lease extension should be granted automatically to all leaseholders. This time should be used to reach a permanent solution that will ensure the cottage community remains forever.  If a permanent solution is reached prior to the three-year deadline, I support it being implemented as soon as possible.\n"
    }
}