{
    "39759": {
        "url": "/comment/39759",
        "comment": "I support the 3year lease extension of 019-0907\nIt should be granted automatically\nIn 3 years it will 5 years of wasting tax dollars\nJust do 99 years again and be happy\nWe make the park better not worse\nThe campers create much more destruction than cottages\nThe cottage visitors are a constant revenue for local businesses\nRain or shine\nWe will still come when the park is flooded and closed\nThe park has been closed until June for years but us cottager goers still come and spend money for taxes and local economy'\nWe have supported many events in the park and continue to provide revenue today for the government\nIf the workers don't like deals they just go on strike\n"
    },
    "39760": {
        "url": "/comment/39760",
        "comment": "I support the three-year lease extension as described in ERO Policy Proposal 019-0907. This new lease extension should be granted automatically to all leaseholders. This time should be used to reach a permanent solution that will ensure the cottage community remains forever. If a permanent solution is reached prior to the three-year deadline, I support it being implemented as soon as possible.\n"
    },
    "39761": {
        "url": "/comment/39761",
        "comment": "I support the three-year lease extension as described in ERO Policy Proposal 019-0907. This new lease extension should be granted automatically to all leaseholders. This time should be used to reach a permanent solution that will ensure the cottage community remains forever. If a permanent solution is reached prior to the three-year deadline, I support it being implemented as soon as possible.\n"
    },
    "39762": {
        "url": "/comment/39762",
        "comment": "I support the three-year lease extension as described in ERO Policy Proposal 019-0907. This new lease extension should be granted automatically to all leaseholders. This time should be used to reach a permanent solution that will ensure the cottage community remains forever. If a permanent solution is reached prior to the three-year deadline, I support it being implemented as soon as possible.\n"
    },
    "39763": {
        "url": "/comment/39763",
        "comment": "I support the three-year lease extension as described in ERO Policy Proposal 019-0907. This new lease extension should be granted automatically to all leaseholders. This time should be used to reach a permanent solution that will ensure the cottage community remains forever. If a permanent solution is reached prior to the three-year deadline, I support it being implemented as soon as possible.\n"
    },
    "39764": {
        "url": "/comment/39764",
        "comment": "I support the 3year lease extension of 019-0907\nIt should be granted automatically\nIn 3 years it will 5 years of wasting tax dollars\nJust do 99 years again and be happy\nWe make the park better not worse\nThe campers create much more destruction than cottages\nThe cottage visitors are a constant revenue for local businesses\nRain or shine\nWe will still come when the park is flooded and closed\nThe park has been closed until June for years but us cottager goers still come and spend money for taxes and local economy'\nWe have supported many events in the park and continue to provide revenue today for the government\nIf the workers don't like deals they just go on strike\nWe don't get any say you just impose more bills and steal from us\n"
    },
    "39765": {
        "url": "/comment/39765",
        "comment": "I support the three-year lease extension as described in ERO Policy Proposal 019-0907. This new lease extension should be granted automatically to all leaseholders. This time should be used to reach a permanent solution that will ensure the cottage community remains forever. If a permanent solution is reached prior to the three-year deadline, I support it being implemented as soon as possible.\n"
    },
    "39766": {
        "url": "/comment/39766",
        "comment": "I support the three-year lease extension as described in ERO Policy Proposal 019-0907. This new lease extension should be granted automatically to all leaseholders. This time should be used to reach a permanent solution that will ensure the cottage community remains forever. If a permanent solution is reached prior to the three-year deadline, I support it being implemented as soon as possible.\n"
    },
    "39767": {
        "url": "/comment/39767",
        "comment": "I support the 3year lease extension of 019-0907\nIt should be granted automatically\nIn 3 years it will 5 years of wasting tax dollars\nJust do 99 years again and be happy\nWe make the park better not worse\nThe campers create much more destruction than cottages\nThe cottage visitors are a constant revenue for local businesses\nRain or shine\nWe will still come when the park is flooded and closed\nThe park has been closed until June for years but us cottager goers still come and spend money for taxes and local economy'\nWe have supported many events in the park and continue to provide revenue today for the government\nIf the workers don't like deals they just go on strike\nWe don't get any say you just impose more bills and steal from us\nReally it is like adding 5 kids to a classroom and cutting jobs\n"
    },
    "39768": {
        "url": "/comment/39768",
        "comment": "I support the three-year lease extension as described in ERO Policy Proposal 019-0907. This new lease extension should be granted automatically to all leaseholders. This time should be used to reach a permanent solution that will ensure the cottage community remains forever. If a permanent solution is reached prior to the three-year deadline, I support it being implemented as soon as possible.\n"
    },
    "39769": {
        "url": "/comment/39769",
        "comment": "I support the three-year lease extension as described in ERO Policy Proposal 019-0907. This new lease extension should be granted automatically to all leaseholders. This time should be used to reach a permanent solution that will ensure the cottage community remains forever. If a permanent solution is reached prior to the three-year deadline, I support it being implemented as soon as possible.\n"
    },
    "39770": {
        "url": "/comment/39770",
        "comment": "I support ERO 019-0907 and the proposed lease extension of heritage cottages in Rondeau Provincial Park.\nSince 1894, when lots were first surveyed, cottaging has been a part of the Rondeau Park community. The cottagers take great pride in the park, actively promoting the betterment of the park, protecting, preserving and promoting Rondeau\u2019s natural and historical environment. I support the continuation of the Rondeau Cottage Community, they are excellent stewards of the park.\nThank you\n"
    },
    "39771": {
        "url": "/comment/39771",
        "comment": "I support the three-year lease extension as described in ERO Policy Proposal 019-0907. This new lease extension should be granted automatically to all leaseholders. This time should be used to reach a permanent solution that will ensure the cottage community remains forever. If a permanent solution is reached prior to the three-year deadline, I support it being implemented as soon as possible.\n"
    },
    "39772": {
        "url": "/comment/39772",
        "comment": "I support the three-year lease extension as described in ERO Policy Proposal 019-0907. This new lease extension should be granted automatically to all leaseholders. This time should be used to reach a permanent solution that will ensure the cottage community remains forever. If a permanent solution is reached prior to the three-year deadline, I support it being implemented as soon as possible.\n"
    },
    "39773": {
        "url": "/comment/39773",
        "comment": "I support the three-year lease extension as described in ERO Policy Proposal 019-0907. This new lease extension should be granted automatically to all leaseholders. This time should be used to reach a permanent solution that will ensure the cottage community remains forever. If a permanent solution is reached prior to the three-year deadline, I support it being implemented as soon as possible.\n"
    },
    "39774": {
        "url": "/comment/39774",
        "comment": "I support the three-year lease extension as described in ERO Policy Proposal 019-0907. This new lease extension should be granted automatically to all leaseholders. This time should be used to reach a permanent solution that will ensure the cottage community remains forever. If a permanent solution is reached prior to the three-year deadline, I support it being implemented as soon as possible.\n"
    },
    "39775": {
        "url": "/comment/39775",
        "comment": "I support ERO 019-0907\nI support the three year lease extension for Rondeau Provincial Park cottagers so that a permanent agreement can be reached for the long-term tenure of the leaseholders. The Rondeau cottage community is a long-time vibrant existence, they care for the well-being of the Park.\nThank you!!\n"
    },
    "39776": {
        "url": "/comment/39776",
        "comment": "I support the three-year lease extension as described in ERO Policy Proposal 019-0907. This new lease extension should be granted automatically to all leaseholders. This time should be used to reach a permanent solution that will ensure the cottage community remains forever. If a permanent solution is reached prior to the three-year deadline, I support it being implemented as soon as possible.\n"
    },
    "39777": {
        "url": "/comment/39777",
        "comment": "I support the three-year lease extension as described in ERO Policy Proposal 019-0907. This new lease extension should be granted automatically to all leaseholders. This time should be used to reach a permanent solution that will ensure the cottage community remains forever. If a permanent solution is reached prior to the three-year deadline, I support it being implemented as soon as possible.\n"
    },
    "39778": {
        "url": "/comment/39778",
        "comment": "I support the three-year lease extension as described in ERO Policy Proposal 019-0907. This new lease extension should be granted automatically to all leaseholders. This time should be used to reach a permanent solution that will ensure the cottage community remains forever. If a permanent solution is reached prior to the three-year deadline, I support it being implemented as soon as possible.\n"
    }
}