{
    "39821": {
        "url": "/comment/39821",
        "comment": "I support the 3year lease extension of 019-0907\nIt should be granted automatically\nIn 3 years it will 5 years of wasting tax dollars\nJust do 99 years again and be happy\nWe make the park better not worse\nThe campers are always welcome too\nWe bring many campers to visit too\nThe MPPs alway encouraged the cottager\nWe also support the government\nThe list of good from us is endless\n"
    },
    "39822": {
        "url": "/comment/39822",
        "comment": "I support the three-year lease extension as described in ERO Policy Proposal 019-0907. This new lease extension should be granted automatically to all leaseholders. This time should be used to reach a permanent solution that will ensure the cottage community remains forever. If a permanent solution is reached prior to the three-year deadline, I support it being implemented as soon as possible.\n"
    },
    "39824": {
        "url": "/comment/39824",
        "comment": "I support the three-year lease extension as described in ERO Policy Proposal 019-0907. This new lease extension should be granted automatically to all leaseholders. This time should be used to reach a permanent solution that will ensure the cottage community remains forever. If a permanent solution is reached prior to the three-year deadline, I support it being implemented as soon as possible.\n"
    },
    "39825": {
        "url": "/comment/39825",
        "comment": "I support the three-year lease extension as described in ERO Policy Proposal 019-0907. This new lease extension should be granted automatically to all leaseholders. This time should be used to reach a permanent solution that will ensure the cottage community remains forever. If a permanent solution is reached prior to the three-year deadline, I support it being implemented as soon as possible.\n"
    },
    "39826": {
        "url": "/comment/39826",
        "comment": "I support the three-year lease extension as described in ERO Policy Proposal 019-0907. This new lease extension should be granted automatically to all leaseholders. This time should be used to reach a permanent solution that will ensure the cottage community remains forever. If a permanent solution is reached prior to the three-year deadline, I support it being implemented as soon as possible.\n"
    },
    "39827": {
        "url": "/comment/39827",
        "comment": "I support ERO 019-0907 and the proposed lease extension of heritage cottages in Rondeau Provincial Park.\nSince 1894, when lots were first surveyed, cottaging has been a part of the Rondeau Park community. The cottagers take great pride in the park, actively promoting the betterment of the park, protecting, preserving and promoting Rondeau\u2019s natural and historical environment. I support the continuation of the Rondeau Cottage Community, they are excellent stewards of the park.\nThank you\n"
    },
    "39828": {
        "url": "/comment/39828",
        "comment": "I support the three year lease extension as described in ERO policy proposal 019-0907.  This new lease extension should be granted automatically to all leaseholders. Thank you.\n"
    },
    "39829": {
        "url": "/comment/39829",
        "comment": "I support the continuation of the Rondeau cottage community in perpetuity.  I support the three- year lease extension as described in ERO Policy Proposal 019-0907.  This time should be used to reach a permanent solution that will ensure the cottage community remains forever.  If a permanent solution is reached prior to the three-year deadline, I support it being implemented as soon as possible.  The lease extension should be granted automatically to all existing lease holders.\n"
    },
    "39830": {
        "url": "/comment/39830",
        "comment": "We support ERO 019-0907.\nWe look forward to the opportunity for long term/permanent occupation of our cottage lot in Rondeau Provincial Park.\nAs children we (wife and I) camped with our families in many campgrounds at Provincial Parks throughout Ontario and thoroughly enjoyed our time learning about nature (trees, flowers, birds, other critters,...), walking the trails, swimming where available, and generally enjoying ourselves as most kids do.\nAs girlfriend/boyfriend we often shared/compared experiences exploring the various Parks and their unique characteristics.\nAs newlyweds we continued to camp and visit many Parks throughout Ontario and ultimately came across Rondeau Provincial Park and the cottage community in the 1970's. At that time we vowed that someday we too would become cottagers, if at all possible.\nIt turned out, that just prior to retiring from our respective jobs, we came across an available cottage\nin Rondeau that we had seen and fell in love with in the 1970's. We took all of our retirement savings and borrowed money from other family members and proceeded to make our dream come true.\nAside from periods of contentiousness with Ontario Parks over the past 15 years, and the misconceptions that we are \"elites\" (far from it - just regular working folks that scrimped and saved),\nand misunderstandings from distant environmentalists about our treatment of the Park and its natural features. (we love the Park, and spend everyday caring for it when we are there) we truly do want to protect and preserve the Park - including the cottage community.\nWho knows - maybe a young family has already spotted our cottage as their retirement dream spot - so  we want to be sure that they too have the opportunity to spend their golden years enjoying cottage life with nature  as we have.\nWe have faith that a long term solution can be developed for the occupation of cottage lots in Rondeau Provincial Park !!\n"
    },
    "39831": {
        "url": "/comment/39831",
        "comment": "I support ERO 019-0907 and the proposed lease extension of heritage cottages in Rondeau Provincial Park.\nSince 1894, when lots were first surveyed, cottaging has been a part of the Rondeau Park community. The cottagers take great pride in the park, actively promoting the betterment of the park, protecting, preserving and promoting Rondeau\u2019s natural and historical environment. I support the continuation of the Rondeau Cottage Community, they are excellent stewards of the park.\nThank you\n"
    },
    "39832": {
        "url": "/comment/39832",
        "comment": "I support the three-year lease extension as described in ERO Policy Proposal 019-0907. This new lease extension should be granted automatically to all leaseholders. This time should be used to reach a permanent solution that will ensure the cottage community remains forever. If a permanent solution is reached prior to the three-year deadline, I support it being implemented as soon as possible.\n"
    },
    "39833": {
        "url": "/comment/39833",
        "comment": "I support the three-year lease extension as described in ERO Policy Proposal 019-0907. This new lease extension should be granted automatically to all leaseholders. This time should be used to reach a permanent solution that will ensure the cottage community remains forever. If a permanent solution is reached prior to the three-year deadline, I support it being implemented as soon as possible.\n"
    },
    "39834": {
        "url": "/comment/39834",
        "comment": "I support the three-year lease extension as described in ERO Policy Proposal 019-0907. This new lease extension should be granted automatically to all leaseholders. This time should be used to reach a permanent solution that will ensure the cottage community remains forever. If a permanent solution is reached prior to the three-year deadline, I support it being implemented as soon as possible.\n"
    },
    "39835": {
        "url": "/comment/39835",
        "comment": "I support the three-year lease extension as described in ERO Policy Proposal 019-0907. This new lease extension should be granted automatically to all leaseholders. This time should be used to reach a permanent solution that will ensure the cottage community remains forever. If a permanent solution is reached prior to the three-year deadline, I support it being implemented as soon as possible.\n"
    },
    "39836": {
        "url": "/comment/39836",
        "comment": "I support the three-year lease extension as described in ERO Policy Proposal 019-0907. This new lease extension should be granted automatically to all leaseholders. This time should be used to reach a permanent solution that will ensure the cottage community remains forever. If a permanent solution is reached prior to the three-year deadline, I support it being implemented as soon as possible.\n"
    },
    "39837": {
        "url": "/comment/39837",
        "comment": "I support the three-year lease extension as described in ERO Policy Proposal 019-0907. This new lease extension should be granted automatically to all leaseholders. This time should be used to reach a permanent solution that will ensure the cottage community remains forever. If a permanent solution is reached prior to the three-year deadline, I support it being implemented as soon as possible.\n"
    },
    "39838": {
        "url": "/comment/39838",
        "comment": "I support the three-year lease extension as described in ERO Policy Proposal 019-0907. This new lease extension should be granted automatically to all leaseholders. This time should be used to reach a permanent solution that will ensure the cottage community remains forever. If a permanent solution is reached prior to the three-year deadline, I support it being implemented as soon as possible.\n"
    },
    "39839": {
        "url": "/comment/39839",
        "comment": "I support the three-year lease extension as described in ERO Policy Proposal 019-0907. This new lease extension should be granted automatically to all leaseholders. This time should be used to reach a permanent solution that will ensure the cottage community remains forever. If a permanent solution is reached prior to the three-year deadline, I support it being implemented as soon as possible.\n"
    }
}