{
    "37767": {
        "url": "/comment/37767",
        "comment": "I approve the ERO 019-0907. Cottages made this park. The government advertised to have cottages built in this park. The leases state cottages must be maintained or they have the right to fix them up and charge the lease holder for the repairs, so why wouldn't cottages be expected to remain in Rondeau.\n"
    },
    "37769": {
        "url": "/comment/37769",
        "comment": "I support the continuation of the Rondeau cottage community in perpetuity. I support the three-year lease extension as described in ERO Policy Proposal 019-0907. This lease extension should be granted automatically to all leaseholders. This time should be used to reach a permanent solution that will ensure the cottage community remains forever.  If a permanent solution is reached prior to the three-year deadline, I support it being implemented as soon as possible.\nThank you\n"
    },
    "37770": {
        "url": "/comment/37770",
        "comment": "I support the continuation of the Rondeau cottage community in perpetuity.  I support the three-year lease extension as described in ERO Policy Proposal 019-0907. This lease extension should be granted automatically to all existing leaseholders. This time should be used to reach a permanent solution that will ensure the cottage community remains forever.  If a permanent solution is reached prior to the three-year deadline, I support it being implemented as soon as possible.\n"
    },
    "37775": {
        "url": "/comment/37775",
        "comment": "I FULLY SUPPORT the continuation of the Rondeau cottage community in perpetuity.\nI am in FULL SUPPORT of the three-year lease extension as described in ERO Policy Proposal 019-0907.\nAll leaseholders should receive this lease extension automatically allowing time to reach a permanent solution ensuring the cottage community remains forever.\nIf a permanent solution is reached prior to the three-year deadline, I FULLY SUPPORT it being implemented as soon as possible.\n"
    },
    "37781": {
        "url": "/comment/37781",
        "comment": "I support the continuation of the Rondeau cottage community in perpetuity.  I support the three-year lease extension as described in ERO Policy Proposal 019-0907. This lease extension should be granted automatically to all existing leaseholders. This time should be used to reach a permanent solution that will ensure the cottage community remains forever.  If a permanent solution is reached prior to the three-year deadline, I support it being implemented as soon as possible.\n"
    },
    "37782": {
        "url": "/comment/37782",
        "comment": "\"I support the continuation of the Rondeau cottage community in perpetuity. I support the three-year lease extension as described in ERO Policy Proposal 019-0907. This lease extension should be granted automatically to all leaseholders. This time should be used to reach a permanent solution that will ensure the cottage community remains forever.  If a permanent solution is reached prior to the three-year deadline, I support it being implemented as soon as possible.\"\n"
    }
}