{
    "36677": {
        "url": "/comment/36677",
        "comment": "As a long time visitor to a family members cottage I feel that the 3 year extension is a great starting point. I am in total agreement that a long term solution needs to happen and hopefully there is some sort of resolution moving forward that will allow the cottagers to make the upgrades needed knowing that this 2ill be a long term place to enjoy family\n"
    },
    "36681": {
        "url": "/comment/36681",
        "comment": "Its time to fix Rondeau park the leases should be extended for the short term until a long term solution can be finalized.\n"
    },
    "36684": {
        "url": "/comment/36684",
        "comment": "I support the continuation of the Rondeau cottage community in perpetuity.  I support the three-year lease extension as described in ERO Policy Proposal 019-0907. This lease extension should be granted automatically to all existing leaseholders. This time should be used to reach a permanent solution that will ensure the cottage community remains forever.  If a permanent solution is reached prior to the three-year deadline, I support it being implemented as soon as possible.\n"
    },
    "36688": {
        "url": "/comment/36688",
        "comment": "I support the continuation of the Rondeau cottage community in perpetuity.  I support the three-year lease extension as described in ERO Policy Proposal 019-0907. This lease extension should be granted automatically to all existing leaseholders. This time should be used to reach a permanent solution that will ensure the cottage community remains forever.  If a permanent solution is reached prior to the three-year deadline, I support it being implemented as soon as possible.\n"
    },
    "36694": {
        "url": "/comment/36694",
        "comment": "Ontario parks needs to save the  Rondeau cottages the 3 year extension is a start they need to find a permanent solution to save the cottage community sooner than later\n"
    },
    "36695": {
        "url": "/comment/36695",
        "comment": "the cottages  of Rondeau need to be saved Ontario Parks have run the Park Down in recent years The Government Dock is Gone a focal point of the park for Kids fishing or just enjoying the sun set The bird watch tower is also gone witch was a great hike and fantastic view of the bay, Now the marsh trail is gone because of high water.\nOntario parks need to change the rating of Rondeau park back to a  recreational Park From the Natural Park rating maybe than it can be properly Maintained and return some of the features that were once there\nThe 3 year extension is a start  then the lots should be sold to the cottagers for a final solution this seemed to work in Sand banks Provincial Park and Korwortha Highlands Park seems coexist with over 500 cottages in it.  The policy's of the 1950s must be forgotten its now 2020 TIME TO MOVE FOWARD\n"
    },
    "36700": {
        "url": "/comment/36700",
        "comment": "I support the continuation of the Rondeau cottage community in perpetuity.  I support the three-year lease extension as described in ERO Policy Proposal 019-0907. This lease extension should be granted automatically to all existing leaseholders. This time should be used to reach a permanent solution that will ensure the cottage community remains forever.  If a permanent solution is reached prior to the three-year deadline, I support it being implemented as soon as possible.\n"
    },
    "36701": {
        "url": "/comment/36701",
        "comment": "We support the lease extension. I was born and raised in Chatham Kent and Rondeau is a long-standing part of the fabric of the community both culturally and economically. Rondeau was created by the Government of Ontario with cottages in mind. The removal of the cottages from the 1% of the Park that they occupy would be a crime.\n"
    },
    "36702": {
        "url": "/comment/36702",
        "comment": "Rondeau Park was founded in the 19th century as a Park for Cottagers. The cottages occupy less than 1 % of the Park area. The presence of the Park, the Community Yacht Club and other historical recreational features are a valuable asset in Chatham Kent. I support the extension of the lease and the eventual solution that will return the Park to a permanent place for cottages as well as a natural reserve.\n"
    },
    "36704": {
        "url": "/comment/36704",
        "comment": "Cottages in Rondeau has been the reason Rondeau is Rondeau.  They are what has made Rondeau Park.  The cottages HAVE NOT destroyed the park, but have preserved it so it can be enjoyed by almost anyone, even the handicapped.\nIf the cottages go the way the BIG DOCK has, it will be a end to this Park as a place that NOT MANY will want to or be able to enjoy.\nOntario is 83% Crown Land - LET the Cottages REMAIN. They take up less than 1% of the park, but are a huge draw to the area.\nALLOW THE EXTENSION\n"
    },
    "36706": {
        "url": "/comment/36706",
        "comment": "I strongly support the continuation of the Rondeau cottage community in perpetuity.  I support the three-year lease extension as described in ERO Policy Proposal 019-0907. This lease extension should be granted automatically to all existing leaseholders. This time should be used to reach a permanent solution that will ensure the cottage community remains forever.  If a permanent solution is reached prior to the three-year deadline, I support it being implemented as soon as possible.\n"
    }
}