{
    "37941": {
        "url": "/comment/37941",
        "comment": "I support the continuation of the Rondeau cottage community in perpetuity. I support the three-year lease extension as described in ERO Policy Proposal 019-0907. This lease extension should be granted automatically to all leaseholders. This time should be used to reach a permanent solution that will ensure the cottage community remains forever.  If a permanent solution is reached prior to the three-year deadline, I support it being implemented as soon as possible.\n"
    },
    "37943": {
        "url": "/comment/37943",
        "comment": "\"I support the continuation of the Rondeau cottage community in perpetuity. I support the three-year lease extension as described in ERO Policy Proposal 019-0907. This lease extension should be granted automatically to all leaseholders. This time should be used to reach a permanent solution that will ensure the cottage community remains forever.  If a permanent solution is reached prior to the three-year deadline, I support it being implemented as soon as possible.\"\nThe enviromental impact of these cottages is minimal to say the least. And in my opinon our Enviromental Agencies have gone way past the acceptable limit of their scope and powers. Canada is an enormous country with lots of room for everyone to share without putting so much as a dent into any ecological systems. Everyone needs to start using their vote to repeal the powers of our over zealous Enviromental Agencies. The owners of cottages in Rondeau have gone through enough stess dealing with these stubborn policies.\n"
    },
    "37945": {
        "url": "/comment/37945",
        "comment": "I support the continuation of the Rondeau cottage community in perpetuity. I support the three-year lease extension as described in ERO Policy Proposal 019-0907. This lease extension should be granted automatically to all leaseholders. This time should be used to reach a permanent solution that will ensure the cottage community remains forever.  If a permanent solution is reached prior to the three-year deadline, I support it being implemented as soon as possible.\n"
    },
    "37950": {
        "url": "/comment/37950",
        "comment": "\"I support the continuation of the Rondeau cottage community in perpetuity. I support the three-year lease extension as described in ERO Policy Proposal 019-0907. This lease extension should be granted automatically to all leaseholders. This time should be used to reach a permanent solution that will ensure the cottage community remains forever.  If a permanent solution is reached prior to the three-year deadline, I support it being implemented as soon as possible.\"\n"
    },
    "37953": {
        "url": "/comment/37953",
        "comment": "I support the continuation of the Rondeau cottage community in perpetuity. I support the three-year lease extension as described in ERO Policy Proposal 019-0907. This lease extension should be granted automatically to all leaseholders. This time should be used to reach a permanent solution that will ensure the cottage community remains forever.  If a permanent solution is reached prior to the three-year deadline, I support it being implemented as soon as possible.\n"
    },
    "37956": {
        "url": "/comment/37956",
        "comment": "This is difficult for cottagers and government alike, but it is time to think of the benefits to all Ontarians.  We need to have secure places for wildlife to grow and adapt to climate change, so that the web of life that sustains humanity as well as all other species can continue to function.\nHelping cottagers in Rondeau Provincial Park to find alternatives is part of the duty of a responsible government and taxpayers.  We have the responsibility to leave a healthy functioning ecosystem to our children and theirs.\n"
    },
    "37957": {
        "url": "/comment/37957",
        "comment": "I support the continuation of the Rondeau cottage community in perpetuity. I support the three-year lease extension as described in ERO Policy Proposal 019-0907. This lease extension should be granted automatically to all leaseholders. This time should be used to reach a permanent solution that will ensure the cottage community remains forever.  If a permanent solution is reached prior to the three-year deadline, I support it being implemented as soon as possible.\n"
    },
    "37958": {
        "url": "/comment/37958",
        "comment": "I support the continuation of the Rondeau cottage community in perpetuity. I support the three-year lease extension as described in ERO Policy Proposal 019-0907. This lease extension should be granted automatically to all leaseholders. This time should be used to reach a permanent solution that will ensure the cottage community remains forever.  If a permanent solution is reached prior to the three-year deadline, I support it being implemented as soon as possible.\n"
    },
    "37961": {
        "url": "/comment/37961",
        "comment": "I approve of the ERO 019-0907.\nI can submit several pages on why the exhisting cottages need to be and must be kept in Rondeau Park, and defy anyone to prove that there exhistance is more harmful to the environment than the good they have created and will continue to create, but this is not the forum for that.\nThis extension will allow time for the debate,  I totally agree to the extension.  I love nature, and I know cottages in this Park have proven over the last 125 years that they do care and they have proven to be GREAT Stewards of that land.\n"
    },
    "37963": {
        "url": "/comment/37963",
        "comment": "Good Evening\nI fully support the continuation of the Rondeau cottage community in perpetuity. I support the three-year lease extension as described in ERO Policy Proposal 019-0907. This lease extension should be granted automatically to all leaseholders. I support this extension as a first step means to be actively used to reach a sustainable permanent solution that ensure the long established, responsible cottage community remains legally within Rondeau for continuation as proactive supporters, protectors and promoters of this community and park lands. As a second generation cottage owner family and friends have enjoyed time as part of a community and able to live, learn and support this part as was the vision when cottages established in this and other parks. The cottage community form part of the critical stewards of the park as well as ensure its importance is shared with family and friends. The cottage community also providers financial resources to the park and the larger Chatham/Kent area. It is my hope and belief that a permanent solution should be reached that will ensure the cottage community remains forever.  If a permanent solution is reached prior to the three-year deadline, I support it being implemented as soon as possible.\nThanks for opportunity to comment and support this community which I truly value and respect.\n"
    },
    "37965": {
        "url": "/comment/37965",
        "comment": "Good evening ERO,\nI strongly support the continuation of the Rondeau cottage community in perpetuity. I also support the three-year lease extension as described in ERO Policy Proposal 019-0907. This lease extension should be granted automatically to all leaseholders.\nThis time should be used to reach a permanent solution that will ensure the cottage community remains forever.  If a permanent solution is reached prior to the three-year deadline, I support it being implemented as soon as possible.\nThank you,\nAP.\n"
    },
    "37967": {
        "url": "/comment/37967",
        "comment": "I do not support the extension of cottage leases in Rondeau Provincial Park. The leases should be terminated to permit people to move on to new cottage developments outside the park (new development activity for the Province), and allow the park to fulfill its mandated function as an ecological protection area for the potential enjoyment of all Ontarians and visitors (implementation of Provincial Ministry of Natural Resources and Forestry mandate).\nThe Chatham-Kent area where the Park is situated needs to be re-balanced in its overall human development-environment protected features equation. Currently, less than 10% of the land area is comprised of natural features (see community's Official Plan natural heritage policy section). According to Environment Canada's \"How much Habitat is Enough\" 2013 publication, a minimum threshold of 30% of protected natural areas is necessary to maintain a healthy and resilient land base. Furthermore, in a 2013 publication by the University of Guelph (School of Environmental Design and Rural Development author's Wayne Caldwell and Kelsey Lang) entitled \"Chatham-Kent Trees, Forests and Woodlots A Literature Review\" reported that forest cover was less than 4% in the overall area.  Every effort should be made now to help increase natural cover in the Chatham-Kent area, and this would include removing private development within Rondeau Provincial Park.\n"
    },
    "37968": {
        "url": "/comment/37968",
        "comment": "I support the continuation of the Rondeau cottage community in perpetuity. I support the three-year lease extension as described in ERO Policy Proposal 019-0907. This lease extension should be granted automatically to all leaseholders. This time should be used to reach a permanent solution that will ensure the cottage community remains forever.  If a permanent solution is reached prior to the three-year deadline, I support it being implemented as soon as possible.\n"
    },
    "37969": {
        "url": "/comment/37969",
        "comment": "I support the continuation of the Rondeau cottage community in perpetuity. I support the three-year lease extension as described in ERO Policy Proposal 019-0907. This lease extension should be granted automatically to all leaseholders. This time should be used to reach a permanent solution that will ensure the cottage community remains forever.  If a permanent solution is reached prior to the three-year deadline, I support it being implemented as soon as possible.\n"
    },
    "37973": {
        "url": "/comment/37973",
        "comment": "I support the continuation of the Rondeau cottage community in perpetuity. I support the three-year lease extension as described in ERO Policy Proposal 019-0907. This lease extension should be granted automatically to all leaseholders. This time should be used to reach a permanent solution that will ensure the cottage community remains forever.  If a permanent solution is reached prior to the three-year deadline, I support it being implemented as soon as possible\n"
    },
    "37974": {
        "url": "/comment/37974",
        "comment": "ERO 019-0907. I approve the use of this to get a long term extension for Cottages.  My family has been involved with this park since it was established 125 years ago.  There is absolutely NO PROOF that cottages have harmed this environment.  If some group thinks that a road kill is hurting a species in the Park, they need to be informed that cottages have created habitat for that same species for the entire time of cottages in that Park. If these people like to protect all nature, then they had better all become Vegetarins and walk very carefully to work, and not be riding in any vehicle that creates any road kill.  There has to be a balance with this, and the Cottages have always done more than their fair share in protecting these species.\nThe truth be known, was there any of these species at risk ever in Rondeau before Cottages came on the scene.\nTake this 3 year extension period to get a long term or permanent commitment to cottaging in Rondeau.\n"
    },
    "37975": {
        "url": "/comment/37975",
        "comment": "I am in support of ERO 019-0907, the 3 year lease extension for occupation of cottage lots at Rondeau Provincial Park.\nAs a user of Rondeau over many years I have never experienced any issues with the cottagers and it appears that they maintain their leased property in a way that reflects nothing incompatible with how\nRondeau Park management maintains the park property overall.\nThanks for the opportunity to share my opinion on this matter.\n"
    }
}