{
    "38061": {
        "url": "/comment/38061",
        "comment": "I support the continuation of the Rondeau cottage community in perpetuity. I support the three-year lease extension as described in ERO Policy Proposal 019-0907. This lease extension should be granted automatically to all leaseholders. This time should be used to reach a permanent solution that will ensure the cottage community remains forever.  If a permanent solution is reached prior to the three-year deadline, I support it being implemented as soon as possible.\n"
    },
    "38063": {
        "url": "/comment/38063",
        "comment": "I support the continuation of the Rondeau cottage community in perpetuity. I support the three-year lease extension as described in ERO Policy Proposal 019-0907. This lease extension should be granted automatically to all leaseholders. This time should be used to reach a permanent solution that will ensure the cottage community remains forever.  If a permanent solution is reached prior to the three-year deadline, I support it being implemented as soon as possible.\nThank you. This is very important to me and the cottage owners.\n"
    },
    "38064": {
        "url": "/comment/38064",
        "comment": "I support the continuation of the Rondeau cottage community in perpetuity. I support the three-year lease extension as described in ERO Policy Proposal 019-0907. This lease extension should be granted automatically to all leaseholders. This time should be used to reach a permanent solution that will ensure the cottage community remains forever.  If a permanent solution is reached prior to the three-year deadline, I support it being implemented as soon as possible.  Thank you\n"
    },
    "38066": {
        "url": "/comment/38066",
        "comment": "I support the continuation of the Rondeau cottage community in perpetuity. I support the three-year lease extension as described in ERO Policy Proposal 019-0907. This lease extension should be granted automatically to all leaseholders. This time should be used to reach a permanent solution that will ensure the cottage community remains forever.  If a permanent solution is reached prior to the three-year deadline, I support it being implemented as soon as possible.\n"
    },
    "38067": {
        "url": "/comment/38067",
        "comment": "I support the extension of cottage leases in Rondeau a 3 year extension is a start But a permeate solution needs to be completed sooner than the 3 years The Government needs to fix this NOW!\nThe cottage owners need to Know they have a future in Rondeau\n"
    },
    "38073": {
        "url": "/comment/38073",
        "comment": "I support the continuation of the Rondeau cottage community in perpetuity. I support the three-year lease extension as described in ERO Policy Proposal 019-0907. This lease extension should be granted automatically to all leaseholders. This time should be used to reach a permanent solution that will ensure the cottage community remains forever.  If a permanent solution is reached prior to the three-year deadline, I support it being completed as soon as possible.\n"
    },
    "38075": {
        "url": "/comment/38075",
        "comment": "I support the continuation of the Rondeau cottage community in perpetuity. I support the three-year lease extension as described in ERO Policy Proposal 019-0907. This lease extension should be granted automatically to all leaseholders. This time should be used to reach a permanent solution that will ensure the cottage community remains forever.  If a permanent solution is reached prior to the three-year deadline, I support it being implemented as soon as possible.\n"
    },
    "38079": {
        "url": "/comment/38079",
        "comment": "As an Ontario resident of over 60 years I have had ample opportunity to visit the shores of Rondeau frequently over the years.  It is a natural wonder!\nFriends of ours have had a cottage there for almost as long as I have been alive.   It has acted as a refuge for them and us and a place of countless happy memories.\nI urge you to let the cottages remain so that memories can continue to be made for many years to come.\n"
    },
    "38081": {
        "url": "/comment/38081",
        "comment": "I support the continuation of the Rondeau cottage community in perpetuity.\u00a0I support the three-year lease extension as described in ERO Policy Proposal\u00a0019-0907. This lease extension should be granted automatically to all leaseholders. This time should be used to reach a permanent\u00a0solution that will ensure the cottage community remains forever. \u00a0If a\u00a0permanent solution is reached prior to the three-year deadline, I support it\u00a0being implemented as soon as possible.\n"
    }
}