{
    "38010": {
        "url": "/comment/38010",
        "comment": "To whom it may concern:\nI support the continuation of the Rondeau cottage community in perpetuity. I support the three-year lease extension as described in ERO Policy Proposal 019-0907. This lease extension should be granted automatically to all leaseholders. This time should be used to reach a permanent solution that will ensure the cottage community remains forever.  If a permanent solution is reached prior to the three-year deadline, I support it being implemented as soon as possible.\nFrom my knowledge, existing indepent environmental impact studies have concluded that the cottages pose no significant risk to various protected species in Rondeau park.  Infact many cottages are providing shelter to some of the endangered lizards which make Rondeau their home.  The cottagers also spend more money in the local community.  Supporting the lease renewal will see many cottages final replacing their damaged roofs or older septic systems which will help the local Chatam Kent economy. Lastly, Rondeau Parks charter established the park as place for cottaging the removal of cottages violates the original park mandate.\nThank you for your time.\n"
    },
    "38011": {
        "url": "/comment/38011",
        "comment": "Our family has been at Rondeau for many years.  It has been a wonderful place especially for raising children.  The cottages owner have always been a main stay to keeping the park safe and natural.  Without them, the park and the surrounding community would not be a special place.  We need the 3 year extension in order to come up with a lasting solution for Rondeau to continue as a jewel in Chatham/Kent.\n"
    },
    "38012": {
        "url": "/comment/38012",
        "comment": "THIS IS SO IMPORTANT!! Please support the cottages.\nI support the continuation of the Rondeau cottage community in perpetuity. I support the three-year lease extension as described in ERO Policy Proposal 019-0907. This lease extension should be granted automatically to all leaseholders. This time should be used to reach a permanent solution that will ensure the cottage community remains forever.  If a permanent solution is reached prior to the three-year deadline, I support it being implemented as soon as possible.\n"
    },
    "38017": {
        "url": "/comment/38017",
        "comment": "I support the continuation of the Rondeau cottage community in perpetuity. I support the three-year lease extension as described in ERO Policy Proposal 019-0907. This lease extension should be granted automatically to all leaseholders. This time should be used to reach a permanent solution that will ensure the cottage community remains forever.  If a permanent solution is reached prior to the three-year deadline, I support it being implemented as soon as possible\n"
    },
    "38018": {
        "url": "/comment/38018",
        "comment": "My families Cottage in Rondeau Park has been thoroughly enjoyed by three generations of family members.  Recently a 4th generation has begun experiencing the joys of cottaging in Rondeau Park.\nFundamentally we wish to continue to utilize our family cottage as we have done so for the last 40+ years.  As a hub during the summer for bringing family together from all over South-West Ontario.\nLogically, I see no reason for the Provincial government to violate Rondeau's Charter which established Rondeau as location for cottaging all the way back in 1894.\nThe Cottagers support the local Chatham Kent community by shopping in their stores and hiring contractors for repairs.  Many cottagers have been putting off repairs to their property do to the Provincial Governments lack of commitment to a long and established community.\nThe Cottages also support the Ontario Parks department and Provincial government through their leases, buying park passes and now paying property tax on leased land.  My family buys at least 3 Park passes every year to support the coming and going to the cottages.\nIndependent environmental impact studies have concluded the cottages pose no significant risk to the many unique and endangered animals that also call Rondeau home.  The cottages make up less then 1% of all the land in the Rondeau Provincial park.   Many cottagers view the unique environment of Rondeau as something that should be protected and actively participate in the stewardship of this environment.\nUltimately, the Ontario Provincial Government should be attempting to establish a permanent solution in regards to Rondeau Provincial Park.  I think ultimately the Provincial Government should recognize the historic contribution the cottagers have played in Rodeau Park and the stewardship they have engaged in.  The Ontario Government should recognize the interests of Chatham Kent Government which has attempted to back and protect the Rondeau Cottages from continued dismantlement.\nUltimately I would like see the Ontario Provincial Government for once back the little guy.  The cottages of Rondeau are modest sometimes century old cottages.  They are often collectively owned/shared among family members from relatively modest backgrounds out of cities such as Windsor, Chatham and London.  Failure to support the continuation of Cottages in Rondeau is throwing away over 100 years of South Western Ontario history.\n"
    },
    "38020": {
        "url": "/comment/38020",
        "comment": "For over 60 years, our extended family has enjoyed Rondeau: first as visitors, then as cottagers. We support the continuation of the Rondeau cottage community in perpetuity. We support the three-year lease extension as described in ERO Policy Proposal 019-0907. This lease extension should be granted automatically to all leaseholders. This time should be used to reach a permanent solution that will ensure the cottage community remains forever.  If a permanent solution is reached prior to the three-year deadline, we support it being implemented as soon as possible. Thank You.\n"
    },
    "38022": {
        "url": "/comment/38022",
        "comment": "SUPPORT OF ERO 019-0907\nI whole heartedly support ERO 019-0907.   I support the three-year lease extension as described in ERO Policy Proposal 019-0907. This lease extension should be granted automatically to all leaseholders while during this time a longer extension agreement could be worked out.  If a permanent solution is reached prior to the three-year deadline, I support it being implemented as soon as possible.\"\n"
    },
    "38036": {
        "url": "/comment/38036",
        "comment": "I support the continuation of the Rondeau cottage community in perpetuity. I support the three-year lease extension as described in ERO PP 019-0907. This lease extension should be granted automatically to all leaseholders. This time should be used to reach a permanent solution that will ensure the cottage community remains forever.\n"
    },
    "38046": {
        "url": "/comment/38046",
        "comment": "I support ERO 019-0907\nYou know the history of Ontario Provincial Parks. Rondeau being the 2 nd park to be developed. It was to promote cottages and recreation.  Today there are OVER 330 Provincial Parks and they encompass more than 30,000 sq. miles. Rondeau is now a very small part of this picture, but has proven to be able to co-exhist with Nature for over 125 years. No Proof Otherwise.\nKeep the cottages in Rondeau, and maybe look at Cottages in Other Parks as well.\nRondeau Cottage lots take up LESS than 1% of the park but provide Habittat for many species.\nThank You.\n"
    }
}