{
    "39150": {
        "url": "/comment/39150",
        "comment": "I support the three-year lease extension as described in ERO Policy Proposal 019-0907. This new lease extension should be granted automatically to all leaseholders. This time should be used to reach a permanent solution that will ensure the cottage community remains forever. If a permanent solution is reached prior to the three-year deadline, I support it being implemented as soon as possible.\n"
    },
    "39151": {
        "url": "/comment/39151",
        "comment": "I support the three-year lease extension as described in ERO Policy Proposal 019-0907. This new lease extension should be granted automatically to all leaseholders. This time should be used to reach a permanent solution that will ensure the cottage community remains forever. If a permanent solution is reached prior to the three-year deadline, I support it being implemented as soon as possible.\n"
    },
    "39152": {
        "url": "/comment/39152",
        "comment": "I support the three-year lease extension as described in ERO Policy Proposal 019-0907. This new lease extension should be granted automatically to all leaseholders. This time should be used to reach a permanent solution that will ensure the cottage community remains forever. If a permanent solution is reached prior to the three-year deadline, I support it being implemented as soon as possible.\n"
    },
    "39153": {
        "url": "/comment/39153",
        "comment": "I support the three-year lease extension as described in ERO Policy Proposal 019-0907. This new lease extension should be granted automatically to all leaseholders. This time should be used to reach a permanent solution that will ensure the cottage community remains forever. If a permanent solution is reached prior to the three-year deadline, I support it being implemented as soon as possible.\n"
    },
    "39154": {
        "url": "/comment/39154",
        "comment": "I support the three-year lease extension as described in ERO Policy Proposal 019-0907. This new lease extension should be granted automatically to all leaseholders. This time should be used to reach a permanent solution that will ensure the cottage community remains forever. If a permanent solution is reached prior to the three-year deadline, I support it being implemented as soon as possible.\n"
    },
    "39155": {
        "url": "/comment/39155",
        "comment": "I support the three-year lease extension as described in ERO Policy Proposal 019-0907. This new lease extension should be granted automatically to all leaseholders. This time should be used to reach a permanent solution that will ensure the cottage community remains forever. If a permanent solution is reached prior to the three-year deadline, I support it being implemented as soon as possible.\n"
    },
    "39156": {
        "url": "/comment/39156",
        "comment": "I support the three-year lease extension as described in ERO Policy Proposal 019-0907. This new lease extension should be granted automatically to all leaseholders. This time should be used to reach a permanent solution that will ensure the cottage community remains forever. If a permanent solution is reached prior to the three-year deadline, I support it being implemented as soon as possible.\n"
    },
    "39157": {
        "url": "/comment/39157",
        "comment": "I support the three-year lease extension as described in ERO Policy Proposal 019-0907. This new lease extension should be granted automatically to all leaseholders. This time should be used to reach a permanent solution that will ensure the cottage community remains forever. If a permanent solution is reached prior to the three-year deadline, I support it being implemented as soon as possible.\n"
    },
    "39158": {
        "url": "/comment/39158",
        "comment": "I support the three-year lease extension as described in ERO Policy Proposal 019-0907. This new lease extension should be granted automatically to all leaseholders. This time should be used to reach a permanent solution that will ensure the cottage community remains forever. If a permanent solution is reached prior to the three-year deadline, I support it being implemented as soon as possible.\n"
    },
    "39159": {
        "url": "/comment/39159",
        "comment": "I support the three-year lease extension as described in ERO Policy Proposal 019-0907. This new lease extension should be granted automatically to all leaseholders. This time should be used to reach a permanent solution that will ensure the cottage community remains forever. If a permanent solution is reached prior to the three-year deadline, I support it being implemented as soon as possible.\n"
    },
    "39160": {
        "url": "/comment/39160",
        "comment": "I support the three-year lease extension as described in ERO Policy Proposal 019-0907. This new lease extension should be granted automatically to all leaseholders. This time should be used to reach a permanent solution that will ensure the cottage community remains forever. If a permanent solution is reached prior to the three-year deadline, I support it being implemented as soon as possible.\n"
    },
    "39161": {
        "url": "/comment/39161",
        "comment": "I support the continuation of the Rondeau cottage community in perpetuity. I support the three-year lease extension as described in ERO Policy Proposal 019-0907. This lease extension should be granted automatically to all leaseholders. This time should be used to reach a permanent solution that will ensure the cottage community remains forever.  If a permanent solution is reached prior to the three-year deadline, I support it being implemented as soon as possible.\n"
    },
    "39163": {
        "url": "/comment/39163",
        "comment": "I support the three-year lease extension as described in ERO Policy Proposal 019-0907. This new lease extension should be granted automatically to all leaseholders. This time should be used to reach a permanent solution that will ensure the cottage community remains forever. If a permanent solution is reached prior to the three-year deadline, I support it being implemented as soon as possible.\n"
    },
    "39164": {
        "url": "/comment/39164",
        "comment": "I support the three-year lease extension as described in ERO Policy Proposal 019-0907. This new lease extension should be granted automatically to all leaseholders. This time should be used to reach a permanent solution that will ensure the cottage community remains forever. If a permanent solution is reached prior to the three-year deadline, I support it being implemented as soon as possible.\n"
    },
    "39165": {
        "url": "/comment/39165",
        "comment": "I support the three-year lease extension as described in ERO Policy Proposal 019-0907. This new lease extension should be granted automatically to all leaseholders. This time should be used to reach a permanent solution that will ensure the cottage community remains forever. If a permanent solution is reached prior to the three-year deadline, I support it being implemented as soon as possible.\n"
    },
    "39166": {
        "url": "/comment/39166",
        "comment": "I support the three-year lease extension as described in ERO Policy Proposal 019-0907. This new lease extension should be granted automatically to all leaseholders. This time should be used to reach a permanent solution that will ensure the cottage community remains forever. If a permanent solution is reached prior to the three-year deadline, I support it being implemented as soon as possible.\n"
    },
    "39167": {
        "url": "/comment/39167",
        "comment": "I support the three-year lease extension as described in ERO Policy Proposal 019-0907. This new lease extension should be granted automatically to all leaseholders. This time should be used to reach a permanent solution that will ensure the cottage community remains forever. If a permanent solution is reached prior to the three-year deadline, I support it being implemented as soon as possible.\n"
    },
    "39168": {
        "url": "/comment/39168",
        "comment": "I support the three-year lease extension as described in ERO Policy Proposal 019-0907. This new lease extension should be granted automatically to all leaseholders. This time should be used to reach a permanent solution that will ensure the cottage community remains forever. If a permanent solution is reached prior to the three-year deadline, I support it being implemented as soon as possible.\n"
    },
    "39169": {
        "url": "/comment/39169",
        "comment": "I support the three-year lease extension as described in ERO Policy Proposal 019-0907. This new lease extension should be granted automatically to all leaseholders. This time should be used to reach a permanent solution that will ensure the cottage community remains forever. If a permanent solution is reached prior to the three-year deadline, I support it being implemented as soon as possible.\n"
    }
}