{
    "39210": {
        "url": "/comment/39210",
        "comment": "I support the three-year lease extension as described in ERO Policy Proposal 019-0907. This new lease extension should be granted automatically to all leaseholders. This time should be used to reach a permanent solution that will ensure the cottage community remains forever. If a permanent solution is reached prior to the three-year deadline, I support it being implemented as soon as possible.\n"
    },
    "39211": {
        "url": "/comment/39211",
        "comment": "I support the three-year lease extension as described in ERO Policy Proposal 019-0907. This new lease extension should be granted automatically to all leaseholders. This time should be used to reach a permanent solution that will ensure the cottage community remains forever. If a permanent solution is reached prior to the three-year deadline, I support it being implemented as soon as possible.\n"
    },
    "39212": {
        "url": "/comment/39212",
        "comment": "\"I support the three-year lease extension as described in ERO Policy Proposal 019-0907. This new lease extension should be granted automatically to all leaseholders. This time should be used to reach a permanent solution that will ensure the cottage community remains forever. If a permanent solution is reached prior to the three-year deadline, I support it being implemented as soon as possible.\u201d\n"
    },
    "39213": {
        "url": "/comment/39213",
        "comment": "I support the three-year lease extension as described in ERO Policy Proposal 019-0907. This new lease extension should be granted automatically to all leaseholders. This time should be used to reach a permanent solution that will ensure the cottage community remains forever. If a permanent solution is reached prior to the three-year deadline, I support it being implemented as soon as possible.\n"
    },
    "39214": {
        "url": "/comment/39214",
        "comment": "\"I support the three-year lease extension as described in ERO Policy Proposal 019-0907. This new lease extension should be granted automatically to all leaseholders. This time should be used to reach a permanent solution that will ensure the cottage community remains forever. If a permanent solution is reached prior to the three-year deadline, I support it being implemented as soon as possible.\u201d\n"
    },
    "39216": {
        "url": "/comment/39216",
        "comment": "I support the three-year lease extension as described in ERO Policy Proposal 019-0907. This new lease extension should be granted automatically to all leaseholders. This time should be used to reach a permanent solution that will ensure the cottage community remains forever. If a permanent solution is reached prior to the three-year deadline, I support it being implemented as soon as possible.\n"
    },
    "39220": {
        "url": "/comment/39220",
        "comment": "On behalf of the Wilderness Committee and our thousands of supporters across Ontario, I am writing to express opposition to the extension of cottage leases in Rondeau Provincial Park for the purpose of consulting on \u201cthe long-term occupation of cottage lots in Rondeau Provincial Park.\u201d For over 60 years the Government of Ontario has acknowledged the need to phase out private cottages in provincial protected areas, such as Rondeau Provincial Park. To now contemplate \u201clong-term occupation\u201d is unacceptable given Rondeau\u2019s exceptional biodiversity values and the known harm caused by the cottages and associated activities.\nAbandoning commitment to phase out Rondeau cottages\nIn 1954, when the Government of Ontario passed the Provincial Parks Act, it reversed its policy of supporting private cottaging in provincial parks. Accordingly, in 1960, it announced that existing cottage leases in Rondeau, once they expired, would not be extended beyond 21 years. There were several subsequent extensions of the expiry dates, however, including most recently to December 31, 2019. The purpose of the current proposal, which is to provide three years to consult on \u201cthe long-term occupation of cottage lots in Rondeau Provincial Park,\u201d suggests that the government intends to step away from its long-standing commitment to phase out the cottages and is targeting long-term occupation instead. Yet the ERO posting provides no rationale or evidence to support this dramatic reversal in policy direction.\nNor has the Ministry of Environment, Conservation and Parks (MECP) provided any information on the long-term options it is considering. Sale of the cottages is one of the rumoured options, another being the granting of 99-year leases. Regardless, long-term occupation in any form is bad news for Rondeau and the people of Ontario for the reasons outlined below.\nJeopardizing Rondeau\u2019s exceptional biodiversity values\nRondeau is renowned for its exceptional biodiversity which includes rare dune, prairie and savannah ecosystems (12 of which are critically imperiled and seven of which are provincially significant), a provincially significant wetland, and the largest remaining tract of deciduous forest in Carolinian Canada. These ecosystems provide habitat for over 80 species at risk, the highest of any Ontario Provincial Park, including prothonotary warbler, Fowler\u2019s toad, five-lined skink, spotted gar and nodding pogonia (one of only two locations in Canada for this endangered wildflower). Over 300 nationally, provincially or locally significant plant species, and over 1,700 insect species \u2013 many of which are found in only a few places in Ontario \u2013 are also among its inhabitants.\nRondeau is located on a cuspate sand spit, a provincially significant earth science feature found nowhere else in Canada. The park is also a globally and nationally significant Important Bird Area and a provincially significant life and earth science Area of Natural and Scientific Interest (ANSI). It is situated in Chatham-Kent, which has only about four percent natural cover remaining - less than any other upper tier municipality in Ontario. The need to put nature first in this small, unique and extremely biodiverse Provincial Park could not be more obvious.\nContravening dedication of Provincial Parks to the people of Ontario\nOntario\u2019s provincial parks are dedicated to the public:\nParks dedicated to the public\n6. Ontario\u2019s provincial parks and conservation reserves are dedicated to the people of Ontario and visitors for their inspiration, education, health, recreational enjoyment and other benefits with the intention that these areas shall be managed to maintain their ecological integrity and to leave them unimpaired for future generations.  (Provincial Parks and Conservation Reserves Act, 2005, sec. 6)\nEveryone should have equal access to the many benefits they provide, not just privileged cottagers. Yet the cottages occupy 67 percent of the park\u2019s Lake Erie shoreline. Long-term occupation means long-term denial of public access to and enjoyment of these areas.\nNegative Impacts of cottages:\nMore importantly, long-term occupation will mean continued negative impacts to the park\u2019s wildlife and ecosystems. According to a 2017 environmental assessment (Category B project under A Class Environmental Assessment for Provincial Parks and Conservation Reserves) the private cottages are not only causing harm to species at risk and rare vegetation communities, but are also leading to elevated concentrations of phosphorous and nitrates in groundwater, the release of contaminants in soils and sediments, and erosion. These negative impacts are the result of cottage structures, vegetation removal and mowing, foot paths, road mortality, invasive species introduction, pets (dogs and cats) and more. Long-term occupation thus contravenes the legal duty to manage the park so as to leave it unimpaired for future generations.\nConclusion\nThe need to put nature first in this small and extremely biodiverse protected area could not be more obvious. The proposal for long-term occupation of the park runs contrary to the guiding management principle for Ontario\u2019s Provincial Parks, which is to maintain ecological integrity.\n3. The following principles shall guide all aspects of the planning and management of Ontario\u2019s system of provincial parks and conservation reserves:\n1. Maintenance of ecological integrity shall be the first priority and the restoration of ecological integrity shall be considered.\n(Provincial Parks and Conservation Reserves Act, 2005, sec. 3)\nWe do not support the three-year extension of the cottage leases, especially for the purpose of consulting on long-term occupation. Government consultations on this issue have been going on for almost 10 years, and it is time the government honoured its long-standing commitment to bring the leases to an end and turned its attention to restoring and maintaining ecological integrity in Rondeau Provincial Park.\n"
    },
    "39228": {
        "url": "/comment/39228",
        "comment": "I SUPPORT ERO 019-0907\nI support the continuation of the Rondeau cottage community. I support the three-year lease extension as described in ERO Policy Proposal 019-0907. This lease extension should be granted automatically to all leaseholders. This time should be used to reach a permanent solution that will ensure the cottage community remains forever.  If a permanent solution is reached prior to the three-year deadline, I support it being implemented as soon as possible.\nThank you\n"
    },
    "39229": {
        "url": "/comment/39229",
        "comment": "I support ERO 019-0907\nI support the three year lease extension for Rondeau Provincial Park cottagers so that a permanent agreement can be reached for the long-term tenure of the leaseholders. The Rondeau cottage community is a long-time vibrant existence, they care for the wellbeing of the Park.\nThank you\n"
    },
    "39230": {
        "url": "/comment/39230",
        "comment": "I support ERO 019-0907\nI support the three year lease extension for Rondeau Provincial Park cottagers so that a permanent agreement can be reached for the long-term tenure of the leaseholders. The Rondeau cottage community is a long-time vibrant existence, they care for the well-being of the Park.\nThank you\n"
    },
    "39232": {
        "url": "/comment/39232",
        "comment": "I support ERO 019-0907\nI support the three-year lease extension for Rondeau Provincial Park cottagers so that a permanent agreement can be reached for the long-term tenure of the leaseholders. The Rondeau cottage community is a long-time vibrant existence, they care for the well-being of the Park.\n"
    }
}