{
    "37364": {
        "url": "/comment/37364",
        "comment": "I wholly support the cottages remain in Rondeau park forever! I also support the three-year lease extension as described in ERO Policy Proposal 019-0907 and would hope this lease extension  be granted automatically to all existing leaseholders. This time should be used to reach a permanent solution that will ensure the cottage community remains forever.  If a permanent solution is reached before the three-year deadline, I support it being implemented as soon as possible.\nThanks!\n"
    },
    "37376": {
        "url": "/comment/37376",
        "comment": "I fully support extending the leases on Rondeau cottages, now and in perpetuity. I've had the privilege of being a regular guest at a cottage in Rondeau, and it's made it possible to have weekend visits to this incredible park year round. The cottage owners are vocal advocates for the value and beauty of Rondeau. I would never have gone cross-country skiing, biking, birdwatching around this park if I hadn't been invited by a cottager. I love Rondeau now and want to be able to keep coming back and supporting this park year after year. The cottages make it accessible year round and to those of us who are farther away.\n"
    },
    "37384": {
        "url": "/comment/37384",
        "comment": "I support the continuation of the Rondeau cottage community in perpetuity.  I support the three-year lease extension as described in ERO Policy Proposal 019-0907. This lease extension should be granted automatically to all existing leaseholders. This time should be used to reach a permanent solution that will ensure the cottage community remains forever.  If a permanent solution is reached prior to the three-year deadline, I support it being implemented as soon as possible.\n"
    },
    "37402": {
        "url": "/comment/37402",
        "comment": "I have tried to register online, but it is not working so I need to use this to comment on the Rondeau Provincial Park lease extension.\nI am a cottager and am happy to see a 3 year extension on the current lease. Hopefully this will allow a permanent solution to be found for the cottagers (that we can afford and that will satisfy all steakholders involved). We love our cottage and the atmosphere at Rondeau and would like to continue to stay and enjoy our natural oasis.\n"
    },
    "37406": {
        "url": "/comment/37406",
        "comment": "I support the continuation of the Rondeau cottage community in perpetuity.  I support the three-year lease extension as described in ERO Policy Proposal 019-0907. This lease extension should be granted automatically to all existing leaseholders. This time should be used to reach a permanent solution that will ensure the cottage community remains forever.  If a permanent solution is reached prior to the three-year deadline, I support it being implemented as soon as possible.\n"
    },
    "37416": {
        "url": "/comment/37416",
        "comment": "Yes the cottages should say in Rondeau Park They have been there as long as Rondeau has been a Provincial park 3 years is a start but a long term and permanent  solution needs to be completed sooner than later.It should not take 3 years to complete .\n"
    },
    "37417": {
        "url": "/comment/37417",
        "comment": "\"I support the continuation of the Rondeau cottage community in perpetuity. I support the three-year lease extension as described in ERO Policy Proposal 019-0907. This lease extension should be granted automatically to all leaseholders. This time should be used to reach a permanent solution that will ensure the cottage community remains forever.  If a permanent solution is reached prior to the three-year deadline, I support it being implemented as soon as possible.\"\n"
    }
}