{
    "39046": {
        "url": "/comment/39046",
        "comment": "A three year extension of Rondeau Park leases, as per ERO Policy Proposal 019-0907 is a positive step that I  support. The cottagers have been a force for good in the park for many years, and this extension should be granted to all leaseholders. This extension time should be used to reach a permanent, fair solution to ensure the cottage community remains.\n"
    },
    "39048": {
        "url": "/comment/39048",
        "comment": "I support the proposed three year extension for leases in Rondeau Park, as outlined in ERO Policy Proposal 019-0907. This extension should be offered to all leaseholders at this time. A permanent cottage community is a valuable resource to the local community, and to the environment, as leaseholders have an abiding love for the Rondeau ecosystem.\n"
    },
    "39049": {
        "url": "/comment/39049",
        "comment": "I support the three-year lease extension as described in ERO Policy Proposal 019-0907. This new lease extension should be granted automatically to all leaseholders. This time should be used to reach a permanent solution that will ensure the cottage community remains forever. If a permanent solution is reached prior to the three-year deadline, I support it being implemented as soon as possible.\n"
    },
    "39054": {
        "url": "/comment/39054",
        "comment": "I support the three-year lease extension as described in ERO Policy Proposal 019-0907. This new lease extension should be granted automatically to all leaseholders. This time should be used to reach a permanent solution that will ensure the cottage community remains forever. If a permanent solution is reached prior to the three-year deadline, I support it being implemented as soon as possible.\n"
    },
    "39056": {
        "url": "/comment/39056",
        "comment": "I support ERO 019-0907\nI support the three year lease extension for Rondeau Provincial Park cottagers so that a permanent agreement can be reached for the long-term tenure of the leaseholders. The Rondeau cottage community is a long-time vibrant existence, they care for the well-being of the Park.\n"
    },
    "39059": {
        "url": "/comment/39059",
        "comment": "I SUPPORT ERO 019-0907\nI support the continuation of the Rondeau cottage community. I support the three-year lease extension as described in ERO Policy Proposal 019-0907. This lease extension should be granted automatically to all leaseholders. This time should be used to reach a permanent solution that will ensure the cottage community remains forever.  If a permanent solution is reached prior to the three-year deadline, I support it being implemented as soon as possible.\nThank you\n"
    },
    "39061": {
        "url": "/comment/39061",
        "comment": "I fully agree with the continuation of the Rondeau Cottage Community, as originally conceived. I also support the 3-year lease extension as noted in ERO Policy Proposal 019-0907. The proposed lease extension should be implemented automatically to all leaseholders while reaching a permanent solution, that ensures the Cottage Community remains forever. When the permanent solution for Rondeau Provincial Park cottaging is determined, I support immediate implementation.\n"
    },
    "39062": {
        "url": "/comment/39062",
        "comment": "I support ERO 019-0907 and the proposed lease extension of heritage cottages in Rondeau Provincial Park.\nSince 1894, when lots were first surveyed, cottaging has been a part of the rondeau Park community. The cottages take great pride in the park, actively promoting the betterment of the park, protecting, preserving and promoting Rondeau\u2019s natural and historical environment. I support the continuation of the Rondeau Cottage Community, they are excellent stewards of the park.\nThank you\n"
    },
    "39064": {
        "url": "/comment/39064",
        "comment": "I SUPPORT ERO 019-0907\nI very much support the long term tenure of the Rondeau Cottage Community. I support the 3-year lease extension as described in ERO Policy Proposal 019-0907, but hope that a permanent solution is reached before then. This lease extension should be granted automatically to all existing leaseholders who are excellent stewards of Rondeau Provincial Park. This time should be used to reach a permanent solution that will ensure the cottage community remains forever. If a permanent solution is reached prior to the 3-year deadline, I support it being implemented as soon as possible. Thank you.\n"
    },
    "39066": {
        "url": "/comment/39066",
        "comment": "I support ERO 019-0907 and the lease extension for cottagers at Rondeau Provincial Park.\nI have been spending my summers at the cottage for over 30 years and this has become a staple for our family traditions. We respect and appreciate the natural environment and love having a quiet place to enjoy the natural habitat and create memories as a family.\n"
    }
}