{
    "36642": {
        "url": "/comment/36642",
        "comment": "I support the continuation of the Rondeau cottage community ..  I support the three-year lease extension. This lease extension should be granted automatically to all existing leaseholders. This time should be used to reach a permanent solution that will ensure the cottage community remains forever.  If a permanent solution is reached prior to the three-year deadline, I support it being implemented as soon as possible.\n"
    },
    "36644": {
        "url": "/comment/36644",
        "comment": "Yes the cottage leases need to be extended, and a permanent solution needs to be implemented once and for all.\n"
    },
    "36646": {
        "url": "/comment/36646",
        "comment": "I support the leases in Rondeau park being extended for the 3 year term and I agree a permeate solution needs to be created for the continuation of the cottage community  in Rondeau as its the heritage of the park. I also believe the Leases should just be extended rather that a new lease being signed by all lease holders as lease holders are spread out all over the Country and in the United States with such  a short time frame they have be Given\n"
    },
    "36647": {
        "url": "/comment/36647",
        "comment": "I support the continuation of the Rondeau cottage community in perpetuity.  I support the three-year lease extension as described in ERO Policy Proposal 019-0907. This lease extension should be granted automatically to all existing leaseholders. This time should be used to reach a permanent solution that will ensure the cottage community remains forever.  If a permanent solution is reached prior to the three-year deadline, I support it being implemented as soon as possible.\n"
    },
    "36649": {
        "url": "/comment/36649",
        "comment": "I support the 3 year extension of cottage leases in rondeau park and I agree a permanent  solution needs to be found for the cottage leases the cottages founded the park over 100 years ago they are the history of the park\n"
    },
    "36653": {
        "url": "/comment/36653",
        "comment": "Rondeau Provincial Park\nI support the continuation of the Rondeau Park cottage community in perpetuity.\nI support the lease extension as found in ERO Policy Proposal 019-0907.\nI see no value added in requesting a signature for this extension but rather believe an immediate granting to existing leaseholders more appropriate.  The time (and money) saved would be better used to reach a permanent solution that will ensure the cottage community remains forever.\nIf a permanent solution is reached prior to the three-year deadline, I support it being implemented as soon as possible.\n"
    },
    "36659": {
        "url": "/comment/36659",
        "comment": "I support the continuation of the Rondeau cottage community in perpetuity.  I support the three-year lease extension as described in ERO Policy Proposal 019-0907. This lease extension should be granted automatically to all existing leaseholders. This time should be used to reach a permanent solution that will ensure the cottage community remains forever.  If a permanent solution is reached prior to the three-year deadline, I support it being implemented as soon as possible.\n"
    },
    "36665": {
        "url": "/comment/36665",
        "comment": "I support the continuation of the Rondeau cottage community in perpetuity.  I support the three-year lease extension as described in ERO Policy Proposal 019-0907. This lease extension should be granted automatically to all existing leaseholders. This time should be used to reach a permanent solution that will ensure the cottage community remains forever.  If a permanent solution is reached prior to the three-year deadline, I support it being implemented as soon as possible.\n"
    },
    "36668": {
        "url": "/comment/36668",
        "comment": "I support the continuation of the Rondeau cottage community in perpetuity.  I support the three-year lease extension as described in ERO Policy Proposal 019-0907. This lease extension should be granted automatically to all existing leaseholders. This time should be used to reach a permanent solution that will ensure the cottage community remains forever.  If a permanent solution is reached prior to the three-year deadline, I support it being implemented as soon as possible.\n"
    },
    "36675": {
        "url": "/comment/36675",
        "comment": "As a cottager who has enjoyed the advantages of Rondeau for 30 years, I am in favour of the lease extension and strongly in favour of a rapid and permanent solution for long term occupation of cottage lots in Rondeau Park. The allocation of a three year extension should be used to reach a permanent solution to ensure that the cottage community remains forever.  If a permanent solution is reached prior to the three year extension deadline, I support it being implemented as soon as possible,\n"
    }
}