{
    "38397": {
        "url": "/comment/38397",
        "comment": "Extending private leases and their harm to imperiled species and ecosystems during an extinction crisis is unacceptable. Provincial Parks are meant to protect wildlife, natural environments, and be available to all citizens for light, temporary recreation. Several hundred private and privileged elite do not have more rights than do wildlife or the majority of Canadian/Ontario citizens. There have been enough extensions, delays and stalling. Please end these leases now and return the land to a natural state.\n"
    },
    "38398": {
        "url": "/comment/38398",
        "comment": "A short-term extension of the Rondeau cottage leases is necessary and inevitable given the government\u2019s lack of action on a long-term solution since the last extension. The cottage community has existed for a century and was in fact one of the pillars supporting the creation of the park. Cottagers have proven to be responsible stewards of the park, much more than so many in the transient community of campers who use the park as a party destination or a trailer park. As cottagers who live near the campground, we have seen many first-hand examples of campers who do not treat the ecosystem of the park with nearly as much respect as the cottagers. It would be an illusion to say that the removal of the cottages, which occupy such a small percentage of the Rondeau lands, would be a positive step for the environment. The environmental impact of all of the deconstruction and waste that removal would require would be significant, and would far outweigh the environmental impact of keeping the cottages with their responsible caretakers. Ontario Parks has been excellent at ensuring that the cottagers act in ways that promote the delicate ecosystem, and they will continue to do that until the long-term solution is found.\n"
    },
    "38401": {
        "url": "/comment/38401",
        "comment": "I support ERO 19-097. A short-term extension of the Rondeau cottage leases is necessary and inevitable given the government\u2019s lack of action on a long-term solution since the last extension. The cottage community has existed for a century and was in fact one of the pillars supporting the creation of the park. Cottagers have proven to be responsible stewards of the park, much more than so many in the transient community of campers who use the park as a party destination or a trailer park. As cottagers who live near the campground, we have seen many first-hand examples of campers who do not treat the ecosystem of the park with nearly as much respect as the cottagers. It would be an illusion to say that the removal of the cottages, which occupy such a small percentage of the Rondeau lands, would be a positive step for the environment. The environmental impact of all of the deconstruction and waste that removal would require would be significant, and would far outweigh the environmental impact of keeping the cottages with their responsible caretakers. Ontario Parks has been excellent at ensuring that the cottagers act in ways that promote the delicate ecosystem, and they will continue to do that until the long-term solution is found.\n"
    },
    "38405": {
        "url": "/comment/38405",
        "comment": "I support the continuation of the Rondeau cottage community in perpetuity. I support the three-year lease extension as described in ERO Policy Proposal 019-0907. This lease extension should be granted automatically to all leaseholders. This time should be used to reach a permanent solution that will ensure the cottage community remains forever.  If a permanent solution is reached prior to the three-year deadline, I support it being implemented as soon as possible\n"
    },
    "38406": {
        "url": "/comment/38406",
        "comment": "I support the continuation of the Rondeau cottage community in perpetuity. I support the three-year lease extension as described in ERO Policy Proposal 019-0907. This lease extension should be granted automatically to all leaseholders. This time should be used to reach a permanent solution that will ensure the cottage community remains forever.  If a permanent solution is reached prior to the three-year deadline, I support it being implemented as soon as possible.\n"
    },
    "38407": {
        "url": "/comment/38407",
        "comment": "I support the continuation of the Rondeau cottage community in perpetuity. I support the three-year lease extension as described in ERO Policy Proposal 019-0907. This lease extension should be granted automatically to all leaseholders. This time should be used to reach a permanent solution that will ensure the cottage community remains forever.  If a permanent solution is reached prior to the three-year deadline, I support it being implemented as soon as possible.\n"
    },
    "38408": {
        "url": "/comment/38408",
        "comment": "I support the continuation of the Rondeau cottage community in perpetuity. I support the three-year lease extension as described in ERO Policy Proposal 019-0907. This lease extension should be granted automatically to all leaseholders. This time should be used to reach a permanent solution that will ensure the cottage community remains forever.  If a permanent solution is reached prior to the three-year deadline, I support it being implemented as soon as possible.\n"
    },
    "38409": {
        "url": "/comment/38409",
        "comment": "I support the continuation of the Rondeau cottage community in perpetuity. I support the three-year lease extension as described in ERO Policy Proposal 019-0907. This lease extension should be granted automatically to all leaseholders. This time should be used to reach a permanent solution that will ensure the cottage community remains forever.  If a permanent solution is reached prior to the three-year deadline, I support it being implemented as soon as possible.\n"
    },
    "38410": {
        "url": "/comment/38410",
        "comment": "I support the continuation of the Rondeau cottage community in perpetuity. I support the three-year lease extension as described in ERO Policy Proposal 019-0907. This lease extension should be granted automatically to all leaseholders. This time should be used to reach a permanent solution that will ensure the cottage community remains forever.  If a permanent solution is reached prior to the three-year deadline, I support it being implemented as soon as possible.\n"
    },
    "38411": {
        "url": "/comment/38411",
        "comment": "I support the continuation of the Rondeau cottage community in perpetuity. I support the three-year lease extension as described in ERO Policy Proposal 019-0907. This lease extension should be granted automatically to all leaseholders. This time should be used to reach a permanent solution that will ensure the cottage community remains forever.  If a permanent solution is reached prior to the three-year deadline, I support it being implemented as soon as possible.\n"
    },
    "38412": {
        "url": "/comment/38412",
        "comment": "I support the continuation of the Rondeau cottage community in perpetuity. I support the three-year lease extension as described in ERO Policy Proposal 019-0907. This lease extension should be granted automatically to all leaseholders. This time should be used to reach a permanent solution that will ensure the cottage community remains forever.  If a permanent solution is reached prior to the three-year deadline, I support it being implemented as soon as possible.\n"
    },
    "38413": {
        "url": "/comment/38413",
        "comment": "I support the continuation of the Rondeau cottage community in perpetuity. I support the three-year lease extension as described in ERO Policy Proposal 019-0907. This lease extension should be granted automatically to all leaseholders. This time should be used to reach a permanent solution that will ensure the cottage community remains forever.  If a permanent solution is reached prior to the three-year deadline, I support it being implemented as soon as possible.\n"
    },
    "38415": {
        "url": "/comment/38415",
        "comment": "\"I support the continuation of the Rondeau cottage community in perpetuity. I support the three-year lease extension as described in ERO Policy Proposal 019-0907. This lease extension should be granted automatically to all leaseholders. This time should be used to reach a permanent solution that will ensure the cottage community remains forever.  If a permanent solution is reached prior to the three-year deadline, I support it being implemented as soon as possible.\"\n"
    },
    "38416": {
        "url": "/comment/38416",
        "comment": "\"I support the continuation of the Rondeau cottage community in perpetuity. I support the three-year lease extension as described in ERO Policy Proposal 019-0907. This lease extension should be granted automatically to all leaseholders. This time should be used to reach a permanent solution that will ensure the cottage community remains forever.  If a permanent solution is reached prior to the three-year deadline, I support it being implemented as soon as possible.\"\n"
    },
    "38417": {
        "url": "/comment/38417",
        "comment": "\"I support the continuation of the Rondeau cottage community in perpetuity. I support the three-year lease extension as described in ERO Policy Proposal 019-0907. This lease extension should be granted automatically to all leaseholders. This time should be used to reach a permanent solution that will ensure the cottage community remains forever.  If a permanent solution is reached prior to the three-year deadline, I support it being implemented as soon as possible.\"\n"
    },
    "38418": {
        "url": "/comment/38418",
        "comment": "\"I support the continuation of the Rondeau cottage community in perpetuity. I support the three-year lease extension as described in ERO Policy Proposal 019-0907. This lease extension should be granted automatically to all leaseholders. This time should be used to reach a permanent solution that will ensure the cottage community remains forever.  If a permanent solution is reached prior to the three-year deadline, I support it being implemented as soon as possible.\"\n"
    },
    "38419": {
        "url": "/comment/38419",
        "comment": "\"I support the continuation of the Rondeau cottage community in perpetuity. I support the three-year lease extension as described in ERO Policy Proposal 019-0907. This lease extension should be granted automatically to all leaseholders. This time should be used to reach a permanent solution that will ensure the cottage community remains forever.  If a permanent solution is reached prior to the three-year deadline, I support it being implemented as soon as possible.\"\n"
    },
    "38420": {
        "url": "/comment/38420",
        "comment": "\"I support the continuation of the Rondeau cottage community in perpetuity. I support the three-year lease extension as described in ERO Policy Proposal 019-0907. This lease extension should be granted automatically to all leaseholders. This time should be used to reach a permanent solution that will ensure the cottage community remains forever.  If a permanent solution is reached prior to the three-year deadline, I support it being implemented as soon as possible.\"\n"
    }
}