{
    "38229": {
        "url": "/comment/38229",
        "comment": "I support the continuation of the Rondeau cottage community in perpetuity. I support the three-year lease extension as described in ERO Policy Proposal 019-0907. This lease extension should be granted automatically to all leaseholders. This time should be used to reach a permanent solution that will ensure the cottage community remains forever.  If a permanent solution is reached prior to the three-year deadline, I support it being implemented as soon as possible.\n"
    },
    "38231": {
        "url": "/comment/38231",
        "comment": "I am in fovour of offering the Rondeau Park Leaseholders an extension of their lease. I aslo encourage the Ministry to determine a long term solution that will allow the cottages to remain in the park and provide much needed increased certainty to the cottage community and the local municipality. I am concerned about the environmental impact of removing the cottage buildings from the park.\n"
    },
    "38232": {
        "url": "/comment/38232",
        "comment": "I SUPPORT ERO 019-0907.\nI support the continuation of the Rondeau cottage community in perpetuity. I support the three-year lease extension as described in ERO Policy Proposal 019-0907. This lease extension should be granted automatically to all leaseholders.\nThis time should be used to reach a permanent solution that will ensure the cottage community remains forever.  If a permanent solution is reached prior to the three-year deadline, I support it being implemented as soon as possible.\nThank you\n"
    },
    "38237": {
        "url": "/comment/38237",
        "comment": "\"I support the continuation of the Rondeau cottage community in perpetuity. I support the three-year lease extension as described in ERO Policy Proposal 019-0907. This lease extension should be granted automatically to all leaseholders. This time should be used to reach a permanent solution that will ensure the cottage community remains forever.  If a permanent solution is reached prior to the three-year deadline, I support it being implemented as soon as possible.\"\n"
    },
    "38240": {
        "url": "/comment/38240",
        "comment": "support the continuation of the Rondeau cottage community in perpetuity.  I support the three-year lease extension as described in ERO Policy Proposal 019-0907. This lease extension should be granted automatically to all existing leaseholders. This time should be used to reach a permanent solution that will ensure the cottage community remains forever.  If a permanent solution is reached prior to the three-year deadline, I support it being implemented as soon as possible.\n"
    },
    "38241": {
        "url": "/comment/38241",
        "comment": "I support the continuation of the Rondeau cottage community in perpetuity.  I support the three-year lease extension as described in ERO Policy Proposal 019-0907. This lease extension should be granted automatically to all existing leaseholders. This time should be used to reach a permanent solution that will ensure the cottage community remains forever.  If a permanent solution is reached prior to the three-year deadline, I support it being implemented as soon as possible.\n"
    },
    "38242": {
        "url": "/comment/38242",
        "comment": "I support the continuation of the Rondeau cottage community in perpetuity.  I support the three-year lease extension as described in ERO Policy Proposal 019-0907. This lease extension should be granted automatically to all existing leaseholders. This time should be used to reach a permanent solution that will ensure the cottage community remains forever.  If a permanent solution is reached prior to the three-year deadline, I support it being implemented as soon as possible.\n"
    },
    "38243": {
        "url": "/comment/38243",
        "comment": "Cottage owners at Rondeau Provincial Park provide thousands of dollars to the park, store, taxes & upkeep. They have been there long before campers were. They have proven over decades to be an asset, not a problem. Why the government wants to remove them is beyond us & simply not fair. We will never go to another Provincial Park. Rondeau is our home. This fight is tiresome & costly. Just leave the cottagers alone unless you want an empty park. Stop thinking about the almighty dollar, for once. These are people's lives & heritage. My father has had our cottage for 80 years & his father before that. This is so sad. Be fair to those who care & love Rondeau.\n"
    },
    "38244": {
        "url": "/comment/38244",
        "comment": "I support the continuation of the Rondeau cottage community.   I support the three-year lease extension as described in ERO Policy Proposal 019-0907.   The extension should be automatically granted to current leaseholders and this time should be used to reach a permanent solution that will ensure the cottage community remains to support the park and the surrounding communities.  I support permanent solution that assures the cottage community is able to continue to support the local communities and businesses.\n"
    }
}