{
    "36709": {
        "url": "/comment/36709",
        "comment": "I support the continuation of the Rondeau cottage community for all..  I support the three-year lease extension as described in ERO Policy Proposal 019-0907. This lease extension should be granted as soon as possible and automatically extended to all existing leaseholders. This time should be used to reach a permanent and fair solution that will ensure the cottage community remains forever.  If a permanent solution is reached prior to the three-year deadline, I support it being implemented as soon as possible\n"
    },
    "36713": {
        "url": "/comment/36713",
        "comment": "I support the continuation of the Rondeau cottage community in perpetuity.\nI support the three-year lease extension as described in ERO Policy Proposal 019-0907. This lease extension should be granted automatically to all existing leaseholders.\nIn addition, this three year window for consultation, should be used to reach a permanent solution that will ensure the cottage community remains forever.  If a permanent solution is reached prior to the three-year deadline, I support it being implemented as soon as possible.\n"
    },
    "36715": {
        "url": "/comment/36715",
        "comment": "I support long term extension of leases in Rondeau Park for Cottaging purposes.\nNot sure why the MNR is handling the extension as poorly as they are given the history of the park, importance of the cottagers to the local community and minimal footprint cottagers actually have in the park. If the MNR was interested in preserving the Rondeau Bay basin, why not leave the cottagers alone and work with preserving conservation spots around the bay such as the area across from the Summer  Place marina.\n"
    },
    "36718": {
        "url": "/comment/36718",
        "comment": "I very much support the long term tenure of the Rondeau Cottage Community. I support the 3-year lease extension as described in ERO Policy Proposal 019-0907, but hope that a permanent solution is reached before then. This lease extension should be granted automatically to all existing leaseholders who are excellent stewards of Rondeau Provincial Park. This time should be used to reach a permanent solution that will ensure the cottage community remains forever. If a permanent solution is reached prior to the 3-year deadline, I support it being implemented as soon as possible. Thank you.\n"
    },
    "36721": {
        "url": "/comment/36721",
        "comment": "Please accept the following in support of the 3-year lease extension as set forth in ERO Policy Proposal 019-0907 for the Cottagers in Rondeau Provincial Park.  More importantly, it is my strong belief that the cottage leases, which have been on the subject of years of ongoing negotiations, should be automatically extended on a permanent basis.   The Cottager are, without question, the most reliable, concerned, and proactive partners and stakeholders in the well-being of Rondeau and its continued sustainability.  Working together with the Cottager\u2019s on a permanent, workable resolution should be the top-priority of all parties.\n"
    },
    "36722": {
        "url": "/comment/36722",
        "comment": "Subject ERO#--019-0907\nPlease be informed that I am in favor of a 3 year extension to allow Cottages to remain in\nRondeau Park.  In addition this extension, I support a long term solution also allowing\nCottagers to be an integral part of the parks future existence.  Past and present use of\nthe park has and should include the permanent residency of the Cottagers, they are the\ntrue stewards of the parks future and betterment.\n"
    },
    "36724": {
        "url": "/comment/36724",
        "comment": "I support the 3 year extension with the goal of a permanent solution that allows the cottages to remain in Rondeau Provincial Park permanently. The extension should be automatically extending the last signed agreement of the leaseholders. It should not require the additional cost involved in signing a new agreement.\n"
    },
    "36727": {
        "url": "/comment/36727",
        "comment": "I strongly support the three year extension of the Rondeau Cottage Community described in ERO Policy Proposal 019-0907.  I support all existing lease holders being granted this extension and that this time be used to finalize a permanent solution ensuring the cottage community remains forever.  If such a permanent solution is reached I support it being implemented ASAP.  I hope the cottagers can continue their stewardship of the park lands and their support of the surrounding communities.\n"
    },
    "36735": {
        "url": "/comment/36735",
        "comment": "Folks - you really need to get on with this and set forth a reasonable and permanent solution.  This constant churn and waste of government resources should be a source of embarrassment for all those involved both past and present.  When people complain about bureaucracy, this is exactly what they are complaining about.\nPlease put forth a reasonable and permanent offer, and please move on to more pressing and important issues.\n"
    },
    "36744": {
        "url": "/comment/36744",
        "comment": "I support the continuation of the Rondeau cottage community in perpetuity.  I support the three-year lease extension as described in ERO Policy Proposal 019-0907. This lease extension should be granted automatically to all existing leaseholders. This time should be used to reach a permanent solution that will ensure the cottage community remains forever.  If a permanent solution is reached prior to the three-year deadline, I support it being implemented as soon as possible.\n"
    },
    "36747": {
        "url": "/comment/36747",
        "comment": "I support the continuation of the Rondeau cottage community and therefore support this proposal to extend the leases for an interim 3 year period while a permanent solution is concluded. The Rondeau cottage community is a true cultural and environmental jewel and the community has co existed with nature for over 100 years. This 3 year extension will allow for the conclusion for a permanent solution to be arrived at that will be a win win for all stakeholders.\n"
    },
    "36749": {
        "url": "/comment/36749",
        "comment": "As a member of the Rondeau cottage community, I support the three-year lease extension as described in ERO Policy Proposal 019-0907. This lease extension should be granted automatically to all existing leaseholders. This time should be used to reach a permanent solution that will ensure the cottage community remains forever.  If a permanent solution is reached prior to the three-year deadline, I support it being implemented as soon as possible.\n"
    },
    "36751": {
        "url": "/comment/36751",
        "comment": "I have been to Rondeau and I know the cottagers and they add a great deal to the experience of the park. I support the continuation of the Rondeau cottage community for the long term future. I also support the three-year lease extension as described in ERO Policy Proposal 019-0907.\nThe lease extension should be granted automatically to all existing leaseholders as many are snow birds and not local .\nThey need a  permanent solution that will ensure the cottage community remains forever.  If a permanent solution is reached prior to the three-year deadline, I am in favour of  it being implemented as soon as possible.\n"
    },
    "36752": {
        "url": "/comment/36752",
        "comment": "My family has been a cottager in Rondeau since the late 1970s and we very much support the continuation of the cottage leases in Rondeau Provincial Park.  If we need 3 years to finalize the lease agreement, then I am in favour of taking the time to get it right.\nRondeau was my second home growing up and is now a second home for my three children and has been a welcoming community to us, our extended family and countless friends over the years.  We believe that as cottagers, we are stewards of the park and ensure that everyone that visits is aware of the sensitive balance between the humans, animals and vegetation that call Rondeau home.\nWe believe that a permanent solution should be the objective as the Rondeau leaseholders have, and will continue to be, stewards of the park and will work to maintain and improve the park for all of its inhabitants and visitors.\nFor over 125 years, Rondeau has been an example of how cottagers and the natural environment can live and thrive together...we look forward to continuing this excellent relationship.\n"
    },
    "36753": {
        "url": "/comment/36753",
        "comment": "Re:   The long term tenure of the Rondeau heritage cottage community\nIn 1894 the government established Rondeau as a place where local residents and people from Michigan could build cottages on leased lots with the full blessing and support of the Ontario government.  The  cottages are a source of revenue for the Province as well as for Chatham-Kent and also support local business for the past 125 years.  Why kill the goose that lays the golden egg when keeping this valuable community alive for the longterm is a guaranteed win for everyone.\n"
    },
    "36758": {
        "url": "/comment/36758",
        "comment": "I am a cottage owner and fully  support the 3 year extension with a request that a permanent tenure solution to cottages in Rondeau Park be determined ASAP. I would also ask that the lease extension be automatically granted without the need for hard signatures as this is an administrative burden for many people at this time of year who may be away.\n"
    }
}