{
    "39399": {
        "url": "/comment/39399",
        "comment": "I support the three-year lease extension as described in ERO Policy Proposal 019-0907. This new lease extension should be granted automatically to all leaseholders. This time should be used to reach a permanent solution that will ensure the cottage community remains forever. If a permanent solution is reached prior to the three-year deadline, I support it being implemented as soon as possible.\n"
    },
    "39400": {
        "url": "/comment/39400",
        "comment": "I support the three-year lease extension as described in ERO Policy Proposal 019-0907. This new lease extension should be granted automatically to all leaseholders. This time should be used to reach a permanent solution that will ensure the cottage community remains forever. If a permanent solution is reached prior to the three-year deadline, I support it being implemented as soon as possible.\n"
    },
    "39401": {
        "url": "/comment/39401",
        "comment": "I support the three-year lease extension as described in ERO Policy Proposal 019-0907. This new lease extension should be granted automatically to all leaseholders. This time should be used to reach a permanent solution that will ensure the cottage community remains forever. If a permanent solution is reached prior to the three-year deadline, I support it being implemented as soon as possible.\n"
    },
    "39402": {
        "url": "/comment/39402",
        "comment": "I support the three-year lease extension as described in ERO policy proposal 019-0907. This new lease extension should be granted automatically to all disorders. This time should be used to reach a permanent solution that will ensure the cottage community remains forever. If a permanent solution is reached prior to the three-year deadline I support it being implemented as soon as possible.\n"
    },
    "39403": {
        "url": "/comment/39403",
        "comment": "I support the three-year lease extension as described in ERO Policy Proposal 019-0907. This new lease extension should be granted automatically to all leaseholders. This time should be used to reach a permanent solution that will ensure the cottage community remains forever. If a permanent solution is reached prior to the three-year deadline, I support it being implemented as soon as possible.\n"
    },
    "39404": {
        "url": "/comment/39404",
        "comment": "I support the three-year lease extension as described in ERO Policy Proposal 019-0907. This new lease extension should be granted automatically to all leaseholders. This time should be used to reach a permanent solution that will ensure the cottage community remains forever. If a permanent solution is reached prior to the three-year deadline, I support it being implemented as soon as possible.\n"
    },
    "39405": {
        "url": "/comment/39405",
        "comment": "I support the three-year lease extension as described in ERO Policy Proposal 019-0907. This new lease extension should be granted automatically to all leaseholders. This time should be used to reach a permanent solution that will ensure the cottage community remains forever. If a permanent solution is reached prior to the three-year deadline, I support it being implemented as soon as possible.\n"
    },
    "39406": {
        "url": "/comment/39406",
        "comment": "I support the three-year lease extension as described in ERO Policy Proposal 019-0907. This new lease extension should be granted automatically to all leaseholders. This time should be used to reach a permanent solution that will ensure the cottage community remains forever. If a permanent solution is reached prior to the three-year deadline, I support it being implemented as soon as possible.\n"
    },
    "39407": {
        "url": "/comment/39407",
        "comment": "I support the three-year lease extension as described in ERO Policy Proposal 019-0907. This new lease extension should be granted automatically to all leaseholders. This time should be used to reach a permanent solution that will ensure the cottage community remains forever. If a permanent solution is reached prior to the three-year deadline, I support it being implemented as soon as possible.\n"
    },
    "39409": {
        "url": "/comment/39409",
        "comment": "I support the three-year lease extension as described in ERO Policy Proposal 019-0907. This new lease extension should be granted automatically to all leaseholders. This time should be used to reach a permanent solution that will ensure the cottage community remains forever. If a permanent solution is reached prior to the three-year deadline, I support it being implemented as soon as possible.\n"
    },
    "39410": {
        "url": "/comment/39410",
        "comment": "I support the continuation of the Rondeau cottage community in perpetuity.  I support the three-year lease extension as described in ERO Policy Proposal 019-0907. This lease extension should be granted automatically to all existing leaseholders. This time should be used to reach a permanent solution that will ensure the cottage community remains forever.  If a permanent solution is reached prior to the three-year deadline, I support it being implemented as soon as possible.\n"
    },
    "39411": {
        "url": "/comment/39411",
        "comment": "I support the three-year lease extension as described in ERO Policy Proposal 019-0907. This new lease extension should be granted automatically to all leaseholders. This time should be used to reach a permanent solution that will ensure the cottage community remains forever. If a permanent solution is reached prior to the three-year deadline, I support it being implemented as soon as possible.\n"
    },
    "39412": {
        "url": "/comment/39412",
        "comment": "I support the three-year lease extension as described in ERO Policy Proposal 019-0907. This new lease extension should be granted automatically to all leaseholders. This time should be used to reach a permanent solution that will ensure the cottage community remains forever. If a permanent solution is reached prior to the three-year deadline, I support it being implemented as soon as possible.\n"
    },
    "39413": {
        "url": "/comment/39413",
        "comment": "I support the three-year lease extension as described in ERO Policy Proposal 019-0907. This new lease extension should be granted automatically to all leaseholders. This time should be used to reach a permanent solution that will ensure the cottage community remains forever. If a permanent solution is reached prior to the three-year deadline, I support it being implemented as soon as possible.\n"
    },
    "39414": {
        "url": "/comment/39414",
        "comment": "I support the three-year lease extension as described in ERO Policy Proposal 019-0907. This new lease extension should be granted automatically to all leaseholders. This time should be used to reach a permanent solution that will ensure the cottage community remains forever. If a permanent solution is reached prior to the three-year deadline, I support it being implemented as soon as possible.\n"
    },
    "39415": {
        "url": "/comment/39415",
        "comment": "I support the three-year lease extension as described in ERO Policy Proposal 019-0907. This new lease extension should be granted automatically to all leaseholders. This time should be used to reach a permanent solution that will ensure the cottage community remains forever. If a permanent solution is reached prior to the three-year deadline, I support it being implemented as soon as possible.\n"
    },
    "39416": {
        "url": "/comment/39416",
        "comment": "For Consideration.\nI emphatically support the proposed three-year lease extension for all existing cottage leased lots in Rondeau Provincial Park, as described in ERO Policy Proposal 019-0907.\nThis new lease extension should be granted automatically to all existing leaseholders. This three year time period should be used to reach a permanent solution that will ensure the cottage community remains forever within Rondeau Park. When a permanent solution is reached prior to the three-year deadline, I support it being implemented as soon as possible.\nRondeau Park's founding charter included the presence of cottages.\nThe Rondeau cottage community has co-existed within the Park's ecosystem for over a century. Members of Rondeau's cottage community share an equal sense of stewardship and responsibility for preserving its unique environmental, historic and cultural treasures as any other Friend of Rondeau.\nRondeau has proven to be a model of how a Provincial Park of national significance can thrive, while balancing conservation, preservation and recreation.\nThank you.\n"
    }
}