{
    "56921": {
        "url": "/comment/56921",
        "comment": "The forestry industry is marketing wood pellets (biomass) as a climate solution to replace fossil fuels, but burning wood pellets is dirtier than coal at the smokestack. While wood pellets are supposed to be made from wood waste and dead trees, we\u2019re seeing more whole trees from across Canada, logged and exported to produce carbon loaded energy internationally.\nWe cannot afford false climate solutions that are marching us into planetary catastrophe while trampling Indigenous Sovereignty and crucial biodiversity.\nIncreasing deforestation as a climate solution is not viable. While the government and industry claim that only waste wood is used to manufacture wood pellets, more whole trees from primary, boreal forests are being logged to meet the demands of this growing industry.\nThe Ontario government claims that expanding the wood pellet industry will provide alternative employment for fossil fuel workers, but these would be jobs in an industry that dumps more carbon into the atmosphere than what it's replacing.\n"
    },
    "56927": {
        "url": "/comment/56927",
        "comment": "One of the main products of Ontario\u2019s forest biomass industry is wood pellets, which are marketed as a clean energy alternative, but wood pellets are dirtier than coal at the smokestack.\nIncreasing deforestation as a climate solution is not viable. The claim that only waste wood is used to manufacture wood pellets, is false:  whole trees from primary, boreal forests are being logged to meet the demands of this growing industry.\nIt makes no sense to provide alternative employment for fossil fuel workers in the wood pellet industry, when it dumps more carbon into the atmosphere than the industry it's replacing.\n"
    },
    "56929": {
        "url": "/comment/56929",
        "comment": "Don\u2019t be deceived by the illusion that wood pellets are a better and greener source of energy.  If they are produced from whole logs, which is how the companies are making them primarily, this  can be more polluting and worse for greenhouse gas emissions than coal and oil.\nThere is no time to lose as we try to prevent disastrous planet warming.  We need to look critically at alternative energy sources so we don\u2019t mistakenly support solutions that just make things worse.\n"
    },
    "56931": {
        "url": "/comment/56931",
        "comment": "As a retired high school science teacher and climate activist, I urge you to not expand Ontario's biomass industry. Unfortunately, the demand for wood pellets is already resulting in trees being cut down just to make pellets. The idea that all pellets are made from mill waste is false.\nEnvironmental regulations have already been gutted in other ways. Do not add to this dangerous situation. For example, endangered species legislation no longer protects the habitat of endangered species. Therefore, I object to the objective \u201cstreamline permitting and reduce regulatory burden for all sectors which use forest biomass,\u201d\nIn Ontario we need to focus more on energy conservation, such as retrofitting all buildings to reduce energy use and save ordinary people like me money now and into the future.\nAlso we need to bring back all the cancelled real green energy projects, like solar, wind and micro-hydro.\nWe need trees to soak up carbon dioxide, not to be burned for energy.\n"
    },
    "56935": {
        "url": "/comment/56935",
        "comment": "Expanding the wood pellet industry is not a forward thinking or clean energy solution. It is burning a carbon-based material to produce power which is counterproductive to meeting \u2018green\u2019 energy goals. Please do not expand and in fact, she\u2019s old wood pellets for energy and put those incentives and growth into solar, wind, deep earth.\n"
    },
    "56940": {
        "url": "/comment/56940",
        "comment": "Solid research has shown that only municipal and agricultural waste is sustainable for biofuel. Harvesting mature is a net loss to GHG emissions. It takes from 30 - 100 years for tree seedlings to mature, losing the sequestration of GHG's over that period.\nStop this terrible practice which attacks ecosystems while being on the wrong side of the war vs climaet change!\n"
    }
}