{
    "57419": {
        "url": "/comment/57419",
        "comment": "If you take away the trees, they cannot absorb CO2.\nIf you burn the trees, they only add to the excess of CO2 in our atmosphere and hasten the climate disaster.\nThere is nothing 'environmental' or 'ecological' about using wood as \"biofuel\".\nIt's greenwash nonsense.\n"
    },
    "57420": {
        "url": "/comment/57420",
        "comment": "I have a pellet stove and have always believed that pellets were being made from waste wood, which nonetheless is not without a carbon footprint. but to learn that forests are being cut specifically to feed the pellet industry is completely unacceptable. I will stop using my stove or succeed in finding a product that is actually made from wood that would otherwise be wasted.\nIt is unacceptable and entirely unsustainable that we are cutting down forests to burn for heating energy. Governments must redirect their efforts to saving forests and supporting other and more sustainable ways to create energy, ie renewable energy.\n"
    },
    "57423": {
        "url": "/comment/57423",
        "comment": "One of the main products of Ontario\u2019s forest biomass industry is wood pellets. Wood pellets are marketed as a clean energy alternative, but we know that wood pellets are dirtier than coal at the smokestack.\nIncreasing deforestation as a climate solution is not viable. While the government and industry claim that only waste wood is used to manufacture wood pellets, more whole trees from primary, boreal forests are being logged to meet the demands of this growing industry.\nThe Ontario government claims that expanding the wood pellet industry will provide alternative employment for fossil fuel workers, but these would be jobs in an industry that dumps more carbon into the atmosphere than what it's replacing.\n"
    },
    "57426": {
        "url": "/comment/57426",
        "comment": "The wood pellet industry is not a climate solution. Wood pellets are marketed as a clean energy alternative, but they produce more carbon than coal when they are burned. One of the main products of Ontario\u2019s forest biomass industry is wood pellets.\nIncreasing deforestation is not a climate solution. While the government and industry claim that only waste wood is used to manufacture wood pellets, more whole trees from primary, boreal forests are being logged to meet the demands of this growing industry.\nThe Ontario government claims that expanding the wood pellet industry will provide alternative employment for fossil fuel workers. And yes, the wood pellet industry is not fossil fuel, but the wood pellet industry dumps more carbon into the atmosphere than fossil fuels.\nThe wood pellet industry makes no climate sense, and should be discouraged.\n"
    },
    "57427": {
        "url": "/comment/57427",
        "comment": "I am against your expansion plans for the biomass and wood pellet industry. I do not trust this. I believe you are green washing this info and that expansion would lead (or already does lead) to not just using forest waste, but also cutting down trees for the pellets. As well, my information indicates this is dirtier than even coal for the environment. How dare you sacrifice our future, just for your political gains, that are based on lies or exaggerations. This is no solution to global warming, which I am sure you know.\nAny increase in deforestation is bad for the environment.\nAny jobs that would be created would be contributing to the problem. Why not help build REAL GREEN energy jobs, not these fake green jobs.\nI hope you pay attention, since this is serious. Our future is at stake.\n"
    },
    "57431": {
        "url": "/comment/57431",
        "comment": "I am I disbelief that our forests are at risk because of an industry that lacks imagination.\nSTOP cutting down the trees.  Look to the landfills and the companies for that are arborists for fuel sources.  The destruction of our planet and every living creature on it depends on people coming to their senses.\nWhen will you the people who are supposed to govern stop thinking that money and industry are vital.\nThe air we breath and fresh water we drink top every thing.\nSo wake up, figure this out before it is too late.\n"
    },
    "57445": {
        "url": "/comment/57445",
        "comment": "One of the main products of Ontario\u2019s forest biomass industry is wood pellets. Wood pellets are marketed as a clean energy alternative, but we know that wood pellets are dirtier than coal at the smokestack. Increasing deforestation as a climate solution is not viable. While the government and industry claim that only waste wood is used to manufacture wood pellets, more whole trees from primary, boreal forests are being logged to meet the demands of this growing industry.\nThe Ontario government claims that expanding the wood pellet industry will provide alternative employment for fossil fuel workers, but these would be jobs in an industry that dumps more carbon into the atmosphere than what it's replacing.\n"
    },
    "57446": {
        "url": "/comment/57446",
        "comment": "Burning  trees should not even be a on list of any business  in Canada  LNG is bad enough  but letting  this expand more and  expect  people to pay more carbon  tax for government to expand pallet is wrong you have to do better\n"
    },
    "57447": {
        "url": "/comment/57447",
        "comment": "It appears that the Ontario government aims to increase the amount of wood logged to create biomass products with no clarity where the wood comes from. Ontario should not increase forest biomass programs until it puts in place a) a clear and transparent way to account for carbon and biodiversity impacts of biomass projects; and b) a clear way to show that wood for biomass projects does not come from intact forests.\n"
    },
    "57449": {
        "url": "/comment/57449",
        "comment": "Cutting down boreal forests to make wood pellets to burn for energy is the opposite of what needs to be done to lessen the climate crisis!  We need every tree we have to protect the planet.  Trees provide the air we breathe.  Burning them is a worse source of pollution than burning coal.  This travesty of justice must stop.\n"
    },
    "57451": {
        "url": "/comment/57451",
        "comment": "Destroying our ecosystem by razing forests, destroying the habitat of wild animals, to generate electricity is not sustainable for the planet and our survival. There are other ways that are less harmful to the environment and technological advancements have made methods such as wind and solar power much more effective and cheaper. Please consider alternatives to destroying our forests.\n"
    },
    "57453": {
        "url": "/comment/57453",
        "comment": "We do not need to escalate the cutting down of our forest.  Our trees produce oxygen which is going to become more and more scarce as climate change increases.  The removal of our trees  often leaves ugly scars on the landscape and definitely causes erosion.  We need our trees to soak up the rain water that is increasing with the stormy weather.  They also provide protection from the rising strength of the sun\u2019s rays.  It takes FIFTY YEARS to grow a marketable tree in Canada.  They need to be protected from the ever demanding market of Americans and Canadians.\n"
    }
}