{
    "55328": {
        "url": "/comment/55328",
        "comment": "Please stop expanding the wood pellet industry.\nThe argument to expand the forest-biomass industry, particularly the wood pellet sector, to provide low-carbon jobs in replacement of fossil fuel jobs isn\u2019t valid. Amidst an ever growing climate crisis, we simply can\u2019t afford to keep chopping down forests to make a fuel that emits immense amounts of carbon dioxide. Moreover, it can take centuries for forests to regain the majority of their carbon storage after being logged. Once again, wood pellets are a false climate solution.\n"
    },
    "55330": {
        "url": "/comment/55330",
        "comment": "As a nation we need to keep our forestry management as a priority. All across our planet the deforestation is causing a CLIMATE CRISIS of major proportions.  Canada needs to be a prominent leader in the management of our forests & be a pioneer in keeping deforestation to a minimum.\nIn Ontario this devastating policy to cut whole trees for wood pellets is not good forestry management at all.  We truly need to reconsider this policy & stop clear cutting forests .\nSelective cutting is more environmentally conscious & better for all Canadians & the whole planet.\nPlease seriously reconsider this Biomass Action Plan & save our forests from destruction.\nWe all live here on this blue sphere & need to work together in positive & good ENVIRONMENTAL practices for a healthy future .\nWe need to consider the EXTREME problems of loss of habitat for our beautiful wildlife here in Canada & the world .\nRegards\nA very concerned & caring Canadian \ud83c\udde8\ud83c\udde6\u2665\ufe0f\ud83c\udde8\ud83c\udde6\n"
    },
    "55332": {
        "url": "/comment/55332",
        "comment": "One of the main products of Ontario\u2019s forest biomass industry is wood pellets. Wood pellets are marketed as a clean energy alternative, but we know that\u00a0wood pellets are dirtier than coal at the smokestack.Increasing deforestation as a climate solution is not viable.\u00a0While the government and industry claim that only waste wood is used to manufacture wood pellets, more whole trees from primary, boreal forests are being logged to meet the demands of this growing industry.The Ontario government claims that expanding the wood pellet industry will provide alternative employment for fossil fuel workers,\u00a0but these would be jobs in an industry that dumps more carbon into the atmosphere than what it's replacing.\n"
    },
    "55333": {
        "url": "/comment/55333",
        "comment": "The expansion of the forest biomass industry does not align with Canada's/Ontario's climate mitigation goals.  It should also not be marketed at home or abroad as a green alternative for power generation.\nThe use of wood pellets and/or other forest biomass to produce electricity is not a clean source of electricity, simply replacing burning oil, coal, gas for burning trees.  Focus for sustainable electricity production should be on solar and wind power.\n"
    },
    "55334": {
        "url": "/comment/55334",
        "comment": "Please stop expanding the wood pellet industry \u2013 it\u2019s a false climate solution that is dirtier than coal at the smokestack.\nArticles I concerning this topic done by reputable organizations such as M.I.T - and not -the wood pellet industry  - indicate this is not a good idea.  The UK has experimented with burning pellets and is backtracking.\nThe Daily Mail  said on October 7. 2014.   \"... it is \u201clunacy\u201d to run Drax power station on biomass instead of coal. Converting the plant to burn wood destroys forests and emits more carbon, it says. The paper calls this a \u201cliving, humming, forest-destroying symbol of the shameful absurdity of European energy policies\u201d.\n"
    },
    "55336": {
        "url": "/comment/55336",
        "comment": "Please stop expanding the wood pellet industry \u2013 it\u2019s a false climate solution that is dirtier than coal at the smokestack.  Amidst an ever growing climate crisis, we can\u2019t afford to keep chopping down forests to make a fuel that emits immense amounts of carbon dioxide. Please think of our children's future.\n"
    },
    "55337": {
        "url": "/comment/55337",
        "comment": "At this critical point in the climate crisis we must avoid developing projects that both pollute and destroy precious forest resources. The wood pellet project would add carbon pollution to the atmosphere and destroy trees that provide invaluable life support.\nPlease do not support this wood pellet project.\n"
    },
    "55339": {
        "url": "/comment/55339",
        "comment": "We need actual climate solutions, not dirtier fuels. We also desperately need to protect the trees and boreal forests. Trees are integral to our air quality, biodiversity and habitats, fresh water quality, and land stability. We absolutely need trees for our survival as a species and in our fight towards weathering the more disastrous effects of inevitable climate change. We absolutely should not be chopping them down for misguided fuel and profit. They are a limited and precious \"resource\", especially the old trees that help make the forests more stable. Please protect our forests.\n"
    },
    "55341": {
        "url": "/comment/55341",
        "comment": "The proposed Forest Biomass Action Plan is a positive step towards better utilization of Ontario\u2019s available and sustainable wood supply. Biomass opportunities will provide income and employment for local communities and First Nations while providing a means to offset a potentially significant amount of fossil fuel combustion. Within the policy framework for Crown forests, and third party certification, the use of forest biomass can provide a sustainable supply of energy and fibre while maintaining biodiversity. This is an important initiative for Ontario and should be fully supported. Thank you for the opportunity to comment.\n"
    },
    "55342": {
        "url": "/comment/55342",
        "comment": "Please STOP expanding the wood pellet industry! There is nothing clean about it and it has been proven that burning wood pellets is dirtier than burning coal. We simply cannot afford to continue chopping down forests to make a fuel that emits insane amounts of carbon dioxide. These are the same forests that would otherwise help combat excess carbon. It takes CENTURIES for forests to regain the majority of their carbon storage after logging. Wood pellets are a FALSE climate solution.\nThe Ontario government needs to do better at transitioning to an economy that runs on SUSTAINABILITY and RESPECT for the future that must happen now. I urge the Ontario government to show some leadership and think about not just our children, but our children's grandchildren, and their grandchildren, and so on. This current trajectory isn't leaving much hope for the future.\n"
    },
    "55344": {
        "url": "/comment/55344",
        "comment": "This proposal should not be allowed to pass through due to a myriad of reasons. One of the major reasons being that in the state our world is currently in it makes zero sense to increase deforestation, as this does not serve as an appropriate climate solution in the slightest! We should be saving our boreal forests from logging at all costs, and to do that this proposal needs to be halted.\n"
    },
    "55346": {
        "url": "/comment/55346",
        "comment": "Ontario is already home to North America\u2019s largest forest biomass-only electricity generating station. They claim that the province is a leader in the emerging green economy because of the \u2018clean electricity\u2019 produced from wood pellets, but we know that burning wood pellets is dirtier than coal at the smokestack. The Ontario government is using that as a key point to justify expanding the industry. They are intentionally deceiving the public to generate higher demand and open up new market pathways.\nThe Ontario government is also largely selling the forest biomass industry as a circular economy because they claim that it only uses \u201cmill by-products\u201d, i.e., waste wood, to manufacture wood pellets. However, many Canadian provinces including Ontario are logging whole trees from primary forests to meet the growing demand for wood pellets. One of the key objectives (objective 3) of this action plan includes, \u201cstreamline permitting and reduce regulatory burden for all sectors which use forest biomass,\u201d which is concerning, because this means there would be fewer environmental checkpoints. Ontario has already gutted the Endangered Species Act, which is a key regulatory body.\nThe argument to expand the forest-biomass industry, particularly the wood pellet sector, to provide low-carbon jobs in replacement of fossil fuel jobs isn\u2019t valid. Amidst an ever growing climate crisis, we simply can\u2019t afford to keep chopping down forests to make a fuel that emits immense amounts of carbon dioxide. Moreover, it can take centuries for forests to regain the majority of their carbon storage after being logged. Once again, wood pellets are a false climate solution.\n"
    }
}