{
    "55263": {
        "url": "/comment/55263",
        "comment": "One of the main products of Ontario\u2019s forest biomass industry is wood pellets. Wood pellets are marketed as a clean energy alternative, but we know that wood pellets are even dirtier than coal at the smokestack.\nIncreasing deforestation as a climate solution is not viable. While the government and industry claim that only waste wood is used to manufacture wood pellets, more whole trees from primary, boreal forests are being logged to meet the demands of this growing industry.\nThe Ontario government claims that expanding the wood pellet industry will provide alternative employment for fossil fuel workers, but these would be jobs in an industry that dumps more carbon into the atmosphere than what it's replacing.\nOntario is home to North America\u2019s largest forest biomass-only electricity generating station. They claim that the province is a leader in the emerging green economy because of the \u2018clean electricity\u2019 produced from wood pellets, but we know that burning wood pellets is dirtier than coal at the smokestack. The Ontario government is using that as a key point to justify expanding the industry. They are intentionally deceiving the public to generate higher demand and open up new market pathways.\nThe Ontario government is also largely selling the forest biomass industry as a circular economy because they claim that it only uses \u201cmill by-products\u201d aka, waste wood, to manufacture wood pellets. However, many Canadian provinces including Ontario are logging whole trees from primary forests to meet the growing demand for wood pellets. One of the key objectives (objective 3) of this action plan includes, \u201cstreamline permitting and reduce regulatory burden for all sectors which use forest biomass,\u201d which is concerning because that essentially means there would be fewer environmental checkpoints. Ontario has already gutted the Endangered Species Act, which is a key regulatory body.\nThe argument to expand the forest-biomass industry, particularly the wood pellet sector, to provide low-carbon jobs in replacement of fossil fuel jobs isn\u2019t valid. Amidst an ever growing climate crisis, we simply can\u2019t afford to keep chopping down forests to make a fuel that emits immense amounts of carbon dioxide. Moreover, it can take centuries for forests to regain the majority of their carbon storage after being logged. Once again, wood pellets are a false climate solution.\nThe great transition to an economy that runs on sustainability and respect for the future must happen. False climate solutions like wood pellets are not what we need. We must protect primary forests.\n"
    },
    "55266": {
        "url": "/comment/55266",
        "comment": "We have the knowledge and hopefully the intelligence to change from fossil based usage to ecological means to replace the horrifying waste presently being used to fuel our planet, our HOME.\nIf we don\u2019t get control now, there will not be a viable earth for not only humans but all living creatures of nature will be gone.\nPolitics and greed do not work together. I don\u2019t know what can solve our dilemma but it needs to be strong and happen now.\nWake up. We have created this disaster ridden way of life....entitlement has overtaken our societies.\nIt\u2019s time to REALLY work together to change the inevitable.\nEvery year it costs more in dollars & lives as our weather patterns have changed, destroying in the wake we have stimulated by our \u2018need\u2019 to progress. Time for progress to be progressive towards cleaning up that which we have wrought.\n"
    },
    "55269": {
        "url": "/comment/55269",
        "comment": "Where is the scientific input in this policy?\n* We need to remove carbon from the atmosphere.\n * Trees sequester or store carbon.\n * Creation of wood pellets, apart from the deleterious effects of cutting down the trees, is an energy\n intensive process, thereby creating more carbon.\n * Burning the wood pellets then creates even more carbon.\nPlease get serious!\n"
    },
    "55271": {
        "url": "/comment/55271",
        "comment": "It is absolutely foolhardy to burn wood pellets for fuel. Burning wood is very dirty and adds to our air pollution and climate crisis. Our SHARED forests need to remain standing, holding carbon dioxide and providing a cooling effect and a home for countless flora and fauna. Old-growth forests are more than the sum of their parts -- they can NOT be replaced with mono or few-species plantings.\nPut money and research into renewable, clean, safe (not nuclear) energy technologies -- not more filthy shortsighted schemes. It's essential to all our lives on this planet that we COOL it. Without a livable climate, we do not survive. This is the biggest problem confronting humanity right now and it is URGENT. Of course fossil fuel workers need new jobs. Let those jobs be in renewable energy fields. Tax the rich and transition workers into fields that benefit us all. That's a win-win.\n"
    },
    "55272": {
        "url": "/comment/55272",
        "comment": "\u201cStop expanding the wood pellet industry \u2013 it\u2019s a false climate solution that is dirtier than coal at the smokestack.\u201d\nWood pellets are not clean energy.\nWe need every tree we can save.\nSo please, stop expanding and eventually stop completely the wood pellet industry.\nInvest in true clean energy.\n"
    },
    "55274": {
        "url": "/comment/55274",
        "comment": "Why are you doing this when the planet is in such dire straits?  You can\u2019t keep closing your eyes and figure it will be fine because it isn\u2019t!  It will not magically cure or correct itself because of our interference it will continue!  Why are you adding to the pollution?  Why aren\u2019t you protecting valuable resources?  How can you be so self absorbed that you don\u2019t even care about your own family\u2019s legacy let alone anyone else! ?  I don\u2019t get it, we are at the brink of global disaster and no one will do anything about it.\nAnd why have you not provided the peoples who were here long before any of us with clean drinking water?\n"
    },
    "55275": {
        "url": "/comment/55275",
        "comment": "Research (yale.edu) shows that burning wood pellets releases as much or even more carbon dioxide per unit of energy as burning coal, so in order for burning pellets to be carbon-neutral the carbon emitted into the atmosphere has to be recaptured in regenerated forests.  It has recently been reported that Canada's forests now emit more carbon than they absorb.  We are obviously not doing a good job in the regenerated forest department.\nI understand that many Canadian provinces including Ontario are logging whole trees from primary forests to meet the growing demand for wood pellets. One of the key objectives (objective 3) of this action plan includes, \u201cstreamline permitting and reduce regulatory burden for all sectors which use forest biomass,\u201d which is concerning because that essentially means there would be fewer environmental checkpoints.\nExpanding the forest-biomass industry, particularly the wood pellet sector, to provide low-carbon jobs in replacement of fossil fuel jobs isn\u2019t valid.  Amidst an ever growing climate crisis, we simply can\u2019t afford to keep chopping down forests to make a fuel that emits immense amounts of carbon dioxide. Moreover, it can take centuries for forests to regain the majority of their carbon storage after being logged. Once again, wood pellets are a false climate solution.\nPlease stop the expansion of the wood pellet industry.\n"
    },
    "55277": {
        "url": "/comment/55277",
        "comment": "Expanding the wood pellets industry is an ill-conceived idea. Is equally damaging to the environment as the coal industry. Human greed will damage our forests. I do not believe it uses only deadwood.\nBurning wood is a source of an immense amount of carbon emissions.  Ontario government seems to on the dangerous path of selling everything. This is NOT the way Ontario people want. Please, consult science before making important decisions.\n"
    },
    "55278": {
        "url": "/comment/55278",
        "comment": "One of the main products of Ontario\u2019s forest biomass industry is wood pellets. Wood pellets are marketed as a clean energy alternative, but we know that wood pellets are dirtier than coal at the smokestack.\nIncreasing deforestation as a climate solution is not viable. While the government and industry claim that only waste wood is used to manufacture wood pellets, more whole trees from primary, boreal forests are being logged to meet the demands of this growing industry.\nThe Ontario government claims that expanding the wood pellet industry will provide alternative employment for fossil fuel workers, but these would be jobs in an industry that dumps more carbon into the atmosphere than what it's replacing.\nWould should look for circular solutions instead, starting with resuming the tree planting initiative that was started by the previous Government, recognizing that the earth's resources are not unlimited, and that we have a responsibility to leave this planet better than we found it.\n"
    },
    "55279": {
        "url": "/comment/55279",
        "comment": "One of the main products of Ontario\u2019s forest biomass industry is wood pellets. Wood pellets are marketed as a clean energy alternative, but we know that wood pellets are dirtier than coal at the smokestack.\nIncreasing deforestation as a climate solution is not viable. While the government and industry claim that only waste wood is used to manufacture wood pellets, more whole trees from primary, boreal forests are being logged to meet the demands of this growing industry.\nThe Ontario government claims that expanding the wood pellet industry will provide alternative employment for fossil fuel workers, but these would be jobs in an industry that dumps more carbon into the atmosphere than what it's replacing.\n"
    },
    "55280": {
        "url": "/comment/55280",
        "comment": "Expanding the wood pellet industry is not a sustainable plan!! We cannot afford to increase deforestation as a climate \u201csolution\u201d. Industry claims that only waste wood is used to manufacture the pellets but that is false. Trees from primary, boreal forests are being logged. In fact, this proposal would dump more carbon into the atmosphere than what it\u2019s replacing. This is NOT a solution and should be scrapped.\n"
    },
    "55281": {
        "url": "/comment/55281",
        "comment": "Wood pellets are not a sustainable energy source, they are a source of deforestation. You cannot crop a healthy forest. This is the opposite of what we have to do to survive climate change. All recent science demonstrates the urgency of re-establisting the canopy as a climate change mitigation and action.\n"
    }
}