{
    "57239": {
        "url": "/comment/57239",
        "comment": "Stop the policy that looks to wood pellets to address the current need for climate friendly energy sources. Wood pellets are worse than coal while their production destroys the carbon absorbing boreal forrest not to mention the role of the boreal forrest as supportive of many  familiar and unique plant and animal species.\nHuman responsibility is for intelligent care not thoughtless destruction.\n"
    },
    "57246": {
        "url": "/comment/57246",
        "comment": "So a main product of Ontario\u2019s forest biomass industry is wood pellets.\nWood pellets being marketed as a clean energy alternative, but wood pellets are dirtier than coal at the smokestack.\nIncreasing deforestation as a climate solution is contradictory. While the government and industry claim that only waste wood is used to manufacture wood pellets, more whole trees from primary, boreal forests are being logged to meet the demands of this growing industry.\nThe Ontario government claims that expanding the wood pellet industry will provide alternative employment for fossil fuel workers, but these would be jobs in an industry that dumps more carbon into the atmosphere than what it's replacing.\n"
    },
    "57249": {
        "url": "/comment/57249",
        "comment": "Stop cutting down trees which sequester increasing amounts of carbon per annum the longer they live.\nOur path is suicidal. We must learn to make do with less, and to greatly reduce our reproduction rates and learn which are the key ways to take action. wood pellets and LNG we know are bound to make things even worse.\nLet us have some responsible management at last. We must ALL do our part and make sacrifices.\n"
    },
    "57262": {
        "url": "/comment/57262",
        "comment": "Here are some comments on the Forest Biomass Action Plan (FBAP).  In general, I think that it should be a 10-year action plan to coincide with Sustainable Growth: Ontario\u2019s Forest Sector Strategy (FSS).  I also think that it could be restructured to illustrate how it provides actions to meet FSS objectives and action areas.  FBAP should also prescribe targets for certain actions - so that it provides direct support to Ontario\u2019s Forest Sector Strategy.\nThe FBAP is well written and provides valuable information about the potential for biomass, however, I feel that there are several shortcomings in the proposed actions.  In my opinion, there are some missed opportunities that should be addressed, and measureable targets should be established.  FBAP does provide a good description of Ontario\u2019s forest biomass advantages and its challenges.   FBAP also has valuable insights from the Working Group members about the importance of bioenergy to existing forest product supply chains.\nThe first sentence in the document indicates that the FBAP is a part of \u201cSustainable Growth: Ontario\u2019s Forest Sector Strategy\u201d (FSS).   FBAP is being put in place to secure jobs and encourage sustainability in the forest sector, while supporting economic development through the use of forest biomass.   It goes on to say that Actions identified in the FBAP will help to realize the goals and vision set out in the FSS.  This is admirable; however, neither the FSS nor any of its goals and actions are referenced again in the FBAP.  I believe there should be direct links to uniquely describe how the FSS vision, goals, and objectives are being met by actions identified in FBAP.  FBAP is a key component of the FSS, and as such its actions should be directly linked to FSS objectives.  Putting an action plan in place that leads to using more forest biomass can help address many actions within all four FSS pillars.  Here is my cursory view on how FBAP can help to meet specific FSS action areas, including (but not limited to):\nPillar 1:  Stewardship and Sustainability\n1.\tEarning Recognition for Our Sustainable Forest Management Practices\nUsing biomass can contribute significantly to the sustainable management of Ontario\u2019s forests.  Using biomass leads to higher stocking, higher regeneration success, less competition, increased growth and better yields.\n2.\tConducting Applied Research and Best Science\nUsing biomass is consistent with best science and information practices.   It will significantly contribute to mitigating the impacts of a changing climate. This should perhaps be spelled out better in FBAP\n3.\tEstablishing and Strengthening Partnerships with Indigenous Peoples\nObjective 4 in FBAP, and its associated actions, highlights some of the ways that Ontario will continue working with Indigenous communities.  Key performance indicators could be added so that progress can be tracked.\n4.\tDetermining Effects of a Changing Climate & Responding to a Changing Climate to Mitigate its Effect\nSurprisingly, the FBAP is pretty silent on the how using biomass can potentially help Ontario mitigate climate change.    The FSS promotes the use of renewable forest biomass as a means of mitigating climate change.  Key performance indicators could be inserted in the FBAP that indicate the amount of biomass used by industry and as an energy source to provide heat and potentially both heat and power for northern, rural and Indigenous communities.   Using biomass helps to build resiliency in forests, and reduce the potential impacts from wildland fires.\nPillar 2:  Putting More Wood to Work\n5.\tRemoving Policy Barriers to Accessing Wood\nObjective 3 in FBAP purports to address Policy barriers to accessing wood \u2013 but there is no indication of $ or time savings, or the potential volume of biomass that could be used as result.\n6.\tA Path to Increase Forest Growth\nI find it highly unusual that the word \u2018silviculture\u2019 does not appear anywhere in the FBAP, given that the silvicultural benefits of using biomass are immense.  The FSS action of increasing forest growth is likely not possible without using more biomass.  Increasing forest growth is predicated on increasing plantable spots and available land base so that full stocking can be achieved.  Biomass must be removed to achieve this FSS action \u2013 by removing currently \u2018unmerchantable\u2019 and \u2018unmarketable\u2019 biomass from the site.  Surely this must be addressed in the FBAP.\n7.\tProviding Wood Supply Certainty, Ensuring Use and Attracting New Investment\nObjective 5 of FBAP provides high level actions \u2013 but there are no key performance indicators or other tangibles.  The FSS action indicates that a range of actions to support existing forest operations that encourage the use of wood and facilitate its availability will be developed, including strategies to support these actions.  I feel that more detail is required in this section regarding effective and efficient mechanisms to see wood utilized and made available in a way that supports existing mills and forest operators, but that also attracts new business and new investment for underutilized wood supply.\n8.\tHarvesting Our Sustainable, Available Wood Supply\nThis FSS action is simply not possible without the increased use of biomass.  Biomass is part of the sustainable available wood supply, and as such targets for the increased use of biomass should be established in the FBAP.\nPillar 3: Improving Cost Competitiveness\n9.\tLowering Taxes\nEstablishing a new, or adding a biomass consuming process to an existing facility can help companies to lower taxes \u2013 as they accelerate write-offs of capital investments\n10.\tMaximizing the Use of Mill By-products\nWhile FBAP provides a definition for mill by-products \u2013 there are no associated actions to maximize their use.  There is a specific FSS action which recognizes the use of mill by-products (e.g. bark, sawdust and shavings) to provide sources of biomass heat, steam and energy for manufacturing in place of fossil fuels.   I believe that FBAP should address this action specifically.\n11.\tReviewing Certain Components of Stumpage\nThis FSS action encourages a review of components of stumpage so that more wood can be used.  I think that a \u2018negative stumpage\u2019 could be investigated and implemented in intensive management areas to encourage greater timber utilization and the harvest of species and lower quality logs that currently have no markets.  Currently companies get paid for piling slash and burning it.  Doesn\u2019t it make more sense to pay to have the slash removed (negative stumpage), and make energy or other products and re-distribute the ash over the entire cut area\u2026\n12.\tReducing Regulatory Burden/Streamlining\nSee pillar 2 above \u2013 there should be targets regarding streamlining in the FBAP\n13.\tEnhancing the Alignment of the Trusts\nThis FSS action could support items in \u2018reviewing certain components of stumpage\u2019 above.   FBAP should have an explicit action related to the use of biomass as it enhances forest management, increases available wood supplies and contribute to cost competitiveness.\n14.\tRealizing Benefits from Forest Inventory Investments\nThere is no mention of this FSS action in the FBAP.  While many aspects of the new LiDAR based inventory are yet to be worked out, targets should be set that pertain to opportunities to undertake better analysis of biomass supply.\nPillar 4: Fostering Innovation, Markets and Talent\n15.\tMaking Strategic Investments\nFBAP could set targets for investments in biomass activities.  The Forest Sector Investment and Innovation and the Northern Ontario Heritage Fund Corporation (NOHFC), provide for projects\n16.\tPromoting Innovation\nIt is great that an action in FBAP indicates that CRIBE will be involved in an economic fibre supply model.   Certainly other biomass related \u2018innovation\u2019 actions could highlighted that include working with industry leaders, CRIBE, FPInnovations, OFRI (or whatever it is called now), Indigenous communities, and universities and colleges to support the commercialization of innovative forest products and processes.\n17.\tIncreasing Wood Use\nAgain, I believe that a target is necessary if objectives are to be measured.  FBAP provides plenty of detail on the Ontario Bioheat Initiative \u2013 but it does not have anything that is measurable.\n18.\tReaching New Markets\nThe FSS and the FBAP will not be successful without achieving this objective.  New markets are imperative to growth and advancement of the forest sector.  Definitive strategies should be implemented and targets should be set in this regard.\n19.\tMaking Ontario Wood the Natural Choice\nI believe that this FSS action should be identified in FBAP.  Ontario is growing the domestic market, and Ontario produced biomass (pellets, chips, fuelwood) can play a role.\n20.\tCollaborating on Carbon Analysis\nFBAP can contribute to this FSS Action as well.  Using biomass for heating, electricity, and cooling systems will provide a means by which the private sector, municipalities and provincial entities can account for the carbon footprint of their building assets.\n21.\tAdopting New Technologies\nWith respect to new technologies, FBAP actions include publishing a report and facilitating discussions\u2026 How much economic activity will these actions lead to\u2026  FBAP should set targets with the forest industry, CRIBE, FPInnovations, Indigenous Communities and others to explore mechanisms for the adoption of innovative tools that optimize industrial processes, harvesting, and renewal.\n"
    }
}