{
    "57096": {
        "url": "/comment/57096",
        "comment": "I am deeply concerned with the wood pellet industry rising from harvesting round wood to produce electricity. Wood pellets are marketed as a clean energy alternative. The government and industry claim that only waste wood is used to manufacture wood pellets, but the truth is more whole trees from primary, boreal forests are being logged to meet the demands of this growing industry. Peak Renewables is trying to do the same thing in Fort Nelson, BC. In BC, people are already opening their eyes to this problem.\nIn February 2020, 500 scientists raised their voices to the European Union and the world to stop burning trees and a climate solution. There are numerous scientific articles from reputable sources that argue that burning wood is less efficient than burning coal- it produces more CO2 than coal, specially round wood (as it has more moisture content than wood waste). - see article link attached.\nMany jurisdictions around the world argue that burning wood for Bioenergy is carbon neutral. This argument assumes Forestry residues will decompose if not burned for energy. Studies have argued this assumption fails to include biogenic carbon emissions in the equation and is not a true representation of the carbon emissions of wood pellets. See link study attached\nThe wood pellet industry is increasing deforestation of our forests, while we should be focused on preserving them. The Ontario government argues that the wood pellet industry will provide alternative employment for fossil fuel workers, but these would be jobs in an industry that dumps more carbon into the atmosphere than what it's replacing. We need truly green jobs! Invest in solar, wind, carbon sequestration!! Our planet can\u2019t afford more CO2 in the atmosphere.\n"
    },
    "57099": {
        "url": "/comment/57099",
        "comment": "Most intelligent people realise that forests provide one of the few ways of helping maintain air quality.  Therefore it is totally counter-productive to chop them down to burn them, thereby releasing massive amounts of carbon dioxide into the atmosphere.  Also many animals are becoming endangered because their habitat has been encroached upon by human activity, as there are fewer and fewer laws intended to protect them.  All together the attitude of the government is that they want to make as much money as possible, as quickly as possible, for the small percentage of the population that have their fingers in the public pot.  To continue to chop down trees in order to burn them as pellets is not in any way a good solution.  Trees are counted as renewable, which they are but only in the very long term.  Forward looking governments are using solar, and wind, and water as true clean renewable producers of the energy needed.\n"
    },
    "57100": {
        "url": "/comment/57100",
        "comment": "Ontario is also home to North America\u2019s largest forest biomass-only electricity generating station. They claim that the province is a leader in the emerging green economy because of the \u2018clean electricity\u2019 produced from wood pellets, but we know that burning wood pellets is dirtier than coal at the smokestack. The Ontario government is using that as a key point to justify expanding the industry. They are intentionally deceiving the public to generate higher demand and open up new market pathways.\nThe Ontario government is also largely selling the forest biomass industry as a circular economy because they claim that it only uses \u201cmill by-products\u201d aka, waste wood, to manufacture wood pellets. However, many Canadian provinces including Ontario are logging whole trees from primary forests to meet the growing demand for wood pellets. One of the key objectives (objective 3) of this action plan includes, \u201cstreamline permitting and reduce regulatory burden for all sectors which use forest biomass,\u201d which is concerning because that essentially means there would be fewer environmental checkpoints. Ontario has already gutted the Endangered Species Act, which is a key regulatory body.\nThe argument to expand the forest-biomass industry, particularly the wood pellet sector, to provide low-carbon jobs in replacement of fossil fuel jobs isn\u2019t valid. Amidst an ever growing climate crisis, we simply can\u2019t afford to keep chopping down forests to make a fuel that emits immense amounts of carbon dioxide. Moreover, it can take centuries for forests to regain the majority of their carbon storage after being logged. Once again, wood pellets are a false climate solution.\n"
    },
    "57105": {
        "url": "/comment/57105",
        "comment": "Burning Forest Biomass should NOT be allowed in Ontario or anywhere in Canada.  It creates worse emissions than coal at the smokestack and it leads to whole trees being burned in spite of promises it will only be waste wood.  This leads to biodiversity loss.  It also WORSENS CLIMATE CHANGE by releasing more carbon into the air in the short term, during the time we need to be reducing carbon emissions. It is not a renewable source as claimed.\nStop burning biomass.  It is the worst kind of greenwashing.\n"
    },
    "57108": {
        "url": "/comment/57108",
        "comment": "In theory, wood pellets seem a good idea, if limited to waste wood only.  But in reality, to make a factory cost-effective and profitable, it would require an ever expanding supply of wood, requiring trees grown specifically for that purpose.  Wouldn't an energy plant which burns waste for energy (with the very best scrubbers) make more sense?\n"
    },
    "57109": {
        "url": "/comment/57109",
        "comment": "One of the main products of Ontario\u2019s forest biomass industry is wood pellets. Wood pellets are marketed as a clean energy alternative, but we know that wood pellets are dirtier than coal at the smokestack.\nIncreasing deforestation as a climate solution is not viable. While the government and industry claim that only waste wood is used to manufacture wood pellets, more whole trees from primary, boreal forests are being logged to meet the demands of this growing industry.\nThe Ontario government claims that expanding the wood pellet industry will provide alternative employment for fossil fuel workers, but these would be jobs in an industry that dumps more carbon into the atmosphere than what it's replacing.\nPlease stop greenwashing the biomass industry as a climate solution and preserve the boreal forests for the work they are doing in protecting all of us from climate change.\n"
    },
    "57110": {
        "url": "/comment/57110",
        "comment": "Hello,\nI hope you are well. I would like to kindly draw your attention to the following three points, supplied by Stand.earth:\n\"One of the main products of Ontario\u2019s forest biomass industry is wood pellets. Wood pellets are marketed as a clean energy alternative, but we know that wood pellets are dirtier than coal at the smokestack.\nIncreasing deforestation as a climate solution is not viable. While the government and industry claim that only waste wood is used to manufacture wood pellets, more whole trees from primary, boreal forests are being logged to meet the demands of this growing industry.\nThe Ontario government claims that expanding the wood pellet industry will provide alternative employment for fossil fuel workers, but these would be jobs in an industry that dumps more carbon into the atmosphere than what it's replacing.\"\nPlease stop expanding the wood pellet industry.\n"
    },
    "57111": {
        "url": "/comment/57111",
        "comment": "Cutting down forests to create tiny wood pellets is extremely short-sighted. This is taking a technology that was supposed to help reduce waste in the already problematic forest industry and making it worse than coal, gas, and natural gas. Please stop harming our planet.\nOne of the main products of Ontario\u2019s forest biomass industry is wood pellets. Wood pellets are marketed as a clean energy alternative, but we know that wood pellets are dirtier than coal at the smokestack.\n    Increasing deforestation as a climate solution is not viable. While the government and industry claim that only waste wood is used to manufacture wood pellets, more whole trees from primary, boreal forests are being logged to meet the demands of this growing industry.\n    The Ontario government claims that expanding the wood pellet industry will provide alternative employment for fossil fuel workers, but these would be jobs in an industry that dumps more carbon into the atmosphere than what it's replacing.\n"
    },
    "57113": {
        "url": "/comment/57113",
        "comment": "Stop expanding the wood pellet industry! This is an exercise in green washing and it\u2019s going to be detrimental to our climate in a moment when we should be doing everything we can to stop climate change. This practice is dirtier than coal plus removes additional forest from the land, in a time when we need every tree to continue to help with CO2 emissions. This practice will also severely impact endangered species who are already at higher risk thanks to the removal of protections under the Ford government. This government continues to be a total disaster in more areas than one and though it\u2019s hard to keep track of it all, the retrogressive climate policies are one of the primary reasons I will NOT be voting for any PC party member at any time in the near future!\n"
    },
    "57114": {
        "url": "/comment/57114",
        "comment": "I believe that using wood pellets as a \"clean alternative \" to fossil fuels is complete huey. It is widely known burning wood is less efficient in comparison to even coal for the amount of energy it produces vs the carbon it produces. We are working backwards. Using wood is not a clean energy alternative.\n"
    },
    "57116": {
        "url": "/comment/57116",
        "comment": "It is important to distinguish between forest biomass that is a by-product of harvesting wood for lumber or pulp and harvesting virgin forest elements with the primary purpose to create forest bio-mass. The former contributes positively to the circular economy by converting what would otherwise be waste bi-products of the forest industry into something useful. The latter merely cuts live wood that would otherwise continue acting as a carbon-sink and a bio-diversity support. Ontario's Forest BioMass Action Plan should encourage forest industry players to make as much use as possible of the harvested forest material. It should not encourage them to harvest live wood primarily for the purpose of creating bio-mass for industrial consumption.\n"
    },
    "57119": {
        "url": "/comment/57119",
        "comment": "It\u2019s curious that you would look to expand the wood pellet industry \u2013 it\u2019s a false climate solution that is dirtier than coal at the smokestack. How would it be to invest in proven clean renewable energy such as solar and wind that come with jobs that will continue for a long time. This biofuel technology is not going to sustain itself for very long, and will take us even further away from where we need to be going: zero emissions.\nFor our Kids Northshore BC\n"
    }
}