{
    "57031": {
        "url": "/comment/57031",
        "comment": "I can't imagine that burning wood pellets to produce electricity is a climate friendly alternative to fossil fuels.   Just as coal, wood is a very dirty fuel and has an enormous carbon footprint at the smokestack.\nLet's find true alternative productions of electricity.\nI urge you to stop this industry\n"
    },
    "57039": {
        "url": "/comment/57039",
        "comment": "Il y a diverses solutions pour produire de l'\u00e9lectricit\u00e9, utiliser des arbres ne devrait pas en \u00eatre une en pleine urgence climatique. Veuillez svp ne pas donner suite \u00e0 ce projet, d'autant plus que nous devons, comme pays, diminuer nos besoins en \u00e9nergie en utilisant mieux l'\u00e9lectricit\u00e9 \u00e0 laquelle nous avons acc\u00e8s.\n"
    },
    "57040": {
        "url": "/comment/57040",
        "comment": "Please do not expand the use of biomass use for the wood pellet industry. We absolutely should not be enhancing a \u201csolution\u201d that is NOT protective of the environment. Burning trees (waste wood and, inevitably, new harvest) is leading us into the exact opposite direction we need to be going in to reduce carbon release and halt the unfolding environmental disaster we\u2019re experiencing. It is time to expand solar and wind solutions, not a \u201cburning\u201d disaster. It is time to retreat from old technology like wood pellet burning.\n"
    },
    "57041": {
        "url": "/comment/57041",
        "comment": "I feel that it's a very bad idea to push biomass as a means to replace fossil fuels. Per se, it cannot be considered as renewable energy as some mature trees are included in the mix and the burning of pellets is generating fumes worst than coal at the smokestack.\nThe Ontario government is also largely selling the forest biomass industry as a circular economy because of the claim that it only uses \u201cmill by-products\u201d aka, waste wood, to manufacture wood pellets. However, many Canadian provinces including Ontario are logging whole trees from primary forests to meet the growing demand for wood pellets.\nThe argument to expand the forest-biomass industry, particularly the wood pellet sector, to provide low-carbon jobs in replacement of fossil fuel jobs isn\u2019t valid. Amidst an ever growing climate crisis, we simply can\u2019t afford to keep chopping down forests to make a fuel that emits immense amounts of carbon dioxide. Moreover, it can take centuries for forests to regain the majority of their carbon storage after being logged.\nPlease discard this false good idea.\n"
    },
    "57042": {
        "url": "/comment/57042",
        "comment": "The wood pellet industry is even worse for the environment than coal. You can't market it as a \"clean energy\", that is simply a lie. Burning wood pellets is not clean, and continuing or increasing deforestation is the exact opposite of what we need to be doing for the climate. Stop pushing the wood pellet industry and Strat investing in actual clean energy like wind or solar.\n"
    },
    "57045": {
        "url": "/comment/57045",
        "comment": "Biomass can be a useful byproduct of Forestry, but this Draft Action Plan describes a misguided policy, and it should be abandoned. Any burning of biomass for heat or energy (CHP) adds to our greenhouse gas (GHG) emissions, and should be prohibited.\nThe burning of biomass causes significant harm to public health and the global environment. New jobs and increased GDP do not justify the known harms. Do not pursue this Plan.\n"
    },
    "57047": {
        "url": "/comment/57047",
        "comment": "Give your heads a good hard shake. One of the main products of Ontario\u2019s forest biomass industry is wood pellets. Wood pellets are marketed as a clean energy alternative, but we already know that wood pellets are dirtier than coal at the smokestack!\nIncreasing deforestation as a climate solution is not viable at all !  While the government and industry claim that only waste wood is used to manufacture wood pellets, more whole trees from primary, boreal forests are being logged to meet the demands of this growing industry.\nThe Ontario government claims that expanding the wood pellet industry will provide alternative employment for fossil fuel workers, but these would be jobs in an industry that dumps more carbon into the atmosphere than what it's replacing! How is that helping? We need alternative energy NOW!\n"
    }
}