{
    "55201": {
        "url": "/comment/55201",
        "comment": "One of the main products of Ontario\u2019s forest biomass industry is wood pellets. Wood pellets are marketed as a clean energy alternative, but we know that wood pellets are dirtier than coal at the smokestack. Increasing deforestation as a climate solution is not viable. While the government and industry claim that only waste wood is used to manufacture wood pellets, more whole trees from primary, boreal forests are being logged to meet the demands of this growing industry. The Ontario government claims that expanding the wood pellet industry will provide alternative employment for fossil fuel workers, but these would be jobs in an industry that dumps more carbon into the atmosphere than what it's replacing.\n"
    },
    "55203": {
        "url": "/comment/55203",
        "comment": "It is perplexing that we are considering burning wood as a climate solution. The climate crisis is a function of high levels of heat-trapping greenhouse gases in the atmosphere, which include carbon dioxide; carbon dioxide is what is released when biomass is burned; when we allow biomass (such as wood) to break down naturally in the environment, that carbon content is stored in the soil for reincorporation into the life cycles of the ecosystem; we should preserve existing woodlands and forests, and focus resources on rewilding additional areas so as to further enhance these natural carbon storage cycles instead of deliberately establishing any sort of policy that would encourage burning biomass and thereby releasing even more carbon into the atmosphere. We are facing an existential threat to our collective survival; this is not the place to be looking for profitable economic opportunities. While the government and industry claim that only waste wood is used to manufacture wood pellets, more whole trees from primary, boreal forests are being logged to meet the demands of the growing biomass pellet industry. The sciene indicates that radical shifts in our earth's climate systems are already underway; we can, however, still mitigate the worst impacts of this unfolding tragedy by abadonning delusional initiatives such as this one.\n"
    },
    "55204": {
        "url": "/comment/55204",
        "comment": "Please Please protect our forests at all costs as it will impact our future.  What will our children think of us ? Will they forgive us, and what will we leave them. Yes Canada seems to have endless trees but didn't the oceans of the world seem that way 20-30 years ago. And now look...coral is a very very big clue !!!\n"
    },
    "55210": {
        "url": "/comment/55210",
        "comment": "Destroying forests to make paper products when we should be using our cloths to wipe up spills, and to make super-soft toilet paper, but to now mow down the carbon-reducing forests, home to many species and keeping water clean, the new plans to create electricity from trees is the last desperate attempt of the government to avoid investing in renewable electricity creation with geothermal (the deep earth industrial kind) and home-owner units, and support for wind and solar production, whether subsidizing property owners or incentivising private companies to build larger energy \"farms\".\n"
    },
    "55211": {
        "url": "/comment/55211",
        "comment": "Studies indicate that the manufacture of wood pellets and burning them will cause more pollution and destroy more trees than alternative green energy projects: Yale School of the Environment.\nOur atmosphere is polluted, our waters are poisoned, our hills are denuded, microorganisms and wildlife are increasingly exterminated, all this caused by humanity being the fouler of its own nest. The production and burning of wood pellets increase this sad lack of stewardship.\n\u201cIf you do not have a loving concern for the environment in which you dwell, it will no longer sustain you. You will not be worthy of it. You will not be destroying the planet. You will not be destroying the birds, bees, or the flowers, or the grain, or the animals. You will not be worthy of them, and they will be destroying you.\u201d  \u2018Seth Speaks: The Eternal Validity of the Soul\u2019 by Jane Roberts (1972).\n"
    }
}