{
    "57221": {
        "url": "/comment/57221",
        "comment": "One of the main products of Ontario\u2019s forest biomass industry is wood pellets. Wood pellets are marketed as a clean energy alternative, but we know that wood pellets are dirtier than coal at the smokestack.\nIncreasing deforestation as a climate solution is not viable. While the government and industry claim that only waste wood is used to manufacture wood pellets, more whole trees from primary, boreal forests are being logged to meet the demands of this growing industry.\n"
    },
    "57222": {
        "url": "/comment/57222",
        "comment": "Burning trees by way of wood pellets is NOT\nAn option anywhere in Canada. This fuel is not helping the Climate solution we are seeking.\nIn Vancouver, BC all fires, including wood burning fireplaces are banned in order to keep our air clean.\nWhen are government officials going to wake up and realize that the Trees give us the oxygen we need to stay alive!\nThe trees need what we exhale, in short,  we need each other for survival.\nWhy not explore sustainable options such as Solar power, wind farms & Hydro power.\nThanks!\n"
    },
    "57224": {
        "url": "/comment/57224",
        "comment": "Hey Ontario Government\nPlease, please, this evening after reading these comments kick back with a beverage and locate and watch  \u201cThe Nature of Things - what trees talk about\u201d.   PLEASE.   Because David Suzuki says it so much better than I can.  PLEASE WATCH THE SCIENCE!\nThen think about the fact that we in Canada have the privilege and responsibility of possessing the last great forest on earth.\nWe must stop this foolish burning of wood for electricity!\nYOU have the power to slow climate change, save countless species of plants and animals from extinction and make it possible for future generations to enjoy nature as you did.\nI believe it is possible to manage our forests in a sustainable way, but it can\u2019t be done if there is nothing left to manage\nThank you, and PS:  Stop the spraying too!\n"
    },
    "57225": {
        "url": "/comment/57225",
        "comment": "Increasing the use/burning of forest biomass for energy is deeply concerning to me. Burning wood is not clean energy!\nThere are laws in place that severely limit the burning of wood in populated areas, because of the poisonous nature of the resulting smoke. Many of us have experienced the horrible, painful results of living downwind of large forest fires. I repeat - burning wood is not clean energy - no matter how you finesse it, no matter how far you keep it away from highly populated areas. You will still be creating greenhouse gasses that affect everyone, eventually.\nAlso, if you increase the demand for the wood pellets necessary for this industry, that will inevitably result in whole trees being cut down to service this industry. That's not something we want to be doing right now! In case you missed it, there is a climate crisis happening world-wide, and any country that burns much of anything is subject to international censure. And rightly so!\nIf you can't do the right thing because it's the right thing, spare a thought for Canada's reputation on the International stage. We've taken some big hits recently for things that happened in the past. Let's not create new disasters!\n"
    },
    "57226": {
        "url": "/comment/57226",
        "comment": "Please stop the green washing! We are tired of the liberal government intentionally deceiving the public about issues like wood pellet burning. Burning wood pellets is dirtier than burning coal and informed voters know it! We don\u2019t have time for these games.\nHere in the BC, we already lack clean-air due to forest fires because of the liberal government\u2019s irresponsible lack of action. The Canadian people will no longer tolerate this kind of behaviour. It\u2019s becoming embarrassing to be Canadian the way we refuse to take serious action on climate change.\nWe need to immediately move to clean energy solutions. It\u2019s ultimately better for the economy and essential for us to have any kind of a future on this planet. Clean energy also provides jobs! Let\u2019s get on with it! Stop embarrassing us!\n"
    },
    "57235": {
        "url": "/comment/57235",
        "comment": "Once again our Ontario Government is making bad decisions. We cannot afford false climate solutions that are marching us into planetary catastrophe while trampling Indigenous Sovereignty and crucial biodiversity.\nBurning wood pellets is WORST than burning coal! You must stop expanding the wood pellets industry as it clear this is not there is nothing \"clean\" about it!\n"
    },
    "57236": {
        "url": "/comment/57236",
        "comment": "If the Ontario government believes that producing wood pellets to burn for fuel has a future as employment for fossil fuel workers it is mistaken. In some countries burning wood pellets is not allowed because it is so polluting. The market for wood pellets will shrink, not grow.\nBoth the present and the future employment opportunities are in clean technology.\n"
    }
}