{
    "55109": {
        "url": "/comment/55109",
        "comment": "One of the main products of Ontario\u2019s forest biomass industry is wood pellets. Wood pellets are marketed as a clean energy alternative, but we know that wood pellets are dirtier than coal at the smokestack.\nIncreasing deforestation as a climate solution is not viable. While the government and industry claim that only waste wood is used to manufacture wood pellets, more whole trees from primary, boreal forests are being logged to meet the demands of this growing industry.\nThe Ontario government claims that expanding the wood pellet industry will provide alternative employment for fossil fuel workers, but these would be jobs in an industry that dumps more carbon into the atmosphere than what it's replacing.\n"
    },
    "55112": {
        "url": "/comment/55112",
        "comment": "Wood pellets are not environmentally friendly. And it makes no sense to cut down our forests to use for fuel. Burning our carbon sinks to release carbon is logically a very stupid idea. We need more solar and wind projects if we are really going to help the environment. I encourage the Ontario government  to rethink this very flawed piece of legislation.\n"
    },
    "55113": {
        "url": "/comment/55113",
        "comment": "Increasing deforestation as a climate solution is not viable. While the government and industry claim that only waste wood is used to manufacture wood pellets, more whole trees from primary, boreal forests are being logged to meet the demands of this growing industry.\nThe Ontario government claims that expanding the wood pellet industry will provide alternative employment for fossil fuel workers, but these would be jobs in an industry that dumps more carbon into the atmosphere than what it's replacing.\n"
    },
    "55114": {
        "url": "/comment/55114",
        "comment": "Wood pellets are marketed as a clean energy alternative, but we know that wood pellets are dirtier than coal at the smokestack.\nIncreasing deforestation as a climate solution is not viable. While the government and industry claim that only waste wood is used to manufacture wood pellets, more whole trees from primary, boreal forests are being logged to meet the demands of this growing industry.\nExpanding the wood pellet industry will not provide alternative employment for fossil fuel workers.  These would be jobs in an industry that dumps more carbon into the atmosphere than what it's replacing.\n"
    },
    "55116": {
        "url": "/comment/55116",
        "comment": "One of the largest contributors to climate change is deforestation. Look at an aerial photograph of cultivated land, where forests would slowly take up carbon dioxide and bury it into new biomass and consequently form more soil. This carbon sink is lost with cultivated land. This carbon sink is lost with reducing forests for any reason, whether it be grey development or agricultural land. Why would we allow for loss of forest to generate biomass? The release of carbon captured in this biomass and the instantaneous loss of capacity to capture more carbon by destroying existing sinks would be devastating. Increasing forest biomass harvest amounts at all is a bad plan for reducing green house gas emissions, because it will reduce the ability of forest to capture carbon in the first place. Jobs in forestry can be directed to other sustainable industries such as geothermal heating and cooling in local communities or small scale manufacturing of specialized equipment for this industry.\n"
    },
    "55118": {
        "url": "/comment/55118",
        "comment": "One of the main products of Ontario\u2019s forest biomass industry is wood pellets. Wood pellets are marketed as a clean energy alternative, but we know that wood pellets are dirtier than coal at the smokestack.\nIncreasing deforestation as a climate solution is not viable. While the government and industry claim that only waste wood is used to manufacture wood pellets, more whole trees from primary, boreal forests are being logged to meet the demands of this growing industry.\nThe Ontario government claims that expanding the wood pellet industry will provide alternative employment for fossil fuel workers, but these would be jobs in an industry that dumps more carbon into the atmosphere than what it's replacing.\nWe cannot afford false climate solutions that are marching us into planetary catastrophe while trampling Indigenous Sovereignty and crucial biodiversity. We must demand better from the Ontario government and stop the expansion of this false climate solution in its tracks.\n"
    },
    "55120": {
        "url": "/comment/55120",
        "comment": "It is unacceptable to log/cut down forests for biomass. Canada cannot meet our climate targets if we continue to burn wood and use biomass, let alone expand the industry. Biomass is not a clean energy alternative. More focus should be placed into cleaner renewable energies that will not continue to put carbon into the atmosphere, not expanding the biomass industry in Canada. I oppose this plan.\n"
    },
    "55121": {
        "url": "/comment/55121",
        "comment": "Logging timber for burning to create electricity is unsustainable. The taking of forests and trees must stop - the damage to the environment is too costly. Logging, and reducing wood into pellets, uses too much energy and resources to produce. Read Annie Proulx's book Barkskins; a bestselling epic about the demise of the world\u2019s forests: perhaps the greatest environmental novel ever written with possible ecological collapse unfolding catastrophe. Stop the taking of forests. There are other solutions - more creativity is required to solve this problem.\n"
    },
    "55125": {
        "url": "/comment/55125",
        "comment": "I am appalled. Increasing deforestation as a solution to climate change is nonsense. How is it possible for Ontario\u2019s Conservative Government to suggest that wood pellets can be marketed as a clean energy solution.\nYou are claiming that expanding the wood pellet industry will provide alternative employment for fossil fuel workers, but these would be jobs in an industry that dumps more carbon into the atmosphere than what it's replacing.\nThis is not a solution.\nLess expensive Hydro is a solution - to encourage those burning wood pellets as a lower cost alternative to reduce their use.\nPlease focus on a solution that will actually reduce our carbon footprint, Deforestation and burning is not a solution.\n"
    },
    "55126": {
        "url": "/comment/55126",
        "comment": "No.  Earth has given us and is giving us all we need, but its resources are finite.  Earth cannot afford to have the decreasing biomass, carbon sink, health giving trees taken down to burn and emit more pollution.\nAbandon this plan and re-instate the environmental provision the Ontario government cancelled at great expenses when it came to power.\nAs a very concerned grandmother I thank you for taking the wise course of action.\n"
    },
    "55128": {
        "url": "/comment/55128",
        "comment": "We should be planting more trees not cutting them down!  That is ruining so many homes and endangering\nwildlife and our eco system!  How is this even a thought? Why don't we burn garbage like they are doing over in the Sweden, it would solve so much!  Reduce  our landfills there will never be a shortage of garbage and it will save lives!\n"
    },
    "55129": {
        "url": "/comment/55129",
        "comment": "I\u2019m concerned with biomass energy running out of deadfall and scrap wood to make pellets and having to switch to cutting down healthy living trees in order to keep electricity flowing. Burning wood also releases carbon dioxide into the air which we are trying to avoid. Switching from burning one fuel source to another isn't going to solve any environmental issues. We need to start new power projects that don\u2019t have climate concerns. By investing in renewable power options, it will encourage new tech that will lower costs and increase efficiency.\n"
    }
}