{
    "57075": {
        "url": "/comment/57075",
        "comment": "DONT EXPLAINED the industry. Your trading one poison for another, and it\u2019s well established the \u201cbiomass\u201d is not only \u201cwaist wood\u201d but whole trees  to meet the growing demand. Timber is not a viable solution and a massive construction project to make wind and solar not only the primary but the ONLY sources of power for ALL Canadians would employ a significantly larger work force then logging dose now. or what about bringing clean water to indigenous community\u2019s so we can drop the boil water order? Haven\u2019t we ignored them long enough? And perhaps we can learn from history not only to admit our apartheid past but but do something about it?\nOn a unrelated note. Have you ever heard of COB or RAMMED EARTH ? Building without trees! Unimaginable right?\n"
    },
    "57079": {
        "url": "/comment/57079",
        "comment": "Leave the trees alone.  Logging of the Borial forests is not the answer.  Again, Man is destroying the very thing that aids in living.\nI suggest, investing in wind power.  So much research has been done with this sustainable energy and so much more could be improved, if the money is there to continue the research.\n"
    },
    "57081": {
        "url": "/comment/57081",
        "comment": "Wood pellets being burned to produce electricity??  When this produces more pollution than burning coal??  NOW they are expanding the making of these wood pellets from milling waste to cutting down the Boreal Forest to produce more pellets!!??\nI thought you were trying to get rid of the last 24 coal burning plants and now you are investing into an even dirtier form??  SERIOUSLY??\n"
    },
    "57084": {
        "url": "/comment/57084",
        "comment": "Coal is really bad for putting CO2 in the air and atmosphere. Yes. BUT wood pellets are DIRTIER than coal when they burn like at the smokestack.\nI know you want to sell wood pellets probably  overseas, because some countries think they they are being green even when they burn wood pellets. Sooner rather than later that myth will be exposed  and the backlash will mean no more selling wood pellets to them.\nSo why not stop now. Or at least don't increase!\nWe are in a CLIMATE EMERGENCY. Right now as you read this, think what you will say to your grandkids when their world is practically unlivable! I didn't know? I didn't care? I thought it would all work out ? I figured I could cheat and someone else would pay the price.?  EVERY CHILD WILL PAY. EVERY CHILD WILL SUFFER.\nCan you replant? Yes, if you have many decades or centuries. New trees don't pull down, from the air, a fraction of CO2 that old growth trees do. So those trees you cut can't pull down CO2 any more. BUT ALSO those old growth trees are going to emit  a huge amount of CO2 that they had stored in their leaves, roots and beneath the soil. That's two ways CO2 enters the atmosphere from one cutting.\nJOBS ? Are you going to tell me that the biggest and brightest of our companies can't figure out a better way to create jobs. I don't believe it. I have much more faith in you.\n"
    },
    "57085": {
        "url": "/comment/57085",
        "comment": "Thank you for developing this action plan. A circular economy in the far north is a great objective. I support the re-use of otherwise waste wood by-products in heating and energy systems. I am opposed to the harvesting of saw-log-worthy trees solely for biomass use. I do not want to see Ontario's forests cut down and turned into wood pellets.\nI strongly support the involvement of First Nations people in creating wood processing plants and in benefitting from the products. It certainly makes sense to use wood for heat and power in remote areas. Indigenous stewardship of the forests is also critical. A forest is not just standing timber, unless it is a plantation. A forest is an ecosystem that supports many forms of flora and fauna; the local knowledge must be respected so that such systems can thrive.\n"
    },
    "57087": {
        "url": "/comment/57087",
        "comment": "I must admit burning wood including pellets from trees harvested for that purpose is just about the stupidest idea I've ever heard. Not only does the burning create more CO2 emissions than does burning coal, but the standing trees are aborbers of greenhouse gases.\nIf we want to destroy our planet for short term gain, there is probably no better way than to burn wood for \"energy\". Please recommend an immediate end to this madness.\n"
    },
    "57090": {
        "url": "/comment/57090",
        "comment": "STOP using wood pellets to produce energy. That is an extremely outdated method, and now it is shockingly irresponsible. Our forests are suffering unprecedented losses as it is, without being ground up to provide power, which water, gas, wind, and nuclear already do. Enough is enough. Stop the pellets.\n"
    },
    "57092": {
        "url": "/comment/57092",
        "comment": "Burning wood pellets to generate electricity is going in the wrong direction to support actions to deter climate change. Surely, we can do better.\n"
    }
}