{
    "55426": {
        "url": "/comment/55426",
        "comment": "One of the main products of Ontario\u2019s forest biomass industry is wood pellets. Wood pellets are marketed as a clean energy alternative, but we know that wood pellets are dirtier than coal at the smokestack.\nIncreasing deforestation as a climate solution is not viable. While the government and industry claim that only waste wood is used to manufacture wood pellets, more whole trees from primary, boreal forests are being logged to meet the demands of this growing industry.\nThe Ontario government claims that expanding the wood pellet industry will provide alternative employment for fossil fuel workers, but these would be jobs in an industry that dumps more carbon into the atmosphere than what it's replacing.\nOntario is also home to North America\u2019s largest forest biomass-only electricity generating station. They claim that the province is a leader in the emerging green economy because of the \u2018clean electricity\u2019 produced from wood pellets, but we know that burning wood pellets is dirtier than coal at the smokestack. The Ontario government is using that as a key point to justify expanding the industry. They are intentionally deceiving the public to generate higher demand and open up new market pathways.\nThe Ontario government is also largely selling the forest biomass industry as a circular economy because they claim that it only uses \u201cmill by-products\u201d aka, waste wood, to manufacture wood pellets. However, many Canadian provinces including Ontario are logging whole trees from primary forests to meet the growing demand for wood pellets. One of the key objectives (objective 3) of this action plan includes, \u201cstreamline permitting and reduce regulatory burden for all sectors which use forest biomass,\u201d which is concerning because that essentially means there would be fewer environmental checkpoints. Ontario has already gutted the Endangered Species Act, which is a key regulatory body.\nThe argument to expand the forest-biomass industry, particularly the wood pellet sector, to provide low-carbon jobs in replacement of fossil fuel jobs isn\u2019t valid. Amidst an ever growing climate crisis, we simply can\u2019t afford to keep chopping down forests to make a fuel that emits immense amounts of carbon dioxide. Moreover, it can take centuries for forests to regain the majority of their carbon storage after being logged. Once again, wood pellets are a false climate solution.\n"
    },
    "55428": {
        "url": "/comment/55428",
        "comment": "One of the main products of Ontario\u2019s forest biomass industry is wood pellets. Although wood pellets are marketed as a clean energy alternative, we know that it's dirtier than coal at the smokestack.\nAnd while the government and industry claim that only waste wood is used to manufacture wood pellets, more whole trees from primary, boreal forests are being logged to meet the demands of this growing industry. Increasing deforestation as a climate solution is not viable.\nThe Ontario government claims that expanding the wood pellet industry will provide alternative employment for fossil fuel workers, but these would be jobs in an industry that dumps more carbon into the atmosphere than what it's replacing.\n"
    },
    "55431": {
        "url": "/comment/55431",
        "comment": "While in theory a forest biomass action plan seems viable as a substitute for environmentally harmful fossil fuels, the implementation of this plan is extremely contradictory and not completely transparent in its efforts. For instance, the burning of forest biomass such as wood pellets for energy is dirtier than coal, yet is marketed as clean energy. In addition, despite claims that biomass is sourced from mill by-products, increasing energy demands put old growth forests at the brunt of the forest biomass industry. If Ontario truly wants to support the emerging green economy and create new low carbon jobs, the focus should be on renewable energy. We must stop the extraction and use of finite natural resources as sources for our livelihood, whether that be fossil fuels or forests.\n"
    },
    "55441": {
        "url": "/comment/55441",
        "comment": "For every solution to the climate crisis, there are ten dead ends. Learning to recognize the dead ends as soon as possible is essential if we want to have a chance of turning things around. Turning trees into nice burnable pellets is crazy making. Science is all about being open to reality. Business is all about squeezing the last dollar out of every venture regardless the effect on us all. Re-new-able makes sense when the process makes sense. Re-new-able cancer is crazy making. Re-new-able carbon dioxide forming pellets is also crazy making. There are unlimited solutions to our climate crisis. Turning carbon dioxide eating trees into carbon dioxide producing pellets is not one of them.\nEgo & profit are the only reason to continue this project. Man kind can no longer waste our time and energy feeding people's ego and corporations profits at the expense of the destruction of the earth.\nEvery adventure is going to produce dead ends. We simply have to suck it up and move one. Attempting anything is about how much time you waste once you know it is not working, before you move on to what else you might try. For the sake of us, let go and put those brilliant minds into the problems at hand, the daily deliberate destruction of our beautiful planet.\nThank you for listening.\n"
    }
}