{
    "55484": {
        "url": "/comment/55484",
        "comment": "Dear Madam, Sir,\nCutting down forests to provide wood to burn for electricity is truly crazy. We should be protecting our forests, investing massively to reduce our electricity consumption.\nRenewable sources such as wind and solar are the best options for energy production, with a base production from nuclear and natural gas stations to adapt to peak loads.\nUnder no circumstances should trees be cut down to produce electricity.\n->Adrian\n"
    },
    "55496": {
        "url": "/comment/55496",
        "comment": "I\u2019m still trying to understand how these companies don\u2019t have criminal charges against them for producing a product that so toxic.\nEven when they do get caught, they laugh and move on with their destructive ways.\nClimate change is such an old part of our world, it wasn\u2019t called climate change but it was discovered in the early-mid 1800s.  It was known, but only really dire in the last 60+ years; even that is so sickening to know that and companies continued dishonestly to kill us and the planet.\nLobbyist against protecting the environment and our health are a very nasty part of the problem.  Money, as we know, is the root of their evil.\nSome companies are owning up to their contribution to our environments sick state and are making beneficial changes.  Car companies are pushing more EVs, and committing to help and not ignore.  Food companies are working to move away from single-use plastics and more with the help of governments that are banning those plastics with a due date.\nBut for some messed up reason, oil and gas companies get money thrown at them to continue through subsidies.  Money to expand, to be destructive on land that is not theirs, ignoring the rightful owners.  Indigenous peoples all over the world are treated so badly, so disrespectfully; bullied, attacked and they are peaceful when they protest.  The word reconciliation is thrown around by governments, but it would seem the meaning is lost.\nListen, those of us that want to protect our planet understand that it\u2019s not an overnight thing.  But if oil and gas companies are part of the solution then unfortunately they are going to lose out.  Electric vehicles will solely and surely take over and oil and gas will be left behind and disappear.  They can invest in green energy, instead of fighting what is inevitable: the world is going green.\n"
    },
    "55500": {
        "url": "/comment/55500",
        "comment": "Environmental Registry Submission\nI do not agree with the premise that wood pellet production for the purpose of producing electricity is a plus for the environment. Why?\n(1)\tOntario's electricity needs are predominantly meet through nuclear and water power as well as solar and wind with some natural gas-powered plants primarily used for peak power. In the latter case there is now being developed carbon sequestration technologies that eliminate CO2 emissions.\nGreen energy slogans for political purposes only should be eliminated in this policy proposal for that reason. It is bad enough that greenies sometimes propose projects that can and have done enormous ecological damage in the past. This proposal, in its own way contributes to that. For example, the science is in with respect to the enormous ecological damage done by damming large river systems worldwide for green power; and many rivers are now being freed and/or being considered for reversal.\n              The whole premise of using wood to replace coal is ridiculous. Even in the US private sector\npower generating companies have and are still converting coal burning power plants to natural gas.\n(2)\tEffectively then this project is totally about converting the totality of the Boreal Forest into a tree farm for economic and northern development reasons. In principle I have no quarrel with this but it must be done in an ecologically sustainable manner. In this context this means that Ontario\u2019s Boreal Forest cannot become one giant mono culture tree farm\nThe wood supply will come from Ontario's Boreal Forest area meaning that even more of this area will be subject to industrial style forest practices including herbicide spraying to eliminate any competing biomass; effectively creating a mono-culture (a tree farm rather than a forest). Real forests can be logged sustainably; Algonquin Park is a good example. This should be considered as a management strategy for the whole Boreal Forest but in a way that large tracts and related corridors are left untouched.\nThe bigger environmental threat is not from climate change but from degraded ecosystems in terms of ecological integrity and diversity. In this sense the biggest ecological threat worldwide is industrial scale farming, fishing and forestry which will ultimately lead to large scale extinctions and broad scale ecological collapse.\nThis proposal is solely about maintaining employment opportunities in the north; and I am for that but only in the context of environmentally sustainable ways.\n"
    },
    "55502": {
        "url": "/comment/55502",
        "comment": "The boreal forest is the lungs of Ontario.  It houses a large amount of biodiversity and it sequesters huge amounts of carbon.  Responsible forestry is mandatory.  However, increased forestry is not a climate solution.  Burning wood pellets is dirtier than coal at the smokestack.  It does not provide \"green\" jobs for former fossil fuel employees.  The wood pellet industry expansion needs to stop.\n"
    },
    "55507": {
        "url": "/comment/55507",
        "comment": "This is an abhorrent practice that needs to stop immediately.  There are too many of these plants in Ontario,  and far too many period in Canada.  The numbers of these hydro plants are increasing at an alarming rate. The main reason for concern is that this is not a sustainable hydro generation practice. After trees in the area have been logged, the energy source can become cost prohibitive to bring in,  and out of necessity, burning other substances may be allowed to maintain plant output art the expense of the environment.  Emissions from these plants need tighter regulation to avoid communities from being exposed to harmful soot, and smoke. Please Ontario politicians lead our province in the right direction and invest in hydro generation that will benefit generations to come not just for short term solutions.\n"
    },
    "55509": {
        "url": "/comment/55509",
        "comment": "Stop expanding the wood pellet industry \u2013 it\u2019s a false climate solution that is dirtier than coal at the smokestack.\nBurning wood pellets is dirtier than coal at the smokestack.  Many Canadian provinces including Ontario are logging whole trees from primary forests to meet the growing demand for wood pellets. Streamlining permitting and reducing regulatory burden for all sectors which use forest biomass will mean there will be fewer environmental checkpoints.  Amidst an ever growing climate crisis, we simply can\u2019t afford to keep chopping down forests to make a fuel that emits immense amounts of carbon dioxide. Moreover, it can take centuries for forests to regain the majority of their carbon storage after being logged. Once again, wood pellets are a false climate solution.\nThe great transition to an economy that runs on sustainability and respect for the future must happen now. False climate solutions like wood pellets are not what we need.\n"
    },
    "55521": {
        "url": "/comment/55521",
        "comment": "I beg you to please reconsider the proposal to expand the wood pellet industry as a replacement for fossil fuels.\nIt is a proven fact that burning wood pellets increases pollution- they are just as toxic and dirty as the fuel they are replacing.\nI also believe that this is is only accelerating the destruction of forests and old growth woodlands to produce extra \u201cwaste product\u201d for pellet production.\nThere are better ways to produce electricity than using trees. Please abandon this disaster-laden policy. This is green-washing at its finest!!!\n"
    },
    "55525": {
        "url": "/comment/55525",
        "comment": "There is no scientific evidence to support the claim that burning wood is carbon neutral, in fact the exact opposite has been confirmed.  Destroying forests to produce electricity is counter productive.  It not only destroys natural habitat for wildlife but reduces the planets ability to naturally absorb carbon while expelling all that was retained in the trees being burned.  This make work project is unsustainable and not in the best interests of workers, Ontarians as a whole, or the health of our planet.\nPlease prevent further destruction of our forests for the unsustainable use of forestry products.  With the move towards renovating existing buildings and constructing new high efficiency buildings the demand for lumber will increase which will put greater pressure on our forests.  Adding to the pressure with the chipping of whole trees to produce electricity is clearly not a wise or responsible option.  We are seeing more and more examples of the repercussions of our poor choices everyday, please do not add to those poor choices.\n"
    },
    "55529": {
        "url": "/comment/55529",
        "comment": "Destroying our futures forest that we need even more now then ever with climate change! Also the smoke from burning trees them and resources plus man power to cutting them down is not worth it either from a financial point of view. Fusion or true green energies from sun, wind and water our the way of a healthy strong future. Let\u2019s choose right this time and help the generations to come.\n"
    }
}