{
    "57625": {
        "url": "/comment/57625",
        "comment": "An important cosmological mathematician, physicist and bio-physicist of our time, Brian Swimme, has noted that as human being in this crucial time of decision-making re. the continuation of life systems of the planet, we need to acknowledge and become alert to the fact that:\nHuman beings are presently acting with macrophase (ultimate) power and microphase wisdom. This latteris revealed by the little regard by human decision-making based on understanding of the interconnection of all elements that mean creation in all its forms, (including human) can continue if in a right - relation balance for life).\nSimply but profoundly put, we as human beings are able to breathe (take in oxygen) because of the action of the trees absorbing and \"metabolizing\") carbon dioxide. We breathe because they breathe.\nFor the future of our human presence on the earth and our future generations, I urge for a pausing and further considerations through expert investigations re. possibility of an increase of further tree harvesting for increasing pellet production. May we act on a vision to participate in wise decisions now for the sake  of future life as an earth community continuing on. Otherwise, we are ultimately on a suicidal path here.\n"
    },
    "57626": {
        "url": "/comment/57626",
        "comment": "I oppose the action plan for expanding forest biomass energy generation in Ontario, and in Canada as a whole. The Ontario government is largely selling the forest biomass industry as a circular economy because they claim that it only uses \u201cmill by-products\u201d aka, waste wood, to manufacture wood pellets. However, many Canadian provinces including Ontario are logging whole trees from primary forests to meet the growing demand for wood pellets. This isn't just \"waste\" wood that's being used. One of the key objectives (objective 3) of this action plan includes, \u201cstreamline permitting and reduce regulatory burden for all sectors which use forest biomass,\u201d which is particularly concerning in light of the above.\n"
    },
    "57628": {
        "url": "/comment/57628",
        "comment": "Please, halt the expansion of the wood pellet industry.\nOne of the main products of Ontario\u2019s forest biomass industry is wood pellets. Wood pellets are marketed as a clean energy alternative, but we know that wood pellets are dirtier than coal at the smokestack.\nIncreasing deforestation as a climate solution is not viable. While the government and industry claim that only waste wood is used to manufacture wood pellets, more whole trees from primary, boreal forests are being logged to meet the demands of this growing industry.\nThe Ontario government claims that expanding the wood pellet industry will provide alternative employment for fossil fuel workers, but these would be jobs in an industry that dumps more carbon into the atmosphere than what it's replacing.\n"
    },
    "57630": {
        "url": "/comment/57630",
        "comment": "The forestry industry is marketing wood pellets (biomass) as a climate solution to replace fossil fuels, but burning wood pellets is dirtier than coal at the smokestack. While wood pellets are supposed to be made from wood waste and dead trees, we\u2019re seeing more whole trees from across Canada, logged and exported to produce carbon loaded energy internationally.\nWe cannot afford false climate solutions that are marching us into planetary catastrophe while trampling Indigenous Sovereignty and crucial biodiversity. I am absolutely against expansion of the biomass industry.\n"
    },
    "57636": {
        "url": "/comment/57636",
        "comment": "Growing trees to be subsequently burned is like mining coal that has sequestered carbon for aeons - also wood burning is deadly for asthmatics. It like the foolish project of burning food crops (biofuel) grown on land that is needed to feed the world.\nAll these blunders are done in the name of profit - they are to appease those who try to make us believe that climate can be addressed with minimal effect on GDP. As Einstein said: problems cannot be solved using the same methods over and over again. The neo-liberal belief that the market is the only way to solve problems has be proved false many times and has, in fact, led to the climate catastrophe we are now experiencing.\n"
    },
    "57639": {
        "url": "/comment/57639",
        "comment": "There is surplus hydro-electric energy from Quebec available to purchase at a very low cost to Ontarions. You know this. What's wrong with you? Ignorance (you don't believe in science) or are your pockets being lined by the lumber industry? Do you not care about the polluted planet that your children will inherit? Shame on you, if you can feel shame. Your mandate as \"leaders\" is done unless you smarten up.\n"
    },
    "57651": {
        "url": "/comment/57651",
        "comment": "Hey guys,\nJust so you know this unsustainable process should not continue.  I'll do my best to bring awareness to this issue.  It would be very embarrassing for all the parties involved and considering there's a provincial election soon you all might want to smarten up.\nThank you for doing the right thing and stopping this practice for your children and your children's children.\n"
    },
    "57655": {
        "url": "/comment/57655",
        "comment": "This has to rank as amongst the most cynical and cognitively dissonant thinking that we have experienced. We're just coming out of the Covid19 distraction, that has cost us almost 2 years of progress towards achieving the collective understanding and will required to deal with the climate emergency. To even conceive that cutting down more trees to continue the suicidal pollution that anyone anywhere can see for themselves is threatening the planet is almost unimaginable. We must PLANT MORE TREES and become more frugal and careful with our effluent outputs, not cut more down and burn them - wildfires are already again out of control across the planet!!! How much more misery and chaos will ensue because of such stupid decisions? Where's the accountability?\n"
    }
}