{
    "57517": {
        "url": "/comment/57517",
        "comment": "Stop the nonsense.\nFalse climate solutions, that\u2019s what cutting down forests for energy is.\nDeforestation is going to add to the problem not help solve it.\nDestroying and burning one of the solutions to our green house gas problem, while\nat the same time adding more carbon to the air than what it is replacing, while  is  problematic.\n"
    },
    "57519": {
        "url": "/comment/57519",
        "comment": "I am strongly against the expansion of Ontario's biomass industry as set out in its Draft Forest Biomass Action Plan.  Burning wood pellets (biomass) is not the solution to our climate crisis, and would in fact worsen the existing crisis.\nFirst, scientists have determined that burning wood pellets releases as much or even more carbon dioxide per unit of energy as burning coal.\nSecond, the Draft Forest Biomass Plan involves cutting down whole trees for biomass, rather than relying entirely on waste wood.  Increasing deforestation will only exacerbate the current climate issues. Expanding the biomass industry would also create increased demand for wood pellets and create a profit incentive to cut down more trees.  This encourages deforestation of ecologically sensitive areas, which are not easily regenerated.  We only need to look to the US for evidence of this.\nThird, to continue feeding the biomass industry, reforestation efforts would likely focus on species of trees that can be planted and regrown relatively quickly, so that they can be used to generate more wood pellets.  Biodiversity is critically important to the health of the environment, and we cannot be replacing the biodiversity of our forests with monocultures of fast-growing trees.\nUltimately, the Draft Forest Biomass Plan promotes an industry that is no better than the fossil fuel industry.  Attempts to paint this as \"sustainable\" are mere greenwashing.  We need real solutions to the climate crisis, including solutions that will increase biodiversity and protect our forests, not cut them down.  The Draft Forest Biomass Plan will do more harm than good, and the Ontario government should not proceed with this course of action.\n"
    },
    "57521": {
        "url": "/comment/57521",
        "comment": "I am strongly against the expansion of Ontario's biomass industry as set out in its Draft Forest Biomass Action Plan.  Burning wood pellets (biomass) is not the solution to our climate crisis, and would in fact worsen the existing crisis.\nFirst, scientists have determined that burning wood pellets releases as much or even more carbon dioxide per unit of energy as burning coal.\nSecond, the Draft Forest Biomass Plan involves cutting down whole trees for biomass, rather than relying entirely on waste wood.  Increasing deforestation will only exacerbate the current climate issues. Expanding the biomass industry would also create increased demand for wood pellets and create a profit incentive to cut down more trees.  This encourages deforestation of ecologically sensitive areas, which are not easily regenerated.  We only need to look to the US for evidence of this.\nThird, to continue feeding the biomass industry, reforestation efforts would likely focus on species of trees that can be planted and regrown relatively quickly, so that they can be used to generate more wood pellets.  Biodiversity is critically important to the health of the environment, and we cannot be replacing the biodiversity of our forests with monocultures of fast-growing trees.\nUltimately, the Draft Forest Biomass Plan promotes an industry that is no better than the fossil fuel industry.  Attempts to paint this as \"sustainable\" are mere greenwashing.  We need real solutions to the climate crisis, including solutions that will increase biodiversity and protect our forests, not cut them down.  The Draft Forest Biomass Plan will do more harm than good, and the Ontario government should not proceed with this course of action.\n"
    },
    "57522": {
        "url": "/comment/57522",
        "comment": "One of the main products of Ontario\u2019s forest biomass industry is wood pellets. Wood pellets are marketed as a clean energy alternative, but we know that wood pellets are dirtier than coal at the smokestack.\n    Increasing deforestation as a climate solution is not viable. While the government and industry claim that only waste wood is used to manufacture wood pellets, more whole trees from primary, boreal forests are being logged to meet the demands of this growing industry.\n    The Ontario government claims that expanding the wood pellet industry will provide alternative employment for fossil fuel workers, but these would be jobs in an industry that dumps more carbon into the atmosphere than what it's replacing.\n"
    },
    "57524": {
        "url": "/comment/57524",
        "comment": "I know from personal experience that biomass as fuel produces particulates in the air that make it really difficult to breath.  When you have societies formed in communities, all around the country, to help people cope with this assault on our breathing ability, then you know that we should NOT be pursuing this form of fuel.\n"
    },
    "57536": {
        "url": "/comment/57536",
        "comment": "Stop taking away our oxygen and also damaging the precious habitat of wildlife.  Every element within the environment that is naturally occurring, forest/trees/bogs, water, wildlife are part of our ecosystem; destroy one and you destroy it all like pushing over a domino tile, all of the others will topple until what is humans REALLY need in order to survive will be no more.\nPlease put your efforts into recycled pellets if any at all!  STOP POLLUTING AND DEFORESTING OUR majestic and needed trees now!\nThank you!\n"
    }
}