{
    "56804": {
        "url": "/comment/56804",
        "comment": "Please stop the expansion of the wood pellet industry.  Cutting down tress as a climate friendly energy solution is a false solution.  Burning wood pellets is as dirty and worse than burning coal. How can this be a solution?\nMore and more it seems that the expansion of the wood pellet industry sees a continuation of deforestation which threatens both indigenous sovereignty and biodiversity.\nWe need a better solution than this. If we are to fight climate change we need radical solutions.\nWe need solutions that put indigenous sovereignty and biodiversity first. Not false solutions that put profit before people and profit before the climate.\n"
    },
    "56805": {
        "url": "/comment/56805",
        "comment": "Why is the government still cutting down our Forrest\u2019s . Isn\u2019t it enough they have screwed up almost everything they touch. Now they want to strip away all the oxygen producing Forrest\u2019s. I always knew a politician sucked the air out of a room as soon as they enter. Now they decide that the whole country should suffer too.\n"
    },
    "56806": {
        "url": "/comment/56806",
        "comment": "The argument to expand the forest-biomass industry, particularly the wood pellet sector, to provide low-carbon jobs in replacement of fossil fuel jobs isn\u2019t valid. Amidst an ever growing climate crisis, we simply can\u2019t afford to keep chopping down forests to make a fuel that emits immense amounts of carbon dioxide. Moreover, it can take centuries for forests to regain the majority of their carbon storage after being logged. Once again, wood pellets are a false climate solution.\n"
    },
    "56808": {
        "url": "/comment/56808",
        "comment": "Hello, I've been made aware through stands.earth that you are thinking about expanding the deforestation to profit the pellet industry.\nWhile pellet is a good thing, to valorise and make use of the wood-industry waste, it become anti-ecological if it comes from fresh trees\nPlease stop for a second and think twice\nhow is that a good move, in 2021, to chop down trees and process it into pellets to make electricity ?\nSame as the highly polluting windmill, it's a joke on ecology.\nQuebec polluted a lot by building power dams, but now that they are here, why not make use of it ?\n\u00c9ric vH, a concerned citizen\n"
    },
    "56810": {
        "url": "/comment/56810",
        "comment": "Because wood is a less energy-dense fuel, biomass-burning plants emit more CO2 from their smokestacks than coal to generate the same amount of electricity. And cutting older trees and replacing them with saplings reduces a forest\u2019s carbon storage for decades or more (and only if those forests are allowed to regrow and not converted to plantations).\nEven when power plants burn forestry residues\u2014the leftovers from logging operations\u2014the result is more CO2 in the atmosphere for decades. This is incompatible with the urgent need to cut emissions to limit the damage from global warming.\n"
    },
    "56818": {
        "url": "/comment/56818",
        "comment": "We are in the midst of a climate emergency and this proposal is a serious mistake. It is like trying to put out a fire by throwing gasoline on it.\nWood pellets are marketed as a clean energy alternative, but the fact is that wood pellets are dirtier than coal at the smokestack.\nIncreasing deforestation as a climate solution is not viable. While the government and industry claim that only waste wood is used to manufacture wood pellets, more whole trees from primary, boreal forests are being logged to meet the demands of this growing industry.\nThe Ontario government claims that expanding the wood pellet industry will provide alternative employment for fossil fuel workers, but these would be jobs in an industry that dumps more carbon into the atmosphere than what it's replacing.\n"
    },
    "56820": {
        "url": "/comment/56820",
        "comment": "1. Wood pellets are dirtier than coal at the smokestack.\n2. Increasing deforestation as a climate solution is not viable.\n3. Expanding the wood pellet industry will provide alternative employment for fossil fuel workers, but these would be jobs in an industry that dumps more carbon into the atmosphere than what it's replacing.\n"
    },
    "56821": {
        "url": "/comment/56821",
        "comment": "I am extremely concerned about the possible expansion of Ontario's biomass industry. Wood pellets have been found to dirtier than coal at the smokestack, and any plan that promotes increasing deforestation as a climate solution is not viable! Please protect our air and follow through on Canada's commitment to positive climate action.\n"
    },
    "56822": {
        "url": "/comment/56822",
        "comment": "Using white wood pellets is the exact opposite of climate solution since trees help get rid of carbon dioxide. They shouldn\u2019t be used for this at all, trees should be left standing. This is an incredibly bad idea. Whoever\u2019s idea this was should not employd and certainly not paid by taxpayers dollars this is a horrible idea.\n"
    },
    "56823": {
        "url": "/comment/56823",
        "comment": "I do not support burning wood pellets for electricity. This is a retrograde idea that will only lead to more destruction of our environment and forests, and bring more CO2 into our atmosphere, which we all know we do not need. We have other, better ways to generate electricity and we should be investing in sustainable, green energy instead - wood pellets should not be branded as \"sustainable\".\n"
    }
}