{
    "57314": {
        "url": "/comment/57314",
        "comment": "There are sustainable replacements for coal or wood pellets or natural gas that do not contribute to greenhouse gas accumulation. Cutting and burning pelletized trees which in nature are CO2 sinks/absorption units is a moronic doubly-harmful means of energy production. Darwin\u2019s Rule evident once more as our species charges over the cliff of extinction. Government must ban this quickly as the capitalist system is incapable of self regulation in most instances.\n"
    },
    "57316": {
        "url": "/comment/57316",
        "comment": "Here in BC the old growth forests are being eliminated at a breathtaking speed. Protests are ongoing attempting to stop the stupid carnage of our forests. the same is true for Ontario\u2019s lumber industry and we need to stop, think and move in a green environmental manner as opposed to green washing.\nIf we don\u2019t end the wasting of our trees the future will be so grim for so many.\nClear commonsense has to prevail.\n"
    },
    "57319": {
        "url": "/comment/57319",
        "comment": "I am absolutely opposed to the proposed Forest Biomass Action Plan.  The use of wood-based materials as a source of energy would be a backwards step, in the opposite direction from where we need to be going in developing environmentally friendly and sustainable energy alternatives.  With the creation of emissions at least as harmful as those created by the burning of coal, this is an unacceptable solution.  It would also put old-growth and boreal forests at risk in the sourcing of wood for the process.  These forests are needed first and foremost for their carbon filtering function.\nThe wood pellet industry puts biodiversity at risk, produces an unacceptable amount of harmful emissions and creates no progress towards new truly green and sustainable industries.  It is a false solution, far more damaging than beneficial and I am completely opposed to any expansion of this industry.\n"
    },
    "57321": {
        "url": "/comment/57321",
        "comment": "Please don't do it... please do not destroy forests! How is that renewable??? One cannot plant back a forest. Once it is destroyed, the fine-tuned eco-system is gone forever, a planted forest cannot restore it. Please listen to science and preserve what can still be preserved of our wonderful planet. I cannot even imagine how the idea of burning forest for energy can sound reasonable to anyone. I cannot believe that in the age of science we go back to burning things. It breaks my heart when I think about it. Please preserve our forests, please. VS\n"
    },
    "57325": {
        "url": "/comment/57325",
        "comment": "Forests have far more value as reservoirs of carbon and of biodiversity than they do as burnable pellets for human consumption. Please rethink your economic strategies to make sure you are not promoting approaches that kill the golden goose.  We have far less polluting methods with which to heat our homes than this. Please restore investments in wind and solar power for renewable energy and electricity.  Not only climate change but also air pollution from burning substances will burn up Ontario healthcare dollars, and cause avoidable illnesses and deaths.  Please be wise.\n"
    },
    "57340": {
        "url": "/comment/57340",
        "comment": "Humans need nature more than nature needs us.  Forests have been unmanaged for eons, we must allow nature to be the infrastructure or we will need to build artificial infrastructure at a huge cost.\nWood pellets are marketed as a clean energy alternative, but we know that wood pellets are dirtier than coal at the smokestack.\nPublic is getting more educated about forests and all nature and the great ally nature is to us all.\n Increasing deforestation as a climate solution is not viable. While the government and industry claim that only waste wood is used to manufacture wood pellets, more whole trees from primary, boreal forests are being logged to meet the demands of this growing industry.  This is unacceptable\nThe Ontario government claims that expanding the wood pellet industry will provide alternative employment for fossil fuel workers, but these would be jobs in an industry that dumps more carbon into the atmosphere than what it's replacing.\nWe will hold governments and industry accountable as we never have before\n"
    },
    "57345": {
        "url": "/comment/57345",
        "comment": "Please do not allow the expansion of the wood pellet industry (especially under the guise of a climate solution). We cannot afford false climate solutions that are marching us into planetary catastrophe while trampling Indigenous Sovereignty and crucial biodiversity.\nSome very important key points that must be considered:\n1- One of the main products of Ontario\u2019s forest biomass industry is wood pellets. Wood pellets are marketed as a clean energy alternative, but wood pellets are dirtier than coal at the smokestack.\n2- Increasing deforestation as a climate solution is not viable. While the government and industry claim that only waste wood is used to manufacture wood pellets, more whole trees from primary, boreal forests are being logged to meet the demands of this growing industry.\n3- The Ontario government claims that expanding the wood pellet industry will provide alternative employment for fossil fuel workers, but these would be jobs in an industry that dumps more carbon into the atmosphere than what it's replacing.\nThank you.\n"
    },
    "57348": {
        "url": "/comment/57348",
        "comment": "I believe biomass energy, especially the production of wood pellets, is a serious mistake and cannot be considered a part of any serious or science based climate action plan. Why would we have spent so much political capital and money to end the burning of coal just to replace it with biomass wood pellets that are dirtier than coal at the smokestack?\nIt also makes no sense as the federal government commits to and Ontario collaborates in planting trees when forest biomass projects destroy mature trees that are far more powerful carbon sinks than newly planted trees.\nI sincerely believe that this approach is a danger to our planetary survival but it is designed to support the extractive forest industry at a time when we need to make the shift off all fuels that add additional greenhouse gas emissions to our atmosphere.  The forestry industry and the Government of Ontario need to get onside with climate change solutions and biomass is not one of them no matter how hard you spin it.  This is not a just transition for fossil fuel workers either as wood pellets and biomass fuels will not improve our GHG emissions in Ontario, so where is the transition we just swapping one climate destructive job with another.\n"
    }
}