{
    "55310": {
        "url": "/comment/55310",
        "comment": "To whom it may concern,\nI do not support the expansion of Ontario's biomass industry. Burning wood pellets is dirtier than burning coal at the smokestack. It is not acceptable to be cutting down forest in order to burn wood for electricity. This is not a Green solution, these are not green jobs. The forestry industry needs to be controlled tighter and we need more regulations to ensure that forests become carbon positive, as forests should be.\n"
    },
    "55315": {
        "url": "/comment/55315",
        "comment": "I've never liked the idea of burning (anything) to make electricity.  There is nothing clean about burning. Period! I am against any expansion of the biomass industry. In fact, given the amount of greenwashing that occurs, the real truth is, more whole trees from primary, boreal forests are being logged to meet the demands of this growing industry. Increasing deforestation is NOT a climate solution.  Protecting our boreal forests should be a national (even international) priority.\nAt the smokestack, burning wood pellets is much dirtier than coal.  I don't see how an industry that dumps more carbon into the atmosphere than what it's replacing could possibly be conceived as a solution for providing alternative employment for fossil fuel workers.  This is unsustainable and illogical as far as I'm concerned.  Please stop any notion of expanding the biomass industry at all.  Deforestation is not the answer to any industry, including biomass and toilet paper! Cutting down forests seems to be a worldwide 'epidemic'. It takes many, many decades to replace these lost trees, tree planting rates are abysmal and boreal forests are irreplaceable.  The U.S. is an example of the pellet industry gone awry and magnifies Canada's own need to correct the erroneous claims and damage this industry has done to our planet and our lives.\nFederally, I feel for every tree that is cut or lost, at least 2 should be planted in it place, for every industry, everywhere! This doesn't mean that I agree with deforestation or with the biomass industry. The biomass industry should be scaled back.  Dead trees are home to many species of animals, birds, insects and microorganisms. Leaving them in place is a good idea generally.\nThank you.\n"
    },
    "55316": {
        "url": "/comment/55316",
        "comment": "On Ontario's Draft Forest Biomass Action Plan:\nOntario should not be supporting the biomass industry, which includes chopping down boreal forests to produce electricity.\nThe forestry industry is marketing wood pellets (biomass) as a climate solution to replace fossil fuels, but burning wood pellets is dirtier than coal at the smokestack. While wood pellets are supposed to be made from wood waste and dead trees, we\u2019re seeing more whole trees from across Canada, logged and exported to produce carbon loaded energy internationally.\nI expect better from the Ontario Provincial government and insist that you change the Forest Biomass Action Plan to eliminate, in Ontario, the harvesting of live trees to make wood pellets!\n"
    },
    "55321": {
        "url": "/comment/55321",
        "comment": "The argument to expand the forest-biomass industry, particularly the wood pellet sector, to provide low-carbon jobs in replacement of fossil fuel jobs isn\u2019t valid. Amidst an ever growing climate crisis, we simply can\u2019t afford to keep chopping down forests to make a fuel that emits immense amounts of carbon dioxide. Moreover, it can take centuries for forests to regain the majority of their carbon storage after being logged. Once again, wood pellets are a false climate solution.\n"
    },
    "55323": {
        "url": "/comment/55323",
        "comment": "It is reported that the Ontario government is about to expand the wood pellet industry. Consideration of the facts suggests that this would be a disaster of epic proportions, and I urge you to reconsider as a matter of extreme urgency.\nWood pellets are supposed to be made only from wood waste and dead trees, but in practice whole trees from primary, boreal forests are being logged to meet the demands of this growing industry. This is insanity.\nWood pellets are marketed as a clean energy alternative, but we know that, in fact, wood pellets are dirtier than coal at the smokestack, and not a clean energy alternative. How can you consider such an option while claiming to be a leader in the emerging green economy?\nCutting down forests for energy is a false and irresponsible climate solution that is leading us into planetary catastrophe while trampling on Indigenous Sovereignty and crucial biodiversity.\nThe claim that expanding the wood pellet industry would provide alternative employment for fossil fuel workers ignores the fact that such jobs would be in an industry that dumps more carbon into the atmosphere than what it is replacing. Clearly, this is completely unacceptable.\nThe people of Ontario, Canada, indeed the whole world, deserve better from you.\nIf you go ahead with the current unacceptable plans, I will not be the only person whose opinion will be reflected at the ballot box next year.\n"
    },
    "55326": {
        "url": "/comment/55326",
        "comment": "Wood is far from a clean fuel -- it's a serious threat to health and to the environment. Forget about biomass, it's a huge mistake.\n"
    }
}