{
    "56753": {
        "url": "/comment/56753",
        "comment": "This is, without a doubt, the most ridiculous idea, in light of what this planet is going through right now, and what is still yet to come! We can meet our expanding need for energy entirely from the energy we already receive from the sun every day. MOVE ON FROM THE PAST - old solutions are NOT GOING TO WORK ANYMORE!!!\n"
    },
    "56754": {
        "url": "/comment/56754",
        "comment": "I have been sickened by wood smoke for decades. There is little I would like more than a ban on wood burning, both for recreational purposes (fire pits), in campgrounds, as well as to provide heat for houses.\nIn many communities relying on wood for heat, especially in the moutains or when there are atmospheric inversions, the rate of hospitalizations increases in the heating season.\nBecause of the outside air ventilation in my parents' condo in Quebec City, visiting in winter was very difficult because of the high levels of wood smoke in outside air.\nWood does not burn clean and, whether the smoke comes from forest fires, fire pits or wood pellets, smoke is linked to many conditions both as a cause and as a trigger.  The link below refers to indoor air but the risk is the same with high concentrations of smoke in outdoor air.\nWood is not an acceptable environmental solution. why get rid of coal because of its health effects, to replace it with something almost as bad?\n"
    },
    "56757": {
        "url": "/comment/56757",
        "comment": "Ravaging Canadian forests for electricity production? Using wood pellets that is made from so called \"waste wood\" is still damaging the forests in the process of extraction. Human activity inside forests where industrial vehicles are brought in causes massive disturbance of the surrounding environment.\nThese methods of energy production are not renewable; causing deforestation and pollution.\nThere are other effective and environmentally efficient methods of power generation; such as photovoltaic cells, hydro power methods, and biomass (providing that the source of organic material that is burned/converted to biofuel is quickly renewable). Wood pellets take a few hours to incinerate, and then they're gone; you have to wait a minimum of 20 years to let the tree grow back. This source is not renewable enough to support our population.\nAlternative employment for fossil fuel workers cannot be against the values of the climate change solutions. Power cycles need a new, environmentally friendly and effective way to ignite the working fluid responsible for delivering energy.\n"
    },
    "56763": {
        "url": "/comment/56763",
        "comment": "Increasing deforestation as a climate solution is not viable. While the government and industry claim that only waste wood is used to manufacture wood pellets, more whole trees from primary, boreal forests are being logged to meet the demands of this growing industry. Even when trees are replaced, it can take up to 100 years to cultivate a wooded area that soaks up as much carbon as was previously released.\nPlease stop expanding the wood pellet industry under the guise of a climate solution.\n"
    },
    "56764": {
        "url": "/comment/56764",
        "comment": "Hello,\nI am Katharina von Hugo of Heizomat Canada Inc.  We are a supplier of Woodchip and Biomass Boilers and Woodchippers.  We have been in operation since 2014 focusing on supplying woodchip boilers to rural farmers and businesses across Canada.\nI appreciate the opportunity to comment on this plan and would love to be involved as an industry participant wherever possible.\nMy thoughts on how government can assist with the adoption of Biomass as a Green heating solution:\n1.\nModern Biomass Heating is a solution for all of Ontario.\nBiomass is currently being promoted for rural and remote communities with a big focus on remote.\nOur market for biomass is for greenhouses, sawmills, farms, woodworking shops, any businesses, large residences and institutions with access to waste wood.  They do not need to be rural or remote.\nTypically woodchip heat has not been promoted to potential users such as farms and businesses in southern Ontario due to the difficulty in getting quality, uniform fuel however some systems, like Heizomat\u2019s can handle non uniform fuel and we are having great success with these customers showing that woodchip heat and biomass heat can have a big impact by helping this large group move away from fossil fuel heat.\n2.\tPromotion of Biomass to the business and institutional community\nRaising the awareness of the benefits of biomass can be elevated through advertising to the business and institutional community on its benefits:\n\u2022\tCheaper fuel costs\n\u2022\tClean, sustainable energy with LOW emissions\n\u2022\tHelps build local jobs and sustainable communities\n\u2022\tUtilizes waste wood materials that would otherwise go to landfills or be burnt off\n\u2022\tLong lasting (30+) years equipment which means a great investment and less waste\n3.\tEncouraging municipalities all over Ontario to utilize Biomass Heat as one of their local solutions.\n\u2022\tWood as a heating fuel still has an image of burning trees and creating smoke.  Modern technology such as woodchip boilers is very different from this.\n\u2022\tLandfills, landscapers, woodworking businesses, businesses using pallets, construction.  All these businesses produce waste wood.  Redirecting and with minimal processing, this wood can be utilized to produce local, clean heat.  How can we encourage wood recycling facilities that process waste wood into economical heating fuel.\n4.\tBuilding a database of Biomass Heating suppliers.\n\u2022\tCurrently the same players keep coming up in training and speaking engagements.  There is a growing industry and growing number of businesses involved.  Let\u2019s raise the awareness for everyone.\n\u2022\tInclude Fuel suppliers \u2013 woodchip, pellet, alternative biomass, those who do it as a business and those who have waste wood they want to get rid of; Fuel delivery suppliers, Heating equipment suppliers \u2013 furnaces, boilers, stoves etc.; Installer and repair experts including hydronics experts who understand biomass;\n5.\tTax Incentive for investment in Biomass capital investments.\n\u2022\tThese are big investments.  How can we help initial customers get over the leap of investing in something \u2018new\u2019 and less well known.\n\u2022\tIf there are any current incentives out there, they are hard to find.\n                                                               i.      Train businesses like ours that are supplying products that help communities reach their Climate goals, to understand existing incentives and how to help their customers through the process of application.\n"
    },
    "56765": {
        "url": "/comment/56765",
        "comment": "Burning is burning... after all coal is a naturally occurring product as well. Burning a tree rather than coal still produces smoke, so wood pellets are hardly more ecologically sound (although trees are obviously a renewable resource)!\nPlease work to find an actual solidly ecological solution to this existential disaster rather than finding solutions that merely appear that way! Stop promoting solutions that are no more than greenwashing!\nThank you ( from my children and future grandchildren)\n"
    },
    "56774": {
        "url": "/comment/56774",
        "comment": "Trees contribute greatly to the saving of our planet.  As we learn more and more about them we know that there are mother trees and that they communicate with each other in amazing ways.  Trees prevent floods and oak trees help to prevent fires.  We don\u2019t need chopped up trees.  We need to use less paper and much of it we don\u2019t need to bleach.\n"
    }
}