{
    "55287": {
        "url": "/comment/55287",
        "comment": "This is a very bad idea.\nFirst, Ontario is home to North America\u2019s largest forest biomass-only electricity generating station. They claim that the province is a leader in the emerging green economy because of the \u2018clean electricity\u2019 produced from wood pellets, but we know that burning wood pellets is dirtier than coal at the smokestack. Wood pellets are a false climate solution, one we should not be expanding.\nSecond, the Ontario government is largely selling the forest biomass industry as a circular economy because they claim that it only uses \u201cmill by-products\u201d aka, waste wood, to manufacture wood pellets. However, many Canadian provinces including Ontario are logging whole trees from primary forests to meet the growing demand for wood pellets. One of the key objectives (objective 3) of this action plan includes, \u201cstreamline permitting and reduce regulatory burden for all sectors which use forest biomass,\u201d which is concerning because that essentially means there would be fewer environmental checkpoints. Ontario has already gutted the Endangered Species Act, which is a key regulatory body.\nLastly, the argument to expand the forest-biomass industry, particularly the wood pellet sector, to provide low-carbon jobs in replacement of fossil fuel jobs isn\u2019t valid. Amidst an ever growing climate crisis, we simply can\u2019t afford to keep chopping down forests to make a fuel that emits immense amounts of carbon dioxide. Moreover, it can take centuries for forests to regain the majority of their carbon storage after being logged. Once again, wood pellets are a false climate solution.\nWood pellets are not a clean energy alternative. Increasing deforestation as a climate solution is simply absurd. A Just Transition for fossil fuel workers does not consist of shunting them to yet another industry that dumps carbon into the atmosphere. The cost of wind and solar has been PLUMMETING in recent years, and they are now the cheapest power source in most places. Scrap this wood pellet expansion plan and pursue real climate solutions, based on the best available science, sustainability and respect for our common future.\n"
    },
    "55288": {
        "url": "/comment/55288",
        "comment": "Stop expanding the wood pellet industry \u2013 it\u2019s a false climate solution that is dirtier than coal at the smokestack.\nThis draft claims to use wood that is leftover from logging processes, but the forest biomass industry cuts down whole logs to meet the demands. In this time of a climate crisis, cutting down forests to create \u201cclean\u201d electricity is entirely counter productive, as it will increase the amount of carbon in the atmosphere and remove a carbon sink.\nObjective 3 - reducing regulatory burden for all sectors which use forest biomass - is particularly disturbing, as it is proposed to reduce government oversight in an industry that is contributing to mass deforestation. We need to be protecting our forests, and governments need to be the ones regulating companies in this regard.\nThe idea that forest pellets are a renewable form of energy is entirely false. It can take generations for forests to regain their carbon capture potential, time that we just do not have. Carbon capture is going to be a huge expense in the future. It will be SO much cheaper to leave our carbon capturing forests alone, as opposed to building carbon capturing infrastructure later.\nPlease, think of generations of the future. Listen to the science that the wood pellet industry is not the energy source that we need. We need in tact forests that capture carbon from the air, and also provide safe refuges for so many types of animals, let alone tourist destinations.\n"
    },
    "55291": {
        "url": "/comment/55291",
        "comment": "Rather than removing trees  from their job of sequestering carbon, I recommend that we dive into the hundreds of new designs making wind power efficient and adaptable, and even beautiful, particularly for micro grids and individual buildings. The huge wind turbines have drawn criticism from some quarters, but that is only one design, and not the best. Aim for net zero buildings.\n"
    },
    "55292": {
        "url": "/comment/55292",
        "comment": "Burning wood pellets is an environmentally responsible alternative???  HA!  Saying so is just another example of false advertising.  It's not 'clean', and it's not 'saving our forests' when living trees are logged to expand availability of wood for pellets.  As for creating more jobs, there are other, more responsible jobs for replacing the dirty ones like expanding the wood pellets industry.   Please do what's right and vote against its expansion - and enforce the use of dead wood, not living trees.\n"
    },
    "55293": {
        "url": "/comment/55293",
        "comment": "The biomass industry is not a solution to climate change when it involves cutting down trees to produce the wood pellets, as the Ontario wood pellet industry is doing. You might as well be burning coal. Deforestation is a significant cause of climate warming. We need to PROTECT and EXPAND our forests, not burn them.\nYour government's claim that biomass as a solution to climate change is just another measure to deflect Ontarians' concerns about climate change, and to support and promote the forestry industry at our climate's expense. For a start, nowhere in the proposal are there any plans to prohibit the use of whole trees to produce wood pellets. In effect, your government would give the green light to forestry companies to continue and expand use of whole trees for their pellets.\nFurther evidence of your real motives is the proposal to deregulate those who use it: \u201cstreamline permitting and reduce regulatory burden for all sectors which use forest biomass.\u201d  In other words, indirect subsidies to companies that use wood pellets, again with no regulations on their use. A double win for the forestry industry and a win for the companies that use its products, with no benefit to anyone or anything else as whole trees are destroyed. My bet is that the biomass industry isn't viable using only waste wood. Let's see the evidence on that please.\nCould your government please get serious about climate change by reducing emissions through regulation, and promoting renewables and other alternatives to fossil fuels. Or produce a proposal on wood pellets that protects our existing whole trees. No greenwashing please.\nAlso, how dare you require commenters to post links to support their comments. Ontarians are entitled to comment on government's proposed policies, whether or not they have expertise in that field. It's called democracy. Instead, you deliberately bias the results of this process. I have read quite a few articles over the last decade on the problems with biofuels, including biomass, without recording them.  And now I've had to try and find them all again. HOW DARE YOU.\n"
    },
    "55304": {
        "url": "/comment/55304",
        "comment": "We need trees more than ever right now.  Stop having them cut down.  Hemp is all we need for this purpose.  It is criminal the way the government has supressed the hemp industry for so long for no reason. The cannabis industry was the same - demonize it so that it cant interfere with your lobbying groups against it.  Grow up and move this province and country forward for once.\n"
    },
    "55305": {
        "url": "/comment/55305",
        "comment": "After reading this proposal I'm struck by the intent to double the amount of forest biomass currently being 'farmed' in Ontario.  It can't be a good idea to be cutting down forests in the current environment as they function as our carbon sink.  When regulations are created there must be something that discourages the pellet industry from cutting down trees simply to feed the industry.\nI've also done a little reading about burning wood pellets for energy and it seems that the combustion products released into the air are significantly more deleterious than sources like natural gas.\nLastly there have been some articles suggesting that clear cutting makes forest recovery significantly longer than selective tree removal.  I know this comment doesn't relate to the proposal but I wanted to throw it out there for future consideration.\n"
    },
    "55306": {
        "url": "/comment/55306",
        "comment": "Burning biomass for energy is not a climate change mitigation option and will in fact make the situation worse. With forest area generally declining the carbon emissions are not compensated for and pollution increases. The best way to use biomass is to lock it into materials to use in buildings and other structures and products.\nThe fact is that burning wood emits more carbon pollution per unit of energy than even coal. And because burning wood adds carbon to the atmosphere much faster than trees can grow back to sequester it, replacing fossil fuels with forest wood can increase net greenhouse gas emissions for decades or even centuries.\n"
    }
}