{
    "56680": {
        "url": "/comment/56680",
        "comment": "Burning tress for the sake of electricity isn\u2019t thinking about the energy processes holistically. Tress provide an array of ecosystem services that are beyond immediate monetary value (soil, air and water purification, soil erosion prevention, habitat for other species that provide ecosystem services, and carbon sequestration). Burning is in fact an old outdated practice. We are not longer living 100 years ago. Let\u2019s innovate and be sensible about the way we use the energy and resources we have.\n"
    },
    "56685": {
        "url": "/comment/56685",
        "comment": "One of the main products of Ontario\u2019s forest biomass industry is wood pellets. Wood pellets are marketed as a clean energy alternative, but we know that wood pellets are dirtier than coal at the smokestack.\nIncreasing deforestation as a climate solution is not viable. While the government and industry claim that only waste wood is used to manufacture wood pellets, more whole trees from primary, boreal forests are being logged to meet the demands of this growing industry.\nThe Ontario government claims that expanding the wood pellet industry will provide alternative employment for fossil fuel workers, but these would be jobs in an industry that dumps more carbon into the atmosphere than what it's replacing.\n"
    },
    "56688": {
        "url": "/comment/56688",
        "comment": "Wood pellets are marketed as a clean energy alternative, but we know that wood pellets are dirtier than coal at the smokestack.\nIncreasing deforestation as a climate solution is not viable. While the government and industry claim that only waste wood is used to manufacture wood pellets, more whole trees from primary, boreal forests are being logged to meet the demands of this growing industry.\nThe Ontario government claims that expanding the wood pellet industry will provide alternative employment for fossil fuel workers, but these would be jobs in an industry that dumps more carbon into the atmosphere than what it's replacing.\n"
    },
    "56690": {
        "url": "/comment/56690",
        "comment": "Burning wood pellets is even dirtier than burning coal. It's not a good idea! Don't do it then! It's 2021 and our climate crisis is worse than ever. We are already seeing the impacts of climate change at home and around the world. We need clean energy solutions yesterday!\n-An educated and deeply concerned citizen\n"
    },
    "56697": {
        "url": "/comment/56697",
        "comment": "Do not use wood chips to create electricity.\nThe forestry industry is marketing wood pellets (biomass) as a climate solution to replace fossil fuels, but burning wood pellets is dirtier than coal at the smokestack. While wood pellets are supposed to be made from wood waste and dead trees, we\u2019re seeing more whole trees from across Canada, logged and exported to produce carbon loaded energy internationally.\nWe cannot afford false climate solutions that are marching us into planetary catastrophe while trampling Indigenous Sovereignty and crucial biodiversity.\n"
    },
    "56700": {
        "url": "/comment/56700",
        "comment": "Stop expanding the wood pellet industry. Focus on sustainable energy rather than depleting our precious forests.\n"
    },
    "56703": {
        "url": "/comment/56703",
        "comment": "Now that our economy is in taters due to Covid19..\nIt would be great to see the Ford government move forward to a sustainable green economy.\nBurning wood pellets does not fit into such a plan.\nI understand that Ford and his rich, self entitled cronies would rather destroy the province for their own personal gain..\nBeing complicit in destroying our planet is not something to be proud of and in our new world of consequence culture, they should all be advised that there will be consequences for those who choose to recklessly destroy our planet.\n"
    }
}