{
    "56876": {
        "url": "/comment/56876",
        "comment": "Take care of the land as over time there has been so much damage animals & people have been suffering & paying a heavy price with illness. The s animals have been going into towns& cities because the Forrest has been ruined & their hungry stressed no where else to go- stop start caring for the people & animals\n"
    },
    "56878": {
        "url": "/comment/56878",
        "comment": "It is now well known that burning biomass from trees is as bad, if not worse for pollution as burning coal.\nIf the wood pellets are made from trees that have been cut down for the purpose of burning, this is even worse in that a carbon sequestering organism has now been turned into a source of atmospheric carbon dioxide.\nPlease do not go down the path of burning wood biomass for energy production.\n"
    },
    "56881": {
        "url": "/comment/56881",
        "comment": "The \u201cGreen\u201d Myth Behind Wood Pellets: Now, there is a well-respected and growing body of research demonstrating that wood pellets are neither carbon-neutral nor sustainable.11 Many of these studies, like one done by the NRDC in 2015, have found that burning wood pellets for fuel releases as much as, or even more, carbon dioxide per unit of energy than coal.\nThough touted as a clean, environmentally safe alternative to fossil fuels, wood pellets are a carbon-intense, destructive and polluting industry based in flawed carbon accounting in international agreements. Wood pellet material sourcing leads to massive deforestation of critical habitats, and Enviva alone is responsible for 50 acres a day of clear-cut land. Pellet production facilities release dangerous air pollutants including particulate matter and volatile organic compounds putting surrounding communities at higher risk for health complications. Finally, burning wood pellets releases 65% more CO2 than coal per megawatt hour.\n"
    },
    "56882": {
        "url": "/comment/56882",
        "comment": "Wood is at best a renewable resource, but only if it is tightly managed, unlike hoe B.C. manages trees. People, industry and the earth can all benefit if there is well policed management of forests around the world. Surely there are smarter ways to generate energy than burning a weakly renewable resource such as wood, which also generates more GHGs than hydro, nuclear, solar, wind or natural gas energy sources.\n"
    },
    "56883": {
        "url": "/comment/56883",
        "comment": "Re: chopping down boreal forests to produce electricity -\nOur planet cannot survive false climate solutions that will ultimately lead us into planetary catastrophe all the while trampling Indigenous Sovereignty and critical biodiversity. The very trees that help maintain life are being destroyed in the name of \u201cenvironmental practice\u201d.\nThe forestry industry is marketing wood pellets as a climate solution to replace fossil fuels, but burning wood pellets is actually dirtier than coal at the smokestack.\nAdditionally, wood pellets are supposed to be made from wood waste and dead trees, but instead we\u2019re seeing whole trees from across Canada logged, manufactured (an energy-consuming/carbon-producing process) and exported to produce carbon-loaded energy internationally. The whole process is incredibly destructive and stupid.\nPlease stop this reprehensible money-grab. Your life depends on it. They\u2019re worth more standing.\n"
    },
    "56885": {
        "url": "/fr/comment/56885",
        "comment": "Coupez des arbres pour l\u2019\u00e9lectricit\u00e9 est absurde nous coupons des arbres pour nous b\u00e2tir des maisons mais dans le nord de l\u2019ontario chaque arbres qui est coup\u00e9 est replant\u00e9 en double donc nous fesons attention a nos for\u00eats, pas comme certains environnementalistes disent des fausset\u00e9s , pas besoins pour le chauffage ce qui polluent en plus le chauffage au bois soyons plus responsables en utilisant notre gros bon sens\n"
    },
    "56889": {
        "url": "/comment/56889",
        "comment": "We as a province, and as a nation, need to move away from practices that are outdated and bad for our planet. We must invest more in areas that will carry us forward into the future where we\u2019re not polluting our air, water and earth. We also need to stop tearing down trees, for things that could be done differently if proper investments are made. We need those trees to offset the damage we\u2019ve already done to our breathing air. Please\u2026 make better choices now, so that our children and future generations have a hope of living a decent life on this planet. Stop trading their future to line your pockets now. We are capable of better, and should do better.\n"
    },
    "56891": {
        "url": "/comment/56891",
        "comment": "I am sorry to hear that wood pellets are considered a good barbecue fuel since by using/allowing them to be used like that, the use of wood pellets adds to the reduction of one of the essentials of our world namely trees.\nSurely this is not the only way to add flavour and fragrance to barbecued food.\nPlease do not allow this BB approach on the basis of making food taste and smell better. Trees are a basis of our lives and climate in this world.\nSafeguard them for everyone's sake.\n"
    },
    "56893": {
        "url": "/comment/56893",
        "comment": "Isn\u2019t burning wood pellets is dirtier than coal at the smokestack and aren\u2019t many Canadian provinces including Ontario logging whole trees from primary forests to meet the growing demand for wood pellets? Fact  - we simply can\u2019t afford to keep chopping down forests to make a fuel that emits immense amounts of carbon dioxide. Moreover, it can take centuries for forests to regain the majority of their carbon storage after being logged.\nLet\u2019s do the right thing and go with high tech geothermal, SMR - small modular nuclear or other truly sustainable energy production. Modulate grid with storage systems like compressed air battery storage etc. Be smart the world is heating up and you want to cut down the lungs.\n"
    },
    "56894": {
        "url": "/comment/56894",
        "comment": "Initial studies of the benefits of making and using wood pellets were based on the wood pellet industry only using logging by-products such as the branches and bark from logged trees. This is no longer true and much harm is now done by these companies harvesting whole trees for a product that is NOT renewable or carbon-neutral. Too many trees are already being harvested resulting in loss of habitat (a key driver in the dramatic decline of bird numbers over the past decade), increased erosion, loss of ecosystem diversity, negative waterway impacts, and higher carbon costs. It is much wiser to support industires and research in true renewable energy such as solar, wind, and tidal power.\n"
    }
}