{
    "80024": {
        "url": "/comment/80024",
        "comment": "I implore the Ontario government:  please do not remove any of our Greenbelt lands.  These lands are protected for a reason.  Please explore all other options of which there are many.  These lands are protected for a reason which I have outlined in my previous submission.  Please do not leave our environment in distress due to this proposal.  Please consider and look at many other options.\n"
    },
    "80026": {
        "url": "/comment/80026",
        "comment": "Dear Committee,\nAs a resident of Ontario, I have concerns with the proposed changes stated in your Plan.\nI believe that this Plan will have negative consequences for the Ontario environment as well as the residents in the long term.\nFirst of all, I don't believe that swapping one patch of Greenbelt and adding another makes sense as each location's ecosystem is unique -- once it is gone, it is gone. Depending on the location of the land proposed for removal, this move could also negatively affect the ecosystem of the adjacent areas. Given the impact of the climate change and the financial fallout from environmental disasters, we need to be very cautious in what we do, so we do not have to pay in the future.\nOne of my concerns is tied with some of the aspects of Bill 23 and the recent findings from Auditor General of Ontario. Through Bill 23 some of the Conservation Authorities' powers have been limited. I believe this particular aspect coupled with this proposal will negatively impact Ontario in the future since reduction of the Conservation Authorities' powers could yield in poor mitigation of potential environmental hazards. Transferring the responsibility of the environmental overview onto over 400 different municipalities seems inefficient, since Conservation Authorities assist multiple municipalities simultaneously, making the process more cohesive (\"Worries for wetlands as Ontario aims to build homes quickly\", CBC) [1] [https://www.cbc.ca/news/canada/ottawa/more-homes-built-faster-act-conse\u2026]. Moreover, the most recent report from the Auditor General's report stated that the Ontario government's support into flood management has not been adequate. (\"2022 Annual Report\", Office of The Auditor General of Ontario)[2] [https://www.auditor.on.ca/en/content/annualreports/arbyyear/ar2022.html]. Both of these points make me believe that the proposed change to Greenbelt will lead to negative unintended consequences simply due to the fact that the government has failed to develop and implement proper environmental protections, and instead of doing so, it has cut them.\nThe other aspect of my criticism is tied to two things -- the findings from Ontario Housing Affordability Task Force (2022) and recent findings by the media about developers connected to some portions of Greenbelt that have been proposed to be released. According the Task Force report, Ontario has land \"available, both inside the existing built-up areas and on undeveloped land outside greenbelt\" (p.10) [3] [https://files.ontario.ca/mmah-housing-affordability-task-force-report-e\u2026], which means that there is no need to touch the Greenbelt. If the province's own Task Force has looked at the issue and has determined that building on the Greenbelt is not necessary to solve the housing crisis, then why is the government doing so? This leads to my next point. Over the last couple of weeks, there have been multiple media reports that certain wealthy developers would be benefiting from the proposed Greenbelt land swaps (\"Six developers bought Greenbelt land after Ford came to power. Now, they stand to profit\", The Narwal & Toronto Star) [4] [https://thenarwhal.ca/ford-ontario-greenbelt-cuts-developers/]. Some of those developers have made donations to the Progressive Conservative Party of Ontario and its politicians (\"Prominent developer family linked to more Greenbelt properties slated for housing\", CBC) [5] [https://www.cbc.ca/news/canada/toronto/developer-greenbelt-additional-p\u2026]. All of these findings seem to suggest that the proposed changes to the Greenbelt are more helpful to the wealthy developers, rather than help the residents of Ontario obtain housing they need.\nIn conclusion, I believe the proposed Plan is not done for the benefit of Ontarians. I would urge the government to reconsider its decision and propose a more environmentally conscious plan instead that protect the Greenbelt. Please look into other avenues to solve the housing situation in Ontario, such as limiting the ability of multi-property owners to buy extra housing for their own profits; working with municipalities on creating a fair \u201cas of right\u201d zoning to allow various types of housing to be built in the municipality while trying to avoid the urban sprawl as much as possible; and looking at existing properties that are no longer in use/ abandoned and trying to reuse them. (\"Ontario's Housing Crisis: Causes and Solutions\", University of Toronto School of Cities; \" Ontario Housing Affordability Task Force\").\nThank you for your time.\n"
    },
    "80028": {
        "url": "/comment/80028",
        "comment": "While I believe we need to correct the housing supply issues, I do not think the proposed action plan to develop the Greenbelt is the right course of action.  I would like to see a study outlining the region's capacity to build on land currently owned by the city or province that is not part of the green belt.  I understand such a study was conducted and concluded we have enough land.  If this is the case, we should pursue this opportunity first.  Second, the proposed changes will leave the municipalities with a budget shortfall, as developers are not required to fund certain infrastructure to service the new homes.  The new homes will destroy protected land and, ultimately, raise our municipal taxes due to the shortfall.  The provincial government is downloading the costs to the municipalities and the people living there.  Lastly, protected land is critical for food security, water supply, and ecological diversity.  To reverse protection for the benefit of urban sprawl and the economic windfall of a few is the definition of wrong.  It doesn't represent what Ontarians want, which is progressive policies that build a sustainable future.  Bold policy is not paving over protected land; it's finding a way to meet demand without sacrificing the future.  We have more land than any other country in the world, and somehow destroying our most prized commodity is all we've come up with??  Come on, Ontario, we are better than this!\n"
    },
    "80029": {
        "url": "/comment/80029",
        "comment": "The greenbelt was created to protect the fertile lands where our food grows, where our water sources are filtered on their way to Lake Ontario, where wildlife is still able to flourish, where forests clean the air, where humans can renew  their energies before tackling the rat race that is now endemic in metropolitan centres that form the Golden Horseshoe!\nThe architects responsible for this protected  space had  the foresight to want to prevent the rampant sprawl proposed by the current government.   There are many alternative spaces that can be quickly converted into useable housing  - empty schools, government  buildings, warehouses \u2026. Give us co-op housing, dedicated affordable rentals - allow rooming house again ( how many of us began our lives in the city).  When growth must happen creative thinking can be invaluable!.  Building out all the sites currently approved and serviced would eliminate the need for this haste and thoughtless expansion! This can improve life for many desperate for affordable places to live!\nThose in power should consider talking to planners and professionals who do this for a living, not ignore those with some knowledge.  The developers have one wish - build and make a lot of money!  The fact that many large tracts were acquired when Mr Ford made his wishes known make a great many folk suspicious as to the true intentions of this land appropriation.\nThe other area of major concern is #413 highway. It\u2019s going to carve through productive farmland  and runs parallel to that under-utilized highway to  the south, #407.  We\u2019re filling the land beside any of the 400 series highways with gigantic warehouses, guaranteeing massive truck congestion and more highways needed.  This paving over our land, helter-skelter, is appalling in this time of climate change, global warming and the need to cut down our use of fossil fuels.\nThere are any number of other issues presented in this omnibus Bill 23 that are frightening, healthcare, education and public service come to mind\u2026\nWe\u2019re being hit with a fire hose\u2026 no wonder folks are upset!\nOur Greenbelt and Conservation areas are good things, created with consideration .They are worthwhile and will protect us all, way into the future.\nPlease do not destroy!!!\nThankyou\n"
    },
    "80032": {
        "url": "/comment/80032",
        "comment": "I am strongly opposed to the plan to remove lands from the Greenbelt for residential housing.  I am particularly concerned about fragmentation of the critical Greenbelt ecosystem,  as well as increased building of homes outside of existing urban boundaries which increases sprawl and decreases the efficient use of infrastructure / resources (e.g. roads, transit, sewage etc.).  Please focus on building more housing within existing urban boundaries and focus on supporting municipalities to move forward with a variety of options to increase affordability as well increasing density in a way that encourages a variety of housing (e.g. triplexes and multi-plexes as well as larger apartment units) but does not worsen climate change as building outside of cities will do.  I am also appalled at the move to decrease the powers of conservation authorities to take care of the environment for all of us, as well as municipalities' ability to legislate green building codes.  This is all a huge step backwards at a time when we need to all be working together to move forward and improve the situation, not worsen it.\nIn short, the current proposal is short-sighted and unnecessary and I am absolutely appalled and opposed.\nI would like to reference the CELA submission for additional details. https://cela.ca/wp-content/uploads/2022/12/1512-Submission-Greenbelt.pdf\nThank you.\n"
    },
    "80038": {
        "url": "/comment/80038",
        "comment": "I do not think that Doug Ford should be developing the GreenBelt. This is a terrible idea and it will be detrimental to so many wildlife species that rely on this area for habitat. In addition to this, people have been turning to nature during the pandemic. Our parks and greenspace has been already overrun with people as we need places to go to get out of the city. To remove or develop some of this land, especially in areas that are already so heavily populated would be a mistake. Nature preservation have been linked to many health benefits for people. In addition, all of the co2 sequestration that these environments provide are integral to the reduction of the harmful effects of climate change, as well as providing clean air for people to breathe. Doug Ford needs to remove this plan and stop putting money first and think about how to move Ontario towards a sustainable future and recognize the value this protected area holds for Ontarians.\n"
    },
    "80039": {
        "url": "/comment/80039",
        "comment": "A strong Greenbelt ensures that people in southern Ontario have access to clean air and water, local food and natural spaces. Protecting this land, and working to ensure its sustainability and vitality, supports strong rural and urban communities, protects us from increasing extreme weather events, mitigates the impact of climate change and provides access to nature for millions of residents and visitors.\nThe COVID-19 pandemic has underscored the risks we face as the global agricultural supply chain falters. Economic instability, climate change, geopolitical tensions, and labour shortages threaten our food supply. Therefore, it is imperative that Ontario retain as much agricultural production as possible. I do not believe we should enrich land speculators at the expense of our vital farmland.\nThe Greenbelt supports millions of residents who live in southern Ontario, providing access to urban and near-urban nature, and ensuring adequate tree and wetland cover to mitigate the effects of climate change.\nI strongly disagree with the proposal to remove parcels of Greenbelt land for residential development, even if new land is designated in its place. Our province's food security, biodiversity, tourism sector and climate is at risk. Please act accordingly.\n"
    },
    "80040": {
        "url": "/comment/80040",
        "comment": "Re bill 23\nWhile I agree we need affordable housing, the relentless sprawl  of housing, encroaching on our environment is simply bad planning and shortsighted - achieving short term goals at a longer term cost.\nBeyond stressing our infrastructure, Development has adverse impact that extends beyond its immediate local footprint.\nThe unique features of the moraine make development problematic and will not be remediated but simply assigning a green belt designation to other regions.\nThe moraine is in important source of ground water and is a critical headwater region. The loss of ground water and lowered water tables will have widespread effects on both wildlife and farming.\nLoss of an environmental corridor will disrupt movement of wildlife and have far reaching implications - beyond the loss of local habitats.\nI have personally witnessed the effects of diversion of groundwater on wetlands with loss of both animal and plant life in our community in King.\nThe loss of protected green space  sets a dangerous precedent and becomes slippery slope. A key mandate of any government is to serve to protect the commons. As such the government must be stewards of greenspace. Once developed it will be lost forever.\nEnvironmental resources must be held to the same regard and protection as man-made works. We would never accept the destruction of a Rembrandt or Picasso.\n"
    },
    "80043": {
        "url": "/comment/80043",
        "comment": "The Greenbelt is important to Ontarians because of its promise to *permanently* protect green space, farmland, and forests. The purpose of the Greenbelt is to preserve soils, habitat, and natural areas in perpetuity so that current and future generations have essential access to food security, flood protection provided by wetlands, and an integral component of mental and physical wellness: access to nature. The Greenbelt's function is also to protect species-at-risk and all wildlife from ever-encroaching human development and preserve a small respite for nature, which requires huge amounts of undisturbed time to be effective.\nWe must think of the needs of future farmers to access some of the most fertile soil in North America, which is found in the Greenbelt. This soil will be forever lost and displaced by the proposed development. The growing population of southern Ontario requires a stable, locally-available supply of food; the pandemic has highlighted the risks of relying on international supply chains for necessities like food. We must not be so short-sighted in caring for future generations' need to farm on the fertile lands of the Greenbelt. In the future, when southern Ontario does not have enough local farmland, people will look back in dismay, anger, and sorrow at the short-sighted and greedy decision to open up the Greenbelt for development.\nOf course access to housing is essential. But the solution is not a binary \"tall or sprawl\" model of 60-storey condos or suburbs with massive homes that pave over the best soil in the province. We can densify our cities with a mix of tall condos, mid-rise buildings that preserve the character of streetscapes, and some suburban areas. Rather than opening up permanently protected land owned by developers who have donated to the Ford Government (https://www.theglobeandmail.com/canada/article-sales-of-greenbelt-land-\u2026) , let's look to expand mid-rise buildings, reconsider AirBnB and short-term rentals that reduce long-term housing options, and increase taxes on vacant homes. Rather than stealing from future generations and severely reducing our own access to already-limited local nature, natural flood protection, species habitat, and local farmland, let's look to proven urban planning strategies that have been successful in so much of the world while other regions preserve their Greenbelts in perpetuity. There is no reason Ontario can't be a leader in preserving and expanding the Greenbelt while also providing effective housing solutions. Please reconsider this Bill and the harm it will do to current and future generations of Ontarians, as well as to the natural world.\n"
    },
    "80045": {
        "url": "/comment/80045",
        "comment": "I'm submitting a comment to the Environmental Registry of Ontario for the first time ever and for what seems like the only action I can take to add my voice to opposition to this proposal. I hope that the majority of Ontarians who are opposed to this can prevent this from going forward. This proposal to swap lands within the Greenbelt is 1) unnecessary, 2) environmentally destructive, and 3) reeks of corruption.\nAs a matter of principle, we should be seeking only to expand the protections of the Greenbelt. As we stare down the barrel of human-induced climate change and mass extinction, we MUST prioritize conservation ALL, land but especially environmentally sensitive and hydrologically critical areas included in Greenbelt area.\nThe central tenet of this legislation seems to be that developing in the Greenbelt is needed to the anticipated population growth in this area over the next 20-30 years. While there may issues in providing housing for a larger population, it is estimated that there are 45,000 acres of existing land in the GTHA available for development, enough to support building housing until at least 2031 (Citation 1). Beyond that, efforts should be made to intensify existing residential areas and promote growth in other areas.\nAllowing development to encroach on Greenbelt lands will only serve to promote urban sprawl, which has been widely discredited for diminishing some of the most productive agricultural lands, being highly inefficient land use, increasing greenhouse gas emissions, and generating more runoff that floods downstream areas and pollutes our rivers and lakes. The type of development being promoted by this act will negatively affect all of us because of these environmental impacts.\nMy final point to make is that this proposed legislation, in addition to being unnecessary and environmentally destructive, is tainted by comments in public by the premier suggesting that the idea of removing land was provided to him by developers (Citation 2), the same developers later revealed to have purchased said lands at exorbitant interest rates less than a year prior to revealing this proposal. The reporting suggests that inside information was shared and allowed some developers to purchase land at a significant discount to what they will be able to sell for if this proposal is approved. This sounds like fraud and if true would be an appalling abuse of power that enriches an elite few at the expense of everyone else.\nPlease reconsider moving forward with this proposal. It is the wrong approach to the real problems we face.\n"
    },
    "80047": {
        "url": "/comment/80047",
        "comment": "Please do not go through with these proposed changes. We live in Markham and we have been exploring the wonderful wetlands and wildlife corridors that lead to the rouge national urban park. My 2 young sons learn so much when we explore and we teach them about the importance of the environment and conserving the wildlife. I would hate for them to grow up with all of this taken away from them for developers.\n"
    },
    "80049": {
        "url": "/comment/80049",
        "comment": "Re: Opposition to ERO #019-6216 and #019-6217\nAs Ontario resident, business owner, taxpayer and parent of young children, I would like to voice my strong opposition to Bill 23 and the proposed amendments to the Greenbelt Plan.\nThe Greenbelt as it is currently configured, is a treasured area of protected land that provides significant economic and environmental benefits to Ontarians and the communities that it borders.\nLike so many Ontarians, I am astounded by the shortsighted proposals to take 7,400 acres of land from the Greenbelt for private development.  The  government\u2019s claim that these Greenbelt lands are needed for housing is plainly misleading and false.\nThe Ontario Housing Affordability Task Force was clear in its 2022 report, that we do not need to sacrifice the Greenbelt to address the housing crisis. That\u2019s because \u201ca shortage of land isn\u2019t the cause of the problem.\u201d (p.10). Rather, there is a huge supply of land already open for development within existing municipal settlement boundaries.\nI believe that the proposed removal of Greenbelt lands sets an alarming precedent, that puts Ontario\u2019s economy and quality of life at risk. As the population of Southern Ontario grows the importance of its natural areas, farm land, water and air quality becomes that much more important.  These are the systems that build resilience and will allow us to maintain our way of life and make the province an attractive place to live and invest over the long term.\nFor the sake of our current and future generations, and your own reputation as government of and for the people, I urge you to abandon your plans to remove 7,400 acres of protected lands from the Greenbelt.\n"
    }
}