{
    "63846": {
        "url": "/comment/63846",
        "comment": "I do believe housing is of extreme importance and we need to be diligent in working towards creating more affordable housing however, destroying Environmentally protected land is not the answer.\nInstead of focusing efforts on southwestern Ontario why not look to another city and invest in infrastructure and growth in attempts to lure residents there.\nFor public relations if you do decide to move forward it would be beneficial to release the Enviromental impact report publicly.\n"
    },
    "63849": {
        "url": "/comment/63849",
        "comment": "It is an unconscionable thing to undo thousands of acres of protective space to develop housing. The greenbelt was designed in response to dramatic rainfall from a hurricane. Climate change is bringing more of these severe events and the government plan is to reduce the amount of protective space?\nIt's unbelievably stupid.\n"
    },
    "63851": {
        "url": "/comment/63851",
        "comment": "I am a young Ontarian, and I fear for the future looking at this proposal.\nOntario does have a housing crisis - I feel I will never be able to own a home. But the problem is NOT lack of available land to build on. All around me I see giant sprawling suburbs, where mid-density walkable neighbourhoods could be (that houses many more people in the same land).\nLarge parking lots take up available housing land as well, when we could come up with many better options (better public transit, more bike lanes, underground parking, etc). Not to mention that Ontario is BIG. We have space to expand, space outside the GTA.\nBuilding on protected wetlands and forcing conservation authorities to ignore pollution and protection of wildlife is, to be frank, absurd. These lands are what keep all of Ontario more healthy and better set up for the future. Without them, we will cause irreversible damage to Ontario, including erosion and agriculture issues and increasing the speed of climate change.\nHousing sucks right now, but you know what's worse? The nightmare future I'm facing as global warming sets in and destroys everything. We can at least mitigate it by not building on some of the little remaining greenspace we have.\nPlease, please, please. I speak for young Ontarians, I am crying out to save our future. This issue matters deeply to me. Protect the greenbelt. Don't pave over it for short term gain and destroy my future in the process. I want to have hope again.\n"
    },
    "63852": {
        "url": "/comment/63852",
        "comment": "To My Elected Officials,\nThe move to increase development in and long the Greenbelt is an disservice to our province. Any further development on or in the zone erodes our food and water security, it will increase taxes an place our future into uncertainty.\nThere is no justifiable reason to allow anymore development in the green belt. Time to use other policy tools to increase housing density in brownfield and urban areas.\nThank you for considering my comment.\n"
    },
    "63853": {
        "url": "/comment/63853",
        "comment": "Dear Doug Ford\nThis proposal to build on our protected lands is a slap in the face to everyone who lives here.\nWe have a lot of space to build on that isn't protected,  and you promised us that you would never do this.\nWe are tired of your lies.\nDo not build on our protected spaces, especially in a time when our environment is more precious than ever. We are going down a dark path either the way we treat our earth, and this is not the canadian way. We set the tone for others to follow, and this proposal does not show our values as Canadians.\nPlease stop trying to build on our protected lands.\n"
    },
    "63854": {
        "url": "/comment/63854",
        "comment": "I do not support any removal of Greenbelt land for development, including housing. Urban sprawl is not the way forward to adding homes in Ontario. We need to add density and services to support that density in our cities. Municipal and provincial governments should work together to enact policies that encourage densification, and protection of green spaces, conservation and farming land.\n"
    },
    "63857": {
        "url": "/comment/63857",
        "comment": "Areas of the Greenbelt as identified in the proposed mapping should not be removed in any present or future amendments. These areas support vital north-south wildlife corridors within the GTA, and core habitat for a number of Species at Risk (such as Monarch, myotis bat species, Butternut, Eastern Wood-Pewee etc.) that have increasing become irreversibly fragmented and damaged.\nI strongly urge the MMAH to consider the cumulative effects that increased urban development has had on our natural systems, effects which the Greenbelt was meant to mitigate and reduce. The increased hardening of ground surfaces through paved and concrete construction has resulted in the warming of a number of cool/cold water watercourses in the GTA, which negatively affects sensitive aquatic species such as Redside Dace (Endangered in Ontario). Increased salinity and sediment in our vital water systems (which are also our sources of drinking water) is also a known impact of increased development and sprawl.\nBy removing what can seem to be inconsequential fringe elements of the Greenbelt system, the MMAH would be further weakening an already fragile natural heritage system. There is no doubt that increased housing needs to be made available to Ontario's growing population, however the epidemic of single-detached housing and suburban sprawl not only weakens connections within the natural heritage system, but also weakens the communities being built. Suburban sprawl does not support effective or safe alternatives to car transportation, such as biking or walking, and does not support efficient transit options. The goal for future housing should be planned with medium to high density developments, re-zoning of low-density residential areas, and effective transit in mind, the current system of block plans and Municipal Environmental Servicing Plans do not take into adequate consideration the reduction of sprawl.\nWe simply cannot have more of the same suburban sprawl and the amendments to the limits of the Greenbelt will not work to solve the housing crisis. Developable land should not be considered limitless in Ontario, proper stewardship of our natural heritage system of which to the developer may look like unrealized potential, will be crucial to support the environmental services (such as flood mitigation, reduction of urban heat domes) these systems actively provide us.\n"
    },
    "63858": {
        "url": "/comment/63858",
        "comment": "Increasing development on the greenbelt is a big mistake. Keep the protected land protected! We cannot just decide to remove protections because they are inconvenient.\nIf the government wants to build more houses they should look elsewhere. Ontario is a big place...\nShame on Doug Ford and his government.\n"
    },
    "63860": {
        "url": "/comment/63860",
        "comment": "No. Absolutely Not.  The green belt needs to be maintained.  There are plenty of feasible ways to increase housing without destroying the environment further.   Increase density in cities and improve transit between cities will improve the housing situation far more then building some mc mansions in the green belt.\n"
    },
    "63862": {
        "url": "/comment/63862",
        "comment": "I strongly support this policy. Housing should be first and foremost priority for the provincial government. I personally believe that the Greenbelt should be completely abolished since it merely serves as a barrier that restricts normal human population growth. Canada has a lot of empty land and untouched nature in places where people do not want to live. We should focus on conserving those areas instead.\n"
    },
    "63863": {
        "url": "/comment/63863",
        "comment": "With so much infill land that can be developed...pushing into the greenbelt is a mistake that is irreversible.  This is not a solution to the housing crisis.  This land should be sacred for future generations.  We don't need more sprawling suburbs.  Focus on infill and please, please stick to your promise, they formed the basis of many voting for you.  Have some integrity.\n"
    },
    "63864": {
        "url": "/comment/63864",
        "comment": "I do not support any removal of Greenbelt land for development, including housing. Urban sprawl is not the way forward to adding homes in Ontario. We need to add density and services to support that density in our cities. Municipal and provincial governments should work together to enact policies that encourage densification, and protection of green spaces, conservation and farming land.\n"
    },
    "63866": {
        "url": "/comment/63866",
        "comment": "I\u2019m writing to express my wish that the green belt not be modified or altered from the pre 2021 boundaries. The only acceptable option is further expansion to preserve habitat and water management. In my life I travel between Barrie and Toronto often and see under-utilized land development on major roadways or transit served areas. It stands to reason that this is a common occurrence across Ontario. There is no doubt in my money no that housing the current and future population of Ontario can be achieved through better utilization of the lands currently available.\nThe greenbelt in Ontario is an achievement not to be understated. However, it really won\u2019t mean much if it just protects land until current development buts up next to it and we just readjust the boundaries to fit old ideologies about growth. The greenbelt should be used to protect land and cause reflection on our relationship with the earth and how we use it.\nThank you for your time.\n"
    }
}