{
    "62331": {
        "url": "/comment/62331",
        "comment": "How is it that we are resorting to opening up the Greenbelt when there are cities and towns throughout Ontario that are not doing their part to intensify? Density should be forced on smaller municipalities like Peterborough, Prince Edward County, Guelph, Orangeville, Uxbridge, Port Perry, before we start deciding to continue sprawling.\n"
    },
    "62334": {
        "url": "/comment/62334",
        "comment": "No, I oppose the amendment to the green belt plan.\nI have experienced first hand the after effects of wildlife looking for a new place to live. In my 77year old mother\u2019s backyard! We have a family of 5 coyotes living in her Scarborough backyard because it has trees and bushes at the back of the fence that she can no longer cut back. It has been a safety concern and now her grandchildren can no longer play in the backyard freely!\nShe lives near the rouge valley park and with new development along Pickering Scarborough town line by Finch there has been an increase of wildlife coming into peoples yards.\nWild life need their wild places to live!\nMy school where I work in Pickering has had to cancel recess and have indoor recess because of foxes running in the school yard! It is not safe for the children who will chase these wild animals.\nThe green belt is there for a reason and it\u2019s to keep the wild animals in their habitat and not in the newly developed housing areas that will be built there.\nPlease consult environmental assessment and wildlife experts as to how many animals this will affect. Do a count and think where will these wild animals go\u2026 into people backyards.\n"
    },
    "62336": {
        "url": "/comment/62336",
        "comment": "Leave, the agricultural lands and assets alone. Housing should be built, in well built-up areas in nearby transit stations. Should be expanding the greenbelt instead of, cutting and shredding it!\nThis will help both the province and area municipalities, save any long-term infrastructure costs down the road.\n"
    },
    "62337": {
        "url": "/comment/62337",
        "comment": "This proposal seems extremely unreasonable and the numbers don't add up - developers will make out like bandits very clearly, and green space that is shared by everyone will become exclusive and overly expensive real estate.\nThe numbers (as of Nov 4th 2022) are 50,000 homes, of the stated 1.5M required (just 3.3%), requiring a whopping 7400 acres of land (6.75 acres/home).\nThere simply must be a better use of land and higher density/lower impact development that can be done.\n"
    },
    "62339": {
        "url": "/comment/62339",
        "comment": "You have all the evidence at your fingertips showing why this should not be done so I won\u2019t sit here and rewrite it in another way for you to choose to ignore. Leave the Greenbelt alone and for once, think big picture about the environmental state of this province. There should be no amendments made to the Greenbelt to open it up to development.\n"
    },
    "62342": {
        "url": "/comment/62342",
        "comment": "Mr. Clark\nYour announcement that you and your government are opening up 7400 acres of protected Greenbelt land is beyond distressing to me, and my family. You and your government broke a promise that helped you win an election. Adding 9400 acres to the Greenbelt is disingenuous as much of it is already protected. You are removing most of the protective powers of the Conservation Authorities literally paving the way for developers, many of whom are friends of your government. It\u2019s shameful.\nThere are innovative ways to create housing while protecting the natural environment that we all depend on for our survival. In and of itself the natural world is worthy of protection. You and this government lack the \u201cout of the box\u201d thinking to do things better and differently. I fear for our children. Parks and natural spaces should not be negotiable.\nBill 23 is wrong. It will not create housing that most can afford - I live and work where these new developments are going in. $800,000 for a townhouse is not affordable. I cannot say how disappointed I am in this government. I had hope. I trusted and depended upon your integrity. We were lied to. Please keep your promise to the people and protect the Greenbelt. Do not put I\u2019ll 23 through.\n"
    },
    "62344": {
        "url": "/comment/62344",
        "comment": "It is a terrible idea to remove land from the Greenbelt in order for it to be developed for houses. This contradicts a pledge that the government made in 2018 and also just last year, when Housing Minister Steve Clark said \u201cI want to be clear: We will not in any way entertain any proposals that will move lands in the Greenbelt, or open the Greenbelt lands to any kind of development.\u201d\nI strongly oppose this proposal and beg you to stop.\n"
    },
    "62346": {
        "url": "/comment/62346",
        "comment": "Do not touch the Greenbelt. Simple as that. Doing so does not meaningfully address the housing crisis, and it directly contradicts the statement made last year that the Greenbelt would not be touched. It\u2019s very clear at this point that the current government has no problem lying. It is very clear the general public\u2019s best interests are not at heart. Stop making Ontario worse. Stop attacking the things that matter to make yourselves and your rich supporters even more money. Stop! I am disgusted.\n"
    },
    "62350": {
        "url": "/comment/62350",
        "comment": "This is a terrible idea. We have issues in this province with AFFORDABLE housing & rental units. Taking away more of our beautiful environment that is meant to be PROTECTED is shameful. More than likely, Doug\u2019s plan to build homes fast will be disastrous & poor quality work done too quickly, while developers pockets millions. This doesn\u2019t solve any problems.\nLEAVE THE GREENBELT ALONE!\nDoug Ford\u2019s government is ruining this province and it\u2019s very sad\n"
    },
    "62351": {
        "url": "/comment/62351",
        "comment": "I am supportive of this change as much of the land that would is being removed abuts developed land with similar characteristics and already has services running through it. So long as the land swap to protect other land is made I don\u2019t see an issue. More houses need to be built to support population growth.\n"
    },
    "62353": {
        "url": "/comment/62353",
        "comment": "I am not in favour of this proposal. 1) The Greenbelt was set aside to protect fertile, natural, important lands including the moraine, which is responsible for clean local water, from development. We can not change the rules everytime some new government finds parts of the Greenbelt inconvenient. There is so much room still available within our city borders to be used for multi-dwelling housing. Every strip mall is basically a waste of space. We have seen many solutions put in place. Brewers Retail Stores are being replaced by 5-7 story midrises within Toronto which is providing many new homes. It is not sensible to think that we can keep on sprawling our cities, we need to protect bio-diversity. The more sprawl > the more CO2 & Methane, more pavement all leads to a deteriorating planet. Soon countries like Vietnam, Bangladesh will be under water. We are not exempt either > look to forest fire and hurricane destruction. I for one would be happy to move to a multi-room condo which is built to environmentally friendly standards. North of Toronto is a complete mess, Farms are being destroyed left right and centre. A travesty as is this proposal.\n"
    },
    "62354": {
        "url": "/comment/62354",
        "comment": "What's the point of designating a protected Greenbelt if the government can just decide to develop over it? Developing this area is irreversible and should not undertaken so lightly especially when there are alternate solutions to housing supply concerns.\nWhen has urban sprawl ever solved any problems? If we want more affordable housing, Ontario should focus it's efforts of creating denser, complete communities that actually generate revenue for the government rather than creating sprawling low density housing projects that just get subsidized by urban centres.\n"
    },
    "62358": {
        "url": "/comment/62358",
        "comment": "Although I am opposed to this, without much power I do hope that the infrastructure has been considered. Whites Road being the only exit from the 401, the traffic and congestion will be horrific. The schools are overcrowded already.  Some green space is essential for survival and it appears as though the plan will abolish most of Pickering green belt. Even north of Taunton, east of Whites will be all built up. I understand the need for housing. Will this be affordable housing? I would think not!\nI am sure there is a plan in place\u2026 but is it a thorough well thought out plan????\n"
    }
}