{
    "77269": {
        "url": "/comment/77269",
        "comment": "Keep your promises. Don't pave the Greenbelt. We need that land for food, for water purity or we won't have anything to drink. And if biodiversity goes down more we'll be screwed and die. Yes we may be ok at the moment but you can't eat money. Please please don't be an idiot. Listen to the people, keep your promises, and keep your hands off the Greenbelt.\n"
    },
    "77270": {
        "url": "/comment/77270",
        "comment": "I am opposed to opening the Greenbelt to housing.  I don't discount that there is a need for housing.  But I feel there is plenty of already plenty of land in urban areas that can be re-deployed.   How many old shopping centres, underutilized industrial areas are there.  Sure, people want yards, but most don't actually use them.  Do a better job of building denser housing and re-developing existing urban lands and infrastructure; don't spread out.\nOf course, that's a bit more difficult to plan than to just pull out pristine agricultural land.  Speaking of which, we often hear about the cost of food, and buying local.  How can we do that when the local farming community keeps shrinking and moving farther away?  We need good agricultural land.  We need green spaces that are accessible to people for mental health breaks in the outdoors.   Stop stripping it away!\nAdding new land the Greenbelt is a weak tradeoff and a distraction. We should be doing that regardless of the size of the existing Greenbelt.\nMy final thought is on the developers. We have heard that much of the land is owned by developers.  Sure, so purchased the land prior to the Greenbelt being assigned.  That's the cost of doing business.  Sometimes you win, sometimes you lose. We've also heard that some developers purchased the land AFTER the Greenbelt was created.  Seems like an odd investment, knowing that it was restricted land.\nPlease make a better effort at being creative and finding ways to re-using existing lands.  Not this knee-jerk action of opening up lands.  They are valuable, they are our future. DO YOUR JOB!!!!\n"
    },
    "77272": {
        "url": "/comment/77272",
        "comment": "We have proven that we can accommodate the provinces population estimate WITHIN our city limits. Please respect the democratic wishes of hamilton to maintain our boundary and preserve habitat and flood  plains. Give conservation authorities back their power to protect us especially against reckless flooding. The resulting water pollution of such will be a catastrophe we do not have the means to overcome. It will affect us all!\n"
    },
    "77275": {
        "url": "/comment/77275",
        "comment": "I am COMPLETELY opposed to these irresponsible amendments to the Greenbelt. We are in a crisis and this goes against Ford\u2019s promise not to touch the Greenbelt.\nReprehensible suggestion, cannot be put into action without catastrophic consequences.\nPlease think of the future of our planet and our children\u2019s planet.\n"
    },
    "77277": {
        "url": "/comment/77277",
        "comment": "Greenbelt lands were to be protected from development. Once built upon, they are lost forever.\nMost Canadians have little understanding how small the amount of farm-able land there is in Canada. Unfortunately, some of the best is near large urban centres.\nMore housing is needed; but we do not need more urban sprawl with low density that is expensive to service with utilities, schools, transportation etc.\nIf Greenbelt lands are removed this year, what is going to stop them from being removed from protection in years to come?\nGreenbelt lands were meant to be protected from development. Do not build on them!\n"
    },
    "77281": {
        "url": "/comment/77281",
        "comment": "Experts in many fields agree that this will have a devastating impact on wildlife, but also on health. It is being proposed as a solution to the current housing crisis, but there is a significant lack of evidence that the homes built from this project will be affordable or accessible to low-income Canadians, who are currently struggling the most. Additionally, it cuts through valuable agricultural land which supplies much of Ontario with produce - this could have a detrimental effect on food prices in an already unaffordable province.\nI do not agree with the implementation of highway 413. It will have a negative impact rather then a positive one. It will ruin the environment and negatively impact health.\n"
    },
    "77282": {
        "url": "/comment/77282",
        "comment": "Proposed Amendments to the Greenbelt Plan\nERO Number 019-6216\nI do not support the proposal for Amendments to the Greenbelt Plan for the following reasons:\n- an environmental assessment is needed to confirm the impact of removal/redesignation of the specific lands from the Greenbelt that would be development. The environmental assessment needs to address all aspects of the potential impact including the impact to watersheds and flooding. The outcome of the environmental assessment would need to receive support from Conservation Authorities and other experts in planning and experts in environmental assessments. Development and hardsurfaces significantly impact water flow, runoff and and can lead to flooding which urban areas struggle with more and more and individual/residential insurance policies do not cover damages from flooding. In addition, individuals are negatively impacted when roads are damaged / closed due to flooding and more importantly habitats are negatively impacted by flooding caused by water diversion/flash flooding driven by developments shifting water flow patterns.\n- A clear and supported housing development plan would need to be supported more broadly as part of a greater Ontario review and strategy. Intensification of residential areas and ensuring accessible housing prices (including low income housing) are key elements to any new developments going forward and it is not clear the province's plan/strategy for development going forward. There is lack of clarity on the long term Ontario strategy and how these proposed/impacted Greenbelt lands would fit in the strategy and there is not clear support from experts in planning and land use and without this these proposed changes to the Greenbelt land use cannot be entertained.\n- Conflicts of interest and ethics must be investigated - the identified lands to be removed or redesignated from the Greenbelt have been reported to be owned by some individuals who have affiliations with the Ontario Government elected members; some landowners have donated directly to campaigns and indirectly to other development projects funded/collaboration with the current government. This indicates a conflict of interest and questionable ethics in general and specifically related to this Greenbelt amendment proposal. Some mainstream media articles indicate that some Greenbelt land (that could not be developed at the time) was purchased by people with affiliations with the Premier/Ontario Government as recently as September 2022 right before this Greenbelt amendment was posted for public comment. The timing of land purchases by developers in these identified areas suggests they had very detailed inside information from government individuals about this proposed Greenbelt amendment timeline and specific lands in scope; these developers stand to gain significant profits from this inside information and it is not clear if the Ontario Government individuals could gain further from this trade of inside information. Mainstream media links below must be considered in the scope of this public consultation. This requires an investigation into Conflicts of Interest and the ethical behaviour of elected officials/the Ontario Government. Based on these reports, this Greenbelt amendment is not in the best interest of Ontario (citizens and lands/habitats/watersheds) as a whole but instead significantly favours/benefits specific individuals/families. An investigation is required and the Greenbelt amendment cannot proceed.\nMainstream media investigative reporting has highlighted conflict of interests that need to be investigated first:\n- https://www.thestar.com/news/investigations/2022/11/17/they-recently-bo\u2026\n- https://toronto.ctvnews.ca/ontario-green-party-asks-integrity-commissio\u2026\n- https://www.cbc.ca/news/canada/toronto/developer-greenbelt-additional-p\u2026\n- https://www.cbc.ca/radio/frontburner/why-critics-say-doug-ford-s-housin\u2026\n- https://www.theglobeandmail.com/canada/article-sales-of-greenbelt-land-\u2026\n- https://thenarwhal.ca/ford-ontario-greenbelt-cuts-developers/\n"
    },
    "77283": {
        "url": "/comment/77283",
        "comment": "Although I do not disagree with the Bill and the intent to open much needed development land from the greenbelt;  Ontario made an error in their approach.   The government should have publicly circulated a request to all Ontario landowners who hold greenbelt land as well as the Neighbour\u2019s to those properties to state their case on why their lands should or should not be provided relief from greenbelt designation.  This would have improved optics on what has occurred \u2014 ie. The biggest \u2014 deep pocketed developers receive relief from greenbelt designation; and the farmers and landowners who hold greenbelt lands who are not seasoned developers sit and stir with lands that remain undervalued for the purchasing cycle to once again begin.   As a development industry professional I commend the government on realizing the  impact of generations of bureaucratic waste on the cost of housing.  In over 30 years of development applications I have seen the impact of unreasonable design standards; time wasted on submitting ecological backup to only achieve the identical development proposal to the initial application \u2014- but millions spent to close the vicious circle.   The government can do more to reduce approval times and wasted approval resources so housing costs and timelines to putting a shovel in the ground are shortened.  It makes no sense that approvals take 3-4 years and a builder can construct a subdivision in 10 months and build a house in 4-6 months.  It\u2019s a municipal and provincial authority mindset that needs to be reset.  Only after that happens, development timelines will be shortened; the cost of housing will be reduced; and the number of homes will meet the needs of the growing population.\n"
    },
    "77288": {
        "url": "/comment/77288",
        "comment": "I think getting rid of our green belt by developing it is one of the worst things this government could do. We need affordable housing not houses built in flood zones over important green space for farmers and communities. Taking away a municipality's right to decide what works for them is despicable and is a cash grab. Future generations will look back at this provincial government and see the greed that drove this particular decision into law.\n"
    },
    "77291": {
        "url": "/comment/77291",
        "comment": "Doug Ford needs to leave the\nGreen Belt alone and pay attention to his service people\n I am presently in hospital and I can speak 1st hand the hospital nurses do not get paid enough for what they do. This I'm sure applies to nurses wherever they work but right I'm in hospital.\nI will speak up for teachers as well. He needs to kick his developer friends to the curb and pay attention to those people who actually work for him. He has no business getting into deviding up sections of the Greenbelt. We all know what will happen to Greenbelt Piecemeal. There will be nothing left in a few short years.\n"
    },
    "77293": {
        "url": "/comment/77293",
        "comment": "Proposed amendments to the Greenbelt Area boundary regulation\nTo Whom It May Concern,\nSummary point: I do NOT agree with this proposal and feel it does not solve the housing affordability and supply crisis in Ontario.\nIn 2005, Dalton McGuinty protected 2 million acres of land which included farmland (thereby protecting food production and security) and environmental habitats, and to encourage denser development by limiting suburban sprawl.\nThe proposed plan will make this greenbelt land unaffordable for many farmers as it will now be available for developers to purchase. With developers purchasing these lands it would be a detriment to the environment (by removing wildlife) and in all likelihood be used to create more free standing homes (which this proposal does not to make sure these homes would be affordable for Canadians). Many experts state that this plan is not building the right types of homes or the necessary volumes of homes needed for Ontario housing (and more urban sprawl would require transportation infrastructure and utilities all for a small number of homes). These experts state the more appropriate solution would be creating denser living areas and living with the environment (and would tackle the public health issue of a sedentary lifestyle from urban sprawl) and that building 1.5 million more homes could be achieved with the already designated land for new housing (by building more dense housing infrastructure).\nOn Feb 12, 2018, this Premier stated that back room deals would be a thing of the past and stated verbatim in the media \"unequivocally we won't touch the greenbelt, unlike other governments that don't listen to the people I've heard it loud and clear, people don't want me touching the green belt, we won't touch the green belt, we'll figure out how to clean up this housing mess and this housing crisis that we're facing in a different fashion\".\nIt is most concerning that several Greenbelt properties have already been sold to developers after the current Premier came to power, they purchased these properties very cheaply and would be able to develop that land for incredible profit. It is also concerning that nine of the developers that standing to benefit the most from this proposed change have donated significant sums to the Ontario Progressive Conservative Party, totalling more than $572,000 since 2014.\nI do NOT agree with this proposal and feel it does not solve the housing affordability and supply crisis in Ontario.\nSources:\n(1) Developers who bought Ontario Greenbelt land linked to Ford government: https://www.theglobeandmail.com/canada/article-sales-of-greenbelt-land-\u2026\n(2) Coalition slams plan to build housing in Ontario\u2019s Greenbelt: https://www.youtube.com/watch?v=0ySuCfuR1RM\n(3) Six developers bought Greenbelt land after Ford came to power. Now, they stand to profit: https://thenarwhal.ca/ford-ontario-greenbelt-cuts-developers/\n"
    },
    "77299": {
        "url": "/comment/77299",
        "comment": "Our Toronto family household of 6 voting adults are in favour of supporting the building of much needed affordable homes for Ontarians, but DO NOT TRUST Ontario's Provincial Government's Bill23 to be successful in building affordable homes.  It is difficult to TRUST Premier Ford's Government considering it approved Bill 23, despite given the opportunity to defer passing of Bill23 until after the the Greenbelt Plan December 4 comment period and after submissions of GTA region official plan reviews. Reviews that provide plans on how to use lands for growth beyond 2051 without encroaching on the Greenbelt.\nHow can we TRUST the Ministry of Municipal Affairs & Housing when at least 6 of the Greenbelt Council members resigned citing an assault on conservation authority and environment.  How can we TRUST this Ontario Government when the Ontario Federation of Agriculture advises that\n \"Ontario's limited supply of farmland is a scarce resource, making up less than 5% of the land in the Province... Current rate of farmland loss is measured at 319 acres per day in Ontario according to 2021 Census of Agriculture...  These losses are not sustainable and will become increasingly worse with the overreaching effects of Bill 23... Agriculture & Food in Ontario is a major economic driver contributing 47 billion annually to the Provincial economy and employing nearly one million Ontarians through skilled labour, trades, technology, innovation and more\"\nYet our Provincial Government chooses to jeopardize Ontario farming and threaten food security by dicing and splicing our Greenbelt.  Such manipulations of boundaries brings to mind the cronyism of political Gerrymandering, in this case, so as to favour Real Estate Speculators and Developers.\nAlready Ontarians are faced with sky rocketing food prices. Floods, droughts, fires, wars, are negatively impacting our food supply. How can we TRUST the Provincial Government when Bill23 and these Greenbelt Proposals further threaten our food supply.  Will the Province's short sightedness in decimating our Greenbelt farmland mean we will have to rely on IMPORTED FOODS? How did reliance on IMPORTs of PPEs and Vaccines work for us when faced with a viral pandemic?\nHow, and, by whom, were lands proposed for removal from the Greenbelt selected, and, other lands swapped in?  Without this transparency how can we TRUST that the Provincial Government is making sound decisions on behalf of all its Citizens?\nSprawl through the Greenbelts and unscientific swapping of Greenbelt land is unwise as it threatens not only Food Security, but Indigenous Rights, Species at Risk, Watersheds and exacerbates Climate Change.  Once paved over there is no going back.\nAs stated previously, my family is in favour of building needed affordable housing, however, as reported in the Province's own Housing Task Force this can be accomplished without carving up the Greenbelt. The Task Force recommended better use of existing lands by increasing density in urban and suburban areas.  Building UP, not sprawling out.  Shortage of land is not the cause of our lack of affordable housing.  Reducing \"red tape\" building approvals was another Task Force recommendation that has merit, provided we don't over rule our Conservation Authorities.  We don't want homes and supporting infrastructure built on Flood Plains later to find tax payers on the hook for flood remediation costs. Other ways to increase affordable housing is to tax real estate speculators, owners who don't live in the home or who don't pay taxes in Ontario.\nThank you for the opportunity to comment.\n"
    },
    "77301": {
        "url": "/comment/77301",
        "comment": "I am a Registered Professional Planner in Ontario (Ret. Status) who has been practicing land use planning for over 45 years now. I\u2019m opposed to the whittling away of parts of the Greenbelt as proposed. I attempted to ascertain the rationale for the removal of the various blocks of land in the proposal but I was at a loss to find justification analysis. This is a basic tenant of good government policy and therefore on this basis the proposed legislation is flawed.\nThe issues on land use are guided by the ON government\u2019s Provincial Policy Statement (PPS). I have reviewed the proposition via the Ford Gov\u2019ts 2020 PPS policies found at https://files.ontario.ca/mmah-provincial-policy-statement-2020-accessib\u2026\nI will reference this document to give substance to my remarks here. My remarks are structured on the basis by which the proposal should reflect good planning policy considering all of the matters that are relevant to the Province, i.e., not just the availability of housing in the future. The PPS is clear in Part III: How to Read the PPS (pg 2) that the entire document is to be considered and that one type of land use does not take priority over others.\na) How has the government shown that it has effectively engaged the general public in reviewing, commenting and refining the proposal before us? In reviewing the background info on the ERO site just a simple political statement that we need more land to build 50k houses is necessary. This is not a sufficient reason for proposing the removal of the land. Already \u2018protected lands\u2019 within urban floodplain areas and within the prime agricultural and core greenlands of Erin are not in danger of being developed on and are not a reasonable replacement equivalent. As a result of the poor planning engagement exercise by the Province, there is little buy in for the proposal, except for the benefiting house building industry.\nb) How has the government demonstrated its \u2018duty to consult\u2019 with indigenous nations concerning the proposal\u2019s details? This is a violation of PPS Policy 1.2.2 namely \u201cPlanning authorities shall engage with indigenous communities and co-ordinate on land use planning matters\u201d.  From on-line correspondence  by the Ontario chiefs there appears a disconnect on the government\u2019s responsibility to consult and engage in listening, i.e., a responsibility of reconciliation. https://chiefs-of-ontario.org/chiefs-of-ontario-and-first-nations-oppos\u2026\nc) How does the legislation promote co-ordinated land use planning across watershed and regional municipality boundaries when the proposal (in line with the related provisions of recently passed Bill 23) greatly diminishes opportunities for co-ordination. The Greenbelt as an intact entity was established to be respectful of watershed boundaries. The proposal before us violates PPS policy 1.2.1 whereby \u201ca co-ordinated, integrated and comprehensive approach should be used\u201d amongst municipalities and other agencies (Conservation Authorities) in \u201cmanaging natural heritage, water, agricultural . . . resources.\u201d\nd) Justification analysis should be completed as a component of the land use change. Again, a violation of being \u2018consistent\u2019 with the PPS is evident as the Province\u2019s Affordability Housing Task Force indicated that \u201ca shortage of land isn\u2019t the cause of the problem \u2026 land is available.\u201d The Task Force further advised that \u201cGreenbelts and other environmentally sensitive areas must be protected, and farms provide food and food security. Relying too heavily on undeveloped land would whittle away too much of the already small share of land devoted to agriculture.\u201d (p. 10)\ne) I am not aware of the environmental impact assessment studies that are normally required when land use changes are proposed in proximity to significant natural heritage features that the Greenbelt lands contain. A systems analysis on wetland complexing to consider the impacts to flora/fauna are necessary to mitigate feature and associated ecological function damage. I\u2019m not aware of information being provided to document these impacts. Conservation ON and the CA watersheds containing lands/waterways of the existing Greenbelt have unanimously expressed alarm of the proposal.\nNiagara Conservation https://www.youtube.com/watch?v=0eToADFbAsk\nHamilton Conservation https://conservationhamilton.ca/dear-premier-ford-lets-reconsider-bill-\u2026\nConservation Halton https://www.conservationhalton.ca/conservation-halton-board-urges-premi\u2026\nTO and Region CA https://trca.ca/news/trca-response-more-homes-built-faster-act-proposed\u2026\nKawartha Lakes CA - https://www.thepeterboroughexaminer.com/local-kawartha-lakes/news/2022/\u2026\nGrand River CA https://www.grandriver.ca/Modules/News/index.aspx?newsId=987bfae5-6474-\u2026\nCredit Valley CA https://cvc.ca/conversations/proposed-changes-in-bill-23/\nLake Simcoe CA https://www.lsrca.on.ca/Shared%20Documents/board/Bill%2023%20-%20Specia\u2026\nConservation Ontario  https://conservationontario.ca/about-us/watershed-views-blog/blog/a-wat\u2026\nNature Ontario  https://ontarionature.org/greenbelt-lands-at-stake-blog/\nThe Big Tent opposition letter https://yourstoprotect.ca/wp-content/uploads/sites/3/2022/11/Big-Tent_-\u2026\nIn moving forward with development on environmentally sensitive Greenbelt lands, the proposal is a violation of the PPS Natural Heritage section 2.1; specifically violation of 2.1.8 is evident where detailed environmental impact analyses have not been completed to document that no \u201cnegative impacts on the natural features or on their ecological functions\u201d will occur on \u201cadjacent lands\u201d.\nf) How does the removal of prime farmland uphold PPS Policy 2.3.1. \u201cPrime agricultural areas shall be protected for the long-term use for agriculture.\u201d The Ontario Federation of Agriculture does not support what the government is proposing. The ag system is impacted, and the tenants of good planning are undermined. See OFA statement on protecting farmlands within the Greenbelt https://ofa.on.ca/ofa-presents-to-ontario-standing-committee-on-bill-23/\ng) I am unaware of any municipal partners within the geographic area of the existing Greenbelt that supports what the government proposes to do. This is legislation not enacted in good faith and diminishes the public interest in good planning. The proposition of this note to you is not taken from a NIMBY perspective or even the more dismissive anti-public engagement sentiment by Minister Clark of  BANANA. Instead, I am interested in building a resilient Toronto centred region with considerations given to sustainable human and natural communities.\nAMO representing municipalities across Ontario questions the need for the loss of Greenbelt lands as outlined by this proposal: https://www.amo.on.ca/sites/default/files/assets/DOCUMENTS/Submissions/\u2026\nh) The government needs to consider its concern for the provision of new housing in conjunction with all of the priorities of good planning as outlined in the PPS. It clearly states in Policy 4.2 that all aspects of the PPS need to be considered in proper planning for the public good, i.e., the PPS shall be read in its entirety and all relevant policies are to be applied. . .\ni) As a normal component of land use planning changes, the provision of a comprehensive review document is required to justify the alterations to existing policy. While the government can choose to ignore its own policy, this is a draconian measure that undermines integrity of our (so-called) democratic system.\nIn conclusion, do not remove lands from the Greenbelt as there is nearly universal disapproval by concerned citizens and organizations across Ontario. The lands are not needed to meet the Ford government\u2019s aggressive desire to have new housing built in the province (ON Affordable Housing Task Force report, Feb. 2022). The proposal is not reasonable as it sets a dangerous precedent for additional future land withdrawals, and it represents poor planning and NOT in the public interest.\nThanks.\n"
    }
}