{
    "66895": {
        "url": "/comment/66895",
        "comment": "Hello, I may be young but even I know that this a terrible plan. We already have enough space for everyone in Canada with the spaces already built up. Just continue building them up, we don\u2019t need sprawl. All that does is add more taxes needed to fund next years count. Build more residential pathways instead with mixed zoning, urban sprawl, not suburban squall.\n"
    },
    "66896": {
        "url": "/comment/66896",
        "comment": "The original intent of the green space is that it would be protected as such for now and future generations. The provincial and municipal governments have not made significant attempts to create policy and regulations to re zone existing residential development to include greater density. Moreover, there is a significant number of vacant properties throughout the province which should be taxed more substantially to encourage full integration of housing available for occupancy. The opening up of greenspace is a slippery slope and will only lead to further encroachments once the process is started. I do not agree to the use of greenspace for any residential, commerical or industrial use.\n"
    },
    "66897": {
        "url": "/comment/66897",
        "comment": "It is essential that our Greebelt is protected and that we look at alternatives. Doug Ford promised to leave it alone and now he is proving that he is a complete liar and doesn\u2019t care about integrity, honesty or the people of Ontario. Health care, education, homeless, affordability, and our environment all need to be addressed, not destroyed.\n"
    },
    "66898": {
        "url": "/comment/66898",
        "comment": "During the election, it was brought forth the plan to build on the Greenbelt. This was greatly opposed to by the people. As such, it was removed from the platform and we were promised this would not happen. And yet, here we are. This is a very bad idea and I do not support it at all. We need to preserve our vulnerable green spaces not remove them. The idea that an area with that protected space is \u201csuitable for building\u201d does not mean it should be done. Building on that space will still have a major impact on the more vulnerable eco systems that surround them. The wildlife as well as the vegetation will suffer or be destroyed. It is imperative that the government listens to the people and stop this proposal.\n"
    },
    "66899": {
        "url": "/comment/66899",
        "comment": "The greenbelt needs to stay intact. Allowing any part of it to be \"repurposed\" or blatantly destroyed will only open up a standard that more of it can be. This is a gateway to both ecoterrorism by way of deforestation, pollution, habitat destruction, and so much more. The very last thing we need is a highway and a bunch of hew houses developed on land that was designated to be a protected ecosystem. There are other options for more housing, such as repurposing buildings like empty office buildings to be low income housing units elsewhere - or actually imposing more rental/house cost control that prevents the mass cost crisis we're seeing in Ontario real estate today. New highways are not necessary; we've seen it proven again and again that population grows and moves to meet the space available, and opening another highway will only further pollute and destroy our environment. Instead, work to improve our public transit systems, expand their capacity and reach to service as many people as possible for the smallest carbon footprint possible. Please, we beg you, listen to the people. Open the floor up to university students, start a competition for creative and eco-friendly solutions to housing and transit issues. Do not dig us deeper into a hole we can't climb out of. This is not the only way; please, we can do better than this.\n"
    },
    "66902": {
        "url": "/comment/66902",
        "comment": "Hello,\nAs a resident of the GTA, I reject the proposal to change the Greenbelt plan. This area is protected land that should NOT be touched.\nIf the real concern is housing shortages, then we should repurpose empty buildings into low income housing to support those who can\u2019t afford to live in the GTA due to this inflation crisis.\nThere are far better options to combat the housing crisis than to get rid of our green space. I beg you to Think of our future, not just today.\n"
    },
    "66906": {
        "url": "/comment/66906",
        "comment": "I am completely opposed to this proposal. The greenbelt needs to continue to be protected and turning it into residential development land will not be the solution to the housing crisis unless there are also big changes to zoning by-laws that allow for high-density housing to be built. Single-family housing won't provide affordable homes to new home buyers and the locations of the new housing isn't anywhere near the areas where people are looking for jobs and home to live in.\n"
    },
    "66911": {
        "url": "/comment/66911",
        "comment": "Our green belt is there for a reason. Blind adherence to economic growth in the face of environmental constraints is the height of hubris. We have a systems that requires a house in order to have any financial stability or to retire peacefully. Have we forgotten that a house is the thing that you live in, not the thing I need to sell to retire? We need to build up and in, not out. No more suburban sprawl.\n"
    },
    "66912": {
        "url": "/comment/66912",
        "comment": "Hello,\nAs a terrestrial Ecologist I would like to convey my opposition to the proposed changes to the greenbelt plan. Each area has different ecological functions and cannot simply be swapped out for another land parcel without causing ecological harm. The nature of the changes are encouraging urban sprawl for large detached houses that take up too much space, too expensive for many to afford, and will not solve the current housing issues. This government should be working to encourage smart growth, such as increasing population density and creating complete communities.\nThanks,\nDavid\n"
    },
    "66913": {
        "url": "/comment/66913",
        "comment": "I am appalled by this proposal. I do not support this in any way.\nWe need stronger protection for our greenbelt. We are lucky to have such an area and destroying it will only cost us more in the long run as far as worsening extreme  weather events. Once destroyed we cannot get t back - do not touch it.\n"
    },
    "66914": {
        "url": "/comment/66914",
        "comment": "I think the developers involved in this project should be investigated and the ties to Doug Ford. Who is going to benefit from this project? Will these be at-least affordable housing, multi unit housing? If not how does this help \u201cthe housing crisis\u201d if we\u2019re only building houses for higher incomes who are not affected.\nThis government made a promise not to touch this area, why the lack of transparency and lying? There is no recommendation of this area and are other areas to build. Has the food security, environmental factors, and benefits to those affected by housing costs been actually researched or is Doug Ford making his friends richer? With the way the health care and education has been dismantled under his leadership I think this project should be at the very least delayed until our next election since it was promised it wouldn\u2019t be affected under false pretences. This would give Ontarians the ability to use their voice in respect to this issue.\n"
    }
}