{
    "73604": {
        "url": "/comment/73604",
        "comment": "I enthusiastically support this proposal for several reasons:\n-The \"Greenbelt\" tramples on the rights of individual owners to enjoy and purpose their property to its highest best use in many circumstances(particularly those lands which are directly adjacent to public services ,urban boundaries, and are inefficient/undersized/unable to farm properties) I personally find myself in this circumstance-see attached\n-the need for housing is well documented, as is the evidence of where the population wants/needs to have housing available. Municipalities have long been aware of this but have chosen to restrict and retard many potential developments in favor of Nimby'ism and community optics and pressure.\n-The condition to have shovel ready sites by 2025 is a great way of preventing land banking by developers and clearly shows the governments intent to move ahead with creating housing\n-The 1:1 offset is a positive way of still maintaining the intent of the Greenbelt without sacrificing land mass and making use of some of the lands previously within the Greenbelt that in hindsight were illogical and poorly considered to begin with and didn't consider the housing and infrastructure  pressures we face today\n-There is little to no alternatives in the face of 1.5 million immigrants coming to Canada in next 3 years-there literally is no other choice\n-I would encourage the Government to further explore limiting municipal approval and regulatory approvals-unfortunately they have proven short sighted in their planning and are too often unduly influenced by community advocacy groups which are often in essence little more than Nimby'ism\n-I encourage the Government to exercise more oversight and influence over the proposed municipal plans particularly when it comes to expansion (such as they did with Ottawa and Hamilton)\n-I would encourage the Government to limit appeals and the influence that individuals and community groups can have on applications. Simply, there is something unfair about people who already own a home preventing/delaying a potential project from providing much needed housing to others who need a home\n-Individuals,advocacy groups etc are great for feedback and input but they should in no way have the amount of influence and power that they have enjoyed over councils and potential developments to the point where their input has more influence than the landowner\n-Encourage the Government to do a better job of communicating that all these front end costs are not borne by the developer, they are passed down to the consumer(like any product,i.e. \"our children\"). No developer pays for applications, appeals, environmental studies, or the actual buildng cost, this is a fallacy and I still read newspaper opinions/articles where people comment \"make the developer/builder pay\"... it makes me laugh but someone needs to tell people this.\nI have attached a sketch of a small parcel of land I own adjacent to a urban boundary and service . The  North Side of the road is draft plan approved,  some wise planner decided to arbitrarily  draw in the   Greenbelt boundary on the opposite side thus excluding my property from potential development. Access for large farm equipment and the size of the parcel exclude it from farming. I ask, how much sense does that make with existing services/infrastructure and urban boundary adjacent?\n"
    },
    "73605": {
        "url": "/comment/73605",
        "comment": "ERO 019-6216\nI am opposed to the destruction of 7,400 acres of Greenbelt land. This will destroy farmland that provides local food. it will also harm natural areas including wetlands that prevent floods, sequester carbon, provide habitat for species at risk and filter water to keep it clean. Substituting land in the Paris Galt Moraine will not help preserve the fruitlands in Niagara or help the watersheds in the Golden Horseshoe.\nSince there is land available for housing inside existing built-up areas and on undeveloped land outside the Greenbelt, I beg you to not open up Greenbelt areas for development. We need these areas for our health, for food security, and to prevent destruction from climate change.\n"
    },
    "73606": {
        "url": "/comment/73606",
        "comment": "The selling of our green space in Stouffville to rich developers should not be allowed.  If the green space is allowed to be built on,  millions of species of birds and animals will have nowhere to live and many species will die.  The green space is also good for our environment and the trees are essential to help with global warming.  Say no to building on our green space!\n"
    },
    "73616": {
        "url": "/comment/73616",
        "comment": "On behalf of our entire family, I wish to express our significant concerns about the proposals in Bill 23 related to the Ontario Greenbelt, especially given the lack of collaboration with regional Municipalities and Conservation Authorities. All of us, from the Hamilton-Dundas area to the tip of the Bruce Saugeen Peninsula, live near Ontario's Greenbelt and its critical spaces are vital to the quality of all our lives. This is true for many Ontario citizens, not to mention the critical ecoservices that they provide.\nAlthough we support efforts to encourage new and affordable housing, we feel strongly that any \"opening\" of Greenbelt lands should be the LAST option taken -- and then only in partnership with regional municipalities and Conservation Authorities. The current bill proposes major restrictions on the abilities of these local groups \u2013 who usually are more aware of key issues in their regions than any provincial minister or ministry. At minimum the bill should (1) reinstate, not restrict, the powers of conservation authorities to scrutinize development on environmentally sensitive areas such as wetlands or floodplains and (2) commit the province to work in partnership with regional governments, particularly when they already have worked hard to develop local land use plans.\nVirtually all recent reports indicate that there is ample land for the type of housing needed without infringing on the Greenbelt. Indeed, the housing need is greatest and most appropriate in urban areas. The infrastructure is already in place in these areas, and this is where the majority of Canadians now seeking housing and new immigrants will prefer to live. For example, the report from the Ontario Housing Affordability Task Force in February 2022 indicated, \"shortage of land isn\u2019t the cause of the problem. Land is available, both inside the existing built-up areas and on undeveloped land outside greenbelts.\" That report added \u201cGreenbelts and other environmentally sensitive areas must be protected\".\nCarving pieces out of the Greenbelt without careful planning and collaboration with those who live in those areas is NOT the way forward with this initiation. As we know from our lifetime of work with the Bruce Trail Conservancy, one piece of land is NOT the same as another so \"adding back\" other acres in the plan often is not a fair or equal trade. The Greenbelt has permanently protected land which guards  against the loss and fragmentation of agricultural lands and the natural heritage and water resource systems that sustain ecological and human health. In addition, it builds environmental & social resilience and mitigates some negative impacts of climate change.\nThe government needs to come up with a better plan. Better housing options can be made available to Ontarians without it being at the cost of environment fragmentation and disregard for local planning!\n"
    },
    "73617": {
        "url": "/comment/73617",
        "comment": "Its obvious that removing protections from greenbelt lands is not a sustainable development approach, and benefits very few current and future provincial residents. Developing these lands would not only burden the province, but is a shortsighted blunder. The expansive GTHA has less than 50% the population density of greater New York, and 3/4 the population density of greater LA, a city known for its sprawl. It is almost impossible to naturalize lands once they have been developed.\n"
    },
    "73618": {
        "url": "/comment/73618",
        "comment": "Absolutely ridiculous decision and as a Toronto resident, I'm very angry at plan. I do not understand why such a radical move is being planned when the final goal is to I crease supply of living spaces. Why should we continue to think of living spaces as primarily single family detached houses. Research suggests that single family detached houses require very high costs of maintenance by the city, is very unsustainable, and in general a concept from bygone age of decadence. What the city requires now is high density efficient living spaces, implement by zoning changes and in-city approval of high density housing. Along with good investment into public transit not only would this equal the supply of homes being presented in the current plan, it would also be cost efficient for the city in the long term while building a thriving diversified economic hubs. I hope this plan does not go forward, and the housing committees relook at sustainable housing supply.\n"
    },
    "73619": {
        "url": "/comment/73619",
        "comment": "I am totally opposed to the Ford government's plan to develop the greenbelt. It's short-sighted, politically motivated and completely irresponsible. While affordable housing is an issue, the net benefit of 50,000 homes in Ontario's greenbelt does not outweigh the impact of climate change and extreme weather events that are occurring more and more frequently because of human development. Paving over arable farmland, forests, and grasslands will degrade water quality, increase the risk of flooding, further damage air quality and lead to increased carbon in the atmosphere, and exacerbate food insecurity through the removal of both farmland and the natural environment that sustains pollinators. I would like to see the Ford government weigh the financial value of nature against the cost of maintaining the housing and settlement infrastructure for the next 20, 30 or 50 years. This decision is unnecessary, against public opinion, environmentally catastrophic and I hope, politically devastating for the Ford government.\n"
    },
    "73622": {
        "url": "/comment/73622",
        "comment": "To permit the usage of the land identified as the Green Belt to be used by a known developer for the use of development is ignorant of what the world is trying to achieve.\nIn looking to South America, we, the people of Canada, condemn the destruction of the Amazon forest. Yet, Premier Ford has indicated that he is more than willing to destroy precious green space in Ontario to line the pockets of development agencies and corporations. This is a gross injustice to the present people of Ontario, the future people of Ontario, the citizens of Canada, and all people of Earth.\nThere is land outside of this region that can be used for development. Rather than use this land, Premier Ford has shown he is willing to help corporations continue to grow, at a cost to the environment and the people.\nI am adamantly opposed to this and actively encourage all other residents of Ontario to oppose this decision.\n"
    },
    "73625": {
        "url": "/comment/73625",
        "comment": "Hello,\nAfter reviewing the proposal to amend the Greenbelt Plan, I would like to provide some comments to consider as a private individual.  The Plan as proposed appears to be focused on opening up parcels of land for development in areas which have limited connections to key urban infrastructure (i.e., public transit, schools, commercial areas) as opposed to directing municipalities and opening up other unused Government-owned land/real estate in urban areas where these connections have been established.\nThe Greenbelt is home to some of the remaining arable land in Ontario, and Ontario continues to lose farmland to non-agricultural land uses.  This has the potential to make Ontario vulnerable to supply chain impacts for food access, especially given climate change already impacting crop yields.  Having access to local produce helps both economically and on a sustainable perspective, as consumers can purchase locally while reducing the size of the carbon footprint involved with continuously importing produce outside of Ontario for 12 months continuously.\nThe Province should be working with municipalities in addressing the \"missing middle\" development opportunities.  Missing middle housing such as duplexes, triplexes, townhomes and mid-rise buildings should be the focus for development in municipalities and encouraging municipalities to focus on this as opposed to high value condominium projects I believe would contribute better.  While neighbourhoods understandably may take issue with large condominium projects on main roads, encouraging better land use in designated urban areas can contribute to the Province's goal of building homes.  There should be evaluation of real estate already owned by the Province (and even Federally) which can be redeveloped into middle housing given the changing state of the workplace shifting towards supporting a hybrid workforce.\nThe Province should also consider the potential damage development on the Greenbelt may have on Ontario's natural ecosystem.  Some areas within the Greenbelt may not be suitable for development due to the land quality or what the land is used for (i.e., as a wetland) so consideration should be made on that front.\nOntario is fortunate to have a vast land size which it can utilize, but it should be utilized in a manner which is environmentally conscious and providing access to the needs people require for a livable community.\n"
    },
    "73626": {
        "url": "/comment/73626",
        "comment": "We already have wildlife moving into our residential areas because of development in the Greenbelt area. The pressure on them is intense and no action seems be taken to help them. I've called animal control and they say there's nothing to be done about the coyotes and turkeys running around here.\nI understand that people need a place to live but more high-density buildings are needed, not more subdivisions. We're need to protect our green space for future generations, including those of wild creatures.\n"
    },
    "73629": {
        "url": "/comment/73629",
        "comment": "The greenbelt is a precious gift for future generations.  Developing  it will create another car-dependent hellscape, is not sustainable, and will result in a broken election promise. Shame on you. Next you will want to create highway 413.\nDeveloping car-dependent hellscapes are a strategy from the 1950s.  They are not economically sustainable.\nSource:\nhttps://youtu.be/7IsMeKl-Sv0\nSilvio, Carlo and Michael De Gasperis are part of a wealthy developer family that has made significant contributions to the PC party.  They own many tracks of land in the greenbelt that they want to develop. Clearly, PC greenbelt strategy is driven by greedy developers.\nSource:\nhttps://www.cbc.ca/news/canada/toronto/developer-greenbelt-additional-p\u2026\nDo not pretend that this will solve the housing problem. Ontario should be following the lead of Waterloo, with \"15 minute neighborhoods\" close to transit. See link below.\nSource:\nhttps://www.cbc.ca/news/canada/kitchener-waterloo/15-minute-neighbourho\u2026\n"
    },
    "73631": {
        "url": "/comment/73631",
        "comment": "We do have a housing crisis in ontario but we also have a climate crisis. The green belt is an important part of the landscape of Ontario and   Having already sold parts of it to developers makes me question if this wasn\u2019t the Ontario governments part all along. Developers are not going to build affordable housing, they are going to build properties and sell them at an inflated price, because they can. Drastic thinking creates problems down the road, it is not planning for the future. What future will our children have if all the green space is developed to build unaffordable housing?.\nAlso removing the building fees makes no sense. They should pay their way and not put it on the backs of the people of Ontario would are trying to make ends meet. The developers are just going to make more money and the cities will not have money for infrastructure and our taxes will increase\u2026while these multi millions make additional profits. What happened to Fords promise to not touching the greenbelt. It\u2019s very disappointing to think that greed overtakes sense. This should be an issue that the Ontario residents can vote on, how politicians have this much power is beyond me. Some of us may have voted this government in , but that doesn\u2019t mean you can do what you want without our say\u2026or maybe it does.\n"
    },
    "73634": {
        "url": "/comment/73634",
        "comment": "Absolutely not. The green belt is important for the environment. Plus it seems that Most of this land is owned by just a couple of families. So it seems like an act geared towards helping corporate at the cost of the environment. Please don\u2019t kill the biodiversity of our province for the profits of a family or two.\n"
    },
    "73637": {
        "url": "/comment/73637",
        "comment": "Destroying the greenbelt to help line the pockets of already wealthy developers with links to the OPC party is a short sighted move that undermines the integrity of this province. Developing the greenbelt is not necessary to increase housing affordability as per the report on housing affordability produced by your own government. The greenbelt increases the chance this province will be a livable or profitable place in the future.\nThe OPC should keep it's commitment to protecting the greenbelt:\nSteve Clark quoted in ctv news: \"I want to be clear: We will not in any way entertain any proposals that will move lands in the Greenbelt, or open the Greenbelt lands to any kind of development.\"\n"
    },
    "73642": {
        "url": "/comment/73642",
        "comment": "We have to save the greenbelt for future generations . Save our aquafilters, creeks, rivers, marshes, and habitat for wildlife.\n"
    }
}