{
    "73453": {
        "url": "/comment/73453",
        "comment": "I am strongly opposed to the government's  plan to open up the Greenbelt to development.\nThe Premier previously promised to protect the Greenbelt,  but has now broken that promise.\nI would refer you to Environmental Defence Canada's website for why opening up the Greenbelt is a very bad idea. They note, in part, that the legislation (Bill 23) and associated policy changes, will:\n- Create a process for selling off conservation lands without oversight\n- Strip conservation authority powers which protect us from floods\n- Remove protections from woodlands, wetlands and wildlife habitat\n- Cancel municipal green building standards\n- Do almost nothing to build more affordable homes inside of our cities  and towns where they are needed\nI strongly urge the Premier and provincial government to rethink Bill 23 and keep their promise to protect the Greenbelt.\n"
    },
    "73456": {
        "url": "/comment/73456",
        "comment": "I am deeply concerned about the Proposed Amendments to the Greenbelt Plan. My background is in civil and transportation engineering, and while the area of urban growth is not my expertise, I took several courses in urban and spatial planning. It seems to me that all the things that I have learned about the dangers of urban sprawl during my university years and later witnessed during my engineering career, are about to happen if this proposal is accepted.\nMultiple studies have shown that urban sprawl is creating negative economic, social and environmental effects (1-4). Some of the main economic costs of urban sprawl are loss of the time drivers have to spend traveling to their workplaces, higher household indebtedness, loss of well-being by pollution and depletion of resources (1).\nSocial effects of urban sprawl are associated with increased social/racial segregation, the creation of non-diverse communities and a decrease in social participation (1). There are also impacts on people\u2019s own health associated with intense car use, especially in terms of the risks of accidents. Studies have found that more compact urban areas showed a lower accident rate because of the shorter distances and the lower speeds (1). Urban sprawl is also associated with a drastic reduction in walking because of the spatial distance from places of work, residence, and consumption, as well as the usual lack of pavements (1).\nThe environmental effects of urban sprawl are well known and I will only mention a few here: soil sealing, soil loss, cropland displacement, disruption of water cycles and material consumption and environmental pollution (1-3).\nAs in all major cities worldwide, Toronto\u2019s population is inevitably growing, and yes, we need to build more homes, but they need to be built where existing infrastructure exists, increasing density and improving infrastructure. Studies have consistently found higher urban densities to be correlated with lower energy use and in general lower negative environmental impacts. In order to achieve urban sustainability goals for our cities and communities, we need to steer urban growth to upward development in order to reduce energy use from transport and other sectors (4).\nI do understand that in North America, urban sprawl has long been an essential element of the social ordering and, thus, of the North American way of life (1). However, we live on a finite planet with finite resources. The long life of urban infrastructures and urban form create conditions that are difficult to change and often cause irreversible damage to the environment.  Yes, people with financial means want to have large suburban houses and associating material possessions with well-being unfortunately is a part of the culture here. Still, cultures do change. Numerous studies have shown that life satisfaction does not keep growing beyond certain levels of material wealth, and that the true well-being usually results from fulfilling non-material life goals. Perhaps the time has come to reconsider our ways and our efforts to \u201csustain what is unsustainable\u201d and think of the change as of a tremendous opportunity to shape our urban areas towards more truly sustainable outcomes.\nReferences:\n1)\tBueno-Su\u00e1rez C, Coq-Huelva D. Sustaining what is unsustainable: A review of urban sprawl and urban socio-environmental policies in North America and Western Europe. Sustainability. 2020 Jan;12(11):4445.\n2)\tvan Vliet J. Direct and indirect loss of natural area from urban expansion. Nature Sustainability. 2019 Aug;2(8):755-63.\n3)\tHoward K, Gerber R. Impacts of urban areas and urban growth on groundwater in the Great Lakes Basin of North America. Journal of Great Lakes Research. 2018 Feb 1;44(1):1-3\n4)\tMahtta R, Mahendra A, Seto KC. Building up or spreading out? Typologies of urban growth across 478 cities of 1 million+. Environmental Research Letters. 2019 Dec 18;14(12):124077.\n"
    },
    "73458": {
        "url": "/comment/73458",
        "comment": "I strongly object to this Bill, as it will devastate protected natural environments, without contributing to affordable housing.  The answer to the lack of affordable housing is intensification of existing urban infrastructure.  As a resident of Kingston Road in Scarborough, I believe that we must work co-operatively at all levels of government to meet the needs for affordable housing, without destroying our Greenbelt.\n"
    },
    "73464": {
        "url": "/comment/73464",
        "comment": "AMO says Bill 23 indicates the transfer of up to $1B a year in costs from private sector developers to property taxpayers without any likelihood of improved housing affordability.\nBill 23 is an attack on our wetlands, green spaces, communities and the climate. It will prohibit conservation authorities, emphasis on authorities, from protecting these areas.\nThe problem in Ontario housing is not a shortage of land. The problem is that too much urban land in the GTA is zoned exclusively for low-rise, single-family homes. There is more than enough land approved for development within existing urban boundaries. Cities and communities have already conducted lengthy consultation processes in which they decided to intensify development within the cities , not increase their urban boundaries. This is an erosion of local democracy and planning authority.\nIt is clear that the plan to develop the Greenbelt will not create affordable housing; and, once it\u2019s gone, it\u2019s gone forever. This government needs to listen to all of its constituents, not exclusively to the wealthy owners / builders who have suspiciously purchased undevelopable land leading up to this decision to open up the Greenbelt.\nKeep your promise Mr. Ford. The people have spoken; we still don\u2019t want you to touch the Greenbelt. Don\u2019t touch the Greenbelt.\n"
    },
    "73466": {
        "url": "/comment/73466",
        "comment": "Sprawl is not the answer to the housing crisis. We will just have more houses being bought by investors that will not solve the housing crisis. The only ones that will gain are the developers. There is not enough land to house everyone in a single family home. Density is the answer. Allow for more people to live where the transit infrastructure is already in place.\n"
    },
    "73473": {
        "url": "/comment/73473",
        "comment": "This is a terrible idea. More generally, the majority of independent urban planners (not those associated or paid by developers) view suburbs and urban sprawl as economically and environmentally deleterious. Urban sprawl should have stopped years ago, but it is not too late. We should have greater population density and public transit options.\nMore specifically, there should be a formal independent investigation into the dealings between the Degasparis family and the Ford administration. I am not a partisan, but this is the clearest, most blatant example of third-world style corruption I have seen in ages. It is shameful and makes me embarrassed as a proud resident of Ontario.\n"
    },
    "73479": {
        "url": "/comment/73479",
        "comment": "The proposal stands to benefits only a select people and rather than developing other areas within Ontario, there's a focus on the GTA rather than in any other parts of Ontario that could do with a bit of urban growth.\nFurther, NOTHING is being talked about affordability. How affordable are these homes going to be?\nI find it shocking that rather than focusing on rent controls, and affordability, we are talking about stripping land that will benefits a select few rather than giving other cities opportunity to grow.\nThe plan seems very short sighted, Environmental Studies have shown the harm that this plan would cause.\nI think this plan is short sighted and stands to benefits only a select few. It's disappointing that THIS is the plan to address the housing crisis rather than practical steps that could offer immediate relief.\nI make closer to six figures, and I live alone. I can't afford to take the TTC any more, because of the added expenses. I also don't drive, and I rent an apartment, because the only thing that I could buy is a studio condo. I can guarantee that NONE of these proposed housing will address a family who makes the same money that I make.  So who is this housing really for?\n"
    },
    "73480": {
        "url": "/comment/73480",
        "comment": "I am writing to oppose Bill 23 for the following reasons:\n1. Guts the role and authority of Conservation Authorities: This legislation repeals no fewer than 36 regulations that give Conservation Authorities oversight over development which were designed to protect Ontarians from catastrophic floods as well as protect  vulnerable water resources throughout the Province, not the least of which are wetlands heretofore designated as \"Provincially Significant\". In a time of climate change pressures, it is absolutely irresponsible to lessen any protections that currently apply  to these resources including those falling within the purview of the CA's.\n2. Overrides the authority of local Councils: The heavy-handed autocracy favoured by your government is egregiously demonstrated in overruling decisions taken by the cities of Hamilton and Halton Hills to freeze urban boundaries as a strategy to combat urban  sprawl, encourage more appropriate housing development, and preserve our diminishing inventory of Ontario's best farmland. Your government is ignoring the potential impact on food production arising from climate change exacerbated by the loss of farmland,  and the efforts of local authorities to implement sustainable development practices.\n3. Assaults our Democratic rights and processes: Bill 23 prevents citizens from appealing planning decisions by local municipalities, for example and notably, to rezone land for aggregate extraction by recourse to the OLT as has heretofore been the case. Aggregate  companies, on the other hand, continue to have the right of appeal should municipal decisions deny rezoning. It is fundamentally undemocratic to provide appeal rights to developers and aggregate companies, who may not even be residents and in the latter case  are more than likely huge international conglomerates, while denying taxpayers and residents the same right of appeal. Democratic principles seem to be under attack on a global level, and it is alarming to observe your government's agenda being played out  in this legislation.\n4. Assault on the Provincial Greenbelt: in spite of the Premier's and Minister Clarke's promises to the contrary, our suspicion of your government's plans to open up the Greenbelt to development are being borne out in Bill 23. Cutting and pasting parcels of  land to make way for these incursions will undermine the integrity of the Greenbelt. Experts decry your government's move in this direction because of the water resources, wildlife habitat and diversity, protection of species at risk, and value of these natural  assets being jeopardized when the real beneficiaries are the developers who stand to reap unthinkable profits thanks to your government.\nI understand and support the need to build more homes in Ontario but in view of critical competing priorities, we need the right kind of housing in the right places. When we pave over nature with highways and subdivisions, we create more climate pollution,  wildlife loss, and flood damage. When we erode the Greenbelt it is at the cost of the legacy that belongs to future generations. And when our democracy is constrained, the very essence of Canada and Ontario is being destroyed.\n"
    },
    "73481": {
        "url": "/comment/73481",
        "comment": "This consultation is not inclusive as it allows only to people who has access to a computer/ internet with digital literacy. It exclude other minority groups in the society.\nThe plan is to remove more environmentally significant land and add few farm lands to the stock won't do the math and justification to the natural system.\nIt is important to build more dwelling units but non renewable natural resources should not be granted.\nWe are experiencing the consequences of urban sprawl, such as green house gases, traffic issues, poor air quality link to cancer etc. Removing the identified land from \"conservation\" status will make more problems and it is not worth, compared to the number of single detached houses with large footprints on those lands.\nIt is important to take decisions based on facts and scientific research. The proposal seems to be a plan rushed without proper study and consultation with the experts nor public.\n"
    },
    "73484": {
        "url": "/comment/73484",
        "comment": "I am 100% against opening up the Greenbelt, particularly when this Government campaigned with a promise not to touch the Greenbelt.  There are many other ways to expedite housing given existing parameters within municipal boundaries and there is no public interest served in using precious eco systems and farmland for housing development sprawl.  Higher and mid-range density in cities and towns is a much better option and maintains this precious greenspace at a time when we are very concerned about the impact of the climate crisis.\nPlease do not go back on your word and open up the greenbelt to development.  This would be a diastrous mistake for Ontario.\nThank you!\n"
    },
    "73491": {
        "url": "/comment/73491",
        "comment": "To whom this may concern,\nI am a gravely concerned resident of Ontario employed in the ecology and environmental consultant industry. Prior to reading further, please know that I am not anti-development, but I am deeply pro-responsible planning and development.\nDoug Ford and his government's recent announcement of the 'More Homes Built Faster' completely ignores the regimented planning process at multiple levels. The Greenbelt lands were carefully selected not long ago in 2005, specifically to prevent further loss of farmland and natural heritage features crucially important to the ecosystems, wildlife (Species at Risk and common) and we, the residents of Ontario.\nHow is it possible to make a responsible provincial planning decision when applying it to 7,400 acres in one fell swoop? Only just 17 years ago, the province identified and evaluated these very lands as crucial to protect. How could they possibly be less relevant than they were then? With Toronto's population projected growth rate of 35.9 percent to 2046 and the four census divisions of the suburban GTA projected to add a total of almost 1.9 million people over this period, shouldn't these lands be looked at with an even greater degree of importance? As a consolation, this proposal seeks to add \u2018new\u2019 Greenbelt lands elsewhere, yet there is an acutely clear reason why the current lands designated as Greenbelt were chosen in the first place. You cannot simply swap A for B in this case. These are interconnected ecosystems (in most cases) that benefit from being ecologically connected to one another.\nI am understanding of the need to create homes for our growing province, but how is accommodating urban sprawl through utilizing the Greenbelt lands the most advantageous way to do this? Urban intensification outside of the Greenbelt should be where we are focusing our efforts. Intensification calls for building upwards with condos which creates more accessible and affordable housing which is what this province desperately needs in the first place. With the recent news from CBC announcing that well-established developers are the current holders of the 15 parcels of land the Ford government is proposing to open up for housing, this decision from Ford and his government is hiding in plain site that Ford likes to help his buddies out. This isn\u2019t about the average Ontarian having access to housing, this is about Ford lining his pockets greenlighting development in environmentally sensitive areas for his pals. If we were truly concerned about creating housing, why are we not changing Official Plans and Zoning of upper and lower tier municipalities in non-Greenbelt areas to demand intensification, both within the GTA and other cities like Innisfil within proximity to the core and accessible by public rail transportation?\nWe are at a pivotal moment with this decision on our doorsteps. If we open up these 7,400 acres of \u2018protected\u2019 land, what is stopping Ford or the next politician in power from slicing further Greenbelt lands from existence. The province has a duty to act on behalf of the people that live here, not just the handful of politicians and developers who want to see this go through. The opposition to this decision to develop a significant portion of the Greenbelt is palpable and the majority of Ontarians are screaming from their rooftops, do not do this. Do not allow this to happen. Encourage developments to intensify or sprawl outside of the Greenbelt if they must. There is plenty of land outside of the Greenbelt.\nI hate to state the obvious, but these lands are incredibly precious and provide so much value to Ontarians through:\n\u2022 Clean water: Protection of important wetlands/watersheds that act as natural aquifer recharge areas and filtration to surface waters which then flow to our groundwater supply.\n\u2022 Climate resilience: Protection of floodplains and water retaining wetlands to reduce the threat of anthropogenic flooding posing a risk to human life.\n\u2022 Biodiversity and Species at Risk habitat: With development already destroying our natural heritage features (woodlands/wetlands/grasslands) that support both SAR and common wildlife habitats, the Greenbelt should remain the one steadfast natural fixture within our province not under threat of clearing/development.\n\u2022 Agricultural industry: Protected farmlands keeping farmers from being priced out by developers. This allows farmers to continue their agricultural practices and provide reliable food/resources to the province and exported materials.\n\u2022 Places to escape: Trails and conservation areas have never proven to be more important than in the last 2.5 years of the pandemic. Ontarians need access to greenspace to escape and be active! Young or old, time spent outdoors is massively beneficial to both mental and physical health.\nWe have so much more land outside of the Greenbelt that can be developed, these lands in particular just happen to be the ones that Doug Ford\u2019s pals own. Please defer in this moment to responsible provincial, regional and municipal planning. Rely on the processes we already have in place. This land was identified for protection for a reason only 17 years ago. If protected, this Greenbelt land will provide countless benefits to Ontarians (human and wildlife), for many years to come. Do not overlook it\u2019s value. What message as a province are we sending to everyone watching right now if we let this first batch of Greenbelt lands be opened up for development? When can we expect to see the next batch be requested and also developed? It\u2019s a slippery slope from here and Doug Ford himself campaigned on the fact that he would NOT develop the Greenbelt. Please hold him accountable. Please protect these lands and their benefits for current and future generations to come.\nI am vehemently opposed to the \u2018Build Homes Faster Act\u2019 and the request to open ANY Greenbelt lands for development. I plead whoever is reading this to stop Doug Ford\u2019s government in this reckless decision and keep the Greenbelt green, in perpetuity.\n"
    },
    "73496": {
        "url": "/comment/73496",
        "comment": "Weakening the Greenbelt is a terrible idea.\nThe environmental health of Ontarians is more important than making a profit for a few cronies the in the laziest stupidest way.\nThere are ways to make a profit that can benefit the environment and health of Ontarians.  Do those instead.\nThere are ways to build more housing that do not involve expanding urban sprawl.  Do those instead.\nOntario needs a plan to improve housing, but this is not it.\n"
    },
    "73507": {
        "url": "/comment/73507",
        "comment": "I do not support this bill. The greenbelt is a necessity to help protect the environment for generations to come and to help combat climate change. Adding single houses will not help reduce the Ontario housing prices and does not support affordable housing. There is a 99% chance developers will just build estate housing for the rich that will not help lower and middle income families afford houses.\nDoug Ford repeatedly stated in his campaign that he would not touch the greenbelt. This is a clear disregard for what he promised what he would do if he took office.\nPROTECT. THE. GREENBELT.\n"
    },
    "73510": {
        "url": "/comment/73510",
        "comment": "As a descendant of Ontario pioneers, watching the destruction of this province (and country) the last 10 years have been heartbreaking and devastating.  Ontario wanted a Conservative leader who would \"conserve\" and not destroy.\nWe were taught early on that Canada is such a wonderful place based on our low population density, friendly nature, generosity, health care system, etc. etc.  I hear officials now talking about maximum population density and tripling the population.  There is no infrastructure for this.  There aren't enough roads or doctors or psychiatrists or even enough construction workers to build the new houses for the millions of new people.  So we are bringing in people to destroy the Greenbelt so that other new people can come and live in the new houses on the Greenbelt?  And then there'll  be another mass immigration push for growth and growth and more growth, and eventually there will be nothing left of the province or the people, just a mass of suffering, impoverished humanity like everywhere else.  You must  be able to see this coming.  Are you blinded by greed?\nIt seems the government will do anything and everything to terminate everything we used to be and cherish.  The incoming people will not end up liking us no matter what we do.  Is there no limit to this?\nIt's like you're Trudeau's right-hand-man.\n"
    }
}