{
    "66620": {
        "url": "/comment/66620",
        "comment": "Hey here's an idea, how about we put nature before money for once and leave the greenbelt alone? I'm sure there's other places to build homes that doesn't involve destroying the homes of our plant and animal neighbours. In fact, the places where we need more homes are within existing cities where there are already services for residents. We all know what this proposal is really about, it has nothing to do with what Ontarians want or need.\nAlso this will set a horrible precedent, how long until others think it's ok to dip into the greenbelt too? \"It's fine because we're adding a new section too\" - no! We can't sprawl forever.\nDon't we want our children to be able to breathe clean air, see some creatures and eat local food? Don't we want them to be able to live in the cities their families live in? Don't we want to save them from having to spend a week's salary to fill up their cars just to sit on already overcrowded highways for hours just to get anywhere? Don't we want to expose them to culture, not just bland, soulless sprawl?\nHow about developing some housing in the city centres? How about investing in restoring some abandoned, dilapidated housing? How about investing in better transit? And how about leaving the greenbelt alone?\nThanks.\n"
    },
    "66624": {
        "url": "/comment/66624",
        "comment": "This proposal is ridiculous we need more affordable housing within the city limits. We need Doug Ford to stop thinking about his millionaire friends and what will make them more money and start thinking about actual people that need the help. We need to turn empty office buildings into affordable housing. We need a living wage in the province! We need for people to be able to find meds for their kids and not have to drive over the border to another country! We need ODSP to reflect the cost of living and maybe helping the people on odsp find housing instead of having them apply for medically assisted suicide.\n"
    },
    "66625": {
        "url": "/comment/66625",
        "comment": "The greenbelt in Sudbury must not be developed. The greenbelt is one of the main attractions many people choose to live in Sudbury. Given the geographic size of the city of greater Sudbury there are many other areas where infil can occur rather than new development. If you want more housing that is great but please focus your efforts on infilling rather than urban sprawl. Environmentally speaking the greenbelt area is a critical element of our regreening and is something that many Sudburians are proud of.\n"
    },
    "66626": {
        "url": "/comment/66626",
        "comment": "As a young person in Ontario, I have never been more scared of the cruel ignorance and selfishness found within our provincial leadership. It has been made very clear to me that you do not believe that this province belongs to its citizens, as you have stripped us of our health care and education system, and yet it does not belong to its native wildlife either. So who does it belong to? When no one can afford to buy a house or own a car or to get an education, who\u2019s going to fund your highway?\n"
    },
    "66627": {
        "url": "/comment/66627",
        "comment": "I do not think homes should be built at the expense of surrounding protected lands that are vital to our environment. We cannot claim to prioritize the environment as a Province and Country if we only do so when it is convenient. Much of this land is composed of wetlands which are unique and provide overwhelming benefits to our ecosystem. With the effects of climate change causing increased wildfires and flooding each year, we cannot afford to pave over land that helps battle conditions leading to fires and floods. We need to prioritize utilizing our existing infrastructure and truly start viewing the green belt as space that is already used- not as a development opportunity.\n"
    },
    "66633": {
        "url": "/comment/66633",
        "comment": "Regardless in the long run the green belt is still technically getting bigger that\u2019s not the point it is protected land for a reason you can not just pick and choose parts of the land you just want to take. There other places abandoned places you can do the exact same thing to. Leave the protected lands alone. It\u2019s already someone else\u2019s home. This would just kill our planet even faster. Not to mention it mainly swap land so those houses that you think is such a great idea to build there will just be sinking into the ground. You\u2019re so worried about building homes for future populations growth but you seem to forget that if we continue on this terrible path there isn\u2019t going to be a planet left for the future\n"
    },
    "66638": {
        "url": "/comment/66638",
        "comment": "Please don\u2019t do this. We need to protect the animals and nature that we have in this beautiful country.\nIt\u2019s important to preserve the Greenbelt for future generations.\nThere was a promise made that said that no development would happen on the Greenbelt.\nWe need to give this planet to future generations in loving care, not stripping anything we possibly can from it just to make profit.\n"
    },
    "66639": {
        "url": "/comment/66639",
        "comment": "I am devastated to hear of this proposal. I live directly next to the oak ridges moraine and could not begin to imagine the effect this type of development would have on the region. While I understand that Doug Fords priorities are to make his developer friends more money, that doesn\u2019t reflect the needs of most Ontarians. We have many crises affecting us today and this blatant profit grab is yet another to add to the pile. Without a plan to provide housing to those that most need it this amendment would do nothing but continue to line the pockets of the already wealthy while having a devastating impact on the wildlife and ecosystems this greenbelt protects.\n"
    },
    "66643": {
        "url": "/comment/66643",
        "comment": "The attempt to remove land from the Greenbelt designation is Wrong!\nI was raised on a small family farm in Southwestern Ontario where our family has lived for > 200 years, I am a physician in Ancaster, and frequently travel by bicycle and car around and across the Greenbelt, often to Lake Huron.\nOntario is a magnificent province, but the sprawl and abuse of our natural resources, is ruining it. We have to adopt the approach that every other old civilization has adopted to survive, that is intensify towns and cities with multiple-unit housing and transit over cars, and preserve farmland at all cost.\nInstead we are headlong paving over farm land, killing our societal lungs (trees) with abandon, and destroying wetlands which are essential for water, soil, and wildlife.\nThe Greenbelt is our one signature commitment to environmental and farmland preservation in the GTHA and should remain intact, as is. Our colleagues are telling us that there is already no shortage of options for improving affordable housing, but it will take a change to the current suburban sprawl-style single family housing approach of developers.\nI am very much against this proposal.\n"
    },
    "66644": {
        "url": "/comment/66644",
        "comment": "Absolutely DISAPPOINTED AND DISAGREE with this proposal!!!! I am a resident of Ontario near the Green Belt, and it\u2019s important that we do everything we can do protect it. It\u2019s disgusting what this government is doing to our province and profiting from everything and anything as our healthcare system is in deterioration. Absolutely against this proposal.\n"
    },
    "66645": {
        "url": "/comment/66645",
        "comment": "Opening up the Greenbelt is NOT the solution to this problem.\nThis is just a quick fix to an issue that's much bigger. The government's ow Housing Affordability Task Force delivered a report stating that: \u201cA shortage of land isn\u2019t the cause of the problem,\u201d.. \u201cLand is available, both inside the existing built-up areas and on undeveloped land outside greenbelts.\u201d\nOntario is NOT using its land efficiently. The government needs to continue to consult with it's urban planners and develop up and increase urban densification. I don't believe the government is listening or applying the recommendations from these type of reports.\nMunicipalities continue to zone their areas where there's only single family homes allowed, no structures that build up or house more families within a square kilometer; this is the issue. The government needs to be willing to tackle this difficult issue.\n"
    }
}