{
    "64965": {
        "url": "/comment/64965",
        "comment": "Please protect our green belt. Our environment is precious and fragile. We need to ban development in these areas. Nobody I have spoken to thinks the green belt needs to be destroyed. We have so little protected land and I don\u2019t want to live in a world where mega cities span the province. There are plenty of opportunities to improve density in our existing areas of development.\nWe need environmental protections with teeth. Laws need to be funded and enforced to protect the green belt.\n"
    },
    "64969": {
        "url": "/comment/64969",
        "comment": "I think the proposal wildly misunderstands the needs of the communities and cities it serves and panders to developers who actively harm the housing crisis and the efforts toward affordable housing.  Everything about this proposal angers me, frustrates me, and fills me with impotent rage.\nPlease consider an alternative, like allowing municipalities with overwhelming local support the choice to make these decisions locally.\n"
    },
    "64971": {
        "url": "/comment/64971",
        "comment": "Perhaps we can look at the infrastructure currently standing that, with some improvements, can provide housing for many without disrupting vital green space. We can look at the foreign ownership of properties and change these policies to support Canadian home ownership. Cleaning up and making it possible to use the resources and housing that already exists should be done first. Opening up green space and minimizing the protection of these spaces is detrimental to the habitats and people in Ontario.  We should not be moving backward in order to house or people. It is not a give and take situation, it is a reorganization of current resources to better suit the needs of all.\n"
    },
    "64974": {
        "url": "/comment/64974",
        "comment": "We have all the bloody land in the world and you want to rip up the last good land in Toronto? No.\nYou want to develop, develop the bloody north. Develop in smaller towns stop expanding the size of Toronto without addressing infrastructure needs first.\nI know my comment won\u2019t change the mind of the premier\u2019s staffers (since they are the ones ultimately governing).\n"
    },
    "64975": {
        "url": "/comment/64975",
        "comment": "The Greenbelt should absolutely not be developed.  The only reason this is even on the table is because Doug wants to give his rich campaign donors their money back and more.\nMaybe you should listen to people who actually know what they are talking about instead of just taking whatever plan the developers provide for you.\nDoug said the other day that we need to develop the Greenbelt because of an increase in immigration, how stupid does he think we are?  How is a bunch of luxury homes going to help with that?\nThis is absurd, leave the Greenbelt alone and please resign.\n"
    },
    "64984": {
        "url": "/comment/64984",
        "comment": "Please re-locate the proposed development areas to the near north, away from farmland.  Maintain the integrity of our farmland so that we can retain some autonomy in food production.   Ensure adequate buffers are provided to protect crops and livestock from light, noise and air pollution.  While I understand we need housing, please develop abandoned commercial sites, and re- develop urban areas to optimize density.  Keeping current urban boundaries is preferred in the GTA, mid and southern Ontario.   We need to protect and keep our farms producing food.\nAnd stop the proposed highway through the Holland Marsh.  Just buy out the 407, and let people use that hwy.  we do not need more highways.\nLook at the populations age distribution.  Very soon, the boomers will be dying off leaving large homes vacant.   Do the math.  Will our aging population make sufficient room for the young people?\n"
    },
    "64985": {
        "url": "/comment/64985",
        "comment": "I\u2019m disgusted by the provincial government\u2019s decision to open up the green belt for development. Once this land is parcelled off and developed, we will lose critical green space and wildlife corridors forever. This land is protected for a reason and should never be parcelled off for profit and private gains. This decision will also open the door the way away at the green belt in future for-profit ventures, until the land is threatened by death by a thousand cuts.\nThis is an unconscionable decision, and one that I assure you is transparent to voters as the developer-cronyism it is. I condemn this decision in the strongest possible terms.\n"
    }
}