{
    "65655": {
        "url": "/comment/65655",
        "comment": "I DO NOT support developing any of the green belt. What\u2019s the point of protected land if you\u2019re just going to develop it when it benefits you? Urban sprawl is not the solution and it will not make housing more affordable. Build apartment buildings in cities, build affordable housing in cities. No more urban sprawl. Save the green belt. If we keep developing that land we don\u2019t get it back. Already all the best agricultural land is under the GTA and that\u2019s never coming back. There is value in undeveloped land. And you\u2019ll miss it greatly when you\u2019ve created a concrete mess that is inhabitable.\n"
    },
    "65659": {
        "url": "/comment/65659",
        "comment": "As a member of the Etobicoke-Lakeshore district, I have been very concerned about this government's ongoing attempts to prioritize development over critical protected farmland and restricted spaces.\nWe do not need endless suburban sprawl to address the province's housing shortage, this has never helped. We need higher-density, affordable and interconnected communities with access to robust infrastructure and multiple forms of transportation.\nThe proposed Greenbelt developments will not address the need for housing, especially housing in higher-density areas that are currently suffering from the worst impacts of the housing crisis.\n"
    },
    "65665": {
        "url": "/comment/65665",
        "comment": "The names of the developers and landowners benefiting from these amendments, and PCPO donations since 2014 (according to Elections Ontario records):\nSilvio DeGasperis ($28,245)\nCarlo DeGasperis ($20,410)\nMichael DeGasperis ($9,475)\nTacc Developments Inc. ($34,975)\nTacc Construction ($20,260)\nLeslie Elgin Developments Inc. ($8,870)\nMichael Rice ($14,785)\nRice Developments Inc. ($19,175)\nRice Commercial Group Ltd. ($7,365)\nYonge Green Lane GP ($9,215)\nGreen Lane North Realty Inc. ($4,745)\nMarcelo Perez-Hassaf\nTorca II Inc.\nOrca Equity Inc.\nWeixiang Wang ($1,670)\n20502536 Ontario Ltd.\nWyview Group\nShakir Rehmatullah ($4,800)\nFlato Bramalea Meadows Holdings Inc. ($6,000)\nClayton Leibel ($1,250)\nCorey Leibel ($1,250)\nMinotaur Holdings\nForest Bay Homes Ltd.\nPeter Tanenbaum ($8,195)\nNash Road Developments Inc.\nYuchen Lu\n"
    },
    "65673": {
        "url": "/comment/65673",
        "comment": "I do not support ANY encroachment on the Greenbelt.\nThe Greenbelt is intended to be permanently protected. Opening any portion of it to development opens all areas to land speculation.\nCanada (and Ontario) must protect MORE land, not less. Land swaps that bring already-protected land into the Greenbelt mean LESS land protected.\nNO development on the Greenbelt!\nDensify existing urban areas rather then expand into protected areas.\n"
    },
    "65680": {
        "url": "/comment/65680",
        "comment": "I'm shocked and very disappointed that Mr. Ford is one again considering opening up the greenbelt to development. There is no need to develop or build on this land. We need to build more densely on existing land that is serviced by usable (ie, regular) transit, not create more sprawl that is only accessible by car.\nWhat will exist for future generations if we continue to snip away at the greenbelt boundaries? This land needs to be protected for all. And Mr. Ford needs to remember his promises. He didn't raise this issue as part of his platform in the recent election with good reason. Leave the greenbelt alone!!!\n"
    },
    "65681": {
        "url": "/comment/65681",
        "comment": "We need to stop the Ford governments expansion into Ontario\u2019s Greenbelt in order to protect the forest, farmland, and the waterways. Doug Ford promised to protected it and in a 2022 broke that promise. The Greenbelt safeguards the vital resources that clean our air and water, it reduces flood risks, provides home for wildlife and it ensures communities have a great green space to explore. Please stop the expansion into the green belt surrounding the city of Toronto.\n"
    },
    "65683": {
        "url": "/comment/65683",
        "comment": "I oppose the plan to allow subdivisions to be built on the Greenbelt.\nOntario will be in millions of new immigrants over the next decades. Policies that continue to undermine the environmental foundation of life in the province will lower the quality of life of all Ontarians now and in the future.\nSubdivisions are no solution for Ontario's housing crisis - densification is.\nThe Greenbelt protects Ontario's drinking water, local agricultural land (on some of the country's best quality soil) as well as it's biodiversity.\nThese are the FOUNDATIONS of life in the province. You cannot eat or drink a subdivision - and today's monster homes and McMansions are tomorrow's food-desert, car-dependent rooming houses.\nDoug Ford has already sold his soul to developers. He does not have the right to sell ours.\nWe are not the only Ontarians to live in this province - our children's future MUST be protected from the short-sighted policies that serve only to line the pockets of developers and politicians.\nPlease do not allow these changes to go forward. The Greenbelt is a serious piece of public legislation and changes to it deserve more consultation, more debate and more thought that this government is willing or able to provide. Shame on the Conservative government for trying to push this through.\n"
    },
    "65687": {
        "url": "/comment/65687",
        "comment": "Use wetlands and protected green space for houses? NON.\nJust NO.\nWe need protected green space for wildlife corridors, oxygen production, farm land, and flood prevention.\nOntario Housing Affordability Task Force noted\u00a0last February, \"[A] shortage of land isn\u2019t the cause of the problem. Land is available, both inside the existing built-up areas and on undeveloped land outside greenbelts,\" adding \u201cGreenbelts and other environmentally sensitive areas must be protected, and farms provide food and food security.\u00a0Relying too heavily on undeveloped land would whittle away too much of the already small share of land devoted to agriculture.\u201d\nACORN, an umbrella group of community organizations, says\u00a0Bill 23 will undermine access to affordable housing and the Association of Municipalities Ontario agrees that Ford\u2019s effort to line his business buddies\u2019 pockets will result in fewer affordable homes in less livable communities at an increased cost to already-overburdened taxpayers.\nNext steps\nScrap Bill 23, and any other related legislation, and create new Bills to do the following:\n1. Collect taxes from the top 1%, and collect Superfund site money owing from BP, Exxon, Shell, Stelco, Dome Mine, Dupont and similar polluting companies. Force them to clean up decommissioned properties within existing communities, and build housing hubs. These would be ideal locations for \u2018tiny home\u2019 communities.\n2. Convert decommissioned, abandoned, owner-absent downtown cores, malls, McMansions, and office buildings into housing.\n3. Allow housing above \u201cmom-and-pop\u201d shops, next to garages, attached to schools and clinics.\nI look forward to seeing the Bill for Converting Underused/Abused Properties into Habitable Housing!\n"
    },
    "65688": {
        "url": "/comment/65688",
        "comment": "Do not clear green spaces under the pretext of housing.\nThe proposal will damage the ecosystem, which will in turn make Ontario less livable.\nThere is growing evidence that access to green spaces and nature is important to mental health: https://www.science.org/doi/10.1126/sciadv.aax0903 . Clearing greenery may worsen the mental health crisis that Ontario already faces.\n"
    },
    "65692": {
        "url": "/comment/65692",
        "comment": "Developing the Greenbelt is transparently corrupt. The lands proposed for development are owned by wealthy Doug Ford donors and many of the tracts were purchased within the last two years, signalling that this fix has been in the making for some time. It's well known that unaffordable sprawl McMansion luxury homes will not solve the housing crisis. And it strains credibility to believe the Ontario PC government will actually swap the land for other pristine acres. It's already being reported that many of the proposed swap lands are already preserved by other jurisdictions meaning a net loss of green. While I am making the effort to comment, I have zero faith anyone will read or act on any of the submissions unless they affirm the decision Doug Ford has already made, to  develop the greenbelt not for solving the housing crisis but to directly benefit himself and his wealthy male donor friends. I'm so disappointed and depressed but not at all surprised.\n"
    },
    "65694": {
        "url": "/comment/65694",
        "comment": "The government promised to not compromise on the greenbelt. Those comments were made just one year ago. The ford government cannot be allowed to proceed in blatant disregard to the intent of the greenbelt for the benefit of a few construction developers. If the intent, as stated, is to create more housing, there are many many other ways to do this.\nThe precedent created if they proceed will allow politicians to lie and then act however they please. We must not allow ford to proceed for the profits of a privileged few.\n"
    }
}