{
    "64345": {
        "url": "/comment/64345",
        "comment": "This government needs to make the Greenbelt bigger, not develop it. In the current climate emergency, every acre of watershed, wetland, and forest is needed to limit environmental instability.\nHousing development should focus on existing spaces, and building structurally dense apartments and public housing (build vertically, not horizontally).\nI have attached the Ontario Government's own Housing Affordability Task Force report regarding housing development.\nFrom Page 10 of the report:\nWhile less analysis has been done in other Ontario communities, it\u2019s estimated that about half of all residential land in Ottawa is zoned for single-detached housing, meaning nothing else may be built on a lot without public consultation and an amendment to the zoning by-law. In some suburbs around Toronto, single unit zoning dominates residential land use, even close to GO Transit stations and major highways. One result is that more growth is pushing past urban boundaries and turning farmland into housing. Undeveloped land inside and outside existing municipal boundaries must\nbe part of the solution, particularly in northern and rural communities, but isn\u2019t nearly enough on its own. Most of the solution must come from densification. Greenbelts and other\nenvironmentally sensitive areas must be protected, and farms provide food and food security. Relying too heavily on undeveloped land would whittle away too much of the\nalready small share of land devoted to agriculture.\nAllowing more gentle density also makes better use of roads, water and wastewater systems, transit and other public services that are already in place and have capacity, instead of having to be built in new areas.\nFrom a perspective of Public Good, both in a local and global perspective, developing the Greenbelt is both too expensive, and too damaging to the environment, for the dubious benefit of opening undeveloped land for housing that could be easily built in currently developed areas.\n"
    },
    "64346": {
        "url": "/comment/64346",
        "comment": "I DO NOT SUPPORT THE DESTRUCTION OF OUR GREEN SPACE!!\nsome reasons I do not support this;\n- The green belt is by and large the only accessible green space for alot of residents in the GTA, taking this away from residents will lower the quality of life for those affected, as they either will have no access to or unreasonably distant access to quality green space to enjoy.\n- The green belt is the only space available for wildlife in the GTA, destroying this important eco system will displace countless species and cause unknowable ripple affects on these populations\n- Increasing sprawl does nothing to solve our housing crisis, as it will be by and large unaffordable single family homes being built, we need density not sprawl, rezone existing single family properties to be rebuilt into affordable high density housing closer to the city core and you fight back at two huge issues\n"
    },
    "64349": {
        "url": "/comment/64349",
        "comment": "I will be making a lifelong pledge to vote against any party and candidate that is for this. This is wrong for numerous reasons, it is the destruction of significant wetlands, floodplain infringement and will contribute drinking water quantity/quality degradation. In destroying our greenbelt we're condemning those in the future.\nAfter the covid lockdowns we can see how important local green spaces are for mental health and wellbeing of humans.\nThe greenbelt offers natural cooling benefits and without it we will put more strain on our power grid.\n"
    },
    "64350": {
        "url": "/comment/64350",
        "comment": "I highly object to this proposal.  I live near the greenbelt and understand how incredibly important it is to this province.  This will impact our water and will cost us far more in the future.  In addition, building new housing will not help the housing crisis while the province allows housing to be hoarded.  When the majority of new housing is bought by people who already have multiple homes, than something needs to be done.\n"
    },
    "64351": {
        "url": "/comment/64351",
        "comment": "Ontario\u2019s Greenbelt protects farmland, communities, forests, wetlands and watersheds. It also preserves cultural heritage and supports recreation and tourism in Ontario\u2019s Greater Golden Horseshoe.\nOne of the most biologically rich areas in all of Canada, the Greenbelt includes the Niagara Escarpment and Oak Ridges Moraine \u2014 which filter and replenish groundwater, and feed into the many river systems that flow through Canada\u2019s most developed region.\nThe Greenbelt safeguards the vital resources that clean our air and water, reduces our flood risks, provides a home for wildlife, and ensures our communities have greenspace to explore.\nThe health of the Greenbelt affects the quality of drinking water for more than seven million Canadians.\nWith all of the above in consideration, I strongly urge those of you who have the power in this decision to *absolutely oppose* all proposals to allow further degradation of our protected lands in the Greenbelt for the sake of development and further urban sprawl.\n"
    },
    "64353": {
        "url": "/comment/64353",
        "comment": "Most of the green belt expansion seems to be occurring in areas that will just become suburbs, I believe instead of expanding the urban footprint and sprawl by reducing the green belt, would it not be better to up the density across all the cities near the green belt reduction sites by changing the local residential zoning etc. The Netherlands have been able to preserve a massive green space surrounded by dense cities known as the Groene heart, because of the proximity of this largely rural area to major population centres it gives city dwellers the ability and ease to access nature conveniently. If there is to be any development in the green belt it should be around making trails and park lands that are easily accessible to people living in nearby urban centres, ideally without the need of a car. Too often we choose the expedient over the effective, we should be upzoning our cities and mandating that buildings get constructed with 3 bedroom units, not just studio to 2 bedroom so as to encourage families, we shouldn't be constructing any detached houses, they should be row houses and semi-detached at the least, we should be using the land we already have set aside and use it more efficiently than we currently are. Some may argue that by using the greenbelt this once, it's a pressure release valve, but if federal policy continues the way it is going for immigration, we will have to repeatedly tap the green belt for residential land, when we could be using what we already have. What's more, Covid and lockdowns have shown us that many commercial buildings could stand empty if need be, so why not encourage businesses to work remotely and maximize the existing prime commercial real estate and convert it into residential with government support such as loans and subsidies for developers to convert those to living spaces thereby more efficiently using real estate that is already valuable and centrally located. Please do not reduce the green belt, instead increase density and convert other zoning to residential.\n"
    },
    "64354": {
        "url": "/comment/64354",
        "comment": "In a region famous for its low-density urban sprawl, and in an era of habitat loss and intensifying effects of climate change, the answer is clear. We need to densify areas that are already developed, making them more productive, better connected, and more attractive places to live, rather than developing the Greenbelt.\n"
    },
    "64356": {
        "url": "/comment/64356",
        "comment": "I do not approve of this proposed amendment to the Greenbelt Plan.\nThe Greenbelt is critical to Ontario's food and water supply. In addition it hosts critical wildlife habitats that cannot be replaced or moved.\nThis amendment will just encourage further sprawl which will deteriorate our quality of life and air quality. We need density in the GTA not more sprawl.\n"
    },
    "64358": {
        "url": "/comment/64358",
        "comment": "Please leave the Greenbelt intact and do not destroy any more land than we already have. I know Doug doesn\u2019t care about the Greenbelt, however we need higher density affordable housing not more unaffordable mansion sprawl that accomplishes nothing but displacing a load of animals and destroys their habitats. This housing is not going to be affordable for most Canadians, just the rich elite that Doug is friends with.\n"
    },
    "64360": {
        "url": "/comment/64360",
        "comment": "I am very disappointed by the Ford Government's proposed plan to destroy parts of the Greenbelt in order to build 50,000 new homes also completely ignores the ecological biodiversity of this space. What about the homes of the 78 species at risk that live there? Like the monarch butterfly, bobolink, barn owl, and spotted turtle. The Ontario Government needs to understand that an ecosystem is interconnected, if you remove one piece, the entire habitat is affected. Trees communicate and protect each other through underground root networks; fungi contributes to soil biodiversity and act as decomposers; and species of wildlife that are already endangered because of habitat loss will be threatened even more. At a time when climate change is threatening the survival of humanity, we should be protecting forests that take in carbon dioxide and allow us to breathe and live. Where is the leadership and integrity to do the right thing? I hope you will change this proposal and protect the Greenbelt for future generations. Thank you.\n"
    },
    "64361": {
        "url": "/comment/64361",
        "comment": "Development on the Greenbelt puts Ontarians at risk for irreversible economical and environmental damage.\nSprawl development proposals are threatening to eat up productive farmland and destroy forests and wetlands.  We have seen firsthand from the pandemic and our lack of local preparedness that we must ensure that we produce within our province everything we need to survive. We cannot continue to depend and rely on imports from other countries at the cost of unnecessary development on our land that does not improve our economy. The construction of a highway or airport may provide temporary jobs for construction workers, but the long term sustainable jobs needed to improve our economy through agriculture would be lost.  Meaning more jobs today would trade jobs in the future.\nEcologically, the Greenbelt\u2019s forested areas clean our air, removing the greenhouse gas pollution of 27 million cars per year. The Greenbelt is the home for 78 species at risk of extinction. The Greenbelt provides ecosystem services, such as clean water, air filtration and flood control, essential to managing climate change.\nI do not support removing from or swapping in any land to the Greenbelt.\n"
    },
    "64362": {
        "url": "/comment/64362",
        "comment": "Building on these areas of the greenbelt plan Greenbelt Plan (O. Reg. 59/05), and Oak Ridges Moraine (O. Reg. 140/02) will significantly impact both the rogue river water shed and Oak Ridges Moraine. These two are critical to our water supply in Lake Ontario.\nFurthermore the proposed removal of green belt area in Vaughan Map 2 and Richmond Hill Map3 will lead to increase salinity of our lakes. Both areas are near road and rivers, the green belt area acts as a buffer for Road salt. The development of these areas will increase the amount of road salt into our lake decreasing our Water security as a Province.\nAnother point is that the areas of Map 2 and Map 3 are flood plains of the rogue river any further development will increase the severity of 50 year flood event due to less run off area available. These developments will actually cause increase cost over time due to this as Climate change occurs and increase in extreme weather events happen.\nThe loss of such critical parts of the Green Belt show that the government of Ontario requires further understanding of the effects of Green Belt has on our water security and flood security.\n"
    },
    "64363": {
        "url": "/comment/64363",
        "comment": "We have plenty of land to build affordable suburban and urban housing with out causing damage to our clean water. And causing flooding and environmental losses.\nThis is a huge \"no\".\nDestruction of significant wetlands, floodplain infringement, drinking water quantity/quality degradation isn't acceptable. Especially in the current way the climate is.\n"
    },
    "64364": {
        "url": "/comment/64364",
        "comment": "We cannot destroy the greenbelt for more real estate. Absolutely ridiculous that this is even considered an option, especially when the public was told that this would not be on the table this year. The greenbelt provides sustainability, water, food. We need this for the future, especially with the inevitable climate crisis we will experience in my lifetime. You also cannot just \"move\" the greenbelt or \"add\" to it; there are established wetlands that cannot simply be moved to another spot. This is unacceptable.\n"
    },
    "64365": {
        "url": "/comment/64365",
        "comment": "This should not happen. We need to increase housing by increasing dense walkable communities. We need to create dense communites that can afford public transit. Opening up the greenbelt for development continues our reliance on cars and fossil fuels. This is not the direction we need to take for our future and the future of our children.\n"
    },
    "64367": {
        "url": "/comment/64367",
        "comment": "I am adamantly opposed to the Ford government proposal to allow development of the Niagara greenbelt. It is a heavy handed and irresponsible action that will permanently damage an important ecological area and it's native species. It will also exacerbate environmental damage from our out of control climate crisis. The Ford government must abandon this proposal and look elsewhere for development areas.\n"
    },
    "64369": {
        "url": "/comment/64369",
        "comment": "I was born in that Greenbelt as were my parents. My Grandparents sold food off their farm in Holland Marsh. My other Grandparents once owned a yuge farm that became a big chunk of Woodbridge, ooops Vaughn.\nI grew up traipsing thru the Greenbelt buying local food.\n I learned about Monarch butterflies & how they migrate between 2 distinct ecosystems.\n I learned that the indigenous Huron who grew maize in the cornbelt were killed off by pioneers - Genocide.\nI would argue on behalf of voiceless animals, but I know that's useless. So\nICYMI Canada has a Food security problem!! We don't grow enuf to feed ourselves! California Central Valley ran outta water.\nPurely. For. Food. Security.\nDo Not build the 413 thru Greenbelt!\n2. LANDBACK for indigeneous who signed treaties in good faith then the conquerer broke every promise.\n3. Doug Ford & his developer cronies are profiteers. Ala Insider trading.\n"
    }
}