{
    "69183": {
        "url": "/comment/69183",
        "comment": "This bill is masquerading as a call for infrastructure while covering up the development of the green belt. This bill will not only approve the development of a rich bio diverse landscape but will not address our current pressing issues with housing in the GTA. We have enough infrastructure for suitable housing in Ontario. Individuals have been priced out, evicted, and units remain empty due to predatory investors. This bill will do nothing to address the issues currently faced by Ontario citizens and destroy the green belt in the process.\nIt would be great if you could stop hiding destructive legislature in bills that appear to be progressive. You can do better. Just be honest.\n"
    },
    "69188": {
        "url": "/comment/69188",
        "comment": "HANDS OFF THE GREENBELT!\nRemoving protected land from the Greenbelt - even if it is replaced with an equal amount of land elsewhere - creates a dangerous precedent that will weaken the Greenbelt as a whole. If Greenbelt protection is not permanent and farmland is seen as open for development, then land speculators will buy up other plots of land, potentially making the entire Greenbelt unaffordable for farmers and farming.\nAllowing development within the Greenbelt also weakens its ability to provide habitat, because many species require uninterrupted natural areas. A protected area that is riddled with warehouses and residential developments that must be connected to urban areas with pipes and roads and other infrastructure is not a protected area at all!\nThe government says they will replace the lost land with land elsewhere \u2013 but many of the proposed additions are already protected. Furthermore, even if those lands weren\u2019t already protected, the very possibility of taking any land out of the Greenbelt will undermine its effectiveness by creating an open season on farmland for land speculators and sprawl developers.\n"
    },
    "69190": {
        "url": "/comment/69190",
        "comment": "While I support expanding the Greenbelt, I do not support development on protected land.\nHighway 413 (another proposal I strongly oppose) is already threatening established habitats of endangered species by attempting to develop on natural land that is meant to be protected. The government needs to honour the protected status of the Greenbelt. As a citizen, it raises deep concern and mistrust to see the Ford government revoke a protected status as it suits them, especially at a time when the environment needs our protection more than ever.\nWhile I understand the need for new housing, different options need to be explored. Developing abandoned buildings, smaller dwellings and building in commercial areas all seem more acceptable than developing land that Ontario citizens were assured, and trusted, are protected.\n"
    },
    "69192": {
        "url": "/comment/69192",
        "comment": "There have already been too many changes whereby protected green spaces have been re-designated as \"lands for development\". The protection was meant to care for flora and fauna, retain spaces for people to relax in nature, maintain proper watershed operation and promote a healthier climate. While we may need more affordable housing, there are plenty of spaces available within urban areas that can be developed/modified to provide more dense population. We have been losing too much agricultural land over the years as cities/towns have expanded. Now is the time to stop, retain that land and build up for the future of everyone.\n"
    },
    "69203": {
        "url": "/comment/69203",
        "comment": "I urge the Premier and Minister of the Environment to\n1.\tWithdraw the plan to remove lands from the Greenbelt\n2.\tProceed with a meaningful expansion of the Greenbelt that reflects public input\u2014repeatedly promised but never delivered by the Ford government\n3.\tFollow the advice of the government\u2019s own Ontario Affordable Housing Task Force and focus on the development of lands already designated for development, which have the necessary infrastructure already in place.\n"
    },
    "69205": {
        "url": "/comment/69205",
        "comment": "If you were to drive on any highway anywhere between Toronto and Niagara at rush hour you would know that there is no way our highways are able to support anywhere near 50000 extra cars. Instead of adding thousands of houses that everyday working people can't afford, we make housing more affordable. These houses will only benefit the wealthy who will end up buying these properties and trying to flip them for more more money or turn them into rental properties where people actually living and working in the area will have to pay ridiculously high rental prices and not be able to save up for a downpayment on a house of their own. There is so much space outside of the greenbelt that would benefit from the added development. There is a reason the greenbelt was developed, to keep this area from not turning into another Toronto which we don't need. How about we focus on what the real problems are in the area such as our congested highways and ridiculously high housing prices. Please don't touch our precious greenbelt.\n"
    },
    "69213": {
        "url": "/comment/69213",
        "comment": "The proposal to open up spaces in the greenbelt to be used for building is absurd. These spaces are needed for both conservation efforts and farming. We have plenty of other options to build capacity in cities and townships without impacting the environment.\nBuilding on these sites will not make rents more affordable. It will not make housing more accessible for those most in need. This government should give it's head a shake.\n"
    },
    "69218": {
        "url": "/comment/69218",
        "comment": "I don\u2019t think this should happen. The Greenbelt Plan should be left as is. If we need more housing, there\u2019s certainly other places that can be used other than protected green space. I know thinking of housing is thinking of current and future issues, but it ignores other major issues, like climate change. The Greenbelt Plan was also created without proper consultation to the Indigenous people whose land it is occupying. In this era of truth and reconciliation, we need to do better. And this plan should have had proper consultation but we can\u2019t go back and change the past. What we can do is do better now that we know better. And we know that we should consult Indigenous people, and we know climate change is a real thing that is happening. We have witnessed it with our own eye. We need to quit pretending like our actions don\u2019t have consequences.\n"
    },
    "69220": {
        "url": "/comment/69220",
        "comment": "There is really no need for this. It's needlessly destructive and will cause irreparable damage to Ontario's environment. It's not too late to walk it back and do something else.\nProtected land is not fungible. Taking land away from one protected area and adding it somewhere else does not preserve the benefits that were there in the first place. Wildlife doesn't work like that, watersheds and wetlands don't work like that. The \"protected\" designation doesn't mean anything if you can simply override it whenever you feel like it. The Greenbelt has to mean something, and it provides value to Ontario far in excess of anything you could build on it.\nWe have know for years that constructing endless car-dependent suburban sprawl is awful for both the environment and the people who end up living in those areas. This is a very backwards-focused policy in an era when Ontario should be focused on the future. We should be densifying our existing communities and preserving what little undisturbed green areas we have left. These new dwellings could easily be added in any of Ontario's cities/towns in a far more thoughtful way. The biggest example would be permitting developers to build townhouses and low-rise apartments in areas zoned for single-family homes in Toronto. This would create far more affordable housing close to transit than anything you could build out in the Greenbelt.\n"
    },
    "69222": {
        "url": "/comment/69222",
        "comment": "As a long time resident of Oak Ridges, I am highly opposed to any disruption to the green belt. It's especially heinous as there is so much land in Ontario that could be developed. Please leave our little slice of paradise alone. On top of the chaos it will cause to residents, think of all the destruction to habitats of local species. York region has, over the past few years, been trying to I make Oak Ridges welcoming to Jefferson salamanders to return. This is just one example. Please don't make the mistake of regressing back to the ways of old when development trumped all else, even at the detriment of many.\n"
    },
    "69233": {
        "url": "/comment/69233",
        "comment": "I am opposed to this plan. What is the point of an area to protect agriculture and the natural environment if we can just pave over it whenever it is convenient.\nThere are other, better, more sustainable ways of building more homes for more people. Many experts have already said this plan is not the way forward.\nStop destroying the green belt. We need farms and trees to live.\n"
    },
    "69234": {
        "url": "/comment/69234",
        "comment": "Given that a large portion of the lands designated to be removed from the greenbelt appear to be wetlands, as per the maps provided by the ministry. I wonder if the minister has considered where all that water is going to go? Will it flood the basements of the homes that will be built on these lands? Will it flood the basements of the homes already built adjacent to these lands? Perhaps it will flow down stream and flood the basements of homes in Toronto. Has the minister considered the cost to the public for increased insurance premiums due to additional flood risks?\n"
    },
    "69238": {
        "url": "/comment/69238",
        "comment": "I am deeply concerned about the proposal to develop land in the Greenbelt. In short, the very purpose of the Greenbelt was to protect waterways, farmland, and ecosystems that exist within it. Removing the protections in this area to serve further urban sprawl is a direct contradiction of the Greenbelt's purpose.\nTo elaborate, the Greenbelt is already a provider for Ontario. The waterways provide us clean drinking water, the farmland provides us food, the natural growth of forests provides us with a buffer in our fight against climate change, and the land itself provides a home to much of the wildlife in the area. Not to mention that the land provides protection against floods by absorbing rainwater from severe storms.\nWhen we designate land for development in a protected area like the Greenbelt, we are (both literally and figuratively) opening up the floodgates. When the first domino of protected land falls, it is only a matter of time until more and more is paved over. Not only would the development of these plots of Greenbelt land take a toll on our natural resources in the short term, but it would also set the precedent for more and more of this land being destroyed in the future resulting in even more severe damage.\nUrban sprawl is not the answer to the housing crisis in Ontario, much less is it the answer when the proposed development site already serves such a vital purpose for our province. Rather than sprawling outward, we should be focusing on building upward. Preventing sprawl into our protected areas and creating more housing in less space is a win-win for everyone.\nThis proposal is not in line with Ontarians want. In fact, it is fairly safe to say that nobody in Ontario voted for this government to take these steps to develop the Greenbelt. The current government's election platform pledged to reject all proposals to develop the Greenbelt. Therefore, there can be no voters who supported this government who want this course of action. This is all to say nothing of the fact that this government stands to profit from the sale of this protected land to developers, or that it is far more expensive to develop land that is not well connected to existing infrastructure.\nThis proposal is a unilateral attack on our farms (and, therefore, our economy), the quality of our drinking water, our protections against the effects of climate change, and most importantly, against our province. To be clear, this proposal should be rejected.\n"
    },
    "69239": {
        "url": "/comment/69239",
        "comment": "Do not allow houses to be built on protected land. Yes, Ontarians need housing but the houses built on this land wouldn't be affordable to the people that need housing anyways. We have shacks going for over $500,000. The average person can't afford to pay more than $250,000 for a house.\nPeople in their 50's who rent are being forced out of their homes because landlords are selling or threatening to sell and putting rent up by over $1000 a month to keep from selling. This is against the law but the renters feel they have no other choice. Duplex apartments are going for $2,400 a month minimum and good luck trying to even get the vacancy as there are several people interested and people are having to offer more than asking or pay rent for a year in advance to win the rental.\nThese new builds will not help this.\n"
    },
    "69241": {
        "url": "/comment/69241",
        "comment": "I am a resident of the Niagara Region and I am very concerned about using any green belt spaces to build houses.   We need to preserve out wet lands to control  our climate.  I\u2019m sure if our government wants to build affordable houses they can find property that is not in the green belt.  If our climate change continues at the rate it\u2019s going, we won\u2019t have to worry about low income homes.  Our planet will be destroyed.  Let\u2019s think about the young people who will be most affected by climate change.\n"
    },
    "69247": {
        "url": "/comment/69247",
        "comment": "We are all too far along in our climate change journey to not recognize how damaging this proposal is. We all (governing bodies in particular) are well aware of what needs to be done to get this crisis under control. There are many empty government builds that can be re-evaluated and turned into high density affordable living. We can also look to mandate new condo build must include a percentage of affordable housing.  We cannot continue to pave away our natural spaces this will never lead to a better future for all. We have an opportunity to be leaders in environmental policy while ensuring housing for all, these are issues that indeed go hand in hand. The value of leaving a pristine untouched greenbelt for future generations cannot be undervalued. The way we have done things for years and years is not working and it is not sustainable. We can and do better, we should demand better, we deserve better.\n"
    }
}