{
    "79233": {
        "url": "/comment/79233",
        "comment": "I do NOT support the amendment to the greenbelt plan.  The government needs to uphold the original Greenbelt Plan - to permanently protect agricultural and natural land from development; to direct affordable growth to existing cities and towns while continuing to protect our farmland, water and nature from sprawl.\n"
    },
    "79235": {
        "url": "/comment/79235",
        "comment": "The purpose of this request is to ask the Minister of Municipal Affairs and Housing (the \u201cMinister\u201d) to approve a Minister\u2019s Zoning Order (\u201cMZO\u201d) on the lands known municipally as 10951 Kipling Avenue in the City of Vaughan in a form substantially in accordance with the zoning by-law in Attachment 1. This will allow the Subject Lands to be used for privately owned, publicly accessible recreational uses, which are uses that are permitted within the Greenbelt Plan. Approval of the requested MZO will support the provision of residential housing in the adjacent urban area, which is a more effective use of lands designated for urban uses. For clarity, we are not asking the Province to remove the Subject Lands from the Greenbelt Plan Area.\n"
    },
    "79236": {
        "url": "/comment/79236",
        "comment": "ERO Filing\nRE: Greenbelt Land swamps and Take outs\nI am writing to express grave concerns about the proposed changes to the Greenbelt that will completely destroy the integrity, structure and entire purpose of the Greenbelt.\nIt will unleash such a land speculation gold rush that a bill designed for Housing affordability will instead drive farmers off our farmland and ensure that only a privilege few will ever able to be able to afford a house or land in massive part of our province.\nPrevious provincial governments have upheld the integrity and permanent planning intentions of the Greenbelt by refusing hundreds of take out requests and making it clear that the Greenbelt was permanent protections designed to last for generations.\nEven in my own Waterloo Region (that is  also about to be destroyed) it has been made clear for deacades that our growth will be focused in our urban cities with our four rural townships remaining rural.  With such clear expectations and long-term planning we have not seen the level of land speculation and foreign purchases of vast tracts of land by investment companies hoping for development that our neighbouring counties and regions have seen.\nInstead, our farmers have invested in the land knowing that it will be there for future generations and as a result not only are our farms the most profitable per acre in Canada but we enjoy an incredible quality of life with local farmers markets, farm gate sales and almost everyone in our region living only minutes from the countryside.  It is unique in Canada and likely the world yet is one of the prime drivers of the quality of life we enjoy.\nI urge you to uphold the integrity of the Greenbelt and ensure there is a clear message that these lands are permanently protected for future generations.  Once the integrity is shattered with takeouts and destruction the floodgates are open and no matter whatever criteria is set, governments will be overrun with requests for land removals in a continual onslaught that is to nobodies benefit but a few lucky land speculators and comes at huge cost to the greater public good and the sustainable future we are going to need for climate change.\nPlease do not allow these proposed changes to proceed.  Learn from the examples of thriving, sustainable, and affordable communities, land, and food elsewhere before destroying our Greenbelt for unsustainable urban sprawl and ever increasing food prices and food insecurity.\n"
    },
    "79239": {
        "url": "/comment/79239",
        "comment": "I am totally opposed to the proposed amendments to the Greenbelt Plan that would  remove 7,400 acres of land from the Greenbelt.  There is a vast supply of unused greenfield land already open within existing municipal boundaries and the current round of Official Plans would add more of non-Greenbelt land that could be developed.\nFurther, I am shocked that the government would go back on their promise not to touch the Greenbelt - both Premier Ford and Minister Clark made their promises.  And, I'm deeply concerned that some developers who will benefit from the 15 parcels of land being proposed for development, purchased these lands a few months if not weeks before the announcement.\nWe need our wetlands to ensure flood zones  and remain as carbon sinks.  We need the Greenbelt to protect endangered species and provide needed farmland.\nPlease do the right thing and leave the Greenbelt in tact.\n"
    },
    "79242": {
        "url": "/comment/79242",
        "comment": "I strongly oppose the government\u2019s plans to remove lands from the Greenbelt. These lands were intended to be permanently protected in order to prevent future urban sprawl. It was designated after significant scientific study and extensive public consultation. I do not accept the argument that some parcels are being removed but are then being replaced by even more land. Some of that land is already protected (eg. river valleys), and no rationale has been provided to explain why those particular lands were chosen. By all means, add to the existing Greenbelt, but do not chip away at it. This creates a precedent that other developers are already trying to take advantage of.\nI do not believe that unserviced Greenbelt land will solve the problem of unaffordable housing. Affordable housing needs to be built close to jobs, transit, and other services. We do not need even more cars travelling even greater distances producing even more GHG emissions. We do need more walkable communities, close to transit, with ample green spaces for healthier living.\nPremier Ford repeatedly promised that his government wouldn\u2019t touch the Greenbelt. He doesn\u2019t need this land to built more affordable housing, so why is he breaking his promise? He is not listening to the people \u2013 he is betraying us.\n"
    },
    "79244": {
        "url": "/comment/79244",
        "comment": "ERO FILE NUMBER 019-6216\nProposed Amendments to the Greenbelt Plan\nLands Located in the City of Hamilton\nSouth of Garner Road West, West of Fiddlers Green Road, East of Shaver Road, in the Vicinity of Book Road West \u2013 Map 9 to ER0 FILE 019-6216\nI strongly support the removal of these lands from the Greenbelt for the following reasons:\nIt's kitty-corner to the Wal-mart.\nThe lands are adjacent to existing settlement areas;\nThe lands are adjacent to the edge of the Greenbelt area boundary;\nThe lands have the potential to be serviced in the near-term with local infrastructure upgrades to be entirely funded by proponents; and\nThe lands proposed for the removal have the characteristics that would enable housing to be built in the near term;\nThe subject lands were inappropriately and precipitously added to the Greenbelt in 2016 without proper consultation with residents and businesses in the area;\nThe inclusion of the subject lands in the Greenbelt in 2016 was contrary to the City of Hamilton\u2019s staff position and that of their consultants engaged in the Greenbelt review process;\nThere is no planning or scientific justification to support the inclusion of the lands in the Greenbelt.  The inclusion appeared totally arbitrary;\nI understand that the City of Hamilton requires these lands to meet housing needs to address affordability and supply issues.  This is an area that affords excellent accessibility to major highways and community services in the abutting urban area of Hamilton and the Ancaster community.  I strongly support the Provincial initiatives to increase the supply of housing in my community so that my children and grandchildren can remain in the area.\n"
    },
    "79245": {
        "url": "/comment/79245",
        "comment": "ERO FILE NUMBER 019-6216\nProposed Amendments to the Greenbelt Plan\nLands Located in the City of Hamilton\nSouth of Garner Road West, West of Fiddlers Green Road, East of Shaver Road, in the Vicinity of Book Road West \u2013 Map 9 to ER0 FILE 019-6216\nI strongly support the removal of these lands from the Greenbelt for the following reasons:\nIt's adjacent to the Canadian Tire plaza.\nThe lands are adjacent to existing settlement areas;\nThe lands are adjacent to the edge of the Greenbelt area boundary;\nThe lands have the potential to be serviced in the near-term with local infrastructure upgrades to be entirely funded by proponents; and\nThe lands proposed for the removal have the characteristics that would enable housing to be built in the near term;\nThe subject lands were inappropriately and precipitously added to the Greenbelt in 2016 without proper consultation with residents and businesses in the area;\nThe inclusion of the subject lands in the Greenbelt in 2016 was contrary to the City of Hamilton\u2019s staff position and that of their consultants engaged in the Greenbelt review process;\nThere is no planning or scientific justification to support the inclusion of the lands in the Greenbelt.  The inclusion appeared totally arbitrary;\nI understand that the City of Hamilton requires these lands to meet housing needs to address affordability and supply issues.  This is an area that affords excellent accessibility to major highways and community services in the abutting urban area of Hamilton and the Ancaster community.  I strongly support the Provincial initiatives to increase the supply of housing in my community so that my children and grandchildren can remain in the area.\n"
    },
    "79247": {
        "url": "/comment/79247",
        "comment": "ERO FILE NUMBER 019-6216\nProposed Amendments to the Greenbelt Plan\nLands Located in the City of Hamilton\nSouth of Garner Road West, West of Fiddlers Green Road, East of Shaver Road, in the Vicinity of Book Road West \u2013 Map 9 to ER0 FILE 019-6216\nI strongly support the removal of these lands from the Greenbelt for the following reasons:\nIt's right next to the Wal-Mart.\nThe lands are adjacent to existing settlement areas;\nThe lands are adjacent to the edge of the Greenbelt area boundary;\nThe lands have the potential to be serviced in the near-term with local infrastructure upgrades to be entirely funded by proponents; and\nThe lands proposed for the removal have the characteristics that would enable housing to be built in the near term;\nThe subject lands were inappropriately and precipitously added to the Greenbelt in 2016 without proper consultation with residents and businesses in the area;\nThe inclusion of the subject lands in the Greenbelt in 2016 was contrary to the City of Hamilton\u2019s staff position and that of their consultants engaged in the Greenbelt review process;\nThere is no planning or scientific justification to support the inclusion of the lands in the Greenbelt.  The inclusion appeared totally arbitrary;\nI understand that the City of Hamilton requires these lands to meet housing needs to address affordability and supply issues.  This is an area that affords excellent accessibility to major highways and community services in the abutting urban area of Hamilton and the Ancaster community.  I strongly support the Provincial initiatives to increase the supply of housing in my community so that my children and grandchildren can remain in the area.\n"
    },
    "79248": {
        "url": "/comment/79248",
        "comment": "Comments on Proposed Amendments to the Greenbelt Plan\nERO number 019-6216:\nThese proposed amendments to the Greenbelt Plan need to be put on hold until a full environmental assessment is done and a full assessment is done of the need for this Greenbelt land to be removed for housing. In addition, there needs to be proper public consultation and input from all municipalities and conservation authorities affected by the proposed amendments. The government must follow the Precautionary Principle on such an important decision.\nThe Greenbelt was set aside by all political parties years ago for the benefit of current and future generations of Ontarians. Any changes to it must undergo a rigorous transparent assessment. This proposal has far-reaching impacts that will be felt for generations to come. Following the Precautionary Principle, which the Ontario courts have upheld for important environmental matters, the current and future residents of Ontario deserve these amendments to the Greenbelt Plan to be put on hold until a full assessment of all the issues is done. Once the land is paved over for housing, we can never get it back.\nMany issues have already been raised by local residents, academic researchers, community groups, conservation authorities, politicians and staff at all levels of government, and by urban planners.\nFor example, the following are just some of the issues that have been raised:\n-- Earlier this year, Ontario's government-appointed Housing Affordability Task Force said a shortage of land isn't the cause of the province's housing crisis. \"Land is available, both inside the existing built-up areas and on undeveloped land outside greenbelts.\" There is over 10 times as much land ready for housing development in communities where people already live. Why the rush to remove land from the Greenbelt?\n-- A former provincial planner who was one of the architects of the Greenbelt, said in an interview that he worries the land swap sets a precedent for other developers to push to have their lands removed as well.\n-- A Vaughan city councillor said she has received calls from developers who own land in other parts of the Greenbelt looking for municipal support to open up their properties as well. The councillor remarked that this is only the start and that there will be a flood of Greenbelt landowners lobbying to have their land removed. This sets a dangerous precedent.\n-- In the recent report \"Value-for-Money Audit: Land-Use Planning in the Greater\nGolden Horseshoe\" by the Office of the Auditor General of Ontario:\n    \"Effective land-use planning ensures that lands, which are finite resources, are used and developed to meet the current and future needs of communities and the people who live in them, while safeguarding valuable resources such as agricultural lands, wetlands, forests, and distinctive natural features and landscapes.\" The overall conclusion in the Auditor General's report: \"Our audit concluded that the Ministry of Municipal Affairs and Housing does not have effective procedures and systems in place to ensure that land-use planning in the Greater Golden Horseshoe is consistent with good land-use planning practices, the purposes and objectives of the Planning Act, and the Growth Plan for the GGH.\"\n-- The Auditor General also said that Ontario is not doing enough to prevent urban flooding, a problem that is expected to worsen in the coming years with extreme rainfall events due to climate change. The findings are part of the 2022 Auditor General's Report, which points to the province's failure to clarify its commitments to manage urban flooding and a failure to adequately support municipalities to effectively tackle the problem. The Auditor General says it isn't just a problem for the three per cent of Ontarians who live near rivers. All Ontarians who live in cities, towns and smaller communities may be at risk of flooding and that not addressing the problem will be costly. The report recommends improving urban flood risk mapping and better protecting green and natural spaces such as wetlands.\n-- The conservation authorities were not consulted about flood risks and biodiversity loss due to removing these lands from the Greenbelt.\n-- Municipal and regional governments were also not consulted about removing these lands from the Greenbelt. Their urban planners are saying they'd much rather focus housing growth within existing urban areas, closer to existing infrastructure.\n-- The United Nations is forecasting a world-wide food shortage in 2023. Climate change is reducing crop yields around the world and the problem is only going to get worse. We need the Greenbelt farmlands, some of the best in Canada, not only for our own food security, but we owe a duty of care to help feed the world.\n-- The Duffins Rouge Agricultural Preserve lands in Pickering which are slated to be removed from the Greenbelt are adjacent to the Rouge Urban National Park. The lands bordering the Park are significant to the wildlife and biodiversity of the Park. There needs to be a proper environmental assessment on the impact on the Park. There should not just be an arbitrary straight line drawn north-south along the Markham/Toronto-Pickering border. In a Tweet on November 16, 2022, the Toronto and Region Conservation Authority (@TRCA_HQ) said \"The Province's proposed removal of nearly 4,700 acres of protected agricultural lands in Pickering, could result in unplanned urbanization negatively impacting efforts to protect Petticoat & Duffins Creek & nearby Rouge National Urban Park.\"\n-- Biodiversity loss from removing these lands from the Greenbelt needs to be assessed. We are in the midst of an accelerated biodiversity loss worldwide. Canada is hosting COP 15, the United Nations Biodiversity Summit, over the next couple of weeks. From a spokesperson for the Convention on Biological Diversity, \"The food we eat comes from biodiversity, the water we drink comes from biodiversity. The air we breathe [comes from biodiversity].\" The ultimate goal is to stop biodiversity loss and build a sustainable relationship with nature in response to unprecedented rates of declining nature and species extinction. The new target under the draft agreement is the much-talked about 30 by 30 goal: preserving 30 per cent of land, freshwater and oceans by 2030. Canada has already committed to that pledge. The latest figures show Canada has only conserved 13.5 per cent of its land and freshwater and 13.9  per cent of marine territory.\n-- First Nations peoples have not been consulted. Mississaugas of Scugog Island and other First Nations have said that the government did not consult with Indigenous communities while developing Bill 23 and were not consulted about removing lands from the Greenbelt. Indigenous rights for consultation are enshrined in the Constitution Act under Section 35. The Constitution Act requires provincial governments to consult with Indigenous peoples before passing legislation that would directly affect their communities.\n"
    },
    "79249": {
        "url": "/comment/79249",
        "comment": "ERO FILE NUMBER 019-6216\nProposed Amendments to the Greenbelt Plan\nLands Located in the City of Hamilton\nSouth of Garner Road West, West of Fiddlers Green Road, East of Shaver Road, in the Vicinity of Book Road West \u2013 Map 9 to ER0 FILE 019-6216\nI strongly support the removal of these lands from the Greenbelt for the following reasons:\nIt's right next door to the Wal-Mart.\nThe lands are adjacent to existing settlement areas;\nThe lands are adjacent to the edge of the Greenbelt area boundary;\nThe lands have the potential to be serviced in the near-term with local infrastructure upgrades to be entirely funded by proponents; and\nThe lands proposed for the removal have the characteristics that would enable housing to be built in the near term;\nThe subject lands were inappropriately and precipitously added to the Greenbelt in 2016 without proper consultation with residents and businesses in the area;\nThe inclusion of the subject lands in the Greenbelt in 2016 was contrary to the City of Hamilton\u2019s staff position and that of their consultants engaged in the Greenbelt review process;\nThere is no planning or scientific justification to support the inclusion of the lands in the Greenbelt.  The inclusion appeared totally arbitrary;\nI understand that the City of Hamilton requires these lands to meet housing needs to address affordability and supply issues.  This is an area that affords excellent accessibility to major highways and community services in the abutting urban area of Hamilton and the Ancaster community.  I strongly support the Provincial initiatives to increase the supply of housing in my community so that my children and grandchildren can remain in the area.\n"
    },
    "79250": {
        "url": "/comment/79250",
        "comment": "December 4, 2022\nRe:  Proposed Amendments to the Greenbelt Plan (ERO 019-6216)\nThank you for the opportunity to provide feedback on the proposed changes to the Greenbelt Plan for the Ministry of Municipal Affairs and Housing.\nI understand and agree that there is a housing supply and affordability issue in Ontario that needs to be pragmatically addressed, and therefore support the government\u2019s commitment to reducing unnecessary barriers to development and streamlining processes. That said, there is no reason that the province cannot meet their development targets while protecting the Greenbelt.\nThere is no need to perform any of the proposed amendments to the Greenbelt for reasons explained below:\nImportance of the Greenbelt\nThe Greenbelt protects the headwaters of the rivers flowing into Lake Ontario and preserve valuable farmland that Ontario desperately needs.  With global shortages of produce like lettuce, why wouldn\u2019t Ontario want to utilize these farmlands instead of destroying them.  It is the home of Ontario\u2019s only two specialty crop areas and amongst the most fertile soils and unique climate conditions to grow crops that can\u2019t be found commercially anywhere else.  This would be a huge economic benefit to Ontario.\nOntario\u2019s Greenbelt is the world\u2019s largest protected land providing Ontario with fresh clean water, local food and drink and world class outdoor recreation and tourism experiences.  With it being such valuable land for Ontario, there is no logical explanation to remove protection from any of it.  In addition, when something as valuable as the Greenbelt is destroyed, it cannot be replaced.  Individuals/companies/governments should not be able to gain from removal of Ontario\u2019s resources personally or financially.\nLands are already designated for development\nLeading Architects in Ontario recently stated that there are already 86,500 acres within the GTA currently zoned and ready for development.  When lands area already slated for development, the process is more streamline and could have started already.  There would be no need to even propose developing on the Greenbelt.  In addition, other municipalities throughout Ontario already have Official Plans and zonings for development.  Removing protections like Bill 23 and the Greenbelt is harmful to Ontario\u2019s resources and redundant when development could have already started on developable lands.\nProposal to add Lands to the Greenbelt\nOntario previously announced that they would add the series of 13 urban rivers and valleys to the Greenbelt, and they received backlash.  The 9400 acres being added for protection does not mitigate the net loss of the protected land in the Greenbelt.  This is partially because most of the added lands were already protected from development in the first place, so it does not mitigate the net loss of the valuable Greenbelt land being removed.  By removing the 7400 acres, it will destroy the concept of permanent protection that is vital to the functioning of the Greenbelt as a whole and it will unleash controversy of land speculation across the entire Greenbelt.  Denying farmers and landowners the certainty they need to continue stewarding the forests, wetland, and soils on their land, and pushing ownership forever out of reach.\nRemoving protections could also start a never-ending queue of Greenbelt land speculators at the Minister\u2019s door, each with their own convenient rationalization for paving their own portion of the Greenbelt.  It is hoped that the Government of Ontario would govern for the benefit of the people of Ontario and not for financial gain or biases of others to financially gain.\nI recommend that:\n\u2022\tThe province considers promoting food production in the Greenbelt and preserve our valuable soils especially at a time of food shortages.\n\u2022\tThe province leaves the Greenbelt in its current state as originally promised approaching the June 2, 2022, election.  With the last election having a small turnout, misleading voters before elections will not help motivate others to vote in the future.\n\u2022\tThe province focuses efforts on building up urban areas instead of urban sprawl outwards.\n\u2022\tLarge scale developments should be limited to municipal urban boundaries where infrastructure and transportation currently exist.\n\u2022\tThe proposed changes to the Greenbelt be repealed.\n"
    },
    "79253": {
        "url": "/comment/79253",
        "comment": "ERO FILE NUMBER 019-6216\nProposed Amendments to the Greenbelt Plan\nLands Located in the City of Hamilton\nSouth of Garner Road West, West of Fiddlers Green Road, East of Shaver Road, in the Vicinity of Book Road West \u2013 Map 9 to ER0 FILE 019-6216\nI strongly support the removal of these lands from the Greenbelt for the following reasons:\nIt's right next door to the Wal-Mart.\nThe lands are adjacent to existing settlement areas;\nThe lands are adjacent to the edge of the Greenbelt area boundary;\nThe lands have the potential to be serviced in the near-term with local infrastructure upgrades to be entirely funded by proponents; and\nThe lands proposed for the removal have the characteristics that would enable housing to be built in the near term;\nThe subject lands were inappropriately and precipitously added to the Greenbelt in 2016 without proper consultation with residents and businesses in the area;\nThe inclusion of the subject lands in the Greenbelt in 2016 was contrary to the City of Hamilton\u2019s staff position and that of their consultants engaged in the Greenbelt review process;\nThere is no planning or scientific justification to support the inclusion of the lands in the Greenbelt.  The inclusion appeared totally arbitrary;\nI understand that the City of Hamilton requires these lands to meet housing needs to address affordability and supply issues.  This is an area that affords excellent accessibility to major highways and community services in the abutting urban area of Hamilton and the Ancaster community.  I strongly support the Provincial initiatives to increase the supply of housing in my community so that my children and grandchildren can remain in the area.\n"
    },
    "79255": {
        "url": "/comment/79255",
        "comment": "ERO FILE NUMBER 019-6216\nProposed Amendments to the Greenbelt Plan\nLands Located in the City of Hamilton\nSouth of Garner Road West, West of Fiddlers Green Road, East of Shaver Road, in the Vicinity of Book Road West \u2013 Map 9 to ER0 FILE 019-6216\nI strongly support the removal of these lands from the Greenbelt for the following reasons:\nIt's super close to the Wal-Mart.  It's adjacent.\nThe lands are adjacent to existing settlement areas;\nThe lands are adjacent to the edge of the Greenbelt area boundary;\nThe lands have the potential to be serviced in the near-term with local infrastructure upgrades to be entirely funded by proponents; and\nThe lands proposed for the removal have the characteristics that would enable housing to be built in the near term;\nThe subject lands were inappropriately and precipitously added to the Greenbelt in 2016 without proper consultation with residents and businesses in the area;\nThe inclusion of the subject lands in the Greenbelt in 2016 was contrary to the City of Hamilton\u2019s staff position and that of their consultants engaged in the Greenbelt review process;\nThere is no planning or scientific justification to support the inclusion of the lands in the Greenbelt.  The inclusion appeared totally arbitrary;\nI understand that the City of Hamilton requires these lands to meet housing needs to address affordability and supply issues.  This is an area that affords excellent accessibility to major highways and community services in the abutting urban area of Hamilton and the Ancaster community.  I strongly support the Provincial initiatives to increase the supply of housing in my community so that my children and grandchildren can remain in the area.\n"
    },
    "79256": {
        "url": "/comment/79256",
        "comment": "ERO FILE NUMBER 019-6216\nProposed Amendments to the Greenbelt Plan\nLands Located in the City of Hamilton\nSouth of Garner Road West, West of Fiddlers Green Road, East of Shaver Road, in the Vicinity of Book Road West \u2013 Map 9 to ER0 FILE 019-6216\nI strongly support the removal of these lands from the Greenbelt for the following reasons:\nIt's beside the Wal-Mart.\nThe lands are adjacent to existing settlement areas;\nThe lands are adjacent to the edge of the Greenbelt area boundary;\nThe lands have the potential to be serviced in the near-term with local infrastructure upgrades to be entirely funded by proponents; and\nThe lands proposed for the removal have the characteristics that would enable housing to be built in the near term;\nThe subject lands were inappropriately and precipitously added to the Greenbelt in 2016 without proper consultation with residents and businesses in the area;\nThe inclusion of the subject lands in the Greenbelt in 2016 was contrary to the City of Hamilton\u2019s staff position and that of their consultants engaged in the Greenbelt review process;\nThere is no planning or scientific justification to support the inclusion of the lands in the Greenbelt.  The inclusion appeared totally arbitrary;\nI understand that the City of Hamilton requires these lands to meet housing needs to address affordability and supply issues.  This is an area that affords excellent accessibility to major highways and community services in the abutting urban area of Hamilton and the Ancaster community.  I strongly support the Provincial initiatives to increase the supply of housing in my community so that my children and grandchildren can remain in the area.\n"
    },
    "79259": {
        "url": "/comment/79259",
        "comment": "ERO FILE NUMBER 019-6216\nProposed Amendments to the Greenbelt Plan\nLands Located in the City of Hamilton\nSouth of Garner Road West, West of Fiddlers Green Road, East of Shaver Road, in the Vicinity of Book Road West \u2013 Map 9 to ER0 FILE 019-6216\nI strongly support the removal of these lands from the Greenbelt for the following reasons:\nThe Wal-Mart is right beside this area.\nThe lands are adjacent to existing settlement areas;\nThe lands are adjacent to the edge of the Greenbelt area boundary;\nThe lands have the potential to be serviced in the near-term with local infrastructure upgrades to be entirely funded by proponents; and\nThe lands proposed for the removal have the characteristics that would enable housing to be built in the near term;\nThe subject lands were inappropriately and precipitously added to the Greenbelt in 2016 without proper consultation with residents and businesses in the area;\nThe inclusion of the subject lands in the Greenbelt in 2016 was contrary to the City of Hamilton\u2019s staff position and that of their consultants engaged in the Greenbelt review process;\nThere is no planning or scientific justification to support the inclusion of the lands in the Greenbelt.  The inclusion appeared totally arbitrary;\nI understand that the City of Hamilton requires these lands to meet housing needs to address affordability and supply issues.  This is an area that affords excellent accessibility to major highways and community services in the abutting urban area of Hamilton and the Ancaster community.  I strongly support the Provincial initiatives to increase the supply of housing in my community so that my children and grandchildren can remain in the area.\n"
    },
    "79260": {
        "url": "/comment/79260",
        "comment": "ERO FILE NUMBER 019-6216\nProposed Amendments to the Greenbelt Plan\nLands Located in the City of Hamilton\nSouth of Garner Road West, West of Fiddlers Green Road, East of Shaver Road, in the Vicinity of Book Road West \u2013 Map 9 to ER0 FILE 019-6216\nI strongly support the removal of these lands from the Greenbelt for the following reasons:\nIt's a natural extension and expansion of Ancaster.\nThe lands are adjacent to existing settlement areas;\nThe lands are adjacent to the edge of the Greenbelt area boundary;\nThe lands have the potential to be serviced in the near-term with local infrastructure upgrades to be entirely funded by proponents; and\nThe lands proposed for the removal have the characteristics that would enable housing to be built in the near term;\nThe subject lands were inappropriately and precipitously added to the Greenbelt in 2016 without proper consultation with residents and businesses in the area;\nThe inclusion of the subject lands in the Greenbelt in 2016 was contrary to the City of Hamilton\u2019s staff position and that of their consultants engaged in the Greenbelt review process;\nThere is no planning or scientific justification to support the inclusion of the lands in the Greenbelt.  The inclusion appeared totally arbitrary;\nI understand that the City of Hamilton requires these lands to meet housing needs to address affordability and supply issues.  This is an area that affords excellent accessibility to major highways and community services in the abutting urban area of Hamilton and the Ancaster community.  I strongly support the Provincial initiatives to increase the supply of housing in my community so that my children and grandchildren can remain in the area.\n"
    }
}