{
    "67943": {
        "url": "/comment/67943",
        "comment": "I do not agree with this proposal to change protected land in the Greenbelt into development land for housing.\nWe do not need to take protected and important environmental land in order to solve the housing crisis.\nWe need to regulate rent increases again, and build affordable housing where we already have residential land available. There are empty buildings everywhere because they are too expensive or being bought by foreign markets and businesses.\nDo not destroy protected land for corporate greed, we need to keep this land protected, and we should add the additional lands being proposed to be protected as well.\nI am saying this as someone who has been unable to buy a home due to the current market. I do not want to do so at the cost of our Greenbelt and green space.\n"
    },
    "67944": {
        "url": "/comment/67944",
        "comment": "I understand that it must be challenging to come up with solutions for housing but I implore you to NOT open up the greenbelt for construction of homes!\nThe greenbelt needs to be protected!\nI am not an expert on this, but I beg the government to transparently talk to the scholars/experts who have spent their entire careers studying housing and environmentally friendly options.  Experts from universities and non-biased parties must be consulted, and not just \"friends\" of the government who serve to benefit financially from this endeavour.\nPerhaps start with existing infrastructure and maybe repurpose buildings that have been abandoned with people working from home due to the pandemic.\nAgain, I am not an expert, but there are many brilliant people in this country who I trust have balanced, intelligent recommendations.  PLEASE protect our greenbelt!  This is a permanent decision that must not be taken lightly!  Once this gets unleashed, you will never be able to get that greenspace back.  Do not make a short-sighted decision ..our kids' futures depend on it.\n"
    },
    "67946": {
        "url": "/comment/67946",
        "comment": "Why should not be destroying the greenbelt to benefit a group of millionaire/billionaires. This would be an atrocity to all the wildlife, flora, and fauna. We should be taking old office buildings and buildings no longer in use and refurbishing them into low income and affordable housing. We don't need more housing we need affordable housing that the majority of the effected population can access!\n"
    },
    "67948": {
        "url": "/comment/67948",
        "comment": "The Ford government is going back on their promises that were made to the public about the Ontario Greenbelt lands in favor of cronyism and developer profit. The collective, informed voices of Ontarians will not be silenced. Please respect Ontarians, our children\u2019s future and our limited natural resources and reverse this decision!\n"
    },
    "67952": {
        "url": "/comment/67952",
        "comment": "The greenbelt land is not fungible. It should be protected forever and this development should not go through and that's not even considering the collusion and kickbacks Ford's developer friends seem to be getting out of the deal. Just environmentally, we cannot develop the greenbelt. Its not a decision we can take back later, the land will be destroyed.\nInstead we can build houses elsewhere. There is more to Ontario than the GTA. We should also look at densifying existing residential land and changing zoning requirements from single family homes to have more options for density. There are housing options between sprawling single family homes and high rise condos and we would do well for society and the environment to explore them.\nDo not develop the greenbelt!\n"
    },
    "67953": {
        "url": "/comment/67953",
        "comment": "Please stop the encroachment onto the Greenbet in Toronto and don\u2019t allow it in other cities (such as Ottawa). These are sensitive areas and important for both ecosystem and human health. The people told Doug Ford not to do this. He falsely stated that he would t and now is going back on that without campaigning on it in the recent election.  His cronies don\u2019t need more money. The rest of us need the Greenbelts.\n"
    },
    "67955": {
        "url": "/comment/67955",
        "comment": "I am absolutely opposed to this unlocking of the green belt.  There's absolutely no reason we need to unprotect land that we have all agreed to keep protected.  Particularly not for profit! I, being a resident of Ontario for the last 53 years am not okay with this!  There must be other ways to solve housing issues.\n"
    },
    "67957": {
        "url": "/comment/67957",
        "comment": "The Greenbelt is not open for development, that is the whole point of having a designated protected area. I am a 20 year old university student studying Computer science and my peers and I all agree that these callous policies are one of the reasons why none of us intend on remaining in Ontario after graduation. This leadership stinks of greed.\nWhy develop the Greenbelt? Why let the developers carve it up and sell it for profit? Do you really think this will help our housing crisis? More sprawl? The desecration of our farmland and protected areas will enrich and help no one but the developers.\nI am incredibly disappointed.\n"
    },
    "67963": {
        "url": "/comment/67963",
        "comment": "This proposal needs to be quashed. Those .ands need to be protected for future generations. The very survival of our animal species depends on it. We as stewards of the environment need to do better. Doug Ford is acting in a self serving and greedy manner only hoping to line his and his cronies pockets. Shame on him and them. How short sighted\n"
    },
    "67965": {
        "url": "/comment/67965",
        "comment": "You have no respect for the environment.\nYou have no respect for the voice of the citizens of Ontario.\nYou have no respect for even YOUR OWN WORD!\n\u201cUnequivocally, I will not touch the Greenbelt. Unlike other governments that don\u2019t listen to people, I\u2019ve heard it loud and clear that people don\u2019t want me touching the Greenbelt\u201d\nThis overt corruption will not stand. Doug Ford and the Ontario Conservative  legacy will be the myriad of failed attempts to take away the rights and voices of Ontario citizens.\nStop now!!\n"
    },
    "67966": {
        "url": "/comment/67966",
        "comment": "Please, the current infrastructure sucks. Spend the money to renew, repair and build upwards rather than outwards. Theres so many problems building into the greenbelt. Rather have homes, business and services at a managable distance from major cities rather than out there far away\n"
    }
}