{
    "67183": {
        "url": "/comment/67183",
        "comment": "I strongly oppose releasing any of the Greenbelt for development. Doug Ford promised he would not do this. This land is essential to our agriculture industry, essential for our watershed, it should not be touched. This is an affront to the people on Ontario and the future generations who will rely on this land.\n"
    },
    "67184": {
        "url": "/comment/67184",
        "comment": "The greenbelt needs to be preserved, there is a reason is was protected in the past. Part of the reason we need more space for home allocation is the lack of legislation protecting homeownership from becoming a profitable business. While this needs to be rectified so Canadian citizens are able to become homeowner; I doesn't mean we should build on the greenbelf due to lack of government planning.\nHome are needed but doesn't need location in urban sprawl. We should start investing in other communities such as further northern development.\nFord & the provincial government has continuously shown actions that are not in Ontarians best interest. You need to stop looking at the 'quick fix' and look at future impact of your actions. Government should be making decisions based on the best for its citizens not what will make them look 'good' so they can get re-elected or increase their bribes from other parties.\n"
    },
    "67186": {
        "url": "/comment/67186",
        "comment": "I do not agree with these plans, the greenbelt should be left well alone.\nFocus instead should be on lowering rent prices, more regulations on rentals, and using the 4 billion dollars that Premier Ford is still sitting on.\nThere is a reason why the greenbelt was established in the first place, these are to protect our environment.\nWe see ourselves finally recognizing Clinate change, our priorities should be preserving the Ecosystems we already have and green spaces we have before any irreversible damage occurs.\nBuild elsewhere. Not the greenbelt.\n"
    },
    "67191": {
        "url": "/comment/67191",
        "comment": "Our green space is crucial. I am so disappointed in this government. One that swore to not touch green belt and trying to do so sneakily.\nInstead of building on natural lands that is home to thousands of specifies of animals and plant life, why not expand on urban areas and create more lower income housing.\n"
    },
    "67193": {
        "url": "/comment/67193",
        "comment": "Doug Ford is honestly an idiot If he thinks that building this highway is going to profit anyone except him and his comrades. Why don't you focus on creating affordable housing in residential areas that are already existing? How does it make sense (to the average person) to destroy the environment for something that will only be beneficial/profitable to you and your friends.\nDoug Ford is an idiot who can't see the bigger (environmental) picture.\n"
    },
    "67194": {
        "url": "/comment/67194",
        "comment": "We should create more housing by building up what we already have, not sprawling into protected areas. Higher density leads to nicer neighbourhoods and lower car dependence, but cutting into the greenbelt (one of Ottawa's greatest features) would not only further take away from something beautiful but would also force whoever is living there to commute long distances. Instead of designating parts of a protected area for development, put pressure on the municipal government of Ottawa to re-designate residential areas that currently only allow single family homes and other low density options so that those zones allow higher density such as multiplexes and low-rise apartment buildings. Developing more of nature is not the solution to our housing crisis; we need to repair the broken system we have, and then if we still need more, we can build satellite cities connected by high-speed public transit.\n"
    },
    "67199": {
        "url": "/comment/67199",
        "comment": "It\u2019s illogical to unprotect these lands and to reduce the environmental assessments required to be done on them before building. Yes, Ontario is facing a housing crisis right now but we shouldn\u2019t be fixing it at the cost of our environment, and simply creating more homes is not going to magically fix the affordability issue when it\u2019s clear the Ford government is not interested in doing anything to help control the cost of rent. In fact I can clearly remember when he passed a law that effectively removed rent control from any building built after 2019. I work in the architectural sector and this promise of housing frankly sounds ridiculous, planning high quality buildings takes time, and most of all requires all sorts of skilled trades. As it is, people in the architecture field are over worked and underpaid, and construction workers are no where to be found right now. There is realistically no one available to bring this project to life, and it\u2019s clear this is another way for the rich to get richer on the back of the poor and at the cost of our environment.\n"
    },
    "67203": {
        "url": "/comment/67203",
        "comment": "I believe the housing is a huge issue in Ontario however, limiting Ontario\u2019s wetlands, and the biodiversity is not the way to go. The protected Greenland as stated by many politicians was to never be developed as a testament to the rich nature within Ontario. This plan negatively affects the environment, the nature, the organisms and the future.\n"
    },
    "67204": {
        "url": "/comment/67204",
        "comment": "Destroying an ecosystem in favour of land development and thinking that you can simply replace it with another piece of land is shortsighted and greedy. The Greenbelt was chosen for a reason. This government shouldn\u2019t get away with mortgaging our future for Doug Ford\u2019s present.\nThis is horrific for the environment and this government knows it.\n"
    }
}