{
    "68177": {
        "url": "/comment/68177",
        "comment": "You are destroying our beautiful province, only to fill the pockets of the rich and at the expense of all living beings. Humans included... I got out and voted and can assure you, that it most definitely wasn't for blue... corrupt to the very core and only care about the filthy rich, mean while the rest of us physically carry the burdens you impose upon us. Shame on you. DO NOT TOUCH THE GREEN BELT, KEEP YOUR PROMISE.... I'm certain Rob does not approve... He would listen to his citizens...\n"
    },
    "68184": {
        "url": "/comment/68184",
        "comment": "Due to the whole climate change situation, I think we should be careful before considering building on Greenbelt land, and should try to keep as much of it intact as possible.\nInstead, perhaps on areas where there is a lot of business / population density already, and look for buildings that can be repurposed into housing. After all, many people would rather avoid the long commutes that are inevitable if they live in a place far away from work. So repurposing old buildings in the cores of cities could help those people in particular. This will optimize their time (less distance to commute to work each day). Moreover, you won't have to worry about building new homes from scratch.\nMoreover, we should consider how many existing housing areas aren't occupied, and why. (For example, are they owned by landlords who have raised the prices beyond what an average buyer can afford?) Then we should work on fixing those issues, so that we as a province can actually make use of what we already have.\nTo build new homes from scratch on the Greenbelt will only be more expensive, both in terms of money on taxpayers, and in environmental terms for all Ontarioans.\n"
    },
    "68187": {
        "url": "/comment/68187",
        "comment": "I do not agree with the Proposed Amendments to the Greenbelt Plan. It goes against the promises Doug Ford made to keep our Greenbelt in place and safe from developers. What is being proposed now is the exact opposite as you are going after our green spaces in a manner that will destroy them forever.   Leave our Greenbelt Plan alone. It is unjust to consider removing or re-designate the lands that are protected under the Greenbelt Plan. Elected officials should be acting to protect our ecosystems, not destroy them to line the pockets of developers. Please DO NOT proceed with any proposed amendments to the Greenbelt Plan.\n"
    },
    "68197": {
        "url": "/comment/68197",
        "comment": "Completely disagree with this plan to build homes in green belt designated areas and urge the provincial government to reconsider destroying this habitat. Failure to do so would push me towards voting for a different political party in the future.\n"
    },
    "68203": {
        "url": "/comment/68203",
        "comment": "The idea that you could \u201creplace\u201d land protected in the green belt by protecting land in a completely different city is not an equal replacement for the people who live in cities whose protected land is being removed. People who live in these cities deserve to have access to nature before there is none left to enjoy. This proposal states that it\u2019s intent is to increase the amount of housing built, however it does not go far enough to outline how it will accomplish building affordable housing in a timely manner, therefore I have no confidence that this intent will be actualized. Not to mention that this proposal goes against what the people of ontario have vocalized, which is protecting the green belt. I believe there are plenty of alternative approaches that the government can take to increase the amount of affordable housing without needing to use the protected land in the green belt.\n"
    },
    "68215": {
        "url": "/comment/68215",
        "comment": "This proposal is a betrayal of the trust of the people of Ontario.  Ontario voters believed Doug Ford when he said that he would protect the Greenbelt during his tenure as premier of Ontario.  A land \"swap\" is not acceptable - interchanging pieces of land amongst the protected Greenbelt is not preserving the wetlands and sensitive areas from development.  The only group that profits from this proposal are developers.  If the Conservatives paid attention to their own policy advisors, they would see that building more single family suburban homes is not the way to solve the housing crisis.  Not only that but this building plan simply sows the seeds for more problems in the future - when we have taken away all the farmland and sensitive ecological areas that feed and protect our future climate, we will have suburbs that rely on fuel burning cars that we can no longer support.  This is not the future I want for Ontario.  Please do not go forward with this proposal and develop any of the existing Greenbelt land.\n"
    },
    "68221": {
        "url": "/comment/68221",
        "comment": "I do not support removing land from the Green Belt.\nThe housing crisis is real and so is the\nClimate Crisis. Leave the Green Belt alone and build housing closer to transit and jobs that people are looking for. Density is better than sprawl.\nDo not touch the Green Belt. Keep your election promise.\n"
    },
    "68227": {
        "url": "/comment/68227",
        "comment": "I wholeheartedly disagree with the proposal to develop houses on the Green belt. There is so much land that is available that is NOT protected for environmental reasons. This proposal reads as a money grab for Doug Ford and his development friends. It is not in the interest of the public at all, though it is framed that way. Destroying the Green belt would be a \u201cworst case Ontario\u201d.\n"
    },
    "68230": {
        "url": "/comment/68230",
        "comment": "I wish to register my opposition to any expansion of Hamilton\u2018s urban boundary. I also object to any planned development on Greenbelt lands.\nThe provincial government (i.e. premier Doug Ford) said clearly that he was against expanding into the Greenbelt after he was caught telling developers that he would \u2018open up a chunk of the Greenbelt\u2019.\nAfter a huge backlash, Premier Ford backed off and said he would not ever build and the green belt lands.\nSadly, but predictably, this turned out to be a huge, whopping lie and the Premier should be ashamed of himself for reneging on yet another promise.\nHis absolute lack of concern for watersheds and sensitive areas is appalling and shows very little lack of insight regarding expansion of the urban boundary.\nHis arrogant, tone-deaf plans to build outside the urban boundary is an an affront to democratic principles after 90% of Hamiltonians surveyed, were against expansion. So much for the \u2018little guy\u2019.\nIn fact, it has been proven time and time again that there is ample space within the existing urban boundary to accommodate many different types of housing to alleviate the housing needs that are happening now and will be required in the future.\nThis includes multi-story condo towers as well as the \u2018missing middle\u2019 -  4 to 6 story condominiums and apartment buildings as well as gentle density townhomes.\nIn fact there is still room for single-family dwellings but because of rising house prices, single-family homes will be more and more unaffordable except for the super-wealthy, so priority should be given to gentle density and not to large, sprawling,  multi-million dollar homes on fertile farmland.\nFor the vast majority of Ontarians, these type of houses are unaffordable.\nAnd employing \u2018weasel words\u2019 like \u2018accessible housing\u2019 does not make them any more affordable.\nWhat does accessible actually mean?\nA luxury monster home valued at 5 million is accessible (and even affordable) if you happen to be a multimillionaire but for 99.9% of the population they are still unaffordable so let\u2019s put our cards in the table and build affordable homes.\nI am not anti-development I am just anti-sprawl and anti-bad development that destroys valuable farmland and sensitive wetlands that can never be replaced once paved over.\nIf need be I will engage in peaceful, civil disobedience and chain myself to a bulldozer to stop this very bad development, and after talking to others, I won\u2019t be alone.\nAs Doug Ford would say \u2018Don\u2019t  force my hand on this decision\u2019 - because I am dead serious.\nOur natural areas are a gift - to be preserved in perpetuity for future generations by stewards, not pillaged by short-sighted greed-heads - where enough never seems to be enough.\n"
    }
}