{
    "67728": {
        "url": "/comment/67728",
        "comment": "Continuing to propagate urban sprawl is not only bad for the environment and the Greenbelt, it is bad policy.\nContinued urban sprawl will require more expensive infrastructure, roads, bridges, hydro corridors, sewage and water.  All of these services are in place in exiting urban areas but would have to be built in new areas.  This leads to increased costs for municipalities to build, and with the plan to remove development charges, this would directly cost the existing population.\nUrban sprawl is very expense to build and maintain.  Besides the above mentioned services that must be built, the maintenance of roads, garbage collection, transit, policing, medical services, fire services, etc is an ongoing drain on government coffers.  This will eventually lead to the need to increase taxes to continue at a minimal level of service.  And lastly, these areas will not be built for higher density housing, it will be built for more McMansions housing but a few people vs what is needed.\nThe Premier promised to not touch the Greenbelt, but now he feels that he can, and looking at the areas to be developed, the only people who would benefit are those who donate to, and are friends of, the Premier.  This is the type of hypocrisy the PC's promised to root out, especially when the Premier promised to stop the \"gravy train\", but here it is going on, and the path leads directly to the PC leader, Doug Ford.\nAn alternative is to build up in existing areas.  There are homes that can be changed from one house to multiple homes, low rises, medium density housing, all within the existing service area of municipalities.  This would not require more roads or sewers to be built and would allow areas to increase their transit on existing routes.\n"
    },
    "67734": {
        "url": "/comment/67734",
        "comment": "I think it is irresponsible to remove protections of existing Greenbelt land that sustains ecosystems and the livelihoods of farmers. It appears that the current administration does not care about the housing needs of Ontarians or the environment and would rather have urban sprawl on a mass level than fix the current system of housing and development. High density housing needs to be built on already existing lands zoned as residential. This policy and proposal is reckless and only provides short term gain to those invested and lobbying for this proposal and has more negative impacts than positive. This proposal should be denied.\n"
    },
    "67736": {
        "url": "/comment/67736",
        "comment": "This is a corrupt money grab from the developers that have Doug Ford in their pockets. Please focus efforts on low income housing and viable solutions for new families. How can we optimize the space we have like repurposing office buildings, having apartment/condos being built east of Toronto further into Whitby, Oshawa, Courtice, Bowmanville etc.\n"
    },
    "67742": {
        "url": "/comment/67742",
        "comment": "The Greenbelt was created to prevent further loss of farmland and natural heritage and restrict urban sprawl, by converting this land for development we will not address the housing crisis and can cause irreversible change. As a Markham resident I am not only worried that this will only create unaffordable housing \"solutions\" but also will lead to unneeded damage to our environmental conservation efforts.\n"
    },
    "67744": {
        "url": "/comment/67744",
        "comment": "It is absolutely unacceptable to be developing anything on this land. The climate is in need of agriculture, crops and green space this land is protected by.\nThere are other areas we can develop and put money towards and improve public transportation. Our population needs this space and it was protected for a reason.\nThere are other ways to build 50,000 new homes, different areas to develop. Just unnecessary and other ways that came be less invasive. Protect the lands to protect our future. For our kids, kids.\n"
    },
    "67748": {
        "url": "/comment/67748",
        "comment": "The greenbelt cannot be swapped out for other land parcels. The very idea is beyond corrupt. I voted PC in the last election but I cannot continue to support a mini dictator. Don't touch nature, reinstitute the environmental protections. Conservatives can support the environment, clean water, and green spaces as well.\n"
    },
    "67749": {
        "url": "/comment/67749",
        "comment": "The Greenbelt \u201csafeguards the vital resources that clean our air and water, reduces our flood risks, provides a home for wildlife, and ensures our communities have greenspace to explore\u201d.  Building on the green belt would be disastrous for all. Amidst climate change we should be doing ALL we can to preserve our land NOT clear it for housing.  Other opinions are available and there is land available to build housing and greedy developers have options to purchase this land.  The connection between this government and its donors (developers) who are pressuring the government to allow this is unforgivable and needs to be stopped.\n"
    },
    "67762": {
        "url": "/comment/67762",
        "comment": "Thank you for the opportunity to comment. I\u2019ll be brief. The Greenbelt provides:\n1. Flooding & water management\n2. Air cleaning\nThose benefits do not transfer. They are local. So developing areas and assuming it\u2019s okay because new ones were added does not consider the greater problem of flooding and air pollution, not to mention the loss of natural spaces for people and animals to enjoy.\nIn a world where Climate Change is a real threat it is important to have natural flooding mitigation, which the Greenbelt provides to the areas it is local to. This is a real concern insurance companies have, as well as home-owners.\nBuilding massive infrastructure in a hurry has never resulted in positive long term gains. These inevitable problems may result in a class-action suit against the Government of Ontario.\nFinally, and this is very important, adding more housing inventory will not lower housing prices. Real estate is a free market and developers work to make a profit. They will price these homes to market values. Most young people cannot afford the current values and cannot manage the current higher interest rates. If you somehow force the prices lower it will simply attract people looking for property investment, which will drive the prices back up.\nIf you want young people to be able to afford homes here is what you do:\n1. Penalize blind bidding\n2. Provide first-time buyers a government backed and interest guaranteed mortgage up to a certain value\n3. Provide RRSP matching programs for young people going to work in certain sectors, which they can then use as part of their downpayment. This added benefit gives incentives for people to take on needed roles, such as nurses, PSWs, EAs, etc.\nThanks for listening.\n"
    },
    "67765": {
        "url": "/comment/67765",
        "comment": "The plan to change legislation regarding the green belt is obviously short sited and will only serve to cause us all more harm. Please don't. Of all the mistakes our government has been making this one is actually convincing my family that Conservatives have no one in mind when they form policy. So I guess thank you for at least changing their minds when I couldn't for the past decade.\n"
    }
}