{
    "78154": {
        "url": "/comment/78154",
        "comment": "I never get involved in any political issues but when I heard about the travesty of justice which will occur from Bill 23 I had to react!\nIt is an abuse of trust and power to invade and stage a coup of the Greenbelt when the people of Ontario trusted and believed Premier Fords promise that he wouldn\u2019t touch the Greenbelt.\nWhen the properties of the Greenbelt were first chosen it was done with careful thought and planning to the future. This NEEDS to be respected along with the trust we as the people of Ontario have entrusted Premier Ford with.\nThis whole bulldozing approach to the passing of  Bill 23 is frightening to our democracy.\nIf this is allowed to continue it will destroy more than just the Greenbelt.\nPlease STOP THE BILL from continuing. It is a very sad and clear abuse of power!\n"
    },
    "78155": {
        "url": "/comment/78155",
        "comment": "The Greenbelt is an integral part of our ecosystem. We're able to grow fresh fruits and vegetables, it homes so many animals and creatures. Why is Ford so adamant on destroying everything. Another highway doesn't fix anything in terms of traffic times. It's not even just the animals or the plants. Let's really simplify for someone from the conservative party. The greenbelt helps give us food, food that is fresh, locally sourced, it supports farmers and economy. It gives us clean air. If this continues and we destroy the greenbelt we literally are risking our own livelihoods. Listen to science for once Ford. DON'T DO IT. SAVE THE GREENBELT.\n"
    },
    "78156": {
        "url": "/comment/78156",
        "comment": "I am dismayed by the Ontario government's proposal to build houses on the Greenbelt. I am opposed to more urban sprawl- housing should be built in existing communities, even if it means building up rather than out.\nI am opposed to reducing requirements to reduce carbon emissions associated with buildings. There is no problem more important than reducing carbon emissions and mitigating climate change.\nThe integrity of the Greenbelt must be maintained, and not split up, as the Ford govt is proposing. Southern Ontario is home to a variety of biodiversity which is already threatened by urban sprawl. Splitting it up into smaller sections would only put more species of animals and plants in danger.\nPlease, please keep the Greenbelt intact!\n"
    },
    "78158": {
        "url": "/comment/78158",
        "comment": "Democracy is about political leaders stating actions they will take and delivering after elections.\nRepeated promises were made that there would be no removal of lands from the Greenbelt, yet the Government of Ontario is planning to carve 7,400 acres out of the Greenbelt. The proposal violates the commitments made in the democratic election of 2022 and before, and have shocked and outraged Ontarians of all stripes, and for good reason.\nBroken promises are offensive in their own right. People have every reason to be angry about the attack on the Greenbelt.\nThe government\u2019s purported rationale \u2013 that the land is needed to solve the housing crisis \u2013 is untrue, as stated by the governments own task force on housing. Land supply is not the issue.\nThe amount of land already designated for development far exceeds what is needed to meet long-range housing targets. That includes 86,500 acres within the Greater Toronto and Hamilton Area alone.\nRemoval of the land also creates a precedent that will lead to speculation and constant demand for additional changes. This is what the Greenbelt Plan was designed to prevent.\nProtected landscape including farmland and natural areas need to remain conserved. These amendments to remove lands should be rejected. Adding to the Greenbelt protected landscape the river valleys and as well as the Paris-Galt Moraine lands should proceed.\n"
    },
    "78162": {
        "url": "/comment/78162",
        "comment": "I am writing, as a resident of Oro-Medonte, to express my dismay, even anger, at your government's choice to favour development and expediency over the protection of our habitat (yes, ours meaning humans), agriculture and rural areas, our watershed, green canopy, lake systems and countless other natural and necessary systems facing potential destruction by this short-sighted and wrong-headed policy/legislative direction.\nThe effects of human over-population and unchecked, aggressive growth continue to manifest in obvious ways - do I need to name them? Increasingly significantly swings in our climate, increasing numbers of natural disasters not only in other countries but here in Canada, Ontario even, human health consequences, shortage and increasing cost of foods (have you even tried to buy lettuce lately??!)..\nYour government has done nothing to mitigate these issues and, now, with this and other legislation, condones the continued deterioration of our lands, our province, our health and our children's futures.\nYes, housing is a problem, but your government has not provided a solution - just created more problems. Your government's policies continue to cater to that 1% of the population that already has what they need, and developers who are only out to make money. Further, removing restrictions, taxes and financial obligations on developers enriches only them, not the people of Ontario.\nThe issues arising from your government's poor vision are a legion.\n"
    },
    "78163": {
        "url": "/comment/78163",
        "comment": "The proposed changes dramatically degrade Ontario\u2019s environmental protections and set a dangerous precedent for disregarding long-term environment impacts in favour of short-term gains. Yes, we need to increase our housing, but not at the expense of our long-standing, protected natural zones. These areas must be safeguarded for future generations and for the wildlife who call them home.\nPlease, do not put human needs before the environment. We have already done enough damage to Ontario\u2019s forests and natural areas. Instead, continue to increase density in urban and suburban areas through multi-unit construction.\nYour grandchildren will thank you for preserving these spaces and protecting our planet.\n"
    },
    "78167": {
        "url": "/comment/78167",
        "comment": "\u201c There are 78 species at risk, including 25 plants, 25 birds, 12 reptiles, 6 fish, 5 mammals, 2 butterflies, 2 amphibians, and 1 dragonfly.\u201d\nThis came from the Greenbelt website today. I have searched high and low in this proposal to find the expected outcomes for these species if we were to convert protected wildlife habitat into homes. What is the ecology of these regions? Do these regions provide habitat to the species at risk? Are these areas important corridors for organisms in the area? What kind of forests would we need to remove to build these homes? How would these homes effect the hydrology of the regions? Why is it necessary to amend acts and tamper with what little natural areas we have left in this part of Ontario? Will these homes be community housing and publicly funded to deal with the poverty crisis for low income families who have trouble finding homes? Or will these homes start at 1 million and have 3 acre plots? There is not enough information in this proposal to make an informed decision, therefore I do not support this proposal.\n"
    },
    "78170": {
        "url": "/comment/78170",
        "comment": "I write to express my opposition to Bill 23 More Homes Built Faster.  Without completing the assessment of the negative impacts to agriculture, flood plains, biodiversity, and climate change the passing of this Bill seems premature.  Although this government explicitly stated during the election campaign that the greenbelt lands would not be developed, the need for it is now being laid at the feet of the Federal Liberals  - a result of their desire to bring immigrants to Canada.  Without doing the analysis to see whether greater housing density on lands already approved for development would accommodate the new residents I do not see how the two can be linked.  And I would be interested to know if there was discussion with the Federal Liberals about how all of our immigration goals could be accommodated within our equally important need to reduce our carbon footprint.\nOf further concern, it seems that many who now stand to benefit were quite certain that these election promises would be reversed.  I am referring to the greenbelt lands purchased by developers since this government was re-elected.  To reward these land speculators is to invite more of the same behaviour and can only lead to urban sprawl that has already lost much of the farmland in Ontario.\nForward thinking communities around the world are increasing housing density to create opportunities for people to leverage shopping, entertainment and work that is close to home and accessible via active and public transport.  In contrast building on the greenbelt makes our climate change goals less achievable through an ongoing focus on the single-family detached home with the requisite dependency on the car and the inevitable building of more roads.\nThis bodes ill for all of us that will pay for it through increased taxes (to support the infrastructure and development charges that developers will no longer pay), and reduced food security (as we eat into what little agricultural land we still have in Ontario).  It will be left to future governments to take bolder steps that will be needed to achieve carbon reduction targets.  It seems that these will not be advanced through the term of this government and that is a shame.\n"
    },
    "78171": {
        "url": "/comment/78171",
        "comment": "1. Prime agricultural land is a non-renewable resource. Paving it over impacts food security.\n2. We need to focus on increasing development within existing urban boundaries. Beautify cities, make them walkable, and they will be vibrant and exciting places to live.\n3. Voters will never forget this grave mistake by the Ford Conservatives. The corruption is so evident and sickening.\n4. Subsidizing suburbia and sprawl bankrupts municipalities. There is an excellent video about this phenomenon on the \"Not Just Bikes\" YouTube channel.\n"
    },
    "78173": {
        "url": "/comment/78173",
        "comment": "The Greenbelt protects prime agricultural land, important natural areas, and a source of drinking water for many Ontario communities. Opening the Greenbelt to development will only benefit big developers (especially those who recently purchased lands in the Greenbelt).  An attached letter of opposition to opening the Greenbelt to housing development outlines my reasoning.   Key points include:\nThe need has not been demonstrated for lands to be opened in the greenbelt for housing. The government is ignoring its own commissioned report of the Ontario Housing Affordability Task Force which stated that: \u201ca shortage of land isn\u2019t the cause of the problem. Land is available, both inside the existing built-up areas and on undeveloped land outside greenbelts.\u201d\nThe province has not provided any criteria for determining the rationale behind the parcels being recommended for removal. Any contemplation of removing lands from the greenbelt should be subject to a thorough and transparent evaluation and using criteria established by experts, not developers\u2019 desires and quid pro quos.\nThe greenbelt is a system that ensures clean and abundant drinking water, cleans our air, assists in flood management, provides linkages for wildlife, plants and people, and \u2013 this can not be replaced by infrastructure or only at significantly higher costs.\nDevelopment interests see the greenbelt as a barrier to growth but we should see it as supporting our growth and make our communities livable, successful and climate resilient.\nAs no criteria were used or disclosed that supported the selection of these properties it will be very difficult to stem the tide of future requests.\nTrading lands simply won't work.\n"
    },
    "78174": {
        "url": "/comment/78174",
        "comment": "Go back to the drawing board and rethink this egregious plan.  Premier Ford again has lied to the people of Ontario.  He said he would NEVER permit development in the Greenbelt.  Does this man understand nothing?  Sure we need more housing but not in the Greenbelt.  He hides behind the phrase \u2018affordable\u2019 housing but these will be regular high cost homes.  There will be more cars on the road because obviously Ford\u2019s government is not going to find public transit in that area.  Ford must know that people are very angry about this and his already tarnished reputation will only get worse.  He also must know that people believe he is lying about his cosy relationship with the developers, who have donated considerable amounts of money to his party\u2019s campaigns.\n"
    },
    "78177": {
        "url": "/comment/78177",
        "comment": "Rescind Bill 23.\nThe Greenbelt must remain intact in perpetuity. The Greenbelt is a natural asset critical to the health of everyone in Southern Ontario. We depend on quality water in our urban rivers and rich agricultural land for food growing. We must also protect the many species of wildlife who inhabit the The Greenbelt.\nCreating more urban sprawl is a misguided policy direction. We must intensify by building up and not out and within existing urban boundaries where there is access to transportation and services. The government's own Housing Task Force stated there is \"no shortage of developable land in Ontario.\"\nMore sprawl is completely irresponsible given the climate crisis we are facing globally.\nThere is no evidence that Bill 23 will address the lack of affordable housing - a critical issue for many families in Southern Ontario.\nAs an Ontario taxpayer, I do not want my tax dollars spent to subsidize builders.\nOver the past several weeks, there have been numerous protests and petitions signed denouncing Bill 23.\nI want Premier Ford and the Conservative government to listen to the citizens of Ontario and rescind Bill 23.\n"
    }
}