{
    "66372": {
        "url": "/comment/66372",
        "comment": "Ontario does not have a need for more McMansions, especially built on important and protected land. Doug Ford should look to implement better regulations to prevent sky-high rental prices and property hoarding, and take a stand against slumlords. Convert office and commercial buildings that are no longer needed in today's work-from-home reality to affordable housing for those who really need it. Do something about properties remaining vacant amidst a growing housing crisis. Protect renters and stop over empowering landlords and corporations.\n"
    },
    "66373": {
        "url": "/comment/66373",
        "comment": "We require stable natural land. The greenbelt was preserved for the sake of climate and hhabitatcontroland I do not support any changes to this land for industrial or housing development now or in the future. There are plenty of alternatives to ensure adequate housing that do not include destroying the nature we have been preserving.\n"
    },
    "66378": {
        "url": "/comment/66378",
        "comment": "Hello,\nI would like to say that I think Doug Ford is foolish for trying to build on the green belt when he has already in the past said that he wouldn\u2019t. There are many different options for more housing in other areas of Ontario. Not to mention the fact that any house built in the green belt will only be affordable by the rich, the green belt is a marsh and it will flood making the area not a great place for houses. It is a huge detriment to our wildlife all in the pursuit of getting richer.\n"
    },
    "66379": {
        "url": "/comment/66379",
        "comment": "It seems that these additions are too specific as if targeting certain lands and developments that are held up in the belt area therefore benefiting someone in particular or some entity. How will you achieve transparency in choosing where to remove and add? What are the statistics and data behind choosing the areas you designated as addition or removal? As it stands it does not look like this was a study based on the natural path of conservation or green belt requirement to save natural lands or farms.\n"
    },
    "66383": {
        "url": "/comment/66383",
        "comment": "Reducing environmental protections and pushing forward with highways that support Ford's friends and large corporations will not help Ontarians. This is just one morally corrupt individual take more for his morally corrupt friends. Ontarians do not want this and Ford himself had stated he wasn't going to do this. This is not the correct way forward, please do not proceed with these proposals.\n"
    },
    "66384": {
        "url": "/comment/66384",
        "comment": "I am against the proposed changes that will allow development of the green belt. I am also against the removal of the conservation authority review of land development proposals.\nDoug Ford you promised you listened to the people when it was clear we want the green belt protected. Look to repurposing lands that already have development that is vacant or can support expanding development on their existing properties.\n"
    },
    "66386": {
        "url": "/comment/66386",
        "comment": "This plan requires destroying wild life habitat. We should be aiming to create more green spaces and trying to find ways to increase habitat and protect the environment instead of destroying it. We should be using evidence based approaches to figure out the best way to improve our society (hint building more highways actually leads to more traffic, the way to reduce traffic is housing density and public transit).\n"
    },
    "66389": {
        "url": "/comment/66389",
        "comment": "It\u2019s truly devastating to see that this is something being proposed right now. The last thing this world needs is more protected land getting destroyed and developed for profit. There is more than enough space currently not in use to figure out a way to build more housing for Ontario citizens. There are plenty of empty schools, malls, office buildings, and run down homes that can be renovated and/repurposed to provide homes for our citizens. There is absolutely no need to destroy what makes our province and country beautiful. We have to protect our land and use what is currently at our disposal - be creative with what we have to maintain the integrity of our country as a whole. The Greenbelt is an integral part of our ecosystem and messing with it will cause irreparable damage throughout more than just our province. There are planners out there that have brilliant ideas on keeping our space as green as possible while also allowing for our province to grow and house everyone that lives here.  There have been so many businesses shutting down because of Covid leaving buildings sitting empty with owners desperately trying to find tenants to fill their spaces. Why not propose the land owners a grant, for example, to renovate their spaces specifically into low income units if they can finish those conversions by 2025? Citizens on long term disability cannot afford market rent right now. Is there not a way to allocate more funds to those individuals so they can afford the homes that are sitting empty because of the current price of rent?  We could also bring back the rental increase freeze until 2025. This would help mitigate costs of those on the verge of losing their homes due to not being able to afford their rent for much longer. There are plenty of spaces out there waiting for the opportunity to be converted to good use. There are countless inhabitable homes and apartments but the problem extends far beyond just the physical space it takes to house the 1.5 million people that are being projected. Land owners are watching their investment properties get destroyed in front of their eyes and are unable to do anything about it because when the police are called, these people are not properly held accountable, they are released far too quickly and go back out and do it again the next day. Owners can\u2019t keep dishing out tens of thousands of dollars into this vicious cycle so they keep their places empty in hopes to sell to the next person and the cycle continues. It\u2019s not just the space that\u2019s needed, it\u2019s reform in many areas of our broken system. It\u2019s not about fixing this as fast as possible. It should be about fixing the foundation of this issue the right way so it doesn\u2019t arise again 5 years from now. It\u2019s time for real, positive change that help our communities thrive, not destroy what little of our beautiful lands we have left.\n"
    },
    "66393": {
        "url": "/comment/66393",
        "comment": "The green belt is an important part of Ontario that is a habitat for wildlife, helps to prevent flooding, give us clean air to breathe and much more. It needs to be protected and there are other urban areas in the province that can be repurposed to help the housing crisis. Plus if Mr. Ford was being honest that housing with be for the wealthy who already have luxurious homes who don\u2019t need further housing. Our environment, wild life, and farm land is so much more important, please don\u2019t do this to Ontario.\n"
    }
}