{
    "74058": {
        "url": "/comment/74058",
        "comment": "The Greenbelt should not be touched for the purpose of building housing or building highways. Municipalities should be encouraged to adjust their zoning regulations to allow for more dense building within existing neighbourhoods. We are in a climate crisis, and should be looking to implement strategies to reduce urban sprawl and personal vehicle dependence. There should be an emphasis on 15-minute neighbourhoods, bicycle and public transportation infrastructure and densification of existing neighbourhoods.\n"
    },
    "74059": {
        "url": "/comment/74059",
        "comment": "The proposed changes to Greenbelt will not achieve the governments aims, unless those aims are to create more urban sprawl, generate more wealth for land developers, put more burden on taxpayers of affected municipalities, generate more commuter traffic and associated congestion and greenhouse gas emissions.\nif the government wants to provide housing for your people and new immigrants it must direct development up not out. Density must be increased in areas where there are jobs and where municipalities can afford to provide active transportation and transit infrastructure needed to get people out of cars.\nExpanding the urban boundaries as proposed is a return to the disastrous policies of the past  that have proven to be unsustainable.\nCancel this Bill.\n"
    },
    "74071": {
        "url": "/comment/74071",
        "comment": "The Greenbelt is precious to Ontario. The environment and wildlife depend on the Greenbelt. It is unacceptable to use the housing crisis as an excuse to take away precious land. It is clear that this plan will not fix the housing crisis issue. Please, KEEP YOUR ELECTION PROMISE AND LEAVE THE GREENBELT ALONE. Run for Premier again and make building on the Greenbelt part of your electoral promises and allow the electorate to decide. Once this land is taken away, we wont get it back. Ontarians dont want this. Please.\n"
    },
    "74072": {
        "url": "/comment/74072",
        "comment": "I oppose this plan to open up the green belt for development in a so called \"land swap\". The green belt was established with the intention that it would be untouchable land - land that exists for the enjoyment and protection of future generations, such as from flooding.\nA land shortage is not the cause of this housing crisis. To imply so in the second largest country in the world with an extremely low population density is ridiculous.\nA shortage of single family homes is not the cause of this housing crisis. These homes aren't affordable for those currently excluded from the housing market. Sprawl will not save us, it will only hurt the environment and continue to systemically exclude a class of people from accessing housing.\nThis is a dangerous precedent to set. What will stop the green belt from being open again? And again? I oppose this idea and call on Doug Ford and his government to backstep, as they did only a few years ago, and respect the green belt. I call on this government to respect his promise to never touch the green belt.\n"
    },
    "74074": {
        "url": "/comment/74074",
        "comment": "Regarding the Green Belt, there is already enough room in the areas Zoned for future housing to meet the Housing Requirements that Premier Doug Ford has planned, without opening up the Green Belt.  This approach makes a mockery of all the time, resources and money spent in establishing Regional and Local Official Plans. We all agree on the need for additional housing. If the Premier felt he needed to force the issue, then he needed to drop the hammer on all the municipal governments to speed up development in existing designated areas and utilize available tools including infilling, rather than letting developer friends / financial supporters develop new lands that were never in the scope for development. This smells of hypocrisy if not downright corruption. It will take many years for the Premier to clear the air from this stink. This decision has obliterated years of effort on the part of local and regional councils, municipal and provincial planning departments, communities and environmental  stakeholders.\nRegarding Lake and River frontage, the potential impact of Bill 23 (doing away with Site Planning for developments of 10 or less housing units) on shorelines, water quality and fish and wildlife habitat is enormous. Regional  local councils in our Riding have worked to plan for development that is environmentally sustainable,  for the one substantial resource we have is the natural environment and landscapes (forests, lakes and rivers) that attract the cottagers, tourists and recreational resorts that in turn is the meat for the many businesses, contractors and developers. We are killing the golden goose if we fail to ensure sustainable development. Development CAN BE ACHIEVED sustainably with no additional expense provided we approach it with the right mindset and effort is directed to it. I can validate this as I have worked my entire career in the field of environmental sustainability and reducing impacts.\nIt would appear that this Bill was slapped together without due consideration for any other factors other than total number of housing units that can be built and certainly with no due respect for existing planning and environmental regulations.  Shame on Doug Ford and the PC Party for acting so autocratically.\n"
    },
    "74076": {
        "url": "/comment/74076",
        "comment": "Ford's green belt plan is a bad idea. These houses will do nothing for our shortage and even worse will destroy our green areas and increase our Urban sprawl issues. We need more adequate housing built in places with dense populations. The last thing the average Canadian needs is another developer nickle and diming us when interest rates are sky high and inflation is strangling the middle class.\n"
    },
    "74077": {
        "url": "/comment/74077",
        "comment": "Ontario\u2019s Planning Act, The Provincial Policy Statement and other plans such as A Place to Grow: Growth plan for the Greater Golden Horseshoe and The Greenbelt Plan inform Ontario Municipalities in creating Official Plans and take into account population growth so Ford\u2019s position that the Greenbelt needs to be altered to accommodate the next three years of immigration lacks merit. Conversely if we assume that Ford\u2019s position is legitimate then the Feds need to re-think immigration. With the world on the brink of climate catastrophy using environmentally important, agricultural and protected lands to accommodate something the government has complete control over (immigration levels) is ill advised.\n"
    },
    "74078": {
        "url": "/comment/74078",
        "comment": "The Greenbelt must not be chopped up even if the justification is for more housing. Premier Ford and Minister Clark repeatedly have stated that it would not be opened up for construction. These promises were made as recently as the latest election, a time when the current state of the housing issues would have already been known. Yet they made these \"promises\" as they knew that the carving up of the greenbelt for development would only be truly accepted by those who will gain to financially benefit from it.\nAs a young adult looking towards my future, I truly understand the struggle of wanting to be a homeowner. But carving up the Greenbelt to build more multimillion dollar homes will not help me achieve that dream. We need more beginner properties, be that smaller homes or more affordable apartments. This can definitely be furthered by actually working with the municipal governments. Cities such as Hamilton put forward plans and proposals that would ensure adequate housing to meet the growing population needs without having to sprawl. So why are they being ORDERED to sprawl into the greenbelt if it is not necessary. The government should at the bare minimum be keeping their promise, and working to fill the housing with these workable plans and only then if there is still not enough supply, consider looking at other options.\nThe Greenbelt is important for helping mitigate the effects of climate change and providing food security for the people of Ontario. Damaging effects in both of those are not things that the current government nor the benefiting developers will truly experience but my generation and my future children along with generations to come after them will. If Mr. Ford truly cares about the people of Ontario he will care about ALL the people of Ontario and look to the future in considering how he proceeds with the province we live in. Once the Greenbelt is opened up for development, what is to stop more and more of it from being opened up under the same pretences. What happens when the farmland is gone and we are no longer food secure? What happens when the marshlands are paved over and can no longer contribute to flood prevention? What happens when we no longer have greenspace to help with both mental well being and reduction of heat bubbles? We can't go back and undo the development once it has been done and saying we need to build in the greenbelt just because that is where the infastructure already is is ludacrious. The current infastructure is there because historically the area was the best farmland available and near waterways with no true means of being able to build elsewhere. We have already paved over great quantities of this farmland and do not have more that can be gained. It is great the province is proposing adding more, already protected, land to the greenbelt but if it can so easily just be removed then what is the point? Do we just keep \"adding\" to it while taking away until the greenbelt is just the encircling Canadian shield?\nIf Mr. Ford says we need the housing, and he says we need to build it where the infrastructure already exists and we absolutely cannot build any more in the current urban limits then he should consider looking at that very Canadian shield. The rocky landscape does not have as much to lose if it is paved over for development. Expand the city of Sudbury, or Thunder Bay. Or if the government would truly like to set a global example of what Ontario can achieve, and great a multitude of more job opportunities, build a brand new city in the north. A planned, from scratch urban centre of the future. But we must leave the Greenbelt alone!\n"
    },
    "74080": {
        "url": "/comment/74080",
        "comment": "This proposal is an absolute sham and borderline criminal. It is particularly insulting as it stands to enrich developers with NO GUARANTEE of benefits to the public. PUBLIC LAND SHOULD SERVE THE PUBLIC. If it is to be developed, it should be guaranteed community housing / afforbable housing. At the very least it should be offered to first time home owners and those struggling to enter the housing market. It should NOT be developed into unaffordable homes that will be bought up by investors and rented back to the general population at outrageous - and uncapped - prices.\n"
    },
    "74082": {
        "url": "/comment/74082",
        "comment": "Dear ERO,\nBill 23 is wrong in so many ways. It\u2019s wrong because it is entirely unnecessary. Over 85,000 acres of land are available outside the Greenbelt on which to build housing. Thousands of new housing units have been approved but are not being built. There is also lots of room and opportunity to build inside our cities and towns with gentle densities and near where people want to live.\nIt\u2019s wrong because much of the land being swapped into the Greenbelt is already protected \u2014 a smoke screen and a game of math gone awry.\nIt\u2019s wrong because this action will not create affordable housing. Homes in these very pretty locations will cost $1.5+ million.\nIt\u2019s wrong because we need rich and productive places to grow food, and wetlands to safeguard water sources.\nIt\u2019s wrong because Premier Ford changed his tune and lied. Premier Ford previously declared his love for the Greenbelt \u2013 including in a now deleted tweet: \u201cI listened to the people, and we are not touching the Greenbelt.\u201d\nIt\u2019s wrong because municipal budgets are already stretched, and the low-density housing planned for these sites is too expensive. The tax base is more efficient if housing is built inside cities \u2014 where infrastructure already exists \u2014 and tax rates can be kept lower because more housing units are built on each acre of land.\nIt's wrong because we are in a climate emergency and in order to ensure a safe, livable, healthy Ontario for our children and grandchildren Bill 23 must not be passed.\n"
    },
    "74084": {
        "url": "/comment/74084",
        "comment": "Dear Ontario Government/Ford Government\nI vehemently oppose any plans to build on the Ontario greenbelt.\nBuilding in the greenbelt makes absolutely zero sense and only serves to damage the future of Ontario irreparablely and enrich a few terrible developers.\nI side with the Architects who oppose any construction on the Ontario greenbelt. As rhey stated - this does not help Ontario hous8ng problems. It only makes them worse.\nDo the right thing.\nKill the bill to build on any portion of the greenbelt.\n"
    },
    "74089": {
        "url": "/comment/74089",
        "comment": "Do not develop the Green Belt. Do not do it.\nWhat is the cost of supporting and maintaining the highways, what will be the municipal taxes required to support the infrastructure in these areas.\nwhat is the risk assessment for flooding, who wants to buy houses for 1M and then not be able to sell them because they are in flood prone areas?\nwhat is the cost of supporting these areas with emergency services and police?\nWhich hospitals and schools will need to built to support these communities? Whose paying for that?\nWhich electoral areas will these areas represent? Who will pay for that?\nHow much will garbage services in this area be?\nHow will these areas be supported by local businesses?\nHow many teachers will need to move to that area to support the school system there?\nHow many new catholic and non catholic schools and high schools need to be built?\nLibraries, etc\nDo we have to pay to subsidize transit in a place no one can reach?\nhow come we aren't densifying our current suburbs to improve transit efficiency? Infrastructures are already built and paid for, just need to tear down areas in our GTA that haven't flourished and create denser cities.\nIncreasing density of our suburbs means more business for our local businesses\nIncreasing density means needing more staff at a single hospital, then spreading them out over several hospitals.\nIncreasing density will decrease the taxes per person for the same space, for police, for fire services, for plowing services, for maintenance etc.\nWe already have problems with class sizes in schools today, now we have to send them out to the green belt to cover those areas too?\n"
    },
    "74090": {
        "url": "/comment/74090",
        "comment": "I do not support the Proposed Amendments to the Greenbelt Plan. I think that the government of Ontario should redirect their attention and resources to the significant issues that are occurring in the places where people are already living, and which are causing the problems with affordable and reliable housing. By focusing on affordable housing infrastructure in cities and towns the government could revitalize these important cultural places, rather than disrupt and destroy the little there is left of Ontario's natural landscapes.\n"
    }
}