{
    "68658": {
        "url": "/comment/68658",
        "comment": "DO NOT override the green belt for housing. People need compact, middle and high density housing in areas where people\u2019s jobs and the infrastructure supporting their lives exist (urban areas, cities and towns, etc), not in conserved green space!\nPlease instead consider requiring more affordable units in current planned developments and not letting developers buy their way out of creating dignified, affordable and sustainable long term housing. Expand access to laneway suites, lot subdividing and other ways that people can share their property and grow density.\n"
    },
    "68659": {
        "url": "/comment/68659",
        "comment": "You have already broken so many promises and people are really struggling in Ontario. It would be deceitful and harmful to follow through with any sort of development in the green belt. Please stay true to your word on this for everyone's sake. I'm a young woman in my mid twenties who works in agriculture. I want to see a better Ontario and this is not how you do that. Please leave what we have left of natural spaces alone.\n"
    },
    "68666": {
        "url": "/comment/68666",
        "comment": "Thank you in advance for reviewing my submission.\nForgive me for being blunt, but this bill is hot garbage being disguised as an attempt to alleviate the housing need. In reality its just gutting municipal and environmental authorities in their planning processes.\nThat in tandem with bill 109, it's very evident that Mr Doug Ford is just pandering to his lackies in the construction/ development sector. It's horrible and scary and I completely disagree with this approach\nThis is politicking at it's very worst. The idea that building 1.5M houses will solve a housing crisis or make housing affordable is foolish. I am unsure whether economic advisors just haven't been consulted or if your heads are in the sand. Politicians are just looking for a flashy gesture that looks good in the paper.\nA better approach would be to recognize and highlight that owning real estate is a privilege not a right. Toronto is the 3rd largest city in N America (excluding Mexico City) and the idea that an average two income household should be able to buy here is silly. New York, LA, London, Hong Kong, Tokyo - there are our peers and you need to have a high income to buy anywhere close to these.\nFind other solutions:\n- allow houses to be subdivided and sold as units. See London UK for a working model over 30 years old\n- encourage developers who want to build and own rental blocks NOT just low quality condos where developers can walk away scott free passing all problems to the new owners.\n- Have these purpose built rental buildings have a mandatory section of rent controlled Lower income housing. Again, London UK has a working model of this for years\nThis all stems back to ownership is a privilege not a right. Change people's mind sets. Over 50% of the German population rents their entire life. It is normal.\nBill 23 is a travesty and I'll be horrified if it goes through. Politicians should focus on the greater good, not their current term and some short term headlines. Sacrificing our environment for not even a band aid fix is awful.\nI would be happy to be contacted by someone if they wanted an opinion\n"
    },
    "68667": {
        "url": "/comment/68667",
        "comment": "I am totally opposed to any development on lands in the Greenbelt.  This is a precious area which stores carbon, mitigates flooding, and supports many species which are at risk.  Add to the Greenbelt by all means for the health and wellbeing of all Ontarians.  Affordable housing must be built within existing urban boundaries serviced by public transit.\n"
    },
    "68669": {
        "url": "/comment/68669",
        "comment": "This is not responsible growth. Eradicating areas of protected green belt is not a needed solution or strategy and will cause irreversible damage to local watersheds and biodiversity. Building upwards, and seeking out inefficiencies/underused areas within existing boundaries/municipalities is a safer, more sustainable option - it may not line the pockets of the premier\u2019s buddies in development, hence the lack of focus on these logical options, but redrawing the green belt boundaries cannot happen.\n"
    },
    "68670": {
        "url": "/comment/68670",
        "comment": "This is a horrible idea. Ontario already lacks fresh air and nature. Doing this will bring down the desirability of living in Ontario and the extra housing is just not worth the loss of nature that the government is willing to have. This will definitely cause them to lose my vote in the next election.\n"
    },
    "68676": {
        "url": "/comment/68676",
        "comment": "We are losing green areas at every turn. There were promises made to ensure the protection of the greenbelt which would thus be broken by the removal of these areas. Climate change is detrimentally effecting all of our natural areas and the areas we have the control to protect and preserve are of utmost importance. Wildlife deserves to have a home and as humans we must protect this right.\nI ask that the greenbelt remains unchanged and does not lose any lands. In all reality, we should be adding to the green belt and protecting all the wild areas and nature we can.\n"
    },
    "68679": {
        "url": "/comment/68679",
        "comment": "I am in support of the proposed amendments to the Greenbelt Plan to meet the housing needs. I also feel there needs to be an amendment added that addresses Greenbelt lands that do not meet the criteria. There are lands in the Greenbelt that should not have been put in and that do not meet the criteria for that zoning. A thorough and objective review of Greenbelt lands is needed to address the justified properties that should be removed.\n"
    },
    "68682": {
        "url": "/comment/68682",
        "comment": "The green belt needs to be preserved. Outward expansion makes housing that cannot sustain itself economically or environmentally. It will place a burden on our tax system. The connections between the Conservative party and the housing contractors cannot be ignored. Density while focusing on better public transportation is the nessesary future. Save the green belt.\n"
    }
}