{
    "78356": {
        "url": "/comment/78356",
        "comment": "Removing part of the green belt to build more homes will be detrimental to our society. This green belt is the main land for fruit and vegetable growth in Ontario. If COVID have taught us nothing it should have made our country more aware of the need to be self sustainable. We can not count on other countries to supply us with basic needs such as fresh fruits and vegetables. There is more than enough \u201cland\u201d to build houses on in our province that does not affect our sustainability. Realistically- the best land to build housing on is the land that is not productive or viable for food sources. It\u2019s a shame that for decades our government has allowed the purchase of so many old family farms to develop.\nI also find it rather interesting how the land was sold just weeks before the proposed change. This is yet another instance where the government officials that we should trust to lead us are capitalizing and helping out their already wealthy friends and family. I am so sad at what our province and country have become over the last few years. We need to wake up and realize that if we are going to flourish as a country, we need to be more sustainable\u2026and taking away our green belt for more homes is the exact opposite direction our province needs to take.\n"
    },
    "78361": {
        "url": "/comment/78361",
        "comment": "I am environmental science student at the University of Waterloo. I have also seen homelessness first hand. Bill 23 is catastrophic for the ecosystem services of the greenbelt. Once development begins, we cannot restore that land. Ecosystem services support the health of the people AND environment. I implore you to consider whether other options cannot be explored, such as using existing buildings to address the housing crisis. Climate change is a reality. Subduing our ability to cope with it is another nail in the coffin.\n"
    },
    "78362": {
        "url": "/comment/78362",
        "comment": "The proposal in Bill 23 to remove lands from the Greenbelt in order to develop them is short-sighted and will not help alleviate the housing crisis. All this plan will accomplish is some short-term money-making for developers, while paving over lands that are important for farming and for flood control. Instead, Ontario should focus efforts on urban intensification, affordable housing, and smart city planning that considers the importance of Greenbelt areas for protection of the future. Widespread urban wastelands will do nothing to help our children and grandchildren deal with the effects of climate change.\nThis bill will also be costly for municipal governments and individual citizens.\nPlease reconsider. This is a harmful bill that is most certainly not \u201cfor the people\u201d.\n"
    },
    "78363": {
        "url": "/comment/78363",
        "comment": "Dear Premier Ford\nPlease think about the future and STOP what you and your government are proposing for the Greenbelt.  Do not renege on your promise -- why continue to disappoint when you can keep your word and be a good person?\nI know you have it in you; you're human, after all.\nNO Bill 23. NO highway 413.\n"
    },
    "78365": {
        "url": "/comment/78365",
        "comment": "Instead of developing environmentally sensitive lands critical to safeguarding drinking water and agricultural production, the focus should be on making better use of the land that is ready for housing now.\nThe province should rethink its proposal given:\n1.  The strong opposition from various stakeholders and the fact that the province\u2019s own Housing Affordability Task Force and member municipalities\u2019 statistics show that the availability of land is not an issue.\n2.  The Province has not consulted with member municipalities affected by these amendments to the\nGreenbelt Plan.\n3.  The Province has not meaningfully engaged with Indigenous communities to ensure that their interests and concerns are addressed.  Consideration of the Crown\u2019s Duty to Consult must be part of the province\u2019s consultation.\n4.  The Province must work with the development industry to understand why the over 285,000 housing approved housing units across 19 large municipalities and others across the province have not begun construction.\n5.  The Province must finalize membership and begin meeting with the municipal co-chaired Housing\nSupply Action Plan Implementation Team announced in August 2022 to move forward on housing in collaboration with municipalities.\nThe Greenbelt proposals are a SOLUTION WITHOUT A PROBLEM.  The Province must implement the recommendations from the AMO and take the time to get this right.\n"
    },
    "78366": {
        "url": "/comment/78366",
        "comment": "I stand with all the communities on leaving our Green spaces alone! Especially the Niagara Region!!\nThere is more then enough space in other locations to build..or how about not build at all!!!\nIt sickens me to know that Doug Ford is re-negging on his promises. I don't know what that man is thinking lately but clearly it is all about personal gains $$$!\n"
    },
    "78367": {
        "url": "/comment/78367",
        "comment": "I strongly object to Bill 23- it is being rushed through without proper consultation or investigation. Why? In my view it appears to be for political gain and self interest. The long term effects on climate and environment are not considered. Again -why? And why were developers able to purchase these lands before legislative announcement of the properties in question- this smacks of something nefarious going on. Proper democratic process is being ignored. Government promises are being ignored. Stop!\n"
    },
    "78370": {
        "url": "/comment/78370",
        "comment": "As a born and raised Ontarian, I am deeply concerned about the Proposed Amendments to the Greenbelt Plan. Not only should more effort be put into increasing density and improving infrastructure in already developed areas, but the negative impacts on Ontario\u2019s environment will be lasting. These areas must be protected for the sake of the local wildlife, native vegetation and overall climate. I have yet to see evidence that developing on the Greenbelt, and furthering the sprawl, will lead to a better Ontario for all taxpayers and not just the developers. I urge that alternatives are sought for the development of new homes in Ontario -- whether that be adding low and mid-rises to developed ares or exploring areas further North and investing in infrastructure and businesses outside the GTHA that will minimize the need for commuting into Toronto. Thank you.\n"
    },
    "78372": {
        "url": "/comment/78372",
        "comment": "The green belt needs to be protected. The flood mitigation, wildlife habitat, and farm land is crucially important to the long term  wellness of Ontario.\nUnder no circumstances should it be developed, but especially not to build expensive homes that will like do nothing to help with the housing crisis.\nFord promised he would not touch the green belt. This is a promise that needs to be kept.\n"
    },
    "78375": {
        "url": "/comment/78375",
        "comment": "The conservative government of Ontario should keep its electoral promise to keep protecting the Greenbelt and to not develop it for any means. It plays a vital role as forests, farmland and wetlands in combatting climate change, providing habitat for all species including endangered ones and food for humans and all other species alike.  The current government is not respecting its citizens wants and wishes for our health and environment. It  does not have the right to take protected land from present and future generations of Canadians and cause immense environmental, health and socioeconomic problems for the whole population by \u00ab\u00a0developing\u00a0\u00bb such land for profit for a few selected individuals. It is a short sighted bandaid  solution to a problem that simply doesn\u2019t exist. There is already enough allotted  space needed for development for housing already  ( and we need to build up and by better- not out) and urban sprawl into a protected green zone is a horrendous \u00ab\u00a0solution\u00a0\u00bb ; it\u2019s a catastrophic error and one future generations will be furious and devastated by. This bill profits the few and private and will cost taxpayers more than just money. It will cost tax payers  more money which profiting private business whilst sacrificing our ecosystem where we all live. You cannot eat nor breathe money. The green belt is for all Ontariens and Canadians and the government. It is not for sale and not for profit.it is for all.\n"
    },
    "78376": {
        "url": "/comment/78376",
        "comment": "What this bill does to municipalities is destructive and backward in many ways from development charges to planning capabilities. The net result reduces capacity to provide affordable or attainable housing which is supposed to be the goal.\nDelivering any part of the Greenbelt to developers is sheer madness. It is a horrible precedent, works against wetlands, watersheds, habitat, species corridors, clean air and water, and violates promises made repeatedly by the premier. It is naked corruption and cronyism. Any trust Ontarions had in this government is eroded by this kind of undemocratic donor payoff!!\nThis government has been successfully sued too often at taxpayers expense! This is like The Gang That Couldn't Shoot Straight only not funny for us, the taxpayers. Bill 23 and 39 will result in even more law suits!\nI did not think a premier could be more hated by more people in Ontario than Mike Harris. From what I am hearing and seeing across the province now, I may be proven wrong!\n"
    },
    "78377": {
        "url": "/comment/78377",
        "comment": "On October 8th, 2021, the United Nations Human Rights Council passed the landmark Resolution 48/13 :, stating \u201cThe Council recognizes the right to a safe, clean, healthy and sustainable environment and encourages states to adopt policies for the enjoyment of the right to a safe, clean, healthy and sustainable environment\u201d . In response, the Government of Canada has proposed the Federal Bill S-5, Strengthening Environmental Protection for a Healthier Canada Act.   I urge the Government of Ontario to support and endorse the tenets of Bill S-5.\nAs of 2020, 84% of Ontarians consider the greenbelt a source of pride and 86% of Ontarians agree that it is one of the most important contributions of our generation to the future of Ontario. In addition, the Ontario government DID NOT CONSULT WITH INDIGENOUS STAKEHOLDERS. The federal government has stated that they will not compensate the provinces for housing built on floodplains, and while Ford has says this won't happen, the cuts the Ontario government has made to environment protections, research, and stewardship means they don't have accurate and updated data to see where the floodplains actually are!\nBill 23 will not solve the housing crisis, in addition, taxes of the municipalities affected will skyrocket. The only people who will benefit from this short-sighted bill are the wealthy developers.  This is not the answer to the housing crisis, to the climate crisis, and will only make matters worse for future generations of Ontarians.\n"
    },
    "78379": {
        "url": "/comment/78379",
        "comment": "Leave the Greenbelt alone as you previously said you would. Don't hand it over to developers as a thanks for their monetary support of the Conservative party (optics: that's really how it looks, especially when some developers purchased greenbelt land so soon before the announcement was made public). Maybe pay some attention to how many homes are off the market for long-term tenants thanks to Airbnb and other similar businesses. Listen to the wisdom of conservation authorities instead of taking away the powers they previously had solely to enable you to pave over greenbelt lands and wetlands without environmental oversight. Every turtle species in Ontario is endangered--your legacy if you pave over greenbelt and wetlands is that these turtles will become extinct in Ontario.\n"
    },
    "78380": {
        "url": "/comment/78380",
        "comment": "In respect to the removal of the green belt, I ask the government to stop this immediately. It is important not only to us but to our children to respect the green belt and have this space left untouched. Further more it has been brought to our attention that our property taxes will increase up to $600. As we are in trying times this will take away from providing the necessities to our children. Please make the right decision for all of Ontario and stop the removal of the greenbelt.\n"
    },
    "78381": {
        "url": "/comment/78381",
        "comment": "It is outrageous that we are even entertaining this idea. With the way our current climate catastrophe is progressing, we need to focus on REFORESTATION, densifying urban areas and stop urban sprawl at all costs. Developing the green belt is a bad idea for many reasons - the biggest being the impact on our environment and ability to thrive in a liveable planet. We deserve more for ourselves and future generations. Do NOT build on the green belt! We do not want this!\n"
    }
}