{
    "65950": {
        "url": "/comment/65950",
        "comment": "Instead of destroying the greenbelt, the province can address the significant number of properties that are currently vacant - empty office spaces downtown Toronto can be repurposed and turned into low income housing. We can also address the 1.3 million Canadian homes that are sitting empty. We need to utilize what is already built, and not allow our provincial green spaces to be destroyed.\n"
    },
    "65951": {
        "url": "/comment/65951",
        "comment": "This is an abhorrent idea. The Greenbelt needs to be protected, and the Conservation act was put in place out of a necessity to prevent these very acts. If the Greenbelt were to be developed, those developed areas would experience terrible floods. The damages would be expensive, and that\u2019s where you want to put people with lower incomes? This idea was clearly not thought through properly, and needs to stop immediately.\n"
    },
    "65952": {
        "url": "/comment/65952",
        "comment": "I do not support the use of protected land. The promise was made that the green belt wouldn't be touched and I would hope that it is upheld.\nI would like to instead see the use of empty buildings and vacant properties (not on the green belt) be used first. With creativity we can stand to both find areas for housing (not single home properties) and protect our green belt.\n"
    },
    "65953": {
        "url": "/comment/65953",
        "comment": "The idea that development of the green belt is anything other than just a short term economic gain for a handful of developers and not a huge threat to ecological stability for years and years to come is laughable.\nPlease consider alternative forms of development(high density housing) to address the need for additional housing in Ontario.\n"
    },
    "65954": {
        "url": "/comment/65954",
        "comment": "I am strongly opposed to this proposal, which breaks a key election promise by the Ford government. This is corrupt, will destroy ecosystems, and ultimately will be harmful to human wellbeing because it will put existing and new human developments at greater risk of flooding -- which ultimately will cost taxpayer money. Wetlands and forest help to prevent flooding when there is heavy rainfall. Over the last decade, the climate crisis has led to more heavy rainfall in Toronto. I have personally experienced flooding as a result of this.\nSave the greenbelt: Doug Ford promised he would keep it untouched and he is breaking his promise to the people to enrich his developer friends.\n"
    },
    "65956": {
        "url": "/comment/65956",
        "comment": "You're going to ruin our environment with the way you keep going. First the highway and now mansions? There are species that depend on those areas to live. What would help the population so much more is increasing public housing in any empty warehouse. People need somewhere to live. And ask the 407 to let transports use them to take them off commuter highways. Would save the average citizen more time than the 413. Give CUPE the deal they deserve so our education doesn't collapse too. Do what's best for the general population. Please.\n"
    },
    "65957": {
        "url": "/comment/65957",
        "comment": "As a citizen of Ontario as well as a registered voter I want to ensure that my local and provincial representatives know that I am against the proposed amendments to the Ontario green belt.  I am appalled that our elected officials would allow this destruction to occur to benefit a select few and further fuel their greed.\nThe proposed highway will have far too many environmental consequences to make it beneficial to anyone aside from Doug Ford\u2019s donors.\n"
    },
    "65959": {
        "url": "/comment/65959",
        "comment": "The Greenbelt is part of what makes Ontario, Ontario. Not only does it give families a place to go in each season to escape city/suburban life and see Ontario\u2019s natural beauty; but it is also an important tourist attraction. Sometimes used as a decision factor for newcomer families coming to Ontario.\nMr. Ford, please don\u2019t follow through with this. You have lied countless times to Ontario\u2019s people. At least keep the promise that you won\u2019t touch Ontario\u2019s greenbelt. Leave something for us to show our kids.\n"
    },
    "65960": {
        "url": "/comment/65960",
        "comment": "I\u2019m opposed to the development of the green belt:\n- That greenbelt protects us from apocalyptic flooding\n- the greenbelt it's composed of moraines, ecologically fragile/significant spaces\n- concentrate housing in areas with the infrastructure to support new residents\n- we must protect one of the most biologically rich areas in all of Canada\n- the health of the greenbelt affects the quality of drinking water for more than 7 million Canadians\n"
    },
    "65962": {
        "url": "/comment/65962",
        "comment": "I dissent this decision to open the green belt for development. This is vital space for wildlife, farming, and the ecosystem.\nThere is greater opportunity to reimagine spaces in the Toronto downtown core with vacant office buildings that can be transformed into high density low income housing.\nDevelopment of the green belt will benefit few people and will have lasting damage for many in this province. Our green spaces are vital for health, agriculture, and conservation efforts.\n"
    },
    "65967": {
        "url": "/comment/65967",
        "comment": "I am against any development in the greenbelt. This area should be protected, and changes to those protections non-negotiable. There is plenty of alternatives to using the greenbelt, most notably redesigning/rezoning cities for better vertical development. This entire plan feels deceptive as the Ontario government stated they would not develop the greenbelt about a year ago.\n"
    },
    "65971": {
        "url": "/comment/65971",
        "comment": "As an Ontario resident, I am vehemently opposed to removing this important protected zone. We need to be building up rather than continuing to sprawl outwards. This will not fix housing prices, in the same way adding a new lane to the 401 every other year doesn\u2019t reduce traffic. We need denser, walkable cities and towns. Stop this madness. We will never get these precious ecosystems back.\n"
    },
    "65972": {
        "url": "/comment/65972",
        "comment": "As a resident of Ajax, Ontario, I do NOT want these precious lands to be developed. Over the 10 years that I have lived in south east Ajax, I have witnessed more and more displaced animals running amok. I have heard the worries of residents, concerned about flooding. My kids attend Carruthers Creek Public School, and it\u2019s namesake needs to remain protected. Please, rethink this devastating legislation. I do not support this and will not vote for anyone who does.\n"
    }
}