{
    "65037": {
        "url": "/comment/65037",
        "comment": "What about all the empty land in Toronto. You might not think there\u2019s much, but if you look, you\u2019ll see it everywhere.\nFurther, one of the best ideas out there is using school property to plunk down a tower. Tear down the school, put up a tower with a new school in the base. Did this on the North Toronto Secondary site. Imho worked out great. New condos for developers, new school for kids. And we all know the sorry shape of some schools.\n"
    },
    "65043": {
        "url": "/comment/65043",
        "comment": "Building over the green belt won\u2019t solve our housing issues. All it will accomplish is ruining our ecosystem, decimating the protected environment and organisms that inhabit it, and contributing to urban sprawl. Once this land is gone, there\u2019s no going back. Do not build over this land, it is not worth it. Many of us Canadians and Ontarians do not want this!\n"
    },
    "65044": {
        "url": "/comment/65044",
        "comment": "Please reconsider. Doesn't Ontario own hundreds of Vacant and Abandoned properties? Why not use those all first?\nAlso, if there is someone there who can help me with a project, I want to preserve the old fire systems in your old Abandoned buildings. St. Thomas Psychiatric Institute comes to mind. If so please respond to comment with an email I can reach someone with. I am dead serious, I work fire safety in Ontario. But also want to document and preserve history, and I know Ontario has a lot of old buildings. I think it's important to do so before we lose it all to demolition.\n"
    },
    "65047": {
        "url": "/comment/65047",
        "comment": "According to the Oak Ridges Moraine Conservation Plan (2017), \"The Greenbelt Plan, together with this\nPlan and the Niagara Escarpment Plan, identifies where urbanization should not occur in order to provide permanent protection to the agricultural land base and the ecological and hydrological features, areas and functions occurring on this landscape and found within the Oak Ridges Moraine.\nThese plans work in concert with Ontario\u2019s Climate Change Strategy, 2015, the government\u2019s commitment to meet its long-term targets to reduce greenhouse gas emissions. Protecting agricultural lands, water resources and natural areas, supporting the achievement of complete communities that are compact, walkable and, where appropriate, transit-supportive will help reduce greenhouse gas emissions and work towards low-carbon communities, and the long-term goals of net-zero communities.\nGreenhouse gas emissions can be offset by carbon sinks found in the Oak Ridges Moraine, which can include agricultural lands, green infrastructure and other natural areas.\"\nWe do not need to build houses on the Greenbelt to solve the housing crisis. We need to increase density where it currently exists and improve infrastructure, such as access to public transportation. If you build houses on the Greenbelt, you destroy it forever. In a time of climate emergency, it is imperative that we keep the Greenbelt in tact AS IT IS.\n"
    },
    "65048": {
        "url": "/comment/65048",
        "comment": "We don't need more places for development, there is plenty of land to develop without the greenbelt, and plenty of areas around larger cities that aren't being fully utilized. Rely on densification over short term income boosting developments. I don't know why we keep coming up with ideas that are so short-sighted.\n"
    },
    "65049": {
        "url": "/comment/65049",
        "comment": "I, a Canadian Citizen and resident of Ontario, would like to enter into record that I am vehemently opposed to these potential amendments.\nWhile I acknowledge the housing crisis is of utmost importance I emplore the government to look for solutions elsewhere.\nThe Ontario Green Belt is and should always remain a \"no go\" zone. These lands are preserved from development for a multitude of reasons, of which this Government should be very aware.\nKeep your hands off the Green Belt!\n"
    },
    "65050": {
        "url": "/comment/65050",
        "comment": "Preserving and ensuring access to green space, wetlands, and conservation areas is incredibly important for current and future generations. We should be increasing environmental and land protections as we enter an era of unprecedented climate change. Although housing is an important issue, so is preserving the greenbelt and our natural resources which include land, forestry, and wildlife. I do NOT support the amendments to the Greenbelt Plan. There is not enough information or evidence to suggest that the proposed amendments would be beneficial enough to justify the environmental and economic impact.\n"
    },
    "65054": {
        "url": "/comment/65054",
        "comment": "I think that this is a horrible idea. We know and see and feel the affects of climate change. There are going to be a trickle effect that happens, most importantly the displacement and destruction of natural wild habitats that exist along those areas. We just saw a coyote while my daughter was walking out dog. This is getting to be more and more of an issue because these animals do not have the space they need. To add to that - this was already discussed and Ontarian\u2019s were promised, assured that the green belt would remain as is. I believe it should not be touched and remain protected. There has to be other solutions that exist without further destroying natural protected spaces.\n"
    },
    "65061": {
        "url": "/comment/65061",
        "comment": "The proposed Greenbelt \"land swap\" will undermine the very fundamentals of the Greenbelt itself.\nWhile the ecological value of the parts of the Paris-Galt Moraine being proposed is unclear because the government is refusing to release any evidence to back up its plan, the very notion of \"land swaps\" of the Greenbelt undermine its permanency. A Greenbelt \"land swap\" creates an incredibly powerful precedent that will weaken the Greenbelt significantly and allow it to be eroded through a death by thousand cuts. In completely ignoring water flows and animal migration patterns, an arbitrary \"land swap\" neglects the importance of habitat connectivity. Land on the edges of the Greenbelt are just as important as what\u2019s at the centre. Moreover, the idea that the government can just \"swap\" Greenbelt land near Toronto for land further away means in the fullness of time, the Greenbelt will migrate. It will end up in northern Simcoe County or Oxford County if this pattern is continued.\nThis is nothing, but another ploy to grant developers with permits to profit from construction. The Housing Affordability Task Force reported earlier this year that \u201cA shortage of land isn\u2019t the cause of the problem ... Land is available, both inside the existing built-up areas and on undeveloped land outside greenbelts.\u201d\n"
    }
}