{
    "67703": {
        "url": "/comment/67703",
        "comment": "The proposal to strip 7400 acres from the green belt for housing is an environmental disaster in the making. Toronto has a high vacancy rate both in commercial and residential real estate. The transition to work from home will only result in the commercial vacancy rate increasing.  Those buildings can be developed into affordable housing without endangering the waterways and farmland that will ensure a better quality of life for future generations.\n"
    },
    "67706": {
        "url": "/comment/67706",
        "comment": "Hello, I respectfully ask that you DO NOT develop this protected land. Please DO NOT amend the Greenbelt Plan. It is absolutely unnecessary and not at all a popular option for the people of Ontario. Many people are against this and there seems to be evidence that this move is, in fact, motivated by financial gain for a few people as opposed to the betterment and benefit of the majority of Ontarians.  Do not develop on this land.\n"
    },
    "67708": {
        "url": "/comment/67708",
        "comment": "I am completely against any land swapping within the greenbelt. I am completely against any removal of any land from the greenbelt. I completely support the ADDITION of the proposed areas to the greenbelt, provided no land is removed from the greenbelt. The government should be expanding the greenbelt and protecting and enhancing the existing greenbelt. There is so much land that is within the greenbelt and is undeveloped or underdeveloped there is no need for further sprawl or highway expansions.\n"
    },
    "67709": {
        "url": "/comment/67709",
        "comment": "The Greenbelt is porptected land for a reason . We need our ecosystems intact and healthy if we want a futur for our children. Please look at other options for housing (ex. Empty buildings, land that can be used that is not protected, creating jobs in other areas of Ontario so people will live in different areas and not just in and around Toronto, etc.)\n"
    },
    "67710": {
        "url": "/comment/67710",
        "comment": "Doug Ford, this is a misuse of power. The only people who will be pleased with this are the ones who claim they will line your pockets. Your job is to represent the people of Ontario, and you are doing the worst job of it I have ever seen. Leave the greenbelt alone. It was established for a reason: to protect Ontario's natural resources from people like you and your developer \"friends\".\n"
    },
    "67716": {
        "url": "/comment/67716",
        "comment": "Dear Government of Ontario,\nDo NOT destroy the green belt. Do NOT build housing outside of the existing urban boundaries. We NEED the land, the water, the wetlands and conservation areas.\nDestruction of the green belt to build houses regardless of \u201creplacing\u201d lands with other parcels is reckless, an abuse of power, and decisions led by greed. There is ample room within existing urban boundaries to build. Governments have a responsibility to care for the land and the people. Saying that building on these protected lands, on the green belt is looking out for the people is a lie and must not be done.\n"
    },
    "67717": {
        "url": "/comment/67717",
        "comment": "This policy is atrocious and does not keep in mind the future impact of what building in the Greenbelt means. As we work towards reconciliation with First Nations, Inuit and M\u00e9tis communities, we should be honouring their teachings on this land that we now call Canada. One of the teachings focuses on the seven generations, which means thinking about our actions and the impacts they will have for our future as we often just reap rewards in the present (https://en.m.wikipedia.org/wiki/Seven_generation_sustainability).\nHave we consulted with other nations that have seen in influx of immigrants? Have we looked at what possibilities around high density living would like? Have we also considered having immigrants live in existing small towns surrounding the GTA with growth and job prospects being attractive draws?\nOnce this first revision to the plan is made, it is a slippery slope opening up this land to reckless decisions. This Greenbelt plan change seems like it\u2019s an easy ask without thinking about what the future seventh generation deserves.\n"
    },
    "67719": {
        "url": "/comment/67719",
        "comment": "With climate change continuing to have an impact across Canada, North America, and the world, we need to stop tearing down environmentally protected land. The proposed land swap provides zero additional benefit as this land the province will receive is already likely not developable or it would likely already be built on. The province would also not receive any money for the value of the land being given. Why? The minute you allow development on it, it should be given at a substantial value, certainly more than receiving sup-par land back. This will only benefit one party - the development industry. They will use this land to create a concrete jungle of oversized and overpriced homes that will only benefit those who can already afford homes. Instead of paving over the green belt, why not ask why thousands of homes that have received draft approval already, are not getting built!\n"
    },
    "67720": {
        "url": "/comment/67720",
        "comment": "DO NOT DO THIS!! Doug Ford only cares about his rich buddies. He does not care about the future of our province, our kids, the elderly, veterans, education or the environment. Please do not allow him to move forward with this awful proposal to open the green belt or that ridiculous highway. He said he wouldn\u2019t. He lies non stop. It\u2019s disgusting.\n"
    },
    "67727": {
        "url": "/comment/67727",
        "comment": "It\u2019s disappointing the Doug Ford is back tracking on his previous comments stating he would leave the green belt alone. I highly disagree that the green belt should be open to development. Repurposing existing, unused office  buildings and providing incentives to target housing in areas where it is needed the most would be better. These lands are crucial for our wildlife and should remain protected.\n"
    }
}