{
    "78415": {
        "url": "/comment/78415",
        "comment": "The decision to rezone lands designated as protected and or green spaces is specious at worst and short sighted at best. In essence it pushes affordable housing further away from urban centres with little to know consideration of how those who would most benefit from these magically affordable homes will be able to get to and from work?\nIf you tell me that another highway is the solution to this issue I will know you have done absolutely zero due dilligence on behalf of the citizens of this province.\nAllowing developers a free hand at these lands without paying for development charges and then underfunding health care and education at the same time demonstrates a spectacular lack of vision and a truly malicious spirit in your public service.\nThe environment matters. Affordable housing matters. You can do much better than making your backers richer on the backs of the poor and the environment.\n"
    },
    "78419": {
        "url": "/comment/78419",
        "comment": "I am opposed to the amendments to the Greenbelt plan.  This plan was carefully thought out to preserve natural space for generations to come.  Development on the Greenbelt will result in permanent damage to the land and soil. I am also deeply concerned about taking away public consultation and say from regional governments. This is undemocratic. I am also wondering how developers knew to buy the land just a few years/months before the Ford government decided to open it up.  It just doesn\u2019t add up.  I am for creating more affordable housing within existing urban boundaries so we can protect natural spaces and species at risk while at the same time building healthy, livable communities. I am also wondering if Indigenous leaders have been consulted.\n"
    },
    "78420": {
        "url": "/comment/78420",
        "comment": "I am extremely opposed to the removal of land currently protected under the Greenbelt. This land protected future generations from food poverty and some of the worst effects of climate change. Developing it when there is already sufficient land available for urban growth endangers the people of Ontario in the future. It is a faulty decision to eliminate our reserves. Will the people of Ontario come to depend on food imports from China? A society that can not feed its citizens, isn't a free country but rather a colony!\nWe are very fortunate that Ontario still has the option to be food secure and independent.\n"
    },
    "78423": {
        "url": "/comment/78423",
        "comment": "I have been a resident of mississauga for over 40 years and have seen changes to the landscape.  In some cases good and others a disaster.\nWhen it comes to greenbelt.  DO Not TOuCH it some of the only things left to enjoy and visit.   The natural beauty is worth saving for our environment.\nI am against adding more living/business landscape to our beautiful city.\nThe taxes are already high and affordability is getting very difficult for us.  Please please do not raise our taxes anymore.  Thanks\n"
    },
    "78424": {
        "url": "/comment/78424",
        "comment": "Please don't do this. The Greenbelt was protected for a purpose.\nNobody wants this.\nThis is coming from a 60 year old Conservative voter who is watching the Ontario I love turn into something horrible. My granddaughter has no doctor. Her $10 daycare seems impossible and I am watching the Greenbelt south of me be dismantled.\nI am writing this for my children and grandchildren - please don't do this.\nDo this and consider my vote and my membership to the PC party canceled.\n"
    },
    "78427": {
        "url": "/comment/78427",
        "comment": "The designated greenbelt is vital to the GTA,  providing homes for wildlife. trees, fertile farmland and watersheds.  To rip apart and bulldoze this land is heartbreaking to imagine.  The people of Ontario are speaking out and passionate about saving the Greenbelt!!  The only parties who want this to happen are greedy developers and the PC party!  This land must be preserved!!!!  Please repeal Bill 23.  Please keep the promise.\n"
    },
    "78430": {
        "url": "/comment/78430",
        "comment": "This back room deal goes against everything Ford promised.\nOur green belt is not for sale\nThis is protected land that is in the middle of First Nation territories.\nWe must protect this land for our future. No one gave you a mandate to sell this land\nShame on you Doug ford. You are suppose to protect our interests. Not your buddies.\nStay in your own LANE Doug.\n"
    },
    "78431": {
        "url": "/comment/78431",
        "comment": "The addition of 50,000 new homes is not worth the irreversible loss for 7,000,000 people in the Greater Golden Horseshoe of agricultural food security, drinking water quality, and cost-effective flood prevention.  Higher population density builds more homes than urban sprawl, while also creating government budget surplus.\nOntario needs to keep farmlands, as proven by food as a national security issue during the pandemic and Ukraine war.  Even though land added to the Greenbelt is greater than the land removed under this proposal, it should be about quality instead of quantity of the land.\nAs the Minister of Municipal Affairs and Housing said in February 2021, Ontario needs to \"protect more environmental, groundwater and agriculture resources from development.\"\n"
    },
    "78432": {
        "url": "/comment/78432",
        "comment": "The designated greenbelt is vital to the GTA,  providing homes for wildlife. trees, fertile farmland and watersheds.  To rip apart and bulldoze this land is heartbreaking to imagine.  The people of Ontario are speaking out and passionate about saving the Greenbelt!!  The only parties who want this to happen are greedy developers and the PC party!  This land must be preserved!!!!  Please repeal Bill 23.  Please keep the promise.\n"
    },
    "78433": {
        "url": "/comment/78433",
        "comment": "The lands are adjacent to existing settlement areas;\nThe lands are adjacent to the edge of the Greenbelt area boundary;\nThe lands have the potential to be serviced in the near-term with local infrastructure upgrades to be entirely funded by proponents; and\u00a0\nThe lands proposed for the removal have the characteristics that would enable housing to be built in the near term.\u00a0\u00a0\nThe inclusion of the subject lands in Greenbelt in 2016 was contrary to the City of Hamilton\u2019s staff position and that of their consultants engaged in the Greenbelt review process;\u00a0\nThere is no planning or scientific justification to support the inclusion of the lands in the Greenbelt.\u00a0 The inclusion appeared totally arbitrary ;\u00a0\nI understand that the City of Hamilton requires these lands to meet housing needs to address affordability and supply issues.\u00a0 This is an area that affords excellent accessibility to major highways and community services in the abutting urban area of Hamilton and the Ancaster community.\u00a0 I strongly support the Provincial initiatives to increase the supply of housing in my community so that my children and grandchildren can remain in the area.\n"
    },
    "78436": {
        "url": "/comment/78436",
        "comment": "This is disgusting that our protected Greenbelt can just be bought out by developers for them to make even more money. The beauty of Canada and our neighbourhoods is the vital green space. What was the point of protecting it all this time? To prioritize green space and environmental well-being, or to hold out for the right price? This should not even be a discussion- the green space is there to be protected, not to be sold.\n"
    },
    "78437": {
        "url": "/comment/78437",
        "comment": "Good day:\nMy comments are as follows:\nPremier Ford promised his government wouldn\u2019t touch the Greenbelt\n\u00b7      A report prepared by government-hired consultants said Greenbelt land was not needed to build needed housing.\n\u00b7      Building on unserviced Greenbelt land will not solve the unaffordable housing problem.\n\u00b7      Greenbelt land was designated after significant scientific studies and extensive public consultation and cannot just be whittled away without significant justification and extensive public consultation.\n\u00b7      Adding already protected river valleys to the plan cannot be used to justify removals.\n\u00b7      Neither can adding land in the Paris Galt Moraine, especially when no justification has been given for why these lands were chosen.\n\u00b7      Altogether the government should be protecting the existing Greenbelt and adding to it, not deleting from it.\n"
    },
    "78438": {
        "url": "/comment/78438",
        "comment": "The lands are adjacent to existing settlement areas;\nThe lands are adjacent to the edge of the Greenbelt area boundary;\nThe lands have the potential to be serviced in the near-term with local infrastructure upgrades to be entirely funded by proponents; and\u00a0\nThe lands proposed for the removal have the characteristics that would enable housing to be built in the near term.\u00a0\u00a0\nThe inclusion of the subject lands in Greenbelt in 2016 was contrary to the City of Hamilton\u2019s staff position and that of their consultants engaged in the Greenbelt review process;\u00a0\nThere is no planning or scientific justification to support the inclusion of the lands in the Greenbelt.\u00a0 The inclusion appeared totally arbitrary ;\u00a0\nI understand that the City of Hamilton requires these lands to meet housing needs to address affordability and supply issues.\u00a0 This is an area that affords excellent accessibility to major highways and community services in the abutting urban area of Hamilton and the Ancaster community.\u00a0 I strongly support the Provincial initiatives to increase the supply of housing in my community so that my children and grandchildren can remain in the area.\n"
    },
    "78439": {
        "url": "/comment/78439",
        "comment": "I\u2019m very disappointed but frankly not surprised by the lack of meaningful consultations. But worse than that it\u2019s appalling that Doug ford LIED. There is no other word that describes what he said vs what he\u2019s done after getting elected. Once again, only his rich friends are to gain. He\u2019s not for all the people only certain people. Chalk about yet another misstep by this Gov\u2019t. it\u2019s reckless and irresponsible. I suspect mandate letters would provide intent. But alas another thing ford is fighting to keep secret. This is the anti-transparency regime of Doug Ford. It\u2019s embarrassing to have him as a Premier.  I know we need more housing. But not at the expense of our farmlands, wetlands, climate and our children futures!!!\n"
    },
    "78440": {
        "url": "/comment/78440",
        "comment": "The lands are adjacent to existing settlement areas;\nThe lands are adjacent to the edge of the Greenbelt area boundary;\nThe lands have the potential to be serviced in the near-term with local infrastructure upgrades to be entirely funded by proponents; and\u00a0\nThe lands proposed for the removal have the characteristics that would enable housing to be built in the near term.\u00a0\u00a0\nThe inclusion of the subject lands in Greenbelt in 2016 was contrary to the City of Hamilton\u2019s staff position and that of their consultants engaged in the Greenbelt review process;\u00a0\nThere is no planning or scientific justification to support the inclusion of the lands in the Greenbelt.\u00a0 The inclusion appeared totally arbitrary ;\u00a0\nI understand that the City of Hamilton requires these lands to meet housing needs to address affordability and supply issues.\u00a0 This is an area that affords excellent accessibility to major highways and community services in the abutting urban area of Hamilton and the Ancaster community.\u00a0 I strongly support the Provincial initiatives to increase the supply of housing in my community so that my children and grandchildren can remain in the area.\n"
    }
}