{
    "66802": {
        "url": "/comment/66802",
        "comment": "Urban sprawl is already widespread in Ontario and the infrastructure has not kept up. This plan removes green space for communities living in these regions, adds to urban sprawl, and does not support long term population growth due to the lack of infrastructure and green space. The GTA is desperately short of green space already.\nWhile I understand the need to address housing, this is not the way to do it. City development is a far more sustainable approach.\n"
    },
    "66803": {
        "url": "/comment/66803",
        "comment": "The solution to housing in Ontario is not to take over Green space. Green space is an important ecological feature of Ontario supporting farmers, towns and cities as well as ecological diversity that the province needs to survive. Adding a highway that will take 4 minutes off of someone's commute is not worth it. Adding more cookie cutter mcmansions is not worth this either. Making more housing available should include working with developers to make housing affordable not expanding more housing leaving new housing unattainable.\n"
    },
    "66804": {
        "url": "/comment/66804",
        "comment": "I do not support removing the protection act for the Greenbelt. As a young adult, this will destroy my generation's future as Doug Ford seems determined to do so. Climate change is real and I'm filled with an sense of anxiety and dread whenever I think of the future as I don't think that I'll even live to 80 years old with the path we're going down. Destroying the Greenbelt for \"increasing\" housing (housing crisis is about affordability and landlord greed rather than not enough housing) and creating 413 highway (increasing a whole 3 minutes of extra time to people commuting - sounds like you're just trying to put money in your friend's pockets as usual) is not worth destroying our futures.\nDestroying the Greenbelt would lead to large and negative impacts on climate changes but also destroy the ecosystems where many animals and wildlife rely heavily upon especially with the already consistent building into the countryside.\nYou would think that you make smarter decisions for the generations to follow but I guess that's too hard, seeing as empathy is a trait that is hard for you to comprehend (seeing as you don't even support a living wage with the outrageous increase in the cost of food and housing *cough* education workers, healthcare workers, etc. *cough*).\nJust know that the future generations are watching and so far, very disappointed in what you have \"achieved\" while representing the residents of Ontario.\n"
    },
    "66805": {
        "url": "/comment/66805",
        "comment": "As an Ontario citizen who voted for Doug ford, I am so upset that he is violating his promises and choosing to develop land in the Green Belt. Doug you are a power hungry individual who cares more about his political and lobbyist network than his constituents. You are single handily destroying this province and I will never vote conservatively again. I can no longer say that I have confidence in our current provincial government.\n"
    },
    "66806": {
        "url": "/comment/66806",
        "comment": "I am completely against this amendment. Ford promised that he would never build on the Greenbelt and now that is exactly what he is talking.about doing. This amendment would not create more affordable housing it will simply create more housing for the rich. There are plenty of empty housing that already exists thelat is simply unaffordable to the general population. We need to be making the housing industry more affordable not building more mansions at the expense of your environment. There are also plenty of empty office building pisy covid that could easily be reconfigured into afforable housing without risking hundreds of ecosystems and species! The fact that this ammemdment is being proposed and considered while Canada makes claims about caring for the environment at COP 27 is a joke!\n"
    },
    "66812": {
        "url": "/comment/66812",
        "comment": "I am very concerned that this government is trying to take protected lands from the greenbelt. These are sensitive lands that house many endangered species. It is also farmland that we need to grow food so we can eat. We do not need more massive houses on massive tracts of land. We need affordable low income housing. Do not take our greenbelt land. Do not build another highway over sensitive lands.\n"
    },
    "66813": {
        "url": "/comment/66813",
        "comment": "We need the green belt to be left unchanged, so that we can maintain the agricultural land. We need to be able to grow food , while  climate change is removing arable land from production everywhere. We need to maintain our aquifers so that we have clean water. We need intensify building in already identified urban areas not sprawl across our precious green space.\n"
    },
    "66814": {
        "url": "/comment/66814",
        "comment": "We don\u2019t need a bunch of mansions on the green belt to solve our housing crisis. The economy won\u2019t benefit much either by developing in arable land or destroying one of the green wildlife conservations in Ontario left. What will solve our housing problem is if Doug Ford stops giving all our tax money to his developer friends and starts doing his job as a premier instead of embezzling and giving deals to his friends at the expense of the people who (didn\u2019t) choose him.\n"
    },
    "66815": {
        "url": "/comment/66815",
        "comment": "After promising to not develop the Greenbelt, you have reneged on this promise. Green space, biodiversity and agriculture are incredibly important to all Ontario residents. For the sake of our children, I am begging you to not develop the Greenbelt.\nPlease, do the right thing before it\u2019s too late. Halt this plan immediately.\n"
    },
    "66816": {
        "url": "/comment/66816",
        "comment": "This plan is heinous. Picking away at the greenbelt will accomplish nothing apart from getting contractor \u201cfriends\u201d paid. Housing demand will continue to be a problem so long as housing DISTRIBUTION remains a problem. Try doing something about \u201cinvestors\u201d buying up homes to use as investment properties, air bnbs, etc. There\u2019s no help for housing demand as long as new properties continue to end up in the hands of investors.\n"
    },
    "66817": {
        "url": "/comment/66817",
        "comment": "I urge the Premier to:\n-withdraw the plan to remove lands from the Greenbelt;\n-get on with a meaningful Greenbelt expansion that reflects public input - repeatedly promised but never delivered by the Ford government;\n-follow the advice of the government\u2019s own Ontario Affordable Housing Task Force and focus efforts on developing affordable housing on lands that have already been designated for development and have the necessary infrastructure in place. As the Housing Task Force noted, there is plenty of land within urban areas ready for development.\n"
    },
    "66819": {
        "url": "/comment/66819",
        "comment": "This is a misuse of provincial funds. We should be focusing on actual crisis that our communities are facing at hand instead of ruining the environment and only providing financial benefit to wealthy folks. Please think of funding affordable housing projects, battling inflation, providing support to our Healthcare system. How you can start to do this is by using offices in Toronto that are empty and making them into affordable housing.\nWe do not need to build on protected green space. We do not need this. We need the government to value its community and people. This project is not going to benefit Ontarians, it is going to benefit the rich. We are starving and facing high prices of food, gas, bills. This is not acceptable.\nHow do you expect for people to buy homes? What incentives and supports are you providing? How can you help first home buyers NOW get into the market?  Your proposal is to build more homes but yet how can we even afford these homes? Who is going to be able to afford these homes? You are not addressing the real issue at hand. There are MULTIPLE units available for pre-construction now, homes and condos. But we can't even afford to get into the market now.... How is building more homes going to help? A home in markham goes for 1.2 mil, and that's for a townhouse.\n"
    },
    "66820": {
        "url": "/comment/66820",
        "comment": "This is absolutely disgusting and atrocious. Implementing a highway on the only piece of greenery left in the GTA? Also just so happens to benefit all of dougs sponsors, which he thinks we are too stupid enough to notice. Imagine if you used the debt owed by the 407 to buy it from them and MAKE IT A PUBLIC HIGHWAY. god forbid the fact that Healthcare is falling apart and instead of addressing it, you will continue to spend more taxpayer money on highways they DON\u2019T WANT\n"
    }
}