{
    "80210": {
        "url": "/comment/80210",
        "comment": "Dear Provincial Government,\nI\u2019m writing to express my deep concern for your lack of judgement and short-sightedness regarding Bill 23 and tearing up sections of The Greenbelt for housing development. I don\u2019t believe that this policy is in the best interests of Ontarians, as The Greenbelt is some of the most productive arable land we have left in this province, and that is worth protecting for generations to come. Doug Ford is breaking his campaign promise by failing to protect this land, which is shameful. This is not about building affordable housing (which we so desperately need), you must consider re-zoning parts of Hamilton and surrounding cities to accommodate people, before you encroach on this unique animal habitat and productive farmland.\nKeep your campaign promise, stay on the right side of history on this issue. Do the right thing for current and future Ontarians, save the Greenbelt.\n"
    },
    "80211": {
        "url": "/comment/80211",
        "comment": "Throughout all the Ontario governments proposals to tragically withdraw existing lands from the world renowned Greenbelt Plan, it seems there is no reference to the effects of the Climate Crisis that is well underway.\nWATER - water courses and wetlands take millenia to form and adapt.  They need to be contiguous in order to function effectively. They cannot be polluted by industry or development of any kind.\nWe will need access to good water the more our population grows and as climate heating takes its toll.  Animal life around and in water is part of this ecosystem that works hard to keep the water clean.  This function must be respected.\nIt all operates like a well-oiled machine.\nPaving over wetlands and disrupting watercourses should be forbidden if our province is to meet the huge challenge of\ndealing with climate change.\nThe economic gain in allowing natural systems to continue doing their lifegiving work must be understood. Giving power back to conservation authorities is essential to prevent catastrophic breaches to natural heritage areas.\nKEEP DEVELOPMENT WITHIN URBAN BOUNDARIES.  THE ONTARIO GOVERNMENT HAS MORE THAN ENOUGH PROOF THAT THERE IS PLENTY OF LAND TO BE DEVELOPED WITHIN URBAN BOUNDARIES\nNOT REQUIRING NEW TRANSPORTATION, SCHOOLS AND OTHER AMENITIES IN THE WASTELAND OF SPRAWL.\nAIR - Building highways through the Greenbelt as the proposed 413 and Bradford Bypass will disrupt and destroy so many natural systems and farmland and pollute the air that we must try our best to keep as clean as we can as air quality becomes more of an issue for our health and that of our natural systems with the climate crisis.  Clean water and air work together, this must be understood.\nForest cover plays an essential part is carbon capture.\nFARMLAND - Destroying farmland on the Greenbelt for development is so bizarre, given our need for more food security with the challenges of climate change.  Canada has a thread of viable aerable soil in which to grow our own food.  With supply chain issues already and a future when we must be more reliant on growing our own food, we cannot destroy any more farmland.  We CANNOT look to supply from thousands of miles away.  If we do, we do so at our peril.  We need MORE farmland to be sustainable in a\nheating world.\nTRANSPORTATION - Using existing transportation corridors like the 407 is an intelligent strategy.  If the government wants to hand out ridiculous perks like no fees for vehicle licences why doesn\u2019t it take back the 407 instead of a loss of revenue from licence fees and make it toll free and spend money on extending public transportation within city boundaries. THAT is what is going to help\nlower income citizens, not new super highways.\nHOUSING - Sprawl outside urban boundaries does not IN ANY WAY solve the problem of low cost housing where amenities do not exist and where they would have to be started from scratch at great expense.  It is fiction to say this precedent-setting scheme to whittle away at the Greenbelt is going to solve the low-cost housing crisis.  It is so blatantly a scheme to only benefit developers.  Blatant at that.  And corrupt.\nA CRITICAL PIVOT\nGoing forward with respect for our natural world is integral to being able to cope with the climate crisis we face.  Ontario needs to be looking ahead, not backwards ignoring the biggest humanitarian crisis of our time.\nGiving natural systems legal personhood has\nfinally arrived in Canada.  In Quebec to be exact.\nTo quote The Narwhal June 21, 2021\n\u201cWhile a first in Canada, granting legal personhood to natural entities is part of a global movement to recognize the rights of nature in law.  Indigenous communities around the world are leading the way in upholding the rights of sacred and ancestral rivers, forests and mountains.\u201d\nIn Ontario we are lucky to have Indigenous people understanding how critical it is for that our \u201cnatural entities\u201d be kept intact for\nthe wellbeing of the planet.\nWe must insist that we be Stewards of the Greenbelt not Thieves.\n"
    },
    "80214": {
        "url": "/comment/80214",
        "comment": "This submission attached file marked FINAL replaces an previous one mailed at about 1100pm by Co-Chair Cathie Macdonald\n"
    },
    "80216": {
        "url": "/comment/80216",
        "comment": "Dear Madam/Sir\nPlease accept this submission as Environment Hamilton\u2019s comments regarding the Ford Government\u2019s proposed amendments to Ontario\u2019s Greenbelt Plan.  We are deeply concerned about the proposal to remove 11 parcels of currently protected rural natural areas and prime farmland from the Greenbelt for urban development.  More specifically, we are concerned about the large parcels proposed for removal from the Greenbelt area within the City of Hamilton\u2019s boundaries.  First and foremost, there is no logic nor is there any justification for the removal of these lands to address the housing crisis over the short term, despite the provincial government\u2019s assertion that this is why these removals are being pursued.  Our municipality\u2019s own planning staff and our Hamilton City Council do not support the proposed removals for a host of reasons \u2013 including the fact that there is no need for these lands to accommodate urban growth in the municipality over the next thirty years.\nThe two larger parcels of land proposed for removal in Hamilton are not serviced lands and they are not contiguous with existing urbanized areas.  This is particularly true in the case of the lands located along the south side of Whitechurch Road.   We also understand sizeable portions of the parcel located along Garner Road is in the airport exclusion area and federal regulations restrict development within this area.   Other portions of these lands include natural heritage features that would be at risk with urban development combined with other problematic policy changes being ushered in by the provincial government.\nWe also know that this proposal will do nothing to help the housing affordability crisis.  There is no indication of how new residential units built on these lands will be made more affordable to those in desperate need of housing.   However, it is very apparent that this approach will cost municipalities and municipal taxpayers more money.  We will be absorbing the financial burden should costly urban expansion proceed into these areas.   These costs are on top of the costs to society from the loss of prime farmland and natural areas at a time when we can least afford to lose these areas.\nCommunity advocacy in combination with policy shifts at the municipal level have resulted in a municipal decision to accommodate urban growth within Hamilton\u2019s existing urban area. The municipality has demonstrated that it can conform with provincial planning requirements while accommodating population and job growth projections.   The provincial government must respect this reality, and allow the municipality to proceed.  Given the fact that we are facing a climate crisis, it is prudent to commit to building complete communities that will be better able to mitigate and adapt to climate impacts.  Doing this, in turn, enables the protection of prime farmland and rural natural areas that are also integral to building up climate resilience.\nWe are also concerned that the protected Greenbelt was never envisioned as an area that would be pushed outwards over time through \u2018land swaps\u2019.  The intended outcome of the reintroduction of regional planning via a Greenbelt Plan and a Growth Plan was to create the dynamic necessary to encourage more efficient use of urban land to accommodate population growth while continuing to protect our valuable farmland and rural natural areas.  The intent was never to simply pull out chunks of Greenbelt and extend the boundary on the other side of the Greater Golden Horseshoe.   This defeats the purpose of the approach altogether.   It is worth noting, too, that the lands being added on the other side are not equivalent to the lands being pulled out and this only makes the land swap approach that much more flawed.\nThis proposal is not in the interest of the Province of Ontario and its residents.  It works against the efforts of several municipalities to build a climate resilient future, pulling them in the very opposite direction.  The proposal locks communities into a growth model that will cost us dearly now and into the future.   We are deeply opposed to this proposal!\nYours truly,\nLynda M. Lukasik, PhD\nExecutive Director\nEnvironment Hamilton\n*Please note that there is no information in this submission that prevents it from being shared publicly in the decision posting for this proposal.\n"
    },
    "80217": {
        "url": "/comment/80217",
        "comment": "There is MORE than enough space to build housing without touching the #Greenbelt. This will do nothing to alleviate the housing crisis, but will dismantle environmental and food supply protections only to benefit  developers. This will not be affordable housing and you ca not replace the land, the wetlands that will be consumed!\n"
    },
    "80218": {
        "url": "/comment/80218",
        "comment": "I am very concerned about the plan to remove portions of the Greenbelt from the Greenbelt Plan in the GTA, and to replace them with additions of areas in the vicinity of Erin without apparent consideration of conservation science.\nThe proposed amendments to the Greenbelt Plan do not respond to the objectives of the Plan to protect natural heritage within an effective system, with sufficiently wide linkages that allow movement of wildlife and plants between wetlands, woodlands and other natural features. The lands shown for removal on Schedules 1 to 11 will have the effect of narrowing the corridors that provide linkages between features. The  Greenbelt linkages were carefully planned so that small, slow-moving and vulnerable wildlife species would still be able to disperse normally to habitats which they need to complete their life cycles, and would be able to repopulate habitats. The linkages that will remain after the removal of these areas, and their replacement with urban development and all its trappings, will be too narrow. This will curtail the movement of species between features.\nThe Greenbelt lands were carefully planned to ensure that features did not become isolated by urban development, with a resulting decline in biodiversity. The isolation effect has been called the creation of \"islands of green\" with good reason - isolated features lose species. The Greenbelt needs certainty of permanence to be effective, and this shakes that permanence.\n"
    },
    "80221": {
        "url": "/comment/80221",
        "comment": "I am absolutely opposed to Bill 23 and the proposed changes to the Greenbelt. Doug Ford promised to not touch the Greenbelt numerous times. He needs to stand by his words. The Greenbelt is protected lands for a reason- we don't need development in this ecologically important land. We don't need another toll highway through this area.\nDOUG FORD, STAND BY YOUR WORDS\n"
    },
    "80222": {
        "url": "/comment/80222",
        "comment": "I am highly disappointed that the government is amending the Greenbelt plan to remove protections on existing lands. The government previously committed to not swapping or adding additional Greenbelt lands in exchange for removing existing lands.\nRather than spending taxpayer funds that harm the environment in pursuit of short-term gain, we should invest in the long-term ecological well-being of Ontario. Our ecologically sensitive areas should be guarded, especially regarding climate change. Instead, the money should be spent on increasing affordable, higher-density housing paired with rapid transit systems to prevent sprawl.\nThis plan is just one way the Government is also attempting to harm the environment and promote low-density housing, such as through the proposed highway 413. Adding a new 400 series highway is not necessary when highway 407 is currently underutilized. The construction of the highway would not ease gridlock due to induced demand. I would rather see funding be spent on high-speed rail to connect southern Ontario.\n"
    },
    "80223": {
        "url": "/comment/80223",
        "comment": "Please don\u2019t destroy the green belt. We need more wetland and green spaces to combat climate change and manage severe weather/water events. Building on the green belt will not accomplish enough benefit to justify the damage to the surrounding areas. This government needs to act in the best interest of future Ontarians, not developer friends and party donors. Do the right thing. Protect our land\n"
    },
    "80224": {
        "url": "/comment/80224",
        "comment": "I am a resident of Toronto. I am very concerned about Doug Ford's announcement allowing developers, of questionable links to his campaign, to build on areas of the green belt previously deemed protected. I am particularly aggrieved about the benefits provided to these developments (ie. waiving of infrastructure fees) that will now fall to citizens like me to cover through our taxes. All of this while woefully not enough is being done in Toronto to meet housing demand through increased density.\nIf there is one thing that is clear, climate is the single biggest factor impacting our future and the future of our children.\nPlease tell Doug Ford to stop helping his party donors profit at the expense of the future of this province.\n"
    },
    "80226": {
        "url": "/comment/80226",
        "comment": "In my personal and non-expert capacity, I am not in favour of the land swap being proposed.\nI believe home addition can be facilitated without addition of new greenfield development, and is more feasible and responsible to achieve through brownfield development and lifting Toronto yellowbelt restrictions through provincial action to implement vastly expanded by-right construction in the GTA.\nInsofar that any Greenbelt development will be approved, the minimum standard of density should be vastly increased from those currently bordering the Greenbelt line. 7 average homes per acre is an abysmally low benefit compared to the environmental costs of greenfield development, and I believe the environmental considerations of promoting density are a compelling consideration in the development of this policy.\nFacilitation of new greenfield development, if at all, should be centred around high-quality transit connections such as the Innisfil proposal. An environmental consideration of selective location of development near transit is decreasing car dependence, and the atmospheric environmental effects attached to that implication.\nThe addition of new high-priority lands to the Greenbelt is compelling, but I do not believe it is appropriate to consider these two policies in tandem, and that such a proposal to add those new lands should be assessed on a standalone basis. I believe this is justified due to my supposition that the addition of farmlands currently not slated for development near Erin will not confer immediate positive value, but short-term slating for development in the areas to be removed will have immediate negative effects.\nI am particularly concerned about the quality of environmental value in the added lands near Erin compared to high-quality resignations in critical areas such as the Oak Ridges Moraine and West Duffins Creek watershed.\nI once again iterate that I believe the environmental interests of Ontario not to pursue these changes, and thank the government for the opportunity to provide comment.\n"
    },
    "80227": {
        "url": "/comment/80227",
        "comment": "As a voter I am STRONGLY OPPOSED to the passing of Bill 23 and want to see it REPEALED. I am STRONGLY OPPOSED to the removing land from the Greenbelt and I am STRONGLY OPPOSED to the development of wetlands, grasslands, woodlands, farmlands, and other heritage green spaces that are critically importance to the maintenance of our province's watertable and the functioning of our province's rich ecosystems. Any politician in favour of Bill 23 with NEVER have my support or get my vote. If our government representatives wish to TRULY represent the people, they will REPEAL Bill 23 and instead focus their efforts on helping EXISTING COMMUNITIES by making existing housing affordable for all and better optimizing the use of city space, making communities accessible for those without cars, and renewing and enhancing the resources available to these communities. Land development within the bounds of the Greenbelt is NOT the answer and your voters DO NOT SUPPORT the prioritization of developers and corporate greed over the health of our environment and the needs of our communities. Please do the right thing.\n"
    },
    "80228": {
        "url": "/comment/80228",
        "comment": "I am completely opposed to this proposal. It doesn't fool anyone. Removing lands from the Greenbelt for development effectively means the end of the Greenbelt, and open season for urban sprawl.\nMoreover, the fact that multiple media are reporting that developers appear to have had inside knowledge about this proposal prior to its announcement suggests that the outcome has already been rigged in favour of those developers.  I do hope that law enforcement investigates this aspect further.\n"
    },
    "80230": {
        "url": "/comment/80230",
        "comment": "This Bill is going to set Conservation efforts back decades and cause irreparable harm to ecologically important areas. Homes can be built elsewhere, and I am extremely disappointed that this government is taking such a shortsighted view of the environment.\nThis Bill is making me reconsider my decision in the party I supported last election. I cannot support a party who is pushing a Bill that supports:\nRemoving my right to appeal planning decisions, and removing the requirement for public meetings about some planning decisions.\nUndermining the power of Conservation Authorities to regulate development that affects wetlands and other water bodies in their watershed negatively.\nChanging how Provincially Significant Wetlands are identified - so much so that very few wetlands would count as provincially significant any more.\nAn offsetting policy for developers to pay into that would \u201ccompensate\u201d for destroying natural habitats. Offsetting policies like these have been proven to be ineffective and I\u2019m unsure why my government would choose to implement this.\nI am incredibly disappointed in this government\u2019s decision to push this bill forward. This is a very shortsighted, narrow minded Bill and I cannot support something that so blatantly disregards the importance of the environment for nearsighted gains.\n"
    },
    "80232": {
        "url": "/comment/80232",
        "comment": "As an Ontario resident, I am concerned about the proposed amendments to the Greenbelt Plan. I urge the Provincial Government to halt these proposed amendments for the following reasons:\n-Land swaps defeat the purpose and is not the intended vision of the Greenbelt Act of 2005.\n- The proposed addition of lands is not a like-for-like replacement, therefore, there is no justification for the land removals.\n- The proposed amendment will not provide more affordable housing options since there are no requirements to build affordable houses.\n-Expansion into the Greenbelt is unnecessary. For example, the city of Hamilton has developed a viable plan to accommodate urban growth within the existing urban area.\nGreenbelt protection is more urgent than ever before to ensure future food security, climate resilience, protection/enhancement of biodiversity, protection of wetlands/surface and groundwater systems.\nThe Greenbelt is agriculturally and ecologically important and any proposed amendment that has the Greenbelt swapped for urban development should not happen. We cannot afford to get this wrong.\n"
    }
}