{
    "79803": {
        "url": "/comment/79803",
        "comment": "The Greenbelt is important because it helps the air quality in the GTA. Development of the Greenbelt doesn't provide the level of housing needed by the lower-income Ontarians. If we must develop the Greenbelt, put in the low-income affordable housing required so that everyone - not just those who have a spare $1 million dollars - can have a place to live.\n"
    },
    "79806": {
        "url": "/comment/79806",
        "comment": "My name is Peter and I am 11 years old. We MUST protect the Greenbelt. I am an avid hiker and I know firsthand how much people need to be in nature. I have also seen so many plant and animals who call the Greenbelt home. We are all part of the ecosystem. I know that people need homes too but these can be built somewhere else. This is more important than making people rich.\n"
    },
    "79807": {
        "url": "/comment/79807",
        "comment": "I do not support any ammendments to the Greenbelt Act. There is no need to develop within the Greenbelt to meet Ontario's housing needs. Municipaltities across Ontario have proved that they have enough land within their bounds to meet future housing needs. The proposed development within the Greenbelt will cost municipalities more to service and lead to communities without sufficient services.\n"
    },
    "79811": {
        "url": "/comment/79811",
        "comment": "The greenbelt is incredibly popular amongst Ontarioans, and improves our quality of life: NO LANDS SHOULD BE REMOVED FOR IT. To be clear, I do not think that lands should be removed even if they are replaced with different lands.\nMy husband and I recently purchased our first home. We understand how unhealthy, and unsustainable the current housing situation is. However, opening up any part of the greenbelt is short sighted, and will NOT solve the issues in the Ontario housing market. There are already available lands within urban boundaries that could be (re)developed. The kinds of homes being proposed by developers on the greenbelt are massive expensive homes that are out of reach to most hardworking Ontarioans. Furthermore, these new developments would put significant strain on municipalities in terms of infrastructure. Our cities simply can't afford these new, unnecessary encroachments on our protected greenbelt.\nThe greenbelt is also essential when it comes to feeding Ontario. Multiple farming organizations-- the CFFO, OFA, and NFU have all come out against the proposed changes. Once this farmland is gone, it's gone forever. Farmland makes up less than 5% of Ontario, and opening up this highly productive farmland to development is a huge mistake.\nFinally, there is the most obvious issue when it comes to changes to the greenbelt: the environment. At a time when we are truly seeing the effects of climate change, it is absolutely mind blowing that our Province is considering opening up protected lands to development. What a completely idiotic idea. The greenbelt wetlands provide freshwater to millions of people. Its forested areas remove a huge amount of CO2 from the air. It is home to 78 endangered species. It offers an estimated $2.3 billion in ecosystem services. All of this as we see a rise in extreme weather, and obvious global warming. Once these lands are gone they are gone.\nI am so disappointed that these proposed ammendment to the greenbelt plan are even being considered. This is so obviously going to benefit a couple of already wealthy developers at the expense of the rest of the province. I am truly disgusted.\n"
    },
    "79813": {
        "url": "/comment/79813",
        "comment": "This is not what this government promised and it is most certainly not what the people of Ontario voted for.\nThis is not only a bad idea but an idea with irreversible consequences. There are other proven solutions for addressing housing access and affordability that could (and should) be implemented instead.\nAdding housing supply in these areas will be burdensome for municipalities to service as suburban and rural housing costs more to cities than it generates in terms of tax revenue. This is a recipe for higher taxes, vehicle dependency, and does nothing to solve the housing crisis.\n\"But a shortage of land isn\u2019t the cause of the problem. Land is available, both inside the existing built-up areas and on undeveloped land outside greenbelts.\" This quote is from Page 10 of the Report of the Ontario Housing Affordability Task Force. Please listen to the experts. This plan to build on the Greenbelt is not in the best interest of Ontarians. There are better solutions to housing, housing affordability, and for the planet.\n"
    },
    "79816": {
        "url": "/comment/79816",
        "comment": "To:\tThe Ministry of Municipal Affairs and Housing\nRe. \tSerious Concerns about Bill 23 in relation to impact on conservation, greenspace & community - responding to call for input on Proposed Changes to the Greenbelt Plan\nFrom:  Benchlands Citizen Group, Lincoln, West Niagara, Ontario\nContact: benchlandscitizengroup@gmail.com\nDate:\tDecember 4, 2022\nFalse Dichotomy\nIn Bill 23 the Ontario government is proposing to address a crisis in housing by stripping away measures that place any constraints on uncontrolled urban development and protect our non-renewable land resources\u2014including farmland, wetlands, greenspaces and foodlands.  This destroys, in one omnibus bill, the balance formed through a decades-long negotiation over sound policy.\nThe predictable, long-lasting consequences of this open assault rest on a falsehood: that we have to choose between protecting the land and building housing. Groups across Ontario have long presented reasonable, evidence-based options that demonstrate how we can both provide needed, affordable housing and conserve lands that are essential to build sustainable communities across the province.\nIn fact, many of the principles underlying the relevant existing policy structure and regulations (e.g the Provincial Policy Statement, Growth Plan) have worked toward the essential balance between housing and conservation\u2014a balance that we must find in order to build sustainable communities.\nCommunities requires Conservation\nThroughout Ontario, Bill 23 will have a negative impact on the environment, on lands, on waters.\nDespite daily acknowledgements that Ontario rests on Indigenous lands, under treaty or unceded, the Indigenous principles of conservation of lands, and of sustainability for seven generations forward, are not part of this Bill.  We are unaware how, or if, Indigenous communities impacted by this Bill have been properly consulted under the Duty to Consult.\nAllowing \u201coffsets\u201d for wetlands and woodlands through developer fees will be an ecological disaster that will stretch into our farmlands, impacting the ability of our farms to provide ecosystem services over the long term. In the face of a rapidly changing climate and uncertain seasonal weather patterns, the disruption of complex wetland systems can have massive impacts on above- and below-ground waterways, and the production potential of adjacent agricultural lands.\nBill 23 also eliminates the ability of conservation authorities to protect watersheds and greenspaces, by eliminating their ability to holistically manage watershed resources.\nMany of the duties of Conservation Authorities are being dumped into the laps of municipalities\u2014without the resources and expertise to effectively carry out those responsibilities.\nWhile this legislation pays lip service to the need for farmland protection, Bill 23 will instead:\naccelerate farmland grabbing, placing more non-renewable farmland under the control of speculators and developers;\nre-zone thousands of acres of prime farmland to allow for development;\nincrease land prices\u2014something that new and young farmers can not afford\u2014and increase the cost of producing food locally;\neliminate agricultural systems mapping and impact assessments, critical tools for evidence-based decision-making (https://ontariofarmlandtrust.ca/2022/11/10/bill-23/);\nincrease fragmentation of rural and agricultural areas, placing further strain on rural communities;\nattack meager regional planning efforts to control urban sprawl, and dramatically alter the long-term planning framework, the Provincial Policy Statement;\nincrease, instead of limit, car dependent communities;\nincrease uncertainty over planning and conservation efforts, from the farm level to the municipality, and will do irreversible harm to the ability of our regions to produce good food over coming generations;\neliminate the growth plan density requirements;\nremove key infrastructure planning elements of the growth plan;\nallow settlement area expansions (Growth Plan, Planning Act changes);\nseparate development approvals (municipal) from infrastructure planning (upper tier) (Planning Act changes)\nprevent public and conservation authorities from appealing sprawl proposals to the Ontario Lands Tribunal (Proposed Amendments to the Ontario Land Tribunal Act, 2021)\nfacilitate developer appeals of official plans by eliminating a 2-year timeout (Planning Act amendments)\nallow developers to reduce payments for new infrastructure costs of sprawl (Development charge changes)\nCommunities Requires a Sustainable and Responsible Approach\nWith Bill 23 the provincial government is taking an unbalanced, radical approach that will produce harm\u2014an approach that seems to be singularly driven by the developer lobby\u2019s profit-driven priorities.  Rather than increasing enforcement to make up for the multimillion-dollar revenue shortfall in development fees, this legislation reduces those fees for developers\u2014without acknowledging that the shortfall left in municipal budgets is most often made up for by cutting community and social services, already insufficient to make up the serious gap on income security policies, also set at the provincial government.\nSimilarly, many changes in Bill 23 take responsibilities away from Conservation Authorities and hand them to municipal governments, who often have no experience or resources to carry out these duties.\nThe downloading of responsibilities to municipalities without the attendant budget; the promotion of housing construction without the associated municipal revenues required to service those neighbourhoods; the wholesale removal of regulations that hinder some home building, but which are required to prevent negative outcomes from construction elsewhere: this is an approach to governance that does not attempt to look for balance.\nWhile Ontario has not found this perfect balance to date, we recognize the need for balance. For one bill to tilt policy and slash regulation in so obviously one-sided a manner is undemocratic and unaccountable to people living in Ontario, policy experts, and our lower-tier  governments.\nFor our community, Lincoln, Bill 23 will have serious consequences that will not only impact us now but for generations to come. We agree that we need smart, sustainable development but don\u2019t believe that Bill 23 is the legislation that accomplishes this. Town of Lincoln Council and staff have already worked to update planning this year to meet the provincial growth targets to 2051 by revamping residential zoning by-laws to allow for higher density construction within urban boundaries and by carefully planning for large new high-density housing sites at appropriate locations - the new community at the waterfront in Vineland, former home of Prudhomme\u2019s Landing, and around the site of a future GO Station in Beamsville.  There is no reason to reduce municipal, regional and citizen input as the community is already on track to double the population while preserving agricultural, green belt and green lands, by 2051.\nWe want to see our green space, and green belt protected while growing our community. We want strong conservation authorities in our community.  If there is one thing the Covid 19 pandemic has taught us is that community green space is not only a hub for community connection but also vital to our mental and physical health. The rich Carolinian ecological zone and our fruitful agricultural lands are the heritage of generations to come, and must be protected, and enhanced - not irretrievably eliminated by sprawl that does not address the core of the housing access and affordability crisis. We encourage you to reconsider Bill 23 so that we can continue to have thriving communities for generations to come.\n"
    },
    "79818": {
        "url": "/comment/79818",
        "comment": "We need to protect the Greenbelt, and find an affordable housing plan that actually helps with the affordable housing crisis.\nThe climate crisis is the biggest issue of our time, and Bill 23 makes it worse. Building over the greenbelt will destroy carbon sinks, increase flood risks, increase traffic and car dependence, and eliminate many green building standards. This is the opposite direction of where we need to be heading!\nWe need to build within urban centres and there is enough space to do so. This allows people to access what they need with walking, biking and public transit.\nWe need more affordable housing, not more unaffordable housing in the suburbs.\n"
    },
    "79819": {
        "url": "/comment/79819",
        "comment": "1. The greenbelt was protected for a reason. It\u2019s awful that it could be reduced and it deeply concerns me with respect to the environment and biodiversity.\n2. This is the worst kind of political decision. It pretends to address a problem while completely ignoring the problem itself. This will not fix the housing problem and good governance should be looking at Europe\u2019s housing density solutions instead of urban sprawl. If there was any evidence urban sprawl worked, I wouldn\u2019t mind, but there isn\u2019t. And there is ample evidence that higher density closer to city works.\n3. There is obvious corruption. The timing of land purchases for somewhere that wasn\u2019t supposed to be developed is sickening. This is Canada. This blatant level of back room dealing shouldn\u2019t happen in robust democracies. This is third-world level corruption. It is outrageous not only that it happened but that it was so obvious. It lowers the level of public trust. I have never felt this ungrounded in my country for corruption reasons before.\n4. Aside from the blatant corruption of information being passed to parties to give unfair advantage, Doug Ford is benefiting directly from donations from these parties making the profit. This is so wrong it hurts to see it happening in Ontario.\n"
    },
    "79820": {
        "url": "/comment/79820",
        "comment": "Honor what you promised. Do not touch the greenbelt. I am quite sure all your buddies that you tipped off about the money they could make buying the land would be very upset if you canceled- sucks to be you. You think we will passively let you corrupt everything you touch, greenbelt, Healthcare, education etc. But we will not. There is plenty of other property available for building on. Your corruption is staggering. Hands off.\n"
    },
    "79821": {
        "url": "/comment/79821",
        "comment": "Thank you for being concerned about the dearth of housing in Ontario.  It is a significant problem that must be addressed.\nI cannot agree more that more housing is needed, and fast.  As a person who has been absorbing information from all sides of this issue, and as a scientist that is programmed to only make unbiased decisions based on facts and detailed analysis of a situation, I cannot support any legislation that would build houses on any of the existing land allocated as Green Belt lands.  It would be soundly unscientific,  definitely uneconomical and a very poor move politically, for a myriad of reasons.\nAs this is the Environmental registry I will only speak to the science.  \"Science\" in respect to building on the Greenbelt would  encompass ecology, biology, limnology, natural resource management, climate science, and human health, physical and mental.  The breath and depth of the potential effect on these areas that would come from this type of development is immense. It is too overwhelming immense to allow a provincial government to pass a bill that would affect all these areas without great and meaningful consideration of the negative impacts.\nYou will not find a scientific expert out there that does not know that the impacts of more development on the Greenbelt can only have detrimental effects on our ecology, and all the related systems.\nThere are many other better locations to build houses.  Science and common sense dictate that Greenbelt lands, that were put under protection for valid scientific reasons, should not be re-designated as building site for housing.  New residences should be put on existing lands already within towns and cities.\nI will not go into the science as you already have all the detail you need.\nJust please listen to the science you have been presented with.\nDon't allow building on existing Greenbelt.  To leave it alone is simple. It is smart.\nThank you.\n"
    },
    "79822": {
        "url": "/comment/79822",
        "comment": "This is a horrible idea. I\u2019m strongly in favour of building affordable, sustainable housing, but this is *not* a plan that would support that end goal. We need to protect our critical environmental resources, and the Greenbelt is one of them. This plan would open Ontario up to further environmental destruction, and would not effectively working towards the kind of housing that will help solve our crisis. Moreover, this is walking back a political promise that deserves upholding. Please reconsider.\n"
    },
    "79825": {
        "url": "/comment/79825",
        "comment": "Repeal Bill 23 and protect OUR Greenbelt.   You promised you wouldn\u2019t touch it!    Keep your promise!\nThe Greenbelt doesn\u2019t belong to you and your developer friends!   It belongs to us and our future.   It belongs to us and our grandchildren.  It belongs to us and to the plants and animals that live there.  And it belongs to us and the farmers who grow our food!\nRepeal Bill 23!\nRepeal Bill 23!\nKeep your promise!\n"
    },
    "79826": {
        "url": "/comment/79826",
        "comment": "The loss of prime Greenbelt farmland and environmentally sensitive areas would be tragedy in this time of environmental crisis. The Global situation today should make it clear that relying on globalization for basic goods like food is insecure and places Ontario in a vulnerable position for the future. Furthermore, the Greenbelt homes will just be adding to urban sprawl that further contributes to our environmental crisis. Ontario certainly needs more homes, but not on prime and irreplaceable farmland that is among the best in the world. Finally, it seems that this move will only create a minimal number of homes, which will do little to help the housing crisis in the short or long term. This is a shortsighted decision and I strongly Hope the Ford government will reconsider this move.\n"
    }
}