{
    "75134": {
        "url": "/comment/75134",
        "comment": "Leave the green belt alone!\nBuild up instead of sprawling into the greenbelt, which will mean more cars on the road adding to congestion & pollution.\nI live in Toronto, why not provide financial incentives for adding storeys to the MYRIAD of existing 2 storey buildings that line so many of our main streets. Take a page from European cities!\n"
    },
    "75138": {
        "url": "/comment/75138",
        "comment": "After reviewing the available public consultation materials, in my opinion there is insufficient evidence to demonstrate that these amendments represent a net positive to the environment or public. While technically there is an increase in area proposed to be added to the greenbelt, the swap should also consider the inherent environmental quality of the parcels.\nIt's been indicated that these modifications are to provide new housing. Building new housing for the sake of new housing is thinking purely in the short term, and does not benefit the public. Several areas proposed to be removed from the greenbelt to provide said housing are in the outskirts of municipalities, in areas which are underserved by transit, isolated from critical amenities and adjacent to sensitive natural environments which will be impacted by construction activities. Ten years from now, these homes will be permanently locked into car dependent locations which will never be served by transit or amenities, and will be located far from any notable employment and retail areas. This type of housing is inefficient sprawl which is known to increase municipal costs, which impacts taxes of all property owners. I find it very difficult to believe these areas are the best opportunities for housing to be built.\nAlso, the area being proposed to be added to the greenbelt is an area if which a significant portion is already protected through other mechanisms. This means there will be NO ACTUAL additional protection for the natural environment. Overall, this amendment to the Greenbelt Plan ignores the intent and purpose of the Greenbelt plan, and is incompatible with the Ontario Places to Grow Act, which states: \"designed to promote economic growth, increase housing supply, create jobs and build communities that make life easier, healthier and more a\ufb00ordable for people of all ages.\"\n"
    },
    "75143": {
        "url": "/comment/75143",
        "comment": "I am extremely outraged, disappointed and saddened, but not surprised, by this recent move by the Ford government to trump rights and democratic voices, and go back on promises that were made to the public about the Ontario Greenbelt lands in favor of cronyism and developer profit. I am gobsmacked that this government would make this irresponsible move to allow development of the protected, environmentally sensitive Greenbelt during a global climate crisis on the heels of their decision to remove environmental authority input and oversight in land use and development. The proposed amendments to the Greenbelt Plan have nothing to do with creating affordable housing for Ontarians and newcomers and everything to do with paying back Ontario PC developer donors.  If this PC government was truly concerned with creating affordable housing they would focus on increasing affordable housing requirements in new developments and strengthen rental replacement programs.\nLike with Bill 28, Ontarians are speaking out against the blatant abuses of power by the Ford government. The collective, informed voices of Ontarians will not be silenced. Please respect Ontarians, our children\u2019s future and our productive green spaces and reverse this decision!\n"
    },
    "75147": {
        "url": "/comment/75147",
        "comment": "We can not continue to eat up our precious resources.  Do you not understand that there are living beings that already occupy the wetlands?  We don't need more land to build on.  We have lots of unoccupied land that have rundown and deserted buildings that, not only appear unsightly, but more importantly, these buildings and deserted properties present huge safety hazards.\nPLEASE, do the right thing.  Mother Earth depends on YOU.\n"
    },
    "75148": {
        "url": "/comment/75148",
        "comment": "The greenbelt is one of the most precious assets in Ontario. The enrichment it brings, both in terms of natural environments and agricultural land cannot be overstated.\nThe Ontario greenbelt is one of the most fertile places in Canada. We need this land intact for the health of Ontarians, the rest of the country, and the world.\nThe housing crisis is not caused by lack of houses in Ontario. It is caused by the pressures on the rental systems, including AirBnB units.\nYour proposal to convert greenbelt land to real estate developments is short sighted. It does not address the root causes of the housing crisis, and so can never solve it. And in the meantime, it proposes to create devastation in areas of natural beauty and agricultural resource.\nProtect the greenbelt. Let you legacy be one of goodness and good governance. Solve the housing crisis through addressing the root causes of the crisis in the rental sector. Let our children, grandchildren and great grandchildren enjoy access to the great natural beauty and agricultural richness of Ontario.\n"
    },
    "75150": {
        "url": "/comment/75150",
        "comment": "This is absolutely the wrong way to go about increasing affordable housing in Ontario. The proposal will destroy important habitat, decrease greenspace in urban areas that is important for heat reduction in our warming climate, decrease the amount land locally available for food production which increases food costs, and will serve only to put more cars on the road as people are forced to commute from farther outside the core.  This proposal does nothing to provide affordable housing to low income families and is completely incompatible with the urgent need to address the climate crisis.  This proposal serves the greed of developers at the expense of the people of Ontario.\n"
    },
    "75151": {
        "url": "/comment/75151",
        "comment": "I am extremely concerned about the cost of housing and applaud the provincial government's efforts to address this with the housing bill. Changing zoning and removing red tape on increasing density within the city limits, including allowing laneway housing, removing the fee for dividing a single-family house, adding a fee for collapsing a multi-unit house into a single-family house, and severely curtailing the range of blocks that are zoned only for single-family housing are all great ideas!\nHowever, opening up the Green Belt for development is an incredibly unwise way to solve this problem. We desperately need the ecological services the Green Belt provides to keep the city resilient against climate change. The current Green Belt appropriations amount to using the housing crisis as an excuse for a land grab that will funnel cash into the pockets of developers, and creating yet more of the low-density, carbon-intensive sprawl that got us into this mess. This is particularly the case with the new highway - more vehicular emissions will exacerbate the climate crisis and divert funding from less resource-intensive public transit.\nPlease reconsider the Green Belt appropriations and the highway. They are blemishes on an otherwise valuable intervention.\n"
    },
    "75152": {
        "url": "/comment/75152",
        "comment": "I am a young professional starting out my career, as well as saving for a house. This proposal, \"Proposed Amendments to the Greenbelt Plan \" is absolutely asinine. It is a greedy push for Doug Ford to get his payout from housing developers. This plan will not benefit me, or anyone like me, as the houses that are being built will not be affordable. Building more single family houses does not \"solve\" a housing crisis - affordable high density housing is the answer. Furthermore, this proposal strips away protections for the Greenbelt, a environmentally significant area in our ecosystem. Without the Greenbelt, expect more flooding and less biodiversity. With a climate disaster on the horizon, Ontario should be doing more to PROTECT our environment. I As well, this proposal limits Municipalities' decision making powers on housing developments, taxes, and protections for the common citizen. This proposal is not only harmful, it is shameful. I do not support any Amendments to the Greenbelt Plan, and Doug Ford should be investigated for corruption as he is clearly in the pockets of big developers and not the people he purports to represent.\n"
    },
    "75154": {
        "url": "/comment/75154",
        "comment": "This proposed plan has been clearly created to benefit only the developers who purchased these plots of land with the intention of having the Greenbelt protections be stripped away so they can make profits. None of the proposed ideas make sense when you compare to the municipal level of action plans in regards to meeting the goals of new builds and homes for citizens. Hamilton alone has stated they have enough space and will reach their goal of affordable housing and development within their cities borders, they just had consultations and a vote, and now this proposal completely overrides that??? Where is our democracy? You will say I had a say with this as I am able to comment but will this comment be taken seriously? When the government promises not to touch legislative Protected lands and goes against that once re-elected, you know it was his intentions the whole time. Why are not all these homes designated as non-profit? If we truely have a housing crisis why are we still allowing developers and landlords make money off this system? The Greenbelt was protected from developers for a reason, and not only but removing the protections will we see environmental catastrophe, but it will be expedited with these removal of process, approvals, clearance and red tape measures that are put in place to stop irreparable damage to our land and earth. Climate change is real, we are actively looking at our earth becoming inhospitable and yet we want to dig and destroy more lands that help reverse some of that damage? Shame on you and our politicians who are suppose to protect and defend what the public and people want. It's truly devastating.\n"
    },
    "75158": {
        "url": "/comment/75158",
        "comment": "The greenbelt as it stands is a once in a life time creation. Taking any of it away would be as short sighted as developing central park instead of building density around it. We should be adding to its size every year, not taking from it at any time.\nThere are almost endless areas that could be redeveloped and density increased across the gta. We have learned that a more dense city is a more sustainable city and sprawl only leads to loss of ecological systems and irreversible climate damage.\nWe need to do the right thing and preserve the greenbelt so generations after us have it to enjoy.\n"
    },
    "75159": {
        "url": "/comment/75159",
        "comment": "This bill greatly concerns me as a lifetime resident of Ontario. As the Narwhal and Toronto Star's recent investigations have shown, it is tantamount to legislated corruption in the open to benefit Conservative donors.\nPutting that aside, it is a terrible policy on virtually every front, as remarked upon by the mayors of all outlying municipalities and experts in the field. At this stage it is virtually impossible to find support for this bill, outside of the PC government. It severely reduces affordable housing, will cost municipatlities and their tax payers billions over the next few years, will increase flood risk not only in the areas being developed but in outlying areas that will lack the controls currently in place, and put the nail in the coffin for several endangered migratory bird species.\nThe solution to the housing crisis lies in building density, not sprawl. With this bill on the cusp of passing, I would encourage all working within regional municipal offices, and the labour movement in general, to begin organizing a general strike and, where possible, boycotts. It appears to be the only language this government understands.\n"
    },
    "75164": {
        "url": "/comment/75164",
        "comment": "I think it is disgusting that the Ontario government is proposing these changes to the Greenbelt. I live in Durham region. I drive by the proposed removal of land in Ajax along the 401 and have often admired the deer standing in that space. We already have a problem with wildlife having reduced habitats to live in, coyotes walking through neighbourhoods. Will we need to drive 2 hours out of our cities to admire green spaces? Leave the Greenbelt alone and keep your promise to the people pre-election that you will leave it untouched. I would like my kids to grow up and be able to drive 15 minutes up the road and visit farms and enjoy some green space.\n"
    }
}