{
    "65920": {
        "url": "/comment/65920",
        "comment": "If we keep equating progress with development we\u2019ll continue down a path that benefits only those involved with the development and nobody else. And seriously you all still think that damaging this planet further is something to be tested?  I do not want to go through harsher economic nor environmental times in the next 20 years. I think enough is enough by now. It\u2019s time to shift perspectives and they must come quickly from those in charge or people will reach their tipping points fast. Nature is nearly there and, remember, not even god could sink the titanic right? Best of luck \ud83d\udc4d\n"
    },
    "65921": {
        "url": "/comment/65921",
        "comment": "Absolutely disgusting that this is even being proposed. These lands are protected for a reason.  It isn\u2019t as simple as just \u201cadding more land somewhere else\u201d as Doug Ford wants to say. They are protected lands, ecosystems, and wildlife and those habitats and animals can\u2019t just hop on the highway and relocate. It is horrific and truly scummy behaviour to put forward such an idea.\n"
    },
    "65922": {
        "url": "/comment/65922",
        "comment": "As a tax paying citizen of Ontario I simply refuse to see the greenbelt protection removed. I do not accept the removal of rights of the Conservation authority. I do not approve of or consent to the development of a new highway in the greenbelt.\nThere are other areas in Ontario that can be developed without removing protection on our watersheds. These areas are designed to protect our wildlife and conserve their habitats while also protecting properties from flooding.\nNo to this entire process. Not now, not ever.\n"
    },
    "65923": {
        "url": "/comment/65923",
        "comment": "Please consider utilizing existing infrastructure to expand housing options for low and middle income earners and support employment in these areas as well. Please consider that this space was deemed protected from these types of proposals specifically.\n"
    },
    "65924": {
        "url": "/comment/65924",
        "comment": "This is an absolutely terrible idea for all of Ontario and will only benefit Doug Fords friends.\nIt\u2019s time the government looked at purchasing existing empty building and repurposing them for rent controlled housing.\nIf I was this terrible at my job as the current provincial government is id be fired. This is ridiculous.\n"
    },
    "65929": {
        "url": "/comment/65929",
        "comment": "The green belt is a home to many species of animals. We do not need more mansions. Please consider using all the empty office buildings for affordable housing ! Please remember money cannot buy air. We need the green belt for the sake of air quality as well. Human greed must have boundaries. Don\u2019t do this, please.\n"
    },
    "65932": {
        "url": "/comment/65932",
        "comment": "I do not support the use of Green Belt lands for the sake of housing development as outlined in this proposal.\nThere are surely other options available to the current government to re-zone already developed lands or convert existing buildings/structures for multi-use or residential housing.\nThe GTA currently has thousands of square feet of vacant commercial space that could be re-zoned for residential purposes.\nOpening up the Green Belt to land developers will not result in the types of housing that people currently need. These corporations will only seek to maximize profitability and will no doubt end up using this lands to build single family detached homes.\nThis province is struggling through an affordable housing crisis, and destroying conservation lands to build more single family homes is not a solution.\n"
    },
    "65934": {
        "url": "/comment/65934",
        "comment": "This is ridiculous and something Ontarians do not believe in. Our green belt contains a variety of irreplaceable nature, animals, and other wildlife that would be all but wiped out with this plan. There is are so many buildings unused from the pandemic that can be repurposed from commercial to low-income housing with minimal rezoning. Opening protected lands that the Premier promised not to touch shouldn\u2019t be an option to fix our housing crisis.\n"
    },
    "65935": {
        "url": "/comment/65935",
        "comment": "This proposed change is offensively, transparently corrupt. As this story (linked below) shows, these lands are largely already owned by housing developers. I looked up some of these properties myself, and found that some of them were purchased in the past few months for tens of millions of dollars. Why would a housing developer buy protected land they can't use for tens of millions of dollars just a month before Bill 23 was introduced? Clearly they knew what was coming. I'm disgusted. I feel betrayed by my own government.\nNot only is the loss of ANY agricultural land of deep concern and incredibly short-sighted, this change will NOT produce affordable housing. Affordability is largely a factor of density, and the neighbourhoods that will be built here will not be apartment high-rises, they'll be sprawl. Sprawl is NOT affordable. The fact that the need for affordable housing is being used to justify this land theft is reprehensible. (I say theft because that land belongs to the people who will need it to eat in the future, not people who want to build mcmansions today. That's the point of preserving it.)\nPlease reconsider this change. It is not in the interests of any Ontarians, present or future, except for the developers who will profit off of sprawl.\n"
    },
    "65942": {
        "url": "/comment/65942",
        "comment": "It's important for you to see that your promises matter, so I am commenting here. You know perfectly well that you already promised to not do this and you're obviously using current events as a distraction to slip this by. That's what crooked,  corrupt politicians  do. Now do as you promised and leave the Greenbelt act alone!\n"
    },
    "65944": {
        "url": "/comment/65944",
        "comment": "This is absolutely abhorrent. We can\u2019t let our protected land be destroyed, animals displaced and habitats wiped out just so our premier\u2019s friends can put more money in their pockets. We need to start protecting our environment and stop allowing it to be destroyed in the name of capitalism masked as helping citizens.\n"
    },
    "65946": {
        "url": "/comment/65946",
        "comment": "This is unspeakable. This land is protected land that we the people do not want turned into more unaffordable homes. The housing crisis won\u2019t be fixed by building more expensive housing. This is a scheme to make profits for government investors along the new highway (also something no one wants).\nStop pretending like you have a majority government with just 17% of the votes means you can do whatever you want to line your own pockets. Healthcare and education need attention and investments. They should be your sole focus right now.\n"
    }
}