{
    "80409": {
        "url": "/comment/80409",
        "comment": "I think the proposal is a good idea. There is an ongoing housing facing the entire province currently and I am happy to see that there is some kind of plan in mind to address this very salient issue. I would just hope to see if there is some information provided about potential environmental impacts and impacts on communities and people living within or in close proximity to the new homes. I would also like to see some policies regarding housing prices, eco-friendly homes, and housing the vulnerable. Thank you!\n"
    },
    "80410": {
        "url": "/comment/80410",
        "comment": "Absolutely not! I do not support the actions of the Ontario provincial government. They are making these decisions to line the pockets of their wealthy friends and benefit politically for themselves. Destroying the greenbelt and the environment for financial gain is not only ethically and morally wrong, there are implications here that will trickle down to future generations. They must be stopped.\n"
    },
    "80412": {
        "url": "/comment/80412",
        "comment": "It is reprehensible greed and the actions of corrupt politicians and the 1% that makes up the super-wealthy that has created world-wide climate change. And your government's reaction to this horrific crisis is to contribute to the destruction of greenspace, wildlife habitat...all for greed.\nFuture generations will suffer from your deplorable actions that contribute to extreme weather, drought, erosion, floods, wildfires, wildlife extinction etc. But the Ford Government does not care one iota about the environment, nor that the climate crisis is spinning wildly out of control.\nYour concern is not what future generations have to live with. Your only concern is benefiting your uber-wealthy Conservative supporters who've purchased this land, and lining your own pocketbooks.\nDisgraceful.\n"
    },
    "80413": {
        "url": "/comment/80413",
        "comment": "I do not support the proposed changes to the Greenbelt plan. While it is clear to all of us that there is indeed a housing crisis in Ontario, reducing protected lands should not be our answer. In the midst of the current climate crisis which we are already poorly addressing, it is not appropriate to remove protected lands for building homes. You are merely appearing to take action on a problem now, with questionable results, only to contribute to additional problems in our future.\nAlmost anywhere you look in cities and suburbs, new homes are already being built. How many homes end up being sold to families who will actually live in the homes, versus landlords who only seek to rent them back to families at higher prices, therefore reducing the supply of homes and furthering the housing crisis? What is being done to ensure that new homes are sold to people who need a home and not to simply put more money in the pockets of landlords? What is being done to ensure that the homes are actually affordable?Removing Greenbelt land as a means to appear as if our Government is taking action without solving the real problems that are keeping families from accessing homes is lazy and unacceptable. You do not have my support for this change.\n"
    },
    "80414": {
        "url": "/comment/80414",
        "comment": "I am strongly opposed to Ontario Bill 23 Building More Homes Faster, and in particular to the removal of lands from the Greenbelt for development. The protection of these lands was ensured by the  Greenbelt Act of 2005. in these times of climate change and rampant degradation of natural areas, I don\u2019t think that anything to do with development should be done \u201cfaster\u201d. If anything, more time should be allowed for environmental studies to determine which areas are most suitable for development. And, of course, the focus should be on building more affordable housing as that is what is needed right now.\nI have a few specific concerns in my particular area:\n1. The changes proposed by Bill 23 are contrary to the Land Use Plan which was just passed by Niagara Region. I strongly feel that development should be \u201cplanned\u201d and not just\n2. Agricultural lands in our unique Niagara region need to be protected. If developed, we will lose a prime areas for production of soft fruits, vegetables and wine grapes.\n3. \u201cLand swaps\u201d should not be allowed. The result will be the loss of important habitats and the gain of other marginal land. It is doubtful that low-income housing would be built on the prime greenbelt lands which the developers want.\n4.  Developers should not be given any breaks on land development fees. This will result in the town or region having to pay more for infrastructure etc., and ultimately raise in taxes in the affected areas.\n5.   The monetary donations of Developers and development companies to political parties (especially the Ontario Conservatives), should be investigated, and perhaps limited, so that Ontario citizens can be sure that these contributions do not affect the decisions made by the government in power.\n"
    },
    "80418": {
        "url": "/comment/80418",
        "comment": "The proposed plan is a waste of taxpayer money and resources.  The plan destroys critical farmland which provides a significant amount of the food Ontario residents consume pushing up the cost of food by creating the need to import more food.\nThe plan fails to account for the significant public investment in infrastructure and transit necesarry to support development in these areas.  Additional housing needs to be built in existing cities and towns where the infrastructure to support these new homes exists or can be upgraded to support new homes.\nThe plan does not require development be conducted where flood plains are known to exist.\nThe plan is tainted by the apparent breach of public trust where developers were provided advanced information of the plan.  The plan does not profit the public. It does profit PC Party of Ontario insiders and donors which is not in the general public intereset.\nThis plan, when added to the wasteful destruction of wetlands from the 413 project, will signficantly impact Ontario tourism through the loss of wildlife habitat.\n"
    },
    "64916": {
        "url": "/comment/64916",
        "comment": "I don't believe that developing the greenbelt is a good idea. We are in a climate crisis, and the removal of natural spaces around the GTA would be detrimental to the existing wildlife, watersheds, and the heat island effect for the surrounding cities. To name a few issues this would impact.\nAlthough Ontario is in a housing crisis, densifying previously developed lands is a much more effective and eco-minded way to adding housing units.\nWe don't need another subdivision or luxury condos. I don't want a space I enjoy and benefit from to be destroyed so that a few developers can continue to line their pockets.\n"
    },
    "65103": {
        "url": "/comment/65103",
        "comment": "Please:\nLearn from the past decades of mistakes. Learn from other places that have figured out how to densify properly and build out transit accordingly .\nWe have limited farmland, we don't need more car-centric suburbs or highways perpetually having a lane added.\nBuild up not out.\nGet some proper high speed trains across Ontario finally.\nI know this is about your voting/donating crowd happy but there is a lot more at stake here for generations of Ontarians to come. Builders and real estate don't need to be subsidized any longer.\nPlease do the right thing and keep your promise. You can really win over some people with this.\n"
    },
    "65750": {
        "url": "/comment/65750",
        "comment": "I would like to voice my opinion on the proposed amendments to the Greenbelt Plan.\nI am opposed to removal of ANY land from our Greenbelt and support any additions.\n1.\tDuring the 2018 campaign, Doug Ford made the promise that he would not develop any lands in the Greenbelt.  That promise should be kept.\n2.\tThe residents of Hamilton do NOT want to expand the urban boundaries.  The City has a mandate from the residents to develop within its boundaries.  There are many green fields, brown fields and parking lots within city limits.  The development of these lands should be the first priority.\n3.\tHamilton has a vast area filled with detached single-family homes, making public transit difficult to provide in a cost-effective manner.   These suburbs should be transitioned to higher density housing with the main roads featuring mixed commercial/residential.  Re-development of these urban sprawls should be the second priority.\n4.\tThe City of Hamilton will be able to meet its growth forecast for many years to come if development occurs in the areas outlined in point 2 and 3.\n5.\tDue to climate change, as a province, we need to minimize our reliance on passenger vehicles.  This can only happen when individuals can use public transit or walk to meet their needs.\n6.\tDue to climate change, as a province, we need to transition from imported food to locally sourced foods as much as possible.  This can only happen if we have farmland available.  The lands identified in map 9 and 10 currently contain a significant amount of fertile farmland.  I am not familiar with the lands in map 11, so do not know how fertile the soils are.\n7.\tDue to climate change, Ontarians must come to the realization that if they do not work from home, they must live close to where they work.  In my opinion, the City of Hamilton is encouraging mixed use commercial buildings which supports this vision.\n"
    },
    "65757": {
        "url": "/comment/65757",
        "comment": "Once again, developers money rules and Ford drools. When are politicians going to learn once gone it can never come back?  The green belt was created based on specific criteria. Switching white belt for green belt VIOLATES that criteria.  It bothers me because my mayor in Stouffville wants to do the same thing by the 404.   Your creating a president and he will no doubt use this the Greenbelt here and he has vocally admitted its all about money. You won a majority based on lack of competition, not for your development policies. More affordable  housing means less burden of cost, not more housing for developers profit.  Stay away from the Greenbelt for our children\u2019s children\u2019s sake.\n"
    }
}