{
    "79529": {
        "url": "/comment/79529",
        "comment": "Please allow for more families to afford to move to Hamilton!\nERO FILE NUMBER 019-6216\nProposed Amendments to the Greenbelt Plan\nLands Located in the City of Hamilton\nSouth of Garner Road West, West of Fiddlers Green Road, East of Shaver Road, in the Vicinity of Book Road West \u2013 Map 9 to ER0 FILE 019-6216\nI strongly support the removal of these lands from the Greenbelt for the following reasons:\nThe lands are adjacent to existing settlement areas;\nThe lands are adjacent to the edge of the Greenbelt area boundary;\nThe lands have the potential to be serviced in the near-term with local infrastructure upgrades to be entirely funded by proponents; and\nThe lands proposed for the removal have the characteristics that would enable housing to be built in the near term;\nThe subject lands were inappropriately and precipitously added to the Greenbelt in 2016 without proper consultation with residents and businesses in the area;\nThe inclusion of the subject lands in the Greenbelt in 2016 was contrary to the City of Hamilton\u2019s staff position and that of their consultants engaged in the Greenbelt review process;\nThere is no planning or scientific justification to support the inclusion of the lands in the Greenbelt.  The inclusion appeared totally arbitrary;\nI understand that the City of Hamilton requires these lands to meet housing needs to address affordability and supply issues.  This is an area that affords excellent accessibility to major highways and community services in the abutting urban area of Hamilton and the Ancaster community.  I strongly support the Provincial initiatives to increase the supply of housing in the community.\n"
    },
    "79530": {
        "url": "/comment/79530",
        "comment": "ERO FILE NUMBER 019-6216\nProposed Amendments to the Greenbelt Plan\nLands Located in the City of Hamilton\nSouth of Garner Road West, West of Fiddlers Green Road, East of Shaver Road, in the Vicinity of Book Road West \u2013 Map 9 to ER0 FILE 019-6216\nI strongly support the removal of these lands from the Greenbelt for the following reasons:\nPLEASE, AFFORDABLE HOUSING!\nThe lands are adjacent to existing settlement areas;\nThe lands are adjacent to the edge of the Greenbelt area boundary;\nThe lands have the potential to be serviced in the near-term with local infrastructure upgrades to be entirely funded by proponents; and\nThe lands proposed for the removal have the characteristics that would enable housing to be built in the near term;\nThe subject lands were inappropriately and precipitously added to the Greenbelt in 2016 without proper consultation with residents and businesses in the area;\nThe inclusion of the subject lands in the Greenbelt in 2016 was contrary to the City of Hamilton\u2019s staff position and that of their consultants engaged in the Greenbelt review process;\nThere is no planning or scientific justification to support the inclusion of the lands in the Greenbelt.  The inclusion appeared totally arbitrary;\nI understand that the City of Hamilton requires these lands to meet housing needs to address affordability and supply issues.  This is an area that affords excellent accessibility to major highways and community services in the abutting urban area of Hamilton and the Ancaster community.  I strongly support the Provincial initiatives to increase the supply of housing in the community.\n"
    },
    "79531": {
        "url": "/comment/79531",
        "comment": "Dear Minister Clark:\nI am writing to provide feedback in response to the Ministry of Municipal Affairs and Housing\u2019s Proposed Amendments to the Greenbelt Plan, as posted on the Environmental Registry of Ontario for consultation (ERO number: 019-6216).\nI do not support removing lands from the Greenbelt Area and I do not support the proposed amendments to the Greenbelt Plan (ERO 019-6216), or to the Greenbelt Area boundary regulation O. Reg. 59/05 (ERO 019-6217), or to the Proposed redesignation of land under the Oak Ridges Moraine Conservation Plan O. Reg. 140/02 (ERO 019-6218).\nThe government\u2019s proposal contradicts its previously stated public commitments to protect the Greenbelt; it undermines the importance of green space and the impact of climate change; and it does not solve Ontario\u2019s housing crisis or realistically acknowledge the issues that have led to the crisis.\nI acknowledge that the housing crisis in Ontario is complex and needs to be examined from a systems perspective. While available space is an important factor, it is my understanding from the Ontario Housing Affordability Task Force, an expert government panel,  that \u201ca shortage of land isn\u2019t the cause of the problem.\", especially when 14,000 hectares of non-greenbelt land has already been released for development.  Any new housing should be built where there are existing roads, parks, transit, schools, and not on protected Greenbelt land.\nI also believe that protecting the integrity of the Greenbelt is an essential strategy for our collective resilience against the impact of climate change.  The November 2022 report by the United Nations\u2019 High\u2011Level Expert Group on the Net Zero Emissions Commitments of Non-State Entities, recommends that \"Cities and regions should look to promote compact, dense development that is better able to protect existing nature and build up new and additional natural systems. Examples include: adding transit\u2011oriented (not car\u2011oriented) development, avoiding greenfield development, retrofitting old buildings/infrastructure (instead of building new), and establishing protection areas around water resources like wetlands, streams, reservoirs and coastal ecosystems. These actions can serve not only to preserve nature and ecosystems but also to provide climate adaptation and resilience, as well as equity benefits, in urban settings.\"\nWe are at a critical moment for humanity. As the climate changes, the safety and prosperity of our cities is put at risk. According to the Climate Atlas, Toronto will experience wetter springs and winters, and modelling suggests that by 2049, Toronto will experience 46 additional days (on top of the current 20) where temperatures exceed 30\u00b0C.\nThe Greenbelt's forests and wetlands have a huge role in helping mitigate climate change from carbon storage, temperature regulation, to the protection from flooding and drought. As outlined in a  previous report, Ontario\u2019s wealth Canada\u2019s future: Appreciating the Value of the Greenbelt\u2019s Eco-Services, the annual value of the ecosystem services provided by the Greenbelt is estimated at  over $40 billion since the establishment of the Greenbelt. The report goes on to explain:\nThe Greenbelt\u2019s wetlands and forests hold the greatest value, worth over $2.3 billion. Wetlands are worth an estimated $1.3 billion per year ($14,153/hectare) because of their high value for water regulation, water filtration, flood control, waste treatment, recreation, and wildlife habitat. Forests provide key services worth $989 million each year because of their importance for water filtration services, carbon storage services, habitat for pollinators, wildlife, and recreation. The Greenbelt\u2019s agricultural lands total value is also substantial at an estimated $329 million per year including cropland, idle land, hedgerows, and orchards. Key values include the pollination value of idle land and hedgerows, the storage of carbon in soils, and the cultural value of agricultural lands.\nThe Greenbelt protected area must remain protected \u2013 it is vital to the well-being of our province, our environment, and our citizens \u2014 and it must not be cut and lands should not be moved. I do not support the proposed amendments to the Greenbelt Plan (ERO 019-6216), or to the Greenbelt Area boundary regulation O. Reg. 59/05 (ERO 019-6217), or to the Proposed redesignation of land under the Oak Ridges Moraine Conservation Plan O. Reg. 140/02 (ERO 019-6218).\nThank you for your consideration.\n"
    },
    "79532": {
        "url": "/comment/79532",
        "comment": "ERO FILE NUMBER 019-6216\nProposed Amendments to the Greenbelt Plan\nLands Located in the City of Hamilton\nSouth of Garner Road West, West of Fiddlers Green Road, East of Shaver Road, in the Vicinity of Book Road West \u2013 Map 9 to ER0 FILE 019-6216\nI strongly support the removal of these lands from the Greenbelt for the following reasons:\nAFFORDABLE HOUSING PLEASE!!!\nThe lands are adjacent to existing settlement areas;\nThe lands are adjacent to the edge of the Greenbelt area boundary;\nThe lands have the potential to be serviced in the near-term with local infrastructure upgrades to be entirely funded by proponents; and\nThe lands proposed for the removal have the characteristics that would enable housing to be built in the near term;\nThe subject lands were inappropriately and precipitously added to the Greenbelt in 2016 without proper consultation with residents and businesses in the area;\nThe inclusion of the subject lands in the Greenbelt in 2016 was contrary to the City of Hamilton\u2019s staff position and that of their consultants engaged in the Greenbelt review process;\nThere is no planning or scientific justification to support the inclusion of the lands in the Greenbelt.  The inclusion appeared totally arbitrary;\nI understand that the City of Hamilton requires these lands to meet housing needs to address affordability and supply issues.  This is an area that affords excellent accessibility to major highways and community services in the abutting urban area of Hamilton and the Ancaster community.  I strongly support the Provincial initiatives to increase the supply of housing in the community.\n"
    },
    "79533": {
        "url": "/comment/79533",
        "comment": "ERO FILE NUMBER 019-6216\nProposed Amendments to the Greenbelt Plan\nLands Located in the City of Hamilton\nSouth of Garner Road West, West of Fiddlers Green Road, East of Shaver Road, in the Vicinity of Book Road West \u2013 Map 9 to ER0 FILE 019-6216\nI strongly support the removal of these lands from the Greenbelt for the following reasons:\nWE NEED TO AFFORD HOUSES!\nThe lands are adjacent to existing settlement areas;\nThe lands are adjacent to the edge of the Greenbelt area boundary;\nThe lands have the potential to be serviced in the near-term with local infrastructure upgrades to be entirely funded by proponents; and\nThe lands proposed for the removal have the characteristics that would enable housing to be built in the near term;\nThe subject lands were inappropriately and precipitously added to the Greenbelt in 2016 without proper consultation with residents and businesses in the area;\nThe inclusion of the subject lands in the Greenbelt in 2016 was contrary to the City of Hamilton\u2019s staff position and that of their consultants engaged in the Greenbelt review process;\nThere is no planning or scientific justification to support the inclusion of the lands in the Greenbelt.  The inclusion appeared totally arbitrary;\nI understand that the City of Hamilton requires these lands to meet housing needs to address affordability and supply issues.  This is an area that affords excellent accessibility to major highways and community services in the abutting urban area of Hamilton and the Ancaster community.  I strongly support the Provincial initiatives to increase the supply of housing in the community.\n"
    },
    "79535": {
        "url": "/comment/79535",
        "comment": "ERO FILE NUMBER 019-6216\nProposed Amendments to the Greenbelt Plan\nLands Located in the City of Hamilton\nSouth of Garner Road West, West of Fiddlers Green Road, East of Shaver Road, in the Vicinity of Book Road West \u2013 Map 9 to ER0 FILE 019-6216\nI strongly support the removal of these lands from the Greenbelt for the following reasons:\nThese lands abut Walmart and Highway! Greenbelt must make sense!\nThe lands are adjacent to existing settlement areas;\nThe lands are adjacent to the edge of the Greenbelt area boundary;\nThe lands have the potential to be serviced in the near-term with local infrastructure upgrades to be entirely funded by proponents; and\nThe lands proposed for the removal have the characteristics that would enable housing to be built in the near term;\nThe subject lands were inappropriately and precipitously added to the Greenbelt in 2016 without proper consultation with residents and businesses in the area;\nThe inclusion of the subject lands in the Greenbelt in 2016 was contrary to the City of Hamilton\u2019s staff position and that of their consultants engaged in the Greenbelt review process;\nThere is no planning or scientific justification to support the inclusion of the lands in the Greenbelt.  The inclusion appeared totally arbitrary;\nI understand that the City of Hamilton requires these lands to meet housing needs to address affordability and supply issues.  This is an area that affords excellent accessibility to major highways and community services in the abutting urban area of Hamilton and the Ancaster community.  I strongly support the Provincial initiatives to increase the supply of housing in the community.\n"
    },
    "79537": {
        "url": "/comment/79537",
        "comment": "Our agricultural lands are irreplaceable. Where will our food come from once they are developed?\nThe Green belt conservation has been thoroughly ans critically studied to create a healthy watershed and ecosystem. How can you ignore science?\nHands off the Green Belt. Do you not have grandchildren? Do you not understand what this means for them?\n"
    },
    "79538": {
        "url": "/comment/79538",
        "comment": "ERO FILE NUMBER 019-6216\nProposed Amendments to the Greenbelt Plan\nLands Located in the City of Hamilton\nSouth of Garner Road West, West of Fiddlers Green Road, East of Shaver Road, in the Vicinity of Book Road West \u2013 Map 9 to ER0 FILE 019-6216\nI strongly support the removal of these lands from the Greenbelt for the following reasons:\nAFFORDABLE HOUSING IS A CRISIS!\nThe lands are adjacent to existing settlement areas;\nThe lands are adjacent to the edge of the Greenbelt area boundary;\nThe lands have the potential to be serviced in the near-term with local infrastructure upgrades to be entirely funded by proponents; and\nThe lands proposed for the removal have the characteristics that would enable housing to be built in the near term;\nThe subject lands were inappropriately and precipitously added to the Greenbelt in 2016 without proper consultation with residents and businesses in the area;\nThe inclusion of the subject lands in the Greenbelt in 2016 was contrary to the City of Hamilton\u2019s staff position and that of their consultants engaged in the Greenbelt review process;\nThere is no planning or scientific justification to support the inclusion of the lands in the Greenbelt.  The inclusion appeared totally arbitrary;\nI understand that the City of Hamilton requires these lands to meet housing needs to address affordability and supply issues.  This is an area that affords excellent accessibility to major highways and community services in the abutting urban area of Hamilton and the Ancaster community.  I strongly support the Provincial initiatives to increase the supply of housing in the community.\n"
    },
    "79539": {
        "url": "/comment/79539",
        "comment": "ERO FILE NUMBER 019-6216\nProposed Amendments to the Greenbelt Plan\nLands Located in the City of Hamilton\nSouth of Garner Road West, West of Fiddlers Green Road, East of Shaver Road, in the Vicinity of Book Road West \u2013 Map 9 to ER0 FILE 019-6216\nI strongly support the removal of these lands from the Greenbelt for the following reasons:\nHamiltonians need CHOICES in home ownership!\nThe lands are adjacent to existing settlement areas;\nThe lands are adjacent to the edge of the Greenbelt area boundary;\nThe lands have the potential to be serviced in the near-term with local infrastructure upgrades to be entirely funded by proponents; and\nThe lands proposed for the removal have the characteristics that would enable housing to be built in the near term;\nThe subject lands were inappropriately and precipitously added to the Greenbelt in 2016 without proper consultation with residents and businesses in the area;\nThe inclusion of the subject lands in the Greenbelt in 2016 was contrary to the City of Hamilton\u2019s staff position and that of their consultants engaged in the Greenbelt review process;\nThere is no planning or scientific justification to support the inclusion of the lands in the Greenbelt.  The inclusion appeared totally arbitrary;\nI understand that the City of Hamilton requires these lands to meet housing needs to address affordability and supply issues.  This is an area that affords excellent accessibility to major highways and community services in the abutting urban area of Hamilton and the Ancaster community.  I strongly support the Provincial initiatives to increase the supply of housing in the community.\n"
    },
    "79540": {
        "url": "/comment/79540",
        "comment": "Failing to come good on promises made could cost The next election. The people shouldn\u2019t need to point out why we need to protect critical wetlands and green belt space.\nOur very existence depends on the preservation of these spaces, stop destroying what you said you would preserve I carafes that the government doesn\u2019t care about its people!\n"
    },
    "79542": {
        "url": "/comment/79542",
        "comment": "ERO FILE NUMBER 019-6216\nProposed Amendments to the Greenbelt Plan\nLands Located in the City of Hamilton\nSouth of Garner Road West, West of Fiddlers Green Road, East of Shaver Road, in the Vicinity of Book Road West \u2013 Map 9 to ER0 FILE 019-6216\nI strongly support the removal of these lands from the Greenbelt for the following reasons:\nHAMILTONIANS NEED CHOICES ON WHERE TO LIVE!\nThe lands are adjacent to existing settlement areas;\nThe lands are adjacent to the edge of the Greenbelt area boundary;\nThe lands have the potential to be serviced in the near-term with local infrastructure upgrades to be entirely funded by proponents; and\nThe lands proposed for the removal have the characteristics that would enable housing to be built in the near term;\nThe subject lands were inappropriately and precipitously added to the Greenbelt in 2016 without proper consultation with residents and businesses in the area;\nThe inclusion of the subject lands in the Greenbelt in 2016 was contrary to the City of Hamilton\u2019s staff position and that of their consultants engaged in the Greenbelt review process;\nThere is no planning or scientific justification to support the inclusion of the lands in the Greenbelt.  The inclusion appeared totally arbitrary;\nI understand that the City of Hamilton requires these lands to meet housing needs to address affordability and supply issues.  This is an area that affords excellent accessibility to major highways and community services in the abutting urban area of Hamilton and the Ancaster community.  I strongly support the Provincial initiatives to increase the supply of housing in the community.\n"
    },
    "79543": {
        "url": "/comment/79543",
        "comment": "We need to be able to buy houses in Hamilton!\nERO FILE NUMBER 019-6216\nProposed Amendments to the Greenbelt Plan\nLands Located in the City of Hamilton\nSouth of Garner Road West, West of Fiddlers Green Road, East of Shaver Road, in the Vicinity of Book Road West \u2013 Map 9 to ER0 FILE 019-6216\nI strongly support the removal of these lands from the Greenbelt for the following reasons:\nThe lands are adjacent to existing settlement areas;\nThe lands are adjacent to the edge of the Greenbelt area boundary;\nThe lands have the potential to be serviced in the near-term with local infrastructure upgrades to be entirely funded by proponents; and\nThe lands proposed for the removal have the characteristics that would enable housing to be built in the near term;\nThe subject lands were inappropriately and precipitously added to the Greenbelt in 2016 without proper consultation with residents and businesses in the area;\nThe inclusion of the subject lands in the Greenbelt in 2016 was contrary to the City of Hamilton\u2019s staff position and that of their consultants engaged in the Greenbelt review process;\nThere is no planning or scientific justification to support the inclusion of the lands in the Greenbelt.  The inclusion appeared totally arbitrary;\nI understand that the City of Hamilton requires these lands to meet housing needs to address affordability and supply issues.  This is an area that affords excellent accessibility to major highways and community services in the abutting urban area of Hamilton and the Ancaster community.  I strongly support the Provincial initiatives to increase the supply of housing in the community.\n"
    },
    "79547": {
        "url": "/comment/79547",
        "comment": "ERO FILE NUMBER 019-6216\nProposed Amendments to the Greenbelt Plan\nLands Located in the City of Hamilton\nSouth of Garner Road West, West of Fiddlers Green Road, East of Shaver Road, in the Vicinity of Book Road West \u2013 Map 9 to ER0 FILE 019-6216\nI strongly support the removal of these lands from the Greenbelt for the following reasons:\nWe need choice in housing!\nThe lands are adjacent to existing settlement areas;\nThe lands are adjacent to the edge of the Greenbelt area boundary;\nThe lands have the potential to be serviced in the near-term with local infrastructure upgrades to be entirely funded by proponents; and\nThe lands proposed for the removal have the characteristics that would enable housing to be built in the near term;\nThe subject lands were inappropriately and precipitously added to the Greenbelt in 2016 without proper consultation with residents and businesses in the area;\nThe inclusion of the subject lands in the Greenbelt in 2016 was contrary to the City of Hamilton\u2019s staff position and that of their consultants engaged in the Greenbelt review process;\nThere is no planning or scientific justification to support the inclusion of the lands in the Greenbelt.  The inclusion appeared totally arbitrary;\nI understand that the City of Hamilton requires these lands to meet housing needs to address affordability and supply issues.  This is an area that affords excellent accessibility to major highways and community services in the abutting urban area of Hamilton and the Ancaster community.  I strongly support the Provincial initiatives to increase the supply of housing in the community.\n"
    },
    "79548": {
        "url": "/comment/79548",
        "comment": "More housing availability now!\nERO FILE NUMBER 019-6216\nProposed Amendments to the Greenbelt Plan\nLands Located in the City of Hamilton\nSouth of Garner Road West, West of Fiddlers Green Road, East of Shaver Road, in the Vicinity of Book Road West \u2013 Map 9 to ER0 FILE 019-6216\nI strongly support the removal of these lands from the Greenbelt for the following reasons:\nThe lands are adjacent to existing settlement areas;\nThe lands are adjacent to the edge of the Greenbelt area boundary;\nThe lands have the potential to be serviced in the near-term with local infrastructure upgrades to be entirely funded by proponents; and\nThe lands proposed for the removal have the characteristics that would enable housing to be built in the near term;\nThe subject lands were inappropriately and precipitously added to the Greenbelt in 2016 without proper consultation with residents and businesses in the area;\nThe inclusion of the subject lands in the Greenbelt in 2016 was contrary to the City of Hamilton\u2019s staff position and that of their consultants engaged in the Greenbelt review process;\nThere is no planning or scientific justification to support the inclusion of the lands in the Greenbelt.  The inclusion appeared totally arbitrary;\nI understand that the City of Hamilton requires these lands to meet housing needs to address affordability and supply issues.  This is an area that affords excellent accessibility to major highways and community services in the abutting urban area of Hamilton and the Ancaster community.  I strongly support the Provincial initiatives to increase the supply of housing in the community.\n"
    },
    "79549": {
        "url": "/comment/79549",
        "comment": "ERO FILE NUMBER 019-6216\nProposed Amendments to the Greenbelt Plan\nLands Located in the City of Hamilton\nSouth of Garner Road West, West of Fiddlers Green Road, East of Shaver Road, in the Vicinity of Book Road West \u2013 Map 9 to ER0 FILE 019-6216\nI strongly support the removal of these lands from the Greenbelt for the following reasons:\nOur children don\u2019t want to live in boxes!\nThe lands are adjacent to existing settlement areas;\nThe lands are adjacent to the edge of the Greenbelt area boundary;\nThe lands have the potential to be serviced in the near-term with local infrastructure upgrades to be entirely funded by proponents; and\nThe lands proposed for the removal have the characteristics that would enable housing to be built in the near term;\nThe subject lands were inappropriately and precipitously added to the Greenbelt in 2016 without proper consultation with residents and businesses in the area;\nThe inclusion of the subject lands in the Greenbelt in 2016 was contrary to the City of Hamilton\u2019s staff position and that of their consultants engaged in the Greenbelt review process;\nThere is no planning or scientific justification to support the inclusion of the lands in the Greenbelt.  The inclusion appeared totally arbitrary;\nI understand that the City of Hamilton requires these lands to meet housing needs to address affordability and supply issues.  This is an area that affords excellent accessibility to major highways and community services in the abutting urban area of Hamilton and the Ancaster community.  I strongly support the Provincial initiatives to increase the supply of housing in the community.\n"
    },
    "79550": {
        "url": "/comment/79550",
        "comment": "The next generation needs to afford a home to live in!\nERO FILE NUMBER 019-6216\nProposed Amendments to the Greenbelt Plan\nLands Located in the City of Hamilton\nSouth of Garner Road West, West of Fiddlers Green Road, East of Shaver Road, in the Vicinity of Book Road West \u2013 Map 9 to ER0 FILE 019-6216\nI strongly support the removal of these lands from the Greenbelt for the following reasons:\nThe lands are adjacent to existing settlement areas;\nThe lands are adjacent to the edge of the Greenbelt area boundary;\nThe lands have the potential to be serviced in the near-term with local infrastructure upgrades to be entirely funded by proponents; and\nThe lands proposed for the removal have the characteristics that would enable housing to be built in the near term;\nThe subject lands were inappropriately and precipitously added to the Greenbelt in 2016 without proper consultation with residents and businesses in the area;\nThe inclusion of the subject lands in the Greenbelt in 2016 was contrary to the City of Hamilton\u2019s staff position and that of their consultants engaged in the Greenbelt review process;\nThere is no planning or scientific justification to support the inclusion of the lands in the Greenbelt.  The inclusion appeared totally arbitrary;\nI understand that the City of Hamilton requires these lands to meet housing needs to address affordability and supply issues.  This is an area that affords excellent accessibility to major highways and community services in the abutting urban area of Hamilton and the Ancaster community.  I strongly support the Provincial initiatives to increase the supply of housing in the community.\n"
    },
    "79551": {
        "url": "/comment/79551",
        "comment": "Hello,\nI am writing to express my strong opposition to your proposal to remove 7,400 acres from the Greenbelt (ERO #019-6216 and #019-6217).\nI do not accept your government\u2019s misleading premise that these Greenbelt lands are needed for housing.\nThe amount of greenfield land already designated for development, and added to municipal settlement boundaries, but still sitting unbuilt far exceeds what is needed to meet long range housing targets. As you know, in its 2022 report, Ontario\u2019s Housing Affordability Task Force stated that a shortage of land isn\u2019t the cause of Ontario\u2019s housing problem and that Greenbelts, environmentally sensitive areas and farmland must be protected.\nThe proposed removal of Greenbelt lands sets an alarming precedent, opening the Greenbelt to development at the request of those who stand to reap immense profits while the rest of us pay the tab. Land swaps put the entire Greenbelt at risk. Most of the lands to be removed from the Greenbelt overlap with the Natural Heritage System, which supports sensitive and significant natural features, and is supposed to be managed by your ministry as a connected and integrated natural heritage system.\nThe importance of permanently protecting lands and waters within the Greenbelt cannot be overstated. It is key to building the resilience of local food systems, protecting at-risk habitats and species, and sustaining the physical, social and economic health of the nine million Ontarians living in the Greater Golden Horseshoe. Not only are we facing the interconnected and accelerating crises of climate change and biodiversity loss, we are also losing 319 acres of farmland daily. The protection of natural and hydrological systems and farmland must be prioritized. They are finite, irreplaceable and invaluable for community and ecosystem health and resilience.\nFor the sake of current and future generations, I urge you to abandon your plans to remove 7,400 acres of protected lands from the Greenbelt.\n"
    },
    "79553": {
        "url": "/comment/79553",
        "comment": "ERO FILE NUMBER 019-6216\nProposed Amendments to the Greenbelt Plan\nLands Located in the City of Hamilton\nSouth of Garner Road West, West of Fiddlers Green Road, East of Shaver Road, in the Vicinity of Book Road West \u2013 Map 9 to ER0 FILE 019-6216\nI strongly support the removal of these lands from the Greenbelt for the following reasons:\nOur children need to be able to leave our family home and afford their own!\nThe lands are adjacent to existing settlement areas;\nThe lands are adjacent to the edge of the Greenbelt area boundary;\nThe lands have the potential to be serviced in the near-term with local infrastructure upgrades to be entirely funded by proponents; and\nThe lands proposed for the removal have the characteristics that would enable housing to be built in the near term;\nThe subject lands were inappropriately and precipitously added to the Greenbelt in 2016 without proper consultation with residents and businesses in the area;\nThe inclusion of the subject lands in the Greenbelt in 2016 was contrary to the City of Hamilton\u2019s staff position and that of their consultants engaged in the Greenbelt review process;\nThere is no planning or scientific justification to support the inclusion of the lands in the Greenbelt.  The inclusion appeared totally arbitrary;\nI understand that the City of Hamilton requires these lands to meet housing needs to address affordability and supply issues.  This is an area that affords excellent accessibility to major highways and community services in the abutting urban area of Hamilton and the Ancaster community.  I strongly support the Provincial initiatives to increase the supply of housing in the community.\n"
    }
}