{
    "70637": {
        "url": "/comment/70637",
        "comment": "I am in total disagreement with the proposed changes to the Greenbelt. This policy would do nothing to increase affordable housing as any homes built as a result would be single family dwellings (the costliest type).\nOne of the stated goals is to speed up the creation of housing and this legislation ignores the fact that most if not all of this land is not serviced (a situation that will take many years to change).  At the same time the government could be encouraging the utilization and rezoning of already serviced land within current city boundaries. Higher density housing is also good for the taxpayers pocketbook as it costs considerably less to provide all types of services in a smaller geographic area.\nThe Greenbelt was created to contain urban sprawl and protect the ecosystems within it's borders. This proposal would certainly increase urban sprawl and endanger the viability of those ecosystems. The government seeks to mollify the electorate by adding more land to the Greenbelt than what they propose to remove. This sounds good but the logic is flawed.  Ecosystems that have developed over thousands of years depend on the freedom of movement of the inhabitants. Plopping down subdivisions within these ecosystems will cutoff this movement and almost certainly have detrimental effects on not only the developed land but the surrounding area.\nI believe there are areas of wetlands that, if this proposal passes, will be destroyed much to the detriment of water containment and quality in a once again greater area than that proposed in the legislation.\nThis proposal would put more cars on the road, increasing the need for more highways and secondary roads, increasing traffic accidents, increasing road maintenance costs, increasing pollution, increasing health care costs.\nPlease, someone explain to me how this legislation makes any sense.\n"
    },
    "70639": {
        "url": "/comment/70639",
        "comment": "This is too slippery a slope. It is not good planning, not even smart growth. It endangers our floodplains and biospheres. It is a potential insurance liability, and flies in the face of climate initiatives. It is more importantly unnecessary:  There is plenty of development land not designated for the Greenbelt in those key areas.\nThe only thing becoming apparent is development grifters - not honest, upstanding developers - paying off the government to overturn regulations so they can make a buck. Or the government only listening to party donators, not planners.\nDirty politics.\n"
    },
    "70646": {
        "url": "/comment/70646",
        "comment": "Developing green lands should not be done for the sake of 'more housing'.  You must realize that Ontario needs these lands to feed residents, and become more self-sustaining.  Supply chain issues could impact Ontario's access to food. Anything can cause a supply chain issue - remember the pandemic.  The pandemic has shown us all how fragile the food supply chain is.  There ARE options, there is land outside of the Greenbelt that can be developed.  Once the green belt is developed, it is gone.  Mr Ford promised not to touch the Greenbelt.  Keep that promise.  Developing the greenbelt will, at some point in the near or far future, harm the people and the environment of Ontario.\n"
    },
    "70648": {
        "url": "/comment/70648",
        "comment": "This is blatant corruption in Ontario and looks embarrassing. The Greenbelt will be weaker and less efficient as not all land produces same benefits to overall. Blatant hand out to donors. Clear case of corruption and all signs point to low quality building on high quality land. More sprawl. I\u2019m leaving Ontario because it\u2019s too embarrassing sharing my life with people who are willing to allow such open corruption in society. I share this story of corruption to everyone I know all over the world so that intelligent people are aware that in Ontario the bad guys have won the day.\n"
    },
    "70651": {
        "url": "/comment/70651",
        "comment": "I am deeply concerned with this proposal.  We need to preserve and expand the greenbelt, not chop it up piecemeal and swap the greenbelt parcels for other lands. I believe there are more sustainable solutions to the housing crisis than just building more houses. In addition, the idea that a short-term government can permanently and irreversibly wipe out decades of  study and planning is reprehensible.\nAs I understand it, connectivity of green spaces is vitally important to the ecology and environmental sustainability of an area; the animals cannot travel from one protected, designated area to another without a corridor. Additionally, environmental factors such as water flow and flood plains do not recognize political boundaries. By taking the conservation authority's expertise out of the planning for development, the short-term government is removing a vital voice in the sustainability of our long-term environment.\nThe housing shortage is a severe problem of which I am personally too familiar as my children have lost hope in ever having the financial stability of owning their own homes. However, I believe there are better ways to calm the market. To begin, the practise of bidding on houses should be outlawed. Home owners should be required to deal with each offer on their home individually; either come to an agreement with the purchaser or not then move on to the next offer. This method would remove the artificial inflation of house prices. Additionally, the new market of short-term rental needs to be strictly regulated to avoid houses being purchased for profits over families. Combining these two sustainable strategies will calm the market, make owning a house once again an achievable goal and by populating a neighbourhood with families, restore a sense of community that is currently lacking.\nWith an impactful issue which is this far-reaching both for the current population and the generations to come, I believe there should be more checks and balances on the elected provincial government. The policies and laws they are wanting to implement will have impact well beyond their four year term. Since the ramifications will be felt for decades, I believe there should be closer scrutiny of the government's actions. This government in particular vowed to leave the greenbelt alone in their last term of office. Now, just a few short years later they have changed their minds. The evidence points to the worst motive for this change of plan, that of financial gain. This provincial government has made no secret of their ties with the development community and it has not escaped notice that those friends of this government will make huge profits should this bill pass.\nTo preserve the integrity of government, there should be other voices overseeing these long-reaching government decisions. Voices that will not monetarily benefit from the decisions and will preserve the long-term vision the environment requires.\nThank you for the opportunity to put forth my opinions.\n"
    },
    "70652": {
        "url": "/comment/70652",
        "comment": "As a lifelong resident of the GTA I can't believe the decisions this government is making regarding the Greenbelt areas. It seems that money and rewarding rich supporters is the underlying motive.\nThere should be some oversight on these decisions and possibly an inquiry into the purchases of these properties by the Home Builders.\nThe housing shortage problem will not be solved by building more homes. There needs to be some Legislature into people and corporations owning many single family homes. Condo building are the worst, unoccupied properties.\nThere should be a limit or a huge tax to detter this practice.\nAlso all the new immigrants settle in the GTA, GVA or the other larger areas. Overcrowding those areas.\n"
    },
    "70654": {
        "url": "/comment/70654",
        "comment": "I find this overreach abhorrent. We do not need to build on sensitive environmental lands. We do not need to build on flood plains. We do not need to take away more of the good farmland we have that we need to feed ourselves in any remotely self-sufficient ways.\nWe can build UP within the cities. Tear down the suburbs and build mid rises instead of single family homes.\nNO ONE needs mcmansions in the green belt.\nFull stop.\nBuild in other cities away from the GTA as well.\nThis is reckless and short sighted.\n"
    },
    "70661": {
        "url": "/comment/70661",
        "comment": "I'm appalled by this proposal to tamper with the greenbelt. This system of protected land\u2014both forest and farmland\u2014is a contiguous greening that we now know is also a community of networked mycelium. Green spaces are necessary for the health of the people and other animals who live in them and near them. The air in Toronto is cleaned by virtue of the greenbelt, a mere 7,400 acre region that the Ford government promised not to open to development. The argument that we are in a housing crisis doesn't hold much water, to be honest. We know that the housing crisis is a result of badly managed local real estate development (short term rental, offshore and domestic capital speculation, opportunism from landlords) more so than limited available housing. Building more, typically unaffordable suburban (and unenvironmentally built) housing developments will only exacerbate the problem while destroying wetlands, forest, wildlife corridors, and other carbon sinks necessary for climate crisis mitigation. This is not only a shortsighted proposal but a corrupt one. What a disgusting realization to discover that some of the previously undevelopable lands have been recently bought by Tory supporters, the very lands that are now being proposed for development -- what an uncanny coincidence, Mr Ford. Shame on this government.\n"
    },
    "70665": {
        "url": "/comment/70665",
        "comment": "I oppose this proposal to remove 15 parcels of land from the Greenbelt. As the province's Task\nForce on Housing Affordability said in its report from earlier this year, the greenbelt is not a limiting factor to providing housing for Ontarians, there is enough developable land available inside the existing built-up areas. Thus, there is no need to remove or change any parts of the Greenbelt. Doing so would reduce the amount of natural land and the ecosystem services that it provides, including habitat for wildlife and protection from floods. Reducing the arable farmland inside the Greenbelt is equally foolhardy, it is some of the most productive farmland in Canada.\nFinally, changing the boundaries of the Greenbelt on the flimsiest of pretences sets a terrible precedent that will encourage further reductions. If developers can successfully lobby for changes to the Greenbelt this time, there will be no stopping further demands for erosion. The Greenbelt was designed to contain and shape the growth of the greater Toronto region and it should be allowed to do so with its boundaries intact. Anything less will condemn it to eventual destruction.\n"
    },
    "70667": {
        "url": "/comment/70667",
        "comment": "The greenbelt should remain protected undeveloped land. The province needs to seriously think about what long term environmental issues they are creating so that some people can experience short term gain. We need to densify already existing infrastructure, not continue urban sprawl into sensitive natural area.\n"
    },
    "70672": {
        "url": "/comment/70672",
        "comment": "Ontario\u2019s Greenbelt protects farmland, communities, forests, wetlands and watersheds. It also preserves cultural heritage and supports recreation and tourism in Ontario\u2019s Greater Golden Horseshoe.\nOne of the most biologically rich areas in all of Canada, the Greenbelt includes the Niagara Escarpment and Oak Ridges Moraine \u2014 which filter and replenish groundwater, and feed into the many river systems that flow through Canada\u2019s most developed region.\nThe Greenbelt safeguards the vital resources that clean our air and water, reduces our flood risks, provides a home for wildlife, and ensures our communities have greenspace to explore.\nThe health of the Greenbelt affects the quality of drinking water for more than seven million Canadians.\nWith all of the above in consideration, I strongly urge those of you who have the power in this decision to *absolutely oppose* all proposals to allow further degradation of our protected lands in the Greenbelt for the sake of development and further urban sprawl.\n"
    },
    "70674": {
        "url": "/comment/70674",
        "comment": "Mr. Ford promised he 'would NOT touch the Greenbelt'.  He MUST keep his promise.\nThe optics of this proposal are outrageously negative.\nWith climate control initiatives becoming more important as each day passes, does Mr. Ford believe attacking a Greenbelt area makes environmental sense?\nI am disappointed and dismayed that I am one of those who pay his salary and I cannot trust that he will keep Ontarians' interests top of mind.\nThis proposed deal stinks !\nJacqueline\n"
    },
    "70675": {
        "url": "/comment/70675",
        "comment": "Please stay away from the forests and invest in medium density housing throughout suburban areas supported by mixed small business designations.\nWe do not need to unprotect land. That\u2019s evil and short sighted. I don\u2019t care how you think it might make for a sick marketing beat for a year or two or make some friends richer. Leave the forests alone.\n"
    },
    "70678": {
        "url": "/comment/70678",
        "comment": "Ford lied about touching the green belt. Then his developer friends bought \u201cuntouchable land plots\u201d but Ford changed things so the land could now be developers.\nThis is also corrupt and criminal. An investigation must be launched. Ford should be removed from office for fraud and lying. Whoever is involved in the insider corruption needs to go to prison.\nRead the Narwhal article.\nHands off the green belt - we are in a climate crisis.\n"
    },
    "70683": {
        "url": "/comment/70683",
        "comment": "Stop creating problems for future generations, by taking the easy and destructive path today.\nWe don't need more suburban sprawl, where in the future the ongoing maintenance cost will be subsidized outside of that suburbs https://youtu.be/7Nw6qyyrTeI.\nThe core problem is that developers have a very hard time increasing actual density in the cities. Work on fixing this difficult problem instead of taking the shortcut of just increasing suburban sprawl. Developers (like everyone else in life) will take the path of least resistance, so make it easier to densify instead of sprawling out.\nIf you are going to rezone the greenbelt, think of density from the start. Create transit hubs and absolutely no single detached homes in these area. If your goal is to build affordable housing make sure you do it right from the get-go. Don't create suburban sprawl.\nThis government was elected with the promise that they would not touch the greenbelt, stay true to that promise.\n"
    },
    "70688": {
        "url": "/comment/70688",
        "comment": "I strongly disapprove of the province's plan to rezone the Greenbelt for development.\nI am a strong proponent for building more (affordable) housing in our province, but doing so by rezoning delicate ecosystem in the Greenbelt is not the solution. We have underused and underdeveloped land already. People like myself want to live close to where things are \u2013\u00a0close to good jobs, transit, arts, food and culture. I'd encourage the province to work with municipalities to develop on lands we already have \u2013\u00a0densifying existing neighbourhoods near existing (sometimes, underused) infrastructure, making missing middle housing (4-6 stories) legal by right, and tackling local NIMBYism that slows the speed of development. Encouraging sprawl into our Greenbelt of single-family homes further away is neither environmentally nor economically the right solution here.\nAgain, I want to see housing become more affordable, especially for younger generations and newcomers. But chipping away at the Greenbelt is not the way to do it.\n"
    },
    "70689": {
        "url": "/comment/70689",
        "comment": "This government is not thinking these big plans through carefully.  There seems to be little or no consideration of infrastructure logistics  and there is an absolute frightening approach to care for the environment.\nThis government is deaf to the public.  It pulls back from promises and reacts in a knee jerk manner rather than having a well thought out plan with true expert involvement.\nThis space should NOT be developed.  It is a Green space for a reason - environmental, public health.  This government has already destroyed much of the Conservation Authority's clout and valuable input to all planning.\nThis government las lied about many things already.  This development, along with the 413, is lining the pockets of many Ford cronies.\nI question EVERYTHING that this inept government is doing.  It is wreaking havoc and destroying valuable lands.\n"
    }
}