{
    "64233": {
        "url": "/comment/64233",
        "comment": "I am opposed to transfering any land out of the green belt. Increasing density in the existing developments and municipalities should be the first step.\nThe failure to contain urban sprawl results in the destruction of fertile agricultural land and the erosion of protections on wild spaces in the densely populated areas of the province.\nThere should be no changes to the greenbelt unless it is to add more lands. Nothing should be traded for political expedience like what this law proposes.\n"
    },
    "64234": {
        "url": "/comment/64234",
        "comment": "It is an absolute travesty and completely unacceptable to re-designate protected lands for development. There are plenty of other options in terms of building affordable and eco-friendly homes that does not include destroying protected lands. We are in the midst of a climate crisis and the solution from this government is to create more urban sprawl of million dollar homes that will require more and more roads and vehicles to travel far distances to their jobs and create more emissions.\nThis plan is extremely irresponsible and makes it clear that this government does not care about the well-being of its constituents.\n"
    },
    "64235": {
        "url": "/comment/64235",
        "comment": "Hello,\nI\u2019d like it to be considered that the continued expansion and sprawl of Toronto and surrounding cities is of great detriment to us all. For the continued quality of life of the people and animals living in this global community it is essential for us to maintain a balance between human needs/wants and the environment.\nCheers\n"
    },
    "64236": {
        "url": "/comment/64236",
        "comment": "Hey Doug, I do not support the destruction of the green belt. You could try a little harder to hide your complete disinterest in the well being of future generations in this province. To claim the destruction of this land will benefit anyone but the developers involved is ludicrous. Don't forget your clown shoes when you drive up to the cotty after this project inevitably goes through.\n"
    },
    "64238": {
        "url": "/comment/64238",
        "comment": "I don\u2019t understand why expanding the GTA into our prime farmland is the only solution for population growth.\nA better idea would be to invest in cities situated on land that is less conducive to agriculture.  Invest in making Graverhurst, Parry Sound, Sudbury, etc a more desirable place to live and work.  Create incentives for businesses to convene in places where business will thrive and homes can be built that doesn\u2019t jeopardize our watershed, our fertile land, and our sustainability.\nAirports and Train stations can be revitalized and expanded for less cost.  Urban sprawl would have much more direction to move.\nThe Greenbelt is protected for a reason.  A very good reason.  Destroying it now is destroying our future.\n"
    },
    "64239": {
        "url": "/comment/64239",
        "comment": "In no uncertain terms, I do not support this proposal and consider it insane that it's on the table. Do not touch the Greenbelt, do not touch the wetlands/marshes/forests/ecosystems that it protects.\nThere is a reason that this area is protected - it's incredibly valuable land. When I say valuable, I do not mean that it's worth a lot of money. I mean that this is crucial land for natural ecosystem processes (like breeding, carbon storage, migration, nesting, etc.) that have no human-made replacement. When environment dies, so do humans. We need it to survive!\nI agree that there is a housing crisis and that there needs to be action taken on accessible housing. But there are other avenues that do not involve the destruction of ecologically important areas.\nI want this government who wrote this bill to come out into the field with me so that I can show them the changes that have been wrought over the past decades by irresponsible and reckless development. Everything is dying. We cannot find fish in the rivers, we cannot find animals in the field. Scorching hot summers are burning breeding areas and heating the waters. They are either leaving the increasingly inhabitable areas of Southern Ontario or dying outright.\nIt frustrates me that our elected officials do not understand the value of an untouched environment. It's an incredibly short-sighted and greedy take. In 20 years, when Southern Ontario is an urban wasteland & the wild has either fled or died, this bill will be looked at as a watershed moment for the security of the Southern Ontario environment.\nAs a biologist, as a young person, and as a citizen of Ontario who loves this province, I'm pleading that this will be shot down & other solutions can be found.\n"
    },
    "64240": {
        "url": "/comment/64240",
        "comment": "The greenbelt and easy access to nature is one of the few key defining feature of Canada's largest city. It is what makes Toronto different, unique, and enjoyable. The decision to remove the protection to the greenbelt and developing more housing is something that can't be revoked in the future and will only make the city worse. Protect the greenbelt.\n"
    },
    "64243": {
        "url": "/comment/64243",
        "comment": "No. Just no.\nNo more highways.\nNo more subdivisions.\nThey're all the same. The houses are all the same. Cheap. Easy to build. Profitable for the builder.\nDriveways, grass, central heating, central a/c. Large.\nIf you wanted to invent a housing system that killed the planet, this would be it.\nTHEN you build them 80km from the city centre so people have to drive cars everywhere.\nThe grocery store, the bank, the pharmacy, the laundry, the resturaunts, they all have to be driven to.\n"
    },
    "64246": {
        "url": "/comment/64246",
        "comment": "I strongly oppose any changes to the Greenbelt, especially reducing the size of it to make room for more housing. The Greenbelt is incredibly important for our present and future for many reasons.\nIf the problem we are trying to solve is how to build more housing, there are much better solutions than touching the Greenbelt. One way would be to focus on creating more high density living areas (say with condos or apartments) that are walkable.\n"
    },
    "64247": {
        "url": "/comment/64247",
        "comment": "I oppose this plan.\nThe Greenbelt should be protected. Re-defining the boundaries of the Greenbelt to permit development is the opposite of protection.\nThe removal of Greenbelt land makes surrounding areas more vulnerable to natural disasters, such as flooding, which will increase in the coming years due to climate change. Yes, housing is needed. But destroying the Greenbelt is not the way to solve housing, especially since it would put the surrounding areas at increased risk.\nIt seems clear that these proposed developments are driven by the short sighted goals of profit hungry developers and are not in the best interest of Ontarians.\nFinally, Doug Ford has repeatedly promised not to build on the Greenbelt. He know that protecting the Greenbelt is important to Ontarians. This proposal undermines the public's trust in Ford's word and clearly demonstrates that profits are more important than the well being and wishes of Ontarians.\n"
    },
    "64248": {
        "url": "/comment/64248",
        "comment": "I am very disappointed in this Government's insistence to tear apart the environment.  We have a greenbelt that was created to help preserve green space and important environmental sensitive and agricultural lands. We do not need to take away from this protected country side to build houses. There is more than sufficient lands already available to accommodate future housing needs. The idea to remove land from the greenbelt is short sighted and is not well thought out. Once removed it can never be added back and will be developed. We should be adding additional lands to the greenbelt rather than removing them. Creating more land for housing and increasing the supply will not make housing affordable.  It will only create land that developers can use to build more expensive housing. They are not interested in building affordable housing as they want more profit from bigger expensive housing.\nPlease leave the greenbelt alone and add to it, not shrink it by removing land for development.  Listen to the people of the province for a change.\n"
    },
    "64250": {
        "url": "/comment/64250",
        "comment": "I do not support any removal of Greenbelt land for development, including housing. Urban sprawl is not the way forward to adding homes in Ontario. We don't need more suburbs. We need to add density and services to support that density in our cities. Municipal and provincial governments should work together to enact policies that encourage densification, and protection of green spaces, conservation and farming land.\n"
    },
    "64252": {
        "url": "/comment/64252",
        "comment": "The future isn't urban sprawl.  It's not the car.  It's not fossil fuels.  So therefore intensification is what the government of Ontario should be pushing.  Not further degradation our untouched spaces.  There is already plenty of developed land in which more people can be added.  This expansion does not look toward the future it condemns us to the past.\n"
    }
}