{
    "74320": {
        "url": "/comment/74320",
        "comment": "I am completely against taking protected land from Ontario's greenbelt so we can help wealthy land developers become even wealthier.  This is not going to alleviate the problem of affordable housing for the people of Ontario.\nDuring the election Mr. Ford said he would not touch the Greenbelt and now he is going against his word.  I would like to believe Mr. Ford is a man of his word and will not allow this development.\nConcern Citizen of Ontario\n"
    },
    "74321": {
        "url": "/comment/74321",
        "comment": "I think this proposal should not go through. The greenbelt needs to be protected not just for environmental reasons but economically this will lead to further flash flooding and damage peoples homes. This in turn will cause economic burdens on insurance companies and ultimately the government.\nThe farms in the area will also see more runoff as the amount of water no longer being absorbed by the local fauna will cause harsher conditions and depletion of topsoil. In turn we will see either more need for topsoil and fertilizer use and/or lower crop yields and thus more subsidies for farmers.\nRather we need to intensify current housing areas and encourage people to move to less densely populated areas by upgrading infrastructure for remote working conditions, similar to what we saw with Ontarians leaving the province when able to do remote work.\n"
    },
    "74325": {
        "url": "/comment/74325",
        "comment": "Everything we know about urban development and the cost of life in the suburbs should be enough to kill this project before it even gets started.\nSuburban sprawl will only further the damages caused by the climate crisis.  The killing off of precious green space and natural habitat are essential to keeping the rest of the Golden Horseshoe safe from storms and rising waters. Never mind that they provide food for all of us!\nThis space is precious and it is valuable and has no place being put on the auction block for builders. I would suggest that the province spend more time looking to intensify development in existing urban areas, making the most of the space in the sky, than give away land belonging to The People of Ontario for the benefit of the very few.\nPaving the Greenbelt is bad business plain and simple.\n"
    },
    "74326": {
        "url": "/comment/74326",
        "comment": "I am deeply concerned about the devastating effects that will result from Bill 23 and want it withdrawn in its entirety.   Premier Ford made a solemn promise to not change the Greenbelt and now that he has a majority he has broken his promise to the citizens of Ontario.  Bill 23 will put our food security in jeopardy, as our best soil for growing food in this province is very scarce, and once paved over, is gone forever.  Our drinking water sources will also be at risk. Once some land is removed, it will be all the easier to keep on removing until not enough Greenbelt is left to support us and also the ecology of vegetation and birds and mammals.  This bill is antithetical to attempts to ameliorate climate change.\nThis is urgent for my generation and for my children and grandchildren.\nThe best path to increase much needed housing is by infill in cities. Premier Ford\u2019s own experts have told him this and offered paths forward to achieve enough new housing without using any of the Greenbelt.  If passed, Bill 23 will go down as the biggest political mistake of the Ford government.  I will be among the many not voting for him again unless he drops Bill 23.\n"
    },
    "74329": {
        "url": "/comment/74329",
        "comment": "This is an awful idea. You promised you wouldn\u2019t touch the green belt and here you are dividing it up and giving it to your donors. This will be irreparable harm to our environment and will not help the housing crisis at all. You know what will? Rent control. Bring that back. We don\u2019t need quasi- million dollar homes. Wages are stagnant while housing keeps increasing (maybe you should also be looking at wages I.e give nursing and teachers the raise they need) rather then letting your developer buddies get even richer. This is a horrible idea, and everyone can see through it.\n"
    },
    "74332": {
        "url": "/comment/74332",
        "comment": "This is preposterous. I can\u2019t believe we are allowing developers (and Ford, I\u2019m sure) to profit from this. We are clearly in a climate crisis and need to protect these lands. There are so many other options for housing development. This is absurd and I\u2019m am fully against it. This is by far enough to lose my vote (Conservative) for life.\n"
    },
    "74334": {
        "url": "/comment/74334",
        "comment": "I oppose the government's removal of lands from greenbelt protection. The idea that this action results in alleviating the housing crisis is their way of fooling the public into thinking multi unit dwellings will be built as affordable housing. How will lower income buyers afford homes away from large towns or cities which require long commutes.  Stop this cronyism. That space will be developed by wealthy land owners for wealthy clients and do nothing to alleviate the housing crunch.\n"
    },
    "74336": {
        "url": "/comment/74336",
        "comment": "I totally oppose this bill. Re-designated land, if developed as expected, will only add expensive, single-family units which do not address the dire need for affordable housing. Added urban sprawl will only contribute to long-distance commutes and thus more pollution. Most muncipal governments have come out against this bill, as it will add to their budgetary problems. The only winners seem to be real estate developers.\nPlease re-consider!!!!\n"
    },
    "74337": {
        "url": "/comment/74337",
        "comment": "This proposal is absolutely unacceptable.\nThe premier made promises to protect the Greenbelt and now he is completely reversing that opinion. While the housing situation is complex eliminating biodiversity and paving over everything is not a viable alternative.\nPerhaps Mr. Ford could invest in infrastructure for existing cities instead of continuing to perpetuating the urban sprawl which adds more vehicles and even further damages the environment.\nI also have concerns about how the developers were chosen, it seems very unlikely that this was a fair and open process given that the selected vendor was one of the largest supporters of Mr. Ford's campaigns. That is hardly a transparent and trustworthy approach.\nHow dare you Mr. Ford- this is not what the people want.\n"
    },
    "74339": {
        "url": "/comment/74339",
        "comment": "While this proposal has a rationale that is clearly designed to be convincing, the numbers do not bear out the cost. The greenbelt changes will remove 7,400 hectares from the Greenbelt but create a paltry 50,000 homes. These homes are, based on that number, likely to be single family homes, with car-dependent lifestyles and distant quality services/retail.\n7,400 Hectares is equal to 74 square kilometers, about 10% of the land area of New York City\u2019s 5 boroughs. In 74km2, New York City fits 300,000 homes. This is 6x what the government is proposing. If we are serious about building homes, we could simply open up 7,400 hectares or more of single-family zoned housing to New York City style development. This does not necessitate Manhattan skyscrapers, but a mix of detached, low-rise (like brownstones), mid-rise (like tenements), and high-rise (skyscraper) buildings, creating a mixed topology and all of the service and retail benefits that come with it.\nThis proposed change is a cynical handout to single-family home developers and a danger to our floodplains, natural spaces, and the owners of these new houses which will be directly in the path of flood waters.\nWe must not make this change and instead density existing sprawl.\n"
    },
    "74340": {
        "url": "/comment/74340",
        "comment": "\"responsible growth [to] help build housing faster and in a targeted manner\" DOES NOT MEAN PAVING OVER IRREPLACEABLE GREEN SPACE, HABITAT, FARMLAND, AND WETLANDS.\nThis bill will create unsustainable suburban sprawl of unaffordable McMansions accessible only by vehicle. It is contrary to the imperative goal of reducing human impact on the planet by responsibly increasing density in already built-up areas.\n\"Housing\" does not mean only single-family homes on huge lots. What's needed is a mix of reasonably sized houses and four-to-six storey apartment buildings on small lots, in areas where services already exist.\nTax-payers elsewhere will bear the burden of supporting the services necessary for this sprawl to be inhabited. The only beneficiaries will be the rich developers who have bought their way into this government.\nThis bill is evidence of PURE, BLATANT CORRUPTION.\n"
    },
    "74341": {
        "url": "/comment/74341",
        "comment": "The green belt is a critical part of our protection in terms of both protecting farmland for food security and protecting our natural environment to mitigate risks such as floods.\nThe green belt should absolutely not have any land removed from it.\nHousing needs can be better met through intensification in existing urban centres.\n"
    },
    "74342": {
        "url": "/comment/74342",
        "comment": "I believe that no action should be taken on this item until a full accounting of land transactions between 2018 to today take place. As per many articles including the following globeandmail article https://www.theglobeandmail.com/canada/article-sales-of-greenbelt-land-\u2026  , there have been some purchases of land that seem highly irregular.\n"
    },
    "74343": {
        "url": "/comment/74343",
        "comment": "The preservation of the greenbelt is essential for the future of the province and country. The greenbelt includes protected lands that ensure spaces in which many species of plants and animals may thrive. It ensures that wetlands and watersheds are also protected. Growth in the province should maximize in-fill in already urban areas, and improve the infrastructure that already exists in these areas, rather than destroy protected green spaces.\n"
    },
    "74344": {
        "url": "/comment/74344",
        "comment": "Doug Ford ran on a promise not to open the greenbelt. Voters had made it clear that we didn't want him to touch it, so he promised not to. Now he is going back on that promise so his donors can make money.\nLeave the greenbelt alone. Not only is developing it bad for the environment, it will NOT solve the housing crisis and will cost taxpayers money. Let municipalities run their own city boundaries and development. They know best what their communities need.\n"
    }
}