{
    "67018": {
        "url": "/comment/67018",
        "comment": "These proposed changes are a travesty. We are stealing from our future to prop up our present. There must be better placed for new homes to be built that do not compromise our precious conserved lands. This development plan is short sighted and morally corrupt. History will not look back kindly on these developments. We can do better. We must do better.\n"
    },
    "67020": {
        "url": "/comment/67020",
        "comment": "We need affordable housing! We do not need to sacrifice our environment to build houses no one can afford! Our healthcare and education systems are on the brink of collapse, and our environment is also being pushed to its limit already. We should not be causing more destruction to our land and adding to the housing crisis at the same time. This is reckless and irresponsible.\n"
    },
    "67021": {
        "url": "/comment/67021",
        "comment": "I am AGAINST using any greenbelt for new development.  There are loads of places to first densify in our cities before it could ever be appropriate to even consider developing on the greenbelt.\nThe houses on the greenbelt would not be affordable.  They are not already connected to infrastructure.  They are not connected to any neighbourhood resources like Rec centres, libraries, schools.  The costs of extending the infrastructure and maintaining it is unfair to the municipalities that already independently voted against using the greenbelt.\nMore money to municipal affordable housing initiatives.  More kick backs to citizens and families with rental units in home or generational households.  Tiny houses.  Less red tape in zoning laws and land uses.  Develop brown lands/unused industrial.\nMany good solutions that don\u2019t include destroying our natural resources.\n"
    },
    "67022": {
        "url": "/comment/67022",
        "comment": "Considering Doug swore he would listen to everyone and not touch the green belt - i can\u2019t believe this is even up for discussion. He wants to line the pockets of his rich friends, make housing complexes for rich people while destroying the environment. This is protected land that is essential to the environment, and in the face of global warming, I\u2019m tired of Doug trying to profit off of everything. He is crooked and needs to be investigated and really should step down as more and more people are starving and dying. To finish it, let\u2019s not listen to the most incompetent leader Ontario has had, and do the right thing for once and save the environment\n"
    },
    "67027": {
        "url": "/comment/67027",
        "comment": "The proposal for development of the Greenbelt is putting profit over people.\nI wholeheartedly disagree with this development and I believe most Ontarians agree with me.  Otherwise, why would Doug Ford promise not to touch the Greenbelt in 2018?\nI believe there are other options to solving the housing crisis such as repurposing empty office buildings in the GTA.\nOntarians do not want the Greenbelt to be developed and there are other options.\n"
    },
    "67028": {
        "url": "/comment/67028",
        "comment": "I totally disagree with the proposal of new development in the greenbelt. This is a disaster for the environment and the future generation. It is a shortsighted decision and a shortcut solution to the housing issue.\nThere are many more ways to help solve the housing issue, and any solution that involves destroying the environment and wildlife should be the last resort.\nProve Ontarians wrong that the government is not helping the mayor's developer friends by retracting the proposal.\n"
    },
    "67029": {
        "url": "/comment/67029",
        "comment": "This is a terrible idea!  The green belt is protected for many many good reasons. If you want to create housing to address the housing shortage than try repurposing empty office buildings in Toronto.  This would give you a very high density solution without disrupting our environment. No! no! no! To using green belt lands now or ever!\n"
    },
    "67031": {
        "url": "/comment/67031",
        "comment": "these lands keep us healthy....... keep the eco- system flowing and great hikes.... there is  other land you can use that does not hurt are future environment....\n"
    },
    "67036": {
        "url": "/comment/67036",
        "comment": "We should NOT be trying to develop the Green Belt. Not only does it make Doug Ford a blatant liar, but it also is in opposition to climate change scientists, ecologists, and engineers who are saying it will cause flooding, have negative impacts on ecosystems, and overall is unnecessary. Sacrificing the Green Belt for corporate greed helps no one. If you really want to help Canadians and create affordable housing, start implementing rent caps and stop corporations from mass purchasing houses. Pandering to developers and already rich individuals is unacceptable and NOT WHAT PEOPLE IN ONTARIO WANT. Start actually listening to your constituents. Say no to developing the Green Belt - we have little green space left in Southern Ontario as it is.\n"
    },
    "67037": {
        "url": "/comment/67037",
        "comment": "Urban sprawl does not foster the type of development Ontario needs. Ontario needs housing development that focuses on increasing population density so that public services become more efficient.\nPolicy should support multi-family and appartment buildings very near to existing population centres. Single family home sprawl through the green belt helps no one in the long run.\nImprove Ontario with population density in order to deliver economies of scale from public services like transportation, policing, education etc... Make our cities more globally competitive. Stop urban sprawl.\n"
    },
    "67039": {
        "url": "/comment/67039",
        "comment": "Sooooo you want to continue letting immigrants come to Canada, BUT THERE is already a housing crisis, and to rectify this you want to build into the Greenbelt?!!!! It's infuriating! We already have so many structures that are under utilized, or even empty because of COVID and teleworking.  Why not put time and effort into repurposing those empty structures into housing!  The crisis isn't for Rich people who need bigger houses in the green belt....the crisis is for the average Joe Public who doesn't make a living wage and doesn't already have a place to call home!!!  Let's not make a bigger environmental issue and work with what we already have in place!!!!  There are some skewed ideas on how to fix or maintain what has already been so screwed up.   Ughhhhh if you don't say anything, then your a part of the problem!!!\n"
    }
}