{
    "73870": {
        "url": "/comment/73870",
        "comment": "Building in the green belt does not solve the housing issues today.\nI am a young conservative voter who has voted in the last 3 elections. I will no longer be voting conservative after hearing about the green belt, highway 413 and the state of our hospitals\nPut our taxes towards healthcare\u2026. Not a highway we don\u2019t need.\n"
    },
    "73871": {
        "url": "/comment/73871",
        "comment": "Don\u2019t develop the green belt. It\u2019s so ecologically important, paving over it would be disastrous. The gta is large enough and there are tons of empty lots that can be turned into homes.\nExpanding into the green belt will not help affordability when most of the new builds will be large single family homes, which the majority can\u2019t afford. Mid density housing is the piece of the puzzle we are missing. Mid density housing built on lots already developed in the city is the way to go. There is already very little green space in southern Ontario, don\u2019t make it smaller.\nWe cannot afford to lose anymore farmland. The green belt is home to some of the most fertile land in our province. We cannot sacrifice that land for development. We already have to import the majority of our food, this will only further the problem.\nWe do what we can until we know better, then we do better. It\u2019s time to do better and consider the environment when making decisions.\n"
    },
    "73872": {
        "url": "/comment/73872",
        "comment": "I think this is a bad idea and am against the proposal. Yes we need more housing and you've been given recommendations that can do this without going into the greenbelt. We're already trying to combat the effects of climate change, don't make it worse simply to make profit for corporations. I doubt us taxpayers will see those profits. We will simply see more flooding and less ecosystem diversity.\n"
    },
    "73873": {
        "url": "/comment/73873",
        "comment": "Please reread your own task force\u2019s report it states that development in the green belt isn\u2019t needed no would make a significant impact in getting us more houses.\nWhy bother with a report if you were just going to ignore it and waste tax payer dollars on it?\nDon\u2019t develop the green belt, follow the plan the task force suggested!\n"
    },
    "73874": {
        "url": "/comment/73874",
        "comment": "This plan is an ecological disaster that will do nothing to ameliorate the housing crisis. We need changes to density and an end to single family housing zoning. By paving the greenbelt we open residents to flooding and we are going to cripple our food production during a period of climate change.\nDon't pave the greenbelt. Build up, not out.\n"
    },
    "73875": {
        "url": "/comment/73875",
        "comment": "This is an embarrassment. Public land should serve the public  not politicians political buddies.\nWhere the guarantee this land/housing will benefit the people\nWhere the guarantee they wont build large unaffordable (for most) homes and just rent them out at extremely high rates.\nIf its going to be housing make it for those most affected by housing.\nThose who cant afford it.\nWont be holding my breath though.\nSoon all of ontario will be paved over for housing and developments with a sign saying\n\"Open for business\"\nGive your head a shake\n"
    },
    "73876": {
        "url": "/comment/73876",
        "comment": "I am against this proposal\nExpanding into land, regardless of designation us not the solution to housing.  Ontario\u2019s sprawl single dwelling unit requirement is a massive factor in the shortage which leads to sprawling cities with under utilized housing potential adjacent to primary transport hubs. The densification of existing urban areas should be undertaken prior to expanding into new land including the green belt. Just like bulding more Road won\u2019t solve the transportation issue taking the short term easy option of taking more land will not address the housing issue.\nFor this primary reason I am against this proposal.\n"
    },
    "73878": {
        "url": "/comment/73878",
        "comment": "I am opposed to development on the greenbelt. One farmland and natural area have been developed there is no way to get that land back. The loss of vital farm land, wetlands, and other environmentally sensitive areas will negatively impact Ontario for ever. I support more intensive housing built in areas already set aside for housing. Mixed use neighborhoods and walkable neighborhoods are a better option for the future development of Ontario and ways to meet the housing needs of our population.\n"
    },
    "73880": {
        "url": "/comment/73880",
        "comment": "Expansion should not be into the Greenbelt as we have other directions to sprawl into before there.   This was done without consultation and support of Ontarians and FN\u2019s, and should not be a last minute decision of one person with political ties to a company who happened to buy the land a few years ago.    There is an obvious conflict both ethically and environmentally.\n"
    },
    "73882": {
        "url": "/comment/73882",
        "comment": "This proposal is an embarrassment.  It is a detriment to the green belt, the province, the environment, and the people.   Our world is in dire shape.   We need to leave our protected land as is ( or increase it\u2019s size).  Please consider the future of our children and do not let this proposal go through.   There must be several other options that will not have such detrimental effects.   Ford should be ashamed.\n"
    },
    "73884": {
        "url": "/comment/73884",
        "comment": "I am against this development and not only will I never vote conservative again because of it, I\u2019m looking into class action lawsuits.\nHowever I think we all know it\u2019s too late and this comment process is a sham. This was a done deal the moment Doug fords buddies bought the land. Because if Doug can make a buck for his buddies, f*** priceless essential biosphere systems.\n"
    },
    "73885": {
        "url": "/comment/73885",
        "comment": "It\u2019s very disappointing that the current administration feels that using protected green space for housing is the correct solution.\nIt\u2019s also very concerning that a developer bought land which is being \u201cre zoned\u201d just a few months prior. It appears the current government is in cahoots with developers, or being bribed.\n"
    },
    "73886": {
        "url": "/comment/73886",
        "comment": "This proposal is an absolute sham and borderline criminal. It is particularly insulting as it stands to enrich developpers with NO GUARANTEE of benefits to the public. PUBLIC LAND SHOULD SERVE THE PUBLIC. If it is to be developped, it should be guaranteed community housing / afforbable housing. At the very least it should be offered to first time home owners and those struggling to enter the housing market. It should NOT be developped into unaffordable homes that will be bought up by investors and rented back to the general population at outrageous - and uncapped - prices.\n"
    },
    "73887": {
        "url": "/comment/73887",
        "comment": "I question the density of housing that will be built on this land. Large properties with detached homes for the wealthy are not worth sacrificing the greenbelt for and will do little to ease the housing crises which is affecting those with less means. Also the developers currently aren't constrained by available land so why not have them use what they already have first. Ontario's natural beauty is part of what makes living here so wonderful and is worth preserving when there are other better options available.\n"
    },
    "73888": {
        "url": "/comment/73888",
        "comment": "Disgusting and criminal. This is a cash grab for wealthy developers. Sacrificing our environment to make the rich richer. This will not solve the housing crisis. We need to increase density and stop building single detached homes. Urban sprawl is not the answer, and destroying the environment will only cause harm.\n"
    },
    "73889": {
        "url": "/comment/73889",
        "comment": "This proposal is an absolute sham and borderline criminal. It is particularly insulting as it stands to enrich developpers with NO GUARANTEE of benefits to the public. PUBLIC LAND SHOULD SERVE THE PUBLIC. When you look at the proposed changes it\u2019s obvious who will benefit from these changes and the environmental impact and damage to protected areas is unnecessary. This proposal does nothing to address the housing crisis in Ontario and only services to enrich the wealthy developers who contributed to the Ford re-election campaign. The government should be ashamed of themselves for this reversal of their commitment not to touch the green belt.\n"
    }
}