{
    "65765": {
        "url": "/comment/65765",
        "comment": "I am so upset to see that there is a proposal to open development in our beautiful, rich and abundant greenbelt.  I do not agree with this decision. I feel that the ontario government could choose to focus their(our) time,  energy and money on something more pressing.  Our health system ,school system,  housing, energy and food prices. In fact,  doesn't the green belt produce a vast amount of food for our ontario people.  Wouldn't this put more pressure on our food system and hike up prices.  Very poor decision. We need to shut this down quickly,  as to not waste any more time and resources on this matter.\n"
    },
    "65766": {
        "url": "/comment/65766",
        "comment": "Sustainability of our environment is important to me. Doug Ford was elected with his promise to not touch this land and he should stand by that promise.\nThere is plenty of formally developed land that has not been maintained that could be rebuilt to suit today's needs.  Look to Singapore who cannot expand to more land but continues to grow and improve their metropolis.\n"
    },
    "65769": {
        "url": "/comment/65769",
        "comment": "All acreage included in the proposed amendment to the greenbelt should undergo vigorous environmental audits to protect our watershed that feeds the lakes and rivers in our region. Particularly non-farm land needs to undergo meticulous environmental assessments. The culling of original or old-growth forest is harmful if done for the sake of paving over the environment, whilst damaging the watershed and decreasing urban density. In conclusion, problems of harmful building substances from cement, building materials, and the compacting of ground around our watersheds will negatively influence the quality of our drinking water for generations to come. Densification is the answer, not urban spread.\n"
    },
    "65771": {
        "url": "/comment/65771",
        "comment": "The proposed development of parts of the greenbelt are extremely discouraging. Especially after promises from this government not to develop this vulnerable and crucial component of our environment just a few years ago\nI recognize that housing is an important issue and that we are facing some significant challenges in providing our growing population with somewhere to live. Having said that, there must be other, more suitable options.\nKnowing that much this property was purchased by developers after the creation of the greenbelt in 2005, it is clear they were hoping for the right government to come along that would fall back on its promises; once again focusing on immediate financial gains for a few individuals, rather than seeing long term benefits for all.\n"
    },
    "65775": {
        "url": "/comment/65775",
        "comment": "Dear Doug Ford\nYou are a liar, you are a promise breaker. You don't care about Ontario or it's people, you only care about your deep pockets and rich friends.\nNOBODY WANTS YOUR PROPOSED CHANGES TO THE GREENBELT\nNOBODY WANTS HIGHWAY 413, NOBODY WANTS 7400 ACRES OF OUR PRECIOUS GREENERY TAKEN AWAY\nEverybody in Ontario knows that the housing you plan to build on the Greenbelt will do nothing for immigration and nothing to help the affordable housing crisis we are experiencing. We know it will be used to build rich mega mansions by your mega rich friends, that take precious materials away from projects that are actually meant to assist with these things. Materials that are already in short supply.\nConservation authority should also remain as is. Building homes that will flood or sink, has no purpose whatsoever. Building homes that will pollute important environmental ecosystems is immoral and wrong.\nYou do not have the support of the majority of Ontarians. We all know the only reason you are in power is because of the pathetic voter turnout in our last election.\nKnowing this, it would be smart of you to listen to the people, and cater to the people. We, the people hold the numbers, and you do not.\nDO NOT DESTROY OUR LAND\n(further than you already have)\n"
    },
    "65776": {
        "url": "/comment/65776",
        "comment": "As a resident of Ontario, I am adamantly against this proposed infringement of the green belt.\nThis legislation would have devastating impacts on Ontario\u2019s climate and on the lives of residents in a large surrounding area who already rely on over-taxed infrastructure.\nPlease stop this legislation!\n"
    },
    "65779": {
        "url": "/comment/65779",
        "comment": "I\u2019m really disturbed by the lack of planning when it comes to housing in our province. Why is the only solution to break a promise that you, Doug Ford made to your constituents?\nAs you drive north or south on Highway 400 or east or west on Highway 401 there are plenty of establishments that are run down or properties and developers that have gone bankrupt. This type of solution would allow commuters to use the existing train system and existing highways instead of using taxpayers money to create roadways that we currently do not need. Why can we not use these locations instead of displacing even more of our natural resources? Where will all of the wildlife go?\nWhat will we be known for in Ontario if we don\u2019t protect our wildlife and our natural resources? What type of legacy are you Doug Ford looking to leave behind; a life of making money or a life of bettering our province and our children\u2019s future?  I am sad for the next generation if this is the type of leadership that they have to look forward to. Do better! Prove to us that it\u2019s about more than making money. Go back to the drawing board and come up with a better solution.\n"
    },
    "65781": {
        "url": "/comment/65781",
        "comment": "Opening up the green belt is in itself the \"logical\" and misguided conclusion that has resulted of decades of inaction. The issue is not that we are running out of land to build future communities to support the Ontario economy. In Toronto (for example), we have enough space (horizontal and vertical) to support the density required for future generations; however, this requires a lot of public support to agree to development of communities close to their single-family houses. In Toronto and the rest of Ontario, we just continue repeating the same city planning strategies. So far, no politician or government worker has been able to provide a concise and clear direction where Ontario economy is headed. Our economy is more service-centric at the major cities and resource/energy-centric (Sudbury, Sarnia, Tiverton and others). For service-centric economy, the core principals are education, affordable living and transportation. Successful countries in Asia, who are service-driven economies, tend to favour the 70-20-10 rule. 70% of the space in a municipality is dedicated to living space, 20% is dedicated to recreational businesses or places (parks/restaurants/) and then 10% is dedicated to offices and supporting spaces. In this way, parents do not spend too much time commuting and can support children and family more as the time moves forward. In short, a strong culture and community that supports the economy in their neighbourhood.\nWe are still stuck in the past mentality that every one should have a car, that commuting 1 hour or more away from their work is acceptable and that building communities around already-existing stations is somehow blasphemous in the political realm. What the current government tends to forget is that new communities will require access to the same services that everyone else is requiring access to (education, healthcare, transportation, infrastructure, etc.). There are service that are not available to the existing communities, towns and cities within Ontario. If the Green belt is opened, it is just the lazy pseudo-\"greenwashing\" showcase of any politician doing something for the community. Opening the Green belt will not lessen the prices in or around Toronto or any other major city. It will not lower rents, lower food cost or improve education.  Opening the Green belt only benefits the developers that have been gouging the current population in Ontario. The problem is simple (Middle income and low income cannot afford to live in Ontario at the rate we are going). Middle and low-income communities support development of infrastructure more than developers. However, since not many people can live close to where they work and still be hopeful for the future, everyone is being driven off to other provinces or countries. Several of my colleagues have left to other provinces more relaxed. These are professionals that could have created future jobs for other Ontario residents. My previous colleagues liked living in Ontario but they just could not continue with the same status quo for 20 more years.\nMy father used to commute 4 hours a day to reach his job in Mississauga. How likely is for any person living outside of Toronto to be contributing their best to Ontario's economy? How likely is any low-income citizens to achieve their dreams in Ontario, if they are not able to afford living in the city where they work and where their children can grow to be whatever they can be (and should be). Toronto has land, look at Scarborough and you see land. Look at Etobicoke and you see potential growth. What you do not have is a strong vision. The education system is awful if you do not live in a relatively safe area. Jane and Finch and other sections need help but the help is never there. The homelessness problem is exacerbated and politicians think short term solutions will fix long term problems. The economy in Ontario thrives greatly for the optimism and hopefulness that immigrants bring to each city; sadly, cities are not designed to support an unclear vision. My litmus test to any infrastructure project is to imaging if the city/area was my house; would this be inline with the purpose of my house. The answer to most projects in Ontario is no, it is not inline with Ontario's vision (regardless of how blurry that vision is or how overused by previous politicians is). In short, the Green belt is not the answer to the housing crisis and it only will benefit developers. We are stronger when all our neighbours are stronger. By spreading us apart and not looking at the current issues that many Ontarians are facing (regardless of what level of government is responsible for addressing that issue).\nDo better, be better and we can reach our best together.\n"
    },
    "65782": {
        "url": "/comment/65782",
        "comment": "The Green Belt is fundamental to the ecosystems of Ontario and must not be touched by developers. Cities need to expand upwards not outwards to become more sustainable. Repurposing unused office buildings into high density, low income housing is the best solution for the people of Ontario. Our futures depend on it.\n"
    },
    "65783": {
        "url": "/comment/65783",
        "comment": "This is an embarrassing proposal for anyone that recognizes the science that climate change is happening. The results will be many more millions in taxpayer dollars in future recovery, compensation and relief efforts. The Greenbelt and other natural areas are our defenses, our resilience and natural mitigation against the worst. We need to be protecting them and beefing up support of living in harmony with trees and nature, not reducing input and barriers through groups that work for the betterment of these areas, and for us all. Housing can be developed in many other ways that are not so detrimental to our childrens' future.\nThe Ford govt has lost my vote just by suggesting such lazy ways to proceed with housing development. Ways that are more detrimental than beneficial, in both the grand scheme and at municipal control levels.\nPerhaps I'll look into moving my business to BC. I am lucky that I can move and it's always been a thought on the back burner. Ontario is putting the short term economy above the long term health and success of everyone and I can't abide such myopic views where I raise my kids.\n"
    },
    "65784": {
        "url": "/comment/65784",
        "comment": "Doug Ford - I do not approve of you rezoning the wetlands for housing development in Ontario. This was a campaign promise was it not ??\nIt\u2019s bad enough your party stuck Haldimand Norfolk with some absentee mpp - but enough is enough ! You have dozens of abandoned properties all across the North gta etc you could use . Stop being the person you are and step up .\nI voted and not for you / if this track continues- I will do everything in my power on social media etc to get a election called . I dislike the pc to begin with but you are making it worse . Healthcare/ education- you are killing Ontario!!\n"
    },
    "65785": {
        "url": "/comment/65785",
        "comment": "This proposal is a terrible idea. Not only would it destroy the rapidly dwindling natural spaces in Canada but it wouldn't provide the necessary improvements to housing affordability and the housing crisis either. We do not need more sprawling suburban areas with mcmansions the people living through a housing crisis couldn't afford. With the increase in work from home jobs there are plenty of empty office buildings in large cities for sale that could be used for high density affordable housing.\n"
    },
    "65786": {
        "url": "/comment/65786",
        "comment": "This goes against your platform in the campaign. You specifically said you would NOT touch the Greenbelt and here you are proposing to do just that. Why are you not held accountable like the rest of the citizens. As Premier, it is not okay for you to lie and take away land that is not designed for housing. You will be endangering species and wetlands in the process, which is not okay.\n"
    },
    "65790": {
        "url": "/comment/65790",
        "comment": "I, as an indigenous person of Ontario, speak for the water, the birds, the land animals and water creatures. Handing over parts of this sacred tract of land is fundamentally flawed and disheartening. Developers need to repurpose existing land and increase density,  not destroy what precious green space remains. Doug Ford stated on record he would not touch this land. The provincial government lacks a mandate for this action and in no way at all should this heartless proposal move forward. The province belongs to the people, not rich developers.\n"
    }
}