{
    "75491": {
        "url": "/comment/75491",
        "comment": "I am not against development, especially affordable housing, but to address the threats caused by the climate crisis and biodiversity loss and to protect Ontario's critical agricultural land, the focus of legislation should be on limiting sprawl, encouraging development within urban boundaries, and creating complete healthy communities on already serviced land that can be served by public transit.\nI am deeply concerned that Conservation Authority lands will be opened for sale to the development industry, that wetlands can be drained and built upon, that municipalities are prevented from entering into agreements with conservation authorities to review planning applications on their behalf, that 'conservation of lands' and 'pollution' will be removed as considerations in permit decisions, and much more.\nConservation Authorities have played a crucial role in protecting against losses caused by flooding, erosion and other natural hazards that are bound to increase as the climate changes. Now, more than ever, it's important the planning takes a watershed approach. This includes protecting conservation areas in terms of human recreation and biodiversity protection.\nBill 23 has not been given the time needed for detailed analysis and informed discussion, and has been stripped of sufficient time for public consultation.\nI care deeply about regional planning. I also want to protect all the innovative measures the Region of Waterloo has implemented over the years such as the Countryside Line, measures to protect Environmentally Sensitive Landscapes and our groundwater supply, ION rapid transit, planning which has focused on urban intensification and saved our valuable farmland.\nI don't want a heritage act that protects only mansions built by rich people. I care about environmental protection and the Greenbelt. This must be a priority!\n"
    },
    "75493": {
        "url": "/comment/75493",
        "comment": "I thoroughly agree that the housing issue needs to be addressed but not at the expense of our environment, farmlands and marshlands. Adding to the area of the green belt is a great idea but do not take anything away from it for development purposes.  Please consider areas for development and housing in already established urban areas - many existing buildings could be renovated to accommodate housing (abandoned buildings) or large parking lots, golf courses, build up, reuse industrial buildings, build multiplexes , convert single dwellings to apartments-  I am sure there are many more alternatives to be considered before destroying our natural lands, watersheds,  or farming areas.\n"
    },
    "75498": {
        "url": "/comment/75498",
        "comment": "I\u2019m writing to you today in support of the Greenbelt, Conservation Authorities and Ontario\u2019s wetlands, woodlands and other natural areas.\nI am opposed to the proposal to remove 7,400 acres of land from the Greenbelt, which was revealed on November 04.\nThe proposal claims that the lands removed will be \"replaced\" by adding land to the Greenbelt. However, much of the land that will supposedly be added is already protected. And, even if it weren\u2019t already protected, the very possibility of \"swapping out\" the plots of land targeted for development destroys the permanence and certainty required for any part of the Greenbelt to function properly.\nBy permanently setting aside land for farming and natural heritage, the Greenbelt protects land from the intense speculation and development pressure in Southern Ontario. Without this permanent protection, agricultural land would quickly become completely unaffordable to farmers. Even raising the possibility of removing any land from the Greenbelt will create a speculative rush and intense development pressure on all the lands currently within the Greenbelt.\nBill 23 will further the destruction of critical natural areas in a time of climate crisis while also failing to deliver the urban transformation \u2013 or the affordable housing \u2013 that Ontario needs.\nIn conclusion, please desist from removing any lands from the Greenbelt \u2013 even if they are replaced by other lands in other areas\u2013 and repeal Bill 23.\n"
    },
    "75505": {
        "url": "/comment/75505",
        "comment": "While we are facing increasing stress on our wetlands and green spaces our governments should not be looking claw back these spaces and claim they are adding more by designating areas already green or farm land as protected. Our current PC government has shown to be poor stewards of our natural spaces and an arrogant approach to infrastructure. We have a tangible and imminent threat to our environment that climate change has manifested in devastating ways.\nThe recent decision to build Hwy 413 is an example of the Ford governments lack of vision and adhering to it's own professional planners advice in the name of more asphalt that will not provide any traffic easing or control benefits and only invite more traffic into already highly congested tributary roads and highways. Our growth needs to be much slower and organic to assure we have the infrastructure and services in place before tilting the dump truck.\nOverall the Ford Government is proving to be short sighted and shows no creative solutions to the real issues. To look to claw back green spaces to try to stuff another 1.5M new homes (how many people is that???) in the GTA area is ludicrous considering the lack of infrastructure and services that we are experiencing.\nTell me what the plan is to fix our health care and education systems that have fallen under attack by this government. How is it that a government that is overseeing an exodus of healthcare professionals, a reduction of services, huge delays in access to diagnostics that are all stressing these systems to the point where people are dying needlessly is going to support another 1.5M new homes when you can't support our population now.\nHow is it that a government that is seeing reduced staffing and support for our teachers and schools is going to stuff 1.5M more home into an already broken system and expect a better outcome.\nThe salary and resource battle being waged unfairly and irresponsibly by our current PC government only exasperates already stressed and eroding crucial public services and you concern is more housing for developers to enjoy the benefits of without the investment in our existing communities and citizenry.\nI see this whole effort as a transparent land grab by a government bankrupt of ideas and solution and looks to put up smoke screens by hiding their failures behind other efforts that amount to no more than distractions from the real problems. It has become clearer to me that the PC government is not looking out for the best interest of Ontarians' and is looking to boast it's popularity by trying to grab low hanging fruit by building more houses and pat themselves on the back for their bold plans while our education and health care systems deteriorate into non-functional services. I further feel that the PC plan is to privatize health care because addressing the problem and coming up with appropriate solutions is too hard and beyond the competency of this government.\nShame on me for voting for Ford and the PC's twice. It won't happen again.\nSincerely,\nDisappointed Ontarian\n"
    },
    "75506": {
        "url": "/comment/75506",
        "comment": "Protection of Canadas green spaces should be a priority, now and always. In todays world keeping the Greenbelt protected for future Canadians to enjoy is even more important than before. Canadians seek areas to embrace and take in Canadas natural beauty, to understand why we should be proud to call Ontario our home. When other Canadians or other people visit Ontario, they do not come to see housing infrastructure and construction, they come to hike the escarpment and enjoy the beautiful parks and protected Greenland. In todays climate maintaining valuable green space is even more significant and important, and once green space is flattened for housing and construction there is pretty much no going back. Please, save the greenbelt and do not destroy Canada and Ontarios natural beauty.\n"
    },
    "75512": {
        "url": "/comment/75512",
        "comment": "Hands off the Greenbelt. There are ample spaces properly zoned and already owned by developers to develop more housing. You represent all Ontarians, not just the interests of Ontario developers. What you are doing will cause untold damage that can never be undone. You represent even those who did not vote for you. Please listen to all of us.\n"
    },
    "75513": {
        "url": "/comment/75513",
        "comment": "Ontario is in a housing crisis and we need to take it seriously.\nBuilding into the greenbelt is not the way to do this. Please reconsider this.\nOntario needs to build housing in a way that makes sense with the simultaneous crises it\u2019s citizens are facing.\nThe housing crisis, cost of living, and climate change crises are all important and happening simultaneously. To address them, we do not need more single family homes that will sentence their residents to a life of driving everywhere, in a neighbourhood that has nothing they can walk to.\nWe need to build up, not out!\nI want to live in a bold Ontario, where we Re-imagine what having a family looks like in terms of housing. Why do force families with children to move to suburbs? Instead we should be building apartment and condo building with 3+ bedroom units that can support couples and families through multiple stages of life, and save our greenspaces to soak up carbon and protect nature.\n"
    },
    "75517": {
        "url": "/comment/75517",
        "comment": "I am deeply opposed to the removal of lands from the Greenbelt to be used for development. We are in a time of climate crisis; we need as much land as possible to buffer the impacts of increased severe weather events that we will continue to see and to grow food for our growing population. In addition, increasing development in the Greenbelt will only continue to create a reliance on personal vehicles and the burning of fossil fuels to power them. The Greenbelt is crucial to creating a healthy natural environment in Southern Ontario. Without a healthy natural environment, no one has a home to live in and development is irrelevant. Human health is closely linked with environmental health, and we cannot have one without the other.\nIn addition, Ontario's own Housing Affordability Taskforce has said that access to land is not the cause of the housing affordability crisis:\n \u201c\u2026 a shortage of land isn\u2019t the cause of the problem. Land is available, both inside the existing built-up areas and on undeveloped land outside greenbelts. \u2026 Most of the solution must come from densification. Greenbelts and other environmentally sensitive areas must be protected, and farms provide food and food security.\u201d (Housing Affordability Task Force report, p.10)\nWe need to make use of the land that already exists within city limits to increase housing supply in a way that creates truly affordable housing and protects our natural environment.\n"
    },
    "75519": {
        "url": "/comment/75519",
        "comment": "I oppose the proposal to remove 7,400 acres of land from the Greenbelt. The Greenbelt is protected land for a reason, a reason which remains highly relevant today. In addition, the proposed plan is unlikely to produce any additional affordable housing, making that rationale weak, particularly when there are other evidence-based ways to improve affordable housing.\n"
    },
    "75521": {
        "url": "/comment/75521",
        "comment": "Please Please reconsider what your Office is proposing. It is nothing but harmful & irresponsible. Can you look Children in the eye & tell them why your are selling away the Greenbelt to Developers who will NOT be building affordable homes.\nThere are hundreds of Immigrants & people needing homes but this is not the way to go..AGAIN, WHAT is needed badly is AFFORDABLE homes.\nALSO..why are you stopping development fees when Toronto/Ontario needs the money for infrastructure & services..I & lots of others, do not understand your thinking. AGAIN it is harmful & irresponsible. Its like living in TRUMP land.\nPlease show that you are caring Canadians & do your best to look after us. Thank you.\n"
    },
    "75524": {
        "url": "/comment/75524",
        "comment": "I do not support the removal of lands from the Greenbelt as housing development on these lands is harmful to our environment and unnecessary to meet housing demand. The claim that Greenbelt land must be developed to meet housing demand is specious. There is lots of undeveloped land that would be better suited to housing.\nI believe the Premier of Ontario lied to voters, indicating that Greenbelt lands would be preserved.\nWe must preserve precious farmland in the Golden Horseshoe to ensure future food security for Ontarians.\nWe need denser communities to control costs. The government should be ensuring that housing is built where services - including roads, utilities and amenities- already exist in order to control pollution and costs.\n"
    },
    "75526": {
        "url": "/comment/75526",
        "comment": "Myself and my family are deeply concerned with the opening of the Greenbelt by Premier Doug Ford, who has been recorded for the public to hear in the past about four years ago before his reelection promising NOT TO TOUCH THE GREENBELT.\nShould anyone with a track record of lying be allowed such power as he is wielding now?\nWe do not believe the hype the Premier and Steve Clark and Conservative Party members like Sam Oosterhoof are spewing regarding Housing Crisis. Do they have a crystal ball that shows them positively there is going to be a huge influx of immigrants in the next 10 years? Do they know for a fact that the said immigrants will want to live on the Greenbelt? Right now in Ontario there are many homeless people living in tents and on the street with winter coming. Why is Ford not trying to secure these Canadians now affordable housing not the mansions that will be built on the Greenbelt.\nClimate change just might wipe us all out within the 10 years if the Greenbelt is opened up and destroyed.\nFord is disrespecting all our hardworking Canadian farmers and with his plan there just not be any Canadian farming left instead we will have to rely on foreign countries.\nFord is performing like a dictator not allowing public input that is a very scary slippery slope.\nFord should be eliminated from his elected position as Premier. His job performance has been bleak and unacceptable.\nThere is so much wrong with this whole scheme one could write forever but I will instead close saying, Ford has absolutely no right to open up the Greenbelt because it was legislated in the past to be permanently protected in for good and smart reasons.\nThe majority of the  Canadian taxpayers see clearly that this boils down to Ford pandering to his developer buddies and they ALL are simply after GREED,\nThank you for allowing me to participate because it is so important.\n"
    },
    "75527": {
        "url": "/comment/75527",
        "comment": "The proposed paving of farm land as well as sensitive environmental lands is a blight on the Ford government. It is so obvious that they tipped off their supporters as to what land they should buy and Ford would make sure that they could build on it.\nThis will lead to way less food security, more salt in our ground water and more costs to maintain roads and parking lots, especially Municipal taxes now that we have to pay for infrastructure.\nThis is so obvious that all the Conservatives want to do is line the pockets of their party donators and have no concern for the rest of us.\n"
    },
    "75532": {
        "url": "/comment/75532",
        "comment": "I work with experts in housing, food security, social policy, public policy, indigenous governance, responsible investing, impact investing and environmental scientists.  Not one of these experts supports this as a solution to any of the issues they deal with.\nIf this were simply a matter of expediting housing construction to meet the need, it is not explained by the numbers.  There is enough available land without encroaching on protected areas.\nThe allegations that the developers who stand to benefit from this change are linked to the Ford government are serious and should be investigated by the RCMP.\n"
    }
}