{
    "73801": {
        "url": "/comment/73801",
        "comment": "This proposal is an absolute sham and borderline criminal. It is particularly insulting as it stands to enrich developers with NO GUARANTEE of benefits to the public.\n"
    },
    "73804": {
        "url": "/comment/73804",
        "comment": "I would like to voice my absolute opposition to opening up parcels of the Greenbelt to development. The fact that this government is willing to put environmentally sensitive land at risk for the profit of a small number of developers is outrageous and beyond conscionable.\nThe Ontario Housing Affordability task force outlined as one of their recommendations (among many) that the government increase density, making more room for additional housing projects within the GTA without encroaching on environmentally sensitive land.\n\"Land is not being used efficiently across Ontario. In too many neighbourhoods, municipal rules only allow single-family\nhomes \u2013 not even a granny suite. Taxpayers have invested heavily in subway, light rail, bus and rail lines and highways, and the streets nearby are ideally suited for more mid- and\nhigh-rise housing. Underused or redundant commercial and industrial buildings are ripe to be redeveloped into housing or mixed commercial and residential use. New housing\non undeveloped land should also be higher density than traditional suburbs, especially close to highways.\"\nI hope that the electorate demonstrate that their memory is long enough to keep this abysmal proposal top of mind next election cycle.\n"
    },
    "73805": {
        "url": "/comment/73805",
        "comment": "I do not support the development of green space for housing. Municipalities have offered other housing solutions, and we have many existing spaces and buildings which could be repurposed to support demand. Additionally, we could be developing outside the GTA. The area is too dense with population compared to the rest of the province. Focus on province wide impact and infrastructure, not just Toronto.\n"
    },
    "73807": {
        "url": "/comment/73807",
        "comment": "This is the dumbest thing I\u2019ve ever read.\nI know much but I do now this isn\u2019t going to fix the CURRENT housing crisis, this isn\u2019t going to make rents cheaper or increase the likelihood that this 33year old is ever going to afford a house of her own. There\u2019s also better options than building in the greenbelt.\nI\u2019d like to think that you\u2019re (the government) better than this, but it\u2019s continually shown that the population doesn\u2019t matter.\n"
    },
    "73808": {
        "url": "/comment/73808",
        "comment": "The plan to build housing on parcels of the Green Belt in the GTA is misguided, short-sighted, and alarming. Misguided, because there are plenty of alternatives to increase housing without having to build on pristine watersheds. We don\u2019t need more urban sprawl at prices that the average citizen cannot afford. We need AFFORDABLE housing, such as rental units, duplexes, and higher density in established neighbourhoods. Do something with those empty, overpriced condos that investors are holding just for profit.\nShort-sighted, because once these edges of the Green Belt have been built upon, they will not be able to do their job of protecting their watersheds from flooding, erosion, and groundwater contamination and depletion. Not to mention the urban ecosystems they support, and the need of humans for accessible green spaces. It sets a precedent \u2013 once you begin nibbling away at the edges, then it will be done again and again, until the space is essentially gone. Substituting Green Belt lands with designated countryside further out does nothing to preserve the green spaces within the city boundaries.\nAlarming, because of the speed with which you are enacting this process. To quote some famous lyrics, \u201cDon\u2019t it always seem to go that you don\u2019t know what you\u2019ve got till it\u2019s gone. They paved paradise, put up a parking lot.\u201d\nI urge you to slow down, seek more opinions from ecologists and urban planners alike, and come up with a better plan.\n"
    },
    "73811": {
        "url": "/comment/73811",
        "comment": "This is not the best option to addressing the housing crisis for either A) the environment or B) affordable housing.\nThe types of homes being proposed are not going to provide affordable solutions for everyday people. It will benefit a very small percentage of already wealthy people and drastically alter a very fragile and delicate ecosystem.\nPlease, choose be on the right side of history. This type of greed is ruining our province by putting profits over people.\n"
    },
    "73812": {
        "url": "/comment/73812",
        "comment": "This proposal is a horrible idea with the ONLY intent to support the 1% and fill their already full pockets, while the working class who make this province run continue to be unable to enter the housing market. At the very least the land in question should help the public and allowing expensive unattainable houses be built here would be the very opposite.\n"
    },
    "73814": {
        "url": "/comment/73814",
        "comment": "The greenbelt was established for a number of reasons, building over it helps no one. Ontario has a lot of space. Why not find a way to encourage settlement away from the GTA/Golden Horseshoe? Why not build in the north and find a way to incentivise population growth there? Why not encourage more diverse companies to move up there as well? Many existing communities would benefit from population growth and new employment opportunities, build there and create incentives for people and companies to move.\n"
    },
    "73816": {
        "url": "/comment/73816",
        "comment": "I strongly believe we should NOT develop the protected land that is the Green Belt. If we need more housing, build vertically (more high density housing). Do not take over land that Ontario and Ontarians have already decided to protect for environmental reasons. Surely the current government can consult all the reasons for why the Green Belt became a protected zone in the first place. Please get creative with your housing plan (e.g..more high density housing in cities and towns) instead of developing protected lands. You're making the very existence of Ontario's Green Belt a farce.\nAs an Ontarians living in the Golden Horseshoe, all the reasons for the Green Belt, as highlighted in the 2017 document (linked) continue to be important to me, especially as a new mother. I want my daughter to live in an Ontario that values environmental sustainability and protection.\n\"1.2.1 Vision\nThe Greenbelt is a broad band of permanently protected land which:\nProtects against the loss and fragmentation of the agricultural land base and supports agriculture as the predominant land use;\nGives permanent protection to the natural heritage and water resource systems that sustain ecological and human health and that form the environmental framework around which major urbanization in south-central Ontario will be organized;\nProvides for a diverse range of economic and social activities associated with rural communities, agriculture, tourism, recreation and resource uses;\nBuilds resilience to and mitigates climate change.\"\n"
    },
    "73821": {
        "url": "/comment/73821",
        "comment": "I am deeply appalled by the sneaky arrangement to have the Greenbelt divvied up and hand delivered to The premier\u2019s buddies. It\u2019s a disgusting attempt to make it seem like it is in the provinces best interest when in fact it\u2019s nothing more than another slap in the face. I refuse to stand by idly while Ford and his cronies rape and pillage the beautiful Ontario Greenbelt for more overpriced and unattainably priced condos. I would say he should be ashamed of himself but the last 3 years have proved this man has no soul.\n"
    }
}