{
    "67042": {
        "url": "/comment/67042",
        "comment": "This is a waste of tax payer dollars and only benefits a minority when so many people are struggling right now.\n"
    },
    "67043": {
        "url": "/comment/67043",
        "comment": "It is troublesome that land development is being prioritized for over land preservation. We need our farm lands. We ran into trouble when our masks were produced away from home and we ran out. We had trouble with vaccines because we didn\u2019t produce them. We can\u2019t afford to have trouble with food. Our climate demands we preserve the places we can grow food. Dependence on trade for food stuff is precarious in these times. Further to that we need this land to resist the encroaching climate change that threatens the globe. The green belt is a necessary part of that.\nThird you said you wouldn\u2019t. Don\u2019t be a grease bag. Keep your word you made to the people who you serve.\n"
    },
    "67051": {
        "url": "/comment/67051",
        "comment": "The government\u2019s own housing task force earlier this year said there was plenty of land already approved to build the homes we need, that more land was not needed.\nBut now PREMIER FORD is BREAKING HIS PROMISE  anyway, showing once again he cares more about wealthy donors than average folks. It\u2019s far less expensive to build affordable homes in existing neighbourhoods where people want to live close to where they work.\nDO NOT OPEN MORE GREENBELT TO DEVELOPMENT.\nSIGNED,\nAn Ontario Voter. Thank you.\n"
    },
    "67058": {
        "url": "/comment/67058",
        "comment": "\u201cThe Greenbelt is the heart of the Greater Golden Horseshoe \u2014 its permanent protection is essential for climate resilient communities and a thriving local economy.\u201c \u2014 greenbelt.ca\n"
    },
    "67060": {
        "url": "/comment/67060",
        "comment": "I wholeheartedly disagree with this amendment.\nWith the pandemic we saw how tenuous global food supply chains can be. As a result of climate change, locations we currently get our food supply from may no longer be reliable. That said, we badly need to protect and conserve farmland and surrounding ecosystems for future generations.\nContinuing urban sprawl is not the answer to the housing supply crisis. Densification and creating livable, walkable communities is a better solution.\nI see no evidence that this amendment is for the good of anyone but developers. It is a land grab for short-term monetary gain that will have lasting detrimental effects down the road and sets the precedent that greenbelt lands are up for grabs.\n"
    }
}