{
    "74889": {
        "url": "/comment/74889",
        "comment": "The Green Belt is a legacy for future generations who will pay dearly for the environmental degradation and destruction that people living now and in the past have inflicted on them. The very least we can do is continue to protect this precious green space. Once we turn it into suburbs and pave it over, it will be lost forever.\nI am calling on the Government of Ontario to make a wise decision that will be a treasured part of their legacy. Preserve the Green Belt. Focus on building homes in places where the environment has already been degraded. Save these agricultural, wetland and forested areas for the sake of the planet, the many threatened and remarkable species who depend on these habitats and the people who will follow us.\nPlease do the right thing.\nThank you.\n"
    },
    "74890": {
        "url": "/comment/74890",
        "comment": "Strongly against the destruction of ecologically significant and sensitive land that cannot be replaced. The land quality being replaced is not of equal value. The town of Erin was not properly consulted. The Greenbelt provides homes for sensitive species. The Greenbelt was originally protected to protect against urban sprawl. Destruction of protected areas should not be the first option to dealing with population increase. Developers should focus on reusing previously developed lands and building smaller, more compact housing (apartments). From the records available, this was seemingly a well organized plan from developers and the current Government beginning years ago to cash in on the Greenbelt\u2019s value. The Government should do what is right, not what is profitable. It should protect the land as previously vowed.\n"
    },
    "74891": {
        "url": "/comment/74891",
        "comment": "This is a terrible and harmful idea clearly only being proposed to enrich Doug Ford's developer buddies and donors. It will create more traffic, less green space to enjoy and will not create more affordable housing. Ford should be ashamed for backtracking on his promise to not develop the greenbelt. Ontario doesn't want this. Only rich developers do.\n"
    },
    "74894": {
        "url": "/comment/74894",
        "comment": "Farmland, woodlots, and green spaces are valuable and irreplaceable to society. Removal of farmland especially is a threat to food security for ourselves, and the rest of Canada Both presently and for future generations. Once it\u2019s gone, it\u2019s gone forever. This is exactly why the green belt was established. I urge for this proposal to be overturned, and ask that other regions not part of the green belt be considered for development.\n"
    },
    "74895": {
        "url": "/comment/74895",
        "comment": "It seems to me that nobody is happy about this proposal, excepting those who would benefit from the exploitation of some of the last greenspaces left in Southern Ontario. What makes cities desirable to live in, thereby increasing home value, is the access to healthy green spaces.\nHow will opening up protected spaces for development solve the housing crisis for people who can't afford a home? Through my eyes, I see no solution for the marginalized populations, I the creation of more overpriced, multi-million dollar homes for people who DO have the money. But I suppose that's the bottom line for the government- boost the economy at the expense of our environment; ignore the people who struggle to make ends meet while catering to corporations (i.e. developers) and the rich (i.e. the ones who have the money to spend and drive the economy). We are developing over prime farmland and destroying the natural function of the planet at a time when we need these things the most (buzzword: \"climate crisis\").\nThe issue is that the people who will benefit from this and who, ultimately, will call the shots on this proposal,  will be the last people who suffer from this. As Southern Ontario progresses in its gentrification process, us \"poor folk\" will be forced out- who will do the menial labour work required to keep the economy going? And as for the environmental aspect- our grandchildren will be lucky to see a future at the rate that we continue to obliterate the planet's means of self regulating- that is, its green spaces.\nIn my extensive education in the environmental sciences, these concerns have been on the minds of those in tune with environmental issues for decades: now, as the general public's awareness of the current state of our environmental and social issues continually grows, I think the Ford government seriously needs to reassess its plans for developing Ontario.  Take care of what we have first! Protect our spaces which provide vital ecological services to the planet; help the Ontarians who are struggling to pay rent and put food on the table for their kids. Let the rich have their bidding wars on existing infrastructure- the government's priorities are not solving first-world problems like this.\n"
    },
    "74901": {
        "url": "/comment/74901",
        "comment": "I am strongly opposed to this proposed plan.  Hands off the Greenbelt!!  It was created to benefit all Ontarians.  Building more houses and sprawl is not going to fix the housing crisis.  The risk to Ontario residents of future environmental disasters caused by wind, ice storms, or flooding will be increased by removing land from the Greenbelt.  Please do not destroy the Greenbelt!\n"
    },
    "74905": {
        "url": "/comment/74905",
        "comment": "I am so sad that the government is using the housing crisis as a way to increase profits for developers.  The greenbelt land will be cheaper for developers to build up as opposed to remediating land within urban limits.  And the people who can purchase homes on the greenbelt are not the poor....they are the middle class and wealthy that can drive to work without public transit or work from home.\nThe people that need help with housing are in the cities, near transit.  This greenbelt development plan is just good for the developers and the politicians who support them.\n"
    },
    "74909": {
        "url": "/comment/74909",
        "comment": "The growing season is short in Canada. South western Ontario Greenbelt Area is finite in its land mass. It is essential to maintain for hundreds of reasons.\nNew builds do not have to occur within the precious Greenbelt.\nBuilders must be contractually obligated to building affordable housing , not mega mansions.\n"
    },
    "74912": {
        "url": "/comment/74912",
        "comment": "Simply put, the removal of designated areas from the existing Greenbelt for development is environmentally disastrous as it will impact more than the footprint being so declassified. All evidence supports this conclusion. The plan trade off of designating other lands to the classification of Greenbelt is poorly researched and does not come close to compensating for the loss of existing Greenbelt lands or the environmental damage that will be caused. Indeed, what needs to take place is a preservation of all existing Greenbelt lands and increasing this footprint to include additional lands to protect fragile and irreplaceable lands and water resources, including subterranean groundwater.\nMore significantly, the provision of information on the government\u2019s determination to change the footprint of the Greenbelt to developers prior to the announcement of the government\u2019s intention is tantamount to \u201cinsider trading\u201d. This is especially problematic given that identifiable developers also are financial supporters of the government. I would posit that this is not only unethical but illegal.\nThe government had repeatedly promised that the Greenbelt was a protected area that would not be placed in jeopardy of being developed. The government has lied to the voters of Ontario and committed what is nothing less than a travesty of Justice. I demand as a citizen of this province that the government remind its plan to develop the Greenbelt. I further demand that the government take meaningful steps to expand the Greenbelt to take into account current and future threats to environmentally sensitive lands and water resources, including subterranean groundwater. This review should include a pause in the implementation of Bill 23, which will significantly impact the Greenbelt.\n"
    },
    "74914": {
        "url": "/comment/74914",
        "comment": "As a Professional Engineer under the Province of Ontario, Greenbelt lands cannot be swapped with other lands as a form of equivalence. Opening the Greenbelt for development will have lasting longterm detrimental effects on our drinking water and air quality. Allowing development sprawl is not the solution and this is an example of poor short-term judgement on behalf of the PC Government. This is not a good solution and I represent many in voicing my opinion as to not move forward with this.\n"
    },
    "74916": {
        "url": "/comment/74916",
        "comment": "\"We are going to make sure we keep every single promise\", \"I was clear during the campaign.  I listened to the people and we are not touching the Greenbelt.  We will protect it and all its beauty\" - Doug Ford June, 2022.  I didn't realize promises and people meant to his developer friends.\nUrban sprawl is not the solution to the affordable housing crisis. Bill 23 jeopardizes affordable homes, could make renting more expensive and cuts funding to municipalities.   I support carefully considered densification, but I strongly oppose the use of environmentally sensitive land to build housing.  I completely believe those municipalities such as Erin that are not supportive of the false equivalency of expansion into unnecessary areas.  This bill will wreck the environment.  Conservation oversight to protect our environment is reduced.  It is expensive for municipalities to provide services to new developments, and transportation is less accessible by mass transit.\nThe only glimmer of positive in this bill is the possibility to increase density in existing neighborhoods, but at the same time renters must not be evicted due to the demolition of existing homes.  We need expanded rent control!\nDevelopment fees must not be reduced at all but without a doubt not when municipalities are not being provided funds to address their losses needed to build supporting infrastructure.  As a taxpayer, I strongly oppose increased taxes because houses are being built that won't even address the affordable housing crisis.\nThe lack of consultation with First Nations is also a huge issue with me (Anishinabek Nation and others). The Niagara Escarpment is the most biodiverse place in Canada and is designated a United Nations Biosphere Reserve.  The organization in charge of the NE Biosphere Reserve (NEBN) that maintains UNESCO's mandate and designation of the Niagara Escarpment Biosphere has said \"hands off\".  Objections also come from many other sources such as the Wilderness Committee Ontario, David Suzuki FDN, leading architectural and landscape architectural firms, Canadian Centre for Housing Rights, Advocacy Centre for Tenants Ontario, among many, any others.\nFinally, the corruption is in \"real-time\".  As just one example, donors to the Ford government borrowing $100 million at a TWENTY-ONE PERCENT interest rate in order to buy up Greenbelt land that, in less than a year, was magically opened to development (Globe and Mail, November 2022).  The recent series by the Toronto Star and The Narwhal outlined the developer connected the dots.\nI pledge to vote for any candidate in a future election that makes it their priority to reverse Ford's sale of #Greenbelt lands.\n"
    },
    "74917": {
        "url": "/comment/74917",
        "comment": "We are totally disagree to use the greenbelt for future urban developments.  As human being we need to protect and conserve these green areas for our survival and for future generations.  Currently, we are in an climate emergency, which requires the environment to be capable to compensate all the pollution and global warming.  It is necessary to explore other options to provide the required housing such as high buildings in towns or in areas already developed.\nPlease do not put in risk our protected areas.\n"
    },
    "74919": {
        "url": "/comment/74919",
        "comment": "It is a disgrace that the Ford Government is planning to infringe on the Greenbelt. The best farmland in all of Canada has already been swallowed up by urban sprawl, yet the Ford government wants to take more of it for housing. The housing crisis will not be solved by building more houses on the greenbelt. In fact, building more houses will create more sprawl and destroy precious habitat for the little remaining wildlife and agriculture we have left. There are areas within city limits, outside of the greenbelt that can be developed. Solving the housing crisis does not mean destroying protected land. Shame on you! These decisions are being made without the consent of the citizens in Ontario who you are supposed to represent. The developers, who fund the PC Party are the only ones who are benefitting here. It is time to make smarter, ore sustainable decisions. Once the greenbelt is destroyed, it is gone forever.\n"
    },
    "74920": {
        "url": "/comment/74920",
        "comment": "This entire bill is an affront to decades of careful planning. It will radically change how our communities look, regress us in terms of good planning practices.  There is more than enough land in urban areas. Including Torontos north and east ends of North York and Scarborough.  These areas are well served by transit. We cannot throw decades of careful planning worth millions in special studies and consultations to take away the futures right to a sustainable Ontario. Please reverse this or revise it please. This will destroy Ontario.\n"
    },
    "74921": {
        "url": "/comment/74921",
        "comment": "As resident of Hamilton I view the proposed changes to the Greenbelt as utterly ineffective in achieving the stated goals. If the government wants to work on the housing crisis there are many options that don't include impinging on prime agricultural land.\nThe areas that will be affected in this area will only result in rate increases as we have to pay to connect municipal services to low density housing which will service a small amount of people fleeing the GTA's housing crisis, rather than converting or redeveloping the many potential areas within the existing city limits.\nI am strongly opposed to these changes, they seem to be motivated to benefit a few developers who have made very large investments in these areas in the recent past.\n"
    }
}