{
    "76898": {
        "url": "/comment/76898",
        "comment": "I am the current owner of lands within the noted area that is proposed to be removed from the Greenbelt Plan.\nI support the removal of these lands from the Greenbelt for the following reasons:\n\u2022The inclusion of the subject lands in Greenbelt was contrary to the City of Hamilton\u2019s plans for growth, staff position and that of their consultants engaged in the Greenbelt review process.\n\u2022There is no planning or scientific justification to support the previous decision to include the lands in the Greenbelt. The inclusion appears arbitrary, especially considering that parcels of tender fruit lands were removed at the same time.\n\u2022The placement of these lands into the Greenbelt had the immediate and long-term effect of depreciating the value of my property and that of my neighbours. Many of us have resided in this area and established business that are generational in tenure and our family future depends on maintaining this asset into retirement.\n\u2022I understand that the City of Hamilton requires these lands to meet housing needs to address affordability and supply issues. This area has excellent accessibility to major highways and community services in the abutting urban area of Hamilton and the Ancaster community.\n\u2022I strongly support Provincial and Municipal initiatives to increase the supply of housing in my community.\n"
    },
    "76901": {
        "url": "/comment/76901",
        "comment": "Doug Ford made a specific promise to Ontario voters.  He realized Greenbelts in Ontario were important and if he and his party wanted to win the election he had to make a specific  promise. Don\u2019t violate the greenbelts.\n Bill  23 is not only a violation of trust it is an attack on the environment. The Conservative Party of Ontario should realize that Bill 23 puts them at risk, just like the environment.\nVoters don\u2019t forgive or forget the abuse of power.\n"
    },
    "76905": {
        "url": "/comment/76905",
        "comment": "Climate change is a serious growing issue driven by the emission of greenhouse gas emissions. We are already seeing the impacts of climate change and this will only perpetuate it's negative effects. We already have a solid highway system and I don't see the need to build another one. The increased emission of these greenhouse gases from the increased amount of cars will only be harmful to the environment as well as our population.\n"
    },
    "76906": {
        "url": "/comment/76906",
        "comment": "Global warming is a serious problem that has not been given the importance it requires. Projects like the one planned for the greenbelt only make our situation worse.\nThe greenbelt is a natural treasure that protects the Niagara region as well as being an important part of the production of ice wine. Products that are only produced in two parts of the world and Niagara is one of those places. The reason it is special and unique is the greenbelt.\nPlease do not destroy this natural wonder that offers us protection from natural disasters and good agricultural conditions.\n"
    },
    "76907": {
        "url": "/comment/76907",
        "comment": "Decisions today impact the environment we are leaving for our children and for generations to come. Let\u2019s do the right thing now and think creatively about how we can solve the problems of today (creating more housing) and not create unsolvable problems for tomorrow. There is no going back.\nPlease preserve the greenbelt. Leave it be.\n"
    },
    "76908": {
        "url": "/comment/76908",
        "comment": "I am writing to express my strong opposition to the proposal to remove 7,400 acres from the Greenbelt (ERO #019-6216 and #019-6217).\nThese Greenbelt lands are not needed for housing. The amount of greenfield land already designated for development, and added to municipal settlement boundaries, but still sitting unbuilt far exceeds what is needed to meet long range housing targets. As you know, in its 2022 report, Ontario\u2019s Housing Affordability Task Force stated that a shortage of land isn\u2019t the cause of Ontario\u2019s housing problem and that Greenbelts, environmentally sensitive areas and farmland must be protected.\nThe proposed removal of Greenbelt lands sets an alarming precedent, opening the Greenbelt to development at the request of those who stand to reap immense profits while the rest of us pay the tab. Land swaps put the entire Greenbelt at risk. Most of the lands to be removed from the Greenbelt overlap with the Natural Heritage System, which supports sensitive and significant natural features, and is supposed to be managed by your ministry as a connected and integrated natural heritage system.\nThe importance of permanently protecting lands and waters within the Greenbelt cannot be overstated. It is key to building the resilience of local food systems, protecting at-risk habitats and species, and sustaining the physical, social and economic health of the nine million Ontarians living in the Greater Golden Horseshoe. Not only are we facing the interconnected and accelerating crises of climate change and biodiversity loss, we are also losing 319 acres of farmland daily. The protection of natural and hydrological systems and farmland must be prioritized. They are finite, irreplaceable and invaluable for community and ecosystem health and resilience.\nFor the sake of current and future generations, I urge you to abandon your plans to remove 7,400 acres of protected lands from the Greenbelt.\n"
    },
    "76910": {
        "url": "/comment/76910",
        "comment": "The Greenbelt is where 53% of Ontario fruits are produced. That land was made to restrict urban sprawl. There are 72 species of insects protected on that land. This proposal is abhorrent and goes against the very people who elected him. The Premier promised Ontarians that he would unequivocally not touch the Greenbelt. Most Ontarians do not want the Greenbelt touched. This proposal is unacceptable\n"
    },
    "76912": {
        "url": "/comment/76912",
        "comment": "As a voting resident of Ontario and an employee at an organization working towards sustainable food systems in Canada, I am deeply opposed to the proposed amendments to the Greenbelt. Bill 23 strips conservation authorities of power; threatens wetlands, other natural ecosystems and the farmland that feeds Ontario; and represents an appalling failure of Doug Ford to live up to his promises. It also, according to a 2022 report from the Ontario Housing Affordability Task Force, is not the answer to the province's housing issues. The changes here benefit only developers. I ask that these amendments be abandoned and Bill 23 repealed.\n"
    },
    "76913": {
        "url": "/comment/76913",
        "comment": "Please do not move forward with this plan. I work in architecture and understand the need for housing, but this is not the way to solve this problem. It will only cause other environmental problems down the road. By your lack of foresight and proper planning to solve this problem you are putting the future of Canadians in jeopardy and that is incredibly irresponsible choice. I implore you to reconsider and properly analyze other opportunities to help create needed housing. Once we loose the green belt we wont get it back and that will be on you.\n"
    },
    "76914": {
        "url": "/comment/76914",
        "comment": "Response to Ontario\u2019s proposed Bill 23\nNovember 25, 2022\nAn open letter to Premier Ford and Minister Clark\nRe: Bill 23 \u2013 More Homes Built Faster Act, 2022\nWe are writing to you as leading architects, landscape architects, and urban designers in Ontario.\nThe More Homes Built Faster Act, introduced on October 25, proposes extensive and significant legislative changes that would, if enacted, radically alter land use planning and city building in Ontario. The stated intention of this proposed legislation is to accelerate the construction of 1.5 million homes over the next 10 years to address our housing crisis.\nWe firmly believe that this legislation will not achieve its stated intent.\nInstead, it will inhibit the construction of affordable housing in our province; dismantle regional planning and urban design considerations; undermine heritage protection, environmental protection, and climate change mitigation; and limit public participation in how we build our communities.\nWe have summarized our major concerns below:\nBill 23 will reduce the supply of truly affordable housing by reducing the affordable housing requirement in Inclusionary Zoning from 20% to 5%. The required period to maintain affordability is reduced from 99 to 25 years. This will exacerbate generational poverty and extend inequitable access to resources and infrastructure for the people of Ontario.\nBill 23 will encourage urban sprawl and undermine local democracy by effectively dissolving 50 years of regional planning in the Golden Horseshoe. This will certainly lead to a substantial conversion of farmlands, loss of green lands, and suburban sprawl.\nPublic participation will be limited by removing the requirement for a public meeting for plan of subdivision. The Minister will have new powers to amend Municipal Official Plans at any time, for any reason, without public consultation.\nBill 23 undermines environmental protection by limiting the role of Conservation Agencies to solely that of flooding and erosion hazards. Removed from their oversight will be watershed planning and management, coordinated flood protection, conservation of green lands and biodiversity, which are all core to climate change mitigation.\nBill 23 threatens the Greenbelt. There are 86,500 acres within the GTA currently zoned and ready for development. This is more than enough land available now that can be used to meet government targets. Housing construction needs to start without delay on these lands that are close to transit and urban services, where people already live, work and play.\nYet the government wants to remove 7400 acres of protected green space and farmland in the Greenbelt. Our Greenbelt lands protect the headwaters of the rivers flowing into Lake Ontario, preserve valuable farmland, connect forests and wetland ecosystems that form a continuous arc from the top of the GTA to the Niagara region, and limit suburban sprawl. The Greenbelt belongs to current and future generations of the people of Ontario.\nBill 23 removes design from the municipal approvals process. Exterior design, landscape and streetscape design should be reviewed during Site Plan Control.  Design review at the municipal level is considered best practice nationally and internationally.\nWe must emphasize that design is not a superficial aesthetic overlay. It is fundamental problem-solving, directly related to the quality of the built environment, and to climate change mitigation. The design review process is critical in delivering safe, healthy, affordable, socially and environmentally sustainable communities to the people of Ontario.\nWe agree that the current system of municipal approvals needs to be streamlined to deliver urgently needed affordable housing. Bill 23 is not the way to do it. It needs to go back to the drawing board.\nTo effectively address our affordable housing crisis, we strongly urge the Government of Ontario to rethink Bill 23 and invite the Government to a robust and immediate consultation with leaders in our industry. In collaboration with municipal and provincial governments, we can produce the best possible outcomes for the people of Ontario.\nThank you,\nAdamson Associates Architects\nDiamond Schmitt Architects\nDTAH\nERA Architects\nFORREC\nGBCA Architects\nGreenberg Consultants\nJanet Rosenberg & Studio\nKPMB Architects\nLGA Architectural Partners\nMJMA Architecture & Design\nMoriyama & Teshima Architects\nPerkins&Will\nPMA Landscape Architects Ltd.\nPUBLIC WORK\nThe Planning Partnership\n"
    },
    "76915": {
        "url": "/comment/76915",
        "comment": "I strongly oppose the Amendments to the current Greenbelt plan for the following reasons:\n1.\tPoorly planned as greenbelt space that will be taken has not been replaced nearby.  the new Greenbelt space being added is only in one area.  The new area being added should be near the space that you propose to take, so the local residents can use the space.\n2.\tTrees are needed near cities for the environment as trees are needed to clean the air\n3.\tfarm land is needed near cities to feed everyone.\n4.\tPlans to build single family homes uses too much land and the Ont. government should look to Europe for examples of how to plan urban sprawl more effectively.   More townhouses, low rise apartments or condo buildings should be used here more in the Golden Horseshoe.  Canadians need more townhouses and low rise housing as the prices are less than single family homes.  Not every family needs nor can afford a 1 million-2 million house but they are more likely to afford a townhouse/condo.  If this government truly wants to offer more affordable housing they should be looking at all price points and not letting Developers primarily or only offer single family homes\n5.\tDoug Ford said publicly that he wouldn't touch the GreenBelt as he acknowledged the public didn't want it changed.  Now that he got re-elected he seems to have conveniently forgotten his promise made.  I counted on his word & so let me be clear --- in the next election he will not be re-elected as a result of this GreenBelt Plan.\n6.\tIt's high suspicious that property developers knew in advance to buy large plots of land worth tens of millions before these changes were publicly announced.  That isn't a coincidence.  Developers make  plans for their property purchases so it makes the public question the legitimacy of the need for these changes as it seems it's meant to help developers, not the public.\n7.\tThe public doesn't need to continue to live near the current cities in the golden horseshoe. why aren't the province and property developers starting small communities or towns near the Golden Horseshoe but on the other side of the current greenbelt.  People will commute if needed and currently a lot of people want to work at home which isn\u2019t likely to change in the future.  People don\u2019t want to work near their colleagues if their health can be at risk and their families health too if they bring home a virus.\n"
    },
    "76916": {
        "url": "/comment/76916",
        "comment": "PROTECT THE GREENBELT!\nI STRONGLY stand against the amendments that the Ford government is planning for the greenbelt. This is not what his people are asking for and this will have major impacts to younger generations way of living. Think smarter, not faster.\nPlease overturn this amendment and consider implementing actions that will help our environment not destroy it.\nWe did not ask for this, please stop.\nA highly concerned Ontarian\n"
    },
    "76918": {
        "url": "/comment/76918",
        "comment": "I\u2019m writing to you today in support of the Greenbelt, Conservation Authorities and Ontario\u2019s wetlands, woodlands and other natural areas.\nFirstly, I am writing to state my opposition to the proposal to remove 7,400 acres of land from the Greenbelt, which was revealed on November 04.\nThe proposal claims that the lands removed will be \"replaced\" by adding land to the Greenbelt.  However, much of the land that will supposedly be added is already protected.  And, even if it weren\u2019t already protected, the very possibility of \"swapping out\" the plots of land targeted for development destroys the permanence and certainty required for any part of the Greenbelt to function properly.\nBy permanently setting aside land for farming and natural heritage, the Greenbelt protects land from the intense speculation and development pressure in Southern Ontario. Without this permanent protection, agricultural land would quickly become completely unaffordable to farmers. Even raising the possibility of removing any land from the Greenbelt will create a speculative rush and intense development pressure on all the lands currently within the Greenbelt.\nCurrently, there is a vast supply of unused greenfield land already open for development within existing municipal boundaries (350 square kilometers as of 2019) and the current round of Official Plans awaiting approval will add 42,000 additional hectares of non-Greenbelt land to that vast stockpile.\nGiven that we have an extreme shortage of homes in existing neighborhoods, and a long term shortage of materials, equipment and skilled labour, squandering our resources on resource -intensive Greenbelt sprawl will mean fewer homes in the places where they're desperately needed.\nNot only is this proposal bad for the health of our province and unlikely to produce any additional housing, it goes against the Premier\u2019s word and it goes against Minister Steve Clarke\u2019s assertion that \u201cwe\u2019re not going to entertain any conversations about a land swap\u201d on the Greenbelt.\nIn addition to my concerns about the Greenbelt, I am deeply concerned about many of the components of Bill 23 and its associated policy proposals.\nBill 23 prohibits Conservation Authorities from doing anything to prevent sprawl from causing flooding and erosion \u2013 or destroying ecology. It would leave vast swathes of Ontario\u2019s most important habitats largely unprotected \u2013 and put Ontarians at real risk.\nProposed policy to allow \u201cpay to slay\u201d destruction of currently protected wetlands and woodlands, and changes to the rules that are used to identify wetlands, will cause the majority of these rare and ecologically crucial areas to be opened to development.\nThis Bill\u2019s attack on regional planning is counterproductive for creating affordable homes \u2013 as well as being environmentally disastrous.  Devolving planning decisions to lower-tier municipalities would produce development that is more scattered and thus much more environmentally harmful, but also more uncoordinated and expensive.\nThe recently passed bill also attacks Green Buildings. This bill will take the authority to require green buildings from municipalities \u2013 undoing many municipal Green Building standards that have already been developed \u2013 and undermine the affordability benefits that energy-efficient, climate-resilient buildings provide to owners and tenants.\nBill 23 will further the destruction of critical natural areas in a time of climate crisis while also failing to deliver the urban transformation \u2013 or the affordable housing \u2013 that Ontario needs.\nIn conclusion, please desist from removing any lands from the Greenbelt \u2013 even if they are replaced by other lands in other areas\u2013 and repeal Bill 23.\nThank you.\n"
    },
    "76920": {
        "url": "/comment/76920",
        "comment": "As a resident of Ontario for 30+ years I fear this bill will destroy the beauty and significance of many environmentally important areas in this province. I think this bill is being rushed through without it's proper inspection on how it will affect future generations of land use,watershed protected areas, and our vital eco systems in relationsip to  the animals,and plants. PLEASE RECOGNIZE THE VERY IMPORTANT ROLES THESE ELEMENTS PLAY FOR EVERYONE  AND EVERYTHING IN ONTARIO'S HEALTH AND WELLBEING .This is one  of the biggest.reason people have entrusted Doug Ford to be their Premier PLEASE do not let us down!!!\n"
    },
    "76925": {
        "url": "/comment/76925",
        "comment": "Protecting our lands and the resources they provide is of utmost importance.\nI fully support the expansion of the green belt protection.\nRemoval of the protected lands should not be considered.\nDamage to our lands, their resources and the systems that purify our waters should be protected unfailingly.\nTo consider removal of these lands is undoubtedly shortsighted and careless.\nI don\u2019t not support these changes.\n"
    }
}