{
    "64611": {
        "url": "/comment/64611",
        "comment": "Completely against the proposed plan as it neglects the importance of protecting the Greenbelt which has been protected for so long.\nThis will not help with traffic, with environmental issues, with housing but rather increase the the issues already faced. The province should look at changing zoning laws in current areas and increasing density. Urban sprawl does not make for happy people or for a happy environment because it relies on the use of a car, limits access to community due to the lack of pedestrian friendly, tight knit communities, and more importantly it negatively impacts the environment by damaging ecosystems, riding out wildlife, and contributing to to the pollution and carbon release throughout the developments.\nThe Ford government is only in this for the $$ from developers and does not care about the greater impacts on society or the environment as a whole. Consultations of clearly explained the issues with this and you don't have to reach far to find alternative solutions.\n"
    },
    "64612": {
        "url": "/comment/64612",
        "comment": "We are in a climate crisis \u2014 in what universe does destroying protected wet lands and disrupting entire ecosystems make sense? We are also in a housing crisis \u2014 my husband and I gross $130k and can\u2019t afford to buy anything, we rent a shoebox and can\u2019t save enough for a down payment. But I do not believe that destroying protected lands will do anything to solve the housing crisis. I am certain however that Doug Ford\u2019s many friends in development (including those who have \u201cdonated\u201d to his political party) will be quite pleased with the opportunity to profit. Ah, capitalism. I hope you\u2019ve all enjoyed yourself. Collapse is here and we will all suffer, but of course, the poorest will suffer the most.\n"
    },
    "64614": {
        "url": "/comment/64614",
        "comment": "I do not support any removal of Greenbelt land for development, including housing. Urban sprawl is not the way forward to adding homes in Ontario. We need to add density and services to support that density in our cities. We already have great difficulty with commuting with a lack of mass, high speed transit.\nMunicipal and provincial governments should work together to enact policies that encourage densification, and protection of green spaces, conservation and farming land.\nThe Greenbelt once destroyed will never return. There are many other places in Ontario that can be developed without damaging a critical natural resource.\nThis bill is not for the people.\n"
    },
    "64615": {
        "url": "/comment/64615",
        "comment": "I don't understand why we need to build housing on greenbelt land.\nThis province needs more housing.  There is plenty of land available.  It will be a mistake to take this step.  Keep the greenbelt intact and let's focus on building up other areas of the province along with the necessary supporting services.\n"
    },
    "64616": {
        "url": "/comment/64616",
        "comment": "The greenbelt should be left as is. There are plenty of opportunities to develop housing in existing areas without destroying important farmland. This action will be nearly impossible to reverse and is entirely unnecessary. Do not use the housing crisis as an excuse for unsustainable development and destruction of critical farmland.\n"
    },
    "64617": {
        "url": "/comment/64617",
        "comment": "In the GTA we have a significant need for more housing supply. The way to do this is to build up not out. By developing high rise and multi-family or clustered housing types we can meet our housing needs without irrevocability destroying the best agricultural land in Canada and mother nature. We need to let going of the archaic notion that everyone needs a detached single-family home. That approach is wasteful, sustainable and should not be our future.\nThe Greenbelt in Ontario is something that should be preserved forever. There is no point to designating land as conservation land if we just decide to destroy it as soon as there is pressure.  We cannot take the attitude that \"conserving\" or offsetting the damage to the green belt is OK. It is not. The water we drink, the food we eat and the land we call home are not fungible.\nIf we do not protect the land now, when we have a chance, our future generations will look back and be ashamed that their ancestors were so short-sighted, greedy, and foolish.\nAs out leaders you have the opportunity to do what is right, set the right precedent. You have a choice between the easy way and the right way. Choose the right way.\n"
    },
    "64622": {
        "url": "/comment/64622",
        "comment": "Ontario\u2019s Greenbelt protects farmland, communities, forests, wetlands and watersheds. It also preserves cultural heritage and supports recreation and tourism in Ontario\u2019s Greater Golden Horseshoe.\nOne of the most biologically rich areas in all of Canada, the Greenbelt includes the Niagara Escarpment and Oak Ridges Moraine \u2014 which filter and replenish groundwater, and feed into the many river systems that flow through Canada\u2019s most developed region.\nThe Greenbelt safeguards the vital resources that clean our air and water, reduces our flood risks, provides a home for wildlife, and ensures our communities have greenspace to explore.\nThe health of the Greenbelt affects the quality of drinking water for more than seven million Canadians.\nWith all of the above in consideration, I strongly urge those of you who have the power in this decision to *absolutely oppose* all proposals to allow further degradation of our protected lands in the Greenbelt for the sake of development and further urban sprawl.\n"
    },
    "64625": {
        "url": "/comment/64625",
        "comment": "Some of these cuts, by design, will lead to more cuts in the future. So don't think you are fooling anyone. A lot more land needs to be added if this is to be done in good faith.\nThe green belt is meant to protect against urban sprawl, so the parts that are in the city must be maintained. It helps break up the city, provide easy access to nature, allow our kids to learn about complex ecosystems, cut down on noise pollution, light pollution, automobile pollution, and whatever else that comes with too much densification. These proposals are short-sighted and expensive developments.\nWhat we need is more affordable housing. Homes that are built further away, and homes that are built upwards. These can then serve as strong investment vehicles for hard working individuals, as they can actually afford them.\nWe will never get this back once we destroy this. Please understand climate change, and please understand we need to build further away. In both, the time sense, as well as the physical sense.\nIt may not be convenient for the contractors, and it'll certainly make less money, but Canada is a big country, and we are blessed with the ability to create cities mixed in with nature. If this can be figured out, then many others will look to you in their planning of cities. Think of your future, as well as everyone else's. Don't stake your reputation on short term gains.\n"
    },
    "64628": {
        "url": "/comment/64628",
        "comment": "Map 6 for Pickering re-zoning is a very large area to take away from the greenbelt. Although I understand the need for housing, grabbing a whole section of land for any use housing seems to linear in thinking. We need climate adaptation plans to protect watersheds and shield the future city from heat. Perhaps overlay a # looking type green zone grid over the proposed area, reforest that area, and reforest some of the areas west of Dufferin's creek. Plan for the expected 50% increase in precipitation for 2050. Map's 3,4,5 also look to be impeding on critical water sheds. Maybe don't do this. I would rather give up a little more of Pickering highlands to protect watersheds of other towns I don't belong to. The Mississippi river in the US is drying up, lets not damage our number 1 future advantage resource that Canada has, fresh water. Every industry, and activity, needs it. Be creative, and lets protect it.\n"
    },
    "64629": {
        "url": "/comment/64629",
        "comment": "Ontario\u2019s Greenbelt protects farmland, communities, forests, wetlands and watersheds. It also preserves cultural heritage and supports recreation and tourism in Ontario\u2019s Greater Golden Horseshoe.\nOne of the most biologically rich areas in all of Canada, the Greenbelt includes the Niagara Escarpment and Oak Ridges Moraine \u2014 which filter and replenish groundwater, and feed into the many river systems that flow through Canada\u2019s most developed region.\nThe Greenbelt safeguards the vital resources that clean our air and water, reduces our flood risks, provides a home for wildlife, and ensures our communities have greenspace to explore.\nThe health of the Greenbelt affects the quality of drinking water for more than seven million Canadians.\nWith all of the above in consideration, I strongly urge those of you who have the power in this decision to *absolutely oppose* all proposals to allow further degradation of our protected lands in the Greenbelt for the sake of development and further urban sprawl.\n"
    },
    "64633": {
        "url": "/comment/64633",
        "comment": "As a young Ontarian worried about our future, this is an awful idea and should not even be entertained. The greenbelt provides a continuous ecosystem of high quality/diversity lands that allow for species to move between them unimpeded. The removal of a portion of this land may cause a plethora of unknown negative impacts on biodiversity and other ecological impacts. There are far better ways to improve the housing situation such as vertical growth as opposed to the current urban sprawl. I implore the CPO to search for a better alternative and actually, for once,  follow through on a promise from Premier Ford on May 1 2018 to not touch the Greenbelt.\nI do not wish this comment to be publicly published.\n"
    },
    "64634": {
        "url": "/comment/64634",
        "comment": "I strongly oppose the implementation of the proposed amendments. Environmental resources (land) are not equivalent. It is unacceptable to consider that removing protected land from the Greenbelt can be made up for by the protection of other land in different regions.\nThe removal of land protections for housing goes against the views of provincial task forces and municipalities. The provinces's own Housing Affordability Task Force report (Feb 8, 2022) states that it is not a shortage of land that is leading to a shortfall of housing availability. Land is available for housing outside of the greenbelt and within urban areas . The report instead states that \"as of right\" zoning is needed to take advantage of the already non-protected land in Ontario.\nThis recommendation is corroborated by municipalities such as Hamilton, which moved that it did not need to expand its urban boundary in order to support the building of new homes. It is unfortunate that this provincial government overruled the municipality's official plan, and is proposing to remove protected lands from the greenbelt. This proposal is not needed to support Ontario's growth, and actively works against protecting our sensitive natural resources.\n"
    }
}