{
    "70314": {
        "url": "/comment/70314",
        "comment": "This disgusts me. As a millennial who has lived in the green belt area my whole life I\u2019ve never been more disappointed. As climate change being such topic of discussion on a GLOBAL scale, the government is choosing to destroy greenery and habitats that are going to get affected in such a negative way. Housing is a crisis because as an industry we can\u2019t keep up with the booming population. With that being said, we shouldn\u2019t jump to the idea of destroying land, ecosystems and habitats just so the municipality can create more housing for those coming from elsewhere.\n"
    },
    "70316": {
        "url": "/comment/70316",
        "comment": "I think the question is what are you replacing the land taken with. Priority probably agriculture and hydrology.  So does the land replacing the land taken serve same function as that taken?  SAR probably waste of time there and should accept losses; however critical thought about what is needed to sustain environment for people. Many times conservation areas designated are more or less useless to people unless find something didn\u2019t know about (typically money value) then redesignation to another equal or more area that is worthless economically at time. So we know about these type decisions. So you should do hydrology both places and also sustainability to future needs. Hydrology function affects clean water and potential impacts of climate change (e.g., flooding). Land use particularly availability of agricultural land affects sustainability.  Understanding the impacts of the swap in functional sustainability terms means more than just a straight quantity of area swap. Not all lands are the same so need to know this and significance. Context and scale often missing in rationale although this is most important for critical thinking. Remember context and scale. Reality is what hits you when you\u2019re wrong. Good luck and do your best not to mess up. I truly don\u2019t trust you but hey can always hope lol.\n"
    },
    "70317": {
        "url": "/comment/70317",
        "comment": "I have read the CBC article (link incl below) and would like to know the following:\n1. How ANY of these developers were allowed to purchase Greenbelt protected land (2005) ?\n2. There must be a clause in the land protection plan, where they agreed to revisit the plan and make available to develop? So developers roll the dice on what and when?!  I don\u2019t think so. This information needs to shared with public if Premier Ford expects his word to mean something to constituents.\n3. Supposedly the amount of land removed / developed is to be added back to the Greenbelt. When and where? This should be agreed before sold to developers - IF the intention to release the protected land to developers was viable to meet the potential protected land clause to review periodically for legit reasons.\n4. And why was a foreign buyer (China) allowed to buy protected Greenbelt land in Ajax in 2018?!\n5. And why is the Federal gov allowing immigration to continue at rates that cannot keep pace with available and AFFORDABLE housing?!\nhttps://www.cbc.ca/amp/1.6648273\n"
    },
    "70320": {
        "url": "/comment/70320",
        "comment": "Do not sacrifice our precious Greenbelt to greedy developers! The key to more affordable and accessible housing is densification, not sprawl. I implore you to not strip away these key powers from conservation authorities and civil society. In order to address the housing and climate crises, we must preserve nature while increasing densification by eliminating restrictive zoning and building and maintaining affordable housing.\n"
    },
    "70322": {
        "url": "/comment/70322",
        "comment": "I strongly oppose the proposed removals from the Greenbelt for many reasons:\n1. It is not necessary as there is plenty of space within existing municipal boundaries to accommodate population growth, if it is intensified and proper transit is built.\n2. It encourages low-rise sprawl in peripheral areas, which is the most harmful form of development.\n3. It fragments existing ecosystems and wildlife corridors.\n4. It sends the message to developers that protected spaces are not in fact protected and are negotiable, leading to political corruption as evidenced by recent land purchases and this proposal.\n5. It encourages the false narrative that development is more important than protecting nature.\nThe Greenbelt was meant to be a permanent initiative and it is being undermined slowly by this government.\n"
    },
    "70323": {
        "url": "/comment/70323",
        "comment": "I do not support the proposal to develop some greenbelt lands and to replace some of it with land in other geographic locations.  Especially given the impact of 'swapping those lands' is not fully understood yet and that there are other lands available to build on and other measures that could be used to address housing stock.  In addition to real concern about the environmental impact it makes no sense to build where new infrastructure will be needed.\nAlso, without specific additional requirements in the proposed regulation, e.g. requiring affordable rental stock,  building on these lands will not address the most critical needs.  We must ensure new build strategies do not just result in more low density, expensive housing for well-off buyers looking for preferred locations.\nI am aware that we must work with developers but their long-standing ask for these lands is not rooted in the desire to address Ontario's housing issues.  We have to set the standard that will address 'climate, affordability and availability' - then, ask for there input on how they can work toward those goals.\n"
    },
    "70324": {
        "url": "/comment/70324",
        "comment": "While I agree that we are in desperate need of housing solutions, these solutions should not be build on wetlands and areas already deemed in need of environmental protection. We need to work with local organizations like the Bruce Trail conservancy to build in a more sustainable way.\n"
    },
    "70343": {
        "url": "/comment/70343",
        "comment": "- Withdraw Bill 23 in its entirety, and replace it with a plan for housing that respects municipalities, renters, and the environment.\nThis is a land grab that benefits the companies that bought greenbelt land. It is terrible!! The general public was not consulted about this. Doug Ford vowed to protect greenbelt areas and now he has allowed the sale of these lands to builders. Shame on Doug Ford for lying and shame on all of those who profit from this heinous Bill!!\nIt has incredibly wide-ranging impacts, and the general public will be affected in one way or another. You are basically planning to blow up planning and conservation as they currently exist in order to promote more sprawl and further enrich developers. And with almost zero consultation before doing so.\nDespite what the public might have heard about the \"housing supply crisis\", there is NOT a shortage of approved, \"shovel ready\" developable land for new housing throughout the province. It's just that developers are choosing not to build on it, due to various market conditions. To give an example from Waterloo Region, developers have been building just 9% of approved suburban housing units in a given year over the past 15 years; that is a lot of already approved housing that remains unbuilt!\nThis proposed legislation has MASSIVE implications for the way Ontario is planned and built; the province wants to override local input and democracy, destroy regional (read: holistic, big picture) planning, practically abolish conservation authorities, and open up the Greenbelt for development - not to mention build two new 400-series highways through prime agricultural land and the headwaters of several rivers. If the government succeeds it will result in major degradation of environmental protection and conservation, destruction of farmland, and set us back even further in the climate crisis. And it will almost certainly not make new homes any more affordable than they are today.\nWithdraw Bill 23!!!!\n"
    },
    "70344": {
        "url": "/comment/70344",
        "comment": "The Doug Ford government is holding us hostage. We do not need to choose between protecting the environment and affordable housing. It is absolutely disgusting that the Ford government wants to tear up the GreenBelt for his rich friends and their mansions in the midst of a housing crisis and a climate crisis. I\u2019m sick and tired of it. You are taking everything from us. Our shelter. Our healthcare. Our education. And now you want to take the land we depend on? The air we breathe? The forests and water that provide for millions of animals? It\u2019s exhausting. It\u2019s disgusting. Leave the GreenBelt alone. It is despicable to frame this as necessary for housing when there\u2019s thousands of other known solutions for the housing crisis that you refuse to implement.\n"
    },
    "70361": {
        "url": "/comment/70361",
        "comment": "Stop destroying our green space just to line the pockets of people obscenely wealthy developers and the crooked Ford government. It\u2019s downright shameful that you\u2019ve allowed rich developers to exert so much influence over this province, absolutely disgusting. Govern for the people not for a small group of rich people.\n"
    },
    "70362": {
        "url": "/comment/70362",
        "comment": "The Greenbelt and the Escarpment need more protections, not less. We all need more green spaces, not less. There is room for housing without bulldozing green spaces. We need stricter zoning and bylaws that enforce building density and limit sprawl. We need to use land within the cities \u2014 use it better and fill it in. All over Ontario, I see wasted and unused land and spaces within city centers, in cities of all sizes, while they grow at the edges into farmland and green spaces. All over Ontario I see development that only includes the tiniest of green spaces and parks: a playground, a soccer field, a walking path between buildings. These are not enough and they don\u2019t match the types of valued green spaces that were saved and built decades ago.\nI grew up at the base of the Niagara Escarpment in St. Catharines, by an area of the Escarpment owned by Brock University that continues into Short Hills Provincial Park. It is a good example of wetlands and mature forest that Brock tries to develop every decade or two, and it is in their long range development plan. I also grew up in the Bruce Peninsula where the natural landscape is quickly being turned into suburban lawns and flower gardens. These landscapes are important and worth protecting and saving. Compromises are possible. You can build housing without obliterating the native plants and soil.\nThe Green Belt and Escarpment need to be protected as they are. We do not have a housing crisis because there are too many green spaces. We have no obligation to give developers or any communities free range access to land. We do have an obligation to protect green spaces for now and the future.\n"
    },
    "70370": {
        "url": "/comment/70370",
        "comment": "It's disheartening (and frustrating) the shortsightedness of the provincial housing plan. This is not the best approach - it's the approach of a backdoor business deal(s) that impacts a very select few with deep pockets and provides homes for families (also with deep pockets).\nWe need to do better. Think outside the traditional standard house and yard. We can learn from other regions (european?) to find innovative ways to address housing needs and create homes. Green belts are proven scientifically to be an integral part of our environment. Why are we destroying places that were deemed protected?\nProfit.\nProfit over people.\n"
    },
    "70378": {
        "url": "/comment/70378",
        "comment": "I'm all for protecting more land around Paris/Galt but not subtracting from anywhere else.    What water shed is left isn't enough.  We should be ADDING watershed to cope with increased population, not less.   Cities have lots of room to build up.  Especially Hamilton.  Invest in apartments, efficient transit and new parks, not new housing.  We need to get over the idea that a 'home' is a house with a garage and a lawn.\n"
    }
}