{
    "63287": {
        "url": "/comment/63287",
        "comment": "Please don't remove areas from the greenbelt! New housing should be built as high-density condos rather than sprawling suburbs. This makes public transit more feasible, which in turn helps reduce congestion and makes the city more liveable. I strongly don't support EITHER reducing/moving the greenbelt OR building more low density housing.\n"
    },
    "63289": {
        "url": "/comment/63289",
        "comment": "This seems incredibly environmentally unfriendly for a country that already focuses far too much on car-based infrastructure. Not to mention how unfeasible it is for anyone to buy a house. We don't need more homes outside of cities, we need reduced rent, reduced mortgages, inflation assistance, smarter city building. This is another attempt by the ford government to appease stakeholders\n"
    },
    "63290": {
        "url": "/comment/63290",
        "comment": "We need the green belt and things like wetlands for things like flood management and the maintenance of endangered species of animals in Ontario. Houses can be built anywhere else, and there is no reason to take away our green belt to build homes. The Ford government promised to leave the green belt untouched and I expect you to be held to that. Find a better way.\n"
    },
    "63291": {
        "url": "/comment/63291",
        "comment": "I oppose any removal of land from the Greenbelt.  It should be permanent, one land speculators know that it can be chipped away at, greenbelt land starts being purchased by speculators who push the government to release more land, which causes more speculation... etc. in a vicious cycle.  I cannot help but feel that the only people who want this are the campaign donors of the current majority party.\n"
    },
    "63293": {
        "url": "/comment/63293",
        "comment": "The solution to our housing crisis is NOT to build more houses on precious protected land. I\u2019m fact, we have plenty of condo developments happening in Toronto (against our will) that are too expensive for people to afford otherwise they would be filled no problem. Perhaps the solution lies in coming down hard on greedy developers and landlords.  Please don\u2019t turn Ontario into a cookie cutter concrete jungle nightmare for profit. Nobody wants that.\n"
    },
    "63296": {
        "url": "/comment/63296",
        "comment": "The Greenbelt is the world's largest area of protected land. The plan to build housing on it is extremely short sighted and overlooks how increasingly rare natural spaces are in this world. There is enough space for us to live outside of the Greenbelt, it is essential that Ontario preserve this precious piece of land that is needed for agriculture, clean air, and wild life preservation. Further, it is important that this government not set a precedent for overriding environmental protections, this will only lead to the destruction of more natural spaces.\n"
    },
    "63298": {
        "url": "/comment/63298",
        "comment": "As a young adult living in the GTA, I am deeply concerned that this will not help to the housing crisis in Ontario for my generation. Instead, we are sacrificing precious protected land in the Greenbelt. We require denser communities , better public transportation and affordable rents/housing. Building a few more houses on precious land is merely kicking the can down the road before our children and children\u2019s children face the same problem. It\u2019s selfish and short-sighted.\n"
    },
    "63299": {
        "url": "/comment/63299",
        "comment": "The proposal to cut down greenbelt for the housing is a harmful solution. what happens to all the farms that operate under that area? Won't this mean more food inflation?\nAlso, greenbelt is responsible for so much of clean air and the unique wildlife and easy access to nature that is key to a good life. Where are the millions of GTA nature lovers to go for their winding down activities when something in their backyard is being torn down?\nIf anything we need to expand our greenbelt rather than demolish it.\n"
    },
    "63300": {
        "url": "/comment/63300",
        "comment": "This is a very, very bad plan. The greenbelt is supposed to be protected land and it should not be legal for Doug Ford and his friends to profit from selling it off.\nThe greenbelt protects us from flooding. It is also the last bit of space coyotes have, which will push them further into the cities. This could harm both humans and those animals.\nBuilding on the greenbelt will not make houses more affordable, it will just make more of them for Ford's property developer buddies to profit from.\nThere is nothing good about this proposal or the irreparable environmental damage it will do.\nPlease do not allow it to go through.\n"
    },
    "63302": {
        "url": "/comment/63302",
        "comment": "Instead of developing land that already has a purpose, that is being necessary green space in the province, you could focus on improving already existing urban areas, making them more affordable and attractive to the immigrent population you claim this new development would be for. There is plenty of unoccupied accommodation in southern Ontario that would be more beneficial that this idea which would destroy protected lands. How about you make Toronto affordable again, focus on housing in the outer GTAH and stop taking away the green belt that keeps this province and by extension country healthy.\nFor shame PC government. This is low even for your traditionally unenvironmental party.\n"
    },
    "63305": {
        "url": "/comment/63305",
        "comment": "Hello,\nI am strongly against the current provincial plan to build on the current Greenbelt. As the Ford government itself reported, we have enough land outside of the Greenbelt area already to build housing.  Our problem is not land, our problem is our effective use of the Land we have already \u2014 land that is currently outside of the Greenbelt protection Zone.\nThe Greenbelt contains environmentally significant lands and the government has no adequately shown that the \u201ctrades\u201d it would be making would lead to a benefit to the environment.\nThe lands is has suggested be included as substitutes to the Greenbelt are already protected, leading to a net loss in protected area at a time when Ontario needs to ensure we are caring for our green spaces in the face of climate change.\nI\u2019m further concerned that the government is looking to increase development sprawl, rather than intensification in places with urban development on them already.\nThis is a reprehensible amendment, and one that compromises the future of Ontario for a few dollars into the pocket of Conservatives from developers.\nPut in no uncertain terms, the amendment is blatant, it is boorish, and it is a disgrace Ontario if it is allowed to pass.\nJes\n"
    },
    "63309": {
        "url": "/comment/63309",
        "comment": "The amendment of the Greenbelt to build new houses is the wrong direction to take to tackle a housing crisis. We need more density, not more land taken up by single family homes. Incentives and faster permit turnaround should be given to projects building condos and rental apartment buildings, especially in transit cores like along the Go lines.\n"
    }
}