{
    "74243": {
        "url": "/comment/74243",
        "comment": "This is one of the dumbest things Ontario could do. How are we going to feed ourselves without farmland? This is some of the best farmland in the world it doesn't need to be ugly houses.\nStart building 4 story buildings where there are single family homes. We'll be able to house everyone.\nMy daughter is 8 months old and this decision will be ruinous for her life.\n"
    },
    "74245": {
        "url": "/comment/74245",
        "comment": "The corrupt Ford deal with developers must be stopped permanently and Bill 23 rescinded and put in the ash heap of history. Ford's repeated egregious lie to Ontarians not to develop the Greenbelt is a disgusting abuse of power, integrity and trust.\nThis corrupt action and the speed in which Ford wants to force this bill through, without appropriate review, input and discussion, demonstrates how corrupt this deal is and must be investigated to the fullest extent of the law.\nThe harm this will cause to our municipal governance, taxpayers, citizens, wildlife, wetlands and environment is incalculable. The majority of Ontarians don't want the Greenbelt developed.  Catering to his wealthy, white, male donors is a sick display of Ford's greed and lust for power over the interests of the citizens of this province.\nI never been more sickened and disgusted by this wanton display of malice towards the electorate in my life.\nNO DEVELOPING THE GREENBELT DOUG, YOU FILTHY LIAR. YOU HAVE LOST THE CONFIDENCE IN THE CITIZENS FROM ALL POLITICAL PARTIES, INCLUDING YOUR OWN. RESIGN NOW. NO ONE TRUSTS YOU.\n"
    },
    "74246": {
        "url": "/comment/74246",
        "comment": "The proposed amendments to the Greenbelt Plan vastly undermine its purpose and creates a highly concerning precedent for future developments in the area. The Greenbelt provides many environmental services which benefit all Ontarians. As noted by the Greenbelt Foundation in 2012, the Greenbelt provides $9.1 billion in economic services every year and 161,000 jobs. These benefits include but are not limited to flood and infrastructure protection, drinking water filtration, and purification. In other words, the Government should consider the vast economic benefit this provides along with the environmental considerations of Greenbelt development and ultimately protect this area from development.\nIt has been consistently demonstrated that more sprawl is not the answer to the current housing crisis. Instead, the Government should consider the premise of \"building up\" which would result in greater-density developments that can be affordable in already established urban and suburban centres. It has been also noted many times that sprawl will result in the depletion of agricultural land in Ontario. This highlights only some of the future problems sprawl will cause, for no real benefits to the average Ontarian.\nUnfortunately, this proposal appears incredibly short-sighted and disappointing after Government promises to protect the Greenbelt. The Greenbelt protects Ontario's nature and biodiversity along with providing innumerable social and economical benefits by remaining untouched. Ultimately, I strongly believe this proposal does not offer solutions to the current housing crisis but instead only develops future problems due to a lack of consideration of sustainable development.\n"
    },
    "74247": {
        "url": "/comment/74247",
        "comment": "I am against the amendments to the Greenbelt to accommodate the More Homes Built Faster development plan and a new highway. While, I understand the need for more housing this is not the best way to improve the housing situation. I say this as an Ontario citizen who has been unable to purchase a home due to the current real estate situation (of which amount of homes is only a part of the overall housing crisis). The Green Belt  supports and protect an agricultural system and waterways that will be key in the future of Ontario and quality of life for its citizens. This will be increasingly important as Ontario's population continues to grow. The proposed Highway 413, has a minuscule improvement to commuters is not worth the removal of natural lands and the destruction of wildlife habitats. It would be better to supplement the under used Highway 407 and exploring rezoning previously developed but under used areas to accommodate housing. I strongly encourage that you reject these proposed amendments in favour of protecting the Green Belt.\n"
    },
    "74248": {
        "url": "/comment/74248",
        "comment": "I am a moderate but am highly opposed to the Greenbelt Plan. If Doug Ford reneges on his former promise not to touch it for development it will ensure me and my family do not endorse the Premier nor his MPP in my current riding. Find alternative space and build upwards, not outwards. These areas and marshlands are invaluable and will affect generations to come if they are destroyed for the sake of \u201cprogress.\u201d Please reconsider.\n"
    },
    "74249": {
        "url": "/comment/74249",
        "comment": "This is a terrible plan, and should be withdrawn.\nThe housing we need desperately is higher density low income housing. This plan just provides sprawl, and profits for developers, while damaging the environment to boot.\nAnd if that wasn't enough, there send to be every indication that the process was corrupt, and that donors to the PC party were asked to take advantage of advance notice to profit from this decision. Whether it's not that criminality ever gets proved, the process will be forever tainted.\nHow about doing the right thing, cancelling this monstrosity I and doing something to benefit society, and to preserve the environment?\nPlease.\n"
    },
    "74255": {
        "url": "/comment/74255",
        "comment": "As a concerned citizen, I do not think the Greenbelt should be paved and developed for what we all know will be unaffordable housing. Loss of prime agricultural land and another environmental disaster. How about changing zoning to allow mixed use developments within the city and rezoning industrial lands?\n"
    },
    "74256": {
        "url": "/comment/74256",
        "comment": "This proposal is the most insane thing a politician has proposed in my lifetime. Doug Ford is wilfully trying to destroy the provinces climate. The entire proposal reeks of fraud and corruption. How dare the Ontario government represent their own wallets over the people they swore to and are obligated to serve.\n"
    },
    "74257": {
        "url": "/comment/74257",
        "comment": "This is a terrible, short-sighted idea. Your own planners indicate there are other ways to increase housing density without having to cut into the green belt - and a patchwork of non-contiguous areas does not make for a good natural habitat. Finally, something smells regarding developers\u2019 land acquisition before these proposed changes.\nStop sacrificing the long-term to satisfy your political base! This is shameful.\n"
    },
    "74264": {
        "url": "/comment/74264",
        "comment": "I absolutely oppose the idea of opening up any of the greenbelt for development. Ford promised us he wouldn\u2019t do this, and Ontarions don\u2019t want it.\nThe lands that you want to open up for development contain fragile ecosystems and wetlands that we all rely on. This is a shortsighted idea that benefits a very few wealthy developers while compromising all of our futures. Build up, not out.\nWe need real, innovative solutions to affordable housing within cities, not more shoddily built monster homes that most people can\u2019t afford anyway, destroying nature and clogging our already overcrowded highways. We don\u2019t need more highways, either. We need housing solutions within existing cities and towns, rent control, not more of the same sprawling mess that this will give us.\nOur collective future is at stake. I implore you, don\u2019t open up the greenbelt for development.\n"
    },
    "74267": {
        "url": "/comment/74267",
        "comment": "Urban sprawl increases infrastructure costs (hydro, water, roads) and the needs to provide services to those spaces. Building a bunch of single family homes there means that tax revenue is lower; people have to travel further, increasing traffic everywhere. These single family homes will take more time to build fewer units and the costs upon the province will continue to compound.\nInstead of growing into the greenbelt, upzone areas already in cities (or change zoning so that more than only single family homes can be built within the city). It doesn't need to be high-rises, it can be a 6 story or fewer, some with retail space on the ground floor. This style can increase tax revenue within the same footprint without having to expand out infrastructure and services.\nThere are better options than sprawling into the greenbelt, and we will feel the pain of this decision in the future, financially, economically, and environmentally.\n"
    }
}