{
    "76656": {
        "url": "/comment/76656",
        "comment": "I oppose Bill 23 and demand immediate repeal by the government for due process. See attached for more details.\n"
    },
    "76657": {
        "url": "/comment/76657",
        "comment": "The Provincial Policy Statement is a science-based policy framework that has been in place since 1997.  What is the science behind the decision to remove land from the Greenbelt Plan?  Did the Province consult with senior planning and ecology staff at MNRF, MECP, Conservation Authorities and Greenbelt Plan Municipalities?  Did BILD provide input to this decision?  If so, did BILD provide any science in support of their commentary?  Did the landowners who will benefit from this decision provide any science-based data in support of the change?  Did the landowners consultants provide any input?  If so, where is the documentation and the supporting science? Was there any public consultation on the proposed changes to the Greenbelt Plan and the planning approval process moving forward?\nThe proposed changes to the Greenbelt Plan are just the \"thin edge of the wedge\" unless corrective steps are taken immediately.  Open and transparent public/agency consultation would be a good start!\nBrad D. Bricker, M.Sc.\nCertified Senior Ecologist (ESA)\nPLAN B Natural Heritage\n"
    },
    "76659": {
        "url": "/comment/76659",
        "comment": "As members of the Wellington-Halton Hills Chapter of the Citizens' Climate Lobby, and concerned citizens of the Town of Erin and Georgetown, we strongly oppose the Ford government\u2019s proposed changes to the Greenbelt for two major reasons:\n1) The alarming and indefensible removal of 7,400 acres of irreplaceable land from the existing Greenbelt to be paved over by development.\n2) The sudden addition of 7,000 acres of Greenbelt to the Town of Erin, the lion\u2019s share of a misleading 9,400 acre \u2018land-swap\u2019 with no prior consultation.\nWith 88,000 acres of land already approved for development in the Greater Golden Horseshoe, a scarcity of land is not the cause of the housing shortage in Ontario. Instead, Premier Ford\u2019s proposed plan to open 15 areas of the Greenbelt will have devastating social, financial and ecological costs, according to a wide range of experts.\nMost of the lands about to be removed from the Greenbelt support \u201cthe highest concentration of the most sensitive and/or significant natural features and functions\u201d. (Greenbelt Plan, sec 3.2.1) Developing these environmentally sensitive lands removes natural infrastructures that are the most affordable and accessible way to fight climate change. Instead, it will encourage unsustainable urban sprawl that enriches speculators and developers while putting communities at risk of flooding and the worsening impacts of climate change.\nThe proposed land swap \u2013 adding what the government declares to be 9,440 acres of Greenbelt in other areas, mainly the Town of Erin \u2013 is in fact misleading and inaccurate. The Greenbelt West Coalition (GWC), working with a prominent cartographer, identified that the government\u2019s proposal will result in a net decrease of more than 400 acres of protected lands.\n\u201cWhile the Ford government is claiming that the Greenbelt will benefit from a net gain of protected lands (of up to 2,000 acres), the proposed expansion includes 13 urban river valleys,\u201d the GWC states. \u201cIt is well known and understood the Urban River Valleys are already afforded environmental protection through Natural Heritage System designations in municipal Official Plans and this proposal was already announced earlier this year as the only Greenbelt expansion being considered by the government: https://ero.ontario.ca/notice/019-4803.\u201d\nThe Town of Erin\u2019s director of planning concurs with inaccuracies. At a council meeting November 24, Jack Krubnik said the province\u2019s proposed expansion doesn\u2019t match its own mapping of the Paris-Galt moraine in the area.\nFurthermore, the Ford government is using a false equivalency in swapping prime agricultural land in the existing Greenbelt for the less arable alternative it is proposing. The lands being removed are \u201ceffectively irreplaceable\u201d states Edward McDonnell, CEO of the Greenbelt Foundation, which is why they were part of the Greenbelt in the first place.\nMr. Ford, we are holding you to your promise to not touch the Greenbelt. Leave the 7,400 acres you intend to carve out for housing - unneeded! - as the legacy to future Ontarians that it was always intended to be.\nCitizens Climate Lobby, Wellington-Halton Hills Chapter\n"
    },
    "76660": {
        "url": "/comment/76660",
        "comment": "I am writing to express my strong opposition to your proposal to remove 7,400 acres from the Greenbelt (ERO #019-6216 and #019-6217).\nI do not accept your government's misleading premise that these Greenbelt lands are needed for housing.\nThe amount of greenfield land already designated for development, and added to municipal settlement boundaries, but still sitting unbuilt far exceeds what is needed to meet long range housing targets. As you know, in its 2022 report, Ontario's Housing Affordability Task Force stated that a shortage of land isn't the cause of Ontario's housing problem and that Greenbelts, environmentally sensitive areas and farmland must be protected.\nThe proposed removal of Greenbelt lands sets an alarming precedent, opening the Greenbelt to development at the request of those who stand to reap immense profits while the rest of us pay the tab. Land swaps put the entire Greenbelt at risk. Most of the lands to be removed from the Greenbelt overlap with the Natural Heritage System, which supports sensitive and significant natural features, and is supposed to be managed by your ministry as a connected and integrated natural heritage system.\nThe importance of permanently protecting lands and waters within the Greenbelt cannot be overstated. It is key to building the resilience of local food systems, protecting at-risk habitats and species, and sustaining the physical, social and economic health of the nine million Ontarians living in the Greater Golden Horseshoe. Not only are we facing the interconnected and accelerating crises of climate change and biodiversity loss, we are also losing 319 acres of farmland daily. The protection of natural and hydrological systems and farmland must be prioritized. They are finite, irreplaceable and invaluable for community and ecosystem health and resilience.\nFor the sake of current and future generations, I urge you to abandon your plans to remove 7,400 acres of protected lands from the Greenbelt\n"
    },
    "76661": {
        "url": "/comment/76661",
        "comment": "I am writing today to submit a comment to ERO 019-6216, 019-6217, and 019-6218, pertaining to redesignation of Greenbelt lands.\nYou have ignored prior public input comments, per, ERO 019-3136, ERO 019-4485, and  ERO 019-4485. You only have a constituency of 17.3% who actually voted for you, and your bill benefits a small proportion of land speculators while excoriating the largest constituency who did not vote for you. Your bill actually makes the majority pay for your pandering to the miniscule number who will benefit.\nI am supportive of efforts to increase the supply of homes as a means of countering the housing crisis. This proposal fails to address that concern as it aims at upper middle class suburban unsustainable housing typology as your sole priority. The issue of affordability is at the lower incomes constituency who have the greatest need for affordable housing.\nThe insult of this Bill 23  proposal is that infrastructure needed to service these proposed tracts of suburban rim expansion is not even being paid by impost fees on the land-bank speculator developers to build You are pushing those costs back to existing municipalities to shoulder that burden, externalizing the costs from those who need the infrastructure built. This will take funding out of municipal budgets to finance low income housing where the real need compounds. You will force existing home owners in the city to paying raised tax base to pay for the rim development infrastructure your propose.\nAll those sewers will run through century old stable communities that were built to 22 units per acre, along the the Lake Ontario shoreline. A density that also is the benchmark density for economic effective , public transit, emergency services, police, social services and healthcare infrastructure.\nFurther, you are taking away community rights resolved over decades to maintain the Greenbelt, I am deeply concerned about the proposed changes to the Greenbelt. It needs to be expanded as public consultation has confirmed.\nWe have seen over the past few years how the climate crisis is worsening, increasing severe weather and causing grave damage (for example, in Lytton BC). In Southern Ontario, one of the largest risks in a changing climates comes from flooding in population centres, and loss of viable farmland and wetlands.\nThe changes suggested in this regulation appear set to make both outcomes worse. The wetlands in protected Greenbelt areas are essential for capturing rainwater runoff before it can flood more populous areas. In addition, by seeking to build new homes in protected areas, Ontario commits itself to expanding urban sprawl - worsening the climate crisis through increased emissions.\nI urge the government to keep its promise not to touch the Greenbelt and instead look to build much more densely in urban areas, particular areas with strong transit and social services infrastructure. Densification of inner cities is the useful approach by rezoning inner-rim former industrial lots and repurposing old high-rise commercial buildings into mixed -use development.\nRipping up the Greenbelt is short-sighted and dangerous, and will only make homes more expensive in the long run by imposing greater environmental risks and expanding unsustainable and inefficient sprawl. This government must take real, meaningful action to build sustainably for the future instead.\nSincerely,\n"
    },
    "76664": {
        "url": "/comment/76664",
        "comment": "I am strongly against the destruction of the Greenbelt. It was supposed to be protected \u201cIn Perpetuity\u201d which as far as I know means Forever, but apparently it means until someone with money wants to develop it. If we allow developers to start to carve up the Greenbelt then eventually there won\u2019t be a Greenbelt left because it sets a dangerous precedent. To remove even 1 inch from the Greenbelt just once is all it takes. We need to stop thinking that we are apart FROM nature & start remembering that we are just a small part OF nature. If we destroy the planet we live on than we will have nowhere to go when the planet can no longer support us. Also, this is an egregious erosion of our democracy. And all of this is unnecessary as there is more than enough land within existing municipal boundaries for all the housing needed. Why are we carving up the Greenbelt?\n"
    },
    "76667": {
        "url": "/comment/76667",
        "comment": "Not a fan of this. The Greenbelt needs to be preserved. Nature in the area needs to be preserved. There is undeveloped and poorly utilized land within existing cities and townships - use that instead. It will help provide taxes for the municipalities that already require more for their infrastructure to begin with. Improve what is already here, don't bulldoze the greenery and wilderness.\n"
    },
    "76668": {
        "url": "/comment/76668",
        "comment": "Request to amend the Greenbelt Plan on the edge of the Urban Area of Orono - Please see attached documentation supporting the request.\n"
    },
    "76670": {
        "url": "/comment/76670",
        "comment": "I do not think that we should be removing 7400 acres from the greenbelt. Especially in Ontario, because we are the most densely populated region in Canada, we need to preserve as much greenbelt as we can, for agriculture, recreation, and simply to protect nature and wildlife ecosystems. Other provinces have far more green space than we do, and a more healthy balance between nature and human activities. As a social worker I know that protected natural spaces are important for our physical and mental health. In terms of climate change impact, we need green space with a diversity of plants and trees to help reduce carbon in the air. If we keep building on greenbelt land, we will have little in the way of healthy ecosystems. I wonder if we are having coyote issues in my area because they are losing their habitat and thus encroaching more and more into densely populated areas. It is sad that we do not have the respect for nature that we should considering how dependent we are on natural resources for our very survival. Are there not some planning and building solutions that could make better use of land that is not greenbelt? Like more dense housing in already developed areas? For Ontario, especially southern Ontario, I think this has to be the approach, rather than diminishing our greenbelt lands.\n"
    },
    "76672": {
        "url": "/comment/76672",
        "comment": "The government should be protecting the established greenbelt and adding to it. We must act now tisane all the undeveloped land we can. Instead of talking about building more housing why not give everyone a living wage soon one is hungry and can at least afford rental housing ...the housing on the green belt would be expensive...we must think of the earth, the creatures and the environment...Harmony amongst all creatures...NO,building on protected lands...no taking of already protected lands...\n"
    },
    "76673": {
        "url": "/comment/76673",
        "comment": "Request to amend the Greenbelt Plan on the edge of the Newcastle Urban Village - Please see attached documentation supporting the request.\n"
    },
    "76674": {
        "url": "/comment/76674",
        "comment": "I\u2019m extremely concerned about this proposal as are many other Ontarians who are voicing opposition.\nThe proposal claims that the lands removed will be \"replaced\" by adding land to the Greenbelt.  However, much of the land that will supposedly be added is already protected.  And, even if it weren\u2019t already protected, the very possibility of \"swapping out\" the plots of land targeted for development destroys the permanence and certainty required for any part of the Greenbelt to function properly.\nThis proposal would set a dangerous precedent, representing an attack on regional planning and environment protection.\nMoreover, if we really want to address the housing crisis, we need affordable family homes (not shortsighted, expensive sprawl) and climate conscious communities supported by public transit.\nProtect our Greenbelt and our future.\n"
    },
    "76681": {
        "url": "/comment/76681",
        "comment": "Why is this even being considered? Doug Ford vowed to never touch the Greenbelt and has gone back on his word.\nThe Globe and Mail found at least nine properties on land to be carved out of the Greenbelt were sold for a total of more than $300-million after Mr. Ford became Premier in 2018.\nOne of them is a piece of land lying largely in the Greenbelt that sold for $80-million in September, just weeks before the government revealed its new plan.\nThe Globe\u2019s investigation, and another done jointly by The Toronto Star and The Narwhal, also found that at least four developers who bought the properties the Ford government wants to remove from the Greenbelt have donated generously to the PC Party since 2018.\nThis smells off and there should be a full investigation. If Doug Ford had nothing to hide then he and the PC Party should have no issues.\nAs a citizen of Ontario, a husband, father and proud Canadian I am against this incursion into the Greenbelt.\n"
    },
    "76683": {
        "url": "/comment/76683",
        "comment": "Please do not remove the protections of the greenbelt and commit to more urban sprawl. We need the agricultural land for food security, habitat preservation, and flood plain protections. This land is important for our long term sustainability. This plan for homes is not. Ontario is a very big province with many areas ripe for development. People do not need to be in the GTHA anymore to work. Our options are unlimited when it comes to growing in this province. What is not unlimited is arable land. We can't depend on imports from other countries anymore for our food. The environment is too unstable. Just look at the issue with lettuce and the current food prices. We need to protect and invest in our green spaces, not pave over them. We are in the midst of a climate crisis. We need to address that; we do not need to build more homes few can afford. Please, keep your promise. Do not build on the Greenbelt. Secure its protections unequivocally for the future. Ontario depends on it.\n"
    },
    "76685": {
        "url": "/comment/76685",
        "comment": "I am afraid that this proposal will be detrimental to wildlife in the mapped areas where the houses would be built. Also, if the houses built will be the same price as the houses in the market now, it will be extremely difficult for low-income Canadians to be able to afford to live in these new houses.\n"
    }
}