{
    "74680": {
        "url": "/comment/74680",
        "comment": "I live in Pickering, near to the Duffins-Rouge Agricultural Preserve (DRAP) that is slated to be removed from the Greenbelt.\nIt is a quiet area perfect for cycling, where few cars are encountered off of the main arterial roads (Taunton, Whites, Altona, Townline). This mix of farmland and forest just minutes from the main residential area of Pickering is a rare oasis where one can escape from civilization for a few hours. We've already lost most of the natural and agricultural areas east of Duffins Creek to development of the Seaton community, which is supposed to support over 70,000 new residents. This community, developed under the Central Pickering Development Plan (CPDP) by the Government of Ontario, explicitly designed the community with the DRAP in mind and intact, so as to preserve prime agricultural lands. While Ontario is facing a housing crisis, it is also facing a food crisis, and removing spaces where Ontario can grow its own food to feed its own citizens without relying on imports does nothing to ensure food security for current and future generations of Ontarians.\nConstruction of Seaton has been going on for over 5 years, and yet the necessary road infrastructure has not been adequate to keep up with demand. New wide roads have been built within the community, but existing arterial roads such as Brock remain heavily congested leading to and from the community. While the 407 is one route out of Seaton and the DRAP area, the primary thoroughfares will remain the North-South roads leading down to the established South Pickering and all its amenities plus access to the 401 (via Brock and Whites) leading to Toronto for many commuters. There is little room to widen existing roads, putting extra pressure on already overused infrastructure with few mass transportation options. This is not sustainable, and new residents moving into the proposed DRAP subdivisions would not be receiving the amenities they would expect and deserve.\nDevelopers already own much of the land in DRAP, but the majority of houses built by those developers have been low-to-medium density housing. To address the housing crisis we do not need to expand urban sprawl and use up the last remaining green spaces, we need to look at responsible infill projects that increase housing density in existing urban and suburban spaces where the transportation infrastructure is better able to support additional residents. Repealing the CPDP and developing the DRAP does not adequately address the housing crisis.\nLastly, nearby Rouge Park is home to over two dozen species at risk. Developing one of the last remaining undeveloped bordering areas would remove a much needed buffer area to ensure the survival of those species. By putting more humans and human-inhabited areas closer to the habitat of these species, plus further fracturing their existing habitat (by removing the DRAP which acts as a corridor between the Rouge and Duffins watersheds), we are intentionally and knowingly putting these species at further risk, and potentially causing irreparable damage to currently stable species.\nThe Government of Ontario intends to break its promise to not develop the Greenbelt. This is unacceptable, and deprives current and future generations from access to prime agricultural and natural land, putting at risk endangered species, human food security, and our inherent need to connect to natural spaces.\n"
    },
    "74681": {
        "url": "/comment/74681",
        "comment": "The Greenbelt MUST be protected now and always. Our fresh water ecosystems and the diversity of our wildlife depend upon it. So too, does our ability to meet the climate crisis head on.  Paving the Greenbelt will adversely impact our environment and our climate and will do little to address the affordable housing crisis. The solution to the housing crisis won\u2019t be found in urban sprawl and more highways - the solution lies in affordable high density housing with easy access to public transportation.\nPlease stop the sell off of our Greenbelt and invest in affordable high density housing.\n"
    },
    "74687": {
        "url": "/comment/74687",
        "comment": "We know that Ford is trying to develop the Greenbelt because his rich friends own the land. This is DISGRACEFUL. The Ford government promised not to touch the Greenbelt. Do not destroy fertile land that we will never get back to please the greedy developers that are opening their purse strings to the Ford government. The people of Ontario won't be fooled. The Ford government is not for the people and that couldn't be more clear.\n"
    },
    "74692": {
        "url": "/comment/74692",
        "comment": "I disagree with the proposal of Bill 23.\nSome concerns that I have:\n\u25cf Building on the green belt will not address the shortage of affordable housing in communities major communities like Toronto\n\u25cf Creation of homes in the Green Belt will facilitate expensive urban sprawl\n\u25cf Focusing construction in this area will divert limited construction materials and labor away from building mixed and affordable housing in major cities, where it is desperately needed.\n\u25cf Development will undermine the protection of wetlands, woodlands, rivers, streams and wildlife habitats across Ontario. We NEED this land for carbon sequestration and habitat for wildlife.\n\u25cf This Bill alone holds the potential to destroy key land use planning processes that Ontario municipalities, conservation authorities, and residents need in order to protect, manage and plan for climate-resilient ecosystems and communities\nIn a time when the climate is collapsing and housing prices in CITIES are unattainable, and housing again,  in CITIES is unaffordable, this is not the answer.\nI have heard Mr. Ford argue that homes built in this area will provide affordable living for future immigrants, but this is not true. Immigrants need affordable homes close to work. They need access to schools, services and work by public transit. They do not need a home that isolates them from the city and forces the expense of a vehicle on them.\nThis bill discredits the conservative party. I am saddened and ashamed that such a bill could exist at this moment in history. Shame on your party Mr. ford!\n"
    },
    "74698": {
        "url": "/comment/74698",
        "comment": "I believe our greenspace in the GTA is very necessary and  find that enough of it has been removed for development.  I don't believe that taking away more land from the greenbelt will be helpful for the environment or for the quality of life for residents.  There is land further away from the GTA that could be developed, having less impact on the environment and  overcrowding issues.\nOverdevelopment has negative effects on the aquifer which provides much needed groundwater and rain water drainage which prevents flooding.\n"
    },
    "74703": {
        "url": "/comment/74703",
        "comment": "I am deeply concerned about the longterm impacts this proposal has on both the environment and how political agendas are achieved.\nThe GreenBelt was created to prevent loss of farmland, restrict urban sprawl and develop communities in accordance with the Growth Plan.\nA couple comments regarding this proposal:\n1. Do not limit conservation authorities involvement in development processes. They are there to provide insight and guide development in a sustainable manor.\n2. Land development should be restricted to lands that are not legislated as protected.\n3. Consideration should be made for brownfield redevelopment in the GTA, as opposed to passing a Bill to promote building on protected land.\n4. Revising zoning by-laws to allow higher density developments to proceed in urban areas where infrastructure already exists (I.e., revising Residential Detached zones).\nPremium agricultural land should be conserved, not destroyed for the purpose of sloppy, rushed land development.\n"
    },
    "74704": {
        "url": "/comment/74704",
        "comment": "The proposed Bill 23 blatantly affirms that Doug Ford has mis-led to get re-elected (\u201cthe people have spoken - we won\u2019t touch the Greenbelt\u201d), and then attempts to justify his about-face with more non-facts - that we need this land for housing (the province\u2019s own housing affordability task force states that there is no shortage of land)\nAs has been proven through the pandemic, outdoor greenspace is vital to the physical and mental wellbeing of the citizens of the province, as it is to all humans.\nThe Greenbelt has been established to permanently protect farmland and environmentally sensitive areas to deliver health, prosperity and climate resilience to Ontario\u2019s residents.\nPermanently means this land has been protected - secured in perpetuity, guarded with protections and safe from detrimental usage.\nPermanently means off-limits to development.\nPermanently does not allow for governments to take away from, or trade away certain acreages with a pledge to add other acreage elsewhere.\nPermanently means for all time.\nThe government of the day has no moral authority to decree that permanence has another meaning.\nIf permanent no longer means perpetually, then nothing is safe in this province.\nIt\u2019s no wonder the electorate is so cynical!\nYes, we need more housing, but there are lots of places to build. Intensification is the preferable way to provide this housing, and the only way to efficiently build and make cities work. More housing built  on existing infrastructure is far preferable to more sprawl.\nI\u2019ve recently protested this proposed bill carrying signs that read:\n- Doug     Protection means: Secured/Guarded/Safe      You Promised!\n- where\u2019s your INTEGRITY Mr. Premier\nThere were many engaged and concerned citizens present at these rallies, and at many rallies across the province.\nWe are all very concerned with this proposal, and are determined to see that the Ontario Government does not force these monumental changes on Greenbelt protection.\n"
    },
    "74706": {
        "url": "/comment/74706",
        "comment": "Greenbelt Act, 2005\nThis proposal is an absolute sham and criminal. It is particularly insulting as it stands to enrich developers with NO GUARANTEE of benefits to the public. PUBLIC LAND SHOULD SERVE THE PUBLIC.\nIf it is to be developed, it should be guaranteed community housing / affordable housing. At the very least it should be offered to first time home owners and those struggling to enter the housing market.\nIt should NOT be developed into unaffordable homes that will be bought up by investors and rented back to the general population at outrageous - and uncapped - prices.\nWhat is the cost of supporting and maintaining the highways, what will be the municipal taxes required to support the infrastructure in these areas.\nQuestions not being asked:\nWhat is the risk assessment for flooding, who wants to buy houses for 1M and then not be able to sell them because they are in flood prone areas?\nWhat is the cost of supporting these areas with emergency services and police?\nWhich hospitals and schools will need to built to support these communities? Whose paying for that?\nWhich electoral areas will these areas represent? Who will pay for that?\nHow much will garbage services in this area be?\nHow will these areas be supported by local businesses?\nHow many teachers will need to move to that area to support the school system there?\nHow many new catholic and non catholic schools and high schools need to be built?\nLibraries, etc\nDo we have to pay to subsidize transit in a place no one can reach?\nThen:\nHow come we aren't densifying our current suburbs to improve transit efficiency? Infrastructures are already built and paid for, just need to tear down areas in our GTA that haven't flourished and create denser cities.\nIncreasing density of our suburbs means more business for our local businesses\nIncreasing density means needing more staff at a single hospital, then spreading them out over several hospitals.\nIncreasing density will decrease the taxes per person for the same space, for police, for fire services, for plowing services, for maintenance etc.\nWe already have problems with class sizes in schools today, now we have to send them out to the green belt to cover those areas too?\nGetting real sick of the direction of the Provence. I am a voter and did NOT vote for this.\n"
    },
    "74710": {
        "url": "/comment/74710",
        "comment": "I understand the need for housing in Ontario. However, in this era of climate crisis and biodiversity decline, we need to keep the Greenbelt intact.\nThis bill is born of a 1950s mentality. I expect much more from our provincial government.\nTo say I'm disappointed is an understatement.\nPlease get up to speed on the environmental issues that our region is facing.\n"
    },
    "74712": {
        "url": "/comment/74712",
        "comment": "I support all of the conservation authorities and organizations which raised their concerns around this bill.\nThis should absolutely not move forward as it threatens protected areas, Greenspan conservation, and the health of the biodiversity in the Greenbelt. We are in a biodiversity crisis. We need to assess whether species at risk are being affected by this development. We also need to understand that development will have impacts on surrounding waterways due to potential runoff, floodplain need to be considered; and most importantly, farmland (which we need to feed our growing population). Protected areas like the greenbelt should absolutely not be developed, and it would be a step backward in our conservation goals.\nDevelopment should not be expanded, there is space for improving and adding housing within existing boundaries already. Hamilton, for example, should not expand its urban boundary. This would threaten farmland, further affect waterways and Lake Ontario (which we rely on as a freshwater source)  and destroy important habitat. We cannot have development in protected areas; they are protected for a reason! We cannot afford to lose more natural spaces. Climate change, biodiversity loss, food security, and ecosystem degradation are all interconnected and we need to work with nature, not continue to destroy it.\n"
    },
    "74714": {
        "url": "/comment/74714",
        "comment": "*There is nothing in this submission that I am opposed to you posting publicly*\nI am strongly opposed to these proposed amendments. I am a resident of Hamilton and I am very upset that parts of our Greenbelt are being removed. These parcels of land make no sense in terms of developing more affordable housing - they are far from jobs, services, and these lands are not serviced. Hamilton already has a plan to accommodate urban growth to 2051 within the existing urban area and expanding into the Greenbelt will not address the housing affordability crisis nor will it speed up the construction of housing as these areas are not serviced.\nI'm also angry that these amendments will force Hamilton taxpayers to have a larger infrastructure deficit, causing higher taxes, for something we do not want.\nI believe that Greenbelt protection is more urgent than ever to ensure future food security, climate resilience, protection of wetlands & groundwater systems, and biodiversity protection.\n"
    },
    "74716": {
        "url": "/comment/74716",
        "comment": "As an Ontarian I am strongly apposed to the Greenbelt changes being suggested by the Ford Government.  This is not forward thinking for the longevity of the province but taking care of a few friends of the Conservative party for generating profits for only a small percentage of developers.  The idea that you can build on one place in the Greenbelt and save lands in another area of Ontario does nothing to protect the animals, rivers and environment in the initial location. This is an similar idea that the Australian Government tried to implement and wanted the animals to move to the new area.  This had devastating impact on the Koala bears to the point they are now on an endangered list and this was one of the many reasons the Government that implemented this is now no longer in power.  We can only hope that soon the Ford government will no longer be in power and that Ontarians will again be able to move forward in supporting everyone for a better place to live and grow. It is a shame that in the process you will destroy the Greenbelt and that this can never be recovered. Shame on you!!!!\n"
    },
    "74717": {
        "url": "/comment/74717",
        "comment": "Opening up the Green Belt to housing development is wrong. We need density building in our cities. We need to maintain the greenbelt for Ontario to be sustainable for our future. We need places for food to grow to support the 100,000\u2019s of people moving to this province over the next decade. To capture our carbon to clean our water. We need real innovation here not the same old bulldoze the trees down and build status quo.\n"
    },
    "74719": {
        "url": "/comment/74719",
        "comment": "I'm not in agreement with this bill, I believe it will increase my property taxes to allow the building of infrastructure to support the new homes, and also, it can impact the climate as the green belt is protected. In addition, reading the news is very concerning all the advantages PC donors had in managing, buying and allocating the land to be built. I believe there should be an investigation for corruption in this matter. Thank you.\n"
    }
}