{
    "79828": {
        "url": "/comment/79828",
        "comment": "I am wholeheartedly against boundary expansion and the compromise of the Greenbelt. There are many options for creating more housing where needed, including perhaps most importantly, increasing urban density. Increasing urban density would decrease the vacant lots in my hometown of Hamilton, which is an important protection against the broken window theory of crime. I feel that if enacted, the destruction of the Greenbelt would be a massive betrayal of public trust by Doug Ford and the Conservative Party.\nNo Greenbelt Amendments. Protect nature and farmers. Improve cities by increasing density.\n"
    },
    "79830": {
        "url": "/comment/79830",
        "comment": "This proposal is so absurd, so ill-conceived and so disingenuous that I don\u2019t believe that it should be pursued both as a matter of good governance and as a matter of ethics and morality.\nThe housing crisis in Ontario is very real, and I can personally speak to that as a young person who, as things currently stand, could never hope to own a home in this province. As if that isn\u2019t enough, if I were to lose my current appartement, I wouldn\u2019t even be able to afford to continue to rent in my area.\nIf this government legitimately thinks that paving over some of the most important areas of natural land and farmland in this country is the solution to that issue \u2014 if they truly believe that this will help in any way and they aren\u2019t blatantly lying or using it as a political trick to gain favour with donors \u2014 if this any member of this government truly believes that this is for the good of the people of Ontario, then they should absolutely resign immediately due to incompetence and neglect to your office.\nThe people of Ontario need real, proven solutions. Brave solutions. New ideas. We have so much space inside of our cities to build up density so we can create healthier more sustainable cities. Destroying our environment to build unaffordable single-family homes will do none of those things. It will be a disaster. This bill and this government are a disgrace.\nThe fact that both Minister Clark and Premier Ford blatantly lied to the public about this on multiple occasions should be a clear enough demonstration that they know it is wrong and that it cannot proceed.\nIf things continue as proposed, just know that the rest of your time in office will become incredibly difficult. And we will be on the ground defending our environment no matter what.\nThis plan is shameful and a disgrace.\n"
    },
    "79832": {
        "url": "/comment/79832",
        "comment": "My family and I are against removing existing land from the Greenbelt. Swapping already protected Greenbelt lands for different parcels elsewhere defeats the original purpose of protecting the land - to preserve precious premium farmland and to curb rampant and irresponsible urban sprawl.\nThere is no justifiable reason to build on these protected lands. However, there are many reasons to respect the land and leave the Greenbelt as is such as protecting biodiversity, the wetlands and helping to ensure food security by keeping prime farmland as farmland. We should not make any changes to the Greenbelt that do not support climate resilience.\nThere is no justifiable reason to build on these protected lands. Hamilton has an existing plan to accommodate urban growth through to 2051 within the existing boundary. Taking from the greenbelt will not help build homes faster as those proposed areas are currently unserviced. Building homes within the existing boundary that is already serviced will be quicker, which is the point. Expanding out of the current boundary will be too costly to us as municipal taxpayers.\nThere is no justifiable reason to build on these protected lands. We were told by this current Ontario government that they would NOT take from the Greenbelt after we made it loud and clear that this was not acceptable in 2018. This was a promise that was still in place when this government was re-elected in 2022.\nThere is no justifiable reason to build on these protected lands. There are options and other ways to increase the supply of homes that are affordable and are nearer to urban centres and transit.\nThank you.\n"
    },
    "79836": {
        "url": "/comment/79836",
        "comment": "This project has to be stopped for the protection of our Wetlands and Great Lakes.  It is unfathomable to think that such a project  which is entirely geared toward profit and political gain , could go forward.  The future of our climate control depends on squashing projects like this.  Shame on the people who approved this!\n"
    },
    "79840": {
        "url": "/comment/79840",
        "comment": "This comment is regarding the Proposed Amendment to the Greenbelt Plan. I would like to begin stating that I fully support this Amendment to the Greenbelt that would remove or re-designate 15 areas of lands in the Paris Galt Moraine area. I understand that the City of Hamilton will need this land to create more affordable housing for current and future generations in our area. As someone who is starting a family in this area, I hope that my children and grandchildren will have the ability to make use of this beautiful land as it is local to our family, is close to major road ways and will open more employment opportunities to our community. I will mention that I am someone who also supports environmental endeavours, but I strongly believe that with the location of this land, it will not blatantly impact the goals of the Greenbelt and will still allow ample space to maintain the benefits of having the Greenbelt in our area. I hope you will take my comment into consideration.\nSincerely,\nSara\n"
    },
    "79842": {
        "url": "/comment/79842",
        "comment": "The green belt must be protected. It is full of ecologically precious farm land and wetlands that no amount of money will ever replace. Ontario has the opportunity to protect agriculture (especially as more farming land globally is rendered useless by climate change and development). We can build houses without hurting the green belt. Doug Ford promised not to touch the green belt\n"
    },
    "79844": {
        "url": "/comment/79844",
        "comment": "I unequivocally do not support opening up the Greenbelt for development. This development is entirely unnecessary - there is plenty of land in the GTA not to mention throughout the province more broadly that can be developed or redeveloped while keeping the Greenbelt whole. Any suggestion that the Federal government is forcing the provincial government's hand in this case due to immigration targets is a sad, easily-seen-through excuse. Oh how convenient that responsibility can be pushed to another government body.\nThis is the opposite of sustainable development. Whenever we feel the cost of living is high, do we take another bite of the Greenbelt? And what will we do when it's all eaten up, and that valuable farmland is forever a brownfield development, that can never be recovered (at least, not at a feasible cost)? We would end up getting more creative with dense and mid-density housing in Toronto and the GTA anyway. So let's just do that now.\nAlso, even if we can accept the idea that the Greenbelt can be reduced (though we cannot accept this) the way it has been handled here is abhorrent. Why should a small number of developers, many of them close to Doug Ford and in his inner circle, stand to profit massively from this convenient change in legislation? If this is all about more affordable housing, what does this massive opportunity for a small number of already wealthy individuals and corporations to profit have to do with anything? Even if there is no corruption here, the perception of corruption is so obvious, so odious, I find it hard to imagine any responsible government would ever deign to even think about pursuing this line of action. It is not only poor policy, it is stupid, shortsighted policy. This will be remembered as a black stain in the history of Ontario governance.\nNow that the Greenbelt is at least theoretically open for development, farming land, even that which is currently protected from development, will be open to speculative investment and purchasing. This is bad for farmers and for farming in Ontario. Any future protection to green space is suspect. The next government may just toss that aside at its whim. This will drive up the price of farming land and make it more difficult to operate as a farmer in this province.\nThough what I've said above is certainly sufficient, it also cannot be forgotten that the Conservative Government promised, before being elected, that the Greenbelt would not be touched. That lack of principles, that willingness to go back on promises at the earliest convenience, will not be forgotten. How can this government be trusted in the future? What do its promises mean anymore?\nThe Greenbelt's place as land beyond the reach of development has been tossed aside and can never be restored. This government's credibility has been severely damaged. The single family homes that will apparently be built in the Greenbelt will not in any meaningful way be truly affordable or make a dent in Ontario's affordability crisis. Other alternatives do exist, but have been ignored. All this, and for what? For a few already wealthy corporations to profit? How embarrassing.\n"
    },
    "79845": {
        "url": "/comment/79845",
        "comment": "Re: ERO #019-6216\nI am a mother of two children. I strongly disagree with the provincial government\u2019s decision to carve out desirable development land from the Greenbelt and hand it over, Willy-nilly to developers. These private companies have no vision or care about the environment and our future. All they want is money in their pockets and to hell with the flora and fauna in these regions that need to be protected.\nEnough with the sprawl and ugly spread of housing. These are not communities, these are sub-divisions of car-centric idiocy. I am shocked and disgusted at the decisions that are being made and the blatant lies. We will never be able to go back. We will never be able to look our children in the eyes when they ask why we let this happen. Stop, stop, Stop it.\n"
    },
    "79848": {
        "url": "/comment/79848",
        "comment": "This is not where we should be focusing. We should be focusing on repairing socialized housing already built, making it easier and worthwhile to create coops, stronger rental control for buildings built after 2018, incentivizing laneway homes and legal suites in already developed land. Start with those things before even considering the greenbelt.\n"
    },
    "79850": {
        "url": "/comment/79850",
        "comment": "Housing is critical, to have enough safe shelter for all Ontarians, however, this Bill will not achieve that end goal and will instead erode the important role that conservation authorities play in ensuring that wetlands and other riparian zones are protected from infill and development. This Bill has not been thought through from the perspective of Ontarians stewarding the land for generations to come.\nIn addition, the process for advancing this Bill has been cracking the edges of our democratic system by ignoring the please of the Ontario Association of Municipalities, aggressively moving the Bill in the midst of municipal elections, and voting on it before the comment period has ended.\n"
    },
    "79851": {
        "url": "/comment/79851",
        "comment": "Bill 23 upsets me. It makes me feel hopeless for my future in Ontario, as a resident and as an environmentalist. I currently work in the field of ecological restoration, working extremely hard to restore wetland and aquatic environments in Ontario. The changes the government is proposing to develop the greenbelt completely reverses the work that i do to create, restore, and protect ecologically crucial natural areas in the province.\nOur natural green spaces that have been left untouched are crucial for adapting to future imminenent climate change impacts. Building into the greenbelt is an irreversible and colossal mistake. Urban sprawl is not the answer for solving Ontarians housing crisis. There is NOT a shortage of available land in Ontario.\nYou CANNOT offset an ecosystem that has evolved over centuries with a new green feature somewhere else. You cannot replace the sensitive species that exist on those areas, and assume that they will be able to move themselves to other areas and survive. The unique ecosystems myself and my colleagues strive so hard to protect and restore cannot be recreated elsewhere. The sensitive and at-risk species that rely on these areas for breeding, overwintering, or shelter cannot simply be replaced when their entire home has been destroyed. These species will inevitably be lost, either immediately or in the near future as all our already limited number of natural areas become decimated by development. That is a devastation that cannot be undone.\nThis government will destroy the best, highest quality remaining habitat that we have left in Southern Ontario. How will Ontarians manage the changing climate when there are no green areas left to protect them? Paving over the greenbelt will be substantially more costly than this government realizes, both in the present, as well as in the future when ontarians will have to foot the bill for our province\u2019s inability to cope with flooding, fires, intense storms, etc. Building on our wetlands, sensitive floodplains, and dense forested areas will not allow for affordable housing in the short and long term. Developing areas  that are key to water infiltration (like wetlands), in particular, will inevitably be more expensive and time consuming, and ultimately not creating affordable housing.\nThe government should absolutely not be developing into the green belt. Ontario needs to start thinking about creating more urban density, rather than urban sprawl. If the government truly wanted the best for ontarians in the long run, it would not destroy the only remaining natural areas we have left. I do not think that my comment will have any impact in changing the governments decision, but i need my (and many others)  voice to be heard.\nI find it very hard to convince myself to continue to be a resident of this province when the government continuously shows such a blatant disregard for the environment.\n"
    },
    "79852": {
        "url": "/comment/79852",
        "comment": "I would like to state my opposition to the removal of lands from the Greenbelt.\nThe facts speak for themselves.\n1.\tThe reasons for protecting the land in the Greenbelt still apply.  If anything, there is a greater need for the Greenbelt now.\nThe Greenbelt is supposed to provide permanent protection to the agricultural land base and to ecological and hydrological features, areas and functions.\nIt was established because the region has some of Canada\u2019s most important and productive farmland.  Its fertile soil, moderate climate and abundant water resources support agricultural production that cannot be duplicated elsewhere in the province and the country (wording taken from the Greenbelt Plan).  In other words, farms can\u2019t move to other parts of Ontario and produce the same volume, quality and variety of food.  We need to preserve this valuable farmland.\nThe region also contains many of Canada\u2019s most ecologically and hydrologically significant natural environments. These natural areas clean the air and provide drinking water for the millions of people who live here. They should continue to be protected for the health of present and future generations.\n2. There has been no credible public process to decide whether lands should be removed from the Greenbelt or which lands should be removed.\nMunicipalities, experts and the public have not had adequate opportunity to review and provide input on the removal of these lands from the Greenbelt. In fact, the process appears to be designed to prevent comment.\nThe deadline for commenting was very short. The proposal was posted when municipal councils were newly elected and in the process of being sworn in and getting organized.\nThe proposal was posted on the Registry at the same time as at least 10 other proposals that impact on the environment and municipalities, all with short deadlines for commenting.\nAnd finally, it was posted while Bill 23 was being hurried through the Legislature.  Bill 23 makes drastic changes to the planning system and to the role of conservation authorities in regulating and reviewing development that affects our watercourses, wetlands and environmentally sensitive lands.  It is almost impossible for anyone outside of the provincial government to fully understand all of the changes that are being made to Ontario\u2019s environmental protections right now.\nIf the Ontario Government really believes that the removal of these lands from the Greenbelt is warranted, it should be willing to establish a transparent public process with a reasonable timeframe.\n3.\tThe Greenbelt lands are not needed for housing.\nThere are already 88,000 acres of land already approved for the development of new housing near communities where there are services and where people already live.  These lands should be developed before looking to remove lands from the Greenbelt.\n4.\tRemoving the lands will harm climate resilience\nRemoving the lands will harm climate resilience by undermining the ecological integrity of the watersheds and natural systems in and around the Greenbelt according to the Ontario Greenbelt Alliance Steering Committee.\nIt has become increasingly clear that climate change puts us all at risk.  We are facing more severe weather, flooding, air pollution, unpredictable growing seasons that could cause food shortages and wildlife endangerment.  The answer isn\u2019t to destroy farmland and environmentally sensitive areas and add to urban sprawl.  I would urge the Ontario Government to improve our climate resilience by leaving these lands in the Greenbelt and adding more lands to the Greenbelt instead.\n5. There is no guarantee that new developments in the Greenbelt will be affordable.\nThe Ontario Government appears to be removing lands from the Greenbelt without putting a plan in place to ensure that any new housing to be built on the land is affordable.  The Government does not say that it will require apartment buildings, rental accommodation, townhouses, triplexes or other modest housing to be built.  Instead, it promises only that developers will be required to build quickly.  Without new government requirements, why would a developer choose to build modest housing when it could maximize its profits instead by building large and expensive homes that do nothing to solve the housing crisis?  I am concerned that Ontario is handing a huge windfall to developer landowners and receiving nothing in return.\nAll of these facts lead me to the conclusion that there is no good reason to remove lands from the Greenbelt. And there is a very real risk of harm to the natural environment and to our agricultural land base and food security.  I would urge the Ontario Government to reconsider this proposal and instead work with stakeholder municipalities, experts and the public to develop a strategy to resolve the housing crisis.\n"
    },
    "79854": {
        "url": "/comment/79854",
        "comment": "Premier Ford, It is unconscionable that you would go back on your word about preserving the greenbelt.    Just a few months ago, Steve Clark publicly stated that the greenbelt would not be developed.  In fact you and Mr. Clark have not been truthful to citizens of Ontario.\nBill 23 shows that you are in cahoots with the wealthy developers. Lowering the development charges and parkland fees for developers will shift the responsibility of funding the infrastructure from developers to municipalities and hence taxpayers.  Our taxes will rise significantly.\nYou neither understand, nor care about the environmental implications of your ill conceived decision!   Once you pave over precious farmland, we will never get that back.  By carving up the greenbelt, and allowing development there, it disrupts the corridors that are so essential for many species to thrive.  Since you came to power you have continuously attacked the local conservation authorities, diminishing their ability to protect our watersheds.  Municipalities will have no recourse to appeal when they disagree with provincial decisions about housing slated for designated greenfield areas.\nPlease reconsider Bill 23.\nL.M.L\n"
    }
}