{
    "68023": {
        "url": "/comment/68023",
        "comment": "The Greenbelt is a huge part of what makes Ontario such a great province. Not only is it beautiful but it is essential to the economy, the environment, and the people who work and are fed from this land.\nBuilding in the Greenbelt is a blatant refusal to think anywhere more than 4 years into the future as well as a flat out failure to adhere to promises made while campaigning.\nSave our province.\n"
    },
    "68025": {
        "url": "/comment/68025",
        "comment": "No changes to the Greenbelt. The last thing we need is more suburbs. The Greenbelt was protected for a reason. No development should occur there, ever. Farmland is irreplaceable and critical for food security in Ontario. No more suburban sprawl. There is nothing that can make this ok - just don\u2019t do any of this.\nThanks.\n"
    },
    "68026": {
        "url": "/comment/68026",
        "comment": "ERO 019-6216, 019-6217, 019-6218\nWe agree that there is an urgent need for more housing development BUT the new units must\na) be affordable\nb) be focused on multi-residential units\nc) be part of a \u201csmart growth policy\u201d\nd) not encroach on protected areas\ne) not exacerbate urban sprawl\nf) not impair the quality of existing neighbouring residential areas\nAffordability:\nThe proposal to have the private sector lead the new housing development is not going to address the affordability issue.\n1) The developer will want to make money on its investment.\n2) The new units will sell to the highest bidder.\n3) The laws of \u201csupply/demand\u201d will dictate market values.\n4) Providing infrastructure will add significant costs.\nSmart Growth Strategy:\nThere are regions in the north of the province which are stagnating and desiring to grow while the GTA is suffocating from unfettered growth.\nProtected areas:\n1) are necessary for maintaining water quality and air quality\n2) are necessary for protecting species\n3) offer recreation opportunities to the existing neighbourhoods\n\u201cGreen spaces\u201d are therapeutic!\nThe Province should:\n1) offer incentives for growth in other parts of the province.\n2) invest in public housing.\n3) protect MORE lands to deter unfettered growth in the GTA.\n"
    },
    "68030": {
        "url": "/comment/68030",
        "comment": "This proposal is just plain careless. The ramifications of removing our greenbelt will destroy our lives. The Ford government does not understand how life works, they are completely ignorant. I will tell you what will happen if this passes, there will be a guarantee of a massive drought. And it will not only cost millions but it will KILL people and that will be on YOU.\n"
    },
    "68032": {
        "url": "/comment/68032",
        "comment": "I am against the government taking away land from the Greenbelt to build more houses, stores, offices, etc.  We cannot get this land back after it is paved over.  Please stop the spread.\nPerhaps the Provincial and Federal Governments should be looking at all the houses owned and not occupied by foreign buyers, especially Russian oligarchs, and making foreign owners sell these houses.  I'm sure there are thousands of these out there across Canada.\n"
    },
    "68033": {
        "url": "/comment/68033",
        "comment": "Please stop the proposal to urbanize the Duffins Rouge Agricultural Preserve.  The Province is proposing to completely remove and plant houses on the Duffins Rouge Agricultural Preserve (DRAP). These lands were sold with public money with the agreement that they remain agricultural in perpetuity! THAT should concern every taxpayer in Ontario! They have agricultural easements on title. They have their own legislation - Bill 16, the Duffins Rouge Agricultural Preserve Act. They are Greenbelt Lands. Developers should not be allowed to speculate and make millions off the public purse!\n"
    },
    "68036": {
        "url": "/comment/68036",
        "comment": "I strongly oppose developing into the greenbelt. It was protected and off limits for a reason. Wildlife is pushing into suburbia because it is running out of places to be, we need that green space to help preserve green air, biodiversity, and wildlife, not to mention unpolluted water ways. This week, half way through November, is the first time it's truly felt seasonal, and that's insane. Climate change is taking a huge spike, and we desperately need the green spaces we have.\nLeave it alone. Any contamination or destruction of those areas is going to lose you many voters, with the exception of your most foolish, or greedy. The short term gains are not worth the long term devastation.\n"
    },
    "68038": {
        "url": "/comment/68038",
        "comment": "Instead of removal of lands from the Greenbelt, the Growth Plan should be updated to require increased density and expanded Urban Growth Areas in Simcoe County.\nSimcoe County has the ability to accomodate growth, provided new rapid transit options and other community amenities are available to support them.\nInstead of greenbelt removals, Consider creating a \"new city\" in Ontario, one that is pre-planned with rigorous public consultation. This will inspire people and create a new place to accomodate growth.\nThe proposed delineation of removal of greenbelt lands from the Rouge park area is too generalized and requires further precision.\nIt is very difficult to understand what criteria is evaluated for removals.\nIf a removal happens, what kind of wildlife protection measures will be established?\n"
    },
    "68039": {
        "url": "/comment/68039",
        "comment": "This is an absolutely shameful proposal from our greedy and corrupt government.\nI am writing to express my opposition to Bill 23 and associated policy proposals that would weaken environmental protections and undermine public involvement in land use planning and decision-making.\nI am particularly concerned about the:\n1. Removal of my right to appeal on planning matters that affect my community;\n2. Limitations on the power of conservation authorities (CAs) to regulate or prohibit development that negatively impacts wetlands, rivers or streams, to provide expert review of planning applications, and to appeal planning decisions;\n3. Removal of the role of seven regional municipalities (Simcoe, Durham, Halton, Peel, Niagara, Waterloo and York) in planning matters, thereby eliminating coordinated efforts to protect farmland and natural areas, determine optimal locations for development and infrastructure, and efficiently deliver municipal services;\n4. Drastic amendments to the Ontario Wetland Evaluation System, ensuring that very few wetlands in Ontario will be deemed provincially significant and protected from development;\n5. Replacement of the Provincial Policy Statement with a new policy instrument geared to facilitating unchecked development; and\n6. Creation of a natural heritage offsetting policy and \u201cpay to slay\u201d fund that could lead to widespread and extremely risky tradeoffs, where existing natural areas are sacrificed on the faulty premise that they can be recreated or restored elsewhere.\nIn the face of unprecedented and accelerating biodiversity loss and the ever-worsening climate crisis, it is vital that your government do its utmost to protect the farmland, wetlands, forests, rivers and other natural areas that sustain us. As Ontario\u2019s Housing Affordability Task Force explained in its 2022 report, we do not need to sacrifice environmental protection to address the housing crisis. That\u2019s because \u201ca shortage of land isn\u2019t the cause of the problem.\u201d (p.10) There is a vast supply of land already open for development within existing municipal settlement boundaries.\nI urge you to 1) withdraw all amendments likely to weaken the protection of farmland and natural heritage; and 2) retain and uphold the role of the public, CAs and regional municipalities in environmental planning and decision-making.\n"
    },
    "68042": {
        "url": "/comment/68042",
        "comment": "I am opposed to any sort of urban development in the Greenbelt, this land is crucial to the role of being a rainwater catchment which feeds our rivers, lakes, aquifers and streams. Without them, we have no drinking water, for anyone, not just humans but all living life. That's only one role of many that it plays in our everyday life. The understanding of our environment is how we survive and thrive.\nIf we don't preserve our green spaces, we'll be in the same situation as many other places in the world, with drought seasons and heatwaves.\n"
    },
    "68046": {
        "url": "/comment/68046",
        "comment": "I do not think these lands should be removed from their current status as protected lands.  Instead of developing crucially needed green space we should instead explore options for housing density: multi family homes, small buildings etc. More condos and destroying greenspace is not a long term solution to the housing crisis\n"
    },
    "68047": {
        "url": "/comment/68047",
        "comment": "There is ample land within our municipalities and outside of the Greenbelt that can be developed. We do not require more land, we require legislation to ensure more dense, land-effective and walk able housing is built. The missing-middle is a real problem in our housing stock in southern Ontario. Enabling more in-fill and mid-rise development should first be prioritized before building on the Greenbelt.\n"
    },
    "68050": {
        "url": "/comment/68050",
        "comment": "Please do not sacrifice our green space and communities well-being for a lazy \u201csolution\u201d that will cause more harm than good. The green belt must remain protected. This proposal is shortsighted at best and demonstrates a complete lack of regard for the environment.\nThe damage this Ford government will unleash on our communities is appalling and truly outrageous. Green spaces must be preserved. Dougie lied and now our future is in jeopardy.\n"
    }
}