{
    "63946": {
        "url": "/comment/63946",
        "comment": "This is a broken campaign promise and I hope voters remember it when polling time comes around again. Absolutely a terrible idea rife with environmental concerns. The government knows this isn't a popular move, which is surely why 'no development in the Greenbelt' was a central focus of its campaign. There is development-available land that does not require destroying wetlands and degrading the quality of our water.\n"
    },
    "63947": {
        "url": "/comment/63947",
        "comment": "There is so much revitalizing that can happen in the city limits to make it a great city, instead of a shell of one.\nThere are pockets of areas where there is foot traffic and thriving businesses, but there are areas like Barton that can have a major facelift instead of expanding outwards, that will benefit the city more.\n"
    },
    "63948": {
        "url": "/comment/63948",
        "comment": "The Greenbelt is one of our greatest achievement in land planning in Ontario. This is something that other provinces are looking at us with envy. I do not support any change to it, the land swap won't be equivalent.\nWe don't need new housing FAR from Toronto that will clog our highways again with unsustainable development. We need more housing in the immediate GTA with more densification.\nStop destroying the greenbelt\nThank you\n"
    },
    "63951": {
        "url": "/comment/63951",
        "comment": "I categorically object to bulldozing through some of Ontario's beautiful land for the sake of additional suburban sprawl. There are some things that you lose, and you can never get them back - this would be a permanent destruction of natural beauty for a half-baked solution to our housing problem. Save the greenbelt, and fix zoning laws that only allow for single-family homes to be built. Allow developers to build denser housing, mid-rises like we used to have. Allow business to exist in the same area as housing, so you can walk to get a coffee instead of driving 15 minutes. Convert unused office space from remote work into housing. Build housing upwards, on top of big box stores, I don't know! There are plenty of options to increase housing supply without desecrating the environment.\n"
    },
    "63952": {
        "url": "/comment/63952",
        "comment": "I am disappointed to see this change pushed through with so minimal an effort at addressing the reason why the Greenbelt has historically been maintained - environmental protection of sensitive areas including watershed management. The report does little to assuage my concerns over the stripping of these lands, including no mention of required density for these developments. Huge areas taken up by more suburbs are not a valid reason to break open the Greenbelt, and I'm disappointed in this government. Where are the days when the Conservatives protected our land for the future?\n"
    },
    "63953": {
        "url": "/comment/63953",
        "comment": "Please do not destroy the green belt! Do not be short sighted, this will be a disaster. Further destruction of important wetlands, floodplain infringement, reduced drinking water quantity and quality, just so that a few developers can make a ton of money. There should be a push to convert unused office buildings into housing, not further destruction of our environment. This feels like I'm screaming into the void but maybe someone will read it.\nHumanity has already caused so much widespread destruction to our environment, why do we need to pile on?? As an immigrant, I always respected the fact that Canada was known as a green country, but now it feels like we're turning into the US under the conservatives. Money above everything else. It's vile.\nThe solution to more housing is not further environmental damage, we need to preserve what we have. Not to mention that this housing will be anything but affordable.\n"
    },
    "63954": {
        "url": "/comment/63954",
        "comment": "The greenbelt serves an important environmental and safety purpose.\nPreserving important wildlife habitats and improving air and water quality. Additionally many of these areas help to manage flood planes which is a major safety factor.\nOpening up the greenbelt for development does not solve our housing crisis. It makes an opportunity for developers to make more money.\nThis proposal is outrageous and unacceptable.\n"
    },
    "63955": {
        "url": "/comment/63955",
        "comment": "I am completely against this proposal. This proposal makes a mockery of the Greenbelt plan. The Greenbelt is meant to be kept intact and continuous; it cannot be parsed and sold. The main argument for amending the Plan is baseless. A lack of available land is not the reason there is a housing shortage--there are a multitude of factors (policy, economics, bylaws) that have contributed to this housing crisis. Attributing the shortage simply to a lack of land is an easy way to get a political \"win\" by then \"solving\" the problem. But nobody (except for developers) wins if this proposal goes through. Preserving our natural environment is so crucial, and I truly can't believe that we're still stripping away environmental protections as if we're not facing life-altering climate change.\n"
    },
    "63956": {
        "url": "/comment/63956",
        "comment": "We are facing an unprecedented climate emergency and scientists have been clear that protecting green space is vital to the solution. Additionally we need green spaces close to where people live so they can access them conveniently and without a car. Development must happen more in more dense and sustainable ways. Removing any parts of the greenbelt at this point is robbing future generations.\n"
    },
    "63957": {
        "url": "/comment/63957",
        "comment": "This is a bad idea. Wetlands provide valuable living space to many animal and bird species. We've already trashed too much of this planet in the name of development. I understand we need housing, but there are vacant/abandoned buildings, no longer used schools and a litany of parking lots that could be used to build affordable homes. If we continue on the path of environmental destruction, we'll have no need for houses or the economy because this planet will be uninhabitable and we will all perish. Give that your ear instead of your developer friends.\n"
    },
    "63958": {
        "url": "/comment/63958",
        "comment": "The More Homes Built Faster plan is misguided and short-sighted. The main problem with housing in Ontario is not a lack of new constructions, but a lack of affordable, stable housing. With the rise of short-term rentals like AirBnB, long-term tenants are being pushed out of their homes either seasonally or permanently as landlords seek to increase their profits with short-term rental units instead. First-time home buyers are also being pushed out of the market as those with increased resources buy up starter homes to either use as second/vacation homes, or to rent out as AirBnB-style short-term rentals.\nBesides the problems with short-term rentals taking over the market, the cost of long-term rentals has increased dramatically in the past several years. Apartments have doubled in price in some places, with the average rent in Ontario nearing $2000/month. This is simply not feasible for most Ontarians working average jobs, and especially not feasible for those who are unable to work. For example, a person living on ODSP in Northern Ontario will generally receive about $750/month in rent support. With few apartments or even room rentals available for less than $1000/month, these people are being left with few to no options for accommodation and many are left homeless. The problem is not that homes are not physically available; it is that they are not financially accessible to most Ontarians.\nWhile some new construction may be necessary to support Ontario's growing population, the answer is not to develop Ontario's best farmland and most important areas of biodiversity. To do so in a time of climate crisis is foolhardy, short-sighted, and downright dangerous. The More Homes Built Faster plan recommends reducing \"the bureaucratic costs and red tape that are delaying construction and pushing home prices even higher\", while failing to acknowledge that the red tape in question is due to important ecological considerations that were put in place for a reason. To disregard those safeguards in the name of increasing access to housing is completely irresponsible. We might increase housing, but we will greatly decrease Ontarian's quality of life as well as the health of our province's natural resources and capacity to feed ourselves.\nA better solution would be to look at increasing the amount of housing available in our cities that already exist. We should consider building up, not out, making more densely-populated cities and working to enhance the resources that already exist there. With more and more companies moving to remote employment, the number of high-rise commercial buildings in downtown cores will continue to increase. This provides a remarkable opportunity to convert these spaces to multi-unit housing buildings. From a sociological perspective, if we were to encourage the development of mixed-income housing units, this would provide Ontarians from all walks of life with better access to affordable housing, all while decreasing the stigma often associated with lower-income housing areas.\nThere are so many solutions available to us that do not involve paving over Ontario's most important and sensitive green space. I strongly encourage our government to reconsider its foolish plan, to listen to Ontarians, and to do the right thing that will support the health and wellbeing of Ontarians for generations to come.\n"
    },
    "63959": {
        "url": "/comment/63959",
        "comment": "As much as housing is a concern, the government should look at options beyond developing the green belt. As the effects of climate change and habitat loss begin to become more apparent (not less), we should focus on developing the parts of Ontario that are already urbanized and devoid of ecology. Green belt sites with low ecological value should be restored, not developed. Our housing crisis should be solved with high quality, contextually moderate intensification (eliminating single-dwelling zoning, increasing condo heights by 3-6 storeys, not 10+) and an increase of pedestrian focused road design and public transportation\n"
    },
    "63962": {
        "url": "/comment/63962",
        "comment": "Respect local democracy! Hamiltonians voted NO the urban boundary expansion and that should be respected by the provincial government!\nHamilton has more than enough space and abandoned lots within its existing urban boundary to meet its housing needs through redevelopment and intensification.\nThe Ford Government needs to stop trampling on democracy and will of the people!\n"
    },
    "63963": {
        "url": "/comment/63963",
        "comment": "I oppose any land development in the Greenbelt. Preserving this area is critical for preventing flooding, providing clean drinking water, and maintaining wetland habitats. The solution to lack of housing is not to fill the entire province with suburbs, but to increase density in cities where infrastructure and amenities already exist. Force municipalities to add medium- and high-density zoning which includes essential services and transit access within walking distance.\n"
    },
    "63964": {
        "url": "/comment/63964",
        "comment": "I am strongly against development in the greenbelt. If additional housing is needed, increase density in existing residential areas. Increased density residential areas are also cheaper to service, as opposed to new areas that require new roads, sewers, power, transit, etc,  including periodic maintenance. As a Conservative government that advertises itself as one trying to keep taxes low, encouraging rampant urban sprawl goes directly against that premise.\nBuilding into the Greenbelt isn't something that can be undone and is a permanent change to our surrounding environment. Our development decisions should be based on balancing many factors, looking at what's best for society as a whole both short and longterm, and not just catering to NIMBY complaints.\n"
    },
    "63966": {
        "url": "/comment/63966",
        "comment": "As a life long Ontarian I object to the government touching the green belt. The government promised Ontarians that they wouldn't touch the Green belt or engage in land swaps and is now in the process of doing that very thing.\nThis government cannot be trusted to do what is best for Ontario. The only thing this government can be trusted to do is to lie to us and do as they please.\nThe damage caused by this decision will be felt for generations and will be impossible to roll back once begun.\nGoing after the green belt is an attack on our environment.\n"
    }
}