{
    "76446": {
        "url": "/comment/76446",
        "comment": "I do not agree with this proposal.  Our green belt is vital to our ecosystem and continuing to encroach on the environment and building more suburbs instead of affordable housing is not the way to go.  Do better.  We\u2019re in a period where every move matters for our environmental future.  Every move that hurts the environment, puts the future in danger.  DO BETTER.\n"
    },
    "76450": {
        "url": "/comment/76450",
        "comment": "Ontario does indeed have a housing crisis; however, the crisis is not just one of supply, but affordability. We are also in an accelerating environmental crisis, characterized by, among other things, climate change and loss of green cover and natural habitats.\nFor all of the reasons listed above, the Greenbelt proposal is misguided and harmful. The housing crisis has been carefully analyzed by experts in the field, who have argued convincingly that it should be addressed through densification in urban areas and the creation of rental housing that is scaled to income and close to public transit and other services. The Greenbelt proposal would instead involve the needless conversion of open land to yet more low density, car-centric suburban development, and would be highly unlikely to address the affordability issues that driving more and more people away from the GTA.\nI am also deeply disturbed by information that has emerged recently that points to the possibility that there may have been collusion between the Ontario government and developers, specifically the purchase of large blocks of Greenbelt land by developers in advance of the public announcement of this proposal. It is in the public interest that there should be a full and transparent investigation of these accusations before any proposal is considered.\n"
    },
    "76453": {
        "url": "/comment/76453",
        "comment": "I am strongly opposed to the proposal to remove lands from the Greenbelt, for the following reasons:\n- These lands are valuable for agriculture and other open-space uses, and so are irreplaceable.\n- Much of the lands that are proposed to be added to the Greenbelt in order to replace these lands are already under some form of protection, or are not in immediate danger of development.\n- Removing these lands from the Greenbelt will not enable more housing to be built: every independent expert has noted that there is already ample land outside the Greenbelt for housing.\n- Opening up these acres to development will encourage urban sprawl, which is (as independent experts have also confirmed) is both wasteful and expensive. Instead, the government should focus on encouraging construction of a wider variety of housing options within already built-up areas.\n- This action sets a bad precedent, and so makes it more likely that the Greenbelt will be further eroded in future years.\n"
    },
    "76456": {
        "url": "/comment/76456",
        "comment": "I think the potential development proposition of the protected greenbelt is unnecessary . Our eco system are fragile as it is and developing more of this habitat will cause further disruption of the and force animals into residential areas. We've already had issues with coyotes in many neighbourhoods due to development. Additionally, there is unused buildings / plots of land in many urban areas that can be utilized to build housing on. The focus needs to be on developing and revamping what is already available and then building infrastructure to support these areas not wreck our protected greenspace and agricultural land which is in limited supply already.\n"
    },
    "76460": {
        "url": "/comment/76460",
        "comment": "I am 100% opposed to this development, and terribly concerned about the fact that protected land suddenly isn\u2019t.\nI didn\u2019t vote for this government, but I have to accept their legitimacy. However, I do not have to accept self-serving proposals that do not truly solve a problem (we all know this won\u2019t do a thing towards solving the housing crisis) and that do not respect protections that were put in place for a reason.\nOppose, oppose, oppose!\n"
    },
    "76461": {
        "url": "/comment/76461",
        "comment": "We need to protect our fragile environment. This area, our Greenbelt, was designated protected for a reason - to suddenly change plans, especially during a time when climate change is aversely affecting our entire planet - seems especially short sighted.\nI want my child to live in a province that she can feel proud of, that she believes is protecting her future - her health and the heath of the land.\nYes, people need places to live - but not at such a great cost to the health of our land and our future. Please find somewhere else to build. Please do not allow this to happen.\n"
    },
    "76463": {
        "url": "/comment/76463",
        "comment": "I am against any further removal of the Greenbelt areas. What is needed is to designate more greenbelt areas. The Greenbelt areas were put in place to protect these areas. They are needed to protect further destruction of the environment, quality of life in southern Ontario, and future Economic sustainability.\nMost of Southern Ontario WAS some of the best agricultural land in Canada. Now we are importing more food from out of country and adding more people to feed. That did not make sense to me in the 60's, and it makes less sense now.\nAdding the 413 will only help transportation marginally until it gets clogged by the proposed housing.\nSouthern Ontario has grown rampantly beyond its infrastructure limits and because of this we already have an affordable housing shortage.\nThe only people that will benefit from the proposals will be the developers in short term.  The majority of the population will be affected negatively, especially in the long term.\nIf the proposals are implemented there is no going back. What little is left will be gone.\nA more sustainable plan should be developed BEFORE going ahead.\nShort term gain for long term permanent pain.\nThe only solution at his time is to curb growth. It is not needed and is a step backwards.\n"
    },
    "76465": {
        "url": "/comment/76465",
        "comment": "I wholeheartedly disagree with this proposal. I understand the need for affordable housing, but have disregard for the green belt is not the solution. Housing is important but so is preserving our natural environment, doing our best to combat climate change and being able to produce food for our growing population. There are other options.\n"
    },
    "76466": {
        "url": "/comment/76466",
        "comment": "As a resident in Vaughan, here are my thoughts:  I would ask you keep your hands off the greenbelt, woodlots, wetlands and especially the Provincially Significant Wetlands.  The agricultural lands are definitely required for our food source, whether it be market gardening, the few traditional farms, or grain farming.  In this area it is prime agricultural land, soil wise and growing period.\nWetlands are needed for flood management, and should be protected by large boundaries, such as fields etc.  Environmental conservation and stewardship is important, protecting wildlife is important.\nWhy are you not focusing on developing lands long ago slated for development?  Why are you not working on complete communities, and density?\nIn my opinion, using up the greenbelt will not satisfy affordable housing, as there will be no transit, shopping etc available.  It will force the need for more cars, more roads, less green, less green living.\nWhy would you add more greenbelt to other areas, if it is not needed?  What good does the greenbelt 400 kilometres from Vaughan do for the Municipality of Vaughan?  What will the greenbelt miles away do for the wildlife in Vaughan?\nHands off the Greenbelt.\n"
    },
    "76468": {
        "url": "/comment/76468",
        "comment": "Please see attached letter.\n"
    },
    "76472": {
        "url": "/comment/76472",
        "comment": "These Green Belt zoning amendments should not go through. The province should be focused on densifying suburban areas with townhouses and low-rise apartments or condos instead of focusing on single family dwellings further and further away from places of work and life. Current urban sprawl has added to numerous problems already, including wildlife habitat destruction, pollution increases, climate change and cost of living increases. Because there is already developed land available for densification, I believe re-zoning areas across the province would be adequate to address the housing crisis. Taking protected agricultural and natural lands and developing on them is not necessary and may lead to food industry accessibility and flooding issues in future that hasn't been made obvious in the proposal. Also, I have read that the Paris-Galt moraine is already conserved under Bill 71, but this is not mentioned in these proposed amendments. Are these different lands and what is that difference?\nSome specific examples of my concerns with these proposed areas are:\n1. The areas in Redesignation maps 5 and 6 look to be in floodplains, which can be considered a direct environmental risk or financial risk but no impact assessment for flooding is in the proposed attachments.\n2.Redesignation map 10 and some other areas are away from amenities such as grocery stores and basic necessities. Needing to drive a car everywhere would increase the cost of living to a resident and needing to establish new water and sewage connections would create extra costs for municipal governments to shoulder.  Densifying already developed areas would mitigate both costs.\nAll of these environmental and financial unknowns lead me to believe that taking away from the proposed Greenbelt zones is too high of a risk to put in motion and there are better alternatives available that Ontario can pursue.\n"
    },
    "76474": {
        "url": "/comment/76474",
        "comment": "Members of Ontario government, PLEASE protect our Greenbelt and cease any legislative and political attempts to profit on such blatant exploitative real estate development.  This is NOT in the interest of the majority - use all of the rhetoric you want, but you will only be convincing yourselves.\nGoing ahead with Mr. Ford's plans for the Greenbelt will benefit a very small minority of developers.  Developers who must have had a crystal ball when they bought up tens of millions of dollars worth of protected land, given that Mr. Ford himself has said on the record, in the same time period around the 2018 election, that he \"heard the people of Ontario\" and would protect the Greenbelt.  Please do not insult your constituents and allow this vote to erode, physically and metaphorically, the values and assets of this province.\nWe do not want to get rid of farm land that is required to feed our families.\nWe do not want to promote urban sprawl.  There is more than enough vacant land elsewhere, closer to population centers, that better lend themselves to residential development.  The argument of limited land availability is an insulting distraction.\nWe do not want to turn the GTA and Golden Horseshoe into a highway-dominated mega region of low density housing.  There is PLENTY of underutilized land in municipalities throughout the region with zoning that would be more amenable than paving over protected land for private gain.\nPlease do the right thing.\n"
    },
    "76475": {
        "url": "/comment/76475",
        "comment": "Weston Consulting is the Planning consultant for Elite M.D. Developments Inc. the registered owner of the property located at 563 Shaver Road in the City of Hamilton (herein referred to as the \u2018subject property\u2019). We have been monitoring the proposed mapping changes to the Greenbelt Plan (Ontario Regulation 59/05) that would have the effect of swapping lands in the Greenbelt. We are pleased to see that the subject lands are being considered for removal as one of 15 areas identified to accommodate residential development. The lands are identified on Map 9 of ERO No. 019-6217 Resignations or Removals Maps.\nBased on the planning analysis, our position is supportive to the direction the Province is taking with the removal of 563 Shaver Rd. from the Greenbelt boundary. The proposed removal meets all the criterial outlined for lands to be considered. It is our opinion that the lands can accommodate substantial housing in the short term to lessen the impact of Ontario\u2019s Housing Crisis.\n"
    },
    "76480": {
        "url": "/comment/76480",
        "comment": "Objectively, the following has been determined (for example, by Ontario's Auditor General this week):\n1)  Developers scooped up Greenbelt land just before Ford opened it up to development.  In any other jurisdiction, we would very strongly call this out as _extremely_ suspect.\n2)  The recent Housing Affordability Task Force Report has had its recommendations ignored by the Ford government.  This strongly suggests that paving over Greenbelt land has to do with goals other than housing per se.\n3)  Similarly, highway construction recommendations made by provincial government experts have been set aside, in favor of projects such as Hwy 413 and the Bradford Bypass.\nIf we are to be taken seriously by ourselves and by others, we need to stick to promises (e.g., protecting the lands that we said we would protect) while simultaneously greatly distancing ourselves from _even_ _just_ _the_ _appearance_ of behaviours (insider information, kickbacks, abandonment of expert advice) that we would rightly and strongly condemn in any other jurisdiction.  To do otherwise risks making Ontarians even more cynical of its governors.\n"
    }
}