{
    "65792": {
        "url": "/comment/65792",
        "comment": "The greenbelt holds vital ecosystems and feeds into Lake Simcoe Canada's largest recreational lake. Doug Ford proposing to eliminate conservation authorities and build a highway and allow for development along the green belt shows his lack of skills to lead this province. He stated back in 2018 he wouldn\u2019t touch the greenbelt and now in 2022 he is going back on that promise. Doug Ford lacks every leadership quality needed in a MP and is instead open to whoever is the highest bidder. Allowing this destruction of vital ecosystems will only push us back as a province more.\n"
    },
    "65793": {
        "url": "/comment/65793",
        "comment": "This is a terrible plan. The Greenbelt was built for a reason and the Ford govenerment is jumping to this proposal without regard for the plethora of other options.\nFor starters, the government can remove the red tape to create low-rise apartments in Toronto (and not condos). They can provide help to create these as well.\nRemoving the Greenbelt is a TERRIBLE idea with zero forethought for the future. Ontario has numerous great thinkers - listen to them and help come up with a more sustainable future for the GTA.\n"
    },
    "65798": {
        "url": "/comment/65798",
        "comment": "I'm absolutely disgusted by the sneakiness and underhanded tactics this government will resort to in order to do what they want for their rich friends. You assured us you wouldn't touch the greenbelt, you assured us you weren't trying to privatize health care and education and yet at every turn you actively make decisions that go against the best interests of the ontario people and do just what you promised you wouldn't.\nIt takes a special kind of ignorance and callousness to make the choices you have, choices that have had incomprehensible negative impacts on the lives of so many Ontario people. We have people who are applying for assisted death because they can no longer afford to live because you refuse to address the the ODSP funding issues. Your priority has and always will be looking out for yourself and your Rick friends, you are a selfish, lying, evil person, and one day all of your corruption will be in history books, you will become infamous for your deception\n"
    },
    "65801": {
        "url": "/comment/65801",
        "comment": "This is not the way to address the housing crisis and will only create more problems down the line with regards to climate change and its associated effects (warming and rising AC costs, more extreme weather that can cause casualties and property damage which costs home owners more, etc). Protecting our Greenbelt and natural spaces should be a number one priority to slow the effects of climate change and to leave future generations in a better standing. Trees and other natural spaces keep our air cleaner, our planet cooler, increases our biodiversity, provides places to hike, bike and play, and spending time in nature has been proven to reduce stress and induce happiness in people, something that is sorely needed as the cost of living continues to rise.\nThis move by the Ford government does not tell me he and his team care about the housing crisis, but rather that he does not care about the environment, believe in climate change (or science), and only wants to line the pockets of his friends and family (developers and others who stand to make a lot of money through this proposal).\n"
    },
    "65802": {
        "url": "/comment/65802",
        "comment": "I\u2019m shocked that this proposal even exists. Purposely damaging some of the most important farmland and green space in the province is unfathomable to me. I wish I could see a premier in this province who sticks to his word. I am so disheartened that Doug Ford is so easily Walking back on what he said. As a citizen of this province, I am so disheartened that our premier has no problem lying to all of us in this way, Ford said he would not touch the green belt and this is heart wrenching to watch. Not to mention the catastrophic climate changes that this will incur in the province. I sincerely hope conservation authorities are listened to, and valuable and irreplaceable green space remains, untouched and protected.\n"
    },
    "65806": {
        "url": "/comment/65806",
        "comment": "Mr. Ford,\nAt the beginning of your term as premier, you stated that you would NOT touch the green belt, and that you listened to the people. This entire proposal is a direct contradiction of your prior statement. I do not support this proposal in any way, shape, or form. DO NOT TOUCH THE GREEN BELT. We do NOT need a bunch of disgusting mansions for your rich cronies in OUR Greenbelt. I know it's hard for you to do, but the people of Ontario would quite like it if you actually kept your word for once.\n"
    },
    "65809": {
        "url": "/comment/65809",
        "comment": "The decision to attempt to \"build\" in the Greenbelt is not a wise one. The instant it's started, it will be a slippery slope and a sharp decline in our country. Once it is started, it will not stop or slow down, causing irreparable damage that will never be undone. Please stop destroying this great nation.\n"
    },
    "65813": {
        "url": "/comment/65813",
        "comment": "Instead of developing the green belt I  think it would be best to create denser Urban areas, there is empty commercial space we could repurpose.\nThe greenbelt is important, we need to do our best to mitigate climate change, removing crucial wetlands for housing will not benefit future generations.\n"
    }
}