{
    "76769": {
        "url": "/comment/76769",
        "comment": "Thank you for your continued service to our community. I am extremely concerned by the proposed changes that Bill 23 will bring to conservation and development in Ontario. I hope that you will consider my concerns, and the concerns of many others, seriously and stop this bill from going through. I understand there is a huge need for housing in Ontario. However, this should not be at the expense of ecosystems vital to our environmental, physical, emotional, cultural, and mental health. To have a bill that would allow developers to bypass approval processes that were designed to protect significant environments and ecosystems would defeat the purpose of having those processes in the first place.\nI believe that we as a province have more creativity and ingenuity to address the housing crisis and need for economic development, one that does not come at the terrible cost of our environment. We can look to (re)developing areas within cities (brownfield development), renovating and redesigning existing structures to be more accessible, more affordable, and have greater capacity. We have so many options for sustainable development and countless people being trained in universities, colleges, workplaces across the province on how to do exactly that. For example, Sustainable Planning and Development at Seneca College or Sustainability Studies at Trent University or the School of Environmental Studies at Queen's University  It would be amazing if the Ontario government could instead partner with these institutions and programs to implement solutions. Let's use this incredible people power to serve our communities and protect our environment.\n"
    },
    "76771": {
        "url": "/comment/76771",
        "comment": "Hello,\nI am indeed gratified that I have an opportunity of making a comment and especially on something that is very crucial to our environment, natural habitat, and the preservation process.\nIt\u2019s not about being anti development but it\u2019s more about a calculative approach towards housing while safeguarding the green belts and reserves.\nIt\u2019s quite understood that the population is growing due to migration and houses are the most prominent need of the hour, but why not use other parts of Ontario?\nWhy Greenbelts?\nMoreover,  the emotional connect of generations with these wetlands, creeks, and forests like milieu is another necessary reason to not penetrate the green belt.\nHow can you overlook the Farmers?\nA survey showed that Elfrida has one of the most fertile lands currently being used for farming. Why not use a land that isn\u2019t appropriate for farming ?\nHow can people not find this development murky and dodgy?\nPublic need answers and the Farmland seeks a fair share of rights on earth.\nThank you\n"
    },
    "76772": {
        "url": "/comment/76772",
        "comment": "I am extremely concerned about the proposal to remove and redesignate the Greenbelt for the purposes of building homes. The areas for consideration are outside the core cities. This only contributes to urban sprawl, and does little to nothing in creating AFFORDABLE housing, which is what this province desperately needs. Urban sprawl will also only exacerbate the climate crisis as more people will be living further from the city boundaries. Lastly, the proposed changes will likely yield to development of luxury homes rather than affordable, mid-high density housing which is key to addressing the unaffordablity that Ontarians face.\n"
    },
    "76773": {
        "url": "/comment/76773",
        "comment": "As much as we need to have housing to accomodate the incoming immigrants and the needs of Ontarians, green belt is the one thing that keeps Ontario beautiful. It's necessary for the wildlife, it's necessary for the residents and it's necessary for the environment as a whole. Please do not encroach on the green belt. Leave it as it is. Expand the infrastructure, create the required services and create ease of access. That is a very cost effective and win win approach to this issue. Unless the goal is to stuff pockets of ford nations donors, stay away from the green belt.\n"
    },
    "76778": {
        "url": "/comment/76778",
        "comment": "I grew up near and around the Greenbelt. Do NOT permit development of any kind on it. This is the exact opposite action for what we need to do as a species. Developing the green belt is another nail in our coffin (the environment, humanity, organic life).\nPlease, please, I am actually willing to beg for you not to do this. Please don't. Leave it. This is beyond unethical.\n"
    },
    "76779": {
        "url": "/comment/76779",
        "comment": "Please reconsider the Proposed Amendments to the Greenbelt Plan.\nI am very concerned with the proposal to remove portions of Ontario's Greenbelt, especially Map 6 of the Proposed Modifications. As crucial as housing availability and affordability is, I do not believe that removing these portions of the Greenbelt will address the housing issue without creating irreversible ecological damage to our Province.\nMy wife and I are both working Ontarians who cannot afford to buy a house together. Housing affordability has impacted our lives and changed our plans for the future and the possibility for us to raise a family in the near future. That is to say, I do not take the housing issue lightly, and while I appreciate the goal of creating more housing for the province, I believe this proposal to be the wrong approach.\nThere are other methods of supporting housing growth in Ontario that do not diminish our natural lands. Greenspace is a crucial resource for people already living in the areas around the Greenbelt and the Province as a whole. Ontario's natural ecosystems not only support the Province's industries but also define an important part of its heritage and character. To chip away at the Greenbelt is to chip away at part of what makes Ontario the unique and amazing Province it is.\nI would urge the government to consider alternative methods of housing growth and affordability within the Province. Whether that's supporting landlords with more staff at the LTB to adjudicate evictions and other disputes, taxing unused properties, supporting public transportation infrastructure so as to free up parking lot space for redevelopment, encouraging mixed-density buildings in suburban areas, or any number of other possibilities, there are methods of tackling Ontario's housing issues without the Province facing the loss of significant portions of its Greenbelt.\nOnce the protected land is lost to development, it is lost forever. It can never be restored to how it was before. The loss of these proposed portions of the Greenbelt is a loss that will be felt in perpetuity. The decision to protect these lands for the sake of Ontario and Canada's ecological security and cultural heritage was the right decision. The decision to remove portions of these lands in an effort to tackle a real and complex issue, such as Ontario's housing problem, is the wrong one.\nHowever well-meaning this proposal is, the cost it entails is too high to bear, as it is a loss all current and future Ontarians will carry with them.\nI ask that the government reconsider its position on the Proposed Amendments to the Greenbelt Plam.\n"
    },
    "76780": {
        "url": "/comment/76780",
        "comment": "I think u are completely missing the boat on these amendments , watching u gobble up land northeast of Oshawa and east of Bowmanville, farmland badly needed I guess money from the developers means more to the govt than prime farmland. disgusted with the way u approach GREEN BELT,our farm was greenbelt until 407 came thru. No problems with producing food in Canada is there* u have a special micro climate down by the lake that doesnt matter does it. Wake up beore it is too late. Dave\n"
    },
    "76781": {
        "url": "/comment/76781",
        "comment": "Wow, this really blew up in your face! It's obvious you sold the greenbelt to your developer friends, for how much we're not sure (but we'll find out soon). Leave the greenbelt alone, leave our water, our land, our food alone and forget your highway. This plan is not the American 'new deal' following WW1.  #FordMUSTResign\n"
    },
    "76782": {
        "url": "/comment/76782",
        "comment": "These proposed changes to the Greenbelt are a step backwards. Rather than destroying valuable land and environments, the government needs to get more innovative with their housing policies and initiatives. Focus on creating more affordable, manageable housing projects e.g. tiny home/smaller home communities that the average person can afford rather than allowing more developers to build oversized massive housing that is beyond the average person's reach; make use of buildings that currently stand empty; follow the lead of Kitchener to change bylaws that allow for a second housing unit on existing properties.\nLeave a more sensitive and smaller footprint on our valued land.\n"
    },
    "76783": {
        "url": "/comment/76783",
        "comment": "Please please please don\u2019t build on the green belt and protected farmland and wetlands! I am so horrified that this is going to happen. Environmentally these areas are so important to our sustainability of our future. You are now well aware we are facing down a climate crisis. We will experience more severe weather events; severe storms, flooding and drought. These protected lands help prevent flooding, they clean our drinking water. We need farmland for food production. Other countries are suffering famine as climate change impacts their countries. In the near future the value of farmland will skyrocket due to the decrease of arable land globally. Building on them will also increase urban sprawl, increasing our use of petroleum products as commuters increase in numbers increasing our carbon output. I know the Conservative party is not acting to diminish green house gases but increase them with increased gas and oil production. At some point I pray you recognize that decision is permanently changing the weather of our planet. The green belt and these other protected lands are very important to the health our planet. Once gone we must live with the consequences of flooding and poor water quality and food scarcity.\nI also can\u2019t bear to see Ontario looking like one giant development. I want the natural world to surround us. I want the rights of the animals and endangered species to be protected. I don\u2019t want to see our provinces green spaces plowed up to please hugely wealthy land owners who are developers. I understand Degasperis and other huge developers have donated to your party and aided in the Conservative party election but you were elected to serve the people of Ontario. Developing these lands does NOT serve the people of Ontario at all.  There already is land reserves for development. Please be ethical and not serve the wealthy interests of Degasperis and his ilk. The long term damage is insanely detrimental to our province and our planet.\nJanet Snetsinger\n"
    },
    "76784": {
        "url": "/comment/76784",
        "comment": "Please don\u2019t change the greenbelt. Part of the richness and beauty of Ontario is the diversity of terrain and infrastructure. We can enjoy the hustle and bustle of the city but also take a short drive with our children to show them farms, splash around in the rivers and watch the leaves change colour in the fall. There are always things that need to change but the emphasis this province puts on the environment and green space is something that should be protected.\n"
    },
    "76785": {
        "url": "/comment/76785",
        "comment": "The Greenbelt protection should have remained permanent like it was intended.\nDoug Ford has been recorded letting the public witness just what a liar he truly is.\nOne tape heard on the radio he was even bragging that the Conservative Party unlike others they listen to the public and therefore he and his party heard loud and clear from the public that there was no need to worry the Greenbelt was not going to be touched. What kind of leader outwardly lies to the public like that. Doug Ford should be fired from his position along with his underlings like Sam Oosterhoff in Niagara who follows him unconditionally is not what he is suppose to be representing for his taxpayers and Donna Skelly in Hamilton same as Sam and any other like minded Conservative.\nHousing crisis we need small affordable houses built on land within city limits, Within Canadian town and cities there are many older buildings that sit vacant and can be sensibly renovated into new affordable homes. Bonus it cleans up the areas as well.\nDevelopers are greed orientated and they want Greenbelt land because they can simply hit that virgin soil and start building and in the meantime they are too lazy and greedy to demolish old buildings and rebuild into small livable homes.\nHow we know all these so called immigrants coming in within 10 years will choose to live in Ford,s Greenbelt does the man have a crystal ball I think not it is rather brainwashing a public.\nFarmers I have talked to say the craving out of the Greenbelt will stop farming because they need\na certain amount of land to make crops and their lively hood sustainable. Doug Ford and crew need to sit down with farmers and for once learn from these precious people who put food on our tables.\nDestroying the Greenbelt is unbelievable and stupid. Climate change is here and do politicians not realize the workings of the Greenbelt is God sent to save us stupid people but Oh No the almighty dollar for a chosen few overrides that.\nHave we not been through enough with COVID that Ford can show such utter disrespect to Canadians and how he is pushing through his bills is undemocratic. When is it the Canadian way that we are not allowed to public speak out and even disagree.Daily stories are coming out to show that Ford and his developers have been planning this take over of the Greenbelt for sometime and will be filling their pockets over and over. It is not right. They are destroying Canada and literally killing people in the end besides leaving future generation nothing. Ford needs to be turfed now because in three years he can do untold damage. Please the politicians have let us down on this please set it straight.\nThank you for this important opportunity to speak out and I am putting my faith in your hands.\n"
    },
    "76787": {
        "url": "/comment/76787",
        "comment": "This is a short-sighted, misguided, and terrible plan that Ontarians will have to live with the consequences for decades to come. Many experts and advocacy groups have spoken out against the proposed changes, supported by data and in depth analysis showing that this is an ineffective and unnecessary step to solve the housing crisis in Ontario. Additionally, the revelation that developers and party donors bought up Greenbelt land, including in the period shortly before the public announcement of the proposed changes, raises some serious ethical and potential legal concerns. These must be addressed prior to any further action on the Greenbelt. Please listen to the experts and but the interests and future of all Ontarians first and uphold the promise that was made to protect the Greenbelt. Thank you.\n"
    }
}