{
    "67910": {
        "url": "/comment/67910",
        "comment": "Please do not sacrifice our future and our children's future enviromental stability for housing. We can find other solutions that do not involve paving over protected land.\nEvery year, Toronto floods because we paved over land that would have served as drainage. Wetlands, watersheds. It causes damage and destroys businesses, disrupts livelihoods and significantly impacts the community.\nWe are an educated country who know better, and can be better than this. As badly as homes are needed, proceeding in a reckless manner only causes more harm than good. Please show the people of Ontario that our government can be forward thinking and smart. That we value the lives of our people and our country over greed. Do not build over the greenbelt in any capacity.\n"
    },
    "67914": {
        "url": "/comment/67914",
        "comment": "Our Greenbelt was protected for a reason.  Once developed there is no going back and numerous species are at risk.\nLet the cities who voted against urban boundary expansion carry on with their plans and leave our Greenbelt alone.\nDevelopers are too greedy and should they get there hands in this land they will build quickly with no thought to infrastructure or the environment.\nShame to the government for even considering this.\n"
    },
    "67916": {
        "url": "/comment/67916",
        "comment": "You don\u2019t have to touch the Greenbelt to provide more housing. What you need is better housing policies. You can always change housing policies within existing developments. They all don\u2019t have to be condos either or detached homes. The more you sprawl, the more you contribute to highway traffic, then you have to make new infrastructure again to move people from new developments to where they work (which is most likely Toronto). Allow homeowners within Toronto to expand their property to make more units within that property. There are public land within Toronto that can be turned to affordable housing. You don\u2019t have to build more, you just have to build smarter. You just have to be more creative about it. Destroying the Greenbelt for this is, quite frankly, short-sighted and lazy thinking.\n"
    },
    "67917": {
        "url": "/comment/67917",
        "comment": "No.  I do not agree or support altering the Greenbelt in this manner.\nAltering long term environmental protections in Ontario, in support of this short-sighted proposal for development is reckless to the well being of our province and harmful to the people and natural heritage of our home.  It goes against years of planning and best practice.\n"
    },
    "67919": {
        "url": "/comment/67919",
        "comment": "First let me say I never voted for Ford. Not the first time. Certainly not the second. I expressly remember him putting green belt development on the table. Voters vehemently opposed the idea and he swore it was off the table. Now here we are\u2026 LIAR.\nAs a tax payer and citizen I remind this government they work FOR the people NOT the corporations.  I also remind him he was re-elected twice by a minority not a majority. Low voting turn out was on his side. Nothing else. Fords buddies need to get their hands out of his pockets and ford needs to quit taking bribes.\nNO TO GREEN BELT DEVELOPMENT.\nUtilize city lands all ready available. Repurpose lands all ready built up for affordable housing. Stop greedy land lords from owning multiple units and open up more housing for all!  My city alone has two huge old building rotting to the ground both sitting in 9 and 20 acres respectively. Tear those ancient eye sores down and build housing. Want to preserve history?  Take pictures. We no longer have the luxury of saving every old building when nature is dying!!!\nGET OUT OF THE GREEN BELT. THE ENTIRE GREEN BELT. NO HIGHWAYS NO HOUSING.  JUST NATURE\nonly when the land is barren and the air is poison and the water polluted will wealth greedy people like ford and his cronies realize they can\u2019t eat their money\n"
    },
    "67920": {
        "url": "/comment/67920",
        "comment": "It is ridiculous that Ford would tell voters no more boundary expansion and then here we are - the people do not want this. We need our land for so many reasons - animal habitat, conservation areas, climate change, beautiful hiking..the list goes on. What we don\u2019t need is more development - I know we need affordable housing so turn some of our ever empty parking lots into housing downtown where services are accessible! Use empty housing! There are so many options that can create both affordable housing and project our precarious environment. Do you job and represent people as they want, do not expand development!\n"
    },
    "67925": {
        "url": "/comment/67925",
        "comment": "I never thought I\u2019d see the day that our green belt protections were removed.  What are we, Texas?!\nPlease do not permanently damage our world, as we know it, for some short term $ gain for your developer friends, DOUG.\nIf you look at all the unused office space in downtown large cities, I\u2019m sure you could find a way to house people more efficiently that building few hundred thousand mega mansions out near your new highway.\n"
    },
    "67930": {
        "url": "/comment/67930",
        "comment": "You can't bulldoze valuable environmental areas of a certain type, that function to clean our water and air, and sub in other \"natural\" zones that are already also existing. The City of Hamilton already voted to not expand our urban boundaries and the province is overriding that decision. The notion that you'll \"consult the public\" is lip service because you're prioritizing the development of homes that will likely be unaffordable to most people seeking housing, putting developers wants over the needs of Ontarians requiring housing.\n"
    },
    "67933": {
        "url": "/comment/67933",
        "comment": "No the green space allocations should not be changed.  We need these wetlands for endangered wildlife, for our health and that of our environment.\nWe need higher density, affordable housing.  Housing for seniors and those with housing insecurity.   Developers want these green spaces to primarily build high end single dwelling  housing.\nUtilize and reallocate empty commercial spaces in Toronto and other areas to help address the real needs.  Look at schools, churches that maybe  ready to be zoned differently or combined zoning.\n"
    },
    "67935": {
        "url": "/comment/67935",
        "comment": "\u201cWe must protect the forests for our children, grandchildren and children yet to be born. We must protect the forests for those who can\u2019t speak for themselves such as the birds, animals, fish and trees.\u201d \u2013 Qwatsinas (Hereditary Chief Edward Moody), Nuxalk Nation\nWithout the land the animals the clean air we will have NOTHING. Once land is tampered with it can be SO hard if not impossible to restore!\nThe animals can not speak and they have been here LONG before us. They WIN. This should NOT even be up for debate. Doug Ford promised he wouldn\u2019t touch the Green Belt it should be highly illegal to go against your word while you have so much power.\nHow do you people sleep at night knowing you are debating something UNDEBATABLE!\nLEAVE THE LAND ALONE ITS PROTECTED FOR A DANG GOOD REASON\n"
    },
    "67936": {
        "url": "/comment/67936",
        "comment": "Canada is known worldwide for its natural beauty and so many species depend on the Greenbelt. These proposed changes will probably not be the last and slowly the Greenbelt will erode away causing devastation to native flora, fauna, and native communities.\nI've seen politicians put personal gains ahead of the environment and it upsets me.  Southern Ontario is already very congested and to add more people to this area is not a good idea. Perhaps increasing density in the city could be part of the solution not tearing down the Greenbelt to line the pockets of politicians who could care less about the environment.\nWe are facing a climate crisis and removing green space is the last thing we should be doing.  More focus should be placed on re-greening our urban areas. Take an example from Singapore!  Their urban spaces have approximately 50% green coverage.\nTo conclude, I feel like it is completely irresponsible and damaging to be cutting into the Greenbelt.  There must be other solutions and perhaps negotiating with existing land owners and increasing the density would be a good start!\n"
    },
    "67940": {
        "url": "/comment/67940",
        "comment": "Environmental protections are essential and not inconvenience. Healthy communities need a healthy environment.\nI agree with the below comments from he St. Catharines city council about the negative impacts of Bill 23:\n1. Bill 23, as presented, fails to address the stated goals of increasing housing supply, housing affordability, and improved process and instead will result in the loss of environmental protections, heritage conservation, urban design, and accountability to the public, in addition to severe financial implications for the City and Region, as follows:\na) Removing conservation of land and protection of significant environmental features, allowing development within protected areas worthy of protection.\nb) Limiting tools for conservation of heritage resources.\nc) Removal of primary quality control mechanism to promote good design.\nd) Loss of cohesive Regional systems oversight with the removal of the Region of Niagara from review and approval of planning applications and Official Plan creation.\ne) Elimination of appeal rights for the public on Planning Act applications and reduction in overall public consultation and involvement.\nf) Transfer of financial responsibility from private developers to the individual property taxpayer.\nBill 23 needs to be deferred and meaningful consultation needs to take place.\n"
    },
    "67942": {
        "url": "/comment/67942",
        "comment": "Stop trying to open up the Greenbelt to appease your developer friends. There is plenty of land available for growth outside of the Greenbelt and municipalities just completed their growth planning exercises. This has nothing to do with land supply and all about making developers money and the only people who will suffer are the People of Ontario, including farmers.\nOpening up the Agricultural Preserve in Pickering is a terrible idea. This is a huge area of land and the purpose of it is to preserve the agricultural uses of those lands next to the Rouge Urban National Park and Seaton. Development of these lands will eliminate prime agricultural lands, ruin the ecological connections between the National Park and Seaton and degrade the headwaters of the watershed. How are you going to \"offset\" these impacts to environment and agriculture? You can't.\nRepeal the proposal to open up the Greenbelt AND to revoke the Central Pickering Development Plan now!\n"
    }
}