{
    "64933": {
        "url": "/comment/64933",
        "comment": "Does this proposal imply that the expected population increase will all wish to live in suburbs?\nThe suburbs are the least efficient form of land use for housing and the most expensive in terms of maintenance of roads and utilities.\nImprove density instead, there are plenty places that would benefit from redevelopment to medium density housing with commercial use on the ground floor.\nAnd just make it illegal to sit on condos and not use them. And I don't mean rent them out, homes should belong to the people living there.\n"
    },
    "64937": {
        "url": "/comment/64937",
        "comment": "Stop destroying the environment - it's called a Greenbelt for a reason. Since the government seems to have such a short-term memory, let me remind you of the announcement from February 2021 made by the Housing Minister Steve Clark \"I want to be clear: we will not in any way entertain any proposals that will move lands in the Greenbelt, or open the Greenbelt lands to any kind of development\".\nStop lying to Ontarians and do ONE thing right for Ontario for once.\n"
    },
    "64938": {
        "url": "/comment/64938",
        "comment": "As per the Report of the Ontario Housing Affordability Task Force, page 10:\n\"But a shortage of land isn\u2019t the cause of the problem.\nLand is available, both inside the existing built-up areas\nand on undeveloped land outside greenbelts.\nWe need to make better use of land. Zoning defines what\nwe can build and where we can build. If we want to make\nbetter use of land to create more housing, then we need\nto modernize our zoning rules. We heard from planners,\nmunicipal councillors, and developers that \u201cas of right\u201d\nzoning \u2013 the ability to by-pass long, drawn out consultations\nand zoning by-law amendments \u2013 is the most effective tool\nin the provincial toolkit. We agree.\nStop using exclusionary zoning\nthat restricts more housing\nToo much land inside cities is tied up by outdated rules.\nFor example, it\u2019s estimated that 70% of land zoned for\nhousing in Toronto is restricted to single-detached or\nsemi-detached homes.[11] This type of zoning prevents\nhomeowners from adding additional suites to create\nhousing for Ontarians and income for themselves. As one\nperson said, \u201cmy neighbour can tear down what was there\nto build a monster home, but I\u2019m not allowed to add a\nbasement suite to my home.\"\nOne result is that more growth is pushing past urban\nboundaries and turning farmland into housing. Undeveloped\nland inside and outside existing municipal boundaries must\nbe part of the solution, particularly in northern and rural\ncommunities, but isn\u2019t nearly enough on its own. Most of the\nsolution must come from densification. Greenbelts and other\nenvironmentally sensitive areas must be protected, and\nfarms provide food and food security. Relying too heavily\non undeveloped land would whittle away too much of the\nalready small share of land devoted to agriculture. \"\nYou don't need to destroy our greenbelt in order to enrich your developer buddies with land to build single-detached homes on. As a resident of Barrie with beautiful wildlife and farmland around me I am completely against this proposal. If this proposal goes through I will protest in the streets.\n"
    },
    "64940": {
        "url": "/comment/64940",
        "comment": "Not only is the paving over the greenbelt short-sighted in terms of protecting the environment, and thus, our domestic food supply; but building there also contributes towards urban sprawl.  Sprawl is not cheap.  It may be a cheap way to put houses up in the middle of nowhere, but there are no jobs on the greenbelt either.\nWe need to build up, not out.\nData from the 2021 Census of Agriculture suggests Ontario is losing 319 acres of farmland daily, equal to the loss of one average family farm per day:\nhttps://toronto.ctvnews.ca/ontario-losing-farmland-at-fast-rate-amid-ur\u2026\nGovernments spend almost $29 billion annually on roads, but recover only $17\nbillion in road-related taxes:\nhttps://institute.smartprosperity.ca/sites/default/files/publications/f\u2026\nSuburban expansion costs increase to $465 per person per year in Ottawa:\nhttps://www.cbc.ca/news/canada/ottawa/urban-expansion-costs-menard-memo\u2026\n"
    },
    "64941": {
        "url": "/comment/64941",
        "comment": "It is so frustrating to hear that once again developers are winning and finding a government willing to back track on its promises to not open up the greenbelt.\nHow could you think that this is okay? Your land swap has been shown to be a con - it's not just about having protected land somewhere in Ontario, it's about a tract of interconnected environment that functions together, and will forever ensure that as a province we maintain some manner of environmental health.\nBuilding in these lands will not relieve housing crisis, that requires infill in cities, with transit and local jobs. It requests governments to get back into building purpose built rentals, and it will take a willingness to stop the investmentification of family homes.\n"
    },
    "64944": {
        "url": "/comment/64944",
        "comment": "I have seen Ontario increase the density in cities and it works.  In Whitby ON, a dozen old, rundown homes were demolished for a high rise that can house over 100 families.  That is the path forward.\nWhy on earth would we open up the greenbelt which is far away from urban centres? Demand is high in cities and cities have old run-down neighbourhoods with large lot sizes.  Demolish those, replacing them with higher density residences.\n"
    },
    "64947": {
        "url": "/comment/64947",
        "comment": "I do not support the proposed changes to the greenbelt. We must do what we can to preserve our environmental assets. The fact that this was pushed while the province was in distress is frankly, a disgusting use of power by the Conservative government, not to mention they are going back on an election promise.\nThe greenbelt is protected land for a reason, we must not forget or dismiss those reasons.\n"
    },
    "64950": {
        "url": "/comment/64950",
        "comment": "This land must NOT be developed. This is irreplaceable wetlands and there is significant long term damage that cannot be replaced by adding land elsewhere. There is so much land in other parts of this province and around the GTA to develop, focus elsewhere. This proposal is short sighted, and irreversible and must not proceed.\n"
    },
    "64954": {
        "url": "/comment/64954",
        "comment": "We\u2019re in a climate crisis where we should be re-naturalizing areas for the survival of the human race not eliminating the few areas still naturalized. This is eco-terrorism.\n"
    },
    "64958": {
        "url": "/comment/64958",
        "comment": "As a lifelong Hamiltonian I wholeheartedly disagree with this proposed amendment to the greenbelt plan.\nMy understanding from the Ford government was that this terrible idea to allocate land from the greenbelt would not be done after the backlash received for this awful idea during the campaign.\nIt seems like the Ford government either does not listen to the people that live and work in this province, or simply does not care, and I am not sure which is worse.\nThis is a betrayal of the public trust and our own municipal government will not and should not support this.\n"
    }
}