{
    "78091": {
        "url": "/comment/78091",
        "comment": "The greenbelt is an essential part of our ecosystem. We are already decimated nature and we are putting ahead economic interests instead of everyone's well-being. Opening up the green belt will not fix existing problems, it will only create others to the benefit of a few. It is an unacceptable trade-off.\n"
    },
    "78093": {
        "url": "/comment/78093",
        "comment": "Paving over the Greenbelt will have flood insurance effects for more than the rubes who buy houses on land that's normally marsh. One of the many important things the Greenbelt does is it retains water, slowing it down from reaching places downstream.  This smooths out the surge in flow rate from things like heavy rainstorms.\nPaving over the Greenbelt will increase the peak amount of water flowing into the waterways. Rain doesn't penetrate asphalt very well, and so instead of going into the dirt to recharge the aquifers, it just runs off into the nearest waterway. As a result, this will have flooding impacts on people downstream. Now we can hope that the stormwater management systems between Doug's new subdivisions and downstream communities might have some spare capacity to absorb the surge - but one of the problems with heavy rainstorms is that they hit an entire area all at once.\nIOW, the increased flood risk isn't just for these new subdivisions Dougie wants built - but also for people who live between them and the lake.\n"
    },
    "78094": {
        "url": "/comment/78094",
        "comment": "The Greenbelt as it currently exists, is an environmentally sensitive biodiverse area and needs to be protected, if not expanded.  The areas that are under consideration for development are precious to the environment.  The owners should be protecting the environment/land that they now own, not exploiting it for development.\nAnd trying to take vital land that is already part of an ecosystem, cannot be swapped out for land that is already \"protected\" from mass development under other bills.  Farm land and the greenbelt that already exists, are not interchangeable.\nSo, honour the promises made during the election campaign - do not interfere with the existing Greenbelt.\n"
    },
    "78095": {
        "url": "/comment/78095",
        "comment": "This proposal does not benefit the people of Ontario whatsoever. There are no discernible benefits for affordable housing supply. We are replacing precious, limited farmland and wilderness that comprises the foundation of our society and economy, with short-term, fast-built housing in areas that will be prone to flooding in decades ahead under climate change. The government's apparent relationships with developers who purchased lands in the Greenbelt before this proposed change was announced warrants investigation. This reeks of corrupt insider trading and the people of Ontario will not stand for it! I urge the government to reject this proposed change to the greenbelt plan and pursue alternative options for building more affordable housing supply within our existing urban areas \u2013 not over precious farmland and natural heritage. And by the way, you cannot just \"add\" to the greenbelt to make up for what's been removed. That's not how this works. Listen to your experts please.\n"
    },
    "78101": {
        "url": "/comment/78101",
        "comment": "Dear Premier Ford,\nFour years ago, your plans to carve up the Greenbelt had to be scrapped in the face of overwhelming public opposition.\nAt that time, you said: \u201cThe people have spoken. We won\u2019t touch the Greenbelt. That\u2019s it.\u201d\nAre your promises worth nothing, Mr. Premier? How else to explain the announcement  that your government now plans to open up large parcels of protected Greenbelt land for development.\nThe people haven\u2019t changed. We still love the Greenbelt, we still want it protected. And we will still speak out against any plan to build on this land. You must keep your promise and cancel this ill-advised proposal.\nWe don\u2019t have to choose between protecting the environment we love and building the housing we desperately need. Urban sprawl is an environmental and economic disaster. We need to build homes where people want to live \u2013 near transit and shops, where they can work and play without the soul-crushing commutes that steal their time with loved ones.\nOn behalf of this and future generations, I urge you to withdraw the proposal to build on the Greenbelt. It\u2019s the right thing to do.\n"
    },
    "78103": {
        "url": "/comment/78103",
        "comment": "The Greenbelt is an extremely important diverse ecosystem. Allowing this proposal to move forward would begin the breakdown of the sanctity of the Greenbelt. It would allow others to slowly creep in on the land and open the door to exceptions until there is no more Greenbelt. This development is not in the best interest of the people and the future of Ontario.\n"
    },
    "78104": {
        "url": "/comment/78104",
        "comment": "Proposed Plans to expand into Greenbelt and farmlands is not the best solution to achieve housing needs.  Plus, it is not the best cost-effective solution, by expanding costly infrastructure.  The solution is to build housing on existing under-utilized urban lands and increasing density to 6 stories.  Eg: Paris, Rome, Barcelona.\n"
    },
    "78105": {
        "url": "/comment/78105",
        "comment": "1. Ford promised he would not touch the greenbelt. He is now trying to touch it.\n2.  The \u201cmore homes built faster\u201d Act doesn\u2019t build the right kind of homes to address the housing crisis in Ontario.  Big cities like Toronto and smaller cities like Peterborough have growing homeless populations.  Those who would benefit from the homes this act appears geared to are people who can afford to buy a house, not the more vulnerable and growing population of homeless people across the province.\n3.  Developers will benefit to the detriment of municipalities as development fees will be lost as a revenue stream.  Who will pay for municipal infrastructure repair and renewal?  The people of Ontario\u2026making buying a home even more unaffordable.\n4.  Last comment\u2026Before this act is passed, there needs to be a third party investigation into the companies who bought greenbelt land before this legislation was introduced\u2026much reporting suggests that these developers knew about the changes currently before the legislature.\n"
    },
    "78110": {
        "url": "/comment/78110",
        "comment": "The proposed amendments to the Greenbelt plan are a disastrous triumph of greed over the shared common need for a healthy environment where biodiversity in plants and animals are prioritized as necessary alongside clean air and water for our health and continued existence.\nThe Greenbelt must not only be protected and preserved in its current form, any rational and good government would do this and also expand the area of protection within the province to protect our collective well-being and well-being and survival of future generations of humans, plants and animals.\n"
    },
    "78114": {
        "url": "/comment/78114",
        "comment": "The land proposed to be removed from the Greenbelt as a consequence of Bill 23 is among the most expensive land in Southern Ontario in terms of cost per acre.\nWhile it may be suggested that the Ontario government will successfully enable 1.5 million homes to be built in 10 years as a result of Bill 23, it's abundantly clear that the notion of \"affordable\" is of no meaning and that environmental constraints will be eased or more simply removed in order to achieve a highly questionable goal.\nAbout the only clear intent of Bill 23 is the unfettered enrichment of the development industry with extremely limited control or environmental oversight.\nThis was NEVER the intent of the Greenbelt legislation.\n"
    },
    "78115": {
        "url": "/comment/78115",
        "comment": "I'm very concerned that this amendment hasn't been thought through for the bigger long term impacts this will have on food security, water quality, heat island effect and biodiversity in this province. It also seems obvious that the only reason this amendment exists is because developers who've invested money and find \"environmental protections\" pesky are using the current public sentiment on the housing crisis to steamroll regulations so they can make their profit at the expense of millions of Ontarians.\nThe secondary effects are also troubling. If one aspect of this plan is that developers won't be required to submit site plans for buildings under 10 units all over Ontario, then this is more about eliminating red tape for developers at the expense of the long-term health. It's also promoting the wrong types of development, putting a huge strain on municipalities who are on the hook for the added infrastructure costs without the power to tax more.\nIn conclusion, this plan is a short-sighted, wrong-headed, seemingly 100% corrupt and unnecessary amendment that won't fix any problems it intends to solve.\n"
    },
    "78118": {
        "url": "/comment/78118",
        "comment": "I am commenting in opposition to the proposal to remove lands from the Greenbelt for several reasons.\n1. The lands selected for the Greenbelt were selected by experts due to their ecological or agricultural importance. Simply adding lands elsewhere is not a substitute and will not replicate the value of these lands.\n2. City planning experts have told us that there is sufficient land within existing urban boundaries in many municipalities (e.g. Halton, Kitchener-Waterloo). Developers are not building on lands they own and which are cleared for approvals. Why do we need this additional land when land that has already been set aside has not been developed yet?\n3. We need AFFORDABLE new housing, not sprawl. People who can afford to buy a detached home that necessitates two cars to get anywhere can ALREADY buy a detached home. The people who are looking for homes (renters, single people, young families) are priced out now. They need affordable housing, which means housing in areas already served by public transportation, townhomes, semis, etc.\nI speak from personal experience. I am in my 40s and just bought my first house. I can barely afford it and we are a household with two professional incomes and two kids. We bought a $750,000 house that requires us to have two cars and commute 45 min each to work. This is not ideal, but we could never have afforded the million dollar homes that are closer to Toronto. Any new builds would cost more than this, and if we can barely make ends meet with our salaries, I am telling you those most in need of housing will not benefit from your plan to add housing to Greenbelt lands. Millennials who are middle or low income may never buy a house. Who exactly is supposed to see the benefit of these homes (aside from the developers)?  I think this is really a case of politicians being completely out of touch with what average people need and want.\n4. Doug Ford promised to leave the Greenbelt untouched. The people of Ontario will not soon forget this broken promise.\n"
    }
}