{
    "70115": {
        "url": "/comment/70115",
        "comment": "Please leave the existing Moraine alone.\nWe need to respect our Greenspace.\nAlready, speculators are buying up Green Space land with one objective only.  PROFIT!!!!\nWhy would they spend millions on land that is considered not developmental unless they have a inside track on what's going on.\nPremier Ford and his Government should hide their heads in shame.\n"
    },
    "70124": {
        "url": "/comment/70124",
        "comment": "I am firmly against opening the Greenbelt to development. This space is critical for Ontario to have a hope at reaching climate goals and is invaluable in maintaining the safe operation of this province's ecosystems. Further developing these spaces reduces the ability of local agriculture to meet the needs of our growing population and puts homes at risk that are built on sensitive and risky areas.\nSave the Greenbelt, there are other places to build.\n"
    },
    "70126": {
        "url": "/comment/70126",
        "comment": "I am writing to express my objection to the proposed amendments.\nInstead of opening up more environmentally significant areas to further inefficient low-density development - that is what this proposal aims for - we need to first focus on increasing density in already developed areas with existing infrastructure.\nThese amendments would instead commit Ontario to decades more unaffordable, car-dependent, and ecologically damaging low-density sprawl.\nI urge you to reject the proposed changes and instead focus your work on enabling more mid and high density, family-friendly and transit friendly development in the existing zoned areas.\nThat will ultimately be more beneficial in tackling the housing supply shortage by effectively utilizing existing resources and providing more affordable and transit-friendly options to families that may not be able to afford (or rent) a single-detached house.\nSincerely,\n"
    },
    "70130": {
        "url": "/comment/70130",
        "comment": "I am writing to express my opposition to Bill 23 and associated policy proposals that would weaken environmental protections and undermine public involvement in land use planning and decision-making.\nI am particularly concerned about the:\n1. Removal of my right to appeal on planning matters that affect my community;\n2. Limitations on the power of conservation authorities (CAs) to regulate or prohibit development that negatively impacts wetlands, rivers or streams, to provide expert review of planning applications, and to appeal planning decisions;\n3. Removal of the role of seven regional municipalities (Simcoe, Durham, Halton, Peel, Niagara, Waterloo and York) in planning matters, thereby eliminating coordinated efforts to protect farmland and natural areas, determine optimal locations for development and infrastructure, and efficiently deliver municipal services;\n4. Drastic amendments to the Ontario Wetland Evaluation System, ensuring that very few wetlands in Ontario will be deemed provincially significant and protected from development;\n5. Replacement of the Provincial Policy Statement with a new policy instrument geared to facilitating unchecked development; and\n6. Creation of a natural heritage offsetting policy and \u201cpay to slay\u201d fund that could lead to widespread and extremely risky tradeoffs, where existing natural areas are sacrificed on the faulty premise that they can be recreated or restored elsewhere.\nIn the face of unprecedented and accelerating biodiversity loss and the ever-worsening climate crisis, it is vital that your government do its utmost to protect the farmland, wetlands, forests, rivers and other natural areas that sustain us. As Ontario\u2019s Housing Affordability Task Force explained in its 2022 report, we do not need to sacrifice environmental protection to address the housing crisis. That\u2019s because \u201ca shortage of land isn\u2019t the cause of the problem.\u201d (p.10) There is a vast supply of land already open for development within existing municipal settlement boundaries.\nI urge you to 1) withdraw all amendments likely to weaken the protection of farmland and natural heritage; and 2) retain and uphold the role of the public, CAs and regional municipalities in environmental planning and decision-making.\n"
    },
    "70132": {
        "url": "/comment/70132",
        "comment": "I would like to register my comment against Bill 23. The Greenbelt is important for the well-being of Ontarians, providing food, clean air, clean water, and recreation in green spaces which helps us to understand the importance of natural areas. Houses built in this area would not have the necessary amenities that most people want such as shops and transit and therefore would not contribute to much needed affordable housing.\n"
    },
    "70136": {
        "url": "/comment/70136",
        "comment": "urge the Premier to:\nwithdraw the plan to remove lands from the Greenbelt;\nget on with a meaningful Greenbelt expansion that reflects public input - repeatedly promised but never delivered by the Ford government;\nfollow the advice of the government\u2019s own Ontario Affordable Housing Task Force and focus efforts on developing affordable housing on lands that have already been designated for development and have the necessary infrastructure in place. As the Housing Task Force noted, there is plenty of land within urban areas ready for development.\n"
    },
    "70140": {
        "url": "/comment/70140",
        "comment": "Urban sprawl and habitat destruction continues to be a major issue. There are so many properties within cities that are abandoned and instead of cleaning these up and repurposing them for residential or commercial use, it's easier just to make it easier and cheaper for developers to destroy our natural spaces. As many people discovered during Covid, our natural spaces actually have great value as places of recreation and places to benefit our mental health as a refugee from our busy and stressful lives. Serious declines in species populations, and even extirpations of species from our province are terrible indicators of the health of our environment. These properties have so much more value than just as land to develop.\n"
    },
    "70145": {
        "url": "/comment/70145",
        "comment": "I live in an area surrounded by beautiful Conservation.  I consider myself lucky to have such beauty around me.  I am aware of the provincial conservative government's bid to destroy some of these sensitive areas and take away some of the rights of stewardship from those who truly understand and protect theses areas which include habitats for protected species.   Switching out one sensitive area for another is not a good answer to the housing crisis.  We need to protect our green areas and stop pandering to developers.  We don't need more box stores and monster homes.  Let's build up a bit more, focus on encouraging seniors to move out of their family-sized homes (this is poorly studied but anecdotally can be seen in all suburban neighborhoods) and into desirable  buildings, and stop allowing speculators to sit on vacant properties.\nStop, stop, stop paving over and ruining the environment!\n"
    },
    "70148": {
        "url": "/comment/70148",
        "comment": "It seems that developers bought lands at low prices in the green belt knowing this legislation was being brought in. Maybe they were the ones who planned this legislation.\nIf this land is going to be swapped for other land, then let the builders buy that land and build there. Don\u2019t destroy the green belt and the clean air and water for the existing homes.\nThis seems to be the conservatives doing with the green belt what the liberals did with the gas and coal plants. Brings back the same old memories from the liberals era.\n"
    },
    "70150": {
        "url": "/comment/70150",
        "comment": "The government is saying it wants to create more housing by taking the green belt.  My question is that out of those houses will be affordable to first time buyers?  If it is not affordable to first time buyers then it means the Premier is helping some compnies and is he getting any benefit out of it?  When the whole world is worried about making more greener spaces the Ontario Premier is worried about making it grey.  He wants to make green belts in the other parts of Ontario.  So why can't he ask the companies to make houses there.  He won't because the company can't make that much profit right.  He said he will create more green belt and what is he doing now.  Where is your spine premier.  Show it.\n"
    },
    "70151": {
        "url": "/comment/70151",
        "comment": "In 2018 the premier reassured the province that he would not touch the green belt. Since then, developers have been purchasing land along the green belt that should have been useless to them, at prices that would be lower than if they were zoned for development. This decision needs to be placed on hold until a thorough investigation can be completed of the provincial governments ties to these developers, and any possible personal gains by Ontario politicians that may have occurred or are set to occur as a result of this action.\n"
    },
    "70152": {
        "url": "/comment/70152",
        "comment": "The Greenbelt encompasses many environmentally important species and ecosystems which, among other benefits, help keep Ontario's water (eg. Oak Ridges Moraine helps filter water, which helps keep the costs and efforts of water treatment plants lower) and air clean.\nIt is also critical for Ontario's climate resilience, as it helps mitigate the impacts of weather extremes (like floods due to torrential rains, for example) and grow food locally, which means Ontarians' food has a lower carbon footprint than it would otherwise.\nAdditionally, the Greenbelt provides Ontarians in the Golden Horseshoe, which is growing rapidly, with access to nature, which is well-documented to have mental and physical health benefits.\nFor these reasons, parcels of land in the Greenbelt, because of their individual locations and unique ecologies, are not simply interchangeable with other tracts of land in different locations, as each provides different benefits to the people of the province.\nWhile Ontario needs to build much more housing to keep up with our population growth due to years of undersupply, the Golden Horseshoe is better served by incentivizing the densification of existing built areas. Ending single family zoning and investing in improving public transit would both be better options for Ontarians, allowing people to remain in their communities, be near existing services, and depend less on cars, which contribute to Canada's outsized contribution to global greenhouse emissions per capita.\nThe current Government, prior to coming to power, committed to not touching the Greenbelt. This proposal is not only a betrayal of that promise, but also a short-sighted plan. In the long run, the proposed changes will result in a decrease in Ontarians' quality of life by:\n- increasing the costs of adapting to climate change by removing some of our natural capacity to absorb extreme weather patterns, and by allowing construction in areas more likely to be affected by things like flooding or derechos/tornadoes\n- increasing Ontario's contribution to global greenhouse gas emissions both by contributing to sprawl and by reducing the vegetation and natural environments that are able to absorb some of those emissions\n- reducing access to nature for some Ontarians, negatively affecting their health. The proposed new additions are located in a significantly less accessible location for many Ontarians (both by car and by public transit), especially those east of the 427, who will be the ones losing most of the existing areas, making them the most negatively affected.\nI wholeheartedly disagree with this proposal and hope it is withdrawn.\n"
    },
    "70154": {
        "url": "/comment/70154",
        "comment": "How can a government run for office promising to protect green spaces and then once elected do the total opposite? It's an abuse of people's confidence. Paving over green spaces is a very bad idea.  Children know that, why don't adult leaders ? Why would any person buy a house built in flood areas? It's just not safe and you wouldn't be able to buy insurance to live there. Everyone understands how important it is to protect our environment.  Why not our government? Do the leaders of our province still live in the 1950's? Our elected officials should read a little and educate themselves about the world we live in today. They should look to the future and make good decisions today that will help us further down the road, not repeat poor decisions that we have moved away from for good reasons. It's a shame and demonstrates a total lack of vision for the future.\n"
    }
}