{
    "67770": {
        "url": "/comment/67770",
        "comment": "You\u2019ll be destroying multiple homes of the animals that currently live on this land to replace them with mansions. Where would these animals go? First thing they\u2019ll do is then enter towns where they\u2019ll be unsafe and causing trouble. This land is protected for a reason. Please be kind to the land, if you keep doing this there won\u2019t be many forests left for our children to appreciate.\n"
    },
    "67771": {
        "url": "/comment/67771",
        "comment": "Your proposed changes to the Green Belt are a terrible idea for Ontario.\nWe need to preserve the environment in light of climate change. Stop your racist reasoning that this is for immigrants, we all understand that you're doing this for all your friends who are developing the land.\nYou made a promise that you wouldn't touch this land, don't back pedal on that.\n"
    },
    "67774": {
        "url": "/comment/67774",
        "comment": "Developing this land will be an environmental disaster. The greater gta needs more flora to reduce the amount of emissions we produce and taking away parts of the ecosystem for a road that will not reduce times is wrong!\nI beg you to stop and rethink this decision. If not for you, for the next generation\n"
    },
    "67777": {
        "url": "/comment/67777",
        "comment": "I am writing to express my opposition to Bill 23 and associated policy proposals that would weaken environmental protections and undermine public involvement in land use planning and decision-making.\nI am particularly concerned about the:\n1. Removal of my right to appeal on planning matters that affect my community;\n2. Limitations on the power of conservation authorities (CAs) to regulate or prohibit development that negatively impacts wetlands, rivers or streams, to provide expert review of planning applications, and to appeal planning decisions;\n3. Removal of the role of seven regional municipalities (Simcoe, Durham, Halton, Peel, Niagara, Waterloo and York) in planning matters, thereby eliminating coordinated efforts to protect farmland and natural areas, determine optimal locations for development and infrastructure, and efficiently deliver municipal services;\n4. Drastic amendments to the Ontario Wetland Evaluation System, ensuring that very few wetlands in Ontario will be deemed provincially significant and protected from development;\n5. Replacement of the Provincial Policy Statement with a new policy instrument geared to facilitating unchecked development; and\n6. Creation of a natural heritage offsetting policy and \u201cpay to slay\u201d fund that could lead to widespread and extremely risky tradeoffs, where existing natural areas are sacrificed on the faulty premise that they can be recreated or restored elsewhere.\nIn the face of unprecedented and accelerating biodiversity loss and the ever-worsening climate crisis, it is vital that your government do its utmost to protect the farmland, wetlands, forests, rivers and other natural areas that sustain us. As Ontario\u2019s Housing Affordability Task Force explained in its 2022 report, we do not need to sacrifice environmental protection to address the housing crisis. That\u2019s because \u201ca shortage of land isn\u2019t the cause of the problem.\u201d (p.10) There is a vast supply of land already open for development within existing municipal settlement boundaries.\nI urge you to 1) withdraw all amendments likely to weaken the protection of farmland and natural heritage; and 2) retain and uphold the role of the public, CAs and regional municipalities in environmental planning and decision-making.\n"
    },
    "67779": {
        "url": "/comment/67779",
        "comment": "The green belt is vital to our ecosystem and in this time of environmental emergency, we can not afford to lose these lands to developers.\nNumerous reviews of the housing crisis have illuminated that this is not a issue lack of land issue, this is an issue of affordability and reallocation. I propose that we swiftly approve the backlog of requests for laneway home builds, reuse the thousands of empty office buildings for residential use and create tougher laws for short term rentals. Homes should not sit vacant waiting for the highest bidder - people need affordable housing now.\nThe ford government made a promise that they would not use green belt lands and once again, they have failed to keep their promise. I am tired of the government putting profits over people. We are in a climate emergency - do not use our protected lands for profit.\n"
    },
    "67784": {
        "url": "/comment/67784",
        "comment": "I think it is extremely shortsighted to pave and build within the green belt to further the GTA\u2019s urban sprawl. The green belt was designated for a reason and the loss of biodiversity, nature, and farmland outweighs the need for sprawling single family homes. With the rapid inflation of grocery items continuing to rip up and pave farmland is a very poor idea. Please reconsider this plan.\n"
    },
    "67785": {
        "url": "/comment/67785",
        "comment": "I am writing to express my opposition to Bill 23 and associated policy proposals that would weaken environmental protections and undermine public involvement in land use planning and decision-making.\nI am particularly concerned about the:\n1. Removal of my right to appeal on planning matters that affect my community;\n2. Limitations on the power of conservation authorities (CAs) to regulate or prohibit development that negatively impacts wetlands, rivers or streams, to provide expert review of planning applications, and to appeal planning decisions;\n3. Removal of the role of seven regional municipalities (Simcoe, Durham, Halton, Peel, Niagara, Waterloo and York) in planning matters, thereby eliminating coordinated efforts to protect farmland and natural areas, determine optimal locations for development and infrastructure, and efficiently deliver municipal services;\n4. Drastic amendments to the Ontario Wetland Evaluation System, ensuring that very few wetlands in Ontario will be deemed provincially significant and protected from development;\n5. Replacement of the Provincial Policy Statement with a new policy instrument geared to facilitating unchecked development; and\n6. Creation of a natural heritage offsetting policy and \u201cpay to slay\u201d fund that could lead to widespread and extremely risky tradeoffs, where existing natural areas are sacrificed on the faulty premise that they can be recreated or restored elsewhere.\nIn the face of unprecedented and accelerating biodiversity loss and the ever-worsening climate crisis, it is vital that your government do its utmost to protect the farmland, wetlands, forests, rivers and other natural areas that sustain us. As Ontario\u2019s Housing Affordability Task Force explained in its 2022 report, we do not need to sacrifice environmental protection to address the housing crisis. That\u2019s because \u201ca shortage of land isn\u2019t the cause of the problem.\u201d (p.10) There is a vast supply of land already open for development within existing municipal settlement boundaries.\nI urge you to 1) withdraw all amendments likely to weaken the protection of farmland and natural heritage; and 2) retain and uphold the role of the public, CAs and regional municipalities in environmental planning and decision-making.\n"
    },
    "67789": {
        "url": "/comment/67789",
        "comment": "I personally and very strongly oppose the decision to develop over Green Belt land.\nIt is a known fact that the housing crisis is not due to a lack of land. The housing crisis is a result of affordability and access. There are more vacant units than there are homeless people in Ontario.\nIf this decision is to house our population, it\u2019s not even an effective way of achieving that goal. We need to tighten restrictions on vacant homes, repurpose empty office spaces, kick Airbnb out of our city. We must not allow homes to sit empty waiting for the highest offshore bidder.\nAnd this isn\u2019t even going into the obvious need to maintain our rich and delicate environment. The biodiversity of the green belt is so crucial, especially with the worsening effects of climate change.\nOur insect populations have already been plummeting, and our wildlife is in need of protection more need than ever before.\nOnce the green belt is \u201copen for business\u201d I fear that the time our species will have on this planet will be reduced even more drastically.\nMy only suggestion is to not develop on our green belt. Keep it protected. Please, I\u2019m begging you.\n"
    },
    "67794": {
        "url": "/comment/67794",
        "comment": "None of us voters voted for the amendment to the green belt. Like we did not vote for the commissioning of new natural gas plants.\nStop making environmentally degrading decisions that puts Ontario worse off sustainably and economically.\nDoug, your lack of environmental care or action is bringing Ontario back into the stone ages, with other provinces and countries ahead of us by leaps and bounds. We are falling embarrassingly behind in environmental action.\nWe do not want this. We did not vote for this.\n"
    },
    "67798": {
        "url": "/comment/67798",
        "comment": "Simply reclaiming more land in place of the environmentally sensitive land is not a viable solution. More land does not equate to equal land.\nThe land in the greenspace is ecological fragile. The wildlife there is doomed if this proposal proceeds.\nWe are not a country that does this type of thing. I'm appalled, and want the greenspace preserved.\n"
    }
}