{
    "67575": {
        "url": "/comment/67575",
        "comment": "Hello,\nMy name is Brent Foley, a developer in Oshawa.\nWhy are you not opening the white belt rather than the greenbelt??\nThis decision has a lot of council and builders in the Oshawa area in awe!\nWe have thousands of white belt acres in the GTA , as close in proximity to services, on edges of urban boundaries and the intent is to grow the boundary into these areas. Never the greenbelt!!\nYou are changing the whole landscape of development as everyone knows it, for the worse. The white belt should be utilized prior the greenbelt. This seems obvious to everyone in the building world??\nA very odd decision. One that will have a devastating impact and quite sad for wildlife, natural features and development as we all know it. If opening lands, open the white belt beside urban areas!\nBrent\n"
    },
    "67578": {
        "url": "/comment/67578",
        "comment": "Stop destroying our futures! Using up the greenbelt is NOT the way to build housing or infrastructure. The lands that are protected need to STAY protected. You can't use change boundaries and expect people to be ok with it. There are much better ways to build towards a green future.\nThere are so many malls with shuttered stores and big-box-stores that are empty. Why not change property to be multiuse? Stores below and homes above? Make communities not sprawl. Have less parking lots.\n"
    },
    "67579": {
        "url": "/comment/67579",
        "comment": "This proposal is wrong on so many levels\u2014it will only provide a fraction of the homes it claims but will absolutely ravage the protections intended to preserve and other ecologically sensitive areas for perpetuity. Wetlands prevent flooding and filter the water we drink\u2014 fill them in and you\u2019ll have homes that are under water as soon as big storms hit. And they will hit, bigger and with greater intensity with global warming. These natural areas are intended to forestall this! And instead the proposal tries to delegate other areas instead completely ignores the fact that the green belt was specifically put aside because THESE areas are sensitive, rare, and have specific natural features that make them priceless in preserving endangered species, including migrating birds. Once these areas are paved over, they are gone FOREVER. They cannot be recreated elsewhere, the rare species, the insects, the complex ecosystems cannot be brought back. This is a shameless money grab by land speculators and the people of Ontario will pay for it.\n"
    },
    "67583": {
        "url": "/comment/67583",
        "comment": "Legislation in this vein would be a remarkable step back for the province of Ontario and would only encourage more Ontarians to leave at the soonest opportunity. A suitable substitute to address housing issues would be to utilize already developed areas that are unused or inefficiently used. Focus on this, better sustainable infrastructure/urban planning, and shifting zoning to make Ontario land use efficient. If one seeks to use repurposing land as a tool this would be a much better step toward solving the problem rather than ruining one of the province\u2019s, relative few, strong points: the green belt.\nI would also care to remind the reader that the value of the green belt to the health and well-being of Ontarians themselves, not just the environment, is notable. It is one of the last paragons of social cohesion in this province and in a system where our other social infrastructures, educational and medical for example, are being broken down if not dismantled it should be that much more paramount to protect the Greenbelt. Ontario is, in fact, a community protect the Greenbelt to show Ontarians this community still exists and to recommit as leaders that the broken parts of the community will be fixed.\n"
    },
    "67586": {
        "url": "/comment/67586",
        "comment": "The housing crisis we are facing cannot and should not be resolved from sacrificing existing conservation lands and green spaces. There are alternative options to build and develop cities to provide more housing, creating density via mid rise buildings instead of the extremes of luxury condos or single family dwellings which have become unaffordable to most people.  This government is failing because it does not care about solving the neither the housing nor the climate crises.  DO BETTER.\n"
    },
    "67587": {
        "url": "/comment/67587",
        "comment": "I beg you not to do this. Terrible idea. I am sure many others will attach scientific information and provide many logical reasons against the changes. But I feel this government does not care about logic, reason, and basic human decency.\nThe reasons this government should not do this is that you need to consider the long term financial consequences. Short term: Ford gets a paid vacation, developers make a lot of money from building on protected lands. Long term: climate consequences affecting the health of all people, taking up resources to address that. The smartest person in the room was the person who made it a bylaw that you can't just arbitrarily chop down the trees on your property. There are specific reasons we need protected lands and need to protect green space.\n"
    },
    "67589": {
        "url": "/comment/67589",
        "comment": "Please do not do this.  It\u2019s reprehensible.  Don\u2019t blame this need on immigrants.  Immigrants need to live in densely populated areas (cities and downtowns) not suburbs with limited transit.\nThere are plenty of other options to increase housing without encroaching upon the green belt.  I am strongly opposed to this and am offended by the govt\u2019 skies.\n"
    },
    "67591": {
        "url": "/comment/67591",
        "comment": "Maintaining the greenbelt is crucial to fighting climate change. It is short sighted decisions like developing the greenbelt that have put us in a climate crisis, and made life more difficult for the future generations. This will not help the issue of affordable housing as there is no guarantee that the houses being built here will be affordable - it is likely that it will be just the opposite. Instead why don't we try to repurpose office space in the downtown core (where housing is needed most) into affordable housing. Don't make short sighted decisions on green space that future generations can't take back!\n"
    },
    "67601": {
        "url": "/comment/67601",
        "comment": "I am writing to express my opposition to Bill 23 and associated policy proposals that would weaken environmental protections and undermine public involvement in land use planning and decision-making.\nI am particularly concerned about the:\n1. Removal of my right to appeal on planning matters that affect my community;\n2. Limitations on the power of conservation authorities (CAs) to regulate or prohibit development that negatively impacts wetlands, rivers or streams, to provide expert review of planning applications, and to appeal planning decisions;\n3. Removal of the role of seven regional municipalities (Simcoe, Durham, Halton, Peel, Niagara, Waterloo and York) in planning matters, thereby eliminating coordinated efforts to protect farmland and natural areas, determine optimal locations for development and infrastructure, and efficiently deliver municipal services;\n4. Drastic amendments to the Ontario Wetland Evaluation System, ensuring that very few wetlands in Ontario will be deemed provincially significant and protected from development;\n5. Replacement of the Provincial Policy Statement with a new policy instrument geared to facilitating unchecked development; and\n6. Creation of a natural heritage offsetting policy and \u201cpay to slay\u201d fund that could lead to widespread and extremely risky tradeoffs, where existing natural areas are sacrificed on the faulty premise that they can be recreated or restored elsewhere.\nIn the face of unprecedented and accelerating biodiversity loss and the ever-worsening climate crisis, it is vital that your government do its utmost to protect the farmland, wetlands, forests, rivers and other natural areas that sustain us. As Ontario\u2019s Housing Affordability Task Force explained in its 2022 report, we do not need to sacrifice environmental protection to address the housing crisis. That\u2019s because \u201ca shortage of land isn\u2019t the cause of the problem.\u201d (p.10) There is a vast supply of land already open for development within existing municipal settlement boundaries.\nI urge you to 1) withdraw all amendments likely to weaken the protection of farmland and natural heritage; and 2) retain and uphold the role of the public, CAs and regional municipalities in environmental planning and decision-making.\n"
    },
    "67603": {
        "url": "/comment/67603",
        "comment": "Doug Ford is destroying Ontario healthcare, education and environment. We must stop his plans to make himself and his developer buddies richer by building unaffordable housing in the green belt. This will not fix the housing crisis. Doug Ford is the worst most corrupt premier Ontario has ever had and he needs to go!\n"
    },
    "67604": {
        "url": "/comment/67604",
        "comment": "Build homes to benefit my developer buddies faster.  Never mind that the greenbelt was designated a ... um... greenbelt.  If only calling this government unprincipled were considered an insult by them.  Built the highway.  Setup the greenbelt for development.  The thing of it is, we all thrive or go down together on this file (hint: ecosystems, climate, biodiversity).  See you where you take us.  You won't read this and don't care about anything other than your bank account.  Hope you notice it does not help you where you are going.\n"
    },
    "67605": {
        "url": "/comment/67605",
        "comment": "I vehemently oppose these proposed amendments to Ontario\u2019s Greenbelt Plan. I am incredibly disheartened by Premier Doug Ford\u2019s decision break his promise to Ontarians that the Greenbelt will not be touched. Approximately four years ago, Doug Ford was quoted saying the following: \u201cThe people have spoken \u2013 we won\u2019t touch the greenbelt. Very simple. That\u2019s it, the people have spoken. I\u2019m going to listen to them, they don\u2019t want me to touch the greenbelt, we won\u2019t touch the greenbelt. Simple as that\u201d (David Dragon, 2018). This proposed amendment demonstrates that Premier Ford and his government are unwilling to listen to the people of Ontario despite the above referenced comment.\nI think of the 1977 Foodland Ontario jingle that has transcended generations and is familiar to countless Ontarians, \u201cGood things grow-o-o, in Ontario!\u201d[You likely hummed the tune in your head as you read this, didn\u2019t you?] (Foodland Ontario, 2022). A large portion of the good things that grow in Ontario are grown in Ontario\u2019s Greenbelt. Ontario is home to \u201cmore than half of the highest quality (\u201cClass 1\u201d) farm land in Canada\u201d (Ontario.ca). 750,000 acres of Canada\u2019s most arable and productive farmland is protected within the Greenbelt, of which \u201c60% of Ontario's food processing capacity is located in the Greenbelt's immediate vicinity\u201d (Greenbelt Foundation, 2019). If the Ford Government is allowed to proceed with this policy amendment, it will subsequently lead to development and degradation of this ecologically, agriculturally, and provincially significant land, Consequently putting globally scarce arable farm land at risk, reducing provincial food security, damaging the agricultural economy in Ontario and reducing the production of the *good things that grow in Ontario*.  According to the Ontario Federation of Agriculture, Ontario is already losing 319 acres of farmland each day to development on average (OFA 2022).\nThe Premier has demonstrated time and time again that he is not a man of his word, at least not to regular everyday working Ontarians. This proposal, regardless of how insignificant the Ford Government claims it will be in terms of adverse ecological and agricultural impact, nonetheless sets a precedent that protected lands can be deregulated and re-zoned at the whim of any government that has been influenced by affluent syndicates whose interests do not align with those of the average Ontarian. Given Premier Ford\u2019s track record of reneging on pledges made to citizens of this province, he simply cannot be relied upon to act in good faith when it comes to development and the Greenbelt. Once its gone, it\u2019s gone. If development is allowed to proceed, there is nothing we can do to get it back. We have a responsibility to preserve these lands so that future generations of Ontarians can benefit nutritionally, ecologically, and economically from all that the Greenbelt has to offer.\n"
    },
    "67607": {
        "url": "/comment/67607",
        "comment": "Ontario needs densification, not to grow outward. Cutting into the greenbelt is not a long term solution to our housing issues.\nIt would be better to set densification mandates on cities than to force them to pave over ecologically unique and environtally critical greenspaces.\nThe same developers who want to develop on greenspace could benefit from new development opportunities for mid density housing.\nMid density housing would also help reduce the need for new urban infrastructure, and will increase the utility of existing infrastructure without overloading it.\n"
    },
    "67611": {
        "url": "/comment/67611",
        "comment": "The Greenbelt should not be touched; it houses essential and protected species and houses many others. It is important to all Ontarians and is important to the Algonquin nation. It is vital that our solutions to specific problems not create larger ones by continue to damage important environments and ecosystems. Doug Ford and thus the provincial government swore not to touch the Greenbelt, and he has broken this promise.\nDo not develop the Greenbelt; it deserves better.\n"
    }
}