{
    "74634": {
        "url": "/comment/74634",
        "comment": "I think it is a disgusting abuse of power to allow developers to benefit by a quid pro quo with the government of Ontario to open the greenbelt to developers.\nThis land, once developed, is gone forever.\nWe need this land to grow the food to feed our citizens and to mitigate against climate change.\nVoters are furious about the fact that Doug Ford LIED about protecting the Greenbelt and that he is opening soliciting bribes from developers to give them all the money they wish for.\nPlease, please, PLEASE, someone needs to:\na)  Stop this development\nb)  Hold the government officials and developers to account legally for their blatant corruption.\nOntario used to be better than this.\n"
    },
    "74642": {
        "url": "/comment/74642",
        "comment": "I do not support any of the recommendations that would remove lands from the Greenbelt Area, nor do I support the redesignating of lands in the Oak Ridges Moraine Conservation Plan area. I do support adding lands in the Paris Galt Moraine to the Greenbelt Area. The Greenbelt Area as is critical to climate change resiliency for Ontario; and by covering it in urban sprawl, you will significantly risk Ontario's ability to mitigate the environmental challenges we are and will face.\nIf you truly want to tackle the housing problem in Ontario, you need to focus on increasing density and transit-oriented communities. Urban sprawl and car reliant communities will not solve affordability. Increasing the missing middle and affordable housing options in communities that already have access to transit will help with affordability.\nEroding the Greenbelt and expanding urban sprawl will be one of the biggest mistakes this province will ever make.\n"
    },
    "74644": {
        "url": "/comment/74644",
        "comment": "The municipalities in the affected area do not want this. There are better ways and better areas to develop housing. And destroying this land doesn't guarantee that Ontarians will have access to affordable housing anyway. Fianlly, Ford's buddies and donors bought up the land before the plan to allow development went public, which at the bare minimum should require an investigation before any development moves forward. Do not allow these amendments to go forward.\n"
    },
    "74645": {
        "url": "/comment/74645",
        "comment": "I am opposed to this bill. Doug Ford promised not to develop the greenbelt. Now he has reneged on that promise. This bill appears to transfer development fees from the developers to the taxpayer, how dare they. I can' understand how a government can to this to the taxpayers. The story in the Globe & Mail suggests some serious cronyism between Doug Ford and these developers, something surely can be done to rectify this.\n"
    },
    "74646": {
        "url": "/comment/74646",
        "comment": "I am horrified that the Ontario government would compromise its public integrity by going through with these proposed CB angles to the green belt. It is a keystone part of Southern Ontario\u2019s residents access to natural areas, let alone the effects on ecosystems that are interconnected throughout the region. Ontario can do so much for affordable housing without expanding into protected ecological areas. It\u2019s obvious this is just a back pocket deal for developers if it were to go through\n"
    },
    "74651": {
        "url": "/comment/74651",
        "comment": "As a voter in the province of Ontario I am very disappointed how Mr Ford has pushed through this bill to open up the Greenbelt areas to development without consultation.\nAlso the fact that he said that he would not touch the Greenbelt in his election platform makes it even worse that he is pushing this through.\n"
    },
    "74660": {
        "url": "/comment/74660",
        "comment": "This is an affront to one of the greatest assets of our province for obvious nepotism of the highest political order.\nIf the government was interested in contributing positively to the growth of the province it would engage cities and invest in planning to grow sustainable communities rather than bulldoze the Greenbelt and built car-oriented communities.\n"
    },
    "74662": {
        "url": "/comment/74662",
        "comment": "Ontario is in the middle of a housing crisis, but encroaching farmlands and compromising environmentally sensitive land should not be the solution. The removal of protected land in one place and addition in another is problematic. Firstly, ecosystems do not adhere to lines on a map. E.g., if a part of a waterway loses protection, all downstream water, whether in a protected area or not, will be affected. Secondly, this amendment might set precedence and encourage further amendments in the future, shifting the Greenbelt north and thus leading to a net loss of precious ecosystems, clean waterways, and - above all - farmland feeding the province.\nResearch shows there is more than enough land available for development, both inside the existing built-up areas and on undeveloped land outside greenbelts and that we do not need to open the Greenbelt to developers. In its February 2022 report, Ontario's government-appointed Housing Affordability Task Force concluded that a shortage of land isn't the cause of the province's housing crisis, but that we need densification in already developed or unprotected areas close to transit infrastructure.\nIn summary, given the evidence that amending the Greenbelt is an inefficient and environmentally problematic measure to tackle the housing crisis, I strongly oppose this proposal.\n"
    },
    "74663": {
        "url": "/comment/74663",
        "comment": "Let\u2019s build housing, let\u2019s grow the economy \u2014 but we we cannot destroy any more of our natural heritage, wetlands and agricultural resources in doing so. Our economy and our people need the health, services and well-being these resources provide us all. They are the basis of our wealth and prosperity. We will never afford to replace them once they are lost to sprawl.\nShow some leadership! There is ample opportunity to build the housing we need \u2014 and more \u2014 by intensifying existing built up areas. For a start, let\u2019s build mid-rise housing and shops on all of the empty land around the GO stations in Ontario. Leave the green belt alone! We need to grow the  Agricultural and ecosystem services it provides, especially on Greenbelt lands that are close to our built-up areas.\n"
    },
    "74664": {
        "url": "/comment/74664",
        "comment": "I am completely opposed to this plan. Taking away any land from the Greenbelt is unacceptable when it\u2019s protected and vital to our province. There are plenty of other places for development, you can go upwards in the GTA, no need to expand outwards. This is a money grab by Ford and his wealthy friends that will not benefit the people of Ontario.\n"
    },
    "74665": {
        "url": "/comment/74665",
        "comment": "As a member of the public in the affected area, it seems pretty clear that the Ontario Government has overlooked what exactly people are looking for and instead pushing their own agenda by helping businesses to make more and more money without actually helping the population. I was very saddened to hear that this proposal was put forth, with limited time for public consultation, and may be pushed through even though the people do not actually want the Greenbelt to be replaced with housing units. It seems as though the Ontario government lacks the understanding of the value that greenspace provides to this province.\nFord claimed he is doing what the people want, but then also promised not to touch the Greenbelt, which seems like he actually doesn't respect the voters.\nReducing farmland is of concern as food prices continue to skyrocket, and it appears as though these decisions have been made in a vacuum and not understanding how reducing one thing will inevitably lead to higher costs in other areas if not carefully planned. Additionally, a number of the proposed plans will require additional development in entirely new areas as opposed to creating plans to help people in existing communities. These plans do not address how this will help the people facing the challenges now and are focusing on a \"if we build it, they will come\" approach.\nHaving read a number of recent articles related to this topic, it is clear that this space is not really even needed to build additional housing as each of the municipalities already have or are working towards plans that will allow them to expand their area or build more affordable housing. People generally do not seem to be in favour of these changes as the impacts on the environment and species at risk will be astrological, the housing is not guaranteed to be affordable, and the amount of reduced fees means that the money again will not be on the builder, but be put back onto the citizens of the province.\nIt is clear that the way the amendment has been planned clearly has not been fully thought through, as there is this assumption that the businesses that will make housing will do so at a lower cost, when they will clearly be working towards making as much of a profit as is possible. Either the Ontario Government does not understand that these organizations are for profit or simply doesn't care as long as they continue to get funded by these very same organizations. More and more it seems as though the government has forgotten that they work for the people, not the other way around.\nThe government should actually look at programs (such as changing bylaws that allow for more housing units to be built on a plot of land) that will help members of the public afford a home or have their loved ones move in with them, not tear down all of our green space to fill their pockets, which again, is not even needed.\nI'd really like the government to make good on its promise not to touch the Greenbelt, as they originally indicated. The fact that this poorly planned amendment was put through really makes me concerned for Ontario's future and makes me lose a lot of faith in how this province is being run.\n"
    },
    "74668": {
        "url": "/comment/74668",
        "comment": "Removing land from the Greenbelt is a terrible idea and should only be a last resort option. There are plenty of opportunities to build better within current city limits, and we should be changing the rules and red tape which prevent the development of dense city living. Instead of taking more farm land and wildlife habitats, we should be forcing local governments and nimbys to remove Any legislation that is preventing the development within our cities.\nWe should be building walkable communities that are proven to be less expensive and harmful than irresponsible urban sprawl.\nThe expansion Into the Greenbelt is lazy, short sighted and in my opinion, corruption, at its finest.\nThank you.\n"
    },
    "74674": {
        "url": "/comment/74674",
        "comment": "I am strongly against the proposal to open up the green belt to development. The green is an extremely sensitive and important area of land that should not be touched for housing or development under any circumstances.\nThere is plenty of urban area in Ontario that can be developed to fit more housing, Ontario does not need to destroy what's left of our protected areas for a few developers.\n"
    },
    "74675": {
        "url": "/comment/74675",
        "comment": "I am deeply disappointed with this change in policy direction and the change is n commitment that was made to the citizens of Ontario that the greenbelt would not be touched.\nExperts have identified that there are many other effective ways to address the housing crisis. The government seems unwilling to consider these approaches before so quickly moving again to once again put the future prosperity and wellbeing of Ontario at risk by developing land that is so crucial to our shared economic, environmental, and agricultural future. The amendments will severely jeopardize the financial health of municipalities and severely impede their ability to offer vital programs and services. This is creating a serious NEW crisis, not addressing the current housing crisis in any effective way.\n"
    },
    "74676": {
        "url": "/comment/74676",
        "comment": "Why are you disregarding the wishes of the people in the municipalities surrounding the Greenbelt? Hamiltonians voted to keep the greenbelt as is AND THE PROVINCE IS OVERRIDING THEIR AUTHORITY. This is unacceptable. Listen to the people.\n"
    },
    "74678": {
        "url": "/comment/74678",
        "comment": "I am greatly concerned with the Ford government\u2019s decision to develop land within the green belt.\nGreen space is so vital within a community. It provides an area for water to go, for biodiversity to thrive, for water to be filtered and to have an area for local residents to enjoy nature.\nOnce developed this land cannot be replaced.\nWe must build up not out. Developing farm and natural land is not the solution to the Ontario\u2019s housing crisis.\nThe concept of land swapping is a joke and in no way a solution. It is simply the Ford government pretending to be doing an ounce of good while collecting pay outs from developers.\nVoters care about their futures and having an Ontario that isn\u2019t completely paved over.\n"
    }
}