{
    "64253": {
        "url": "/comment/64253",
        "comment": "I do not support any removal of Greenbelt land for development, including housing. Urban sprawl is not the way forward to adding homes in Ontario. We need to add density and services to support that density in our cities. Municipal and provincial governments should work together to enact policies that encourage densification, and protection of green spaces, conservation and farming land.\n"
    },
    "64258": {
        "url": "/comment/64258",
        "comment": "The people of Ontario have made it very clear that they do not support the changes to the Green and White belt lands in Ontario. Since the current government promised before re-election that they would not do what they are now proposing, the mandate they have to govern from their majority does not give them the right to do this, as it is reneging on an election promise. These changes are against the wishes of the majority of Ontarians and I hope that the current government realizes that those Ontarians will remember the broken promises and blatant lies come the next election.\n"
    },
    "64259": {
        "url": "/comment/64259",
        "comment": "Thank you for the opportunity to provide comments on this critical issue.\nA reduction of the Greenbelt today, for short term gains, would be catastrophic to future generations. This rich and diverse landscape that is the greenbelt cannot be restored once it is gone, no matter how minimal the expansion thereto is this shift away from protecting this special part of our province only serves to further dismantle it in the future. The floodgates will be opened to destroy the green belt in its entirety.\nYou don't need to be an ecologist or environmental engineer to understand how important the Greenbelt is to Southern Ontario and its citizenry. The Greenbelt purifies the air for the GTA, carbon capture technology is not advanced enough to replace this effect. It purifies the water we drink; countless watercourses and wetlands weave their way through the Greenbelt, unmolested, providing natural filters for the water we drink and the water we use for crop production. The health of Ontarians as a whole will be affected by diminishing and corrupting these critical natural filters. Importantly, the Greenbelt provides a corridor for wildlife to travel and live freely. In a world where our biodiversity is in dire straits and in which we have seen a reduction of wildlife of almost 70% since 1968, protecting those species and plants, who cannot protect themselves, must be our duty. If we plow through the greenland to create commuter communities how long will it take until we expand into the prime farmland beyond that feeds our growing population? We must protect these natural gifts which make Ontario a beautiful and prosperous place to live. Paving over the Greenbelt is incredibly short sighted and a slap in the face to future Ontarians.\nGranted we are in a housing crisis, but we must look to rebuilding outdated zoning bylaws, improving public transit exponentially, and building up not out. There are many existing communities surrounding the GTA that are flailing for opportunities to keep themselves alive, and many existing rail lines which do not service passenger trains within those very same communities. As a province we should be looking to revitalize these communities by increasing transit options thereto, not sweeping them into the dustbin of local history. Within the GTA there is land that remains unchanged and misused for decades, but held in stasis due to outdated and impractical zoning regulations. Low rise communities, within spitting distance of Toronto, hold fast to limit or fully block large scale development in their area. This strikes me as overly cruel; they got their slice of the pie to hell with anyone else trying to carve out a life for themselves, because of this young professionals are leaving the province because opportunities given to previous generations are being withheld by those very same generations that took advantage of those opportunities. We cannot progress when we let selfishness rule our society. Families are living in tents, immigrants return home with nothing due to a horrific real estate market, and these cruel people get to hold back other's potential prosperity for the sake of a view.\nWith respect to the Paris Galt Moraine: attributing environmental protection to our lands is a wonderful thing, but not at the expense of other areas.\nFuture generations are being left in the cold by our current state of affairs and policies, the dismantling of the Greenbelt is a great example of this. Continually eroding the peoples means of prosperity, in this matter and so many others, is tragic and shortsighted; if we continually take from the generations who are to succeed us they will have nothing to give when we are in need and are looking to them to care for us, and our province.\nPlease maintain our province's beauty and health, these lands need stewardship not investors. May Ontario forever be Ours to Discover.\nsincerely,\nA proud Ontarian\n"
    },
    "64263": {
        "url": "/comment/64263",
        "comment": "Please try and protect the green spaces, there are plenty of other opportunities for housing. Can we buy into already built office spaces to be converted into housing. Tons of closed down buildings. Lots of empty parking lots for ghost malls. Why must we continue to ravage the green spaces of our planet.\n"
    },
    "64266": {
        "url": "/comment/64266",
        "comment": "Disappointed in the Ontario governments decision to mess with the Green Belt. The Indigenous community have a saying, do all things keeping in mind the next 7 generations. Doug Ford is not thinking about the future. We need this land kept undeveloped. Don't kill any part of the greenbelt. Think of the next 7 generations.\n"
    },
    "64267": {
        "url": "/comment/64267",
        "comment": "The integrity of the Greenbelt is paramount for its protection and the environmental security of Ontario.  Fringe areas provide protection and buffer zones for core areas.  The ability to visit nature is one of the key reasons by family chose to move to Ontario from Alberta. For the sake of our children, please do not proceed with this folly.\n"
    },
    "64268": {
        "url": "/comment/64268",
        "comment": "Doug Ford has made many claims, but his actions have betrayed him at every opportunity. Opening up the Greenbelt for development will not do anything to curb the housing crisis - it is a convenient excuse to enrich his cronies. The provinces and municipalities will have to be much braver in their decision-making to tackle housing as an issue. Doug Ford changed Ontario\u2019s slogan from \u201cYours to Discover\u201d to \u201cOpen for Business\u201d. This tacky change is not only completely bereft of identity (it could describe almost any province/city/state on the planet) but it is a perfect encapsulation of Ford\u2019s motivations on every decision. He is not here to help the people of Ontario by improving access to affordable housing - he is simply trying to make more money for himself and his friends. The lands in the Greenbelt are inherently precious. If that\u2019s not convincing, the functions performed by these environments have economic value, and the benefits provided by having wetlands, farmland and watersheds are costly to replicate once they are gone. The Greenbelt does not belong to Doug Ford. He has a weak mandate from the people of Ontario and continues to make short-sighted decisions that will impact us for generations. When we finally run out of resources for him to sell, will he actually begin to govern?\n"
    },
    "64269": {
        "url": "/comment/64269",
        "comment": "This Greenbelt land swap is a catastrophe. It completely undermines the reason we have the Greenbelt in the first place and ignores the government's findings that we have enough vacant or underused land to develop the housing that we need. The fact that this government slid it in on a Friday afternoon while everyone was distracted by their overriding of worker's rights only amplifies the degree of embarrassment and hate that I feel for this government. As a young person trying to find their way in this province, I am angry at the destruction and pure disregard for my community's health and safety that this Bill represents.\n"
    },
    "64270": {
        "url": "/comment/64270",
        "comment": "The people clearly already voted AGAINST widening the urban boundary. What does democracy even mean any more? What happened when there is no more green space to relocate? Maybe add housing to the city core which already consists of uncountable derelict and vacant properties, abandoned lots, parking lots. How will infrastructure support building a new development where proposed? Look at Bibrook already and the traffic created. My current property taxes as a Hamiltonian living within the city no doubt will go up tenfold in order to service these new areas. I, as well as so many voted against enlarging the urban boundary, for literally nothing. This government is an absolute joke. Thanks for nothing. This makes me as well as so many others absolutely hopeless.\n"
    },
    "64271": {
        "url": "/comment/64271",
        "comment": "I oppose the use of the Greenbelt for Urban Boundary expansion. I also oppose the mandate that Hamilton MUST expand its Urban Boundaries, this expansion will not solve housing, as these homes will be unaffordable to those who need housing most and we should be focusing on building up, not out. Furthermore, we are losing more and more farmable land to development, land that is needed for future generations. This expansion was voted against by a majority of Hamilton voters as the two candidates with a majority of the vote opposed boundary expansion. New housing should be built in existing urban areas, that are accessible by public transit and made affordable for new buyers.\n"
    },
    "64272": {
        "url": "/comment/64272",
        "comment": "I staunchly oppose any removal of Greenbelt land for development, including housing. Urban sprawl is not the way forward to adding homes in Ontario. We need to add density and services to support that density in our cities. Municipal and provincial governments should work together to enact policies that encourage densification, and protection of green spaces, conservation and farming land. We must protect biodiverse and ecologically sensitive/important areas for the future and not bulldoze over it at the cost of future generations. We do not need to enrich developers and provide more single family homes on large lots with excess square footage - we need density increases on already developed land.\n"
    },
    "64273": {
        "url": "/comment/64273",
        "comment": "I feel that we were lied to. The Ford government swore that they would not touch the greenbelt and it seems clear that this was their plan all along. The greenbelt is protected for the health and sustainability of our waterways. There are many other ways to improve the housing situation that don't involve selling of protected wetlands to political donors.\n"
    },
    "64274": {
        "url": "/comment/64274",
        "comment": "I COMPLETELY OPPOSE the government's proposal to build homes on the Greenbelt.  Premier Ford made a promise that he would not build on the Greenbelt and he needs to keep that promise.\nThe idea that wetlands can be relocated is ridiculous.  We need to protect our wetlands, particularly at a time when climate change and the resulting storms has become more and more concerning.\n"
    }
}