{
    "71324": {
        "url": "/comment/71324",
        "comment": "Today I am writing to you in support of the existing Greenbelt and our Conservation Authorities that protect Ontario's wetlands, woodlands, and other natural areas.  We are so blessed to have these wild natural spaces and it is terribly short-sighted to think that your proposal to \"adjust\" the Greenbelt won't have a long-term effect on future farming or our natural heritage.  Imagine NYC if some short-sighted politician had developed parts of Central Park... it would not be the amazing city that it is today without that jewel.\nThe Greenbelt is Ontario's jewel.  Let's preserve it for wildlife and migrating birds, for preventing and mitigating future climate change events (like extreme flooding), for ensuring farmers can provide us with locally grown food, and for leisure activities like hiking and canoeing.  Please don't swap existing protected lands for plots owned by local developers.  This is a gross misunderstanding of what the Greenbelt was intended for, and will eviscerate future protection arguments with a dangerous precedent.\nThere is existing land within our current municipalities that can be used... our Regional Planning already has expertly-designed plans in place for more housing, that take into account existing transit and services for housing.  Creating \"in-fill\" opportunities for new housing would be the most creative and environmentally-friendly option... near existing transit (that my tax dollars fund), close to existing amenities like community centres and libraries (that my tax dollars have built), and existing retailers and employers and established communities.  Please rethink this short-sighted plan to develop what was already protected, our existing jewel, the Greenbelt.\nIn addition to my concerns about the Greenbelt I am also deeply concerned about many of the components of Bill 23 and associated policy proposals that would prohibit our Conservation experts (our Conservation authorities) from doing anything to prevent urban sprawl that would cause flooding and erosion, and prevent the destruction of local protected habitats and ecology that can never be re-created once it is destroyed by development.  We've seen severe flooding in Ontario already... let's listen to experts on ways to mitigate this!\nFurther, please don't eliminate Green Building standards.  Requiring buildings with higher environmental standards will only benefit future owners and tenants.  If Ontarians don't start switching to green vehicles and green homes and building options, our children's and grandchildren's futures will be severely affected by extremes of climate change and by then, it will be too late.\nI love this paragraph from Environmental Defence Canada... so I will copy it here:\n\"Unless the major flaws in Bill 23 are addressed it will further the destruction of critical natural areas in a time of climate crisis while also failing to deliver the urban transformation \u2013 or the affordable housing \u2013 that Ontario needs.\nIn conclusion, please desist from removing any lands from the Greenbelt \u2013 even if they are replaced by other lands in other areas\u2013 and revise or cancel Bill 23.\"\n"
    },
    "71325": {
        "url": "/comment/71325",
        "comment": "Please see comment letter.\n"
    },
    "71328": {
        "url": "/comment/71328",
        "comment": "This is an absolutely horrific proposal. How absolutely horrendous of this government to try and pass this. As a young woman who is currently pregnant and starting her own family, I want to make sure that my future children grow up in a province where they have access to locally grown food, and can grow up in an area with environmental protections still in place. Once this land is developed it can never go back to the fertile or environmentally important land that it was once before. As a result, this proposal is extraordinarily shortsighted and there's no doubt in many Ontario residents' minds that this is simply to appease those who speculated on the land and bought it and are now wishing to profit off of it. Our environment is tied to our economy, so to remove this vital asset from our province is to do a disservice not only to the environment but to the people and the local economy itself. In a period of time in which the globalization of food has driven prices up tremendously you would have thought that it would have highlighted the importance and vital nature of local food. But it seems that immediate profits are more important than ethics or the future of this province. More affordable and abundant housing is needed, but we are a province with a tremendous amount of land, and a tremendous amount of unprotected non-farmland that can be better developed. Shame on the government for even bringing this forward. Keep your word and leave the greenbelt alone\n"
    },
    "71331": {
        "url": "/comment/71331",
        "comment": "This proposal is an absolute travesty and a revealing demonstration of the dishonesty of the the Premier and his cabinet.\nThe proposed \"More Homes Built Faster Act\" includes only tepid measures to enable more badly needed home construction in existing cities while diving deep into dangerous attacks on wetland habitat, woodlands and other conservation lands and encouraging even more of the expensive rural sprawl that caused Ontario\u2019s housing crisis.\nThe most glaring feature of this bill and its associated policy proposals is an attack on Conservation Authorities, woodlands and provincially significant wetlands that aims to enable destruction of wetland habitats and conservation lands.\nAcross Ontario, municipalities largely leave it to Conservation Authorities to use refusal of permits \u2013 and their authority to appeal land use decisions \u2013 to ensure that sprawl doesn\u2019t destroy the ecological function of the habitat and water bodies they protect.\nHowever, this Bill prohibits Conservation Authorities from doing anything to prevent sprawl from causing flooding and erosion \u2013 or destroying ecology. It would leave vast swathes of Ontario\u2019s most important habitats largely unprotected \u2013 and put Ontarians at real risk. This measure is useless as a spur to housing supply, because Ontario has more than enough room in existing neighborhoods and lands already designated for development than it will need for housing for many decades\nProposed policy to allow \u201cpay to slay\u201d destruction of currently protected wetlands and woodlands, and changes to the rules that are used to identify wetlands, will cause the majority of these rare and ecologically crucial areas to be opened to development\nThis Bill\u2019s attack on regional planning is counterproductive for creating affordable homes \u2013 as well as being environmentally disastrous.\nDevolving planning decisions to lower-tier municipalities would produce development that is more scattered and thus much more environmentally harmful, but also more uncoordinated and expensive.\nThis is precisely the opposite of what\u2019s needed at a time when we need to preserve every acre of farmland and habitat, and use scarce construction materials, construction labour, equipment and supporting infrastructure to maximize the number of well-designed and low-cost homes, and transform existing post-warII subdivisions into public transit supporting complete communities.\nThe draft bill attacks Green Buildings.\nMunicipalities have developed green building standards to ensure new construction is environmentally, socially, and economically responsible as well as cheaper to own and maintain. This bill will take away their authority to require green buildings and undermine the affordability benefits that energy-efficient, climate-resilient buildings provide to owners and tenants.\nOne of the only bright spots in this Bill is a requirement to build more densely near major transit stations.\nHowever, promised reforms to remove or reduce exclusionary \u201csingle detached\u201d zoning, which is desperately needed to add compact and low-cost family housing to existing low-rise neighborhoods, were watered down to such a degree that, according to the government\u2019s own documents, they would create just 50,000 of the 1,500,000 promised  homes.\nThis means that families would still be pushed out into low-density car-dependent sprawl.\nThe government seems to be using this bill to destroy many of the most effective measures that cities have created to ensure that development can go ahead smoothly without causing social and environmental problems, including ending the requirement for rental unit replacement when old buildings are replaced and putting restrictions on inclusionary zoning.\nUnless the major flaws in this Bill are addressed it will further the destruction of critical natural areas in a time of climate crisis while also failing to deliver the urban transformation \u2013 or the affordable housing \u2013 that Ontario needs.\n"
    },
    "71333": {
        "url": "/comment/71333",
        "comment": "We need more affordable housing, yes.\nBut not when it comes at the expense of Nature and Ontario\u2019s farmland. Urban sprawl into protected areas is not the solution. Once buried under houses, it\u2019s gone forever.\nUrban densification is a better solution.\nProviding government financial incentives to families to relocate to another municipality or even to another province is another better solution.\nPlanning new neighbourhoods in a more sustainable manner is another better solution.\nExpanding rapid transit and making it more affordable, or free - another better solution.\nWith the exception of a small minority (West 5 in London for example) housing developers prove over and over that they don\u2019t care about the big picture.\nWhat matters most is protecting Nature, biodiversity, and our farmland.\nYou listened to your people a few years ago, Ford. What\u2019s changed since then? Climate change is worse. Nature and biodiversity are struggling more, not less. It\u2019s more important now than ever, so, hands off the Greenbelt!\n"
    },
    "71337": {
        "url": "/comment/71337",
        "comment": "I think we've sprawled far enough. Further destroying ecosystems in the short term will have long term consequences for all future generations (both human and non-human), so I propose that we make wiser use of the lands that we have already compromised for housing development instead of opening up fragile watersheds and habitats to build more super-sized cardboard McMansions.\nAlso (as I'm sure you're aware) creating more bedroom communities only exacerbates the transportation problems that plague Southern Ontario, and it moves us further away from reducing emissions and creating innovative transportation solutions that can serve dense population centres.\nI hope that Ontario's government can see beyond their end-of-term and consider our collective future.\n"
    },
    "71342": {
        "url": "/comment/71342",
        "comment": "NO to destruction of the green belt. Our green belt is a future lucrative bread basket of the world.\nI strongly oppose this new legislation. One has the impression that it is resurrected from the previous century.\nThe projected land transfer does not take into account many factors, especially:\n1. Permanent destruction of the farmland which now creates food for Ontario, Canada and the world.\n2. Addition of the new infrastructure (roads, shops, sewers etc) will add a HEAVY BURDEN ON the actual TAX PAYERS.\n3. Densification of population should take place within the city, not outside it. There is a lot of room for it. We need revitalization of the city core not the outside sprawl.\n4. The considered dwelling  should optimize land using and facilitate future development which is NOT THE CASE\n5. Destruction of this green belt will add to negative effects of climate changes and it will strongly affect the water retention in Southern Ontario.\n"
    },
    "71343": {
        "url": "/comment/71343",
        "comment": "The long term implications of your proposed new highway through our greenspace is devastating. There is only so much arable land at our disposal and you are acting in contradiction to the report generated by your own advisory committee. Studies have also shown that the current plan won't even address the problem at hand of homelessness, affordability or access to those in need. This plan is shortsighted and in contravention to your own committee, environmental organizations and the general population. You need to go back to the table and stop all proceedings. Thank you for your consideration.\n"
    },
    "71369": {
        "url": "/comment/71369",
        "comment": "Absolutely preposterous. A detriment to Ontarians and Canadians!\nAnti-democratic, and anti-environment even as we face a worsening climate change crisis.\nHow can our government in good conscious go out of their way to ensure that our democracy is undermined all to benefit developers' pockets?\nThe proposed 'amendments' to the Greenbelt violate a green space that has already been protected for a reason. That reason wasn't intended to build houses that are outside of the buying power of the average Ontarian family. How does destroying environmentally significant wetlands, and farmlands to put up mansions by developers deeply involved in anti-democratic practices with some members of our government support a sustainable future for all Ontarians?\nWhat is proposed here is a destruction of farmlands and environment for a short-term benefit, while simultaneously stripping our Conservation Authorities and municipalities of their right to be heard and to voice their local considerations on further plans.\nAn absolute outrage. NOTHING about these 'proposed amendments' serves anyone beyond the developers and those politicians who are only looking out for themselves and the developers they are supporting. Unethical!\nWe implore you to consider those who live and call Ontario their home.\nThis government is DESTROYING our province for GREED. And this goverment left the only way to call out these DESTRUCTIVE 'proposals' via an online form because of the absolute blatant attempts to HIDE and LIE about these changes. What kind of democracy does our current government pretend to uphold? Especially if these are the back-alley tactics that are used to propose any kind of change, especially change that violates a swath of land that has been promised to be maintained and protected for the benefit of all Ontarians - today and tomorrow.\nAbsolutely disagree with all parts of this 'proposal'. For shame.\n"
    },
    "71371": {
        "url": "/comment/71371",
        "comment": "This 'proposal' to solve for a house crisis by providing profit for developers intending to build estate homes outside of the buying power of most Ontarians instead of looking at strategic and long term opportunities for densification to resolve our housing crisis is entirely unnecessary.\nOver 80,000 acres of non-Greenbelt land are available to build housing on. 8,000 acres. 8,000!\nThousands of new housing units have been approved but are not being built \u2013 for example, only 9% of approved homes in the Waterloo Region have been built in the last two decades.\nThere is also lots of room and opportunity to build inside our cities and towns by implementing gentle density, so we build near where people want to live and say NO to sprawl. Just like Hamilton and Halton Region did. However, this proposal proposes to TAKE AWAY the democratic voices of our communities while simultaneously DESTROYING our environment.\nCuts to the Greenbelt will NOT create affordable housing. Developers have made millions due to the rising housing costs over the last decade and these homes will be no exception.\nWe were promised the Greenbelt was safe. Premier Ford even declared his love for the Greenbelt, in a now deleted tweet: \u201cI listened to the people and we are not touching the Greenbelt.\u201d\nIt sets a dangerous precedent. Once some Greenbelt land is developed, all of it is at risk. Other landowners are going to want to cash in on these priceless plots of land.\nAnd finally, it\u2019s all a smokescreen. Much of the land proposed for the \u201cswaps\u201d is, in fact, already protected. There is no mention in the proposal of who an overseer may be for the 'swaps' so there is no plan in place to ensure that a 'swap' even occurs. Especially with the proposals 'amendments' to the voices and power of our Conservation Authorities, there is nothing in these proposals that support our environment in the long run, only serving developers and not doing anything to resolve our housing crisis for our families and communities.\nPreposterous! No to this proposal.\n"
    },
    "71374": {
        "url": "/comment/71374",
        "comment": "Allowing development of environmentally protected lands in the midst of a climate emergency is short-sighted, we should be re-zoning single family residential areas to provide \"missing middle\" housing, and that this is rather clearly a cash grab from the politicians who are benefitting from \"political donations\" from developers.\n"
    },
    "71378": {
        "url": "/comment/71378",
        "comment": "I ABSOLUTELY disagree with any proposed changes to the green belt plan. Our green belts are an extremely necessary component of our already compromised eco system. Conservation initiatives were put in place for a very good reason. 17 years down the road our planet in in chaos. The very last thing we need to do is place more pressure on a system that I has already reached it\u2019s breaking point. Have the powers that be not heard of \u2018climate change\u2019?  This is not happening by itself. Politicians need to listen to scientists, not developers.\n"
    },
    "71384": {
        "url": "/comment/71384",
        "comment": "The Province should consider correcting \"mistakes\" in the current Greenbelt mapping.\nBeechway Development Inc. owns a property located between Bathurst Street and Yonge Street, north of Green Lane, in the Town of East Gwillimbury (PART LOT 102 CONCESSION 1 WEST OF YONGE STREET). The majority of the property has been farmed continuously for decades, with the exception of a portion  along Bathurst which contains a woodlot.\nThe western approximately one third of the property falls within the Greenbelt. While the inclusion of the woodlot within the Greenbelt designation make sense, the inclusion of the adjacent lands does not.\nThis portion, as with the balance of the property is free from any trees, bushes and/or natural features and accordingly should be removed from the greenbelt - see attached plan for additional details.\n"
    },
    "71385": {
        "url": "/comment/71385",
        "comment": "I strongly oppose the proposed changes.  The government's wishes to change planning decisions will provide a direct negative benefit to others downstream of the lands.  Full impact assessments of buildouts should be looked at prior to proposal for implementation.  The removal of permeable land upstream will create flood risks for others downstream.  The recent press for MZO further builds on this.\nIf there is any credibility behind the government and the agencies, the proposed changes will not pass.\n"
    }
}