{
    "63469": {
        "url": "/comment/63469",
        "comment": "Dear Ministry of Municipal Affairs and Housing:\nThank you for the opportunity to comment.\nI oppose the proposed removal/redesignation of lands from the Greenbel (ERO 019-6216, ERO 019-6217) for the following reasons:\n-\tIn this era of uncontrolled climate change, and with limited existing greenspace in the GTA, the Greenbelt provides a measure of resilience to Ontarians residing nearby and reduces costs (and taxes) for all Ontarians.\n-\tFor example, greenspaces have been shown to improve health. Access to greenspace would be great, but even if the greenspace is private, it is visible and more relaxing than seeing construction or subdivisions.\n-\tGreenspace helps absorb heat and rain, reducing \u201cheat island\u201d effects and flooding (or pressure on stormwater systems). In addition, it reduces the need for air conditioning and repairing damages from flooding which necessitate more resources and further contribute to greenhouse gases and climate change.\n-\tNearby farmland supports supply chain and resiliency of the area, rather than relying on land that is farther which also results in higher transportation costs.\n-\tIn short, the existing Greenbelt land is supporting health and the economy (supply chain resilience) and reducing climate change costs and emergencies that would ultimately be borne by Ontario taxpayers.\nBecause of these concerns, I find the proposed \u201ctrade\u201d (removing 7000 acres and designating 9400 acres of other land as part of the Greenbelt) insufficient, in particular:\n-\tThis amendment opens up land for development and removes greenspace but does not replace it with additional greenspace in similar locations (i.e. the land that is being added to the Greenbelt will stay in its existing condition; it is not land that was developed that is being restored back to a more natural state. If you would unpave 9400 acres of unused pavement and make it greenspace, that would be a better trade.) As such, I still have concerns about the diminished greenspace in the GTA that the Greenbelt protects.\n-\tYour proposal earlier this year (ERO 019-3136, ERO 019-4485) already considered adding land from the Paris Galt Moraine and Urban River Valleys (URVs). In particular, Phase 2 of designating URVs (in ERO 019-4485) specified that \u201cKey Principles for Expanding the Greenbelt identified in phase 1 were also applied. In particular, 1. No removal or land exchanges proposed \u2013 This proposal is about growing the size and quality of the Greenbelt, and the government will not consider the removal of any lands from the Greenbelt\u201d. The current proposal contradicts ERO 019-4485 and does not explain why land exchanges are proposed for the URVs. In addition, the Summary of Comments for ERO 019-3136 didn\u2019t seem to identify a need to trade the URVs and Paris Galt Moraine for proposed development areas elsewhere, so there is a lack of rationale and transparency as to how this is a relevant or compensatory trade.\n-\tMoreover, if the Paris Galt Moraine and URVs should be protected and added to the Greenbelt based on merit, then they should be added to the Greenbelt for that reason. There is no requirement to remove land in that process.\nFinally, I would like to raise alternatives.\n-\tOntario has a lot of land. There is no fundamental reason development needs to occur in the Greenbelt specifically.\n-\tOne could argue that previous or existing development policies and urban planning have not considered and addressed long-term needs. (Apparently we didn\u2019t plan and allocate land around the Greenbelt with a long-term view). However, continuing to make these same choices that got us here will not solve the underlying problem.\n-\tWhat happens when those 50,000 homes are inhabited and additional people want to move to the area? Do we keep carving up the Greenbelt to build large homes and subdivisions?\n-\tWhy is the rest of Ontario not a desirable place to live? How can we build healthy communities throughout Ontario while planning for long-term needs? Why do we need to build on GTA greenspace that is currently protected, that supports health, economic, and environmental resiliency, and whose loss would ultimately result in financial costs for residents of the GTA and Ontario?\nThank you for your time and attention. I hope that you will find alternate solutions to building homes that do not require removing protected Greenbelt land.\n"
    },
    "63473": {
        "url": "/comment/63473",
        "comment": "There are some things we lose and we will never get back. Green space, farmland, forests, wetlands, and watersheds will be impacted to an irreversible degree if the Greenbelt is opened to developers. As a citizen I have zero faith that any development will be sensitive to the wellbeing of the area and the importance to our environment.  There are alternatives for development within the province that do not require destroying the environment for short sighted financial gain and greed. Please continue to protect our Greenlands.\n"
    },
    "63475": {
        "url": "/comment/63475",
        "comment": "This is disgusting. The greenbelt is a important part of our community and a major factor to Toronto and Ontario's Green Look. The destruction of it sets our climate work back by 10 years. First CUPE and now the Greenbelt. It's like Fords trying to piss everyone off.\nTldr: What's lost can not be recovered. Save the Greenbelt\n"
    },
    "63476": {
        "url": "/comment/63476",
        "comment": "It's disingenuous that this proposal emphasises some greenspace acres gained in these changes, as if all green spaces are equivalent and as if that number directly relates to the environmental effects such changes in greenspace may have. Quoting from the information about the Oak Ridges Moraine (https://www.ontario.ca/page/oak-ridges-moraine): \"As part of the Greenbelt, the Oak Ridges Moraine is an environmentally sensitive, geological landform in south central Ontario...\" It's unclear why this environmentally sensitive area must be disrupted when municipalities could explore building more urban density and infrastructure. This feels like a plan to have quick housing progress metrics to show rather than politicians doing the work of navigating (and possibly reforming) other regulatory burdens. And this at cost to our natural environment.\nThe Oak Ridges Moraine conservation plan recognized that \"First Nations and M\u00e9tis communities within the Great Lakes region have a unique relationship with the land and its resources, which continues to shape the history and economy of the area today.\" (From: https://www.ontario.ca/page/oak-ridges-moraine-conservation-plan-2017) How many times in the past have we used land in a way that has forced these communities out of a way of life due to the way our developments affect the environment? This is not to mention that the GTA (like most of North America) has a serious urban sprawl problem and these land re-designations point to further sprawl.\nThis was an objective of the conservation plan based on the conservation act (2001): \"maintaining, improving or restoring all the elements that contribute to the ecological and hydrological functions of the Oak Ridges Moraine Area, including the quality and quantity of its water and its other resources.\" How would removing sections of the Oak Ridges Moraine area maintain, improve, or restore ecological and hydrological integrity? Where on the current proposal can one find the environmental impact assessments for removing those proposed areas? It's certainly not obvious that this has been considered at all. The only impacts considered (if you do a ctrl + f) on the proposal is regulatory, housing, and jobs. That seems short-sighted.\n"
    },
    "63477": {
        "url": "/comment/63477",
        "comment": "Please do not develop this land. We have seen what happens when we tamper with nature and build over floodplains. Southwestern Ontario experiences disastrous floods during high rain seasons and this will only spread if we develop this land. Compounding effects from climate change will contribute to natural disasters in the region.\n"
    },
    "63480": {
        "url": "/comment/63480",
        "comment": "Hello,\nAny removal of existing Greenbelt is unacceptable. Replacing existing Greenbelt space with other areas that are already protected and claiming it's more, is deceptive at best.\nNew housing can be built in other areas, like North towards Sudbury.  Not every new immigrant needs to live in the GTA. If the new immigrants want to live in Canada, their arrival shouldn't get to influence the decision to remove protected greenspace. Canada is a massive country with lots of other provinces and towns that have more space for urban sprawl.\nAnother idea is to repurpose existing low density residential and build apartment buildings instead of single family homes. Build up and not out.\nSigned,\nA very concerned citizen\n"
    },
    "63482": {
        "url": "/comment/63482",
        "comment": "I don\u2019t agree with this plan and I think it is bad for Ontario and Canada for a number of reasons.\n1)There is limited green space in Southern Ontario already. For the number of people who enjoy using it, any further development of the green belt will further concentrate use and lead to degradation from overuse.\n2) Urban sprawl is the least environmentally friendly or efficient way to use our space. We should look to increase density to leverage existing infrastructure.\n3) There will be no improvement of housing affordability using this plan. Developers are not looking to reduce the cost of single dwelling homes and it is their goal to make as much profit as possible off of their developments. They aren\u2019t building affordable homes. They are looking to cash in.\n4) Conservation authorities and municipalities must retain their ability to perform environmental assessments and reject irresponsible development. Giving developers carte Blanche to build wherever they want is frankly, absurd.\nThese are but a few of the many arguments about this dangerous, reckless and foolhardy plan. This benefits the very few who are already wealthy at a great cost to the public.\n"
    },
    "63485": {
        "url": "/comment/63485",
        "comment": "Not only should residential properties not encroach on the green belt, but the green belt should be expanded.\nResidential should be focused on cities and towns and allow single family dwellings to be built into triplexes. Foreign investors should also be barred from Ontario real estate and there should be a cap on the amount of properties one person can legally own.\n"
    },
    "63486": {
        "url": "/comment/63486",
        "comment": "The expansion into the greenbelt, an act which we were assured would not happen, is a direct and affront attack on the beautiful and rich landscape of Ontario. We cannot any longer sacrifice natural land and wildlife for profit of a few rich. It is the duty of every citizen to want to persevere and protect the natural landscape. If more houses are needed we should be looking at underfunded and underdeveloped townships in the North which could seriously benefit from a new wave of people. Please reconsider the destruction of the Greenbelt it is not only a sure fire way to harm the limited progress we have made in curbing emissions but it is also a statement that our childrens future, and the future of Ontario will always be second to greed and rapid development. Please protect the greenbelt\n"
    },
    "63488": {
        "url": "/comment/63488",
        "comment": "We should be rezoning single family homes into multi family homes not expanding outwards. We cant expand upon the greenbelt as most of the land is wetlands which will result in higher home flood rates that will lead to an increase in house insurance. If storm drains are created to move the water out of the wetlands it will cost taxpayers and municipalities to maintain they water systems.\n"
    },
    "63491": {
        "url": "/comment/63491",
        "comment": "Do not touch the greenbelt! Protecting the environment should be our number 1 priority amid a climate crisis. Housing will have to be addressed some other way. There is plenty of unused land in Ontario and opportunities for condo development. We need better infrastructure and more laws to protect homebuyers to help deal with the homing crisis. Stop selling to foreign buyers and corporations that want to inflate the market. Leave the greenbelt alone.\n"
    },
    "63493": {
        "url": "/comment/63493",
        "comment": "I strongly oppose the plan to \"swap\" land that's part of the greenbelt. There is no reason to touch the greenbelt until all other options for improving housing have been exhausted and even then it needs an extremely convincing argument and sufficient scientific backing.\nThere has been no convincing evidence presented that the changes are needed or that they will not cause irrevocable harm to our environment. It's a gross misuse of power to sacrifice our long term well being for some short term gain\nShame on the politicians that proposed and accepted this plan.\n"
    },
    "63496": {
        "url": "/comment/63496",
        "comment": "This appears to be a bad idea, and not a positive thing for people of Ontario.\nThe world is already facing environmental disasters due to climate change.\nWe need to protect our greenbelt.\nHaving more sprawl in Ontario will only cause more traffic, pollution, and lower production.\nIncreasing density will spur more innovation, and economic activity.\nSwapping green belt space with other spaces doesn't help Ontario's future. We also need to protect farmlands to secure our local food supply.\nEncourage building upwards, rather than outwards.\n"
    }
}