{
    "64037": {
        "url": "/comment/64037",
        "comment": "Please preserve the Greenbelt. We absolutely DO NOT need to unlock this for the benefit of housing developers.\nWhat we need is urban planning focused on creating affordable housing such as rentals which will benefit more Ontarians.\nThe Greenbelt is a important resource in order to preserve local biodiversity.\n"
    },
    "64038": {
        "url": "/comment/64038",
        "comment": "To whomever this may concern:\nWe have plenty of land to build affordable suburban and urban housing without causing damage to our clean water. And causing flooding and environmental losses. Instead of destroying that which you are on record saying you would not, look elsewhere. Build upwards in the large cities you seem to favour so much Mr. Ford.\nAs someone living in rural Ontario, this plan to build into the Greenbelt leaves a sour taste in my mouth. Just like your name, Mr. Ford.\nThank you for reading my comment and I hope you come to your senses.\n"
    },
    "64039": {
        "url": "/comment/64039",
        "comment": "I oppose all parts of this proposal. This will cause irreparable damage to the environment around the GTA and southern Ontario, truncate and destroy natural habitats, and will not solve the housing crisis in Ontario - existing developments that are built as sprawl around major cities have not helped to make housing more affordable, nor will this.\nAnd this is valuable farm land and environmental areas that we will not be able to replace. Leaving significant negative impact to Ontario's food production and self-reliance\n"
    },
    "64040": {
        "url": "/comment/64040",
        "comment": "I'm a young adult, raised in Hamilton and intend to live here for the long-term future. We should not be removing protected land to build residential. Urban densification is the answer to the housing crisis, not building on natural land and Hamilton already voted on this. Invest vertically, not horizontally and keep our province and environment beautiful.\n"
    },
    "64041": {
        "url": "/comment/64041",
        "comment": "I think this is an abhorant attack on our existing greenbelt.\nWhile expanding housing needs to be of paramount importance, especially given our province's current issues with rental availability, pricing, and home ownership. We also need to preserve what green space we have in order to protect an entire ecosystem.\nOur existence in the natural world needs to be a symbiotic one. If we continue to degrade and trample these precious land, what will protect future communities from the danger of climate change? The biggest issue we face being flooding.\nInstead of zoning enormous single family home neighbourhoods we need to think smarter and build up.\nThis further encroachment will only start a rapid continuation in the future against Ontario's natural world. We need it as much as it needs us.\n"
    },
    "64044": {
        "url": "/comment/64044",
        "comment": "I am not surprised the Ford government is yet again going back on their promise to not touch the Greenbelt. This gross destruction of farmlands, wetlands, and forests is the complete opposite of the direction the province needs to go. Every Ontarian knows this is a corrupt deal made between Ford and his developer donor friends. If this goes through, expect mass protests.\n"
    },
    "64046": {
        "url": "/comment/64046",
        "comment": "The Greenbelt is home to 78 at risk species and trees that are nearly 800 years old.\nAnd for what? Ugly Mcmansion homes and condos without a tree in sight. Perfectly manicured, plastic lawns, a new extension off the highway. Perhaps a new Walmart super center, placed over the roots of the trees that purified our air for almost 1000 years.\nI agree that housing is an issue. I\u2019m a 24 year old service worker, buying a house is something I can only dream about.\nBut as Canada grows, we need to build intelligently. Higher buildings with solar panels on every roof, designed AROUND our integral green spaces. Not through them.\nIf this housing project goes through, Ford\u2019s legacy will be a Joni Mitchell lyric. You paved paradise and put up a parking lot.\n"
    },
    "64049": {
        "url": "/comment/64049",
        "comment": "The green zone in York Region, at the North West portion of Newmarket in King should be reviewed once again. The infrastructure that Newmarket has is at full capacity. Additional planned increased infrastructure built timing does not align with the timing of the proposed development.\nThe planned development in that area will also have a huge impact on Newmarket overall eventhough this area is located King. Will any funding be provided to Newmarket to help offset this major impact iventhouh taxes will be collected by a King, not by Newmarket?\n"
    },
    "64051": {
        "url": "/comment/64051",
        "comment": "I was very dismayed to see the government go back on their words published last year in the Toronto Star where Minister Steve Clark stated that the government was \"not going to entertain any conversations about a land swap\" in regards to Ontario's Greenbelt.\nThe government is now doing exactly what they said they wouldn't, which they must see makes their constituents and, more broadly, the people of Ontario think three things:\n1. That the Minister is not a man of his word\n2. That he only said what he said for expediency/convenience\n3. That he will lie to us again\nThe Greenbelt is supposed to be permanent. The most important thing that can be done to protect these lands and the species that reside in them is to keep the Greenbelt whole. This allows for migration of species, limits pollution within habitats, and creates ecosystem resiliency against extreme natural events.\nBy opening up the Greenbelt to land swaps, you allow for the whittling away of our important natural resources and ecosystems substituted by other areas which are, for the most part, already under some type of environmental protection. This does not conserve more public land, and chokes off the Greenbelt into parcels which cannot exchange biodiversity.\nBut the housing. We need more housing!\nThere is a sore need for affordable housing in Ontario. There is a sore need for affordable everything. Gas, food, services, infrastructure, and more are all outpacing Ontarians' ability to pay.\nI will save my rant on why that means we should be working to improve wages and not trample Charter Rights to force labour unions to accept untenable contracts.\nI'll instead focus on initiatives you could work to enact right now that would help with Ontario's housing shortage without destroying crucial natural ecosystems:\n- Focus on zoning that builds housing within existing municipalities where new residents can take advantage of high walkability and public transit to keep their transportation costs down\n- Don't allow developers to pass along the costs of suburban sprawl to municipalities that would need to provide new roads and utilities to housing outside of their existing municipality boundaries - allowing this makes living more expensive for everyone except the developers building in the Greenbelt\n- Don't rezone Southern Ontario farmland so that it can be turned into subdivisions - Southern Ontario has a unique climate within Canada which allows us to grow many crops that otherwise need to be imported. Relying on importing food from other countries increases costs for consumers, creates unnecessary pollution, and lowers the resiliency of Canada's food supply chains.\n- Pass legislation to ensure developers build housing that Ontarians want rather than what makes the developer the most money. We want (and need!) less poorly built single-family homes in sprawling car-dependent subdivisions, less luxury condo skyscrapers, and more affordable housing in multi-use neighbourhoods.\n"
    },
    "64053": {
        "url": "/comment/64053",
        "comment": "Expanding into the greenbelt is not the solution to our housing woes. We already have well built cities with solid infrastructure that we can leverage and invest in if we opt to densify the housing options in areas that have already been developed. Creating new housing out in the greenbelt will just create more sprawl and lead to bedroom communities that lack the support of grocery stores, small businesses and parks that we already have. Expanding into the greenbelt is a bandaid fix that will rob future generations of one of our natural treasures while kicking the bucket of sustainable housing down the line a few years.\n"
    },
    "64056": {
        "url": "/comment/64056",
        "comment": "Typical political pandering. The information provided is extremely convoluted and mostly unnecessary.\nYou need to CLEARLY show and indicate what lands you are removing from protected to non-protected. Coupled with there is no infrastructure along side this to allow the 2+ million residential homes to flock to the main cities (Toronto, Mississauga, Etobicoke, etc.) The ineptitude is astounding.\nDO NOT REMOVE PROTECTED LANDS. Build up.\n"
    },
    "64058": {
        "url": "/comment/64058",
        "comment": "To the respect committee members,\nThis proposal is a fundamental error and guarantees long term negative consequences.\nAt this stage of our growth, and based on the scientific evidence, endangering habitat and reducing green space is a determinant to our environment and ecological stability.\nCanada and Ontario are thought leaders on science and sustainability research. As a governing party committed to making Ontario a world class leader in innovation and green energy, this proposal contradicts the essence of everything you\u2019ve evangelized.\nMy summary, building on the greenbelt is a very dangerous and irresponsible consideration.\nThank you.\n"
    },
    "64061": {
        "url": "/comment/64061",
        "comment": "i oppose to this proposal for a variety of reason. Destruction of significant wetlands, floodplain infringement, drinking water quantity/quality degradation, lots to choose from. this plan is destruction to our ecosystem and environment. this will be detrimental to the people of ontario for years and years to come.\n"
    },
    "64062": {
        "url": "/comment/64062",
        "comment": "The greenbelt is incredibly sensitive and important land to Ontarians. Destroying it to further increase suburban sprawl and continue wasteful development practices is unthinkable when we have so much land that can be rezoned that is not in such a sensitive area. Developments in the greenbelt will lead to flooding, water quality degradation, and pain for future Ontarians. Destroying the greenbelt is not in this government\u2019s mandate, and is not what we want.\n"
    }
}