{
    "65292": {
        "url": "/comment/65292",
        "comment": "The greenbelt is a precious natural resource for Ontario and should not be encroached on unilaterally without thorough public consultation and environmental assessment of these expansions.\nMore over, the expansion of Hamilton urban boundaries that this bill allows for goes directly against the democratic decision by the city to not expand.  Expansion in particular on Map 9 will significantly impact farm land and add increased demand on already over utilized road networks in Ancaster.  Considering current density increases don't properly account for infrastructure I doubt an enforced expansion by the province will also.\nBill 23 is a blatant disregard of the citizens democratic rights in Ontario and shows that the government has no interest in respecting the will of the people nor protecting the environment.\n"
    },
    "65293": {
        "url": "/comment/65293",
        "comment": "Four years ago, Doug Ford's plans to carve up the Greenbelt had to be scrapped in the face of overwhelming public opposition. At that time, he said: \u201cThe people have spoken. We won\u2019t touch the Greenbelt. That\u2019s it.\u201d\nWhat has changed? Doug Ford claims immigration is forcing us to build on the Greenbelt. But where is the data? How is building homes on prime agricultural and environmentally sensitive lands supposed to help with affordable housing? These will not be affordable homes. They will contribute to sprawl, cause flooding, and endanger species among many other things.\nWe don\u2019t have to choose between protecting the environment we love and building the housing we desperately need. Urban sprawl is an environmental and economic disaster. We need to build homes where people need to live \u2013 near transit and shops, where they can work and play without the soul-crushing commutes that steal their time with loved ones. We need to build walkable communities so that precious land isn't taken up by highways and sprawl.\nOn behalf of this and future generations, I urge you to withdraw the proposal to build on the Greenbelt. It\u2019s the right thing to do.\n"
    },
    "65295": {
        "url": "/comment/65295",
        "comment": "Destroying the Greenbelt because some wealthy land owners decided to buy up large tracts of land years ago is not a good idea. Nor is it \"necessary\" as the Premier has commented recently. The government's own Housing Affordability Task Force also notes this in their report linked below - see page 10.\nIf this government wants to fulfill their slogan \"For The People\", stop pushing unpopular decisions that benefit very few and will have long-lasting, negative impacts to our environment, drinking water, wildlife, wetlands, and on and on and on.\nhttps://files.ontario.ca/mmah-housing-affordability-task-force-report-e\u2026\nPlease, please, please use the resources, the experts who want to help, and common sense to move forward with a better plan than this.\nIncentivize redevelopments of strip malls, malls, abandoned commercial and industrial properties. Focus on building urban areas in towns and smaller cities that have the ability to grow up, not out.\n"
    },
    "65297": {
        "url": "/comment/65297",
        "comment": "The greenbelt is an important piece of Ontario\u2019s conservation strategy. Given the current climate crisis that we are facing, losing any part of it is a mistake and will cause more harm to our province in ecological, economic, and cultural planes. This government promised during this campaign that they would not touch it and are now flipping on their promise to serve the interests of developers. Do not touch the greenbelt!\n"
    },
    "65298": {
        "url": "/comment/65298",
        "comment": "I was dumbfounded to hear of this proposal, not only because it\u2019s unnecessary and environmentally disastrous, but recent public comments to blame immigrants is beyond offensive.  My initial reaction involved words I would not want to repeat if my goal is to retain a certain sense of decency and objectivity.\nTo phrase more politely, our family is vehemently opposed to the development of the Greenbelt. I would expect an effective government to only pursue development opportunities that have long term sustainable positive environmental and socio-economic impacts. Pursuing this adverse change to the Greenbelt is incredibly short sighted, and not aligned with the values and hopes for current and future generations of Ontarians. I implore Doug Ford and his Conversative party, who may currently hold majority power due to our electoral system being based on long outdated legislative structures which result in suboptimal decision making not in best interests of majority of residents of Ontario, to please reconsider and not pursue this development avenue. There are many other options for adding additional housing that will not have such long term dire environmental consequences. I would suggest you rely on expert scientific and socio-economic opinions rather than ridiculous political posturing to monetarily reward a small group, destroy natural environments and create a very limited amount of housing stock with very questionable benefit.\n"
    },
    "65301": {
        "url": "/comment/65301",
        "comment": "The greenbelt program is completely irresponsible.\nWe've had mo end of reports with recommendations on improving the housing crisis, and they don't involve destroying the greenbelt.\nOntario sees this as the smash and grab it is.\nDensify our urban areas and follow the recommendations we've paid money to acquire.\nWe're living in a time when the long term consequences and costs of short sighted actions are increasingly hard to deny.\nThis is your legacy.  Do right be the land and people you represent.  Reject this proposal.\n"
    },
    "65302": {
        "url": "/comment/65302",
        "comment": "The Greenbelt has been so important to my family and so many others, especially during covid. When we weren\u2019t comfortable seeing people indoors we started exploring the greenbelt\u2019d parks and trails and now use them much more regularly even if we are more comfortable indoors. Should we have another pandemic the greenbelt is absolutely crucial and in other times it is very important. In addition as we work to fight climate change it is absurd that we would take down trees and green space to build homes or roads.\n"
    },
    "65305": {
        "url": "/comment/65305",
        "comment": "Developing the greenbelt will cause irreversible damage to the area. From an environmental perspective I know you know what damage it will do. It is a wildly unpopular idea, with barely a thin veil covering the obvious greed behind this decision. Yes we need housing, but no one is asking for it at the cost of the natural spaces that make living in these areas worth it. Build more low-rises and townhouses on existing single family home zoning.\n"
    },
    "65309": {
        "url": "/comment/65309",
        "comment": "This is deeply disturbing that a long standing protected area that is VITAL to the province would just be so carelessly \u201cremoved\u201d and \u201cput back\u201d somewhere else. Our Greenbelt protects important wetlands, grasslands, forests and countless species at risk. They help filter ground water, absorb carbon dioxide, and so much more\u2026one cannot just take that land and \u201cadd it back\u201d somewhere else. I am strongly opposed to the redevelopment plan that we were PROMISED would not be touched.\n"
    },
    "65310": {
        "url": "/comment/65310",
        "comment": "Removing land from the green belt is not a viable option. these homes likely be too expensive for most people given the location and distance from busy working areas such as downtown Toronto, which would defeat the purpose of \u201chelping the housing crisis\u201d. Furthermore, the green belt serves as an essential corridor and conserved land for wildlife. Given the current climate and discourse surrounding climate change, it is imperative that the government preserve land rather than demolish it.\n"
    },
    "65311": {
        "url": "/comment/65311",
        "comment": "I'm personally very against this amendment. We should be focusing on building density in our existing residential areas instead of building endless sprawl. It's an unsustainable and outdated approach to housing that requires far more of the tax payers money to build and maintain the new infrastructure for those new builds.\n"
    },
    "65313": {
        "url": "/comment/65313",
        "comment": "Protected green areas are within that status for a reason. In a world damaged and devastated by human expansion and construction, we do not need more development in our ecological backyard. This proposal will not fix the housing crisis in Ontario, it will only serve to fill the pockets of land developers and real estate agents at the expense of wildlife and the biosphere.\nThe Greenbelt was my grandfather's joy. Driving through it and seeing unfettered wetlands, sprawling farms and a glowing sun would fill him with fondness for life. I see it the same way. We don't need more urban sprawl. We do need natural wonder.\n"
    },
    "65314": {
        "url": "/comment/65314",
        "comment": "The proposed \"More Homes Built Faster Act\" includes only tepid measures to enable more badly needed home construction in existing cities while diving deep into dangerous attacks on wetland habitat, woodlands and other conservation lands and encouraging even more of the expensive rural sprawl that caused Ontario\u2019s housing crisis.\nThe most glaring feature of this bill and its associated policy proposals is an attack on Conservation Authorities, woodlands and provincially significant wetlands that aims to enable destruction of wetland habitats and conservation lands.\nAcross Ontario, municipalities largely leave it to Conservation Authorities to use refusal of permits \u2013 and their authority to appeal land use decisions \u2013 to ensure that sprawl doesn\u2019t destroy the ecological function of the habitat and water bodies they protect.\nHowever, this Bill prohibits Conservation Authorities from doing anything to prevent sprawl from causing flooding and erosion \u2013 or destroying ecology. It would leave vast swathes of Ontario\u2019s most important habitats largely unprotected \u2013 and put Ontarians at real risk. This measure is useless as a spur to housing supply, because Ontario has more than enough room in existing neighborhoods and lands already designated for development than it will need for housing for many decades\nProposed policy to allow \u201cpay to slay\u201d destruction of currently protected wetlands and woodlands, and changes to the rules that are used to identify wetlands, will cause the majority of these rare and ecologically crucial areas to be opened to development\nThis Bill\u2019s attack on regional planning is counterproductive for creating affordable homes \u2013 as well as being environmentally disastrous.\nDevolving planning decisions to lower-tier municipalities would produce development that is more scattered and thus much more environmentally harmful, but also more uncoordinated and expensive.\nThis is precisely the opposite of what\u2019s needed at a time when we need to preserve every acre of farmland and habitat, and use scarce construction materials, construction labour, equipment and supporting infrastructure to maximize the number of well-designed and low-cost homes, and transform existing post-warII subdivisions into public transit supporting complete communities.\nThe draft bill attacks Green Buildings.\nMunicipalities have developed green building standards to ensure new construction is environmentally, socially, and economically responsible as well as cheaper to own and maintain. This bill will take away their authority to require green buildings and undermine the affordability benefits that energy-efficient, climate-resilient buildings provide to owners and tenants.\nOne of the only bright spots in this Bill is a requirement to build more densely near major transit stations:\nHowever, promised reforms to remove or reduce exclusionary \u201csingle detached\u201d zoning, which is desperately needed to add compact and low-cost family housing to existing low-rise neighborhoods, were watered down to such a degree that, according to the government\u2019s own documents, they would create just 50,000 of the 1,500,000 promised  homes.\nThis means that families would still be pushed out into low-density car-dependent sprawl.\nThe government seems to be using this bill to destroy many of the most effective measures that cities have created to ensure that development can go ahead smoothly without causing social and environmental problems, including ending the requirement for rental unit replacement when old buildings are replaced and putting restrictions on inclusionary zoning.\nUnless the major flaws in this Bill are addressed it will further the destruction of critical natural areas in a time of climate crisis while also failing to deliver the urban transformation \u2013 or the affordable housing \u2013 that Ontario needs.\n"
    },
    "65315": {
        "url": "/comment/65315",
        "comment": "I disapprove of building homes on Hamilton's green belt.\nI do agree Ontario needs more housing especially in the GTHA but destroying protected land is not the way.\nWe need more rural communities in the GTHA, less density of population.\nWe aren't sardines stuffed into a can. Everyone needs space\nAnd we have a duty to protect mother nature as well.\n"
    },
    "65317": {
        "url": "/comment/65317",
        "comment": "Taking over the greenbelt for construction of homes is an irresponsible approach to tackling our housing issue. Building on protected green lands is unacceptable given the environmental climate. The housing issue should and can be solved using already developed lands, consider transit oriented development, consider gentle densification and infill. I am strongly against this proposal, and would suggest to have public consultation with environmental bodies along with environmentalists, urbanists or other experts along with the public to discuss responsible solutions. Building fast, contributing to sprawl, and taking away protected greenbelt is not the answer.\n"
    },
    "65318": {
        "url": "/comment/65318",
        "comment": "Good day, recently there has been a lot about the development on farmland and the green belt. I am against the over population of our existing city by allowing lane way and backyard homes. This will contest neighbourhoods more. We don\u2019t have the infrastructure for this.\nI understand the reluctance for going out of the current areas but remember most of our homes are on ,once farmland.\nThe true issue here is cost and number of homes available with in budgets.\nTake a minute and look at the homes that are being built, 2000 sq ft and up\nWhy is it that we know think a house/home has to be so big.\nFamily rooms,dens, dining rooms, bedroom for each sibling.\nStart building homes that are smaller, we did this with \u201cwar time homes it allowed people to get a home. A 800-1000 sq ft home is large enough for a family of 4-5.\nMy humble opinion.\nDarren\n"
    }
}