{
    "78827": {
        "url": "/comment/78827",
        "comment": "ERO FILE NUMBER 019-6216\nProposed Amendments to the Greenbelt Plan\nLands Located in the City of Hamilton\nSouth of Garner Road West, West of Fiddlers Green Road, East of Shaver Road, in the Vicinity of Book Road West \u2013 Map 9 to ER0 FILE 019-6216\nI strongly support the removal of these lands from the Greenbelt for the following reasons:\nThe lands are adjacent to existing settlement areas;\nThe lands are adjacent to the edge of the Greenbelt area boundary;\nThe lands have the potential to be serviced in the near-term with local infrastructure upgrades to be entirely funded by proponents; and\nThe lands proposed for the removal have the characteristics that would enable housing to be built in the near term;\nThe subject lands were inappropriately and precipitously added to the Greenbelt in 2016 without proper consultation with residents and businesses in the area;\nThe inclusion of the subject lands in the Greenbelt in 2016 was contrary to the City of Hamilton\u2019s staff position and that of their consultants engaged in the Greenbelt review process;\nThere is no planning or scientific justification to support the inclusion of the lands in the Greenbelt.  The inclusion appeared totally arbitrary;\nI understand that the City of Hamilton requires these lands to meet housing needs to address affordability and supply issues.  This is an area that affords excellent accessibility to major highways and community services in the abutting urban area of Hamilton and the Ancaster community.  I strongly support the Provincial initiatives to increase the supply of housing in the community.\n"
    },
    "78828": {
        "url": "/comment/78828",
        "comment": "These so called housing developments have nothing to do with addressing the real issues facing our current and future housing crisis in our market driven economy.\nFirstly we have to come to the realization that we can no longer build monster homes and mansions, homes larger than 1,200 sq ft. The carbon footprint to build and maintain these large houses is no longer viable. The conspicuous consumption in our society has to be curtailed.\nThe number of individuals and families that are unable to afford rents let alone afford buying a house or condo is increasing . But all I see is expensive houses and condos being built in current urban areas where these people live and work. Where are they going to live? Where can they go? These ordinary folks are vital for the economy of these existing urban centers.  Instead of thousands of condos we need affordable apartments, but condos seem to be a quick money grab for developers. And we know that these developers are  who the present government gets significant funding from and in return  the government works for their interests, not the ordinary folks. The number of people using food banks is increasing, because rents are no longer viable with current wages. And the solution does not lie with long commutes. If people cannot afford rents/houses, what makes the government think that they can afford a vehicle, insurance and gas. Not only is public transit expensive  but it is horrendous in connecting one urban area to another. Yet this government's only solution to traffic congestion is building more highways, further destroying the greenbelt and farmlands adding to our carbon footprint. Other nations are way ahead of us with high speed rail services connecting distant urban area that could be developed. But instead we got rid of our railways to indulge ski-doo trails for the few. It's a shame that our governments, present and past, have not been forward thinking. All our urban developments have been car centric in planning. Driving to work and driving to shop for essential items. We are borrowing and stealing from the future generations just for the sake of convenience and greed and a sense of entitlement.\nSecondly  we can no longer keep destroying and encroaching on natural habitats. We are destroying what existing species and biodiversity that is left. (As in case  you haven't heard the increasing coyote population in urban areas.) The current government and developers either don't realize or choose to ignore how vital having a variety of species, plants and animals, and protecting existing watershed areas. Maintaining and protecting  this space, the Greenbelt, is vital to our existence, our local food supplies. For example,  bees in particular and other insects are being threatened by diminishing natural landscapes are vital to so many of our farmers. We don't live separately from nature it is not there for us to exploit.  We have limited rich, fertile soil, viable farmlands, the vast majority only located in southern Ontario. We can't farm on the Canadian Shield! And once that soil is gone, it is gone forever! But  maybe the government has the na\u00efve  belief that we can just import all our food. And if there is an increase in costs who cares because at least the wealthy will be able to afford it and everyone else can line up at the food banks. But as we have learned from the increase in costs of food, it is not just from the cost of importing and shipping, but also due to the devastation of crops from adverse climate conditions. And as climate change is increasing around the globe, droughts, fire, floods etc. we need to protect whatever local food supply we have as much as possible.\nBecause truth be spoken our governments are near sighted and fundamentally  do not care for our future, our children's future, our grandchildren's future.   There is a growing concern with the mental health of our children and their concerns and worries about their future. We owe it to them, the future generations, and to reach deep within ourselves, to search what is really important to us and in our existence, the way we live. As farmland is expropriated for highways, (by the way we can't eat concrete), there is a concern with some developers that they will lose  potential revenue of over 240 million dollars with the greenbelt. Wow! Are we going to be defined as a society of kindness and compassion towards everyone and every living being, or as a mindless, selfish society in quest only for material wealth  and greed at the expense of everything  else.  The present provincial government won a so called majority with only 40% of the vote, with less than 50% of eligible voters voting. This should not even be  on the table open for consideration.\n"
    },
    "78829": {
        "url": "/comment/78829",
        "comment": "ERO FILE NUMBER 019-6216\nProposed Amendments to the Greenbelt Plan\nLands Located in the City of Hamilton\nSouth of Garner Road West, West of Fiddlers Green Road, East of Shaver Road, in the Vicinity of Book Road West \u2013 Map 9 to ER0 FILE 019-6216\nI strongly support the removal of these lands from the Greenbelt for the following reasons:\nThe lands are adjacent to existing settlement areas;\nThe lands are adjacent to the edge of the Greenbelt area boundary;\nThe lands have the potential to be serviced in the near-term with local infrastructure upgrades to be entirely funded by proponents; and\nThe lands proposed for the removal have the characteristics that would enable housing to be built in the near term;\nThe subject lands were inappropriately and precipitously added to the Greenbelt in 2016 without proper consultation with residents and businesses in the area;\nThe inclusion of the subject lands in the Greenbelt in 2016 was contrary to the City of Hamilton\u2019s staff position and that of their consultants engaged in the Greenbelt review process;\nThere is no planning or scientific justification to support the inclusion of the lands in the Greenbelt.  The inclusion appeared totally arbitrary;\nI understand that the City of Hamilton requires these lands to meet housing needs to address affordability and supply issues.  This is an area that affords excellent accessibility to major highways and community services in the abutting urban area of Hamilton and the Ancaster community.  I strongly support the Provincial initiatives to increase the supply of housing in the community.\n"
    },
    "78831": {
        "url": "/comment/78831",
        "comment": "ERO FILE NUMBER 019-6216\nProposed Amendments to the Greenbelt Plan\nLands Located in the City of Hamilton\nSouth of Garner Road West, West of Fiddlers Green Road, East of Shaver Road, in the Vicinity of Book Road West \u2013 Map 9 to ER0 FILE 019-6216\nI strongly support the removal of these lands from the Greenbelt for the following reasons:\nThe lands are adjacent to existing settlement areas;\nThe lands are adjacent to the edge of the Greenbelt area boundary;\nThe lands have the potential to be serviced in the near-term with local infrastructure upgrades to be entirely funded by proponents; and\nThe lands proposed for the removal have the characteristics that would enable housing to be built in the near term;\nThe subject lands were inappropriately and precipitously added to the Greenbelt in 2016 without proper consultation with residents and businesses in the area;\nThe inclusion of the subject lands in the Greenbelt in 2016 was contrary to the City of Hamilton\u2019s staff position and that of their consultants engaged in the Greenbelt review process;\nThere is no planning or scientific justification to support the inclusion of the lands in the Greenbelt.  The inclusion appeared totally arbitrary;\nI understand that the City of Hamilton requires these lands to meet housing needs to address affordability and supply issues.  This is an area that affords excellent accessibility to major highways and community services in the abutting urban area of Hamilton and the Ancaster community.  I strongly support the Provincial initiatives to increase the supply of housing in the community.\n"
    },
    "78832": {
        "url": "/comment/78832",
        "comment": "ERO FILE NUMBER 019-6216\nProposed Amendments to the Greenbelt Plan\nLands Located in the City of Hamilton\nSouth of Garner Road West, West of Fiddlers Green Road, East of Shaver Road, in the Vicinity of Book Road West \u2013 Map 9 to ER0 FILE 019-6216\nI strongly support the removal of these lands from the Greenbelt for the following reasons:\nThe lands are adjacent to existing settlement areas;\nThe lands are adjacent to the edge of the Greenbelt area boundary;\nThe lands have the potential to be serviced in the near-term with local infrastructure upgrades to be entirely funded by proponents; and\nThe lands proposed for the removal have the characteristics that would enable housing to be built in the near term;\nThe subject lands were inappropriately and precipitously added to the Greenbelt in 2016 without proper consultation with residents and businesses in the area;\nThe inclusion of the subject lands in the Greenbelt in 2016 was contrary to the City of Hamilton\u2019s staff position and that of their consultants engaged in the Greenbelt review process;\nThere is no planning or scientific justification to support the inclusion of the lands in the Greenbelt.  The inclusion appeared totally arbitrary;\nI understand that the City of Hamilton requires these lands to meet housing needs to address affordability and supply issues.  This is an area that affords excellent accessibility to major highways and community services in the abutting urban area of Hamilton and the Ancaster community.  I strongly support the Provincial initiatives to increase the supply of housing in the community.\n"
    },
    "78835": {
        "url": "/comment/78835",
        "comment": "ERO FILE NUMBER 019-6216\nProposed Amendments to the Greenbelt Plan\nLands Located in the City of Hamilton\nSouth of Garner Road West, West of Fiddlers Green Road, East of Shaver Road, in the Vicinity of Book Road West \u2013 Map 9 to ER0 FILE 019-6216\nI strongly support the removal of these lands from the Greenbelt for the following reasons:\nThe lands are adjacent to existing settlement areas;\nThe lands are adjacent to the edge of the Greenbelt area boundary;\nThe lands have the potential to be serviced in the near-term with local infrastructure upgrades to be entirely funded by proponents; and\nThe lands proposed for the removal have the characteristics that would enable housing to be built in the near term;\nThe subject lands were inappropriately and precipitously added to the Greenbelt in 2016 without proper consultation with residents and businesses in the area;\nThe inclusion of the subject lands in the Greenbelt in 2016 was contrary to the City of Hamilton\u2019s staff position and that of their consultants engaged in the Greenbelt review process;\nThere is no planning or scientific justification to support the inclusion of the lands in the Greenbelt.  The inclusion appeared totally arbitrary;\nI understand that the City of Hamilton requires these lands to meet housing needs to address affordability and supply issues.  This is an area that affords excellent accessibility to major highways and community services in the abutting urban area of Hamilton and the Ancaster community.  I strongly support the Provincial initiatives to increase the supply of housing in the community.\n"
    },
    "78836": {
        "url": "/comment/78836",
        "comment": "ERO FILE NUMBER 019-6216\nProposed Amendments to the Greenbelt Plan\nLands Located in the City of Hamilton\nSouth of Garner Road West, West of Fiddlers Green Road, East of Shaver Road, in the Vicinity of Book Road West \u2013 Map 9 to ER0 FILE 019-6216\nI strongly support the removal of these lands from the Greenbelt for the following reasons:\nThe lands are adjacent to existing settlement areas;\nThe lands are adjacent to the edge of the Greenbelt area boundary;\nThe lands have the potential to be serviced in the near-term with local infrastructure upgrades to be entirely funded by proponents; and\nThe lands proposed for the removal have the characteristics that would enable housing to be built in the near term;\nThe subject lands were inappropriately and precipitously added to the Greenbelt in 2016 without proper consultation with residents and businesses in the area;\nThe inclusion of the subject lands in the Greenbelt in 2016 was contrary to the City of Hamilton\u2019s staff position and that of their consultants engaged in the Greenbelt review process;\nThere is no planning or scientific justification to support the inclusion of the lands in the Greenbelt.  The inclusion appeared totally arbitrary;\nI understand that the City of Hamilton requires these lands to meet housing needs to address affordability and supply issues.  This is an area that affords excellent accessibility to major highways and community services in the abutting urban area of Hamilton and the Ancaster community.  I strongly support the Provincial initiatives to increase the supply of housing in the community.\n"
    },
    "78837": {
        "url": "/comment/78837",
        "comment": "ERO FILE NUMBER 019-6216\nProposed Amendments to the Greenbelt Plan\nLands Located in the City of Hamilton\nSouth of Garner Road West, West of Fiddlers Green Road, East of Shaver Road, in the Vicinity of Book Road West \u2013 Map 9 to ER0 FILE 019-6216\nI strongly support the removal of these lands from the Greenbelt for the following reasons:\nThe lands are adjacent to existing settlement areas;\nThe lands are adjacent to the edge of the Greenbelt area boundary;\nThe lands have the potential to be serviced in the near-term with local infrastructure upgrades to be entirely funded by proponents; and\nThe lands proposed for the removal have the characteristics that would enable housing to be built in the near term;\nThe subject lands were inappropriately and precipitously added to the Greenbelt in 2016 without proper consultation with residents and businesses in the area;\nThe inclusion of the subject lands in the Greenbelt in 2016 was contrary to the City of Hamilton\u2019s staff position and that of their consultants engaged in the Greenbelt review process;\nThere is no planning or scientific justification to support the inclusion of the lands in the Greenbelt.  The inclusion appeared totally arbitrary;\nI understand that the City of Hamilton requires these lands to meet housing needs to address affordability and supply issues.  This is an area that affords excellent accessibility to major highways and community services in the abutting urban area of Hamilton and the Ancaster community.  I strongly support the Provincial initiatives to increase the supply of housing in the community.\n"
    },
    "78841": {
        "url": "/comment/78841",
        "comment": "Opening the Greenbelt to development takes away much needed farmland that supports our province\u2019s growing population. We are at more risk of flooding by destroying natural watersheds. We will be destroying habitats that support biodiversity, we\u2019ll be setting back our ability to reestablish older growth in our forests, and we\u2019ll be getting rid of forests and lands that capture carbon dioxide from the atmosphere. This also gets rid of our beautiful environment for current and future generations to enjoy. The Greenbelt also lies on First Nation's territory and the proposal has not undergone consultation with Indigenous populations within Ontario. Doug Ford only cares about lining the pockets of his financial supporters and not about the people or land of Ontario.\n"
    },
    "78842": {
        "url": "/comment/78842",
        "comment": "I am very concerned about opening up the Greenbelt for development.  This area is home to the headwaters of a number of rivers  and they must be protected from development.  We need \"green\" lands for both our health and the health of the environment.  (Indeed the proposed changes will only exacerbate climate change.)  Building on this part of the Greenbelt also threatens natural habitats and species at risk.  Swapping land makes no sense.  We need to ensure we protect the Oakridge Moraine.   The proposed changes will simply encourage urban sprawl.  Yes, we need more housing, but we do not need McMansions or low-density housing. Moreover, land for new housing already exists in the greater Toronto area.  This land would be less costly to build on than new development in the precious greenbelt.  In short, we don't need to massacre the greenbelt to build houses.  We have the space outside the greenbelt.  The sprawl that will come from these changes also reduces critical agricultural land, and once gone, cannot be replaced. (Food security is becoming much more of an issue and to solve that we need agricultural land.)  Please do not touch the Greenbelt.  Let's leave it for our children's children so they can enjoy beautiful greenspace and see the wondrous diversity of species that can thrive in this protected space.  If these changes are allowed, then there is nothing stopping the eventual destruction of the rest of the belt.\n"
    },
    "78843": {
        "url": "/comment/78843",
        "comment": "The plans to Amend the Greenbelt are a violation of trust against the people of Ontario.\nEnvironmental regulations are there to protect homeowners and to preserve our Natural resources and heritage.\nThis is also very plainly corruption with some developers buying land very recently with large rates.\nThis move fits into Doug Fords craven nature. He says he is a man of the people but doesn't understand some issues (education, healthcare, long term care, environmental regulations) are there FOR the public good.\nThat means more good is done by doing these things together. This decision only benefits friends of Ford.\nAs citizens we have a duty to the province and country we live in not to special interests of a few.\nI stand for Democracy, Science, and the Public Good.\nPlease stop this imbecilic decision.\n"
    },
    "78844": {
        "url": "/comment/78844",
        "comment": "I just graduated undergrad, I\u2019m 22 and even I can recognize how harmful and disingenuous this \u201cBuild More Homes Faster\u201d bill is. I\u2019m also a child of immigrants who grew up in a new suburb. Seeing development across Ontario amble on in the same uninspired, profit-driven, near-sighted manner - endless isolated, high-carbon neighbourhoods of single family homes and townhouses connected by multi-national-corporation-packed strip malls - needs words deeper than shameful.\nEspecially when we have creative, green examples internationally of healthier ways of planning cities. This adds fuel to the climate crisis and I will be doing everything I can to oppose this Bill.\n"
    },
    "78847": {
        "url": "/comment/78847",
        "comment": "This plan is appalling. It seems a joke to call it a plan when it is just disregarding environmental assessments in favor of giving money to developers. The idea that land could be reverted back to the green belt is laughable. You can't cut down trees that are hundreds of years old and chop through habitats and expect that replanting will put things back the way they were. The river behind my house is already choked with silt every time it rains from shoddy development and I haven't heard an owl since the ridiculously tall and poorly contained lights were installed on the 400. You're destroying the environment.\n"
    },
    "78849": {
        "url": "/comment/78849",
        "comment": "I am fiercely opposed to the Ontario government\u2019s plan to open up protected land on the Greenbelt for development.\nUntil quite recently, wanted us to believe you were too. Just last year, you said: \u201cWe\u2019re not going to entertain any conversations about a land swap\u201d on the Greenbelt.\nWe don\u2019t have to choose between protecting the environment and building the housing we desperately need. Your own Housing Affordability Task Force made it very clear that the housing crisis is not caused by a lack of land to build on.\nPlanning experts in Ontario and around the world are unanimous: urban sprawl is an environmental and economic disaster. We need to build homes where people want to live \u2013 near jobs, transit, shops and entertainment, where they can work and play without the long, soul-crushing commutes that steal their time with loved ones.\nThe Greenbelt creates almost $10 billion in economic activity and supports over 177,000 local-full time equivalent jobs. It is also vital to our province\u2019s food security.\nI urge you to withdraw the plan to open up the Greenbelt to sprawl development. There are far better solutions to the housing crisis \u2013 and future generations will thank us for preserving this precious legacy.\n"
    },
    "78858": {
        "url": "/comment/78858",
        "comment": "I do not support Bill 23- or taking any land from the greenbelts period.\nAs a CPMHN (c) RN and a SADV RN I work with the homeless community as a substantial portion of my job.  I also volunteer with many nursing environmental projects, as well as community environmental projects.\nBill 23 in its current form is taking land from the green belt and will not assist with the primary housing problem in the province.  In its current form it will only serve to create homes that middle-upper income Ontarians will move into or serve as secondary residents.\nIf you consult further with any housing advocates or read the countless analysis's it will quickly become clear why.\nThis Bill is NOT truly helping the housing situation and my opinion is that it should be repealed.  If the Otnario government has any interest in helping the housing situation there is already suitable land in countless areas- and PR campaigns should be undertaken to promote vertical instead of horizontal sprawl, as well as try to make multi-dwelling home s(ie: townhouses, semi-detachments, apartments) look more appealing.\nThe government should instead by investing in more harm reduction initiatives, gender-based violence initiatives, emergency shelters, transitional homes (WITHIN CITY LIMITS AS THESE FOLKS REQUIRE PUBLIC TRANSPORTATION FOR BASIC NEEDS TO BE MET), stronger outpatient mental health support programs (the waitlists are currently ridiculous in this province), invest in more funding for immigrant communities, and further invest into initiatives that support the TRC report and assist homeless indigenous folks, place stronger legislation in place for rent control, and more investment in public transportation in key municipalities.\nIf you consult the WHO and health care professionals surrounding the housing issues in our province you will further find out that unhealthy environments cause 25% of global deaths per year with the number expected to rise- ie: due to exacerbating respiratory conditions with poor air quality, more flooding and erosion, cancers from increased carcinogen exposures.\nPlease repeal bill 23.  It will only serve to hurt Ontarians lives and health in the future.  Please spend more time consulting on how to properly address the housing problem in a meaningful way.\n"
    },
    "78860": {
        "url": "/comment/78860",
        "comment": "I find this shocking beyond belief. At a time when our environment needs protecting we find we even have a democracy that no longer works. We the public have once again been shafted by this government. There is absolutely is no need except for the pleasing of the developers who care even less than this government. Anyone who has done even limited research knows that taking this land from the greenbelt is not necessary\n and that there is plenty of land that can be easily serviced to meet the need.\n"
    }
}