{
    "66447": {
        "url": "/comment/66447",
        "comment": "As a parent, a proud Ontarian, an admirer and lover of our natural treasures and wonders throughout this province, and an avid supporter of local businesses (especially locally grown produce and locally, humanely raised livestock), I am sorely disappointed in the PC government\u2019s plan to destroy some of the Greenbelt in favour of expanding urban sprawl and building more inaccessible housing. We have a true need to address the spiralling housing crisis we are facing throughout our communities, but especially in our most expensive cities, and the plan to pave over the Greenbelt in order to build more unaffordable housing, in the shape of massive single family homes and gargantuan mansions. is a callous and irresponsible one which does not serve any need we are currently facing and solves no crucial nor immediate issue which the general population had been guaranteed would be addressed and ameliorated. The proposed plan is detrimental to the environment, to local farmers and their livelihoods, and to maintaining lower food prices in a time where affording to put healthy and fresh food on the table is proving to be an extreme expense that a vast majority of families  can no longer afford. Not only do we have an urgent need to protect our environment, but we also have an urgent need to provide support for our struggling farmers and to provide accessible and nutritious food to the great amount of families having to now choose between heating their homes and feeding their children - not to mention an urgent need to address the pervasive and worsening homelessness crisis we are seeing in every community across the province. The last things we need in this province are more expensive and unattainable mansions and less locally grown, and therefore more expensive, food. Paving over the Greenbelt serves no purpose to anyone who has a vested interest in the prosperity and stability and future of this province. It is shortsighted, irresponsible, and callous - and it is completely unacceptable for any government to decide or try and claim otherwise. As a concerned and proud Ontarian, I strongly urge the PC government to reconsider its decision to continue with its plans to develop any part of our beloved and crucial Greenbelt and to reconsider and repeal Bill 23 altogether. Thank you for your continued efforts to listen to and act in the interest of our communities and the people who make them the incredible places we all know and love. I would like to continue to vote for this current government but I cannot do so in good conscience if I know I am voting for the active destruction and dismantling of our communities, our citizens, our environment, and our farmland - please, make the conscientious and responsible decision we are all counting on you to make and stop the proposed destruction and develop of the Greenbelt.\n"
    },
    "66448": {
        "url": "/comment/66448",
        "comment": "This proposal is a disgusting display of greed and abuse of power by Doug Ford to make his developer friends even more wealthy at the expense of the green belt wildlife and Ontarians.  Ford is disingenuous and a lier, having promised never to do this.  His election promises mean nothing and he has misled us.  This is disgusting.  Stop this.\n"
    },
    "66450": {
        "url": "/comment/66450",
        "comment": "Hi there, I am absolutely against building on thr greenbelt. This is not okay and I will be to organize and let my and other MPPs know that the community is against this. I believe that utilizing already existing and empty buildings/homes in the Toronto and GTA area would be much better than destroying the green belt. I urge the government to rethink this plan of action and find another path.\n"
    },
    "66452": {
        "url": "/comment/66452",
        "comment": "Ontario does not need mansions! We need affordable housing for those with low income. Make use of the empty office buildings in TO to provide this housing. The Greenbelt needs to stay protected and undeveloped - it is green space we NEED for so many reasons. The damage this type of development would inflict is monumental. The gov needs to spend the money on things the majority of residents actually need, like healthcare and affordable housing projects. I\u2019d love for the gov to show that they actually care about Ontario residents over lining their own pockets (looking at your 82% raise, Doug).\nDO BETTER.\n"
    },
    "66455": {
        "url": "/comment/66455",
        "comment": "This government stated that it had no intentions of developing the greenbelt and yet here we are. Though many cities in Ontario have empty office buildings that could be retrofitted into low income housing (which is what is actually needed), you seem determined to strip away our beautiful natural lands that are essential for our ecosystems. We don\u2019t need or want expensive housing that Ford\u2019s friends want to develop. The fact that this government consistently uses their power to advance their friends at the expense of the vast majority of Ontario residents is absolutely atrocious! Enough is enough.\n"
    },
    "66456": {
        "url": "/comment/66456",
        "comment": "We should be protecting our greenbelt, not selling it off piece by piece. The only people who want this proposal to go forward are the rich, while the rest of Ontario is suffering. The Conservative party should be ashamed. This is a disgusting, immoral use of power. Doug Ford is a sellout. We are in a crisis state with Healthcare and education sectors yet again and still that is where he decides to cut funding. We are all incredibly outraged. I will make sure my entire family knows NOT to vote Conservative ever again.\nSincerely,\nAn Ontario resident in the lambton County district\n"
    },
    "66460": {
        "url": "/comment/66460",
        "comment": "Dear Ford Government,\nYour proposal to rezone lands designated as Greenbelt is a HORRIBLE ONE!\nThis plan seems to not take in to account the environmental impacts this will have. Has the government taken this into account given the current climate crisis we are already in?\nI agree that new affordable housing is a priority, however, I don\u2019t believe we should be making a bigger problem to fix this current problem. There must be other solutions to the housing problem - have you considered any of the unused office buildings?\nThank you.\n"
    },
    "66461": {
        "url": "/comment/66461",
        "comment": "I completely disagree with what Doug Ford is proposing in regards to destroying the green belt. Protected land is protected for a reason. There are rules in place for a reason. The fact that he thinks he can do what he wants and destroy our planet is insane. Leave the protected lands alone. Stop destroying our plant and help protect it. I do not stand with Ford.\n"
    },
    "66463": {
        "url": "/comment/66463",
        "comment": "This is a terrible proposal. These are protected lands. For wildlife etc. You aren't suppose to build houses on them. Maybe instead, you should look at other ways at combating the housinb issues in Ontario. Like how no one can actually AFFORD a house.\nDo not be so short sighted and ruin Ontario for future generations.\n"
    },
    "66464": {
        "url": "/comment/66464",
        "comment": "Hi, I am writing this to bring my concerns and opinions about the development of the Ontario Greenbelt known.\nI DO NOT WANT THE GREENBELT TO BE DEVELOPED. The Ontario greenbelt should never be used for housing or commercial development. The belt needs to stay as protected conservative land for every present and future generations.\nI hate that this is even a topic of debate, never in my life, would have ever thought that I would have to fight for the protection of the greenbelt. This current government is greedy, and they are willing to destroy the hope and freedom of the people for money.\nThank you for your time and hope that my opinion holds some weight.\n"
    },
    "66466": {
        "url": "/comment/66466",
        "comment": "This is completely unnecessary and will be detrimental to the environment. If this Greenbelt plan is approved, it will prove that Canada has legalized corruption.\nWe need to increase the supply of affordable and accessible housing, building in areas prone to flooding will not be a solution to the housing crisis nor gridlock. If Doug Ford cared about the cost of living, he would not have allowed a record breaking rate in annual rent increase.\nThere is no possible justification to ruin the local environment, water supply, and animal habitats. Building more roads does not stop traffic, it puts more cars on the road.\nThe 407 is already under utilized and runs through Vaughan and Brampton. Ford forgave 407\u2019s penalties that should have been paid as a result of the under utilization of the highway during Covid-19.\nUse this money to invest in public transportation in the GTA and into providing AFFORDABLE housing to Ontarians. We don\u2019t need a new highway when the rest of the province and government services are a dumpster fire.\n"
    },
    "66469": {
        "url": "/comment/66469",
        "comment": "Our green belt should be protected not destroyed you already have residents  omplaining about the wildlife. We are pushing these poor creatures and ruining our ecosystem with the money hungry government to build more homes. Stop this, it isn't right leave the green belt areas leave nature alone before we don't have any natural landscapes to look at anymore\n"
    },
    "66470": {
        "url": "/comment/66470",
        "comment": "Hello,\nFirstly, there is an understanding that Ontario affordable housing needs are high, as is the needs for affordable commodities and livable wages. There can be solutions for the first listed, without the need to touch our necessary greenbelt. Things like penalizing developers for building large and expensive houses and rewarding developers for building smaller houses/ apartments, have the credit scores to take a mortgage out as long as they have a recent long-term permanent job and a good proven financial budget, etc.\nThis is about my disappointment in the Ford Government for putting the greenbelt proposal  up for amendment when it was said you would not touch it, after legitimate concerns came to light. Not to mention, I had to learn about this through social media\u2014not the news\u2014 that this is happening. This seems deliberately underhanded, which I am hoping is wrong.\nFirstly, concerning a 2013 poll, the greenbelt provides:\n-5,500 farms with $230,000 average gross revenue per farm.\n-9.1 billion in economic benefits, including 161,000 full time jobs.\n-Forested areas clean out air, removing the greenhouse gas of 27,000 cars per year.\n-Habitat for over 78 species at risk of extinction.\n-10,000km of hiking, walking, skiing trails available to help the average Canadian be more active, healthy, and happier.\n-2.3 billion in ecosystem services, such as clean water, air filtration, flood control \u2014essential for managing climate change.\nThis is all still true and more important than ever.\nSo far, I\u2019m hearing plans for developers and municipalities that want to remove lands from the Greenbelt and weaken the rules in order to build sprawl subdivisions that would destroy farmland, forest and wetlands.\nProposals for housing in developed land on the greenbelt would pave over prime farmland, contribute to poorer air quality, and generate more greenhouse gases.\nDumping contaminated soil, which puts water and food sources at risk.\nLoss of jobs, loss of food potential, loss in places to walk, run, and hike to be fit, healthy, and have a good state of mind.\nI have voted for conservatives in the past. If this is done, I will never vote for conservatives again. Not out of spite, but out of fear for putting someone in office who goes back on their word.\n"
    }
}