{
    "66155": {
        "url": "/comment/66155",
        "comment": "The land of the Greenbelt is protected for a reason. It should not be developed for a highway that will barely save time, and mansions for millionaires. We need housing, great use the empty office buildings that are literally everywhere. Limit the top 1% from buying every property under the sun. Make rent reasonable. Put the money back into the health care system and the education system. Not developing protected, and very important, environmental land. Leave it alone.\n"
    },
    "66157": {
        "url": "/comment/66157",
        "comment": "This is deeply irresponsible and unethical, and will ruin part of what little protected nature we have left in this province. Dougie acid he wouldn't touch the greenbelt yet here he is. This will have irreparable damage on our environment, the ecosystems in the greenbelt and contribute to accelerating climate change. Please don't do this. There are so many other solutions that will actually make this land habitable for my children and generations to come.\n"
    },
    "66160": {
        "url": "/comment/66160",
        "comment": "Please do not enter the green belt to build ANYTHING!!! We need our ecosystem in order to survive. There are more import things the government should he focusing on such as fixing our broken Healthcare and education system!\n"
    },
    "66161": {
        "url": "/comment/66161",
        "comment": "I disagree with building on the Greenbelt. Climate change and global warming are serious concerns the government should be taking more seriously. The benefit of building overpriced houses or unnecessary highways does not outweigh the burden on the environment or the housing crisis. Before going forward with projects like this, attention and resources should be put toward CURRENT CRISES like affordable housing, global warming, overwhelmed health care system, crumbling education system.. etc.\n"
    },
    "66164": {
        "url": "/comment/66164",
        "comment": "Development of protected green space in Ontario would be an extremely counterproductive action by the Ford government. The disruption of biodiversity would put thousands of species of flora and fauna at risk, not to mention that any development made on this land would likely flood due to the wetlands it would destroy. Furthermore, Doug Ford had vowed never to touch the Greenbelt. This would be another item on the list of his rescinded promises. In addition, there are many more solutions that would solve the current housing and homelessness crisis in Ontario. To begin, the solution is not more suburban detached developments, but high-density, low-income, affordable housing for those at risk. Developments in this protected green space would serve no one but the millionaire developers along the highway 413. It is essential to understand who the target of the housing developments is, and to protect and prioritize our Ontarians at risk or in the midst of housing instability. By extension, it is equally important to protect our wildlife, our green space, and the biodiversity contained within it, or risk losing key factors of Ontario\u2019s nature.\n"
    },
    "66167": {
        "url": "/comment/66167",
        "comment": "The idea of developing on the green belt is a step backwards in protecting our green spaces. We should be cherishing the environments we have and not expanding into them. What's the point of having a greenbelt if we don't respect what it has been put in place for.\nWe can expand into unused areas of city space that is already sanctioned for housing. We need more affordable housing, not large houses in our green spaces.\n"
    },
    "66170": {
        "url": "/comment/66170",
        "comment": "The greenbelt is more valuable to our society as as a protected greenspace then for more development. We need to keep a balance with how we spread out otherwise this could have devastating environmental effects and will effect the citizens as well with flooding etc\nPlease find better alternatives to this plan. As a citizen I do not vote for this.\n"
    },
    "66171": {
        "url": "/comment/66171",
        "comment": "We need density - not sprawl.\nThe GTA has the highest average approval times in all of Ontario according to statistics from the latest BILD meeting. Taking away areas of the greenbelt within the GTA will save initial zoning costs. However, this will be transferred to the average person and municipalities through having to expand servicing and roads to brand new areas, increased maintenance costs for municipalities who have to travel further out, and increasing the number of subconsultants throughout the life of a project (environmental, hydrogeology, natural heritage, noise, water main, etc.) and back-and-forth needed to properly assess and approve the sensitive area.\nWe need improved zoning laws that make it easier for developers to use land that is already available. We need improved zoning laws that make it easier to build mixed-use and mid-rise developments.\nBuild ON - but build up!\n"
    },
    "66172": {
        "url": "/comment/66172",
        "comment": "I am absolutely DISGUSTED that opening the green belt is even being considered. This is a protected area for a reason! There are so many animals that depend on this land to survive. So many endangered species that would be eradicated if this were to happen. There\u2019s been a lot of awful things that Doug Ford has done and proposed to do, that I have not agreed with but, this by far, has been dumbest thing he could do. We all know that Ford has developer friends who would benefit greatly if this were to happen. Ford has said that he would never do this and again has let down Ontario and it\u2019s animals. I hope that enough people make a stand against this. I\u2019m extremely disappointed about this proposal.\n"
    },
    "66174": {
        "url": "/comment/66174",
        "comment": "I do not have the words to express how horrified and disappointed I am by this proposal, and by the walking back of these protections in favour of high-density development. The Greenbelt plays a vital role in protecting our climate and various species. All of this land needs to be protected or there will be nothing left for our future generations. This is not the answer to our housing crisis.\n"
    },
    "66176": {
        "url": "/comment/66176",
        "comment": "It is laughable to wrap this proposal up as anything other than a development opportunity, driven by a desire to make money. It certainly does not offer a housing crisis solution. In fact, it seems to ignore the research that highlights potential for housing development in space that is already urban. Does this plan consider where housing is needed most, proximity to jobs, the need to build more infrastructure so that people can get to their jobs? It presents the development of new residential space as a one and done solution, with no trickle down effects. This seems dishonest. Provide the full picture and let people decide with all the information at their hands.\nEqually it feels dishonest to suggest that trading in some protected land for others would negate any negative environmental impacts of green belt development. All land is not equal. Trading out some land for other land elsewhere will have an impact of the well-being of plant and animal life in the area. It will impact ecosystem function and health. What is the real environmental impact? How will that impact residents, environmental health and even economic health in the future? A short term gain, for a long-term detriment is not worth it.\nWhy have a green belt at all, if we can just choose to develop it when it suits us? If we can develop bits of it now, what\u2019s to stop us from developing it entirely if/when that should become desirable?\n"
    },
    "66177": {
        "url": "/comment/66177",
        "comment": "This is a huge mistake. Health care and school systems are already in shambles and now you want to destory wildlife and protected lands. We already have an issue with bears, coyotes and other wildlife coming into our neighborhoods because we've taken over so much of their environment and now you want to destroy more of it. This is such a bad idea and will bring no good.\n"
    },
    "66178": {
        "url": "/comment/66178",
        "comment": "One of my biggest concerns with Map 6 and the removal of the Greenbelt in Pickering is flooding. Have there been proper research and surveying done in regards to flooding being a risk for the suburban area found directly below this greenbelt space?\nAlso why cannot the land be preserved and still allow for housing to be built? Why does a beautiful space need to be destroyed for more urban sprawl?\n"
    },
    "66179": {
        "url": "/comment/66179",
        "comment": "NOOOOOO!!!!!!!!!!!!!!!!!!!!! just. no. this province is an absolute dumpster fire filled with money hungry officials and developers who don\u2019t care about anything other than getting rich. the healthcare system is imploding, our education system is a JOKE, food and gas and housing are so inflated it\u2019s sickening and you want a HIGHWAY through protected and agricultural land that supply food, jobs, and bio diversity?! i hate this government.\n"
    }
}