{
    "66243": {
        "url": "/comment/66243",
        "comment": "I feel absolutely sick about this plan. Doug Ford promised he wouldn\u2019t do this and here he is betraying that promise. It is absolutely unconscionable to peel back conservation in the face of climate change globally, not to mention it will take what\u2019s left of beauty in this province and make an ugly highway instead. How dare you. Absolutely how dare you.\n"
    },
    "66246": {
        "url": "/comment/66246",
        "comment": "We are in a climate crisis. We cannot afford to be building on top of wetlands and cutting down what limited forestry we have left in these areas. This also opens up room for the Ford government to take advantage of other protected areas and open them up to development. This is capitalist greed and is not serving any purpose other than making the rich richer. The housing crisis will not be mended by the development of more expensive real estate projects that the average Ontario worker cannot afford. This is only going to cause further damage to our ecosystem and we cannot afford this kind of damage. This is not what Ontario wants. This goes against everything we need.\n"
    },
    "66247": {
        "url": "/comment/66247",
        "comment": "Find better solutions than ruining our environment for the benefit and profit of millionaires and billionaires. Stop ruining our natural resources and selling them to the highest bidder/friends of friends. This country used to be beautiful, but now you are treating it as though it is like any other country. We need this land to survive and be sustainable. Stop finding profit in our environment! This government has ruined our healthcare and education system and no longer will we sit by and watch greed win. It stops now!!! Start looking to how our government overspends and doesn't properly budget, yet continues to increase taxes as through there is actually a need for it. Stop paying the government workers such a ridiculous amount of money, if they cannot do their jobs and serve for their citizens. Our country is a democracy, yet the people in power are not acting or making choices for the greater good. Our future is being compromised by inconsiderate, greedy, unhappy people. Our country needs to get back to having morals, values and respecting the natural environment we have been blessed with.\nThis development does not need to be built and nobody should profit off of what this country stands for! We need to respect and appreciate the beauty that this land provides us. Respect the Indigenous Peoples\u2019 land and stop repeating our nation\u2019s history of greed, deceit, and a lack of empathy and understanding of those whose lives are being affected/ infinitely changed forever.\n"
    },
    "66248": {
        "url": "/comment/66248",
        "comment": "Born and raised in the Niagara region, I absolutely do not support this green belt development. Not only the impact on our conservation areas and general environment but more unnecessary unaffordable housing just being built to make Doug Ford and his buddies more money. Absolutely disgusted with our provincial govt and their lack of empathy for anyone who isn\u2019t rich.\n"
    },
    "66249": {
        "url": "/comment/66249",
        "comment": "I believe developing new homes in green belt is a terrible idea. The proposed plan carves out 11 land packets while inserting only 1 new zone. Affordable housing is a problem in Ontario, but there are so much land that can be used for development outside of the green belt.\nPlease consider this comment and don't destroy our environment any further and I'm sure the developers can find other land which would still bring them plenty of profit.\n"
    },
    "66250": {
        "url": "/comment/66250",
        "comment": "Gliding over the fact we were promised the Greenbelt wouldn\u2019t be touched, the environment is in crisis.\nWe are suffering through worsening weather, temperatures drastically outside the normal, and animals being pushed further into urban areas. We need to protect our green zones, not demolish them.\nWe have more and more people working from home and not commuting. A highway doesn\u2019t serve any real purpose outside of lining pockets of those already too wealthy to know better.\nLeave the Greenbelt alone.\n"
    },
    "66252": {
        "url": "/comment/66252",
        "comment": "The Greenbelt is protected land, with wildlife and plants that depend on it for survival. Doug Ford has also promised he would never build on the Greenbelt. To go back on your word as the provincial leader is very disappointing. There are many other options for living spaces such as unused office buildings that could be turned into low income housing. The Greenbelt does not need to be destroyed to build mansions on it.\n"
    }
}