{
    "71636": {
        "url": "/comment/71636",
        "comment": "Totally wrong to touch to the greenbelt and build new highway 413. It will make too much damages to environment and destroy farmland. Instead, densify in the city is the way to go.  Other measures to stop investors buying units for airbnb could be taken. I am conservative but this is unacceptable, because you will be given bad press to the public re conservative re environment. You should be showing instead that conservatives care about the environment. Mr ford, you are shooting your self in the foot with this. Very disappointing.\n"
    },
    "71647": {
        "url": "/comment/71647",
        "comment": "I am strongly against the government seizing areas of the greenbelt for development purposes. We have more than enough urban sprawl already and to take over environmental areas to add new homes is outrageous. More thought should be put into higher density housing in current urban areas or developing in areas outside the greenbelt.  This is 2022.  With proper planning, we can build in other areas that are less environmentally sensitive and incorporate the appropriate transportation and tech necessary for people to work remotely or other similar options which are more environmentally friendly.  This land grab is extremely short-sighted and suggests backroom deals. There is no transparency at all and to push this through in such a hurry is extremely suspicious. Where are the environmental surveys to support this move? Where is the plan that lists type of housing to be built?  If it\u2019s large single family homes, this is a mistake and more public consultation and planning is absolutely essential. I do not support this plan.\n"
    },
    "71648": {
        "url": "/comment/71648",
        "comment": "Please do not do this.  Yes, people need housing, but greenland will never come back.  The GTA is already too concrete, which drives temperatures higher in summer, creating a cycle of need - air conditioning - more heat, etc.  I can drive for a long time in the GTA and not see any green space, adding already protected ravines in expensive areas of Toronto will not change that.  Yes, these should be kept, but without taking away needed close-by Greenbelt.  Adding Paris-Galt Greenbelt should also be done, but without taking away the much needed belt around the GTA.  Add infill, mid-level condos, etc.\n"
    },
    "71651": {
        "url": "/comment/71651",
        "comment": "I am very concerned about how Bill 23 is being approved with out a Democratic process. This Bill needs further consultation from all major players including our conservation authorities, local municipalities and other concerned groups, other than Developers.  Green areas should not be developed for housing but preserved for recreation and lowering our carbon foot print. The reason given by our current government of \u201cmore housing is needed,\u201d doesn\u2019t  justifying this Bill. Current municipalities have planning procedures in place and most have already allocated development areas for their housing needs. One problem we do have is lack of affordable units ,but this current Bill doesn\u2019t not address this issue.  It\u2019s designed only for developers to make more profit.\nOur green space is very important for the future of Ontario and it needs to be preserved in away that we can have future trails like the Bruce trail and other recreational areas.\nPlease do not pass this current Bill without further revisions to protect our future.\n"
    },
    "71655": {
        "url": "/comment/71655",
        "comment": "The proposal to expand construction into the protected areas of the Greenbelt is misguided and will have long lasting negative repercussions on our environment. These lands are important for agriculture, and wildlife - once they are gone, they can not be replaced. It is disingenuous to suggest that these areas can be replaced by naming other areas of the province as protected areas, and the constant erosion of our environmental regulations will be looked back on as a massive error.\nThe fact that some developers purchased these areas in the last couple of years, many of whom have been linked to donations to the PC party, is very suggestive that they had prior information about this new plan. There is currently more than enough land that has been set aside for building, and the proposed plan does not include any promises regarding affordable housing or rental properties. These predominantly semi-rural areas will likely end up being used for estate homes and other high income properties, once again rewarding the developers that have a far too close relationship with our provincial government. The overuse of MZO decisions is another reflection of this inappropriate relationship and have been used to over rule the local decision making process.\nDoug Ford promised he would not open up the Greenbelt to development. People voted for his party and believed that this was true. This is an unnecessary grab at the few remaining undeveloped areas in our province, and the PC party should hold to their promise.\n"
    },
    "71658": {
        "url": "/comment/71658",
        "comment": "The need to protect the environment and land is entrusted to government via their election. The actions of the current PC government advancing private interest over public trust in this case needs to stop. There is sufficient land elsewhere to build upon in Ontario, without impacting the Greenbelt.\nSeeing as the Greenbelt provides \u201c750 000 acres of some of the most productive agricultural land in Canada,\u201d (AG Report, February 2019), the sale of these lands would be a short sighted venture. The people of Ontario rely on government to make sound decisions based on the greater good. In this case Ontarians expect their current PC government to protect these lands for not only Ontario\u2019s continued well-being, but also for future generations.\n"
    },
    "71674": {
        "url": "/comment/71674",
        "comment": "Jeopardizing the health of our protected natural environments is not the answer. Listen to the science and please put in the work to find sustainable and collaborative solutions to this issue. How can we use what we have already more efficiently? This is a time for innovation and an opportunity to be a positive example in the fight against climate change. Ontarians are depending on you to make the right choice.\n"
    },
    "71677": {
        "url": "/comment/71677",
        "comment": "I am not proud and I do not support the government of Ontario in their goal to make changes to the Greenbelt. Bill 23 and this proposed amendments are not in the best interests of current or future Ontarians.\nThe Greenbelt should remain untouched, protected land which will be a safe environmental haven for all future generations. There should be no highway development, no land development, no housing development etc. on this land. I do not support their re-allocation of the greenbelt in order to promote housing. Urban sprawl is a serious concern; zoning laws in developed urban areas should be changed to enhance the opportunity to build up not out. As well, public transit needs to be the highest priority to help citizens live healthier happier lives and help promote the success of building up.\nAgain, I am not in support of this proposal or any Bills which will impact or develop on the Greenbelt.\n"
    },
    "71687": {
        "url": "/comment/71687",
        "comment": "To hear Doug Ford tell it, Ontario is bursting at the seams, folks. We just need to let out the Greenbelt a few notches and everything will be fine.\nAs usual, the truth lies elsewhere.\nFord\u2019s plan to carve up the Greenbelt is not about tackling the housing crisis. It\u2019s about helping land speculators and developers turn their millions into billions.\nThere is plenty of land approved for development within existing urban boundaries. Even the government\u2019s own Housing Affordability Task Force concluded that a shortage of land is not the cause of the housing crisis.\nThe same task force said that the Greenbelt, other environmentally sensitive areas, and farms must be protected.\nBut the Ford government\u2019s pro-sprawl, anti-environment approach to housing \u2013 and virtually everything else \u2013 becomes more obvious and more troubling every day.\nThey insist that we have to choose between building housing and protecting the environment.\n"
    },
    "71697": {
        "url": "/comment/71697",
        "comment": "The Greenbelt is vital to the ecosystems of Ontario - it absorbs rain which prevents flooding, keeps wildlife habitats in tact, and its treecover keeps rising temperatures down. I think it's shameful that the developers who stand to benefit from developing this land are significant donors to the PC party. Doug Ford promised during the last election he would not touch the Greenbelt. I want him to honour that promise.\n"
    },
    "71702": {
        "url": "/comment/71702",
        "comment": "Urban sprawl is not how we will improve housing. These will not be affordable and will ruin precious Greenbelt habitat and farmland. We need in-fill housing within cities to actually help the people who are most hit by the housing crisis. These people will not be able to afford a single detached home in the outskirts of a city that is driving distance from any immenities. On top of this, protecting the Greenbelt should be top priority. We are in a climate crisis and taking away carbon sinks and important farmland would be the worst thing we can do right now. Conservation Authorities are so critical to our success in this climate crisis, why would we give them less power right now?\n"
    },
    "71708": {
        "url": "/comment/71708",
        "comment": "\u201cOptimizing use of land already approved for development and building in our existing communities, rather than through continued outward expansion, is clearly the most effective long-term economic strategy and the only way to provide the types of housing people need and can afford.\u201d\nI concur with the above comments by David Crombie & Anne Golden stated in Toronto Star\n"
    },
    "71712": {
        "url": "/comment/71712",
        "comment": "I find this reduction of space shortsighted, and given the connections between those who stand to gain by developing the land and the current Gov't, absolutely insulting.\nOntario has some of the best farmland in the world. That is going to change to \"HAD\" if shortsighted greed allows the destruction of areas that will never be able to be restored in our lifetime. These areas are a key part of Ontario heritage, I would argue, and therefore no exemption should be made for construction on them whatsoever.\nIt is gross negligence and greed that drives this proposal, and I am sad to see it. I had hoped our politicians would hold themselves to a higher standard than the filth regularly found inside a particularly neglected public washroom.\n"
    },
    "71713": {
        "url": "/comment/71713",
        "comment": "The Greenbelt is a sacred space to escape from the city and connect with Nature. To remove this for sake of developing homes is not benefiting the people (even those who would move into these hypothetical homes). How can the province be so blind to this? Clearly those who are pushing for and financing this development do not live near the Greenbelt and feel connected to this sanctuary. Please reconsider your choices, and consider the people, not your wallets.\n"
    }
}