{
    "76845": {
        "url": "/comment/76845",
        "comment": "While I agree with adding lands to the greenbelt, I DO NOT agree with removing and/or re-designating some of the existing lands. Removing existing lands are the regressive, thoughtless actions of a government that cannot see the critical importance of green spaces and healthy ecologies, not just now, but for the future of this province, country, and planet.\nWe need this land - for a healthy environment, for healthy animals, for healthy people, and for food production. In addition, these spaces are:\n- the only access to greenspace for most GTA residents AND the only available space for wildlife in the GTA\n- critical to cooling our environments\n- critical to our quality of life - including air quality, mental health, and physical health\n- critical to maintaining water quality and drainage (wetlands do not make good building areas!!)\nMoreover, building on these lands will not equate with affordable/accessible housing. It's expensive: there is no existing infrastructure (roads, sewers, schools, electricity, water, transit). This puts pressure to increase development charges and/or taxes. This makes housing more expensive. It's more efficient to build in serviced areas. If this government is really serious about housing, it would be advocating building up, not out.\nDo the right thing and stop destroying green spaces and healthy ecologies.\n"
    },
    "76846": {
        "url": "/comment/76846",
        "comment": "The amendments to the Protected Greenbelt must not be passed.\nOur Premier promised to keep the Greenbelt safe \"in it's entirety\" and that is how it must remain.\nTaking chunks of land out of the Greenbelt to build housing makes no sense as there is plenty of land available within the Urban Boundaries of our cities, towns and municipalities.\nOnce part of the Greenbelt is taken for development there will be great pressure from developers to take more parts of the Greenbelt.\nThis is disastrous for our climate!  Climate Change is very real so we must do everything in our power to save our environment not destroy it.\nThe Greenbelt contains waterways, habitat for animals, farmland, a place for flowers and fauna to thrive,  and a place for us to breathe. All the trees are so important for taking away Carbon Dioxide and giving us Oxygen.\nThese amendments must be withdrawn and a new Housing Bill developed.\n"
    },
    "76848": {
        "url": "/comment/76848",
        "comment": "I do not support the amendments to the green belt. As a public health professional in Kingston, I work in the intersection of public health and urban design. In short (so this actually gets read) continuing to fraction off the forest for the sake of urban sprawl increases our exposure to vector borne Illnesses by destroying/infiltrating into ecological systems; increases need/use, and reliance on cars; and ultimately removes natural green systems that help combat urban heat domes in the peak of summer months. If we are going to build more homes we need to densify our existing communities, make them walkable, with public and active transportation options. We do not need additional urban sprawl and reliance on cars. This is plan is 1970\u2019s era thinking and does not propose a sustainable, viable solution to the challenges of housing access in Ontario.\n"
    },
    "76849": {
        "url": "/comment/76849",
        "comment": "I'm writing to express my tremendous concerns over Bill 23 and the destruction of the greenbelt in Ontario.\u00a0 This land is crucial\u00a0for the future of our province, providing farmland, wetlands, and greenspaces needed for all of us to thrive,\u00a0including species at risk. Destruction of this delicate and irreplaceable\u00a0habitat is unacceptable.\u00a0 The greenbelt must be protected in full.\nSustainable urban planning should be well thought out and done with great care and consideration for the impact on the natural habitat. It should involve smart and responsible choices to ensure that people can live and work in communities that will thrive without destroying\u00a0our natural resources. Continued expansive urban crawl is not the answer for Ontario.\u00a0 Allowing developers to bulldoze our province without proper oversight or accountability, to do irreversible\u00a0damage to irreplaceable habitats and endanger species at risk, and to create more urban sprawl is both short-sighted and irresponsible.\nDevelopment requires extensive oversight and should take into consideration the environmental impact both in the short and long term.\u00a0 The safeguards that are targeted by Bill 23 were put in place to protect our province, our natural habitats, and our communities--they must not be removed to pad the pockets of developers at the expense of taxpayers and our land.\u00a0 The Ontario Conservative party (which the majority of voters did NOT vote for) does not have the\u00a0right to take this land away from Ontario and destroy it. Please repeal Bill 23.\n"
    },
    "76850": {
        "url": "/comment/76850",
        "comment": "Bill 23 is detrimental to the present and future population of Ontario. It has been proven that sprawl outside the urban boundaries of Ontario is not necessary, and affordable housing can more easily be achieved with new bylaws and densification and keeping development within existing boundaries. The Greenbelt is a crucial and necessary part of our safety plan to survive the effects of climate change and our only chance at helping us adapt to the flooding, drought, and extreme weather that we will experience in our recent future.\nProtecting our ecosystem must be the priority above all else in order for our future to be secure. Once we allow the paving of highways, the sprawl that follows, and the opening of the Greenbelt for further development, there is a dangerous precedent set; one that opens the door to any leader who prioritizes political support or monetary wealth over natural lands and rural areas that sustain us all (usually for the benefit of a few). By protecting the Greenbelt and repealing Bill 23, once again Ontario shows the world it values conservation of natural spaces. Ontario's people have spoken, protested (many times over the years to save greenspaces) and their democratic voice will be heard if we repeal Bill 23. Thank you.\n"
    },
    "76851": {
        "url": "/comment/76851",
        "comment": "York and Durham regions are where the majority of the lands to be taken out of the Greenbelt.  York and Durham have already given up large tracts of land to development of urban sprawl in the way of single house dwellings on small lots.  There is no more land that should be released to development when so much that has been recently developed shows so little thought to increasing density on land already under development.  We do not have the right to speak on behalf of future generations living in the area when it comes to paving over valuable habitat and farmland.    Stop the sprawl, increase the density.  Increase and protect the Greenbelt.  We must foster and support better ways of living with the land we have.\n"
    },
    "76852": {
        "url": "/comment/76852",
        "comment": "Building on the Greenbelt breaks a promise! There is land already designated for housing and that\u2019s the land that should be used. We need the wetlands to help manage water and to continue to perform its other environmental functions such as helping to clean the air of co2. Putting housing on high quality land destroys it forever and we need that land for food. Yes we need to house people but we also need to feed them. The only one who benefits from building on the Greenbelt is Doug Ford and his developer friends. It\u2019s a bad idea for the rest of us. Don\u2019t do it!!\n"
    },
    "76853": {
        "url": "/comment/76853",
        "comment": "I am firmly against any development of the Greenbelt. This land should be kept free from urban sprawl for generations to come. It protects our drinking water, air quality, habitat for threatened and endangered species and grade A farm land. This government promised not to touch this land, only to engage in very questionable practices with its developer friends to open the land up against the public\u2019s wishes.\nProtect our natural heritage, do not open up the Greenbelt to development.\n"
    },
    "76856": {
        "url": "/comment/76856",
        "comment": "I am vehemently opposed to this bill . The invasion of OUR Greenbelt by developers( cronies of Ford and his minions) is deplorable and does not address the issue of affordable ( not attainable) housing in Ontario. It is just pandering to the wealthy and endangering our farm land during a time of climate crisis, endangering our water supply and our wildlife. There are other viable options that many municipalities have used to address housing. This government is undemocratic and I will never vote Conservative again as won't my extended family if this travesty comes to be!\n"
    },
    "76857": {
        "url": "/comment/76857",
        "comment": "I would like to briefly state my objection to the Proposed Amendments to the Greenbelt Plan, ERO 019-6216\nIt is necessary to start with an incontrovertible fact:\u00a0 the Greenbelt was created by the Ontario Government in 2005 after careful consideration which included consultations and studies. The Greenbelt was created to protect sensitive environmental areas and farm land.\u00a0The Commission charged with defining the boundaries of the Greenbelt, lead by Rob McIsaac, based its determination on science, not politics.\nBy contrast, there appear to be no studies justifying the current Government\u2019s decision to convert protected Greenbelt lands into development lands. That is, the Government has provided no studies:\ndemonstrating a need for these lands to be developed when 88,000 acres of land have already been approved for new housing;\ndemonstrating that there will be no environmental consequences to removing these lands from the Greenbelt; and\ndemonstrating that there is no risk to the environment in removing these lands from the Greenbelt and no risk in developing them.\u00a0\nIn fact, there is huge risk to the people of Ontario in removing these lands. Much has been written about this by environmental experts who oppose the Government\u2019s actions. The Ontario Greenbelt Steering Committee has summarized the risks as follows in its Statement regarding the Provincial Announcement to remove lands from the Greenbelt:\nthe destruction of 7,400 acres of Greenbelt farmland and natural areas and the vital ecological benefits they provide;\u00a0\nharming climate resilience by undermining the ecological integrity of the watersheds and natural systems that are in and around the Greenbelt;\u00a0\nsetting a destructive precedent that Greenbelt protected lands will be sacrificed when land speculators want to develop them therefore creating an ecologically damaged \u201cswiss cheese\u201d Greenbelt;\nallowing land speculators to put pressure on farmers within the Greenbelt to sell their valuable farmland thereby reducing vital local food production;\u00a0\u00a0\nthe diversion of limited construction resources away from building homes where they are needed to building expensive and damaging sprawl homes on what was once Greenbelt protected land;\nbuilding homes that will likely not be affordable therefore doing nothing for those who need affordable housing now.\nThe manner in which this Government is rushing through Bill 23 and the accompanying amendments to existing legislation has precluded in any meaningful consultation with the public. The significance of the changes proposed to the Greenbelt are drastic and will lead to irreversible damage that can only worsen the effects of climate change and lead to lasting harm to future generations. The furious outcry against these proposed changes and the undemocratic manner in which they are being implemented by scientists, environmentalists and countless ordinary citizens like me  underlines that a consultation process that is transparent and robust is needed to truly measure what science and the public say about these changes. Providing a webpage and tight timelines for the public to submit comments without any assurance that those comments will be read, let alone given consideration, is contemptuous of the people of Ontario.\nTherefore we are at this point: it cannot be disputed that the Government\u2019s decision to push development of Greenbelt land will ensure that real harm occurs to the environment; the Government has failed to provide any credible justification for the need to develop these Greenbelt lands let alone any assurance that using these Greenbelt lands will provide affordable housing; and the Government is implementing these changes with a lack of transparency that is simply undemocratic. Added to these facts must be the recent disclosure in the press that developers purchased tracts of the very Greenbelt property to be released under the Government\u2019s plan only weeks before the Premier\u2019s announcement that those very lands would be released. This announcement was made despite the Premier\u2019s promises that he would \u201cnot touch\u201d Greenbelt lands. There are stories in the press that developers who purchased these lands have been financial supporters of the PC party. All of this leads inexorably to an inference that there was at the very least an illegal leak of information and at worse that there is something far more nefarious going on. The Government owes it to the people of Ontario to reverse this process immediately.\n"
    },
    "76858": {
        "url": "/comment/76858",
        "comment": "I would like to comment on the decision to go forward to support affordable housing utilizing the greenbelt area.  I am not in support of this direction.  Although I am in support of providing/increasing affordable housing, and it should be a priority.  Using greenspace for this initiative would not provide the service to those who so desperately require the housing.  The initiative can and should be done within lands that are not so important in providing needed food, supporting living conditions for our rural animals, along with providing the environmental lands that required to cleanse the lands, support natural drainage and important key elements to replenish the lands.\n"
    },
    "76859": {
        "url": "/comment/76859",
        "comment": "I am opposed to the proposal. We need the greenbelt to provide us quality air, an food because there is a lot of farm land. We are already experiencing global warming. We should be protecting the environment not crushing it even more. Our future generations need and deserved quality of life.\nThank you.\n"
    },
    "76860": {
        "url": "/comment/76860",
        "comment": "We should all be concerned about the direction this province is going. With respect to the Greenbelt specifically, the conversation shifts from an environmental perspective, to one about ethics and corruption. Our government has become inequitable.\nThe problem is, nothing good is going to happen. So what's the point of having a comment period about anything. So, just continue the tyranny and make the changes that will benefit you.\nAnd specifically you, the person reading this, you are part of the problem on account of your complacency, as you throw this comment in the trash.\n"
    },
    "76861": {
        "url": "/comment/76861",
        "comment": "The Green Belt is sacrosanct.  It is so important for our future generations to leave this land as is.  I was born and raised in Toronto.  It has been disheartening at times to see how my city and surrounding areas have changed.  I remember when there was mostly farm land north of hwy 7.  I drive to Newmarket and see how Richmond Hill and Thornhill and other small towns have changed so much.  The same applies east and west of the city.  Toronto itself has lost a great deal of it's charm by the tearing down of old buildings to be replaced by chrome and glass.  City planners really did drop the ball with the development of our lakefront.  Chicago has done such a much better job with theirs.\nI have grandchildren.  I want them to look back on the decisions the Ford government are making now (after promising they wouldn't) and be grateful for the Turn Around I hope to see on Ford's decision to allow developers to get their way.  Many millions of Ontarians deserve that.\n"
    },
    "76862": {
        "url": "/comment/76862",
        "comment": "In 2020, the agri-food sector within the 7,200 square kilometres of Greenbelt generated approximately $4.1 billion in GDP. It provided 59,000 jobs and generated $900 million in farm purchases of goods and services in 2017, according to a Greenbelt Foundation report released in February 2022.\nThis is only one reason to stop this land grab.\nWe have the most fertile land in the Greenbelt. With climate change and food insecurity, we must make sure this land is for farming of food for our growing population. Otherwise we are at the mercy of food grown in California thousands of miles away in a climate draughtThere\nThis is foolish to take these precious lands out of our working farmland.\n"
    },
    "76866": {
        "url": "/comment/76866",
        "comment": "The lack of concern for the environment from the government is beyond disturbing. This is not the place to be building homes with no respect for the environmental impact, including wildlife.\nSomeone needs to step back and look at alternatives of which there are many. And all of us need to take a very long hard look at the government that we are electing if this type of initiative is passed.\n"
    },
    "76867": {
        "url": "/comment/76867",
        "comment": "Do not develop the greenbelt to address the housing issue, look to unused or under used office space in urban settings instead. The greenbelt is too valuable from an environmental perspective. It's soil is productive (feeds us), it's home to many animals (biodiversity) and supports oxygen producing plants and trees (life giving). This is important now and into the future. It would be a grave mistake to develop it. This plan must be stopped.\n"
    },
    "76868": {
        "url": "/comment/76868",
        "comment": "This is a short  sighted idea which will negatively impact future generations. For my grandchildren and yours it is imperative we save and expand the Greenbelt.\nThe Greenbelt is essential for native species to grow and thrive.  The Greenbelt helps mitigate air pollution and reduces the effects of climate change. We need farmland and clean drinking water o feed future generations not mansions.\nThe Green belt has a positive economic impact.  It delivers $9.1 billion dollars with 160,000 full time jobs depending on it in Ontario.  I understand the Greenbelt delivers $3.2 billion in ecosystem services per annum!  This includes recreational activities valued at $2.1 billion/year, $52. million yearly in carbon sequestration as well as a protecting private property flood protection at $224 million yearly.\nYes we need housing, but not mansions with 2 plus car garages and a super highway to get to work.  We need housing where people can use public transit and which is close to grocery stores where cars are not required. Our home ( Earth)  is burning.  A shortsighted decision to destroy the Greenbelt just adds fuel to the fire.\n"
    }
}