{
    "62801": {
        "url": "/comment/62801",
        "comment": "I, like many others, am appalled at the proposed \"changes\" to the Greenbelt area. Wetlands cannot simply be torn down and relocated to another area, and it is completely dishonest to pretend otherwise. Facilitating construction on these areas constitutes a horrific attack on Ontario's Greenbelt at a time of worldwide environmental crisis. This government's lack of regard for this land is disgusting and I hope it will be reconsidered.\n"
    },
    "62804": {
        "url": "/comment/62804",
        "comment": "To whom it may concern, the conservation of public green space is not open to any government for the removal of said conservation.  Canada is founded on extensive lands and green space which support both human, animal and plant life for the good of all.  There are always other solutions for infrastructure issues which can be achieved without the reduction of green space and infrastructure, as in the past, should not only be constructed with the benefit of all and the protection of environmental green space but it should also be required to add to the existing green space, not remove existing green space.\nThe fact that this is even a discussion gives me great concern as it is clear that green space preservation and expansion is required for the preservation of the planet and the human race. I hope that the strong scientific community which supports the protection of green space and habitat can show how wrong this proposal is.\n"
    },
    "62805": {
        "url": "/comment/62805",
        "comment": "This plan is absolutely ridiculous. I am a resident of White Church Road East and we already running low on well water due to unsustainable housing developments in the area. We just bought our house one year ago - largely because WE WERE SURROUNDED BY GREEN BELT and were told that there would be no housing developments in the area.\nOur Greenbelt is essential to providing clean air and calming environments. Since the government is consistently ignoring climate change, I guess I'm not surprised to see this decision.\nThere is more than enough traffic with only 2-way lanes for most of the roads.\nThe fact that the Ontario government wants to erode and destroy our conservation lands shows the lack of care and concern for our citizens and our collective future. I'm so disappointed.\n"
    },
    "62806": {
        "url": "/comment/62806",
        "comment": "The greenbelt stays! Don\u2019t take away green space from current Durham Region residents. We should not have to travel far to be in greenspace. Paris is not a reasonable trek from Durham.\n Yes I agree we need more housing, but the areas of need are AFFORDABLE housing, and ACCESSIBLE for people w disabilities.\nAlso, slow down on immigration. Look after the people that are here now. If we can\u2019t get housing nor jobs, it will be worse adding more people.\n"
    },
    "62814": {
        "url": "/comment/62814",
        "comment": "Single family homes are not the solution to the current housing crisis.  Higher density housing is nessisary, to allow for inproved community, mental health, walkability, and to cut congestion. Single family homes in the greenbelt is even worse, depriving ontario of unique advantage. Many communities rely on the greenbelt for a multitude of benifits, from mitigating the urban heat island effect, to flood management, clean water, and mental health. Single family housing results in higher costs per capita to provide services and leaves us farther apart and isolated from those we need. This plan is not in the interest of ontario, and appears to be a plan to funnel money to developers.\n"
    },
    "62824": {
        "url": "/comment/62824",
        "comment": "I highly oppose this proposal. Wetlands are critical to our climate change initiatives, ecological and biodiversity preservation, and personal safety. These lands are protected and should remain as such for the mutual benefit of all Ontarians, Canadian, and humanity. While the housing crisis calls for real action, it cannot come at the expense of our climate initiatives and precious natural areas. If we are to develop this area and redesignate others to make up for it, the entire concept of protection becomes void. Our planet is at risk, and yet our governments and policymakers continue to make decisions that jeopardize all. Housing should focus on smart urban planning and development in areas where we already have the infrastructure, not where we can irrevocably destroy natural habitats. PLEASE DO NOT ALLOW THIS.\n"
    },
    "62825": {
        "url": "/comment/62825",
        "comment": "We the people had your agreement, this revoking by the Doug Ford's government is unacceptable and outrageous!\nLeave the protected lands in the Greenbelt\nDo not destroy fertile lands instead of infilling and developing within the existing urban boundaries.\nLets stop with the bad politics.\nLeanne, Town of Ajax\n"
    },
    "62826": {
        "url": "/comment/62826",
        "comment": "To Premier Doug Ford,\nMinister for the Environment David Piccini, and Minister for Housing Steve Clark,\nPlease do not build on the Greenbelt. We cannot sacrifice our environment or our watershed safeguards, simply to build more housing.\nThere is plenty of land in Ontario that could be used for development without damaging the Greenbelt or conservation lands.\nThank you, JM\n From the Niagara Region\n"
    },
    "62828": {
        "url": "/comment/62828",
        "comment": "November 7, 2022\nI am writing to you to express that I am strongly opposed to the proposed removal of lands from Ontario's Greenbelt for the purposes of building new housing and infrastructure. Not only will 'selective removal' of lands within the Greenbelt degrade the connectivity of habitats and watersheds, it will set dangerous precedent to destroy protected spaces in Ontario.\nAlthough the Premier indicates that the land is required due to the proposed growth in the GTA due to population projections and federal immigration targets, there are suitable lands to increase density in urban areas without fragmenting protected, environmentally significant areas and agricultural lands.  Any increased density could take place in areas that currently exist that are coupled with existing municipal, and provincial infrastructure as opposed to promoting sprawl within a protected area.\nAlthough I welcome the addition of the Paris Galt Moraine to expand the Greenbelt, it's addition should not come at the expense of habitat fragmentation and urbanization within the Greenbelt. Any decision to remove and destroy forest, wetlands, and agricultural lands not only degrades the intrinsic value of greenspace and forests, it destroys the opportunity for future generations to grow their food, clean their air, and have a carbon sink to combat climate change.  If the past decade of environmental and climate science has taught our society anything, clearly it is the need to value our protected spaces for  maintaining balance for both human and planetary health.\nAs a private citizen, I thank you for the opportunity to comment and stridently urge you to reconsider any proposed destruction of existing protected areas in Ontario, including the Greenbelt. I will not include my name as I wish for my comment to be considered for any publishing to demonstrate the opposition to the Provincial Government's proposed amendments.\n"
    },
    "62829": {
        "url": "/comment/62829",
        "comment": "I am absolutely against touching the greenbelt. There is more than enough land to develop to meet the goal of 1.5 million homes. Despite the massive need for housing, taking away the greenbelt from the GTHA would be a big mistake, as we can never have it back. Where would the 1.5 million families go to enjoy nature and greenery? Once touched, it can never be brought back.\n"
    },
    "62830": {
        "url": "/comment/62830",
        "comment": "Premier Doug Ford promised not to touch the Greenvelt. Doing so would deepen the already huge chasm of distrust from the community to its provincial government. These lands aren\u2019t just conservation, they are important ecological landscapes with rares biosystems and animals. They\u2019re wetlands where homes should not be built. We need more housing but it need to be affordable housing that doesn\u2019t infringe on our crucial ecosystems.\n"
    }
}