{
    "77789": {
        "url": "/comment/77789",
        "comment": "Giving 7400 acres of our greenbelt for housing development causes great ecological concern.\nThe green belt contains wetland and wildlife that keep ontario green and thriving.  The green belt helps eliminate flooding and is home to so much wildlife. Where will the wildlife disperse.\nWe cannot allow development\n"
    },
    "77791": {
        "url": "/comment/77791",
        "comment": "The proposed changes to the Greenbelt is an indication of how short sighted the Ontario government is when it comes to protecting the Boreal forest and the well being of future generations. Climate change and it\u2019s effects have become more noticeable over the past few decades and more action to reduce global warming is necessary immediately. Protection of the Greenbelt is important for so many reasons of which fresh drinking water is one of the most concerning. Squandering the best farmland in the country is a mistake. Urban sprawl will negatively impact everyone and add extra strain on communities and environmentally sensitive areas.\n"
    },
    "77792": {
        "url": "/comment/77792",
        "comment": "Ontario's Greenbelt must be protected for the benefit of all Ontarians.  The ecological importance of the Greenbelt is far greater than the need to build new homes on the Greenbelt lands and the Greenbelt has been protected from development, for this reason.  There are many alternatives for building new homes.  We are in a climate emergency and environmental standards must not be decreased or removed.\n"
    },
    "77797": {
        "url": "/comment/77797",
        "comment": "Greenbelt protections are required to preserve natural heritage\nI sat on a municipal committee for 4 years that reviewed Environmental Impact Assessments that are required before development applications are approved within or near natural heritage features. The threshold for what is considered a natural heritage feature within the Provincial Planning Act and provincial planning statement is already very high. Development is still the goal on these lands and even if a developer was unfortunate enough to have a natural heritage feature on their property, with only minor mitigation efforts, the application proceeded. \u2018Mitigation measures\u2019 would be something like a developer required to include a buffer strip of 20 metres around a significant woodland. Our current natural heritage \u2018protection\u2019 approach outside of the Greenbelt is resulting in death by a thousand to woodlands, wetlands, and areas supporting species at risk. The weakening of the definitions of significant wetlands in the government\u2019s other recent bills means there will be even less protection for natural features. Far fewer wetlands will meet the threshold requirements of a \u2018significant wetland\u2019 and they will be bulldozed over. Curtailing Conservation Authorities\u2019 role will mean even less assessment of natural features on the land and oversight of development proposals. Only Greenbelt designation keeps land out of the development funnel in the first place and gives natural heritage a fighting chance.\nDespite repeated promises that there would be no removal of lands from the Greenbelt,\nthe Government of Ontario is proposing to do just that: carve 7,400 acres out of the Greenbelt for development (ERO #019-6216 and #019-6217).\nTheir excuse \u2013 that these lands are needed for housing \u2013 is unfounded and untrue. The amount of greenfield land already designated for development, and added to municipal settlement boundaries, but still sitting unbuilt far exceeds what is needed to meet long range housing targets. That includes 88,000 acres within the Greater Toronto and Hamilton Area alone.\nAccording to Ontario\u2019s Housing Affordability Task Force, \u201ca shortage of land isn\u2019t the cause of the problem \u2026 land is available.\u201d The Task Force further advised that \u201cGreenbelts and other environmentally sensitive areas must be protected, and farms provide food and food security. Relying too heavily on undeveloped land would whittle away too much of the already small share of land devoted to agriculture.\u201d (p. 10)\nHarmful precedent and loss of permanent protection\nThe proposed removal of Greenbelt lands sets an alarming precedent, opening the Greenbelt to development at the request of those who stand to reap immense profits \u2013 and at the expense of the rest of us. Stripping these 7,400 acres of protection would unleash a firestorm of land speculation and development pressures across the entire Greenbelt.\nHarm to the Greenbelt\u2019s Natural Heritage System\nMost of the lands to be removed from the Greenbelt (10 of the 14 areas shown on the maps) overlap with the Natural Heritage System, which supports \u201cthe highest concentration of the most sensitive and/or significant natural features and functions\u201d and is meant to be managed \u201cas a connected and integrated natural heritage system, given the functional inter-relationships between them.\u201d (Greenbelt Plan, sec. 3.2.1)\nLand swaps put the entire Greenbelt at risk\nDon\u2019t be fooled by the government\u2019s proposal to sugar-coat the bitter pill of removing land from the Greenbelt by adding 9,400 acres. Some of the proposed replacement lands are already off limits for development (e.g., publicly owned lands designated as municipal parks and open space). Further, these lands were already part of the government\u2019s previous Greenbelt expansion proposals \u2013 the Paris-Galt Moraine in 2021 and the Urban River Valleys in 2022. Those proposals went nowhere, despite great fanfare at the time. And now, the government is dusting them off to soften the blow of removing lands from the Greenbelt.\nSincerely, Concerned in Hamilton\n"
    },
    "77799": {
        "url": "/comment/77799",
        "comment": "Ontario's own Housing Affordability Task Force has already found that there is enough land available to build 1.5 million homes without taking any land out of the Greenbelt. This proposal states that it would only result in about 50,000 houses being built, which is less than 5% of the needed 1.5 million houses. There is no justifiable reason to remove land from the Greenbelt. Lands set aside for conservation and farming should never be open for development.\n"
    },
    "77800": {
        "url": "/comment/77800",
        "comment": "Ontario's wetlands, consisting of swamps, bogs and fens, are vitally important, now more than ever, as they sequester massive amounts of greenhouse gases. The destruction of these wetlands only serves to further accelerate the climate crisis that we are now in.\nThe destruction of the wetlands also means the destruction of numerous species. As these species disappear, food webs are disrupted and fall apart, leading to a domino effect of destruction to our province's ecosystems.\nThe acquisition of the properties on the Greenbelt, which are now slated for development, have been purchased in a wholly corrupt and illegal manner. This matter should be investigated by the proper authorities before the commencement of any development on these lands.\nLastly, proper public consultation about the amendments to the Greenbelt Plan have not taken place. The comments posted on this site do not replace the need for proper public consultation.\n"
    },
    "77801": {
        "url": "/comment/77801",
        "comment": "As a lifetime resident of Ontario I am very concerned about the environmental impacts of developing on identified greenspace. Now is the time that we should be collectively trying to protect it, not handing it over so a small few can get richer. I'm disgusted and appalled by this entire situation.  I can't believe that more people aren't concerned by this. So many decisions being made by our government who are supposed to be protecting us have me seriously considering leaving the home I have had my entire life. I beg people to please wake up and take a stand.  This will be everybody's problem if it gets passed.\n"
    },
    "77807": {
        "url": "/comment/77807",
        "comment": "Please rescind Bill 23.  Please listen to the citizens. I am horrified that while the rest of the world understands the importance of protecting our environment the Ford government is actively working against that and making changes that cannot be undone. The perfect storm of our undemocratic first-past-the-post system, and voter fatigue and citizen pademic exhaustion, and contrived tricks (buying votes eg.licence fee return) gave the Ford government a majority. It did not give the FORD governemnt the province. The money you are spending is not yours. It belongs to the people of ON.  The land you have allowed to be sold is NOT yours. It belongs to the people of ON.  You are supposed to be making plans and decisions on our behalf. Please listen to the citizens.  You promised you would not touch the green belt. You are tricking us again saying you are providing affordable homes while taking precious farm land and wetlands but those homes will be affordable only for a few. They will require infrasturucture paid for by all the citizens.  TWENTY BILLION dollars to build a highway that won't really help anybody while the 407 is underused. You say you must honor the 99 year agreement but you don't honor anything else. Stop highway 413, buy back 407, and reverse Bill 23. Restore the wetlands and farm land to the rightful owners. The people of ON.\n"
    },
    "77809": {
        "url": "/comment/77809",
        "comment": "The original development of the boundaries for the Greenbelt were thorough, methodological, science based and involved a tremendous amount of consultation.  The selection of many of the properties in this list appear to be to directly support friends of the conservative party and in particular Doug Ford.  It is disgusting and unforgivable for a government to take such an obviously partisan approach to gut the Greenbelt.  Further, the blatant attempt to reduce criticism by adding other lands that are nowhere near as high quality for protecting the groundwater aquifers and natural corridors will not match the damage done by developing most of these properties.\n"
    },
    "77811": {
        "url": "/comment/77811",
        "comment": "I am amazed at the undemocratic, unethical and deceitful proposal to destroy large parts of the incredibly important Greenbelt. Undemocratic as this government is using it so-called majority (only 18% of eligible voters supported this government) to ram through this ill-conceived proposal. This proposal is not based on science or fact, rather a complete disregard for the environment; an environment that we all depend on for our survival. The myth of perpetual economic and population growth underpins this government's ideology must be assigned to the dustbin of history. We need solutions to our pressing problems (i.e. housing demand) that acknowledge we are part of nature and must live within our means.  Building in flood plains and continued sub-urban spall will not create vibrant, safe or sustainable communities. Climate change! Heard of it?\nStop this madness. The Premier lied during the last election saying his government would not touch the Greenbelt. If the current government can't lead Ontario to a sustainable and equitable future, it should step aside. We need new solutions from real leaders.\n"
    },
    "77814": {
        "url": "/comment/77814",
        "comment": "I\u2019m writing to express my opposition to Bill 23. This bill goes against the Ford government\u2019s promise not to build on the Greenbelt, and appears to be a shameless concession to the Premier\u2019s developer donors for their personal gain. The plan will not meaningfully address the affordable housing crisis, and will destroy Curitiba farmland as well as wildlife and the watershed. The downs team affects on our food system and resilience to climate change and extreme weather will be severe. Flooding and greenhouse emissions will increase as a direct result of this plan, and our ability to grow food for ourselves will be diminished. Please do not allow this bill to proceed.\n"
    },
    "77817": {
        "url": "/comment/77817",
        "comment": "The Greenbelt was designated for an important reason.  Do not amend it!  There is plenty of lands surround Toronto and the GTA to build \"affordable\" housing.  Save our greenbelt, save our environment, save our wildlife, save our rivers, save our marshes,  save our aquafilters, save our bees,  save our earth! Do not pave over the greenbelt.\n"
    },
    "77821": {
        "url": "/comment/77821",
        "comment": "Expanding development onto the Greenbelt is a short-sighted and ill-thought-through attempt to ease the housing crisis. Paving over these environmentally sensitive lands will make climate emergencies more likely and endanger Ontario\u2019s food security. While we need big solutions to combat the housing crisis, these big solutions also need to be smart. You don\u2019t fix one crisis by making another one worse. We must keep the existing Greenbelt as is and find ways to add density to our existing developed land. Ontario has the potential to be an example to the world when it comes to climate action and sustainability but if we keep making these short-sighted decisions, we may stunt our province\u2019s potential and damage our home for decades to come.\n"
    }
}