{
    "74295": {
        "url": "/comment/74295",
        "comment": "The Report of the\nOntario Housing\nAffordability Task Force outlines many manners which would help to achive the goal of creating 1.5 million houses over 10 years. None include the irreversable develop6 of greenbelt land. It is an affront to all Ontarians that such precious land would be opened for development with such little public input.\n"
    },
    "74298": {
        "url": "/comment/74298",
        "comment": "This destruction of the green belt is terrifying.  It is an absolute failure on the part of the Ford government ans shows how little they can be trusted with the future of this province.\nBill 23 is being touted as being good for the development of more housing in the province when it really in turn is creating large homes that those requiring housing cannot afford while lining the pockets of the individuals and corporations who already own the land. The people of this province can see right through this farce of a bill and the ridiculousness of this alleged housing promise.\n"
    },
    "74300": {
        "url": "/comment/74300",
        "comment": "I think Doug Ford is behaving in a corrupt way to benefit his donors. This plan is bad for the environment. Housing should be affordable and walkable and in existing neighbourhoods. This plan will create unnecessary and unwanted sprawl. It will affect our water and environment. We won't get that land or those species back once they are gone.\nSomeone should propose that all of those landowners on these protected lands (in perpetuity) donate the land back to the Greenbelt for a tax break.\nDoug Ford promised he'd listen to the people and leave the Greenbelt alone. He should stick to his word to the people of Ontario or step down.\nListen to the environmental experts. Listen to the city planning experts. Don't listen to the developers. They only have their own interests in mind.\nDo what is best for the future if Ontario because if things continue on the current trajectory no one will be able to live in those new builds in flood zones. Climate change is real and should be considered when building homes.\nI'm a passionate and concerned Ontarian. I've been let down by this government for years and Doug Ford keeps showing us who he's really working for. It's not us.\n"
    },
    "74302": {
        "url": "/comment/74302",
        "comment": "While housing development is important, this is the wrong way to go about it. The greenbelt is so important to the conservation of our province, and is not worth giving up for some patches of development. I want our children to be proud of our efforts to preserve this province's beauty and ecosystems, and be able to experience it themselves.\n"
    },
    "74303": {
        "url": "/comment/74303",
        "comment": "Please do not allow development on this land. There are so many more benefits for Ontario to keep the land undeveloped. Ford made a campaign promise to not touch the land and now amidst a school strike crisis he quietly proposes something contrary. We need farm land, trees for oxygen, habitats for animals.\n"
    },
    "74304": {
        "url": "/comment/74304",
        "comment": "This plan is unconscionable. It is unethical and short-sighted to build on what little green space remains around major urban centres. The fact that friends of Ford stand to profit immensely by it is absolutely shady and greedy, and should be illegal. Our children deserve to have fresh food, untouched land, and wildlife near where they live, just like we did. In the long-term, we must preserve and maintain the earth in order to survive. Cancel this, immediately.\n"
    },
    "74305": {
        "url": "/comment/74305",
        "comment": "I am concerned about this proposed change. I do not believe the parcels of the Greenbelt identified should be made available for housing development. I am concerned that this change is due to lobbying by developers and not based on science. This has been widely reported in the media. It appears as a conflict of interest to me.\nThe Greenbelt needs to be protected. Adding in adjacent lands would be wonderful, but should not be used as a \u201csubstitute\u201d to take lands out of protection. I\u2019m in favour of making the protected area larger. This area is essential for future generations of Ontarians, their drinking water, their food, their air.\nThis proposed change won\u2019t solve our housing crisis. More affordable housing is needed. It\u2019s disturbing to me that this proposed change is being presented as a solution for housing. It\u2019s simply not an appropriate solution.\nIn conclusion, I am not in favour of the proposed change.\n"
    },
    "74307": {
        "url": "/comment/74307",
        "comment": "The Ontario government's decision to provide 7400 greenbelt acres for development is not an acceptable option.  It will lead to unsustainable/unaffordable urban sprawl, destroy habitants for many species and impact the quality of drinking water. There have been many studies that support leaving these lands as they are.\nWhile I appreciate that the construction industry is important to the Ontario economy, all of our futures will be impacted by miss-guided development. Please make the right decision and continue to protect these essential greenbelt lands.\n"
    },
    "74309": {
        "url": "/comment/74309",
        "comment": "I oppose this bill, as the developers who bought land on the Greenbelt look to be donators to Doug Ford's election campaign. This is very corrupt and disregards our democratic process in Ontario.\n"
    },
    "74311": {
        "url": "/comment/74311",
        "comment": "I am writing to register my protest in the strongest possible terms to your amendment to the greenbelt. This land is not necessary to solve your housing challenges. Once gone, this land will never be available to the wildlife and to the citizens of Ontario who do not have cottages to escape to in order to appreciate \"nature.\" There is so much land available to increase density within our towns and cities. This is absolutely a cash grab for developers, donors to the current Ontario government, and it's so plain to see. Among them,  TACC Developments (Silvio De Gasperis), but there are many others, as recent investigative reports illuminate. We all know money in pockets of wealthy and powerful individuals is driving this land grab at the expense of farmland and environmentally sensitive areas. This is beyond reproach. The greenbelt was created to protect these lands and the Premier promised to respect it as recently as 2018, when it was politically expedient and could win him an election. You must see how foolhardy it is. Land to grow food, land for migrating birds to rest in, land for the flora and fauna that is crucial to the health of our planet. What is the true value of these lands? \"Collectively, the developers who purchased land within the Greenbelt since Ford was elected spent more than $278 million, according to land registry documents.\" (https://thenarwhal.ca/ford-ontario-greenbelt-cuts-developers/). Ah, I see. There is a price tag. Come to Scarborough. We have room for densification. As does Burlington, Oakville, Hamilton, St. Catharine's and more. There is no NEED to take away the small areas that are protected. No one believes you are solving the housing crisis for poor people and immigrants by building million dollar homes on the greenbelt.\n"
    },
    "74313": {
        "url": "/comment/74313",
        "comment": "The green belt should be untouched land! To give it up to developers is criminal. If anything the green belt should be expanded! We need more ecological protection, not less. This is another move that shows me to never vote conservative. There is no logic in how this was decided other than by who owned the land. It will not lower prices of houses for those who want to buy.\n"
    },
    "74315": {
        "url": "/comment/74315",
        "comment": "This Bill cannot be passed. As an Ontarian, I know the importance of the Greenbelt. Highway 413 and the Bradford Bypass would destroy some of Ontario\u2019s most productive farmland, harm federally protected at-risk species and degrade water sources for millions of Ontarians. Over the next 30 years, Highway 413 would add over 17 million tonnes of greenhouse gas emissions.\nWe are in the middle of a climate crisis. The damage this highway will cause is irreversible. It is time to invest in clean, green and public transportation, not another polluting highway.\nBuilding houses on the Greenbelt is not the answer to Ontario's housing crisis.\n"
    },
    "74316": {
        "url": "/comment/74316",
        "comment": "The Greenbelt should be protected, even expanded. Agricultural land needs protecting. There are other ways to increase housing units, other places to build.  I am extremely concerned by this proposal before government, and even more concerned by all the reporting of developer land purchases who will profit from the proposed changes.  Do not pass this amendment.\n"
    },
    "74317": {
        "url": "/comment/74317",
        "comment": "Please do not destroy, harm, or diminish our precious green spaces. The Greenbelt is an important part of our remaining ecosystem, and we cannot afford to lose more nature. If you're intent on building more housing, please consider using plots already intended for that purpose before consuming more land...\n"
    },
    "74319": {
        "url": "/comment/74319",
        "comment": "The Greenbelt should not have properties removed from it. The PC party ran on a platform of not modifying the greenbelt; doing so now is undemocratic. Once these properties are developed, we can never undo the environmental damage. It does no good to add different properties to the green belt - the environmental protection only matters if specific properties are part of the green belt. Please respect the future of Ontario by providing environmental proction now.\nThere are better ways to build more housing faster, but Bill 23 does not achieve this goal - there is widespread opposition to this among city planners of all cities, arhictects, and economists. Do what's right for Ontario, do not implement this bill.\n"
    }
}