{
    "74269": {
        "url": "/comment/74269",
        "comment": "This is purely to enrich Ford and his friends. This will not help housing. This will harm our greenbelt. The holmes will be poorly made and mostly sit empty. Our housing crisis is partial made by Fords stealing of funds and ineptitude at leadership. Ford is a grifter that does nothing for the people. Save our green belt. Save our healthcare. Save our education. Save our rights. Save our freaking kids.\n"
    },
    "74270": {
        "url": "/comment/74270",
        "comment": "The green belt would not be paved, removed, exchanged for different areas or any such thing.\nIt is clear that this is driven by corruption and your desire to please wealthy donors.\nIf this plans goes through as is, many people will\nNot rest until it is known by all Ontarians how little regard you have for the future of our children and the planet.\n"
    },
    "74271": {
        "url": "/comment/74271",
        "comment": "Please don\u2019t ruin our lovely green protective spaces. It\u2019s what makes the GTA livable.  We need it for a healthy environment and healthy citizens, both physically and psychologically!  I strongly urge our government leaders to listen to the many voices who want this valuable resource to be protected for all time.\n"
    },
    "74273": {
        "url": "/comment/74273",
        "comment": "Reallocating sections of the Greenbelt for development is not the only solution to helping the housing crisis of Ontario.  The negative impact on the environment is obvious, as is the continued erosion of trust for the Ford government.  When reading the proposal, it is clear that affordability is not a priority and these developments are not likely to significant ease the housing burden.  Several other assessments published by the government have been performed and the many other solutions proposed, do not include the Greenbelt.  Do better and make better use of our resources.\n"
    },
    "74274": {
        "url": "/comment/74274",
        "comment": "The greenbelt is there for a reason. Leave it be and do not break your promise.\nMake meaningful changes that allow densification in cities instead of sprawling more.\nStop lining the pockets of Doug Fords friends, there is piles of evidence showing his supporters are buying land before this bill was announced.\nLife long conservative that will never vote blue again if this bill goes through.\n"
    },
    "74277": {
        "url": "/comment/74277",
        "comment": "I am concerned about the future of southern Ontario\u2019s Greenbelt.\nThis magnificent web of forests, rivers and farms is more important than ever as we work to tackle the climate emergency, protect local food producers and preserve recreational opportunities.\nI am concerned, in particular, about the threat posed by Highway 413.\nA recent EKOS poll found 76 per cent of Ontarians believe the Greenbelt is no place for a new four-to-six lane highway.\nThis highway would slice through the Greenbelt, destroying nearly six kilometres of forest and 75 wetlands. It would pave 2,000 acres of farmland.\nCongestion will not be solved by new highways that incentivize additional traffic. Rather, we need expansion of public transit \u2014 including GO trains, electric buses and light rail \u2014 and better use of Highway 407.\nThe $6 to $10 billion required to build 413 should be spent on pressing community needs, not an expressway that deepens the climate crisis and paves our Greenbelt.\n"
    },
    "74279": {
        "url": "/comment/74279",
        "comment": "I am proud citizen of Ontario in my 40s. I strongly oppose the conservative government's bill to build more homes faster. I believe environmental impacts are over the top negative if this greenbelt swath is destroyed. Farms and nature are very important. I am very angry with these greedy developers and Ford facilitating this which will be a disaster to the environment. Killing animals and plants and agriculture is wrong. The developers are being enabled in this bill to skip paying for all of the infrastructure and other things that have to be done to facilitate municipal growth. They will pass the costs to the city of TO and others. It will cost all property owners to build this new property, it's extortion. The power the wealth will add the developers would pave the way for these few companies to be so large and monopolizing that of course will raise housing costs and not ever lower them. Competition will be obliterated. They are also not developing affordable housing for the average demographic of our newer Ontarians. This is all bad and I don't want it to happen. They should clear the backlog at the tribunals for housing and work with federal partners to build in better places at capped costs with investment positively reaching municipalities involved.\n"
    },
    "74281": {
        "url": "/comment/74281",
        "comment": "Developing in the greenbelt is taking away from the greenspace that we as Canadians value so much; and cuts into vital farming and agricultural land that is much more valuable to the future of Canada than building more housing on this land.\nDevelopment of large parts of this land is also likely going to cause flooding issues, not only where the housing is built, but in other adjacent areas too.\nThe plan to expand housing development into the greenbelt is a disastrously dangerous plan that is only going to serve to further handicap the future of Ontario. It is valuable greenspace that helps to filter our air and naturally control water tables.\nThe solution is to increase housing density in already developed areas, instead of pushing housing out further, and increasing dependency on cars and other polluting infrastructure.\n"
    },
    "74283": {
        "url": "/comment/74283",
        "comment": "The erosion of the green belt is an irresponsible step in the wrong direction. There is plenty of space for urban and housing development within Ontario cities and Residential Zoned areas to meet the current housing crisis if only housing development firms would take the time to develop these areas instead of using this crisis as an opportunity to erode a necessarily protected area and disrupt a fragile ecosystem.\n"
    },
    "74284": {
        "url": "/comment/74284",
        "comment": "Doug Ford\u2019s decision to change what constitutes as the Green Belt of Ontario shows that his priorities lie more in personal profit rather than the benefit of the province and its people.\nCanada\u2018s real estate and rent costs have exceedingly outpaced the average wages of Canadians across the country.\nBy 2016, the average cost of a detached home was nearly $2 million dollars, and average rent for one-bedroom apartments across Ontario have now averaged between $1500 and $3000 a month.\nMeanwhile, the average Canadian makes $50K a year before taxes, the average young Canadian makes around $30K a year before taxes, and thus even at the lowest average costs of rent for a one-bedroom apartment, the cost of rent would take up 1/3 or 3/5 of the average Canadian\u2019s annual income.\nFor Doug Ford to be aware of this, and seek not only to make more houses but do so at the cost of protected land which seeks to maintain any balance with nature we have left, proves that his interests only lie with lining his own pockets at the cost of the citizens and land he is responsible for.\nHis display of short-sighted greed and how willing he is to continue allowing his citizens to suffer and destroy the land that is providing us and many wildlife animals clean air and a means to live is evidence of how under qualified and undeserving of the leadership role he has been given.\nThese actions of his must be stopped, and we must take the steps we need to take towards making Ontario a better place for all.\n"
    },
    "74288": {
        "url": "/comment/74288",
        "comment": "My mother and I are City of Pickering residents, and have been exposed to very intense construction projects near our area of Whitevale/Amberlea. Despite construction being completed for many new settlement subdivisions for some years, the resulting loss of tree cover has impacted the air quality in our area such that both my mother and I notice the difference. Newer construction projects north of where we live also impact our health, as the construction dust further exacerbates our asthma when we go for walks. This is especially hard on my mother who is a senior, and is no doubt making her quality of life worse as she ages.\nYour proposal of removing lands from the Greenbelt in Pickering as proposed in Map 6 will likely guarantee the opening up of more areas for construction near us and will only make mine and my mother's health worse. There are other ways of addressing housing shortages without destroying the ability to enjoy clean air. By opening up these lands for development, I feel you are actively trying to lead myself and my mother to an earlier death at worst, or force us to move at best.\nYou are also likely destroying a section that is incredibly valuable and necessary countryside and farmland. The ability to grow food and eat locally will be especially needed as climate changes are already impacting food production worldwide. Removing that land use possibility is infuriating and irresponsible considering how many in Pickering are becoming more and more food insecure as cost of living increases.\nI am imploring you to stop this ridiculous plan, and do NOT remove the Greenbelt designation from Pickering.\n"
    },
    "74290": {
        "url": "/comment/74290",
        "comment": "I support the addition of the Paris-Galt Moraine to the Greenbelt protected lands, but that does not in any way compensate for the removal of existing properties from the Greenbelt to facilitate the construction of new housing. The government's Housing Affordability Task Force specifically advised against such action, citing the availability of abundant development-ready land within existing municipalities, and the paramount need for environmental protection. This removal of property from Greenbelt designation sets a very bad precedent that bodes ill for the long-term preservation of farmland, forests, and wetlands in the GTA and the Golden Horseshoe, setting the stage for unbridled suburban sprawl. It is all the more odious given that a number of the properties to be released were recently purchased by developers who have donated to the governing Conservative Party of Ontario. This short-sighted government policy appears to be driven by vested private interests at the expense of the public interest, and is to be condemned. It is Premier Ford making good on his pre-election promise in 2018 to a closed audience of developers that he would open up the Greenbelt, subsequent public promises to the contrary be damned.\n"
    },
    "74291": {
        "url": "/comment/74291",
        "comment": "I struggle to understand why you are building on environmentally sensitive land. (beyond lining your own investor's pockets )\nWhy are you not encouraging builders to build UP within a city rather than OUT?   This is wrong.  You are wrong for doing this.  This is so blatantly corrupt and disgraceful.\nThe entire point of the Greenbelt is/was to protect that land for the future.\nYou are not thinking about the future of our children, you are only thinking about the future of your bank account and nothing else.\n"
    },
    "74293": {
        "url": "/comment/74293",
        "comment": "We have a huge housing problem right now in our cities.  But the answer is not to destroy Ontario's prime farmland and important natural ecosystems. We need low-income housing in cities, not in suburbs.\nBut my biggest concern is the the resulting property tax increases that will result from this legislation.  We did not vote Progressive Conservative to end up with higher taxes.  There is no way cities can support this type of infrastructure without huge property tax revenue.  This is going to cripple municipalities and is absolutely inane fiscal management.\n"
    }
}