{
    "79377": {
        "url": "/comment/79377",
        "comment": "We do not need the greenbelt lands to meet the provincial housing targets.\nGreenbelt lands should be strictly hands off, to protect the lands, the connections for wildlife and to preserve our green resources for future generations.\nThe Province's own report from the Housing task force says we DON'T need the greenbelt lands to meet the housing targets.\nPg 10 of the \"Report of the Ontario Housing Affordability Task Force\" dated Feb 8, 2022. includes the following (under the heading Making land available to build):\n\"The Greater Toronto Area is bordered on one side by Lake Ontario and on the other by the\nprotected Greenbelt. Similarly, the Ottawa River and another Greenbelt constrain land supply\nin Ottawa, the province\u2019s second-largest city.\nBut a shortage of land isn\u2019t the cause of the problem.\nLand is available, both inside the existing built-up areas\nand on undeveloped land outside greenbelts.\nWe need to make better use of land.\"\nWe need to increase density in the existing developed land, and on the land that's already designated. We need to increase density along transit corridors, and roads. We need to make better use of land.\nThe planet is under threat from climate change, and we need to protect the greenbelt, our wetlands and the conservation authority. Please take your hands off the greenbelt. For example, housing along rivers such as Duffins creek area in the east end doesn't make sense in these times of climate change. Protect the natural areas, and species that live along the waters and wetlands.\nYou promised to not touch the greenbelt. Please keep your word.\n"
    },
    "79380": {
        "url": "/comment/79380",
        "comment": "Hello\nBill 23 needs to be repealed . It's been shown to be totally unnecessary to use any Greenbelt lands to address the present housing crisis . Other developable lands exist elsewhere to be built upon .\nThe last thing the planet needs is more urban sprawl - more linkage more cars more pollution .\nIt is time to be thinking about a much bigger crisis than the housing crisis - namely the Climate Crisis .\nUnfortunately this govt seems to care little about the environment if at all - one of it's first changes was to remove the Environment Commission - now plans to remove the influence of the conservation authorities on planning issues . According to this weeks Globe & Mail the premier states no development will occur in floodplain areas and it will be the developers who make sure that doesn't happen - knowing that 71% of the wetlands in Ontario have already disappeared due to expansion for human use , i don't hold much faith in the premier's words . By the way that same premier also said on numerous occasions that the Greenbelt will never be built on .\nAccording to the latest scientific reports we have 9 to 10 years to change our ways of living if we want to have any semblance of what we consider a normal world - the kind of logic behind Bill 23 absolutely boggles the mind . We cannot continue doing such foolish things - the price we all pay is way too high .\n"
    },
    "79384": {
        "url": "/comment/79384",
        "comment": "ERO FILE NUMBER 019-6216\nProposed Amendments to the Greenbelt Plan\nLands Located in the City of Hamilton\nSouth of Garner Road West, West of Fiddlers Green Road, East of Shaver Road, in the Vicinity of Book Road West \u2013 Map 9 to ER0 FILE 019-6216\nI strongly support the removal of these lands from the Greenbelt for the following reasons:\nThese lands were wrongly included in the Greenbelt in the first place.\nThe lands are adjacent to existing settlement areas;\nThe lands are adjacent to the edge of the Greenbelt area boundary;\nThe lands have the potential to be serviced in the near-term with local infrastructure upgrades to be entirely funded by proponents; and\nThe lands proposed for the removal have the characteristics that would enable housing to be built in the near term;\nThe subject lands were inappropriately and precipitously added to the Greenbelt in 2016 without proper consultation with residents and businesses in the area;\nThe inclusion of the subject lands in the Greenbelt in 2016 was contrary to the City of Hamilton\u2019s staff position and that of their consultants engaged in the Greenbelt review process;\nThere is no planning or scientific justification to support the inclusion of the lands in the Greenbelt.  The inclusion appeared totally arbitrary;\nI understand that the City of Hamilton requires these lands to meet housing needs to address affordability and supply issues.  This is an area that affords excellent accessibility to major highways and community services in the abutting urban area of Hamilton and the Ancaster community.  I strongly support the Provincial initiatives to increase the supply of housing in the community.\n"
    },
    "79385": {
        "url": "/comment/79385",
        "comment": "I do not think it is wise to remove any lands from the existing Greenbelt in Ontario. The governments own task force has made it clear that enough land is available within present urban boundaries to meet future building needs. Reducing our present Greenbelt boundaries will not help us to reach our climate goals, will reduce biodiversity, will remove prime farm land near to our urban population and will create more urban sprawl. The expert planners and scientists tell us that this plan to build on the Greenbelt is very ill advised. The plan is to replace the lost Greenbelt with other lands. This does not make sense - the ecological functions of the lost land is needed in those locations where it presently exists. For example these Greenbelt areas provide wildlife corridors, these lands provide flood control and water purification functions. You can not simply protect green spaces that are kilometres away and get the same results.\nThis is change in our Greenbelt plan is in direct opposition to decades of careful and thoughtful planning that has happened in Ontario. It is not in the best interest of people and the natural Environment that supports us.\n"
    },
    "79386": {
        "url": "/comment/79386",
        "comment": "In the strongest language possible, please register my strong opposition to any proposed amendments that reduce the protection and or reduce the existing lands protected under the \"Greenbelt Plan.\"\nThe Greenbelt Plan and the protection in place are the result of over 30 years of progress to protect environmentally sustaining lands that we as a species need. There should be no need to re-visit all the many reasons the protection was put in place; the science, the biology, the benefits to quality of life to all Ontarian's was clearly provided during consultations on the Greenbelt Plan.\nIt has been forwarded by the current Provincial Government Leadership that some of this protected land is needed to address the \"Housing Crisis\" in Ontario's GTA. That is not an accurate assessment of the situation as Ontario has already committed projects and lands identified for future development that can address Ontario's future housing needs. This situation is an \"Affordable Housing Crisis\" that opening up the Greenbelt will do nothing to address.\nFurthermore the proposal suggests to remove targeted lands NE of Toronto in favour of adding a greater amount of land to Greenbelt protection. This does not recognize the environmental significances of the currently protect land as it the source of much of the ground water supplies for the GTA, an important wildlife corridor, and many other identified benefits.\nThe proposed changes will undo 30 years of progress on wetland protection. It is shameful, regressive and abhorrent to me.\nAgain, I am in opposition to any changes that remove existing protected lands or weaken the existing Greenbelt Plan.\n"
    },
    "79388": {
        "url": "/comment/79388",
        "comment": "This is wrong - I do not agree with the Bill - Greenspace needs to be protected- Doug Ford promised not to touch the Greenbelts and now he is deceiving all ontarians!!!!   STOP THIS BILL NOW - I also believe this has nothing to do with affordable housing and lots to do with making developers richer!!!!\n"
    },
    "79389": {
        "url": "/comment/79389",
        "comment": "These lands are adjacent to a highway. Hamilton needs more housing! Please see below:\nERO FILE NUMBER 019-6216\nProposed Amendments to the Greenbelt Plan\nLands Located in the City of Hamilton\nSouth of Garner Road West, West of Fiddlers Green Road, East of Shaver Road, in the Vicinity of Book Road West \u2013 Map 9 to ER0 FILE 019-6216\nI strongly support the removal of these lands from the Greenbelt for the following reasons:\nThe lands are adjacent to existing settlement areas;\nThe lands are adjacent to the edge of the Greenbelt area boundary;\nThe lands have the potential to be serviced in the near-term with local infrastructure upgrades to be entirely funded by proponents; and\nThe lands proposed for the removal have the characteristics that would enable housing to be built in the near term;\nThe subject lands were inappropriately and precipitously added to the Greenbelt in 2016 without proper consultation with residents and businesses in the area;\nThe inclusion of the subject lands in the Greenbelt in 2016 was contrary to the City of Hamilton\u2019s staff position and that of their consultants engaged in the Greenbelt review process;\nThere is no planning or scientific justification to support the inclusion of the lands in the Greenbelt.  The inclusion appeared totally arbitrary;\nI understand that the City of Hamilton requires these lands to meet housing needs to address affordability and supply issues.  This is an area that affords excellent accessibility to major highways and community services in the abutting urban area of Hamilton and the Ancaster community.  I strongly support the Provincial initiatives to increase the supply of housing in the community.\n"
    },
    "79390": {
        "url": "/comment/79390",
        "comment": "I am writing to register my disagreement with ANY of the greenbelt being used for housing.  This will ruin the effectiveness of the entire designated area; its only going to work if it stays intact.  I do not appreciate a government LYING to the public and allowing the sale of lands designated for agricultural purposes to be used for housing..  There.is lots of land available for housing already. I live near Eglinton West in Toronto where there is so much room for mainstreet development, 5 or 6 stories with retail on the ground floor and housing above.  This is intensification in areas where the services are already provided, and leaving agricultural land for farming which will provide local food for city people.  This should NOT be given up for the sake of compensating wealthy landowners who have donated to a political campaign.  That's corruption.  For the sake of Ontarians now and in the future this land must remain undeveloped.  The quality of our water depends on watershed protection of the headwaters - and this plan, if allowed to go forward will compromise that.\n"
    },
    "79393": {
        "url": "/comment/79393",
        "comment": "I vehemently oppose this proposal. Doug Ford promised that he would not open any section of the Greenbelt for development and he should be a man of his word. It is clear that there is a need for more housing in Ontario, but removing these 15 proposed areas will not solve that problem. Instead they will cause more urban sprawl, create more carbon emissions, lose valuable farmland and lose critical wetlands that recharge drinking water for people in urban areas.\nEach acre in the Greenbelt has been set aside for the well-being of future generations of Ontario citizens. As such they should be conserved and protected as they were intended. It is a very dangerous step to revert to earlier misunderstanding of the role and importance of \"undeveloped\" land.\n"
    },
    "79394": {
        "url": "/comment/79394",
        "comment": "ERO FILE NUMBER 019-6216\nProposed Amendments to the Greenbelt Plan\nLands Located in the City of Hamilton\nSouth of Garner Road West, West of Fiddlers Green Road, East of Shaver Road, in the Vicinity of Book Road West \u2013 Map 9 to ER0 FILE 019-6216\nI strongly support the removal of these lands from the Greenbelt for the following reasons:\nIt\u2019s right next to all of West-Ancaster.\nThe lands are adjacent to existing settlement areas;\nThe lands are adjacent to the edge of the Greenbelt area boundary;\nThe lands have the potential to be serviced in the near-term with local infrastructure upgrades to be entirely funded by proponents; and\nThe lands proposed for the removal have the characteristics that would enable housing to be built in the near term;\nThe subject lands were inappropriately and precipitously added to the Greenbelt in 2016 without proper consultation with residents and businesses in the area;\nThe inclusion of the subject lands in the Greenbelt in 2016 was contrary to the City of Hamilton\u2019s staff position and that of their consultants engaged in the Greenbelt review process;\nThere is no planning or scientific justification to support the inclusion of the lands in the Greenbelt.  The inclusion appeared totally arbitrary;\nI understand that the City of Hamilton requires these lands to meet housing needs to address affordability and supply issues.  This is an area that affords excellent accessibility to major highways and community services in the abutting urban area of Hamilton and the Ancaster community.  I strongly support the Provincial initiatives to increase the supply of housing in the community.\n"
    },
    "79396": {
        "url": "/comment/79396",
        "comment": "PLEASE PRIORITIZE THE ENVIRONMENT! Enough with trying to appeal to wealthy developers all to get your campaign funding. The public DOES NOT WANT YOU TO TOUCH THE GREENBELT! Your capitalistic mindset is destroying our earth! Your children and grandchildren will not be able to survive on this planet much longer if you don\u2019t stop being corporate shills and start thinking about the ecological destruction you\u2019re causing!\n"
    },
    "79397": {
        "url": "/comment/79397",
        "comment": "Please consider all of the following. People who are for removing these lands are not against the greenbelt, rather against greenbelt where it doesn't make any logical sense!\nERO FILE NUMBER 019-6216\nProposed Amendments to the Greenbelt Plan\nLands Located in the City of Hamilton\nSouth of Garner Road West, West of Fiddlers Green Road, East of Shaver Road, in the Vicinity of Book Road West \u2013 Map 9 to ER0 FILE 019-6216\nI strongly support the removal of these lands from the Greenbelt for the following reasons:\nThe lands are adjacent to existing settlement areas;\nThe lands are adjacent to the edge of the Greenbelt area boundary;\nThe lands have the potential to be serviced in the near-term with local infrastructure upgrades to be entirely funded by proponents; and\nThe lands proposed for the removal have the characteristics that would enable housing to be built in the near term;\nThe subject lands were inappropriately and precipitously added to the Greenbelt in 2016 without proper consultation with residents and businesses in the area;\nThe inclusion of the subject lands in the Greenbelt in 2016 was contrary to the City of Hamilton\u2019s staff position and that of their consultants engaged in the Greenbelt review process;\nThere is no planning or scientific justification to support the inclusion of the lands in the Greenbelt.  The inclusion appeared totally arbitrary;\nI understand that the City of Hamilton requires these lands to meet housing needs to address affordability and supply issues.  This is an area that affords excellent accessibility to major highways and community services in the abutting urban area of Hamilton and the Ancaster community.  I strongly support the Provincial initiatives to increase the supply of housing in the community.\n"
    },
    "79398": {
        "url": "/comment/79398",
        "comment": "ERO FILE NUMBER 019-6216\nProposed Amendments to the Greenbelt Plan\nLands Located in the City of Hamilton\nSouth of Garner Road West, West of Fiddlers Green Road, East of Shaver Road, in the Vicinity of Book Road West \u2013 Map 9 to ER0 FILE 019-6216\nI strongly support the removal of these lands from the Greenbelt for the following reasons:\nPeople need homes.  This a great place for them.\nThe lands are adjacent to existing settlement areas;\nThe lands are adjacent to the edge of the Greenbelt area boundary;\nThe lands have the potential to be serviced in the near-term with local infrastructure upgrades to be entirely funded by proponents; and\nThe lands proposed for the removal have the characteristics that would enable housing to be built in the near term;\nThe subject lands were inappropriately and precipitously added to the Greenbelt in 2016 without proper consultation with residents and businesses in the area;\nThe inclusion of the subject lands in the Greenbelt in 2016 was contrary to the City of Hamilton\u2019s staff position and that of their consultants engaged in the Greenbelt review process;\nThere is no planning or scientific justification to support the inclusion of the lands in the Greenbelt.  The inclusion appeared totally arbitrary;\nI understand that the City of Hamilton requires these lands to meet housing needs to address affordability and supply issues.  This is an area that affords excellent accessibility to major highways and community services in the abutting urban area of Hamilton and the Ancaster community.  I strongly support the Provincial initiatives to increase the supply of housing in the community.\n"
    },
    "79399": {
        "url": "/comment/79399",
        "comment": "I oppose the proposed Greenbelt changes from Bill 23, as well as the bill in its entirety.\nThis is reckless, short-sighted environmental destruction: By allowing for the sale of precious woodlands and wetlands, and downgrading the oversight role of the Conservation Authorities, this government prioritizes the construction of a proportionately small number of homes over the enormous value contained in these lands. According to Sarah Tuck, a doctor and environmental activist, \u201cthe resulting suburban sprawl would be public transit starved and car heavy, only adding to the air pollution and sedentary lifestyles that threaten our health.\u201d This sets back responsible urban planning by at least 70 years.\nAs developers profit, the taxpayer burden will go up: While the bill aims to encourage speedy development of \u201caffordable\u201d housing by eliminating development and community benefit charges, the result would be skyrocketing costs to municipalities (and thus taxpayers) for infrastructure, recreational and transit service. These outlying developments would be costly to service, resulting in under-serviced neighbourhoods without equitable access to infrastructure that support health and quality of life such as public transit and parks. Even the city of AMO has stated there is no reason to believe house prices will go down if development fees are reduced. They will simply go to the profit margins of the wealthy landowners. \u201c\u2026The only people who will benefit from sacrificing Greenbelt lands are certain developers.\u201d - Jack Gibbons, chair of the North Gwillimbury Forest Alliance\nMunicipalities left in the dust: Under this bill the planning for progressive housing expansion already underway in certain municipalities and regions would be undermined or canceled, and sprawl style development mandated. Additionally, municipalities would have no ability to enforce high performance development standards and other green building standards aimed at producing lower emissions buildings. It also leaves no ability for municipalities to protect the supply of affordable rental units, which goes against this government's stated aim of improving housing affordability; it will instead have the opposite effect of reducing the affordability of housing.\nIt goes against the recommendations of the government's own housing affordability task force. We do not need to open up the greenbelt in order to build more homes. All around the GTA, there are plenty of places for homes: for luxury homes, for mixed-use residences, for affordable housing, and everything in between. We do not need to touch the wetlands to have people achieve their dream of a roof over their heads and a warm bed. There is already enough land on which to build within existing zoning laws.\nWe cannot replace wetlands in one place with already-protected urban river valleys from another. Moving numbers around on paper does not protect the cities of Ontario from the flooding we know is coming.\nThis government's attempts to create profit for party donors at the expense of cities, taxpayers, citizens, and the ecosystem is blatant and undemocratic.\n"
    },
    "79400": {
        "url": "/comment/79400",
        "comment": "Comment from the Prince Edward County Field Naturalists on Proposed Amendments to the Greenbelt Plan re: ERO 019-6216\nDecember 4, 2022\nTo Whom it May Concern:\nThe provincial government is proposing to renege on its promise not to develop in the Greenbelt and turn 7,400 acres of land in the Greenbelt over to housing and commercial development. In addition, the government is proposing to redesignate land in the Oak Ridges Moraine Conservation Plan Area for this purpose.\nWe are concerned that the government has failed to consider the full ramifications of this proposal, or if it has considered them, has yet to demonstrate this to the public.\nAs an example, a few days ago Steven Guilbeault, the federal minister of the environment, noted that  some of the lands where housing or commercial development is being proposed are located in low-lying areas that are subject to flooding.\nThe Hon. Steve Clark (Municipal Affairs and Housing) responded to Mr. Guilbeault\u2019s observation as follows:\n\"Undertaking natural hazard mitigation is a standard part of any development and Ontario\u2019s\n preventative approach of directing development away from floodplains and other hazardous areas\n is highly effective. We continue to help our municipal partners plan for responsible growth and help\n build housing where it makes sense, while protecting the environment, so Ontario can continue to\n be the best place to live, work, and prosper.\"\nHowever rather than alleviating concerns about flooding, Mr. Clark has done exactly the opposite.  At the same time Mr. Clark is expounding on his government\u2019s \u201cpreventative approach\u201d, it is worth bearing in mind that Mr. Clark and his government are preparing to dismantle conservation authorities that for many years have played a major role in directing development away from floodplains and other hazardous areas and in helping municipalities plan for responsible growth.\nIn reality, conservation authorities (not the government) have traditionally partnered with municipalities to \u201cbuild housing where it makes sense, while protecting the environment.\u201d\nThe \u201dpreventative approach\u201d that Mr. Clark refers to has only been effective because of the province\u2019s conservation authorities.   It is our conservation authorities that have done the heavy lifting when it comes to directing development away from floodplains and in working with municipalities on responsible land use planning in their respective watersheds.\nIf the changes proposed in ERO 019-6141 go through, conservation authorities will be prohibited from commenting on any matter related to development and land use planning. Quinte Conservation, the conservation authority in our region, will no longer be permitted to work with our municipality on watershed planning.   As others have noted,  the proposed new regulations  \u201cgag\u201d conservation authorities by not allowing them to share information with municipalities as part of the land use approval process.\nIn view of the government\u2019s proposal to eliminate the roles and responsibilities of our conservation authorities, Mr. Clark\u2019s response should be taken with a grain of salt.  Concerns about flooding in low-lying areas of the Greenbelt are absolutely relevant and will become even more so when conservation authorities will no longer be in the picture.\nIn its eagerness to open the Greenbelt and the Oak Ridges Moraine and other areas in Ontario to development the government is prepared to get rid of conservation authorities and anything else standing in its way.  We strongly disagree with Premier Doug Ford that Mr. Guilbeault needs to \"do his research\" and that developers are responsible for making sure they protect developments on floodplains.  The fact that our Premier is even condoning developing on floodplains indicates that our conservation authorities are needed more than ever.\nWe strongly object to the government\u2019s proposal to develop the Greenbelt when the government has not undertaken due diligence in conducting its own research into the ramifications of doing so. This includes building housing developments in low-lying areas, as per the concern raised by Minister Guilbeault.  Does the government even know how many low-lying areas are located in the lands being partitioned off for development and as such will be subject to flooding?\nIn summary, our comments in response to the proposed amendments to the Greenbelt Plan re: ERO 019-6216 are:\n(1)\tLeave the province\u2019s Conservation Authorities in place as they are today as it is their authority and oversight of watersheds including the watershed(s) in the Greenbelt that will ensure the sustainability of these environments with established protection criteria;\n(2)\tThe irresponsibility of a plan that denies municipalities\u2019 access to centralized information such as watershed mapping that is in the possession of conservation authorities, including municipalities that have lands in the Greenbelt. Relatedly, prohibiting municipalities from seeking advice from conservation authorities on planning matters, including seeking advice on planning matters on low-lying lands in the Greenbelt that are subject to flooding;\n(3)\tLack of due diligence in ensuring that municipalities directly involved in this proposal to put housing in the Greenbelt have access to vital  information about the exact location of low-lying areas in the lands involved in this proposal and access to subject matter experts who can advise on the likelihood of flooding events, taking into account the potential for more frequent and devastating flooding events with climate change and the challenges of mitigating for these events;\n(4)\tFailure to identify the irreparable harm to wetlands, woodlands and wildlife habitat that will be paved over to build new houses and roads;\n(5)\tFailure to give due consideration to the Provincial Policy Statement (the PPS is not mentioned anywhere in the proposal details for ERO 019-6216);\n(6)\tPermitting housing development in the Greenbelt when the government has failed to provide  evidence of any kind that there is an urgent need to build houses in the Greenbelt;\n(7)\tThe total irresponsibility of a Premier suggesting that developers will be responsible for making sure they protect developments on floodplains when the last thing the government should even be considering is permitting development in a floodplain.\nRegards,\nThe Prince Edward County Field Naturalists\n"
    },
    "79401": {
        "url": "/comment/79401",
        "comment": "Dear Mr.Ford\nI strongly oppose building on the Greenbelt for the following reasons.\nTo truly solve the housing crisis, the Province should focus on land in existing urban areas that is close to transit and services people want and then focus on the 88,000 acres of land in the GTHA that are already designated for development\nRemoving 7,400 acres of farmland and natural areas from Greenbelt protection will not solve the housing crisis and will create a whole new set of problems:\nHarming Ontario\u2019s food security by reducing our ability to grow fresh local food.\nDestroying land that provides key ecological services like flood protection and carbon sequestration that we will increasingly rely on as the climate crisis worsens\nSetting a destructive precedent that Greenbelt protected lands will be sacrificed when land speculators want to develop them therefore creating an ecologically damaged \u201cswiss cheese\u201d\nGreenbelt.\n"
    },
    "79402": {
        "url": "/comment/79402",
        "comment": "\u00b7      Premier Ford promised his government wouldn\u2019t touch the Greenbelt\n\u00b7      A report prepared by government-hired consultants said Greenbelt land was not needed to build needed housing.\n\u00b7      Building on unserviced Greenbelt land will not solve the unaffordable housing problem.\n\u00b7      Greenbelt land was designated after significant scientific studies and extensive public consultation and cannot just be whittled away without significant justification and extensive public consultation.\n\u00b7      Adding already protected river valleys to the plan cannot be used to justify removals.\n\u00b7      Neither can adding land in the Paris Galt Moraine, especially when no justification has been given for why these lands were chosen.\n\u00b7      Altogether the government should be protecting the existing Greenbelt and adding to it, not deleting from it.\n"
    }
}