{
    "74762": {
        "url": "/comment/74762",
        "comment": "I am deeply disappointed in the premier going back on his word to never open GreenBelt to housing. Hearing the concerns from Environmental group, Conservation groups and municipalities. I think this is a very bad idea. Building houses in wetlands is not a great idea. The fact that all of our property taxes will have to increase due to Doug Ford not making the developers fees. That is not fair.\nIt\u2019s Nov 28 and the Bill was already passed. How is this possible ? The comments period was till Dec 4. The fact that the new municipalities leaders didn\u2019t even get to review the changes before they take office in January is criminal.\nWill the premier and all the conservatives mps be tried for corruption charges?\nThe lands where the development is happening were bought by developer donors of the Conservative Party. Will there be conflict of interest review done?\n"
    },
    "74763": {
        "url": "/comment/74763",
        "comment": "The government should not backtrack on its promise to leave the greenbelt intact. These changes will set a precedent for every landowner and speculator to lobby the government to remove lands from the greenbelt for their benefit. Furthermore, the greenbelt is not a reserve of land for development. It is an essential feature for protecting natural heritage and agricultural land in Ontario. Most of the remaining prime agricultural land in Ontario is within the bounds of the GTA and the greenbelt, as are a disproportionate number of rare and at-risk species. We need these regions more than ever to have good planning, with dense land efficient development within lands already designated for development. There are lands available for development to support growth for at least several decades, we do not need to open up valuable greenbelt land. None of the parcels would support affordable housing - only expensive exurbs, luxury homes and car dependent sprawl that is wrecking out environment and bankrupting our communities.\nIn short, I am opposed to ALL of the proposed removals of land\nI am in support of adding the Paris Galt moraine and urban river valleys to the greenbelt, but these are not an adequate replacement for the lands removed, since most of the area is already protected by other mechanisms.\n"
    },
    "74778": {
        "url": "/comment/74778",
        "comment": "Developing the Green Belt is short sighted and not the solution to the housing problem.\nIt has become incresingly clear that this is not a proposal that was based on what's best for the province, but rather that this proposal is based on who donated to Ford's campaign or has strong ties to him personally. It is clear that those that stand to benefit are people who snatched up the land just prior to the release of this proposal which reeks of impropriety and demonstrates that Ford is not opening this for the benefit of Ontarios, but rather for the benefit of his friends and those that serve to enrich or empower him and The PC Party of Ontario.\nYou can't replace the land lost with land elsewhere. It's not a 1:1 trade. Location and type of land matters.\nThis entire affair reeks for corruption.\n"
    },
    "74780": {
        "url": "/comment/74780",
        "comment": "I am an Ontario resident and a concerned citizen and parent.\nOur Greenbelt was made protected land for good reason, and giving it to developers will bring irrevocable damage. Bill 23 should be repealed. It takes power away from municipalities and communities who voted not to develop Greenbelt land. Doug Ford also promised not to touch the Greenbelt.\nIn the middle of a climate crisis, we cannot afford to be attacking wetlands, farmlands or our water. There is no evidence this Bill will help the housing crisis. It is only set to benefit wealthy developers.\nPlease repeal Bill 23 and save the 7400 acres of Greenbelt land from being paved over.\n"
    },
    "74782": {
        "url": "/comment/74782",
        "comment": "I am a Torontonian of about 40 years. I have not known empty shelves or food shortages. My friends who farm just outside the city assure me some of the best farmland in Canada is in the green belt. Please don\u2019t sell it off to developers. They cannot be expected to use it for the benefit of all. And they will not address the real concerns of Torontonian\u2019s food security.\n"
    }
}