{
    "65322": {
        "url": "/comment/65322",
        "comment": "No! No! No! This government pledged to maintain the Greenbelt intact. That pledge helped get Tories elected as I recall. Abort your promise at your peril.\nTell Ottawa to direct its 6 million migrants to towns across Canada desperate for rejuvenation. The GTA cannot handle them. Hospitals are a disaster. Housing is a disaster. Sacrificing the Greenbelt and remaining productive farmland in the GTA is futile, and a non-starter.\nHospitals are far beyond capacity now. More housing will only compound that problem. Food is already costly beyond the means of many GTA residents. Irreplaceable farmland is already being buried beneath malls and subdivisions. The new York Region Official Plan calls for even more predatory plans to bury more farms. This is suicide.\nLook at your own pock-marked map. It is obvious that the next move will be to merge the pock-marks. Call a halt to this destruction of our environment that you claim is of such critical importance to our future. Your map proclaims that money is far more important than our survival.\n"
    },
    "65324": {
        "url": "/comment/65324",
        "comment": "I would like to start by saying I understand there is a significant shortage of housing, largely affordable housing in Ontario. And I understand the importance of providing this housing as quickly as possible. However, I do not believe that it is prudent to remove areas of the Greenbelt to do so. There are more than enough lands within Southern Ontario, and around the Greater Golden Horseshoe, that can be developed for single family homes. And there are plenty of brownfields within existing municipalities that can be redeveloped into multi-unit residential properties, ideally providing attainable and affordable units. The removal of Greenbelt lands sets the dangerous precedent that protected lands shall remain protected unless these lands can be used for something else more pressing at the time. What happens when the next housing crisis hits Ontario. And the next, and the next. As a province, do we continue to erode the Greenbelt until it has become a suburb of the GTA? Where does the development end? Because if this is allowed to happen, there is nothing to stop additional areas of the Greenbelt from being picked apart and developed in the future. I urge the government to look to other areas within Southern Ontario for the development of single family homes, and to leave protected areas protected, now and in perpetuity so that my grandchildren may enjoy these same areas.\nThank you\nJay\n"
    },
    "65327": {
        "url": "/comment/65327",
        "comment": "Wrong on so many levels! This plan completely ignores the ecological biodiversity of this space. What about the homes of the 78 species at risk that live there? Like the monarch butterfly, bobolink, barn owl, and spotted turtle.\nWhat the Ford Government doesn't seem to understand (or care about) is that an ecosystem is interconnected, if you remove one piece, the entire habitat is affected. Trees communicate & protect each other through underground root networks; fungi contribute to soil biodiversity & act as decomposers; and species of wildlife that are already endangered because of habitat loss will be threatened even more.\nAt a time when climate change is threatening the survival of humanity, we should be protecting forests that take in carbon dioxide & allow us to breathe and live. Where is the leadership & integrity to do the right thing?\n"
    },
    "65328": {
        "url": "/comment/65328",
        "comment": "The housing crisis is far more complicated than a lack of housing. Building more homes will not solve this issue, it will only continue to minimize the green-spaces that are essential to the well-being of biodiversity and our environment. We are running out of room, I urge you to feel that panic, and the panic as our precious green spaces get smaller and smaller as developments continue to grow in numbers. Please reconsider, for the species that rely on these spaces to survive, for your children who deserve to grow up with access to nature, and for yourselves. We are running out of time and space.\n"
    },
    "65332": {
        "url": "/comment/65332",
        "comment": "In 2005 the Greenbelt was identified by the province as land that should be protected because of it\u2019s important agricultural potential. Farmland loss in Ontario is increasing yearly despite protections, and the Greenbelt lands should not be part of this loss. There should not be an option to remove parts of the Greenbelt for development and \u201cadd new sections\u201d elsewhere. Once agricultural land is converted it cannot ever be returned to arable land, meaning that this important farmland will be lost forever. Although there is a housing crisis, the ability to produce locally grown food is of equal importance to our communities in southern Ontario.  Although Canada is a large country, only about 4.7% of our land is arable, with the majority of this land being in southern Ontario. If we allow conversion of some of the Greenbelt, what is to stop all of it from becoming housing developments in the future? There is space within our cities to build housing developments and creative thinking can allow for housing to be built in existing areas such as empty abandoned buildings, brownfields, above commercial buildings. With amenities in most cities concentrated to the downtown core or other high density areas, building housing outside our cities in Greenbelt lands would increase the need for the development of more grocery stores, doctors offices, gas stations, and other amenities within these new neighborhoods to service the people living there. This will end up costing the government/citizens of Ontario exorbitant amounts of money that could be avoided if the current government thought more critically about a solution to our housing crisis. More research should be put into the root cause of the housing crisis to examine the need for more affordable housing and the reality of why there is a housing crisis in Ontario before we permanently destroy essential agricultural lands.\n"
    },
    "65333": {
        "url": "/comment/65333",
        "comment": "Rezoning Greenbelt land to building housing is short sighted and in direct contrast with the information and evidence pertaining to the climate crisis we are facing around the world. There is already precious little green space within the Golden Horseshoe. Rezoning verdant land for more housing is not the answer.\nFurther, the Ford government has previously, OJ multiple occasions, promised not to impact the Greenbelt. Yet, now the application is presented without sufficient proof that all appropriate, or for that matter any, other options were considered.\n"
    },
    "65334": {
        "url": "/comment/65334",
        "comment": "I urge the Premier to:\n- withdraw the plan to remove lands from the Greenbelt;\n- get on with a meaningful Greenbelt expansion that reflects public input - repeatedly promised \u2014.\nbut never delivered by the Ford government;\n- follow the advice of the government\u2019s own Ontario Affordable Housing Task Force and focus efforts on developing affordable housing on lands that have already been designated for development and have the necessary infrastructure in place. As the Housing Task Force noted, there is plenty of land within urban areas ready for development.\n"
    },
    "65335": {
        "url": "/comment/65335",
        "comment": "Do not build on the green belt. This was protected land for a reason. This land needs to remain protected now and for generations to come. So little green spaces remain in southern Ontario and as we face a global climate crisis, let\u2019s not do further harm by taking away and building on the protected land we do have.\n"
    },
    "65337": {
        "url": "/comment/65337",
        "comment": "I urge the Premier to:\n-Withdraw the plan to remove lands from the Greenbelt;\n-Get on with a meaningful Greenbelt expansion that reflects public input - repeatedly promised but never delivered by the Ford government;\n+Follow the advice of the government\u2019s own Ontario Affordable Housing Task Force and focus efforts on developing affordable housing on lands that have already been designated for development and have the necessary infrastructure in place. As the Housing Task Force noted, there is plenty of land within urban areas ready for development.\n-Follow through on Ford's own promise in 2018 to leave the greenbelt ALONE!\n-What was the purpose of the Task force if the recommendations are just going to be ignored?\n"
    },
    "65339": {
        "url": "/comment/65339",
        "comment": "There are options for housing without encroaching on the greenbelt. This is an incredibly short sighted position for the government to take, much like many of the Ford government policies seem to be. Put forth effort into developing thought out strategies and stop lying to the people of Ontario. Enough of your meaningless, self serving talking points.\n"
    },
    "65341": {
        "url": "/comment/65341",
        "comment": "I am a big proponent of more housing. However, this plan is not the way to do it.\nThe greenbelt is the only access to greenspace for most GTA residents\nOnly available space for wildlife in the GTA\nThe greenbelt has a cooling effect- with an impending energy shortage, and no real plan to remediate it, and the increasing temperatures of the GTA, we are going to put massive stain on our energy grid if we get rid of this natural heatsink\nIncreasing sprawl - actively deteriorates our quality of life and air quality. We need density, not sprawl.\n"
    },
    "65346": {
        "url": "/comment/65346",
        "comment": "I am strongly opposed to the government's plan to build houses on greenbelt land in Ontario. We should be taking steps to preserve the existing greenbelt boundaries, not encroaching upon them to build new housing. The government's plan smacks of short-sighted opportunism and I cannot support that plan!\n"
    }
}