{
    "74095": {
        "url": "/comment/74095",
        "comment": "This is a travesty. The greenbelt is necessary for the future of Toronto, especially when it comes to what it is, a flood soak area. This is despicable and will be costly for generations!\n\"The addition of these waterways to the Greenbelt is an important recognition of the vital role the Greenbelt plays in protecting the hydrological features we rely on for clean drinking water, flood protection, and healthy ecosystems.\u00a0The\u00a0Greenbelt provides $3.2B annually\u00a0in ecosystem services to the region, including\u00a0$224M per year in flood protection for private property and $52M per year in carbon sequestration.\" -Greenbelt Foundation\n"
    },
    "74096": {
        "url": "/comment/74096",
        "comment": "Very disappointed in the lies this government has tried to sell. Gutting things because of dollar signs. The greenbelt is a beautiful part of southern ontario.  Clearly this government cant wait to build homes all over it. Like literally over top. I wonder if the real plan is to rid us of the entire greenbelt. Environment is clearly not on Dougs agenda. It should be front and centre.\n"
    },
    "74097": {
        "url": "/comment/74097",
        "comment": "I am completely and and categorically against any devil the greenbelt.\nThis is not the answer to the housing crisis.\nAs long as corporations and companies can buy houses, how will the individual/family ever be able to compete?\nDestroying the greenbelt will in no way help this. Leave it alone.\nConsider instead, taxing (substantially) any homes owned after the primary residence.\nHome ownership needs to stop being a form of investment, and instead, a way to house people and families.\nI am therefore not in favour of any development of the greenbelt.\n"
    },
    "74099": {
        "url": "/comment/74099",
        "comment": "NO ONE is in support of this except lazy developers driven solely by profit. Ford made a promise, he's breaking it on the flimsiest of excuses to give his developer buddies PROFIT.\nThis won't make any difference at all, but I do not support putting profit over anything. Stick to your promise Doug.\n"
    },
    "74100": {
        "url": "/comment/74100",
        "comment": "I do not agree with the decision to open up the green belt for urbanization. With rapid decrease in habitat, biodiversity loss, and climate change. This is not the solution we need. Our future and the future of this province depends on it.\nFurther to all of this. The government's own reports have shown this is not a viable solution to the actual problem. See attached link.\n"
    },
    "74104": {
        "url": "/comment/74104",
        "comment": "I oppose this plan strongly. Instead of taking the greenbelt why not allow denser housing in already developed areas?\nOh it seems because our current politicians have been sold to the highest bidder.\nHousing Minister Steve Clark in Feb 21 2021:\n\"I want to be clear; we will not in anyway entertain any proposals to move lands in the greenbelt or open the greenbelt lands to any kind of development\"\nBut not like these comments will do anything for the end result. A little late for Doug to dress up for Halloween as someone who actually cares what people might think.\n"
    },
    "74107": {
        "url": "/comment/74107",
        "comment": "There are currently 88,000 acres of land ready to be built upon for affordable housing.  There is no need to take chunks of our Greenbelt.  Bill 23 must be amended before going forward.  Ontario citizens do not want the greenbelt touched.  It is preventing floods, protecting endangered species and give good health benefits to humans.\n"
    },
    "74108": {
        "url": "/comment/74108",
        "comment": "This is an absolutely terrible and unnecessary plan. Urban sprawl costs taxpayers many times more than increasing density in existing cities in suburbs.\nWe know that climate change is disrupting our ability to import food (just look at the price of lettuce right now due to drought in California). The greenbelt must be preserved for future agricultural use. Once it is gone, it's gone.\n"
    },
    "74109": {
        "url": "/comment/74109",
        "comment": "A concerned ontarian writing to show my dissatisfaction with current Ontario govt and there disgraceful plans to tear through the green belt. Tax money is being wasted and the state of this province is worsening. Money shouldn't be allocated to highways but rather our crumbling health care system! The Ontario govt is ruining this province.\n"
    },
    "74112": {
        "url": "/comment/74112",
        "comment": "This proposal is an absolute sham and borderline criminal. It is particularly insulting as it stands to enrich developpers with NO GUARANTEE of benefits to the public. PUBLIC LAND SHOULD SERVE THE PUBLIC. If it is to be developped, it should be guaranteed community housing / afforbable housing. At the very least it should be offered to first time home owners and those struggling to enter the housing market. It should NOT be developped into unaffordable homes that will be bought up by investors and rented back to the general population at outrageous - and uncapped - prices!\n"
    },
    "74115": {
        "url": "/comment/74115",
        "comment": "The Greenbelt protects farm land and area homes form flooding\nThe Greenbelt and areas proposed, are a large part of Ontario's agriculture.\nThe Greenbelt is a diverse and needed eco system\nThe Greenbelt is largely responsible for water purifiers to many local residents\nToronto included\nThe Greenbelt doesn't belong to Ford's Conservatives but to be held in trust.\n"
    },
    "74117": {
        "url": "/comment/74117",
        "comment": "This is the usual nonsense from Doug and his developer buddies. There\u2019s a Climate Crisis but let\u2019s get rid of oxygenating green spaces and make way for what? The affordable housing that\u2019s not coming because developers won\u2019t build housing that\u2019s affordable if they\u2019re not forced to. More of the same destructive late stage capitalistic narcissism of The Ontario Government.\n"
    },
    "74118": {
        "url": "/comment/74118",
        "comment": "As a young person, I am terrified of the environmental ramifications the development of the Greenbelt will have for me and future generations. Doug Ford promised he would not touch the Greenbelt- we now know this is a lie. It seems nieve to trust elected politicians at this point but a politician taking money from developers to destroy protected land feels as though we are living in a badly-written sytopian novel.\n"
    },
    "74121": {
        "url": "/comment/74121",
        "comment": "Selling away the Greenbelt is unconscionable. We cannot overlook one of the most crucial natural areas in the region for the sake of homes. The urban sprawl in Ontario will be looked upon with shame in future generations if it cannot be tamed. If we cannot protect the Greenbelt, I have no faith that the Ford government will protect any aspect of the environment.\n"
    }
}