{
    "78938": {
        "url": "/comment/78938",
        "comment": "I cannot express how strongly I oppose Bill 23 and the proposed amendments to open our green belt land to development. We are facing a climate crisis, we need more land protection not less. They type of housing being proposed by Premier Ford\u2019s development friends is not the solution to the housing crisis. We do not need more sprawling suburbs, we need smart development in stronger policies that prevent owning multiple homes for investment and recreation until everyone has a primary residence to call home. This government has dropped the ball over many years and now wants to say the only solution is to develop the green belt protected lands, but this is just another instance of this government creating crises to justify privatization. Ontarians are not fooled, and do NOT support these amendments.\n"
    },
    "78943": {
        "url": "/comment/78943",
        "comment": "As if eliminating the Far North Act wasn't enough, now we are profiting the few and destroying important green space that was once protected. (Coincidence that much of the space being designated was recently purchased by major donators to the party in power?)\nYes we need affordable housing - and there is still plenty of opportunity for infill (sp?) in and around the GTA or further out. Or create something like the far north act where local areas are able to properly plan for development while protecting green space!\nThere is NO need to cut into this protected space. Global warming is NOT going away and is only being quickened but these short sighted ideas.\nI am just one comment being read by a public servant (thank-you) but please note all the other voices that are opposed (from environmental advocates to municipalities). Those that are in support stand to make financial gains.\nThis is a horrible and self-serving idea pretending to be for the sole purpose of affordable housing when again, there are other solutions.\n"
    },
    "78950": {
        "url": "/comment/78950",
        "comment": "Do not touch the last bit of healthy Greenland that surrounds us!!!  Focus on the abandoned lots and old factories near the cities. This will not end the housing crisis. Affordable rentals for families around $1000 will be the answer! Not building more new houses with expensive mortgages. Bank interest rates are horrible and are the cause of people loosing there homes.\n"
    },
    "78961": {
        "url": "/comment/78961",
        "comment": "I wish my opinion actually mattered, but I know the government is simply going to do what it wants regardless of feedback, but opening up the Greenbelt to development is the DUMBEST thing any government could do. THIS IS PROTECTED LAND, SET ASIDE TO SAVE IT FROM DEVELOPMENT; it is not just set aside for future development. That any government would consider doing this is INFURIATING!\n"
    },
    "78962": {
        "url": "/comment/78962",
        "comment": "The proposed plan to destroy portions of the Greenbelt is diametrically opposed to the premier's promise to the people of Ontario not to do so. The biologically sensitive lands that are suggested as those best suited for development were relatively recently purchased by interests whose focus is on new construction.  There exists over 80,000 acres of land that is within current urban boundaries \u2013 not within the Greenbelt \u2013 that could easily be used to house the millions that are now the 'highest priority of the Ontario government'. The Greenbelt must only be expanded, never reduced in size, if we have any hope of preventing the catastrophes of lost biodiversity and human-hastened climate change.\n"
    },
    "78965": {
        "url": "/comment/78965",
        "comment": "Dear Greenbelt Consultation Team,\nDespite repeated promises that there would be no removal of lands from the Greenbelt, the Government of Ontario is proposing to do just that: carve 7,400 acres out of the Greenbelt for development (ERO #019-6216 and #019-6217).\nTheir excuse \u2013 that these lands are needed for housing \u2013 is unfounded and untrue. The amount of greenfield land already designated for development, and added to municipal settlement boundaries, but still sitting unbuilt far exceeds what is needed to meet long range housing targets. That includes 88,000 acres within the Greater Toronto and Hamilton Area alone.\nAccording to Ontario\u2019s Housing Affordability Task Force, \u201ca shortage of land isn\u2019t the cause of the problem \u2026 land is available.\u201d The Task Force further advised that \u201cGreenbelts and other environmentally sensitive areas must be protected, and farms provide food and food security. Relying too heavily on undeveloped land would whittle away too much of the already small share of land devoted to agriculture.\u201d (p. 10)\nHarmful precedent and loss of permanent protection\nThe proposed removal of Greenbelt lands sets an alarming precedent, opening the Greenbelt to development at the request of those who stand to reap immense profits \u2013 and at the expense of the rest of us. Stripping these 7,400 acres of protection would unleash a firestorm of land speculation and development pressures across the entire Greenbelt.\nHarm to the Greenbelt\u2019s Natural Heritage System\nMost of the lands to be removed from the Greenbelt (10 of the 14 areas shown on the maps) overlap with the Natural Heritage System, which supports \u201cthe highest concentration of the most sensitive and/or significant natural features and functions\u201d and is meant to be managed \u201cas a connected and integrated natural heritage system, given the functional inter-relationships between them.\u201d (Greenbelt Plan, sec. 3.2.1)\nLand swaps put the entire Greenbelt at risk\nSome of the proposed replacement lands are already off limits for development (e.g., publicly owned lands designated as municipal parks and open space). Further, these lands were already part of the government\u2019s previous Greenbelt expansion proposals \u2013 the Paris-Galt Moraine in 2021 and the Urban River Valleys in 2022. Those proposals went nowhere, despite great fanfare at the time. And now, the government is dusting them off to soften the blow of removing lands from the Greenbelt.\nSincerely\nA concerned citizen\n"
    },
    "78966": {
        "url": "/comment/78966",
        "comment": "This needs to be shelved until OPP have investigated the corruption allegations. Our provincial government should be focussing on expanding high density housing within existing urban infrastructure.  This appears to be a cash grab for developers rather than a serious plan to address current housing needs.\n"
    },
    "78967": {
        "url": "/comment/78967",
        "comment": "The Ford government has removed lands from the Greenbelt to allow for more needed housing to be built. Unfortunately, this opens rural lands to development when these areas should be left for agriculture and resilience from climate change. While housing is an issue for possible new residents to Canada, there are already ample lands designated for development within urban areas of the province. Opening Greenbelt lands to development does not address affordability of housing and the changes in Bill 23 diminish Municipalities' abilities to fund local planning. Municipalities need to be able to recover costs for development which can be extremely expensive; by removing their ability to recover costs, property taxes for rural properties will increase dramatically and will be at the expense of residents already living in their municipality. Allowing more single family units in rural areas is not the answer to housing issues and shows the government is blind to the true challenge of our time, climate change. Forests, wetlands, and meadows need to be left in their natural state to provide resilience for the coming changes to our climate. Without these natural areas, housing will be at risk following catastrophes. Sprawl into these areas that should be protected will result in higher insurance rates as more and more homes are placed in areas they should not have been built. Additionally, removing land from the greenbelt also affects agriculture. Farmland is declining in Ontario at a high rate and this will impact the ability to feed residents and our food sovereignty.\nAdditionally, these changes to the Greenbelt areas make it seem like the Ford government is playing favourites and removing land from the Greenbelt that will benefit a few land speculators. Without allowing municipalities, conservation authorities, planners, and residents to have a say in the individual properties being removed, conclusions are drawn that these speculators must be friends of the current government.\nWithout focusing climate change in legislative changes, the government will place more and more detrimental impacts on future Ontarians and fail their ability to respond and survive the future changes to the climate. Unfortunately for future residents, it is apparent that Bill 23 will create more problems just to make things easier for already well-off developers.\n"
    },
    "78970": {
        "url": "/comment/78970",
        "comment": "Building affordable housing smarter us possible without using the Greenbelt. In Hamilton there are many building sites within the city boundary that can be used. There are already existing services and transit that will allow the city to be run more efficienltly.\nWe voted to preserve the Green belt anx our city has spent time and money to develop a plan. Let them use it!\n"
    },
    "78971": {
        "url": "/comment/78971",
        "comment": "I do not support any ammendment to allow any development in the Greenbelt. This jeopardizes the entire Greenbelt, as land speculators will be lining up to lobby the government to develop in additional areas (as they already have).\nMunicipalities submitted their growth plans that accommodate growth until 2051. This land is not needed. Plan land use wiser and treat land like the finite resource that it is. Even the Housing Affordabilty Task Force said that a lack of land is not the issue.\nDevelopment is the Greenbelt violates indigenous Charter rights, as indigenous communities do not support this ammendment and they were not properly consulted.\nWe are experiencing a climate crisis. We should be preserving all possible land - especially land that is supposed to be protected and agricultural land. I do not support a land swap. The Greenbelt is a complex ecosystem - you can't just \"swap land.\" Although I support having additional land added to the Greenbelt, the land proposed to be added is already protected, so this \"land swap\" is deceiving.\nTo add insult to injury, current taxpayers will end up funding the infrastructure for this sprawl, as many development fees will be eliminated due to Bill 23. It is already known that suburban sprawl is subsidized by denser, downtown communities. The people of Ontario will not sit back and fund having our environment destroyed and our health and safety put at risk.\nLeave the Greenbelt alone and build compact, walkable, public-transit feasible, sustainable communities within the thousands of land already approved for development. Paving the Greenbelt does nothing to address the housing crisis or the climate crisis.\n"
    },
    "78978": {
        "url": "/comment/78978",
        "comment": "Being a resident in Ontario, opening up the greenbelt for development is a wrong move.  What needs to be done, is hold builders accountable .  Many builders are never penalized for being late on contracts, or for never finishing projects.  Right now there is labour shortage in the trades.  Providing more land to build more will not help that.\nRight now when you look out from the CN tower, what you see is 80% of the most fertile land in the area, and it is already developed.  Covering more houses on the land that is may help the housing issues, more will only increase the food issues.\nThe greenbelt is necessary to keep our only planet alive.  If we keep building on sensitive lands, there will be no point in making houses because there will be no people or planet to build for.\n"
    },
    "78979": {
        "url": "/comment/78979",
        "comment": "Farmland can not be replaced once developed. Our Greenbelt was protected to ensure food, water and a delicate ecosystem is maintained and available for future generations.\nSprawl doesn\u2019t help build thriving communities and doesn\u2019t even begin to address the housing crisis. This will line the pockets of developers, increase reliance on car transportation and raise taxes for municipalities.\nBuild up, not out. Build transit, not highways.\n"
    },
    "78980": {
        "url": "/comment/78980",
        "comment": "I am deeply concerned by this Government\u2019s proposal of removing several thousand acres from the existing greenbelt designated lands for the purpose of building houses. Despite a public promise NOT to do so as recently as 2021, this Government is now taking a candid approach to the encroachment of protected lands. These lands were protected for very good reasons that are part of public record, with the expressed intention that they would remain so, in perpetuity. While housing is indeed important, this Government\u2019s own housing affordability task force offered that there is enough land available to meet the high housing needs of the province, without encroaching on the Greenbelt.\nThe real issue is that once any Government in power is allowed to encroach on the protected status of designated lands, there will be nothing to prevent future Governments from doing so as well based on their then current needs. There will always be a reason to encroach on these lands, only made greater as the population surrounding them grows. Which is precisely the reason why they must be protected in perpetuity. As this Government is proving, people in power cannot be trusted to put their individual wants aside for the greater good of a future population that they will never meet. Most people cannot operate in the intangible, proven here once again.\nI urge this Government to immediate retracts from this proposal to encroach on the Greenbelt and to instead strengthen its protection against any future encroachment. In step, I also urge this Government to listen to the advice of its own task force and to seek efficiencies in the development of the lands already available to this end.\nIntegrity is easy to lose, and can\u2019t be regained once lost. People in positions of power should indeed be held to a higher standard as they represent the voices of many. When leaders are no longer listening, much stands to be lost.\nThank you.\n"
    }
}