{
    "79282": {
        "url": "/comment/79282",
        "comment": "ERO FILE NUMBER 019-6216\nProposed Amendments to the Greenbelt Plan\nLands Located in the City of Hamilton\nSouth of Garner Road West, West of Fiddlers Green Road, East of Shaver Road, in the Vicinity of Book Road West \u2013 Map 9 to ER0 FILE 019-6216\nI strongly support the removal of these lands from the Greenbelt for the following reasons:\nThe soil is too heavy for most farm applications.\nThe lands are adjacent to existing settlement areas;\nThe lands are adjacent to the edge of the Greenbelt area boundary;\nThe lands have the potential to be serviced in the near-term with local infrastructure upgrades to be entirely funded by proponents; and\nThe lands proposed for the removal have the characteristics that would enable housing to be built in the near term;\nThe subject lands were inappropriately and precipitously added to the Greenbelt in 2016 without proper consultation with residents and businesses in the area;\nThe inclusion of the subject lands in the Greenbelt in 2016 was contrary to the City of Hamilton\u2019s staff position and that of their consultants engaged in the Greenbelt review process;\nThere is no planning or scientific justification to support the inclusion of the lands in the Greenbelt.  The inclusion appeared totally arbitrary;\nI understand that the City of Hamilton requires these lands to meet housing needs to address affordability and supply issues.  This is an area that affords excellent accessibility to major highways and community services in the abutting urban area of Hamilton and the Ancaster community.  I strongly support the Provincial initiatives to increase the supply of housing in my community so that my children and grandchildren can remain in the area.\n"
    },
    "79283": {
        "url": "/comment/79283",
        "comment": "ERO FILE NUMBER 019-6216\nProposed Amendments to the Greenbelt Plan\nLands Located in the City of Hamilton\nSouth of Garner Road West, West of Fiddlers Green Road, East of Shaver Road, in the Vicinity of Book Road West \u2013 Map 9 to ER0 FILE 019-6216\nI strongly support the removal of these lands from the Greenbelt for the following reasons:\nThe soil isn't productive.\nThe lands are adjacent to existing settlement areas;\nThe lands are adjacent to the edge of the Greenbelt area boundary;\nThe lands have the potential to be serviced in the near-term with local infrastructure upgrades to be entirely funded by proponents; and\nThe lands proposed for the removal have the characteristics that would enable housing to be built in the near term;\nThe subject lands were inappropriately and precipitously added to the Greenbelt in 2016 without proper consultation with residents and businesses in the area;\nThe inclusion of the subject lands in the Greenbelt in 2016 was contrary to the City of Hamilton\u2019s staff position and that of their consultants engaged in the Greenbelt review process;\nThere is no planning or scientific justification to support the inclusion of the lands in the Greenbelt.  The inclusion appeared totally arbitrary;\nI understand that the City of Hamilton requires these lands to meet housing needs to address affordability and supply issues.  This is an area that affords excellent accessibility to major highways and community services in the abutting urban area of Hamilton and the Ancaster community.  I strongly support the Provincial initiatives to increase the supply of housing in my community so that my children and grandchildren can remain in the area.\n"
    },
    "79284": {
        "url": "/comment/79284",
        "comment": "This bill flies in the face of Premiere Fords election promises and will do nothing to alleviate the current housing crisis. First adding new inventory at market prices does nothing to help new buyers who cannot afford said market prices. There is more than enough existing zoned but undeveloped land to build these units on. The governments plan to swap other land makes egregious assumptions that all land is environmentally equal, and lacks any scientific logic or reasoning. This is not surprising given the conservative government\u2019s general detest for science, the environment or the people of Ontario. This bill should not be allowed to move forward, it is simply Doug Ford trying to sell the province to his friends.\n"
    },
    "79285": {
        "url": "/comment/79285",
        "comment": "ERO FILE NUMBER 019-6216\nProposed Amendments to the Greenbelt Plan\nLands Located in the City of Hamilton\nSouth of Garner Road West, West of Fiddlers Green Road, East of Shaver Road, in the Vicinity of Book Road West \u2013 Map 9 to ER0 FILE 019-6216\nI strongly support the removal of these lands from the Greenbelt for the following reasons:\nThe soil isn't very good for growing.\nThe lands are adjacent to existing settlement areas;\nThe lands are adjacent to the edge of the Greenbelt area boundary;\nThe lands have the potential to be serviced in the near-term with local infrastructure upgrades to be entirely funded by proponents; and\nThe lands proposed for the removal have the characteristics that would enable housing to be built in the near term;\nThe subject lands were inappropriately and precipitously added to the Greenbelt in 2016 without proper consultation with residents and businesses in the area;\nThe inclusion of the subject lands in the Greenbelt in 2016 was contrary to the City of Hamilton\u2019s staff position and that of their consultants engaged in the Greenbelt review process;\nThere is no planning or scientific justification to support the inclusion of the lands in the Greenbelt.  The inclusion appeared totally arbitrary;\nI understand that the City of Hamilton requires these lands to meet housing needs to address affordability and supply issues.  This is an area that affords excellent accessibility to major highways and community services in the abutting urban area of Hamilton and the Ancaster community.  I strongly support the Provincial initiatives to increase the supply of housing in my community so that my children and grandchildren can remain in the area.\n"
    },
    "79286": {
        "url": "/comment/79286",
        "comment": "There are other places to build than on the green belt when so many ecosystems are already endangered and at risk.  Building on the green belt also will not create more affordable housing, since there are ways to increase purpose built rentals on existing plots of land.  So disappointed in this decision and embarrassed that our government would to this to its citizens and wildlife.\n"
    },
    "79287": {
        "url": "/comment/79287",
        "comment": "ERO FILE NUMBER 019-6216\nProposed Amendments to the Greenbelt Plan\nLands Located in the City of Hamilton\nSouth of Garner Road West, West of Fiddlers Green Road, East of Shaver Road, in the Vicinity of Book Road West \u2013 Map 9 to ER0 FILE 019-6216\nI strongly support the removal of these lands from the Greenbelt for the following reasons:\nIt's not very good soil--too heavy.\nThe lands are adjacent to existing settlement areas;\nThe lands are adjacent to the edge of the Greenbelt area boundary;\nThe lands have the potential to be serviced in the near-term with local infrastructure upgrades to be entirely funded by proponents; and\nThe lands proposed for the removal have the characteristics that would enable housing to be built in the near term;\nThe subject lands were inappropriately and precipitously added to the Greenbelt in 2016 without proper consultation with residents and businesses in the area;\nThe inclusion of the subject lands in the Greenbelt in 2016 was contrary to the City of Hamilton\u2019s staff position and that of their consultants engaged in the Greenbelt review process;\nThere is no planning or scientific justification to support the inclusion of the lands in the Greenbelt.  The inclusion appeared totally arbitrary;\nI understand that the City of Hamilton requires these lands to meet housing needs to address affordability and supply issues.  This is an area that affords excellent accessibility to major highways and community services in the abutting urban area of Hamilton and the Ancaster community.  I strongly support the Provincial initiatives to increase the supply of housing in my community so that my children and grandchildren can remain in the area.\n"
    },
    "79288": {
        "url": "/comment/79288",
        "comment": "I'm asking the Ontario government to reconsider the November 4th announcement regarding the Greenbelt and remove the proposal in it's entirety.\nFirst, the governments own Ontario Housing Affordability Task Force has said that there is no shortage of currently designated land for residential development, in the GTHA. Please consider addressing any real problems they identify when it comes to a shortfall in affordable homes.\nSecond, there is no need for more land to be designated urban. Please consult with any number of expert sources that can provide accurate well researched data. Specifically, everyone needs to know how much greenfield is already designated for residential growth ... both in terms of acreage ( or Ha ) and in terms of how many years worth of inventory\nThird, this move is going to unleash so much negative public speculation regarding government and it's relationship to the development industry that it may actually backfire and start to reduce housing unit starts .... if the public trust regarding the new home industry evapourates\n"
    },
    "79289": {
        "url": "/comment/79289",
        "comment": "ERO FILE NUMBER 019-6216\nProposed Amendments to the Greenbelt Plan\nLands Located in the City of Hamilton\nSouth of Garner Road West, West of Fiddlers Green Road, East of Shaver Road, in the Vicinity of Book Road West \u2013 Map 9 to ER0 FILE 019-6216\nI strongly support the removal of these lands from the Greenbelt for the following reasons:\nThe soil isn't great for farming.\nThe lands are adjacent to existing settlement areas;\nThe lands are adjacent to the edge of the Greenbelt area boundary;\nThe lands have the potential to be serviced in the near-term with local infrastructure upgrades to be entirely funded by proponents; and\nThe lands proposed for the removal have the characteristics that would enable housing to be built in the near term;\nThe subject lands were inappropriately and precipitously added to the Greenbelt in 2016 without proper consultation with residents and businesses in the area;\nThe inclusion of the subject lands in the Greenbelt in 2016 was contrary to the City of Hamilton\u2019s staff position and that of their consultants engaged in the Greenbelt review process;\nThere is no planning or scientific justification to support the inclusion of the lands in the Greenbelt.  The inclusion appeared totally arbitrary;\nI understand that the City of Hamilton requires these lands to meet housing needs to address affordability and supply issues.  This is an area that affords excellent accessibility to major highways and community services in the abutting urban area of Hamilton and the Ancaster community.  I strongly support the Provincial initiatives to increase the supply of housing in my community so that my children and grandchildren can remain in the area.\n"
    },
    "79291": {
        "url": "/comment/79291",
        "comment": "ERO FILE NUMBER 019-6216\nProposed Amendments to the Greenbelt Plan\nLands Located in the City of Hamilton\nSouth of Garner Road West, West of Fiddlers Green Road, East of Shaver Road, in the Vicinity of Book Road West \u2013 Map 9 to ER0 FILE 019-6216\nI strongly support the removal of these lands from the Greenbelt for the following reasons:\nIt's adjacent to the Wal-Mart and Canadian Tire.\nThe lands are adjacent to existing settlement areas;\nThe lands are adjacent to the edge of the Greenbelt area boundary;\nThe lands have the potential to be serviced in the near-term with local infrastructure upgrades to be entirely funded by proponents; and\nThe lands proposed for the removal have the characteristics that would enable housing to be built in the near term;\nThe subject lands were inappropriately and precipitously added to the Greenbelt in 2016 without proper consultation with residents and businesses in the area;\nThe inclusion of the subject lands in the Greenbelt in 2016 was contrary to the City of Hamilton\u2019s staff position and that of their consultants engaged in the Greenbelt review process;\nThere is no planning or scientific justification to support the inclusion of the lands in the Greenbelt.  The inclusion appeared totally arbitrary;\nI understand that the City of Hamilton requires these lands to meet housing needs to address affordability and supply issues.  This is an area that affords excellent accessibility to major highways and community services in the abutting urban area of Hamilton and the Ancaster community.  I strongly support the Provincial initiatives to increase the supply of housing in my community so that my children and grandchildren can remain in the area.\n"
    },
    "79292": {
        "url": "/comment/79292",
        "comment": "Proposal ERO 019-6216 should not be adopted.\n1.) There has been an absence of meaningful consultation with First Nations, as publicly admitted by Minister Clark. Proposed amendments to the Greenbelt Plan will have profound impacts on treaty lands across Ontario.\nFrom your own Ontario Government websites:\n\u201cOntario, as the Crown, has a legal obligation to consult with Aboriginal peoples where it contemplates decisions or actions that may adversely impact asserted or established Aboriginal or treaty rights.\u201d\n\u201cThe Crown has a duty to consult with Aboriginal peoples when the following conditions occur:\nThe Crown has knowledge, real or constructive, of the existence, or potential existence, of an Aboriginal right or treaty right; and The Crown contemplates conduct that might adversely affect the right in question.\u201d\nCanadian courts have affirmed that governments have a duty to consult Indigenous people on projects affecting their rights or on their territories. It is obvious that the provincial government has not worked to incorporate traditional indigenous knowledge in these proposals. As this is a federal requirement, adopting ERO 019-6216 without consultation could open up the project to federal impact assessment.\nFinally, from the Greenbelt Plan itself:\n\u201cThe First Nations and M\u00e9tis communities within the Great Lakes region are essential partners. They have a unique relationship with the land and its resources. Ontario, including the area covered by the Greenbelt Plan, is largely covered by a number of Treaties that provide for treaty rights. In addition, Aboriginal communities may have Aboriginal rights within the Plan area. Ontario recognizes the unique role that Indigenous peoples have had and will continue to have in the growth and development of this region. Through their historic relationship with the lands and resources, Indigenous communities have gained traditional knowledge that is of significant value to the planning decisions being made today.\u201d\n2.)According to your own study, Report of the Ontario Housing Affordability Task Force, February 8, 2022, (page 10) it is outdated zoning rules that are causing the housing crisis.\nYour study states:\n\"Too much land inside cities is tied up by outdated rules.\"\n\"Most of the solution must come from densification. Greenbelts and other environmentally sensitive areas must be protected, and farms provide food and food security. Relying too heavily on undeveloped land would whittle away too much of the already small share of land devoted to agriculture.\"\n\"Allowing more gentle density also makes better use of roads, water and wastewater systems, transit and other public services that are already in place and have capacity, instead of having to be built in new areas.\"\nAnd finally,\n\"But a shortage of land isn\u2019t the cause of the [housing] problem. Land is available, both inside the existing built-up areas and on undeveloped land outside greenbelts.\"\nOpening up Greenbelt lands to development to solve the housing crisis is a not supported by the current government\u2019s own research and recommendations.\n3.)Removal of Greenbelt land protections in order to open up natural heritage areas to development will increase fragmentation of habitat.\nHabitat fragmentation occurs when large blocks of habitat are cut into smaller pieces by development such as roads or housing. The remaining blocks of habitat may be too small to sustain populations of a number of species and the fragmentation often results in barriers to species movement.\nFragmentation also leads to biodiversity loss:\n\u201cA synthesis of fragmentation experiments spanning multiple biomes and scales, five continents, and 35 years demonstrates that habitat fragmentation reduces biodiversity by 13 to 75% and impairs key ecosystem functions by decreasing biomass and altering nutrient cycles. Effects are greatest in the smallest and most isolated fragments, and they magnify with the passage of time. These findings indicate an urgent need for conservation and restoration measures to improve landscape connectivity, which will reduce extinction rates and help maintain ecosystem services.\u201d\nSwapping acres for acres does not reflect the complexities of local ecosystems, natural corridor systems, nor the species that rely on them for survival. Merely mapping additions and subtractions to the Greenbelt lands do nothing to take into account the distinctiveness of the habitats involved nor the quality of the habitats being exchanged.\n4.) Removal of Greenbelt land protections will increase fragmentation of protected countrysides.\nAllowing fragmentation is in direct opposition to the listed vision 1.21. of the Greenbelt Plan which : \u201cprotects against the loss and fragmentation of the agricultural land base and supports agriculture as the predominant land use\u201d\nas well as the 1.2.2 Protected Countryside goals which includes: \u201cc) Protection of prime agricultural areas by preventing further fragmentation and loss of the agricultural land base caused by lot creation and the redesignation of prime agricultural areas\".\nOntario farmland is a precious commodity which we should be preserving for our current and future food security.\nThe proposed amendments to the Greenbelt plan are in direct opposition to the recorded vision and goals, as well as the spirit of the Greenbelt Plan. Adoption of these amendments does not respect the legal obligation the Ministry and the Government of Ontario have to meaningful consultation with First Nations as set out by both the provincial and the federal government guidelines. These amendments are not supported by the Ontario Housing Affordabilty Task Force.\n"
    },
    "79293": {
        "url": "/comment/79293",
        "comment": "ERO FILE NUMBER 019-6216\nProposed Amendments to the Greenbelt Plan\nLands Located in the City of Hamilton\nSouth of Garner Road West, West of Fiddlers Green Road, East of Shaver Road, in the Vicinity of Book Road West \u2013 Map 9 to ER0 FILE 019-6216\nI strongly support the removal of these lands from the Greenbelt for the following reasons:\nIt's adjacent to the Wal-Mart and Longo's.\nThe lands are adjacent to existing settlement areas;\nThe lands are adjacent to the edge of the Greenbelt area boundary;\nThe lands have the potential to be serviced in the near-term with local infrastructure upgrades to be entirely funded by proponents; and\nThe lands proposed for the removal have the characteristics that would enable housing to be built in the near term;\nThe subject lands were inappropriately and precipitously added to the Greenbelt in 2016 without proper consultation with residents and businesses in the area;\nThe inclusion of the subject lands in the Greenbelt in 2016 was contrary to the City of Hamilton\u2019s staff position and that of their consultants engaged in the Greenbelt review process;\nThere is no planning or scientific justification to support the inclusion of the lands in the Greenbelt.  The inclusion appeared totally arbitrary;\nI understand that the City of Hamilton requires these lands to meet housing needs to address affordability and supply issues.  This is an area that affords excellent accessibility to major highways and community services in the abutting urban area of Hamilton and the Ancaster community.  I strongly support the Provincial initiatives to increase the supply of housing in my community so that my children and grandchildren can remain in the area.\n"
    },
    "79294": {
        "url": "/comment/79294",
        "comment": "ERO FILE NUMBER 019-6216\nProposed Amendments to the Greenbelt Plan\nLands Located in the City of Hamilton\nSouth of Garner Road West, West of Fiddlers Green Road, East of Shaver Road, in the Vicinity of Book Road West \u2013 Map 9 to ER0 FILE 019-6216\nI strongly support the removal of these lands from the Greenbelt for the following reasons:\nI'm a farmer.  It's not good soil.\nThe lands are adjacent to existing settlement areas;\nThe lands are adjacent to the edge of the Greenbelt area boundary;\nThe lands have the potential to be serviced in the near-term with local infrastructure upgrades to be entirely funded by proponents; and\nThe lands proposed for the removal have the characteristics that would enable housing to be built in the near term;\nThe subject lands were inappropriately and precipitously added to the Greenbelt in 2016 without proper consultation with residents and businesses in the area;\nThe inclusion of the subject lands in the Greenbelt in 2016 was contrary to the City of Hamilton\u2019s staff position and that of their consultants engaged in the Greenbelt review process;\nThere is no planning or scientific justification to support the inclusion of the lands in the Greenbelt.  The inclusion appeared totally arbitrary;\nI understand that the City of Hamilton requires these lands to meet housing needs to address affordability and supply issues.  This is an area that affords excellent accessibility to major highways and community services in the abutting urban area of Hamilton and the Ancaster community.  I strongly support the Provincial initiatives to increase the supply of housing in my community so that my children and grandchildren can remain in the area.\n"
    },
    "79296": {
        "url": "/comment/79296",
        "comment": "ERO FILE NUMBER 019-6216\nProposed Amendments to the Greenbelt Plan\nLands Located in the City of Hamilton\nSouth of Garner Road West, West of Fiddlers Green Road, East of Shaver Road, in the Vicinity of Book Road West \u2013 Map 9 to ER0 FILE 019-6216\nI strongly support the removal of these lands from the Greenbelt for the following reasons:\nAs a farmer, I know the soil isn't very good.\nThe lands are adjacent to existing settlement areas;\nThe lands are adjacent to the edge of the Greenbelt area boundary;\nThe lands have the potential to be serviced in the near-term with local infrastructure upgrades to be entirely funded by proponents; and\nThe lands proposed for the removal have the characteristics that would enable housing to be built in the near term;\nThe subject lands were inappropriately and precipitously added to the Greenbelt in 2016 without proper consultation with residents and businesses in the area;\nThe inclusion of the subject lands in the Greenbelt in 2016 was contrary to the City of Hamilton\u2019s staff position and that of their consultants engaged in the Greenbelt review process;\nThere is no planning or scientific justification to support the inclusion of the lands in the Greenbelt.  The inclusion appeared totally arbitrary;\nI understand that the City of Hamilton requires these lands to meet housing needs to address affordability and supply issues.  This is an area that affords excellent accessibility to major highways and community services in the abutting urban area of Hamilton and the Ancaster community.  I strongly support the Provincial initiatives to increase the supply of housing in my community so that my children and grandchildren can remain in the area.\n"
    },
    "79301": {
        "url": "/comment/79301",
        "comment": "This proposal is completely unnecessary. There is more than enough land and intensification opportunities in the entire GTA to accommodate the proposed influx of immigrants and more than enough land and intensification opportunities for additional housing to accommodate all those people for decades to come. Encroachment into the Greenbelt is completely unnecessary and incredibly shortsighted. The protection of the Greenbelt lands is paramount to the survival of the increased populations within the urban areas of the GTA by way of protecting water resources and farmland. Farmland in the proposed areas of encroachment is mainly Class 1 - the very best and productive soils in Canada. This land must be protected for farming. It will be the most important resource for the people in the urban areas. Once built on, it can never be used for farming again.\nAs a retired Rural Planner, I am vehemently opposed to the encroachment of low density urban housing into the Greenbelt. Please do, however, add  the additional proposed areas into the Greenbelt. These will be important to future populations in the urban areas as it will preserve water resources and farmland.\n"
    },
    "79303": {
        "url": "/comment/79303",
        "comment": "ERO FILE NUMBER 019-6216\nProposed Amendments to the Greenbelt Plan\nLands Located in the City of Hamilton\nSouth of Garner Road West, West of Fiddlers Green Road, East of Shaver Road, in the Vicinity of Book Road West \u2013 Map 9 to ER0 FILE 019-6216\nI strongly support the removal of these lands from the Greenbelt for the following reasons:\nThese lands should never have been in the Greenbelt in the first place.\nThe lands are adjacent to existing settlement areas;\nThe lands are adjacent to the edge of the Greenbelt area boundary;\nThe lands have the potential to be serviced in the near-term with local infrastructure upgrades to be entirely funded by proponents; and\nThe lands proposed for the removal have the characteristics that would enable housing to be built in the near term;\nThe subject lands were inappropriately and precipitously added to the Greenbelt in 2016 without proper consultation with residents and businesses in the area;\nThe inclusion of the subject lands in the Greenbelt in 2016 was contrary to the City of Hamilton\u2019s staff position and that of their consultants engaged in the Greenbelt review process;\nThere is no planning or scientific justification to support the inclusion of the lands in the Greenbelt.  The inclusion appeared totally arbitrary;\nI understand that the City of Hamilton requires these lands to meet housing needs to address affordability and supply issues.  This is an area that affords excellent accessibility to major highways and community services in the abutting urban area of Hamilton and the Ancaster community.  I strongly support the Provincial initiatives to increase the supply of housing in my community so that my children and grandchildren can remain in the area.\n"
    },
    "79304": {
        "url": "/comment/79304",
        "comment": "I know this won't matter because current Ontario government's motivation for their decision is driven by greed and developer wants, not by the needs of the population of the province.\nLeave the greenbelt alone. Doug Ford was caught before his first election in backroom making deals with developers, and retracted after backlash saying he would not open the greenbelt up for development. Now he thinks we have forgotten, but we have not.\nHands off the greenbelt.\n"
    },
    "79306": {
        "url": "/comment/79306",
        "comment": "ERO FILE NUMBER 019-6216\nProposed Amendments to the Greenbelt Plan\nLands Located in the City of Hamilton\nSouth of Garner Road West, West of Fiddlers Green Road, East of Shaver Road, in the Vicinity of Book Road West \u2013 Map 9 to ER0 FILE 019-6216\nI strongly support the removal of these lands from the Greenbelt for the following reasons:\nIt's terrible growing land.\nThe lands are adjacent to existing settlement areas;\nThe lands are adjacent to the edge of the Greenbelt area boundary;\nThe lands have the potential to be serviced in the near-term with local infrastructure upgrades to be entirely funded by proponents; and\nThe lands proposed for the removal have the characteristics that would enable housing to be built in the near term;\nThe subject lands were inappropriately and precipitously added to the Greenbelt in 2016 without proper consultation with residents and businesses in the area;\nThe inclusion of the subject lands in the Greenbelt in 2016 was contrary to the City of Hamilton\u2019s staff position and that of their consultants engaged in the Greenbelt review process;\nThere is no planning or scientific justification to support the inclusion of the lands in the Greenbelt.  The inclusion appeared totally arbitrary;\nI understand that the City of Hamilton requires these lands to meet housing needs to address affordability and supply issues.  This is an area that affords excellent accessibility to major highways and community services in the abutting urban area of Hamilton and the Ancaster community.  I strongly support the Provincial initiatives to increase the supply of housing in my community so that my children and grandchildren can remain in the area.\n"
    },
    "79307": {
        "url": "/comment/79307",
        "comment": "ERO FILE NUMBER 019-6216\nProposed Amendments to the Greenbelt Plan\nLands Located in the City of Hamilton\nSouth of Garner Road West, West of Fiddlers Green Road, East of Shaver Road, in the Vicinity of Book Road West \u2013 Map 9 to ER0 FILE 019-6216\nI strongly support the removal of these lands from the Greenbelt for the following reasons:\nI'm a farmer.  It's super tough to grow on this land.\nThe lands are adjacent to existing settlement areas;\nThe lands are adjacent to the edge of the Greenbelt area boundary;\nThe lands have the potential to be serviced in the near-term with local infrastructure upgrades to be entirely funded by proponents; and\nThe lands proposed for the removal have the characteristics that would enable housing to be built in the near term;\nThe subject lands were inappropriately and precipitously added to the Greenbelt in 2016 without proper consultation with residents and businesses in the area;\nThe inclusion of the subject lands in the Greenbelt in 2016 was contrary to the City of Hamilton\u2019s staff position and that of their consultants engaged in the Greenbelt review process;\nThere is no planning or scientific justification to support the inclusion of the lands in the Greenbelt.  The inclusion appeared totally arbitrary;\nI understand that the City of Hamilton requires these lands to meet housing needs to address affordability and supply issues.  This is an area that affords excellent accessibility to major highways and community services in the abutting urban area of Hamilton and the Ancaster community.  I strongly support the Provincial initiatives to increase the supply of housing in my community so that my children and grandchildren can remain in the area.\n"
    }
}