{
    "66181": {
        "url": "/comment/66181",
        "comment": "Please do not disturb more of our nature and leave the green belt protected from man made structures that would change the environment forever and force the animals living there out.\nWhy not instead re-purpose all the empty office building in the downtown areas for low-income housing? Most people don\u2019t need large houses to live in so not only will in help many find a home where they can live by themselves with dignity but also will allow low-wage workers to actually live close to their work. It not like the minimum wages are anywhere close to a livable wage, so if there is more housing downtown it is bound to help the work crisis (aka companies not willing to pay a fair wage & people not willing to work for a company that literary uses and abuses them and our wonderful government not doing anything in regards to that)\nThanks!\n"
    },
    "66186": {
        "url": "/comment/66186",
        "comment": "I would suggest using some of the already vacant buildings in Toronto and surround area to provide AFFORDABLE housing.  Taking away the greenbelt will have severe environmental consequences.  Losing the greenbelt should not be considered.\n"
    },
    "66187": {
        "url": "/comment/66187",
        "comment": "The green belt was promised to be left untouched by Doug Ford, and now while our economy, healthcare and education systems are collapsing, it is appalling and utterly disrespectful to the people of Canada to think that development of protected and sacred land could even be proposed, let alone quietly under the vail of economic despair. Stop paving over our precious land!\n"
    },
    "66190": {
        "url": "/comment/66190",
        "comment": "I feel in a time where a biodiversity is constantly under attack that allowing for the green belt to be open for development will be actively aiding in the destruction of several species of fauna and animal. I don\u2019t believe the benefit of development on this land outweighs the procreation of this ecosystem.\n"
    },
    "66196": {
        "url": "/comment/66196",
        "comment": "Please leave the green belt. Protect the wildlife and nature. Let\u2019s repurpose office buildings down town that sit nearly empty. Let\u2019s lighten the restrictions on building middle tier low rise multiplex homes. Stop protecting the super wealthy when the middle and low class are drowning. Help the tax payers.\n"
    },
    "66204": {
        "url": "/comment/66204",
        "comment": "The Greenbelt should be kept intact.  It is ecologically important and we were promised it would not be developed.\nWhen you start to take chunks of the existing Greenbelt, you compromise the integrity of an ecosystem. And that's so damaging\nHousing should be built where infrastructure already exists.  There are many schools in and around the GTA with capacity.  We should house families in those areas.\nI do not support the proposal it would be ecologically damaging and an inefficient use of resources.\n"
    },
    "66205": {
        "url": "/comment/66205",
        "comment": "I urge the Premier to:\nwithdraw the plan to remove lands from the Greenbelt;\nget on with a meaningful Greenbelt expansion that reflects public input - repeatedly promised but never delivered by the Ford government;\nfollow the advice of the government\u2019s own Ontario Affordable Housing Task Force and focus efforts on developing affordable housing on lands that have already been designated for development and have the necessary infrastructure in place. As the Housing Task Force noted, there is plenty of land within urban areas ready for development.\n"
    }
}