{
    "62422": {
        "url": "/comment/62422",
        "comment": "I am strongly OPPOSED to this proposal. It is imperative to protect these lands from further urban sprawl. These lands are vital to farming and agriculture. More suburbs paving over environmentally protected lands is the OPPOSITE direction we should be going in, in a time of pressing climate crisis.\n"
    },
    "62425": {
        "url": "/comment/62425",
        "comment": "The Greenbelt in Ontario should be protected at all costs. As a resident of Toronto for over 25 years, I thoroughly disagree with any amendments to the Greenbelt.\n Protecting our environment and our wetlands should be the highest priority. Housing can be built elsewhere. First step would be changing zoning in our cities so multiplexes can be built to densify neighbourhood that only have single family homes. We should not destroy our environment and farmlands. Contributing to sprawl is not necessary and causes more car traffic and also wrecks in the environment.\n"
    },
    "62428": {
        "url": "/comment/62428",
        "comment": "In a time when we are worried about climate change and preserving our native land for our children the proposal to build on the greenbelt is despicable.\nWe must switch our plan of how we build for the future and we need more sustainable housing options.\nI disagree with this plan whole heartedly and think that our future children will look back at this government and ask why would we make such a short sighted decision, where the benefit is not for the public but for large corporations greed.\n"
    },
    "62435": {
        "url": "/comment/62435",
        "comment": "I 100% disagree with opening up the greenbelt to development. These natural spaces are crucial to maintaining our eco system including flood prevention. This is only going to benefit a few large corporations while hurting the citizens of Ontario. Ford promised not to do just this and should not be allowed to continue without some sort of public referendum. With only 19% of Ontario\u2019s votes, he does not have a mandate to rape out public resources like this.\n"
    },
    "62439": {
        "url": "/comment/62439",
        "comment": "This is a terrible idea! Please don\u2019t do this. It will wreak havoc on the local ecosystem. Shifting the areas called \u2018Greenbelt\u2019 will not equal the same benefits the years of farming has done to our actual greenbelt area. The soil is so rich and nutritious and it cannot be replaced easily. Please have actual Environmental Scientists survey this proposal.\n"
    },
    "62441": {
        "url": "/comment/62441",
        "comment": "Leave the green belt alone, as was previously promised by the Ford Government.  As we continue to face the unrelenting changes that climate change is forcing upon us the focus must be increasing housing density, not more urban sprawl. The reality is that for those of us born in the 1980/90\u2019s the dream of owning a detached home with a small space of property has become unsustainable for the future - much greater focus and emphasis must be placed on shifting that dream to one where the dream is that everyone is able to access affordable housing, which will also require greater density and smaller homes.\n"
    },
    "62442": {
        "url": "/comment/62442",
        "comment": "Please leave this land and legislation as is. Failing to do so would be a clear violation of campaign promises by the Premier and his party and would jeopardize the local ecosystem simply to appease Ontario PC party donors.\nFrom flood protection to biodiversity, this land, in its current state, offers many benefits to Ontarians. Please don\u2019t be the individuals responsible destroying the Greenbelt as we know it. Think of the future and not simply, making nice to your party\u2019s funders.\nThank you for your consideration.\n"
    },
    "62444": {
        "url": "/comment/62444",
        "comment": "The Greenbelt is a staple of Ontario's commitment to the environment and needs to stay. This is a basic attempt for more income with zero interest and investment in other social issues like housing. No amount of urban/suburban expansion will fix the populous's lives, and will only result in further harm as southern Ontario's little remaining natural areas are attacked.\n"
    },
    "62445": {
        "url": "/comment/62445",
        "comment": "Hello Government,\nI wanted to respectfully submit my comment on this topic.\nThe green belt is essential to the environment here is our area. Should the green belt be developed it will not only be detrimental to the individuals here, it will also be detrimental to all the business we have in our area.\nThe green belt not only protects us from the animals in our area but also protects us from having more severe weather changes than we already have.\nPlease if you care for the people as well as the businesses in our area, DO NOT develop the green belt. It will destroy the environment we currently have that we work with as businesses and as individuals on a regular basis.\nAll the businesses in our area that rely on the weather and the seasons to remain the same as they are, will be completely destroyed. I understand your perspective, we have a problem and you want to solve it, but this is not the way to go.\nI hope you are able to read this and feel it with in you.\nAnd come to another solution about the current problems we face.\nKind Regards,\nA concerned business owner and citizen.\n"
    }
}