{
    "63699": {
        "url": "/comment/63699",
        "comment": "The greenbelt was created by law as an urban growth boundary and to protect natural resources for the health and well-being of Ontario's people. Simply under principal, the greenbelt should not be touched in anyway on the basis that law and policy I believe, have formally protected that land. There are a number of other things the Ontario government can do to make housing more affordable, and developable within the urban growth centers that are available. Thank you for the opportunity to comment.\n"
    },
    "63702": {
        "url": "/comment/63702",
        "comment": "I find this move appalling. We should be protecting the Green Belt at all costs, and the unchecked policies that led to urban sprawl will not lead to affordable housing - it will lead to the destruction of what decent farmland and flood mitigation we have in place so that a select few will cash in. This wreckless, short sighted behavior must stop. Our future depends on thinking of the impacts of our decisions for generations to come \u2014 we need to further density in our existing urban areas and use the lands we have set our efficiently. We need diversity of housing options. We need to let go of the ideas that have led to car reliance, sprawl and destruction of nature in favour of a future that fosters community, protects the environment and enhances our food security. We have foolishly built over farmlands in the past - let\u2019s not keep making the same mistakes!\n"
    },
    "63703": {
        "url": "/comment/63703",
        "comment": "With the green belt and Oak Ridges Moraine being an ecologically sensitive area with thousands of flora and fauna species, housing will destroy this land that these species call home. It is with great importance that the province should reconsider this ill-advised idea to add housing along the green belt. Focus your efforts in preserving these lands and providing more funding towards conservation authorities who are experts in this field.\n"
    },
    "63704": {
        "url": "/comment/63704",
        "comment": "This government's housing plan is reckless and irresponsible. The kind of urban sprawl that this proposal would lead to is not what Ontario needs to address the present housing crisis. To add insult to injury, this government claims that the only option available to them is to remove Greenbelt lands. This is not an acceptable plan and the government knows it.\nIt is unthinkable that the government is not only wanting to create more of this low-density housing that obviously will not solve the housing crisis, but that it intends to do so on lands that are supposed to be conserved for their ecological value, that help filter groundwater that feeds into our river systems, that directly affects the quality of our drinking water. The Greenbelt was created partly to STOP urban sprawl. But this government would remove these lands in order for developers to build luxury homes that are out of reach for regular Ontarians.\nHousing in such areas would also be further from any city centres, which would drive up commute costs. Municipalities would also need need costly new infrastructure to ensure these developments have water and power. It is evident that these lands would not lead to the type of affordable housing that Ontario desperately needs.\nWhat Ontario needs is gentle intensification to increase the density of our cities to create communities that are walkable and inclusive, and with public transit that is reliable and convenient. Ontario does not need more of the endless sprawl that we already have. If you travel to any city in the developed world outside of North America, you will find that nobody in their right mind would decide to create the type of unliveable car-centric hell-scapes that Canada has grown to become.\nThis proposal is simply unacceptable. Do better, Minister Clark.\n"
    },
    "63706": {
        "url": "/comment/63706",
        "comment": "The Greenbelt is protected and supposed to be safe from any and all changes to it. The PC government needs to respect and honour that. Leave it alone! There are many, many reasons it was deemed protected and those reasons still exist and are even more important now than before.\nThere\u2019s no way these areas need to be further developed. We already have gridlock and traffic congestion polluting the air and creating chaos.\nPeople leave the cookie cutter subdivisions to escape the noise and chaos of their everyday lives to gain some semblance of sanity back.\nRemoving the green belt spaces will take away much needed resources for both people and animals/wildlife alike that share the space and call it home.\nWe already have displaced coyotes and foxes running through our cities because the urban sprawl has gotten way out of control.\nThe environment needs to be protected. That\u2019s why this space was always supposed to be untouchable.\nLeave it alone.\nI don\u2019t care how affordable the new housing is going to be. You can\u2019t put a price on peace.\n"
    },
    "63707": {
        "url": "/comment/63707",
        "comment": "We cannot use our greenbelts to build housing.  Period.  WE build up, we build better transportation links.  We find other ways.  As a Canadian who returned after living abroad for 30 years, we're the only place left in the world...where there's land left.  We cannot allow our elected leaders to go back on their promises and destroy our land.\n"
    },
    "63708": {
        "url": "/comment/63708",
        "comment": "The city of Hamilton voted to keep the urban boundary the same and to build within those limits. The provincial government is going against the preferences of citizens in the proposal.\nMore focus should be on building townhomes or multi dwelling buildings to address the housing crisis instead of continuing to expand outwards. There is no infrastructure (transportation, etc) to service these areas. This plan has not been thought through.\nOur province should prioritize the environment, keeping green space and build more density instead of sprawl.\n"
    },
    "63713": {
        "url": "/comment/63713",
        "comment": "I am extremely concerned about the proposed changes to the green belt protections. In an era of climate change and food insecurity, I think it is incredibly irresponsible of our provincial government to be promoting urban sprawl and congestion.\nThe province should be looking at other options like higher density missing middle housing, using policy levers to entice developers to build 3 bedroom condos that are attractive for families who want to stay closer to the centre but can\u2019t afford to.\nThere are other ways to create more housing for folks. Continued disregard for environmental protections will ensure that my next vote will not be going to the Conservative Party.\n"
    },
    "63714": {
        "url": "/comment/63714",
        "comment": "We should not be converting the Greenbelt to make housing.\nWe have more than enough land available to build dense housing. We don't need anymore suburbs or sprawling cities; we need more intense developments. We need 3 to 6 story buildings in new developments, and more intense buildings in downtowns of cities like Windsor, London, Hamilton, Kingston.\nIf we have more starter apartments and condos they will quickly halt the rising rental costs of existing units and make living more affordable for Ontarians.\nIt will also create space for people moving into Ontario and our youth to get their own living space; keeping our educated youth in the province is key to our future.\nMunicipal plans show that there are approximately 88,000 acres of land within urban boundaries across the region already approved for housing \u2014 enough to meet Ontario\u2019s provincial growth projections for decades to come. Developers hold this land and some municipalites don't allow for dense buildings in low density neighbourhoods. We need to incentivize developers to start developing the current land in a more dense fashion and over-rule municipalities on these outdated zoning laws allowing for more dense infill projects.\nWe need more 4 to 6 storey condos & apartments in low density zones. We need more high density apartments and condo's being built in cores and infill lots.\nBuilding dense apartments/condos within our existing cities will save us all money, while also revitalizing the local economy and community design. Sewers, water pipes, roads and schools are all cheaper to build and maintain when more people live in a neighbourhood. Public transit that is frequent and close-by becomes possible and people can choose to walk to a store, restaurant or work instead of having to rely on a car.\nThis is a better option than opening up the Greenbelt to development and I urge you to consider it.\nOntario needs her green spaces of the green belt for future generations and we need our farmland to support our population. Please stop sprawl development.\n"
    }
}