{
    "72501": {
        "url": "/comment/72501",
        "comment": "I am done with this government\u2019s absolute distain with preserving green spaces and wildlife. Is climate change not teaching them anything?!  And where do they think our food comes from?  There are so many species at risk, yet they just want to pave over the planet. The backroom politics and greed is deplorable. We deserve better. Vote NO.\n"
    },
    "72533": {
        "url": "/comment/72533",
        "comment": "How dare you? I will leave it to others to point out the idiocy of your plan to carve up the Greenbelt and the criminality of gift wrapping it for De Gasperis et al to cover our children's future in concrete.\nShame on the PC Government. You are a disgrace. We know that this is not a housing plan. It's a make our donors more Billions plan.\nhttps://www.thespec.com/news/hamilton-region/2022/11/17/who-owns-land-h\u2026\nhttps://www.cbc.ca/news/canada/toronto/gta-developers-own-greenbelt-lan\u2026\nhttps://thenarwhal.ca/ford-ontario-greenbelt-cuts-developers/\nhttps://www.thestar.com/news/investigations/2022/11/17/they-recently-bo\u2026\n"
    },
    "72536": {
        "url": "/comment/72536",
        "comment": "As a resident of Ontario, who grew up in the area around the greenbelt, I am disgusted an appalled that the provincial government is willing to destroy these protected wetlands. There is no need to do this as there is ample space for housing elsewhere, in addition to the fact that it's not even optimal land for housing.\nThis outrageous that you are by-passing rules and processes that are in place for a reason.\nThis is simply not the right thing to do.\n"
    },
    "72564": {
        "url": "/comment/72564",
        "comment": "I am writing to express my strong opposition to your proposal to remove 7,400 acres from the Greenbelt (ERO #019-6216 and #019-6217).\nI do not accept your government\u2019s misleading premise that these Greenbelt lands are needed for housing.\nThe amount of greenfield land already designated for development, and added to municipal settlement boundaries, but still sitting unbuilt far exceeds what is needed to meet long range housing targets. As you know, in its 2022 report, Ontario\u2019s Housing Affordability Task Force stated that a shortage of land isn\u2019t the cause of Ontario\u2019s housing problem and that Greenbelts, environmentally sensitive areas and farmland must be protected.\nThe proposed removal of Greenbelt lands sets an alarming precedent, opening the Greenbelt to development at the request of those who stand to reap immense profits while the rest of us pay the tab. Land swaps put the entire Greenbelt at risk. Most of the lands to be removed from the Greenbelt overlap with the Natural Heritage System, which supports sensitive and significant natural features, and is supposed to be managed by your ministry as a connected and integrated natural heritage system.\nThe importance of permanently protecting lands and waters within the Greenbelt cannot be overstated. It is key to building the resilience of local food systems, protecting at-risk habitats and species, and sustaining the physical, social and economic health of the nine million Ontarians living in the Greater Golden Horseshoe. Not only are we facing the interconnected and accelerating crises of climate change and biodiversity loss, we are also losing 319 acres of farmland daily. The protection of natural and hydrological systems and farmland must be prioritized. They are finite, irreplaceable and invaluable for community and ecosystem health and resilience.\nFor the sake of current and future generations, I urge you to abandon your plans to remove 7,400 acres of protected lands from the Greenbelt.\n"
    },
    "72569": {
        "url": "/comment/72569",
        "comment": "Slow down: Do not pass Bill 23 or support the Proposed Amendments to the Greenbelt Plan until proper consultation is completed with affected stakeholders, key interest groups including Association of Municipalities of Ontario (AMO), the Ontario Chamber of Commerce, Conservation Authorities (CA), and affordable housing advocates. The housing rationale used for these measures must be demonstrated to be sound; to date the measures proposed are not supported by planners, municipalities or housing advocates.\nAllow Conservation Authorities to maintain their current role in permitting in regulated areas, allow them to conserve land, reduce pollution via land use planning review and  permits. Don\u2019t further consider land owned by CA\u2019s for housing development. Uphold the purpose and rationale for CA\u2019s, namely preservation, conservation and stewardship of land with natural hazard risks.\nRequire a full Environmental Assessment for the Duffins York-Durham Sewage System servicing northern York Region.\nAbandon the abolition of Regional Planning: There are issues with regional planning, but the only support for the proposal to eliminate the important coordinating role of regional government, particularly for infrastructure planning, is from land speculators and developers. If there\u2019s a rationale for the government\u2019s proposal that serves the public interest, please provide.\nDo not encroach on the Greenbelt and Oak Ridges Moraine: There\u2019s enough land to build the housing that Ontario needs for 30 years. Even BILD has said they don\u2019t need Greenbelt. This file stinks; any self-respecting MPP or Councillor should immediately distance themselves from these hand-picked, unjustifiable Greenbelt land removals.\nProtect Wetlands, Natural Heritage, Species at Risk and Ontario from the inevitable risks of Climate Change! It is unfathomable that we even need to say this. Southern Ontario is an \u201cecoregion in crisis\u201d. Removing more natural features here and adding protections to lands elsewhere obviously isn\u2019t going to improve our ecoregion. Do not change the OWES wetland evaluation system. Maintain strong prohibitions on alteration of landscape in Ontario\u2019s Natural Heritage System (NHS) and its features in the Provincial Policy Statement (PPS). Do not allow offsets, trades, or \u201ccompensation\u201d agreements. Capitalize on the free service provided via natural asset management instead of infrastructure and capital intensive engineered solutions.\nAllow Members of the Public and CA to appeal Official Plan, Zoning Bylaw Amendments and Sprawl Proposals to the Ontario Lands Tribunal. Make the playing field level once more by providing the same rights to both project proponents and community players interested in challenging and/or improving planning proposals/Official Plans. Consider threshold levels to reduce appeals abusing the process.\nDo not override Official Plans. For better or worse they are far more democratic than the proposals flowing out of the government of Ontario at this time.\nMaintain the PPS & Growth Plan, its density requirements, and support rational infrastructure phasing policies to make the best use of limited taxpayer and developer dollars.\nThe Canadian Environmental Law Association (CELA) has indicated that Bill 23 is the most extensive and biggest package of legislative changes they have seen in over ten years. We do not offer an analysis as it is impossible to do with our limited resources and time given. We do express our support and agreement from the groups listed in Appendix 1 who have made statements and have or will submit comments on Bill 23 and the various Environmental Registry of Ontario (ERO) postings. We acknowledge there may be good elements in the Bill but we are overwhelmed by the magnitude of regressive changes and fail to see how they are in the public interest in a climate emergency and affordable housing crisis. Some quotes for perspective.\n\u201cThe proposed changes in Bill 23 will create a number of unintended consequences which roll back 70 years of successful conservation authority watershed management at a time when we need this work more than ever in order to address the growing impacts of climate change.\u201d Conservation Ontario.\n\u201cPreliminary analysis of the Bill indicates the transfer of up to $1 billion a year in costs from private sector developers to property taxpayers without any likelihood of improved housing affordability. Similarly, the bill\u2019s provisions designed to reduce environmental protection will benefit developers in the short term, with costs to the public and homeowners that cannot be calculated.\nMembers of the Committee and all Members of the Provincial Parliament will need to consider in whose interest they govern. Bill 23, as drafted, benefits private interests at the expense of public interests \u2013 at the expense of property taxpayers and Ontario\u2019s natural environment.\u201d AMO.\nTIMING IS ANTI DEMOCRATIC AND HOSTILE TO STAKEHOLDERS\nRecommendation: Slow down the process.\nOn October 25th, 2022  the day after municipal elections were held across Ontario\u2019s 444 municipalities, the current government introduced Bill 23, More Homes Built Faster Act and posted numerous notices for public consultation on the ERO. Additional notices were posted on November 4th approving York Region and other municipal Official Plans as well as proposed amendments to the Greenbelt Act and redesignation of land under the Oak Ridges Moraine Conservation Act. Then 2 weeks later, on the day before the inaugural Council meetings of Niagara, Peel and York Regions, Bill 39 was introduced.\nNew Councils have not yet been formed, and have not been able to meet to approve or formulate responses to the Province. The Association of Municipalities of Ontario (AMO), representing Ontario\u2019s municipalities, was not provided an opportunity to present to the Legislature\u2019s Standing Committee on Heritage and Culture at the Bill 23 hearings. The official opposition did invite them to present their submission and it was shared with all MPPs.\nVoters, especially those in two tier - regional governments, had no indication that the responsibilities of regional governance would fundamentally change or that the province would be appointing Chairs, likely extending Strong Mayor Powers to unelected Chairs of their choosing or initiate an \u2018assessment\u2019 of regional governance. It is unfortunate that the public went to the polls and elected a regional council without the knowledge that the province was going to fundamentally change regional governance.  The province conducted a 2019 Regional Governance Review, which was never acted upon and the recommendations remain confidential advice to cabinet.  The public does not know if what your government is proposing is consistent with the advice provided in that review. Thus there is no evidence, available to the public, to support the need for the aggressive changes to regional governance.\nGREENBELT REMOVALS IN YORK REGION\nRecommendation: Keep your promise; do not remove lands from the Greenbelt and be transparent about the downgrading that has already commenced.\nWhy are so many Greenbelt removals being proposed now outside of the ten-year review period, especially when a Greenbelt review and land removals were completed in 2017? The Ontario Government has quite simply lied to the people of Ontario by proposing to remove portions of the Greenbelt. Seven of the fifteen Greenbelt land removals and the only Oak Ridges Moraine land-use redesignation  are located in York Region.\nKing Township lands:\nThe Greenbelt removal in King Township has received significant media attention due to the timing of land transactions and a motion by King Council in support of the Greenbelt removal to facilitate a new Southlake hospital. It is unclear if the province is aware or supportive of the hospital proposal, if this is Southlake\u2019s preferred site or even a candidate site. There is also much concern about who knew what and when? The removal of Greenbelt protection and subsequent re-zoning would increase land value above the purchase price of $80M last September.\nUpper York has no servicing capacity to give, existing 2010 growth can\u2019t be fully serviced and the Upper York Sewage System, now abandoned, was supposed to be the solution for this growth. It is implausible that the lands in King Township would be an eligible candidate for new housing development; northern York Region doesn\u2019t have a servicing capacity solution for what was just approved in the new Official Plan. Why do Minister Clark and the Mayor of King believe these lands meet the eligibility criteria for Greenbelt removal and that servicing capacity could be prioritized and feasible, ahead of all other development projects awaiting servicing allocation?\nMarkham and Vaughan Greenbelt Removals Plus Downgrading Greenbelt NHS:\nThe Greenbelt removals in Vaughan and Markham are adjacent to, or contain Greenbelt \u2018fingers\u2019 that are part of Ontario\u2019s NHS and had land use designations downgraded from prime agriculture to rural to allow active parkland uses when Minister Clark approved York Region's Official Plan. These removals combined with Minister Clark\u2019s recent decision in the Official Plan are not consistent with the Greenbelt Plan and do not uphold previous tribunal decisions that clearly identify that expansion of urban boundaries is not permitted into the Greenbelt NHS. Are accessory uses such as parks that support adjacent developments a settlement expansion in the Greenbelt NHS?\nThe Ontario government appears to have little regard for compliance with its own policies. The current government\u2019s defense for inaction on Climate Change is, in part, because it is a policy that can\u2019t be enforced. We are fearful that this attitude is percolating into land use planning, resulting in the destruction of Ontario\u2019s NHS; a policy, not a land use designation protected by regulation. The combination of the multitude of legislative changes that reduce natural heritage protection - ie. redefining wetlands could permit the dumping of soil of questionable quality, combined with a  reduction in  resources and legislated authority of independent government-paid subject matters to comment and approve land use decisions, appears to leave little oversight or protection. This leaves us extremely fearful that even the portions of the Greenbelt that remain intact will fail to be protected due to multiple threats, undermining the purpose and intent of the Greenbelt Plan.\nThe general public does not yet understand that this government has already downgraded Greenbelt protection in York and Peel Regions Official Plan Approvals by downgrading land use designations. This is not a removal but it is a lowering of protection that does not require a change to provincial regulations. York Region\u2019s Official Plan also concerns several alarming changes that indicate the Oak Ridges Moraine Conservation Act regulations will be changed to allow future urban development in Vaughan and Stouffville. There\u2019s also reference that some existing developments which meet certain criteria may not need to comply with certain requirements of the ORM Conservation Plan. The government has failed to analyze the cumulative impacts of localized and province wide decisions and legislative changes.\nPROVINCIAL POLICY IN DISARRAY, DISREGARDED, DISRESPECTED\nRecommendation: Provide evidence-based rationale for policy changes & clean up your own house first\nThe changes, even simple administrative matters, do not appear well thought out. It seems implausible that the Ministry of Municipal Affairs and Housing (the Ministry) has or will have the capacity, staff and administrative processes in place to be the approval authority for lower tier Official Plans and Amendments. The Ministry hasn\u2019t provided basic data on whether the Growth Plan is effective or ineffective, if municipalities are meeting greenfield density targets or have adequate housing supply approved in the pipe-line. This Ontario government has failed to provide reasonable evidence supported by data, facts or figures province-wide to justify such broad sweeping legislative changes.\nProvincial ministries with conservation, preservation, endangered species protection remain critically underfunded. The province has failed to address recommendations and shortcomings brought forward by the former Environmental Commissioner and now the Auditor General. Illegal land use is rampant on prime agricultural land, trees are being felled illegally. Our bylaws  and penalties are ineffective, the province is absent or worse giving approvals in the absence of approved zoning and then expecting by-law officers to enforce nuisance and traffic impacts. The changes to CA\u2019s will leave Ontario\u2019s Natural Heritage vulnerable and exposed because there will be no publicly funded institutions with sufficient resources left to speak, and act to protect our natural heritage. It is reckless to make these changes in the absence of any real and meaningful attempts to address the already identified shortcomings that have forced CA\u2019s to take on the very roles the province seeks to or has already eliminated.\nMASSIVE FINANCIAL IMPLICATIONS FOR MUNICIPALITIES\nRecommendation: Consult with AMO and municipalities to ensure these changes do not bankrupt municipalities and do not affect the levels of services and park land that Ontarians have come to expect.\nMunicipal staff are warning of staggering losses as a result of reduction in development fees; the City of Markham estimates that property taxes would have to increase by 50 to 80 percent just  to maintain existing services. It is foolish to believe that smaller municipalities with less resources will have or be able to obtain specialized staff with the expertise to adhere to  specialized specific provincial policy plans and the knowledge to protect residents from natural hazards. Contracting out these services opens up a whole other set of administrative, financial and accountability issues that again do not appear well thought out. Reducing parkland requirements is the exact opposite of what we learn that we need most for our communities during the pandemic.\nCONSERVATION AUTHORITIES\nRecommendation: Allow Conservation Authorities to maintain their current role in permitting in regulated areas and allow them to conserve land and reduce pollution via land use planning review and  permits.\nOntario residents trust CA\u2019s because they have demonstrated they have the staff, expertise and resources to comment on complex planning applications with environmental and natural hazard risks. Further, they have been responsible stewards for the conservation and preservation of the lands entrusted to them. To direct CA\u2019s to put a list of land together suitable for development is nonsensical. Land comes into their ownership because it has been donated with expectations of having conservation status in perpetuity, or the lands contain environmentally significant features and natural hazards that require protection.\nUPPER YORK SEWAGE SYSTEM\nRecommendation: We support the Williams Treaties First Nations in their comment that a full Environmental Assessment of the southbound Duffins Creek route  is needed.\nWe are pleased that the Upper York Sewage Treatment Plant is not proceeding, that the government recognizes the sensitive health of Lake Simcoe, the need to proceed expeditiously with the phosphorus reduction plant and the necessity of compliance with the Lake Simcoe Protection Act and Plan. However, it is frustrating that $100M has been spent on the Upper York Sewage System Environmental Assessment with little to show.  It is unreasonable to transfer this growth to Durham residents in the absence of a full Environmental Assessment and to suggest that York Region staff will be able to accomplish anything to approve and achieve the old or new growth targets set by the Province in the near future. Staff has been told to start over, develop a solution to deliver a third expansion of the York-Durham Duffins Creek Treatment Plant and pump water against elevations of 100m (twice the height of Niagara Falls). We are no further ahead to achieving growth in upper York.\nUpper York Region is a case study in what not to do in infrastructure planning with stranded assets and unrealized growth creating burdens on capital budgets because development fees can\u2019t be collected. This is a direct result of provincial inaction and inadequate, non-existent provincial support and resources provided to municipalities but still demanding growth targets be met. It is setting municipalities up to fail and Bill 23 will formally shift the blame for not achieving growth targets onto a lower level of government with no recourse to respond because they are \u2018creatures of the province\u2019 not recognized in the Canadian Constitution. It is unfair.\nCONCLUSION\nIf Bill 23 is passed in its current form then the Ontario government will have failed to listen to professionals, subject matter experts, and ignored science and established best practices. It will have failed to protect land that will be critically important to reducing the impacts and adapting to climate change - CA regulated land, the Greenbelt and Oak Ridges Moraine. They will have failed to provide the type and diversity of housing needed by Ontario\u2019s most vulnerable communities. The implications of Bill 23 place unacceptable fiscal and legal risk upon the Government of Ontario, municipalities and taxpayers -  it is short-sighted and reckless.\nWe urge you to slow down.  Do not pass Bill 23 or the proposed Greenbelt removals . Consult properly, and do the job that only the government can do: protect the public interest.\n"
    },
    "72579": {
        "url": "/comment/72579",
        "comment": "I am strongly against the proposed changes to Ontarios greenbelt plan. The proposed legislation would make it easier for developers to pave over wetlands which are not only vital habitat for aquatic and terrestrial organisms but also provide many essential services to humans. These services are needed now more than ever to help climate change impacts including increase in carbon release and increased flooding frequency. I am a young Canadian that is concerned about the housing market however, I do not believe that this is the best way to increase housing availability. There are many other options available to the government that will not have permanent negative impacts on our province. I recommend the government do more work to examine other options that will continue to protect Ontarios wetlands and increasing affordable housing availability.\n"
    },
    "72580": {
        "url": "/comment/72580",
        "comment": "Dear Sirs,\nI am very concerned with the proposed loss of the green belt or moraine land. We are continuing to ruin environmental sensitive areas for greedy reasons beyond what is good for the future generations. I feel that all this talk is very short sighted.\nI realize that it is suggested that affordable housing is need to accommodate the future influx of immigrants. Maybe if we don\u2019t have the space, than less people should be allowed to move here. Go to Federal government and fight for our already stretched resources in our Province. Tell them we can not take as many as they hope to send to this province.\nTalking about resources, has anyone in your office tried to go to the hospital with sick loved ones. Do you even realize that family members must over see the patient care because there is not enough staff to safely run the hospital floors. Yet we are expected to bring more people into an area with these stretched resources.\nWhat do you consider affordable housing? What I have seen in the area already obtained, no affordable houses are being built. Give your head a shake, this is not for the good of the every day person on limited salary. Who are you building these large homes for.\nLand swapping should not be in the green belt, if not used now, it will be in the future. Let\u2019s leave some safety cushion for our children and grandchildren. Not only for the wild life but our water tables that you will surly pollute with over population of these sensitive areas.\n"
    },
    "72591": {
        "url": "/comment/72591",
        "comment": "I am particularly concerned about the:\n1. Removal of my right to appeal on planning matters that affect my community;\n2. Limitations on the power of conservation authorities (CAs) to regulate or prohibit development that negatively impacts wetlands, rivers or streams, to provide expert review of planning applications, and to appeal planning decisions;\n3. Removal of the role of seven regional municipalities (Simcoe, Durham, Halton, Peel, Niagara, Waterloo and York) in planning matters, thereby eliminating coordinated efforts to protect farmland and natural areas, determine optimal locations for development and infrastructure, and efficiently deliver municipal services;\n4. Drastic amendments to the Ontario Wetland Evaluation System, ensuring that very few wetlands in Ontario will be deemed provincially significant and protected from development;\n5. Replacement of the Provincial Policy Statement with a new policy instrument geared to facilitating unchecked development; and\n6. Creation of a natural heritage offsetting policy and \u201cpay to slay\u201d fund that could lead to widespread and extremely risky tradeoffs, where existing natural areas are sacrificed on the faulty premise that they can be recreated or restored elsewhere.\nIn the face of unprecedented and accelerating biodiversity loss and the ever-worsening climate crisis, it is vital that your government do its utmost to protect the farmland, wetlands, forests, rivers and other natural areas that sustain us. As Ontario\u2019s Housing Affordability Task Force explained in its 2022 report, we do not need to sacrifice environmental protection to address the housing crisis. That\u2019s because \u201ca shortage of land isn\u2019t the cause of the problem.\u201d (p.10) There is a vast supply of land already open for development within existing municipal settlement boundaries.\nI urge you to 1) withdraw all amendments likely to weaken the protection of farmland and natural heritage; and 2) retain and uphold the role of the public, CAs and regional municipalities in environmental planning and decision-making.\n"
    },
    "72593": {
        "url": "/comment/72593",
        "comment": "While I can appreciate that there is an urgent need for housing, this proposal seems too set on expanding land boundaries to the benefit of developers, and those land owners, and not enough on building affordable, sustainable housing in under developed areas within the already established urban boundaries.\nGiven that the Ford government did not a) campaign on this, and b) specifically said they would not touch the greenbelt, it is difficult to see how this is the most beneficial plan for everyone.\nCommunities need safe, secure, affordable, and attainable housing, and this bill's push to build housing as quickly as possible gives me concern that these houses may not be build with care or with the appropriate legislation.\nAdditionally, the lands of the greenbelt were set aside for a reason, and to so quickly jump to having to use those lands, without regional consultation and more public discussion of what constituents want feels disrespectful to the communities.\nThis bill feels as though it is to benefit solely developer, land owners, and the provincial government - under the guise of the need for housing (which we do need, but I don't believe this is the way to do it). Nothing about  the More Homes Built Faster provides any sense that the homes will be what home owners need, what the community needs, and what will make sense for sustainability of our environment and this proposed change to the greenbelt feels like an attack by the province on our environment and communities.\n"
    },
    "72601": {
        "url": "/comment/72601",
        "comment": "I have a few comments I would like to make regarding the proposed alterations to the greenbelt:\n-While I understand that the minimum is exceeded, More should be added in compensation for the areas removed. It really should be more then double.\n-The particular choices of location are not optimal, many seem fairly detached from built up areas, but this step should only be taken if it is right up against already built up areas. Locations 2, 4, 6, 9, and 10 (numbers from reference map) seem particularly unsuited.\n-Given the special allowances being made greater demands should be made as to the form of any developments. Much higher density should be required, 50,000 homes is not enough for that amount of land. Also there should be a limit to the size of individual houses, and some design requirements.\n-Given the fairly unexpected change that will considerably increase the value of these lands a windfall tax should be applied to anyone selling or developing the them. This could be scaled in such a way to encourage smaller more affordable units.\n"
    },
    "72603": {
        "url": "/comment/72603",
        "comment": "The Markham Village Conservancy has partnered with the City of Markham since 1996, advocating and protecting the rich heritage of Markham Village.\nBill 23 is a very real threat to work that we have been doing for over 21 years.\nThe mandate of the Conservancy also encompasses natural heritage features as well and Bill 23 threatens sensitive environmental areas of Markham Village as well as Bill 23 taking already protected land from the Greenbelt to hand over to developers.  How does any of this benefit Ontarians?\nExtracting portions of the Greenbelt to add to urban sprawl is unconscionable.  The lands being offered in exchange just drives the Greenbelt north and fails to protect already protected areas in York Region.  Some of these lands are wetlands that protect our water sources and we cannot afford to lose!  The rationale for removing protections from the Greenbelt is untenable.  These protected areas provide Ontarians with air purification, clean water, fuel and fiber, natural habitat for wildlife, biological pest and disease control, pollination and soil formation, flood and erosion control, carbon storage, climate regulation and food security.\nHealthy ecosystems equate to a sound economy, employment, recreation, education and reflect our culture!\nA shortage of land to build on within the boundaries of the GTA is NOT the problem --- there is land available and densification needs to be the guiding principle to protect what precious farmland and environmentally sensitive areas we have. Read the Ontario Housing Affordability Task Force Report \u2013 p. 10.\nWeakening the Conservation Authorities by taking away their planning role is a serious move away from environmental protections at a critical time in our battle to curb climate change.  Weakening the ability of Municipalities to manage planning is dangerous to us all.  Removing the right of the public to planning meetings and planning appeals is removing our democratic rights.\nWe should not have to fight this fight again --- especially when you have promised, repeatedly, to protect the Greenbelt.\nThe Markham Village Conservancy opposes the changes proposed and demands that\u2026\n 1) all amendments likely to weaken the protection of farmland and natural heritage be withdrawn and\n2) the role of the public, Conservation Authorities and regional municipalities in environmental planning and decision-making be retained and upheld.\nThis radical omnibus Bill only favours wealthy developers.\nThis Bill is not in the best interests of Ontarians.\nHands off protected Greenspace land, forests, farmland and wetlands!\n"
    },
    "72614": {
        "url": "/comment/72614",
        "comment": "This is not the appropriate use for this land. I believe changing zoning for other areas to allow for higher density development is appropriate.\nIf Greenbelt IS to be repurposed no matter the public comments, it  should only be for 100% affordable housing. If this cannot be done, it should be reconverted back to protected Greenbelt.\n"
    },
    "72616": {
        "url": "/comment/72616",
        "comment": "I am opposed to the opening up of greenbelt land for development. It will do nothing to make housing more affordable and will take land that feeds us out of production. There is plenty of land for development already slated for that purpose. Build upwards not outwards.\nSigned - a previously strong supporter of Doug Ford that has lost faith in his leadership.\n"
    },
    "72649": {
        "url": "/comment/72649",
        "comment": "Has the government looked at all other options, similar to how a Municipal Class Environmental Assessment is conducted, and determined that the proposed is the least destructive on the environment? I would argue that this has not been completed, and at a bare minimum, should be. Otherwise, this is hearsay as to whether or not this is an appropriate action for future development. Regardless of this, why are we encouraging urban sprawl, when the purpose of many other provincial legislation (PPS, GPGGH) encourage development within settlement areas...build up not out.\nThe impact the proposed Bill will have on future development within important ecological areas cannot be reversed. Let's think about the future, think about how this affects future generations, how this might affect climate change, and how this might affect economics in the future. Degradation of the natural environment only leads to less-stabilization to homes, security, and increased costs on social systems (environmental hazards, health concerns, etc.).\n"
    },
    "72650": {
        "url": "/comment/72650",
        "comment": "I am writing to provide feedback in response to the Ministry of Municipal Affairs and Housing\u2019s Proposed Amendments to the Greenbelt Plan, as posted on the Environmental Registry of Ontario for consultation (ERO number: 019-6216).\nI do not support removing lands from the Greenbelt Area and I do not support the proposed amendments to the Greenbelt Plan (ERO 019-6216), or to the Greenbelt Area boundary regulation O. Reg. 59/05 (ERO 019-6217), or to the Proposed redesignation of land under the Oak Ridges Moraine Conservation Plan O. Reg. 140/02 (ERO 019-6218).\nEstablished under the Greenbelt Act, 2005, the Greenbelt is a broad band of protected land that currently includes over 800,000 hectares of land in the Greater Golden Horseshoe. It is covered by the policies of the Greenbelt Plan, as well as the Oak Ridges Moraine Conservation Plan and the Niagara Escarpment Plan. Collectively, these plans identify where major urbanization should not occur. The plans provide permanent protection to the agricultural land base and the ecological and hydrological features, areas and functions within the Greater Golden Horseshoe and beyond.\nWhile I support efforts to address the affordable housing crisis in Ontario, I do not support your proposal to remove about 7,400 acres in 15 different areas from the Greenbelt, which was created to protect environmentally sensitive regions from development. Especially since 14,000 hectares of non-Greenbelt land was released for development.\nThe government\u2019s proposal contradicts its previously stated public commitments to protect the Greenbelt; it undermines the importance of green space and the impact of climate change; and it does not solve Ontario\u2019s housing crisis or realistically acknowledge the issues that have led to the crisis.\nThe Greenbelt protected area must remain protected, it must not be cut, and lands must not be moved.\nCurrent Proposal Contradicts Previous Commitments\nThe current proposals directly contradicts previous government statements on protecting the Greenbelt.\nIn March 2022, your Ministry held a consultation on Proposed Amendment to the Greenbelt Plan - Growing the size of the Greenbelt (ERO 019-4485), which stated that the Key Principles for Expanding the Greenbelt include:\n1.\tNo removal or land exchanges proposed: \u201cThis proposal is about growing the size and quality of the Greenbelt, and the government will not consider the removal of any lands from the Greenbelt.\u201d\n2.\tNo policy changes proposed that would reduce existing protections in the Greenbelt\nAnd in February 2021, when confirming plans to expand the protected area by adding a moraine south of Toronto and a series of urban river lands, you are quoted as saying:\n\"I want to be clear: we will not in any way entertain any proposals that will move lands in the Greenbelt, or open the Greenbelt lands to any kind of development.\u201d\nThe Ministry\u2019s news release, Ontario Takes Steps to Grow the Greenbelt, on February 21, 2021, further supports the government\u2019s statements not to develop the Greenbelt:\n\"The Premier has been steadfast in his commitment to protect the Greenbelt and our government will not consider any proposals to remove or develop any part of it.\"\nProtecting the Environment\nThe Greenbelt was created to protect agricultural and environmentally sensitive lands in the Greater Golden Horseshoe area from development and it should remain that way. It is vital to the well-being of our province, our environment, and our citizens.\nIt safeguards the resources that clean our air and water, reduces flood risks, provides a home for wildlife, and ensures Ontario communities have greenspace.\nThe Greenbelt is an important source of local food and its agricultural activities are an important contributor to the economy. In 2020, the Greenbelt's agri-food sector generated an estimated $4.1 billion in GDP and close to 59,000 jobs (source: Understanding How Greenbelt Agriculture Feeds the Regional Economy and Greenbelt Farmers)\nIn addition to the agri-food contributions, the Greenbelt is also home to some of the world\u2019s most fertile soil and represents some of our most productive growing regions, which is critical to preserve, especially in light of food security concerns.We need the Greenbelt for our collective resilience.\nThe Greenbelt\u2019s forests help clean and have a role in helping to mitigate climate change, as trees capture and store carbon, and they also provide habitat for birds and other species, while wetlands filter our water. The Greenbelt is home to 78 at-risk species, and important habitats - forests, wetlands and grasslands.\nWetlands also protect from flooding, drought and climate change. Wetlands in Ontario\u2019s Greenbelt were estimated to provide $380 million in flood mitigation per year, according to the report Green Infrastructure in Ontario: Economic Impact Assessment (June 2020). As climate change continues to impact our province and increase flood risks, we must protect our wetlands as part of the Greenbelt.\nThe report goes on to explain that Ontario\u2019s Greenbelt is estimated to provide ecosystem services of about $3.2 billion annually, and that the forest cover provided $18 million worth of health benefits annually.\nA previous report, Ontario\u2019s wealth Canada\u2019s future: Appreciating the Value of the Greenbelt\u2019s Eco-Services, quantifies the annual value of the ecosystem services provided by the Greenbelt at an estimated $2.6 billion, which would be over $40 billion since the establishment of the Greenbelt. The report goes on to explain:\nThe Greenbelt\u2019s wetlands and forests hold the greatest value, worth over $2.3 billion. Wetlands are worth an estimated $1.3 billion per year ($14,153/hectare) because of their high value for water regulation, water filtration, flood control, waste treatment, recreation, and wildlife habitat. Forests provide key services worth $989 million each year because of their importance for water filtration services, carbon storage services, habitat for pollinators, wildlife, and recreation. The Greenbelt\u2019s agricultural lands total value is also substantial at an estimated $329 million per year including cropland, idle land, hedgerows, and orchards. Key values include the pollination value of idle land and hedgerows, the storage of carbon in soils, and the cultural value of agricultural lands.\nProposing to cut the Greenbelt, add lands elsewhere, or exchanging unprotected land for protected land, threatens the stability of the Greenbelt and the important benefits the Greenbelt provides to Ontarians, the environment, and our economy.\nThe Greenbelt protected area must remain protected, it must not be cut, and lands must not be moved.\nOntario\u2019s Housing Crisis\nA housing plan must not come at the expense of the environment.\nThe housing crisis in Ontario is complex with many causes. While supply is an important factor, it is not the only factor.\nOntario\u2019s affordable housing crisis is not new, but has become more severe, especially over the past few years with home prices up by 44% in 2021 since 2018, according to Generation Squeeze Lab\u2019s Report.\nSpeculation has been a significant issue with homes increasingly being treated as an investment, like stocks and bonds, instead of a basic human right to shelter.\nIt is also important to focus on creating affordable housing, which would help stabilize rental markets and ease competition.\nSome other options to consider may include:\n\u2022\tEliminating the land transfer tax for first-time buyers or increasing the existing rebate;\n\u2022\tManaging unregulated rent increases;\n\u2022\tImplementing progressive property taxation, which would disincentivize property flipping and renting out properties to the highest bidder;\n\u2022\tStronger restrictions on foreign investment;\n\u2022\tRequiring beneficial owners of real estate to identify themselves to land title authorities, and to make that information transparent and publicly available, to address opaque ownership concerns and other conditions that make real estate markets vulnerable; and\n\u2022\tIdentifying appropriate and non-protected land to create new supply while holding developers accountable.\nIt was also recently reported that Ontario has dedicated 14,000 hectares of land for urban development in municipalities in the Greater Toronto and Hamilton Area, showing that land is already available (CBC News, November 12, 2022).\nAnd it is important to note that the Greenbelt was created to restrict urban sprawl, and the government\u2019s current proposal would create more sprawl. Any new housing should be built where there are existing roads, parks, transit, schools, and not on protected land.\nThere is no single solution to addressing Ontario\u2019s housing crisis and restoring affordability, but trading off environmental protection and conservation is not the answer.\nConclusion\nThe Greenbelt protected area must remain protected \u2013 it is vital to the well-being of our province, our environment, and our citizens \u2014 and it must not be cut and lands should not be moved. I do not support the proposed amendments to the Greenbelt Plan (ERO 019-6216), or to the Greenbelt Area boundary regulation O. Reg. 59/05 (ERO 019-6217), or to the Proposed redesignation of land under the Oak Ridges Moraine Conservation Plan O. Reg. 140/02 (ERO 019-6218).\nThank you for your consideration,\n"
    }
}