{
    "65627": {
        "url": "/comment/65627",
        "comment": "I am strongly opposed to removing protected greenbelt land in order for urban sprawl.  Why take good, fertile land and destroy it?  With the future of worldwide food shortages growing, all fertile land and waterways need to be protected more than ever.  Build the housing on poor land, wherever that may be and if that is several hours away, so be it.\n"
    },
    "65630": {
        "url": "/comment/65630",
        "comment": "I understand that our population with grow and we need to provide housing but why isn't more being done to stop home developers from racking up prices and making basic housing unaffordable for Ontarians? As well, why isn't their greater taxation being placed on foreign buyers and vacant homes in many of these municipalities? The number of empty homes and lease signs i see in my own neighborhood is growing. These are issues that could be addressed before even having to touch the precious greenbelt. The way this proposal is worded as \"adding\" space to the greenbelt is very misleading. You are removing land that is not only home to important species and ecosystems but is also important to our watershed, flood prevention, and accessibly greenspace for all. Lastly, where is the public record of a Environmental Assessment of this proposal? Has any indigenous consultation been done? I seriously doubt it with this provincial government. So many questions.....I hope I can get at least one answered. Ultimately, this plan simply lines the pockets of developers and builders and leaves the average Ontario STILL potentially priced out of a home AND losing access to public green space close to where they live.\n"
    },
    "65632": {
        "url": "/comment/65632",
        "comment": "Greenbelt lands were chosen for their environmental sensitivity. Simply swapping land for another does not fix what will be destroyed.\nHere\u2019s a thought: why not develop on the proposed replacement lands?\nThe main concern with development of these lands is flood mitigation: paving over vast areas will cause water to collect into streams in quantities not seen, leading to flooding downstream.\nI live downstream from the proposed changes in Duffins Creek. As climate change impacts weather, and we see more extreme weather, I expect my insurance to rise as a result of this. I do NOT support the proposed changes.\nAt a minimum, any developer who purchased protected land, knowingly so, should have their applications summarily rejected. Buyer beware! For them to buy protected land then donate to the Conservative Party on the expectation that the rules will be changed is clear corruption.\nThe Ford government promised over and over that the Greenbelt would not be touched. Keep your promises!\n"
    },
    "65634": {
        "url": "/comment/65634",
        "comment": "this proposal of interrupting, interfering and ruining sacred lands (that isn\u2019t ours to claim to begin with as colonizers) of the beautiful greenbelt to build housing is deeply saddening and disappointing to hear.\nplease shut this down immediately. this benefits no one but the contractors themselves.\nfocus on building and fixing housing issues in our communities and cities first - we don\u2019t need to take this to the greenbelt, where only the rich and privileged can afford to live.\nprotect the land, and get greedy hands out of the greenbelt. no one asked for this.\n"
    },
    "65636": {
        "url": "/comment/65636",
        "comment": "I am strongly against any modifications to the Greenbelt boundaries. It defeats the entire purpose if the Greenbelt can be pushed further and further out. We need provincial policies which allow for dense, urban infill housing in the abundant residential land we currently have that is zoned for extremely low-density uses (single-family homes). Study after study has shown that denser housing is much more financially sustainable than urban sprawl. Any expansion of the Greenbelt will just lead to higher tax burdens on local municipalities and new areas of low economic productivity.\nGet creative and help support our municipalities instead of destroying the environment and the agricultural sector.\n"
    },
    "65640": {
        "url": "/comment/65640",
        "comment": "This is unacceptable!  We are in a global climate crisis and we are destroying what small amounts of green space we have left!\nThere are numerous areas that are already urbanized/developed that can be used for affordable housing. Developing and deforesting parts of the greenbelt is not the solution.\nOnce we start to develop and build on these protected areas, they will be gone forever. This will have a huge impact on everyone for generations to come.\nI am all for affordable housing but NOT at the cost of destroying our green belts!\n"
    },
    "65643": {
        "url": "/comment/65643",
        "comment": "I am very concerned about this proposal to remove land from the Greenbelt. There is no evidence that the land \"swap\" will result in a \"net benefit\" and the lands proposed to be added are already protected from development in other ways. The Greenbelt is a very popular policy tool that protects quality of life for all Ontarians.\nI am quite disgusted by this government's overt pandering to special interest groups.\n"
    },
    "65645": {
        "url": "/comment/65645",
        "comment": "This is a huge betrayal of those who elected this government based on promises made by Premeir Ford and Steve Clark.\n There is ample land within the city boundaries to build AFFORDABLE housing to benefit those of more limited means than those who are going to benefit from this reward being dished out to wealthy developers at the expense of the environment.\n Those in need of affordable housing will neither be able to purchase these homes, or the cars and gas needed in these neighbourhoods.\n For all the good done by this government, this will be a destructive and lasting testament to corruption, the political equivalent to insider trading.\n Shameful, pork barrel politics from a government that won a mandate exposing this type of corruption from a previous government.\n So much for Bill Davis conservatism.\n"
    },
    "65647": {
        "url": "/comment/65647",
        "comment": "I can\u2019t imagine anyone wants to see any part of the Greenbelt reallocated to housing. We don\u2019t need more housing at the cost of the very little green space we have. Either make the Greenbelt bigger or leave it the same, but it should be protected and not torn apart for housing. What of the animals that live there? The ecosystems that will be destroyed? Doug Ford promised he wouldn\u2019t touch the Greenbelt and here we are. It\u2019s 14 degrees in the middle of November. Climate change is real and destroying protected green space so rich people can buy big houses? What an embarrassment.\n"
    },
    "65649": {
        "url": "/comment/65649",
        "comment": "This is just contributing to more car-centric urban sprawl at a cost to the environment.  Ontario needs a plan to develop more livable spaces, not suburbs.  I know that housing is an issue, I'm in the same boat as everyone else struggling to afford living in a walkable neighbourhood but developing the greenbelt is not the answer.  Better transit (high speed train as an example) would allow for more cities to develop instead of everyone living in and around toronto.  We can do better, please reconsider this proposal.\n"
    },
    "65651": {
        "url": "/comment/65651",
        "comment": "This is a horrible idea!  Leave the greenbelt alone.  The existing greenbelt areas were chosen after extensive research and were selected due to their sensitivity and ecological importance.  Many of these lands are on watersheds and preserve ecological habitats for wildlife.  Preserving these lands and then suddenly opening them up for greedy developers destroys the sanctity of protected areas and makes us all realize that \u201cprotected areas \u201c are not actually protected.  They only have a temporary reprieve until greed has its way.  We need to really look at why our system continually needs to grow and expand and have an ever expanding population.  This system is not sustainable.  We can\u2019t continue to grow like a plague, consuming all of the resources and lands around us.  If we truly care about sustainability then our system must change from one of consumption to one of stabilization and restoration.  We can have a healthy economy while being sustainable and restoring the environment.  Talk to the experts who aren\u2019t in the pocket of developers.  Many people have made environmental stewardship and restoration and sustainability their life\u2019s work.  Let\u2019s act based on their expertise.  The housing crisis can be solved using other methods on already developed lands\n"
    },
    "65653": {
        "url": "/comment/65653",
        "comment": "Protection of Greenbelt lands is critical to ensuring Ontario's resiliency in the face of unstable global food markets and climate change. Greenbelt agricultural lands must be protected and expanded to the greatest extent possible to ensure a domestic food supply in the face of global food shortages and impacts and interruptions to international trade. Greenbelt lands are the best land resource in Ontario to support domestic agriculture, and Provincial self sufficiency. Allowing development into the greenbelt directly compromises our provonce's ability to adapt to this increasing instability and leaves the citizens of ontario vulnerable to international trade and import shortages, as has been seen during the pandemic and more recently as a result of the war in Ukraine.  There are no other lands in Ontario that are as productive and well suited for agriculture as the greenbelt. Do not allow development into the Greenbelt.  Proect , expand and restore agricultural lands to ensure our Province's future food supply resiliency. Do not set a precedent for overturning established greenbelt protection policies, this will pave the way for future actions and development into these prime agricultural lands.\n"
    },
    "65654": {
        "url": "/comment/65654",
        "comment": "I do not support this initiative. The province needs affordable housing in centrally located areas.\nIs there transparency made available about Doug Ford's connection to these landholder owners and their patronage to his campaign?\nWe need to preserve agriculture and protected areas.\nThe solution is not more housing but imposing size requirements on new developments ex. 50% of their new developments should be under 1800 square feet instead of these massive homes and make a more concerted effort on the land these homes are developed.\nWe need to be prioritizing our environment and green spaces while we can. This goes against what Canada stands for. What good is housing if we don't have air to breathe? Or water to drink? Or be able to go outside without it being too hot? Or facing environmental disasters year after year?\nInstead of thinking about economy and the all mighty dollar we should be making an effort - as a government setting the example - that our planet comes first.\n"
    }
}