{
    "80053": {
        "url": "/comment/80053",
        "comment": "Aside from what should be the VERY obvious detrimental environmental impact, not a single blade of grass should be touched until a thorough examination of Doug Ford and his friends/contacts and their purchases of land in and around the green belt. It is such a transparent attempt to game the system and get rich at the expense of Ontarians and the environment.\n"
    },
    "80054": {
        "url": "/comment/80054",
        "comment": "What disturbs me most about the passing of this bill is its shortsightedness and lack of proper planning. Municipalities, environmental groups, housing experts and citizens alike oppose Bill 23 because simply put- it will not fix the housing crisis. The most disappointing part of this is that it seems like the Conservative government simply does not care. It has set out on its own uneducated agenda and chooses to bulldoze through meaningful conversations on how to properly address the housing crisis.\nI live in the Golden Horseshoe area and this affects me directly. My property taxes are already higher than other municipalities in Ontario. My family cannot afford to pay any more, especially for something that is forced upon municipalities with little to no say.\nWhat saddens and angers me most is that this will not properly address the housing crisis. The only people that will benefit from Bill 23 are wealthy developers. Municipalities and taxpayers will pay for this for years to come. The Greenbelt and all it has to offer will suffer.\nThere are better ways to build 1.5 million homes, just ask the housing experts that you choose to ignore.\n"
    },
    "80058": {
        "url": "/comment/80058",
        "comment": "It is incomprehensible how the Ford's Government just last year promised that the Greenbelt lands were untouchable for development.  And to have the same government do a 180 just a few months ago, proposing to remove 15 parcels of land for development, is nothing short of a betrayal.\nThe Greenbelt is for Nature, not housing.  The Greenbelt is not for Ford's friends.  There is a strong smell of corruption here.  The tail is wagging the dog here: the developers don't get to pick the lots from the Greenbelt for their elite purposes.\nBill 23 is wrong.  Do not demolish the Conservation Authorities ability to assess development projects for their own merits; on the other hand, strengthen their breadth: they do exceptional work.  Increase their budget if you want expediency.\nDestroying the Greenbelt will not resolve affordable housing.  Neither will Bill 23.  Who are we kidding here?\n"
    },
    "80061": {
        "url": "/comment/80061",
        "comment": "The citizens of Ontario elected the present government on the understanding that all parties agreed not to change or build on the greenbelt.. The present government has not laid out a plan to show that this land is needed for building now or a plan on how building on the green belt will produce affordable housing.\nThis government does not have the will of the people supporting it.\nDo not build on the greenbelt without getting the permission of the citizens of ontario.\n Do not repeat the fiasco of the 407.\nDo not build on the green belt.\n"
    },
    "80062": {
        "url": "/comment/80062",
        "comment": "It is inevitable that Ontario will need additional housing capacity over the next decades due to population growth in the region. Having said that, the decision to take over 7,400 acres of land from the Greenbelt to build housing is not only counter productive but also damaging for the environment and bad for humans and the diversity of the eco-system. During my time at Metrolinx, we did numerous studies that provide very strong linkage between overall prosperity of communities and population density.\nThere is over 88,000 acres across the GTHA that are already designated and ready for development. What reason does this government have to start development in an environmentally protected region which will not only be ruinous for the environment but push the population density out further and increase reliance on highways/cars and in turn also further increase our carbon footprint?\nMy suggestion for the Government is to invest funds in building quality vertical housing (high rises/condominiums/apartments) which will not only be be able to much quickly solve the problem of the housing crisis but also help with bringing communities together (rather than increasing the problem of urban sprawl). In addition, the government should invest in high quality public transportation which will further help with building stronger and happier communities.\nI do not support the governments decision to take over additional 7,400 acres of farmland in the protected Greenbelt. There is no reason to not utilize the available land available in the GTHA (and surrounding communities) for this development. Environment protection and human prosperity are closely linked and the survival of our species depends on protecting green spaces for the future generations!\n"
    },
    "80064": {
        "url": "/comment/80064",
        "comment": "The Greenbelt is a protected area, and has been for years, opening it up for development is an incredibly slippery slope that can have harmful effects for our environment and quality of life. These amendments basically say that by adding additional land to the greenbelt that will somehow make up for removing other lands and opening them up for development, but this doesn't make sense. The Greenbelt is full of interconnected ecosystems and taking land from this protected space will still have a major impact that cannot just be offset by adding additional land elsewhere.\nThis is not a numbers game. Maintaining a specific number of acres for the Greenbelt is not the only criteria that needs to be met. As mentioned in the article linked below, developing on land from the Greenbelt could negatively impact our wildlife, agriculture, and drinking water. These are critical for sustaining life and quality of life. In a time when climate change and the environment need to be at the forefront of our minds, we cannot be making irresponsible decisions like these.\nAlso, how is this going to help the issue of the rising cost of housing and living? There are constantly new homes and condominiums being constructed, and yet the prices have not decreased at all. Affordability is the problem that needs to be addressed, not more solutions that just line the pockets of developers.\nThe Greenbelt is protected for a reason, it needs to stay that way.\n"
    },
    "80066": {
        "url": "/comment/80066",
        "comment": "I do not support any development on the Greenbelt or moraine, nor the trading of lands, or swapping of lands,  in order for development to occur on the greenbelt now or in the future. I do not support housing on being built on the lands of the future  \u201cPickering airport\u201d.\nThe ecological integrity of the greenbelt and it\u2019s watersheds depend on maintaining the existing protected areas and buffer zones provided by farmland and undeveloped lands.\nIn a time of a world biodiversity and climate crisis, I am deeply concerned that any government would reduce the amount of protected lands and green space in and around a growing metropolitan city.\nThese lands are essential to our health and well-being, the survival of local plant and animal species and speak to our ability to maintain a world class city with high quality parklands, wildlife areas, plant and animal diversity and  maintain water quality into the future.\nWe should be expanding the green space and the rouge park to include all of the \u201c designated airport lands\u201d and farmlands currently under protection. Not destroying the spaces that make and will continue to make the GTA a liveable city now and into the future!\n"
    },
    "80068": {
        "url": "/comment/80068",
        "comment": "Doug Ford said that he heard the people and would not touch the Greenbelt. this is then what he should do.\n"
    },
    "80072": {
        "url": "/comment/80072",
        "comment": "I write to state my opposition to the proposal to remove 7,400 acres of land from the Greenbelt, which was revealed on November 4, 2022.\nBill 23 will not increase development of affordable housing.\nNot only is this proposal bad for the health of our province and unlikely to produce any additional housing, it goes against the Premier\u2019s word and it goes against Minister Steve Clarke\u2019s assertion that \u201cwe\u2019re not going to entertain any conversations about a land swap\u201d on the Greenbelt.\nIn addition to my concerns about the Greenbelt, I am deeply concerned about many of the components of Bill 23 and its associated policy proposals.\nBill 23 prohibits Conservation Authorities from doing anything to prevent sprawl from causing flooding and erosion \u2013 or destroying ecology. It would leave vast swathes of Ontario\u2019s most important habitats largely unprotected \u2013 and put Ontarians at real risk. See: the flooding in B.C. in 2021\nThis Bill\u2019s attack on regional planning is counterproductive for creating affordable homes \u2013 as well as being environmentally disastrous.\nBill 23 will further the destruction of critical natural areas in a time of climate crisis while also failing to deliver the urban transformation \u2013 or the affordable housing \u2013 that Ontario needs.\nIn conclusion, please desist from removing any lands from the Greenbelt \u2013 even if they are replaced by other lands in other areas\u2013 and repeal Bill 23.\n"
    },
    "80073": {
        "url": "/comment/80073",
        "comment": "Not only will the Greenbelt development plan destroy critical environmentally sensitive habitats and farmlands, it has basis in unethical and corrupt business dealings on the part of the Ford government. Developers linked to the Ford government bought these lands over the past couple of years during the Doug Ford's term in office, prior to them being made developable. Many urban planning experts say that the plan does not address and fills the need for affordable housing. All evidence points to this amendment being a cronyism-driven plan to pad the pockets of developers without addressing any of the housing, environmental, and food supply problems our province is facing. An investigation into racketeering and corruption must be launched into Doug Ford's business dealings.\n"
    },
    "80074": {
        "url": "/comment/80074",
        "comment": "BROWNFIELDS FIRST! Look inward not outward. Consider supporting the revitalization of underutilized lands. Provide incentives. Make these lands become a new energized part of the urban community...incentives affordable housing...increase the housing supply using existing lands....meant for the community. Brownfields NOT Greenfields. STEP UP ONTARIO!\n"
    },
    "80078": {
        "url": "/comment/80078",
        "comment": "This Act and the proposal to withdraw 15 areas from the Greenbelt and require that they be planned in great haste and then developed at warp speed \u2013\nIs nuts.\nThere are 88,000 acres of land designated for development around the GTA. Within this there are many areas that meet the criteria specified for choosing these 15 sites.\nThe only apparent unique identifying feature appears to be that the 15 properties are partly or wholly owned by individuals and corporations that are connected to the Conservative Party through donations, lobbyists or monetary contributions to the Party or members thereof.\nThe rational cited for entertaining such haste is that there is a housing crisis. There is an affordability crisis, which is recognized in the foundational document for this exercise (\u201cHousing Affordability Taskforce Report\u201d) as not arising from a shortage of land available.\nAs to a shortage of housing, the housing market has recently convincingly demonstrated that there is no a housing supply crisis. Sales are down inventory is up and the demand slump is so pronounced that a major developer is closing sales pavilions. (1)\nThe trigger for this supposed crisis is the prospect for increased immigration as proposed by the Federal Government. However Ontario Municipalities have recently completed a Provincially mandated review of lands available for housing over the next 30 years. Thus there is an ample supply of land available to accommodate any conceivable immigration influx in the near to middle future.\nThis gives time for a process to prepare a Careful, Considered, Consulted, Planned approach to future immigration surges.\nThere is no excuse for the Premier to run around like his hair is on fire, and throw out: the Bathwater (perceived excess regulations); the Baby (Environment, Greenbelt, Farmland) and the Mother (Democracy).\nThis Act, and Bill 23, 39 etc, together constitute a concerted campaign to preferentially benefit a specific subset of corporate interests (developers) while materially disadvantaging virtually every other public and private interest.\nThere is a definition for the political process where the interests of the Government and corporations are \u201cso close you cannot fit a cigarette paper between them\u201d to quote a notorious Italian politician from the previous century.\nThere is a consensus between a wide variety of experts, commenters, sectoral bodies (municipal, agricultural, professional), analysts, labor and environmental groups, First Nations, and others that this Act, and Bills 23, 39 etc WILL NOT achieve the stated objectives, and are highly likely to have serious adverse effects.\nThis Act is unnecessary, counterproductive, and an egregious and arbitrary abuse of power.\nI request and require that it be withdrawn.\n1.Greaterfool.ca\nNovember29th 2022\n\u201c There are lots of houses for sale. Months-of-inventory numbers in major markets are heading steadily higher. Mortgage origination volumes at the big lenders have plummeted. The country\u2019s largest builder has seen sales fall 65% and closed development sales centres. Real estate boards in Vancouver and Toronto report deals have tumbled by about 45% year/year, and are running drastically below 10-year levels. It\u2019s evident there\u2019s more inventory than there are buyers. The market is wobbling because of demand, not supply.\u201d\n"
    },
    "80081": {
        "url": "/comment/80081",
        "comment": "I object to the deregistration of the following lands from the Greenbelt:\nLand located in the Town of Whitchurch-Stouffville\u202fat 11861 and\u202f12045 McCowan Road\tMap 4\nLand located in City of Markham at 5474 19th Ave. at the northeast corner of 19th Ave. and McCowan Road\tMap 4\nThe 59 hectares of land on 12045 McCowan Rd. and 11861 McCowan Rd. is next door to land where Flato Developments has already received multiple MZOs in the block between Highway 48, McCowan Road, Stouffville Road and 19th Avenue for roughly 3,000 homes.\nOne of the premises permitting the deregistration of land is that it is adjacent to other parcels of land being developed.  These other parcels of land have been achieved only by virtue of Ministerial Zoning Orders, that were not subject to public consultation.  There was no due process to comment on the paving over of viable farmland in Whitchurch-Stouffville in the name of 'agriculturally inspired' development.  Farmers would laugh at this concept.\nThe addition of these new lands to the inventory for development boxes in the Willowgrove Day Camp and Outdoor Education centre.  As the neighbouring land is getting swallowed up by 4,500 MZOs\u2019 worth of homes, Willowgrove\u2019s primary concern is being able to continue its operation as a working farm with a day camp, outdoor education and nature school.   They just want to know that they can continue doing what they do.  What they offer here is very unique, which makes it all the more worthwhile to continue the operation.  My children actively participated in programs at this centre through a number of community organizations.\nWhile the MZOs benefited Flato Developments, it is also a striking parallel that 12045 McCowan Road also benefits Lebovic Enterprises, who coincidentally also build residential homes.  This is blatant, patronizing, self-interest.\nI doubt that the land at 12045 McCowan Road is so important to be added to the adjacent MZO inventory, that it absolutely must be added in the public interest.  If that were the case, then expropriate that land.  That, however, would not be as desirable for Lebovic since it would yield a significantly lower return on investment.\nThe continued accumulation of land for development on McCowan Road, creates a discontinuous path of development from the west side of Stouffville at Highway 48 through to McCowan.  Development approaching from McCowan freezes out landowners on Highway 48, who will now stand in the way of the continuous road network.   We all know what happens to those owners - it is called expropriation at lower prices than those that Lebovic will get, after they created the situation / \u201cneed\u201d.  You can really see how all of this will play out \u2013 give it 1-2 years.\nWhitchurch-Stouffville held a visioning exercise a few years ago that really did nothing more than set the stage to permit the MZOs and the deregistration of land from the Oak Ridges Moraine.  They were just puppets to the Province of Ontario in the continued development of the Greenbelt.\n"
    }
}