{
    "79578": {
        "url": "/comment/79578",
        "comment": "I\u2019m very disappointed that the ford  government is changing the green belt boundary, the green belt is a very special area, that has different habitats that is important to many species, Ontario should be protecting this area and there are many other things we can do to help with housing that haven\u2019t been tried, the answer to the housing problem is not giving developers more profits at the expense of the green belt.\n"
    },
    "79579": {
        "url": "/comment/79579",
        "comment": "ERO FILE NUMBER 019-6216\nProposed Amendments to the Greenbelt Plan\nLands Located in the City of Hamilton\nSouth of Garner Road West, West of Fiddlers Green Road, East of Shaver Road, in the Vicinity of Book Road West \u2013 Map 9 to ER0 FILE 019-6216\nI strongly support the removal of these lands from the Greenbelt for the following reasons:\nHomes and mortgages have become unaffordable.\nThe lands are adjacent to existing settlement areas;\nThe lands are adjacent to the edge of the Greenbelt area boundary;\nThe lands have the potential to be serviced in the near-term with local infrastructure upgrades to be entirely funded by proponents; and\nThe lands proposed for the removal have the characteristics that would enable housing to be built in the near term;\nThe subject lands were inappropriately and precipitously added to the Greenbelt in 2016 without proper consultation with residents and businesses in the area;\nThe inclusion of the subject lands in the Greenbelt in 2016 was contrary to the City of Hamilton\u2019s staff position and that of their consultants engaged in the Greenbelt review process;\nThere is no planning or scientific justification to support the inclusion of the lands in the Greenbelt.  The inclusion appeared totally arbitrary;\nI understand that the City of Hamilton requires these lands to meet housing needs to address affordability and supply issues.  This is an area that affords excellent accessibility to major highways and community services in the abutting urban area of Hamilton and the Ancaster community.  I strongly support the Provincial initiatives to increase the supply of housing in the community.\n"
    },
    "79580": {
        "url": "/comment/79580",
        "comment": "Proposed Amendment to the Greenbelt Plan ERO number 019-6216\nand Boundary Regulation 019-6217and the Oak Ridges Moraine Conservation Plan 019-621\nThe  removal of 7,400 acres from 15 different areas of the Greenbelt is a breach of trust by Premier Doug Ford. Mr. Ford, you promised: \"The people have spoken. I'm going to listen to them, they don't want me to touch the Greenbelt, we won't touch the Greenbelt.\"\nThis was a very important promise \u2013 a promise to uphold the vision brought into reality by a previous government, a promise that was necessary because if the Greenbelt is not a permanent land-use feature, its protective function ceases. As soon as it is possible to take land out of the Greenbelt, whether it\u2019s a large chunk or small, for good reason or bad, all decision-making becomes distorted by political influence and the prospect of profit.\nThat\u2019s why adding 9,400 acres from other areas is no solution at all, particularly if, as is widely reported, much of this land is already protected.\nThe fact that some landowners will make a fortune from these amendments is deeply offensive.\nI believe that the Greenbelt should be expanded. We in Simcoe County suffer a leapfrog effect as developers ignore the development land that exists within the boundaries of Greater Golden Horseshoe municipalities and pursue cheaper farm or natural heritage land. The government\u2019s proposed erosion of residents\u2019 long-established rights to be heard on what happens in their neighbourhood and the proposed dismantling of the precautionary effect of sourcing data and comment from the Ministry of Natural Resources and Forestry and Conservation Authorities makes this leapfrog effect all the more threatening. Please expand the Greenbelt into Simcoe County.\nThe notion that the Greenbelt lands will be suitable for the immigrant populations the Premier says he aim to serve is preposterous. Immigrants need to settle in urban centres where they can find communities of similar culture, services adapted to their needs, employment, good public transportation, affordable rental accommodation and accessible green space. This plan does not serve immigrants, neither does it serve low-income people struggling to find affordable housing.\nChipping pieces out of the Greenbelt, along with other policies introduced in the Bill 23 package, put many species at risk at even higher risk. I am a steward of the land where I live, I owe respect and care to the land, the creatures with which I share it, and the photo-synthesizing trees, grasses and other plants that support all life. This complex web is clearly not of concern to the current government. It is of major concern to me.\nThese amendments also show that Ontario has no intention of implementing land use policies that seriously address climate change. We need to protect our tragically shrinking agricultural land base against loss and fragmentation, and extend protection of natural heritage and water resource systems that sustain ecological and human health.\nAs a Canadian citizen I am a party to the treaties signed with First Nations and I object strongly to the Ford government\u2019s failure to consult First Nations on these amendments. They are entitled to proper consultation based on the United Nations Declaration on the Rights of Indigenous Peoples (UNDRIP) and on the duty to consult arising from Section 35 of the Constitution Act, 1982.\nI am embarrassed by the casual and ham-fisted way the Ford government approaches lawmaking. How should it happen? RESEARCH into legal, scientific and administrative implications, PUBLICATION, CONSULTATION, REFLECTION, PROPOSAL, FEEDBACK, DEBATE followed by, if possible, CONSENSUS and LEGISLATION. In contrast, we have poorly formulated ideology rammed through at a time of hiatus at the municipal level of government which is the most affected by these amendments.\nTo take one example of how the process was working, Ontario\u2019s Housing Affordability Task Force seemed to be a sensible step in CONSULTATION. It found that a shortage of land isn\u2019t the cause of the housing affordability problem. In fact, 86,000 acres are available for development within the Greater Toronto and Hamilton Area alone. \u201cMost of the solution must come from densification,\u201d the Task Force recommended. \u201cGreenbelts and other environmentally sensitive areas must be protected, and farms provide food and food security. Relying too heavily on undeveloped land would whittle away too much of the already small share of land devoted to agriculture.\u201d\nSo what happened? A PROPOSAL that reflected none of these recommendations delivered with just days for FEEDBACK and DEBATE. The result - political CHAOS and the enactment of deeply flawed LEGISLATION. We, our children and future generations are fated to live with the consequences.\n"
    },
    "79581": {
        "url": "/comment/79581",
        "comment": "ERO FILE NUMBER 019-6216\nProposed Amendments to the Greenbelt Plan\nLands Located in the City of Hamilton\nSouth of Garner Road West, West of Fiddlers Green Road, East of Shaver Road, in the Vicinity of Book Road West \u2013 Map 9 to ER0 FILE 019-6216\nI strongly support the removal of these lands from the Greenbelt for the following reasons:\nHAMILTON should not be held back by original mistakes made about Greenbelt placement!\nThe lands are adjacent to existing settlement areas;\nThe lands are adjacent to the edge of the Greenbelt area boundary;\nThe lands have the potential to be serviced in the near-term with local infrastructure upgrades to be entirely funded by proponents; and\nThe lands proposed for the removal have the characteristics that would enable housing to be built in the near term;\nThe subject lands were inappropriately and precipitously added to the Greenbelt in 2016 without proper consultation with residents and businesses in the area;\nThe inclusion of the subject lands in the Greenbelt in 2016 was contrary to the City of Hamilton\u2019s staff position and that of their consultants engaged in the Greenbelt review process;\nThere is no planning or scientific justification to support the inclusion of the lands in the Greenbelt.  The inclusion appeared totally arbitrary;\nI understand that the City of Hamilton requires these lands to meet housing needs to address affordability and supply issues.  This is an area that affords excellent accessibility to major highways and community services in the abutting urban area of Hamilton and the Ancaster community.  I strongly support the Provincial initiatives to increase the supply of housing in the community.\n"
    },
    "79583": {
        "url": "/comment/79583",
        "comment": "ERO FILE NUMBER 019-6216\nProposed Amendments to the Greenbelt Plan\nLands Located in the City of Hamilton\nSouth of Garner Road West, West of Fiddlers Green Road, East of Shaver Road, in the Vicinity of Book Road West \u2013 Map 9 to ER0 FILE 019-6216\nI strongly support the removal of these lands from the Greenbelt for the following reasons:\nThis was a mistake to begin with.\nThe lands are adjacent to existing settlement areas;\nThe lands are adjacent to the edge of the Greenbelt area boundary;\nThe lands have the potential to be serviced in the near-term with local infrastructure upgrades to be entirely funded by proponents; and\nThe lands proposed for the removal have the characteristics that would enable housing to be built in the near term;\nThe subject lands were inappropriately and precipitously added to the Greenbelt in 2016 without proper consultation with residents and businesses in the area;\nThe inclusion of the subject lands in the Greenbelt in 2016 was contrary to the City of Hamilton\u2019s staff position and that of their consultants engaged in the Greenbelt review process;\nThere is no planning or scientific justification to support the inclusion of the lands in the Greenbelt.  The inclusion appeared totally arbitrary;\nI understand that the City of Hamilton requires these lands to meet housing needs to address affordability and supply issues.  This is an area that affords excellent accessibility to major highways and community services in the abutting urban area of Hamilton and the Ancaster community.  I strongly support the Provincial initiatives to increase the supply of housing in the community.\n"
    },
    "79585": {
        "url": "/comment/79585",
        "comment": "I am in full agreement with the provincial government\u2019s intention to create more housing for Ontarians, especially affordable housing, as rising inflation often forces people to choose between housing and groceries. But I don't support this at the cost of healthy, livable communities. Parks, green spaces, and recreation areas are contributing factors to property value, conservation, tourism, and health. They are proven ways to reduce crime, foster a sense of community, and encourage physical activity that supports improved physical and mental health. This Bill threatens the economic, environmental, and social well-being of the province.\n"
    },
    "79587": {
        "url": "/comment/79587",
        "comment": "ERO FILE NUMBER 019-6216\nProposed Amendments to the Greenbelt Plan\nLands Located in the City of Hamilton\nSouth of Garner Road West, West of Fiddlers Green Road, East of Shaver Road, in the Vicinity of Book Road West \u2013 Map 9 to ER0 FILE 019-6216\nI strongly support the removal of these lands from the Greenbelt for the following reasons:\nWe need homes for new immigrants.\nThe lands are adjacent to existing settlement areas;\nThe lands are adjacent to the edge of the Greenbelt area boundary;\nThe lands have the potential to be serviced in the near-term with local infrastructure upgrades to be entirely funded by proponents; and\nThe lands proposed for the removal have the characteristics that would enable housing to be built in the near term;\nThe subject lands were inappropriately and precipitously added to the Greenbelt in 2016 without proper consultation with residents and businesses in the area;\nThe inclusion of the subject lands in the Greenbelt in 2016 was contrary to the City of Hamilton\u2019s staff position and that of their consultants engaged in the Greenbelt review process;\nThere is no planning or scientific justification to support the inclusion of the lands in the Greenbelt.  The inclusion appeared totally arbitrary;\nI understand that the City of Hamilton requires these lands to meet housing needs to address affordability and supply issues.  This is an area that affords excellent accessibility to major highways and community services in the abutting urban area of Hamilton and the Ancaster community.  I strongly support the Provincial initiatives to increase the supply of housing in the community.\n"
    },
    "79588": {
        "url": "/comment/79588",
        "comment": "WE WANT LOGICAL GREENBELT PLACEMENT! Don't handicap Hamilton from home ownership!\nERO FILE NUMBER 019-6216\nProposed Amendments to the Greenbelt Plan\nLands Located in the City of Hamilton\nSouth of Garner Road West, West of Fiddlers Green Road, East of Shaver Road, in the Vicinity of Book Road West \u2013 Map 9 to ER0 FILE 019-6216\nI strongly support the removal of these lands from the Greenbelt for the following reasons:\nThe lands are adjacent to existing settlement areas;\nThe lands are adjacent to the edge of the Greenbelt area boundary;\nThe lands have the potential to be serviced in the near-term with local infrastructure upgrades to be entirely funded by proponents; and\nThe lands proposed for the removal have the characteristics that would enable housing to be built in the near term;\nThe subject lands were inappropriately and precipitously added to the Greenbelt in 2016 without proper consultation with residents and businesses in the area;\nThe inclusion of the subject lands in the Greenbelt in 2016 was contrary to the City of Hamilton\u2019s staff position and that of their consultants engaged in the Greenbelt review process;\nThere is no planning or scientific justification to support the inclusion of the lands in the Greenbelt.  The inclusion appeared totally arbitrary;\nI understand that the City of Hamilton requires these lands to meet housing needs to address affordability and supply issues.  This is an area that affords excellent accessibility to major highways and community services in the abutting urban area of Hamilton and the Ancaster community.  I strongly support the Provincial initiatives to increase the supply of housing in the community.\n"
    },
    "79590": {
        "url": "/comment/79590",
        "comment": "Leave the greenbelt alone. Analysis after analysis has shown that more housing can be constructed in existing higher density neighbourhoods (not to mention that this bill will actually reduce the amount of affordable housing, not increase it). I don\u2019t believe ANY conservation lands should ever be sold for development, they are needed as habitat and for flood prevention.\n"
    },
    "79591": {
        "url": "/comment/79591",
        "comment": "I feel the Greenbelt is urgently needed to protect habitat and provide natural buffers against impacts of climate change.  Ontario had the foresight to set this land aside 50 years ago and it would be folly to go against that wise act now.\nOntario needs affordable housing, not the type that would be built on the greenbelt lands.  Ontario also needs mass transit, not more roads for more car.  People need to be encourage to take trains and buses in highly populated areas such as those around the edges of the GTA and within it.\n"
    },
    "79592": {
        "url": "/comment/79592",
        "comment": "ERO FILE NUMBER 019-6216\nProposed Amendments to the Greenbelt Plan\nLands Located in the City of Hamilton\nSouth of Garner Road West, West of Fiddlers Green Road, East of Shaver Road, in the Vicinity of Book Road West \u2013 Map 9 to ER0 FILE 019-6216\nI strongly support the removal of these lands from the Greenbelt for the following reasons:\nNew immigrants need an affordable place to live.\nThe lands are adjacent to existing settlement areas;\nThe lands are adjacent to the edge of the Greenbelt area boundary;\nThe lands have the potential to be serviced in the near-term with local infrastructure upgrades to be entirely funded by proponents; and\nThe lands proposed for the removal have the characteristics that would enable housing to be built in the near term;\nThe subject lands were inappropriately and precipitously added to the Greenbelt in 2016 without proper consultation with residents and businesses in the area;\nThe inclusion of the subject lands in the Greenbelt in 2016 was contrary to the City of Hamilton\u2019s staff position and that of their consultants engaged in the Greenbelt review process;\nThere is no planning or scientific justification to support the inclusion of the lands in the Greenbelt.  The inclusion appeared totally arbitrary;\nI understand that the City of Hamilton requires these lands to meet housing needs to address affordability and supply issues.  This is an area that affords excellent accessibility to major highways and community services in the abutting urban area of Hamilton and the Ancaster community.  I strongly support the Provincial initiatives to increase the supply of housing in the community.\n"
    },
    "79593": {
        "url": "/comment/79593",
        "comment": "I am so deeply disappointed in the Government of Ontario\u2019s decision to build and develop areas of the Greenbelt. It\u2019s the only thing stopping the GTA from unmitigated urban sprawl. It\u2019s home to many species, captures carbon which contributes to our provincial commitment to combatting climate change, and it provides much needed green space for people to enjoy. I\u2019m furious with this decision as it seems to reflect little care for the advice of experts in the housing sector who recommend densification over sprawl. This decision reflects a disregard for the environment and actively goes against our climate change goals. It\u2019s also unnecessary for achieving the housing targets we\u2019ve set for ourselves. It seems to me that it reflects a decision to satisfy developer donors more than anything else. Find somewhere else to build homes.\n"
    },
    "79594": {
        "url": "/comment/79594",
        "comment": "Earlier this year, I submitted comments to the ERO on a proposed amendment to the Greenbelt Plan regarding growing the size of the Greenbelt (ERO # 019-4485). That proposal claimed that its objective was to \u201cgrow the size and quality of the Greenbelt\u201d and that the government would neither \u201cconsider the removal of any lands from the Greenbelt\u201d nor make any policy changes to reduce \u201cexisting protections in the Greenbelt.\u201d With the release of the Proposed Amendments to the Greenbelt Plan on November 4, I feel that not only were Ontarians lied to, but also that my concerns and those of so many others who participated in the earlier consultation were ignored.\nThe Greenbelt was established in 2005 to protect farmland and natural heritage from urban sprawl and climate change and to encourage the growth of healthy, livable communities in urban areas in which people could live where they worked and played. The lands included in the Greenbelt area were carefully selected for their ecological significance and sensitivity to form a connected system of protected land that would protect the biodiversity and farmland in it. These protections were meant to be permanent.\nThe proposed amendments to the Greenbelt Plan and Greenbelt Area Boundary not only violate those protections and numerous repeated promises by this government that the Greenbelt would not be touched, they also threaten the wellbeing and security of Ontarians.\nFaulty Premise\nBefore I proceed, though, the very premise underlying the proposal to open up parts of the Greenbelt (that the lands are required to provide 50,000 new homes out of an anticipated 1.5 million new homes required for projected growth in the GTHA) is untrue. There are more than 86,000 acres of land currently available for development in urban and peri-urban areas in the GTHA alone. This land, along with changes in zoning policies restricting gentle densification within municipalities, is sufficient to meet the housing needs of our growing population\u2014and it would make available housing of various shapes and sizes to meet the needs of people of varying income levels, ages, and stages in life. Even the government\u2019s own Housing Affordability Task Force stated earlier this year that \u201ca shortage of land isn\u2019t the cause of the [housing crisis]. Land is available, both inside the existing built-up areas and on undeveloped land outside greenbelts\u201d (10) and that the solution was simply to \u201cmake better use of land\u201d (10) through changing zoning rules and \u201cadding density\u201d (4) within urban boundaries. Further, a 2020 report published by the Canadian Federation of Municipalities entitled Sustainable Land Use Practices in Canadian Municipalities: A Snapshot, intensification of urban areas is one of the top municipal best practices to sustainably address affordable housing needs and growth. So, the suggestion that Greenbelt land is required to meet the housing needs of the anticipated population growth is, in fact, untrue\u2014meaning this proposal to amend the Greenbelt Plan is based on false premises and should therefore be dropped.\nPromised Protection\nAfter being caught on tape in 2018 stating that he would open up the Greenbelt for developers, Doug Ford and his government have repeatedly promised that the Greenbelt would not be touched. The current proposal to carve out 7,400 acres of the Greenbelt is a violation of that promise. Further, the suggestion by the government that parts of the Greenbelt can be opened up and new land added in a type of \u201cland swap\u201d reflects a deep misunderstanding of how ecosystems function, how biodiversity thrives, and how water systems flow and work. As mentioned previously, the lands that were put in the Greenbelt were carefully selected to protect the ecosystems and biodiversity within the lands, to prevent further fragmentation of farmland (which reduces productivity and farming viability), and to stop urban sprawl. Adding new parcels of land (if truly new\u2014and initial findings suggest some of the land proposed to be added was already protected, already public parks, or undevelopable land) to the Greenbelt, while welcome, would never replace the value and significance of the land already in the Greenbelt. We should not be giving up Class 1 farmland and natural assets (such as wetlands, fields, and woodlands) to housing. And the promise of protection for any new lands added would be questionable, as Greenbelt lands (including those that the government would like to offer up to developers) were meant to be permanently protected. Overall, the proposals to open up parts of the Greenbelt and change boundaries would violate the integrity of the whole Greenbelt and all that it offers Ontarians.\nThreats to Our Wellbeing and Security\nIf the COVID crisis did nothing else, it made all of us aware of the importance of access to green spaces for our health and of access to local food. The Greenbelt provides these things. People need green spaces for the ecosystem services they provide us but also as places to visit and be active (including hiking, biking, skiing, and touring). They provide us with opportunities to improve our physical and mental wellbeing. Recent COVID-related border closures and food shortages also increased our understanding of the need to have local food sources. Food security will be increasingly important as Ontario grows. The proposals to open up parts of the Greenbelt threaten to reduce and destroy both access to local food and local recreation and tourism opportunities.\nThe Greenbelt also plays a critical role in cleaning our air and water and in preventing flooding. Allowing housing to be built on Greenbelt land will come at the expense of lost natural infrastructure that protects us from the harmful effects of air and water pollution and the costly effects of flooding. As a whole, according to the Greenbelt Foundation, the Greenbelt provides $3.2 billion in ecosystem services such as the ones mentioned above. Parcelling out parts of the Greenbelt for housing would undermine and reduce the benefits provided by the Greenbelt. Further, according to the Auditor General of Ontario\u2019s 2022 report, \u201call Ontarians who live in a developed area\u2014regardless of proximity to a waterbody, like a river or creek\u2014may be at risk of an urban flood\u201d (1). Removing sections of the Greenbelt would only increase that risk for Ontarians living on, near, or downstream from the Greenbelt.\nThe climate crisis has also heightened our awareness of the significance of farmland and natural heritage to mitigate and adapt to the effects of climate change. The Greenbelt is key to helping our province deal with the challenges of climate change, including flooding, droughts, heat-island effects, pollution, extreme weather events, and extreme temperatures. Planning for and enabling uncontrolled sprawl by opening up the Greenbelt is irresponsible and goes against the province\u2019s own greenhouse gas (GHG) reduction commitments. How is the province supposed to reduce GHG emissions by its meager goal of 30 percent from 2005 levels by 2030 if it induces urban sprawl into the Greenbelt and forces people out into car-dependent neighbourhoods built of houses that furthermore, as a result of Bill 23, do not even have to meet municipal efficiency codes? Climate change is considered the biggest threat of our time. Why is the government even considering opening up the Greenbelt when that land has a key role in protecting our province from increased GHG emissions and vulnerability to the impacts of climate change?\nHousing Goals Can and Must Be Met Without Opening Up the Greenbelt\nThe proposals to amend the Greenbelt Plan and amend the Greenbelt boundary reflect a deep ignorance of the purpose and significance of the Greenbelt as a whole in preserving critical farmland, protecting biodiversity, protecting our drinking water, serving as a carbon sink, protecting us from extreme weather events, cleaning our air and water, and providing us with local jobs and food, among the many benefits and services it provides Ontarians. The Greenbelt is not a \u201cregulatory burden[]\u201d and opening it up for development is not \u201ca balanced approach to smart growth,\u201d as suggested by the proposals. While adding land to the Greenbelt is welcome, it cannot come at the expense of opening up other areas of the Greenbelt for development. Carving into the Greenbelt will only destroy ecosystems and biodiversity within them, reduce farmland productivity and availability to feed Ontarians, drive further urban pressures onto the environmentally sensitive Greenbelt, encourage costly and harmful urban sprawl, set a dangerous precedent for future development to occur in the Greenbelt, and put the health and wellbeing of Ontarians at risk.\nOur province can meet its housing goals without opening up the Greenbelt. Land-use experts, municipal best practice, and even the government\u2019s own Housing Task Force have shown that if we use the land within urban boundaries more effectively, we can accommodate growth and create vibrant, affordable, and non-exclusive neighbourhoods that integrate businesses, parks, housing, people, and accessible public transit. The Greenbelt must not be opened. It belongs to all Ontarians and should not be at the disposal of developers. Full stop.\n"
    },
    "79596": {
        "url": "/comment/79596",
        "comment": "To whom it may concern,\nI am strongly opposed to the governments plan to develop into the green belt. Aside from the fact that it should be well known the need to protect as much green space as possible given the rapidly changing climate.\nI believe it is irresponsible and reprehensible that the government is blatantly working to help increase the personal wealth of certain property developers. It has become clear that the government is not interested in the general good, but in ensuring the top 1% maintain or further their wealth by enforcing rules lobbied in their favour. Certainly the news of certain property developers buying green belt land prior to the governments announcement at a 21% interest indicated prior agreements.\nIn summary, I believe the government strongly is not doing this for the benefit of the general populace of Ontario but for the benefit of their \u201cfriends\u201d. And as such this should not be moved forward\n"
    },
    "79597": {
        "url": "/comment/79597",
        "comment": "We need the right placement for the Greenbelt! Think about new Canadians!!!!\nERO FILE NUMBER 019-6216\nProposed Amendments to the Greenbelt Plan\nLands Located in the City of Hamilton\nSouth of Garner Road West, West of Fiddlers Green Road, East of Shaver Road, in the Vicinity of Book Road West \u2013 Map 9 to ER0 FILE 019-6216\nI strongly support the removal of these lands from the Greenbelt for the following reasons:\nThe lands are adjacent to existing settlement areas;\nThe lands are adjacent to the edge of the Greenbelt area boundary;\nThe lands have the potential to be serviced in the near-term with local infrastructure upgrades to be entirely funded by proponents; and\nThe lands proposed for the removal have the characteristics that would enable housing to be built in the near term;\nThe subject lands were inappropriately and precipitously added to the Greenbelt in 2016 without proper consultation with residents and businesses in the area;\nThe inclusion of the subject lands in the Greenbelt in 2016 was contrary to the City of Hamilton\u2019s staff position and that of their consultants engaged in the Greenbelt review process;\nThere is no planning or scientific justification to support the inclusion of the lands in the Greenbelt.  The inclusion appeared totally arbitrary;\nI understand that the City of Hamilton requires these lands to meet housing needs to address affordability and supply issues.  This is an area that affords excellent accessibility to major highways and community services in the abutting urban area of Hamilton and the Ancaster community.  I strongly support the Provincial initiatives to increase the supply of housing in the community.\n"
    },
    "79600": {
        "url": "/comment/79600",
        "comment": "ERO FILE NUMBER 019-6216\nProposed Amendments to the Greenbelt Plan\nLands Located in the City of Hamilton\nSouth of Garner Road West, West of Fiddlers Green Road, East of Shaver Road, in the Vicinity of Book Road West \u2013 Map 9 to ER0 FILE 019-6216\nI strongly support the removal of these lands from the Greenbelt for the following reasons:\nWe need spots for new Canadians and immigrants.\nThe lands are adjacent to existing settlement areas;\nThe lands are adjacent to the edge of the Greenbelt area boundary;\nThe lands have the potential to be serviced in the near-term with local infrastructure upgrades to be entirely funded by proponents; and\nThe lands proposed for the removal have the characteristics that would enable housing to be built in the near term;\nThe subject lands were inappropriately and precipitously added to the Greenbelt in 2016 without proper consultation with residents and businesses in the area;\nThe inclusion of the subject lands in the Greenbelt in 2016 was contrary to the City of Hamilton\u2019s staff position and that of their consultants engaged in the Greenbelt review process;\nThere is no planning or scientific justification to support the inclusion of the lands in the Greenbelt.  The inclusion appeared totally arbitrary;\nI understand that the City of Hamilton requires these lands to meet housing needs to address affordability and supply issues.  This is an area that affords excellent accessibility to major highways and community services in the abutting urban area of Hamilton and the Ancaster community.  I strongly support the Provincial initiatives to increase the supply of housing in the community.\n"
    },
    "79601": {
        "url": "/comment/79601",
        "comment": "Greenbelt where it makes sense. We need housing in Hamilton for the young!!\nERO FILE NUMBER 019-6216\nProposed Amendments to the Greenbelt Plan\nLands Located in the City of Hamilton\nSouth of Garner Road West, West of Fiddlers Green Road, East of Shaver Road, in the Vicinity of Book Road West \u2013 Map 9 to ER0 FILE 019-6216\nI strongly support the removal of these lands from the Greenbelt for the following reasons:\nThe lands are adjacent to existing settlement areas;\nThe lands are adjacent to the edge of the Greenbelt area boundary;\nThe lands have the potential to be serviced in the near-term with local infrastructure upgrades to be entirely funded by proponents; and\nThe lands proposed for the removal have the characteristics that would enable housing to be built in the near term;\nThe subject lands were inappropriately and precipitously added to the Greenbelt in 2016 without proper consultation with residents and businesses in the area;\nThe inclusion of the subject lands in the Greenbelt in 2016 was contrary to the City of Hamilton\u2019s staff position and that of their consultants engaged in the Greenbelt review process;\nThere is no planning or scientific justification to support the inclusion of the lands in the Greenbelt.  The inclusion appeared totally arbitrary;\nI understand that the City of Hamilton requires these lands to meet housing needs to address affordability and supply issues.  This is an area that affords excellent accessibility to major highways and community services in the abutting urban area of Hamilton and the Ancaster community.  I strongly support the Provincial initiatives to increase the supply of housing in the community.\n"
    },
    "79603": {
        "url": "/comment/79603",
        "comment": "I am against proposed changes to the Greenbelt Plan that would remove or redesignate 15 areas of land and add lands in the Paris Galt Moraine area. This would be a detrimental loss to our food supply, Ontario's native plants and animals including endangered species, and it would do very little to solve Ontario's affordable housing crisis.\n53% of all fruit and 11% of all vegetables in Ontario are grown in the Greenbelt. Removing or redesigning this land will drive up already expensive food prices if this prime agricultural land is paved over for luxury single family homes and plazas filled with big box stores only accessible by cars.\nI am extremely concerned that this will remove protections from woodlands, wetlands and wildlife habitat. The Ontario greenbelt is currently home to 78 of over 200 provincially listed species at risk in the province, like the bobolink, redside dace and Jefferson salamander. Since being established in 2005, the greenbelt has been a safeguard against the conversion of natural and agricultural lands into sprawling residential development.\nBuilding on environmentally sensitive lands is dangerous. Floodplains and filled in wetlands do not make for sensible building locations. Land is already available, both inside the existing built-up areas and on undeveloped land outside greenbelts.\nAvailable land has never been the issue; neither have municipal approvals, development fees, or zoning regulations. Yes, each could be altered to help smooth the process, but the real problem is money, specifically, the lack of public money to build enough affordable housing to make a difference.\nAffordable housing needs to be built in already existing cities that have access to the infrastructure (roads, hospitals, schools and public transit) needed to support residents.\nGoing through with the proposed changes to the Greenbelt Plan will exacerbate global warming and the climate crisis facing Ontario. It would worsen Ontario's air and water pollution levels.\nI attended my first ever protest on Saturday December 3, 2022 in downtown Toronto to voice my opposition to the proposed changes to Ontario's Greenbelt. I love Ontario and believe these undoable changes will permanently and negatively change the province for ever. Please cancel proposed changes to the Greenbelt Plan that would remove or redesignate 15 areas of land and add lands in the Paris Galt Moraine area! Thank you.\n"
    }
}