{
    "77604": {
        "url": "/comment/77604",
        "comment": "What disturbs me most about the passing of this bill is its shortsightedness and lack of proper planning. Municipalities, environmental groups, housing experts and citizens alike oppose Bill 23 because simply put- it will not fix the housing crisis. The most disappointing part of this is that it seems like the Conservative government simply does not care. It has set out on its own uneducated agenda and chooses to bulldoze through meaningful conversations on how to properly address the housing crisis.\nI live in the Golden Horseshoe area and this affects me directly. My property taxes are already higher than other municipalities in Ontario. My family cannot afford to pay any more, especially for something that is forced upon municipalities with little to no say.\nWhat saddens and angers me most is that this will not properly address the housing crisis. The only people that will benefit from Bill 23 are wealthy developers. Municipalities and taxpayers will pay for this for years to come. The Greenbelt and all it has to offer will suffer.\nThere are better ways to build 1.5 million homes, just ask the housing experts that you choose to ignore.\n"
    },
    "77607": {
        "url": "/comment/77607",
        "comment": "Hello,\nIt makes no sense to pave over farmland in the green belt. Your government promised not to touch this. Once it\u2019s gone it\u2019s gone. In an age where we face ever growing food insecurity it is so short sighted to do this. It is a betrayal of the public trust and of future generations.\nI do not wish for this to go ahead. Doing so will cause undo harm to our future.\nWhy don\u2019t you put in some rent controls and focus on urban infill first.\n"
    },
    "77609": {
        "url": "/comment/77609",
        "comment": "I'm a lifelong citizen, resident, and business owner in Ontario. I feel a strong need to express my disapproval of the proposed changes to the greenbelt. These changes are dangerous to Ontario, its people, and its economy.\nThe proposed changes to the greenbelt will have massive long-term effects, economically, ecologically, and socially. Removing any of the protected greenbelts crosses a well-established line that should be considered sacred.\nThe stated goal of the government to 'fix the critical housing shortage' will not be fixed by developing this section of land. That is simply false, and the style of housing that will be developed will damage the quality of life and economic prosperity of people in the region and along the proposed 413 corridor. The government has suggested a remedy that is entirely detached from the actual issues with Ontario housing. This is either the result of extreme incompetence, or a government serving campaign backers instead of its population. Any action taken regarding the greenbelt on the justification of 'economic improvement' or 'increasing housing supply is unjustified and must be prevented.\nThe immediate damage to irreplaceable and essential ecosystems and wildlife is unacceptable when taken on its own. When considered in combination with the recent wind storms, wildfires, and extinction events in Ontario, Canada and North America removing any land protection amounts to social murder. The obvious result is that animals will die today, but it is also evident that people currently alive and the next generation will die in mass due to these actions. Removing greenbelt protection poisons all residents of Ontario.\nOn the attached map \"Greenbelt Plan, Oak Ridges Moraine Conservation Plan, Addition, Re-designation, Removal Overview Map\", most of the proposed removal sites, with property recently purchased by developers, are clearly shown to be in the region of headwaters that lead to the lake Ontario. Not only are these protections necessary for local ecology, but the location in the watershed means any impact could be massively increased to affect people and animals across most of Ontario. These protections must remain in place for the health and safety of every citizen.\nThe social impact of opening remote areas for potential development (if we are being realistic, development is effectively guaranteed) will not help our housing issues. Continuing our current model of development has been shown to hurt the Canadian way of life. These developments will most likely be single-family residential with massive webs of dept producing infrastructure or clusters of low-income high rises which will decrease the health of anyone involved in day-to-day living. Both options create more commuters which increases traffic, noise, pollution, debt, and international reliance on the auto industry. There is no outcome from dropping this greenbelt protection that improves the quality of life or social situation for any residents of Ontario.\nOverall these changes are brutally short-sighted, counteracting the stated goals in every possible facet. If the government claims it wants to solve housing and empower municipalities, then don't do this.\n"
    },
    "77612": {
        "url": "/comment/77612",
        "comment": "It would be a crime to destroy the habitat of our already disappearing wildlife and greenery. What does it teach our children if we choose to eradicate what little beauty there is left on this earth, for a temporary luxury that benefits only a few. If we want our children, if you want your children, to be proud of the decisions we make, then we will not damage our land. It is not worth the pain. The future inhabitants of the world deserve so, so much more. We\u2019ve already taken more than we have merited, now it\u2019s time to give back.\n"
    },
    "77617": {
        "url": "/comment/77617",
        "comment": "I don\u2019t think it\u2019s appropriate to develop the green belt for construction. With ongoing climate change, it is important to preserve greenbelts to help against pollution and loss of habitat for wild life. More and more encroachment is resulting in wild animals losing their habitats.\n"
    },
    "77624": {
        "url": "/comment/77624",
        "comment": "Bill 23 is completely wrong. Do not do this.  It will not solve the housing problem.  The green belt must be protected. Our provincial conservation authorities must not be gutted. They perform vital functions. Municipalities will face massive financial burdens which will ultimately be borne by property tax payers. This bill is a horrible piece of legislation that no one (except developers) wants\n"
    },
    "77627": {
        "url": "/comment/77627",
        "comment": "As a resident of King Township I strongly disagree with removing greenbelt Lands. The amount of flora and fauna within the protected zones, and the watershed that' accompanies the areas is protected for very good reason we are not a community of high density urban housing and the proposed land won't be built as such contributing nothing to help the housing crisis\n There will be no low income, public transit, or density, the area has no infrastructure to support it.\nWe all understand politics, and we all know who owns the lands. Don't do this to our environment,  the ramifications will be felt for decades and centuries to come, just to make a few families richer\n"
    }
}