{
    "65405": {
        "url": "/comment/65405",
        "comment": "If anyone has watched Still Standing... There are lots of little towns that could use a population boost.  When Immigrants come from other countries please send them to the places that need people.   Do not make developments where there is already a steady and healthy population.  Leave the green belt be.  And manage the population in a more even fashion.  We are a geographicly huge province.  Let's use the space.    Planning for the future is good and required.   But think of long term.  Really long term.\n"
    },
    "65410": {
        "url": "/comment/65410",
        "comment": "Hi,\nThe green belt is intergal to Ontario in providing natural resources for all living species. It is selfish to demolish protected lands to building more housing. Certainly, there can be other solutions without destruction of critical land. Who is to build on these lands? More developers? Who sets to benefit from this? Certainly not those who cannot afford homes. There will be push back! We will protest!\n"
    },
    "65412": {
        "url": "/comment/65412",
        "comment": "You want to know what I think of your proposal ?  I think you people are crazy, immoral and greedy!    Are you somehow tied to the profits of developers ?  You are doing exactly the opposite of what is good for the environment and what is required to reduce climate change.\nI oppose removing any lands from the Greenbelt Area \u2013 it says right in the document \u201cThe Greenbelt Area includes lands covered by the policies of the Greenbelt Plan, as well as the Oak Ridges Moraine Conservation Plan and the Niagara Escarpment Plan. Collectively, these plans identify where major urbanization should not occur. The plans provide permanent protection to the agricultural land base and the ecological and hydrological features, areas and functions within the Greater Golden Horseshoe and beyond.\u201d\nListen to the environmental experts ! Proposing to add land in other places and decimate currently protected lands does not make sense - saying it will \u201cnot reduce the total land area covered by the Greenbelt Plan\u201d does not make up for the damage it will do.   Just because we are expecting population growth, doesn\u2019t mean those people have to expand into protected lands \u2013 find rural lands up north or somewhere else in the Regions/Province that won\u2019t be as bad for the environment.   And if the Paris Galt Moraine should be protected, just add it to the greenbelt plan.\nDo you not recognize there is a global climate emergency going on ?   Do you not recognize the risk of flooding ?  What would the UN climate leaders say about your plan ?   What are the environmental experts, the local and the Canadian federal leaders saying about your plan ?\nThis is pathetic \u2013 the Ford government is proposing to override common sense for their own gain.  This type of behaviour makes me so disappointed in all who support this proposal, and in those who do nothing to stop it !  No wonder the public is losing faith in our governments.\nIn case you weren\u2019t listening\u2026\u2026 my input is - DON\u2019T REMOVE ANY LANDS CURRENTLY IN THE GREENBELT AREA !\nDo your job, listen to the experts, think again and come up with a different solution that doesn\u2019t contribute so much to climate change.\n"
    },
    "65416": {
        "url": "/comment/65416",
        "comment": "I am horrified and disgusted.\nThis province belongs to the people not Doug Ford. It should be illegal for him to sell off our greenbelt so he and his rich friends can get richer.\nIt\u2019s bad enough to sit here with my hands tied watching him dismantle healthcare and education but now I\u2019m expected to also watch while he physically destroys my beautiful province?\nFord isn\u2019t qualified to be making such permanent and drastic decisions, he isn\u2019t even qualified to to be premier.\nThe housing he plans to develop in Hamilton won\u2019t even benefit the community, it will be sold off to rich slumlords to rent out for inhumane prices while regular people continue to struggle and the homeless numbers rise.\nIf you want to fix the housing crisis you need to make it illegal for anyone to own more than two private homes and ban anyone who doesn\u2019t live in this country from buying property at all.\nDoug Ford doesn\u2019t give a damn about people or the environment, he only cares about money. Don\u2019t let him do this.\n-signed a born and raised Hamiltonian who is exhausted by lies and corruption\n"
    },
    "65417": {
        "url": "/comment/65417",
        "comment": "Nobody wants this except fat cat investors and people using real estate for capital gains.\nOr what? Are you going to make urbanest, dense, walking and cycling friendly suburbs that are connected to Toronto via good quality rail all the way out here?\nNo, you're not. You're going to make more car-centric suburbs. They aren't financially solvent, they aren't taxed enough for the resources they draw, the housing options there aren't what people who need houses can afford or use, and you're going to do it anyway.\nAren't you supposed to be the economically practical party? Do the math. Read a book. Urbanize the car-based suburbs you have. Then you'll get the tax income you need to pay for the province. And you'll actually create some mid-level housing for the middle class at the same time! It's almost like it's the right thing for a leader to do. Who knew your job would be so easy.\n"
    },
    "65424": {
        "url": "/comment/65424",
        "comment": "Doug Ford lied to the public when running for re-election regarding his administration's plan for the Greenbelt. He is now proposing to destroy vital environmental areas core to Ontario's biodiversity. He is doing this through land and real estate development companies who have donated large sums of money to his campaign, who also stand to benefit the most from the development of the Greenbelt.\nIf we continue to allow this administration to develop on important green and natural spaces, we risk losing these finite resources that Ontarians have openly declared as vital to the province.\n"
    },
    "65425": {
        "url": "/comment/65425",
        "comment": "To Whom it May Concern,\nTo further the sprawl of large single family homes while chewing through farmland is not a real solution. As the dynamics and relationships around the world change Ontario should strive to be increasingly independent and have MORE agriculture NOT less.  Everyone is aware that Housing is of serious concern. Density is the answer. Further expanded development into the Greenbelt areas makes me question as to who is benefitting? The developers? The developers that are friends with the policy makers? I am increasingly suspicious of this government's ability to make choices that in the best interst of everyone.\nBest,\n"
    },
    "65432": {
        "url": "/comment/65432",
        "comment": "Ontario\u2019s Greenbelt protects farmland, communities, forests, wetlands and watersheds. It also preserves cultural heritage and supports recreation and tourism in Ontario\u2019s Greater Golden Horseshoe.\nOne of the most biologically rich areas in all of Canada, the Greenbelt includes the Niagara Escarpment and Oak Ridges Moraine \u2014 which filter and replenish groundwater, and feed into the many river systems that flow through Canada\u2019s most developed region.\nThe Greenbelt safeguards the vital resources that clean our air and water, reduces our flood risks, provides a home for wildlife, and ensures our communities have greenspace to explore.\nThe health of the Greenbelt affects the quality of drinking water for more than seven million Canadians.\nWith all of the above in consideration, I strongly urge those of you who have the power in this decision to *absolutely oppose* all proposals to allow further degradation of our protected lands in the Greenbelt for the sake of development and further urban sprawl.\n"
    },
    "65435": {
        "url": "/comment/65435",
        "comment": "Hello thank you for asking for feedback.  I am 100% opposed to entrenching on protected green space and wetlands for new home builds.  I am certain there are other options to provide Canadians with more affordable housing.  This in my opinion is a poorly thought out plan lacking in critical thinking and creativity.  Please don\u2019t let this happen, for the people, the planet and wildlife/environment.  Thank you!\n"
    },
    "65436": {
        "url": "/comment/65436",
        "comment": "It may be prudent to look elsewhere for the devastating effect of climate change due to the ignorance of disregarding the protection laws already in place.  The Moraine needs to continue to be protected  allowing the land and it's vegetation to absorb carbon dioxide from the atmosphere reducing greenhouse gas emissions, not to mention it is vital to sustaining our watersheds.  What is the point in setting up laws to protect these areas if the laws are only to be overturned.  So frustrating.\n"
    },
    "65440": {
        "url": "/comment/65440",
        "comment": "Absolutely not. This is a terrible idea that can and will impact the future generations that live here. We need to protect and conserve as much greenspace and farmland as possible- we can never get it back once it\u2019s taken away.\nWe should look towards densifying existing areas and building out where it makes sense.\nI own 19 acres in Waterdown in an area that will one day be on track for development. I stand to make a great deal of money if I ever sell. I will not. Im a small farmer that is proud to make great efforts to conserve the Beverly Swamp wetlands on which we are located, while giving back to the soil as it so greatly blesses us with food.  If this ever gets taken away that\u2019s it. It is gone. You cannot relocate or replicate ecosystems. Stop being so short sighted!!!! Stop putting human lives, wildlife, nature and our planet behind profits. This is insanity!\n"
    },
    "65441": {
        "url": "/comment/65441",
        "comment": "Hello, it is nice to see that you are taking efforts to resolve the housing issue through development. However, the greenbelt should not be the space for development. We need our greenbelt to keep the environment thriving. If you could consider investing in and developing smaller cities, perhaps they will become more enticing spaces to settle in.\nThank you for hearing me out.\n"
    },
    "65445": {
        "url": "/comment/65445",
        "comment": "I am firmly against the expansion of Hamilton\u2019s urban boundary \u2014 and even more firmly against the suburbanization of Ontario\u2019s Greenbelt. As a resident of downtown Hamilton, I walk past many empty parking lots,  boarded-up buildings, and other abandoned infrastructures that could easily be converted into sustainable and profitable housing. It frustrates me that we would sooner look to pave the Greenbelt than invest in our urban areas. Please \u2014 as a Millenial with a long future ahead of him in downtown Hamilton \u2014 do not strip our city of its surrounding natural beauty, but rather invest in the urban space that is ready to accommodate people with all sorts of housing needs and expectations.\n"
    },
    "65446": {
        "url": "/comment/65446",
        "comment": "Ford promised not to touch the greenbelt, nobody asked for this in fact most people asked for the exact opposite. The fact is that there is plenty of land set aside in ontarios development strategy that is available for housing to be developed it just hasn't been used. We don't need to open up more land from areas we have deemed as important to maintain for agriculture, Green space, and to limit urban sprawl. The only thing this will do is the exact opposite of those things and line the pockets of developers that purchased greenbelt land for cheap in the hopes that this exact proposal would be passed.\n"
    },
    "65455": {
        "url": "/comment/65455",
        "comment": "Please do not build on our green belt. There is plenty of room beyond the belt for development. Do not destroy this province for our children !\n"
    }
}