{
    "76481": {
        "url": "/comment/76481",
        "comment": "Your Toronto Zoo is dedicated to the recovery of Species at Risk in Ontario (SARO) including at-risk reptiles, amphibians, bats, fishes and molluscs. For over 25 years we have worked closely with multiple partners such as, academic, NGO, and government agencies, including the provincial government, to develop strategies and implement actions that support SARO, including multiple efforts funded by the Species at Risk Stewardship Program.\nWe fulfil your Zoo\u2019s mission to connect people, animals, and conservation science to fight extinction through boots-on-the-ground conservation efforts in Ontario, including biological data collection and analysis, habitat rehabilitation, community science, and outreach. The biological data collected is shared and used to support science-based decision-making by policy makers to maximize conservation impact.\nWe work extensively in the region impacted by the Amendments to the Greenbelt Act, specifically the area bordered by Scarborough-Pickering Townline to the east, Duffin\u2019s Creek to the west and Finch Avenue to the south. Based on our monitoring activities in this area since 2008, we know that there were SARO-listed turtles historically, and they can be found here again thanks to our long-term species recovery efforts. These areas are also home to two provincially endangered bat species in the region who make use of this habitat. The proposed amendments to the Greenbelt Act will negatively impact several of Ontario\u2019s Species at Risk we have collaborated with the Province and other partners to restore.\nBased on our collective expertise and experience, we strongly encourage the Province to reconsider the Proposed Amendments to the Greenbelt Act in light of the associated environmental consequences that will affect species at risk and their habitats. We also urge the Province to work collaboratively with experts in the field to implement science-based mitigation strategies, and to continue to meaningfully support SARO conservation long-term. Collaboration is essential to achieving positive impacts in conservation and sustainable development of municipalities - we are prepared to continue to work with the Province and other stakeholders to achieve positive goals in both areas.\n"
    },
    "76482": {
        "url": "/comment/76482",
        "comment": "I am not in support of the On government's proposed changes to The Greenbelt.\nThe Greenbelt and its' biodiversity, water and farming needs to be protected and not developed or altered.\nThe Conservation Authority needs to be listened to and alternative housing options need to be considered for high density city use.\nHands off The Greenbelt.\n"
    },
    "76484": {
        "url": "/comment/76484",
        "comment": "I strongly oppose the rezoning of the 15 areas of land which have previously been designated as part of the Greenbelt, for use in housing development. The Greenbelt was established to protect farmland and ecologically sensitive areas (e.g. Oak Ridges Moraine). Although there is a need for new housing, there still needs to be a balance between protecting farmland and development of housing.\nMuch of the best farmland is in southern Ontario. Currently Ontario is losing 319 acres of farmland a day. With food prices soaring, we need local food production so that we are less dependent on other jurisdictions for this essential commodity. The agricultural industry contributes $47 billion to the provincial economy and needs to be maintained and improved.\nThe government should focus on options for housing development which include increasing the housing density within current city limits. It should also be noted that city residents need green spaces for health and wellbeing and these need to be protected. Other jurisdictions, such as Scotland, are restoring nature and investing in ecotourism. Ontario should consider doing the same.\n"
    },
    "76486": {
        "url": "/comment/76486",
        "comment": "I am writing to express my deep concern about the  \u201cMore Home Built Faster\u201d  proposal which will have a dramatic and unnecessary impact on Ontario\u2019s Greenbelt.\nThe plan calls for the removal or redesignation of 15 areas in the Greenbelt totalling 7,400 acres, much of it vital farmland and sensitive wetlands.\nThis action will do little to add to Ontario\u2019s housing stock (and certainly not its affordable housing stock) but will punch holes in the vital Greenbelt in such a way as to weaken it as an essential bulwark against climate change and flooding.\nAnd, while the plan calls for the land to be clawed back should developers not make use of it by 2025, only the most naive would believe anything but that the land once removed, is removed forever. And although the plan calls for land swaps, the loss of the Greenbelt\u2019s integrity defeats its very purpose, which is to protect farmland and curb urban sprawl. The substitute acreage won\u2019t achieve these goals \u2014 it is not a like-for-like swap.\nI live in Hamilton, and the parcels proposed for removal in this area contain prime farmland and natural features that must be protected to ensure food security, climate    resilience, protection of biodiversity, wetlands & waterways. Once gone, they are gone forever.\nEven more outrageous is the reality that the expansion into the Greenbelt is completely unnecessary and will incur huge costs to taxpayers. These areas are unserviced and will increase infrastructure costs for decades to come.\nFurthermore, there are no requirements to build affordable housing.\nThe City has already developed a viable plan to accommodate urban growth to 2051 within the existing urban area on brownfields, already approved developments and through the encouragement of creative \u201cmissing middle\u201d growth within City limits. City planners have made it clear they oppose this plan. If the proposal goes ahead, the high tax base in downtown areas of the city will have to subsidize the sprawl at the edges.\nAs well, the financial burdens of such ineffective and inefficient sprawl will be borne, not by the developers who profit from the sprawl, but by Hamilton and Hamiltonians.\nI have been reading and listening to reaction to this plan since it was first put forward. I am not aware of anyone, aside from those who would profit from it, who is in favour of this plan. Neither farmers, municipal politicians, urban geographers, labour unionists, city planners, nor ordinary citizens \u2014 let alone environmentalists. And, as a recent Globe and Mail editorial pointed out, the fact that developers seemed to be prescient about what Greenbelt lands they should buy just prior to this plan being made public means the whole thing has the strong whiff of corruption on it.\nI urge the Ontario Government to reject this proposal and, instead, listen to the municipalities and people of Ontario and come up with a more rational plan to deal with our housing needs.\n"
    },
    "76487": {
        "url": "/comment/76487",
        "comment": "Lies!  That is what the Ontario Government is trying to pass on to it's citizens.  The Land Preserve was in Perpeturity and now it's being stollen away.   Dont tell us it is mostly flood plains.\nWhy would homes be built on flood plains anyway.\nWe were on announcemnet of the preserve the envey of all other countries.  Now they too see the lie.\nYou will not be a force for the future with this action .\n"
    },
    "76488": {
        "url": "/comment/76488",
        "comment": "The Greenbelt should be protected land, promised to be left untouched and now that is changing. This proposal does not in any way indicate how homes will be actually made built fast, better or AFFORDABLY. It just takes away protected land that Ontario should be proud of. Land that also has questionable purchase history recently by people who will financially benefit from the land being opened for development completely unethically. There is no need to develop on this land - find other places to build!\n"
    },
    "76489": {
        "url": "/comment/76489",
        "comment": "I believe that development on these lands is environmentally irresponsible and that there are better solutions in existing developed lands that would not require construction on environmentally important lands like wetlands, which serve important ecosystem functions and roles like creating oxygen and removing carbon from the atmosphere.\n"
    },
    "76490": {
        "url": "/comment/76490",
        "comment": "Hands off the GreenBelt.\nBuilding more highways and houses in this area won\u2019t help Ontarians. Listen to what the community has to stay and stop pushing this agenda. This is about profits for Doug & his \u201cfriends\u201d. You are ruining this province for future generations to come. I hope the overcoming amount of complaints will make Doug rethink the options. We need better transit and more multi occupancy living.\n"
    },
    "76491": {
        "url": "/comment/76491",
        "comment": "I am writing to express my concerns over the proposed sale of lands currently under the protection of the Greenbelt. I am saddened and frustrated by this decision. The people of Ontario have spoken loudly and repeatedly about their desire to keep the Greenbelt lands protected, yet here we are having to find ways to resist this latest move. It is small wonder that so many are seemingly disillusioned with politics and therefore disengaged. What are we to do when at every turn this government appears to be attempting to line the pockets of its donors to the detriment of everyone else? The stated reasons for the proposed land sale are spurious. The Ford Government's own task force has declared that a shortage of land is not the cause of the housing shortage. So, why the sudden need for land? I support an investigation by Ontario's integrity commissioner to determine what role those developers who hold Greenbelt lands played in bringing about this decision. Ecologically speaking, this proposal makes no sense. Protected lands need to have connectivity in order to fulfill their stated purposes. And, the lands potentially being added, are already protected by existing mechanisms. I do not want to see the current proposal move forward. I am firmly against this proposal.\n"
    },
    "76493": {
        "url": "/comment/76493",
        "comment": "I am completely against reducing the Greenbelt to build houses. Building houses on the Greenbelt is absolutely wrong as it takes away significant and precious ecological and agricultural resources that can never ever be recovered again. To build on the Greenbelt would be a quick and irresponsible fix that will not make housing more affordable. It will benefit developers financially and negatively impact the province, its people, and the environment for generations to come. I recall the government committing to protecting the Greenbelt, not paving over it. I would ask that the government honour its commitment and continue to protect the Greenbelt. Thank you for your time.\n"
    },
    "76495": {
        "url": "/comment/76495",
        "comment": "Dear Minister,\nThe Ontario Association of Landscape Architects (OALA) is joining the growing number of professional organizations and other groups concerned about changes to the Greenbelt Plan.\nThe OALA is the regulatory body whose mission is to promote, improve and advance the profession of landscape architecture and maintain standards of professional practice that serve and protect the public interest. The OALA represents 2,000 professional landscape architects practicing in both public and private sectors across Ontario. We plan and design the public and private realm, including parks, streetscapes, green infrastructure, recreational amenities and manage natural landscapes that support our growing communities.\nThis letter outlines the following areas of concern for the current proposal to remove protected lands from the Greenbelt Plan:\n\u2022\tscientific criteria & rationale for the land removal identified\n\u2022\timpacts on natural functions and sustainability\n\u2022\timpacts on finite land resources & sprawl\nThe OALA appreciates and supports advancing legislation and programs that address the current housing crisis in Ontario. However, the Association believes, in the absence of knowing the science behind the Province's proposed changes to the Greenbelt Plan, that removal of areas from the policy area could have significant long term environmental consequences. Without this information and while other housing and development options exist, including urban infill options, we cannot support the proposed changes and loss of land in the protected Greenbelt area.\nWith the Province\u2019s announcement to selectively remove 15 discrete tracts of land from the Greenbelt Plan is of concern to the OALA. Our organization is voicing its objection to removal of these lands from the Greenbelt Plan in view of the larger public interest and with particular regard for the potential impacts this proposal would have on Ontario\u2019s natural landscapes, systems, and environment, in the absence of a scientific rationale for this initiative.\nCONCERN ABOUT SCIENTIFIC CRITERIA & RATIONALE FOR LAND REMOVAL\nThe Greenbelt Plan has been developed over half a century through a science evidence based consultative process, with the purpose of supporting sustainable development and providing environmental protection to Ontario. We believe the proposed removal of lands from the policy area by the Province should prior to any decision of removal of tracts follow the same science-based consultative and evidence based process.\nRecently, the Province has put forward a suite of amendments to legislation that are considered risks to the Greenbelt lands.  The cumulative effects of the proposed changes to associated legislation as outlined in Attachment No. 1 to this letter, have the very real potential to reduce the ability of the Greenbelt lands and its systems to perform their intended functions. To our knowledge, this has been done without undertaking the same science evidence-based consultative process.\nCONCERN FOR IMPACTS ON NATURAL FUNCTIONS AND SUSTAINABILITY\nOntario\u2019s Natural Heritage is composed of wetlands, forests, valleys, rivers, lakes and farmlands. Its health is reflected in the native biodiversity, features and inter-connected systems that have survived from precolonial eras. History unique to the Ontario landscape including our geologic, cultural and biologic record have created environments found nowhere else in the world. These critical natural systems protect our water systems for the larger Greater Toronto Area (GTA) and Ontario long into the future. The Province has shown its leadership in protecting these valuable natural heritage and water resource assets by instituting the Greenbelt and in establishing regulatory authorities that can act at regional and watershed scales.\nToday, Ontarians are confronted with the impacts of climate change and biodiversity loss. It is well known that our natural heritage systems play a key role in nature-based solutions providing benefits such as mitigating and attenuating flood risks by infiltrating and slowing the runoff from more frequent and intense storms. Natural areas improve our mental and physical health. They provide food security by providing habitat for pollinators. Natural areas are filters contributing to our air and water quality. They provide habitat, recreation for people and simple amenities.\nThe Greenbelt Plan protects land to maintain vital environmental and ecological functions essential to the overall well-being of the Greater Toronto Area (GTA) and southern Ontario. The proposed amendment\u2019s implementation will have long term impacts, consuming agricultural lands, and significant ecological and groundwater resources that cannot be replaced.\nThe OALA strongly recommends the Province reconsider its current proposal to take land from the established Greenbelt Plan to accommodate greenfield residential development.\nCONCERN FOR IMPACTS ON FINITE LAND RESOURCE & SPRAWL\nAccording to Ontario\u2019s Housing Affordability Task Force, \u201ca shortage of land isn\u2019t the cause of the problem \u2026 land is available.\u201d The Task Force further advised that \u201cGreenbelts and other environmentally sensitive areas must be protected, and farms provide food and food security. Relying too heavily on undeveloped land would whittle away too much of the already small share of land devoted to agriculture.\u201d Residential development within outlying rural areas exacerbates urban sprawl, with more roads and other necessary infrastructure and facilities.\nThe Greenbelt Plan's formulation over the last few decades has been based on scientific strategies and criteria for environmental benefits and protection. The integration of the natural environment in our urban areas has been a quintessential cornerstone to good development practices in Ontario. Our growing and redeveloping communities need substantial natural systems to remain healthy and resilient as the frequency and intensity of flood, heat and other extreme weather events increase.\nThe OALA is concerned about how current policy and planning decisions influence the permanent disposition of our finite land resources. We anticipate that eliminating lands from the Greenbelt Plan will impact the integrity of the essential natural systems that it was planned to protect. It will also reduce the already limited agricultural lands available in closest proximity to Ontario and Canada\u2019s most densely populated areas. Solving the current housing crisis should not be done at the expense of the food security and environmental sustainability of future generations.\nInstead, we encourage the government to work with municipalities to develop strategies and strengthen planning frameworks emphasizing creative redevelopment within existing built-up areas. With policies and initiatives leveraging infill development opportunities wherever possible, housing can effectively, quickly and efficiently be provided within communities rather than encouraging development that contributes to types of sprawling development with its associated economic, social, and environmental challenges and costs.\nTHE PUBLIC INTEREST\nAs city-builders, we as landscape architects appreciate the importance of managing growth and development. As stewards of the natural environment and our cultural landscapes, we also appreciate the importance of protecting the land, resources, community, and its diverse peoples. It is our hope that amendments to the legislative framework meant to bolster our housing needs will be balanced with the fulsome regard for all the needs of our complex society. While we agree that there is a need for more housing in Ontario, without a science-based justification for removal of lands from the Greenbelt Plan area, we hold the view that the current proposal to remove lands from the Greenbelt Plan is not necessary to address the current housing crisis as other options, potentially less harmful to the land and environment, exist.\nWe look forward to receiving information from the Province outlining the scientific basis for selecting sites for removal from the Greenbelt Plan. We are proposing to participate in a healthy productive dialogue with your government about how the OALA can assist in moving forward a long-term strategy and agenda for the Greenbelt Plan that maintains and enhances the essential services it provides to the Province.\nWe look forward to continuing to work with your government and the citizens of Ontario.\nYours truly,\nONTARIO ASSOCIATION OF LANDSCAPE ARCHITECTS\nSteve Barnhart OALA, CSLA\nOALA President\n"
    },
    "76497": {
        "url": "/fr/comment/76497",
        "comment": "Je suis contre tout retrait ou red\u00e9signation de terrains faisant partie de la ceinture de verdure de Toronto en vue de la construction de nouveaux logements. La pr\u00e9servation des zones naturelles \u00e9tablies doit rester prioritaire, particuli\u00e8rement dans le contexte du d\u00e9r\u00e8glement climatique et de la perte de diversit\u00e9.\nMerci.\n"
    },
    "76499": {
        "url": "/comment/76499",
        "comment": "I find it very troubling that the Ford government is taking vast swaths of our Greenbelt to build new homes most of which will be unaffordable for the very people most in need of them. Moreover, there are lots of lands outside of the Greenbelt that could be used instead. In addition, since most immigrants and newcomers to Ontario as well as Ontarians in need of housing choose to live in developed urban areas, it would make far more sense to increase the density of these urban areas by changing exclusionary zoning laws to allow for more duplexes, triplexes and low rise dwellings and use vacant urban lands on which to build new homes. I lived in the UK as well as France for awhile. In Europe generally most residents are renters, not owners. Land is at such a premium in Europe that only the very rich can afford to own. Therefore, I would humbly submit that our society in Ontario needs a radical shift in our thinking concerning ownership, especially in urban areas. We need more rent controls to keep rents affordable. At the very least, we need more rental properties at affordable prices with incentives for landlords to increase construction of new rentals, renovations of existing properties to be used as rentals and more oversight of rental properties to ensure they are truly livable and affordable. Rentals are also important for residents while they save to put down payments on homes they might eventually wish to own. Finally, we must not be building on the Greenbelt for ecological reasons. The Greenbelt contains wetlands that keep downstream areas from flooding as well as providing habitat for many endangered species. We must not also be sacrificing valuable farmlands that we need and will need to feed ourselves.\n"
    },
    "76500": {
        "url": "/comment/76500",
        "comment": "I am deeply concerned at your plan to pave over the green belt.  This swath of land provides 53 per cent of Ontario\u2019s fruit and 11 per cent of Ontario\u2019s vegetables; it also consists of Class 1 agricultural lands. We need to be able to feed ourselves and this destruction of such prime farm land permanently destroys these resources. The effects of climate change ( like increased flooding, drought and wildfires) are being felt around the world and are affecting the ability of Ontarians to import food.  The focus should be on ensuring Ontario has the ability to be food secure. Additionally, the wetlands and Greenbelt and forests act to clean out our air and water and reduce flood risk.\n"
    },
    "76501": {
        "url": "/comment/76501",
        "comment": "I would like to register my very strong opposition to the Ontario government\u2019s plan to remove lands from the Greenbelt.\nI live in Hamilton, so my comments pertain specifically to the lands marked for development in Maps 9, 10, and 11, although the same principles apply throughout.\nFirst of all, the ostensible reason to remove lands from the Greenbelt is to provide space for needed housing. This approach is wrong on many counts. It has been clearly shown that Hamilton\u2019s future housing needs can be met within the urban boundary, by infill, \u2018missing middle\u2019 developments, and by building on languishing brownfields. All that is needed to make this city a desirable and affordable place to live is political will, a little creativity, and adherence to good urban planning principles. Conversely, adding to urban sprawl is absolutely contrary to current thoughts on good urban design: it will only exacerbate existing problems of over-reliance on automobiles, long commutes, high infrastructure costs and environmental degradation. Furthermore, what Hamilton really needs is affordable housing, which the suburban homes built on former Greenbelt lands will clearly not be. In short, the only beneficiaries of the removal of Greenbelt lands will be the developers.\nThe lands up for removal from the Greenbelt seem to have been chosen by the \u2018Pin the Tail on the Donkey\u2019 method. They are fertile farmland, floodplains, sensitive wetlands \u2014 once lost, lost forever, despite the bone thrown that says they\u2019ll be reassigned to the Greenbelt if not developed. Forgive me if I find that one hard to swallow.\nAnd the lands are \u2018adjacent to existing settlement areas\u2019 in only a nominal way, spreading sprawl, and requiring the city to provide expensive new infrastructure. The plan says the developers will pay for this, but that too is specious: they may pay the initial cost, but the taxpayers will pay for it, for years and years to come. We are already in terrible infrastructure debt, as the condition of our roads attests. Saddling future citizens with an even greater load would be highly irresponsible.\nSimilarly, the plot of land chosen to be added to the Greenbelt in exchange for the removals may meet the requirement on paper, but it is not valuable farmland or irreplaceable wetland. It is not an equal exchange. Really, the Ford government must think we\u2019re all fools. Either that, or shockingly little consideration went into this proposal.\nFarmlands are essential for food security. Wetlands are essential to mitigate the effects of climate change and to preserve biodiversity. We need to protect the Greenbelt, maintain the urban boundary, uphold the Conservation Authorities. And just say no to developers.\nI strongly urge the Government of Ontario to listen to its constituents, and drop the plan to remove lands from the Greenbelt.\n"
    },
    "76502": {
        "url": "/comment/76502",
        "comment": "We believe the proposed changes will harm native Ontario wildlife species and their habitats and will undermine the province\u2019s commitments and accomplishments for biodiversity conservation and climate change mitigation and adaptation. We urge the Government of Ontario to provide cities, towns, and rural communities with a mix of ownership and rental housing types that meet the needs of all Ontarians without implementing the changes proposed in ERO 019-6216. We strongly oppose all of the proposed changes under ERO 019-6216.\n"
    },
    "76508": {
        "url": "/comment/76508",
        "comment": "I\u2019m writing to you today in support of the Greenbelt, Conservation Authorities and Ontario\u2019s wetlands, woodlands and other natural areas.\nFirstly, I am writing to state my opposition to the proposal to remove 7,400 acres of land from the Greenbelt, which was revealed on November 04.\nThe proposal claims that the lands removed will be \"replaced\" by adding land to the Greenbelt.  However, much of the land that will supposedly be added is already protected.  And, even if it weren\u2019t already protected, the very possibility of \"swapping out\" the plots of land targeted for development destroys the permanence and certainty required for any part of the Greenbelt to function properly.\nBy permanently setting aside land for farming and natural heritage, the Greenbelt protects land from the intense speculation and development pressure in Southern Ontario. Without this permanent protection, agricultural land would quickly become completely unaffordable to farmers. Even raising the possibility of removing any land from the Greenbelt will create a speculative rush and intense development pressure on all the lands currently within the Greenbelt.\nCurrently, there is a vast supply of unused greenfield land already open for development within existing municipal boundaries (350 square kilometers as of 2019) and the current round of Official Plans awaiting approval will add 42,000 additional hectares of non-Greenbelt land to that vast stockpile.\nGiven that we have an extreme shortage of homes in existing neighborhoods, and a long term shortage of materials, equipment and skilled labour, squandering our resources on resource -intensive Greenbelt sprawl will mean fewer homes in the places where they're desperately needed.\nNot only is this proposal bad for the health of our province and unlikely to produce any additional housing, it goes against the Premier\u2019s word and it goes against Minister Steve Clarke\u2019s assertion that \u201cwe\u2019re not going to entertain any conversations about a land swap\u201d on the Greenbelt.\nIn addition to my concerns about the Greenbelt, I am deeply concerned about many of the components of Bill 23 and its associated policy proposals.\nBill 23 prohibits Conservation Authorities from doing anything to prevent sprawl from causing flooding and erosion \u2013 or destroying ecology. It would leave vast swathes of Ontario\u2019s most important habitats largely unprotected \u2013 and put Ontarians at real risk.\nProposed policy to allow \u201cpay to slay\u201d destruction of currently protected wetlands and woodlands, and changes to the rules that are used to identify wetlands, will cause the majority of these rare and ecologically crucial areas to be opened to development.\nThis Bill\u2019s attack on regional planning is counterproductive for creating affordable homes \u2013 as well as being environmentally disastrous.  Devolving planning decisions to lower-tier municipalities would produce development that is more scattered and thus much more environmentally harmful, but also more uncoordinated and expensive.\nThe recently passed bill also attacks Green Buildings. This bill will take the authority to require green buildings from municipalities \u2013 undoing many municipal Green Building standards that have already been developed \u2013 and undermine the affordability benefits that energy-efficient, climate-resilient buildings provide to owners and tenants.\nBill 23 will further the destruction of critical natural areas in a time of climate crisis while also failing to deliver the urban transformation \u2013 or the affordable housing \u2013 that Ontario needs.\nIn conclusion, please desist from removing any lands from the Greenbelt \u2013 even if they are replaced by other lands in other areas\u2013 and repeal Bill 23.\n"
    },
    "76514": {
        "url": "/comment/76514",
        "comment": "Royal Ashburn Golf Club Submission to ERO posting 019-6216\n"
    },
    "76516": {
        "url": "/comment/76516",
        "comment": "This government's decision to amend the greenbelt is an appalling contradiction to the values of Ontario. Doug Ford is aware of this, as he reassured voters multiple times that he would not touch this land. The greenbelt is immensely important to Ontario for many reasons. It is a source of some of the best agricultural land in the world, and a large source of produce for Ontarian's. With food prices already unaffordable for many, removing this valuable land will only compound the issue further. Additionally, wherever roads are built there are large implications in terms of pollutions, one of these being road salts, which will leak into water supplies and pollute local streams and rivers. As if the proposed plan did not already endanger the habitats of many endangered species, pollution will have a further effect on wildlife and human life alike.\nThe development of this highway and bill 23 are proposed as solutions to our current housing crisis, but experts agree that this will not be a solution. There is no evidence to conclude that the homes built as the result of this development will act to solve this problem. Low-income Ontarians are those struggling most right now, and many cannot even afford monthly rent. There is no evidence that the homes built from this project will be affordable. This project will also contribute to urban sprawl, which will make it nearly impossible for anyone who cannot afford a vehicle to live within these neighbourhoods. Another problem that this highway has been proposed to solve is that of commute times \u2013 but experts also agree that the proposed route would save commuters minimal amounts of commuting times. It is also worth noting that it is well researched that building new highways only increases traffic and congestion as the result of more people moving to that area.\nThis highway will come at an immense social and environmental expense \u2013 but also is a financial expense that does not reflect the current needs of this country. As much as the Ford government would like to push this problem under the rug, our education and healthcare systems are currently in peril. Perhaps the proposed 4-billion-dollar budget allocated towards this project would be better used towards essential public services.\nTo solve the current housing crisis, it would be a better use of time and money to rent out unused office buildings in urban areas as low-income housing to combat this issue, and invest into better public transit such that less cars are on the road. The last thing the climate needs right now is more driving and more pollution.\n"
    }
}