{
    "65695": {
        "url": "/comment/65695",
        "comment": "When will we ever learn to protect our beautiful earth. On a Less emotional level how have we not learned lessons about nature: massive flooding due to erosion, loss of natural habitats, lost species, the list goes on. Doug Ford, there should be a special place for people like you who put greed, votes, Developer Pals ahead of doing what\u2019s right. I don\u2019t know if you have children or grandchildren but I\u2019m sure you have loved ones. What legacy are you leaving them? With you and power the future does not look promising. We can only pray that the next election will offer a better choice than you which intern might lead to a better and bigger voter turn out.\n"
    },
    "65696": {
        "url": "/comment/65696",
        "comment": "I, a taxpayer, want to see the province working with our partner municipalities, conservation authorities, and the development industry to support responsible development in approved urban areas within our watersheds while providing access to nature in urban areas. I DO NOT want to see the loss of the Greenbelt, loss of prime agricultural lands, loss of wetlands, and loss of important natural spaces. We all, and our environment, will pay for it in the long-term.\n"
    },
    "65698": {
        "url": "/comment/65698",
        "comment": "Why promise not to touch protected lands and then hope 4yrs later no one will remember and go back on it? This plan is absolutely devastating to our environment and the Greenbelt which is to be protected lands. This government is already doing horrendous acts against the environment in regards to development in the Bradford bypass and Highway 413, where will it stop? What's to say that more greenbelt protected land won't be taken again and again after this? What is our government trying to do to reduce costs now for those homes built. I am so deflated and lost all faith in politicians and our leaders to do anything morally or ethically right. This world will burn because of Ford, his government and the inactions of our leaders.\n"
    },
    "65700": {
        "url": "/comment/65700",
        "comment": "the corruption involved is disgusting.  The question isn't the environment vs. housing.  It should be transit + housing in the core.  This land grab and $$$$ to greedy developers changes the shape of the greenbelt to no ones gain other than corrupt land owners.  This is wrong in all ways.  As a voter I say NO NO NO NO!\n"
    },
    "65701": {
        "url": "/comment/65701",
        "comment": "When the climate crisis is at its worst now is not a time to be destroying what we do have left for the profit of a few. There is tons of housing and areas that are not currently used as they have become rundown. Maybe look into repurposing vacant lots/ rundown buildings that are not currently being used efficiently. The issue isn\u2019t the number of houses we have it\u2019s the cost of the houses that are currently available that no one can afford. Cracking down on the housing market and realtors boycotting properties and listing that have low commission rates. If you choose to go forward with this you are saying that it\u2019s okay for a children not to have a future as this planet will not survive.\n"
    },
    "65702": {
        "url": "/comment/65702",
        "comment": "I oppose the proposal for the removal of lands from the Greenbelt for development. Protected lands should remain protected to secure the integrity of the Greenbelt. In addition, the swapping of lands for development does not align with the reasoning behind the original establishment of the Greenbelt to prevent further losses of our natural environment. There is plenty of poorly developed land within our existing communities that can be utilized for the purpose of creating homes. Please think about our future.\n"
    },
    "65704": {
        "url": "/comment/65704",
        "comment": "The land that Ontario is seeking to develop provides an enormous Ecosystem Goods and Services value to Ontarians due to its proximity to dense populations. Green land that is close to human developments provides physical, chemical and biological functions that we can quantify in economic terms. If the government seeks to replace these lands with other more remote lands, we lose the function of those ecosystems as a service to our growing population. Especially given Ontario's extreme debt-to-GDP ratio, it would be prudent to first quantify the long-term monetary impact that Ontarians will experience by removing greenbelt lands. Please engage EG&S experts before moving further with this land grab.\n"
    },
    "65707": {
        "url": "/comment/65707",
        "comment": "The Greenbelt is a very important bulwark against the loss of valuable ecological features and agricultural land in Ontario. Developing the Greenbelt will surely weaken Ontario's ecological stability, and make the impacts of flooding more devastating.\nFurthermore, NOT developing the Greenbelt was a key promise that the current government made in the most recent election. This change of tack is a betrayal of trust to the people of Ontario.\nThe proposed legislation also threatens the ability of conservation authorities across Ontario to deliver on their primary function: to ensure the safety of Ontarians and mitigate/avoid devastating flooding, and protect ecological systems.\nI do not support this initiative.\n"
    },
    "65709": {
        "url": "/comment/65709",
        "comment": "I actively work in the green belt and can say the biodiversity found there is ever growing with new discoveries. Our Greenbelt is the ONLY world environmental portal Ontario has to offer. To make it make sense in other words it would be like getting ride of our Great Lakes (which we all know is going to be apart of the war for fresh water in 40+ years) .\nIt would be like cutting our own foot off during a losing battle with climate change .\nI urge our government to provide grants for further research in our green belts has they really do have unlimited and one of kind biodiversity.\nAlso not mention any demolishing of the green belt will contradict with past programs (in the high end millions) that have been put towards preserving our greenbelt.\nThat is not only waste of resources but waste of time for everyone back then and the country already think gov workers do nothing day to day so why ease the one thing they did those years\n"
    },
    "65711": {
        "url": "/comment/65711",
        "comment": "Developing the Greenbelt (a very detailed and complex system of interlocking ecological systems) in such a haphazard way is a bad idea, despite the idea of adding an extra 2000 acres to the Greenbelt elsewhere. What is especially stupid about this idea is that the proposal \"would [POTENTIALLY] result in the construction of approximately 50,000 or more new homes\", when by the government's estimate we are in dire need of an additional 1.5 million homes.\nWhy are we taking a sledgehammer to the Greenbelt and conservation authorities only to deliver on 3.3% of the required homes?\nThis legislation certainly seems to come at a very high price ecologically, and doesn't even have a significant impact on the necessary outcome.\nI don't support this proposal.\n"
    },
    "65714": {
        "url": "/comment/65714",
        "comment": "There is more than enough land allotted for housing development outside of the protected greenbelt. Lack of Land is not the issue. Fragmenting the greenbelt will have permanent damage. Effecting drinking water supply, loss of prime farmland and how does paving natural habitat and wetlands help in climate change. This is nothing more than Premier Ford's  catering to Developers whishes on lands they have acquired in the Greenbelt and Morraine. Terrible land grab in these times. NO to this proposal!\n"
    },
    "65716": {
        "url": "/comment/65716",
        "comment": "I am deeply worried about this proposal. The urban sprawl surrounding Toronto is becoming out of control. We need to be focused on building up rather than out, and preserving what little greenspace we have left before we have none at all. With a little imagination, housing issues can be addressed without encroaching onto the Greenbelt.\n"
    },
    "65720": {
        "url": "/comment/65720",
        "comment": "This would be an environmental danger to allow changes to allow development on the green belt. It is protected for a reason. By allowing one developer to build on it sets a precedent to allow another and then another. Forcing the loss of the green belt.\nGovernment needs to look into issues with unoccupied homes, inflated home and rent prices, limiting foreign real estate buyers. This would be a better place to start and spend resources on.\n"
    },
    "65723": {
        "url": "/comment/65723",
        "comment": "To mark for development forests, farms, wetlands and other vital ecosystems is grossly irresponsible. We don't have enough tree cover, not by half, and the Ontario Government led by Doug Ford doesn't seem to understand how ecosystems work. Doesn't understand, doesn't care, and doesn't realize this is irreversible. We need leaders with ideas that aren't senseless. This is a senseless, unnecessary plan. A horrifically bad idea when there are so many other viable options for housing. Learning who the developer families are, and their ties to Doug and to the province's conservative government is stomach turning. That we can loose what little nature is left, and suffer even more the impact of climate change and the loss of these vital natural heritage structure is inexcusable. This cannot happen. Find another way that leave the greenbelt, our farms, our wetland, our forest, and our waterways alone and out of your greedy hands and shortsighted . I'm appalled this government even considered this idea, let alone decided to run with it as a hill it will die one. We need leaders with environmental expertise who understand what the stakes are. I hope you consider better sources of advice than from investors with forested and protected lands they want to make money off next time.\n"
    },
    "65724": {
        "url": "/comment/65724",
        "comment": "While I appreciate the need for increasing the housing stock, can please consider routes that don't encroach on these protected lands? Just observationally there is so much opportunity to build on underused land, even within the city of Toronto. Former industrial lands, old retail and underutilized parking lots. Other than the Toronto core, there is no density once you exit the area. Look at our neighbours in Montreal, even being smaller they've created neighbourhoods that rely on transit while only building 3-stories up. These areas are going to be taken up just to build sub-urban cookie-cutter homes for folks who are of means to own cars and drive. If we want to increase housing great, I just think we should prioritize lower and middle income folks first. Thank you\n"
    },
    "65727": {
        "url": "/comment/65727",
        "comment": "Lets talk about comments like this : 30 days is way too short to make important decisions and assessments to Greenbelt proposal.    I need more information and from concerned Environmentalists. Stop this government pressure now !\n\"The Province is proposing to completely remove and plant houses on the Duffins Rouge Agricultural Preserve (DRAP). These lands were sold with public money with the agreement that they remain agricultural in perpetuity! THAT should concern every taxpayer in Ontario! They have agricultural easements on title. They have their own legislation - Bill 16, the Duffins Rouge Agricultural Preserve Act. They are Greenbelt Lands. Developers should not be allowed to speculate and make millions off the public purse!\nSTOP PAVING FARMLAND!!!!!!!!!!!!\n"
    }
}