{
    "64591": {
        "url": "/comment/64591",
        "comment": "The greenbelt is the...\nOnly access to greenspace for most GTA residents\nOnly available space for wildlife in the GTA\nIt has a cooling effect. With an impending energy shortage, and no real plan to remediate it, and the increasing temperatures of the GTA, we are going to put massive strain on our energy grid that could be alleviated by the greenbelt.\nIncreasing sprawl actively deteriorates our quality of life and air quality. We need density, not sprawl.\nMost of all, you promised you wouldn't touch it. There are other ways to deal with the housing crisis. Increase density!\n"
    },
    "64592": {
        "url": "/comment/64592",
        "comment": "I write this comment knowing that this government has shown it will push legislation through without regard for public consultation dates, because it has no respect for its constituents. This government has proven itself to be incompetent and out of touch, but even the most cynical residents would expect that it would not act with such hostility toward the land on which it resides. This proposal is not just unhelpful, it's wilfully destructive. Explaining why this is a terrible idea feels like trying to convince an arsonist why they shouldn't burn down my house. Every government prior to this one understood the value of the Greenbelt and why it is vital to protect its biodiversity and not build on it. While I live in the GTA, the health of the Greenbelt affects us all, from reducing flooding to keeping wildlife from taking over public parks. As weather patters become more extreme and species become threatened, the Greenbelt is even more precious.\nPolitically, protecting the Greenbelt is as close to a 'slam dunk' as it gets, since there is no rational reason to want it destroyed, so I can only assume the Ford government is trying to appease the handful of developers who split their time between bossing the premier around and supporting neo-fascists in Europe. It also will not help the housing crisis, since single-family homes are prohibitively expensive for most residents and the land you want to bulldoze will not even make a measurable impact on available inventory. If this government wants to work on housing, they need to focus on the cost of living, and investing in making our cities more livable.\nNo one is buying the lie that the province is \"growing\" the Greenbelt by adding random acres, because we understand that the specific qualities that make up the Greenbelt are inherent qualities of the land itself, so you can't just designate other areas as part of this unique environment. There is no compromise to be made here - it just shouldn't happen. This whole endeavour is insulting to our intelligence as your constituents, and demonstrates a childish contempt for the province you chose to serve.\n"
    },
    "64593": {
        "url": "/comment/64593",
        "comment": "I fundamentally disagree with this proposal.\nThe Greenbelt Master Plan clearly outlines the following in its introductory section \u201c It contains many of Canada\u2019s most ecologically and hydrologically significant natural environments and scenic landscapes, including the Oak Ridges Moraine and the Niagara Escarpment. These natural areas clean the air, provide drinking water, provide diverse flora and fauna habitats, including pollinators, and they provide opportunities for recreational activities that benefit public health and overall quality of life.\u201d\nDuring a time when we are grappling with urban heat islands, biodiversity catastrophes, global warming, etc, we should not be considering the removal of any lands from environmental protection.\nThe Housing Task Force has put forth a number of recommendations which can address housing shortages without compromising sensitive lands and increasing sprawl.\nReject this proposal.\n"
    },
    "64595": {
        "url": "/comment/64595",
        "comment": "Dear Government of Ontario,\nI would like to submit my formal opposition to this legislation. I am a family physician in Northumberland County; I grew up in Toronto; I have lived in London and Kingston ON. I have been an Ontarian my entire life. One aspect of Ontario that I cherish is the existence of natural forest and field in the Green Belt area. Now is not the time to destroy the fragile ecosystem that, for decades, was enshrined as protected land. I find this legislation offensive. It does not provide any evidence that the planned development will be environmentally sound. It does not provide a realistic housing solution for Ontario. We do not need homes built in our Green Belt. Toronto needs to be densified. Developing the Green Belt will lead to 100 km radius of suburban sprawl in all directions from Toronto as the central hub. Living in London, ON for 10 years from 2011-2020, I can speak firsthand to the issues with suburban sprawl that devours farmland and natural resources. Constant development around London's periphery create a suburban hell that is difficult to drive through and navigate with traffic and congestion due to poor planning.\nI oppose this legislation on grounds that it is not environmentally sensitive; it is not forward-thinking to the problems it will create in the future; it is wasteful and greedy to give these beautiful natural resources to private developers. Ontarian people should see the profits of the Green Belt - the beneficial environmental effects. Developers should not be able to profit off of years of environmental conservation. Doug Ford was elected premier, but he does not have a mandate to change decades of policy. He did not run his campaign on a promise to destroy the Green Belt.\nI hope that you will take my comments, and of the many others who oppose this legislation, into account before our province's green areas are destroyed senselessly.\n"
    },
    "64596": {
        "url": "/comment/64596",
        "comment": "This is a start of slippery slope. Green belt protection is in place to protect environmentally sensitive land in the province against urban development and sprawl. Ontario has great heritage sites within green belt and furthermore with the dramatic climate change, allowing to remove green belt is absolutely against Ontarian\u2019s long term interests. This is against Canada\u2019s value and commitment to climate change act. This should never be allowed. This proposal is very short sighted and strategically unsound.\n"
    },
    "64597": {
        "url": "/comment/64597",
        "comment": "This proposal goes against promises Ford has made to protect our GreenBelt. Our ecosystem and biodiversity has already been highly damaged by urban sprawl. The Ford government needs to focus on solutions that better the environment and not continuously rip apart our natural lands. Medium and high density projects instead of cookie cutter suburbia in towns like Milton and other fast growing communities. This is not showing he is \"for the people\" only \"for the construction developers\".\n"
    },
    "64601": {
        "url": "/comment/64601",
        "comment": "I vehemently oppose any policy which will reduce the surface area of the green belt. Any housing policy which does not focus on urban densification is a policy doomed to failure.\nThis proposal demonstrates a continued commitment to urban sprawl which increases pressure on natural habitats. We need to preserve and expand the already incredibly limited natural habitat for our native fauna and flora, not bulldoze it for the construction of single family homes.\nThis proposal is a clear signal that this government continues to work for real estate developers and not for the residents of Ontario. No to urban sprawl, yes to EXPANSION of the greenbelt.\n"
    },
    "64602": {
        "url": "/comment/64602",
        "comment": "I am completely against the plan to allow developers access to Greenbelt land when the current Ontario government has gone on record saying the Greenbelt will not be touched.\nInstead, the government now justifies this proposal by xenophobia, using \"immigrants\" as an excuse when the first and single most impactful change to increasing housing would be to revisit current zoning laws that handcuffs the majority of Southern Ontario to single family units.\nRevisiting zoning laws to allow for inclusionary zoning and empowering individual ownership the right to build, would move away from just allowing big developers this right. This would greatly increase midrises across the region and drive down demand for shoebox units within luxury condo towers. Re-adjusting policy should be the single most effective way at addressing issues of housing, not providing Doug Ford's developer relations to capitalize on environmental sensitive lands.\nThe current proposal also holds no consultation with actual environment scientists on the ecological damages that could ensue.\n"
    },
    "64607": {
        "url": "/comment/64607",
        "comment": "The developing of sections of the Green Belt is unacceptable. The land is crucial for clean water, agriculture, environmental diversity and the combating of flooding among others. The GTA does not need more urban sprawl but rather densificatjon of existing communities. To go back on the promise to not develope the Green Belt and to outright lie about it is despicable. This needs to be stopped immediately.\n"
    },
    "64608": {
        "url": "/comment/64608",
        "comment": "It's important to protect the Greenbelt, it accomplishes a lot ecologically (air quality, flood control, etc). I do not approve of changing its boundaries just for the sake of the current government's whims, especially a gouvernement that promised during the election that they wouldn't touch the Greenbelt.\n"
    },
    "64609": {
        "url": "/comment/64609",
        "comment": "Please do not change the land use of the green belt. There are many opportunities to densify existing land for more people/families. More sprawl increases the need (& cost) to maintain infrastructure further distances when we could improve/upgrade existing roads/water/electricity to support increased density in existing neighbour hoods.\n"
    },
    "64610": {
        "url": "/comment/64610",
        "comment": "We need this. There are communities of landlords and home owners trying their very best to continue to make the market unaffordable for their own selfish gain. They are contaminating forms like this to sway the opinion. Common people that this move is designed to help are not as organized and therefore, won't submit comments on the cities green belt plan because their unaware.\nIf the country plans on new immigrant targets, then we need housing for them. Don't like home owners convince you all that no more homes are needed.\nThank you\n"
    }
}