{
    "79880": {
        "url": "/comment/79880",
        "comment": "I am deeply concerned and opposed to Bill 23. The proposed changes to the Ontario Wetland Evaluation System are short sighted and irresponsible. As the climate crisis worsens we need to create stronger protections for Ontario wetlands rather than eroding them. As close to three-quarters of Southern Ontario's wetlands have already been replaced by agriculture and urban encroachment we need to work harder to protect the swamps and bogs that remain.\u00a0Wetlands are important natural tools that capture carbon and combat climate change.(1) All we have to do is protect them.\nIt is true that we have a housing crisis in Ontario but new housing needs to be\u00a0built where existing infrastructure exists, increasing density and protecting against sprawl. Bill 23 would commit Ontario to decades more low-density sprawl, which is ultimately less affordable, more ecologically damaging, and less economically viable. Once you build on precious carbon-capturing wetlands and valuable farmland, you can't go back. The Greenbelt was made to ensure that these lands would be protected from development. It is incredibly upsetting that Bill 23 now seeks to destroy them.\nThis proposed legislation is irredeemable, and I urge the committee to do all it can to scrap it and start over.\n"
    },
    "79881": {
        "url": "/comment/79881",
        "comment": "Ford promised not to touch the green belt, and here he is doing just that. What\u2019s to stop him from doing the same to the \u201cnew land\u201d he is going to add? He is not trust worthy and needs to leave this land alone. If there is that other land available, then build on that and leave the current land alone! Take your hands off that land Ford government, you are barking up the wrong tree!\n"
    },
    "79882": {
        "url": "/comment/79882",
        "comment": "The greenbelt is sacred, precious and crucial for all of us and our future generations. This city is expanding at such a rapid rate, we need to protect this green space with everything we have! Nature, greenery and open space is so important for the civilians of this city.There is so much empty land that isn't in the greenbelt that can be used for development - there is no excuse as to why the government needs to cut into it!  Please, please, do not follow through with it.\n"
    },
    "79883": {
        "url": "/comment/79883",
        "comment": "These amendments are connected to a violation of the Human Rights Code. All Ontarians are protected under the following social grounds:\n1. Accommodations - The public should be made aware of how the act will reduce the cost of housing overall.\n2. Contracts - Key developers have a major head start. Their contributions to the Conservative government is also a conflict of interest.\n3. Employment - Key developers have a major head start on developing the area. This limits competition in all affiliated construction projects, as the precedent of favoritism is set.\n4. Goods, services and facilities - Removal of farmland affects Ontario's contributions to food both internally and externally. The cost of food is already sky high, further distributions will cost Ontarians, and those countries which rely on Canada's exports, more than just money, but their health and ability to contribute to the overall economy in any way.\n5. Membership in unions, trade or professional associations - Again, with key developers owning the lands there is an unfair advantage and a precedent that does not guarantee fair and equal opportunity for all contractors.\nThis isn't just about environmental protection. This act is about protecting the integrity of our government's functionality. There is clearly corruption behind this act, and it will not affect Ontario in a positive manner. It will benefit a handful of people and cause major social disruptions across the province. The people of Ontario have a right to be protected from this kind of behaviour.\nHowever, environmental health is also human health, and as such all Ontarians (and Canadians at large) deserve to have proof that the removal of fragile and unique ecosystems will not cause them harm in the long run. There are a lot of scientists available who can offer insight on this point.\n"
    },
    "79886": {
        "url": "/comment/79886",
        "comment": "I do not support the proposed changes to the Greenbelt plan. While it is clear to all of us that there is indeed a housing crisis in Ontario, reducing protected lands should not be our answer. In the midst of the current climate crisis which we are already poorly addressing, it is not appropriate to remove protected lands for building homes. You are merely appearing to take action on a problem now, with questionable results, only to contribute to additional problems in our future.\nAlmost anywhere you look in cities and suburbs, new homes are already being built. How many homes end up being sold to families who will actually live in the homes, versus landlords who only seek to rent them back to families at higher prices, therefore reducing the supply of homes and furthering the housing crisis? What is being done to ensure that new homes are sold to people who need a home and not to simply put more money in the pockets of landlords? What is being done to ensure that the homes are actually affordable?Removing Greenbelt land as a means to appear as if our Government is taking action without solving the real problems that are keeping families from accessing homes is lazy and unacceptable. You do not have my support for this change.\n"
    },
    "79887": {
        "url": "/comment/79887",
        "comment": "I am writing to express my concerns related to Bill23.\n1. The lack of complete review of this proposed bill23 by all concerned groups, more time is required for environmental reviews related to the reduction or modifications of the Greenbelt areas surrounding the GTA.\n2. I would seek for the provincial and municipal levels to drive the Developers to provide affordable housing and Sustainably created communities, please refer to the link below related to www.newvistas.com for conceptual designs and ideas related to this endeavour\n3. Finally I support the recommendation of the City of Toronto Council, specifically being:\nI. Request the Province to extend the commenting period on Bill 23, More Homes Built Faster Act, 2022 to at least January 31, 2023 to enable time for consultation, consideration of alternative options and thorough analysis of both short and long-term impacts.\nII. Request the Province to:\na. not proceed with any changes that reduce municipal development charges, community benefit charges or parkland dedication, including:\ni. removing housing services from development charges\nii. retroactively phasing in development charges over a 5 year period on\ntop of City Council's previously adopted two-year phase-in that was\nmutually agreed upon with the development industry\niii. discounting rates for purpose built rental units\niv. adding new exemptions\nv. introducing caps to the development charges determined date and\ninstalments interest rates\nvi. extending the development charges historic service level caps from 10 to 15 years\nv. removing growth studies and land acquisition costs from development charges recovery\nvi. reducing caps to parkland dedication by-laws\nb. instead of the above-noted changes, create a provincial incentive program provided directly to developers or homeowners through targeted grants, rebate and other financial incentive programs that ensure affordable, sustainable housing is a top priority.\n"
    },
    "79890": {
        "url": "/comment/79890",
        "comment": "I do not support this proposal.\nDeveloping the green belt is not a wise solution to the housing crisis. It\u2019s merely a ploy to put money in the pockets of developers. It will do very little to help first time home buyers. A better solution is to put money towards our public transportation systems and develop better housing near these transportation hubs.\nRemoving farmland will destroy our food security by reducing our ability to grow fresh local food.\nRemoving wetlands will cause harm to our ecological system. Wetlands provide flood protection, they naturally remove carbon dioxide from the atmosphere and they provide habitat for many at risk species.\nIt\u2019s preposterous to take a step backwards in the climate crisis to build housing in a sensitive and necessary area when there are many other options for housing development.\n"
    },
    "79891": {
        "url": "/comment/79891",
        "comment": "The amendments do nothing to address the current housing crisis. Shame on this government for suggesting it is about making housing attainable for average residents or meeting the needs of new immigrants. Developers who support you are looking to profit from building expensive homes with pretty views on previously protected land. I don't think anyone believes this is legit.\n"
    },
    "79892": {
        "url": "/comment/79892",
        "comment": "I do not support the proposed changes to the Greenbelt plan. While it is clear to all of us that there is indeed a housing crisis in Ontario, reducing protected lands should not be our answer. In the midst of the current climate crisis which we are already poorly addressing, it is not appropriate to remove protected lands for building homes. You are merely appearing to take action on a problem now, with questionable results, only to contribute to additional problems in our future.\nAlmost anywhere you look in cities and suburbs, new homes are already being built. How many homes end up being sold to families who will actually live in the homes, versus landlords who only seek to rent them back to families at higher prices, therefore reducing the supply of homes and furthering the housing crisis? What is being done to ensure that new homes are sold to people who need a home and not to simply put more money in the pockets of landlords? What is being done to ensure that the homes are actually affordable?Removing Greenbelt land as a means to appear as if our Government is taking action without solving the real problems that are keeping families from accessing homes is lazy and unacceptable. You do not have my support for this change.\n"
    },
    "79894": {
        "url": "/comment/79894",
        "comment": "I am opposed to the proposed changes to the Greenbelt Plan that would remove or redesignate 15 areas of land and add lands in the Paris Galt Moraine area, and redesignate lands in the Oak Ridges Moraine Conservation Plan.\nOne cannot simply take land away from one area and by adding land to another area, and expect that to mitigate the original loss of land to the Greenbelt. This proposal would create fragmented land pieces which creates enormous problems for wildlife. Wildlife needs to have a contiguous \"belt\" of land through which it can move. Thus encouraging the stability of the wildlife. A Greenbelt by its very name is not a \"belt\" if it is being broken up into separate and distinct land areas.\nThe Greenbelt provides natural infrastructure that helps reduce flooding, forest fires, and heat waves. The Greenbelt protects at-risk species and ecosystems, and provides public health benefits through added greenspace and access to nature. The Greenbelt must stay protected!\nThe amount of land already designated for development far exceeds what is needed to meet long-range housing targets. That includes 86,500 acres within the Greater Toronto and Hamilton Area alone.\nI am opposed to Bill 23 and the various proposals contained within it. Also, I am opposed to the proposed regulatory changes associated with this legislation as noted above.\nIn particular, my concerns are:\nTiming of the Bill. The government has chosen to release this bill as councils were dissolving and new terms were yet to begin. I would like to see the comment period extended and proper consultation undertaken with the municipalities.\nImpacted Lands. This bill and the proposed regulations would have application to all lands in Ontario, regardless of suitability for development or ability to meet the goals of this government for more homes faster.  This bill should focus on urban residential lands that have servicing and existing infrastructure. This is consistent with the definition \u201cparcels of urban residential land\u201d already being used for additional residential units.\nSite Plan Control. Changes to the Planning Act Section 41 (1.2) remove site plan control from lands with less than 10 units and the ability for a municipality to control landscaping. I would like to see site plan control be retained for rural and waterfront land and that landscaping remain a tool at the disposal of the municipality on these lands.\nAppeal Rights. It is crucially important in a strong, healthy democracy that, in municipal planning matters, there is a right for taxpayers to appeal decisions. This government\u2019s proposal to remove the rights of taxpayers and landowners to appeal planning decisions removes one of the checks and balances in the system \u2013 holding staff and councils accountable for upholding their policies and ensuring that the environment on which we depend is protected for future generations. I would like to see third party appeal rights remain for all municipal planning matters.\nHousing Supply. There have been a significant number of housing units that have already received draft approval. I would like to see the focus be on what has already been approved to reduce red tape and accomplish the goal of more houses with what is already in the works.\nHeritage Properties. Requiring designation of all listed properties within two years will create a significant burden on smaller municipalities to preserve cultural heritage. I would like to see that the proposed requirement that a property meet two or more of the criteria prescribed in regulation to be designated, and the proposed requirement to designate all listed properties within two years, be deleted.\nI would like to see Bill 23, (SO 2022, c.21 ) and the associated proposed regulations be repealed or revoked.\n"
    },
    "79898": {
        "url": "/comment/79898",
        "comment": "This is the most blatant act of political corruption I have seen in my lifetime.\nMultiple investigations have proven that political insiders had advanced knowledge that these previously protected pieces of land would be opened up for development. The citizens of Ontario will never benefit from this decision, only already wealthy land developers. This will not help with housing affordability, in fact it will make things worse by driving expensive suburban, car dependant sprawl.\nI could not be more opposed to these proposed changes and the way in which this whole process has happened. Leave the green belt alone, focus on density in existing urban spaces.\nShame on this Government, I hope the true corruption of the back room deal is exposed and those involved suffer the political and financial consequences.\n"
    },
    "79900": {
        "url": "/comment/79900",
        "comment": "Don\u2019t believe the proposed removal of lands from the Greenbelt should happen. Intensification of lands already serviced, makes more sense than taking land from the Greenbelt area and developing them with new infrastructure. As well it would appear that this proposal is just a smokescreen to enrich the Conservative Party\u2019s supporters.\n"
    },
    "79904": {
        "url": "/comment/79904",
        "comment": "The Greenbelt is protected to protect us from pollution, flooding and to protect the farmland we need to feed ourselves. Building McMansions on protected greenspace enriches a few political insider billionaire developers while degrading and damaging the future of our population and our ecosystem.  Build density near transit and services , build affordable housing in our cities for the masses of new immigrants and low paid service workers.  Stop sprawl and develop within our current urban boundaries- it is the smart way forward\n"
    },
    "79906": {
        "url": "/comment/79906",
        "comment": "I do not support the proposed changes to the Greenbelt plan. While it is clear to all of us that there is indeed a housing crisis in Ontario, reducing protected lands should not be our answer. In the midst of the current climate crisis which we are already poorly addressing, it is not appropriate to remove protected lands for building homes. You are merely appearing to take action on a problem now, with questionable results, only to contribute to additional problems in our future.\nAlmost anywhere you look in cities and suburbs, new homes are already being built. How many homes end up being sold to families who will actually live in the homes, versus landlords who only seek to rent them back to families at higher prices, therefore reducing the supply of homes and furthering the housing crisis? What is being done to ensure that new homes are sold to people who need a home and not to simply put more money in the pockets of landlords? What is being done to ensure that the homes are actually affordable?Removing Greenbelt land as a means to appear as if our Government is taking action without solving the real problems that are keeping families from accessing homes is lazy and unacceptable. You do not have my support for this change.\n"
    }
}