{
    "79909": {
        "url": "/comment/79909",
        "comment": "This proposal cannot go forward without meaningful consultations with all impacted First Nations.\nThis proposal cannot go forward without a thorough, externally-led investigation into how and why developers purchased land that at the time they could not develop on, only for it to be come developable weeks later.\nThis proposal cannot go forward without actual plans and commitments for designated affordable housing units. Building more homes will not make a substantial difference to the average family in Ontario, they will still be largely out of reach.\nThis proposal cannot go forward without approval from all impacted regions and municipalities, who (along with their tax payers) will be shouldering unforeseen costs associated with the proposed development.\n"
    },
    "79910": {
        "url": "/comment/79910",
        "comment": "This proposal is a terrible idea. It is not backed by science. It ignores professional consultation. It is completely directed at improving the lives of a few OPC donors and friends of the current premier. The blatant disregard for the people of Ontario is clear when it comes to this proposal. The first thing recommended in Ontarios Housing Affordability Task force report was greater density, especially near highways. Sprawl into the green belt is the last thing we need. Better more efficient use of existing land and infrastructure is more affordable for the province and economical for the taxpayers\n"
    },
    "79914": {
        "url": "/comment/79914",
        "comment": "This is a corrupt plan that completely disregards the interests of Ontarians. If you move ahead with this, you\u2019ll be remembered for the greed an unfettered capitalistic government you are. I do not support this Bill and the financial burden it will put on our society. Urban sprawl is small-minded, short-sighted child\u2019s play. Use your brains or step down. No more nepotism or lining the pockets of the rich. Wake up and represent the PEOPLE.\n"
    },
    "79915": {
        "url": "/comment/79915",
        "comment": "I vehemently oppose any expansion whatsoever on the Greenbelt. We need the Greenbelt for farming and safe water, it is our duty to protect for our children and descendants. Global warming is real, we are on brink of catastrophic changes to the environment. Special placed which are supposed to be protected should stay protected. Once developed, they are lost. We should expand where there is already development.\n"
    },
    "79916": {
        "url": "/comment/79916",
        "comment": "I am opposed to changes to the green belt boundaries and yhe further development of lands for residential use.  These lands are critical for Ontario and specifically the GTA: water table, wild life, farming, and green space to name a few.  We do not need to increase urban sprawl.  Traffic is already outrageous and to add to yhe congestion by adding to communities that cannot sustain this growth is irresponsible.\nI am extremely concerned that donors to the party were also given a heads up about these proposed changes.  It appears they stand to profit at the expense of Ontario voters.  Can we expect reasonably priced real-estate from these builders? Premier Ford has used the excuse that Canada's population will increase due to immigration and therefore these lands need to be developed to accomodate this influx.  This is lame. Most newcomers will not be able to afford whatever homes are built on these lands.\nAlso, given the enironmental challenges the world is experiencing I highly doubt that tearing up the greenbelt will make things better.\n"
    },
    "79917": {
        "url": "/comment/79917",
        "comment": "Policy Proposal: Proposed Amendments to the Greenbelt Plan\nERO Number: 019-6216\nDear Madam/Sir:\nI am strongly opposed to the Proposed Amendments to the Greenbelt Plan (ERO Number: 019-6216), which includes the removal and/or re-designation of any lands from the current Greenbelt Area and Oak Ridges Moraine Conservation Plan Area, such as the 15 proposed lands totalling approx. 7400 acres.\nThe proposed development of these lands for residential and/or industrial uses will harm and reduce the following benefits for all current and future Ontarians and Canadians:\n1)\tGround water filtration and aquifer renewal for all streams, rivers and other water bodies of the Greater Toronto Area surrounding the western half of Lake Ontario, i.e. \u201cThe Golden Horseshoe\u201d;\n2)\tThe highest soil quality for the greatest agricultural crop diversity and crop quantity (productivity) in Ontario and Canada; and\n3)\tEast-west connectivity of remnant mixed- and Carolinian-forest and tallgrass prairie habitat for wildlife across Southern Ontario, which is the greatest biologically diverse region in all of Canada, and contains the greatest concentration of endangered species in Canada.\nThe agricultural soils, ground aquifers and remnant wildlife habitats in the current Greenbelt Area and Oak Ridges Moraine Conservation Plan Area are site-specific, and therefore cannot be simply moved or compensated for by the addition of other lands to the Greenbelt and Oak Ridges Moraine Conservation Plan Area, such as the Paris Galt Moraine.\nBefore any lands, such as the 15 proposed sites totalling the approx.. 7400 acres, are to be considered for removal and/or re-designation from the Greenbelt and Oak Ridges Moraine Conservation Acts, the Ontario government must:\nA.\tAdequately justify that all the current lands surrounding the existing perimeter of the Greenbelt Area and Oak Ridges Moraine Conservation Plan Area are insufficient (in both land area and infrastructure) to support the construction of the 50,000 or more homes that are proposed on the 15 parcels of land proposed for removal/re-designation from the Greenbelt Area and Oak Ridges Moraine Conservation Plan;\nB.\tProvide detailed, quantifiable reasons that existing cities across Southern, Eastern, Central and Northern Ontario that are located outside the Greenbelt and Oak Ridges Moraine Conservation Plan Areas, have an inability to develop fast enough to meet Ontario\u2019s goal of 1.5 million homes within the next 10 years; and\nC.\tShould the results in steps A) and B) above justify the need to remove and/or re-designate Greenbelt and/or Oak Ridges Moraine Conservation Plan Areas, then all proposed development in these lands require the planning of wildlife corridors within them to ensure habitat connectivity, by-laws to maximise soft landscaping (water percolation), and the additional protection of natural and agricultural lands to increase the overall area of the Greenbelt and Oak Ridges Moraine Conservation Plan Areas.\nThank you for your time.\n"
    },
    "79921": {
        "url": "/comment/79921",
        "comment": "Ontario's protected greenbelt is integral to the health of the province. Greenbelt forests, wetlands, and fields are home to hundreds of species and they provide an ecosystem that supports our ability to live and breathe healthy air. Canada's mighty forests are known for filtering tons of carbon every year, one of the most effective ways to reduce the toxins in the environment--more sophisticated than any man-made solution. Developing the greenbelt will be a short-term solution that creates a long-term problem. Once it is developed, the damage to the environment is irreversible. We need to keep our green spaces protected in order to continue to live and breathe and be responsible stewards towards this land for our sake and the sake of future generations.\n"
    },
    "79922": {
        "url": "/comment/79922",
        "comment": "Farmland, conservation lands and open green spaces need to be protected. Our future depends on it.\nEvery acre of tillage land that is changed into housing is lost forever. We need to be encouraging planning to build up not out. Make it easier to walk, bike or use public transit.\nIt is not right to take the future from our youth without considering the impacts free for all land consumption land on our youth.\nDevelopment charges are the most important step in funding public use spaces and programs. Without their funding it would land on the tax payers.\nPlease consider increasing density requirements, strengthening conservation of open green space and farmland, and keeping development charges\n"
    },
    "79923": {
        "url": "/comment/79923",
        "comment": "Dear Provincial government,\nI do not support the proposed changes to the greenbelt.\n- the greenbelt was designed to be permanent\n- the greenbelt means something to the people pf Ontario\n- the greenbelt cant be divided and recreated somewhere else. This has shown little to no success in thenpast ie. Recreating a wetland\n- we need to build within existing urban boundaries\n- the motivation to build in the greenbelt has not been well explained. By only mentioning the housing crisis when other solutions have been proposed by our municipal elected officials. It seems odd an illegal.\n"
    },
    "79925": {
        "url": "/comment/79925",
        "comment": "Dear Ministers,\nThis is a very dangerous slope you on which Ontario has been placed for a number of reasons, none of which is not in the best interest of Ontarians. I am against ALL ASPECTS of Bill 23 and call for the ministers to immediately repeal Bill 23 for the following reasons. Firstly, Doug Ford said he would NOT develop the greenbelt under any circumstance.\nSecondly, this undermines all that democracy is about. Democracy should not be about people with the most money, or political contributions, being able to determine laws. Silvio DeGasperis, President of TACC Construction Ltd. and TACC Developments donated $23,960 to Doug Ford, while the DeGasperis family, TACC Construction and TACC Developments have donated an additional $55,236.43 to the Ontario PCs. Furthermore, TACC\u2019s lobbyists including PC insiders Peter Van Loan and Amir Remtulla, recently worked in Doug Ford\u2019s office! TACC stands to gain the most as it has the most land holdings in this proposed land transfer. That being said, \"at least four developers who bought the properties the government is now proposing to remove from the Greenbelt have either donated to the PC Party, hired conservative lobbyists, or both.\" (Globe and Mail, November 28, 2022). Fire is further added to this fire as Premier Ford and Minster Lecce both have benefited from gifts from the DeGasperis family in holidaying with them in Florida, attending a Tampa Bay Lightning game in the DeGasperis\u2019 private luxury suite in Miami, FL. This is a direct breech of the ethics on the part of Premier Ford and Minister Lecce. Though it is similar to Prime Minister Trudeau visiting Aga Kahn\u2019s island, it is dissimilar as the benefits being returned to the DeGasperis' will cause grave HARM TO ONTARIANS.\nHow will it harm Ontarians?\nThe loss of wetlands, farmlands and forests; all which are protective factors from climate change, put Ontarians, and the world, in harm\u2019s way. Climate change is a major concern for most Ontarian's. We are concerned about increased storms, winds, flooding, like we have seen in the derecho storm and a tornado a few weeks later this spring, causing massive damage and problems for many Ontario communities. Ontario does not typically have storms like this, but we will if climate change is not IMMEDIATELY SOLVED/ADDRESSED.\nWetlands store large amounts of water, like a sponge, and clean it from contaminants. Contaminant\u2019s in Ontario\u2019s groundwater and lake water will be disastrous for all of Ontario. In 2017, Ontario, along with Quebec and Alberta exported $138.8 M of bottled water. What will happen when this water is contaminated because of a lack of wetlands filtering runoff into groundwater?\nFurthermore, the amount of water that wetlands can store far exceeds the amount of water that is able to flow through storm sewars to Lake Ontario. Thus wetlands protect those millions of people living along Lake Ontario, Lake Scugog, inclusive of the Scugog First Nations, from begin flooded out, like Toronto Island was a few years ago. Allowing for the development of wetlands will be, without a doubt, disastrous, as it means flooding and contaminated water sources.\nFurther harm will come to Ontarians through climate change to which these developments will contribute. Farmlands provide locally sourced foods, which decreases transport costs and therefore greenhouse gases. Farmlands also synthesis carbon dioxide into oxygen, decreasing the carbon footprint of Ontario. Forest and wetlands absorb and store incredibly large amounts of carbon within the soil and peat. EVERY TIME SOIL/PEAT/SUBSTRATE IS DISTURBED, CARBON IS RELEASED. Not only do wetlands, forests and certain types of farming sequester and store carbon, the plants themselves create oxygen from the carbon dioxide, which is needed to address climate change. We need to be protecting more green spaces and planting more trees, especially to meet targets set out by many UN conventions on climate change and biodiversity. Destroying habitat and purposefully linked habitat by development will decrease biodiversity, which is already plummeting around the world.\nAdditionally, one reason the greenbelt was created was to ensure clean drinking water for thousands of Ontarian's. With these developments, and the damage development does to water filtration, it is most likely that ground water will be compromised. Lastly, the tearing up of farmland will inevitable reduce the amount of food grown in Ontario to be available to Ontarian's to eat. Doug Ford was right in wanting Ontario to be self-sufficient when he was talking about masks for COVID-19. We are able to grow so much food in Ontario, however, with the lack of protection/development of farm land by the Ontario government, I foresee a food shortage. This most certainly will be much worse than not having enough masks.  What will the premier do when there isn't clean water to drink and food to eat? The first nations teach us to plan for the next SEVEN generations. Bill 23 certainly does not do this.\nFinally THERE IS NOT A SHORTAGE OF HOMES. There is/was a false belief of a housing shortage which was driving prices up. The reality is there is no shortage. \"Ontario\u2019s housing supply is growing faster than its population\" (Better Dwelling, March 24, 2022). There is a shortage of reasonably priced rentals. Why? This is because this current government removed rent control. This has sent the price of rent skyrocketing. Additionally, many of the  units which have been built don't belong to Ontarian's. I would ride with realtors turned cab drivers and each one would tell me how the majority of each condo building that was going up would be sold to overseas buyers. How would the government ensure that we are not just developing land to sell to overseas investors? How would the government propose to create \"affordable housing\" as this bill is claiming to do when all controls have been removed? The premise of this bill is false. Considering the magnitude of the impact Bill 23, the Bill must be based on fact, not fiction. But it is not.\nIn conclusion, I am certain there is a breech of ethics in regards to Bill 23 and the development of the 413. The premise of Bill 23 is false and as such BILL 23 NEEDS TO BE IMMEDIATELY REPEALED. Ontario needs MORE GREEN SPACE set aside for all Ontarian's to enjoy, conservations authorities to protect against flooding and wetlands to be protected spaces. Ontarian's need this so people who have already bought homes, can continue to know they, and their investments, are safe; we can know we will have clean drinking water; we will have local food to eat; and politicians who are not corrupt. Ontario needs more laws capping contributions to political parties by individuals and corporations to be implemented to help with integrity. Contributions need to be capped at to $2,000 per FAMILY and/or corporation. As such, if a family owns the cooperation then they can donate under the cooperation OR the family, but not both.\nThank you for your time.\n"
    },
    "79926": {
        "url": "/comment/79926",
        "comment": "The proposal to open the Greenbelt for development is a slap in the face to all ontarians. The government claims that it is necessary to accommodate the influx of new Canadians that is forecast over the coming years, yet the properties that new Canadians typically want are not what is going to be built.\nThis proposal must be defeated. The government needs to listen to the public. Mr ford promised repeatedly not to touch the Greenbelt and this reversal will not be forgotten.\n"
    },
    "79927": {
        "url": "/comment/79927",
        "comment": "I am very opposed to the changes that would be brought by Bill 23.  The Green Belt should be protected.  There is no need to permit housing development on the Green Belt.  Smart planning that involves densification of our urban areas will create more livable cities, increasing housing availability while protecting the environment.  Bill 23 is promoting Urban Sprawl.  This is not smart growth.  Please amend this bill.  The changes it will bring about will cause irreversible harm to our green spaces, and will not improve the living standards in Ontario.  We need smart growth with denser development in our cities, not more urban sprawl.\n"
    },
    "79929": {
        "url": "/comment/79929",
        "comment": "This is not where we should be focusing. We should be focusing on repairing socialized housing already built, making it easier and worthwhile to create coops, stronger rental control for buildings built after 2018, incentivizing laneway homes and legal suites in already developed land. There are so many vacant office towers now with hybrid work routines\u2026.perhaps start co  bc erring offices into residential units as other countries are now doing.  Start with those things before even considering the greenbelt.\nAlso, will any of these new homes even be affordable to anyone but the upper class?? Seems everything being built anywhere these days is all \u2018luxury\u2019. Where are lower/middle income people supposed to live when rent is skyrocketing, houses are unaffordable and the wealthy are buying only to flip and make profits?\nDestroying our greenbelt is NOT the way to proceed.\n"
    },
    "79932": {
        "url": "/comment/79932",
        "comment": "Dear Minister Clarke,\nIn reviewing the proposal I would like to bring to your attention a few errors. While your proposal indicates that these green belt lands are needed to increase housing supply I would like to bring to your attention to page 10 of the Report of the Housing Affordability Task Force which indicates that \u201ca shortage of land isn\u2019t a cause of the problem\u201d. This would seem to invalidate your need to remove these lands from the green belt.\nSecondly your proposal indicates that additional land will be added to the green belt in the form of ravines.  These lands while not in the green belt are already not available for development as they are in floor prone areas and are therefore not at risk for development.\nLastly, there is no mention of how this proposal will alleviate the suffering of property developers such as Silvio De Gasperis\u2019 TACC who as reported in the Globe and Mail November 28, 2022 article entitled \u201cDevelopers who bought Ontario Greenbelt land linked to Ford government\u201d have borrowed $100 million at 21% interest rates.\nThank you,\nA concerned Ontario citizen.\n"
    }
}