{
    "63566": {
        "url": "/comment/63566",
        "comment": "In light of climate change, I am completely against these proposed changes. It is a proven fact that green and biodiverse areas help to combat climate change in many different ways. For example, the greenbelt itself absorbs a ton of carbon. And the farmland itself within the greenbelt is extremely important for the production of food within this province. This has not only been important in years past and present, but will become even more vital and invaluable as time goes by and climate change inadvertently becomes the norm and possibly worsens in this country and potentially around the world. World food shortages could worsen and become a real possibility and/or become epidemic down the road ( in part due to climate change ). Our greenbelt combats and protects against this. I am also against this proposal because the greenbelt is a rare, one of a kind biodiverse ecosystem that needs to be permanently protected. There is no reason good enough to pave over this beautiful area, and increased immigration should not be one of them. The Premier of this province made a promise to the residents of Ontario not to touch the greenbelt. Our premier was elected to office to represent the people of Ontario and to stand up for what is right for our province and for future generations. He also took an oath in office to always tell the truth. He was not elected to bow down and cave under pressure from the federal government or otherwise. The present housing crisis is not the fault of the current residents of Ontario. Nor is it the fault of future generations to come. Ontarians want this greenbelt to be around for their children and their future grandchildren, the way that it has been around for all previous generations in this province. Yes, these proposals urgently need public input. But more than that, it is unethical and out of the question to even contemplate or think about such a project, without thorough, professional and proper environmental oversight. Since Doug Ford has done away with this, this ludicrous idea of building homes on a protected greenbelt should not move forward. It should not only be considered totally illegal, but should be completely scrapped. It is not only the greenbelt itself that is at stake. Valuable farmland will be gone. Just as important, there are millions of forms of life whose homes are within this greenbelt area, everything from birds, fish, reptiles and mammals. Their very lives will be at stake when their habitats are destroyed. Where will all of these life forms go ? It is a proven fact that wildlife populations around the world are in serious decline ( by 70% or more ) and Canada is no exception. Many of these life forms are endangered to begin with and are in dire need of protecting. This is not my only concern. When you tamper and destroy one part of an intricate and delicate ecosystem, it has a ricochet effect and will detrimentally affect all other areas of the greenbelt. Canada is a huge country. There are thousands of other locations and/or land choices that can be made to build housing on besides this beautiful greenbelt of Ontario. We are tired of Doug Ford's lies and broken promises. If our premier really wanted to do the right thing in order to help combat the current housing crisis in Ontario, there are many other things he could be doing besides building on protected greenspace. For example, why doesn't he bring back rent control so people renting can afford to live once again ? Since he took office, rents have skyrocketed and homelessness is rampant. No, it appears what this is really all about is helping developers make money. He openly discussed opening up the greenbelt for developers a long time ago in a documented video. So when he told all residents of Ontario that he would not touch the greenbelt, he already knew it was a lie when he said this, and that he had previously promised this area \"in theory\" to developers. So he lied to the public when he said he would \"under no circumstances\" touch the greenbelt, just as he is betraying and lying to us all now when he decided to renege on his promise not to touch it. It is for this reason and all of the above reasons that I am totally against ANY proposals to build housing or any other form of development on any part of our protected greenbelt. It's a no brainer for me and a complete thumbs DOWN for me with regards to this outrageous and ludicrous idea/proposal. Why is there no environmental oversight and/or input involved in these very critical decisions/proposals ? Why does Doug Ford get to decide these things with ZERO environmental input and/or oversight ? Isn't it bad enough that he wants to build a completely unnecessary highway right through our protected farmland and greenbelt  ??? By the way, I am also totally against this proposed highway ( 413 ) as it is unnecessary and is also being built with NO environmental oversight or public input. Thank you for taking the time to read my comment.\n"
    },
    "63567": {
        "url": "/comment/63567",
        "comment": "Contradicting your pledge to leave the Greenbelt alone is not surprising, but still saddening. Of note, several of the proposed removals mark protected areas that interrupt complete urban sprawl on the east end of the GTA. This seems foolish, especially when I imagine these changes will likely result in million dollar suburb homes being haphazardly thrown around. Affordable housing is the greater issue, high density housing is the issue, not development space. Please reconsider.\n- Combermere, ON\n"
    },
    "63569": {
        "url": "/comment/63569",
        "comment": "NO. no. Nien, non.\n7400 acres of unreplaceable land, land that protects us from flooding, more extreme weather, that helps to provide food, recreation, temperature regulation... 7400 acres for 50k homes is absolutely irresponsible and a complete waste. We've paved over and built in top of enough good land, use some of that and stop the urban sprawl.\nNo. Just No.\n"
    },
    "63570": {
        "url": "/comment/63570",
        "comment": "The conservative government in Ontario, led by Doug Ford, PROMISED to not open the green belt to construction. This was promised BEFORE the election, and the result of the election could very well have been different if this promise had not been made. KEEP YOUR PROMISE! If you are going to open the greenbelt to construction, propose to do so just before the next election and let the people decide!\n"
    },
    "63571": {
        "url": "/comment/63571",
        "comment": "Dear Mr. Doug Ford,\nIt is not fair to blame the newcomers to Canada for your policies of environmental destruction and in the same time to fill the pockets of your millionaire developer friends.\nI am sure that these houses built on pristine land will not be affordable to middle class citizens.  It will cost million and millions of dollars to have one.  For whom are you going to build them?  For the minimum wage worker?  Or for the newcomers?  I very much doubt it.\nWhy don\u2019t you find a different area with no impact on environment and leave the Greenbelt untouched?\nIn at least 2 occasions you backtrack your proposal to allow building houses in Greenbelt; you and your Housing  Minister promised that you will protect and maintain this area.\n\u201cThe people have spoken. I'm going to listen to them, they don't want me to touch the Greenbelt, we won't touch the Greenbelt,\u201d you said in 2018 and 2020.\nIt is a shame what you are doing for the future generations and for all Ontarians.\n"
    },
    "63574": {
        "url": "/comment/63574",
        "comment": "The greenbelt needs to be protected. This is valuable land that, once developed, we can never get back. Building housing here will only add to the urban sprawl that we are already suffering under. Smart density is the answer to housing issues. We need more walkable communities,  not more spread and hours spent stuck in traffic. This amendment will benefit wealthy developers and no one else. With climate change and our future being so uncertain we need to protect green space and farmland.\nGovernment should be doing what is best for all Ontarians, not working to line the pockets of the already wealthy. As we are all struggling with the cost of living and what feels like the start of societal collapse, this feels like a theft from all of us. Protect the greenbelt - do not allow development. Thank you.\n"
    },
    "63576": {
        "url": "/comment/63576",
        "comment": "The 413 is a bad idea. The government\u2019s own studies have shown that this will only marginally improve traffic or not at all. The current proposed location of the 413 was determined to be ineffective. The only reason that Doug Ford is pushing for this particular pathway is because a lot of his friends and PC party financial contributors own land along this pathway. It\u2019s determined to be worth 500 million dollars and the value will double if the 413 highway runs through. It is an ecological travesty if the 413 is allowed. Don\u2019t do it.\n"
    },
    "63577": {
        "url": "/comment/63577",
        "comment": "With how bad our climate is, you would think that protecting areas like the Greenbelt would be a good idea. The Greenbelt is a permanently protected area of green space, farmland, forests, wetlands, and watersheds. Like really?!?\nIf you destroy the Greenbelt for homes, it's not like people will be able to afford it, especially if you and the other idiot, - Education Minister Stephen Lecce - think a salary of $39,000 is significant enough. Like at this point who out of touch are you and your ministers?\n"
    },
    "63579": {
        "url": "/comment/63579",
        "comment": "I am not in support of the replacement of greenbelt lands. Living close to the tract that will be exiting the Greenbelt in Pickering, I am strongly opposed to the scale of what is proposed in Pickering. I believe that the Government should be working to improve protections of the environment, which is good that a tract of land is going to be added to the Greenbelt, especially a region important for water quality. However, the areas that are at the edge are not places development should occur. While there might be services nearby, they are still at the edge of the city which is not a very liveable location due to distance to community services. Building communities that rely on people driving their car is not a future thinking plan.\nFor the Pickering segment, the amount of land that will be opened up is extremely large and is nearby to the Rouge National Urban Park. While I believe some homes could be built along Altona, opening up the area to development is not going to lend itself to homes that affordable or dense. This region is important to protecting the neighbouring park and waterways.\nThe proposal should be more focused and targeted to solely protected countryside with a buffer to nature as clear cutting and filling in natural heritage system is not beneficials for animals to have a space where they can move around communities and migrate.\nLastly, the government needs to do more to protect land and the flora and fauna that exist. The Greenbelt is supposed to surround the dense communities, however a lack of density has caused sprawl to encroach further and further away. Opening up land from the Greenbelt is not something that can be reversed and should be treasured for generations.\n"
    },
    "63580": {
        "url": "/comment/63580",
        "comment": "This is the wrong thing to do. Once we build over these green spaces it will be hard to restore it to what it once was. Ontario's Greenbelt is one of the marvels of the world. We have no maximized building spaces in the GTA. Who does this benefit? Why are we doing something like this? Once we destroy our farmland and our natural wetlands, what will we have? This is absolutely wrong.\n"
    },
    "63581": {
        "url": "/comment/63581",
        "comment": "I object.\nSevere flooding is an inevitable outcome of this proposal.  It stands a great risk to infrastructure, the agricultural industry, food security, as well as health and safety.  The ecosystem will suffer in irreconcilable ways.\nThis proposal will accelerate the downfall of farming in Ontario.  Ontario is already experiencing a major decline in farmers. Few can afford to reestablish operations on new farmland after going out of production.  Many farmers will not return to the industry.  The loss off original farmland severs family farming causing loss of generational experience and knowledge.  The high cost of getting into farming is a huge obstacle to overcome for new operators. The process of farming new land will be slow and the agriculture industry will suffer.\nClose proximity of residential land to farmland impedes on the agricultural industry as it forges inefficiency from compromises to standard farming practices, development on sewage and water systems negatively impact groundwater levels, and farmers concerns go unheard as they lose political influence in the area.\n"
    },
    "63582": {
        "url": "/comment/63582",
        "comment": "I am very concerned about the poor precedent set by allowing development of lands on the green belt and compensating by calling river areas already protected as new greenbelt.\nConcerns:\n1.Loss of food security- we need to preserve southern Ontario farmland for future- once precedent set farmers will be able to use as grounds to sell to developers.\n2. Loss of carbon sink\n3. Disruption of watershed and animal habitat\n4. More urban sprawl- less access to country side for southern Ontarians  when we should be intensifying existing municipal lands and leaving green space alone to mimimize greenhouse gases from giant houses far from services\n5. Conflict of interest- developers support Ford election and get new lands in return\n"
    },
    "63583": {
        "url": "/comment/63583",
        "comment": "I don't support this at all. Real estate is expyon the city, very few people could afford it. So who would benefit once the greenbelt is developed? Not Ontarians for sure since people can't afford to buy property anymore.\nLegislate air bnbs and real estate speculators and foreign buyers.\nProtect the environment. Once the greenbelt is gone we can never get it back and our children will suffer. There's no promise of them being able to afford the houses/condos being built there anyway.\n"
    },
    "63584": {
        "url": "/comment/63584",
        "comment": "Mr. Premier,\nYour decision to attempt to backtrack on your promise to keep hands off the Greenbelt is concerning. Yet, in addition to deciding Hamilton\u2019s fate by overturning Hamilton\u2019s Official Plan decisions, you are threatening to take more unnecessary lands from the Greenbelt. Once you pave over agricultural lands, wetlands, conservation areas, etc there is no undoing that destruction. It is a callous and dangerous decision your government is making.\nWe are not living in the 1940s anymore. Enough of this sprawl development already!  Yes we need more housing. But how about fixing the laws to allow more secondary dwelling units on existing lots instead of the measly 50,000 or so that may be built with the current policies? How about allowing municipalities decide on what's best for their cities and towns? How about we build on underutilized parking lots, build more mid rise apartments,  more purpose built rentals(fyi federal and provincial governments basically gave up on this years ago, both Liberal and Conservative)for those who will never be in the financial position to buy a house (or have no desire for one)?\nThis saddens and infuriates me to no end.  You are throwing  away our agricultural independence and gutting our conservation authorities efforts to protect  what little natural area we have left in southern Ontario. This will set us back decades. Using impending immigration as an excuse to justify this move shows your Government's inability to think outside the box. When you have a number of large municipalities who are against paving through the Greenbelt and millions of citizens who cried foul when you tried to do it during your first term(including conservatives) and yet you still insist on doing it, it is very clear this is about satisfying developers who have ties to the Ford family and conservative party at large and less about providing housing. We can provide the necessary housing without doing this.\n"
    },
    "63585": {
        "url": "/comment/63585",
        "comment": "I submit this comment as a law student, an environmental advocate, and a concerned citizen.\nThe Greenbelt Act governs the preservation of the Greenbelt. I would like to highlight some key purposes of the Act:\n5(e)     to provide protection to the land base needed to maintain, restore and improve the ecological and hydrological functions of the Greenbelt Area; and\n5(i)      to control urbanization of the lands to which the Greenbelt Plan applies.\nThe Ministry intends to remove 7400 acres of protected land from the Greenbelt in the name of urbanization. These lands contain sprawling farmland, diverse ecosystems, and essential hydrological sites. Above all else, the Ministry should know that its Proposal directly contradicts the purpose of the Act.\nBy expanding the Greenbelt to include the Paris Galt Moraine, the Ministry can technically bypass the limits that the Greenbelt Act put in place to preserve the integrity of the Greenbelt:\n12(2)   The Minister shall not recommend a proposed amendment under clause (1) (a) if the proposed amendment has the effect of reducing the total land area within the Greenbelt Plan.\nThe Paris Galt Moraine contains invaluable watersheds and ecosystems and deserves to be protected, either by adding it to the Greenbelt or through other legislation. However, this protection should not be predicated on expunging other valuable lands from the Greenbelt, as this Proposal seeks to do. The Ministry is holding the Paris Galt Moraine hostage and demanding that if Ontarians want this chance to save it from development, then we must give up the proposed Greenbelt areas. This is not an acceptable or forward-thinking way to treat Ontario's lands.\nFinally, the approval of this Proposal would make a dangerous suggestion - that developing the Greenbelt is allowable if the Ministry deems it necessary to house our growing population. I am very concerned that this decision would lead to more proposals to weaken the Greenbelt in the name of urbanization, which again, directly contradicts the purpose of the Greenbelt Act (s.5(i)).\nThis poorly thought-out strategy to tackle the housing crisis would irreparably harm the incredibly valuable natural lands that surround our cities. I therefore strongly urge the Ministry to reconsider this Proposal.\nRG\n"
    },
    "63587": {
        "url": "/comment/63587",
        "comment": "I want the green belt to remain as is.\nThe green belt is for the future residents of ontario; not for greedy developers.\nThere is ample land around the GTA. Rezone. Densify. Do not develop the greenbelt.\n"
    },
    "63589": {
        "url": "/comment/63589",
        "comment": "Doug Ford was elected on a promise to not touch the Greenbelt. For the sake of future generations, do not make any changes to the current Geenbelt. In fact, it is my belief that more conservation areas and forested land should come under protection of the government. Alternative housing options should be looked at\u2026 like the creation of low rise buildings and duplexes or putting money into fixing already crumbling infrastructure in public housing and on indigenous reserves. Do not touch the Greenbelt!\n"
    },
    "63590": {
        "url": "/comment/63590",
        "comment": "While I understand it is tempting to target the greenbelt around already developed cities, why can we not use this as an opportunity to grow the northern portions of the province. Improving infrastructure in and to northern cities would allow development in barely touched areas, compared to expanding into the ever decreasing and fragile ecosystems of southern Ontario.\nI am against these expansions.\n"
    }
}