{
    "64490": {
        "url": "/comment/64490",
        "comment": "No. Please no. This is our source of fresh water. Our source of nature. Please do not cut corners and sacrifice our green belt for housing. No one in Ontario wants this. Your people will rally against this proposal. Do not go back on your promise to not touch the greenbelt. Do not displace the wildlife in this area. This is a grotesque shortcut and it cannot be allowed.\n"
    },
    "64492": {
        "url": "/comment/64492",
        "comment": "Ontario is a vast province. We should preserve the green belt, and especially it\u2019s agricultural space, for future generations.\nWe can improve housing supply without impacting green belt. We can zone for (and this government has demonstrated it can override municipalities) high density housing.\nWe can also encourage investment in communities that are not in the GTA, and make them more attractive to newcomers to our country.\nThe GTA does not need more urban sprawl. Already, the infrastructure struggles to cope with the vast distances people travel on a daily basis for work and pleasure. We cannot continue to build suburbia.\nThere is no need to change the green belt - unless there is a proposal to make it bigger.\n"
    },
    "64494": {
        "url": "/comment/64494",
        "comment": "The premier made a vow not to touch the Green Belt, and this provincial government needs to stand behind their words. We only get ONE Green Belt - any disruption on any portion of it puts our drinking water at risk, the wildlife at risk, and our well being as a province. As a citizen of this province, I am extremely worried that the answer to the housing crisis is to do irreparable damage to our environment.   Creating issues for generations down the line is NOT a worthy solution.\n"
    },
    "64496": {
        "url": "/comment/64496",
        "comment": "Food shortages are becoming so bad that we can't find things in grocery stores anymore. The government should be changing and creating policies so that building developers start creating new apartment buildings again, not paving over farmland with thousands of soulless, cookie-cutter townhouses out in the middle of nowhere. These new neighborhoods do not even contain any stores or offices, they're just feeder neighborhoods for already overwhelmed inner city infrastructure. They clog our streets and highways, increase commute times and pollution, and put strain on our electrical and water grids. Why did developers stop building new apartment buildings? Not condos, but actual rentable apartments? Fix whatever caused that issue so that developers are encouraged to build up the inner city again, and if they can't be encouraged to do so, you should strongly discourage or outright ban the paving over of green spaces.\nDestruction of significant wetlands, floodplain infringement, drinking water quantity/quality degradation, and food shortages are all outcomes being overlooked by the Ontario Provincial Gov't.\n"
    },
    "64497": {
        "url": "/comment/64497",
        "comment": "This is clearly a plan to make the wealthy more wealthy while sacrificing land and habitats that should remain protected.  We should be exhausting all options for density and affordability within our current boundaries before expanding further.  It's lazy, greedy, ignorant and all around shameful behavior.  Build up, not out.\n"
    },
    "64500": {
        "url": "/comment/64500",
        "comment": "We should not be opening the Green Belt for developers to get their hands on it. The gutting of conservation authorities and opening the Green Belt for government friendly developers is an absolute disgrace.\nThe government is elected to represent the people, not long-time buddy developers who want to make more money.\n"
    },
    "64503": {
        "url": "/comment/64503",
        "comment": "The greenbelt holds a great importance to the ecosystem of Ontario and preserving large areas of greenspace is important for both the human population of Ontario as well as the animals that live there. Building more subdivisions on the outskirts of the GTA won't solve the housing crisis and will only generate more traffic as most people commute into Toronto for work. The congestion on the 401 and Queensway have gotten significantly worse over the years, even leaving as early as 5am isn't a guarantee you have an easy drive.\nOntario should be investing in improving existing infrastructure in the GTA; investing more in public transit to reduce car traffic, building high density housing and ensuring that existing housing is seen as a human necessity before being treated as an investment. The GTA already has plenty of land to use without needing to expand into the greenbelt, cities worldwide have larger populations living comfortably on a land area smaller than ours (ex. London, England). A lot of the newer communities that have cropped up over the years in Mississauga, Brampton, Oakville, Pickering, Richmond Hill, etc. are low density developments that are heavily dependent on cars, don't add new jobs to the area and remove much needed greenspace from the area.\nBefore expanding into the greenbelt and possibly causing environmental problems for the population of Ontario in the future, we should make better use of the land we've already developed.\n"
    },
    "64504": {
        "url": "/comment/64504",
        "comment": "Stop killing the environment just to build more homes of which only 2 or 3 corporation will own the whole lot.\nWhat will happen in 2030 when, again, there is a lack of homes? Keep stripping the land of anything natural? Once you get to this stage, its really easy to keep going and killing more of Ontario each time. I can see that the last stage would be to demolish all of Algonquin park and make it into another city of unaffordable housing.\nInstead, try and see what would happen if people owned homes and nor corporations. Not just people, but people who live in Canada. There is no real reason why a company should own 40,000 homes and dictate rent. The only reason is 100% pure profit for their shareholders.\nTHAT is the issue that will solve this. Regular people simply cannot compete against corporations, we bid $200k on a home and that is all we can afford and even then just barely... the corporation will simply offer $275 because, hey, its not a big deal to them. THIS is what is causing the unaffordable housing, not lack of housing but lack of housing people can afford.\nTry to solve something without killing the planet. Its possible, its just that its harder and its obvious that our government is more likely to do the easy/quick/terrible outcome rather then come up with an actual solution that solves issues and doesn't just delay them for the next generation.\n"
    },
    "64505": {
        "url": "/comment/64505",
        "comment": "This government made a promise to protect the Greenbelt.  The voters of Hamilton elected a municipal government who sought to protest the Greenbelt.  This government has a moral obligation to follow the will of the electorate and carry out their promises made during elections.\nEven if the problem with house prices was lack of space (As opposed to companies buying houses on mass to rent), the government has a moral duty to honour a promise made during the election, and not change their platform after getting a mandate.\n"
    },
    "64507": {
        "url": "/comment/64507",
        "comment": "This is absolutely a terrible move and it reflects badly on Ontario. We don't need more luxury condos and suburbs. We need a reasonably affordable and accessible housing strategy that DOESN'T rely on taking a chisel to our already crumbling greenery. We can still develop housing, because we do desperately need it, but it absolutely needs to be more sustainable than outrageous single home Mcmansions.\n"
    },
    "64509": {
        "url": "/comment/64509",
        "comment": "I have concerns about the environmental impact of putting a highway through green space. I also have concerns about who is benefiting from this construction.\nOur land should be protected as is not flattened and destroyed for over priced housing and highway. If you truly want to benefit the people or this province you will invest in green energy and province supplemented housing.\nI'm incredibly disappointed in the direction this provincial government is taking. You clearly do not value what makes thus country or province unique. Health care, education, workers rights, the environments and social services.\n"
    },
    "64512": {
        "url": "/comment/64512",
        "comment": "Housing affordability is an important component of our society; however, it must be done through densification and not destruction of farmland/greenbelt. Building more car-dependant suburbs destroys communities and creates immense amounts of underfunded infrastructure. Instead of this, you must be focused on sustainable development, invest in public transport, and stop the urban sprawl.\n"
    },
    "64513": {
        "url": "/comment/64513",
        "comment": "It is obvious to everyone that this incursion into porous farmland and natural areas (which we are already very short of) is at the prodding of massive companies that build miserable low density subdivisions, that condemn residents to a life of sitting in their cars.\nIt is also obvious to everyone that the better way to add housing is to override the precious resident\u2019s mafias that block mid-rise densification in existing Toronto neighborhoods.\nIt\u2019s embarrassing, and sad, but kind of amazing how cheap your loyalty is (the big home builders would try much harder to sweeten the deal if you had any savvy at all) and how weak your resolve is to challenge the residents associations. Pathetic.\n"
    }
}