{
    "64444": {
        "url": "/comment/64444",
        "comment": "Please do not remove any part of the greenbelt for any reason. It is the only few green space we have left. I do not support the movement to reduce or use the location dedicated to greenbelt.\n"
    },
    "64446": {
        "url": "/comment/64446",
        "comment": "Destroying farmland, wet lands and watershed areas is a bad idea. That I am sure you do not care about since the goal is to further enrich select individuals that finance the political system for personal benefits. An example of this is the land that was purchased near the proposed highway 413.\nIt will not solve ubrban sprawl, population density. And transportation.\nIt will make a few people very rich and exploit the situation even further of the housing issues and generally make the standard of living for my children extremely high in this province.\nWith these short sighted objectives my children will not stay in this province.\nI am sure the thoughts and comments will be ignored as shown by previous actions of this government.\n"
    },
    "64448": {
        "url": "/comment/64448",
        "comment": "The housing crisis should not take precedent over our environment. We shouldn\u2019t threaten the carrying capacity of our environment. The green belt act was established for the purpose of protecting vital ecosystems and curbing urban sprawl. This housing plant is a direct show of the hypocrisy in our politicians. Don\u2019t touch the green belt. The new houses and subdivisions are disgusting. If we\u2019re in need of places to live start building more apartment buildings. More units in less space. Duh.\n"
    },
    "64449": {
        "url": "/comment/64449",
        "comment": "I fought to preserve the Oak Ridges  moraine. This is a disaster for our fresh water table, we don't need more development ,we need sustainable controlled growth. These changes are just a cash grab to make developers rich. I will be told to cut back on Energy use and that l can't water my flowers when resources become scarce due to climate change and overdevelopment. You are destroying my Grandchildren s future for short term and the current Governments gain. This is not democracy or Canadian values. Not to mention the increase in crime which is part  or rapid growth. Living in the GTA is not a right but a privilege for working hard.\n"
    },
    "64450": {
        "url": "/comment/64450",
        "comment": "Densify what we have now.  Your own report says that we have more than enough land to not need to use the greenbelt.\n\"But a shortage of land isn\u2019t the cause of the problem. Land is available, both inside the existing built-up areas and on undeveloped land outside greenbelts.\"\n"
    },
    "64451": {
        "url": "/comment/64451",
        "comment": "We should not be developing parts of the greenbelt and risking irreparable damage to both the environment and wetlands.  There are better methods of development focused on urban densification and appropriate usage of area already available to developers.\n"
    },
    "64452": {
        "url": "/comment/64452",
        "comment": "Ontario\u2019s Greenbelt protects farmland, communities, forests, wetlands and watersheds. It also preserves cultural heritage and supports recreation and tourism in Ontario\u2019s Greater Golden Horseshoe.\nOne of the most biologically rich areas in all of Canada, the Greenbelt includes the Niagara Escarpment and Oak Ridges Moraine \u2014 which filter and replenish groundwater, and feed into the many river systems that flow through Canada\u2019s most developed region.\nThe Greenbelt safeguards the vital resources that clean our air and water, reduces our flood risks, provides a home for wildlife, and ensures our communities have greenspace to explore.\nThe health of the Greenbelt affects the quality of drinking water for more than seven million Canadians.\nWith all of the above in consideration, I strongly urge those of you who have the power in this decision to *absolutely oppose* all proposals to allow further degradation of our protected lands in the Greenbelt for the sake of development and further urban sprawl.\n"
    },
    "64453": {
        "url": "/comment/64453",
        "comment": "This is an affront to democratic practices. The Hamilton boundaries were discussed extensively. The people were asked to vote. They did- spectacularly- against expanding into the green belt. For the provincial government to push through such changes anyways, is a continuation of the flawed thinking that led to the creation of (and now repeal process of) Bill 28. Processes are in place for a reason. When the answer from the people is contrary to the wants of the government, the people shouldn\u2019t be steamrolled.\nThe no vote was not without its solutions and suggestions. The provincial government needs to work with the people on solutions that do not jeopardize Ontario\u2019s self sustaining ability to feed itself as well as protect our incredible environment.\n"
    },
    "64455": {
        "url": "/comment/64455",
        "comment": "There are other options for housing development!\nSouthern Ontario has vitally fertile lands that support the health of our ecosystem and provide food for the province. The Greenbelt is an integral part of maintaining these ecosystem functions. Its wetlands filter out water and protect our aquifers from contaminants, its forests provide habitats for native species and pest-fighting organisms that boost agricultural production, and its agricultural lands feed the province. We can't just outsource our greenspace to the North because the growing season is shorter and the soils are shallow with limited fertility. These lands were protected in 2005 for a very good reason.\nDevelopment of the Greenbelt into more urban sprawl does not benefit the people of Ontario. The entire purpose of the Greenbelt is to protect these vital lands from the encroachment of urban sprawl. Development of them now will line the pockets of developers while reducing the airable land for the future. We need our farmland, forests, and wetlands intact for the prosperity of future generations.\nThis is a short sighted approach to our housing issue. We need to intensify, not sprawl. Investment in mixed use buildings in low density areas will reduce the environmental impact of our increased housing needs, not just by protecting the Greenbelt but by reduction in travel for people working in those areas. Sprawl will lead to more cars on the road, more wasted hours commuting, and more emissions detrimental to our survival on this planet. Why is the province not investing in high speed commuter trains? Why not encourage manufacturing and other businesses to move to smaller communities to support their growth? Did you know there is more to Ontario than just Toronto?\nDevelopment of the Greenbelt will destroy what makes this province great. We are so lucky to have healthy soils for farming, greenspace to enjoy, and a vibrant ecosystem to coexist with. Don't ruin it forever because you're greedy. This is NOT the will of the people.\n"
    },
    "64457": {
        "url": "/comment/64457",
        "comment": "Stop building car centric suburbs and swaths of highways and parking lots on some of the only green space we have left. These are just wasteful single family dwellings that the vast majority of us can't afford anyway\nHow about we fund our public transportation and rezone the inner cities to allow for more mixed use neighbourhoods and multi-family houses. But you won't do that because you're afraid of a few wealthy people shouting about how they need their SUVs\n"
    },
    "64458": {
        "url": "/comment/64458",
        "comment": "Do not build on the green belt. Do not destroy the ecosystems that support the longevity of our province. Any construction or destruction of this protected land will be catastrophic to wildlife, trees that keep our air clean, clean waterways, and generations of farmland. Get your shovel outta there, Doug. No one wants to you create housing on the green belt. There are other ways to manage the housing crisis like requiring a percentage of all new housing developments to go to low to mid income households, more rental buildings, requiring homeowners to occupy the property they buy themselves, more mixed-use buildings. Literally all kinds of options that don\u2019t even need to touch the green belt.\n"
    },
    "64461": {
        "url": "/comment/64461",
        "comment": "The Greenbelt is beyond important. Supports biodiversity , helps control flood areas, protect our water tables, creates areas for everyone to enjoy, houses important sensitive ecosystems, and much more. Housing is needed but not there. We do not need more sprawling suburbs, dependent on cars. We need affordable, higher density housing and greater investment in our healthcare and education systems to support this.\nThe Ford government promised that the Greenbelt was off limits for development. It is outrageous that this is even being considered.\n"
    },
    "64462": {
        "url": "/comment/64462",
        "comment": "I wholeheartedly oppose this proposal. The Greenbelt is an incredibly delicate and important area that previous governments realized was key to maintaining our ecological system, fresh water and flood mitigation.\nChanges to the conservation plan should be rejected out right, and the province requested to find another way to improve housing affordability that doesn't include paving over and selling this fragile ecosystem to a group of developers.\n\"Moving\" this designated land to another area completely defeats the original purpose of the greenbelt, which is to protect SPECIFIC areas from wanton development and short sighted thinking.\n"
    },
    "64463": {
        "url": "/comment/64463",
        "comment": "We should not be converting the Greenbelt to make housing.\nWe have more than enough land available to build dense housing. We don't need anymore suburbs or sprawling cities; we need more intense developments. We need 3 to 6 story buildings in new developments, and more intense buildings in downtowns of cities like Windsor, London, Hamilton, Kingston.\nIf we have more starter apartments and condos they will quickly halt the rising rental costs of existing units and make living more affordable for Ontarians.\nIt will also create space for people moving into Ontario and our youth to get their own living space; keeping our educated youth in the province is key to our future.\nMunicipal plans show that there are approximately 88,000 acres of land within urban boundaries across the region already approved for housing \u2014 enough to meet Ontario\u2019s provincial growth projections for decades to come. Developers hold this land and some municipalites don't allow for dense buildings in low density neighbourhoods. We need to incentivize developers to start developing the current land in a more dense fashion and over-rule municipalities on these outdated zoning laws allowing for more dense infill projects.\nWe need more 4 to 6 storey condos & apartments in low density zones. We need more high density apartments and condo's being built in cores and infill lots.\nBuilding dense apartments/condos within our existing cities will save us all money, while also revitalizing the local economy and community design. Sewers, water pipes, roads and schools are all cheaper to build and maintain when more people live in a neighbourhood. Public transit that is frequent and close-by becomes possible and people can choose to walk to a store, restaurant or work instead of having to rely on a car.\nThis is a better option than opening up the Greenbelt to development and I urge you to consider it.\nOntario needs her green spaces of the green belt for future generations and we need our farmland to support our population. Please stop sprawl development.\n"
    }
}