{
    "79207": {
        "url": "/comment/79207",
        "comment": "I am strongly against the use of greenbelt lands in Ontario for housing development. These lands provide important ecological benefits and will only become more critical as we fight against climate change. There are other strategies to increase affordable housing in the province without encroaching on legal precedent for environmental protections.\n"
    },
    "79209": {
        "url": "/comment/79209",
        "comment": "The ignorant and hasty destruction of land and waterways is short sighted and dangerous. Where homes were built a century ago or more and are still standing, current developments happen with haste and greed. The government\u2019s proposal is devastating to current and future generations of humans as well as a raping of the environment and ecosystems that we and all living beings rely on so that we can live in health and wellness.\n"
    },
    "79210": {
        "url": "/comment/79210",
        "comment": "This proposal is a betrayal of the assurances that the Ford government previously made to Ontarians that the Greenbelt would not be developed. The protection of this land represents a sacred trust between our current generation and future generations of Ontarians. To open up large chunks of it to sprawling development violates that trust. Doug Ford, Steve Clark and their apparatchiks have no moral right to do this. I am certain that the majority of Ontarians do not support the proposal. The only ones that would favour it are developers and land speculators, and history and common sense tell us that these people rarely have the public interest at heart, but rather only their pocketbooks.\nIs there a housing crisis in Ontario? Perhaps there is. But one doesn\u2019t solve a crisis by exacerbating other urgent problems. We are in the midst of growing climate instability in this province and country. Food security is an issue around the world. And nature and the wildlife species that inhabit it are under increasing pressure everywhere, including Ontario. In the face of all these serious threats, why would our provincial government even think of sacrificing thousands of acres of precious forests, wetlands and farmland in exchange for endless swaths of cookie-cutter subdivisions and McMansions? It is the height of irresponsibility.\nBy contrast, the responsible approach would be to utilize lands that have been already designated for development as locations for future housing. According to this year\u2019s report by the Ontario Housing Affordability Task Force, there are over 86,000 acres in the GTA and Hamilton region alone that have been designated as such. This is believed to go well beyond the capacity that is projected to be required to meet Ontario\u2019s long-range housing goals, and it refutes any reasoning or pretext given by the Ford government for exposing the Greenbelt to destructive development.\nThe proposal in question, as it stands now, is simply a needless environmental catastrophe in the making. If implemented, it will enrich a few at the expense of many. And it will be a terrible legacy to leave behind for not only Doug Ford and Steve Clark, but for all present-day Ontarians. It needs to be stopped, and I hope that it will be legally challenged until it is stopped, and until the Greenbelt is preserved in its entirety, as it was promised to be.\n"
    },
    "79214": {
        "url": "/comment/79214",
        "comment": "All we hear is that we need to do this or do that, or stop this to save our environment.   Politicians just like Mr Ford and many others run their election platforms on false promises to protect the environment.  BUT YOU ARE FAILING US!!!\nWe are at a point where we have already done unrepairable damage, eliminated species.  Look at our weather.   Are you blind?\nYou have kids, you have family.  You are writing a very dark and deadly future for them.\nWhy do this?  For the almighty dollar!  Don't do it.\nAll this immigration is going to kill our country. You are taking care of the new people vs the many existing  that have contributed alot already over the years. If you direct money into the existing population and their upcoming family,  you'll get families having more kids as you are making it affordable for them.  PLEASE DONT TAKE OUR PROTECTED LANDS.  REDUCE IMMIGRATION, BE TRUE TO YOUR WORD AND CANADA.  DON'T TURN US INTO A SOUTH ASIAN COUNTRY WITH ALL THEIR ENVIRONMENT PROBLEMS.   DONT BYPASS COMMITTEES, ETC\n"
    },
    "79215": {
        "url": "/comment/79215",
        "comment": "Hello,\nI think the proposed amendments are absolutely preposterous. These amendments do not address the glaring inequalities in housing and will deepen the current crisis, both in housing and in the environment. I hope Doug Ford finds god and his sanity in these next weeks and repeals this amendment.\nSincerely,\nEmily\n"
    },
    "79216": {
        "url": "/comment/79216",
        "comment": "ERO FILE NUMBER 019-6216\nProposed Amendments to the Greenbelt Plan\nLands Located in the City of Hamilton\nSouth of Garner Road West, West of Fiddlers Green Road, East of Shaver Road, in the Vicinity of Book Road West \u2013 Map 9 to ER0 FILE 019-6216\nI strongly support the removal of these lands from the Greenbelt for the following reasons:\nIt's across the street from the high school!\nThe lands are adjacent to existing settlement areas;\nThe lands are adjacent to the edge of the Greenbelt area boundary;\nThe lands have the potential to be serviced in the near-term with local infrastructure upgrades to be entirely funded by proponents; and\nThe lands proposed for the removal have the characteristics that would enable housing to be built in the near term;\nThe subject lands were inappropriately and precipitously added to the Greenbelt in 2016 without proper consultation with residents and businesses in the area;\nThe inclusion of the subject lands in the Greenbelt in 2016 was contrary to the City of Hamilton\u2019s staff position and that of their consultants engaged in the Greenbelt review process;\nThere is no planning or scientific justification to support the inclusion of the lands in the Greenbelt.  The inclusion appeared totally arbitrary;\nI understand that the City of Hamilton requires these lands to meet housing needs to address affordability and supply issues.  This is an area that affords excellent accessibility to major highways and community services in the abutting urban area of Hamilton and the Ancaster community.  I strongly support the Provincial initiatives to increase the supply of housing in my community so that my children and grandchildren can remain in the area.\n"
    },
    "79218": {
        "url": "/comment/79218",
        "comment": "We are writing to express grave concerns about the proposed changes to the Greenbelt that will completely destroy the integrity, structure and entire purpose of the Greenbelt and unleash such a land speculation gold rush that a bill designed for Housing affordability will instead drive farmers off our farmland and ensure that only a privilege few will ever able to be able to afford a house or land in massive part of our province.\nPrevious provincial governments have upheld the integrity and permanent planning intentions of the Greenbelt by refusing hundreds of take out requests and making it clear that the Greenbelt was permanent protections designed to last for generations.  Even in my own Waterloo Region (that is also about to be destroyed) it has been made clear for deacades that our growth will be focused in our urban cities with our four rural townships remaining rural.\nWith such clear expectations and long-term planning we have not seen the level of land speculation and foreign purchases of vast tracts of land by investment companies hoping for development that our neighbouring counties and regions have seen.  Instead, our farmers have invested in the land knowing that it will be there for future generations and as a result not only are our farms the most profitable per acre in Canada but we enjoy an incredible quality of life with local farmers markets, farm gate sales and almost everyone in our region living only minutes from the countryside.  It is unique in Canada and likely the world yet is one of the prime drivers of the quality of life we enjoy.\nWe urge you to uphold the integrity of the Greenbelt.  Ensure there is a clear message that these lands are permanently protected for future generations.  Once the integrity is shattered with takeouts and destruction the floodgates are open and no matter whatever criteria is set, governments will be overrun with requests for land removals in a continual onslaught that is to nobodies benefit but a few lucky land speculators and comes at huge cost to the greater public good and the sustainable future we are going to need for climate change.\nPlease do not allow these proposed changes to proceed.  Learn from the examples of thriving, sustainable, and affordable communities, land, and food elsewhere before destroying our Greenbelt for unsustainable urban sprawl and ever increasing food prices and food insecurity due to having to import food from far away.\n"
    },
    "79219": {
        "url": "/comment/79219",
        "comment": "ERO FILE NUMBER 019-6216\nProposed Amendments to the Greenbelt Plan\nLands Located in the City of Hamilton\nSouth of Garner Road West, West of Fiddlers Green Road, East of Shaver Road, in the Vicinity of Book Road West \u2013 Map 9 to ER0 FILE 019-6216\nI strongly support the removal of these lands from the Greenbelt for the following reasons:\nWe need more single family homes.  Not everyone wants to be in a high-rise.\nThe lands are adjacent to existing settlement areas;\nThe lands are adjacent to the edge of the Greenbelt area boundary;\nThe lands have the potential to be serviced in the near-term with local infrastructure upgrades to be entirely funded by proponents; and\nThe lands proposed for the removal have the characteristics that would enable housing to be built in the near term;\nThe subject lands were inappropriately and precipitously added to the Greenbelt in 2016 without proper consultation with residents and businesses in the area;\nThe inclusion of the subject lands in the Greenbelt in 2016 was contrary to the City of Hamilton\u2019s staff position and that of their consultants engaged in the Greenbelt review process;\nThere is no planning or scientific justification to support the inclusion of the lands in the Greenbelt.  The inclusion appeared totally arbitrary;\nI understand that the City of Hamilton requires these lands to meet housing needs to address affordability and supply issues.  This is an area that affords excellent accessibility to major highways and community services in the abutting urban area of Hamilton and the Ancaster community.  I strongly support the Provincial initiatives to increase the supply of housing in my community so that my children and grandchildren can remain in the area.\n"
    },
    "79222": {
        "url": "/comment/79222",
        "comment": "To whom it may concern:\nMy name is Lucrezia Chiappetta, I am a resident of Caledon and Co-Chair for ecoCaledon, a local non-profit championing climate action in the Town of Caledon. I am writing to provide comments on Bill 23 the More Homes Built Faster Act.\nFirst and foremost, I DO NOT believe any conservation lands should ever be sold for development. These lands are needed for habitat, flood prevention and to act as carbon sinks - sequestering more carbon than they release.\nCurrently, there is already a large quantity of land designated for development in the Town of Caledon - therefore, there is no need to designate any additional land for urban development.\nWe need to be bold and innovative and we need to act quickly if we want to escape the worst impacts of climate change. Our focus should be on creating sustainable communities through gentle density and mixed-use communities that are Greenbelt friendly, farmer friendly, wildlife friendly and build climate resilience amongst residents.\nSecondly, I believe that the Bill will GUT the Green Development Standards many municipalities have put in place to make new buildings sustainable and energy efficient, with the goal of bringing down local emissions.\nI am a big believer that our community can grow SUSTAINABLY! The Town of Caledon has a plan for healthy and complete neighbourhoods that offer a mix of housing opportunities, a wide range of community amenities, and easy access to the goods and services we require daily without always needing a car.\nI am committed to advocating for the implementation of green development standards (currently being developed by the Town\u2019s Energy and Environment Department) that would ensure energy efficiency, active transportation, greenspace, tree canopy and proximity to amenities is required by developers. Furthermore, I am committed to advocating to retrofit existing communities in order to improve accessibility and connectivity within existing areas - allowing for better active transportation.\nI know that Ontario residents value clean air and water, protected wildlife and greenspace, local food, climate change action and a healthy future for all residents. I hope that you will consider amending and removing sections of Bill 23 and take the time to properly consult the public.\nSincerely,\nLucrezia Chiappetta\n"
    },
    "79226": {
        "url": "/comment/79226",
        "comment": "ERO FILE NUMBER 019-6216\nProposed Amendments to the Greenbelt Plan\nLands Located in the City of Hamilton\nSouth of Garner Road West, West of Fiddlers Green Road, East of Shaver Road, in the Vicinity of Book Road West \u2013 Map 9 to ER0 FILE 019-6216\nI strongly support the removal of these lands from the Greenbelt for the following reasons:\nThe land is close to everything in Ancaster.\nThe lands are adjacent to existing settlement areas;\nThe lands are adjacent to the edge of the Greenbelt area boundary;\nThe lands have the potential to be serviced in the near-term with local infrastructure upgrades to be entirely funded by proponents; and\nThe lands proposed for the removal have the characteristics that would enable housing to be built in the near term;\nThe subject lands were inappropriately and precipitously added to the Greenbelt in 2016 without proper consultation with residents and businesses in the area;\nThe inclusion of the subject lands in the Greenbelt in 2016 was contrary to the City of Hamilton\u2019s staff position and that of their consultants engaged in the Greenbelt review process;\nThere is no planning or scientific justification to support the inclusion of the lands in the Greenbelt.  The inclusion appeared totally arbitrary;\nI understand that the City of Hamilton requires these lands to meet housing needs to address affordability and supply issues.  This is an area that affords excellent accessibility to major highways and community services in the abutting urban area of Hamilton and the Ancaster community.  I strongly support the Provincial initiatives to increase the supply of housing in my community so that my children and grandchildren can remain in the area.\n"
    },
    "79227": {
        "url": "/comment/79227",
        "comment": "Re:  Proposed Amendments to the Greenbelt Plan (ERO 019-6216)\nThank you for the opportunity to provide feedback on the proposed changes to the Greenbelt Plan for the Ministry of Municipal Affairs and Housing.\nI understand and agree that there is a housing supply and affordability issue in Ontario that needs to be pragmatically addressed, and therefore support the government\u2019s commitment to reducing unnecessary barriers to development and streamlining processes. That said, there is no reason that the province cannot meet their development targets while protecting the Greenbelt.\nThere is no need to perform any of the proposed amendments to the Greenbelt for reasons explained below:\nImportance of the Greenbelt\nThe Greenbelt protects the headwaters of the rivers flowing into Lake Ontario and preserve valuable farmland that Ontario desperately needs.  With global shortages of produce like lettuce, why wouldn\u2019t Ontario want to utilize these farmlands instead of destroying them.  It is the home of Ontario\u2019s only two specialty crop areas and amongst the most fertile soils and unique climate conditions to grow crops that can\u2019t be found commercially anywhere else.  This would be a huge economic benefit to Ontario.\nOntario\u2019s Greenbelt is the world\u2019s largest protected land providing Ontario with fresh clean water, local food and drink and world class outdoor recreation and tourism experiences.  With it being such valuable land for Ontario, there is no logical explanation to remove protection from any of it.  In addition, when something as valuable as the Greenbelt is destroyed, it cannot be replaced.  Individuals/companies/governments should not be able to gain from removal of Ontario\u2019s resources personally or financially.\nLands are already designated for development\nLeading Architects in Ontario recently stated that there are already 86,500 acres within the GTA currently zoned and ready for development.  When lands area already slated for development, the process is more streamline and could have started already.  There would be no need to even propose developing on the Greenbelt.  In addition, other municipalities throughout Ontario already have Official Plans and zonings for development.  Removing protections like Bill 23 and the Greenbelt is harmful to Ontario\u2019s resources and redundant when development could have already started on developable lands.\nProposal to add Lands to the Greenbelt\nOntario previously announced that they would add the series of 13 urban rivers and valleys to the Greenbelt, and they received backlash.  The 9400 acres being added for protection does not mitigate the net loss of the protected land in the Greenbelt.  This is partially because most of the added lands were already protected from development in the first place, so it does not mitigate the net loss of the valuable Greenbelt land being removed.  By removing the 7400 acres, it will destroy the concept of permanent protection that is vital to the functioning of the Greenbelt as a whole and it will unleash controversy of land speculation across the entire Greenbelt.  Denying farmers and landowners the certainty they need to continue stewarding the forests, wetland, and soils on their land, and pushing ownership forever out of reach.\nRemoving protections could also start a never-ending queue of Greenbelt land speculators at the Minister\u2019s door, each with their own convenient rationalization for paving their own portion of the Greenbelt.  It is hoped that the Government of Ontario would govern for the benefit of the people of Ontario and not for financial gain or biases of others to financially gain.\nI recommend that:\n\u2022\tThe province considers promoting food production in the Greenbelt and preserve our valuable soils especially at a time of food shortages.\n\u2022\tThe province leaves the Greenbelt in its current state as originally promised approaching the June 2, 2022, election.  With the last election having a small turnout, misleading voters before elections will not help motivate others to vote in the future.\n\u2022\tThe province focuses efforts on building up urban areas instead of urban sprawl outwards.\n\u2022\tLarge scale developments should be limited to municipal urban boundaries where infrastructure and transportation currently exist.\n\u2022\tThe proposed changes to the Greenbelt be repealed.\n"
    },
    "79229": {
        "url": "/comment/79229",
        "comment": "I am a 19 year old student from southwestern Ontario asking the government to show some restraint on their greed and keep the Greenbelt for other generations.\u00a0 Heed the advice of your own Ontario Housing Affordability Task Force.\u00a0 \u00a0\"a shortage of land isn't the cause of the problem, land is available\"\u00a0 (including 86000 acres within the GTA and Hamilton area)\u00a0 \"Greenbelts and other environmentally sensitive areas must be protected and farms provide food security.\u00a0 Relying too heavily on underdeveloped land would whittle away too much of the already small share of land devoted to agriculture\"\u00a0 pg 10\n"
    },
    "79231": {
        "url": "/comment/79231",
        "comment": "Refer to attached letter and maps\n"
    }
}