{
    "62523": {
        "url": "/comment/62523",
        "comment": "Dear Premier Ford,\nGet your greedy paws off our Greenbelt!  This land is essential for climate control, flood control, and wildlife and plant habitat. If this land is not protected, we will all pay dearly for it in the end. Ontario's eco system demands protection of the Greenbelt.\nLast week various NDP members were thrown out of parliament for calling you a liar. They were correct. Your Minister Steve Clark promised the Greenbelt would be left alone. You have lied again. I think it is you and your Ministers who should be thrown out of parliament for lying to the people of Ontario. You work for us, the people of Ontario. You do not have our permission to make any changes to our Greenbelt.\nSincerely,\nyour Employer\n"
    },
    "62524": {
        "url": "/comment/62524",
        "comment": "By no means should this government remove protections on the green belt to allow these lands to be sold for development.  The protection of the area is of critical importance and for this government to unilaterally revoke these protections is not only against the interests of Ontarians but such short-minded thinking as to become the very definition of insanity.  We all understand that we are in critical times and it is the governments duty to protect environmentally significant lands from the hands of developers.  We need government representatives who will stand up and fight for us, not sell us out to the highest bidders.  Totally and utterly disgusted at this blatant show of tyranny.  Ontarians deserve better.  The plants and animals who call these lands home deserve better.  Our children deserve better.\n"
    },
    "62525": {
        "url": "/comment/62525",
        "comment": "I am absolutely appalled that the government is proposing to build new homes in the PROTECTED Greenbelt. This is an incredibly important area of land and homes should not be built here. Nor should there be any development on this land, whatsoever. This is what the Premier promised and now he is proving himself to be a liar. Please do not do this. Please continue to protect this important land.\n"
    },
    "62527": {
        "url": "/comment/62527",
        "comment": "The Greenbelt is an important part of Ontario. It cannot be cut up and put into parcels without impacting waterways and plant and animal species. We are also in a climate emergency where we need to keep any area which sequesters carbon. It seems that this plan is making it seem like the Greenbelt would be larger in the end but the added land was already protected. This plan is a sham.\n"
    },
    "62530": {
        "url": "/comment/62530",
        "comment": "I am opposed to any removal of greenbelt lands to expand development, even with proposed additions.\nThis is a misleading proposal, as the additional lands were already committed to prior to the proposed removals, and is being misrepresented as a fair trade.\nThe lands being removed currently protect parts of the oak ridges moraine aquifer, which is critical to clean water security in many parts of Ontario.\nThe areas provide critical connections to maintain biodiversity and sustainable ecosystems. Cutting off areas of the belt will lead to species decline and damage carbon-capturing green space that lessens our contribution to Climate Change.\nThe greenbelt has helped the GTA to reduce sprawl, protect the natural environment and provide access to more food for the region. The greenbelt is playing a role in increasing densities in the GTA. Higher densities and lower sprawl help in reducing the cost required in maintaining roads and sewerage system. This in turn translates into lessening the cost burden on municipalities.\n"
    },
    "62531": {
        "url": "/comment/62531",
        "comment": "The GTA is also sorely lacking in greenspace and further removing what is already there will make this area even more depressing to live in. Yes this will not reduce greenbelt designated area but it will still reduce green space accessible for me and my family. We need more dense urban areas, rather than increasing sprawl, in order to combat climate change.\n"
    },
    "62532": {
        "url": "/comment/62532",
        "comment": "Please do not build on the belt line. I support housing and development, however, this upsets me and makes me reconsider voting for Ford.\nI support the Ontario line and many of Ford\u2019s initiatives, however, this is irresponsible. We need thoughtful investments in infrastructure. Not bulldozing wetlands.\nI believe we are smart enough to build homes without the destructions of habitats.\nThe Greenbelt is an incredible resource that is special to Ontario. Learning this news is very upsetting.\n"
    },
    "62533": {
        "url": "/comment/62533",
        "comment": "This is an insult to all Ontarians. This is precious natural land that our ecosystem desperately needs.\nInstead spend the money to renovate and revitalize buildings and infrastructure in the GTA that can also support low income housing. Destroying the land will only create more problems for us down the road. I have vocalized this on every occasion that the lands must be protected. The Ford government is slashing Ontario funding while trying to put through his own financial gains. It's disgusting and he will be know for generations to come as a selfish egotistical premier. He should be ashamed.\n"
    },
    "62534": {
        "url": "/comment/62534",
        "comment": "Is there any research or evidence to suggest that the government's housing goal (1.5 million homes over the next 10 years) requires the removal of greenbelt lands?\nCan the housing goal be achieved without removing greenbelt land?\nRemoving land from the greenbelt should only be done if it's necessary and not because it's convenient.\n"
    },
    "62535": {
        "url": "/comment/62535",
        "comment": "This is a terrible idea. I understand that housing is a concern, but if we want to hav long term sustainability in our communities then we need to take into account groundwater, flood plains, terrain, farmland etc. There is a damn good reason these lands were protected in the first place.\nWhy is it so important that those particular parcels be developed? If there are other parcels to \u201csubstitute\u201d then build there. Build in less sensitive areas and invest in transit solutions that make living outside cities feasible. High speed rail would do a lot more to solve these issues than paving the headwaters of our water supply.\n"
    },
    "62536": {
        "url": "/comment/62536",
        "comment": "The greenbelt should not be used to build the required housing. Other land sources should be explored. Car infrastructure takes up a lot of space that could be used for housing. Moving away from over reliance on car infrastructure toward mass transit would help free up space for dense mixed-use housing that scales better with population growth.\n"
    },
    "62538": {
        "url": "/comment/62538",
        "comment": "The greenbelt should not be developed on at all, period. In this day and age with the massive issues of global warming and biodiversity loss, prioritizing single family home development is a terrible use of land. Natural forested lands absorb carbon and provide habitat to our native species of plants and animals - far more valuable than sprawl development perpetuated by antiquated ideals of residential living.\nRepurposing existing developed lands towards higher density residential neighbourhooda is far more efficient. These private developers have more than enough money to do so.\nAllow environmental and urban planners to do their job without politics and wealthy lobbying interest getting in the way. We need to allow experts to pave our progress, not $$$.\n"
    },
    "62541": {
        "url": "/comment/62541",
        "comment": "I am a lifelong resident of Ontario. Despite offers to leave the province I have decided to stay and raise my daughter here. My favourite part of this province is the unique greenspace and beautiful environment we act as stewards for. We have developed an international reputation as having among the most beautiful countries to live in in the world. I am extremely disappointed and upset to see this plan to pave over existing Greenbelt to make room for more houses. While I understand this plan is a response to the need for housing and anticipated growth I do not believe this is the solution. Let us reconsider how we live, building up rather than out, and expressing to the federal government that we must continue to work on creative solutions to housing before opening the doors to 500,000 new Canadians per year while we struggle to meet the demands of our existing population. We owe it to this planet, the wildlife and the nature we enjoy. Thank you for considering this perspective.\n"
    },
    "62542": {
        "url": "/comment/62542",
        "comment": "The proposal highlights primarily areas of natural heritage to be turned into housing developments on the outskirts of the GTA, however there is seemingly limitless opportunity for infill within the City of Toronto and in the focal areas of the surrounding cities. Most of Toronto hasn't even begun to look like any city with a practical level of density which could allow sustainable transportation and attractive access to amenities.\nGreenbelt (and satellite) development will saddle the GTA with debt and flagrant emissions for a century. The targeting of natural heritage first and foremost in the plan changes the tone from misguided to spiteful.\n"
    },
    "62543": {
        "url": "/comment/62543",
        "comment": "This is a short sighted and selfish proposal. The Greenbelt was originally set aside and protected as it is extremely ecologically sensitive and important land. Removing these essential sections of it would destroy much of its ecological value for short term gain. Even if new areas are added this will not fix the huge amount of environmental harm done by destroying these heritage sites. It would additionally push already threatened species such as coyotes into suburban or urban areas, negatively affecting people living there, their pets, and the species themselves.\nThe housing crisis should be addressed with increased density in areas which already contain the infrastructure necessary to support this number of people. The Greenbelt should NOT be sacrificed for a few thousand homes and money in developers pockets when we already have physical space and infrastructure for these people elsewhere.\nThe Ontario government knows how valuable the Greenbelt is and it is disgusting that they are willing to destroy such important land for what is at best a futile attempt to fix a problem that could be addressed in other ways, and at worst, a corrupt attempt to put money in the pockets of their friends.\n"
    }
}