{
    "76083": {
        "url": "/comment/76083",
        "comment": "This is unconscionable in a time when we face an escalating climate crisis. We need all the green spaces left. We need to be expanding our green spaces, not cutting them and bulldozing them clear. The Ford government will have to be removed, along with the rest of the Conservative Party, because they clearly do not care about the greater good, the environment or our future generations.\n"
    },
    "76085": {
        "url": "/comment/76085",
        "comment": "I\u2019m saddened by the Ministry\u2019s proposal to remove areas of the Greenbelt as part of a \u201cMore Homes Built Faster\u201d initiative. I would much prefer the government pursue a \u201cMore Homes Built Thoughtfully\u201d plan than the current proposal to remove Greenbelt lands under development pressure across the GTA , replacing them with land which is already largely agricultural.\nThe principle behind the creation of the Greenbelt was and is to protect land which is under development pressure. Ideally, the government would be adding to the Greenbelt in areas where development pressure is growing, such as the Paris Galt Moraine, not removing it from areas where pressure is greatest.\nThe Ministry proposal supports urban sprawl which increases servicing costs for us all and diminishes greenspace in areas where it is desperately needed by large urban populations instead augmenting it in areas far removed from these populations. Yes, we need more housing, but paving over agricultural land and removing environmental protection from headwaters that supply the GTA with water is neither \u201csmart\u201d or \u201cstrategic\u201d. The houses to be built quickly will not be the affordable homes so desperately needed in Ontario. They will be oversized and car dependent and will in turn demand more road and highway development in the Greenbelt. Developers prefer the current proposal because buying tracts of agricultural land makes building easy and profitable. However, this kind of development costs Ontario residents more in property taxes, in loss of accessible greenspace, and in loss of local food sources.\nThe bold action the province needs to take regarding housing is not to pave over Greenbelt land with new housing subdivisions and highways to service them. The bold action required is more medium density infill housing (low-rise multi-units) and rezoning to promote such housing. The government should be providing more financial shelter assistance to low-income families and to support creative and sustainable affordable housing initiatives.\nHousing experts argue that we don\u2019t need more agricultural land for housing, we need more medium density housing within existing urban boundaries. This is a more costly proposition for developers, but like every other industry they must learn to adapt to new priorities and needs in a time of ecological crisis. We know what makes livable cities, it\u2019s not condo towers and single detached homes with nothing in between. It\u2019s walk\nable neighbourhoods with many amenities, with mixed housing, and good public transit. That is not what\u2019s being proposed.\nLet\u2019s be \u201cstrategic\u201d and \u201csmart\u201d and focus on thoughtful planning for the future. Let\u2019s protect our local agricultural land. Once it\u2019s gone, it\u2019s gone forever. Let\u2019s re-zone and build the housing stock we need within our existing urban boundaries. Let\u2019s keep our infrastructure costs and property taxes low by creating communities that provide mixed housing, amenities, high walkability scores, bicycle lanes, and public transit. These are the necessary ingredients for more equity and affordability in our cities.\nThe future is here now. Relying on thoughtless old school urban sprawl only increases our individual and municipal costs, makes our environment less sustainable, and perpetuates food and housing insecurity.\nI recommend the government reject this proposal, go back to the drawing board with the assistance of housing specialists\u2014not development interests\u2014and create a bold vision for Ontario\u2019s housing future.\n"
    },
    "76086": {
        "url": "/comment/76086",
        "comment": "I wish to express my grave concerns re. the amendments to the Greenbelt Plan.\nFirst, I have to ask if any of those involved in making this decision have grandchildren? If the answer is yes, what about THEIR future? The environmental costs outweigh any imagined gains.  Developers and those who conveniently bought land will gain money but at the expense of the future generations. There is also surely the matter of some questionable practices by Doug Ford, the PC party and Steve Clark.\nSecond as others have pointed out this plan will NOT solve the housing crisis.  Look world wide for real solutions. We cannot continue the sprawl mentality in a climate crisis - we need creative not destructive thinkers.\nThird we need to protect the environment not destroy it for monetary gain - that is VERY old world thinking. Farmland and ecosystems for wild life including some endangered species will be lost for what? We need as much locally grown food as possible to do our bit to tackle the climate crisis.\nWe need 21st century thinking that puts the environment as number one on the list.\nI suggest reconsidering the whole plan so that you will be able to look your grandchildren in the eye and say we listened, thought a lot, then acted for them and their future. Paying it forward, not selfishly thinking of yourself and your own financial standing.\nI am also appalled at the lies we were given, but also the lack of real foresight and working for the whole community not just developer friends.\nGeoff Day\n"
    },
    "76088": {
        "url": "/comment/76088",
        "comment": "To whom it may concern:\nI strongly oppose the reduction of the Greenbelt.  I strongly oppose any form of construction of homes or roads in the Greenbelt.  We as a province need to keep this area protected at any cost.  I do not believe that this \"housing crisis\" is quite so dire that we need to dig into the Greenbelt.  I myself would be hesitant to purchase any of these homes that developers are rushing to build as I would not be assured that my home would not be situated on a flood plain.  I think this action is a reckless step made by the government, without any thought to long term consequences of this action.  Correct me if I am wrong but ,I do not believe one report/ study/assessment sent to the government supports this action.\nI can say that my support for this government diminishes by the minute.\nSincerely\nJane Massey\n"
    },
    "76093": {
        "url": "/comment/76093",
        "comment": "A mega-highway and housing development through southern Ontario\u2019s Greenbelt will destroy forests and wetlands and imperil precious farmland. These are paramount to the health of the people and ecosystems of Ontario. Find somewhere else to develop or come up with a better solution and keep Ontario green.\n"
    },
    "76096": {
        "url": "/comment/76096",
        "comment": "Farmlands, wetlands and greenbelt are worth conserving. They are GOLD. If they are used for housing,\nIt will be no return. Once gone, it's gone.\nDoug ford\nYou are so selfish and only care about your own self interest\nDoug Ford Do not touch the greenbelt\nYou work for the developers' greed.\nYou should hands off the greenbelt\n for the sake of overall  environmental health of  Canada now and its future generations including all the wildlife.\nDoug Ford and your government - shame on you to walk back your promises.\nDoug ford:  You lied, you cannot be trusted!!!\n"
    },
    "76100": {
        "url": "/comment/76100",
        "comment": "I have numerous concerns with this proposed legislation. The first being that the Premier said during the election that he would not open the Greenbelt for development. He is breaking his word, which is shameful.\nMy next concern is that prior governments decided that the Greenbelt lands were worth protecting from development. Are the subject lands no longer worth protection? Ontario is a very large province, encouraging people to live in areas farther from the GTHA might actually help smaller centers grow and thrive.\nI reside in an area that draws water from the Paris-Galt moraine. If all the land over the moraine is paved, there is no way for rain water to get into the ground and recharge the aquifer. This same principal must apply to other areas. If we pave over valuable farmland or wetlands we are degrading our environment and increasing our dependence on food brought in from foreign regions. All of these actions do not improve Ontario's ability to be resilient to challenges like pandemics and climate change.\nPlease don't open the Greenbelt for development. There has to be a better way to increase housing stock.\n"
    },
    "76102": {
        "url": "/comment/76102",
        "comment": "Comments on Proposed Amendments to Greenbelt Plan\nOn behalf of the Ajax Community Builders Group, we would like to provide the following comments on the Proposed Amendments to the Greenbelt Plan:\n\u2022\tThe Ajax Community Builders Group owns a total of 835 prime acres in east ajax. This \u201cready to go\u201d major grouping of contiguous privately owned land is between two Built Boundaries on the edge of development area(s) in Ajax and Whitby.\n\u2022\tThe agricultural/farming benefits of these lands have been severely impacted by nearby urban development and the expansion of Highways 407 & 412. The local water supply has nearly dried up and the use of standard farming materials (fertilizer, manure & etc.) have raised issues with the nearby urban communities.\n\u2022\tWhile these areas are within the Greenbelt, the lands are predominantly free of designated environmental constraints.\n\u2022\tAssuming 10% - 15% for environmental take-outs, there could be up to 710 Ac \u2013 750 Ac developable.\n\u2022\t710 Ac - 750 Ac of developable land could accommodate up to 10,000 units in a relatively short period of time with Provincial and Municipal support (\u201cFast-tracked\u201d).\n\u2022\tThe Lands are surrounded by Major Transportation services including east-west arterial roads, north-south arterial roads, an east-west 400 series highway, a north-south 400 series highway, and a proposed Scarborough-Durham Bus Rapid Transit Route (BRT) along Highway 2.\n\u2022\tThe Lands can be serviced by expansion and/or twinning of existing infrastructure.\n\u2022\tAll of the land in the area is owned by the Ajax Community Builders Group who are all aligned and supportive of fast-tracked urban development.\n\u2022\tA slide deck that includes an overview, as well as a map of participating landowners, is enclosed.\nTherefore, we request that you consider including these lands within the Proposed Amendments to be removed from the Greenbelt.\n"
    },
    "76104": {
        "url": "/comment/76104",
        "comment": "I am a former title searcher and conveyancer. As such, I have watched far too many hectares of arable land disappear under brick, cement and asphalt while the need for precisely that land increases by its new occupants. But it is not the farmers who get rich off this. Their land was purchased by speculators who make money with money while contributing only to their own wealth.\nLaws were written 2500 years ago to prevent exactly the same abuses. All three Abrahamic religions are demonized so that these laws can be dismissed.\nThe ancient writers tried to elevate humanity by suggesting that humans were given stewardship of the land.\nYet here we stand having once again proven that the ancients knew better than us.\nThe words of the prophets are drowned in the blood of living creatures sacrificed to the greed of the wealthy whose wealth will never be enough.\n"
    },
    "76107": {
        "url": "/comment/76107",
        "comment": "I can not believe this is even being considered.\nOur government is stuck in a different age to think that disturbing the greenbelt to create housing is practical or profitable.  This is just a debt for my children's future. Short term gain for long term pain.\nPlease listen to the experts in science and environment who all seem to be equally baffled by this idea.\n"
    }
}