{
    "74385": {
        "url": "/comment/74385",
        "comment": "I am writing because I am extremely concerned about the proposed amendments to the Greenbelt Plan.  This will destroy forests and wetlands and imperil precious farmland. Please don't choose profit for developers over the future of our land.  If this goes through then there will be a precedent for more land to be taken away.\nWe know the Conservative government have been overruling and removing power from conservation authorities.  We want the land protected and for more land to be protected, not taken away.\nI strongly oppose the plan to build on the Greenbelt and urge you to listen to the people of the province.  I urge you to consider the future for our children, not just in terms of immediate dollars and profit.\n"
    },
    "74387": {
        "url": "/comment/74387",
        "comment": "I am very upset that these significant changes are being made to the Greenbelt. The Greenbelt is intended to be conserved PERMANENTLY to prevent urban sprawl, to protect important corridors for animals to travel, and to preserve the natural vegetation. Forests are not easily rebuilt\u2014we have been discovering more and more about the microorganisms in old growth forests that help them thrive and protect them against invasive species. These areas were designated as the Greenbelt because they are ecologically significant. Other strategies for increasing housing MUST be found. We need to build up and not out.\nI am very disappointed that despite the negative feedback from the first proposal to build into the Greenbelt and the subsequent promises not to, that this government is proposing yet again to do this.\n"
    },
    "74388": {
        "url": "/comment/74388",
        "comment": "I do not support this proposal. If approved, this will set a precedent that the Greenbelt designation ultimately has no substantive protection and means nothing. This will enable future removals of Greenbelt land with more ease and acceptance, and the term Greenbelt will eventually erode. The proposed removals are in areas where greenspace or farmland are particularly needed and should remain protected. The \"added' protected area is lesser quality land in terms of biodiversity and agricultural potential. The Greenbelt land was designated to be protected and should remain as such. Build more homes in other land types and areas, there is not a dearth of land in southern ON.\n"
    },
    "74392": {
        "url": "/comment/74392",
        "comment": "The Greenbelt is the largest intact patch of near-urban nature and agricultural land on the planet. 84% of Ontarians consider it a source of pride.\nIt provides amazing ecosystem services like provisioning of food, habitat for wildlife, and flood reduction. The Greenbelt was designed with connectivity in mind, adding urban ravines (which are already protected by other means) does not make up for the fragmentation of habitats. The Greenbelt hosts OMFARA Class 1 soils which are rare/precious and FAR more valuable to the farmers who keep Ontarians fed, than housing.\nLow-density development, and sprawl, like the ones that would result from developing the Greenbelt, do not work. They do not have the population to support their own services. Infill is a FAR more productive means of creating housing. Developing the Greenbelt will only lead to higher taxes for homes owners.\nA number of groups have come out against the proposed changes, and the provincial government's own task force on affordable housing stated the lack of available land isn't the cause of the housing crisis. The list of those with serious concerns include: Ontario Nature, Gravel Watch Ontario, Bruce Trail Conservancy, Registered Nurses Association of Ontario, Canadian Association of Physicians for the Environment, Canadian Environmental Law associations, the AMO, and Ontario's Big City Mayors. Even members of the Progressive Conservative provincial government were initially publicly against developing the Greenbelt (including Premier Ford, and Minister Steve Clarke)! This list if far from exhaustive.\nNo one is saying that there isn't a housing crisis. There certainly is, and it's one that has affected me and the people in my life, however, this Omnibus bill, including, and specifically the proposed amendment to the Greenbelt Plan do not address this issue. The cognitive dissonance required to make the argument that this proposed amendment will help housing is akin to saying if you lose weight you'll run faster, so you had better cut off your legs.\nI seriously hope the numerous concerns raised by countless Ontarians outweigh the potential earnings of a few developers, and this amendment is not passed.\n"
    },
    "74394": {
        "url": "/comment/74394",
        "comment": "I am writing to state my opposition to the proposal to remove 7,400 acres of land from the Greenbelt, which was revealed on November 04. Climate change is a huge concern and removing parts of the Greenbelt will have devastating consequences on the wetlands, woodlands and other natural areas.\nWe have a lot of land in Ontario and can build up , not keep destroying land and habitats to animals. Please do the right thing and protect this land.\n"
    },
    "74397": {
        "url": "/comment/74397",
        "comment": "This is terrible for the environment and many endangered species.  You cannot get farmland back once it is paved over.  It will cause flooding and will affect future generations.  We must protect this land.  This will not help the average family buy a home.  It will not address the housing crises in anyway.  It should be investigated for corruption and backroom deals.\n"
    },
    "74399": {
        "url": "/comment/74399",
        "comment": "This amendment and actually Bill 23 is a very sad and unbelievable case of Mr. Ford\u2019s broken promise of not touching the Greenbelt Area. There are lands available all over Ontario and of course outside the Greenbelt for as many houses as Mr. Ford\u2019s government intend to build.\nUnfortunately, the real reason behind this Bill is not actually people oriented. The developers who own lands in the Greenbelt Area and don\u2019t care about anything else but money, are the driving force behind this disgraceful Bill.\nObviously, broken promises always have consequences\u2026 in the next election.\n"
    },
    "74402": {
        "url": "/comment/74402",
        "comment": "Not only is this a political lie by the newly elected Ford government, but it is a slap in the face to the future generations of Ontarians.\nAmendments to the Green Belt Act is not wanted and has been refuted many times by EXPERTS for years regarding home prices and availability of space. Further to this, Bill 23, is a Trojan horse for rural sprawl, further attacks Conservation Authorities and eliminating their few remaining powers as well as woodlands, wildlife habitat, flood protection and provincially significant wetlands. The Greenbelt to the developers!\nI do support adding new protected land, but NOT at the expense of removing other sensitive land. Smarter integrated financial and land use planning is what sustains growth, vs. opening up sensitive protected lands. Supporting maintaining the Greenbelt for Agri-food helps communities and urban centres, for example, not to mention tourism and climate change mitigation efforts like flooding.\nI do not support these changes, and will personally reach out to my entire personal and professional network to not support this change in legislation.\n"
    },
    "74405": {
        "url": "/comment/74405",
        "comment": "This plan as it stands is pro-sprawl. The plan to support ontario's expected population growth through sprawl (that will likely only serve single-family homes) without efficient regional rail will only make congestion worse. In order to support this growth via sprawl, there will have to be additional infrustructure likely in the form of freeways and road ways. This is not a sustainable form of growth as this form of infrastucture costs nothing to use but hundreds of millions of dollars to build. Currently the buisiest highway in Northa America is the 401 through Toronto. To think that we can continue down this path without a significant cost to the environment, health, and wellbeing of Ontarians is short sited.\nToronto can support a signficant amount of additional desnsity (through middle housing, triplex, fourtplex, low rise condos). The density of Copenhagen is 7,900 inhabitants per sq km, whereas Toronto is only 1,050.7 per sq km, yet Copenhagen does not have a high rise in sight (see: https://www12.statcan.gc.ca/census-recensement/2021/as-sa/fogs-spg/page\u2026). As Toronto, and other metropolitan regions in Ontario (e.g., Peel, Ottawa) have more infrastructure in place to support this growth, this is where we ought to focus much of this development.\nThe more we build for sprawl, the more it will contribute to congestion, and costs on individual households (if you live in a car infested suburbia, the more cars you need and the less services are close by). Building around cars even reduces the amount of property tax revenue to the province as opposed to traditional, pre-1960s development (https://www.youtube.com/watch?v=7Nw6qyyrTeI&ab_channel=NotJustBikes). Finally, it is important to note that density/ mixed used planning is much more productive and allows municipalities to stay finantially solvent, whereas sprawl/ car-dependant development backrupts cities (https://www.youtube.com/watch?v=7IsMeKl-Sv0&ab_channel=NotJustBikes).\nAs an individual who currently rent's in Toronto, but wan'ts to purchase a home in the city with room to raise a family, there are currently no options for me. It is no suprise that there is a net decrease in families in Toronto due to it's poor land use planning (https://www.thestar.com/news/gta/2022/02/06/fewer-and-fewer-young-child\u2026).\nI really hope Ontario moves in the direction of building cities, communities, and neighbourhoods more around people and less around cars. Not only has the former been shown to be better for wellbeing and financial stability, it will allow those who choose to remain in car-dependant neighbourhoods to enjoy their commutes with much less congestion. Efficiency is better for everyone, and their pockets.\n"
    },
    "74406": {
        "url": "/comment/74406",
        "comment": "At this time in history, it is unbelievable that the government would REMOVE restrictions protecting the environment. That seems like an oxymoron. Climate change is a fact-we all see it and live it every day. To ignore it is one thing, but to further advance it is irresponsible.\nOntario is losing its ability to feed itself. Paving over agricultural land or the green space which protects surrounding lands, is so worrisome for us. We can\u2019t rely on other countries, or even other provinces, to feed us. We have seen what happens when a leader of a particular bent, takes over in a neighbouring country, or one who advocates separation in a province of Canada wins an election. We must be able to sustain life in our province-especially one so rich in natural resources as Ontario. Why is it necessary to build more homes and more shopping plazas??? The population can spread out across Canada\u2014we should not be encouraging the population to all live in a small radius around Toronto. That is also irresponsible.\nIt feels like this government is so bolstered by the spring election results, that they feel they have a mandate to do anything they want. They do not have that mandate. They are mis-interpreting those results. Doug Ford and the Conservative Party won the election because there was no strong opposition, and because they had guided us through the pandemic in a heartfelt way. That was the message they should take away from the results-not a mandate to pave our green spaces and farm lands. It makes me so very sad to drive around Southern Ontario and see so much of our green space and rich farm land paved over \u2014-for what?\u2014-more cheaply made mass subdivision housing, and more shopping plazas. This is not our Ontario.\nShame shame Doug Ford. You are being single-minded and catering to a relatively small group of people. You have a whole province of people you are supposed to be representing\u2026..not just land developers. Shame shame!\nPLEASE ENSURE THIS IS READ BY SOMEONE WHO CAN PASS THE MESSAGE ALONG.\n"
    },
    "74409": {
        "url": "/comment/74409",
        "comment": "I do not support Bill 23. We need to protect our green spaces and find alternatives to building housing. The GTA has very little green spaces already and we can not continue to build housing in an already dense area. We have too many existing issues in the GTA with roads (infrastructure and congestion), issues with affordable housing, cost of living and resources. Employers are offering WFH / Hybrid models and other less dense populated communities are looking for workers. The Ontario government needs to look at other smaller and northern communities to build more affordable housing.\n"
    },
    "74410": {
        "url": "/comment/74410",
        "comment": "As someone who is hoping to buy my first home in the coming years, I can understand the appeal of this proposal.  However, I would be greatly saddened to learn that my ability to buy a house would come at the cost of our environment.  I do not find it acceptable to develop sensitive ecosystems in the Greenbelt just to increase house numbers in the area when there are so many vacant homes in the Greater Toronto Area.\n"
    },
    "74423": {
        "url": "/comment/74423",
        "comment": "The Canadian Environmental Law Association (CELA) has indicated that Bill 23 is the most extensive and biggest package of legislative changes they have seen in over ten years. We do not offer an analysis as it is impossible to do with our limited resources and time given. We do express our support and agreement from the groups listed in Appendix 1 who have made statements and have or will submit comments on Bill 23 and the various Environmental Registry of Ontario (ERO) postings. We acknowledge there may be good elements in the Bill but we are overwhelmed by the magnitude of regressive changes and fail to see how they are in the public interest in a climate emergency and affordable housing crisis. Some quotes for perspective.\n\u201cThe proposed changes in Bill 23 will create a number of unintended consequences which roll back 70 years of successful conservation authority watershed management at a time when we need this work more than ever in order to address the growing impacts of climate change.\u201d Conservation Ontario.\n\u201cPreliminary analysis of the Bill indicates the transfer of up to $1 billion a year in costs from private sector developers to property taxpayers without any likelihood of improved housing affordability. Similarly, the bill\u2019s provisions designed to reduce environmental protection will benefit developers in the short term, with costs to the public and homeowners that cannot be calculated.\nMembers of the Committee and all Members of the Provincial Parliament will need to consider in whose interest they govern. Bill 23, as drafted, benefits private interests at the expense of public interests \u2013 at the expense of property taxpayers and Ontario\u2019s natural environment.\u201d AMO.\nTIMING IS ANTI DEMOCRATIC AND HOSTILE TO STAKEHOLDERS\nRecommendation: Slow down the process.\nOn October 25th, 2022  the day after municipal elections were held across Ontario\u2019s 444 municipalities, the current government introduced Bill 23, More Homes Built Faster Act and posted numerous notices for public consultation on the ERO. Additional notices were posted on November 4th approving York Region and other municipal Official Plans as well as proposed amendments to the Greenbelt Act and redesignation of land under the Oak Ridges Moraine Conservation Act. Then 2 weeks later, on the day before the inaugural Council meetings of Niagara, Peel and York Regions, Bill 39 was introduced.\nNew Councils have not yet been formed, and have not been able to meet to approve or formulate responses to the Province. The Association of Municipalities of Ontario (AMO), representing Ontario\u2019s municipalities, was not provided an opportunity to present to the Legislature\u2019s Standing Committee on Heritage and Culture at the Bill 23 hearings. The official opposition did invite them to present their submission and it was shared with all MPPs.\nVoters, especially those in two tier - regional governments, had no indication that the responsibilities of regional governance would fundamentally change or that the province would be appointing Chairs, likely extending Strong Mayor Powers to unelected Chairs of their choosing or initiate an \u2018assessment\u2019 of regional governance. It is unfortunate that the public went to the polls and elected a regional council without the knowledge that the province was going to fundamentally change regional governance.  The province conducted a 2019 Regional Governance Review, which was never acted upon and the recommendations remain confidential advice to cabinet.  The public does not know if what your government is proposing is consistent with the advice provided in that review. Thus there is no evidence, available to the public, to support the need for the aggressive changes to regional governance.\nGREENBELT REMOVALS IN YORK REGION\nRecommendation: Keep your promise; do not remove lands from the Greenbelt and be transparent about the downgrading that has already commenced.\nWhy are so many Greenbelt removals being proposed now outside of the ten-year review period, especially when a Greenbelt review and land removals were completed in 2017? The Ontario Government has quite simply lied to the people of Ontario by proposing to remove portions of the Greenbelt. Seven of the fifteen Greenbelt land removals and the only Oak Ridges Moraine land-use redesignation  are located in York Region.\nKing Township lands:\nThe Greenbelt removal in King Township has received significant media attention due to the timing of land transactions and a motion by King Council in support of the Greenbelt removal to facilitate a new Southlake hospital. It is unclear if the province is aware or supportive of the hospital proposal, if this is Southlake\u2019s preferred site or even a candidate site. There is also much concern about who knew what and when? The removal of Greenbelt protection and subsequent re-zoning would increase land value above the purchase price of $80M last September.\nUpper York has no servicing capacity to give, existing 2010 growth can\u2019t be fully serviced and the Upper York Sewage System, now abandoned, was supposed to be the solution for this growth. It is implausible that the lands in King Township would be an eligible candidate for new housing development; northern York Region doesn\u2019t have a servicing capacity solution for what was just approved in the new Official Plan. Why do Minister Clark and the Mayor of King believe these lands meet the eligibility criteria for Greenbelt removal and that servicing capacity could be prioritized and feasible, ahead of all other development projects awaiting servicing allocation?\nMarkham and Vaughan Greenbelt Removals Plus Downgrading Greenbelt NHS:\nThe Greenbelt removals in Vaughan and Markham are adjacent to, or contain Greenbelt \u2018fingers\u2019 that are part of Ontario\u2019s NHS and had land use designations downgraded from prime agriculture to rural to allow active parkland uses when Minister Clark approved York Region's Official Plan. These removals combined with Minister Clark\u2019s recent decision in the Official Plan are not consistent with the Greenbelt Plan and do not uphold previous tribunal decisions that clearly identify that expansion of urban boundaries is not permitted into the Greenbelt NHS. Are accessory uses such as parks that support adjacent developments a settlement expansion in the Greenbelt NHS?\nThe Ontario government appears to have little regard for compliance with its own policies. The current government\u2019s defense for inaction on Climate Change is, in part, because it is a policy that can\u2019t be enforced. We are fearful that this attitude is percolating into land use planning, resulting in the destruction of Ontario\u2019s NHS; a policy, not a land use designation protected by regulation. The combination of the multitude of legislative changes that reduce natural heritage protection - ie. redefining wetlands could permit the dumping of soil of questionable quality, combined with a  reduction in  resources and legislated authority of independent government-paid subject matters to comment and approve land use decisions, appears to leave little oversight or protection. This leaves us extremely fearful that even the portions of the Greenbelt that remain intact will fail to be protected due to multiple threats, undermining the purpose and intent of the Greenbelt Plan.\nThe general public does not yet understand that this government has already downgraded Greenbelt protection in York and Peel Regions Official Plan Approvals by downgrading land use designations. This is not a removal but it is a lowering of protection that does not require a change to provincial regulations. York Region\u2019s Official Plan also concerns several alarming changes that indicate the Oak Ridges Moraine Conservation Act regulations will be changed to allow future urban development in Vaughan and Stouffville. There\u2019s also reference that some existing developments which meet certain criteria may not need to comply with certain requirements of the ORM Conservation Plan. The government has failed to analyze the cumulative impacts of localized and province wide decisions and legislative changes.\nPROVINCIAL POLICY IN DISARRAY, DISREGARDED, DISRESPECTED\nRecommendation: Provide evidence-based rationale for policy changes & clean up your own house first\nThe changes, even simple administrative matters, do not appear well thought out. It seems implausible that the Ministry of Municipal Affairs and Housing (the Ministry) has or will have the capacity, staff and administrative processes in place to be the approval authority for lower tier Official Plans and Amendments. The Ministry hasn\u2019t provided basic data on whether the Growth Plan is effective or ineffective, if municipalities are meeting greenfield density targets or have adequate housing supply approved in the pipe-line. This Ontario government has failed to provide reasonable evidence supported by data, facts or figures province-wide to justify such broad sweeping legislative changes.\nProvincial ministries with conservation, preservation, endangered species protection remain critically underfunded. The province has failed to address recommendations and shortcomings brought forward by the former Environmental Commissioner and now the Auditor General. Illegal land use is rampant on prime agricultural land, trees are being felled illegally. Our bylaws  and penalties are ineffective, the province is absent or worse giving approvals in the absence of approved zoning and then expecting by-law officers to enforce nuisance and traffic impacts. The changes to CA\u2019s will leave Ontario\u2019s Natural Heritage vulnerable and exposed because there will be no publicly funded institutions with sufficient resources left to speak, and act to protect our natural heritage. It is reckless to make these changes in the absence of any real and meaningful attempts to address the already identified shortcomings that have forced CA\u2019s to take on the very roles the province seeks to or has already eliminated.\nMASSIVE FINANCIAL IMPLICATIONS FOR MUNICIPALITIES\nRecommendation: Consult with AMO and municipalities to ensure these changes do not bankrupt municipalities and do not affect the levels of services and park land that Ontarians have come to expect.\nMunicipal staff are warning of staggering losses as a result of reduction in development fees; the City of Markham estimates that property taxes would have to increase by 50 to 80 percent just  to maintain existing services. It is foolish to believe that smaller municipalities with less resources will have or be able to obtain specialized staff with the expertise to adhere to  specialized specific provincial policy plans and the knowledge to protect residents from natural hazards. Contracting out these services opens up a whole other set of administrative, financial and accountability issues that again do not appear well thought out. Reducing parkland requirements is the exact opposite of what we learn that we need most for our communities during the pandemic.\nCONSERVATION AUTHORITIES\nRecommendation: Allow Conservation Authorities to maintain their current role in permitting in regulated areas and allow them to conserve land and reduce pollution via land use planning review and  permits.\nOntario residents trust CA\u2019s because they have demonstrated they have the staff, expertise and resources to comment on complex planning applications with environmental and natural hazard risks. Further, they have been responsible stewards for the conservation and preservation of the lands entrusted to them. To direct CA\u2019s to put a list of land together suitable for development is nonsensical. Land comes into their ownership because it has been donated with expectations of having conservation status in perpetuity, or the lands contain environmentally significant features and natural hazards that require protection.\nUPPER YORK SEWAGE SYSTEM\nRecommendation: We support the Williams Treaties First Nations in their comment that a full Environmental Assessment of the southbound Duffins Creek route  is needed.\nWe are pleased that the Upper York Sewage Treatment Plant is not proceeding, that the government recognizes the sensitive health of Lake Simcoe, the need to proceed expeditiously with the phosphorus reduction plant and the necessity of compliance with the Lake Simcoe Protection Act and Plan. However, it is frustrating that $100M has been spent on the Upper York Sewage System Environmental Assessment with little to show.  It is unreasonable to transfer this growth to Durham residents in the absence of a full Environmental Assessment and to suggest that York Region staff will be able to accomplish anything to approve and achieve the old or new growth targets set by the Province in the near future. Staff has been told to start over, develop a solution to deliver a third expansion of the York-Durham Duffins Creek Treatment Plant and pump water against elevations of 100m (twice the height of Niagara Falls). We are no further ahead to achieving growth in upper York.\nUpper York Region is a case study in what not to do in infrastructure planning with stranded assets and unrealized growth creating burdens on capital budgets because development fees can\u2019t be collected. This is a direct result of provincial inaction and inadequate, non-existent provincial support and resources provided to municipalities but still demanding growth targets be met. It is setting municipalities up to fail and Bill 23 will formally shift the blame for not achieving growth targets onto a lower level of government with no recourse to respond because they are \u2018creatures of the province\u2019 not recognized in the Canadian Constitution. It is unfair.\nCONCLUSION\nIf Bill 23 is passed in its current form then the Ontario government will have failed to listen to professionals, subject matter experts, and ignored science and established best practices. It will have failed to protect land that will be critically important to reducing the impacts and adapting to climate change - CA regulated land, the Greenbelt and Oak Ridges Moraine. They will have failed to provide the type and diversity of housing needed by Ontario\u2019s most vulnerable communities. The implications of Bill 23 place unacceptable fiscal and legal risk upon the Government of Ontario, municipalities and taxpayers -  it is short-sighted and reckless.\nWe urge you to slow down.  Do not pass Bill 23 or the proposed Greenbelt removals . Consult properly, and do the job that only the government can do: protect the public interest.\nSincerely,\nClaire Malcolmson\nExecutive Director\nRescue Lake Simcoe Coalition\nIrene Ford\nCommunity Advocate and Member of Stop The 413, Stop Sprawl York Region, Stop Sprawl Ontario\n"
    }
}