{
    "63239": {
        "url": "/comment/63239",
        "comment": "I do not support the proposed amendments. Building residential housing on the greenbelt will contribute to urban sprawl. Zoning should be amended within cities to build on Brownfields and to focus on building up not out.\nSouthern Ontario has lost much of its natural environment to agriculture and residential housing. Developing the greenbelt will be harmful to the environment and Ontario\u2019s species at risk.\nThe PC government promised not to touch the greenbelt and have reneged on that promise. I would not feel comfortable supporting the PC party in the future if they go through with these amendments.\n"
    },
    "63240": {
        "url": "/comment/63240",
        "comment": "I cannot believe that this government has lied time and time again and gets away with it. How dare you destruct sensitive habitats that our wildlife need.\nI DO NOT support this development. Doug Ford, you're what the French call \"les incompenent\". Google that, since you also don't know French.\n"
    },
    "63246": {
        "url": "/comment/63246",
        "comment": "This is a dangerous proposal. There's a need to preserve as much of the natural environment as possible, and removing part of the green belt for housing is not a valid reason. The housing needed for Ontario should be more densified housing in the current boundaries that do NOT infringe on the current boundaries of the green belt.\n"
    },
    "63247": {
        "url": "/comment/63247",
        "comment": "Unacceptable.  You promised you wouldn't touch the greenbelt.  Do not do this to placate your developer friends or you will be absolutely hammered.  There is so many opportunities to increase density, allow duplexes and triplexes, develop brownfield sites, convert commercial etc before the greenbelt needs to be opened up.  Its the lazy and ignorant way..\n"
    },
    "63248": {
        "url": "/comment/63248",
        "comment": "This is an egregious plan that will set back the environmental movement and may help to doom us all to apocalypse.\nSome things you give away you will never get back... Old growth is one of them.\nWe can certainly do better than giving away parts of the green belt.\nThis is a horrible plan, I hate it.\n"
    },
    "63249": {
        "url": "/comment/63249",
        "comment": "I do not support the Proposed Amendments to the Greenbelt Plan. The City of Hamilton took the time to analyze long-term population growth projections and engage in a meaningfully dialogue with citizens, experts and community organizations on the matter when they decided not to expand the suburban boundary. The Government of Ontario's rejection of Hamilton's growth plan as well as the decision to amend the size and rules of the Greenbelt without adequate analysis/consultant is distressing. The Government's decision to ignore the cost and environmental perils of continued sprawl and the reduction of green spaces (especially environmentally sensitive areas like wetlands) in the erroneous name of 'affordable housing' is shameful. The Government of Ontario needs to withdraw the Proposed Amendments to the Greenbelt Plan immediately.\n"
    },
    "63251": {
        "url": "/comment/63251",
        "comment": "Stop paving over every last green space we have, the broken up sections do not support life as well as contiguous natural regions.\nThe housing crisis is real because of greedy and rampant real estate selling to benefit a small wealthy group at the detriment of everyone else.\nRebuild and make us of existing urban spaces, abandoned buildings and neglected properties.\nCreate living spaces that are full of natural greenery, stop clear cutting green spaces to pave them over with asphalt and houses that are needlessly cavernous inside and provide no life for the people living there on the outside.\nSprawling suburbs only exacerbate the pollution from even more driving and having to get resources stretched farther and farther with no local support for food, supplies and little to no recreational/public spaces.\n"
    },
    "63252": {
        "url": "/comment/63252",
        "comment": "The greenbelt areas were setup and protected for a reason; changing or allowing to change them would be a very slippery slope for the future.  Should be just adding to them with NO decreasing.\nI can't understand how this would even be considered with all the environmental and climate changes going on.  There is already enough land to build on for new housing just make sure it is used wisely and consideration given for future population growth.\nThe issue is builders with deep pockets and the ear of certain politicians allowing the few greedy to get richer.  They are not considering the future generations and the unfit mess they will be leaving behind.  It is a sad state of affairs but as with many things going on in this world; the many seem to have to suffer for the greed of a few.   Full stop!\n"
    },
    "63254": {
        "url": "/comment/63254",
        "comment": "Dear Ford government\nI am strongly against the proposal to open the green belt. I am very concerned about the environment and the impact this will have. I am a lifelong gta resident and would not like to see this go forward at all. Please consider opening up parking lots and strip malls and increase urban density instead with multi unit dwellings. Our province does not need this\n"
    },
    "63256": {
        "url": "/comment/63256",
        "comment": "I do not support this.\nI am a registered voter in Ontario and I visit the greenbelt immediately after every work day. It clears my head, improves my mental wellbeing, and gets me outside and exercising.\nI do no support any destruction of the Greenbelt, even for housing. We have so much other land in Ontario to build on, and we can build more density as we've been advised to do.\nI have zero interest in voting for anyone who wants to destroy the Green Belt I love.\n"
    },
    "63258": {
        "url": "/comment/63258",
        "comment": "I object to the government's proposed changes to remove land from the Greenbelt. Whilst the housing crisis is real and significant, the answer is not to destroy the little remaining natural environment of southern Ontario - especially not in a time of climate crisis. Instead, the government should focus on densification. Rezone single-dwelling areas to allow the construction of denser living spaces! This doesn't have to be towering condos - we have a clearly missing middle of low-rise and townhouses in every major city in southern Ontario.\nStop building out. Build up.\n"
    }
}