{
    "70002": {
        "url": "/comment/70002",
        "comment": "Hello,\nI am very opposed to proposed amendments to the Greenbelt plan. It is not the case that currently protected land can simply be swapped for other land. Most if not all of the affected tracts were chosen for specific reasons. Substitution of these tracts for other parcels of land is not equivalent.\nIt is meaningless to create a Greenbelt that can then be altered at the whim of a particular government for its own suspect purposes. It makes a mockey of the term \"environmentally protected land\".\nThere is plenty of room for housing within existing urban boundaries. The Ford government prefers instead to diminish the Greenbelt. That can only be in order to help developers who can more easily build and make far greater profits from converting existing Greenbelt land to housing.\nThis proposal combined with other related changes in Bill 23 More Homes Built Faster Act and building highway 413 will significantly diminish our environment.\nIt should not proceed.\nThank you for your consideration of my comments.\n"
    },
    "70010": {
        "url": "/comment/70010",
        "comment": "I urge the Premier to;\n- withdraw the plan to remove lands from the Greenbelt;\n- follow through with a meaningful Greenbelt expansion that reflects public input - promised but not delivered by the Ford government\n- follow the advice of the government's own Ontario Affordable Housing Task Force and focus efforts on developing affordable housing on lands that have already been designated for development and have the necessary infrastructure in place. As the Housing Task Force noted, there is plenty of land within urban areas ready for development.\nPlease stop urban sprawl and preserve the Greenbelt for future generations!\n"
    },
    "70011": {
        "url": "/comment/70011",
        "comment": "York Region has designated enough land area to meet your housing targets for the area. They can build higher densities on those lands if need be but by no means should any more greenbelt be opened up for development. Nature provides a buffer for extreme weather. If we don't anticipate climate change now, we will pay dearly later on. Keep our greenspaces and wetlands in tact.\n"
    },
    "70014": {
        "url": "/comment/70014",
        "comment": "As a bruce trial user, a resident  who lives adjacent to green belt land, an avid outdoors person, as well as mother who will have children looking to purchase their first home in the next ten years, I strongly oppose this act.   Do NOT go back on the green belt act- it was put in place to protect these lands for a reason and any attempt to remove that designation is a huge mistake.   Affordable homes can and need to be built in Ontario, but higher density affordable homes should be built in locations other than these protected lands.\n"
    },
    "70015": {
        "url": "/comment/70015",
        "comment": "Please read the report published by the housing affordability task force commissioned by this government regarding smart growth strategies. The report is clear in stating the best way to grow is by densifying existing built up areas within the greater golden horse shoe and that further urban sprawl is not necessary.\nIf this government has reasonable grounds to oppose the recommendations laid out in its housing affordability report, it would be important that the government provide evidence in order to justify destroying ecologically significant nature. Perhaps an argument could be made that we need to build into the greenbelt in order to increase housing supply but the government is yet to show evidence in support of their position.\nWhile the housing crisis is serious, we don't address it by ignoring another crisis (climate). The greenbelt is protected because the vital role it plays in climate proofing this region. We need to strengthen nature protections, not weaken them in trying to address another issue.\nP.S. It is obvious who stands to gain the most out of this amendment and isn't the people of Ontario.\n"
    },
    "70017": {
        "url": "/comment/70017",
        "comment": "Please read the report published by the housing affordability task force commissioned by this government regarding smart growth strategies. The report is clear in stating the best way to grow is by densifying existing built up areas within the greater golden horse shoe and that further urban sprawl is not necessary.\nIf this government has reasonable grounds to oppose the recommendations laid out in its housing affordability report, it would be important that the government provide evidence in order to justify destroying ecologically significant nature. Perhaps an argument could be made that we need to build into the greenbelt in order to increase housing supply but the government is yet to show evidence in support of their position.\nWhile the housing crisis is serious, we don't address it by ignoring another crisis (climate). The greenbelt is protected because the vital role it plays in climate proofing this region. We need to strengthen nature protections, not weaken them in trying to address another issue.\nP.S. It is obvious who stands to gain the most out of this amendment and isn't the people of Ontario.\n"
    },
    "70020": {
        "url": "/comment/70020",
        "comment": "Do not develop the greenbelt. Honestly, in this day and age, given everything we know about the negative impact of environmental degradation, it absolutely boggles my mind that developing what little nature we have left is a good idea. This bill would set a dangerous precedent for future decimation of the greenbelt.\n"
    },
    "70026": {
        "url": "/comment/70026",
        "comment": "Please do not do this! The Greenbelt is protected land. We owe it to everyone, but especially to the Indigenous Peoples who were robbed of this land and future generations of all people residing in Ontario, to protect the Greenbelt and prevent further damage to the environment. Build denser, walkable neighbourhood with adequate public transit in our exisiting urban centres! Please do no further urban sprawl to to further lone the pockets of developers who don\u2019t actually care about our communities.\n"
    },
    "70027": {
        "url": "/comment/70027",
        "comment": "Please do not use the Greenbelt to build housing.\nI believe that in less than 10 years Ontario will be experiencing catastrophic climate events because of global warming.  Therefore, all decisions being made now need to be done using a \u201cgreen\u201d lens with regards to reducing Greenhouse Gas emissions.\nWith this information, it is important that the Provincial government take this into consideration as it makes legislative changes that will impact our future.\nThe Greenbelt is there for good reasons \u2013 to provide a place for us to grow our food, to provide a place for nature, to mitigate flooding and as recreation for our citizens.   As a constraint on urban sprawl, it is a challenge to us to create alternatives to the single-family home.   To achieve our GHG targets, we need to densify and intensify our housing options within the existing footprint of the Greater Toronto Area.\nI am concerned that the Provincial Government does not fully understand the urgency of the situation.\nThe predictions for 2030 are apocalyptic, and we need to understand that the decisions we are making now are directly linked to either minimizing this potential or bringing it into being.\nI am always fascinated by people who are able to survive terrible privation through prudent self-regulation and a hope for the future.   This is that time for us.\nThank you.\n"
    },
    "70030": {
        "url": "/comment/70030",
        "comment": "Urban sprawl is not the solution for the housing crisis in Canada. Urban densification and abolishing NIMBY mentality is necessary to move forward.\n"
    },
    "70032": {
        "url": "/comment/70032",
        "comment": "I am 100% opposed to any building on greenbelt land in Ontario.  We should be reducing our immigration targets, especially in ONTARIO, so that we do not need to encroach on our important greenbelt areas.  Giving up greenbelt at the expense of housing is wrong!!  There are many other areas in northern Ontario where you could build homes without devastating southern Ontario greenbelt areas further.  There is also an abundance of land in many of Canada's western provinces where we could better absorb the strain of enhanced immigration.  This is wrong, wrong, wrong.  We need forests and farmland but we seem to care more about houses than producing food and caring for our wildlife.  I am not against immigration since we're all basically immigrants, but when you care more about immigration than the Canadians that have been here for generations, then something is drastically wrong.\n"
    },
    "70036": {
        "url": "/comment/70036",
        "comment": "The greenbelt is there for a reason. It protects critical waterways, plant and animal species. It should not be added to ever-expanding city limits. We are in a climate emergency, and your solution is to destroy natural areas. This is contradictory.\nThe claim is that it is needed to build needed housing in the province, however, sprawling only serves to bankrupt our cities and does not actually help house the kind of numbers we need to house in the next 10 years. It has become abundantly clear, in the last week, that this was done as a favor to OPC party donors and it smells horribly of corruption and kickback schemes. The current government would not have been elected if this idea had actually been part of the platform, they do not have a mandate to destroy these green spaces.\nInstead, we should focus on downtown infills, building more middle-housing inside of city-limits. Change the bylaws that force stores to have minimum surface for parking lots. Encourage high rises with ground floor commerce. There is a way to achieve our housing goals without, undemocratically, bulldozing nature to build urban sprawl.\n"
    },
    "70037": {
        "url": "/comment/70037",
        "comment": "Stop bill 23. I have deep concern about the disastrous effects Bill 23 will have on our greenspace, farmlands, watersheds and natural systems. Bill 23 will not build affordable housing but will increase property taxes and sprawl. This bill is another tool to expand the portfolios of the already tremendously rich at the expense of everyone else.\n"
    },
    "70040": {
        "url": "/comment/70040",
        "comment": "Good Afternoon\nI am not in favor of Bill 23 as it stands now. While I completely understand the need to provide more housing for the expected population growth in the province,  I do not see the need to sacrifice green spaces, especially in the middle of a climate emergency. Rather there are lots of other alternatives which involve building more affordable housing closer to transit and cities rather than increasing urban sprawl, which not only results in longer commute times for the home owners, but further diminishes the vital green spaces we have remaining in Southern Ontario.\nThank you\n"
    },
    "70045": {
        "url": "/comment/70045",
        "comment": "Hello,\nPremier Ford is continuing his path of destruction with this proposal to build more housing by flattening the protected wetlands. It reeks of cronyism but that is not unusual in regards to Premier Ford. Seems most things he does somehow line his and his cohorts pockets. Look at the LTC issues.\nWhy should we trust him to keep his word about the proposed replacement protected areas when he is breaking it now? Why do houses all have to be built around the GTA? There are many other spots in Ontario that are more suitable for development but those aren't owned by Premier Ford's pals.\nThere is concern that building over these protected wild areas will increase flood risks as these parcels absorb rain and snow. With our growing concerns about climate change isn't that more important than giving Premier Ford's buddies money to develop the tracts of land they bought in the hopes that he would do just what he is doing and has always done?\nHow do we stop someone who invokes the not-withstanding clause any time he isn't getting his own way? He strikes me as a petulant little boy - kinda like the former American president.\nWhile all politics is give and take, it appears that Premier Ford is most interested in doing whatever is necessary to keep himself in power, get whatever he wants at whatever cost, and keep his friends and himself rich.\n"
    },
    "70061": {
        "url": "/comment/70061",
        "comment": "There is already a 30-year supply of land for housing in the Greater Golden Horseshoe, so there is NO need to remove any lands from the Greenbelt, which was envisioned to remain PERMANENTLY PROTECTED.\nIf you really want the public\u2019s feedback on the Greenbelt, put the entire matter to a politically-binding public referendum.\nLeave the existing Greenbelt Plan in place and do NOT remove any lands from the Greenbelt; however, the addition of 13 river valleys to the existing Greenbelt has long been discussed as the Bluebelt.\nThe existing Greenbelt should be expanded through the addition of the river valleys and the Paris-Galt Moraine. The Duffins Rouge Agricultural Preserve must also remain intact. Ontario has already lost far too much farmland, while agricultural lands continue to dwindle\nThe Ontario Farmland Trust reports:\n\u201cThe total acreage of farmland in Ontario decreased from 12,348,463 in 2016 to 11,766,071 in 2021, averaging out to a decrease of approximately 319 acres of farmland lost per day during this time period. This rate of loss is almost double the 175 acres of farmland lost per day that was reported in the 2016 Census of Agriculture.\nThe number of farms reporting to the Census in Ontario also decreased by over one thousand in this same time period, declining from 49,600 to 48,346.\u201d\nAccording to the Ontario Federation of Agriculture, \u201cIn 2019, Ontario\u2019s agriculture and agri-food sector, from field to fork, contributed $47.28 billion to Ontario\u2019s economy and supported 860,494 jobs. Decision makers must never lose sight of this reality when making decisions about future agricultural land loss to development for population and employment growth.\u201d\nThanks to Ontario\u2019s farmers, Ontarians were better fed and supplied with enough food during the pandemic, compared to other nations.\nOnly a fool would remove agricultural lands and supplant them with an ever-growing human population.\nThe Greenbelt also provides many ecological services to native species and humans alike.\nIf Ontario is building 1.5-million homes for between 4.5 and 6.0 million new people, then it will need all the existing farmland to feed those millions of new mouths. Ontario will also have to beef up every service from education to healthcare, from libraries to parks, to serve so many newcomers. All will occupy a land base that is not growing. Ontario\u2019s landscape is finite, so it is becoming increasingly congested, while being transformed rapidly and unsustainably.\nOne wonders how the provincial government came up with so many detailed maps for lands to be withdrawn from the Greenbelt within such a short time after Minister Steve Clark\u2019s announcement. The public needs to know who prepared all those maps and when.\nIt is also interesting to note how many developers bought lands within the Greenbelt before the Housing Minister's announcement, so it appears those developers have reaped their rewards. It does make one wonder if they might have benefitted from \u2018insider knowledge\u2019, since they seem to have such a close relationship to this government. One might even begin to wonder about other unsavoury possibilities. Consequently,  a review of Quebec\u2019s Charbonneau Commission\u2019s investigation into the dealings between that province\u2019s construction industry and its cozy political connections could provide a very good template for a similar investigation here in Ontario.\nThere were two recent newspaper accounts about this sudden decision to open up the Greenbelt, after Premier and Housing Minister promised never to touch the Greenbelt during their first term in government from 2018 to 2022.\nhttps://www.thespec.com/ts/news/investigations/2022/11/17/they-recently\u2026\nhttps://www.thestar.com/ths/news/hamilton-region/2022/11/17/who-owns-la\u2026\nSuddenly, the Conservative government announced it must open up the Greenbelt to development after its second term began. There has been NO pressure from the public to do so, so is this a sop to developers?\nThere were NO public consultations of any kind regarding the Greenbelt or any other matter; yet it is our tax dollars that fill the treasuries at every level of government. This is a clear example of \u201ctaxation without representation\u201d, a feature common to undemocratic and autocratic governments. Russia, China \u2026 Ontario?\nIt seems clear under whose influence the Conservatives are operating, but that is not what this government was re-elected to do, not even by the 18% of eligible voters who did bother to vote for them.\nThat means the remaining 25% of eligible voters did not vote for the Conservatives, while 57% of eligible voters didn\u2019t see any point in casting a ballot, and they stayed home.\nThis government does NOT have a mandate to make ANY changes to the Greenbelt, nor the ORMCP.\nIt was interesting to see the Editorial Board at Storeys Real Estate News selected the Premier for the top spot In its November 2022 article about the top \u201822 Most Influential in Ontario Real Estate for this year, at:\nhttps://storeys.com/most-influential-ontario-real-estate-2022/\nStoreys Editorial Board wrote:\n\u201cPremier of Ontario\n'Cause folks, he wields a lot of power... that we gave him.\nFolks, how could Ford not make this list? From releasing an onslaught of MZOs to developer friends continuously finding themselves in all the right places, the \u201cLife is a Highway\u201d premier has made himself as familiar in GTA real estate politics as the affordable housing crisis.\nWith a recent election win under his belt, Ford has never been as motivated or as seemingly mandated as he is right now. What that means for the future of Toronto\u2019s real estate community is likely more of the same: if he so chooses, it\u2019s going to be Doug\u2019s way or the (new, expensive) highway.\u201d\nWhen Storeys noted the \u2018Life is a Highway\u2019 Premier wields a lot of power \u2026 that we gave him\u201d, shouldn\u2019t the journal clarify WHO the \u201cwe\u201d is, who gave him the power? This accolade simply oozes with \u201cdeveloper friends continuously finding themselves in all the right place.\u201d\nUnfortunately, the same cannot be said for the public, lower tiers of government, nor beleaguered taxpayers.\nTime for this government to consult the public. It does not have all the answers, nor is it supposed to wield its powers as a sledge hammer against the public interest.\n"
    }
}