{
    "79308": {
        "url": "/comment/79308",
        "comment": "Please don't reneg on your promise Premier Ford, keep the Greenbelt as it is.\nWe don't need more sprawl destroying our farmland and natural assets, they are under enough pressure.  Build more housing that is close to existing infrastructure so that those projected new Canadians have accessible transit, affordable housing, and access to existing communities.\nYou have acknowledged that the people do not want you to touch the Greenbelt and you agreed to listen and keep your hands off the Greenbelt.  There are plenty of better options to meet Ontario's housing needs that do not require building on the Greenbelt.\n"
    },
    "79310": {
        "url": "/comment/79310",
        "comment": "ERO FILE NUMBER 019-6216\nProposed Amendments to the Greenbelt Plan\nLands Located in the City of Hamilton\nSouth of Garner Road West, West of Fiddlers Green Road, East of Shaver Road, in the Vicinity of Book Road West \u2013 Map 9 to ER0 FILE 019-6216\nI strongly support the removal of these lands from the Greenbelt for the following reasons:\nThe land is not conducive to farming.  Too heavy.\nThe lands are adjacent to existing settlement areas;\nThe lands are adjacent to the edge of the Greenbelt area boundary;\nThe lands have the potential to be serviced in the near-term with local infrastructure upgrades to be entirely funded by proponents; and\nThe lands proposed for the removal have the characteristics that would enable housing to be built in the near term;\nThe subject lands were inappropriately and precipitously added to the Greenbelt in 2016 without proper consultation with residents and businesses in the area;\nThe inclusion of the subject lands in the Greenbelt in 2016 was contrary to the City of Hamilton\u2019s staff position and that of their consultants engaged in the Greenbelt review process;\nThere is no planning or scientific justification to support the inclusion of the lands in the Greenbelt.  The inclusion appeared totally arbitrary;\nI understand that the City of Hamilton requires these lands to meet housing needs to address affordability and supply issues.  This is an area that affords excellent accessibility to major highways and community services in the abutting urban area of Hamilton and the Ancaster community.  I strongly support the Provincial initiatives to increase the supply of housing in my community so that my children and grandchildren can remain in the area.\n"
    },
    "79311": {
        "url": "/comment/79311",
        "comment": "The green belt was determined through great deliberation and consultation.  The properties were picked with valuable reasoning.  To just swap with other properties defeats the purpose of what the green belt is.  This was a great government feat in the day which thought about the next generation.  Doug Fords plan is only for the heat and now and the kick backs he will receive.  Please Mr. Ford think beyond yourself think of the future.  There are enough housing allocations to support a growing population.  Do something worth doing - and not another self serving  piece of legislation.  Be better than yourself - that was what you were elected to do.\n"
    },
    "79314": {
        "url": "/comment/79314",
        "comment": "ERO FILE NUMBER 019-6216\nProposed Amendments to the Greenbelt Plan\nLands Located in the City of Hamilton\nSouth of Garner Road West, West of Fiddlers Green Road, East of Shaver Road, in the Vicinity of Book Road West \u2013 Map 9 to ER0 FILE 019-6216\nI strongly support the removal of these lands from the Greenbelt for the following reasons:\nIt's across the street from major residential development.\nThe lands are adjacent to existing settlement areas;\nThe lands are adjacent to the edge of the Greenbelt area boundary;\nThe lands have the potential to be serviced in the near-term with local infrastructure upgrades to be entirely funded by proponents; and\nThe lands proposed for the removal have the characteristics that would enable housing to be built in the near term;\nThe subject lands were inappropriately and precipitously added to the Greenbelt in 2016 without proper consultation with residents and businesses in the area;\nThe inclusion of the subject lands in the Greenbelt in 2016 was contrary to the City of Hamilton\u2019s staff position and that of their consultants engaged in the Greenbelt review process;\nThere is no planning or scientific justification to support the inclusion of the lands in the Greenbelt.  The inclusion appeared totally arbitrary;\nI understand that the City of Hamilton requires these lands to meet housing needs to address affordability and supply issues.  This is an area that affords excellent accessibility to major highways and community services in the abutting urban area of Hamilton and the Ancaster community.  I strongly support the Provincial initiatives to increase the supply of housing in my community so that my children and grandchildren can remain in the area.\n"
    },
    "79315": {
        "url": "/comment/79315",
        "comment": "ERO FILE NUMBER 019-6216\nProposed Amendments to the Greenbelt Plan\nLands Located in the City of Hamilton\nSouth of Garner Road West, West of Fiddlers Green Road, East of Shaver Road, in the Vicinity of Book Road West \u2013 Map 9 to ER0 FILE 019-6216\nI strongly support the removal of these lands from the Greenbelt for the following reasons:\nIt's across the street from Bishop Tonnos High School.\nThe lands are adjacent to existing settlement areas;\nThe lands are adjacent to the edge of the Greenbelt area boundary;\nThe lands have the potential to be serviced in the near-term with local infrastructure upgrades to be entirely funded by proponents; and\nThe lands proposed for the removal have the characteristics that would enable housing to be built in the near term;\nThe subject lands were inappropriately and precipitously added to the Greenbelt in 2016 without proper consultation with residents and businesses in the area;\nThe inclusion of the subject lands in the Greenbelt in 2016 was contrary to the City of Hamilton\u2019s staff position and that of their consultants engaged in the Greenbelt review process;\nThere is no planning or scientific justification to support the inclusion of the lands in the Greenbelt.  The inclusion appeared totally arbitrary;\nI understand that the City of Hamilton requires these lands to meet housing needs to address affordability and supply issues.  This is an area that affords excellent accessibility to major highways and community services in the abutting urban area of Hamilton and the Ancaster community.  I strongly support the Provincial initiatives to increase the supply of housing in my community so that my children and grandchildren can remain in the area.\n"
    },
    "79317": {
        "url": "/comment/79317",
        "comment": "ERO FILE NUMBER 019-6216\nProposed Amendments to the Greenbelt Plan\nLands Located in the City of Hamilton\nSouth of Garner Road West, West of Fiddlers Green Road, East of Shaver Road, in the Vicinity of Book Road West \u2013 Map 9 to ER0 FILE 019-6216\nI strongly support the removal of these lands from the Greenbelt for the following reasons:\nEnough high-rises.  We need detached homes for families.\nThe lands are adjacent to existing settlement areas;\nThe lands are adjacent to the edge of the Greenbelt area boundary;\nThe lands have the potential to be serviced in the near-term with local infrastructure upgrades to be entirely funded by proponents; and\nThe lands proposed for the removal have the characteristics that would enable housing to be built in the near term;\nThe subject lands were inappropriately and precipitously added to the Greenbelt in 2016 without proper consultation with residents and businesses in the area;\nThe inclusion of the subject lands in the Greenbelt in 2016 was contrary to the City of Hamilton\u2019s staff position and that of their consultants engaged in the Greenbelt review process;\nThere is no planning or scientific justification to support the inclusion of the lands in the Greenbelt.  The inclusion appeared totally arbitrary;\nI understand that the City of Hamilton requires these lands to meet housing needs to address affordability and supply issues.  This is an area that affords excellent accessibility to major highways and community services in the abutting urban area of Hamilton and the Ancaster community.  I strongly support the Provincial initiatives to increase the supply of housing in my community so that my children and grandchildren can remain in the area.\n"
    },
    "79318": {
        "url": "/comment/79318",
        "comment": "This is a terrible idea. Please stop this.\nWe need farm lands in Ontario. Not more urban sprawl around Toronto.\nI only provided a web link because this commenting section wouldn\u2019t accept without.\n"
    },
    "79319": {
        "url": "/comment/79319",
        "comment": "ERO FILE NUMBER 019-6216\nProposed Amendments to the Greenbelt Plan\nLands Located in the City of Hamilton\nSouth of Garner Road West, West of Fiddlers Green Road, East of Shaver Road, in the Vicinity of Book Road West \u2013 Map 9 to ER0 FILE 019-6216\nI strongly support the removal of these lands from the Greenbelt for the following reasons:\nFamilies want backyards.\nThe lands are adjacent to existing settlement areas;\nThe lands are adjacent to the edge of the Greenbelt area boundary;\nThe lands have the potential to be serviced in the near-term with local infrastructure upgrades to be entirely funded by proponents; and\nThe lands proposed for the removal have the characteristics that would enable housing to be built in the near term;\nThe subject lands were inappropriately and precipitously added to the Greenbelt in 2016 without proper consultation with residents and businesses in the area;\nThe inclusion of the subject lands in the Greenbelt in 2016 was contrary to the City of Hamilton\u2019s staff position and that of their consultants engaged in the Greenbelt review process;\nThere is no planning or scientific justification to support the inclusion of the lands in the Greenbelt.  The inclusion appeared totally arbitrary;\nI understand that the City of Hamilton requires these lands to meet housing needs to address affordability and supply issues.  This is an area that affords excellent accessibility to major highways and community services in the abutting urban area of Hamilton and the Ancaster community.  I strongly support the Provincial initiatives to increase the supply of housing in my community so that my children and grandchildren can remain in the area.\n"
    },
    "79320": {
        "url": "/comment/79320",
        "comment": "This project and proposal is grossly short sighted and does not take into the long term negative impact. We build vertically. No one needs subdivisions. Develop vertical and follow the guides presented by European countries who have been around far longer! Please reconsider this project. STOP. Just stop taking our precious beautiful green belt. ALL of it.\n\u2014Leslieville & Prince Edward County resident.\n"
    },
    "79321": {
        "url": "/comment/79321",
        "comment": "ERO FILE NUMBER 019-6216\nProposed Amendments to the Greenbelt Plan\nLands Located in the City of Hamilton\nSouth of Garner Road West, West of Fiddlers Green Road, East of Shaver Road, in the Vicinity of Book Road West \u2013 Map 9 to ER0 FILE 019-6216\nI strongly support the removal of these lands from the Greenbelt for the following reasons:\nFamilies need backyards.\nThe lands are adjacent to existing settlement areas;\nThe lands are adjacent to the edge of the Greenbelt area boundary;\nThe lands have the potential to be serviced in the near-term with local infrastructure upgrades to be entirely funded by proponents; and\nThe lands proposed for the removal have the characteristics that would enable housing to be built in the near term;\nThe subject lands were inappropriately and precipitously added to the Greenbelt in 2016 without proper consultation with residents and businesses in the area;\nThe inclusion of the subject lands in the Greenbelt in 2016 was contrary to the City of Hamilton\u2019s staff position and that of their consultants engaged in the Greenbelt review process;\nThere is no planning or scientific justification to support the inclusion of the lands in the Greenbelt.  The inclusion appeared totally arbitrary;\nI understand that the City of Hamilton requires these lands to meet housing needs to address affordability and supply issues.  This is an area that affords excellent accessibility to major highways and community services in the abutting urban area of Hamilton and the Ancaster community.  I strongly support the Provincial initiatives to increase the supply of housing in my community so that my children and grandchildren can remain in the area.\n"
    },
    "79322": {
        "url": "/comment/79322",
        "comment": "Hi. I want to say that I am against the use of greenbelt for housing.\nArgument against using the Greenbelt for housing in Ontario.\nIt would undermine the purpose of the Greenbelt, which is to protect and preserve Ontario's natural resources and agricultural land. The Greenbelt is a unique and important part of Ontario's environment, providing essential habitat for animals and plants and protecting vulnerable ecosystems. Removing land from the Greenbelt to build housing would significantly reduce the amount of natural land available and could have a long-term negative impact on Ontario's environment. In addition, it could lead to increased air and water pollution and contribute to climate change.\nI believe that it used to bring financial gain to individuals or companies with close ties to the provincial government. If the Greenbelt is opened up for development, it will create housing projects that would benefit companies with close ties to the government. This is an unfair advantage for certain businesses and individuals, leading to a lack of competition and reduced choice for consumers.\n"
    },
    "79323": {
        "url": "/comment/79323",
        "comment": "Doug Ford's proposal to rezone the greenbelt in Ontario is a bad idea because it would lead to the destruction of vital natural habitats and wildlife, as well as irreparable damage to the environment. It would also increase urban sprawl, resulting in the unnecessary consumption of additional resources such as water and energy, and put more pressure on already crowded infrastructure such as roads and public transit. Long-term, it could have a devastating effect on the health and well-being of Ontarians.\n"
    },
    "79324": {
        "url": "/comment/79324",
        "comment": "I vehemently object to the sale of the protected Greenbelt to developers.\nDoug Ford promised his government wouldn\u2019t touch the Greenbelt.\nA report prepared by government-hired consultants said Greenbelt land was not needed to build needed housing.\nBuilding on unserviced Greenbelt land will not solve the unaffordable housing problem.\nGreenbelt land was designated after significant scientific studies and extensive public consultation and cannot just be whittled away without significant justification and extensive public consultation.\nAdding already protected river valleys to the plan cannot be used to justify removals.\nNeither can adding land in the Paris Galt Moraine, especially when no justification has been given for why these lands were chosen.\nAltogether the government should be protecting the existing Greenbelt and adding to it, not deleting from it.\nPlease take all this into consideration. Once gone, this precious resource will be lost forever.\n"
    },
    "79325": {
        "url": "/comment/79325",
        "comment": "Bill 23 is regressive and harmful to our environment, our agriculture and does nothing to help those who cannot afford expensive housing.  I urge you to stop the process on this bill and scrap it.  Hamilton citizens and Council decided to freeze the urban boundary and government should listen to its citizens without pulling rank. Stop pandering to developers who only seek to profit off of their own risky speculation.  The people of Ontario do not owe developers anything.\nForward-thinking planning which redevelops inside the city should be the focus.  We need geared to income housing. This will leave agricultural and natural lands to continue to exist and serve their purpose of feeding people, and allowing species to continue to exist as well as providing clean air and water for our communities.\nStop Bill 23.\n"
    },
    "79326": {
        "url": "/comment/79326",
        "comment": "I strongly oppose the proposed removal of lands from the Greenbelt. Ontario voters have made it clear time and time again that we do not support new development on the Greenbelt. This legislation goes against the will of voters and against commitments that Premier Ford has made in the past regarding the protection of the Greenbelt.\nWe can meet housing targets AND protect the environmentally significant lands that ensure a healthy future for residents of Ontario.\nHousing goals should be met by maximizing density in existing urban and suburban settlements, where civic services already exist and can be expanded upon. I do not see that the Greenbelt Plan\u2019s commitment to protecting prime agricultural land, hydrologically important areas, and wildlife habitat is upheld by the proposed changes, notwithstanding the claim that the overall size of the Greenbelt is being increased. The slow erosion of the Greenbelt by the proposed changes undermines the integrity of the Plan and risks increased weakening of regulation in the future. It also literally paves the way for more and more sprawl into prime agricultural land, instead of prioritizing the maximization of density in existing settlements.\n"
    },
    "79327": {
        "url": "/comment/79327",
        "comment": "Doug Ford's proposal to rezone the greenbelt in Ontario is a bad idea because the greenbelt is a vital piece of our natural heritage that helps protect valuable agricultural land, provides habitat for wildlife, and helps protect clean water. Re-zoning the greenbelt would put this important area of natural beauty and resources at risk, and could potentially lead to environmental degradation and negative impacts on Ontario's biodiversity.\n"
    },
    "79328": {
        "url": "/comment/79328",
        "comment": "I oppose Bill 23.  It is injurious to the Greenbelt.  With far too little debate, it acts to diminish support for environmental concerns.  For personal transportation, Ontario needs to prioritize public conveyances over private, and Bill 23 leans in the opposite direction.  For urban development, Ontario needs to prioritize infill rather than urban spread.  This bill advances the opposite.  I would favor retraction of this bill.\n"
    }
}