{
    "68451": {
        "url": "/comment/68451",
        "comment": "So having seen this new act proposal, I'm completely against any changes the Doug Ford government wants to do to our greenbelt here in Ontario. Whatever happened to Ford's promise of not touching our greenbelt here in Ontario. I AM COMPLETELY AGAINST ANY PROPOSAL THAT WILL ALLOW FOE ANY TYP OF DEVELOPMENT IN THIS ZONE. Be it residential, industrial or transportation such as the newly proposed Highway. A big NO to ERO 019-6216\n"
    },
    "68453": {
        "url": "/comment/68453",
        "comment": "At a time when we need to protect our precious green space more than ever, to put forward a proposal to turn parts if our protected Greenbelt into housing is unfathomable. As the municipalities have made clear, there is enough available land for urban development without needing to invade the Greenbelt. Climate change is real, and possibly the most pressing issue facing the world right now. Let's be leaders in environmental protection and find ways to grow and protect at the same time. Moving forward with this proposal is short sighted and gives Ontarians the impression that you are more focused on lining the pockets of certain party supporters and less on maintaining our natural resources for the future.\n"
    },
    "68454": {
        "url": "/comment/68454",
        "comment": "I am fully against developing in any part of the greenbelt. Development will permanently destroy valuable farming land at the cost of another sprawling suburb. Densification is a better solution than paving over quality soil. Time to start building up in the GTA. The OPC continually lies to Ontario voters and lines the pockets of rich developer lobbyists.\n"
    },
    "68464": {
        "url": "/comment/68464",
        "comment": "Do not touch the green belt. It is so vital in our agricultural production of fresh produce. It is our natural land. It will really mess with our food supply. Touching our natural areas will destruct even more environmental habitats that are home to so many species. Already, numerous condos, transit lines and buildings have already been built in Toronto. Which actually forced me to move out of my childhood home due to a transit line being built right by on Don Valley, which is where I lived. This hits home for me. Please do not touch the green belt.\n"
    },
    "68465": {
        "url": "/comment/68465",
        "comment": "It\u2019s quite disheartening to have a Ontario Premier go back on his promise to those in this province. Instead of trying to cut into the greenbelt for development purposes when we can use the 14,000 hectares the province was just given  to develop or better yet use the empty buildings sitting in downtown Toronto for low income housing!\n"
    },
    "68466": {
        "url": "/comment/68466",
        "comment": "The green belt is one of the most important natural areas in the province and building homes on this area is detrimental  to the environment, and will increase the effects of climate change, in which we are already experiencing to an advanced degree. Not to mention the loss of fertile farm land that will increase our our reliance on produce imports and increase scarcity and inflation, putting more pressure on the poorest Ontarians.\nThis plan does not have a proper plan for AFFORDABLE housing, no doubt just paving the way for more subdivisions that only a richer population can afford. We have enough housing in Southern Ontario, we need more housing that is actually possible to buy on one income.\nWe need homes for less than half a million for a 1 bedroom condo. We need rentals to be less than a mortgage payment.\nPeople should not have to pay $1500 to live in a 1 bedroom basement. All this bill will do is add more money to investors pockets as they buy up housing to rent to others for a ridiculous price.\nBetter use of the governments time would be to make sure all Ontarian\u2019s have a liveable wage. I have coworkers who are homeless and working a full time job that\u2019s above minimum wage, and still can\u2019t afford housing. I can\u2019t afford to move out my parents house because of home prices.\nShame on this government.\n"
    },
    "68469": {
        "url": "/comment/68469",
        "comment": "Making changing to the greenbelt is not the answer! I understand there is a housing crisis right now, but there are so many more solutions to that problem. Reducing the greenbelt anywhere in the province only increases the environnemental crisis which is NEVER the answer. With the proposed changes, cities are sprawling when they should be densifying.\nA big NO to reduce the greenbelt to build more houses. NO!!!\n"
    },
    "68470": {
        "url": "/comment/68470",
        "comment": "I am disgusted at the government's attack on the Greenbelt.  While we do have a housing crisis it is not suburban sprawl on protected ecologically sensitive areas that we need.  We need higher density, affordable housing near public transit.    The government's current plan is housing that is unattainable for the majority of people who cannot afford a suburban lifestyle on stagnant wages.\nIt will lead to increased car traffic from commuters that this government will then propose more highways to solve. It will also require additional land grabs to build amenities to serve the new neighbourhoods.\nThis plan is reckless in the face of climate change and reminds voters that your government is more focused on giving business to your friends than in working to serve the people of Ontario.\n"
    }
}