{
    "63141": {
        "url": "/comment/63141",
        "comment": "We must save the Greenbelt for future generations.  Doug Ford is listening to big-money developers, not the citizens of Ontario. There is a plethora of land available elsewhere in the province which is not protected. But the developers prefer the Greenbelt.\nI speak for all of our friends when I say we want to save this protected land and under no circumstances allow the Greenbelt to be developed.\n"
    },
    "63144": {
        "url": "/comment/63144",
        "comment": "This  proposal under the omnibus bill 23 to destroy the greenbelt is horrible. You and your ilk are acting in bad faith.\nYou were voted in by 18% of the Ontario population and now you are going to destroy the province.\nDevelopers should not be given  free reign, including opening up development within all wetlands, strips conservation authorities of most of their duties, opening up the Greenbelt for development, making it illegal for municipalities to impose \"green\" requirements for developments, removing the ability for municipalities to impose climate change policies on developments, urban design principles can no longer be imposed on developments.\nDisgusting!!!!\n"
    },
    "63146": {
        "url": "/comment/63146",
        "comment": "I strongly disagree with this proposal and feel that it goes in a completely different direction than what the leading urban centres in the world are doing. There are many options to add density within our existing boundaries by changing zoning and as-of-right permissions. Developing into the greenbelt is a terrible decision that cannot be easily undone.\n"
    },
    "63149": {
        "url": "/comment/63149",
        "comment": "I urge you not to remove lands from the greenbelt area. The lands being considered to replace them are already protected by other means, and so this is not a one-to-one replacement.\nNew housing can and should be provided by increased densification, without the need to build on environmentally sensitive or agriculturally valuable land.\n"
    },
    "63151": {
        "url": "/comment/63151",
        "comment": "Developing the greenbelt must be stopped at all costs. The brief moment of wealth for developers and politicians who will profit from this will be a flicker compared to the devastating long term effects to the ecosystem, soil retention, and quality of life for everyone in Southern Ontario.\nThe greenbelt protection act was created for a reason. It must not be revoked or amended for the sake of growing the wealth of a few people. If there is a housing crisis, this is not the way to fix it.\n"
    },
    "63154": {
        "url": "/comment/63154",
        "comment": "There is no doubt about the housing crisis in Canada and Ontario in particular. This is NOT the way to solve this crisis. Destroying green spaces will only cause a strain on resources down the line (for example when flooding occurs as a result). Green spaces and conservation lands should be maintained and other options explored. Taxing those with more than 1 property. Rent stabilization. Building useable housing on pre existing sites. Investing in community supports such as shelters, Mental health organizations and addiction services.\nThis proposal financially benefits few, while devastating natural resources and likely causing further strains on resources. The biggest issue is lack of AFFORDABLE housing, not necessarily housing generally. Focus on this first.\n- Concerned Ontario Resident, Government worker and lawyer who sees first hand the troubles caused by houselessness.\n"
    },
    "63157": {
        "url": "/comment/63157",
        "comment": "Don\u2019t remove protected land you said would be untouched, it\u2019s one of the greatest things in Ontario. Build more farms and food security before building houses and roads on the greatest farming land the earth has given us.\nFor housing please consider increasing density in other already built areas so the cost to build/maintain infrastructure per household is cheaper. Densification will reduce the need for more vehicles and offer better options for commercial and transit access.\n"
    },
    "63159": {
        "url": "/comment/63159",
        "comment": "This proposal is a disgrace. It will do nothing to solve our housing issues - we should be changing the zones rules around existing communities, especially in the center of Toronto,  to allow mid-rise buildings and construction. All this proposal will achieve (apart from enriching ford\u2019s donors) is to increase sprawl and traffic and the odds of flooding.\n"
    },
    "63162": {
        "url": "/comment/63162",
        "comment": "This proposal is not in the best interest of current and future Ontarians.\nThe removal of environmental regulations is entirely antithema to the current needs to environmental protection and conservation.\nEven if the Ford government didn't care about those values (...which seems to be the case), the removal of requirements and the opening of wetlands for housing doesn't address the housing crisis nor does it provide quality housing for future residents (i e. Building on wetlands will likely subject such residents to flooding and damage, particularly with worsening climate change).\nThe housing crisis will not be solved by destroying natural lands that can never be recovered. The housing crisis we have is not due to lack of land use. Our zoning laws don't work in favour of densification, which would make better use of infrastucture for greater amounts of people. Our housing crisis also has to do with the market's distortion from investor demand (domestic and foreign), as well as developers' keenness to exploit this market.\nWhy is the Ford government so intent on degrading environmental protections in favour of lining the pockets of developers, who will build low quality housing on flood-risk areas?\nDo not allow this happen. It does NOT favour the average Ontarian.\n"
    },
    "63163": {
        "url": "/comment/63163",
        "comment": "This is disgusting and sneaky. What happened to Mr Fords promise not to touch the green belt just one year ago?? We have protected land for a reason. Find somewhere else to build. Or, here\u2019s a thought, how about providing grants or funds to revitalize empty/abandoned buildings or properties instead of ripping up the green belt.\n"
    }
}