{
    "76254": {
        "url": "/comment/76254",
        "comment": "Why should we go inside the greenbelt? even if we go inside and increase the area of the greenbelt, why didn't they increase it if it was that important? If we go inside the greenbelt and increase it we can\u2019t replace the animals that habitat of that area.\nThe greenbelt provides:\nForested areas clean our air, removing the greenhouse gas pollution of Canadas Millions of cars\nHabitat for 78 species at risk of extinction\nThe greenbelt provides tourists and money.\nRemoving areas of the greenbelt are very risky to us Canadians, it mostly stimulates the economy and our risk of extinction of animals.\nThere are more than 1,500 square kilometers of undeveloped land in the Greater Golden Horseshoe.  We could build five more Mississaugas, or 11 more Oakvilles, without bumping into the Greenbelt.\nThere are other ways we can face housing prices increasing.\nDestroying the greenbelt/cutting trees would be releasing tons of CO2.\nIf we build on the greenbelt we would be contaminating the soil.\n"
    },
    "76261": {
        "url": "/comment/76261",
        "comment": "Though I thoroughly agree with the desperate need to increase Ontario's housing stock, both owned and rental, I'm extremely discouraged by the Ontario government's decision to open the Greenbelt to development.\nNumerous Ontario communities have recommended rezoning within their municipalities as a way to create the majority of the housing stock required. To build vertical, not horizontal essentially. The sewage, electrical, and water infrastructure already exists and can be augmented much more cost effectively than build out into the hinterland. Why not listen to communities?\nOur two children are in the rental market and will eventually seek ownership. They are not interested in over-sized million dollar houses stuck in the middle of nowhere. They've expressed interest in affordable housing that allows them to remain in our community. Certainly they reflect countless young people, single parents, immigrants, and the working poor in this simple aspiration.\nI'm also dismayed at the degradation to our environment this decision will inspire. My kids are deeply concerned about Climate Change. It is very real to them. They will be the most affected. Not us.\nPlease listen to your constituents. This is a most challenging time and it requires the courage to do what is best for the present and the future generation.\nSincerely\nJL\n"
    },
    "76262": {
        "url": "/comment/76262",
        "comment": "Dear Mr. Ford\nI cannot believe you are completely breaking your Promise to not touch the greenbelt as it stands now.  This just makes any kind of promise you might make suspect and looks like corruption of the worst kind.\nPlease reverse this decision as you supposedly did during the election campaign.\n"
    },
    "76264": {
        "url": "/comment/76264",
        "comment": "Good day,\nI find Bill 23 to be very disturbing and short sighted.  There are a lot of other ways to build housing to ensure we meet targets.  Most bills like this one end up doing more damage than good.  It's quite clear the government of today is helping 'its people' while sacrificing 'the people'. You will hurt this province and its sustainability. I thought you made progress earlier on in the pandemic, but clearly you wish to be a two term government.\nRescind this bill now.  Don't sacrifice Ontarians so you can help our your low rise developer buddies, Doug.  That's not right, nor is it fair.\n"
    },
    "76265": {
        "url": "/comment/76265",
        "comment": "To whom it may concern\nHello, I\u2019m a grade 8 student and i am concerned about the greenbelt. If we even take down half of the greenbelt it will not come back even if we tried. We would cause more pollution than we need right now including more greenhouse gases and even maybe threaten some species. You would cause some animals to migrate as well if you take down and develop half of the land. You might destroy the purpose of the greenbelt:\nWater sources to people\nKeeping a green environment\nTourism\nCleaning the environment and creating more oxygen\nCreating an ecosystem for animals and plants\nThose are the reasons for greenbelt and how we can solve those problems by building up like New York city or building down like London or you can combine these to build up and down.\nSincerely, Burak a Grade 8 student\n"
    },
    "76266": {
        "url": "/comment/76266",
        "comment": "Multiple studies completed by agencies, even some within this Government, have shown that opening up the Greenbelt is not necessary to meet the 1.5 Million Homes Target set by the Ontario Housing Affordability Task Force. What is necessary is the preservation of some of North America's most fertile and productive agricultural land, and the maintenance of the nearly 20 year precedent that substantial lands within the Greenbelt are NOT open for development. What this does is establish a precedent that will be very difficult to reverse - it will lead to further expansion of the Greenbelt North of the GTHA while diminishing it closer to the urban areas, where we need to build density and use existing infrastructure rather than extending our liabilities by continuing to sprawl outwards.\nFurther, the Province's failure to consult with First Nations in this process puts us all at significant legal risk. It was only 5 years ago that the Government of Canada reached a $1.1 Billion Settlement with the Williams Treaties First Nations - $444 Million of which was paid by Ontario taxpayers. The legal precedent for the absolute authority of our Treaty obligations is clear - this is opening up the province to legal challenges that have the potential to add significant costs, all for the desire of enriching developers. Please focus on building density, and on creating places that are affordable to life, not just affordable to buy.\n"
    },
    "76267": {
        "url": "/comment/76267",
        "comment": "I feel like the green belt should not add more land because it can mess up the  climate and also lots of habitats can be  destroyed.\nIf they were also to do this some people would not like it because of the construction near there homes and it would be very noisy.\nAnd also the urban marine when they do construction there the people don't like it because what if the mud gets in the river where they get there clean water  (i am a student  and this is my opinion about the green belt)\n"
    },
    "76272": {
        "url": "/comment/76272",
        "comment": "I agree we are in a housing crisis, but dismantling environmental and heritage safeguards that have been in place for decades is not the right way for \"more homes built faster\". Under Ford, Ontario is moving backwards. Why do we have to remove environmental protections to build homes? This feels like a lazy option without considering our province's future.\nThere are other ways to build homes without urban sprawl:\n- We need to densify our cities\n- We should repurpose existing infrastructure\n- We must invest in public transit\nWe need real, long-term solutions -- not Ford's short-sighted and irresponsible Bill. Please don't go ahead with Bill 23.\n"
    },
    "76273": {
        "url": "/comment/76273",
        "comment": "I strongly disagree with the greenbelt being used. I think that there are other ways to accommodate growth. Instead of building a bunch of houses we could build apartments or maybe take down abandoned buildings for more land. We need the greenbelt to grow food and for the animals to survive. Also, it\u2019s bad for the environment and the government promised not to touch the greenbelt. How can anyone be assured that decisions being made to protect the environment will ever be honoured?\nA Concerned Grade 8 Student\n"
    },
    "76277": {
        "url": "/comment/76277",
        "comment": "How short sighted does a government have to be?  The Greenbelt is imperative to our city's health.  Developers do not need more and more.  New housing can be created within the city limits.\nAnd I'd be very interested to know who has bought up land along the proposed highway 413, and if they have any connections to the current Ontario government...\n"
    },
    "76279": {
        "url": "/comment/76279",
        "comment": "There are other options. Please DO NOT use the Greenbelt for housing. Our future cannot afford this. PLEASE understand that we are at a critical time in human history and we need all the weapons at our disposal to fight climate change and environmental decline. If the land is used for housing history will not be kind to your decision.\n"
    },
    "76282": {
        "url": "/comment/76282",
        "comment": "My name is Anna and I am a lifetime resident of Ontario. I am very concerned about the implications of Bill 23. I grew up in Brampton and have seen the types of communities that result from urban and suburban sprawl.\nI'm concerned about the removal of good topsoil, the removal of trees that help regulate our nutrient and water cycles, and the changes in grading that will go by unreviewed on projects under this bill. I am also concerned about the load that this type of growth will put on our already taxed roadways and waterworks, and suspect that this will be used as justification for further carving up our fragile and important ecosystems such as the escarpment and the holland marsh. I'm concerned about environmental degradation due to urban sprawl and disappointed that such a bill has been passed under the guise of 'creating more affordable housing' when I, who live under the strain of housing insecurity, don't see anything in this bill that will actually help people who are in my situation or worse.\nI believe that there are plenty of opportunities for zoning amendments, infill development, and certain restrictions on foreign investment in housing that would create far more homes where they are needed, close to the communities where people live and work, rather than carving up our much-needed greenspace for communities where people are going to have to commute to work, school, and other places anyway.\nThis is not smart growth. It is an insult to decades of planning and protection that have come before, and it makes me even more fearful and wary of the situation that future generations are going to encounter.\nPlease amend Bill 23 to preserve ecological justice and prudent planning in Ontario.\nBest regards,\nAnna\n"
    },
    "76283": {
        "url": "/comment/76283",
        "comment": "Thank you for the opportunity to comment on proposed amendments to the Greenbelt Plan as outlined in ERO 019-6216 and as related to the Government of Ontario\u2019s More Homes Built Faster plan. This submission reflects similar statements to our comments in ERO-6217 - Proposed Amendments to the Greenbelt Area boundary regulation, and ERO-6218 - Changes to the Oak Ridges Moraine Conservation Act, recognizing the complementary nature of these three proposals as outlined on the Environmental Registry of Ontario.\nAs noted in our November 16th submission to the Legislative Assembly of Ontario, Standing Committee on Heritage, Infrastructure and Cultural Policy on Bill 23, the Ontario Public Health Association (OPHA) fully supports the need for Ontario to find more affordable housing opportunities for its residents and create healthy, equitable and climate-resilient communities. At the same time, it is vital that these processes, including legislative changes, are undertaken in a manner that reduces the risk of inadvertent harms and inequities to the health and climate resiliency of communities. Actions such as intensification and transit-oriented development can be health and equity promoting, without compromising other vital attributes required for healthy and equitable communities including access to, and protection provided by greenspace.\nPublic health agencies have long recognized the connections between healthy environments and population health, and thus the importance of healthy public policy across all sectors to strengthen health protection and equity. This includes policies for the protection of natural heritage systems, the preservation of ecosystem connectivity, and the implementation of nature-based solutions for climate-resiliency including mitigation and adaptation.\nOPHA urges the Government of Ontario to:\n- Maintain the integrity of conservation protections across Ontario, including the conservation of wetlands, woodlands, farmlands and other protected ecosystems\n- Implement smart growth policies that truly value the benefits of natural ecosystems, including strengthening of provincial land-use planning direction to protect green spaces\n- Implement the Auditor General of Ontario\u2019s recommendations in the 2022 Value-for-Money Audit: Climate Change Adaptation: Reducing Urban Flood Risk, including recommendations to protect green space and wetlands\n- Keep to its commitment to leave the Greenbelt intact\nOPHA does not support amendments to the Greenbelt Plan that remove or redesignate 15 areas of land from the existing Greenbelt Area (Maps 1-11 in ERO 019-6216 supporting material). We have provided a detailed account below, as to why this amendment to the Greenbelt Plan is contrary to protecting public health and safety, including climate-resiliency.\nOPHA does support the amendment to the Greenbelt Plan that would add lands in the Paris Galt Moraine area to the Greenbelt Area, and that would provide additional protection to urban river valleys. This amendment to the Greenbelt Plan to add lands on the Paris Galt Moraine would provide protection for this important area and allow expansion of the Greenbelt westward.\nGreater consideration of health impacts must be incorporated into the decision-making process affecting the Greenbelt Plan and the Oak Ridges Moraine Conservation Plan (ORMCP). The protected lands in the Greenbelt and ORMCP work together to promote the development of healthy, equitable and complete communities, protect natural heritage, water, and agricultural systems, improve air quality, help buffer against flooding and other climate-related health risks, and promote a culture of conservation. These plans help the province meet its climate change targets and communities achieve their net-zero carbon goals by providing a natural carbon sink, reducing energy usage and mitigating the urban heat island effect. As pointed out in the report The Nature of Health: Accelerating the integration of health considerations in urban nature-based solutions   these nature-based solutions increase climate-resiliency and can have added benefits for vulnerable populations disproportionately impacted by climate change.\nRemoving 7,400 acres of natural areas and farmland from Greenbelt protection will not solve the housing crisis and will create additional problems. Healthy natural ecosystems are essential to human health. Removing protections from the Greenbelt undermine the conservation of wetlands, woodlots and farmland, jeopardize source water protection, decrease climate resiliency and contribute to more urban sprawl.  Natural ecosystem services include regulating air and water pollution, flood protection, erosion control, carbon sequestration, provision of nutritious food and clean water, surface temperature regulation, and several cultural, recreational, physical and mental health benefits.\nProtection of green space including wetlands, and realizing their human health, environmental and economic benefits, is inextricably tied to land-use planning decisions. The Auditor General of Ontario has acknowledged the risk of further loss of green spaces posed by Bill 23, the More Homes Built Faster Act, 2022, in relation to the increased risk of urban flooding in surrounding communities. As noted in the Auditor General\u2019s report released on November 30, 2022, Value-for-Money Audit: Climate Change Adaptation: Reducing Urban Flood Risk  the three main factors that contribute to an increased risk of urban flooding are: (1) development that results in the loss of green spaces and other pervious surfaces, (2) inadequate or aging stormwater infrastructure, and (3) climate change, which is resulting in more frequent and more intense rainfall events.\nOPHA urges the Government of Ontario to implement the Auditor General\u2019s recommendations, including those related to protection of green space and wetlands \u2013 tracking and reporting on percentage of area covered by pervious surfaces, natural cover, wetlands and woodlands; reviewing land-use plans and policies, and including limits on impervious surface area that results from development; and developing and implementing a strategic plan to protect, conserve and restore wetlands. As noted by the Auditor General of Ontario: \u201cDespite the critical role that green spaces play to reduce the risk of urban flooding (and provide other benefits), we found that weak provincial land-use planning direction to protect green spaces is resulting in the continued loss of such spaces in urban areas across southern Ontario.\u201d The report references a Statistics Canada analysis of 2021 satellite data that found that: \u201cthe percentage of urban land area classified as green has declined in 31 of 33 (94%) of Ontario\u2019s medium and large population centres over the past 20 years.\u201d Another significant finding of the Auditor General\u2019s report is that nearly half of southern Ontario\u2019s remaining wetlands are unevaluated and risk being lost \u2013 with an average loss of 1,825 hectares of wetlands every year in this area alone. The report also noted that the province may be undermining local efforts to protect important green spaces through the increased use of Minister\u2019s Zoning Orders (MZOs) in recent years which override municipal land-use decisions.\nA 2016 report commissioned by the Greenbelt Foundation \u2013 Ontario\u2019s Good Fortune: Appreciating the Greenbelt\u2019s Natural Capital , estimated the total value of carbon stored in the Greenbelt\u2019s forests, wetlands, and agriculture to be $11.17 B, with annual carbon sequestration from forests, wetlands, and agriculture adding $51.94 M per year.  The value derived from the natural capital of the Greenbelt for recreational activities was estimated to be $2.1 B per year with the value related to property protection by reducing flood risk estimate at $224 M per year. The health benefit provided by air quality improvements resulting from forest cover within the Greenbelt was estimated to be $18 M per year.\nLands within the Greenbelt Area are crucial to the protection of our drinking water resources including recharge of our groundwater to provide safe drinking water to Ontario residents. Many of the Greenbelt Areas are located in the Oak Ridges Moraine and are identified as critical areas for protection of groundwater resources. After the drinking water tragedy in 2000 in Walkerton, Justice Dennis O\u2019Conner made 121 recommendations related to source water protection under the Clean Water Act.  Allowing development on the protected Greenbelt removes many of these vital protections as outlined in the inquiry reports. In addition, these land use changes could impact both drinking water quality and quantity for residents relying on private well water in this area.\nOPHA does not agree with the Government of Ontario ERO 019-6216 statement that \u201cThe anticipated regulatory impacts of the proposal are positive.\u201d Any loss of protected Greenbelt Area lands will disrupt these essential natural ecosystem services \u2013 reducing their ability to provide local sources of healthy, nutritious food, to control climate-related health impacts including flooding, extreme heat and other extreme weather events, to mitigate climate change, and to support equitable access to nature. Carving out portions of the Greenbelt for development removes vital protections for wetlands, woodlots and wildlife habitat. These cannot be replaced by providing protection in other areas, and sets a dangerous precedent for continued loss from the Greenbelt, Oak Ridges Moraine and other environmentally sensitive lands \u2013 posing additional risk for ecological stability and human health.\nMore protected natural ecosystems and connected near-urban nature is needed in the Greenbelt, not less. The Southern Ontario Nature Coalition\u2019s Technical Background Report: A Solution to Climate Change and Biodiversity Loss , points out that \u201csome of the most ecologically important areas in Canada are the natural areas and farmland in and around our cities\u201d. The report stresses that land-use policies and decisions must recognize the vital importance of greenspace and the particular elements of near-urban nature that \u201cprovide resilience to extreme weather, important outdoor spaces for communities and habitat for plants and animals.\u201d The report acknowledges that nature is \u201ccentral to Indigenous Ways of Knowing and culture and provides local food and essential gifts from nature or \u201cecosystem services\u201d to communities. These benefits will only become more important as climate change progresses.\u201d\nWith clear evidence that climate-related heavy rainfall events will continue to increase, it is counter intuitive to remove protections that allow development to occur in these sensitive areas. As noted in the Independent Review of the 2019 Flood Events in Ontario   report commissioned by the Government of Ontario the first core component of emergency management is prevention, which includes \u201c\u2026 actions taken to prevent flood-related emergencies or disasters from occurring, and includes land use planning and regulatory restrictions to keep development out of the floodplains and other hazardous areas. While we cannot prevent flooding from occurring, keeping people and property out of flood-prone areas helps ensure naturally occurring flood events do not result in local emergencies.\u201d\nFailing to value the benefits of the Greenbelt is neither a balanced nor a fiscally sound way to plan for responsible growth. To be economically-sound in the long-term, all land-use planning decisions at the provincial and local level must take into account the services that nature provides. This allows for the proactive management of natural assets for climate-resiliency and the identification of nature-related risks and opportunities that specifically recognizes the positive benefits of natural-climate solutions.  As noted in the Intact Centre of Climate Adaptation\u2019s 2022 Report, Getting Nature on the Balance Sheet: Recognizing the Financial Value of Natural Assets in a Changing Climate : \u201cThese actions will help Canada enlist and work with nature to slow climate change, increase climate resilience and reverse biodiversity loss, ultimately benefiting the wellbeing of people in Canada and beyond.\u201d\nEvidence from expert authorities and provincially appointed advisory groups shows that more than enough land has already been set aside to meet the demand over the coming decade for all types of housing within existing town and city boundaries, and outside Greenbelt Areas. The 2021 Expanding Ontario\u2019s Greenbelt report  sets out key requirements for expanding the greenbelt including: \u201cno land removal; \u2026 work towards simultaneously improving public health, local food security, water security, biodiversity conservation and economic prosperity; \u2026 acknowledge that there is more than enough land to grow the Greenbelt and built complete communities to handle projected population growth.\u201d\nThe Report of the Ontario Housing Affordability Task Force  lists a number of options that the government has at its disposal to help address affordability for Ontarians and achieve the target of 1.5 million new homes built in the next ten years, without developing on protected Greenbelt Area lands. These include densification, more gentle density and more efficient use of land across Ontario including better use of existing public services and infrastructure. As pointed out in the Report: \u201ca shortage of land isn\u2019t the cause of the problem. Land is available, both inside the existing built-up areas and on undeveloped land outside greenbelts.\u201d\nOPHA is concerned with the agricultural land base no longer being afforded permanent protections in the Greenbelt and ORMCP Plans. Both greenspace and farmland provide ecological, economic, social and health benefits for our residents, including land for growing food, access to local food, opportunities to connect with farmers and food production.  The loss of agriculture land does not support other provincial policy directives namely the Local Food Act, 2013, which was created to help foster successful and resilient local food economies and systems.\nOntarians have experienced and will continue to experience the devastating impacts of extreme-weather events including flooding when greenspace is paved over, and unsustainable development is permitted in areas that require environmental protection. Moreover, the value of productive farmlands in these areas for local, healthy food production, for environmental protection including that of speciality crops (e.g., tender fruits and grapes) many residents rely on for their livelihood, and for our economy supports continued protection of the existing Greenbelt.\nOPHA urges the Government of Ontario to keep to its commitment to leave the Greenbelt intact and not to remove or redesignate the 15 areas of land from the existing Greenbelt Area as proposed in ERO 019-6216. We also urge the province to maintain the integrity of all conservation protections within existing protected green spaces across Ontario and to expand the Greenbelt beyond its current area in consultation with stakeholders and by engaging with Indigenous communities.\nIt is vital that all smart growth policies truly value the benefits of natural ecosystems and not undermine the conservation of wetlands, woodlands, farmlands and other protected ecosystems. We encourage the province to heed the recommendations of its advisory groups and expert authorities, protect the existing Greenbelt, build in existing designated development areas and increase density to expand housing stock more effectively with co-benefits for health, the environment and the economy.\nThank you for considering our concerns and recommendations with respect to proposed amendments to the Greenbelt Plan as outlined in ERO 019-6216. We would welcome the opportunity to meet with the government to discuss the proposed changes and solutions that address concerns related to this proposed legislative change.\nSincerely\nJohn Atkinson\nExecutive Director\nOntario Public Health Association\nMore about the Ontario Public Health Association:\nOPHA has established a strong record of success as the voice of public health in Ontario. We are a member-based, not-for-profit association that has been advancing the public health agenda since 1949. OPHA provides leadership on issues affecting the public\u2019s health and strengthens the impact of those who are active in public and community health throughout Ontario. OPHA does this through a variety of means including advocacy, capacity building, research and knowledge exchange. Our membership represents many disciplines from across multiple sectors.\nwww.opha.on.ca | 416-367-3313 | admin@opha.on.ca\n"
    },
    "76284": {
        "url": "/comment/76284",
        "comment": "We need the greenbelt to allow our communities access to clean food, air and living. If this goes through it will bring irrevocable damage to the Greenbelt \u2014 which Premier promised to leave untouched. In the middle of a climate crisis, we cannot afford to be attacking wetlands, farmlands or our water.\nDespite claims, there is no evidence this Bill will help the housing crisis \u2014 instead, it is set to benefit wealthy developers. We need real investment in affordable housing and a proper leadership in this country that actually cares about it's citizens and the planet.\n"
    },
    "76287": {
        "url": "/comment/76287",
        "comment": "Before any consideration is put towards opening up any space in the greenbelt a heartfelt effort should be made by the province to make use of lands that are currently in built up areas.  Infill projects and more density in R1 areas should be the focus.  We do not need luxury housing we need entry level and affordable housing near public transit and walkable amenities.  Many open spaces and derelict properties can be found in Toronto, Hamilton, Brantford to name a few that could be reutilized for more housing.  Using agricultural lands and greenspace is overlooking already available and under utilized lands that would make more sense for entry level home buyers or affordable housing.  This idea of opening up the greenbelt is clearly a cash grab for property developers and politicians.  Shameful that the wishes of the majority of the constituents of Ontario is being ignored!  We were promised those lands would not be opened up for development and that promise needs to be kept.\n"
    },
    "76288": {
        "url": "/comment/76288",
        "comment": "Where will it end? Why are we always having to fight to keep green space that is supposedly \"protected\". It is way too easy in this Country for developers to just decide to overturn a natural landscape, and far more difficult to rectify that after the damage has been done. This short sighted profit driven blindness is the thing that has positioned us to be in a massive species extinction event, and a climate crisis. I beg of you to reconsider this decision. Look at the big picture... we need our green space, you can't just build over top of it and \"put it somewhere else\".. it makes me realize how little developers understand natural ecosystems. There are other creatures who rely on these small spaces to live. We need to be turning buildings into green space right now, we are so far from our emissions targets, its just sad. Please stop with this 'business as usual' mentality. We need to come up with better and more sustainable solutions to housing, I believe we can do better!\n"
    },
    "76290": {
        "url": "/comment/76290",
        "comment": "To Whom It May Concern,\nDevelopment of the greenbelt is not a good idea, because if you develop the greenbelt and you build houses we will lose a lot of greenbelt land. If you want to build houses, why the greenbelt and not somewhere else? The Greenbelt gives us oxygen. If you build houses and you cut the trees and the animals who live in the trees will lose their homes and we will damage the ecosystem.\nA Concerned Grade 8 Student\n"
    }
}