{
    "77119": {
        "url": "/comment/77119",
        "comment": "I do not support the green belt amendment being proposed. The greenbelt has been a protected land since 2005 and should stay that way. One of our primary objectives as a region is to fighting climate change and I feel this amendment would counter act that initiative.\nFurthermore, the city of Mississauga has estimated this project will result in an overall loss of city revenue which will directly affect regular tax payers without any guarantee that affordable homes will be built.\n"
    },
    "77120": {
        "url": "/comment/77120",
        "comment": "On behalf of Sunvalley Estates Limited, owner of lands located in Lot 17, Con 1 EHS - Caledon Village Caledon.  Attached are supporting materials requesting removal of land from the greenbelt plan boundary to faciliate development of a predominantly seniors development with an institutional component and as mix of uses intended to service the local area and support aging in place.\n"
    },
    "77122": {
        "url": "/comment/77122",
        "comment": "On behalf of Sunvalley Estates Limited, owner of lands located in Lot 17, Con 1 EHS - Caledon Village Caledon.  Attached are supporting materials requesting removal of land from the greenbelt plan boundary to faciliate development of a predominantly seniors development with an institutional component and as mix of uses intended to service the local area and support aging in place.\n"
    },
    "77124": {
        "url": "/comment/77124",
        "comment": "Leave the Greenbelt alone.\nThe Premier was clear when he was first elected: he would not touch the Greenbelt. He knew Ontario's citizens did not want the Greenbelt compromised and sold off for private profits. Mr. Ford needs to keep his promises.\nYour proposal overlooks something very important: ecologically sensitive land is not replaceable. Farmland is not replaceable. There are plenty of other places - areas that aren't part of the Greenbelt - where housing can be built. Build there.\nOh, and by the way: building a bunch of houses and condos isn't going to help much, considering most people in Ontario can't afford to buy them. Food bank use is at an all-time high in Ontario, so do you really think we can afford mortgages? Deeply affordable housing is the most pressing need, and it needs to be built in places where people will have access to transit and grocery stores (most of us Ontarians in poverty can't afford a car, after all.) Last time I checked, that doesn't describe the land Mr. Ford wants to let his developer friends to build on.\nLeave the Greenbelt alone. Yes, more housing is needed... but this is not the way to do it. You should be ashamed that it was proposed at all.\n"
    },
    "77127": {
        "url": "/comment/77127",
        "comment": "I am writing to you to express my concerns regarding Bill 23, the More Homes Built Faster Act. This legislation will make our community less green, ultimately result in cuts to service provision, and will threaten to exacerbate the climate change issues we are facing in Ontario.\nI strongly support the provincial government\u2019s intention to create more housing for Ontarians, but not to the detriment of healthy, livable communities. Parks, green spaces, and recreation are a key contributing factor to property value, conservation, tourism, and health. They are a proven way to reduce crime, increase physical activity in a population, and build a sense of community.  In short, this Bill threatens the economic, environmental, and social well-being of the province.\nPlease reconsider developing on ecologically significant areas such as the Greenbelt, for the sake of our present and future generations.\n"
    },
    "77128": {
        "url": "/comment/77128",
        "comment": "I have never engaged in political activism before\u2026 until now.\nPremier Ford; you said repeatedly that you would not touch Ontario\u2019s Greenbelt. Deleting the tweets does not make that go away.\nYou have made underhanded deals with developers. Shame!\nMy city of Hamilton made a decision to stop urban sprawl and focus on developing our brown spaces which already have infrastructure. You cannot impose your greed and destruction upon us.\nListen to the people. Yes, you got a \u2018majority\u2019 but only because our system is broken. Remember that the true majority of people did not vote for you. Do what is right and repeal Bill #23. Keep your promise.\n"
    },
    "77129": {
        "url": "/comment/77129",
        "comment": "Words cannot adequately express my anger and profound disappointment in the passing of Bill 23. There are so many egregious and short sighted directions in this bill, from opening the Greenbelt to greedy developers, and the subsequent downloading of infrastructure costs to local municipalities that are currently facing budget shortages without these added expenses. Those expenses will now be passed on to local residents, and face cuts in services we depend on.\nThe Greenbelt and surrounding watersheds provide millions of Ontarians with safe drinking water, and also serves to mitigate the increasing threat of flooding.\nFlooding is a significant concern in Canada and can happen anywhere and anytime. In my riding of Northumberland Peterborough South we have had damaging flooding of our creeks and along Lake Ontario from spring snow melt, rain and howling wind and waves off Lake Ontario. Due to climate change with less lake ice, the shoreline has not been protected and waves have been eating it away. Climate change is adding to the frequency and intensity of this damage. We need our Oak Ridges Moraine and wetlands to be protected from development so they can handle rain and snow melt before flooding occurs.\nOur drinking water source is the Oak Ridges Moraine. It cannot not and must not be affected by more wells and more septic systems from more development . We had a level 2 drought in 2016 for 6 months when local wells went dry, farmers could not care for their livestock and crops wilted. There is not an infinite amount of water and those who live here need our water source protected. As more and more chlorine is added to Lake Ontario water to make it potable, there may come a day when our water source is our Moraine and it needs to be protected from urban sprawl.\nFarming is our largest industry and the biggest employer in Northumberland County. Our farmers have been here for up to 5 generations and want their farms to continue to provide food and agricultural products. Their stated greatest fear is urban sprawl.\nBill 23 and its effects will clearly ignore the protected boundaries of animal habitat and travel . You can't swap one piece of land for another. Studies in the USA and other areas show the fallacy of land swapping, and it's only used as a last resort, not the first choice.\nPort Hope Council in our riding had a plan to expand their needed boundary for housing by purchasing the Wesleyville property for affordable housing and conservation. The government of Doug Ford stopped this agreement of purchase and sale at the 11th hour? It will undoubtedly be determined that developer friends of Doug Ford influenced this decision, much to the detriment of our local community.\nFurther, expanding the boundaries of developable land so it's no longer protected from that very act is urban sprawl, the very scourge the Greenbelt was established to protect.\nSo developers are going to be expected or legislated to fully fund all the infrastructure needed for their development? With laws that waive development fees or reduce them if the municipal planning dept doesn't act fast enough to approve their plans, the government had better legislate that all necessary infrastructure is fully funded by the developer. Further, we know infrastructure needs maintenance and replacement and that's the purpose of municipal reserve funds . Municipalities know their assets and the costs to maintain and replace them, therefore how can this provincial government suggest that these funds are idle and can be used in place of development fees?\nIt is so telling that this proposed legislation does not even mention affordable housing. This government does not care about the affordability of housing. To suggest that 80% of the resale value is deemed affordable when that amount is close to $800,000 in most Southern Ontario housing markets, is clearly out of reach of most middle class Ontarians.\nThe Galt Paris Moraine has been asked to be in the Greenbelt for years, not as a land swap. This area is already protected so the government is not giving any thing in return for Greenbelt land it wants to free up for its developer friends. There is nothing \"smart\" about this growth, it is urban sprawl, period, unneeded and unwanted.The Greenbelt is permanent protection for agricultural lands, and ecological and hydrological features developed over time and for good land use control and planning reasons. Bill 23 and its effects will clearly ignore the protected boundaries of the Greenbelt and start to allow urban sprawl into protected agricultural and environmentally sensitive land that took years of careful planning and wise legislation to protect. Bill 23 is NOT responsible growth. Instead it takes protected land to unnecessarily expand urban sprawl when 86,500 acres of ready to develop land outside the Greenbelt exits for development. It looks and smells like the \"targeted lands\" are those belonging to Premier Ford's development friends and land speculators. There are lands at Downsview for 80,000 people to live in an urban transit serviced area .\nIt is necessary for the Greenbelt to be as contiguous as possible to allow animals connections for their habitat and travel. Yet this government had the audacity and aggression to change that. Existing settlement areas have to have boundaries to allow the land next to them to be protected and continue to be used for needed agriculture, wetlands, forests, animal habitat, grasslands etc. Even the Ontario Affordable Housing Task Force indicates this Greenbelt 7400 acres is not needed for housing. Do the right thing and leave the Greenbelt and the Oak Ridges Moraine Conservation Plan lands alone.\n"
    },
    "77130": {
        "url": "/comment/77130",
        "comment": "On behalf of Richmond Properties ( Block 41) Inc please find request in support of the removal of lands from the Greenbelt Plan plan boundary.  The land is located in Lot 26, Concession 6 - City of Vaughan and within an approved secondary plan area for community land uses.  The lands requested for removal  have been studied  as part of the block planning and secondary plan process and now form part of a draft plan of subdivsion .  They can be readily serviced and developed for residential uses  to address current housing crisis.\n"
    },
    "77133": {
        "url": "/comment/77133",
        "comment": "I am strongly opposed to the announcement that the government intends to use Greenbelt land for home development through passage of Bill 23.\nThe government\u2019s Housing Affordability Task Force stated that the housing crisis is not caused by a lack of land to build on. Urban sprawl and loss of farmland, which affects our food security, are the very negative consequences of this decision.\nPremier Ford stated clearly prior to the election that the Greenbelt would not be developed and has no mandate to do otherwise. Ontario\u2019s appeal as a destination both to olive and travel is due in part to the quality of our environment. Paving over any portion of the Greenbelt destroys this for future generation.\nI urge the government to abandon implementation of Bill 23 and save this vital environmental resource.\nThank you.\n"
    },
    "77134": {
        "url": "/comment/77134",
        "comment": "This is an absolute joke. You are all a bunch of greedy slimy politicians. You should be ashamed Douglas, I am so disappointed that I chose to move back to this province. Our forest and wetlands are so important. And you obviously do not understand this. I doubt you even know what a hiking trail is. Selling your buddies this land is a mistake. I hope the general public stands up and fights back. I hope it cost you your careers.\nThe ecological damage that you will cause will be a generational mistake on your part. We do not need houses built in our wetlands. Nor do you need to take the power away from our municipality\u2019s or conservation authorities. Frankly it\u2019s disgusting the damage you have already caused. I will never vote for the Conservative Party again. You are liars and do not have the average person in mind with a political stunt like this.\n"
    },
    "77139": {
        "url": "/comment/77139",
        "comment": "I support this proposal and commend Premier Ford and his team for making the tough decisions that will allow our children to have the affordable housing options that we had when we entered the housing market.\nThe proposed urban expansion in Hamilton is relatively small in size and is surrounded on both sides by areas of previous housing and employment land development. Thus it it no longer viable farmland.\n"
    },
    "77142": {
        "url": "/comment/77142",
        "comment": "This is a mistake you are greedy untrustworthy liars. The environment is so important and you obviously do not understand this. I hope the public fights you all the way and makes is so incredibly uncomfortable for you. If you even dared to leave your office maybe you would have a clue the value of green space, hiking trails and wetlands. I regret ever moving back to this sorry excuse of a province, you should be ashamed of yourself Douglas. The ecological damage you will cause is unimaginable. I will never vote Conservative in my life again. You have shown me what pure filth looks like. No one wants a highway or a house especially not in some last remaining green space we have left. I hope bill 23 dies and you all feel terrible about it.\n"
    }
}