{
    "67069": {
        "url": "/comment/67069",
        "comment": "Absolutely not. We need to protect the green belt. Wetlands and biodiversity are a huge factor to long term sustainability. The green belt provides us with so much and it is protected under a conservation authority for a reason. We do not need more highways and mansions and new developments that the average Canadian wouldn't be able to afford. We need more affordable housing and to protect the vibrant environments such as the green belt, from mass destruction. There are a number of protected species with vital habitat in the green belt.\n"
    },
    "67070": {
        "url": "/comment/67070",
        "comment": "Stop development of the greenbelt. This will cause environmentally and fiscally unsustainable sprawl. This is a broken promise from an untrustworthy and unaccountable government. Keep your promises.\nAllow for easier infill development and encourage growth in other municipalities outside GTHA/ottawa. More exensive, suburbs will require more road development, pave over the most valuable farmland in the province and reduce our food security. We are doing the same thing over and over and surprised we get the same untenable result.\nStop this foolishness now, keep protected areas protected, stop lining the pockets of your uncreative cronies and start coming up with some real solutions.\n"
    },
    "67072": {
        "url": "/comment/67072",
        "comment": "Why is this government so intent on forcing sprawl on us.\nIs nothing sacred but money?\nAre you not aware of climate change?\nHamilton has overwhelmingly spoken.\nIt's not even population growth that seems to be the goal here.\nIt's destruction of natural spaces , to create more unaffordable homes which will also require all the infrastructure that goes along with it (I guess that will come out of our taxes?) all to make developers happy and line the government's pockets?\nIt's disgusting greed and I'm embarrassed to be governed by a group that would make this choice.\nBuild up the city. There are so many abandoned and under used spaces in the lower city. They have the amenities, the infrastructure.\nLeave the the protected greenspace alone. This is a horrific legacy.\n"
    },
    "67074": {
        "url": "/comment/67074",
        "comment": "The Greenbelt is there and is protected for a reason! We need wetlands and biodiversity, and farmlands - among the many ecosystem services this helps protect our drinking water and prevent flooding. The answer to the housing crisis is to build density in residential neighbourhoods, not building more single family housing in the suburbs.\nPremier Ford and the PCs needs to KEEP his promise to protect the Greenbelt - electors are not stupid enough to think the housing situation has changed so drastically in the last 6 months since the promise was made. PROTECT THE GREENBELT AS IT IS!\n"
    },
    "67075": {
        "url": "/comment/67075",
        "comment": "I am completely opposed to greenbelt development. To maintain a healthy planet for the future we need to protect its own environments today. Ontario doesn\u2019t need more large housing developments and big box store centres, it needs high density housing that\u2019s affordable to the majority of our populace. There are innumerable empty office buildings located in cities throughout the province that could easily be converted into affordable, safe, and comfortable housing for the many who need it. This is the type of out of the box thinking we need. Not just the current line of though, which is only helping the right get richer. Please leave the greenbelt alone.\n"
    },
    "67076": {
        "url": "/comment/67076",
        "comment": "Mr. Ford, I met you briefly when you stopped in for gas on the 400 Northbound at the Canadian Tire years ago, just after your brother had passed away. I believed in you and your brother all those years ago and you had my full support. But I won't lie to you, things you and the Conservative party have done have completely changed my perspective.\nIt actually saddens me that I, a low income Ontario resident, have to worry everyday about how our provincial government is going to screw us. It happened with taking away the Green incentive, it's happening with our nurses, it's happening with our public healthcare, and now it's the Green Belt.\nWhen will the privatization end? When the last union members fall? When the people you promised, along side your brother, to stop the gravy train and put money back into the people's pockets, have to work all day everyday for record profits? When all of our beautiful Ontario land is used and abused by corporate greed? When does this gravy train stop? You know, not only as an Ontarian, as a Canadian, what you're doing is not right.\nDon't destroy the Green Belt to line already fat pockets. You still have time to help Ontario and help the people that need it most. People aren't just upset, they're angry. The anger is at you and your party.\nDo the right thing, and do it for Canadians. Be a leader. Do not touch the Green Belt.\n"
    },
    "67078": {
        "url": "/comment/67078",
        "comment": "Having worked in the housing sector for over ten years I understand how desperately we need more affordable housing in southern Ontario.\nUsing greenbelt land for development is not the way to do it. The greenbelt removes carbon dioxide from our air. At this time of climate crisis we cannot afford to lose anymore ecologically valuable land.\nMunicipalities already have the land to meet the housing need. More urban sprawl forces people to rely on cars, another reason it is not a wise solution.\nThe climate crisis requires us to take every measure we can to mitigate catastrophic consequences. Housing developments won't do us any good if our plant is uninhabitable. We need to implement housing solutions that are ecologically sustainable to balance our need for housing with our need for a healthy planet.\n"
    },
    "67082": {
        "url": "/comment/67082",
        "comment": "We have been seeing the affects of global warming, the rate of those affects has been hastening more and more every year. We almost had summer in November. We need housing, but touching the greenbelt is not the answer. Build new housing somewhere else, improve public transit, free up the 407, and lower the rate of immigration until the housing crisis can be managed properly, not carelessly.\n"
    },
    "67083": {
        "url": "/comment/67083",
        "comment": "The purpose of the greenbelt is to preserve and improve the ecology of which our cities are a part, around which we live.  It is essential, and unreplaceable once developed into roads and rails, residential or industrial or commercial real estate.  To re-zone this wise allocation of greenbelt and green spaces for short term gain in housing or tax base is unnecessary, cannot be undone, and will leave a legacy of short-sighted, unimaginative planning.  I have heard \"We have lots of wasted land...\" - it is not.\nUnfortunately, even within the city, we make expedient choices that sacrifice residual urban green spaces for building and transit - because it is cheaper, or perceived as convenient - this is then rationalized with passionate arguments, and the green space is gone forever.  I have heard \"We have lots of trees and grass...\" - we do not.\nThink ahead, think ecologically, not just in numbers.  How many cities say \"We want want fewer trees, fields, parks, paths and forests?\" Think further ahead than more roads and another suburban development.  The greenbelt was set aside for a reason. That reason has not changed. Work with it.\n"
    },
    "67085": {
        "url": "/comment/67085",
        "comment": "I am extremely upset by this proposal. The greenbelt must be protected and is home to so much wildlife vital to Ontario. We were promised the greenbelt would not be harmed and now its being destroyed. Please regulate rent rates, tax empty investment properties, and build affordable housing in empty office spaces in toronto where we actually need it instead of destroying the greenbelt.\n"
    },
    "67086": {
        "url": "/comment/67086",
        "comment": "As a parent of a young child it horrifies me that the Ontario government is planning to destroy the greenbelt to build housing.\nThe affects on the environment of this plan are terrible. We're at a tipping point for climate change so why continue on this path by building on the greenbelt?\nThe housing crisis will not be solved by building single family homes on this land. We need high density housing. Perhaps it's time to rezone some commercial buildings (ie empty office towers in downtown toronto) to meet growing demand.\nI get that you only care about money but think of your children's and grandchildren's futures.\n"
    },
    "67087": {
        "url": "/comment/67087",
        "comment": "It's obvious that this has nothing to do with improving the lives of Ontarians. Corporate greed has made it so that we can't afford the houses that already exist, so giving millions of dollars of taxpayer money to development companies to build even MORE unaffordable housing will not solve anything. It's painful watching our government line the pockets of corporations at the expense of the citizens, especially when doing so will also destroy more of our natural resources.\nHeavily tax the rich, heavily tax anybody who owns more than one property for rent, and stop giving money and development deals to multi-million dollar businesses. They have enough. Spend your energy on regulating the companies causing inflation through their obscene greed, and then we'll be able to afford rent on the housing that already exists.\nThere are lots of houses for sale in my hometown. I see dozens of them every time I go out. The prices on them are laughably high, so those For Sale signs stay up for months. Bring down the cost of housing, raise the minimum wage, and actually help the citizens survive in this capitalist hellscape you've helped enable.\n"
    }
}