{
    "63115": {
        "url": "/comment/63115",
        "comment": "Everything from small watercourses and wetland would be at stake under bill 23, not only the green belt.\nI think this is a horrible idea especially when there are other alternatives to increase housing density  haven\u2019t even been explored. I\u2019d suggest we focus on revamping our zoning within the city and maybe reduce the ratio of single family homes.\nHow does potentially building on wetlands even helps anyone? Increased risk of flooding comes with a lot more costly and impactful repercussions for the province.\nWe have a commitment to preserve our environment but also urban sprawl without proper transit and other infrastructure is juts a poorly thought out plan.\n"
    },
    "63117": {
        "url": "/comment/63117",
        "comment": "This is ridiculous. We MUST protect green spaces, and removing areas of the Greenbelt for redevelopment is absurd. There are ample spaces already if designed properly; siding with developers hurts Ontarians and affordable housing as it is causing once again reliance on vehicles that exasperates pollution. Leave the Greenbelt alone and use existing infrastructure to improve housing as well as create more affordable housing for all Ontarians.\n"
    },
    "63120": {
        "url": "/comment/63120",
        "comment": "The proposed change to destroy part of the green belt for use building homes is unacceptable from ecological and social standpoints. These lands are vital to our health as a country and planet. This will not solve housing prices nor will it solve the already disastrous urban sprawl we have in the GTA. Please PLEASE reconsider this choice and opt for higher density homes in walkable cities instead. STOP urban sprawl and LEAVE THE LAND ALONE.\n"
    },
    "63123": {
        "url": "/comment/63123",
        "comment": "There are many other ways to create available housing than ripping into the Greenbelt. There is a ton of land across Ontario that\u2019s zoned EXLCUSIVELY for single-family homes or commercial strip malls. There are opportunities to density these areas.\nPlease also consider as-of-right zoning not only for existing unit conversions, but for new missing middle construction, higher densities on major arterial roads, etc.\nExploiting the greenbelt for new housing is incredibly tone-deaf especially during the current climate crisis. If the amendments do unfortunately pass, I have little trust that our current government will use the land diligently instead of opting for the method of least resistance and building miles of urban sprawl on it.\n"
    },
    "63124": {
        "url": "/comment/63124",
        "comment": "This is a completely ridiculous proposal that is simply a way to give greedy developers even MORE money while ignoring the fact that residential zoning laws in the GTA are the issue here. I\u2019m not paying even higher taxes for these buildings or houses which will inevitably flood as they would be built in WETLANDS. Keep our environment safe. Stop trying to sacrifice the well being of the planet and the working class people for some soulless corporations that will bleed Canada Dry.\n"
    },
    "63127": {
        "url": "/comment/63127",
        "comment": "KEEP YOUR PROMISE to leave the Green Belt untouched. If you go back on your election promise, I will never vote for the Conservatives again - I am in my 20's, so that is an estimated 20-30 elections in my lifetime.\nWE WILL REMEMBER YOUR DUPLICITY! You can only keep trying to (further) enrich your developer friends a little longer, but you will be surprised at the strength of the reaction to remove you and your corrupt government VERY SOON!\nSincerely,\nAn Ontarian who will never forget or forgive a politician who blatantly lies to their constituents.\n"
    },
    "63128": {
        "url": "/comment/63128",
        "comment": "I cannot even begin to understand how the same people who say that Ontario is in a climate crisis can then make a plan to scrap protected environmental areas in order to add more urban sprawl... To say that this is an option to solve the housing crisis is something that seems skeptical to me. The housing crisis exists because people cannot afford housing. Are all of these homes being built going to be affordable housing? Most likely not. So this is going to half heartledy \"solve\" one problem while adding to another. We need to see better designs for our urban areas which will help to curb urban sprawl, not give up and begin to take over protected environmental areas. What is the point of even having these areas as protected lands if the government is just going to change their minds and build upon them. There are much better solutions than paving over the Greenbelt. I encourage Doug Ford and his party to talk to any urban planning or design student or professional to learn more about why his suggested plan is a terrible idea! Once you develop the land you can't get it back. Please remember that!\n"
    },
    "63130": {
        "url": "/comment/63130",
        "comment": "I do not support and absolutely reject any provision of Greenbelt, or other environmentally-protected lands, for development.\nAs a resident of the GTHA for over 20 years, I take pride and joy in the Greenbelt. Forests, trails and farms have provided endless hours of peaceful walks, hikes, education and learning about the diverse flora and fauna we have in this province. This province has always been \"yours to discover\" notwithstanding this PC government's persistence in destroying everything we value (including our provincial slogan). I am also an immigrant and am very much aware of the housing crisis as it impacts me personally. But by lining the pockets of developers we aren't going to solve this crisis. We need AFFORDABLE housing which no developer truly cares about because it means less profit for them. It is clear the PC government does not care either as no thought has been given to real, substantive issues impacting everyday citizens, and only to making wealthy developers more profitable.\nUnder no circumstances should we give in to this farce, because that is exactly what it is - a mockery of our concerns for affordable housing, and a disregard for the environment and other species with whom we share our province.\n"
    },
    "63131": {
        "url": "/comment/63131",
        "comment": "further densifying the GTA instead of cutting into greenbelt that is natural habitat and farmland makes way more sense. With more trnasit being built, its better to not just make endless subdivisions. Densify GTA and grow other large towns i.e. Barrie, Innisfil, Milton, Guelph, Collingwood and improve transit and Go Lines\nNick\n"
    },
    "63132": {
        "url": "/comment/63132",
        "comment": "Opening up the Greenbelt and sensitive wetlands for development goes directly against Doug Ford's campaign promise, as well as common sense and the wealth of knowledge we have about the importance of keeping these lands naturalized.\nNobody wants to live on a floodplain, it is a recipe for disaster.\nThe public has shown, time and time again, that it does not want any part of the Greenbelt to be destroyed. This bill goes directly against Doug Ford's campaign promise to Ontarians to NOT touch the Greenbelt. It is pandering directly to developers. The ONLY people who will benefit from this are the select few companies who happen to already own Greenbelt lands, and are chomping at the bit to profit from them.\n"
    },
    "63134": {
        "url": "/comment/63134",
        "comment": "It is a terrible idea and extremely short-sighted thinking to pave over an area of vital greenspace just to build 50000 new homes. Does the ministry of municipal affairs and housing not realize that the greenbelt provides vital food security, clean water and air, community space, and habitats for a variety of species. Have they even bothered to read what the purpose of the greenbelt is? Why not instead update zoning laws to allow for denser, varied, transit focused housing instead of expanding urban sprawl?\n"
    },
    "63135": {
        "url": "/comment/63135",
        "comment": "I am ashamed that my government would consider development in our beloved green belt. Once these lands are developed, they and the creatures they provide habitat for will be destroyed FOREVER. Fix the vacant housing in the GTA and develop within already established city limits. Leave the green belt alone.\n"
    },
    "63139": {
        "url": "/comment/63139",
        "comment": "Rather than destroy the green belt why don't we rezone parts of the city to better manage population density. Or better why don't we punish people who choose to own 2 or more homes through taxes so that those houses can go to people who will actually live in them. Why don't we fix the real issue rather than building houses that a landlord or rental conglomerate will buy out before average people can even get into one.\n"
    }
}