{
    "72175": {
        "url": "/comment/72175",
        "comment": "Why is the planet doomed? It\u2019s doomed because of politicians and their big money friends making deals! We can not survive buy destroying wild places any longer! Protection of land like this, is protection for our children\u2019s future. This has nothing to to with lack of housing. This has everything to do with a developer\u2019s poor judgement costing him money and asking his buddy politician to step in!\n"
    },
    "72197": {
        "url": "/comment/72197",
        "comment": "I am a PhD student and educator with experience working in social services, healthcare, policy, social research, and education fields. The lack of scientific rigor found in the proposal is appalling. It lacks proper research into effective sollutions and is an incredibly ineffecient way of making use of people and experts in the field of city planning and environmental management.\nI disagree with all edits made to the document. The Greenbelt is a crucial part of Ontario's infrastructure and should not be built on. Building into the Greenbelt will pick away at our protections from major weather events like what's happened in Pahkistan. The Greenbelt is not only ecologically important for biodiversity and as a carbon sink, it sucks up water and holds it in place in the water column. Building into these lands will result in significant risk increase for flooding, soil erosion, and stronger winds. As global warming takes more and more into efect, it is unwise to increase these risks for the long term health of the people who could live there and the other communities near them. This is also assuming that the new housing built is affordable in the first place.\nPlease look into what successful housing projects have done in other places. We need leaders like Jennifer Keesmaat leading the housing initiative.\nWe need an end to foreign investments and limiting investment properties. We need to fill vacent apartments and houses first. Why should there be properties empty when there are people who could be living there? Tax places with vacent units if they remain unfilled for 3 months. We need initiatives to drive the price of housing down. If they can't get renters/buyers, perhaps the cost needs to come down?\nDefine what a housing unit is and what is not housing more strictly. The minimum requirements for housing need to be increased and there needs to be a maximum size for housing units. We need to crack down on closet/shed \"rooms\" and shared units smaller and tighter packed than prison cells. There is increasingly, more subdividing of houses and apartments into smaller, strange shaped spaces. Then there are the giant, sprawling McMansions that are significantly more than what a single family could ever need. The cap can be generous, but there should be a cap on how large a single family dwelling can be.\nPrioritize housing construction applications that are for affordable/non-profit housing initiatives and remove red tape from registered non-profits to build affordable housing. The housing crisis is happening because the vast majority of Ontarians can't afford housing prices. If an incoming police officer or doctor can't afford to rent a place in Toronto, the system is broken. We need millions of quality units that are affordable to all Ontarians. Find spaces within pre-existing cities and towns that could be redeveloped or filled. We haven't been very efficient with our use of the spaces we've already developed.\nHousing shouldn't cost more than 40% of someone's income. For people on OW or ODSP, housing for the average bacheolor unit in Toronto is more than 100% of what they make. A minimum wage worker will spend well over half of their income on rent. We need to fill all the vacencies in buildings already built. It's unacceptable for there to be all these units built without people living in them.\n"
    },
    "72198": {
        "url": "/comment/72198",
        "comment": "Please DO NOT remove any lands from the Greenbelt for development. Money should be spent into building vertically (buildings and complexes with stores and medical facilities on the ground floors) and conserving the green space.\nWe don't need more houses, we just need people to not own 2+ houses! Increase taxes on multiple properties, have legislated rent control and crack down on empty houses being used for short-term rentals and foreign investment.\n"
    },
    "72205": {
        "url": "/comment/72205",
        "comment": "I am commenting on the proposed Ontario Bill 23 Built Homes Faster as a profoundly concerned citizen of Ontario.\nNote my concerns and comments also apply to the proposed adjustments to the Greenbelt Area boundary and Oak Ridges Moraine Conservation Plan regulations as described under ERO 019-6217 and ERO 019-218 as well as amendments to the Conservation Authorities Act among others.\nI am opposed to Bill 23 because it will cause harm to the health and well-being of Ontario\u2019s environment, economy and society. If passed, the implementation of Bill 23 will result (in the short and long-term) in the:\n\u2022\tloss or degradation of wetlands, forests, meadows, conservation lands and farmlands;\n\u2022\tdegraded surface and groundwater quality; reduced and less reliable supply of drinking water; reduced and less reliable supply of irrigation water for farming and water for manufacturing;\n\u2022\tgreater risk of more frequent and severe flooding; degradation of local and regional air quality;\n\u2022\tloss of economic prosperity to farmers and rural farming communities; increased food insecurity;\n\u2022\tloss of tourism dollars as Ontario\u2019s much-visited natural landscapes are transformed; loss of economic productivity;\n\u2022\tdecreased physical and mental health outcomes for Ontarians from loss of natural spaces that are accessible (e.g., free and/or local) in areas where population pressure is greatest;\n\u2022\tsignificant increases to the cost to municipalities to service new developments in greenfields; and,\n\u2022\tsignificant increases in costs to municipal and the provincial government to address the exacerbated effects of climatic events due to loss of natural spaces and ill-planned development (floods, urban/suburban heat islands, pests etc.).\nThis list is not exhaustive.\nPlease note that my opposition to Bill 23 should not be construed to mean that I am opposed to development. I am not, but I am opposed to short-sighted and poorly planned development that will be counterproductive to its stated goal of building more affordable homes for as many people as possible.\nBelow I offer more detail on some of how the implementation of Bill 23 will result in negative impacts to Ontario\u2019s environment, and a bit of detail about impacts on human health and the economy.\nImpacts on Wetlands, Forests, Meadows, Natural Spaces and Conservation Lands\nBill 23 will result in the loss or degradation of wetlands, forests, meadows, conservation lands and farmlands; degraded surface and groundwater quality; reduced and less reliable supply of drinking water; reduced and less reliable supply of irrigation water for farming and water for manufacturing; greater risk of more frequent and severe flooding; and degradation of local and regional air quality because:\nProposed changes to the Conservation Authorities Act (CA Act) under Bill 23 would severely limit/prohibit the ability of Conservation Authorities (CA) to protect Ontario\u2019s natural heritage and farmland. In part this is because under Bill 23:\n\u2022\tThe terms \"conservation of land\" and \"pollution\" would be removed from the CA act and the terms \"unstable soils and bedrock\" would be added;\n\u2022\tCAs commenting and review as part of the planning and review process would focus only on natural hazards with no ability to provide comment on natural heritage ecology, wetlands and biodiversity;\n\u2022\tCAs would be prohibited from partnering with municipalities and providing their expertise with regard to planning applications;\n\u2022\tMunicipalities would be forced to find outside agencies to advise them of the risks associated with a development application;\n\u2022\tThe ability of CAs to conduct their work would be significantly impeded due to the proposed changes to allow the minister to freeze planning and permitting fees at current levels, preventing recuperation of funds from costs associated with CA's involvement in development applications;\n\u2022\tCAs would be required to identify lands which could support housing developments and give them up for development, including donated land; and,\n\u2022\tThe interconnectedness of watersheds, wetlands, and natural areas could be ignored. This means that wetlands would no longer be assessed as \u201ccomplexes\u201d (individual wetlands spread throughout an area) which increases the risk of developers applying to offset provincially significant wetlands because they would be downgraded due to changing definitions.\no\tFor those not familiar with the ecological term of a wetland complex, the Beverly Swamp in rural Hamilton, the largest remaining wetland in southern Ontario, is an excellent example of a provincially significant wetland complex https://caroliniancanada.ca/legacy/CarolinianSites_BeverlySwamp.htm\nWhy We Should Care about Loss of Wetlands, Forests, Meadows and other Natural Spaces?\nWhy is the preservation of natural heritage features and systems critical, especially in a rapidly urbanizing region like southern Ontario?\nThe value (monetizable and otherwise) of natural heritage features and systems cannot be overstated. Wetlands in particular have enormous value \u201cbecause they function as the downstream receivers of water and waste from both natural and human sources. They stabilize water supplies, thus mitigating both floods and drought. They have been found to cleanse polluted waters, protect shorelines, and recharge groundwater aquifers. Wetlands also have been called nature\u2019s supermarkets because of the extensive food chain and rich biodiversity that they support. They play major roles in the landscape by providing unique habitats for a wide variety of flora and fauna\u201d https://www.tandfonline.com/doi/full/10.1080/21513732.2015.1006250\nWetlands and the services they provide are particularly important in southern Ontario with its growing population and concomitant intense development pressure. However, most of Ontario\u2019s original wetlands (85%) have been lost, and the pace of loss of the remaining wetlands is increasing:\n\u2022\tBetween 2011\u20132015, a total of 7,303 ha of wetlands were lost. This total is higher than the previous 6,152 ha lost between 2000 and 2011. This loss represents 0.7% of remaining wetland area in southern Ontario, a value slightly greater than the 2000\u20132011 assessment which represented a loss of 0.6% of remaining wetlands.\n\u2022\tThe rate of wetland loss between 2011\u20132015 (1,825 ha per year) is considerably higher than the rate of wetland loss previously assessed for the decade between 2000\u20132011 (615 ha per year).  https://sobr.ca/indicator/loss-of-wetlands/\nSince land conversion is the primary cause of wetland loss in southern Ontario, policies and other actions by the provincial government should focus on the preservation of remaining wetlands, instead of greater removal of them as would result from implementation of Bill 23.\nForests are also key natural heritage systems. Forest floors, their uneven surfaces (hummocks and depressions) and soils thick with rich biological activity, are very effective at filtering rainwater and storm water runoff, thereby preventing floods, and allowing for the percolation of water to groundwater that recharges streams and rivers. As water filters through soils, contaminants and excess nutrients from adjacent urban/suburban areas and agriculture are removed https://www.sciencedirect.com/science/article/abs/pii/S2212428417301056\nMaintaining sufficient forest cover to support wildlife such as bats and birds also provides economic benefits such as pest control https://phys.org/news/2022-11-young-trees-insect-bugs.html as well as tourism https://www.todocanada.ca/50-nature-attractions-hotspots-in-and-around-\u2026\nWithout wetlands and forests to trap, filter and store water, there is an increased risk of damaging and expensive flash flooding, and a reduction in the quantity and quality of groundwater for private and municipal drinking water wells, as well as water needed to irrigate high value crops like vegetables https://www.sciencedirect.com/science/article/abs/pii/S2212428417301056 .\nHeadwater Streams \u2013 So Valuable and So Threatened under Bill 23\nIt is clear from the Overview Map, provided as supporting material under this ERO posting, that much of the land (8 of the 11 sections) proposed to be redesignated under or removed from the Greenbelt Plan/Oak Ridges Moraine Conservation Plan appears to be in headwater geographies (e.g., sections 1, 2, 3, 4, 5, 6, 7 and 8).\nHeadwaters are the source and upper branches of streams and rivers. Headwater streams are the smallest branches (that may or may not flow all year around) that join up with other small branches to form larger branches that become the main reach of a stream or river as it courses its way to a lake or sea. As with forests and wetlands, the ecosystem functions that headwater streams provides to humans include flood control, control of soil and sediment erosion, reduction of excess nutrient delivery to lakes, and, because of their very high habitat diversity, they provide valuable habitat for aquatic organisms such as amphibians, fish and invertebrates that are the key food source for recreational and commercial fisheries https://academic.oup.com/bioscience/article/55/3/196/249658 .\nHeadwater streams are very small and as a result they are heavily influenced by the quality of the terrestrial land that surrounds them.  Because of this, they are very sensitive to disturbance such as urban development with its introduction of paved surfaces, erosion, flooding and introduction of chemical pollution. The benefits, environmental, economic and social, of protecting and wisely managing headwaters are well-established as these extension publications from large land grant universities in the United States evidence https://lgpress.clemson.edu/publication/the-importance-of-headwater-str\u2026 and https://hgic.clemson.edu/factsheet/protecting-headwater-streams/ .\nFragmentation of Natural Spaces\nBill 23 will result in the development of greenfields that currently support natural ecosystems (wetlands, forests, meadows etc.) in a fragmented and randomized way radiating out in a leapfrogged, unconnected fashion from urban centres.\nRemoving natural habitat in a location by new development has an impact on the larger ecosystems that is more than just that of removing one small woodlot, or one small wetland.\nHere is an analogy: when a quilt has one patch removed, it no longer is as effective at keeping a person warm. When enough patches have been removed, the quilt ceases to be able to keep a person warm at all. The same applies for the loss of natural spaces. When a small woodlot or small wetland in an ecosystem complex is developed, the loss of habitat and introduction of chemical, light and noise pollution by the development means that the larger ecosystem no longer functions as well. And when enough areas (disconnected or otherwise) are removed (\u201cdeath by a thousand cuts\u201d), the ability of the entire ecosystem to function properly is badly damaged https://www.science.org/doi/10.1126/sciadv.1500052 . The whole is greater than the sum of its parts.\nThis is one of the many reasons why the proposal under Bill 23 to \u201creplace\u201d lost Greenbelt lands with other protected areas, hundreds of km away in some cases, (some of which are already protected under other legislation, meaning there would be a net loss of habitat) will not ameliorate the impacts of the removal of greenspaces in the Greenbelt.\nFood and Health for Ontarians\nFarmland in southern Ontario inside and adjacent to the Greenbelt is some of the best farmland in both Ontario and in Canada http://omafra.gov.on.ca/english/landuse/agsys.jpg .\nUnfortunately, much of this most productive farmland has already been lost forever to urban sprawl in Peel, York, Durham, Halton, Hamilton and Niagara, amongst other areas. This farmland, with its rich soil and mild temperatures, supports Ontario's most valuable crops, and provides good income for Ontario farm families and communities. These high value crops include vegetables and fruits, which in many cases can only be grown in only very few places in Ontario. In our world of supply chain disruptions and food insecurity, the ability to grow and sell local food is invaluable.\nNatural heritage systems are also critical for the physical and mental health of Ontario residents.\nDeveloping lands in the Greenbelt will introduce roads that will result in greater number of cars on the road for longer times (the opposite of what is needed to ameliorate climate change). Air quality is a significant health risk in the GTHA, mostly due to commercial and personal vehicle emissions.  Poor air quality has both a significant human health and economic cost to Ontario https://clearingtheair.ca/ .\nThe majority of people who live in urban and suburban southern Ontario do not have the means to own or access cottages or recreational areas outside of their cities. As a result, the existence of natural heritage areas in close proximity to large urban populations is critical for the physical and mental well-being of people. Witness the heavy use of conservation areas in Hamilton and Halton during the 2020 COVID-19 pandemic lockdown: https://www.thespec.com/opinion/contributors/2020/11/07/pandemic-bringi\u2026 and https://www.theglobeandmail.com/life/health-and-fitness/article-pandemi\u2026 .\nDeveloping natural spaces will have detrimental effects on Ontarians trying to visit them for passive recreation (e.g., hiking), and at the same time will significantly increase the pressure on remaining protected parks and public natural places  https://www.thespec.com/local-haldimand/news/2022/06/16/binbrook-conser\u2026 .\nStrategic, long-term development planning that benefits Ontarians now and for future generations is what is needed, rather than short-term goals with questionable benefits.\nAs mentioned before, I am not against development; more affordable and livable housing is needed in southern Ontario. This need will only increase due increasing population pressure from natural growth and immigration. However, what is required is intelligent, far-sighted and systems-approach to planning for Ontario that integrates long-term environmental and economic sustainability.\nSuch \u201csmart growth\u201d is not as straightforward as business-as-usual (or hyper-business-as-usual as represented by Bill 23) but it would result in more prosperous, equitable and livable communities. To modify Freilich\u2019s comment (1999, as quoted in https://cdnsciencepub.com/doi/10.1139/l04-116) \u201cIn combating sprawl, it is not necessary to give up the [Canadian] dream; it must only be slightly revised\u201d.\nHere is an example that is a small move towards a smart growth approach: Bill 23 proposes that under some conditions, developers\u2019 fees will be waived or reduced to build more \u201caffordable\u201d homes in the Greenbelt. However, rather than waiving development fees on easy-to-build lands like farmland (where people would need to own at least one car to live and work), an alternative proposal would be to waive or reduce fees to develop city brownfields. Brownfields are more expensive to develop because the land often has to be remediated (which is why green and whitefields are more attractive to developers).\nDeveloping on lands inside existing urban boundaries would mean more homes built better and affordable. By that I mean homes (a mixture of single dwelling, townhouse, low rise and high rise) are built where work, school, shopping and play are walkable and already linked up to expensive infrastructure like water and sewage (and roads) https://cdnsciencepub.com/doi/10.1139/l04-116 .\nBill 23 as currently proposed will result in the uncoordinated development of housing that is not accessible (physically or financially) to low- and middle-income households, thereby further increasing the disparity of standard of living among Ontarians.\nDevelopment in green and whitefields are also not economically sustainable for municipalities.  Development fees and property taxes from the newly built homes do not cover the lifecycle costs of services (water, sewer, roads, etc.), which must then be paid for by ongoing tax increasing taxes to all municipal residents. In contrast, development in urban areas already serviced by this expensive infrastructure is more economically sustainable and in fact can be a source of municipal income https://www.cbc.ca/news/canada/ottawa/urban-expansion-costs-menard-memo\u2026\nThere are current examples of attempts at sustainable long-term development planning in Ontario. The city of Hamilton and the region of Halton recently submitted Official Plans to the province that rejected the expansion of urban boundaries for greenfield growth in favour of creating sufficient homes to meet anticipated population growth by developing available land within existing urban boundaries:\n\u2022\tHamilton https://www.hamilton.ca/build-invest-grow/planning-development/official\u2026 and https://www.hamilton.ca/build-invest-grow/planning-development/official\u2026\n\u2022\tHalton https://www.halton.ca/The-Region/Regional-Planning/Regional-Official-Pl\u2026-(ROPR)\nHowever under the Planning Act, the Ontario government recently (November 2022) amended the Official Plans of both municipalities to expand urban boundaries for residential development into greenfields: https://ero.ontario.ca/notice/019-5732 and https://ero.ontario.ca/notice/019-5684 .  This decision by the province represents a lost opportunity for Ontario to be a leader in planning for economic and environmental prosperity.\nBill 23, and decoupling environmental protection and smart planning from development will result in net economic loss for Ontario, and a reduced standard of living for Ontarians.\nLessons can be easily learned on what to do (and not to do) from other jurisdictions. There are countless studies and policy documents on the negative environmental and economic impacts of urban sprawl in comparable jurisdictions in the US https://www.nature.com/scitable/knowledge/library/the-characteristics-c\u2026 and Europe https://www.eea.europa.eu/publications/urban-sprawl-in-europe.  International organizations have also weighed in on the impacts of urban sprawl https://www.oecd.org/environment/tools-evaluation/Policy-Highlights-Ret\u2026\nWe already know what is the best policy for long term economic and social prosperity for Ontarians, and fundamental to that is the preservation of Ontario\u2019s environment.\nThank you for your careful consideration of the information I have presented above.\n"
    },
    "72226": {
        "url": "/comment/72226",
        "comment": "I live in protected Green belt lands. I am a land steward. There is wildlife that lives peacefully here. I stand firm that there is no reason to infringe on these protected lands.\n\u2022\tI am deeply concerned about the loss of conservation authority powers resulting from this bill. We are part of UNESCO World Heritage; unique Carolinian forest; fertile land.\n\u2022\tI don\u2019t believe any conservation lands should ever be sold for development, they are needed as habitat and for flood prevention, and mental health. No new process for selling off Conservation Lands is needed.\n\u2022\tStaff in many municipalities don\u2019t have the specific education or expertise to look at issues related to water-shed and longterm impacts related to the stewardship of conservation land. This MUST remain in the hands of conservation authorities.\n\u2022\tThe Bill will gut the Green Standards many municipalities have put in place to make new buildings sustainable and energy efficient, with the goal of bringing down local emissions.\n\u2022\tThe Bill appears to favour sprawl-type development which will require transit/car travel/ gas fuel/ electric/ infrastructure which will increase fossil fuel consumption. Beyond taxation implications, this is accelerating the death of the planet.\n\u2022\tThe argument that this is the only option for affordable housing is egregious. Great cities of the world have built up, not out. Densification creates excitement, momentum. Food insecurity is a coming global issue in relation to climate, why sacrifice another limited natural resource for the short-sighted vision of 1940\u2019s?\n"
    },
    "72233": {
        "url": "/comment/72233",
        "comment": "Building on the Greenbelt - whether or not you think adding extra land elsewhere makes up for it - is a slippery slope.  This decision making exemplifies short term greed over what is best for us in the long term.  The very best agricultural land in Ontario is in the Great-Lakes St. Lawrence Lowlands... and sprawl is eating it up.  We can't get it back once it is gone, and we can't make more elsewhere.\n"
    },
    "72239": {
        "url": "/comment/72239",
        "comment": "I do not agree with opening up the greenbelt to development. It seems very clear that the development of highway 413 and the proposed residential developments are about appeasing developers. They are so wealthy and looking to get richer. It has nothing to do with the housing crisis and there is certainly no regard for the environment. We could be building more condensed homes and more homes in the developed spaces we already have if that we\u2019re the case. Where I live, it\u2019s McMansion after McMansion spreading out while plots of land in the core of the town go unused. If Doug Ford decides to do this it will show once again that he does not listen to the average people but only the rich who pay to have a voice in his ear.\n"
    },
    "72273": {
        "url": "/comment/72273",
        "comment": "This is a terrible idea. You are sacrificing Canadians futures for short term profits and short term power. You are capitulating to the demands  of developers and are making a disgrace of our hard fought democracy. You are duping the public. We all want affordable homes, this is not the way to do it.\nNow is the time to be investing in our green future, not destroying wetlands and key agricultural areas. Your so called red tape, means funds for municipal services, and time for proper environmental assessments. You devalue our system when protected land is no longer protected and demonstrate that lobbying groups matter more then Canadians\n"
    },
    "72275": {
        "url": "/comment/72275",
        "comment": "I am a retired land use planner with over 4 decades of experience as a planner both at the Provincial level and as a consultant to developers and to local municipalities.    I am shocked at many elements of this Bill.   It is land use planning and densification by target numbers.   At what cost?   Ontarians don't just want to provide a \"unit\" to live in.    We want to provide a community with schools, parks,  community centres and work opportunities.  \"Meaningful\" green spaces and protection of environmental features.    While I do agree that rules and regulations to bring housing onstream had become way too onerous with gatekeepers (approval authorities) losing site of how to keep the balance between protection and provision,   I think this bill will jeopardize the future of the the Province I love. This bill is a reaction to a problem.   It is not a thoughtful piece of legislation.   The collateral damage will be our children, grandchildren and future generations.   Please Premier, as a family man and a proud Ontarian, rethink this bill in its consequences for the Province.   This is not what we want.\n"
    },
    "72278": {
        "url": "/comment/72278",
        "comment": "I'm from Niagara region and our green belt protects building on equally important issues.... that's why it was put in place. It protects all kinds of wildlife agriculture and stops the rich from building their. I'm sure I'm not alone when I say it's disgusting that some land development company is influencing our premier. So the province will make more in taxes. This province is in danger and our government could care less as long as rich people have fancy homes. this is just one rich development company trying to make back money they lost due to the preservation our beautiful country. Bob Ford think before you do something that will obviously destroy our country...I'm hoping you do the right thing. Make the urban sprawl that already exists more accomodating to these ruthless\nconglomerates\n"
    },
    "72280": {
        "url": "/comment/72280",
        "comment": "In a world where human housing disrupts the very places where we get food, air, and provide habitat for wildlife and pollinators we must analyze and determine if our housing is a priority.\nRemoving a system that measures those needs and the impacts from the disruption of those spaces is barbaric and we as Canadians know better.\nI am proud that my country generally examines building for all the impacts it can make to an ecosystem - and if the outcome significantly affects the ecosystem there are systems in place to minimize damage.\nAs the most populous province in Canada, we have a huge responsibility in balancing building with habitat. Let\u2019s not remove these checks and balances.\nIt\u2019s important for everyone and everything.\nBee well,\nErica\n"
    },
    "72286": {
        "url": "/comment/72286",
        "comment": "I am writing to express my opposition to Bill 23 and associated policy proposals that would weaken environmental protections and undermine public involvement in land use planning and decision-making.\nI am particularly concerned about the:\n1. Removal of my right to appeal on planning matters that affect my community;\n2. Limitations on the power of conservation authorities (CAs) to regulate or prohibit development that negatively impacts wetlands, rivers or streams, to provide expert review of planning applications, and to appeal planning decisions;\n3. Removal of the role of seven regional municipalities (Simcoe, Durham, Halton, Peel, Niagara, Waterloo and York) in planning matters, thereby eliminating coordinated efforts to protect farmland and natural areas, determine optimal locations for development and infrastructure, and efficiently deliver municipal services;\n4. Drastic amendments to the Ontario Wetland Evaluation System, ensuring that very few wetlands in Ontario will be deemed provincially significant and protected from development;\n5. Replacement of the Provincial Policy Statement with a new policy instrument geared to facilitating unchecked development; and\n6. Creation of a natural heritage offsetting policy and \u201cpay to slay\u201d fund that could lead to widespread and extremely risky tradeoffs, where existing natural areas are sacrificed on the faulty premise that they can be recreated or restored elsewhere.\nIn the face of unprecedented and accelerating biodiversity loss and the ever-worsening climate crisis, it is vital that your government do its utmost to protect the farmland, wetlands, forests, rivers and other natural areas that sustain us. As Ontario\u2019s Housing Affordability Task Force explained in its 2022 report, we do not need to sacrifice environmental protection to address the housing crisis. That\u2019s because \u201ca shortage of land isn\u2019t the cause of the problem.\u201d (p.10) There is a vast supply of land already open for development within existing municipal settlement boundaries.\nI urge you to 1) withdraw all amendments likely to weaken the protection of farmland and natural heritage; and 2) retain and uphold the role of the public, CAs and regional municipalities in environmental planning and decision-making.\n"
    },
    "72287": {
        "url": "/comment/72287",
        "comment": "Established Green Space must be kept and not used for construction of homes or commercial building.\nConvert non-fertile unusable  rocky land for construction projects and build more rail transport for commuting, which will help save our environment.\nMr Ford must stop helping the deep pocket rich get richer.\n"
    },
    "72306": {
        "url": "/comment/72306",
        "comment": "Doug Ford - this idea is insane. We need to leave what little green space we have left in southern Ontario alone. If you must, Build up, not out.   Balance must be restored to our planet. Have you consulted with any Indigenous Peoples about this plan and the potential, long term, environmental impact?  Please. Reconsider. Think of the future of our planet not your pocket book. The economy doesn\u2019t exist if we don\u2019t have a planet.\n"
    },
    "72312": {
        "url": "/comment/72312",
        "comment": "The Greenbelt MUST be protected!  Our ecosystem is so interconnected and weather is getting more intense. Without the green space to absorb water from torrential storms and carbon dioxide from industrial activity, not to mention land to grow food, we will be in dire straits.  Protecting this land is not only a responsibility to people living in Southern Ontario, it\u2019s a responsibility to people globally.\n"
    },
    "72314": {
        "url": "/comment/72314",
        "comment": "I am appalled at the careless manner which this Ford government has towards the protection of our natural areas. What a slap in the face to the lives of Ontarians, current and future, and the wildlife in our greenbelt. I wholeheartedly ask the Ford government to reconsider the decision to allow developers access to these precious lands. Once gone, gone forever.\n"
    }
}