{
    "67838": {
        "url": "/comment/67838",
        "comment": "I am writing to express my opposition to Bill 23 and associated policy proposals that would weaken environmental protections and undermine public involvement in land use planning and decision-making.\nI am particularly concerned about the:\n1. Removal of my right to appeal on planning matters that affect my community;\n2. Limitations on the power of conservation authorities (CAs) to regulate or prohibit development that negatively impacts wetlands, rivers or streams, to provide expert review of planning applications, and to appeal planning decisions;\n3. Removal of the role of seven regional municipalities (Simcoe, Durham, Halton, Peel, Niagara, Waterloo and York) in planning matters, thereby eliminating coordinated efforts to protect farmland and natural areas, determine optimal locations for development and infrastructure, and efficiently deliver municipal services;\n4. Drastic amendments to the Ontario Wetland Evaluation System, ensuring that very few wetlands in Ontario will be deemed provincially significant and protected from development;\n5. Replacement of the Provincial Policy Statement with a new policy instrument geared to facilitating unchecked development; and\n6. Creation of a natural heritage offsetting policy and \u201cpay to slay\u201d fund that could lead to widespread and extremely risky tradeoffs, where existing natural areas are sacrificed on the faulty premise that they can be recreated or restored elsewhere.\nIn the face of unprecedented and accelerating biodiversity loss and the ever-worsening climate crisis, it is vital that your government do its utmost to protect the farmland, wetlands, forests, rivers and other natural areas that sustain us. As Ontario\u2019s Housing Affordability Task Force explained in its 2022 report, we do not need to sacrifice environmental protection to address the housing crisis. That\u2019s because \u201ca shortage of land isn\u2019t the cause of the problem.\u201d (p.10) There is a vast supply of land already open for development within existing municipal settlement boundaries.\nI urge you to 1) withdraw all amendments likely to weaken the protection of farmland and natural heritage; and 2) retain and uphold the role of the public, CAs and regional municipalities in environmental planning and decision-making.\n"
    },
    "67841": {
        "url": "/comment/67841",
        "comment": "How are we going to develop on land that feeds us, we need these greenbelts to produce food and products we so desperately need daily.\nThere is always another option, we have to do better as a society in making better decisions, quick decisions lead to Bae consequences.\nPlease do not develop here, we NEED this land to stay the way it is.\n"
    },
    "67842": {
        "url": "/comment/67842",
        "comment": "When I was in public school, I was taught that the greenbelt was a very important part of Ontario. That there is an aquifer underneath, containing a lot of freshwater that we use to drink. Another thing that I was told, was that new development would stop after existing plans were completed. This was important to keep the greenbelt healthy, as more people will lead to more pollution as everyone drives. Its depressing to think about the path this province wants to be going down. The environment needs to be a priority, how can people have hope for children when current times are so bleak & there seems to be no innovation from our leaders, unless they are looking at ways to undermine workers.\n"
    },
    "67848": {
        "url": "/comment/67848",
        "comment": "The Greenbelt is a precious resource and includes valuable farmland which makes us less dependant on food imports.  Once this land is developed it is gone forever.  Housing is important but urban sprawl increases the head for long stressful commutes and these developments will not be affordable housing which is what is needed most.  Urban intensification is the way to increase affordable housing.  Homes where the jobs are.\nDoug Ford promised not to developer the Greenbelt and he needs to honour that promise.\n"
    },
    "67849": {
        "url": "/comment/67849",
        "comment": "No. Please do not destroy the green belt. We do not need more houses in this area. Life was much better and easy 20 years ago, when Canada\u2019s population was 32M and people could afford food. Now with 37M population, we have more food banks than grocery stores and we are converting the fields into residential area. This is really a bad decision.\n"
    },
    "67854": {
        "url": "/comment/67854",
        "comment": "I am a 24-year-old university student from Mississauga who is currently studying in the UK. As a young person, I am deeply concerned about proposals to downsize the Greenbelt. The reality is that young people have an outsized stake in the future of our province. In the UK, I have seen firsthand the benefit of preserving areas of natural beauty. In any major UK city, a Greenbelt is just around the corner. This was legislated in the mid-20th century. While this restricts land available for house-building, it has also created cities of greater density, enabling government to more efficiently provide public services e.g. transport. Furthermore, the traffic congestion of London, UK has damaged its air quality (high PM2.5). This may have unforeseen implications for the respiratory health of its younger population, and may place an additional stressor on health services in the future. The current situation with the 401 expressway and proposed 413 expressway is only accelerating us towards a similar outcome.\nI understand that Ontario has a rapidly growing population and also needs to developing housing for this. However, I believe there are numerous other avenues to address this issue without compromising the Greenbelt. For example, we could increase taxes in land in the GTA that isn't being used for full-time residential purposes (e.g. abandoned parking lots, industrial properties, Airbnb, etc.). We could heavily incentivize mid-density housing in the city of Toronto, and put property tax on an exponential scale tethered to square footage of property.\nUltimately, I argue that the government cannot mortgage the future of its young people for a short-term issue. However, blindly developing land through urban sprawl is just that. Young people are often indifferent to politics because we feel that decision-makers do not care for our interests. Please consider how informed young Ontarians feel about this matter - otherwise they will feel further disenfranchised.\n"
    },
    "67855": {
        "url": "/comment/67855",
        "comment": "The province needs to focus on densification and enabling development of adorable housing projects. Sprawl and commuter suburbs is not sustainable for a fast growing urban region like Toronto. Additionally it is critical to preserve as much green space as we can. There is no clear net benefits to this proposal.\n"
    },
    "67856": {
        "url": "/comment/67856",
        "comment": "While I appreciate the need for more housing in the Hamilton-Guelph-Cambridge areas, it is not worth the environmental impact on these areas that removing these Greenbelt protection designations will incur.\nGreen space, untouched and protected, will only get more valuable to Ontario as the changes in our climate get more severe.\nBuilding UP and not OUT, reducing the sprawl while providing affordable rental units and affordable condos, will be a much easier way to help Ontarians with the housing crisis.  It will provide a better life for both new Ontarians and those who grew up here and appreciate the natural spaces we have protected for so long.\nWe the taxpayers did not spend all this time and money protecting these areas for over a hundred years just to clear cut them in a panic over short term budget goals.\nOntario's goals should be to build enough affordable places for people to live a good Canadian life close to their jobs.  The goal should NOT be to provide an ongoing source of investment growth for developers and detached home millionaires so the richest can increase their wealth gap and force more commuters onto highways.\nWe absolutely must achieve these goals while being stewards of the irreplaceable natural world.  Think long term, and realize the value that protecting these existing areas will bring to everyone.\n"
    },
    "67857": {
        "url": "/comment/67857",
        "comment": "I don\u2019t believe that destroying protected land is the only way to solve the housing crisis. There\u2019s enough available land already but it needs smarter planning to build homes. But more importantly it should never be so simple to choose to destroy out ecosystem. We say that Brazil has an obligation to protect the Amazon even though it\u2019s not profitable for them. We can\u2019t have one rule for others but not ourselves. The current greenbelt land must remain as is.\n"
    },
    "67858": {
        "url": "/comment/67858",
        "comment": "This move to develop the greenbelt is uneeded, greedy, but most certainly short sighted. Not only did Mr. Ford promise not to develop the greenbelt, it has come out that he is doing so to benefit wealthy donors. Perhaps instead of ruining our environment, you could come up with alternatives to our housing problems that don't include devastating an already depleted greenbelt. What about developing vacant buildings in cities? There are other ways to go about solving our current situation. It's sad that with all the people this government has at its disposal it can't come up with less harmful alternatives.\n"
    },
    "67859": {
        "url": "/comment/67859",
        "comment": "Dear Premier\nYou mentioned back in 2018 that you would not touch the green belt and here you are changing your mind. Your reason for destroying the green belt is to provide homes for the 300,000 immigrants, but there\u2019s a better solution:\nHigh density housing in Toronto. The amount of vacant land would be enough to support majority of the new comers to Ontario. Have businesses built with those housings in order to help support the community.\nThere are other alternatives, and single home units is not one of them.\n"
    }
}