{
    "66670": {
        "url": "/comment/66670",
        "comment": "I am strongly OPPOSED to this proposal to open sections of protected Greenbelt land to development. Firstly, the Greenbelt boundaries were decided based on a variety of ecological and sociopolitical factors. \"Replacing\" the developed land with other, new protected areas defeats the purpose of protecting the specifically chosen Greenbelt land. Simply swapping land does not achieve the same conservation benefits. Developing these regions will also have severe ecological consequences, impacting biodiversity, hydrological patterns (which will impact drinking water supply), soil quality, air pollution, and agricultural practices. This proposal sets a dangerous precedent of removing protections from protected land whenever it is convenient for the government of the day. Lastly, this proposal enables the continuation of urban sprawl, which is proven to be expensive for municipalities, provinces, and and individuals in the long run, and is not an efficient way to solve our housing crisis. This is an extremely dangerous proposal with negative social, environmental, and economic consequences.\n"
    },
    "66671": {
        "url": "/comment/66671",
        "comment": "The green belt is crucial to our animals, our ecosystem, our waterways and so much more! It would be DETRIMENTAL to all of Ontario to destroy such crucial land to build homes (that will flood) while there are empty office buildings and apartments sitting all around Toronto. It is protected land for a reason you said yourself (Doug Ford) that you would never touch the green belt because the people do not want that. Listen to Ontarians and leave the green belt alone instead repurpose space that is not being used.\n"
    },
    "66674": {
        "url": "/comment/66674",
        "comment": "Clearly this is the worst decision that can be ever made. This is not a solution to the housing issue or any other issue. This is to benefit private developers at the expense of our beautiful and valuable Greenbelt.\nWith the climate change extremes we are experiencing, this is definitely the most selfish and corrupt decision to make. Every green area in the province should be protected and enhanced.\nIt will be a very sad time if this goes through.\nPlease stop this from happening.\nI am a heritage consultant and an architectural designer in Ontario.\n"
    },
    "66676": {
        "url": "/comment/66676",
        "comment": "This action is reprehensible and I'm deeply disappointed in your actions to remove huge portions of endangered areas of the green belt to put up cheap housing. You made a promise in the past to protect the green belt and listens to his citizens and you immediately withdrew this you were showing yourself to be a shallow husk of a human being and I will never vote for the conservative party provincially or federally again because of your actions.\nShame on you for your lies shame on you for destroying healthcare, the education, system and the environment all at once shame on you.\n"
    },
    "66677": {
        "url": "/comment/66677",
        "comment": "The impact to our environment would be paramount if this greenbelt is touched. There are so many developed areas in Ontario that has population shortage. Why not direct immigrants to these areas to help further develop these cities then further saturate the GTA. The greenbelt is home to a multitude of animals that have already been displaced with the current developments. We need to conserve this area as promised.\n"
    },
    "66678": {
        "url": "/comment/66678",
        "comment": "Please, please, please do not allow development on the green belt. It is an extremely short sighted move. There is precious little protected space left and in the GTHA we have some our our most fertile land in the province and country. This is NOT what the people want.\nThere are plenty of towns and cities a little farther north that would greatly benefit from increased population and a boost to their economy. Please consider more development beyond the green belt, just not on it.\n"
    },
    "66681": {
        "url": "/comment/66681",
        "comment": "Cannot see why anyone with any common sense will push for this kind of proposal. Why on earth more people and higher population density is a good thing is beyond me? It has been established that most of the environmental crises we faced today has to do with human, or too many of them. We do not need to reduce the green belt. We actually need to expand the green belt and provide better environmental protection for the sake of future generations. We need to strengthen environmental and conservation laws instead of allowing more exemptions from the rules.\nThere is no justifications of getting more houses to be build in the gta as gta does not equal to ontario. There are a lot of other cities and towns the government can provide incentives for businesses to start up there to support people settling in these cities and towns.\nIf the provincial government's goal is to make the fat cats in the development industry richer, then say it out loud and I can understand that.\n"
    },
    "66682": {
        "url": "/comment/66682",
        "comment": "Political promises have consequences. The Doug Ford government has asserted that it would not develop the green belt and yet here we are.\nThis tract of land is vital to the health of our province and for the health of the planet.\nAt a time when we should be preserving as much green space as possible, this government continues to ignore the reality of climate change, and instead focuses on increasing the personal wealth of a handful of developers.\nIt is shortsighted, elitist, and goes against the wishes of the people Doug Ford pretends to represent.\n"
    },
    "66683": {
        "url": "/comment/66683",
        "comment": "Opening the Greenbelt is not going to help this province. We have voiced our needs, wants, and the solution to each problem or issues, yet it's been ignored. The Greenbelt is nature we should protect, wildlife and habitats that contributes to what makes our province great. Let's not take our the fire with more fire. Let's use the resources we already have, cooperate with one another, and put our wellbeing first before profit.\n"
    },
    "66685": {
        "url": "/comment/66685",
        "comment": "Putting the Ontario green belt up for development is extremely irresponsible and short sited. It is not a sustainable plan. I am wholeheartedly against this proposal. There are plenty of vacant office spaces in high density cities due to Covid and repurposing these spaces creates a real opportunity to create more access for low income housing. This alternative option would help relieve the housing crisis we are facing.\n"
    },
    "66686": {
        "url": "/comment/66686",
        "comment": "This is absolutely wrong. We need to stop developing out and develop up. Use already developed urban sprawl that isn\u2019t being used efficiently and develop high density accommodations.\nDoug Ford is the worst leader (and I was around for Bob Rae) that Ontario has ever had. He needs to stop catering to his peers and start to focus on the people he ACTUALLY WORKS FOR! His short-sightedness is going to ruin our province for generations to come.\nOur green belt is protected land- how does one political party make it \u201cunprotected?\u201d I didn\u2019t realize we needed babysitters for our politicians to ensure they do the \u201cright\u201d thing. I hate micro-managers but perhaps we need oversight committees to manage our elected officials.\n"
    },
    "66687": {
        "url": "/comment/66687",
        "comment": "As a concerned citizen I do not agree with the destruction of our protected wetlands so they Doug ford can let his wealthiest friends and supporters build homes in the middle of nowhere. We need housing in the cities utilizing empty warehouses and abandoned buildings. We are in a housing crisis in our cities NOW. We don\u2019t need mansions in the green belt. Stop this program\n"
    },
    "66688": {
        "url": "/comment/66688",
        "comment": "I am against your initiative that removes hectares of the Greenbelt, even if you replace them.  I have heard that the replacement hectares are already protected under other measures.\nPlease stop going forward with issues on which you did not campaign.   It is dishonest.  You talked about the housing crisis but never discussed this as a way to help it.  It seems to only help developers.\nRumours out there abound about how developers must have been privy to information about this coming decision long before you announced this.\nI am a taxpayer in this province.  I deserve a government that is honest and looks out for the people of this province.\n"
    },
    "66692": {
        "url": "/comment/66692",
        "comment": "These protected lands are absolutely vital now more than ever and each day they grow more and more important to protect. These proposals hold no ground and will benefit private parties with future plans for highway 413, which is a waste of money and time if the 407 was utilized for trucks opening the 401 to cars.\nSprawl isn\u2019t the answer, what should be addressed is affordable housing in the current framework and not how to continue developing what 80% of the coming generation won\u2019t be able to afford. We need to protect the environment as it\u2019s all crumbling around us and no one is listening or frankly acknowledging what is happening right in front of them. Fix the extensive amount of empty unaffordable housing we currently have before even joking about ruining the last bit of healthy ecosystems we have left for more useless development.\nGet Doug Ford out of power.\n"
    },
    "66695": {
        "url": "/comment/66695",
        "comment": "Stop taking away our green space. With the pollution levels so high we need this green space to filter out and clean our air. Not to mention the community have space to go to relax and enjoy family and recreational activities.\nYou are creating way more issues down the line taking it away with higher costs for health issues of the community. Once it gone it is gone so STOP!! It doesn\u2019t take a rocket scientist to figure out how bad this is for everyone. Focus on what right for the people not your wallet! Shame on you for even thinking this is a good idea.\nCommunity first!\n"
    }
}