{
    "65460": {
        "url": "/comment/65460",
        "comment": "This proposal threatens environmental protection efforts across ontario and the adjacent watersheds. The housing crisis is not an acceptable reason to endanger local ecology for land development. PLEASE DO NOT LET THIS HAPPEN for the sake of the health of the land we live on and the generations to come. This will have a vast impact to life.\n"
    },
    "65461": {
        "url": "/comment/65461",
        "comment": "We oppose building in the Greenbelt.\nIt is unacceptable for the Province to be adding Vaughan's lost acreage and expanding the Greenbelt in a community hours away from us \u2013 which is fundamentally unfair to our residents.\nOverall, there is no urgency to build more homes faster as Vaughan and other municipalities has tens of thousands of units in the queue to be built over the next decade. Imposing destructive development on the Greenbelt was not necessary.\nMr Clark and Mr Ford, you will have to find far more intelligent ways of solving this issue by respecting Official Plans of municipalities and not continuously breaking promises about the Greenbelt.\nMr Ford, you have had an embarrassing record of breaking promises to parents with children who have autism, the promises about not touching the Greenbelt, and after the over-issuing of MZO's and the 413 proposal, most are frustrated and fed up with your government. Stop violating our rights by invoking the Notwithstanding Clause and destroying our future by breaking your promises about the Greenbelt.\n"
    },
    "65462": {
        "url": "/comment/65462",
        "comment": "Please do not allow this. Ontarians have been clear that they do not want to lose precious farmland. There is food scarcity in our future, and we should be preserving all farmland in anticipation of that.\nI also do not believe that any housing built in the proposed areas would be affordable, and this is the type of housing needed. In a city like Hamilton, for example, there is ample unused inner city space that could be turned into multi-unit homes.\nMr. Ford likes to speak to the idea of democracy and how \u201cthe people\u201d spoke loud and clear in voting him in. (In a year with the worst voter turnout, mind you.) If he believes in democracy, why is he ignoring the loud cries of the majority of the population begging him not to do this? Democracy doesn\u2019t mean listening to developers and wallets\u2014 it means listening to the people. And it should include protecting our land for future generations.\n"
    },
    "65465": {
        "url": "/comment/65465",
        "comment": "Terrible Idea!  This type of development has proven to be bad.  We need to develop parking lots not farms~!   Look at Park Lawn Master Plan (Mr. Christie Bakery) 7,000 units on 23 acres.  This is what we need to focus on in the GTA.  Stop the Sprawl.  Stop building highways!\n"
    },
    "65466": {
        "url": "/comment/65466",
        "comment": "We should focus on building up/intensifying and improving our existing municipal boundaries before we even consider building into our natural, conservation land or farmlands. I'm a landscape designer and come across countless new subdivisions with clients who are struggling with flooding due to them being built on flood plains. How do we expect building on wetlands to be any different? These lands prevent many municipalities from flooding, building over that will only push the water towards our municipalities. Not to mention all the habitat loss that will happen within these extremely bio-diverse lands. Also, how do we expect to feed all of our people if we get rid of important farmland? I understand they want to add more greenbelt elsewhere, which is cool but, why change the Greenbelt when we can just improve what we already have first. All this money could even be used to improve transportation systems, especially with linking the GTA to more southern or Northern areas (now that greyhound is gone, there's barely a connection to get from Guelph down to Woodstock or London without the Via Rail).\nThere are much better solutions around than to build upon our most precious lands. We don't have enough of these lands and shouldn't take them for granted.\n"
    },
    "65467": {
        "url": "/comment/65467",
        "comment": "I agree that housing is needed - but it is LOW COST housing that is needed. This plan will only lead to more energy-consuming large homes, for the wealthy, with income going to developers and government.  Besides, crucially, it consumes land that must be protected permanently to keep our air and water clean and to preserve the rich farmland needed to feed us. In a climate crisis we need to build UP not out and tax large homes out of existence to make space for low cost housing.\nStop being greedy, please.\nNO! to this proposal. A strong NO.\n"
    },
    "65470": {
        "url": "/comment/65470",
        "comment": "This is a deeply disappointing proposal to receive. The Greenbelt helps protect some of the most important greenspace that Southern Ontario has, and it is important to continue to protect this land.\nI completely understand the end goal of creating more housing to address the housing crisis, but this is not the right direction.\nMunicipalities have plenty of land that can be better developed and re-zone to help accommodate more housing for the crisis that we are facing.\n"
    },
    "65476": {
        "url": "/comment/65476",
        "comment": "This is a terrible idea. The government found the worst solution (sacrificing the Greenbelt) for a very real problem (diminishing housing supply with a growing demand).\nReducing nature\u2019s footprint will not benefit our society in the long run.\nI don\u2019t know how else to vehemently oppose this proposal and indicate that it is horrible idea without profanity and yelling, so I will stop. I hope someone more eloquent than I writes in specific reasons why we should oppose this proposal.\nThe world is burning and flooding and this plan would make it worst.\n"
    },
    "65477": {
        "url": "/comment/65477",
        "comment": "This proposal is extreme. Particularly in Pickering, Ontario where I reside. The Ford government has one foot out of office with this plan and is clearly not listening to the residents of Ontario. The intensity of density that Ford is planning for the GTA is going to erode any sense of peaceful living across the GTA as well as further erode the environment, quality of life and overall health of Ontarians. We understand the Federal Government has a target to welcome 500,000 immigrants but there is a lot of land in Ontario and no excuse to over populate the current residents of the GTA and erode their quality of life. This plans casts the belief that Ford is siding with developers over the general public. Very unpopular and suspicious.\n"
    },
    "65482": {
        "url": "/comment/65482",
        "comment": "I'm a young adult who is looking to purchase my first home in the next 5-10 years. Although I welcome policies that will increase housing supply in the province, I am against the proposed amendments to the green belt plan. I would also not consider purchasing any new developments built on these lands.\nPlease keep our green spaces protected.\n"
    },
    "65483": {
        "url": "/comment/65483",
        "comment": "Please don\u2019t do this. The environmental cost will translate into an economic cost down the road. The future of my children in this province and on this planet is already questionable and challenging. I can't remember a conservative party that hasn't been out for them and theirs at every turn. I'm not exactly satisfied with the other leadership options we have. Be the conservative party that changes my mind.\n"
    },
    "65484": {
        "url": "/comment/65484",
        "comment": "I am shocked at, and very much opposed to, Premier Ford's plan to allow developments in the Greenbelt.  As a retired community planner and former employee of the Ministry of Municipal Affairs, I think this is foolhardy and highly unlikely to achieve anything in resolving our housing crisis.  It would be far more effective to give stimulus for more low rise multi-housing proposals in existing communities and to make use of vacant lands within urban centres. This piece-meal erosion of the Greenbelt is the thin edge of the wedge to eventually decimate the Greenbelt, not to mention the potential detrimental effect on surrounding farm land in the GTA which is becoming precious in supply.\nIf it in fact does anything to resolve the housing crisis, it is but short term gain at great long term cost to our future generations and but further evidence of Mr Ford's knee jerk reactions and exercise of \"power\" in the absence of any regard for our stewardship of the land (not to mention a failure to uphold his previous commitment not to intrude on the Greenbelt).\n"
    },
    "65485": {
        "url": "/comment/65485",
        "comment": "The Ford government needs to keep their\npromises and show they stand behind their words. Do not develop the green belt or conservation areas.\nPlease help to save our children, the planet and protect the environment. A healthy society that is fiscally responsible depends upon addressing all of the social determinants of health. We need green spaces for active living and to reduce greenhouse gases. If the Ford government develops the green belt, conservation areas and continues urban sprawl, this will result in higher healthcare costs and higher taxes. Our healthcare system is already under incredible strain and is close to breaking.\nNow\u2019s the time to build within the existing city. Investing within our current urban boundary preserves surrounding farmland, lowers greenhouse gas emissions, and ensures our tax dollars are used to maintain existing infrastructure. By building on under-utilized land within the city limits, we can create more affordable, walkable, bikeable and less car-dependent neighbourhoods. This promotes healthier, more active lifestyles. Developing within our existing city limits supports small, local businesses, vibrant neighbourhoods and healthier citizens \u2013 for today and decades to come. Please stop the development of the green belt, conservation areas and repeal bill 23.\n"
    },
    "65488": {
        "url": "/comment/65488",
        "comment": "I urge the Premier to:\n1. withdraw the plan to remove any protected lands from the Greenbelt;\n2. get on with a meaningful Greenbelt expansion that reflects public input - repeatedly promised but never delivered by the Ford government;\n3. follow the advice of the government\u2019s own Ontario Affordable Housing Task Force and focus efforts on developing affordable housing on lands that have already been designated for development and have the necessary infrastructure in place. As the Housing Task Force noted, there is plenty of land within urban areas ready for development.\n"
    }
}