{
    "77723": {
        "url": "/comment/77723",
        "comment": "Not in favor. The amendment to greenbelt plan even if required seems to be a very hasty one and sends a signal that it is financially favored for some developers and of course there could be paybacks or financial and or political favors for the politicians. Build the areas first that are already developed and are vacant. There are other ways to increase housing and should not come at a cost of compromising with the greenbelt.\n"
    },
    "77731": {
        "url": "/comment/77731",
        "comment": "Dear Environmental Registry,\nI am emphatically against the proposed Greenbelt legislation. This is an environmental and political abomination. I do not believe it will in anyway affect longterm housing affordability and I feel it is a corrupt use of environmentally and agriculturally significant lands. This will inform my future voting and has irrevocably influenced my political choices. The Greenbelt legislation amendments are appalling and shameful for all Ontarians!\n"
    },
    "77733": {
        "url": "/comment/77733",
        "comment": "The Premier promised not to touch the greenbelt\nThe government cannot remove and add lands to the Greenbelt to suit their political purposes\nIt is Ghastly that a few developers have bought up significant portions of the Greenbelt in the last few years including up to September 2022. - Lands that are now being removed from the Greenbelt\nThe Housing Commission has found that there is enough land available within current urban boundaries, 88,000 acres, for the 1.5 million homes we apparently need.\nThere is no need to remove any land from the Greenbelt.\nThe Greenbelt CAN be expanded, but should NOT be otherwise changed.\n"
    },
    "77736": {
        "url": "/comment/77736",
        "comment": "I cannot support the proposed amendments to the Greenbelt Plan.  I find the fact that developers stand to gain significant financial benefit from proposed changes resulting in the building of high end properties that will do nothing to ease the affordable housing crisis in this province is intolerable.  I am a long term supporter of the Conservative party, but will not be supporting it further if these amendments go through.\n"
    },
    "77738": {
        "url": "/comment/77738",
        "comment": "These proposed Amendments to the Greenbelt Plan should be voted down and dismissed.\nThe Greenbelt is a vital part of maintaining a healthy ecosystem in the Greater Toronto Area. The governments proposed amendments will take away vital environmental ecosystems - both current natural habitats for plants and animals - as well as removing fertile agricultural land which is increasingly vital to insuring Canadian sovereignty and success.\nThat the government is proposing this after campaigning and promising to leave the Greenbelt untouched is, at a minimum, underhanded. Furthermore their rationale of needing to increase home building is false as industry experts state that increased density versus urban sprawl is the solution to the Canadian housing criss.\nUltimately the government is suggesting to remove green spaces from Canadians damaging the ecosystem and sustainability to not solve the housing crisis after promising that they would not do this. These proposed amendments should never have been proposed and they should not be accepted.\n"
    },
    "77740": {
        "url": "/comment/77740",
        "comment": "I disagree with the approach that takes land away from the Greenbelt and then adds more somewhere else. So why not use the \"added\" lands for this housing proposal.\nThe Greenbelt land was designated as \"protected \"and it has not been explained by the government as how \"protected lands\" were allowed to be sold to companies that are known to be developers.\nNo mention has been made of environmental building techniques; as in using solar panels. We can't keep building in the same old ways.\nMost communities need more affordable rental units, they don't need more 'luxury' developments, any development proposal needs to include a large percentage of affordable units.\n"
    },
    "77742": {
        "url": "/comment/77742",
        "comment": "Green like money\nGreen like greed\nGreen like naivity dressed in tweed\nBlack hearts rising\nFrom their holes\nHoly land left in repose\nKids no matter\nPapa wants fatter\nPockets stuffed and made to tatter.\nStuff them in\nThe houses that is\nWe want lakefront but give them coops.\nBarrel over nature, stomp with our boots.\nMake up lies to keep our ties with developers rich we can't deny.\nI will die soon.\nDon't need lagoons.\nThose who are next...\nwell they don't need the Greenbelt.\nStart the machines.\n"
    },
    "77744": {
        "url": "/comment/77744",
        "comment": "Why all the \u201cHands OFF the Greenbelt\u201d protests?  Common sense \u2014 or it should be!\nReasons for opposition are right there in the name \u2014 the Greenbelt is a tightly-woven \u201cbelt.\u201d\nThink of your favorite belt: Someone tells you they are going to remove 15 pieces and it won\u2019t make a difference \u2014 it will still hold up your pants ... because they are going to place pieces of other belts in other places, like your pocket.  And besides ... it\u2019s for a good reason \u2014 to give their friends \u2018much-needed\u2019 raw material (when you know it\u2019s a lie, they have warehouses full) to make something ...\nfor sale, at great profit (under the guise of it being a public service).\nSound ridiculous?  Of course!  So does removal of Greenbelt lands for housing!\n\u25a0 Ontario\u2019s Greenbelt is a provincial treasure \u2014 admired worldwide \u2014 to protect, not plunder!\n\u25a0 It should be permanently protected \u2014 for food and natural heritage/asset benefits it provides.\n\u25a0 It is a system \u2014 continuous \u2018belt\u2019 of inter-connected, inter-dependent pieces \u2014 as a whole.\n\u25a0 Developers are NOT short of land for housing.  It\u2019s a lie, we all know it ... and so do you!\n\u25a0 Stop the lies.  Get REAL!\n"
    },
    "77745": {
        "url": "/comment/77745",
        "comment": "Homes in the Greenbelt will be built for richer Ontarians who own cars, not for those that new housing is aimed at.  Housing for new immigrants and those who are poorly housed should be close to the job market, smaller and cheaper to rent or own.  Habitat for Humanity does build some of these, more cheaply. Possibly building using their model might be more effective.\n"
    },
    "77746": {
        "url": "/comment/77746",
        "comment": "Hello,\nAs a Canadian immigrant, award-winning entrepreneur and business owner I have an abiding appreciation  (really, love) for life here in Canada.  I find a deep gratitude in being able to employ and support my community. I appreciate the civic, legal and social culture here - which is relatively free of corruption and undue influence.\nThat is why the proposed Greenbelt plan concerns me.  The handful of wealthy developers to benefit clearly have more policy influence than the voters whom have already spoken on this matter.\nGiven that many of the developers appear to have ties to organized crime, the Greenbelt plan is given the appearance of impropriety, in turn.  Even the appearance of corruption-as-policy should be of grave concern, since it cheapens our collective engagement and trust in democracy - and can ultimately destabilize the social trust.\nMoving forward will have significant consequences that reach far beyond housing.\n"
    },
    "77752": {
        "url": "/comment/77752",
        "comment": "This should not occur. The land switch is not equivalent.  We need to protect the environment and prime agricultural land. This will increase pollution and greenhouse gas emissions. It wont achieve objectives which should be including being near transit. It wont help those cannot afford housing. The reports on housing did not recommend this type of option. It is unnecessary.\nPlease preserve our green space for future generations. Government had states they would not open up greenbelt do keep promises.\n"
    },
    "77753": {
        "url": "/comment/77753",
        "comment": "I am appalled and deeply disappointed by the decision to remove protected lands from the Greenbelt for development. This government is prioritizing profit (mainly for developers who support this government) over the wants of Ontariens. The people of an Ontario have made it clear over and over again that we do not want any Greenbelt lands to be developed yet this government continues to listen to big businesses instead.\n"
    }
}