{
    "75044": {
        "url": "/comment/75044",
        "comment": "I am deeply upset about Bill 23. You promised to leave the greenbelt alone. Now you are authorising new building without any concern for the municipalities which will have to support these developments with reduced fees to the point where senior citizens like me will have their taxes increased to cover these expenses. You must not pass this bill. Clearly further consultation is required. Building within city boundaries and increasing density will make cities more livable and sustainable.\n"
    },
    "75045": {
        "url": "/comment/75045",
        "comment": "I fear that the More Home Built Faster plan will cause more problems than it solves.  The Greenbelt needs to be protected.  Allowing some building on Greenbelt land now will make it possible to further erode its protection in the future.  Destroying ecosystems in order to build homes is a short sighted and short term solution.  We need to find a sustainable solution to our housing crisis.\n"
    },
    "75048": {
        "url": "/comment/75048",
        "comment": "I am a citizen in London North Centre but previously lived in Aurora, ON, on the Oakridges Moraine. I DO NOT support taking lands away from the Greenbelt. It is more sustainable to build residences, apartments, etc. within the city core where public transit will be available. I am sure there are vacant lots and other options within the cities/towns that can be re-worked for the necessary housing needs. Density is better than breadth/spread. I do support increasing the available lands that could become part of the Greenbelt.\n"
    },
    "75049": {
        "url": "/comment/75049",
        "comment": "Among the long list of failures of Doug Ford and the Conservative Party of Ontario, this is arguably the most egregious example.  The Greenbelt around the City of Toronto is a legacy for the people of the Province.  Instead, Doug Ford and his wealthy supporters and contributors to the CPO are being given carte blanche to profit from the destruction of these protected spaces.  Infill of underused space within urban boundaries is one of the best ways to increase housing capacity. The recent directive by Doug Ford and his government to order the City of Hamilton to override the consensus of its residents and open up farmland for \"development\" is a gross overreach of authority.  It is an example -yet again- of Doug Ford applying his keen intellect to a problem and coming up with the wrong answer, much like his desire to build a highway through the Holland Marsh.  Ontario needs better than 1950s solution to the problems of the 2020s.   My advice to the Conservative government and Doug Ford is to remember the \"3 Rs\".  In this case they stand for Revise, Repeal and Resign.\n"
    },
    "75050": {
        "url": "/comment/75050",
        "comment": "Government should be transparent. The fact that (rich) developers have been buying up Greenbelt lands  BEFORE these announcements makes it apparent there have been backroom dealings. Sure makes people question how why the government is doing this. Party support by developers? Buy votes? Graft monies? Why would the government sell these lands???????\n"
    },
    "75051": {
        "url": "/comment/75051",
        "comment": "I am dead set against developing this land for housing. We need green spaces for societies peace of mind, farming, recreation, and proper management of wilderness.  Very disappointed that the currently elected government is trying to implement a change of use (into another sprawl enhancing urban environment) for this land that will ruin this nature habitat for people and animal/plant species. And taking this land will not solve the housing shortage. I expect the government to do better than this solution.\n"
    },
    "75052": {
        "url": "/comment/75052",
        "comment": "Comments on Proposed Amendments to the Greenbelt Plan, November 4, 2022 (ERO number 019-6216)\nThe proposed removal and subsequent development of 7500 acres (3035 hectares) from the Greenbelt Plan will:\n1. degrade and in some cases destroy vital provincial scale wildlife corridors;\n2. negatively impact and destroy over 2000 acres of valleys, woodlands, wetlands, meadows and watercourses;\n3. develop and destroy over 5000 acres of largely prime farmland and lands designated Niagara Peninsula Tender Fruit and Grape Area;\n4. encourage car-dependent urban sprawl at a time when we should be encouraging intensification in transit-oriented existing urban areas if we are to meet our climate targets.\nThe government is proposing to remove17 areas from the Greenbelt Plan including one area within the critically sensitive Oak Ridges Moraine. The majority of the 7500 acres being removed are all in one area that is located on highly sensitive and ecologically important lands in the City of Pickering. This triangle of land at its widest point extends east-west for five kilometres between the Rouge River and Duffins Creek Watersheds, and stretches south to north for 7.8 kilometres from just north of Finch Avenue to Highway 407. It supports thousands of acres of largely prime farmland, numerous valleys, woodlands, wetlands and the entire critical headwater reaches of Petticoat Creek. These lands have major provincially designated wildlife corridors designed to provide east-west connections between the Rouge, Petticoat and Duffins Creek watersheds and north-south connections along the river valleys that connect Lake Ontario to the major east-west corridor of the Oak Ridges Moraine. The southern portion of this area also supports a highly sensitive band of wetlands and woodlands that is a recharge and discharge area on the former sandy beach of Glacial Lake Iroquois, a large version of today's Lake Ontario.\nOf the 17 areas that are proposed for removal from the Greenbelt Plan,14 of them will be within lands the Province has designated as natural heritage systems or wildlife corridors that were supposed to be off limits to subdivisions and commercial or industrial development.  The removal of areas from these wildlife corridors will result in negative impacts to their ecological functions and to the natural areas within these corridors and decreased opportunities for these lands to become parkland with public trails to be used by the citizens of Ontario. The proposed removals will result in parts of these wildlife corridors being reduced in width by one-third to two-thirds, including major valley corridors in the Rouge and Humber watersheds.  These corridors were designed by provincial ecological experts to provide for a connected system of natural areas across the Greenbelt Plan and on the Oak Ridges Moraine. The largest corridor is a minimum of 2 kms wide across the 160 kilometre length of the Oak Ridges Moraine, our largest east-west corridor in southern Ontario. The Moraine's aquifers are the source for all our major rivers flowing south to Lake Ontario and north to Lake Simcoe and the Kawartha Lakes. In the Greenbelt Plan, these major river corridors are a minimum of 600 metres with smaller side tributaries 300 metres wide. The aim is to encourage over time restoration of more woodlands and wetlands between the existing natural areas in these corridors so they can function as more fulsome wildlife areas that can support Ontario's diverse animals and plants, including its sensitive woodland, wetland and meadow species . These corridors will also over time support public parklands with a connected network of public trails. We are currently experiencing a shortage of parkland around the GTA's urban centres that are easily accessible for outdoor passive enjoyment. Since COVID, many of our existing parks have experienced over a 200% increase in use resulting in negative impacts to their vegetation, wildlife and trails. With the added growth of the GTA's population we will need many more parks to ensure the public can enjoy nature and at the same time have healthy natural areas and wildlife.\nThe government's addition of a portion of the Paris/Galt Moraine to the Greenbelt Plan is to be commended. This addition should not just have a countryside designation, and a rural settlement designation for the hamlet of Brisbane. It should also have a natural heritage system designation that connects up the natural areas into fully connected broad corridors as was done for the Greenbelt Plan and Oak Ridges Moraine Conservation Plan.\nThe addition of the Paris/Galt Moraine to the Greenbelt Plan should not be done at the expense of removing 7500 acres of vital Greenbelt areas within the GTA and Hamilton. I am opposed to any removal of lands from the Greenbelt Plan and strongly support a much greater expansion of the Greenbelt Plan to include all of the surrounding Greater Golden Horseshoe. The province has already designed a connected natural heritage system of wildlife corridors for this expanded area. They now need to be protected from development that could break up these connected systems into isolated patches to the detriment of its wildlife and the public that will use them for outdoor enjoyment.  The argument that these areas had to be removed from the Greenbelt to accommodate the promise of 1.5 million homes over the next 10 years is false. These homes can be accommodated in our existing urban areas by means of intensification and in the existing white belt. There is no need to take land out of Greenbelt.\nSpecific Comments on Each Greenbelt Removal By Map Number\nMap 1\nIt is proposed to remove a large 1.4 by 1.2 kilometre block of the Greenbelt Plan and a portion of the Oak Ridges Moraine Conservation Plan and convert it into subdivisions. The lands occur in King Township, southwest of Miller's Sideroad and Bathurst Street. This development would occur on a provincially designated wildlife corridor that cuts north-south through this area and on either side of this corridor prime farmland that was supposed to be protected in its original rural and countryside designations. The natural heritage system corridor that will be impacted is aligned along a band of woodlots and wetlands around a tributary of the Holland River. This corridor provides a vital connection between the large core natural area of Glenville Hills on the Oak Ridges Moraine to the south and the Holland Marsh to the north.\nMap 2\nIt is proposed to remove two areas from the Greenbelt Plan that are northeast of Pine Valley Drive and Teston Road in the City of Vaughan. These two areas occur entirely within a natural heritage system corridor that supports a valley of the East Humber River and a population of the endangered fish, the Redside Dace. It would reduce the width of this valley corridor from 350 metres to only 200 meters and bring subdivisions right up to the edge of a sensitive forested valley. It would also reduce the area of public parkland and take away tablelands that would have had a public trail.\nMap 3\nIt is proposed to remove two areas in the City of Richmond Hill northwest of Highway 404 and Elgin Mills Road. Both areas occur entirely in a dedicated natural heritage system that supports a Rouge River valley corridor and a large wetland that is part of the provincially significant Rouge River Headwater Wetland Complex. These removals will reduce the width of this valley corridor from 270 metres to only 100 metres wide and will bring development right up to the edge of the valley and its provincially significant wetland. To develop the eastern property that is being removed from Greenbelt, will require the extension of McCague Avenue right though the middle of this 80 metre wide provincially-protected wetland and over a river that supports a population of the endangered fish, the Redside Dace.\nMap 4\nIt is proposed to remove three areas from the City of Markham that occur entirely in the most protected Natural Heritage System designation.\nThe western triangle of land proposed for removal is situated northeast of 19th Avenue and McCowan Road. It will reduce by half the width of a major 600 metre wide Little Rouge Creek corridor that provides a critical wildlife link to the Oak Ridges Moraine to the north and the Rouge National Urban Park to the south. This corridor was also supposed to become an important public corridor that will support a trail to connect up with those on the Moraine and in the Federal Park.  The removal of this triangle of land will degrade this wildlife corridor and bring subdivisions closer to the edge of this valley and thus restrict the opportunity for a public trail and restored natural areas on the tableland.\nThe other two areas proposed for removal occur further to the northeast and are situated along a tributary corridor of Little Rouge Creek that connects north to the Oak Ridges Moraine. If removed these two areas will narrow this 200 to 300 metre wide wildlife corridor by a third to a half. It will destroy several wide treed hedgerows and bring subdivisions right up to the edge of this valley and thus restrict the opportunity for a public trail on the tableland.\nMap 5\nThe four additional areas proposed for removal from Greenbelt in the City of Markham also occur entirely in the most protected Natural Heritage System designation.\nA western area proposed for removal is situated mid-concession block, northwest of McCowan Road and Major Mackenzie Drive East. The area to be removed is located right in the middle of a large wildlife corridor at the sensitive headwaters for Robinson Creek, a tributary of the Rouge River. This corridor supports a large cluster of provincially significant wetlands, including Robinson Swamp, the largest swamp in all of Markham, This removal will allow a 900 metre-long band of  subdivisions  to be built on a narrow strip of farmland between highly significant woodlands and wetlands. It would foreclose the opportunity to make this area a large regional park with this intervening narrow band of farmland reforested to make one large natural area that could support many area-sensitive animals. It would be one of the premier parks in the City of Markham. All these benefits would be foreclosed by allowing subdivisions into the heart of this wildlife area.\nFurther to the east, on either side of Markham Road and north of Major Mackenzie Drive East another three areas proposed for removal will cut into the major Little Rouge Creek valley corridor that provides a critical wildlife link to the Oak Ridges Moraine to the north and the Rouge National Urban Park to the south. It was also intended to become an important public corridor that will support tableland trails to connect up with those on the Moraine and in the Federal Park. The removal of these three areas if approved will result in narrowing this corridor down from 600 metres to 200 metres. It will result in subdivisions coming right up to the edge of this forested valley corridor and preclude or severely limit the possibility of having a public trail on this tableland.\nMap 6\nBy far the largest area being proposed for removal from Greenbelt is located on a triangle of highly sensitive and ecologically important lands on the northwest side of the City of Pickering.  Its widest point in the south extends east-west for five kilometres between the Rouge National Urban Park and Duffins Creek valley, and stretches south to north for 7.8 kilometres from just north of Finch Avenue to Highway 407. These lands are designated protected countryside with a network of natural heritage system corridors. They support thousands of acres of largely prime farmland, and in the extensive natural heritage system there are numerous valleys, woodlands, wetlands and the entire critical headwater reaches of Petticoat Creek. There are major provincially designated wildlife corridors designed to provide east-west connections between the Rouge, Petticoat and Duffins Creek watersheds and north-south connections along the river valleys that connect Lake Ontario to the major east-west corridor of the Oak Ridges Moraine. The southern portion of this area also supports a broad band of wetlands and woodlands that is a highly sensitive recharge and discharge area on the former sandy beach of Glacial Lake Iroquois, a large version of today's Lake Ontario. It is critical to the health of the Rouge River, Petticoat Creek and Duffins Creek Watersheds that these lands be protected from development.   Their development, kilometres away from the developed portions of the City of Pickering to the south, will only encourage urban sprawl.\nMap 7\nThis area removes a 600 to 900 metre block from an 800 meter wide band of protected countryside in Greenbelt that demarcates the eastern border of Ajax and Whitby. This protected band of farmland provides a critical physical and visual break between the two municipalities. It also provides a connection between the large lakeshore park of Lynde Shores with its coastal wetlands and woodlands and, to the north, the very large block of woodlands and wetlands along the former beach of Glacial Lake Iroquois. This removal will result in this corridor being reduced for almost a kilometre to only a 200 metres wide strip from its former 800 metres.\nMap 8\nThis 1 km long by 200 to 400 metre wide area proposed for removal from Greenbelt is situated in the Municipality of Clarington northwest of Hancock Road and Nash Road. The northern third contains a designated Natural Heritage System that supports a large provincially significant treed wetland and on the designated protected countryside to the south there is farmland and two woodlots. This entire area is in a highly sensitive groundwater recharge and discharge area that is part of the former beach of Glacial Lake Iroquois, a larger version of today's Lake Ontario.  Such an ecologically sensitive area should not be turned into a subdivision. It would entail the destruction of a large provincially significant wetland that is supposed to be protected from development.\nMap 9\nThe large area proposed for removal from Greenbelt is located in the City of Hamilton south of Garner Road West and between Shaver Road and Fiddlegreen Road. It covers and area of one and a half concession blocks that are 3 by 2.5 kilometres in size. The middle of this area is a dedicated natural heritage system that captures a series of large woodlots and wetlands along a sensitive headwater tributary of Big Creek. To either side of this wildlife corridor there is prime farmland. Its development into a subdivision ill result in the loss of prime farmland and a sensitive headwater natural area.\nMap 10\nThis area proposed for removal from Greenbelt is situated in the City of Hamilton with Regional Road 65 on the northside and between Ferris Road and Upper James Street. It covers a rectangle of  500 metres by 1.2 kilometres.  The lands are designated Protected Countryside and Niagara Peninsula Tender Fruit and Grape Area in recognition of the importance of the Niagara Peninsula for these specialty crops. It is largely in farmland. Natural features include four tributaries of the Welland River with a few wetlands along them and a woodlot. Development of this area, which is not next to an urban centre, will only encourage urban sprawl and result in further loss of lands that can support specialty crops.\nMap 11\nThe rectangular area of 700 by 300 metres proposed for removal from Greenbelt occurs in the Town of Grimsby. It is situated  in a block on the northside of Highway 8 between Kelson Avenue North and Oak Road North. The lands are designated Protected Countryside and Niagara Peninsula Tender Fruit and Grape Area in recognition of the importance of the Niagara Peninsula for these specialty crops. In addition to this farmland, the area also supports a watercourse and a small woodlot. Development of this area, which is not next to an urban centre, will only encourage urban sprawl. It will also bring subdivisions right up to the edge of the Niagara Escarpment Planning Area and result in further loss of lands that can support specialty crops.\n"
    },
    "75054": {
        "url": "/comment/75054",
        "comment": "I believe the proposal is an unnecessary destruction of Greenbelt land. The issue in Ontario is not quantity of housing, it's the cost of housing. All this proposal does is\n(a) destroy land that had been set aside specifically not to be developed\n(b) shatter trust in the current Ontario government as they swore up and down they would not touch the Greenbelt,\n(c) cast suspicion on the government and potential corruption within, given the recent purchases of land on the Greenbelt by Ontario PC donors before Bill 23 was even suggested (see also (b).)\n(d) fails to make any meaningful changes to housing affordability in Ontario\nAdditionally, the development of the Greenbelt was specifically NOT included in the 55 recommendations made by the government's own task force. They even state\n\"A shortage of land isn't the cause of the problem. Land is available, both inside the existing built-up areas and on undeveloped land outside greenbelts. We need to make better use of land.\"\nSo, I would love an explanation of why the government is ignoring the task force's findings.\n"
    },
    "75056": {
        "url": "/comment/75056",
        "comment": "The Green Belt is precious. Southwestern Ontario contains critically important natural locations essential to several species. This biodiversity is priceless, and if parts of the Green Belt get paved over, we will lose some precious parts of our natural heritage.\nThe idea of building on the Green Belt is just devastating. I never thought I'd see the day when we'd have a Bill 23 that recklessly abandons our commitment to the health of our natural environment.  I'm completely depressed and angered by this possibility.\nBill 23 is a mistake that will damage the natural environment far more than this government considers. It is a very high risk with no return to Ontarians, just a few rich friends and favorites of the present government.  I cannot express my outrage in strong enough terms.\nNO to Bill 23.\n"
    },
    "75058": {
        "url": "/comment/75058",
        "comment": "One of the most precious highligts of Canada is the Nature that has been respected by the pionners, goverment and people in this country, by not respecting the greenbelts, waterlands and animal sanctuaries for bredding and mating the damage to the whole ecosystem will be irreversible and flooding, lack of water and poor air conditions will be increasing because everything is conected in nature; dont allow more destruction of the real nature of this country!\n"
    },
    "75059": {
        "url": "/comment/75059",
        "comment": "I feel that there is no need to take over parts of the green belt in order to construct new homes as there is enough land available to build on already. As for the statements made that there will be a need for homes for new immigrants, these homes will probably not be affordable for them when they arrive and start to work and also not within travelling time. How many of theses new arrivals can afford a new house, along with a car to go to work as most of the employment will be in the city area, ie: Toronto.\nThe thought that you can replace one area of green belt with another is laughable and not based in science. There is already building in the area where the land is supposed to be replaced so how does that work to protect the land.\nThis government is destroying Ontario bit by bit and given the chance to do so, our province will be in a sad state of affairs. We are fortunate to have these wonderful wetlands and green belt areas and once they are gone, there will be no replacement.\n"
    },
    "75060": {
        "url": "/comment/75060",
        "comment": "Why Open the Green Belt for development? why not beyond the greenbelt, Ontario is large and we should  spread populations to areas that are not busy, The GTA is over crowded already, traffic  is horrible, not enough public transit and the cost of building public transit in heavily populated areas is high. why not build up north away from the GTA ,with good public transit from the start?\n"
    },
    "75062": {
        "url": "/comment/75062",
        "comment": "It is commendable that the PC gov't in Ontario wants to keep its promise to create a large number of new homes in Ontario. There are ways and means to do this. The first priority is to plan, plan and plan. The present legislation of the bill passed on November 27 is not a plan - it is a travesty that will destroy many pristine areas of the Greenbelt, create massive areas of bricks and mortar and cement and asphalt to farmlands that were set up in very prime agricultural lands. These lands were set aside originally for that purpose. Why is this present government gambling that these lands will not be needed down the road to help feed and nourish the populace. We had health care until Covid came along, now we have little. The same can happen to our ability to produce agricultural products in the years ahead if this 'destruction' is allowed to carry on. The land use belongs to the people, not to the developers to amass fortunes, or, to the PC party who have already profited from donations from these same developers or, as many of us suspect, to the financial gain of some party elected members. Please Mr. Ford and Mr. Clark, scrub the legislation and go back to the drawing board and fulfill your promise to create homes in a viable, just and sensible way without destroying our children's heritage. You seem to forget that you also made a promise to not touch the Green Belt. One can not keep one promise\n while breaking another without being hypocritical.\n"
    },
    "75063": {
        "url": "/comment/75063",
        "comment": "The Greenbelt was designed to protect specific and significant lands in Ontario. Picking up and moving the designation does not keep the land \"the same\" - those particular ecosystems and environments that support both the local wildlife and the human communities around them will not just move to a new location hundreds of miles away.\nWith the increasing rate of inflation and cost of food, and food insecurity, why are we looking to pave over prime farmland rather than working with the existing municipal plans which more than allow for expansion in many of the populated areas? Why create more sprawl and commuting in a time when climate change is so critical to the well-being of the planet?\nThe idea that opening the protected lands will help speed along development is atrocious, and people in government and developments should be ashamed of their short-sightedness in proposing this as a benefit. A \"land-swap\" is only a numbers game and does nothing for continuing to protect sensitive lands.\n"
    },
    "75064": {
        "url": "/comment/75064",
        "comment": "Affordable housing doesn't have to start with destroying the existing greenbelt. It doesn't have to start with benefiting wealthy housing development companies. It doesn't have to start with the consequences of hurting average people with more tax burden in the near future.\nCurrent need is to decrease the investment cycle in the housing market with law, taxes and restrictions to make existing housing affordable for owning/renting.\nSurveys needs to be taken in major areas to get people interest and proceed accordingly to build on the lands that are non conservation.\nBuilding more housing within the existing Towns and cities increases the traffic and pollution where these cities showing no improvements in developing new highways or dropping toll ways for affordable transportation.\n"
    },
    "75065": {
        "url": "/comment/75065",
        "comment": "Ontario\u2019s Greenbelt is critical for, among other things:\n1.  Environmental sustainability for our future generations, including protecting valuable plant and animal species;\n2.  Helping to curb climate-change now (thereby reducing the significant financial burden and physical dangers of climate-related events in the GTHA and Ontario); and\n3.  Promoting local agriculture, such that we have more food-security and are less dependent on foreign imports for our province\u2019s food needs.\nFood security, safety, and environmental sustainability are all critical issues and should be prioritized above exploitation of our lands (particularly since other reasonable alternatives have been proposed).\nThe government is in power with a duty of stewardship, to care for and lead the people of Ontario towards a better future.  Do not cause permanent damage to the people (and environment) of Ontario by eating into these protected lands.\n"
    },
    "75066": {
        "url": "/comment/75066",
        "comment": "There is no excuse to pay over prime farm land to build single family homes.\nThere are plenty of opportunities in the province for intensification of existing housing stock that could be undertaken to avoid additional urban sprawl. Urban sprawl that requires additional highways for travel, additional roads and sewers, and encourages the use of individual cars rather than walking, cycling or bussing.\nThere is a better way and Ford must take that path and honor his commitment not to touch the greenbelt. A commitment that no doubt helped him get elected!\nThe Ontario people are watching and waiting for the Ontario government to keep their promises and to do the right thing.\n"
    },
    "75067": {
        "url": "/comment/75067",
        "comment": "Letter to Hon. Steve Clarke\n"
    }
}