{
    "76517": {
        "url": "/comment/76517",
        "comment": "The municipalities of Toronto and Mississauga have already expressed very real concerns, backed by a paper trail of evidence, that the More Homes Built Faster plan, combined with scathing off pieces of the Green Belt, will have adverse financial effects on citizens including a significant rise in property taxes.\nThe amendments to the Green Belt Act (2005) does not consider environmental impacts nor does it consider the disastrous effects on Ontario's agricultural prowess. These amendments will ensure the irreversible destruction of immensley important farmland, in a period of Ontario's history where groceries and access to food is more expensive than ever.\nMost obvious to every individual and family who wants to live in this province is that one can afford to buy the homes proposed to be built. The entire plot is to fill the pockets of Conservative supporters  who own construction and housing development companies. There have already been scandals of land owners not doing anything with their properties and now coming forth and revealing themselves to be developers.\nThe amendments do NOT provide proper nor even adequate plans to combat how development will address and combat the raising of floodplain lands and the  consequences therein.\nThe amendments no not in any way specify how en environmental impacts will be dealt with, including the preservation of important lands supporting endangered ecosystems and species of plants and animals. Pollution of the environment and farmland is also not adequately addressed.\n"
    },
    "76521": {
        "url": "/comment/76521",
        "comment": "To All Whom It May Concern,\nIn writing that opening salutation, I realize that the current proposed amendments to the Greenbelt Plan should concern all of us, but specifically, I direct my comments to three people, my Premier, Doug Ford, and my Minister of Municipal Affairs and Housing, Steve Clark, and lastly, my Minister of the Environment, David Piccini.\nI cannot express enough my complete dismay at the proposed amendments to the Greenbelt Plan and to Bill 23, the More Houses, Built Faster Act 2022.  I am astonished that my elected government officials would so clearly disregard the importance of green space and wetlands, especially at this critical point in the world's climate crisis when educated and informed voices around the world are raised in alarm and crying out for concrete actions to ensure our very survival.\nYes, we need houses.  We also need natural habitats, including wetlands, forests, and open grasslands, as these are the filters which clean our air, hold flood waters, and buffer the impacts of climate change and weather extremes.\nI object strenuously to the proposed changes to the Greenbelt Plan and ask that other options be given serious consideration.  Connect the dots, think of the grand scheme, and not the next election.  I think you will better serve your constituents if you continue the protection of natural areas such as those covered by the Greenbelt Plan while finding other ways and means to build the necessary housing that is so in demand.\nI do look forward to hearing from Ministers Clark and Piccini about how they are collaborating to achieve these objectives.\nSincerely,\nLesley Cree\n"
    },
    "76522": {
        "url": "/comment/76522",
        "comment": "It feel illogical to be building things in the very space we swore to protect for our environment. There is a mass amount of disappointment in the proposal of this bill and quite frankly it is getting rather embarrassing having to beg for our public representatives to care about the planet we live on. Put money aside and think about the future of our planet, because this bill will do nothing but destroy it.\n"
    },
    "76523": {
        "url": "/comment/76523",
        "comment": "I am dismayed at the Ontario government's proposal to disturb the existing boundaries of the greenbelt.\nThe total lack of ethics in acting contrary to promises made to protect the Greenbelt is appalling, especially in face of the conflict of interest apparent in rewarding developers who have contributed to Conservative coffers and your responsibility as steward of land that belongs to all Ontarians.\nIn a time of unprecedented extreme weather events we need our wetlands and forests intact to mitigate disasters.  More than ever we need our farmlands intact to feed our population as foreign suppliers falter.  We need contiguous natural areas so that species stressed by loss of habitat survive and we need nature to bring health and joy into our souls.\nWe also need more housing, and your own people attest to there being adequate land already available.\nHands off the Greenbelt!\n"
    },
    "76529": {
        "url": "/comment/76529",
        "comment": "We need our green belt for the health of our environment and our bodies. We should be focused on density of the land already taken from the forest.  There is much land which could be better used. Using the green belt for anything other than trees is cheating future generations.  Spiralling suburb areas will only increase traffic. Density supports better public transportation.\n"
    },
    "76530": {
        "url": "/comment/76530",
        "comment": "It is inconceivable that, in 2023, when the world is in turmoil and the effects of climate change are all around us, that a bunch of know-nothings would try to pave over the Greenbelt.\nThe land is not needed for housing, and the government's own Expert Panel explained how the crisis could be eased by using already-built-up land for housing.\nThe sale of Greenbelt lands in recent months REEKS of CORRUPTION. Surely the Integrity Commissioner and/or the courts can delay the process for three years when the people of Ontario can oust this bunch of yahoos from Queen's Park.\nMK\n"
    },
    "76531": {
        "url": "/comment/76531",
        "comment": "Dear Ministers Clark, Smith, and Piccini,\nWe appreciate the opportunity to provide comments on the proposed amendments to the Greenbelt Plan (ERO 019-6216).\nOn behalf of WWF-Canada, I am submitting this feedback (attached) on behalf of our team of scientists and conservationists who have significant expertise in the evaluation, research, and threats to biodiversity and climate change in Ontario.\nWWF-Canada is gravely concerned about the proposed changes to the Greenbelt Plan, which follow on the recent approval of Bill 23. In the attached letter you will find WWF-Canada\u2019s primary list of concerns on the proposed changes to the Greenbelt Plan.\nWe simply cannot delay action in protecting biodiversity and fighting climate change any longer. We ask that you take the time to consider the long-term impacts of these changes to the Greenbelt for the health of nature, people, and the planet.\nSincerely,\nMegan Leslie\n"
    },
    "76533": {
        "url": "/comment/76533",
        "comment": "This is just wrong on so many levels.\n1. Broken promise by Doug Ford.\n2. Allowing development on the sensitive Oak Ridges Moraine region is irresponsible. The watershed is a unique aquifer for fisheries.\n3. The contribution to urban sprawl is appalling. Why not rezone regions already developed from R1 to R4.\n4. Continued destruction of arable farmland contributes to food insecurity.\nFord government needs to be replaced.\n"
    },
    "76535": {
        "url": "/comment/76535",
        "comment": "Background:\nEnvironmental Registry posting 019-6216 proposes to remove approximately 7,400 acres of land from the Greenbelt area in order to facilitate the building of 50,000 new residential homes. In total fourteen (14) removals have been identified across ten (10) municipalities. It is anticipated that construction on these lands would begin no later than 2025 and that the proponents of these changes would fully fund the necessary infrastructure up front. In compensation for the proposed removals, approximately 9,400 acres of lands will be added to the Greenbelt area in the form of lands within the Paris-Galt Moraine, as well as Urban River Valleys (URVs) identified through ERO posting 019-4485: Growing the size of the Greenbelt.\nThe Protected Countryside lands identified in the Greenbelt Plan are intended to enhance the spatial extent of agriculturally and environmentally protected lands covered by the Niagara Escarpment Plan and the Oak Ridges Moraine Plan while at the same time improving linkages between these areas and the surrounding major lake systems and watersheds. The Protected Countryside is made up of an Agricultural System and a Natural System. The Greenbelt Plan provides a broad framework for protection of key natural and hydrological features recognizing the interrelated nature of both.\nIt is expected that, although removed from the Greenbelt Plan and the Protected Countryside designation therein, the features making up the natural heritage system will remain protected by various levels of Provincial and municipal environmental policies- including remaining within the Provincial Natural Heritage System. As agricultural lands are not afforded the same level of protection from development once removed from the Protected Countryside designation, the following comments are primarily focused on potential impacts to the Agricultural System.\nPrevious Consultation\nIn 2021, a copy of correspondence provided to Burlington City Council regarding ERO posting 019-3136: Growing the size of the Greenbelt was submitted to the Environmental Registry for information purposes. Although the City did not identify additional lands for consideration in 2021 and is not directly impacted by the more recently proposed amendments, Burlington\u2019s urban area is largely bounded by the Greenbelt to the north and west. The City therefore has a strong interest in fully understanding the potential for future impacts to Greenbelt lands within Burlington, as well as how the currently proposed changes may impact the integrity of the Greenbelt system as whole. The City recognizes the importance of the conservation of these lands and wishes to emphasize the need for consistency with the original premise of the Greenbelt Plan- identifying where urbanization should not occur in order to provide permanent protection to the agricultural land base and the ecological and hydrological features, areas and functions occurring on the landscape.\nAssessment Framework\nOn aggregate, potentially growing Greenbelt protected area by \u00b12,000 acres would represent a positive step in sensitive land conservation. However, a significant portion of the lands identified for addition are already provided a high level of protection. For example, URVs are largely conservation authority regulated hazard lands which enjoy further protection in provincial and municipal policy where key natural heritage features or hydrologic features are present. As the Greenbelt URV designation can only be applied to publicly owned lands and primarily serves to recognize the importance of connections to southern Ontario, the net extent of additional protection being gained is unclear.\nDespite the proposed addition being greater than the removals on aggregate, a concern remains that quality and/or value of the lands have not been fully considered. In reviewing the proposal, it is unclear whether the assessment framework has appropriately distinguished between natural heritage and agricultural lands to ensure sufficient compensation of each Greenbelt system component. This is of particular concern in relation to agricultural lands, which are a highly limited and irreplaceable resource not just in Ontario but across Canada. This proposal will result in a net loss of protected agricultural lands, which may be exacerbated in future through additional removals that are offset by the addition of lands not suitable for agricultural purposes.\nGiven the strong protections provided for natural heritage and aggregate resources, development on agricultural lands is often framed as a \u2018lesser\u2019 impact in cases where it avoids impacts to natural heritage or aggregate resources. This creates an invisible hierarchy where agricultural lands continue to be put forward as the preferred location for development, despite stated Provincial interests in protecting Agricultural System viability. In the absence of a cumulative lens, individual Agricultural Impact Assessments at the time of application are likely to fall short of mitigating broader system impacts over the long-term. For example, the cumulative downstream impacts of encroaching urban development may permanently alter the ecological integrity of the watershed and negatively impact the ecosystem services relied upon by farmers.\nIndividual impact assessments also fail to consider the edge effects associated with urban expansion, particularly in relation to urban encroachment driving land speculation at the urban fringe and contributing to the inflation of land prices. In addition to weakening the message of certainty that the Greenbelt was intended to provide, increasing land costs present a significant additional barrier to new farm entrants. This comes at a time when the industry faces both a looming succession crisis and a sharp increase in climate-related vulnerabilities.\nThe 2021 Census of Agriculture shows a continued trend of significant decline in the amount of agricultural land available for production in Ontario. The vulnerabilities of the agri-food system exposed by the global COVID-19 pandemic and numerous supply chain disruptions, further exacerbated by the increasing challenges of a changing climate, have highlighted the critical importance of preserving local food production capacity. Any proposed removal of agricultural lands from the Greenbelt should therefore be supported by comprehensive technical analysis in the form of an Agricultural Impact Assessment prior to such lands being made available for urban development.\nThis analysis should be informed by Land Evaluation and Area Review data, a detailed review of alternatives/demonstration of need, and consideration of cumulative long-term impacts to the Agricultural System at large. These precedent setting decisions should also be examined within the context of the recently announced \u201cGrow Ontario: a provincial agri-food strategy\u201d, which is premised on the concept that \u201cOntario\u2019s agri-food sector is and always will be a cornerstone of our thriving economy\u201d. In the absence of such analysis, it is not clear how ongoing urban encroachment will be managed over the long-term to ensure an appropriate balancing of Provincial interests and prevent the incremental erosion of the Agricultural System.\nNext Steps:\nThe City recommends the consideration of a more transparent assessment framework and decision-making process, as this would allow all municipalities to better plan for any future removals the Province may suggest from other Greenbelt lands in future. The City of Burlington would like to understand, in more detail, the assessment framework used to consider the selected lands for removal and addition. The City is seeking clarity on the extent to which the affected municipalities were involved in the assessment process, specifically what conditions needed to be met regarding servicing and what agencies were consulted in that process.\nA detailed numerical breakdown of the land removals/additions is also requested, showing existing designations (as per the applicable official plan/Provincial plan) contrasted with the proposed new designations and illustrated through mapping. The City would also like to better understand how section 5.7 - Monitoring/Performance Measures of the Greenbelt Plan will be implemented with respect to the changes proposed through ERO posting 019-6216, as well as future removals/additions that may occur.\n"
    },
    "76541": {
        "url": "/comment/76541",
        "comment": "Weston Consulting has been retained by the owners of the property municipally addressed as 474446 Dufferin County Rd 11, Amaranth (herein referred to as the \u201csubject lands\u201d). We have been monitoring the proposed changes to the Greenbelt Removal (Ontario Regulation 140/02). We understand that the Ministry of Municipal Affairs and Housing (MMAH) is seeking feedback on the proposed removal and redesignation of 15 select areas from the Greenbelt Area (ERO 019-6216, ERO 019-6217 ERO 019-6218). We are in agreement with this proposal and the ultimate objective of removing the regulatory burden from lands that could be suitable for residential development in the near term. In addition to the lands the province is currently considering, this letter provides comments as it relates to the subject properties and why they warrant consideration from the MMAH for residential development in the near future.\n"
    },
    "76542": {
        "url": "/comment/76542",
        "comment": "Please see the attached letter to Premier Ford that includes perspectives relevant to this consultation. Thank you.\n"
    },
    "76543": {
        "url": "/comment/76543",
        "comment": "I am vehemently and morally opposed to the proposed amendments to the greenbelt.\nI am a millennial. The story of my generation is one of increasing environmental disasters, a crushing cost-of-living, and the failure of public policy to protect what we hold dear. I will frame my opposition using these first two points, and in doing so hopefully address the third point by convincing someone, somewhere, that this sort of development is a bad idea.\nOpposition on Environmental Grounds\nI am not worried about the specific land being taken out of the greenbelt per se. The total land area of the Greenbelt is two million acres, and in comparison to this the roughly seven thousand acres that the Ford government is considering removing seems like a drop in the bucket: a mere 0.37% of the total area of the greenbelt. This proposed amendment is even less abrasive when considering that they are planning to add some nine thousand acres of new land to the Greenbelt.\nWhat I am worried about is how easy this easement has been rationalized. Developing on protected land is unequivocally bad for the environment, barring any offsets from clever carbon accounting. We are more aware now than we have ever been of the environmental consequences of land development, and with every year that passes without significant improvements to Ontario\u2019s environmental situation, those consequences become increasingly severe. How is it that the government can develop on protected land with seemingly minimal environmental consultation? If you want to develop protected land, you should be able to defend that you have made the most environmental decision available to you. The Ford government has not indicated that they have done any analysis of this sort.\nI also challenge the idea that it is acceptable to sacrifice some protected land as long as we increase protection in another area. People have been fighting for years to protect the Paris Galt Moraine, and the area that is going to be added due to this amendment is relatively far from development (for now). Additionally, Urban River Valleys are already protected in some form. This isn\u2019t to say that there is no value in protecting them, but rather to pose the question: given the accelerating timescale of the environmental problem we are facing, should it not be significantly more important to protect land that is in imminent danger of development?\nAny environmental assessment of this proposal must also acknowledge the fact that the development on this land will be largely single-family homes. Single family homes are known to be detrimental to the environment in several ways: they are more energy intensive (on average), they consume more resources per person, and they contribute to urban sprawl. This latter point is particularly insidious because sprawl is at the nexus of a host of detrimental environment effects. By meeting our housing demands through the development of single-family homes far away from city centers (i.e. on the edge of the greenbelt) we cement ourselves into a future reliant on cars, roads, and long commutes. A future that nobody wants.\nOpposition on The Grounds of Housing Prices\nSimilar to the lack of an environmental assessment on the impacts of the Greenbelt changes, the Ford government has also failed to provide any sort of information on exactly how this development will ease housing prices. Sure, the fundamental economic principles of supply and demand apply here, but nowhere has it been justified that the development of single-family homes on previously protected land will somehow reduce housing prices more than say: increasing intensity in urban centers, or developing on the massive amounts of land already owned by developers.\nIt feels a little absurd that I have to make an argument against this proposal. Why hasn\u2019t the Ford government followed the advice outline in its own 2022 Report of the Ontario Housing Affordability Task Force. This report clearly states \u201ca shortage of land isn\u2019t the cause of the [housing price] problem\u201d, and indisputably recommends increasing density in existing urban areas and focusing on using existing infrastructure to it\u2019s maximum extent. The Ford government has released no evidence to support their decision to ignore the recommendations of this report.\nConclusion\nThe Ford government has not released any evidence to indicate that this plan for the greenbelt has appropriately considered the environmental costs but, more damningly, they have failed to show that this solution is even the best response to the housing crisis. Indeed evidence is increasingly mounting that the move to develop these areas of the greenbelt is nothing but a nepotistic move to massively increase the wealth of prominent developers/donors like the de Gasperis family and Michael Rice. If we start justifying handing out southern portions to developers by protecting rural norther portions, all we will end up with is millions of acres of suburban sprawl in southern Ontario capped by an inaccessible belt of green area in northern Simcoe County. The greenbelt was carefully planned to prevent exactly this situation, let it do what it was meant to do.\n"
    },
    "76544": {
        "url": "/comment/76544",
        "comment": "I am vehemently opposed to this proposal to remove lands from the Greenbelt Plan. The Premier and his government have broken their promise to the people of Ontario if they proceed with this proposal. We need to preserve Greenbelt Plan lands. Those lands are important for ecological and agricultural reasons. With climate change, food security has become a critical issue. It is short sighted to take such steps. (Not unlike the Harris government\u2019s decision to sell the 407 for short term budgetary reasons.)\nThe fact that developers some how knew to purchase lands contemplated by the proposal before it was announced, raises further issues of possible improprieties. This needs to be thoroughly investigated before this proposal can proceed.\nThe fact that a number of urban river systems, that are already well protected from development, and a small part of the Paris Galt Moraine, are to be added is woefully inadequate. They should be added to the Plan in any event, but that in no way justifies the removal of other Greenbelt lands.\n"
    },
    "76545": {
        "url": "/comment/76545",
        "comment": "On behalf of our client, Highmeadow Place Holdings Inc., we are pleased to submit our submission to the ERO regarding ERO posting 019-6216 - Proposed Amendments to the Greenbelt Plan. Please refer to our supporting documentation which outlines our comments.\nThank you for the opportunity to submit our comments for your consideration.\n"
    },
    "76555": {
        "url": "/comment/76555",
        "comment": "Dear Minister Clark\nPlease see attached our letter supporting the proposed amendments to the Greenbelt Plan under ERO posting # 019-6216.  This letter also contains a proposal that would, consistent with the proposed amendments, add additional housing in Richmond Hill furthering the objectives of Bill 23 \u2013 More Homes, Built Faster Act, 2022.   Details are in the letter which summarizes our History, Planning Rationale, and the Ecology, Infrastructure Servicing, Geotechnical & Hydrogeological preliminary assessments (also attached).\nThank you\nChristine Yee\nSenior Director, Development\nWhite Owl Properties Limited\n180 Renfrew Drive, Suite 120\nMarkham, ON   L3R 9Z2\n"
    }
}