{
    "72897": {
        "url": "/comment/72897",
        "comment": "I strongly oppose the Ford government's plan in Bill 23 to allow developers to use Greenbelt property.\nThe excuse of providing housing for immigrants is ridiculous for several reasons.   In 2018  Ford assured developers that he would \"open up a big chunk of protected GTHA farmland to build housing.\" This move is toward urban sprawl is more about short term profit for already invested developers than housing that could be achieved with infill and intensification (opening up 4-plexes) around transit hubs.  Suburbs will create worsening traffic problems and contribute to more car usage which is counterproductive to efforts to alleviate climate change.  The 11 Greenbelt parcels of land to be opened  also just happen to be owned by some of his party\u2019s most generous donors, as an investigation by Toronto newspapers found.\nThe Ontario Housing Affordability Task Force, an expert government panel that examined the issue last February concluded that \u201ca shortage of land isn\u2019t the cause of the problem.\u201d The task force said the real issue is that 70 per cent of land zoned for housing in Toronto,and 50 per cent across the province, is restricted to single-detached or semi-detached homes \u2013 the lowest density that exists.  This is a bad model which is untenable and costly to the environment as well as taxpayers.\nThen there's the problem of paving over farmland. Max Hansgen, president of the National Farmers Union for Ontario said the proposal to remove farmland from the Greenbelt will harm farmers and their capacity to supply the province with food.  \"These proposed actions would also take away farmers' rights to appeal development decisions that could harm their land and farm businesses and would make it much easier for land speculators to turn irreplaceable farmland into unsustainable urban sprawl,\" he said.  Ontario will lose precious, diminishing farmland needed to grow our own food forcing us to truck in food from greater distances.\nAnd more insidious is that this bill will allow the mayors of Toronto and Ottawa to adopt bylaws related with just one-third of the council vote; it will curtail the ability of provincial Conservation Authorities to comment on projects and dramatically reduce the development charges collected by municipalities to cover the cost of infrastructure, such as new parks and transit.\nI hope that there is a way to stop this bill and protect the Greenbelt (which was supposed to be protected in perpetuity) and also keep the democratic process intact in municipalities and reinforce powers of conservation authorities.\n"
    },
    "72908": {
        "url": "/comment/72908",
        "comment": "Explain why there's so much focus on building new housing and opening up more than 7,000 acres on the GreenBelt and nothing to control rental prices.\nYour government talks about a \"housing crisis\" but appears to do nothing to protect renters in Ontario.\nAs well, it is troubling the government has not been transparent about how to-be-opened GreenBelt land was selected and who benefits.\n"
    },
    "72912": {
        "url": "/comment/72912",
        "comment": "I am deeply upset that Premier Ford and and other elected officials are failing to honour their prior commitment to conserve the Greenbelt. They are willing to breach a promise that profoundly affects not only their constituents but future generations as well. It would appear that they value the financial gain of wealthy developers at the expense of their own credibility and to the detriment of the general voting population of GTA and Durham region. There are other sites available to accommodate affordable housing that would not encroach on Greenbelt lands; sites that would reflect a more sustainable approach and conform to the need to densify current developed areas rather that initiating more spawl. As for the Greenbelt area, if it were developed, it coud never be recovered. No responsible govenment would destroy such a precious resource. It's time our politicians started looking to the future with a vision of more than dollar signs.\n"
    },
    "72915": {
        "url": "/comment/72915",
        "comment": "Before Ford was elected in 2018, he made a promise not to touch the greenbelt. He is breaking his promise based on the need for housing. Build somewhere else!  Don\u2019t touch the Greenbelt. I am so upset with this government doing things that they said they wouldn\u2019t do. I did not vote for you along with many other people in Ontario. Put it to a referendum!  I do not support using any Greenbelt land for housing.  Come up with an alternative solution and keep your promises.\n"
    },
    "72918": {
        "url": "/comment/72918",
        "comment": "I am writing because I strongly oppose bill 23.  I am an artist who lives in Toronto.  Contrary to what bill 23 claims to be, it will not create the housing we need in Ontario--that is, housing in existing neighborhoods including much needed rental spaces and truly affordable places to live. Instead it will create more sprawl. The bill will allow the carving up of the greenbelt which is a betrayal of the Premier's promise not to do so.  The bill is really a gift to enrich landowners who want to fill in the wetlands and develop them. If this happens, it will lead to flooding and further destruction of natural areas. It will not address the climate change crisis that is here and will be worsening over time. We need to be developing policies and putting into practice plans that will help us in the wake of the changes that have already begun happening.  This bill will do the exact opposite and is being brought forward to benefit landowners and developers connected to the conservative party. The bill must not become law.\n"
    },
    "72938": {
        "url": "/comment/72938",
        "comment": "I do not support removing lands from the Greenbelt Area and I do not support the proposed amendments to the Greenbelt Plan (ERO 019-6216), or to the Greenbelt Area boundary regulation O. Reg. 59/05 (ERO 019-6217), or to the Proposed redesignation of land under the Oak Ridges Moraine Conservation Plan O. Reg. 140/02 (ERO 019-6218).\n"
    },
    "72967": {
        "url": "/comment/72967",
        "comment": "To whom this may concern,\nI am a gravely concerned resident of Ontario employed in the ecology and environmental consultant industry. Prior to reading further, please know that I am not anti-development, but I am deeply pro-responsible planning and development.\nDoug Ford and his government's recent announcement of the 'More Homes Built Faster' completely ignores the regimented planning process at multiple levels. The Greenbelt lands were carefully selected not long ago in 2005, specifically to prevent further loss of farmland and natural heritage features crucially important to the ecosystems, wildlife (Species at Risk and common) and we, the residents of Ontario.\nHow is it possible to make a responsible provincial planning decision when applying it to 7,400 acres in one fell swoop? Only just 17 years ago, the province identified and evaluated these very lands as crucial to protect. How could they possibly be less relevant than they were then? With Toronto's population projected growth rate of 35.9 percent to 2046 and the four census divisions of the suburban GTA projected to add a total of almost 1.9 million people over this period, shouldn't these lands be looked at with an even greater degree of importance? As a consolation, this proposal seeks to add \u2018new\u2019 Greenbelt lands elsewhere, yet there is an acutely clear reason why the current lands designated as Greenbelt were chosen in the first place. You cannot simply swap A for B in this case. These are interconnected ecosystems (in most cases) that benefit from being ecologically connected to one another.\nI am understanding of the need to create homes for our growing province, but how is accommodating urban sprawl through utilizing the Greenbelt lands the most advantageous way to do this? Urban intensification outside of the Greenbelt should be where we are focusing our efforts. Intensification calls for building upwards with condos which creates more accessible and affordable housing which is what this province desperately needs in the first place. With the recent news from CBC announcing that well-established developers are the current holders of the 15 parcels of land the Ford government is proposing to open up for housing, this decision from Ford and his government is hiding in plain site that Ford likes to help his buddies out. This isn\u2019t about the average Ontarian having access to housing, this is about Ford lining his pockets greenlighting development in environmentally sensitive areas for his pals. If we were truly concerned about creating housing, why are we not changing Official Plans and Zoning of upper and lower tier municipalities in non-Greenbelt areas to demand intensification, both within the GTA and other cities like Innisfil within proximity to the core and accessible by public rail transportation?\nWe are at a pivotal moment with this decision on our doorsteps. If we open up these 7,400 acres of \u2018protected\u2019 land, what is stopping Ford or the next politician in power from slicing further Greenbelt lands from existence. The province has a duty to act on behalf of the people that live here, not just the handful of politicians and developers who want to see this go through. The opposition to this decision to develop a significant portion of the Greenbelt is palpable and the majority of Ontarians are screaming from their rooftops, do not do this. Do not allow this to happen. Encourage developments to intensify or sprawl outside of the Greenbelt if they must. There is plenty of land outside of the Greenbelt.\nI hate to state the obvious, but these lands are incredibly precious and provide so much value to Ontarians through:\n\u2022 Clean water: Protection of important wetlands/watersheds that act as natural aquifer recharge areas and filtration to surface waters which then flow to our groundwater supply.\n\u2022 Climate resilience: Protection of floodplains and water retaining wetlands to reduce the threat of anthropogenic flooding posing a risk to human life.\n\u2022 Biodiversity and Species at Risk habitat: With development already destroying our natural heritage features (woodlands/wetlands/grasslands) that support both SAR and common wildlife habitats, the Greenbelt should remain the one steadfast natural fixture within our province not under threat of clearing/development.\n\u2022 Agricultural industry: Protected farmlands keeping farmers from being priced out by developers. This allows farmers to continue their agricultural practices and provide reliable food/resources to the province and exported materials.\n\u2022 Places to escape: Trails and conservation areas have never proven to be more important than in the last 2.5 years of the pandemic. Ontarians need access to greenspace to escape and be active! Young or old, time spent outdoors is massively beneficial to both mental and physical health.\nWe have so much more land outside of the Greenbelt that can be developed, these lands in particular just happen to be the ones that Doug Ford\u2019s pals own. Please defer in this moment to responsible provincial, regional and municipal planning. Rely on the processes we already have in place. This land was identified for protection for a reason only 17 years ago. If protected, this Greenbelt land will provide countless benefits to Ontarians (human and wildlife), for many years to come. Do not overlook it\u2019s value. What message as a province are we sending to everyone watching right now if we let this first batch of Greenbelt lands be opened up for development? When can we expect to see the next batch be requested and also developed? It\u2019s a slippery slope from here and Doug Ford himself campaigned on the fact that he would NOT develop the Greenbelt. Please hold him accountable. Please protect these lands and their benefits for current and future generations to come.\nI am vehemently opposed to the \u2018Build Homes Faster Act\u2019 and the request to open ANY Greenbelt lands for development. I plead whoever is reading this to stop Doug Ford\u2019s government in this reckless decision and keep the Greenbelt green, in perpetuity.\n"
    },
    "72974": {
        "url": "/comment/72974",
        "comment": "There are far more options for increasing housing within our city limits that we must exhaust before irreversibly damaging the greenbelt. Increasing density with apartments or high-rises with 2-3 bedroom apartments (rather than \u2018luxury\u2019 studios and single-bedrooms) will house far more people in far more reasonable accommodations than single-family homes for the upper class.\n"
    },
    "72984": {
        "url": "/comment/72984",
        "comment": "The Greenbelt is a strategic initiative which has become more important over time. I strongly agree that it should continue to be enforced without exception.\nWe must increase the density within our urban boundaries to provide increased efficiency and quality of life for residents. Greater density supports public transportation, fosters smaller more affordable housing, and created more vibrant communities.\nWe need to preserve our land and green spaces for future generations to enjoy. The elite do not need more land for exclusive enclaves and huge mansions. They already have many options.\nThe Government should serve all residents and act in their best interest for the short and long term.\nSelling valuable greenbelt to developers to make a buck and generate political party donations is doing the wrong thing for the wrong reasons.\n"
    },
    "72987": {
        "url": "/comment/72987",
        "comment": "To fragment The Greenbelt is criminal. It will not only negatively affect the many species that call it home, it will indefinitely do the same to our health and overall well-being. Affordable housing is important, but we can't afford to destroy the very ecosystem that provides our home and so much more. The development in Ontario is already at extremes as I witness animals being pushed from their homes and people become more disconnected to nature. We must preserve what natural area we have to ensure we have a safe place to live...a place worth living. There's a reason people leave the city...people inherently need nature. If the development continues like it has been and at the cost of our environment, there won't be much incentive to actually living in the areas you plan to develop. The line needs to be drawn, and the line is a belt.\n"
    },
    "73002": {
        "url": "/comment/73002",
        "comment": "I am a life-long Ontario resident and I oppose the use of our protected greenbelt land for housing. While I haven't been able to make the jump from our 1 bedroom condo due to high prices, I don't believe building on our already incredibly limited green space is the right answer. There are much bigger issues with how we build and what we build that need to be addressed first. Where are the zoning changes to allow for high-density, family-oriented housing so that we can make better use of the land we already have access to? Going after our greenbelt and conservation authority is not a sustainable answer.\n"
    },
    "73003": {
        "url": "/comment/73003",
        "comment": "Once again, I feel deceived by this government. This is a narrow minded and short sighted decision, to allow development on large swaths of protected land. And for what? To build single family homes at market value, which will do little if anything to mitigate the affordability crisis. So we lose some of the important protected lands and gain unaffordable housing, meanwhile conservative donors get to nepotism treatment. It\u2019s akin to insider trading. This is a shameful proposition.\n"
    },
    "73007": {
        "url": "/comment/73007",
        "comment": "It would be nice if dad green belt land that is being released is assessed on a case by case basis and not blanketed approved. Too much opportunity for the rich rich which happen to by the premiers buddies that own these said lands. Who\u2019s pockets are benefiting here, because the housing crisis isn\u2019t. Push out the foreign investors and lower the vacant housing rate if there is really a housing crisis.\n"
    },
    "73021": {
        "url": "/comment/73021",
        "comment": "Premier Ford is breaking his word. He promised to not touch the green belt. The province does not need this land, it will NOT make housing more affordable, the developments will be more suburban sprawl of 4,000 soft homes that the people that need the housing can\u2019t access or afford. It will only enrich a select small group of wealthy developers. It is obvious what is being done and who this benefits, the credibility of this government has been damaged. I\u2019m ashamed that I voted for the PCs.\n"
    }
}