{
    "66745": {
        "url": "/comment/66745",
        "comment": "We have so very little protected greenspace and farmland. This government should be focused on urban density and building up, not out.\nOn top of this, Premier Ford 'promised' not to touch the greenbelt. His developer friends have clearly lined his pockets for him to change his mind; or he was lying in the first place. So which is it? Lies or padded pockets with developer money?\nEither way; the people of this province DO NOT WANT THIS LAND DEVELOPED. So maybe listen to them, for once...\n"
    },
    "66747": {
        "url": "/comment/66747",
        "comment": "Seriously?\nWith all the areas going unused in the GTA, the defunct businesses and vacant lots, etc. we have to award another developer friend of the government with the right to destroy the greenbelt?\nThe promise on election was that the Ford Government would not develop the Greenbelt. Now obviously that was a lie. It was a lie then, but at least he was too busy taking shears to education and health care to get his claws on the greenbelt. Why does everything a Ford Government touch have to whither and die?\nHow about we develop all the land around the Ford family cottage first to see how they like a quiet refuge and environmental area being destroyed and then revisit the Greenbelt proposal?\n"
    },
    "66748": {
        "url": "/comment/66748",
        "comment": "I have these questions:\nWhy was the green-belt established in the first place?\nHave the conditions changed for the better?\nThis project priorities development over environmental issues and quality of life. I find it very hard to believe that there is no other place outside of the green-belt in which housing can be built.\nI question motives and wonder about the ability of this government to lead when they seem so blind to prevailing sentiment and obvious, critical climate change concerns.\nSincerely,\nJennifer Pierce\n"
    },
    "66749": {
        "url": "/comment/66749",
        "comment": "Hello there,\nI am sharing my deep concern about this project. Premier Ford told us he would never touch the green belt and now has gone back on his promise to further his agenda (and those of his many developer friends along the proposed highway route). The greenbelt is a very important piece of ecologically diverse land which must be protected- especially as our environment and climates are already facing disastrous consequences from climate change and overdevelopment. Instead of doing this- it would be great to use the money to repurpose empty office buildings in Toronto into affordable housing since we are facing a housing and homelessness crisis.\n"
    },
    "66751": {
        "url": "/comment/66751",
        "comment": "This proposed development is absolutely horrifying.  Even besides the implications to the water table, protected lands, etc, the property taxes for these areas will not be high enough to cover upkeep.  In other words, lower income areas that are denser will be subsidizing those well-off enough to purchase this land.\nStop urban sprawl, and listen to the people.  Build up, not out.\n"
    },
    "66757": {
        "url": "/comment/66757",
        "comment": "We have enough land in this province to build on. We should not be building big houses to stop a housing crisis. We need to be building up on existing land. The greenbelt is about our green space and not urban sprawl. It's for us now and for future generations.\nFocus on developing proper transit to link cities instead. Build past the greenbelt and link it by Innovative transit.\nKeep politics separate\n"
    },
    "66758": {
        "url": "/comment/66758",
        "comment": "There's no reason to wipe out the natural beauty of the greenbelt for more housing.  We gave plenty of existing space waiting to be rebuilt, or built upon.  I don't get how you should even be allowed to purchase greenbelt land.\nYou need to do what you do best, and backtrack before it's too late.\n"
    },
    "66760": {
        "url": "/comment/66760",
        "comment": "I object to this proposal in the strongest possible terms. Providing housing so far outside of urban centres will not help those most in need of housing, such as low income people and new immigrants. Cities can be denser instead. The Greenbelt had been designated as a protected area for good reason and it can\u2019t just be shifted according to city planning logic. This is a shortsighted proposal that will also be bad the the environment in an additional way: adding carbon emissions from the long commute that new residents in these areas would have to take to work. Finally, the Greenbelt contains established ecosystems, headwaters, and fragile areas that can\u2019t just be substituted for other land elsewhere. Do not allow development of any parts of the Greenbelt!\nI am writing this as a resident of Toronto and a lifelong resident of Ontario, a province full of forests and wetlands that future generations should be able to enjoy.\n"
    },
    "66761": {
        "url": "/comment/66761",
        "comment": "As a resident of Ontario I am appalled that this would be even be considered. Or wild life is important to what makes this province so great and it is already fragile. This proposal would destroy any chance we have of keeping a healthy ecosystem.\nNot to mention the insane conflict of interest presented by Doug Ford himself. I know Doug has increased his net worth by over 45 million during his time as premier, in about a 200k per year salary. It\u2019s not a secret that Doug takes his cut from these deals.\nDon\u2019t think we aren\u2019t paying attention to what is happening. We are watching and hope you do what\u2019s right instead of lining your pockets.\n-A concerned citizen of Ontario\n"
    },
    "66765": {
        "url": "/comment/66765",
        "comment": "This decision goes against anything we need in 2022 or going forward.\nI am disappointed by a government and his officials who knowingly cause harm too it\u2019s people and wild life they \u2018protect\u2019.\nAt this rate, all your claims this year, every re-opened legislature you\u2019ll try and sweep through, in fact the mere discussions of destroying the ecosystems protected by the Green Belt.. who are you ? What do you stand for?\nBecause it\u2019s not what you say you do, it\u2019s not what we NEED, it\u2019s not me, it\u2019s not the planet you live on,\nWith power, comes with every human a choice, to make a difference, or to be the devils advocate and meet his needs, selfishly.\nYou think we don\u2019t notice?\nTaking that route you can become  blind too  the feelings of remorse,  so are you human ..\nOr are you selfishly, going to continue to have power in the most beautiful place in the world, with citizens who voted FOR YOU, and disrespect it, us, your oath to create a better world.\nI hope not. Change my mind.\n"
    },
    "66771": {
        "url": "/comment/66771",
        "comment": "Once again, completely disgusted by what the Ontario government is doing in response to a major issue we have.  Destroying our small amounts of protected land is not the way to help anyone in Ontario.  Cities need to be built up. Rent and housing prices need to come down. And spreading out anyone new into other cities and stop lying to them about a Canadian dream we don\u2019t have anymore.\nAnimals don\u2019t have a voice and it\u2019s up to us to protect them and speak for them.  We must stop destroying everything and everywhere they live.  We need them just as much as they need us!\nStop destroying everything possible and come up with proper world saving solutions.\n"
    }
}