{
    "62713": {
        "url": "/comment/62713",
        "comment": "This is absolutely absurd. We need to stop developing in our protected greenspaces. Where will the wildlife go? How out of touch do you have to be to be removing protected land when we need to protect the environment and make drastic changes to prevent further degradation of the environment. Do not remove any green space and do not lift protections. Additionally, have you driven down the two major highways? They are already a nightmare, the infrastructure cannot support another 50,000 houses. This is so ridiculous. Last year Ontario government said touching these lands was off the table, whose under the take with developers now that there is a change in appetite?\n"
    },
    "62714": {
        "url": "/comment/62714",
        "comment": "Protect our farmland. Toronto needs to build up in a sustainable manner. Further sprawl will only make our traffic congestion worse and transit less worthwhile. Farms and wild areas are crucial for food and water security. If we want to support our population growth our food needs must be met. Ontario has some of the most fertile soil in the world. The green belt needs to stay in place.\n"
    },
    "62716": {
        "url": "/comment/62716",
        "comment": "I would demand you honor the city of Hamilton decision. Last year in November both council and community overwhelmingly voted to not expand the urban boundary. Now the ontario government is trying to force us to expand. And into the greenbelt no less. I oppose the urban boundary expansion as well as the greenbelt expansion. It is devastating to me that the urban boundary is \"no longer open for comment\", when the city so clearly commented this time last year in our vote. Stop forcing our boundary Mr Ford so your buddies and people you promised can keep popping up houses that No one can afford anyways. It's a grossly irresponsible decision, and you're proving you do not care about future generations, or the planet.\n"
    },
    "62717": {
        "url": "/comment/62717",
        "comment": "Do not open up this land for housing. Repurpose land that is available and increase density. Keep the land together so that fauna have larger continuous tracts of land. Providing another green space tract in a different areas fragments the land and how animals can travel and live in their habitats. Taking one piece of land away and promising a different protected area is akin to telling someone we are going to take over your living room and provide with with another living room down the block.\n"
    },
    "62720": {
        "url": "/comment/62720",
        "comment": "While we are indeed in a housing crisis, the solution isn't more urban sprawl. What may look like unoccupied or underused space is in fact vital to the well-being of our planet, and consequently to us. Wetland is not mere swamp, but a rich ecosystem that supports all life. Let's focus on urban density instead of sprawl: we need our greenbelt to stay green if we want to continue to support life on this planet.\n"
    },
    "62721": {
        "url": "/comment/62721",
        "comment": "We can\u2019t afford to lose any green belt areas around Toronto and outlying areas.  Housing should be built round communities that need more people and certainly not in southern Ontario.  We have too many people living around here as it is, spread it around, go north, east or west but not southern Ontario and NOT green belt areas.  What\u2019s wrong with you people, we need some natural green spaces.\n"
    },
    "62724": {
        "url": "/comment/62724",
        "comment": "The deal was you weren't touching the Greenbelt. How about leaving it that way.\nThis proposal sets a dangerous precedent, and you're not fooling the average Ontarian that you're magnanimously increasing protected land.\nLEAVE THE GREENBELT ALONE! Your developer buddies can find innovative ways to use existing land.\n"
    },
    "62726": {
        "url": "/comment/62726",
        "comment": "Hi Doug, didn't realize you were going full cartoon villian. It's a bad look to say the least.\nBuilding McMansions on the greenbelt will do nothing to abate the housing affordability crisis and is a climate disaster. I don't know if you noticed but the GTA has a huge traffic congestion problem. We need investment in public transit and increased density not short term profits for your friends.\nConstantly disappointed by how low you and your cretin cabinet can go.\nIf you could make a larger effort to at least pretend to care for anyone other than yourself and your campaign donors that would great.\n"
    },
    "62730": {
        "url": "/comment/62730",
        "comment": "How can Ford do the opposite of his campaign????  Also his policy on development fees only puts more money in builders pockets, as studies have proven.  He only cares about building buddies\u2026there must be benefits for him!\nHe should resign NOW \u2026..  he lied\u2026..he is warping democratic policies\u2026not what people voted for\u2026..go traitor Ford\nOutraged\n"
    },
    "62734": {
        "url": "/comment/62734",
        "comment": "The decision to include any part of the greenbelt for current development should have allowed all owners of greenbelt land the opportunity to provide reasons why their properties should also be allowed out of the greenbelt for current development.\nSpecifically, Oakville has individual properties in the greenbelt on Burnhamthorpe Road  that have trunk sewers on their greenbelt properties, transportation, all services and road infrastructure nearby and are probably more suited to current development than the ones chosen. The properties are generally flat with little to no trees on them, not farmed and sit uselessly idle. They also appear to be a finger extension of the main greenbelt swath traversing the GTA and would not impact the integrity of the composite greenbelt land.\nThese properties have proximity to existing development (in fact, adjacent lands facing these properties on the south side of Burnhamthorpe Road are currently zoned for development)  with the new Oakville hospital practically in viewing distance from the greenbelt properties.  Is it fair that these properties are not given the same opportunity to come out of the greenbelt at this time?\nI think these properties should be currently reviewed and other properties in other areas with similar attributes and taken out of the greenbelt for housing needs now which is what is needed by families today.\n"
    }
}