{
    "63310": {
        "url": "/comment/63310",
        "comment": "The green belt is an essential piece of environmental land that important to preserve. Many species of native wildlife call this protected area home and it is important to preserve wetlands. The amount of captured carbon reserved in wetlands is massive and disturbing this precious ecological zone would release that carbon. There is plenty of room further north in Ontario that could be developed into additional housing\n"
    },
    "63311": {
        "url": "/comment/63311",
        "comment": "Enough is enough. This province is not for sale. Leave the green belt alone. There are so many other places to develop and encourage spread to. Temiskaming Shores, Wawa and all the cities up North would love to expand. Stop taking things that are our biggest things of worth, and taking them away from the people. Protect our environment. Do NOT build in the Greenbelt. You are asking for flooding and ecological disastors.\n"
    },
    "63318": {
        "url": "/comment/63318",
        "comment": "Doug Ford and the conservatives are an absolute disgrace for reneging on their commitments to the green belt. If Doug Ford actually cared about the province he would protect our farmland and natural areas of our province that make it a beautiful place to live, unfortunately he is more concerned with lining the pockets of his developer buddies. Once our green belt is paved over it is not coming back. This is greed and shows that Doug Ford and his government are liars. Do not ruin our province any further and do not try to take away anymore of our rights.\n"
    },
    "63320": {
        "url": "/comment/63320",
        "comment": "In 2018, the premier promised on Twitter and in interviews not to touch the greenbelt.\nAs usual, his excuse for the flip flop is to blame the federal government and immigrants. Clearly, he's doing this to reward his developer donors.\nWe don't need more sprawl, which only encourages more driving and more burning of fossil fuels. What we do need is more density, more variety in the types of housing we build. This isn't going to help.\n"
    },
    "63321": {
        "url": "/comment/63321",
        "comment": "I strongly disagree with removing any lands from the Greenbelt at all - the environmental impact is immeasurable. What are you plans for ensuring flood mitigation? Food security in the some of the best arable land in Canada? How will you mitigate the pollution and effect on the ecosystem? Will these lands be developed as single family homes that require cars? I don't trust that this land will be developed sustainably, even if this proceeds.  It is deeply concerning that the proposal is for 7400 acres for a meager 50,000 homes.\nWe should be focusing on managing our cities and building mid-level density in suburbs and higher level density near city cores - particularly rental properties. This government's close relationship with developers is disturbing and should not be impacting planning. We should be proceeding with urban planning based on expert advise, not base on how much money these people give to campaigns during elections.\nDoug Ford also previously stated that the Greenbelt was untouchable but apparently had been privately advising developers that he will open it up. How can someone behaving this way be trusted to managed this land appropriately?\n"
    },
    "63327": {
        "url": "/comment/63327",
        "comment": "This bill will remove vital environmental protections not only in the greenbelt but also elsewhere where protected wetlands face being paved over.\nThere is a minimal need for new areas to be open for development. Rather focusing on density intensification is better for Ontario as a whole. Removal of arachic zoning laws such that old strip malls, plazas and so fourth can be redeveloped.\n"
    },
    "63331": {
        "url": "/comment/63331",
        "comment": "I am extremely disturbed by the recent proposal to build over our valuable greenbelt land. We have so much land that has been zoned for residential use and is being poorly used, I can't understand why we are trying to get rid of the little green space we have left in southern Ontario to create more urban sprawl.\nWe need to be creating more protected areas and preserving what ecological life we have left here, not putting up new suburban divisions that are only rushing ahead climate change and poor living.\nThis government is continually making me concerned about my future in Ontario and whether we are doing anything to protect it. Please preserve the greenbelt and actually take the best interest of future generations to come at heart\n"
    },
    "63332": {
        "url": "/comment/63332",
        "comment": "I am against the proposed changes/ amendments to the Greenbelt plan.\nThe designated Greenbelt areas host irreplaceable farmland and watersheds and in my opinion, development in these areas will have a lasting and negative impact on the quality of life for Ontarians.\nThe addition of other areas to offset these changes is only a solution if the areas are comparable and in my opinion, they are not.\n"
    }
}