{
    "68084": {
        "url": "/comment/68084",
        "comment": "I believe the idea behind the Greenbelt Plan was to save some of Southern Ontario from development in the interest of the people. If the argument for your proposed amendment to the Plan is that Ontario needs more affordable housing, affordable housing is not what will be constructed on the land that is traded to the developers. This is all too obvious by the mega mansions that we see being built in most areas adjoining the Greenbelt.\nThe Ontario government needs to commit to adding more land to the Paris Galt Moraine, but not at the expense of the Greenbelt. The government should be trying to save even more lands outside the Greenbelt and giving them conservation status.\nThere is limited arable land in Southern Ontario. It should not be converted to housing and other development. Ontario should be growing as many of its own crops as possible.\nIt has been proven, no more so than during the Covid pandemic, that there are important physical and mental health benefits to people in having access to green spaces. Developing the GTA's few remaining green spaces will have a negative effect on everyone living in the area.\nWe continually see in the news the devastation to human populations because of climate change and homes having been built on lands that are subject to natural disasters. The government has recognized this with the addition of the Urban River Valleys to the Greenbelt Plan and must continue to be vigilant of this in the future. You won't save any tax payers' dollars if you have to pay millions in disaster relief.\nThere seems to be an abundance of derelict properties around the Toronto area, e.g. factories that have shut down, closed motel properties, dilapidated business parks and other abandoned buildings. Perhaps these could be purchased with our tax dollars to convert to affordable housing in already established urban boundaries. This would also enhance the look and safety of these neighbourhoods.\n"
    },
    "68087": {
        "url": "/comment/68087",
        "comment": "This is nonsense. We need our wildlife. There is no reason to destroy this area. Wildlife and wildlife habitat play a vital role in the ecological and biological processes that are essential to life itself. These ecological processes are essential for agriculture, forestry, fisheries, and other endeavours necessary to human life. They also help maintain environmental quality by degrading and otherwise removing some pollutants and by preventing waste accumulation.\n"
    },
    "68089": {
        "url": "/comment/68089",
        "comment": "This proposal is a drastic, poorly thought out, and potentially disastrous plan to solve a crisis with many, many, many better solutions. Lack of supply is not the only problem in the housing crisis, and creating more supply is not a sustainable, long term solution. It is merely a temporary fix for a larger, more complex situation.\nGiven that you are the Environmental Registry of Ontario, I don't think I need to elaborate on the environmental value of the Greenbelt. Destroying it - even only parts of it - for the sake of housing development is a needless sacrifice, and sets a precedent that could, and likely would, lead to a slippery slope in future legislation and environmental protection. Even if \"more houses, faster\" was a feasible solution, targeting protected land for the development is even more shortsighted. We cannot implement solutions to one problem that exacerbate others - we need to ensure that we are protecting our green spaces and environment in the midst of on ongoing and worsening climate crisis.\nHigh density housing within the GTA and in existing neighbourhoods should be the first priority. The housing crisis is not simply a lack of housing. It is also a lack of affordability, corporations buying numerous properties to let them sit empty or rent them at extortive rates, poor infrastructure and transport options to support living outside the downtown core, and numerous other factors that housing advocates have been touting for many years. David Hulchanski, a housing and community development professor at the University of Toronto, has said that reducing the problem to a lack of supply ignores \"underpinnings of the market such as housing speculation, lost supply due to short-term rentals, multiple property ownership, tax evasion and money laundering in real estate, and the financing structure in housing\".\nRather than increase the scope of the housing problem, the Ford government needs to address issues with existing housing. Empty properties need to be heavily taxed or otherwise appropriated; many of these existed due to corporations and foreign investors, and more have popped up in the form of empty offices in the age of work from home. The development of McMansions, and similarly large estates needs to be stopped, or at least slowed in favour of accommodations with higher resident capacities. In fact, all or most of ongoing and future development needs to be tailored to high density housing. Transport and infrastructure - and by this I mean public transportation, not highways with extraordinarily high financial and environmental costs with almost no benefit to the public - need to be improved for commuters and those in the broader GTA. We also need to make housing affordable; adding more supply does not change the fact that buying a home is impossible for many people in Ontario.\nThere are several other potential solutions that exist to address the housing crisis (that Doug Ford and his government have been made aware of) and have decided not to attempt to pursue. We have to ask why that is, and hold our elected officials accountable. The Ford government has close ties with the developers interested in the Greenbelt land, and there is talk of building a highway through it as well (the very same highway that has been assessed by experts and foreseen to add no real value for commuters). This is not coincidence.\nThis proposal would destroy protected land that is more critical than ever to preserve given the current climate crisis, without good reason. It is beyond reasonable belief that the government would suggest to do this without even attempting to pursue a number of more accessible, less expensive, more effective, and overall better solutions that are available.\nThat is why I am submitting this comment in protest of this proposal, and am encouraging any readers to do the same and to contact their MPPs to express their concerns.\n"
    },
    "68092": {
        "url": "/comment/68092",
        "comment": "Please, no. Just no. My family and community are all suffering and will suffer further due to this horrible decision that is only made with rich people in mind. I am a hard working citizen of Ontario, and none of us have access to family physicians, nor can we afford basic healthy groceries most weeks. Ontario for us is poverty and barely getting by, without our most basic needs met. Uncle is homeless and grandparents both displaced by rising housing prices. This province is a nightmare for the bottom 90%. Please do NOT develop into the green belt. BAD idea. Terrible.\n"
    },
    "68094": {
        "url": "/comment/68094",
        "comment": "I am completely appalled at this proposal and strongly oppose it in any form. The Greenbelt needs to be preserved and should not be used in any way for residential or other development. Doug Ford promised not to touch the greenbelt and this government needs to stick with that promise. The housing crisis will not be solved by using Greenbelt land for development, it will only benefit developers. Instead we need urban densification, improved public transit and rent control.\nThe Greenbelt is a crucial and vital resource for  our communities that needs to be further protected particularly given the current climate change crisis, not eroded. Do the right thing and stop this proposal.\n"
    },
    "68095": {
        "url": "/comment/68095",
        "comment": "You are breaking your promise not to \"touch\" the Greenbelt. These are protected spaces for a reason. It goes against what the Greenbelt is for. Is there also work being done to address the land within our municipal boundaries to build homes for people? I'm not convinced that these lands need to be filled with houses in order to solve the housing crisis, which apparently is the purpose of this amendment but it is not clearly outlined HOW this helps solve the crisis. Where are the numbers and consultations on that? How do we know that the development in these areas will be affordable homes? Where is the consultation and consideration with the Indigenous communities as well. Overall, there seems to be a lack of care for the environment and communities that this proposal is affecting. There is a large focus on the amount of land being swapped but there isn't enough detail and reasoning on why and how this would impact the Greenbelt's in respect to the goal of the Greenbelt Plan.\n"
    },
    "68096": {
        "url": "/comment/68096",
        "comment": "I am against this proposal. There is no clear plan on how to mitigate urban sprawl, which will become exacerbated with this plan. There is already enough land within developed areas to build mid-rise condos. Suburbs with single family homes contribute grossly to urban sprawl, and will make things like traffic, air & noise pollution, exposure to viruses & diseases from wildlife, etc. all much worse.\n"
    },
    "68101": {
        "url": "/comment/68101",
        "comment": "I am deeply concerned about the loss of conservation authority powers resulting from this bill.  I don\u2019t believe any conservation lands should ever be sold for development, they are needed as habitat and for flood prevention.  Therefore no new process for selling off Conservation Lands is needed.\nI strongly oppose this Bill for many reasons, including:\n1. Removal of my right to appeal on planning matters that affect my community;\n2. Limitations on the power of conservation authorities (CAs) to regulate or prohibit development that negatively impacts wetlands, rivers or streams, to provide expert review of planning applications, and to appeal planning decisions;\n3. Removal of the role of seven regional municipalities (Simcoe, Durham, Halton, Peel, Niagara, Waterloo and York) in planning matters, thereby eliminating coordinated efforts to protect farmland and natural areas, determine optimal locations for development and infrastructure, and efficiently deliver municipal services;\n4. Drastic amendments to the Ontario Wetland Evaluation System, ensuring that very few wetlands in Ontario will be deemed provincially significant and protected from development;\n5. Replacement of the Provincial Policy Statement with a new policy instrument geared to facilitating unchecked development; and\n6. Creation of a natural heritage offsetting policy and \u201cpay to slay\u201d fund that could lead to widespread and extremely risky tradeoffs, where existing natural areas are sacrificed on the faulty premise that they can be recreated or restored elsewhere.\nItems at risk in the Bill include draining and building on wetlands, removing the conservation of lands and pollution as key conservation area permit considerations, preventing municipalities from entering into agreements with conservation authorities to review planning applications on their behalf, and to possibly re-purpose conservation lands, often donated to a conservation authority for natural use in perpetuity, to housing.\nIn the face of unprecedented and accelerating biodiversity loss and the ever-worsening climate crisis, it is vital that our government do its utmost to protect the farmland, wetlands, forests, rivers and other natural areas that sustain us.\nAs Ontario\u2019s Housing Affordability Task Force explained in its 2022 report, we do not need to sacrifice environmental protection to address the housing crisis because \u201ca shortage of land isn\u2019t the cause of the problem. Land is available, both inside the existing built-up areas and on undeveloped land outside greenbelts.\u201d\nAnd \u201cMost of the solution must come from densification. Greenbelts and other environmentally sensitive areas must be protected, and farms provide food and food security. Relying too heavily on undeveloped land would whittle away too much of the already small share of land devoted to agriculture.\u201d\nI urge you to 1) withdraw all amendments likely to weaken the protection of farmland and natural heritage; and 2) retain and uphold the role of the public, CAs and regional municipalities in environmental planning and decision-making.\nThank you for your consideration.  Our future depends on this.\n"
    },
    "68103": {
        "url": "/comment/68103",
        "comment": "As an Ontario citizen and taxpayer, I do not approve of the proposal to reduce the size of the Greenbelt so that current Greenbelt land can be bulldozed for the profits of land developers. There is plenty of land available and unused in non-Greenbelt land in Ontario without resorting to hurting wildlife or contributing to climate change more than we already are.\n"
    },
    "68105": {
        "url": "/comment/68105",
        "comment": "That plan proposed by the government to develop in the green belt should not be pursued. The governments plan to add new green space to offset the loss of existing green space should not be pursued.\nThe government should be looking into transit and subsidized forms of transit instead so as to significantly reduce the impact of per person travel on these critical natural resource areas.\n"
    },
    "68109": {
        "url": "/comment/68109",
        "comment": "Terrible idea! Absolutely irresponsible to develop on our greenbelt. Land is a precious commodity, and we cannot take this lightly - we need to preserve the little protected space we have left. There are many ways to create high density housing in already developed areas (empty office buildings, etc) that would actually boost the economy in some of our city centers. Hands off our Greenbelt!\n"
    },
    "68110": {
        "url": "/comment/68110",
        "comment": "I am writing to express my opposition to Bill 23 and associated policy proposals that would weaken environmental protections and undermine public involvement in land use planning and decision-making.\nI am particularly concerned about the:\n1. Removal of my right to appeal on planning matters that affect my community;\n2. Limitations on the power of conservation authorities (CAs) to regulate or prohibit development that negatively impacts wetlands, rivers or streams, to provide expert review of planning applications, and to appeal planning decisions;\n3. Removal of the role of seven regional municipalities (Simcoe, Durham, Halton, Peel, Niagara, Waterloo and York) in planning matters, thereby eliminating coordinated efforts to protect farmland and natural areas, determine optimal locations for development and infrastructure, and efficiently deliver municipal services;\n4. Drastic amendments to the Ontario Wetland Evaluation System, ensuring that very few wetlands in Ontario will be deemed provincially significant and protected from development;\n5. Replacement of the Provincial Policy Statement with a new policy instrument geared to facilitating unchecked development; and\n6. Creation of a natural heritage offsetting policy and \u201cpay to slay\u201d fund that could lead to widespread and extremely risky tradeoffs, where existing natural areas are sacrificed on the faulty premise that they can be recreated or restored elsewhere.\nIn the face of unprecedented and accelerating biodiversity loss and the ever-worsening climate crisis, it is vital that your government do its utmost to protect the farmland, wetlands, forests, rivers and other natural areas that sustain us. As Ontario\u2019s Housing Affordability Task Force explained in its 2022 report, we do not need to sacrifice environmental protection to address the housing crisis. That\u2019s because \u201ca shortage of land isn\u2019t the cause of the problem.\u201d (p.10) There is a vast supply of land already open for development within existing municipal settlement boundaries.\nI urge you to 1) withdraw all amendments likely to weaken the protection of farmland and natural heritage; and 2) retain and uphold the role of the public, CAs and regional municipalities in environmental planning and decision-making.\n"
    },
    "68112": {
        "url": "/comment/68112",
        "comment": "This proposal should be rejected because it is a slippery slope to allow portions of the greenbelt to be developed to add such a small number of homes. If the government is serious about providing additional housing options for those in the GTA, they would not need this much land to build 3.3% of their goal (50000 of 1.5 million homes).\nEfforts should be focused on zoning within the cities in the GTA, improvement of local transit systems and improved intercity rail networks, rather than permanently damaging protected areas to continue the pattern of urban sprawl. Adding sprawling neighbourhoods will cause additional commuting traffic which will lead to expansion of existing highways which will then lead to further sprawl. This cycle of sprawl cannot be allowed to so easily continue.\nI encourage you to view the video linked about the \"Missing Middle\" which is a brief video created by a Canadian-born youtuber addressing why North American cities often struggle with urban sprawl. The video summarizes how car-centric housing zoning in the USA and Canada leads to housing options being largely limited to either condo towers in a downtown or single family homes in sprawling neighbourhoods.\nMore detail on the idea of the missing middle specific to the Toronto area can be found in the linked 2018 report created by Evergreen (known for the Evergreen Brick Works) and the Canadian Urban Institute (CUI).\n"
    },
    "68113": {
        "url": "/comment/68113",
        "comment": "In the midst of Ontario\u2019s housing crisis this proposal does nothing but put money in the hands of land developers. Single family homes in areas with no infrastructure does nothing to support accessible low income housing, the real source of the housing crisis. Furthermore, destroying protected natural land only exacerbates the climate crisis which, as it worsens, will result in more displaced folks in need of housing. In order to support both the environment and the housing crisis, more vertical affordable housing buildings should be built on city land.\n"
    }
}