{
    "68385": {
        "url": "/comment/68385",
        "comment": "While I am very supportive of additional housing in Hamilton, the mass production of luxury homes on tiny pieces of land is appalling. It is happening everywhere and this does not solve the housing crisis.\nWhat will the government be doing to address this while overriding the wishes of the local residents on this matter? Will they only be allowed to build midsized walkups? I doubt it. This will not solve our problems unfortunately.\n"
    },
    "68391": {
        "url": "/comment/68391",
        "comment": "The green belt is a foundational part of Ontario's wildlife conservation. Over the years it has become increasingly difficult to find untouched areas of land in southern Ontario. The only people who stand to benefit from this are Doug fords in construction and development.  I am a resident of Ontario, a Canadian citizen since birth, and I do not want the green belt opened up for politicians to monetize without any social or environmental benefit to the residents of Ontario. We do not need more expensive developments along the green belt that are not open everyday public use. What we need is more high dentistry social housing in downtown Toronto that can support the housing crisis. Please do not let this act pass. It\u2019s sneaky and underhanded and represents a continued disregard for the well-being and interests of all Ontario residents.\n"
    },
    "68393": {
        "url": "/comment/68393",
        "comment": "Developing our protected land is counterintuitive considering all the environmental implications. It\u2019s especially silly, when we have so many empty buildings sitting in all of Ontario\u2019s major cities. Maybe work on developing those first?\nPlease reconsider this proposal.\n"
    },
    "68397": {
        "url": "/comment/68397",
        "comment": "Ontario residents do not want the green belt opened up for development! It will not support housing for the most vulnerable populations. It will only support the financial gain of development companies and provide unaffordable housing.\n"
    },
    "68398": {
        "url": "/comment/68398",
        "comment": "This is a horrible proposal. As our province sits in crisis we cannot spend any time or money to destroy the greenbelt. Can we consider parks, investing in environmental research projects, engaging the academic community for preservation? This entire plan reeks of privilege and the widening gap between the 1% and the rest of society. Everywhere we turn is \"executive homes\" when families cannot feed their children, hundreds of thousands of homeless people. Eradication of greenspaces. This cannot proceed\n"
    },
    "68399": {
        "url": "/comment/68399",
        "comment": "Stop the use of the green belt for construction and commercial development! Developers and municipalities want to remove lands from the Greenbelt and weaken the laws currently in place in order to build sprawling subdivisions that would destroy farmland, forest and wetlands.\nThese Proposals for infrastructure, such as new mega-highways would pave over prime farmland, contribute to poorer air quality, and generate more greenhouse gases.\nOntarian's don\u2019t want this!!\n"
    },
    "68403": {
        "url": "/comment/68403",
        "comment": "Stop This proposal!\nAccepting this proposal will provide the ford government with the ability to put into motion their plan to pave over 3,400 hectares of farmland for their new highway.\nThis would means at  least $4 billion less money for public transit like subways and buses. We need more money put into public transit not less. With unreliable public transit people will opt to use cars that contribute poorer air quality. We need to invest in our public transit!!!!\nWildlife movement will be blocked and thousands of animals killed if this passes.\nThe construction and development will lead to poorer air quality and more greenhous gases which contribute to climate change.\n"
    },
    "68404": {
        "url": "/comment/68404",
        "comment": "Ontario residents do not want this proposal to pass!\nThis proposal will lead to high way developments through the green belt. Stop new highway development to reduce climate change impacts, and keep large industrial infrastructure out of farmland and forests. Invest in regional rapid transit to help communities develop smarter, denser housing and businesses.\n"
    },
    "68405": {
        "url": "/comment/68405",
        "comment": "I am against building on any designated green belt area. I live in north Oshawa and the devastation of the farm land is outrageous. They haven\u2019t saved any green areas for people to enjoy. It is miles of dug up trees, grasses, wildflowers and wildlife. Miles of mud and dirt as far as the eye can see to develop thousands of homes before any important infrastructure like schools, ambulances, hospitals etc. are built. No planning for the future of climate change and impacts of flooding. People\u2019s lives are stressful and they need nature to help heal.\nEnough with all the hunger for  development and money.\n"
    },
    "68406": {
        "url": "/comment/68406",
        "comment": "Stop greenbelt development!!!\nInappropriate development results in a loss of farmland, forests, and wetlands\nLeapfrog development beyond the Greenbelt. We can\u2019t afford more sprawl. It is 50 per cent more costly to build on greenfield sites compared to intensifying an already urban area. This proposal will allow the greenbelt to be used for sprawl development. Stop the sprawl!\n"
    },
    "68408": {
        "url": "/comment/68408",
        "comment": "Stop the proposal. Ontario wants to keep its greenbelt protected and intact!\nThe federal government wants to build a new and unnecessary airport on Greenbelt land. The scheme includes building new factories on the rest of the farmland and forests, valleys and natural areas that the federal government owns. This development will not benefit ontarians. Do not support this proposal.\n"
    },
    "68409": {
        "url": "/comment/68409",
        "comment": "This proposal puts the greenbelt at risk. Ontario wants to protect its greenbelt!\nIf this proposal passes, it will result in the loss of 7,530 hectares (75.3km2) of prime farmland and valley lands for a new and unless is dry airport.\nLocal health effects from air and noise pollution from planes will negatively impact the quality of life of many ontarians.\n3,250 hectares of land and billions of dollars will go towards building an unnecessary airport like Montreal\u2019s Mirabel Airport, which has been closed to passenger flights for 10 years.\nDo not let the federal government infringe on the greenbelt!\n"
    },
    "68410": {
        "url": "/comment/68410",
        "comment": "This proposed amendment to the Greenbelt Plan does absolutely nothing to alleviate the housing crisis in the GTA, and serves only to benefit developers.  It is also detrimental to the environment and contrary to the original purpose of the greenbelt. Additionally, the building sites in question will put homeowners at risk of flooding.  As a voter, taxpayer, homeowner, and resident of the City of Toronto, I do not want these ammendments passed. They do not serve the community in any tangible way.\n"
    },
    "68412": {
        "url": "/comment/68412",
        "comment": "Perhaps mister Doug should focus on giving our healthcare system the resources it needs instead of gaslighting us into believing that our system is the problem. We do not need filthy rich developers becoming even more filthy rich! Also where will the animals go? :(\nMaybe also put some resources towards housing homeless people in the now empty corporate office buildings.\nI don\u2019t think doug\u2019s really listening to the people\n"
    },
    "68413": {
        "url": "/comment/68413",
        "comment": "Perhaps mister Doug should focus on giving our healthcare system the resources it needs instead of gaslighting us into believing that our system is the problem. We do not need filthy rich developers becoming even more filthy rich! Also where will the animals go? :(\nMaybe also put some resources towards housing homeless people in the now empty corporate office buildings.\nI don\u2019t think doug\u2019s really listening to the people\n"
    },
    "68414": {
        "url": "/comment/68414",
        "comment": "Ontario is my home, and a place I take great pride in. The greenbelt is a protected part of that home. To allow this proposal to pass is to put the residents of Ontario at a disadvantage in favour of costly developments that will only benefit high income stakeholders.\nPlease save our home. Keep the greenbelt protected.\n"
    }
}