{
    "74720": {
        "url": "/comment/74720",
        "comment": "This is not what we want. As a Hamiltonian what we really need is better management to revitalize abandoned lots and put more money into the community that already exists rather than taking away the vital farmlands and wetlands. By building out, we are creating communities with zero infrastructure in place. This is not the solution to the housing crisis. What this will do is make the already frustrating GTA commute worst. This will cause higher tax for existing homeowners, which I am. We want homes in cities, not on farms or wetlands. This is irresponsible of the government to force this down our throats.\n"
    },
    "74723": {
        "url": "/comment/74723",
        "comment": "Hello,\nI do NOT support the proposed changes to the Greenbelt Plan in particular the removal of designated areas.  To be effective the areas need to remain intact and should not be subject to re-designation.  Housing needs should be fulfilled using other strategies: building and increasing density within existing property development boundaries.\nGet creative with what we have rather than expanding in the same way to undeveloped land.\n"
    },
    "74725": {
        "url": "/comment/74725",
        "comment": "This is a travesty. We need this land to help fight against climate change. The air we breathe, the amount of water that the land drains and the wildlife depends on this land. The Greenbelt was protected for a reason and those reasons haven't changed. It's pure greed. The more green we take out of the world, the faster we march towards whatever environmental calamity that climate change has been warning us about. We are effectively shooting ourselves in the foot as a species. Leave the Greenbelt alone please.\n"
    },
    "74732": {
        "url": "/comment/74732",
        "comment": "I wish to comment on the Province of Ontario's proposed amendments to the Greenbelt Plan.\nThe housing problem has not been created by a lack of housing; instead, it has been created by the construction of housing that is being purchased as an investment, rather than to be lived in.  Urban areas adjacent to the Greenbelt have lands available for infill development.  The housing crisis could be reduced if the Province of Ontario was to support the development of other forms of housing, such as purpose built rental housing, affordable social housing and seniors' housing, by providing financial support to municipalities to enable these housing forms to be created.  Residents in this infill housing would also benefit from access to existing municipal infrastructure, such as transit, community services, schools, health care and groceries.\nThe Greenbelt was created in 2005 to protect the lands for the benefit of all Ontarians.  These lands support clean air, fresh water, climate resilience and provide a local food source.  None of these priorities have changed since that time.  The risk to Ontario residents of future environmental disasters caused by wind, ice storms, or flooding will be increased by removing land from the Greenbelt, even if the land removed is replaced.  in addition, the land proposed to be removed is prime agricultural land, required to feed all Ontarians.  The construction of single-family homes and condominiums on these lands will also require the construction of additional infrastructure which will increase the environmental burden and further reduce prime agricultural land.\nI am strongly opposed to the Province of Ontario's proposed amendments to the Greenbelt Plan to remove certain lands from the designation for the purposes of creating additional single-family homes and condominium developments.\n"
    },
    "74736": {
        "url": "/comment/74736",
        "comment": "Removing areas from ontario's greenbelt would be a shortsighted move. Our land, our wildlife, and our water are Canada's greatest resources and the keys to a prosperous future. Damaging the habitats that keep us safe and secure in order to build a highway that wont solve gridlock or highway safety would be a foolish.\n"
    },
    "74741": {
        "url": "/comment/74741",
        "comment": "The proposed amendments to the Greenbelt Act will undermine its essential purpose of ensuring permanent protection for the vital farmland and natural systems that provide Ontarians with food security, clean water, safety from flooding and access to nearby nature.\nThe vast majority of Ontarians support Greenbelt protections and are opposed to removing any Greenbelt protected land. That is why in 2018 Doug Ford said that he \u201cheard the people loud and clear\u201d and that \u201cunequivocally\u201d he wouldn\u2019t touch the Greenbelt.\nAccording to the government\u2019s own Affordable Housing Taskforce report, there is no need to remove 7,400 acres of valuable farmland and natural areas from Greenbelt protection when 88,000 urban acres across the Greater Toronto and Hamilton Area (GTHA) are already primed for development.\nOf the proposed additions to the Greenbelt, the majority are in Urban River Valleys that are already protected from development. This is in no way an equivalent swap. Instead, land swaps put the entire Greenbelt at risk, the proposal would set a destructive precedent that the Greenbelt will be sacrificed whenever land speculators want to develop them.\nThe removal of Greenbelt lands will exacerbate the practice of land speculation putting pressure on farmers within the Greenbelt to sell valuable farmland thereby reducing local food production. It will also divert construction resources away from building homes where they are needed within existing urban boundaries to building expensive and environmentally damaging sprawl. \u00a0This will do nothing for those who need affordable housing now.\nRemoving farmland and natural areas from the Greenbelt would harm climate resilience by undermining the integrity of the watersheds and natural systems in and around the Greenbelt.\nAnd there is this\u2026\n\u201cThe Government of Ontario\u2019s tabling of Bill 23 is a blatant violation of First Nations\u2019 inherent, domestic, and international rights over their ancestral and traditional territories,\u201d said Ontario Regional Chief Glen Hare. \u201cBill 23 will inevitably harm Ontario\u2019s environmental heritage and weaken land and water environmental protection.\u201d\nTabled on October 24, 2022, Bill 23: More Homes Built Faster Act is the Government of Ontario\u2019s latest omnibus bill that, if passed, will have detrimental impacts on nine different development and environment-related acts under the guise of addressing Ontario\u2019s housing crisis.\n\u201cFirst Nations have been given no opportunity, nor the adequate capacity to be consulted regarding the tabling of Bill 23 and its significant changes to Ontario\u2019s legislative and policy landscapes. It is deeply concerning to the Chiefs of Ontario that the mandate of the Indigenous Affairs Ontario (IAO) office, which is to ensure collaboration amongst ministries engaging and consulting with First Nations on policy and legislative changes, continues to be unfulfilled.\nUnilateral legislative and administrative changes within Bill 23 without consultation or engagement with First Nations are unacceptable and an abuse of power. The unprecedented steps taken by the Government of Ontario violate existing Treaties, and their will to systemically sell off resources will have dire consequences for First Nations and future generations.\n"
    }
}