{
    "69678": {
        "url": "/comment/69678",
        "comment": "The majority of the province does not want the government to touch the greenbelt. The housing crisis can be solved using sites within urban centres as well as regulations to lower the number of empty houses (used for short term rentals).\nAs the government represents the people of the province, it is therefore logical that there should be no development of the 'protected' land of the greenbelt. Otherwise Ford, it appears that you are selling the land off to pay back your donors. And that constitutes profiteering -not governing.\n"
    },
    "69681": {
        "url": "/comment/69681",
        "comment": "As it currently stands, Bill 23 will decimate environmental protection for wetlands, woodlands and other sensitive green spaces, and it will prohibit conservation authorities from protecting these spaces. It will also undermine several municipalities\u2019 net-zero and green development standards \u2014 all while we are in a climate crisis.\nWe must maintain green development standards, which are crucial for lowering emissions from buildings (one of the top two sources of emissions), and allow conservation authorities to continue to conduct crucial environmental assessments, to protect our environmentally significant spaces and the wildlife that depends on them.\nThe Ontario government claims the bill will expedite construction of 1.5 million new homes in less than a decade. In reality, it will drive low-density, sprawling development. It will weaken municipalities\u2019 ability to provide essential services, and it will not address affordability. The bill does not benefit renters or families trying to navigate the housing crisis. We need affordable, climate-friendly communities, not more sprawl.\nI am deeply concerned that the Ontario government is failing to protect nature, communities and the climate.\n"
    },
    "69682": {
        "url": "/comment/69682",
        "comment": "I do appreciate that we need more housing in order to resolve the housing affordability problem. However, this is not the right way to do it. Suburban ground-oriented housing is inefficient to service and maintain, and encourages car-oriented transportation. In comparison, low-rise or mid-rise infill development makes use of existing infrastructure, is far more efficient to service and maintain, and encourages the use of public transit.\nThe current government promised that it would not alter the Greenbelt. How can the public have confidence in the government if it does not keep its promises?\n"
    },
    "69683": {
        "url": "/comment/69683",
        "comment": "My family and I object to this proposal to expand development (construction) on greenbelt designated areas in Southern Ontario.\nOver the years, we have witnessed slow but determined destruction of important watersheds, wetlands, natural habitats in the Greater Toronto Hamilton and Niagara areas. This cannot continue.\nThe balance of this natural greenspace space must be preserved.\nFor the future generations we need to collectively prevent the occurrence of  natural calamities like flooding , landslides and drought that will result because of destroying the greenspace around the escarpment. Thank you\n"
    },
    "69689": {
        "url": "/comment/69689",
        "comment": "The greenbelt should be preserved for future generations to enjoy.  We need the open natural spaces for people's mental health and recreation.  Once it is gone there is no replacing it.  New homes should be built close to existing public transit so that we are not continuing to increase our carbon emissions where people have to commute in private vehicles.\n"
    },
    "69690": {
        "url": "/comment/69690",
        "comment": "I am strongly against the proposed adjustments, as I believe they would set a harmful precedent and send the message that the Greenbelt is open for development. This is especially troubling in our current climate crisis, when we should be taking every possible step to protect the environment and natural world.\n"
    },
    "69692": {
        "url": "/comment/69692",
        "comment": "Please protect our green belt. I fear once even a little bit is allowed to be developed on, the precedent will be set that it is OK. The green belt deserves to be protected for future generations to enjoy. Protecting the green belt not only for recreational purposes but also to help mitigate natural disasters such as flooding. I hope this message shows that people care more about protecting this land than development. Thank you.\n"
    },
    "69698": {
        "url": "/comment/69698",
        "comment": "We absolutely do NOT need more urban sprawl, we require greenspace. Even NY City has green spaces and their population density is far higher than Toronto.\nFrom the article linked below:\n\".. One great example is the Alternative Bank of Switzerland, which will not give mortgages to development projects that contribute strongly to an increase in urban sprawl. Another is the Canadian government\u2019s recent move to halt a construction project in a Montreal suburb in order to protect chorus frogs,\u201d he says.\"\n"
    },
    "69699": {
        "url": "/comment/69699",
        "comment": "The GTHA has plenty of room to grow and more importantly densify within and around the greenbelt. Adding more sprawl in the greenbelt will just amplify the problem with mobility for all other GTHA residents as more cars well be added to the network.\nDoing bullet point densification like Washington DC does around their transit would drive more change and faster. Several go stations has ample room for entire neighborhoods of mixed use neighborhoods by just using the space allocated to parking alone.\nThey only thing the greenbelt should be used for is incapsulating Toronto in high quality s-bahn/RER style transit (not a light rail / streetcar), with fast connections to downtown (perhaps via the go network). This would make areas close to the greenbelt attractive candidates for denser mixed use neighborhoods where we now have single family home sprawl.\n"
    },
    "69703": {
        "url": "/comment/69703",
        "comment": "Of course this is about Doug Ford's friends benefiting. Weeks after buying protected land it somehow becomes unprotected and the price skyrockets? This is corruption and he should be sued and removed from office.\n"
    },
    "69707": {
        "url": "/comment/69707",
        "comment": "Corruption simple as that, remove him from office.\n"
    }
}