{
    "78029": {
        "url": "/comment/78029",
        "comment": "This gutting of environmental protections in the interest of private profits is absolutely despicable. As climate change continues, having healthy watersheds and local food sources will only become more critical. It is glaringly obvious what is planned by looking at which housing developers have bought land along the proposed Highway 413. Expanding urban sprawl by destroying the Greenbelt will not solve the GTA\u2019s housing crisis, but it will make Ontario unliveable.\n"
    },
    "78030": {
        "url": "/comment/78030",
        "comment": "I am deeply concerned about the undemocratic Bill 23, the opening up of the Greenbelt, and irrevocable loss of land to development. Bill 23 is only in the best interest of a handful of developers who stand to make a profit. The bill does nothing to create affordable housing and reduce the costs of housing or aid in the homelessness crisis. It will deeply impact the economies of municipalities in Ontario, and will cause budget shortfalls and the raising of taxes.\nMy main concerns:\n1.\tStrips conservation authority powers to protect Ontarians from floods, and provide input into the planning process and watershed planning.\n2.\tThe removal of protections from wetlands and the wildlife who live on the land. This bill will have a devastating effect on wetlands which are incredibly important in preventing floods and combating climate change.\n3.\tThe removal of municipal green building standards.\n4.\tThe loss of farmlands that feed Ontarians and contribute to the economy.\nOnce this land is gone, we cannot get it back. This is an incredibly short-sighted and damaging bill that should not move forward.\n"
    },
    "78032": {
        "url": "/comment/78032",
        "comment": "I vehemently oppose the opening up of the Greenbelt for development. This will destroy forests and wetlands and imperil precious farmland. It threatens to extirpate the redside dace, a fish listed as endangered under the federal Species at Risk Act. It will incentivize car travel, jeopardizing Canada\u2019s ability to meet its climate targets. In an era of climate crisis, this is literally the last thing we need. It's honestly laughable as a solution.\nWhat the province is proposing will make life more expensive for people because they'll have to commute farther to get to work. It will be costly for municipalities as well, because it's much more expensive to service sprawl and we're all going to pay for it with our tax dollars. What we actually need is to eliminate exclusionary zoning within cities and increase mid density housing in residential areas and make better use of existing infrastructure.\nI do not support this greenbelt proposal in any way, shape or form. I do not want to enrich Ford's developers/donors,  who appear to have been tipped off about this deal change in advance. That's gross and unethical. We must not increase sprawl, we must maintain our precious arable lands and ecological environments for generations to come.\nThis must not happen if we care about Ontario's future.\n"
    },
    "78034": {
        "url": "/comment/78034",
        "comment": "I am against the proposed changes to the Greenbelt. There is too much at stake and it will jeopardize Ontario\u2019s future.  This is just some examples of what Ontario  stands to lose forever if this plan goes ahead:\nMajor wildlife corridors and thousands of acres of farmland, sensitive woodlands and wetlands situated between the Rouge River and Duffins Creek watersheds, including the entire critical headwater reaches of Petticoat Creek.\nA provincially designated wildlife corridor in King Township that provides a vital connection between the Holland Marsh and the Oak Ridges Moraine.\nA valley of the East Humber River in Vaughan that supports the endangered redside dace.\nA large wetland in Richmond Hill that is part of the provincially significant Rouge River Headwater Wetland Complex.\nCritical wildlife corridors in Markham that connect the Oak Ridges Moraine to Rouge National Urban Park.\nA large wildlife corridor in Markham at the sensitive headwaters for Robinson Creek, a tributary of the Rouge River, that supports a large cluster of provincially significant wetlands.\nA band of protected farmland between Ajax and Whitby that connects the coastal wetlands and woodlands of Lynde Shores and a large block of woodlands and wetlands to the north along the former beach of Glacial Lake Iroquois.\nA large provincially significant wetland in Clarington that is part of a sensitive groundwater recharge area.\nLarge woodlots, wetlands and prime farmland in Hamilton along a sensitive headwater tributary of Big Creek.\nFarmland in Hamilton and Grimsby designated as Niagara Peninsula Tender Fruit Area.\nThis proposal defies belief. Ontarians are facing the ever-accelerating crises of biodiversity loss and climate change, to say nothing of the ongoing loss of 319 acres of farmland per day.\nThere are much better ways to provide sustainable housing than by ripping holes in the Greenbelt. Please keep the promise to protect the Greenbelt!\n"
    },
    "78035": {
        "url": "/comment/78035",
        "comment": "I live within walking distance of the Oak Ridges Moraine and was raised in the Niagara Region. I worry for the future of these lands if the proposed greenbelt amendments are approved.  Our ecosystems work as one unified, living space and don\u2019t respond well to artificial boundaries imposed by humans. Our children run in these forests, explore the rivers and learn about their connection to the natural world through their interactions with these lands. Many people make a living working the crops in Niagara- a resource rich area that needs protection so it exist for generations to come.\nPlease reconsider these amendments and explore other ways to support sustainable growth in Ontario.\n"
    },
    "78042": {
        "url": "/comment/78042",
        "comment": "I oppose the legislation to withdraw part of the Greenbelt for housing development.  The right way to resolve housing issues is greater density in the cities, in all neighbourhoods.  Urban sprawl is tremendously costly.  All the infrastructure \u2013 roads, sewers, ambulance, schools, power and gas lines \u2013 becomes far more costly when so much more distance must be served in low density areas.  Paving over the beltline damages watershed and water control, which creates even greater risks as climate change produces more extreme weather events.  Paving over sensitive areas and farmland is irreversible \u2013 we can never get them back.  No responsible Conservative should ever support this action; it attacks the very core notion of what it is to be Conservative.  Furthermore, it violates a repeated promise of the current Conservative government to preserve the Greenbelt.  Trust in governments is at an all-time low.  Reneging on this promise shatters the public faith in the Conservative Party completely.\n"
    },
    "78044": {
        "url": "/comment/78044",
        "comment": "This bill, as other proposed bills made by this current Ontario government, is short-sighted and I\u2019ll-planned. This will not \u201csolve\u201d the current housing crisis in Canada and will definitely not make housing more affordable. You are taking away naturally diverse and beautiful lands from this great province in order to advance your own gains. You are not doing this for the good of the people living in this province, you\u2019re doing it for yourself. You are creating a potential climate crisis in our own back yard by developing these green spaces. You are also forcing people to live in areas where they will have to depend on motor transportation to travel further distances to their places of employment, thus increasing the overall emissions that we are so desperately trying to reduce. In summary, once again this Ontario government has shown how little they truly care about the people that live in this great province. I\u2019m not surprised, just once again disappointed.\n"
    },
    "78046": {
        "url": "/comment/78046",
        "comment": "Our top medical staff have declared climate change as being the greatest threat to public health. Though it may not seem like it is a problem of your generation, your children and children's children will have to bear the consequences. Given this, how come we are not putting climate and well-being at the centre of all of our operational plans?\nPollution has a very big impact on our health. Without good physical and mental health, it is very hard to be productive, to have a livelihood, and to participate in society. If we keep on putting profits over people, instead of putting people at the centre of conversations about profit, then we are simply setting ourselves up for a chaotic, unhealthy, unproductive future.\n"
    },
    "78047": {
        "url": "/comment/78047",
        "comment": "The proposed amendments to the Greenbelt have nothing to do with improving Ontario\u2019s supply of affordable housing. This is a plan to help enrich some developers, many of whom are Conservative Party donors, while increasing urban sprawl, degrading Ontario\u2019s environmental protections, and increasing greenhouse gas emissions.\nThere is NO NEED to use Greenbelt land to build housing. If the government cared to provide us with a full accounting of all currently undeveloped land that is already zoned for housing, as well as under-utilized government-owned land that could be zoned for housing and sold, we would probably find that there is already plenty of space for housing without having to pave over environmentally protected areas.\nAdding lands to the Greenbelt while taking some away undermines the whole concept of the Greenbelt as a protected area and sets a dangerous precedent.\nThis government has repeatedly demonstrated its anti-environmental zeal by wasting taxpayers money on frivolous lawsuits against the federal government and is now using the smokescreen of the affordable housing crisis to further its agenda of degrading our environment for future generations.\nThis attack on the Greenbelt, and related measures such as restricting municipalities\u2019 ability to charge development fees -- as well as further encouraging sprawl with the proposed Highway 413 -- is ultimately an attack on the taxpayers of Ontario. The only people guaranteed to benefit are a few rich developers.\nThese policies add to the shameful legacy of Conservative governments in Ontario over the past several decades (Ipperwash, Walkerton, the 407 privatization). The Doug Ford regime -- supported by only 18% of Ontario voters -- is on track to surpass the lasting damage inflicted by Mike Harris. Subverting the democratic process in the middle of a municipal election; irresponsibly cutting taxes and capping nurses\u2019 wages, thus putting our health-care system in peril; forgoing millions in licence sticker revenue in an attempt to bribe car drivers just before a provincial election; flagrant abuse of the Notwithstanding Clause. And now this.\nThere hasn\u2019t been a Conservative worthy to be premier of this province since Bill Davis. Shame on you, Doug Ford, and all your colleagues. May you fall to a devastating defeat in the next election.\n"
    },
    "78049": {
        "url": "/comment/78049",
        "comment": "Premier Ford must keep his promise and repeal this proposal to remove these lands from the Greenbelt.\nThere is plenty of land within existing designated settlement areas.\nThis proposal would not create more affordable housing.\nThis proposal only seems to benefit developers, many of which just happen to be past donors to the Progressive Conservative Party, candidates and riding associations; thereby creating a clear conflict of interest.\n"
    },
    "78050": {
        "url": "/comment/78050",
        "comment": "To whom it may concern,\nI strongly oppose this policy change and its implications for the Ontario Greenbelt. As a Millenial who has been unable to afford a home, I agree there is a housing crisis in Ontario. But removing land from the Greenbelt is not the solution. The land being removed from the Greenbelt includes ecologically sensitive wetlands - not only do these areas play an important role in flood prevention, once they are gone they cannot be replaced. Moreover, the proposed land substitution is not equivalent to the land that is being lost. Much of the proposed substitution areas (the Urban River Valleys, for example) are already protected by municipal designations, and as such, this bill represents a lose-lose situation: the Greenbelt loses ecologically sensitive land, and there is not a net increase in protected areas. Moreover, the proposed additions cover only a small fraction of the Paris Galt Moraine area, and do not sufficiently cover this watershed to provide true protection.\nProtecting land in the Greenbelt is fundamental to preserving threatened ecosystems, endangered species, and ensuring there is enough agricultural land to support the population of Ontario with local food. I strongly urge you not to pass this bill, and to find other solutions to Ontario's housing problems.\nThank you for your time.\n"
    },
    "78051": {
        "url": "/comment/78051",
        "comment": "Doug Ford does not have a mandate to sell off our protected prime agricultural land and drinking water recharge areas, these are legacies for our children.His political cronies can sit on their expensive green belt land forever,Ontarians do not have to guarantee their profit.The green belt is a model for cities around the world. As Ont.population continues to grow urban sprawl is not the answer.Increased density is a better answer.\n"
    },
    "78055": {
        "url": "/comment/78055",
        "comment": "This proposed amendment would cause massive disruptions to the current ecosystem, not to mention, the amount of empty housing/large structures that currently exist in Ontario which could be used instead of cutting back green-belts for more development projects.\nBy going back on his promise to not touch the greenbelt, Doug Ford is showing once again that his primary focus as Premier is to make money and not to the citizens of Ontario. There is a limited amount of green-space on Turtle Island and it cannot be easily replaced/re-greened as it were once it has been developed without a large amount of waste and even more disruption to an already at-risk ecosystem.\nWe need to maintain the commitment to use our space instead of cutting into protected spaces to grow the economy/work etc.\nLosing more green-space near the concrete city is NOT an option, nor should it even be a consideration.\n"
    },
    "78056": {
        "url": "/comment/78056",
        "comment": "Serious question:  Are you people crazy?\nPlease keep in mind that a \"home\" isn't defined as a \"house\".\n1.  We don't need to be building more HOUSES, with a growing population, we need to increase DENSITY.  More apartments, more condominiums, more density is how you approach this.  It is NOT done by ploughing over environmentally protected land!\n2.  There is a TON of land OUTSIDE of the Greenbelt that can accommodate building homes.  They're literally putting up a new building right across the street from me... at Finch and Pharmacy Avenues in Toronto!  Just in Toronto alone there is plenty of space to build additional homes.\nStop lining the pockets of builders and plan our province properly!!!  If this goes though, you can count on me NEVER voting Conservative ever again!\n"
    },
    "78057": {
        "url": "/comment/78057",
        "comment": "I am registering my opposition to the proposals to open the greenbelt to housing.  My reasoning follows:\nNeed has not been justified:\nThe need has not been demonstrated for lands to be opened in the greenbelt for housing. The government is ignoring its own commissioned report of the Ontario Housing Affordability Task Force who stated that: \u201ca shortage of land isn\u2019t the cause of the problem. Land is available, both inside the existing built-up areas and on undeveloped land outside greenbelts.\u201d\nThere are lands within existing urban boundaries that can be intensified or redesignated; there are designated greenfield lands already defined and in progress. In their 2018 report MGP notes that there was still just over 50% (22,700 ha) of the designated greenfield lands vacant in addition to another 42200 ha in the whitebelt, totalling approximately 65,000 ha of land.  While all this land is not developable, at between 30-200 u/ha between 1.9 \u2013 12 million homes could be built which more than exceeds the provincial targets.\nNo criteria for selection:\nThe province have not provided any criteria for determining the rational behind the parcels being recommended for removal. The ability to provide housing could be applied anywhere in the greenbelt \u2013 exactly why it was created in the first place.  Any contemplation of removing lands from the greenbelt should be subject to a thorough and transparent evaluation and using criteria established by experts, not developers\u2019 desires and quid pro quos.\nGreenbelt lands as a system:\nMany of the parcels proposed to be removed are not proximate to other developments (e.g. Map 4) and many are within the natural heritage system boundaries.  Impacts from land use change are not confined to the boundaries of the development. Access points, light, noise, human interaction with the remaining natural system, storm water drainage etc., all have the potential to intrude into retained lands and further degrade the greenbelt.\nThe greenbelt is a system that ensures clean and abundant drinking water, cleans our air, assists in flood management, provides linkages for wildlife, plants and people, and \u2013 this can not be replaced by infrastructure or only at significantly higher costs.\nThe greenbelt is an opportunity:\nDevelopment interests see the greenbelt as a barrier to growth but we should see it as supporting our growth and make our communities livable, successful and climate resilient.  If we stop seeing it as a barrier and start accepting it as a vital part of the ecosystem there are wonderful opportunities to invest in nature based recreational opportunities. Lands can be acquired for recreational purposes that cannot be accommodated within the growth plan area.  With proposed reductions to parkland dedication and denser growth, people need a place to recreate, and that was abundantly clear during the pandemic.  Between July 2020 and august 2021 3.7 million people travelled to a greenbelt destination.  Visitation to conservation areas increased up to 200%.\nA recent study by Green Infrastructure Ontario funded by the Greenbelt foundation looked at the availability of large parks (> 20 ha because they usually provide a greater nature experience and offer longer exercise options) now and into the future with population growth projected in the Greater Golden Horseshoe. They found that the current supply is 8.5 ha/1000 people and without additional investment over that planned, that number will drops significantly to 6.1 ha/1000.  To keep that number steady \u2013 and many would say it is still not enough \u2013 we need to add 32000 ha of large parkland over the next 30 years.  The greenbelt is part of the support system of the GGH.\nSuspicious locations:\nMany of the parcels appear to be in the middle of nowhere and within the boundaries of the natural heritage system.  Mapping that was provided with the posting makes it very difficult to determine what features might be impacted or what land uses may be proposed around the location.\nWith proposed changes to wetland evaluations and compensation, such intrusions suggest houses over floodplains and habitat. This has not been an expectation in Ontario for decades.  It is certainly not the expectation for the greenbelt.\nPrecedent setting:\nOnce opened, the precedent has been set for future cases to be made such that the initial purpose behind the greenbelt becomes.  As no criteria we used or disclosed that supported the selection of these properties it will be very difficult to stem to tide of future requests.\nBuild on lands that have greater readiness:\nDevelopers must show significant progress on approvals and implementation by the end of 2023 with construction started by 2025.  What constitutes significant progress?  Why would the province prioritize greenbelt parcels over building opportunities within the areas already designated for growth and servicing \u2013 where housing should be achievable more quickly and connected to transportation corridors? If speed is truly an objective of the province, prioritize lands that have servicing and some level of planning designations.\nTrading lands:\nThe province has proposed opening 7400 ha of lands in the greenbelt over 15 parcels and add back about 7000 ha, mostly in the Town of Erin.   While adding the Paris-Galt Moraine had been part of previous consultations on the greenbelt, the province had made the decision not to add them.  The decision to add this 7,000-acre area into the Greenbelt makes little scientific sense as it only partially covers the Paris Galt Moraine.  The hasty decision to add these lands, and without municipal consultation will cause new upheaval, whereas the lands being removed from the greenbelt have been so designated for 17 years where landowners have both certainty and expectations have been set.\nThe proposal to add 2400 ha of urban river valleys is a nice gesture and recognition of their connection between Lake Ontario and the Greenbelt but functionally they were never lands that would have been built on as they are associated with the major river systems along the north shore of the GTHA and have major constraints with floodplains and valley slopes.  These cannot be counted as part of any land swap.\n"
    }
}