{
    "74426": {
        "url": "/comment/74426",
        "comment": "Do not change the greenbelt.\nIt is quite clear these proposed changes are to line the pockets of your political donors mainly the De Gasperis family and the changes are not, as you claim, to fix the housing crisis. If you were actually doing something about the housing, you'd be building affordable rental housing.\n"
    },
    "74430": {
        "url": "/comment/74430",
        "comment": "I\u2019m writing to you today in support of the Greenbelt, Conservation Authorities and Ontario\u2019s wetlands, woodlands and other natural areas.\nI am writing to state my opposition to the proposal to remove 7,400 acres of land from the Greenbelt, which was revealed on November 04.\nThe proposal claims that the lands removed will be \"replaced\" by adding land to the Greenbelt.  However, much of the land that will supposedly be added is already protected.  And, even if it weren\u2019t already protected, the very possibility of \"swapping out\" the plots of land targeted for development destroys the permanence and certainty required for any part of the Greenbelt to function properly.\nBy permanently setting aside land for farming and natural heritage, the Greenbelt protects land from the intense speculation and development pressure in Southern Ontario. Without this permanent protection, agricultural land would quickly become completely unaffordable to farmers. Even raising the possibility of removing any land from the Greenbelt will create a speculative rush and intense development pressure on all the lands currently within the Greenbelt.\nCurrently, there is a vast supply of unused greenfield land already open for development within existing municipal boundaries (350 square kilometers as of 2019) and the current round of Official Plans awaiting approval will add 42,000 additional hectares of non-Greenbelt land to that vast stockpile.\nGiven that we have an extreme shortage of homes in existing neighborhoods, and a long term shortage of materials, equipment and skilled labour, squandering our resources on resource -intensive Greenbelt sprawl will mean fewer homes in the places where they're desperately needed.\nProposed policy to allow destruction of currently protected wetlands and woodlands, and changes to the rules that are used to identify wetlands, will cause the majority of these rare and ecologically crucial areas to be opened to development.\nLet's conserve our nature intelligently, not conserve the right to violate it!\n"
    },
    "74431": {
        "url": "/comment/74431",
        "comment": "I understand the desperate need for Ontario to increase housing supply and address the current housing crisis. As someone in my late 20s, the prospect of being able to purchase property or even afford my rent is incredibly daunting. That being said, continuing Ontario's foolish plan of endless, sprawling growth to address this crisis is not a sustainable or logical solution.\nMore endless suburbs disconnected from anything, forcing increased dependence on cars is objectively bad for the environment, particularly when being built into currently protected lands, and it is fiscally irresponsible. Endless sprawl with full expenses including roads, sewage, water, hydro etc. is not sustainable. The cost for cities to maintain the low density housing of the suburbs costs more than it brings in. Continuing along this path in Ontario's development will eventually lead to the fiscal insolvency.\nIn addition, to the environmental and fiscal ramifications, there are also personal considerations. Many people (myself included), don't want to live in car dependent suburban sprawl. But the way houses are currently built in Ontario, that is basically the only option apart from living in a condo in the downtown core of a city. Mixed use development with a range of housing types, e.g., multiplexes, low rise apartment buildings, and combining housing with retail and commercial businesses while providing walk-able/transit/bike-able alternatives to car dependency will provide more enjoyable places to live which are more economically profitable for municipalities with a smaller environmental impact than continued suburban sprawl.\nWe need more housing. Developing the greenbelt is not the way to do it.\n"
    },
    "74436": {
        "url": "/comment/74436",
        "comment": "Dreadful idea that will negatively impact future generations. Destruction of habitat for at-risk species, erasure of clean water sources, and putting families in harms way by developing flood plains should never be allowed.\nThere should be a full investigation into why this was allowed and who pushed for it within the Tory caucus, especially given the context that millions of dollars worth of land was purchased by OPC-affiliated construction companies just weeks before Bill 23 was proposed.\n"
    },
    "74445": {
        "url": "/comment/74445",
        "comment": "Removing any conservation lands in this day in age is absolutely unacceptable! This is merely a politician's excuse for addressing the housing crisis. We can not ignore that there is also a global environmental crisis! Affordable housing needs to be built for those who do not have access to shelter or are literally living paycheck to paycheck. Ontario has just increased the minimum wage to 15.50 this Oct. 2022. This is not a living wage!\nWhere will all of the current species in the greenbelt live after the development?!\nWhat will the rent cost? Will it be accessible to those who have a low income?\nThis plan is not a solution but a money-making scheme for our \"Premiere\" and his \"Business\" friends This will not help Ontarians!\n"
    },
    "74451": {
        "url": "/comment/74451",
        "comment": "There should be a Federal or separate unbiased committee investigation into the collaboration between the premier of Ontario and developers who bought Ontario\u2019s protected Greenbelt prior to the provincial election of 2018. No developer pays out $80 million for protected land unless they are assured of a change in the laws that would allow them to build after the 2018 election in Ontario.\nThe premier would have to have something to gain by changing the laws after the election in favor of developers. This investigation needs to occur so it can determine if campaign funds in the form of bribes and kickbacks were promised by developers to the premier to favor a change in laws protecting all of the greenbelt that is involved.\nWe already have clear evidence that the premier lied when he stated prior to the 2018 election that Ontario greenbelt land would not be developed. We have on record a recording in 2018 of Doug Ford telling a private audience he would \u201copen a big chunk\u201d of the protected area should he become premier. The public has been misled by Doug Ford into believing this land would not be built upon. A meeting that should have not been secretive, but open to the taxpayers of Ontario so Doug Ford would be forced to answer to them. A premier is accountable to the citizens of the province of Ontario, NOT DEVELOPERS.\nDoug Ford has demonstrated through these actions that he has no credibility. These are all telltale signs indicative of government corruption and fraud (wrongful or criminal deception intended to result in financial or personal gain), and zero credibility. For these reasons, A FEDERAL or SEPARATE UNBIASED COMMITTEE INVESTIGATION MUST OCCUR NOW BEFORE ANY PROTECTED GREENBELT LAND IS TOUCHED.\n"
    },
    "74453": {
        "url": "/comment/74453",
        "comment": "Please do not approve Bill 23.  This is not the way to build homes faster as it will come at the expense of the earth and the safety of Ontarians.  Instead, look to the existing resources that have been used to construct the many commercial buildings that are not fully utilized or vacant as a result of the pandemic and more people working from home. Do not waste more resources to build housing that then requires more highways to get to thus furthering the damage to our environment and contributing, instead of mitigating, to climate change.  The regulations that this proposed Bill will remove is absolutely dangerous and creates a worrisome future for our children.\n"
    },
    "74454": {
        "url": "/comment/74454",
        "comment": "I am writing this to let you know that I am appalled by Bill 23.  Wetlands will be destroyed, precious creatures will be gone and won't come back.  Let's build up, not out, please, and not in areas that are so crucial to so many living things, including humans.  Find another way to make homes for people.\nI cannot express my anger and despair about this awful bill enough.\nPlease stop.\n"
    },
    "74455": {
        "url": "/comment/74455",
        "comment": "It is an outrage that Doug Ford thinks that opening up the Greenbelt to development is a viable solution to solving the housing problem.  He was not elected to do this.  In fact, part of what he ran on was a promise to NOT open up the Greenbelt.  His flip-flop on this issue is especially disturbing given the fact that much of this land is owned by developers who have contributed to the PC party and have been lobbying for changes that will allow them to develop this land.  In fact, it would appear that this idea has come from the developers (Ford has been shown on video saying as much).  There are lots of areas surrounding the Greenbelt which could be developed by increasing density with both high rise and low rise apartments.  This will have a huge, detrimental effect on our environment and it is a shame that the government is placing the concerns of their developer friends above that of the province at large.\n"
    },
    "74464": {
        "url": "/comment/74464",
        "comment": "Stop the development on the Greenbelt.\nWe  red to protect as much as possible the remaining natural spaces we have left.\nThe vision the CPC has for the province is very shortsighted and benefits only a few.\nThe Majority of Ontarian's are looking for more than just a house.\nWe are looking for a holistic approach in policies - We are looking for community.   For amazing public education and public healthcare systems. For policies that protect our environment. We only have one earth we call call home - We need to protect it\u2019s fragile processes.\nThe policies that the current CPC\u2019s government have implemented have eroded these sacred systems.  The green spaces the CPCs wish to build on took aeons to create. The rich fragile soil created through incredible processes would cost trillions for humans to engineer, if they even could- Meaning, these soils are invaluable. The ecological systems in these spaces are invaluable.\nWe don\u2019t just want houses developed. We want healthy happy thriving caring inclusive communities. This is more then just a house - its a safe caring place to call home.\nWhen we have all those intact, we create a supportive space for innovation and one that fosters growth. Where everyone is able to reach their full potential - not just a privileged few.\n"
    },
    "74465": {
        "url": "/comment/74465",
        "comment": "I am horrified at the proposed amendments to Greenbelt.  We are in a climate crisis and reducing our flood mitigation lands is short sighted and dangerous.\nThere is no need to create more urban sprawl especially when there is development opportunity elsewhere that wont be as harmful to the environment and will be less expense for municipalities.  Suburbs cost twice as much to service!  Where is the conservative government of fiscal responsibility - taxes will absolutely go up as a result of this move.\n"
    },
    "74470": {
        "url": "/comment/74470",
        "comment": "In a time, where we know the long term ramifications of environmental destruction, this PC Government  is doing everything opposite.\nRather than building cities upwards, you're going further and further. Who would have thought the Saudi Arabians who made their wealth in dirty oil can build a 1KM wide city, is far more innovative than the old wounded dogs at Queens Park. You need to go. For the sake of humanity, for the sake of Ontario.\nThe citizens of Ontario will not fund  your \"Tax Cuts\" to the developers. Pay by cutting Queen's Park Wages!\n"
    },
    "74472": {
        "url": "/comment/74472",
        "comment": "These proposed amendments would be exceedingly damaging to the integrity of the Greenbelt and could jeopardize the future of Ontario\u2019s food security. They broadcast that land within the Greenbelt is only temporarily protected and that any future savvy real estate development company would be wise to invest in what is supposed to be farmland with the hopes that the provincial government would again decide to redraw the Belt\u2019s borders. This would lead to farmers being priced out of land that is supposed to be reserved for farmers to assist their contributions to Ontario\u2019s food security. In addition, the solution to the housing crisis cannot be to build single family houses at the far reaches of our urban centers that will surely cost more money because they are Greenbelt adjacent, since they are on land that is currently within the greenbelt. Even so, experts like Professor Matti Siemiatycki at the University of Toronto tell us that there is already space in Ontario reserved for development enough to build at least 50,000 houses. Ontario already has major biodiversity loss due to land conversion and protected spaces are one of the only effective solutions to this major problem. That said, the proposed expansion to the Greenbelt should be the only part of this amendment that is implemented. There are already two separate Change dot org petitions approaching 2,500 signatures each and dozens of provincewide protests opposing this proposal. The NDP has also called for an investigation into Greenbelt land sales.\n"
    },
    "74473": {
        "url": "/comment/74473",
        "comment": "When given the choice between preserving the Greenbelt or handing a huge Christmas present to developers,  the choice should be clear. We have a finite supply of good farmland, and paving it over threatens our food security.\nThen, there's the natural aquifers and wetlands that help keep our environment strong. This land grab, and doubtless others that will follow, threatens those priceless resources.\nInstead of mindlessly sprawling out into these protected areas, why not increase housing supply by building up in already developed areas? That keeps people closer to their jobs, cutting down on commuting, and maintains livable urban centres.\nThis is, plain and simple, a short-term land grab with long-term negative consequences. Do better.\nJanice Lundy\n"
    },
    "74477": {
        "url": "/comment/74477",
        "comment": "I oppose Bill 23 on the basis of its environmental impact, and because it reduces the checks and balances provided by municipalities and environmental groups.\nI appreciate that the process to build requires streamlining and that more affordable homes need to be made available. This should not be done by reducing municipal input and environmental protection.\nHow does this plan ensure that the people who require affordable homes actually benefit? Who defines affordability? Is it a home that is affordable if you\u2019re working 40 hours per week at a minimum wage job? The \u2018rising cost of groceries\u2019 has led to record profits by major grocery chains; what are the checks and balances to ensure that developers do not also achieve record profits at the expense of the environment and current residents of Ontario? Or that the wealthy do not buy up more properties that they then rent out? How does this plan support the National Housing Strategy?\nMy understanding is the First Nations Leaders are opposed to this act, and were also not consulted before it was made public. In this time of Truth and Reconciliation, this is unacceptable.\nWho is responsible for comparing the environmental impact of shifting the protected lands from the current greenbelt to the Paris-Galt Moraine area? Will those results be shared?\nDoes it not make sense to build in the areas that are not currently under environmental protection? Use properties already designated as residential, mixed use lands and create hubs (as opposed to urban sprawl) to achieve housing goals.\nIn the interest of transparency, have any of the developers that currently own property protected by the Greenbelt made donations to support the Conservative party?\nIn summary, I oppose Bill 23 for its irreparable harm to currently protected lands, and for its reduction of municipal and environmental controls.\n"
    }
}