{
    "78181": {
        "url": "/comment/78181",
        "comment": "I am completely opposed to developing the green belt and Bill 23. Being outwardly lied to by an elected leader is beyond hurtful. Doug Ford made a promise to protect the green belt land (the very little fertile land that Ontario has) and he needs to uphold his word. He was elected on a promise and that is what people believed he would do, not trick Ontarions into believing a sham. Do the right thing for once. Thank you.\n"
    },
    "78185": {
        "url": "/comment/78185",
        "comment": "While the idea of building more homes is great, it should not be at the expense of the green space and forest that is reserved for the very purpose of green space!\nConcrete jungles do not help with climate change but green spaces like the green belt do! They not only help preserve trees (many of which are endangered species) but also allow animals and birds to flourish.\nBetter invest in high speed public transport so people can get to where they need to without having to create and living in a concrete jungle.\n"
    },
    "78186": {
        "url": "/comment/78186",
        "comment": "To whom this may concern,\nAfter much research both in an academic and a community setting, I strongly believe that the construction of highway 13 would be extremely detrimental to wildlife and local ecosystems and to the health of surrounding populations. While I recognize that this project offers opportunities for economic growth and job creation, these benefits do not in any way outway the consequences. Although this is being proposed as a response to the housing crisis, there is little to no evidence showing that the residences built as part of this project will actually be available to low-income Canadians. Further, the fact that the highway would cut through valuable agricultural lands, which currently provide a large portion of Ontario's food supply, could significantly affect the price of food, which is already at an all-time high. As a \"program,\" this project would do an outstandingly bad job at completing its goals and could use an entire reworking, which should take into account the opinions of those affected by it.\nThank you for your consideration.\n"
    },
    "78188": {
        "url": "/comment/78188",
        "comment": "This government campaigned on a promise to leave Ontario\u2019s green belt untouched. Instead of focusing on utilizing already-developed land in an efficient way by incentivizing infill and density, public transit, and the types of public infrastructure that are so prevalent in European communities and so sorely missing in most of ours, this government is committing to multiple destructive paths that reward donors and double-down on historic urban planning that we know is no longer working. We need arable land close to our already existing communities. We need forests to filter out the smog of pollution caused by our sprawling (and expanding thanks to this government) network of highways. What we do not need is more urban sprawl, filled with McMansions with limited green space, extraordinarily immature and drastically reduced tree canopies and even more cars on the road.\nI urge you strongly to reconsider this plan and to instead focus on the kinds of urban planning decisions that are forward-looking even if they are more challenging.\n"
    },
    "78192": {
        "url": "/comment/78192",
        "comment": "Developing into the greenbelt will weaken Ontario and Canada by irreversibly destroying farmland and important natural spaces. As food production becomes increasingly strained in North America due to drought and high water usage, we will want every inch of arable land we have.\nMoreover, sprawl is expensive to deliver services to and maintain infrastructure for. It will increase municipal shortfalls government debt for future generations.\nThe primary focus of all housing development should be high density urban infill. The municipalities know this, but the provincial government has overridden them in the favour of developers having lower costs.\nThere needs to be co-ordination from the Federal government due to their high per capita immigration targets around 500k/y, to make sure both current residents and new immigrants can thrive in Ontario.\n"
    },
    "78194": {
        "url": "/comment/78194",
        "comment": "The greenbelt serves many purposes; reducing it to develop more car-dependent neighbourhoods is incredibly short-sighted.\nIt provides habitat, farmland to support the population, protection for water sources, recreational opportunities.. the list goes on.\nWith a changing climate and increasing population, it's more important than ever to preserve the greenbelt.\n"
    },
    "78195": {
        "url": "/comment/78195",
        "comment": "The GTA Greenbelt and the Greenbelt in Ottawa are treasured areas for most Ontarians. If governments and public health officials REALLY care about the physical and mental health of Ontarians, they would expand green space areas instead of reducing them.\nIn Ottawa 40 acres of the Central Experimental Farm and 10 acres occupied by the adjoining park (Queen Juliana Park) were given to the Ottawa Hospital to build the new Civic Hospital campus. 700+ trees which have national historic significance and are of great value to the natural environment (eg clean the air, provide much-needed shade and promote biodiversity) will be cut down. This is shameful and a public inquiry should look into how this was allowed to happen.\n"
    },
    "78198": {
        "url": "/comment/78198",
        "comment": "Bad idea. Development Charges have been set for municipalities like London. This act will have existing residential homeowners paying for new growth. Growth should pay for growth. That is what Development Charges are supposed to do. So change the Development Charges Act too.\nShould NOT reduce role of Conversation Authorities especially in river communities like London or we\u2019ll have to pay for flooding properties in the future.\nThis is a bad bad plan.\n"
    },
    "78199": {
        "url": "/comment/78199",
        "comment": "It is ABSOLUTELY OUTRAGEOUS that the Ford government is attempting to build on environmentally protected lands under the guise of helping citizens\nThere are thousands of acres of land that isn\u2019t protected- I mean what about all that land he wants to swap for the protected lands- available.\nNo consultation, going back on election promises, zero plans for the creation of affordable housing, zero monies for municipalities to manage utilities and needed infrastructure and absolute power for his development buddies to profiteer at the expense of the health and well-being off the environment.\nIt is criminal and Ford should be thrown out of office for his atrocities.\nPROTECT THE GREENBELT!!!!!\n"
    },
    "78200": {
        "url": "/comment/78200",
        "comment": "Leave our Greenbelt alone. Shady deal with wealthy donors who supported your campaign DF, won't solve housing shortage for people who really need housing, will increase our municipal taxes thanks to your offloading. Stop privatizing our education, health care and environment!   Premier misled voters with his statement that he wouldn't touch the Greenbelt. Now your govt wants to gut Conservation Authorities and pave over sensitive wetlands.\nIs this what the Cons stand for?? Who exactly are you representing?\n"
    },
    "78201": {
        "url": "/comment/78201",
        "comment": "This proposal is shortsighted and will negatively affect future generations of Ontarians by permitting developers to avoid rules designed to protect the environment on which human life depends. The result will not only be environmental degradation and exacerbated health problems, however. First, a sick workforce means an ailing economy--something we learned already during the pandemic. And second, overburdened health care systems mean older generations (which include the politicians and developers pushing this misguided proposal) will also suffer. In short, this disastrous proposal benefits literally no future Ontarians, and benefits only a minority of Ontarians in the present, who themselves will eventually suffer for the above reasons anyway. It's foolish and should be stopped.\n"
    },
    "78202": {
        "url": "/comment/78202",
        "comment": "Without regulation it is likely that this development area will turn into another area of low density, million dollar homes which do not help the average Ontarien in anyway. While encouraging development is important, doing so to make your friends a couple bucks and not help the average person simply accomplishes nothing. I don\u2019t see how this helps overall with 0 regulation.\n"
    },
    "78203": {
        "url": "/comment/78203",
        "comment": "This is the absolute worst thing you could do to our province! Do not sell out our natural spaces for the profit of a few greedy developers! There are so many other ways to tackle housing that doesn't include decimating our forests, wetlands and habitats for native species.\nI live in farm country, and our land is protected by our municipal plan. If you're willing to overturn the plan for the city of Hamilton, who's to say you won't start eyeing up our area of the province and start taking away our farmland for the sake of building homes and more wealth for your developer friends? When greenspace and farmland is gone, it's gone forever. What will our children do? What will we do for income?\nWhy not look at housing models un Europe? They have finite space and have learned how to house their people without sprawl.\nPlease stop this foolishness. You must have some shred of decency to see that this is wrong!\n"
    },
    "78205": {
        "url": "/comment/78205",
        "comment": "Please save our green spaces for our children's future.\nToo much progress and removal of green spaces impact climate change and effect how our children will experience this planet.\nDestruction of nature at the expense of progress does not have a good outcome for our future.\nPlease, save our green spaces.\n"
    },
    "78208": {
        "url": "/comment/78208",
        "comment": "Because this bill breaks a fundamental and public promise that Ford made to leave the Greenbelt intact, there should be an election before the Greenbelt is opened to development so that Ontarians can have their say.\nThe fact that developers with ties to the Ontario PCs purchased Greenbelt land that is now slated for development after Ford was elected looks suspicious. Removing land from the Greenbelt needs to be put on hold while an investigation into insider information and corruption is conducted.\nThere is no need to open the Greenbelt to development, according to the Ontario Housing Affordability Task Force of February 2022 report which states, \" a shortage of land isn\u2019t the cause of the problem. Land is available, both inside the existing built-up areas and on undeveloped land outside greenbelts.\" Further, the type of housing that is planned for these areas will not address the housing shortage because the plan is to build high end, expensive homes far away from transit and services.\nBill 23 removes vital farmland from the Greenbelt, exposing Ontario to food insecurity. It also removes sensitive environmental land, removing habitat and exposing existing structures to flooding as headwaters and watercourses are damaged by development. Bill 23 undermines to ability of Conservation Authorities to protect waterways and sensitive areas and to prevent floods. We need Conservation Authorities to ensure that we live safely near waterways and avoid flooding.\nBill 23 passes the cost of development to citizens and allows developers to make even higher profits. In Markham where I live, the City estimates that property taxes could increase by 80% if we paid for the increases by property taxes alone. But even if we don't cover it all with taxes, it will result in reduced services and infrastructure for our city.\nBill 23 sets a dangerous precedent -- if developers are allowed to develop a part of the Greenbelt, it opens the way for other developers to challenge the protection of other Greenbelt land.\nIt doesn't matter if more land is added. A major part of the idea of a Greenbelt is that it provides continuous green space for waterways and animals to move naturally through an area. Developing parts of this reduces the effectiveness of the entire Greenbelt.\nI am opposed to the proposal to open the Greenbelt to development for all of these reasons. This bill, even though it is now passed, must be shelved and a new plan developed that respects the Greenbelt, benefits the people of Ontario instead of a small group of donors to the PC party, and preserves the environmental protections that we need for our province.\n"
    }
}