{
    "65868": {
        "url": "/comment/65868",
        "comment": "Protected land is protected for a reason\nThe areas do not have the same features or habitats or environmental implications to be swapped\nOne area cannot be compromised because you bring in a different area.  They are not equal\nYou want to develop all this land to the detriment of existing ecosystems without worrying about impacts\nWe know the EPA has been gutted and every time an environmental assessment is done that the government does not agree with \u2026 they scrap it and write one more favorable\nPave over your cottage and see how that goes\n"
    },
    "65869": {
        "url": "/comment/65869",
        "comment": "The green belt is a beautiful thing our province has and it should be left alone FOREVER.\nWe do not need to develop on this land and I\u2019m honestly disgusted that its even being suggested.\nSomeday there will be no lands left if all we do is concentrate on building more and covering up with concrete.\n"
    },
    "65870": {
        "url": "/comment/65870",
        "comment": "Doug Ford has been saying for years that he would not be touching the green belt because he cares about the people and he listens to what they say, why is he now choosing to do so now? I am infuriated, the people are not pleased that he has been going against his word and consistently working against the people and in the benefit of himself. If this action is allowed people will be preventing it and protesting it and causing a huge problem for yourselves and everyone else.\n"
    },
    "65873": {
        "url": "/comment/65873",
        "comment": "In 2018 Doug Ford publicly announced he would not touch the Greenbelt after voters voiced their displeasure. What has changed now? Nothing yet we are back to considering demolishing a key part of our environment and ecosystem.\nHaving fertile land such as the Greenbelt is incredibly important, especially as we face an ever worsening climate crisis. We cannot \"add land\" elsewhere, there is no comparison to the benefits the greenbelt plays.\nWe should not be playing into the hands of developers who will make a buck off the destruction of the e environment. The cost of this will be billed to the residents, for example when they live in a flood plain and it floods due to increasing rains and weather disturbances. The developer doesn't pay for flood insurance, the homeowner does.\nWe don't need more sprawl that will only be serviced by cars. We should welcome immigration but not at the expense of the environment. This government is blaming immigrants for this. Why not promote density in our existing neighbourhoods in cities. Build sustainable dense housing for young adults and families. Attacking the greenbelt solves none of this. All we're doing is killing animals and biodiversity. Many young people who are our growing population would live in a city that supports growth of families, adequate open space and good transit.\nIn these times we should be growing the greenbelt with sustainable initiatives. We should not be destroying more land to make up for past mistakes, rather focusing on targeted issues that address the housing needs met in cities with realistic solutions. Solutions that will allow Ontario to continue to maintain its farmland and biodiversity for decades to come. It's disgusting that the government turns its back on the wishes of the population for a few kickbacks of developers that don't care about the people nor the environment, but the bottom line.\n"
    },
    "65877": {
        "url": "/comment/65877",
        "comment": "Please do not do this. The safety of our wildlife and environment is more important than a highway that offers few, if any, benefits. This is not okay and this is not what the people want. Ford promised he would not do this. Do what\u2019s best for the future of our environment and wildlife instead of what\u2019s best for generating more money in your pockets. Short term gains will never out weigh the long term consequences of developing over the conservation. Conserve and protect our environment. Please\n"
    },
    "65879": {
        "url": "/comment/65879",
        "comment": "Hi Mr Ford,\nI do not agree with your amendments to the green belt.\nYour government has previously unprotected many lakes and lands.\nPlease seriously take a look at your federal buildings that aren\u2019t being used or properly used.\nMany federal employees are now working from home and no longer need to go into their office, thus smaller offices/uses are needed.\nThese could be developed for low income housing that you have promised.\nI am watching this very carefully and will not vote conservative again if you put this through.\nThank you\n"
    },
    "65881": {
        "url": "/comment/65881",
        "comment": "The expansion of the green belt is unnecessary and harmful. The home built here will not help the population that is in desperate need of affordable housing. Urban  sprawl contributes to more cars on the roads and increased pollution.\nThe only people that will benefit will be the rich developers that also coincidentally own and benefit from the proposed highway which is also detrimental and unnecessary\nPlease stop this development as it is easier to help the protected land and wildlife than it is to attempt to restore something after it has been decimated\n"
    },
    "65882": {
        "url": "/comment/65882",
        "comment": "If you want to address the housing crises stop letting landlords own an abundance of homes they don\u2019t even live near so they can rent them out for profit. Cafeteria rules, everyone should have 1 before others have seconds. The greenbelt is a big factor of Ontario\u2019s economic growth and should not be meddled with we have built enough highways the 413 is only going to save commuters 30-60 per trip it\u2019s genuinely useless there is no point for it at all!\n"
    },
    "65883": {
        "url": "/comment/65883",
        "comment": "Please do not do this. The safety of our wildlife and environment is more important than a highway that offers few, if any, benefits. This is not okay and this is not what the people want. Ford promised he would not do this. Do what\u2019s best for the future of our environment and wildlife instead of what\u2019s best for generating more money in your pockets. Short term gains will never out weigh the long term consequences of developing over the conservation. Conserve and protect our environment. Please\n"
    },
    "65885": {
        "url": "/comment/65885",
        "comment": "Ontario needs high density, low income housing immediately. Employers and the workforce at large are moving away from the need to hold major real estate space in cities - we must repurpose these buildings. Ontario must protect the environment and wildlife within the Greenbelt at all costs. Do not allow city expansion into the greenbelt.\n"
    },
    "65886": {
        "url": "/comment/65886",
        "comment": "This is not acceptable. The green belt needs to remain as is without unnecessary over priced housing and retail buildings. Further, we do not need another highway that will not be any real benefit to anyone. Ford claimed he wouldn't touch the green belt, now he is. That's not right and his reasons are not right.\n"
    },
    "65889": {
        "url": "/comment/65889",
        "comment": "I do not support this proposal. The green belt must remain untouched, the environment matters more than the pockets of companies. It's our future and it must stay untouched.\nIf Doug Ford actually cares about Ontario, he needs to keep his promise to not touch the Greenbelt. If he moves forward with this project, he must step down as he's clearly forgotten what his job is: taking care of our province.\nThere are other areas that can be worked on, the Greenbelt must remain untouched. This is not something the population wants, therefore the government should listen and not move forward with this ridiculous proposal.\n"
    }
}