{
    "64276": {
        "url": "/comment/64276",
        "comment": "I do not support development in the Greenbelt. Land set aside to remain free from development should remain free from development. The government should honor those agreements. Those spaces are priceless for the people of Ontario and should remain wild. Any use of those spaces by developers makes me concerned this government is selling development rights to people associated with current politicians. Building on land earmarked for remaining free of development sets precedent that will make it impossible to save the green belt.\nLeave the green belt alone.\n"
    },
    "64277": {
        "url": "/comment/64277",
        "comment": "Urban sprawl is not the answer - improving zoning for medium density housing is. Create more multiplexes, low rise apartment and condo buildings, and improve transit accessibility. The Greenbelt has important environmental and ecological value and should not be developed for single family housing that will remain unaffordable for the majority.\n"
    },
    "64279": {
        "url": "/comment/64279",
        "comment": "I am not in favour of this proposal at all. This has really been an extreme back-tracking from the Ford Government. Before the election last year, he said his government would not touch the greenbelt, and now it seems he has hoped we all forgot about that. I am really ashamed this behaviour - particularly this coupled with how CUPE was handled.\nWe need more housing, but not here. Instead we need laws that will compel municipalities to build with increased density and overcome a lot of the NIMBY sentiments by a few loud (and typically wealthy) people in favour of average residents who are looking for smaller, affordable living spaces, well-connected to transit and close (walking or biking) distance to key services. Developing out just worsens traffic, worsens environmental outcomes (drinking water, in particular), and makes cities less livable. This is just not sustainable.\nI think this government lacks creativity if it thinks it is a choice between \"more housing\" and \"protected environmental spaces\". It's a false choice. You can have more housing on the land you already have if you compel the correct zoning practices in major urban centres.\nMy family and I do not support the Greenbelt development plan - save this space for future generations!\n"
    },
    "64280": {
        "url": "/comment/64280",
        "comment": "For the last decades, I've seen more and more bedrooms community built, which worsen traffic and contribute to the housing crisis we're facing now.\nNow you want to eat into the Green Belt to do the same thing, worsen traffic AND the environment at the same time?\nNo.\nNO!\nDo better. Sprawl more built more did not work in the last 10 years.\n"
    },
    "64281": {
        "url": "/comment/64281",
        "comment": "We cannot abide the encroachment on the green belt, these protected lands are essential to preventing sprawl and furthering car-dependent communities. We will never be rid of the congestion on our highways and in our cities if we keep encouraging this sort of development. Densification is key to our continued growth and a successful clean future - I also do not appreciate Doug Ford blatantly going back on his word to not touch the green belt.\n"
    },
    "64283": {
        "url": "/comment/64283",
        "comment": "Green spaces close to urban centres play a crucial role for recreational activities of the population in the GTA. Sustainable urban development has to make a cohesive effort in preserving green spaces. If a lack of housing is of concern then a lot of inefficient single unit housing can easily be converted to condensed living (read condo and apartment!). I oppose any development of existing green belt land! Please do a better job at urban development and respect green spaces!\n"
    },
    "64286": {
        "url": "/comment/64286",
        "comment": "I do not agree with this proposal to develop on the Greenbelt. With the climate crisis at hand, the proposed plan to replace green spaces with houses will accelerate climate change. Simply replacing one region of green space with another elsewhere, as is proposed by the government, does not necessarily \"cancel out\" this development. It doesn't take into account how these land changes will disrupt wildlife and resources in those areas that can interact in complex ways.\nWhile I agree more needs to be done to ensure access to affordable and accessible housing, developing on the Greenbelt is NOT the only answer and the short term gains are not worth the devastating consequences of climate change that will follow.\nHold up your pledge to not develop the Greenbelt, Doug Ford.\n"
    },
    "64287": {
        "url": "/comment/64287",
        "comment": "Created in 2005, the Ontario Greenbelt \u2013 the largest Greenbelt in the world - consists of two million acres of productive farm land and environmentally sensitive areas that have been permanently protected from development. This promise was a vitally important one for the province and an important step for protecting present and future generations.\nThe Greenbelt is a massive water and air filter, is important for our food supply, a represents a multi billion dollar annual economic and job creating powerhouse. It is a huge provincial success story and one it\u2019s most popular environmental initiatives.\nThe greenbelt is a valuable and sensitive part of Ontario\u2019s ecosystem. Green spaces act as \u201cthe lungs\u201d for the province.\nDeveloping important agricultural land and sensitive ecological spaces is not something we can reverse once completed and it is possibly one of the biggest mistakes the province can make.\n\u201cSwapping land 1:1\u201d does nothing to provide future protection for lands of the future and does nothing to protect agricultural sensitive areas now. Developing Greenbelt land is a monstrous and monumental mistake.\nThe reasons the Greenbelt was created and these lands were deigned to be worthy of protection (to mitigate issues of urban sprawl, pollution, protecting human health, food security and more) and emerging and critical issues wire now than ever and that protection needs to continue.\nDeveloping these lands also does nothing to guarantee lower or affordable housing. It doesn\u2019t alleviate the provinces housing issues it just creates a different problem.\n"
    },
    "64288": {
        "url": "/comment/64288",
        "comment": "While I am in agreement that we need to build more homes, and expedite this process, I oppose the government's plan to utilize the green belt for this purpose.\nI own a business that relies on home building, and we would benefit from this proposal.  However, it is short sighted to go ahead with it.\nThe GTA is in desperate need of bylaw amendments that will allow more multi family re-development on sites that have long been restricted to single family homes.  Continued sprawl and infringement on wetlands and protected spaces is not the answer.\nInvest in infrastructure (high speed rapid rail) so that communities like Brighton, Cobourg, Peterborough, Lindsay, etc. remain as desirable alternatives with short commutes to the GTA.\n"
    },
    "64289": {
        "url": "/comment/64289",
        "comment": "Expanding the urban boundary of Hamilton after the council and citizens voted to maintain its existing boundaries is undemocratic and ignoring the desires of your populace.  The consensus, which will be completely swept under the rug if these proposals go through, was to focus on urban density, not sprawl.  The fact that the new proposal by the province also shatters the previous proposal by almost 1,000 extra hectares is inexcusable, and tone-deaf in the face of the proper democratic process.  the provincial government should not be interfering with this municipal level decision.\n"
    },
    "64290": {
        "url": "/comment/64290",
        "comment": "I strongly am against the proposed amendment to the Greenbelt plan. The location of the Greenbelt ensures that people in the Greater Golden Horseshoe Region have access to green space. It also prevents flooding, water shortages, and a collapse in biodiversity that would impact all of Ontario. Instead of ridding ourselves of some of the best preserved green space in Southern Ontario to build more low-density single family homes. We need to make our existing developed land more dense, walkable, and accessible for public transit so that everyone will have an affordable place to live, while having access to high quality greenspace.\n"
    },
    "64291": {
        "url": "/comment/64291",
        "comment": "This is a plan with little to no factual research behind it. It is destructive to the environment and will not result in significant positive impacts to the crisis it seeks to rectify. Municipalities are coming out against the plan because it is not based on evidence, it is based on emotion. It will cost a great deal of money for taxpayers as growth will not be funded by growth, it will damage communities and will harm future generations. It must be halted. Our government needs to go back to the drawing board and create a plan based on solid research and facts - the current plan must not be allowed to proceed in it's current form.\n"
    },
    "64292": {
        "url": "/comment/64292",
        "comment": "A gross misuse of capital and real estate. The greenbelt does not need to be torn down and developed for more single family dwelling. The urban sprawl needs to be abandoned in favour of denser and more efficient combination residential areas.\nIt's a complete waste of time to continue building our cities like it's still the 1950's. The infrastructure being car-centric needs to be a thing of the past. Public transit needs drastic improvements and Canada, Ontario especially, needs to shift to progressive and flexible to help support all citizens in times of wildly increasing costs.\nCars are great, but not everyone can afford one, and we shouldn't need one just to get by in our day to day life.\n"
    },
    "64293": {
        "url": "/comment/64293",
        "comment": "NIAGARA WEST - please do not release the greenbelt for development. Please keep your election promise of not touching lands reserved for agricultural and environmentally sensitive lands. This is just too far. This is the worst government in Ontario in my lifetime, and the PCs will very likely never get my vote ever again after this.\n"
    },
    "64295": {
        "url": "/comment/64295",
        "comment": "Sprawl into potential critcal environmental lands surrounding our cities is not the answer.  We must look inward.\nOne example starts with parking lots.  Car emissions and microplactics are some of the biggest pollutants contributing to climate change, EVs are barely an improvement, especially after you look at the offset for the required resources to build them.  Sprawl and car lobbyists are the number one reason our cities are designed the way they are, in privileged manner, for those that can afford, and are able to drive a car.\nSprawl is wildly unnecessary and has a largely negative effect on housing, employment, and the environment.  With an excess of land dedicated to killing ourselves, it begs the question why we don't start at developing all the empty lots first.  As for cars, this will allow the population to reduce car usage/storage, and bring further value to short distance public transit, biking, and walking.\nAdditionally, developers and landlords (and politicians that clearly have a corrupt hand in the cookie jar and a massive conflict of interest) need to be forced to build affordable (for the bottom 80% of our population) high density housing, NOT more multi-million dollar sprawl properties that only investment companies and the uber rich can afford.  The same group needs to FORCED to develop or sell abandoned or hazardous properties they are sitting on for market values, for proper development.\nLastly, we need to stop taking from the environment and start giving back.  Our high density development needs to start including moss and plant fixtures on large surfaces, walls, balconies and roofs.  The desertification of city development needs to stop.\nI adamantly am against futher greenbelt developments, with it's critical habitats and vitally important environmental contribution to our climate.\nNo Confidence in Doug Ford\n"
    }
}