{
    "75777": {
        "url": "/comment/75777",
        "comment": "I would place my whole life savings that the houses built on the greenbelt will be single family houses. This really is the worst short-term band aid solution to housing issues. So much of our land is used to build unaffordable single family homes. The price of food has been increasing and you want to give away more farmland!? Was there even much thought given towards this proposal other than the amount of money certain individuals/companies could obtain destroying our greenbelt?\n"
    },
    "75778": {
        "url": "/comment/75778",
        "comment": "Removing land from the Greenbelt, which took many years to establish, needs much more study and debate, and this hasn\u2019t even begun to happen. Having been part of a landowner\u2019s group, owned land zoned agricultural,  whitebelt and urban boundary, I am well aware of the costs and timelines of development. Part of that involved working with the Lake Simcoe Regional Conservation Authority for example. Moreover, having been involved in brown-field re-development and intensification, I also recognize the potential to meet growing housing demand within existing boundaries. The Greenbelt, Oak Ridges Moraine, Places to Grow, The Green Energy Act and other legislation was part of an overall plan to reduce our impacts on the environment, make better investments in infrastructure, reduce emissions, improve air quality. If the government thinks we need to roll back various protective, progressive policies, then we need to properly study it and debate it, not rush bills through.\n"
    },
    "75780": {
        "url": "/comment/75780",
        "comment": "I am writing with respect to the amendment to the Greenbelt proposed under the dubiously named 'More Homes Built Faster' plan. I am strongly opposed to this government's proposed plan.\nThe proposal details state that this action will create 50,000 additional homes while citing that the anticipated population growth in the GTA will be 1.5 million. Considering the size of the projected growth, why is this government prioritizing the development of unsustainable, single-family home tracts in protected lands? This despite the fact that there are numerous tracts of under-developed and under-used areas that are zoned for industrial or single-family use within existing developed areas.\nRecent studies have shown that urban sprawl is the least economically attractive form of development. Tracts of single-family homes are net drains on our municipal tax bases. This government should be prioritizing development of mixed-use development in existing urban areas that contribute to healthier and more livable communities for current and future residents. Considering that the government has enacted reductions to development fees in Bill 23, local governments will be even more financially challenged to provide even existing levels of service as these financial tools are removed.\nTaxpayers should not be subsidizing inefficient development in protected lands by private developers - especially ones that have made suspiciously timed investments in the subject lands that are now being opened by this government (who also have conveniently received campaign contributions from the exact same developers).\n"
    },
    "75781": {
        "url": "/comment/75781",
        "comment": "I am 100% against building on the green belt. The Ontario government made promises that they would not touch the green belt, now they\u2019re building on it. This is the last thing we should be doing during a climate emergency. Build in the city cores continue to build up, not out. This has been an issue I have recognized in the 40 years I\u2019ve been on this earth, we cannot keep building out and taking away green space.\n"
    },
    "75785": {
        "url": "/comment/75785",
        "comment": "I live in Uxbridge part of the Oak Ridges Moraine where the waters flow south to Lake Ontario or to the north Lake Simcoe. This is a very fragile area.\nAll protected lands, especially wet lands are critical to the entire environment of Ontario.\nYes Ontario needs density not more sprawl.\nI question the Conservative Party\u2019s and the Premier's involvement with the  developers\u2019 who will benefit monetarily from this irresponsible land grab.\nPerhaps forensic accountants ought to be hired to follow the money.\nI\u2019m 83 years old. Canada has irresponsibly invaded this rich land with no thoughts of future generations well-being or respected the indigenous peoples sense of renewal. We ought to have worked cooperatively with them.\nI\u2019m ashamed of our practices.\nWe now have the opportunity to engage all parties especially the well educated young people to amend some of our crimes.\nPlease commit no more.\nA very concerned citizen.\n"
    },
    "75787": {
        "url": "/comment/75787",
        "comment": "According to the Report of the Ontario Housing Affordability Task Force, land is available, both inside the existing built-up areas and on undeveloped land outside greenbelts. The report goes on to state that greenbelts and other environmentally sensitive areas MUST BE PROTECTED.\nBy permanently setting aside land for farming and natural heritage, the Greenbelt protects land from the intense speculation and development pressure in Southern Ontario. Without this permanent protection, agricultural land would quickly become completely unaffordable to farmers. Even raising the possibility of removing any land from the Greenbelt WILL CREATE A SPECULATIVE RUSH AND INTENSE DEVELOPMENT PRESSURE ON ALL THE LANDS CURRENTLY WITHIN THE GREENBELT.\nCurrently, there is a vast supply of unused greenfield land already open for development within existing municipal boundaries (350 square kilometers as of 2019) and the current round of Official Plans awaiting approval will add 42,000 additional hectares of non-Greenbelt land to that vast stockpile.\nThe proposal to amend the Greenbelt plan is bad for the health of our province and Ontarians. Amending the Greenbelt plan will further the destruction of critical natural areas in a time of climate crisis while also failing to deliver the urban transformation \u2013 or the affordable housing \u2013 that Ontario needs.\n"
    },
    "75789": {
        "url": "/comment/75789",
        "comment": "December 1, 2022\nThe Honourable Steve Clark\nMinister of Municipal Affairs and Housing\n17th Floor, 777 Bay St.\nToronto, ON\nM5G 2E5\nminister.mah@ontario.ca\nDear Minister Clark,\nRe: ERO 019-6216 Proposed Amendments to the Greenbelt Plan; ERO 019-6217 Proposed amendments to the Greenbelt Area boundary regulation\nWe, the 78 undersigned organizations, are strongly opposed to the Ontario Government\u2019s proposal to remove 7,400 acres of land from the Greenbelt. Opening these lands to development would destroy vital wildlife corridors, negatively impact woodlands, wetlands and watercourses, and result in the loss of over 5,000 acres of farmland. The government\u2019s rationale \u2013 that these lands are needed for housing \u2013 is unfounded and untrue. We urge you not to proceed with this proposal for the reasons outlined below.\n1. Abundance of land already available for housing\nThe amount of greenfield land already designated for development and added to municipal settlement boundaries, but still sitting unbuilt far exceeds what is needed to meet long range housing targets. That includes 86,500 acres within the Greater Toronto and Hamilton Area alone. According to Ontario\u2019s Housing Affordability Task Force, \u201ca shortage of land isn\u2019t the cause of the problem.\u201d\nLand is available, both inside the existing built-up areas and on undeveloped land outside greenbelts \u2026 Most of the solution must come from densification. Greenbelts and other environmentally sensitive areas must be protected, and farms provide food and food security. Relying too heavily on undeveloped land would whittle away too much of the already small share of land devoted to agriculture. (Housing Affordability Task Force, 2022, p.10)\nThe government should not be misleading the public with false claims that Greenbelt lands are needed to solve the housing crisis.\n2. Harmful precedent and loss of permanent protection\nThe proposed removal of Greenbelt lands sets an alarming precedent, opening Greenbelt protected lands to development at the request of those who stand to reap immense profits. Stripping these 7,400 acres of protection would unleash a firestorm of land speculation and development pressures across the entire Greenbelt.\nThe proposed removal is contrary to the vision of the Greenbelt Plan which emphasizes permanent protection:\nThe Greenbelt is a broad band of permanently protected land which:\n\u2022 Protects against the loss and fragmentation of the agricultural land base and supports agriculture as the predominant land use;\n\u2022 Gives permanent protection to the natural heritage and water resource systems that sustain ecological and human health and that form the environmental framework around which major urbanization in southcentral Ontario will be organized;\n\u2022 Provides for a diverse range of economic and social activities associated with rural communities, agriculture, tourism, recreation and resource uses; and\n\u2022 Builds resilience to and mitigates climate change. (Greenbelt Plan, 2017, (1.2.1))\nThe importance of permanently protecting lands and waters within the Greenbelt cannot be overstated. It is key to building the resilience of local food systems, protecting at-risk habitats and species, and sustaining the physical, social and economic health of the nine million Ontarians living in the Greater Golden Horseshoe. Healthy ecosystems are the foundation of human prosperity and will become increasingly important for building climate resilience and providing refuge for rare and endangered plants and animals.\n3. Negative impacts on the Natural Heritage System\nThe proposed land removals will negatively impact the Natural Heritage System. Most of the lands proposed to be removed from the Greenbelt (10 of the 14 areas shown on the maps) overlap with the Natural Heritage System. As explained in the Greenbelt Plan, 2017 (3.2.1), the Natural Heritage System \u201cprovides a continuous and permanent land base necessary to support human and ecological health in the Greenbelt and beyond.\u201d It is vital to the ecological integrity of the Greenbelt and includes \u201cthe highest concentration of the most sensitive and/or significant natural features and functions.\u201d These areas are to be \u201cmanaged as a connected and integrated natural heritage system, given the functional inter-relationships between them.\u201d Clearly, the proposal to remove lands from the Greenbelt\u2019s Natural Heritage System contravenes the intent of the Greenbelt Plan to protect natural heritage.\nMost of the land to be removed is in one area located on highly sensitive and ecologically important lands in the City of Pickering. This triangle of land at its widest point extends east-west for five kilometres between the Rouge River and Duffins Creek watersheds, and stretches south to north for 7.8 kilometres from just north of Finch Avenue to Highway 407. It supports thousands of acres of largely prime farmland, numerous valleys, woodlands, wetlands and the entire critical headwater reaches of Petticoat Creek. These lands have major provincially designated wildlife corridors designed to provide east-west connections between the Rouge, Petticoat and Duffin Creek watersheds and north-south connections along the river valleys that connect Lake Ontario to the major east-west corridor of the Oak Ridges Moraine. The southern portion of this area also supports a highly sensitive band of wetlands and woodlands that is a recharge and discharge area on the former sandy beach of Glacial Lake Iroquois, a large version of today's Lake Ontario.\nOther important areas that would be adversely affected include:\n\u2022\tA provincially designated wildlife corridor in King Township that provides a vital connection between the Holland Marsh and the Oak Ridges Moraine;\n\u2022\tA valley of the East Humber River in Vaughan that supports the endangered redside dace;\n\u2022\tA large wetland in Richmond Hill that is part of the provincially significant Rouge River Headwater Wetland Complex;\n\u2022\tCritical wildlife corridors in Markham that connect the Oak Ridges Moraine to Rouge National Urban Park;\n\u2022\tA large wildlife corridor in Markham at the sensitive headwaters for Robinson Creek, a tributary of the Rouge River, that supports a large cluster of provincially significant wetlands;\n\u2022\tA band of protected farmland between Ajax and Whitby that connects the coastal wetlands and woodlands of Lynde Shores and a large block of woodlands and wetlands to the north along the former beach of Glacial Lake Iroquois;\n\u2022\tA large provincially significant wetland in Clarington that is part of a sensitive groundwater recharge area;\n\u2022\tLarge woodlots, wetlands and prime farmland in Hamilton along a sensitive headwater tributary of Big Creek; and\n\u2022\tFarmland in Hamilton and Grimsby designated as Niagara Peninsula Tender Fruit and Grape Area.\n4. Land removals put the entire Greenbelt at risk\nWe do not support the government\u2019s efforts to sugar-coat the bitter pill of removing land from the Greenbelt by offering to add 9,400 acres to the Greenbelt. First and most importantly, this land swap would set an unacceptable precedent that would completely undermine the long-term protection of Greenbelt lands. In essence, it would be an open invitation to developers and land speculators to seek special permission from decision-makers to pave over parts of the Greenbelt.\nSecond, the proposed land swap will not compensate for the damage done. It would violate the fundamental and widely accepted premise that ecological offsetting should only occur as a last resort, when there are no other options to avoid or mitigate the damage. Clearly that is not the case with the proposed land removals. The damage is entirely avoidable, given the many, many thousands of acres of land already zoned and ready for development within settlement boundaries in the Greater Golden Horseshoe. Further, some areas being proposed as replacement lands are already off limits for development (such as publicly owned lands designated in municipal official plans as parks, open space, recreation, conservation and/or environmental protection). Their addition would not in any way mitigate the net loss of protected lands.\nThird, we take exception to the fact that the government is putting forward lands that were already part of previous Greenbelt expansion proposals \u2013 the Paris-Galt Moraine in 2021 and the Urban River Valleys in 2022. The government proposed these additions to the Greenbelt with great fanfare at the time, and yet has done nothing since to honour or respond to the thousands of Ontarians who supported and anticipated these expansions. To now tie this proposed expansion to soften the blow of removing lands from the Greenbelt is unacceptable.\n5. Broken promises\nThe government has repeatedly stated that there would be no removal of lands from the Greenbelt. Premier Ford is quoted as saying in 2018, for example, \u201cThe people have spoken. I\u2019m going to listen to them, they don\u2019t want me to touch the Greenbelt, we won\u2019t touch the Greenbelt.\u201d He reiterated that promise in 2020, saying that his government would not \u201ctouch\u201d or \u201cbuild on\u201d the Greenbelt, when facing criticism about the resignation of the chair and six members of Ontario\u2019s Greenbelt Council. You, Minister Clark, made a similar commitment in February 2021 when you said, \u201cI want to be clear: We will not in any way entertain any proposals that will move lands in the Greenbelt, or open the Greenbelt lands to any kind of development.\u201d\nOntarians expect the government to honour its commitments.\nMeaningful consultation with affected Indigenous Peoples\nThe government must meaningfully consult with affected Indigenous communities about the proposed amendments to the Greenbelt Plan. The duty to consult is a constitutional obligation that arises from s.35 of the Constitution Act, 1982, which recognizes and affirms Indigenous and Treaty rights. Indigenous traditional practices, responsibilities and knowledge systems must be honoured by ensuring Indigenous voices are key to any discussions about removing lands from the Greenbelt.\nClosing remarks\nThe Greenbelt was created almost 20 years ago to help ensure natural and prime agricultural lands are permanently protected from sprawl development. Today, an intact and resilient Greenbelt is needed more than ever. Not only are we are facing the interconnected and accelerating crises of climate change and biodiversity loss, we are also losing 319 acres of farmland daily. Given growth forecasts and the pace of development approvals in the Greater Golden Horseshoe, steps must be taken to protect the lands and waters that sustain us. The protection of natural and hydrological systems and farmland must be prioritized. They are finite, irreplaceable and invaluable in terms of community and ecosystem health and resilience. For the sake of current and future generations, we urge you not to proceed with plans to open up and remove 7,400 acres of protected lands from the Greenbelt.\nYours sincerely,\n78 signing organizations sent to the Minister\n"
    },
    "75791": {
        "url": "/comment/75791",
        "comment": "This proposal is, on its' face, corrupt. Numerous developers purchased land in the Greenbelt after Doug Ford's Conservatives came to power (please refer to supporting links 1 and 2), even as Ford was saying that he would not touch the Greenbelt. This reversal of policy is not at all surprising considering how much Ford's donors stand to gain from this decision.\nIn addition, if the objective of this plan is to solve the housing crisis, many experts point out (as per supporting link 3) that there are ways to support development without intruding on the Greenbelt. Building on brownfield lands, increasing urban density, improving transit are much more cost-effective and sustainable ways of urban growth than building single-family homes in areas with no existing infrastructure.\nAs well as hurting the environment, this proposal also affects Ontario's farmlands and negatively impacts the farmer's livelihood and the province's ability to produce food. This proposal is poorly thought out and benefits no one but developers who stand to gain greatly. It should be soundly rejected by any reasonable person who has read it.\n"
    },
    "75794": {
        "url": "/comment/75794",
        "comment": "when it comes to paving or housing over the greenbelt is their any consideration that by doing this it will negatively affect the biodiversity the ecosystems the richness of these lands the environment... once this happens it is lost forever . these lands have stored carbon that will be released into the atmosphere yet this does not seem to matter to some . on the other hand as climate change continues to affect us all... untouched land is rich for growing fruits & vegetables that will be needed for consumption both for its richness in lands & the ability to produce much needed food supplies the cost alone of importing these supplies will change radically .\ndo we need AFFORDABLE housing yes but most definitely NOT on these lands... we the people need these lands to nourish ourselves... we need space to appreciate the wonders of these lands not to destroy them . not all of us can afford cottages in order to get away... to enjoy nature is to appreciate the wonders that these areas provide . it is a reality that once these lands are taken its environment its biodiversity the many ecosystems that will be damaged will be lost forever .\n"
    },
    "75795": {
        "url": "/comment/75795",
        "comment": "This development should not proceed. The land that is considered for development is prime agricultural land. It is 66% more productive than anywhere else in Canada and supplies 52% of Ontario's fruits and 10% of its vegetables. ( Furgala, 2019).\nAs well the idea that land will be given back is a \"red herring\" as the land to be redesignated as the Greenbelt and therefore be protected is actually land that is not developable because all the lands are in a floodplain and cannot be developed anyway. (Armenakis & Nirupama, 2014).\nThis plan suggest that it will address the housing crisis in Ontario but where the new development is to take place residents are already paying more than 30% of their income on housing (2016 Census Housing Data for Peel CD, CSD & GTA). This would suggest that people living in these areas may not be able to afford the new housing whatever it may look like.\nFurgala, G. (2019, June 14). Between the farm and table: The GTA's Greenbelt helps feed Southern Ontario, but a food system is more than just farms. Restobiz. Retrieved December 1, 2022, from https://www.restobiz.ca/between-the-farm-and-table/\nArmenakis, C., &amp; Nirupama, N. (2014). Flood risk mapping for the City of Toronto. Procedia Economics and Finance, 18, 320\u2013326. https://doi.org/10.1016/s2212-5671(14)00946-0\nMap of area: https://arcg.is/05KiDn\n"
    },
    "75796": {
        "url": "/comment/75796",
        "comment": "This is a really horrible thing our government is seeking to do. I'm very much not in favor of this happening. It seems to me like this is a back room deal for a select few to get rich off of while the rest of the population will suffer and have to deal with the consequences. If this goes through, rest assured we will not forget the people involved and we will ensure that they do not get voted back in. Again, let me reiterate how awful I and so many other Canadian citizens think this is. Doug Ford is completely ruining our province and the counselors, MPs, MPPs and other legal representatives that help to uphold this injustice are just as bad.\n"
    },
    "75800": {
        "url": "/comment/75800",
        "comment": "While the addition of lands in the area of the Paris Galt Moraine is more than welcome the removal of lands from the existing Greenbelt should be put on hold until the ethical questions around the land are cleared up. It has been reported in various media including the Globe and Mail and on the CBC that portions of Greenbelt land were purchased BEFORE the official announcement of this bill was made. This points towards an information leak from the ministry giving an unfair advantage to the purchasers and calling into question the whole process. Furthermore, nowhere in the Housing Commission report was any mention made of lands from the Greenbelt being required for housing, in fact sufficient land already exists to satisfy the requirement. It is highly unlikely that anything built on Greenbelt land would be considered \u201caffordable\u201d and will only contribute to sprawl and further erode wetlands and endangered species.\n"
    },
    "75801": {
        "url": "/comment/75801",
        "comment": "Absolutely no need to build on any existing greenbelt areas! Please preserve them! There's so much room for increased density in our cities, and single family homes are the least efficient and affordable way to add new housing. Build apartment buildings and condos that ppl can actually afford to live in, not more suburbs! Leave the Greenbelt as is for everyone's sake!\n"
    },
    "75802": {
        "url": "/comment/75802",
        "comment": "We as a city of hamilton voted no to boundary expansion and developing the greenbelt when we stopped Sprawl. Just because Fords top donors are developers doesn't mean he can sell the green belt. 6 developers bought up parts of the greenbelt before Bill 23 was passed who all have links with ford and the conservative government.\n"
    }
}