{
    "64988": {
        "url": "/comment/64988",
        "comment": "As Canada grows, our need for farm lands and ecologically safe zones becomes more and more important to feed our citizens, to help scrub the pollution from our air, and to provide for the anglers and hunters of our province. We should be preserving these greenbelt areas.\nWe do need to build to accomodate our growing population, but making short term gains at the expense of long term sustainability is foolish at best and disasterous at worst. We should build upwards and optimise existing infrastructure instead of aimlessly expanding without vision.\nPlease, reconsider how we approach the growing need for mobility in our province. There is a way to improve how Ontarians get around without sacraficing some of the best soil in the world and paving over one of our most valuable resources.\n"
    },
    "64990": {
        "url": "/comment/64990",
        "comment": "Even the people who never thought about the environment learned during the pandemic that the supply chain is fragile. We absolutely cannot afford to let developers keep paving over farmland and wetland.  We need to keep all that land safe. They have money and they want more, but they will never pay the great cost. The whole point of government is to protect this place not for developers but for our future. Let's think about how to make sure farmers can make a decent living doing their important work, and make sure our children, grandchildren, great grandchildren, have a place to live that is even better than what we have now. Lakes and rivers abundant with fish, forests full of wildlife, fields full of food, clean air to breathe. What kind of person would Choose to make the world worse?\n"
    },
    "64991": {
        "url": "/comment/64991",
        "comment": "LEAVE THE GREENBELT ALONE\nLEAVE THE GREENBELT ALONE\nLEAVE THE GREENBELT ALONE\nLEAVE THE GREENBELT ALONE\nLEAVE THE GREENBELT ALONE\nLEAVE THE GREENBELT ALONE\nLEAVE THE GREENBELT ALONE\nLEAVE THE GREENBELT ALONE\nLEAVE THE GREENBELT ALONE\nLEAVE THE GREENBELT ALONE\nLEAVE THE GREENBELT ALONE\nLEAVE THE GREENBELT ALONE\n"
    },
    "64992": {
        "url": "/comment/64992",
        "comment": "Bill 23 had to be the most tone deaf inappropriately time piece of legislation I\u2019ve ever seen. Every single day the consequences of climate change get more severe, our infrastructure is already sabotaged by single family developments that require households to commute in automobiles, and I\u2019m willing to bet the developments this bill will allow do absolutely nothing to ease out affordable housing crisis. You\u2019re sanctioning terribly built flood bound houses for strictly the most affluent while simultaneously permanently destroying the natural beauty our province could provide future generations. Shame on you, I have never seen such blatant cronyism in my lifetime.\n"
    },
    "64994": {
        "url": "/comment/64994",
        "comment": "I've lived across Ontario in my life, from cities to rural areas, and have watched farmland and green space disappear more and more with every passing year. The barn I used to work at is now a suburb, my hometown is now being imposed on by looking development. My friends are struggling to stay close to work in the city, and those moving further outside the GTA are priced out with palatial homes and single family zoning.\nI can not stress enough how absolutely asinine it is for this government to not only go back on their word but to go back so aggressively in taking away part of the green belt. As other commenters have pointed out, we need to be focusing on changing zoning to allow for mixed residential, multi family homes, and other forms of residential property both in and out of our cities. Taking space from the greenbelt for more cookie cutter, poorly made, developer homes that will still barely be affordable is not the solution for anyone but the developers. This is not the fix, and only forces people further afield while removing valuable green space that we need more of - not less.\nThis is a short sighted Band-Aid solution.\n"
    },
    "64995": {
        "url": "/comment/64995",
        "comment": "The greenbelt is an asset and a priority for this province which we must protect and preserve. Disrupting our greatest natural asset in southern Ontario for more homes is asinine. We must think long term for our children's future and make the difficult decisions to prioritize our environment ahead of more financial gain.\n"
    },
    "64996": {
        "url": "/comment/64996",
        "comment": "I do not support the proposal to take away land from the greenbelt for development. The GTA needs to start building affordable apartments on existing urban land. As Ontario's population grows it will also need more food and turning the most productive agricultural land into subdivisions is a mistake. Build up not out.\n"
    },
    "65000": {
        "url": "/comment/65000",
        "comment": "As a citizen of Toronto, one of my favorite parts of it is just how green it is. The vast network of parks, ravines, and greenbelt is a wonderful aspect of this city.\nI understand the need for more housing, but giving up space on the greenbelt is not the way to go.\nI would suggest building more midrise housing in areas zoned exclusively for single family homes.\n"
    },
    "65004": {
        "url": "/comment/65004",
        "comment": "Any attempt to develop the Green Belt is so misguided that it could be confused as intentionally obtuse. It is common knowledge how important these areas are from an ecological perspective.\nOur focus should be redeveloping existing urban centers by increasing medium-density, mixed use residential and commercial. As it currently stands, our urban centers are unaffordable to all but the top 5% of the work force. Who's going to staff your local pizza joint making minimum wage if they can't afford to live anywhere near that job? What happens when we lose all of our sub-$100k/yr families to other provinces or countries?\nin addition to building homes on the green belt, we would also have to extend infrastructure like roads, as well as other utilities into these areas. These extensions have massive upkeep costs for the next generation.\nIt is known that developing the Green Belt is harmful to the environment, including our coveted water shed, it provides a non-solution to actual working families who need to live where they work, and it incurs an extra infrastructure cost penalty that urban redevelopment does not face.\nI fail to see the upside here.\n"
    },
    "65010": {
        "url": "/comment/65010",
        "comment": "An intact, undeveloped green belt is an important part of a healthy future Ontario. I\u2019m strongly opposed to any amendment that allows any additional development or an erosion of the protection of the green belt. The green belt is for all residents of Ontario, present and future, additional development from an amendment will only benefit the very few at the expense of many.\n"
    },
    "65012": {
        "url": "/comment/65012",
        "comment": "Well, here's yet another bad idea. Is nothing safe from this government? Another promise broken. Another way to hurt Ontario. Stop this madness and start protecting this province. What have you damaged so far -- Healthcare, education, conservation.....  it never seems to end. Please, reconsider this shoddy plan.\n"
    }
}