{
    "79650": {
        "url": "/comment/79650",
        "comment": "Absolutely unacceptable and inappropriate for Ontario to pass Bill 23. It\u2019s the most damaging and inadequate way out of a problem that has been created by the lack of planning from current provincial government. We demand a holistic and detailed analysis and report comparing all alternative options, inclusive of income equality and increased urban density, before a decision to further damage protected land. Building more houses faster is NOT the only solution to the current housing crisis. And pretending building more houses (in places people don\u2019t even wanna live) is an intellectual insult to citizens.\n"
    },
    "79651": {
        "url": "/comment/79651",
        "comment": "Hello, I am writing today to submit a comment to ERO 019-6216, 019-6217, and 019-6218, pertaining to redesignation of Greenbelt lands.\nAlthough I am in favour of investigating ways to increase affordable housing in Ontario, I am completely against and deeply concerned about the proposed changes to the Greenbelt. In my view, the proposed changes will have detrimental consequences to our environment. In addition, the plans actually do very little to increase housing in a sustainable or effective way.\nThe ethics of the Ontario government should be investigated. According to the CBC, \"records show the landowner paid $80 million for 278 hectares of farmland in the Greenbelt a little more than a month before the housing minister announced it would be opened for development.\"\nWe have seen over the past few years how the climate crisis is worsening, increasing severe weather and causing grave damage. In Southern Ontario, one of the largest risks in a changing climates comes from flooding in population centres, and loss of viable farmland.\nThe changes suggested in this regulation appear set to make both outcomes worse. The wetlands in protected Greenbelt areas are essential for capturing rainwater runoff before it can flood more populous areas. In addition, by seeking to build new homes in protected areas, Ontario commits itself to expanding urban sprawl - worsening the climate crisis through increased emissions and poor city planning.\nI urge the government to keep its promise not to touch the Greenbelt and instead look to increase density in urban areas, particular areas with strong transit infrastructure.\nRipping up the Greenbelt is short-sighted and dangerous for current and future generations, and will only make homes more expensive in the long run by imposing greater environmental risks and expanding unsustainable and inefficient sprawl. This government must take real, meaningful action to build sustainably for the future instead.\n"
    },
    "79653": {
        "url": "/comment/79653",
        "comment": "Dear Doug Ford\nI am strongly opposed to building on the Greenbelt.\nThe Greenbelt was put in place to protect areas such as farming,wetlands and the ecosystem.\nThere are over 88,000 actress of land in the GTHA\nto build on for housing.\nThose areas you need to look at to develop.\nBy proposes these changes big developers will be putting money in there pockets at the expense of saving our protected land.\nThe Greenbelt is protected for very good reasons.\nYou are backtracking when you said in 2018 you will not touch the Greenbelt.\nAs a voter I care about the Greenbelt to be protected for future generations.\n"
    },
    "79654": {
        "url": "/comment/79654",
        "comment": "Keep the Greenbelt green. Repeal Bill 23. Speculators invest in land in the hope of making a profit. Speculation is a risk.  The Greenbelt speculators took a chance, that does not guarantee that they can build Climate Change increasing urban sprawl in the Greenbelt.  Refer to Strong Towns guidelines for urban planning. Institute Hard Urban Boundaries to keep any new housing and accompanying Growth within already established municipal boundaries.\n"
    },
    "79657": {
        "url": "/comment/79657",
        "comment": "I think the Government should reconsider the proposed changes as the current developments that have occurred have not supported the housing crisis and aren\u2019t addressing the underlying problems of supply and cost. Removing the protected lands is something that can\u2019t be undone once it\u2019s developed and if it is done poorly then what was this change for.\nThe city continues to grow and become more dense with less availability of houses that growing families are in search of. More townhomes and jammed streets of planned developments with little access to parks and schools will only lead to poor services and overcrowding and with it the eventual issues of crime and issues at municipal level of services that we\u2019ve seen. I don\u2019t like seeing the changes that have occurred in Pickering/Ajax and with poor services and increasing crime.\nThe concern I have is also linked to the watershed as I have seen in previous homes the impact on developments upstream have caused on those downstream. Flooding will be an issue if the many rivers and fields are impacted by the spring run off.\nIf we\u2019re going to put these people somewhere can we look at the lands already available and focus on what types of buildings that are offered and make it more competitive for developers by granting preference to those that will offer up mixed plans. That offer up decently sized lots for full homes, some townhomes and residential mixed buildings with some units planned for lower income units and not just condos for investment properties. Please include plans for schools and parks/transit.\nDo not make this generations version of the Jungle or Riverdale so developers can shove as many people into the smallest sized box built as cheaply as possible to cash in.\nAnd hurry up and build the Pickering Airport as once people build everything up and an airport shows up they\u2019ll be pretty angry. They\u2019re going to need jobs and so far everyone is heading to the city. Need for the economy to divest from the core and move out. Why aren\u2019t we looking to bolster communities in Kingston/London/Barrie with improvements in their area so maybe larger firms will be interested just like Waterloo drove development in the 2000\u2019s. Also need a high speed rail line between Ottawa/Montr\u00e9al and Toronto. ;)\n"
    },
    "79658": {
        "url": "/comment/79658",
        "comment": "Hello, Im a mother for two young kids and I absolutely believe we need more housing but it should never be at the cost of food and water.  The green belt was made to protect land which will over time protect for future food supply and water sources.  We cannot have growth in the Country with out food and water.  We must find another way!!  With a population in the millions this cannot he the only solution to our housing crisis.  Please for my kids future over turn Bill 23 and protect our greenbelt.\n"
    },
    "79659": {
        "url": "/comment/79659",
        "comment": "Affordable housing is the way to a future for many! Don't use poor planning! see below\nERO FILE NUMBER 019-6216\nProposed Amendments to the Greenbelt Plan\nLands Located in the City of Hamilton\nSouth of Garner Road West, West of Fiddlers Green Road, East of Shaver Road, in the Vicinity of Book Road West \u2013 Map 9 to ER0 FILE 019-6216\nI strongly support the removal of these lands from the Greenbelt for the following reasons:\nThe lands are adjacent to existing settlement areas;\nThe lands are adjacent to the edge of the Greenbelt area boundary;\nThe lands have the potential to be serviced in the near-term with local infrastructure upgrades to be entirely funded by proponents; and\nThe lands proposed for the removal have the characteristics that would enable housing to be built in the near term;\nThe subject lands were inappropriately and precipitously added to the Greenbelt in 2016 without proper consultation with residents and businesses in the area;\nThe inclusion of the subject lands in the Greenbelt in 2016 was contrary to the City of Hamilton\u2019s staff position and that of their consultants engaged in the Greenbelt review process;\nThere is no planning or scientific justification to support the inclusion of the lands in the Greenbelt.  The inclusion appeared totally arbitrary;\nI understand that the City of Hamilton requires these lands to meet housing needs to address affordability and supply issues.  This is an area that affords excellent accessibility to major highways and community services in the abutting urban area of Hamilton and the Ancaster community.  I strongly support the Provincial initiatives to increase the supply of housing in the community.\n"
    },
    "79661": {
        "url": "/comment/79661",
        "comment": "ERO FILE NUMBER 019-6216\nProposed Amendments to the Greenbelt Plan\nLands Located in the City of Hamilton\nSouth of Garner Road West, West of Fiddlers Green Road, East of Shaver Road, in the Vicinity of Book Road West \u2013 Map 9 to ER0 FILE 019-6216\nI strongly support the removal of these lands from the Greenbelt for the following reasons:\nGreenbelt never made sense on this land.\nThe lands are adjacent to existing settlement areas;\nThe lands are adjacent to the edge of the Greenbelt area boundary;\nThe lands have the potential to be serviced in the near-term with local infrastructure upgrades to be entirely funded by proponents; and\nThe lands proposed for the removal have the characteristics that would enable housing to be built in the near term;\nThe subject lands were inappropriately and precipitously added to the Greenbelt in 2016 without proper consultation with residents and businesses in the area;\nThe inclusion of the subject lands in the Greenbelt in 2016 was contrary to the City of Hamilton\u2019s staff position and that of their consultants engaged in the Greenbelt review process;\nThere is no planning or scientific justification to support the inclusion of the lands in the Greenbelt.  The inclusion appeared totally arbitrary;\nI understand that the City of Hamilton requires these lands to meet housing needs to address affordability and supply issues.  This is an area that affords excellent accessibility to major highways and community services in the abutting urban area of Hamilton and the Ancaster community.  I strongly support the Provincial initiatives to increase the supply of housing in the community.\n"
    },
    "79662": {
        "url": "/comment/79662",
        "comment": "You may publish my comment.\nRe: Development of the Green Belt\nDevelopers and Mr  Ford see  land that  is used for agriculture or left in the natural forested state as open, empty land. This is unfortunate. Undeveloped land is a huge sink for surface water generated by by heavy rain or snow melt. Undeveloped land  is able to absorb surface water and hold it for plant growth or ground water replenishment.  There is a  need to preserve  productive agricultural land in southern Ontario. We are realizing  that the supply of  vegetables shipped from SW US is not as reliable a source as once was thought. Already too much prime agricultural lands as been swallowed up by   Toronto and its suburbs. We must not lose any more. Ontario's effort to become more self sufficient in food  production agriculture must not be trumped by the so called need for more  development. It is impossibly na\u00efve to suggest that removing this land from it's natural state or agricultural use will not have consequences.\nThe world including Canada is slowly acknowledging that we are in a climate crisis of our own making.  Concreting over green space and destroying the preexisting  natural systems ecosystems are a huge contributor to this. Grass, trees and all manner of plants consume CO2 and equally important produce oxygen. Their root systems are critical for holding the soil and preventing erosion after  surface flooding. It is unfortunate that the importance of plant growth, any plant growth is barely mentioned as being essential for combating climate change and CO2 production.\nIt is for these reasons that the green belt was created and must remain so untouched by development.\n"
    },
    "79663": {
        "url": "/comment/79663",
        "comment": "This proposal is poorly thought through, has not been costed, will download costs onto municipalities which will end up punishing existing landowners through higher taxes (paid with AFTER TAX dollars and will not add a single affordable home in Ontario.  We don't need more multi million dollar homes located remotely to our major centres requiring MORE infrastructure.  As well it is being rushed through the process without adequate environmental assessments, consultation with First Nations (or anyone else for that matter) or any attention to the impact on our Greenbelt and wetlands, at a time when we are seeing record water damage related to climate change.  The Greenbelt was created to act as an obstacle to protect our environment from profit driven 'development.'  This feels like rank profiteering.\n"
    },
    "79664": {
        "url": "/comment/79664",
        "comment": "ERO FILE NUMBER 019-6216\nProposed Amendments to the Greenbelt Plan\nLands Located in the City of Hamilton\nSouth of Garner Road West, West of Fiddlers Green Road, East of Shaver Road, in the Vicinity of Book Road West \u2013 Map 9 to ER0 FILE 019-6216\nI strongly support the removal of these lands from the Greenbelt for the following reasons:\nThe inclusion of these lands in the Greenbelt makes no logical sense due to its proximity to highway and other infrastructure! It is ideal housing land.\nThe lands are adjacent to existing settlement areas;\nThe lands are adjacent to the edge of the Greenbelt area boundary;\nThe lands have the potential to be serviced in the near-term with local infrastructure upgrades to be entirely funded by proponents; and\nThe lands proposed for the removal have the characteristics that would enable housing to be built in the near term;\nThe subject lands were inappropriately and precipitously added to the Greenbelt in 2016 without proper consultation with residents and businesses in the area;\nThe inclusion of the subject lands in the Greenbelt in 2016 was contrary to the City of Hamilton\u2019s staff position and that of their consultants engaged in the Greenbelt review process;\nThere is no planning or scientific justification to support the inclusion of the lands in the Greenbelt.  The inclusion appeared totally arbitrary;\nI understand that the City of Hamilton requires these lands to meet housing needs to address affordability and supply issues.  This is an area that affords excellent accessibility to major highways and community services in the abutting urban area of Hamilton and the Ancaster community.  I strongly support the Provincial initiatives to increase the supply of housing in the community.\n"
    },
    "79666": {
        "url": "/comment/79666",
        "comment": "Do not develop on the green belt. This is a huge backwards step and would be privileging greed over environmental protection and food production. Not to mention raising property taxes when people are already struggling to afford to live. This province is already sliding down hill and it doesn\u2019t need any additional push.\n"
    },
    "79667": {
        "url": "/comment/79667",
        "comment": "I do not agree with this government touching the green belt to build more homes. Mr. Ford you promised in 2018 you would not touch it. You lied! We need to protect the Greenbelt for our health and the health of our environment. Without green space we are hurting the environment and increasing our carbon footprint not decreasing it. The more housing that is built we are robbing animals of their habitat and in turn they moving towards the cities. This is  not helping with the \u201chousing crisis\u201d for affordable housing instead it\u2019s a ploy to help the developers get richer and destroy green space.\n"
    },
    "79668": {
        "url": "/comment/79668",
        "comment": "ERO FILE NUMBER 019-6216\nProposed Amendments to the Greenbelt Plan\nLands Located in the City of Hamilton\nSouth of Garner Road West, West of Fiddlers Green Road, East of Shaver Road, in the Vicinity of Book Road West \u2013 Map 9 to ER0 FILE 019-6216\nI strongly support the removal of these lands from the Greenbelt for the following reasons:\nPLEASE CONSIDER HOUSING CRISIS AND READ BELOW.\nThe lands are adjacent to existing settlement areas;\nThe lands are adjacent to the edge of the Greenbelt area boundary;\nThe lands have the potential to be serviced in the near-term with local infrastructure upgrades to be entirely funded by proponents; and\nThe lands proposed for the removal have the characteristics that would enable housing to be built in the near term;\nThe subject lands were inappropriately and precipitously added to the Greenbelt in 2016 without proper consultation with residents and businesses in the area;\nThe inclusion of the subject lands in the Greenbelt in 2016 was contrary to the City of Hamilton\u2019s staff position and that of their consultants engaged in the Greenbelt review process;\nThere is no planning or scientific justification to support the inclusion of the lands in the Greenbelt.  The inclusion appeared totally arbitrary;\nI understand that the City of Hamilton requires these lands to meet housing needs to address affordability and supply issues.  This is an area that affords excellent accessibility to major highways and community services in the abutting urban area of Hamilton and the Ancaster community.  I strongly support the Provincial initiatives to increase the supply of housing in the community.\n"
    },
    "79669": {
        "url": "/comment/79669",
        "comment": "ERO FILE NUMBER 019-6216\nProposed Amendments to the Greenbelt Plan\nLands Located in the City of Hamilton\nSouth of Garner Road West, West of Fiddlers Green Road, East of Shaver Road, in the Vicinity of Book Road West \u2013 Map 9 to ER0 FILE 019-6216\nI strongly support the removal of these lands from the Greenbelt for the following reasons:\nIt\u2019s not logical to have these lands in the Greenbelt.\nThe lands are adjacent to existing settlement areas;\nThe lands are adjacent to the edge of the Greenbelt area boundary;\nThe lands have the potential to be serviced in the near-term with local infrastructure upgrades to be entirely funded by proponents; and\nThe lands proposed for the removal have the characteristics that would enable housing to be built in the near term;\nThe subject lands were inappropriately and precipitously added to the Greenbelt in 2016 without proper consultation with residents and businesses in the area;\nThe inclusion of the subject lands in the Greenbelt in 2016 was contrary to the City of Hamilton\u2019s staff position and that of their consultants engaged in the Greenbelt review process;\nThere is no planning or scientific justification to support the inclusion of the lands in the Greenbelt.  The inclusion appeared totally arbitrary;\nI understand that the City of Hamilton requires these lands to meet housing needs to address affordability and supply issues.  This is an area that affords excellent accessibility to major highways and community services in the abutting urban area of Hamilton and the Ancaster community.  I strongly support the Provincial initiatives to increase the supply of housing in the community.\n"
    },
    "79671": {
        "url": "/comment/79671",
        "comment": "I DO NOT support this proposal for amendment to the Greenbelt. The Greenbelt exist for one purpose only to protect critical environmental land and natural \"infrastructure\". The environmental services that the green spaces provide far outweigh the short term economic profit of select private land developers and investors. Urban sprawl is never the answer, densify and build upwards. Using the cost of living and housing market is not an excuse to erase and change decades of environmental protection polices and the lands it conserves. Minister Zoning Orders (MZO), Bill 23 with changes to the Conservation Authority Act, and the highway 413 proposal are many other examples of the irresponsible governing of the current government's disregard towards the value and vision of sustainability and environmental protection.\nI support points raised in these articles and from these organizations:\nhttps://ontarionature.good.do/greenbelt-land-removals/email/\nhttps://act.environmentaldefence.ca/page/117064/action/1?ea.tracking.id\u2026\nhttps://thenarwhal.ca/ontario-ndp-investigation-greenbelt-sales/\nhttps://www.theglobeandmail.com/canada/article-sales-of-greenbelt-land-\u2026\nhttps://www.greenbelt.ca/\nhttps://conservationontario.ca/fileadmin/pdf/latest-news/2022_CO_Media_\u2026\n"
    },
    "79672": {
        "url": "/comment/79672",
        "comment": "I do not believe the rezoning of the greenbelt is an advisable choice to combatting the housing crisis.  These lands were protected and remain protected to ensure the viability of our ecosystem and ecological defences.  Adjusting the zoning of the greenbelt will irreparably damage the ecosystems that have been developing for 17 years, paving over these lands only to ideally buildup protections elsewhere is not a benefit to anyone it is a net loss.  We know that ecosystems are not things that can be neatly divided and altered at will, there is connectivity across the entire makeup of the green belt, something that certainly aids in its strength.  Taking parcels of land out and developing on to them will undoubtedly alter the prominence and capabilities of the surround protected areas.  In a time where municipalities are beginning to look for options for ecological safe guards from damages via a changing climate and the dangers it brings, we need to consider developments that won't jeopardize the structure of watersheds and risk flooding of homes, as an example.\nContributing to sprawl by pushing developments further out in Ontario will contribute to more traffic congestion, CO2 emissions from cars, single family homes dominating space in the most inefficient manner.  We need to think of the land we currently have that can be developed in established city centres and work to make that housing affordable and accessible to Ontarians that need and deserve it.\nI am particularly worried as to how this can lead to more pressure to open up parts of the greenbelt.  It establishes a dangerous precedent of a flimsy sense of 'conservation'.  To walk bravely into years where climate conscious decisions are at high-priority, we need to hold firm on the protections we currently have and expand further.  One step forward, not two steps back!\n"
    }
}