{
    "78442": {
        "url": "/comment/78442",
        "comment": "I strongly opposed passing the green belt plan. The purpose of a functional city is not just only to provide housing but to provide quality living environment to the resident to ensure healthy and sustainable community, and the current green belt is taking a huge part to provide the essential needs of a sustainable community. Therefore I strongly opposed passing greenbelt plan\n"
    },
    "78443": {
        "url": "/comment/78443",
        "comment": "I oppose plans to remove lands from the Greenbelt.  I am devasted that Premier Ford went back on his promise that his government wouldn\u2019t touch the Greenbelt.  Please understand the importance of our protected Greenbelt lands.  Greenbelt land was designated after significant scientific studies and extensive public consultation and cannot just be whittled away without significant justification and public consultation.\nPlease stop Doug Ford's actions toward our Greenbelt lands!\nP.Moss, Port Colborne, Ontario\n"
    },
    "78444": {
        "url": "/comment/78444",
        "comment": "The lands are adjacent to existing settlement areas;\nThe lands are adjacent to the edge of the Greenbelt area boundary;\nThe lands have the potential to be serviced in the near-term with local infrastructure upgrades to be entirely funded by proponents; and\u00a0\nThe lands proposed for the removal have the characteristics that would enable housing to be built in the near term.\u00a0\u00a0\nThe inclusion of the subject lands in Greenbelt in 2016 was contrary to the City of Hamilton\u2019s staff position and that of their consultants engaged in the Greenbelt review process;\u00a0\nThere is no planning or scientific justification to support the inclusion of the lands in the Greenbelt.\u00a0 The inclusion appeared totally arbitrary ;\u00a0\nI understand that the City of Hamilton requires these lands to meet housing needs to address affordability and supply issues.\u00a0 This is an area that affords excellent accessibility to major highways and community services in the abutting urban area of Hamilton and the Ancaster community.\u00a0 I strongly support the Provincial initiatives to increase the supply of housing in my community so that my children and grandchildren can remain in the area.\n"
    },
    "78445": {
        "url": "/comment/78445",
        "comment": "I thought that this land was legally protected greenspace, to protect plants and wildlife. This proposal will also affect fresh water supply and food production. I\u2019m still shocked that any party can just rewrite laws without consulting the public. The Ford government is out of control. Seems if you are a friend of Mr Ford you get your own way. Same developer seems to own large percentage of the land being taken. The dream of an urban park is now gone and can never be replaced. So very wrong.\n"
    },
    "78446": {
        "url": "/comment/78446",
        "comment": "The lands are adjacent to existing settlement areas;\nThe lands are adjacent to the edge of the Greenbelt area boundary;\nThe lands have the potential to be serviced in the near-term with local infrastructure upgrades to be entirely funded by proponents; and\u00a0\nThe lands proposed for the removal have the characteristics that would enable housing to be built in the near term.\u00a0\u00a0\nThe inclusion of the subject lands in Greenbelt in 2016 was contrary to the City of Hamilton\u2019s staff position and that of their consultants engaged in the Greenbelt review process;\u00a0\nThere is no planning or scientific justification to support the inclusion of the lands in the Greenbelt.\u00a0 The inclusion appeared totally arbitrary ;\u00a0\nI understand that the City of Hamilton requires these lands to meet housing needs to address affordability and supply issues.\u00a0 This is an area that affords excellent accessibility to major highways and community services in the abutting urban area of Hamilton and the Ancaster community.\u00a0 I strongly support the Provincial initiatives to increase the supply of housing in my community so that my children and grandchildren can remain in the area.\n"
    },
    "78449": {
        "url": "/comment/78449",
        "comment": "The Honourable Steve Clark\nMinister of Municipal Affairs and Housing\n777 Bay St.\nToronto, ON\nM5G 2E5\nDear Minister Clark:\nRe: ERO 019-6216, Proposed amendments to the Greenbelt Plan\nI wish to express my strong opposition to the proposal to permit housing developments within the Greenbelt.\nThe Greenbelt was established to protect critical wildlife habitat, wildlife corridors, headwaters of streams, significant wetlands, the sources of drinking water for millions of Ontarians, and the agricultural land base that provides a significant food supply for the region. Its importance continues to increase as the populations of the GTA and surrounding urban centres grow and the climate change crisis accelerates.\nThe 2017 Greenbelt Plan identifies \u201cwhere urbanization should not occur\u201d in order to provide \u201cpermanent protection\u201d for important agricultural and ecological and hydrological features. The areas that have been identified in the plan must be respected and protection must be permanent.\nThere is already plenty of land that has been identified to build housing, as stated by your government\u2019s Housing Affordability Task Force earlier this year. It appears that the only reason for the proposed Greenbelt development is to enrich developers who have recently bought up significant portions of the proposed development lands.\nSo please protect all of the Greenbelt from housing developments, as you and Premier Ford have both publicly promised.\n"
    },
    "78450": {
        "url": "/comment/78450",
        "comment": "The lands are adjacent to existing settlement areas;\nThe lands are adjacent to the edge of the Greenbelt area boundary;\nThe lands have the potential to be serviced in the near-term with local infrastructure upgrades to be entirely funded by proponents; and\u00a0\nThe lands proposed for the removal have the characteristics that would enable housing to be built in the near term.\u00a0\u00a0\nThe inclusion of the subject lands in Greenbelt in 2016 was contrary to the City of Hamilton\u2019s staff position and that of their consultants engaged in the Greenbelt review process;\u00a0\nThere is no planning or scientific justification to support the inclusion of the lands in the Greenbelt.\u00a0 The inclusion appeared totally arbitrary ;\u00a0\nI understand that the City of Hamilton requires these lands to meet housing needs to address affordability and supply issues.\u00a0 This is an area that affords excellent accessibility to major highways and community services in the abutting urban area of Hamilton and the Ancaster community.\u00a0 I strongly support the Provincial initiatives to increase the supply of housing in my community so that my children and grandchildren can remain in the area.\n"
    },
    "78453": {
        "url": "/comment/78453",
        "comment": "Cancel Bill 23! Our cities are full of undeveloped, underdeveloped, and neglected lands that are ripe for development for medium-density and high-density housing. We could build great cities if we planned and developed great neighbourhoods. Simply opening up forests and farmland to developers is easy for the developers, but bad for the environment, and for developing communities.\n"
    },
    "78455": {
        "url": "/comment/78455",
        "comment": "Hello,\nI am absolutely against development of the Greenbelt in any way. I would also like the Conservative Government investigated on their connection to private interests involved in the development plans as discussed in the below news articles.\n"
    },
    "78456": {
        "url": "/comment/78456",
        "comment": "I object to the opening of the protected Greenbelt areas.   We need the green spaces and that\u2019s why they were protected in the first place.  Any development there will affect the watersheds and wetlands.  This will affect the rivers they feed into along with any plants and animals which live there.  With climate change currently taking place these areas become more important to help buffer the impact.  Trading land from the Paris Galt Moraine for the Oak Ridges Moraine does not help the latter.  There are a number of different rivers and streams which have their headwaters in the Oak Ridges Moraine and substituting the Paris Galt Moraine into the Greenbelt does not help these systems. There are other places where we can build houses. Use them.  This sets a bad precedent as politicians and developers will feel that they can then go after other parts of the protected Greenbelt lands.  Once these lands get developed there will be no going back.  Their benefits will be gone forever.  Doug Ford also had previously promised not to allow development on the Greenbelt.  If he can\u2019t keep his promises then how can we trust him anytime he says he is going to protect anything for the citizens of Ontario.\n"
    },
    "78457": {
        "url": "/comment/78457",
        "comment": "Hello, I am a resident of Durham Region in a community that will be directly affected by this egregious decision to dismantle our protected environmental areas. I drive frequently through north Pickering to my parents' home in Markham, and the destruction along the south side of Taunton Road to accommodate townhouses has done nothing but increase commute times. Housing in Durham Region is beyond unaffordable. I am 37 years old and do not own a home; I have no inclination to believe paving the Greenbelt will change this. Given the displayed greed of developers in this community to date, it is highly unlikely the homes built upon the Greenbelt lands will be remotely affordable, I'm sure they will cost upwards of 800k like the rest of those squished together little boxes with no lawns in North Pickering. This will benefit no one except the developers who sell these little houses for exorbitant prices, and definitely not the current residents in Pickering or Ajax.\nThere is plenty of space to build housing in Ontario outside the greenbelt - Northern Ontario would love investment in their many communities, large and small. Creating jobs and affordable housing in cities like Sudbury, North Bay, and Sault Ste Marie would alleviate pressure off the Golden Horseshoe and provide young people and other new buyers the opportunity to live in a spacious detached home with ample outdoor space.\nAs it is, there are not enough roads to accommodate the people who live in Durham Region, the 401 is a nightmare. Rush hour is no longer an hour in the morning or evening - it can sometimes last all day. Building more car-dependent suburban townhomes in North Pickering and Ajax that are unaffordable to most people will not do anything to alleviate the housing crisis. What happened to Premier Ford's slogan, \"For the People?\" Seems the only ones he's for these days are himself and his developer cronies.\n"
    },
    "78459": {
        "url": "/comment/78459",
        "comment": "I'm personally not in favour of re-designating the Greenbelt for developmental purposes. From what I understand, the government is suggesting that the Greenbelt be developed to accommodate for population growth in the Golden Horseshoe area. Many people that are currently seeking living accommodations are those with lower socioeconomic status - will the new homes being built in the Greenbelt be affordable or accessible for everyone who is currently in need of housing? Doubtful. This housing program truly seems flawed - it is supposed to be designed to help people find housing, but it'll likely be a program that continues to benefit those higher than the middle working-class.\nRedeveloping the Greenbelt for economic gain also raises so many ethical issues. Those pieces of land have been protected for so long and have allowed endangered or at-risk species to flourish. If the Greenbelt were to be developed, these species will likely die off, completely throwing the food-web out of shape. This would have drastic implications for biodiversity but also on the environment. These decreases in biodiversity would not only have negative implications for the environment, but it could also cost the government more money long-term if they have to resolve issues that these organisms used to control.\nSince this land is also used for a lot of agriculture, it would cause our currently unaffordable province to become even more unaffordable. If the prices of healthy foods continue to skyrocket, those of low socioeconomic status will continue to be affected the most. If our province becomes more food insecure, there will be higher burden on our healthcare system. We'll see higher rates of chronic disease (obesity, type 2 diabetes, heart disease, etc.) and an inability to manage infectious disease. This may force a push towards the privatization of healthcare, which will only continue to negatively impact the health of our population - but maybe that's the goal?\nRe-designating the Greenbelt for a housing project ultimately seems like a short-term or downstream approach to dealing with the province's housing crisis without tackling the core issue from a systems-perspective. Implementing a band-aid program will only create more problems down the line, which will only cost the province more money. For a conservative government that is so concerned about economic gains, it doesn't seem like a smart financial decision.\nI truly hope that this project is further investigated at a federal level because something truly seems off from multiple ethical perspectives.\n"
    },
    "78461": {
        "url": "/comment/78461",
        "comment": "I am feeling sick in my stomach imagining the Greenbelt being dug  up and cement poured on top. PLEASE, not there, not now. We KNOW how important this and every other wetland is. We work hard to ensure an invasive species like phragmites doesn\u2019t destroy delicate ecosystems. Please, do not be that invasive species that destroys an important environmental area.\nPlease do NOT do this. PLEASE!\n"
    },
    "78462": {
        "url": "/comment/78462",
        "comment": "I am extremely disappointed and upset. The whole process to this point has shown itself to be rash, arbitrary, and lacking in any meaningful consultation. It is generally acknowledged that the housing \"crisis\" can be addressed without any need to bring the Greenbelt into the conversation.\nFurther it is shameful that it is quite evident that the main beneficiaries of this plan are the premier's friends, not the people of Ontario. No mention of affordable housing, no mention of existing areas available for development, no mention of climate change or urban sprawl and no mention of how this will affect local municipalities. Just barge ahead! Ridiculous!\n"
    },
    "78463": {
        "url": "/comment/78463",
        "comment": "We must think conservation realizing we are living REALTIME CLIMATE CHANGE.\n IT IS IRRESPONSIBLE TO UNNECESSARILY  REMOVE VALUABlE GREEN SPACE AND FARMLAND, ASSAULTING OUR WETLANDS AND BIODIVERSITY GIVEN 21ST CENTURY ISSUES..\nThere is available land outside the greenbelt for development and that is already known so why on earth would you take land from such valuable asset and unique ecosystem and heritage lands.\n THE SCIENCE IS VERY WELL DOCUMENTED FOR DECADES THAT WE NEED OUR NATURAL HERITAGE AND NATURAL WATER RESOURCES...AND FARMLAND TO SECURE FOOD SUPPLIES GOING FORWARD  AND ALSO TO SUSTAIN HEALTHY COMMUNITIES. DESTROYING OUR VALUABLE NATURAL ASSETS IS ANTI ENVIRONMENTAL PROTECTION WHILE WE HAVE SCIENTIFIC EVIDENCE OF THEIR CRITICAL VALUE TO OUR SURVIVAL. WHY DO YOU WANT TO LEAVE A LEGACY OF BEING IRRESPONSIBLE WHEN YOU HAVE OTHER CHOICES. THIS IS JUST WRONG GIVEN THE CRITICAL TIMES WE ARE LIVING IN . WE EXPECT SMART GROWTH NOT OUTDATED URBAN SPRAWL THAT TRUTHFULLY DOES NOT ADDRESS THE AFFORDABLE HOUSING CRISIS.\n"
    },
    "78465": {
        "url": "/comment/78465",
        "comment": "From Professor Dawn Parker regarding the pitfalls of this plan, of which there are many and ultimately it should be either heavily corrected for scrapped all together:\n\"Overall, the Bill may fail to meet its primary objectives in these key areas:\nAffordability \u2013 Its provisions to require high-rise zoning and increase development profitability will contribute to rising land prices, which makes affordable and/or missing middle housing impossible due to high land costs. In addition, high-rise builds are expensive housing\u2014two-and-a-half times as costly per square foot as low-rise builds. This is just one example of how the Bill will exacerbate unaffordability in housing.\nIt may not increase housing supply. With a cascade of current construction project cancellations due to rising construction costs and interest rates, increasing financing costs, and decreased demand for units from investors, small increases to development profitability may have minimal impact on housing supply.\nThe Bill will not create new, livable communities - it creates a race to the bottom for developers, disadvantaging those who prioritize environmental quality and affordability, and for municipalities within Regions, as Regional authorities no longer review and approve development applications. Finally, through limits on public hearings and resident appeals of developments, the Act\u2019s premise is that residents\u2019 desire for green, aesthetically pleasing, and livable cities are barriers to successful cities.\nWhat\u2019s a better approach to making housing more affordable in Ontario?\nAffordability \u2013 Allow, or even require, municipalities to implement inclusionary zoning across the municipality, creating a level playing field. Provide or facilitate additional non-profit finance for affordable and missing middle housing provisions. Allow municipalities to create height-limited missing housing zones 500-800 metres from transit, to limit land-value uplift and incentivize affordable housing near transit. Empower provincial, regional, and municipal governments to directly build affordable housing\u2014on municipal or regional land, on their own or in partnership with non-profit financiers and builders.\nSupply \u2013 Allow at least four units on residential parcels. Incentivize re-purposing of parking lots for housing through subsidizing multi-level parking, reducing or eliminating parking requirements, and regulating on-street parking. Implement non-principal-residence vacant-unit taxes, identified through utility usage, via additional property or land transfer taxes.\nLivability \u2013 Ensure that new higher-density builds have sufficient open space and parks to be attractive alternatives to single-family residences. Maintain regional approval authority\u2014potentially consolidating approvals to the regional level to streamline the approvals process.\"\n"
    },
    "78468": {
        "url": "/comment/78468",
        "comment": "ERO FILE NUMBER 019-6216\u00a0\nProposed Amendments to the Greenbelt Plan\u00a0\nLands Located in the City of Hamilton\u00a0\nSouth of Garner Road West, West of Fiddlers Green Road, East of Shaver Road , in the Vicinity of Book Road West \u2013 Map 9 to ER0 FILE 019-6216\u00a0\n\u00a0\nI strongly support the removal of these lands from the Greenbelt for the following reasons:\u00a0\n\u00a0\nThe lands are adjacent to existing settlement areas\u00a0\nThe lands are adjacent to the edge of the Greenbelt area boundary\u00a0\nThe lands have the potential to be serviced in the near-term with local infrastructure upgrades to be entirely funded by proponents; and\u00a0\nThe lands proposed for the removal have the characteristics that would enable housing to be built in the near term.\u00a0\nThe subject lands were inappropriately and precipitously added to the Greenbelt in 2016 without proper consultation with residents and businesses in the area;\u00a0\nThe inclusion of the subject lands in Greenbelt was contrary to the City of Hamilton\u2019s staff position and that of their consultants engaged in the Greenbelt review process;\u00a0\nThere is no planning or scientific justification to support the inclusion of the lands in the Greenbelt.\u00a0 The inclusion appeared totally arbitrary ;\u00a0\nI understand that the City of Hamilton requires these lands to meet housing needs to address affordability and supply issues.\u00a0 This is an area that affords excellent accessibility to major highways and community services in the abutting urban area of Hamilton and the Ancaster community.\u00a0 I strongly support the Provincial initiatives to increase the supply of housing in my community so that my children and grandchildren can remain in the area.\n"
    },
    "78469": {
        "url": "/comment/78469",
        "comment": "ERO FILE NUMBER 019-6216\u00a0\nProposed Amendments to the Greenbelt Plan\u00a0\nLands Located in the City of Hamilton\u00a0\nSouth of Garner Road West, West of Fiddlers Green Road, East of Shaver Road , in the Vicinity of Book Road West \u2013 Map 9 to ER0 FILE 019-6216\u00a0\n\u00a0\nI strongly support the removal of these lands from the Greenbelt for the following reasons:\u00a0\n\u00a0\nThe lands are adjacent to existing settlement areas\u00a0\nThe lands are adjacent to the edge of the Greenbelt area boundary\u00a0\nThe lands have the potential to be serviced in the near-term with local infrastructure upgrades to be entirely funded by proponents; and\u00a0\nThe lands proposed for the removal have the characteristics that would enable housing to be built in the near term.\u00a0\nThe subject lands were inappropriately and precipitously added to the Greenbelt in 2016 without proper consultation with residents and businesses in the area;\u00a0\nThe inclusion of the subject lands in Greenbelt was contrary to the City of Hamilton\u2019s staff position and that of their consultants engaged in the Greenbelt review process;\u00a0\nThere is no planning or scientific justification to support the inclusion of the lands in the Greenbelt.\u00a0 The inclusion appeared totally arbitrary ;\u00a0\nI understand that the City of Hamilton requires these lands to meet housing needs to address affordability and supply issues.\u00a0 This is an area that affords excellent accessibility to major highways and community services in the abutting urban area of Hamilton and the Ancaster community.\u00a0 I strongly support the Provincial initiatives to increase the supply of housing in my community so that my children and grandchildren can remain in the area.\n"
    }
}