{
    "70691": {
        "url": "/comment/70691",
        "comment": "The PCs ran on promises of not touching the greenbelt. Why the change? Why wasn't this campaigned on?\nThe greenbelt is part of what makes Ontario great. Developing it should be an absolute last resort, and the government has a ton of other options for density that don't require disastrous environmental impacts.\n"
    },
    "70694": {
        "url": "/comment/70694",
        "comment": "Hello Mr./Ms. Public Servant\nThe problem with this proposed amendment are as follows: 1) It goes against the climate goals by dissuading sustainable transportation options 2) It ignores other opportunities to improve housing affordability 3) It is a matter of land accounting that doesn\u2019t account for the critical habitat required to sustain certain species.\n"
    },
    "70697": {
        "url": "/comment/70697",
        "comment": "Dear Sir or Madam,\nI am writing in opposition to this legislation. It's an egregious abuse of trust against the people of Ontario. Furthermore, the proposed bill is a myopic view to support developers. More than enough areas in the current urban boundaries are affected to support the building of mixed-use homes for an increasing population.\nThe proposed encroachment into the greenbelt only serves to build single-family homes with no previous infrastructure. This means increasing carbon usage for driving time and the built environment, stripping out biodiversity by displacing various species, and eliminating prime farmland.\nThe proposed legislation only benefits developers and harms the environment and the people of Ontario and should be scrapped.\n"
    },
    "70704": {
        "url": "/comment/70704",
        "comment": "It is not a good idea to remove the greenbelt to build more suburbs. The protected wetlands are important for the environment, and we have a looming climate crisis. Also, all the problems with the developers having connections to the Ford government are honestly disgusting. There are better ways to address the housing crisis, such as allowing for more medium density residences in cities like Toronto, better zoning to allow for mixed-use residential (why is it so uncommon for there to be a corner store on a residential street?!), and fees for empty units.\n"
    },
    "70705": {
        "url": "/comment/70705",
        "comment": "I agree with the problem of housing in the greater toronto area but not. with this solution.\nIn fact of anything , we will make it worse.\nWhy you ask? It is because our current housing is mostly zoned in such a way that it only allows single family homes, and even after this amendment, it will only result in destroying teh greenbelt and making more single family homes.\nThe way to address the problem of housing by changing the way our zoning laws work . We should allow more mixed use developments and mid level rises in areas of the GTA where only single family houses are. This will solve the problems and allow us to make 1.5 million new homes in the next 10 years easily in existing land rather than develop[ing new land, building more roads and getting more cars to places which are far away from city centers in the GTA.\nThis land grab will only help developers and corporations owned by  DeGasperis family, who have bought parcels of land in this greenbelt and now will profit once it is passed. I do not want to hypothesize on how they got wind of this happening, because many of these lands have just changed hands\nThe proposal is incoherent with the Ontario governments won assessment (housing task force) that the lack of available land is NOT the reason for Ontario's housing woes.\nThis is also against Doug ford's own promise that the government will not touch the greenbelt (2018)\nLastly, I am sure that even if passes , it wont solve housing crisis. Houses will be developed in such a way by uilders (read VERY Slowly) that prices will continue to be high\n"
    },
    "70706": {
        "url": "/comment/70706",
        "comment": "Ontario needs more housing, definitely without a doubt.\nYet Ontario also has a problem with not being able to take care of it's existing residents (homes, healthcare, jobs, roads, cost of living, entire infrastructure)....So let's bring in more immigrants to increase the population....How is that sensible???\nMy question is....\nWhy chose to build them in greenbelt areas and/or protected countrysides???\nWhy destroy the Wetlands???\nOntario has an abundance of space to build, (it has no shortage) and each municipality should be allowed to enjoy the nature and farm lands in these extremely important areas.\n"
    },
    "70711": {
        "url": "/comment/70711",
        "comment": "Doug Ford promised us he would not to touch the Greenbelt, a vital natural corridor that delivers countless ecosystem services essential to our collective health and well-being \u2014 services Ontario and the world at large is currently in short and depleting supply of as we face continuing and compounding climate crises. Honour the remaining shred of decency and fidelity to democracy that you have left and deliver on what you promised. No if\u2019s, and\u2019s, or buts.\n"
    },
    "70724": {
        "url": "/comment/70724",
        "comment": "I am a professional working in high density real estate development and construction and oversee real estate applied research in one of the top business schools in this country. I am actively involved in the community sitting on boards for affordable housing providers and on municipal advisory committees chatting our way toward net zero. I can unequivocally tell you that the balance of housing supply can be met:\n1. Within existing municipal boundaries without needing to sprawl to encroach on farmland and environmentally protected lands. We cannot erode this natural infrastructure that provides us with a measure of resilience in the form of protection from catastrophic climatic events and food security. We can build on already developed but underutilized  lands like surface parking lots, strip malls/ plazas and in other low density areas. Kudos to the Ford govt for already taking steps in the direction.\n2. Without stripping away/ weakening  the mandatory green building requirements such as TGS which create better higher quality buildings and generate resilient economic impact and make us world leaders in terms of expertise. We export this expertise around the globe and strengthen Canada\u2019s leadership position globally. Besides, designing your these standards hasn\u2019t come with a time or cost premium for the past 10 yrs. We know how to build these buildings cost neutrally for a while now.\nIf you want to speed up and lower the cost of housing one of the best investments is to increase clean carbon free capacity onto our electricity grids. More hydro, more nuclear, more DERs (distributed energy resources), more renewables.\nGood job overall on the new housing legislation but we cannot sacrifice our progress on strategic natural assets and high performance building standards.\n"
    },
    "70727": {
        "url": "/comment/70727",
        "comment": "I am writing to you today to urge a reconsideration of Bill 23.\nOntario must continue to protect our greenspaces; we cannot undo the environmental damage that opening up currently protected areas to development will cause.\nAdditionally, the existing urban spaces in cities and towns around the greenspaces requires re-development and investment.\nExisting urban spaces should be fully developed and utilized before any more greenspace is exploited.\nThe benefits of denser and more varied urban usage are too numerous to list here, and any future development must fully account for this.\n"
    },
    "70729": {
        "url": "/comment/70729",
        "comment": "I am opposed to the proposed changes to Greenbelt Plans that would remove existing tracts of protected land. There is no need to make these changes because there is already more than sufficient land designated for development both outside the Greenbelt and within municipal boundaries. This was the conclusion of the government's own studies!\nThe integrity of the Oak Ridges Moraine and the Niagara Escarpment Conservation lands must be maintained as planned to protect water sources that sustain the GTA and the farmland that is essential to our food security and sustainability. Farmland is being lost already at an alarming rate to development and resource extraction such as aggregate mining.\nOn the positive side, the Paris-Galt Moraine lands that are proposed to be added to the Greenbelt, should in fact be added, but not as a quid pro quo to removal of other tracts as proposed.\nPlease do not proceed with the proposed changes.\n"
    },
    "70730": {
        "url": "/comment/70730",
        "comment": "To what end will the government continue to accommodate growth and support the building of more homes without a sustainable means to achieve carbon neutrality?  If greenbelt lands must be destroyed in the name of an economy, we should act in accordance with the Federal Sustainable Development Strategy and ensure our growth does not remove the opportunity of our children and grandchildren to enjoy living in Ontario.\n"
    },
    "70732": {
        "url": "/comment/70732",
        "comment": "7400 acres is no where near enough land to expand housing stock to reasonable prices. Toronto's housing is 11x median income:median price where Calgary is 3x.\nWhen you poll Canadians, most of them want to live in houses or at least townhouses.\n7400 acres selectively across GTA is not enough. We should instead pass a 1 for 1 acre swap, where you can develop an acre of greenbelt as long as you reforest an acre somewhere else in Ontario.\nThat's the least we can do young people like me who have been completely priced out from the lifestyles of our parents.\n"
    }
}