{
    "43220": {
        "url": "/comment/43220",
        "comment": "I think a spring bear hunt is an insane idea!  Cubs are born in spring and I can only imagine the horrible deaths that some of them might have to endure if their mother is killed.  Slow starvation in their den, waiting for her to come home.  Who's bright idea was this??????  It's bad enough that bears are killed in the fall.  Don't allow a spring bear hunt too!!!\n"
    },
    "43221": {
        "url": "/comment/43221",
        "comment": "As a resident of Northern Ontario I fully support the permanent return of the Spring Bear Hunt in Ontario. It will provide much needed tourist dollars and jobs to the economy of Northern Ontario. (something that is needed)\nIt will also help to bring some stability and needed dollars to tourist outfitters and lodge orders in the North who have been hit hard by reductions in moose tags or changes to fishing regulations.\nI have no issue with requiring non residents to go through a licensed outfitter to hunt Black Bears in Ontario.\nThank you for allowing me to comment - This is good for the North\n"
    },
    "43228": {
        "url": "/comment/43228",
        "comment": "The Spring Bear Hunt should be abolished. Females with cubs must be \u201ctruly\u201d protected and The only way to do that is to not have a spring bear hunt. Since females frequently \u201ctree\u201d their cubs while they forage, it would be impossible for hunters to know whether they are shooting a female with cubs or not.\nOrphaned bear cubs have no chance of survival without their mothers. It seems to be unnecessary and cruel. Our actions should be to do no harm to our Ontario wildlife.\nIn addition, the use of hounds/dogs to chase, tree and/or otherwise harass bears should be immediately halted.\nFor fall hunts, baiting should be a minimum of 2 km from the nearest residence or residential area and garbage must be cleared after hunt. Fall hunt should begin September 15 and end October 30throughout Province.\nBest way to reduce human/bear conflicts is to manage people by making them manage their waste.\nBaiting should not take place; if it will, baiting must end when the season concludes and not begin again until shortly before the fall season and more stringent limits must be put in place to protect recreationalists, drivers, property owners, pets and others from bait piles that attract wildlife. All bait sites should be registered to ensure compliance.\nInformation showing an increase in enforcement capability through funding, infrastructure and boots-on-the-ground hires of conservation officers should be made available.\nThe government must make an acknowledgement that a spring bear hunt is not about community safety as originally stated in 2014 in the face of their own evidence showing it does not impact human conflict with bears; education and enforcement of human behaviour, attractants and feeding will have the greatest impact on mitigating and preventing conflict.\nA report should be created and released on the impact of a spring bear hunt on other recreationalists\u2019 safety, freedom to explore and expectations, as bear hunters in the spring make up a very small percentage of people enjoying the outdoors in Ontario.\nA report should be created and released on efforts of the Ontario government to increase availability of non-consumptive ecotourism opportunities in the province alongside the limited spring bear hunt.\n"
    },
    "43239": {
        "url": "/comment/43239",
        "comment": "To those who support any bear hunt i.e. because bears are coming too close to residential areas etc ... please remember who was there first. We humans are relentlessly encroaching on THEIR territory. We humans are polluting their waters. We humans remain at the root cause of all the world ills. We need to spend less time concerning ourselves with how to improve our consumer driven lives and more time giving back to mother nature and finding long term solutions to living TOGETHER peacefully with all her creatures - not short term, ill advised, ghastly solutions that involve killing animals to improve our welfare.\nSTOP THE KILLING!!!!!\n"
    },
    "43240": {
        "url": "/comment/43240",
        "comment": "My father is a nonresident and pays taxes on the land he owns in Ontario. He is an avid outdoorsman and passionate about black bear hunting. For the past 20+ years he has bought a bear license and used HIS land that HE pays taxes on to enjoy his passion for black bear hunting. Your new proposal would take that opportunity away from him. Part of the reason he bought the land was to hunt black bears. Where we live, he cannot hunt black bears every year. So he would be paying taxes on land he is unable to use due to his new proposal. He has stimulated the economy for the past 20+ years and if this new proposal goes through, he will no longer be able to purchase a tag. I wonder how Ontario residents would feel is the United States didn't allow Ontario residents to come hunt in the US without a guide service?\nI can understand not letting nonresidents purchase a tag if they are using crown land without guide services. But for a nonresident who pays taxes, they should be able to use their land! The new proposal would make my father pay taxes on HIS land and then pay a guide to use their land as well. He will not be going through a guide service and has talked to many others who will no longer visit Ontario during this time.\nThis statement is on behalf of my father.\n"
    },
    "43244": {
        "url": "/comment/43244",
        "comment": "Greetings,\nThe spring bear hunt should be banned because the risk to orphan cubs is unacceptable - period.\nWhile I am not a hunter, I have family and friends that do hunt, and even they believe the spring bear hunt is cruel for that exact reason.\nHunters can wait until the fall to satisfy their desire to kill.\nPlease do not put greed ahead of common decency and fairness towards wildlife.\nThank you.\n"
    },
    "43246": {
        "url": "/comment/43246",
        "comment": "As an animal worker and resident of Ontario I strongly oppose these proposed changes to the black bear hunting regulations. They are cruel and misguided. If Ontario seeks guidance on how to ethically and harmoniously treat our wildlife, I suggest letting the Indigenous peoples in Ontario take the lead. Locales that violate wildlife in the way proposed here are viewed globally as primitive and cruel. Ontario should be a leader in this respect, not a disgrace.\n"
    },
    "43250": {
        "url": "/comment/43250",
        "comment": "Years ago the people of Ontario worked with Robert Schad of Huskey to BAN this spring hunt.  Schad thought this hunt was an atrocity leaving bear cubs orphaned and unable to care for themselves, or before they learnt behavior from their mothers how to find food.  These cubs made MORE interaction with humans as they tried to find food sources.\nIn this age when wildlife is in peril all over the world, this hunt is especially pernicious.  We need our bears ALIVE and healthy NOT shot for some peoples limited agendas.  These bears are NOT the property of the people in their area.  The bears were already there.  People moved in!\nALL people enjoy going to and vacationing in the natural environment in their areas. Lodges and camps with associated small business service opportunities, field guides etc. would benefit ALL Ontarians and not just the limited few in the hunting circle.\nThese days people are into living with and in their lands choosing wildlife to watch and enjoy.  VERY FEW hunt nowadays, so no way is this archaic business of HUNTING a long-term sustainable solution for any type of employment.  Many cubs will also perish and this will lead to too few bears!   This hunting approach has for sure a DEAD END!\n"
    },
    "43257": {
        "url": "/comment/43257",
        "comment": "There should be no further extension for bear hunting in the spring.  It would leave too many orphaned cubs in the countryside and that is not good environmentally.  There are few wildlife sancturies and each one is trying hard to keep going.   Adding additional cubs always creates a lot more work and it is unfair on these animals.  We have too many hunters shooting animals as it is - the only shooting should be photographically so we can all appreciate them.\n"
    },
    "43258": {
        "url": "/comment/43258",
        "comment": "To Whom it May Concern,\nThe proposal to end non-resident landowner rights to hunt bear is completely unfair. I purchased the property with the intent to hunt bear on my property which I pay tax on to Ontario.  Labeling this proposal to increase fairness is the exact opposite. I wouldn't pay an outfitter a fee to hunt bear on my own property I would put it up for sale first. There are plenty of non--resident non-landowners who utilize bear outfitters.  The MNR made a serious miscalculation when they did away with the spring bear hunt years back and this would be a similar mistake. If your intent is to have Americans stay away from purchasing land in Canada this would be a great first step. You are cutting off your nose to spite your face.\n"
    }
}