{
    "44641": {
        "url": "/comment/44641",
        "comment": "It is too destructive, to allow the hunt of any animal (vertebrate animal, especially mammal) during the season of the species' birthing and raising of its young.  The risk of killing a mother -- however unintentionally -- during that season is simply too great.  In the case of bears, it is inevitable that a spring hunt will lead to a large number of cubs' losing their mother, and then dying a miserable death, of either starvation or predation.  Surely it is sufficient that hunters be permitted to kill bears during the autumn only.  Spring is the wrong time for hunting this animal, period.\n"
    },
    "44645": {
        "url": "/comment/44645",
        "comment": "Dear Mr Ford, I am writing this comment because I strongly believe that many bear Cubs will be left orphaned and would definitely be left to starve to death! I have read many hunters say they can tell the difference between a male and a female with Cubs! Not true Sir, the mother s leave the Cubs in trees ( hidden) while they forage for food. Hunters don't check a few kil for the Cubs!! It is unethical and inhumane for a spring hunt when there is one chance of leaving babies to starve, the Cubs are too young for the mom to bring them with her. The hunt doesn't solve the declining moose population....just too many moose being hunted is the problem. Check out all the research done on Spring hunting versus no hunting at all!! You said you are for the people......or is it just the hunters!!\n"
    },
    "44648": {
        "url": "/comment/44648",
        "comment": "The spring bear hunt should not be re-introduced. Hunters are not skilled enough to humanely kill animals. In veterinary medicine, we have researched effective and humane methods of euthanizing various species of animals so that it is quick and painless (i.e., humane). There is no equivalent humane method for hunters and many animals are injured and die days later (i.e., inhumane death).\nHunters value their safety and thus they use bait and then sit in stands above the bait waiting for bears to visit. It is difficult to differentiate female and male bears from above or even on the ground. This invariably results in the death of nursing females and orphaned cubs that die, are killed, or need to be saved by rescue organizations.\nBlack bears are everywhere in British Columbia, and the residents of this province are able to go about their daily lives with few problems. The exception are bears that people feed - a man-made problem.  So the argument that hunting serves to control bear numbers for human safety is ridiculous.\nI know one of the researchers who investigated the results of the spring bear hunt before it was banned. The conclusion was that the spring bear hunt was disastrous with many orphaned cubs that died or needed to be rescued. I would like to think that Canadian society is a bit more progressive, and that the spring bear hunt remains banned.\nIn my long career as a veterinarian, I have seen a huge change in the way society reacts to animal suffering, and our government should pay attention. A society that cares about animal welfare is an empathetic one.\n"
    },
    "44649": {
        "url": "/comment/44649",
        "comment": "Bear cubs will continue to be orphaned if the hunt becomes permanent. While it\u2019s currently against the law to kill cubs and mother bears accompanied by cubs, mother bears often leave their cubs in trees when searching for food. If a mother is killed, her cubs will likely die slowly of starvation or be eaten by predators.\nHunting bears doesn\u2019t improve human safety. Stopping human-bear conflict is achieved by removing access to garbage, barbeques, and other attractants.\nBears have low reproduction rates, meaning the survival of adult females is vital for the species.\nThe government has disclosed a need to reduce black bear hunting in Saugeen-Bruce Peninsula due to population concerns, yet it is simultaneously proposing to allow the hunting and trapping of these bears in that region for one week each spring. This is irresponsible.\nEven the economic argument for allowing the hunt is weak. The government has said the economic impact would be neutral or positive, but has provided no evidence to support this claim.\n"
    },
    "44650": {
        "url": "/comment/44650",
        "comment": "I am totally against this attempt to reinstate such a cruel and pointless  hunt. There is no reason for it...in fact it is primarily a trophy hunt, which is always immoral. Why does the Ford government support killing Ontario wildlife under these circumstances?\nWorse, it is difficult for hunters to tell the sex of the bear they have chosen to kill. We are all aware that female bears often sequester their young cubs while foraging, or the cubs may indeed be present but the trophy hunter doesn\u2019t see them until it\u2019s too late. This leaves the cubs to die a slow death from starvation/desiccation. That\u2019s the main reason the spring hunt was banned in the first place: it causes great suffering for cubs. Duh!\n"
    },
    "44653": {
        "url": "/comment/44653",
        "comment": "On behalf of the Northwestern Ontario Sportsmen's Alliance(NOSA), a 5000 plus member hunting, fishing, trapping and conservation advocacy group; I wish to extend our organization's full support for the measures recommended in this proposal.\nSince the initial cancellation of the spring bear hunt in 1999, NOSA has been vocal in our support of spring bear hunting as a sound management tool for maintaining healthy numbers of black bears on the Ontario landscape. Ontario's bear population is healthy, it is growing and it deserves to be treated with value, as all other large game species in the province are. When bears are not hunted, they are no longer regarded with value, they are less protected and treated as vermin. This scenario contributes to wasteful shooting of bears during the three seasons that they are out of the den. Statistics have demonstrated unequivocally that orphaning rates are in fact measurable and real, when bears are not hunted but have to be shot by enforcement agencies or MNR technicians to protect human lives and property. This wasteful and unfortunate trend is reduced significantly when bears are hunted in the spring, under strict regulations and with mandatory reporting rules to track harvest much more effectively.\nThe Ontario spring bear hunt is widely recognized as a successful management tool, to keep bear numbers from becoming too high. NOSA has argued that the spring bear hunt acted to target larger male bears, thus controlling their numbers, concentrating them near bait locations and minimizing dangerous nuisance encounters in communities closest to geographic regions of the highest bear densities. Certainly this is perhaps the most significant reason that many northern and rural Ontario communities and municipalities repeatedly lobbied the Ontario Government, to return the spring bear hunt.\nThe socio-economic benefits of a well managed and highly regulated conservation tool such as the spring bear hunt, also cannot be ignored. NOSA estimates the spring bear hunt contributes over 35-40 million dollars to the Ontario economy, and it contributes significantly important revenue to the Ontario Ministry of Natural Resources and Forestry's Special Purpose Account(SPA). For this reason, NOSA also supports the proposal and we encourage OMNRF to work with the provincial Big Game Management Advisory Committee (BGMAC) to continue to examine ways to offer more opportunity for the non-resident bear hunting tourism industry (TI) to sustainably maximize and expand bear hunting opportunity where feasible in Ontario to do so.\nAs for the pieces of the proposal related to reducing hunting season length in the WMU's of the Bruce Peninsula, NOSA is in support of such measures provided there is continued monitoring and an adaptive management approach taken, to allow for expanding bear hunting opportunities in the Bruce Peninsula region, if necessary in future to regulate bear population growth.\nIn reference to the proposal for provisions for those offering bear hunting/guiding services, to be licensed in some manner, NOSA supports this proposed regulation and management of would be tourism guides, where necessary to do so. It is acknowledged that in parts of the NER and SER there is significant overlap and conflict between some licensed service providers and non-licensed service providers and this is causing a negative impact to some well established and authorized bear hunt operators(BMA holders). Appropriate measures should be taken to regulate this to minimize or eliminate conflict.\nNOSA would add to this proposal statement that we also support a complete review of the allocation of bear harvest to BMA holders across Ontario, so that this allocation is done according to a standard method of determining how many bear harvest certificates/Form 33's may be allocated to BMA operators from Region to region. Currently the allocation of Form 33's is a very inconsistently managed process, and there is extreme variation of how Form 33's are allocated from one BMA to the next. NOSA would encourage OMNRF to continue to work with BGMAC to find ways to administer Form 33's fairly, consistently and transparently across the province.\nLastly, NOSA wishes to thank Hon. Minister John Yakabuski for allowing this proposal to go forth to the public for comment and consideration. Clearly the Minister has listened to various stakeholder groups who have asked for this to take place, since 1999. We will continue to support the Minister on this proposal as it continues to move forward.\n"
    },
    "44654": {
        "url": "/comment/44654",
        "comment": "I am strongly opposed to the Ontario government\u2019s desire to bring back the spring bear hunt.\nHere a few points that are common knowlege, but need to be repeated in the face of this new proposal:\n*) There is a high risk of orphaning bear cubs who would be left to die an inhumane and cruel death - cubs do not follow their mothers on food gathering trips early in spring, and hunter/trappers cannot determine a bear's gender until it is too late.\n*) Hunting lobbies in Ontario purport that bears are responsible for the decline in moose populations - this is blatant \"false news\" as bears are primarily vegetarian/pescatarian.\n*) There is also no evidence that spring bear hunt reduces human-bear conflict, according to the 2003 Nuisance Bear Review Committee (see link).\n*) As there is already a legal fall hunting season, there is no excuse for bringing back the spring hunt. It should be banned and remain banned.\n*) In the ERO posting it was noted there is a need to reduce black bear hunting on the Saugeen-Bruce Peninsula due to serious conservation concerns. Allowing any hunting of black bears on the Saugeen-Bruce Peninsula is irresponsible and contrary to the government\u2019s duty to ensure the sustainability of the population now and into the future.\n*) Finally, if you have children or grandchildren who are fans of bears and bear cubs, as a politician can you honestly look into their eyes, knowing that many cute bear cubs will painfully starve to death, and that you did nothing to stop that?\nHopefully the government of Ontario sees that the proposal for spring bear hunting is in contradiction to its duty to protect our natural resources, and will not follow through with the changes.\n"
    },
    "44655": {
        "url": "/comment/44655",
        "comment": "I strongly oppose the reinstatement of the spring bear hunt and believe any future hunts should be permanently cancelled.\nIt has been observed that \u201cnuisance bear occurrences increased in the first two years of the spring bear hunt in most districts where it was allowed in 2014 and 2015.\u201d (Nuisance bear incidents increased with spring bear hunt, Toronto Star, April 26, 2016.)\nhttps://www.thestar.com/opinion/commentary/2016/04/26/nuisance-bear-inc\u2026\nAlso, it has been established that the biggest threat to bear populations during the spring bear hunt is the killing of nursing females. Tom Beck is a former bear biologist from the Colorado Division of Wildlife. He has spoken about his research and the problems associated with  spring bear hunting.\n\u201cThe biggest issue is the killing of nursing female black bears. There is no way to prevent this from happening in a spring bear season, either through hunter education or timing of season. \u2026The conclusion of most biologists is that it is quite difficult to accurately determine nursing status on free-ranging black bears, even when a bear is not in a tree or at a bait. The appearance of nursing females in the kill each spring supports this notion. Proponents of spring hunting usually point out that most states protect females with cubs by regulation. The regulation looks good on paper but is very difficult to implement in the field because of bear behavior.\u201d (Beck et al \u2013 \u201cSociological and Ethical Considerations of Black Bear Hunting\u201d from the Proceedings of the Western Black Bear Workshop. Pages 119-131 published in 1995.)\nThe recreational killing of wildlife is antithetical to the values of contemporary society. The majority of Ontario residents do not hunt and it is poor public policy to allow defenseless wildlife to be used as moving targets. So-called blood sports are no sport at all and there is no benefit to the resumption for public safety. For these reasons, it makes no sense to allow the killing of bears in the spring. Doing so is only a politically motivated decision and not one based on science or the public interest and is thus indefensible.\n"
    },
    "44658": {
        "url": "/comment/44658",
        "comment": "Do not reinstate the spring bear hunt.  In fact, why not ban it PERMANENTLY.\nThey hunt with bait.  This is not really even hunting, and it encourages scavenging behavior.\nThey kill nursing mothers.\nThe orphans die.\nThere is no evidence that more person-bear conflict has increased without a spring hunt.\nIt's really a no-brainer.\n"
    },
    "44659": {
        "url": "/comment/44659",
        "comment": "I sincerely urge you to end the spring bear hunt.\nThere is nothing virtuous about taking joy in needlessly killing and innocent animal minding its own business. What a barbaric practice!\nPlease note: Bear cubs will continue to be orphaned if the hunt becomes permanent. While it\u2019s currently against the law to kill cubs and mother bears accompanied by cubs, mother bears often leave their cubs in trees when searching for food. If a mother is killed, her cubs will likely die slowly of starvation or be eaten by predators.\nHunting bears doesn\u2019t improve human safety. Stopping human-bear conflict is achieved by removing access to garbage, barbeques, and other attractants.\nBears have low reproduction rates, meaning the survival of adult females is vital for the species.\nThe government has disclosed a need to reduce black bear hunting in Saugeen-Bruce Peninsula due to population concerns, yet it is simultaneously proposing to allow the hunting and trapping of these bears in that region for one week each spring. This is irresponsible.\nEven the economic argument for allowing the hunt is weak. The government has said the economic impact would be neutral or positive, but has provided no evidence to support this claim.\nPlease, do whatever you can to end the abomination that is the spring bear hunt!\n"
    },
    "44661": {
        "url": "/comment/44661",
        "comment": "Hello,\nI am commenting on this hunt while at the same time wondering what century we are in. It seems to me that the practice of hunting wild animals using baiting and dogs and not paying attention to the gender of the animal in the hunter's crosshairs is more than wrong. It speaks very poorly of the person holding the gun.\nFemale bears often have cubs at this time and while they are not supposed to be targeted, we know they are leaving the cubs to fend for themselves and often dying slowly from starvation. What part of any of this is humane?\nI urge the banning of the hunt outright.\nThank you for considering my comment.\nI support Mike McIntosh and his post on January 20, 2020 on Bear With Us Inc.\n"
    },
    "44662": {
        "url": "/comment/44662",
        "comment": "I hereby state that I am completely opposed to the Ontario government\u2019s unwise and possibly insouciant plan to reinstate a spring bear hunt.\nReducing bear count has no impact on human safety. Stopping bears invading human living areas is achieved by removing the lure of open garbage bins, BBQs, outdoor pet food bowls, and other enticing food sources.\nBear cubs will continue to be orphaned if spring trophy hunting continues - with weight on the term \"trophy\". Bears fresh out of hibernation are not usable as food, being malnourished at this time.\nTrappers and hunters cannot determine if a bear is male or female until the bear has been killed. Because bears have low reproduction rates, the survival of females is vital for conservation.\nBears in the Saugeen-Bruce Peninsula area are endangered. The irresponsible slaughtering during spring will end up with bear extinction in the region.\nFinally, \"economic\" reasons have been given for the proposed spring cull of bears - but the public has not been shown any proof by the Ontario government to support this unfounded assumption.\n"
    }
}