{
    "43316": {
        "url": "/comment/43316",
        "comment": "I believe that the hunting of bears should be discontinued because they have a right to co exist along with us.People need to be made more aware of the consequences of leaving food garbage around that attracts the bears to go near inhabited places,no food left around,no bear problems.\nWhat gives us the right to go and hunt a bear for sport,so many bear cubs are left as orphans because these hunters do not care if it is a mother with cubs or a male. What it all comes down to is money and sick people,give the bear a gun and even things up.\n"
    },
    "43317": {
        "url": "/comment/43317",
        "comment": "I urge Ontario legislators to cancel the Spring Bear Hunt completely, and to not expand the pilot project instituted by previous Liberal governments. Please, do not follow the misguided plan laid out by previous governments led by another party. And, please note that even though the previous government callously expanded the Spring Bear Hunt pilot project, they still lost power.\nWhen governments do too much to satisfy lobbyists, like those that promote pro-hunting commercial interests, it\u2019s no guarantee that they will win or keep power. Most Ontarians do not hunt, nor do they support sport hunting. Most Ontarians want our public lands to be free of violence.\nI urge Ontario Progressive Conservative Party legislators to follow the example provided by former Premier Mike Harris and Minister John Snobelen, when they courageously resisted pressure from hunting lobbyists, a group that does not represent the majority of Ontarians.\nGovernmental support for sport hunting might gain votes in some ridings, but will surely lose voters\u2019 support in other ridings of Ontario.\nA modern province can develop a better tourism plan than inviting non-resident sport hunters who enjoy killing wildlife, animals who have little hope of escape, onto our mutually owned public lands. Ontario\u2019s forests belong to all of us, not just to the businesses that profit from violence against wild animals.\n"
    },
    "43318": {
        "url": "/comment/43318",
        "comment": "Please cancel the Spring Bear Hunt completely, and to not expand the pilot project instituted by previous Liberal governments. Please, do not follow the misguided plan laid out by previous governments led by another party. And, please note that even though the previous government callously expanded the Spring Bear Hunt pilot project, they still lost power.\nYour government will not win power by supporting the hunting lobbyists. Most people in Ontario do not hunt, especially the most callous of hunting practices, Trophy hunting. We want our public lands to be free of violence.\nI urge Ontario Progressive Conservative Party legislators to follow the example provided by former Premier Mike Harris and Minister John Snobelen, when they courageously resisted pressure from hunting lobbyists, a group that does not represent the majority of Ontarians.\nGovernmental support for sport hunting might gain votes in some ridings, but will surely lose voters\u2019 support in other ridings of Ontario.\nA better tourism plan must be developed that does not include that inviting non-resident sport hunters who enjoy killing wildlife. These majestic animals have little hope of escaping. When they die, their babies are left orphans, with little or no chance of survival. It is a shame to kill Bears and their children for enjoyment. Ontario\u2019s forests are mutually owned public lands, and do not belong to the businesses that profit from violence against wild animals.\n"
    },
    "43321": {
        "url": "/comment/43321",
        "comment": "RE:  Ontario Spring Bear Hunt  ERO # 019-1112\nTo Whom This Concerns,\nAs a resident of Ontario I am forwarding my comments and opinions regarding an issue that I am strongly against.\nThe Spring Bear Hunt is about to start shortly and it has no place in the year 2020, in Ontario!  This hunt should not be extended, but rather abolished.\nThis is a cruel and heartless sport that government supports because pro-hunting organizations have spread incorrect information and blatant lies to benefit themselves and enable hunting of bears.  Hunters aim to make people afraid and hateful of bears in order to enable them to continue hunting and killing.\nHunters will have people believe that bears are dangerous with regards to people.  If there are human and bear conflicts, in most cases it's because of food products left carelessly that attracts the bears. Better management of people's food waste should be enforced.\nBear and moose conflict is another fallacy.  Bears are primarily vegetarian and are not responsible for the decline of moose.  Again, over-hunting by people is the major reason of this species decline.\nBear hunting in early spring ie, May is putting the baby cubs at risk because the female bear will hide her young in order to forage for food.  Sometimes, these females will travel quite far from their young.  How is a hunter to determine whether the bear he aims at is a regular bear or one with young cubs waiting for her return?  They can't.  That is why so many bears are killed and the young are left to die a slow and painful death of starvation.\nDogs are often used to chase bears.  How do dogs determine whether a bear is a female, with cubs?  They don't.  They are simply trained to chase bears...Any bears.\nIn this day and age of climate change and species decline, we as a country who are blessed with our beautiful vast lands and precious wildlife should be doing everything possible in order to save our animals.  Nature will provide balance of species. Humans do not need to cull any species.\nI think that you realize that if most Ontarians were polled, they would be against the Bear Hunt.  Unfortunately, I am part of the Silent Majority.  Pro-Hunting groups are well organized and vocal while fighting for their unjust cause.  I implore that my government who represents the will of the people, do the right thing and STOP the Bear Hunt.\n"
    },
    "43323": {
        "url": "/comment/43323",
        "comment": "to those who support any bear hunt i.e. because bears are coming too close to residential areas etc ... please remember who was there first. We humans are relentlessly encroaching on THEIR territory. We humans are polluting their waters. We humans remain at the root cause of all the world ills. We need to spend less time concerning ourselves with how to improve our consumer driven lives and more time giving back to mother nature and finding long term solutions to living TOGETHER peacefully with all her creatures - not short term, ill advised, ghastly solutions that involve killing animals to improve our welfare.\n"
    },
    "43328": {
        "url": "/comment/43328",
        "comment": "Leave the bears alone, they will die naturally when their time comes, just like humans do. What you are doing is nothing but evil!!!! Whomever promoted this evil is a demon and needs to be redirected down wards where they belong (hell).     Also the bears habitat is the forest and you have no right to disturb that!!!! HOW DARE YOU DECIDE TO ALLOW DEMONS TO ATTACK  AND MURDER OUR BEARS!!!! FOR PROFIT YOU DESTROY WHAT IS NOT YOURS TO DESTROY!!!! STOP MURDERING THE BEARS AND CUBS!!!!\n"
    },
    "43329": {
        "url": "/comment/43329",
        "comment": "Please do not extend the spring black bear hunt. It is far too easy for a hunter to make a mistake and kill a sow bear and leave her cubs orphans. As a wildlife photographer, I have seen many black bears in the past. Last year I only saw 2...and they were very young, and thin. I believe there is no good reason to hunt any animal in the spring. These bears have hibernated all winter, survived and then are hunted right away? Not very sporting of hunters, in my opinion.\n"
    },
    "43331": {
        "url": "/comment/43331",
        "comment": "I urge Ontario legislators to cancel the Spring Bear Hunt completely, and to not expand the pilot project instituted by previous Liberal governments. Please, do not follow the misguided plan laid out by previous governments led by another party. And, please note that even though the previous government callously expanded the Spring Bear Hunt pilot project, they still lost power.\nWhen governments do too much to satisfy lobbyists, like those that promote pro-hunting commercial interests, it\u2019s no guarantee that they will win or keep power. Most Ontarians do not hunt, nor do they support sport hunting. Most Ontarians want our public lands to be free of violence.\nI urge Ontario Progressive Conservative Party legislators to follow the example provided by former Premier Mike Harris and Minister John Snobelen, when they courageously resisted pressure from hunting lobbyists, a group that does not represent the majority of Ontarians.\nGovernmental support for sport hunting might gain votes in some ridings, but will surely lose voters\u2019 support in other ridings of Ontario.\nA modern province can develop a better tourism plan than inviting non-resident sport hunters who enjoy killing wildlife, animals who have little hope of escape, onto our mutually owned public lands. Ontario\u2019s forests belong to all of us, not just to the businesses that profit from violence against wild animals.\n"
    },
    "43334": {
        "url": "/comment/43334",
        "comment": "Saudi Arabia which is very wealthy, bombs Yemen (one of the poorest countries in the world) for sport.\nWe are not entitled as human to kill defenseless mammals, who like us nurse their young, and form emotional attachments because we are more 'evolved' than they are.\nYuval Noah Harrari, author of Homo Sapiens and Homo Deus says that in the future enhanced human will treat unenhanced human the way we currently treat animals.\nAnother quote; A famed psychologist who survived Auschwitz said 'To animals all humans are nazis'.\nWe cannot be nazis and kill for pleasure.\nThis is what hunting is. It is killing for pleasure.\nMany studies show that people who enjoy harming animals often also harm people.\nWe do not cull people because there are too many in a given area.\nIt is specism to kill animals for this same reason.\nHunting is immoral. Full stop. Please refer to Peter Singer.\n"
    },
    "43335": {
        "url": "/comment/43335",
        "comment": "I urge Ontario legislators to cancel the Spring Bear Hunt completely, and to not expand the pilot project instituted by previous Liberal governments. Please, do not follow the misguided plan laid out by previous governments led by another party. And, please note that even though the previous government callously expanded the Spring Bear Hunt pilot project, they still lost power.\nWhen governments do too much to satisfy lobbyists, like those that promote pro-hunting commercial interests, it\u2019s no guarantee that they will win or keep power. Most Ontarians do not hunt, nor do they support sport hunting. Most Ontarians want our public lands to be free of violence.\nI urge Ontario Progressive Conservative Party legislators to follow the example provided by former Premier Mike Harris and Minister John Snobelen, when they courageously resisted pressure from hunting lobbyists, a group that does not represent the majority of Ontarians.\nGovernmental support for sport hunting might gain votes in some ridings, but will surely lose voters\u2019 support in other ridings of Ontario.\nA modern province can develop a better tourism plan than inviting non-resident sport hunters who enjoy killing wildlife, animals who have little hope of escape, onto our mutually owned public lands. Ontario\u2019s forests belong to all of us, not just to the businesses that profit from violence against wild animals.\n"
    },
    "43337": {
        "url": "/comment/43337",
        "comment": "When will we learn to leave the wild animals in peace?  Do people really need a bear trophy hanging on their wall and a bear rug on their floor?  How would hunters feel if the bears killed humans in order to save their head as a  trophy? What is this mania of having to kill wild animals?\nWe treat other human beings as we treat animals.\n"
    }
}