{
    "43673": {
        "url": "/comment/43673",
        "comment": "Why do we need to allow anyone to kill black bears or any wild animal??????????\nWHY!!!\nWhy do we feel, as human beings, we feel we can decide what lives and dies in the wild.\nWhy does anyone get pleasure in killing a bear and what be a mama bear leaving cubs orphaned. What is wrong with human beings that are filled with such a desire for senseless murder, because that is what it is - murder.\nSickening to think an innocent animal is trying to live its life, in the wild, and some blood thirsty human being is stalking it with a rifle to end its life.\n"
    },
    "43675": {
        "url": "/comment/43675",
        "comment": "Hunters often struggle to pinpoint the difference between a male and female black bear, and risk killing a mother bear during the spring season \u2013 orphaning her cubs who are too young to survive on their own.\nAlthough there is a ban on killing bear cubs and their mothers, this won\u2019t stop hunters who fail to make the distinction. Inadvertently shooting mother bears is what prompted the cancellation of a previous pilot spring hunting season, and reinstating it based on a proposed economic need just isn\u2019t enough to warrant the negative impact on the species.\n"
    },
    "43677": {
        "url": "/comment/43677",
        "comment": "There were good reasons for ending the annual Black Bear hunt in Ontario. There is no need for anyone to shoot these bears. That's a pretty simple concept. Bears play an important part in our ecosystem and when man interferes we learn quickly what a mistake that is. The Ford Government has already angered many Ontario voters. Restarting the hunt would be another reason to vote Liberal or NDP in the next election.\n"
    },
    "43678": {
        "url": "/comment/43678",
        "comment": "Obviously the bear population can support a harvest. I see no reason why the bear hunt (spring and fall) shouldn't continue on a permanent basis.\nIt seems to me bear populations are expanding in fact (anedoctal).  I'm seeing bear sign in central Ontario where bears are fairly uncommon in recent decades. This would suggest young bears are emigrating to new habitat , again indicating a healthy, perhaps expanding population.\nThe prey species that the bear depends on such as young of the year deer and moose could certainly use control of bear numbers.  We hunt the prey species so I'd suggest we hunt the predator as well.\n"
    },
    "43680": {
        "url": "/comment/43680",
        "comment": "This measure is completely unnecessary, and frankly outrageous. The decision to open \"black bear season\" flies in the face of reputable science, as well as public opinion. There is no need for an increase in hunting allowances, and providing further opportunities for this inhumane practice is unconscionable.\n"
    },
    "43681": {
        "url": "/comment/43681",
        "comment": "There is no good reason to reinstate the spring bear hunt. Residents of northern Ontario who hunt for food have always done this in the fall. Most of those who participate in the spring hunt come from elsewhere, and they use the services of local outfitters, some of whom engage in the questionable practice of bear baiting -- attracting bears with stinky food to places where hunters lie in wait for them (what kind of sport is that?). Many of these \"hunters\" are unable to differentiate between male and female bears, so nursing females are illegally killed alongside the males, resulting in the inevitable death of their cubs.\n   We read the old argument that a spring bear hunt is necessary to prevent a rise in dangerous bear-human contact. I propose a counter-argument: even with bear baiting, not all the bears attracted will be killed. The more bears are attracted to human foods like those set out to attract them at baiting stations, the more they are likely to become problem animals.\n  A far more likely cause of any problem with human-bear contact is the acute and ongoing deforestation and loss of habitat of all forest-dwelling wildlife, which forces bears into places they shouldn't be. I implore the government to rethink its plans to expand areas available to logging companies, and as well to oversee much more closely all of their operations. So much habitat has already been completely lost, or compromised so badly that it cannot support normal biodiversity.\n  Science does not support the return of the spring bear hunt. It seems as if the ministry can't supply any evidence to support it either. A vague notion of small economic benefit is not enough. I suspect the push is coming from a relatively small group of outfitters who depend on non-resident spring hunters. Sorry, but that's not enough. The long-term greater good must be the primary motivation for any government action, and for the ministries of environment and natural resources, economic arguments are only a part of it. The health of the planet and all its living creatures, including us, has to be paramount.\n"
    },
    "43682": {
        "url": "/comment/43682",
        "comment": "Please do NOT allow the Spring bear hunt in Ontario. I recently had a summer job, cleaning up cabins for a fly-in access hunting lodge near Sault Ste. Marie.  A group of men from Orillia rented a cabin for a week in the Spring. They had a tag for one bear.\nAfter four days of dragging kitchen compost and old donuts through the forest and hanging it from a tree, they easily shot a bear for \u2018sport\u2019.\nUpon close examination of the dead bear, it became evident that they had shot a female yearling.\nA completely unnecessary and tragic event.\nThere is absolutely no science to prove that hunting bear for \u2018sport\u2019 is an economic factor in the Ontario economy.\nAbsolutely stop the Spring Bear Hunt.\n"
    },
    "43686": {
        "url": "/comment/43686",
        "comment": "I am strongly against reinstituting the spring black bear hunt on a permanent basis.  It is well known that cubs are unintentionally orphaned by hunters in the spring.\nIf a bear hunt is deemed necessary,  a limited autumn hunt should suffice.\nPlease vote NO to this cruelty.    Most hunters are not eating bear meat.....\n"
    },
    "43687": {
        "url": "/comment/43687",
        "comment": "I am deeply concerned about spring bear hunts in Ontario, especially on the Bruce Peninsula.\nGenerally speaking, my first issue is that it is hard to tell a female bear from a male bear. If a female with cubs is killed the cubs will die.\nOn the Peninsula, the bear population is small, genetically unique and faces extreme habitat issues. Having a spring bear hunt further threatens these animals. Since the Peninsula is still home to black bears, we need to protect and conserve these bears. They are part of our natural heritage and the only place in southern Ontario where they are still hanging on, a place where there\u2019s still a little bit of \u201c wild\u201d left.\nPlease reconsider the spring bear hunt.\n"
    },
    "43688": {
        "url": "/comment/43688",
        "comment": "I fully support the continuation of the Spring black bear hunt beyond 2020 for residents and non-residents in all WMU where there is a fall black bear season\n"
    },
    "43690": {
        "url": "/comment/43690",
        "comment": "In a world where we are currently facing unsustainable habitat loss, climate catastrophes, and the anhiliation of thousands of species worldwide, humans continue to plunder and devastate.  At what point does it stop?  At what point do we realize that we are not on top of the food chain,  we are part of it.  We have become so egocentric and disconnected with the natural world.  And yet we continue to needlessly take the lives of those we should be protecting. Because we need them. We need all life here on this earth if we are going to survive.\nI can't understand how people say they love animals and nature and then go out and take it's life. For fun.  I understand many hunters can not ever comprehend this idea.  it's too far away from their thought process.  But this needs to stop.  Now.  Our job is to protect the animals on this earth.  We need to focus on restoring populations wherever we can!  Restore them!\nWe cannot keep going on this path of self destruction.  It's time to turn things around, forge a new path and make sure our children and their children can enjoy all that nature has to offer for years to come.\n"
    },
    "43693": {
        "url": "/comment/43693",
        "comment": "I do NOT agree with this at all.. Its senceless slaughter of defenceless animals. Its disgusting...\n"
    },
    "43695": {
        "url": "/comment/43695",
        "comment": "I urge the Ontario government to cancel the province's Spring Bear Hunt completely There was no legitimate rationale for partial reinstatement of the spring bear hunt by the previous government and there is none now. Please, do not follow through with this misguided plan.\nMost Ontarians do not hunt, nor do they support sport hunting. In fact, most Ontarians want our public lands to be free of violence.\nAnd the erroneous suggestion by some that black bears are becoming too numerous or that they pose any kind of elevated danger to humans is baseless and not supported by evidence.\nI urge the Ontario government to follow the lead of former Premier Mike Harris who put aside the special interests of hunting lobbyists in favour of following the science and the views of the majority of Ontarians.\nA modern province can develop a better tourism plan than inviting non-resident sport hunters who enjoy killing wildlife, animals who have little hope of escape, onto our mutually owned public lands. Ontario\u2019s forests belong to all of us, not just to the businesses and organizations that profit by the killing of our wild animals.\n"
    }
}