{
    "44144": {
        "url": "/comment/44144",
        "comment": "I think you should reevaluate this proposal in light of the info in the supporting link I've supplied.\n"
    },
    "44145": {
        "url": "/comment/44145",
        "comment": "Bear cubs will continue to be orphaned if the hunt becomes permanent. While it\u2019s currently against the law to kill cubs and mother bears accompanied by cubs, mother bears often leave their cubs in trees when searching for food. If a mother is killed, her cubs will likely die slowly of starvation or be eaten by predators.\nHunting bears doesn\u2019t improve human safety. Stopping human-bear conflict is achieved by removing access to garbage, barbeques, and other attractants.\nBears have low reproduction rates, meaning the survival of adult females is vital for the species.\nThe government has disclosed a need to reduce black bear hunting in Saugeen-Bruce Peninsula due to population concerns, yet it is simultaneously proposing to allow the hunting and trapping of these bears in that region for one week each spring. This is irresponsible.\nEven the economic argument for allowing the hunt is weak. The government has said the economic impact would be neutral or positive, but has provided no evidence to support this claim.\nPlease do not permit the bear hunts\n"
    },
    "44146": {
        "url": "/comment/44146",
        "comment": "Bear cubs will continue to be orphaned if the hunt becomes permanent. While it\u2019s currently against the law to kill cubs and mother bears accompanied by cubs, mother bears often leave their cubs in trees when searching for food. If a mother is killed, her cubs will likely die slowly of starvation or be eaten by predators.\nHunting bears doesn\u2019t improve human safety. Stopping human-bear conflict is achieved by removing access to garbage, barbeques, and other attractants.\nBears have low reproduction rates, meaning the survival of adult females is vital for the species.\nThe government has disclosed a need to reduce black bear hunting in Saugeen-Bruce Peninsula due to population concerns, yet it is simultaneously proposing to allow the hunting and trapping of these bears in that region for one week each spring. This is irresponsible.\nEven the economic argument for allowing the hunt is weak. The government has said the economic impact would be neutral or positive, but has provided no evidence to support this claim.\n"
    },
    "44147": {
        "url": "/comment/44147",
        "comment": "I think that your proposal is nothing but a money grab, and has nothing to do with conservation, The Idiot that thought this up ,should lose his or her job. This is like reading a comic strip out of a news paper. This is the most shamful I have ever herd of, Its not enough that you are gouging non residents, with the cost of hunting, Did you ever think of how much money Americans spend here? not likely\n"
    },
    "44148": {
        "url": "/comment/44148",
        "comment": "I live in a rural area of Ontario and enjoy the beauty of nature that surrounds me every day and that includes black bears.  I am very concerned about the proposal to allow spring bear hunts again.  It is inevitable that bear cubs will to be orphaned if the hunt becomes permanent. Even though it is currently against the law to kill cubs and mother bears accompanied by cubs, past experience clearly demonstrates that mother bears often leave their cubs in trees while searching for food. If a mother is killed, her cubs will likely die slowly of starvation or be devoured by predators.\nThen there are those that believe hunting bears might improve human safety.  We humans like to think we have superior intelligence when compared to wildlife, so lets use it and come up with better ways to deal with bear related problems for which we are responsible and have directly caused. A more common sense and humane approach would be to avoid human-bear encounters by removing access to garbage, smelly BBQs, and other possible attractive items.\nWe live near Bear With Us Sanctuary and are grateful for their tremendous efforts regarding not only the well being of bears, but the general public as well.  Their mission is to encourage an appreciation, understanding and respect for bears through education, action and by direct example.  A spring bear hunt goes against all that this organization stands for.\nNow some will also say that the spring bear hunt is good for the economy - brings in hunters who spend lots of $$ here while pursuing their goal of killing a bear.  Yet there does not seem to be any strong evidence that a spring bear hunt has genuine economic benefits.  And ultimately, if we kill off all our bears or reduce the population to the point where it is endangered, what will it cost us to try to revitalize it.  After all, many areas of Ontario are known for their natural beauty and wildlife that can be observed and appreciated.  Do we want to be responsible for tampering with that?\n"
    },
    "44149": {
        "url": "/comment/44149",
        "comment": "Hunting should no longer take place in Canada or anywhere else. Bear hunts only orphan baby bears as their mothers are coming out of their dens with less energy after hibernation. They only want to protect their young! Humans are the problem and we need to give animals the space they deserve as life on this planet. There was no evidence that this hunt eliminates human-bear conflicts so it is just cruel. Stop it.\n"
    },
    "44150": {
        "url": "/comment/44150",
        "comment": "I  have owned property in Ontario for 12 years ,Have not used the privilege as a property owner to hunt black bear. I bought the land for deer hunting ,But since 2012 the deer all but disappeared.I have thought about bear hunting as a way to get my sons interested in the property as there names were put on the deed for this reason. Hunting on our own land in no way puts us in competition with hunting guides as they can not hunt on my land and I don`t need to hunt on crown land where they would be !   The spring bear hunt will be a huge success for Canadian guides.I ask you not to take this privilege away from property owner as it is one of the only benefits we have other than paying taxes.                        Reason not to change landowner law.............A bear hunter will come up for 1 week,spend money only to the guide camp....I come up 6 to 8 times a year spend my money in town at Lumber yard,gas station ,bait shops,Canadian tire,places to eat,equipment rental,hire local contractors to build my driveway and bought hundreds of yards of fill to make improvements to my land.No one was paying taxes on this vacant land before I bought it ,Now my taxes help the local schools and roads.                                                A compromise would be to let landowners to still hunt on there land and not on crown land.\n                           Thank you       Randy M\n"
    },
    "44151": {
        "url": "/comment/44151",
        "comment": "The comment about a spring bear hunt that I most remember was from a hunter who said that he (whose sex I can only presume (sorry to everyone of whatever sex, because I honestly can't remember and could even apply a sex to name like Morgan - sorry all you Morgans out there) needed a feed of bear meat every spring as part of his yearly cycle.  (I presume that this included the need to kill the bear that he wanted to eat.)  I too have my yearly rituals that are being dissed by the purists.  I am told that I am bad because I want a feed of morels or leeks in the spring.  I am consistently told about a lot of things that I shouldn't be doing and/or wish to do and/or do anyway.  No one will provide any reasonable explanation of why I should not do so except that it somehow conflicts with an unintended application of a law or someone's personal view or their mantra or sometimes (it appears) their livelihood or even (God bless them) their perceived reason for being.\nThe Bruce Grey Curmudgeon\n"
    },
    "44154": {
        "url": "/comment/44154",
        "comment": "The bear hunt is ethically wrong in targeting animals when they are vulnerable. They have young and are hungry after hibernation.\nIt does NOT end human /bear conflict. Only human behavior change will do that. Educate and enact strict fines to people who make attractants available.\nAs a Canadian I do NOT support this program and insist it end immediately!! We need to stop seeing animals as a resource to make money from and stop the normalization of killing animals for sport.\nNo spring  ( or other)  bear hunt. Absolutely NO baiting and NO dogs to be used!!\n"
    },
    "44155": {
        "url": "/comment/44155",
        "comment": "Bear cubs will continue to be orphaned if the hunt becomes permanent. While it\u2019s currently against the law to kill cubs and mother bears accompanied by cubs, mother bears often leave their cubs\u00a0in trees when searching for food. If a mother is killed, her cubs will likely die slowly of starvation or be eaten by predators.\n"
    },
    "44156": {
        "url": "/comment/44156",
        "comment": "I don\u2019t think the bear hunt should be aloud at all. This doesn\u2019t seem well investigated and researched. Making bear hunting permanent would put bear numbers lower and they don\u2019t have a high reproduction rate or survival rate. We need to conserve our wildlife and find better ways to keep bears out of garbages as well as making sure their food sources and hunting areas are being protected! We need to conserve, not kill! With our food sources being so abundant this is not necessary for our way of life or as a food source for many, that leaves doing this for sport or fur, which are not reasonable reasons for allowing this hunt to continue!\n"
    },
    "44158": {
        "url": "/comment/44158",
        "comment": "The Spring Bear Hunt puts female bears at risk at bait sites and even experienced hunters would have a difficult time distinguishing from the males.\nThe population on the Bruce of genetically isolated black bears is small and declining and yet you have proposed a limited hunt, which should be disallowed given this dire population decline.\nEven one mother bear killed at a bait site is one too many when one considers the orphaning of bear cubs and the sufferance for dependent offspring.\nEcology dictates that bear populations are self regulating by way of what the ecosystem can sustain and does not justify killing.\nThe hunt is unethical due to the time of year and the fact that trophy hunting should be banned.\nTrophy hunting is unethical and a blatant disregard for life, and our province would be better served by putting time and energy into helping folks take up their responsibility to not attract bears in bear country, and to advocate for humane co existence.\nThe unacceptable spring bear hunt proposal should be declined.  Our economy, environment, and tourism would be better served if folks could instead enjoy the presence of black bears and opportunities to view them in nature.\nBait piles are problematic and attract all other forms of wildlife to the dinner table.\nPoaching has not been quantified and we know it is going on in Ontario.\nBears are sentient beings and should not be blood sport so called hunted at bait piles or at all.\nThis proposal is problematic because it is human centric and unscientifically justified and as such is inappropriate for a Ministry that must make good decisions on behalf of wildlife in the public trust.\nYour own Ministry has published a document that admits and quantifies the number of cubs you expect will be orphaned annually by the spring bear hunt:  unethical!\n"
    },
    "44159": {
        "url": "/comment/44159",
        "comment": "I strongly oppose the spring bear hunt.  Bear populations are already at risk of decline due to loss of habitat, so-called conflicts with humans usually caused by actions of humans, poaching, and an increasing illegal bear bile trade.  The hunt causes orphans who are then also at risk of survival.\nBan the spring bear hunt.\n"
    },
    "44160": {
        "url": "/comment/44160",
        "comment": "Please rethink this.   How many naturalist societies are in favour of this? any?  why are naturalists opposed?\nHow will those who are children now and their children look upon this bear hunt? will they ask how responsible officials could support this kind of unnecessary violence?  It is not a good idea.  Of course, cruelty to bears is cruelty to animals and must not be allowed.  Everyone understands that, even those who find killing them sport.\nIf morality is not an issue here, then please look at the environmental impacts to wildlife and the nature that makes Ontario beautiful.  Bears have low reproduction rates.  Cubs perish when the mother is shot.  The science does not support the bear hunt, let alone advocate for it.\n     Ontario is a leader in Canada and must show the rest of us the responsibility to trust the science, not those who enjoy killing bears.\n    Don't do this to make political points.  Show that you have a higher priority: care for the world and the animals who live in it, remembering that we also, we human beings, are animals too.\n"
    },
    "44162": {
        "url": "/comment/44162",
        "comment": "I'd like to know what's wrong with you people in government?  What gives you the right to allow the taking of another beings life? Oh, wait a minute...whose pockets are being lined by the gun manufacturers and the hunting lobbyists?  You all make me sick!  LEAVE THE ANIMALS ALONE!! \ud83d\ude21\ud83d\ude21\ud83d\ude21\ud83d\ude21\ud83d\ude21\ud83d\ude21\ud83d\ude21\ud83d\ude21\ud83d\ude21\ud83d\ude21\ud83d\ude21\ud83d\ude21\ud83d\ude21\ud83d\ude21\ud83d\ude14\ud83d\udc94 Do your jobs to PROTECT them.\n"
    }
}