{
    "41269": {
        "url": "/comment/41269",
        "comment": "My family and I are in full support of the return of the spring bear hunt. My brother and I have been fortunate enough to participate in the \"pilot project\" spring bear hunt for the past 3 years (2017 - 2019) in WMU 37. Although we live in the Niagara region in Ontario, we have extended family that live in  WMU 37. They have graciously extended invitations to us to come and participate in the pilot project spring bear hunts and it has been an awesome experience for us. Through the spring bear hunt, our families have grown closer together, which we value very much.\nIn addition to being able to participate in this hunt with our families, we also really value the opportunity to travel to northern Ontario, to be in the outdoors and see another part of the great province of Ontario. The spring bear hunt provides this opportunity for us.\nThe spring bear hunt also provides another hunting opportunity for many Ontarians. As I'm sure you're well aware of, people have many different work schedules these days and busier or slower times of the year. In our cases, the spring is a much better time for us to participate in a hunt like this. In the fall, our schedules are simply too busy to participate in the fall bear season. With no spring bear hunt, we would not be able to hunt for bear at all.\nAbove all, the greatest thing we enjoy about the spring bear hunt is the meat that we are able to procure and feed to our families. It's great to participate in our hunting heritage and it more then just pulling a trigger. I get way more satisfaction out of what happens after that moment. When we are able to harvest a bear, we butcher and process the meat ourselves and I wouldn't have it any other way. It's awesome to go to the freezer and pull out safe and healthy meat to feed your family, meat that you harvested and processed yourself. As I said before, without the spring bear hunt, we would not be able to participate in a bear hunt in Ontario and provide this to our families.\nI do disagree with some of the changes to non-residents. I know that there are quite a few American hunters that have bought large parcels of land (150 acres plus) in and around the area that we hunt in WMU 37. They have invested in these properties and have built small \"camps\" that they use for hunting opportunities as well as vacation destinations for their family and friends. They currently participate in the spring bear hunt by hunting on the properties that they own. They already pay way more for a bear license and they come to Ontario, spend money and support our economy. I would be concerned that by making them use and pay a licensed bear operator to hunt on land they own, some of these people might make the decision to not come to Ontario to hunt bear anymore, possibly even to sell this land they own, and no longer come to Ontario to hunt or vacation at all!\nThank you for your time and for reading my comments.\n"
    },
    "41273": {
        "url": "/comment/41273",
        "comment": "This is nothing short of animal abuse.  You state you are for:\n\u201cThe protection and conservation of natural resources, including plant life, animal life and ecological systems.\u201d\nThen why do you allow this barbaric practice to happen.  Time to get out of the dark ages or we need new blood running OUR Ontario Environment - individuals with compassion.\n"
    },
    "41274": {
        "url": "/comment/41274",
        "comment": "I am against the spring bear being permanent or temporary. It is not necessary to have Spring Bear Hunt at all. It is enough of shooting and killing for money and sport, as well as food. There is enough to eat including loads of healthy plant-based options such as legumes, grains, starches, fruit, vegetables in abundance without killing animals which is primarily for sport and money. The money this supposedly bring in will just be partly spent on enforcement and monitoring, administration costs. The best solution is to listen to the majority of Canadians who are against the Spring Bear Hunt every year and put an end to the Spring Bear Hunt. It is treacherous to allow this killing, the animals don't need to be culled. They are living in the Wild in nature, humans shouldn't go and follow them in there under the guise of doing a service. There are mother bears and cubs, male bears it is impossible for adrenaline filled, possibly alcohol filled people to exercise correct judgement in who they shoot and conservation officers can't be everywhere.  This costs more money than it gets, if you want tourism then go do another activity and take hike or go find another activity do a real sport like soccer or volleyball and not killing. Canadians don't want to be living in places which promotes, encourages and fosters killers who in turn are living amongst us and are conditioned to be violent as Government support them, so they as a result are excused to kill by the authority figures which is supposed to protect Canadians and Wildlife instead of creating and encouraging killers. I think we are out of the old century and in a new century where animal abuse, killing shouldn't be increasing and is not the norm.  It is outrageous that the government is constantly coming up with new ways and ideas to kill more wildlife I think this is getting old and it would be a breath of fresh air to see the government and ministry of wildlife to get with the times and stop the killing. This is not normal and makes me ashamed to be Canadian. It's embarrassing when the public outcry against these actions to kill is in the majority and the ministry follows a minority few hunters and those who profit from it and not the majority against these actions, it seems the message is it's easy to kill and eliminate rather than find a Canadian, peaceful solution and get with the times. There is no excuse today to kill for any reason and definitely not this Spring Bear Hunt it must be permanently stopped. It is psychopathic and disgusting that it is being allowed.\n"
    },
    "41275": {
        "url": "/comment/41275",
        "comment": "In the spring, mother bears have just gotten out of hibernation, they are slower and clumsy. To kill a mother bear is to kill the babies too. In addition, people use unethical methods such as bear baiting to lure the bears out so they are an easy kill. The entire idea of hunting animals is repugnant and disgusting. We should be encouraging people to care for animals, not kill them.\n"
    },
    "41276": {
        "url": "/comment/41276",
        "comment": "It's great to see the MNRF with the current government reinstating the spring hunt that never should have been cancelled in the first place.\nI've participated in the spring bear hunt every year since the first 2 year pilot project. Every year, myself and a group of friends each spend a significant amount of money in northern committees where we typically wouldn't. If we are unsuccessful in the spring, we do it all again in the fall.\nIt's nice to see this important wildlife management decision made based on science and statistics, rather than emotion.\n"
    },
    "41281": {
        "url": "/comment/41281",
        "comment": "Please don\u2019t bring back the spring bear hunt. I believe in sustainable wildlife management but there is too much risk for irresponsible and cruel hunt behaviour. The use of baiting, dogs and the likelihood that young bears will be orphaned. I am a conservative and I was proud when a conservative government ended the spring bear hunt and I feel sick a conservative government would bring it back.\n"
    },
    "41284": {
        "url": "/comment/41284",
        "comment": "I totally agree that the black bear spring bear hunt proposed changes are required and should be implemented.\nI am a trapper and have seen the increased pressure in the forest due to the closure of the spring bear hunt.\nLike it  or not bears are predators and I have seen them pursuing moose with calves in the spring and noticed quite a few  female moose with no young calves later on in the summer.\nMy trail cameras have also shown a lot more bear activity in my area and for the first time in over forty years of trapping, I had bears take beaver that were in my traps last fall.\n"
    },
    "41286": {
        "url": "/comment/41286",
        "comment": "Every time I think this province is done violating biodiversity and putting certain interest groups first, it does something else to surprise me.\nThe spring bear hunt is barbaric. I bought property in Northern Ontario to spend time in nature away from the cruelty I see at my home in southern Ontario every day. The relentless coyote hunting with dogs, leaving maimed and orphaned animals and the limited regulation is horrific. I bought land up north as a sanctuary. But the proposed spring bear hunt with so few regulations (and let\u2019s be honest, hunters are notorious for not complying with regulations that do exist) is yet another sign that anyone who loves wildlife, healthy ecosystems, should find another province in which to live. If these pointless cruel decisions continue to be made by the Ontario government I will most definitely not be voting PC in the next election. This would really be the nail in the coffin for my respect for this govt.\n"
    },
    "41289": {
        "url": "/comment/41289",
        "comment": "Absolutely do not open up a bear hunting season. If there are truly issues with population control, then they should be culled by the proper authorities in a humane and strategic way. Leaving this up to the general population is a recipe for disaster, accidents, and needless suffering on behalf of those animals and their cubs.\n"
    },
    "41290": {
        "url": "/comment/41290",
        "comment": "I request that there be a moratorium on bear harvest on the Bruce Peninsula as other human-caused threats - road mortality, habitat loss and fragmentation and human-bear conflicts - are on the rise. Research indicates that there has been a decline in bear numbers and that human-caused mortality should be reduced to support sustainability of this genetically isolated population.\n"
    },
    "41292": {
        "url": "/comment/41292",
        "comment": "I am writing to express my strong opposition to this proposed pro-hunting law.\nThere are countless resources that highlight the relationships that wildlife has within packs and families. Mammals, birds, reptiles, fish, etc. have demonstrated that they are not only capable of feeling love, but also of experiencing loss and physical and psychological pain.\nHunting - unless done solely for the purpose of survival in harsh, remote areas - is an unnecessary, outdated and cruel practice, and it needs to be abolished.\nPlease consider the immense strain we've already placed on ecosystems and wildlife, and consider the irreparable damage we've caused on the environment as a whole for nothing more than selfish gain. Hunting is harmful on a magnitude of levels. Ban hunting now.\n"
    }
}