{
    "42407": {
        "url": "/comment/42407",
        "comment": "We should live along side of nature we can learn a lot from nature. No man/woman is , or, can be above nature so why do you think you should kill innocent animals ?? The creator of life knew what he was doing and only he designed the perfect architecture which is this life and those who live in it. Leave the animals alone. We can all live in peace if we want to.\n"
    },
    "42415": {
        "url": "/comment/42415",
        "comment": "What kind of a person would go around murdering innocent and helpless living, feeling beings?  Don't we call them terrorists?  Hunters are indeed sociopaths and terrorists.  Who wants to walk around their home and be shot dead?  Not the bear and not any wildlife.  Stop hunting of bears and stop hunting of our wildlife.  We do not need to breed more sociopaths in this world.  Please!\n"
    },
    "42418": {
        "url": "/comment/42418",
        "comment": "How about generating income for tourism and appreciating the outdoor life instead of destroying it? This is 2020, there is no reason that we need to draw economic benefits from hunting. There are no benefits from these useless sports except to the privileged few. This proposal is a bad idea. Let cubs live, instead of orphaning them for absolutely zero good reasoning. It\u2019s 2020, time to start thinking straight and come up with the many many better opportunities that benefit more people and that don\u2019t rely on destruction. There is absolutely no excuse that humans can determine which species is invasive or overpopulated.  Humans are the invasive species, and have no right labeling others demise, leave the bears alone. The least we can do is protect and save them.\nThanks\nMonica T.\n"
    },
    "42420": {
        "url": "/comment/42420",
        "comment": "hello\nI am strongly against the proposal to make the bear spring hunt permanent. It would be cruel and tarnish Ontario's image for tourism.\nFemales with cubs must be protected. This is very difficult as cubs are often treed or kept away by their mother while she looks for food. To protect female bears and their cubs, the current season of May 1 to June 15 needs to be changed to June 1 - June 30.\nBaiting should not be allowed. In addition, the use of dogs to chase and harass bears should not be allowed.\nA report first needs to be created and released to the public on the impact of a spring bear hunt on other recreationalists\u2019 safety. Bear hunters in the spring make up a very small percentage of people enjoying the outdoors in Ontario. Also, another report should be created and released to the public on efforts of the Ontario government to increase availability of non-consumptive ecotourism opportunities in the province alongside the limited spring bear hunt.\nthank you\nmichael\n"
    },
    "42424": {
        "url": "/comment/42424",
        "comment": "A spring bear hunt is vicious and sadistic.  Spring bear hunts inevitably lead to the horrific deaths of dependent cubs who are orphaned when hunters kill their mothers.\nBear meat is almost inedible.  Killing a bear is not for survival, for its meat; it is to satisfy a psychopathic urge to hurt something living.\nWho is the sadistic legislator who is proposing this cruel and unnecessary hunt?  Has the gun lobby paid off the Cons?\nThat's my feeling, that there's money involved and that's the only reason this is being proposed - by people who have been bought and paid for.\n"
    },
    "42426": {
        "url": "/comment/42426",
        "comment": "As a Canadian citizen I do not support bringing back the Spring Bear Hunt.  We need to protect our wildlife not kill it.  The hunt will be a death sentence to orphaned cubs.\nWith climate change, we have thousand of animals around the world on the extinction list.  We take away their homes by building houses all for money.  It's time we spoke up and stood up for the animals.\nThe government needs to protect bears!\n"
    },
    "42427": {
        "url": "/comment/42427",
        "comment": "I am writing to ask that the government to, please, not bring back the spring bear hunt.\nIt is cruel and will lead to many orphaned bear cubs. Just as British Columbia recognized that it is no longer socially acceptable to hunt bears.\nFurthermore, if the objective is to control black bear populations, research indicates that the real solution is to decrease the vast amounts of clear-cut logging that is taking place in Ontario.\nPlease do not bring back this inhumane practice. It is legislated cruelty. We can do without it. The baby bears cannot.\n"
    }
}