{
    "44517": {
        "url": "/comment/44517",
        "comment": "Do not make a permanent spring bear hunt. It's too difficult for hunters to tell the difference between male and female bears and I fear this will lead to accidental killing of black bear mothers. I don't support any open bear hunting season. It's inhumane to be hunting such a large mammal for recreation. In the case of hunting for food in remote places or for First Nations - fine, but not for recreation.\n"
    },
    "44520": {
        "url": "/comment/44520",
        "comment": "The the Spring Bear Hunt is idiotic, as a biologist it never ceases to amaze me that people thing nature is our enemy and we can live just fine without it. Then again, it's not like you work for the people of ontario, you only care about lobbyists that give you money, funny how you beg for votes during the election thinking we're so stupid that we won't remember what you've done.\n"
    },
    "44525": {
        "url": "/comment/44525",
        "comment": "To Whom It May Concern:\nI am shocked that the government would consider opening up a regular bear hunting season.\nTo begin with, bear cubs will be orphaned if the hunt becomes permanent; mother bears often leave their cubs in trees when searching for food. If a mother is killed, her cubs will likely die slowly of starvation or be eaten by predators.\nSecondly, hunting bears doesn\u2019t improve human safety. Stopping human-bear conflict is achieved by removing access to garbage, barbeques, and other attractants.\nThirdly, bears have low reproduction rates, meaning the survival of adult females is vital for the species.You have disclosed a need to reduce black bear hunting in Saugeen-Bruce Peninsula due to population concerns, yet are simultaneously proposing to allow the hunting and trapping of these bears in that region for one week each spring. This is irresponsible.\nFourthly, the economic argument for allowing the hunt is weak; where is your evidence to support your claim that the economic impact would be neutral or positive.\nFinally, condoning and encouraging people to kill animals for fun does not send a positive message about the kind of society we are or wish to be.\n"
    },
    "44526": {
        "url": "/comment/44526",
        "comment": "The spring beat hunt is entirely unnecessary and dangerous. Not only are many hunters hasty and reckless, easily killing a mother with cubs, but there are other times in the year that hunters can go out. The tourism industries in the areas where hunting occurs need to adapt their strategies to attract customers outside of hunting... it\u2019s possible. They need to stop looking at the lowest hanging fruit, because ultimately that lowest hanging fruit is what is causing more harm than good.\n"
    },
    "44527": {
        "url": "/comment/44527",
        "comment": "I sincerely urge you to end the spring bear hunt.\nThere is nothing virtuous about taking joy in needlessly killing and innocent animal minding its own business. What a barbaric practice!\nPlease note: Bear cubs will continue to be orphaned if the hunt becomes permanent. While it\u2019s currently against the law to kill cubs and mother bears accompanied by cubs, mother bears often leave their cubs in trees when searching for food. If a mother is killed, her cubs will likely die slowly of starvation or be eaten by predators.\nHunting bears doesn\u2019t improve human safety. Stopping human-bear conflict is achieved by removing access to garbage, barbeques, and other attractants.\nBears have low reproduction rates, meaning the survival of adult females is vital for the species.\nThe government has disclosed a need to reduce black bear hunting in Saugeen-Bruce Peninsula due to population concerns, yet it is simultaneously proposing to allow the hunting and trapping of these bears in that region for one week each spring. This is irresponsible.\nEven the economic argument for allowing the hunt is weak. The government has said the economic impact would be neutral or positive, but has provided no evidence to support this claim.\nPlease, do whatever you can to end the abomination that is the spring bear hunt!\n"
    },
    "44529": {
        "url": "/comment/44529",
        "comment": "The following wording is not my own, but I fully agree with the message.\nI urge Ontario legislators to cancel the Spring Bear Hunt completely, and to not expand the pilot project instituted by previous Liberal governments. Please, do not follow the misguided plan laid out by previous governments led by another party. And, please note that even though the previous government callously expanded the Spring Bear Hunt pilot project, they still lost power.\nWhen governments do too much to satisfy lobbyists, like those that promote pro-hunting commercial interests, it\u2019s no guarantee that they will win or keep power. Most Ontarians do not hunt, nor do they support sport hunting. Most Ontarians want our public lands to be free of violence.\nI urge Ontario Progressive Conservative Party legislators to follow the example provided by former Premier Mike Harris and Minister John Snobelen, when they courageously resisted pressure from hunting lobbyists, a group that does not represent the majority of Ontarians.\nGovernmental support for sport hunting might gain votes in some ridings, but will surely lose voters\u2019 support in other ridings of Ontario.\nA modern province can develop a better tourism plan than inviting non-resident sport hunters who enjoy killing wildlife, animals who have little hope of escape, onto our mutually owned public lands. Ontario\u2019s forests belong to all of us, not just to the businesses that profit from violence against wild animals.\n"
    },
    "44531": {
        "url": "/comment/44531",
        "comment": "This is totally disgraceful. I have always been a supporter of ford\u2019s but I\u2019m appalled by killing mothers of Cubs right in hibernation. I emailed fords office a few days ago about this and the 14 dogs in Minden with no response back. Paws doesn\u2019t work. They need to be fired!!! 4 days to come to the rescue of the 14 dogs. 6 didn\u2019t make it!!!! No jail for owner. Ford no longer has my or my husbands support. He cares nothing for animals when they are way better than humans. Even conservation has no schooling or training obviously to protect the wildlife. Instead they shoot to kill! Trophy hunters is all they are! I got no response at all from the email. Emailed Ontario humane society to help with the dogs and they responded back that they are not allowed to anymore. Anyone who has no respect or love for animals has a cold heart and that\u2019s Ford. I will no longer stick up for him with the education and no longer donate.\n"
    },
    "44532": {
        "url": "/comment/44532",
        "comment": "I hope that you will not institute a permanent spring bear hunt in Ontario. Please have respect for wildlife and their right to have lives that are not bothered or threatened by violent humans. Baby bears should be protected from being orphaned, and the Ontario government should find ways for humans and bears to co-exist without bears suffering the consequences of population growth and habitat intrusion.\nThanks for your kind consideration in this matter.\n"
    },
    "44535": {
        "url": "/comment/44535",
        "comment": "Bear cubs will continue to be orphaned if the hunt becomes permanent. While it\u2019s currently against the law to kill cubs and mother bears accompanied by cubs, mother bears often leave their cubs in trees when searching for food. If a mother is killed, her cubs will likely die slowly of starvation or be eaten by predators.\nHunting bears doesn\u2019t improve human safety. Stopping human-bear conflict is achieved by removing access to garbage, barbeques, and other attractants.\nBears have low reproduction rates, meaning the survival of adult females is vital for the species.\nThe government has disclosed a need to reduce black bear hunting in Saugeen-Bruce Peninsula due to population concerns, yet it is simultaneously proposing to allow the hunting and trapping of these bears in that region for one week each spring. This is irresponsible.\nEven the economic argument for allowing the hunt is weak. The government has said the economic impact would be neutral or positive, but has provided no evidence to support this claim\n"
    },
    "44536": {
        "url": "/comment/44536",
        "comment": "Please change the spring hunt to later in the season as Mama Bears who are out of the den foraging may be killed, leaving the Cubs to starve. Sometimes she might leave them in the den & go out. A hunter would not know if this bear had Cubs or not.\nI would prefer NO hunt at all, but if you do allow a short period for a hunt to happen, please defer it to June so they will fully be out with their Cubs.\nPlease consider the Mama's & Cubs!\n"
    },
    "44537": {
        "url": "/comment/44537",
        "comment": "This is a terrible idea. Not only are spring bears dopey and under nourished putting into question their value for hunting, but this will lead to loss of sows with cubs as they aren't always together.\nFurther practices of baiting and poor usage of the entire animal makes the spring hunt particularly reprehensible and should not be allowed.\n"
    },
    "44538": {
        "url": "/comment/44538",
        "comment": "Dear Sirs,\nI am writing to oppose the proposed permanent Spring bear hunt.\nThere are factors that need be taken into consideration. A hunter is not able to know that he shot a female bear before the kill. Mother bears may leave alone their cubs in trees and roam in order to forage. Therefore it is reasonably expected that many mothers will be killed unintentionally and many vulnerable orphans will be at the mercy of predators or perish due to exposure or starvation.\nThere is a lot of intentional misinformation that makes the public fear bears and want to have them killed. The truth is that bears are more afraid of people and only want to protect themselves and their territory. People need to know that bears are sentient beings, basically timid and rarely aggressive.\nHunters themselves need to be educated about bears especially about mothers and how they raise their cubs in order to avoid unnecessary killings.\nAs regards concerns that bears kill moose, this is not true. Such incidents are rare and have no effect on moose population.\nIf you proceed to spring bear hunt, then please consider this to take place later on, in June, so that mothers and cubs stand a better chance.\nTaking this opportunity I would also point out that the fall hunting season is also disastrous for the cubs. Cubs that are orphaned during that period have a slim chance of survival in the coming winter. In most cases they are condemned to die of hunger and exposure.\nI also oppose baiting- this should not take place at all; but if it will, baiting must end when the season concludes and not begin again until shortly before the fall season. In addition, stricter limits must be put in place to protect recreationalists, drivers, property owners, pets and others from bait piles that attract wildlife.\nI would also ask you to stop the use of hounds/dogs to chase, tree and/or otherwise harass bears. This is barbaric and causes tremendous stress and torture to a basically harmless creature.\nIt should be very clear and publicly acknowledged that bear hunt has nothing to do with public safety. Hunting does not reduce human-bear conflict. When people are educated about bears, do not leave attractants and food accessible to the bears, then conflicts will be minimized.\nEducation, correct and updated information, enforcement of regulations about respect for wildlife will ensure that all people will be able to enjoy nature and co-exist peacefully with the bears.\nThank you for taking the time to review this comment.\n"
    },
    "44539": {
        "url": "/comment/44539",
        "comment": "I have many concerns relating to the Ontario spring bear hunt. As a long time resident of Ontario, I vote that it be abolished. If that cannot happen, I request that consideration be given to making changes, as follows:\n1. Females with cubs must be protected; currently that is difficult as cubs are frequently treed or kept away by their mother while she forages.\n2. The current season of May 1 to June 15 should be changed to June 1 to June 30 to protect females with cubs as well as the cubs themselves.\n3. Evidence as to the accomplishments and milestones of the pilot project and the extended pilot project (not the original strategy written before the hunts) need to be released to the public.\n4. Baiting should not take place; if it will, baiting must end when the season concludes and not begin again until shortly before the fall season and more stringent limits must be put in place to protect recreationalists, drivers, property owners, pets and others from bait piles that attract wildlife. All bait sites should be registered to ensure compliance.\n5. Information showing an increase in enforcement capability through funding, infrastructure and boots-on-the-ground hires of conservation officers should be made available.\n6. The government must make an acknowledgement that a spring bear hunt is not about community safety as originally stated in 2014 in the face of their own evidence showing it does not impact human conflict with bears; education and enforcement of human behaviour, attractants and feeding will have the greatest impact on mitigating and preventing conflict\n7. A report should be created and released on the impact of a spring bear hunt on other recreationalists\u2019 safety, freedom to explore and expectations, as bear hunters in the spring make up a very small percentage of people enjoying the outdoors in Ontario.\n8. A report should be created and released on efforts of the Ontario government to increase availability of non-consumptive ecotourism opportunities in the province alongside the limited spring bear hunt.\nThe use of hounds/dogs to chase, tree and/or otherwise harass bears should be immediately halted.\n"
    },
    "44540": {
        "url": "/comment/44540",
        "comment": "I wish to be counted as fully opposed to the proposed Spring bear hunt. There has to be a far better way than killing every living creature for cash and justifying it. The educated people of the world should find a way to live in harmony on earth rather than killing and destroying. The stupid people could start by not having children.  Eventually we will all suffer from our arrogance and destruction.\n"
    },
    "44542": {
        "url": "/comment/44542",
        "comment": "The spring bear hunt is a cruel and morally unacceptable event that is opposed by a majority of Ontarians. Although killing mothers who are accompanied by their cubs is illegal, many female nursing bears are killed while away from their cubs and many illegal killings go undetected. This is completely objectionable and the spring bear hunt should not continue because of the risk of orphaning bear cubs. Black bears are not overpopulated in Ontario and there is no scientific rationale for a spring bear hunt. The reality is that the spring bear hunt is being pushed by trophy hunters and pro-trophy hunting organizations that wish to profit off more bear hunting. This is unacceptable and I will not be supporting this government any longer if it proceeds with making the spring bear hunt permanent.\n"
    },
    "44543": {
        "url": "/comment/44543",
        "comment": "We do not have too many bears.\nWe need all the wildlife we can save.\nKilling animals when they emerge from hibernation is nothing short of cruel. Leaving orphan cubs to die is cruel.\nThis should never have been allowed and it should not be permanent.\nBear baiting is also unfair. Feeding them candy? Cruel and unfair.\n"
    }
}