{
    "41001": {
        "url": "/comment/41001",
        "comment": "I am disgusted and appalled.  There is no need for this except to appease some bureaucrat who likes to murder bears.  This is a death warrant for innocent baby bear cubs who will be orphaned and die when their mothers are gunned down by hunters after emerging from hibernation in the spring.\nI say NO to a permanent spring bear hunt. I say NO to putting tourism above the lives of mother bears and their newborn cubs.\nI say NO to this proposal.\n"
    },
    "41002": {
        "url": "/comment/41002",
        "comment": "If I understood the proposal correctly, it sounds like the MNR of Ontario is planning to reinstate a \u2018normal\u2019 black bear hunting season. I am opposed to the senseless slaughter of black bears by tourists and big game hunters.\nIf they want a trophy, then by all means, regulate the tour outfitters and make them hire a guide who will ensure that the hunters only use tranquilizer guns that would allow them enough time to obtain a photo and then stick around long enough for the bear to regain consciousness.\n"
    },
    "41005": {
        "url": "/comment/41005",
        "comment": "I strongly oppose to even allowing bear hunting or hunting of any other animal for that matter! Hunting was a survival method many many moons ago so if people want to practice their target shooting, they should consider putting up target shooting facilities across the country. Let the animals live their lives, they deserve this life just like every other human being! How dreadful to treat a beautiful soul as a witch hunt, even in 2020!!! It\u2019s scary enough for them to hear some humans as it is, but to be hunted all the time they\u2019re not in hibernation is extremely stressful and sad!!! Disgusting really\n"
    },
    "41007": {
        "url": "/comment/41007",
        "comment": "ERO 019-1112\nRe: black bear Spring hunt in Ontario\nI personally do not like the thought of a Spring bear hunt for a number of reasons. Firstly, I\u2019ll state as an animal lover I find killing animals for sport offensive. While I would never engage in this type of activity, I can understand those who would hunt an animal for food, I. e. a deer. But I can not fathom why anyone would consider eating a Spring bear. They\u2019ve been hibernating, so are not in robust condition and so can hold little allure for the dinner table.\nSecondly, sows emerge with very young cubs. Putting sows in a position to be shot by baiting, trapping or happenstance, not only removes her from the breeding population but dooms her cubs also. You can put a moratorium on sow hunting but you cannot enforce it. What concrete measures are being put in place to ensure cub retrieval, rehabilitation and rerelease into the wild? By having a 6 week hunt, you are putting sows and young cubs at risk for far too long a window.\nThirdly, this is 2020. It\u2019s time to think of wildlife as more than objects to shoot and kill as trophies. Perhaps it\u2019s time to to get a more realistic attitude towards what the public really wants, ie. eco-tourism, than catering to a select few who crave blood sports. If you had the courage to promote a more sustainable use of our bears as \u2018tourism poster animals\u2019 instead of dead rugs and gallbladders, you would realize an equal, if not, greater revenue. It would be nice if Ontario was known for live Black Bear viewing similar to Churchill claim to fame with polar bears, than as a bear shooting capital.\nLastly, by allowing a double hunt, ie. Spring and Fall, you put undue pressure and stress on the species between den emergence and hibernation. How can you justify this?  Why would you shoot them in the Spring and for what reason when they are at their most vulnerable? What\u2019s being done with the carcasses? If you as a Ministry are not thinking about ALL outcomes of your actions, you have no business reinstating a Spring bear hunt. Ontario wildlife should be worth more alive than dead.\nSigned a loyal wildlife supporter\n"
    },
    "41012": {
        "url": "/comment/41012",
        "comment": "Please make the spring bear hunt reinstation permanent. There are many benefits including but not limited to the ones I'm going to list.\n1. Population Management\nNursing sows and Cubs cannot be harvested which means mainly males will be. This allows the cubs a better chance of survival as the males prey on them and out compete for food.\n2. Human and Bear Conflicts\nHarvesting a portion of the population after hibernation means that there will be less bears competing for natural food sources therefore less bears hanging around towns and people's yards. The males that are sought after by hunters and trappers are the most likely to do this as they're the most aggressive.\n3. Reduced use of taxpayer money\nHarvesting potential nuisance bears before they cause an issue saves money for police and MNRF being called to a scene as well as relocation costs and costs related to educating the public on dealing with bears.\n4. Revenue\nAn additional season means more tags purchased. Along with that means more more spent on hunting gear, groceries for trips, butcher fees to get the animal processed and royaly fees on hides that are sold through an auction house.\n5. Employment\nThere are many outfitters and guides provide people with the experience of bear hunting and charge for their service. This may be a significant portion of their income\n"
    },
    "41014": {
        "url": "/comment/41014",
        "comment": "I support this 100%!! We need to bring back the spring bear hunt to control the population and ensure bears have enough food, to survive the long winters. We also need to bring down the number of problem bears and help hunting outfitters and the economy in the north. Bears are being pushed further and further south in search of territory and food, increasing the encounters that people have with these powerful animals!\n"
    },
    "41031": {
        "url": "/comment/41031",
        "comment": "If it is necessary to control the bear population, then a TNR...Trap Neuter Return...program would be a much more humane solution. We destroy the animal habitats and then call them a nuisance when they are just trying to survive in our world and the solution is to just kill them?? Mahatma Gandhi once said, \u201cThe greatness of a nation can be judged by the way its animals are treated.\u201d \u201cLife is as precious to us as it is for an animal.\"\n"
    },
    "41054": {
        "url": "/comment/41054",
        "comment": "This is a really unwise decision.  Bears are already on the endangered species.  They don\u2019t bother anyone, except those which are being startled or harmed inside their own territory.  These  hunters today are just out to kill something.  Kill, is the word, not hunt.  My dad was a hunter when I was young.  He taught us that you hunt only to eat.  He would avoid killing any animal that was not meant for the table.  There is a difference between hunting and killing.  I suppose it makes sense most of the animal killing in Ontario is done by Quebecers and. Ottawa is where the laws are made.  I can say this without pregidous, because my dad was born in Quebec, fortunately he hunted fairly.  Fairly is, you don\u2019t hunt an animal that does no harm, you don\u2019t hunt an animal at night, and you don\u2019t hunt unless tour going to consume the whole animal.  I am so diissipointed in Ontario.\n"
    },
    "41055": {
        "url": "/comment/41055",
        "comment": "There was always lot more Bears killed than were licensed in the Spring Hunt due to the inability to differentiate between sex's leading to genuine accidental sow kills but also enabling the intentional shooting excuse \"how were we to know\" with the universal shrug of the shoulders.\nBlack/Brown Bear population's have rebounded signigantly since the Spring Hunt was concluded showing just how much damage it did. I can recall my childhood summer vacations in the Kawartha's were we never say a Bear except at the dump, ever! Now their about regularly & that's the way it's supposed to be.\nProblem Bears wouldn't be a problem if their weren't problem people not following the rules about garbage, bird feeders & more..\n"
    }
}