{
    "43999": {
        "url": "/comment/43999",
        "comment": "It is about time that governments outlaw the killing of all animals. These individuals are psychopaths, because who else would get their jollies for slaughtering a bear while being invisible up a tree. Killing for the sake of killing is immoral. These animals are killed because money is passing hands.  Together with ridiculous reasons, such as being dangerous to people. If people enter bear habitat then they should be forced to take bear spray with them, should there be an unlikely encounter with a bear. Also, both individuals and municipalities, should keep food out of the bears reach and nose.  There in no need to hunt animals for meat and hides in this modern and wasteful, of food, country.  Let us get civilized and move out the cruel past and enter the modern 21st century.\n"
    },
    "44001": {
        "url": "/comment/44001",
        "comment": "It is wrong  for many reasons .. these are some of them which many of us post and feel regarding this horrid hunting of Bears!\nBear cubs will continue to be orphaned if the hunt becomes permanent. While it\u2019s currently against the law to kill cubs and mother bears accompanied by cubs, mother bears often leave their cubs in trees when searching for food. If a mother is killed, her cubs will likely die slowly of starvation or be eaten by predators.\nHunting bears doesn\u2019t improve human safety. Stopping human-bear conflict is achieved by removing access to garbage, barbecues, and other attractants.\nBears have low reproduction rates, meaning the survival of adult females is vital for the species.\nThe government has disclosed a need to reduce black bear hunting in Saugeen-Bruce Peninsula due to population concerns, yet it is simultaneously proposing to allow the hunting and trapping of these bears in that region for one week each spring. This is irresponsible.\nEven the economic argument for allowing the hunt is weak. The government has said the economic impact would be neutral or positive, but has provided no evidence to support this claim.\nThe killing  is cruel and  just plain wrong and as a civilized society .. we need to learn to  stop  all our answers with animals by  killing them..\n"
    },
    "44002": {
        "url": "/comment/44002",
        "comment": "Hello,\nas a concerned a canadian, I think it is important to consider the following:\n- Bears have low reproduction rates, meaning the survival of adult females is vital for the species.\nThe government has disclosed a need to reduce black bear hunting in Saugeen-Bruce Peninsula due to population concerns, yet it is simultaneously proposing to allow the hunting and trapping of these bears in that region for one week each spring. This is irresponsible.\n- Bear cubs will continue to be orphaned if the hunt becomes permanent. While it\u2019s currently against the law to kill cubs and mother bears accompanied by cubs, mother bears often leave their cubs in trees when searching for food. If a mother is killed, her cubs will likely die slowly of starvation or be eaten by predators.\n- Hunting bears doesn\u2019t improve human safety. Stopping human-bear conflict is achieved by removing access to garbage, barbeques, and other attractants.\n- Even the economic argument for allowing the hunt is weak. The government has said the economic impact would be neutral or positive, but has provided no evidence to support this claim.\nI completely object to having spring bear hunt back - it is unnatural, unfair and our country, our environment and the bear population deserves more respect.\n"
    },
    "44006": {
        "url": "/comment/44006",
        "comment": "Bear cubs will continue to be orphaned if the hunt becomes permanent. While it\u2019s currently against the law to kill cubs and mother bears accompanied by cubs, mother bears often leave their cubs in trees when searching for food. If a mother is killed, her cubs will likely die slowly of starvation or be eaten by predators\n"
    },
    "44007": {
        "url": "/comment/44007",
        "comment": "https://bearwithus.org/\nBear cubs will continue to be orphaned if the hunt becomes permanent. While it\u2019s currently against the law to kill cubs and mother bears accompanied by cubs, mother bears often leave their cubs in trees when searching for food. If a mother is killed, her cubs will likely die slowly of starvation or be eaten by predators.\n    Hunting bears doesn\u2019t improve human safety. Stopping human-bear conflict is achieved by removing access to garbage, barbeques, and other attractants.\n    Bears have low reproduction rates, meaning the survival of adult females is vital for the species.\n    The government has disclosed a need to reduce black bear hunting in Saugeen-Bruce Peninsula due to population concerns, yet it is simultaneously proposing to allow the hunting and trapping of these bears in that region for one week each spring. This is irresponsible.\n    Even the economic argument for allowing the hunt is weak. The government has said the economic impact would be neutral or positive, but has provided no evidence to support this claim.\nThere is no \"bear management\" . Leave them alone. Humans need to be managed. Where is your humanity? It's all too \"human\" what you are doing - blood lust hunting has no place in our society. No rhyme or reason to the violence you condone not in our name - Not our Canada!\n"
    },
    "44008": {
        "url": "/comment/44008",
        "comment": "I will continue to speak out against the spring bear hunt for as long as I need to in order to get the message out.  We can't continue to point fingers at other countries like Africa for their cruel and unnecessary safari hunts while continuing to bait bears; especially in the spring when they are such an easy target as they are hungry and have just come out of hibernation - often with cubs in tow - and naturally go for the bait hunters put out while the hunters sit in wait to gun them down.  Imagine if this was your family and your parent was gunned down in front of you, leaving you as a young child to starve?This is sickening to me and I'm sure I'm not alone in my opinions.  Canada has to get with the program and start considering how they treat their wildlife. Wild animals are not just a money-making commodity!  They have a right to live their lives in peace as long as they are not posing a threat to us.  I am so disappointed in a government that would even consider reinstating this deplorable hunt.  I'm ashamed to call myself a Canadian (and specifically an Ontarian) if this goes through.\n"
    },
    "44009": {
        "url": "/comment/44009",
        "comment": "Please do NOT reintroduce  black bear in Ontario Starting this spring :\nMy concerns as are the concerns of many are:\n*Orphaned cubs due yearly when very hungry  mother bears with cub emerge from dens and are bear baited then shot!\n*Black bears have low production rates therefore mother bears and cubs are needed to maintain the black bear population in Ontario\n*rhere is no proven human safety factor by killing off the black bears since the  environmental concerns are not being adequately addressed( garbage and food/ bbq access etc to hungry bears)\n*government has not sufficiently come up with the argument that bear hunting is economically good for  Ontario\n* government tries  to bring the concern for human population into the argument fir specifically the Saugeen -Bruce Peninsula then goes ahead with a week long  bear hunt in the area ( not exactly human safety factor there!!!)\nPlease act responsibly and not put this blaCk bear hunt into effect!!!!!\n"
    },
    "44010": {
        "url": "/comment/44010",
        "comment": "I am appalled and, once again, embarrassed to be Canadian. I can't believe the year is 2020 and we are still allowing for the slaughter of our black bears.  Our purpose should be to protect the wildlife we have and nurture their continued existence and, instead, we slaughter them in spring.   Hungry and coming out of hibernation,  leaving their cubs to look for food and orphaning the entire species each year.\nWhat are you people thinking?  Get out of the pockets or influence of the game hunters and do what you know to be right.  Do you really think the majority of Canadians would applaud this.  The world is watching and you will be held accountable.  I really believed this government would be different and bring us into the future of protecting our habitat.  Shame on you.\nWhat gives us the right to take a life for sport.  Especially one that asks nothing of us.  How hard would it be to simply let them try to exist with what little means we have left them.  As children, those who harm animals are called psychopaths.  As adults, with the help of government, they are called hunters.\nAll other countries are making big strides to protect their wildlife and their habitat, and we are woefully backwards.\n"
    },
    "44013": {
        "url": "/comment/44013",
        "comment": "Dear Canadian Government,\nWhat is the purpose of hunting or trapping animals? There are no benefits! In 21st century this is so inhumane! Hunting for fun? It doesn't even make sense and I cannot believe this is actually happening in Canada! In a first-world country! In the world where almost all animals have become extinct because of us-people, bringing back bear hunt will definitely throw us back to the Stone Age!\nBear population will decrease, an amount of orphaned cubs will increase and they will either die eventually or will be shot like their parents. Instead if making it legal, it must be made illegal. People are blaming animals for everything and this is so wrong! Hurting someone who doesn't have a voice is very typical nowadays.\nAnimals were here first and we, as humans, have to adapt and respect the environment we intrude into not destroying it (which we are already doing!).\n"
    },
    "44014": {
        "url": "/comment/44014",
        "comment": "Bear hunt in the spring?  The spring time  and also  year  round should be a time to educate the community about leaving no attractants out for the bears to eat.  It appears to be a human problem rather than a bear problem.  Economic benefit?   I believe people would avoid the area in which bear hunts are allowed in the spring.  Endangered/orphaned cubs?  Not a good image for the area.    It may become an economic  downturn.  I wouldn't go up there because of this.\n"
    },
    "44015": {
        "url": "/comment/44015",
        "comment": "Bear cubs will continue to be orphaned if the hunt becomes permanent. While it\u2019s currently against the law to kill cubs and mother bears accompanied by cubs, mother bears often leave their cubs in trees when searching for food. If a mother is killed, her cubs will likely die slowly of starvation or be eaten by predators.\nHunting bears doesn\u2019t improve human safety. Stopping human-bear conflict is achieved by removing access to garbage, barbeques, and other attractants.\nBears have low reproduction rates, meaning the survival of adult females is vital for the species.\nThe government has disclosed a need to reduce black bear hunting in Saugeen-Bruce Peninsula due to population concerns, yet it is simultaneously proposing to allow the hunting and trapping of these bears in that region for one week each spring. This is irresponsible.\nEven the economic argument for allowing the hunt is weak. The government has said the economic impact would be neutral or positive, but has provided no evidence to support this claim.\n"
    },
    "44016": {
        "url": "/comment/44016",
        "comment": "\"Bear cubs will continue to be orphaned if the hunt becomes permanent.\nWhile it\u2019s currently against the law to kill cubs and mother bears accompanied by cubs, mother bears often leave their cubs in trees when searching for food. If a mother is killed, her cubs will likely die slowly of starvation or be eaten by predators.\nHunting bears doesn\u2019t improve human safety. Stopping human-bear conflict is achieved by removing access to garbage, barbeques, and other attractants.\nBears have low reproduction rates, meaning the survival of adult females is vital for the species.\nThe government has disclosed a need to reduce black bear hunting in Saugeen-Bruce Peninsula due to population concerns, yet it is simultaneously proposing to allow the hunting and trapping of these bears in that region for one week each spring.\nThis is irresponsible.\nEven the economic argument for allowing the hunt is weak.\nThe government has said the economic impact would be neutral or positive, but has provided no evidence to support this claim.\"\nPLEASE make this stop!\nThese beautiful innocent sentient beings deserve to LIVE a life without harm and MURDER by humans.\nThe bear's right to exist is more important than a human's need to MURDER him - for ANY reason!\n"
    },
    "44018": {
        "url": "/comment/44018",
        "comment": "\u2022Bear cubs will continue to be orphaned if the hunt becomes permanent. While it\u2019s currently against the law to kill cubs and mother bears accompanied by cubs, mother bears often leave their cubs in trees when searching for food. If a mother is killed, her cubs will likely die slowly of starvation or be eaten by predators.\n\u2022Hunting bears doesn\u2019t improve human safety. Stopping human-bear conflict is achieved by removing access to garbage, barbeques, and other attractants.\n\u2022Bears have low reproduction rates, meaning the survival of adult females is vital for the species.\n\u2022The government has disclosed a need to reduce black bear hunting in Saugeen-Bruce Peninsula due to population concerns, yet it is simultaneously proposing to allow the hunting and trapping of these bears in that region for one week each spring. This is irresponsible.\n\u2022Even the economic argument for allowing the hunt is weak. The government has said the economic impact would be neutral or positive, but has provided no evidence to support this claim\n"
    },
    "44020": {
        "url": "/comment/44020",
        "comment": "STOP!  THIS IS JUST WRONG.\nYour so called hunting to protect is unscientific, inhumane and has no merit.  What have the bears done to you that you want to kill them?  What have the cubs done to you that you want to kill their mother?  What for??  Put yourself into their shoes!!\nIf you people are so eager for blood, why don't you send some of your own into the woods and turn it into Hunger Game instead.  The bears have done nothing to you and you have no right to hurt them.\nIt's very DISGUSTING that hunting is even allowed in our country, when there are so many resources that can replace blood and flesh.\n"
    },
    "44021": {
        "url": "/comment/44021",
        "comment": "Bear cubs will continue to be orphaned if the hunt becomes permanent. While it\u2019s currently against the law to kill cubs and mother bears accompanied by cubs, mother bears often leave their cubs in trees when searching for food. If a mother is killed, her cubs will likely die slowly of starvation or be eaten by predators.\nHunting bears doesn\u2019t improve human safety. Stopping human-bear conflict is achieved by removing access to garbage, barbeques, and other attractants.\nBears have low reproduction rates, meaning the survival of adult females is vital for the species.\nThe government has disclosed a need to reduce black bear hunting in Saugeen-Bruce Peninsula due to population concerns, yet it is simultaneously proposing to allow the hunting and trapping of these bears in that region for one week each spring. This is irresponsible.\nEven the economic argument for allowing the hunt is weak. The government has said the economic impact would be neutral or positive, but has provided no evidence to support this claim.\n"
    },
    "44022": {
        "url": "/comment/44022",
        "comment": "This proposal, along with your open season on wolves and coyotes and cormorants shows the depraved depths of this government. There is no one shred of science or morals in this proposal of a spring bear hunt. Only monsters would schedule a hunt during the birth season of bears and only idiots would expect hunters to not shoot mothers. Try and evolve.\n"
    }
}