{
    "44426": {
        "url": "/comment/44426",
        "comment": "I oppose changes to the black bear hunting regulations. Changes are not based on evidence\nWhat we do know about the spring bear hunt is:\nMost hunters are non-residents who hunt by baiting bears;\nMany hunters at bait stations are unable to distinguish between male and female bears;\nFemale bears are killed, including nursing mothers;\nOrphaned cubs \u2013 about five to six months old and typically weighing about five kilograms \u2013 starve to death or are killed by other predators;\nDespite the threat of large fines, regulations prohibiting the killing of females accompanied by cubs are unenforceable.\nMother black bear leading her cub\nBlack bear and cub \u00a9 Missy Mandel\nNo good reason to reinstate the spring bear hunt\nThere is no good reason to reinstate the spring bear hunt, but there are solid reasons not to. Northerner, Paul Filteau, explains:\n\u201cBear tourism and the killing of animals by baiting isn\u2019t hunting. It requires few hunting skills and little effort. A garbage can is put in the bush with various concoctions to attract bears close to where the tourist sits in a stand and can hopefully distinguish a sow from a boar \u2026 Further, the placing of bait in the bush conditions bears to human garbage and scent thereby reducing their natural fear of humans. The widespread spring bear baiting throughout Northern Ontario is the ideal boot camp for training nuisance bears.\u201d\nThe government should end the pilot project and abandon the proposed changes\n"
    },
    "44429": {
        "url": "/comment/44429",
        "comment": "The hunting of black bears should be prohibited. It is clearly stated that black bears have a population concern yet you are choosing to continue hunting them simply for your own joy or pleasure, which is never a good enough reason to take an sentient beings life. Moreover, just because you do not see a mother bear with her cubs in the present moment does not mean that hers cubs are not hidden in a safe location, therefore hunting black bears will always open the door to the reality that by killing a mother bear you are also sentencing cubs to a horrific death by slowly starving or getting eaten by predators in which they will be rendered defenceless all because you are ignorantly allowing people to continue a destructive \"hobby\". Hunting a black bear is not a necessary part of life, given that we have supermarkets that provide a wide variety of sufficient food to eat. As well, hunting bears will not improve \"safety\" for humans, stopping human-bear conflict is achieved by removing access to garbage, barbeques, and other attractants. Furthermore, bears have low reproduction rates, meaning the survival of adult females is vital for the species. In the midst of a climate crisis, where natural habitats are being destroyed daily, hunting animals for sport is no longer a feasible option. Find a new hobby. It has also been claimed that the economic impact would be neutral or positive, but has provided no evidence to support this claim. The actions of the government on this and basically all environmental issues have become unacceptable. We have no right to kill other living beings and destroy their homes simply because we can. It would seem the government is run by people with no compassion for the world and other living beings whatsoever. I urge the government to actually LISTEN to the public and their wants, and not simply cave to big oil and hunting lobbyists so you can pocket more money while tax paying citizens are now living pay check to pay check and not being listened to by the people that are supposed to be working FOR THEM. DO NOT HUNT LIVING BEINGS. I'm pretty sure we've destroyed enough as a country, and continue to do so, so why is does the government continue to make things worse, at the most critical time considering we are in the middle of a climate crisis, and if actions like this continue to happen, considering all of nature is connected, actions like this only stand to make things WORSE not better.\n"
    },
    "44430": {
        "url": "/comment/44430",
        "comment": "I\u2019m saying NO to the spring and fall bear hunt.\nIt is a government money grab for smiling gun happy red necks who get a thrill at a kill.\nThe moose population is a risk and how dare the government issue tags when there is a decline in this species due to hunting  and land takeover.\nYou are supporting hunters because of there almighty demand  to kill and the government is making  money in this province at killing our beautiful wildlife.\nStop listing to mislead information and the crying public over there security. We have invaded their land and populations of the human race are ruining nature and the environment.\nWhat will it take to understand and appreciate  what we have in this country.\nGreed is clearly all that matters and the public are sick. Humans need to wake up to what is happening to all species. Once they are gone they are gone. No more hunting, no more orphaned cubs. Give your head a shake! Please\n"
    },
    "44433": {
        "url": "/comment/44433",
        "comment": "I believe that this is an absolutely cruel act that should not be allowed. Serial killers start with animals, and I don't see the difference between killing a dog for fun and killing a bear for fun. There are other forms of entertainment that don't involve orphaning animals.\nThis should not be passed, and instead, animal rights laws should be implemented a.s.a.p.\n"
    },
    "44434": {
        "url": "/comment/44434",
        "comment": "I urge the province to cancel the proposed Spring Bear Hunt completely.\nBear cubs will continue to be orphaned if the hunt becomes permanent.  While it is currently against the law to kill cubs and mother bears accompanied by cubs, mother bears often tree their cubs while they search for food.   The mothers will be attracted to the bait stations below the tree platforms and be considered \"not accompanied by cubs\" and therefore killed by hunters, most of whom cannot distinguish a male bear from a female bear.  \"I did not know it wasn't a male\"  is not a valid excuse for killing a nursing female.  If a mother is killed, the cubs will likely die slowly of starvation or be eaten by predators.\nHunting bears does not improve human safety.  Human-bear conflict is alleviated by changes in human behaviour.  Humans must take responsibility for removing access to garbage, barbeques and other forms of outdoor cooking areas, as well as any other attractants.\nBears have low reproduction rates and survival of adult females and the cubs is vital for the species.\nThe argument for allowing the spring bear hunt is weak.   The government states that the economic impact would be neutral or positive but has provided little evidence to support the claim.  In addition, the question must be asked:  \"Is profit a valid reason for killing members of a species?\"  In a compassionate, modern society, the answer is \"No.\"\nIn general, public opinion is turning against sport hunting, hunting by non-resident hunters and trophy hunting.    The image of non-resident sport hunters paying large fees to kill, on mutually owned public lands, animals who have little hope of escape has become unacceptable to an informed electorate.\nThe government should be directing its attention to attracting eco-tourism rather than seeking to retain votes by catering to the wants of a small sector of the population who take pleasure in killing wildlife.   In the current climate change crisis,  concerned voters are shifting to climate and environmental issues and species protection.\n"
    },
    "44435": {
        "url": "/comment/44435",
        "comment": "Yes, i support bringing back the spring bear hunt permanently.\nNo, i do not agree with forcing non-resident who hunt with family who are Ontario residents being forced to go through an outfitter.  You are inadvertently hurting the resident family members, your fellow Ontarians.  If outfitters can\u2019t run a viable business without special treatment and forcing all non-resident bear hunters to go through them, maybe there is a problem with the business model.  All others then hunting with relatives need to go through an outfitter.\n"
    },
    "44436": {
        "url": "/comment/44436",
        "comment": "Myself, along with all of my associates, are devastated that the re-introduction of the spring bear hunt is even being considered.  Our main reasons:\n   - The hunt is being proposed to begin May 1, just after bears are emerging hungry from hibernation. They are immediately attracted to the, now even allowed closer to trails, bait piles where they will be slaughtered. A hunter cannot tell a female bear from a male until it is shot. In May the females often leave their cubs to forage for food, & as a result their cubs are left to  starve. Studies show over 75% will.   If the spring hunt were to go ahead, at least have the heart to delay it until June, when cubs are with mothers, & can be identified as mothers.\n   - Bears are not a threat. Almost all attacks you hear about involved unleashed dogs Put the emphasis on educating the public about leaving garbage, etc. out that attracts bears.\n    -- Bear #'s are decreasing, & they are facing enough factors contributing to this without a spring hunt being re-introduced. Poaching for illegal, expensive bear organs is on the increase. With beach trees dying, bears are losing these nuts which are essential for building up fat for winter hibernation. Bears have a built in system that will end their pregnancies if they go into hibernation underweight.\n    If this gov. has any mercy for animals whatsoever, PLEASE, PLEASE, DON'T GIVE APPROVAL for this.\n"
    },
    "44437": {
        "url": "/comment/44437",
        "comment": "The bear hunt is not needed.It is just a cruel sport for some.They don't realize  that the cubs are often left motherless which in turn could lead to extinction eventually.\nPlease make it illegal to hunt black bears,they are God's creation & we need them for the environment.\nEverything has a purpose,just like we humans do.\nThank You\n"
    },
    "44439": {
        "url": "/comment/44439",
        "comment": "The risk of orphaning young bears and injury to nursing females or their offspring overweighs any supposed \"benefit\" to hunting bears in spring. Bears have a vital role in the health of their local ecosystem which is naturally controlled by checks and balances that have been around for thousands of years. There is no overwhelming reason to reinstate the spring bear hunt except at the lobbying from bear hunters. That is not a valid reason to overturn or modify this prohibition.\n"
    },
    "44441": {
        "url": "/comment/44441",
        "comment": "There is no need to kill bears.  I have a hard time understanding why we are such a barbaric species.  I believe we were put on this planet to care for it not to destroy it and the beautiful creatures we share it with.  Bear cubs will continue to be orphaned if the hunt becomes permanent.  While it\u2019s currently against the law to kill cubs and mother bears accompanied by cubs, mother bears often leave their cubs in trees when searching for food. If a mother is killed, her cubs will likely die slowly of starvation or be eaten by predators.  Hunting bears doesn\u2019t improve human safety. Stopping human-bear conflict is achieved by removing access to garbage, barbeques, and other attractants.  Bears have low reproduction rates, meaning the survival of adult females is vital for the species.  The government has disclosed a need to reduce black bear hunting in Saugeen-Bruce Peninsula due to population concerns, yet it is simultaneously proposing to allow the hunting and trapping of these bears in that region for one week each spring. This is irresponsible.  Even the economic argument for allowing the hunt is weak. The government has said the economic impact would be neutral or positive, but has provided no evidence to support this claim.\n"
    },
    "44442": {
        "url": "/comment/44442",
        "comment": "Please stop the black bear hunt. Females with cubs must be protected; currently that is difficult as cubs are frequently treed or kept away by their mother while she forages.\nThe current season of May 1 to June 15 should be changed to June 1 to June 30 to protect females with cubs as well as the cubs themselves.\nEvidence as to the accomplishments and milestones of the pilot project and the extended pilot project (not the original strategy written before the hunts) need to be released to the public.\nBaiting should not take place; if it will, baiting must end when the season concludes and not begin again until shortly before the fall season and more stringent limits must be put in place to protect recreationalists, drivers, property owners, pets and others from bait piles that attract wildlife. All bait sites should be registered to ensure compliance.\nInformation showing an increase in enforcement capability through funding, infrastructure and boots-on-the-ground hires of conservation officers should be made available.\nThe government must make an acknowledgement that a spring bear hunt is not about community safety as originally stated in 2014 in the face of their own evidence showing it does not impact human conflict with bears; education and enforcement of human behaviour, attractants and feeding will have the greatest impact on mitigating and preventing conflict.\nA report should be created and released on the impact of a spring bear hunt on other recreationalists\u2019 safety, freedom to explore and expectations, as bear hunters in the spring make up a very small percentage of people enjoying the outdoors in Ontario.\nA report should be created and released on efforts of the Ontario government to increase availability of non-consumptive ecotourism opportunities in the province alongside the limited spring bear hunt.\nThe use of hounds/dogs to chase, tree and/or otherwise harass bears should be immediately halted.\n"
    },
    "44443": {
        "url": "/comment/44443",
        "comment": "Hunting bears doesn\u2019t improve human safety. Stopping human-bear conflict is achieved by removing access to garbage, barbeques, and other attractants. Even the economic argument for allowing the hunt is weak. The government has said the economic impact would be neutral or positive, but has provided no evidence to support this claim.\n"
    },
    "44444": {
        "url": "/comment/44444",
        "comment": "Bear cubs will continue to be orphaned if the hunt becomes permanent. While it\u2019s currently against the law to kill cubs and mother bears accompanied by cubs, mother bears often leave their cubs in trees when searching for food. If a mother is killed, her cubs will likely die slowly of starvation or be eaten by predators.\nHunting bears doesn\u2019t improve human safety. Stopping human-bear conflict is achieved by removing access to garbage, barbeques, and other attractants.\nBears have low reproduction rates, meaning the survival of adult females is vital for the species.\nThe government has disclosed a need to reduce black bear hunting in Saugeen-Bruce Peninsula due to population concerns, yet it is simultaneously proposing to allow the hunting and trapping of these bears in that region for one week each spring. This is irresponsible.\nEven the economic argument for allowing the hunt is weak. The government has said the economic impact would be neutral or positive, but has provided no evidence to support this claim.\n"
    },
    "44447": {
        "url": "/comment/44447",
        "comment": "This is my response to the proposal to allow hunting of black bears which is cruel and inhumane. The hunting of bears should not be allowed all year round but be banned altogether for the following reasons:-\nBear cubs will continue to be orphaned if the hunt becomes permanent. While it\u2019s currently against the law to kill cubs and mother bears accompanied by cubs, mother bears often leave their cubs in trees when searching for food. If a mother is killed, her cubs will likely die slowly of starvation or be eaten by predators.\nHunting bears doesn\u2019t improve human safety. Stopping human-bear conflict is achieved by removing access to garbage, barbeques, and other attractants.\nBears have low reproduction rates, meaning the survival of adult females is vital for the species.\nThe government has disclosed a need to reduce black bear hunting in Saugeen-Bruce Peninsula due to population concerns, yet it is simultaneously proposing to allow the hunting and trapping of these bears in that region for one week each spring. This is irresponsible.\nEven the economic argument for allowing the hunt is weak. The government has said the economic impact would be neutral or beneficial but has produced no evidence to back this up.\nHunting wild animals is cruel and unnecessary, in the case of black bears there is no case even for culling them as there is no overpopulation and they do not constitute a threat or a nuisance and even where they do that can be avoided by other more humane means as above.\n"
    }
}