{
    "43795": {
        "url": "/comment/43795",
        "comment": "I am writing to express my grave disappointment and anger in the proposed bear hunt!\nBear cubs will continue to be orphaned if the hunt becomes permanent. While it\u2019s currently against the law to kill cubs and mother bears accompanied by cubs, mother bears often leave their cubs in trees when searching for food. If a mother is killed, her cubs will likely die slowly of starvation or be eaten by predators.\nHunting bears doesn\u2019t improve human safety. Stopping human-bear conflict is achieved by removing access to garbage, barbeques, and other attractants.\nBears have low reproduction rates, meaning the survival of adult females is vital for the species.\nThe government has disclosed a need to reduce black bear hunting in Saugeen-Bruce Peninsula due to population concerns, yet it is simultaneously proposing to allow the hunting and trapping of these bears in that region for one week each spring. This is irresponsible.\nEven the economic argument for allowing the hunt is weak. The government has said the economic impact would be neutral or positive, but has provided no evidence to support this claim.\n"
    },
    "43796": {
        "url": "/comment/43796",
        "comment": "Bear cubs will continue to be orphaned if the hunt becomes permanent. While it\u2019s currently against the law to kill cubs and mother bears accompanied by cubs, mother bears often leave their cubs in trees when searching for food. If a mother is killed, her cubs will likely die slowly of starvation or be eaten by predators.\n    Hunting bears doesn\u2019t improve human safety. Stopping human-bear conflict is achieved by removing access to garbage, barbecues, and other attractants.\n    Bears have low reproduction rates, meaning the survival of adult females is vital for the species.\n    The government has disclosed a need to reduce black bear hunting in Saugeen-Bruce Peninsula due to population concerns, yet it is simultaneously proposing to allow the hunting and trapping of these bears in that region for one week each spring. This is irresponsible.\n    Even the economic argument for allowing the hunt is weak. The government has said the economic impact would be neutral or positive, but has provided no evidence to support this claim.\n     They need to be protected, not killed.\n"
    },
    "43799": {
        "url": "/comment/43799",
        "comment": "I suggest that the Ministry refrain from implementing any change to the season dates on the heels of the questionable change in baiting distances. This would allow an assessment of the impact of the latter before committing to a change for the former. Surely a one year delay would not cause any major disturbance to economic benefits, if any at all.\nAs I missed the comment period for the change in baiting distances, I can only say that the Ministry was correct:: \"Individuals and groups concerned with: the use of bait for black bear hunting; and hunting in general, are likely to oppose the proposal.\" It might be interesting if the Ministry were to reveal the identities of the \"individuals and groups\" who approached on these subjects.\n"
    },
    "43800": {
        "url": "/comment/43800",
        "comment": "It has been 15 years since the Mike Harris Conservative government cancelled the spring bear hunt. The reasons for cancelling it at that time are the same reasons that apply today. Science tells us that we do not have an over population of bears and even if we did, the fall bear hunt would suffice. Also majority of the people in Ontario do not want the spring bear hunt brought back. So please listen to science and majority of Ontarians and do not give in to the hunting lobby.Ban the spring bear hunt.\n"
    },
    "43802": {
        "url": "/comment/43802",
        "comment": "I do not think that this should be allowed They are not showing respect for the Bears or the other Creatures. They are just making it easy for out of town /locals to have target practice and shoot/poison with out control and respect.\nThis is pure Evil and not respectful of nature and other human beings.\nI Do hope that no hunters get hurt by each other which is usually the case in the hunt\nPLEASE think first and not allow this hunt to go thru We the humans need to learn to respect and work with Nature to survive and not just shoot to kill and destroy it\nI hope that this does not get approved\nRespectful human\n"
    },
    "43803": {
        "url": "/comment/43803",
        "comment": "Hello,  As a busy professional working in the media, we know that one viewer comment equals hundreds who feel similarly but won't, or can't , take the time to submit their comments.   I earnestly hope you appreciate that this issue is exceedingly important to me and I therefore and taking time to comment.  This is an election issue for me.\nI do not support the bear hunt.  Despite rules to the contrary studies show mother bears are shot - regularly.  Loss of mothers = the death of cubs = diminishment of the species.  I have read your justifications and I do not believe statements or supposed research that indicates reinstating the bear hunt stems from an economic need.   The bear hunt will have a devastating impact on this species.\nSupporting our environment and it's creatures has become the number one platform issue for me and an increasing number of voters. THE number one issue over everything else.  It is time to do the right thing,   Do NOT extend this hunt.  STOP the hunt.  Period.\nI will be watching.\n"
    },
    "43804": {
        "url": "/comment/43804",
        "comment": "Bear cubs will continue to be orphaned if the hunt becomes permanent. While it\u2019s currently against the law to kill cubs and mother bears accompanied by cubs, mother bears often leave their cubs in trees when searching for food. If a mother is killed, her cubs will likely die slowly of starvation or be eaten by predators.\nHunting bears doesn\u2019t improve human safety. Stopping human-bear conflict is achieved by removing access to garbage, barbeques, and other attractants.\nBears have low reproduction rates, meaning the survival of adult females is vital for the species.\nThe government has disclosed a need to reduce black bear hunting in Saugeen-Bruce Peninsula due to population concerns, yet it is simultaneously proposing to allow the hunting and trapping of these bears in that region for one week each spring. This is irresponsible.\nEven the economic argument for allowing the hunt is weak. The government has said the economic impact would be neutral or positive, but has provided no evidence to support this claim.\nHumans need to stop encroaching on bears & other wild animals homes to avoid conflict. Killing innocent animals in their wilderness home is a disgusting practice and must be stopped. Just because humans don't like or are afraid of bears or other animals their precious lives should not be taken in vain!\n"
    },
    "43808": {
        "url": "/comment/43808",
        "comment": "Black bear populations are being over-harvested in several to many WMUs in northeastern and south-central ON, exceeding sustainable harvest levels and exceeding other sustainability indicators.  The spring bear hunt pilots unfortunately exacerbated sustainability concerns and to date no adequate harvest management tools on the resident bear hunts have been provided to remedy the concerns.\nThere are large gaps in:\n\u2022\tblack bear harvest allocation policies;\n\u2022\tregulatory and procedural tools to carefully manage sustainable black bear harvests, especially resident hunts (i.e., there are no WMU-specific 1st resident black bear tag quotas, which could be distributed on 1st-come-1st-served basis, using similar approach re: additional deer tag quotas);\n\u2022\ttransparency to stakeholders and public on the status of WMU black bear population estimates, annual trends in bear harvests by sector, and annual trends in sustainability indicators.\nMandatory registration / submission of premolar teeth from harvested black bears should be implemented such that sustainability indicators can be reliably determined at appropriate scales.  Most years, less than 10% of resident bear hunters submit premolar teeth from their harvested bear(s), yet annual resident bear harvests approach 80% or more of total bears harvested in many WMUs.\nThe current harvest tools used by MNRF is to impose BMA operators with black bear hunting validation certificate quotas, without any WMU-specific quotas on 1st resident black bear tags for resident hunters (i.e., resident bear harvests are wide open).  This inequitable approach has resulted in WMU and black bear ecological zone level bear harvests to be excessive, inappropriately managed, with bear populations being over-harvested.\nThe opportunity to engage stakeholders, Indigenous communities, municipalities and the public on appropriate black bear harvest allocation policies and procedures, and regulatory and procedural tools to carefully manage sustainable black bear harvests, would have best been done with the initiation of the spring bear hunt pilots.  However, that did not occur and the next logical time to do so is now as the pilot spring bear hunts come to an end.\nThe ER proposal (https://ero.ontario.ca/notice/019-1112) to implement a regular spring black bear season, should be accompanied by analyses and lessons learned to inform and engage stakeholders, Indigenous communities, municipalities and the public on appropriate black bear harvest allocation policies and procedures, and regulatory and procedural tools to carefully manage sustainable black bear harvests.  In its current form, I cannot ethically and professionally support the proposed regular spring black bear season and am therefore opposed.  There should be no fear in implementing the right course of action, i.e., WMU-specific 1st resident black bear tag quotas where required \u2013 it is the right thing to do.\nAs indicated in the ER proposal, \u201cSince the mid-2000s there has been ongoing collaborative research conducted on the black bear population on the Bruce Peninsula. Research indicates that there has been a decline in bear numbers and that human-caused mortality should be reduced to support sustainability of this genetically isolated population.\u201d  While it is good to see a proposed action towards addressing the Bruce Peninsula black bear population concerns, a 7-day spring season without any quota on 1st resident bear tags is highly likely to be insufficient to prevent the decline of this genetically isolated bear population.  Even white-tailed deer, which have much, much higher reproductive potential compared to black bears, are afforded a 5-day gun season with 1st resident deer tag quotas on the Bruce Peninsula.   There should be no fear in implementing the right course of action, i.e., WMU-specific 1st resident black bear tag quotas \u2013 it is the right thing to do.  Without WMU-specific 1st resident black bear tag quotas, then the bear hunt seasons on the Bruce Peninsula should be eliminated entirely.\n"
    },
    "43809": {
        "url": "/comment/43809",
        "comment": "Please leave the animals alone!\nBear cubs will continue to be orphaned if the hunt becomes permanent. While it\u2019s currently against the law to kill cubs and mother bears accompanied by cubs, mother bears often leave their cubs in trees when searching for food. If a mother is killed, her cubs will likely die slowly of starvation or be eaten by predators.\nHunting bears doesn\u2019t improve human safety. Stopping human-bear conflict is achieved by removing access to garbage, barbeques, and other attractants.\nBears have low reproduction rates, meaning the survival of adult females is vital for the species.\nThe government has disclosed a need to reduce black bear hunting in Saugeen-Bruce Peninsula due to population concerns, yet it is simultaneously proposing to allow the hunting and trapping of these bears in that region for one week each spring. This is irresponsible.\nEven the economic argument for allowing the hunt is weak. The government has said the economic impact would be neutral or positive, but has provided no evidence to support this claim.\n"
    },
    "43810": {
        "url": "/comment/43810",
        "comment": "I am writing in opposition to the spring bear \"hunt\" which isn't really a hunt at all, but a slaughter.  It is akin to shooting fish in a barrel . . . but with much less skill.  It is virtually impossible to determine the gender of a bear from above and cubs will be orphaned.  Bears will also become conditioned to accept food provided by humans which will only create more \"nuisance\" animals.  We are in the midst of the sixth mass extinction and are losing our precious, pristine wilderness.  Those animals who are managing to survive deserve better than to be used as targets by the \"fun with a gun\" crowd.  They deserve to live their lives in peace.  It is 2020.  We can come up with humane and compassionate ways to generate income.  Eco-tourism is but one.\n"
    },
    "43812": {
        "url": "/comment/43812",
        "comment": "BAN THE SPRING BEAR HUNT.\nBear cubs will continue to be orphaned if the hunt becomes permanent. While it\u2019s currently against the law to kill cubs and mother bears accompanied by cubs, mother bears often leave their cubs in trees when searching for food. If a mother is killed, her cubs will likely die slowly of starvation or be eaten by predators.\nAND, Hunting bears doesn\u2019t improve human safety. Stopping human-bear conflict is achieved by removing access to garbage, barbeques, and other attractants.\nSTOP CAVING IN TO SPECIAL INTEREST GROUPS!  MOST CANADIANS CHERISH OUR WILDLIFE, SO RESPECT WILD PLACES AND THE ANIMALS WITHIN.\n"
    },
    "43813": {
        "url": "/comment/43813",
        "comment": "Please stop the spring bear hunt!\nThere is no way to ensure that mother cubs will not be killed in the hunt, which will thereby orphan any bear cubs who were left behind while the mother looks for food.  If the mother is killed, the cubs will slowly die of starvation or be killed by predators.\nHunting bears doesn\u2019t improve human safety. Stopping human-bear conflict is achieved by removing access to garbage, barbeques, and other attractants.\nBears have low reproduction rates, meaning the survival of adult females is vital for the species.  There is no logical or proven economic reason for hunting.\nOntario - please be responsible and stop this hunt!\n"
    },
    "43814": {
        "url": "/comment/43814",
        "comment": "I am opposed to the reinstatement of the spring bear hunt which was closed for good reason back in 1999.\nThe economic gains that our province outlines could be (but are not founded in good science) made from a renewed hunt are not a good enough reason to reinstate it - there are NO good reasons but definitely some good reasons to AVOID reinstating the spring bear hunt -- for example\nMost hunters are non-residents who hunt by baiting bears\nMany hunters at bait stations are unable to distinguish between male and female bears\nFemale bears are killed, including nursing mothers\nOrphaned cubs \u2013 about five to six months old and typically weighing about five kilograms \u2013 starve to death or are killed by other predators\nDespite the threat of large fines, regulations prohibiting the killing of females accompanied by cubs are unenforceable\nI am opposed to reinstating the hunt. Our wildlife is Not For Sale. Our biodiversity is Not For Sale. Ontario is Not For Sale.\n"
    },
    "43815": {
        "url": "/comment/43815",
        "comment": "In spring, sows foraging for food to feed new born cubs become targets for hunters leaving orphans to starve in their dens waiting for a mother who will never return. Or the besr that is injured not killed and escapes only tovdie in excruciating pain\n Stop the bear hunt and find another solution if over population is a problem.\n"
    }
}