{
    "40745": {
        "url": "/comment/40745",
        "comment": "THE SPRING BEAR HUNT SHOULD NOT BE ALLOWED FOR THE FOLLOWING REASONS:\n\u2022 There is NO evidence that a spring bear hunt will reduce the number of \u201cproblem bears\u201d\n\u2022 Shooting bears in the spring, when they are vulnerable, hungry, and still have dependent cubs, is unethical and disgusting. They have done nothing wrong.\n\u2022 Education, and changing human behavior is the only way proven to reduce negative interactions with bears.\n\u2022 Despite the fact that hunters are not supposed to kill females with cubs, they do. The MNR estimates that AT LEAST 274 cubs were orphaned in the last spring bear hunt in 1999, and those are only the ones they know about. Those cubs do not stand a chance at survival without their mothers and will also die a horrible death of starvation.\n\u2022 There has never been a black bear attack resulting in a fatality within a community anywhere in Canada. Of the few attacks on North America over half have involved unleashed dogs.\nWhat \"economic security\" does this provide hunters? This is a made-up excuse their using to be able to once again indescriminately kill bears for the hunters own barbaric enjoyment.\nSHOOTING BEARS IS NOT THE ANSWER!\n"
    },
    "40749": {
        "url": "/comment/40749",
        "comment": "A Spring bear hunt is completely unnecessary.  Give the bears a chance to raise their young, and stop thinking about the possible income derived from it.  Encourage eco-tourism!  With all the interest in climate change, electric vehicles, and meat alternatives, I think Ontario should be proactively targetting that market.  Make Ontario the place tourists visit for green experiences!\n"
    },
    "40751": {
        "url": "/comment/40751",
        "comment": "Please, for the love of God, stop this from happening. There is no need to allow the killing of these animals. Left to its own devices, the natural management of wildlife and nature will prevail. In particular, sport hunting is an offensive, vulgar, and needless enterprise. As a last resort, proposing that another animal\u2019s life can be forfeited for human financial gain is only an example of how far we have NOT evolved. After 40 years of military service, I have come to realize the senselessness of any form of killing.\n"
    },
    "40757": {
        "url": "/comment/40757",
        "comment": "I beg you. PLEASE don\u2019t allow these innocent creatures to be killed for human pleasure. It\u2019s cruel, uncivilized and hurtful.  I cannot believe that hunting as a sport can even be considered humane in 2020. It breaks my heart. Please, I beg of you to stop this. I\u2019d rather be dead than to support this. Kill me instead. I\u2019d rather die than these innocent bears. Kill me. I don\u2019t care about my life. Please don\u2019t kill these bears. I volunteer to take their place.\n"
    },
    "40762": {
        "url": "/comment/40762",
        "comment": "I disagree with the proposed changes, for the following reasons:\n- it is difficult, if not impossible for hunters to distinguish between male and female bears.\n- the issues that prompted the original cancellation have not been resolved.\n- even though the goverment ensures the population is healthy they do not have a very good record in regards to wildlife conservation\n- reasons cited for making the hunt permanent seem mainly economic, which is a very dangerous basis for any wildlife management policy.\n"
    },
    "40764": {
        "url": "/comment/40764",
        "comment": "Bringing back the spring bear hunt sets Ontario back years. Ontario just put in precedent setting legislation to enhance animal welfare and better protect animals, why would we then turn around and dismantle that reputation. I urge this government to continue to protect animals and not bring back the barbaric, and unnecessary, practice of a spring bear hunt. We are better than that.\n"
    },
    "40766": {
        "url": "/comment/40766",
        "comment": "I remember when the spring bear hunt was stopped 20 years ago and I believe the reasons for stopping it are just as valid today as they were 20 years ago. Maybe even more so as the values of society has shifted more in the direction of environmentalism and animal welfare.\nI respect that the population is healthy enough to support a hunt but hunting bears in the fall is the responsible way to do it. It is undeniable that female bears will be shot and subsequently their cubs will most likely perish if a spring hunt is reopened. The males and females are just not easy enough for everybody to tell apart.\n"
    }
}