{
    "42601": {
        "url": "/comment/42601",
        "comment": "Best scenario. Spring Bear Hunt should be abolished, however if hunt is too continue, changes must be made.\n-It should last 30 days, June 1 to June 30. -Baiting must stop after June 30 not to begin again until September 1st, or 2 weeks prior to fall hunt.\n-Baiting should be a minimum of 2 km from the nearest residence or residential area and garbage must be cleared after hunt.\n-Fall hunt should begin September 15 and end October 30 throughout Province.\n-Females with cubs must be \u201ctruly\u201d protected during the spring hunt and the fall hunt.\n-The Ontario Government needs to hire more people for enforcement, this province needs more Conservation Officers.\n-Bears (a few individuals) do occasionally prey on moose calves, this is \u201cnot\" common.\n-Best way to reduce human/bear conflicts is to manage people by making them manage their food waste.\n*Females with cubs must be protected; currently that is difficult as cubs are frequently treed or kept away by their mother while she forages.\n-The current season of May 1 to June 15 should be changed to June 1 to June 30 to protect females with cubs as well as the cubs themselves.\n-Baiting must end when the season concludes and not begin again until shortly before the fall season and more stringent limits must be put in place to protect recreationalists, drivers, property owners, pets and others from bait piles that attract wildlife.\n-All bait sites should be registered to ensure compliance.\n-The Government must consider the impact of a spring bear hunt on other recreationalists\u2019 safety, freedom to explore and expectations, as bear hunters in the spring make up a very small percentage of people enjoying the outdoors in Ontario.\n-The use of hounds/dogs to chase, tree and/or otherwise harass bears should be immediately halted.\nSincerely, Karen McGrath\n"
    },
    "42608": {
        "url": "/comment/42608",
        "comment": "Females with cubs must be protected; currently that is difficult as cubs are frequently treed or kept away by their mother while she forages.\nThe current season of May 1 to June 15 should be changed to June 1 to June 30 to protect females with cubs as well as the cubs themselves.\nEvidence as to the accomplishments and milestones of the pilot project and the extended pilot project (not the original strategy written before the hunts) need to be released to the public.\nBaiting should not take place; if it will, baiting must end when the season concludes and not begin again until shortly before the fall season and more stringent limits must be put in place to protect recreationalists, drivers, property owners, pets and others from bait piles that attract wildlife. All bait sites should be registered to ensure compliance.\nInformation showing an increase in enforcement capability through funding, infrastructure and boots-on-the-ground hires of conservation officers should be made available.\nThe government must make an acknowledgement that a spring bear hunt is not about community safety as originally stated in 2014 in the face of their own evidence showing it does not impact human conflict with bears; education and enforcement of human behaviour, attractants and feeding will have the greatest impact on mitigating and preventing conflict.\nA report should be created and released on the impact of a spring bear hunt on other recreationalists\u2019 safety, freedom to explore and expectations, as bear hunters in the spring make up a very small percentage of people enjoying the outdoors in Ontario.\nA report should be created and released on efforts of the Ontario government to increase availability of non-consumptive ecotourism opportunities in the province alongside the limited spring bear hunt.\nThe use of hounds/dogs to chase, tree and/or otherwise harass bears should be immediately halted.\n"
    },
    "42609": {
        "url": "/comment/42609",
        "comment": "Females with cubs must be protected; currently that is difficult as cubs are frequently treed or kept away by their mother while she forages.\nThe current season of May 1 to June 15 should be changed to June 1 to June 30 to protect females with cubs as well as the cubs themselves.\nEvidence as to the accomplishments and milestones of the pilot project and the extended pilot project (not the original strategy written before the hunts) need to be released to the public.\nBaiting should not take place; if it will, baiting must end when the season concludes and not begin again until shortly before the fall season and more stringent limits must be put in place to protect recreationalists, drivers, property owners, pets and others from bait piles that attract wildlife. All bait sites should be registered to ensure compliance.\nInformation showing an increase in enforcement capability through funding, infrastructure and boots-on-the-ground hires of conservation officers should be made available.\nThe government must make an acknowledgement that a spring bear hunt is not about community safety as originally stated in 2014 in the face of their own evidence showing it does not impact human conflict with bears; education and enforcement of human behaviour, attractants and feeding will have the greatest impact on mitigating and preventing conflict.\nA report should be created and released on the impact of a spring bear hunt on other recreationalists\u2019 safety, freedom to explore and expectations, as bear hunters in the spring make up a very small percentage of people enjoying the outdoors in Ontario.\nA report should be created and released on efforts of the Ontario government to increase availability of non-consumptive ecotourism opportunities in the province alongside the limited spring bear hunt.\nThe use of hounds/dogs to chase, tree and/or otherwise harass bears should be im\n"
    },
    "42611": {
        "url": "/comment/42611",
        "comment": "This is a short-sighted, regressive, backwards-thinking proposal, to kill off more bears to satisfy the \"blood-lust\" of certain hunter or games people.  Canada is no longer seen as an environmentally-progressive country, and this Ontario proposal to kill more bears, who actually benefit the environment and eco-systems where they live, is yet another example of Canada's backwardness.  Such a shame that you are capitulating to that instead of figuring out how, why, and how much the bears benefit us, other species, and our environment generally.\n"
    },
    "42613": {
        "url": "/comment/42613",
        "comment": "Re:  ERO # 019-1112 \u2013 proposed changes to black bear hunting regulations\nI am writing to you with regard to the consideration currently being given to increasing the bear hunt season in Ontario.\nIt is unclear why any consideration, other than an increase in permanent employment, is being provided to extending the hunt to spring as it is the time that the starving mother bear emerges with her cubs and is the most vulnerable time for these creatures.  I understand that it is illegal to hunt/shoot a mother bear or her cubs, but it happens, and if the mother is killed/mortally wounded, the cubs will die too.  Bear baiting should not be permitted:  in the spring it is an especially huge draw for a starving mother, and if it persists it becomes an easy source for the mother who will teach her cubs to go to this particular source of food, making all of them easy targets.  In addition, if bear bait is staged close to unwitting humans, it may very likely result in increased human/bear confrontation and the increased probability of bear death \u2013 all of which is unnecessary and certainly not sporting.  If bear baiting must occur, then a registry should be implemented.  I have personally come across bear bait less than 1 km from our cottage and on our walking trail (in the Parry Sound area), and it was clearly not being monitored. In addition, spring is a time that many people can actually be outside in the woods/up north, before the arrival of the black flies and mosquitoes, and the introduction of bear bait and hunters to this situation makes everything more dangerous for everyone.\nI also question why dogs are permitted in this hunt.  The use of dogs increases the danger of both the dogs and the bears being hurt, certainly adds to the terror of the bears, separates mothers from their cubs, which increases the risk of bear/cub mortality, and tips the balance in favour of the hunter when, as described in the MNR\u2019s information,  \u201cmatching\u2026wits\u201d during a bear hunt (Hunting Species information https://www.ontariotravel.net/en/play/hunting/hunting-species/black-bear) .\nI note that the mandate of the Ministry of Natural Resources and Forestry includes protecting Ontario\u2019s diversity while promoting economic opportunity in the resource sector.  I believe that your black bear management background material highlights that much of the human-bear conflict that is used as a reason to support a hunt occurs due to human encroachment on bear territory.  Population growth and distribution will only increase the pressure on the bear population, which means that the need to ensure sustainability of the bears must be borne out a hunting policy that balances the need for protection of the black bar population and human economic needs and recreational pursuits.\nI request that you consider a total ban on bear hunting in the spring.  If this is not deemed possible due to the need for stability of economic development, then a deferral of bear hunting until and only for the month of June should be the timing and maximum period for the reasons stated above:  not to victimize mothers and cubs, not to encourage the teaching of ill-fated feeding habits (bear bait) to the cubs, to minimize bear-human conflict which will certainly result in increased bear/bear cub mortality, and to allow the necessary weight gain that begins in earnest in July to ensure that the bear population remains healthy.  From an economic perspective, this would be a permanent seasonal employment opportunity:  one month in late spring/early summer and again for a couple of months in the fall.\nThe issue of conservation officers must also be considered.  There must be adequate numbers of trained ministry staff to ensure that appropriate policy is followed and that deterrents to violating the policy are provided.  Maintaining policy that reflects the ecological importance of the black bear and their vulnerability due to their respective longevity, and which supports biodiversity and economic sustainability, is a worthy use of taxpayers\u2019 dollars.  Similarly, a broader dissemination of information about the importance of black bears, their vulnerability as mothers and cubs, especially in the spring and early summer, the rules around hunting and bear baiting, including a clear presentation of when and how black bear hunting may occur, is critical to successful black bear population management, and it is in the interests of all Ontarians to be informed and supportive of balanced policy.\nI look forward to any information you may provide to my questions and ask that I be kept informed of the discussions and outcome of the review of the black bear hunting season in Ontario.\nSincerely,\n"
    },
    "42614": {
        "url": "/comment/42614",
        "comment": "I cannot believe that in 2020 we are still looking at ways to kill wild animals! According to the World Wildlife Fund, humans have caused the extinction of over 60% of wild animals since 1970! This is a crying shame! What are we leaving for future generations? Please be compassionate and protect the bears, don't kill them!!!\n"
    },
    "42616": {
        "url": "/comment/42616",
        "comment": "Spring Black Bear Season - The Black Bear Spring Hunt is a great idea for Tourism as long as by bringing it in, it doesn't interfere with  the allocation of Form 33's.  If by bringing back the Spring Bear Hunt closes tourism to the north because of less allocations of Form 33's that we are previously allotted, then all that's being accomplished is the Closure of Tourism to Northern Ontario. The non-resident hunters bring new money to the region and support local businesses.  The non-resident hunters pay more for their hunt which includes accommodations and higher licence fees which benefits the MNRF, and provincial and federal taxes. Non-resident hunters benefit the local outfitters so they don't have to close their businesses and they bring new money and support all local businesses such as service stations, restaurants, sport stores, and grocery stores, etc. Resident hunters have all these amenities at their disposal and don't bring new money to the area. Resident hunters also hunt on BMA's while non-resident hunters are hunting and ruin the paying customer hunts so they don't return the following year.\nThe proposal of non-resident landowners or non-resident immediate relatives of Ontario residents having to obtain a validation certificate, benefits the licensed bear outfitter and the provincial government. It will benefit the MNRF by getting them a quicker report.\nNon licensed guides should never be able to benefit from providing guiding services in Licensed Bear Management Areas.  Licensed Bear Management Areas should have first opportunities at any vacant BMA's.\nPrivate farm land within a BMA should not be restricted. Outfitters bringing their non-resident hunters to hunt on private farm land are assisting the farmers in limiting crop damage.  By doing this for the local farmers on their BMA, the meat is being used whereas if the farmer is allowed to shoot them they can leave the carcass to  rot which is a waste of our natural resources. To benefit the MNRF, these bears would now be registered instead of not knowing how many bears have been harvested by the farmer.\nDo Not Close Ontario for Business by giving it all to the Residents.  Our signs at the border all say \"Welcome to Ontario, We are Open For Business\".  Let's keep it that way!\nThank you\n"
    },
    "42618": {
        "url": "/comment/42618",
        "comment": "Re 019-1112 spring black bear hunt\nAs a resident of Ontario, a health researcher and a mother of a young child, I am appalled that you would think to bring back such inhumane practice of hunting slow-moving  bears including mothers with young offspring who just emerged from hibernation.\nWe should be moving forward in Ontario, not backwards. The end does not justify the means - we are no longer in the Middle Ages. There are better ways to promote tourism and economy in Ontario.\nThis is not the kind of government I voted for - you cannot afford to lose the dwindling support that you have right now.\n"
    },
    "42619": {
        "url": "/comment/42619",
        "comment": "I am very concerned regarding the black bear spring hunt.  Society is rapidly changing and we are becoming increasingly more aware of our relationship to animals and our need to protect them and their habitat and certainly their environment.  I request, therefore, that you move to protect bears and not encourage their hunting and killing.  Thank you.\n"
    },
    "42623": {
        "url": "/comment/42623",
        "comment": "I am appalled that any black bear hunt is even being considered. Are we going back in time? Canada is a civilized country with no room for these primitive acts of violence perpetrated on animals. Internationally we already have a poor animal conservation track record and this will certainly not elevate our status. I believe we need a change in our governing party that is more in tune with what Canadians expect and stop catering to a tiny minority who would participate in this atrocity.\n"
    },
    "42624": {
        "url": "/comment/42624",
        "comment": "I am completely against a spring bear hunt because, as we all know, it results in orphaned cubs who usually die a slow death without their mother. It is impossible for even responsible hunters (and many are anything but responsible) to be sure that they are not killing a female animal.\nQuite apart from that, when bears are killed it is often done for no appropriate reason: they are not used as food animals and so what you have here is a basically a trophy hunt. That is by definition immoral. It is killing for the sake of it, which is absolutely sick. These hunters are not hunting primarily to feed their families...they are doing it for egotistical reasons, to make them feel important or powerful, and so they can brag to their buddies.\nWhy would we even consider causing such unnecessary fear and suffering to wild animals in order to pander to a very small minority of Ontarians who are ethically challenged? Most people in the province are against trophy hunting, but you would never know it based on the position of the Ford government.\n"
    },
    "42625": {
        "url": "/comment/42625",
        "comment": "To Whom It May Concern:\nGods Animals, NOT yours!!!! Animals were created by God to live their life as god intended. Not to be killed, tormented and suffer like you are intending.\nJust because we were created last does not mean we have dominion over animals. Quite the contrary, human beings were created to CARE for animals and the earth.\nAnimal beings are in higher favor than human beings. This is why there is the wrath of God upon those that kill and cause suffering to animals.\nGod saved all animal beings in the flood, but not human beings. Human beings had to save themselves.\nThere is a passage in the Bible that says, \"the lion laid down with the lamb\". Who is the lion????\nStop your arbitrary killing to wreck havoc with God's creations. God created animal beings and now where has he indicated it is permissible to kill them, or use them for personal means, that is your appetite, wallet or pleasure.\nRemember, now that you know, God's Animals, NOT yours!!!! Donna\n"
    }
}