{
    "44829": {
        "url": "/comment/44829",
        "comment": "Dear Premier Wynne\n c.c. Ontario MPP's\nOur family is appalled by your decision to allow a Spring Bear Hunt in Ontario. For us this is both a political and a moral issue.\nThe Conservatives, under Mike Harris, cancelled the Spring Bear Hunt 15 years ago because of the extreme cruelty in leaving hundreds of tiny orphaned bear cubs to die a slow death of starvation. How can your government possibly justify reinstating this throwback to another era?\nWe find it hard to believe that you are unaware of the following facts:\n* Attracting bears with food bait when they are coming out of hibernation and obviously very hungry to be easily picked off by a hunter sitting in a nearby tree blind is hardly hunting, rather it is target practice.\n* Your government states that \"it will remain illegal to kill a female bear with cubs\". This assurance is disingenuous given that it's rare to be able to see a bear's genitals or lactating teats from a tree blind at a distance. Furthermore, mother bears approaching a food source where there may be other bears send their cubs into hiding before approaching the bait.\n* It was why, in 1999, the Spring Bear Hunt was cancelled when MNR staff revealed that over 270 bear cubs were orphaned each year and left to starve to death as a direct result of the hunt. A former MNR staff member indicates that this number is low and that it was more likely closer to 1,000 cubs that died.\n* Your government indicates that there has been an increase in the black bear population and that Ontario is home to a healthy and sustainable bear population. In fact, the black bear population has not increased. To the contrary, the 2007 Annual Report of the Auditor General of Ontario conveys that 'despite the cancellation of the Spring Bear Hunt in 1999, government bear hunting data show that bear populations are likely not being maintained at sustainable levels and that every year, hunters kill more female bears than allowed by law'.\n* In attempting to justify the Spring Bear Hunt, you have stated that \"public safety is paramount and Ontarians should feel safe in their communities\". If, in fact, your real concern is public safety, you would acknowledge the studies that have conclusively shown that the greater number of bears killed, the greater number of human-bear conflicts and complaints. A report by Dr. Edward A. Tavss of Rutgers University http://www.bearsmart.com/docs/Tavss-v4.pdf on a dozen communities across North America included data from Ontario which shows that there has been a bear hunt every year in this province, with generally increasing numbers of bears killed annually, and a corresponding increase in the number of complaints.\n* On the other hand, the report shows where jurisdictions have implemented conflict prevention and education strategies, there has been a significant decrease in bear conflicts and complaints. The Elliot Lake Ontario community is one such example. The year before public education and bear resistant containers were introduced, there were 500 nuisance bears and three shootings. Using the Bear Wise model program, in 2004 this was reduced to 87 nuisance bears and no shootings.\n* Given these results, we are shocked that your government has abandoned the Bear Wise Program and instead plans to use an inhumane, ineffectual and highly controversial lethal approach to bear management in Ontario. Our consternation is shared by the Environmental Commissioner of Ontario in his 2012-13 Report where he criticizes the gutting of the Bear Wise program, a program which successfully reduced human/bear conflicts.\nPolicy must derive from logic and compassion, not political opportunism. We urge you to cancel the ill-conceived plan for a Spring Bear Hunt and immediately re-instate all elements of the highly-effective Bear Wise program.\nI look forward to your response to these concerns and your assurance that, unlike previous Environmental Bill of Rights consultations conducted by the Ontario Ministry of Natural Resources, this one will be transparent and fair. It will be closely scrutinized.\nSincerely\nDerrick\n"
    },
    "44833": {
        "url": "/comment/44833",
        "comment": "I was notified of your intention to make changes to the regulation about bear hunting in Ontario. It looks like you want to ensure more people than the land holders or their relations can hunt bears in Ontario, and want to expand this, plus you want to hunt hungry bears just coming out of hibernation, which includes momma bears with new cubs.\nPersonally, I do not agree with your new regulations. Supposedly your reasoning is that bears in that region are becoming more common? Have you the results of any statistical studies verifying that? We would like to see those reports.\nSo your solution is to kill the moms and their cubs. The moms by baiting them in their hungry period, and their cubs by starvation as their mom will be dead.\nIf this is what Canadian Fish and Wildlife has come to, I am not for it.\nAvoiding confrontations with bears takes other alternative action from human settlements than killing. It means using bear safe garbage containers. Secure barns, graineries to avoid bear entry. No pets held outside on chains, or insecure pens.\nMore can be done by us first before we should resort to hunting at all. Especially the inhumane method which seems to be favored by Canadian Fish and Wildlife department.\nThe hunters in Canada have a powerful group, that can apply a lot of pressure to the government to make their voices heard, but the rest of us also must have a say, and we have our reasons for our opinions also, which I think are better ones than that a bear skin is desired for my cabin.\nThink about it and come up with better actions than annual spring hunting of hungry bears, moms and babies included.\n"
    },
    "44835": {
        "url": "/comment/44835",
        "comment": "February 18, 2020\nRe: Environmental Registry #019-1112:\nProposed Changes to Black Bear Hunting Regulations\nWe are writing to register our strong opposition to the Spring Bear Hunt.\nIt is unethical to hunt any species in the spring, not only are the bears depleted from their hibernation period and desperate to find food, but they also have young to care for. Hunting of any other large game species is not permitted in the spring when there are dependent young.\nUtilizing baiting stations should also be prohibited, it is akin to shooting fish in a barrel. In the spring the animals are ravenous from months without food and in the fall they are focused on finding enough food to reach a body weight that will sustain them through hibernation.\nAs for it being illegal to shoot a female bear with cubs, cubs are seldom with the mother at the food site and it is well established that it is very difficult for hunters to determine the nursing status of a bear from a tree blind. This means that cubs will be orphaned in the spring. Unable to care for themselves, they will suffer and die.\nWith respect to the assertion that the Spring Bear Hunt helps reduce human/bear conflicts, this was shown not to be the case by Martyn Obbard, the Ministry\u2019s own bear biologist, now retired.  Evidence shows that it does not minimize human conflicts with bears.\nEducation and prevention are the only sensible and cost-effective tools that exist when it comes to dealing with human-wildlife interactions. For this reason, Ontario\u2019s Bear Wise Program must be reinstated. An evaluation of the program that was conducted with the participation of northern municipalities, organizations and citizens found that \u201cThere is overwhelming support for the program in general, particularly in the areas of response and community funding.\u201d\nThe former Minister of Natural Resources, John Snobelen, who cancelled the spring bear hunt in 1999, has publicly denounced its reintroduction.  In an Op-ed in the Toronto Sun he states \u201cIn Ontario we don\u2019t hunt large game in the spring. We believe in fair chase and hunting for consumption. The best of our hunting traditions don\u2019t include blasting away from a tree stand at hungry bears lured to bait\u201d.\nIn closing we would like to recommend Recommendations:\nThe withdrawal of the Environmental Registry #019-1112; the reinstatement of the ban on the spring bear hunt; end the spring hunt and trapping in the Saugeen-Bruce Peninsula; the tightening of the fall bear hunt to include no hunting of mothers with cubs (family groups); and the reintroduction of the Bear Wise Program.\n"
    },
    "44836": {
        "url": "/comment/44836",
        "comment": "I oppose the proposal to implement a regular spring black bear season across the province and state that proposed changes to protect the Bruce Peninsula black bear population are inadequate.\n1. Regulations to prohibit harvesting of females accompanied by cubs are unenforceable and will be ineffective.\n2. Most Ontarians consider it unacceptable that young cubs are orphaned in a spring season and left to starve to death.\n3. Instituting a province-wide spring black bear season cannot be justified as a way to reduce human-bear conflict.\n4. Economic gain from a spring season is not substantial. A spring season mostly moves revenue to outfitters from the fall to the spring with no net gain.\n5. Suspended baits should be made mandatory in order to skew the harvest towards males and protect adult females, especially should a spring season be implemented permanently.\n6. The hunting season on the Bruce Peninsula should be closed completely to halt further declines in the number of bears in the population and to halt further declines in genetic diversity which would be a threat to the long-term viability of the population.\n"
    },
    "44838": {
        "url": "/comment/44838",
        "comment": "I am in favour of the continuation of the Ontario Spring Black Bear Hunt. I also agree with the bait placement proposed changes. I do not however agree with the non resident changes for direct family members or land owners. Lots of these \"Non Resident landowners do not have there property near a licenced BMA outfitter and would have to travel even farther to go on there bear hunt. I am not a non resident landowner nor do I have relatives that take part in this that are non residents but for those that use these licences I think it should be maintained the way it is currently situated. What I would like to see is a non kill licence for non residents that would like to come to Ontario and run there hounds off baits but not actually kill the bear. There is a great opportunity for the province with dog licences as well as permit fees for non residents to come to Ontario and simply run and tree bears with there hounds. This could be have some stipulations attached maybe such as must be with a resident black bear tag holder, must not have a firearm or bow ect. I just feel putting all opportunities into the hands of the few with large BMA's on crown land could be handled better especially with \"NO KILL\" options as this will not hurt there numbers or quotas what so ever. This also being said the area in which hound hunting takes part is usually in the more southern regions of the province where there is more road access and very few large scale guiding operations.\n"
    },
    "44840": {
        "url": "/comment/44840",
        "comment": "Stop the reinstatement of a spring black bear hunt in Ontario, which results in the deaths of mother bears and orphans many cubs!\nBear hunting is unnecessary and cruel beyond comprehension. Please protect ALL living occupants of our beautiful province. They have as much right to be here as humans!\n"
    },
    "44841": {
        "url": "/comment/44841",
        "comment": "Please do not implement a spring Black Bear hunt. The timing of the hunt is ill conceived since it can leave cubs orphaned.  It is very difficult for hunters to tell the difference between female and male black bears at a distance and it may only be after they kill the bear that they discover that they have killed a mother bear .  Please consider the cruelty that will result if mother  black bears are accidentally killed, leaving cubs to starve to death. This spring hunt proposal is  irresponsible and leaves too much to chance.\n"
    },
    "44843": {
        "url": "/comment/44843",
        "comment": "It's unfortunate that the value being placed on our wildlife comes down to the almighty dollar. The spring bear hunt brings in millions and when it was cancelled in the past, the tourism industry lost money. As an Ontario resident, I do not support the notion of a permanent spring black bear hunting season and believe it should be cancelled. Females with cubs are not properly protected. There are substantial flaws with baiting practices. The hunt does not decrease bear/human conflict (as per the government's own 2014 study on the subject). Additionally, it creates safety concerns for humans and their pets.\n"
    }
}