{
    "44163": {
        "url": "/comment/44163",
        "comment": "\u2022Bear cubs will continue to be orphaned if the hunt becomes permanent. While it\u2019s currently against the law to kill cubs and mother bears accompanied by cubs, mother bears often leave their cubs in trees when searching for food. If a mother is killed, her cubs will likely die slowly of starvation or be eaten by predators.\n\u2022Hunting bears doesn\u2019t improve human safety. Stopping human-bear conflict is achieved by removing access to garbage, barbeques, and other attractants.\n\u2022Bears have low reproduction rates, meaning the survival of adult females is vital for the species.\n\u2022The government has disclosed a need to reduce black bear hunting in Saugeen-Bruce Peninsula due to population concerns, yet it is simultaneously proposing to allow the hunting and trapping of these bears in that region for one week each spring. This is irresponsible.\n\u2022Even the economic argument for allowing the hunt is weak. The government has said the economic impact would be neutral or positive, but has provided no evidence to support this claim.\n"
    },
    "44165": {
        "url": "/comment/44165",
        "comment": "We are better than this. We humans have a responsibility to protect vulnerable beings. Let us live up to our responsibility, and be proud of being a wise, and evolved species by not killing others. Bear hunting is an unnecessary and cruel activity that is made worse by being categorized as \u2018sport\u2019 or \u2018recreation\u2019.  Killing will always be killing and morally bankrupts us; taking someone else\u2019s life and calling it recreation is beneath us. Be merciful. For the sake of the bears, and for our sakes.\n"
    },
    "44170": {
        "url": "/comment/44170",
        "comment": "I'd like to register my opposition to the spring bear hunt in Ontario, in both its current and proposed forms.\nThere is no justification for trophy hunting, or the ancillary businesses that enable many of these hunters and depend on them.\nThe time for these kind of behaviours is long over. So should be the Ontario government's policy of permitting and -- even worse -- expanding them.\n"
    },
    "44171": {
        "url": "/comment/44171",
        "comment": "Here in Florida there have been recent black bear hunts.\nDespite the \"rules\" cubs are always killed too.  WHY?   No one alive is SURVIVING by killing a bear. It is a game and an outmoded one that needs to end.\nUsually, here in Florida at least, the outdoor type stores and weapon and ammunition stores put a lot of pressure on the officials to continue these \"hunts\" that are nothing but people showing off their expensive gear and weapons.   END all HUNTS!\n"
    },
    "44172": {
        "url": "/comment/44172",
        "comment": "Wildlife Not Wild-Death\nI am a spring, summer and fall resident of an inlet on Georgian Bay, one-half hour north of Parry Sound. Over the last 50 years I have often encountered bears in the wild. I am a former Vice-Chair of an Ontario environmental tribunal, and having chaired numerous hearings in which expert scientific evidence was determinative of the environmental issue to be decided, it is obvious to me that the science to support a spring bear hunt is conspicuous by its absence.\n1. The \"nuisance\" claim\nIn my experience, it is human carelessness that is a nuisance and there is no such thing as a \"nuisance bear\" in the natural order of things. As this is one of the justifications for the spring hunt, it is simply ill-informed and wrong. Importantly, any decisions regarding a spring hunt should be science based. I am not aware of any scientific basis for the allegation that a spring bear hunt will somehow resolve the so-called nuisance bear issue or that it is even a problem for people residing in areas that bears consider habitat. In fact, the baiting of bears creates a situation where bears are led down the garden path by humans to being characterized as a nuisance. This is inexcusably contradictory.\n2. The economic benefit claim\nI support our northern economy. However, the alleged economic justification for the hunt (certainty of income for resort owners and spin-off businesses  from hunting and accommodation) is anecdotal and based on maintaining a perceived status quo that does not exist - there is far more public interest in conserving wildlife, and appreciating it by observation and study, than killing wildlife for sport. It is clear that the majority of Canadians are for preserving, and not killing, our native wildlife, including bears and wolves. Canadians would rather celebrate our wild creatures and not senselessly and needlessly harm, kill and harass them. There is no study that shows that killing bears is more economically productive than observing them in the wild.\n3. Mother bears and their cubs\nLastly, the \"safety net\" suggestion - that hunters will be able to determine the sex of a target bear and avoid killing female bears - is simply ludicrous. As others have pointed out, a mother bear does not keep her cubs on a notional leash. It is precisely because a mother bear is separated from her cubs that she becomes distressed with a human presence and shifts into protection mode - a natural reaction that supporters of a spring bear hunt would call \"nuisance\" behaviour. This \"safety net\" is full of holes.\nIn sum, please do not re-instate a spring bear hunt that is an overreaction to a preventable and overstated \"nuisance\" bear threat, is based on outdated economics, is inhumane, cannot be enforced, and is not science based. Instead, why not try a modern approach by educating people to not create nuisance bear situations and by promoting eco-tourism opportunities that celebrate wildlife, not wild-death.\n"
    },
    "44174": {
        "url": "/comment/44174",
        "comment": "The spring bear hunt is a complete unnecessary slaughter of our beautiful and needed wildlife. Let's not become a carbon copy of Trump's government for total disregard of life and the environment. Bear cubs will continue to be orphaned if the hunt becomes permanent. While it\u2019s currently against the law to kill cubs and mother bears accompanied by cubs, mother bears often leave their cubs in trees when searching for food. If a mother is killed, her cubs will likely die slowly of starvation or be eaten by predators.\n\u2022\tHunting bears doesn\u2019t improve human safety. Stopping human-bear conflict is achieved by removing access to garbage, barbeques, and other attractants.\n\u2022\tBears have low reproduction rates, meaning the survival of adult females is vital for the species.\n\u2022\tThe government has disclosed a need to reduce black bear hunting in Saugeen-Bruce Peninsula due to population concerns, yet it is simultaneously proposing to allow the hunting and trapping of these bears in that region for one week each spring. This is irresponsible.\n\u2022\tEven the economic argument for allowing the hunt is weak. The government has said the economic impact would be neutral or positive, but has provided no evidence to support this claim.\n"
    },
    "44176": {
        "url": "/comment/44176",
        "comment": "Please do not relax the rules about hunting bears.  In fact, strengthen them.  Bear hunting is an uncivilized activity for a modern society.  Although the hunting lobby group may be loud and in your face, most people think luring a hungry mother bear out from her den and then killing the defenceless animal (and leaving her cubs to likely die) is disgusting.  The numbers will dwindle over time and there will be concern over extinction.  Just don't let the hunting happen now.  Thank you\n"
    },
    "44177": {
        "url": "/comment/44177",
        "comment": "it is a human disgrace that thid kind of thing ..that  a hunt is even thought of..who do we think we are the only species on this planet..they have a right to live as much as we do.. and serial killing as a sport is hon human..just because we have guns does not mean we have to kill something.....\n"
    },
    "44178": {
        "url": "/comment/44178",
        "comment": "Il m'est difficile de comprendre que vous appeliez \"sport\" le fait de tromper un animal qui vient d'avoir des petits avec des friandises afin de le tuer. Quelle fiert\u00e9 peut avoir un chasseur de cet acte vil et d\u00e9gradant ? Et les petits qui vont mourir de faim ou \u00eatre tu\u00e9s par les pr\u00e9dateurs, ces chasseurs n'y pensent pas ? Ils n'ont pas de c\u0153ur, pas de sensibilit\u00e9. Comment peuvent-ils enseigner l'amour et la compassion \u00e0 leurs enfants. Laissez donc ces m\u00e8res ourses \u00e9lever leurs enfants en paix. Pour l'amour de la vie, juste pour l'amour.\n"
    },
    "44180": {
        "url": "/comment/44180",
        "comment": "Bear hunt is unnecessary and irresponsible!\n-Bear population in Bruce Peninsula area is not great enough to warrant a hunt.\n-Get rid of human garbage, campfires, etc., and bears won't be attracted and humans won't feel threatened.\n-Babies are marooned without mothers.\n-Economy/tourism argument is ridiculous. One week is not going to fill the provincial coffers and if there is no bear hunt abusive, cruel types like Donald Trump Jr. won't be tempted to kill our wildlife or even come to Canada. Seriously!!\n"
    },
    "44181": {
        "url": "/comment/44181",
        "comment": "I am very opposed to the spring bear hunt.  PLEASE RECONSIDER and STOP KILLING OUR WILDLIFE!\nThere is already a fall bear hunt, & there really is no reason to reintroduce the spring hunt, just when mothers are caring for their offspring.\nThere is no accurate way a hunter can tell a male bear from a female bear, especially from a distance, since mothers will often forage for food without their cubs in tow.\nShotting a female by \"accident\" only creates orphans, who will starve or be predated upon if they are not rescued.  How horrific to cause such undue harm when we as an intelligent and compassionate province should be exploring and promoting ways to preserve our environment, with all its native flora and fauna.\nThis is NOT hunting, it's a sport that unnecessarily culls a highly intelligent animal.\nThe bottom line is all about increased revenue from tag sales & satisfying the whims of the hunting community.\n"
    },
    "44183": {
        "url": "/comment/44183",
        "comment": "I am in favour of all the recommended changes. I have seen the problems caused by the absence of a spring bear hunt and am encouraged that the pilot project will become permanent.\nChanges regarding the required use of outfitters and licenced guides is probably a good idea for non-residents.\nChanges for the limited number of MWU in the Bruce Peninsula to aid in restoring black bear numbers is fine, as long as it can change in years to come as bear numbers get to cause a problem.\n"
    },
    "44185": {
        "url": "/comment/44185",
        "comment": "Please don't kill the bears - any animals.\nTheir cubs will die due to starvation. It is not ethical and not economically beneficial either.\nYou kill by the gun, you die by the gun, whether you believe that or not.\nEvery living being has a soul, is a creature of God. We did not create. We then do not have the right to destroy.\nPlease open up your hearts to their plight.\nThank you.\n"
    }
}