{
    "43979": {
        "url": "/comment/43979",
        "comment": "I disagree with the minor changes section, both in naming and practice. More specifically I disagree with disallowing landowners such as myself to be allowed to hunt on their own land without a guide. Forcing me to hire a guide is unfair, because I have been hunting my own land for years with no safety reasons. although this would help guides get money it would hunt land owning hunters, as well other forms of tourism in the area.\n"
    },
    "43980": {
        "url": "/comment/43980",
        "comment": "I am commenting on the proposal to allow a spring bear hunt. Bear cubs will continue to be orphaned if the hunt becomes permanent. It is against the law to kill cubs and mother bears accompanied by cubs; however, mother bears often leave their cubs in trees when searching for food. If a mother is killed, her cubs will likely die slowly of starvation or be eaten by predators.\nHunting bears does not improve human safety. Stopping human-bear conflict is achieved by removing access to garbage, barbecues and other items that attract them.\nBears reproduce slowly, so adult females must not be killed if the species is to survive.\nThe government has disclosed a need to reduce black-bear hunting in Saugeen-Bruce Peninsula, owing to population concerns, but nevertheless it proposes to allow the hunting and trapping of these bears in that region for one week each spring. This is irresponsible.\nEven the economic argument for allowing the hunt is weak. The government has said the economic impact would be neutral or positive, but has provided no evidence to support this claim.\nThis is the 21st century and Ontario's tourism industry should not depend on the killing of animals for sport. Surely other ways can be found to draw tourists to this beautiful province and provide for their entertainment in non-lethal ways.\n"
    },
    "43982": {
        "url": "/comment/43982",
        "comment": "I am against this proposal for the following reasons:\nBear cubs will continue to be orphaned if the hunt becomes permanent. While it\u2019s currently against the law to kill cubs and mother bears accompanied by cubs, mother bears often leave their cubs in trees when searching for food. If a mother is killed, her cubs will likely die slowly of starvation or be eaten by predators.\nHunting bears doesn\u2019t improve human safety. Stopping human-bear conflict is achieved by removing access to garbage, barbeques, and other attractants.\nBears have low reproduction rates, meaning the survival of adult females is vital for the species.\nThe government has disclosed a need to reduce black bear hunting in Saugeen-Bruce Peninsula due to population concerns, yet it is simultaneously proposing to allow the hunting and trapping of these bears in that region for one week each spring. This is irresponsible.\nEven the economic argument for allowing the hunt is weak. The government has said the economic impact would be neutral or positive, but has provided no evidence to support this claim.\n"
    },
    "43983": {
        "url": "/comment/43983",
        "comment": "This certainly lacks any kind of logic or sense. The Spring Bear hunt is pandering to hunters without any logical thoughts to the ecosystem and the caring of our precious wildlife.\nI just keep counting the days to the next provincial election. Hopefully we will have some eco balance and protected and thriving environment by the time this government leaves.\nThis really is quite shameful.\n"
    },
    "43986": {
        "url": "/comment/43986",
        "comment": "Please do not hunt these bears! We as a society need to enjoy the beauty of every living breathing feeling being and not hunt to extinction every beautiful creature on earth.why are living in a world we\u2019re humans feel the need to kill everything for what purpose does killing bears etc serve for sport for entertainment. Stop destroying what we have on this earth. We\u2019re supposed to be civilized this is not civilized behaviour\n"
    },
    "43988": {
        "url": "/comment/43988",
        "comment": "Hunters can't distinguish between female and male bears--they are going to kill the first one they see. With it being spring, you are fully aware that there will be cubs and they won't survive should the mother bear be killed. You also have no guarantee if hunters will report the actual number of bears they shoot.  There is NO reason for a spring bear hunt. People do not need to manage the bear population. I think this is dangerous and detrimental to the bear population and the overall wildlife population and ecosystem.\n"
    },
    "43991": {
        "url": "/comment/43991",
        "comment": "Dear M,\nBears need your help!\nThe Ontario government wants to permanently bring back the spring bear hunt, a dangerous and irresponsible move being condemned by environmental and animal protection groups.\nThe province outlawed the spring bear hunt in 1999 because bear cubs were being orphaned after their mothers were shot to death. After re-introducing spring bear hunt pilot projects in 2014 and 2016, the government now wants to bring this cruel hunt back for good, all to appease the powerful hunting lobby.\nThe scene is sickening. Hungry black bears are baited with food, after they emerge from their dens after a long winter of hibernation. When they reach the bait, they are mercilessly gunned down.\nBears, like all wildlife, need our compassion and protection. It\u2019s unacceptable that the government is supporting the cruel and needless trophy hunting of bears.\nM, it\u2019s now time to speak up. The public consultation period is open until Tuesday, February 18, 2020, and we urgently need you to add your voice!\nPlease eliminate the spring bear hunt.  See the following reasons.  Also, consult with Mike MacIntosh of Bear With Us Sanctuary who continues to rescue orphaned cubs because their mothers have been killed by inexperienced/uneducated hunters.  This is a trophy kill and has no necessity in our current times.\n\u2022\tBear cubs will continue to be orphaned if the hunt becomes permanent. While it\u2019s currently against the law to kill cubs and mother bears accompanied by cubs, mother bears often leave their cubs in trees when searching for food. If a mother is killed, her cubs will likely die slowly of starvation or be eaten by predators.\n\u2022\tHunting bears doesn\u2019t improve human safety. Stopping human-bear conflict is achieved by removing access to garbage, barbeques, and other attractants.\n\u2022\tBears have low reproduction rates, meaning the survival of adult females is vital for the species.\n\u2022\tThe government has disclosed a need to reduce black bear hunting in Saugeen-Bruce Peninsula due to population concerns, yet it is simultaneously proposing to allow the hunting and trapping of these bears in that region for one week each spring. This is irresponsible.\n\u2022\tEven the economic argument for allowing the hunt is weak. The government has said the economic impact would be neutral or positive, but has provided no evidence to support this claim.\n"
    },
    "43992": {
        "url": "/comment/43992",
        "comment": "Hunting bears doesn\u2019t improve human safety. Stopping human-bear conflict is achieved by removing access to garbage, barbeques, and other attractants.\nBears have low reproduction rates, meaning the survival of adult females is vital for the species.Stop abuse torture and murdering of all animals. Live & let live.\n"
    },
    "43993": {
        "url": "/comment/43993",
        "comment": "It is unbelievable that any government even thinks it a good idea to hunt any animal especially when it has woken from hibernation and , being spring, will shortly start looking to mate.\nAnimals need to be protected, we are the guardians of all living beings on this one planet that we share.  How about thinking of what we are leaving to future generations.\nPlease rethink. Thank you.\n"
    },
    "43994": {
        "url": "/comment/43994",
        "comment": "I OPPOSE Spring bear hunting. Here is why:\nBear cubs will continue to be orphaned if the hunt becomes permanent. While it\u2019s currently against the law to kill cubs and mother bears accompanied by cubs, mother bears often leave their cubs in trees when searching for food. If a mother is killed, her cubs will likely die slowly of starvation or be eaten by predators.\nHunting bears doesn\u2019t improve human safety. Stopping human-bear conflict is achieved by removing access to garbage, barbeques, and other attractants.\nBears have low reproduction rates, meaning the survival of adult females is vital for the species.\nThe government has disclosed a need to reduce black bear hunting in Saugeen-Bruce Peninsula due to population concerns, yet it is simultaneously proposing to allow the hunting and trapping of these bears in that region for one week each spring. This is irresponsible.\nEven the economic argument for allowing the hunt is weak. The government has said the economic impact would be neutral or positive, but has provided no evidence to support this claim.\n"
    },
    "43995": {
        "url": "/comment/43995",
        "comment": "The spring bear hunts should end. They ultimately serve no purpose other than bringing pain and suffering to these animals and bring pleasure to those that derive pleasure from trophy hunting.  The vast majority of the public do not favor nor approve of trophy hunting.\nHuman bear contact can be managed with programs addressing the use of barbecues, garbage disposal and other activities.\nDo the right thing and remove these hunts, thank you.\n"
    },
    "43996": {
        "url": "/comment/43996",
        "comment": "comments:\nPlease do not bring back the spring bear hunt.\nBear cubs will continue to be orphaned if the hunt becomes permanent. While it\u2019s currently against the law to kill cubs and mother bears accompanied by cubs, mother bears often leave their cubs in trees when searching for food. If a mother is killed, her cubs will likely die slowly of starvation or be eaten by predators.\nHunting bears doesn\u2019t improve human safety. Stopping human-bear conflict is achieved by removing access to garbage, barbeques, and other attractants.\nBears have low reproduction rates, meaning the survival of adult females is vital for the species.  Please let the bears live in peace.\n"
    }
}