{
    "40676": {
        "url": "/comment/40676",
        "comment": "ONLY Ontario residents [with proof of real residency, e.g. OHIP card] should be eligible for any and all hunting and fishing licenses. The definition of \"Ontario resident\" should, for these purposes, be expanded to include any First Nations, Metis or Inuit person.\nI object to the commercialization and licensed-tourism to harvest our natural wild game and fish.\nThese harvests must only be done by Ontario residents and consumed for local use.\nThis would encourage more local participation and consumption of resources while controlling the animal and fish stocks.\nEco-tourism should be a government priority, focused more on visiting and viewing animals in the wild, rather than killing them. That would be of more benefit in the long term to the economy and generate more income rather than from selling licenses.\n"
    },
    "40681": {
        "url": "/comment/40681",
        "comment": "The spring bear hunt is a cash grab for tourist dollars.  There is NO PLACE for this hunt. It is unethical and inhumane.\nIs is not about public safety, much as OFAH might falsely claim.\nPut the ban back in place!\nhttps://www.tvo.org/article/why-the-spring-bear-hunt-isnt-about-public-\u2026\n"
    },
    "40682": {
        "url": "/comment/40682",
        "comment": "I'm in favour of the proposal to keep the spring bear hunt.  I work in the tourism industry and met many people over the years that have traveled to the area for hunting and fishing.  Its important to keep  populations under control because when the population of animals increases its hard on the rest of the ecosystem and other animals as well.  Humans more frequently end up having to deal with nuisance bears when the populations are higher,  food becomes more scarce they will start to come into populated areas around homes and business and create damage, panic and fear.  Most people will rarely encounter a bear in their daily lives when they are properly controlled.  In order to keep those numbers down its is necessary to allow hunting at different times of year.\n"
    },
    "40690": {
        "url": "/comment/40690",
        "comment": "My wife and I live on Georgian Bay surrounded by wilderness and are fortunate to have exposure to all kinds of wildlife. We occasionally see or have evidence of bear activity. We do not see any benefit to have a spring bear hunt - it isn't as if they are running around in abundance - this hunt leads to orphaned cubs which is a cruel reality for young bear - most often ending in death. There is ample time in the Fall for the bear hunt . We do not need to have hunters roaming the bush in the spring as well - some of us want to walk the trails without the concern of guns being at the ready to shoot bear.\nNot supporting this proposal !!\n"
    },
    "40692": {
        "url": "/comment/40692",
        "comment": "No to bear hunting please.\nAli, Toronto\n"
    },
    "40694": {
        "url": "/comment/40694",
        "comment": "This should absolutely not be allowed. Baiting and shooting bears in the spring when they are extremely hungry and quite often with young, is not only unnecessary and violent, but unethical.\nWe need to evolve beyond the archaic notion that these animals are there for human use and that it's a perfectly acceptable past time to lie in wait to shoot someone.\nAs humans, we have an abysmal track record of \"managing\" wildlife and nature in general. This is another example of mis-management.\nPlease do not allow this to be re-instated.\n"
    },
    "40695": {
        "url": "/comment/40695",
        "comment": "Pls for the love of Nature and Humankind, do NOT allow regular yearly bear exterminations! When animal populations explode, ON should be prepared to do SOME culling based on newly gathered  information, not regulations that are based on old data. Bear hunting is murder of a species. It is a barbaric sport. Government should protect wildlife not destroy it. I will strongly protest this cold-blooded decision if taken by the Ford Government.\nI am not, nor have ever been involved in any wildlife organizations or groups. In view of the rapid, decline of all animal species and a volatile, hostile enviroment, I now oppose any arbitary and self-serving rules to limit wildlife.\n"
    },
    "40696": {
        "url": "/comment/40696",
        "comment": "I strongly object to the reopening of any hunt in the Province of Ontario, especially this spring bear hunt which pro-killing organizations again spout off wildlife management and conservation as why it's needed.\nWhat a load of propoganda!\nSince 1973, we have lost over 60% of our wildlife species all while hunting organizations, hunters, and trappers were all claiming conservation.  If their job was to have conserved the worlds wildlife population, they would have most definitely been fired!  These non-human beings are not on this planet for us to use and abuse as we see fit!  Their purpose is void of any human requirement and once again this government shamely bargains their lives on profit!\nLeave our wildlife alone!!\nWhat a better means of generating profit than tourism based off of wildlife in their natural habitat as opposed to tourism based off of the taking of their lives.  The people of this Province are fed up with hunters making false claims so that their 2% of the population can run amuck and disregard the vast majority of citizens wishes.  ACT LIKE GUARDIANS OF THIS LAND and refuse this bear hunt!\nThank you.\n"
    },
    "40697": {
        "url": "/comment/40697",
        "comment": "NO, I am vehemently opposed to a permanent spring bear hunt.\nIt will be a death warrant for innocent baby bear cubs who will be orphaned and die when their mothers are gunned down by hunters after emerging from hibernation in the spring.\nIt's deeply disappointing that the current government that I have supported strongly, has so little regard for the majestic creatures.\nThe Conservative Party\u2019s animal welfare policies have put the party in a very bad position and I myself will have to consider whether I can support a party that does not respect life outside of human.\nI strongly urge you to reconsider the introduction of this legislation.\n"
    }
}