{
    "45194": {
        "url": "/comment/45194",
        "comment": "I am opposed to the Spring Bear Hunt for a number of reasons as outlined below:\n1. It results in orphaned cubs. Female bears get shot as hunters do not identify them properly and kill them in error. I don't feel bear cubs should be collateral damage. Despite the threat of large fines, regulations prohibiting harvesting of females accompanied by cubs are unenforceable, as they were up to 1999 when the original spring season was cancelled.\n2. Female bears could be identified if the bait was hung at a height. But it isn't. When the bait is hung at a height the hunter can identify it as a female and not shoot. Please see attached paper. Also, how are fines going to be enforced? Is the hunter who has just killed a female going to self-report? It will not work as a deterrent.\n3. There is already a fall bear hunt. We do not need to have two times of the year to hunt bears. It is overkill. Research has shown that hunters do not tend to hunt twice a year. They hunt in the spring or the fall. Therefore, having a hunt at two times of the year is not necessary.\n4. I do not feel that the anticipated environmental consequences of the proposal are expected to be neutral. If there is a hunt both seasons the environmental consequences will not be neutral.\nThank you.\n"
    },
    "45199": {
        "url": "/comment/45199",
        "comment": "I can\u2019t believe that in the year 2020 we are  discussing this. We should not be allowing people to hunt animals especially when it\u2019s for trophy or for the thrill to kill. Even my 80 year old father who had hunted animals for food during most of his younger years wouldn\u2019t support this. More and more people chose not to eat meat these days for ethical reasons. Killing should not be a sport in a civilized society like ours. How many bear cubs will be orphaned in the spring...\n"
    },
    "45202": {
        "url": "/comment/45202",
        "comment": "I urge Ontario legislators to cancel the Spring Bear Hunt completely, and to not expand the pilot project instituted by previous Liberal governments. Please, do not follow the misguided plan laid out by previous governments led by another party. And, please note that even though the previous government callously expanded the Spring Bear Hunt pilot project, they still lost power.\nMost Ontarians do not hunt, nor do they support sport hunting. Most Ontarians want our public lands to be free of violence.\nI urge Ontario Progressive Conservative Party legislators to follow the example provided by former Premier Mike Harris and Minister John Snobelen, when they courageously resisted pressure from hunting lobbyists, a group that does not represent the majority of Ontarians.\nA modern province can develop a better tourism plan than inviting non-resident sport hunters who enjoy killing wildlife, animals who have little hope of escape, onto our mutually owned public lands. Ontario\u2019s forests belong to all of us, not just to the businesses that profit from violence against wild animals.\n"
    },
    "45204": {
        "url": "/comment/45204",
        "comment": "The spring bear hunt will put black bear cubs in danger of being orphaned.  There is no way for a hunter to know if the bear he is hunting is male or female.  The mother bears do not take their Cubs along when foraging for food.  It is far too early in the season for a bear hunt.\nTo introduce such a bear hunt is short sighted and turning a blind eye to the global wildlife crisis.  So many species are at risk of extinction or quickly becoming extinct.  We are at a time on the planet's history where this type of hunting can no longer be justified - not for any reason.  Sighting a healthy bear population as an excuse to hunt is not a valid reason to kill bears in the spring.  Truly devestating for the bears, Ontario and the planet.\n"
    },
    "45205": {
        "url": "/comment/45205",
        "comment": "No bear hunt. Hunters are stupid and can\u2019t even tell the difference between a human and a bear let alone a male and female bear. Ontario doesn\u2019t have to stoop so low to let hunters murder our wildlife. We are better than that. Ontario is not open for murder/ cruelty business. What kind of government reverses laws that protect our natural beauty??!! Omg! So stupid. Don\u2019t allow bear hunting.\n"
    },
    "45207": {
        "url": "/comment/45207",
        "comment": "I am very much opposed to any kind of Spring black bear hunt.  I've read the proposal and the news articles outlining the 'pros' of having such a hunt and they are just not compelling.  It is predominantly the anglers and game hunters associations pushing misinformation about the 'necessity' of such a hunt, and severely downplaying both the severity of the negative consequences as well as their likelihood.  In addition, the money brought in by hunting cannot seriously be taken as a consideration when it flies in the face of these negative consequences.\nThe reality is that there is no need for a Spring black bear hunt.  Listening to unbiased wildlife biologists, rather than biased pro-hunting lobby groups, makes that abundantly clear.  Bottom line - it is unconscionable and indefensible to prey on any species during breeding season.  The risks are too high - and are undeniably cruel.  I understand that there are written regulations to guard against hunters shooting nursing females and cubs, but that's a weak 'protection' at best.  Hunters will profess that they can determine if a female bear is nursing her young, but the reality is that it is extraordinarily difficult to accurately determine nursing status of free-ranging black bears. The overwhelming conclusion drawn by wildlife officials in the field is that the regulation looks good on paper but is spectacularly difficult to implement in the field.\nUltimately, this hunt invariably leaves dependent cubs orphaned - it's inevitable.  Given the difficulty of making solid determinations of which bears are definitively nursing mothers by hunters, it makes no sense to have a Spring black bear hunt in Ontario.  I come from a long line of hunters and this is abhorrent to all of us.  No ethical hunter is pushing for this.  The comments and propaganda I see in social media and in the news pushing for these regulations are from those who want the hunt simply because they enjoy it or stand to make money from it.  Decisions about the wildlife in this province (and the structure of hunting laws) should be informed by scientists and unbiased wildlife biologists, not only by those that stand to gain from changes to the laws.\n"
    },
    "45208": {
        "url": "/comment/45208",
        "comment": "I am an Ontario resident strongly opposed to the reintroduction of the spring bear hunt.  Studies have demonstrated that, despite the skill and best intentions of most hunters, it is practically very difficult to distinguish nursing black bear females from males or non-nursing females.  Reintroduction of the spring bear hunt will inevitably result in the inadvertent killing of mother bears and the orphaning of their young to starve to death.  This is cruel on an individual level and harmful to the bear population on a larger level. Many wildlife species in Ontario, including bears, are already facing increasing pressures from climate change and habitat loss.  Reversing the cancellation of the spring bear hunt feels like a big step backward.\n"
    },
    "45211": {
        "url": "/comment/45211",
        "comment": "I am totally against the spring bear hunt.  There is no scientific evidence to support it.  Hunters themselves admit they cannot distinguish between male and female bears when hunting.  This causes orphaned cubs and subsequent imbalance in the natural environment that works quite well on its own without human abuse.  Bear meat is not the chosen food of hunters.  There is no valid reason to allow this hunt.\n"
    },
    "45212": {
        "url": "/comment/45212",
        "comment": "To hunt down a mother bear and leave the orphaned cubs to starve to death is the utmost in cruelty.\nStudies have shown that hunters cannot definitely tell whether the bear is a nursing mother or not, which makes sense in the heat of the moment, so that reasoning is useless.\nIts bad enough that our wild animals are dying due to loss of more and more habitat each day.\nPlease do NOT re-instate the bear hunt in Ontario.\nAs if things weren't bad enough, you will also be seen as a bunch of barbarians.\nWhy not do something good for the environment for a change and get the people on your side?\nSuch as planting more trees, or putting in legislation to protect our migrating birds from window collisions? Or having pesticide free zones for birds, bees and butterflies? This is what people want to see more of - not more destruction.\nThank you.\n"
    },
    "45214": {
        "url": "/comment/45214",
        "comment": "Thank you for reading my comments.\nAt this time, the size of the genetically isolated, and potentially genetically unique, black bear population on the Bruce Peninsula (\u201cThe Bruce\u201d) is not reliably known. This is an important quantity of which to be aware at it must represent the basis for population management decisions. For this reason alone, black bear hunting on the Bruce should be suspended until population numbers are reliably known. One should look even more deeply, however.\nOn the unhunted Chapleau Crown Game Preserve, the black bear population is on the order of 40/100 km**2; this is a reasonable estimate for a \u201cnatural\u201d population density. Therefore, on the Bruce, for a minimum safety margin, this means population densities should not be allowed to fall below 20/100 km**2.\nMoreover, for a small population, it is desirable to have no fewer than 50 individuals, with four times that, 200, being preferred. A population of 50 individuals of a species which does not begin to reproduce until about age five may not contain many breeding individuals, so an ideal population would contain much closer to 200 individuals.\nConsidering that the population of bears on the Bruce is unknown but certainly small, and considering that a spring hunt allows for the possibility, if even only by accident, of killing a sow while orphaning her cubs, all hunting of bears on the Bruce should be suspended, but perhaps especially spring hunting.\nShould the resumption of a hunt be considered, this cannot be allowed to occur before the population of bears is clearly established, and that it well-exceeds 200 individuals. Further, in order to capture and maintain any unique genetic traits of these animals, a priority must be to establish population connectivity to populations further south and east of the Bruce.\nIn general, at this time, black bear hunting on the Bruce should be suspended so that recovery of the population, accompanied by quantifiable sustainability, can occur. There exists no reason to risk imperiling this unique population.\n"
    },
    "45216": {
        "url": "/comment/45216",
        "comment": "I believe this should not be allowed, as dangerous as bears may be, bears aren't as wildly as this regulation seems to portray, if there was a \"bear problem\" and they were out of control it would be different and a small cull would make sense, yet again this is not the case currently, instead of hunting them we should create programs that allow people in the province to find out where the bears are to avoid any possible situations.\n"
    }
}