{
    "44497": {
        "url": "/comment/44497",
        "comment": "I sincerely urge you to end the spring bear hunt.\nThere is nothing virtuous about taking joy in needlessly killing an innocent animal minding its own business. What a barbaric practice!\nPlease note: Bear cubs will continue to be orphaned if the hunt becomes permanent. While it\u2019s currently against the law to kill cubs and mother bears accompanied by cubs, mother bears often leave their cubs in trees when searching for food. If a mother is killed, her cubs will likely die slowly of starvation or be eaten by predators.\nHunting bears doesn\u2019t improve human safety. Stopping human-bear conflict is achieved by removing access to garbage, barbeques, and other attractants.\nBears have low reproduction rates, meaning the survival of adult females is vital for the species.\nThe government has disclosed a need to reduce black bear hunting in Saugeen-Bruce Peninsula due to population concerns, yet it is simultaneously proposing to allow the hunting and trapping of these bears in that region for one week each spring. This is irresponsible.\nEven the economic argument for allowing the hunt is weak. The government has said the economic impact would be neutral or positive, but has provided no evidence to support this claim.\nPlease, do whatever you can to end the abomination that is the spring bear hunt!\n"
    },
    "44500": {
        "url": "/comment/44500",
        "comment": "I oppose a spring bear hunt. Hunting seasons impinge on the rights of those of us who enjoy walking on crown land without fear of being shot. Hunters do not always follow the law and it is impossible to provide adequate manpower to police it.\nThe practice of baiting bears is unsportsmanlike and inhumane. Many hunters at bait stations are unable to distinguish between male and female bears, risking orphaned cubs.\nThere is no evidence of economic benefit from this hunt. In fact it discourages cottage and nature tourism.\nI lived in a rural area for over a decade and as long as I kept my garbage inaccessible, the numerous bears that came on my property were never a problem. I did, however, have problems with hunters who shot too close to the property and did not keep their dogs under control as required by law.\n"
    },
    "44501": {
        "url": "/comment/44501",
        "comment": "Bear cubs will continue to be orphaned if the hunt becomes permanent. While it\u2019s currently against the law to kill cubs and mother bears accompanied by cubs, mother bears often leave their cubs\u00a0in trees when searching for food. If a mother is killed, her cubs will likely die slowly of starvation or be eaten by predators.Hunting bears doesn\u2019t improve human safety. Stopping human-bear conflict is achieved by removing access to garbage, barbeques, and other attractants.\nPlease do not move forward with this license to kill.\nThank you.\n"
    },
    "44503": {
        "url": "/comment/44503",
        "comment": "I sincerely urge you to end the spring bear hunt.\nThere is nothing virtuous about taking joy in needlessly killing and innocent animal minding its own business. What a barbaric practice!\nPlease note: Bear cubs will continue to be orphaned if the hunt becomes permanent. While it\u2019s currently against the law to kill cubs and mother bears accompanied by cubs, mother bears often leave their cubs in trees when searching for food. If a mother is killed, her cubs will likely die slowly of starvation or be eaten by predators.\nHunting bears doesn\u2019t improve human safety. Stopping human-bear conflict is achieved by removing access to garbage, barbeques, and other attractants.\nBears have low reproduction rates, meaning the survival of adult females is vital for the species.\nThe government has disclosed a need to reduce black bear hunting in Saugeen-Bruce Peninsula due to population concerns, yet it is simultaneously proposing to allow the hunting and trapping of these bears in that region for one week each spring. This is irresponsible.\nEven the economic argument for allowing the hunt is weak. The government has said the economic impact would be neutral or positive, but has provided no evidence to support this claim.\nPlease, do whatever you can to end the abomination that is the spring bear hunt!\n"
    },
    "44504": {
        "url": "/comment/44504",
        "comment": "I'm baffled by the need to maintain the black bear population with a willingness by the government to allow the hunting of black bears, albeit for a week, in the spring. Killing female bears who will be looking for food after their hibernation to feed themselves and their cubs only increases the chances that along with the female killed, her cubs will be left alone to die. So, each female killed will have much larger ramifications than one bear killed.\nI find it troublesome that bears, an important part of biodiversity, are referred to as being harvested. They are not fields of wheat, they are living, breathing, thinking, bonding beings. Every time humans tinker with animal and plant populations things go awry. Instead of looking at quarterly projections, take a step back and look at long term projections. Look at what you mean when you acknowledge that black bears are important to maintaining biodiversity only to allow killing them.\nIf the interactions between bears and humans is the overarching reason for allowing the hunt, perhaps a better way would be to look at why there are interactions in the first place and mitigating those circumstances rather than using the scorched earth approach of killing and destroying anything that humans find objectionable.\nAt some point surely someone somewhere has to say that money does not trump life on earth. According to the government's own proposal, the bear hunt is not going to bring in lots of money so why do it and risk having a long-term negative impact on the black bear population? Why can't we leave the bears alone?\n"
    },
    "44506": {
        "url": "/comment/44506",
        "comment": "The spring bear hunt is cruel and idiotic.\nHunting bears just out of winter sleep is not a food driven activity as the bears are lean and desperate. They do not provide a good food source.\nHunters can not tell the difference between males and females reliably leading to many orphaned cubs.\nIf you have areas with problem bears, start by training the problem humans that made them, or remove the bears humanely.\nEliminating the spring bear hunt was progressive,  stop being so regressive and catering to the vocal minority.\n"
    },
    "44507": {
        "url": "/comment/44507",
        "comment": "This situation sounds to high a risk for black bears and their cubs. I am against this decision to pass this law.  Nature has its own way of dealing with its species without the poor decisions of government stepping in to allow some trophy hunters bragging rights.  Let nature take its course.  I find the word \u201charvest \u201c offensive when it comes to talking about Canadian wildlife it should be a privilege that we have such animals when other countries don\u2019t.\n"
    },
    "44511": {
        "url": "/comment/44511",
        "comment": "I have reviewed the outline of the proposal and think you have a good plan moving forward.\nWe need to continue to educate all residents of Ontario on the balanced approach to bear populations.\nAs written: it should always remain prohibited to kill or harvest bears in a family except for reasons of public safety.\n"
    },
    "44512": {
        "url": "/comment/44512",
        "comment": "Bear cubs will continue to be orphaned if the hunt becomes permanent. While it\u2019s currently against the law to kill cubs and mother bears accompanied by cubs, mother bears often leave their cubs in trees when searching for food. If a mother is killed, her cubs will likely die slowly of starvation or be eaten by predators.\nHunting bears doesn\u2019t improve human safety. Stopping human-bear conflict is achieved by removing access to garbage, barbeques, and other attractants.\nBears have low reproduction rates, meaning the survival of adult females is vital for the species.\nThe government has disclosed a need to reduce black bear hunting in Saugeen-Bruce Peninsula due to population concerns, yet it is simultaneously proposing to allow the hunting and trapping of these bears in that region for one week each spring. This is irresponsible.\nEven the economic argument for allowing the hunt is weak. The government has said the economic impact would be neutral or positive, but has provided no evidence to support this claim.\n"
    },
    "44514": {
        "url": "/comment/44514",
        "comment": "Please ban any and all trophy hunting.\nI am ashamed the Canadian Government allows foreigners on our soil to degrade and destroy what Canada is known for the world over;  wild and natural beauty.\nAside from that, killing of our wildlife is cruel and unnecessary. To end a life for a soon to be forgotten trophy is unforgivable really, shameful.\nPlease don't allow trophy hunting to take place. I want to be proud of Ontario. I can't think of any reason why murder of our wildlife should be allowed. I hope we are not that broke.\nThanking you in advance.\n"
    },
    "44515": {
        "url": "/comment/44515",
        "comment": "I am opposed to the spring bear hunt because there is always a chance that killing a mother will result in orphaned cubs who may starve or be attacked by a preditor.\nThe spring bear hunt was cancelled entirely by a previous Progressive Conservative government and partially brought back by a Liberal government. It seems ironic to me that a PC is proposing to allow the hunt again.\n"
    },
    "44516": {
        "url": "/comment/44516",
        "comment": "I can't think of a worse idea.  Such an unethical initiative.  Again, humans interfering where they shouldn't...with no doubt a vested financial interest being involved somewhere.  Follow the money right to the powerful hunting lobby.\nSo during a spring bear hunt, hunters will bait hungry black bears as they emerge from a winter without food, shooting them at bait sites. Females who have recently given birth are particularly attracted to bait, given that they emerge from their dens in worse body condition than other bears, having lost up to 40% of their body weight.  And leaving their orphaned cubs to starve to death or be predated upon.\nThis hunt was cancelled in 1999 for good reason.  And the follow-up in 2003, where the Ministry established the Nuisance Bear Review Committee to undertake an independent assessment of the spring hunt on so-called \u201cnuisance bear activity\u201d, found no evidence that the spring bear hunt reduced human-bear conflict.\nIn 2014 and 2016, Ontario implemented spring bear hunt pilot programs to assess the impact of the hunt on human-bear conflict.  Although the results of these two pilot projects would presumably be relevant to deciding whether or not to make the spring bear hunt permanent, the Government of Ontario does not mention these studies in its ERO posting, nor did it release the results.\nEncouraging non-resident trophy hunters to bait and kill bears for sport as they emerge from hibernation is unethical. Indeed, Ontario technically prohibits the killing of cubs or females, but only when they are accompanied by cubs\u2014but this is impossible to enforce.\nOften, mother bears leave their cubs in nearby trees or elsewhere as they forage, meaning that there is a good chance that cubs will not be in sight as their mother approaches a bait site, only to be shot by waiting hunters. Females are, and will continue to be, killed during the spring bear hunt. When a lactating mother is killed, her orphaned cubs are also likely to die, either of starvation or by being killed by other predators.\nThere is no evidence that the spring bear hunt improves human safety. Advocates for the hunt often argue it will reduce human-bear conflict, but time and again studies have shown that the spring bear hunt does not improve human safety. Rather, easy access to garbage, barbecues, and other easily removable attractants, as well as scarcity in natural food availability, are key factors in human-bear interactions.\nFrom an environmental standpoint, black bears are known for their low reproduction rates, making the survival of adult females, who reach sexual maturity late in life and have few offspring, particularly important for the species.\nIn its ERO posting, Ontario notes the need to reduce black bear hunting on the Saugeen-Bruce Peninsula due to serious conservation concerns, yet it is still proposing to allow hunting and trapping of these animals for one week each spring. Allowing any hunting of black bears on the Saugeen-Bruce Peninsula is irresponsible and contrary to the government\u2019s duty to ensure the sustainability of the population now and into the future.\nEven the economic case for the spring bear hunt is weak. In its ERO posting, the government states that the economic impact is expected to be neutral or positive, but it provides no evidence in support of this claim. The posting also fails to reference financial benefits associated with promoting eco-tourism and encouraging visitors to view and photograph, rather than shoot, these majestic animals. Many have questioned whether the proposal will have any significant financial benefit.\nStop the spring bear hunt!  There is no cultural or economic justification for allowing hunters to lure hungry black bears using bait and shoot these unsuspecting animals for sport.\nThe government\u2019s argument in favour of permanently reinstating the spring bear hunt:  That it will provide certainty to hunters and tourist outfitters.  Despicable!  Given the disastrous consequences of the hunt for bears and cubs across the province, a desire for certainty is hardly a justification. Certainty would best be achieved by permanently cancelling this cruel and unnecessary killing game, instead of bowing to the powerful hunting lobby instead.\n"
    }
}