{
    "41818": {
        "url": "/comment/41818",
        "comment": "Why are we wasting time on a Spring bear hunt when population numbers are down? Anyone with common sense knows that Cubs are born either in the den during the winter or just before they emerge in the Spring week and starving. Would you walk into the home of a new family, and open fire on the mother leaving her young to starve? No because that would be murder and you'd be classified as a despicable human being. So why are we allowing this to happen to the bears?! Just because they aren't humans doesn't mean that they don't have feelings of love, nurture, stress, abandonment. People need to respect nature in the same way we expect human kind to be treated.\nCoyotes and wolves are presenting a huge problem these days but nothing is being done about them.\nI DO NOT SUPPORT THE SPRING BEAR HUNT. SHAME ON THOSE WHO DO.\n"
    },
    "41821": {
        "url": "/comment/41821",
        "comment": "In the spring, mother bears leave their cubs to forage. When this happens, you can\u2019t tell if they are a mother or a lone male.  This causes the baby bears to die a long death of starvation.\nAlready, we have limited wild animals globally. Canada needs to be a leader in conservation.  The world thinks we are green and wild, yet we kill anything that isn\u2019t human. Let\u2019s become leaders in conservation.   Spring bear hunts are unnecessary and cause suffering and drawn out deaths for young bears.\n"
    },
    "41822": {
        "url": "/comment/41822",
        "comment": "I am in complete opposition to continuing a spring hunt. It is foolish to believe that all mothers and cubs will not be affected. It is impossible to identify whether a bear has cubs unless they are accompanying her. As is well known, mothers often leave cubs in trees for saftey and do not allow them to accompany her to baiting sites. \"Prohibition\" of hunting mother bears has never worked and nor will it work now. Continuing the hunt will only mean more young are left to perish and suffer. Allowing a hunt during the spring is completely unethical and I am dismayed that the Ontario goverment has failed to identify this time and time again.\n"
    },
    "41823": {
        "url": "/comment/41823",
        "comment": "People should in NO way have the right to kill another animal for sport and it is unnecessary for people to kill for food.\nThis should be an obvious choice to not support extending bear hunting.\nEverything has a personality.  Humans should show theirs by not supporting bear hunting.\n"
    },
    "41826": {
        "url": "/comment/41826",
        "comment": "January 28, 2020\nI would like to provide comments on the \u201cProposal to implement a regular spring black bear season\u201d. I am neither opposed to, nor in favour, of the Proposal. I am not a hunter, so bear hunting has no direct impact on me. I am not opposed to hunting. I understand and accept the recreational aspects of hunting. I am well aware of the economic benefits created by bear hunting, particularly the significant non-resident hunting that occurs through many tourism operations. I am an avid user of the outdoors in Northern Ontario and participate in activities where I have come into contact with black bears.\nI believe that all harvest of natural resources, such as wildlife, fisheries or forests must be done in a sustainable manner which allows firstly for the continued existence of healthy populations and secondly for economic prosperity. Ontario contains a significant wealth of natural resources. These resources make Ontario a great place to live and have been the life-blood of communities throughout the history of the province.\nI have read a discussion of bear ecology and tactics associated with dealing with so called \u201cnuisance bears\u201d as published by the Ontario Ministry of Natural Resources and Forestry on the internet at https://files.ontario.ca/mnrf-cr-black-bear-ecology-life-systems-intera\u2026.\nI am aware, because I live in Northern Ontario, that when humans and black bears come into contact there can be conflict.  Humans recreate in wild areas and live in places that are increasingly rural, therefore natural habitat for bears and recreational and living space for humans overlaps in many circumstances. For this reason, bears often become what some people see as a nuisance and, in some cases, I believe people perceive that due to the circumstances of conflict, that the bear population is quite robust and perhaps even too high.\nI read that black bears are omnivores, meaning that they eat both plants and animals. Approximately 85% of a black bear\u2019s typical diet is plant material, while the remaining 15% is made up of animal protein. Black bears will eat almost anything, such as grubs from a bumblebee nest, bird eggs, ants, voles, grasses and berries (L.J. Landriault, 2000). Berry crops account for a large part of a bear\u2019s diet and the potential for nuisance bear activity increases in years when berry crops fail and the animals search for alternate food sources (L.J. Landriault, 2000). I understand that occurrence rates for human-bear conflict can be closely tied to the health of berry crops, with bears straying into rural and urban populated areas in search of alternative food supplies during times of low berry availability. I suspect that this may lead to a misunderstanding of bear population numbers (a perception that numbers are higher than they actually are) when human-bear conflicts increase.\nThe material that I read also speaks to the reproductive rate of black bears.  Female black bears in Ontario may produce their first litter when they are five years old, but the average age of first reproduction is about six in central Ontario and seven in northern Ontario (L.J. Landriault, 2000).  In the past in Ontario bears were considered a threat and even had a bounty placed on them until 1961 (Ontario 2009).\nI note from the introduction to the Proposal that \u201cOntario is home to a healthy black bear population\u201d. I see no evidence to support this statement within the Proposal, either in the details of the Proposal or within supporting documents. I would have thought that following a seven-year \u201cBlack Bear Pilot Project\u201d that any \u201cProposal to implement a regular spring black bear season\u201d would include an analysis of information gained through the pilot project and an assessment of the health of the black bear population. I see no such analyses in the Proposal.\nI looked at the Regulation Proposal Notices for the \u201cBlack Bear Pilot Project\u201d from February 25, 2014 and October 30, 2015 - EBR Registry Numbers 012-0981 and 012-5485. These Proposal Notices contain the following wording:\n\u201cThe proposed pilot would provide additional data with which to assess the impacts of the spring black bear hunting season and help inform long-term black bear management activities. The pilot is also expected to increase the economic benefits derived from bear hunting for tourist outfitters and local economies. The pilot would begin in the spring of 2016 and end June 15, 2020\u201d.\n\u201cThe five-year pilot would include efforts to assess the impacts of an early black bear season in reducing human-bear conflicts in northern communities. Generally, the pilot would be assessed in a number of ways including: monitoring the number of bear hunters and the number of bears harvested, tracking the number and type of calls to the Bear Wise reporting line, working with municipalities to identify changing trends in human-bear encounters and to explore ways to reduce human-bear interactions, stakeholder perspectives, economic benefits, and other associated factors (e.g., variation in spring green-up date, and variation in availability of natural foods)\u201d.\nThis wording from the original Proposals supports my expectation that I would see evidence of  \u201cadditional data\u201d and information related to the \u201cnumber of bears harvested\u201d in the current Proposal.\nIn the supporting materials for the current Proposal, I see a document titled Black Bear Management Framework. This document shows that it was updated in December 2019, so I assume that it forms the current basis for\u00e5 managing black bear in Ontario. I did a further document search and found a document titled Enhanced Framework for Black Bear Management in Ontario. This document is dated June 2009 and appears to be quite similar, so I assume that the December 2019 document represents an update of the previous \u201cEnhanced Framework\u201d.\nThe 2019 Black Bear Management Framework includes guiding principles which include the statement: \u201cHarvest management strategies must recognize that black bears have an inherently low reproductive capacity relative to other harvested large mammals and that, as with other long-lived species, population growth rate is most sensitive to changes in adult survival, particularly survival of adult females\u201d. Later it goes on to say under Challenges that \u201cThe black bear\u2019s inherently slow rate of recovery from low population levels increases the risks for local populations where harvest pressure and other mortality are high\u201d.\nAnother document I found separately, titled Backgrounder on Black Bears in Ontario, and dated June 2009, contains a similar statement that \u201cblack bear populations are vulnerable to over-harvest because they are a long-lived animal, reach sexual maturity relatively late in life, have a low reproductive rate that is physiologically dependent upon environmental conditions (food), and are most sensitive to changes in adult survival, particularly survival of adult females. For these reasons, their harvest must be managed carefully\u201d.\nThe 2019 Black Bear Management Framework contains a myriad of Strategies and Tactics for the management of black bears and their population. These appear to be very similar to those in the 2009 Enhanced Framework.\nThere are several Strategies and Tactics that relate to monitoring, managing and harvesting black bear populations.\nTactic 1.1.1 states \u201cEstablish and maintain a network of population monitoring stations across black bear range to monitor population trends. Utilize recent advances in technology (e.g. DNA sampling and analysis) to validate and enhance population monitoring techniques\u201d.\nTactic 1.4.1 states \u201cUse landscape level and ecological considerations in the development of black bear population objectives and determination of sustainable harvest levels\u201d.\nTactic 1.4.2 states \u201cFinalize a system of ecologically-based harvest assessment indicators to provide tools to assess and manage the impact of harvest on black bear populations on the landscape\u201d.\nTactic 1.5.2 states \u201cInclude local objectives that identify cultural, economic, social and biological management considerations of black bear as an important part of the natural ecosystem, an opportunistic predator, a big game species, and a source of human-wildlife conflict\u201d.\nThese are the kind of tactics I would expect to see and I would expect that the Ministry of Natural Resource and Forestry would be funded to undertake them. Since these tactics have been in place since 2009, I would also expect to see some results and would expect to see the results used to develop and rationalize the Proposal.\nThe challenges listed in Section 5.0 of the Black Bear Management Framework seem like the kind of topics that would be addressed in the \u201cProposal to implement a regular black bear spring hunting season\u201d.\nI wonder why the \u201cProposal to implement a regular spring black bear season\u201d does not include information related to any assessment of the population that has been done that would support the opening statement of \u201cOntario is home to a healthy black bear population\u201d. And also why there is no mention about how the black bear harvest system is managed to ensure not only economic and recreational benefits, but also the sustainability of the population. These are things that are suggested as tactics in the Black Bear Management Framework.\nI note the Proposal includes restrictions on hunting in the Bruce Peninsula due to concerns regarding the health of the black bear population.  What is this based on and was similar information used to determine that the populations are healthy elsewhere?\nI also do not see any discussion of harvest strategies. I read about the basics of the harvest system in the legislative supporting material. This does not provide a clear explanation of how the Ministry uses knowledge of the population to decide how many bears should be harvested or how to allocate harvest opportunities amongst competing interests.  I understand that any Ontario resident purchasing a bear-hunting license is entitled to harvest a bear. Doesn\u2019t this mean that there really is no control at all over the number of bears that could be harvested? What about non-residents harvesting bears through resource-based tourism operators? Is there an allocation and control system in place to manage the number of animals harvested and the impact on the population? How many bears were harvested during the Black Bear Pilot Project? Is that harvest number sustainable in the long term?\nThe Black Bear Management Framework speaks to the low reproductive rate of black bears and the potential vulnerability of the population to over harvest. It would seem to me that it would be paramount to have an assessment of population health and a corresponding harvest allocation and control system in place to ensure the long-term sustainability of black bear in Ontario. An assessment of population health would include factors spoken to in the Black Bear Management Framework such as population distribution, sex ratio, age ratio and the rate and impact of commercial, recreational and subsistence harvesting.\nI respectfully suggest that prior to finalizing the Proposal as presented, that additional work is required to provide the following:\n1.\tA robust assessment of black bear hunting over the past 7 years of the \u201cBlack Bear Management Pilot\u201d, including an estimate of the rate of harvest.\n2.\tAn accounting of the health of the black bear population in Ontario.\n3.\tA discussion of the harvest allocation system, with a clear explanation of the methodology for the control of harvest.\nThis information should form the basis of a revised Proposal with much stronger rationale and actual evidence of analyses to support decision-making.\nWithout such additional information, I submit that there is no basis for the statement \u201cOntario is home to a healthy black bear population\u201d, which is the underpinning for the Proposal. As written, the Proposal appears to have no rationale for what appears to be a relatively unlimited harvest of black bears.\nI am concerned that with the combination of an historic fear of bears; common human/bear conflict situations; a perception of high populations: and low reproductive capacity of black bears, that the bear harvest program in Ontario could be leading to a potentially lethal reduction in the bear population.\nAs I stated at the outset, I am not opposed to hunting. In fact, I believe there are many positive benefits to the harvest of natural resources, based on wise management using appropriate information and controls. I believe that this can be the case for bear management in Ontario, but I am not convinced by anything written in the Proposal or contained in the supporting materials.\nReferences:\nL.J. Landriault, M.E. Obbard and W.J. Rettie. Nuisance Black Bears\nand What to do With Them. NEST Technical Note TN-017, December 2000\nOntario Ministry of Natural Resources and Forestry. Black Bear Management Framework. December 2019.\nOntario Ministry of Natural Resources. Framework for Enhanced Black Bear Management in Ontario. June 2009.\nOntario Ministry of Natural Resources. Backgrounder on Black Bears in Ontario. June 2009.\n"
    },
    "41827": {
        "url": "/comment/41827",
        "comment": "Abolish the black bear hunt. Humans feeding and leaving garbage should be educated about it and resources put into that. Female mother bears are indistinguishable from male cubs a hunter cannot know if they are shooting male or female. A treacherous death for all and orphaned cubs waiting for mother to come back from foraging. On this basis alone it is impossible to know the hunt must be abolished I don\u2019t want it in my community the bears are not a nuisance to me or anyone I know.\n"
    },
    "41828": {
        "url": "/comment/41828",
        "comment": "I disagree with the bear hunt as it leaves bear cubs without their mothers. This not only will lead to more encounters with bears as young bears try to find food, but it will also led to a painful death caused by starvation by the cubs. This type of activity is outdated in our current society where we want to encourage healthy interactions between wildlife and people and sustain our environment and species living within it.\n"
    },
    "41830": {
        "url": "/comment/41830",
        "comment": "The spring black bear hunt instituted as a limited two-year pilot project in 2014 and expanded and extended for five years in 2016 may become a permanent fixture in Ontario unless enough opposition is rallied.\nA Brief History\nA spring season for hunting black bears was cancelled in 1999 when the Ontario Progressive Conservatives faced evidence of increased orphaning of bear cubs among other environmental concerns. In 2014 the season was reintroduced by the Ontario Liberals in response to alleged conflict in communities; by 2016, the government had changed their tune to the economic boon of such a hunt, with the alleged conflict as a secondary argument often not even acknowledged. Now, under the Ontario Progressive Conservatives once more, the Ministry of Natural Resources and Forestry is proposing that the spring black bear hunting season be made permanent.\nThe Concerns\nThere are a great deal of issues surrounding the existing spring bear hunt that have not been addressed appropriately. While Coyote Watch Canada strongly oppose the spring bear hunt and believe it should be cancelled, there are issues that must be considered if it is to continue. The list below was created in conjunction with information from Bear With Us Sanctuary and Rehabilitation Centre for Bears in Ontario and The Fur-Bearers.\nFemales with cubs must be protected; currently that is difficult as cubs are frequently treed or kept away by their mother while she forages.\nThe current season of May 1 to June 15 should be changed to June 1 to June 30 to protect females with cubs as well as the cubs themselves.\nEvidence as to the accomplishments and milestones of the pilot project and the extended pilot project (not the original strategy written before the hunts) need to be released to the public.\nBaiting should not take place; if it will, baiting must end when the season concludes and not begin again until shortly before the fall season and more stringent limits must be put in place to protect recreationalists, drivers, property owners, pets and others from bait piles that attract wildlife. All bait sites should be registered to ensure compliance.\nInformation showing an increase in enforcement capability through funding, infrastructure and boots-on-the-ground hires of conservation officers should be made available.\nThe government must make an acknowledgement that a spring bear hunt is not about community safety as originally stated in 2014 in the face of their own evidence showing it does not impact human conflict with bears; education and enforcement of human behaviour, attractants and feeding will have the greatest impact on mitigating and preventing conflict.\nA report should be created and released on the impact of a spring bear hunt on other recreationalists\u2019 safety, freedom to explore and expectations, as bear hunters in the spring make up a very small percentage of people enjoying the outdoors in Ontario.\nA report should be created and released on efforts of the Ontario government to increase availability of non-consumptive ecotourism opportunities in the province alongside the limited spring bear hunt.\nThe use of hounds/dogs to chase, tree and/or otherwise harass bears should be immediately halted.\n"
    },
    "41834": {
        "url": "/comment/41834",
        "comment": "Please do not extend the Spring bear hunt beyond 2021.  At this time of year, bears are just coming out of hibernation and are in a weakened state.  Additionally, mother bears that may not initially appear to have cubs with them may be targeted and killed, leaving the orphaned cubs to die of starvation or from predation.\n"
    },
    "41837": {
        "url": "/comment/41837",
        "comment": "As an avid outdoorsperson I respect the presence of bears in our woods and as a Northern resident I accept the presence of bears in our town as they are only drawn here by the actions of residents who continue to leave garbage out and feed other animals. To say that the bear spring hunt is necessary to reduce nuisance bear incidents is nonsensical.  Educate people and fine them, don't pass the spring bear hunt off as the missing control measure.  The killing of sows with still-dependent offspring is deplorable. I believe the spring bear hunt is an inhumane practice designed only to generate money for the OMNRF and appease the OFAH by extending the amount of time their members get to hunt per year.\n"
    },
    "41839": {
        "url": "/comment/41839",
        "comment": "Animals have just as much right to live as humans do! Just as it would be murder to thin out the human population so is killing innocent animals! Allowing killing because it will attract more tourists with guns???? Is this another conservative idea???? How about open season on warped and crooked politicians???? NO TO KILLING INNOCENT ANIMALS!!!!!!!\n"
    },
    "41842": {
        "url": "/comment/41842",
        "comment": "THE BEAR HUNT SHOULD BE CANCELLED\nThere are a great deal of issues surrounding the existing spring bear hunt that have not been addressed appropriately. The BEAR HUNT SHOULD CANCELLED.... but should it continue issues must be addressed.\n- Females with cubs must be protected; currently that is difficult as cubs are frequently treed or kept away by their mother while she forages.The current season of May 1 to June 15 should be changed to June 1 to June 30 to protect females with cubs as well as the cubs themselves\nEvidence as to the accomplishments and milestones of the pilot project and the extended pilot project (not the original strategy written before the hunts) need to be released to the public.\n- Baiting should not take place; if it will, baiting must end when the season concludes and not begin again until shortly before the fall season and more stringent limits must be put in place to protect recreationalists, drivers, property owners, pets and others from bait piles that attract wildlife.\n- All bait sites should be registered to ensure compliance.Information showing an increase in enforcement capability through funding, infrastructure and boots-on-the-ground hires of conservation officers should be made available.\n- The government must make an acknowledgement that a spring bear hunt is not about community safety as originally stated in 2014 in the face of their own evidence showing it does not impact human conflict with bears; education and enforcement of human behaviour, attractants and feeding will have the greatest impact on mitigating and preventing conflict.\n- A report should be created and released on the impact of a spring bear hunt on other recreationalists\u2019 safety, freedom to explore and expectations, as bear hunters in the spring make up a very small percentage of people enjoying the outdoors in Ontario.\n-A report should be created and released on efforts of the Ontario government to increase availability of non-consumptive ecotourism opportunities in the province alongside the limited spring bear hunt.\n-The use of hounds/dogs to chase, tree and/or otherwise harass bears should be immediately halted.\n"
    },
    "41843": {
        "url": "/comment/41843",
        "comment": "It is common knowledge that all species are becoming critically endangered bears included. This policy would orphan many cubs leading to certain death. What possible value other than monetary is there to support this law. You have been elected among other things to protect our environment, there are many other ways to promote tourism. Killing shouldnt be one of them\n"
    },
    "41845": {
        "url": "/comment/41845",
        "comment": "I believe this to be acceptable as having the knowledge that hunting is a traditional way of harvesting food to supply and support family.  And knowing it is regulated closely and hunters follow the rules and show great respect for wildlife and nature as a whole. This is much better than packaged factory meat and should be a right for people , hunters too, in Canada to humanely harvest their choice of food as much as anyone does in a grocery store...\nThank you and I hope the bear hunt opens.\n"
    }
}