{
    "44349": {
        "url": "/comment/44349",
        "comment": "I am totally against the Spring bear hunting season. Although it is illegal to kill cubs and sows with cubs, mother bears frequently leave their cubs in a tree for safety whilst foraging for food (I have personally observed this). Because hunters are unaware of this, the mothers get shot and the cubs are left orphaned, which essentially means they will starve to death slowly or be eaten by predators.\nIf there are population concerns on the Bruce peninsula, why is any hunting permitted? Black bear hunting should be closed in all seasons for this region.\nBear hunting does not improve human safety and bear populations regulate themselves if left without human interference. As bear hunting is essentially trophy hunting, it is also immoral and indefensible.\nFrom an economic standpoint, it has been proven that tourism from bear viewing over the long term generates more income than hunting.\n"
    },
    "44350": {
        "url": "/comment/44350",
        "comment": "I am opposed to the spring bear hunt.\nBears, like all wildlife, need our compassion and protection. It\u2019s unacceptable that the government is supporting the cruel and needless trophy hunting of bears.\nBear cubs will continue to be orphaned if the hunt becomes permanent. While it\u2019s currently against the law to kill cubs and mother bears accompanied by cubs, mother bears often leave their cubs in trees when searching for food. If a mother is killed, her cubs will likely die slowly of starvation or be eaten by predators.\nHunting bears doesn\u2019t improve human safety. Stopping human-bear conflict is achieved by removing access to garbage, barbeques, and other attractants.\nBears have low reproduction rates, meaning the survival of adult females is vital for the species.\nThe government has disclosed a need to reduce black bear hunting in Saugeen-Bruce Peninsula due to population concerns, yet it is simultaneously proposing to allow the hunting and trapping of these bears in that region for one week each spring. This is irresponsible.\nEven the economic argument for allowing the hunt is weak. The government has said the economic impact would be neutral or positive, but has provided no evidence to support this claim.\n"
    },
    "44351": {
        "url": "/comment/44351",
        "comment": "I am a retired wildlife research biologist whose specialty is grizzly, black and polar bear behaviour.  I taught wildlife management in a land grant college of natural resources.  I have just published a book which tells about how interesting, intelligent and sentient that bears are.\nI am against a spring hunt of black bears in Ontario for these reasons:\n1. Although females with cubs are excluded from killing it is likely that they will be targeted because cubs are not seen (up trees?\n2. The social scientists have shown that killing carnivores and omnivores like black bears is less acceptable among our society.\n3. The arguments for hunting appear to be dominated by economic interests from tourism operators. Your analyses should include the potential for bear-viewing and photography for the public, a non-consumptive \"use\" of bears that has huge appeal on the Pacific coast.\n4. Shooting carnivores for \"sport\" is a tradition in decline.  I would hope that our province could lead, not be captured by the so-called \"development of tourism\" justification.  Try to include a use that includes appreciation of our remaining wildlife, not a blood sport.\n"
    },
    "44352": {
        "url": "/comment/44352",
        "comment": "I oppose the proposed Spring Hunt of Bears for the following reasons:\n1.Bear cubs will continue to be orphaned if the hunt becomes permanent. While it\u2019s currently against the law to kill cubs and mother bears accompanied by cubs, mother bears often leave their cubs in trees when searching for food. If a mother is killed, her cubs will likely die slowly of starvation or be eaten by predators.\n2,Hunting bears doesn\u2019t improve human safety. Stopping human-bear conflict is achieved by removing access to garbage, barbeques, and other attractants.\nBears have low reproduction rates, meaning the survival of adult females is vital for the species.\n3.The government has disclosed a need to reduce black bear hunting in Saugeen-Bruce Peninsula due to population concerns, yet it is simultaneously proposing to allow the hunting and trapping of these bears in that region for one week each spring. This is irresponsible.\n4.Even the economic argument for allowing the hunt is weak. The government has said the economic impact would be neutral or positive, but has provided no evidence to support this claim.\n"
    },
    "44353": {
        "url": "/comment/44353",
        "comment": "I am very concerned about reinstating the spring black bear hunt.\nThis again puts bear cubs at risk if their mothers are killed at this critical time in their development.  Killing the mother threatens cubs left in trees for safety when the mother looks for food.  They will slowly starve to death or be eaten by predators. Bears have low reproduction rates.  The survival of adult females is vital for survival of the species.  Cubs that are born must be able to reach maturity.\nAnother reason people advocate the hunt is the ridiculous assertion that it improves human safety by reducing the number of bears.  Humans need to take responsibility for leaving out their garbage in ways that bears can access.  This is what causes bears to return to human areas, not bears' aggression.\nHow can the government simultaneously assert that the population of black bears in the Saugeen-Bruce Peninsula needs to be protected and allow the hunting and trapping of these bears in that region for one week in the spring each ear.  This makes no sense.\nThere is even no published evidence that the spring bear hunt will be economically valuable despite the government's assertion that it will be economically neutral or positive.  All I can conclude from this is that individuals wanting the hunt have some kind of powerful lobby that undercuts all rational reasons for continuing the ban on the spring bear hunt.  As an Ontarian with concerns about the well-being of all species, in this case black bears, I request that the ban on the spring bear hunt continue.\n"
    },
    "44354": {
        "url": "/comment/44354",
        "comment": "This proposal is disturbing.  The spring bear hunt is no more a hunt than shooting goldfish in a pond.\nWhat I find disturbing is that no other animal is hunted in the fashion bears are (they get baited for weeks, even months, then shot from a tree blind when they come to eat).  More importantly, hunters cannot differentiate between male and female bears unless cubs are present.  Thus, cubs are orphaned when females feeding without their cubs are shot.\nMale black bears are one of the greatest sources of mortality of cubs.  As females only breed every two years, this is a form of population control.  OFAH incorrectly states that the spring bear hunt is needed to keep populations healthy.  But by killing black bears, a major source of mortality of cubs, this hunt could well do the opposite.\nAs part of the argument is a financial one (benefits to northern communities), far more money would come in if those outfitters would offer spring bear photography opportunities.  Studies have shown that ecotourism brings in far more financial benefits to communities than hunting does (a different type of clientele, with a more affluential background)\nAdditionally, no other \"game\" animal has two hunts per year (i.e., moose, white-tailed deer). Thus, the spring bear hunt goes against the very foundation of conservation.\nI strongly urge the government to NOT reinstate the spring bear hunt.\n"
    },
    "44355": {
        "url": "/comment/44355",
        "comment": "Bear cubs will continue to be orphaned if the hunt becomes permanent. While it\u2019s currently against the law to kill cubs and mother bears accompanied by cubs, mother bears often leave their cubs in trees when searching for food. If a mother is killed, her cubs will likely die slowly of starvation or be eaten by predators.\nHunting bears doesn\u2019t improve human safety. Stopping human-bear conflict is achieved by removing access to garbage, barbeques, and other attractants.\nBears have low reproduction rates, meaning the survival of adult females is vital for the species.\nThe government has disclosed a need to reduce black bear hunting in Saugeen-Bruce Peninsula due to population concerns, yet it is simultaneously proposing to allow the hunting and trapping of these bears in that region for one week each spring. This is irresponsible.\nEven the economic argument for allowing the hunt is weak. The government has said the economic impact would be neutral or positive, but has provided no evidence to support this claim.\n"
    },
    "44357": {
        "url": "/comment/44357",
        "comment": "Here is just one more thing that Doug Ford and his cronies are going to screw up. Who exactly will you appoint to rescue and raise the Cubs left orphaned or will you just leave them to die?  Just this once would you please attempt to think this through before you act, it would be a first in this administration but give it a try for the sake of the future of the black bears.\n"
    },
    "44359": {
        "url": "/comment/44359",
        "comment": "I am vehemently opposed to the Spring Bear Kill (hunt)\nWhat on earth are you considering this for? Bears are at their most vulnerable in the spring after hibernation.\nI can't even imagine why this is being discussed.\nI am truly horrified.\nShouldn't your role be to protect our wildlife and environment rather than killing?\nPlease reconsider this inhumane and ridiculous idea!\nHow could this possibly benefit anyone other than the few testerotone driven, gun wielding fools that like to kill defenceless animals for fun.\n"
    },
    "44360": {
        "url": "/comment/44360",
        "comment": "I am opposed to a regular spring bear hunt, but support the shortened season for the Bruce Peninsula.  I oppose a regular spring hunt for several reasons:\n-the bear population is already going to face new pressures with Beech Bark disease spreading throughout Ontario, and turning the Beech trees, a main source of fall protein (beech nuts), into pulp within three years of infecting a tree,\n-despite arguments otherwise, it is too difficult in the field to discern a female from a male bear, leaving cubs vulnerable to losing their mothers to the hunt,\n-bears are also going to become more vulnerable to changes in climate, especially those that hibernate under trees and rely on the snow to cover them over for the winter.  Those who can find cave or other good den sites may not be as vulnerable to our later winter season, and the freezes and thaws and wild fluctuations in temperature and precipitation that now characterize our winters.  However, those who den in more open situations will be stressed by these kinds of winters, which could affect numbers.\nI support the shorted season for Bruce Peninsula bears as their population is already tenuous due to its genetic isolation from other populations.\n"
    },
    "44361": {
        "url": "/comment/44361",
        "comment": "Please do not bring back the Spring Bear Hunt. Mothers are teaching their cubs, they are a family and deserve a fair chance to live and not be hunted, especially not when they are so vulnerable.\nProtecting our environment and wildlife would be good for tourism and something to be proud of.\nIf there was a vote, I believe more people would oppose the Spring Bear Hunt than be for it.\nThis is a serious matter and should be decided fairly. Live & let live ...... Bear's lives matter.\n"
    },
    "44362": {
        "url": "/comment/44362",
        "comment": "Government legislating hunting bears for recreational entertainment under the premise of \u201cconservation\u201d should not be tolerated. This is nothing more than gratuitous killing for recreation and amusement by inflicting pain and unimaginable suffering to our indigenous species in their dwindling habitat.It is the responsibility of society to ensure they have ample habitat and food sources to find an alternative to co exist with our fragile ecosystem. We are not lords over wildlife. The brutality and carnage of hunting  is cruel and completely unjustified. They are baited and hunted using dogs and high powered equipment and satisfies a group of people that only find enjoyment in killing another being. This is not about humans vs animals. The world is watching.\n"
    },
    "44365": {
        "url": "/comment/44365",
        "comment": "Please consider keeping a ban on the spring bear hunt ! Here are compelling reasons why:\nBear cubs will continue to be orphaned if the hunt becomes permanent. While it\u2019s currently against the law to kill cubs and mother bears accompanied by cubs, mother bears often leave their cubs in trees when searching for food. If a mother is killed, her cubs will likely die slowly of starvation or be eaten by predators.\nHunting bears doesn\u2019t improve human safety. Stopping human-bear conflict is achieved by removing access to garbage, barbeques, and other attractants.\nBears have low reproduction rates, meaning the survival of adult females is vital for the species.\nThe government has disclosed a need to reduce black bear hunting in Saugeen-Bruce Peninsula due to population concerns, yet it is simultaneously proposing to allow the hunting and trapping of these bears in that region for one week each spring. This is irresponsible.\nEven the economic argument for allowing the hunt is weak. The government has said the economic impact would be neutral or positive, but has provided no evidence to support this claim.\n"
    },
    "44366": {
        "url": "/comment/44366",
        "comment": "Please DO NOT re-instate this cruel unnecessary hunt that will orphan cubs and not solve any problems!\n"
    },
    "44368": {
        "url": "/comment/44368",
        "comment": "Please do not reinstate the black bear hunt in Ontario. The reason it was stopped related to hunters killing mother bears and orphaning cubs. This puts the species at risk and is also inhumane. As wildlife defenders have pointed out, \"Hunters often struggle to pinpoint the difference between a male and female black bear, and risk killing a mother bear during the spring season \u2013 orphaning her cubs who are too young to survive on their own. Although there is a ban on killing bear cubs and their mothers, this won\u2019t stop hunters who fail to make the distinction. Inadvertently shooting mother bears is what prompted the cancellation of a previous pilot spring hunting season, and reinstating it based on a proposed economic need just isn\u2019t enough to warrant the negative impact on the species.\"\nProtect the bears and their role in our ecosystem. Do not allow this hunt.\n"
    }
}