{
    "43933": {
        "url": "/comment/43933",
        "comment": "I still have the sticker on my car to support the banning of the spring bear hunt last time this was tabled and I truly cannot believe we are having to revisit this again.\nAs a long time Ontario resident I would like zero hunting on bears but hunting in the spring, being baited with donuts after the come out of a slumber with blood thirsty hunters in the trees waiting to pick them off is the most ridiculous thing I have ever heard- and these guys and gals call themselves hunters?  This activity leaves orphaned cubs which the ministry then puts down- where is the sense in this?  I have seen wildlife employers lose there jobs throughout the country because they actually have a conscious and do not want to kill these innocent babies. What kind of position are you putting your staff in creating this mess?  On top of that the Ministry has very little options for Wildlife rehabilitation. Living in Ottawa we don't even have a wildlife centre. So why would you create a bigger problem by orphaning cubs?\nIt is truly disturbing to think this could even be considered.  Between this and the non enforcement of new animal laws and the current lack of movement on the BSL ban I am very disappointed in this government's commitment to animals.  I hope the ban will stick and these beautiful creatures will have the opportunity to wake up, forage for food, raise their young over the summer and then try to avoid the crazy hunters in the fall who will once again be waiting in trees baiting them with donuts, or even worse, using dog packs to rip them to shreds.  I weep for humanity that humans get joy out of this.\n"
    },
    "43937": {
        "url": "/comment/43937",
        "comment": "This proposal is very disturbing. We need to protect bear cubs and mother bears, not finds ways to eliminate that. Hunting bears will not improve human safety. Stopping human-bear conflict is achieved by removing access to garbage, and other items.\nYou disclosed a need to reduce black bear hunting in Saugeen-Bruce Peninsula but you are also proposing to allow the hunting and trapping of these bears in that region for one week each spring. This is irresponsible on the behalf of the government. You have claimed the economic impact would be neutral or positive, but provided no evidence to support this claim. Thank you, Katy Fendrich-Turner\n"
    },
    "43938": {
        "url": "/comment/43938",
        "comment": "PLEASE Prohibit the Spring Bear Hunt!\nBear cubs will continue to be orphaned if the hunt becomes permanent. While it\u2019s currently against the law to kill cubs and mother bears accompanied by cubs, mother bears often leave their cubs in trees when searching for food. If a mother is killed, her cubs will likely die slowly of starvation or be eaten by predators.\nHunting bears doesn\u2019t improve human safety. Stopping human-bear conflict is achieved by removing access to garbage, barbeques, and other attractants.\nBears have low reproduction rates, meaning the survival of adult females is vital for the species.\nThe government has disclosed a need to reduce black bear hunting in Saugeen-Bruce Peninsula due to population concerns, yet it is simultaneously proposing to allow the hunting and trapping of these bears in that region for one week each spring. This is irresponsible.\nEven the economic argument for allowing the hunt is weak. The government has said the economic impact would be neutral or positive, but has provided no evidence to support this claim.\n"
    },
    "43941": {
        "url": "/comment/43941",
        "comment": "There is nothing fair about making non resident land owners use a outfitter to hunt bear, they have invested lots of time and money into buying camps and land so that they can bear hunt with out a outfitter. if you want to increase tourism and income for the outfitters a lot them more tags and have a system so that if a tag doesn't get filled under that outfitter it can be transferred to another hunter under the outfitter, leave the non resident land owners alone! I live in northern Ontario and I see the money that non resident land owners spend on contractors, building supplies, gas, grocery's and off road vehicles. leave them alone because all the ones I know will not bear hunt anymore because its not worth it!\n"
    },
    "43943": {
        "url": "/comment/43943",
        "comment": "I strongly support the changes proposed for the Bruce Peninsula to protect the endangered bear population, clearly the reduction in the population indicates there is a need for further protection.\nIn addition I would also like to comment that the Spring Bear Hunt that was cancelled years ago should never have been reinstated after pressure from the various lobby groups.\nIt is absolutely incredible to me that someone would see fit to allow the slaughter of female bears and cubs during a time when they first leave hibernation.\nThank you\n"
    },
    "43944": {
        "url": "/comment/43944",
        "comment": "The spring bear hunt should not be reinstated. I support Ontario Nature in calling for a ban on the spring bear hunt.\n"
    },
    "43947": {
        "url": "/comment/43947",
        "comment": "As a lifetime resident of Ontario I am personally horrified at the proposal to re-start a spring Bear hunt. Although I oppose hunting as a whole I feel the spring hunt is particularly cruel and is clearly unnecessary for food. There is no question that female bears will be killed \"by accident\" by these yahoo's and their cubs will be left to die a horrific death by starvation. My household very strongly opposes these changes!\n"
    },
    "43950": {
        "url": "/comment/43950",
        "comment": "STOP THE HUNT\nBear cubs will continue to be orphaned if the hunt becomes permanent. While it\u2019s currently against the law to kill cubs and mother bears accompanied by cubs, mother bears often leave their cubs in trees when searching for food. If a mother is killed, her cubs will likely die slowly of starvation or be eaten by predators.\nHunting bears doesn\u2019t improve human safety. Stopping human-bear conflict is achieved by removing access to garbage, barbeques, and other attractants.\nBears have low reproduction rates, meaning the survival of adult females is vital for the species.\nThe government has disclosed a need to reduce black bear hunting in Saugeen-Bruce Peninsula due to population concerns, yet it is simultaneously proposing to allow the hunting and trapping of these bears in that region for one week each spring. This is irresponsible.\nEven the economic argument for allowing the hunt is weak. The government has said the economic impact would be neutral or positive, but has provided no evidence to support this claim.\n"
    },
    "43952": {
        "url": "/comment/43952",
        "comment": "Bear cubs will continue to be orphaned if the hunt becomes permanent. While it\u2019s currently against the law to kill cubs and mother bears accompanied by cubs, mother bears often leave their cubs in trees when searching for food. If a mother is killed, her cubs will likely die slowly of starvation or be eaten by predators.\nHunting bears doesn\u2019t improve human safety. Stopping human-bear conflict is achieved by removing access to garbage, barbeques, and other attractants.\nBears have low reproduction rates, meaning the survival of adult females is vital for the species.\nThe government has disclosed a need to reduce black bear hunting in Saugeen-Bruce Peninsula due to population concerns, yet it is simultaneously proposing to allow the hunting and trapping of these bears in that region for one week each spring. This is irresponsible.\nEven the economic argument for allowing the hunt is weak. The government has said the economic impact would be neutral or positive, but has provided no evidence to support this claim\n"
    }
}