{
    "45094": {
        "url": "/comment/45094",
        "comment": "Canada is rated as a D for world animal protection index, which is a poor rating. Research has shown that animals are sentient beings. The fact that anyone thinks terrorizing and killing an animal for fun is abhorrent. The fact the Canada allows it and is considering amending it\u2019s \u201cregulations\u201d is more evidence of how behind the curve Canada is, especially compared to Europe.\n"
    },
    "45098": {
        "url": "/comment/45098",
        "comment": "Please do not reinstate the spring bear hunt.  We do not need more non residents baiting these wonderful animals with garbage and then shooting essentially a trained target.  This is not ethical, read the literature, hunters are incapable of distinguishing males from females.\nDo we need our bear population to collapse like our over hunted moose population?  Do not take all your advice from OFAH!  They are not capable of objectively assessing the facts.\n"
    },
    "45099": {
        "url": "/comment/45099",
        "comment": "Ecojustice Canada supports the objections of Animal Justice and Ontario Nature in their comment letters  regarding the proposed changes to the black bear hunting regulations to permanently reinstate the spring black bear hunt (ERO No. 019-1112).\nEcojustice particularly supports, and repeats, the call for disclosure, and consideration, of all available relevant data in connection with past spring bear hunts, and demonstrable science-based decision-making on the current proposal.\nBefore committing to spring bear baiting and the unmanageable \"wish\" that mother bears will be spared by discerning hunters, Ecojustice agrees that the Government of Ontario should fully consider alternatives that do not require the killing of bears, such as human waste management education to head-off nuisance bear issues, and ecotourism opportunities.\nThank you for taking these comments into consideration.\nEcojustice Canada\nper R. Wright, staff lawyer\n"
    },
    "45102": {
        "url": "/comment/45102",
        "comment": "I do not agree with the Spring bear hunt and believe it should be discontinued. Very few hunters can determine whether a bear is male or female. The regulations forbid killing a female with cubs but many times a mother will forage alone while leaving her cubs in a safe place. It is too much of a risk that a mother will be killed leaving her offspring to starve. The possibilty of this cruelty should definitely mean no spring hunt.\n"
    },
    "45104": {
        "url": "/comment/45104",
        "comment": "I sincerely urge you to end the spring bear hunt.\nThere is nothing virtuous about taking joy in needlessly killing and innocent animal minding its own business. What a barbaric practice!\nPlease note: Bear cubs will continue to be orphaned if the hunt becomes permanent. While it\u2019s currently against the law to kill cubs and mother bears accompanied by cubs, mother bears often leave their cubs in trees when searching for food. If a mother is killed, her cubs will likely die slowly of starvation or be eaten by predators.\nHunting bears doesn\u2019t improve human safety. Stopping human-bear conflict is achieved by removing access to garbage, barbeques, and other attractants.\nBears have low reproduction rates, meaning the survival of adult females is vital for the species.\nThe government has disclosed a need to reduce black bear hunting in Saugeen-Bruce Peninsula due to population concerns, yet it is simultaneously proposing to allow the hunting and trapping of these bears in that region for one week each spring. This is irresponsible.\nEven the economic argument for allowing the hunt is weak. The government has said the economic impact would be neutral or positive, but has provided no evidence to support this claim.\nPlease, do whatever you can to end the abomination that is the spring bear hunt!\n"
    },
    "45106": {
        "url": "/comment/45106",
        "comment": "A spring bear hunt is unnecessary and provides no significant economic benefit to the province. Instead it endangers young bear cubs that require it's mother to survive and upsets the ecological balance already existing in nature.\nOverall, the negatives outweigh the positives in this situation with no scientific evidence to back a spring bear hunt.\n"
    },
    "45108": {
        "url": "/comment/45108",
        "comment": "I think that opening up a regular spring bear hunting season is not a good idea. There have been articles saying hunters would have a very difficult time identifying mothers, so this would put many cubs at risk of being orphaned! We would not want a decline in bear populations due to hunting that we have seen in other areas. Just because a population of bears is considered sustainable does not mean they should be hunted. Thank you for reading my comment.\n"
    },
    "45116": {
        "url": "/comment/45116",
        "comment": "Hunters often claim they can tell if a female bear is nursing her young. But, five 'Fish and Wildlife' staff in the U.S. seem to disagree. In a discussion paper, they wrote:\n~ \"The conclusion of most biologists is that it is quite difficult to accurately determine nursing status of free-ranging black bears, even when a bear is in a tree or at bait. The appearance of nursing females in the kill each spring supports this notion.\"\nHunters claim that Spring Bear Hunts don't leave dependent cubs orphaned, just because there is a regulation to protect them. But in the discussion paper written by five staffers with various Fish and Wildlife agencies in the United States they tell us that such regulations are not that reliable.\n\"Proponents of spring hunting usually point out that most states protect females with cubs by regulation. The regulation looks good on paper but is very difficult to implement in the field because of bear behavior.\"\n"
    },
    "45117": {
        "url": "/comment/45117",
        "comment": "I object to the continuation of the spring black bear season beyond 2020 for residents and non-residents in all Wildlife Management Units where there is a fall black bear season. The annual spring season from May 1st to June 15th should end on June 15th, 2020.  The reasons for my objection are as follows:\n\u2022\tThe OMNRF has not released to the Ontario public the OMNRF\u2019s analysis of the 7-year black bear spring season pilot (which started as 2 years in 2014 and was extended another 5-years in 2016).  As a result, the public cannot use the OMNRF\u2019s analysis of the black bear spring season pilot, which directly relates to this proposal, to assess the scientific validity of the current proposal.\n\u2022\tThe OMNRF has not released to the Ontario public the data from the Bear Wise program to show that a regular spring bear season should be implemented.  As a result, the public cannot assess the success of the stated purpose of the pilot project and therefore cannot fully respond to the current proposal.  When OMNR introduced the spring bear hunt pilot in 2014, Minister David Orazietti stressed that the purpose of the 2 year pilot was to \u201creduce human-bear conflicts and improve public safety.\u201d The MNRF Black Bear Management Framework published February 28, 2019, updated December 10, 2019) indicates that \u201cfurther considerations for bear management comes from recommendations of the Nuisance Bear Review Committee Report (August 2003) and the Auditor General of Ontario\u2019s 2007 Annual Report (see 2.0 Scope) and that the OMNR also moved forward on recommendations from the Nuisance Bear Review Committee Report by initiating the Bear Wise program to address public safety concerns about human-bear conflicts.\u201d  In addition, under section 7.0 \u201cKey Management strategies and associated tactics\u201d, objective #1 states that \u201congoing monitoring and research is critical for informed decision-making, sound policy development and implementing an adaptive management approach.  Research should focus on addressing key knowledge gaps and risk assessment, as well as evaluation of the effects of specific management actions on bear populations on the landscape and on their habitat.\u201d  Why has OMNRF not reported back to the public on the evaluation of the specific management actions of the Bear Wise program in reducing human-bear conflicts and improving public safety?\n\u2022\tThe population growth rate of black bears has been significantly impacted by the spring bear hunt pilot.  The MNRF Black Bear Management Framework indicates under section 4.0 \u201cGuiding Principles\u201d, in principle #4 that \u201charvest management strategies must recognize that black bears have an inherently low reproductive capacity relative to other harvested large mammals and that, as with other long-lived species, population growth rate is most sensitive to changes in adult survival, particularly survival of adult females.\u201d   Under section 5.0 \u201cChallenges\u201d, challenge #2 acknowledges that it is difficult to estimate black bear population size and trends.  Given these statements, it is directly relevant that the black bear harvest data from the Ontario Data Catalogue shows that as a result of the black bear spring season pilot (which started as 2 years in 2014 and was extended another 5-years in 2016), the black bear harvest in Ontario increased by 21% between 2014 and 2018 (32,197 bears) compared with the previous 5 years (2009 to 2013) at 26,709 bears.\n\u2022\tThe spring bear hunt pilot project was not justified, nor does the current proposal provide adequate justification for the implementation of a regular spring black bear season.  The Ontario government should not be ignoring the Environmental Commission of Ontario\u2019s (ECO) November 2015 annual report which harshly criticized OMNRF\u2019s 2-year spring bear hunt project.  Included in this report is the Environmental Commissioner\u2019s view that the Ontario government ignored its own research that calls into question the utility and justification of the pilot project and had ignored the existing advice of the committee created to review the nuisance bear issue.\n\u2022\tA 2010 study by MNR scientists indicated that there was \u201cno evidence that the spring bear hunt {in 1999} caused the perceived increases in the bear population or human-bear conflicts.\u201d  The 2003 report from the independent Ontario Nuisance Bear Committee found that increased nuisance bear activity was not related to the cancellation of the spring bear hunt, but rather the scarcity of natural foods.\nIf the proposal proceeds, it should be amended to take into account the following factors:\n\u2022\tThe fall black bear hunting season should be reduced if Ontario implements a regular spring black bear season.  The proposal does not  take into account he 1999 expansion of the Ontario black bear hunt (currently 2 \u00bd to 3 months).\n\u2022\tThe proposal should to prohibit hunting with dogs during the spring bear hunt.  The Nuisance Bear Review Committee recommended that any spring bear hunt should prohibit the use of dogs.\n\u2022\tThe prohibition should include significant penalties for harvesting bear cubs and female bears accompanied by cubs.  The prohibition of the harvest of bear cubs and female bears accompanied by a cub is not adequate to ensure that numerous bear cubs will not be orphaned by the spring bear hunt.  OMNR estimated that at lease 274 bear cubs were orphaned in the 1999 spring bear hunt.  Ontario has chosen not to publish current estimates of orphaned bear cubs and so I cannot quote more current data.  Current data should be released to the public.\nI agree with the proposal to reduce the bear hunting and trapping season to one-week from May 1 to May 7 in WMUs 82A, 83 and 84 (and to close the fall season) to support the long-term sustainability of the local black bear population on the Bruce Peninsula, but I do not think it goes far enough.  The MNRF Black Bear Management Framework published February 28, 2019, updated December 10, 2019) indicates under under 5.0 Challenges that \u201cthe black bear\u2019s inherently slow rate of recovery from low population levels increases the risks for local populations where harvest pressure and other mortality are high.\u201d  For this reason, I think that the one-week season from May 1 to May 7 should also not be implemented.\n"
    }
}