{
    "41482": {
        "url": "/comment/41482",
        "comment": "I am against this bear hunt. We need to preserve and protect the shrinking bear habitat. We could also drop truckloads of imperfect foods from grocers and restaurants etc in remote bear country to prevent starvation and make their search for food in human populated areas less of a necessity. Maybe we should also stop invading wildlife areas for camping and hiking because animals see us as prey quite\nnaturally, but then they get shot for being wild animals. Bobcats, Lynx will be extinct before too long. We can't continue to have it both ways.\n"
    },
    "41484": {
        "url": "/comment/41484",
        "comment": "Great strides forward on the bear hunting issue.  Once the MNRF reinstated the spring bear hunt, we closed our fall hunt because too many large females were being harvested.  We never liked the fall hunt because of this.  Scientifically, the spring hunt is the better hunt to have.  As for non-resident land owners no longer being able to hunt and having to go to an outfitter, that was a great decision.  Thank you!  The big issue now, is resident hunters running hunts for other resident hunters.  That has become a huge problem and I am glad to see that you are trying to solve it.  I don't know how you are going to do it.  I don't think that having them purchase a licence to provide hunts is going to solve the problem because they are doing it under the table and there is no paper trail to follow and they are hunting on outfitter BMAs that we pay for and manage so that we do not over harvest.  I think any resident hunter that has a bear hunting licence should not be able to hunt on an existing BMA owned by an outfitter.  That might solve the problem.  There are BMAs that are vacant and those are the areas that resident hunters could hunt.  I know that this next issue is not on the EBR but it deals with harvest levels.  I am in the Chapleau district and we were always on a \"quota\" which I agreed with.  We were allowed to harvest 1 bear per 50 square km and I thought that it was great.  We had outfitters in the area that were taking way too many bears for the size of their area and this policy put a stop to that.  This should be implemented across Ontario.  If that means that some outfitters will only be able to harvest a couple of bears, so be it.  They shouldn't have been in the system to begin with.\n"
    },
    "41489": {
        "url": "/comment/41489",
        "comment": "I am in full support of this proposal.\nThis is a science based approach to renewable resource use. Failure to properly manage the black bear population by closing the spring season resulted in many social and economic difficulties for Ontarians.\nHaving lived and worked in various communities across Ontario over the past 60 years I have experienced firsthand the dynamic relationship between black bears and people . I have seen the serious negative economic effects of stopping the spring bear hunt on the tourist industry (and by extension every person in northern communities).  I have also seen bear populations increase and bears become emboldened due to a lack of negative association with humans - hunting establishes humans as a danger to bears which makes them less likely to enter communities.\nI encourage the MNRF to move forward with this proposal and to continue to monitor bear populations as climate change effects bear habitat.\n"
    },
    "41490": {
        "url": "/comment/41490",
        "comment": "Please speak out against the proposal to expand the Ontario Spring Bear Hunt from a pilot project (which ends this year), to an annual event from May 1st to June 15th.  The only slight reduction of the hunt would be in the Bruce Peninsula, where the hunt would be from May 1 to May 7th.  Hunting bears, especially in May, put mothers and cubs at the highest risk.\nAlthough the proposal says mothers seen with cubs would be protected, this would not protect cubs from being orphaned.  Cubs are often hidden by vegetation, and males and females are not easy to tell apart.\nThe Ontario government also wants to change rules so hunters do not have to report whether they hunt in spring or fall.  This would make it much harder to study the impacts the hunt has on the bear population.\nPlease release information to the public about the impact the spring bear hunt has had on people, bears, and other wildlife.\nAllowing businesses have a \"licence to provide bear hunting services\", and allow hunters to hunt without working through a \"licensed bear operator\" could create trophy hunting opportunities.  Trophy hunting removes the Bears who are strongest and most likely to breed.\nPlease do not bring back the Spring Bear Hunt, and please ban trophy hunting.  Please instead increase humane bear education on non lethal human bear coexistence.\n"
    },
    "41491": {
        "url": "/comment/41491",
        "comment": "January 23, 2020\nI was very concerned, once again, when I read about the announcement concerning reinstating the Spring bear hunt. In 1999 the spring bear hunt was finally cancelled. The hunt was cancelled to protect bear cubs from being orphaned when their mothers were accidentally and /or illegally killed.\nIn 2013, the spring bear hunt was reintroduced as an experiment ostensibly to reduce human-bear conflict. \u00a0However, the government\u2019s own science showed that human-bear conflict had nothing to do with the spring hunt. In reality, the number of nuisance bear interactions increased when wild food crops, like berries and nuts, were not readily available due to drought or other poor environmental conditions.\nThe decision to implement a spring bear hunt by our Minister of Natural Resources must be impartial and based on sound, evidence based, scientific data which would be applied to every other species were it not considered as \u201cprofitable\u201d. Appeasing hunters and other special interest groups should not be the primary goal of wildlife management policy.\n\u00a0\u00a0\nArguments against the reinstatement of the spring bear hunt:\nHunting bears in the spring does not reduce human-bear conflict.\u00a0 The government should heed the results of their own science and appointed committees. Complaints do not reflect the number of nuisance bears in the population. The number of bears that were in conflict with humans and which were consequently trapped did not increase following the cancellation of the spring bear hunt in 1999.\u00a0 The number of complaints about nuisance bears that occurred after the spring bear hunt was cancelled, was due to local controversy and an increased reporting effort.\nIt is difficult for hunters, even seasoned bear hunters, to tell the difference between male and female bears from a distance, and females leave their cubs in nearby trees while they forage. Inevitably, female bears are killed in the spring bear hunt.\nOrphaning cubs threatens the black bear population, which has one of the lowest reproductive rates of all species. Female black bears do not generally start reproducing until they are 6 years old. 70% of orphaned cubs die before they reach one year of age. Black bear cubs stay with the females for protection and to learn how to forage for approximately two years. Killing the female also eliminates that generation of dependant cubs which cannot survive, or over winter on their own.\nArguments against bear baiting:\nBaiting bears can increase the number of nuisance bears. Human attractants are a known cause of nuisance bear activity in populated areas. Bear baiting is begun well in advance of the legal hunt. Female bears teach their young how to forage, females that are not accidentally killed after using bait sites teach their young to take advantage of bait and other human food.\nFemales with cubs are more susceptible to being attracted by bait because they emerge from the den in Spring in poor body condition relative to other bears.\nIt can be difficult to identify and therefore avoid killing females around bait piles because mother bears stow their vulnerable cubs in trees while they forage.\nBaiting bears goes against the notion of \u201cfair chase\u201d \u2013 there is nothing ethical or culturally significant about luring bears and shooting them from blinds as they consume unnatural food.\u00a0\n\u00a0\nGeneral Recommendations (Preferred):\nImmediate closure of the spring bear hunt and immediate ban on all bear baiting.\nProper consideration of evidence based science when making management decisions, instead of politically based motives that only provide the economic evidence in support of the decision.\nTo reduce human/bear conflicts by supporting programs which teach people to manage their waste\n\u00a0\nAlternative To Preferred Recommendations:\nIf the hunt is to continue, thereby ignoring current science and research which does not support reestablishing the spring bear hunt, in order to appease a political base as demonstrated by the explosion of \u201cbusiness opportunities\u201d for multiple hunting organizations in Ontario, here are my recommendations. :\nThe Spring Bear hunt should last no more than 30 days, from June 1 to June 30.\nBaiting must stop after June 30 and not to resume again until Sept 1st, two weeks prior to the Fall Hunt.\nBaiting should be a minimum of 2km from the nearest residence or residential area and garbage must be cleared after the hunt.\nFall Hunt should begin Sept 15 and end October 30 throughout the Province.\nHunting with dogs must be strictly Prohibited.\nFemale bears with cubs must be actively protected during the Spring AND Fall Hunt.\nThe Ontario government must hire additional Conservation Officers for enforcement of the above recommendations.\nThe decision to allow a Spring Hunt must be reviewed annually, considering evidence based science confirming the population is healthy and not driven purely by economic interests. Consultations must include First Nations, scientists and conservationists and not simply relying on the \u201cscience\u201d provided by vested interests.\nHaving the Minister of Natural Resources, as stated by his own words, be more concerned about tourism, those hunting industries that support small business in northern and rural Ontario, forming committees such as the BGMAC to \u201cimprove big game management in Ontario\u201d, read support for the above groups, and not look to maintaining the health and longevity of all species supporting the ecosystem in Ontario, including the \u201cprofitable\u201d ones, is not what was intended for this Ministry. Economic development and business opportunities for Ontarians belong to other government ministries.\n\"We are listening to the concerns of northern Ontarians and the tourism industry that an ongoing pilot spring season creates economic uncertainty,\" said Minister Yakabuski. \"A regular, monitored spring bear hunting season would enable tourism outfitters and camp owners to better plan their operations for the entire year, while also allowing hunters to better plan their activities and support local businesses.\"\nHow about this Minister, charged with protecting all of our natural resources, try taking the long view, and base the decision, on when to allow a bear hunt, on sound proven evidence based scientific principles and then perhaps all those interested parties will still have a hunt to \u201cprofit\u201d by in their futures.\n"
    },
    "41492": {
        "url": "/comment/41492",
        "comment": "Black Bear Hunt Reintroduction\nAs secretary of the Ottawa Valley Chapter of Safari Club International we are pleased to comment on this issue. Our view is simple. Please ensure all wildlife management decisions in the future are based on fact/ sustainability, not emotion. Follow the recommendations of wildlife biologists, not special interest groups that will do everything in their power to curtail Canada's hunting heritage. As such we support the reintroduction of the Spring bear hunt and management decisions that have been made on the Bruce Peninsula.\n"
    },
    "41493": {
        "url": "/comment/41493",
        "comment": "Hunting in today\u2019s world is just killing for fun, unless there is an issue of black bears attacking people, in cities, then leave them alone.  Nature is not ours to meddle with, we, as animals on this earth should only react to how nature plays out, not try and predict how it\u2019s going to play, and then implement action based off of what predictions humans have made. No amount of research or analysis should embolden humans to take such measures to interfere with nature.\n"
    },
    "41498": {
        "url": "/comment/41498",
        "comment": "I am commenting on the proposed reintroduction of the spring bear hunt. Our planet is losing species at a breathtaking rate, their remaining habitat is being developed/ destroyed by humans and you want to kill more.  I am vehemently opposed to this hunt.\nThis is a concern to Humane Canada. In the spring hunt, slow-moving mother bears who have just emerged from hibernation are easily targeted often leaving orphan cubs as collateral damage. What the fuck are you doing?\nWe don\u2019t want to move backwards on this unethical practice\nStop it.\n"
    },
    "41499": {
        "url": "/comment/41499",
        "comment": "I live in rural southern Ontario, a little east of Toronto, and I am opposed to the implementation of a spring bear hunt.   In the spring hunt, slow-moving mother bears who have just emerged from hibernation are easily targeted often leaving orphan cubs as collateral damage.\nPlease don't move backwards on this unethical practice.  Public awareness and concern for wildlife has increased significantly even in the past couple of years, and the majority of Ontarians are against cruelty to animals, including sport hunting.\nPlease do NOT implement a spring bear hunt.\n"
    },
    "41502": {
        "url": "/comment/41502",
        "comment": "Mass slaughter for the pleasure of a few is unconscionable!  Especially so in the spring when bears are weak and have offspring to raise.  Worse, the meat is not consumed by majority of hunters.  There have been only 25 fatalities of humans by bear in North America the past 20 years!\n"
    },
    "41506": {
        "url": "/comment/41506",
        "comment": "Spring bear hunts are similar to shooting fish in a barrel . . . but with a lot less skill required.  Even so-called \"ethical\" hunters are opposed to it.  The idea of putting out food to attract post-hibernation bears in a state of semi-starvation so that a \"hunter\" can assassinate them from a stand in the tree above is abhorrent.  Where is the \"sportsmanship\"?  This is leaving cubs orphaned when their mothers are inadvertently killed (seriously, who can accurately determine the gender of a large hairy animal from above . . . or at all really) plus conditions bears to seek out food provided by people, thus increasing bear-human conflict.  Our poor, poor planet is much too close to her tipping point for us to be enacting policies that will only serve to push her over the edge.  We need to preserve whatever precious little pristine wilderness remaining and re-wild much of that stolen from the animal nations.  Species are going extinct at an alarming rate and we continue to encroach on their homes.  Should those who are managing to survive be reduced to targets for the \"fun with a gun\" crowd?  Surely with our so-called \"superior intelligence\" we can come up with ways to make a living and peacefully co-exist.\n"
    }
}