{
    "41846": {
        "url": "/comment/41846",
        "comment": "I am utterly opposed to the reintroduction of a permanent spring hunt in Ontario - which cruelly targets bears at their most vulnerable time of year. It is not an appropriate time of year to exercise this hunt, it unfairly allows hunters to target bears just out of hibernation when they are at their weakest and trying to support their young.\n"
    },
    "41847": {
        "url": "/comment/41847",
        "comment": "As a tourist I will most likely not be visiting Ontario if you go ahead an implement a spring bear hunt.  As you are probably more than aware hunters are not capable of telling the difference between male and female bears.  As a result a spring bear hunt could see more than a few orphaned bears being added to the mix.\nTourists such as myself come to Ontario to see live bears.  We certainly contribute far more to the economy than the hunting community.\n"
    },
    "41849": {
        "url": "/comment/41849",
        "comment": "A spring bear hunt is against basic bear biology. New cubs, weak from hibernation. A hunt is a machete when a scalpel would deal with nuisance bears. A spring hunt has exponential effects on reproduction.\n"
    },
    "41850": {
        "url": "/comment/41850",
        "comment": "Dear Environmental Registry of Ontario,\nI am 20 years of age and grew up in Michigan. My family built a cabin in Ontario because we enjoy the beauty that all of Ontario offers. I grew up traveling and hunting in Ontario with my family. Our family has been hunting bears in Ontario for well over a decade now. My family lives off of the meat and it impacts our family greatly. I recently purchased property in Ontario by my family's cabin hoping to build a cabin there someday and teach my children how to bear hunt. But the reason why I bought this property so early in my life was for the advantage that I may bear hunt. If you guys change these rules for Americans I would have to hunt with a guide and I cannot afford to do that. So if you guys were to change the rules of bear hunting I feel like I would have to sell my property because it would no longer have the same value to me as it once did. I hope this can help you guys make your decision and how this would impact me and my family for years to come.\n"
    },
    "41852": {
        "url": "/comment/41852",
        "comment": "As an Ontario resident that spends a great deal of time in the outdoors across the province, I would like to express my strong opposition to the proposed reopening of the Ontario spring bear hunt. There is no logical reason for opening the hunt after all these years. Hunters have ample opportunity to engage in their activities at other times of the year and without the risk of orphaning bear cubs when sows, with their cubs treed at another location, are shot, especially when lured to bait stations. For legitimate hunters who believe in the principle of fair chase, the entire practice is regressive and abhorrent.\nI have read some unsubstantiated comments from a small number of hunters who claim that black bears are having a detrimental impact on moose populations, but I have searched diligently for any evidence that that claim has any veracity at all and I can find none. It would appear to be just another baseless claim that some hunters are using to justify the return of the hunt for their own self-interest.\nI urge the Government of Ontario not to step back into the dark ages of wildlife management by reinstating the spring bear hunt.\n"
    },
    "41853": {
        "url": "/comment/41853",
        "comment": "As someone who cares about Ontario's wildlife, I am disappointed to learn that this government is now proposing a permanent spring bear hunt. At the time of the proposed \"pilot\" project I also submitted a comment in opposition and I am doing so again today. As wildlife populations are plunging all over the world due to habitat loss, over-hunting, poaching and other environmental factors, I find it unconscionable that our government would even consider this decision. It is my understanding that it is illegal to kill a mother bear with cubs, however, considering that there is a large number of cubs that are orphaned every year, it seems to me that those that hunt seem to be ignorant of the fact that mother bears often hide their young cubs while they go foraging for food...this being the case, why does the government allow the hunt to start so early in the year? It goes against all reason. Also, where is the information on how many bears are being poached each year? Is there somewhere we can find that out? I do not know how anyone can make the statement that the Ontario black bear population is \"sustainable\". It seems to me that there are too many unknown factors to make such a statement. We are also at risk of forest fires here in Ontario and we have seen what devastating effect fires can have on wildlife populations by simply watching the news unfold in Australia. The \"value\" of our wildlife is priceless and we must do all we can to protect it.\n"
    },
    "41854": {
        "url": "/comment/41854",
        "comment": "I would eliminate the spring hunting season for black bear.  I have no issues with bears coming unto my property searching for food in spring.  But I do have issues with illegal hunters trespassing on my property with their flying bullets.  It is enough that I must tolerate the flying bullets in the fall but May to June is prime time for working in gardens and seeding crops in agriculture land.  There is no place for hunters but the bears are welcome.\n"
    },
    "41856": {
        "url": "/comment/41856",
        "comment": "Please consider ending the spring hunt - cubs are born in their dens during this season and are left orphaned, starving and in horrible suffering when mother bears begin to forage and are hunted down. Let\u2019s end animal suffering and truly begin to support environmental awareness and appreciation in these crucial days.\n"
    },
    "41857": {
        "url": "/comment/41857",
        "comment": "NO...opening up Spring bear hunt makes no sense and is WRONG for so many reasons.  We seen so much illegal hunting, poaching, and baiting in the over 40 years we been living in bear country...and seeing a decline in population. People just shoot them and call them nuisance bears. There is not enough patrolling and enforcement officers out there. Wildlife and enviroment protection should be stepped up...NOT weakend.\n"
    },
    "41859": {
        "url": "/comment/41859",
        "comment": "I am apposed to the implementation of a spring bear hunt for the following reasons:\nIf we want to maintain a robust bear population for hunters It remains prudent to not place stress  on bears emerging from hibernation.\nFurthermore, distinguishing a female  from a male is problematic since the cubs are not always visible as the mothers often tree the young when they smell human presence. This leaves orphaned cubs  if the mother is shot which would otherwise contribute to the bear population for the following year's fall bear hunt.\nFemales with cubs feeding on bear bait habituate to human food and become future problem bears which puts them at risk of being killed by conservation officers.\nWhile the intent  of the change in regulation appears to create a hunting opportunity in the spring and subsequently stimulate economic activity in rural Ontario the concept is not based on sound science, and would be a detriment of the species.\nBears are most vulnerable during the spring coming directly out of hibernation\n"
    },
    "41860": {
        "url": "/comment/41860",
        "comment": "I have owned property in Ontario for 17 years and started bear hunting about 14 years ago.  It is one of the main reasons I purchased property in Ontario and it has been a family tradition to engage of all aspects of the hunt with my family.  I highly oppose the changes to keep non residents from doing there own hunt.  I would like to list some points that probably overlooked in the recommendation.\n1. its a family tradition that my wife and child always get involved in the baiting and hunting part each year.  We have 2 properties so we both can draw a tag to hunt.\n2. Over the last 14 years I have brought in 20-30 other hunters who hunt with my neighbor who is a resident and has a BMA.  Most of these people come back every year or every other year.  he provides hunts to these customers and it helps him earn a living and run a business.  He does not advertise ot attend shows but is pretty full almost every year.\n3.  My family is far more selective on the bears we shoot than hunters who just come up to shoot a bear.  Each year we pass many bears and only pursue trophy animals.  Most years my family will harvest on of the largest bears at camp even though there are many other hunters that come to hunt in his BMA.  This will become much more difficult as my local outfitter does not bait the same way as me and does not put the time into the process as I do as its just a job for him.\n4.There is no shortage of bears in our area so we are not hurting the population and always try to maintain to harvest the mature bears.  There are only 3 hunters in our area and the baits are spread out as well.  In fact only one local Canadian hunts bears in our area as most Canadians are not interested in bear hunting.\n5.  We do not hunt in his BMA.  Our baits are many miles apart so rarely are we pursuing the same bears.\n6.Each year I help my local bear guide with the BMA locate bait for his upcoming season since I have many connections in the states for good bear bait.  This has happened for many years!\n7. This is meat that my family lives on and we consume the meat for many of our meals.  If we would hunt through the outfitter this becomes much harder and we will end up having to take smaller bears.\nThe other parts of the new initiative I don't have any issues with but we would like to remain with the possibility of hunting on our own and letting non resident property owners continue this great tradition.\n"
    },
    "41862": {
        "url": "/comment/41862",
        "comment": "There are a great deal of issues surrounding the existing spring bear hunt that have not been addressed appropriately. While The Fur-Bearers strongly oppose the spring bear hunt and believe it should be cancelled, there are issues that must be considered if it is to continue. The list below was created in conjunction with information from Bear With Us Sanctuary and Rehabilitation Centre for Bears in Ontario and Coyote Watch Canada.\nFemales with cubs must be protected; currently that is difficult as cubs are frequently treed or kept away by their mother while she forages.\nThe current season of May 1 to June 15 should be changed to June 1 to June 30 to protect females with cubs as well as the cubs themselves.\nEvidence as to the accomplishments and milestones of the pilot project and the extended pilot project (not the original strategy written before the hunts) need to be released to the public.\nBaiting should not take place; if it will, baiting must end when the season concludes and not begin again until shortly before the fall season and more stringent limits must be put in place to protect recreationalists, drivers, property owners, pets and others from bait piles that attract wildlife. All bait sites should be registered to ensure compliance.\nInformation showing an increase in enforcement capability through funding, infrastructure and boots-on-the-ground hires of conservation officers should be made available.\nThe government must make an acknowledgement that a spring bear hunt is not about community safety as originally stated in 2014 in the face of their own evidence showing it does not impact human conflict with bears; education and enforcement of human behaviour, attractants and feeding will have the greatest impact on mitigating and preventing conflict.\nA report should be created and released on the impact of a spring bear hunt on other recreationalists\u2019 safety, freedom to explore and expectations, as bear hunters in the spring make up a very small percentage of people enjoying the outdoors in Ontario.\nA report should be created and released on efforts of the Ontario government to increase availability of non-consumptive ecotourism opportunities in the province alongside the limited spring bear hunt.\nThe use of hounds/dogs to chase, tree and/or otherwise harass bears should be immediately halted.\n"
    },
    "41867": {
        "url": "/comment/41867",
        "comment": "Females with cubs must be protected. Cubs are frequently treed or kept away by their mother while she forages.\n    Evidence as to the accomplishments and milestones of the pilot project and the extended pilot project (not the original strategy written before the hunts) needs to be released to the public.\n    Information showing an increase in enforcement capability through funding, infrastructure and boots-on-the-ground hires of conservation officers should be made available.\n    The government must make an acknowledgement that a spring bear hunt is not about community safety as originally stated in 2014 in the face of their own evidence showing it does not impact human conflict with bears; education and enforcement of human behaviour, attractants and feeding will have the greatest impact on mitigating and preventing conflict.\n    A report should be made on the impact of a spring bear hunt on other recreationalists\u2019 safety, freedom to explore, and expectations, as bear hunters in the spring make up a very small percentage of people enjoying the outdoors in Ontario.\n    A report should be created and released on efforts of the Ontario government to increase availability of non-consumptive ecotourism opportunities in the province.\n    The use of hounds/dogs to chase, tree and/or otherwise harass bears should be immediately halted.    Baiting should be forbidden.\n"
    },
    "41869": {
        "url": "/comment/41869",
        "comment": "Please reconsider extending the black bear hunt.  We need to protect our wildlife not kill it.  The reason many tourists come to Canada is because of our biodiversity, let\u2019s be kinder to our fellow beings sharing our land and allow them to live a full life.  Do not bow to hunters - there is no reason to kill more bears.  There is already a fall hunting season.\n"
    }
}