{
    "42041": {
        "url": "/comment/42041",
        "comment": "I'd prefer for this hunt to not occur at all. But if it must, it would be better for it to be shorter. As well, females and cubs must be given special protection. As well, dogs must not be permitted to aid in the hunt. If it is imperative for people to hunt, let it be as kind-hearted and respectful as can be. The dignity of these animals must be preserved!\n"
    },
    "42043": {
        "url": "/comment/42043",
        "comment": "Hunting...the entitled humans so-called animal population control! How is it that hunting hibernating bears and new mothers with cubs is humane??? What is wrong with you people and governing bodies for even considering the continuation of such a practice! And what remained for those fur bearing animals who may survive the first blasts of spring? Bears are left maimed and injured, Cubs are left motherless to roam, starve and die because a governing body left strongly that their bear mother was a threat all the while sleeping in her den! If a human mother and child were targeted for such a horrendous event people would be bare arms!!! Human population control sounds absurd...but yet the people can choose to control the population of every animal native to Canada! YOU Sound like a bunch of Americans if you ask me! AND for those lucky enough that survive the spring hunt you allow hunters to BAIT the remaining bears 6 months later in the fall, at a time when they are most vulnerable as their bellies need filling for what was to be a long harsh hibernation!!! There are far more pressing issues in this world that need fixing LEAVE THE BEARS ALONE, the fall hunt season is enough to keep your so called population control in check! Think of the size of your family the next time you think population control...\nThe circle of life has no need for guns, rifles and or hunts....it\u2019s human interference and control that feeds havoc and that\u2019s what you are doing...creating HAVOC!\n"
    },
    "42047": {
        "url": "/comment/42047",
        "comment": "To whom it may concern,\nI want to see the Spring Bear Hunt cancelled altogether. It has been extended long enough!\nEvidence of the worth of the hunt must be made public.\nI would like to see the season changed to June 1-June 30\nThe hunt orphans many cubs and leaves them to die a horrific and inhumane death.\nInformation showing increases in Law Enforcement during the hunt.\nNo more baiting should be allowed\nNo more use of dogs must be allowed to chase, tree ar in any way harass the bears.\nI am commenting on the ERO #  019-1112\nAvery concerned citizen\n"
    },
    "42053": {
        "url": "/comment/42053",
        "comment": "There is no need for a spring hunt, and there already is one in the fall.\nI am a registered hunter and it is clearly obvious to me, and many others, that hunting bears in the spring when cubs are born is unacceptable.\nRegardless of regulations, mothers with cubs are regularly shot, leaving more orphans. This is an appalling tragedy which is easily fixed.\nPlease do not be swayed by extra money, the spring bear hunt is abhorrent to many people and should not be allowed.\nThank you.\n"
    },
    "42054": {
        "url": "/comment/42054",
        "comment": "As a Canadian living in the 21st century, I am sickened and embarrassed by this cold-blooded return to a brutal past, where animals are abused and used at will. Most egregious yet is the veneer of \u201cscience\u201d and \u201cscientific study\u201d that has been plastered on this unholy event.\nBAN the Ontario bear hunt now!\n"
    },
    "42056": {
        "url": "/comment/42056",
        "comment": "I am so against the hunting of black bears in Ontario in the Spring.  The momma bears shot will mean certain death for their baby bears who may be only a few KG in weight and are stashed up high in a tree a few miles away from where she is foraging for food.  Hunters will only know they killed a momma bear after she is dead.  This is so wrong!  Also your proposed time line is too early.  Hunting should not begin in May but rather June 1st - 30th to give the babies a chance with their momma to grow and gain more weight.\nI'm a dog lover and have always had dogs, but using dogs to chase a bear into a tree is cruel and should not be allowed.  She will be shot and only then discovered she is a momma bear.  It's bad enough for hunters to use bait traps and high powered rifles but the use of dogs is cruel, unnecessary and should be banned.\nAlso setting bait traps near residential housing is completely ridiculous.  A person who walks their dogs, would be so upset to have their dog caught in a bear trap only to watch their beloved pet die, or any other companion animal.  These should be strictly monitored and controlled miles away from residential housing.\nThank you for reading and taking into consideration my comments.\n"
    },
    "42058": {
        "url": "/comment/42058",
        "comment": "The spring bear hunts should be cancelled. All bears should not be subjected to being hunted. It is a past practice that society should no longer support. It is an unnecessary practice in our day and age. We are intelligent beings that can do better and taking a life and lives is no longer necessary for our survival. Leave living beings be.\n"
    },
    "42061": {
        "url": "/comment/42061",
        "comment": "WHY is it that all we here is how animals should be killed ?\nI am disgusted and deeply disturbed about this proposal \u2022Females with cubs must be protected; currently that is difficult as cubs are frequently treed or kept away by their mother while she forages.\n\u2022The current season of May 1 to June 15 should be changed to June 1 to June 30 to protect females with cubs as well as the cubs themselves.\n\u2022Evidence as to the accomplishments and milestones of the pilot project and the extended pilot project (not the original strategy written before the hunts) need to be released to the public.\n\u2022Baiting should not take place; if it will, baiting must end when the season concludes and not begin again until shortly before the fall season and more stringent limits must be put in place to protect recreationalists, drivers, property owners, pets and others from bait piles that attract wildlife. All bait sites should be registered to ensure compliance.\n\u2022Information showing an increase in enforcement capability through funding, infrastructure and boots-on-the-ground hires of conservation officers should be made available.\n\u2022The government must make an acknowledgement that a spring bear hunt is not about community safety as originally stated in 2014 in the face of their own evidence showing it does not impact human conflict with bears; education and enforcement of human behaviour, attractants and feeding will have the greatest impact on mitigating and preventing conflict.\n\u2022A report should be created and released on the impact of a spring bear hunt on other recreationalists\u2019 safety, freedom to explore and expectations, as bear hunters in the spring make up a very small percentage of people enjoying the outdoors in Ontario.\n\u2022A report should be created and released on efforts of the Ontario government to increase availability of non-consumptive ecotourism opportunities in the province alongside the limited spring bear hunt.\n\u2022The use of hounds/dogs to chase, tree and/or otherwise harass bears should be immediately halted.\n"
    },
    "42062": {
        "url": "/comment/42062",
        "comment": "Climate change has caused and is currently causing devastating destruction to our environment and the animals that inhabit it.  We are losing species at an alarming rate, and some that were considered vulnerable, are now classified as endangered.\nIf it's been proven there's no good reason to have another spring bear hunt, then clearly there shouldn't be.  We don't require a lesser population of bear. If anything, we should be protecting wildlife closely so our children, and their children, will still have wildlife to view and enjoy in the future.\nEnough is enough. If you're going to hunt, make it for a legitimate reason, not for the thrill of the bait/chase etc. That's not what we're here for.\nLeave well enough alone.\n"
    },
    "42063": {
        "url": "/comment/42063",
        "comment": "I do not agree with a spring hunt! How are the hunters able to tell the sex of a bear before it is shot? Just because there are no cubs seen, does not necessarily mean this is a male bear. The fall bear hunt should be more than sufficient.\nWhat if the hunter kills a female bear by mistake? What is done regarding their cubs? Are any attempts made to find the cubs and are there rescues in Ontario that will take care of the cubs and release them back into the wild?\nI do not feel there is any reason to have another hunt, especially in the spring.\nStarting so early will affect the bears just getting out from hibernation. It puts them at a disadvantage, especially if they have cubs to look after. Please reconsider this idea.\n"
    },
    "42064": {
        "url": "/comment/42064",
        "comment": "I support this proposal.  The proposal allows the professionals at the ministry to monitor black bear numbers through hunter reporting while also providing a tool for population management and control.  This is a science and evidence-based policy that supports resource management.  I encourage the ministry to be wary of general, anti-hunting comments that would oppose this proposal solely on the basis that bears will be killed.\n"
    },
    "42065": {
        "url": "/comment/42065",
        "comment": "I appreciate the Government's efforts to protect the Bruce Peninsula bears. As a genetically individual species, and a 'trapped' group due to geography, it is all the more important to ensure the species' longevity.\nI do not pretend to know about other bear populations in Ontario, but I hope that all bear populations are tended with care and consideration of their longevity, as a species on this earth, during any regulation changes and updates.\nComing from a family of hunters, I understand the hunting mentality and excitement. But I also don't always agree with my family members on their stances about hunting regulations, gun regulations, or desire for more hunting opportunities. However, in order to have good quality and quantity of hunting opportunities, regulations are a necessity. We do not need to hunt and gather for our food anymore, although a majority of hunters do eat what they kill - which is good. But hunting is now a sport, not a necessity.\nPlease keep the balance as you move forward with new / improved regulations\n"
    },
    "42068": {
        "url": "/comment/42068",
        "comment": "I strongly believe that the time has come to completely abolish the Spring and Fall bear hunts in Ontario.  If the hunt is to continue in some form then it is imperative that truly effective protection of female bears with cubs, in both Spring and Fall hunts, be implemented immediately.  If the Spring Bear Hunt continues it must be reduced to a maximum of 30 days, from June 1-30.  By this time bear cubs will be large enough to accompany their mother while foraging, which should reduce the number of females shot in error.\nThe Fall hunt, if it continues, must be limited to no more than 45 days, from September 15 to October 30.  All bear hunting with dogs must be banned - this is simply medieval.  If baiting is to be allowed, it must stop immediately after any Spring hunt and must be fully cleared up.  Baiting cannot begin again until 2 weeks prior to any Fall hunt, i.e. September 1 at the earliest.\nThere are insufficient Conservation Officers to properly manage the bear hunts and enforce the regulations i.e. the Ontario Government needs to hire more people and better educate hunters on bear sexing and habits.  People who live in bear country need to better understand bears and their behaviour.  Human/bear conflicts can be better managed by people taking good care of any waste that might attract bears.\n"
    },
    "42071": {
        "url": "/comment/42071",
        "comment": "We do not support an Ontario Spring bear hunt.\nIt is inhumane and unnecessary. It is violence, bullying and just not needed in the year 2020.\nWildlife takes enough pressure without adding this.\nOrphaning cubs and causing females much so much stress as they try to protect their babies, which they love is so despicable and makes one wonder who can be capable of such cruelty.\nWe feel truly sorry for those who cannot see any beauty in allowing creatures to live their lives, as we are allowed to live ours. Oh but for the grace of God goes YOU.\n"
    },
    "42073": {
        "url": "/comment/42073",
        "comment": "\u2022 Females with cubs must be protected.\n\u2022 Current season should be changed to June 1 - 30 to protect females and cubs.\n\u2022 Evidence as to accomplishments and milestones of the pilot project and extended pilot project need to be released to the public.\n\u2022 Baiting should not take place.\n\u2022 Information showing an increase in enforcement capability should be made available.\n\u2022 The government must make an acknowledgement that a spring bear hunt is not about community safety as originally stated in 2014; education and enforcement of human behaviour, attractants and feeding will have the greatest impact on mitigating and preventing conflict.\n\u2022 A report should be created and released on the impact of a spring bear hunt on other recreationalists\u2019 safety, as bear hunters in the spring make up a tiny percentage of people enjoying the outdoors in Ontario.\n\u2022 The use of dogs to chase, tree and/or otherwise harass bears should be immediately halted.\n"
    }
}