{
    "41065": {
        "url": "/comment/41065",
        "comment": "I find this permanent spring bear hunt objectionable.\nI see no benefit from it. It makes me wonder if it's a bid for less administration and more for tax revenue from tourists. It would create many motherless cubs unnecessarily.\nAnd it doesn't seem, from a conservancy viewpoint, to have any merit whatsoever. It would likely give rise to some other species with negative results. We can't just willy nilly change nature's balance and not pay a price elsewhere.\nThe thought luring Hunters with guns to Ontario is also repugnant. How are you going to monitor these visiting hunters? The same way we monitor over fishing from visitors? And for what, revenue? Where does it stop? Please, let's not rush to open Ontario for business quite so much. Let's maintain our balance for future generations and be good stewards of this land - it's yours and mine to protect, not theirs to pillage.\n"
    },
    "41068": {
        "url": "/comment/41068",
        "comment": "There is no justification for ending life in cold blood. Self-defence is not in cold blood, but hunting is. At this point, aware of the lack of humaneness and wisdom shown by some people - both politicians desperate to get re-elected and individuals happy to handle a gun against a defenceless animal - my only hope is that there is karma and it will hit them the same way.\nPeople are known for ruining the natural balance. I lived in a country where at some point, a stupid government decided that wolves were not \"economically\" necessary while posing a danger - once in a blue moon - to isolated farms. So, the decision was made to hunt them down. The result: the wildlife in that country degenerated as there were no wolves to naturally preserve the quality of wildlife by hunting the week specimens. Later on, they realized how stupid that decision had been and rescinded but it took years to restore wildlife balance. Let us allow nature to do its job.\n"
    },
    "41071": {
        "url": "/comment/41071",
        "comment": "I think the whole spring bear hunt should be abolished! Let momma bear care for her cubs when they are still needing the care. It is too difficult to tell a male from a female bear. Orphaned cubs end up needing to be sent to a wildlife rehab area, or they die.  The best way to reduce human\\bear interactions is to have people manage their garbage, recycling or compost in a bear-wise way.  I think more conservation officers are needed throughout the year, but they need to better patrol and enforce hunting laws.  I believe we should be protecting our female bears with their young cubs, not killing them.\n"
    },
    "41073": {
        "url": "/comment/41073",
        "comment": "Nature is at the mercy of human development. We have lost 60% of our global wildlife in just over 40 years. This is CATASTROPHIC. According to WWF, see in link field:\nThis is not the time to unnecessarily kill the tiny populations of wildlife that remain in our country. With the lack of biodiversity, our own species is at serious risk. Resources should be fed into protecting wild areas with provincial and national parks and promote the protection of our beautiful Canadian animal species. Protect the bears from humans, don't kill them!\n"
    },
    "41075": {
        "url": "/comment/41075",
        "comment": "Hi\nPlease do not implement the black bear hunt. It is unnecessary. To reduce encounters with the human population more effort should be put into ensuring food waste is not available. See the attached from the government of Ontario.\nThank you\nJeff\n"
    },
    "41079": {
        "url": "/comment/41079",
        "comment": "The Spring Bear Hunt should be discontinued.\nIt is too long of a hunt, and cruel and inhumane. Baiting and hunting dogs should not be allowed. While it may not be illegal, it defies the spirit of the new Provincial Animal Welfare Services Act in terms of allowing cruelty (both physical and psychological harm) to the animals.\nCubs spend about 18 months with their mother .... it's very likely that sows are taken and these tiny cubs are left to starve to death.\n.\nThe Ontario Government needs to hire more people for enforcement, this province needs more Conservation Officers. Bears do occasionally prey on moose calves, although it's not common. Best way to reduce human/bear conflicts is to manage people by making them manage their waste by putting it to the curb the morning of garbage collection and not the night before.\nWe are not in the dark ages. We do not need such a cruel hunt that inflicts pain and suffering on thousands of animals just because 'we can'. I do not oppose subsistence hunting, but this sport hunting needs to end.\nI urge the provincial government to STOP this hunt.\n"
    },
    "41084": {
        "url": "/comment/41084",
        "comment": "I do not understand why on earth any one of us humans would still be allowing this hunt of bears to be happening while the bears have their babies on their side this time of the year it's terrible. Bears and wolves get a bad end of the stick in this World and there is really no reason for that except what humans think should be done. Us humans are taking away way to much of wildlife habitat that they have no other choice but to come in contact with us we throw garbage outside just attracting them we should be ashamed of ourselves. Then we have our roads which kill how many bears and Cubs and other animals it's sad really. We where put on this earth to live together not to destroy and kill what ever we want. Our wildlife is suffering terribly and along with our sea life and we desperately need to Change the way we live here on earth. We waste more meat and vegetables than anything because of GREED for that almighty dollar.\n"
    },
    "41086": {
        "url": "/comment/41086",
        "comment": "I have seen the explosion in bear population since the cancellation of the spring bear hunt. We see cow moose with no calves and deer with no fawns.  The bears have become so plentiful they are moving further and further south and in to civilization.\nBears were here first but they have always been apart of the food chain. I believe this will help keep a healthy population of bears and allow some of their prey to rebound.\nNot every Hunter gets to harvest - but they do spend money and encourage economic growth.  The enjoyment is being out in nature with friends and family and if successful, great! If not it's still about being together.\nAll in favour of the spring bear hunt. Thank you\n"
    },
    "41089": {
        "url": "/comment/41089",
        "comment": "Why must there be a bear hunt at all ? No one is hunting for food, merely the bloodlust.\nDeclining populations from man's interference ie; destruction of habitat, is bad enough without murdering bears, worse; bears that have young cubs, leaving orphans to starve to death.\nBaiting is absolutely inhumane yet, how many still do it because they know, they can get away with this abhorrent practice, with no repercussions.\nTourism dollars seem to matter far more than ethics. Bring in those offshore bucks.... sadly, at any cost to the environment.\nChief Dan George said \"If you talk with the animals, they will talk with you, and you will know each other. If you do not talk with them, you will not know them and what you do not know, you fear. When one fears, one destroys\". Unfortunately, he was correct and mankind is not so slowly wiping out precious flora and fauna in the fragile ecosystems and environment in this great province of Ontario.\nShameful.\n"
    }
}