{
    "44896": {
        "url": "/comment/44896",
        "comment": "I am opposed to the spring beat hunt because it leaves cubs to starve and the rules against killing females and mothers are unenforceable. I don\u2019t want people baiting bears so they can shoot them especially people coming from other areas. This is cruel and doesn\u2019t help conservation or wildlife management. Please discontinue the spring near hunt.\n"
    },
    "44897": {
        "url": "/comment/44897",
        "comment": "Stop the spring bear hunt.\nThere is no cultural or economic justification for allowing hunters to lure hungry black bears using bait and shoot these unsuspecting animals for sport.\nThe government\u2019s strongest argument in favour of permanently reinstating the spring bear hunt is that it will provide certainty to hunters and tourist outfitters. Given the disastrous consequences of the hunt for bears and cubs across the province, a desire for certainty is hardly a justification. Certainty would best be achieved by permanently cancelling this cruel and unnecessary killing game, instead of bowing to the powerful hunting lobby instead.\n"
    },
    "44901": {
        "url": "/comment/44901",
        "comment": "It is barbaric to hunt and kill black bears just coming out of hibernation. The cubs have a right to live. The mother has been asleep all winter and has the right to replenish, and the care for her cubs. Upon awakening from hibernation, this is her only chance to teach the cubs how to survive. Let them be. Unless needed for food and fur by First Nations People, please let them be.\nThey are creatures of rare beauty and strength.\nThe encroachment by Humans is a greater threat. Keep Humans away from bears. The bears have the right to Live on the Land too.\n"
    },
    "44902": {
        "url": "/comment/44902",
        "comment": "This is a shameful practice. There is no need to open the timeline to allow hunters to hunt when there is the possibility of a mother bear being killed. Does not make us appear like a responsible humane province and sends an awful message to kids.\nAs for hunters being able to tell if a bear is pregnant or nursing? Unlikely.\nLight sources are dim or non existant for much of hunting and brush can easily obscure telltale signs.\nHunters have enough safer times to hunt!\n"
    },
    "44903": {
        "url": "/comment/44903",
        "comment": "Why are we spending government resources on this? Leave the bears alone. There is no human conflict, they want to give us as wide a berth as possible. Nature manages itself and does not need our intervention. 100% of the time, doing so has been a bad idea. Whether it\u2019s culling wolves or depleting the moose population. Preserve, and protect. Don\u2019t bend to the pressure of these cruel and infantile practices. The bears are baited it\u2019s not even a sport.\n"
    },
    "44905": {
        "url": "/comment/44905",
        "comment": "The hunting of bears for the most part is for fun not for food as very few people actually eat bear meat these days.  I have heard of it from some of my native friends but otherwise not.  So this is an unnecessary and cruel \"hobby\" that should be banned completely.  The regulations speak of the hunting of cubs and females with cubs as being banned but at some point a female will make short trips away from her cubs.  How are hunters able to determine if she has a cub at that time?  We all know that they can't and therefore there are many orphaned cubs left behind who, if they are very lucky, get rescued and rehabbed at the tax payers expense or with public donations ( again at the tax payers expense because who is it making those donations?).  Also, how does whoever created these regulations think that baby bears get made?  I'll explain it, it takes a mommy bear and a daddy bear.  So where is the sense in allowing any bears, male or female, being hunted for their skins, fur or someones big hunter ego?\n"
    },
    "44907": {
        "url": "/comment/44907",
        "comment": "Bear hunting in Ontario is not an ethical practice.  Hungry bears are trained to eat from baited sites and once trained killed for showing up for a free meal.  NOT ETHICAL!  This is not hunting...\nBoth seasons occur when bears are either emerging hungry from hibernation or later as bears prepare for hibernation.  Again NOT ETHICAL!\nHunters especially US Hunters shoot first and ask questions later.  Young bears are shot, sows are shot leaving orphan bears.  Again NOT ETHICAL!\nThere is more tourism value to viewing live animals that murdering hungry animals who have been trained to feed from baits.\nDO NOT SUPPORT THIS in the 21st Century!\n"
    },
    "44909": {
        "url": "/comment/44909",
        "comment": "NOTE: Online comment form does not allow for footnotes. Please see signed PDF version of comments submitted by email.\nFebruary 18, 2020\nPublic Input Coordinator\nSpecies Conservation Policy Branch - Wildlife Section\n300 Water Street\n5th Floor, North tower\nPeterborough, ON     K9J 3C7\nVia email and online comment\nTo Whom it May Concern:\nRe: \u201cProposed changes to black bear hunting regulations\u201d (ERO No. 019-1112)\nPlease accept these comments on behalf of Animal Justice Canada in response to the above-noted posting on the Environmental Registry of Ontario (\u201cERO\u201d).\nAnimal Justice is deeply concerned about this proposal to permanently reinstate the spring black bear hunt.  As set out below, the proposal will cause serious harm to black bears across the province, including females and young cubs in particular.  The government has provided very little justification for the proposal. The ERO posting speculates that it may have positive economic consequences, but sets out no scientific or ethical justification for allowing hunters, including an increasing number of non-resident hunters, to bait hungry bears as they emerge from hibernation, shooting them over bait piles and potentially orphaning their cubs.\nThe proposed amendments to Ontario Regulation 665/98 (Hunting) and Ontario Regulation 670/98 (Open Seasons-Wildlife) under the Fish and Wildlife Conservation Act will not improve human safety.  They are a huge moral step backward, given that the spring bear hunt was cancelled in 1999 to prevent orphaning cubs, saving the lives of thousands of bears.  Neither of the two pilot projects implemented since then have demonstrated any basis to believe reinstating the hunt is in the public interest. Bringing back the spring bear hunt would be contrary to the mandate of the Ministry of Natural Resources and Forestry (\u201cMinistry\u201d), which is to protect Ontario\u2019s rich biodiversity, not to make it easier to kill vulnerable bears in an effort to appease hunters.\nI.\tAbout Animal Justice\nAnimal Justice is Canada\u2019s only not for profit organization focused on using the law to protect animals.  Animal Justice has tens of thousands of supporters and donors from communities across Canada.\nAnimal Justice works to prevent cruelty to animals by going to court to enforce existing laws, encouraging all levels of government to strengthen legal protections for animals, and educating the public on animal practices.  A key focus of Animal Justice\u2019s work is addressing threats to wild animals, including habitat loss and hunting.\nWhen the previous government proposed to introduce spring bear hunt pilot projects in 2014 and 2016, Animal Justice  and hundreds of other non-governmental organizations and private citizens wrote to the government demanding that the proposals be withdrawn.\nII.\tCertainty for tourist outfitters does not justify an unethical hunt\nDuring the spring bear hunt, hunters bait hungry black bears as they emerge from a winter without food, shooting them at bait sites. Females who have recently given birth are particularly attracted to bait, given that they emerge from their dens in worse body condition than other bears,  having lost up to 40% of their body weight.\nA. The spring bear hunt does not reduce human-bear conflict\nIn the past, the main argument advanced in favour of the spring bear hunt was the need to reduce human-bear conflict.  In 2003, the Ministry established the Nuisance Bear Review Committee to undertake an independent assessment of the spring hunt on \u201cnuisance bear activity\u201d.  The Committee found no evidence that the spring bear hunt reduced human-bear conflict.   This is consistent with other scientific studies that have demonstrated that the spring bear hunt does not improve human safety.\nThe main causes of human-bear interactions are easy access to garbage, barbecues, and other easily removable attractants, as well as scarcity in the availability of natural food, such as berries and nuts.  Indeed, baiting bears can increase the number of \u201cnuisance\u201d bear incidents.\nDespite the Ministry\u2019s own findings that the spring bear hunt did not reduce human-bear conflict, in 2014 and 2016 it implemented spring bear hunt pilot programs to assess the impact of the hunt on human-bear conflict.  Although the results of these two pilot projects would presumably be relevant to deciding whether or not to make the spring bear hunt permanent, the Ministry does not mention these studies in its ERO posting, nor did it release the results.\nPresumably the government has now abandoned the unscientific argument that the spring bear hunt will improve human safety.\nB.\tFemales, including nursing mothers, are killed during the spring bear hunt\nOntario prohibits the killing of black bear cubs.  To prevent cubs being orphaned when their nursing mothers are killed in the spring, Ontario also prohibits the killing of females accompanied by cubs.  However, this prohibition is ineffective. Mother bears often leave their cubs in nearby trees or elsewhere as they forage, meaning that there is a good chance that cubs will not be in sight as their mother approaches a bait site, only to be shot by waiting hunters.  Without the presence of cubs, it is difficult for hunters to distinguish between mothers and other bears.\nFemales are, and will continue to be, killed during the spring bear hunt.   Approximately 70 percent of orphaned cubs die before they reach one year of age.  These cubs either starve to death or are killed by other predators.\nC.\tRisks to black bear populations\nBlack bears are known for their low reproduction rates, making the survival of adult females, who reach sexual maturity late in life and have few offspring, particularly important for the species.  The species\u2019s low reproductive rates also means that orphaning cubs is a particularly serious threat to the black bear population. As noted above, female black bears are and will continue to be killed during the spring bear hunt.  The consequences of permanently reinstating the spring bear hunt could be significant for black bear populations.\nIn its 2003 report, the Nuisance Bear Review Committee recommended that any future spring bear hunt in Ontario be a male-only hunt in order to protect the critical adult female component of the black bear population.  In its ERO posting, the Ministry has provided no scientific or ethical justification for the potentially significant adverse effects of its proposal on the black bear population, including in the form of orphaned cubs.\nIn its ERO posting, Ontario notes the need to reduce black bear hunting on the Saugeen-Bruce Peninsula due to serious conservation concerns, yet it is still proposing to allow hunting and trapping of these animals for one week each spring.  We urge the government to act in accordance with its public trust duty, as well the precautionary principle of international and domestic environmental law, and ban the hunting of black bears on the Saugeen-Bruce Peninsula.\nD.\tEco-tourism opportunities\nThe Ministry\u2019s ERO posting states that the economic impact of this proposal is expected to be neutral or positive, but it provides no evidence in support of this claim.  The posting also fails to reference financial benefits associated with promoting eco-tourism and encouraging visitors to view and photograph, rather than shoot, these majestic animals.\nIII. \tBan the spring bear hunt\nThe spring bear hunt was banned in Ontario in 1999 in order to prevent the orphaning of cubs when their mothers are shot accidentally or illegally.  The hunt takes place at a time of vulnerability for bears emerging from months-long hibernation, during which they have lost a great deal of their body mass.  New mothers emerge from hibernation hungry, having lost even more body mass than other bears, and with young cubs to feed.\nThere is no cultural or economic justification for allowing hunters to lure hungry black bears using bait and shoot these unsuspecting animals for sport.  Re-instating the spring bear hunt will not lessen human-bear conflict. Rather than bringing back this unethical hunt, Animal Justice recommends that the Ministry invest in coexistence education programs, and work with northern communities to explore opportunities for ecotourism that shares the landscape with, and even benefits from, black bears in the wild rather than shooting them when they are at their most vulnerable.\nThe government\u2019s strongest argument in favour of permanently reinstating the spring bear hunt is that it will provide certainty to hunters and tourist outfitters. Given the disastrous consequences of the hunt for bears and cubs across the province, hunters\u2019 desire for certainty is not a scientifically or ethically sound justification.\nThe Government of Ontario should permanently cancel this cruel and unnecessary hunt and ban bear baiting across the province.  The Ministry\u2019s wildlife management policy should be driven by its duty to protect wildlife, not a desire to appease hunters.\nYours truly,\nKaitlyn Mitchell\nStaff Lawyer, Animal Justice\n647-746-8702/kmitchell@animaljustice.ca\n"
    },
    "44911": {
        "url": "/comment/44911",
        "comment": "In light of the fragile state of our environment and ecosystems in Ontario, Canada and worldwide, I urge you to make every effort to protect the black bear population and consider the negative impact of hunting, in any capacity, on the survival of a native species. There is no reason to interfere in the lifecycle or survival of Black Bears, particularly when hunting affects mothers and their young. As responsible and educated global citizens, we should be making every effort to protect animals and our environment. Let Canada be a leader in conservation. Let us look beyond the selfish pursuit of our own desires, and create a sustainable future for ourselves and our environment. It starts with efforts like this. Do not allow the hunt of Black Bears.\n"
    },
    "44917": {
        "url": "/comment/44917",
        "comment": "Tuesday February 18th  2020\nMY RESPONSE TO EBO POSTING # 019-1112\n>>With regard to the Proposal to implement a regular spring black bear season.\nI think it\u2019s a long overdue decision that will help the local tourist economy, bear outfitters as well as the general public that have been plagued by nuisance bears the past two and a half decades. I\u2019m all for it. Thank you.\n>>With regard to the Proposal to address Bruce Peninsula black bear population concerns.\n What I have heard was there was next to no public information put forth on this subject in their area.\nMy recommendation for this part of the EBO 019-1112 would be put it on hold and have some local open houses and then consider it in another EBO along with other changes regarding bears.\n>>With regard to the Proposal to Updates to black bear regulations to improve fairness.\n1. With regard to Non-Resident property owners not being allowed to hunt without the services of an Outfitter.\n Why on earth would you restrict Non-Resident Ontario Property owners? The property taxes they pay is the same rates as Ontario property owners. They also have higher transfer taxes then residents.\nOntario taxes are high with mill rates in Northern Ontario of 0.17 and up as high as 2.18 in some jurisdictions. Its only the property owner that can get a form 33 from the MNRF to hunt in that specific WMU not all his friends or relatives.\nAs near as I can come up with an amount of non-residents that make use of this is under 100 in the entire province of Ontario. That\u2019s not a very significant amount to harm the bear population.\nWhat is the plan to give less than 100 forms 33\u2019s to over 2000 Licensed BMA holders? That\u2019s less than 0.05 form each! Not near enough of a significant plus to offset the negative impact of Property Owners rites and privileges.\nGive the non-resident property owners a fair shake for their tax dollars and don\u2019t delete this insignificant item. Thanks\n2. With regard to individuals or businesses having to have a \u201cLicense to Provide Black Bear Hunting Services\u201d to provide guiding services to residents within a Bear Management Area.\nI think it\u2019s a long overdue change that will increase the fairness for all concerned. It will resolve conflict between Licensed BMA holders and unlicensed folks that probably don\u2019t even pay any income taxes on their business ventures. This is a win win situation for everyone. Thank you.\n>>There is another Major Concern I have as a Licensed BMA holder and that is the re-allocation of Vacant and Dormant BMA\u2019s.\nThe MNRF has not made any available in the Sudbury/Espanola District for over 15 years. My friends and partners have tried numerous times to get additional area where the BMA\u2019s have become inactive to increase my hunting area as well as help alleviate the Local Nuisance Bear problem to no avail. Then it was said there is a moratorium until the pilot spring hunt is ended. Now is the time to do something about it. Perhaps the old application system should be revised some what and I would be glad to provide input into that phase of it.\n These dormant properties are hindering established BMA holders from expanding as well as losing the tax payers of this Province income that could be well used by the MNRF with its limited funds. This needs to be addressed forthwith.\n>>One other Major Concern I have is the method of issuing of Form 33\u2019s. over the life and History of the BMA creation there was no limit on the amount of form 33 allocation until the Province wide spring bear pilot project. There was one exception and that was in the Chapleau District and it worked well. Where rather than restricting the form 33\u2019s they restricted the number of bears harvested. A very sensible solution. Follow ups in 2016 with telephone chats with the folks in Chapleau MNRF on this matter and they said their system worked well from both an enforcement and a sustainable harvest view.\nIf you remember when the Spring hunt was canceled in January of 1999 the Outfitters (BMA holders) were given a token compensation based on the number of form 33\u2019s they had used in 1998. This seems to have carried over to 2016 when the form 33\u2019s given to BMA holders were an average of what they had used the previous 3 years with no regard to earlier years at all. This was a band aid that did not and does not work well.\nThis whole process needs to be rethought and some serious effort be given to make the rite decisions. One important factor that has never been used is the experience of long time bear outfitters that goes way back to before the introduction of BMA\u2019s and that is the knowledge that these folks can share.\nThere are many outfitters with experience that predates the 1999 Spring hunt cancellation that would be willing to share.\nYou are seriously hindering the tourism industry by limiting the form 33\u2019s rather than limiting the harvest ratio. I figure if you have say 20 form 33\u2019s then you can harvest 20 bears. If your normal success rate it about 30% then why would you not be allowed 60 form 33\u2019s of if you did the calculation it would be 66.66 forms or 67. Chapleau sure had the rite idea and it worked well so the wheel does not entirely have to be reinvented.\nThank you very much.\n"
    },
    "44918": {
        "url": "/comment/44918",
        "comment": "Please reconsider this proposal.\n1.   The economical argument is weak.  Revenue for this type of  work is in decline.I find it difficult to understand what kind of person really  wants to kill a mother bear leaving her cubs to starve.  Reproduction for this species is not  easy.  For those who make a living guiding foreigners to kill I would ask you to catch up to the times and realize that this is a marginal cottage industry you will endanger the species  why not take peole to observe animals not kill them.  We are not in a 3rd world  country\n  this is Canada!\n2 As for difficult human- bear encounters. Is it not common sense to learn about the animals we may encounter around us and how to behave in their presence if we venture out of urban areas?\nThis  is cruel and morally wrong. Please I beg you to reconsider.\nan Ontario Naturalist\n"
    },
    "44919": {
        "url": "/comment/44919",
        "comment": "A proposal to do anything but completely ban the spring bear hunt is completely unacceptable to me.  The spring bear hunt is simply cruel and senseless.  The potential to leave orphaned bears to starve is an unacceptable consequence.  Allowing hunters to bait bears any time let alone in the spring is unfair and most certainly unsportsmanlike.  Good policy is good government.  You need to do better than this.\n"
    },
    "44921": {
        "url": "/comment/44921",
        "comment": "Black bear hunting results in orphaned cubs, period. Spring and Fall hunts. Few hunters can tell the difference between male and female bears, even with training. And cubs do not always follow close to mom. A mother bear may stash her cubs in a tree while out foraging, bold cubs may lag behind her. Already Ontario has a high volume of orphaned cubs. Both the fall and spring hunts need to end. Your bears are more valuable alive than dead. They bring tourists to Ontario and they provide ecological services that are needed by both the environment and the humans that dwell in it.  Stop the bear hunt entirely, do not consider expanding it.\nI doubt that the majority of voices that want the hunt to end will be heard. And so if this is the case and the minority wins again, then please increase the fines for killing a female bear substantially. Ensure that money gets directed to the Bear rehab facilities to take care of the increase of orphans that is sure to come.\n"
    },
    "44922": {
        "url": "/comment/44922",
        "comment": "I support the reinstatement of the spring bear hunt full time.\nOntario has a healthy black bear population and it is widely recognized that the spring bear hunt is a useful tool in the management of them.\nI also support a complete review of allocation of all bear harvest to BMA holders across Ontario.\n"
    }
}