{
    "44448": {
        "url": "/comment/44448",
        "comment": "Please close down the spring bear hunt\n*All bears in spring are vulnerable, and easy targets, after long hibernation and weight loss\n*A 2008 study showed conclusively that hunters can\u2019t distinguish gender even at a stand-up bait stations, experience made no difference, and they shoot anyway. Mothers often stash cubs while they forage or visit hunter bait stations so a lone bears is no clue. Hunters also cannot distinguish between a new cub and a yearling.\n*Most orphaned cubs die from starvation or predation\n*Hunting does not reduce rare episodes of human/bear conflict, it takes place far from communities where issues may arise, and kills bears randomly\n*Bears are in decline in regional areas, a critical factor is survival of mothers,  and all population counts are estimates\n*Increased poaching is additional threat and is facilitated by legal hunt season\n*Spring hunts for American trophy hunters who are guaranteed trophy and a free trip next time, an indication of the success rate with hungry bears and bait stations\n"
    },
    "44451": {
        "url": "/comment/44451",
        "comment": "I don't see why this is acceptable. This isn't bear hunting, it's gunning down bears. In 1999 these \"hunts\" were banned because mother bears were killed leaving cubs alone to die. What has changed since then?\nPlease don't regress to that time.\nIf the reason for the hunt is to limit human/bear interactions there are measures that are way more effective.\nIf this goes through it will only show that the hunting lobby is very powerful.\n"
    },
    "44453": {
        "url": "/comment/44453",
        "comment": "I remember when the spring bear hunt w as abolished. It was one of the more progressive moves by an Ontario government. There is no scientific or other basis to reimplement this hunt, other than lobbying by a special interest group. There are so many threats to wildlife - there is no need to put in place another that has no rational basis.\n"
    },
    "44455": {
        "url": "/comment/44455",
        "comment": "As an Ontarian, I am deeply opposed to permanently bring back the spring bear hunt.  Hunting bears doesn\u2019t improve human safety.  Stopping human-bear conflict is achieved by removing access to garbage, barbeques, and other attractants.  On the issue of bear cubs, they will continue to be orphaned because mother bears often leave their cubs in trees when searching for food. If a mother is killed, her cubs will likely die slowly of starvation or be eaten by predators.\nBears have low reproduction rates, meaning the survival of adult females is vital for the species.  The government has disclosed a need to reduce black bear hunting in Saugeen-Bruce Peninsula due to population concerns, yet it is simultaneously proposing to allow the hunting and trapping of these bears in that region for one week each spring. This is irresponsible.  Even the economic argument for allowing the hunt is weak. The government has said the economic impact would be neutral or positive, but has provided no evidence to support this claim.\nIt is clear that the many issues listed above make the spring bear hunt the wrong thing to do for the species and our community.  I would rather your efforts be directed to researching and educating the public on how to co-exist peacefully with bears... not how to encourage violence and suffering.  Thank you for your time and consideration.\n"
    },
    "44456": {
        "url": "/comment/44456",
        "comment": "As an Ontarian who cherishes wildlife, I urge Ontario legislators to CANCEL the Spring Bear Hunt completely, and to NOT EXPAND the pilot project instituted by previous Liberal governments.\nLike most Ontarians, I neither hunt nor support sport hunting.  Like most Ontarians, I want our public lands to be free of violence.\nI urge Ontario Progressive Conservative Party legislators to follow the example provided by former Premier Mike Harris and Minister John Snobelen, when they courageously resisted pressure from hunting lobbyists, a group that does not represent the majority of Ontarians.\nOur province can develop a better tourism plan than inviting non-resident sport hunters who enjoy killing innocent animals, onto our mutually owned public lands.  Ontario\u2019s forests belong to all of us, not just to the businesses that profit from violence against wild animals.\nPlease do the right thing for Ontario and cancel the bear hunt.\n"
    },
    "44458": {
        "url": "/comment/44458",
        "comment": "I urge Ontario legislators to cancel the Spring Bear Hunt completely, and to not expand the pilot project instituted by previous Liberal governments. Please, do not follow the misguided plan laid out by previous governments led by another party. And, please note that even though the previous government callously expanded the Spring Bear Hunt pilot project, they still lost power.\nWhen governments do too much to satisfy lobbyists, like those that promote pro-hunting commercial interests, it\u2019s no guarantee that they will win or keep power. Most Ontarians do not hunt, nor do they support sport hunting. Most Ontarians want our public lands to be free of violence.\nI urge Ontario Progressive Conservative Party legislators to follow the example provided by former Premier Mike Harris and Minister John Snobelen, when they courageously resisted pressure from hunting lobbyists, a group that does not represent the majority of Ontarians.\nGovernmental support for sport hunting might gain votes in some ridings, but will surely lose voters\u2019 support in other ridings of Ontario.\nA modern province can develop a better tourism plan than inviting non-resident sport hunters who enjoy killing wildlife, animals who have little hope of escape, onto our mutually owned public lands. Ontario\u2019s forests belong to all of us, not just to the businesses that profit from violence against wild animals.\n"
    },
    "44459": {
        "url": "/comment/44459",
        "comment": "Although I am no longer an Ontario resident - at present - I still have an interest in the hunting regulations and am dismayed that the spring bear hunt may become permanent in Ontario (including\nthe Bruce Peninsula).\nAs a member of the South Okanagan Sportsmen's Association I have always opposed the spring bear\nhunt as it goes against all the principles of conservation of wildlife that we have pledged to support.\nMany hunters still shoot females who have cubs, resulting in many unnecessary deaths. I understand\nthat one of the reasons for the bear hunt is to address the concerns of the local (human) population.\nWe too have bear/human conflicts in British Columbia but this was reduced by 95% when the residents were not allowed to leave garbage outside overnight.\nI hope that in the interest of conservation you will eliminate, or severely reduce, the spring bear hunt. Particularly since bear cubs are most vulnerable at this time of year.\n"
    },
    "44460": {
        "url": "/comment/44460",
        "comment": "I sincerely urge you to end the spring bear hunt.\nThere is nothing virtuous about taking joy in needlessly killing and innocent animal minding its own business. What a barbaric practice!\nPlease note: Bear cubs will continue to be orphaned if the hunt becomes permanent. While it\u2019s currently against the law to kill cubs and mother bears accompanied by cubs, mother bears often leave their cubs in trees when searching for food. If a mother is killed, her cubs will likely die slowly of starvation or be eaten by predators.\nHunting bears doesn\u2019t improve human safety. Stopping human-bear conflict is achieved by removing access to garbage, barbeques, and other attractants.\nBears have low reproduction rates, meaning the survival of adult females is vital for the species.\nThe government has disclosed a need to reduce black bear hunting in Saugeen-Bruce Peninsula due to population concerns, yet it is simultaneously proposing to allow the hunting and trapping of these bears in that region for one week each spring. This is irresponsible.\nEven the economic argument for allowing the hunt is weak. The government has said the economic impact would be neutral or positive, but has provided no evidence to support this claim.\nPlease, do whatever you can to end the abomination that is the spring bear hunt!\nSigned,\nA.F.\nToronto, Ontario\n"
    },
    "44462": {
        "url": "/comment/44462",
        "comment": "Hunting bears doesn\u2019t improve human safety. Stopping human-bear conflict is achieved by removing access to garbage, barbeques, and other attractants.\nfemales is vital for the species.\nThe government has disclosed a need to reduce black bear hunting in Saugeen-Bruce Peninsula due to population concerns, yet it is simultaneously proposing to allow the hunting and trapping of these bears in that region for one week each spring. This is irresponsible.\n"
    },
    "44463": {
        "url": "/comment/44463",
        "comment": "Please suspend the spring bear hunt for ever as it is unnecessary, not in keeping with science and utterly inhumane as it leaves bear cubs to starve. It is horrible to let any being die like that and for what: for the lust to kill.  Listening to the  hunter lobby is  akin  to listening to the gun lobby. we don\u2018t need hunting and when it is needed it should be done by professionals and not by drunken idiots and poorly trained and poorly skilled shots.\nRegulations in this province and this country about hunting are way to lax and not reinforced at all. I see hunters breaking the law all the time, by shooting from their vehicles, drinking Alkohol, and by hunting outside hunting season. There is not sufficient oversight.  I doubt that they all have hunting licenses. I find carcasses near roads that had only the heads removed. A bear was killed last year in my neighbourhood. This bear had been around for a while and was not a nuisance bear. An excited neighbour and hunter saw him and shot him. Story for the Ministry of Natural Resources was that the bear climbed up the ladder to his stand. Story he told in the neighbourhood was that he killed it because he could.\n"
    },
    "44465": {
        "url": "/comment/44465",
        "comment": "Bear cubs will continue to be orphaned if the hunt becomes permanent. While it\u2019s currently against the law to kill cubs and mother bears accompanied by cubs, mother bears often leave their cubs in trees when searching for food. If a mother is killed, her cubs will likely die slowly of starvation or be eaten by predators.\nHunting bears doesn\u2019t improve human safety. Stopping human-bear conflict is achieved by removing access to garbage, barbeques, and other attractants.\nBears have low reproduction rates, meaning the survival of adult females is vital for the species. Humans need to learn how to live healthily alongside their wildlife.\nThe government has disclosed a need to reduce black bear hunting in Saugeen-Bruce Peninsula due to population concerns, yet it is simultaneously proposing to allow the hunting and trapping of these bears in that region for one week each spring. This is irresponsible.\nEven the economic argument for allowing the hunt is weak. The government has said the economic impact would be neutral or positive, but has provided no evidence to support this claim.\nHunting is dated and not useful in any natural ecosystem when natural predators are allowed to roam. We need to have conscious hobbies that protect our environment over primitive ones that cause harm and disruption. Please be more responsible moving forward.\n"
    },
    "44468": {
        "url": "/comment/44468",
        "comment": "I sincerely urge you to end the spring bear hunt.\nThere is nothing virtuous about taking joy in needlessly killing and innocent animal minding its own business. What a barbaric practice!\nPlease note: Bear cubs will continue to be orphaned if the hunt becomes permanent. While it\u2019s currently against the law to kill cubs and mother bears accompanied by cubs, mother bears often leave their cubs in trees when searching for food. If a mother is killed, her cubs will likely die slowly of starvation or be eaten by predators.\nHunting bears doesn\u2019t improve human safety. Stopping human-bear conflict is achieved by removing access to garbage, barbeques, and other attractants.\nBears have low reproduction rates, meaning the survival of adult females is vital for the species.\nThe government has disclosed a need to reduce black bear hunting in Saugeen-Bruce Peninsula due to population concerns, yet it is simultaneously proposing to allow the hunting and trapping of these bears in that region for one week each spring. This is irresponsible.\nEven the economic argument for allowing the hunt is weak. The government has said the economic impact would be neutral or positive, but has provided no evidence to support this claim.\nPlease, do whatever you can to end the abomination that is the spring bear hunt!\n"
    },
    "44469": {
        "url": "/comment/44469",
        "comment": "I sincerely urge you to end the spring bear hunt.\nThere is nothing virtuous about taking joy in needlessly killing and innocent animal minding its own business. What a barbaric practice!\nPlease note: Bear cubs will continue to be orphaned if the hunt becomes permanent. While it\u2019s currently against the law to kill cubs and mother bears accompanied by cubs, mother bears often leave their cubs in trees when searching for food. If a mother is killed, her cubs will likely die slowly of starvation or be eaten by predators.\nHunting bears doesn\u2019t improve human safety. Stopping human-bear conflict is achieved by removing access to garbage, barbeques, and other attractants.\nBears have low reproduction rates, meaning the survival of adult females is vital for the species.\nThe government has disclosed a need to reduce black bear hunting in Saugeen-Bruce Peninsula due to population concerns, yet it is simultaneously proposing to allow the hunting and trapping of these bears in that region for one week each spring. This is irresponsible.\nEven the economic argument for allowing the hunt is weak. The government has said the economic impact would be neutral or positive, but has provided no evidence to support this claim.\nPlease, do whatever you can to end the abomination that is the spring bear hunt!\nSincerely,\nExtremely concerned Ontario citizen.\n"
    },
    "44470": {
        "url": "/comment/44470",
        "comment": "As an owner and operator of Cobb Bay Lodge Inc. I would like to voice my support for extending the spring bear hunt, forbidding bear cub and sow with cub harvest, and requiring individuals to have a license to provide bear hunting services in order to guide. All of these support our tourism industry and the ethical management of bear populations.\n"
    },
    "44471": {
        "url": "/comment/44471",
        "comment": "As an owner and operator of Cobb Bay Lodge Inc. I would like to voice my support for extending the spring bear hunt, forbidding bear cub and sow with cub harvest, and requiring individuals to have a license to provide bear hunting services in order to guide. All of these support our tourism industry and the ethical management of bear populations.\n"
    }
}