{
    "42259": {
        "url": "/comment/42259",
        "comment": "I urge Ontario legislators to cancel the Spring Bear Hunt completely, and to not extend and expand the pilot project instituted by the previous Liberal government. Please, do not follow the wrong-headed and callous plan laid out by a previous government led by another party. And, please note that even though the previous government callously instituted the Spring Bear Hunt pilot project that they still lost power.\nWhen governments do so much to satisfy lobbyists that represent small groups of Ontarians, like pro-hunting lobbyists, it's no guarantee that they will win power. Most Ontarians do not hunt, nor do they support sport hunting.\nI urge Ontario Progressive Conservative Party legislators to follow the example provided by former Premier Mike Harris and Minister John Snobelen, when they showed the courage to resist pressure from  special interest lobbyists, a group that does not represent the majority of Ontarians.\nGovernment's support for sport hunting might gain votes in some rural ridings, but is likely to lose support in other key ridings of our province.\nSurely a modern province can develop a better tourism plan than inviting in sport hunters who enjoy killing beings who have little hope of escape. Ontario's forests belong to all of us, and not just to the businesses who profit from violence against wild animals.\n"
    },
    "42263": {
        "url": "/comment/42263",
        "comment": "Dear,\nWhy on earth would you bring back this hunt?! In the spring hunt, slow-moving mother bears who have just emerged from hibernation are easily targeted often leaving orphan cubs as collateral damage. Is that the kind of society we want to be? Lazily and cowardly shooting bears, leaving orphans behind? It is humans who are in their way - not the other way we around. We need to respect nature and all it's beautiful creatures by leaving them alone. This hunt is SO unnecessary, cruel and NOT what we should be focusing on in this time of climate crisis. We should be focusing on environmentalism, on what we can do to help support nature & animals. Killing harmless and defenseless animals is definitely NOT the way forward. We need to live with nature in harmony - we are not better than animals. A life is a life is a life. Be compassionate. And if you really feel like killing something - go to a shooting range or join an MMA gym to get rid of all that anger. Don't take it out on animals, let's all become better human beings and take care of each other and our beautiful planet with its beautiful animals.\nThank you.\n"
    },
    "42265": {
        "url": "/comment/42265",
        "comment": "I do not hunt because I am getting too old for that.  I appreciate the spring bear hunt because it has cut down the number of bear raiding me apple trees. I used to get bears coming on my deck and breaking the branches.  Last fall was the first time that it didn't happen.  I do appreciate that.  I do live in the City of Thunder Bay.\n"
    },
    "42268": {
        "url": "/comment/42268",
        "comment": "Please get rid of the spring bear hunt. We do not need Americans with guns roaming around hunting bears. This is a small tourism niche that only benefits a few at the expense of hunting an animal for sport, in an unsportman like way. I suspect that those who are pushing for this are the ones who will financially benefit the most, while most citizens in the areas being hunted will not.\n"
    },
    "42273": {
        "url": "/comment/42273",
        "comment": "I strongly oppose the spring bear hunt. Hunting bears is cruel, unnecessary and should not be allowed. Countless bear cubs will be orphaned and will perish as a result.\nThe use of hounds/dogs to chase, tree and/or otherwise harass bears should be immediately halted.\nThe government must make an acknowledgement that a spring bear hunt is not about community safety as originally stated in 2014 in the face of their own evidence showing it does not impact human conflict with bears; education and enforcement of human behaviour, attractants and feeding will have the greatest impact on mitigating and preventing conflict.\nIt is the bear hunters themselves who endanger the public by hunting where recreationalists want to enjoy the outdoors in a safe and gun-free environment.\n"
    },
    "42277": {
        "url": "/comment/42277",
        "comment": "Highway 400 creates a natural barrier between the Georgian Bay shoreline (GBS) and the interior to the east of the 400 and is mostly WMU 46. Deer and Bear are for the most part confined to WMU 46 because of this natural barrier of the 400. Given this narrow band, I don't think the population density is as high as the ministry thinks. As a longtime seasonal resident of Georgian Bay, all I can offer is anecdotal input to say the deer and bear population is declining - I don't have any scientific evidence to support this hypothesis other than 50 years of observation.\nI do not support re-establishing the permanent spring hunt and I think the Fall hunt is far too long in duration. There is already enough pressure on the population as it is from human penetration into their natural areas. It is a compounding issue - more pressure means less offspring.\n"
    }
}