{
    "44186": {
        "url": "/comment/44186",
        "comment": "Allowing the hunting of black bears is needlessly cruel. Mother black Bears will inevitably be shot, leaving their orphaned cubs to starve to death.\nThere is no need to hunt black bears for food and people who find hunting bears fun can get their pleasure in other ways that don't harm animals. Such as nature photography, shooting pictures of bears, instead of shooting them.\n"
    },
    "44187": {
        "url": "/comment/44187",
        "comment": "I am vehemently opposed to bringing back the spring bear hunt.  The province outlawed the spring bear hunt in 1999 because bear cubs were being orphaned after their mothers were shot to death. After re-introducing spring bear hunt pilot projects in 2014 and 2016, you are now proposing to bring this cruel hunt back for good, all to appease the powerful hunting lobby.\nWe know the scene is sickening. Hungry black bears are baited with food, after they emerge from their dens after a long winter of hibernation. When they reach the bait, they are mercilessly gunned down.\nBears, like all wildlife, need our compassion and protection. It\u2019s unacceptable that my government is supporting the cruel and needless trophy hunting of bears.  Bear cubs will continue to be orphaned if the hunt becomes permanent. While it\u2019s currently against the law to kill cubs and mother bears accompanied by cubs, mother bears often leave their cubs in trees when searching for food. If a mother is killed, her cubs will likely die slowly of starvation or be eaten by predators.  Hunting bears doesn\u2019t improve human safety. Stopping human-bear conflict is achieved by removing access to garbage, barbeques, and other attractants. Bears have low reproduction rates, meaning the survival of adult females is vital for the species. You have disclosed a need to reduce black bear hunting in Saugeen-Bruce Peninsula due to population concerns, yet you are simultaneously proposing to allow the hunting and trapping of these bears in that region for one week each spring. This is irresponsible.\nEven your economic argument for allowing the hunt is weak. You have claimed that the economic impact would be neutral or positive, but you have provided no evidence to support this claim.\nI really want to live in a country that values all life and has compassion and empathy for all living things.  How can we expect our children to respect animals and nature if we don't model it for them???  You know there is link between animal cruelty and human violence.  Why are you ignoring this evidence to appease the hunting lobby????\nThank you ,\n"
    },
    "44188": {
        "url": "/comment/44188",
        "comment": "Continuing a Bear Hunt does not limit human/Bear interaction. Providing Bear Resistant Trash disposal and educating people does. A Bear\u2019s first line of defense is retreat and it is more by providing food sources such as baiting that will bring them into close contact with humans.\nKeeping dogs on a lead is another safety measure for the sake of both dog and Bear.\nI, for one, will discourage any Ontario tourism if the Bear Hunt continues. There is no data to support the horrific slaughter of these animals nor the many cubs that will be orphaned!\n"
    },
    "44189": {
        "url": "/comment/44189",
        "comment": "Please do not pass legislation to allow the bear hunt- we need to protect our wildlife, not allow it to be decimated by people who like to kill animals. Think of the baby bears that will starve because their mothers have been killed. This is barbaric, and should not be allowed. Hunting of the bears should be banned forever.\n"
    },
    "44190": {
        "url": "/comment/44190",
        "comment": "I urge you to prohibit the Bear Spring hunt because these animals are endangered species and need instead protection. Beside, Bear cubs will continue to be orphaned if the hunt becomes permanent. While it\u2019s currently against the law to kill cubs and mother bears accompanied by cubs, mother bears often leave their cubs in trees when searching for food. If a mother is killed, her cubs will likely die slowly of starvation or be eaten by predators.\n"
    },
    "44192": {
        "url": "/comment/44192",
        "comment": "Bear cubs will continue to be orphaned if the hunt becomes permanent. While it\u2019s currently against the law to kill cubs and mother bears accompanied by cubs, mother bears often leave their cubs in trees when searching for food. If a mother is killed, her cubs will likely die slowly of starvation or be eaten by predators. \t\t\t\t\t\t\t\t\t\t\t\t\tHunting bears doesn\u2019t improve human safety. Stopping human-bear conflict is achieved by removing access to garbage, barbeques, and other attractants. \t\t\t\t\t\t\t\t\t\t\t\t\tBears have low reproduction rates, meaning the survival of adult females is vital for the species. \t\t\t\t\t\t\t\t\t\t\t\t\tThe government has disclosed a need to reduce black bear hunting in Saugeen-Bruce Peninsula due to population concerns, yet it is simultaneously proposing to allow the hunting and trapping of these bears in that region for one week each spring. This is irresponsible. \t\t\t\t\t\t\t\t\t\t\t\t\tEven the economic argument for allowing the hunt is weak. The government has said the economic impact would be neutral or positive, but has provided no evidence to support this claim.\n"
    },
    "44198": {
        "url": "/comment/44198",
        "comment": "Please, don't bring back the spring bear hunt!\nHunting bears doesn\u2019t improve human safety. Stopping human-bear conflict is achieved by removing access to garbage, barbeques, and other attractants.\nBears have low reproduction rates, meaning the survival of adult females is vital for the species.\n"
    },
    "44202": {
        "url": "/comment/44202",
        "comment": "I am personally not supportive of any changes to regulations along the Niagara Escarpment that would threaten biodiversity and, in this case, a sub-species of black bear that is unique to the Bruce Peninsula.\nAlthough these proposed changes do take into account the sensitivity of the Bruce Peninsula black bear population, they fall short of addressing the observed declines in this species. Allowing the continued hunt of black bears on the Bruce Peninsula is unsustainable and a detriment to local biodiversity.\nThank you\n"
    },
    "44205": {
        "url": "/comment/44205",
        "comment": "I urge Ontario legislators to COMPLETELY CANCEL  the Spring Bear Hunt!  And not expand the pilot project instituted by previous Liberal governments. Please, do not follow the misguided plan laid out by previous governments led by another party.\nMost Ontarians do not hunt, nor do they support sport hunting. Most Ontarians want our public lands to be free of violence.  Resisted pressure from hunting lobbyists, a group that does not represent the majority of Ontarians.\nGovernmental support for sport hunting might gain votes in some ridings, but will surely lose voters\u2019 support in other ridings of Ontario.\nA modern province can develop a better tourism plan than inviting non-resident sport hunters who enjoy killing wildlife, animals who have little hope of escape, onto our mutually owned public lands. Ontario\u2019s forests belong to all of us, not just to the businesses that profit from violence against wild animals.\n"
    },
    "44206": {
        "url": "/comment/44206",
        "comment": "There is no way that baiting hungry bears emerging from hibernation, is not just an excuse to fire guns, shoot warm targets and kill large creatures. Trophy hunting.\nBaiting a creature to its death and possibly orphaning Cubs is unethical and frankly, just low behaviour. There is no statistical evidence that a bear hunt will create more effective human- bear relationships. The only effective way to improve wildlife relationships is human education. What does this government personally have against the vulnerable? Please name ways this government has used positive influence to help any vulnerable population. Cuts, killing and secrecy are not positive influence. Don\u2019t prove me right, don\u2019t allow the bear hunt.\n"
    },
    "44207": {
        "url": "/comment/44207",
        "comment": "As a citizen of Ontario I am apalled that this spring bear hunt is even being considered! There is no way to guarantee that baby bears will not be left behind as orphans to either starve or fall prey to other predators! This is not only irresponsible but incredibly CRUEL! It seems time and again the government adopts policies that are so dangerous and distructive for our wildlife! I implore you to seriously reconsider implementing this horrific practice of killing bears every spring! Our wildlife does not belong to you, they belong to God and Him alone!\n"
    },
    "44209": {
        "url": "/comment/44209",
        "comment": "This is an extremely irresponsible and unnecessary activity to bring back. By allowing the spring bear hunt, you\u2019ll knowingly be leaving cubs orphaned by allowing people in Ontario to kill mother bears. All of this for the sake of a \u201ctrophy\u201d. We need to be taking strides towards progress for our environment. I beg you to not allow this horrible practice to start up again.\n"
    }
}