{
    "40767": {
        "url": "/comment/40767",
        "comment": "Having again hunted Spring Bear for the past 4 seasons and will do so again this year, I feel it imperative to return the Spring Bear Hunt to permanent status once again. This Spring hunt not only provides thousands of man hours of recreation for young and old alike, but just as importantly brings in millions of dollars to small Northern communities and outfitters alike. It is a fallacy that  Mother Bears and Cubs are at great risk at that time of year as in fact one can relatively establish a Boar from a Sow, as well, cubs of the year are always close to their Mother. It is also a known fact, that Boars, looking to breed a Sow at that time of year, will kill the cubs to do so and kill far more cubs than any other factor!\n"
    },
    "40775": {
        "url": "/comment/40775",
        "comment": "There is no need for hunting ANYTHJNG ...EVER!!!!\nLeave the bears alone,  as we know with humans nature has a way of working things out.\nDont go into thier woods and scare them ....the human race sucks as it is with the illegal hunting , poaching earths wild life . How about we dont make it all hands on the trigger cart blanch......\nLEAVE THEM ALONE !!!!!\n"
    },
    "40778": {
        "url": "/comment/40778",
        "comment": "As a resident of Northern Ontario I am in full support of a return of an annual spring bear hunt. With the inception of the trial hunt I have witnessed a significant drop in bears roaming the town looking for food. As an outdoors person I have noticed a change in bear behaviour. With a spring hunt in effect the bears have become afraid of human contact and will now run from a human or the sight of a vehicle. Before the implementation of the spring hunt bears were very bold and not afraid of humans.\n    This will benefit tourism and bring in much needed income to our region. The hunt will also improve the moose population due to predation on calves in the spring. I see no cons to the implementation of a spring bear hunt.\nThank You,\nKen from The North\n"
    },
    "40781": {
        "url": "/comment/40781",
        "comment": "Stop the hunt of black bears in Ontario.  Bears are already experiencing effects of climate change and will continue to suffer because of it.  We should not add human predation to their list of struggles.  Place their lives over that of profit.\nYour proposal states that hunting of female bears accompanied by cubs will be restricted.  What if the cubs are still in their den? What if they are not seen with the mother? How will hunters know? You risk subjecting bear cubs to slow starvation or predation.\nYour proposal also is further limiting the hunting season in Bruce Peninsula due to declining bear numbers there.  Bears, as apex predators, are an important part of the ecosystem.  Limiting the hunt is not enough if you truly want to prevent further decline in numbers.  You need to simply stop the hunt.  All else is clearly profit drive and heedless of animal suffering and ecological destruction.\n"
    },
    "40782": {
        "url": "/comment/40782",
        "comment": "As a Bear hunter and Bear hunting guide for Ontario residents only I find the proposal interesting. Since the Spring Bear hunt pilot project began I've observed a rapid and steady decline of Bears in WMU 62 just East of Tweed. The first year of the pilot I noticed 13 different Bears on my trail cameras. This past Spring hunt I've observed only 3 different Bears on my cameras. So the pilot program is doing what it was designed to do but the question is whether we can sustain these results without depleting the resource. Perhaps we can limit the season in years of bad crops both mast and domestic when female Bears won't gestate at least in WMUs heavily hunted.\nMaybe open the season for 4 years and cancel it for 2 in hard it WMUs. Ontario is too big to have a blanket season for all WMUs. It may be time to get a bit specific on hard hunted WMUs.\n"
    },
    "40783": {
        "url": "/comment/40783",
        "comment": "I sincerely want to comment on the possibility of a rebirth of another Spring Bear hunt.   Please NO. Animals should not be used as a Political Platform for obtaining votes.  Please use the facts. Talk to the sanctuaries and knowledgeable people who have all the facts and real statistics. That would make good sense. It's a reality that the people wanting Bear hunts always use human safety as the reason, however it is not true. It is to do with so many factors,  including urban sprawl. It's wrong on so many levels as we as humans try to control everything.  We consistently upset the food chain. We have regulated hunts that ruin the  entire chain of how nature works. We kill the wolves and coyotes that would normally control the deer,  then when they are at low levels we kill the surplus deer and then we wonder why the wildcats, coyotes wolves etc. Are starving and sick. Then we kill the bears when the decent seasons of food support their growth. And we say oh my now we might get too many bears. No we get what natire would intend.Then we kill the turkeys till they become almost extinct and when we wake up almost too late, we decide to say, oh no more hunting till they get to larger numbers and then we say, oh farmers are upset because they are in their fields or geez we humans think there are too many. It is just so idiotic. There is always some group or someone who doesn't want some animal for some reason where they are. We cannot continue this ridiculous type of method of human control. It makes NO sense since it only makes sense to a select group of humans at a select time for their own either convenience or fear factors. Please don't be so naive and start to wake up to real facts and what can happen if we do not stop this potentially catastrophic attitude.\n"
    },
    "40784": {
        "url": "/comment/40784",
        "comment": "In 2020 it is outrageous that the merciless and unnecessary killing of mothers, fathers and their babies is even being considered. This country needs to evolve and truly learn how to coexist with those who share this planet with us. Mass killing is no solution. Solutions exist in learning how to live peacefully with these creatures. We have no right to destroy families. Reject speciesism. Nonhumans are individuals too.\n"
    },
    "40785": {
        "url": "/comment/40785",
        "comment": "Please, can we leave these animal alone? Who are we to decide if they live or die? They do not need to be hunted. Our wildlife suffers enough from all the land development and climate change, can we PLEASE just let them be?\nIt is not necessary to have a Spring hunting season. People are not starving. Must we control everything in nature?\nI say NO to this proposal. I do not support what you are doing. You work for the people. The people do not want this.\n"
    },
    "40786": {
        "url": "/comment/40786",
        "comment": "No!  It is wrong to be killing innocent animals in the first place, and even worse to sacrifice them for the sake of tourists!  Please, get your priorities straight. Animals deserve to be here, one could argue even more than humans, as they were here first. It is ethically wrong to take the lives of innocent creatures' and especially, just to benefit the tourist business - disgusting concept.\nAlso, it is not easy to distinguish between male and female bears, therefore, many female bears who have cubs will be killed, leaving this cubs motherless and causing their deaths as well.\nThis is a very bad proposal, and many will be very angry if you decide to pass it.  You will please some hunters, but think about the larger ethical concerns here.\n"
    },
    "40787": {
        "url": "/comment/40787",
        "comment": "I am a property owner and regularly reside in NW Ontario in what is popularly considered \u201cbear country\u201d. I am absolutely opposed to the proposed changes in black bear hunting regulations. It is unnecessary, unsustainable, and irresponsible to expand or normalize the killing of inedible megafauna for sport.\n"
    },
    "40788": {
        "url": "/comment/40788",
        "comment": "I am adamantly opposed to any bear hunt here in the Province of Ontario.  I do not understand the penchant to kill and maim our animal natural resources except killing (as humanely as possible) in the case of indigenous populations doing so to maintain their survival.  Bears, only to a very limited extent, are hunted for food purposes, rather this is a disgusting trophy hunt endeavour.  I do not understand the \"thrill\" so-called hunters get from being killers.  We should be saving and protecting our native species NOT decimating them!  Save the bears, don't authorize hunting and killing them!  In the year 2020, such pursuits as bear hunting should long be a thing of the past.  I find it outrageous that this proposal is being given any serious by Ontario's provincial government.  We should be protecting our animal resources to the fullest extent possible!  I implore the government NOT to proceed with this proposal.\n"
    },
    "40789": {
        "url": "/comment/40789",
        "comment": "Why would you hunt black bear in the first place?  Especially in the spring when they have been in hibernation all winter?  They are at their weakest and I suppose will be easier for hunters to kill.\nSince it's been stated that many hunters cannot tell the difference between female and male bears from a distance, go ahead and kill the cubs as well, or let them starve to death.  In that way you can kill three or four with one or two shots. And the cubs can die slowly over time.\nIs anyone going to eat the bear's flesh?  Is there any market for bear skin rugs?  I've looked, no one wants them. Gone are the days of killing animals for their skins to decorate your house. There's no need or market for this anymore. Unless you need the bear meat to survive and you are a subsistence hunter.\nWe need to rethink our way of 'culling' animal populations. For our own benefit as Canadians, it's wrong to kill animals that simply want to live. They are not lesser than we are. They have as much right to this world as we do.\n"
    }
}