{
    "42016": {
        "url": "/comment/42016",
        "comment": "This should not be happening in this day and age.  How can any self respecting \u201cconservationist\u201d endorse a spring hunt that leaves cubs to starve. Hunters are not qualified or interested in distinguishing a mother bear, they are only there to \u201cbag\u201d a bear.\nI have read on multiple occasions that due to budget cuts, that the Ministry doesn\u2019t have sufficient manpower to accurately estimate numbers of moose or bears or other wildlife.  The reports of being \u201cover-run\u201d by bears are usually sent by people in northern communities who, here\u2019s a shock, will benefit greatly by an influx of hunters to their communities.\nThis is cruel and short-sighted.\n"
    },
    "42017": {
        "url": "/comment/42017",
        "comment": "I am truly appalled by this proposal.  All you are doing is catering to the gun-obsessed psychopaths who really want to shoot people, but since that is not legal, you give them permission to shoot innocent animals.\nThe liberal government re-opened the bear hunt to win votes, that is all.\nThere is no true governing anymore. You should all be abolished.\n"
    },
    "42021": {
        "url": "/comment/42021",
        "comment": "I have concerns that opening a spring bear hunt will result in more orphan bear cubs. Female bears with cubs need to be protected. My understanding is that there is already a bear hunting season in the fall, why is it necessary to have two hunting seasons? It doesn\u2019t seem logical. Thank you for your time.\n"
    },
    "42022": {
        "url": "/comment/42022",
        "comment": "I live in rural Ontario so am not bringing an urban view to my objection to the potential renewal of the spring bear hunt.\nIt is unethical in a number of ways. Young bears will be orphaned, that is a given. To bait bears when they have come out of hibernation and are hungry requires no skill on a hunter's part.\nI suspect that far more people in Ontario are against the bear hunt than the handful of hunters who feel they should be able to do as they please.\nIf this is to be done fairly there should be greater consultation. I have a right to see bears flourish and populate the woodlands. I see bears all to infrequently if at all.\nHunting animals just out of hibernation is barbaric in the extreme and the care for cubs is left to volunteers who could be using there time more profitably than cleaning up after careless hunters\n"
    },
    "42023": {
        "url": "/comment/42023",
        "comment": "Why must they have to shoot Bears every year It is not required for safety, just greed,on both sides of the page,The hunters have fun killing,and the government stands with it's hand out, for fees that should go to our living wildlife. You will see in time that all of our wild animals diminish because of these practices.\nAt least we will be able to name the Persons who favoured this way of gaining money\n instead of protecting,you will be listed in history for your performance and assisting in ending our wildlife, Way to go big guys!\n"
    },
    "42024": {
        "url": "/comment/42024",
        "comment": "There are a great deal of issues surrounding the existing spring bear hunt that have not been addressed appropriately. While The Fur-Bearers strongly oppose the spring bear hunt and believe it should be cancelled, there are issues that must be considered if it is to continue. The list below was created in conjunction with information from Bear With Us Sanctuary and Rehabilitation Centre for Bears in Ontario and Coyote Watch Canada.\nFemales with cubs must be protected; currently that is difficult as cubs are frequently treed or kept away by their mother while she forages.\nThe current season of May 1 to June 15 should be changed to June 1 to June 30 to protect females with cubs as well as the cubs themselves.\nEvidence as to the accomplishments and milestones of the pilot project and the extended pilot project (not the original strategy written before the hunts) need to be released to the public.\nBaiting should not take place; if it will, baiting must end when the season concludes and not begin again until shortly before the fall season and more stringent limits must be put in place to protect recreationalists, drivers, property owners, pets and others from bait piles that attract wildlife. All bait sites should be registered to ensure compliance.\nInformation showing an increase in enforcement capability through funding, infrastructure and boots-on-the-ground hires of conservation officers should be made available.\nThe government must make an acknowledgement that a spring bear hunt is not about community safety as originally stated in 2014 in the face of their own evidence showing it does not impact human conflict with bears; education and enforcement of human behaviour, attractants and feeding will have the greatest impact on mitigating and preventing conflict.\nA report should be created and released on the impact of a spring bear hunt on other recreationalists\u2019 safety, freedom to explore and expectations, as bear hunters in the spring make up a very small percentage of people enjoying the outdoors in Ontario.\nA report should be created and released on efforts of the Ontario government to increase availability of non-consumptive ecotourism opportunities in the province alongside the limited spring bear hunt.\nThe use of hounds/dogs to chase, tree and/or otherwise harass bears should be immediately halted.\n"
    },
    "42027": {
        "url": "/comment/42027",
        "comment": "We are so arrogant to think we need to manage mother nature when she did just fine for millenia without our interference!  There should be no changes to the black bear hunting.  Why are we so eager to kill species, that\u2019s why they are becoming endangered.  Therefore we Don\u2019t need to change anything!!\n"
    },
    "42028": {
        "url": "/comment/42028",
        "comment": "Please don\u2019t allow this hunt to continue. There is no actual need to hunt these animals. This is not a human necessity but a desire to kill a living thing. Please leave the bears alone.  When these hunts happen so many consequences are had- including orphan cubs who cannot survive. Why would we do this to a living creature?\n"
    },
    "42030": {
        "url": "/comment/42030",
        "comment": "I have been a hunter most of my life and while I don't hunt anymore I generally support those that do.\nHowever, I can't support the spring bear hunt because of the simple fact that it is the only hunt that I know of, anywhere, where the hunted mammals are with very young (completely dependent on the mother) off-spring.\nIf a bear hunt is actually needed and justified have it in the fall like other hunting open seasons.\n"
    },
    "42033": {
        "url": "/comment/42033",
        "comment": "Yes , I am all for the full re instatement of the spring bear hunt in Ontario. The spring hunt should never have been cancelled in the first place. Very poor decision years ago has created a severe decline in ungulate population in many areas across our province, along with the wolf/coyote ban. The tax dollars that have been wasted due to nuisance calls and destruction of property and livestock should be enough to immediately call for the season to be brought back. Also the Tourism industry sure needs a boost after the drastic reduction of moose tags and outfitter tags being cut to the point of non existence. Also you should also consider increasing the tag allocations for BMUs across the province in order to bring the bear population back to a more sustainable level. I urge you to make the correct decision and pass this asap ....\n  Thanks for your time\n"
    },
    "42034": {
        "url": "/comment/42034",
        "comment": "Fundamentally I am against game hunting. I believe that human beings have to share the world with other forms of life. I do acknowledge that humans depend on kills other animals for food and clothing.\nSo I believe that only hunting for food and necessity for survival should be allowed.\nIn this case, I believe that there is no way game hunters can reliably distinguish female bears from males. By killing a female they are killing the cubs and causing them untold misery. This spring hunting should not be allowed.\n"
    },
    "42035": {
        "url": "/comment/42035",
        "comment": "I hate the idea of people hunting Bears while hibernating or in the Spring with babies. If this is to cull the population because it is growing to large I think only ADULT males in the spring and Adults of both sex in the fall. If this is about trophy hunting I do not think it should be allowed at all.\n"
    },
    "42036": {
        "url": "/comment/42036",
        "comment": "Please do NOT pass a spring bear hunt. This is an obvious recipe for a tragic  and completely avoidable disaster when mother bears will most surely be \u201caccidentally\u201d shot, leaving dependent and vulnerable cubs orphaned. I\u2019m frankly appalled that this is even being considered. You may as well call it a proposal for a spring bear CUB hunt.\nNO SPRING SEASON FOR BEARS!\nRespectfully submitted,\nM.M.\n"
    },
    "42037": {
        "url": "/comment/42037",
        "comment": "The respect for wildlife in increasing throughout Canada and the World. Humanity should learn to resect other life forms other than human only. Killing animals for fun is for barbarians, and the community does not want these people to exist. Killing black bears, like many other animals, does not reduce the population in the long run , only for a short period. To continue this cruel hunt, the hunting community tries, and succeeds, in scaring people about the danger of black bears, thereby, gets support from rural people. Educating people to keep waste food from easy access to bears will help considerably to not attract bears to their community. Different governments must do their part in educating the public and listening to the small but important number of environmental biologists that have considerable information about black bears and not to the hunting fraternity,  that wants to maintain this so called inebriated sport with their misinformation to the public.\n It also requires politicians who come from rural regions to not automatically be bear hunting prone but to listen to facts and logic, because it is probable that the majority of their constituents do not support bear hunts.\n"
    },
    "42039": {
        "url": "/comment/42039",
        "comment": "I think making the spring bear hunt permanent is a ridiculous idea. I can't even understand how anyone would agree to this. I guess I shouldn't be surprised given that I have had no reply from our current Minister for any of the issues I have written to him about.\nIf the Ministry is serious about this ridiculous idea, a few concerns need to be addressed first and here is my list:\n1. Females with cubs must be protected; currently that is difficult as cubs are frequently treed or kept away by their mother while she forages.\n2. The current season of May 1 to June 15 should be changed to June 1 to June 30 to protect females with cubs as well as the cubs themselves.\n3. Evidence as to the accomplishments and milestones of the pilot project and the extended pilot project (not the original strategy written before the hunts) need to be released to the public.\n4. Baiting should be ILLEGAL with steep fines and/or jail time for failing to comply.\n5. Information showing an increase in enforcement capability through funding, infrastructure and boots-on-the-ground hires of conservation officers should be made available.\n6. The government must make an acknowledgement that a spring bear hunt is not about community safety as originally stated in 2014 in the face of their own evidence showing it does not impact human conflict with bears; education and enforcement of human behaviour, attractants and feeding will have the greatest impact on mitigating and preventing conflict.\n7. A report should be created and released on the impact of a spring bear hunt on other recreationalists\u2019 safety, freedom to explore and expectations, as bear hunters in the spring make up a very small percentage of people enjoying the outdoors in Ontario.\n8. A report should be created and released on efforts of the Ontario government to increase availability of non-consumptive ecotourism opportunities in the province alongside the limited spring bear hunt.\nThe use of hounds/dogs to chase, tree and/or otherwise harass bears should be immediately halted.\nIn light of all of these issues, my preference is that the bear hunt should not be reinstated.\n"
    }
}