{
    "43726": {
        "url": "/comment/43726",
        "comment": "Reinstating a spring bear hunt is ridiculous when there is no legitimate reason to do so.  I haven't seen any scientific facts or logical reason to do so.  What rationale supports this proposal being put forth ?   Killing bears, perhaps leaving orphaned cubs, is not a fair sport.  It's a blood sport that shouldn't be supported by civilized people in a humane society.  Killing any animal simply for sport shouldn't be supported by anyone!   Hunting for food is one thing, killing for fun is horribly something else that we shouldn't tolerate in this day and age.  I hope this proposal is tossed in the garbage where it belongs and our wildlife is protected and respected.\n"
    },
    "43728": {
        "url": "/comment/43728",
        "comment": "Bear cubs will continue to be orphaned if the hunt becomes permanent. While it\u2019s currently against the law to kill cubs and mother bears accompanied by cubs, mother bears often leave their cubs in trees when searching for food. If a mother is killed, her cubs will likely die slowly of starvation or be eaten by predators.\nHunting bears doesn\u2019t improve human safety. Stopping human-bear conflict is achieved by removing access to garbage, barbeques, and other attractants.\nBears have low reproduction rates, meaning the survival of adult females is vital for the species.\nThe government has disclosed a need to reduce black bear hunting in Saugeen-Bruce Peninsula due to population concerns, yet it is simultaneously proposing to allow the hunting and trapping of these bears in that region for one week each spring. This is irresponsible.\nEven the economic argument for allowing the hunt is weak. The government has said the economic impact would be neutral or positive, but has provided no evidence to support this claim.\n"
    },
    "43734": {
        "url": "/comment/43734",
        "comment": "Please consider not allowing the proposed changes to Black Bear Hunting regulations. Survival of sows is imparative given slow reproduction rates. Human bear conflict is mitigated by educating and fining those not being Bear Smart with attractants and not respecting bear environments, NOT by reducing numbers of bears through hunting.\nPlease listen to the science and experts who study and commit their whole lives to these animals.\nRespectfully,\nW.\n"
    },
    "43735": {
        "url": "/comment/43735",
        "comment": "Hi,\nPlease consider these aspects before making your decision of allowing the spring bear hunt:\n- Bear cubs will continue to be orphaned if the hunt becomes permanent. While it\u2019s currently against the law to kill cubs and mother bears accompanied by cubs, mother bears often leave their cubs in trees when searching for food. If a mother is killed, her cubs will likely die slowly of starvation or be eaten by predators.\n- Hunting bears doesn\u2019t improve human safety. Stopping human-bear conflict is achieved by removing access to garbage, barbeques, and other attractants.\n- Bears have low reproduction rates, meaning the survival of adult females is vital for the species.\nThe government has disclosed a need to reduce black bear hunting in Saugeen-Bruce Peninsula due to population concerns, yet it is simultaneously proposing to allow the hunting and trapping of these bears in that region for one week each spring. This is irresponsible.\n- Even the economic argument for allowing the hunt is weak. The government has said the economic impact would be neutral or positive, but has provided no evidence to support this claim.\nThank you for considering those arguments that I endorse completely. Please don't allow bear hunt.\n"
    },
    "43736": {
        "url": "/comment/43736",
        "comment": "I don't want bear cubs to become orphaned on account the hunt becomes permanent. Currently it's unlawful law to kill cubs while their mother bears accompany them. That's why it's so important to know that mother bears often leave their cubs in trees when searching for food. Should the mother end up being killed, her cubs will likely die slowly of starvation or be eaten by predators.\nHunting bears doesn\u2019t improve human safety.\n"
    },
    "43739": {
        "url": "/comment/43739",
        "comment": "Shame on the Ontario government for proposing to invite people into our country to kill bears!  This is clearly motivated by nothing but greed.  There is no excuse for killing any wild animal that is not for food and even then, very little excuse.  I've met the idiots that come up from the States to \"hunt\" bears.  They haven't got a clue what they're doing and don't care.  They sit around in the bush near a pile of garbage and shoot anything that approaches.  And all for the sake of a bear skin and bragging rights to their buddies back home.\n"
    },
    "43741": {
        "url": "/comment/43741",
        "comment": "Bringing back the bear hunt is wrong on so many levels:\nBear cubs will continue to be orphaned if the hunt becomes permanent. While it\u2019s currently against the law to kill cubs and mother bears accompanied by cubs, mother bears often leave their cubs in trees when searching for food. If a mother is killed, her cubs will likely die slowly of starvation or be eaten by predators.\nHunting bears doesn\u2019t improve human safety. Stopping human-bear conflict is achieved by removing access to garbage, barbeques, and other attractants.\nBears have low reproduction rates, meaning the survival of adult females is vital for the species.\nThe government has disclosed a need to reduce black bear hunting in Saugeen-Bruce Peninsula due to population concerns, yet it is simultaneously proposing to allow the hunting and trapping of these bears in that region for one week each spring. This is irresponsible.\nEven the economic argument for allowing the hunt is weak. The government has said the economic impact would be neutral or positive, but has provided no evidence to support this claim.\nPlease make the decent and humaine decision to this proposal. There is no justifiable reason to resume this cruel practice.\n"
    },
    "43742": {
        "url": "/comment/43742",
        "comment": "It is criminal to re-introduce the Spring Bear hunt!  Males are hunted mercilessly after months of hibernation, mothers are killed and their babies left orphaned to survive without the nurturing they need.  All this for the greed of hunters, which is inhumane and totally unacceptable.  Retain the law to protect these iconic animals in the wild, which are only trying to survive, and deserve to live without the cruel threat from humans to be hunted and killed!\n"
    },
    "43744": {
        "url": "/comment/43744",
        "comment": "A complicated issue about what goes to the heart of the spirit of conservation. Wildlife is a Public Trust. \"Essentially, no individual owns the wildlife of the land. Instead it\u2019s owned collectively by the public and managed by the national and state governments as a resource for everyone. In other words, if you own land, you don\u2019t own the wildlife on it. \"\nAre there rigorous scientific studies on the bear populations regarding the predator/prey numbers and relationships?\nThe Public deserves transparency into the various studies and financial reasons behind bringing back the bear hunt. Otherwise, it feeds cultural divisiveness and ignorance about the concerns from both sides.\n"
    },
    "43745": {
        "url": "/comment/43745",
        "comment": "It is unacceptable to reinstate the spring bear hunt.  We know from past experience that this causes cubs to be orphaned & suffer & starve to death when their mothers are killed.  Hunters can not distinguish females from males until it is too late.  The mothers leave their cubs to forage so it is not sufficient to only offer protection to bears with cubs at their side.\nThe public is more enlightened now than in the past & with social media, I can assure you that if this is allowed it will be made very public & the public will see graphic evidence of this unspeakable cruelty towards sentient fellow creatures.\nThere is no compelling reason to allow the reinstatement of the spring bear hunt.\n"
    }
}