{
    "43417": {
        "url": "/comment/43417",
        "comment": "I fully support this proposal for return of spring bear hunt in Ontario because of the benefits to the Canadian outfitters, businesses and overall economy of the local area. It also helps the moose and deer populations by decreasing the predators of these animals. There was a natural equilibrium between man and animal in this area and that was set centuries ago. By ending the spring bear hunt, this upset that balance and the bear/human encounters increased all over the area. By reinstating the spring hunt, the natural balance will continue to be restored.\n"
    },
    "43420": {
        "url": "/comment/43420",
        "comment": "Dear Premier Ford and Government:\nI urge the Ontario government to cancel the province's Spring Bear Hunt completely. There was no legitimate rationale for partial reinstatement of the spring bear hunt by the previous government and there is none now. Please, do not follow through with this misguided plan.\nMost Ontarians do not hunt, nor do they support sport hunting. In fact, most Ontarians want our public lands to be free of violence.\nAnd the erroneous suggestion by some that black bears are becoming too numerous or that they pose any kind of elevated danger to humans is baseless and not supported by evidence.\nI urge the Ontario government to follow the lead of former Premier Mike Harris who put aside the special interests of hunting lobbyists in favour of following the science and the views of the majority of Ontarians.\nA modern province can develop a better tourism plan than inviting non-resident sport hunters who enjoy killing wildlife, animals who have little hope of escape, onto our mutually owned public lands. Ontario\u2019s forests belong to all of us, not just to the businesses and organizations that profit by the killing of our wild animals.\nRespectfully,\n"
    },
    "43421": {
        "url": "/comment/43421",
        "comment": "I urge the Ontario government to cancel the province's Spring Bear Hunt completely There was no legitimate rationale for partial reinstatement of the spring bear hunt by the previous government and there is none now. Please, do not follow through with this misguided plan.\nMost Ontarians do not hunt, nor do they support sport hunting. In fact, most Ontarians want our public lands to be free of violence.\nAnd the erroneous suggestion by some that black bears are becoming too numerous or that they pose any kind of elevated danger to humans is baseless and not supported by evidence.\nI urge the Ontario government to follow the lead of former Premier Mike Harris who put aside the special interests of hunting lobbyists in favour of following the science and the views of the majority of Ontarians.\nA modern province can develop a better tourism plan than inviting non-resident sport hunters who enjoy killing wildlife, animals who have little hope of escape, onto our mutually owned public lands. Ontario\u2019s forests belong to all of us, not just to the businesses and organizations that profit by the killing of our wild animals.\n"
    },
    "43422": {
        "url": "/comment/43422",
        "comment": "I am 100% opposed to the Spring Bear Hunt. It was a Conservative government that put an end to this barbaric practice 15 years ago. I was very pleased then and I am horrified now that the current government would repeal legislation passed by its own party! The Spring Bear Hunt leads to hundreds of orphaned bear cubs, unnecessary deaths & undue pressure on the resources of rescue & rehabilitation organizations, if the MNR will even allow the rehabilitation of these babies. Both science & public sentiment are against this move. Why is this government even touching this? Leave well enough alone. I ask that you respect the work of the Harris government and leave the Spring Bear Hunt where it belongs - in the past.\n"
    },
    "43423": {
        "url": "/comment/43423",
        "comment": "I am asking the Ontario government to cancel the province's Spring Bear Hunt completely. There was no legitimate rationale for partial reinstatement of the spring bear hunt by the previous government and there is none now. Please, do not follow through with this misguided plan.\nMost Ontarians do not hunt, nor do they support sport hunting. In fact, most Ontarians want our public lands to be free of violence.\nThe spring hunt targets mother bears who's death would leave cubs to starve to death. There is no justification for this cruel act. No person needs to hunt in the spring. I implore the government to reinstate the ban to protect vulnerable cubs.\nThe erroneous suggestion by some that black bears are becoming too numerous or that they pose any kind of elevated danger to humans is baseless and not supported by evidence.\nI urge the Ontario government to follow the lead of former Premier Mike Harris who put aside the special interests of hunting lobbyists in favour of following the science and the views of the majority of Ontarians.\nA modern province can develop a better tourism plan than inviting non-resident sport hunters who enjoy killing wildlife, animals who have little hope of escape, onto our mutually owned public lands. Ontario\u2019s forests belong to all of us, not just to the businesses and organizations that profit by the killing of our wild animals.\n"
    },
    "43424": {
        "url": "/comment/43424",
        "comment": "I urge the Ontario government to cancel the province's Spring Bear Hunt completely There was no legitimate rationale for partial reinstatement of the spring bear hunt by the previous government and there is none now. Please, do not follow through with this misguided plan.\nMost Ontarians do not hunt, nor do they support sport hunting. In fact, most Ontarians want our public lands to be free of violence.\nAnd the erroneous suggestion by some that black bears are becoming too numerous or that they pose any kind of elevated danger to humans is baseless and not supported by evidence.\nI urge the Ontario government to follow the lead of former Premier Mike Harris who put aside the special interests of hunting lobbyists in favour of following the science and the views of the majority of Ontarians.\nA modern province can develop a better tourism plan than inviting non-resident sport hunters who enjoy killing wildlife, animals who have little hope of escape, onto our mutually owned public lands. Ontario\u2019s forests belong to all of us, not just to the businesses and organizations that profit by the killing of our wild animals\n"
    },
    "43425": {
        "url": "/comment/43425",
        "comment": "I don\u2019t understand why we allow these privileges to humans, when it means the suffering, of a creature, or the destruction of a family of animals. They learn from one another and have complicated social lives too. It is a disgusting that,  money and the \u201dWants\u201d of a few trump fairness, logic, and humane treatment of our beleaguered Wild Life. I am sick of it!\n"
    },
    "43426": {
        "url": "/comment/43426",
        "comment": "I am totally against the spring bear hunt.\n Our wildlife need to be protected better or we are going to be loosing all these creatures to extinction with unnecessary culling.\nSince 1844,  109 species vanished, 6 are native to Canada and are presumed extinct.\nThe Peary caribou, eastern cougar, marmot, sea otter and 3 whale species are are some of the 55 endangered species in Canada.\nWe cannot let our black bears perish like out polar bears and the other magnificent species listed above.\n"
    },
    "43428": {
        "url": "/comment/43428",
        "comment": "I urge the Ontario government to cancel the province's Spring Bear Hunt completely There was no legitimate rationale for partial reinstatement of the spring bear hunt by the previous government and there is none now. Please, do not follow through with this misguided plan.\nMost Ontarians do not hunt, nor do they support sport hunting. In fact, most Ontarians want our public lands to be free of violence.\nAnd the erroneous suggestion by some that black bears are becoming too numerous or that they pose any kind of elevated danger to humans is baseless and not supported by evidence.\nI urge the Ontario government to follow the lead of former Premier Mike Harris who put aside the special interests of hunting lobbyists in favour of following the science and the views of the majority of Ontarians.\nA modern province can develop a better tourism plan than inviting non-resident sport hunters who enjoy killing wildlife, animals who have little hope of escape, onto our mutually owned public lands. Ontario\u2019s forests belong to all of us, not just to the businesses and organizations that profit by the killing of our wild animals.\n"
    },
    "43433": {
        "url": "/comment/43433",
        "comment": "A modern province can develop a better tourism plan than inviting non-resident sport hunters who enjoy killing wildlife, animals who have little hope of escape, onto our mutually owned public lands. Ontario\u2019s forests belong to all of us, not just to the businesses and organizations that profit by the killing of our wild animals.\nThis hunting of bears should not be allowed!!!\n"
    },
    "43434": {
        "url": "/comment/43434",
        "comment": "REINSTATING THE SPRING BEAR HUNT AFTER MORE THAN 15 YEARS IS A REGRESSIVE MOVE THAT IGNORES SCIENCE, AND, PUBLIC SENTIMENT!\nOntario's black bears need our help!  Our family is spending a few minutes to help by lending our voices in defense of vulnerable, unsuspecting, innocent bears!\nOur family has until February 18, 2020 to speak out for bears on the \"Environmental Registry of Ontario\"!\nThis is our essential way to register opposition to the \"Spring Bear Hunt\"!\nMy family and I implore the Ontario government to cancel the province's Spring Bear Hunt completely There was no legitimate rationale for partial reinstatement of the spring bear hunt by the previous government, and, there is none now!  Please, do not follow through with this misguided cruel plan!\nMost Ontarians do not hunt, nor do they support sport hunting!  In fact, most Ontarians want our public lands to be free of violence!\nAnd, the erroneous suggestion, by some, that black bears are becoming too numerous, or, that they pose any kind of elevated danger to humans, is baseless, and, not supported by evidence!\nWe urge the Ontario government to follow the lead of former Premier, Mike Harris, who put aside the special interests of hunting lobbyists, in favor of following the science, and, the views, of the majority of Ontarians!\nA modern province can develop a better tourism plan than inviting non-resident sport hunters who enjoy killing wildlife, animals who have no hope of escape, onto our mutually owned public lands! Ontario\u2019s forests belong to all of us, not just to the businesses, and, organizations, that profit by the killing of our wild animals!\n"
    },
    "43438": {
        "url": "/comment/43438",
        "comment": "I urge the Ontario government to cancel the province's Spring Bear Hunt completely There was no legitimate rationale for partial reinstatement of the spring bear hunt by the previous government and there is none now. Please, do not follow through with this misguided plan.\nMost Ontarians do not hunt, nor do they support sport hunting. In fact, most Ontarians want our public lands to be free of violence.\nAnd the erroneous suggestion by some that black bears are becoming too numerous or that they pose any kind of elevated danger to humans is baseless and not supported by evidence.\nI urge the Ontario government to follow the lead of former Premier Mike Harris who put aside the special interests of hunting lobbyists in favour of following the science and the views of the majority of Ontarians.\nA modern province can develop a better tourism plan than inviting non-resident sport hunters who enjoy killing wildlife, animals who have little hope of escape, onto our mutually owned public lands. Ontario\u2019s forests belong to all of us, not just to the businesses and organizations that profit by the killing of our wild animals.\n"
    },
    "43439": {
        "url": "/comment/43439",
        "comment": "This proposal is ridiculous and antiquated.\nI urge the Ontario government to cancel the province's Spring Bear Hunt completely There was no legitimate rationale for partial reinstatement of the spring bear hunt by the previous government and there is none now. Please, do not follow through with this misguided plan.\nMost Ontarians do not hunt, nor do they support sport hunting. In fact, most Ontarians want our public lands to be free of violence.\nAnd the erroneous suggestion by some that black bears are becoming too numerous or that they pose any kind of elevated danger to humans is baseless and not supported by evidence.\nI urge the Ontario government to follow the lead of former Premier Mike Harris who put aside the special interests of hunting lobbyists in favour of following the science and the views of the majority of Ontarians.\nA modern province can develop a better tourism plan than inviting non-resident sport hunters who enjoy killing wildlife, animals who have little hope of escape, onto our mutually owned public lands. Ontario\u2019s forests belong to all of us, not just to the businesses and organizations that profit by the killing of our wild animals.\n"
    },
    "43440": {
        "url": "/comment/43440",
        "comment": "I urge the Ontario government to cancel the province's Spring Bear Hunt completely There was no legitimate rationale for partial reinstatement of the spring bear hunt by the previous government and there is none now. Please, do not follow through with this misguided plan.\nMost Ontarians do not hunt, nor do they support sport hunting. In fact, most Ontarians want our public lands to be free of violence.\nAnd the erroneous suggestion by some that black bears are becoming too numerous or that they pose any kind of elevated danger to humans is baseless and not supported by evidence.\nI urge the Ontario government to follow the lead of former Premier Mike Harris who put aside the special interests of hunting lobbyists in favour of following the science and the views of the majority of Ontarians.\nA modern province can develop a better tourism plan than inviting non-resident sport hunters who enjoy killing wildlife, animals who have little hope of escape, onto our mutually owned public lands. Ontario\u2019s forests belong to all of us, not just to the businesses and organizations that profit by the killing of our wild animals.\n"
    }
}