{
    "45170": {
        "url": "/comment/45170",
        "comment": "Hunting is a cruel and unnecessary practice. In this day and age, as morally conscious beings we cannot allows for such activities to continue. This ban should not be lifted. All animals are sentient beings. Bears deserve to live their lives peacefully. Orphaned bears feel the same emotions a human child of up to 2 years is capable of. Please do not lift this ban. This injustice has to remain in the past. We can do better for our planet, environment and the animals.\n"
    },
    "45173": {
        "url": "/comment/45173",
        "comment": "I sincerely urge you to end the spring bear hunt.\nThere is nothing virtuous about taking joy in killing an animal minding their own business. In fact, it is a barbaric practice!\nPlease note: Bear cubs will continue to be orphaned if the hunt becomes permanent. While it\u2019s currently against the law to kill cubs and mother bears accompanied by cubs, mother bears often leave their cubs in trees when searching for food. If a mother is killed, her cubs will likely die slowly of starvation or be eaten by predators.\nHunting bears doesn\u2019t improve human safety. Stopping human-bear conflict is achieved by removing access to garbage, barbecues, and other attractants.\nBears have low reproduction rates, meaning the survival of adult females is vital for the species.\nThe government has disclosed a need to reduce black bear hunting in Saugeen-Bruce Peninsula due to population concerns, yet it is simultaneously proposing to allow the hunting and trapping of these bears in that region for one week each spring. This is irresponsible.\nEven the economic argument for allowing the hunt is weak. The government has said the economic impact would be neutral or positive, but has provided no evidence to support this claim. Plus, killing others is plain violence!\nPlease, do whatever you can to end the abomination that is the spring bear hunt!\n"
    },
    "45174": {
        "url": "/comment/45174",
        "comment": "I oppose the spring bear hunt. Educate humans on how to coexist instead. Establish a white tailed deer hunt if you want to promote hunting as an activity. It would greatly assist the native environment. Bear hunts don\u2019t make sense unless it is to cater to fear mongers or trophy hunters - It is completely unethical.\n"
    },
    "45176": {
        "url": "/comment/45176",
        "comment": "Terrible idea to open up hunting more bears . I\u2019m going to consider this in my plans to visit Ontario. (I\u2019m in Quebec). I will spread the word to punish your tourism for this offensive act. A better thing to do would be to work on urban sprawl. Destroy suburbs and force the land hogs there to live near their work. Then the forest could be reclaimed.\n"
    },
    "45177": {
        "url": "/comment/45177",
        "comment": "As a Canadian citizen, I strongly OPPOSE the proposal of bringing back the spring bear hunt, a dangerous and irresponsible move being condemned by environmental and animal protection groups. Several factors highlight why it is UNACCEPTABLE that the government is supporting the CRUEL and needless trophy hunting of bears. Here are just a few:\n1-Bear cubs will continue to be orphaned if the hunt becomes permanent. While it\u2019s currently against the law to kill cubs and mother bears accompanied by cubs, mother bears often leave their cubs in trees when searching for food. If a mother is killed, her cubs will likely die slowly of starvation or be eaten by predators.\n2-Bears have low reproduction rates, meaning the survival of adult females is vital for the species.\n3-The need to reduce black bear hunting in Saugeen-Bruce Peninsula due to population concerns has been raised by you, the government, yet you are simultaneously proposing to allow the hunting and trapping of these bears in that region for one week each spring (!!!!).\n4-Hunting bears doesn\u2019t improve human safety. Stopping human-bear conflict is achieved by removing access to garbage, BBQs, and other attractants. We must learn to live with other species, not destroy them!\n5-It is claimed that the economic impact would be neutral or positive, but NO evidence to support this claim has been provided.\n"
    },
    "45178": {
        "url": "/comment/45178",
        "comment": "I would like to express my strong opposition to the proposed changes to black bear hunting regulations. There is a lack of evidence to support the requirement for these proposed changes.\nThe government presents no strong arguments or evidence of any kind to support this proposal. It is stated that the economic consequences are \u201cexpected to be neutral to positive\u201d \u2013 though no information is provided to support even that feeble claim. It is highly unlikely that there would be any big financial impact. Moreover, by allowing these regulatory changes, hunters will inevitably kill mother bears which will result in the death of orphaned Cubs who are unable to survive through their youth. This will in the long run impact bear populations.\n"
    },
    "45179": {
        "url": "/comment/45179",
        "comment": "I would like to express my strong opposition to the proposed changes to black bear hunting regulations. There is a lack of evidence to support the requirement for these proposed changes.\nThe government presents no strong arguments or evidence of any kind to support this proposal. It is stated that the economic consequences are \u201cexpected to be neutral to positive\u201d \u2013 though no information is provided to support even that feeble claim. It is highly unlikely that there would be any big financial impact. Moreover, by allowing these regulatory changes, hunters will inevitably kill mother bears which will result in the death of orphaned Cubs who are unable to survive through their youth. This will in the long run impact bear populations.\n"
    },
    "45182": {
        "url": "/comment/45182",
        "comment": "Hunting in general is a barbaric \"sport\" that continues only because the bears get in our way as we demolish more of their habitat. Adding a spring hunt, while mothers are raising young, and expecting that the people with a low enough intellect to hunt them, can tell the difference between male or female (or care) is ridiculously optimistic and laughable. Killing mothers and making orphans of their young is cruel and unconscionable. The world is becoming more and more against hunting every day and the world watches now that we have become a  global village. Please do not allow this to happen.\n"
    },
    "45184": {
        "url": "/comment/45184",
        "comment": "Hi Honourable Kathleen Wynne,\nI do not support Bear Hunt and it should be banned altogether. Killing a bear is not a bear conflict management solution.  The best solution is to educate the people about food waste management. More education on bear behaviour should be promoted instead. There\u2019s no nuisance bear, only uninformed people.\nAllowing baiting and the use of hound dog are inhumane. Every bear deserves living where they always belong.\nAs your constituent, I want you to vote to stop the Spring or any bear hunt in the future\nRegards\n"
    },
    "45187": {
        "url": "/comment/45187",
        "comment": "I own 400 acres of forest beside a private lake in Hastings Highlands, not far from Algonquin Park.  I am very opposed to reopening the Spring bear hunt.  It not only affects adult bears but also bear cubs born that year.\nBlack bears contribute to the ecosystem of Central Ontario.  Once again Doug Ford's Conservatives are proposing a poorly thought out policy which has no evidence to benefit Ontario other than satisfying an ideological whim.\n"
    },
    "45189": {
        "url": "/comment/45189",
        "comment": "I am very much against opening this up to be automatically opened every year without a review and I also believe that this should be opened later in the year so that the mothers with their newborns Cubs will still be alive to nurse them and nourish them until they are able to survive on their own. The fact that it is illegal to kill a female is great except for the fact that you cannot identify a female from a male while you're shooting it therefore the likelihood that females will be killed leaving Cubs to survive on their own which is not likely to happen, will happen all the time. This should be reviewed every year and it should not be open until later in the summer for those that need to have a \"family\" time, which should in fact be in some other form other than killing live animals. We have enough killing in this world and I don't get any satisfaction from shooting a beautiful creature that is on this Earth that has no means of protecting itself from a gun and a hunter that is hiding. You cannot do this and should not do this.\n"
    },
    "45190": {
        "url": "/comment/45190",
        "comment": "In the area I\u2019m familiar the forest is treated poorly during hunting season discarded beer cans, plastic water bottles, shotgun shells, remnants from tree stands and domestic trash.\nIf the forest is treated with such disregard what guarantee is there a mother and cubs won\u2019t be killed.\nThis decision if passed will result in orphaned cubs.\nConservation officers are not present.\n"
    },
    "45193": {
        "url": "/comment/45193",
        "comment": "This is a death warrant for innocent baby bear cubs who will be orphaned and die when their mothers are gunned down by hunters after emerging from hibernation in the spring.  It is extremely  disappointing that the current government has so little regard for the majestic being.  We should be protecting wildlife....not actively promoting this mass murder!!\n"
    }
}