{
    "44544": {
        "url": "/comment/44544",
        "comment": "It is about time the M of E started to protect our natural resources rather than trying to get rid of them. We have the fall bear hunt which is OK, however in the spring and baiting hungry sleepy bears for the first 6 weeks of spring is ridicules.\nSows leave their cubs in trees and wander out to the bait thus being shot orphaning 2 to 3 cubs who will in turn die.\nIt is time you start to invest in a feeding program that would pick up road kill, freeze it and than take it to remote areas and air drop during the summer. This would keep bears away from easy food. The clear cutting of our forest, the hot drier summers, the spraying of power lines and mowing of side roads cutting the berry canes and the continue encroachment of humans on their territory is creating what the city people call nuisance bears.\nThis proposal is being driven by the Outfitters Association and greed. It is time you do your job and start thinking of ways to manage our limited resources.\nmike Harris stopped the practice and Doug Ford needs to take a similar stand.\n"
    },
    "44545": {
        "url": "/comment/44545",
        "comment": "I urge Ontario legislators to cancel the Spring Bear Hunt completely, and to not expand the pilot project instituted by previous Liberal governments. Please, do not follow the misguided plan laid out by previous governments led by another party. And, please note that even though the previous government callously expanded the Spring Bear Hunt pilot project, they still lost power.\nWhen governments do too much to satisfy lobbyists, like those that promote pro-hunting commercial interests, it\u2019s no guarantee that they will win or keep power. Most Ontarians do not hunt, nor do they support sport hunting. Most Ontarians want our public lands to be free of violence.\nI urge Ontario Progressive Conservative Party legislators to follow the example provided by former Premier Mike Harris and Minister John Snobelen, when they courageously resisted pressure from hunting lobbyists, a group that does not represent the majority of Ontarians.\nGovernmental support for sport hunting might gain votes in some ridings, but will surely lose voters\u2019 support in other ridings of Ontario.\nA modern province can develop a better tourism plan than inviting non-resident sport hunters who enjoy killing wildlife, animals who have little hope of escape, onto our mutually owned public lands. Ontario\u2019s forests belong to all of us, not just to the businesses that profit from violence against wild animals.\n"
    },
    "44546": {
        "url": "/comment/44546",
        "comment": "My husband and I are strongly against reinstating the spring Black Bear hunt.  We follow environmental action alerts through our local nature club and Ontario Nature.  We agree with their concerns regarding this matter.  In general, we are angry and dismayed by the Ontario Conservative Government\u2019s apparent disinterest in protecting and preserving the environment.  There is a calculated effort being made by the government to downplay these issues, hide legislative action in Omnibus bills, and provide short timelines for public response.  Reinstating the Black Bear hunt is another example of their short-sighted promotion of business over the protection of the environment.  Maintaining our larger predators is critical to the balance and health of Ontario\u2019s ecology.  In an eco-system, all creatures are important and have impact on one another.  This government needs to stop its arrogant and ill-informed destruction of aspects of Ontario\u2019s natural heritage-now.\n"
    },
    "44553": {
        "url": "/comment/44553",
        "comment": "Please do not allow this cruel practise to resume.   Killing animals for fun is not something the government should condone.    Killing adult bears leaves orphaned cubs that often die needlessly and with great suffering as they starve.   Anyone with a conscience would admit this is wrong.   Please do not support animal suffering with the law.\n"
    },
    "44555": {
        "url": "/comment/44555",
        "comment": "The proposal to reinstate a spring bear hunt on the Bruce (Saugeen) Peninsula is ill-conceived and runs counter to several of the Ministry's own guidelines.\nThe black bear population on the peninsula is a discrete, isolated and vulnerable estimated population of no more than 300 individuals. It faces pressure from increasing recreational development, changing land use strategies and habitat fragmentation. The species is an integral part of the natural heritage of this part of Ontario that is recognized both within the Niagara Escarpment Biosphere Reserve and the Bruce Peninsula National Park.\nWithout careful management to ensure the species' future, not as a hunting opportunity, but as a unique and valued living heritage, is at risk. The decline to vulnerability and ultimate extinction is inevitable!\nThe ministry recognizes the priority for conservation in the accompanying Black Bear Management Framework that outlines the case for management and reinstatement of a spring hunt across Ontario.\nIn the introduction, the opening statement states:\n     \"Black bears are highly valued and unique members of Ontario\u2019s wildlife heritage, symbols of         wilderness, an integral part of a functioning ecosystem, and an important component of Ontario\u2019s biodiversity.\"  * all quotations are taken directly from theMinistry proposal.\nThat statement is reinforced (Sec. 2.1)\n     \"An enhanced black bear management program will contribute to the conservation of black bears and their habitat and, in doing so, assist Ontario in achieving biodiversity conservation goals to (1) protect the genetic, species and ecosystem diversity of Ontario. . .\".\nThe bears on the peninsula represent a unique genetic pool and are of importance, in terms of  understanding species as a whole, and its evolution within the province.  As with the species as a whole, they also exhibit  (Sec.4.4):\n      \". . . relatively slow reproductive capacity relative to other harvested large mammals. . . \" .\nThese two factors combined indicate the importance of maintaining as diverse a breeding stock as possible, especially within such an isolated population.  A hunt would diminish, rather than enhance success a process.\nFinally, the final section of the Ministry statement (Sec 6.10) advises:\n      \"Black bear populations will be managed at the appropriate landscape scale within an ecosystem context.\"\nIn that context,  the limited parameters of the Bruce Peninsula require stable, productive and secure habitats. This is paramount, as pressures escalate against the population; habitat loss, changing agriculture that has seen cask crops replace grazing and the long term existence of meadows, and forests that have seen the loss of American Beech with their critical production of nuts - a staple of bear diets are all negative forces facing the population.\nThe Bruce Peninsula black bear population is an integral, part of this unique region that lies within a two to three hours drive of 80% of Ontario's population.  It requires discrete and supportive management recognizing its unique challenges,  Its future, more than any other of its species in Ontario, is dependent on such management.\nThe ministry should consider protection and conservation for long term security of the population, a priority, not hunting!.  A spring hunt on the Bruce, might meet the requests of a handful of hunters, but at what cost to the population of this remarkable survivor?  Bear hunting on the Bruce should banned completely!\n"
    },
    "44556": {
        "url": "/comment/44556",
        "comment": "Spring Bear Hunt,\nYes or No?\nA big NO!\nNot sure why this is still considered okay.  Why mess with mother nature further.  If we stopped messing with the balance of things, over time, this would correct itself.  If there is not enough food for animals they will naturally die off and the strong survive, not saying that starvation is right but it is nature's way to keep things in balance.  A bumper year in rabbits = more foxes and coyotes for a few years, the rabbit populations go down, so the fox and coyote population.  As a Canadian mom, I raised my kids to respect all life.  Maybe it's time for others to do the same.\nSonia\n"
    },
    "44558": {
        "url": "/comment/44558",
        "comment": "Of the elements in the proposal, I agree with the updates to black bear regulations to improve fairness.\nWhile I appreciate the economic considerations behind the spring bear hunt itself, I am against it and here is why:\n1. It will result in orphaned bear cubs.  While it is illegal to kill mother bears with cubs, often mother bears with young cubs will have them stay in trees while she forages, which can be a kilometre or more away.  In that situation, a hunter would only see a lone bear and, not being able to tell it is a mother bear, legally would be able to kill it.  The result would be orphaned cubs dying slowly of starvation.  This defeats the whole purpose of prohibiting killing mother bears and, more significantly, is really cruel.\n2. This possibility runs counter to the fourth Guiding Principle of the OMNR Black Bear Management Framework:\n\"Harvest management strategies must recognize that black bears have an inherently low reproductive capacity relative to other harvested large mammals and that, as with other long-lived species, population growth rate is most sensitive to changes in adult survival, particularly survival of adult females.\"\nSince the spring bear hunt threatens mother bears with young cubs, by allowing the spring bear hunt to continue in perpetuity the OMNR is violating one of its own Guiding Principles.\n"
    },
    "44559": {
        "url": "/comment/44559",
        "comment": "We live in Thunder Bay along the Kaministiquia River. Bears travel the River Banks in all seasons. They do not \"threaten\" us and we welcome their foraging passage through their ancestral lands.  Even our huge Malamute, NOT on a leash, watches them shuffle by in silence. Has Ontario not heard that the numbers of PLANET's Animal populations are frighteningly diminishing? Some say more than 50%. WHY do we continue to serve special interest groups, Hunters, who cannot rationalize their pleistocene wants, and the need to kill...\"kill\" yes- sitting in blinds, drinking beer, baiting recently woken Bears with tins of Duncan Hines cake icing and stale donuts. The thought and writing to you today about this- makes me physically ill. This practice of killing or trapping ANY animal belongs in the stone age. Many human beings have moved on, Please set an example in governance.\n"
    },
    "44560": {
        "url": "/comment/44560",
        "comment": "We live in Thunder Bay along the Kaministiquia River. Bears travel the River Banks in all seasons. They do not \"threaten\" us and we welcome their foraging passage through their ancestral lands.  Even our huge Malamute, NOT on a leash, watches them shuffle by in silence. Has Ontario not heard that the numbers of PLANET's Animal populations are frighteningly diminishing? Some say more than 50%. WHY do we continue to serve special interest groups, Hunters, who cannot rationalize their pleistocene wants, and the need to kill...\"kill\" yes- sitting in blinds, drinking beer, baiting recently woken Bears with tins of Duncan Hines cake icing and stale donuts. The thought and writing to you today about this- makes me physically ill. This practice of killing or trapping ANY animal belongs in the stone age. Many human beings have moved on, Please set an example in governance.\n"
    },
    "44562": {
        "url": "/comment/44562",
        "comment": "I believe it is not wise to bring back the regular black bear hunt.  The main reason is that the cubs are too young in the spring to travel with their mother when she is foraging for food which means the hunters are  killing black bear mothers.  Hunters cannot determine at a distance if a black bear is a male or a female, they'll assume that it's a female if no cubs are present but the cubs do not follow the mother in the spring, they'll stay behind up in a tree.  This is devastating for the bear population with bear cubs being orphaned, doesn't the government and hunters want to make sure that the population stays healthy and that the cubs get a chance to grow into adulthood?  The regular spring bear hunt should not return, but if sadly it does, the very least that the government can do is push back the hunting date to june 1 and not make it last more than a month.\n"
    },
    "44563": {
        "url": "/comment/44563",
        "comment": "Please consder the below in regards to the spring bear hunt:\nHunters often claim they can tell if a female bear is nursing her young. But, five 'Fish and Wildlife' staff in the U.S. seem to disagree. In a discussion paper, they wrote:\n~ \"The conclusion of most biologists is that it is quite difficult to accurately determine nursing status of free-ranging black bears, even when a bear is in a tree or at bait. The appearance of nursing females in the kill each spring supports this notion.\"\nHunters claim that Spring Bear Hunts don't leave dependent cubs orphaned, just because there is a regulation to protect them. But in the discussion paper written by five staffers with various Fish and Wildlife agencies in the United States they tell us that such regulations are not that reliable.\n\"Proponents of spring hunting usually point out that most states protect females with cubs by regulation. The regulation looks good on paper but is very difficult to implement in the field because of bear behavior.\"\nThis paper, titled: \"Sociological and Ethical Considerations of Black Bear Hunting\" and was written by five staffers with Fish and Wildlife agencies in Colorado, Idaho, Wyoming, California and Montana. We have this document as a paper file, and it does not appear to be available online. Nevertheless, the  statements quoted in this post have been reproduced verbatim.\nThe writers of the discussion paper are: Thomas D. I. Beck, David S. Moody, Donald B. Koch, John J. Beecham, Gary R. Olson, Timothy Burton.\nIn addition I believe this decision is based on monetary revenue gain for the province and is in favour of a small group of people that enjoy hunting.  It is not in the interest of those in the majoroty who don't participate, believe in or support these activities.  I believe ecotourism where all the animals live is more lucrative than killing.\n"
    }
}