{
    "40548": {
        "url": "/comment/40548",
        "comment": "This is the dumbest thing ever, why would you want to hurt the wildlife when they are already going extinct because of humans?. WE HAVE TAKEN OVER THEIR POPULATION THEIR LIVING SPACE they HAVE A RIGHT TO LIVE just as much as we do, sure the hunters can do their business with turkeys, chickens, dear, rabbits etc. But leave the damn bears alone for Christ sake if you actually think it\u2019s okay to hunt them you need some mental help it\u2019s not like they are just walking down the streets killing people lord knows that\u2019s probably never happened. LEAVE THE BEARS!!!! Our community is there natural habitat.\n"
    },
    "40549": {
        "url": "/comment/40549",
        "comment": "Fair is providing opportunities for a variety of interested parties.  Please don't exclude the small number of us that fall into the nonresident landowners and immediately family that participate in Ontario's bear hunt. These two small groups of folks will not redistribute their monies to outfitters like stated in the proposal we will just go fishing instead.  The definition of selfish is wanting all of the opportunities to yourself which is exactly what the outfitters are asking in this case. Thank you for your time.\n"
    },
    "40553": {
        "url": "/comment/40553",
        "comment": "I say no, no, no to making spring bear hunt in Ontario permanent!  Ongoing consultation with scientists, conservationists and First Nations must occur. This is not an issue that should be driven by economic interests of tourism outfitters and hunters.  It is our job to protect our natural environment, not exploit it. When will we learn?\n"
    },
    "40555": {
        "url": "/comment/40555",
        "comment": "Rarely do I feel embarrassed to live in this province but this article about reviving the Spring bear hunt invokes that response.  Making the bear hunt permanent for economic reasons is disturbing.  Please look at the sustainability of the species before $ because I do not believe hunters will be able to distinguish a female from a male bear.  Consult experts and use facts based in science not hunting lobby groups to make this decision.  Leave the bears alone.  We are doing enough damage to their ecosystem already.\n"
    },
    "40564": {
        "url": "/comment/40564",
        "comment": "MNR's biggest mistake ever committed was the elimination of the spring black bear hunt. This is for  reasons. Most people know it was done for political reasons and secondly, the damage done to by way of depredation of deer and to property. I live south of the 401 east of hwy 35/115 and have seen bears and bear damage to 2 of my properties. The MNR claims low deer populations but some how in the MNR's wisdom the spring bear hunt was illuminated. Between coyotes and black bears, low whitetail fawn populations have been responsible for very restricted whitetail deer tags and very low recreational viewing of deer. To make things worse, the MNR have not been doing any kind of deer counts for over 40 years. Instead, the MNR have been relying on hunter reports. How stupid is that? So the MNR have poorly managed our whitetail populations in all directions for nearly half a century. Is this a good way to waste our tax dollars?\nGrow up MNR, put your big boy pants on and ignore politics. Do what is good for wildlife and complete the balance of life. Civilization has destroyed wildlife habitat and it is the responsibility of the MNR to be a good steward, not bend to political pressure!\n"
    },
    "40567": {
        "url": "/comment/40567",
        "comment": "Living in a rural area we are already plagued by \"hunters\" slaughtering the wildlife all around us for sport. PLEASE do not lift the black bear hunting ban.  Some of these hunters' dogs are more dangerous than the bears. There is no need for hunting in this day and age as there are far more humane ways to control the population of animals.\n"
    },
    "40568": {
        "url": "/comment/40568",
        "comment": "Excellent science fact based proposal. Positive out comes for the Province of Ontario and long term sustainability of not only the black bear population but the deer, moose and turkey populations as well. Will also result in the decrease in bear human conflicts that were alarmingly high without the spring hunting season.\n"
    },
    "40573": {
        "url": "/comment/40573",
        "comment": "This is a bad decision and the government knows it. But are the opinions of few really going to change your minds? Hardly. You higher ups who sit in your chairs day in and day out, only concerned about where you're sitting rather than be concerned with the lives you're affecting. Sure, it's easy to kill a few animals because their numbers seem large, but human numbers are large too. Why do you do nothing for our population numbers but will go out of your way to see to it that a bear cub's mother is shot the moment she wakes? How would our children feel if we were just taken from them with no warning? You're commiting mass interspecies murder and you know it to be true. Please, reconsider your proposal. Though, I doubt you money/powerhungry morons have enough brain cells to tell you to do what's right anymore.\n"
    },
    "40576": {
        "url": "/comment/40576",
        "comment": "I don't agree with the spring bear hunt. Just because a hunter doesn't see cubs doesn't mean they aren't nearby. As with all regulations there are always going to be people who don't follow the rules, and in remote areas this is harder to regulate and enforce. The argument that it is regulated and all hunters will follow the rules doesn't wash with me. In this day and age people don't need to hunt bears to eat. I know outfitters put out bait in their areas to draw the bears in. (I have seen it with my own eyes). When bears come out of hibernation they are going to be hungry, so this seems extra cruel. Give the cubs a chance to get through the summer and grown up a little.\nBass season doesn't open until spawning season is over to help make sure that there will be fish babies that grow up for future fishing seasons. Why would we make the rules different for bears, whose young needs care for longer before than can survive on their own?\nThis decision needs to be made based on science and what is right for the environment, not based on politics or profit.\n"
    },
    "40603": {
        "url": "/comment/40603",
        "comment": "Hunting Black Bears in the spring exposes cubs to the loss of a parent bear and the resulting risk to the health and life of the cubs.  While sow Bears are protected by this legislation the fact is they were protected previously when a Spring hunt was in force but sows were still hunted and killed.\nThis proposed legislation change is a significant step back in policy and will be massively unpopular with the great majority of the population and will be a political sinkhole for the government in presently in power.\nThe proposed change in policy is beneficial to only a tiny minority and will provide little consequential positive economic to the Province.\nDon't do it!\n"
    }
}