{
    "43556": {
        "url": "/comment/43556",
        "comment": "Ludicrous to reinstate spring bear hunting. We cannot afford to kill more animals vital to our ecosystems. I absolutely do not support this.\n"
    },
    "43558": {
        "url": "/comment/43558",
        "comment": "I do not support the hunting of bears, especially in the Spring. Hunters often mistake female for male bears, and accidentally orphaning Cubs means a death sentence for them. Bears are an integral part of our environment and I\u2019d like to keep it that way.\nThere are other ways to improve the ecomony where impact to our wildlife is minimal.\n"
    },
    "43559": {
        "url": "/comment/43559",
        "comment": "The spring bear hunt is just an excuse for extreme hunters to shoot mothers and even their cubs.  I knew a hunter who took pleasure in shooting cubs.  There is NO VALID REASON to have a spring hunt.  It will just create more orphaned cubs.  The hunters have enough seasons for killing....leave the bears in peace during spring.\n"
    },
    "43560": {
        "url": "/comment/43560",
        "comment": "I don't understand how pro-hunting minds help decide about preserving bear populations.\nHunting does not help populations - it only hurts and decimates them.\nIn the spring, animals are with their young, or about to give birth.\nHow is it even possible allow hunting of any animals in the spring?\nI am adamantly against hunting in any form, but find spring hunts especially abhorrent.\nHow do hunters know if an animal is male or female?\nWe cannot take the chance to kill a mother and abandon her young cubs.\nPeople have to learn to co-exist with all animals, including bears.\nI know I speak for many others who say NO to the spring bear hunt in Ontario and all of Canada.\n"
    },
    "43562": {
        "url": "/comment/43562",
        "comment": "I am writing today to oppose making the spring black bear hunt a permanent event.\nIt is too easy, even for seasoned hunters, to shoot a female bear thinking it is a male. This leaves cubs who just emerged from hibernation and are too small and young to care for themselves extremely vulnerable.\nSuch a decision to make a spring bear hunt a permanent event needs to come from science, not economics. It also needs to include the opinions of scientists, conservationists and First Nations peoples.\nLet\u2019s do the right thing by our wonderful wildlife. Human encroachment on their habitat is pushing the boundaries of their said habitats constantly. We need to make informed, scientifically sound decisions and protect animals that are part of our ecosystem.\nThank you.\n"
    },
    "43566": {
        "url": "/comment/43566",
        "comment": "I feel that wildlife, whether you respect them or not, deserve some protection when they are at their most vulnerable, as in nursing Mother bears.\nSome things are best left alone, and I ask you to oppose reopening the Spring bear hunt.\nBlack bear cubs will be born within weeks, and you will weaken their chances of survival if you support the changes, so I ask you to vote with your humanity and  integrity. I did NOT support this with my vote and a Spring bear hunt IS a deal breaker.\nWhen mother bears are killed, even by accident, their Cubs will starve to a very slow and painful death. Why put that on your record? Why put the cub through that for nothing but thrills and entertainment for someone?\nThat's what it is. Entertainment. Ontario can do better. Please do. #NoCubOrphans\n"
    },
    "43567": {
        "url": "/comment/43567",
        "comment": "Do not reinstate the Spring bear hunt. It's unethical and cruel in so many ways. They are entitled to their place on this planet  just as we are.  If you have any sense of decency and know these creatures are living breathing beings with feelings , just like we are....They deserve better. We humans who are suppose to be the superior intelligence , should preserve and conserve.  Murder is murder. not only for humans.\n"
    },
    "43572": {
        "url": "/comment/43572",
        "comment": "I am a citizen of Canada and a resident of Ontario and I absolutely find the changes are irresponsible, unethical, self-absorbed and short sighted. I do not support bear hunting whatsoever and in any circumstance. Please no do permit this savage affair to take place for the detriment to our environment and to the life and all the beings in our ecosystem. Please do bit more forth with this proposition and let these animals be in peace. Ignoring this comment will add to our collective grief and will complicate matters in the future. Please do not move forth. There is no honour, sport or valid reason to do take these lives that are not ours in the first place.\n"
    },
    "43573": {
        "url": "/comment/43573",
        "comment": "I believe there is a much more humane solution to the black bear population such as relocation.  It's too hard for hunters to differentiate between female and male bears which will also leave many cubs orphaned and left to perish.  Please don't allow this hunting to continue but instead use the wonderful opportunity of having black bears to educate locals and tourists that wish to visit your area.\n"
    },
    "43575": {
        "url": "/comment/43575",
        "comment": "I urge the government to reconsider reinstating black bear hunting. Based on my understanding, there does not appear to be a viable scientific basis to support hunting. Our black bear population is not so numerous to require this kind of activity. Far too often today we hear of dwindling wildlife populations. We should celebrate and support our wildlife and encourage populations to thrive. We coexist with nature and with the various species around us. This relationship should carry through in our policies. There is no compelling reason to reinstate hunting black bears. Ontarians do not hunt black bear to subsist. Hunting is not our only nor is it anywhere near our top sources of tourism revenue. Black bear hunting is a sport. An unpopular sport at that and one that is disproportionately violent and unjust. I believe that this proposal is a concerning regression in policy and one that is not reflective of the values of the majority of ontarians.\n"
    },
    "43576": {
        "url": "/comment/43576",
        "comment": "I do not agree to the spring bear hunt.  I do not trust that hunters will know the difference between a male and female (mother) bear and I do not trust that they even care to know the difference.  It is a totally unnecessary sport and if we do not protect our wildlife we are indeed a sad, pathetic society!\n"
    },
    "43577": {
        "url": "/comment/43577",
        "comment": "There is no good reason to reintroduce the spring hunt. There\u2019s no evidence of increased conflict with humans. The risk of shooting mothers with cubs is too high. Ethically, baiting and shooting animals shouldn\u2019t even be considered hunting. It\u2019s just mindless killing. Please don\u2019t go forward with this.\n"
    }
}