{
    "43038": {
        "url": "/comment/43038",
        "comment": "Please do not allow the spring bear hunt to happen!  Mother bears emerging from their dens with their young.  They have no chance. They are looking for food & are attracted to the bait.  Hunters do not care and do not know they are killing lactating female bears.  The bear cubs are orphaned & doomed to die.\nHow is baiting bears called hunting?  This is hidden from the general public.  More awareness is needed.\nWhy should there be a spring bear hunt in the Bruce Peninsula?  Bears are going to be extinct in this area.  This is cruel & inhumane.  Sport hunters should not be allowed from other countries to come & hunt our bears!!  SAVE the BRUCE BEARS!!\nSTOP the spring bear hunt!!!  SAVE OUR BEARS before they are extinct!!  Preserve our wildlife & nature for future generations!\nCANADA is a country we should be proud of.  Do not destroy it.  SAVE THE BEARS & ALL WILDLIFE FOR FUTURE GENERATIONS!!\n"
    },
    "43064": {
        "url": "/comment/43064",
        "comment": "I am solidly opposed to a permanent spring bear hunt.  In the Spring, mother bears leave their little ones in the den or in hiding while out foraging.  I was told by a bear hunting lodge owner that the majority of hunters cannot tell the difference between male and female bears.  Even though it was a financial loss for him, he was opposed to the spring bear hunt because of the likely occurrence of cubs being left in the woods to starve to death.\nThe livelihood of a handful of hunting lodges does not outweigh the kind of suffering that this hunt would perpetrate on the cubs.  Our wildlife is already facing challenges from climate change and adverse effects of development.  We should be thinking of ways to protect our wildlife and wild places instead of destroying them further.\nIf this proposal goes through, is the Provincial Government or the bear hunting lodges ready to fund the two years of costs of caring for the orphaned cubs that are lucky enough to find their way to a rehabilitation centre like \"Bear with Us\"?\nEco tourism is the wiser choice.  People from around the world would pay to view our wildlife and wild places.  Please reconsider this poorly thought out proposal.\n"
    },
    "43065": {
        "url": "/comment/43065",
        "comment": "I write this letter to make my feelings aware to you concerning the hunting of bears - at any time. I have seen images of hunters going into hibernating caves where mother bears and their new offspring are and killing them, merely for sport. I have heard of hunters killing mother bears while they are foraging with their babies either with them or treed while they search for food, and I ask why in this day and age is it necessary to kill for just the pleasure.\nWe should be treasuring our wildlife before it disappears as a result of our ever changing environment. If there were imminent danger, I could understand killing in order to protect oneself from either being maimed or killed but seriously, this is a very rare situation. Please reconsider the permit for Spring Bear Hunting as well as that of the Fall.\nThank you for considering my plea for the preservation of bears as a natural part of our wildlife.\nSincerely,\n"
    },
    "43081": {
        "url": "/comment/43081",
        "comment": "As the world turns away from trophy hunting, we in Ontario are going backwards. We know the truth. Ontario is eyeing the lucrative bear hunting market. They want to attract more American morons here to spend their money decimating our wildlife. Ontario has much to offer visitors. We do not need animal killing to the list of activities. We citizens have fought long and hard to make cetacean captivity illegal. Now this? It does not make sense. It is said that you can judge the citizens by how well they treat animals. A place to grow? I think not. A place to kill is more like it.\n"
    },
    "43098": {
        "url": "/comment/43098",
        "comment": "It is a shame outfitters seem to be taking over hunting and changing it into a business eliminating the hunters who just are out enjoying the sport without having someone over their shoulder. Hunting was a sport people could enjoy, but now it is turning into how much can you pay. Landowners and immediate relatives are also spending money in Ontario, with taxes and licenses, why is that not good enough?\n"
    },
    "43099": {
        "url": "/comment/43099",
        "comment": "A spring hunt is CRUEL.  Hunters cannot always tell the sex (and also do not always follow the rules) and will shoot a mother who's cubs are hidden, waiting for her to come back.\nIf she gets shot which happens far too often, the babies are left to die a long painful death from starvation.\nBaiting should be illegal. There is no sport in it.\n"
    },
    "43100": {
        "url": "/comment/43100",
        "comment": "I urge Ontario legislators to cancel the Spring Bear Hunt completely, and to not expand the pilot project instituted by previous Liberal governments. Please, do not follow the misguided plan laid out by previous governments led by another party. And, please note that even though the previous government callously expanded the Spring Bear Hunt pilot project, they still lost power.\nWhen governments do too much to satisfy lobbyists, like those that promote pro-hunting commercial interests, it\u2019s no guarantee that they will win or keep power. Most Ontarians do not hunt, nor do they support sport hunting. Most Ontarians want our public lands to be free of violence.\nI urge Ontario Progressive Conservative Party legislators to follow the example provided by former Premier Mike Harris and Minister John Snobelen, when they courageously resisted pressure from hunting lobbyists, a group that does not represent the majority of Ontarians.\nGovernmental support for sport hunting might gain votes in some ridings, but will surely lose voters\u2019 support in other ridings of Ontario.\nA modern province can develop a better tourism plan than inviting non-resident sport hunters who enjoy killing wildlife, animals who have little hope of escape, onto our mutually owned public lands. Ontario\u2019s forests belong to all of us, not just to the businesses that profit from violence against wild animals.\n"
    },
    "43101": {
        "url": "/comment/43101",
        "comment": "I was very concerned, once again, when I read about the announcement concerning permanently reinstating the Spring bear hunt. In 1999 the spring bear hunt was finally cancelled. The hunt was cancelled to protect bear cubs from being orphaned when their mothers were accidentally and /or illegally killed.\nIn 2013, the spring bear hunt was reintroduced as an experiment ostensibly to reduce human-bear conflict. \u00a0However, the government\u2019s own science showed that human-bear conflict had nothing to do with the spring hunt. In reality, the number of nuisance bear interactions increased when wild food crops, like berries and nuts, were not readily available due to drought or other poor environmental conditions.\nThe decision to permanently implement a spring bear hunt by our Minister of Natural Resources must be impartial and based on sound, evidence based, scientific data which would be applied to every other species were it not considered as \u201cprofitable\u201d. Appeasing hunters and other special interest groups should not be the primary goal of wildlife management policy.\n\u00a0\u00a0\nArguments against the reinstatement of the spring bear hunt:\nHunting bears in the spring does not reduce human-bear conflict.\u00a0 The government should heed the results of their own science and appointed committees. Complaints do not reflect the number of nuisance bears in the population. The number of bears that were in conflict with humans and which were consequently trapped did not increase following the cancellation of the spring bear hunt in 1999.\u00a0 The number of complaints about nuisance bears that occurred after the spring bear hunt was cancelled, was due to local controversy and an increased reporting effort.\nIt is difficult for hunters, even seasoned bear hunters, to tell the difference between male and female bears from a distance, and females leave their cubs in nearby trees while they forage. Inevitably, female bears are killed in the spring bear hunt.\nOrphaning cubs threatens the black bear population, which has one of the lowest reproductive rates of all species. Female black bears do not generally start reproducing until they are 6 years old. 70% of orphaned cubs die before they reach one year of age. Black bear cubs stay with the females for protection and to learn how to forage for approximately two years. Killing the female also eliminates that generation of dependant cubs which cannot survive, or over winter on their own.\nArguments against bear baiting:\nBaiting bears can increase the number of nuisance bears. Human attractants are a known cause of nuisance bear activity in populated areas. Bear baiting is begun well in advance of the legal hunt. Female bears teach their young how to forage, females that are not accidentally killed after using bait sites teach their young to take advantage of bait and other human food.\nFemales with cubs are more susceptible to being attracted by bait because they emerge from the den in Spring in poor body condition relative to other bears.\nIt can be difficult to identify and therefore avoid killing females around bait piles because mother bears stow their vulnerable cubs in trees while they forage.\nBaiting bears goes against the notion of \u201cfair chase\u201d \u2013 there is nothing ethical or culturally significant about luring bears and shooting them from blinds as they consume unnatural food.\u00a0\n\u00a0\nGeneral Recommendations (Preferred):\nImmediate closure of the spring bear hunt and immediate ban on all bear baiting.\nProper consideration of evidence based science when making management decisions, instead of politically based motives that only provide the economic evidence in support of the decision.\nTo reduce human/bear conflicts by supporting programs which teach people to manage their waste\n\u00a0\nAlternative To Preferred Recommendations:\nIf the hunt is to continue, thereby ignoring current science and research which does not support reestablishing the spring bear hunt, in order to appease a political base as demonstrated by the explosion of \u201cbusiness opportunities\u201d for multiple hunting organizations in Ontario, here are my recommendations. :\nThe Spring Bear hunt should last no more than 30 days, from June 1 to June 30.\nBaiting must stop after June 30 and not to resume again until Sept 1st, two weeks prior to the Fall Hunt.\nBaiting should be a minimum of 2km from the nearest residence or residential area and garbage must be cleared after the hunt.\nFall Hunt should begin Sept 15 and end October 30 throughout the Province.\nHunting with dogs must be strictly Prohibited.\nFemale bears with cubs must be actively protected during the Spring AND Fall Hunt.\nThe Ontario government must hire additional Conservation Officers for enforcement of the above recommendations.\nThe decision to allow a Spring Hunt must be reviewed annually, considering evidence based science confirming the population is healthy and not driven purely by economic interests. Consultations must include First Nations, scientists and conservationists and not simply relying on the \u201cscience\u201d provided by vested interests.\nHaving the Minister of Natural Resources, as stated by his own words, be more concerned about tourism, those hunting industries that support small business in northern and rural Ontario, forming committees such as the BGMAC to \u201cimprove big game management in Ontario\u201d, read support for the above groups, and not look to maintaining the health and longevity of all species supporting the ecosystem in Ontario, including the \u201cprofitable\u201d ones, is not what was intended for this Ministry. Economic development and business opportunities for Ontarians belong to other government ministries.\n\"We are listening to the concerns of northern Ontarians and the tourism industry that an ongoing pilot spring season creates economic uncertainty,\" said Minister Yakabuski. \"A regular, monitored spring bear hunting season would enable tourism outfitters and camp owners to better plan their operations for the entire year, while also allowing hunters to better plan their activities and support local businesses.\"\nPremier, the Minister of Natural Resources has a remit that includes the protection of all of our natural resources. It seems like a reasonable expectation that this would consider the need for long-term sustainability in preference to lobby pressure by those who wish to profit in the short-term. In other words, I would expect your accountability to all Ontarians as Premier and the responsibility of the Minister of Natural Resources require that the Ministry take a long view, and base this decision regarding when to allow a bear hunt on sound proven evidence-based scientific principles. This would also ensure those interested parties with an economic interest in hunting bears have a hunt to \u201cprofit\u201d from well into the future.\n"
    },
    "43107": {
        "url": "/comment/43107",
        "comment": "Please stop Black bear spring hunt for the year or two. The massive forest fires Canada has had in the last few years, and the development of projects have put the bear population under enough stress. Please allow them a time to settle, to find safe zones to raise the next generations of bears. Wild life has a right to live, and we must respect that. I also respect the rights of hunters, I am just asking them not to hunt bears this year so that the hunt will be strong for next year after the bears have settled.  It is my hope that we will learn from bears, and have the opportunity to hunt for many decades.\nthank you for taking the time to listen to my comments\n"
    },
    "43111": {
        "url": "/comment/43111",
        "comment": "The Spring bear hunt should be eliminated - it often leaves cubs abandoned to die of starvation after the mother is killed, and according to the province's own statistics, the hunt does nothing to reduce human conflict with bears.  Instead, the most effective actions for reducing human conflict with bears are educating the public regarding eliminating common attractants for bears.\nIf the Spring Bear Hunt is to continue, changes should be made to reduce the likelihood of cubs being left abandoned.   The season should be changed to June 1 to June 30 instead of beginning on May 1.  Baiting should be abolished.\n"
    },
    "43121": {
        "url": "/comment/43121",
        "comment": "Thank you for the opportunity to comment I am the proposed changes to the Spring bear hunt.  I am in favour of, and completely support, the full reinstatement of the Spring bear hunt.  I agree with most of the other proposed changes, as well. The only exception is as follows.  I don\u2019t believe that family and friends (from out of the Province) of property owners in Ontario, should have to go through an outfitter, to obtain a bear hunting license.  This defeats the purpose of travelling here to enjoy hunting with family and friends who have property in Ontario.\n"
    },
    "43129": {
        "url": "/comment/43129",
        "comment": "Spring Bear Hunt - I respectfully ask that this hunt be permanently abolished. It is inhumane and the policy was based on erroneous information perpetuating myths about black bears.  Policies should be based on sound scientific facts and not by lobby groups who have ulterior motives such as hunters. The season suggested (May 1 to June 15) falls directly during the time that female bears are foraging for their young cubs who are often deliberately hidden from danger up to a kilometre away. Imagine the cruel and deadly fate of the cubs if the mother gets shot by a hunter who wrongly claims that the bear is not a mother simply to justify their actions. As well, while I am not bear expert, I have done some reading about the subject and have noted that more protection of these female bears is required during the hunting season in the fall. This can be accomplished by hiring more conservation officers.  I have also read that it is rare that bears prey on moose calves.  Moreover, any conflicts with humans (and this goes for any wild predatory animals) originate with food and waste. If residents are mindful not to throw food waste out in the open, this reduces the chances of urbanizing wild animals. As well, baiting of bears  should be forbidden - this is completely inhumane and causes lots of collateral damage.  Should it be impossible to abolish this hunt, I ask that the time frame be deferred to a later month (June) to protect the cubs. And finally, I ask for greater transparency in releasing evidence of pilot projects involving the hunt .\n"
    },
    "43131": {
        "url": "/comment/43131",
        "comment": "The spring bear hunt should be abolished. Enforcement of hunting restrictions must be enhanced through funding, infrastructure and boots-on-the-ground hires of conservation officers.\nThe government must make an acknowledgement that a spring bear hunt is not about community safety as originally stated in 2014. Evidence shows it does not impact human conflict with bears; education and enforcement of human behaviour, attractants and feeding will have the greatest impact on mitigating and preventing conflict.\n"
    },
    "43132": {
        "url": "/comment/43132",
        "comment": "I would like that the Spring Bear Hunt be abolished. I live in northern Ontario and have never had nor know anyone that has had a nuisance bear situation and I live directly in bear habitat and have for 13 years. However, I have seen over the last 5 approved years of the spring hunt a decline in bear population where I live as well as orphaned and dead cubs - whether it be hit by a vehicle or dying of starvation due to not having their mother. We know that hunters are not supposed to kill nursing mothers but I do not know how they would know unless the bear was standing. It is also clear by the number of orphaned cubs in rehabilitation centres that many females are being killed. PLEASE let us all co-exist. It is inhumane to bait bears and also to use dogs in the hunt as dogs separate the mothers and cubs. PLEASE abolish this spring hunt. Cubs need their mothers for 18 months.\n"
    },
    "43133": {
        "url": "/comment/43133",
        "comment": "The spring bear hunt & all bear hunts should be cancelled.  Many bear cubs are left orphaned when their mother is killed in the spring bear hunt.  They will perish from lack of food and cannot protect themselves from predators.  Baiting bears in the spring when they are emerging from their dens, male & female, are hungry, and luring by baiting, is unethical & inhumane.  Bears are almost extinct in the Bruce Peninsula.  This is animal abuse & cruelty.  Sport hunters from other countries that enjoy killing animals should not be allowed to hunt in CANADA.  Excessive hunting is going to eliminate bears and other animals to the brink of extinction.  We should follow in the foot steps of Premier Mike Harris & Minister John Snobelen back in 1999 and cancel the spring bear hunt! Kathleen Wynne reinstated the spring bear hunt in 2014 as a pilot project. There should be enough data showing the spring bear hunt is not working out & should be cancelled.  The Ontario Government wants to expand the spring bear hunt & exploit the bears.  This should not happen.  We should not cater to people who enjoy the thrill of the kill & others who benefit & profit from the death of animals. These animals are helpless & cannot speak or defend themselves.  We need to protect them for future generations to enjoy.  Bring back the Bear Wise program & educate people on bear habits so we may all live together in peace.  Stop the spring bear hunt before it is too late!!  There are many of us who do not agree with hunting!!\n"
    },
    "43135": {
        "url": "/comment/43135",
        "comment": "To allow this bear hunt after 18 years is wrong,   to kill mother bears with cubs is despicable.   The government is playing right into the hands of hunters who have no concerns over conservation, bears play a role in the ecosystem, and they have the right to live freely . To allow this to happen is playing into the hands of a group of voters who only care about one thing \" Killing\"  There has to be a more humane way to control bears without killing them.  Killing has become far to easy, relocating is a far better way to go.    This is nothing but a blood sport and we need to shut it down.  Wildlife is under siege to allow bear cubs to starve to death is a cruel and barbaric act.  To allow hunters to shoot bears in their dens is another barbaric act.  When governments do too much to satisfy lobbyists, like those that promote pro-hunting commercial interests, it\u2019s no guarantee that they will win or keep power. Most Ontarians do not hunt, nor do they support sport hunting. Most Ontarians want our public lands to be free of violence.\nI urge Ontario Progressive Conservative Party legislators to follow the example provided by former Premier Mike Harris and Minister John Snobelen, when they courageously resisted pressure from hunting lobbyists, a group that does not represent the majority of Ontarians.\n"
    }
}