{
    "41895": {
        "url": "/comment/41895",
        "comment": "Re: Spring Bear Hunt\nI am totally opposed to this.\nCubs are born in January. If the sow is killed, these cubs will be orphaned and will die a slow, agonizing death from exposure and starvation.\nIf the cubs are rescued, sanctuaries like Bear With Us or Aspen will be inundated with babies.\nWill the Province compensate the sanctuaries for their care? I doubt it.\nPlease reconsider this horrible proposal\n"
    },
    "41896": {
        "url": "/comment/41896",
        "comment": "I am writing concerning the proposed spring bear hunt.   I am Full Professor of Biodiversity and Conservation Biology at the University of Toronto.   I conduct research and teach university students about wildlife and their management.   The killing of bears for sport and for presumed 'control' is unethical and illogical and contrary to modern management practices.  Just as some still want to hunt elephants, rhinos, swans and other charismatic wildlife,  there exists in Ontario a small percentage of society that has an outdated understanding of bear biology and is being manipulated by misinformation provided by hunting clubs and commercial interests.  Bears are not a real threat nor a necessary disturbance and people are often surprised to learn that injuries in bathtubs or by cars in Ontario are magnitudes more likely than from a bear even when encountered in the wild.  We do not outlaw or shoot bathtubs and cars.  Moreover, people are surprised to learn that bears are sentient beings with feelings, experiencing pleasure and pain the same as, or analogous to, ourselves.  Furthermore, people are surprised to realize how much pain and suffering is caused by hunting and that bears are wounded and certainly rarely die instantly from being shot.  I've been involved as a professional with bears for 30 years and have grown up in Ontario with them in my front yard as a child, have encountered hundreds while on foot in the wild, read and study the scientific literature about wildlife, and of course design and teach our biodiversity and conservation courses and can say that the spring bear hunt is the wrong thing for us to do to these animals.\n"
    },
    "41901": {
        "url": "/comment/41901",
        "comment": "I strongly oppose the spring bear hunt and want to see it canceled, as it will undoubtedly leave behind orphan cubs.  At the very least, if it must go ahead, I would like to see the following changes:\n- protection of female bears from being hunted, as they may have cubs close by that are being kept away from the female while foraging;\n- release evidence to the public of the pilot project's successes;\n- do not allow baiting.\n"
    },
    "41904": {
        "url": "/comment/41904",
        "comment": "The government must make an acknowledgement that a spring bear hunt is not about community safety as originally stated in 2014 in the face of their own evidence showing it does not impact human conflict with bears; education and enforcement of human behaviour, attractants and feeding will have the greatest impact on mitigating and preventing conflict.\n"
    },
    "41905": {
        "url": "/comment/41905",
        "comment": "Please stop the cruel Spring Bear Hunt. Female bears with cubs must be protected. So many cubs are orphaned by this hunt. Bear baiting should be banned for being an unfair practice. This hunt is not about community safety. The Bear Wise program provides information and best practices for  sharing space with these intelligent, adaptable animals.\n"
    },
    "41906": {
        "url": "/comment/41906",
        "comment": "Please do not do this. There is no reason for this hunt. It\u2019s killing for trophies. It is cruel to bears after hibernating and will leave so many baby bears orphaned. You should be building and staffing wildlife refuges not hunting our precious wildlife\nPlease, I implore you do not pass this into law.\n"
    },
    "41908": {
        "url": "/comment/41908",
        "comment": "Please consider the following important points:\nThe current season of May 1 to June 15 should be changed to June 1 to June 30 to protect females with cubs as well as the cubs themselves;\nBaiting should not take place; if it will, baiting must end when the season concludes and not begin again until shortly before the fall season and more stringent limits must be put in place to protect recreationalists, drivers, property owners, pets and others from bait piles that attract wildlife. All bait sites should be registered to ensure compliance;\nThe government must make an acknowledgement that a spring bear hunt is not about community safety as originally stated in 2014 in the face of their own evidence showing it does not impact human conflict with bears; education and enforcement of human behaviour, attractants and feeding will have the greatest impact on mitigating and preventing conflict;\nA report should be created and released on the impact of a spring bear hunt on other recreationalists\u2019 safety, freedom to explore and expectations, as bear hunters in the spring make up a very small percentage of people enjoying the outdoors in Ontario;\nA report should be created and released on efforts of the Ontario government to increase availability of non-consumptive ecotourism opportunities in the province alongside the limited spring bear hunt.\nThe use of hounds/dogs to chase, tree and/or otherwise harass bears should be immediately halted.\n"
    },
    "41909": {
        "url": "/comment/41909",
        "comment": "The hunting season regulations should be addressed bi-yearly in order to make the best decision. The hunting season should not begin in May but rather in June, so newborn cubs are not left motherless. The baiting distance should not be decreased but remain as is. The hunting season should be decreased, in order to provide benefits to all.\n"
    },
    "41910": {
        "url": "/comment/41910",
        "comment": "Females with cubs must be protected; currently that is difficult as cubs are frequently treed or kept away by their mother while she forages.\nThe government must make an acknowledgement that a spring bear hunt is not about community safety as originally stated in 2014 in the face of its own evidence. Education and enforcement of human behaviour, attractants and feeding will have the greatest impact on mitigating and preventing conflict.\nThe use of hounds/dogs to chase, tree and/or otherwise harass bears should be immediately halted.\nThe current season of May 1 to June 15 should be changed to June 1 to June 30 to protect females with cubs as well as the cubs themselves.\nBaiting should not take place. This will also protect recreationalists, drivers, property owners, pets and others from bait piles that attract wildlife.\n"
    },
    "41911": {
        "url": "/comment/41911",
        "comment": "I disagree with the bear hunt.  People should take steps to protect rather than kill.  Bear season should be changed to June 1 to protect moms and cubs.  Baiting should never be allowed.  Dogs should never be allowed.  I do not believe this is done for public safety.  I was in Alaska where they had coexisted with grizzlies for over 20 years with no bear shootings.  Their answer was treating the bears with respect. People are the problem. We feed them and then shoot them if they come back for food. We enter their territory with no respect.  I am sick of animals being killed for no reason other than inconvenience.  I want more study done by the government to ensure bear safety and harmonious living with people. It can be done with little or no bloodshed. Give it a fair try. Thank you. Elizabeth Maloan.  Ottawa Ontario.\n"
    },
    "41914": {
        "url": "/comment/41914",
        "comment": "Females with cubs must be protected; currently that is difficult as cubs are frequently treed or kept away by their mother while she forages.\nThe current season of May 1 to June 15 should be changed to June 1 to June 30 to protect females with cubs as well as the cubs themselves.\nEvidence as to the accomplishments and milestones of the pilot project and the extended pilot project (not the original strategy written before the hunts) need to be released to the public.\nBaiting should not take place; if it will, baiting must end when the season concludes and not begin again until shortly before the fall season and more stringent limits must be put in place to protect recreationalists, drivers, property owners, pets and others from bait piles that attract wildlife. All bait sites should be registered to ensure compliance.\nInformation showing an increase in enforcement capability through funding, infrastructure and boots-on-the-ground hires of conservation officers should be made available.\nThe government must make an acknowledgement that a spring bear hunt is not about community safety as originally stated in 2014 in the face of their own evidence showing it does not impact human conflict with bears; education and enforcement of human behaviour, attractants and feeding will have the greatest impact on mitigating and preventing conflict.\nA report should be created and released on the impact of a spring bear hunt on other recreationalists\u2019 safety, freedom to explore and expectations, as bear hunters in the spring make up a very small percentage of people enjoying the outdoors in Ontario.\nA report should be created and released on efforts of the Ontario government to increase availability of non-consumptive ecotourism opportunities in the province alongside the limited spring bear hunt.\nThe use of hounds/dogs to chase, tree and/or otherwise harass bears should be immediately halted.\n"
    },
    "41915": {
        "url": "/comment/41915",
        "comment": "I'm shocked to find out we are hunting bears here in Ontario!  What is the point?  As human population continues to grow in staggering numbers and we are taking up more and more natural habitat all our wildlife needs to be protected more now than ever.  Anyone using a gun against a helpless animal what chance do they have and what is the propose of hunting at all today?  Laws need to be put in place and hunting should be banned completely.  There is no need for it today. Please stop his barbaric hunting against bears and all wildlife!  Susan\n"
    },
    "41916": {
        "url": "/comment/41916",
        "comment": "The spring bear hunt is completely unnecessary.   Autumn bear hunts are adequate for population control.  Spring hunts have the potential for orphaned cubs and target bears during a vulnerable time of the year.  In addition the spring hunt would be potentially dangerous for various public safety reasons.  A majority of Ontario\u2019s  population will not support this hunt.  Please reconsider the proposed changes to black bear hunting regulations.\n"
    },
    "41917": {
        "url": "/comment/41917",
        "comment": "I FIND IT APPALLING THAT ANY PERSON WOULD PURPOSELY WANT TO KILL A BEAR, OR ANY WILD ANIMAL UNLESS IT WAS TO HARVEST THAT ANIMAL FOR FOOD.\nHUNTING TO CUT DOWN NUMBERS OF AN ABUNDANT SPECIES DOES NOT WORK AS IT THROWS NATURE OUT OF BALANCE.\nTHE FACT THAT THERE ARE SO MANY ORPHANED CUBS IS DISTRESSING, NOT THE LEAST FOR THE CUBS THAT SUFFER A CERTAIN DEATH WITHOUT THE SOWS.\nPLEASE USE YOUR HEARTS AND HEADS WHEN CONSIDERING HUNTING.\nTHANK YOU.\n"
    },
    "41918": {
        "url": "/comment/41918",
        "comment": "I am an adult Ontario resident. I request that any spring bear hunt be abolished permanently..\nThe risk of errant bullets especially around unmarked bait sites makes me afraid for my safety and for that of my friends and loved ones who enjoy outdoor recreational activities such as camping, hiking, canoeing and photography. Further my love of being in nature extends to ethical ecotourism where one may have the opportunity to see wildlife without concern of seeing injured or dead animals due to hunting or hearing shots.\nI also suggest that the practice of baiting be banned both during, and after or before any hunting season. Baiting indiscriminately attracts many species; baiting poses an increased danger to non-hunters especially when the sites are unmarked and unregistered.\nCrown land is held in trust for everyone - not just hunters.\nGovernment should base bear hunt decisions on good science and on recommendations from  wildlife biologists/conservationists. And, as the government established and concluded a bear hunt pilot project in past years, the data, results and conclusions should be made easily publicly available.\nHuman-bear conflicts are caused by human behaviour that leaves food sources around that then attracts bears (such as garbage and birdfeeders)-in other words, hunting of bears cannot be justified using the excuse of human-bear conflict.\nOf great importance is that a hunter cannot tell whether they are shooting at a smaller male bear or at a nursing female in May as cubs are too young then to forage for food with their mother-thus leaving those nursing females foraging alone, and their cubs left alone, at great risk\nOne further point is that using dogs to assist the hunting of bears(of other wildlife) should be banned immediately as such practice is cruel, harmful to wildlife in general, and adds even more risk to the great many residents and tourists who enjoy recreational activities in nature.\n"
    }
}