{
    "44618": {
        "url": "/comment/44618",
        "comment": "This is a terrible idea.  You should know that bear cubs will continue to be orphaned if the hunt becomes permanent.  It is currently illegal to kill cubs and mother bears accompanied by cubs, mother bears often leave their cubs in trees when searching for food as a result if a mother is killed, her cubs will likely die slowly of starvation or be eaten by predators.\n"
    },
    "44619": {
        "url": "/comment/44619",
        "comment": "I agree with all Non-Residents having to go though an operator for the Black Bear Hunt. We as operators work hard to manage our BMA's to maintain good population of bears, we feel that anyone who offers any hunter resident or non-resident should have a license and have to apply for their own BMA's. We should not have to share our BMA's with anyone who charges for a hunter to hunt for bears. We have no say in a resident who is camping on crown land, however no one should be able to get a guide license or be a owner of a camp or motel and then charge a resident a fee for accomodations or services and put them out anywhere to hunt. Maybe all Camps who pay the license fee plus the BMA fee should start putting resident hunters out  to hunt on anyone else's BMA. We currantly do not do this practise so as to not cause any problems  or bad feelings.\n"
    },
    "44623": {
        "url": "/comment/44623",
        "comment": "I am opposed to a spring black bear hunt season in Ontario.  It is impossible to enforce the prohibition against the killing of cubs, or females with cubs.  Female bears emerging from dens on their own will be attracted to bait and will be killed, leaving cubs behind to starve.\nPlease consider points made in Proceedings of the Fifth Western Black Bear Workshop, 1996  \u201cSociological and Ethical Considerations of Black Bear Hunting\u201d  https://www.animalalliance.ca/wp-content/uploads/2016/04/report_1996_Be\u2026\n\u201cRationale Against Spring Seasons\n[\u2026\u2026.]\n1.\tIt is ethically wrong to hunt during a time when females are nursing young because of orphaning and subsequent death of cubs.\n2.\tIt is wrong to harass bears during a critical period for them physiologically.\n3.\tBears are too vulnerable in the spring because of their concentration in limited habitat and declining physical condition.\n4.\tSpring seasons contribute to harming other natural resources.  Road damage and stream siltation are two examples.\n5.\tAgencies lose credibility for supporting spring seasons.\nI am persuaded by the ethical argument alone against a spring hunting season.  Although there are other factors to consider such as:\n\u2022\tevidence shows that the spring bear hunt does not reduce human-bear conflict\n\u2022\ta hunt that targets postpartum females threatens the sustainability of the population of this species\n\u2022\tthere might well be a stronger regional economic benefit from the presence of black bears, and other wildlife species, if eco-tourism, rather than hunting, were promoted\nthe unethical nature of the hunt, and the damage it does to Ontario\u2019s reputation are sufficiently compelling for me.\nThe correct decision was made in 1999 to end the spring bear hunt in Ontario.  Please be the government that does the right thing again in 2020.\n"
    },
    "44625": {
        "url": "/comment/44625",
        "comment": "I AM STRONGLY AGAINST THE BEAR HUNT IN THE SPRING or Anytime!!!\nI was raised near North Bay and am aware of the cruel efforts the hunters make to kill the bears.  Mostly, it is the   mothers, in some cases in front of the cubs.  They then have orphans which usually die.  The sport hunters bait the traps. The bears are very hungry after the winter.  The sport hunters  then take up a 'blind'  ( usually high into the tree's canopy to conceal\n themselves).  When the bear appear,shoot them off without ANY sport at all.  It is just the joy of killing that they experience.  Next, the killer instinct will be heading into school yards to get the joy of 'killing'.  All forms of killing must be STOPPED.  There MUST be a balance in nature.  The bear is needed as are the wolves.  As population grows the wild life need a home.  They will not survive as we are experiencing here near the Bruce Peninsula where the autumn hunt is cancelled as well as any spring hunt.\nSTOP THE SPRING BEAR HUNT!!!\nIf the P.C Gov't let this go on you will loose two very strong volunteers in the Simcoe county.  We have worked very hard with Jim Wilson over the twenty years we have been here so we are not anti Conservative .\n"
    },
    "44626": {
        "url": "/comment/44626",
        "comment": "I am totally against the reinstatement of the spring bear hunt... When my family voted for you we expected to have honest, fact worthy, science based information about wildlife.. infact we expect honesty with everything you do in this province... I closely follow everything you and the conservative party do in Ontario and Federally, and i am becoming more convinced that you and the provincial conservative party are becoming more like the Liberals... the sneakiness, deceit, and downright lying is a Liberal trait that you have decided to follow... Immediately cancel any thought of this spring bear hunt as it does nothing for bears, or humans... all your doing is catering to the hunting lobbyists and butchers of wildlife in this province..SHAME ON YOU FOR DOING SO... Reverse this decision immediately!!YOUR SUPPOSE TO DO WHAT IS BEST FOR WILDLIFE, NOT THE HUNTING LOBBY...\nRESTORE MY FAITH IN THIS PARTY, .. reverse your  spring bear hunt decision...\n"
    },
    "44627": {
        "url": "/comment/44627",
        "comment": "I urge Ontario legislators to cancel the Spring Bear Hunt completely, and to not expand the pilot project instituted by previous Liberal governments. Please, do not follow the misguided plan laid out by previous governments led by another party. And, please note that even though the previous government callously expanded the Spring Bear Hunt pilot project, they still lost power.\nWhen governments do too much to satisfy lobbyists, like those that promote pro-hunting commercial interests, it\u2019s no guarantee that they will win or keep power. Most Ontarians do not hunt, nor do they support sport hunting. Most Ontarians want our public lands to be free of violence.\nI urge Ontario Progressive Conservative Party legislators to follow the example provided by former Premier Mike Harris and Minister John Snobelen, when they courageously resisted pressure from hunting lobbyists, a group that does not represent the majority of Ontarians.\nGovernmental support for sport hunting might gain votes in some ridings, but will surely lose voters\u2019 support in other ridings of Ontario.\nA modern province can develop a better tourism plan than inviting non-resident sport hunters who enjoy killing wildlife, animals who have little hope of escape, onto our mutually owned public lands. Ontario\u2019s forests belong to all of us, not just to the businesses that profit from violence against wild animals.\n"
    },
    "44628": {
        "url": "/comment/44628",
        "comment": "As in the past, the spring bear hunt historically caused the death of many sow bears with cubs therefore, one sow shot caused several bear deaths (the cubs).  This was the main reason the spring bear hunt was cancelled in the first place.  My husband is an outdoorsman with a trappers certificate and is in no way anti hunting, but we both believe there needs to specific limits.\nOntario already makes $50.6 million a year on hunting.  An increase on hunting leads to more people and vehicles in many already stressed environments and habitats.  At a time when many animal populations are threatened and in decline here and around the world, adding more humans and machinery and guns to these habitats can only lead to more damage to habitats and stress to local populations of various wildlife.\nIt has been really nice to see the black bear population increasing over the years and it is nice to have several large species of healthy populations of wild mammals and birds in Ontario.  This alone draws large tourism.\nAt some point we as humans have to realize that our joy should not involve killing helpless animals in order to make money.   Some things are more valuable than money.  Our wildlife, our natural spaces and ecosystems are in danger.  Please do not open the spring bear hunt as a way to make more revenue.   The fall bear hunt kills enough bears and hunting clearly makes the province enough money.  Chose life over financial gain.\n"
    },
    "44630": {
        "url": "/comment/44630",
        "comment": "I am not in favour of allowing a spring bear hunt. Hunting of animals while they are reproducing is cruel and unnecessary. Hunting bears in the spring results in many orphaned cubs who are doomed to suffer and die without their mother as hunters can not always tell a sow from a boar. I also understand that bears are \u2018hunted\u2019 through the use of bait. This is a very sad situation when this activity is considered a sport.\nSurely there are better ways to develop the economy in the north than sacrificing the lives of our animals.\nThis is a shameful practice and should not be made permanent.\n"
    },
    "44632": {
        "url": "/comment/44632",
        "comment": "I am totally against bringing back the Spring Bear Hunt in Ontario.  Allowing people to hunt female bears just after they come out of their den with brand new babies. Anyone who tells you that they can detect the difference between male and female bears in dreaming. Just because a bear is alone with no babes in sight does not mean that there are no babies. She often leaves them in a tree or other hiding place as she looks for food. Without their mothers the cubs suffer a cruel death by starvation.\nWhat is the benefit of such a hunt?? Giving some mean person the bragging rights to killing an unarmed beautiful animal is insane.\n"
    },
    "44633": {
        "url": "/comment/44633",
        "comment": "I am appalled to learn that the Ontario government is considering allowing black bears to be hunted and killed. Hunting wild animals is a primitive and barbaric practice. Mother bears who leave their cubs in trees when searching for food could be killed, and their cubs will then likely die slowly of starvation or be eaten by predators. Bears have low reproduction rates, meaning the survival of adult females is vital for the species.\nThe government has claimed that it needs to reduce black bear hunting in Saugeen-Bruce Peninsula due to population concerns, yet it is simultaneously proposing to allow the hunting and trapping of these bears in that region for one week each spring. This makes no sense!\nI fear that this whole proposal of bringing back the bear hunt is a wretched attempt to pander to the powerful hunting lobby. If Canada is to be a compassionate, progressive nation, it must enact protections for bears and all wildlife--this regressive legislation would do the opposite. The trophy hunting of bears is backward, it is cruel, it is unnecessary, and it is unacceptable.\n"
    },
    "44634": {
        "url": "/comment/44634",
        "comment": "We are adamantly opposed to any reopening of a spring bear hunt. There is not one justifiable reason to exploit these bears especially after going for months without eating.\nThis is unnecessary violence and everyone I have spoken to about this is appalled that this is even being considered.\nThe Ontario hunters and anglers association is behind this, its very obvious.  Their voices should not outweigh the rest of Ontarioans.\nDo not implement a spring bear hunt.\n"
    },
    "44635": {
        "url": "/comment/44635",
        "comment": "Does the proposal consider all aspects of the situation?  How certain can you be that there won't be baiting or a mother killed who has cubs treed or elsewhere while she forages.  If we were talking about a dog hunt would you go for it?  Hunting opportunities?  In this era of climate change (whether made by us or not - let's not argue that - let's just face the reality before us) can we condone the culling of this/that/the other species one year or over several, when a looming situation such as wildfires might happen.  Surely these hunters can find other means of entertainment, than slaughtering animals.  A billion animals are gone in Australia now.  Unless it is at our doorstep, our apathy is amazing to me.  This is a small blue marble planet, and it is the only one we have.  A trophy on a wall, obtained through unfair technology.  Of course the bear will lose.  But, so do we.  You just don't know it (yet).  Or you choose to ignore it for immediate reasons.\n"
    },
    "44636": {
        "url": "/comment/44636",
        "comment": "Honourable Doug Ford:\nAs a long time Conservative Party supporter, I am hoping that you will respond to what the vast majority of voters want and not satisfy the pro-hunting lobbyists.\nTherefore, I urge Ontario legislators to cancel the Spring Bear Hunt completely, and to not expand the pilot project instituted by previous Liberal governments. Please, do not follow the misguided plan laid out by previous governments led by another party. And, please note that even though the previous government callously expanded the Spring Bear Hunt pilot project, they still lost power.\nWhen governments do too much to satisfy lobbyists, like those that promote pro-hunting commercial interests, it\u2019s no guarantee that they will win or keep power. Most Ontarians do not hunt, nor do they support sport hunting. Most Ontarians want our public lands to be free of violence.  There is enough cruelty, violence and unnecessary slaughtering of innocent animals.  In fact, as more and more countries recognize the need to treat animals with compassion and move to expand the protection of animals, by allowing the spring bear hunt to continue is a poor reflection on this country and this province, and is a big step in the wrong direction.\nI urge Ontario Progressive Conservative Party legislators to follow the example provided by former Premier Mike Harris and Minister John Snobelen, when they courageously resisted pressure from hunting lobbyists, a group that does not represent the majority of Ontarians.\nGovernmental support for sport hunting might gain votes in some ridings, but will surely lose voters\u2019 support in other ridings of Ontario.\nA modern province can develop a better tourism plan than inviting non-resident sport hunters who enjoy killing wildlife, animals who have little hope of escape, onto our mutually owned public lands. Ontario\u2019s forests belong to all of us, not just to the businesses that profit from violence against wild animals.\nThank you.\n"
    },
    "44637": {
        "url": "/comment/44637",
        "comment": "I'm appalled by this. Killing innocent bears-animals. Leaving cubs/baby animals orphaned & unable to survive on their own. Bears or other animals will not attack unless they feel threatened. Do not approach them especially if with cubs. Do not leave food scraps outside. Do not try to chase a bear away. We should be teaching people how to avoud an attack instead of killing. They way we treat animals says alot about how one treats a person. cruelty to animals as the first warning sign of later delinquency, violence, and criminal behavior.\n"
    }
}