{
    "43367": {
        "url": "/comment/43367",
        "comment": "I urge Ontario legislators to cancel the Spring Bear Hunt completely, and to not expand the pilot project instituted by previous Liberal governments. Please, do not follow the misguided plan laid out by previous governments led by another party. And, please note that even though the previous government callously expanded the Spring Bear Hunt pilot project, they still lost power.\nWhen governments do too much to satisfy lobbyists, like those that promote pro-hunting commercial interests, it\u2019s no guarantee that they will win or keep power. Most Ontarians do not hunt, nor do they support sport hunting. Most Ontarians want our public lands to be free of violence.\nI urge Ontario Progressive Conservative Party legislators to follow the example provided by former Premier Mike Harris and Minister John Snobelen, when they courageously resisted pressure from hunting lobbyists, a group that does not represent the majority of Ontarians.\nGovernmental support for sport hunting might gain votes in some ridings, but will surely lose voters\u2019 support in other ridings of Ontario.\nA modern province can develop a better tourism plan than inviting non-resident sport hunters who enjoy killing wildlife, animals who have little hope of escape, onto our mutually owned public lands. Ontario\u2019s forests belong to all of us, not just to the businesses that profit from violence against wild animals.\n"
    },
    "43369": {
        "url": "/comment/43369",
        "comment": "Please do not bring back the black bear spring hunt. It is very difficult for a hunter to distinguish between a female or male bear. When the mother is killed the cubs will be orphaned and ultimately starve to death.\nI have connections to Manitoulin Island and I can tell you that it has been 3years since I last seen a black bear in our area of the island.\nPlease do not kill the bears in the spring as they are just coming out of hibernation and do not have enough body weight to even protect themselves.\nWhen humans interfere with nature ultimately there is an imbalance. The cubs need a chance and that chance is to stop the spring bear hunt.\n"
    },
    "43370": {
        "url": "/comment/43370",
        "comment": "I am concerned that black bears could be over-harvested as black bears have a low reproductive rate.  With this spring hunt many young and/or orphaned cubs will be killed.  These young and orphaned bears being killed will have an impact on the population.\nI am also concerned that hunters will kill bears that are prohibited such as females or ones with cubs.  I think COSSARO needs to reassess bears in Ontario.  Please don't expand the spring bear hunt!\n"
    },
    "43373": {
        "url": "/comment/43373",
        "comment": "I urge Ontario legislators to cancel the Spring Bear Hunt completely, and to not expand the pilot project instituted by previous Liberal governments. Please, do not follow the misguided plan laid out by previous governments led by another party. And, please note that even though the previous government callously expanded the Spring Bear Hunt pilot project, they still lost power.\nWhen governments do too much to satisfy lobbyists, like those that promote pro-hunting commercial interests, it\u2019s no guarantee that they will win or keep power. Most Ontarians do not hunt, nor do they support sport hunting. Most Ontarians want our public lands to be free of violence.\nI urge Ontario Progressive Conservative Party legislators to follow the example provided by former Premier Mike Harris and Minister John Snobelen, when they courageously resisted pressure from hunting lobbyists, a group that does not represent the majority of Ontarians.\nGovernmental support for sport hunting might gain votes in some ridings, but will surely lose voters\u2019 support in other ridings of Ontario.\nA modern province can develop a better tourism plan than inviting non-resident sport hunters who enjoy killing wildlife, animals who have little hope of escape, onto our mutually owned public lands. Ontario\u2019s forests belong to all of us, not just to the businesses that profit from violence against wild animals.\n"
    },
    "43375": {
        "url": "/comment/43375",
        "comment": "I have been hunting black bears on my land for 20+ years.  For the last 3 years I live in another province and I have continued to enjoy hunting with my family as a non-resident.  I have no need for an outfitter.  An outfitter would not be able to get to my camp to assist me.  I have made a significant investment in my hunt camp, will the province purchase property back from non-residents if this rule goes though?\nPlease do not do this.  I plan to return to Ontario when I retire, but unfortunately I need to keep working out west to put my kids through school.\nKind Regards,\nImpacted hunters that do not support this policy.\n"
    },
    "43377": {
        "url": "/comment/43377",
        "comment": "I am a federal environmental scientist. I am well aware of all of the aspects of implementing the spring bear hunt again. I am 100% against it. Bears are left without their mothers - cubs need their mothers until ~16 months of age- meaning killing a mother in the spring ultimately will also be a death sentence for her cubs. Hunters kill females as it is difficult to tell the sex of a bear from afar, and the mother and cubs are not always close together. Male bears only emerge ~2 weeks before females - so a spring hunt means both sexes are available to hunters. Nuisance bears are often not the ones taken in the spring hunt, and this does not solve that problem. Nuisance bears are created by the public- better education and enforcement will help to mitigate that issue. Please do not reinstate the spring bear hunt.\n"
    },
    "43378": {
        "url": "/comment/43378",
        "comment": "Having had a social relationship with a male black bear beginning in 2008, I am against the spring bear hunt because it leaves them particularly vulnerable in the spring.  Walter spent ten years living shyly, without causing any problems, among homes and cottages east of Verona until he was chased away by our neighbours' dogs in the spring of 2018, who felt that our unoccupied house was their territory.  He will now be more vulnerable to hunters, in an area where too many bears is not a problem. Learning to live with diverse wildlife is imperative and makes us better human beings.\n"
    },
    "43379": {
        "url": "/comment/43379",
        "comment": "I urge Ontario legislators to cancel the Spring Bear Hunt completely, and to not expand the pilot project instituted by previous Liberal governments. Please, do not follow the misguided plan laid out by previous governments led by another party. And, please note that even though the previous government callously expanded the Spring Bear Hunt pilot project, they still lost power.\nWhen governments do too much to satisfy lobbyists, like those that promote pro-hunting commercial interests, it\u2019s no guarantee that they will win or keep power. Most Ontarians do not hunt, nor do they support sport hunting. Most Ontarians want our public lands to be free of violence.\nI urge Ontario Progressive Conservative Party legislators to follow the example provided by former Premier Mike Harris and Minister John Snobelen, when they courageously resisted pressure from hunting lobbyists, a group that does not represent the majority of Ontarians.\nGovernmental support for sport hunting might gain votes in some ridings, but will surely lose voters\u2019 support in other ridings of Ontario.\nA modern province can develop a better tourism plan than inviting non-resident sport hunters who enjoy killing wildlife, animals who have little hope of escape, onto our mutually owned public lands. Ontario\u2019s forests belong to all of us, not just to the businesses that profit from violence against wild animals.\n"
    },
    "43381": {
        "url": "/comment/43381",
        "comment": "I urge Ontario legislators to cancel the Spring Bear Hunt completely, and to not expand the pilot project instituted by previous Liberal governments. Please, do not follow the misguided plan laid out by previous governments led by another party. And, please note that even though the previous government callously expanded the Spring Bear Hunt pilot project, they still lost power.\nWhen governments do too much to satisfy lobbyists, like those that promote pro-hunting commercial interests, it\u2019s no guarantee that they will win or keep power. Most Ontarians do not hunt, nor do they support sport hunting. Most Ontarians want our public lands to be free of violence.\nI urge Ontario Progressive Conservative Party legislators to follow the example provided by former Premier Mike Harris and Minister John Snobelen, when they courageously resisted pressure from hunting lobbyists, a group that does not represent the majority of Ontarians.\nGovernmental support for sport hunting might gain votes in some ridings, but will surely lose voters\u2019 support in other ridings of Ontario.\nA modern province can develop a better tourism plan than inviting non-resident sport hunters who enjoy killing wildlife, animals who have little hope of escape, onto our mutually owned public lands. Ontario\u2019s forests belong to all of us, not just to the businesses that profit from violence against wild animals.\u201d\n"
    },
    "43384": {
        "url": "/comment/43384",
        "comment": "I believe all animals have the right to live and enjoy life.\nNature is quite capable of managing itself.\nHunting and killing is very cruel.\nRegarding the spring hunt:\n\"Although it was illegal to kill a mother bear with cubs, the Minister\u2019s own staff estimated that 274 bear cubs were orphaned in the spring as a result of the hunt.  The newly introduced spring hunt also makes it illegal but hunters have a great deal of trouble determining whether the bears they kill are male or female and whether the females are nursing mothers.  This new hunt will orphan baby bears who will suffer a prolonged and agonizing death by starvation.\"\nPlease, STOP THE CRUEL BEAR HUNT.\n"
    },
    "43385": {
        "url": "/comment/43385",
        "comment": "I urge Ontario legislators to cancel the Spring Bear Hunt completely, and to not expand the pilot project instituted by previous Liberal governments. Please, do not follow the misguided plan laid out by previous governments led by another party. And, please note that even though the previous government callously expanded the Spring Bear Hunt pilot project, they still lost power. When governments do too much to satisfy lobbyists, like those that promote pro-hunting commercial interests, it\u2019s no guarantee that they will win or keep power. Most Ontarians do not hunt, nor do they support sport hunting. Most Ontarians want our public lands to be free of violence. Killing mother bears to leave babies orphaned is disgusting and unacceptable.  I expect my government to have empathy for wildlife in this province.  A modern province can develop a better tourism plan than inviting non-resident sport hunters who enjoy killing wildlife, animals who have little hope of escape, onto our mutually owned public lands. Ontario\u2019s forests belong to all of us, not just to the businesses that profit from violence against wild animals. Shame on you Doug Ford for killing innocent animals.  I expect you to be a compassionate man who has the courage to face down gun lobbyist. I expect you to protect our wildlife, not kill it. Shame, shame shame on you.\n"
    }
}