{
    "40629": {
        "url": "/comment/40629",
        "comment": "This probably will not even be acknowledged as I did not register,  however I do not believe the spring bear hunt should be reinstated  permanently.  The reason itwas bannedinthe first place still exists. Hunters cannot distinguish between male and female bears therefore many cubs could be left as orphans to suffer a painful death.\nI live in bear country and there is not large number of nuisance bears. I feel this proposal is more for trophy hunting and not to help control the bear population or for food, since very few people enjoy bear meat.\nUntil  these concerns are met i do not agree with this proposal\n"
    },
    "40630": {
        "url": "/comment/40630",
        "comment": "This probably will not even be acknowledged as I did not register,  however I do not believe the spring bear hunt should be reinstated  permanently.  The reason itwas bannedinthe first place still exists. Hunters cannot distinguish between male and female bears therefore many cubs could be left as orphans to suffer a painful death.\nI live in bear country and there is not large number of nuisance bears. I feel this proposal is more for trophy hunting and not to help control the bear population or for food, since very few people enjoy bear meat.\nUntil  these concerns are met i do not agree with this proposal\n"
    },
    "40631": {
        "url": "/comment/40631",
        "comment": "The spring bear hunt needs to be cancelled, hunters are not respectful of people on trails, and are baiting high traffic areas on recreational trails bringing bears closer to human traveled areas. The restrictions in place are not sufficient or enforced by the Ministry to support human safety.  Last year I was almost shot by a hunter in an illegal area, the Ministry does nothing to protect local citizens and only supports hunters because of financial gain. No concern for safety of others.\n"
    },
    "40632": {
        "url": "/comment/40632",
        "comment": "Hi,\nThis move will  be a step backwards that would endanger bear cubs; too many female bears will be killed and the cubs with them. The spring time is the time when animals are very vulnerable because they come out from hibernation.\nAnd when it will stop ? When all bears will be killed ?\nPlease, stop killing them !\nThank you.\n"
    },
    "40633": {
        "url": "/comment/40633",
        "comment": "Today I read in the paper that the government is considering making the pilot project on bear hunting permanent.  I didn\u2019t even realize the pilot project existed. I strongly encourage the government to cancel the project altogether.  I\u2019m discouraged at the lack of regard humans still have for their fellow earthlings especially in this age of mass extinctions caused by our disregard for the earth and our huge population growth shrinking natural habitats.  I do not understand the mentality of \u2018sport\u2019 hunting; the desire to kill for the sake of killing.  I can understand the need to kill for food, but honestly how many of these hunters actually need to kill for food?  It sounds like the people lobbying for the hunt to become permanent are the tourism outfitters and local businesses that profit from the hunt. Obviously the hunters are \u2018sport\u2019 hunters and not people hunting for survival.\n"
    },
    "40636": {
        "url": "/comment/40636",
        "comment": "The Spring Bear hunt should never have been brought back--it seems completely immoral, irresponsible and illogical to have a hunt occur in the spring of the year, when bears have just come out of hibernation and/or have cubs. I have yet to see a solid rationale for this ridiculous practice, and would urge the government to return to the previous state of no spring bear hunt.\n"
    },
    "40640": {
        "url": "/comment/40640",
        "comment": "We should be stopping all hunting, not having more. There is zero need for hunting by humans. The justification is often giben that it's for \"conservation\" or \"population control\"...BS. There is ZERO need for human interference in natural systems...how do you think these systens regulated themsleves before the existence of humans? \ud83e\udd14\nHands off nature. End hunting, end all development, end human supremacy.\n"
    },
    "40642": {
        "url": "/comment/40642",
        "comment": "Call me crazy, but bears are not commodities to be used for economic reasons.  They are sentient beings that are worthy of respect and protection.  They are not a resource to be \"harvested\".\nWhen ethics are thrown out the window in favour of human wants, our province has lost its way.  This is a huge step backward.\n"
    },
    "40644": {
        "url": "/comment/40644",
        "comment": "I am appalled by the latest proposal to make the spring black bear hunt permanent.  Too many animals are put at risk and there isn't enough departmental oversight to ensure that hunters and their 'tour' guides' are ethical.  With cutbacks to the Ministry of the Environment, I am skeptical and fear that there will be a greater emphasis on public statements (P.R.) and little thought given to the wellbeing of the bears.\nI AM OPPOSED TO MAKING THE HUNT PERMANENT.\n"
    },
    "40646": {
        "url": "/comment/40646",
        "comment": "Having a spring hunt will only ensure young cubs will be orphaned. This will mean young bears will be an even greater nuisance since they will be unable to feed themselves without accessing garbage for food. It is inhumane and idiotic to force bears to suffer for a policy not supported by science. This  policy is wrong and absolutely should not be adopted.\n"
    },
    "40647": {
        "url": "/comment/40647",
        "comment": "This idea is shameful! Not that I condone killing, hunting or contests like that but during breeding season!!! That is just horrific!!\nTourism needs to move away from killing animals to watching animals. Eco tourism is the way of the future. Barbaric killing for no reason than to have a trophy is outdated and ultimately inhuman. When will we move beyond our ancestors and evolve to a higher moral character?\n"
    },
    "40649": {
        "url": "/comment/40649",
        "comment": "Ridiculous. We've lost over 60% of wildlife in the last few decades, increasing any kind of hating is outrageous. Spring hunts lead to orphans starving to death, which means the death counts aren't even measurable. What is wrong with you people. You're not making any friends and won't get voted in again. Hunting is so out, people are beginning to understand animals are sentient and how we treat our fellow earthlings and the planet matters. Get with the program if you want =any shot of being reelected.\n"
    },
    "40650": {
        "url": "/comment/40650",
        "comment": "I fully support the return of the Spring bear hunt on a permanent basis.  Hunting is the best management tool to manage wildlife populations.  It was very easy to see the grievous harm that was caused to the bear population with the initial closing of the season.  The unmanaged population quickly grew to cause human/bear conflicts which resulted in shooting of many nuisance bears.  These bears were shot at times of the year when their pelts were of no value and shot by individuals solving a nuisance/ safety problem that had no intention of eating the meat.\n                  The permanent return of the Spring bear hunt is definitely the route to go for proper management of the black bear population.\n"
    }
}