{
    "42457": {
        "url": "/comment/42457",
        "comment": "Please do not reintroduce the spring bear hunt.  All hunting is cruel and should be banned, but the type of hunting proposed here is a death sentence for orphaned cubs as well as for their slaughtered mothers.  These majestic animals, so much a part of wild Canada, should be allowed to live their lives free from the threat of thrill-seekers who enjoy killing for its own sake.  I urge the Ontario government to be progressive and humane, and not to pander to the hunting lobby.\n"
    },
    "42458": {
        "url": "/comment/42458",
        "comment": "There are a great deal of issues surrounding the existing spring bear hunt that have not been addressed appropriately. While The Fur-Bearers strongly oppose the spring bear hunt and believe it should be cancelled, there are issues that must be considered if it is to continue. The list below was created in conjunction with information from Bear With Us Sanctuary and Rehabilitation Centre for Bears in Ontario and Coyote Watch Canada.\nFemales with cubs must be protected; currently that is difficult as cubs are frequently treed or kept away by their mother while she forages.\nThe current season of May 1 to June 15 should be changed to June 1 to June 30 to protect females with cubs as well as the cubs themselves.\nEvidence as to the accomplishments and milestones of the pilot project and the extended pilot project (not the original strategy written before the hunts) need to be released to the public.\nBaiting should not take place; if it will, baiting must end when the season concludes and not begin again until shortly before the fall season and more stringent limits must be put in place to protect recreationalists, drivers, property owners, pets and others from bait piles that attract wildlife. All bait sites should be registered to ensure compliance.\nInformation showing an increase in enforcement capability through funding, infrastructure and boots-on-the-ground hires of conservation officers should be made available.\nThe government must make an acknowledgement that a spring bear hunt is not about community safety as originally stated in 2014 in the face of their own evidence showing it does not impact human conflict with bears; education and enforcement of human behaviour, attractants and feeding will have the greatest impact on mitigating and preventing conflict.\nA report should be created and released on the impact of a spring bear hunt on other recreationalists\u2019 safety, freedom to explore and expectations, as bear hunters in the spring make up a very small percentage of people enjoying the outdoors in Ontario.\nA report should be created and released on efforts of the Ontario government to increase availability of non-consumptive ecotourism opportunities in the province alongside the limited spring bear hunt.\nThe use of hounds/dogs to chase, tree and/or otherwise harass bears should be immediately halted.\n"
    },
    "42459": {
        "url": "/comment/42459",
        "comment": "Please do not kill the mamas and their babes... just tired of all the killing that goes on. Why cant we shoot a camera, and appreciate what is left of  mothers earths precious wild neighbours.. please please put down the guns against innocent families.. please\n"
    },
    "42461": {
        "url": "/comment/42461",
        "comment": "Ontario is my home, I was born and raised here and I love it.  I have been hunting with my Dad and the same group of friends in Ontario for over 20 years.  I own 50 acres of bush purchased specifically for hunting 7 years ago.  We have built a hunt camp that we all cherish.  It it a family tradition that I do not want to end.  This rule change will have a negative impact on me.  If I was aware of this potential change I would not have purchased my property.\nMy career has taken me out of Ontario for few years at a time, internal company transfers or job opportunities that will change my residence status for hunting purposes.  I have returned several times and so have many hunters in my situation.  This is quite common, especially for people (25-35) trying their best to provide for their families, by doing this we become non-resident hunters by definition for the period we live outside of Ontario.\nI purchased my property specifically for hunting and to ensure I meet the Non-resident hunting requirements moving forward.  This was a considerable investment.  I am a capable hunter and do not require a guide or outfitting service.\nI fully support hunting outfitters, for new hunters (both resident and non-residents), and people who do not own their own land, or they want to hunt somewhere new.  However, I do not think this change will benefit people that own land or hunt with an immediate relative have already have, A) a immediate relative that is experienced, and/or B) An established place to hunt.  These two factors make using an outfitter unnecessary.  Also the closest outfitter will not be able to easily get into my camp to assist or support me.\nPlease do not change this hunting requirement.  You are adding a control and an extra step where it is not needed.  If non residents would like to use an outfitter they always have the option to do so, please keep it that way.\nKind Regards,\nDisplaced people born and raised in Ontario.\n"
    },
    "42469": {
        "url": "/comment/42469",
        "comment": "There is absolutely no need to conduct a bear hunt.  This is at its best a barbaric, and destructive act, with no proven scientific reasoning.  What chance does a bear have against a cowardly person hiding a safe distance away with a gun?  Shouldn\u2019t we be trying to help nature flourish rather than destroying these beautiful animals?  Man creates enough obstacles for nature in everyday life such as cars, taking away their natural habitat, pollution, and of course hunting.  Do the right thing, ban this hunt permanently.\n"
    },
    "42475": {
        "url": "/comment/42475",
        "comment": "With a spring hunt too many baby bears are orphaned & succumb to a terrible cruel death by starvation or fall prey to other animals. Killing animals for so called 'sport' is outrageous. Have we not evolved any better than murdering animals for fun?? It is 2020, time to change the dialogue, education is the key.             Please do not allow this cruelty!\n"
    }
}