{
    "41091": {
        "url": "/comment/41091",
        "comment": "Best scenario is Spring Bear Hunt should be abolished.\nHowever if hunt is too continue, changes must be made.  It should last 30 days, June 1 to June 30. Baiting must stop after June 30 not to begin again until September 1st, 2 weeks prior to fall hunt.\nBaiting should be a minimum of 2 km from the nearest residence or residential area and garbage must be cleared after hunt.\nFall hunt should begin September 15 and end October 30 throughout Province. Hunting with dogs should be banned.\nFemales with cubs must be \u201ctruly\u201d protected during the spring hunt and the fall hunt.\nThe Ontario Government needs to hire more people for enforcement, this province needs more Conservation Officers. Bears do occasionally prey on moose calves, but not common.\nBest way to reduce human/bear conflicts is to manage people by making them manage their waste.\nVideo featuring information about bears, the spring hunt and the issues against this hunt.\nhttps://vimeo.com/385894054\n"
    },
    "41093": {
        "url": "/comment/41093",
        "comment": "I am a hunter and trapper just not bear firstly the consideration to change baiting distance from 200 meters to 30 meters should not happen 30 meters is to close to trails the bears will use the trails in the area of 30 meters.  I don't think baiting should be allowed at all... if you want to hunt a bear go hunt not to feed like a dog  to lure a bear with food then place a hunter in a stand to shoot bear.\nWhat I am saying is the hunters can track or hunt a bear not lure and shoot one this is not hunting.\nI would not like to see the bear hunt continue under the present regulations that were entertained we need more if we are to continue to allow the hunt.\nRegards.\n"
    },
    "41095": {
        "url": "/comment/41095",
        "comment": "I am opposed to all bear Hunting for the most part - aboriginals excluded.  But to add Spring bear hunts is unnecessary and simply wrong.  Bears, a valued member of our eco system are already facing many habitat challenges;  to add Hunting into the mix at a time of year that mothers & cubs are not yet mature or capable to manage additional traumas is  irresponsible to conservation.\nPlease NO Spring Bear Hunts now or in the future.\n"
    },
    "41096": {
        "url": "/comment/41096",
        "comment": "I strongly support the proposed changes to the black bear hunting regulations as presented. In addition, I recommended and strongly support a removal of the language restricting baiting within 200m of a maintained road or trail. The language of \"maintained\" is to convoluted in the Northern Ontario context as many tertiary logging roads may be temporarily maintained for a short period of time but then not used for many years, but show as scheduled for maintenance in Annual Work Schedules. The definition of maintain would suffice in most situations for Southern Ontario but creates to much uncertainty and creates non-uniform enforcement across the province. I suggest changing the wording surrounding \"maintained\" road to reference \"Road Class\" ie. baiting within 200 metres of a primary forest access road is permitted, but baiting within 200 m of an operation/tertiary forest access road is allowed regardless of maintenance activities.\n"
    },
    "41097": {
        "url": "/comment/41097",
        "comment": "Good morning. The Spring Bear Hunt should be abolished. To me, baiting is cheating. It seems to me that the bear hunt would exist to please hunters, and that's all. It's unconscionable to hunt animals who are just waking up from hibernation, too. The mother bears and cubs, especially, need protection. Dogs should never be involved in this hunt. We should educate humans to manage their own waste better, in order to reduce human and bear conflicts. I don't think the bears are the problem. And bowing to hunter and gun lobbies is disgusting -- are permits easy cash for the Province? The spring hunt should never happen. We should be proud of our wildlife, not seeking to kill as much as possible to satisfy the cruel urges of the few humans.\n"
    },
    "41111": {
        "url": "/comment/41111",
        "comment": "The black bear population in Ontario is substantial, sustained, harvestable, problematic and ubiquitous.  They are a hazard to motorists, a nuisance at waste management facilities, a significant moose calf predator and can become dangerously aggressive when they loose their fear of man.  They are an intelligent species that learns to fear man when hunted.  Hunting should always be one of the management options for this species.  There is no lack of habitat for this species in Ontario.  Prohibition of hunting cubs and sows with cubs should always remain an essential requirement of the hunt.  I support the re-instatement of the spring bear hunt in Ontario.\n"
    },
    "41112": {
        "url": "/comment/41112",
        "comment": "I don't hunt for bears in the spring, however, I think it's a good idea to bring back the spring bear hunt. It will provide  tourism dollars to the province (boosting the economy - sales of ammo, taxidermists, other hunting equipment), provide employment (guides, outfitter staff, etc.) and help curb the nuisance bear problem existing in some areas.\nThere never was an enforcement problem anywhere with the spring bear hunt before it was curbed in 1999 (no killing of sows with cubs, etc.) and was simply shut down because of a rights group complaint.\n"
    },
    "41113": {
        "url": "/comment/41113",
        "comment": "My husband and I are nature photographers. The past 10 years, even since relocating to rural northern Ontario,  we are hard pressed to locate any wildlife.\nThe spring bear hunt should NOT be implemented especially annually.  If the natural order of wildlife predator/ prey were practised there would not be a problem with large predators in urban areas.\nPlease vote NOto the annual spring bear hunt.\n"
    },
    "41115": {
        "url": "/comment/41115",
        "comment": "I support the Spring Black Bear Hunt reinstatement.\nI am potentially against some of the changes in outfitting requirements. I will clarify depending on citizenship.\nI do not support any change that would force the immediate relative of a resident of Ontario to have to use an outfitter.  A Hypothetical example that could apply to my immediate family.  If my Son who grew up in Ontario, but moved to Alberta for work last spring, wants to come home for a week in the upcoming spring or fall and hunt Bear with me, I think he should be allowed to come to the traditional family hunt camp and participate without needing an outfitter, and I shouldn't need a special guide license or special type of license to hunt bear, or small game.  I think this same logic should also apply to buck whitetail deer.  It would seem logical to me that the Ontario Relative should have purchased the same license as the species being hunted, simply to ensure compliance with current hunting regulations.  In other words, you have to be licensed to participate in hunting a particular species.\nOver the counter licence and tags should encourage Canadians to come home to their home province and spend time with family and friends.\nBears are not a species governed by a tag allocation and draw process, so why would we further restrict a non Ontario resident but Canadian citizen?   If you are meaning to enforce these terms for non resident aliens such as US citizens, then that would be acceptable to me.\nI believe that Canadian Citizens should be able to hunt Bear, Deer, and other species not governed by strict tag allocation draws in Ontario with friends rather than having to use an outfitter.  I have friends in Saskatchewan I have hunted with, and it was a great experience.  I would never have gone if I had to pay the expense to go thru an outfitter.  It is important to me that we don't price Hunting out of the ability of the majority to pay.  We risk turning it into simply a \"Rich or Privileged\" few sport.  That is not what it should be in my opinion.\n"
    },
    "41120": {
        "url": "/comment/41120",
        "comment": "Spring Bear Hunt should be abolished, however if hunt is too continue, changes must be made.  It should last 30 days, June 1 to June 30. Baiting must stop after June 30 not to begin again until September 1st, 2 weeks prior to fall hunt. Baiting should be a minimum of 2 km from the nearest residence or residential area and garbage must be cleared after hunt. Fall hunt should begin September 15 and end October 30 throughout Province. Hunting with dogs should be banned. Females with cubs must be \u201ctruly\u201d protected during the spring hunt and the fall hunt. The Ontario Government needs to hire more people for enforcement, this province needs more Conservation Officers. Bears do occasionally prey on moose calves, not common. Best way to reduce human/bear conflicts is to manage people by making them manage their waste.\nPlease make it right !\n"
    },
    "41121": {
        "url": "/comment/41121",
        "comment": "Although some hunting is necessary to assist with keeping numbers down, having a spring hunt is an issue. Hunters can not guarantee they have the knowledge and capability to ensure they are not killing a mother bear. The bears are just coming out of hibernation and are disoriented as well as hungry. Baiting is an unfair advantage. Hunting under these circumstances is not sport it's more canned hunt.\n"
    },
    "41124": {
        "url": "/comment/41124",
        "comment": "I'm am grateful that the MNRF has the scientific expertise to conduct the research informing potential changes to the management of black bears on the Bruce Peninsula, where I reside. Given the troubling results of the most recent population viability analysis, I support all efforts to reduce human-caused mortality to our black bears.\nGiven the well documented annual increases in tourism and development in our area, I foresee concomitant increases in the threats to black bears arising from: road mortality, habitat loss  & fragmentation and human-bear interactions. In the face of this, I question the need for any open hunting season for this species.\nThus, I support (1) ongoing population monitoring and research collaborations and (2) efforts to reduce human-cause mortality; however, I feel that this proposal falls short in allowing any harvest.\nI would like to see a moratorium on the harvest of black bears until a population viability model, incorporating trends in the above-mentioned risks, indicates that this population can be hunted sustainably.\n"
    },
    "41126": {
        "url": "/comment/41126",
        "comment": "I am writing you requesting that the spring bear hunt be cancelled. Bears are born in January. When the spring comes the mother bear hides her cubs in the trees while she looks for food for herself to fatten up. Bear cubs are still nursing at that time. The regulation states that a hunter cannot kill a bear with cubs.  The mother bear is alone obviously with her cubs hidden and therefore will be shot. Especially when they are hungry after a winter of sleep and the hunter has left bait for said bear.  This orphans the cubs and they are unable to eat or defend themselves from predators.  Therefore a bear family has been wiped out. Bears are not dangerous. Many misconceptions by hunting associations are being put out to make people afraid of bears.   A spring bear hunt does not decrease the other animals that hunters want to kill.  Hunters themselves are decreasing the moose population!  Bears are 99% vegetation eaters. They rarely eat meat.  I ask you to STOP the spring bear hunt.  It is a disgusting and cruel that the hunting of bears actually happens. This must be STOPPED now!  Please do this.\nHunting associations are sending out false information. Maybe its time the government corrects this.\n"
    },
    "41135": {
        "url": "/comment/41135",
        "comment": "Please do not allow a spring Bear Hunt.  During the spring there are Female bears with very young cubs.  They send the cubs up in the trees to hide while they forage for food.  If they are killed, because the hunter doesn't see the cubs, this leaves the cubs orphaned and unable to fend for themselves.  If they are not rescued they will die.\nIf you must have a Bear hunt in the spring please limit it to June 1 - June 30 without the use of baiting.  Please give the bears a chance to survive against the barbaric practice of trophy hunting.  Hunting with dogs should be banned as well.\nIf hunts are to continue - Females with cubs must be \u201ctruly and completely\u201d protected in both the Spring and Fall hunts. This province needs more Conservation Officers to protect our wildlife from unfair hunting practices and poaching.\nHuman/bear conflicts are not caused by the bears themselves but by people not managing their waste properly.  Bears are essentially lazy and go for the easy food source of human garbage.  And the bear ends up paying the price for the lazy humans.\nTrophy Hunting is a cruel activity and should be abolished.\n"
    },
    "41141": {
        "url": "/comment/41141",
        "comment": "I am strongly opposed to bringing back the black bear hunt and vehemently advocate against it. The spring season is when black bear mother's and their cubs emerge from their dens - if we allow the killing of the mothers, what will happen to their cubs? Will they be killed as well? This would ultimately result in a decrease of the overall black bear population. Furthermore, black bears are interconnected with other species where they live - killing these magnificent animals will cause ripple effects on other species throughout Ontario.\n"
    }
}