{
    "41399": {
        "url": "/comment/41399",
        "comment": "I wish to express my dismay in regards to the proposal of re-opening bear hunt in Ontario. Black bears provide a number of ecosystem services. By eating fruits they act as seed disperser for many plants. They keep insects populations in check by eating their larvae and, thus prevent outbreaks. And, by consuming vertebrate herbivores they prevent these species from overgrazing. Overall, the presence of a bear is a very good sign that an ecosystem is healthy, which, in turn, makes our lives healthy as we depend on the environment for our day to day resources and for our enjoyment. I am therefore troubled to hear the news of a move towards re-opening spring bear hunt in Ontario. As we are facing an age of extinction, we should focus on taking species off hunting lists and not putting them on. While black bears are not considered species at risk, much of their habitat, particularly in southern Ontario has been lost to agriculture and urbanization. Bears living in and around this area are barely scraping by. Hunting will only exert more pressure on these individuals and will create more \u201cproblem animals\u201d, as they will be forced to seek shelter away from the protection of the forest and venture closer to habitations to get away from hunters. Hunting is not the most effective solution for human-bear conflicts. Proper waste management and disposal, together with public education are! The Government of Ontario should consider re-directing efforts towards solving these problems and not exacerbating them. In addition, I am not clear about how the Government of Ontario intends to assure the safety of female bears and their cubs, given that Conservation offices in the Province are currently understaffed. Overall, I judge this as a really poorly-thought idea and I wholeheartedly opposite.\n"
    },
    "41400": {
        "url": "/comment/41400",
        "comment": "I am strongly in favour of  continuing the spring bear hunt. I am also in favour of the May 1- June 15th season and the other regulations for cubs and females with cubs.\nI am inclined to agree with the proposals for Bruce Peninsula as long a properly conducted surveys reveal that there is in fact a decline.\nUpdates : 1. Agree with this proposal\n                   2.  A bit reluctant on this one: if we have friends or persons not our immediate relatives\n                        hunting bears on our land with our permission, is that considered 'Providing Bear\n                        Hunting services' ?  We have a camp on our land and we do give permission to some\n                        people to hunt and stay there. We do not charge for this. My concern would be for people\n                        who own property but do not hunt bears themselves giving permission to keep the bear\n                        population in check which was our case. I am referring to residents of Ontario when I say\n                        friends, people.\nAdditional comment: Bear sightings are not down in my experience, but probably reporting it is as MNR or OPP do not respond so people just stopped reporting it. Also, allowing a person to consume a nuisance bear rather than just throwing it away makes more sense.\n"
    },
    "41401": {
        "url": "/comment/41401",
        "comment": "I fully support the move to a regular sustainable spring bear hunt in Ontario. It never should have been shut down in the first place.\nThere are many positives to this, which include additional support for the SPA, predator control and reducing bear/ human conflicts. The increased certainty will allow families who rely on the hunt to invest in further growth of the industry.\n"
    },
    "41404": {
        "url": "/comment/41404",
        "comment": "I would support the changes to limiting the spring bear hunt on the Bruce Peninsula to one week and stopping the fall season entirely as a minimum intervention. In the end these decisions must be dictated by the science as it evolves. It seems to me that the data you provided would suggest the genetically unique black bears on the Bruce Peninsula are at high risk. I would more strongly advocate for a complete ban of both the spring and fall hunts until the science suggests that the population is sustainable. A hunting season could then be reviewed from a position of strength in terms of the population rather than risk further declines with a limited hunting season. I am at least heartened that the health of this bear population is being investigated and that positive changes to their management are being proposed.\n"
    },
    "41405": {
        "url": "/comment/41405",
        "comment": "The spring bear hunt is one of the most barbaric and unethical practices that we as so called superior beings allow to happen.\n     As a wildlife research scientist I have had many years of experience with black bears in northern Ontario.  The thought that female bears with cubs will not be shot is outright ridiculous.  I know for a fact females are shot here in the spring even though they have cubs. Enforcement does not exist here.\n    \"The black bear population is healthy in Ontario\",  we are told.  Well we were told the moose population was fine but now there are very few if any in our wildlife management area, yet they still sell licences to kill off the few remaining moose.  The M.N.R supposedly did moose population counts and look what happened.   The black bear population numbers is just a guess at best.  No actual or factual information on their numbers is available at least that I am aware of.  However, numbers do not really matter unless it is dollars in someones pocket, who cares about the black bear.  Lets just kill it into extinction without even finding out how many there are first.  Money and politics dictates which wildlife animals will pay the price.\n    There are all kinds of excuses to continue this sadistic practice of killing bears; they are a nuisance,\nthey are dangerous, they are in my yard, they eat my garbage, but these are just reasons used to support the real motive.  Black bears are killed just because one group in our society can not let go of their Neanderthal  ways.  Shooting black bears for sport  or any animal for that matter is sadistic.    If you need to hunt for food to survive, that is another story.\n     Someone who enjoys killing our wildlife, yes it belongs to all of us should do a self evaluation.  If you cannot enjoy our wilderness and the creatures that belong there without always killing something.   \"What is wrong with you?\"\n     I live in northern Ontario and every year I enjoy Gods great wilderness without killing, and I do not need to carry a gun while I am in the forest.  I was a hunter of moose since our family needed it to survive, but now there are none.\n     The spring bear hunt should not take place.  Female bears come out of their den just as early as male bears.  This I know for a fact.\n     The Black bear population will be destroyed  if there is not more enforcement.  The truth is black bears are killed here illegally and no one cares because it is being done by \"so called trappers\" or rural homeowners who shoot and shut up.\n   So how many black bears were killed here in 2019?  Who knows?\n     The Black bear deserves our respect and protection before it is to late.  I like my wildlife alive, not mounted and stuffed just because one person says so.\n"
    },
    "41407": {
        "url": "/comment/41407",
        "comment": "We live on the peninsula in a wooded area and have more bears and less deer than ever. Around our property there was at least 5 adult bears. Shortening the season is a mistake that will not help deer population. And besides there are very few bear hunters anyways. Thanks for letting us comment on this problem\n"
    },
    "41410": {
        "url": "/comment/41410",
        "comment": "Allowing the spring bear hunt just for \u201ctourism\u201d will make us like the United States (Trump) where money is more important than our native species.\nPlease do not allow the same thing that happened in 1999 where cubs were left orphaned and an over use of bait drew environmental concerns.\nSpring bear hunt does not help human-bear conflict, as proved with research started in 2003. You cannot hide this research.\n"
    },
    "41411": {
        "url": "/comment/41411",
        "comment": "To whom it may concern:\nIt has come to my attention that the Ontario government is planning on making the spring bear hunt permanent. This is an appalling idea and there is no good reason for such a barbaric practice at any time and especially in the spring.\nHunting animals in the spring puts their young in peril when the death of the mother leaves them abandoned. A bear cub is often treed while the mother feeds, and she will be killed by hunters not knowing she has cubs. Whether that concerns them or not is problematic.\nFurthermore, the use of dogs to chase, tree and harass bears should be immediately halted.\nThe government should publicize their evidence that a spring bear hunt is not about community safety. What does affect public safely is education: monitoring human behaviour regarding providing attractants and feeding has the greatest impact on mitigating and preventing conflicts with wildlife.\nA report should be created and published on any efforts by the Ontario government to increase availability of non-consumptive ecotourism opportunities in the province.\n"
    },
    "41412": {
        "url": "/comment/41412",
        "comment": "It is unscientific and wrong to extend the spring bear hunt. Our wildlife and our world is already dying and left to the devices of those who don't care about them. These black bears deserve life, they deserve to be left alone. They are already killed for even stepping near human areas, don't let them die in their own homes. Please do away with this barbaric practice or at least don't extend it indefinitely.\n"
    },
    "41414": {
        "url": "/comment/41414",
        "comment": "I do not like the proposed change to the Black Bear hunting regulations of a family member who lives in another province  of Canada has to have a special lic. and use  an outfitter to hunt.  The changes to the hunting reg. for bear in specific areas is OK providing proper monitoring has been done and the comprehensive study has been published.    We can have our own rules and Regulations for Ontario but I Think it is about time we are able to get a Canada wide Hunting & fishing Licences for Canadian Citizens but abiding by that's provinces rules & regulations.\n"
    },
    "41416": {
        "url": "/comment/41416",
        "comment": "What kind of Tourism do you call this.!!! How Absolutely  sickening is this government to\n1. Promote killing of wildlife in this province and country and 2. Black bears or bear of any nature for that matter. It is not conservation, it is not sustainability, it\u2019s bloody greed... making money from our species that were put on this earth. All the government does is support Gun happy animal killing people to make a profit off our wildlife. Humans are pathetic.\nI don\u2019t understand how people get off on killing something so majestic and wonderful to have. I\u2019m sick of hearing about hunts, big game and population decreases. It\u2019s humans that are ruining this province along with the government and your organization. Just plain sickening. Once wildlife is gone their gone you will see. Change your tune and end the hunt! Give your head a shake.\n"
    },
    "41419": {
        "url": "/comment/41419",
        "comment": "Bringing back the spring bear hunt is so cruel and unnecessary.  I spent my childhood tromping through the forest around my grandparents home in the country.  Never did I hear anyone warn me to watch out for bears, even though they were around.  They were just not a problem.  I now live in this same area and it is so rare and so exciting when we get to see a bear.  If we are lucky enough to encounter one, we simply sit back and enjoy.  No bear has ever behaved in a threatening way.  Common sense tells us to keep our dog leashed, so that he doesn't chase.\nThere are so many myths out there regarding bears.  Why anyone would decide that a spring bear hunt is a good idea is beyond me.  You can't tell the male bears from female so you will undoubtedly be leaving orphaned cubs to fend for themselves, which will mean starving to death or falling victim to predators.\nI'm so disgusted in our government for allowing this to happen.\n"
    },
    "41420": {
        "url": "/comment/41420",
        "comment": "The spring hunt has been absent since 1999.  The tourism operators and communities need to diversify and seek out other options of tourism.  I too, live in an area that is dependant on tourism dollars in order to sustain a healthy local economy.  While hunting in this region is still a family tradition, it is no longer a viable tourism option. In the past 15 years,  commercial hunt camps have become a thing of the past here in central Ontario, replaced by tourism operators that focus on a thriving environment, the sustainability of our ecosystems and pride in the health and diversity of our local wildlife.  This has become a viable draw for experiential tourism operators.  There is no longer a need to kill wildlife for commercial tourism needs.  The current generation of destination travelers and adventure seekers do not want to use guns.  An Instagram feed and photography workshops would bring in more tourism dollars than killing bears.  I strongly feel that as a proud Ontarian, we can overcome the antiquated ideals of our ancestors and progress to a higher ideal.  One of respect, that nurtures our communities as a whole.  Reinstating the spring Bear hunt would be a step entirely in the wrong direction.\n"
    },
    "41424": {
        "url": "/comment/41424",
        "comment": "I am a resident of Searchmont, Ontario. I am an avid outdoors person, and environmentalist. We hike, back country camp, mountain bike and paddle. We have never encountered a nuisance bear in our outdoor activities. In our 18 years here, there has been one nuisance bear in the neighbourhood -- one who visited bbq's, gardens, bird feeders, and fruit trees. This bear was shot by a neighbour and this incident reported to the MNR. One could argue this problem bear was more accurately a people problem -- it was the availability of easy food that attracted this bear to our yards and our collective carelessness that led to its unfortunate but necessary demise.\nBaiting bears is not sporting. This is a ridiculous practice, and outfitters regularly set out bait to attract and then shoot bears.\nIt is common knowledge that mother bears often stow their cubs when they go searching for food. It is inevitable that cubs will be orphaned. The lucky ones may be sent to wildlife refuge centres -- which are scarce in this province and underfunded. The unlucky ones will be left to starve or be killed. Wounded adult bears who are not cleanly killed will also be inevitable.\nThis is a barbaric practice. Be sensible, and do not reintroduce this unnecessary hunt.\n"
    },
    "41426": {
        "url": "/comment/41426",
        "comment": "There is no need to hunt anything for sport. Stroking the egos of people who feel the the need to murder animals and call it instinct or sport is pathetic.\nShame on any part of the government, federal, provincial or municipal that would allow this to make money. Governments need to be, no, have to be better than that, to allow this.\n"
    }
}