{
    "41144": {
        "url": "/comment/41144",
        "comment": "Hello there. Re: Bear Hunt in Ontario\nPlease re-consider the review of the spring bear hunt in Ontario. Our wildlife deserve protection, as they have had, in our increasingly humane focused society. This is a concern major concern to me.  In the spring hunt, slow-moving mother bears who have just emerged from hibernation are easily targeted often leaving orphan cubs as collateral damage.\nThere is no scientific backing for the re-opening of bear hunting season and frankly, sets us backwards 20 years. We can do better and our wildlife deserves better. I would be deeply disappointed and frankly appalled if we were to allow hunting of this nature in our province again.\nThank you.\nJW\n"
    },
    "41145": {
        "url": "/comment/41145",
        "comment": "Absolutely infuriating to think that the Ontario government is even considering this! I live in rural Ontario and am ashamed to say I voted for the current government, but that is going to change right quick if they wrongfully bring back the Spring bear hunt!!! Too many bear cubs are left orphaned when their mother is shot! So against this!!!\n"
    },
    "41150": {
        "url": "/comment/41150",
        "comment": "I think the Spring Bear Hunt should be cancelled. It is cruel and barbaric. You say that the killing of mothers with cubs is prohibited but nursing sows are killed during the spring hunt. We live in an area at the edge of the Queen Elizabeth II provincial park. There are a lot of hunters around. Many have no respect for the animals or the land. Last year we talked to one guy that said he had heard there was a mother bear with cubs that had been seen on our road, and that\u2019s what he was after. Disgusting. Also, mother bears leave their cubs sometimes to go get food. They can be shot then, with no cubs in sight and the cubs are left to starve. This is why bating should be illegal. Orphan cubs are being found and brought to wildlife rescues after their mothers have been shot. Numbers have increased since the spring hunts. The mothers are being shot. God knows how many cubs are not found and left to such a cruel and horrible fate; starving to death. Why not just continue with the fall hunt? Is that not enough? And why are you trying to make the season so long? It\u2019s just not right. You should be protecting these beautiful animals. Also one last point, using dogs to hunt bears is barbaric. This should have been banned years ago. How anyone can think this is ok is being me! This 2020, not 1920. Using dogs in spring is also another reason for a sow to become separated from her cubs, again allowing for her to be killed and cubs orphaned. You need to reconsider the spring hunt.\n"
    },
    "41152": {
        "url": "/comment/41152",
        "comment": "It's about time. How many people have died from Predatory attacks of Black Bears since the Spring hunt was cancelled. I had a Bear on my back deck with only a open screen in the door to protect my wife and 3 girls on a hot summer night. Then I had a huge one in my back yard that the City Police couldn't shoot. I've been a small and big game hunter for over 40 years and the only way we can regulate the population is through hunting. Greenie's have their reason's but I have my own, survival...be dammed if I'm going to be killed and dragged away like the doctor that was kayaking in Cochrane. I have many more example's of Starving Bears attacking humans because of Overpopulation.\n"
    },
    "41155": {
        "url": "/comment/41155",
        "comment": "I am appalled that the province allows any hunting of black bears.\nWith so many species at risk, and with the threat of increased forest fires due to the climate emergency, this should not be allowed.\nWe don't know how many bears will be killed this summer as forest fires grow in number and size, for example.\nI do not expect you to take any heed of my comment.\nBut like many Ontarians, I weep for the future of this province, its people and its animals.\n"
    },
    "41162": {
        "url": "/comment/41162",
        "comment": "I am NOT in favor of a fall black bear season, now or EVER. The sustainability of this great animal has been jeopardized through many unlawful actions as it is, now you want to legalize a disturbing sport for a trophy head or rug???  I am so ashamed as it is how humans arbitrarily dismiss the RIGHT to live harmoniously with these creatures, of all kind.\nThere is NO justifiable  reason behind this proposal.\nSpring hunts of black bears can kill mother bears, leaving orphaned cubs to fend for themselves. Some cubs are only a few months old and still nursing or are yearlings who are still dependent for another few months. Most orphaned cubs suffer from starvation, predication or exposure.\nI want MY voice heard and respected.\n"
    },
    "41167": {
        "url": "/comment/41167",
        "comment": "I disagree with the spring bear hunt as human beings are generally heartless and greedy. The hunters won't care if the bear is a female or a cub. They're generally gun happy and are willing to shoot at anything that moves. Kill now, check later. Thus saying, if a female bear/mother bear is shot in the spring, her cub is left to survive on its own, which I'm pretty sure with all the predators out there, the cubs chances are next to slim. There are hunters out there nowadays who are shooting moose for the fun of it leaving them to the predators to dispose of. They have no intention of harvesting the moose for their families or anyone else to benefit. No, they're just gun happy. It's these kind of people that will go out and shoot female/bears and her cubs just for their greedy fulfillment to kill if you continue to allow the spring bear hunt to go on. I'm sure the camps and tourism will continue to benefit without the spring bear hunt. After all fishing season is year round basically. Then there's deer and moose season, not to mention bird. I'm sure with all these seasons of hunting, the camp owners are still prospering quite well. But it's all about the almighty dollar. That's what tourism is all about. Getting rich. And that is why the camp owners vote for the spring bear hunt. Let's fill our pockets even more.\n"
    },
    "41168": {
        "url": "/comment/41168",
        "comment": "No, I do not support this practice. In a world where the climate is ever changing and becoming more unpredictable and drastic with every year, why interfere with nature when we do not have a clear understanding of the impacts of our actions on the ecosystem as a whole. Not to mention that it is an inhumane and antiquated practice.\n"
    },
    "41173": {
        "url": "/comment/41173",
        "comment": "I am not against hunting, so long as people abide by the rules and applicable laws. However, recent published reports in my area have demonstrated a high level of unlawful hunting. I hope that there would be an increase in the number of enforcement officers hired, visible and present throughout this hunt. My concern is also for the mother bears and her cubs. Bears are not as much of a problem as the terrorist tourist hunters that transplant themselves up here to drink and hunt. Bad combination-booze and loaded guns. (Now we have to worry about marijuana as well). Need more enforcement.\n"
    },
    "41174": {
        "url": "/comment/41174",
        "comment": "I am a young adult residing in NB, I believe the killing of animals as a form of tourism diagusting and barbaric. Animals of all kinds have lives equals to ours. There was a reason for the inital ban on killing the bears. Why change that now. Yes theyre healthier than then, but why does that give humans the right to murder them. Humans are in healthy population but we dont kill eachother off.\nI and many more have zero intrest in hunting and let alone hunting bears. Hunting is becomming an outdated sport, one to eventually die along with the baby boomers.\nIf there are bear concerns in human areas, its because humans stole their land and put garbage there for them. You shouls not be killing them because of humans own mistakes. The best we can do is relocate the bears if need be, there should never be reasons to kill an animal just because it exsists in your space.\nWe live in an age of modernity. Where hunting for sport (tourism) should be banned and those commiting procescuted. Be a province that lives by example and protects our beautiful canadian wildlife.\n"
    }
}