{
    "40923": {
        "url": "/comment/40923",
        "comment": "NO to a permanent spring bear hunt.  NO to putting tourism above the lives of mother bears and their newborn cubs.\nCamille Labchuk, executive director at Animal Justice: \u201cThis is a death warrant for innocent baby bear cubs who will be orphaned and die when their mothers are gunned down by hunters after emerging from hibernation in the spring. It's deeply disappointing that the current government has so little regard for the majestic creatures with whom we share this province.\"\nThis is a Horrible idea!\n"
    },
    "40935": {
        "url": "/comment/40935",
        "comment": "I am absolutely appalled that the government of Ontario is considering making the spring bear hunt permanent.  It should never have been reinstated on a trial basis anyway.  It's now 2020 and time for Ontario to take the lead in appropriate behaviour towards this keystone, apex animal.  Bears are among the slowest reproducing animals on the planet and quite capable of managing their own populations.  In years of poor berry or hard mast availability, a female bear who has not eaten enough to see herself through hibernation, certainly will not have cubs.  Furthermore, female bears don't become sexually mature until 5 - 7 years of age and only have cubs every second year at best.  I would expect by now that people could respect bears as sentient creatures, deserving to be left in peace to live their own lives just as humans do.  Finally, it is left to a portion of the public to fund the rehabilitation of orphaned bear cubs whose mothers have, effectively been murdered for the pleasure of a few.  As a lifelong Ontarian, I would hope to be proud of this province, not ashamed to live here.\n"
    },
    "40943": {
        "url": "/comment/40943",
        "comment": "There are too many black bears in the Timmins and area. They are plenty of bears in the forest and too many bears in town.\nSince you stopped the spring bear season, the bears multiplied and you let it get out of hand. Now there is a big problem. They are everywhere.\nPretty bad, a person can no longer walk the trails or in the forest without some sort of protection from bears.\nNever had that problem with bears my whole life in town and in the forest before you stopped the spring bear hunt.\nPlease bring back the spring bear hunt to keep the bear population at Bay.\nDon't give in to animal rights group that live in Toronto and large city where there are no bears at their doorstep.\nWe are the ones who have to put up with the bears.\nBearwise progran is okay, but in reality they will still roam around out neighbourhoods looking for food.\nThey are smart and know when it's garbage day and they are right on schedule tipping over the garbage bins.\nI have always lived in the country and I never had a problem with bears until you stopped the spring bear hunt.\nBy the way, I bring my garbage to the dump on my way to work every day or so.\n"
    }
}