{
    "44324": {
        "url": "/comment/44324",
        "comment": "Bear cubs will continue to be orphaned if the hunt becomes permanent. While it\u2019s currently against the law to kill cubs and mother bears accompanied by cubs, mother bears often leave their cubs in trees when searching for food. If a mother is killed, her cubs will likely die slowly of starvation or be eaten by predators.\nHunting bears doesn\u2019t improve human safety. Stopping human-bear conflict is achieved by removing access to garbage, barbeques, and other attractants.\nBears have low reproduction rates, meaning the survival of adult females is vital for the species.\nThe government has disclosed a need to reduce black bear hunting in Saugeen-Bruce Peninsula due to population concerns, yet it is simultaneously proposing to allow the hunting and trapping of these bears in that region for one week each spring. This is irresponsible.\nEven the economic argument for allowing the hunt is weak. The government has said the economic impact would be neutral or positive, but has provided no evidence to support this claim.\n"
    },
    "44328": {
        "url": "/comment/44328",
        "comment": "Please do not continue the permanent hunting of bears. Bear cubs are at increased risk of being orphaned as mother bears often leave their cubs in trees when searching for food leaving them defenseless to starvation or predators if she is killed while foraging. This will severely impact the reproduction rates of the bear population if there are less adult females. Population issues are already occurring such as in the Saugeen-Bruce Peninsula region.\nDecreasing conflict between bears and humans is more effectively achieved by targeting access to garbage and barbeques.\nThe spring bear hunt needs to continue being banned for the safety of the this species survival.\nThank you.\n"
    },
    "44331": {
        "url": "/comment/44331",
        "comment": "It\u2019s 2020. Why is bear hunting a thing? What sick satisfaction does a person get from murdering an innocent animal?\nThe amount of suffering and abuse inflicted on animals everyday by humans is appalling and heartbreaking. Adding to this by allowing a bear hunt is a complete disgrace.\nI thought Canada had a modern mindset but obviously not going by examples like this.\n"
    },
    "44332": {
        "url": "/comment/44332",
        "comment": "The province outlawed the spring bear hunt in 1999 because bear cubs were being orphaned after their mothers were shot to death. After re-introducing spring bear hunt pilot projects in 2014 and 2016, the government now wants to bring this cruel hunt back for good, all to appease the powerful hunting lobby.\nThe scene is sickening. Hungry black bears are baited with food, after they emerge from their dens after a long winter of hibernation. When they reach the bait, they are mercilessly gunned down.\nBears, like all wildlife, need our compassion and protection. It\u2019s unacceptable that the government is supporting the cruel and needless trophy hunting of bears.\njohn, it\u2019s now time to speak up. The public consultation period is open until Tuesday, February 18, 2020, and we urgently need you to add your voice!\nPlease consider the following points from our legal team when submitting your comments:\nBear cubs will continue to be orphaned if the hunt becomes permanent. While it\u2019s currently against the law to kill cubs and mother bears accompanied by cubs, mother bears often leave their cubs in trees when searching for food. If a mother is killed, her cubs will likely die slowly of starvation or be eaten by predators.\nHunting bears doesn\u2019t improve human safety. Stopping human-bear conflict is achieved by removing access to garbage, barbeques, and other attractants.\nBears have low reproduction rates, meaning the survival of adult females is vital for the species.\nThe government has disclosed a need to reduce black bear hunting in Saugeen-Bruce Peninsula due to population concerns, yet it is simultaneously proposing to allow the hunting and trapping of these bears in that region for one week each spring. This is irresponsible.\nEven the economic argument for allowing the hunt is weak. The government has said the economic impact would be neutral or positive, but has provided no evidence to support this claim.\n"
    },
    "44333": {
        "url": "/comment/44333",
        "comment": "Bear cubs will continue to be orphaned if the hunt becomes permanent. While it\u2019s currently against the law to kill cubs and mother bears accompanied by cubs, mother bears often leave their cubs in trees when searching for food. If a mother is killed, her cubs will likely die slowly of starvation or be eaten by predators.\nHunting bears doesn\u2019t improve human safety. Stopping human-bear conflict is achieved by removing access to garbage, barbeques, and other attractants.\nBears have low reproduction rates, meaning the survival of adult females is vital for the species.\nThe government has disclosed a need to reduce black bear hunting in Saugeen-Bruce Peninsula due to population concerns, yet it is simultaneously proposing to allow the hunting and trapping of these bears in that region for one week each spring. This is irresponsible.\n"
    },
    "44335": {
        "url": "/comment/44335",
        "comment": "Bear cubs will continue to be orphaned if the hunt becomes permanent. While it\u2019s currently against the law to kill cubs and mother bears accompanied by cubs, mother bears often leave their cubs in trees when searching for food. If a mother is killed, her cubs will likely die slowly of starvation or be eaten by predators.\nHunting bears doesn\u2019t improve human safety. Stopping human-bear conflict is achieved by removing access to garbage, barbeques, and other attractants.\nBears have low reproduction rates, meaning the survival of adult females is vital for the species.\nThe government has disclosed a need to reduce black bear hunting in Saugeen-Bruce Peninsula due to population concerns, yet it is simultaneously proposing to allow the hunting and trapping of these bears in that region for one week each spring. This is irresponsible.\nEven the economic argument for allowing the hunt is weak. The government has said the economic impact would be neutral or positive, but has provided no evidence to support this claim. Please do not allow the hunt to become permanent, bears deserve to be protected and not baited and killed when they are at their most vulnerable right after hibernation.\n"
    },
    "44336": {
        "url": "/comment/44336",
        "comment": "No animal should be hunted for the joy of it. It is one thing if this is how you sustain your family. If a bear is being a threat then thats another thing, but could be safely removed and relocated.  In the spring the bear cubs need their mothers to teach them how to survive. These animals were here long before us and deserve to be here long after us. You would not want someone coming into your home and putting a bullet in your head so why are we allowing this to happen to wild life. It is disgusting and ridiculous\n"
    },
    "44341": {
        "url": "/comment/44341",
        "comment": "I implore the Ford government  to please not open this bear hunt.  Killing these beautiful creatures is not the answer to stopping them from moving closer to towns and cities.  All it will do us orphan their babies who will then die a slow death from starvation.  Why is it that we look to what we think is the easiest solution  and not the root cause?  If people were more responsible  and not attract these animals with their garbage, we could all live cohesively.  As humans we are supposed to be more evolved and compassionate. Let's look to a better solution! In this day and age, I am truly outraged that this has even been considered as a solution!\n"
    },
    "44342": {
        "url": "/comment/44342",
        "comment": "Bear cubs will continue to be orphaned if the hunt becomes permanent. While it\u2019s currently against the law to kill cubs and mother bears accompanied by cubs, mother bears often leave their cubs in trees when searching for food. If a mother is killed, her cubs will likely die slowly of starvation or be eaten by predators.\nHunting bears doesn\u2019t improve human safety. Stopping human-bear conflict is achieved by removing access to garbage, barbeques, and other attractants.\nBears have low reproduction rates, meaning the survival of adult females is vital for the species.\nThe government has disclosed a need to reduce black bear hunting in Saugeen-Bruce Peninsula due to population concerns, yet it is simultaneously proposing to allow the hunting and trapping of these bears in that region for one week each spring. This is irresponsible.\nEven the economic argument for allowing the hunt is weak. The government has said the economic impact would be neutral or positive, but has provided no evidence to support this claim.\n"
    }
}