{
    "40790": {
        "url": "/comment/40790",
        "comment": "No consideration should be given to this idea without better protection for female bears and cubs. Financial penalties are not a sufficient deterent, as 10, 000 is not even a quarter of days pay for some in our society. Prison time, of a significant length (10 to 20 years)  for killing female bears or cubs is the only way I could see this being in any way feasible. Short of that move, there is no need to reinstate the hunt.\n"
    },
    "40791": {
        "url": "/comment/40791",
        "comment": "No, the spring bear hunt should not be reinstated. There are so many reasons:\n- not needed to control population\n- we can't continue to kill bears at a time when species are dying out at an unprecedented rate.\n- getting tourists in to kill bears only lasts until the last bear does; having tourists come in to learn about and photograph bears can last indefinitely\n- it is a backwards step in our forwards progress towards realizing we need to preserve and conserve wild life not kill it\n"
    },
    "40793": {
        "url": "/comment/40793",
        "comment": "I am opposed to a spring female black bear kill. It seems to me that hunters will not necessarily be able to identify females without cubs and kill mother bears, leaving cubs orphaned.\nIn this day and age we should be doing more to encourage ecotourism rather than extending a killing season for animals that are defenceless from high powered rifles that can kill from large distances.\n"
    },
    "40795": {
        "url": "/comment/40795",
        "comment": "I would like to see the Ontario government abolish any form of bear hunting and, instead, promote eco-tourism. This will still bring revenue to the province and will also protect the bears.\nWhy people take pleasure by killing an animal is beyond me.\nI believe that protecting all wildlife is far more important for current and future generations than allowing a select few to needlessly kill.\nHow can the government be 100% certain that hunters will be able to tell the difference between a male and a female bear? What if the female is seen without her cubs and is mistaken for a male? Can the government in good conscience allow bear cubs to be orphaned? How long will they last without their mother?\nPlease promote the preservation of nature and eco-tourism, not killing!\nThank you\n"
    },
    "40797": {
        "url": "/comment/40797",
        "comment": "While I feel your proposal is looking at the right direction I feel we as Ontarians need to think of wildlife first and not the income / economic prosper from hunting.  Hunting is a sport not a necessity. Animals should not be killed for sport. I am very passionate about this and feel hunting should only be done if we are extremely overpopulated with the said wildlife as you saw one good dry hot season with no food or a fire can quickly wipe out an entire population.\nThank you for taking the time to read my thoughts.\n"
    },
    "40799": {
        "url": "/comment/40799",
        "comment": "Please find attached a letter about the spring bear hunt. In my experience, Ecotourism provides more economic opportunities than hunting.\nPersonally I don't support hunting bears -- especially with bait. I understand and support First Nations Peoples rights for hunting and support those rights being different than for non-First Nations. Overall, I think there is more income to be made, and better jobs with tourism. But it also means the province needs to promote tourism and encourage reinvestment in tourism infrastructure because much of our infrastructure in Ontario (hotels,  transportation, interpretation, food, and services) is not at good as other parts of the world that has well developed ecotourism and outdoor activities.\n"
    },
    "40802": {
        "url": "/comment/40802",
        "comment": "We should definitely not reinstate the spring bear hunt on a permanent basis.  To do so because it is lucrative for the government or because it supports tourism is a grave mistake.  It is impossible to tell a male from a female bear at a distance.  Female mother bears are being killed in error which results in the death of her cubs.  It\u2019s not rocket science to realize that this will result in a decline of the black bear population over time.  We have seen a drastic decline in the black bear population on the Bruce Peninsula where there should be NO BEAR HUNTING ALLOWED!\nWe have watched so many animal populations decline in recent years due to loss of habitat.  We\u2019ve over-fished many areas in Canada partially due to sport fishing.  We need to respect our natural environment and preserve what is left.  Allowing bear hunting for recreational purposes is just wrong. Tourists come to Canada to see our beautiful scenery and wildlife.  Will they come if there\u2019s none left?\n"
    },
    "40803": {
        "url": "/comment/40803",
        "comment": "Please do not allow the spring bear hunt. It is barbaric, and portrays Ontario in an extremely negative light. I would think the province would be embarrassed that this cruel practice is even up for consideration. If you can't think in terms of compassion, think in terms of the people who will withdraw their financial support by finding a different place to buy a home or go on vacation. Approving this atrocity would be terrible publicity for Ontario. Please show the world that you are better than this.\n"
    },
    "40805": {
        "url": "/comment/40805",
        "comment": "The provision to prevent the harvesting of female beers is not going to be effective.\nAs naturalists have noted, it is very difficult to note the difference between a male and female bear if the female has parked her cubs. This means you have unenforceable rules or rules that are recklessly punitive. Neither option is acceptable.\nFor these reasons, I cannot support a spring bear hunt.\n"
    },
    "40806": {
        "url": "/comment/40806",
        "comment": "Unless to control overpopulation of a species, hunting in my view is entirely unnecessary, unjustified and unethical.\nInstead of promoting killing animals, how about the government focusing on promoting biodiversity and eco tourism? I'm sure more people/tourists would be interested in benefiting from the natural beauty of the region and seeing animals, rather than come here to hunt. But sadly, the gun/hunting lobby is incredibly vocal and somehow managed to create this notion that killing animals is a sport and it's a right. It only promotes violence and lack of respect for the life of animals. In this day and age with the abundance of farm produced meat, there's absolutely no need to kill the few animals left in the wild. The culture of hunting as a sport needs to change and it needs to be spearheaded by the government.\n"
    }
}