{
    "42432": {
        "url": "/comment/42432",
        "comment": "The continuation of the spring bear hunt should not be considered, in my option, because it will needlessly orphan bear cubs which is simply cruel, there are no other words for it. If this were any other country there would be a huge outcry about this practice.  Bears serve a purpose in the biodiversity of our habitat and interfering with this cycle has proven time and again to have a negative impact on every species this has been attempted with.  Hunters do not discriminate between males or females, young or old.  Around the globe attention is being drawn to the cruel practice of hunting \"big game\" - our bears are no different than African lions.  Sitting in a blind and baiting bears is NOT A SPORT. I am appalled that this practice is being allowed to continue, never mind doing it in the spring when the mother bears are bringing their cubs out.   I understand the need to keep the population controlled in areas where \"problem bears\" have become a nuisance and a danger, but otherwise I see no need in continuing the practice of bringing in/allowing \"big game\" hunters to come here and kill bears \"for sport\" in the aforementioned ridiculously cowardly baiting practice.  I am strongly opposed to this practice and sincerely hope my voice will be heard and my comments considered.\n"
    },
    "42433": {
        "url": "/comment/42433",
        "comment": "There is NO evidence that a spring bear hunt will reduce the number of \u201cproblem bears\u201d. Shooting bears in the spring, when they are vulnerable, hungry, and still have dependent cubs, is unethical. Education, and changing human behavior is the only way proven to reduce negative interactions with bears. Shooting bears is not the answer.\nIt is barbaric, uncivilized and cruel. Human don't need to hunt anymore.\n"
    },
    "42435": {
        "url": "/comment/42435",
        "comment": "I do not support the spring bear hunt because of the abandoned cubs, which with all the money you people get from hunting do nothing about!   Any time you do anything about bears it is passed off to non profit animal welfare groups who you do not support!  Where I live it is bad enough to have to deal with trespassing hunters who seem to think it is perfectly fine to shoot animals between houses in the town, with absolutely no reaction from the MNR!  Since 1967, I have been shot at 4 times by irresponsible hunters, and if it ever happens again there will be consequences.  The fall hunt is more than enough.  One guide who has since left town took out hunters from out of country to hunt bears which apparently he baited without consent on private property.  We don't need more hunters.\n"
    },
    "42436": {
        "url": "/comment/42436",
        "comment": "It is unconscionable that Ontario still plans to pander to the self interests of serial killers a.k.a hunters, knowing fully  that there will be massacres of bears leading to orphans many of whom will die.  I find it repugnant that these serial killers' interests take precedence over those of decent, compassionate Canadians.  There is no moral justification for the mass slaughter of innocent wildlife.  It is high time for the Province of Ontario to move forward from an archaic and primitive approach to animal/human relations.\n"
    },
    "42439": {
        "url": "/comment/42439",
        "comment": "A letter to the editor of chronicle journal on Jan 31, 2020 is very informative. I do not support the spring bear hunt !\n\"Further, the placing of bait in the bush conditions bears to human garbage and scent thereby reducing their natural fear of humans. The widespread spring bear-baiting throughout Northern Ontario is the ideal boot camp for training nuisance bears.\"  how true !!!\nPlease stop the spring bear hunt\n"
    },
    "42441": {
        "url": "/comment/42441",
        "comment": "I completely feel the spring bear hunt is unnecessary and cruel.\nIt means a death sentence for orphaned cubs.\nWe live in central Ontario and have bears around our home. They are harmless if not challenged. Our police force ushers them out of town to protect the community and the bears, or Bear With Us is called and they trap a nuisance bear and relocate it without any problems. Wildlife should be left alone.\nI am totally opposing  the spring bear hunt.\n"
    },
    "42443": {
        "url": "/comment/42443",
        "comment": "To Whom It May Concern:\nA spring bear hunt would open up killing bears who are suffering from the effects of hibernation. It would also potentially kill female bears, leaving their cubs orphans. This is not sporting or humane.\nFind a more suitable way to create recreation dollars than killing things.\nThank you.\nVirgene\n"
    },
    "42449": {
        "url": "/comment/42449",
        "comment": "For God sake.....humans need to stop trying to control nature!! This is a cruel practice for no reason except to make money and appease hunting organizations. No hunter can absolutely know for sure if a mother bear has cubs close by that will suffer and perish. Shame on the Ontario government to allow this incredibly cruel and unnecessary hunt. We all share this planet but it is only man that destroys it. Please put an end to the Spring Bear Hunt!\n"
    },
    "42451": {
        "url": "/comment/42451",
        "comment": "In this day and age there is no justification for killing wildlife...grow up and protect what we have before they and we go extinct\n"
    },
    "42452": {
        "url": "/comment/42452",
        "comment": "Hunting black bears in Ontario is not only is environmentally wrong and dangerous, but cruel. Spring is when many animals, including black bears, awake from hibernation. Often times with newborn cubs. When you kill a sow, her cubs are left alone. They will either be killed themselves or starve to death. Please help protect bears.\n"
    },
    "42453": {
        "url": "/comment/42453",
        "comment": "It is disturbing that there are any sanctioned hunts of black bears allowed at all. The only beings who would support a spring hunt are the hunters and they act from a selfish position. I do not support the hunting of any animal. It is cruel and results in unnecessary suffering. There is no scientific reason to support hunting either, only that it provides an easy justification for those that seek one and those gullible enough to believe it.\n"
    }
}