{
    "41365": {
        "url": "/comment/41365",
        "comment": "I think the proposals make good sense to me -- I am a farm/woodlot owner in Lanark County near Ottawa -- we have bears on the property and in the area. I have not heard of any problems locally during the 5 years of the pilot extension period. Policing the rules is always an issue but I don't think the bulk of the local hunters are trophy hunters but rather food hunters or probably more factually 'social hunters' in that it is the social aspects of the group activity that are most important to them.\n"
    },
    "41370": {
        "url": "/comment/41370",
        "comment": "I am in support of shortening the duration of the black bear hunting season, not just in the Bruce peninsula but everywhere in Ontario. In fact, I am in support of eliminating bear hunting altogether everywhere in Ontario. Consider recent legislation in Europe which classifies animals as sentient beings. This recognition will spread. Canada should be in the forefront of this movement, not lagging behind. We need to protect the non-human beings with whom we share our land, rather than kill them. Hunting is not a \u201csport\u201d, it is bullying and exploitation taken to the extreme. Humans need to look at our culture and our own brains to root out the influences that drive some people to take pleasure from killing. This is highly distorted behaviour and a government agency that permits such behaviour is NOT reflecting the views of the majority of the population. Ban hunting of all animals at all times.\n"
    },
    "41374": {
        "url": "/comment/41374",
        "comment": "I am in approval of making the spring bear hunt  permanent , we live in a rural area with a lot of bear activity where there use to be little. I blame this on canceling the spring bear hunt, I have had my chickens and  guineas coops broken into and the birds killed on 4 occasions . Making the spring bear hunt permanent will help to control the numbers ...thank you\n"
    },
    "41380": {
        "url": "/comment/41380",
        "comment": "I feel that the Black Bear population in Northern Ontario is a valuable part of our eco system and that they should be left alone.\n"
    },
    "41383": {
        "url": "/comment/41383",
        "comment": "This proposal to implement a regular spring bear hunt will go along way to control nuisance bear problems. We have had numerous incidents of bear damage to our apple trees and gardens due to bear  numbers being to high and not being controlled prior to the spring bear season being brought back in the spring of 2014. Bear predation on moose calves will also be greatly reduced with an ongoing spring bear hunt .I have witnessed 2 moose calf kills due to bear attacks on new born moose calves.  I agree with the implementation of a regular spring black bear season.\n"
    },
    "41384": {
        "url": "/comment/41384",
        "comment": "I oppose the spring bear hunt because it is unethical and puts mothers and cubs at risk. Shortening the season on the Bruce Peninsula is a good idea - but I would like to see the bear hunt eliminated entirely. We should be focusing on managing bear-human interactions by educating humans on how to live side by side with bears instead of killing them.\n"
    },
    "41386": {
        "url": "/comment/41386",
        "comment": "I would like to express my opposition to the changes proposed in ERO 019-1112 (black bear hunting) and ERO 019-0022 (black bear baiting). The annual spring bear hunt should be eliminated completely.  There is no evidence that this hunt has reduced human/bear conflicts.  Further, black bear sows are not always with their cubs in the spring.  A hunter may not see the cubs and may not recognize a male from a female bear.  Therefore, they may kill a sow and subsequently her cubs will die from starvation or predation, reducing the population even further.\nThe black bear population on the Bruce Peninsula is in steep decline and should be protected.  The spring bear hunt, even for a week, should be banned completely to allow for the recovery of this genetically-distinct population.\nI believe bait-bating is unethical.  Reducing the distance of bear bait from recreational trails and rights of way puts human populations at risk.\nI urge you to reject these proposals.\n"
    },
    "41387": {
        "url": "/comment/41387",
        "comment": "# 019-1112 reinstating the spring bear hunt.\nI live in a rural area in Parry Sound District. I haven\u2019t even seen a Bear in years and don\u2019t believe this is a serious threat to anyone!\nI remember the spring hunt and trucks with cubs and full size bears in the back. Identifying the gender of a bear is almost impossible so killing the cubs will again become a huge issue.\nThis is simply an invitation to Americans to come to Ontario to slaughter bears.\nOnce again this government is proving that they have no interest in preserving our wildlife!\n"
    },
    "41389": {
        "url": "/comment/41389",
        "comment": "I find it deeply disturbing that the current Minister of Natural Resources is pushing to make the spring bear hunt an annual \u2018event\u2019 to boost the economy and tourism in Northern Ontario.\nIsn\u2019t the Minister of Natural Resources mandated to preserve our natural wildlife and not sell it off?\nEven third world countries in Africa don\u2019t allow the hunting of their animals for profit.\nAs it is, the bears in Northern Ontario upon awakening in spring, are lured to a baited area where the hunters lie in wait with their firearms ready. The bears don\u2019t stand a chance, but the hunters get their jollies watching an innocent animal die at their hands.\nIn addition, any cubs now orphaned in the den will die of starvation. How barbaric that we permit this and now want to extend it annually.\nSurely our government can find more creative ways to boost the economy, that don\u2019t involve killing off these beautiful animals.\nI suggest photographic tourism camps be developed where the trophy is photos of the animals in their natural habitat.\nThis can be promoted as a positive economic driver that anyone can take part in.\nNo bears lose their life over this.\n"
    },
    "41391": {
        "url": "/comment/41391",
        "comment": "We believe this proposal is long overdue. The issue of non licensed persons conducting bear hunts has always been a problem for the licensed outfitter. The outfitter has invested multi thousands of dollars in their business and needs to be respected as a commercial business. The outfitter also pays a annual hefty fee to use the BMA's. That in itself should limit the bear hunting to the outfitter. The parasite hunters  take advantage of the already prepared, groomed and baited sites for their illegal gain and profit. This disrespectful behavior not only offends the outfitter and their ability to profit, it influences the bear management program. I believe all bear hunters, including residents must fill out the Form 33 so the exact count of harvested bears is recorded. It would be pertinent to know what rules and penalties will be involved with the plan to license the business of a bear hunting outfitter versus the wannabe.\nI commend the MNR for their insight with this issue.\n"
    },
    "41393": {
        "url": "/comment/41393",
        "comment": "Hunting is a cruel and unnecessary sport that victimizes and exploits Canada's natural resources. Under no circumstance should the hunting of any bears be allowed especially in the spring when mother bears are just emerging from hibernation.\nHunters unequivocally do not care about the well being of our animals and will leave orphaned young to suffer and perish due to the hunting of their guardians. Bears are an important part of our Canadian identity and our natural ecosystem. It is shameful to think our government is considering allowing people to slaughter and torture these majestic creatures for sport. Ontario needs to do better and protect the animals that enrich our Province.\nHunting is a barbaric and antiquated sport that has no place in a modern, compassionate society.\n"
    },
    "41394": {
        "url": "/comment/41394",
        "comment": "The spring black bear hunt is unethical. It provides limited to no economic or environmental benefit. In the absence of a spring hunt, more bears are taken in the fall, with essentially equivalent demographic and economic consequences. The only concrete outcome of the spring hunt is to generate orphan cubs, when mothers are taken either illegally or accidentally. MNRF's own research (Obbard et al. 2008) shows that hunters have a poor ability to distinguish male and female bears, so the prohibition on taking mothers is ineffective. Please reconsider this poor policy proposal.\n"
    },
    "41395": {
        "url": "/comment/41395",
        "comment": "I agree that this bear hunt should proceed as planned.  Without a hunt there is no management of bear and as previous, the populations will get out of control again.  Hunting is part of conservation and without it, we have no reason for any of our decisions.\n"
    },
    "41397": {
        "url": "/comment/41397",
        "comment": "Allowing bear hunting again is very concerning. Using human fatality as a reason for shooting bears is absolutely a fear tactic. Clearing out the bear population to create more roadways for cars (which contribute to an actual reality of human fatalities) is a much more believable reason for this legislation.\nHow will the government implement and regulate that female bears and their young are protected?\nWhy at a time when we're trying to abolish gun violence are we resorting back? We do not need to hunt bears. These bears are just as much mine as anyone elses. I disagree with destroying them and I disagree with this proposal.\n"
    },
    "41398": {
        "url": "/comment/41398",
        "comment": "Good ideas and obvious benefit to all involved.  Will be a bit of a learning curve to non-residents if they can not purchase tag for bear because many had purchased property for this reason.\nNice to see bears being utilized and not looked at as nuisances. Farmers and Landowners will benefit and the MNR will be burning less funds to relocate nuisance bears just to see them return.\nMoney into local outfitters is always a good idea for the North\n"
    }
}