{
    "20847": {
        "url": "/comment/20847",
        "comment": "Please stop bill 66.  Our environment is our lifeline.  Without wetlands, green space, carbon sinks, our air quality will be compromised, wildlife habitat will be disrupted and our farmland cut up for development compromising our food system.\nPlease rethink this decision.  We have more than enough areas where new developments can be made on previously developed areas.  Ie brown fields which can be open for business.\nThank you.\n"
    },
    "20848": {
        "url": "/comment/20848",
        "comment": "Please reject Schedule 10 of Bill 66\nI'm a farmer. I'm a parent. I have a Science degree. I was involved in our family business that included manufacturing parts for the automotive industry. I think I can see this issue from different perspectives.\n I read Rod Phillips Minister Message as well as your \" Preserving and Protecting our Environment for Future Generations-Made in Ontario Environment Plan\"\n-\"waterways are under increasing pressure as urban development expands\"\n-\"pollution in our air and water increases healthcare costs\"\n-\"The Climate is changing.....Forests, waters and wildlife across the province are and will continue to be impacted by these changes\"\n-\"The natural spaces across Ontario such as forest, wetlands and parks purify our air and water, protect biodiversity and natural heritage\"\n-\"We know that climate change poses a serious threat to Ontario's natural areas and that conservation of those areas play an important role in mitigating and adapting to climate change. We will protect and enhance our natural areas, support conservation efforts, continue to conserve species at risk, develop adaption strategies and promote the importance of healthy natural spaces for future generations\"\nBill 66 Schedule 10 contradicts this\nWe are facing a global emergency with climate change and biodiversity loss. But this government wants to pave over farmland and natural areas for corporations and profit? We are in trouble because of growth and profit trumping the environment time and time again.\nAgricultural land is a finite resource. Once it is paved over, it is gone forever. According to Ontario  Farmland Trust we lose 175 acres per day in Ontario and we have lost 20% of our farmland between 1976 and 2016.  With climate change we need more farmland not less. Extreme weather reduces production and not only do we need to feed a growing population, we need land to grow biofuels as we move away from fossil fuels. Food security and local food is also vital with climate change.The agri-food sector contributes over 39 billion to Ontario's GDP and employs more than 820,000 Ontarions (1)\nPutting development into agricultural areas is wrong and poor planning.  It is deplorable that the local people particularly farmers will not be allowed to give input. Development in agricultural areas limit farm expansion (MDS requirements and negatively affect farmers decision's to invest). OMAFRA has documents on problems between farmers and conflicting land uses ie odour, noise, traffic development pressure etc. We have experienced some of these issues. As well, many farms provide wildlife habitat, carbon sequestration and assist with flooding (water infiltration). Paving farms over and fragmenting farm areas is  wrong.\nThere are many wonderful environmental and planning policies already in place  yet this bill wants to override these. Smart growth is just that. Keeping development close to town reduces greenhouse gases and keeps farming areas producing food and fibre while providing many environmental benefits. I suggest if you want Trust and Transparency, corporations should follow the environmental and planning policies we all do and do so with the public involved and  not behind closed doors.\nScientists have been warning us for decades about climate change and biodiversity loss. Governments have let us down by not taking these warnings seriously and early enough. People need to wake up to the realities of climate change. I might die of old age before things get too extreme with climate change. My kids won't.  What legacy do you want to leave to your daughters and grandchildren Premier Ford? Please remove Section 10 of Bill 66. Thank you.\nReference\n(1)Ontario Federation of Agriculture 2018, Agriculture Matters. A Guide for Municipal Councillors and Staff\n"
    },
    "20849": {
        "url": "/comment/20849",
        "comment": "Building on the Oak Ridges Moraine is insanity.  It's our drinking water, pure and simple.  Without it we die.  Why is this even being considered?  The world has gone mad.  A politician should be able to think beyond tomorrow.  Shortsightedness is not an option for a politician in today's world.  We've wasted away our natural resources far too much already.  The world will be an extremely difficult place for the children born today, because of our greed and lack of foresight.\nStop the insanity.....NOW!!\n"
    },
    "20851": {
        "url": "/comment/20851",
        "comment": "Please see attached letter from the Peel Federation of Agriculture. I have included the body of the letter here, as this site does not seem to want to upload the file:\nPeel Federation of Agriculture is the farm organization that represents over 350 registered farm businesses in Peel.\nAs the farm community is perhaps the largest stakeholder group to be impacted by the proposed Bill 66, Restoring Ontario\u2019s Competitiveness Act, we have a vested interest on behalf of our membership to encourage a thoughtful and thought-provoking process.\nThere has been a lot of discussion about preserving the agricultural land basethrough planning initiatives like the Greenbelt.  It does not mean that we should abandon sound logic.  We have no way of predicting that agriculture will be sustainable regardless of any decision we make.  The success or failure of the industry will be dictated by the marketplace and by the initiative of individual operators.  We should also not assume that because we have a Greenbelt, that it will somehow make agriculture more viable.\nIf the objective behind Bill 66 is to fast track the development of employment lands in the province, we support the bill because of the simple fact that Employment lands within the Greenbelt support smaller rural communities, thereby contributing to agricultural sustainability.   All too often, we have seen major employers frustrated with the red tape and time required to obtain approvals.  The end result is that these employers relocate.\nIn some respects, Bill 66 will achieve similar results to a Ministerial Zoning Order.  We definitely would like to see the lengthy delays in economic development due to governmental compliance.\nWhat our Federation would like to see together with our Parent Federation, the Ontario Federation of Agriculture is:\n\u2022\tUse of the Provincial Policy Statement definitions and language in all Four Provincial Plans.  A lack of consistency across all four Plans leads to confusion for businesses and subjective interpretation by many stakeholders that are involved in any process involving any of these Plans.\n\u2022\tWe would also like transferring the oversight of the Niagara Escarpment Plan from the Ministry of Natural Resources and Forestry, to the Ministry of Municipal Affairs and Housing .  Business should not have to contact multiple ministries/government agencies for similar provincial plans.\n\u2022\tTargeting smaller communities for infrastructure and economic investments to distribute economic development, reduce congestion and growth pressures in the GTA.  Growth pressures continue to make life unaffordable and challenging for the average resident.\n\u2022\tThe current pattern of growth is unsustainable.  The Province\u2019s priorities to increase housing supply and affordability, create jobs, reduce red tape, attract new investments, and build strategic partnerships align exceptionally well with the Ontario Federation of Agriculture\u2019s Producing Prosperity Plan.\n"
    },
    "20852": {
        "url": "/comment/20852",
        "comment": "Thank you for the opportunity to give my input.  I wish to express my profound opposition to section 10 of Bill 66, Restoring Ontario's Competitiveness Act, 2018. For years I have worked with my local municipality to ensure that clean drinking water, healthy air and healthy lakes and rivers are part of the Official Plan under which we make the rules that govern our township.\nOfficial Plans are hammered out over time, and passed, often with a great deal of debate at the municipal and county levels, and follow the direction set down by the Province under the Provincial Policy Statement. It has been developed to reflect the best science that we have available on how to have a healthy environment and healthy, productive communities, on which not only the people of Ontario, but also our businesses rely.\nI can't imagine how the provincial government can consider undercutting all the good work that our municipalities have done. In our municipality the council sought input from the public on multiple occasions. The people of our township have expressed their desire for a clean, healthy environment over and over. In our Strategic Plan, for example, a healthy environment was the top priority identified by the people. Now, this work is to be overridden so that businesses can do whatever they want, even if it means destroying wildlife habitat, polluting our drinking water, polluting our air, killing off our precious wildlife and contaminating our lakes and rivers?\nBill 66 would threaten wetlands, woodlands and habitat for Species at Risk across Ontario. We need strong rules to protect these if we want to have a livable province. Bill 66 would run contrary to the interests and desires of the people of Ontario: a 2016 Nanos poll found that 90 percent of Ontarians believe the government is responsible to ensure a healthy environment for all, and 97 percent support the right to clean air and water.\nI live in a part of Ontario where tourism is a major driver of the economy. People come here because we have beautiful forests, lakes and rivers. Our tourist operators rely on the health and beauty of the natural world to attract visitors. People choose to live here because it's a relatively clean place. If Bill 66 becomes law, all this will be up for grabs by business interests, and without any recourse for the people who will be affected? Are people not to have basic rights to use even the courts to defend their homes? This is completely undemocratic, and unacceptable.  Citizens have to have recourse when their way of life is being threatened.\nI also find it completely unacceptable that Bill 66 would compromise transparency and public engagement, by allowing decisions to be made without prior public notice behind closed doors.\nThe farmland of Ontario needs to be protected. Bill 66 would undermine our ability to preserve good land for farming. You can't grow food on asphalt! Any legislation that prevents our being able to save good farmland from development is contrary to common sense. Ontario has a large and growing urban population. They need to eat!\nBill 66 would also threaten our drinking water. Since Walkerton, the Province of Ontario has taken some important steps to ensure that our water supplies are protected. That means looking upstream to prevent pollution. It is unacceptable that protections of existing and future sources of municipal drinking water could be overridden,  allowing landfills, sewage systems and improper handling of manure, fuel and pesticides to take place where water sources would be threatened.\nWe already have too many toxic chemicals in our environment. Bill 66 would allow more by repealing the Toxics Reduction Act. I think of the number of people I know who have cancer. Think of the suffering from this disease, and the health care dollars that are spent on cancer care. Toxic chemicals are implicated in many types of cancer. How in God's name can the government consider allowing more?\nLastly, we need the policies recently developed for climate resiliency. We need, as a people, to prevent more CO2 going into the atmosphere, and we need the province to lead the way. Ontario, like most places, is going to face even more flooding, drought and forest fires.   We also need to prepare for such events, which we know will be ever more frequent in the next decades. We cannot afford to allow legislation that undermines efforts to accomplish this.\nTo conclude, I hope sincerely, that the government of Ontario will withdraw these aspects of Bill 66. They are not in the public interest either in the short or long-term.\n"
    },
    "20853": {
        "url": "/comment/20853",
        "comment": "Bill 66 should not be allowed to pass based on the following:\n-\tRepeal of the Toxics Reduction Act and it\u2019s regulations ensures that industries either: a) have a plan to reduce their output of toxic substances  and b) have a plan to reduce their use of toxic substances. Removing this requirement puts our health at risk.\n-\tSchedule 10 in Bill 66 Enables municipalities to override provisions in the Clean Water Act, Greenbelt Act, 2005, Great Lakes Protection Act, Lake Simcoe Protection Act, 2008, Oak Ridges Moraine Conservation Act, 2001, Resource Recovery and Circular Economy Act, 2016 and other provincial statutes.  These regulations keep vital resources safe, protect our drinking water and are key to securing our economic future. Sacrificing the quality of our environment and our communities today will not make Ontario more sustainable now and into the future; it will make Ontario vulnerable and weak. Moreover, it will increase risk for repeat crises such as Walkerton and no doubt lead to expensive clean-ups, remediation and increased infrastructure all paid for at the cost of the taxpayer, not the developer or business.\nThe Greenbelt secures vital farm lands in climate zones not found many other places in Canada. Our ability to grow our own food is not just best economic practice, but a matter of national security. The green belt also protects many hunting and fishing grounds which are essential to sustaining traditional cultural practices.\n-\tERO Number 013-4239: Would permit municipalities to pass an \u201copen-for business bylaw\u201d on the basis of providing 50-100 jobs (depending on municipality size). The following is not required in the municipality\u2019s submission to the Ministry of Municipal Affairs and Housing, and therefore I cannot support the amendment:\n             o\tNo minimum requirement for the duration of those jobs (Full-Time Permanent, part time, casual)\n             o\tNo minimum or expectation for high wage or skilled labour for those \u201cnew jobs\u201d\n             o\tNo criteria that the \u201cnew jobs\u201d would be filled by local workers (which would directly benefit the municipality)\n             o\tNo requirement to forecast the benefit to the local economy in short and long term\n             o\tRemoves ability for citizens to appeal the decision made by the municipality\nI do not support this Bill.\n"
    },
    "20854": {
        "url": "/comment/20854",
        "comment": "Remove Schedule 10 from Bill 66, which allows municipalities to override provisions in the Greenbelt Act, Clean Water Act, Lake Simcoe Act, Oak Ridges Moraine Conservation Act and Great Lakes Protection Act.\nThis schedule is in direct contradiction to promises made during the election after uproar over the green belt being proposed to be open to development. The retraction of this and the promise to leave the green belt alone was the only reason I decide to vote PC.\nI am not against development what so ever but the green belt must be left alone!  The green belt is something all Ontarians can be proud of and needs to be protected. Development is possible in other locations.\n"
    },
    "20860": {
        "url": "/comment/20860",
        "comment": "TO WHOM THIS MAY CONCERN\nThe Greenbelt protects Ontario farmland, forests, and nature. It provides habitat for very important and already endangered Ontario\u2019s wildlife.\n80% of Ontarians get the drinking water from the Great Lakes.\nOpening the Greenbelt for development, poses a threat to our land, water, and air.\nBill 66 threatens the health of the Great Lakes by opening them up to greater development.\nThe recently released \u201cMade in Ontario\u201d Environment Plan also makes commitments that would be impossible if Bill 66 becomes law.\nOntario doesn\u2019t need new Walkerton or even bigger tragedy than Walkerton!\nThe Ontario government under Ford promised to protect the Greenbelt.\nOntarians do not want the Greenbelt open for development!\nBill 66 is not about creating good jobs. It is about rewarding Ford\u2019s big business cronies.\nPlease do the right thing and advise the Ministers responsible to reverse the profound environmental rollbacks proposed in Bill 66.\n"
    },
    "20861": {
        "url": "/comment/20861",
        "comment": "Please do not go ahead with this act. I understand that there is frustration with the level of \"red tape\" in getting development to happen. Please reconsider your approach, a comprehensive review of how zoning changes happen could identify efficiencies, but to simply allow municipalities to by-pass many important acts which protect our farmland, drinking water and ecosystems is hasty.\nThis will create competition among municipalities in a race-to-the bottom fashion.\nFor the people, please do not do this.\n"
    },
    "20862": {
        "url": "/comment/20862",
        "comment": "As a citizen of Ontario and a resident of the Region of Waterloo, the components of Bill 66 seem hastily conceived and not very well thought out as far as the consequences are concerned.  While I agree with the notion of \"cutting red tape\",  I think a lot of it has been put in place to protect consumers and the public in general.  In particular, I find alarming the possible circumvention of the Planning act.  Although I am not a developer,  I see that the process of land development works fairly well in the Region of Waterloo and the outcomes are better, due to the public scrutiny and the control afforded by the Planning Act and the Provincial Policy Statement (2014).\nAlso, why repeal the Pawnbrokers Act?  I can see it could be updated or streamlined,  but do you really want to create a gray market for stolen goods just for the sake of \"cutting red tape\"?\nI don't understand all the schedules of Bill 66, but from what I do know, it should not be presented to the Legislature as is.  It won't be as dramatic,  but  careful thought should be given to whatever Provincial Acts and policies need improvement, and the Provincial government should proceed meticulously and carefully.  Let's not throw the baby out with the bathwater.\n"
    },
    "20864": {
        "url": "/comment/20864",
        "comment": "The Glebe Annex Community Association in Ottawa joins the chorus of Ontarians who are opposed to Bill 66. Under the guise of \u2018cutting red tape\u2019, this Bill would undermine environmental safeguards and the health of Ontarians, as we would lose important protections for water, wildlife and sensitive natural features set out in the Planning Act, the Greenbelt Act, the Oak Ridges Moraine Conservation Act, the Great Lakes Protection Act, the Lake Simcoe Protection Act, the Clean Water Act, the Toxics Reduction Act, and more.\nThis legislation exists for a reason. The Clean Water Act, for instance, helps protect municipal drinking water from threats such as landfills, sewage systems and improper handling of fuel, manure and pesticides. It was created to prevent another Walkerton tragedy \u2013 the contamination of drinking water sickened more than 2,000 people and resulted in six deaths.\nBill 66 also undermines democracy. The associated by-laws could be passed without public notice or meetings and cannot be appealed to the Local Planning Appeal Tribunal. They don\u2019t even need to be consistent with municipal Official Plans, which are developed in close consultation with community leaders and stakeholders.\nThese \u201copen-for-business by-laws\u201d would bypass legal requirements intended to ensure fair, consistent and transparent public engagement with land use decisions in our communities. They present industry with a back door to develop properties in protected places like the Greenbelt, and threaten the long-term health and resilience of our communities and their residents. We stand firmly opposed.\n"
    },
    "20868": {
        "url": "/comment/20868",
        "comment": "I have great fear that the sweeping changes proposed in BIll 66 will destroy government's role to serve the public good enabling the retention of a good checks & balances system to ensure that our natural resources of land, water, air and greenspaces are protected into the future.\nThe government must hold true to its word -- words that cross all party lines -- to absolutely protect the Greenbelt.\nThe government must ensure that any development ahead does so with sustainability as the #1 priority -- development sprawl should not be rewarded with approvals to build.\nAffordable housing can be realized through a wiser transportation system which allows for speedier commutes from wider networks, allowing housing interests to tap into communities which are more affordable. That should be the priority for development and economic development versus removing the checks & balances which just open the world to wholesale land development without the wisdom of environmental and resource protection.\nThe concerns being voiced from municipalities and advocacy groups about the wide-spreading \"greenlight\" that will upend wise planning and lead to overdevelopment must be heard and incorporated into the plans ahead.\nIn the recent election, the PCs -- and now elected leaders - said that they would protect the Ontario Tree Seed Facility and the Greenbelt.\nPlease stay true to your words and your commitment.\n"
    },
    "20872": {
        "url": "/comment/20872",
        "comment": "Like so many other, I am strongly opposed to Bill 66. The passing of it would be a strike against environmental protections and the health of the Ontario and its public, given that it takes away protections for water, wildlife.\nI hope your intention with this Bill is not to provide industry with a back door to develop protected land like the Greenbelt, and threaten the health and well-being of our communities.\nThese protections are there for a reason.\n"
    },
    "20878": {
        "url": "/comment/20878",
        "comment": "\"Remove Schedule 10 from Bill 66, which allows municipalities to override provisions in the Greenbelt Act, Clean Water Act, Lake Simcoe Act, Oak Ridges Moraine Conservation Act and Great Lakes Protection Act.\u201d\nThis was put into law by a responsible government. Without the Greenbelt protected we are saying yes to environmental degradation and disaster which will affect us all. Stop the greed.\n"
    }
}