{
    "17731": {
        "url": "/comment/17731",
        "comment": "- Anything that impedes the protection of the established, long awaited Greenbelt that protects our local environment and the water of millions of Ontarian would be a huge mistake. This province is large and under populated across northern and central Ontario. This province needs economic and population development north of Barrie. Southwestern and southeastern Ontario, our food source, are already over developed and needs to be protected for the health of us all.\n- Restrictions on child care are there to protect children who are unable to speak for themselves. Although parents are the best gauges of a business' quality they are not always there to monitor the daily interactions. Neglect and dangerous conditions should not be encouraged as I feel these changes are likely to do.\n- Toxic reduction is essential to limit and reduce the increased hazardous conditions developing in Ontario. We should not provide a dumping ground for irresponsible businesses.\n- Considering the recent deaths and continuing reports of neglect in Long Term Care facilities and the anticipated increase in patients I would expect an increase in oversight and attendant care, not allowed reductions.\n- Excess hours and overtime averages are one of the reasons for the loss of full time jobs and secure employment, and the increase in short term contract work without benefits or insurance coverage. Why would our government want to make working in this province even more precarious and undesirable? Businesses need to be held accountable and reminded of their place as responsible members of the community at large, beyond their owners and share holders.\n- EPA posters in the workplace are often the only indication to some workers that there are standards and a place to go for assistance. They are essential to the knowledge of everyone concerned. By removing them you we trying to hide something from those who need to know?\n"
    },
    "17732": {
        "url": "/comment/17732",
        "comment": "Remove Schedule 10 from Bill 66, which allows municipalities to override provisions in the Greenbelt Act, Clean Water Act, Lake Simcoe Act, Oak Ridges Moraine Conservation Act and Great Lakes Protection Act.\nGreen and natural spaces are important to maintain around a growing megacity like Toronto & GTA.\n"
    },
    "17736": {
        "url": "/comment/17736",
        "comment": "\u201cRemove Schedule 10 from Bill 66, which allows municipalities to override provisions in the Greenbelt Act, Clean Water Act, Lake Simcoe Act, Oak Ridges Moraine Conservation Act and Great Lakes Protection Act.\u201d\n"
    },
    "17737": {
        "url": "/comment/17737",
        "comment": "Please find attached the staff report / comment from The Township of Wilmot.\n"
    },
    "17739": {
        "url": "/comment/17739",
        "comment": "Remove Schedule 10 from Bill 66, which allows municipalities to override provisions in the Greenbelt Act, Clean Water Act, Lake Simcoe Act, Oak Ridges Moraine Conservation Act, and Great Lakes Protection Act. It should never have been included in the first place. Abhorrent idea to open the Greenbelt for commercial businesses. Environmental provisions exist for a reason and shouldn\u2019t be up for sale. Not now or ever.\n"
    },
    "17740": {
        "url": "/comment/17740",
        "comment": "I do not want the Ontario government to allow any infringement upon the Greenbelt. It is home to water sheds, farms and much-needed green space for the ever expanding population of the Golden Horseshoe. It cannot be seen by developers or the government as red tape that needs to be gotten around. Ontario will thrive without Infringing upon this protected space.\n"
    },
    "17746": {
        "url": "/comment/17746",
        "comment": "The Greenbelt is one of the most important legacies of previous Ontario governments, and acknowledged across party lines.  It is essential to both our food supply and sustainable environment.  Maintenance and improvement of our environment and water supply is essential as addressed in several acts , and cannot be left to individual municipalities to override.\nPlease remove Schedule 10 from Bill 66, which allows municipalities to override provisions in the Greenbelt Act, Clean Water Act, Lake Simcoe Act, Oak Ridges Moraine Conservation Act and Great Lakes Protection Act.\n"
    },
    "17748": {
        "url": "/comment/17748",
        "comment": "There are many reasons why I am opposed to Bill 66.  In brief, these are outlined in a Region of Waterloo report, including the following:\n\u00b7    Lack of prescribed consultation;\n\u00b7    Risks to health, safety and the environment, including groundwater protection;\n\u00b7    Non-applicability of Provincial and Municipal plans and policies\u2026\nMunicipal councils in the Region of Waterloo have overwhelmingly stated their opposition to Bill 66 in its current form.\nThat opposition is based on the provision that a municipality can pass an Open for Business bylaw.  If such a bylaw is passed, there would be:\n\u00b7       no need to follow planning documents that have been created over many years;\n\u00b7       no requirements for public consultation;\n\u00b7       no appeal could be made against any municipal act\nThe impact on the future of our cities, our countryside, our natural resources, and on cultural and natural heritage is clear. These are outlined below.\n1. Impact on Planning\nIf a municipality passed an exemption under Bill 66, zoning by laws would not need to conform to any official plans.  Site plan approval would not be required.  There would be no protection to the natural or built environments.  Famous structures that attract tourists from around the globe could be flattened.  A municipality could demolish any building or cultural feature it wanted.  A bylaw could be passed that is exempt from all planning and environmental law such as the Planning Act, Places to Grow Act, and the Planning and Development Act.  The planning process is out the window and there is no appeal process.\n2.  Impact on the Environment\nUrban growth tends to be expansive rather than focused on the existing land that has already been developed in urban areas.  We need to resist that tendency to sprawl, thus putting our agricultural and forest resources at risk.\nMore than half of Waterloo Region's growth comes from building in existing urban areas. This investment in our urban centres means we can keep growing while preserving the rural communities and farms that make Waterloo Region unique.  This is not a short-term concern.  We need to protect farmland and natural areas from urban sprawl.  Farmland, cultural and natural landscapes provide urban dwellers with respite from stress.  Natural environments provide us with clean water and clean air.  These are qualities that have made Ontario a wonderful place to live, work and play.\n3.  Impact on Heritage\nThe impact on built heritage and cultural landscapes is obvious since Bill 66 circumvents planning by municipal government.  There are many examples where protection of our built heritage has been put at risk despite good planning.  An Open for Business bylaw could bypass the Planning Act and Provincial Policy Statement.  The latter states clearly that \"Significant built heritage resources and significant cultural heritage landscapes shall be conserved.\"\nThe bill also impacts on archaeological heritage.  Ontario has a rich history of occupation that dates back at least 12,000 years. The archaeological assessments completed each year in advance of development help fill in the gaps in the story of our province, Indigenous Peoples and more recent settlers.\nArchaeology gives a voice to many who have been written out of the history of our province. Indigenous and descendant community participation in the process of archaeological investigation has recently amplified that voice. Bill 66 threatens to allow municipalities to opt out of the research that comes from excavations prior to construction.\nThe Ontario Archaeological Society has stated clearly: \u201cUnder Bill 66, a municipality will be able to circumvent\u2026 the Provincial Policy Statement\u2026 and Official Plan requirements\u2026. The protection of heritage is a mandatory provincial interest under the Ontario Heritage Act, not a decision of convenience at a municipal level. Bill 66 needs to be amended to restore the requirements that protect our heritage for the generations to come.\u201d\nThe Architectural Conservancy of Ontario has stated that Bill 66 would allow the development of major employment and economic growth opportunities.  We could see many more demolitions of heritage buildings.  In the past, demolitions have taken place despite protections, including Carnegie libraries, fire stations, city halls and other valuable buildings of historic and cultural significance.  Should a builder decide to demolish an historic building, under an Open for Business bylaw, there would be nothing anybody could do to protect it.\nUnder Bill 66, the lack of heritage protections would mean that we further write out of our history the richness of Indigenous Peoples as well as those settlers whose descendants form a majority of today\u2019s population.\nBill 66 puts the cultural and natural landscapes of Ontario at risk.  I ask that you reject this bill in its current form.\n"
    },
    "17749": {
        "url": "/comment/17749",
        "comment": "I am firmly against bill 66. In these days of environmental devastation whilst we are in the midst of an extinction event we need to protect any and all greenspace left. There is more than enough industrial land on which to build in Ontario. The Greenbelt should not be open to development it is needed to ensure a clean water supply for the citizens of Ontario!\nPlease remove Schedule 10 from Bill 66, which allows municipalities to override provisions in the Greenbelt Act, Clean Water Act, Lake Simcoe Act, Oak Ridges Moraine Conservation Act and Great Lakes Protection Act.\nSo far your government has been unmitigated disaster for the environment and for those who depend on our social services. Time to change direction. Lets leave a better earth for our children!\n"
    },
    "17751": {
        "url": "/comment/17751",
        "comment": "Remove Schedule 10 from Bill 66, which allows municipalities to override provisions in the Greenbelt Act, Clean Water Act, Lake Simcoe Act, Oak Ridges Moraine Conservation Act and Great Lakes Protection Act.\nShort-term economic gain should not come at the expense of the long-term health of our environment.\n"
    }
}