{
    "20176": {
        "url": "/comment/20176",
        "comment": "I believe in an Ontario that has embraced a set of values, convictions and actions that will ensure a clean, safe and healthy environment for all of us.\nI have 9 grandchildren growing up here in this province. They range in age from 2 to 10. I would like a guarantee from our provincial government that every decision they make has an eye on the future health and well being of these precious souls. To be honest, I do not feel Bill 66 provides this reassurance for me. I feel it is a massive mistake. Actually, it feels like a betrayal of trust.\nI am especially concerned about Sections 5 and 10. I get the sense that the passing these sections of Bill 66 will reward big business, not the people and most certainly not the environment. They will weaken many regulations that were passed to protect our environment and drinking water.\nCan it be that it will allow municipalities to bypass important environmental regulations as long as at least 50 new jobs are created? And how about the impact it will have on The Greenbelt Act, The Clean Water Act, The Great Lakes Protection Act, The Lake Simcoe Act and The Oak Ridges Moraine Act?\nWhere does this leave my grandchildren? Someone needs to explain to me why their futures have not been taken into serious consideration. They deserve better! They deserve legislation that does not sacrifice the environment for short sighted economic gain.\nWouldn\u2019t it be better if we had a provincial government that was deeply concerned about protecting and enhancing our green spaces, our air and our water? Wouldn\u2019t it be better if we had a government who cared about the futures of my grandchildren and yours?\n"
    },
    "20177": {
        "url": "/comment/20177",
        "comment": "I oppose the changes to legislation proposed in Bill 66.\nThe protection that is currently provided under the Clean Water Act, the Ontario Greenbelt plan, and the Oak Ridges Morraine Conservation Plan, have been developed over many years, in response to identified risks to public health and the environment. They should not be changed to facilitate development.\nOfficial Plans have been developed through public consultation and debate. They should not be changed in secret meetings.\n"
    },
    "20179": {
        "url": "/comment/20179",
        "comment": "I value the world and the natural environment that we live in and would like to see it protected for our future generations.\nBill 66 proposes to allow greater development at the expense of our fresh water, land, soil, air, and safety.  I urge your government to REMOVE Schedule 10 from Bill 66.  I believe that the Greenbelt Act, Clean Water Act, Lake Simcoe Act, Oak Ridges Moraine Conservation Act and Great Lakes Protection Act were established to keep people and the environment safe and I do not want corporations or municipalities to be able to override them for personal or corporate gain.\n"
    },
    "20185": {
        "url": "/comment/20185",
        "comment": "I am writing to express my concerns over Schedule 10 of Bill 66.\nI strongly oppose this Bill and the changes it proposes. Bill 66 will roll back many of the province\u2019s fundamental water and environmental protection rules - that are in place to protect me, my children and all Ontario's citizens from pollution, exposure to toxic chemical and over-development (urban sprawl). I do not feel that the price of \"progress\" and the need to \"cut red tape\" need to come at the expense of our collective health and that of the planet for which we live and depend on for our survival. Surely by 2019 we are educated enough to understand the implications of our human impact to the environment.\nDo what is right - continue to uphold the laws and legislation already in place to prioritize the environment, and by default - the health of each citizen of Ontario. Being \"open for business\" should not mean destruction of the environment. Some things should not be sacrificed!\n"
    },
    "20189": {
        "url": "/comment/20189",
        "comment": "This Bill is an unprecedented and unacceptable attack on provisions that currently safeguard public health, protect our environment and provide overall safety in our municipalities.  Bill 66 allows for development for residential and factory purposes over Greenbelt areas.  This undermines the past efforts to protect Ontario's drinking water and the Toxic Reduction Act to reduce the release of toxic chemicals.  Wetlands, woodlands and species at risk would be threatened by this Bill.  Wetlands are so important to our municipalities because they aid in collecting and draining water from nearby municipalities and furthermore filtering this water before it enters our groundwater.  Furthermore, wetlands are homes very biodiverse ecosystems which are essential to the survival of many species that rely on these habitats. It would undermine efforts to make Ontario communities more livable, sustainable and resilient. Open-for-business by-laws would override PPS policies supporting active transportation, affordable housing, green infrastructure and climate resiliency. It would compromise transparency and public engagement. Contrary to current legal requirements (Planning Act, Clean\nWater Act), the by-laws could be passed without any prior public notice, behind closed doors. It would leave citizens without recourse and community members would not be able to appeal open-for-business by-laws to the Local Planning Appeal Tribunal. Our government is here to meet the needs of all citizens and protect their future, their health and their safety.  For the sake of our children this Bill cannot pass.\n"
    },
    "20190": {
        "url": "/comment/20190",
        "comment": "The Green Belt and the Green Belt Act must be protected. Thus any mention of altering the Green Belt Act, or allowing individual municipalities to bypass it, must be removed from Bill 66. The Green Belt Act protects farmlands, the Oak Ridges Morraine and other ecologically sensitive areas like waterways, as well as our wildlife and vegetation. Individual interests at the municipal level must not be allowed to overrun the larger benefit provided to the people of Ontario as a whole by the Green Belt Act and the Clean Water Act etc. Municipalities have been working to create smart development plans that create more density rather than more sprawl: Bill 66 - and especially Schedule 10 - will take us back 50 years in terms of planning and ecological awareness! Please reconsider this legislation, and protect the Green Belt for this and future generations. Thank-you.\n"
    },
    "20193": {
        "url": "/comment/20193",
        "comment": "Comments on Opening the Greenbelt for Development, Bill 66\nFrench politician and statesman Alexandre Auguste Ledru-Rollin (1807-1874) was apocryphally quoted as saying, \u201cThere go my people and I must follow them, for I am their leader.\u201d M. Ledru-Rollin was eventually exiled to England by the ruling elite for his ideas of actually listening to the people who did all the living, working and dying. Mahatma Gandhi (1869-1948) also is quoted as using this very powerful line. Gandhi was arrested and imprisoned for leading a grassroots movement of non-violence against a foreign imperial power that refused to listen to the wants, desires and needs of the people. Wherever the quote came from, it speaks to the best qualities of a leader, whether that leader is a business owner, crew leader, religious leader or politician. I believe all politicians should have this line printed on their mirrors. This is the highest quality of a leader: to look after the people who are relying on them to lead them to a safer, happier, healthier tomorrow, or, in my chosen profession, to ensure they go home safely at the end of the day. I believe that with Bill 66 the current government of Ontario and the premier have not only not looked in their mirrors, but decided to break them and throw them out.\nIt is my understanding that the Greenbelt was initiated by the province of Ontario for the future enjoyment and protection of Ontarians and their environment. The Greenbelt would set aside land for recreation, agriculture, environmental protection and safe water. Opening the Greenbelt for commercial, residential and industrial development flies in the face of forward-looking politicians, business people and private individuals, lead to loss of green space for future generations and loss of habitat for endangered species, damage to water supply systems and irreparable damage to ecosystems that have been in place for thousands of years.\nOver the past few years I have tried to do everything I can to reduce my impact on the environment. Part of this was to reduce my energy usage through using the GreenOn rebates. These rebates were paid for by the provincial Cap and Trade program. I replaced my aging furnace and air conditioner to the highest efficiency units available, replaced windows, replaced all my lightbulbs with LED\u2019s, sealed my house, I even bought an all-electric vehicle. Over the past 20 years, before I retired, I commuted the 20 km to and from work through most of the year on my bicycle. Why? Because it was the right thing to do. What is this government doing? Turning the clock back 40 years. I am waiting for it to reopen coal-fired power plants.\nCancelling the Cap and Trade program simply speaks to this government\u2019s mindset: the environment is not a concern, it is for sale to the highest bidder and we need to pave the world. Bill 66 follows along with this theme. MPP Donna Skelly is quoted as saying that environmental protections will still be in place, but at the same time the proposed Open for Business bylaws allow municipalities and businesses to ignore red tape put in place for the protection of the environment, the world, the province and the people who live here. Municipalities who do not wish to pass these bylaws are free to do so, but they will be under increased pressure to do so if a neighbouring municipality decides they will open up development. It is a Catch-22 scenario for these municipalities \u2013 damned if they do, damned if they don\u2019t.\nThe Oakridges Moraine is a unique geologic formation that is beautiful in its entirety. It is also home to many species, some of which are under survival stress if they lose habitat. It has the ability to act as a carbon sink for millions of tons of carbon dioxide and it supplies and filters millions of gallons of water necessary for the drinking water for inhabitants of the area, both human, farm and feral animals. It is also essential in holding back floodwaters. This unique area needs to be protected, not leveled for urban sprawl.\nThe Lake Simcoe watershed is a beautiful area that I have visited many times. It is home to many aquatic birds and animals as well as a large human and farm population. The Lake Simcoe Region Conservation Authority released a report last year that shows some stress in the watershed area. Further development and intensification of residence, commerce and industry will further erode plant life, forestry, and the waters of the area. Storm and sewage runoff are already a problem. More trees and wetlands are required to ensure the long-term health of this area.\nI worry about our environment. I worry for my children and grandchildren; and not just mine, but everyone\u2019s children, grandchildren and great-grandchildren. I worry about not being able to go outside and see the stars because the air is too thick to see through and with sprawling residential, commercial and industrial areas, the night sky will be more blotted out with light pollution. I will have to go farther afield to see stars. I remember being able to see the Milky Way in the night sky as a child. The only time I have been able to see this from my home was back during the large power outage in August 2003.\nI worry about being able to ride my bike through chucky thick air. I worry about having safe water to drink. I worry about biodiversity. I worry about what my grandchildren will say about me and about us. What did we do when we had the chance? I want to be able to say that we did something. How can I look in the mirror and say to myself, \u201cWe had the chance to fix the problem and we did nothing!\u201d?\nIn the entire Golden Horseshoe area there are thousands of hectares of brownfields waiting to be redeveloped. This land simply needs to be cleaned up to be suitable for new industry, commerce and residential areas. The land is already serviced, infrastructure in place and in many cases on existing transit lines. Why can this land not be used instead of going to the expense of servicing new lands, plowing and paving agricultural lands? There is apparently enough serviced land in these areas to keep developers busy into the 2030\u2019s. Why do we need to destroy sensitive lands that are habitat to many species that will lose their homes? Already we have coyotes in the urban and suburban areas and parks attacking domestic animals. They are there because they are being pushed out of their regular habitats due to human encroachment. We have a rabies outbreak in the Hamilton-Caledonia area. This has nothing to do with the current Greenbelt plan; but if we further encroach on wildland areas, wild animals will have no other choices but to become extinct or encroach on land already developed. This will only worsen as we sprawl more and more into their habitat. Paving this area will also lead to worsening flooding.\nOne of the best tenets of the Greenbelt plan was to keep agricultural land close to where it is needed. By destroying farmlands we will have to truck in food from farther and farther afield. Why? We can produce much of our food right here. To produce it farther away means more cost and more carbon produced in delivering it into the urban areas. That leads to more spoilage, less fresh foods, more costs in delivery and worsening climate change.\nDuring the past provincial election, the current premier was caught electioneering to a group of developers in the GTA. He promised to open up the Greenbelt to development. When these comments became public he quickly reversed his decision stating that the he would not open the Greenbelt for development. Now, after being elected, he has done what so many politicians have done in the past: promise anything to get elected and, once in power, pay back all the political favours to all his wealthy backers. He has not actually done this himself; he is allowing the municipalities to do his dirty work for him by rolling back environmental safeguards. He has not followed his people.\nThese choices we make now will affect Ontario, Canada and the world for decades, if not centuries. Political decisions that affect the environment and employment should not be made in haste. The plans put in place were well thought out. Premier Ford\u2019s plans are not well thought out. He has yet to deliver a comprehensive plan for reducing climate change. This Bill will only give short term benefits to the developers but leave a lasting impact on our live and our grandchildren\u2019s lives for ever.\nRemember, once agricultural land is gone, once wildernesses are torn up for short term gain, they are gone forever. I don\u2019t want to live in a world where the air is so thick that we cannot breathe it, where I cannot see the stars, where there are no wilderness areas to explore, where we cannot go outside because it is too hot to survive, where my home will be gone due to rising water levels, where the water is not safe to drink or swim in, where our children are poisoned from rising mercury levels and other toxins allowed to enter water tables and food stuffs due to government inaction.\nWe only have a few years to make the right choices before these things begin to happen. We need to act now, not in ten years when it is too late. There is no need for this legislation. Serviced land is already available on current public transit lines. I beg this government to listen to the wants desires and needs of the people, not to the greedy desires of powerful, faceless land developers. Please, kill Bill 66. Save our earth. It\u2019s the only one we have.\n"
    },
    "20197": {
        "url": "/comment/20197",
        "comment": "I have sent a similar letter below to my MPP, my Mayor, all my local Council members, i have also signed the petition.  We must denounce Bill 66.\nI am writing to you to ask that you keep your promise to protect the Greenbelt and therefore call back legislature and introduce a new Bill 66 that stops the attacks on the Greenbelt, Oak Ridges Moraine, Lake Simcoe, Source Water Protection Areas and other important protected farm and natural areas to development.\nDuring the election, you promised to protect the Greenbelt and you recently released a \u201cMade in Ontario\u201d Environment Plan which made the same commitment.\nProvincial and municipal data show there is enough land already available in our towns and cities for our housing needs up to 2041. There is also a surplus of land for new businesses and we should be encouraging investment in these areas. By building within our existing towns and cities throughout the Greater Golden Horseshoe we can increase the supply of affordable housing and jobs in our existing serviced communities while holding firm on urban boundaries.\nProtected farmland supplies local food and enhances food security at a time when prices are rising and supplies from other countries are increasingly threatened. Farming is also economically important and provides jobs to thousands. Sprawl onto farmland destroys farm businesses and farm communities.\nWater is critical to human survival. Opening areas that have been protected for the safety of our drinking water to development threatens our long term health and increases flood risks.\nBill 66 would allow municipalities to circumvent these important protections, and all without public consultation which is the bedrock of our democracy.\nOnce gone, farmland and natural areas are gone forever.\nIf you are truly a government \"for the people\", you will call back Bill 66 and keep your promise.\nThank you,\n"
    },
    "20200": {
        "url": "/comment/20200",
        "comment": "Look, I am all for good business practice and laws that allow them to make profits. I do NOT want any of our drinking water or green areas or protected areas to be opened up for business to plunder. They are protected for a reason. There are plenty of business opportunities in Ontario without causing harm to people and environment just for profits.\nIf any law is changed to reduce protections for profit, I will fight it. I am only one person of millions that live here in our beautiful Province of Ontario, but I don\u2019t want to see us go backward. This Ford government looks to want to bring environmental and education regulations back to the 20th century when we are supposed to be progressive and looking for better ways for the future in this the 21st century. Going backwards is never the right solution to any problem. We must move forward with good, clean, responsible business opportunities and solutions. Leave our water and lands alone.\n"
    },
    "20201": {
        "url": "/comment/20201",
        "comment": "Approval of Bill 66 goes against everything ontario and Canada as a country stands for. We are considered a safe haven for people all around the world. We accept refugees with loving and open arms, and give citizens new and old, a chance at a beautiful safe, clean life. Approval of Bill 66 will destroy trust, communities, our health, our land, our homes and our quality of life. We must not move backwards we must move FORWARD. Our environmental state globally is in crisis, we must not approve bills that further expedite the climate and environmental disasters that are simmering. We should be tightening the reins on emissions, land use, pollutants, chemicals that will be not only exposed to the civilians of our province but our fresh water, soil, and land. We should have access to reputable and progressive resources which guide our population on how to be more sustainable, environmentally friendly, how to come together as a COMMUNITY. We must be PROTECTING as much land as POSSIBLE. It is crucial to allow natural environments and ecosystems to thrive and repopulate as we have already destroyed so much of it already. Without this preservation, we will all suffer. I cannot stress this enough. We must PROTECT and NURTURE our nature. We must drastically decrease or eliminate unnecessary emissions, toxins, chemicals and pollutants. I am deeply disturbed that our government is not using their logical brains to realize that this is NOT the direction we need to be going in. Please invest in providing sustainable substitutes for such harsh and detrimental issues. We should be using the land to educate, provide, and co exist. We should be teaching generations how to cultivate healthy land for personal, household, and community gardens, invest in sustainable housing, solar power, waste free living. Any un natural, detrimental, hazardous, toxic etc source of energy, fuel, production, what have you, is NOT NECESSARY. There is an alternative for everything. We must not turn a blind eye to the real and pressing issues of our land. Money does not over rule reason. Without our land and natural resources we all die. It is as as simple as that. Is making money right now, more important than having a future in 15 years? This logic has never made sense to me. SEE THE REAL ISSUES. INVEST. PROBLEM SOLVE. BE A REAL GOVERNMENT. PLEASE DO NOT PASS BILL 66.\n"
    },
    "20202": {
        "url": "/comment/20202",
        "comment": "As a working planner in consulting with a long career in urban and regional planning ahead of me, the implications of Bill 66 for the greenbelt, water contamination and managing growth in Ontario is a frightening and a step backwards for Ontario.\nThese frameworks are set up to ensure sustainable densities and growth in the province to support a healthy and sustainable place for people to live, work, learn and play.  Bill 66 in my opinion is short-sighted and a political tool for the PC party, and does not truly putting people first.\n"
    },
    "20203": {
        "url": "/comment/20203",
        "comment": "I feel strongly that the Province should Remove Schedule 10 from Bill 66, which allows municipalities to override provisions in the Greenbelt Act, Clean Water Act, Lake Simcoe Act, Oak Ridges Moraine Conservation Act and Great Lakes Protection Act. This will put way too much pressure on municipalities to create jobs at the detriment to the environment that sustains us. The Greenbelt Act and Clean Water Act were created to put an end to treating the environment like it's just another thing for us to manipulate and exploit to our short-term gain. We must be protected from companies or governments who will pollute and destroy for their own gain. I believe that jobs must be created that don't destroy the environment. We're already paying for companies who did that in the previous century - we've got toxic waste and polluted environments that we're still trying to clean up. Have we learned nothing from the past?\n"
    },
    "20209": {
        "url": "/comment/20209",
        "comment": "Please do not pass Bill 66. If enacted, this Bill would repeal the Toxics Reduction Act and amend multiple provincial statutes, including the Planning Act.\nUnder Schedule 10 of Bill 66, municipalities can pass \"Open for Business\" planning by-laws aimed at attracting new major development.\nThese bylaws are exempt from public notice, comment and appeal provisions in the Planning Act. Moreover, these bylaws are automatically exempt from key environmental protection laws, plans and policies, including:\n- the Clean Water Act,\n- the Greenbelt Act,\n- the Great Lakes Protection Act,\n- the Provincial Policy Statement under the Planning Act, and several more.\nPremier Ford 's \"Government of the People\" is undoing the Ontario PC Party's own environmental legacy legislation and the hard work of the people of Ontario over the past 40 years.\nFormer Progressive Conservative Premier, the Honourable Bill Davis (1971-1985), is hailed as the saviour of the Greenbelt. In 2007, the Friends of the Greenbelt Foundation, Davis' actions laid the groundwork for what has now become the Ontario Greenbelt.\nIn 1973 Davis and his government took action to protect the Niagara Escarpment from overdevelopment, putting into place Canada's first-ever environmental land-use plan.\nIn terms of biodiversity and environmental significance, the Ontario Greenbelt is priceless. The Greenbelt is the world's largest protected greenbelt. Ontario\u2019s Greenbelt provides the province with $9.1 billion in economic benefits and 161,000 full-time equivalent jobs according to the Friends of the Greenbelt Foundation.\nBill 66 puts projects and economic concerns ahead of people in the environment, flies in the face of the city\u2019s Official Plan and falls outside the spirit of community engagement and public consultation.\nI am left with the big question: When Mr. Ford calls his government the \"Government of the People\", exactly who is he referring to in the word \"People\"?\nI strongly oppose Bill 66 and I am going to make sure everyone in my community knows about the potential negative impacts of Bill 66 if enacted and amplify my voice through my networks across Ontario.\nPlease act on behalf of the people and do not pass Bill 66.\n"
    },
    "20210": {
        "url": "/comment/20210",
        "comment": "I do NOT support Bill 66, as it threatens to erode our environment, human health, and democracy. Schedule 10 of Bill 66 would allow municipalities to create an \u201copen for business planning by-law\u201d to allow developers to ignore environmental laws and protections that are in place for a good reason. Developers should not be allowed to bypass the 2005 Green Belt Act Act (which protects 2 million acres of farms, natural areas and water sources), the the 2001 Oak Ridges Moraine Conservation Act, the 2006 Clean Water Act (which is in place to prevent tragedies such as the E. coli outbreak in Walkerton), the 2015 Great Lakes Protection Act, and the 2008 Lake Simcoe Protection Act. Furthermore, I do not support removing the 2009 Toxins Reduction Act which protects and informs consumers from harmful toxins. And allowing by-laws to be passed without meeting the legal requirement to ensure fair, consistent, transparent public engagement with land use in communities-- as laid out in Schedule 10 of Bill 66-- is not democracy. This Bill puts our land, water, wildlife, health, and natural heritage at risk, and undermines evidence-based city planning.\nOnce we degrade our environment there is no going back, and I do not support short term profits for a few over the long term sustainability of our communities and our planet for all.\n"
    },
    "20211": {
        "url": "/comment/20211",
        "comment": "I strongly object to the elements of Bill 66 that would allow municipalities to ignore environmental restrictions such as the Greenbelt. Our waterways, green spaces, forests, and farms are vital to the continued environmental resilience of our province. There are many, many underdeveloped areas that we can tap into that will improve economic competitiveness in the province. Focus on our brown spaces, not our green spaces, when seeking to develop land.\nI live in Mimico, and it has plenty of space for industry and growth.\nThere have been plants closing across Southern Ontario that can be redeveloped and repurposed.\nPlease do not remove the necessary environmental protections put in place by forward-thinking policy-makers of the past. There are better alternatives to accomplish what the act is seeking to accomplish.\nConsider our province's future generations - don't sacrifice their ecosystem to  present-day convenience.\n"
    }
}