{
    "18432": {
        "url": "/comment/18432",
        "comment": "The greenbelt around the GTA should be preserved not sold to the highest bidder for development.\nIt serves an important purpose in the environment that would be lost forever if subdivisions , businesses etc are built on it. We rely on it for our drinking water and to preserve wildlife and have places to roam free of development. It should not be built on for now and for future generations to enjoy! We have enough urban sprawl as it is!!\n"
    },
    "18433": {
        "url": "/comment/18433",
        "comment": "I don\u2019t want the Greenbelt - home to 5,500 farms, 78 species at risk and 102 million tonnes of carbon storage - carved up with factories and subdivisions.\nwe cant let Ford destroy everything that people have worked for!\nPlease stop this from happening! Our children and animals are more important than fat cats lining their pockets.\n"
    },
    "18434": {
        "url": "/comment/18434",
        "comment": "There is a great deal wrong with this bill. Schedule 3 weakens protection for children in daycare and indeed puts their lives at risk. You should be subsidizing daycare costs for parents instead. Schedule 5 is misguided. Why would we want to allow anyone to emit toxins into our air and rivers? Schedule 9 unfairly favours employers over employees. Schedule 10 is the most objectionable in that it weakens protection and preservation of our Greenbelt, jeopardizes our water supplies and permits destruction of our crucial farmlands in Southern Ontario. We do not want a repeat of The Walkerton tragedy from the Harris government.\n"
    },
    "18436": {
        "url": "/comment/18436",
        "comment": "The Greenbelt preserves farmland and green-space essential for naturally filtering water and preventing flooding, not to mention critical habitat for many of Ontario\u2019s endangered species. It also helps to combat climate change by storing 86.6 million tonnes of carbon. The Greenbelt provides approximately $2.6 billion annually in environmental services.\nProtection also makes financial sense. Food and farming in the Greater Golden Horseshoe contributes $12.3 billion to the economy and creates 212,000 jobs.  Over 7,000 of these farms are found in the Greenbelt, including half of Ontario\u2019s fruit farms and one fifth of our vegetable farms.\nThe Greenbelt is also our biggest defense against climate change. Natural green-space absorbs flood water and reduces the impact of extreme storms on our infrastructure and storm water management systems.\nDoug Ford, you cannot destroy any of our farmland or precious green-space.  There's other lands that these developers can use.  Honor your campaign promise and Stop Bill 66.\n"
    },
    "18437": {
        "url": "/comment/18437",
        "comment": "I am disheartened but not surprised by the current governments' decision to change some hard fought legislation. It took sound science, consultation and collaboration to have everyone on board - including farmers and now you just want to \"change\" policy for your own gain. How very sad and DAMN glad that I did NOT vote for your party! Shame on you!!!!\n"
    },
    "18441": {
        "url": "/comment/18441",
        "comment": "I firmly believe that schedule 10 is a terrible item for legislation that will only result in a race to the bottom among municipalities. It will only serve to lower the quality of life for Ontario residents who would have little to no say in how municipalities wield the power to bypass environmental regulations.\nProviding a means to bypass these protections would cause an economic impact by damaging the environmental services areas such as the greenbelt provide, (which alone, for example, provides services valued at approximately $2.6 billion annually), which would be an enormous drag on GDP growth. It will also inevitably make Ontarian's ill, making event's such as the Walkerton E. coli outbreak far more likely.\nThe government must remove Schedule 10 from Bill 66. No municipality should be allowed to override provisions in the Greenbelt Act, Clean Water Act, Lake Simcoe Act, Oak Ridges Moraine Conservation Act and Great Lakes Protection Act.\nThese protections provide a clean and prosperous environment for Ontario, something fundamental to attract and retain business.\n"
    },
    "18444": {
        "url": "/comment/18444",
        "comment": "Our natural resources is the foundation of who we are. We must preserve it protect it. Our future generations depend on it. We can coexist with our fruitful environment, without destroying it for what we consider economy. We can build a strong economy by cherishing our natural environment. We need to shift our old mentality of conquering. To change our view on a flourishing natural environment and our coexistence.\n"
    },
    "18447": {
        "url": "/comment/18447",
        "comment": "It is understood that the purpose of Bill 66 is to make Ontario more competitive by cutting unnecessary regulations that are inefficient, inflexible or out of date. There is no issue with this goal, it is a good goal.  My concern is that there are several regulations that are considered inflexible for a reason and if these regulations are disregarded, there will be serious repercussions to the economy, environment, social environment and history of Ontario.\nAt what point do we want Ontario to be open for business?\nClean Water Act - it is inflexible for a reason.  If you are unsure why, google Walkerton. I will not say any more on this as it is an essential piece of legislation that needs to be protected at all costs\nPlanning Act and Provincial Policy Statement - The PPS, updated in 2014 includes Ontario's Indigenous communities for the first time.  This is a substantial movement forward for society and for the Indigenous peoples in Ontario, it is a recognition that they have traditionally lived in Ontario long before the Planning Act and the PC party.  To repeal the PPS is an insult to the Indigenous peoples of Ontario and needs to be further considered prior to just crumpling up the PPS and tossing in the trash bin.\nAdditionally, there are many municipalities in Ontario that are so far behind in meeting Ontario's Planning Act and PPS, they should already be considered \"open for business\". Rather, to the more savvy municipal planner, these municipalities are viewed as archaic backwaters of Ontario that have hindered their own progress and growth due to their lack of understanding of the PPS or general disregard.  Is that what we want for all of Ontario? My gut tells me that ignorance is not the way forward.\nAdditionally, the creation and institution of many pieces of legislation and policies and actually kept Ontario's economy growing.  Remove these policies and you will see engineers, biologists, climatologists, ecologists, and heritage professionals laid off in droves.  What kind of future will that leave for them?  I suspect with the Open for Business policy, there will be jobs waiting for them at Tim Hortons.\nPlease reconsider!\n"
    },
    "18450": {
        "url": "/comment/18450",
        "comment": "The stated objectives of the bill are laudable, but I cannot understand how allowing municipalities to override the protections of the following acts contributes directly or indirectly to the goal i.e. the Greenbelt Act, Clean Water Act, Lake Simcoe Act, Oak Ridges Moraine Conservation Act and Great Lakes Protection Act. Remember this Government is for the people and overriding these acts could cause harm to a great number of those people.\n"
    }
}