{
    "15093": {
        "url": "/comment/15093",
        "comment": "Remove Schedule 10 from Bill 66, which allows municipalities to override provisions in the Greenbelt Act, Clean Water Act, Lake Simcoe Act, Oak Ridges Moraine Conservation Act and Great Lakes Protection Act.\nThe safety of our drinking water and the integrity of the Greenbelt should not be undermined by Bill 66. Schedule 10 compromises critical environmental protections and undermines public health. It should be completely stricken from the legislation.\nMoreover, to keep our children safe and childcare affordable we should not be weakening restrictions on home-based childcare but rather investing in it and paying licensed childcare providers fair wages.\n"
    },
    "15094": {
        "url": "/comment/15094",
        "comment": "There are a number of concerns with the proposed act:\n1. Schedule 3: Remove restrictions on home-based child care providers, including allowing additional children, to make it easier for parents to find affordable child care.\nThis will pose a safety risk to the children under care. Increasing the number of children per care-giver should only be considered in a safe and controlled environment, not home-based service.\n2. Schedule 7: Reduce where operating engineers are required to supervise.\nThis again poses a safety risk in the workplace or raised the level of competency required for the job to be completed without supervision. This will lower the employability of non-skilled workers.\n3. Schedule 9: Stop requiring employers to post the Employment Standards Act (ESA) poster in the workplace, but retain the requirement that they provide the poster to employees.\nHaving a poster in the workplace allows the workers to quickly reference the ESA when there are non-compliance practices. As long as the businesses are compliant, posting a poster does not put additional burden on the business operation and therefore this clause serves no purpose.\nWith the removal of the poster, businesses may be non-compliant and workers will be less accessible to the information and ways to report on the non-compliance.\n"
    },
    "15096": {
        "url": "/comment/15096",
        "comment": "Remove Schedule 10 from Bill 66, which allows municipalities to override provisions in the Greenbelt Act, Clean Water Act, Lake Simcoe Act, Oak Ridges Moraine Conservation Act and Great Lakes Protection Act.\nThe safety of our drinking water and the integrity of the Greenbelt should not be undermined by Bill 66. Schedule 10 compromises critical environmental protections and undermines public health. It should be completely stricken from the legislation.\n"
    },
    "15098": {
        "url": "/comment/15098",
        "comment": "I believe that schedule 10 of bill 66 is unethical and extremely harmful to both the environment and the safety of our current and future vital resources. All Canadians deserve safe access to clean drinking water, a healthy environment, and access to safely grown food. I absolutely oppose ANY changes or additions to the law that repeal or compromise environmental protections including those that risk water safety, food security, or the entirety of the Green Belt. If schedule 10 of bill 66 passes the likelihood of another Walkerton situation is high. Please protect your citizens and our environment.\n"
    },
    "15099": {
        "url": "/comment/15099",
        "comment": "Please remove Schedule 10 in its entirety from the proposal for Bill 66. Our greenbelt is NOT open for business--it's a necessary environmental buffer that provides us with clean water and whose vast green space will mitigate upcoming climate change disasters.\nIt is ridiculous and extremely UNDEMOCRATIC that Doug Ford thinks he has the right to sell off our natural resources and green spaces to the highest bidding corporations, who don't give a rat's ass about the health and safety of the people.\nFurthermore, I would like to state that this is a very corrupt bill--designed by the big corporations for the big corporations and buried deep within a bill to hide it for quick passage to legislation. The people DO NOT want this. We stated this before, when Doug Ford took office and yet he's trying to slip it through again, knowing that the people don't want this. Doug Ford does not represent the people who voted for him. He doesn't care about the people who voted for him. We need to remove him and his corruption from our political system ASAP so that we, the people, are left with some human and civil rights.\nThank you!\n"
    },
    "15107": {
        "url": "/comment/15107",
        "comment": "I strongly and vehemently oppose The Province of Ontario\u2019s proposed Bill 66 allows for provincial intervention to remove or weaken protections on safe drinking water, agricultural lands, and democratic consultation.\nFor example, in 1989, toxic chemicals were found in the groundwater underneath the Uniroyal Chemical site in Elmira. Experts say it will be decades before Elmira's water is safe to drink again. Bill 66 would allow the Province to override the Region of Waterloo\u2019s Official Plan policies that were established to prevent similar toxic destruction of our drinking water. Limiting sprawl is of particular importance in Waterloo Region, where 75% of drinking water comes from aquifers located just beyond the Countryside Line.\nToday, more than half of the Region's growth comes from building in existing urban areas. This investment in our urban centres means we can keep growing while preserving the rural communities and farms that make Waterloo Region unique.\nPlanning exemptions granted under Bill 66 would not require notification or consultation with residents. These proposed changes fly in the face of good governance.\nI reject Bill 66\u2019s implicit suggestion that to grow the economy and add jobs we must accept environmental degradation, pave over farms, and risk the health of our families.\nI request that the Province on Ontario, Councils of the Region of Waterloo and Ontario municipalities pass resolutions that reaffirm their commitment to smart growth and meaningful public consultations, and that they reject the use of the \u201copen-for-business planning by-law\u201d proposed by Bill 66.\nSincerely,\nA concerned citizen\n"
    },
    "15118": {
        "url": "/comment/15118",
        "comment": "Dear Staff,\nI have been following Bill 66 with great interest.\nBill 66 would pave the way for a municipal council to pass \u201copen for business\u201d by-laws. As proposed, these by-laws would allow industrial or large commercial developments, which would employee 50 or more people, to bypass sections of several legislative Acts.\nThe bypassing of the Planning Act and Clean Water Act, appear to be particularly problematic in both the short term and long term.\nRegarding the Planning Act, it appears these \u201copen for business\u201d by-laws would allow a local council to approve a development without the required public consultation process. In addition, a council could also bypass the Provincial Policy Statements for which all development in Ontario is required to adhere.\nRegarding the Clean Water Act, it appears these by-laws would potentially allow for a municipal council to not have regard for source water protection.\nPlease think of out next generations.\nThank you for your time and your continued service.\nSincerely,\nYL\n"
    },
    "15123": {
        "url": "/comment/15123",
        "comment": "Bill 66 and the open-for-business planning bylaw is of paramount interest to me because I am an environmental activist, environmental technologist alumni, a concerned resident and a proud Anishinabek. This issue directly impacts the health of: our ecosystems; Ontarians; and indirectly \u2013 reconciliation.\nI am primarily concerned about the potential risks to the health and safety of the people of Ontario by giving municipalities the power to override legislation such as the Clean Water Act, The Greenbelt Act, the Lake Simcoe Protection Act, Oak Ridges Moraine Act, and the Places to Grow Act. These acts have been put in place to protect us from harmful threats, especially concerning our drinking water and if Bill 66 is passed, the risk to our health will increase significantly due to the lack of standards that come with the open-for-business planning bylaw.\nThreats to our ecosystems are imminent if Bill 66 passes, which is also impacts the physical and mental health of Ontarians. Protection of our green spaces and wildlife is important for our mental wellbeing.\nIndividuals have less mental distress, less anxiety and depression, greater wellbeing and healthier cortisol profiles when living in urban areas with more greenspace compared with less greenspace. Large differences in disease prevalence are reported when comparing residents of very green and less green settings, even after controlling for socioeconomic status (Maas et al, 2009). Quantity of nearby greenspace buffers life stresses \u2013 a finding demonstrated across ages and cultures, having been observed both in an adult population from the Netherlands and in a childhood population from rural upstate New York, USA (Wells & Evans, 2003; van den Berg et al, 2010).\nOther aspects of this same issue affect reconciliation between the Canadian government and Canada\u2019s First Nations. Passing Bill 66 is blatant disregard for the renewal and rebuilding of the relationship of indigenous peoples and the Canadian government. Yes, reconciliation is primarily about helping the families affected by the IRS; however, it is also about respecting the culture and opinions of Canadian Aboriginals and our opinion is that we care about the earth, water, and sky.\nThe very acts that Bill 66 is planning to disregard state clearly that nothing in the act shall be construed so as to abrogate or derogate from the protection provided for the existing aboriginal and treaty rights of the aboriginal peoples of Canada as recognized and affirmed in section 35 of the Constitution Act, 1982. So how can it be okay to create a bylaw that is obviously ignoring this very specific standard? How can the relationship be restored if the Canadian government can\u2019t even respect the land that the people they are trying to reconcile with care deeply about? How can reconciliation be achieved if you can\u2019t even regard our basic rights to clean water?\nI understand the need to grow economically, however, I fear that this effort will contribute to the regression of everything we as Canadian\u2019s have fought for.\nThank you for your consideration of my viewpoint on this matter. I believe it is an important issue, and would like to see the legislation fail to ensure the health of our people, ecosystems and the relationship between nations.\n"
    },
    "15125": {
        "url": "/comment/15125",
        "comment": "Please Remove Schedule 10 from Bill 66, which allows municipalities to override provisions in the Greenbelt Act, Clean Water Act, Lake Simcoe Act, Oak Ridges Moraine Conservation Act and Great Lakes Protection Act.\nThe safety of our drinking water and the integrity of the Greenbelt should not be undermined by Bill 66. Schedule 10 compromises critical environmental protections and undermines public health. It should be completely stricken from the legislation.\n"
    },
    "15128": {
        "url": "/comment/15128",
        "comment": "There are so many destructive parts of this bill, but I will focus my comments on Section 10 which irresponsibly risks our drinking water, farm land, and smart growth development.\nDrinking water protections were added after the Walkerton Tragedy that took the lives of Ontarians and left others with long-term illnesses. In my home of Waterloo Region, Elmira still cannot drink its own water because of industrial damages in the 80s. 75% of our drinking water comes from the ground and our official plan strongly protects source water because of past crises.\nFarming represents a $500 million industry in Waterloo Region and an important part of our heritage.\nSmart Growth: The Region of Waterloo has experienced over $3 billion in urban development along its new light rail transit route since it was announced. Since the Region's growth plan implemented source water protections and a hard countryside line the unemployment rate has dropped from 5.9% to 5.1%. The economy doesn't need the provisions of Bill 66.\nPerhaps most concerning is the provision that permits a by-law to be passed and approved under Section 10 without any public notice, consultation, or appeal. This goes against the core values of Canadian democracy and means that a residents first notice may be the bulldozer. This is not acceptable and must change. Residents spend time contributing to official plans and other planning documents and the fact that all of this can be disregarded without going back to those same residents is really concerning.\nWaterloo Region has a multi-tier government that works well together but this bill would allow a township or city to override the policies that all the municipalities agreed on and formed together. This will create longterm controversy that is bad for the health of our Region.\nI do not support Section 10 of Bill 66. I do not believe that it can be amended sufficiently to make it acceptable, and instead the entire section must be discarded. Section 10 is bad or Ontario.\n"
    },
    "15130": {
        "url": "/comment/15130",
        "comment": "I have a number of concerns about Bill 66:\n- Under Schedule 3 I am concerned about what the removal of ECE or other person who meets the requirements will mean for the qualifications (or lack thereof) required for people working with young children.\n- Under Schedule 5 I am concerned about the potential environmental harms and health consequences that may occur if the Toxics Reduction Act is repealed.\n- Under Schedule 9 I feel that employers should still be required to post this poster or at the very least, provide the information to employees upon hiring. I am also concerned about the potential loss of union representation for employees who are currently represented by the construction industry.\n- Under Schedule 10 I do not believe that municipalities should be able to bypass acts or to undertake developments without public consultation. I am also concerned about the possibility of some developments being exempted from the Clean Water Act and Greenbelt protections. This will only lead to environmental damages and possibly serious health consequences for Ontarians. \"Red tape\" is not in place as a nuisance, it is there for a reason and should not be removed for ease of developers at the expense of residents.\n"
    },
    "15154": {
        "url": "/comment/15154",
        "comment": "As a resident of Ontario for the last 47 years, I have been horrified to see so much green space - farms, woodland, etc. - be lost to housing and business development. The protections that were brought in by a former government to protect the Oak Ridges Moraine (the source of clean water for much of the GTA), and the recognition of the importance of greenspace in keeping us healthy are neceessary.\nRemoving the protections of the Greenbelt Act and the Clean Water Act endangers the health of the population in the largest population centre of the country, and will have a knock-on effect throughout the province in terms of food costs and health care costs.\nIt is tremendously important that Schedule 10 and all amendments to the two above-mentioned Acts be removed from this Bill.\n"
    },
    "15157": {
        "url": "/comment/15157",
        "comment": "There can be no exceptions to environmental protections if they are to be functional or effective.\nRemove Schedule 10 from Bill 66, which allows municipalities to override provisions in the Greenbelt Act, Clean Water Act, Lake Simcoe Act, Oak Ridges Moraine Conservation Act and Great Lakes Protection Act.\nThe safety of our drinking water and the integrity of the Greenbelt should not be undermined by Bill 66. Schedule 10 compromises critical environmental protections and undermines public health. It should be completely stricken from the legislation.\n"
    }
}