{
    "17703": {
        "url": "/comment/17703",
        "comment": "If you open up our green spaces to development you will ruin animal species, devastate any forest that is nature's carbon sink, and if it all boils down to making more money just remember.....when the last tree is cut down, the last of the animals and fishes are gone, our farmland disappears, and the air is polluted beyond our health limits of tolerance......in the end you only have one thing to remember and that is YOU CAN'T EAT MONEY!\n"
    },
    "17704": {
        "url": "/comment/17704",
        "comment": "Remove Schedule 10 from Bill 66, which allows municipalities to override provisions in the Greenbelt Act, Clean Water Act, Lake Simcoe Act, Oak Ridges Moraine Conservation Act and Great Lakes Protection Act. Once we destroy our environment, it is expensive and possibly impossible to repair it. Do not make long term sacrifices like this for short term benefit.\n"
    },
    "17705": {
        "url": "/comment/17705",
        "comment": "The Oak ridges Moraine is not only an important environmental legacy to leave for future generations. It is an irreplaceable resource for Ontarians who want to breathe clean air or have healthy drinking water.\nDevelopment should remain frozen on this valuable part of our province's geography. Do not allow allow this last ring of nature to be swallowed up by developers and urban sprawl, when it should be maintained in it's current state where it regulates temperature, filters drinking water and provides clean air. This is all above and beyond our need for green spaces to enjoy recreation, grow our food and allow Canadian native species to thrive.\nKeep the moraine green. It cannot be replaced\n"
    },
    "17707": {
        "url": "/comment/17707",
        "comment": "How is it possible that this is even a consideration? There are plenty of ways to create new business and development in Ontario that does not include the destruction of our precious and limited natural environments. In my opinion this is a lazy and dangerous proposal that will cost us much more than we'd ever stand to financially profit.\n"
    },
    "17709": {
        "url": "/comment/17709",
        "comment": "Remove Schedule 10 from Bill 66, which allows municipalities to override provisions in the Greenbelt Act, Clean Water Act, Lake Simcoe Act, Oak Ridges Moraine Conservation Act and Great Lakes Protection Act. Having green spaces like these were put in place to protect Ontario's resources (like drinking water, and ground water sources). Keeping Schedule 10 will do more harm than good to Ontario and future generations. I do not support a government that doesn't have the interest in the environment.\n"
    },
    "17711": {
        "url": "/comment/17711",
        "comment": "The Greenbelt is an essential part of Ontario.  It is home to farms, woodland and many plant and animal species, including several at risk species.  The Greenbelt was established to protect this land for future generations.  It would be incredibly short sighted to put this at risk for short term gains.\nThe Greenbelt should be protected for all Ontarians.\n"
    },
    "17713": {
        "url": "/comment/17713",
        "comment": "Bill 66, section 10 should not be passed. The protection of our environment should be at the top of everyone's agenda and building over Green spaces is not the way to protect our planet for our children and grandchildren. Money and big business will not matter in 30 years if there is no sustainable way of living. The Ford government should stop living in the past --this is not the boom time of the 50s and 60s. Less is more today.\n"
    },
    "17714": {
        "url": "/comment/17714",
        "comment": "I agree with a number of conservative policies, however I cannot support allowing development in the green belt.  The green belt is a wonderful asset that brings people to Ontario.  Once it is weakened and destroyed there is no way to get it back.\nDoug Ford made a promise to keep the green belt.  Moving the decision to the municipal level is a cop out.  I\u2019m not buying it.\n"
    },
    "17719": {
        "url": "/comment/17719",
        "comment": "I am a resident of Thornhill, Ontario who appreciates the environmental importance and specialness of the Greenbelt. I and my family and thousands of concerned citizens like me don\u2019t want the Greenbelt -- home to 5,500 farms, 78 species at risk and 102 million tonnes of carbon storage -- carved up with factories and subdivisions. I am outraged that this is being proposed (a broken campaign promise), apparently through corrupt ties to developers who only seek easy profit. Anyone with a conscience, who cares about quality of life in our province, must not support this bill.\n"
    },
    "17722": {
        "url": "/comment/17722",
        "comment": "Rolling back environmental protections and opening the Greenbelt up to development is not what the people of Ontario wanted or voted for in the last provincial election. We must begin urgent action to mitigate the worst effects on climate change, this means implementing more industry regulations on sustainable development and emissions reduction, not rolling back the few protections we already have in place.\n"
    }
}