{
    "17037": {
        "url": "/comment/17037",
        "comment": "To whom this may concern,\nAs a Canadian citizen, I am deeply concerned with corporations taking our drinking water and reselling it for profit. Companies like Nestle have no business doing this. They pollute our environment with plastic and this does not do anyone any good but the corporation. Please stop this practice and protect the drinking water for Canadians.\n"
    },
    "17040": {
        "url": "/comment/17040",
        "comment": "Please remove Schedule 10 from Bill 66, which allows municipalities to override provisions in the Greenbelt Act, Clean Water Act, Lake Simcoe Act, Oak Ridges Moraine Conservation Act and Great Lakes Protection Act.  Once these lands are developed it will almost be impossible to undo the damage to our environment.\n"
    },
    "17041": {
        "url": "/comment/17041",
        "comment": "\u201cRemove Schedule 10 from Bill 66, which allows municipalities to override provisions in the Greenbelt Act, Clean Water Act, Lake Simcoe Act, Oak Ridges Moraine Conservation Act and Great Lakes Protection Act.\nThe safety of our drinking water and the integrity of the Greenbelt should not be undermined by Bill 66. Schedule 10 compromises critical environmental protections and undermines public health. It should be completely stricken from the legislation.\nKeep your promises that you made during the election\n"
    },
    "17042": {
        "url": "/comment/17042",
        "comment": "Re BILL 66 Ontario\nIt is extremely important to  remove Schedule 10 from Bill 66 for the following reasons:\nThe Greenbelt:\n* preserves farmland and greenspace which naturally filters water and prevents flooding,\n* provides critical habitat for many of Ontario\u2019s endangered species. It also\n* helps to combat climate change by storing 86.6 million tonnes of carbon.\n* It provides approximately $2.6 billion annually in environmental services.\n* Food and farming in the Greater Golden Horseshoe contributes $12.3 billion to the economy and creates 212,000 jobs.\n* Over 7,000 farms are found in the Greenbelt, including half of Ontario\u2019s fruit farms and one fifth of our vegetable farms\n*\n* It is our biggest defence against climate change\n* Natural greenspace absorbs flood water and\n* It reduces the impact of extreme storms on our infrastructure and stormwater management systems.\nThank you.\n"
    },
    "17043": {
        "url": "/comment/17043",
        "comment": "REMOVE SCHEDULE 10 FROM BILL-66--THIS IS NOTHING SHORT OF THE TRASHING OF GOOD URBAN PLANNING!\nAny planners involved in drafting this should be ashamed of themselves!--this is a blatant perversion of good environmental planning, bowing to the corporate support from big developers that Ford received.  OVERRIDING provisions in the Greenbelt Act, Clean Water Act, Lake Simcoe Act, Oak Ridges Moraine Conservation Act and Great Lakes Protection Act WILL NOT BE TOLERATED BY THE PEOPLE OF ONTARIO!\n"
    },
    "17046": {
        "url": "/comment/17046",
        "comment": "There is more than enough vacant land within city limits throughout the GTHA to meet the housing needs that exist now and will present themselves for a considerable time in our future. We are facing a global crisis that is and will continue to affect the most vulnerable in our societies. Jobs can be created and profits made without accessing the Greenbelt. This dismantling of the protections put in place to save us from ourselves is utter madness.\n"
    },
    "17048": {
        "url": "/comment/17048",
        "comment": "I do not support further development in the Greenbelt Area and especially the Oak Ridges Moraine. As the headwaters for much of the Lake Ontario watershed it is important that we protect this critical area in order to ensure that future generations of Ontarians have access to affordable fresh water. To often we have sacrificed the health and welfare of future generations to ensure profit and short term monetary gains for todays industrialists. I cannot support this short sighted approach or a government that bends to it.\n"
    },
    "17052": {
        "url": "/comment/17052",
        "comment": "\u201cRemove Schedule 10 from Bill 66, which allows municipalities to override provisions in the\u00a0Greenbelt Act, Clean Water Act, Lake Simcoe Act, Oak Ridges Moraine Conservation Act and Great Lakes Protection Act.\nThe safety of our drinking water and the integrity of the Greenbelt should not be undermined by Bill 66. Schedule 10 compromises critical environmental protections and undermines public health. It should be completely stricken from the legislation.\n"
    },
    "17053": {
        "url": "/comment/17053",
        "comment": "Premier Doug Ford,\nI am deeply concerned about the impact Bill 66 will have on the safety of our water, on the integrity of our local agriculture community, on the health of our green spaces, and on the sustainability of our communities.\nSchedule 10 of Bill 66 overrides protections for the health and well-being of Ontario's citizens, including those established under the Lake Simcoe Protection Act, the Clean Water Act, the Greenbelt Act, the Great Lakes Protection Act, the Oak Ridges Moraine Act, and the Places to Grow Act. Protecting Lake Simcoe is not red tape!!\nIt seems that what happened during the Mike Harris years has been mostly forgotten, the financial gutting of the environmental ministries, education and health, and the lack of oversight, transparency and accountability, as well as public input.\nAnd now Premier Ford, you are repeating the same behavior as your predecessor and calling it Ontario\u2019s Government for the People! This government is being run totally undemocratic and not at all about engaging and protecting the taxpayers or our precious environment, but in supporting the wealthy land developers and big business corporate sector.\nDo you want to repeat the Mike Harris Red Tape Commission which caused the deaths of 7 people in 1999? There will surely be more Walkertons and much worse if Bill 66 gets passed!\nColin Perkel tells it in his book, Well of Lies, \u201cthe Conservative government of Premier Mike Harris, with its pro-business approach and antipathy towards red tape, had made it abundantly clear that aggressive enforcement and prosecutions would not be the order of the day. Besides, the government\u2019s severe downsizing of the ministry had effectively hobbled its ability to police environmental violations.\u201d\nFor the full story, here\u2019s a link to the e-book version of Well of Lies:\nwww.amazon.ca/Well-Lies-Walkerton-Water-Tragedy-ebook/dp/B01IZTCFQY/ref\u2026\nIt seems there\u2019s a cycle to these things. Lessons learned in the aftermath of tragedy are forgotten and we\u2019re now galloping full-tilt down the sorry path of regulatory gaps, inadequate oversight and monitoring, and responsibilities downloaded to entities unwilling or unable to discharge them. Simplistic solutions and glib reassurances are rewarded. It\u2019s all too chillingly familiar for those of us who remember Walkerton.\nSchedule 10 of Bill 66 must be stopped!\n"
    },
    "17054": {
        "url": "/comment/17054",
        "comment": "The Greenbelt is critical to  climate change, clean water and the wildlife who live there.  In an era where all of this is critical, please remove Schedule 10 from Bill 66, which allows municipalities to override provisions in the Greenbelt Act, Clean Water Act, Lake Simcoe Act, Oak Ridges Moraine Conservation Act and Great Lakes Protection Act.\nOntario needs the Greenbelt protection.  There are other ways for Ontario to compete instead of destroying the Greenbelt\nThank you\n"
    },
    "17055": {
        "url": "/comment/17055",
        "comment": "Remove Schedule 10 from Bill 66, which allows municipalities to override provisions in the Greenbelt Act, Clean Water Act, Lake Simcoe Act, Oak Ridges Moraine Conservation Act and Great Lakes Protection Act!!!\nThe people (the common people who elected you to power) value the Greenbelt as a natural treasure. Corporations do not; they put value in their profit above everything else. REPRESENT THOSE WHO PLACED YOU IN POWER. Do the right thing and protect the natural wilderness. Stand on the right side of history.\n"
    },
    "17056": {
        "url": "/comment/17056",
        "comment": "Regulations are not the same as \"red tape\". We need protections for ourselves, our children and our environment. For example, increasing the number of children per adult allowed in a daycare decreases the safety for each child.\nIf a regulation in Ontario duplicates or strengthens a federal regulation, application could be done for both at the same time, or an agreement could be made to allow application for the stronger regulation to cover both the provincial and the federal regulation. This is an example of reducing \"red tape\".\nOur greenbelt needs to be protected, and the headwaters of Carruthers Creek should be added to the greenbelt. Remove Schedule 10 from Bill 66, which allows municipalities to override provisions in the Greenbelt Act, Clean Water Act, Lake Simcoe Act, Oak Ridges Moraine Conservation Act and Great Lakes Protection Act.\n"
    },
    "17058": {
        "url": "/comment/17058",
        "comment": "Remove Schedule 10 from Bill 66, which allows municipalities to override provisions in the\u00a0Greenbelt Act, Clean Water Act, Lake Simcoe Act, Oak Ridges Moraine Conservation Act and Great Lakes Protection Act.\nThe safety of our drinking water and the integrity of the Greenbelt should not be undermined by Bill 66. Schedule 10 compromises critical environmental protections and undermines public health. It should be completely stricken from the legislation.\n"
    },
    "17059": {
        "url": "/comment/17059",
        "comment": "This bill isn't for the people or the environment it's specifically drafted for developers that donated to the Ford campaign. As a voter of the conservative party and an employee of the construction industry, I don't believe we should be focused on urban sprawl but rather on affordable housing and public transportation.\nBuilding into the green belt is absolutely outrageous.  There is no excuse for not protecting our environment.\n"
    }
}