{
    "20635": {
        "url": "/comment/20635",
        "comment": "The exemptions in Schedule 10 of Bill 66 threaten to undermine the necessary overarching regulatory framework that ensures municipal decisions adhere to basic standards of environmental protection, to ensure the health of the wider environment in the province. This Schedule should be removed from the Bill.\nThe province must ensure that local planning and development decisions are taken with prudent standards of due diligence and basic care for the portions of waterways and green spaces within each municipality\u2019s borders. A local interest may not align with the wider, long-term needs of the environment, which affects all Ontarians.\nOf further concern is that Schedule 10 would allow \u201cOpen for Business\u201d bylaws to be passed without prior public notice or consultation. This does not respect our democratic process, and might lead to the passage of bylaws contrary to the wishes or interests of a community, and with no substantive recourse.\nPotentially, this could allow one municipality to take a decision with negative consequences for the health and safety of water supplies downstream, affecting the health and environment not for its residents, but for those of neighbouring municipalities and more distant communities. Combined with the lack of public notice or consultation, this could be disastrous.\nI live in a community that gets its water supply from a river. I should not need to worry about the safety of my drinking water because of poor environmental stewardship upstream.  I do not want to walk along the river shore and find dead fish because another municipality exempted itself from important provincial legislation.\nDirect protections for large waterways and water systems, as well as key green spaces that act as aquifers, are needed to safeguard the supply of clean water for all Ontarians. We need clean and healthy ecosystems to provide this both for ourselves, and for future generations. This duty to protect natural resources must be taken seriously, as there is no \u201cundo\u201d button if they are destroyed by poorly-planned or short-sighted over-development. The future of Ontario should belong to all Ontarians, not just developers and business owners. Reducing red tape for businesses now is of no benefit if it reduces the quality of life for all Ontarians later.\nAgain, please remove Schedule 10 from Bill 66.\n"
    },
    "20637": {
        "url": "/comment/20637",
        "comment": "Thank you for this opportunity.\n  Legislation that prioritizes our economy over our environment is dangerously short-sighted.  Bill 66 can not give permission to compromise protected common resources such as forests, groundwater and our safe drinking water.  I ask that Schedule 10 be immediately withdrawn so that municipalities can not seek approval from the Minister for projects that would circumvent environmental statutes such as the Clean Water Act (2006), Great Lakes Protection Act (2015) and the Greenbelt Act (2005), among others.\n"
    },
    "20638": {
        "url": "/comment/20638",
        "comment": "I want to express my firm opposition to Schedule 10 of Bill 66, which introduces \u201copen-for-business by-laws\u201d that would circumvent many of the requirements under several laws to ensure fair, consistent and transparent public engagement in land use decisions and protection of water, natural heritage and human health in Ontario.\nSchedule 10 is an attack on the existing and necessary Provincial controls on development within the Greenbelt, Oak Ridges Moraine and the Niagara Escarpment. Those controls are there to protect these precious resources for all Ontarians, now and in the future. Premier Ford promised during the election campaign that he would not remove these protections.  Now he has reneged on that promise, by placing the onus on municipalities to deal with the inevitable pressures that will come from developers and speculative land owners. Opposing those development pressures will surely be very costly and will have the effect of increasing rather decreasing the cost of government. I am so very disappointed in Premier Ford, as I believed I could trust him at his word and that he was there for the people. I will not make that mistake again, unless he removes Schedule 10 from Bill 66.\nPlease remove Schedule 10 from Bill 66.\n"
    },
    "20639": {
        "url": "/comment/20639",
        "comment": "Remove Schedule 10 from Bill 66, which allows municipalities to override provisions in the Greenbelt Act, Clean Water Act, Lake Simcoe Act, Oak Ridges Moraine Conservation Act and Great Lakes Protection Act.\nThe safety of our drinking water and the integrity of the Greenbelt should not be undermined by Bill 66. Schedule 10 compromises critical environmental protections and undermines public health. It should be completely stricken from the legislation.\n"
    },
    "20642": {
        "url": "/comment/20642",
        "comment": "January\nI am very concerned about some of the proposed changes and the vagueness of the wording of the proposed bill 66 information available on the ERO for review.\nMany of the schedules listed contain no link to the actual act so that I can be informed easily without having to go and search for each individual act.\nI also just recently hear about this bill (literally a few days ago) and the changes to some of the acts that are proposed. The time line for the public to review and comment on any of the items in the bill is too short as well as at a very busy time of the year for anyone to take notice or to take the time to conduct a thorough review of any of the proposed changes.\nLastly there are far too many items or schedules included in this one bill for all involved to take the time to thoroughly and thoughtfully investigate what changes this government is proposing.\nWhy is the government rushing to make these changes in such a short time period...this government was just elected in June of 2018 so why so many changes all at once? I want to know how much time and what kind of resources have they put into the review and decision making process which made them decide to put this proposal forward for public input in order to further move the proposal to the legislation.\n"
    },
    "20643": {
        "url": "/comment/20643",
        "comment": "I am writing to strongly oppose Bill 66 - this is a terrible bill! This bill is meant to just benefit big developers but it's putting all of us at risk of contaminated water (we all remember Walkerton), exposure to toxic chemicals, and it puts millions of hectares of natural habitat, natural areas, wetlands at risk. Once these areas are developed, there's no turning back. What's going to happen to all the animals? We are already having the most rapid decline in wildlife species in history with the rate of species extinction happening more rapidly than ever. We're also suffering from climate change so paving over green space is the absolute worse thing that you can do for the environment and climate.  The Ontario government has always vowed to keep out Green Belt intact. Please think long-term and not just short-term financial gains! Once the environment is destroyed, there's not turning back. Look at Texas, they paved over everything including natural swamps and wetlands and look at the floods they suffer from. Canada is beautiful for it's natural environment, please do not destroy it single handedly with a very irresponsible bill that makes no sense at all and it is so short-sighted. A lot of thought and expertise was put into creating the Greenbelt Act, the Oak Ridges Moraine Conservation Act, the Clean Water Act and the Great Lakes Protection Act - this one bill undermines all the efforts that have been taken to protect our very precious environment. Stop Bill 66 now, please.\n"
    },
    "20644": {
        "url": "/comment/20644",
        "comment": "I believe that Bill 66 must be stopped. Bill 66 puts the drinking water of millions of Ontarians at risk by allowing industry and development to bypass the Clean Water Act and other water protection acts.\nIt was under the guise of creating jobs and cutting \u201cred tape and burdensome regulations,\u201d that Bill 66 was introduced by the Ford government. Proposed Bill 66 will roll back many of the province\u2019s fundamental water and environmental protection rules. Ontario may be \u201cOpen For Business\u201d, but this is not the way forward for the people of this province.\n"
    },
    "20645": {
        "url": "/comment/20645",
        "comment": "Please remove Schedule 10 from Bill 66.\nThis schedule is of concern because it grants municipalities the ability to exempt themselves from important provisions in a host of vital pieces of provincial environmental protection legislation. Every one of these bills \u2013 The Clean Water Act, the Great Lakes Protection Act, the Greenbelt Act, the Lake Simcoe Protection Act, the Oak Ridges Moraine Conservation Act, and others \u2013 exist for a reason and purpose, and have been created and passed based on our decades of collective experience as Ontarians. Our water supply, our major waterways, and our key green spaces need to be protected from short-sighted municipal decisions taken out of perceived short-term local interest.  To ensure the long term health of all Ontarians, we need clean water and health, functional, connected ecosystems. Natural systems are large, and most extend across multiple municipalities.\nFor example, the Oak Ridges Moraine is the aquifer that provides the headwaters for 22 river systems across the GTA, filtering rainwater, maintaining ground water supply, and ultimately feeding clean water into Lake Ontario along a significant section of its shoreline. The Oak Ridges Moraine simultaneously acts as a key ecological corridor, which permits gene flow between plant and animal populations on either side of the GTA, keeping open a connection vital for the long-term sustainability of our southern ecoregions, which contain many species not found farther to the north in the province. Furthermore, it also provides reasonable access to outdoor recreation opportunities for millions of people in the GTA, and as part of the Greenbelt, hosts a growing ecotourism industry. For myself, visits to see family in the GTA also include daytime excursions to hike in this area and visit local cafes and farmers\u2019 markets  - and I always appreciate that I can drink the tap water. Appropriate protection for the Oak Ridges Moraine requires provincial oversight to guarantee coordination among every municipality found along its length.\nTo ensure municipal decisions are not damaging to the \u201cbig picture\u201d, this requires continued coordination and regulation at the provincial level. Otherwise, a local decision made for a short-term local gain can have permanent deleterious effects on the quality of the environment of that municipality\u2019s neighbours, other communities downstream, and the province as a whole.\nTo ensure future generations of Ontarians continue to benefit from the ecological services of a healthy, clean environment, including clean drinking water, please remove Schedule 10 from Bill 66.\n"
    },
    "20647": {
        "url": "/comment/20647",
        "comment": "I am writing because I care deeply for the Greenbelt and water of this beautiful province. When I heard about this Bill I was deeply disturbed. I have never submitted a comment before on a Bill but felt compelled to submit a comment because of the seriousness of this Bill, the the implication it has for the farms, wild spaces, species and water of Ontario.\nHaving watched the rate of urban development of Toronto and surrounding areas over the last 10 years, I am alarmed to hear of the proponents in this bill that would allow businesses to ignore rules outlined in the Clean Water Act, the Great Lakes Protection Act and the Toxics Reduction Act.  And shocked to hear that this bill could allow the Greenbelt to be opened up for industrial development and urban sprawl.\nThe Greenbelt protects 2 million acres of Ontario farmland, forests, and nature.  It protect beautiful natural spaces that can be saved for generations to come. I value the eco-systems and the species that live in those places. I take great solace in this places, and for them to be destroyed breaks my heart.\nIt is a kind of madness that would allow those greenspaces to be lost, for money.  What will be lost would be far greater than any money could buy.   There are many other ways that business can be stimulated in Ontario communities, that don't involve irreparable damage to our greenspaces.\nPlease change this bill, Do not go forward with this. Uphold your promise, and uphold the Green Belt Act, the Great Lakes and Lake Simcoe Protections Acts and the Oak Ridges Moraine Conservation Act.   Protect our green spaces and Water ways.\n"
    },
    "20651": {
        "url": "/comment/20651",
        "comment": "Water quality must be monitored and regulated as Ontario's highest priority. we don't want more people dying as in the past as a result of government neglect. In Sudbury, Lake Ramsay, our drinking water source is already too salty for people with heart disease to drink (from over-development and poor management). The province should be requiring municipalities  to reduce development where water quality is threatened.\n"
    },
    "20652": {
        "url": "/comment/20652",
        "comment": "The overtime stuff is bogus. Employers already screw over employees like crazy, I'd rather there be more regulations in place than remove what few we have. It really feels like we are heading towards a sweatshop employer culture in the name of competitiveness - it's not worth it. Why not take a page from Harper's book and work on infrastructure projects to stimulate the economy rather than try so desperately to attract companies looking for weakly regulated, cheap-labour places to open up shop.\n"
    },
    "20653": {
        "url": "/comment/20653",
        "comment": "Please do not destroy our green space. This land and water is invaluable for all generations and if it is destroyed it will be gone forever. It is not necessary.\nTry some other ideas like using existing commercial space, bring back the minimum wage increase to $15 etc. That will make Ontario \u201copen for business\u201d, not destroying the only green space we have left.\n"
    },
    "20657": {
        "url": "/comment/20657",
        "comment": "Bill 66, Restoring Ontario's Competitiveness Act breathes fresh air into the Dark Ages mentality held by the Town of Halton Hills since I have become a resident here over the past three and a half decades. The temerity demonstrated by council to enact proposals for change held our community back from the pursuit of economic, industrial and personal growth through fear mongering and unsubstantiated prediction of doom and gloom. Again, according to the IFP article of Jan 3, 2019, the Glen Williams Community Association is embarking on the same old hackneyed tactics they employed in the past. Predicting that change will bring about such calamities as upstream communities polluting the Credit River and Mayor Rick Bonnette's hyperbole that the Greenbelt will be 'cut in half'. OPA amendments to allow land development for residential permits are often railed against by those residents who were lucky enough to purchase homes in the most sought after areas of the town often stand in the way of progress claiming, \"We don't want our community to become Brampton or Milton!\" Lets face it, does this not sound like covert discrimination? Why shouldn't new residents have the same access to live in those same desirable neighbourhoods as the existing homeowners. Careful consideration to allow residential and environmentally clean industries to arise in small pockets of the current Greenbelt areas will foster fresh economic and personal growth. As a result, the Town maybe able to maintain our dilapidated roads and other infrastructure. Thank you for giving us the opportunity to be heard.\n"
    },
    "20658": {
        "url": "/comment/20658",
        "comment": "We worked hard to install legislative provisions to protect and manage Canada's vast resources\nBill 66 threatens many of these acts to reverse the safeguards put in place\nI wonder if Doug Ford, our MPs and the party can think about their families,their neighbors, their health, their water, their food, the land they live on and enjoy- Why would they want to risk damaging these resources to please some!  -Are they not connecting with the value of their Canadian Heritage? -how can they not make decisions that would contribute to the sustainability of the environment they live in -they must or they are attacking us and themselves!\n"
    },
    "20659": {
        "url": "/comment/20659",
        "comment": "I do not support Bill 66. There is not much of what Doug Ford is doing, that I supoort. Whatever is decided, the environment and our farms, greenspace, MUST be a priority. What good is propserity if healthcare costs go up because of poor air, water and food quality? 1 in 2 Canadians are already expected to be diagnosed with some form of Cancer, and those numbers will continue to climb if air, water and food quality are further compromised. In society today, not everyone can be rich. Not everybody wants that. But we need to ensure that ALL Ontarians are given equal opportunity to contribute to society in a way that they are best capable of. This can only be done through education, and support of regional social support services. I am a single mom and an autistic child. My child cannot attend daycare or have a babysitter, making it impossible for me to work  because available jobs only during school hours dont exist. We are on the OAP waiting list for respite services, and I cannot work until that comes through. We have already been waiting nearly 18mths and my savings have been completely drained.\nDevelopment is short-term work, it unneccessarily destroys the environment. If we want to create jobs through building, then we need to look more seriously at taking old buildings, areas that are already developed, and figure out how to use those spaces more efficiently. Not every town needs a super centre. Big businesses dont need more support. Society is moving away from this type of consumerism, and are starting to increase demand and support for local farmers, local shops, and small businesses. We need invest in those people. Farmers should be getting our biggest subsidies and tax breaks.\nInternet needs to be considered a neccessity. The average person cannot keep up with inflation. Housing is unaffordable: we can scrape by monthly payments but seeing as most housing costs over $500,000 a down payment is near impossible for most people.\nAlso, OHIP is our provinces crown jewel. We need more support into that. If big businesses (like walmart, loblaws, Bell, etc) can inflate their prices for the sole purposes of increasing or maintaining their profit margins, then they need to be held to a higher standard of environmental protection, benefits for employees, paying into social service programs, and paying their employees a living wage. They should not be allowed to hoard millions of dollars while we have such a high homeless population and families struggle to feed their kids. This is Canada, there needs to be a greater equality.\n"
    },
    "20660": {
        "url": "/comment/20660",
        "comment": "After looking at Bill 66, I am opposed to it being passed.  It's clear that there will be great ecological harm from this bill with wetlands, farmland and woodlands being negatively impacted from the loss of protection. Protections over the deinking water for Ontario citizens will be taken away. It threatens our health and the very environment we rely on for our health and home.\n"
    },
    "20661": {
        "url": "/comment/20661",
        "comment": "Bill 66 is a direct affront to the citizens of Ontario. Doug Ford made a pledge in May 2018 that the Green Belt areas would be not be subject to development. Now that Doug Ford is Premier of the Government of Ontario, I expect that pledge to be honoured.\nBill 66 affects existing laws and regulations at many Ministries, not just the Ministry of the Environment, Conservation and Parks.  It detrimentally affects the protections for workers in many separate regulations, detrimentally affects the protections for children in childcare, detrimentally affects seniors and patients in long-term care, and detrimentally affects consumers protections from wireless carriers. This is not an exhaustive list.\nBill 66 detrimentally affects environmental regulations more than any other. Under Schedule 10 municipalities no longer have to follow the regulations under the Clean Water Act, Great Lakes Protection Act, Greenbelt Act, Lake Simcoe Protection Act, and the Oak Ridges Moraine Conservation Act, among many others.\nOntario and its municipalities have experienced the greatest prosperity in the last ten years, without needing to circumvent the environmental protections put in place by previous Conservative and Liberal governments.  Removing these protections now will pit one municipality against another -- if one municipality allows development in a protected area, it creates pollution for all the downwind and downstream neighbours, both in that municipality as well as surrouding municipalities.  There will be increased infrastructure costs for those municipalities that receive the extra traffic from the development, but none of the anticipated revenue.  Bill 66 is not something municipalities have asked for for, nor is it something municipalities need.\nSpeculators may have purchased land in the currently protected areas. Just having Bill 66 on the table has affected land values. Currently permitted uses for protected areas will become unaffordable, and the pressure on local governments to bypass environmental protections will be great.  I'm happy to see many municipalities have passed resolutions rejecting Bill 66.\nThe citizens of Ontario are clear: Bill 66, with all its recissions of existing laws, must not be passed.  I hope the elected representatives in the Legislature will fulfill their mandate and represent their constituents' demands to reject Bill 66.\n"
    }
}