{
    "14394": {
        "url": "/comment/14394",
        "comment": "Not only is this destroying the environment, but it's also costing the taxpayers money! Red tape is there because, without it, people will die and their health, safety, and security will be put in danger! And all of that costs the taxpayers money, on top of that! This bill is unethical, not just for the environment, but also for the taxpayer and for the future. It's time to stop destroying all the work and protection that people have fought for and actually work to change the biggest problems facing our society, like actually stopping companies from polluting and weaning our country off of oil!\n"
    },
    "14401": {
        "url": "/comment/14401",
        "comment": "This is an incredibly stupid and irresponsible plan, not to mention one that directly contradicts the Ontario PC\u2019s campaign promises to leave the greenbelt alone.\nEnvironmental protection is not \u201cred tape.\u201d Environmental protection allows Ontarians to remain healthy and productive for decades to come.\nThe areas protected in the greenbelt were designated protected because they are too delicate to withstand developments. We can take the USA as an example, where an uninformed layman made the decision to roll back environmental and food safety regulations, which resulted in massive food recalls months later. Learn from their stupidity, and do not repeat it.\n"
    },
    "14410": {
        "url": "/comment/14410",
        "comment": "If you think that reducing workers rights and safety will bring jobs back, or reducing the future ability for our kids to have clean environments, will make this province open is insulting.\nNot that I expect this to matter because you are not the party of Ontarians. You are the party of rich suck ups who would rather poor people die so you can keep your kick backs.\n"
    },
    "14413": {
        "url": "/comment/14413",
        "comment": "When people run for government positions, the general consensus is that they must have at least some common sense. Sadly, this particular government, has disproven this expectation quite a bit over the duration that they have been in power, and no more so than when promoting cutbacks to protections that are vital to the wellbeing of Canadian citizens.\nI don't know what exactly entailed the process, but coming to the conclusion that reducing the protections regarding labour regulation, child protection, clean water safeguards, and the greenbelt for ease of creating business is a blatant disregard of human rights and an irresponsible use of power. Not only does this show that the government prioritizes Capitalism and financial gains over the health and safety of children, it also proves that they have no regard for the health of future generations by reducing workplace protections and climate change protocols. This opens up vulnerable populations to a decrease in quality of life and care through negligence, abuse, subpar filtration, caregiver burnout, etc., and honestly, I don't know how to emphasize this enough, but this bill is a terrible idea.\nIn conclusion: This bill is a very, very, very bad, no good, terrible idea for anyone who lives in Canada.\n"
    },
    "14415": {
        "url": "/comment/14415",
        "comment": "Restoring Ontario's competitiveness?  When did we lose it?  If attracting businesses to Ontario was this government's concern, one of its first moves in office would not have been to cancel billions of dollars worth of green energy initiatives. One of those initiatives involved Tesla whose CEO just this morning stated that he was interested in purchasing the recently closed GM plants. Do you think he'll consider Oshawa after personally witnessing this government's commitment to contracts?  This government's political interference and instability was also cited as the cause of the collapse of the Hydro One-Avista deal. These do not look like the actions of a government that is interested in attracting business to Ontario.  Just the opposite, in fact.\nThe regulations that Bill 66 will overturn are not \"inefficient, inflexible or out of date\". They are merely inconvenient to a government whose displays of cronyism already foreshadow the plans for our Greenbelt. This government has already demonstrated its commitment to the environment by firing Ontario's Chief Science Officer, cancelling Ontario's cap and trade program, getting rid of environmental oversight and, until recently, having absolutely no plan in place to respond to the global climate crisis.  Based on the above and on the quality of the plan released last week, it is clear to me that the best interests of the land and its inhabitants is not a concern for this government.\nWhat I find most telling about this government's plan to attract businesses is that it is a plan that debases the province, that ceases to protect her or even hold her up as something that should be treated with care, or pride.  This government appears to think so little of this province that it believes putting her at risk is the only way to attract business.\n"
    },
    "14417": {
        "url": "/comment/14417",
        "comment": "It is not acceptable to put health, the environment, and the lives of children at risk for potential economic gain. These regulations were put in place to avoid tragedies like Walkerton and the deaths of children at daycares, to ensure worker safety, and to protect what green space we have left.  Cutting these regulations will put everyone in Ontario in danger. There is not even any evidence that cutting these regulations will result in any economic gain.\nOne of the promises during the campaign was that the Greenbelt would be protected \"in its entirety\". These cuts will remove that protection, breaking this promise. This would be a very easy election promise to keep, if you wanted to.\nThis government claims that it is a \"government for the people\". How can it possibly be \"for the people\" when it has no issue putting workers, children, and people who drink water or breathe air in danger for a quick buck.\n"
    },
    "14420": {
        "url": "/comment/14420",
        "comment": "It has come to my attention that Bill 66 directly cuts spending to labour regulation, child protection, clean water safeguards, and the greenbelt legislation the provincial Progressive Conservatives promised on the campaign trail they would protect \u201cin its entirety.\u201d This does not bring back competitiveness, instead harming the environment and Ontario\u2019s citizens. I am firmly opposed to this bill and cutting spending for these essential programs.\n"
    },
    "14426": {
        "url": "/comment/14426",
        "comment": "Exemptions from clean water regulations are deeply concerning. As a resident near Walkerton at the time of the E. coli crisis, I remember what happens without these regulations. As a medical student and future physician, I know how contaminants in the water supply can devastate the human body. I hope you have a parallel plan to increase the number of kidney donations as you deregulate water protections, because contaminated water can easily push vulnerable people (ie. children) into renal failure.\n"
    },
    "14428": {
        "url": "/comment/14428",
        "comment": "The Employment Standards Act poster should still be posted for employees to see. Young workers, immigrants and new workers need to have things made clear for them, as opposed to given in a packet. Workers need to know what their rights/expectations are- and for transparency sake from employers.\nIn regards to \"removing the burden\" for businesses in regards to overtime averaging (and extending the time that employers can spread overtime) is only going to put the burden on employees. In particular, the working poor, who need the extra hours to survive.\nAs a parent who recently had to view a number of home-based and centre-based childcare centres, there are some scary places out there both licensed and unlicensed. The number of children allowed in the care of childcare providers was lowered because of unsafe conditions and accidents which had occurred. PLEASE reconsider changing the number of children, particularly the number of children under 2 who are allowed to be in a home childcare setting\nI don't even have the time tonight to get into the fact that the repeal of 2009's Toxics Reductions Act and 2013's Wireless Services Agreements Act is short-sighted. It may buy votes from people that run businesses, but we and our children have to live with these decisions.\n"
    },
    "14435": {
        "url": "/comment/14435",
        "comment": "Hello,\nI STRONGLY disagree with Bill 66. Repealing the Toxins Act just allows companies more freedom to pollute our great lakes and water systems. Do we not remember what happened in Walkerton not so long ago in our memories? I don't understand an administration that is not forward thinking in regards to the sustainability of our province or our youth. As a student and future healthcare professional, I want to live in a world that is clean and has regulations on my water supply since having stringent environmental policies is something Ontario should pride itself in! My god we got rid of coal and are moving forward in renewable energy. That is an economy I pride myself in as a Canadian. Companies should invest in Ontario because we have strong human capital and different demographics for sales, not because we are playing a \"race-to-the-bottom\" approach in our environmental standards. We are better than this. The Ford Government wants to make Ontario more \"competitive;\" well, innovation is competitive, being sustainable makes you competitive since when these companies finish polluting our waterways, they will easily get up and move to others and there goes the however many temporary jobs you created at the expense of a life-time of clean water.\nRegards,\nA concerned youth\n"
    },
    "14445": {
        "url": "/comment/14445",
        "comment": "An acting government is a steward to the province for a period of time.  A steward acts to protect the area that it resides over, ensuring the long term sustainability and success of it long after that government has changed hands.  Making changes to the environmental green belt which ensures the protection of nature in Ontario and provides green space for generations to come fails to meet the criteria of a good steward.  Stop making decisions based on economics and start making decisions that show the province of Ontario that you are acting in the best interests of the future of Ontario.\nIn short, stop acting like a dullard.\nSincerely,\nShannon Viana\n"
    },
    "14451": {
        "url": "/comment/14451",
        "comment": "I would like to see how Bill 66 incorporates protection for environmentally sensitive areas such as Natural Heritage Features identified in the Planning Act.\nSpecifically, how will Bill 66 prevent the reduction of important green spaces such as eco-corridors, forest and wetlands?\nHow will Bill 66 ensure the protection of Greenbelt Protected Countryside?\n"
    },
    "14453": {
        "url": "/comment/14453",
        "comment": "I hope this includes the Niagara Escarpment Area. The rules set out by the Niagara Escarpment Commission are overbearing and completely un reasonable. My family century old inherited land is deemed un-usable by the NEC. There is nothing special about my 50 acres.  It is overgrown bush and 30 acres of farm fields and sits right on the boarded of the Niagara Escarpment.\n"
    },
    "14458": {
        "url": "/comment/14458",
        "comment": "The clean water act was set up to prevent another Walkerton TRAGEDY! How can you possibly think this is a good idea to get rid of environmental protections?! People's health and their LIVES are literally on the line here!\nWhat exactly do you propose to replace these protections with? It looks like nothing! How will you protect the people you are meant to represent! For shame! Putting development, money, and greed before the health and lives of everyday people.\nFor the people? More like for the profit!\nShame on you!\n"
    }
}