{
    "14080": {
        "url": "/comment/14080",
        "comment": "The regulations and so-called \"red tape\" addressed in this bill were put in place for a reason; they save lives. Removing regulations from child care facilities will put children in danger, which is not the answer to \"affordable child care\".\nThe environmental protections being removed are particularly alarming as someone who grew up near Walkerton during the water crisis. The PC party promised during the election to protect the Greenbelt in its entirety, and yet you are proposing to insert a loophole that threatens farmland and drinking water.\nThis strikes me as a bill designed to promote corporate interests at the expense of the people of Ontario and the places where we live. If you truly claim to be \"for the people\", reconsider this bill. There are better ways to promote the province as open for business than to endanger the lives of the people who live and work here.\n"
    },
    "14085": {
        "url": "/comment/14085",
        "comment": "Allowing unlicensed home day care providers to care for more very young children will reduce the quality of life for these most vulnerable members of society, placing them at risk. Instead, provincial funds should be invested in supporting not-for-profit licensed day care, whether in homes or day care centres.\n"
    },
    "14087": {
        "url": "/comment/14087",
        "comment": "This proposal is outrageous as it is a complete reversal to Ford's promise at the election. This is unacceptable and this is a big insult to the democratic system where we are supposed to trust and have faith in the elected leadership.\nThe existing protection on the environment cannot be removed if we want our future generation to enjoy their lives like we do today.\n"
    },
    "14089": {
        "url": "/comment/14089",
        "comment": "I have no idea what this administration thinks it's doing.  This is not the 'Northern USA' aka Trumpland.  We need to protect the environment and strengthen regulations.  Harming the environment, children and workers should be our priority.  If Mr. Ford wants to be a one term premier, then this is how you do it.\n"
    },
    "14092": {
        "url": "/comment/14092",
        "comment": "Do not repeal elements of the wireless act. This is purely an attack on consumers to satisfy the big telecoms. Disgusting and abhorrent. A government that claims to be for the people continues to remove protections designed to help protect those among us who need it most. You are disappointing as leaders and should do more. Do better.\n"
    },
    "14094": {
        "url": "/comment/14094",
        "comment": "Proposed changes to home-based childcare regulations fail to truly address the need for affordable quality childcare spaces in Ontario. I believe that these changes will not have the intended effect.\nThe public reporting aspect of the Ontario Toxics Reduction Program empowers consumers to make informed purchasing decisions in relation to substances of concern. Making this documentation available on the internet is not redundant concerning the Federal Chemicals Management Plan and should therefore not be repealed with the intent of reducing redundancy. Furthermore, other aspects of the program, such as those empowering provincial officers to inspect facilities and acts relating specifically to Ontario's interests (particularly involving clean water), are safeguards not provided by the Federal Chemicals Management Plan for which repealing has no established purpose. These safeguards allow the province to make decisions regarding the safe or reduced use of toxic substances more quickly than the federal government is able to and on a scale most relevant to Ontario residents, ensuring that environmental protections are maintained in an ever-changing commercial world. Finally, the generation of internal reports on toxic substances provide an opportunity for employees to educate themselves on the substances with which they work and the risks they pose to the environment. Employees who do not understand regulations are more likely to see them as hampering their work and are less likely to obey them. Internal reporting also forces businesses, though they may ignore the recommendations they make, to consider methods of reducing the production of toxic substances. If I were to approve the repealing of this regulation, I would like to see evidence that internal reporting has no significant effect on businesses choices regarding reducing the production of toxic materials.\nRegarding Municipal Affairs and Housing, I am loathe to allow any loopholes in acts intended to protect the single greatest resource that Ontario has to offer: fresh water. The short-term benefits of allowing municipalities to circumvent the Clean Water Act, the Great Lakes Act, and the protections surrounding the Green Belt and Oak Ridges Moraine are far outweighed by the potential for long-term consequences of damaging water reservoirs and the environment surrounding them. Unless provided with strict policies ensuring that water will still be protected sufficiently despite construction interests, I cannot approve of the proposed open-for-business planning tool.\n"
    },
    "14096": {
        "url": "/comment/14096",
        "comment": "I am strongly opposed to Schedule 9 with regards to the Employment Standards Act.\nOntario already lags behind other provinces in the country for legislated employees rights and benefits. Repealing these sections of the ESA is a significant regression.\nForcing workers to be at work while sick is barbaric and nonsensical. In this knowledge based economy, more days at work is not necessarily same as more work done. A true capitalist who wishes to maximise the competitiveness of his or her land will optimize efficiency by balancing worker satisfaction and business needs. This act actually makes Ontario less competitive, not more.\nI am also strongly opposed to the changes the Act makes with regards to urban planning and toxic waste. Corporate interests must not be put before the environment.\n"
    },
    "14098": {
        "url": "/comment/14098",
        "comment": "This is outrageous. You are going backwards and are causing harm to our future generations.\nThis needs to be stopped and never passed.\nWe are the citizens of this province and the government should be working for us not for the benefit or agenda of a premier who has no care for the people or our future generations.\n"
    },
    "14102": {
        "url": "/comment/14102",
        "comment": "I fail to see how removing removing protection from harmful chemicals and threatening our water supply can even be seen to be a good, positive thing for Ontario in any scenario, let alone one of economic growth for all the people in this province. We need to work on providing a safe environment for citizens and their children, we need to promote good, reliable jobs for workers where they can live fulfilling lives and not be endangered or have their quality of life decrease. The proposed measures are doing the exact contrary of this. They are designed not to promote good quality of life for people, only to enrich corporations at the detriment of people and the environment.\n"
    },
    "14103": {
        "url": "/comment/14103",
        "comment": "I'm all for creating more jobs, but this is a  step back. This bill isn't modernizing, it's making living and working conditions less optimal with a weak promise of more jobs and less red tape. Why aren't we focused on creating more quality jobs? This allows various industries more leniency in ways that are destructive to the earth, mental health, and children's health. I do not want more toxins allowed in the air,  less qualified day care providers, the removal of the cap on cell phone fees.\n"
    },
    "14104": {
        "url": "/comment/14104",
        "comment": "Regarding the proposed Bill 66:\nRemoving these environmental, childcare, and consumer protections is tantamount to turning Ontario into a copy of the developing country I moved 15,000KM's to get away from: where natural resources and human beings are burned through at any cost to make another buck. We will find a better way to stay competitive in Ontario. Those that want to live like that should try living in a country with a similar lack of protections, and see how fast they want to reverse that decision.  Lack of protections like these does not equate to more jobs: just more human misery.\n"
    },
    "14107": {
        "url": "/comment/14107",
        "comment": "Government\u2019s first responsibility is to its citizens. This bill puts business interests before the health and safety of citizens.\nI am disgusted that this government should weaken protections for the Greenbelt, the Oak Ridges Moraine and the Great Lakes (to name a few), particularly at a time with more than 9,000 scientists from around the world have warned we have just 12 years to reduce our carbon footprint. Weakening these regulations paves the way for irresponsible development that will increase emissions and reduce our canopy, as well as threaten our clean water supply. This is unconscionable.\n"
    },
    "14109": {
        "url": "/comment/14109",
        "comment": "I disagree with many aspects of this act and believe that it is not at all in the best interest of the citizens of Ontario and instead is meant to serve corporations and businesses in undermining the standards that they are currently being held to. We should not throw workers under the bus - or the environment for that matter - for the sake of corporate profit. That is a depraved way of governing. Yes, it is not just short-sighted, but evil.\nParticularly, this proposal: \u201cRemove restrictions on home-based child care providers, including allowing additional children, to make it easier for parents to find affordable child care.\u201d You are putting the health and safety of young children at risk by decreasing the ratio of providers to children. This is unsafe and wrong! These regulations were put in place to protect children. If you want parents to be able to find affordable child care, then create new child care facilities that are subsidized by the government. This is not the way to help children or their caregivers.\nThis is just one example of why this bill should not pass.\n"
    },
    "14111": {
        "url": "/comment/14111",
        "comment": "This bill unacceptably places short term economic interests ahead of Ontario residents' interest in preventing environmental harm and degradation. In addition to damage to the physical environment, the bill proposes protections that can have very real and very serious health implications caused by compromised quality of water and environment by allowing businesses to be exempt from compliance with provisions meant to protect the environment. Blatant disregard for protections meant to curb water pollution fails to place Ontario residents best interests first. Land and water are public resources that ought to be preserved as much as possible in economic activity. This is short sighted business oriented outlook does not take into account the precautionary principle nor sustainable development business policy.\nOther proposed changes are equally stunning as the bill casts aside health and safety regulations in favor of business profit. Ontario is more than just the business entities who stand to benefit from these changes, it is comprised of individuals who benefit from robust labor standards protecting their health and safety. This bill is deplorable. It is clear who this bill is intended to benefit, and that is not the majority of Ontario residents who will also suffer from the removal of consumer protection provisions.\n"
    },
    "14112": {
        "url": "/comment/14112",
        "comment": "I believe that this bill will have detrimental effects for us and the environment. At a time when Climate change is considered one of  the biggest threats to our society, we must do everything we can to preserve our natural ecosystems and ensure that we do not poison the wonders and importance it has to offer. We cannot allow corporations to have free range at the expense of our lives and our planet. Protect nature and our right to live in peace.\n"
    }
}