{
    "17972": {
        "url": "/comment/17972",
        "comment": "Please, Remove Schedule 10 from Bill 66, which allows municipalities to override provisions in the Greenbelt Act, Clean Water Act, Lake Simcoe Act, Oak Ridges Moraine Conservation Act and Great Lakes Protection Act...\nI am tired of governments exploiting its people, including the environment of which we live. This plan is juvenile in thinking that this will benefit Ontarians. It will not. Increasing the power and agenda's of \"fat cat\" corporations (Premier Ford included) should not be Ontario's agenda. We can do better.\n"
    },
    "17977": {
        "url": "/comment/17977",
        "comment": "I am concerned to hear that there are proposed legislative changes that could open the Greenbelt to development. Great urban areas around the world (New York, London, Berlin) are learning the importance of urban densification rather than sprawl - densification leads to better health outcomes as services are walkable, and builds stronger communities. There is an ample amount of unused and underdeveloped land within our existing urban areas to facilitate growth in housing and business. Further, availability of accessible green and open spaces is vital to our health and the health of the environment that we depend on. Finally, we depend upon our rural land for food growth, and the ability to grow and provide locally grown food is something we should not lose.\nA commitment was made during the June election not to touch the Greenbelt. Do not fail to live up to that commitment.\n"
    },
    "17978": {
        "url": "/comment/17978",
        "comment": "The safety of our drinking water and the integrity of the Greenbelt should not be undermined by Bill 66. Unfortunately, schedule 10 of the proposed Bill compromises critical environmental protections and undermines public health by allowing municipalities to override provisions in the Greenbelt Act, Clean Water Act, Lake Simcoe Act, Oak Ridges Moraine Conservation Act and Great Lakes Protection Act.. It should be completely stricken from the legislation.\n"
    },
    "17982": {
        "url": "/comment/17982",
        "comment": "During the election, the PC party promised not to allow development in Greenbelt regions after public outcry regarding Mr. Ford's comments to the contrary.\nTherefore, in order to not break this promise to the people on Ontario, remove Schedule 10 from Bill 66, which allows municipalities to override provisions in the Greenbelt Act, Clean Water Act, Lake Simcoe Act, Oak Ridges Moraine Conservation Act and Great Lakes Protection Act.\n"
    },
    "17985": {
        "url": "/comment/17985",
        "comment": "Schedule 10 especially to allow municipalities to override protection of the Greenbelt is very alarming.  It took years to put in the protection that would conserve this area for future generations - air, water, recreation, habitat.  To loosen them will undoubtedly lead to damage to 5,500 farms, 78 species at risk and 102 million tonnes of carbon storage. Please remove this from Bill 66.\n"
    },
    "17987": {
        "url": "/comment/17987",
        "comment": "Making Ontario more competitive is absolutely necessary, but the amount of deregulation proposed here is negligent at best.\nThe environment can be preserved and Ontario can be made more competitive with more thoughtful changes than what is being proposed here. Our water, land and air need to be protected. That is not negotiable. Giving it away for short term private profit undermines our long term prospects as a prosperous region. Please reconsider the proposed deregulations for more long term environmentally sustainable solutions.\nAs well, I am very concerned about the repeal of the Pawnbrokers Act. That is the most important way of keeping that industry transparent and deters it's use for criminal activity. What exactly will replace the Act if it is repealed?\nRemoving restrictions on home based child care is also concerning as these laws were put in place to protect the provider, the children and the families. There are other ways of providing affordable child care that do not involve removing restrictions on home based child care. I know as I was Chair of our local school Child Care Facility when my children were in Daycare. What exactly will change and how will everyone's safety be maintained?\nThank you for your attention. Kind regards, Jennifer Harris\n"
    },
    "17988": {
        "url": "/comment/17988",
        "comment": "I'm writing in support of Environment Hamilton's campaign to \"Nix Bill 66\". As a lifelong environmentalist, member of Environment Hamilton, and an active and engaged resident of the City of Hamilton I am strongly opposed to Bill 66, for the following reasons:\n1. It affects every municipality in Ontario. Bill 66  allows municipalities across the province to create \u201copen-for-business by-laws\u201d that would trump critical legal requirements to protect water, natural heritage, farmland and human health and well-being. These bylaws would take precedence over municipal official plans.\n2. It threatens drinking water across Ontario. Open-for-business by-laws would override policies in approved source protection plans intended to protect existing and future sources of municipal drinking water from threats such as landfills, sewage systems and improper handling of fuel, manure and pesticides.\n3. It threatens wetlands, woodlands and habitat for species at risk across Ontario. Open-for-business by-laws would circumvent protections for these important habitats and species set out in the Provincial Policy Statement (PPS) under the Planning Act.\n4. It threatens farmland across Ontario. Open-for-business by-laws would bypass\nagricultural protections set out, for example, in the PPS. This could lead to more urban sprawl.\n5. It threatens two million acres of natural areas and farmland across the Greenbelt.\nOpen-for-business by-laws would override protections for natural heritage and farmland set out in the Greenbelt Plan and the Oak Ridges Moraine Conservation Plan.\n6. It threatens freshwater and the ecological health of the Lake Simcoe watershed. Open-for-business bylaws would trump requirements set out in the Lake Simcoe Protection Plan.\n7. It would undermine efforts to make Ontario communities more livable, sustainable and resilient. Open-for-business by-laws would override PPS policies supporting active transportation, affordable housing, green infrastructure and climate resiliency.\n8. It would compromise transparency and public engagement. Contrary to current\nlegal requirements (Planning Act, Clean Water Act), the by-laws could be passed without\nany prior public notice, behind closed doors.\n9. It would leave citizens without recourse. Community members would not be able\nto appeal open-for-business by-laws to the Local Planning Appeal Tribunal.\n10. It threatens human and wildlife health through increased exposure to toxic\nchemicals. Bill 66 proposes to repeal the Toxics Reduction Act, which requires certain\nindustrial facilities to consider ways to reduce the use and emission of toxic chemicals in\ntheir operations.\n"
    },
    "17990": {
        "url": "/comment/17990",
        "comment": "While I'm all for removing unecessary bureaucracy, regulations sometimes serve an important purpose - they protect what's in the public interest from being harmed in the interest of profits.\nRemove Schedule 10 from Bill 66, which allows municipalities to override provisions in the Greenbelt Act, Clean Water Act, Lake Simcoe Act, Oak Ridges Moraine Conservation Act and Great Lakes Protection Act.\n"
    },
    "17994": {
        "url": "/comment/17994",
        "comment": "Please remove Schedule 10: Ministry of Municipal Affairs and Housing from Bill 66, which allows municipalities to override provisions in the Greenbelt Act, Clean Water Act, Lake Simcoe Act, Oak Ridges Moraine Conservation Act and Great Lakes Protection Act. Conservation is a priority and we need to encourage creative solutions to construct an economy that lives within the confines of nature\u2019s boundaries.\nPlease remove Schedule 5: Ministry of the Environment, Conservation and Parks from Bill 66, which seeks to repeal the Toxics Reduction Act that supports Ontario\u2019s commitment to reduce toxic substances in air, land and water, protecting the environment and human health; informing Ontarians about prescribed toxic sustances in their communities, and focuses on reducing the use and creation of these toxic substances at the front end of the manufacturing process. Less oversight is not the answer.\nPlease remove Schedule 4: Ministry of Energy, Northern Development and Mines from Bill 66, which seeks to repeal the authority of the Ontario Energy Board to set rates for Unit Sub Metering Providers.  The OEB aligns the needs of a sustainable, financially viable electricity sector, with the expectations of customers who want reliable service at a reasonable price.\nPlease remove Schedule 3: Ministry of Education from Bill 66, which seeks to remove restrictions on home-based child care providers, including allowing additional children.  The current guidelines of caring for a total of five children in your own home, including your own children under the age of six, and caring for a maximum of two children under the age of two (including your own child), is sufficient and protects vulnerable children.  The province should seek alternatives for helping parents find affordable child care, that doesn\u2019t increase the risk to child safety.\nPlease amend Schedule 2: Ministry of the Attorney General in Bill 66, which seeks to repeal the Pawnbrokers Act; police have been asking pawn brokers to keep a digital registry of people who bring in items for sale.  The Pawnbrokers Act needs an update to support easily identifying property that is stolen. I\u2019ve personally experienced a home break-in and the loss of a gold watch inscribed with my name on the back, faced with the impossible task of visiting every pawn broker in the GTA to try and recover my property.\n"
    }
}