{
    "17189": {
        "url": "/comment/17189",
        "comment": "I have issues with schedule 8 as these regulations were issued to protect our seniors who can not protect them selves. The same with schedule 3 where our young children will not have the protections needed. Also we need to protect our future archaeological finds. The Municipalities should not be able to ignore investigating possible finds.\n"
    },
    "17190": {
        "url": "/comment/17190",
        "comment": "Subject:  Ontario PC proposed Bill 66\nDo politicians never learn from previous mistakes?  Doug Ford\u2019s proposed Bill 66 that reduces the checks and balances regarding Ontario\u2019s farmland and greenbelt areas smacks of the same stupidity as the previous Liberal government\u2019s Green Energy Act.  The PC\u2019s campaigned hard against Kathleen Wynn and Dalton McGuinty\u2019s foray into renewable energy that was an economic disaster that accomplished nothing for the environment and was riddled with unintended consequences.  Now Doug Ford and company have come up with this scheme that makes it easier for developers to expand urban sprawl into our natural resource that is equivalent to an \u2018endangered species\u2019.   You can\u2019t make more or replace greenbelt and farmland.  Surely there are better and more efficient ways of creating opportunities for job creation and business enterprises within the massive urban land mass that now has spread across Ontario.  Doug Ford do your due diligence, you can do better than this.\n"
    },
    "17191": {
        "url": "/comment/17191",
        "comment": "I am extremely concerned about provisions being put forth in the Conservative government's proposed Bill 66, a bill which was introduced with no public consultation and little regard for our Province's natural and cultural heritage. As an Ontario resident I am worried that the proposed Bill will produce harmful effects for both our Province's natural environment and the health of our fellow Ontarians. As a consulting archaeologist I am disturbed by the potential for Bill 66 to allow developers to literally bulldoze away Ontario's rich history spanning more than 10,000 years.\nThe proposed bill will allow for the development and degradation of environmentally sensitive and ecologically beneficial areas such as the Ontario Greenbelt and Oak Ridges Moraine, in addition to numerous Source Water Protection Areas and formerly protected areas within the Lake Simcoe Watershed. These natural areas offer significant environmental benefits. The Greenbelt alone saves the province $2.6 billion a year in essential services such as providing fresh drinking water and clean air. The proposed bill also undermines and the Clean Water Act less than 20 years after the Walkerton disaster, putting both the health of Ontario residents and the ecological health of our Great Lakes at risk. As Parliamentary Assistant to the Minister of Health and Long-Term Care I hope this would be of concern for you.\nAdditionally, Bill 66 threatens our province's cultural heritage. Ontario has a rich history of occupation that dates back more than 12,000 years. The archaeological assessments completed each year in advance of development help fill in the gaps in the story of our Province, Indigenous Peoples and more recent settlers. Archaeology gives a voice to many who have been written out of the history of our Province. Indigenous and descendant community participation in the process of archaeological investigation has recently amplified that voice. Bill 66 threatens to allow municipalities to opt out of provisions within the Planning Act, including the Provincial Policy Statement (2014) which require many of the assessments that are completed. Under Bill 66, a municipality will be able to circumvent Subsection 3(5) and Section 24 of the Planning Act which give authority to the Provincial Policy Statement (2014) and Official Plan requirements respectively. The protection of heritage is a mandatory provincial interest under the Ontario Heritage Act, not a decision of convenience at a municipal level.\nIn short, Bill 66 needs to be amended to restore the requirements that will protect our natural and cultural heritage for the generations to come. I am calling on you to do what is right for our province, it's residents, and our shared natural and cultural heritage.\nThank you for taking the time to read my concerns.\n"
    },
    "17192": {
        "url": "/comment/17192",
        "comment": "Remove Schedule 10 from Bill 66, which allows municipalities to override provisions in the Greenbelt Act, Clean Water Act, Lake Simcoe Act, Oak Ridges Moraine Conservation Act and Great Lakes Protection Act.\nIf voted into law, it could annihilate Ontario\u2019s environmental regulations, contaminate clean drinking water, and open up the protected Greenbelt to mega-industrial development.\nDo we really need another Walkerton crisis in which Ontario citizens have to die to make this point? The long-term ecological threats created by overdeveloping the land are well known. It's clear that \"science\" is not Mr. Ford's thing, but that doesn't negate the reality of science.\nThe only beneficiaries of this plan are big business. As for creating jobs, there are other ways to do that without damaging our ecosystem.\nSchedule 10 is short-sighted, biased toward big business and unacceptable.\n"
    },
    "17196": {
        "url": "/comment/17196",
        "comment": "The environment and it's care is extreemly important.\nFamilies especially in an era where work is 7 days a week and both parents are working need to be able to have natural spaces where they can regroup and recharge.\nThe internet and time spent there is eroding how people interact person to person.\nNatural spaces offer a change of environment to the tech oriented world, a change of pace that is proven to have a positive affect on health and well being.\nThe biodiversity of greenspaces is part of the net that keeps the air we breath and the water we drink in tact.\nI strongly oppose the release of development contraints on the greenbelt areas.\n"
    },
    "17197": {
        "url": "/comment/17197",
        "comment": "The environment and it's care is extreemly important.\nFamilies especially in an era where work is 7 days a week and both parents are working need to be able to have natural spaces where they can regroup and recharge.\nThe internet and time spent there is eroding how people interact person to person.\nNatural spaces offer a change of environment to the tech oriented world, a change of pace that is proven to have a positive affect on health and well being.\nThe biodiversity of greenspaces is part of the net that keeps the air we breath and the water we drink in tact.\nI strongly oppose the release of development contraints on the greenbelt areas.\n"
    },
    "17203": {
        "url": "/comment/17203",
        "comment": "Remove Schedule 10: Ministry of Municipal Affairs and Housing completely as it opens the door for corruption by local politicians. If any part of Schedule 10 comes into force then matching laws need to be passed for strict penalties including imprisonment for any violation of the matching laws. Additionally, if any part of Schedule 10 comes into force the matching laws must be passed with penalties which protects the integrity of Green Belts, shorelines and water courses and which negatively impacts the ability of communities and regions to accommodate and respond to natural disasters with implied liabilities legally assigned those (developers, politicians, etc.) for any such actions/decisions.\n"
    },
    "17204": {
        "url": "/comment/17204",
        "comment": "\u201cRemove Schedule 10 from Bill 66, which allows municipalities to override provisions in the Greenbelt Act, Clean Water Act, Lake Simcoe Act, Oak Ridges Moraine Conservation Act and Great Lakes Protection Act.\nThe safety of our drinking water and the integrity of the Greenbelt should not be undermined by Bill 66. Schedule 10 compromises critical environmental protections and undermines public health. It should be completely stricken from the legislation.\n"
    },
    "17206": {
        "url": "/comment/17206",
        "comment": "Remove Schedule 10 from Bill 66, which allows municipalities to override provisions in the Greenbelt Act, Clean Water Act, Lake Simcoe Act, Oak Ridges Moraine Conservation Act and Great Lakes Protection Act.\nThe safety of our drinking water and the integrity of the Greenbelt should not be undermined by Bill 66. Schedule 10 compromises critical environmental protections and undermines public health. It should be completely stricken from the legislation.\n"
    },
    "17208": {
        "url": "/comment/17208",
        "comment": "This proposed legislation is filled with very poor changes to long existing policies. Specifically Shedule 10 undoes the excellent policies developed after the Walkerton water crisis. The Clean Water Act is essential to ensure the safety of our drinking water. This new bill allows those critical safe quards to be ignored or by passed.\nPlease retract this awful piece of legislation\n"
    },
    "17210": {
        "url": "/comment/17210",
        "comment": "Remove Schedule 10 from Bill 66, which allows municipalities to override provisions in the Greenbelt Act, Clean Water Act, Lake Simcoe Act, Oak Ridges Moraine Conservation Act and Great Lakes Protection Act.\nThe safety of our drinking water and the integrity of the Greenbelt should not be undermined by Bill 66. Schedule 10 compromises critical environmental protections and undermines public health. It should be completely stricken from the legislation.\n"
    },
    "17211": {
        "url": "/comment/17211",
        "comment": "The stated goal of Bill 66 is to \u201cstimulate business investment, create good jobs, and make Ontario more competitive by cutting unnecessary regulations that are inefficient, inflexible or out of date\u201d. However, legislation aimed at boosting our economy should never trump regulations created to protect common resources such as groundwater and communities\u2019 safe drinking water supplies. This legislation makes it apparent that the current Government of Ontario is prioritizing business interests over water security. Schedule 10 is unjustifiable, undemocratic, and should be immediately withdrawn.  Please make immediate changes to this Bill to reflect the needs of our precious natural resources.\n"
    },
    "17215": {
        "url": "/comment/17215",
        "comment": "Remove Schedule 10 from Bill 66, which allows municipalities to override provisions in the Greenbelt Act, Clean Water Act, Lake Simcoe Act, Oak Ridges Moraine Conservation Act and Great Lakes Protection Act. We cannot replace the green belt once it is gone, there is enough natural areas being destroyed for our expansion. Enough is enough\n"
    },
    "17217": {
        "url": "/comment/17217",
        "comment": "Why does Bill 66 give municipalities the power to build in the Greenbelt and ignore clean water laws?\nBefore the recent provincial election Doug Ford talked about allowing development in the Greenbelt but when he heard from the people of Ontario that this was not an idea the people approved of, he promised that there would be no development in the Greenbelt. Keep your election promise! The Greenbelt not only helps keep our water safe and helps prevent flooding, it also helps fight climate change (which causes more flooding) and reduces urban sprawl. Keep your election promise or I will not vote for you next election.\n"
    },
    "17222": {
        "url": "/comment/17222",
        "comment": "Five things about Schedule 10 of Bill 66 alarm me:\n1)\tBreaking open the covenants of the Greenbelt Plan, the Oak Ridges Moraine Conservation Plan, and the Clean Water Act: We cannot go back once this occurs. The need to continue to protect these lands and our sources of water will only become greater in the years to come, as populations increase, and changes in the climate intensify.\n2)\tAscribing so much power to the Minister: The Minister is a political appointment and cannot possibly have the expertise required to fully assess the implications of situating a new business opportunity in any given location. The government would be putting itself in a position where it appears to be beholden to private interests. Some future government could also use this power to slow the entire approval process down, which I do not believe is the intention of this Bill.\n3)\tStepping outside of the Growth Plan:  Starting with the Oak Ridges Moraine Conservation Act in 2001, efforts have been undertaken to develop the Greater Golden Horseshoe in a cohesive, cost-efficient, organized manner while protecting the lands which clean our air, filter our drinking water and grow our food. The various Acts reflect the work of successive governments, and much consultation with citizens, municipalities, businesses and the development industry. Infrastructure such as sewage, public transit, and roads is a long-term game, and areas have already been identified where new businesses would best be situated. Stepping outside these plans seems a duplication, and could add significant costs borne by a municipality to service a given site. Has the government fully consulted with municipalities about the barriers they are facing to promote employment opportunities? Are there more finely honed ways of addressing some of these barriers?\n4)\tThe fact that public consultation is not required: many potential issues can be clarified and addressed through public consultation processes, leading to a plan more suited to an individual site and neighbouring interests, and reducing the potential for harm to public health and safety.\n5)\tThe rushed process of introducing this Bill: The comment period is short. Details needed to make a fully informed decision about the merits of the Bill, such as the \u201cprescribed criteria\u201d have not been provided. \"50 jobs\" is mentioned - are these full time? Part time?\nI suggest the comment period should be extended, public consultation absolutely must be mandatory, more specific and less invasive ways of addressing red tape should be sought. Consult with municipalities and townships to identify specific issues and more appropriate solutions.\n"
    },
    "17227": {
        "url": "/comment/17227",
        "comment": "\u201cRemove Schedule 10 from Bill 66, which allows municipalities to override provisions in the Greenbelt Act, Clean Water Act, Lake Simcoe Act, Oak Ridges Moraine Conservation Act and Great Lakes Protection Act.\nThe safety of our drinking water and the integrity of the Greenbelt should not be undermined by Bill 66. Schedule 10 compromises critical environmental protections and undermines public health. It should be completely stricken from the legislation.\n"
    },
    "17228": {
        "url": "/comment/17228",
        "comment": "I cannot believe that we are travelling back in time to the days of irresponsible environmental policies and even contemplating compromising the Green Belt and its integrity, softening our policies on pesticides,and poisons to the environment and our children.\nPlease put people and the future ahead of corporate interests or all of us will pay the price and it will be a steep one.\nOnce you take something apart it is mighty difficult to put it back together.\n"
    }
}