{
    "18607": {
        "url": "/comment/18607",
        "comment": "Although I recognise the importance of industry, I am concerned that this legislation may allow industry to bypass clean water and environmental policies that have been created for very good reasons. It is my hope that this government, and any legislation it passes, will promote Ontario's economic growth and development without compromising the cleanliness of our water or the sustainability of our environment. I trust that the government is aware of its obligations to future generations to leave them not only a functioning economy, but also a healthy environment. I trust that this government will no abdicate its moral and practical responsibilities in this regard and amend this legislation to address any  oversights pertaining to these matters that may be enclosed therein.\n"
    },
    "18609": {
        "url": "/comment/18609",
        "comment": "There is nothing to do with \"restoring competitiveness\" in the this bill at all. This is purely about de-regulating any and all development in the province. This bill bypasses virtually every environmental regulation in the province, which as a result, bypasses virtually every value citizens of Ontario hold dear with respect to the environment, in turn threatening our health, farmland, and natural spaces. For example\n- The Greenbelt in place to protect valuable and productive farmland from development, so that it can continue contributing to Ontario's agriculture and grown-in-province food that we all enjoy. Ontario has some of the most productive farmland in Canada but is also losing it faster than anywhere else in the country. How is making it more vulnerable supposed to benefit the province? What happens if this happens everywhere? Without any kind of limit on development of agricultural land there's a very good possibility that we could lose our most valuable farmland. Not to mention arable land is being lost all over the world, so we would be absolutely insane to let such a valuable resource not be conserved. Bill 66 would completely undermine our ability to preserve the resource and all the social AND ECONOMIC  values it generates\n- Drinking water protections would be bypassed, which would threaten the health of many Ontario residents. We have these in place to prevent contaminants that are difficult to treat in facilities from entering watersheds that we depend on for drinking water. Increased risk of contamination puts many communities health at risk and puts an even greater burden on our healthcare system. This could counteract any economic benefits accrued from development\n- Communities value ecological features and green space, as well as the biodiversity contained within. Bill 66 would allow for protected areas to be opened up to development, threatening many species within the province. Once destroyed, these places and spaces will not be able to be replaced, and it threatens communities access to green space and nature areas. The government however sees no value in opportunities for outdoor recreation, nature appreciation, and the value of species to the ecosystem, and instead would rather see more unsustainable development be places haphazardly on the landscape. Elimination of habitat for species threatens many more of Ontario's species at risk blindly. There are plenty of reasonable places for development, there is no need to place them on habitat of species a risk that are important for their ecosystems, and valued by the people of Ontario. It also fails to consider the necessity of natural spaces for providing services to humans such as pollination, pest control, and keeping watersheds contaminant free at no cost to taxpayers.\nThe government seems to see considering these when planning development as \"inefficiencies\". What reasonable government considers the values of its citizens as \"inefficiencies\"? Certainly not one that truly represents the people it governs. Therefore, I urge the government to reconsider bill 66 which will not improve Ontario in any substantial way. we already have robust policies to encourage the kind of business we want to grow in our economy, whilst also protect the ecological, cultural, and economic features on the landscape that we value. Instead, such a bill would only serve to benefit business, and not the people of Ontario, and would decrease our quality of life.\n"
    },
    "18612": {
        "url": "/comment/18612",
        "comment": "To whom it may concern;\nI have great concern about the proposed Bill 66.\nThe mere fact that this Bill directly attacks (yes, I'm using this term) the sections of the Clean Water Act(39) 2006, Greenbelt Act(7) 2005, Great lakes Protection Act(20) 2015 and thereby making them obsolete is a smack in the face of all the people and resources that went into making them. They were not created just to make development difficult, they were created with care and consideration of all parties involved, citizens present and future of this great Province. To have these provisions cast aside just to speed up development makes one head spin. Why? With unemployment at it's lowest in forty years, why try to speed up development at the cost of our natural environment? Has greed really taken us to this point?\nWater is critical to human survival. Opening areas that have been protected for the safety of our drinking water to development threatens our long term health and increases flood risks.\nBill 66 would allow municipalities to circumvent these important protections, and all without public consultation which is the bedrock of our democracy.\nOnce gone, farmland and natural areas are gone forever.\nIf you are truly a government \"for the people\", you will recall Bill 66.\nThank you,\nDerek\n"
    },
    "18614": {
        "url": "/comment/18614",
        "comment": "Once development takes place on the greenbelt, we will never be able to remove it. The ecological function of the greenbelt for the preservation of ecological function and biodiversity is absolutely critical and must be protected. I am vehemently against any type of relaxation of rules regarding development in the greenbelt.\n"
    },
    "18615": {
        "url": "/comment/18615",
        "comment": "Remove Schedule 10 from Bill 66, which allows municipalities to override provisions in the Greenbelt Act, Clean Water Act, Lake Simcoe Act, Oak Ridges Moraine Conservation Act and Great Lakes Protection Act\nMaintaining these protections is critical to the long term health and success of humans in this part of the world. The needs of business and the economy are secondary to the need for clean water, air, and food.\nFurther I would support any legislation that made it illegal for fresh water to be harvested from Ontario and bottled for sale.  Take a stand and protect our future.\n"
    },
    "18619": {
        "url": "/comment/18619",
        "comment": "Ontario is already open for business in case your were not sure of that fact.  I am a business owner and I'm not sure how giving our natural resources away to developers for some undisclosed benefit is just wrong and unfortunately not enough people are willing to say so.  If you want to do something positive with your power Mr. Ford find a constructive collaborative way to work with municipalities and environmental groups and businesses including developers to make Ontario a better place.  Hiding's behind written public messages and having back room meetings to figure out the best way to get money and public assets into the hands of your family and friends is a sad and pathetic approach to governing.  Even your brother may he rest in peace had more civic mindedness then you appear to.  You want to portray yourself as a tell it like it is guy why don't you finally tell everyone what you really want to do with the environmentally sensitive lands like the greenbelt.  Slowly encroach on it from its most vulnerable points till it is too late to stop the complete development.  I know you count on the majority of the general public's apathy but you are going to find that people are sick and tired of the lies of omission from the elected officials and not going to take it any more!!\n"
    },
    "18620": {
        "url": "/comment/18620",
        "comment": "Remove Schedule 10 from Bill 66, which allows municipalities to override provisions in the Greenbelt Act, Clean Water Act, Lake Simcoe Act, Oak Ridges Moraine Conservation Act and Great Lakes Protection Act. Growing the economy is a good thing and a key responsibility of our government. However, if we recklessly eliminate and override legislation passed with the intention of preserving our environment without putting new, substantive legislation in it's place, then those efforts not only jeopardize our planet, but also the long term sustainability of our economic business. We cannot afford to sell our present if we do not have any meaningful plans to preserve our future. Industrialization cannot be reversed.\n"
    },
    "18621": {
        "url": "/comment/18621",
        "comment": "Please remove Schedule 10 from Bill 66, which allows municipalities to override provisions in the Greenbelt Act, Clean Water Act, Lake Simcoe Act, Oak Ridges Moraine Conservation Act and Great Lakes Protection Act. These provisions are important protections against costly and environmentally destructure urban sprawl, and need to be retained. Municipalities should not be given the authority to override them, especially with the lack of safeguards in this schedule.\n"
    },
    "18623": {
        "url": "/comment/18623",
        "comment": "Our family was devastated to hear this proposal and I ask that schedule 10 be removed.  We do not want to see the environment and green spaces sacrificed in the name of \u201cbeing open for business\u201d.  There are so many vacant business properties that can be repurposed for industry and many options outside these protected areas.  People value the greenbelt and environmentally protected spaces where development is restricted.  Many have moved to areas around the greenbelt and similar areas so they can enjoy it through passive recreation.  These areas add to our tourism and recreation industry while protecting species, farm land, wetlands and unique  geological areas. Bill 66 Schedule 10 is a dangerous weapon of destruction.  We need to protect these areas for future generations. We need to ensure there are no fast tracks and ways to avoid thorough analysis before the bulldozers make their way through protected forests.  We need to maintain a process that hears from the experts before development.  We need to protect  the few natural spaces left for wildlife and for all people to appreciate.\n"
    },
    "18626": {
        "url": "/comment/18626",
        "comment": "Hello,\nI am writing you today to let you know that I am totally opposed to you weakening any environmental laws around the Greenbelt in Ontario. Any business development in the province has lots of options for land before taking over protected areas. The Greenbelt is currently home to 5,500 farms, 78 species at risk and 102 million tonnes of carbon storage and needs further protection rather than any sort of development. We do not need it to be taken up with factories or further urban sprawl. We need to be creatively looking at further in fill of existing cities and towns as enough green space and farm land have been taken over. I believe that our communities, businesses and government have what it takes to develop and implement far more creative and sustainable solutions for development. Opening up protected land for development lacks strategic leadership and vision and appears as inappropriate submission to the demands of businesses and investors.\n"
    },
    "18628": {
        "url": "/comment/18628",
        "comment": "Please - Remove Schedule 10 from Bill 66, which allows municipalities to override provisions in the Greenbelt Act, Clean Water Act, Lake Simcoe Act, Oak Ridges Moraine Conservation Act and Great Lakes Protection Act. There are very few green spaces in southern Ontario. We must do everything in our collective to power to protect and nurture Ontario's Greenbelt. Thank you.\n"
    }
}