{
    "20212": {
        "url": "/comment/20212",
        "comment": "I am opposed to the proposed provisions in Schedule 10 of Bill 66 which basically allows businesses\nand developers to sidestep acts which have been implemented to protect the safety of water sources\nenvironmentally sensitive areas and farmland. These acts are not \" Red Tape\"! These have been enacted to create\na fair, sensible and ordered way to develop our economy without sacrificing such vital  resources as\ndrinking water,  clean air and agricultural land. The excuse of creating jobs is rather bogus! There is no great urgency for\njob creation right now! The Ontario economy is booming: the jobless rate is at an all time low and many\nbusinesses cannot fill vacancies in their work force! This proposed act has all the characteristics of a backroom deal with developers and big business: It is also not fair to small business. I don't object to growth: That is inevitable, but it must be done in a fair way that continues to protect our air, water and land.\nYou cannot eat, breathe or drink money! Once the farmland, the drinking water sources and the clean air is gone it it gone! If you need more tax revenue, start making large corporations pay their fair share.\nRemember Walkerton!\n"
    },
    "20214": {
        "url": "/comment/20214",
        "comment": "Please reconsider this bill.  It does not protect small rural towns from being taken advantage of by big buisness in terms of contaminated fill.  Small towns will be the targets of rich businesses looking to dump contaminated soil and can not afford to fight them or stop them.\nDevelopment is good as long as there is built in infrastructure like rapid transit.  Grow the southern GTHA areas but do not hinder the smaller northern parts of the GTHA, rather help them by funding infrastructure projects like roads and culverts.  The green belt helps offset huge amounts of carbon gasses, once it\u2019s gone it\u2019s gone.  I am a card holding conservative, however this bill if passed as it intends to will change my vote come next election.\n"
    },
    "20216": {
        "url": "/comment/20216",
        "comment": "Please see letter attached\n"
    },
    "20218": {
        "url": "/comment/20218",
        "comment": "I am extremely concerned that the passing of Bill 66 will allow large industrial developments to be shielded from LPAT appeals. Currently, our air, soil, water and forests are protected. If this bill is passed, legislation such as the Growth Plan for Northern Ontario and the Clean Water Act could be ignored. Also, there would be no means for taxpayers to appeal approved projects. In the past, without environmental regulations, the Sudbury basin was treated as a dumping ground for toxic waste and the city was a bleak expanse of black rock.\nI believe that Bill 66 puts economic concerns before people and does not include community engagement and public consultation. To that end, I strongly oppose the passing of this bill.\n"
    },
    "20219": {
        "url": "/comment/20219",
        "comment": "Proposed Bill 66: Restoring Ontario's Competitiveness Act is BAD for our environment, our water, our air, our health.\nBill 66 represents an unprecedented and unacceptable attack on legislative provisions which currently safeguard environmental quality and public health and safety throughout Ontario.\nCanadian Environmental Law Association (CELA).\nWhat You Need to Know (Source: Ontario Nature).\n1. It affects every municipality in Ontario. Bill 66  allows municipalities across the province to create \u201copen-for-business by-laws\u201d that would trump critical legal requirements to protect water, natural heritage, farmland and human health and well-being. These bylaws would take precedence over municipal official plans.\n2. It threatens drinking water across Ontario. Open-for-business by-laws would override policies in approved source protection plans intended to protect existing and future sources of municipal drinking water from threats such as landfills, sewage systems and improper handling of fuel, manure and pesticides.\n3. It threatens wetlands, woodlands and habitat for species at risk across Ontario. Open-for-business by-laws would circumvent protections for these important habitats and species set out in the Provincial Policy Statement (PPS) under the Planning Act.\n4. It threatens farmland across Ontario. Open-for-business by-laws would bypass\nagricultural protections set out, for example, in the PPS. This could lead to more urban sprawl.\n5. It threatens two million acres of natural areas and farmland across the Greenbelt.\nOpen-for-business by-laws would override protections for natural heritage and farmland set out in the Greenbelt Plan and the Oak Ridges Moraine Conservation Plan.\n6. It threatens freshwater and the ecological health of the Lake Simcoe watershed. Open-for-business bylaws would trump requirements set out in the Lake Simcoe Protection Plan.\n7. It would undermine efforts to make Ontario communities more livable, sustainable and resilient. Open-for-business by-laws would override PPS policies supporting active transportation, affordable housing, green infrastructure and climate resiliency.\n8. It would compromise transparency and public engagement. Contrary to current\nlegal requirements (Planning Act, Clean Water Act), the by-laws could be passed without\nany prior public notice, behind closed doors.\n9. It would leave citizens without recourse. Community members would not be able\nto appeal open-for-business by-laws to the Local Planning Appeal Tribunal.\n10. It threatens human and wildlife health through increased exposure to toxic\nchemicals. Bill 66 proposes to repeal the Toxics Reduction Act, which requires certain\nindustrial facilities to consider ways to reduce the use and emission of toxic chemicals in\ntheir operations. https://ontarionature.org/bill-66-facts/\n"
    },
    "20220": {
        "url": "/comment/20220",
        "comment": "I disagree with the act and believe it is a major step backwards for the protection and health of our children, our land and our water. Yes, this might create jobs, but through countless evidence and history we KNOW that loosening regulation only leads to more destruction of our precious environment and farmland. I would hate to drive down the 401 or other highways just to see development destroying green space and farmland for the sake of \"business.\" Who will this benefit in the end, if we're left with less nature to call home?\nAll these acts are intended to protect us, and we will only follow behind many countries who seem to understand that they need to project their natural resources - not make it easier for businesses and corporations to rip it up in the name of money.\n"
    },
    "20223": {
        "url": "/comment/20223",
        "comment": "Drinking water and the environment is important for me. It represents the future and our responsibilities to our children. Any policies that go against the interests of our future generation should not be implemented. As the ruling government, it is your responsibility to protect these interests and ensure that we have a future. Do not let the greed of the presents take away our drinking water, our green spaces and our future.\n"
    },
    "20227": {
        "url": "/comment/20227",
        "comment": "Section 10 of Bill 66 undermines decades of legislation by all of previously elected governments.  It is undemocratic by doing away with any public consultation prior to bi-laws being enacted.\nIt  clearly removes the protection for green spaces, wildlife and agriculture.  Bill 66 removes any requirements to protect our clean drinking water, lakes,  the land and waterways against chemical contamination by factories.   It will remove  public protection to accommodate developers.\nAllowing this Bill will decide health, climate, water and food safety issues for Ontarians for generations to come.\nOnce the environment is irreparably compromised, we cannot bring it back.  We need clean air and water, food security, and green spaces and so will future generations.\n"
    },
    "20232": {
        "url": "/comment/20232",
        "comment": "Regarding Schedule 3..\nI am against removing restrictions on home-based child care.  Lowering the standards and allowing more children per adult is reckless.  Too many little ones in one place are difficult to manage.  Has not a child died because of overcrowding??\nIt is obvious this government is intent on lowering standards all over the place.  What about the fall-out?\nSure you appease certain people, but at what cost?\nAnd if anywhere in this budget there is a proposal to carve into \u2018Green Space\u2019, shame on you.  Our natural environment, untouched by man is by far one of our most valuable assets.\nWe cannot sacrifice the well-being we derive from nature.\nHaven\u2019t we damaged enough already in the name of progress or is it greed?\nStop lowering the standards of this province.  It is damaging and demoralizing.\n"
    },
    "20235": {
        "url": "/comment/20235",
        "comment": "The Greenbelt must be protected from development, completely. Once it\u2019s been developed it can\u2019t be returned to it\u2019s natural state, which is of vital importance to Ontario. The regulations that this bill aims to eliminate aren\u2019t redundant, they are integral to protecting our environment and our health. I urge all responsible to vote against this irresponsible and short-sighted bill.\n"
    },
    "20236": {
        "url": "/comment/20236",
        "comment": "I am opposed to Bill 66 in its entirety. This bill intends to override or repeal many policies previously enacted for the protection of the health, safety and legal rights of Ontario\u2019s citizens. This bill favours the economic interests of employers and corporations (including foreign-owners and non-residents) over the very people who voted for this government to represent us! Of particular concern are the provisions that no longer require public input or even notice of proposed changes. In my view, this incredibly undemocratic.\nScrap it.\n"
    },
    "20237": {
        "url": "/comment/20237",
        "comment": "The changes proposed in Bill 66 directly contradict statements that the Conservatives government under Doug Ford will protect the Greenbelt. What Ontario does not need is more urban sprawl.\nUrban sprawl directly effects both human and environmental health an is more expensive in the long-run to support in terms of infrastructure. The only individuals who benefit from urban sprawl are the developers and those that they employ. This is a short sighted affront to logical and thoughtful planning in Ontario.\nOf course, you are aware of this and, instead of considering the very real long term impacts on the citizens of Ontario, will no doubt let the short term windfall of a select and privileged group carry the day.\nEnvironmental health and its total destruction is already the legacy of our generation. Those before us didn't know about the consequences and those after us will be too late to stop it. We sit at a tipping point, and Bill 66 represents just one of many ill-fated policy decisions that we will come to regret when our children ask us how we could have been so greedy. It takes real courage to change the course and it is time that \"competitiveness\" was the main consideration in our policy decisions.\n"
    },
    "20238": {
        "url": "/comment/20238",
        "comment": "I am strongly opposed to Bill 66! The Ontario government has vowed to protect the Green Belt indefinitely, why is it being opened up for development? This only benefits land developers and big businesses but it's putting everyone at risk. Not only will it put human health at risk, it's also going to threaten our fresh water, the ecological health of our environment, important green space and habitats for animals. This Bill is a very bad idea and needs to be dismissed immediately. As an Ontario resident and taxpayer of 38 years, I am extremely upset that such a bill would even be introduced in the first place. Ontario is known for its Green Belt and it is the duty of our Government to continue protecting it and not buckle to pressure from big industries.\n"
    },
    "20243": {
        "url": "/comment/20243",
        "comment": "In its current for, I absolutely:\n\u2022\tOppose Bill 66 \u2013 Schedule 10\n\u2022\tOppose the open-for-business planning Tool\n\u2022\tOppose the New Regulation under the Planning Act for open-for-business planning tool\nThe potential damage of Bill 66 \u2013 Schedule 10 and the associated open-for-business planning tool and new regulations go far beyond the obvious threats to public health if The Clean Water Act is no longer prioritized. The Bill, Tool, and New Regulation can undo decades of valuable legislation and directly contradicts the government\u2019s own future plans. Biodiversity will decline further and efforts to restore habitat and reduce pollution will be seriously impinged. The damage done has the potential to escalate over time due to human nature and will reduce the liveability and sustainability of communities in Southern Ontario.  The Ontario Government must withdraw Schedule 10 from Bill 66 and withdraw the open-for-business planning Tool and its associated New Regulation under the Planning Act.\nThe effort, time, expertise, and public consultation that went into developing regional plans exemplifies thoughtful, democratic regional planning that must be respected. For example, to develop The Oak Ridges Moraine Plan, an advisory panel of 14 stakeholders, an inter-ministry team of senior government officials, four public consultation forums involving 2000 people, approximately 1200 written submissions eventually led to the regulations recognized today in numerous other planning documents and all local official plans. (Ontario, 2018). Similar processes have been followed for almost two decades to create other legislation so that planning decisions within local municipalities are compatible regionally and are based on ecology, sound research, and public engagement. Schedule 10 of Bill 66 was not the result of consultation and was announced strategically to minimize the ability of citizens, organization, and municipal governments to appropriately respond. It authorizes municipalities to create bylaws to allow job-creating developments to occur that do not meet the purposeful and beneficial constraints of nine Acts and potentially additional provisions. This completely undermines the purposes of these Acts and creates unfair discrepancies in obligations between properties. The Canadian Environmental Law Association provides a thorough explanation, in plain language, of exactly what provisions from these Acts can be ignored for the potential benefit of quick approval and as few as 50 jobs. (Lintner, 2018) These Acts were specifically created for the conservation of land and water that provide valuable ecosystem services, protect biodiversity, and help with climate change adaptation and mitigation, for increasing liveability and sustainability of growing communities, and for safeguarding the health of the residents of Ontario. Schedule 10 directly conflicts with Dufferin County\u2019s Official Plan (2.0, 2.1, 2.2, 3.3.1 (a)) and the Conservative\u2019s own Ontario\u2019s Environment Plan, \u201cto continue to protect and identify vulnerable waterways and inland waters\u2026and continue to implement the Lake Simcoe Protection Plan\u201d (p.13) and, \u201cprotect and enhance our natural areas, support conservation efforts, continue to conserve species at risk, develop adaptation strategies, and promote the importance of healthy natural spaces for future generations to use and enjoy\u201d (p. 46). It also clearly states, \u201cThe Ontario government is committed to protecting the Greenbelt for future generations.\u201d (p. 48). Allowing development according to Schedule 10 and the Planning Tool does not demonstrate any such commitment.\nThe ecosystems of the Greenbelt and the proposed expansion need more protection, not less. The primary threat to the 97% of the 78 provincially listed species at risk that live on the Greenbelt is loss and fragmentation of habitat (David Suzuki Foundation & Ontario Nature, 2011). Many species require intact expanses of forests, but some are still able to survive if corridors of natural spaces are protected and expanded so that species can migrate and fulfill their needs throughout all parts of their lifecycle. To this end, virtually all conservation authorities work extensively to restore forest, meadow, and aquatic habitat, engage landowners through education programs and planting programs to restore private land, and engage youth through education and volunteer experiences. Credit Valley Conservation has planted nearly 6 million trees in their history. (CVC Foundation, 2017) Many other organizations, community groups, and private landowners (myself included) also work hard to expand and improve local ecosystems. Schedule 10 and the Planning Tool will completely undermine and will likely undo many of the improvements made in local ecosystems by removing pockets of habitat and increasing fragmentation. The ecological restoration work benefits humans too by improving water quality, absorbing excess rainfall, and reducing temperatures. For mental and physical health, people need access to nature. Irresponsible development will push natural spaces farther away from the communities that need them most. Already there are high school students who think the few trees near the school fence or along a local creek are a forest.\nIf there exists an opportunity to take shortcuts and profit whatever the cost to the environment, too many people will not hesitate for a moment and Southern Ontario will return to a low density sprawl model that is clearly flawed. Municipal Councils and the Province itself are already under tremendous pressure from developers and speculators to open protected land, even without Schedule 10 and the associated Planning Tool. In the 2017 Greenbelt review process, there were over 650 requests to remove land from protection, totaling a land area of almost 11,000 Ha. (Greenbelt Alliance) (interactive map at https://www.google.com/maps/d/viewer?mid=1PbYE-LkNpKxDQwlrw_yNu3E8KM&ll\u2026 ). Fortunately, the province refused these requests. Schedule 10 and the Planning Tool will remove this level of due process and allow development to occur in a haphazard and sprawling manner. Although many municipalities have already stated their opposition, the existence of such an easy route to development will eventually, or very quickly, lead to intense lobbying that some councils will succumb to. Development approvals with no opportunities for comment and no opportunities to appeal remove democratic citizen engagement. The jobs that these sites are required to provide will not be accessible to people without cars because they will be beyond the reach of town and city transit systems. Transit becomes efficient and cost effective for municipalities and a viable option for commuters when densities are high enough to justify frequent service. If commuters can live close to their workplace in complete communities, they may also be able to commute by bicycle and cycling infrastructure can effectively be incorporated into city design. In a time when the region has been trying to focus on improving transit and encouraging active transportation to reduce traffic congestion and carbon emissions, a mechanism to encourage sprawl is catastrophic.\n"
    },
    "20244": {
        "url": "/comment/20244",
        "comment": "It is with profound concern that we learned of your proposed changes to processes that are in place for municipalities.  We understand your identifying the need to reduce red tape which on the surface is a great ideal. However specifically with regards to building in our environmental areas, and the protections that exist for our green belt and our watersheds, we strongly express our disagreement with Bill 66. There are reasons that those that are learned in environmental protections are so strongly opposed to this bill because it has the potential to destroy forever our lakes, rivers, streams, farmland and natural spaces. I\u2019ll gladly have our municipalities have to check a few more boxes at my expense to protect these areas. As a water well driller in Ontario, our livelihood relies on protecting our environment. We have to follow very specific guidelines in all of our work to protect drinking water and watersheds. If we have to follow the procedures, then so should our municipalities. Please revisit this Bill and correct the glaring dangers in contains.\n"
    },
    "20245": {
        "url": "/comment/20245",
        "comment": "Dear Mr. Ford,\nI respect your plans to remove inefficiencies in government and make Ontario open for business. However, I ask of you and your Ministry to please do not do implement these plans at the cost of the environment.  Our economy, our health, our vitality is all literally founded and hinged on the health and quality of the environment. Without a healthy sustainable environment, nothing can exist. This is why you cannot compartmentalize the 'environment' the same as everything else (economy, heath, transportation, planning, social justice, etc.). Everything is founded on the environment - it is a part of everything, not apart from it. Surely you are a wise person and you know and respect this. I am a business person as well, but yet even I understand this fundamental principle. We can no longer afford or allow business to move forward with no regard for protection of the natural environment (air, land, water, plants, animals). The degradation of the natural environment, inevitably will be the degradation of human life. Doug, I don't believe you or the Conservatives want to be remembered for lending to the degradation of nature and human life?\nRemove Schedule 10 from Bill 66, which allows municipalities to override provisions in the Greenbelt Act, Clean Water Act, Lake Simcoe Act, Oak Ridges Moraine Conservation Act and Great Lakes Protection Act.\u201d\nOR, at the least, implement the following:\n1. Amend and/or make it clear that the Schedule 10 provisions only apply to existing built-up / urbanized areas to encourage infilling / brownfield development; and/or,\n2. State that the natural heritage polices and requirements for protection of the environment (air, land, water, plants, animals) within the applicable legislation (e.g. Greenbelt Act, Lake Simcoe Protection Act, etc.) will still be required to be adhered to.\n"
    },
    "20247": {
        "url": "/comment/20247",
        "comment": "I oppose Bill 66.\nThis is a wide sweeping Bill that is trying to be pushed through quietly and quickly.  There is so much to comment on.  It is contrary to election promises (protecting the Greenbelt, providing a government that is transparent and accountable). It backtracks on recent Acts, including PC initiatives. It doesn't serve it's purpose, nor is it necessary. It puts children and elderly at risk. It is a setback on environmental regulations. It is an attack on worker's rights.  Most importantly it is dangerous. So, where do I to start?\nThe most dangerous part of the Bill is that it removes protections in the Clean Water Act.  This puts our health and our lives in danger. The Clean Water Act was established after thousands of people got sick and seven people lost their lives in Walkerton. Protective measures are needed to ensure we have safe drinking water and prevent further tragedies.\nAs someone who cares about the environment, I am appalled at the risk of losing significant green spaces such as the Greenbelt Plan, Oak Ridges Moraine, and Lake Simcoe lands that are directly mentioned as being opened for development. These lands are necessary to help naturally filter our drinking water and have valuable farmlands that give us food security.\nNot having to use unionized workers on public sites and requiring workers to work significant amounts of overtime without overtime pay is rolling back worker's rights and is simply not right.\nIncreasing the ratios of childcare and changing long term care puts children and seniors at risk.\nThere is so much wrong with this Bill, and so many reasons to oppose it.\n"
    },
    "20249": {
        "url": "/comment/20249",
        "comment": "My comments concern Schedule 10 of the proposed Bill 66, \u201cRestoring Ontario\u2019s Competitiveness Act\u201d.  I am writing as a professional working in the field of land use planning and environmental consulting, and I submit these comments with this experience and knowledge in mind.\nAs written, Schedule 10 significantly changes the land use planning process in Ontario, often in ways that seem designed to limit public participation in the planning process.  I understand that the \u201copen-for business planning by-law\u201d (OFBPBL) is designed to allow municipalities to act quickly in the interest of attracting new businesses and potential employers to an area.  Given that there can be significant costs to municipal taxpayers in servicing employment lands that are not adjacent to existing communities, and given the broad suite of provincial policy, legislation, and regulation that this OFBPBL allows municipalities to disregard, it seems like there is ample justification for public consultation around these important decisions.\nWhat does the Province see as the justification for not requiring public consultation, or even notification, around the decision of a town or city to request approval of an OFBPBL from the Province? Does the Province believe that public input into the OFBPBL request itself constitutes \u201cred tape\u201d?  The OFBPBL, as conceived, is a powerful legal instrument, and municipalities should absolutely be required to notify the public when considering its use.\nFurthermore, the problem that the OFBPBL was intended to address, namely that municipalities require access to additional employment lands beyond the existing supply, seems to have no factual basis.  This is underscored by a 2017 report by the reputable Neptis Foundation (see supporting links), who found that over 125,000 hectares of land were available to accommodate housing and employment in the Province to and beyond 2031, the large majority of this supply being lands already designated as greenfield.  I have also not seen any evidence that the Province consulted municipal governments in a meaningful way about the specific burdensome requirements that they might hope to rectify within the current planning legislation framework.\nWhat, then, is the explanation for the major revisions to the Planning Act proposed under Bill 66? Could it be that development interests would like to capitalize on land holdings outside designated greenfield lands that cannot be developed under the existing legislative framework? The perception among everyone who has taken the time familiarize themselves with Schedule 10 is that the Ford government is catering to development interests to a degree that is unprecedented in this Province and, frankly, embarrassing in its brash transparency.\nWhile the Province might hope that the expedited creation of employment lands in this manner would lead to more prosperity for Ontarians, the risks inherent to use of the proposed OFBPBL are immense.  Haphazard development of the Greenbelt and rural communities would lead to greatly increased costs to municipal taxpayers in the form of servicing and transportation infrastructure.  Furthermore, the creation of an avenue for municipalities to ignore carefully prepared plans to protect drinking water seems especially ill-considered in light of the Walkerton Tragedy, and also considering the extremely mild restrictions on land use activities (where and what) embodied in the source water protection plans.  Finally, there are the myriad legal issues that a municipality may face in seeking to use an OFBPBL while maintaining conformity with the existing planning framework, as identified in a recent legal analysis by the Canadian Environmental Law Association (see supporting links).  There is real potential that this mode of opening new lands for employment leads to increased confusion, and associated cost and time in finding a solution through litigation. The Oak Ridges Moraine Conservation Act and Plan were not only designed to help conserve natural heritage in the Province, but also to provide clarity and a common understanding to all parties, thus facilitating the development process in this area.\nRecommendation: If the Province sincerely wishes to help municipalities restore competitiveness by attracting new employment, they would do well to remove Schedule 10 from Bill 66, in its entirety, and seek a longer and more meaningful consultation with municipalities and the general public.  The instrument of the OFBPBL is extremely blunt and ill-considered. This government may not be able to anticipate all of the consequences such an approach would lead to, and would be better off seeking to change or modify the underlying acts to address perceived challenges than simply creating a route to by-pass so many important pieces of legislation, which is liable to increase confusion among developers, municipalities, and regulatory bodies, and the corresponding potential for drawn-out litigation.\nI ask that the Province live up to Doug Ford\u2019s promise made during the 2018 election that the Greenbelt will not be \u201copen for development\u201d. This government should not tarnish the Ontario PC party\u2019s vision and legacy in creating the Oak Ridges Moraine Conservation Act.  Bill 66 is an extremely important issue to me, my community, and my professional associations, and we will be watching this issue closely as the Province considers the feedback received and brings the bill up for a vote in the legislature.\n"
    }
}