{
    "18985": {
        "url": "/comment/18985",
        "comment": "Remove Schedule 10 from Bill 66, which allows municipalities to override provisions in the Greenbelt Act, Clean Water Act, Lake Simcoe Act, Oak Ridges Moraine Conservation Act and Great Lakes Protection Act.\nRemove Schedule 5 so that toxins released into the air; water and ground can continue to be monitored and environmental laws are enforced\nor better yet, Scrap Bill 66 and start over; working with and not against the interests of the people of Ontario to live in a healthy and safe environment where government is the watchdog to prevent destruction of our most valuable resources and supporting our Transition into a New Sustainable Economy\n"
    },
    "18986": {
        "url": "/comment/18986",
        "comment": "As a person who deeply values our beautiful province I am requesting that you do not allow this to go through as it is. We need regulations in place to protect our water/farmland/wetlands/forests. To allow less regulation is a sure fire way to lose even more of our healthy environment and support more urban sprawl and disregard for the land!!!\n"
    },
    "18991": {
        "url": "/comment/18991",
        "comment": "January 17, 2019\nIntergovernmental Policy Coordination Unit\nC/o Michael Helfinger\n900 Bay Street, Hearst Block, 17th Floor\nToronto, ON M6H 4L1\nDear Sir,\nRe: \tComments from the City of Brantford: ERO posting 013-4125, 013-4239, and   013-4293\nRelated to: \u201cBill 66, Restoring Ontario\u2019s Competitiveness Act, 2018\u201d\n______________________________________________________________________\nThank you for the opportunity to provide comments on ERO posting 013-4293 \u201cBill 66, Restoring Ontario\u2019s Competitiveness Act, 2018\u201d as well as related ERO postings 013-4125 and 013-4239. Unfortunately, in light of the tight deadline for comments as set out in the ERO postings, we are not able to provide you with an official resolution or comments from City of Brantford Council.\nPlanning Staff will be presenting a Report to Council in early February, after which time, the City\u2019s official comments will be forwarded to you directly.  This is the earliest this matter may be considered and we would appreciate it if you would accept the comments from the City of Brantford Council at that time.\nI hope this is of assistance and if you have any questions or would like to discuss further, please feel free to contact me at 519-759-4150, ext. 5488, or via email at:  pmoore@brantford.ca.\nYours truly,\nPaul Moore, MCIP, RPP\nGeneral Manager\nCommunity Development\nCity of Brantford\ncc. \tMayor, Kevin Davis\n\tMPP, Wilem Bouma\nDarryl Lee, CAO\nCharlene Touzel, City Clerk\nScott Oliver, Manager of Community Planning and Development, MMAH Western Municipal Services\n"
    },
    "18996": {
        "url": "/comment/18996",
        "comment": "Re: Bill 66\nObject to this bill, especially Schedule 10.  This bill has been described as an MZO on steroids.  Question why any Provincial government would give any municipality the option/chance to override fundamentally important protections for the citizens of Ontario.  Source Water Protection should never be negotiable.  This bill does not give governments \"tools\" for planning, but rather opens the door to increasing interference with and eroding of regulatory protection.  Once one concession occurs, it is a slippery slope to more.  This can be seem now with amendments to Official Plans and past OMB hearings.  Future proponents claim precedence.  It would be chipping away vital protections.  The Greenbelt Act protects from this happening.  The argument that room is needed for growth is also a non-starter as there are ample white lands available.  Any specific complaints about existing approval processes with NEC etc. could be addressed and remedied, rather than be swept up in a nebulous, omnibus bill with such sinister undertones.  Some municipalities were not sure if the \"opted out\" whether the Province could override their decision.  Also, even if a current government \"opted out\" there was nothing to stop future ones from implementing Bill 66, or from a future turned down proponent appealing directly to the province.  The bill subverts regional government and puts too much power in the hands of the Minister of Municipal Affairs and Housing.\nThe Greenbelt has been described as the heart and lungs of southern Ontario.  Along with the Oak Ridges Moraine and the Lake Simcoe watershed hundreds of thousands of people rely on it for their drinking water.  It is a source of vast tourist, recreation and farm income for municipalities and by extension, the province.  It mitigates climate extremes, protecting against flooding and drought.\nGovernments of all levels should also bear in mind that in the late 1990's, cutbacks in the name of efficiency and red tape reduction produced one of the greatest tragedies Ontario has seen; Walkerton.  The Conservative Mike Harris government was blamed for not regulating water quality and not enforcing guidelines put in place after water testing was privatized in October 1996 to save money and reduce regulation.  Key recommendations of the Walkerton Commission were Source Water Protection and a multi barrier approach.  The Clean Water Act, Great Lakes Protection Act, The Greenbelt Act, Lake Simcoe Protection Act, Oak Ridges Moraine Conservation Act can all be considered a legacy of that tragedy.  Make no mistake, Bill 66 is a direct threat to these safeguards.\nThe final problem with Bill 66 is the total lack of transparency and public consultation.  The public has no right, and no say in any matter passed under this bill.  One would only find out after the fact, and there is no appeal.  THIS IS NOT DEMOCRACY.  At a recent Town Council, there was a public consultation regarding an Official Plan amendment that would allow an asphalt plant.  It may have been a noisy, sometimes tedious affair, but, it was a vital, fundamental right for the public to know and be heard.  It is already too easy to amend an \"Official\" Plan; there sometimes seems to be very little \"official\" about them.  Acts, like the Greenbelt Act prevent this undermining.  Imagine how it would be under Bill 66?  A very frightening thought.\n"
    },
    "18997": {
        "url": "/comment/18997",
        "comment": "I concur with the Canadian Environmental Law Association (CELA) when they state that \"Bill 66 represents an unprecedented and unacceptable attack on legislative provisions which currently safeguard environmental quality and public health and safety throughout Ontario.\"\nI am also worried when I hear that City of Hamilton Planning Staff Staff \"have reviewed the proposed legislation and have a number of concerns, including a lack of need for the tool in Hamilton, potential unintended consequences from the tool, concern over potential impacts arising from exemptions to the Greenbelt Act and Clean Water Act, a lack of information on the proposed Regulation and prescribed purpose, and general questions on implementation.\"\nAs an urban geography professor and Hamilton resident, I am aware of the multiple benefits that a protected and intact greenbelt offer for GTHA residents. Putting the greenbelt at increased risk of development is not necessary for urban growth and is potentially dangerous to environmental and human health.\nI urge Ontario's leaders to reject Bill 66.\nThank you.\n"
    },
    "19001": {
        "url": "/comment/19001",
        "comment": "I am a life long Ontario resident. We have a balance of city and countryside that can be accessed with a 30 minute drive north. I've watched my suburban town grow larger and larger...green spaces lost over and over, the sprawl of people making our towns busier and busier. We need retreat and the animals deserve their homes respected. Since the development of the 407 I have seen more and more wildlife spilling into suburban areas due to the devastation to their homes that we now pay to drive on...and that money doesnt even stay in Ontario. DONT MAKE IT WORSE! MAKE IT BETTER. PROTECT THE GREEN BELT!!!\n"
    },
    "19003": {
        "url": "/comment/19003",
        "comment": "I'm asking the Government of Ontario to Remove Schedule 10 from Bill 66, which would remove protection from the Greenbelt and other green spaces like the Oak Ridges Moraine.\nThese protected areas are absolutely critical to our local ecosystems, our local farmers, and possibly most importantly, the wellbeing and mental health of local taxpayers, who know that clean natural spaces are only minutes away and will not disappear.\nI do not understand how removing this protection will do much to further \"economic development\" in the Province. Growing communities such as Guelph still have plenty of options for expansion and growth - the economy would be FAR better served with practical improvements to transit and commuting options than opening up critical greenspace for housing or industrial development.\nPlease do your part and remove Schedule 10.\nThank you.\n"
    },
    "19005": {
        "url": "/comment/19005",
        "comment": "I would like you to delete section 10.\nSince moving to Whitby in 2001 from Montreal, I am committed to protecting the water table from the Moraine.  I was totally unaware of it when I first came here.  What I was aware of though is the growth northward of Whirby, Ajax and Oshawa.  I drive from Lakeridge Road eastward on Taunton an see more and more agricultural land being turned into new builds.  I am not against building, if it had not been for development  I would not be living in Whitby.\nBut greed usually tops what is best for us in so many facets of our lives, and development is no exception.\nAllowing overrides by Municipalities to the GreenBelt act willl allow for too much temptation to rationalize decisions that will hurt our water table in the future.\n"
    },
    "19007": {
        "url": "/comment/19007",
        "comment": "I would to voice my concern about taking away protections for the Green Belt. There always has to be a sensible balance between business and environmental concern. I also believe we need to keep land in reserve for future generations. We need air, water and food protection to insure our basic human survival needs. No newly elected government should be changing a long term investment without deep and long considered examination of needs, priorities and scientific proofs.\n"
    },
    "19011": {
        "url": "/comment/19011",
        "comment": "Please do not allow municipalities to override Greenbelt protections. I ask you not to adopt Bill 66. I am a resident of Barrie-Innisfil, and every day our local municipalities are destroying prime farmland and forest to support urban sprawl. The Greater Golden Horseshoe plan has enabled and encouraged this sort of wonton environmental destruction, and Bill 66 will make this even worse. Please protect and expand our Greenbelt.\n"
    },
    "19012": {
        "url": "/comment/19012",
        "comment": "ERO # 013-4293 input on Bill 66, Restoring Ontario\u2019s Competitiveness Act\nAs a farm operator and forest landowner, I am writing to the Premier and Government of Ontario to ask that you keep your promise to protect the Greenbelt, call back the Ontario legislature and introduce a new Bill 66 that stops the destructive and misguided attacks on the Greenbelt, Oak Ridges Moraine, Lake Simcoe, Source Water Protection Areas and other important farmlands, forests, wetlands and natural areas.\nDuring the election campaign, you promised to protect the Ontario Greenbelt Plan and recently released a \u201cMade in Ontario\u201d Environment Plan making the same commitment to the people of Ontario. Bill 66 as proposed, related deregulation and Section 10 will undo the beneficial land use policies that guide smart communities.\nProvincial and municipal data show there is enough land already available in our towns and cities for our housing needs up to 2041. There is also a surplus of land for new businesses and we should be encouraging investment in these areas with strategic marketing not urban sprawl. By building within existing towns and cities throughout the Greater Golden Horseshoe we can increase the supply of affordable housing and jobs in existing serviced communities while holding urban boundaries firm.\nProtected farmland supplies local food and enhances food security at a time when prices are rising and supplies from other countries are being threatened. Farming and our local food production are economically important and provide jobs to thousands. Urban sprawl into farmland destroys farm businesses and farming communities.\nClean and abundant water is critical to both human and nature survival. Opening areas that have been protected for the safety of our drinking water to development threatens our environmental health, increases flooding, erosion and drought.\nForests, wetlands, natural areas and farmlands also provide healthy habitat for wildlife, sequester carbon, mitigate the effects of climate change, provide rural business and recreation opportunities and clean our air constantly and naturally.\nFarmlands, forests, water and natural areas disappear forever in urban sprawl. Keep your promise to serve the people with integrity!!!\n"
    },
    "19014": {
        "url": "/comment/19014",
        "comment": "\u201cRemove Schedule 10 from Bill 66, which allows municipalities to override provisions in the Greenbelt Act, Clean Water Act, Lake Simcoe Act, Oak Ridges Moraine Conservation Act and Great Lakes Protection Act.\u201d\nThe greenbelt and bluebelt must be protected and expanded to ensure a healthy evirnonment is safeguarded for all generations of Ontarians.\n"
    },
    "19016": {
        "url": "/comment/19016",
        "comment": "Bill 66 is terrible for individual Ontarians and the environment.\nSchedule 10 must be removed from Bill 66, as it allows municipalities to override provisions in the Greenbelt Act, Clean Water Act, Lake Simcoe Act, Oak Ridges Moraine Conservation Act and Great Lakes Protection Act.  It is imperative that the Greenbelt be protected and not bulldozed by greedy developers lining the pockets of politicians.\nBill 66 is also terrible for individual workers.  It will only benefit businesses who financially supported the Premier.\nIt will force employees to work significant amounts of overtime without overtime pay,  lower wages for unionized construction workers in many sectors of the economy and offer less protection from dishonest business practices by wireless companies.\nWe will have daycare centres with more children and fewer staff to look after them, less qualified caregivers in public school and daycare after hours care, long term care facilities being operated by corporations without experience and with even less oversight when there are already too many instances of elder abuse.\nPlease do NOT pass this bill in its current form.  We, as Ontarians, need legislation that will benefit all of us, not just those who make campaign contributions.\n"
    },
    "19021": {
        "url": "/comment/19021",
        "comment": "Remove Schedule 10 from Bill 66, which allows municipalities to override provisions in the Greenbelt Act, Clean Water Act, Lake Simcoe Act, Oak Ridges Moraine Conservation Act and Great Lakes Protection Act.\nRemoving environmental protections cost business by creating flooding due to disruption of land which can no longer absorb the torrential rains our area now receives.  One example. There are many more.\nGovernments need to lead the way with investment in green energy, environmental tourism, renewable industries and other lucrative new economy initiatives.\nShort sighted thinking does not lead to long term prosperity.\n"
    }
}