{
    "19924": {
        "url": "/comment/19924",
        "comment": "I strongly oppose Bill 66. I am deeply concerned about our provincial govermnemnt\u2019s flippant and greedy attitude towards our environment. I\u2019ve had enough. I oppose \u201cFord Nation\u201d, and I oppose Bill 66. The Greenbelt should never be \u201copen for business\u201d for anyone, let alone this embarrassing, greedy, and ignorant government,\n"
    },
    "19926": {
        "url": "/comment/19926",
        "comment": "I am very concerned that our precious greenbelt will not be protected.  Facing increasing extreme weather it is important to keep land undeveloped to better handle events such as flooding.  We need to protect our farmland as it is very difficult to get it back once developed. We need to intensify populations in our cities where they can be serviced by public transit instead of increasing our need for  individual travel.  We must be forward thinking and look at the needs of the future and not look for a quick buck right now. Southern Ontario is heavily populated.  It is important to keep green spaces that people can visit.\nPlease protect our environment.\n"
    },
    "19928": {
        "url": "/comment/19928",
        "comment": "I urge the government to keep their promise to protect the greenbelt and therefore call back legislature and introduce a new Bill 66 that stops the attacks on the Greenbelt, Oak Ridges Moraine, Lake Simcoe, Source Water Protection Areas and other important protected farm and natural areas to development.\n"
    },
    "19930": {
        "url": "/comment/19930",
        "comment": "I urge the Government not to pass Bill 66 as written.  I am concerned that its potential to endanger drinking water, the GreenBelt and the Great Lakes will ultimately discourage business.  As a Guelphite, I join our City Council who unanimously oppose the Bill.  Guelph depends entirely on groundwater and anything that endangers that water quality would be disastrous both to residents and to attracting business.  The groundwater can be adversely affected from outside the City boundaries so that the City's option under the Bill would still not guarantee we'd be safe from major problems.\nBusinesses with skilled well-educated staff will choose to locate in attractive, safe locations.  The provisions to override environmental legislation will threaten this feature and may actually discourage them from locating here.\n"
    },
    "19931": {
        "url": "/comment/19931",
        "comment": "I find some of the content of this bill very objectionable, particularly Schedules 9 and 10. Schedule 9 could clearly lead to abuse by business owners. How is the posting of the Labour Standards Act poster a major administrative issue. It could be a far bigger administrative issue if every employee asks for one, every day.\nMunicipalities should never have the authority to pass by-laws without public consultation first. This bill gives the impression that they will be allowed to sneak something through. Saying the Minister of Municipal Affairs and Housing can intervene is just smoke and mirrors. How would they know something has been passed?\nProvincial policies and provincial plans have been put in place for reasons, probably a result of problems in the past. If they aren't relevant then change those policies and take the onus away from the municipality to make decisions that don't fit the policy and potentially create a big problem for themselves. At that point I'm sure the province would just wash their hands from at throw it back on the municipality.\n"
    },
    "19932": {
        "url": "/comment/19932",
        "comment": "The Greenbelt MUST STAY INTACT. With the coming crisis in the food supply chain due to climate change and floods/droughts etc not to mention climbing transport costs, Ontario should be agriculturally self sufficient. There is considerable brown lands available for development. We must protect our greenspace and not bow to the greed  of developers and politicians with not-so-hidden agendas. SHAME on the government for even considering this action.\n"
    },
    "19934": {
        "url": "/comment/19934",
        "comment": "As a devoted member of the Ontario community, I do not approve of the Bill 66, or the proposed \"Open for Business\" act that allows development in Ontario's greenbelt and sensitive areas.\nThe most important concern is in regard to the endangerment of Ontario drinking water. Clean water is an essential need for all citizens of this province and this important resource is put at risk by Bill 66, as it allows companies and corporations to build in sensitive areas, without the protection of waterways.\nWe have evidence of the broad effect of contaminated water. The Walkerton Tragedy is a perfect example of what can come of exposing community water resources to harsh chemicals and bacteria due to poor waste management and water protection. With this tragedy, more than two thousand Ontario residents became sick and six died. The Walkerton Tragedy could have been prevented if the provincial government prioritized waste management and water safely. We simply cannot risk the health and safety of Ontario citizens again and Bill 66 has a large potential to be extremely dangerous and detrimental.\nAs well, Ontario farmers will also be affected by Bill 66, as it will harm almost two million acres of farmland. Introduction of this bill will result in a great loss of farmland and disruption of farming communities.\nLastly, transit corridors will also be at risk if Bill 66 is put in place. Transit corridors are an integral part of the preservation of wildlife populations. With Bill 66 and its inadequate restrictions of company development in sensitive wildlife areas, transit corridors will be lost and could cause irreparable damage to Ontario wildlife.\nIn consideration of the Bill 66, I strongly uphold an opposing stance to this bill as its benefits do not outweigh its serious harm. We must first put forth the stability of Ontario farmers, wildlife and most importantly Ontario citizens health and safety as a whole.\n"
    },
    "19935": {
        "url": "/comment/19935",
        "comment": "I am writing to you to ask that you keep your promise to protect the Greenbelt and therefore call back legislature and introduce a new Bill 66 that stops the attacks on the Greenbelt, Oak Ridges Moraine, Lake Simcoe, Source Water Protection Areas and other important protected farm and natural areas to development.\nDuring the election, you promised to protect the Greenbelt and you recently released a \u201cMade in Ontario\u201d Environment Plan which made the same commitment.\nI have deep concerns about many aspects of Bill 66, Restoring Ontario\u2019s Competitiveness Act, 2018. The proposed legislation would override critical requirements under several provincial laws and policies that are designed to protect safe drinking water, farmland, natural heritage and human health. It would do so in a fashion that undermines fair, consistent and transparent public involvement in decision-making and sets the stage for costly property tax increases to subsidize economically inefficient sprawl development.\nI urge the government to not proceed with Bill 66, as this would allow allow municipalities to pass \u201copen-for-business\u201d zoning by-laws that would circumvent fundamental protections for drinking water, farmland, natural heritage and human health set out in Ontario\u2019s key planning laws and policies and in municipal official plans. The potential negative impact is far-reaching and profound.\nIn addition to the risks posed to drinking water and human health, the Bill undermines of decades of progress in environmental protections in Ontario.\nOnce gone, farmland and natural areas are gone forever. Please keep your promise and change Bill 66.\n"
    },
    "19938": {
        "url": "/comment/19938",
        "comment": "The current governing party and it\u2019s leader was elected on the promise not to open the Ontario Greenbelt to new development other than those uses (primarily agricultural or agribusiness related) allowed by The Greenbelt Act of  2005.\nThe passage of the proposed Bill 66, The Restoring Ontario\u2019s Competitiveness Act, if approved as introduced to the legislature in December of 2018, will break this promise. Specifically, Schedule 10 of Bill 66 specifically allows The Restoring Ontario\u2019s Competitiveness Act to override the provisions of section 7 of The Greenbelt Act, when these two acts are in conflict. Similarly, Schedule 10 also gives similar provision of Bill 66 to override section 39 of The Clean Water Act. Both environmental protection acts are essentially gutted by Schedule 10 of Bill 66.\nThe Greenbelt Act prevents uncontrolled urban and suburban expansion from compromising food production and ecosystem services, both essential and recreational, close to the huge population of Ontario\u2019s \u2018Golden Horseshoe.\u2019 This geographic area contains a significant proportion of Ontario\u2019s best farmland and many landscapes of ecological, aesthetic and recreational significance. It must be protected if the quality of life for the residents of urban, suburban and rural inhabitants is to be maintained. Healthy food is essential and its production close to consumers is an increasingly important factor.\nSimilarly, The Clean Water Act protects the quality of water for all uses, domestic and industrial, for the highly concentrated population of southern Ontario as well as for other regions of Ontario. Healthy water is not an option, and the tragedy of Walkerton immediately comes to mind when protection of drinking water sources is compromised.\nThe goals of The Restoring Ontario\u2019s Competitiveness Act may be largely desirable, but not at the expense of provincial treasures such as the Greenbelt\u2019s protection of food production and close to home access to natural areas for residents of southern Ontario, and at the expense of jeopardizing the quality of drinking water supplies.\nIn conclusion, before it\u2019s passage, The Restoring Ontario\u2019s Competitiveness Act  must be amended to remove its ability to override section 7 of The Greenbelt Act and section 39 of The Clean Water Act.\n"
    },
    "19940": {
        "url": "/comment/19940",
        "comment": "As a long time Lake Simcoe property owner in Oro Medonte, I am extremely concerned about the negative effects of Bill 66, in particular Schedule 10, and its impact on the Lake Simcoe Protection Plan. I am therefore requesting that Schedule 10 of Bill 66 be removed. Lake Simcoe is a key natural resource that has needed government and environmental action to  partner with the numerous public causes to return Lake Simcoe to a healthy state. There is still so much work to be done. If Schedule 10 is not removed, I fear a major environmental setback for the natural resources Ontario is fortunate to have. The current Ontario provincial government clearly doesn\u2019t respect the sensitive state of our natural resources by including Schedule 10 in Bill 66. I appreciate the opportunity to be able to provide my personal input. Schedule 10 of Bill 66 must be removed!\n"
    },
    "19941": {
        "url": "/comment/19941",
        "comment": "This is a bad bill. It is bad for workers, it is terrible for the environment, and it is being pushed through without adequate transparency.\nA bill that can alter the landscape of this province for decades, can impact the water we drink and the air we breathe, as well as decrease the rights of citizens to have a say in their neighbourhoods must be examined and debated on the brightest of stages, not hidden in the shadows of winter and national holidays.\nPushing municipalities to override environmental concerns in the name of fast money from housing development is behaviour that should be beneath a provincial government.\n"
    },
    "19942": {
        "url": "/comment/19942",
        "comment": "These changes raise some huge concerns for safety and would give too much autority to municipalities with few safeguards.\nMany questions are raised .. the wording is vague.\nIe schedule 3 .. were not the limits on number of children set for safety reasons?\nSchedule 7 .. who are supervising engineers and what role do they presently play?\nSchedule  9  were not limits on excess hours placed so employers could not overtax employees?\nThese are just a few of my questions...\nschedule 10 ... Municipalities should never have the authority to pass by-laws without public consultation first. This bill gives the impression that they will be allowed to sneak something through. Saying the Minister of Municipal Affairs and Housing can intervene is just smoke and mirrors. How would they know something has been passed?\nI strongly oppose this bill!\n"
    },
    "19944": {
        "url": "/comment/19944",
        "comment": "My husband and I plead with the government to reconsider this incursion into the Green Belt. Our progressive century family farm is in the region of the 401/403 junction and we hope you would instead EXPAND the Green Belt to twice its current size along the 401 corridor. Southwestern Ontario is a tiny sliver of Canada containing its best agricultural land, and some of the best on the planet.\nWe would be honoured to host the Premier, Minister of the Environment and appropriate staff and advisors at our farm at any time - to explore that approach and other options which would garner this government the profound thanks of generations to come - and undoubtedly assure its reelection. Please, Mr Ford, reconsider.\n"
    },
    "19946": {
        "url": "/comment/19946",
        "comment": "Please don't let people that do not care about the environment to have a say in the not so many places that are still an oasis of greenery and peacefulness, not many of those. Regulations are important to stop development design for some to make money and not worry at all about communities.\nStop Bill 66\n"
    },
    "19949": {
        "url": "/comment/19949",
        "comment": "The Greenbelt is an ecological urban growth management tool that should not be underestimated. It includes different kinds of animals and plants that can improve the atmospheric environment, effectively reduce urban traffic noise, provide habitat of a wild animal protection area, and increase bio-diversity. Greenbelt policy as an effective tool for promoting urban environmental sustainability, especially important when considering Ontario's Greenbelt area is more than protected countryside. Ontario's Greenbelt was created in 2005 to sustainably manage growing urban environments.\nThe Greenbelt includes the Niagara Escarpment, Oak Ridges Moraine, and agriculturally protected Holland Marsh. 800,000 acres of land are protected by the Niagara Escarpment Plan and the Oak Ridges Moraine Conservation Plan plus 1 million acres of land in the Protected Countryside overarching Greenbelt Plan. That total makes it one of the largest and most successful greenbelts in the world. Over $50 million of carrots, onions, and other popular vegetables are produced in very fertile soil in Holland Marsh. Oak Ridges Moraine covers 1,900 square kilometres between Caledon and Rice Lake, near Peterborough and is a hydrological system of streams, wetlands, kettle lakes and ponds, and their catchment areas, seepage areas, springs, and aquifers and other recharge areas. The Niagara Escarpment Biosphere Reserve is a geological formation reaching 725 kilometres long and up to 500 metres tall that began as coastline of the Michigan Basin 450 million years ago. It is protected due to the many unique species and prime recreation grounds. It was designated as one of 15 UNESCO World Biosphere Reserves in Canada in 1990. Tourism associated with the escarpment contributes $100 million to local and regional economies.\nOpening the Greenbelt to urban sprawl and companies/factories will loosen urban containment with detrimental effects to greenbelt recreation values, the environment, and orderly growth. Walkerton's contaminated water disaster in 2000 was a result of disorderly growth. It is irresponsible to allow the Ford Government's Bill 66 to deregulate Greenbelt policy and threaten its protections. Ontario's Greenbelt area should be enlarged as the population grows, not reduced. The protections in place now protect future generations. I am aligned with pressure to stop Bill 66, enlarge the greenbelt, and keep policies in place to control the effects of urban sprawl and urban development.\n"
    },
    "19951": {
        "url": "/comment/19951",
        "comment": "\"Bill 66 would turn back the clock on many years of good planning, community input and strong leadership from governments of all political stripes. It would sidestep laws and policies intended to protect the long-term health and resilience of our communities and would facilitate sprawling and unchecked development, threatening sensitive natural features and water resources upon which we all rely\" (Ontario Nature).\nPlease stop Bill 66\n"
    },
    "19952": {
        "url": "/comment/19952",
        "comment": "Submitted to: The Environmental Registry of Ontario\nRe: ERO #013-4293, Restoring Ontario\u2019s Competitiveness Act, 2018\nThe Association for Canadian Educational Resources (ACER) is a charitable community education organization. Our mission is to build an army of citizen scientists who monitor, measure, mitigate, and adapt to the local impacts of climate change in their own communities.\nACER firmly opposes the Restoring Ontario\u2019s Competitiveness Act, 2018 (ERO #013-4293).\nBill 66 makes Ontario\u2019s Greenbelt, our clean drinking water, and farmland vulnerable to the whims of developers.\nOntario\u2019s Greenbelt is a permanently protected area of forests, farmland, wetlands, and watersheds, established by the Government of Ontario in 2005. It is one of the largest greenbelts in the world at nearly two million acres. The Greenbelt provides us with clean water, fresh air, and local food, as well as recreation. It was created to protect agricultural land and prevent urban sprawl. It serves as a crucial part of our provincial economy and heritage.\nSchedule 10 of Bill 66 states that \u201cOpen for Business\u201d by-laws do not have to comply with fundamental protections to environmental and human health, including:\n\u00b7      Ontario Planning and Development Act, 1994\n\u00b7      Oak Ridges Moraine Conservation Act, 2001\n\u00b7      Greenbelt Act, 2005\n\u00b7      Places to Grow Act, 2005\n\u00b7      Metrolinx Act, 2006\n\u00b7      Lake Simcoe Protection Act, 2008\n\u00b7      Great Lakes Protection Act, 2015\nIn addition, the bill leaves ambiguous space for noncompliance by including language referring to any other \u201cprescribed provisions\u201d in provincial legislation.\n\u201cOpen for Business\u201d by-laws erode governmental transparency, as they may be passed without public notice, behind closed doors. If citizens take issue with them, they are left without recourse. Community members are not permitted to appeal to the Local Planning Appeal Tribunal. An informed, educated citizenry is an invaluable strength for Ontario, and keeping legislative processes as accessible as possible is in all of our best interests.\nIt is more important than ever to look forward as informed citizens, to plan, and to educate those who will live the consequences. Bill 66 will undo decades of work in Ontario, pulling us backward into the dark.\n"
    }
}