{
    "18296": {
        "url": "/comment/18296",
        "comment": "It is absolutely imperative that Schedule 10 be removed from Bill 66. Schedule 10 allows municipalities to override provisions in the Greenbelt Act, Clean Water Act, Lake Simcoe Act, Oak Ridges Moraine Conservation Act and Great Lakes Protection Act. In the wake of the IPCC's report on global warming, it is abhorrent to pass a bill that would allow a degradation of the policies that protect the land beneath Ontarian's feet, and the environment in which we live. I implore you, remove Schedule 10 from Bill 66.\n"
    },
    "18300": {
        "url": "/comment/18300",
        "comment": "I am a resident of Scarborough Rouge and I love the Greenbelt area around me and use it for my pleasure weekly, if not more. I truly am disgusted by the PC catch phrase  \" Red Tape \" that describe protection acts that safeguard Conservation and our National Parks. These Protection Acts are the result of many groups who have worked hard over the years to protect the Greenbelt lands and are not \" red tape\". How belittling the term is to apply it to the pteservation of the Greenbelt and all of its citizens who know that it provides them with clean air and water, farmland and valuable ecosystems!\nI am also very alarmed by the section of the PC gov't policy that outlines their future aim that intends to further cut yet more \"red tape \" each year without specifying intentions and particular plans and how this may affect the Greenbelt and urban sprawl.\nAnd why wouldn't Ontario citizens be very concerned? We have already learned that this gov't has not laid out a real specific plan to fight climate change! It seems that business is more important than the health of the people of Ontario! How will the PC's explain that to the next generation?\n"
    },
    "18301": {
        "url": "/comment/18301",
        "comment": "I live in Hamilton, Ontario and I absolutely do not support Bill-66.\nI also do not support specifically, Bill-66's Schedule 5 and 10.\nBill 66 represents an unacceptable attack on legislative provisions which currently safeguard environmental quality and public health and safety throughout Ontario.\nThis bill directly threatens mine, Hamilton's, and the whole Province's waters, lands, bio-diversity, resiliency, greenbelt, farmland and overall environment, which directly impacts the health and wellbeing of everyone. Furthermore, this proposed bill is inherently undemocratic.\n"
    },
    "18305": {
        "url": "/comment/18305",
        "comment": "I and most of my fellow Ontarians see the inclusion of Schedule 10 in Bill 66 as a war against the Greenbelt.\nIf this government thinks that the Greenbelt's 5500 farms, 78 endangered species, and  102 million tons of carbon capture are trivial things that can be left to the vagaries of town councils put under pressure by deep pocketed developers then the majority of this province's electors will have lost any hope  that this government cares about the future of this planet.\nAs in Psalm 65:8 (NIV)\nThe whole earth is filled with awe at your wonders; where morning dawns, where evening fades, you call forth songs of joy.\nThe total indifference to the Greenbelt shown by Schedule 10 0f Bill 66 would completely contravene the trust that God has put in us to be caretakers of this Earth.\n"
    },
    "18309": {
        "url": "/comment/18309",
        "comment": "I live in Ottawa where a \"greenbelt\" has existed for more than 50 years and Ottawa is known the world over as a very liveable city the world over because of it.  It has forced Ottawa to use urban planning strategies to increase density not increase urban sprawl!   The greenbelt area is used as a recreational and agricultural area while protecting in perpetuity water /land resources.  It is there for everyone not just developers.\nLowering environmental standards to \"open up Ontario for business\" will come  back to haunt future generations and they will ask why?  When we know we must protect our watersheds (remember Walkerton), why would we weaken the standards protecting the Oak Ridges Morranine?  Base whatever changes are needed on science NOT politics!\nBill 66 is a bill which tries to fix specific problems without consideration towards larger issues.  Why not pass specific legislation for the specific problems that exist and not try to do everything with one bill?\n"
    },
    "18313": {
        "url": "/comment/18313",
        "comment": "As a proud Ontarian, I cannot allow this Bill to pass without saying my piece. This bill is beyond irresponsible and Doug Ford's government has done us wrong in its proposal. For a man who claims to want to increase business and commerce in Ontario, he chose to slash many many business deals with Germany to build new winds turbines throughout the province. As well as waste public money  on signs that read Ontario open for business. Wasteful. That to me seems to be anti-business. Meanwhile he attacks the greenbelt which we have a responsibility to protect and maintain to make up for his error. Instead of investing in new technology and industry he instead falls back on a finite source that's future is controversial.\nI truely hope we can combat this bill and keep the Green Belt safe.\n"
    },
    "18315": {
        "url": "/comment/18315",
        "comment": "I cannot support Bill 66 in the manner in which it is written.\nI support the concept that assigning land for development and assigning transfers of land between municipalities takes too long; this is causing serious delays to developing housing in a province where the lack of supply is driving up prices.\nHowever, if the Bill or any plans put additional strain on water systems, then we must review and adjust any proposal. Our water systems are incredibly fragile and damage done is often permanent. All we need to do is look at the issues that First Nations communities are having when trying to get sustainable water for their communities. Water costs a lot to treat, to build treatment plants and distribution systems. If we damage the natural sources of water through development, the cost to provide water will go up and we may never be able to calculate how high those costs could get.\nI want to see Ontario build more housing, but I do not want to see regulations that protect drinking water be undermined by a bill.\nFurther, if municipalities are given control to supersede provincial or federal legislation as it pertains to the environment and water, then one municipality could be authorizing work that does not hurt them, but does significant damage or impact downstream.\n"
    },
    "18316": {
        "url": "/comment/18316",
        "comment": "Please do not weaken our environmental laws.  It is vitally important to protect our Greenbelt and the family farms and wild life species that inhabit it.  Weakening our environmental laws to aid in the destruction of the Greenbelt is exactly the wrong direction for Ontario in these days of increasing global climate change.  Thank you.\n"
    },
    "18317": {
        "url": "/comment/18317",
        "comment": "Please stop Bill 66. We need this land for so many reasons. Progress and business do not mean a decent place to live for everyone. We fought the demise of these areas over forty years ago and here we are again. We require a clean environment for all creatures, crops and humans to survive. Yes survive. Get your heads in the right place and realize how important it is to keep this land clear of building. Progress and business are unnecessary in every little place on earth. You have already permitted way too much \"paving over paradise\". STOP IT!\n"
    },
    "18320": {
        "url": "/comment/18320",
        "comment": "Doug Ford has made his decision to promote Ontario is open for business, but at what cost?  If his plan is accepted Ontario will be a Province of concrete. Farms will be demolished for developers to build, Green Spaces will no longer exist.  Wetlands and Conversation Parks which people enjoy to visit and explore will only be remembered in books. The municipalities must stand up to the Government and say 'NO' to allowing development and destruction of The Greenbelt. Open for business is one thing but destroying The Greenbelt must not be allowed.  The residence of Ontario enjoy and appreciate that we have green spaces that are untouched and unspoiled. Equally important are our farms which are slowly  being swallowed up for developers.  If there is any common sense, the Government will understand the Greenbelt and Farms are what makes Ontario work\n"
    }
}