{
    "20315": {
        "url": "/comment/20315",
        "comment": "This comment is with respect to Schedule 5 of the proposed Bill 66, to cancel the Toxic Reductions Act.\nIntroduction\nI do not agree with the Ministry of the Environment, Conservation and Parks (\u201cMECP\u201d) that the Toxics Reduction Act, 2009 (\u201cTRA\u201d) duplicates requirements under federal law on control of toxic substances -namely the Canadian Environmental Protection Act, 1999 (\u201cCEPA\u201d)] -  and, therefore, do not agree with the MECP argument that repealing the TRA will reduce a burden on industry from having to comply with duplicate programs.\nOntario has also previously identified many toxic substances in Ontario not covered by federal requirements that if they are still present in the province could benefit from application of the TRA.\nBackground\nI live in Hamilton, which is a city with a heavy industrial core and an extensive base of manufacturing facilities.   Members of the community have worked for many years to see these facilities make improvements to reduce their emissions to air, land and water.   This has included pushing for greater openness and transparency so that Hamiltonians living in neighbourhoods near the industrial core have information about what their industrial neighbours are doing, what risks and challenges are associated with these activities and, most importantly, what efforts are underway at these facilities to minimize and ideally eliminate any environmental impacts from these operations.  Ontario\u2019s Toxics Reduction Act and associated regulations represents an important piece in the on-going effort to increase openness and transparency and realize progress in reducing and/or eliminating the use and release of harmful substances from industry wherever possible\nComment on Bill 66 Proposal\nThe MECP proposals are based on the assumptions that: (1) the TRA and its planning and reporting requirements are duplicative of federal requirements; and (2) eliminating the TRA and its requirements will save industry money but still result in protecting human health and the environment. The assumptions are not correct. The concept at the heart of TRA of mandatory preparation, but voluntary implementation, of toxics reduction plans has a record of demonstrated success in jurisdictions such as Massachusetts that have had such a law in place for approximately three decades. The TRA has only really been fully in effect since 2013. There is no reason, and more importantly, no evidence, to assume it cannot work in Ontario given time and dedication.\nThe purpose of the TRA is to prevent pollution and protect human health and the environment by reducing the use and creation of toxic substances and informing Ontarians about toxic substances. Pre-TRA legislation in Ontario (e.g. EPA, OWRA) focused on, and continues to focus on, pollution abatement, not pollution prevention. This problem explains why Ontario\u2019s emissions of toxic substances to air, land, and water are some of the highest in North America.\nThere are several limitations under CEPA. The reporting requirements pursuant to notices issued under s. 46 of CEPA that result in the NPRI, address the obligation on companies to report on the release, but not the use, of toxic substances. Accordingly, a focus on the use (and creation) of toxic substances, as is the case with TRA, represents new, not duplicate, legal authority in Ontario. As the Environmental Commissioner of Ontario has observed: \u201cWhile the existing federal NPRI program focusses on gathering and publishing information on industrial emissions\u2026the driving intent of the TRA is toxics reduction\u201d.\nThe planning and reporting requirements of TRA are the heart of the statute and how it fills the gaps in the inadequacies of federal law (CEPA). By eliminating the TRA and its unique requirements, MECP jeopardizes both the human health and environmental protections of the statute as well as its potential economic benefits to industry in identifying where reductions in the use and creation of toxic substances may be possible\nConclusion\nThe TRA needs to be improved, not abandoned and the need for these improvements dwarfs any concern with alleged \u201cred tape\u201d under the program.\n"
    },
    "20317": {
        "url": "/comment/20317",
        "comment": "Dear Sir/Madam:\nI wish to express my deep concern over the proposed Bill 66.  This piece of legislation puts our environment at risk.  Only recently the Greenbelt went through an evaluation process, and overwhelmingly Ontarians rejected the idea of developement in this precious area.  In fact, they wanted even more land protected from the relentless onslaught of development.  Bill 66 is a threat to more than the Greenbelt.  It threatens the entire province and puts at risk our drinking water (remember Walkerton), our farmlands, wetlands, woodlands, lakes and rivers and valuable habitat for wildlife and species at risk.  These areas need more protection, not less.\nWe live on a finite planet, and we must set aside areas where nature and natural habitat are protected now and for the future.  This needs to happen not just in remote areas, but here in Southern Ontario where natural areas are under great pressure and are being destroyed piece-by-piece. Once they are lost, these very valuable areas and the life forms that depend on them will be lost forever.  We will be the poorer for it.\nPlease do not pass this legislation.  Please give our farmlands, wetlands, forest, water sources, etc. the protection they deserve from those who would destroy them for short-sighted gain.\n"
    },
    "20319": {
        "url": "/comment/20319",
        "comment": "Over the last two decades Ontario has developed a well thought out and comprehensive environmental safety net. This bill would rip major holes into this protection. In the 90s when Mike Harris was in government there were little environmental protection laws and people DIED due to this negligence. Does the Ford government remember the Walkerton tragedy and the thousands of people that fell severely ill and the ones that died? Apparently not. The Ford government is guilty of aiding and abetting dangerous environmental stewardship. If this bill passes people, animals and ecosystems will die. Nature is not a commodity for sale. Competitiveness at the price of the well-being of the environment is capitalism taken too far. This is our planet and we must protect it.\n"
    },
    "20320": {
        "url": "/comment/20320",
        "comment": "I oppose Bill 66.  As a resident of the greater Toronto area for 40 years, I have watched (and been shocked by) urban sprawl into our beautiful farmlands and natural spaces; I have applauded the creation of the Greenbelt and tools such as the Rouge National Urban Park to protect our groundwater sources and green connections for wildlife and plants; and have seen the positive effects of the Planning Act on many different sectors -- my own profession in the Heritage sector being the one that directly affects my means to support my family and the economy.  Our proud \"Sense of Place\" would not exist without the means to protect our shared heritage.  I urge the Provincial government to scrap Bill 66.\n"
    },
    "20323": {
        "url": "/comment/20323",
        "comment": "Stop Bill 66.\nDon\u2019t let developer to:\nPave over the Greenbelt with factories and sprawling subdivisions.\nIgnore the laws that protect our clean and safe drinking water.\nThreaten the protection of Lake Simcoe and the Oak Ridges Maraine.\nIt would compromise transparency and public engagement.\nIt threatens human and wildlife health through increased exposure to toxic chemicals.\n"
    },
    "20328": {
        "url": "/comment/20328",
        "comment": "I oppose Bill 66 as it relates to Schedule 10, i.e. Allow municipalities to permit the use (i.e., zone the lands) without having to strictly adhere to existing local requirements (e.g., official plan and zoning);\nRemove the application of a separate approval process for site plan control;\nRemove ability to use density bonusing (community benefits in exchange for height or density) and holding by-law provisions;\nAllow the municipality to impose limited planning-related conditions that may help to facilitate the proposal [e.g., approval of plans and drawings that show site plan matters (transportation access, lighting, parking, etc. )] and enter into agreements to ensure development conditions are secured;\nAllow public consultation at the discretion of the municipality, while requiring public notice after the by-law is passed (at a minimum);\nProvide that decisions are final and cannot be appealed to the Local Planning Appeal Tribunal (but allow the Minister of Municipal Affairs and Housing to intervene before the by-law comes into effect, 20 days after its passing);\nRemove the requirement for decisions to strictly adhere to provincial policies and provincial plans (but allow the Minister of Municipal Affairs and Housing to impose conditions to protect matters like public health and safety when endorsing the use of the tool).\nThe proposed legislative changes would create regulation-making authority to provide criteria for the use of the proposed new tool.\n"
    },
    "20329": {
        "url": "/comment/20329",
        "comment": "Bill 66 \u2014 specifically Section 10 \u2014 makes it too easy for municipalities to bypass a number of Acts that were put in place to protect our environment, including the Greenbelt and Lake Simcoe.\nI have yet to hear a convincing argument to justify this piece of legislation. Simcoe County already has a surplus of employment lands, so there is no justification for creating a process that allows municipalities the opportunity to ram through bylaws that eliminate any proper consultation or appeals process.\nThis kind of thinking also ignores that multitude of other reasons why municipalities can not attract new businesses to their jurisdiction, as well as the problems facing workers in this province such as a lack of diversity when it comes to training and stagnate wages among the working class.\n"
    },
    "20330": {
        "url": "/comment/20330",
        "comment": "I am writing to ask you to remove Schedules 5 and 10 from the proposed Bill 66, Restoring Ontario's Competitiveness Act, 2018. These sections needlessly threaten essential health and safety protection for Ontario residents.  Schedule 5 repeals needed controls on toxic substances. Schedule 10 would allow municipalities to circumvent planning requirements and land use restrictions under important provincial laws, plans and policies.\nSchedule 10 of Bill 66 would override the Greenbelt Act, the Clean Water Act, the Great Lakes Protection Act, the Lake Simcoe Protection Act, the Oak Ridges Moraine Conservation Act all of which provide critical protection for our natural world and healthy communities. The protection of vital water sources is not optional, it is critical for the health and safety of all citizens.  Health and safety protection is not red tape.\nSchedule 10 proposes that open-for-business planning by-laws will not be subject to any notice, comment or hearing requirements under the Planning Act. Public participation is critical to ensure that the public can present perspectives and information that will balance those of the developer. Public participant requirements are not red tape but are essential to good land use planning.\n"
    },
    "20332": {
        "url": "/comment/20332",
        "comment": "I am concerned about this legislation and how it was brought forward right before the Legislature rose for the Christmas/Winter break. I am concerned that Schedule 10 from Bill 66 allows municipalities to override provisions in the Greenbelt Act, Clean Water Act, Lake Simcoe Act, Oak Ridges Moraine Conservation Act and Great Lakes Protection Act. I benefit from these acts through my walks and hikes in parks running through Vaughan that are protected by the Greenbelt. I am concerned that there will be toxic run-off going through the Don River. I am concerned that there will be less wildlife. These are currently parks where I can see Great Blue Herons and other specialized species of birds. This act risks removing their habitat and threatening these species. We essentially have pristine greenery to walk through in the GTA thanks to the acts. This has a lot of co-benefits like reducing stress for individuals and providing tourism options for locals and foreigners. It also means that you can get your nature in without having to drive 1-2 hours away from the city. It took a lot of work to have these acts passed. It would be a shame to have them compromised. Passing Schedule 10 as part of Bill 66 will have consequences through less animals and flora for generations to come.\nAs well, changing these acts to allow for developers to build single-family, detached homes will be a big mistake. It will create more congestion, more stress for individuals, and more environmental contamination. This infrastructure will also be more costly for municipalities to maintain over the long-term. It is wiser to pass legislation that will intensify urban development where it already exists and set higher standards to build durable structures.\n"
    },
    "20333": {
        "url": "/comment/20333",
        "comment": "I am completely outraged at the proposed Bill 66 and the government that did the proposing.  With Doug Ford heading it, it does not surprise me.  He hasn\u2019t changed.\nI live in Tottenham, Ontario, where the municipal water is disgusting.  Yet, The Clean Water Act already has enough loop holes in it, that governments and their agencies have not been forced to do anything about it since Walkerton.  Doug Ford and those who support Bill 66 would NEVER drink the water here.  But if the already feeble protections in place are stripped away, they can look forward to water like mine in the near future.\nThe premier and his government seem to be lacking the common sense and understanding that would benefit the majority of their constituents.  Their job is to work for us.  They do not work for the wealthy or business.  They are to represent the interests of the citizens in Ontario.  Bill 66 is not in our interest.\nPremier Ford managed to make it up to Honda for a visit.  Honda, that has received clean, safe water from a pipeline from Collingwood for 19 years, because the water was terrible for their parts.  But despite letters to the Premier from Tottenham, Ontario residents, requesting assistance with our water issues, he has ignored us completely.  I invite Premier Ford to come visit our town and drink the municipal water.  He can then discuss what Bill 66 will do to us and the environment of Ontario.\nI DO NOT SUPPORT BILL 66.\n"
    },
    "20334": {
        "url": "/comment/20334",
        "comment": "Economic development should not take presidence over the environment.  Are we learning nothing from the dire warning we are receiving about the state of our environment.  Having a great economy will do nothing for our children and grandchildren if they can not live full and healthy lives.  We will pay in the end for not  heeding the experts!\n"
    },
    "20340": {
        "url": "/comment/20340",
        "comment": "There are no 'barriers to planning' - there are regulations which serve to ensure that valuable and important environmental, cultural, landscape, wildlife and heritage issues are given the full weight they deserve. These planning considerations affect the well-being of all residents of Ontario.  The removal or weakening of planning regulations will only serve to profit a few very vocal and influential developers and will do nothing for the rest of us.\nIn my opinion, planning regulations need to be more vigorously applied, not weakened. Ontario has so far done a lousy job of regulating development, resulting is huge losses of valuable and viable farm land - particularly in the GTA fringe - , the degradation or removal of wildlife habitat, the destruction of heritage buildings and archaeological sites, and the expansion of ugly and excessive urban sprawl.\nThe very concept of 'Open for Business' shows that this government does not have the interests of the people of Ontario at heart and is only interested in furthering the concerns of those for whom too much is never enough. It is top-down Reaganomics at it's worst.\nFurthermore, weakening existing planning controls will result in the loss of countless jobs in areas such as environmental revue, heritage management and archaeological assessment - fields within which countless highly skilled and qualified individuals do their best to ensure reasonable and effective management of the province's resources.\n"
    }
}