{
    "17922": {
        "url": "/comment/17922",
        "comment": "re- excess overtime being allowed with no controls : would be unsafe and unfair except in emergencies\nre - larger private daycares, should be limited in the number of children that one person watches-,for safety and care\nre - the greenbelt being opened up-areas designated for endangered species by the federal gov't and the united nations, should not be touched, nor should animal transit pathways be blocked-this is a very wonderful but delicately balanced super farmland and natural area-tinkering with the water table, by development and roads, may ruin this area permanently-while we all need housing, such developments must be made with GREAT care- no factories except in areas that have the facilities such as Welland, that has many factory sites unused,closed or derelict- fix what we have, don't build new -as for housing, we need lots of good quality multiple residence buildings, with rent control in the Niagara area - despite many commuting / retiring from bigger surrounding cities ,there is a huge lack of reasonable rentals-\n"
    },
    "17924": {
        "url": "/comment/17924",
        "comment": "I do not agree with opening up the greenbelt to development. This space is worth more than just the cost of the land, it is valuable for food, recreation, and natural processes which require, nay DEMAND this type of environment to function. Please reconsider this as it will undoubtedly hurt Ontario and its citizens more than it could ever give back by bringing in business.\n"
    },
    "17926": {
        "url": "/comment/17926",
        "comment": "Hello.\nAs someone very connected to the environment, and someone who has lived long enough to garner a little wisdom, I am extremely concerned about any attempts to weaken environmental protections, usually for short-term gains of limited vision. We need to start thinking about the world we are leaving for our grandchildren.\nIn that light, I would strongly request that you Remove Schedule 10 from Bill 66, which allows municipalities to override provisions in the Greenbelt Act, Clean Water Act, Lake Simcoe Act, Oak Ridges Moraine Conservation Act and Great Lakes Protection Act.\nThe southern part of our province is struggling enough, and so very important. Even as a northerner, I cannot turn my back on this important issue!\nThank you.\n"
    },
    "17928": {
        "url": "/comment/17928",
        "comment": "The legislation protecting the Green Belt is not red tape. Preservation of the Green Belt is essential to maintenance of southern Ontario's sustainability -- economic, environmental, social, infrastructural.\nRemove Schedule 10 from Bill 66, which allows municipalities to override provisions in the Greenbelt Act, Clean Water Act, Lake Simcoe Act, Oak Ridges Moraine Conservation Act and Great Lakes Protection Act.\nThe government promised during the election to protect the Green Belt. It should keep its election promise. Schedule 10 breaks that promise and vitiates its legitimacy.\n"
    },
    "17929": {
        "url": "/comment/17929",
        "comment": "Remove Schedule 10 from Bill 66, which allows municipalities to override provisions in the Greenbelt Act, Clean Water Act, Lake Simcoe Act, Oak Ridges Moraine Conservation Act and Great Lakes Protection Act. Alternately, rewrite Schedule 10 to ensure that legislation that protects conservation areas is strengthened, not weakened.\n"
    },
    "17930": {
        "url": "/comment/17930",
        "comment": "Bill 66 is essentially a deregulation bill under the guise of promoting business by getting rid of \u201cred tape\u201d.  Politicians often use the term \u201cred tape\u201d in a sinister fashion to easily win the minds of citizens.  But what we are really losing under this bill is the protection of our clean water, clean air, the Greenbelt, farmland, wildlife, government transparency and the rights of municipalities to plan for their own unique needs.\n Bill 66 would allow municipalities to pass \u201copen-for-business planning by-laws\u201d that will have the power to override vital regulations in the Ontario Planning and Development Act, the Clean Water Act, the Great Lakes Protection Act, the Greenbelt Act, the Metrolinx Act and other foundational regulations that the citizens of Ontario have fought hard for over the decades.\nWhen I started to examine the contents of Bill 66 it reminded me of the current Trump administration that gutted the Environmental Protection Agency (EPA) so that it would take down barriers for elites to drill, mine and strip wherever they want.  Likewise here in Ontario only the richest and most privileged will benefit from Bill 66.  Once fast money is made, regular citizens will be left with all the problems that come from reckless development.\n Bill 66 will promote the kind of business that will destroy natural areas, threaten our local food supply, create gridlock, favour rich land speculators and increase our property taxes.\nBill 66 opens up Ontario\u2019s Greenbelt for factory, retail and residential development, undermines drinking water protection rules and guts rules that help industry reduce the release of toxic chemicals.\nThe Ford government is abusing its powers.  Doug Ford promised in his campaign that the Greenbelt would be untouched by his government.  What happened to that promise?  Ontario citizens and taxpayers are tired of the rhetoric of smoke and mirrors.  Bill 66 exposes the true colours of the Ford government by creating a bill that will ignore many protections we hold dear, only to make the rich even richer and the poor even poorer.  If there is any integrity and decency in our political leaders then Bill 66 must not be passed!\nThis short-sighted push of making money as fast as possible is leading us toward the eventual breakdown of a civil society.  Just as deregulation was at the heart of the 2008 global financial crisis, Bill 66 is poised to hurt the taxpayers of Ontario.  Bill 66 is reckless and lacks a long-term view for Ontario. Bill 66 must be stopped!\n"
    },
    "17931": {
        "url": "/comment/17931",
        "comment": "I'm very concerned about the Conservative governments actions,intentions and lack of accountability with regards tomthenenvironment. Min ask:   Remove Schedule 10 from Bill 66, which allows municipalities to override provisions in the Greenbelt Act, Clean Water Act, Lake Simcoe Act, Oak Ridges Moraine Conservation Act and Great Lakes Protection Act.\n"
    },
    "17932": {
        "url": "/comment/17932",
        "comment": "I urge you to cancel (omit, delete, whatever it takes to get rid of) Schedule 10 of Bill 66. The Greenbelt seems to me already sufficiently compromised without allowing municipalities to by-pass legislation and thus further degrade it. In fact, I believe our provincial government should be doing more to keep the Greenbelt green and restricting the building of homes on it, particularly on the Niagara Escarpment.\n"
    },
    "17933": {
        "url": "/comment/17933",
        "comment": "\u201cRemove Schedule 10 from Bill 66, which allows municipalities to override provisions in the Greenbelt Act, Clean Water Act, Lake Simcoe Act, Oak Ridges Moraine Conservation Act and Great Lakes Protection Act.\u201d\nWe must we always \u201cpave paradise and put up  a parking lot\u201d.\nIt\u2019s simple...stop destroying nature which feeds us, waters us, and provides the oxygen we need. Expand upwards if necessary, be innovative with the developed land we have, and conserve what little precious nature there is left.  Just take a flight over Southern Ontario and look down....it\u2019s a sad reality\n"
    },
    "17934": {
        "url": "/comment/17934",
        "comment": "To Whom it may concern,\nAs a resident of Ontario and a citizen of this fragile world I am angry and ncredulous at the short-sightedness of the Conservative government of Ontario lead by Mr Ford. He himself said \u201cI don\u2019t really know anything about the environment\u201d, so why does he have any agency in the this decision that will be devastating to the hydrologic systems in the areas around greenbelts!  Southern ontario has already put up for development so much prime agricultural land, land that is so special on his continent and the planet as it is not often that farmland is in a climatological location that really doesnt have fear of longterm drought (as our prairies do for example).\nAs well, how can an educated adult such as Mr Ford not understand the preciousness of clean water. Even if one doesnt give a shit about the environment or your fellow humans, you must understand that business needs water and in the future clean water will be a great asset!\nRemove Schedule 10 from Bill 66, which allows municipalities to override provisions in the Greenbelt Act, Clean Water Act, Lake Simcoe Act, Oak Ridges Moraine Conservation Act and Great Lakes Protection Act.\u201d\n"
    },
    "17940": {
        "url": "/comment/17940",
        "comment": "Bill 66 has few good points and many non-beneficial points.\nAs a farmer I have seen big business buying farm land at a stagering rate, only to turn it into development projects destroying the environment similar to the Greenbelt and other unique and valuable food lands.\nRemoving of wetlands and tree lots is destroying natue's water purification and flood control areas.\nAs a former employee of the Ontario government, I disagree with the out sourcing of services.  All the service company is looking at is the profit from gov't. They do not have the gov't. interests at stake.\n"
    },
    "17943": {
        "url": "/comment/17943",
        "comment": "I am strongly opposed to Bill 66. Planning reviews and enforcement of environmental protection are not costs that can reasonably be considered. Related savings would be short-term and amount to greater costs in the long run. Ontario would become less attractive to prospective residents if green space is reduced. In the long run that also reduces business opportunities. Being casual about clean water (remember Harris) is also costly in the long run. We need less bottled water, not more, and fewer clean-water advisories.\nWhat happened to the Green Belt planning that attracted international praise in the past?\n"
    }
}