{
    "20414": {
        "url": "/comment/20414",
        "comment": "Bill 66 clearly is being pushed forward in order to protect the interests of the few, not the many. Risking our clean drinking water, exposing the community to toxic chemicals, and allowing our remaining green space to be chiseled away by industry is fundamentally bad for our city and for the people. This also does not account for the harm that these impacts will have on the local ecosystems that impact our local environment ability to thrive and grow (such as farmland). The only people who will benefit are the developers, and even then they will only benefit for a short time. With climate change being a globally recognized crisis for our planet, we need to focus on rallying our community to protect our environment and the resources that we rely on to live healthfully and safely (i.e. clean water, clean air, and safe to eat farmed foods).  Once these resources are gone, they are gone, and instead of focusing on creating legislation that recognizes this inherent life-threatening risk to our community our government instead creates legislation that does the exact opposite. We have a responsibility to our community and to the environment that we live in to protect it, and subsequently protect the things that keep us healthy and alive. To do otherwise is to agree to a slow, painful death for the many in the monetary interests of a few.\n"
    },
    "20415": {
        "url": "/comment/20415",
        "comment": "The population of Southern Ontario is increasing.\nThe demand for housing and jobs is likewise increasing.\nThe need to safeguard our natural areas is now more significant than ever. Lifting important land protection and proper planning measures is totally irresponsible. Cash strapped municipal politicians with their limited tax resources cannot be given power to disregard well established planning policies. Provincial overview is essential to protect the natural legacy belonging to all Ontarians.\nONTARIO SHOULD NOT BE OPEN FOR PLUNDER.\nDo not pass Section 10, Bill 66.\n"
    },
    "20416": {
        "url": "/comment/20416",
        "comment": "Bill 66 violates legal requirements to protect water, natural heritage, farmland and human health and well-being. It threatens drinking water across Ontario. It overrides policies in approved source protection plans intended for existing and future sources of municipal drinking water from threats such as landfills, sewage systems and improper handling of fuel, manure and pesticides.\nThis bill threatens wetlands, woodlands and habitat for species at risk across Ontario. It threatens two million acres of natural areas and farmland across the Greenbelt. It threatens freshwater and the ecological health of the Lake Simcoe watershed.\nThis bill undermines efforts to make Ontario communities more livable, sustainable and resilient. It compromises transparency and public engagement. Contrary to current legal requirements (Planning Act, Clean Water Act), new by-laws can be passed without any prior public notice, behind closed doors. Furthermore, residents are left without any recourse as community members aren't able to appeal to Local Planning Appeal Tribunal.\n"
    },
    "20419": {
        "url": "/comment/20419",
        "comment": "Bill 66 seems like a short sighted idea that will accrue future problems that will be much costlier for short term gain. In that the environmental and societal impact due to loss of green space and clean water protections for industrial and commercial uses. For example, the dumping of waste water, be it full of chemicals, or just heated into the lakes and rivers will greatly impact ecology. It could lead to huge messy green algae buildup which in turn can lead to smelly water, dead wildlife (which will then also be in the water) and other effects. Not to mention where such chemicals could end up. If it got into the groundwater, then it would mean greater costs for the community to make it safe for human consumption. Also factories will lead to increased air pollution, that could lead to larger numbers of people with respiratory sensitivities, asthma and related issues.\nMore concisely and eloquently stated below:\nRemove Schedule 10 from Bill 66, which allows municipalities to override provisions in the Greenbelt Act, Clean Water Act, Lake Simcoe Act, Oak Ridges Moraine Conservation Act and Great Lakes Protection Act.\u201d\n"
    },
    "20421": {
        "url": "/fr/comment/20421",
        "comment": "Je m'oppose au projet de loi 66 dans son ensemble car il est \u00e9tabli sur des fausses pr\u00e9misses, celles que les r\u00e8glements actuels et la reddition de compte sont inutiles alors qu'ils ont souvent \u00e9t\u00e9 mis en place \u00e0 la suite d'un incident dont l'Ontario a tir\u00e9 les le\u00e7ons, un incident qui a nui \u00e0 l'int\u00e9grit\u00e9 des individus, \u00e0 leur sant\u00e9 ou encore \u00e0 la population par l'entremise de l'environnement de l'Ontario. Ces r\u00e8glements et les redditions de compte ne font obstacle au d\u00e9veloppement \u00e9conomique. Ils l'encadrent de fa\u00e7on \u00e0 prot\u00e9ger les individus et \u00e0 garder un environnement sain qui offre les ressources n\u00e9cessaires au d\u00e9veloppement \u00e9conomique. C'est le r\u00f4le du gouvernement de prot\u00e9ger sa population car les industries ont pour principal objectif la cr\u00e9ation de profit et non le bien-\u00eatre des Ontariens.\nJe m'oppose au projet de loi 66 parce qu'il est un projet contenant trop d'annexes qui rendent difficile sa compr\u00e9hension par la population et son d\u00e9bat dans la sph\u00e8re publique.\nPour ce qui est de l'atteinte \u00e0 l'int\u00e9grit\u00e9 de l'environnement de ce projet de loi, les exigences de reddition de comptes garantissent la protection des ressources \u00e9conomiques et de la sant\u00e9 de la population par l'\u00e9tablissement d'un environnement sain. Les exigences de reddition de compte ne sont pas d\u00e9su\u00e8tes mais plus n\u00e9cessaires que jamais, \u00e9tant donn\u00e9 la densit\u00e9 de la population croissante et la d\u00e9gradation de l'environnement croissante, sans compter les risques accrus par les changements climatiques en Ontario.\n"
    },
    "20426": {
        "url": "/comment/20426",
        "comment": "Regarding Schedule 3: Ministry of Education\nRemove restrictions on home-based child care providers, including allowing additional children, to make it easier for parents to find affordable child care.\n    Lower the age of children that authorized recreation programs can serve from 6 to 4.\nMy comment: I believe there have been serious issues with overcrowded (non-compliant) child care providers that has shown it is unsafe for the children if such overcrowding is allowed. I therefore disagree with this change.\nRegarding Schedule 4: Ministry of Energy, Northern Development and Mines\nRepeal the authority of the Ontario Energy Board to set rates for Unit Sub Metering Providers (USMPs)\nMy Comment: The repeal of OEB authority will create a situation where there is not effective oversight and authorized means of control over the USMPs to prevent overcharging unaware residents. This does not seem to strike the correct balance between commercial and consumer protections.\n"
    },
    "20430": {
        "url": "/comment/20430",
        "comment": "To whom it may concern,\nI am writing to voice my opposition to Bill 66 which, if passed, would undermine many critically important pieces of legislation that were created to protect the people of Ontario. Cutting and cancelling these important protections in the name of economic \u201ccompetitiveness\u201d will endanger lives, hurt our long term economic interests, and lower the quality of life in the province.\nI oppose the changes in Bill 66 that will result in:\n\u2013 Less protection for drinking water sources.\n\u2013 Critically important agricultural land and greenspace being developed and destroyed.\n\u2013 More urban sprawl and poorly conceived development.\n\u2013 Employees working significant amounts of overtime without pay.\n\u2013 Lower wages for unionized construction workers in many sectors of the economy.\n\u2013 Daycares with more children and fewer staff to look after them.\n\u2013 Less qualified caregivers in public schools and daycares.\n\u2013 Less protection from dishonest business practices by wireless companies.\n\u2013 Long term care homes being operated by companies with no experience and with less oversight.\nGutting important regulatory safeguards in the hopes of creating a few jobs is incredibly short sighted. Bill 66 will not make Ontario more competitive \u2013 but it will endanger our health, our communities, our environment and our future.\nFor all of these reasons and more, I oppose this bill.\n"
    },
    "20432": {
        "url": "/comment/20432",
        "comment": "Here is a quote from Gary Hardin, author of the tragedy of the commons. I think it applies here. \"Natural selection favors the forces of psychological denial. The individual benefits as an individual from his ability to deny the truth even though society as a whole, of which he is a part, suffers.\"\nNobody who agrees to this bill should ever sweat Brazil tearing down their rainforest when you are allowing developers to do the equivalent.\n"
    },
    "20434": {
        "url": "/comment/20434",
        "comment": "I am appalled that this government is considering bypassing such crucial acts as the Clean Water Act, the Green Belt Act, the Planning Act and the Great Lakes Protection Act. Need I remind the Premier that the Clean Water Act exists because of the events of Walkerton? People died. And it will happen again if such protections are ignored. The environment is a precious resource and should be protected. Not in the least because we depend on it for our survival. The shortsightedness of this bill is astonishing and would have detrimental and long lasting effects.\nOn the subject of archaeology, Ontario has a rich history of occupation that dates back more than 12,000 years. The archaeological assessments completed each year in advance of development help fill in the gaps in the story of our Province, Indigenous Peoples and more recent settlers. Archaeology gives a voice to many who have been written out of the history of our Province. Indigenous and descendant community participation in the process of archaeological investigation has recently amplified that voice. Bill 66 threatens to allow municipalities to opt out of provisions within the Planning Act, including the Provincial Policy Statement (2014) which require many of the assessments that are completed.\nUnder Bill 66, a municipality will be able to circumvent Subsection 3(5) and Section 24 of the Planning Act which give authority to the Provincial Policy Statement (2014) and Official Plan requirements respectively. The protection of heritage is a mandatory provincial interest under the Ontario Heritage Act, not a decision of convenience at a municipal level. Bill 66 needs to be amended to restore the requirements that protect our heritage for the generations to come.\nFurthermore, if the purpose of Bill 66 is job creation let me ask you - what about all the jobs that will be lost by bypassing these acts? What of the environmental scientists, the archaeologists, the farmers? The people who work to ensure that protections are in place and being complied with. The people who ensure that we have clean drinking water, food on our table, safe lakes and rivers. Does this government care about their jobs? Sounds to me like this government is only for \u201ccertain\u201d people.  And what happened to campaign promises? Have you forgotten the Premier promised to keep the Greenbelt \u201cin its entirety\u201d?\nI am incredibly disappointed, distressed and disgusted by the egregiousness of Bill 66. Passing it would be an enormous mistake. The consequences of which would be both immediate and far reaching, devastating this generation and the generations to come.\n"
    },
    "20435": {
        "url": "/comment/20435",
        "comment": "I do NOT support Bill 66, as it threatens to erode our environment, human health, and democracy. Schedule 10 of Bill 66 would allow municipalities to create an \u201copen for business planning by-law\u201d to allow developers to ignore environmental laws and protections that are in place for a good reason. Developers should not be allowed to bypass the 2005 Green Belt Act Act (which protects 2 million acres of farms, natural areas and water sources), the the 2001 Oak Ridges Moraine Conservation Act, the 2006 Clean Water Act (which is in place to prevent tragedies such as the E. coli outbreak in Walkerton), the 2015 Great Lakes Protection Act, and the 2008 Lake Simcoe Protection Act. Furthermore, I do not support removing the 2009 Toxins Reduction Act which protects and informs consumers from harmful toxins. And allowing by-laws to be passed without meeting the legal requirement to ensure fair, consistent, transparent public engagement with land use in communities-- as laid out in Schedule 10 of Bill 66-- is not democracy. This Bill puts our land, water, wildlife, health, and natural heritage at risk, and undermines evidence-based city planning.\nOnce we degrade our environment there is no going back, and I do not support short term profits for a few over the long term sustainability of our communities and our planet for all\n"
    },
    "20436": {
        "url": "/comment/20436",
        "comment": "Protect the Greenbelt in its entirety for the wellbeing of Ontarians and wildlife!\nOntario\u2019s Greenbelt is currently at risk with the introduction Bill 66.  This Bill could expedite development of environmentally sensitive lands and negatively affect planning policies such as the Greenbelt Act, the Oak Ridges Moraine Conservation Act, the Clean Water Act and the Great Lakes Protection Act.  The Greenbelt has been recognized internationally as an exemplary example of land-use planning.\nThe Greenbelt contributes to the health and wellbeing of people and wildlife, a prosperous economy, local food, tourism, recreational opportunities, proper land-use planning and natural capital.  For example, it is estimated that the economic benefit of the Greenbelt exceeds approximately $9 billion annually throughout the Province in direct, indirect and induced impacts.  The Greenbelt ensures the protection of fertile farmland and our natural heritage and provides ecosystem services such as clean air and water, climate change and stormwater mitigation, carbon sequestration, and habitat for birds, turtles and species at risk, helping much needed biodiversity.\nOnce the Greenbelt is paved, the damage is irreparable and our quality of life will be compromised for generations to come.\n"
    },
    "20439": {
        "url": "/comment/20439",
        "comment": "Dear Sir/Madame,\nI believe we need to preserve and expand the Greenbelt for the well-being of people, water quality, climate action, forests, and wildlife.  Bill 66 could expedite development of environmentally sensitive lands and negatively affect the Oak Ridges Moraine Trail as well as planning policies such as the Greenbelt Act, the Oak Ridges Moraine Conservation Act, the Clean Water Act and the Great Lakes Protection Act. Let's protect the Greenbelt from urban sprawl. The Greenbelt ensures the protection of fertile farmland and our natural heritage and provides ecosystem services such as clean air and water, climate change and stormwater mitigation, carbon sequestration, reduced strain on city infrastructure, and habitat for birds, turtles and species at risk.  It helps sustain biodiversity and our quality of life.\nAt a time we are campaigning to save the Amazon rainforest from the atrocious policies of President Bolsonaro in Brazil who'd destroy the \"lungs of the Earth\" to expand animal agriculture, let's be examples and not hypocrites at the local level.\nThank you.\nAnita Krajnc\nfounder of www.TorontoPigSave.org and www.TheSaveMovement.org\n"
    },
    "20442": {
        "url": "/comment/20442",
        "comment": "Changing our lives to save our earth will not wait until we are competitive. It will probably cost jobs and hardships to all of us. Should we be competitive now, rack in the money and know our great-grandchildren are going to suffer terrible because of our greed.\nDo not change our environment/climate laws. keep the Green-Belt. do the opposite of what you propose.\n"
    },
    "20443": {
        "url": "/comment/20443",
        "comment": "As a Master of Environmental Science candidate at the University of Toronto, Scarborough, I am particularly concerned about how Bill 66 allows for the following environmental regulations to be bypassed:\nSection 39 of the Clean Water Act, 2006.\nSection 20 of the Great Lakes Protection Act, 2015.\nSection 7 of the Greenbelt Act, 2005.\nSection 6 of the Lake Simcoe Protection Act, 2008.\nSection 7 of the Oak Ridges Moraine Conservation Act, 2001.\nAllowing for municipalities to bypass these regulations puts not only habitat and biodiversity, but also public health, at risk. As the planet's temperature is set to increase by at least 1.5 degrees Celsius in the coming decades, it is more crucial than ever to protect the naturally-existing infrastructure which supports our clean air, drinking water, food pollinators, and other vital ecosystem services. Much of this infrastructure is contained within the Oak Ridges Moraine and Greenbelt.\nLowering costs for businesses will cost us all in the long run, as municipalities and the province will have to pay for the services once provided to us for free if they are compromised by development. As what happened in the past with the Walkerton tragedy, some people will ultimately pay with their lives, if sources of drinking water are not adequately protected.\nIn addition to being a student of environmental science, I am also a part-time worker who is equally concerned about Schedule 9 of this bill, particularly:\n-Amend the Employment Standards Act, 2000 (ESA) to reduce regulatory burden on businesses, including no longer requiring them to obtain approval from the Director of Employment Standards for excess hours of work and overtime averaging.\n-Stop requiring employers to post the Employment Standards Act (ESA) poster in the workplace, but retain the requirement that they provide the poster to employees.\nThis blatantly undermines worker protections, making it very clear that the \"people\" Doug Ford claims to be for are business owners. Removing the requirement for employers to post the ESA poster in the workplace strikes me as especially ridiculous, and I fail to see how putting up a poster constitutes a \"burden\" on businesses. Workers have the right to be able to easily refer to this poster at their place of employment.\nBill 66 is an attack on workers, the environment and public health, now and into the future. I strongly urge reconsideration.\n"
    },
    "20445": {
        "url": "/comment/20445",
        "comment": "The Tyandaga Environmental Coalition Inc. (\u201cTEC\u201d) was founded in 2013 in response to local citizens\u2019 concerns about the environmental and health impacts of a quarry near a residential neighbourhood.\nTEC embarked upon a review of the applicable municipal by-laws and provincial statutes that protect citizen\u2019s health and the endangered species who share our ecosystem. What we learned is that some progress has been made with the Endangered Species Act, the Clean Water Act, the Environmental Protection Act, the Greenbelt Act, and the protection of Natural Heritage Features in our Official Plans but that much remains to be done to ensure that while businesses thrive, our communities and our environment are protected.\nTEC (www.tecburlington.com) joins with the City of Burlington, the Region of Halton, Burlington Green and many other organizations and citizens to urge the province not to take a step backwards by allowing businesses such as the aggregate industry and  developers to by-pass these important protections and the procedures currently set out in the Planning Act in the guise of being \u201copen for business\u201d.  Burlington and other municipalities remain \u201copen for business\u201d but its citizens have made it clear that they value the importance of the Greenbelt and are committed to protecting its natural heritage features. In addition, there is no shortage of employment land available that would make such an abdication of our collective responsibility necessary.  TEC urges the Minister to reconsider this Bill and recommit to protecting the environment, our clean water, our watersheds, our wetlands, our woodlands, our farmland, our endangered species and the health of all Ontario residents.\n"
    },
    "20446": {
        "url": "/comment/20446",
        "comment": "I strongly disagree with the proposed Bill 66. The Greenbelt is integral to protecting Ontario's farmland and this Bill is a thinly veiled attempt to gut Greenbelt protections. The Greenbelt protects Ontario farmland, forests, and nature. It provides habitat for wildlife and productive farmland that supports rural jobs, and a strong agricultural business sector. Gutting the Greenbelt will hamper economic prosperity of the region, which contributes billions of dollars to the economy, and runs contrary to this government's pledges to keep Ontario open for business. This Bill is shameful!\n"
    },
    "20447": {
        "url": "/comment/20447",
        "comment": "Last Thursday I attended and made a deputation at the City of Vaughan's council meeting on ENVIRONMENTAL REGISTRY NO. 013-4125  (Proposed Open-for-Business Planning Tool) and ENVIRONMENTAL REGISTRY NO. 013-4239  (New Regulation under the Planning Act for Open-for-Business Planning Tool). I was one of many concerned Vaughan residents. The deputations took nearly 2 1/2 hours. It felt good to be part of democracy that evening as each speaker admonished Council to revoke the proposed \"open for business\" provisions that would see the Greenbelt and Oak Ridges Moraine possibly impacted by development. Not a single person thought allowing business development in these natural heritage and environmentally sensitive areas is a good idea.\nAs you know, Schedule 10 of Bill 66 would override the Greenbelt Act, the Clean Water Act, the Great Lakes Protection Act, the Lake Simcoe Protection Act, the Oak Ridges Moraine Conservation Act all of which provide critical protection for our natural world and healthy communities. The protection of vital water sources is not optional, it is critical for the health and safety of all citizens.  Health and safety protection is not red tape. Making decisions today that reflect the needs of future citizens is not an afterthought. It's the only fair thing to do.\nSchedule 10 proposes that open-for-business planning by-laws will not be subject to any notice, comment or hearing requirements under the Planning Act. Public participation is critical to ensure that the public can present perspectives and information that will balance those of the developer. Public participant requirements are not red tape but are essential to good land use planning and reflects a government committed to its citizens.\nLets not go backwards.\nThank you,\n"
    }
}