{
    "20698": {
        "url": "/comment/20698",
        "comment": "Bill 66 is not in the public interest at all.  It is the responsibility of all levels of government to protect the environment for future generations.  This is in the interest of every one and existing legislation was correctly put in place to assure the quality of our environment is preserved for our safety and enjoyment.  Bill 66 will expose weaker local governments to pressures which will serve the narrow, short term financial interest of an unscrupulous few.  Do not pass this Bill!\n"
    },
    "20699": {
        "url": "/comment/20699",
        "comment": "I am concerned about the proposed changes to the Planning Act that would allow municipalities to make a great number of decisions without oversight at the provincial level, and without needing to notify the public or get input from the public.  I am a resident of Ontario, and believe that protecting our natural environment is of key importance.  I am asking that proposed changes to the Planning Act be removed from what is essentially an omnibus bill, and considered separately with a separate comment period.\nProtecting the environment is hardly mentioned at all with respect to Planning Act proposed changes, and yet a number of paragraphs are devoted to building and site plan issues; this seems strange and short-sighted.  I did not see where \"prescribed purpose\" for use of land was defined - this seems unclear.\nI am also deeply concerned that the Bill itself notes a number of excluded sections to various existing Acts, but does not link to that information, so that it is unclear, without a great deal of research, what is being referred to.  All information referring to other parts of the Planning Act or other legislation should be hyperlinked, so that is is clear what is being proposed.\n"
    },
    "20700": {
        "url": "/comment/20700",
        "comment": "I wish to comment on the proposed changes to the Employment Standards Act.\nFirst, I cannot see any cost saving to not requiring employers to post the Employment Standards poster in the workplace.\nThis will not \"put money in the pockets of Ontarians\" since the employer is still required to have a copy of the poster on hand.\nIt will not \"reduce red tape\" because (supposedly) the employer still has to follow the Employment Standards Act rules.\nNo, this has to be a subtle encouragement to employers to mistreat their employees and keep them in the dark as to their rights.\nThis sickens me.\nIt's not fair, and it's not the Ontario I have been proud of, for so long.\nSecond, I am disappointed that overtime averaging will once again be allowed.  In lower paid sectors, e.g. service industries, overtime averaging makes it easy for employers to take advantage of employees and vastly overwork them (compared to normal hours) one week and then give them next to no hours for the rest of the month.  On paper it looks fair.  But the body suffers.  Workers get sick, and end up with LESS money in their pockets.\n"
    },
    "20701": {
        "url": "/comment/20701",
        "comment": "Hi there. My name is Mackenzie and I am an Ontario resident. My comments are below and I have gotten my information/comments from Ontarionature.org and I totally agree with the following points. Please do not pass this bill! Ontarians DO NOT WANT IT and please don't make such a short-sighted decision. It also seems this legislation benefits a small portion of Ontarians, particularly the developers who benefit (many may not even be Ontarians). Our Greenbelt and surrounding areas are so special, support us with changes associated with climate change and provide us with local, fresh food. The future is sustainability and to this bill is so regressive and sets us back decades. Please think of future generations of Ontarians and not just developers who want to get even richer over the next 4 years. Doug Ford also promised NOT to touch the Greenbelt because Ontarians showed him how they felt about the Greenbelt - we do not want the Greenbelt developed. Some points I'd like to highlight include:\n1. It affects every municipality in Ontario. Bill 66  allows municipalities across the province to create \u201copen-for-business by-laws\u201d that would trump critical legal requirements to protect water, natural heritage, farmland and human health and well-being. These bylaws would take precedence over municipal official plans.\n2. It threatens drinking water across Ontario. Open-for-business by-laws would override policies in approved source protection plans intended to protect existing and future sources of municipal drinking water from threats such as landfills, sewage systems and improper handling of fuel, manure and pesticides.\n3. It threatens wetlands, woodlands and habitat for species at risk across Ontario. Open-for-business by-laws would circumvent protections for these important habitats and species set out in the Provincial Policy Statement (PPS) under the Planning Act.\n4. It threatens farmland across Ontario. Open-for-business by-laws would bypass\nagricultural protections set out, for example, in the PPS. This could lead to more urban sprawl.\n5. It threatens two million acres of natural areas and farmland across the Greenbelt.\nOpen-for-business by-laws would override protections for natural heritage and farmland set out in the Greenbelt Plan and the Oak Ridges Moraine Conservation Plan.\n6. It threatens freshwater and the ecological health of the Lake Simcoe watershed. Open-for-business bylaws would trump requirements set out in the Lake Simcoe Protection Plan.\n7. It would undermine efforts to make Ontario communities more livable, sustainable and resilient. Open-for-business by-laws would override PPS policies supporting active transportation, affordable housing, green infrastructure and climate resiliency.\n8. It would compromise transparency and public engagement. Contrary to current\nlegal requirements (Planning Act, Clean Water Act), the by-laws could be passed without\nany prior public notice, behind closed doors.\n9. It would leave citizens without recourse. Community members would not be able\nto appeal open-for-business by-laws to the Local Planning Appeal Tribunal.\n10. It threatens human and wildlife health through increased exposure to toxic\nchemicals. Bill 66 proposes to repeal the Toxics Reduction Act, which requires certain\nindustrial facilities to consider ways to reduce the use and emission of toxic chemicals in\ntheir operations.\n"
    },
    "20703": {
        "url": "/comment/20703",
        "comment": "January 20, 2019\nDear Madam/Sir,\nPlease accept this submission as Environment Hamilton\u2019s formal comments regarding the proposed Bill 66 Restoring Ontario\u2019s Competitiveness Act.  Our submission addresses concerns related to EBR Registry Postings:  #013-4293, #013-4234, #013-4235, #013-4125, and #013-4239.\nEnvironment Hamilton\u2019s comments are provided below in sections that address the proposed changes in Schedule 5 and Schedule 10 of Bill 66.   We would also like to note that we are also a signatory to the  submission made by the Ontario Greenbelt Alliance (OGA).  Environment Hamilton is an organizational member of the OGA and serves on the Alliance\u2019s Steering Committee as a regional leader.   We are very committed to the on-going protection and enhancement of Ontario\u2019s Greenbelt and we know that a huge majority of Ontarians support us in the desire to see our Greenbelt thrive.\nSCHEDULE 5  - Ministry of Environment, Conservation & Parks & the TOXICS REDUCTION ACT\nHamilton is a city with a heavy industrial core and an extensive base of manufacturing facilities.   Environment Hamilton has worked for many years to see these facilities make improvements to reduce their emissions to air, land and water.   This has included pushing for greater openness and transparency so that Hamiltonians living in neighbourhoods near the industrial core have information about what their industrial neighbours are doing, what risks and challenges are associated with these activities and, most importantly, what efforts are underway at these facilities to minimize and ideally eliminate any environmental impacts from these operations.  Ontario\u2019s Toxics Reduction Act and associated regulations represents an important piece in the on-going effort to increase openness and transparency and realize progress in reducing and/or eliminating the use and release of harmful substances from industry wherever possible.   Environment Hamilton strongly opposes the proposal in Schedule 5 of Bill 66 to repeal the Toxics Reduction Act and all associated regulations.  Furthermore, because we strongly oppose the proposal to repeal the act and associated regulations, we also do not support the proposal in posting #013-4235 to create a new regulation that sets out \"Planning and reporting changes under the toxics reduction program and Ontario Regulation 455/09\".\nWe have had the opportunity to review the very detailed submission prepared by the Canadian Environmental Law Association (CELA).  CELA has undertaken an essential analysis that the Ministry of Environment, Conservation and Parks must consider.    We continue to be deeply concerned about the generation and release of harmful substances into Hamilton\u2019s air, water and land; Hamiltonians deserve to feel safe and healthy in our city and elimination of important protections offered in existing legislation is detrimental.   Having carefully reviewed CELA\u2019s submission, we concur with their call, not only to keep the Toxics Reduction Act and associated regulations in place, but also to enhance provincial efforts to see industries do even more to prevent the release of toxic substances into the environment.    As CELA so effectively points out,\n(T)he purpose of the TRA (Toxics Reduction Act) is to prevent pollution and protect human health\n        and the environment by reducing the use and creation of toxic substances and informing\n        Ontarians about toxic substances. Pre-TRA legislation in Ontario (e.g. EPA, OWRA) focused on, and\n        continues to focus on, pollution abatement, not pollution prevention. This problem explained,\n        and continues to explain, why Ontario\u2019s emissions of toxic substances to air, land, and water are\n        some of the highest in North America.\nWe fully support the following recommendations made by CELA in their submission.  Recommendations include that:\n1. MECP not repeal the TRA;\n2. MECP not revoke the regulations or eliminate any of the planning and reporting requirements of the TRA, including the requirement on industry to prepare toxics reduction plans;\n3. MECP proclaim in force sections 11, 15.1, 20.1, 26.1, 30, 38, and 50(1)(o.1)(o.2) of the Act;\n4. MECP list under the TRA as substances of concern the 135 substances identified in the 2008 Discussion Paper if they are still present in commerce and the environment in Ontario; and\n5. Pursuant to the authority under s. 50(1)(d) of the Act, MECP set targets relating to toxic substances under O. Reg. 455/09. \t\t\t\t\t\t\t                -CELA \u2013 Bill 66 submission\nFinally, Environment Hamilton is currently preparing comments on the provincial government\u2019s \u2018Made In Ontario Environment Plan\u2019.  In that plan there is an entire section focused on \u2018Protecting Our Air, Lakes and Rivers\u2019.  The section begins with this commitment from the provincial government:\nOntario\u2019s water and air are life support systems for our province and our people. Pollution in our air and water increases healthcare costs, affects the enjoyment of our outdoors and contributes to lost economic opportunity. We will protect these critical systems by keeping our water and air clean while growing our economy.                                                  - Made in Ontario Environment Plan, 2018, p9\nThe government goes further by explaining that:\nOur plan will make it easier for people to report pollution that is impacting their lives by developing an online platform for reporting incidents that allows photos or video to be sent in, as well as reporting an incident by e-mail, phone or through an app.  Additionally, we will put in place an improved complaint response system that sets out the services Ontarians can expect from inspectors and investigators when they file a complaint, and new standards on the response time they can expect based on the type of incident they report. We will be transparent about pollution incidents and spills, and provide real-time information where it is available so that people can see if a spill or incident has already been reported, as well as the status of the ministry\u2019s response. .                                                                        - Made in Ontario Environment Plan, 2018, p9\nGiven this focus on improving openness and transparency combined with the expressed desire to keep our water and air clean, it makes absolutely no sense to us that the Ford Government is proposing to repeal the Toxics Reduction Act.  We believe that doing this will only make the aspirational goals set out in the \u2018Made in Ontario Environment Plan\u2019 far more difficult to reach.\nSCHEDULE 10 \u2013 Ministry of Municipal Affairs & Housing & the Planning Act\nEnvironment Hamilton strongly opposes Schedule 10 of Bill 66, which proposes amendments to the Planning Act and an associated proposal to create a regulation that would enable the development of a municipal \u2018open for business planning tool\u2019.\nAt the most fundamental level, we do not believe that there is any need nor do we believe there is any justification to empower municipalities to create an \u2018open for business planning by-law\u2019 in the manner set out in Bill 66.  As currently drafted, the Bill would enable municipalities to create such a by-law to pursue \u2018job-creating economic development initiatives\u2019, in a manner that would exempt the municipality from having to comply with a long list of essential planning and environmental legislation.  This would undo decades of effort \u2013 including that of previous Conservative governments \u2013 to build a legislative framework designed to help create resilient communities where economy, environment and social needs are all carefully considered and balanced.  For instance, should the City of Hamilton opt to pursue an \u2018open for business planning by-law\u2019 to facilitate a major economic investment, we understand that the undertaking would not be required to:\n- Be consistent with provincial interests set out in the Provincial Policy Statement;\n \t- Conform to Hamilton\u2019s Rural and Urban Official Plans;\n \t- Comply with source water protection policies in the Clean Water Act;\n \t- Conform with the Great Lakes Protection Act;\n \t- Conform with the Greenbelt Act;\n \t- Conform with the Places to Grow Act;\n \t- Be consistent with the Metrolinx Act or the Resource Recovery & Circular Economy Act.\nThis is not the approach to economic development that Environment Hamilton wants to see in our city and we believe a majority of Hamiltonians agree with us on this issue.   Hamilton has learned, through its history, that there is a large price to pay when the environment is sacrificed for economic gain.  We do not want to go back to the days when Hamilton pursued economic development at any cost; we are still struggling to address legacy problems that resulted from this past approach (think Randle Reef \u2013 the massive deposit of coal tar contamination on Hamilton\u2019s harbour floor).   We are not alone in our concern; City of Hamilton planning staff have submitted comments on Schedule 10 that reinforce the concerns that we are raising here.  This makes us hopeful that the City of Hamilton will opt not to use this short-sighted tool and even pass a formal resolution to this end, like a growing list of municipalities have already done.  Despite the growing number of municipalities committing not to use this provision, we remain concerned that the \u2018open for business by-law\u2019 generates a race to the bottom among Ontario municipalities. The legislation will enable development interests to go from municipality to municipality looking for a place to utilize the open for business by law.   This will put enormous pressure on municipalities that opt not to use the by-law.   At the end of the day, we are all residents of Ontario so what happens in other parts of the province affects all of us. That is precisely why we need a provincial government that sets appropriate higher level rules to guide development in a manner designed to protect essential elements like source water, natural ecosystems, and agricultural lands.\nWe are also extremely concerned about the threat that an \u2018open for business planning by-law\u2019 poses to Ontario\u2019s Greenbelt and the prime agricultural land and specialty crop land within it.  We know that Ontario has already lost too much of its prime agricultural land; we simply cannot afford to lose any more of it, especially as we face an uncertain climate future.   An essential part of successful transformation to post-carbon society is to be able to grow enough food within close range to feed local populations.   In Hamilton, we know that we have already lost too much of our farmland to achieve this goal \u2013 we cannot afford to lose any more of it to development that is better suited for brownfield sites or for already designated and unoccupied employment lands within the municipality.\nFinally, we are deeply concerned about the manner in which our rights as Ontarians will be compromised if and when open for business planning by-laws become reality.   It is shocking in this day and age to read draft legislation that proposes the elimination of public notice requirements and that condones decision-making behind closed doors.  To make matters worse, Bill 66 also proposes that \u2018open for business zoning by-laws\u2019 will not be open to appeal through the Local Planning Appeal Tribunal (LPAT) as would be the case with any other municipal zoning by-law proposal.   This is an eroding of democratic rights in Ontario which, when considered with the threats to sustainable planning, ecological integrity, and drinking water sources that accompany it, constitutes an incredibly dangerous piece of legislation.    It is for this reason as well that Environment Hamilton is so very deeply opposed to Schedule 10 of Bill 66.\nSUMMARY AND CONCLUSIONS:\nIn summary, Environment Hamilton is strongly opposed to both Schedule 5 and Schedule 10 of Bill 66.   We believe this legislation sets a dangerous precedent and that it will serve only to undo important progress that has been made over many years to make Ontario a place that is resilient, sustainable, and liveable.   A sustainable environment is the base on which economic prosperity must be built.   To do what Bill 66 sets out to do is short-sighted and will only serve to ensure economic hardship in the future.\nThank you,\nLynda Lukasik, PhD\nExecutive Director\nEnvironment Hamilton\ncc Environment Hamilton Board of Directors\n*NB \u2013 This submission does not contain any information that is private and so, it can be shared publicly on the ERO Registry.\n"
    },
    "20704": {
        "url": "/comment/20704",
        "comment": "Red tape is not made up of rules to keep our environment safe and clean, it is meaningless repetitive form filling, sure combine the information needed for the project, make the forms very clear and identify the information needed to make sure you are not going to damage the environment, and if you are that you can be held accountable and do not have plausible deniability.\nIt is always government and the taxpayer that ends up cleaning up the mess, because the polluter goes bankrupt, I would much rather avoid the problem, the human illnesses that result, (that I have to provide free health care for) the unmitigated damages that cannot be repaired in any way or in environmentally friendly way.  Whether it is mercury pollution in the Grassy Narrows areas, a problem for more than 50 years, or the fallout damage to the vermillion water shed (over 4000 square kilometers) we are living with this damage, with extreme levels of pollution that limit our life spans and cause many chronic illnesses.  Wake up and recognize the rules are there for a reason. They make sense.\n"
    },
    "20707": {
        "url": "/comment/20707",
        "comment": "Good evening. I live in Toronto, Canada and the comments by Ontario Nature sum up my views well. Ontarians do not want this bill.\n1. It affects every municipality in Ontario. Bill 66  allows municipalities across the province to create \u201copen-for-business by-laws\u201d that would trump critical legal requirements to protect water, natural heritage, farmland and human health and well-being. These bylaws would take precedence over municipal official plans.\n2. It threatens drinking water across Ontario. Open-for-business by-laws would override policies in approved source protection plans intended to protect existing and future sources of municipal drinking water from threats such as landfills, sewage systems and improper handling of fuel, manure and pesticides.\n3. It threatens wetlands, woodlands and habitat for species at risk across Ontario. Open-for-business by-laws would circumvent protections for these important habitats and species set out in the Provincial Policy Statement (PPS) under the Planning Act.\n4. It threatens farmland across Ontario. Open-for-business by-laws would bypass\nagricultural protections set out, for example, in the PPS. This could lead to more urban sprawl.\n5. It threatens two million acres of natural areas and farmland across the Greenbelt.\nOpen-for-business by-laws would override protections for natural heritage and farmland set out in the Greenbelt Plan and the Oak Ridges Moraine Conservation Plan.\n6. It threatens freshwater and the ecological health of the Lake Simcoe watershed. Open-for-business bylaws would trump requirements set out in the Lake Simcoe Protection Plan.\n7. It would undermine efforts to make Ontario communities more livable, sustainable and resilient. Open-for-business by-laws would override PPS policies supporting active transportation, affordable housing, green infrastructure and climate resiliency.\n8. It would compromise transparency and public engagement. Contrary to current\nlegal requirements (Planning Act, Clean Water Act), the by-laws could be passed without\nany prior public notice, behind closed doors.\n9. It would leave citizens without recourse. Community members would not be able\nto appeal open-for-business by-laws to the Local Planning Appeal Tribunal.\n10. It threatens human and wildlife health through increased exposure to toxic\nchemicals. Bill 66 proposes to repeal the Toxics Reduction Act, which requires certain\nindustrial facilities to consider ways to reduce the use and emission of toxic chemicals in\ntheir operations.\n"
    },
    "20711": {
        "url": "/comment/20711",
        "comment": "The Council of the Town of Collingwood have carefully reviewed and considered the contents of Schedule 10 of Bill 66, Restoring Ontario\u2019s Competiveness Act, 2018, which was read for a first time in December. Council have authorized staff to post the following comments to the Environmental Registry:\nCouncil appreciate that the purpose of this legislation is to provide municipalities with the ability to react quickly to a potential economic development opportunities.  Council would have the option of passing an enabling planning by-law that would reduce the typical time frame and cost of the municipal planning review process.  New employment uses would be able to establish their businesses more quickly and therefore ensue that the Province is competitive with other jurisdictions trying to attract foreign and local investment.\nTown of Collingwood Council does recognize that there will be no requirement for municipalities to pass Open-for-business planning by-laws.  Despite being optional; Council does recommend that the Province should amend Bill 66 to provide all municipalities with the ability to establish their own rules and framework under which they could pass an Open-for-business planning by-law.\nThe framework that the Town of Collingwood would establish would require respect for best planning and environmental sustainability practices, and the principles established in other relevant legislation.  The Town is very interested in ensuring that new economic development does not negatively impact the positive characteristics of the community that make it a great place \u2018to live, work and play\u2019.  Therefore, Collingwood\u2019s framework would also set out the type of investments that the community is interested in supporting, which would not be those with potential land use compatibility challenges.\nAdditionally, the Town of Collingwood\u2019s framework would incorporate requirements for the provision of information to the public and opportunities for public consultation.\nTown of Collingwood Council thanks the Province for the opportunity to provide comments on this legislation.  Council asks that the Town be placed on the circulation list to receive any further information with respect to Bill 66.\n"
    },
    "20712": {
        "url": "/comment/20712",
        "comment": "Please find attached two letters regarding the position of the Ontario Fruit and Vegetable Growers' Association on changes to the Agricultural Employees Protection Act and the Planning Act proposed with Bill 66.\nThank you.\nGordon Stock\ngstock@ofvga.org\n519-803-8413\n"
    },
    "20716": {
        "url": "/comment/20716",
        "comment": "The proposed changes in this bill, Bill 66 put the public at risk. What the Bill refers to as  \u201cred tape and burdensome regulations\u201d have been put into place to protect public health, safety, well-being and resilience. Remember Walkerton!  This omnibus bill is undemocratic. It does not adequately allow for public study and understanding of the implications of this vast array of schedules and domains, nor does it allow for adequate public discourse, or proper examination in committees or the legislature. The scope of this omnibus bill puts the public at risk, particularly our most vulnerable residents and citizens. Bill 66 represents an unacceptable and unprecedented attack on legislative provisions which currently safeguard environmental quality and public health and safety throughout Ontario.\nBill 66 is in breach of public trust. It puts the public at risk.\nRe: Schedule 3:  Ministry of Education\n\u2022\"Remove restrictions on home-based child care providers, including allowing additional children, to make it easier for parents to find affordable child care.\"\nNB          Such deregulation makes our children less safe. During 7 months in 2013-2014 four children died in daycares. See the Ombudsman\u2019s Report: Careless about child care   https://www.ombudsman.on.ca/resources/reports-and-case-summaries/report\u2026    No parent wants cheap childcare at the expense of the well-being or death of their child. Stringent regulation is necessary.\nRe: Schedule 5:  Ministry of the Environment, Conservation and Parks\n\u2022\"Repeal the Toxics Reduction Act, 2009 by 2021, remove the toxics reduction plan in 2019 and rely on the robust and science-based Federal Chemicals Management Plan\nSee \"Repeal the Toxics Reduction Act, 2009 and all associated regulations by December 31, 2021\" (ERO # 013-4234) and\nSee \"Planning and reporting changes under the toxics reduction program and Ontario Regulation 455/09\" (ERO # 013-4235)\"\nNB           DO NOT REPEAL the Toxics Reduction Act, 2009.Repealing the Toxics Reduction Act, 2009, is not in the public interest.  Its implementing regulations require large industries to develop plans to reduce the use or generation of toxic substances within their production processes. Those \u201cburdensome regulations\u201d are there to protect the health, safety, well-being and resilience of Ontarians.\nRe: Schedule 7: Ministry of Government and Consumer Services\n\u2022 \"Reduce where operating engineers are required to supervise.\"\nNB           DO NOT REDUCE WHERE OPERATING ENGINEERS ARE REQUIRED TO SUPERVISE. It is in the interest of public safety for such qualified professionals, held to stringent standards and a stringent code of ethics, to be in this supervisory position. Diminishing such oversight puts the public at risk. This is in breach of public trust.\nRe: Schedule 8: Ministry of Health and Long-Term Care\n\u2022 \"Modernize and streamline administrative requirements for the operators of long-term care homes.\"\nNB           DO NOT STREAMLINE ADMINISTRATIVE REQUIREMENTS FOR OPERATORS OF LONG-TERM CARE HOMES. Our elders are among the most vulnerable of our population.  It is essential that complete transparency be upheld in the whole process of licensing and monitoring long term care homes.\nRe: Schedule 9: Ministry of Labour\n\u2022 \"Amend the Employment Standards Act, 2000 (ESA) to reduce regulatory burden on businesses, including no longer requiring them to obtain approval from the Director of Employment Standards for excess hours of work and overtime averaging.\"\nNB           Surely this 'approval' exists to protect workers. At a time when so many Ontarians are employed in the service industry, and many with extremely precarious employment, there must be safeguards to protect employees. This regulatory measure should be retained.\nRe: Schedule 9: Ministry of Labour\n\u2022\"Stop requiring employers to post the Employment Standards Act (ESA) poster in the workplace, but retain the requirement that they provide the poster to employees.\"\nNB           Both and. Not only should the ESA poster be posted in the workplace, but it should also be provided to each employee upon employment. This is part of the social contract between employer and employee. Furthermore, certified translations should be available to employees whose mother tongue is neither English nor French.\nRe: Schedule 9: Ministry of Labour\n\u2022\"Amend the Labour Relations Act, 1995 to explicitly deem public bodies, including municipalities, school boards, hospitals, colleges and universities, as \u201cnon-construction employers\u201d.\nNB            What could this possibly mean? The implications of this need to be explained clearly prior to anyone being able to comment on this.\nRe: Schedule 10: Ministry of Municipal Affairs and Housing\n\u2022\"Introduce a new economic development tool and remove planning barriers to expedite major business investments and speed up approvals by about two years.\nSee \"Proposed open-for-business planning tool\" (ERO # 013-4125) and\nSee \"New Regulation under the Planning Act for Open-for-Business Planning Tool (ERO # 013-4239)\"\nNB           REMOVE SCHEDULE 10!\nDecades of hard work, by Progressive Conservative and Liberal governments have put in place laws and regulations which protect the long-term health and resilience of our communities and residents. Very few Ontarians understand that,  contrary to current legal requirements (Planning Act, Clean Water Act...), the by-laws could be passed without any prior public notice, behind closed doors. This is undemocratic, and in breach of public trust. Letting big business ignore rules outlined in the Clean Water Act, the Great Lakes Protection Act and the Toxics Reduction Act, as well as open up the Greenbelt for development, poses a threat to our land, water, and air.  Bill 66 opens up Ontario\u2019s Greenbelt for factory, retail and residential development, undermines drinking water protection rules and guts rules that help industry reduce the release of toxic chemicals. At a time when Ontarians need forward-thinking government action, Bill 66 basically takes us back 40 years.\nI am in complete agreement with the following:\n'The proposed Bill is framed as an attempt to cut red tape and facilitate the development planning and approvals process for business. However, looking beyond the rhetoric, ... it could result in real, adverse, and potentially irreversible effects to Ontario\u2019s land, housing, and climate. If Bill 66 becomes law, it will allow new and potentially large-scale developments to be approved without the sound environmental protections and evidence-based growth management policies that ensure healthy and sustainable communities\u2014including allowing development in the Greenbelt. The Bill will also dramatically weaken the public\u2019s right to comment on development projects that might affect the environment, including access to clean water, natural heritage systems and agricultural lands.'...\n'Ontario\u2019s regulatory framework must evolve in a way that not only attracts business investments but also protects Ontarians from risks like a changing climate and drinking water contamination, and protects our farmlands and green spaces. The Bill 66 changes to the Planning Act take us in the wrong direction.'\nBill 66 is not in the public interest, and should not be passed.\n"
    },
    "20719": {
        "url": "/comment/20719",
        "comment": "Section 10 of Bill 66  is unnecessary, duplicates existing powers, suspends hundreds of policies, is harmful to environmental and public health, threatens the future of sound planning, and subverts democracy in Ontario.\nWe urge you to withdraw Section 10 of Bill 66.\n"
    },
    "20720": {
        "url": "/comment/20720",
        "comment": "Please remove Schedule 10 from Bill 66, which allows municipalities to override provisions in the Greenbelt Act, Clean Water Act, Lake Simcoe Act, Oak Ridges Moraine Conservation Act and Great Lakes Protection Act.\nThe safety of our drinking water and the integrity of the Greenbelt should not be undermined by Bill 66. Schedule 10 compromises critical environmental protections and undermines public health. It should be completely stricken from the legislation.\nThank you!\nStephanie\n"
    },
    "20721": {
        "url": "/comment/20721",
        "comment": "Bill 66 Schedule 10 scares me knowing that at any time if my municipality chooses to use Schedule 10 at any time, without warning or notice, developers and councilors can, behind closed doors, come up with a bad development proposal .  This proposal could ignore our Official Plan, could ignore good laws to protect my drinking water, farmland, green space, and communities.  We will not be consulted, we will not have an opportunity to speak to it before the application is completed and we will have no recourse.  With Bill 66, Schedule 10, permanent negative results can happen next door, down the street, in our neighbourhood and/ or in the natural areas of our town.   I feel, like all of a sudden, I live in one of those countries where citizens rights, the rule of law, good government, good planning, respect for the natural environment and for future generations does not exist.\nWe do not need Bill 66, Schedule 10.  We have lands available for industry.  We have lands available for housing.  We have good planning.  We have good laws created by years of thought and by Conservative government.\nBill 66 is a threat to me, my family, to my children and their future, to my community, to my municipality.  It is appalling.  It must be cancelled in it's entirety.\n"
    },
    "20728": {
        "url": "/comment/20728",
        "comment": "I am very concerned that Bill 66 will reduce or eliminate the protection of environmental and agricultural land protected by the Greenbelt  and the Oak Ridges Moraine. There is no correlation between \"competitiveness\" and the protection of sensitive and important environmental lands. In fact one of the main reasons, businesses and people come to the GTA is that there is a healthy and sustainable environment that has been protected through years of community consultation and good planning, which has provided one of the most liveable regions in North America.\nThere is almost 30,000 acres of \"white\" lands available for development. Current estimates indicate that this will provide enough housing until at least 2041. Therefore, availability of lands to develop is not the issue.\nThere may be issues around the delays in development however this is related to issues of servicing the lands (sewers, roads, hydro, water, and public transit), not the amount of lands available for development. That is the issue the government should be addressing, There should not be any reduction to environmental protection regulations or regulations protecting the Greenbelt. Please amend Bill 66 to ensure the Greenbelt and Oak Ridges Moraine protected area is not reduced.\n"
    },
    "20731": {
        "url": "/comment/20731",
        "comment": "I wish to comment on Bill 66's proposed changes to the Labour Relations Act and Agricultural Employees Protection Act.\nBoth these changes have the effect of reducing the protection unions can provide citizens.  Although I am not a trade unionist, I think unions play an important role in ensuring fairness and justice in the workplace. They provide checks and balances. These changes are designed to weaken unions, to the detriment of us all.\nI don't think it's fair that ornamental horticulture workers who work for a private sector employee -- like my son-in-law can't get the benefits of belonging to a union, while my daughter who does the very same work, but for the municipality, can.  There are a limited number of municipal jobs.  More to the point, there are some very large horticultural firms which could actually benefit from having unionized workers.\n"
    },
    "20733": {
        "url": "/comment/20733",
        "comment": "I do not suppprt Bill 66. I think it is harmful to farmland and the environment. I think it endangers natural resources that once used for other purposes cannot be returned to farmland. I am proud of the current green belt and think it should be expanded rather than opened for business and thus reduced. I am proud of the corridor that it provides for wildlife that are already being pushed out of their natural homes and forced to migrate to cities as it is, such as coyotes.\nBill 66 is not good for business or the economy. It will increase taxes for Ontarians as more infrastructure will be needed to accommodate the sprawl. As well as the increased taxes needed in maintenance of this new infrastructure. I would rather see current brown fields redeveloped as it has infrastructure and would also be nearer to public transit.\nWe do not need the green belt opened for new housing. We need more dense housing near existing infrastructure and transit.\nBill 66 also endangers the environment by removing the safety in water quality. We do not need another Walkerton. We have to continue to follow the recommendations from that horrible tragedy that people still continue to suffer from.\n"
    }
}