{
    "18760": {
        "url": "/comment/18760",
        "comment": "In a world where we are literally mm away from catastrophic damage. I\u2019d like to see greed put aside and an action plan to save the people of Ontario, not kill them faster. There is tons of old factories and buildings that can be touched before new space is torn down. Start there. Do not touch the green belt. Do the right thing.\n"
    },
    "18761": {
        "url": "/comment/18761",
        "comment": "I am against Bill 66!!\nNo one should have the power to override provisions in the Greenbelt Act, Clean Water Act, Lake Simcoe Act, Oak Ridges Moraine Conservation Act and Great Lakes Protection Act. And certenly not for corporate greed. There is already plenty of space for company\u2019s to grow. There are many industrial buildings now empty...GM as an example. Why put our environment, wildlife and our own Heath at risk for anything. I want a future for my family in this area. I want them to experience the Ontario I did growing up, on lakes and playing in clean rivers, exploring our green spaces. Please vote against Bill66!!\n"
    },
    "18763": {
        "url": "/comment/18763",
        "comment": "I advise you remove Schedule 10 from Bill 66, which allows municipalities to override provisions in the Greenbelt Act, Clean Water Act, Lake Simcoe Act, Oak Ridges Moraine Conservation Act and Great Lakes Protection Act. I advise that public consultations not be made optional.\n"
    },
    "18764": {
        "url": "/comment/18764",
        "comment": "The Green Belt is not 'Red Tape 'but a vital area of natural space, trees that breathe for us.  Until we treat climate change directly we are endangering not only our own children's future, but that all future children.  You are responsible to do what you can do.  A carbon tax makes the only sense.  We are all waiting desperately for you to engage critically, intelligently and with integrity.\nThank you\nJulie\n"
    },
    "18765": {
        "url": "/comment/18765",
        "comment": "This tyrannical focus on business and making money is concerning. Repealing measures put in to protect our land and our health, for a buck today seems like a decision we will regret... sacrificing our future for the moment seems childish and quite honestly, the move I\u2019d expect from someone suffering from mental illness. I wish to say that I would only support this bill (begrudgingly) if the government was to remove Schedule 10 from Bill 66 and any other part which allows municipalities to override provisions in the Greenbelt Act, Clean Water Act, Lake Simcoe Act, Oak Ridges Moraine Conservation Act and Great Lakes Protection Act.\u201d Thank you.\n"
    },
    "18766": {
        "url": "/comment/18766",
        "comment": "Please remove Schedule 10 from Bill 66, which allows municipalities to override provisions in the Greenbelt Act, Clean Water Act, Lake Simcoe Act, Oak Ridges Moraine Conservation Act and Great Lakes Protection Act.\nThe Greenbelt is home to 5,500 farms, 78 species at risk and 102 million tonnes of carbon storage. It must not be carved up with factories and subdivisions.\n"
    },
    "18768": {
        "url": "/comment/18768",
        "comment": "I believe that increasing the number of children that a daycare provider can watch is a mistake. It may be more economical but will potentially harm children due to insufficient supervision.\nDecreasing environmental protection is also a mistake. Businesses should be responsible for keeping on environment clean.\nBring \u201copen for business\u201d should not mean reducing citizens health and safety.\n"
    },
    "18774": {
        "url": "/comment/18774",
        "comment": "Please remove Schedule 10 from Bill 66, which allows municipalities to override provisions in the Greenbelt Act, Clean Water Act, Lake Simcoe Act, Oak Ridges Moraine Conservation Act and Great Lakes Protection Act.\nCutting red tape can be done without overriding these provisions by investing into bodies that evaluate compliance with these provisions, so that environmental assessments can be completed in shorter time. What kind of Ontario do you want your grandkids to live in? People are not lining up to move their businesses to polluted cities and regions - they are lining up to move to regions which have found ways to grow while protecting their environment.\n"
    },
    "18775": {
        "url": "/comment/18775",
        "comment": "I do not support schedule 10 on the proposed Bill 66.   The green belt should be protected from development.   Urban sprawl is not efficient and ends up cost tax payers more to provide common infrastructure services.    there is plenty of land to be developed in already urbanised areas.   furthermore, the green belt protects  source waters, provides habitat for species at risk, and wonderful outdoor recreational activities close to urban centre.\n"
    },
    "18779": {
        "url": "/comment/18779",
        "comment": "Ontario and all of Canada for that matter have always forged a path against destruction of natural Green space, and have generally been regarded around the world as a voice of logic, reason, and kindness. In today's age of over population concerns and rising global toxic emissions, let's not forget our obligation to the world.\nSigned, concerned.\n"
    },
    "18784": {
        "url": "/comment/18784",
        "comment": "The Greenbelt is not red tape. It is home to 5,500 farms, 78 species at risk and 102 million tonnes of carbon storage. I do not want to see it carved up with factories and subdivisions.\nWe need our farms and our biodiversity.\nThis area needs to be preserved for the benefit of the environment, now and for future generations.\nI'm asking you to remove Schedule 10 from Bill 66, which allows municipalities to override provisions in the Greenbelt Act, the Clean Water Act, the Lake Simcoe Act, the Oak Ridges Moraine Conservation Act and the Great Lakes Protection Act.\nBefore the election, Mr. Ford talked about opening up the Greenbelt and changed his mind when he saw the opposition to this suggestion. Don't do it now! Our environment and health depends on unique areas including the Greenbelt to remain sustainable.\n"
    }
}