{
    "18476": {
        "url": "/comment/18476",
        "comment": "Remove Schedule 10 from Bill 66, which allows municipalities to override provisions in the Greenbelt Act, Clean Water Act, Lake Simcoe Act, Oak Ridges Moraine Conservation Act and Great Lakes Protection Act. The Greenbelt is extremely important to local residents and is irreplaceable. Please do not jeopardize it with this proposed legislation.\n"
    },
    "18482": {
        "url": "/comment/18482",
        "comment": "I remember hearing Premier Ford say during his campaign, that he would not touch the Greenbelt of Ontario. I ask that he keep his promise. The ford government has focused on short-term solutions that will leave Ontarians vulnerable in the future. The greenbelt protects biodiversity, drinking water, and green space for future generations.\nI hear over and over again, out of the premier\u2019s mouth, how he is working for the Ontario tax payer. I pay taxes. And I demand an environment that is livable, vibrant, and healthy. In fact, the UN declared that having a healthy environment is a human right.\nThere is a huge surge of eco-friendly business occurring around the world. The most profitable countries are ones that have embraced the necessity of change, and are working with cutting edge technologies to ensure quality of life. They have NOT sacrificed jobs. All your plan is doing, is using old arguments in a world that is swiftly moving from your narrow-visioned plans of what constitutes being \u201copen for business.\u201d With your plan, Ontario will become over-developed; a suburban wasteland incapable of even producing its own food. In the future, food security will be a huge issue. Another reason why your plan needs to be withdrawn.\nI suggest that you have actual climate and environmental assessments done for your decision making and its effects. I suggest that you bring in community leaders that have innovative ways of creating jobs, that do not adversely affect the ability of communities to enjoy where they live.\nIn the name of working for \u201cthe little guy,\u201d your party has been gutting programs that improve quality of life for the so called little guy. Your \u201cbuck a beer\u201d nonesense was an insult to my intelligence. You throw us crumbs while you gut our province of its value. This is yet one more example.\nIn addition to being a tax payer, I am also an active voter. Premier Ford, if you don\u2019t turn around some of your policies and make decisions based on science and not just populist nonsense, I will make it my number one goal to vote you out of office at the first available opportunity. I have sent this link to as many people as I know who feel as strongly as I do that leadership is a privilege, and only should be given to people who lead with vision, and with accountability to future generations.\n"
    },
    "18484": {
        "url": "/comment/18484",
        "comment": "Please leave the environmental protections in place, do not push through Bill 66.  I have repeatedly had to teach my students how as time has gone on, the Ontario government, as well as the Federal (Harper) has weakened environmental laws, that were put in place to protect their air, land, and water.  I would rather protect the greenbelt than make it easier for businesses to pollute and reduce protected green areas.\n"
    },
    "18487": {
        "url": "/comment/18487",
        "comment": "you cannot fool all of us....\nthis is playing right into the hands of dvelopers...ie Silvio Degasperis in the Duffins/ Rouge Agricultural preserve...,\nwhat kindnof faith are we to have in elected representatives when you toss aside 'red tape' to encourage  sprawl....are you not looking for employers/employees on provincial lands in the 407 corridor???? why jeopardize that plan .....??\nthis is not good governing!!!\n"
    },
    "18489": {
        "url": "/comment/18489",
        "comment": "\u201cRemove Schedule 10 from Bill 66, which allows municipalities to override provisions in the Greenbelt Act, Clean Water Act, Lake Simcoe Act, Oak Ridges Moraine Conservation Act and Great Lakes Protection Act.\u201d\nI do not want want the Greenbelt - home to 5,500 farms, 78 species at risk and 102 million tonnes of carbon storage - carved up with factories and subdivisions.\n"
    },
    "18491": {
        "url": "/comment/18491",
        "comment": "Remove Schedule 10 from Bill 66, which allows municipalities to override provisions in the Greenbelt Act, Clean Water Act, Lake Simcoe Act, Oak Ridges Moraine Conservation Act and Great Lakes Protection Act.\nThe Greenbelt should be left as existing legislation prescribes, and no development not permitted by that legislation should be permitted i the future.  This unique area is vital to the environmental, social, and economic welfare of the province.  This area is irreplaceable.\n"
    },
    "18492": {
        "url": "/comment/18492",
        "comment": "Any reduction in the safety of the Greenbelt would be a mistake.  Lets work towards intensification and brownlands usage and mass transit to outer regions if required.  Paving over the Golden Horseshoe one nibble at a time will leave our children and grandchildren in a very sad place...\nthanks\nEd\n"
    },
    "18493": {
        "url": "/comment/18493",
        "comment": "I find the proposed legislation completely unnecessary.  Any legitimate business or employment proposal can satisfy the requirements of the water protection and planning legislation.  It is the 'fly by night' proposals that need a quick answer that we need to be worried about.  Bill 66 is catering to the wrong type of business investment.\n"
    },
    "18494": {
        "url": "/comment/18494",
        "comment": "I am strongly opposed to Bill 66 particularly Schedule 10. Living close to the Oak Ridges Moraine for 36 years we have witness the destruction of natural land forms, kettle lakes, and Lake Simcoe  due to new sub division developments, industry, and infrastructure to support these developments.\nMost development is not being built eco-friendly, nor are the roadways, and strip malls despite the existence of environmental technology and building methods - we know because we were determined to 'green' the improvements we made to our own property ( metal roof, on demand boiler operating in floor heat and hot water, reglazing windows rather than tossing into landfill, use of sustainable products including cork and bamboo flooring, switching to LED lights, low water toilets, european style appliances using less electricity and water, turning our yard into perennial gardens - mostly indigenous species to support insects and birds rather than grass, not paving the driveway, landscaping to retain rain water on site because our summers are increasingly drought like - none of our changes were subsidized by any level of government).\nThe provincial government needs to be responsible stewards and encourage citizens of Ontario to be as well. Unfortunately it seems the municipalities - the grass roots level of government is showing more responsible leadership lately in protecting the land, water and natural heritage. I am proud that my hometown of Aurora recently voted to not exercise the powers Schedule 10 of Bill 66 if passed will provide.\nYou will have no economy Mr. Ford if you continue to allow development where it will destroy more than it will support. Take a listen - can you hear the peepers (spring frogs) and bird song like we once use to? Can you see the stars at night through the light pollution? Does your glass of water taste like a spring fed creek? Does the air smell clean and crisp, or feel fresh on your skin?\nTaking away the arable farmlands is tantamount to killing the soil, destroying woodlots, drying up ponds, rivers, and aquifers - causing increased cost of fresh local food which will be beyond the purchasing power of many citizens. This in turn will effect the health and welfare of citizens increasing health care costs. In fact it will affect all mammals, birds, reptiles, insects particularly the pollinators. Don't you remember learning about the food chain in elementary school Mr. Ford? Humans are at the top, but we are supported from below. Destroy the base and everything you supposedly say you care about comes tumbling down. Do better!!!!\n"
    },
    "18495": {
        "url": "/comment/18495",
        "comment": "Schedule 10 of Bill 66 causes great concern. The provincial government's jurisdiction is over those things that transcend municipal boundaries.  The local Conservation Authorities, which monitor water flowing across municipal boundaries, must be given strengthened powers to decide issues in their jurisdictions, recognizing for example that wetlands are under major threat in the past few decades...given climate change concerns, they should err on the side of caution in any issue where there is increased chance of flooding from increasingly severe precipitation events.  Similarly, they must be responsible for species preservation within their watersheds, and may require improved tools to do this...genetic testing for species within flowing or wetland waters should be a priority.  Monitoring of pollutant chemicals within waterbodies should be supported by ample testing facilities for conservation authorities. Greenspace areas, such as the Greenbelt, cross Conservation Authority boundaries and hence require coordinated protection through provincial acts, such as listed in Schedule 10 of proposed Bill 66.  Hence I can see that environmental oversight will be weakened once this Bill is adopted (if done so in current form). Please address how such oversight will now occur if this Bill is adopted.\n"
    },
    "18496": {
        "url": "/comment/18496",
        "comment": "Remove Schedule 10 from Bill 66, which allows municipalities to override provisions in the Greenbelt Act, Clean Water Act, Lake Simcoe Act, Oak Ridges Moraine Conservation Act and Great Lakes Protection Act.\nI do not trust municipal governments who often are short sighted to make good environmental decisions. This is too important to allow overrides.\n"
    },
    "18498": {
        "url": "/comment/18498",
        "comment": "We cannot weaken environmental laws and regulations to \"open\" up the Greenbelt \"for business\".  We need to protect this ecosystem for the future of both our agricultural industries and the future health and well-being of our children and grandchildren.  Protection of the Greenbelt must come before commercial and development industry interests.  The Greenbelt is not just red tape in the way of business interests and development industry interests.\n"
    },
    "18499": {
        "url": "/comment/18499",
        "comment": "Leave it alone. It is a step in the right direction with respect to conservation, and consideration of our environment. Bigger and more is not better, we need to conserve and nurture what we have.\n"
    },
    "18501": {
        "url": "/comment/18501",
        "comment": "Please remove Schedule 10 from Bill 66. Municipalities should not be allowed to override provisions in the Greenbelt Act, Clean Water Act, Lake Simcoe Act, Oak Ridges Moraine Conservation Act and Great Lakes Protection Act.\nWe, as a society, must always prioritize environmental preservation over short-term business benefits. Otherwise all businesses, and people, will suffer in the long-term.\n"
    }
}