{
    "16905": {
        "url": "/comment/16905",
        "comment": "Remove Schedule 10 from Bill 66. Our greenbelt is not land that should be developed to encourage urban sprawl from the city of Toronto to surrounding areas. It includes important farmland that feeds Ontario's people, and with a bigger push to buy local produce farmers cannot afford to lose this land. The greenbelt is also important for preserving Ontario's endangered species, and as land is developed all over Ontario this space is becoming more and more important. Not to mention we should strive to be leaders in the fight against climate change instead of giving in to line the pockets of the already wealthy land developers. The greenbelt is incredibly important to Ontarians, and we will not let you take it away from us this easily.\n"
    },
    "16906": {
        "url": "/comment/16906",
        "comment": "We must exercise great caution when involving amendments to existing bylaws and regulations. Rushed decisions create 'loopholes' which can be used to let our natural resources be manipulated by greedy and disrespectful businesses, however well-intended. Many are desperate for employment and would be willing to bypass zoning and protective measures. Exploitation of our homeland here in Canada, and indeed our Province of Ontario has occurred regularly over the generations...hasty agreements made between governments regarding woodlands, waterways and fossil fuels have left us in very bad situations all over the country due to 'big money' promises.\nIt appears that Bill 66 is not totally in the best interest of our future. I am not in agreement with any Bill being passed that the public is not consulted on. Our representatives are placed in position by the people....therefore any actions affecting our environment must reflect our wishes for a guaranteed future. Sections of Bill 66 suggest overriding the existing Greenbelt Legislation, meaning growth of industry and mass farming in environmentally-sensitive areas, and possibility affecting river waters downstream eg; Credit River waterways. If 'RED TAPE' is cut, then 'GREENBELTS' may also be cut. Then it's TOO LATE!\n"
    },
    "16907": {
        "url": "/comment/16907",
        "comment": "Ontario still has plenty of land available, that is not protected or part of the Green Belt, on which to build business.   I am opposed to any infringement on provincial green spaces and the Ontario Green Belt.  Doug Ford verbally promised during the 2018 campaign not to touch the Green Belt.  Does his word and the word of the Ontario Provincial Government mean nothing?  In view of increasing extreme weather due to climate change this province and the GTA and Golden Horseshoe,  in particular,  certainly need all the green space we muster in order to avoid flooding.  Removing green space from our environment is also proven to be detrimental to the mental health of humans.  With all the money the province is currently throwing at mental health, though needs to be given to the health benefits of the Green Belt.\n"
    },
    "16912": {
        "url": "/comment/16912",
        "comment": "I am writing to express my strong opposition to Schedule 10 of Bill 66, which introduces \u201copen-for-business by-laws\u201d that would circumvent many of the requirements under several laws to ensure fair, consistent and transparent public engagement in land use decisions and protection of water, natural heritage and human health in Ontario.\nIt is frustrating to see our government attempting to pass a bill that forsakes long-term sustainability and environmental protections for short term economical gain. I work in Environmental Consulting and I can say from experience that even with the environmental protections that are currently in place under the Planning Act, the amount of corruption involved around large-scale development projects makes me feel sick.  Big business must factor the health, natural heritage and quality of life of ordinary Ontarians in its operations.\nPlease do not remove protections on our natural areas and wildlife when these resources are already so exploited. Please respect the health of the environment and Ontario Citizens. Please acknowledge the importance of long-term environmental sustainability. Please do better than this.\nPlease remove Schedule 10 from Bill 66.\nSincerely,\nA deeply concerned Ontario citizen and Wildlife Biologist\n"
    },
    "16914": {
        "url": "/comment/16914",
        "comment": "In an article posted by TheGuardian over three years ago, it was stated, \u201cThe world has lost a third of its arable land due to erosion or pollution in the past 40 years, with potentially disastrous consequences as global demand for food soars.\u201d Yet we continue to lose irreplaceable land for development.\nPrecious irreplaceable land that we depend on to feed ourselves, protect wildlife, and maintain our ecosystems.\nWhile \u201cnearly 33% of the world\u2019s adequate or high-quality food-producing land has been lost at a rate that far outstrips the pace of natural processes to replace diminished soil,\u201d perhaps we should be looking at better solutions to help our economy.\nWe can do better than bill 66. This bill is not the only solution to boosting our economy.\nSacrificing the land we use to farm food  does not make sense. As politicians it is your moral and legal obligation to see you that you have the responsibility to create sustainability. We absolutely need farmers and land to farm.\nThis bill will irreversibly debilitate precious farmland, which is at the heart of Ontarian culture and fully necessary for sustainable and viable food production.\nThis bill should not be allowed to pass. It is not in line with Canadian values, or the values of Ontario, and will negatively impact our this generation and generations to come. You do not need to strip our land to boost the economy; we are better than this!\n"
    },
    "16915": {
        "url": "/comment/16915",
        "comment": "I do not support the repeal of many of the proposed acts, especially those with relation to environmental protection from toxins and those in place to protect children in daycare settings. I strongly disagree with many of the proposals put forth and it it clear the the motive is to improve situations for businesses with disregard for the safety of the individual and the environment. Improving the business climate in the province is a great idea, but not to the detriment of the people who live here as this bill proposes. I reject Bill 66\n"
    },
    "16916": {
        "url": "/comment/16916",
        "comment": "This Bill is an atrocity and signals the destruction of our Province. We need additional protections for our environment if we are going to have a planet we can live on. If the Doug Ford PC government carries through with this ill-advised piece of so called legislation, they will be viewed as the most destructive government Ontario has ever seen. This MUST NOT be passed; it never should have been introduced in the first place.\n"
    },
    "16918": {
        "url": "/comment/16918",
        "comment": "The Green-Belt is an important geographical feature which serves to limit urban sprawl, making future and current development more land-efficient. Further, it helps to offset the carbon footprint of the GTA. Engaging with nature is also important for people's mental wellness and the Green-Belt makes that nature more accessible.\n"
    },
    "16920": {
        "url": "/comment/16920",
        "comment": "This bill is not about restoring competitiveness but about gutting necessary environmental and regulatory protections in regards to the Planning Act and other related provincial legislation. Schedule 10 is most disturbing as it eliminates protections for drinking water sources which came about after the PC Harris government enabled the Walkerton tragedy. This tragedy not only killed people but left a couple thousand people with life-altering injuries and conditions due to the province's wilful criminal negligence. Putting such a provision to undermine these protections is asking for Walkerton 2.0 and should be considered illegal as it undermines the human right to access to safe drinking water. If something were to happen from this removal of drinking water quality protection, then the provincial government should be held accountable and punished with individuals receiving jail time due to their criminal negligence\n"
    },
    "16923": {
        "url": "/comment/16923",
        "comment": "The environmental protection measures addressed in Schedule 10 are not \"red tape.\" They are clear prohibitions designed to preserve a vital part of Ontario's natural heritage, as well as our capacity to farm some of the best agricultural land in the world. They aren't hard to navigate: \"no means no.\"\nThe Green Belt protections and the Great Lakes protections MUST be removed from Bill 66. They exist for a purpose, to serve all Ontarions.\nThe premier told us during the election that he would not open the Green Belt to development. He was elected on this promise and we expect him to keep it.\n"
    },
    "16925": {
        "url": "/comment/16925",
        "comment": "I am very concerned with the proposal of Bill 66, as I feel it is a threat to the green spaces that I value so much.\nThe green spaces, like the Oak Ridges Moraine, are protected today because of the efforts of many past environmentally minded people. Richmond Hill, which is where I live,  was ground zero in the fight to protect the Oak Ridges Moraine and many citizens fought hard to protect it for our future generations to enjoy and receive the benefit from its work in filtering and providing clean drinking water and the healthy headwaters of most of the major rivers flowing to Lake Ontario in the GTA area.\nThis Bill, although not immediately, will over time open up the floodgates for developpers to develop the  spaces that we cherish, and also provide so many residents access to healthy headwaters.  If the Oak Ridges Moraine becomes developped, many people will be affected.  Developpers will not care about the people they have affected.  Elected government officials should. You are for the people, by the people.\nThank you for considering my comment.\nSandra\n"
    },
    "16927": {
        "url": "/comment/16927",
        "comment": "I am not in favour of Bill 66, Restoring Ontario\u2019s Competitiveness Act. I do not support the implementation of Schedule 10 as written. To protect our Greenbelt and the Oak Ridges Moraine, we must maintain the current protective provincial legislation including the Clean Water Act. Our precious water sources must remain within provincial - not municipal - protection. I am also disturbed to learn of the links to our current provincial government, the Ontario PC party, and developers, and I suspect there is a reason this so-called \"open for business\" movement is being pushed through. Our natural resources must not be taken advantage of for the purpose of lining developers/politicians' pockets.\n"
    },
    "16928": {
        "url": "/comment/16928",
        "comment": "Remove Schedule 10 from Bill 66, which allows municipalities to override provisions in the Greenbelt Act, Clean Water Act, Lake Simcoe Act, Oak Ridges Moraine Conservation Act and Great Lakes Protection Act.\nI am a concerned resident from Walkerton Ont. In 2000, the development of the Clean Water Act was done at the wishes of my community based on the Inquiry from Justice Dennis O'Connor. The Clean Water Act is important to me and my family and it should not be touched in the context of Bill 66.\n"
    }
}