{
    "20537": {
        "url": "/comment/20537",
        "comment": "Please, relent. Remove Schedule 10 from Bill 66, which allows municipalities to override provisions in the Greenbelt Act, Clean Water Act, Lake Simcoe Act, Oak Ridges Moraine Conservation Act and Great Lakes Protection Act.\nThe lack of foresight demonstrated by  this government is truly horrifying. We need stronger environmental protections and real action on climate change. Not this disaster of a Bill.\n"
    },
    "20541": {
        "url": "/comment/20541",
        "comment": "Bill 66 is wrong by allowing the the greenbelt and other protected spaces to be opened for big business, just for ford to pad his pockets. This sets a terrible example, has the government learned nothing from the Walkerton Tragedy. Passing Bill 66 opens the possibility for something like this to happen again.\n"
    },
    "20542": {
        "url": "/comment/20542",
        "comment": "Bill 66 should be radically amended to protect the Green Belt, protect clean drinking water, ensure our water shed protects wildlife and plant life, increase the penalties for air pollution, and lower the levels acceptable for air pollution. Make business pay for pollution and they will pollute less.\nAllowing municipalities to sidestep these regulations to encourage business will lead to a race to the bottom.\nCaring for the environment and increasing investment and jobs are not at odds. Clean energy can create good jobs. Making everything cheaper, dirtier and shoddier is not the way to lead Ontario.\n"
    },
    "20546": {
        "url": "/comment/20546",
        "comment": "Bill 66 is a horrible piece of legislation! It will put 2 million acres of natural areas, habitats and wetlands at risk of development. Not only will it put many animal species at risk, it will greatly threaten our drinking water with increased exposure to toxic chemicals.\nWe are facing the largest extinction of species in the planet's history. Hundreds of species die each day, never to be seen again on the planet. If the temperature of the world goes up by another 5 degrees, scientists believe it will have a domino effect and wipe out all life on the planet.\nMaking Bill 66 into law would not restore Ontario's competitiveness. It will pave over beautiful, precious habitat and make the land uninhabitable to wildlife, hastening the species extinction, contributing to climate change and literally ending life as we know it on this beautiful planet of ours.\nWe are the first generation to know about the real repercussions of climate change and species extinction and the last generation to be able to do anything about it.\nThink of your grandchildren, and their grandchildren. What kind of world do we want to leave them?\nI strongly urge you to abandon this awful piece of legislation.\n"
    },
    "20547": {
        "url": "/comment/20547",
        "comment": "This piece of legislation is so drafted as to grant companies the ability to freely pollute the environment and disregard the rules and regulations put in place for the protection of our air and water. May I remind you of the Walkerton water crisis. Please rethink this thoroughly misguided legislation which will preclude beautiful towns like Newmarket from protecting our pristine locale and open us up to predatory real estate developers. You committed to protecting the GREENBELT, DO SO.\n"
    },
    "20549": {
        "url": "/comment/20549",
        "comment": "Green space and the green belt is important for our mental and physical health. We should not be allowing new developments on this land that compromise our water and the habitat of the wild animals that live there. There is enough other land available for developers. We  need to protect our green belt for future generations. Please do not allow more development on this precious land. We need red tape to protect our land from commercial interests.\n"
    },
    "20550": {
        "url": "/comment/20550",
        "comment": "I have lived in or near the Ontario Greenbelt for over 10 years, and have seen the damage done to the Greenbelt and the Oak Ridges Moraine by development over that time. It's fundamentally changing the character of the communities in these regions, as well as putting some of the most culturally and environmentally important lands in our province at risk. Schedule 10 of this bill must be removed as it will allow municipalities to override existing legislation and sacrifice the medium and long-term prosperity of our communities for short-term gain. It is also fundamentally anti-democratic, as it no longer requires public consultation for developments.\nThis bill will not open up Ontario for business, and rather risks closing huge areas of the province down for future prosperity in the next 5 - 10 years.\n"
    },
    "20555": {
        "url": "/comment/20555",
        "comment": "I am alarmed by the sweeping new powers that will be granted to municipalities if Omnibus Bill 66 is passed. While many sections include disturbing changes with impact across all sectors, I am most opposed to Schedule 10 for two significant reasons.  Intended to move development forward quickly, Schedule 10 will allow any municipality in Ontario to pass an \u201cOpen For Business\u201d bylaw that will override existing provincial legislation and local planning bylaws that protect our water and our environment. Secondly this bylaw will require no public consultation and permit no appeal process. It will require only the approval of the Minister of Planning\nMany of these existing regulations deemed \u201cred tape\u201d by the Ford government are actually the fabric of our safety net developed by all political parties over decades. They are here to protect our public health, our environment, our water sources, our land use  and our future as a planet. Some were put in place as a response to tragedies such as Walkerton. Others have been developed by both the province and the municipalities to protect agricultural resources, to ensure safe and clean water and to protect the forests and green spaces recognized as essential to mitigate the catastrophic impact of climate change.  We need these safeguards. They are not \u201dred tape\u201d\nMy second  cause for alarm in this section of Bill 66 is that it permits a municipal council to implement an open-for-business bylaw without public consultation. The risks will not be publically weighed against any financial or economic benefits. According to the legislation there will be no appeals allowed. Furthermore, in the fine print of the current proposed Bill there is a provision that should other pieces of legislation be deemed \u201cred tape\u201d in the planning process, Cabinet can add them to the list of legislation that need not apply to an Open for Business Bylaw.  Amendments need not pass through the legislature.\nHow does this impact Ontario? The Environmental Law Association in their analysis of  Bill 66 and in particular Schedule 10 explain that in the current Planning Act Subsection 3(5) there are specific policies related to (among other things) density, compatibility, affordable housing, active transportation, stormwater management and low impact development, green infrastructure, natural heritage and water features protection, climate resiliency and natural and human-made hazards. Under Schedule 10 of the proposed bill all of these existing requirements could be ignored in an Open for Business bylaw.\nPlease remove Schedule 10 from Omnibus Bill 66.\nWe are dealing with irreversible Climate Change. This Bill is devastating to the future of our province and our planet as it removes the environmental protection we desperately need to preserve the Greenbelt and our safe water as well as our green spaces across the province. We are leaving no future for our children and grandchildren with this legislation.\n"
    },
    "20556": {
        "url": "/comment/20556",
        "comment": "Greenbelt exist for a reason. They protect the land, animals and plants that call that area home. They protect fragile ecosystems and ensure that our children will have a future! Building on these lands destroys so much more than can be gained. This is permanent and irreversible. The damage that could be done to the land, water and animals is simply not worth it. Have we not learned from the errors in our ways. Please do not let this bill come to pass. For our futures sake.\n"
    },
    "20557": {
        "url": "/comment/20557",
        "comment": "General Comments\nThe Pembina Institute has concerns on many aspects of Bill 66 and its implications for Ontarians. We are of the opinion that Schedule 10 of the proposed Bill (amending the Planning Act), new proposed regulation under the Planning Act to create an open-for-business planning tool, and open-for-business planning tool could result in real, adverse, and potentially irreversible effects to Ontario\u2019s land, environment and climate, and public health. If Bill 66 becomes law, it would allow municipalities to pass \u201copen-for-business\u201d zoning bylaws that could allow new and potentially inefficiently located large-scale developments to be approved without the sound environmental protections and evidence-based growth management policies that ensure healthy and sustainable communities \u2014 including allowing development in the Greenbelt. The proposed Bill would also dramatically weaken the public\u2019s right to comment on development projects that might affect the environment, including access to clean water, natural heritage systems and agricultural lands.\nWe appreciate the government\u2019s recent stakeholder consultations with planning and policy practitioners and the business and development industry to hear concerns and feedback on how to wisely expedite location-efficient employment and residential development to accommodate growth in the province. In parallel to Bill 66 and the related regulation and bylaw under this submission, the government is conducting numerous consultations on matters affecting land use planning and growth management in the province, including but not limited to:\ni.\tpotential changes to the Planning Act (over and above the proposed changes in Bill 66), Provincial Policy Statement and Local Planning Appeals Tribunal to support a forthcoming housing supply action plan (ERO 013-4190);\nii.\tamendments to the Growth Plan for the Greater Golden Horseshoe (ERO 013-4504);\niii.\tproposed framework for provincially significant employment zones (ERO 013-4506); and\niv.\ta new Environmental Plan (ERO 013-4208).\nWe do, however, have concerns that these efforts are uncoordinated and are moving at a pace that makes it difficult for relevant stakeholders and the public to have a fulsome understanding of how the multiple policy proposals would work in lock-step or get a clear sense of the policy impacts and outcomes. To that end, we encourage the government to take an integrated and coordinated approach to land use planning, economic development, and growth management in such a way that allows stakeholders and the public to meaningful contribute to the policy development process. We believe that Bill 66 takes a piecemeal approach to incentivize employment development, and undermines the building blocks and fundamentals of planning and the environmental policies in the province. That is why the Pembina Institute respectfully recommends the following:\nRecommendation 1: Remove Schedule 10 from Bill 66, remove the associated regulation under the Planning Act for the open-for-business planning tool, and remove the open-for-business planning tool. These three policy proposals would permit development to be exempt from substantive provincial land use planning statutes and policies.\nRecommendation 2: The Ministry of Economic Development, Job Creation and Trade should coordinate with the Ministry of Municipal Affairs and Housing and other partner ministries on inter-related policy initiatives that impact land use and environmental planning, growth management, economic development and housing supply and choice in the province. As first steps:\ni.\tcoordinate and share input received from stakeholder consultation workshops held over fall 2018 and winter 2019, related to the provincial land use planning framework and\nii.\tdemonstrate how proposed and forthcoming inter-related policy initiatives, would work together.\nRecommendation 3: Following the above, prioritize improvements and enhancements to long-term planning statutes and policies such as the Planning Act, Provincial Policy Statement, and the Growth Plan for the Greater Golden Horseshoe, where necessary, to better facilitate a comprehensive strategy towards employment and residential development while also advancing environmental and public interests.\nRecommendation 4: Support and build capacity of municipalities with employment planning by initiating a comprehensive economic development study and strategy for the Greater Golden Horseshoe area. Maintain and enhance standardized tools that enable municipalities to assess land needs for employment and residential development, including the land needs assessment.\nDevelopment without an end-game\nCurrently, the planning process requires development proposals to follow provincial and municipal policies designed to protect Ontarians\u2019 health and quality of life and support a strong economic future, and a key component to that is protecting the province\u2019s natural environment such as the Greenbelt. Under the proposed Bill, should a municipality enact an open-for-business planning bylaw, the bylaw or development projects pursuant to the bylaw would be exempt from essentially all substantive land use, transportation planning, and environmental statutes, such as the Planning Act, Places to Grow Act, Oak Ridges Moraine Conservation Act, Greenbelt Act, and Ontario Planning and Development Act. Provincial land use planning policies are a reflection of Ontarians\u2019 input and values on how to develop and grow our communities in a responsible manner. Some foundational provincial planning policies \u2013 the Greenbelt Plan, Oak Ridges Moraine Conservation Plan and Growth Plan for the Greater Golden Horseshoe \u2013 have all been recently updated in 2017 based on considerable public consultation. Given that these provincial policies are developed through a comprehensive public engagement and consultation process, planning policies should not be easily bypassed. Under Bill 66, a development project would not need to conform to municipal planning policies such as official plans or go through site plan approval \u2014 all due diligence requirements for any development. Overall, with the proposed changes, development projects could be built without checks and balances, and may undermine the Growth Plan\u2019s overarching vision to strategically grow in areas with existing or planned infrastructure and services.\nPublic health risks and impacts to our natural environment\nDevelopment projects pursuant to open-for-business planning bylaws would bypass obligations to meet critical environmental protection policies that ensure Ontarians have access to clean drinking water and a clean environment, such as the Clean Water Act and Great Lakes Protection Act. Bill 66, coupled with new environmental management practices approved in another recent Bill (Bill 57) would significantly weaken private businesses\u2019 responsibilities to ensure that business practices do not have adverse impacts to Ontarians\u2019 health and natural environment, for example access to clean drinking water. The impacts of weak environmental protections have led to serious public health concerns related to contaminated water. The Clean Water Act was introduced to strengthen protections for drinking water at its source, and a direct response to such concerns.\nBill 66 could allow employment uses in the Greenbelt should a municipality decide to apply an open-for-business bylaw in this protected area. According to a public opinion poll, 90% of Ontarians agree that the Greenbelt is one of the most important contributions to the future of the province.  The Greenbelt\u2019s productive farmland supports rural jobs, a strong agricultural business sector and provides food security. Its forests clean our air. Its soils filter our water, absorb carbon pollution and reduce flooding. That is why exempting major new employment uses from conforming to the Greenbelt Act could have adverse impacts to Ontario\u2019s food security and natural areas. Research shows that a healthy Greenbelt in Ontario generates economic benefits, by supporting 161,000 jobs and contributing over $9.1 billion annually to Ontario\u2019s economy.\nIn addition, the Oak Ridges Moraine Conservation Plan was created to protect groundwater supplies from contamination. Oak Ridges Moraine provides clean drinking water from groundwater wells fed by aquifers for 250,000 residents and thousands of farms. The sand and gravel soils of the moraine make it particularly susceptible to groundwater contamination which is why development is prohibited in aquifer vulnerable areas and key hydrological areas. Bill 66 puts at risk key natural heritage features, key hydrologic features, natural core areas and natural linkage areas across the Oak Ridges Moraine.\nBill 66 may be inconsistent with and undermine the province\u2019s recently proposed Ontario Environment Plan, which aims to build resilient communities. By permitting development in the Greenbelt, this policy may weaken Ontario\u2019s capacity to mitigate climate change. As an example, protected areas directly absorb carbon. The Greenbelt keeps an estimated 172 million tonnes of greenhouse gases out of the atmosphere, locked away in its rich soils and vegetation.  This is more than Ontario\u2019s entire greenhouse gas emissions for 2016.\nWeakening of the democratic planning process\nPublic participation is fundamental to land use planning and a key tenet to balancing public and private interests. Currently, provincial and municipal planning processes require minimum public consultations for the public to provide input into a development proposal. Under this proposed Bill, a municipality is not required to hold public meetings if it decides to approve an open-for-business planning bylaw or developments pursuant to an open-for-business planning bylaw. As we understand it, in order for a municipality to use an open-for-business planning bylaw, a municipality must pass a resolution requesting the Minister of Municipal Affairs\u2019 approval, which the minister can do at their discretion. The bylaw comes into force once the municipality has received approval from the minister, 20 days after it is passed, or a later day that may be specified by the minister. However, unlike other current zoning bylaws, the municipality is not required to give notice of or hold a public meeting prior to passing an open-for-business planning bylaw. It is only after passing the bylaw that the municipality must give notice to \u201cany persons or public bodies the municipality considers proper\u201d within 30 days \u2014 10 days after the bylaw has already come into effect. Furthermore, an open-for-business planning bylaw cannot be appealed to the Local Planning Appeal Tribunal. This proposed approach to fast-track development does not, in our opinion, advance good planning principles and in the best interest of the public. As such, we have serious concerns about the potential weakening of the democratic planning process as a result of such new zoning powers.\nA fragmented and incoherent approach to economic development\nRather than advancing a regional economic development strategy or approach, this proposed tool may encourage fragmented economic investments across the province and put municipalities in further competition with each other for employment development. As the proposed Bill is written, the Minister of Municipal Affairs has the authority to approve the bylaw in one jurisdiction but choose not to in another, or to impose different conditions across municipalities. This makes for an incoherent economic development strategy for cities that have integrated and connected economies such as those in the Greater Golden Horseshoe.\nThe proposed open-for-business regulation aims to create job growth by requiring that development projects meet a minimum job creation threshold, but it is unclear how that would be determined. This is in contrast to how planning is currently guided, using evidence-based intensification targets for resident and job densities, which are informed by population and employment growth forecasts.\nPlanning for Employment Areas\nIt is important to note that Bill 66 does not just potentially permit employment uses in areas covered by the Greenbelt Plan, the Oak Ridges Moraine Conservation Plan or Growth Plan for the Greater Golden Horseshoe, but rather all of Ontario where a municipality may decide to apply to the minister for an open-for-business bylaw. As a result, employment developments could be approved in areas that have limited public utilities and infrastructure, including poor transportation networks and services, in other sensitive natural areas, or in other areas not intended for employment uses. Allowing employment uses, including manufacturing, without access to existing or future planned public infrastructure, as the open-for-business bylaw could allow, may potentially put a significant financial burden on municipalities to expanding service delivery and infrastructure in undeveloped areas.\nAllowing sprawling employment development and ancillary uses instead of encouraging greater density in built-up areas could result in longer commute times, and in turn, increased transportation-related greenhouse gas emissions.  In Ontario, the transportation sector is the largest sectoral source of emissions. That is why it is imperative that land use planning policies continue to support strategic development in built-up areas \u2013 within urban and town boundaries - with existing and planned public infrastructure that can support business operations, and ensure that sprawling development does not occur in protected areas like the Greenbelt or the Oak Ridges Moraine.\nIt is critical that the province maintain an adequate supply of employment areas but there is limited evidence that there is any need to make additional employment lands available for development, the ostensible purpose of open-for-business zoning bylaws. In fact, some municipalities have determined that they have a surplus of employment lands, as evidenced by their land needs assessments for employment uses. Presumably, that is why the government\u2019s recently proposed amendment to the Growth Plan for the Greater Golden Horseshoe (2017) \u201cwould change the policy for protecting employment areas by allowing employment area conversions to be approved ahead of the next municipal comprehensive review. This proposed amendment would provide flexibility to municipalities who wish to support mixed use development, while maintaining employment area protections where needed\u201d through a Proposed Framework for Provincially Significant Employment Zones.\nIn summary, the province should continue to protect significant dedicated employment lands for future job growth and guard against ad hoc sprawling and inappropriate employment development in environmentally sensitive and protected areas \u2013 as permitted by Bill 66. Moving forward, it is critical that the province provides greater support and resources to municipalities so that they are better positioned with the information they need to plan for their employment needs. A standardized approach to undertake land needs assessments, as part of the municipal comprehensive review, allows municipalities to identify and allocate the appropriate quantity of lands based on projected needs. It is essential that municipalities have the right data obtained through a land needs assessment to understand whether there is a need to expand settlement boundaries to meet growing employment or housing needs.\nDetails matter, but planning fundamentals matter more\nWe recognize the need for public policies that allow Ontario municipalities to respond to changing and growing economies and populations and to ensure that development keeps pace with growth \u2014 but not at all costs. While further details may be offered in forthcoming regulations regarding preconditions and applicability of an open-for-business planning bylaw, what matters more is that governments do not undermine the building blocks and fundamentals of planning and the environmental policies in the province. Ontario\u2019s regulatory framework must evolve in a way that not only attracts business investments but also protects Ontarians from risks like a changing climate and drinking water contamination, and protects our farmlands and green spaces.\nConclusion\nThe Bill 66 changes to the Planning Act take us in the wrong direction. The health and vibrancy of our region depends on valuing our farms, forests, clean water sources, nature and building well planned communities. Bill 66 undermines the fundamentals of building healthy communities that work to balance the environment, public health, and economic interests.\n"
    },
    "20559": {
        "url": "/comment/20559",
        "comment": "I find it hard to believe this Trump like Bill is here in Ontario!  If I wanted to live in a dictatorship I would move to China or Russia.  I do not believe in business first even as a past business owner and having worked in broker and bank organizations.  This allows my rights for comment to be choked.  I believe my rights for clean air, healthy food and clean water should always be held higher by my government than those interests of business.  I also do nor believe my municipal goverment will protect me as they already have a poor record and I believe are far too close to developers.\nShould this bill pass I will devote the next years of my life ensuring this goverment is voted out.  I find it truly repugnant!\nI live in the Greenbelt and choose to live here for a better life.  I find it distressing that I need to spend so much time echoing the sentiments of most Ontario citizens..leave the Greenbelt alone!  There is enough published evidence to show this is in all of our benefits now and into the future.\n"
    },
    "20560": {
        "url": "/comment/20560",
        "comment": "The Oak Ridges Moraine has been around way longer than any of us; to create a development-free zone on it makes so much sense, both from a recreational perspective - city people need somewhere to go blow of steam in some way - and a preservation perspective where new generations understand that there are parts of our topography where development is simply not allowed.  Period!\nWe need land for farmers to grow to feed an ever-increasing population; but it doesn't have to be on otherwise well protected land.  Urban areas cannot just continue to expand without some concessions to nature.\nDo not let this land be opened up to those who wish to see human opportunity in financials terms outweigh human understanding of our wonderful planet.\n"
    },
    "20563": {
        "url": "/comment/20563",
        "comment": "Please don\u2019t pass this bill - Ford campaigned wanting to destroy the Greenbelt, and backed off when public outcry forced him to. The Greenbelt is vital for our survival. It shouldn\u2019t go to the highest corporate bidder. The piblic outcry isn\u2019t any less angry than it was during the campaign.\nPlease protect our environment and the precious Greenbelt.\nThere is no planet B.\nRespectfully,\nNimisha\n"
    },
    "20565": {
        "url": "/comment/20565",
        "comment": "I am opposed to Schedule 10 of Bill 66\n"
    },
    "20571": {
        "url": "/comment/20571",
        "comment": "It is an appalling notion that you would even consider allowing any municipality to completely sidestep important environmental regulations designed to protect our health and the health of the environment. The Acts you consider bad for business are there to protect our water, land and our neighbourhoods from being destroyed by unregulated commercial development. Money is nothing without our health, clean water and the myriad of ecosystem services a healthy environment provides. For shame.\n"
    }
}