{
    "17650": {
        "url": "/comment/17650",
        "comment": "Mr. Ford,  It would be a huge mistake to open the Green Belt for development.  The city of Toronto and the greater GTA would suffer great damage, given the importance of the Oak Ridges Moraine for clean water.  But also urban sprawl would accelerate greatly, making the city even more difficult to manage.  Do NOT allow this to happen!!\nHopefully, A 50 year resident of Toronto.\n"
    },
    "17652": {
        "url": "/comment/17652",
        "comment": "This proposed bill is reckless, breaks the Conservatives' promise to leave the Greenbelt alone, and also harms consumers by repealing the Wireless Services Agreement Act. Ontarians deserve an environment that is cared for by both its governments, its businesses, and its citizens. Why should citizens be the only stewards for the environment of Ontario?\nThe Wireless Services Agreement Act protected the rights of consumers in Ontario who already pay some of the highest cell phone bills anywhere in the world. Why do the big telecommunications companies need protection by our government when they already have a monopoly over us? If you truly want to bring competitiveness to our market, you would remove their monopoly and force them to be truly competitive for our business. But no, the priority of the Conservative government seems to be to scratch the backs of developers and the telecommunications giants rather than acting in the best interests of its citizens.\nThis bill is poorly thought out and irresponsible.\n"
    },
    "17653": {
        "url": "/comment/17653",
        "comment": "The Greenbelt is an irreplaceable resource that is needed to protect future generations. It is more important than short-term gains from development of these limited lands.\nTherefore, I request that you remove Schedule 10 from Bill 66, which allows municipalities to override provisions in the Greenbelt Act, Clean Water Act, Lake Simcoe Act, Oak Ridges Moraine Conservation Act and Great Lakes Protection Act.\n"
    },
    "17656": {
        "url": "/comment/17656",
        "comment": "If a government can just change regulations, them what is the point of you making changes, or the previous government settings regulations. The Green belt regulations to put the environment from Industrial activity should be strengthened, not weakened to allow more business and/or industrial activity. This is the fundamental treasure of our future society and we can find ways to work around the Green belt if we try.\nRemove Schedule 10 from Bill 66, which allows municipalities to override provisions in the Greenbelt Act, Clean Water Act, Lake Simcoe Act, Oak Ridges Moraine Conservation Act and Great Lakes Protection Act.\n"
    },
    "17657": {
        "url": "/comment/17657",
        "comment": "I am deeply concerned about this new legislation Bill 66. Premier Ford, you promised to protect this important provincial asset not sell it off to developers and industry. I believe you should represent me not their profit.\nThe Greenbelt is of great importance to me and I do not want to see it carved up with building and industry. I feel that it is important to protect our environments resources such as wetland, farm land and wooded areas. This greenbelt is essential for filtering water and preventing flooding and reducing the impact of extreme storms. This resource helps us combat climate change by storing 86 million tonnes of carbon. Protection of this asset makes financial sense as well food and farming and jobs.\nPlease represent me and change this Bill to protect and preserve the Greenbelt or you will loose my vote. Please protect my children, grandchildren and generations to come.\n"
    },
    "17660": {
        "url": "/comment/17660",
        "comment": "To Whom It May Concern,\nBill 66 is a dangerous bill and I would like to see the Removal of Schedule 10 from Bill 66, which allows municipalities to override provisions in the Greenbelt Act, Clean Water Act, Lake Simcoe Act, Oak Ridges Moraine Conservation Act and Great Lakes Protection Act.\nAll people in Canada/Ontario have a right to Clean Water and Clean Air. The Greenbelt, Oak Ridges Moraine, and all the Great Lakes need more protection - not less.\nDevelopers and commercial uses should not override these rights.\n"
    },
    "17662": {
        "url": "/comment/17662",
        "comment": "We simply cannot allow for the protection of our Greenbelt to be dismantled for political gain. We cannot allow for developers to determine how our food and water producing land is to be allocated. It\u2019s very clear that certain major developers have ear of Mr. Ford. Mr. Ford made a campaign promise to not allow our Greenbelt to be developed and I fear that his recent actions and the actions of his caucus are in direct opposition to his campaign promise and illustrate his true intentions of selling off our necessary land in order to fill coffers. This is shortsighted and foolish behaviour and is not \u201cfor the people\u201d it is for wealthy investors.\nI am not part of any special interest group, I am an Ontarian who recognizes that farms feed cities.\n"
    },
    "17674": {
        "url": "/comment/17674",
        "comment": "This bill is an outrageous and unprecedented attack in hard won legislation to protect Ontario now and into the future. ALL development ought to be subject as it is now to the various acts covered in bill 66: Clean Water Act, the Greenbelt Act, the Great Lakes Protection Act, the Growth Plan, and many other essential protections we count on daily for human health and co-ordinated local planning.\nYour short sightedness May benefit a few well placed developer supporters of your party but will destroy what little hope we have of creating a systems based approach to management in this province in the context of climate breakdown.\n"
    }
}