{
    "20920": {
        "url": "/comment/20920",
        "comment": "Bill 66 Schedule 10 scares me knowing that at any time if my municipality chooses to use Schedule 10 at any time, without warning or notice, developers and councillors can, behind closed doors, come up with a bad development proposal.  This proposal could ignore our Official Plan, could ignore good laws to protect my drinking water, farmland, green space, and communities.  We will not be consulted, we will not have an opportunity to speak to it before the application is completed and we will have no recourse.  With Bill 66, Schedule 10, permanent negative results can happen next door, down the street, in our neighbourhood and/ or in the natural areas of our town.   I feel, like all of a sudden, I live in one of those countries where citizen\u2019s rights, the rule of law, good government, good planning, respect for the natural environment and for future generations does not exist.\nWe do not need Bill 66, Schedule 10.  We have lands available for industry.  We have lands available for housing.  We have good planning.  We have good laws created by years of thought and by Conservative government.\nBill 66 is a threat to me, my family, to my children and their future, to my community, to my municipality.  It is appalling.  It must be cancelled in its entirety.\n"
    },
    "20921": {
        "url": "/comment/20921",
        "comment": "I am writing to voice my opposition to Bill 66 which, if passed, would undermine many critically important pieces of legislation that were created to protect the people of Ontario. Cutting and cancelling these important protections in the name of economic \u201ccompetitiveness\u201d will endanger lives, hurt our long term economic interests, and lower the quality of life in the province.\nI oppose the changes in Bill 66 that will result in:\n\u2013 Less protection for drinking water sources.\n\u2013 Critically important agricultural land and greenspace being developed and destroyed.\n\u2013 More urban sprawl and poorly conceived development.\n\u2013 Employees working significant amounts of overtime without pay.\n\u2013 Lower wages for unionized construction workers in many sectors of the economy.\n\u2013 Less protection from dishonest business practices by wireless companies.\nGutting important regulatory safeguards in the hopes of creating a few jobs is incredibly short sighted. Bill 66 will not make Ontario more competitive \u2013 but it will endanger our health, our communities, our environment and our future. I would prefer to have critical ecosystems, access to public green spaces and less development that is harming the environmental systems in ontario. It is our right to be protectors of the land for future generations do not destroy important water and green lands for short term profit and a line item on the budget.\nFor all of these reasons and more, I oppose Bill 66.\nSincerely, Steven G.\n"
    },
    "20922": {
        "url": "/comment/20922",
        "comment": "One word, Walkerton. There are some things where cuts can't be made i.e. on basic necessities like our food, our water, and air. Releasing these deliberately tight regulations on greenbelt lands opens up opportunities for water contamination. Moreover, the greenbelt holds fundamentally important ecological assets that maintain food supply for future generations and clean our air not to mention, offer vital habitats for animals. I don't understand the logic behind this bill, when has sprawl ever been the answer? Why unlock lands when we have so many underused lots all across the Province that can be \"open for business\"? You're letting us down Mr. Ford.\n"
    },
    "20923": {
        "url": "/comment/20923",
        "comment": "Submissions on Bill 66 \u2013 Restoring Ontario\u2019s Competitiveness Act, 2018, (ERO # 013-4293)\nThe Ontario Soil Regulation Task Force OSRTF is pleased to comment on the above named posting to the Environmental Registry.  It is also providing comments on:\n\u2022\tRepeal the Toxics Reduction Act, 2009 and all associated regulations by December 31, 2021 (ERO # 013-4234)\n\u2022\tPlanning and reporting changes under the toxics reduction program and Ontario Regulation 455/09 (ERO # 013-4235)\n\u2022\tProposed open-for-business planning tool (ERO # 013-4125)\n\u2022\tNew Regulation under the Planning Act for Open-for-Business Planning Tool (ERO # 013-4239)\nOSRTF is a not for profit volunteer organization that assists over 20 member groups across southern Ontario working to ensure responsible and sustainable management of excess construction soils.\nOSRTF is opposed to the above named proposals for Restoring Ontario\u2019s Competitiveness because of the dangers they present to the environment in which we all live, and thus to our health and to the enjoyment of our neighbourhoods.\nThe reasons for our opposition are contained in our comments through the above-mentioned ERO postings and through the submissions of the Ontario Greenbelt Alliance and of the Ontario Headwaters Institute.\n"
    },
    "20924": {
        "url": "/comment/20924",
        "comment": "Remove Schedule 10 from Bill 66, which allows municipalities to override provisions in the Greenbelt Act, Clean Water Act, Lake Simcoe Act, Oak Ridges Moraine Conservation Act and Great Lakes Protection Act.\nAdditionally, it is not acceptable to exempt public review and comment. This is extremely undemocratic.\n"
    },
    "20925": {
        "url": "/comment/20925",
        "comment": "I am deeply concerned that Bill 66, Schedule 10, is taking Ontario in the wrong direction. I do not feel that \u201copening up for business\u201d by reducing environmental protections is good for any of us in the long term. You need to create legislation that will encourage companies to consider the environment and the people who live there, first.  If you allow the destruction of our farmlands, where will our food come from when it becomes too expensive to import, or because climate change has become so catastrophic? What happens when our drinking water is tainted? We do not need this type of legislation.  We need a government that is thinking about its people\u2019s future, and is ensuring that we have a cleaner environment than we currently do. Our future success as a people depends on us learning from the mistakes made over the last 200 years of industrialization and the small successes we\u2019ve made after we\u2019ve seen our mistakes, such as acid rain and the ozone layer.  Be the government that leads us into a brighter future, not one that holds on to a past that is going to ruin us.\n"
    },
    "20929": {
        "url": "/comment/20929",
        "comment": "The greenbelt should be protected. Wetlands and water and farmlands should be protected. You want to make Ontario more profitable, more employed, more open for business? Invest in the arts send the environment and renewable energies and new technologies. Stop developing farmlands and do not open the greenbelt to development. Thousands of homes stand empty most of the year. There are new creative ways to have multi unit multifamily dwellings other than carving up protected and needed land and eco systems. Consult with actual experts, not ones who pay to have government line their private pockets.\n"
    },
    "20934": {
        "url": "/comment/20934",
        "comment": "I strongly oppose the passing of Bill 66, parts of which would jeopardize the Greenbelt and other environmental protections; Schedule 10 would proposes to override important planning, water agricultural and environmental protections contained in the Clean Water Act 2006 and the Greenbelt Act, 2005;  Schedule 5 proposes to repeal the Toxics Reduction Act, 2009.\nWe need to protect our farmland, our natural water sources, forests, wildlife habitat, and to ensure that toxic chemicals do not poison our drinking water.  The public needs to have the right to oppose any new business which would jeopardize their safety and quality of life.\nThis Bill 66 is a giant leap backwards as far as environmental protection is concerned, not to mention the potential loss of lives.  The e coli outbreak in Walkerton is an example of how fragile our water supply can be.   We have a right to have clean air and water.   We have a moral obligation to protect the planet for future generations.\n"
    },
    "20935": {
        "url": "/comment/20935",
        "comment": "I am writing to express my deep concern over the environmental implications of Bill 66.\nI am one of the 90% of Ontarians who support the Greenbelt. I support the protection of valuable arable land for farming. I support the protection of green space for recreation. I support the promotion of density in urban areas so we can protect our surrounding natural environment for future generations. Once the greenbelt is paved or developed it cannot be undone. We know that land use is one of the three key drivers of climate change. We also know, as per the IPCC's SR15, that climate change has reached a do or die moment. Quite literally we are fighting for the survival of our species. The greenbelt must stay green. We need the environmental services that it provides. It is a carbon sink, it protects the wetlands that provide habitat, clean our water and prevent flooding, it is the breadbasket of our region.\nLegislation that deregulates protection of this valuable area is woefully misguided to the point of stupidity. Ontario has lands where it makes sense to develop. Our urban areas have enough space for additional industry and manufacturing jobs. The housing crisis can be solved within urban boundaries where it makes sense for transit and employment opportunities. Protect our green space for the millions of people who depend upon it now for clean water, clean air, climate regulation, healthy food, and recreational opportunities, not to mention the significant benefits these provide to the economy. Protect it now for us but also for our children and grandchildren. Be remembered as a government whose legacy was truly for the people, a government responsible for creating a better future. Not as a government blinded by partisan politics, backroom business dealings, and a terrifying lack of understanding of the implications of the climate crisis.\nI support the Greenbelt\nI support the Clean Water Act\nI support the Great Lakes Protection Act\nI support a clean, green present and future for all of us\nAs an Ontarian with two small children, I do not support Bill 66 or a government that would resort to such a blind economic growth strategy.\n"
    },
    "20936": {
        "url": "/comment/20936",
        "comment": "Be it known that the Federation of Tiny Township Shorelne Associations representing 25 beach associations along 60 miles of GEORGIAN Bay Coastline object to Section. 10 of Bill 66 and request it be withdrawn for all the reasons outlined in the attached document from the Georgian Bay Great Lakes Foundation.\nFurther, we support all if the comments and recommendations contained in the attached document.\nYours truly,\nPaul Cowley\nPresident, FoTTSA (Federation of Tiny Township Shoreline Associations)\nwww.tinycottager.org\n"
    },
    "20937": {
        "url": "/comment/20937",
        "comment": "Hello,\nI am a Conservative and have been for many years.  I am disgusted that this government would lie during the campaign regarding a changes to any policy regarding the Green Belt.  There are enough available areas to develop without compromising areas that protect habitats and watersheds.  Changes to these areas can happen in short weeks, but take decades to return to nature.\nActs should only be repealed or replaced out necessity.  There are more than enough areas to develop; the government has not proven, nor investigated that there is a requirement to open the Green Belt.\nThis Bill does not need to include any change to policy in our protected areas.  Thus, Bill 66 should be amended to remove any change to policy regarding the Green Belt.\nThanks\n"
    },
    "20938": {
        "url": "/comment/20938",
        "comment": "I would ask that the government withdraw this ill advised omnibus piece of legislation.  The democratic rights of local citizens should not be taken away under the guise of making Ontario competitive.  My specific concern is with the way this legislation undermines community planning by local citizens working hand in hand with their elected local Councils.  We expect our elected Councils to be responsive to the concerns of the citizenry that elects them.  We live in our communities and have the right to plan them properly.  This legislation allows Councils and the provincial government to ignore a range of Ontario regulations that are in place to protect the planning process in communities.  No elected body or government officials should be allowed to ignore the requirements of the Clean Water Act 2006, the Greenbelt Act 2005, the Oak Ridges Conservation Act 2001.  No locally elected Council should be allowed to ignore proper notification and meaningful consultation with its public on important planning matters.  No legislation should take away the right of appeal to by-laws made under the Planning Act and acts like those mentioned above.  Competitiveness, efficiency and local democracy can go hand in hand.  Bill 66 in its current draft form takes away the rights of citizens in order to be efficient. The Government of Ontario should never allow this to happen.  The citizenry expects their elected government to protect their rights, not limit them in favour of giving a free hand to private corporations to develop Ontario as they see fit.  Please withdraw this undemocratic piece of legislation.\n"
    },
    "20941": {
        "url": "/comment/20941",
        "comment": "To whom it may concern,\nI am writing to voice my opposition to Bill 66 which, if passed, would undermine many critically important pieces of legislation that were created to protect the people of Ontario. Cutting and cancelling these important protections in the name of economic \u201ccompetitiveness\u201d will endanger lives, hurt our long term economic interests, and lower the quality of life in the province.\nI oppose the changes in Bill 66 that will result in:\n\u2013 Less protection for drinking water sources.\n\u2013 Critically important agricultural land and greenspace being developed and destroyed.\n\u2013 More urban sprawl and poorly conceived development.\n\u2013 Employees working significant amounts of overtime without pay.\n\u2013 Lower wages for unionized construction workers in many sectors of the economy.\n\u2013 Daycares with more children and fewer staff to look after them.\n\u2013 Less qualified caregivers in public schools and daycares.\n\u2013 Less protection from dishonest business practices by wireless companies.\n\u2013 Long term care homes being operated by companies with no experience and with less oversight.\nGutting important regulatory safeguards in the hopes of creating a few jobs is incredibly short sighted. Bill 66 will not make Ontario more competitive \u2013 but it will endanger our health, our communities, our environment and our future.\nFor all of these reasons and more, I oppose Bill 66.\nSincerely,\nOren\n"
    },
    "20942": {
        "url": "/comment/20942",
        "comment": "Bill 66 is environmentally harmful and undemocratic for the following reasons:\n1.\tIt threatens drinking water across Ontario through circumventing policies that are put in place specifically to preserve clean drinking water for municipalities. This is harmful for the environment, including aquatic life, and will also cost more money in the long-run by creating the need for more intensive water treatment methods across the province.\n2.\tIt threatens important animal habitats for species across Ontario, such as wetlands and woodlands, through bypassing vital regulations for environmental protection.\n3.\tIt allows industry to ignore agricultural protections, which will lead to urban sprawl, and is completely unnecessary considering there are unused land plots in most municipalities in Ontario that could be converted into usable land for business.\n4.\tIt threatens the Greenbelt, which is an area in Ontario important for both the environmental health of the province and its citizens, and also within the culture of Ontario as being a place of natural beauty and heritage.\n5.\tIt overrides efforts to make Ontario communities more livable, sustainable, and resilient through allowing industry to ignore policies that support active transportation, affordable housing, green infrastructure, and climate resiliency, which is especially important currently as climate change will continue to create more drastic environmental situations within Ontario that communities must contend with.\n6.\tIt compromises transparency and public engagement through allowing by-laws under the Act to be passed without public notice. It also leaves citizens without the ability to appeal the by-laws, which is extremely concerning within a democratic system.\n7.\tIt allows municipalities and industries to bypass more than a dozen environmental regulations that have been created within the last two decades, which is completely undemocratic. If the government believes those regulations to be no longer necessary, then they should repeal them through proper procedure, in a way that is transparent and open for debate, rather than create an Act that allows these regulations to simply be circumvented.\n"
    },
    "20946": {
        "url": "/comment/20946",
        "comment": "Schedule 10 of Bill 66 proposes to \"remove planning barriers to expedite major business investments and speed up approvals by about two years\"  and talks about the jobs that these changes will create.\nOur Greenbelts, the Clean Water Act, the Great Lakes, the Oak Ridges Moraine must not be included in these changes!!  We cannot build on ALL  of the land in this province!!!!    We need to protect our waterways, we need to leave space for other wildlife (mosquito-eating birds, for example).   For our own health, we need to keep green spaces,  air-cleaning trees and clean waterways.   We can't afford to pave over/carve up our wild lands for a few jobs, or for a developer to make some money!!!\nSchedule 10 needs to be removed from Bill 66!!\n"
    },
    "20950": {
        "url": "/comment/20950",
        "comment": "Bill 66 constitutes an affront to both the environmental conservation and democratic processes of Ontario. The creation of \u201copen-for-business\u201d by-laws will allow for the circumvention of established environmental regulations by municipalities wanting to attract commercial activity. This is problematic, as businesses that would be enticed by minimal environmental regulations are businesses that would most likely:\n1.\tThreaten drinking water through the overriding of policies in already approved water source protection plans, which are created to protect the drinking water of Ontarians from the toxicity of landfills and sewage systems\n2.\tThreaten the conservation of wetlands, forestry, and other habitats for at-risk species through circumvention of the protections in the Provincial Policy Statement under the Planning Act\n3.\tThreaten farmland through the circumvention of agricultural protections as laid out in the Provincial Policy Statement, leading to further urban sprawl\n4.\tThreaten conservation areas and farmland within the Greenbelt through the municipality-sanctioned circumvention of protections\nNot only would the implementation of \u201copen-for-business\u201d by-laws endanger public safety and environmental conservation, but there would be no way for citizens to appeal the implementation of said by-laws, as such laws would be unappealable through the Local Planning Appeal Tribunal.\nI urge the Ontario government to rescind their Bill 66 proposal, lest they cause undue harm to the citizens and lands of the Province they are tasked with representing.\n"
    }
}