{
    "18928": {
        "url": "/comment/18928",
        "comment": "January 15, 2019\nThe Kearney Watershed Environmental Foundation has a number of concerns regarding Bill 66, Restoring Ontario\u2019s Competitiveness Act, 2018\nThis Bill proposes to make changes to provincial policy and law in a variety of administrative departments; many of which affect the future environmental sustainability of our province.\nKWEF would like to comment on Schedule 10, #013-4239,  the Open for Business Bylaw, and Schedule 5,#013-4234 and #013-4235,  the changes to the Toxic Reductions Reporting Requirements\nSCHEDULE 10 , 013-4239- Bill 66 : the Open for Business Bylaw under the Planning Act\nThe changes under this section of the Bill  lack specific guidelines and regulations. It is unwise for the legislation to be passed ; and for the specifics to be decided later.\nAccording to the Association of Municipalities Ontario, this OFB Bylaw, Under Section 6 of Section 10:\n\u201c would allow a municipal council to decide whether or not they wish to implement any of the environmental policies found in the following instruments in their OFB By-law\n\u2022\tThe Provincial Policy Statement (2014) and municipal Official Plans made pursuant to the Planning Act;\n\u2022\tDrinking Water Source Protection Plans prepared under the Clean Water Act, 2006;\n\u2022\tGreat Lakes Protection Initiatives made pursuant to the Great Lakes Protection Act, 2015;\n\u2022\tThe Green Belt Plan promulgated under the Greenbelt Act, 2005;\n\u2022\tThe Lake Simcoe Protection Plan promulgated under the Lake Simcoe Protection Act, 2008;\n\u2022\tThe Oak Ridges Moraine Conservation Plan pursuant to the Oak Ridges Moraine Conservation Act, 2001.\n\u2022\tA Policy Statement made pursuant to the Resource Recovery and Circular Economy Act, 2016. \u201c[1]\nThe AMO states that Bill 66 \u201c raises questions about achieving economic gains may result in long term environmental concerns\u201d.  ( www.amo.on.ca)\n.\nOntario is fortunate to have one of the most plentiful, safe water supplies in the world. The protections in place under the various pieces of legislation listed above help to ensure this and should be maintained intact.\nA Municipality\u2019s Official Plan is developed with much consultation with the public and reflects the intent of the Council and the populace it serves.  The proposal   to circumvent adherence to the Municipality\u2019s Official Plan and to remove any recourse by the residents undermines the responsibility of elected officials to represent the voters, and the intent of an Official Plan.\nUnder Schedule 5, #013-4234 and #013-4235:\n The proposal to reduce, and in the case of certain facilities, to remove altogether the obligation to report toxic substances  in 2019 is based on the premise that the Federal Chemicals Management Plan will come into effect in 2021. This is premature and  is ill advised. Allowing facilities exemption from creating a toxic reporting and reduction plan whether they are reporting on a new toxic substance under an existing requirement, or are new to the program is folly. Making implementation of the plans voluntary negates the whole idea of reducing toxins.\nBill 66 , Restoring Ontario\u2019s Competitiveness Act, 2018  should not be hastily pushed through the legislature. The details should be carefully considered and clearly outlined BEFORE this wide-ranging legislation is passed, and the public response period should be extended to allow the public to respond once clear specific guidelines are developed.\nCarol Adamthwaite\nChair, Kearney Watershed Environmental Foundation.( KWEF)\n"
    },
    "18929": {
        "url": "/comment/18929",
        "comment": "As a Canadian citizen and resident of Ontario I would like to express my concerns regarding Bill 66. I am not in favour of Bill 66 as it is too banal and leaves too many eventualities open for corruption and leaving decision-making on big money instead of considering the well-being of individual residents and the longtime future of the GTA. I believe that in only a few years politicians and all Ontarians will regret passing such simplified bill. I ask all in power to overthink Bill 66 once more. Thank you.\n"
    },
    "18932": {
        "url": "/comment/18932",
        "comment": "Balance is the key to a healthy economy and environment. Ontario should take the best ideas from places that have preserved green space while advancing their economies.\nGermany and Switzerland are 2 outstanding examples. China has also concluded that greening the country is the best way to go forward; against tremendous odds, China's cities are being transformed into garden communities. Ontario could do the same.\nLet's import the best ideas to preserve our natural resources and grow SMART.\n"
    },
    "18938": {
        "url": "/comment/18938",
        "comment": "I am concerned specifically with Schedule 10 allowing municipalities a way to circumvent environmental protection of our greenbelt, fresh water supply and other vulnerable areas.  Any changes must protect our environment, regardless of the cost to municipalities.  There are many areas of our province where it is nearly impossible to grow crops due to the type of soil.  Government needs to step up with an overall plan to develop these wastelands instead of allowing municipalities to act in silos, doing whatever they want.\nMake the people move to jobs, instead of creating jobs on prime farmland and sensitive ecosystem areas.  Just because someone wants to live somewhere doesn't mean we should create a job for them there.\nOur government needs to be environmentally responsible and stop the sprawl!\n"
    },
    "18939": {
        "url": "/comment/18939",
        "comment": "Bill 66 is fundamentally misguided.\nOntario's Green Belt is internationally recognized as a model for effective environmental management and has contributed in many crucial ways to the well-being - both environmental and economic - of people all over Southern Ontario. We risk losing so much - permanently - if this bill were to be implemented.\nThis bill is NOT in the best interest of the people of Ontario. Please defeat it.\nI am commenting here on my own behalf, but I have many decades of professional experience in the field of environmental management and environmental science, as well as long experience in the mining sector. My perspective is multi-disciplinary. I am fervently opposed to this bill.\n"
    },
    "18940": {
        "url": "/comment/18940",
        "comment": "Thanks for this opportunity. I don\u2019t like this bill because of the lack of protection for the Greenbelt. It matters for much of southern Ontario. Please amend it.\nJust today the insurance industry was saying how bad trying are getting. Eating up the Greenbelt with developmentbwill just make flooding worse\n"
    },
    "18941": {
        "url": "/comment/18941",
        "comment": "Bill 66 will remove important environmental protections all in the name of \"efficiencies\" that will ultimately cost Ontario way more than any short term savings that this bill hopes to achieve. Remember Walkerton? Removing protection of water sources will almost certainly result in another water disaster like Walkerton. Developing Greenbelt, which Mr. Ford said he would never do, will not only endanger drinking water for millions of people, it will also increase urban sprawl, which has been shown to contribute to more air pollution and reduce air quality. The cost to our health care system will increase and \"the people\" will ultimately pay the price.\nBill 66 if passed as is will be an economic disaster that Ontario can not afford.\n"
    },
    "18943": {
        "url": "/comment/18943",
        "comment": "Lambton Public Health respectfully does not support the passing of Bill 66, Restoring Ontario's Competiveness Act, 2018, as it will have potential adverse effects to public and environmental health in Ontario. Please accept the following comments regarding our concerns with this Bill.\nSchedule 5: Ministry of the Environment, Conservation and Parks\nAlthough there may be some overlap between the provincial Ontario's Toxic Reduction Plan and the federal Chemical Management Plan in toxic reductions, it appears that the provincial legislation was more advanced in its mandate. Concerns with repelling of the Toxic Reduction Act and its Regulations include:\n\u2022\tThere would no longer be new or reviewed plans for toxic substances reduction planners to provide necessary recommendations.\n\u2022\tThere would be an exemption for certain facilities from all future planning and reporting obligations for certain substances.\n\u2022\tThere would be less emphasis on reducing the use and the creation of prescribed toxic substances.\n\u2022\tPublic transparency would be lost. The Toxic Reduction Act had a more in depth reporting mechanism.\nSchedule 10: Ministry of Municipal Affairs and Housing\nThe \"open-for-business planning bylaw\" will:\n\u2022\tAllow different types of developments within previously protected areas, such as Source Water Protection Areas, which could threaten ground water and surface water resources.\n\u2022\tAllow developments, such as industry, in or near sensitive land use areas (such as residential developments), which could have a negative impact on air quality.\n\u2022\tHave a negative impact on the natural and built environment.\n\u2022\tDecrease the preservation of greenspaces.\nThe Ministry of Health and Long-Term Care published the Healthy Environments and Climate Change Guidelines under the Ontario Public Health Standards. This Guideline \"is intended to assist boards of health to develop approaches for promoting healthy built and natural environments to enhance population health and mitigate environmental health risks\". The proposed changes to Planning Act and the introduction of the \"Open-for Business\" by-law would hinder or make it more difficult for Public Health Units to collaborate with local municipalities in developing effective strategies to reduce exposure to health hazards and promote healthy built and natural environments when they are developing/reviewing their plans for infrastructure, zoning, land-use, etc.\nPrior to amending the Planning Act, please consider what the health benefits of a well-designed community based on provincial policies which are:\n\u2022\tBetter air quality;\n\u2022\tProtected drinking water supplies;\n\u2022\tAvailability of locally grown foods (food security);\n\u2022\tReduced urban heat island; etc.\nThank you for the opportunity to provide comment and your consideration of our feedback.\nPlease consider the impacts on the public health and safety of residents of Ontario prior to Bill 66 proceeding through the legislative process.\nLambton Public Health\n"
    },
    "18944": {
        "url": "/comment/18944",
        "comment": "Removing schedule 10 from Bill 66 to allow municipalities to circumvent current measure in place to preserve the natural habits and animals would have negative long term effects to our environment.\nI\u2019m strongly opposed to amending Bill 66 and stingy believe in preserving these fragile ecosystems.\n"
    },
    "18945": {
        "url": "/comment/18945",
        "comment": "I have reviewed the proposed legislative changes referred to as \u2018Restoring Ontario's Competitiveness Act, 2018\u2019 or Bill 66.  Of great concern to me are the changes which are detailed in:\nSchedule 5 \u2013 Repealing legislation which (a) prevents pollution and protects human health and the environment by reducing the use and creation of toxic substances and (b) informs Ontarians about toxic substances.\nIn my opinion, Ontario should try to attract businesses which are willing to abide by the Toxic Reduction Act, 2009, NOT the ones which want to circumvent this legislation.\nSchedule 7 \u2013 Repealing legislation which protects consumers who enter into agreements with suppliers for wireless services accessed from a cellular phone, a smart phone or any other similar mobile device.\nThe Wireless Services Agreements Act, 2013 was passed as a result of the gouging and the penalties that the wireless service providers were imposing and the public outcry that resulted.  It provides additional protection to the federal legislation, including the capping of cancellation fees and the right to file class action lawsuits against wireless companies.  Ontario consumers want the additional protection that this act provides.\nSchedule 9 \u2013 No longer requires employers to post information about the Employment Standards Act, 2000 describing rights of employees.\n-\tIt repeals the 60 hour per week cap, allowing employees to work excessive hours, resulting in safety and health related issues.\n-\tIt allows employers to average hours to avoid overtime pay without approval of the Director of Employment Standards\nOntario should be attracting employers who treat their employees with respect and do not try to circumvent the Employment Standards Act.  These legislative changes do not in any way improve the competitiveness of Ontario businesses.\nSchedule 10 \u2013 Allows municipalities to pass a bylaw overriding policies to protect water, natural heritage, farmland, human health and well-being.\nThis is the scariest schedule in Bill 66 and it can be passed without public notice, behind closed doors.  Decades of work that has gone into protecting Ontarians will be overturned.  In addition, it would leave citizens without recourse.\nIt allows for urban sprawl everywhere in Ontario but also in the Green Belt.  These lands are intended to be used as farmland, providing food for Ontarians in the future.  Protection of these lands is of utmost importance.\nMunicipalities across Ontario are currently declaring that they will NOT be passing the \u2018open-for-business\u2019 bylaw.  But to have even one municipality pass the bylaw could easily affect all Ontarians in an extremely negative way.  If the Great Lakes waters are not protected, it will affect millions of Ontarians, as it is a major source of drinking water.\nAs far as I am concerned, schedule 10 in the legislation is NOT \u201cFOR THE PEOPLE\u201d, it only benefits developers.  It is legislation that is \u201cFOR THE ELITE\u201d.  Ontarians have worked hard to create all the legislation that is \u201cFOR THE PEOPLE\u201d, and we do not want this work to be in vain.\nShould Bill 66 be voted on in the legislature, I am begging you to make this vote a non-partisan vote so that PC members can vote on behalf of their constituents and with an clear conscience.\n"
    },
    "18946": {
        "url": "/comment/18946",
        "comment": "I think green areas are as much a part of our city as are business, stores. It is not accurate to say that this rule is \"Restoring\" Ontario's competitiveness. If anything what needs to be retored is our green areas and environmental approaches. Ontario is already a very successfull rich Province with many business and the highest GDP:\n1\tOntario\t763,276\n2\tQuebec\t380,972\n3\tAlberta\t326,433\n4\tBritish Columbia\t249,981\nIt seems our Mayor does not understand Economy?\n"
    },
    "18951": {
        "url": "/comment/18951",
        "comment": "I have reviewed the proposed legislative changes referred to as \u2018Restoring Ontario's Competitiveness Act, 2018\u2019 or Bill 66.  Of great concern to me are the changes which are detailed in:\nSchedule 5 \u2013 Repealing legislation which (a) prevents pollution and protects human health and the environment by reducing the use and creation of toxic substances and (b) informs Ontarians about toxic substances.\nIn my opinion, Ontario should try to attract businesses which are willing to abide by the Toxic Reduction Act, 2009, NOT the ones which want to circumvent this legislation.\nSchedule 7 \u2013 Repealing legislation which protects consumers who enter into agreements with suppliers for wireless services accessed from a cellular phone, a smart phone or any other similar mobile device.\nThe Wireless Services Agreements Act, 2013 was passed as a result of the gouging and the penalties that the wireless service providers were imposing and the public outcry that resulted.  It provides additional protection to the federal legislation, including the capping of cancellation fees and the right to file class action lawsuits against wireless companies.  Ontario consumers want the additional protection that this act provides.\nSchedule 9 \u2013 No longer requires employers to post information about the Employment Standards Act, 2000 describing rights of employees.\n-\tIt repeals the 60 hour per week cap, allowing employees to work excessive hours, resulting in safety and health related issues.\n-\tIt allows employers to average hours to avoid overtime pay without approval of the Director of Employment Standards\nOntario should be attracting employers who treat their employees with respect and do not try to circumvent the Employment Standards Act.  These legislative changes do not in any way improve the competitiveness of Ontario businesses.\nSchedule 10 \u2013 Allows municipalities to pass a bylaw overriding policies to protect water, natural heritage, farmland, human health and well-being.\nThis is the scariest schedule in Bill 66 and it can be passed without public notice, behind closed doors.  Decades of work that has gone into protecting Ontarians will be overturned.  In addition, it would leave citizens without recourse.\nIt allows for urban sprawl everywhere in Ontario but also in the Green Belt.  These lands are intended to be used as farmland, providing food for Ontarians in the future.  Protection of these lands is of utmost importance.\nMunicipalities across Ontario are currently declaring that they will NOT be passing the \u2018open-for-business\u2019 bylaw.  But to have even one municipality pass the bylaw could easily affect all Ontarians in an extremely negative way.  If the Great Lakes waters are not protected, it will affect millions of Ontarians, as it is a major source of drinking water.\nAs far as I am concerned, schedule 10 in the legislation is NOT \u201cFOR THE PEOPLE\u201d, it only benefits developers.  It is legislation that is \u201cFOR THE ELITE\u201d.  Ontarians have worked hard to create all the legislation that is \u201cFOR THE PEOPLE\u201d, and we do not want this work to be in vain.\nShould Bill 66 be voted on in the legislature, I am begging you to make this vote a non-partisan vote so that PC members can vote on behalf of their constituents and with an clear conscience.\n"
    },
    "18955": {
        "url": "/comment/18955",
        "comment": "I urge you to please remove Schedule 10 from Bill 66, which allows municipalities to override provisions in the Greenbelt Act, Clean Water Act, Lake Simcoe Act, Oak Ridges Moraine Conservation Act and Great Lakes Protection Act. These acts were made with careful forethought and consultation. We need to preserve these lands and waters!\n\"The Greenbelt preserves farmland and greenspace essential for naturally filtering water and preventing flooding, not to mention critical habitat for many of Ontario\u2019s endangered species. It also helps to combat climate change by storing 86.6 million tonnes of carbon. The Greenbelt provides approximately $2.6 billion annually in environmental services.\nProtection also makes financial sense. Food and farming in the Greater Golden Horseshoe contributes $12.3 billion to the economy and creates 212,000 jobs.  Over 7,000 of these farms are found in the Greenbelt, including half of Ontario\u2019s fruit farms and one fifth of our vegetable farms.\nThe Greenbelt is also our biggest defence against climate change. Natural greenspace absorbs flood water and reduces the impact of extreme storms on our infrastructure and stormwater management systems.\"\n"
    }
}