{
    "20346": {
        "url": "/comment/20346",
        "comment": "Bill 66 allowing communities to disregard the important protections attached to the Green Belt and the Clean Water Act is beyond flawed. One thing to be \"Open For Business,\" another to be open to undermining the quality of our water and the important support systems attached to the Green Belt. Conservatives like Sam Oosterhoff suggesting that it doesn't matter that the Bill allows for that it won't happen are beyond disingenuous. This Bill sells out our environment to more fully engage in practices that continue to be the problem not the solution for us moving forward.\n"
    },
    "20348": {
        "url": "/comment/20348",
        "comment": "Ontario has a rich history of occupation that dates back more than 12,000 years. The archaeological assessments completed each year in advance of development help fill in the gaps in the story of our Province, Indigenous Peoples and more recent settlers. Archaeology gives a voice to many who have been written out of the history of our Province. Indigenous and descendant community participation in the process of archaeological investigation has recently amplified that voice. Bill 66 threatens to allow municipalities to opt out of provisions within the Planning Act, including the Provincial Policy Statement (2014) which require many of the assessments that are completed.\nUnder Bill 66, a municipality will be able to circumvent Subsection 3(5) and Section 24 of the Planning Act which give authority to the Provincial Policy Statement (2014) and Official Plan requirements respectively. The protection of heritage is a mandatory provincial interest under the Ontario Heritage Act, not a decision of convenience at a municipal level. Bill 66 needs to be amended to restore the requirements that protect our heritage for the generations to come.\n"
    },
    "20349": {
        "url": "/comment/20349",
        "comment": "I do not want the Greenbelt - home to 5,500 farms, 78 species at risk and 102 million tonnes of carbon storage - carved up with factories and subdivisions.\nThe Greenbelt preserves farmland and green space essential for naturally filtering water and preventing flooding, not to mention critical habitat for many of Ontario\u2019s endangered species. It also helps to combat climate change by storing 86.6 million tonnes of carbon. The Greenbelt provides approximately $2.6 billion annually in environmental services.\nProtection also makes financial sense. Food and farming in the Greater Golden Horseshoe contributes $12.3 billion to the economy and creates 212,000 jobs.  Over 7,000 of these farms are found in the Greenbelt, including half of Ontario\u2019s fruit farms and one fifth of our vegetable farms.\nThe Greenbelt is also our biggest defence against climate change. Natural greenspace absorbs flood water and reduces the impact of extreme storms on our infrastructure and stormwater management systems.\n"
    },
    "20350": {
        "url": "/comment/20350",
        "comment": "I am writing to express my opposition to the \"Open for business\" planning by-law provision of Bill 66.  While this provision purports to support economic competitiveness, it will not do so.  It's bad economics, even viewed through a mainstream economics lens.  In short, planning provisions are needed to achieve both the right proportions and arrangements of land uses.  The free market, left to its own devices, will not achieve this, due to the fact that the developer purchasing and developing the land does not pay the costs to other land uses (or the public) associated with the land development.  In an unregulated free market (what this bill will allow), conflicting land uses are too close together, and irreversible future costs of development (such as destruction of groundwater resources and productive farmland) are passed on to future generations, who have no ability to participate in current land markets.\nFree markets are also characterized by frequent oversupply and contraction cycles, as most market participants respond to profit motives without considering that others will have the same supply response.  The result is oversupply-too much student housing, too many 1 bedroom condos, and too many strip  malls.  \"Open for Business\" will only exacerbate this problem.\nThis bill will allow planning provisions, which are carefully designed through years of public and professional consultation, to be circumvented.  This may benefit individual developers--but the communities that result will not be attractive to the kind of high-valued industries, such as major tech firms, that Ontario seeks to attract.  Consider that Google headquarters is in high regulated, but amenity-rich California, and their next nodes will NOT be in Texas, but in areas with a high degree of coordination and regulation--including a new node in Toronto.\nThis bill disenfranchises the many highly educated and informed citizens who participate in collaborative planning.  Within a clear policy environment, such as we now have in place, negotiations between these citizen groups, developers, and municipalities can result in development solutions that are better for all.  A command-and-control, few minds at the table approach is not likely to gain the same success.\nPassing Bill 66 and related measures would be short-sighted politically for the current administration.  Efforts to disenfranchise citizens may work not, but come the next election, the current government will not survive. Unfortunately, damages to groundwater, farmland, and the economic vitality of our cities could be permanent.  I don't think that is the legacy sought by the current government.\n"
    },
    "20351": {
        "url": "/comment/20351",
        "comment": "Our organization has worked hard to collaborate with groups across Ontario on a shared document with our significant concerns about Bill 66.  Our concerns are so great that we demand that Section 10 of Bill 66 be revoked and removed entirely to protect our water, farmland and natural resources.\nPlease do not remove public consultation, engagement, notice or the ability to appeal from this Act or any future act.  It is extremely concerning to our membership in our democratic country.  The government for the people cannot exclude the people in such a concerning manner.\nOur complete report is attached below.\n"
    },
    "20352": {
        "url": "/comment/20352",
        "comment": "I am a parent of two young children. I am concerned for their futures - for the unstable climate they will face, for the food insecurity that will result from building over farmland. Deforestation will speed the climate crisis.\nPortions of this bill will put waterways in jeopardy and affect the supply of clean drinking water available. No business is worth the cost if it makes it impossible to live safely on the Earth.\nThe protections that exist in law for forests and ecosystems, for farmlands, for waterways and wetlands exist for good reason. Conserving what we have so that we can continue to rely on it should be a cornerstone of \"conservatism\".\nOur drinking water is not a toy or a political prop. Water and farmland is the very basis of life. Don't recklessly throw it away.\n"
    },
    "20354": {
        "url": "/comment/20354",
        "comment": "Dear Sirs/Madames\nI am writing on behalf of the Riverview Park Community Association in Ottawa to register our opposition to Bill 66.  We, like many fellow Ontario taxpayers, are concerned that the measures of this Bill will unnecessarily roll back safeguards and regulatory practices developed by previous Ontario governments from all parties to protect residents and voters.\nWhile we agree that administrative burdens and red-tape may need to be revisited in certain circumstances, we feel that the measures in Bill 66 go too far and undermine the democratic principles of citizen participation. In particular, we are concerned about Schedule 10 amendments to the Planning Act that eliminate the right for consultation or requirement to provide a notice for any hearing prior to passing an \u201cOpen for business by law.\u201d\nThe proposal provisions that would allow for elimination of public consultation violate the established principles of natural justice whose objective is to ensure that every person whose interests are at risk is entitled to participate in an administrative process before a decision is taken.  Taking away the voices of ordinary citizens and taxpayers\u2013 may of whom may have voted for the Progressive Conservatives in 2018 \u2013 is undemocratic and goes against allowing residents and constituents to have more of a say in what goes on in their communities.\nTo summarize, we have concerns about the following:\n-Short-circuiting the safeguards of the Planning Act, the Official Plan and the Provincial Policy Statement.\n-Weakening of health, safety, and environmental protections. E.g. Eliminating the Clean Water Act that was created after the Walkerton Water crisis/tragedy from 2000-2001 where seven citizens died and 2300 became after the town\u2019s water supply was contaminated with E.Coli.\nWe also believe Bill 66 undermines essential governance principles by:\no          (a) eliminating the requirement for public consultation, especially with respect to larger development proposals\no          (b) eliminating the right of appeal to the Local Planning Appeal Tribunal and from Ministerial decisions\n In conclusion, the RPCA and many others do not believe that the measures proposed in Bill 66  are necessary to improve competitiveness in Ontario.  On the contrary, passage of Bill 66 in its present form will threaten  the quality of life and, undermine the key principles of responsible government of all Ontario residents. Bill 66 should be withdrawn and replaced with legislation that will protect the safety of citizens and respect the principles of administrative fairness that Ontario taxpayers deserve.\nSincerely\nKris Nanda\nImmediate Past President, Riverview Park Community Association\n"
    },
    "20355": {
        "url": "/comment/20355",
        "comment": "Environmental studies in Ontario and around the world show that maximizing natural areas, and maximizing species diversity, is the best approach to maintaining an overall healthy environment. That sounds real nice, but it's more than a benign sentiment. It is a key to understanding that we are UTTERLY dependent on our natural environment to sustain our human health. Every time we chip away at it we're reducing the environment's capability to keep us healthy and alive. Future generations are depending on us to do the right thing and not just keep present protections in place, but to expand upon them.\nThank you\nNick\n"
    },
    "20356": {
        "url": "/comment/20356",
        "comment": "I unfortunately see a great number of difficulties with this bill, the first of which is that there are far too many and widespread issues being addressed.  Omnibus bills such as this are never good for the public as, while there may well be some good components, there are often others that many will have difficulty with and it's an all-or-nothing proposition.\nChanging the way municipalities can process developer applications without public consultation is bad enough, but removing an appeal process is absolutely tyrannical.  Southern Ontario in particular is in jeopardy of losing prime agricultural lands and protected environmental lands.  Those protections were put in place for a reason, and we need to keep agricultural land for its designed purpose - to provide food for the rest of us.  There may come a time we will not be able to rely on international imports, and our local producers must be encouraged to continue to stay in operation.\nThe remainder of the multitude of changes that the government wishes to endorse and employ may well have their good points - in that instance they deserve the concentrated attention and due diligence they deserve on their own merits, not be lumped together in a huge bill such as this.\nPremier Ford, please reconsider this bill - you were elected to change the ways things were done in government, don't replicate the Liberals' tactics of information overload in one piece of legislation.\n"
    },
    "20358": {
        "url": "/comment/20358",
        "comment": "I oppose Bill 66. The fact that this government believes that protecting the environment and maintaining the systems that make Ontario a fair and safe place for everyone involves \"unnecessary regulations that are inefficient, inflexible or out of date\" shows how out of touch with science and reality they are.\nNot all of us want to burn a path through the planet for our own gain while destroying the the world for future generations. Not all of us support the idea that wealthy big business should be able to do whatever they want in the name of creating short term job opportunities. Not all of us are short-sighted, uneducated, corporate suck ups who don't care about anyone but ourselves and getting re-elected.\nSome of us understand why regulations and legislative structures have been put in place. Some of us expect our provincial government to do what is best for all in the province not just their rich entitled friends.  Some of us wish that the garbage this government is doing would only affect the fools who voted for them instead of trapping us all in the aftermath.\nI have no expectation that this government cares if people oppose their proposals. I have no expectations that this government will actually do what is best for the province. Despite this, I will continue to voice my opposition to these rash and poorly planned changes in the hopes that perhaps, there is a small chance that SOMEONE in the Conservative party has some integrity.\n"
    },
    "20359": {
        "url": "/comment/20359",
        "comment": "Bill 66 is going to do so much harm to Ontarios environmental future, the ford government is breaking a campaign promise by allowing the greenbelt and other protected wildlife areas to be opened to development, the government is doing so much more harm than good by trying to pass this Bill. By doing this they are affecting the people of Ontario's future by endangering safe drinking water.\n"
    },
    "20362": {
        "url": "/comment/20362",
        "comment": "Taking us backwards is not leading, freezing the minimum wage and not giving human benefits to workers will in no way make businesses more competitive it is employees that do that, they are also what benefits the economy and you are taking money out of their pockets that would be spent.\nRepealing any environment protections is a backward step, we know corporations do not care but you are the premier, you are to care about the people and the place you lead, Ontario was and is being destroyed by industry, some of the cliffs that have been removed where I live are enough to make you cry and never mind the flooding issues as you know cliffs hold water, please take a step back and see damage that no environmental policies do we need protections from greed.\nThis province is competitive and was more so with cap n trade save our legal fees and get with the world we want to be part of the global economy not frozen out of it, just read economists views of Trump's tariffis they are a big mistake, governments like yours and his are going to bring on a big recession, Wynne had it right, do not ruin the good she did, I understand not all good but alot was. You are the leader for all of us not just the rich.\n"
    },
    "20364": {
        "url": "/comment/20364",
        "comment": "Re: \tBill 66, Restoring Ontario\u2019s Competitiveness Act, 2018 (\u201cBill 66\u201d) \u2013\nERO 013-4293\nPlease be advised that at its meeting of January 18, 2019 the Board of Directors of the Credit Valley Conservation (CVC) passed the following resolution:\nWHEREAS the Province of Ontario has posted the proposed amendments to the Planning Act as part of Bill 66, the Restoring Ontario's Competitiveness Act, for public comment on the Environmental Registry of Ontario (ERO); and\nWHEREAS if enacted Bill 66 amends various provincial statutes including the Planning Act. Schedule 10 of Bill 66 empowers municipalities to pass open for business planning by-laws aimed at facilitating major new development in order to create employment and in doing so also exempts these bylaws from complying with various provincial environmental protections and land use controls, including the Greenbelt Act and the Clean Water Act;\nTHERFORE BE IT RESOLVED THAT the report entitled \u201cBill 66 Comments to Environmental Registry of Ontario\u201d be received and appended to the minutes of this meeting as Schedule \u2018B\u2019.\nTHAT the CVC Board of Directors endorses the comments attached as Schedule \u2018B\u2019, Appendix 1 to be sent to the Environmental Registry of Ontario by January 20, 2019.\nTHAT the CVC Board of Directors expresses its concern for the proposed environmental rollbacks contained in Schedule 10 of Bill 66 and encourages the government to consult with CVC staff to find other ways to achieve their objectives for reducing red-tape without risking the health and safety of Ontarians; and further\nTHAT this report be forwarded to all municipalities, the Minister of Economic Development, Job Creation and Trade, Minister of Municipal Affairs and Housing,  Minister of Natural Resources and Forestry and the Minister of Environment, Conservation and Parks as well as all MPPs in the watershed.\nCVC\u2019s more detailed comments follow as Appendix 1.\nPlease feel free to contact us for further clarification\nAppendix 1  Environmental Registry of Ontario\nERO Number \u2013 013-4239\nNew Regulation under the Planning Act for Open-For-Business Planning Tool\nOn December 6, 2018 the Minister of Economic Development, Job Creation and Trade introduced Bill 66, Restoring Ontario\u2019s Competitive Act, 2018. The Bill contains amendments to various Acts, most notably to the Planning Act and related provisions in a number of other Acts.\nThe proposed Bill 66 amendments to the Planning Act and concepts for an implementing regulation were posted on the Environmental Registry of Ontario (ERO) on December 6, 2018 for a commenting period of 45 days ending January 20, 2019.\nComments provided below have been endorsed by the Credit Valley Conservation (CVC) Board of Directors on January 18, 2019 to be sent directly to the ERO. The Credit Valley Board is also the Credit Valley Source Protection Authority established under the Clean Water Act, 2006.\nCVC is one of 36 conservation authorities which are local watershed management agencies, mandated to ensure the conservation, restoration and responsible management of Ontario\u2019s water, land and natural habitats through programs that balance human, environmental and economic needs. Like other conservation authorities, CVC derives its authority from the Conservation Authorities Act and regulates development and interference with wetlands, shorelines and watercourses pursuant to Section 28 of the Act. CVC also provides planning and technical advice to planning authorities to assist them in fulfilling their responsibilities regarding natural hazards, natural heritage and other relevant policy areas pursuant to the Planning Act.\nThe Credit Valley Conservation Authority, under subsection 4(2) or section 5 the Clean Water Act, 2006 is required to exercise and perform the powers and duties of a drinking water source protection authority.\nIt is within this context, CVC provides the following comments.\n1.\tA new Section 34.1 of the Planning Act is proposed, which would give new by-law making powers to lower-tier municipalities. Subject to approval by the Minister of Municipal Affairs and Housing, municipalities would be able to pass an \u201cOpen-for-business planning by-law\u201d (OFB-PBL). These new Section 34.1 by-laws would override existing land use policy and controls contained in the Planning Act and other legislation including Provincial Policy Statements, Provincial Plans, Drinking Water Source Protection Plans, Official Plans, Zoning by-laws and Site Plan Control. Section 34.1 by-laws would be similar to a site-specific zoning by-law in that they would regulate land use and the erection, location or use of buildings or structures for a specific development site and certain conditions to approval could be imposed. Passage of such a by-law may be subject to satisfaction of criteria that may be prescribed by the Minister of Municipal Affairs and Housing.\n2.\tAs currently drafted, a Section 34.1 by-law could be enacted anywhere in a municipality without regard for any existing land uses, environmental hazards, features, constraints or established land use planning. The only scoping or conditions would be established by the Minister of Municipal Affairs and Housing. However, there is no requirement that the minister provide any scoping or conditions. Neither the minister nor the municipality is required to conduct any consultation to determine what might be appropriate scoping or limitations to a Section 34.1 by-law prior to enactment.\n3.\tFurther, Subsection 34.1 (6) of the proposed amendment would exempt a Section 34.1 by-law from every fundamental land use planning requirement that would otherwise be applicable. The following table summarizes the critical land use planning requirements related to CVC\u2019s regulatory and policy interests that are proposed for exemption:\n** table format - see PDF submission as it has not translated properly\nProposed Exemptions under Subsection  34.1 Open for Business By-law\tCVC response\nSubsection 3 (5) of the Planning Act\tThis section is fundamental to the land use planning system and requires land use and development decisions to be consistent with the PPS and to conform to provincial land use plans.\nSection 24 of the Planning Act\tRequires public works (roads and servicing infrastructure) and the enactment of by-laws to be undertaken in conformity with a municipal Official Plan (OP).This section gives legal effect to Official Plans and requires that decisions made conform to OPs.\nBy excluding Section 24, development could occur which does not conform to an Official Plan and in particular does not comply with the OPs environmental policies.\nSection 34 (10.0.0.1) to (34) of the Planning Act\tThis section provides a process that includes pre-consultation, public meetings, notification, appeal rights, etc. to the passing of zoning by-laws.\nResponsible for the provincial interest in relation to protecting people and property from natural hazards (flooding and erosion), CAs rely on these provisions to provide the policy and technical input into the passage of zoning by-laws with rights of appeal.\nSection 36 of the Planning Act\tProvides for holding provisions in zoning by-laws. Holding by-laws are used frequently to ensure that technical matters related to CAs roles are addressed prior to the removal of the \u201cH\u201d (obtaining a permit from CVC prior to the \u201cH\u201d being removed on lands zoned floodplain).\nSection 39 of the Clean Water Act, 2006\tGives legal effect to Drinking Water Source Protection plans by requiring planning and development decisions conform to significant drinking water threat policies and requiring that planning and development decisions have regard to any Drinking Water Source Protection Plan.\nCVC is a drinking water Source Protection Authority and with TRCA and CLOCA make up the CTC. The CTC Source Protection Plan has Significant Drinking Water Threat policies that apply to land use decisions. The exclusion of Section 39 means that an OFB By-law could approve development that may threaten surface water and groundwater sources used as municipal drinking water systems.\nSection 20 of the Great Lakes Protection Act, 2008\tEnsures that planning and development decisions conform with Great Lakes protection initiatives. Not requiring a shoreline project to conform to any protection initiatives would mean less environmental protection for the Great Lakes.\nSection 7 of the Greenbelt Act, 2005\tRequires planning and development decisions made under the Planning Act to conform to the Greenbelt Plan. Excluding Section 7 would allow large scale development in the Protected Countryside which also identifies lands within a Greenbelt Natural Heritage System.\nEnvironmental protection could be compromised if development were permitted by an OFB By-law in the Protected Countryside and/or the Greenbelt Natural Heritage System. Major Employment uses are directed to Settlement Areas where there is a fixed urban boundary yet there is no distinction between Protected Countryside and Settlement boundaries in the Bill.\nSection 7 of the Oak Ridges Moraine Conservation Act, 2001\tSection 7 requires planning and development decisions to conform to the Oak Ridges Moraine Conservation Plan which provides policies which protect the ecological and hydrological integrity of the moraine.\nAs with the Greenbelt Plan development is directed to settlement areas in order to protect agricultural lands, hydrologic features and natural heritage systems.\nSubsection 14 (1) of the Places to Grow Act, 2005\tSection 14 requires a decision under the Planning Act to conform with the Growth Plan for the Greater Golden Horseshoe. As with other provincial plans, the Growth Plan provides for environmental protection and directs development to rural and urban settlement areas.\n4.\tIt is understood that the minister could establish conditions to the approval of a Section 34.1 by-law that might re-establish some of the policy direction contained in the fundamental planning requirements set out in the table above. However, that would be undertaken at the complete discretion of the minister in the absence of any legislated obligation on the minister to consult the public or agencies with technical and site-specific knowledge such as conservation authorities.\n5.\tSection 34.1, as currently drafted, automatically exempts critical public health and safety provisions related to drinking water source protection, land use policies that direct new development away from flooding and erosion natural hazards, including areas that would be unsafe for people in the event of a natural disaster and basic environmental protections for natural heritage including wetlands, woodlands, valleylands and watercourses. The section is very broad, provides the minister with unchecked discretion, and should be re-drafted to require the minister to apply all relevant health and safety and environmental protection policies, as a condition to any approval of a Section 34.1 by-law.\n6.\t Some suggestions to be incorporated in the Bill and/or the associated regulation are:\n\u2022\tThe consideration of use of an OFB-PBL should be geographically limited to existing designated employment lands with access to full municipal sewer and water services and proximity to 400 series highways and/or other major transportation corridors.\n\u2022\tThe province should require consistency with the PPS, Clean Water Act, and area specific plans in the proposed regulation to ensure the CA mandate for protection from natural hazards is implemented through an OFB-PBL application, a process that has been developed over decades of consultation and application of legislation to minimize risk to people, life and property in Ontario.\n\u2022\tIf the recommendation above is not pursued in full, CVC recommends including in the regulation of \u201cprescribed criteria\u201d for an OFB-PBL application, the following minimum requirements to demonstrate that public health and safety issues will be addressed:\no\tRemove the Clean Water Act from Schedule 10;\no\tAppropriate considerations are incorporated to development and redevelopment decisions, to ensure new natural hazards from flooding and erosion are not created and existing hazards not aggravated, including review and sign off by the local CA prior to Ministerial endorsement;\no\tInclude requirements that no development or site alterations take place within a 30 metre setback from key natural heritage features and key hydrologic features; and\no\tThat sites be pre-screened by a municipality, with approval from the local CA, to ensure the development feasibility of the proposal in relation to the physical characteristics of the site, so that public health, safety and natural hazard technical issues can be addressed appropriately on the site to meet provincial standards and that permits can ultimately be issued.\n\u2022\tAllow for field verification of limits of the Greenbelt applying some criteria to ensure its continued integrity while allowing for boundary modifications that are rational from a land-use planning and environmental perspective.\n7.\tThe province should engage stakeholders, including CA\u2019s, in a consultation process over red tape reduction that would yield ideas and options to improve service delivery and identify legislative impediments to the timely approval of development lands.\nIn conclusion, CVC does not support Bill 66 as currently drafted and it would appear from an environmental perspective, this Bill to eliminate red tape and burdensome regulations, may not speed up the process and could lead to further environmental degradation that will have long term implications for the province. CVC maintains that there are other mechanisms that can be helpful to the streamlining of approvals that will be easier to implement and may have a greater chance of broad implementation among municipalities.\n"
    },
    "20365": {
        "url": "/comment/20365",
        "comment": "Attached please find our submission in-conjunction with a variety of other environmental and community groups who share our considerable concerns about Bill 66 and opposition to Section 10 - the municipal act changes.\nWe ask that this section be removed and exemptions not be offered to business to the essential Acts, regulations and protections for our water, farmland and remaining green space.\nBill 66 is extremely concerning in its approach, wording and intent as well as how rather than trying to fix red tape it simply exempts big business from all regulation.  It is an insult to all Ontarian and in-particular residents of all these communities to stand to be so negatively impacted and who won't even be consulted or received notice of the pending changes since all public engagement, consultation, notice and appeal is removed under this bill.\n"
    },
    "20366": {
        "url": "/comment/20366",
        "comment": "I am a resident and home owner in Hamilton, Ontario and the proximity to the Greenbelt is one of the reasons I moved to this city. I am deeply upset by proposed Bill 66 because it eradicates protections to the Greenbelt. The Greenbelt is needed to help combat climate change, to provide wildlife habitat, to provide recreational space and to provide arable land for farming. Destroying the Greenbelt will do irreparable damage. You can build a factory, a subdivision, or a big box store in a matter of months but you cannot recreate the Greenbelt once it is gone. As a taxpayer and a citizen, I am begging you to maintain protections for the Greenbelt, the Great Lakes, and Lake Simcoe.\n"
    },
    "20369": {
        "url": "/comment/20369",
        "comment": "Removing protections for the environment, and making it easier to build without proper planning is short-sighted and not best for Ontario. Urban sprawl and destroying farmland, watersheds, woodlands will lead to ruin. Economic development is important, but that economy needs to change. Climate change means that our first priority is making sure our economies benefit the environment\u2014for all our safeties. Do not pass this law. Not without proper consultation with municipalities and keeping protections for environment.\n"
    }
}