{
    "18854": {
        "url": "/comment/18854",
        "comment": "Please remove Schedule 10 from Bill 66, which allows municipalities to override provisions in the Greenbelt Act, Clean Water Act, Lake Simcoe Act, Oak Ridges Moraine Conservation Act and Great Lakes Protection Act.\nThe above Acts were created to provide a degree of protection for farmland, significant natural features, and to protect our water supply from disruption and contamination, and must be maintained in whole.\nFurthermore, Premier Ford promised, during the election campaign, to protect the Greenbelt specifically from development.  Schedule 10, by allowing municipalities to override the Acts, is development by stealth.\nPlease do what you promised - no development - and remove Schedule 10 from Bill 66\n"
    },
    "18855": {
        "url": "/comment/18855",
        "comment": "I am old enough to remember the years before the Green Belt legislation.  Huge swaths of farmland were accumulated and turned into single family housing developments. This kind of development is hugely inefficient and means that everyone who lives in these areas becomes car dependent because  effective public transit in these low density developments makes no economic sense.\nThere is no limit to the desires of developers to make money. That is why there is a role for government. Good governments use more than money to make responsible decisions. Good governments don't let drivers drive as fast as they want to. For the same reason good governments do not let developers make as much money as they want to.\nGood decisions in life are made with more than a profit motive in mind. A farm, a watershed, forests have a value for our society which exceeds their real estate dollar figure. In Southern Ontario we have proved that we can pave paradise but turning our Green Belt into a parking lot makes us all poorer - not richer.  That is why a responsible Government in Ontario must make decisions to preserve our Green Belt even if it means that developers will need to make their money in areas where intensification makes sense.\n"
    },
    "18858": {
        "url": "/comment/18858",
        "comment": "There is absolutely no way that we as Ontario residents should develop the green belt. This would be one of the most irresponsible moves on Doug Fords watch. If Doug has any regard for the future of this country and its citizens he would prioritize protecting our land from development. The effects of climate change are to real and nature acts as a carbon sink. If he had any knowledge on climate science he would be expanding our green space to mitigate the risks of a changing environment. DO NOT OPEN UP THE GREEN BELT EVER!!!\n"
    },
    "18860": {
        "url": "/comment/18860",
        "comment": "The interests of developers must not override the necessary protections of our entirely limited greenbelt and water source areas.  While it may be reasonable to carefully re-examine regulations for duplication or unnecessary restrictions, we know from experience the world over that massive de-regulation or over-riding of regulations --what this Bill has proposed -- has always been a malignant move.\nThe people of Ontario shouldn't need to be experts at government oversight in order to have their lands protected.  You, the government, must put aside partisan considerations and do the right thing for our short-, medium-, and long-term health.\nGoverning is a complicated and sophisticated business and we are all expecting you to do the right thing for our province's health. Stop this Bill.\n"
    },
    "18861": {
        "url": "/comment/18861",
        "comment": "I am not against making things simpler to increase employment opportunities. However, I am against any move that could see Ontario's Greenbelt opened up for business. We must not and cannot allow business to always trump employment. Other employment will become available but you can never recover the environment to its original form once we have changed it. Instead, why not look at enhancing the what the Greenbelt has to offer in recreation, education, relaxation, providing incentives to businesses working in these fields. Improve cycling trails which can then lead to increased retail in cycling (with added health benefits), increased needs for other services cyclist and trail riders require.\n"
    },
    "18864": {
        "url": "/comment/18864",
        "comment": "Schedule 10 of this Bill is destructive and short-sighted. Including this in the provincial plan is unethical. If you follow through with opening the green belt to development, the short term economic gains will not wash your conscience of the fact that you will be partly responsible when your children and all generations to come are struggling to breathe for the lack of trees. The systems are all intertwined and your actions have wider repercussions than you seem willing to acknowledge. There will be no use for your stronger economy when there is no clean water left. Your priorities are not representative of the public which you are sworn to serve.\n"
    },
    "18865": {
        "url": "/comment/18865",
        "comment": "I am very concerned about the provisions in Section 10 and their negative effect on the Green Belt.  This region needs to be preserved for future generations, not turned over to developers.  We need to preserve farmland, protect species that will be destroyed by over-development.\nThe Ford government should show leadership in protecting the environment, and not remove all restrictions that will allow for uncontrolled development.  Have a lot more creativity in assessing where best to encourage development that will encourage the spread of business and jobs throughout the province.  Don't destroy rich farmland and irreplaceable green space.\nThe province and the land will be here long after the Ford government is a distant memory.  What will your legacy be if you simply do what is expedient?  Voters will have long memories.  Remember that only 40% of those casting ballots in June 2018 voted for your party.  60% did not.\n"
    },
    "18867": {
        "url": "/comment/18867",
        "comment": "RE:  Bill 66\nI am a seasoned field botanist with 25 years experience who works in the Golden Horseshoe and southwestern Ontario.  I can tell you with all confidence that the ecology of Southern Ontario is under threat and getting worse and worse.  We have about 15% forest cover, and of that 15%, most of it is low-quality, isolated, and choked with invasive species.  Reptiles, amphibians, birds and insects!!! - the basis of the food chain - are all in decline.  And your government wants to make it easier to what?  Weaken laws designed to protect the ecology and the wildlife of Southern Ontario to make it easier for developers to build more housing in rural areas and destroy more habitat???\nPlease stop pretending like you know more than regular citizens, that you know more than ecologists like myself when it comes to protecting natural habitats.  The ecology of Southern Ontario is collapsing and by these policies you are accelerating the decline.\n"
    },
    "18870": {
        "url": "/comment/18870",
        "comment": "Please remove Schedule 10 from Bill 66, which allows municipalities to override provisions in the Greenbelt Act, Clean Water Act, Lake Simcoe Act, Oak Ridges Moraine Conservation Act and Great Lakes Protection Act.\nI do not support this Schedule and strongly oppose giving municipalities a right to override provisions in the Acts above. These Acts have been enacted for a reason: to protect our environment, our drinking water, our farm land, the air we breathe. They must remain intact and must not be overridden.\nLeaving this Schedule 10 in is the same as simply opening the Greenbelt up for construction without the need to follow and abide by any of the Acts stated above. In other words, it is the same as abolishing all these Acts that are of great significance to us and our well-being, just a different way of saying it.\nGreenbelt is what makes Ontario - Ontario, and is what Ontario stands for.\n"
    },
    "18872": {
        "url": "/comment/18872",
        "comment": "The Greenbelt land is important habitat for species at risk. It also safeguards our wetlands and protects our drinking water. The Greenbelt areas provide corridors for biodiversity to be maintained.\nOur farmers on the Greenbelt need the protection to provide us with food, jobs and financial benefits. Our link to nature also enhances our own health. Greenbelt areas provide people with areas to get physical exercise, fresh air, and also help people's mental health.\nThe greenbelt also offers areas where the results of climate change can be mitigated; wetlands to absorb flooding events, vegetation to take up excess carbon dioxide and roots to prevent soil erosion, and to decrease drought events.\nOur Greenbelt natural areas help us have a healthier lives and a more interesting place to live. They provide income, jobs and food through the farmers. Every day we learn about new ways that natural areas are beneficial to our lives. We have been making progress lowering our carbon footprint. We need to keep our greenbelts in Ontario intact so we do not reverse that trend.\n"
    },
    "18873": {
        "url": "/comment/18873",
        "comment": "I live in a small city and I walk by vacant lots of land within the city that are for sale and not being used at all. I do not at all agree with shoving buildings there, but if it came to choosing whether to use that lot or to cut down a forest, with all the wildlife, environmental and social repercussions I would prefer the vacant lot to be opened up for business because it's already in the city. We have cut down too many forests as it is. You have to be out of your mind to think destroying more land (that has already been agreed to be protected) is going to magically make everything better when we already have land that is open for business that nobody wants. The depressing part of this is the government will have nowhere new to \"open up for business\" if they cut down the forests and make Ontario look the same all over. Businesses fail! Why kill a forest just to roll a dice and pray to get money out of it. If you don't understand the benefit of having forests, please visit one. Go see for yourself what the Ontarion parks have been trying to do. Go see what is at stake! After you've done that examine your stance on \"Opening Ontario up for business\" a.k.a. project I'm gonna cut down some Greenbelt and try to figure out what happens without doing any research or having any foresight.\n"
    },
    "18875": {
        "url": "/comment/18875",
        "comment": "I am deeply concerned about Schedule 10 of Bill 66 which allows municipalities to create by-laws that could by-pass source water protection requirements of the Clean Water Act in Ontario. Recommendations made from the inquiry into the Walkerton tragedy specifically state that source water protection is fundamental to protecting the health of Ontarians. I am joining the call of many other Ontarians to have Schedule 10 of Bill 66 removed in order to protect our right to clean water. Please see attached links for further supportive information.\n"
    },
    "18876": {
        "url": "/comment/18876",
        "comment": "Dear Mr. Helfinger:\nThe Municipality of North Perth appreciates the opportunity to provide comment and contribute to the discussions regarding the \u2018Restoring Ontario\u2019s Competitiveness Act\u2019.\nStaff has reviewed the legislation and it is our understanding that the tool would allow municipalities to reduce planning approvals for specific areas of land already allocated/identified by the municipality for new, major employment opportunities (e.g. 50 jobs for municipalities with a population of less than 250,000 people).\nThe \u201cOpen for Business By-law\u201d would eliminate the need for the employer to strictly adhere to existing local requirements (e.g., official plan and zoning), and remove the application of a separate approval process for site plan control.\nThis By-law is targeted to municipalities that have designated industrial/employment lands that have remained vacant/undeveloped, and if a large employer was interested in establishing operation there; a municipality that has activated the By-law may streamline the process and remove the \u2018red tape\u2019.\nThe Municipality has concern regarding the fairness of adopting the \u201cOpen for Business By-law\u201d as it may give one municipality an advantage over another who has not adopted the By-law at the expense of health and safety (i.e. ensuring fire requirements, SWM, etc. are secured through site plan) and environmental regulations.\nMunicipalities are challenged with the task to decide whether to opt in and potentially remain competitive with a neighbouring municipality or maintain the current regulatory system that essentially has checks and balances.\nThe Province should maintain a uniform system for all 144 Ontario municipalities and not provide an opportunity for some to opt in, while other municipalities opt out. This will undoubtedly put municipalities in a tough situation when making a decision to adopt the Open for Business By-law.\nThe Province has not provided enough detail for municipalities to see any clear benefits to this legislation and have not allowed enough time for suitable feedback. Various stakeholder groups will undoubtedly pressure councils in different directions and this can have the effect of taking-up administrative time to research implications/benefits to municipalities, prepare reports, etc. The Province should implement additional review, outside of the commenting period.\nFinally, we are concerned that if we decided to \u2018opt out\u2019, industries/employers may start short-listing municipalities based on whether or not they have Open for Business By-laws when seeking lands in municipalities.\nIf Bill 66 is enacted, the Province should initiate a rigorous monitoring and evaluation plan to determine the success and failures of the legislation.\nWe do appreciate the opportunity to comment.\nSincerely,\nPat Berfelz, Clerk\nSean Yilmaz, Planner\n"
    }
}