{
    "20738": {
        "url": "/comment/20738",
        "comment": "I am a resident of Simcoe County, where I also practice law, and I have significant concerns with this proposed legislation. I will focus my comments on Schedule 10 of Bill 66, which would allow municipalities to pass \u201copen-for-business\u201d planning by-laws (\u201cOFB by-laws\u201d).\nAs it is currently proposed, this legislation would threaten the health and safety of communities across the province, our natural heritage, and local democracy.\nThe legislation railroads those important health, heritage, and environmental protections our province has put in place over successive governments of all political stripes. This is not \"red tape\" - these are specific check points our society has decided is important.\nThe legislation is overbroad: as currently drafted, it could result in untenable scenarios in which our muncipal drinking water well-heads could be polluted without a requirement for public notice.\nThe legislation is arbitrary: its effects don't square with its stated intention. For example, it would result in the centralization of muncipal planning with the Ministry, rather than empowering municipalities on their own.\nIt is unnecessary-- muncipal zoning orders already exist for those exceptional circumstances this legislation contemplates in its justifications.\nAnd, there is no rationale that justifies overriding the following, as examples:\n1. Source water protections in the Clean Water Act regarding significant threats to our drinking water, put in after the Walkerton Tragedy, which would automatically not apply to these by-laws.\n2. The \u201clegal effect\u201d section of the Lake Simcoe Protection Act; that is, the section that gives the Lake Simcoe Protection Plan its teeth would also automatically not apply. This would render designated policies under the Plan meaningless.\n3. Perhaps most egregious is that Bill 66 contains no requirement for municipalities to provide public notice when passing these by-laws. And there would be no right to appeal an OFB by-law.\nExpedience or ease are not compelling objectives that justify placing the health and democracy of our communities at risk.\nYes, Bill 66 would make things 'easier,' in that it would remove a requirement to comply with the safeguards we have for our health, environment, and democracy. That\u2019s not a good reason that justifies this proposed legislation in Ontario.\nThe language of Bill 66 means that any of the listed provisions (including the protections mentioned earlier) do not apply to an OFB by-law as the default.  Muncipal councils could pass an OFB by-law and then have to put together piecemeal all those safeguards again\u2014the designated policies of the Lake Simcoe Protection Plan, the source water protection of the Clean Water Act, and likely have to fight with a developer about the introduction of those additional requirements. That\u2019s not easy or expedient with respect to planning goals. What is the rationale for having these exclusions apply as the default?\nAs a second example, muncipal councils don\u2019t have the jurisdiction to create a right of appeal to the Local Planning Appeal Tribunal. This means that residents in communities across Ontario would not be able to appeal an OFB by-law decision in any meaningful way. This runs absolutely contrary to the democratic principles of procedural fairness and public participation and there is no justification for this rights removal in the proposed legislation.\nBill 66 will result in muncipalities facing significant pressure to use it to make decisions that are not in the public interest. Developers will have every incentive to flood campaigns with donations, and wine and dine councillors. Speculative pressures will prey on our communities once more. Financial pressures could pit communities against neighbouring municipalities in race-to-the-bottoms - whichever communities protect less win.\nLet\u2019s not play this game \u2013 it puts our communities at risk. It asks us to bet the farm for no good reason. We can be open for business in a way that prioritizes the health of our communities, our natural heritage, and our democratic rights. Indeed, we already are.\nThis is bad legislation. It requires major redrafting if it will be reasonable, specific, non-arbitrary (outcomes related to its stated intents), reasonable with justifiable rationales, and if it won't put our communities' health and democracies at risk.\n"
    },
    "20741": {
        "url": "/comment/20741",
        "comment": "This bill threatens our natural, ecologically sensitive areas such as the Greenbelt protected land and does not take into account the need for protection of our farmers providing our most precious necessities through their stewardship of the land.\n\"Only when the last tree has been cut down, the last fish been caught, and the last stream poisoned, will we realize we cannot eat money\".\n"
    },
    "20742": {
        "url": "/comment/20742",
        "comment": "I support Bill 66 and respect the wishes of the majority the people of Ontario. I belong to the Belfountain Community Organization which is being usurp by an environmental group within it. They are promoting opposition to the bill and using the organization title to make it sound like it is community is opposed. This group within the organization is following a call to action by Tim Grey which included a letter writing campaign to news papers, government offices and local politicians.\n\"Told by an idiot,full of sound and fury, signifying nothing \"\n"
    },
    "20743": {
        "url": "/comment/20743",
        "comment": "Dear Minister Clark,\nOn behalf of its membership, the Centretown Community Citizens Association (CCCA) of Ottawa opposes proposed Bill 66, Restoring Ontario\u2019s Competitiveness Act, and urges that the Bill be withdrawn immediately.\nInstead of trying to strike a balance, Bill 66 irresponsibly pits economic development against the health and safety of residents, the protection of the environment, and the sustainable planning of Ontario\u2019s communities. The Bill will leave lasting negative impacts on the province and weaken Ontarians\u2019 trust in government.\nOf primary concern to CCCA members are:\n\u2022\tSidestepping the safeguards of the Planning Act, the Official Plan, and the Provincial Policy Statement.\n\u2022\tWeakening of health, safety, and environmental protections, such as the Clean Water Act.\n\u2022\tUndermining core governance principles, such as:\n\u2022\tThe elimination of the requirement for public consultation, especially with respect to large, impactful development proposals.\n\u2022\tThe loss of the right of appeal to the Local Planning Appeal Tribunal.\n\u2022\tThe creation of selective regulatory measures creating uncertainty for prospective investors and all Ontarians.\nShould Bill 66 pass, the CCCA will work with other local community associations to urge Ottawa\u2019s City Council to vote against adopting \u201copen for business\u201d planning bylaws.\nRegards,\nShawn Barber,\nCCCA President\n"
    },
    "20744": {
        "url": "/comment/20744",
        "comment": "For the health of the planet and all that is in it please respect and maintain the integrity of our eco systems and all aspects of the environment including and not limited to, escarpments, headwaters, rivers, wetlands, agriculture and our shorelines. It should be a priority\nat all costs to be protected as with out a healthy environment we shall all perish.\n"
    },
    "20745": {
        "url": "/comment/20745",
        "comment": "Please remove Schedule 10 from Bill 66.\nOntario's green spaces are important in and of themselves, but they are also important to the future lives and health of Ontarians. The protective provisions of green space legislation should be not only preserved but strengthened.\nThe Greenbelt preserves farmland and greenspace essential for naturally filtering water and preventing flooding, reducing the impact of extreme storms on infrastructure and stormwater management systems (with these extreme storms occurring on an ever-increasing basis as our climate becomes more erratic). It also helps to combat climate change by storing 86.6 million tonnes of carbon. Importantly, protection of green space also makes financial sense. For example, food and farming in the Greater Golden Horseshoe contribute billions of dollars to the economy and create more than 200,000 jobs, not to mention providing an enormous proportion of Ontarians' food.\nIt is distressing that Schedule 10 of Bill 66 would allow municipalities to override existing legislative provisions in the Greenbelt Act, Clean Water Act, Lake Simcoe Act, Oak Ridges Moraine Conservation Act and Great Lakes Protection Act \u2014 provisions that make these benefits possible.\nPlease remove Schedule 10 from Bill 66.\n"
    },
    "20747": {
        "url": "/comment/20747",
        "comment": "I am writing to oppose Schedule 10 of Bill 66 and to demand its removal as I believe it clearly threatens my home, my family\u2019s future, our health and the livelihood of all Ontarians.  I oppose Schedule 10 of Bill 66 because it constitutes an assault on our environment and an assault on the rights of Ontario\u2019s citizens to notice and consultation in land use decisions in our communities, which impact the protection of water, farmland, natural heritage and human health in Ontario.  I oppose Schedule 10 of Bill 66 because it threatens our viable Greenbelt, which is critical to ensuring the protection of our fresh water, our local food supply, and our sensitive ecosystems that already face pressures as a result of urban sprawl, environmental degradation and a changing climate.  I want my government to remove Schedule 10 of Bill 66 and, in doing so, respect the many years of planning and environmental protections that exist today, for good reason, to protect the welfare of the people of Ontario now and for future generations.\n"
    },
    "20748": {
        "url": "/comment/20748",
        "comment": "I am a father of 3 children in Hamilton and strongly object to this proposal. It will endanger our diverse, natural areas that add value far beyond what this nearsighted government can understand. The bill will also allow decisions to be made without public consultation and that is entirely unacceptable. I do not support Bill 66 as it is the exact opposite of what our Province needs at a time when combating climate change and the destruction of natural ecosystems should be our top priority.\nBill 66 cannot be allowed to take precedence over critical legal requirements to protect water, natural heritage, farmland and human health and well-being.\nThis bill threatens drinking water across Ontario. Open-for-business by-laws would override policies in approved source protection plans intended to protect existing and future sources of municipal drinking water from threats such as landfills, sewage systems and improper handling of fuel, manure and pesticides.\nIt threatens wetlands, woodlands and habitat for species at risk across Ontario. Open-for-business by-laws would circumvent protections for these important habitats and species set out in the Provincial Policy Statement (PPS) under the Planning Act.\nIt threatens farmland across Ontario. Open-for-business by-laws would bypass\nagricultural protections set out, for example, in the PPS. This could lead to more urban sprawl.\nIt threatens two million acres of natural areas and farmland across the Greenbelt.\nOpen-for-business by-laws would override protections for natural heritage and farmland set out in the Greenbelt Plan and the Oak Ridges Moraine Conservation Plan.\nIt threatens freshwater and the ecological health of the Lake Simcoe watershed. Open-for-business bylaws would trump requirements set out in the Lake Simcoe Protection Plan.\nIt would undermine efforts to make Ontario communities more livable, sustainable and resilient. Open-for-business by-laws would override PPS policies supporting active transportation, affordable housing, green infrastructure and climate resiliency.\nIt would compromise transparency and public engagement. Contrary to current\nlegal requirements (Planning Act, Clean Water Act), the by-laws could be passed without\nany prior public notice, behind closed doors.\nIt would leave citizens without recourse. Community members would not be able\nto appeal open-for-business by-laws to the Local Planning Appeal Tribunal.\nIt threatens human and wildlife health through increased exposure to toxic\nchemicals. Bill 66 proposes to repeal the Toxics Reduction Act, which requires certain\nindustrial facilities to consider ways to reduce the use and emission of toxic chemicals in\ntheir operations.\n"
    },
    "20750": {
        "url": "/comment/20750",
        "comment": "I am writing to oppose Bill 66!\nPlease tell Premier Doug Ford to protect the Greenbelt as he promised during his election campaign.\nOntario\u2019s Greenbelt is currently at risk with the introduction Bill 66.  This Bill could expedite development of environmentally sensitive lands and negatively affect planning policies such as the Greenbelt Act, the Oak Ridges Moraine Conservation Act, the Clean Water Act and the Great Lakes Protection Act.  The Greenbelt has been recognized internationally as an exemplary example of land-use planning.\nThe Greenbelt contributes to the health and wellbeing of people and wildlife, a prosperous economy, local food, tourism, recreational opportunities, proper land-use planning and natural capital.  For example, it is estimated that the economic benefit of the Greenbelt exceeds approximately $9 billion annually throughout the Province in direct, indirect and induced impacts.  The Greenbelt ensures the protection of fertile farmland and our natural heritage and provides ecosystem services such as clean air and water, climate change and stormwater mitigation, carbon sequestration, and habitat for birds, turtles and species at risk, helping much needed biodiversity.\nOnce the Greenbelt is paved, the damage is irreparable and our quality of life will be compromised for generations to come.\n"
    },
    "20755": {
        "url": "/comment/20755",
        "comment": "I wholeheartedly agree with the following comment from CELA (Canadian Environmental Law Association): \"Bill 66 represents an unprecedented and unacceptable attack on legislative provisions which currently safeguard environmental quality and public health and safety throughout Ontario.\"\nI oppose this proposed legislation for many reasons, but primarily because It affects every municipality in Ontario. Bill 66 and allows municipalities across the province to create \u201copen-for-business by-laws\u201d that would trump critical legal requirements to protect water, natural heritage, farmland and human health and well-being. I am very fearful that these bylaws would take precedence over municipal official plans.\n"
    },
    "20759": {
        "url": "/comment/20759",
        "comment": "Schedule 10 in Bill 66 should be removed because it is in direct conflict with many previously implemented environmental Acts such as Clean Water Act, Planning Act, Oak Ridges Moraine Conservation Act, Great Lakes Protection Act, Lake Simcoe Protection Act, and Toxics Reduction Act. If the purpose of the bill is to generate profits, think of the world-wide precious drinking water it is threatening instead; if the implementation of the bill is to enhance economic cooperations through new campaigns, think of the reputed recognition Canada and particularly Ontario has received upon our responsibility in caring for nature; if the impact of the bill is to be imagined positive to the employment market, think of the tourists attracted to Ontario by our fascinating natural landscapes which are very likely to be found disappointingly polluted as years fly by.\nTherefore, to accept such a bill would be to \u201cfacilitate sprawling and unchecked development\u201d, to threaten \u201csensitive natural features and water resources upon which we all rely\u201d, to put previous \u201ccommunity input and strong leadership from governments of all political stripes\u201d in waste, and to \u201csidestep laws and policies intended to protect the long-term health and resilience of our communities\u201d.\n"
    },
    "20761": {
        "url": "/comment/20761",
        "comment": "I am against Bill 66, Restoring Ontario\u2019s Competitiveness Act, 2018. It offers little to no assurances to protect our already vulnerable environment in particular our drinking water.  For those of us who rely on our wells for our potable water are vulnerable to the lack of government regulations as proposed in Bill 66.\nIt is antediluvian reasoning that would suggest major companies want to move into rural communities. Whereas, urban centres go begging for more employment opportunities with an already efficient infrastructure in place. As a full time resident of a community bordering a popular cottage destination, quarry owners are already threatening our wells, foundations and wildlife to name a few-by blasting in pits located less than a football field away from a residential community.\nA progressive government should be paying attention to what would work best in rural communities. Enhancing our best assets including: tourism, fishing, wildlife and preserving our environment for future generations.\n"
    },
    "20763": {
        "url": "/comment/20763",
        "comment": "The Ontario Greenbelt is our source of water. It provides much needed habitat for wildlife and biodiversity. And is a beloved piece of our natural history. Please don\u2019t open up this land for development. It doesn\u2019t make much business sense anyhow as it is not located close to existing urban areas, and so expensive utilities would have to be extended to this area.\n"
    },
    "20764": {
        "url": "/comment/20764",
        "comment": "See attached letter and attachments from Halton Region (please delete previous Comment IDs 20715, 20717, 20718; attachments missing).\n"
    },
    "20770": {
        "url": "/comment/20770",
        "comment": "Our Greenbelt protects our food sources, water and our local biosphere. We must do everything to protect these areas. We can expand growth in other areas. We must take a stand, if the greenbelt is allowed to be destroyed we will never get it back. In 2019 we need to be global leaders looking at a larger picture. Protecting our land, water and diversity so that you can leaders in Canada and the world. We must save the greenbelt from being destroyed.\n"
    },
    "20772": {
        "url": "/comment/20772",
        "comment": "Putting the health and safety of Ontarians at the hands of developers is very, very dangerous and completely wrong. This province has put protection acts in place for a reason, and the fact that this bill proposes that if you have \"money\" and you can create a handful of \"jobs\", you can \"cut the red tape\" and destroy our ecosystems and food systems in the long run for financial gain... Shameful. I do not support Bill 66. This land we live off should be treated with respect, because if we continue to abuse it with urban sprawl, more roads and development over our protected green space, and put our drinking water at risk, we will destroy our environment and leave nothing for our future generations. Our lives are at steak, and this government has no regard for that. Where is the long term thinking? Does this government believe that our natural resources are infinite? They are not. This bill is just another step towards a destructive, undemocratic society.\nI want my children to live in an Ontario that respects all living things - where there is no divide between persons, or living things. Our land feeds us and gives us life. If we let development take free reign over what happens to this land, we are jeopardizing the air that we breathe, the food that we eat, and the water that we drink. Do you want that for your children? Your grandchildren? You decide.\n"
    }
}