{
    "17873": {
        "url": "/comment/17873",
        "comment": "PLEASE don't do this.  I am a business person and appreciate wanting to get Ontario back in business, but NOT at the expense of something so important.  We are Ontarians, not Americans!!!  Preserve our green space and the myriad creatures living there so that we make conduct business in a cleaner, smarter environment, and let us preserve the beauty of these spaces for future generations.  Don't let us be remembered by our grand kids as the generation that ruined it for them.\n"
    },
    "17879": {
        "url": "/comment/17879",
        "comment": "Remove Schedule 10 from Bill 66, which allows municipalities to override provisions in the Greenbelt Act, Clean Water Act, Lake Simcoe Act, Oak Ridges Moraine Conservation Act and Great Lakes Protection Act.\nThe Greenbelt is there to prevent urban sprawl. We don't need precious farmland being gobbled up by real estate developers.\n"
    },
    "17880": {
        "url": "/comment/17880",
        "comment": "It is incomprehensible that the government would propose to remove these hard-won protections for the Greenbelt, especially after promising not to do so. We do NOT want all of Southern Ontario to be completely open to development - corporate or otherwise. This is a shared heritage for all Ontarians, not something that each municipality should be able to override.\nWe urge the government to remove Schedule 10 from Bill 66, which allows municipalities to override provisions in the Greenbelt Act, Clean Water Act, Lake Simcoe Act, Oak Ridges Moraine Conservation Act and Great Lakes Protection Act.\n"
    },
    "17881": {
        "url": "/comment/17881",
        "comment": "As a resident of Greater Toronto Area, I am thoroughly disturbed and outraged by Premier Ford\u2019s proposal to open our Greenbelt to development! The proposal puts the future of the region in jeopardy by having an extremely high potential of polluting our drinking waters, not to mention the destruction of multiple species and the horrendous environmental impact developing the protected areas will have on our region.\nBill 66 CANNOT be passed - Ontario government first and foremost has an obligation to protect its citizens and their rights to clean water and air, not help the developers and speculators override these basic rights!!!!!\nPremier Ford really needs to heed the desires of Ontarians - being a premier of this great province is a privilege not a right.\n"
    },
    "17882": {
        "url": "/comment/17882",
        "comment": "Please remove Schedule 10 from Bill 66, which allows municipalities to override provisions in the Greenbelt Act, Clean Water Act, Lake Simcoe Act, Oak Ridges Moraine Conservation Act and Great Lakes Protection Act.  I believe that Schedule 10 will hurt our natural environment, and that this will likewise have negative spin-off effects economically, socially and culturally.\n"
    },
    "17886": {
        "url": "/comment/17886",
        "comment": "There is a lot to this bill and I don't like the sneaky way you slide in amendments and changes and hope they will be covered up by all the endless language.  I KNOW you want to open up the Greenbelt for development.  I DO NOT WANT FACTORIES AND SUBDIVISIONS.  I want the existing farms and wilderness.  I want nature.  I want a healthy Ontario.\nLeave the Greenbelt alone!\n"
    },
    "17887": {
        "url": "/comment/17887",
        "comment": "I am deeply concerned about the provisions of Schedule 10 of Bill 66. This section would allow municipalities to ignore provincial policy statements and would put at risk not just the Greenbelt, but Provincially Significant Wetlands across the province. In my own hometown of Thunder Bay, a large wetland known as the William Bog has been under attack for decades. The provincial policy statement on wetlands has largely ended these attacks, and has helped preserve a natural reservoir area that is vitally important in limiting storm flood damage in the south side of the City.\nSchedule 10 would undo that in the name of \"freeing business\".  Freeing business to create unnecessary sprawl? (The population of the city has been stagnant or shrinking for a decade.) Freeing business to increase the risk of flooding for existing homeowners? No thank you.\nProvincial policy statements were created for a reason and the rush to gut them is beyond unwise.\nI ask that you eliminate Schedule 10 from this piece of legislation.\nM. B.\nThunder Bay, Ontario\n"
    },
    "17888": {
        "url": "/comment/17888",
        "comment": "i am fully against any diddling that Mr. Forde is planning in removing the protection of the green belt that the public has fought so hard to secure.  it is about time this government got the message that we are not an oil producing province and I would like you to stop acting like you have an vendetta against the environment and your political opponents.....\nthanks for the opportunity to voice my opinion.\n"
    },
    "17889": {
        "url": "/comment/17889",
        "comment": "Remove Schedule 10 from Bill 66, which allows municipalities to override provisions in the Greenbelt Act, Clean Water Act, Lake Simcoe Act, Oak Ridges Moraine Conservation Act and Great Lakes Protection Act. These natural resources and farms are extremely important for Canadian\u2019s health, livelihood and the world\u2019s environment on a whole. The citizen\u2019s of this province must respect, care for and find sustainable ways to use, produce on and earn from the land we live on - not tear them down in exchange for buildings and factories that further pollute.\n"
    },
    "17894": {
        "url": "/comment/17894",
        "comment": "Remove Schedule 10 from Bill 66, which allows municipalities to override provisions in the Greenbelt Act, Clean Water Act, Lake Simcoe Act, Oak Ridges Moraine Conservation Act and Great Lakes Protection Act.\nWe want a bright future for our children, we need to have a carbon free economy and energy sector.\nA healthy environment is directly tied to our well being and prosperity.\n"
    }
}