{
    "19780": {
        "url": "/comment/19780",
        "comment": "I find it appalling that you are proposing to open up the green spaces for development.  Anyone with knowledge of environmental issues knows we require green spaces to maintain healthy environments.\nThis has nothing to do with maintaining competitiveness and everything to do with greedy developers that want to put as much profit in their pockets as possible. That is the only reason our premier is proposing this.\n"
    },
    "19781": {
        "url": "/comment/19781",
        "comment": "By eliminating the Toxics Reduction Act and allowing for development under Schedule 10 of Bill 66 that ignores important environmental measures, these proposals eliminate the regulations that are meant to protect the very people whom these government claims to be \u201cfor\u201d. These regulations are only \u201cred tape\u201d if you ignore the very reasons that they exist, such as the role of the Clean Water Act to protect Ontarians from another tragedy such as the one that once occurred in Walkerton. Aside from the proposal being fundamentally against this government\u2019s claims of being \u201cfor the people\u201d, it is poorly defined and short-sighted in nature.\nBy eliminating the duty to consult the public about development projects and removing the right for appeal, Bill 66 goes against the democratic rights of the people. This attempt to hide decisions that affect \u201cthe people\u201d behind closed doors is extremely suspect for a supposedly beneficial bill. Planners know very well why the present-day consultation processes exist, these are not simply \u201cred tape\u201d, but rather, help to ensure that the rights and freedoms of \u201cthe people\u201d are met. Would a government that was \u201cfor the people\u201d really like to go back to a time when developers were simply able to pave an expressway through a city (think Robert Moses, New York City), and displace everyone in its path due to a lack of public input and consultation? Likely not, yet this what happened in times when the public did not have input in planning processes. If this government is truly \u201cfor the people\u201d it is ludicrous to implement a policy that will prevent these very people from having any say as to what happens in their communities.\nWhen it comes to the un-scientific nature taken on by schedule 10 of Bill 66, the City of Waterloo makes an excellent point in their staff report  regarding the scientific concept of cumulative effects. The concept of cumulative effects is a relatively simple one, the effects of an environmental loss or degradation are not only felt locally, but also in interconnected environmental components. If a threshold of degradation is surpassed, it is possible that the ecosystem can go past the point of recovery within our lifetimes. An example of this is easily illustrated in the case of Waterloo\u2019s drinking water, the majority of which comes from groundwater and is already under immense pressure, due to a high population in the surrounding region and decreased ability for recharge in a paved landscape. In this instance, decisions made by the adjacent municipalities of Kitchener and Cambridge on open-for-business zoning could have effects on the watershed that could be felt regionally. Although a municipality can decide to opt-out of the open-for-business by-law, they cannot decide to opt-out of the effects that the activities of adjacent municipalities may have.\nAnother scientific argument against the implementation of Bill 66 exists in the case of wetlands, which protect \u201cthe people\u201d through ecosystem services up to and including flood mitigation. The importance of wetlands is internationally recognized by the 170 contracting parties of the Ramsar Convention on Wetlands, of which Canada is a signatory. A great deal of protection for these invaluable features comes in the form of Ontario\u2019s Provincial Policy Statement, if they are deemed significant or are coastal. Policies that will be exempt by Schedule 10 of Bill 66 exist because the scientific, economic, and social importance of features like wetlands is well understood both provincially, nationally, and internationally. Prior to these policies, wetlands were drained at such a rate that only a fraction remain, and we simply cannot afford to lose these under Bill 66. Eliminating the need for development to pay attention to and conserve these features again goes against what is actually best \u201cfor the people\u201d, as one can expect that the increased flooding events that will happen with climate change will be dramatically worsened if we don\u2019t have environmental features like wetlands to mitigate them.\nWhen it comes to the Toxics Reduction Act, the claim that it is redundant and that the same function will be covered by the federal Chemicals Management Plan is simply false. Data shows that for facilities that have indicated an intention to reduce toxics in their toxics management plants, the amounts of toxic substances used, created, or contained in product steadily decreased during the period 2012-2016. However, as compliance with plans under this Act is voluntary, data on reductions as a whole actually show an unchanging trend and even an increase per year in terms of substances related to cancer, and released to air, land, and water . Rather than eliminate it, it is important to improve this act to achieve overall toxics reductions that will protect \u201cthe people\u201d, as neither the current program, nor the federal legislation is currently managing to do so.\nOverall, removal of the Toxics Reduction Act and the implementation of Schedule 10 of Bill 66 ignores the fundamental democratic rights of the people of Ontario, as well as the planning and scientific research that comes from our universities. These proposals need to be reconsidered in a manner that accounts for the people\u2019s democratic rights and the science that will keep our communities viable in the face of climate change. If this government is truly \u201cfor the people\u201d, they will not proceed with these proposals without significant modification that improves beyond the short-sighted nature that they currently hold.\n"
    },
    "19782": {
        "url": "/comment/19782",
        "comment": "I think it is important to protect the greenbelt.\nFor farms, food and water security and protection.\nThe green belt forces us to come up with ways to increase density in existing built up areas.\nMunicipal governments aren't structured to deal with the large developers. The only entities that will benefit from Schedule 10.\nRemove Schedule 10 from this Omnibus bill\n"
    },
    "19791": {
        "url": "/comment/19791",
        "comment": "I am concerned that the removal of regulations from construction will lead the the damaging of Ontario's heritage through the damage and destruction of archaeological sites. Once damaged, such sites cannot be recovered; this will lead to the erasure of aspects of Ontario's rich history. Archaeology allows us to expand and elucidate areas of history that may otherwise be obscured and forgotten. While planning for the future is essential, it should not come at the expense of understanding our past.\nI am also not sure what the point of this section is, except to try to limit the access and understanding that workers have of their rights and place it in the control of their employers: \"Stop requiring employers to post the Employment Standards Act (ESA) poster in the workplace, but retain the requirement that they provide the poster to employees.\" I don't know why you would want to do that?\n"
    },
    "19798": {
        "url": "/comment/19798",
        "comment": "We (my family) do not support bill 66! A bill that overrules laws that have been put in place to protect Ontarians, our health, water, farmland, green space, wildlife and natural heritage is scary and infuriating! This bill allows these by-laws to be passed without public notice or citizen input or recourse, truly undemocratic and unconstitutional!\n"
    },
    "19801": {
        "url": "/comment/19801",
        "comment": "Mr. Ford et al:\nPlease do not sneak around behind the backs of Ontario voters. We are not stupid. You promised you would NOT TOUCH the Greenbelt and allow developers in that area. Now with Schedule #10 of Bill 66, you are doing just that. Also, don't mess with the fees of university and college students re fees. You are trying to weaken their voice. There are many other criticisms I could make of this gov't. Stop cutting overseers is another Remember Mike Harris and the Walkerton Water Crisis. A lack of inspectors due to cutbacks and look what happened \u2026 7 deaths and thousands sickened with ecoli. STOP ruining the province. I know the Liberals before you were not perfect, but you are worse.\n"
    },
    "19802": {
        "url": "/comment/19802",
        "comment": "Do not endanger regulations and laws protecting Ontario's natural areas, farmlands, drinking water and our protection from toxic chemicals.\nThere is no business development that could possibly justify putting any of these systems at risk.\nI do not support Bill 66 and if the conservative government moves forward with this bill you are doing so clearly in opposition to the well being of the people of Ontario.\nBusiness does not come above the quality of human lives. It should be extremely clear that what you are proposing here is morally wrong. The people of Ontario know you have the ability to do just what this act aims to do through a Minister's zoning order, however you aim to remove yourself from the scrutiny of this kind of action and take away our ability to appeal it.\nYou can do better, remove any portions of this bill that put our natural areas, drinking water and human well being at risk. If you can't do that, then this bill should not exist, period.\n"
    },
    "19809": {
        "url": "/comment/19809",
        "comment": "In his letter, \"Caring for Our Common Home,\" Pope Francis has stated:\n36.\t\"Caring for ecosystems demands far-sightedness, since no one looking for quick and easy profit is truly interested in their preservation. But the cost of the damage caused by such selfish lack of concern is much greater than the economic benefits to be obtained. Where certain species are destroyed or seriously harmed, the values involved are incalculable. We can be silent witnesses to terrible injustices if we think that we can obtain significant benefits by making the rest of humanity, present and future, pay the extremely high costs of environmental deterioration.\"\nThis bill is a clear example of the kind of short-sighted greed that is killing our planet.\n"
    },
    "19811": {
        "url": "/comment/19811",
        "comment": "Bill 66 is a threat to the carefully constructed plans that protect the environment of Ontario, as well as workers, children, and the wellbeing of this province as a whole.  Attracting business to the province cannot be done at the expense of the the environment; it would be short term gain in exchange for long term pain.  This bill should not be passed.  It is crucial to protect assets such as the Green Belt, and the Oak Ridges Moraine.  We have already paved excellent farmland with houses in the GTA, and further depredation is to be avoided at all costs.\n"
    },
    "19812": {
        "url": "/comment/19812",
        "comment": "Remove Schedule 10 from Bill 66, which allows municipalities to override provisions in the Greenbelt Act, Clean Water Act, Lake Simcoe Act, Oak Ridges Moraine Conservation Act and Great Lakes Protection Act. Ontario has plenty of places to develop inside the Greenbelt. Sprawl is very expensive at takes it toll both on the environment and on the affordability of cities as it requires more roads, sewers, schools, police, etc.\n"
    },
    "19813": {
        "url": "/comment/19813",
        "comment": "This is just another example of grouping together \"good sounding\" changes in order to pass really bad changes to regulations that protect people and the environment.\nChanges involving such a different array of areas of society should be rejected and only allow policy changes proposal for very specific aspects.\nThe person driving this changes is an oligarch following with the \"Globalisation\" agenda that has already destroyed countless regions of the world. At the end, the only beneficiaries are a few multinational corporations that belong to the same group of people.\nAt the end they only care about increasing their profits regardless of what happens to people, society, the country and the environment. The globalisation of corporations is just a way to hide profits and minimise taxes; there is no real exports, it is just moving parts from place to place.\nThe result is that the taxes needed to provide the services these corporations need to operate (security, roads, etc.) are subsidised for them and mainly paid by the common people, while the owners of these corporation hide their profits and avoid paying taxes.\nAnd the \"jobs\" created by this \"open for business\" policies are just as disposable as a dirty napkin. Get the cheapest guy either from desperate locals or even more desperate new immigrants through third party agencies, and get rid of them as soon as you can find a cheaper one. Have you analysed what is the average duration of employment nowadays in big companies and multinationals not counting the desperate humans at the bottom?\nIn summary, I disagree with this changes because:\n- many changes of different areas are bounded together to hide the social impact these changes will have.\n- many of the proposed changes are really detrimental to the environment.\n- it will reduce the quality of jobs in Ontario and it will lower real wages and safety to employees.\n- it does not benefit Canada or Canadians\n- it will further help the self declare king help his friend and himself get richer by avoiding paying for what they need to operate businesses while transferring the tax burden to the common people.\n- there are many examples of the result these types of changes had in other societies like third world countries. Is that where we want to take Canada? Ready history and you will see that this was applied to countries that are now totally destroyed.\n"
    },
    "19814": {
        "url": "/comment/19814",
        "comment": "Bill 66 is shameful and horrific! Schedule 5: to repeal the Toxics Reduction Act is appalling, without it we are looking at a potential for a repeat of the Walkerton tragedy. What are you thinking!\n Progress and development is happening in Ontario, and if done responsibly is a great thing for all Ontarians, but what this bill proposes is to ignore policies and acts that have been put in place to protect our resources from threat, and provide for our children for generations to come. We can have development without compromising a healthy, sustainable future, but not if bill 66 is passed.\n"
    },
    "19817": {
        "url": "/comment/19817",
        "comment": "This Bill is not good for the people of Ontario.  We need the green belt in tact to keep our food supply secure, our water clean and our province beautiful.\nWe need more protection for our farmland, watersheds and wildlife, not less.  It is essential to keeping us and our children healthy.  In addition, designing a process to develop land with out notice to the public or appeal is just not right in our democracy.\nPlease do not allow Bill 66 to pass.\n"
    },
    "19823": {
        "url": "/comment/19823",
        "comment": "I think the new government has a great opportunity here to deliver on their promise to remove red tape in Ontario. The previous Liberal governments were indeed over-zealous to regulate everything they could possibly think of and this was driven by their deep distrust of individuals and businesses to make right decisions. An example is that you need approval from the Escarpment Commission to install solar panels on your roof. That obviously defies any logic. Consequently, people in this region (including myself) lost confidence and trust in the Escarpment Commission and their neighbouring organisations in the Green Belt region. At the same time, most people you would ask are in favour of conserving and protecting our (somewhat) rural areas around the GTA. So the issue is more to win over people's hearts with a reasonable set of regulations that citizens can follow, rather than scrapping the Green Belt protection the majority wants to maintain. Delegating the protection to the municipalities is not an effective solution because it is a) a regional issue in the first place and b) some municipalities are lacking competence to decide on matters of such great importance.\n"
    }
}