{
    "18048": {
        "url": "/comment/18048",
        "comment": "Remove Schedule 10 from Bill 66, which allows municipalities to override provisions in the Greenbelt Act, Clean Water Act, Lake Simcoe Act, Oak Ridges Moraine Conservation Act and Great Lakes Protection Act.\nThese provisions have been put in place and defended over a long period of time to sustain the beauty and ecology of the region around the GTA. It is not necessary to modify these areas to achieve the growth and development opportunities in our province.\n"
    },
    "18049": {
        "url": "/comment/18049",
        "comment": "Remove Schedule 10 from Bill 66, which allows municipalities to override provisions in the Greenbelt Act, Clean Water Act, Lake Simcoe Act, Oak Ridges Moraine Conservation Act and Great Lakes Protection Act.\nWe need to take better care of the environment. We can not allow businesses that do not respect the environmental initiatives from the federal government.\n"
    },
    "18055": {
        "url": "/comment/18055",
        "comment": "The provisions of Schedule 10 that permit a municipality to pass an \"open for business planning by-law\" that overrides the Greenbelt Act, 2005 and the Oak Ridges Moraine Conservation Act, 2001 must not be enacted.  Such a by-law would in effect give a municipality carte blanche to develop parts of the Greenbelt and Oak Ridges Moraine within its jurisdiction without regard to protecting the environment.  This could have a disastrous and irreversible impact on flood control, wildlife habitat and the quality of life of local residents, all for the sake of enriching developers.  Such amendments do not reduce red tape; they reduce the environmental protections that previous governments provided to Ontarians.  They are also directly contrary to Premier Ford's reluctant campaign pledge not to develop the Greenbelt.\n"
    },
    "18056": {
        "url": "/comment/18056",
        "comment": "Please find linked below a letter from the Association of Local Public Health Agencies (alPHa) to the Minister of Economic Development, Job Creation and Trade that provides our comments on certain aspects of Bill 66.\n"
    },
    "18058": {
        "url": "/comment/18058",
        "comment": "Dear Mr. Ford,\nDon't let your legacy include such blatant submission to big corporations at the expense of the taxpayers well-being.\nPlease remove Schedule 10 from Bill 66, which allows municipalities to override provisions in the Greenbelt Act, Clean Water Act, Lake Simcoe Act, Oak Ridges Moraine Conservation Act and Great Lakes Protection Act.\nSincerely,\nA concerned citizen.\n"
    },
    "18059": {
        "url": "/comment/18059",
        "comment": "I am calling on your government to protect the greenbelt as you promised in the election. This means municipalities must not be able to overide the greenbelt protections either.\nPlease make sure that you remove Schedule 10 from Bill 66, which allows municipalities to override provisions in the Greenbelt Act, Clean Water Act, Lake Simcoe Act, Oak Ridges Moraine Conservation Act and Great Lakes Protection Act.\u201d\nThe citizens and children of Ontario are counting on you to fully protect the greenbelt.\nThank you for keeping your word.\n"
    },
    "18061": {
        "url": "/comment/18061",
        "comment": "At present humanity has encroached on too many green belt areas and damaged ecology to the utmost extreme due to our overpopulation.   We need to preserve and protect what greenbelt areas are left intact in order for our future survival.   Job creation and uncontrollable growth is NOT the answer to present day problems.   Its a lack of conscientious thinking about cause and effect that has placed humanity in this predicament and it will only be conscientious thinking that will help humanity out of this predicament.   Destroying the greenbelt area with more commerce and growth just shows our lack of courage to turn away from such destruction.   Scientists have warned humanity about the consequences of our actions and we need to pay attention to these warnings if we have any rationality and logic left in our thinking capacity.   Do Not Let the Greenbelt be Destroyed.\n"
    },
    "18062": {
        "url": "/comment/18062",
        "comment": "Some of the wording of the plan concerns me. E.g.,\n\"Repeal the Toxics Reduction Act, 2009 by 2021, remove the toxics reduction plan in 2019 and rely on the robust and science-based Federal Chemicals Management Plan\"\nThis sounds good. However, it is similar language used by the George W. Bush administration (they used \"sound science\"). The much repeated \"sound science\" phrase was really just a cover-up term for the administration to reject inconvenient facts. Any facts that hampered their ideological goals of business, development, the economy, the market were dismissed, with the reason being given \"they're not based on sound science\". Often they'd point to a think-tank or research group who were re-evaluating the \"old science\"; but that research group was heavily weighted by industry insiders and lobbyists who would profit if they could cast doubt on the previous science.  It was the proverbial foxes guarding the hen houses.\nIn reality they \"old science\" was still quite sound, was backed up by scientific academies around the world. \"Sound science\" as used by the GWB administration became a  euphemism for \"my ideology trumps your facts\".\nGiven that history, and given that Ford has already displayed the naked greed that makes him an ideologue who puts short-term profits ahead of everything else (while in city council and now as premier), I strongly suspect he's using the GWB playbook of letting industry make decisions rather than independent regulatory bodies (under Harper we saw short-sighted harmful legislation being tabled that was nearly word for word bills written by oil and gas lobbyists; same in the US).\nLet's try and avoid that again, please? Bill 66 just seems to have too many traps hidden among the pretty sounding words. It sounds too much like other bills that were supposed to improve the economy, bring back jobs, but in reality were just wish lists for developers, oil and gas and petrochemical industry who wanted to go back to a time when rules were much more lax (we are still paying for our fathers' and grandfathers' short-sighted decisions when it came to development, pollution control, protection of habitat, etc).\nIn summary, there is often a good reason regulations are in place. Bringing in consulting groups who stand to profit if those regulations is now just idiotic because we have ample evidence that this approach. DOES. NOT. WORK. to protect people and the environment. Please do better. Just because the only tool you have is a hammer does not mean everything you see can be treated like a nail.\nThank you.\n"
    },
    "18063": {
        "url": "/comment/18063",
        "comment": "My message is simple. Don't mess with the greenbelt. We don't have a lot of green space in Southern Ontario as is. I do not want it open for development of industries, homes or anything else. Save this space for the wildlife that lives in it. And for people to be in nature as for many this is the closest they will get to a nature experience. I have enough user names and passwords so I am submitting my comment anonymously.\n"
    },
    "18065": {
        "url": "/comment/18065",
        "comment": "With regard to the Green Belt,  I am concerned that the integrity of this space will be harmed by both industrial and residential developments facilitated by Schedule 10 in particular which claims economic development through \"major business investments\" will be accelerated with the removal of \"planning barriers\".\nThis is not in the greater public interest over the long term, nor in the interest of fostering  a robust environment as a cushion in the face of impending climate disruption in the years to come.\nWe need now and more so in the future protected farmland close at hand and wet lands to support local production of food for our large population as the California/southern U.S. option becomes less viable economically and ecologically.\n"
    },
    "18068": {
        "url": "/comment/18068",
        "comment": "Bill C-66, Removing Schedule 10\nIt was over a considerable number of years, and untold hours, that former citizens of this Province spent putting together regulations to protect our communities, ecosystems, and human populations of Ontario.  There are a variety of requirements needed to sustain life her in the Province.  Our water, air, food supply, as well as our psychological health all rely on protected ecosystems.  These ecosystems are fragile and are reliant on a responsible and intelligent use of the remaining sanctuaries of undisturbed land.  The proposed, \u201cOpen for Business\u201d narrative, in my mind anyway, only envisions an assemblage of the horrors\u2019 of past collective endeavors\u2019, many to this day, of the required use of citizen tax dollars to deal with the mitigation of the devastation, water and soil contamination and loss of biodiversity.\nI think the C-66 Bill would be improved if we say \u201cOntario for Responsible Business Development\u201d in regions were land has already been allocated for commercial and industrial purposes.  Opening of the Ontario\u2019s Green Belt does not represent long-term prosperity for Ontarians (e.g. clean water, sustainable agriculture, natural areas of recreation); it only represents short-term gains for developers.\nThe implementation of Ontario\u2019s Green Belt represents a great deal of forethought for the protection of Ontarian\u2019s sources of clean water, avoidance of urban sprawl, along with protection of natural spaces and Ontario\u2019s biodiversity.  It is an investment in the health and welfare of present and future Ontarians.  It would be a travesty to erase that forethought for protection, simply for the short-term gains of developers.  You have to ask yourself, what truly benefits Ontarian in the long journey.  I would encourage the government to read about the importance of green belts to the urban areas and large cities that have made the conservation of their green belt a priority, e.g. City of London, UK.\nWe have a sustainable planet to protect and we need to grow enhance Ontario\u2019s economy in a way that benefit Ontarians in the long run, but we need to resist the approaches that we know will only provide short-term gain, but will have long-term consequences for the quality of Ontario\u2019s communities, quality of life, and biodiversity.\n"
    },
    "18070": {
        "url": "/comment/18070",
        "comment": "I am concerned about increasing the number of children allowed in care of home daycare providers. Without adequate supervision, there is more chance of neglect and safety issues occurring.  The same thing applies to lowering the age of recreation program participation without a caregiver.  Early childhood care is not for sale to the lowest bidder.  Our children should be a higher priority than that.\nThe Open for Business proposal to shrug off provincial land use use restrictions, is also short sighted. There would be too much leeway for a rogue municipal gov't. to harm our environment for short term gain.  I am not opposed to some development or relaxing of restrictions on Greenbelt land, BUT it must be carefully controlled and overseen by provincial regulations.\nLastly, the Employment Standards Act must NEVER be removed from open viewing in a workplace. This last measure is so draconian, that it scares me. Only by publicly informing workers of their rights will they be protected from unscrupulous bosses.  SHAME on this gov't for suggesting this.\n"
    }
}