{
    "17265": {
        "url": "/comment/17265",
        "comment": "To the government of Ontario,\nI am a concerned voting citizen of Ontario, and I do not want to see the Greenbelt opened up for development.\nTo minimize environmental damage, cities need to grow up, not out. The way to increase affordable housing is to build affordable housing, not the strip malls and McMansions of suburban sprawl, but multi story urban infill projects.\nDevelopers may not like the cost to profit ratio of these projects as much, but Ontario is more than just developers.\nIt is forest that provides oxygen that cities consume. It is farmland that provides food that cities consume.\nIt is people, many of whom are the \u201clittle guy\u201d and can\u2019t afford long commutes into the city, extra vehicles for commuting, or suburban single family dwellings any more than we can afford increases in the prices for fresh food.\nThank you for reading and considering this comment.\n"
    },
    "17272": {
        "url": "/comment/17272",
        "comment": "I am against Bill 66\nSchedule 1 will have devastating effects on drinking water, and protection of farmland and greenspaces, and likely erode the Clean Water Act, the Great Lakes Protection Act and the Greenbelt Act.\nSchedule 5 also will have devastating effects on all of the above.\nSchedule 8 with its stated goal to reduce administrative legislation in long term care homes is negligent. Our population is aging, long term care facilities will become more and more important for our most vulnerable parents, family members and citizens. Regulations must be in place to hold facilities responsible and accountable for the care and respect of our families.\nSchedule 9 erodes the rights of employees. The unemployment rate may be decreasing, but it is only through the creation of low cost part-time jobs at the expense of higher paying full time jobs. People need good paying stable jobs in order to contribute to the economy by purchasing home, cars, consumer goods and further investing in the economy with RRSP, RESP, TSFA.\nSchedule 10 like Schedule 1 and 5 will place our green space , lakes, parks and agricuture industry at risk.\nThis is an atrocious piece of legislation.\n"
    },
    "17274": {
        "url": "/comment/17274",
        "comment": "It seems you need a law degree to be able to decrypt all that is at stake. I strongly support transparency and the use of popular terms that can be understood by the general public for these documents. How are we to help the government make decisions if we cannot understand the entirety of the proposed bill. The public is a resource, and the government of Ontario represents our interests. I wish Ontario to be open for business, but open for sustainable developments only. Sustainability has three major pillars: Environmental, Economical, and Social benefits. One cannot thrive without the other, and I feel Bill 66 does not fulfill these three mandates. Planning applications under this by-law would not be subject to the Clean Water Act, Provincial Policy Statement, Growth Plan for Northern Ontario, and other prescribed provisions that protect human health and the environment. Use of this by-law could put drinking water at risk, and cause environmental degradation that will come with high costs in the future.\nI ask the Government of Ontario to use all of its resources to make Ontario great again, by adhering to sustainable development practices and to build up instead of tearing down what has been constructed in the past.\n"
    },
    "17275": {
        "url": "/comment/17275",
        "comment": "I am deeply horrified that any government would consider weakening environmental protections at a time in our human history when only the implementation of much greater environmental protections can save us from complete disaster as a species.\nBill 66 is extremely regressive and needs to be abandoned. Please enact legislation that protects us from excess and environmentally unsound development.\n"
    },
    "17277": {
        "url": "/comment/17277",
        "comment": "I\u2019m writing to voice my strong opposition to this legislation, which would rollback decades worth of good, evidence-based, and common-sense environmental protections in Ontario.\nLetting big business ignore rules outlined in the Clean Water Act, the Great Lakes Protection Act and the Toxics Reduction Act, as well as open up the Greenbelt for development, poses a threat to our land, water, and air.\nThe Clean Water Act was put in place after the tragedy in Walkerton Ontario where seven people died from e-coli poisoning -- and people there are still feeling its effects. Safe water is critical to public health; we cannot risk another tragedy.\nThe Greenbelt protects Ontario farmland, forests, and nature. It provides habitat for wildlife and productive farmland that supports rural jobs, and a strong agricultural business sector. Ontarians do not want the Greenbelt open for development.\n80% of Ontarians get our drinking water from the Great Lakes. Bill 66 threatens the health of the Great Lakes by opening them up to greater development.\nThe Ontario government under Ford promised to protect the Greenbelt. The recently released \u201cMade in Ontario\u201d Environment Plan also makes commitments that would be impossible if Bill 66 becomes law.\nThere is sound data that shows how business, growth, and development do not need to come at the expense of our drinking water, our clean air, or our protected nature areas. These policies were enacted after years of study and are based on clear evidence. Developers should not be allowed to subvert this for the prospect of creating a handful of jobs while putting a lot of money in their pockets.\nPlease do the right thing and reverse the profound environmental rollbacks proposed in Bill 66.\n"
    },
    "17279": {
        "url": "/comment/17279",
        "comment": "I am extremely concerned about provisions being put forth in the Conservative government's proposed Bill 66, a bill which was introduced with no public consultation and little regard for our Province's natural and cultural heritage. As an Ontario resident, I am worried that the proposed Bill will result in harm to both our Province's natural environment and the health of our fellow Ontarians. I am also disturbed by the potential for Bill 66 to allow developers to literally bulldoze away Ontario's rich history spanning more than 10,000 years.\nThe proposed bill will allow for the development and degradation of environmentally sensitive and ecologically beneficial areas such as the Ontario Greenbelt and Oak Ridges Moraine, in addition to numerous Source Water Protection Areas and formerly protected areas within the Lake Simcoe Watershed. These natural areas offer significant environmental benefits. The Greenbelt alone saves the province $2.6 billion a year in essential services such as providing fresh drinking water and clean air. The proposed bill also undermines the Clean Water Act less than 20 years after the Walkerton disaster, putting both the health of Ontario residents and the ecological health of our Great Lakes at risk.\nAdditionally, Bill 66 threatens our province's cultural heritage by potentially allowing municipalities to opt out of provisions within the Planning Act, including the Provincial Policy Statement (2014) which require the completion of archeological assessments. Under Bill 66, a municipality will be able to circumvent Subsection 3(5) and Section 24 of the Planning Act which give authority to the Provincial Policy Statement (2014) and Official Plan requirements respectively. The protection of heritage is a mandatory provincial interest under the Ontario Heritage Act, not a decision of convenience at a municipal level.\nIn short, Bill 66 needs to be amended to restore the requirements that will protect our natural and cultural heritage for the generations to come. I am calling on you to do what is right for our province, its residents, and our shared natural and cultural heritage.\n"
    },
    "17281": {
        "url": "/comment/17281",
        "comment": "I think that this Bill is making a false trade-off - that environmental regulation is detrimental to Ontario's economy.  A healthy environment means we have healthy people, ecosystems and areas that people want to come visit.  By lowering the quality of our environment means there is less value placed on property.  Therefore I am opposed to several parts of this proposed bill that are detrimental to our environment. Specifically:\n1) Schedule 10 proposed changes means that that section 39 of the Clean Water Act, 2006 (CWA) does not apply to an open-for-business planning by-law. This is absurd. Ontario is known for it's freshwater. People come to Ontario as tourists to experience our lakes, rivers and streams.  Further, Bill 66 lets corporations ignore  the Clean Water Act which provides protections to the public and standards for clean drinking water.  I am opposed to this change.\n2) The proposed change to Planning Act to add a new section 34.1, which allows local municipalities to pass open-for-business planning by-laws. Places the Greenbelt at risk of development. I am FULLY opposed to opening any part of the greenbelt for development - industrial or urban. Premiere Ford promised he would NOT open up the greenbelt. This is a clear violation of that promise.\n"
    },
    "17283": {
        "url": "/comment/17283",
        "comment": "While I don't support Bill 66 and beleive most if not all of it should be scrapped cheif among these is schedule 10. We should not under any circumstances open up our water ways and the greenbelt to developers like this would allow. Bill 66 is the largest rollback of environmental protections I've seen and needs to be rejected.\n"
    },
    "17289": {
        "url": "/comment/17289",
        "comment": ">Repeal the authority of the Ontario Energy Board to set rates for Unit Sub Metering Providers (USMPs)\nThat will result in increased housing costs to consumers and increase profits to landlords.\nWe should be making housing more affordable.\n>Modernize and streamline administrative requirements for the operators of long-term care homes.\nThat sounds fine but we should be increase inspection and requirements to ensure clients are humanely cared for.\n>Stop requiring employers to post the Employment Standards Act (ESA) poster in the workplace, but retain the requirement that they provide the poster to employees.\nWhy make it easier for employees to be taken advantage of?\nI don't see how this is a burden on employees.\n"
    },
    "17291": {
        "url": "/comment/17291",
        "comment": "Dear Mr. Petersen,\nI am extremely concerned about provisions being put forth in the Conservative government's proposed Bill 66, a bill which was introduced with no public consultation and little regard for our Province's natural and cultural heritage. As an Ontario resident I am worried that the proposed Bill will result in harm done to both our Province's natural environment and the health of our fellow Ontarians. I am also disturbed by the potential for Bill 66 to allow developers to literally bulldoze away Ontario's rich history spanning more than 10,000 years.\nThe proposed bill will allow for the development and degradation of environmentally sensitive and ecologically beneficial areas such as the Ontario Greenbelt and Oak Ridges Moraine, in addition to numerous Source Water Protection Areas and formerly protected areas within the Lake Simcoe Watershed. These natural areas offer significant environmental benefits. The Greenbelt alone saves the province $2.6 billion a year in essential services such as providing fresh drinking water and clean air. The proposed bill also undermines and the Clean Water Act less than 20 years after the Walkerton disaster, putting both the health of Ontario residents and the ecological health of our Great Lakes at risk.\nAdditionally, Bill 66 threatens our province's cultural heritage. Ontario has a rich history of occupation that dates back more than 12,000 years. The archaeological assessments completed each year in advance of development help fill in the gaps in the story of our Province, Indigenous Peoples and more recent settlers. Archaeology gives a voice to many who have been written out of the history of our Province. Indigenous and descendant community participation in the process of archaeological investigation has recently amplified that voice. Bill 66 threatens to allow municipalities to opt out of provisions within the Planning Act, including the Provincial Policy Statement (2014) which require many of the assessments that are completed. Under Bill 66, a municipality will be able to circumvent Subsection 3(5) and Section 24 of the Planning Act which give authority to the Provincial Policy Statement (2014) and Official Plan requirements respectively. The protection of heritage is a mandatory provincial interest under the Ontario Heritage Act, not a decision of convenience at a municipal level.\nIn short, Bill 66 needs to be amended to restore the requirements that will protect our natural and cultural heritage for the generations to come. I am calling on you to do what is right for our province, it's residents, and our shared natural and cultural heritage.\n"
    },
    "17297": {
        "url": "/comment/17297",
        "comment": "This is a mess. Ford promised he'd leave the greenbelt alone, but here we are looking at opening it up for industrial development again :/\nThat's saying nothing about deregulating the drinking water & the great lakes.\nThe greenbelt is a major plus for living in Ontario, and a valuable piece of Canadiana in Ontario as far as I'm concerned.\nAlso\n> including no longer requiring them to obtain approval from the Director of Employment Standards for excess hours of work and overtime averaging.\nsounds like the first step in the race to the bottom afaic\n"
    },
    "17302": {
        "url": "/comment/17302",
        "comment": "I believe that the Bill 66 legislation has several negative provisions and as such is ill-considered.\nThe proposed amendments to the Planning Act undermine a fundamental reason for its existence - protecting the environment. And part of environmental protection in Ontario is the Greenbelt. If the desire is to speed-up development, a much more thoughtful approach to overall planning and Greenbelt protection is required. What is proposed will require future governments to do what they can to repair damage already done, damage that will in many cases be irreparable. Jobs are important. However, with nearly full employment now, alongside decent environmental protection measures, there is no justification for changes proposed in Bill 66 that impose huge costs on future generations.\nThe same can be said for the proposed changes to the Clean Water Act, the Great Lakes Protection Act and the Toxics Reduction Act. The changes to the Clean Water Act for example, are likely to present the present government with a repeat of the tragic Walkerton situation.\nMy remark about current high rates of employment also call into question the need for proposed roll-backs of protections of workers in Employment Standards. They are not balanced since they give employers the upper hand.\nIn view of my comments, I call upon the Government to withdraw this unwarranted legislation and come up with well considered alternatives to deal with any real and concrete deficiencies in planning, environmental and labour legislation that may exist.\n"
    }
}