{
    "17777": {
        "url": "/comment/17777",
        "comment": "Schedule 10 must be removed. The galloping climate catastrophe demands that large perturbations like Toronto remain surrounded in depth by green space. Ford can build another city of villages elsewhere, specifically to cater for the immigrants whose numbers will be swelling, and whom we must cater for. Retaining Schedule 10 will signal that the Ontario government is motivated solely by money and not our wellbeing. This will have political consequences.\n"
    },
    "17778": {
        "url": "/comment/17778",
        "comment": "I urge the government to remove any provisions in the bill that would allow development within the Greenbelt boundaries.\nGiven the amount of surrounding land suitable for development is more than adequate to supply current needs as well as future development for a considerable amount of time, there is no justifiable reason to open the door to potential intrusion on to Greenbelt lands, even with 'controlled' options and regulations.\nPass a bill that makes no amendment to the current Greenbelt restrictions.\n"
    },
    "17783": {
        "url": "/comment/17783",
        "comment": "Please remove Schedule 10 from Bill 66, which allows municipalities to override provisions in the Greenbelt Act, Clean Water Act, Lake Simcoe Act, Oak Ridges Moraine Conservation Act and Great Lakes Protection Act.\nThe Greenbelt is an essential tool required to protect our farmlands and watersheds. With the impacts of climate change mounting, increasing our food resilience and protecting our water supplies should be a priority - the Greenbelt Act is essential to achieve these goals.\n"
    },
    "17787": {
        "url": "/comment/17787",
        "comment": "I am strongly opposed to removing the environmental protections that are in place for the Greenbelt.\nI do not support Bill 66.\nI am also opposed to increasing the number of children that a home based day care provider can accept.  The current number is based on sound practice . If we wish to increase day care spaces then increase funding to licensed day care centres.\nThe policy that is in place to protect our drinking water was a result of the horrific problems in Walkerton, removing these types of procedures is not reducing red tape, it is putting others are risk.\nI do not support Bill 66.\nWe need to protect our land, our children and our water.\n"
    },
    "17789": {
        "url": "/comment/17789",
        "comment": "Stop putting our health at risk with your backwards, outdated methods of bringing back dying industries and lining your own pockets. Learn some economics and realize that trying to move backwards in a world that\u2019s moving forward will do nothing but leave Ontario in the dust. This land is protected for a reason and when big industry builds in these places it will poison us all and lead to a more bleak outlook then the one we already have. \u201cOnly when the last tree has died and the last river has been poisoned and the last fish has been caught that we will realize we cannot eat money\u201d. We know this...do you?!\n"
    },
    "17791": {
        "url": "/comment/17791",
        "comment": "I totally disagree with the proposal to change anything in any of the greenbelts in Ontario.  They were established for a reason and we need to keep them for our children and grand children's enjoyment.  In most cities, there is plenty of room to expand light industries and housing within the regular city limits.  For examples, block malls are a very wasteful use of space.  They should not be approved unless there are plans to build a high rise on top of the store.  Also parking should all go underground or in multi-level parking garages.  This would save a lot of space that can be used to expand housing and business.  The green belts are important for the environment and also for the health of the population (both physical and mental).  DO NOT TOUCH THE GREENBELTS.  INSTEAD, EXPAND THEM.\n"
    },
    "17796": {
        "url": "/comment/17796",
        "comment": "I'm all for improving business in Ontario, but not at the expense of our environment. We need to think ahead, and focus on the future of our Province. Ontario's green belt is not red tape. Turning our backs on burgeoning, renewable energy innovations is a fool's errand. New industy will turn away from an Ontario mired in an antiquated, fossil fuel mindset. Every step we take that harms the environment -- or removes environmental protections -- is a step on the throats of future Ontarians. We should be catering to the industries of tomorrow, that's how you ensure we prosper moving forward.\n"
    },
    "17800": {
        "url": "/comment/17800",
        "comment": "As a resident of Centre Wellington I strongly feel that my community is becoming rapidly overdeveloped with little regard to natural green spaces. Not too long ago the requirement here that developers include a small greenspace in new subdivisions was disappiontingly removed.\nI am opposed to Bill 66, in particular very much opposed to Schedule 10 of Bill 66, that will degrade the protection of our green spaces on a far larger and unrecoverable provincial level.\n"
    }
}