{
    "19382": {
        "url": "/comment/19382",
        "comment": "The Greenbelt protects the most fertile and rich soil in North America. It took over 10000 years to create the soil conditions ripe for agricultural uses that it is preserved for today. Opening up the Greenbelt for short term benefit of developers would damage the long-term stability of Ontario and for Canada.  There is no way that we should open up the Greenbelt to virtually regulation free development. It would be a move that threatens the lives of our children, especially in a world that will face increasing food and water shortages.\n"
    },
    "19384": {
        "url": "/comment/19384",
        "comment": "I strongly object to your government's proposal to remove the current environmental safeguards for the Greenbelt through Bill 66.  The Greenbelt is a precious commodity, which is irreplaceable.  Already an enormous amount of rich, fertile farmland has been destroyed by non-stop construction.  Once destroyed by buildings, roads and parking lots, the fertility of the land cannot be restored - not to mention the negative impact on wildlife through habitat destruction and the pollution of waterways and water sources.\nRemoving environmental protections is not the way to go to promote economic prosperity.  Instead, government, industry and businesses need to look at constructive ways to work while maintaining the integrity of the Greenbelt.  Wind farms and solar panels, for example, were practically unheard of several years ago yet, today they are a growing industry and making profits - without negative repercussions for the environment.\nNew technologies and innovations are the basis for prosperity.  Ultimately, any economic advantages that you envision with Bill 66 will be short-lived as the results on the environment and the livelihood of farmers will be devastating and irreversible, negating any so-called economic advantages.\n"
    },
    "19385": {
        "url": "/comment/19385",
        "comment": "I do not approve of development of farmland in the Greenbelt.  Farmland should stay farmland and we do need that Greenspace around our urban areas for many reasons, including water filtration and air quality.\nI also do not support reducing regulations of toxic materials-we have far too many toxins in our environment already and they must be reduced by any and all means.  Sometimes red tape exists for a reason!\nThank you for this opportunity.\n"
    },
    "19387": {
        "url": "/comment/19387",
        "comment": "I am vehemently opposed to this legislation changing the protected status of the greenbelt. This area is the source of our fresh drinking water, important wildlife corridors and more. Allowing more development on these lands will increase gridlock on our highways and negatively impact greenhouse gas emissions. Thank you for considering my comments.\n"
    },
    "19388": {
        "url": "/comment/19388",
        "comment": "The Government of Ontario must protect the Greenbelt. The Greenbelt is home to 5,500 farms, 78 species at risk and 102 million tonnes of carbon storage.\nRemove Schedule 10 from Bill 66, which allows municipalities to override provisions in the Greenbelt Act, Clean Water Act, Lake Simcoe Act, Oak Ridges Moraine Conservation Act and Great Lakes Protection Act.\nThank you.\n"
    },
    "19391": {
        "url": "/comment/19391",
        "comment": "I am writing to express my strong opposition to Schedule 10 of Bill 66, which introduces \u201copen-for-business by-laws\u201d that would circumvent many of the requirements under several laws to ensure fair, consistent and transparent public engagement in land use decisions and protection of water, natural heritage and human health in Ontario.\nUnder the guise of cutting red tape, Schedule 10 is a full-scale assault on the environment. Big business must factor the health, natural heritage and quality of life of ordinary Ontarians in its operations. We matter, and we demand that our government respect the well-being of the citizens of this province.\nPlease remove Schedule 10 from Bill 66.\n"
    },
    "19392": {
        "url": "/comment/19392",
        "comment": "Saving our greenbelt, and many other important areas in conservation biology, is detrimental to our future as a species and as a country. Carbon sinks, wildlife and many other factors will be ruined, which only create bigger problems for our future. It is important to conserve land and forests, especailly since so many acres of this land is being taken and killed for the governments own purposes. The world is dying and it is our duty to help, not create a bigger problem.\n"
    },
    "19393": {
        "url": "/comment/19393",
        "comment": "This Act would cut protections for farmlands in Ontario, which are always under threat from development.  This act would benefit larger businesses and the wealthy, who take money out of communities, while destroying farmland which is a limited resource and one that will only become more and more important in the years ahead.  Please don't enact this bill, which will allow municipalities to enact their own bills to develop farmland without consultation, ignoring planning laws and with no right to repeal.\n"
    },
    "19395": {
        "url": "/comment/19395",
        "comment": "I have grave concerns over Bill 66, and in general the attempt to rollback regulations which keep our communities safe. In particular, Schedule 10 is of utmost concern to me. Schedule 10 of Bill 66 would allow municipalities to override environmental regulations and promote the unchecked development for \"economic growth\". This Bill would promote the development of factories, industrial parks, and sprawling low-density car-dependent subdivisions in our green spaces, threatens public health and safety, and will allow developers to override important environmental regulations enshrined in the Greenbelt Act, Clean Water Act, Lake Simcoe Act, Oak Ridges Moraine Conservation Act and Great Lakes Protection Act. Furthermore, this Bill would allow municipalities to go ahead with these development projects without ANY public consultation. Once again, another great example of democracy.\nThe Greenbelt is home to 5,500 farms, 78 species at risk and 102 million tonnes of carbon storage. This will be carved up with factories and subdivisions if the bill proceeds.\nWe need to protect our nature and local agriculture, and we need to maintain our commitment to fighting the worst effects of climate change for future generations. Economic growth is irrelevant if we don't have a clean, healthy, sustainable planet. Do you seriously want to expand the never-ending horizon of low-rise, grey, suburban townships and car-dependent McMansions that already clog the GTA? Have you not driven through these suburbs and felt depressed by the monotonous blur of cheaply-made cookie-cutter houses with two and three-car garages? Do you not desire to develop denser, more efficient and interconnected smart cities, to protect green zones, and to promote public transit so that the middle-class does not have to depend on cars to go about their daily business?\nCanada is a country that is lucky to still have intact and beautiful nature preserves. We need to maintain this and sustain it, or else the next generation will suffer.\nAs a young Ontarian, environmental activist and climate change researcher, I am extremely worried about the future. I refuse to have children unless I feel that serious progress on climate action and environmental protection has been made, especially in my own province. Bill 66 does not give me hope that I will be able to change my mind about this any time soon. Many young people feel hopeless and desperate about how our capitalist society promotes unchecked development and consumerism at the expense of our planet. Many of us cannot bare the idea of creating a new generation with this current outlook. In light of the Ontario conservative party's terrible and corrupted development plans, it appears that climate action, environmental protection and sustainability are not a priority for those in charge.\nFurthermore, employment land already exists within current townships and cities in Ontario, which sets aside space for future economic development and building projects, rendering the need for further expansion into the greenbelt completely unnecessary and redundant.\nI hope you seriously consider the concerns which I have raised. I speak on behalf of a growing and very politically engaged proportion of the younger generation. We are very much aware of the fact that we will have to clean up the reckless mess you intend to make, and live with the consequences of decades of inaction dealing with the climate and environmental crises on our planet.\nIn summary: I don't care how nice your paycheck is, stop prioritizing profits before the planet. The state of the economy will not matter if our water, soil, and air is toxic.\nProtect the greenbelt and promote sustainable development of Ontario and the GTA.\nIf you don't, we will fight with every bit of energy that we have.\nThis will not be an easy pass for you, nor will any of your destructive and greedy policy decisions in the coming years.\nThere is too much at stake for our collective future.\nStop Bill 66!\n"
    },
    "19396": {
        "url": "/comment/19396",
        "comment": "In accordance with the opportunity provided by the Government, the Carpenters\u2019 District Council of Ontario, United Brotherhood of Carpenters and Joiners of America (the \u201cCarpenters\u2019 Union\u201d) is hereby providing its written comments concerning Bill 66, Restoring Ontario\u2019s Competitiveness Act, 2018 (\u201cBill 66\u201d). In particular, the Carpenters\u2019 Union is providing its comments concerning those portions of Schedule 9 of Bill 66 which propose to amend the Labour Relations Act, 1995 (the \u201cLRA\u201d), by introducing new provisions of the LRA concerning deemed non-construction employers.\nThe Carpenters\u2019 District Council of Ontario is composed of 16 affiliated Local Unions of the United Brotherhood of Carpenters and Joiners across the province. In total, we represent approximately 27,000 women and men working in a wide range of skilled trades, including carpentry, drywall, resilient flooring, concrete formwork, underwater construction, welding, scaffolding, and a long list of other related work, primarily in the construction industry but also in other industries. The Carpenters\u2019 Union, and/or its Local Unions across Ontario, are bound to collective agreements with tens of thousands of employers that perform work in the construction industry, including various employers that will be directly affected by the proposed changes to the LRA found within Bill 66.\nThe relevant portions of Schedule 9 of Bill 66 (Sections 12 to 15) will amend the LRA by declaring certain employers to be deemed non-construction employers. Such deemed non-construction employers will include municipalities, local municipal boards, school boards, hospitals, colleges, universities and various other public bodies. On the date that Bill 66 (as it is currently proposed) is proclaimed into force, all bargaining rights which relate to the construction industry for the employees of such deemed non-construction employers will vanish. Further, on that day, all deemed non-construction employers will cease to be bound to existing collective agreements that relate to the construction industry.\nThe Carpenters\u2019 Union, and/or its relevant Local Unions across Ontario, currently hold bargaining rights for employees (primarily carpenters) employed by a number of entities which fall within the deemed non-construction employer definition. Such entities include the City of Toronto, the City of Hamilton, the Region of Waterloo, the City of Sault Ste. Marie, the Toronto Community Housing Corporation and the Board of Governors of the Canadian National Exhibition.\nThe work that our members perform for these types of employers primarily involves construction industry work. Essentially, these deemed non-construction employers employ members of the Carpenters\u2019 Union to perform specialized construction industry carpentry work which, as skilled/qualified journeypersons and apprentices, our members are particularly qualified for. The Carpenters\u2019 Union and its members have always been committed to providing the best possible skilled labour, at the best possible overall cost, to all of the employers that are bound to our collective agreements. In the case of many of the deemed non-construction employers, the productive and harmonious relationships with the Carpenters\u2019 Union have existed for decades.\nAs noted above, should Schedule 9 of Bill 66 come into force (without amendment), we will automatically lose all of our existing construction industry bargaining rights with deemed non-construction employers and our members working for such employers in the construction industry will no longer be covered by their existing collective agreements. We recognize that the proposed language of Schedule 9 of Bill 66 does allow for the survival of bargaining rights and collective agreements, with deemed non-construction employers, which do not relate to the construction industry. However, this is of little solace to us and our members. As noted, the members of the Carpenters\u2019 Union that are employed by deemed non-construction employers perform the vast majority of their work, for their respective employers, in the construction industry. Therefore, upon this Bill coming into force, they will essentially become non-union workers, by government fiat and without having any say in the matter.\nIn many cases, like in the City of Toronto, the relationship with the employers and Carpenters have been harmonious for decades. A number (and perhaps even the majority) of the members of the Carpenters\u2019 Union currently working for the City of Toronto are long service employees. Many of these carpenters have spent 20 years or more of their working lives providing skilled labour to the City under, and in accordance with, the Carpenters\u2019 Provincial Collective Agreement. Once Bill 66 is proclaimed, that will end and their terms and conditions of employment, concerning the construction work which they primarily perform, will thereafter be left to the unlimited discretion of their employer. For these employees, the impact will go far beyond their hourly wage. As is common in the construction industry, all of these employees receive access/entitlement to health and welfare and pension benefits through the Carpenters\u2019 Union and the Collective Agreement under which they work. The Bill, by eliminating the bargaining rights and by tearing up the Collective Agreement, relating to the City of Toronto and the construction industry work which our members perform for the City, will end this and these employees will be denied ongoing access to their prior benefit coverage and pension plans.\nThe impact of Bill 66 will go beyond the existing employees of the employers involved and our existing relationship with the Toronto Community Housing Corporation (\u201cTCHC\u201d) provides a prime example of this phenomenon. Under the existing collective agreement which covers members of the Carpenters\u2019 Union performing construction industry work for TCHC, the employer and the Union have committed to provide access to the industry, and in particular the carpentry trade, to young people who live in TCHC housing. Every year, such young people work, as pre-apprentices, alongside our carpenters performing construction work in the communities and housing developments in which they live. In this way, they gain knowledge and experience about the carpentry trade and the construction industry, along with earning some income. After their pre-apprenticeship period, any of the candidates who are interested are then taken into the Union and are signed up for carpentry apprenticeships. The success rate in this program has been quite phenomenal, with more than 75% of the pre-apprentices becoming actually registered apprentices who can then go on to acquire the skills which will provide them with a secure and rewarding work future. Bill 66 will end all such collective agreement relationships.\nThe Government claims that the purpose of Bill 66 is to stimulate business investment, create good jobs, and make Ontario more competitive. We do not believe that the deemed non-construction employer provisions of this Bill advance such purposes in any meaningful and material way. Some commentators have claimed that removing collective agreement obligations, particularly in relation to subcontracting from deemed non-construction employers, will save hundreds of millions of dollars for the employers involved but such claims are simply false. The labour cost component of any major construction project is, certainly as a percentage of the total cost of the project, on average now quite low, and is becoming increasingly lower given ongoing changes in technology and work methods. Unless they are contemplated a return to the construction techniques of the 1920s and 1930s, anyone who pontificates about huge savings to be had simply on the basis of reducing labour costs for construction projects (of the type that the deemed non-construction employers engage in) is deliberately misstating facts or is completely unaware of the modern day realities of our industry. Construction in Ontario is one of the most efficient and competitive industries in this country, and indeed in North America. The public tendering and bid process not only ensures that this is the case now but also ensures that it will continue to be so in the future.\nThe construction industry provisions of the LRA, as they currently exist, include various consensus developed compromises to ensure that labour relations in our industry and our collective agreements are not inflexible and/or uncompetitive. All employers have the opportunity to take advantage of provisions which allow for, and indeed encourage, variances to collective agreement provisions needed for efficiencies and competitiveness on either a project by project basis and/or for larger, systemic, issues. Many of the deemed non-construction employers that we are in bargaining relationships with take advantage of such flexibility on a regular basis. Accordingly, there is simply no current or pressing need for the draconian actions contemplated within Bill 66.\nThe lack of a relationship between the stated purpose of Bill 66 and the effect of Schedule 9 is perhaps made most clear by examining the current provisions of the LRA concerning non-construction employers. Those provisions were brought into effect in 2000 and have represented a compromise which all parties have been able to live with for the last 18 years. Quite simply, if a particular employer does not wish to be subject to the provisions of the LRA which apply to the construction industry, then that employer can achieve this result simply by not performing any construction work for compensation for a third party and thereafter applying to the Ontario Labour Relations Board to have it declared to be a non-construction employer. In this way, employers that do not wish to be, and are not in fact, part of the construction industry are not subject to the construction industry provisions of the LRA while the fairness of the level playing field for all construction industry employers is maintained and construction workers are not stripped of their rights. Unfortunately, the same cannot be said for the amendments proposed within Bill 66.\nBased on all of the above, it is our position that the non-construction industry employer portions of Schedule 9 of Bill 66 are unfair, unnecessary, and will only weaken Ontario\u2019s thriving construction industry. Therefore, we would seriously urge the Government to reconsider these portions of this Bill and significantly amend them if not remove them entirely.\n"
    },
    "19397": {
        "url": "/comment/19397",
        "comment": "A proposed change that allows development to essential farmland just isn\u2019t sustainable. Cities need farmers. The green belt is some of the most productive soil in the country. Especially in a time where our relations are fraught with both China and USA, two of our largest produce suppliers. Now more then ever it is important to prioritize food security and independance. I\u2019m so disspointed that these proposed changes are on the table!\n"
    },
    "19398": {
        "url": "/comment/19398",
        "comment": "BILL66: MORALLY WRONG, UNDEMOCRATIC AND DANGEROUS\nI want this message to ring the bell of danger. BILL66 undercuts every current hard-won \u201cgood\u201d in Ontario civic, economic  and environmental life.\n(A)\tMorally wrong: (a) Even in the timing of the announcement of the bill, this was timed to sneak into public awareness \u2013 the Christmas/New Year rush and distraction wiped out the ordinary person\u2019s awareness of the threat to our society embedded in the Bill. (b) A short time for citizens to react to the danger. (c) The Bill does not benefit the ordinary person. The Premier\u2019s promise was to make life better for \u201cThe People\u201d. But this Bill transparently plays to the benefit of developers, businessmen, and the rich who want to be richer. (d) You lied, Mr. Premier. Everyday life in Ontario will be a scene of chaos as the rich and powerful and greedy take over without any of the current protective laws in effect. (e) This bill is even titled with a lie: Business in Ontario is already open: functioning and doing relatively well. What is being protected is not the existing economy (functioning within traditions, expectations, today\u2019s laws and equal opportunity).\n(B)\tUndemocratic: In a democracy, all individuals have equal access to health, safety, justice, and opportunity. This Bill openly creates opportunities for \u201cbusiness\u201d, but simultaneously \u201cpulling out the rug\u201d of hard-won protections supporting the security of small businesses, the air all of us  breathe, the water we drink, and the securities of property and just protections in law. This Bill will affect physical health even of the bulldozing \u201cbusinessmen\u201d and their families. A sense of security and stability is part of physical and mental health, and would not exist under the takeover by the wealthy.\n(C)\tDangerous: This Bill will create injustice, chaos and turmoil in society at large, while \u201cBusiness\u201d will have the right to undercut all familiar securities.  In Ontario currently and in other provinces, \u201cthe people\u201d have a level of security of clean air and water, protection of private and public property, and accepted rights that cannot be bulldozed out of existence by government-approved bullying. Small businesses and individuals may move out of the province to regain security of health, property and social stability.\n Under this Bill, the transition from our usual limits and protections will be wiped out \u2013 chaos would surely ensue. Democracy is wiped out by this Bill: the already wealthy and secure could stage a takeover of all benefits of living in Ontario, while the ordinary citizen loses benefits of stable, protective laws to maintain equal benefits to all. The adjustment to the new set of takeover rights would be disruptive and grievous. So much for taking care of the \u201cpeople\u201d!!\n"
    },
    "19399": {
        "url": "/comment/19399",
        "comment": "Bill 66 is bad legislation. It appears to circumvent legislation already in place and would allow development into Green Belt areas of Ontario without proper democratic process such as consulting the governing bodies of local municipalities or the residents of those municipalities or permitting public input. This bill must be withdrawn or defeated.\n"
    },
    "19400": {
        "url": "/comment/19400",
        "comment": "On behalf of the Board of Health for Peterborough Public Health I am writing to express my concerns with Bill 66, Restoring Ontario\u2019s Competitiveness Act, 2018. If passed, this legislation could have deleterious effects on the health of our residents and all Ontarians. Given the risks to public health, I am hoping you will give serious reconsideration to some of the proposed changes.\nOne of the goals in the Ontario Public Health Standards, 2018 is to \u201creduce exposure to health hazards and promote the development of healthy built and natural environments that support health and mitigate existing and emerging impacts.\u201d Our staff work with First Nations and area municipalities to achieve this goal and the changes proposed in Bill 66 stands would threaten this work. As it is currently drafted, the bill will allow municipalities to exempt proposed development from a wide range of planning and environmental protection legislation. This has the potential to open the door to large scale development in vulnerable areas which may threaten groundwater and surface water sources.\nFurthermore, the successful passage or Bill 66 would result in the repeal of the Toxics Reduction Act and Regulation 455/09 on December 31, 2021. This Act, passed in 2009, increased the protection of the public and environmental health by reducing the use and creation of toxic substances and informing Ontarians about toxic substances. I can attest that the historical chemical contamination of local soil and water continues to pose a health hazard and an outstanding health concern for present day residents here. Peterborough\u2019s industrial legacy further demonstrates the need for a strong regulatory framework to protect the health of our community from toxic substances. Peterborough Public Health strongly urges the Ontario government to reconsider the repeal of the Toxics Reduction Act.\nIt is deeply concerning that Bill 66 proposes to exempt Planning Act decisions from the source water protection section of the Clean Water Act, 2006. This section requires that land-use planning decisions protect drinking water sources from threats such as landfills, sewage systems, and the storage and handling of fuel, fertilizers, manure, pesticides, road salt, organics solvents and other substances. Communities in Peterborough County and City, including Curve Lake and Hiawatha First Nations, rely upon both surface water and groundwater sources for their drinking water. The source water protection clause of the Clean Water Act arose from the recommendations of Justice O\u2019Connor in the Walkerton Inquiry and is intended to prevent the type of source water contamination which occurred in Walkerton resulting in the death of seven residents and made over 2300 seriously ill.\nSource water protection plans include a requirement to re-inspect sewage systems falling within source water protection zones. We partner with our area municipalities to deliver septic re-inspection programs for all sewage systems in those municipalities to ensure that sewage systems are working properly and to protect the health of residents. We work tirelessly to advocate for and implement these re-inspections programs and are alarmed by the potential of Bill 66 to allow development to occur in a source water protection area potentially negating the impact of our work.\nIn our review of the proposed changes in Bill 66, my staff and I believe that this legislation will dangerously weaken the source to tap regulatory framework currently in place which ensures the provision of safe and potable clean water for the residents we serve.\n"
    },
    "19401": {
        "url": "/comment/19401",
        "comment": "This bill requires more consultation of the general public  and environmental groups. It will have impact now and on future generations . Respect for  our limited land and water should not be linked to a narrow open  for business agenda. We need a government that protects the gifts we have in Ontario.\n"
    },
    "19402": {
        "url": "/comment/19402",
        "comment": "I am opposed to Bill-66 as it contains items that are detrimental to your children, my children and our health. It is harmful to our protected environment.\nGiven concepts of global environmental change (disaster) dictates less growth, less business etc.\nMore of the same is not good enough for our future.\n"
    }
}