{
    "18656": {
        "url": "/comment/18656",
        "comment": "Omnibus bills like this one worry  me. Diverse subjects with wide-ranging impacts lumped together as if they all carry the same weight. They are designed to obscure comment not invite intelligent, fact-based discussion and decision-making. For example, please remove Section 10 that gives wide-ranging powers to municipalities to overturn various important pieces of legislation which protect our Green Belt, Oak Ridges Moraine and Source Water and allow developers free access to invaluable lands that once built-over can never be used for food production or habitat protection. Please Mr. Ford, use common sense. Open for Business does not have to be at the expense of precious agricultural lands and invaluable green spaces, especially within and on the fringes of the Golden Horseshoe and Greater Toronto Area.\n"
    },
    "18658": {
        "url": "/comment/18658",
        "comment": "Ontario needs the Greenbelt. Our people, flora and fauna depend on it for our very survival. Not today, nor tomorrow, but in the years to come. Without nature to sustain us, we will be no more. And all the money made be the corporations will not same them, or us. Please think and act responsibly \u201cfor the people\u201d.\nThank you.\n"
    },
    "18659": {
        "url": "/comment/18659",
        "comment": "Business and Industry should not have priority over the environment. The Greenbelt should remain protected, our lakes and our water supply should also be maintained and protected. The honourable premier has no right to threaten the envionrmental health of Ontario and the safety of Ontario\u2019s water. Ontario is known for its lush for forests, lakes, and green zones and they should remain that way; Green. Developers have no right to the Greenbelt or to any other natural area or protected area in Ontario. Hands off my Greenbelt, my water, hands off my ontario. The health of the environment represents the health of the province, the country, and the world. Without protecting and maintaining the quality of the green zones and natural habitats we have left, there is no point investing in developing projects or industry as life will not exist without the environment. At the rate climate change is accelerating, this sort of deal is not what we need. We need effective climate change policy not a leader who would rather develop the Greenbelt instead of protect it. Not to mention, I do recall our premier stating that he will leave the Greenbelt alone after it was discovered that he was making under the table deals to develop the Greenbelt.\n"
    },
    "18661": {
        "url": "/comment/18661",
        "comment": "Our greenspaces provide us with a lot of necessities,including oxygen provided by trees,fresh air away from polluted cities,recreational spaces for families,relaxation,which is also good for continuing health,scenery pleasing to the eye,places for heart-healthy walks,and more.......why would we want less for ourselves?\n"
    },
    "18662": {
        "url": "/comment/18662",
        "comment": "It amazes me how some people including politicians who are supposed to act in a balanced way that is good for the people of this country can discount the importance of the environment.  People like Doug Ford, who see business as the making of profits in the here and now, don't assign a value to maintaining a healthy, viable and sustainable environment for the future.  Allowing local municipalities to disregard environmental legislation that took years of consulting to put in place and putting the Greenbelt (home to 5,500 farms, 78 species at risk and 102 million tonnes of carbon storage) at risk is just plain wrong.  This isn't \"Ontario open for business\", it's \"The great Ontario Sell Off at bargain basement prices\".  Secondly, I fear that the way this is being done will lead to corruption at the Municipal levels when developers anxious to get on to their projects meet up with local councilors in back room deals over choice lands.  There is only one person who can be blamed for the ecological, environmental and political damage.  When the farmland is all gone will the conservative government teach us how to eat concrete?\n"
    },
    "18663": {
        "url": "/comment/18663",
        "comment": "I do not want the Greenbelt opened to development.  I do not want Schedule 10 at all.  Bill 66 is a classless power grab by Ford and Ford alone, in order to enrich his friends at the expense of every citizen of Ontario.  The land in the Greenbelt is priceless, it enriches every citizen and protects our health through clean water ways and our safety by providing watersheds and waterways for storms to drain.  The value of the Greenbelt would be diminished immeasurably by allowing developers to have access to it.  Developers do not need cheap land to build more housing.  The GTA does not need more single family dwellings.  What we need is appropriate density.  Build UP not out.  Keep our water and lands safe by protecting the Greenbelt!\n"
    },
    "18666": {
        "url": "/comment/18666",
        "comment": "The Greenbelt is so important. It absorbs carbon dioxide which is crucial in our stand against climate change. It helps with tourism and mental health. It purifies the air and water and contains land with the nutrients for agriculture. It allows for diverse species to have an oasis particularly in migration patterns.\nDeveloping it removes it forever and you LNOW That governments are shortsighted and corrupted by greed. Decisions will be made that cost the public and destroy treasures we can never get back if you do not remove the schedules that allow for development of the Greenbelt and remove public consultation requirements.\nRemove Schedule 10.\n"
    },
    "18668": {
        "url": "/comment/18668",
        "comment": "I don't have links and attachments to support my key points.\nPlease take a look around... human growth and development is invading world wide\nWe need to protect our lakes, rivers, streams...\n                                          grasslands...\nthere are fragile eco-systems at risk\nWe need our greenspace to be protected, valued\nafter all, it is valuable, correct?\nonce it's gone, it's gone...\nplease, please, stop bill 66\n"
    },
    "18674": {
        "url": "/comment/18674",
        "comment": "As an Ontario resident and voter, I am strongly opposed to Bill 66, which will weaken protections for the environment, and in some cases remove them entirely.  Lessening or removing what the government calls administrative burdens, in order to make things easier for business, at the expense of the protection of our land, water, and air, is sheer folly.  Climate change and the deterioration of the environment is without exception the most massive crisis we have ever faced.  We're talking about our very existence.  Ontario is not exempt.  It is no longer a matter of business as usual, yet the current government acts as if it is not aware, or does not care, that we live in a world that is in existential peril.\n    Bill 66 is a dangerous backward step that flies in the face of what more and more countries, municipalities, people, and even business and industry are recognizing: that we must act in favour of--not against-- the environment.\n     A grave responsibility is being thrust upon every member of the Ontario Parliament.  I call on all members, including those of the governing party, to rise to the challenge and vote against Bill 66.\n"
    },
    "18676": {
        "url": "/comment/18676",
        "comment": "Please protect Ontario's most beautiful and productive land in the Greenbelt. It does not need to \"be open for business\". I have already lost direct access to the lovely Bowmanville Creek just west of the house where I grew up, because the province agreed to let a developer fill a cornfield and an orchard with houses.\n"
    },
    "18677": {
        "url": "/comment/18677",
        "comment": "For the last many years, we have been happy to know that the green belt around the GTA is safe.  We had no idea that a government can simply change the law in order to have businesses invade this precious space.  We need the farms even more now than before, especially as the environment is under ever greater threat.  Quite simply put:  The green belt MUST be kept safe from sub-divisions (housing), factories and other businesses carving it up for profit and convenience.\n"
    }
}