{
    "17127": {
        "url": "/comment/17127",
        "comment": "remove schedule 10 and protect the greenbelt\nthe greenbelt is critical to the protection of drinking water in Ontario and will affect the remaining forests and greening of southern Ontario\n"
    },
    "17129": {
        "url": "/comment/17129",
        "comment": "Protecting drinking water, controlling development, and protecting farm land does not make Ontario uncompetitive, unless we are competing with 3rd world countries. On the contrary, doing this makes Ontario self sufficient and increases the value of our resources, including land.\nThis Bill, as proposed is an obvious sell out to business interests with no regard for the long term health and well-being of the residents of Ontario.\n"
    },
    "17130": {
        "url": "/comment/17130",
        "comment": "January 20, 2019\nERO Number 013-4293: BILL 66, RESTORING ONTARIO\u2019S COMPETITIVENESS ACT, 2018\nERO Number 013-4125: PROPOSED OPEN-FOR-BUSINESS PLANNING TOOL\nERO Number 013-4239: NEW REGULATION UNDER THE PLANNING ACT FOR OPEN-FOR-BUSINESS PLANNING TOOL\nSave Our Water, a Centre Wellington residents group concerned with protecting groundwater OPPOSES THE PROPOSALS UNDER BILL 66 SCHEDULE 10.\nUnder the guise of cutting red tape, Schedule 10 is a full-scale assault on Ontario\u2019s environmental policies and legislation, specifically the Clean Water Act, the Great Lakes Water Act, the Greenbelt Act, the Oak Ridges Moraine Act, the Places to Grow Act, the Lake Simcoe Protection Act, the Provincial Policy Statement and Official Plans.  All of these acts and policies could be circumvented in 2019 by the proposed new category of municipal zoning powers called the \u201copen-for-business planning by-law.\u201d\nThe proposed planning by-law would allow municipalities to fast track industrial and employment development without adhering to municipal zoning by-laws. Source water protection zones are one critical example. Elected municipal officials should never be put in a position of deciding to by-pass legislation put in place to protect the environment and future health of Ontarians. This is an enormous step backwards. It puts the future of Ontarians at risk!!!\nOntario\u2019s Clean Water Act was established in 2006 following the Walkerton tragedy in order to prevent threats to drinking water sources and to protect Ontario residents from such dire errors in municipal management from every happening again.\nPremier Ford is prepared to decimate environmental protection and jeopardize the safety of our groundwater supplies by allowing industrial development on land with zoning restrictions and in jurisdictions where drinking water sources are at risk.  Further, he plans to download responsibility to the municipalities to administer the changes. Under his new scheme, a municipality can potentially agree to a new development with no public input or discussion, and it can ignore environmental protection practises while developers and industry proponents are systematically rewarded.\nThe Provincial government then will simply provide the automatic rubber stamp of approval. Once approved, there is no recourse. It cannot be appealed to the Local Planning Appeal Tribunal (LPAT).\nWho gains by the enacting of Bill 66? Definitely not the people of Ontario.\nPremier Ford has misled Ontarians. Ontarians do not want factories and subdivisions built on the sensitive farmland, forests and moraines that recharge the aquifers needed for our drinking water. Premier Ford has obviously not given thought to the fact that the people of Ontario will not allow him to pursue this course of action. Already the cities of Burlington and Hamilton have indicated that they will not be a party to the destruction of Ontario's hard won fight for meaningful environmental protections.\nLegislation aimed at boosting our economy should not trump regulations explicitly created to safeguard our common resources (including our groundwater) and the well-being of Ontarians. Rather than leading our province as \u201cA Government for the People\u201d, this legislation makes it apparent that the current government is shamelessly prioritizing business interests at all costs.\nSave Our Water OPPOSES Bill 66 and the proposed open-for-business planning by-law.\n"
    },
    "17134": {
        "url": "/comment/17134",
        "comment": "Remove Schedule 10 from Bill 66, which allows municipalities to override provisions in the Greenbelt Act, Clean Water Act, Lake Simcoe Act, Oak Ridges Moraine Conservation Act and Great Lakes Protection Act.\nThe safety of our drinking water and the integrity of the Greenbelt should not be undermined by Bill 66. Schedule 10 compromises critical environmental protections and undermines public health. It should be completely stricken from the legislation.\n"
    },
    "17135": {
        "url": "/comment/17135",
        "comment": "Bill 66 constitutes a risk to Ontarian's in multiple ways, with the only true benefits going to businesses which are being courted by the current provincial government.\nRegulations are in place for reasons - often very serious immediates ones that can completely impact on lives.\nPlanning laws do cause delays - they safeguard people and their communities, while ensuring businesses do not profit at the expense of indivdual citizens who often have no knowledge of changes or the risks involved until it is too late.  Exempting anyone from planning and environmental laws is clearly not intended to protect Ontario, it's current population or the future of the province, but instead will only benefit a chosen few, in the moment.\nThe current rhetoric from the government in power is concerning on multiple levels, but specifically with regards to environmental concerns, and in-place legislative protections for the very public who are the taxpayers, or in truth, the employers of those currently running the province.  Only someone who is looking to benefit financially and politically would consider sacrificing the Greenbelt, limit environmental protections, and setting the stage to endanger citizens by way of less regulation for drinking water, for example, by limiting the Clean Water Act - and all without public consultation.\nIf this govenment is interested in being transparent and responsible, stop blaming past governments for existing situations, deal with the as they are now, while also consulting with the public and interested parties that include those who don't expect a profit but instead want life to be good and getting better.  Consult - and don't then when presented with results that aren't what was wanted, attempt to diminish the voice of the people by claiming special interest groups and such.\nDo your job - the right way, for the good of the people.  Period.\n"
    },
    "17136": {
        "url": "/comment/17136",
        "comment": "Remember Walkerton?  Remember the campaign promise not to develop the green belt?  Thes are non-partisan concerns for many of the Ontarians who voted for your party and likely more so for those of us who don't expect to keep your election promises as has been evident since your party took over governance.  Developing the green belt and affecting water and air quality are not things Ontarians will forgive or forget. Your party was kicked to the curb for 15 years because of your austerity choking literally the lives out of Ontarians.  You'll have to stand on your own record in the next election.  A record of broken promises, your assault on the environment, those living in poverty and the little guy you professed to be fighting for.  You are orchestrating your own one-term future.\n"
    },
    "17137": {
        "url": "/comment/17137",
        "comment": "This is an omnibus bill obviously designed to remove necessary environmental protections under the guise of providing other reforms. The Ford government promised not to threaten our waterways and greenbelt, and this is a promise that they ought to keep!\nOur waterways are a significant natural resource, and our greenbelt is essential to the quality of air and water that Ontarians enjoy. When we tell our grandchildren about our childhoods spent exploring the woods and rivers and parks, breathing clean air and drinking clean water, will we have to explain to them that they needed to be denied that childhood for the sake of development?\nOpening up our environment to destruction is not a worthwhile price to pay for industrial and residential development. Maybe developers should focus on innovation, reducing sprawl, and increasing urban density, rather than sicking their lobbyists on our invaluable green spaces. We can't let development and urban sprawl run rampant forever, it is time to start finding solutions and preserve our province for future generations.\n"
    },
    "17141": {
        "url": "/comment/17141",
        "comment": "I support efforts to reduce administrative burden. However, there are benefits to reporting and permitting that should not be overlooked or compromised in the name of \"cutting red tape\". Information is needed to evaluate the effectiveness of legislation, policy and regulation, the externalities that are created (the costs of business that are being born by others), compliance with public requirements and any ongoing investigations of business operations, labour code violations, wsib claims and so forth.\n"
    },
    "17144": {
        "url": "/comment/17144",
        "comment": "Remove Schedule 10 from Bill 66, which allows municipalities to override provisions in the Greenbelt Act, Clean Water Act, Lake Simcoe Act, Oak Ridges Moraine Conservation Act and Great Lakes Protection Act.\nMaking Ontario competitive should not include removing protections on our environment, water, or greenspace.\n"
    },
    "17145": {
        "url": "/comment/17145",
        "comment": "Bill 66 is detrimental to the well being of our people and to our planet. As a government it is your job to ensure the safety and well being of your province. This bill will put people at risk and further destroy our environment. It is your job as a government to protect water resources, green spaces and farmland through smart growth and sustainable policies, not to destroy them to line your pockets with more dirty money that comes at the cost of your ethics. No one needs another Walkerton.\n"
    },
    "17146": {
        "url": "/comment/17146",
        "comment": "Bill 66 includes very troubling overrides of provisions protecting the Greenbelt and of laws protecting our water.  Freshwater protection and the preservation of protected land including the Greenbelt is essential to Ontario's short-term and long-term future.\nI ask that Schedule 10 be removed from Bill 66, so that municipalities are not able to override provisions in the Greenbelt Act or Clean Water Act or various other acts protecting our water and environment.\n"
    },
    "17147": {
        "url": "/comment/17147",
        "comment": "When you kill the new, green businesses, when you stifle innovation, the talent will go where the opportunities are. Investors will look twice at how well Ontario will meet their needs. The world offshore, is full of workers who will do the labour intensive jobs, it is not so full of people whose mind set, work ethic, probity, will necessarily advance one's business, or deal with one under conditions of integrity.\nManufacturers who resort to making things in China or elsewhere, often find that if they want to replicate the quality of work they are used to, they have to pay more - to get equivalent quality materials, and equivalent quality workmanship. Of course, if quality is not their first concern then the product cost may suit them well - even if it doesn't suit the consumer.\nGovernments and taxpayers who cut corners inevitably wind up in the same sink hole. You get what you pay for.\nI'm against any further austerity measures or the rolling-back of protections for the environment in any way.\n"
    },
    "17149": {
        "url": "/comment/17149",
        "comment": "\u201cRemove Schedule 10 from Bill 66, which allows municipalities to override provisions in the Greenbelt Act, Clean Water Act, Lake Simcoe Act, Oak Ridges Moraine Conservation Act and Great Lakes Protection Act.\nThe safety of our drinking water and the integrity of the Greenbelt should not be undermined by Bill 66. Schedule 10 compromises critical environmental protections and undermines public health. It should be completely stricken from the legislation.\n"
    },
    "17152": {
        "url": "/comment/17152",
        "comment": "During the election, Doug Ford promised to protect the Greenbelt and you recently released a \u201cMade in Ontario\u201d Environment Plan which made the same commitment. However, your \"Open For Business\" planning tool clearly places Ontario's Greenbelt in danger of development and environmental degradation.\nProvincial and municipal data show there is enough land already available in our towns and cities for our housing needs up to 2041. There is also a surplus of land for new businesses and we should be encouraging investment in these areas. By building within our existing towns and cities throughout the Greater Golden Horseshoe we can increase the supply of affordable housing and jobs in our existing serviced communities while holding firm on urban boundaries.\nProtected farmland supplies local food and enhances food security at a time when prices are rising and supplies from other countries are increasingly threatened. Farming is also economically important and provides jobs to thousands. Sprawl onto farmland destroys farm businesses and farm communities.\nWater is critical to human survival. Opening areas that have been protected for the safety of our drinking water to development threatens our long term health and increases flood risks.\nNatural areas provide habitat for wildlife, sequester carbon and mitigate climate change, provide recreation and clean our air.\nOnce gone, farmland and natural areas are gone forever. Please keep your promise and change Bill 66.\n"
    },
    "17154": {
        "url": "/comment/17154",
        "comment": "Ontario has a rich history of occupation that dates back more than 12,000 years. The archaeological assessments completed each year in advance of development help fill in the gaps in the story of our Province, Indigenous Peoples and more recent settlers. Archaeology gives a voice to many who have\n been written out of the history of our Province. Indigenous and descendant community participation in the process of archaeological investigation has recently amplified that voice. Bill 66 threatens to allow municipalities to opt out of provisions within the\n Planning Act, including the Provincial Policy Statement (2014) which require many of the assessments that are completed.\n Under Bill 66, a municipality will be able to circumvent Subsection 3(5) and Section 24 of the Planning Act which give authority to the Provincial Policy Statement (2014) and Official Plan requirements respectively. The protection of heritage is a mandatory provincial interest under the Ontario\n Heritage Act, not a decision of convenience at a municipal level. Bill 66 needs to be amended to restore the requirements that protect our heritage for the generations to come.\n"
    }
}