{
    "13920": {
        "url": "/comment/13920",
        "comment": "As a resident and taxpayer of Ontario, I cannot and will not support this bill. There is too much here crammed into one document. And for a Government \"For the People\" there is a lot here that is certainly not for the residents of Ontario.\nThe obscene amounts of negative impact that this will have on our Provinces environment and therefore health of it's citizens is staggering. Water and lake protections, toxic dumping, greenbelt protections all being reduced or taken back? This is not for the people or the Province. This will have long lasting negative impacts and harm us all.\nThis bill is not for the people when you take away even more workplace protections and the safety of children as well. You don't even want a poster or sign informing workers of their rights in their workplace? How is that for the people? It's not. Full stop. This bill wants to to increase the amount of children under a single care worker and take and supervision. It's just evil and harmful to Ontario families.\nThis bill is not for the people when you want to repeal the wireless act to make it harder for the people to understand and read a contract. There are thousands of complaints a year for each provider in Ontario and this bill wants to make it harder for consumers to be protected.\nThis bill will do nothing for the people of Ontario and by that I mean the vast majority of it's 14.9 million residents. It's harmful to our environment, health and finances on the individual level and will only benefit corporations, developers and businesses. This is not a Government for the People, it's for the Corporate. This bill should be rewritten from the ground up at worst. At best, taken off the table.\n"
    },
    "13929": {
        "url": "/comment/13929",
        "comment": "Stimulating business is short-sighted when it comes at the expense of public land and waterways. Ontario's 'competitiveness' is not it's businesses, it is the province's beautiful natural resources and people. To reduce so-called 'red tape' in a way that harms our environment should be unacceptable. It puts business profits above the lives of Ontarians. A government that self-labels itself as Ontario's \"first ever Government for the People\" should do better.\n"
    },
    "13930": {
        "url": "/comment/13930",
        "comment": "A lot of these rules were added because PEOPLE DIED WHEN WE DIDN'T HAVE THEM.  Remember Walkerton, Canadas largest public health disasters in the country?  Or how child care rules were changed BECAUSE CHILDREN DIED?  Business cant be trusted to regulate themselves.\nThis is pure insanity and absolutely embarrassing.\n"
    },
    "13952": {
        "url": "/comment/13952",
        "comment": "Why are you no longer requiring employers to publicly display the ESA poster? As a youth, in my first years of employment at a fast food restaurant, the ONLY reason I became aware of my rights as an employee was because I happened to see the ESA poster in the break room. I didn't even know I HAD rights, and unless I saw the poster, I wouldn't have known what they were. It's extremely important to publicly display the employee's rights, because many of us, especially younger people and immigrants may be completely unaware of them and could thus be taken advantage of by their employers. Making workers more susceptible to abuse is NOT business friendly in any way, shape or form. All it is is opening the door to exploitation.\n"
    },
    "13968": {
        "url": "/comment/13968",
        "comment": "Bill 66 does not reflect a sound way to approach Planning or environmental protection. Provisions allowing for special ZBL to be passed that bypass environmental protections are a dangerous precedent to allow.\nThe Green Belt and the Oak Ridges Moraine need to be protected for our future generations.\n"
    },
    "13971": {
        "url": "/comment/13971",
        "comment": "The work of this government has continued to disgust me. How does this help make Ontario better? We no longer need skilled workers who understand and follow safety regulations. Doug Ford has no care for the people of this province and just wished to make things easier for his rich criminal friends to get ahead.\nThe rest of the PC MPP should be ashamed of allowing him to get away with this and having no backbone to stand up for what is right. I am concerned for the future of this Province and what we are leaving behind for future generations, although it's clear Mr. Ford and all PC MPPs don't care at all. Disgusting.\n"
    },
    "13972": {
        "url": "/comment/13972",
        "comment": "The roll back of protections here is vile and reprehensible, intended to turn a quick profit for Doug Ford and his cronies at the expense of people's health and safety.\nBusinesses can and have functioned profitably without exposing people to hazardous conditions or destroying the environment.  Our government should be looking  at how Ontario can move into the future, not cling to outdated processes and methods out of laziness and greed.\nDisgusting.\n"
    }
}