{
    "19959": {
        "url": "/comment/19959",
        "comment": "Every single time our elected officials decide to weaken or eliminate safeguards and protections people end up getting sick or injured, or die.\nDo the right thing, the actual conservative thing, and conserve our safety and health and those of the entire community now and for generations to come, and rather than roll back regulations, strengthen them and focus them for the greatest and most effective positive outcome for the most people.\n"
    },
    "19962": {
        "url": "/comment/19962",
        "comment": "I am writing to you to ask that you keep your promise to protect the Greenbelt and therefore call back legislature and introduce a new Bill 66 that stops the attacks on the Greenbelt, Oak Ridges Moraine, Lake Simcoe, Source Water Protection Areas and other important protected farm and natural areas to development.\nDuring the election, you promised to protect the Greenbelt and you recently released a \u201cMade in Ontario\u201d Environment Plan which made the same commitment.\nProvincial and municipal data show there is enough land already available in our towns and cities for our housing needs up to 2041. There is also a surplus of land for new businesses and we should be encouraging investment in these areas. By building within our existing towns and cities throughout the Greater Golden Horseshoe we can increase the supply of affordable housing and jobs in our existing serviced communities while holding firm on urban boundaries.\nProtected farmland supplies local food and enhances food security at a time when prices are rising and supplies from other countries are increasingly threatened. Farming is also economically important and provides jobs to thousands. Sprawl onto farmland destroys farm businesses and farm communities.\nWater is critical to human survival. Opening areas that have been protected for the safety of our drinking water to development threatens our long term health and increases flood risks.\nNatural areas provide habitat for wildlife, sequester carbon and mitigate climate change, provide recreation and clean our air.\nOnce gone, farmland and natural areas are gone forever. Please keep your promise and change Bill 66.\n"
    },
    "19964": {
        "url": "/comment/19964",
        "comment": "I am writing because I am opposed to \u201cBill 66, Restoring Ontario\u2019s Competitiveness Act, 2018\u201d along with the proposed regulations associated with the \u201cOpen-for-business planning tool\u201d My expertise is in archaeology and cultural heritage management and these proposals could negatively, and dramatically, impact Ontario\u2019s cultural heritage along with negatively impacting those employed in identifying, preserving, and protecting that heritage. Beyond negatively impacting Ontario\u2019s cultural heritage, these proposals also seem to put the people and environment of Ontario at risk.\nThe biggest issue with these proposals is in their underlying philosophy. The philosophy evident in the proposals is that the solution to real issues is to reduce regulations. Regulations exist for a reason, and these proposals do not take into account the reasons those regulations exist. Regulations may be improved, but they shouldn\u2019t be removed without further addressing their reason for existing in the first place. The philosophy underlying these proposals demonstrates lazy government. Rather than addressing problems through well informed processes, these proposals attempt to address a limited number of issues while simultaneously disregarding issues which the existing regulations address.\nI would fully support improving regulations to benefit everyone, but these regulations seem to only benefit a few at the cost of the health and safety of people, the environment, and cultural heritage.\nI have worked with legislative planning around issues of cultural and environmental heritage in the United States, United Kingdom, and now Canada. These are the worst proposals I have seen in my career. Please work to keep this legislation from passing. Thank you for your time and consideration.\n"
    },
    "19966": {
        "url": "/comment/19966",
        "comment": "Bill 66 should not allow for development of the Greenbelt.  Municipalities should not be given this power.  In fact, no government should.    I don\u2019t want the Greenbelt - home to 5,500 farms, 78 species at risk and 102 million tonnes of carbon storage - carved up with factories and subdivisions.   We need to preserve this land rather than look at short term economics.\n"
    },
    "19968": {
        "url": "/comment/19968",
        "comment": "I don't see how the proposed amendments can be considered \"for the people\" unless \"the people\" are limited to those who find current regulations inconvenient, and who would see improved profits if current protections were to be relaxed.\nThe current government does not seem to comprehend (or perhaps comprehends too well) that when given free reign, a business will take any advantage in seeking to maximise profitability. Several of the proposed changes (for instance increasing the number of children an unlicensed carer may mind, or eliminating Greenbelt development bans) are in place not because they're \"good for business\", but precisely because it is clear that if we don't protect children and the environment they'll be exploited.\nThe cynical titling of the proposed act attempts to distract from the unfortunate contents. I fail to see how any of this can be reducing \"red tape\" or acting in the best interests of Ontarians in general.\n"
    },
    "19972": {
        "url": "/comment/19972",
        "comment": "Schedule 10 of Bill 66 needs to be amended by adding the following to the list in the new proposed\nsubsection 34.1(6) of the Planning Act:\n\u201cSection 13 of the Niagara Escarpment Planning and Development Act\u201d\nThe NEPDA was basically the precursor to the Oak Ridges Moraine Act so if the ORMA is included in this section, clearly the NEPDA should be included too.  A similar argument can be made about he similarity of the inclusion of the Greenbelt Act.\nThe NEPDA has put unnecessary restrictions on businesses that fall within in its orbit.  For instance, wineries in the NEPDA are restricted from having ancillary services, like restaurants.  The Commissioners use the act to direct a winery owner who would like to add on premises food services, to how many seats they may have and what they may have on their menus.  This was never intended when the NEPDA was brought into existence.\nThe NEPDA causes lengthy delays to development in any area it touches; some have to wait 10 years to amend the NEPDA plan, this too should be amended.  There is no logic to telling an investor who wants to create jobs, for example, by building a ski hill complex, which is in keeping with some that are already within the NEP area, that in order to ask the Commission to change the designation of his/her property from 'escarpment rural' to 'escarpment recreational', that they have to wait for one point in time, every 10 years, when the Plan is opened up for possible amendment.\n"
    },
    "19975": {
        "url": "/comment/19975",
        "comment": "To: The Honourable Doug Ford, Premier of Ontario, the Honourable Steve Clark, Minister of Municipal Affairs, and Honourable Rod Phillips, Minister of Environment, Conservation and Parks.\nRe: Bill 66, the Restoring Ontario\u2019s Competitiveness Act, 2018/ EBR Registry number 013-4293\nThe Ontario Municipal Water Association (OMWA) supports the actions of our Provincial Government and further supports the concept of Bill 66 in principle, but requests that the Ontario government give consideration to the concerns expressed by our member municipalities and associates about the potential for revoking, reducing or weakening environmental controls in the proposed legislation.\nBased on comments and motions passed by our members and other Ontario municipalities, we offer the following for comment on the proposed legislation:\nWe encourage the government to retain current standards, policies and legislation that protect Natural Heritage Features and Areas, including the Greenbelt, to protect significant wetlands, significant coastal wetlands, fish habitat, significant woodlands significant valley lands, habitat of endangered and threatened species, significant wildlife habitat, and significant areas of natural and scientific interest.\nWe recommend that Great Lakes Protection Act, 2015 (especially Section 20) be retained and not de-regulated, revoked, compromised, bypassed or weakened.\nWe suggest the Toxics Reduction Act, 2009 be retained and not de-regulated, revoked, compromised, bypassed or weakened.\nIn keeping with our mandate around the circle of water we are concerned about maintaining Ontario\u2019s existing drinking water standards to ensure the continued security and safety of our drinking water. We recommend that neither the Clean Water Act, 2006 (particularly Section 39) nor any drinking water source protection plan prepared under the Clean Water Act be de-regulated, revoked, compromised or bypassed.\nRespectfully, on behalf of The Ontario Municipal Water Association\n"
    },
    "19976": {
        "url": "/comment/19976",
        "comment": "Dear Mr . Helfinger, Please find enclosed my comments regarding Bill 66, The proposed legislation would override critical requirements, under several provincial laws and policies that are designed to protect water, farmland, natural heritage and human health. It would do so in a fashion that undermines fair, consistent and transparent public engagement in  decision-making and sets the stage for costly property tax increases to subdize economically inefficient sprawl development.I  am concerned  for instance in particular about underground pipes leaking and causing toxic contamination to our ground water  and soil.  If Bill 66 is passed it will  put the  Oak Ridge's Moraine ground water  in Danger, this system of wetlands kettle lakes and ponds covers over 1900 square kilometers  the headwaters to more than 30 rivers.  Bill 66 puts our natural areas and water sources at risk. These and other outcomes of Bill 66 would run contrary to interests and desires of the people of Ontario: a 2016 Nanos poll found that 90 percent of Ontarians believe the government is responsible to ensure a healthy environment for all, and 97 percent support the right to clean air and water. I am concerned if Bill 66 passes municipalities will face uncertain outcomes and unpredictable cost in relations to water clean -up, natural heritage, toxic  spills to agriculture lands, well water contamination   ( my mom is on well water in Newcastle ON).  I am concerned if bill 66 is passed, this will cause even more harm and destruction to our threatened species habitat. We have valued country side, the Greenbelt legislation protects areas like the Holland March which produces over $50 million popular vegetable in very fertile soil. Bill 66 would open up precious  farmland . I  would appreciate you advising on updates on this issue and also let me know any other interested parties who may be approaching you with their concerns. Thank you\n"
    },
    "19979": {
        "url": "/comment/19979",
        "comment": "To whom it may concern.\nI am deeply concerned by the many changes proposed by Bill 66. I will comment briefly on what most disturbs me, which is with regard to the changes brought forward in Schedule 10. I would also like to register my disagreement regarding the government's use of an omnibus bill in this regard, noting that such a tactic has traditionally been used more for legislative housekeeping, so to speak, than for substantive changes of the sort currently proposed.\nI would first like to assert that the wealth of Ontario is directly related to the health and well-being of its residents. The numerous Acts that Schedule 10 provides a method of over-riding are core to ensuring this health and well-being. Accordingly, if Schedule 10 is meant to promote the health and well-being of Ontarians, the objective and the method for reading it are not in agreement.\nContinuing on this theme of method not fitting with means, the stated intention of reducing legislation duplication isn't support by the fact of the Bill, specifically Schedule 10, and the numerous assertions by members of the government, such as MPP Doug Downey and MPP Sam Oosterhoff, that the Greenbelt will not be touched. Why include a provision if there is no intention of it being used? Wouldn't this be an example of exactly the type of needless regulation the government has stated its the intent of Bill 66 to reduce?\nI should clarify that I don't believe the assertion that certain provisions in the Bill won't be used. One of the big problems with Bill 66 is it places power in the hands of politicians, rather than vesting them in regulations. I know this has been the case with Ministerial zoning orders and whatnot, but Bill 66 takes it much farther by devolving the request point to the municipalities, which focuses pressure to develop on bodies often desperate for the funding that development can bring ( desperate for funding often as a result of past poor planning decisions), and by making the process by which said requests and approvals are committed far more opaque. Under these conditions there is no telling what might happen, either at the Ministerial level or at the municipal level.\nFinally, I will point to the lack of need for employment lands, particularly in Simcoe County, where I live. The County's own land budget shows a surplus of employment lands forecast through 2031. There simply is no need to risk the protections afforded Ontarians by the Acts included in Schedule 10 - the cost, or risk, of doing so is far outweighed by the benefit of certainty those Acts currently provide.\nRespectfully, I ask that Schedule 10 be removed entirely from Bill 66, and that the government re-commit to prudent and careful planning, including protection of water, Lake Simcoe, and the Greenbelt, that is so clearly in the best interest of Ontarians.\nFor your information I have attached the land budgets for the municipalities of Simcoe County, which show the forecast needs are easily met without requirement for the provisions included in Schedule 10 of Bill 66.\n"
    },
    "19980": {
        "url": "/comment/19980",
        "comment": "I support the submission of BurlingtonGreen Environmental Association with respect to Bill 66.\nYours,\nBurlington, Ontario resident, 39 y-o male\n"
    },
    "19981": {
        "url": "/comment/19981",
        "comment": "Re: Bill 66, the Restoring Ontario\u2019s Competitiveness Act, 2018/ EBR Registry number 013-4293\nI am opposed to the Ontario government weakening or removing environmental controls in the proposed legislation (Bill 66). Doing so not only threatens the health and well-being of our residents, but puts municipalities in a position of potential litigation over development. Existing controls in the Planning Act and other laws and policies should be strengthened, not weakened.\nI would prefer to see the province continue to fully protect Natural Heritage Features and Areas, including the Greenbelt, to protect significant wetlands, significant coastal wetlands, fish habitat, significant woodlands significant valley lands, habitat of endangered and threatened species, significant wildlife habitat, and significant areas of natural and scientific interest. These are irreplaceable and a public trust. If you allow them to be destroyed or developed, if you allow our sensitive environmental areas to be compromised, we can never get them back.\nI oppose allowing development on identified \u201chazard lands\u201d as a matter of public health and safety.\nThe Great Lakes Protection Act, 2015 (especially Section 20) is necessary to the vitality and environmental quality of our largest source of fresh water. The existing Act should be retained and strengthened. I oppose doing anything to de-regulate, revoke, compromise, bypass or weaken that legislation.\nPlease retain and strengthen the Toxics Reduction Act, 2009. It should not be not de-regulated, revoked, compromised, bypassed or weakened because doing so will compromise public health and safety.\nIt is crucial that the province maintain Ontario\u2019s existing drinking water standards to ensure the continued security and safety of our drinking water. The government should instead assure residents that those standards will be upheld in this and future legislation. We do not walk another Walkerton event here.\nPlease do nothing to weaken, compromise, revoke or bypass the Clean Water Act, 2006 (particularly Section 39) nor allow any drinking water source protection plan prepared under the Clean Water Act to be weakened or bypassed.\n"
    },
    "19983": {
        "url": "/comment/19983",
        "comment": "This bill, if passed will result in the dismantlement of a finely tune system of community planning.\nThe passing of a Open for Business Zoning By-laws will have a dramatic impact on what Ontarions expected :  that the preservation of farmland, and necessary protections for groundwater to guarantee the health of people in Ontario would be maintained.  That is what Mr. Ford campaigned on.\nIt will impact the already shrinking supply of farmland as well as it will encourage urban sprawl.  (From a planning perspective we know that this approach cost a municipality more than it gains in taxes.) Further it will impact on ground / drinking water as water aquifers do not respect municipal boundaries but rather geographic boundaries.  A decision by one municipality can impact downstream municipalities. This would be without any consultation and the downstream (or down aquifer) municipalities or even citizens within the enacting municipality would have no notice until the ground water was contaminated.\nFurther the clean Water act was enacted to prevent the deaths that occurred in Walkerton. Does the threshold of 50 or 100 jobs as spelled out in the bill justify the risks and damage to decades worth of protection on areas and systems that were designated after scientific study.\nBill 66 has no basis in science and instead relies on the hope the proposed bylaws will not impact precious and irreplaceable resources that our communities rely on.\nFarmland constitutes about half the land area of the Greater Golden Horseshoe and represents one of the most important economic sectors of the region. In 2011 alone, agricultural production in the GGH brought $6.3 billion into the economy. It is also a significant employer, with 35,000 employees in 2011, representing 39 per cent of Ontario\u2019s employment in this sector. The Greenbelt farms are particularly productive, for a variety of reasons, and produce an average of 55 per cent of Ontario\u2019s fruit and 13 per cent of its vegetables.  How is this not significant to the future of our communities and the employment base.\nThe more farmland lost to speculation and developers the less is available to existing and potentially new farmers. One of the major impediments to new farmers wanting to enter the business is the cost of land.  Is Mr. Ford's government not concerned that if our food producing lands continue to be paved over we will reduce our agri business and reduce our ability to feed ourselves.\nBy allowing municipalities to pass bylaws that would exempt developers from compliance with higher order planning documents and legislation, Bill 66 would reduce farmers\u2019 access to an already limited resource and, at worst, displace farm businesses and limit the possibility of economic growth, not only of the agriculture sector, but of the province as a whole. Prime farmland is not a renewable resource.\n"
    },
    "19985": {
        "url": "/comment/19985",
        "comment": "I am opposed to Bill 66. The Ontario Government claims it will just eliminate red tape but it will pose significant risks for the health and well-being of Ontarians by allowing large corporate interests to ignore important regulations in the Clean Water Act, the Great Lakes Protection Act and the Toxics Reduction Act, as well as open up the Greenbelt for development. These are regulations that are meant to protect us and our environment, and in some cases to save lives.\nHere are just a few things at risk:\n- Clean drinking water. Bill 66 would let corporations ignore protections like the Clean Water Act -- which was put in place after the tragedy in Walkerton where seven people died and thousands made sick from E. coli poisoning. The bill puts real lives in danger with the threat of drinking water contamination.\n- Ontario\u2019s Greenbelt. Those 2 million acres of tranquil, protected nature \u2014 that grow our food, provide habitat for endangered species, and hiking trails for nature walks \u2014 would be opened up for major industrial development and urban sprawl. This will endanger the water supply of many large municipalities such as Toronto. Sprawl will encourage more cars on the road, more gridlock and more pollution.\n- The Great Lakes \u2014 which house one fifth of the world\u2019s freshwater and supply Ontarians with 80% of our drinking water, would be threatened with harmful pollutants, toxic chemicals, and greater wetlands loss, making them less swimmable, drinkable, and fishable.\n- Child-care protections: Bill 66 changes the number of babies \u2014 children under the age of 2 \u2014 that can be cared for by a single adult in an unlicensed home-based daycare from two to three. The existing regulation came into effect in 2015, after children died in unlicensed daycares. Removing barriers to more daycare spots is a worthy goal, but not if it sacrifices the safety of small children.\nContrary to its claims, Bill 66 is not about just addressing administrative excess or paperwork. It is eliminating or exempting companies from rules that were put in place to save lives \u2014 rules about about labour regulation, child protection, clean water safeguards, even the greenbelt legislation the provincial Progressive Conservatives promised on the campaign trail they would protect \u201cin its entirety.\u201d\nBill 66 should be scrapped, and the government should hold an open discussion in the Ontario Legislature, with non-profit and advocacy groups working for better health and social conditions in the province, and with the people on Ontario on how to achieve its aims for a better life for all residents of Ontario.\n"
    },
    "19989": {
        "url": "/comment/19989",
        "comment": "I have mixed feelings about Bill 66. I am concerned that if businesses circumvent the Clean Water Act, our water quality could be compromised. I am also adamant that the Great Lakes Protection Act should be respected. However, since there is some indication that the Toxics Reductions Act stopped working in recent years, I am not that concerned about it. I would ask that whatever is decided in terms of environmental protection, ambitious or less robust than many (including me) would desire that at least there is long-term and meaningful monitoring and oversight. I would also encourage Minister Rod Phillips to continue his good work in building trust between the development and environmental sectors. In the end, I would rather face the challenge of building homes on Greenbelt lands sustainably as a result of Bill 66 than witness the quiet approval of the dumping of toxic dirt in them or the building of highways that mar my nature walks but that I can't even afford to use.\n"
    },
    "19991": {
        "url": "/comment/19991",
        "comment": "Please see the attached document which outlines Conservation Ontario's comments on the proposed Bill 66, Restoring Ontario's Competitiveness Act (EBR#013-4293), the Proposed Open-for-business Planning Tool (EBR#013-4125), and the proposed New Regulation under the Planning Act for open-for-business planning tool (EBR#013-4239). Conservation Ontario thanks the province for the opportunity to comment on these proposals.\n"
    },
    "19994": {
        "url": "/comment/19994",
        "comment": "Bill 66 is only going to put us back from decades of hard work to making the environment a better and safe place. My family does not approve of this bill. The green belt is a place of peace and nature, not one for factories. This bill is only going going to benefit a few and you\u2019ll cover it up saying it will offer jobs. However, you are destroying our children\u2019s future and health. I will not support this for I want my child to live in a world that will support the environment and not destroy it further. Shame on you.\n"
    }
}