{
    "14285": {
        "url": "/comment/14285",
        "comment": "I do not support Bill-66. Protection for the Greenbelt was promised by Ford's Government in the 2018 campaign. However, Bill-66 could enable development in these protected lands. Protected land is few and far between within the GTA. It is important we do what we can to keep natural corridors within the sprawl for vital reasons. Local food, sensitive habitats, spaces for pollinators, clean water, insect life, natural places for the citizen wellness, thriving economies.... the list goes on. In a time when our environment is degrading rapidly due to our human wants, it is in our hands to do everything we can to lessen the impact we have. Bill-66 does not comply with the Ontario's Climate Change Action Plan. In fact, it does everything but help protect. We need to be leaders of change. We have the technology and resources to make a better world. Stripping people, plants and animals of natural land strictly for capital gain is what has lead us to the deteriorated environment we are living in today. We are passed the tipping point. We need to take action. We need to discontinue the model we have been using. More than 90% of Ontarians agree the Greenbelt is one of the most important contributions to the future of the province.\nPlease, we must do what we can locally and hope others follow suit. It is the only possible way we will survive this mess we have created.\nShannon\n"
    },
    "14287": {
        "url": "/comment/14287",
        "comment": "The  deregulations proposed in Bill 66 are disgraceful. This Bill promotes greed for the few and puts my safety and the safety of all Ontarian's in jeopardy. I don't want to live in a Province that supports unregulated labourers, has no regard for the protection of the green belt or clean drinking water and lets employers get away with taking advantage of their employees.\nYou're threatening our livelihoods Doug Ford!\nDo not let Bill 66 pass.\n"
    },
    "14295": {
        "url": "/comment/14295",
        "comment": "We cannot put money or job creation above public health. Our community relies on our natural environment and systems for generations to come. We cannot jeopardize this foundational aspect to our livelihood to benefit companies in the short term. Standards like the Toxics Protection Act are critical in serving as a disincentive to polluting for profit. There are many downstream costs to unregulated pollution of toxins in our waterways that may far outweigh the cost savings or job growth for businesses in the short term.\n"
    },
    "14297": {
        "url": "/comment/14297",
        "comment": "I am disgusted that the provincial government is working to undermine important regulations that protect the environment and human lives with this bill. Many of these regulations were put into place because lives were lost or threatened. I do not consider that to be \"unnecessary red tape\". Furthermore, I am deeply disturbed that after pledging to leave the greenbelt alone, industry is now being given a pass to raze it. I am concerned that our government does not seem to understand the vital importance of green spaces and their important contributions to human health, safety, and wellbeing.\nJobs cannot come at the expense of human health and safety, including at the expense of the safe and clean environment we all depend upon to survive and live life. That is not putting the people of Ontario first. I would strongly urge the government to reconsider what it considers to be \"unnecessary regulation\" and stand up for the safety of Ontarians and the integrity of our environment by not passing this bill, at least not as it presently stands.\n"
    },
    "14306": {
        "url": "/comment/14306",
        "comment": "This proposed legislation scares me. Over the last while, nothing being done by this government seem at all \"for the people\". My employment is now more at risk than it was before, and as a sole support parent, I have never been more afraid for my and my sons future than I am now. Stop focusing solely on what you think businesses want and consider the human factor. Never once in the last 15 years did I experience any regret about moving back here to Ontario from New Brunswick until this new government started making changes. Things are becoming more unsafe and more about putting more money in rich people's pockets than it is about helping people like me. I'm ashamed of Ontario right now. Toss this proposal out and start thinking about how to move forward that considers business AND the people who work there, use their money there and share their community.\n"
    },
    "14309": {
        "url": "/comment/14309",
        "comment": "Do not roll back the new  benefits already given to workers in this great province. It is costly and makes little sense to remove the protections that were already given to workers (ie 2 PEL days). Many employers such as mine, have already implemented them and by removing them there is added cost and administrative burden.\n"
    },
    "14318": {
        "url": "/comment/14318",
        "comment": "Environmental protections are necessary and need to be considered before developing. We have many sensitive species and habitats that need to be protected. If these areas are not protected then we are endangering the functioning of our environment and putting people's health at risk. Having healthy ecosystems helps functions such as water purification, erosion control, and the protection of endangered species. Do not repeal our environmental protections.\n"
    },
    "14332": {
        "url": "/comment/14332",
        "comment": "It seems that this act is geared less towards the people of Ontario, and more to the corporations.  Removing the protections given to workers and trying to \"streamline\" work, which means attempting to use technology over humans does not make Ontario more competitive.  Affordable child care does not mean placing more children with less workers, that would only cause more problems as workers would then raise pricing as they deserve as it would be added stress.\nMany of these \"ideas\" aren't very well thought out and that does not surprise me, as the current Premier seems to be thinking more of his pockets than the people.\n"
    },
    "14337": {
        "url": "/comment/14337",
        "comment": "Hello,\nI'd like to share my thoughts and concerns on Bill 66:\n-Schedule 3: home daycares are typically unlicensed and the number of children allowed in these care situations were reduced due to horrific circumstances where some children were killed/died from neglect. Having access to affordable childcare is only worthwhile if that childcare is safe. You should consider increasing subsidies for daycare instead. I can tell you with certainty that if I'm choosing between childcare where I know my child will have proper supervision vs. where they may not, I would choose proper supervision even to the detriment of my bank account.\n-Schedule 5: reducing environmental and pollution restrictions on business is not a solution. If anything this has the potential to improve business OVER THE SHORT TERM, while irrevocably destroying our environment over the long term. This will negatively impact our environment and will have detrimental impacts on the health of Ontarians into the future.\n-Schedule 7: I seriously question whether repealing the Wireless Services Agreement will draw business to Ontario. If anything, this will make it harder for smaller companies to compete and will force consumers into longer, more expensive agreements (reducing their consumer spending elsewhere, which has been proven to negatively impact economies)\n-Schedule 9: I'm not even sure where to start on this one, but we are absolutely not in a position to put the rights of businesses over the rights of citizens & workers in Ontario. Reducing employment standards is not a solution nor should it even be a consideration. If the goal of the Ontario government is reduce the quality of life for people living & working here, then you will succeed. But these changes put our provinces most vulnerable at even greater risk.\nOverall, from what I can see changes are being recommended and positioned that will make things easier and more profitable for businesses (and by extension some of the most wealthy in the province), but what these changes will also do is put the most vulnerable in the province at even greater risk. Increasing the number of children per private daycare worker will not make affordable childcare accessible to people, it will put them in a position of needing to choose between the safest option for their child and the more affordable option. It will put tiny children at risk of injury or death. Stopping employers from needing to post employment standards posters will not make people aware of their rights and of the obligations of their employer; it will simply make it easier for companies and businesses to abuse their people. This will put the blue-collar Ontario workers that you vowed to protect at a greater risk of serious injury or death. Reducing environmental standards for companies will mean that we don't have an Ontario to look forward to. This isn't a choice that should be made, you should be holding companies to a higher standard to protect the environment for future generations. What benefit is there to having free healthcare or education if we can't go outside?\n"
    },
    "14339": {
        "url": "/comment/14339",
        "comment": "Your proposed changes to child care (increasing the number of children) will result in less care per child and an increased likelihood that children will be more exposed to dangerous situations.\nYou're removing protections put in place for the  Greenbelt for the search for profiting. So far, every bill your government has introduced seems to be against the public interest, and for capital gain.\nWhat a shameful way to run our government.\n"
    },
    "14344": {
        "url": "/comment/14344",
        "comment": "These environmental regulations were put in for a reason - to protect the environment. With increased degradation of the environment and more and more species ending up on the endangered species list I do not see how suggesting we should weaken environmental regulations are a good idea.\nThe current environmental regulations clearly do not limit development. We are continuously developing new areas and the sprawl of suburban development is apparent around the GTA, and in the cities with ever more condos going up.\nI strongly disagree with this governments actions on the environment and I think this is a dangerous action to take. This weakens basic protections for pollution which has obvious implications for human health and the health of the environment.\n"
    }
}