{
    "18403": {
        "url": "/comment/18403",
        "comment": "I am deeply disappointed that Doug Ford would backtrack on his promise not to develop the Greenbelt. There are provisions of Bill 66, namely Section 10, that would allow for the Greenbelt, Oak Ridges, Lake Simcoe and sources water areas to be impacted by industrial development that is clearly not needed. We have enough land zoned for several years to meet our current and future needs. This Bill will set planning back in Ontario by several decades.\n"
    },
    "18407": {
        "url": "/comment/18407",
        "comment": "We have little enough greenspace as it is, Ontario has some of the most arable land in Canada and we must preserve it. Land really belongs to everyone, and we should share it and maintain it responsibly. We should not pave over ever dang inch of the world. We need trees and greenery for our air, for global climate, and for our overall mental health as well. Not everyone has a cottage they can escape to, the city/province needs a balance of houses/development and parks.\n"
    },
    "18408": {
        "url": "/comment/18408",
        "comment": "I ask that the government not pass Bill66. This is a very short sighted Bill- we need the green spaces for air purifiers, to protect animal and plant diversity and for our own sanity. We also need to keep all aspects of the clean water act- especially those elements that protect our source water used for drinking. These elements follow Justice O\u2019Connor\u2019a recommendations in response to the Walkerton tragedy. We really don\u2019t want to make Ontario vulnerable to another outbreak.  Thank you\n"
    },
    "18410": {
        "url": "/comment/18410",
        "comment": "Remove Schedule 10 from Bill 66, which allows municipalities to override provisions in the Greenbelt Act, Clean Water Act, Lake Simcoe Act, Oak Ridges Moraine Conservation Act and Great Lakes Protection Act.\nOpen for business does not have to include lack of respect for the planet and it's natural environment.\n"
    },
    "18415": {
        "url": "/comment/18415",
        "comment": "The greenbelt needs to be protected in perpetuity.  There is land still available that has not been used for homes or businesses.  This must be used first and then increasing density so that no new land needs to be used.  Remove Schedule 10 from Bill 66, which allows municipalities to override provisions in the Greenbelt Act, Clean Water Act, Lake Simcoe Act, Oak Ridges Moraine Conservation Act and Great Lakes Protection Act.\nThis Act is not MY Ontario.  I'm one of the PEOPLE am I not?\n"
    },
    "18416": {
        "url": "/comment/18416",
        "comment": "Everything in the proposed bill 66 should be scrapped.  It is short sighted and not able to deal with current and future needs as is most of the conservative government.  One should not repeal acts but make them better and stronger to preserve for the future.  Environmental standards should be exceeded not met.  Start something for everyone not just the wealthy 1% who only care about their pocket book and corporate greed. The proposed will not make Ontario more competitive but undesirable\n"
    },
    "18417": {
        "url": "/comment/18417",
        "comment": "Remove Schedule 10 from Bill 66, which allows municipalities to override provisions in the Greenbelt Act, Clean Water Act, Lake Simcoe Act, Oak Ridges Moraine Conservation Act and Great Lakes Protection Act.\nAlso anyone suggesting that employers should be less regulated has never had a real job, the kind you have to do because the bills need paying. No employer I have ever worked for with the exception of my father ever gave a damn about the employees, my father considered himself responsible not just for the individuals on the payroll but every member of their respective household as every decision he made effected them. All the majority of employers ever care about is their own pockets.\nI worked for 12 years as a theatre technician and averaged $3.72/hour because overtime was neither regulated nor paid as it is all contract work. Can you please explain to me how someone is supposed to live on that when 60 hours was a short week, and 80 hours was practically a monthly occurrence?\nAt the rate this conservative government is going the slogan should be:\nMAKE POLLUTION AND SLAVERY GREAT AGAIN!\n"
    },
    "18424": {
        "url": "/comment/18424",
        "comment": "The Greenbelt should be protected for future generations. We can always infill buildings in neighbourhoods. Tear down a building and replace it with a taller one. We can not replace the Greenbelt. We also need to support our farmers and protect farmland. We shouldn\u2019t completely rely on foreign foods.\n"
    },
    "18426": {
        "url": "/comment/18426",
        "comment": "The environment protection rules such as the clean water act were put in place because of problems in the past. they were enacted to ensure that those problems (such as the deaths in Walkerton) do not happen again.  It is foolish to remove them now and just hope that nothing bad happens.\n    Other laws such as those protecting the Greenbelt are there to ensure that future generations will still have natural areas that help produce oxygen and filter and store water.  Please think of the future and not just immediate financial gain.\n"
    },
    "18431": {
        "url": "/comment/18431",
        "comment": "We want Bill 66 halted at once, especially Schedule 10.   Our Greenbelt is not red tape.  Our Protection Acts like CLEAN WATER ACT, OAKRIDGES MORAINE ACT, LAKE SIMCOE ACT and GREAT LAKES ACT are not red tape.\nThese acts were placed here for an extremely important reason and are not to be passed over.  We want to act responsibly for the generations to come, to keep our groundwater safe and clean, our land and our air.\nWe don't want another Walkerton !\nThe Premier said in his campaign that he would not open the Greenbelt.  He is going back on his word.   Ontario citizens are EXTREMELY upset about this.\n"
    }
}