{
    "17158": {
        "url": "/comment/17158",
        "comment": "I live in Paris Ontario.  We moved here 20 years ago - because of the picturesque landscape - - the river, the hills, the trees, surrounding forests.  In the past few years - this is continually being destroyed.  Entire swaths of forest have been cut down for subdivisions.  The gorgeous area in a loop of the river, known as \"Barker's Bush\" is supposedly going to have all it's corn fields (which lie circled within the woods) built into a subdivision.  Prime area along the river near downtown - which could have been made into park / walking area something like in Stratford Ontario - keeps popping up more townhouses and real estate.  Beside our beloved cenotaph - which has remained treasured and the same for decades - a beautiful old theatre has been torn down for ugly modern condos.  I am an Ontarian that does NOT WANT more businesses, jobs, real estate, housing, people moving into small town rural areas!  There are a tonne of deer and other wild life that are continually getting displaced.  I care about the bees, butterflies, wildlife and trees much more than money and businesses!  Why do trees have to be cut down?  Why do you have to ruin these beautiful areas?  Money should be spent on enhancing them!  Make the river side a beautiful place in nature to enjoy!  That would bring tourists to our little shops more than real estate!  You're ruining one of the \"loveliest little towns in Canada\".  I am not happy.  The environment matters to me.  I voted Liberal because of that.  Do not assume that everyone wants water resources, green spaces and farmland changed into subdivisions and businesses.  I DO NOT.  There are lots of urban places to do that in.  The places of nature need to be kept and at any chance possible - worked into any building up - not destroyed.  The north end of Paris with the ugly new subdivision going in looks horrendous!  It looks like Mississauga or Kitchener (another area that is having all its farmland and woods destroyed for ugly subdivisions).  And the south end where they mowed down the pine forest and every little farm around that area, looks equally as ugly. Paris was a beautiful little small town that is quickly being ruined while real estate big shots rub their greedy hands together on making a buck over ever square inch of land around here.  I don't want it.  My voice matters too.  I want to see forests and rural areas for as long as I live here & I don't want to have to move away to find it.  I drove down to Washington DC last summer - how come all their highways and towns are surrounded by trees??  Why can they keep things looking green?  Ontario loves nothing more than to chop down trees.  This area also has a high Six Nations history and culture - where nature is held sacred.  This has to be taken into consideration.  In 20 years, I've come to know a lot of people in my town - and they hate all the subdivisions coming up and the trees being cut down.  Please stop.  Please do not let Bill 66 bypass agricultural protection and threaten our economy. I cannot stress enough how important this is to me and my family and neighbors.\n"
    },
    "17160": {
        "url": "/comment/17160",
        "comment": "I live in Paris, ON.  I do not want Bill 66 to go through, and neither do my neighbours, and neither does our councelors.  Our MMP released a video saying that it would give power to the municipalities, but looking around, the municipalities have read the Bill, and THEY don't want it.\nThere are serious environmental concerns and planning issues with Bill 66.  Do not push it through.  We do not want it.\n"
    },
    "17161": {
        "url": "/comment/17161",
        "comment": "Ontario has a rich history of occupation that dates back more than 12,000 years. The archaeological assessments completed each year in advance of development help fill in the gaps in the story of our Province, Indigenous Peoples and more recent settlers. Archaeology gives a voice to many who have\nbeen written out of the history of our Province. Indigenous and descendant community participation in the process of archaeological investigation has recently amplified that voice. Bill 66 threatens to allow municipalities to opt out of provisions within the Planning Act, including the Provincial Policy Statement (2014) which require many of the assessments that are completed.\nUnder Bill 66, a municipality will be able to circumvent Subsection 3(5) and Section 24 of the Planning Act which give authority to the Provincial Policy Statement (2014) and Official Plan requirements respectively. The protection of heritage is a mandatory provincial interest under the Ontario\nHeritage Act, not a decision of convenience at a municipal level.\nBill 66 needs to be amended to restore the requirements that protect our heritage for the generations to come.\n"
    },
    "17164": {
        "url": "/comment/17164",
        "comment": "Remove Schedule 10 from Bill 66, which allows municipalities to override provisions in the Greenbelt Act, Clean Water Act, Lake Simcoe Act, Oak Ridges Moraine Conservation Act and Great Lakes Protection Act.\nOur green spaces and our waters are highly important to our health, our communities, and our environment. Once they\u2019re gone, we can never get them back. Let citizens continue to have a say in what happens in their own backyards!\n"
    },
    "17165": {
        "url": "/comment/17165",
        "comment": "Hello, I am very happy that our new government is taking initiatives to create a competitive work environment and reduce our debt. However, I fear that this may happen at the expense of the environment. To me, the environment is our #1 priority, even more so than jobs. I'm sure my sentiment is shared among many Canadians. What concerns me is that municipalities will be able to approve development plans that can have a significant impact on the environment without consulting the people first, under this new bill. Please, do not allow this to happen. Let's keep the environment, including our trees and water, a top priority so Ontario can stay clean, sustainable and beautiful, going into the future.\nThanks, have a great day and continue the excellent work! So far this government has been a breath of fresh air. Now let's keep that air fresh!\n"
    },
    "17166": {
        "url": "/comment/17166",
        "comment": "Ontario has a rich history of occupation that dates back more than 12,000 years. The archaeological assessments completed each year in advance of development help fill in the gaps in the story of our Province, Indigenous Peoples and more recent settlers. Archaeology gives a voice to many who have\nbeen written out of the history of our Province. Indigenous and descendant community participation in the process of archaeological investigation has recently amplified that voice. Bill 66 threatens to allow municipalities to opt out of provisions within the Planning Act, including the Provincial Policy Statement (2014) which require many of the assessments that are completed.\nUnder Bill 66, a municipality will be able to circumvent Subsection 3(5) and Section 24 of the Planning Act which give authority to the Provincial Policy Statement (2014) and Official Plan requirements respectively. The protection of heritage is a mandatory provincial interest under the Ontario\nHeritage Act, not a decision of convenience at a municipal level. Bill 66 needs to be amended to restore the requirements that protect our heritage for the generations to come.\nAlso, eliminating it would put me and a lot of my friends out of a job. And aren't you conservatives allllllll about jobs?\n"
    },
    "17167": {
        "url": "/comment/17167",
        "comment": "Will this new legislation, provide clean air, clean safe water, and a continuation of having exceptional farm land a good food.   It is necessary for us citizens to be more than just promised that things will not change.  We have been down this road before into believing  that government  knows best.\n"
    },
    "17168": {
        "url": "/comment/17168",
        "comment": "Please remove Schedule 10 from Bill 66.\nThe municipal planning process is critical to ensure that development is smart and balanced. It is the role of the municipality to encourage business, while ensuring that the environment and societal needs are also met. A clause to expediate development over other interests is not in the best interest of building a successful society over the long term.\nSchedule 10 allows municipalities to override provisions in the Greenbelt Act, Clean Water Act, Lake Simcoe Act, Oak Ridges Moraine Conservation Act and Great Lakes Protection Act.\nThe safety of our drinking water and the integrity of the Greenbelt should not be undermined by Bill 66. Schedule 10 compromises critical environmental protections and undermines public health. It should be completely stricken from the legislation.\n"
    },
    "17169": {
        "url": "/comment/17169",
        "comment": "New jobs, where will they be if we do not have clean fresh air, clean drinking water and ample farmland to grow an abundance of food.  Bill 66 seems to reduce the protections of those very needed everyday necessities.   I am extremely disappointed, that the GREENBELT that holds so much of that farmland, clean water and fresh air is UNDER attack.   Changes can still be made.\n"
    },
    "17170": {
        "url": "/comment/17170",
        "comment": "I'm here to say that our country's Greenbelt is off limits. Damaging the Greenbelt is not a clear or perfect solution compared to the many other possibilities that would help our economy. This reeks of alterior motives. Doug said he'd not touch the Greenbelt and then he changes his mind, as if no one would notice. People's lives are already at stake due to environmental disasters, so please listen to the citizens within our country the next time you write a bill.\n"
    },
    "17172": {
        "url": "/comment/17172",
        "comment": "There is an absolute responsibility we have as a community, a nation, a planet to take climate change seriously and start making REAL changes to our ways NOW. Sure, that can come from individuals making small changes in their day-to-day lives, but the biggest difference is to be made by our leaders who can affect real changes with policies, regulations, and laws.  YOU are in a position of power and of great responsibility.\nWhich is why I want to ask about the changes your government is making to the protection of the greenbelt; a protected greenspace that has remained intact and protected until now.  This is an area of farmland, forests, watersheds, wetlands, and recreation areas for all to use and enjoy.  It is also one of the world's largest and most successful greenspace projects.  Why can't your government appreciate the significance of this? My husband and I grew up in Port Perry which sits right beside the Oak Ridges Moraine, and have memories more than we can count of utilizing that space for recreation, exploring, skiing, fruit-picking, visits to farms, and getting us into and enjoying nature.  Hasty decisions and broken promises from your government threaten this. How is developing the Greenbelt, \"opening Ontario up for business\"? It's a quick fix to an over-arching problem of greed and backwards thinking within your government.  We need to adjust our ways and invest our time and money in new and inventive ways if we want to survive the coming threats of climate change, and cannot continue down this same path.\nWe need to protect our greenspaces which clean the air, protect our watersheds which give us safe drinking water, and protect Ontario's most arable land, which give us food-security. HOW CAN YOUR GOVERNMENT MINIMIZE THIS????\n"
    },
    "17175": {
        "url": "/comment/17175",
        "comment": "Bill 66 is not designed to streamline the processes and structures it addresses. The Bill appears an attempt to reduce red-tape but will likely result in further delays and expose developers to needless liability. The open-for-business bylaws represented in Schedule 10 of Bill 66 in particular, will result in irreparable damage to natural and cultural areas. These areas are long-term investments in the future of the province.\nThe Bill's Schedule 10 changes will have a negative impact on the province's relationships with Indigenous communities, it will impact archaeological and heritage preservation and it will do all of this while putting blinders on developers through the removal of planning documents capable of warning them of their liabilities which will not disappear with those documents.\nTrue efficiencies are much more likely found in harmonizing permit processes, reducing client interaction with government through robust back-end distributions (i.e., ONe-form).\n"
    },
    "17182": {
        "url": "/comment/17182",
        "comment": "Ontario has a rich history of occupation that dates back more than 12,000 years. The archaeological assessments completed each year in advance of development help fill in the gaps in the story of our Province, Indigenous Peoples and more recent settlers. Archaeology gives a voice to many who have\nbeen written out of the history of our Province. Indigenous and descendant community participation in the process of archaeological investigation has recently amplified that voice. Bill 66 threatens to allow municipalities to opt out of provisions within the Planning Act, including the Provincial Policy Statement (2014) which require many of the assessments that are completed.\nUnder Bill 66, a municipality will be able to circumvent Subsection 3(5) and Section 24 of the Planning Act which give authority to the Provincial Policy Statement (2014) and Official Plan requirements respectively.\nThe protection of heritage is a mandatory provincial interest under the Ontario Heritage Act, not a decision of convenience at a municipal level. Bill 66 needs to be amended to restore the requirements that protect our heritage for the generations to come.\n"
    },
    "17183": {
        "url": "/comment/17183",
        "comment": "Remove Schedule 10 from Bill 66, which allows municipalities to override provisions in the:\nGreenbelt Act\nClean Water Act\nLake Simcoe Act\nOak Ridges Moraine Conservation Act\nGreat Lakes Protection Act\nThis bill is basically a Canadian regurgitation of Trump's anti-environmental policies.\nJust because Trump is getting away with it doesn't mean Ford and his bank account can too.\nCanadians want more green space, less sprawl!\nWe hate the concrete jungle and mass of strip malls, storage lockers and cookie cutter subdivisions Ontario is becoming- enough already!\nWildlife need habitat too.\n"
    },
    "17184": {
        "url": "/comment/17184",
        "comment": "As a concerned Ontarian, I worry that Bill 66 will have a negative impact on our fragile ecosystem through unwise development of the Greenbelt and Oak Ridges Moraine. There are many acts in place to protect this important land, such as the Planning Act, the Clean Water Act, the Great Lakes Protection Act, the Greenbelt Act, the Lake Simcoe Protection Act, the Oak Rides Moraine Conservation Act, and the Ontario Planning and Development Act.\nDevelopment for Ontario is good, but not when it cuts corners and threatens the health of our land and people. Please change Bill 66 so that it clearly protects these lands and gives local, municipal authorities the ability to reject development if it will have a negative environmental impact.\nThese Greenbelt areas need to be left alone so they can continue to naturally filter our water, purify our air and provide a connection to the land that our citizens badly need.\n"
    }
}