{
    "19516": {
        "url": "/comment/19516",
        "comment": "Re: Schedule 10 of Bill 66: Restoring Ontario\u2019s Competitiveness Act\nThe Ecological Farmers Association of Ontario (EFAO) is deeply concerned about Article 10 of Bill 66 because it has the potential to convert prime agricultural land to other uses and accelerate the loss of productive farmland in Ontario.\nThe EFAO is an educational non-profit organization with over 500 farmer members across Ontario. For 40 years, EFAO has been providing opportunities for farmer-to-farmer training and mentorship. Our members are passionate about producing healthy food and protecting the environment through the use of farming practices that regenerate the soil, water and biodiversity, eliminate waste and pollution, and reduce energy consumption.\nOur members run prosperous farm businesses that focus almost exclusively on the local market, creating jobs, providing high-quality food to Ontarians and building sustainable rural economies. We believe that the best way to create jobs on prime farmland is to promote profitable and productive farms, not to subvert the policies and regulations put in place to protect farmland. The fact that\u00a0Schedule 10 of Bill 66 would allow municipalities to pass \"open for business\u201d bylaws without any public consultation, without regard to any planning laws or water protection and with no right of appeal, is particularly\u00a0worrying for our members.\nAgricultural lands in Ontario are a precious resource that is already under threat from development. Our member-farmers across the province want to see their lands protected for future generations of farmers, and for all Ontarians.\n"
    },
    "19517": {
        "url": "/comment/19517",
        "comment": "Committee report and response regarding Bill 66\n"
    },
    "19519": {
        "url": "/comment/19519",
        "comment": "The Algonquin to Adirondack Collaborative is an environmental charity which works to protect wildlife and to maintain habitat connectivity for wildlife through the broad region from Algonquin Park in Ontario to the Adirondack Park in New York State. We have over 50 partner organizations and 250 members who support our vision and work with us on a variety of projects including Conservation Action Planning and mitigating the effects of road corridors on wildlife. We envision an Algonquin to Adirondacks region that is resilient, with an ecologically connected landscape which sustains a full range of native wildlife.\nhttp://www.a2acollaborative.org/\nThe negative impact of open-for-business by-laws is far-reaching and profound in the Ontario region of the Algonquin to Adirondacks Corridor. In each case they would override key operative provisions in the laws listed in Schedule 10, undermining fair and consistent application of laws and policies designed to protect drinking water, natural heritage, farmland and watershed health across Ontario, and leaving communities open to unchecked development. For example, policies that would not apply in open-for-business by-law areas include:\n\u2022\tThose addressing significant threats to municipal drinking water (e.g., landfills, sewage systems, and the storage or handling of fuel, fertilizers, manure, pesticides, road salt, organic solvents and other substances on lands near wells or surface water intake pipes used by municipal drinking water systems);\n\u2022\tThose protecting provincially significant wetlands, woodlands and valley lands and habitat of species at risk;\n\u2022\tThose supporting active transportation, affordable housing, green infrastructure and climate resiliency;\n\u2022\tThose protecting key natural heritage features, key hydrologic features, natural core areas and natural linkage areas across the Oak Ridges Moraine.\nUnder the guise of cutting red tape, open-for-business by-laws would bypass legal requirements (Planning Act, Clean Water Act) designed to ensure fair, consistent and transparent public engagement with land-use decisions in our communities. Open-for-business by-laws could be passed without any prior public notice or meetings and could not be appealed to the Local Planning Appeal Tribunal. In other words, by-laws passed behind closed doors would trump laws, policies and municipal official plans developed through extensive and open public consultation. Communities would have no recourse to influence or challenge them.\nFurther, Bill 66 would allow Cabinet (not the Legislature) to add other legal provisions to the list of those in Schedule 10 to be circumvented by open-for-business by-laws, an approach which limits opportunities for transparent public consideration and debate.\nFinally, we question whether there is demand from municipalities for open-for-business by-laws, ostensibly proposed by the government to make more employment lands available. At the Growth Plan implementation consultation held on November 8, 2018 at Queen\u2019s Park many municipalities indicated that they have a surplus of employment lands and would like to see these rezoned for residential. Since the introduction of Bill 66, many municipal leaders (e.g., in Guelph, Aurora, Burlington, Barrie, Oakville, Hamilton, Toronto) have expressed serious concerns about open-for-business by-laws and the circumvention of laws that protect drinking water, farmlands and natural areas and ensure public input and transparency in decision-making.\nIn conclusion, the A2A corridor represents a critical ecological link that provides the connectivity required to maintain important ecological functions, biodiversity and wildlife movement.  Regional ecological connectivity is also a key feature in protecting the landscape against climate change as species move to adapt to changing climatic conditions. If passed and implemented at the municipal level, Bill 66 represents a serious threat to the ecological integrity and connectivity in the A2A corridor as protection for wetlands and other environmental values are bypassed in the interests of open-for-business zones which municipalities have not been asking for or suggesting are necessary for good public planning or policy.\nA high quality and protected natural environmental is critical not only for wildlife and ecological functions, but for our own quality of life.  It should not be set aside in the interests of unnecessary \u201copen-for-business\u201d provisions such as those contained in Bill 66.\n"
    },
    "19520": {
        "url": "/comment/19520",
        "comment": "My family is very disturbed by many of the implications and consequences of the proposed Bill 66.\nIt is a betrayal, to allow developers access to Greenbelt land, which really needs governmental protection!\nFarmland is so precious; once destroyed cannot be replaced.\nWe are angry that shortcuts with safe water and food will be taken; we remember the water poisoning in Walkerton.\nBill 66 endangers our future. Please do not pass this Bill!\n"
    },
    "19522": {
        "url": "/comment/19522",
        "comment": "Report Recommendations:\nThat in consideration of Staff Report CS-19-009 respecting Ontario Bill 66, Restoring Ontario Competiveness Act, 2018 Comment, Community Services Committee:\n1) Receive the report for information purposes;\n2) Recommend that a copy of this report be provided to the County of Grey as the City\u2019s preliminary Comment on Bill 66;\n3) Recommend that a copy of this report be provided to the Ministry of Municipal Affairs as the City\u2019s preliminary comment on Bill 66; and\n4) Recommend that a copy of this report be provided to MPP Bill Walker.\nReport Conclusions:\nThe proposed Planning Act changes appear to be \u2018one time band-aide\u2019 solutions, that do not appear to address the root of the perceived problem.\nIf the current planning process is an impediment to economic growth, then the province and municipalities can collectively work together to fix the process, rather than permit \u2018one off\u2019 exemptions on a case-by-case basis in scattered municipalities throughout the province. By amending the process for all development, rather than superseding it for certain uses, it could \u2018level the playing field\u2019 for all employers and developers (at least from a planning process perspective), while creating efficiencies in all municipalities. Having a more efficient process could also reduce costs for taxpayers generally and for developers specifically, which may help provide for more affordable or attainable housing.\nSome potential solutions, which could be achieved at the municipal level, include but are not limited to:\na) Ensuring that official plans and zoning by-laws are up-to-date, and flexible, to minimize the individual burden on innovative new businesses (i.e. to prevent unnecessary proponent-initiated official plan amendments etc.);\nb) Ensuring an adequate supply of available pre-zoned, shovel ready employment lands;\nc) Streamlining development review between departments and agencies (including provincial), such that when a new employer \u2018comes to town\u2019 their site plans can be reviewed in an expeditious fashion;\nd) Having a Community Improvement Plan (CIP) in place to provide incentives to new or growing businesses, or the re-use of brownfield sites;\ne) Ensuring municipal documents such as community profiles remain up to date; and\nf) Providing an \u2018open-for-business\u2019 pre-submission consultation process, consisting of planning, engineering/operations, and economic development, which provides timely data and information for any given site.\nSome municipalities, outside of Grey County, have already stated that they have no intention to use this tool. In creating a tool which is only used by some municipalities to by-pass local planning documents, it has the ability to create competition between municipalities, with increased advantages to those who use the tool. These \u2018advantages\u2019 could result in decisions which \u2018undo\u2019 years of land use and infrastructure planning such as the negative ramifications outlined in the case study in the Background section of this report.\nAt the provincial level, the policy framework has seen significant evolution over the past 5 years and municipalities with limited resources are struggling to keep policy documents up to date and flexible to respond to the changes.  An example of just some of the changes:\n- Bill 36, Cannabis Statute Law Amendment Act, 2018\n- Bill 139 (proclaimed 2018) Building Better Communities and Conserving Watersheds Act, 2017\n- Bill 73 (proclaimed 2016) Smart Growth for Our Communities Act, 2015\n- Bill 7 (2016) Promoting Affordable Housing Act. 2016 (inclusionary Zoning regulation available 2018)\n- Provincial Plans Review resulted in revisions to the Greenbelt Plan, Oak Ridges Moraine Conservation Plan, Niagara Escarpment Plan, Growth Plan for the Greater Golden Horseshoe (2017)\n- Provincial Policy Statement, 2014\nWhen new Official Plans are adopted there is a time lag to obtain feedback or approval from the province.  At times, a new legislative change occurs during that time.\nExpeditious review of development proposals or policy updates can only be streamlined to the extent that provincial ministries and municipalities have sufficient resources.  Rather than continued legislative changes, a pause to allow municipalities to implement the changes that have recently occurred and bring policy documents and administrative processes up to date would in itself result in more expeditious review of all development proposals within the contest of the vision of long term prosperity, human and environmental health and social well-being taking precedence over short term considerations for all Ontarians outlined in the PPS.\nIt should be noted that provincial and municipal land use planning policies often place the onus of conducting studies for matters such as compatibility, environmental impact, traffic etc. on developers.  Yes this results in time spent.  However, where such policies are by-passed should an impact result the onus may be on the taxpayers at large to correct or mitigate any impacts.  The obvious economic benefits of employment uses will need to be weighed against unknown potential consequences.\n- Full report is attached with this submission.\n"
    },
    "19524": {
        "url": "/comment/19524",
        "comment": "It is with great concern that I am addressing this new legislation.  I feel that this government is irresponsible in proposing these changes to the existing regulations. These changes are a blatant disregard for the preservation of our environment and the existing regulations that took years to established to make our communities a better place for future generations. This new legislation allows the municipalities to impose decisions without any checks and balances in place. The citizens of our communities do not have the opportunity to appeal these decisions and essentially have lost all rights concerning the planning of the community that they   live in.\nThis opens the door for dishonesty and for some governing individuals to take advantage of their privileged position for personal gain.\nThis legislation will have a profound negative effect on our communities going forward and for future generations quality of life.\n"
    },
    "19525": {
        "url": "/comment/19525",
        "comment": "We can not afford to roll back measures that have been put in place to protect the environment. Once it's gone, whether areas of the Greenbelt, or the health of a river etc., it is either impossible or prohibitively expensive to recover the resources we had. For me, they have intrinsic and economic value, and I'm not prepared to sacrifice that to make it easier for a company to capitalize on them.\n"
    },
    "19526": {
        "url": "/comment/19526",
        "comment": "Please see the attached submission recommending that Schedule 10 be deleted from Bill 66.\n"
    },
    "19527": {
        "url": "/comment/19527",
        "comment": "Ontario\u2019s Greenbelt is the largest greenbelt in the world spanning 325 kilometres . This expansive stretch of integrated green space is integral to the agricultural sector, enhancing natural environments, and supporting liveable climate-resilient communities. The proposed Bill 66 allows for open-for-business planning by-laws to be exempt from important planning provisions, including the Greenbelt Act, 2005. The objectives of the Greenbelt Act are to sustain, preserve, and protect this stretch of land recognizing its important economic significance, tourism opportunities, and role in managing urbanization. The Greenbelt naturally protects communities through important ecological and hydrological services including flood protection and providing clean air. Allowing open-for-business planning by-laws to circumvent the Greenbelt Act will compromise the greenbelt and its essential services, negatively impacting the health and wellbeing of Ontarians.\nThe conservation of land and greenspace is a pillar of the new Made-in-Ontario Environment Plan. As stated within the plan \u201cthe Ontario government is committed to protecting the Greenbelt for future generations.\u201d  This commitment is essential to supporting natural climate change mitigation and adaptation, at no additional cost to Ontarians. The Open for Business planning bylaws however are a direct contradiction to this commitment to protecting the Greenbelt for future generations. The proposed Bill 66 amendments to allow for exemptions to the Greenbelt Act and other essential environmental protection acts such as the Clean Water Act, will limit progress outlined in the key areas of the Environment Plan. Of the four pillars of the Environment Plan, the Greenbelt plays an essential role in three strategies; Protecting our Air, Lakes and Rivers, Addressing Climate Change, and Conserving Land and Greenspace.\nForest ecosystems mitigate climate change through carbon sequestration, at no additional financial cost to Ontarians. The Friends of the Greenbelt have estimated \u201cthe forested area of the Greenbelt alone can offset the equivalent of 27 million cars driven over one year.\u201d The agricultural land, forest, and wetlands within the Greenbelt actively store carbon, with an estimated value of $11.17 billion (Source: Friends of the Greenbelt). Annually, the value of this carbon storage increases by approximately $51.94 million (Source: Friends of the Greenbelt). The value of the Greenbelt in carbon sequestration is of paramount importance to Ontario\u2019s efforts to limit climate change, as outlined in the current Made-in-Ontario Environment Plan.\nI urge your government to reconsider the amendments to the Planning Act. Environmental protection acts were put in place for a reason. Please respect the necessity of these acts and do not allow open for business bylaws to bypass important legislation.\n"
    },
    "19531": {
        "url": "/comment/19531",
        "comment": "The Town is concerned with the potential long-term and broad-reaching impacts of permitting major employment development that does not conform to longstanding provincial environmental legislation. The legislation was designed to protect provincially significant natural heritage assets and preserve and protect our drinking water supply.\nMore specifically, from the perspective of maintaining clean drinking water, the Town does not support the inclusion of an exemption from the requirement to conform to the Clean Water Act (2006), Section 39 or the applicable Source Protection Plan(s).\nThe proposed OFB planning by-law tool could be more effective in tourism-based communities if the types of employment uses that could be permitted by Bill 66 were expanded to allow for major employment opportunities related to tourism growth. Tourism-related employment uses could include amusement/theme parks, gaming facilities, entertainment venues, and major tourist attractions with ancillary retail and restaurant uses, while maintaining the provinces prohibition on major retail and residential uses in employment areas.\n"
    },
    "19532": {
        "url": "/comment/19532",
        "comment": "Bill 66: Restoring Ontario\u2019s Competitiveness Act.\nThe Provincial Government is proposing to make changes to the Planning Act to create a new economic development tool, the Open-for-Business Planning By-law.\nThe City of North Bay is generally in support of a Planning tool that would provide the necessary flexibility to make local planning decisions to promote and achieve economic development.\nThe Growth Plan for Northern Ontario identifies in Section 4.2 the long-range planning for all communities, which identifies that Municipalities should \u201cprepare long-term community strategies, and that these strategies should support the goals and objectives of this Plan, identify local opportunities to implement the policies of this plan, and be designed to achieve the following:\na) economic, social and environmental sustainability\nb) accommodation of the diverse needs of all residents, now and in the future\nc) optimized use of existing infrastructure\nd) a high quality of place\ne) a vibrant, welcoming and inclusive community identity that builds on unique local features\nf) local implementation of regional economic plans, where such plans have been completed\nMunicipalities are encouraged to align their Official Plan policies with their long-term community strategies developed in accordance with policy.\nProviding a long-term vision of the City has been challenging, because of the changes or uncertainties with Provincial Policy and changes to the legislation.\nThe City of North Bay identified the Urban Settlement Area within the Official Plan. The Urban Settlement Area is where the City facilitates growth and development and consists of approximately 20% (6,460ha) of the land within the boundaries of the City of North Bay. Over many years, infrastructure has been planned and extended to facilitate growth within the Urban Settlement Area. The decision and investment into servicing these lands with paved roads and sewer and water was made based on previous policy, which allowed Municipalities to have regard for Environmental habitats and wetland features, but equally important was social and economic consideration.\nChanges to the 2005 and 2014 Provincial Policy Statement changed the wording around environmental protection to be restrictive. This changed placed a hierarchy on the environmental policies.\nAs a result of these policies, the land within the Urban Settlement Boundary has substantial restrictions and uncertainties around cost and timing of development.\nThe City of North Bay is of the opinion a more balanced approach to development is required. In reviewing development the three (3) aspects of social, economy and the environment must be considered. Local Municipalities require flexibility with Provincial Policy to permit appropriate and sustainable development within the Urban Settlement Area.\nThe City of North Bay would prefer if the Open-for Business By-law could provide flexibility in Provincial and local policies to allow for the long-term vision of the City to be achieved, allowing reasonable development to take place in areas  that are within the Urban Settlement Boundary.\nThe Open-for-Business By-law should be passed on the lands which would make the lands \u2018open for business\u2019. If lands are predetermined to have the \u2018open for business\u2019 designation, it would allow the property owner to work with the City to find a balance of economics, social and the environment. This way the \u2018open for business\u2019 designation could be used to advertise the property\u2019s and attract national and international development.\nIf the City is required to wait until the opportunity arises before an \u2018open for business\u2019 by-law can be utilized it is likely that it will never achieve its desired effect. The Province has stated it will take a year to review and pass (or deny) the open for business by-law. If the Minister does not pass the open for business by-law, this property owner would have been delayed a year of attempting to develop the property by traditional means.\nRecommendation #1-\nLands within the Municipality can apply for the designation of \u2018open-for-business before they have a business willing to invest. This recommendation would allow for property owners to ensure they hold the designation.\nThe Open-for-Business By-law would provide the City of North Bay the flexibility to attract employment opportunities and business within the Urban Settlement Area. The City of North Bay, Provincial and Federal Government has invested substantial amounts money into servicing the \u2018planned\u2019 urban settlement area. The open-for-business by-law would provide the necessary flexibility to allow these properties to be used for economic development, while still finding a balance between the environment and social wants and needs.\nThe Open-for-Business By-law is a unique tool which will allow for sustainable development and remove the uncertainty of changing Provincial Policy and legislation and allow Municipalities to implement their long term vision.\nRecommendation #2-\nThe Province creates different categories for Municipalities with less population. A threshold for a population of 75,000 or less the job creation would be 20.\nBill 66 proposes regulation which defines the threshold of a new major employment would be considered. The threshold which has been defined is the creation of 50 jobs for population of less than 250,000 and 100 jobs for municipalities with a population of more than 250,000.\nThe threshold being proposed is too broad and does not help mid to small Municipalities. The threshold will limit the ability to utilize the tool and smaller to mid-sized municipalities may miss opportunities for development based on the threshold. The open for business by-law is an opportunity for smaller Municipalities to be competitive in attracting business to their region.\n"
    },
    "19534": {
        "url": "/comment/19534",
        "comment": "The Ford government is setting Ontario on a fast track BACKWARDS. We need to protect the healthy land and ecosystems we have left. We need to protect agricultural lands THAT LITERALLY FEED OUR CITIZENS! We mist regenerate degraded systems that provide us numerous services such as clean water, breathable air, healthy souls etc.\n"
    },
    "19540": {
        "url": "/comment/19540",
        "comment": "The omnibus Bill-66 is a terrible mistake for all Ontarians and should be revised immediately.\nOur environmental protections (so hard fought for and won), our commitments to help mitigate climate change, our young students, affordable housing; our cherished places (like the Toronto Waterfront, Ontario Place and the Greenbelt) as well as our public transportation system, public libraries, etc., etc. are all under threat.  This bill is not in the interest of Ontarians, it is in the interest of Doug Ford and his developer cronies.  Once something is gone, it is gone forever!\nPlease, do the right thing, the thing you are supposed to do as \"servants of the people\" (civil servants)... do what is best for the majority of us and not just the 1%.\nThank you for standing up for Ontario and all Ontarians.\n"
    },
    "19541": {
        "url": "/comment/19541",
        "comment": "Nobody would condemn a policy to increase Ontario's competitiveness, in real, technological, and economic terms.  But the intention to augment the Province's competitiveness by making it easier to subvert laws that protect our environment, our water resources, and the Great Lakes is completely unacceptable.  These laws protect us, the residents of this Province, as well as the environment as such.  Making it easier for companies to pollute and degrade our environment is an extremely poor excuse for those companies' not working to increase their actual efficiency -- and an increase in efficiency is the only way to truly augment competitiveness.  Besides, corrupting our environment now will only increase the cost of remediating the damage in the future.  There is ALWAYS a price to pay for environmental degradation, sooner or later.\nTherefore I would request that the Government remove Schedule 10 from Bill 66, which allows municipalities to override provisions in the Greenbelt Act, Clean Water Act, Lake Simcoe Act, Oak Ridges Moraine Conservation Act, and Great Lakes Protection Act.\n"
    },
    "19542": {
        "url": "/comment/19542",
        "comment": "Please see attached Ecojustice's comment in response to Schedule 10 of Bill 66.\n"
    },
    "19544": {
        "url": "/comment/19544",
        "comment": "January 18, 2019\nMichael Helfinger\nIntergovernmental Policy Coordination Unit\nMinistry of Economic Development, Job Creation and Trade\n900 Bay Street, Hearst Block, 7th Floor\nToronto, ON M6H 4L1\nKen Petersen\nProvincial Planning Policy Branch\nMinistry of Municipal Affairs and Housing\n777 Bay Street, 13th floor Toronto, ON M5G 2E5\nRe: Schedule 10 of Bill 66, Restoring Ontario\u2019s Competitiveness Act, 2018 and associated regulations (ERO #013-4293, #013-4125, #013-4239)\nDear Mr. Helfinger and Mr. Petersen,\nThank you for the opportunity to comment on Schedule 10 of Bill 66, Restoring Ontario\u2019s Competitiveness Act, 2018.\nThe Green Infrastructure Ontario (GIO) Coalition is a multi-sectoral alliance comprised of private sector companies, industry associations, municipal and regional governments, community groups, and not-for-profit organizations. Together, we promote the implementation of green infrastructure across Ontario by providing a united voice for this vital and growing sector.\nGreen infrastructure includes everything from tree-lined streets, wetlands, urban parks and gardens, to green roofs, meadows, woodlots, grassed areas, urban and rural agriculture, soils, and bioswales. It provides a range of services that can make a substantial contribution towards climate change adaptation, and important contributions towards climate change mitigation and emissions reductions. Such practices are a 'win-win' approach to tackling climate change, in part because they also help deliver multiple other social, economic and environmental benefits. Green infrastructure has also been shown to have a high return on investment, create jobs, and can be a cost-effective complement (or alternative) to traditional grey infrastructure. In fact, the green infrastructure sector is already an important source of jobs \u2013 it employs over 150,000 people across the country. This includes people who work at small and large businesses as designers, growers, landscape architects, manufacturers, contractors and maintenance professionals.\nAs drafted, Schedule 10 of Bill 66 will have significant negative consequences on our province\u2019s green infrastructure system by removing vital protections in the Greenbelt Plan, Oak Ridges Moraine Conservation Plan, Lake Simcoe Protection Plan, the Growth Plan and the Provincial Policy Statement, facilitating a patchwork approach to environmental protection in Ontario. Ontario\u2019s current land-use planning and land conservation framework was developed over many years by both Progressive Conservative and Liberal governments. It provides critical protection to farmland, wetlands, woodlands, valley lands, other natural heritage features, key hydrologic features, freshwater, and natural linkage areas in the heavily developed Greater Golden Horseshoe Region. These features and networks span municipal boundaries and can only be adequately protected at a regional scale. The framework also currently encourages municipalities to consider green infrastructure in their stormwater management and climate change resiliency planning \u2013 potentially providing communities financial savings, as green infrastructure approaches have often been found to be less expensive and address many issues concurrently.\nSchedule 10 also risks directly undermining many of the goals of the provincial government\u2019s own Made in Ontario Environment Plan.\nThe GIO Coalition therefore recommend that Schedule 10 be removed from Bill 66 by government MPPs at second reading.\nWe would be please to provide any additional information required. Please do not hesitate to contact Michelle Sawka with any questions (michelle.sawka@trca.on.ca, 647-287-6540).\nSincerely,\nDeborah Martin-Downs\nChair, Green Infrastructure Ontario Coalition\nwww.greeninfrastructureontario.org\n"
    },
    "19549": {
        "url": "/comment/19549",
        "comment": "We need to protect our water, our communities, and we need to stop urban sprawl. Doug Ford said he would protect the Greenbelt. I'd hate to think him a liar.\nOur farmland, rivers, lakes and fragile ecosystems are already under threat.\nOur housing problems stem from the fact that not enough of the correct housing is being built, not a shortage of land. There is no need to dip into the Greenbelt for that.\n"
    }
}