{
    "87150": {
        "url": "/comment/87150",
        "comment": "Message for Mr Doug Ford,\nIt is very important to ensure sustainable development, one that provides low cost and additional housing, without burning the green belt.\nThat requires vision and commitment- even a simpleton can expand available land for more houses (encroaching on nature and green spaces).\nThe expertise needed here is to do more with less- increase density where you have infrastructure.\n1) allow converting single-family homes into multiplex rental dwelling, especially row of townhouses (without any admin fee)\n2) allow land severance - notwithstanding NIMBY opposition, allow quick and inexpensive land severance (without any admin fee) - have a department that helps existing home owners with expertise and financial assistance/incentives to do the same\n3) promote creation of office building (similar to Yonge & Dundas) near hi density suburbs to ease travel and reduce downtown congestion\n4) double the density within 5 kms of GO & Subway station\n5) Improve public transport especially during rush hours\n6) and stop helping builders at the cost of municipalities\nThere is no reason why progress and development cannot be done while protecting nature and green belts. Just needs sharper planning\nHope that helps\nParam\n"
    },
    "87286": {
        "url": "/comment/87286",
        "comment": "I read through the housing supply section (#1) of the environmental registry hoping to read the other sections but couldn't.\nHere's why.\n1) minimum density targets:  do you mean like at the south west corner of Bloor and Bathurst in Toronto - the former Honest Ed's. I have never in all my urban travels ( which are considerable ) seen such appalling density being newly constructed and then posing as \"downtown urban living\" . New York, Hong Kong, Beijing..never!! It is not surprising that the public believes that government is in the \"pockets of the developers.\"\n2) \"transit -supportive greenfield density targets\".. What the hell does that mean?\n3) \"intensification policies\" . Don't you mean non intensification policies? Or maybe not.\n4) \"more housing on farms\".. Good idea. Throw out all the swine (i.e.farmers) and let them move over to the government troughs .\n"
    },
    "87406": {
        "url": "/comment/87406",
        "comment": "This proposal is deeply concerning, given that the PPS and the Growth Plan are critical provincial policies that provide comprehensive, integrated, balanced direction on land use planning. The proposed new Provincial Planning Statement will jeopardize decades of progress on land use policy, with changes that would:\nEliminate mandatory intensification and greenfield density targets that were designed to rein in urban sprawl;\nAllow municipalities to expand settlement areas at any time without a comprehensive review of associated infrastructure needs or potential impacts on farmland and natural areas;\nForce municipalities to allow three lots to be severed from every farm, even in prime agricultural areas;\nExempt lands that are the subject of Minister\u2019s Zoning Orders (MZOs) from complying with provincial policies and official plans;\nRemove the requirement for municipalities to undertake watershed planning; and\nWeaken and eliminate policies that address climate change.\nThese are only some of the harmful proposed changes that would fundamentally undermine smart growth and sustainable land use planning in Ontario. Others involve weakening rules and standards for affordable housing, water pipelines, employment areas, and development along public transit lines. In sum, the government is abandoning its long-standing policy commitment to promote compact, transit-friendly development and prevent sprawl. Instead, the new policy thrust is to allow scattered residential lots and subdivisions anytime and anywhere, including on prime agricultural land.\nThe government\u2019s underlying premise, that more land is needed for housing development outside existing settlement boundaries, is demonstrably false. As noted by Ontario\u2019s Housing Affordability Task Force in 2022, a shortage of land is not the cause of the housing shortage:\n\"Land\u202fis available, both inside the existing built-up areas and\u202fon undeveloped land outside greenbelts. \u2026 Most of the solution must come from densification. Greenbelts and other environmentally sensitive areas must be protected, and farms provide food and food security. Relying too heavily on undeveloped land would whittle away too much of the already small share of land devoted to agriculture.\u201d (p.10)\nWhile the new proposed natural heritage policies have not yet been released, the government\u2019s sprawl-friendly agenda spells disaster for nature and farmland, especially in the Greater Golden Horseshoe, one of the largest and fastest growing regions in North America.\n"
    },
    "87508": {
        "url": "/comment/87508",
        "comment": "this proposal while sounding great is going to put even more strain on our farm.\nIt might be a good idea to allow an additional house (or 2) on the property, we are currently looking into doing this for housing for foreign workers, as we cant get any farm help, and everyone who applies wants us to provide a house to do so. however, the severing will cause all kinds of problems. As it is, we have bought all the land that comes available directly beside our farm, however, when we built our last barn, we had to get special permissions to build it closer to a neighboring house than the regulations permit, having a neighbor sell out to a company building houses in a small subdivision (which was recently done just 2 blocks away) would cause even more problems for us trying to build another building.\nThe only way I see the subdivision working out (even partially) is if there is a special clause that stops the buyers/renters from being able to complain about farming going on (manure being spread, trucks driving back and forth with feed etc.) and that only addresses one of the 3 problems (complaints from new residents, setback requirements being more difficult, and loss of agricultural land)\nIf the Federal or Provincial government was to guarantee they would fund decent public transportation  (busses multiple times per hour for example) along the roads that are allowed subdivisions (probably close to existing big cities) this might be considered by some as Okay, as it would allow employees to get to and from work without their own vehicles (something we are seeing more and more prospective employees not have). this would make the future system look much more like a lot of areas in Europe.\noverall the government needs to put more restrictions on building out into farmland, and instead building up the core of cities, densification, not sprawl.\n"
    },
    "88023": {
        "url": "/comment/88023",
        "comment": "Our request relates to the designation of Specialty Crops has been outlined and has been propagated through the past few iterations of the PPS.\nOur ask is to include consideration in the newly proposed PPS (2023) to provide guidance to allow for a better understanding of how Specialty Crop lands are designated, specifically with how criteria is used to formulate the designation. Also, to provide an allowance to make changes to the designation should they be appropriate.\nThe description of our full comment is contained within the attached MS-Word document 'Consultation Comment for ERO 019-6813 Proposed PPS Update'. There are also (3) supporting documents attached.\nIn our opinion and in the judgement of the professional agrologists documented in the comprehensive supporting documentation attached, the current method (for selection of land designated as Specialty Crop)  is vague and it appears that in some cases lands were improperly designated as Specialty Crop Lands.\nWe would like an update included in the PPS language to provide stronger guidelines that would provide tests and weighting factors for the defined criteria to allow for a clear and proper determination for Specialty Crop lands.\n"
    },
    "88043": {
        "url": "/comment/88043",
        "comment": "I oppose the Government of Ontario's proposed adoption of the new Provincial Planning Statement (ERO#19-6813).  This would nullify the existing Provincial Policy Statement and Growth Plan for the Greater Golden Horseshoe, which provide balanced and integrated land use planning that protects against urban sprawl.\nThe proposed change would undermine smart growth and sustainable land use planning in Ontario, remove prime agricultural land from its function, and threaten our natural heritage.  Research has shown that the current housing shortage is not a result of land shortage, but instead, of failure to use available land for affordable housing, and development characterized by sprawl rather than intensification.  The government's proposed response to the housing shortage would not ensure that affordable housing is constructed, but would perpetuate current housing patterns that prioritize profit for developers and keep prices too high for many of those who need housing.\n"
    },
    "88059": {
        "url": "/comment/88059",
        "comment": "As a resident of Hamilton, Ontario, I believe it's crucial that we prioritize growth within our pre-2022 boundaries, especially in areas where transit infrastructure already exists. This approach allows us to make the most of our existing resources and minimize the strain on our infrastructure.\nTo achieve this, we should promote density within our urban neighborhoods. This means removing rigid site restrictions and minimum parking regulations that may hinder development and discourage the efficient use of space. By encouraging denser development, we can create vibrant and sustainable communities.\nFurthermore, it's imperative that we protect our finite and fragile farmland. Before any construction projects begin on expansion lands, we should ensure that no shovels hit the ground until after the next election. This gives us an opportunity to thoroughly assess the impact on our agricultural resources and make informed decisions.\nTo address the financial aspects of growth, we need to understand who will bear the costs. I propose commissioning a report, similar to the one conducted in Ottawa, to identify how growth on expansion lands will be funded. This will help us develop a sustainable and equitable approach to financing growth.\nAdditionally, we must focus on getting existing approved projects built. It's crucial to streamline the development process and remove any barriers that may prevent the timely completion of these projects. By doing so, we can take advantage of the opportunities that have already been identified and approved.\nIn order to promote affordable housing, we should incentivize and support the development of affordable laneway housing. This type of housing can provide more affordable options within existing urban areas while making efficient use of underutilized spaces. By creating incentives and removing regulatory hurdles, we can encourage the construction of these affordable housing options.\nTo ensure a diverse range of affordable housing options, purpose-built rentals, and public investment in housing, we need to explore innovative strategies. It's unfortunate that there is currently no federal support for housing away from transit. Therefore, we must work with other levels of government, private organizations, and community stakeholders to develop creative solutions and secure the necessary funding for housing initiatives.\nBy addressing these topics and actively engaging in the conversation, we can work towards a more sustainable and inclusive future for Hamilton, Ontario.\n"
    },
    "88067": {
        "url": "/comment/88067",
        "comment": "There is no need to expand onto protected land in order to meet housing supply.  Anyone who has been in the GTA for more than an hour has seen extremely underutilized plots of semi developed land, vacant storefronts, and old safety hazards called housing.  By our own findings we know that developing prime real estate along public transport corridors is the key to a healthy city, yet we open up protected land for the benefit of whom?  Suburban sprawl is not the answer to our housing crisis.\n"
    },
    "88093": {
        "url": "/comment/88093",
        "comment": "I am writing to express my strong opposition to proposed changes to the Provincial Policy Statement, 2022 (PPS) and the Growth Plan for the Greater Golden Horseshoe (Growth Plan). These changes would accelerate urban sprawl and the ongoing loss of farmland and natural areas in Ontario.\nA shortage of land is not the cause of Ontario\u2019s housing shortage, as noted by the Housing Affordability Task Force in 2022:\n\"Land is available, both inside the existing built-up areas and on undeveloped land outside greenbelts. \u2026 Most of the solution must come from densification. Greenbelts and other environmentally sensitive areas must be protected, and farms provide food and food security. Relying too heavily on undeveloped land would whittle away too much of the already small share of land devoted to agriculture. (p. 10)\"\nIt is time to listen to the experts, who have shown that the amount of land already designated for development far exceeds what is needed to meet long-range housing targets.\nThere is simply no need for proposed policy changes which would:\n- Eliminate mandatory intensification and greenfield density targets that were designed to rein in urban sprawl;\n- Allow municipalities to expand settlement areas at any time without a comprehensive review of infrastructure needs or potential impacts on farmland and natural areas;\n- Force municipalities to allow three lots to be severed from every farm, even in prime agricultural areas;\n- Exempt lands that are the subject of Minister\u2019s Zoning Orders (MZOs) from complying with provincial policies and official plans;\n- Remove the requirement for municipalities to undertake watershed planning; and\n- Weaken and eliminate policies intended to address climate change.\nOntario is losing farmland at the shocking rate of 319 acres per day. The proposed new policies will make matters much worse and spell disaster for the lands and waters that sustain us.\nSprawl development will not solve current housing needs, as your government pretends. I urge you to retain all PPS and Growth Plan policies that are designed to curb sprawl and protect farmland and natural areas.\n"
    },
    "88114": {
        "url": "/comment/88114",
        "comment": "Dear Ministry of Municipal Affairs and Housing,\nI am writing as a concerned citizen of Hamilton in response to your recent decision to enforce an expansion of our city's urban boundaries, as part of the review of proposed policies adapted from A Place to Grow and the Provincial Policy Statement.\nWhile I understand the gravity of the housing crisis we are facing, and applaud the intent to address it, I firmly believe that this particular solution will, unfortunately, exacerbate existing issues and create new ones. Let me explain:\n1) Undemocratic Decision-Making: This decision contradicts the resolution of our elected city council, which represents the voices and interests of Hamilton's citizens. We, as Hamiltonians, are left feeling unheard and disenfranchised.\n2) Increased Urban Sprawl: The imposed expansion encourages sprawl - an inefficient and costly investment for our city. The associated expenses, both direct (land development costs) and indirect (environmental impact), far outweigh the minimal increase in property tax these low-density developments provide.\n3) Exacerbating Climate Emergency: We are in the midst of a climate crisis, and this decision threatens to worsen our predicament. Expanding our urban boundary increases our reliance on fossil fuels, pushing us further away from sustainable, climate-friendly solutions.\n4) Overriding City Governments: This decision appears to override our city government's authority. The Ministry should instead support local initiatives to develop affordable housing within the existing city limits, which will not burden our city with unsustainable sprawl for generations to come.\n5) Potential Developer Influence: This decision, unfortunately, raises questions about potential undue influence from wealthy developers and construction companies. If this is the case, it is detrimental to those most impacted by our twin crises - housing and climate.\nI urge you, on behalf of myself and other concerned Hamiltonians, to reconsider this decision. I strongly believe that addressing our housing crisis should not come at the expense of our environment, our democratic processes, and the sustainable development of our city.\nI look forward to hearing your response and a resolution that puts the best interests of Hamilton and Ontario at heart.\n"
    },
    "88180": {
        "url": "/comment/88180",
        "comment": "The current broad defintion of \"development\" in the current PPS and the absolute prohibition on 'development in certain PSW's (s.2.1.4) is problematic. It is so broad it prohibits the construction of any building or structure that requires application under the Planning Act ----regardless of scope or impact.\nIn my view, the current policy is overly restrictive and leads to internal inconsistencies within the PPS. For example, s.1.1.5.2 expressly allows resource based recreational uses (including recreational dwellings with waterfront structures) on rural lands within municipalities. However, the joint operation of the definition of \"development\" and s.2.1.4 then work to  indirectly prohibit what s. 1.1.5.2 permits.\nI am requesting that the PPS be amended by adding the science based language found in the final paragraph of s. 2.1.5. to s. 2.1.4 so that s 2.1.4 would read:\nDevelopment and site alteration shall not be permitted in:\na) significant wetlands in Ecoregions 5E, 6E, and 7E; and\nb) significant coastal wetlands,\nunless it has been demonstrated that there will be no negative impacts on the natural\n                       features or their ecological function.\nAlternatively, s. 2.1.4 could be modified to include language similar to that found in s. 2.1.8, such that it read:\nDevelopment and site alteration shall not be permitted in:\na) significant wetlands in Ecoregions 5E, 6E. and 7E; and\nb) significant coastal wetlands,\nunless the ecological function of the natural feature has been evaluated and it has been\n                 demonstrated that there will be no negative impact on the natural features or their ecological\n                 functions.\nThis balanced approach would ensure planning decisions on waterfront properties are made rationally and on the best available scientific information, instead of on the basis of current oppressive policy.\nHopefully this government is listening and will make decisions based on science as it did during the Covid pandemic.\nThank you\n"
    },
    "88190": {
        "url": "/comment/88190",
        "comment": "Farmland cannot be replaced. Prioritize development within existing urban boundaries, improving public transit, and increasing urban density. Protect conservation areas, and use our remaining farmland to farm. Ontario does not benefit from increased sprawl or single family homes. Please stop this short sighted plan.\n"
    },
    "88261": {
        "url": "/comment/88261",
        "comment": "Please see attached Feedback \u2013 Integrate Agrivoltaics into A Place to Grow and Provincial Policy Statement by  Uzair Jamil and Joshua M. Pearce, Western University.\n"
    },
    "88270": {
        "url": "/comment/88270",
        "comment": "I am writing to express my strong opposition to proposed changes to the Provincial Policy Statement, 2022 (PPS) and the Growth Plan for the Greater Golden Horseshoe (Growth Plan). These changes would accelerate urban sprawl and the ongoing loss of farmland and natural areas in Ontario.\nA shortage of land is not the cause of Ontario\u2019s housing shortage, as noted by the Housing Affordability Task Force in 2022:\n\"Land is available, both inside the existing built-up areas and on undeveloped land outside greenbelts. \u2026 Most of the solution must come from densification. Greenbelts and other environmentally sensitive areas must be protected, and farms provide food and food security. Relying too heavily on undeveloped land would whittle away too much of the already small share of land devoted to agriculture. (p. 10)\"\nIt is time to listen to the experts, who have shown that the amount of land already designated for development far exceeds what is needed to meet long-range housing targets.\nThere is simply no need for proposed policy changes which would:\n- Eliminate mandatory intensification and greenfield density targets that were designed to rein in urban sprawl;\n- Allow municipalities to expand settlement areas at any time without a comprehensive review of infrastructure needs or potential impacts on farmland and natural areas;\n- Force municipalities to allow three lots to be severed from every farm, even in prime agricultural areas;\n- Exempt lands that are the subject of Minister\u2019s Zoning Orders (MZOs) from complying with provincial policies and official plans;\n- Remove the requirement for municipalities to undertake watershed planning; and\n- Weaken and eliminate policies intended to address climate change.\nOntario is losing farmland at the shocking rate of 319 acres per day. The proposed new policies will make matters much worse and spell disaster for the lands and waters that sustain us.\nSprawl development will not solve current housing needs, as your government pretends. I urge you to retain all PPS and Growth Plan policies that are designed to curb sprawl and protect farmland and natural areas.\n"
    },
    "88318": {
        "url": "/comment/88318",
        "comment": "The Provincial Governments Land Use Planning and Green belt policies are misguided and detrimental to the future of the province. Generations to come will suffer from the purely Developer driven greed and political ideology of the Ford Government.\nThe Ford Government does not have the mandate to make the changes they are undertaking as less than 38% of the population voted for them. The years of planning and conservation  work since the 50's has been wiped out by one government who only wants developers and their business supporters to make a dollar on the future of our great Province.\n"
    }
}