{
    "92282": {
        "url": "/comment/92282",
        "comment": "Please refer to the attached letter for comments on behalf of Halton North 1 Corporation.\n"
    },
    "92283": {
        "url": "/comment/92283",
        "comment": "I am in full support of the Architectural Conservancy of Ontario's comments on the Proposed Provincial Planning Statement, 2023 (PPS 2023). I find that the proposed PPS 2023 substantially weakens the policies in the existing PPS 2020 with respect to cultural  heritage, and as such, it would undermine a vital part of Ontario's heritage protection regime. As proposed, the severely curbed policies in section 4.6 of PPS 2023 are not in alignment with the intent and spirit of the Planning Act, where conservation of features of heritage interest are a \"matter of provincial interest\". And these policies do nothing to further the goal of increasing affordable housing in the province.\nI am especially concerned that the proposed restriction of application of the provincial policy to the proposed definition of \"protected heritage property\" would  direct provincial and municipal planning authorities to conserve only currently formally designated property and archaeological sites, cutting out the vast majority of other cultural heritage resources that currently exist in the province, particularly the many  properties that are currently in the listed heritage inventory in Ontario.\nIn short, I urge you to adopt the recommendations contained in the comments of the ACO of Ontario with regard to the province's proposed Provincial Planning Statement, 2023.\n"
    },
    "92286": {
        "url": "/comment/92286",
        "comment": "As a resident of Port Dover and an employee of Stelco I do not want more houses and development by stelco..if stelco goes us dover people will be living in the streets or have to locate somewhere else cause there are no jobs here..we love our small town. we don't want it bigger. Townsend was suppose to become a major city back in the day and it failed.. please someone have common and sense and throw this development in the trash..think of the people and what harm this will do to our work , home and animal environment.\n"
    },
    "92289": {
        "url": "/comment/92289",
        "comment": "We need to review the standards that were put in place many years ago for the provision of building the LEW plant. Monitoring of the air, water and land use must be increased. This area is very neglected by the environmental arms of the government. We need support for a local environmental group to monitor the area. Stelco and imperial Oil need to improve their production technology to support a cleaner environment.\nThis area needs to have more people so we can improve hospitals, infrastructure, and environment outcomes for the neighbours\n"
    },
    "92290": {
        "url": "/comment/92290",
        "comment": "I am writing to voice my support for the proposal to allow for the voluntary severing of up to three lots per farm parcel.\nThere are many good reasons why residential lot creation in agricultural areas does make sense. Allowing farmland severance on less productive areas of the farm will enhance rural economies and increase property tax base for small rural townships and counties. It will also help in a small way alleviate the housing crisis Ontario currently is facing. Agricultural productivity is increasing and farm land cropped area is increasing especially in Northern and eastern regions that are recording a slight increase in temperatures as a result of climate change. Farm operations are increasing in size and demanding a more skilled workforce that has a preferance to reside close to the farm operation without having to reside in the larger farmyards of todays farm units. Simply putting housing in the farm stead itself is not advisable as it becomes a health and safety issue for raising a family with small children. A severed parcel slightly away from the farm operation is a much more practical solution in todays modern farm.\nThere are many farmers in rural areas without livestock who welcome the opportunity to have their farm severed into two additional lots., I feel this is good planning for farm transition to the next generation as well as attracting the skilled labour todays farms need to operate. We have a housing shortage in this province and severing farm parcels is a way to ensure farmers have the ability to have the next generation farm and also have a skilled workforce find houses close to their workplace to keep the farm operational.\nAs a farmer, I strive to be respectful to our neighbours with regards to spraying, nutrient application, moving equipment, and other normal farm practices. Currently 80 percent of the rural population in my County are no longer farming due to farm consolidation and there are very few conflicts with non farmers, Fruit and vegetable growers often sell their produce to their neighbours through roadside stands to make extra income for their families.\nI also support the current and future use of Minimum Distance Separation (MDS) standards to regulate development in rural areas.\nAllowing lot severances enables our children and grandchildren to have the choice to farm and to invest in their house without connecting directly in the farm business. Severed residential lots will protect the future of the farm in the event of unexpected changes in our farm operation and that of our children\u2019s paths from uncontrollable circumstances.\nI respectfully ask that the government to continue with its proposal to allow for the severing of farmland parcels in recognition of the current and future value and importance of agriculture to the province. A voluntary farm lot severance policy will not be engaged in by all family farms however it will help many struggling family farms who may not have the benefit of supply management marketing systems continue to farm for many years to come in the future.\n"
    },
    "92291": {
        "url": "/comment/92291",
        "comment": "The planned development for Nanticoke is not a good plan when you have the Townsend Community Development that was started a number of years ago and still has the capacity for the expansion that was being looked at down in Nanticoke. The concern that I honestly have is that the Government is very narrowly focused on what the developer wants and not what will happen later. Prior to retiring and moving down to this area I worked for a company where we had a Mfg. Plant that was built a long time before urban development in the Vaughn area. Years later developers purchased the property around our Mfg. Plant where we employed hundreds of great jobs. Once the developer started to build their houses and high rises around our plant we were forced to add special walls etc. which cost millions of dollars to the corporation. The same will happen here and then Stelco will be forced either out of the community losing allot of great local jobs or to spend allot of additional money to satisfy these the new development and concern about odour or sound or just the sight.\nThe Province should actually get Empire to invest in the Townsend Project and make it what it was intended to be.\nPlease learn not to make the same mistake twice and actually look at the where all the money goes!\n"
    },
    "92292": {
        "url": "/comment/92292",
        "comment": "Our kids are facing a number of challenges trying to take over the farms that are passed down to the them - housing shouldnt be one of them. Without allowing for ANY severances, we are not giving our kids the chance to build houses and raise families on the farm. Theyre either stuck living with their parents (which no one needs) or forced to move and live elsewhere which if you're a farmer you know does not work. Farmers need to live on their farms. Period.\nBy allowing farms to sever you're giving them a chance at all that. The impact doesn't have to be huge. Severing a small parcel off of a large farm has very little effect on the operation but can make a huge change to someone who needs a place to live.\nDo the right thing. Allow for us to sever at least 1 property for the purpose of building. Not selling to developers, building for the next generartion of ontario farmers to live on.\nThx\n"
    },
    "92293": {
        "url": "/comment/92293",
        "comment": "2.4.2.3 (b)\tTTC appreciates the desire to broadly define major trip generator, but finds the language proposed to be too ambiguous.\nRevise policy 2.4.2.3 to read:\n\"b) there are a limited number of residents and jobs associated with the built form, but a major trip generator (including a healthcare facility, post-secondary institution, or major facility) or feeder service will sustain high ridership at the station or stop\"\n2.4.2.6\tTTC encourages connections between developments and transit stations to provide better access to public transit. Integrating transit and development uses together on the same parcel of land within MTSAs also represents a better use of limited land resources while unlocking more land for housing. However, without stronger policy language, opportunities to realize these benefits remain a challenge.\nRevise policy 2.4.2.6 to read:\n\"All major transit station areas should be planned and designed to be transit-supportive and to achieve multimodal access to stations and connections to nearby major trip generators by providing, where feasible: a) connections to local and regional transit services to support transit service integration; b) connections to developments or integration of developments with transit stations and corridors; c) infrastructure that accommodates a range of mobility needs and supports active transportation, including sidewalks, bicycle lanes, and secure bicycle parking; and d) commuter pick-up/drop-off areas.\"\n3.1.1 (b)\tLeveraging the capacity of development proponents, where appropriate, is already a fundamental component of ongoing efforts to modernize TTC\u2019s transportation system. However, efforts to do so have been challenging and stronger policy direction is needed.\nGuidelines are sought on how transit agencies are expected to \u201cleverage the capacity of development proponents\u201d.\n3.2.2\tConnections within and among transportation systems and modes are important. However, connections to adjacent developments are also a critical component of a well-connected transportation system. TTC has numerous connections to adjacent developments throughout its network, and additional language is suggested to promote these connections to reflect their importance.\nRevise policy 3.2.2 to read:\n\"Efficient use should be made of existing and planned infrastructure, including through connections with development on adjacent lands and the use of transportation demand management strategies, where feasible.\"\n3.3.1\tThe proposed definition of \u201chigher order transit\u201d refers to transit that \u201cgenerally operates in partially or completely dedicated rights-of-way\u201d. To strengthen the intent of policy 3.3.1 to protect for these corridors, TTC suggests that the same definition be used.\nRevise policy 3.3.1 to read:\n\"Planning authorities shall plan for and protect corridors and rights-of-way for infrastructure, including transportation, transit including higher order transit, and electricity generation facilities and transmission systems to meet current and projected needs.\"\n3.3.3\tTTC appreciates that this policy gives stronger policy support for municipalities to refuse applications that may not be compatible with planned corridors. The policy refers to \u201cexisting or planned corridors\u201d. \u201cExisting\u201d is not defined and it is not clear to TTC whether the definition of \u201cPlanned corridors\u201d includes TTC\u2019s higher order transit. TTC suggests that \u201chigher order transit\u201d as defined in the proposed PPS be added. Otherwise, TTC requests that \u201cexisting\u201d corridors be defined and include \u201chigher order transit\u201d. In the interest of public safety, it is also recommended that \u201cnegative impacts\u201d and \u201cadverse effect\u201d as defined in the proposed PPS be used to determine whether permitting development in planned corridors could preclude the safe operation of transportation systems.\nRevise policy 3.3.3 to read:\n\"Planning authorities shall not permit development in existing or planned corridors that could preclude, cause any negative impacts, or cause any adverse effect on the use of the corridor for the purpose(s) for which it was identified. New development proposed on adjacent lands to existing or planned corridors, higher order transit and transportation facilities should be compatible with, and supportive of, the long-term purposes of the corridor and should be designed to avoid, or where avoidance is not possible, minimize and mitigate negative impacts and any adverse effect on and from the corridor and transportation facilities.\"\n3.3.6\tTo better achieve PPS objectives to optimize transit investments, and to leverage development proponents on adajacent lands, TTC suggests inclusion of an additional Transportation and Infrastructure Corridors policy based on a modified version of policy 3.3.5.\nAddition of policy 3.3.6 to read:\n\"The integration of transit infrastructure and facilities should be promoted within the development of adjacent lands, where appropriate.\"\n3.3.7\tTTC takes public safety very seriously. In lieu of recommended revisions to policy 3.3.3, an alternative policy (based on a modified version of policy 5.3.1) is proposed to protect the general public from the hazards posed by tunnel punctures or collapses during construction of adjacent development.\nAddition of policy 3.3.7 to read:\n\"Development on, abutting or adjacent to lands with existing or planned heavy rail (such as subways, elevated or surface rail, and commuter or regional inter-city rail) corridors and facilities may be permitted only if measures to address and mitigate the risk to public health and safety through known or suspected negative impacts or adverse effect to the corridors and facilities are under way or have been completed.\"\nDefinition of Adjacent lands:\tDefinition and policy 3.3.3 both refer to \u201cexisting or planned corridors\u201d. \u201cExisting\u201d corridors is not defined and it is not clear to TTC whether the definition of \u201cPlanned corridors\u201d includes TTC\u2019s higher order transit. TTC suggests that \u201chigher order transit\u201d as defined in the proposed PPS be added. Otherwise, TTC requests that \u201cexisting\u201d corridors be defined. To support the integration of transit infrastructure within developments as a means to increasing land available for housing, TTC suggests references to policies 3.3.2 and 3.3.6 be added to the definition. To maintain safe transportation systems per policy 3.2.1, TTC recommends the addition of \u201cadverse effect\u201d as defined in the proposed PPS.\nRevise definition to read:\n\"a) for the purposes of policies 3.2.2, 3.3.3 and 3.3.6, those lands contiguous to existing or planned corridors, higher order transit and transportation facilities where development would have a negative impact or an adverse effect on the corridor or facility.\" Note: 3.3.6 is a proposed new policy identified above\nDefinition of Major transit station area:\tDefinition states that a major transit station area can be the \u201carea including and around a major bus depot in an urban core.\u201d However, \u201cmajor bus depot\u201d and \u201curban core\u201d are not defined. TTC has many bus facilities that are not associated with a higher order transit station. Furthermore, \u201cmajor bus depot\u201d excludes streetcar facilities.\nProvide additional policy direction on how municipalities are to interpret \u201cmajor bus depot\u201d and \u201curban core\u201d.\nDefinition of Multimodal:\tDefinition includes \u201crail\u201d, but is ambiguous as to interpretation with respect to whether streetcars or subways are included in commuter rail.\nRevise definition to read:\n\"means relating to the availability or use of more than one form of transportation, such as automobiles, walking, cycling, buses, streetcars, subways, LRT, rail (such as commuter and freight), trucks, air, and marine.\"\nDefinition of Negative impacts:\tDefinition is appreciated, but transit stations and corridors will always have ongoing needs to ensure legislative compliance with AODA and OBC requirements to improve accessibility for people of all ages and abilities per policy 2.1.4 (b) and ensure safe transportation systems per policy 3.2.1. However, TTC stations and corridors are being enclosed by development. It is not TTC\u2019s intention to preclude development of lands adjacent to stations and corridors (integration with development is preferred), however, additional language is suggested to better define \u201cNegative impacts\u201d to strengthen efforts to minimize and mitigate the impact of new development on the safety and accessibility of existing transportation systems per policy 3.3.3.\nRevise definition to read:\n\"c) in regard to policy 3.3.3, any development or site alteration that would compromise or conflict with the planned or existing function, capacity to accommodate future needs including safety and accessibility, and cost of implementation or upgrading of the corridor\"\nDefinition of Planned corridors:\tTTC is supportive of this definition, however, it is not clear whether TTC\u2019s higher order transit is included in the definition of \u201cPlanned corridors\u201d.\nClarify the following:\n1.\tWhat is defined as a \u201ccorridor\u201d?\n2.\tIs TTC\u2019s higher order transit included in  \u201ccorridors and future corridors\u201d, as noted in the definition of \u201cPlanned corridors\u201d?\n3.\tIf TTC infrastructure is not included in \u201ccorridors and future corridors\u201d, what definition of corridor applies to TTC\u2019s existing higher order transit?\n4.\tWhat is the difference between \u201ccorridors\u201d, as noted in the definition of \u201cPlanned corridors\u201d, and \u201cexisting corridors\u201d as referenced throughout the proposed PPS?\nDefinition of Transit-supportive:\tTTC recommends additional language be added to the definition of \u201cTransit-supportive\u201d to strengthen opportunities for the integration of transit infrastructure within development on adjacent lands that improves accessibility for people of all ages and abilities per policy 2.1.4 (b) and ensures safe transportation systems per policy 3.2.1. Further, the recommended language also assits with leveraging the capacity of development proponents, where appropriate, per policy 3.1.1 (b), prioritizing intensification in proximity to transit corridors and stations per policy 2.2.1 (d), and improving access to stations within MTSAs per policy 2.4.2.6.\nRevise definition to read:\n\"in regard to land use patterns, means development that makes transit viable, optimizes investments in transit infrastructure, and improves the quality of the experience of using transit, including safety and accessibility. It often refers to compact, mixed-use development that has a high level of employment and residential densities, including:\na)\tair rights development, in proximity to transit stations, corridors and associated elements within the transportation system; and/or\nb)\tintegration of transit stations or corridors within developments.\"\n"
    },
    "92294": {
        "url": "/comment/92294",
        "comment": "Please do not touch the Green Belt.  We need the food to be closer to the city.  The price of food increased a lot and is only going to go up if the food has to come from far away because of the high energy cost. Having food trucks coming from far away it is only going to increase in pollution.  Also, please consider that there is no public transit in the Green Belt area, all the houses you want to build there are first of all not \"affordable housing\" and and is only going to increase the pollution and traffic in those areas as people still have to go to work in Toronto most likely.\nI understand the need for housing but please take into consideration also how is this going to affect negatively the lives of the people in the communities you plan to expand without the proper infrastructure.  Have the new houses built outside the Green Belt and make sure that there are jobs for the people there too so they don't have to have such long commutes.\n"
    },
    "92295": {
        "url": "/comment/92295",
        "comment": "To the Ministry of Municipal Affairs and Housing;\nThe Council of the Township of Edwardsburgh Cardinal extends our thanks to the Ministry for the opportunity to provide feedback on the proposed new Planning Policy Statement. Edwardsburgh Cardinal recognizes the need for more housing across Ontario and the Township is supportive of Ontario\u2019s goal to construct 1.5 million homes by 2031.\nCouncil would like to express our general support of the changes proposed in the draft Provincial Planning Statement. We recognize and applaud your efforts to increase our housing supply and make more lands available for development. We\u2019ve noted more flexibility to expand or create new settlement areas, and less restrictions for lot creation outside of settlement areas, including the agricultural area. Edwardsburgh Cardinal is aligned with this goal and is also working towards solutions to development barriers.\nWe understand this proposal aims to provide more flexibility in servicing options. Council has identified these policies as a significant barrier to growth within our rural and settlement areas. It has been noted in the past that partial servicing is not permitted, except to address a failed system; or for infilling or minor rounding out of development within settlement areas. We\u2019ve noted that these restrictions are still proposed in the new planning policy document:\n3.6.5 Partial services shall only be permitted in the following circumstances:\na) where they are necessary to address failed individual on-site sewage services and individual on-site water services in existing development; or\nb) within settlement areas, to allow for infilling and minor rounding out of existing development on partial services provided that site conditions are suitable for the long-term provision of such services with no negative impacts.\nWe understand the policy is in place to prevent overuse of municipal water where a private septic system is in place. We believe the opposite situation, while less common, should be considered separately in the policy statement. In circumstances where private water could be used in conjunction with municipal sewer, it should be permitted, provided sufficient water quantity and quality is available. Further to this, we ask for clarity by adding definitions for \u201cinfilling\u201d and \u201cminor rounding out\u201d within this context.\n3.6.6 In rural areas, where partial services have been provided to address failed services in accordance with policy 3.6.5 (a), infilling on existing lots of record may be permitted where this would represent a logical and financially viable connection to the existing partial service and provided that site conditions are suitable for the long-term provision of such services with no negative impacts.\nAs we work together to remove barriers to development, we anticipate more lots will be created in our rural areas. We\u2019ve noted that the current and proposed policies only allow partial servicing in the rural area for infilling on existing lots of record, and only where the partial services have been provided to address a failed service. The Township recommends that, where site conditions are suitable, partial services that are available to new and existing lots should be permitted, regardless of their origin.\nThank you for the opportunity to provide feedback on the proposed Provincial Planning Statement. We welcome any questions or further discussion on our comments outlined here.\nSincerely,\nMayor Tory Deschamps,\nOn behalf of the Council of the Township of Edwardsburgh Cardinal\n"
    },
    "92296": {
        "url": "/comment/92296",
        "comment": "There are substantial issues with the proposes that are being offered by the Ford government, some of which they have neglected to use any common sense to establish.  You continue to treat each community as identical entities.  Sorry but all farms are NOT equal. There are plots of farmland that are not accessible by large pieces of farm equipment, are wet, contain scrub brush, etc.   There is a way to preserve farm land at a slower pace yet allowing severances for the next generation.  For example:  In order to have ONE severance, the farm has to be owned for 10 years, in order to have TWO severances, the farm needs to be owned for 20 years.  They could also implement a policy that if the severed parcel of land is severed and sold within \u201cX\u201d number of years, there is capital gains taxes to be paid.  The government has allowed massive amounts of international investors to buy property in our Country for  \u201cinvestor\u201d gains thereby pushing home prices out of site for the next generation.   The government stole millions of acres of farmland for solar farms when windmills could have been used.  Does this make sense? There are massive issues with the health care system and the strain of the aging population.  Allowing severances for children can help keep the aging parents in their homes longer because their children would be there to help support, check in and take care of them.     In Norfolk County the community where we live, we have been denied a severance on multiple occasions only to be told that Norfolk County is deemed \u201cprime agricultural land\u201d and the government says, no severances on farmland.  Well I invite you, Doug Ford and Steve Clark to come and visit our \u201cvaluable\u201d farm land that consists of scrub brush, sumac, wetland, and acres where the new \u201clarge\u201d farm equipment cannot access.  Come visit us!!!  If we did not have jobs to support us we would be on social assistance as there is NO way we can survive off this \u201cprime agricultural land\u201d.  We live 400 metres from a hamlet, however, we still do not qualify according to the Ford government to sever an acre of farm land for our son.    My husband and I worked multiple jobs, sacrificed holidays and extras, didn\u2019t hold our hands out for social assistance, yet we are being dictated to as to what we can and cannot do with our \u201cOWN\u201d property that we have worked for and owned for 30 years.  The government continues to steal from the working class.  We are supposed to live in a Country that prides itself on democracy, however, it is looking more and more like dictatorship to us.\n"
    },
    "92299": {
        "url": "/comment/92299",
        "comment": "Total lunacy, where are the people who are going to buy these homes  going to find any work, the Liberal provincial government closed down the hydro generating  plant and took the stacks down so that no government would be able to re open the plant without spending millions of dollars, the only people who will profit from this are the big companies who are buying the land and building the homes, shortage of homes is not the problem, the price of the homes is.  Younger people cannot save money fast enough for the down payment, and interest rates are already putting people on the streets.\n"
    },
    "92300": {
        "url": "/comment/92300",
        "comment": "Our family does not want the proposed Nanticoke development to happen. Too many homes too fast. Our services are already barely getting by. The Nanticoke development will be unsafe and unhealthy. We need to protect the Stelco jobs as surely there will be neighbours of Stelco complaining about the pollution and horrendous air quality. We can't lose these jobs for our community members. Say no to irresponsible development.\n"
    },
    "92301": {
        "url": "/comment/92301",
        "comment": "Marginal Agricultural Lands should be available for rural residential development.\nWhen traveling across the province (driving or flying), note the abundance of marginal agricultural land parcels.  Although municipal water and sewer would be unavailable, perhaps development of residential subdivisions with larger 1 -2 acre lots should be allowed on such parcels.\nEffectively, purchasers of such lots would sell their homes in urban areas ... ie) increasing the supply of available housing.\n"
    },
    "92304": {
        "url": "/comment/92304",
        "comment": "Dear Minister Clark,\nI am writing to express my concerns regarding the proposed changes found in the proposed Provincial Policy Statement, 2023 (PPS 2023). Specifically, I am concerned about the impact the proposed policies will have on agricultural lands in the province.\nOntario\u2019s prime agricultural land is a finite, non-renewable resource that comprises less than 5% of Ontario\u2019s land base1. With the growing rate of farmland loss in the province, currently at a rate of 319 acres per day2, it is more important than ever before that the province protects our prime areas. Ontario\u2019s farmland directly supports the agri-food sector, which is the largest economic sector in the province, employing more than 750,000 Ontarians along the supply chain and annually contributing over $47 billion to the province\u2019s GDP3.\nWhile I recognize the need to address issues of housing availability and affordability, I am concerned that several of the policies in the proposed PPS 2023 will not adequately contribute to the housing issues and instead will create significant issues for the long-term viability of Ontario\u2019s agri-food sector. This submission will focus primarily on the proposed PPS 2023 impacts on the agricultural system.\nComments regarding Agricultural Systems and the proposed PPS 2023\nWhile I appreciate the attempt to adapt the Growth Plan policies pertaining to agricultural system mapping into the PPS 2023, the language undermines the previous requirement for municipalities in the Greater Golden Horseshoe from requiring them to use agricultural systems. S4.3.1 states, \u201cplanning authorities are encouraged to use an agricultural system approach.\u201d The use of the word \u2018encouraged\u2019 is not strong enough and will not require municipalities to use the provincial agricultural system mapping. Given that this is now optional for municipalities, it will decrease the likelihood of adopting agricultural systems mapping and create fragmented agricultural systems between municipalities. This is partly due to the added responsibility on rural municipalities that tend to have more limited resources to complete agricultural system mapping that the province would otherwise support. The use of a provincial agricultural systems approach to planning is crucial to protect agricultural land given its importance as an economic driver and in recognition of the natural heritage and hydrological features and functions that farmland plays4.\nRecommendation 1: The province should amend the language in the proposed PPS 2023 that requires agricultural system mapping for all municipalities.\nI note the removal of the policy language which stated, \u201cplanning authorities shall designate prime agricultural areas and specialty crop areas in accordance with guidelines developed by the Province.\u201d Instead, the proposed s.4.3.1.2 states, \u201cas part of the agricultural land base, prime agricultural areas, including specialty crop areas, shall be designated and protected for long-term use for agriculture.\u201d There is concern as to the various approaches that municipalities may choose to take on designating prime agricultural areas. Provincial guidelines should remain the standard by which municipalities designate prime agricultural areas, in order to ensure a consistent approach across municipalities. By removing this policy, the province is risking inconsistent approaches to designating prime agricultural areas which can lead to further farmland fragmentation, particularly between municipal boundaries. It is important to note that farmland fragmentation makes farming practices significantly more challenging and creates and assortment of land-use conflicts. While the policy states that prime agricultural areas and specialty crop areas shall be designated and protected for long-term use for agriculture, s.4.3.3 permits up to three lot severances per farm parcel, which undermines the protection s.4.3.1.2 states it is intended to provide. It is important to highlight here the contradictory nature of these sections: S.4.3.3 needs to be removed in order to protect the agricultural system that the PPS 2023 proposes needs to be protected.\nRecommendation 2: The PPS 2023 should include the requirement for municipalities to use the guidelines developed by the province to designate prime agricultural areas and specialty crop areas.\nRecommendation 3: S.4.3.3 should be removed in its entirety as it undermines and contradicts the notion of a contiguous agricultural system.\nI acknowledge that the policy provides opportunities for housing for new and young farmers during succession planning and transitioning the farm to new operators. However, municipalities should be permitted to allow for additional restrictions to help protect prime agricultural areas and mitigate the likelihood of conflict arising. The proposed s.4.3.3.2 prevents municipalities from being able to be more restrictive and prevent these types of conflicts, as well as utilize their own local knowledge and context for their communities needs, such as rural communities whose economies are heavily based on agricultural production. The weakened policies on utilizing provincial frameworks for designating prime agricultural areas as well as agricultural system mapping will put these rural and agricultural communities at risk.\nRecommendation 4: S.4.3.3.2 should be removed in order to allow rural and agricultural communities the ability to properly protect their agricultural system, rural character, and implement local context into their official plans and zoning by-laws.\nI urge the province to reconsider the proposed policy changes that have weakened the requirements for municipalities to implement an agricultural system and limit their  ability to include more restrictive provisions to protect their rich agricultural land base and economies. This will help ensure the long-term viability of agriculture in Ontario and protect the agri-food sector\u2019s significant contributions to the province\u2019s GDP and employment numbers.\nSincerely,\n(your name / organization name)\nReferences\n[1] Ontario Ministry of Agriculture, Food and Rural Affairs. 2016. Guidelines on Permitted Uses in Ontario\u2019s Prime Agricultural Areas. Retrieved from http://www.omafra.gov.on.ca/english/landuse/facts/permitteduseguide.pdf\n[2] Statistics Canada. 2021. Census of Agriculture. Retrieved from https://www150.statcan.gc.ca/t1/tbl1/en/tv.action?pid=3210015301&pickMe\u2026\n[3] Ontario Federation of Agriculture. 2020. Agriculture Matters \u2013 A Guide for Municipal Councillors and Staff. Retrieved from https://ofa.on.ca/resources/guide-for-municipal-councillors-and-staff/\n[4] Ontario Ministry of Agriculture, Food and Rural Affairs. 2020. Implementation Procedure for the Agricultural System in Ontario\u2019s Greater Golden Horseshoe. Retrieved from http://www.omafra.gov.on.ca/english/landuse/imp201\n"
    },
    "92305": {
        "url": "/comment/92305",
        "comment": "Dear Minister Clark,\nI am writing to express my concerns regarding the proposed changes found in the proposed Provincial Policy Statement, 2023 (PPS 2023). Specifically, I am concerned about the impact the proposed policies will have on agricultural lands in the province.\nOntario\u2019s prime agricultural land is a finite, non-renewable resource that comprises less than 5% of Ontario\u2019s land base1. With the growing rate of farmland loss in the province, currently at a rate of 319 acres per day2, it is more important than ever before that the province protects our prime agricultural areas. Ontario\u2019s farmland directly supports the agri-food sector, which is the largest economic sector in the province, employing more than 750,000 Ontarians along the supply chain and annually contributing over $47 billion to the province\u2019s GDP3.\nWhile I recognize the need to address issues of housing availability and affordability I am concerned that several of the policies in the proposed PPS 2023 will not adequately contribute to the housing issues and instead will create significant issues for the long-term viability of Ontario\u2019s agri-food sector. This submission will focus primarily on the proposed PPS 2023, section 4.3.3 Lot Creation and Lot Adjustments.\n"
    }
}