{
    "91085": {
        "url": "/comment/91085",
        "comment": "The Provincial Government is being reckless in the plan to persist in building on agricultural and green belt lands. The current proposal disregards the impact of both climate change and food insecurity both now and in the future.\nAccording to Statistics Canada, if the rate of building on agricultural land continues as it has from 2016 to 2025, Ontario will lose 25% of agricultural lands in the next 25 years. That's a conservative estimate.\nThat loss will make our communities even more dependent on non-local food sources in a time when climate change is creating droughts and fires. Building on green belt lands will also damage watersheds, and ecosytems, creating further climate damage.\nIn order for the survival and prosperity of future generations, sprawling suburbs can no longer be the norm. Look to European communities for socially responsible design.\nDo not sell off the future for private profit today.\n"
    },
    "91086": {
        "url": "/comment/91086",
        "comment": "ERO number019-6813\nI am a farmer, as were my parents before me. I agree 100% that farmers should have an opportunity to sever lots for residential development from their farms that are within the Greenbelt.\nLikewise I agree that rural settlement zones surrounded by farmland should be expanded into Greenbelt lands where a demand for housing exists.\n"
    },
    "91087": {
        "url": "/comment/91087",
        "comment": "To Doug Ford\nStop ruining our beautiful province!\nReplacing beautiful farmland, wetlands and green space is a terrible thing to do and will affect generation after generation.\nWith international political unrest and climate change affecting us all, we have a dire need for food security. Building on farmland, it will never be farmland again. Same for green spaces and wetlands. Wetlands protect us all by sequestering the carbon and other gases that promote climate change. Green spaces protect our wildlife. Destroying these lands will have a negative impact on the environment. Everything has to have balance and the balance of plant, human and wildlife is not balanced any more and is getting worse each year.\nYes, we need more housing. But build up instead of out. There are lots of places to build up in areas that are already residential. There are lots of condos in Toronto that have empty suites. Just because people want to \"escape to the country\" doesn't mean they should, at the cost to the rest of society and wildlife.\n"
    },
    "91088": {
        "url": "/comment/91088",
        "comment": "I do not support the government's proposal.\nFarm land is valuable and essential. It must be protected and once there is housing on the land, it will never be farm land again. Building housing on this land will also negatively affect the local agricultural ecosystem. Most people will also not like living close to farms due to smell, noise, and dust, further proving this land is not a good place for development.\nDo not allow more housing to be build on farm land. Instead, focus on building more \"in-fill\" housing in underutilized parts of urban and suburban areas.\n"
    },
    "91090": {
        "url": "/comment/91090",
        "comment": "This government is proposing a complete paradox with this policy: protect the environment and agricultural land but also force municipalities to expand into rural and agricultural areas to build unaffordable homes, but also they need to be mixed-use homes that are affordable.\nMy main comment is a request, as a constituent of Ontario, that this government be honest and plainly state that this plan has nothing to do with either protecting our environment, food supply, nor does it actually work towards providing more affordable housing. Just admit it. We know that this plan can\u2019t work as written - it doesn\u2019t make any sense.\nRespect the democratic decisions of municipalities that have said they don\u2019t want to expand their urban boundaries. Support cities in building modern, reliable transit. Remove barriers for developing densified housing within our cities. Stop paving wetlands and green spaces we need to prevent flooding and protect the ecology in Ontario.\nThis plan and all of Ontario\u2019s current housing and development plans are criminally negligent and obviously ineffective in what they say they aim to do. This government ought to be ashamed, both for lying directly to our faces continually and without shame, as well as for how blatantly self-serving these policies are.\nI guess that\u2019s my last comment: I humbly request that every member of the majority conservative party in Ontario be ordered to at least attempt to understand their hypocrisy and moral failing with this plan and their governance in general. If that can\u2019t be done, if they can\u2019t rationally conceptualize the damage they\u2019re doing and even feel some shame about it, then we\u2019re really in a horrible situation and this public feedback won\u2019t matter, will it?\n"
    },
    "91093": {
        "url": "/comment/91093",
        "comment": "I am writing to submit a comment regarding the proposal to sever up to three parcels from farm plots. I am a farm owner and manager myself, and I would like to offer an alternative to the opposition that has been reported in the media.\nAccording to various media reports and news articles, one would think that most farmers are against the idea of being able to build additional housing on farmland. I, on the other hand, think that a well-managed strategy to allow for housing and severance is not the boogeyman it\u2019s made out to be. We run a small 150 acre farm in which margins are very tight. In spite of these tight margins, we were able to tile 95 acres of land, which is now in organic production, only because we were able to sever and sell a surplus dwelling from the property. Without the ability to leverage our property to reinvest into the farm infrastructure, we would not now be producing over 90 acres of organic food. Farmers need to be able to make the decision to do what\u2019s best for their farming operation. For too long, we have been at the mercy of municipalities and (what can be) arbitrary rules, which have impeded small farmers and concentrated more land in the hands of larger corporate farmers.\nI could offer more input about my experience and why I think that allowing farmers some leeway to build housing and sever small amounts of land can have the effect of making farm operations more viable and productive, but hopefully this suffices to offer a brief counterpoint. We need to protect our farmland, but sometimes protecting a resource requires decisions to make an operation viable.\n"
    },
    "91095": {
        "url": "/comment/91095",
        "comment": "Preserving farmland is not only vital for farmers, and all consumers, but is an integral part of the lifestyle for other rural residents. As a country dweller myself, I am now being faced with an out-of-county farmer who has purchased 95 acres of prime agricultural land adjacent to me, tile drained the majority of it two years ago but has decided it is more lucrative to turn it into a < 60 home subdivision. This individual is requesting rezoning of the land and expansion of the town (hamlet\u2019s) limits to include this entire property and the county is already stressing \u201cFord\u2019s policy\u201d to support it. There are so many vacant lots, unused buildings in cities that should be re-purposed. You cannot regain agricultural land- you can reuse already developed land!!\nSave our lands, save our greenspace, save our wildlife!\n"
    },
    "91096": {
        "url": "/comment/91096",
        "comment": "This week I have seen farm group opposition to this bill. OFA, NFU, Christian farmers. In total they represent 46,000 farms . They represent us because it\u2019s mandatory to pay their dues to get a Farm Registration number. All 3 groups in total have less than 100 employees many do not own a farm. We are 46,000 farmers and no one sent out a survey to what we thought about lot severance. How do you think all these homes scattered around farms came about in the 70-80\u2019s. They came from farms. If the few farmers that oppose this are worried about smell and odour then don\u2019t severe. But I can tell you many want to severe for their family member or themselves when they retire and pass the farm down. I see a renewed sense of happiness among all my farming friends that are now encouraged that their family can live next to them or the generational farmers in my farm group that are struggling and actually selling off 2 lots will give them money to survive. The farming groups scream  and rant but never think about what is best for us. Not every 46,000 farmers are going to severe off lots. It is 38,000$ for city fees alone to ask for a lot severence and that doesn\u2019t include studies . By the time one is finished it will be 100,00$ in fees and that doesn\u2019t include a well or septic or cistern or electrical hookup. These farm groups are dreaming!!! But if you allow it and a farmer follows through then you will actually be helping the family that actually votes PC each and every time\u2026 remember this is private property and not a public asset and compare the farm groups to the teachers union\u2026 they do not always represent the teachers!!!\nWhich  groups were the ones that promoted that wind turbines should go on farms and look what the ramifications were from that move!!! And any farm that has or had a wind turbine on it took up way more than an acre of the farm. And no one thought about the neighbours living around those horrible wind turbines and the health implications they had on livestock and human health.\nThis opposition is a political left movement supported by Environmental groups that want Ontario to remain the same with no growth, no immigration and this is totally unrealistic and unreasonable. No one wants to discuss the full scope of why farmland is being lost and it is not entirely from development, it is also from environmental regulations.\nMinimum , you the government needs to promote ARUs, OFDUs and at least a lot severence even if it is  only 1. Someone has to speak up for private property rights in this province as well for the little guy who works out in the fields or in the barn.\n"
    },
    "91097": {
        "url": "/comment/91097",
        "comment": "WHEREAS on April 6, 2023, the Province of Ontario released for comment the proposed 2023 Provincial Planning Statement and Bill 97, Helping Homebuyers, Protecting Tenants Act, 2023;\nAND WHEREAS The Township of The Archipelago is a rural municipality, located within a UNESCO designated biosphere \u2013 the Georgian Bay Biosphere/Mindoo Gamii;\nAND WHEREAS Council for the Township of The Archipelago has reviewed the proposed changes and has raised concerns with respect to the following proposed policies:\n\u20182.6 Rural Lands in Municipalities\u2019 \u2013 which permits lot creation and multi-lot residential development on rural lands and removes policies requiring development to being locally appropriate or compatible with rural landscape.\n    \u20182.3 Settlement Areas and Settlement Area Boundary Expansion\u2019 \u2013 which permits new settlement areas and boundary expansions, without the need for a comprehensive review to support changes.\n    \u20184.1 Natural Heritage\u2019 \u2013 proposed natural heritage policies remain under review and cannot be considered in context with the other changes.\nAND WHEREAS Council for the Township of The Archipelago supports the changes to the Planning Act that re-establishes the use Site Plan Control for development that is located within 120 metres of a shoreline and 300 metres of a railway line;\nNOW THEREFORE BE IT RESOLVED that Council for the Township of The Archipelago direct staff to submit comments to the Environmental Registry of Ontario (ERO) in response to the proposed Provincial Planning Statement 2023 and Bill 97, supporting the Township of The Archipelago\u2019s strategic priorities and Official Plan policies to protect and preserve the natural environment and rural waterfront recreational character within the Township of The Archipelago.\n"
    },
    "91098": {
        "url": "/comment/91098",
        "comment": "I do not support the government's proposal.\nFarm land is valuable and essential. It must be protected and once there is housing on the land, it will never be farm land again. Building housing on this land will also negatively affect the local agricultural ecosystem. Most people will also not like living close to farms due to smell, noise, and dust, further proving this land is not a good place for development.\nDo not allow more housing to be build on farm land. Instead, focus on building more \"in-fill\" housing in underutilized parts of urban and suburban areas.\n"
    },
    "91099": {
        "url": "/comment/91099",
        "comment": "Do not make changes to the Greenbelt and remove protections from these lands in order to build homes. We all know that the homes built in rural areas will not help the housing crisis, as only rich people will be able to afford those rural homes. Focus efforts within existing urban centres and leave wetlands/greenspace/farmland alone. Stop breaking your promises!\n"
    },
    "91100": {
        "url": "/comment/91100",
        "comment": "Hi,\nI am a residential home owner in Ontario and support the farmers right to keep their land for agriculture.\nNot only will this area provide fresh food with less transportation pollution, but aids in leaving areas for water runoff to offset the effects of climate change.  We need to build vertically, like they do in Europe, to accommodate the need for housing.  Better designed cities should be walking distance to schools, community centres and grocery stores so we don\u2019t need to drive everywhere.\nA. Holek\n"
    },
    "91101": {
        "url": "/comment/91101",
        "comment": "I live in an agricultural area of Ontario and know first hand the challenges that result when you start over developing an area that's not equipped to deal with the septic/sewer, water, and other systems to support housing.\nThere has been a significant amount of conflict arise as well from families who have moved out to our rural area who have learned that living in a farming community may not entail exactly what they envisioned. Farming is loud at times, it's messy as the dust sits on everything that surrounds you, it can bring strong odors and even contamination.\nEven with its challenges though it brings us the ability to grow our own food and protect one of our most valuable resources we have aside from water. We cannot afford to lose this protection if we want to continue to survive and thrive as the future is uncertain and we cannot depend on other geographic areas in the world to look out for our interests if the demand exceeds supply.\nPlease reconsider and protect our food and water supply in our province for everyone's sake.\nThank you.\n"
    },
    "91103": {
        "url": "/comment/91103",
        "comment": "Hi,\nI am an Ontario homeowner who supports keeping the little farm land we have left.\nFarm land not only provides fresh produce with minimal transportation pollution, it provides areas for water to go, thus offsetting flooding problems due to climate change.\nHousing should be made vertical in the spaces that are already covered in concrete, like they do in Europe.  Communities should be designed so schools, stores, and community centres are in walking distance so we don\u2019t need to drive everywhere.\nIn our last municipal election, we voted to keep our farmland and the Ontario government should respect that.\n"
    },
    "91104": {
        "url": "/comment/91104",
        "comment": "I am absolutely opposed to your proposal to permit more housing on farms, including residential lot creation.  Farmland cannot continue to be lost, and your plans to resolve a housing problem will create a much larger problem for the future of farming and rural life in this province.  Shame on you for being so short-sighted!\n"
    },
    "91105": {
        "url": "/comment/91105",
        "comment": "This is bonkers. It is blinkered thinking, not considering the wider implications. There needs to be a balance between land used for housing and that for industry and agriculture. People don't just need a place to live, they also need food to eat. There is limited farmland in Ontario. Once it is gone, it is gone forever and shifts the balance of food produced locally. Food will now have to be trucked in from distant places. Did we learn nothing about supply chain disruptions during covid? Look at Europe and the problems smaller countries have with food production because housing has taken over agricultural uses. This is what southern Ontario will look like in 25 years if you allow farms to be paved over. Intensify urban development instead. Build more mutli-plexes and low rise multiple unit buildings instead of honking great big single family homes that sprawl out and require multiple cars per family. Higher urban density is smart as it is amenable to greater public transportation and vibrant communities where people can walk to services.\nForget making your developer buddies richer and instant millionaires out of speculative farmland owners - the majority of Ontario society will be robbed in this scenario of allowing oligarchs to steal Ontario assets for themselves.\n"
    },
    "91106": {
        "url": "/comment/91106",
        "comment": "This proposal is outrageous. Ontario needs to protect its farmland and the communities around it. There are other places we can develop land for housing, especially with the surge of work-from-home career opportunities. There are other rural areas - Muskoka, Near North, Northern Ontario - that are more suitable and wouldn't be removing land that is used to feed not only our country, but the world. Our farms are important and the idea that we would take some of this land that can't be found elsewhere is an irresponsible decision.\nWe obviously have a housing crisis. Highly educated workers with good paying jobs can't afford houses. Many houses are left empty or used solely for short-term vacation rentals. Why aren't we doing more to find better uses of these homes? Corporate profit and international investment should NEVER be higher priority than Canadians owning homes on their own territory. It's understandable that more housing is needed for a growing population, but Canadians feel like we aren't being set up for success and our government is failing us. Why on earth would the first choice be to take land from those who are growing our food? Do better.\nIs housing not considered a basic human right? How can we justify a basic human right being misappropriated as a profit scheme?\n"
    }
}