{
    "91531": {
        "url": "/comment/91531",
        "comment": "I purchased a property consisting of 7 acres of agricultural land in 1996 with the intent of applying for a consent to sever in the future.\nI believe it was 2005, the pps changed and no longer allowed for infilling lots for residential purposes.  The property was purchased as a small parcel, which I felt never had any viable or sustainable true agricultural uses, considering the value of the purchase price was well in advance of what a farmer would pay per acre.\nNow, I am curious as to how the agricultural federations have so much  influence on what can and cannot be done in the rural communities.\n"
    },
    "91532": {
        "url": "/comment/91532",
        "comment": "The changes imposed by the proposed Provincial Planning Statement is a very significant shift in where development is directed and how communities will grow. As identified in the attached material, the proposed changes are much more permissive and it would be easier to expand settlement area boundaries and designate land for development. Furthermore, the proposed changes will make it easier to establish more housing within prime agricultural lands. These changes would have a considerable impact on the Township of Oro-Medonte\u2019s Planning resources in order to accommodate the influx of development applications received by the Planning Division.\n"
    },
    "91534": {
        "url": "/comment/91534",
        "comment": "My thoughts on the proposal are:\n- do not remove any land from the Greenbelt, in fact, add more\n- do not build Hwy 413 or the Bradford bypass, in fact, do something to make the 407 better utilized instead\n- do not pave over anymore farmland in Ontario, there is very little of this precious commodity and we need it all to feed the people you are planning to come to the province\n- give incentives to municipalities to build up, add density, and remediate and build on brownfields instead of spreading anymore\n-let municipalities follow their own master plans re: development, do not force them to spread\n- give Conservation Authorities back powers that you took away, we need them to help mitigate flooding (which is only going to get worse with climate change)\n- do not force Conservation Authorities to sell land or turn any over for housing\nPlease do better for our environment.\n"
    },
    "91536": {
        "url": "/comment/91536",
        "comment": "Farming and residential do not mix.\nResidential should be close to where they work((the corridor).\nThe perfect place for development is the green belt.\nIt\u2019s close to where people work. It keeps urban residential close together so public transit becomes feasible- as opposed to spread all over the country in farming area where transit is not feasible.\nThe green belt isn\u2019t saving any farmland or habitat anyways- if you develop an acre outside the green belt because you can\u2019t develop inside the green belt, how much habitat or farmland has it saved?(none)\nThe green belt-as it is- is a disaster for the people of Ontario.\n"
    },
    "91539": {
        "url": "/comment/91539",
        "comment": "I oppose legislation changes that would permit further fragmentation of agricultural land in Ontario. Prime farm land is a precious resource, and when residential use expands further and further into this resource, it threatens our food security and sustainability in the future. The impact of current housing practices also permanently changes the possibility for that land to return to agricultural use.  Furthermore, fragmentation of agricultural land is not even being pursued for truly affordable or sustainable housing.\n"
    },
    "91542": {
        "url": "/comment/91542",
        "comment": "Canadian Manufacturers & Exporters Submission\nProposed Provincial Planning Statement\nOntario manufacturers support bold measures to densify communities and improve the supply of housing, so our sector can get the workers it needs to be successful. There is an urgency in that regard. In the CME\u2019s 2022 Labour and Skills Survey, Ontario manufacturers reported that labour and skills shortages in the sector cost Ontario\u2019s economy almost $4 billion in the last year.\nSuch policies must be balanced by corresponding protections for employment areas. People need housing as well as quality employment in their communities to pay for this housing. As such, the proposed Provincial Planning Statement (PPS) should prioritize the utilization of existing residential areas for additional housing while minimizing the disruption to critical, scarce, and sensitive protected industrial lands.\nTo accomplish this, provincial land use policies must include clear provisions and safeguards to deter speculation and encroachments. These provisions are absent from the current draft PPS circulated for input. In fact, existing protections for employment and industrial lands are proposed to be removed, inviting more disruption for Ontario manufacturers in the future.\nTo provide appropriate certainty for companies to attract the investment needed to propel our sector forward, CME recommends the following:\n1.\tDesign areas of employment to fulfill the original policy intent of Provincially Significant Employment Zones (PZEZs) and push further where this framework fell short\nAccording to preliminary analysis conducted by the Toronto Region Board of Trade, there were hundreds of requests to convert industrial lands to residential in the Greater Toronto Area during the current Municipal Comprehensive Review (MCR). While a small number of conversions are being approved, these requests and the land speculation associated with them drive up property values, which increases costs and uncertainty for manufacturers.\nThis is happening because key industrial areas south of highway 401 in the Toronto area were omitted from the original designation of Provincially Significant Employment Zones (PSEZ) in 2019.  Further, the province never acted on the original policy intent which was to provide long-term certainty for these areas and protect them from re-zoning. Without enforcement mechanisms, the policy became less relevant.\nThe removal of the Municipal Comprehensive Review is expected to only exacerbate the situation, as it will mean conversion requests for employment lands can now occur at any time.\nWhat will replace the current framework for employment lands protection is not yet clear. On p.2 of the document outlining the implementation approach for the new PPS, there is mention of possibly identifying \u201cselect PSEZs or portions of PSEZs for the sole purpose of protecting lands exclusively for employment uses through an alternative approach (e.g., section 47 of the Planning Act)\u201d.  This lack of clarity suggests a willingness to let more industrial areas be converted in absence of an explicit guidance issued by the province to protect them.\nWhile CME is not opposed to the idea of using MZOs to protect employment lands, we are concerned that the current wording suggests a very limited scope for the policy. Such a laissez-faire approach is concerning, as the re-shoring of our industries is happening now, and once an industrial area is converted to residential use, it is usually gone forever.  We will not get another opportunity to get it right.\nTo be effective, an employment area framework must be comprehensive and provide enhanced protections to deter speculation driving up costs for manufacturing operations.  As such, the new process should:\n\u2022\tProvide ability for both municipalities AND the province to create new employment areas.  The province should retain a say and provide specific direction for planning in those areas to be implemented in coherence with economic development strategies. Consultation with other departments such as MEDJCT should also remained explicitly mandated when a subtraction from an existing Area of Employment is proposed.\n\u2022\tEnshrine long-term protection against conversion of industrial areas deemed critical (10 years or more) to provide additional planning and investment certainty. The longer areas are explicitly protected, the stronger the signal to companies that those areas be relied upon to operate, therefore increasing certainty that costly equipment and real estate will deliver a return on investment.\n\u2022\tRetain the current five-year limitation on when conversions can occur. Previously, the Municipal Comprehensive Reviews (MCR) allowed municipalities to preserve a holistic view by consolidating requests every five years. With this process effectively removed, conversions can now occur at any time, leading to a \u2018death by a thousand cuts\u2019 effect where incremental encroachments erode industrial areas over time.\n\u2022\tDifferentiate across various areas of employment types. Building on successful approaches in Sydney, Australia and the London area in the UK, the PPS should provide differentiated guidance for different types of industrial lands, moving away from the current \u2018one-size-fits-all\u2019 approach. Where it makes sense, light industrial can act as a buffer between heavy industry and residential, allowing intensification in a more coherent way.\n2.\tExplicitly prioritize the intensification of existing residential areas to end creeping encroachments on areas of employment\nThe proposed, modified definition of \u2018areas of employment\u2019 enables conversion of employment zones to residential development.  The implementation is left to municipalities, which in our experience often pursue short-term residential tax revenue maximization to the detriment of long-term economic planning. As a general principle, residential development should take place in designated residential areas before employment land conversions are permitted. Not doing so may result in an over-designation of residential land and undermine densification efforts, while also compromising the availability of employment lands.\n3.\tInclude broader provisions to include appropriate buffer space between residential and industrial areas\nSection 2.8.1.3. of the policy currently provides that residential uses shall be permitted on lands for employment outside of employment areas. In some case however, development on adjacent land may be problematic and lead to encroachments, impacting industrial operations. We would welcome more flexible language leaving room for appropriate exclusion zones to be created for other motives than public health and safety.  For example, a company may need to be further removed from residential developments if it requires nighttime operations, generates noise or emissions.\n4. Consult on a fully developed framework to protect industrial areas of employment prior to implementing the consolidated Provincial Planning Statement\nThe proposed process using s. 47 of the Planning Act (Ministerial Zoning Orders) needs to be fully detailed and take effect simultaneously with the new policy. At this time, there is simply too little known about the proposed framework to determine if it will be adequate and effective. We believe the policy must be crafted with explicit involvement of manufacturers to preserve operations and ability to attract investment for the future. There also needs to be a mechanism for ongoing consultations with relevant stakeholders on appropriate land use planning policies and designations\n"
    },
    "91543": {
        "url": "/comment/91543",
        "comment": "One of the frightening things that is happening very quickly is the landgrab of agricultural land by investors.  Farmers are becoming landless serfs.  Greg __ in the U.S. is a popular speaker and influencer who shows how a grazing operation can work effectively with absentee landowners.\nThe Ontario Government needs to understand exactly what is going on.  Who is keeping tabs on this?\nON June 12, 2023 the Ontario Farm Land Trust hosted a presenter from the Agrarian Commons, Nathan Galaviz, at their AGM.\nThis is an important model for the Ontario Government to encourage and support.  Please study carefully.  Encourage the Ontario Farmland Trust to support the creation of such a system worked out for our legal system and context:\nFor background on the Agrarian Commons model:\nOverview of the Agrarian Commons Model and Structure https://agrariantrust.org/initiatives/agrarian-commons/structure/\nAgrarian Commons Frequently Asked Questions https://agrariantrust.org/initiatives/agrarian-commons/frequently-asked\u2026\nFor more information on leases, here are a couple of resources to explore:\nEquitable Lease Template https://farmlandaccess.org/land-trusts/agrarian-commons-guide/equitable\u2026\nModel Ground Lease and Easement Documents from Equity Trust http://equitytrust.org/model-documents/\nThere is not an existing Agrarian Commons in Canada, but I this is great reference material.\nAs far as forming a new Agrarian Commons, the key ingredients we've found to be important for getting started are (1) land, (2) community, (3) vision and/or embodied investment in place, and (4) financial possibility. You can read more about what's involved in this guide to Creating an Agrarian Commons:\nhttps://farmlandaccess.org/guide-to-creating-an-agrarian-commons/\nAnd this page provides a detailed list of the criteria Agrarian Trust is looking for when exploring development of a new Agrarian Commons with a community, with a link to an application:\nhttps://www.agrariantrust.org/initiatives/agrarian-commons/starting-an-\u2026\nYou can learn more about individual agrarian Commons on our website:\nhttps://www.agrariantrust.org/initiatives/agrarian-commons/\nAnd you can read stories about recent projects and collaborations within our Commons Network here:\nhttps://www.agrariantrust.org/blog/\n"
    },
    "91544": {
        "url": "/comment/91544",
        "comment": "Our kids who want to take over their family farms do not have the same opportunity we had. We were able to build  a house on the farm and raise our families. They must live miles away to rent small spaces to raise their families, when perfectly good pieces of land sit undeveloped. We have a lot that cant be used for farming and would only be suitable for housing. It's a waste. Please help our kids, they need us... or the future of our farm operations are going to be at risk.\n"
    },
    "91548": {
        "url": "/comment/91548",
        "comment": "Tay Valley Township supports a number of the proposals in the Draft 2023 Provincial Planning Statement:\n\u2022\tClimate change mitigation and adaptation are of great importance to Tay Valley Township. The Township has already experienced exacerbated flooding, as well as drought, and other devastating impacts such as the derecho, extreme heat, and increased disease carrying pathogens (Lyme disease, West Nile virus, etc.). Tay Valley has adopted a Climate Action Plan approved by the Federation of Canadian Municipalities and has a Green Energy and Climate Change Working Group;\n\u2022\tRetention of natural hazards policies related to flooding and slopes is welcome because the Township contains 32 lakes and 9 rivers and many steep slopes;\n\u2022\tLow Impact Development as it relates to stormwater management through green infrastructure (swales, permeable pavement, etc.) will help to maintain the Township\u2019s rural landscape and supports biodiversity and is usually cheaper than pipes and concrete to manage stormwater;\n\u2022\tWatershed Planning (undertaking planning at the scale of watersheds) provides better protection of the Township\u2019s many lakes and rivers than planning by artificial municipal boundaries;\n\u2022\tWater Resource Systems planning provides for better ecological and hydrological integrity for the Townships 32 lakes and 9 rivers; and\n\u2022\tRetention of policies on human made hazards is welcome as the Township contains some brownfields, etc.\nTay Valley Township also has strong concerns about a number of proposals in the Draft 2023 Provincial Planning Statement:\n\u2022\tLoss of local control.  The 2020 Provincial Policy Statement (PPS) states that, \u201cMunicipal Official Plans are the most important vehicle for implementation of this Provincial Policy Statement and for achieving comprehensive, integrated and long-term planning\u201d. The 2023 Draft Provincial Planning Statement removed that statement and added section 4.3.3.2 which states that Official Plans and Zoning By-laws, \u201cshall not contain provisions that are more restrictive than policy 4.3.3.2 except to address health or safety concerns\u201d.  Tay Valley Township objects to this major curtailment of its ability to manage land uses throughout its geography.\nThe Draft 2023 PPS gives the Minister of Municipal Affairs and Housing the power to override municipal decisions (e.g., Official Plan, Minister\u2019s Zoning Orders) and impose the development of large carbon-footprint housing that is more profitable for developers to build instead of supplying affordable housing.\n\u2022\tLoss of rural landscape.  The 2023 PPS removed wording from the 2020 PPS that stated \u201crural settlement areas shall be the focus of growth and development\u201d and that sought \u201ccompatibility with the rural landscape\u201d. Tay Valley Township has eight Hamlets. The remainder of its geography is largely rural (approximately 70%) or agricultural land (approximately 30%). With the removal in the Draft PPS 2023 of the requirement for a comprehensive review to justify settlement area expansion, Tay Valley Township\u2019s landscape will face pressure to allow low density inefficient development that is the hallmark of sprawl (as defined by the Ontario Professional Planners Institute, the American Planning Association, and the American Farmland Trust).\nSprawl style land use has been shown repeatedly to cost municipalities more money in inefficient infrastructure costs than clustered development (e.g., in studies by Hemson, Smart Prosperity Institute, Bloomberg, and Strong Towns, etc.).\n\u2022\tThe Township would like to see language included in the Draft 2023 PPS requiring new settlement area designation and settlement expansion to demonstrate financial sustainability of infrastructure costs, avoid leapfrog development, and protect other provincial interests (e.g., mitigate climate change, protect biodiversity, provide a range of housing types, etc).\n\u2022\tThe removal of the requirement for consideration of \u201ccross-jurisdictional issues\u201d makes it unclear whether sprawl style development could occur on the borders of the Township without its input.\n\u2022\tLoss of agricultural land.  Agricultural lots makes up 27% of all lands in Tay Valley Township. The multiple dwellings and multiple severances proposed for the first time in prime agricultural land represent a seismic change in Ontario\u2019s land use policies. The impact of allowing three residential units on prime agricultural land and allowing for the severance of up to three lots in prime agricultural land would affect lots in two of the three geographic townships in Tay Valley Township (Bathurst and North Burgess) that have not seen their land use pattern change in decades.\nPermitting these severances and additional dwellings reduces Tay Valley residents\u2019 food security by allowing sprawl on the Township\u2019s most productive farmland.\n\u2022\tReversal of affordable housing. The housing stock in Tay Valley Township is currently 98% single family dwellings. The Draft 2023 PPS proposes to remove the 2020 PPS definition of \u201caffordable\u201d for both rental units and home ownership based on the Canada Mortgage and Housing Corporation\u2019s (CMHC) definition of \u201caffordable\u201d as a household paying no more than 1/3 of their income for shelter.  This definition continues to be the standard for housing providers. Changing wording to encourage a range of housing options is a step backward in achieving affordable housing.\nA recent study by WSP for Lanark County indicated that less than half of the residents in Lanark County could afford to purchase a house in 2022. To provide a greater range of housing options, the province should support the County of Frontenac\u2019s proposal for it to provide a public utility for communal septic services so that multi-unit dwellings could be offered in Tay Valley Township\u2019s eight Hamlets.\n\u2022\tRemoval of Natural Heritage Systems. The natural heritage features of Tay Valley Township are unique.  Tay Valley Township lies at the southernmost point of northern Ontario ecosystems and the northernmost point of southern Ontario ecosystems.  It is the easternmost point of the biosphere known as The Land Between (headwaters for most of southern Ontario) and the westernmost point of the Frontenac Arch Biosphere.\nThe Draft 2023 PPS removes the entire section of the 2020 PPS covering the protection of Natural Heritage (including significant wetlands, woodlands and wildlife habitat). Instead a box with the statement that \u201cnatural heritage policies remain under consideration by the government\u201d was all that was offered. The Township believes that it is premature of the province to present a document designed to guide land use across the province without a section on natural heritage.\n\u2022\tIncreased environmental impacts.  Changes presented in the Draft 2023 PPS that allow more scattered low-density housing, reduce the previous 2020 PPS focus on waste management, and are silent on protecting biodiversity will undermine the ability of the Township to achieve the objectives in its Climate Action Plan.\n\u2022\tLack of Indigenous consultation. The Township sits on unceded Algonquin Territory. The province has not communicated with local indigenous communities about increasing sprawl within their traditional territories. In addition, the Draft 2023 PPS requires municipalities to undertake early engagement with Indigenous communities and coordinate with them on land use planning matters to facilitate knowledge-sharing, support consideration of Indigenous interests in land use decision-making and support the identification of potential impacts of decisions on the exercise of Aboriginal or treaty rights. However, without providing funding, the province is promoting a superficial approach to engagement.\n\u2022\tEconomic Impacts to the Township. The Draft 2023 PPS will result in increased costs to Township for undertaking liaison with the County Housing Manager, consulting with Indigenous interests; watershed planning; promotion of inefficient land use, and increased costs for infrastructure.\nFor specific responses to the ERO questions please see below.\n1.\tWhat are your thoughts on the policies that have been included from the PPS and A Place to Grow in the proposed policy document, including the proposed approach to implementation?\nThe Township is opposed to many of the proposed policies because they are a huge step backward in community and land use planning and the harm the policies will do does not even seem necessary. (See attachment 1.)\nReports by The Alliance for a Liveable Ontario, the Regional Planning Commissioners of Ontario (RPCO) and others have concluded that there is more than enough land within existing urban boundaries across the Greater Golden Horseshoe to accommodate and exceed the housing target set by the province. In fact, the RPCO concluded that Ontario has more than 1.25 million permits approved to build, but because there is no set timeline by which a developer must build the home they are not being built.\nThe Township is opposed to the policies that promote sprawl development by:\n\u2022\tremoving the previous requirement that planning authorities establish and implement minimum targets for intensification and redevelopment within built-up areas,\n\u2022\tallowing Settlement Area boundary expansion or creation of a new Settlement Area without a comprehensive review or the requirement to demonstrate the need for expansion,\n\u2022\tallowing 3 severances on Agricultural land plus 2 additional dwelling units for the primary dwelling\n\u2022\treducing density targets from 80 units/ha to 50 units/ha in 29 large and fast-growing municipalities.\nSprawl development has many negative consequences that planners have worked hard to prevent over the past 50 years in Ontario. Sprawl consumes farmland. Sprawl consumes nature whose features (plants, streams, insects, fish and animals) provide biodiversity.\nThis sprawl development is low density development (one home per lot) so it does not provide a wide enough range of housing types to produce affordable housing.\nThese sprawl policies do not provide enough density outside of Large and Fast-Growing Municipalities to support transit. Lack of access to transit means whole groups of residents cannot live in sprawl subdivisions which increases inequity. More cars and no transit means sprawl promotes a decrease in air quality.\nThe policy proposals for lowered density that increase sprawl also increase greenhouse gas emissions due to the need to travel by car to get to work or stores. The policy proposals related to sprawl increase greenhouse gases in the atmosphere because the carbon sequestration provided by the plants is lost when they are built on for housing and roads. These policy proposals accelerate climate disruption and make it harder for Tay Valley Township to meet its Climate Action Plan goals for mitigation.\nThe policy proposals related to encouraging housing on farmland threaten food security which makes it harder for Tay Valley to meet its Climate Action Plan goals for adaptation to climate disruption.\nThe proposed wording change in Section 2.1.4 of \u201ccomplete communities\u201d rather than the previous reference to \u201chealthy, livable and safe communities\u201d focuses on combining uses (housing, stores, schools) which is a good thing.  But it leaves out any focus on promoting health and wellness, connection, programming for arts and recreation, etc.\nThe Township supports the retention of the policies on natural hazards, human made hazards and climate change.\nThe Township supports the added definition of Low Impact Development as it relates to stormwater management through green infrastructure (swales, permeable pavement, etc.).\nThe Township supports the added definition of Watershed Planning as undertaking planning at the scale of watersheds provides better protection of natural resources than planning by municipal boundaries.\nThe Township also supports the added definition of Water Resource Systems because recognizing that nature is best described through a systems perspective, rather than as discrete segments provides for better ecological and hydrological integrity.\n2.\tWhat are your thoughts on the proposed policy direction for large and fast-growing municipalities and other municipalities?\nAlthough the Township is not one of the 29 large and fast-growing communities, the impacts from the sprawl development that will occur from their reduced density targets will affect Tay Valley residents through increased air pollution, increased greenhouse gas emissions, and greater food insecurity.\n3.\tWhat are your thoughts regarding the proposed policies to generate housing supply, including an appropriate range and mix of housing options?\nThe Township is concerned that Proposed Policy 2.2.1(a) removes the former definition and requirement that planning authorities establish and implement minimum targets for the provision of housing which is affordable to low- and moderate-income households. Instead, planning authorities would be required to co-ordinate land use planning and planning for housing with Service Managers to address the full range of housing options, including \u201chousing affordability needs.\u201d\nThe Township is concerned that the 2023 Proposed Provincial Planning Statement removes the requirement for compatibility with the rural landscape.\nThe Township would welcome funding to undertake the province\u2019s requirement for \u201cearly engagement with Indigenous communities and to coordinate with them on land use planning matters to facilitate knowledge-sharing, support consideration of Indigenous interests in land use decision-making and support the identification of potential impacts of decisions on the exercise of Aboriginal or treaty rights\u201d. Without funding for Indigenous communities to undertake studies, it will be difficult to have meaningful discussions.\n4.\tWhat are your thoughts on the proposed policies regarding the conservation of  agriculture, aggregates, natural and cultural heritage resources?\nThe Township believes it is a dereliction of responsibility by the province that a new Provincial Planning Statement would be presented without any description of Natural Heritage Policies.\nThe Township shares the serious concerns of the Ontario Federation of Agriculture, Dr. Wayne Caldwell, Guelph University and the Ontario Farmland Trust that the proposed changes to agricultural policies will make it easier to establish more housing within prime agricultural lands (see attachments 2 and 3).\nThe Township is concerned that Draft policy 4.3.2.4 would permit a principal dwelling associated with an agricultural operation \u201cto be located in prime agricultural areas as an agricultural use\u201d.\nThe Township is concerned that following from 4.3.2.4, Draft policy 4.3.2.5 would permit,\u201d subordinate to the principal dwelling, up to two additional residential units in prime agricultural areas, provided certain conditions are met, including compliance with the minimum distance separation formulae and the appropriate provision of sewage and water services (among other requirements)\u201d.\nWhile the Township supports additional residential units, it does not support those units then being able to be severed as is proposed by policy 4.3.3.1, meaning up to three lots may be created, potentially conflicting with the concept that they are subordinate to the principal dwelling.\nWith the estimated increase in number of houses that could be built on Agricultural land provided by Dr. Caldwell, the Township believes serious questions about groundwater supply, nitrate dilution capacity, and the ability of livestock operations to expand need to be answered before these policies are adopted.\nDr. Caldwell also questions whether these new lots will even increase affordable housing supply. \u201cWill most farmers take the opportunities quickly to sever and then sit on these lots for their children or for a rainy day?\u201d\nThe Township strongly objects to this form of development being proposed because it typifies sprawl with all its negative impacts.\nThe Township believes the province\u2019s policy on aggregates should be revised as, again, the amount of aggregate extraction approved is well over the amount needed well into the future.\nThe Township only has one designated heritage building and that is privately owned so the requirements for maintenance are not of particular significance.\n5.\tWhat are your thoughts on the proposed policies regarding planning for employment?\nThe Township does not have a concern with the changes to employment lands as it contains very little land with that designation. The Township does wonder if by scoping the test for employment conversion, some residential developments may be negatively impacted by being built beside industrial uses in employment lands.\n6.\tAre there any other barriers to, or opportunities for, accelerating development and construction (e.g., federal regulations, infrastructure planning and approvals, private/public partnerships for servicing, provincial permitting, urban design guidelines, technical standards, zoning, etc.)?\nPerhaps the province should consider a lapsing date for development approvals if housing is not built since research by the Regional Planning Commissioners of Ontario reported that over 1.2 million units of housing have received development approvals but builders are not building these approved units.\nThe province should contribute funds to create co-operatives as they are one of the most effective ways to provide long term affordable housing.\nThe province should also require all new housing to meet Net Zero standards these standards produce lower heating and cooling bills thereby making housing more affordable.\nThe province should identify its land holdings that could be set aside to create affordable housing (using the Canada Mortgage and Housing Association definition).\n"
    },
    "91549": {
        "url": "/comment/91549",
        "comment": "Good day.\nI believe that large lots that are in-between two houses with the proper frontage and utilities pose less of an encroachment on agricultural zoned areas (farmland). This in my opinion would make the most sense for increasing housing availability.\nExample\n4-acre lot with one house at one the end of property and another at the other end with 3 acers in-between them.\nSever the 3 acres in-between the two houses 3 x 1acre lots.\nThe 3 acres of land was never used for farming in the first place. It just sits there.\nFurthermore, more revenue would be generated for the county than just idle land sitting there having no useful purpose except to grow weeds.\nThank you.\n"
    },
    "91551": {
        "url": "/comment/91551",
        "comment": "I represent a 4 generation of farmers in Norfolk county. My entire family supports lot severances in rural areas. Further more we feel that land that has no agricultural benefits should be permitted to be split into 1/2 acre lots. We are members of OFA and we have not been asked or do we support there stand or rational on not supporting severances.\n"
    },
    "91560": {
        "url": "/comment/91560",
        "comment": "Please stop catering to the livestock sector! They have enough income protection.\nWe are crop farmers and own small corner fields and bushlots that are perfect for a residential severance. Local municipality denies these applications. What better place to put a house than on a field that\u2019s to small to turn our equipment around in. These rural severances require very little infrastructure as they are self sufficient with a well and septic system.\nStop listening to the OFA and special interest groups\n"
    },
    "91564": {
        "url": "/comment/91564",
        "comment": "I am representing a 5 generation family farm in Norfolk County. Myself and my entire family support lot severances and feel that it is up to the land owner to decide whether or not they make use of the lots that they choose to sever off of their farm. I agree that there should be every attempt to not use highly productive farm land in place of a severance but feel that it should be something that the county work with the owners of the land to find the best suitable placement of lots. I do not believe that farmers are asking for multiple severances rather 1 lot per 50 acres. We also support multiple lot severances on land that is not farmable. Example 3 acre parcel that can not be used for agricultural farming be granted severances for 6 1/2 acre lots. This would have no impact on agricultural land and would help let others enjoy county living along with make use of land that is dormant and has no use. Just having the opportunity to use the lot as capital to expand one\u2019s operation or to simply leverage a loan against the lot will be instrumental in helping farmers keep up with rising inputs that are moving faster than the return. I am a member of OFA and I am very disappointed that they played a very significant roll in having the government pull farm severances out of bill 97. There support was from land owners that do not support lot severances because of the type of farming that they do. Very simple if you do not want to participate in severances than don\u2019t but for those that do than do not stand in there way. Again it should be up to the owner of the land.\n"
    },
    "91566": {
        "url": "/comment/91566",
        "comment": "I\u2019m a 5th generation in the small town of cooks town looking to take over the family farm. There is a lot on their where a farmhouse once stood that would be perfect for me and my family to build and live on but because of the strict severance laws we are unable - instead we are renting a basement apartment 40 minutes away. We dont have the same opportunity my parents did when they were taking over the farm. Please help the next generation of farmers - loosen the severance laws. Even allowing 1 lots per farm would go so far\u2026 split the difference from what you were proposing because we need your help.\nThank you.\n"
    },
    "91580": {
        "url": "/comment/91580",
        "comment": "I am very concerned about the lack of recognition of the importance of Ontario's cultural heritage policy.\nThe proposed statement 4.6.1 \"Protected heritage property, which may contain built heritage resources or cultural heritage landscapes, shall be conserved\" limits protection to only those few heritage resources which have already been designated.\nThis is very serious, as most heritage properties and landscapes associated with more recent arrivals to Ontario than the Europeans whose 19th century buildings we have generally designated, cannot be recognized and conserved.  Surely a Hindu temple built in the past 50 years is worthy of protection.  Or a fugitive slave's modest home whose historical significance has been only recently discovered.\nBut if the wording is left as proposed, buildings whose significance are recognized only \"at the last minute\" when someone else proposes to buy the property and demolish the Hindu temple or fugitive slave cabin,  there will be no opportunity to save these important parts of Ontario's history and culture.\nI want to wording of 4.6.1 changed to say \"Cultural heritage property, which may contain built heritage resources or cultural heritage landscapes, shall be conserved.\"\n"
    },
    "91581": {
        "url": "/comment/91581",
        "comment": "On behalf of the Western Ontario Wardens\u2019 Caucus (WOWC), please find attached a submission signed by WOWC Chair Glen McNeil regarding ERO posting 019-6813.\n"
    }
}