{
    "91108": {
        "url": "/comment/91108",
        "comment": "The Greenbelt should not be touched or impacted in any way. Current farmland should not be used for large housing builds. Builders and municipalities have gotten greedy in constructing homes so close together, leaving no trees or green space. Farming community infrastructure for sewer, septic, well systems, internet provision, etc. cannot handle this growth.  I respect the concerns of farmers and of Greenbelt supporters. Work instead on reducing the unaffordable cost of homes and empty condos in the GTA region, where rental units in many condos sit empty because of the cost and your average family cannot afford to buy a home.\n"
    },
    "91109": {
        "url": "/comment/91109",
        "comment": "As someone who grew up in rural Ontario and has now moved to a city for education, I firmly believe we need to focus more on urbanization and expanding public infrastructure and densification within cities than comitting to more unsustainable (ecologically and financially) urban sprawl. Ontario needs to preserve its farmland and natural beauty and build new housing where it makes the most sense and will be most affordable to the people who need it. We don\u2019t need more highways, we need more medium density housing.\n"
    },
    "91110": {
        "url": "/comment/91110",
        "comment": "I agree with farmers in this province who oppose the use of agricultural land for housing development. It is a wrong thing to do.\nI would like to be clear that I am not a farmer. I grew up in the middle ring of a major UK city, moved to Canada and lived in midtown Toronto for 15 years, before moving to a small town in rural Ontario where I have lived for 25 years.\nFarmers are right in pointing out the issues of infrastructure (well systems, sewage, heating systems/cooling systems, internet availability, road access--especially in the winter and spring) and transportation (even rural towns often have no public transit), along with issues of environmental difference where you have animal and/or crop farming, such as widespread smell from manure spreading, dust from harvesting, burn off of residual in fields. There are also issues of social infrastructure such as provision of schooling, shops, entertainment (even basic things such as cinema or a public pool or park) which urbanites anticipate to be available.\nNor do they understand that the nature of work and entrepreneurship are quite different. You no longer have the same traffic factor that can apply to marketing concepts you might use in thinking about opening a small business in an urban setting.\nFrom experience, I know how little understanding urbanites have of a rural environment and how fast dissatisfaction sets in. Not enough to do, businesses opened and failing, schools not offering the same services and opportunities as in the city.\nBuilding on marginal land within the precinct of existing small towns offers a far, far better approach all round.\n"
    },
    "91111": {
        "url": "/comment/91111",
        "comment": "The province of Ontario has a vast amount of unused, or underutilized space in the Northern half of its territory. Rather than building on prime farmland which cannot be reclaimed once built upon, or further removing available industrial sectors in the Southernmost part of the province, what is preventing you from investing in expansion of the towns and cities which already exist up North?\nNot only would such an investment aid the growth of the province, and help with economic growth in those regions, it would allow Ontario to better connect to the Western provinces and Northern Territories, by increasing the infrastructure in those areas.\nFurthermore, increasing provincial mandates for affordable housing units to be included in ALL new construction projects such as condo or apartment towers would allow for greater accessibility to housing within existing urban centres where it is most desperately needed. Developers should face more than a slap on the wrist or minimal fines for ignoring existing rules, and the province is in a position to impose them to a greater extent than ever before.\n"
    },
    "91112": {
        "url": "/comment/91112",
        "comment": "Town of Lincoln comments.\n"
    },
    "91113": {
        "url": "/comment/91113",
        "comment": "https://www.cbc.ca/news/canada/toronto/ontario-farmers-housing-severanc\u2026\nLeave agricultural land as it is. We need to keep our food supply. Build and increase density within the city, do not spread out on high quality farmland.\n"
    },
    "91117": {
        "url": "/comment/91117",
        "comment": "I don't want the provincial government to touch the Greenbelt. A country must sustain its own food supply to thrive. There's plenty of land in and around populated areas where housing can be built. Some bylaws may need adjusting to facilitate it.\nThere are hundreds of abandoned buildings that need to be fixed up or torn down so new housing can be built on the existing footprint. As part of that, poisoned land needs to be cleaned up.\nMore incentives need to be established for builders to do this expensive work. Everyone will benefit if land is reclaimed.\nI live in a town with 31K people, with more moving here from the GTA every day. Fort Erie is expected to double in size in the next 20 years. There is no city bus or dedicated taxi service. Uber is hard to get.\nOntario needs to put some effort into making public transit including trains more widely accessible. The state of public transit is appalling.\nOne thing I am happy about is the inclusion of promising communication with Indigenous peoples. That is a positive development.\nStop looking for profits and start helping average people to survive in this economy. Food, housing and inflation are driving people out of Ontario. The most beautiful place on Earth is suffering. Ontarians are watching what you do.\n"
    },
    "91118": {
        "url": "/comment/91118",
        "comment": "We are farmers and for the longest time the Liberal government stole our pensions buy not allowing older farmers to sell off a few lots so they could retire with the dignity and respect they have earned by providing for society.\nWe fully support and recommend that lots are able to be severed from the farm. And recommend in the G.T.A that an additional 2 lots be granted to support farmers incomes in this particular area bringing the total lots allowable to 5 lots. We also want as a right that farmers will be allowed to add housing onto there lands cause there children predominantly in the G.T.A cannot afford to farm and buy lands of there own therefore having to sell out and leave cause the lack of rural housing options and opportunities due to cost. WE also strongly recommend that In the GTA that on farm diversified business should be as a right cause there is not consistency with policy and varies from local municipality and region if you want to keep farmers in the GTA you must ad this as a right. Furthermore the lack of Employment land area in The Halton region specifically in Halton Hills is Scarce yes you did amend some more land set aside in your new Bill for it but I recommend that more be added if the population of Halton region is going to double and Mississauga, Oakville and Brampton have exhausted there supply then I believe more needs to be added in Halton Hills near between the town of Georgetown and the 401 infill must be done we need more jobs and opportunities for people already in the community and for the ones that are coming in the future. Thanks a ton.\n"
    },
    "91119": {
        "url": "/comment/91119",
        "comment": "Re-purposing farmland for housing is not a good idea. Increased housing means increased population and at the same time reducing the means to feed that population. We need to find other ways/areas to increase housing without impacting our ability to produce our own food. This will also indirectly contribute to an increase in cost for farmland, cost of food, and force us to further rely on imported food products subject to transportation disruption, impacts of global food and water scarcity and political instability.\n"
    },
    "91120": {
        "url": "/comment/91120",
        "comment": "Generally, I do not support the continued attrition of prime farmland lost to development forever, with no prospect of ever being Grade 1 farmland again. I would, however, expect development to be permitted on farms already impacted by prior practices; things like quarrying for aggregates, or landfill that is not a garbage (methane-producing) dump. Farms that were historically or recently allowed to be compromised in such ways are never likely to again be Grade 1 farmland anyway, and likely to never be consolidated with larger farm holdings because they require much higher inputs to succesfully grow any crops. These farms may be increasingly uneconomic and there should be tolerable potential to develop them for uses other than agriculture. All still with environmental impact studies and other necessary caveats to ensure it is the right development in the right way, in the right place, at the right time. All that said, the Normal Farm Practices Board will need a significant boost to handle the inevitable complaints and issues as more people move into what is, still, an industrial area - that's what farming is, industry. The current process, with three years typical for a NFPB hearing to be completed, is untenable. If houses are permitted on low-grade farms and farmland they should not also be able to have extra dwelings (basement suites) or tiny homes as of right; this quickly will exceed the carrying capacity of well- and sewer- capacities amongst other service-related difficiencies. Rural living is already difficult - there are no trades (because there is so much work to be done in the cities), schools continue to be threatened with closure, shops struggle to compete with big box stores, doctors have closed patient lists, and off-farm work is essential for most farmers to get by. When you deplete even the successful farms, you make all of these issues that much worse; where are the trades that will maintain those homes? Who will deal with hoarding and \"scrap yard\" appearances, and livestock losses to loose dogs, or trespass mowing of hay \"because it looks weedy\", as we already see in our neighbourhood? People moved to the rural areas because they fell out with urban neighbours, and they bring their selfish attitudes with them; they think our farmland is their playground, and theirs for the taking. If you allow more development then please make sure to educate people about rural living and behaviours so the first time a new neighbour shows up at the door it isn't to complain about an overhanging tree, long grass in hay fields, or that their dog should be able to run free over the fields all day and chase animals in paddocks. Thank you.\n"
    },
    "91122": {
        "url": "/comment/91122",
        "comment": "No, do NOT pave over farmland or any part of the Greenbelt.  Where will people in those new developments and cities get there food?  More imports will making us more dependent on other countries and governments. Thereby more vulnerable to food insecurities which is a nice way to say we could untimely starve Canadians so a FEW developers (aka friends of Doug Ford) get even MORE richer.  The further stratification of  economic classes will b lead to more protests like the one in Ottawa during the pandemic where people try to maintain any form of self protection/ self direction, however misguided.  So, NO to this proposal.   There are other established ways to add housing,look to Europe and Asia where they do have the luxury of simple SPRAWL.  Allowing urban sprawl is a simplistic, short sighted approach.\n"
    },
    "91123": {
        "url": "/comment/91123",
        "comment": "I am strongly against the housing plan proposal which allows farmland in Ontario to be severed to build homes.  Ontario farmland must be protected - there is so little of it left.  We as a society must be able to produce food for ourselves.  New houses should be built within urban areas where the infrastructure already exists.  There is so much land already designated for housing that no new land needs to be built upon.  Save farmland, waterways, wetlands, forests and the species which depend upon these environments - including us!\n"
    },
    "91124": {
        "url": "/comment/91124",
        "comment": "Please do not build homes on excellent farmland.  A growing population will need more farmland in order to be properly fed.  We have lost much prime farmland in Ontario, and need to stop the bleeding.  Build more dense housing, not more sprawling housing.  People want to live in or near cities and their amenities, not in the middle of the countryside where there are no doctors, hospitals, schools, etc.  Please leave the Greenbelt alone like you previously promised.\n- A concerned Ontarian/future homeowner\n"
    },
    "91126": {
        "url": "/comment/91126",
        "comment": "The Municipality of South Huron has the following comments with respect to:\n1.  Agricultural Lot Severances:\nResidential lot creation in prime agricultural areas has been discouraged since the Countryside Planning/Foodland Guidelines were issued by the Province of Ontario in the 1970s. The purpose of this provincial-wide planning document was to ensure the protection of prime agricultural land for food production.\nSouth Huron is a prime agricultural area and agriculture is extremely important to the economy and the production of food. For over 40 years, South Huron and its former municipalities have had strong Official Plan policies protecting this agricultural resource and directing non-agricultural related development to settlement areas. Staff and Council recognize the need for housing in the agricultural area and have allowed for on-farm housing for farm labour. The Province\u2019s proposal to allow for scattered residential development through lot creation does not further the interests of the agricultural industry.\nThe opening up of scattered residential lot creation in our prime agricultural area may:\n\u2022 increase conflict with modern farming practices,\n\u2022 increase MDS restrictions on the placement of new barns;\n\u2022 reduce the number of units being built in settlement areas where municipalities have invested substantial funds on services (hard and soft),\n\u2022 result in lost opportunities for infrastructure efficiency in settlement areas;\n\u2022 increase the demand on municipalities to provide enhanced rural services (e.g. more frequent snow plowing, road maintenance, garbage collection, emergency services, etc.); and\n\u2022 ring serviced settlement areas with unserviced residential development making it more difficult and costly for future settlement area expansions and extension of services.\nIt is requested the Province provide clarification on the criteria in the policies for creating new residential lots; for example: what is considered to be adjacent to a non-agricultural use and what are lower-priority agricultural lands. It is unclear if this is limited to adjacent to Settlement Areas, Recreational uses and Institutional uses, or does it open it up for new residential lots next to all existing residences including farm residences and those that have been severed as surplus. And further, does this also allow residential lot creation on any area that a farm considers lower priority or inconvenient to farm rather than just areas with lower capability soils. Clarification is also requested on the criteria that requires an existing access on a public road and whether that access must exist or can it be obtained as part of the severance process. This clarification would help to determine the number of new residential lots that could be eligible to be severed in South Huron (and across Huron County) and the effect of the policy on the agricultural industry.\nIf the Province\u2019s intention is to permit 3 residential lots from every farm parcel, this has the potential to result in thousands of non-farm related lots in the agricultural area across the County. The Province should reconsider this substantial policy direction change and the long term effects it will have on the protection of prime agricultural lands and on maintaining the ability for farmers to farm. In addition, there may be other unintended consequences such as the effect of additional residences on the potential for future aggregate extraction.\nUnderstanding that some agricultural land may be needed to address the demand for housing, the municipality is supportive of eliminating this requirement for expansions and directing development to settlement areas which is a more efficient use of agricultural land than scattered residential development throughout the countryside.  Rather than the creation of non-farm related residential lots to increase the potential for housing in the agricultural area, the Province could consider amending the policy for surplus farm residence severances that requires the retained farmlands to be rezoned to prohibit a residence. The current limitation on the retained land could be removed, allowing a residence on these farm parcels where the severance was completed a certain number of years ago \u2013 perhaps 10-15 years or longer to avoid speculation. This would allow for additional housing related to agriculture and would not result in additional severances.\n2. Settlement Area Expansions:\nThe municipality is supportive of the change to streamline the process for expanding settlement areas where required based on adequate servicing (provided priority is given to expansion in fully serviced areas), logical extensions and addressing agricultural impacts. This is a more efficient use of land than scattered residential lots in the prime agricultural area. The Province only encourages municipalities to set density targets for these expanded areas, but should give consideration to stronger language to ensure efficient use of these additional development lands.\n3. Employment Areas and Employment Land Conversions\nNo concerns with this proposed change as the South Huron Official Plan already limits employment areas to Industrial designations and does not include Commercial or Community Facility designated lands as employment areas.\n4. Growth Targets\nNo concerns.\n"
    },
    "91127": {
        "url": "/comment/91127",
        "comment": "Please do not add the proposed homes to areas under agricultural use because our burgeoning population needs to be fed from within Canada and Ontario has the ability to provide food for the increased population but only if we have farmland. There are many centres further north that can accomodate population growth. Leave the farmbelt in south, southwestern and central Ontario alone.\n"
    },
    "91130": {
        "url": "/comment/91130",
        "comment": "Totally against building homes on farmland. That is prime land for food production. How can we live in these new homes if we don't produce enough food and then have to import it at exorbitant prices? Most Ontarians are already having difficulty affording food. This will exacerbate existing crises.\n"
    },
    "91131": {
        "url": "/comment/91131",
        "comment": "Farmland in Ontario should be sacred.  Putting homes on farmland forever ruins prime agricultural land. Doug Ford spent the pandemic advocating for Ontario made masks, gloves, covid testing kits, vaccines, etc\u2026\nHow about some passion for preserving farmland that feeds the people of Ontario?!?  Do we really want to be at the mercy of the rest of the world to feed us when our farmland is covered in houses?\nHigher density and affordable housing is what we need. Think of the future for our children and grandchildren and stop being so short sighted.\nRespectfully,\nM. Estabrook\n"
    }
}