{
    "92671": {
        "url": "/comment/92671",
        "comment": "I strongly oppose proposed changes to the Provincial Policy Statement, 2022 (PPS) and the Growth Plan for the Greater Golden Horseshoe (Growth Plan).  We must RETAIN all Provincial Policy Statement and Growth Plan policies for the Greater Golden Horseshoe designed to curb sprawl and protect farmland and natural areas.\nThe proposed changes would accelerate urban sprawl and the ongoing loss of farmland and natural areas in Ontario.\nA shortage of land is NOT the cause of Ontario\u2019s housing shortage, as noted by the Housing Affordability Task Force in 2022:\n\"Land is available, both inside the existing built-up areas and on undeveloped land outside greenbelts. \u2026 Most of the solution must come from densification. Greenbelts and other environmentally sensitive areas must be protected, and farms provide food and food security. Relying too heavily on undeveloped land would whittle away too much of the already small share of land devoted to agriculture. (p. 10)\"\nThe proposed policy changes would undermine density targets designed to reduce urban sprawl and allow municipalities to expand without a review of impacts on farmland and natural areas.  The removal of the requirement for municipalities to undertake watershed planning will lead to flooding events as our climate changes due to global warming.\nThis government wants to force municipalities to allow three lots to be severed from every farm, even in prime agricultural areas.  Considering that Ontario is losing farmland at the rate of 319 acres per day this will make matters much worse and spell disaster for the lands and waters that sustain us.\nIt is time to listen to the experts, who have shown that the amount of land already designated for development FAR EXCEEDS what is needed to meet long-range housing targets.\n"
    },
    "92672": {
        "url": "/comment/92672",
        "comment": "I am very concerned with further weakening of what remains of Ontario\u2019s planning rules, with the proposed  Provincial Policy Statement, and the removal of the Growth Plan for the Greater Golden Horseshoe altogether.\nI would applaud intensification done with good planning. Of great concern to me is the weakening of intensification targets and other measures that will limit the creation of inclusive, and complete, walkable communities that offer affordable housing and provide ready access to services and to parks and nature.  When viewed by the eyes of a child, senior, or one with physical handicaps, and planned for them, communities become liveable for everyone.\nI am concerned that housing will be created that is not conducive to the creation of community and will be out of the reach for only the well-off.\nI would applaud improved watershed and flood management, and any increase to the Greenbelt and other natural areas with increased linkages among them, rather their fragmentation. I would applaud measures that help agriculture rather than fragmentation of farmland which in turn threatens the viability of agriculture in the Province.\nI am concerned about the removal of protections to environmentally sensitive lands, the mandated opening up of land within the Greenbelt and in many other rural areas for development and unchecked sprawl.  The result will be increases in CO2 and other noxious chemicals in the air and water; loss of their moderating effect on temperatures; and increased flood risk. Further more there will be increased food insecurity and higher food prices, with greater malnutrition and hunger.\nThe loss of agricultural land is a major loss to Ontario\u2019s economy and to the world\u2019s food supply.   The loss of agricultural lands includes the loss of their woodlots, and wetlands. Their loss along with the loss of green spaces exacerbates the climate crisis with its increasingly severe weather events, putting our health, our lives, and homes at risk.\nI expect that Ontario Government to work for the betterment of Ontario, all that live here  and for the improvement of our health and wellbeing. The environment has a huge impact on our health and safety and so would expect the Provincial Government to protect, value and improve our natural environment.   Go back to the drawing board!\n"
    },
    "92675": {
        "url": "/comment/92675",
        "comment": "COMMENTS ON PROPOSAL OF PPS TO REPLACE EXISTING PPS\nAND A PLACE TO GROW: GROWTH PLAN FOR GREATER GOLDEN HORSESHOE\nRESPONSE TO SPECIFIC QUESTIONS LISTED:\nPolicies included from PPS and A Place To Grow Including Planned Implementation\n4.3.Agriculture\nAs farmers trying to farm in a \u2018prime agricultural area\u2019, there are MANY CONCERNS WITH THE\nPROPOSED CHANGES TO THE PROVINCIAL POLICY STATEMENT:\n4.3.1 General Policies for Agriculture\n1-3 \u2018Encouraging\u2019 municipalities to use an agricultural systems approach based on provincial\nguidance to maintain and enhance a geographically continuous agricultural land base, eliminating the\nrequirement to use the provincially-mapped Agricultural Systems Approach is A MISTAKE for many\nreasons:\na. The intent of the Growth Plan was to refocus on balancing growth with agriculture and\nOMAFRA has spent significant time and resources (at our expense as taxpayers!!) to\ndetermine which areas have the Prime Agricultural Lands (Class 1-3 for specialty crops)\nAND for the first time there is recognition for the need for Classes 4-7 to farm effectively\n(these lands are still used for crops AND for pasture for cattle \u2013 ALL of which is\nnecessary to farm!) REQUIRING MUNCIPALITIES TO PROTECT SPECIALTY CROP AREAS IS\nNOT SUFFICIENT AS CLASS 4-7 FARMLAND ESSENTIAL FOR FARMING!!!!!!!!!!!! This was\nFINALLY understood in the Provincially-Mapped Agricultural Systems Approach.\nRemoving this requirement places agriculture at risk in municipalities where the\nprotection of agriculture is not valued.\nb.\n4.3.2.Permitted Uses\n1. On-Farm Diversified Uses (OFDUs) should have more strict criteria, and should \u2018benefit from\nbeing on a farm\u2019. The province\u2019s attempt with On-Farm Diversified Use allows businesses to be run on\nfarms that DO NOT BENEFIT FROM BEING ON FARMS with disastrous results as follows:\n\uf0b7 Results in more traffic on narrow rural roads which decreases safety for farmers on roads,\ninterferes with timely access to crops (which is time-sensitive due to weather) \u2013 resulting in Loss\nof crops A VISCIOUS CIRCLE WHICH WILL RESULT IN FARMERS OUT OF BUSINESS AND ONTARIO\nNO LONGER ABLE TO PRODUCE ADEQUATE FOOD\n\uf0b7 Businessmen purchase farms that \u2018farmers who farm for a living\u2019 can no longer afford. The \u2018real\nfarmer\u2019 rents the land \u2013 creates \u2018farming income\u2019 for the owner/businessman to qualify as a\nfarmer \u2013 essentially allowing \u2018businessmen to create a farm on which to run a business!!\u201d This is\nidentified as a loophole in University of Guelph professor Dr. Wayne Caldwell\u2019s \u201cGuidelines on\nPermitted Uses as a Tool to Achieve Farmland Protection, Farm Diversification and Economic\nBenefits: Assessing effectiveness and identifying best practices\u201d.\n\uf0b7 Businessmen who come out to the country to run their business off a farm are building\n\u2018agricultural buildings\u2019 in which to house these businesses prior to making application for On\nFarm Diversified Use \u2013 they get breaks on taxation, permits etc when the intent is not\nagricultural (in hindsight)\n\uf0b7 Businessmen running OFDU businesses on farms are not paying the same taxes and do not have\nthe overhead of their competitors in commercial areas \u2013 puts these people out of business and\ndoes not make sense in terms of employment opportunities.\n\uf0b7 The government needs to reassess \u2018who is a farmer\u2019 ; the current $7,000 gross income\n(established in the 1970s) has not kept up with inflation (which now would equal approximately\n$58,000) and is too easy to achieve. As a result, municipalities are not getting the same tax\npayments (as these \u2018farmers\u2019 are not actually farming for a living, but they get the same tax\nbreaks as the farmer who does farm for a living). Consequently, municipalities cannot maintain\nour roads and other infrastructure as they do not have sufficient money!\n\uf0b7 Results in customers driving to the country for businesses that should be in urban or settlement\nareas \u2013 causing more emissions which affect climate \u2013 which then affect ability to grow crops \u2013\nVISCIOUS CYCLE!!! AND more cars on these roads, who meet the farmer at the top of a hill \u2013\nfarmer killed as no protection while on a tractor (THIS IS HAPPENING EVERY DAY!!) When we\nlose another farmer, we lose the farm production!!\n\uf0b7 OFDUs need to be analyzed in terms of intent! The province allows almost any \u2018business\u2019 to be\nan OFDU \u2013 not recognizing that a business NOT relating to AGRICULTURE will bring in more\nincome than farming! FARMING IS HARD WORK \u2013 LONG HOURS, LARGE EXPENSE FOR NO\nGUARANTEE OF GOOD CROPS DUE TO CLIMATE CHANGE! When an OFDU is making money,\nwhy would a farmer continue to farm?? IT is ACTUALLY PULLS FARMERS AWAY FROM FARM\nINCOME GENERATION \u2013 TOO MANY RISKS COMPARED TO A NON-AGRICULTURAL BUSINESS!\n\uf0b7 OFDUs should support the agriculture and/or agri-tourism industry and BENEFIT FROM BEING\nON A FARM!\n4.3.3 Lot Creation and Lot Adjustments\nMore residential lots should NOT be allowed in prime agricultural areas:\n\uf0b7 Promoting an agricultural systems approach is not possible if houses are scattered in among\nfarmland. Farmers can no longer afford farms! They have to rent land and consequently are\nconsistently on our rural roads with large equipment (This is a MAJOR CHANGE since the days\nwhen farmers could make a living on their \u2018home farm\u2019). These roads are narrow and not safe\nfor additional residential traffic. THE ABILITY TO FARM NEEDS TO BE PROTECTED AND\nMINIMUM SEPARATION DISTANCES BETWEEN LIVESTOCK OPERATIONS AND HOUSING IS ONLY A\nSMALL PART OF THE WIDER CONSIDERATIONS WHICH MUST BE IN PLACE FOR FARMERS TO\nCONTINUE TO FARM IN THESE PRIME AGRICULTURAL AREAS!\n\uf0b7 The current Agricultural Impact Assessment DOES NOT FULLY COVER ALL IMPACTS TO\nSURROUNDING AGRICULTURAL OPERATIONS!!!!\n\uf0b7 Protecting specialty crop areas (Class 1-3 land) is not sufficient, as classes 4-7 also required for\nfarming. There are many crops that can be harvested on Class 4-5, while Class 6-7 land is good\nfor pasture. All of this needs to be balanced.\n\uf0b7 Reference to the need for Agricultural Impact Assessment is NOT SUFFICIENT! Analysis of\nminimum distance separation does NOT take into account the impact on road use, increased\ndensity where people are not familiar with cattle \u2013 go into fields and disturb cattle (and could be\nhurt!), ride ATVs and noise/backfiring scares cattle and they run through fences, to name just a\nfew!\n\uf0b7 Our rural road currently has 62 residential homes in a 2.6 km stretch of the road. There is still\nspace for more as some farmers did not sever lots when this was allowed years ago. HOWEVER,\nwith the lack of farm income, this is TOO TEMPTING AS A MEANS FOR A FARMER TO PAY DOWN\nDEBT!! We actively farm for a living and could benefit from the sale of lots off our farms \u2013 BUT\nTHIS IS WRONG! We cannot get the land back and this will become more of an issue in future\nyears when our current agricultural land will not support crop growth due to the\ndisappearnance of the carbon in the soil. AND THIS GOVERNENT IS DOING NOTHING TO\nSUPPORT SUSTAINABLE FARMING (rotational, no-till crops for example \u2013 to stop erosion and\nenrich soil - and with decreased fertilizers and weed spraying) \u2013 the farmer doing this gets the\nsame price for his crops as those who do not, but this typically results in less crops and there is\nNO FINANCIAL INCENTIVE FOR FARMERS TO FARM IN THIS WAY TO SAVE THE LAND!\n\uf0b7 These additional houses also increase the risk of climate change to farm practices, due to\ngreenhouse gas emissions with people driving out to the country and then having to drive into a\ntown for all of their personal, shopping and business needs. Houses should be congregated in\nsettlement areas!!\n\uf0b7 Specifying that agriculture should be the \u2018principal use of the existing lot\u2019 is a MISTAKE. This is\ntaking up good farmland! Lots should only be allowed on farms IF THEY ARE NATURALLY\nSEPARATED FROM THE REST OF THE FARM AND NOT BEING USED TO PRODUCE CROPS, GRAZE\nCATTLE ETC. (Eg. A piece of property that is separated by a stream or wetland, and CANNOT BE\nACCESSED FOR FARMING! And \u2013 even under these conditions \u2013 NO MORE THAN ONE LOT \u2013 and\nONLY IF CANNOT BE USED FOR AGRICULTURE!!\nPolicy Direction for Large and Fast-Growing Municipalities and Other Municipalities\nBalance housing with resources:\n1. Require municipalities to prepare for the impacts of a changing climate and develop approaches\nto reduce greenhouse gas emissions and improve air quality.\ni. Putting subdivisions outside of towns means driving is required for ALL\nexcursions\nii. Many people want the downtown experience, yet municipalities are building\nOUT instead of UP.\niii. Building OUT means increased use of vehicles for transportation as\nresidents cannot walk or take public transportation to town\nactivities/entertainment\niv. More emphasis should be placed on 15-minute communities - where\njobs, retail and other amenities are within a 15-minute excursion of one\u2019s\nresidence (preferably by walking or biking) \u2013 to reduce urban sprawl, cluster\nneighbourhoods (instead of lots spread out all over agricultural areas) \u2013 and\nensure living, working and day-to-day needs such as groceries, drug stores and\nrestaurants are all within this area\nv. The impact of this on climate results in weather conditions which mean farmers\nLOSE money every year \u2013 insufficient rain for crops to grow; too much rain and\ncrops rot in field, extreme winds which damage crops \u2013 every year the farmer\nhas more debt because the money they spend on seed, fertilizers, etc is lost\nwhen those crops do not come to fruition!\n2. 2.9 Energy Conservation, Air Quality and Climate Change\na. Climate change is a very small portion of this new PPS (Section 2.9.1 ONLY) to cover\nthese 3 VERY IMPORTANT CONCEPTS!! This is especially true, given that the A Place To\nGrow Document was very serious about saving energy, improving air quality and\naddressing climate change.\nb. MZOs have been executed in communities where people will work over an hour away \u2013\nwith no transit options \u2013 HUGE impact on greenhouse gas emissions with all of this\ndriving!! Transit should be available BEFORE houses are constructed!!\nc. This very small section looks like a \u2018token offering\u2019 in the midst of a PPS that proposes\ntaking more land from agriculture\nProposed Policies to Generate Housing Supply (including range and mix of housing options)\nGenerate An Appropriate Housing Supply\n1. Identify fast-growing municipalities with specific direction to plan strategically for growth:\na. MZOs are mandating which communities should be \u2018fast-growing\u2019 without taking into\naccount the lack of infrastructure which includes:\ni. Insufficient day care spots (we had over 800 children on a list for Day Care\nbefore the province mandated that 7000 houses would be built here)\nii. Inability of current hospital to accommodate more people; our hospital is small\nand will not accommodate this growth, especially with vacant positions\niii. Regional Health Centre is almost an hour away and dealing with the\nsame issues of expansion; built 10 years ago and already can\u2019t accommodate\npatient needs\niv. Schools not available where housing occurring (on the outskirts), yet\nolder schools available in downtown area\nv. AGREE \u2013 with residential intensification (Section 2.2.1), in downtown areas\n(where schools are also sitting empty!), ESPECIALLY in repurposing existing\ncommercial and institutional buildings for residential use; ensure transit\navailability and PREVENT URBAN SPRAWL to decrease greenhouse gas emissions\n2. Provide a range of housing\na. There is opportunity to put new housing in current \u2018downtown\u2019 area \u2013 where homes are\nrun down \u2013 and schools are available; yet building all occurring on outskirts\nb. Majority of housing is single- family homes, all requiring vehicles to access (how does\nthat take into account the aim in A Place To Grow to decrease greenhouse gas\nemissions?)\n3. Provide/allow for more residential development in rural settlements and multi-lot residential\ndevelopment on rural lands defined in PPS as \u201clands which are located outside settlement areas\nand which are outside prime agricultural areas\u201d\na. Without the implementation of the provincial mapping developed by OMAFRA, rural\nlands are in the middle of agricultural areas and this impacts farming practices\n4. Require municipalities to permit more housing on farms, including residential lot creation\na. HUGE MISTAKE - as this brings housing into the middle of farm areas which creates\nmore problems for farmers \u2013 farms need to be enveloped in \u2018active farming\ncommunities\u2019 and bringing in more traffic and complaints will be the final straw for\nfarmers already struggling \u2013 they will toss in the towel!\nProposed Policies on Conservation of Agriculture, Aggregates, Natural and Cultural Heritage Resources\nThis proposed PPS is DETRIMENTAL to ALL of these areas:\n\uf0b7 More land proposed to be taken from agriculture\no Lot creation on farms is a problem, given the extent to which this was allowed back in\nthe 1970-s. Our road has 62 houses in 2.6 km \u2013 on a narrow road, with no sidewalks.\nPeople walk on road \u2013 unsafe! It\u2019s a farming community and farming is hampered by\ntraffic; unsafe at top of hills where farm equipment is wide and cars travel too fast\n\uf0b7 Wetlands have NOT been protected under this current government \u2013 MZOs have reduced our\nwetlands, especially in the areas surrounding Toronto\nProposed Policies on Planning for Employment\n\uf0b7 Our area\u2019s PRIME EMPLOYER IS AGRICULTURE, yet this PPS takes more land from agriculture to\nbring in housing for people FOR WHOM WE HAVE NO JOBS!!! And this was dictated by a MZO \u2013\nwhich shows no respect for our local Council or City employees decisions (or those citizens who\nelected them!!)\nOther Barriers/Opportunities for accelerating development and construction\nPage 13 \u2013 notes \u201cHousing must be built in the right places so that Ontario\u2019s vibrant agricultural sector\nand sensitive areas will continue to form part of the Province\u2019s economic prosperity and overall identity.\nGrowth and development will be focused within urban and rural settlements that will, in turn, support\nand protect the long-term viability of rural areas, local food production and the agri-food network.\u201d\nThis sounds good \u2013 but is NOT THE REALITY and this PPS has too many loopholes for this to happen!\n\uf0b7 Taking up 200 acres of prime farmland in a community that does not have jobs, schools, day\ncare spaces or hospital beds to support 7000 new homes shows a lack of foresight which does\nNOT protect agriculture NOR protect the planet when residents will drive over an hour to jobs in\nlarger cities\n\uf0b7 All of this driving, and the resulting greenhouse gas emissions will further drive climate change \u2013\nAND NOT SUPPORT THE LONG-TERM VIABILITY of local food production and the agri-food\nnetwork.\n\uf0b7 Sensitive areas have NOT been protected \u2013 wetlands have been forced into housing through\nMZOs with no foresight!\n\uf0b7 Housing should be intensified in URBAN settlement areas \u2013 NOT RURAL for many reasons\nidentified earlier!\n\uf0b7 We are at a CRITICAL JUNCTURE with climate change \u2013 farmers are NOT making a living on farms\nand the government is not supporting them with financial assistance to change farming\npractices to protect the land!\n\uf0b7 Allowing ANYTHING on a farm, as an On-Farm Diversified Use screams \u201cYou cannot make a living\nfarming\u201d \u2013 we should be providing assistance to farmers which will then help to reverse climate\nchange AND encourage young people to get into the business. It is currently VERY HARD WORK\nWITH DISCOURAGING RESULTS \u2013 this will not attract young farmers!\n\uf0b7 PC government focus on constantly increasing production of food (as that\u2019s the only way\nfarmers can make money \u2013 so everything has to be produced faster and in larger quantities,\nwhich means more pesticides and fertilizers) contradicts the need to protect the land and\nconserve the carbon in the soil \u2013 FARMING IS MORE THAN A BUSINESS! IT\u2019s A RESPONSIBILITY\nTO PROTECT THE LAND AND NURTURE FUTURE FARMING GENERATIONS \u2013 See \u201cTackling the\nFarm Crisis and the Climate Crisis: A Transformative Strategy for Canadian Farms and Food\nSystems. Tackling the Farm Crisis and the Climate Crisis | National Farmers Union (nfu.ca)\n\uf0b7 The Implementation Procedures for the Agricultural System in Ontario\u2019s Greater Golder\nHorseshoe Implementation Procedures for the Agricultural System in Ontario\u2019s Greater Golden\nHorseshoe was designed to support A Place to Grow in developing Agricultural Stability \u2013\nESSENTIAL FOR FUTURE GENERATIONS!!! The focus of this PPS is on business and construction \u2013\nand CAN NEVER BE UNDONE! We need to BRING THIS BACK!!!!!!!!!!!!!!!!!!!\n\uf0b7 2015-11-18-Farmland_at_Risk-highres_WEB_(1).pdf (d3n8a8pro7vhmx.cloudfront.net)\nFarmland has been identified as \u2018at risk\u2019. This document (Farmland at Risk: Why land-use\nplanning needs improvements for a healthy agricultural future in the Greater Golden Horseshoe)\nwas prepared by the OFA indicating the key to a robust agricultural industry is the protection of\nthe land base on which to farm and carry out farm-related activities. This was done at a time\nwhen our Ontario Government believed in \u201ctaking important steps to preserve farmland and\nenvironmentally significant areas in the GGH! It followed the Greenbelt Plan (2005) designed to\nhelp preserve agriculture \u2013 WHY IS ALL OF THIS IMPORTANT RESEARCH BEING IGNORED????\n"
    },
    "92676": {
        "url": "/comment/92676",
        "comment": "We support the submission of the Simcoe County Greenbelt Coalition:\n\"Our greatest concern is that many of these changes will reduce or eliminate altogether a planning regime that ensures consistency across municipalities, strong protection of farmland, climate action and protection of shared watersheds. These new proposals:\n\u25cf\tEliminate policies that were designed to rein in urban sprawl, thus protecting nature and farmland, such as greenfield density targets and mandatory intensification targets\n\u25cf\tAllow municipalities to expand settlement areas without a comprehensive review of associated infrastructure needs or potential impacts on farmland, watersheds or natural areas\n\u25cf\tRemove the policy for and direction of \u201caffordable\u201d housing making it harder to track, measure success and hold developers accountable to within-site plans\n\u25cf\tForce municipalities to allow three lots to be severed from every farm including in Prime Agricultural areas.  This is a policy that all farming organizations in Ontario have jointly opposed as they see it as weakening farmland protection and preservation of the agricultural systems.\n\u25cf\tExempt lands given a Minister\u2019s Zoning Order (MZO) from complying with provincial policies and official plans\u2014essentially overwriting local, community-developed plans.\n\u25cf\tForce municipalities to enter into servicing agreements with developers even in lands that were not a part of their designated growth areas or infrastructure that wasn\u2019t included in capital plans.\n\u25cf\tWeaken the commitment to watershed planning and removes watershed planning requirements before urban boundaries can be expanded.  In a region like ours where groundwater is still the main source of water for daily use for most municipalities, this is a dangerous change.\n\u25cf\tBy eliminating the Growth Plan, many climate actions that were related to planning, such as policies that encourage more compact, transit supportive designs, would also be eliminated in favour of weaker policies that put speed of construction before smart housing supply that increases affordability, healthy communities and climate action.\nOn top of that no policies have been released for review that specifically address Natural Heritage Systems (NHS).  Strong, coordinated policies can help support a regional natural network that continues to function to provide clean air, water and green spaces.  Weakened or eliminated policies could put many wetlands, forests, shorelines, watersheds and corridors in jeopardy.\nAlone this is troubling, but combined with the proposal to remove Simcoe County as a planning authority and reducing the involvement of Conservation Authorities makes this proposal a direct threat to the health, connectivity, equity, affordability and climate resilience of many communities across Ontario.\nAs an example, lower tier or single tier governments do not have the ability to track and support the established Natural Heritage Systems and Agricultural Systems identified in provincial mapping beyond their boundaries. Who will do this critical work to ensure these systems are protected, enhanced and maintained?\nTransferring planning power and authority to local municipalities  with strong-armed provincial caveats (Ministerial powers to override local plans, MZOs, forcing capital agreements with developers, financial audits) while also removing expertise supports (Conservation Authorities, regional governments) appears to be a successful formula to further constrain municipal efforts to build housing that is affordable and climate resilient and instead opens up the mentality of \u201cbuild anything, anywhere, at any time\u201d.\nFrom our perspective, this policy needs to be rescinded and more thought needs to go into how to increase the type and scale of housing needed at the local level.  It also must be mentioned that forcing municipalities to increase supply is not the issue.\"\nIn sum our recommendations are as follows:\n\u25cf\tAbandon this initiative in lieu of more consultation with municipalities, Indigenous governments, community organizations and other stakeholders to ensure that unintended consequences of these policy proposals are mitigated or avoided\n\u25cf\tAbandon plans to dissolve Simcoe County Regional government and instead give it more authority to support the various municipalities within the region that lack staff, financial resources and taxation base to provide housing in the right places in the right way.  Further, recognize the impacts and costs of removing this level of government outright.  In 2022, Simcoe County provided the following services across the region to the benefit of  municipalities that would not be able to afford these services on their own:\n\u25cb\tParamedic services - $67M\n\u25cb\tLong Term Care and Senior Services - $92M\n\u25cb\tChildren Services - $105M\n\u25cb\tCommunity Services including poverty reduction, immigration supports and homelessness prevention - $19M\n\u25cb\tSocial Housing - $91M\n\u25cb\tTransportation and Engineering - $77M\n\u25cb\tSolid Waste Management - $85M\nHow will municipalities be able to take on these costs without pooling resources at a regional level?\nConsider the needs of smaller municipalities that do not have the  resources to implement the necessary changes to provide more housing quickly including staff resources, expertise, and taxation base.  Combined with the removal of development charges for some housing projects and increased cost of infrastructure, there seems little hope that these proposals will do anything more than clog up an already strained system.\nPolicy proposals such as what is being discussed in ERO 019-6813 have broad and long standing impacts to our built communities, our public health and our shared financial future.  We hope that the review team fully appreciates the gravity of these decisions and considers next actions carefully.\nAnd we support the position of the Ontario Public Health Association:\n\"In any proposed changes to the PPS, the province must/should include policies that:\n1. Reintegrate health and well-being concepts in the Vision and in Chapter 2, \u201cBuilding Homes, Sustaining Strong and Competitive Communities\u201d, with the goal of creating healthy communities that enable people to thrive\n2. Strengthen policies that will help communities mitigate greenhouse gas emissions and adapt to climate change\n3. Integrate affordability targets for low- and moderate-income households to support equity and promote housing affordability for all\n4. Mitigate exposure to incompatible land uses and harmful levels of pollution\n5. Prevent unsustainable urban expansion and fragmentation of agricultural lands\n6. Strengthen policies to protect and enhance natural heritage features in recognition of the vital function of ecosystem services for health, well-being and climate-resiliency\"\n"
    },
    "92677": {
        "url": "/comment/92677",
        "comment": "To whom it may concern,\nThe new Provincial Planning Statement is yet another way that this government is  trying to weaken the protection of cultural heritage in Ontario.\nI live in Port Hope and we are proud of our Main Street and the surrounding area which boasts many fine examples of heritage architecture. We want to preserve the past to build the future.\nIn these days of climate change and global warming we should be keeping and reusing our older buildings to reduce our carbon footprint. Adaptive reuse rather than demolition.\nThis new policy shows no regard for older buildings which could potentially be designated.\nI find the new Provincial Planning Statement very shortsighted and am very concerned and disappointed in its possible development.\n"
    },
    "92344": {
        "url": "/comment/92344",
        "comment": "Ontario's housing crisis will not be fixed by low-density urban sprawl housing that will continue to decimate our environment and farmland and create more need for car-based transportation into larger cities. Ontario NEEDS mid- to high-density housing developed in already existing urban areas, with walkable amenities and improved public transport. 300km2 of land is available from Hamilton to Pickering that can be developed into livable affordable housing for the average Ontarian. Stop destroying our environment to line the pockets of developers and create solutions that actually benefit Ontarians.\n"
    }
}