{
    "92599": {
        "url": "/comment/92599",
        "comment": "Good Day,\nThis submission is an addendum to our submission to the original June 6th deadline.  It is troubling to note that our concerns have only grown by the actions of this provincial government the weeks since our original submission.\nWe have seen farming organizations across the province unite and fight the absurd three rural severances proposal that doesn't seem to have been thought about in advance by anyone other than land speculators as its impacts would be so far reaching and devastating across the entire province - forever impairing our ability to feed ourselves, protect our groundwater and farm efficiently.\nWe have seen the Natural Heritage System and Agricultural System updates released that while not containing many changes themselves have new definitions that completely change the context of things in very negative manners.\nWe have seen our membership grow considerably and protests grow larger and larger as more citizens are so horrified by the actions of this government seemingly serving only developers and private interests at the expense of the greater public good they are actively taking to the streets and protesting with very creative signage and very angry letters.  Not only are the crowds increasing in size but the sheer number and diversity of groups participating are unprecedented in recent decades.  Environmental groups, climate change groups, agricultural groups, neighbourhood associations, community groups, unions, affordable housing groups, the list goes on and on of organizations coming together to speak up and oppose this government and these proposals to the PPS, Bill 23, Bill 97, the Greenbelt takeouts and many other issues.\nPlease seriously reconsider these actions.  Please listen to our membership and act in the interest of citizens - not developers and do what is needed for our future - not solely profits - this includes environmental protection, climate action, farmland protection and building sustainable communities - not just houses at any cost.\nThank you.\n"
    },
    "92600": {
        "url": "/comment/92600",
        "comment": "The City of Brampton (hereinafter referred to as \u2018the City\u2019) appreciates the opportunity to provide comments on the proposed changes outlined in the Environmental Registry of Ontario posting 019-6813 \u2013 Review of proposed policies adapted from A Place to Grow and Provincial Policy Statement to form a new provincial planning policy instrument.\nThese comments are applicable to the June 16, 2023 update, which added the natural heritage policies.\nThe City is supportive of the Province\u2019s proposal to keep the natural heritage policies and related definitions similar to those currently within the PPS 2020. However, the City provides a number of recommendations below in response to the proposed changes related to the Natural Heritage policies and subsequent loss of the Growth Plan policy direction.\nPlease see below specific comments on individual aspects of the proposed legislative changes. Please note that the proposed changes are listed in order of occurrence within the proposed Provincial Planning Statement, 2023 (PPS 2023) and make reference to the corresponding policies in the current Provincial Policy Statement, 2020 (PPS 2020), and A Place To Grow: The Growth Plan for the Greater Golden Horseshoe (Growth Plan).\n"
    },
    "92601": {
        "url": "/comment/92601",
        "comment": "My husband and I are against any housing development in Nanticoke.\nPeoples\u2019 health and well being are at steak here. No place for a community of any size.\nGo live in Townsend.\nNothing is good about this crazy idea of such a development in Nanticoke.\nThis issue should have had a vote to decide any future . Not the council.\n"
    },
    "92602": {
        "url": "/comment/92602",
        "comment": "The Architectural Conservancy, the North Waterloo Region Branch is one of fifteen branches in Ontario committed to preserving and reusing structures of cultural significance. We are opposed to the new Provincial Planning Statement for the following reasons:\nIt will weaken the protection of Ontario's heritage.\n\u00b7\tIt would limit protection of built heritage resources and cultural landscapes to only those already designated. (Section 4.6)\n\u00b7\tHeritage resources which qualify for designation under the Ontario Heritage Act, but not already formally recognized by municipalities, risk demolition. Municipalities will not be able to protect the heritage value of a property when it is threatened by new development.\n\u00b7\tBecause this statement applies only to protected properties, municipalities will not be able to assess non-protected properties to see if the heritage attributes should be protected.\n\u00b7\tThe proposed Provincial Planning Statement undermines the Planning Act which clearly states \"the conservation of features of significant architectural, cultural, historical, archaeological or scientific interest\" is a matter of provincial interest.\n\u00b7\tPolicy 4.6.1 should be strengthened to say \"Cultural heritage property, which may contain built heritage resources or cultural heritage landscapes, shall be conserved.\"\nIt will reduce the likelihood that existing buildings will be kept, maintained and reused, weakening Ontario's ability to reduce greenhouse gas emissions and fight climate change.\n\u00b7\tSection 2.9 on \u201cEnergy Conservation, Air Quality and Climate Change\u201d needs to specifically mention that maintaining, retrofitting and adaptively reusing existing buildings and structures is a good way to reduce greenhouse gas emissions and prepare for the impacts of a changing climate.\n\u00b7\tProperties that currently meet the criteria for designation, which have not yet been designated, due to time and financial constraints, which were significant under the former PPs are no longer allowed to also be protected.\n\u00b7\tThere are 33,000 properties on municipal registries, which have some heritage potential, but have not been afforded full protection. If these are not designated by December 31,2024, they will have no protection. There is not enough time for municipal heritage committees to evaluate such a large number of properties and have them designated.  Some municipal governments have no specialists who can evaluate the listed properties to see if they should be protected.\n\u00b7\tMunicipal heritage procedures have been in place for about 50 years and there have been extremely few cases where heritage properties put new development at risk. If a building with heritage value was in a location where development was planned, the development simply went around it. There are a number of cases in our region where the homes built in the late 1800s are still intact, with large subdivisions all around them. These properties have retained their heritage value and in addition are sold for large sums of money.\n"
    },
    "92603": {
        "url": "/comment/92603",
        "comment": "Dear Provincial Officals,\nMy comments reflect my expertise as a PhD land, environmental, and resource economists, including my 25 years research experience and findings.  I am a full professor in the School of Planning at the University of Waterloo.\nThe proposed PPS abandons important principles that were contained in the previous growth plan and PPS.  Those principles encouraged sustainable urban intensification and protection of natural assets.  They are critical to building sustainable and livable environments.  With climate threats increasing, they are also crucial for protecting the people of Southern Ontario against climate flood and heat island risks.  Encouraging compact development and intensification, while maintaining blue green infrastructure, is also fiscally sound, as it encourages municipalities to provide housing at least infrastructure cost.\nThe new PPS appears to be based on incorrect assumptions about housing needs and how to address them.  It\u2019s well known that land for housing is not scarce.  Instead, the major barriers to housing provision including investor led financing models and too low \u201cas of right\u201d unit numbers on all residential lands.  As of right zoning for 4 units, plus floating zoning for 10 unit apartment buildings, on all existing residential lots, would go a long way towards addressing housing supply and affordability.  This policy was the consensus view of the housing task force.  Policies need to encourage parking lot conversion, instead of ag land conversion.\n15 years of housing research indicates that households want housing, green space, and urban amenities.  They can only afford intensified housing with reasonable transportation costs.\nThe provinces policies are not evidence based.  They don\u2019t appropriately consider household sizes  and housing needs.  Such a major policy deserves credible analysis.\nFinally, allowing additional rural housing disproportionately harms ag land.  My thesis research showed how quickly ag land uses can be destroyed via land market pressures as other uses harm the viability of agriculture. It\u2019s a bad idea.\nFinally uncertain policy environments harm the real estate development industry.  No one can keel up with the chaotic and unpredictable changes.\nthanks,\nDawn Parker\nProfessor, school of planning\nUniversity of Waterloo\n"
    },
    "92604": {
        "url": "/comment/92604",
        "comment": "Dear Minister Clark,\nThe Ontario Association of Professional Archaeologists (APA) would like to provide the following comments on the proposed 2023 updates to the Places to Grow Act and the Provincial Policy Statement (ERO Number 019-6813).\nWhile we support the strong wording in the proposed policy statement regarding the protection of cultural heritage resources and we agree with the overarching need for newly built residential housing within Ontario, the APA has three comments regarding the proposed language and definitions contained within the statement. The APA is specifically concerned with the language under Section 4.6, namely:\n1.\tThe APA requests that statements be updated to clarify and emphasize that lands containing previously unidentified archaeological resources shall be conserved in the same manner as lands with known and protected archaeological resources. The proposed policy statement contains language declaring the need to conserve archaeological resources and cultural heritage landscapes on protected heritage properties (Section 4.6.1) and the requirement that development and land alteration activity on lands containing archaeological resources or with archaeological potential can only proceed once those resources have been conserved (Section 4.6.2.) However, it is not clear within either statement that lands containing unidentified archaeological resources will be subject to rigorous archaeological survey methods to identify those resources and evaluate their cultural heritage value or interest.\n2.\tWhile the APA lauds the proposed policy statements that encourage municipalities to develop archaeological management plans (Section 4.6.4) and requires that municipalities engage with Indigenous communities early in the process of identifying, protecting, and conserving archaeological resources (Section 4.6.5), we emphasize that there needs to be responsible multi-party oversight of these processes.\n3.\tThe language throughout Section 4.6 emphasizes the need to conserve archaeological resources where \u201cconserve\u201d is defined as \u201cthe identification, protection, management and use of built heritage resources, cultural heritage landscapes and archaeological resources in a manner that ensures their cultural heritage value or interest is retained.\u201d While the definition includes mitigative measures, we request that language be clarified to ensure that the definition of \u201cconserve\u201d includes the protection of archaeological resources through excavation and curation of those resources or through Avoidance and Protection of archaeological resources (see MCM Standards and Guidelines for Consultant Archaeologists, 2011).\nFurthermore, as a major organization representing the archaeological profession within Ontario, the APA requests that the Ministry engage directly with our organization throughout the process of updating the provincial policy statement and in all future legislation that has the capacity to significantly affect the archaeological process within Ontario. Our members work on archaeological assessments triggered by land development throughout the province of Ontario and are collectively involved in hundreds of archaeological projects every year. We kindly request that the APA be informed by the Ministry in advance of any future policy proposals that have the capacity to significantly alter the process of archaeological assessment within the province so that we have the opportunity to meet with Ministry staff early in the proposal process.\nSincerely,\nJordan Downey,\nDirector of Investigations, APA (Ontario)\nAuthorized by the Executive of the Association of Professional Archaeologists (Ontario)\nCc: Laura McRae, President, APA (Ontario)\nCc: Lawrence Jackson, Vice President, APA (Ontario)\n"
    },
    "92607": {
        "url": "/comment/92607",
        "comment": "Has a live long resident in Haldimand-Norfolk I am 100% against the proposed housing development in the Nanticoke area of Haldimand.\nThe rural way of life would be severely negatively impacted.\n1) Highway safety due to increased volume. Our roads are already too busy.\nPut the housing closer to the work centres of the GHTA .\n2) Housing would be to close an industrial mega centre of the Lake Erie/Stelco industrial park.\nPut the housing in the areas already zoned for residential purposes.\nRegards, concerned citizen of Walpole township Haldimand county.\n"
    },
    "92608": {
        "url": "/comment/92608",
        "comment": "Submission to ERO 019-6813 Review of proposed policies adapted from A Place to Grow and Provincial Policy Statement to form a new provincial planning statement\nAugust 4, 2023\nThis proposal to replace the Provincial Policy Statement (2020) and the Growth Plan for the Greater Golden Horseshoe (Growth Plan) with a new Provincial Planning Statement (ERO #019-6813) is deeply concerning and I urge you not to proceed with these changes.  I was born, raised, live and work in the Greater Golden Horseshoe.  I participated in the initial public consultation process for \u201cA Place to Grow:  Growth Plan for the Greater Golden Horseshoe almost 20 years ago.  I also attended and participated in the 2015 Consolidated Plan Review under David Crombie.\n\u201cThe Growth Plan for the Greater Golden Horseshoe, 2006 was the first growth plan to provide a framework for implementing Ontario\u2019s vision for building stronger, prosperous communities by better managing growth in this region.  It established the long-term framework for where and how the region will grow, while recognizing the realities facing our cities and smaller communities and acknowledging what governments can and cannot influence.  It also demonstrated leadership for improving the ways in which our cities, suburbs, towns, and villages will grow over the long-term.\u201d  The Vision for our GGH is as follows:\n\u2022\tThe GGH will continue to be a great place to live, work and play\n\u2022\tA strong economy and an approach that puts people first\n\u2022\tProtects the Greenbelt and ensures a cleaner environment is passed on to future generations\n\u2022\tSupports the achievement of complete communities (transit, protected employment zones and an increase in the amount and variety of housing available)\nFurthermore, our cultural heritage resources and open spaces in our cities, towns, and countryside will provide people with a sense of place.\nI strongly oppose the creation of a new Planning Statement which is aimed at accelerating housing development at the expense of other matters of provincial interest.  Eliminating the Growth Plan under the guise of incorporating its\u2019 policies into a new Planning Statement jeopardizes years of land use policy and disregards the commitment and engagement in the development of the Plan.\nFollowing are examples of Growth Plan (2020) and Provincial Policy Statement (2020) policies that will be weakened or eliminated should this proposal be put onto effect:\nGGH 2020 (4.2.8.2 a) protects key natural heritage features and key hydrologic features in significant wetlands, habitat of endangered species and threatened species, and significant woodlands (subject to definition and demonstration) by PROBITING new mineral aggregate operations, ancillary and accessory uses.\n-\tSometimes you have to say NO and sometimes you have to say NO repeatedly (see ERO-019-1680 proposal and the subsequent decision)\nPPS Proposed (4.5.4.2 a) b) all references to specialty crop areas (removed) consideration for other alternatives (removed) and protection of prime agricultural lands (removed through changes to rehabilitation in the proposed planning document)\n-\tPrime agricultural lands and specialty crop areas (and recognition of their unique microclimates) must be IDENTIFIED and PROTECTED for long-term use.  They are a finite and non-renewable resource)\nPPS Proposed   (3.5 Land Use Compatibility) has been significantly altered to favor major facilities without the need for a reciprocal assessment of sensitive land uses.\n-\tStressing a one-way impact assessment which favors major facilities without emphasizing a reciprocal sensitive land use assessment, will increase land use conflicts.  The onus is on the major facility to initially, continually and permanently eliminate or minimize adverse effects to public health and safety on impacted sensitive land uses. This does not represent good planning.\nIn addition to the above, I am not in support of rewriting a Policy Statement and Growth Plan under a demonstrably false premise.  \u201cLand is available, both inside the existing built-up areas and on undeveloped land outside greenbelts\u201d (Ontario\u2019s Housing Affordability Task Force, 2022).  What is presented here is short-sighted.  Both the Provincial Policy Statement (2020) and the Growth Plan for the GGH (2020) are critical provincial policies that provide comprehensive, integrative, and balanced direction on land use planning in Ontario.\nThe proposed document has far-reaching, long-term and irreversible outcomes by proposing changes that would:\n-\tEliminate mandatory intensification and greenfield density targets\n-\tDisregard decades of land use policy in favor of land development at a time when a changing climate is threatening and irreparably damaging our natural environment, our health, and our safety\n-\tAllow municipalities to expand settlement areas at any time, while eliminating Municipal Comprehensive Reviews which promotes sprawl\n-\tRedirect growth into unserviced areas, including prime farmland, and targets growth to cities that may not have the capacity to supply clean drinking water.  The report from the Walkerton enquiry is comprehensive, extensive and critical to these proposals\n-\tRemoves the requirements for municipalities to undertake watershed planning.  This is contrary to Policy 4.2 (Policies for Protecting What is Valuable, The Growth Plan 2020) which states that \u201cUpper- and single-tier municipalities, partnering with lower-tier municipalities and conservation authorities as appropriate, will ensure that watershed planning will be undertaken to support a comprehensive, integrated, and long-term approach to the protection, enhancement, or restoration of the quality and quantity of a watershed.\u201d\n-\tAbandon Ontario\u2019s long-standing commitment to promote compact, transit-friendly development and prevent sprawl\n-\tEliminate the Growth Plan which identifies and protects our natural heritage, water resources and agricultural systems, our cultural heritage resources and our sense of place\nIn conclusion, the frequency of the Environmental Registry of Ontario\u2019s Proposals by the current provincial government is indicative of the numerous and recent law and policy changes.  It is unsettling for the public, municipal and regional governments.\nIn the interest of the public and future generations of Ontarians, I urge you to exercise caution. DO NOT PROCEED with the replacement of these two key policies.  \u201cThey have been developed over decades based on the experience of municipalities, expertise of planners and through intensive public consultation.\u201d (Ontario Nature and Environmental Defence submission ERO 019-6177).  The things that are being proposed are things you can\u2019t take back (Bruce Arthur, Toronto Star April 11, 2023).\n"
    },
    "92609": {
        "url": "/comment/92609",
        "comment": "Restore the greenbelt, let elected  local politicians decide what development works for their areas.  Stop forcing changes to local plans.  Stop encouraging unsustainable sprawl that encourages pollution and makes municipal services more expensive\nYour own study confirmed land is already available for housing goals.  Stop rewarding friends of government officials for land speculation.\nDo not allow farm severances that will result in economically not viable farms and jeopardize our ability to feed the province.\n"
    },
    "92610": {
        "url": "/comment/92610",
        "comment": "Mattamy Homes Canada is generally supportive of the policy direction of the new Provincial Planning Statement and the rescinding of A Growth Plan for the Greater Golden Horseshoe. Removing duplication in addition to providing clear direction and expectation to all stakeholders involved in building homes will be helpful in reaching Ontario\u2019s housing goals.\n"
    },
    "92612": {
        "url": "/comment/92612",
        "comment": "RE: Agricultural Lot Severances, ERO #019-6813 for review of proposed policies adapted from A Place to Grow and Provincial Policy Statement to form a new provincial planning policy instrument\nDear Minister Clark,\nI am writing to express my concerns regarding the proposed changes found in the proposed Provincial Policy Statement, 2023 (PPS 2023). Specifically, I am concerned about the impact the proposed policies will have on agricultural lands in the province.\nOntario\u2019s prime agricultural land is a finite, non-renewable resource that comprises less than 5% of Ontario\u2019s land base1. With the growing rate of farmland loss in the province, currently at a rate of 319 acres per day2, it is more important than ever before that the province protects our prime agricultural areas. Ontario\u2019s farmland directly supports the agri-food sector, which is the largest economic sector in the province, employing more than 750,000 Ontarians along the supply chain and annually contributing over $47 billion to the province\u2019s GDP3.\nWhile I recognize the need to address issues of housing availability and affordability I am concerned that several of the policies in the proposed PPS 2023 will not adequately contribute to the housing issues and instead will create significant issues for the long-term viability of Ontario\u2019s agri-food sector. This submission will focus primarily on the proposed PPS 2023, section 4.3.3 Lot Creation and Lot Adjustments.\nComments regarding section 4.3.3 Lot Creation and Lot Adjustments\nI am concerned about proposed s.4.3.3 which permits the severance of three residential lots from parcels in prime agricultural areas. This poses a significant threat to the long-term viability of the agricultural sector. As it currently reads, this policy could apply to any parcel of agricultural land, regardless of its size or whether it was previously severed before January 2023. Given that there are 48,346 farms4 and as many as 170,000 farmland properties in Ontario5, the province could see anywhere from 145,038 to 510,000 lots severed from agricultural properties. Therefore, if each lot is approximately 1-acre in size, this policy alone would be responsible for removing anywhere from 1.25% to 4.3% of Ontario\u2019s finite agricultural land base.\nThe use of a provincial agricultural systems approach to planning is crucial to protect agricultural land, given its importance as an economic driver and in recognition of the natural heritage and hydrological features and functions that farmland plays6. While I appreciate that proposed s.4.3.1 states \u201cPlanning authorities are encouraged to use an agricultural system approach,\u201d this policy does not provide the strength needed to require agricultural systems, and appears to be in contradiction to the permissions of s.4.3.3. When you factor in s.4.3.2.5, which permits up to two additional dwellings in prime agricultural areas, this could result in as many as 1.5 million dwellings on newly severed lots in agricultural areas. This will lead to significant farmland fragmentation, which is contradictory to the purpose of an agricultural system, and will cause significant disruptions to surrounding agricultural operations.\nMoving to rural areas often means embracing the realities of agricultural living, such as noise, dust, odors, and farm equipment on the roads. Unfortunately, this leads to land-use compatibility conflicts that are difficult to mitigate once residential units are developed in agricultural areas. This poses significant challenges for farmers, especially when Minimum Distance Separation (MDS) is not properly followed during development approvals. This is concerning given that Bill 23 prevents third-party appeals at the Ontario Land Tribunal, making it difficult for nearby farmers to address MDS concerns. Additionally, constructing residential units up to the MDS line will limit any future growth of the agricultural operation, threatening the future viability of animal agriculture in Ontario.\nFurthermore, additional residential units on prime agricultural areas will result in an increase in water usage from underground aquifers. Three additional lots, including three additional residential units would put a significant strain on the water usage and increase the likelihood of water source issues for both the residents and the agricultural operation. Agriculture uses significant amounts of water to irrigate crops and provide water to livestock. Although a large percentage of water is returned to the source, often it has been changed and carrying soil and dissolved compounds7. With less water available in the aquifer, any contaminants will be more concentrated. Therefore, permitting three lot severances in prime agricultural areas will have significant implications for water availability and safety.\nBy permitting lot severances, the province will be impacting the financial accessibility of farmland for the next generation of farmers, making farming less financially viable. Each farm property will likely increase in price relative to the value of three vacant lots in the respective region. Ontario experienced a 19.4% increase in property values in 20228, making it unattainable or financially unfeasible for many young farmers to buy land. The proposed severance policies will incentivize developers, who can outbid young farmers, to purchase farmland or provide cash incentives for farmers to sever lots, contributing to the increase in farmland prices. This will result in the next generation experiencing a fragmented agricultural system and keeping ownership of farmland out of their reach. This is concerning because if the next generation of farmers cannot afford to farm, and experience it as increasingly difficult to farm, the province will not have a viable agricultural sector for much longer.\nI have noticed that the new proposed PPS 2023 states in policy 4.3.1.2, \u201cAs part of the agricultural land base, prime agricultural areas, including specialty crop areas, shall be designated and protected for long-term use for agriculture.\u201d However, permitting lot severances for residential use contradicts lands being designated for the long-term protection for agriculture.\nI believe that the proposed s. 4.3.2.5, which would allow two additional units on existing farm properties, could be significant in providing housing opportunities for new and young farmers during succession planning and transitioning the farm to new operators. Similarly, the proposed s. 2.2.1.b.2 allows more land for housing by converting existing commercial and institutional buildings for residential use. Given these other proposed policies permitting additional housing and the significant concerns over the proposed lot creation policies, I question why there is a need to permit such a significant allowance for severances.\nFurthermore, permitting these severances is in contradiction to proposed s. 2.2.1.c, \u201cpromoting densities for new housing which efficiently use land, resources, infrastructure and public service facilities, and support the use of active transportation.\u201d S.4.3.3 will not promote efficiency in these areas and will detract from the intentions to support intensification.\nI believe that municipalities should be permitted to allow for additional restrictions to help protect agriculture and mitigate the likelihood of conflict arising between non-farming residents and the agricultural community. However, proposed s.4.3.3.2 prevents municipalities from being more restrictive, which could be vital for preventing these types of conflicts. For rural communities whose economies and culture are intricately associated with agriculture, s.4.3.3.2 will prevent municipalities from protecting a key component of their communities and is contradictory to the content on page 3 that states the PPS 2023 recognizes the diversity of Ontario and that local context is important. S.4.3.3.2 restricts rural municipalities from ensuring the local context of their agricultural system is protected from farmland fragmentation.\nI, therefore, urge the province to consider these concerns and remove s.4.3.3 in its entirety so that the proposed changes do not harm the province\u2019s agricultural lands and the farmers who depend on them. The province should require municipalities to use the provincial agricultural system mapping and allow municipalities to implement additional restrictions to help protect agriculture and prevent conflicts with non-farming residents.\nThank you for considering our submission, and I look forward to the province\u2019s response.\nSincerely,\nHailey\nReferences:\n[1] Ontario Ministry of Agriculture, Food and Rural Affairs. 2016. Guidelines on Permitted Uses in Ontario\u2019s Prime Agricultural Areas. Retrieved from http://www.omafra.gov.on.ca/english/landuse/facts/permitteduseguide.pdf\n[2] Statistics Canada. 2021. Census of Agriculture. Retrieved from https://www150.statcan.gc.ca/t1/tbl1/en/tv.action?pid=3210015301&pickMe\u2026\n[3] Ontario Federation of Agriculture. 2020. Agriculture Matters \u2013 A Guide for Municipal Councillors and Staff. Retrieved from https://ofa.on.ca/resources/guide-for-municipal-councillors-and-staff/\n[4] Statistics Canada. 2021. Census of Agriculture. Retrieved from https://www150.statcan.gc.ca/t1/tbl1/en/tv.action?pid=3210015601&pickMe\u2026\n[5] Agricorp. 2022. 2021-22 Annual Report. Retrieved from https://www.agricorp.com/SiteCollectionDocuments/Agricorp-AnnualReport-\u2026\n[6] Ontario Ministry of Agriculture, Food and Rural Affairs. 2020. Implementation Procedures for the Agricultural System in Ontario\u2019s Greater Golden Horseshoe. Retrieved from http://www.omafra.gov.on.ca/english/landuse/imp2019.pdf\n[7] Government of Canada. 2020. Agriculture and water quality. Retrieved from https://agriculture.canada.ca/en/environment/watershed-protection/agric\u2026\n[8] Farm Credit Canada. 2023. FCC Farmland Values Report. Retrieved from https://www.fcc-fac.ca/en/knowledge/economics/farmland-values-report.ht\u2026\n"
    },
    "92613": {
        "url": "/comment/92613",
        "comment": "We are in a climate crisis. We can\u2019t afford to lose irreplaceable wetlands. We are in a housing crisis, not a land crisis, so this doesn\u2019t solve it either. Younger generations are leaving the farm because small farmers are being squeezed out by large agribusinesses. This bill doesn\u2019t help with that either. I do not want me, my loved ones, my future generation, our environment, our water, our air, our local food, and our wildlife to be collateral damage because people in the ON government want to profit off of this. Shame on you.\n"
    },
    "92614": {
        "url": "/comment/92614",
        "comment": "I believe there should be the ability to create limited lot creation.  ( ie one lot per property) to a maximum size of 1 acre.  Many properties have portions that aren\u2019t being  fully farmed like treed areas where bedrock Is close to the surface. Or areas  with shallow soils not suitable for row crops. Farm families would benefit and that amount of limited development would  not be a danger to agricultural areas.\nThank you for considering my comments.\nTony from Ottawa\n"
    },
    "92615": {
        "url": "/comment/92615",
        "comment": "This motion is undemocratic. There has already been an out roar over this bill and yet it was still moved forward anyways. There is more of us than there are of you. If an uproar isn\u2019t enough for you to listen to your own citizens, then do we need to take stronger action? It is very clear that this bill only benefits developers and hurts all of us, so it\u2019s not like you have the sick benefit of our people arguing with each other over this. We all have the same consensus: this bill should not pass. And if it does, we will take measures into our own hands.\n"
    },
    "92616": {
        "url": "/comment/92616",
        "comment": "This does not help with the already high cost of living in Ontario. Even if these houses were affordable, they will drive up the cost of having to build infrastructure to support these houses. We always have enough land set aside for new housing. Why are we sacrificing irreplaceable farmland and forests for this? It\u2019s irresponsible on so many levels. We do not condone this. Bill 23 should not pass.\n"
    },
    "92617": {
        "url": "/comment/92617",
        "comment": "Finally a housing solution seemed on the horizon for rural people. But no! Once again the voice of our elite and privileged quota and big money farmers takes the voice away from everyone else in the rural landscape.\nHow will our children be able to afford to live in the areas they grew up in?  Allowing normal farmers and landowners the opportunity severe a lot for a family member or for profit would benefit many. At the same time it would increase the tax base for townships. Where will the money come from now?\n"
    },
    "92618": {
        "url": "/comment/92618",
        "comment": "I would like to voice my strong opposition to these proposed planning changes. They fly in the face of the escalating climate emergency we are in, and make a mockery of what a true conservative would do. We should be doubling down on promoting housing density within existing settlement areas, while protecting our natural resources and our irreplaceable farmland. This provincial PC government's own report showed there is already enough existing supply of developable land, and recommended we retain the important protections we have - for a reason! - for our green spaces, our water, our forests, our arable land, our quality of life. What this government is proposing, tearing apart these important regulations in order to promote a type of development that is not sustainable nor resilient, should be illegal. Indeed we do most definitely face a housing crisis, but the solution is not to deregulate more, it should be to support energy efficient, FF-free housing planning development.\nIt makes me incredibly despondent to see this government renege on its promises to protect green space, and then go further and work to undermine all the progress that should rather be built upon to make our province a more livable and resilient place to live. Right now it seems that all these proposed planning changes will do is grow the profit of certain developers at the expense of the rest of us, as we are all exposed to the increasingly uncertain weather encouraged by these GHG-positive policies, the potential lawsuits from people who buy not-fit-for-purpose houses built on these newly deregulated lands, and the prospect of living in a province where profit is more important than our collective future.\n"
    },
    "92620": {
        "url": "/comment/92620",
        "comment": "The Honourable Steven Clark\nMinister of Municipal Affairs and Housing\n17th Floor, 777 Bay Street\nToronto, Ontario M7A 2J3\nSubmitted via email to Minister.mah@ontario.ca. Growthplanning@ontario.ca and via the Environmental Registry of Ontario (ERO)\nDear Minister Clark.\nRE: ERO 019-6813 Review of proposed policies adapted from A Place to Grow and Provincial Policy Statement to form a new provincial planning policy instrument.\nThe Waterloo Federation of Agriculture has endeavored to represent the interests of its farmer members for over 80 years.  We focus our lobbying activities on ensuring that Waterloo Region continues to be a leader in both urban and rural planning thus ensuring a vibrant and productive rural agricultural countryside as well as an innovative world class urban community. We continue to support upper tier planning as it is best able to employ visionary planning ideas that have contributed to Waterloo\u2019s status as a world class centre for innovation, education, and manufacturing. We have also collectively and intentionally planned a community that can provide places for people to live and work and at the same time protected valuable and productive farmland. We firmly believe that the solution to the housing shortage  in Ontario lies within the planning policies employed by the Region of Waterloo, the current PPS and Places to Grow.\nSouthern Ontario is a unique place in North America in that its climate, its soils and its proximity to the moderating influence of the Great Lakes allow it to grow a longer list of field crops, fruits, vegetables and livestock than any other locality on the continent other than the Central Valley in California. Unfortunately this farmland is in peril if we do not intentionally plan to protect it. The Ontario Federation of Agriculture calculates that if proposed planning policy changes are enacted, the current rate of farmland loss of 319 acres per day will increase to such an extent that we will lose half ( 6 million acres) of our existing farmland by 2051. This is a wholly preventable tragedy.\nWe suggest the following solutions to the housing shortage in Ontario and the concurrent need to protect farmland.\n\u25cf\tWe strongly oppose new residential lot creation on the agricultural landscape. The detrimental impacts of lot creation are well documented. They include the fragmentation of the agricultural land base, increased conflicts between neighbouring land uses and the inflation of farmland values which makes the purchase of farmland by new entrants unattainable. Agriculture flourishes in Waterloo Region where we have not allowed rural non-farm severences since 1973. We attribute our province leading income per farm and income per acre to the fact that we recognize the need to support an agricultural landscape system that prioritizes agriculture in rural Ontario.\n\u25cf\tWe strongly oppose changes to land designated as \u201cRural\u201d  that will allow scattered rural development, unconnected suburbs and low density urbanization of the landscape. The vast majority of land zoned \u201cRural\u201d is also farmland and needs to be protected from residential lot creation.\n\u25cf\tWe support hard settlement boundary policies. They are an essential part of a long term planning process that ensures that farmland is protected and that urban growth occurs in a fashion that is sustainable.\n\u25cf\tWe support mandated intensification requirements for all urban centres. Waterloo has a current intensification rate of over 70%. Intensification saves farmland and we believe that it can be accomplished in a way that provides people with liveable, walkable communities that are desirable by the vast majority of inhabitants. Waterloo is a living example. We are one of the most desirable places to live and work in the province.\n\u25cf\tWe support mandatory densities in all new residential developments. Higher densities, if designed well, are desirable places to live and are less costly to service with water, sewer and public transit etc than low density sprawl. High density developments in Waterloo Region\u2019s cities are fully subscribed before a shovel is placed in the ground.\n\u25cf\tWe strongly support visionary planning regimes in urban municipalities that eliminate farmland loss by building complete, liveable communities in a denser form that reduces servicing costs, promotes affordability, and provides people with a highly desirable place to live, work and play.\n\u25cf\tWe support the ability of Municipalities to enact land use policies that are more restrictive than the provincial planning documents including the proposed Provincial Planning Statement. Municipalities are generally the innovators when it comes to new and innovative plans and policies and an allowance to be more restrictive recognizes their ability to advance innovation  that may become a template for others in the future.\nHumans have cultivated the land and grown food here in Southern Ontario for over 2000 years and yet farmland is a non-renewable natural resource. If we pave it over, it is gone forever. However if we plan well and look after the land it is a perpetual resource that has the potential to feed us for another 2000 years. We have the ability and the knowledge to both protect farmland and provide people with a place to live and work. Intensification, compact form and visionary long term planning are the tools that will save our natural landscape and our ability to feed ourselves.\nFinally, remember that we only have one landscape and people, the natural environment and agriculture all have to share it.\nSincerely,  Waterloo Federation of Agriculture\n"
    },
    "92621": {
        "url": "/comment/92621",
        "comment": "Greetings,\nI think the Ontario Government has to re-think the strategy it is presently forcing on the citizens of Ontario.  To cut into wetlands or farmland will have a backfiring approach down the road.\nFarmland - these are employment lands.  The harvest from the farmlands will be processed, sold to mills to be turned into grains which then are sold to supermarkets where consumers will purchase.  Many jobs are created from the time of planting to when these products are ready to be eaten by families.  Many many jobs are created in the process.  When we lose our farmland, these products have to be imported at great costs which many consumers today cannot afford.  I see in my community where farmland is allocated to homes.  Where will these homeowners work?  The jobs will not be there.  Employment lands give municipalities the tax dollars they need to maintain servicing of old and new lines.\nIndustrial lands - now being re-zoned for housing!  Once again - these lands are employment lands and they should not be re-zoned to developers who will cram too many homes in these areas so existing industries cannot function.  ie- S.C.Johnson in Brantford found out the hard way that a property originally zoned industrial was purchased with the intent for houses without letting local industries even know this had occurred.  Their message to Brantford Council 'think really hard about this and whether you want us to stay here'. They will move and many many jobs and spin off jobs are gone.\nWater - Brantford's only water supply is from the Grand River.  Yet source water protection only covers a spill in the area designated as a protection area.  Upstream of the city water intake, a rather large developer wants to build.  The property has a high water table with an ANSI feature.  Two moraines meet and one of the ANSI features involve water spouts and sink holes.  Yet the developer has now gone to LPAT to get approval for more homes.  This is also a heritage site with three pre-contact village sites and a Mohawk Mission Site from the 1800's.  All integrity for the environmental, archeological and Indigenous values for this site will be erased to create home - providing they can de-water fast enough.  Some areas need to be studied for 'net' negative impacts even when a proposal claims there won't be.  How can this be proven with developers given the upper hand and the community and natural heritage have no place?\nI am concerned about the carving up of farmland and wetlands.  We cannot bring back once the damage has been done.  Locally we value the heritage of the Grand River and its tributarys. Thank you for listening.\n"
    }
}