{
    "91313": {
        "url": "/comment/91313",
        "comment": "my concern is the subdivisions that are already being built around the small rural hamlets , the infrastructure is not capable of handling the commute to cities for employment as it is . and further more it has been brought to my attention lately that rural wells are going dry in certain rural areas as it is , more wells will have to be drilled to acccomodate more rural building which I believe the aquifer cannot handle the additional building , as aquifers gradually start to dry up then we are all in trouble.\n"
    },
    "91314": {
        "url": "/comment/91314",
        "comment": "I am echoing the comments from the OFA (Ontario Federation of Agriculture) with my own personal commentary.\nAs a seventh generation farm family (and future farm operator) I understand that you are interested in hearing from farmers in Ontario to gauge our reaction to Bill 97 and the new proposed Provincial Planning Statement.\nI am writing to voice my opposition to the proposal to allow for the severing of three lots per farm parcel.\nThere are many good reasons why existing legislation restricts residential lot creation in agricultural areas. Allowing farmland severance will fragment and shrink a finite agricultural land base, increase conflicts between residential uses and farm operations, inflate farmland prices, and increase costs to municipalities.\nWhile there may be some farmers who welcome the opportunity to have their farm severed into lots, I feel this is a short-sighted approach.  We have a housing shortage in this province but severing farm parcels is not the way to balance that shortage. Building houses at the cost of impacting the ability of farmers to produce agricultural products is not a wise decision. Limiting lot creation protects farmland for farmers so they can continue to feed the towns, villages, and cities in the province.\nAdding a significant number of new lots with owners not familiar with farm, or even rural life, will make it more difficult for me to maintain good relations and to produce the food, fibre, and/or fuel my neighbors need to live.\nI also support the current and future use of Minimum Distance Separation (MDS) standards to regulate development in rural areas.\nI am proud to be part of a farming family in Ontario with some of the best soil and growing conditions in North America.  All I ask is that the land still be here to produce agricultural products for a growing nation, to continue to protect the land and waterways, and for our children and grandchildren to have the choice to farm and to invest in their businesses.\nI respectfully ask that the government step back from its proposal to allow for the severing of farmland parcels in recognition of the current and future value and importance of agriculture to the province\u2019s economy, food security, and to ensuring vibrant rural communities. Our finite and irreplaceable farmland needs to be reserved to produce food, not to build houses.\nI feel that our way of life is at risk, and could not be recovered. The richness our lives and that of the entire province hangs in the balance. I ask you to please reconsider.\n"
    },
    "91316": {
        "url": "/comment/91316",
        "comment": "ERO number 019-6813 - Review of proposed policies adapted from A Place to Grow and Provincial Policy Statement to form a new provincial planning policy instrument.\nThank you for removing the changes which would have allowed lot severances on prime agricultural land.\nThe existing Provincial Policy Statement and A Place to Grow: Growth Plan for the Greater Golden Horseshoe were developed over the course of years with much consultation.\nThe new policy plan that the government is proposing would weaken the protections provided by these policies. Mandatory intensification would be eliminated; municipalities could expand settlement areas without ensuring the protection of natural areas. Lands subject to a MZO would no longer need to comply with official plans.\nAffordable housing is needed but there is already enough land set aside for development. The new policies, if enacted, would weaken smart growth. The proposed policies would obstruct the provincial goal of building along transit lines leading to even more need for new roads, car-dependency, and air pollution.\nThe new policies would not result in more affordable homes being built. The proposed policies would lead to more sprawl, less livable communities, fewer natural areas and many less well-off Ontario residents unable to find adequate places to live.\n"
    },
    "91319": {
        "url": "/comment/91319",
        "comment": "Please find attached the comments provided by Community Heritage Ontario (CHO) Board of Directors.\n"
    },
    "91321": {
        "url": "/comment/91321",
        "comment": "SUPPORT for the Proposed Planning Statement (section 4.3)\nWe are owners of a small 50 acre farm in the Oro portion of Oro-Medonte Township and were happy about the original Proposed Planning Statement that provided the opportunity for us to potentially sever off three lots (section 4.3).\nThe plan for us was to allocate two of the lots to our two grown children and sell off the third to provide some income for us as we are now at retirement age.\nThis would have permitted us to \u201cage in place\u201d on the property that we have lived for the past 27 years. Prior to us taking over the farm, it belonged to my husband\u2019s father and grandfather before that, making us third generation on the farm. Our hope was that this would continue into the next generation and beyond.\nThe other benefits of the severance proposal include our children being able to enter the housing market with property and mortgages (to build a house) of their own, increasing housing supply, substantially increasing tax revenue for our township while having to offer minimal additional services, increasing a presence on our country road with the hopes of decreasing illegal dumping (yes, this is a weekly occurrence). There are so many additional benefits to the three lot severance!\nWe understand the potential downsides, which could include decreasing a small amount of farmland; the areas our three lots would be located are a combo of not great farmland combined with a dying bush (ash trees ravaged by the Emerald Ash beetle).\nIt\u2019s also understandable that some folks may not like hearing tractors or the dust or smells that go along with farming. I can assure you that there are many folks that would prefer that to living in a city so close to the noise and smells of neighbours!\nWhile there are some vocal farmers and farm associations that disagree with the proposal and presented a NIMBY argument recently, there are many of us less vocal farmers that are in support.  We have informally talked with our farming neighbours who see the benefits for the same reasons listed above. We have also watched our Oro-Medonte Council meetings where they expressed support.\nWe implore you to reconsider and to continue with the three lot severance option as this is the only way we will be able to keep our farm in our family. Prior to this proposal being released,  we were consulting with real estate agents to place our farm on the market to sell to the highest bidder, which could result in the land not being farmed at all going forward should a speculator or non-farmer purchase it.\nFurther, please consider consulting with the Mayor and Councillors of our township to hear their views on the three lot severance proposal, they too are hearing from farmers that are supportive.\nThank you for your consideration.\n"
    },
    "91322": {
        "url": "/comment/91322",
        "comment": "Countryside Line has been a hard boundary that protects Waterloo Region\u2019s groundwater, farmland, and natural areas for generations to come. Development here will not help create more housing, nor will it help with affordability. These lands are out at the edge of the countryside, with no infrastructure to service them. It would be ridiculous to build in these areas before we have used up the vacant land in our existing urban boundary.\nWaterloo Region has shown that we can build lots of housing fast, exceeding our housing targets and planning for even more. We don\u2019t need to sacrifice the countryside or expand our urban boundary to do that.\nSprawling neighbourhoods need services whereas inner city neighbourhoods services can be improved rather than building from the ground up. There are plenty of parking lots and vacant space that are not only seldom used but contribute to stress on wastewater management. Once good farmland and greenspaces get paved and torn up they are nearly impossible to restore.\nRemoving parking lots makes vehicular transit less accomodated. The harder it is to get services, and the more spread out neighbourhoods are the more we have to rely on cars. Let's improve our transit and preserve green space and increase housing density.\nPlease stop expanding housing for the benefit of investors. Affordable housing is not a commodity. Please. It's short-sighted. For future generations we need to be thoughtful. Building more doesn't actually lead to less demand. Improving what we have does. Let's be thoughtful about this.\n"
    },
    "91323": {
        "url": "/comment/91323",
        "comment": "I am fully supportive of government action to accelerate the construction of more housing, particularly more affordable housing. But I am fully opposed to any development beyond existing urban boundaries.\nWe need, instead, to build Sustainable Communities, ones that are efficient and environmentally friendly and are socially well developed. We do NOT need new development of the type that is promoted by the Ontario government, which is sprawling, traditional suburbia that is highly dependent on the automobile. This traditional development is highly profitable for the land developer, but much more costly for the taxpayer in the long run, and a total disaster for our climate.\nWhat we DO need are communities that are more dense, but comfortably so; ones where you can walk, bike, or take public transit to your daily destinations.\nAnd ALL our communities have to be built, or retrofitted, to meet climate-wise building codes, ones that force developers not to build cheap, but to build with high energy efficiency and low carbon emissions.\n"
    },
    "91326": {
        "url": "/comment/91326",
        "comment": "I would like to preserve the existing Greenbelt and farmland in Ontario to meet our needs for coming generations. I realize that new development is required, however I live in a city where hundreds of acres are held ransom by developers and left as empty lots and gaping buildings, while other developments are marketing as investments and not as homes for the average family to occupy. Other private lots available (with flexible zoning orders) through infill could accommodate more housing, without creating sprawl. We cannot sacrifice greenfield development to private interests over the interests of the community! This would be a step backward.\nWhile most of our vegetables are coming from the US, and these areas are facing drought conditions, when are we going to wake up and realize that preserving and developing domestic agriculture is not a priority? There will be no space to grow a garden on the land of a new housing development of single family homes.\nI say amend this bill and protect the Greenbelt and farmland. The government was elected on this promise and I certainly will not support them again if this bill in its proposal is enacted.\n"
    },
    "91328": {
        "url": "/comment/91328",
        "comment": "I have been in Residential construction in my own business for 17 years and employ 30 employees in the industry.\n1. Municipalities have to much red tape and regulations on building and development and it is all different from one township to another... They should be governed by one body and have very clear processes and guidelines. Any new policies should be voted on in conjunction with the OHBA or local builders associations.\n2. Development fees and building permit charges are outrageous now and continue to rise for no reason . They should be making housing affordable for Canadians and not the other way around.\n3. Rural properties need to be opened up for severances and land use. Get rid of the bylaw on 100 acres to 1 single family dwelling it is doing no one good. If it does not impact agriculture or wildlife we should be able to build homes\n4. Permit processes for new housing needs to be streamlined. If the township cannot abide by the 10 day permit review as per the Ontario building code law the builder should not suffer. They should be able to start the project and allow 3rd party firms to inspect and provide reports across all municipalities\n5. Conservations have way too much power\n"
    },
    "91329": {
        "url": "/comment/91329",
        "comment": "I believe this Bill is acting in a short sighted manner and is unable to alleviate the cost of living significantly relative to the harm this will do to the environmental and farming requirements our province needs.\nI do think there are much better options than carving up this land for whichever type of use it ends up being sold to developers as.\nI also think there are much better spots for developers to target.\nI do not think this is a bill for the better of Ontario\n"
    },
    "91330": {
        "url": "/comment/91330",
        "comment": "More Suburban Sprawl is not the answer. Destroying farmland is not the answer. Destroying green space is not the answer.\nWe need more medium density housing. We need to take back the unused and underused housing already built.\nPaving over the entire province is in no one's long-term best interests...\n"
    },
    "91331": {
        "url": "/comment/91331",
        "comment": "Please see attached letter from the City of Cambridge\n"
    },
    "91332": {
        "url": "/comment/91332",
        "comment": "Still waiting on the Natural Heritage section to be completed in early June. Clearly this was not a priority for this government, as it seems the updated PPS is being rushed through.\nThe proposed plan also calls for more housing on farmland. In a world with a changing climate and increasing food insecurity, where do we think food will be coming from in the future?\n"
    },
    "91333": {
        "url": "/comment/91333",
        "comment": "I completely disagree with this bill. Farmland should be protected! We cannot afford to be short sighted, protecting viable farmland should trump development. The proposed development will not help relieve the housing crisis. As a long time renter, this will not enable me to afford a new build. The issue isn\u2019t availability; it is affordability, which is becoming increasingly more difficult due to inflation, high taxes and everything in between. This Bill will cost us more than just land.\n"
    },
    "91334": {
        "url": "/comment/91334",
        "comment": "I wish to express my objection to making ANY changes to the existing Provincial Policy Statement. The current statement was developed with very carefully researched and developed policy that put the protection of people and the environment a top priority. Now, after reducing the ability of Conservation Authorities to manage flood plains, shorelines and unstable slopes, that safety net has been lost, strictly for political reasons. It is especially concerning considering the increasing effects of Climate Change. These proposed policy changes take us, as a species, in the WRONG DIRECTION. The changes to what IS a well balanced Provincial Policy Statement, continue to be based on a political decision NOT ON SCIENCE. I'm a lifetime Ontarian and VERY saddened to see these politically driven and not needed changes. They are GREED driven and disregard our need to protect what's left of our environment, especially as we see the horrifying effects of Climate Change, that WILL get worse.\nRegarding the \"A Place To Grow\" plan.  It is totally NOT NEEDED, it is a waste of the taxpayers dollars and will result in putting people at risk who will, regretfully, build in flood plains, too close to our Great Lakes shorelines and on unstable slopes at serious risk. It will destroy our much needed farmlands, allow property severances on farms that will created incompatible uses resulting in many conflicts. It will speared the destruction of wetlands and back up the very BAD decisions that watered down the well established Ontario Wetland Evaluation System. I know all of this development policy watering is not for the people of Ontario, it won't help the homeless, and will only cater to the rich. It is obvious by the lack of public consultation, First Nation consultation and the speed in which it is happening, is being done for ONLY political gains and to open doors for very rich (an party contributor) developers to continue to exploit our citizens. Please listen to the experts who are warning of the negative effects of this direction. Politicians should NOT be making decisions like this, leave it up to people in the know.\nPlease make the right decision and CANCAL these proposed political (NOT BASED ON SCIENCE) decisions. We need to return to democracy in Ontario. This is NOT the Ontario I grew up in, and the MANY negative exploits of the current Ontario government saddens me every day.\nThank you\n"
    }
}