{
    "84123": {
        "url": "/comment/84123",
        "comment": "Infinite growth is impossible and unsustainable. This is not about creating a future and there's no altruism here. This is greed. An insatiable pursuit for more. We are witnessing the erosion of not only our land, but our rights and privileges, by a provincial government that's forgotten its function. The conservatives are the worst thing that's happened to Ontario\n"
    },
    "84133": {
        "url": "/comment/84133",
        "comment": "A letter has been enclosed that details the comments resulting from the review of the proposed amendments.\n"
    },
    "84143": {
        "url": "/comment/84143",
        "comment": "Serious terrible work...  Continued Urban Sprawl growth is a Ponzi Scheme.  The only way to pay for all this is with more harmful Urban Sprawl and real Urban Areas Subsidizing the Suburbs.  It is an economic and environmental disaster.  Just to make a bunch of rich developer richer.  Not that Doug Ford doesn't know this already.  It is his buddies we are paying.  This government is just so clearly corrupt... Maybe I could count on being heard of I was a rich developer at the Premier's daughter's wedding.\n"
    },
    "84145": {
        "url": "/comment/84145",
        "comment": "I feel that new housing developments or land use wrt housing should not go into rural settlement areas or agricultural areas. We need to protect our dwindling and important farmlands and significant wetlands and greenspace. I believe in higher Intensification rates where available infrastructure can handle the growth. I want the Greenbelt protected against any housing developments.\n"
    },
    "84147": {
        "url": "/comment/84147",
        "comment": "The proposed policy disincentives developers from building in densely populated urban areas  - yet, cities are more efficient for mobility, use less resources and will host more resilient infrastructure to support the growing Canada population and impacts of climate change.\nInfrastructure policy and planning organizations have well established the Canadian opportunity to increase global economic competitiveness and decrease social decompression by addressing new opportunities in infrastructure development.\nhttps://assets.new.siemens.com/siemens/assets/api/uuid:e6ef58a3-4561-41\u2026\nInstead, we see this proposal which simply reallocates development to the periphery - where it is more expensive, environmentally harmful and likely to create social and long-term economic harm.\nAdditionally, many of the firms poised to reap the benefits of the proposed policy are rumored to have ties to both organized crime and inappropriate access to the members of the proposing government.  This is the \"appearance of impropriety\" writ large.\n"
    },
    "84149": {
        "url": "/comment/84149",
        "comment": "These proposed policies miss the mark completely on a prosperous and healthy Ontario. Every effort should be made to freeze urban boundaries and create increased density housing, commercial and industrial spaces. Many of the proposals encourage the opposite, creating uncoordinated and unsustainable sprawl that will burden future generations. The keys to success for vibrant and successful cities are well known; increased density, walkability, better transit and city services. These are not compatible  with the government\u2019s current proposals. Climate action, food security, and prosperous future generations hinge on these proposed policies being reversed and replaced with a sustainable plan based on successful examples worldwide and scientific consensus.\n"
    },
    "84154": {
        "url": "/comment/84154",
        "comment": "The proposal is very concerning and harmful in several ways.\n- There is no real need for new lands for building, which has already been amply proven.\n- The lack of minimum density requirements means that land can be used without any concern for the very real housing crisis; density is of the utmost importance if we really are concerned about solving the need for housing to meet growth while protecting a livable future for Ontarians with green space and food security: this will lead to unnecessary destruction of green spaces for the benefit of very few, very wealthy people.\n-  Forcing municipalities to reach agreements with landowners will increase the debt load of already burdened municipalities, lead to increased municipal taxes on all city dwellers, and destabilize our cities. This enforcing of agreements also takes away the option for Cities to act responsibly.\n- This is not about protecting tenants - they, too, will have to pay higher taxes (though via their landlords) to finance infrastructure for big new houses.\n- The affordable housing crisis will actually worsen, as construction workers who are needed inside the cities will be diverted to construction of those big new houses we can fully expect to be the product of this proposal.\nThank you for your attention.\n"
    },
    "84443": {
        "url": "/comment/84443",
        "comment": "Key to land-use development anywhere in the world is the fact that our natural heritage and farmland are what support our lives, health and economies.  All else is built on this.  If the Ontario government does not put protection of these crucial natural resources first, and build housing in concentrated walkable communities, then they are threatening the livelihoods and lives of Ontarians now and into the future.  We cannot live on pavement and bricks.  They don't supply us with food, air or water.  And building on our remaining natural resources while encouraging sprawl and a car-based economy is a recipe for climate disaster.  The PPS that had been developed before 2020, the Growth Plan and other forward looking planning documents need to be restored and protections for natural heritage and farmland made paramount.  This is what the people of Ontario want.\n"
    },
    "84641": {
        "url": "/comment/84641",
        "comment": "Enough is enough!\n\"Require municipalities to prepare for the impacts of a changing climate and develop approaches to reduce greenhouse gas emissions and improve air quality\"\nWaterloo Region has been a leader in doing this for year, and yet the provincial government is stepping in, imposing on these established plans and policies and FORCING bad practices such as urban sprawl.\nStop destroying the rich natural and agricultural areas Ontario has in the name of \"more housing\" and \"a place to grow\". We have many more options and yet the current administration seems hell bent on bulldozing natural spaces to pave over and build houses, while lining the pockets of developers and big builders. I vehemently oppose these proposed changes to policy and insist the government leans into the experts already finding a heavily-praised and research backed balance between growth, sustainability and impact (such as Waterloo Region).\n"
    },
    "84695": {
        "url": "/comment/84695",
        "comment": "Hello,\nAs a young adult with a growing family who\u2019d like to help support his father with his farming operations I very much support your proposal to allow farmers to build on their land. We have a vacant lot that once had a farm house on it but because of the rules I cannot sever it to build. I can build. And if there was a house still standing I could sever. I cannot however sever to build which has been incredible frustrating for our family seeing as thought the land is not farmable and serves no other purpose.\nGiving us the ability to sever and build would give me a chance to help on our family farm, develop land that can only be used for a house, and selfishly it would help me actually afford a house for my family.\nThank you. I hope everything gets passed and action soon happens. As a young family, both partners with great paying jobs but still not able to afford a house, we need this.\n"
    },
    "84699": {
        "url": "/comment/84699",
        "comment": "This government has demonstrated that by recklessly making off-the-cuff decisions, that it actually plans really poorly. As a good example, we can look to the plan to demolish the Ontario Science Centre for housing. In doing so, we are destroying a building of heritage significance; removing a valuable cultural asset from a community that relies on it for business and for leisure; and maybe most importantly, planning to build on a flood plain.\nSimilarly, they declared an intent to build more homes in Newmarket than the town's sewage capacity would allow, and when the mayor of Newmarket tried to explain this to the premier, he lashed out.\nThe problem with this government is that they discount the opinion of experts who are experts in their field for a reason. Prior governments, even conservative ones looked to conservation authorities for expert guidance on what areas could feasibly be built on and which ones couldn't. This government only listens to developers that have donated money to their reelection campaign, and as a result, we will needlessly destroy valuable habitats and perhaps farm land to enrich these developers when much more feasible land exists.\nI call on this government to work with experts at conservation authorities and municipalities, who have spent years obtaining the knowledge to decide where municipalities can responsibly expand to, rather than randomly choosing valuable land to spoil in the name of urban sprawl.\n"
    },
    "84709": {
        "url": "/comment/84709",
        "comment": "We have a farm in halton in greenbelt and rural NEC. We volunteer on every committee for farming . Our farm is small 46 acres with half in Forest NHS and 23 acres clear. Before this proposal our farm designation is Rural land . Then ROPA 38 proposed us to agricultural system outside of Prime agricultural Areas.\nNow with this ERO 019-6813 you have had OMAFRA put us in Prime agriculture based on a LEAR study which is extremely restrictive. we now on 1 small street have 2 designations. Prime and rural land which is totally inaccurate as we all have the same soil.\nyou propose in this document that we can severe off 2 or 3 lots meeting certain critera which is excellent. we are the perfect location for that. We definitely would participate in that but no we can not due to being in greenbelt and NEC. If this goes through with no changes to this prime agriculture mapping that OMAFRA has come up with then my life savings goes down the drain. Their map for our property is wrong as they have made the entire area 1 soil classification. The region and municipality have always known that and never put us in as prime. Anyone who will ever want to purchase a farm will never buy this farm as it is too expensive and too small to earn enough farm income. You have in one stroke taken our life savings and destroyed our retirement plan for my family, children and grandchildren. With Halton conservation and halton region creating setbacks of 120 metres from trees and wetlands , the PC government joins in and destroys all possibilities. I went on to OMAFRA maps and it says there is no changing this designation once this goes through. If this proposal is to build more homes this is further from the truth. We can not severe lots here in greenbelt NEC lands. We can not have additional residential units like you are saying we can. You are lumping us in to farms with big parcels of land, that do not already have all these land restrictions already. You are putting my property and the others in halton that were not prime ag before this proposal straight into the hands of conservation and parkland. You are helping conservation EXPROPRIATING our land so that we can not do anything with it. This proposal reduces the value of our hard earned money between 1 and 2 million dollars. If i was prime ag and knew i could severe off 2 lots off the main road then there could be some concession but we can not build 2 extra homes for the children and grandparents. I met for an hour this morning with the senior planner for our city and we went over all the maps that are not being shown in this proposal. I am knowledgeable but all the other farm businesses in Halton have no idea what this will mean for their farm business. Please I implore you to change or omit us from OMAFRA prime ag maps. My family needs us to remain as we have always been, a rural property whose owners decided to make a small farm on it. If you continue on with this then you knowingly are expropriating my business, our land and not accomplishing additional homes.\n"
    },
    "84713": {
        "url": "/comment/84713",
        "comment": "After reviewing the proposed document for ERO-019-6813 we implore you to rethink the prime ag designation on our rural farm property.\nWe have a farm in halton in greenbelt and rural NEC. . Our farm is small 46 acres with half in Forest NHS and 23 acres clear. Before this proposal our farm designation is Rural land . Then ROPA 38 proposed us to agricultural system outside of Prime agricultural Areas.\nNow with this ERO 019-6813 you have had OMAFRA proposal put us in Prime agriculture based on a LEAR study which is extremely restrictive for a small farm. We now on 1 small street have 2 designations on our street. Prime and rural land which is totally inaccurate as we all have the same soil.\nYou propose in this document that we can severe off 2 or 3 lots meeting certain critera which is excellent. we are the perfect location for that. We definitely would participate in that but no we can not due to being in greenbelt and NEC. If this goes through with no changes to this prime agriculture mapping that OMAFRA has come up with then our life savings into this property goes down the drain. OMAFRAs map for our property is wrong as they have made the entire area around us 1 soil classification SOIL_CMPLX:1 . The region and city maps of burlington have never put us in as prime Ag. Anyone who will ever want to purchase a farm will never buy this farm as it is too expensive and too small to earn enough farm income. If this goes through it will destroy our retirement plan for my family, children and grandchildren. With Halton conservation and halton region setting setbacks of 120 metres from trees and wetlands , the PC government will also destroy all possibilities for this property as we can not participate in any benefits that Prime Ag designation would bring due to where we are located. I went on to OMAFRA maps and it says there is no changing this designation once this goes through. If this proposal is to build more homes this is further from the truth. We can not severe lots here in greenbelt NEC lands. We can not have additional residential units like you are saying we can. It is still to be determined if we can even have OFDUs. You are lumping this small farm with farms with big parcels of land, that do not already have all these land restrictions already in their municipality. You are putting my property and the others in halton that were not prime ag before this proposal straight into the hands of conservation and parkland forever. You are helping conservation EXPROPRIATE our land so that we can not do anything with it if it can no longer be farmed. This proposal reduces the value of our hard earned money between 1 and 2 million dollars. If i was prime ag and knew i could severe off 2 lots as proposed as we are off the main road then there could be some concession but we can not build 2 extra homes for the children and grandparents. I met for an hour this morning with the senior planner for our city and we went over all the maps that are not being shown online in this proposal. I am knowledgeable but all the other farm businesses in Halton have no idea what this will mean for their farm business. Please I implore you to change or omit us from OMAFRA prime ag maps. My family needs us to remain as we have always been, a RURAL property whose owners decided to make a small farm on it. If you continue on with this then you knowingly are expropriating my business, our land and not accomplishing additional homes like you are proposing. This is not a thought out plan and you are being advised by OMAFRA and not actual farmers.\nIf OMAFRA is so determined to designate PRIME AG farms then make a acreage requirement for farms above a certain size i.e 75 acres and omit farms in NEC that already have huge restrictions on them.\nWE have spoken to other farm businesses in the area that have said the same. And we farmers and business owners have traditionally been die hard PC supporters.\n"
    },
    "84769": {
        "url": "/comment/84769",
        "comment": "Dear Provincial Government,\nPlease do not scrap provincial density targets! Please encourage infilling and the missing middle, and please, please, please eliminate exclusionary zoning in all residential areas to encourage the missing middle.\nIn addition, please bring back rental controls for all rental units in the province. Currently, the majority of residents that are renting are spending over 30% of their income on rental housing. That is not fair or sustainable. Please have a heart.\n"
    }
}