{
    "90853": {
        "url": "/comment/90853",
        "comment": "I strongly oppose the changes being proposed in these bills. We must protect farmland, environmentally sensitive areas and prevent sprawl. There is no economic or practical benefit to these changes for farmers and municipalities and for most Ontarians, aside from the investors who can speculate on land that is ripe for development or the developers themselves who can build and sell homes.\n"
    },
    "90854": {
        "url": "/comment/90854",
        "comment": "Regarding ERO # 019-6813\nThis is one of the worst that this government has come up with yet!  Ontario needs the farmland we now have to produce the food we eat.  As a Senior, I have seen over the years the different Governments of this province either close down or allow foreign companies to buy and close our farms or food production companies.  If the Government of the day continues on this path, the citizens of Ontario will have to get all their food from out of province, increasing the cost of food.  And, like the Pandemic showed, the supply of food will be hampered by transportation problems resulting in lack of food and higher prices.  People in this province are already paying too much for food.\nYes there is a need for housing, but taking farm land is not the answer.  Why do we need huge homes on huge lots?  Smaller homes on smaller lots will house more people.  And build them on infill lots in cities, towns and villages that are available now.  And there should be more smaller one-floor homes for we seniors who want to downsize.  That would free up two-floor homes for families.\nTo the legislators who come up with these proposals, get out of your large homes in big cities and live for a year in rural communities and see how the rest of us live.\nThank you.\n"
    },
    "90855": {
        "url": "/comment/90855",
        "comment": "Ontario, Canada is not a manufacturing province and we felt that during the pandemic ,relying on the US, Europe and China for everything from ventilators to masks to vaccines.\n Ontario,Canada has no way of protecting itself from foreign intrusion without reliance on allies.\n Ontario,Canada has no way of feeding itself because of reliance on foreign food producers and the lack of fertile land.\nNO, No, No this is more than a piece of paper advocating for change within one province this is unforgivable. Once Ontario's top soil is gone it's gone and once productive farm land is gone it's gone. Once it becomes easier to sever any farm land, rural Canada and it's lifestyle is gone, as is your choice to buy locally produced food and safeguarding in times when perhaps we are unable to import foods.\nOntario do not risk Canada's future, farmland is vitally important and more so in an unstable world.\n Mr. Ford do not rape and pillage our farmland it is the wrong thing to do on every level and there is no way to paint this positive.\n I.G.\n"
    },
    "90856": {
        "url": "/comment/90856",
        "comment": "This proposal sounds like another underhanded move to bring us closer to a Totalitarian State. We can clearly see the ushering in of laws, bills, policies to coral us into 15 minute cites and removing agriculture, ie. food.\nIf people believe in the Canadian propaganda machine, that farming (food) is causing climate change(a lie) and that we need more housing for immigration, they are seriously building the communist fences that Stalin implemented which eventually starved millions of people. Yes, industrial farming is bad but small family farms are not only a vital part of our infrastructure without them we lose everything, family run farms are the lifeblood of Canada. I vehemently oppose this idea.\n"
    },
    "90857": {
        "url": "/comment/90857",
        "comment": "We need to build housing but leave the farm land. I understand the need for housing and to make use of land already cleared in municipalities or repurpose empty buildings.\nThis bill is removing or encouraging the use of good farm land without the forward thinking of where will food be grown.\nUse of farmland and green space without the consideration of the impact on the environment are irresponsible and short-sighted.\n"
    },
    "90858": {
        "url": "/comment/90858",
        "comment": "I am concerned about the proposed policy https://ero.ontario.ca/notice/019-6813. Two issues are of primary concern for me.\n1. There is no discussion of the preservation of corridors for the movement and support of wildlife. The proposal supports division of land that would fragment areas particularly in southern Ontario. This report https://environmentaldefence.ca/report/ontarios-greenbelt-under-threat-\u2026 from Environmental Defence clearly documents the threats particularly in the current green belt.\n2. Loss of prime agricultural land will be tremendous with this proposal. How will we support our population without arable land? Urban sprawl rampant across Ontario particularly in the southern part of the province. There is no requirement for developers to utilize land that is currently available for building homes and to slow our urban sprawl.\n"
    },
    "90859": {
        "url": "/comment/90859",
        "comment": "While I can appreciate the government's viewpoint of supporting homebuyers and catering opportunities to an ever-growing provincial population, I strongly oppose the recent proposal to increase development, particularly in rural areas. If housing and development must be expanded, it is critical that it is not done on agricultural lands. The Greenbelt was constructed with the practical intent to restrict urban sprawl and protect existing farmland. Moreover, the Greenbelt reduces the risk of floods, protects ecosystems and wildlife, supplies clean air, and supports nurturing the well-being of citizens. I have attached a link that highlights the importance of nature, specifically the Greenbelt, and how it is beneficial to humans' mental and physical health. By opening land for development in these areas, years of environmental protection efforts will be undone, jeopardizing the well-being of present and future generations.\nOntario is home to limited widespread greenspaces. It is imperative to preserve what we have left; if not for us presently, then for the sake of our future. Farmland is a finite resource, and when these lands are developed, the soils are permanently barred from their previous functionality, which has been so prevalent in the production of crops like Niagara peaches and Durham strawberries. The 2021 Canadian Census notes that Ontario is losing 319 acres of farmland each day, which is incredibly alarming for the province's future. When more farmland is lost, it becomes more difficult to produce a sufficient quantity of food to support the existing population, and the cost of living will increase significantly. This can and has exacerbated and increased existing social issues like homelessness and poverty.\nI sincerely hope that the negative implications of increasing development in Ontario, specifically on agricultural lands, are considered. Thank you.\n"
    },
    "90861": {
        "url": "/comment/90861",
        "comment": "It seems like every day I\u2019m fighting something that this government is trying to push through where the public has no idea what the real implications are. I stand with the Farmer\u2019s of Ontario who are concerned about the loss of farmland and surrounding areas of Greenbelt all of which are important to the survival of every member of Ontario. Once we lose viable farmland, we will not get it back.\nI grew up in Mississauga with beautiful memories of a farm at the end of my road - a destination we could walk to and see their Shetland  ponies, smell the fresh earth, and apple flowers. This was at the corner of Hwy 5 and Erin Mills parkway. That being paved over when I was still a child, we spent many magical Sundays in the \u2018country\u2019 to go for walks and see the trees. This was in Oakville - just west of Winston Churchill - only 15 minutes from home. Today, one must  drive over an hour to be in open space. The Greenbelt is cut by massive roads and wildlife are trapped in small unnatural  corridors (this is a whole separate issue).  I currently live in Ottawa which was always a nice size surrounded by green space. Urban sprawl and farmland loss is becoming an issue now here. I moved here because it seemed to be designed much better and it was easy to move through greenbelt right from my backyard. Efforts are being made to densify (kudus urban planners) but again, farmland is being chopped to bits on all sides -Ottawa South,  Barrhaven, Orleans and Kanata.\nProtections are already barely protecting our vital farmland and  greenspace. Please do not loosen restrictions to make it easier for their destruction to happen.\n"
    },
    "90862": {
        "url": "/comment/90862",
        "comment": "Bill 97 is one of the best possible things that could have happened for ontario\u2019s small family farmers.\nThis initiative will not only allow small farmers to sever and build homes for their families for multigenerational farming but also offers the potential for a much needed influx of operating capital, which will allow those of us with small farms to continue to operate for at least another generation.\nDont listen to the naysayers. Large corporate farms and the farm organizations whose boards are filled with puppets for the corporations only oppose this Bill because it means less small farmers will be forced to sell their families livelihoods to the corporate giants at depressed prices to continue their takeover of our agricultural sector.\nPlease whatever you do, do not allow their self serving pressure to stop this amazing initiative.\nAs well please make sure that the bill requires municipalities to follow it without compromise.\nThat is already an issue here in Norfolk. The region has made it nearly impossible to obtain surplus farm severances in direct contravention of the act. There opinion is that they know this and dont care. If you want to challenge it you can pay tens of thousands to go before the olt. Council has already made internal comments that they will find someway to deny bill 97 by policy loopholes.\nThank you for your time.\n"
    },
    "90864": {
        "url": "/comment/90864",
        "comment": "We are farmers... Rural-Residential zoning in North York and fully support your Bill 97 and in particular the proposed change to build housing for Farm Help and - as would be our case - housing for our retirement.\nOverall, the proposed Bill 97 may suggest to reduce available farm land.  However, this is truly a hoax.  What farmland in and around Greater Toronto can be operated economically.  Cost of modern equipment demands substantial land sizes to be operated economically.  Isn't it already a fact that no farmer in Greater Toronto is making money on operating his farm, including leased neightboring lands, untill the day he dies and his heirs sells the land to a hobby farmer with intent of tearing down the old farmhouse, build a mansion and quit farming...\nBill 97 gives the family an opportunity to continue to remain on the lands while the next generation can build a house for their use and/or add a farm help house for a much needed farm hand.   The relative small Greater Toronto un-economical farms (100-200 acres) may be reduced to 25-40 acre lots - still leaving lots of green space and encouraging continued development - and adequate size for a small hobby farm for families enjoying the lands.\nWe maintain, for a farm to be economical, the cultivated land must comprise at least 500 acres, preferably 1-2,000 acres.  You can NOT run a farm in Greater Toronto - regardless of size - as help is simply not available.  Rural Residential is that and that exactly.  Rural Ontario may need help, but that is a different subject.\nWe support the Ford initiative and we support Bill 97.\n"
    },
    "90865": {
        "url": "/comment/90865",
        "comment": "There have already been studies completed that show there is ample land available for housing around already serviced areas. It makes no sense to continue pursuing building on the Greenbelt and farmland, which is not serviceable for large numbers of residential units. We need to be protecting green spaces, not eroding those few that we have in Southern Ontario.\n"
    },
    "90866": {
        "url": "/comment/90866",
        "comment": "A nation needs Farmland to secure itself from the perils of degraded markets and to provide its own citizens with internal food security. The needs of housing for newly arrived people and the demands of the already settled must be balanced to ensure the security of the land is not imperiled for future generations; because once farmland has been transformed into housing, it cannot easily be returned to pasture.\n"
    },
    "90867": {
        "url": "/comment/90867",
        "comment": "As a worried Canadian, I am disheartened to learn that this policy has been put forward.  Farmers are the heart and soul of food for all Canadians.  The thought that farmland is being considered to be used for building houses is unthinkable.  We need our farmers to continue to own their farmlands without restrictions.  The next thing we will hear is that we have no farmland left because of this and farmers are out of business!  What happens now?  Have some respect for our country!\nThe government is already taking down trees in prime areas of Canada to proceed with construction projects!  We need to preserve the forests and wetlands so that people can survive and our ecosystem remain stable.  If these projects continue, we are smothering the earth of all the good it does for everyone.\nI totally disagree with the government on these issues!  It seems so clear that \u201cthe rich get richer and the poor get poorer\u201d in this country.  Wake up!\n"
    },
    "90868": {
        "url": "/comment/90868",
        "comment": "The majority of Ontarians do not want your government to go in the green belt or taking over our farm land.  Mr. Ford promised before he was elected he would not touch our green belt\u2026He lied and people are fed up with politicians who do not keep promises. Please follow what this Province wants and do as promised.   There is enough serviceable land in our cities to do your building.\n"
    },
    "90869": {
        "url": "/comment/90869",
        "comment": "I am opposed to the proposal to replace the PPS.  The proposed changes are jeopardizing years of progress in land use policies.  Removing mandatory intensification and greenfield density targets is directly counter to the Province's efforts to increase the supply of all forms of housing.  Removing the requirement for municipalities to plan according to population and employment targets and eliminating the requirement for a comprehensive review before expanding growth boundaries will make it difficult for municipalities to plan for new infrastructure to promote new growth which again, means new housing cannot be built expeditiously.  This is especially true with shifting development charge costs to the tax base.  It will be more difficult for municipalities to avoid significant increases in property taxes which hurts a wide variety of residents of Ontario.  It remains unclear what will be considered affordable and attainable housing.  The ability to create new lots in agricultural areas will reduce Ontario's farm outputs and increase imports.  Not to mention the potential loss of specialty crop lands to aggregate extraction.  I urge  you to pause and consult with your partners at AMO, OFA, CFFO, and ROMA before moving ahead.\n"
    },
    "90870": {
        "url": "/comment/90870",
        "comment": "Regarding ERO#019-6813 - I live in a rural area on a 20 acre property, zoned rural, and therefore precluded from subdividing.  Although such zoning limits our potential to make money from our land, my husband and I are content with the situation for the greater good of the area - including the health of the adjacent pond which is a classed as a provincially significant wetland.  I see nothing in the proposed legislation which would protect that wetland, nor which would protect our quality of life. All I see is the goal of opening land for development i.e. profit-taking from an irreplaceable resource for the short-term profit of a few. In my opinion, destruction  of productive farmland is a short-sighted and wrong-headed objective in an age when our food supply chain is threatened by political and climate change realities.\n"
    },
    "90871": {
        "url": "/comment/90871",
        "comment": "Do not allow farmland to be opened up to residential development. We are already losing our farmland and our ability to feed our people, thereby making us more dependant on other countries for food. Farmers are already at odds with residents of new developments over livestock sounds and smells, and normal farm activities. People who move from the city to new housing near farms do not understand the country way of life, and it clashes with agricultural activities.\n"
    },
    "90873": {
        "url": "/comment/90873",
        "comment": "Stop giving away the farmland we will need to sustain our own province in the future. This is NOT ok at all. I will not support a government that only looks to capitalism because they can\u2019t think outside the box on how to fix the housing crisis, which threw years of \u201cthe same old\u201d thinking has gotten us to this point. Wake up the younger generations need better solutions from the current government.\n"
    }
}