{
    "90830": {
        "url": "/comment/90830",
        "comment": "I support farmers and the Ontario Federation of Farmers to reject Bill 97.  I support environmentalists who reject Bill 97\u2019s erosion of Greenbelt and Conservation lands protection. The government is right to think about this issue. Ontario\u2019s population will grow with immigration in the centuries ahead. Development pressures can be met by increasing residential density in existing urban centres. Dense compact cities are cheaper to run and easier to live in. A quick look at downtown Toronto shows Smart Development companies, of which there are hundreds, have been very successful and profitable building vertically rather than horizontally. Developers who only know how to build Sprawling Single Family dwellings onto farmland need to change and adapt because Ontario\u2019s Farmland is limited by latitude, soil and growing conditions.\nFarmers feed everyone. Farmers and rural communities vote. Farmers are environmental stewards. Farmers deserve more respect.\nPoliticians at Queens Park and across Ontario who support Bill 97 are short sighted. Smarten up or you will be voted out! I also support changing Ontario Political campaign finance and public reporting regulations to increase transparency by registering and publishing the names of all candidates and Ontario developers benefiting from sprawl prior to voting day in elections. In our democracy, Individual voters need to be restored as top influencers, not lobbyists and campaign contributors.\n"
    },
    "90833": {
        "url": "/comment/90833",
        "comment": "The proposal has inadequate protection for farmland.  While the housing crisis is a significant problem, the food crisis that we will eventually encounter as a result of disappearing farmland (complicated by issues associated with climate change) is going to be orders of magnitude worse.  Allowing encroachment in farmland is terribly short sighted.   The housing crisis is far better dealt  with restricting the footprint of urban/suburban housing and dramatically improving planning and density.\n"
    },
    "90834": {
        "url": "/comment/90834",
        "comment": "NO NO NO!  Canada may need more housing (for low and middle-income families), but it needs its farmland more.  Without it more and more of our food becomes imported.  We then become dependent on countries who recognize the value of food production.  Control the food supply and you control a people.  The countries who can supply us the cheapest food don't care about food quality or soil sustainability, or even about paying their farmers a living wage.  Canada should be feeding the world -- but instead we can hardly feed ourselves, if you judge by the imports we are already putting on our shelves.\nI am not so naive to think that a homeowner living next to a farmer will accept the inconvenience: dust; noise; noxious smells; spray drift; mud splattered, tire worn roads -- it's all part of the agricultural reality, but NEVER for the suburbanite.  The 'city slickers' have the time to complain and pressure the farmer to defend his operation, thus doing serious harm to a dangerous, high-stress, risky business so critical to the wellbeing of all Canadians.  The farmer always loses.\nWith the threat of starvation during WWII, European nations recognized the importance of protecting their farmers, and continue to do so with legislation.  Canadians, never having been threatened by an invading army, have no such respect for the bounty they take for granted. WAKE UP!!  If you don't want your children and grandchildren to know the threat of starvation, we need to protect the rights of the people who feed us today.  Once land has been \"converted\" from agricultural to residential, it can never be reclaimed.  Are we so narrow-minded?  Really?  Take the business away from farmers and give it to developers because they're more important?  Really?  Whatever happened to intelligent thinking?\n"
    },
    "90835": {
        "url": "/comment/90835",
        "comment": "As a rural home owner I believe this is a mistake.  I moved to the country to get away from city noise. I never thought of the rural discomforts.  Now I am constantly getting the smell of the country.  Manure odor travels for kilometers.  Every spring summer and fall is a 'crap' shoot. Farming is not a few animals on a farm. There are large livestock operations.  I never thought about the smell of liquid manure making me gag. No urban people can imagine this. We know that we have to put up with the livestock in the area but will prevent more barns from being built in my back yard. The farmers were here first, that I agree. But now I will be here first when they try to enlarge there operations.\n"
    },
    "90836": {
        "url": "/comment/90836",
        "comment": "The continued reduction of viable farm land should be a critical issue for all residents of Ontario.  Housing is nice to have but food is essential and it can't be grown in many areas of Ontario.  I live in a rural area and the increase in housing is in my backyard.  The destruction of wildlife habitat, the flattening of trees that are hundreds of years old is extremely sad to witness.  The distance people commute is exhausting and  speeding on the roads around here kills thousands of animals every year and takes its toll on commuters.  I see no upside to continuing to create horribly planned miles of housing.  All greenspace is eliminated (are you really in the country then), there is no public transport (do we need more cars driving farther and farther), there is no use of green energy (why are we still building housing with fossil fuels when we know so much about greenhouse gases).  It is the 21st century and our planning and approach is unchanged from the 1950s.  Do I believe people want to live 2 hours from their workplace.  I sincerely doubt it.  One day we are going to be knocking down these same houses to get some farmland so we can have access to affordable food.  Look at your grocery bill - it is shocking and there is no end in sight.  I believe the current Ontario government is more interested in furthering the riches of the few at the expense of the many.  Go back and scour Toronto and areas that are relatively close to maximize the use of all unused and underused land.  Yes it is more expensive but in the end, it will meet your needs.  Put an end to the situation where a handful of people are buying up all farmland and leaving it vacant (often parking vehicles so we can pretend it is domestic housing) waiting for the big government payout - a shameful situation.\n"
    },
    "90837": {
        "url": "/comment/90837",
        "comment": "Stop bill 97 I am horrified by the erosion of our food producing lands. New subdivisions in Holland Marsh are criminal;  please stop this foolish support of the rape and pillage of our food. In this day and climate, shipping food is exacerbating climate change. We are capable of producing vast amounts of local food WHY WHY WHY would that land be sacrificed for housing that can be built elsewhere. Is this housing affordable?????? Come on, stop with the greedy, lack of foresight, willfully ignorant choices. Please stop, think, think ahead, think further ahead and make choices that work in the long term as well as meet the urgent need for affordable housing. no one should be making profits while we lose food production.\n"
    },
    "90838": {
        "url": "/comment/90838",
        "comment": "This Greenbelt development must be stopped. There are existing residential zones which could be intensified.\nThis suburban sprawl approach has failed before. For example, Mississauga was prime farmland before it was paved over for low density residential zones. And now Ford is planning to do the same thing to the Greenbelt. This is not a solution.\n"
    },
    "90839": {
        "url": "/comment/90839",
        "comment": "I don\u2019t understand why the Province of Ontario continues to build new homes on prime farmland. I live in an urban area in the GTHA, and there are so many empty buildings that are an eye sore, and should be torn down and replaced with new homes (this could include high rises). Why are abandoned buildings in a state of disrepair, not being demolished and considered for new development? I don\u2019t understand. Building on farmland is such a waste; no wonder why the youth cannot make a living farming and move to an urban centre. Please re-think your proposal!\n"
    },
    "90841": {
        "url": "/comment/90841",
        "comment": "To whom it may concern,\nOntario is home to some of the best farmland in the world. Collectively, we are facing a food crisis where Ontario residents need good quality, nutritious food delivered in a sustainable way. This can only be achieved my preserving farm land surrounding our cities.\nThis bill actively attacks this need and adds to the growing problem of \"urban sprawl\". Cities should be building up and in, not out and away.\nThis bill needs to be stopped and our urban planning strategies need to be rethought. Yes, people need places to live. But we also need affordable food to eat and farms to grow it in. Another way is possible.\nStop this bill!\nSincerely,\nL. OD\n"
    },
    "90842": {
        "url": "/comment/90842",
        "comment": "I thought we were concerned about climate change , building in rural areas will increase distances people will have to travel in order to do everything from work , to shop , and schooling .\n We need to build up within city limits not out , the majority of people do not require a house and a yard , they need close access to facilities that can be reached using public transit.\n"
    },
    "90845": {
        "url": "/comment/90845",
        "comment": "It is about time someone is listening.  40 years ago I purchased 2.81 acres of land and built my house off to one side so that in the future I could sever another building lot.    Well the future came and so did the Green Belt and that put a stop to my severance.   How can 1 acre of land that has not been farmed in 40 years present a detriment to the Green Belt.  It is reasons like this that have strangled supply of land and have pushed the prices of building lots up to  half a million dollars.  There is no hope for our young people wanting to build or buy  a house.  The cause is GOVERNMENT interference, Green Belt, Conservation, Heritage.  As I have said to my wife, had we have not built our house 40 years ago and then waited to today the Government would have not allowed us to built.  If it was good to build then, it should be good to build today and if the Government says no, then buy me out.\nThank you Mr. Ford for stating to deal with these problems.\n"
    },
    "90846": {
        "url": "/comment/90846",
        "comment": "I live across from a current urban development project on what was a large farm property. I do not object to transitioning old, non-productive farmlands to other uses that should include a return to natural growth rejuvenation areas as well as urban development.\nI do object to building the same old and failed single expensive homes in a sprawling neighbourhood instead of a higher density development with more open recreational and light commercial use.\nI also find it a fault of planning that allows developers to create these large urban / suburban developments with zero development of green energy like solar, wind or geothermal and no accommodation for EV charging built into the residences and roadsides or bike paths and other planning features to encourage reduction in private vehicle use.\nTo prevent farmlands from being sold for residential development or commercial development there should be strict criteria on the transition of farmland in Ontario.\nA farm must be no longer productive to a large extent as the lands are now nutrient poor or suffer from other material imbalances.\nA farm cannot be sold to a development company without conditions that any building must include set minimum density requirements, inclusion of green energy and high efficiency materials and an restriction on NG or other fossil fuel energy sources in the designs.\nInclusion of ToU metering, energy storage and orientations to maximise solar generation must be included in the designs and plans.\nFarmland sold for development should be subject to capital gains taxation, while lands sold to remedial restoration would be exempt from any gains taxes and cannot be resold for 10 years or more except to return to agricultural use.\n"
    },
    "90847": {
        "url": "/comment/90847",
        "comment": "As a resident of Ottawa, Ontario I am diametrically opposed to Bill 97 & Bill 23.  Our Provincial Gov\u2019t, & Premier Doug Ford, say they care about the environment and accessible housing.  These Bill\u2019s do not accomplish that.  They are a money grab for the developers and are cookie cutter architect.   The loss of green space and agricultural land will be incredibly significant and maintaining community character wiped out.  It is extremely disappointing to see this Provincial Government prioritize growth that benefits the developers and  investors, will provide little if any affordable housing as well as decimate green space.\nPlanting an odd tree here and there is not protecting green space.\n"
    },
    "90848": {
        "url": "/comment/90848",
        "comment": "Future housing for all municipalities, including large, fast growing municipalities should not be built on Grade A or even B farmland in order to preserve food production. Shrinking farmland for a growing population is a foolish, short sighted approach.  This will include but not be limited to protection of designated Greenbelt and environmentally sensitive areas.\nFuture housing should focus on affordable housing. This means smaller homes in higher density areas rather than sprawling subdivisions of large homes on large lots that require more space and do not meet the needs of the majority of young people and immigrants who are currently excluded from the housing market.\nAs much as possible, future housing should be built in urban areas that are already serviced in order to a) reduce the consumption of farmland, b) reduce building costs and therefore the cost of new homes by not needing to provide totally new servicing, and c) reducing commute times, road use and the need for individual vehicles in order to get to work.\nThank for every effort to provide a sustainable long term plan that protects farmland and all natural resources and meets the housing, employment and transportation needs of those who most need it.\n"
    },
    "90849": {
        "url": "/comment/90849",
        "comment": "I oppose this bill. We need to learn to grow our population vertically not horizontally. We need to stop the urban sprawl. Stop buying prime farm land and bush lots and allow our cities to build taller buildings to house more people. Destroying farmland and bush land to build more houses is expensive. Why not upgrade the infrastructure we have in the cities and building taller buildings to accommodate them.\nI have watch subdivisions destroy too many wetlands, farmland and other key environmental lands to stay silent.\n"
    },
    "90851": {
        "url": "/comment/90851",
        "comment": "Stop urban sprawl waste. Protect our farmland and natural spaces; they provide more value than you realize. Land is already available within cities to meet housing needs with high density, low rise builds. Stop working to fill the pockets of construction companies and start thinking of healthy, high density communities with access to local food and transport and green spaces with high biodiversity. Our future needs to be green for all to be in good health.\n"
    }
}