{
    "90874": {
        "url": "/comment/90874",
        "comment": "With respect to the Ontario government's plan to provide more housing, I  have the following concerns:\n1. Housing planning for municipalities was done without consultation with municipalities and in many cases over rode the current planning already completed by the municipality.\n2. Important, valuable farm land is being converted into development for housing.  This is farmland that is gone forever.\n3. Decisions are being made quickly and without regard to the environment or the future for Ontarians.\n4. The biggest concern is that Doug Ford said he would not destroy any of the Greenbelt the he proceeded to do just that.\n5. I have no confidence in this government making good, future-forward decisions.   The beauty of our province is being sold off for profit for a few.\nThank you\n"
    },
    "90876": {
        "url": "/comment/90876",
        "comment": "I am not on favour of the proposal to allow farms to be subdivided for residential development. This would reduce the amount of farmland available to produce food for domestic and international markets. It would also create more conflicts between homeowners and farners. Ontarians are fortunate to live in one of the most productive agricultural areas in the world. We take the safety and security of our food supply for granted.  Homeowners are unlikely to be sympathetic to a farmer who needs to create noise, odours, etc as part of operating the farm. I believe enough land area can be found in existing areas for higher-density housing, and avoid the use of farmland.\n"
    },
    "90877": {
        "url": "/comment/90877",
        "comment": "Dear Sir/Madam\nI am concerned that any encroachment on or reduction of agricultural land is extremely shortsighted given future needs for food security that will override any other concerns as large agricultural areas to the south of us become barren due to drought or water scarcity.\nPlaces like Ontario due to our proximity to fresh water and availability of arable land will become even more important agricultural areas in the future.\nFurthermore, it is unconscionable to be using precious agricultural land for low density sprawl just because the developers favoured by the premier specialize in low density housing. We have plenty of land and opportunity for densification inside the existing built areas and brownfield areas of the Toronto Region where the introduction of medium density multiplexes of up to 4 stories in established neighbourhoods could meet the demands of millions in very comfortable not too congested environments that have many urban amenities, transit, walkability for health, churches and other cultural facilities in close proximity that will help support a healthy, happy and productive quality of life.\nWe all very well know how unhealthy the suburban lifestyle that is proposed here is for our bodies, minds and the environment and its impact on climate change.\nI hope you will consider my comments and others seriously, but I suspect secret deals have already been made with the rich corporate elites that effectively run this province.\n"
    },
    "90878": {
        "url": "/comment/90878",
        "comment": "Agricultural land, and the many farms that operate upon that land, must be protected in Ontario. The expansion of high density housing into our rural zones comes as the direct result of unopposed federal immigration policies that are ballooning the amount of people seeking habitation to never before volumes. Instead of increasing the population to inflate economic activity, governments should be encouraging the return of industry from China, supporting free enterprise, and funding skilled trades and apprenticeships at the high school level, so as to increase real GDP, that is, real productivity. We cannot afford to lose fertile, productive, farmland in an era in which food security is coming under increasing pressure because of ideologically simple-minded federal government policies that care more about virtue-signalling to the U.N. than they do about the Canadian people. Because our current provincial Conservative government stands \"shoulder to shoulder\" with the federal Liberal government, I suspect you don't care about the real needs of the people of Ontario. Nevertheless, as a free born citizen of this great province, I want you to know that I do not consent to the wrongful development of prime agricultural land. Without agricultural self-sufficiency, we risk becoming a vassal state to real food producers.\n"
    },
    "90879": {
        "url": "/comment/90879",
        "comment": "It would be a huge mistake to take away farmland as well as lands designated for Greenbelt in order to build homes. Cities like Hamilton have a large amount of empty/ closed  buildings that could be used. The infrastructure is already there. During the pandemic stores often had difficulty accessing certain foods. Climate change has affected our supply, ie. drought/ flooding in the US like California where much of our lettuce comes from. We need ample farmland to prevent food shortages as well as feed Canadians especially with more immigration in the future. The financial waste on building new highways as well as developing land is too high. Initiatives to slow down / stop climate change have to start now.\n"
    },
    "90880": {
        "url": "/comment/90880",
        "comment": "This is a disaster proposal. What we need in Ontario is DENSER CITIES. With the exception of a few truly important heritage buildings Ontario needs to grow UP not OUT. Those subdivisions along the 401 are truly sickening-- ugly, terribly built, cheap, and much worse for the environment than a 3 bedroom condo. Tell developers to build units that serve families, and get rid of parking lots. That is what Europe looks like, and they've been around for longer than we have without any problems so it clearly works.\n"
    },
    "90882": {
        "url": "/comment/90882",
        "comment": "I do not believe this bill should pass as it would endanger important agricultural land and present increased health safety risks for any new housing development near farms.\nFirstly, there has been no sign that increased residential zoning changes has had an impact on the actual amount and affordability of housing projects being completed. There is a record number of housing projects approved within major cities that have never been started or are still under construction years into the process. Furthermore, this bill does not address key affordability issues when it comes to housing. These issues, supply cost and construction employee numbers, should be prioritized rather than expanding where housing can be built.\nSecondly, agriculture and farming involves potential exposure to chemicals and biological toxins on a near constant basis. While farmers have experience in keeping themselves and their employees safe through proper PPE, the impact of these dangerous substances remains in the land as well as spread out over significant distances. Any residential building project would be exposed to health risks and potentially contaminated land which would negate any possible affordability benefits.\nThirdly, there is already a major farming crisis in Ontario and Canada. As the cost of farming has increased over the years and the interest in this important jobs has decreased, Ontario is already facing a lack of accessible and local food supplies. To further reduce the agricultural facilities of Ontario would see the price of food and farm-related goods sky-rocket even more. Ontario must protect the farming industry by providing assistance to farmers and helping them find successors as they age out of the workforce.\nLastly, the unnecessary expansion of housing projects on agricultural would have significant ecological impact as it would reduce already endangered habitats for animals, increase the carbon footprint of the province, and cause significant disruptions on local communities. Housing is a large producer of carbon footprint, and expanding possible housing project brings with it significant costs. From getting the supplies for making a house to digging up the grounds for sewer access or sanitation necessities, the amount of CO2 produced by the process is significant. Ontario is already not fulfilling its ecological obligations. It should not be increasing the carbon emissions at such a time.\n"
    },
    "90883": {
        "url": "/comment/90883",
        "comment": "My comment relates to Chapter 3: Infrastructure and Facilities.\nArtificial municipal or regional boundaries must not impact the cost effective delivery of services as noted within this chapter.  We all receive an economic benefit of working in southern Ontario from Niagara to London to Barrie to Bowenville and we should all work together for the benefit of all.  Without coordinated water, sewers, transportation (roads, highways, transit, cycling, sidewalk), police, fire and paramedics we are doomed to fail.    You cannot build more housing without the top three of water, sewer and transportation.   That is the reality!!  Where are the trade schools??\nLook at the mess we are in now and we need at least three service boards to coordinate the southern Ontario area.  We need a strong Transportation Board (We kind of have it with Metrolinx), Underground (sewer, water, treatment plants) Service Board and an Emergency Services Board (Police, Fire & Paramedics).  These three strong boards need to be created to support every town and City, no one should be left behind.  Regional governments have acted too independently for far too long and we do not need this upper tier government.\nI also recommend that boundary roads be given to one municipality, too many issues when it falls within the middle of the roadway or the new \"Transportation Board\" takes on the responsibilities.\nI recommend the following amendment to the first section: 3.1 General Policies for Infrastructure and Public Service Facilities.\n1.  Infrastructure and public service facilities shall be provided in an efficient/ cost effective manner while accommodating projected needs and must coordinate across jurisdictional boundaries to improve service delivery.\nThese are my thoughts.\nCheers.\n"
    },
    "90884": {
        "url": "/comment/90884",
        "comment": "This is allowing sprawling development when it needs to be densified. Additional housing on farmland may initially be used for family members but it is eventually sold off to someone not in the family and then all the problems with noise and manure smells become an issue for the farmers. It is very shortsighted thinking to allow more houses on farmland.\n"
    },
    "90885": {
        "url": "/comment/90885",
        "comment": "I do not believe this bill is acceptable.  We are losing 391 acres of good farmland in Canada on a daily basis.  Where do you think our food is going to come from if you continually destroy  prime farm land. There are lands they can be used that are unsuitable for farming, let's use our collective heads and put these to use. It always appears that you in government would rather take the easy way out.  This is not a substitute for governance of our province and country as a whole.We elected you in hopes that promises made are promises kept. You had better think extremely hard before it is to late. We have future  generations that are depending on you and all of us to do the right thing for them. This not one of them .\n"
    },
    "90887": {
        "url": "/comment/90887",
        "comment": "I live in Downtown Toronto, and even I am deeply concerned with these policies regarding Ontario's farmland. With climate change already threatening the future of global and local food supplies, Ontario needs to ensure the protection of our arable land. The Canadian shield and our climate means that land is limited, and once built on with houses, it is gone for good. I hate driving through agricultural areas and seeing huge tracts of land being turned into sprawling housing developments. It also threatens small local ecosystems and further contributes to clinate change. Densify existing cities without destroying our farmland. This government seems to give little consideration to anyone other than developers and fully willing to sacrifice both greenbelt and farmland alike to promote development for houses that won't even be in the price range for first time home buyers. I am also deeply concerned by the impact such expansions will have into the environments of farming communities. Increased toxins from emissions going into the soils and crops that are for human consimption, to say nothing of the environmental impact on waterways and wildlife in the area is great concern. The government already weakened the environmental assessments process to facilitate development, so I have no confidence that any serious thought has been given to the impacts of such development plans beyond the financial gaylins of developers and investors. The Government of Ontario is supposed to represent the interests of all Ontarians, not just one affluent group. Please reconsider these plans!\n"
    },
    "90890": {
        "url": "/comment/90890",
        "comment": "I find it hard to put into words how vehemently opposed I am to this proposal. The farmland, wetlands and forests of Ontario have been long ago designated as protected. These lands are all in place for our survival and DO NOT belong to Doug Ford and his destructive cronies who are out to capitalize on this. What good does it do to have more homes sprawled out while destroying the very environment that feeds us and sequesters carbon and other contaminants, supports wildlife and provides solace to people to enjoy. Our planet must be balanced and we need to keep our precious farmlands, wetlands and wild lands intact. There has been enough destruction and contamination of all sorts left for future generations - let's not make it even worse.\n"
    },
    "90891": {
        "url": "/comment/90891",
        "comment": "Hello,\nI don\u2019t understand why the government is so bent on building over farmland. We need this land to grow food to feed people. The government has this idea of being able to feed the population on food they grow in labs so they can control the population and have us dependent on them for everything.\nThis is shameful that they continue to allow people into this country. We don\u2019t need more people here if we can\u2019t house them without taking valuable farmland from honest hardworking farmers.\nInstead of building over valuable farmland that is being used to feed us, build more high rises in the cities.\nThe government needs to think and care for the people that are here now and forget about trying to get more votes by just welcoming more people from other country\u2019s. Especially people that bring nothing to offer Canada when they come.\nImmigrants used to have to bring something to offer Canada such as skills and a willingness to make this country better, not hold their hands out for welfare cheques , free healthcare, free homes etc.\nIt would seem that there is no more room for the people that are already here so why burden us Canadians with less farms to grow food?\nHow much more damage to the environment are we going to allow? All this talk of climate change is a result of urban sprawl.\nThank you.\n"
    },
    "90893": {
        "url": "/comment/90893",
        "comment": "Once again this government is so out of touch. You won\u2019t be happy until every plot of land is built on while you receive kickbacks from home builders like Mattamy. Will be amazing to pay even heftier prices when every piece of food I put in my mouth will be taxed to the nth degree because it has to be trucked/railed or flown in. You miss the mark yet again. Farmers out of work because you will make it next to impossible for them to sustain business. You should be fucking ashamed of yourselves. What a disappointment.\n"
    },
    "90895": {
        "url": "/comment/90895",
        "comment": "We disagree on with this proposed bill that premier Ford is trying to push through. This bill will destroy agriculture and farmland.\nPlease do not move forward with this bill. Doug Ford we have voted for you for years based on your wanting to protect greenlands. Do not go the other way. Stop this as soon as possible.\nYour constituents are speaking to you loud and clear. We do not agree with this bill. Please stop now.\n"
    }
}