{
    "92335": {
        "url": "/comment/92335",
        "comment": "At its regular meeting held on August 2, 2023, Peterborough County Council passed the following motion in support of the Natural Heritage Policies proposed in the draft PPS:\n\"That Report PPW 2023-16, Report on the draft Provincial Planning Statement \u2013 Natural Heritage, be received;\nThat staff be directed to forward Report PPW 2023-16 to the Minister of Municipal Affairs and Housing and local MPP\u2019s as the formal response from Peterborough County on the recently added Natural Heritage policies to the draft Provincial Planning Statement; and,\nThat a copy of the report be forwarded to each local Township for their information.\"\nA copy of Report PPW 2023-16 is attached.\nIain Mudd, MCIP, RPP\nDirector of Planning\n"
    },
    "92337": {
        "url": "/comment/92337",
        "comment": "Good morning,\nPlease find attached the Association of Municipalities of Ontario (AMO) Response to the Combined Provincial Policy Statement and A Place to Grow: Growth Plan for the Greater Golden Horseshoe.\nThank you.\n"
    },
    "92338": {
        "url": "/comment/92338",
        "comment": "Please see the attached on behalf of Chief Cobiness of Niisaachewan Anishinaabe Nation.\n"
    },
    "92339": {
        "url": "/comment/92339",
        "comment": "Please see attached correspondence on behalf of Chief Skead of Wauzhushk Onigum Nation.\n"
    },
    "92340": {
        "url": "/comment/92340",
        "comment": "Please see attached letter for comments\n"
    },
    "92341": {
        "url": "/comment/92341",
        "comment": "Attached is KFA\u2019s submission for ERO 019-6813 - Review of proposed policies adapted from A Place to Grow and Provincial Policy Statement to form a new provincial planning policy instrument.\n"
    },
    "92342": {
        "url": "/comment/92342",
        "comment": "After reviewing the Provincial Policy Statement, The Planning Act, and the Growth Plan for Northern Ontario it appears that the issues around unorganized townships in Northern Ontario have not been adequately addressed.   The PPS does not adequately address the unorganized townships particularly in Northeastern Ontario.\nRecently Parcels in unorganized townships have been purchased for the express purpose of selling shares in the property. The use of an \u2018unorganized township\u2019 for these communes/communities/medieval villages or land lease communities is used as a selling point to shareholders. Unorganized townships are portrayed as having few regulations. Every shareholder will own one unregistered land lease lot on the said Parcel which is owned by a corporation.  These communities are mostly \u2018off grid\u2019 and some are called medieval villages instead of land lease communities. These Parcels of land in unorganized townships are divided into \u2018lease lots\u2019 without ever having gone through the rigors, requirements and approvals for subdivision under The Planning Act.  This shareholder structure appears to be seen as a way of going around The Planning Act and proper approvals for subdivision.\nThere is little to no properly planned infrastructure such as waste management, fire protection, road development, sewage, gray water solution and drinking water availability in these \u2018off grid\u2019 land lease communities. Safety of residents when roads are not maintained or easily accessible on land lease lots that are not marked with numbers is a concern for both fire and ambulance services. Fire services may not be available at all.\nThis practice of creating land lease communities is in contravention of Section 47(2.1) of the Planning Act which states that only one land lease community home per parcel is allowed.  It also appears to contravene sections of the PPS such as section 2.7 which states that town sites shall not be permitted. The PPS or the Planning Act does not state how these villages, or communes, or land lease communities, are to be prevented or regulated while more pop up unannounced in the unorganized townships of Northeastern Ontario.\nThe PPS, The Planning Act, and the growth for Northern Ontario document should reflect the situation that exists. By not addressing the growing issue of lease lot communities in unorganized townships in Northern Ontario, proliferation of land lease communities is guaranteed.   The PPS needs to address the unorganized townships more diligently taking into account existing residents, Indigenous rights and the adverse effects on the environment.  Wording should be included clearly stating that lease lot communities remain illegal and existing enforcement procedures require updating to be effective.\n"
    },
    "92343": {
        "url": "/comment/92343",
        "comment": "RE:\tProposed Changes to Provincial Policy Statement and Growth Plan\n\tERO No. 019-6813\nWe are the landowners of several parcels of land contained within the White Church Road Urban Expansion Area bounded by White Church Road East, Upper James Street, Airport Road East and Miles Road in the City of Hamilton.\n"
    },
    "92345": {
        "url": "/comment/92345",
        "comment": "RE:\tProposed Changes to Provincial Policy Statement and Growth Plan\n\tERO No. 019-6813\nWe are the landowners of parcels of land contained within the Twenty Road West Urban Expansion Area bounded by Twenty Road West to the north, Dickenson Road West to the south, Glancaster Road to the west and Upper James Street to the east in the City of Hamilton.\n"
    },
    "92346": {
        "url": "/comment/92346",
        "comment": "Please see attached comments on behalf of TransCanada Pipelines Limited.\n"
    },
    "92347": {
        "url": "/comment/92347",
        "comment": "Im a single mom who lives in Ontario , through the years I have seen many wildlife habitats and green spaces being taken over by industrial and residential constructions and it\u2019s ruining our beautiful land , we have now reached a point where they are calling global warming global boiling we are losing all our forestation due to wild fires and yet the Canadian government still has the audacity to try and build over what helps keep our air quality and environment clean . I am ABSOLUTELY devastated and completely against Bill 23 , I plea for the government to re think this travesty .\n- Sandra D\n"
    },
    "92348": {
        "url": "/comment/92348",
        "comment": "Please find attached comments on the Proposed changes to the PPS. We recommend that the word \u201conly\u201d be inserted into the existing and proposed policy prohibition on lands exceeding the 30 NEF/NEP standard as documented below:\n3.4.2 Airports shall be protected from incompatible land uses and development\nby:\na) Prohibiting new residential development and other sensitive land uses\nonly in areas near airports above 30 NEF/NEP;\nb) Considering redevelopment of existing residential uses and other\nsensitive land uses or infilling of residential and other sensitive land uses\nin areas above 30 NEF/NEP only if has been demonstrated that there will\nbe no negative impact on the long-term function of the airport; and\nc) Discouraging land uses which may cause a potential aviation safety\nhazard.\n"
    },
    "92349": {
        "url": "/comment/92349",
        "comment": "RE:\tProposed Changes to Provincial Policy Statement and Growth Plan\n\tERO No. 019-6813\nWe are the landowners of land contained within the Twenty Road West Urban Expansion Area bounded by Twenty Road West to the north, Dickenson Road West to the south, Glancaster Road to the west and Upper James Street to the east in the City of Hamilton.\n"
    },
    "92350": {
        "url": "/comment/92350",
        "comment": "I am writing to express my strong opposition to proposed changes to the Provincial Policy Statement, 2022 (PPS) and the Growth Plan for the Greater Golden Horseshoe (Growth Plan). These changes would accelerate urban sprawl and the ongoing loss of farmland and natural areas in Ontario.\nA shortage of land is not the cause of Ontario\u2019s housing shortage, as noted by the Housing Affordability Task Force in 2022:\n\"Land is available, both inside the existing built-up areas and on undeveloped land outside greenbelts. \u2026 Most of the solution must come from densification. Greenbelts and other environmentally sensitive areas must be protected, and farms provide food and food security. Relying too heavily on undeveloped land would whittle away too much of the already small share of land devoted to agriculture. (p. 10)\"\nIt is time to listen to the experts, who have shown that the amount of land already designated for development far exceeds what is needed to meet long-range housing targets.\nThere is simply no need for proposed policy changes which would:\n- Eliminate mandatory intensification and greenfield density targets that were designed to rein in urban sprawl;\n- Allow municipalities to expand settlement areas at any time without a comprehensive review of infrastructure needs or potential impacts on farmland and natural areas;\n- Force municipalities to allow three lots to be severed from every farm, even in prime agricultural areas;\n- Exempt lands that are the subject of Minister\u2019s Zoning Orders (MZOs) from complying with provincial policies and official plans;\n- Remove the requirement for municipalities to undertake watershed planning; and\n- Weaken and eliminate policies intended to address climate change.\nOntario is losing farmland at the shocking rate of 319 acres per day. The proposed new policies will make matters much worse and spell disaster for the lands and waters that sustain us.\nSprawl development will not solve current housing needs, as your government pretends. I urge you to retain all PPS and Growth Plan policies that are designed to curb sprawl and protect farmland and natural areas.\n"
    },
    "92351": {
        "url": "/comment/92351",
        "comment": "It is critical to protect the farmland and the industry of this province. Allowing housing to encroach on industry is often its death knell. Stelco and Esso are heavy industries in my area of Haldimand County. They are the biggest industries, employers, and taxpayers.\nUnder the Haldimand County Official Plan, these industries are granted a 3 km setback from housing development, a plan approved by the province and in compliance with the Provincial Policy Statement. Industry needs stability, so maintain the current regulations of protection.\nThe 3 km setback is not just required for existing emissions, but occasional upsets and expansion.\nBoth Stelco and Esso have declared their objection to allowing a housing proposal by Empire Homes to proceed. In fact, Esso has increased the buffer zone around their oil refinery by buying out another house and demolishing it, giving them a clear 2 km to the next nearest house east of the refinery. Industry located there over 40 years ago to be away from residential areas. Need I mention the Bhopal, India industrial disaster at a Union Carbide plant where there were no setbacks?\nEmpire Homes is on record as wanting to reduce the buffer zone or setback from industry to 300\nmetres and to 500 metres from wind turbines. There needs to be a 2 km setback from wind turbines and a 3 km setback from industry.\nThere is no need for anymore significant housing in Haldimand County. There are many serviced lots not being built on in the existing urban areas plus more development land within them.\nSome roads are already stretched to the max at times. We are in desperate need of a new bridge over the Grand River in Caledonia. So don\u2019t allow for anymore land to be consumed by housing development in Haldiamnd.\n"
    },
    "92352": {
        "url": "/comment/92352",
        "comment": "There should be a policy mechanism to enable severances to permit new residential lots in rural areas in common sense instances such as where the land has lower agricultural capability, a larger parcel contains a smaller section of land that is separated from the larger parcel by a natural feature which undermines its efficiency to be farmed, or where the creation of a new lot(s) generally represents infill.\nA policy environment that is too restrictive results in the inefficient use of land - for example if a parcel of land cannot be farmed but happens to be painted by a broad brush policy designation as \"Agricultural\" (which inevitably happens in assigning land use designations in predominantly rural townships), then the land does nothing and its utility is sterilized simply because the broad brush policy designation which inaccurately labels it.\nRelated to the above, consideration should be given to amending MDS requirements, particularly requirements to have neighbouring farmers 'sign off' - this is a non-objective requirement.\nPlanning policy should enable the sensible use of all land, not as a means to sterilize land simply because it is mis-categorized by a high level and sometimes inaccurate 'land use designation' that is assigned in an official plan.\n"
    },
    "92354": {
        "url": "/comment/92354",
        "comment": "Hello,\nMy name is Andrew Head from Dryden, Smith & Head Planning Consultants Ltd. In Kitchener.  I am also the immediate past president for the Waterloo Regional Home Builders Association.\nI will try to be brief.....\n1) The planning process has not been made easier with Bill 23, now the applications are front loaded with more risk for the applicant.  I personally have emails to planning staff where I have to chase them down for weeks even months before I get answers to easy questions in order for us to submit the complete application.  I would be happy to provide you with examples.  Further, Municipal staff make useless requests.  We are being forced to complete a traffic study for a small condo development that fronts onto a cres. in a small town.  We have been advised that 4 units will not even make a blip on the Traffic Impacts study.   Yet the entire cres. can have up to 3 units per lot.  This just drives the cost of housing up.  Noise study for redevelopments on busy streets....\n2) Allow rural residential lots to be created when the meet the criteria (non prime agricultural lands, outside the natural areas, unable to be a viable farming operation, expand settlement areas that can safely house - yes this means we will need support for septic systems and wells.\n3) zone the areas around the transit stations so it is one less process to go through for approvals\n4) streamline site plan standards across the province.  ie. Why is there 3 different sizes for parking spaces for Kitchener, Waterloo and Cambridge?\n5) HST on housing ... 13% on a million dollar home is $130,000 this money is put onto the mortgage which the banks charge interest on and cost double $230,000 (or more) to the end user.  Why not make the tax portion a flat rate for the end user (1%) the bank still gets paid and this will decrease the cost to the end user making home more affordable.  I am sure the banks will still make record profits\n6) mandate Cities to provide the infrastructure to get services to the development areas.  They will get the development charges to pay for it once it is built.\n"
    },
    "92356": {
        "url": "/comment/92356",
        "comment": "Beef Farmers of Ontario (BFO) appreciates the opportunity to comment on ERO 019-6813 Review of proposed policies adapted from A Place to Grow and Provincial Policy Statement to form a new provincial planning instrument. BFO represents the 19,000 beef farmers in Ontario by advocating in the areas of sustainability, animal health and care, environment, food safety, and domestic and export market development.\nA key priority for BFO and our members is the preservation of Ontario\u2019s agricultural land base. We strongly believe the best way to protect Ontario\u2019s agricultural lands is through sound provincial land use policy that sees agricultural lands, including marginal lands used for livestock grazing and carbon sequestration, protected as the highest and best use of Ontario\u2019s arable land.\nOntario\u2019s beef sector contributes $2.69 billion to Ontario\u2019s GDP on an annual basis and sustains more than 61,000 jobs through primary production, processing and retail. Ontario\u2019s beef farmers also provide important ecological goods and services, especially through the management of grasslands, that protect and enhance Ontario\u2019s environment. This includes sequestering carbon in the soil, providing habitat for wildlife and species at risk, oxygen production, water and nutrient cycling, and maintaining and improving soil health. The ability to provide these ecological goods and services on lands managed with cattle is threatened by competing land uses.\nWe thank the government for taking the time to meet with BFO and our industry partners to discuss our concerns regarding proposed changes outlined in the PPS. BFO is very pleased with the government\u2019s commitment to continue engaging with the agriculture sector regarding alternatives for supporting multi-generational farm families without the use of additional severances in prime agricultural areas.\nThe provincial government\u2019s plan to address Ontario\u2019s housing crisis is ambitious and necessary, and we continue to support the province\u2019s efforts to address this issue. We also strongly believe achieving the government\u2019s housing goals must be balanced with the need to protect our agricultural land base and we remain concerned with aspects of the proposed PPS as it relates to this point.\nOur comments to the discussion questions below will focus on the proposed changes that relate to or impact agricultural lands and beef farmers.\n1)\tWhat are your thoughts on the policies that have been included from the PPS and A Place to Grow in the proposed policy document, including the proposed approach to implementation?\nWe acknowledge and strongly support the following statement as outlined in the proposed PPS Vision statement: Housing must be built in the right places so that Ontario\u2019s vibrant agricultural sector and sensitive areas will continue to form part of the Province\u2019s economic prosperity and overall identity. Growth and development will be focused within urban and rural settlements that will, in turn, support and protect the long-term viability of rural areas, local food production and the agri-food network. This component of the proposed PPS Vision statement recognizes that a balanced approach to land use planning is critical, and building more housing and maintaining our agricultural lands go hand in hand.\nIn addition, with the release of the Grow Ontario agri-food strategy, we recognize this strategy as the gameplan to address future food production challenges with targeted investments to drive growth and support Ontario\u2019s agri-food sector. The Grow Ontario strategy includes a significant goal to increase the consumption and production of food grown and prepared in Ontario by 30 percent by 2032. When examining a number of the changes within the proposed PPS it must be noted that achieving the above goal will be significantly challenged by the further loss of agricultural lands, increased conflicts between non-farm neighbours and farmers performing normal farm practices, and the increasing price of farmland. Further, the proposed PPS will impact not only Ontario\u2019s farmers, but also the general public, as Ontario\u2019s farmland is gradually paved over, we weaken our ability to produce food locally and, ultimately, negatively affect our food security.\nWe believe the proposed PPS should be the minimum standard for agricultural land protection in Ontario and allow for municipalities to expand upon agricultural land protections where they see fit.\nMinimum Distance Separation\nBFO is pleased to see the Minimum Distance Separation (MDS) formula will be maintained in the proposed PPS. MDS serves as an important tool to prevent land use conflicts and to minimize nuisance complaints related to normal farming practices between farming operations and surrounding residential land uses. By ensuring a minimum distance between livestock operations and residential land uses, MDS is also a critical tool to prevent potential water quality issues and biosecurity concerns. For these reasons, we firmly believe MDS needs to be maintained in Ontario.\nThat said, we have outlined concerns below in regards to section 2.3.4 Settlement Area and Settlement Area Boundary Expansions, which does not recognize the importance and value of the MDS policy.\nLot Creation and Lot Adjustments\nAgain, we are very pleased with the government\u2019s commitment to further engage with the agriculture sector regarding alternatives for supporting multi-generational farm families without the use of additional severances in prime agricultural areas.\nAllowing lot creations in prime agricultural areas would be a fundamental shift from the current Provincial Policy Statement and would create a multitude of unintended policy consequences. Some of these unintended consequences include the constraining of livestock farmers\u2019 ability to establish new operations and/or grow their operations (barns, manure storage, etc.); would drive a reduction in investment into the livestock sector, which will create stagnation in the sector resulting in fewer and fewer farmers, negatively affecting the backbone of our rural communities; exacerbate the already unsustainable loss of Ontario\u2019s agricultural lands; risk inflating farmland prices; increase infrastructure service demands on municipalities; create water quantity and quality concerns as a result of increased residences in agricultural areas; create increased fragmentation of our agricultural land base; and lead to more farmland being purchased for investment and speculative purposes, making farming even more unattainable for the next generation.\nWe firmly believe the current restrictions on lot severances in prime agricultural areas, as outlined in the Provincial Policy Statement, should be maintained. We do not support policies that will increase residential lot creation in agricultural areas.\nPermitted Uses\nSection 4.3.2 would allow up to two additional residential units (ARU), in addition to the principal dwelling, in prime agricultural areas provided that any additional residential units are within, attached to, or in close proximity to the principal dwelling; complies with the minimum distance separation formulae; is compatible with, and would not hinder, surrounding agricultural operations; and appropriate sewage and water services will be provided.\nWe support this change and believe it will provide farm families with the opportunity to add residential units to their property for family members or farm workers. However, we believe much more clarity is needed within in this section.  We recommend the inclusion of specifics for type, size, scale, and location of proposed ARUs. Furthermore, in section 4.3.2.4, it states that a principal dwelling associated with an agricultural operation may be permitted in prime agricultural areas as an agricultural use, in accordance with provincial guidance. We recommend provincial guidance material also be provided for ARUs in prime agricultural areas to ensure the creation of ARUs on prime agricultural land is applied consistently across the province. We are also concerned with the proposed change in section 4.3.2.5 that would allow for severing of ARUs in prime agricultural areas. As stated, we do not support policies that will increase residential lot creation in agricultural areas.\nWe recommend a government and industry working group be established to develop the needed clarity and criteria for ARUs in prime agricultural areas to ensure they are practical, consistent, and compatible with existing agricultural operations.\nSettlement Areas and Settlement Boundary Expansion\nSection 2.3.1 states \u201c[s]ettlement areas shall be the focus of growth and development. Within settlement areas, growth should be focused in, where applicable, strategic growth areas, including major transit station areas\u201d. BFO supports this section and we firmly believe that in order to balance our province\u2019s need to build more housing while preserving our agricultural lands for future generations, the province must be focused on creating complete communities and densifying existing urban and rural settlement areas where municipal services are present.\nBFO is very concerned with section 2.3.4, which states:\nIn identifying a new settlement area or allowing a settlement area boundary expansion, planning authorities should consider the following:\na.\tthat there is sufficient capacity in existing or planned infrastructure and public service facilities;\nb.\tthe applicable lands do not comprise specialty crop areas;\nc.\tthe new or expanded settlement area complies with the minimum distance separation formulae;\nd.\timpacts on agricultural lands and operations which are adjacent or close to the settlement area are avoided, or where avoidance is not possible, minimized and mitigated to the extent feasible as determined through an agricultural impact assessment or equivalent analysis, based on provincial guidance; and\ne.\tthe new or expanded settlement area provides for the phased progression of urban development.\nBFO supports fixed permanent urban boundaries to limit the loss of agricultural lands and focusing growth within existing urban boundaries. We believe higher density development should be mandated province-wide to take advantage of existing infrastructure and to protect agricultural land.\nThe change in language to provide municipalities with a simplified and flexible approach to expand settlement boundaries by removing the need for a comprehensive review and stating municipalities \u201cshould consider\u201d things like compliance with MDS or ensuring impacts to agricultural lands are avoided or minimized through an Agricultural Impact Assessment, we view as short-sighted. We  believe this will lead to inconsistent implementation across municipalities leading to further loss of agricultural lands and varying levels of protection for agricultural lands across municipalities.\nWe recommend the proposed PPS maintain the requirement for planning authorities to demonstrate whether creating a new settlement area or expanding an urban boundary will impact agricultural lands and farm operations, complies with MDS, and whether there are reasonable housing alternatives within existing urban boundaries.\nIn addition, the proposed change in 2.3.4 fails to recognize the importance of the MDS policy, and, for the reasons outlined above, the MDS policy cannot simply be taken as a light suggestion for new settlement areas or boundary expansions. In addition, we strongly believe Agricultural Impact Assessments (AIA) must be completed when examining a new settlement area or settlement area boundary expansion.\nBuilding housing on agricultural lands should be a last resort and only after development of underused or vacant areas within existing urbanized areas has been completed.\nGeneral Policies for Agriculture\nThe proposed PPS outlines the following general policies for agriculture in section 4.3.1:\n1.\tPlanning authorities are encouraged to use an agricultural system approach, based on provincial guidance, to maintain and enhance a geographically continuous agricultural land base and support and foster the long-term economic prosperity and productive capacity of the agri-food network.\nWe believe the agricultural system approach, which is supported by Agricultural Impact Assessments, provincial Agricultural Land Base Mapping and Agricultural System Portal, is a valuable planning tool that looks at the entire agriculture network and we have supported the use of the agricultural system approach as it has been implemented within the Greater Golden Horseshoe (GGH), and we have previously requested and continue to request the use of this approach be required by municipalities throughout Ontario.\nThe proposal to eliminate the requirement to use the provincially-mapped Agricultural System, and require municipalities to designate specialty crop areas and prime agricultural areas is a concern. We believe this will create a patchwork of agricultural land mapping and remove a tool that allows for \u2018big picture\u2019 agriculture land use planning. We recommend maintaining the use of the provincially mapped agricultural system to reduce agricultural land fragmentation and to protect farmland.\n2.\tAs part of the agricultural land base, prime agricultural areas, including specialty crop areas, shall be designated and protected for long-term use for agriculture.\nBFO supports this provision continuing to be included in the province\u2019s land use planning policy, but, as our comments highlight, other policy changes in the proposed PPS do not support the above provision and will not protect prime agricultural areas.\n3.\tSpecialty crop areas shall be given the highest priority for protection, followed by Canada Land Inventory Class 1, 2, and 3 lands, and any associated Class 4 through 7 lands within the prime agricultural area, in this order of priority.\nThe continued prioritization of agricultural soils within prime agricultural areas is concerning for the beef sector. Agricultural soil types serve different purposes and have various capabilities, but are all important for maintaining a healthy and vibrant agricultural sector. We have long advocated that soil types classified as 4 through 6 be equally protected and included in the definition of Prime Agricultural Lands. Class 4-6 soils are suitable for grazing livestock on pasture and hay production, and for providing ecological goods and services, such as sequestering carbon in the soil and providing habitat for wildlife.\nRural Housing and Lands\nIt is very important to remember that not all agricultural land in Ontario is zoned as prime agricultural land, and there are many farms and agricultural lands that municipalities have zoned as rural land. We cannot forget about these farms and their value when discussing the preservation of agricultural lands.\nLand use planning in Ontario must balance opportunities for growth and building housing with the need to preserve our agricultural lands. Focusing growth on urban and rural settlement areas will help balance this need while supporting local economies, reducing farmland loss and reducing potential land use conflicts. We know rural communities also need more housing, and there are opportunities within existing rural hamlets and towns to increase density and where adequate servicing exists or can be expanded upon to more efficiently expand the rural tax base for municipalities. Density and intensification targets should be analyzed and applied to rural settlements and settlement areas.\nThe proposed change to add multi-lot residential development as a permitted use on rural lands within section 2.6.1 is extremely concerning and we believe unrestricted growth in rural areas will have negative consequences, especially for agricultural lands. This includes removing productive farmland and natural heritage features, increasing conflict between non-farming residents and farming operations, increasing demand for services in less dense areas, and the overall character of rural landscapes. BFO does not support this proposed change.\nThe current 2020 Provincial Planning Statement in section 1.1.5.2 allows residential development, including lot creation, that is locally appropriate, as a permitted use on rural lands. Lot creation on rural lands is already a controversial topic and has meant agricultural land zoned as rural land has been severed for residential development or purchased for the purpose of removing the land from agricultural production altogether. We strongly believe the government should examine setting a maximum size for lot creation on rural lands to ensure large pieces of productive agricultural land is not removed from production.\nBFO recommends agricultural uses, agricultural-related uses, on-farm diversified uses and normal farm practices should be protected and given higher priority as permitted uses within section 2.6.\nNatural Heritage\nWe would like to indicate our support for section 4.1.9 that states nothing in section 4.1 is intended to limit the ability of agricultural uses. We encourage the government to strengthen section 4.1.9 by stating that, in addition to \u201cagricultural uses\u201d, nothing in section 4.1 is intended to limit \u201cnormal farm practices\u201d, as it is defined within the proposed PPS.\n2)\tWhat are your thoughts on the proposed policies regarding conservation of agriculture, aggregates, natural and cultural heritage?\nUnder Ontario\u2019s current provincial land use planning policies and plans, the province is currently losing agricultural land at an unstainable rate. Agriculture Census data from 2016 to 2021 shows Ontario lost 582,392 acres of farmland, totaling over 1.5 million acres of farmland lost between 2006 to 2021. Further, between 2016-2021, over 290,000 acres of tame and native grasslands were lost in Ontario. BFO has long advocated for improvements in land use planning policies to better protect agricultural lands in Ontario.\nStatements within the proposed PPS policies to focus growth within urban and rural settlement areas and maintaining MDS are important to conserve agricultural land. Now, as our above comments highlight, we have serious concerns that a number of proposed changes will do very little to conserve agricultural lands or support agricultural operations for the long-term. In fact, a number of the proposed changes, as they relate to agricultural lands, would be harmful to the future of livestock agriculture in Ontario and would fundamentally weaken Ontario\u2019s agriculture sector and its ability to produce local food.\nSection 2.9 Energy Conservation, Air Quality and Climate Change states that municipalities must plan to reduce greenhouse gas emissions (GHG) and prepare for the impacts of a changing climate. As noted above, agricultural lands, especially hay and pasture lands, do not simply serve as land to produce food, but provide ecological goods and services through sequestering carbon in the soil, mitigating floods, supporting biodiversity and wildlife, and other extremely important natural climate solutions that will help to reduce the impacts of climate change. Policies that will directly or indirectly reduce our agricultural land base not only negatively impact our food security, but increase GHG emissions and remove a tool we have to mitigate the effects of climate change.\nWe look forward to on-going dialogue with the government to help meet Ontario\u2019s housing goals while preserving our agricultural land and achieving the Grow Ontario agri-food strategy goals.\n"
    },
    "92357": {
        "url": "/comment/92357",
        "comment": "Do NOT eliminate concern for public health, the environment and public safety.\nI have a three month old granddaughter, and these proposed planning changes make me terrified for her future.\nGone is any concern for the public health, safety, or environmental impacts of development and land use patterns (cf. the striking of 2.1.4 (c) from the statement).\nGone is the opening statement to Chapter 5  \"Ontario's long-term prosperity, environmental health and social well-being depend on reducing the potential for public cost or risk to Ontario\u2019s residents from natural or human-made hazards .\"\nInstead we have the goals of being competitive and prosperous.\nThis is wrong.  Our planet is burning up in front of our eyes. People are dying in floods, forest fires, heat waves.\nSmall comfort that a few \"competitive, prosperous\" individuals will be able to afford expensive funerals.\nGrowth and development which ignores  or threatens the environment must be curtailed.\nYou must bring back statements of concern for public health, safety and the environmental to planning and development in Ontario. These should be guiding principles.\n"
    }
}