{
    "91635": {
        "url": "/comment/91635",
        "comment": "I have 65 acres and 4000 feet road frontage of marginal, class 5, farmland(scrub). I have spent thousands trying to grow hay with no success. Simcoe County classified this as \"Greenland\", though it is useless for agriculture. It is next to many housing lots and I would like to create a few more lots. I am taxed as Rural Residential and 3 severances are allowed under Severn by-laws, Simcoe County classifies scrub as Greenspace and will not allow severance. I am lodging my displeasure of the current land use policy.\n"
    },
    "91636": {
        "url": "/comment/91636",
        "comment": "I am very concerned about the direction in this PPS. The measures outlined are not required in order to meet the need for more affordable housing, but will create other problems. The plan outlined here will allow municipalities to develop using patterns of suburban sprawl that represent an outdated and harmful approach to development.\nI urge the government to listen to environmental organizations like the Rescue Lake Simcoe Coalition and re-consider the direction outlined in this PPS.\n"
    },
    "91638": {
        "url": "/comment/91638",
        "comment": "The current review of the Provincial Policy Statement (PPS) is to generate an appropriate housing supply, make land available for development, provide infrastructure to support development, and balance housing with resources. However, the current policies related to partial services has mired the opportunity for the Municipality of McDougall to expand the Nobel settlement area and reach the goals and objectives of the More Homes, More Choice Act, and More Homes Built Faster Act.\nSection 3.6 of the proposed PPS prescribes that \"Partial services shall only be permitted [ ] within settlement areas to allow for infilling and minor rounding out of existing development on partial services\u2026\"\nNo consideration has been given to the outdated policies with respect to partial services. The Municipality has been waiting for several years for developments to proceed to help offset the significant infrastructure costs associated with the municipality's capital investments in public water and roads. There is a demand to expand the Nobel area, and this is the Ministry's opportunity to review the policies related to partial services to allow for growth, make new land available, and build new homes.\nIn terms of partial services being municipal water, and private sewage systems; It is the Municipality's experience that in an effort to maximize private septic systems the users of municipal water are more cautious with water consumption than those on a municipal sewer system. Septic systems are expensive to replace, and owners will protect their investment.\nThe Municipality of McDougall is asking that the Ministry recognize, and update  the new Provincial Policy Statement to include policies to permit growth and development within areas that provide partial service.\n"
    },
    "91639": {
        "url": "/comment/91639",
        "comment": "Hon. Steve Clark\nMinister of Municipal Affairs and Housing\n17th Floor, 777 Bay Street\nToronto ON M5G 2E5\nRE: ERO 019-6813, the Review of proposed policies adapted from A Place to Grow and Provincial Policy Statement to form a new provincial planning policy instrument\nDear Minister Clark,\nThe Township of Ramara has reviewed the proposed draft Provincial Planning Statement and offer the following comments for consideration:\nAgricultural Changes\n1.\tAdditional Residential Units \u2013 The Township has no concerns with the explicit allowance of additional residential units on agricultural properties.  Current policies in the Township allow for additional residential units, however there would be difficulties in allowing these structures to be severed.\n2.\tLot Creation \u2013 The Township of Ramara has great concern with proposed lot creation in the agricultural zone.  Our Agricultural land should be protected and promoted, allowing for lot creation will remove lands from farm production.  Lot creation in the agricultural designation would impact the viability of our existing and potential future agricultural industry.\n4.3.3.1.v is subjective.  There is no method for measuring \u201clower-priority\u201d agricultural lands.\nLand Parcels for farming purposes in Ramara are generally at most 40 hectares in land area. As measured in the Township records, an 8 km2 area contains 28 separate agricultural parcels as of January 1, 2023 (which does not include smaller residential lots created in the past).  Based on the new PPS legislation, there would be a potential for 84 new residential lots within this area.\nWith the average size of a lot created in the rural zone for residential purposes being between 1 and 2 acres to accommodate a well and septic, there is an estimated 84 to 168 acres of agricultural land that could be removed for residential purposes in this area alone.\nAn increase in lot creation in the Agricultural areas is not necessary in Ramara.  The Township contains several settlement areas with development potential, and rural areas that could accommodate this Rural Residential need.  In order to assist the municipality in achieving more houses as the province promotes, more support is needed in equipping these areas for development as opposed to allowing for severances on wells and septic spread throughout agricultural lands.\nIt should be noted no direction has been given for lands that had a surplus farm dwelling severed off for farm consolidations.  Will these properties also then be entitled to 3 severances since the zoning has had residential development restricted on the lands?\nIf the Province deems it necessary to allow for lot creation in the Agricultural zone, municipalities should have the ability to restrict the number of lots to be created allowing for the review of the impact of the agricultural sector and the justification behind requiring more than one residential lot.  There should also be a clear definition on how to prioritize agricultural uses to allow municipalities to identify areas where lot creation in agricultural areas is appropriate.\nRural Changes\n1.\tResidential development, including lot creation and multi-lot residential development. The Township of Ramara is pleased to see more flexibility with multi-lot residential development in rural areas where site conditions are suitable, and there is provision for appropriate services and infrastructure.  This allows for flexibility for the municipality to identify areas where appropriate residential growth can be established, opportunities for infilling or a rounding out of existing built up areas where there is land parcels that are not viable for farming.\nControls from a municipal perspective would be important to ensure that the municipality can identify areas in their Official Plan in consultation with applicable agencies regarding waste collection, infrastructure, Ministry of Environment and school boards etc.\n2.\tRecreational Dwellings. The Township has endured the difficulty with \u201crecreational dwellings\u201d not intended as permanent residences.  This stipulation can make it difficult for prospective home owners to obtain financing for projects.  This is also very difficult from an enforcement perspective.  Now that Residential development, including lot creation and multi-lot residential development is permitted in the rural zone, more direction should be provided on how to differentiate between the two development types would be identified and implemented.\nIn closing we appreciate the opportunity to provide comments on the ERO and draft Provincial Planning Statement.  While lot creation outside of settlement areas is desirable, protecting agricultural land and the pressures put on the Settlement Areas in our municipality are the key to striking a balance between our farming and residential communities.\nWalied Zekry,\nDirector of Building and Planning, CBO\nRamara Township\n"
    },
    "91642": {
        "url": "/comment/91642",
        "comment": "While I understand the need for more housing I feel there is a greater need to preserve the agricultural land we have if we are to feed the increased population.  It is my understanding from various sources that there is currently enough housing land available without cutting into additional agricultural land and the greenbelt.  Using existing designated lands and higher density residences where feasible would go a long way, as would developing new communities in currently underserviced areas of little agricultural value.  Why are new industries such as the Volkswagen battery plant on high quality farmland?  Create the jobs and people will follow.  As to the proposal for three severances on farms, I feel this will only lead to conflicts on land use and will be especially difficult for livestock farmers as well as limiting future options for existing farms.  I can speak to this from experience.  Perhaps allowing a retirement house of limited size to be built on a farm without a severance would be a better solution.\nMunicipalities  should not be the ones to have the final say on \"development.\"  There is too much potential for conflict of interest.\n"
    },
    "91644": {
        "url": "/comment/91644",
        "comment": "I am writing to register my opposition to the proposed Provincial Policy Statement, and to Bill 97.\nWe have more than enough land WITHIN existing municipal boundaries to address Ontario's housing needs.  Our housing needs won't be met by sprawling subdivisions, unsupported by existing municipal services.\nI support local planning.  Densification.  Walkable cities.  Common sense.  And as a Stratford resident, having experienced the heavy handedness of Minister Clark's use of MZOs, I strongly oppose any provisions to expand the minister's power to use MZOs to override local planning.  Centralized, autocratic decision making that serves developers but not the local communities in need of affordable housing is an obscenity.\nI should be in the gov't's corner.  I've voted PC in the past.  I'm a retired, white, male in a rural riding.   But what you're proposing in Bill 97 and the PPS is wrong.  Wrong for Ontario.  Wrong for the future of my grandchildren.  Wrong for our (near) future food security.  I urge you to withdraw the PPS and Bill 97\n"
    },
    "91647": {
        "url": "/comment/91647",
        "comment": "Mr Ford,\nWe need you to move forward with your plan to sever three (3) lots off of farmland. This will:\n1. Increased availability\u00a0of affordable housing:\u00a0Severing\u00a0land can create more opportunities for to build homes which can help to increase the supply of affordable housing in an area.\n2. Greater economic growth: Severing land can lead to the creation of new jobs, which can contribute to the overall economic growth of a region.\n3. Increased tax revenue: As new homes are built on the severed lots, the local government can collect more property and sales tax revenue, which can be used to fund public services and infrastructure.\n"
    },
    "91648": {
        "url": "/comment/91648",
        "comment": "DO NOT TOUCH THE GREENBELT OR FARMLAND.\nWe have more then enough land available in already developed areas, per the Governments multiple own studies, to build way more housing.\nSo instead of just doing whatever your developer friends want you to do, do what is actually best for the future of Ontario and maintain a Ontario that has farmland and greenspace for the future.\n"
    },
    "91649": {
        "url": "/comment/91649",
        "comment": "Response to The Conservative Provincial Governments;\nProposal to Change the Provincial Policy Statement.\n20 June 2023\nI support the recent May 2023 Joint Statement of the 14 Ontario Agricultural Farm Organizations on Bill 97 and Proposed Provincial Planning Statement. They are all adamantly against the proposal to allow three lot severances per farm. I believe this is not only in the best interest of the farming community but for all Ontario residents.\nFarm lot severances historically were allowed so a retired farmer could remain on the farm in their home while passing on the family farm to their sons and daughters, so they could raise their family in their own home on the farm. They should remain within the farm community and not be sold to non-farmers. Alternate options have not been completely explored such as more temporary type housing. Farm Severances have never been based on good planning principles, taking the normal broad range of planning criteria into consideration. When residential expansion is proposed in the urban areas the planning process is very rigorous exploring all aspects of their creation both positive and negative, such as for example, municipal servicing. Over the years the cumulative impact of farm severances has resulted in mostly urbanites purchasing these residential properties. The proliferation of rural residents in Norfolk County has impacted farmers' normal agricultural practices negatively.  Urbanites see living in the rural area as some sort of idyllic living situation having no regard to the reality of how their neighbouring farms actually operate. These residential properties also are more expensive to provide municipal services, plus the urbanites complain about the lack of municipal services as provided in an urban setting. It is much more economical, efficient and effective to service residents in more compact areas such as existing urban centres like Simcoe, Waterford, Dover, Delhi and Port Rowan. There may also be opportunities to expand Hamlets but only when considered based on good planning practices and where the sale price is based on farm acreage prices going to the adjacent farmer while the remaining residential rate goes to a different municipal account to support all farmers.\nHaving a few residential lots in the rural area may not have been a problem in the past but the explosion of urban inhabitants in the rural area has created a negative imbalance. It seems ironic to me when governments in the past as well as farmers thought it was a good idea to create lot severances as their focus at the time was limited to the additional wind-fall of selling off an acre for a financial gain. But over time as more and more urbanites moved into the rural area, they began to put pressure on farmers and their normal farm practices. Urbanites complained about noise, smells, dust and use of chemicals on crops. Government and Farmers created this problem by allowing farm severance to occur easily and regularly. The situation came back to haunt them, having opened up a pandora's box. Now that the rural residents are established in the agriculture zone; what to do to stop their pressure on farmers. The farmer's answer a few years ago was to ask the conservative provincial government of the day to create the \u201cRight to Farm Legislation\u201d that outlined normal farm practices in detail to stop the rural resident from complaining; the very rural resident that were at one time welcomed by the farmers and government. Is this what they call having your cake and eating it too? The need for provincial intervention through establishing legislation, to in essence stop the rural residents from complaining, is clear evidence that lot severances negatively impact a farmers ability to farm, so why would this same government that created the \u201cRight to Farm Legislation\u201d want more urbanites in the agricultural zone placing more pressure on farmers? Encourage urbanites into the rural area then enact legislation to stop their complaints; a complete contradiction! If any one should know better it is the current Conservative Government. We have planning departments for a reason as they provide well thought out public policy for development that includes public processes and as much consideration of impacts, positive and negative, as possible. I see no evidence that allowing three severance per farm or any severances for that matter, is based on good Planning Principles.  Planning Departments look at what is in the interest of the greater public good. They are not focused on one or a few self interested groups or individuals. This is one of the hardest situations for Politicians. Pressure from stakeholder individuals or groups is hard to resist. Politicians must broaden their knowledge to include what is best for the long term and for the public greater good.\nDo not allow agricultural farm lot severances as proposed. The costs far outway the benefits of residential intrusion into the agricultural areas. Base the Provincial Policy Statement on Good Well Established Planning Principles.\nThank you for providing this opportunity to outline the problems associated with allowing rural lot severances.\n"
    },
    "91651": {
        "url": "/comment/91651",
        "comment": "There is more than enough land without having to touch more farmland!! take over single-family homes, allow for lawyway houses, relax rulings on basement appartment units, tiny homes, but DO NOT touch any more wetland, farmland or other land that FEEDS PEOPLE!! What are we going to depend on foreign suppliers for FOOD too??  I would have thought we learnt something from COVID and that is that we CANNOT DEPEND ON FOREIGN SUPPLY CHAINS!\nDevelopers own Ontario\nLogging companies own BC\nOil companies own Alberta\nTHis nation has to diversify and assist domestic production or we are for the dumpsters.\n"
    },
    "91653": {
        "url": "/comment/91653",
        "comment": "Firstly, I am very opposed to Bills 23 and 97 especially when they both impact Urban Sprawl into significant Greenbelts and Build Homes Fast without any planni g expert outlining how one can use intensification rather than sprawl and I am very opposed into continued loss of farmland and severancing farmland lots off for building more hones. It would be very sad to build homes haphazardly into farmland severed lots. Plus one must think about infrastructure, water and wastewater and commuting to grocery stores and schools etc. It doesn't make sense! Please note I am opposed to these Bills and Fords constant removal of Greenspace and Farmlands for development.\n"
    },
    "91654": {
        "url": "/comment/91654",
        "comment": "On bill 97 don't back of the three houses on farm land. These are farmers that do not care if the young generation never have a home. I have lived on a farm all my life. And would love to give my grandkids a chance to have a home.there have been 3 farms with severed of homes that have been sold by these same farmers to none farmers in the last month in my area I guess is alright for them to do it. So please don't back down, my grandkids will love you for it.\n"
    },
    "91655": {
        "url": "/comment/91655",
        "comment": "With respect to the Greenbelt and natural heritage areas  as a farmer would like to to see a removal of the Greenbelt and natural heritage area around the Halton Hills specifically west on the Sixth line area in between Steeles and Five Side road area near the 401 its a significant Employment area and I don't understand why we can't be more efficient will taking a lager amount of lands instead of taking a few acres here or there. For example if you have a farm as I do abutting the Employment area boundary in Halton Hills why not take the land why continue to jump good lands and sprawl out.\n"
    },
    "91665": {
        "url": "/comment/91665",
        "comment": "Our kids need help. They need the same opportunity to sever and build a house on the family farm just like our generation did. Without this, passing the farm onto the next generation is even harder. Please help give them a chance - loosen the severance rules. Even allowing us to sever one lot will have minimal impact to farms and make a huge different to help the next generation of farmers.\nThank you.\n"
    },
    "91666": {
        "url": "/comment/91666",
        "comment": "Hands off our Greenbelt we need the land to feed us and the wildlife around us. Loosing any Greenbelt and repackaging wetlands that are difficult to develop and saying you are actually offering us more Greenbelt land is preposterous! Please let the citizens of my city direct public service and not the other way around. Hamiltons citizens wants the brown-spaces within the city developed before development is extended to farmland and green spaces. We have spoken out and now the province wants to take over. We don\u2019t want that kind of development period. We want housing but not at the cost of building more roads and infrastructure we don\u2019t need yet until all else has been done to build inside the existing city limits. Such as building below ground parking garages over existing parking lots, so people may live above in multi floored town homes or condos that can house larger families more densely. We need the city\u2019s near empty commercial spaces in the downtown turned into housing. There are options available that are not going to cost us the farmland that can feed us in the future.\n"
    },
    "91667": {
        "url": "/comment/91667",
        "comment": "I would first like to congratulate Mr. Doug Ford and his government for being forward thinking and having the courage and ability to do what is needed to make Ontario grow and deliver affordable housing to our communities.\nI am in favour of Bill 97 which offers alternative choices to the people of Ontario.\nBill 97 allows \u2026for the creation of three lots in a rural area\u2026I believe this will benefit the rural community by bringing people back to the country and revive the interest in farming.   It will not result in fragmented farming as is being suggested.  In fact, as an example, every farmer has some parcel of land that can\u2019t be farmed due to the inability of machinery to enter the area and poor soil conditions.   This portion can be used for development, bring families back to the farm or even better stay on the farm to continue farming.  This will also have the extra benefit of increasing the housing supply for Ontario at no cost to farming.\nWhen I first heard about Bill 97 I was excited because I have a parcel of land that is in a rural area (not part of the green belt) that was zoned rural residential first density.  In 1970, when development charges were not in existence I had to pay for the water rights to run in front of my property.  At that time we were told that the municipality understood the cost but stated we could have a few lots (five in fact), I agreed and paid.  To date that water line is still under utilized as additional homes are still not able to be built!!!  This parcel can\u2019t be farmed.  It is serviced with natural gas, water and hydro and homes cannot be built? The former government changed our zoning from rural residential to agriculture without consultation and due process. This wasn\u2019t fair and negated our rights as land owners in this country with no recourse.\nBill 97 would make sense for my parcel of land and many others in Ontario in the same situation. It will not remove land from farming (this land has not been farmed in the over 40 years that we have owned the land) and allowing this land to be used for residential purposes will only help increase the supply of homes in Ontario.\nCoupled with the services at the road this makes sense, creates infilling and completes the street with houses on each side.  Furthermore, this land is outside the green belt area and is completely surrounded by homes.  The point here, is that each parcel of land is different and unique and working together with all stakeholders will allow us to develop a plan that will benefit us not only today but in the future.  I would gladly join a group and help come up with a policy that can be applied fairly and equitable for all. Not a group such as OFA that favours or protects only ONE groups interest.  Or, for example, allowing a very substantial amount of homes that have already and continue to be built on\nOntarios PRIME agricultural lands in Niagara On The Lake.\nAs I stated above, each farm situation is unique.  I currently rent my farm out for cash cropping.  The payment is minimal and at best only 70% is workable so I do not understand the logic that the 30% that is not workable will remove farm land from farming.  Bill 97 will NOT fragment land for farming nor increase farm land price.   In fact, a small change in legislation can reduce or even eliminate speculation on farm land.  This will allow for some severances and assist with the shortages of housing that is currently making it difficult for people to find affordable housing.  After all, there is no way to deal with the housing shortage except to build more houses.\nCountry properties that are currently not used for farming and with services can assist in providing housing for our communities.    In addition, certain areas are more suitable for farming than others.  Is there any harm in allowing severances on these parcels of land that are fully serviced already?\nSolutions can be achieved by working together. I have lived in the country for a number of years.  In those years, I and my neighbours have respected farming operations.  No conflicts have arisen between farming and non farming communities. In fact, they co-exist and help each other tremendously as they are a close knit community.\nIn conclusion, Bill 97 will benefit all and allow us to utilize rural land that is currently not used for farming.  We need to work together for Ontario.  The removal of Bill 97 will allow us to fully maximize  parcels of land that are currently not used for farming in rural areas.  Protect farm land with rich agricultural ability, yes. However, allow infilling of land to address the desperate housing shortage by using available farm land that is not conducive to agriculture and is already fully serviced, should be allowed. This can only be achieved by working together and coming up with a plan that incorporates all stake holders.  Being committed to helping the supply of housing and making home ownership a reality for all requires all organizations including the farming community to realize that we need to bring more land into the mix.  All parties must work together to make this a reality!!!\n"
    },
    "91670": {
        "url": "/comment/91670",
        "comment": "Please see the attached correspondence.\n"
    }
}