{
    "91155": {
        "url": "/comment/91155",
        "comment": "Please consider lot severance or the old retirement lot creation.  In order for some families to carry on farm and property legacy while allowing parents or other family members to not have to sell the farm as a whole.\nWe totally understand the desire to not create lots on prime ag land but can we at least consider non prime and other areas for lot creation on areas of of agriculture zoned land that is not prime.\nWe appreciate your consideration.\n"
    },
    "91157": {
        "url": "/comment/91157",
        "comment": "At first blush this sounds like the application of urban/suburban planning will apply to every square inch of the province.  The only limits on opening up land for housing and related development appears to be to avoid hazardous sites and to mitigate for natural disasters.  This new Planning document neglects everything but housing and development.\nYes, we have a shortage of homes, but homes can be apartments, condos, multiplexes, town-homes, etc.  HOMES DO NOT NEED TO BE SUBURBAN, DETACHED, GREATER THAN 1800 SQ FT WITH A YARD.\nI realize that this is as much (or more) about the profits to developers and the automotive industry.  Paving the province for car-dependent housing clusters will make many people very rich in the short run, but will greatly exacerbate issues with pollution, resource shortages and climate change.\nAny policies on an increase in housing must greatly limit suburban sprawl.  There should be maximum average lot sizes in municipal areas.  If a community wants an \"executive subdivision\" then they have to also have affordable homes on small lots or multiplexes to offset and limit the sprawl.  The prices of the larger homes in less dense areas should also include development charges for the infrastructure (including schools, etc) required, since these homeowners are not effectively using existing infrastructure and with often require an inefficient new infrastructure to be built and supported.\n"
    },
    "91158": {
        "url": "/comment/91158",
        "comment": "I'm a retired farmer.\nI have watched prime farmland get paved over and built in Ontario for many years. Spreading homes out onto our farmland is the worse mistake that can be made. We only have so much farmland. It's a finite resource.  Once it's all built on, there will be no more farms. People don't realize how important farmland is for our survival unless they are farmers. Ontario cannot and should not take more farmland.\nTry focusing on building on existing city lots. So many places I see in cities that have abandoned crumbling, buildings or vacant lots. Why not repurpose those for new homes. We must build up instead of out.\n"
    },
    "91159": {
        "url": "/comment/91159",
        "comment": "Urban sprawl is not the answer, increase intensification zones in cities instead of encroaching on prime farmland. I see it in my community of Niagara on the Lake where more residents are in constant struggles with farms due to odour and other types of agricultural pollution. This prices out and uproots existing residents and perpetuates ths problem. Rural towns do not have the infrastructure to manage an influx of people and should not have to.\n"
    },
    "91160": {
        "url": "/comment/91160",
        "comment": "I grew up on a small family farm in South Western Ontario. My father and grandfather bought the land specifically because it was so rich and fertile.\nI would hate to think how they would feel if that rich soil was corrupted by concrete and lay dead beneath it.\nOur job is to preserve our resources not destroy them.\nFarmland must be protected.\n"
    },
    "91161": {
        "url": "/comment/91161",
        "comment": "Ontario needs more houses. We all are aware of that fact. However, we should NOT be using prime farmland to do so. The cost of food is sky high right now, and being able to supply food to feed our country should be high on the list of important things to make sure we are doing. We import a lot of food, but I always buy local wherever possible, and I love seeing produce and such in the grocery tore that was grown near me.\nI am surprised there are not better plans in place for the creation of more houses. We are letting developers dictate how the plan is unfolding (as far as I can see).\nIn areas that are seeing the most growth, why do we not have a team of economists, city engineers, tradesmen, architects, designers, etc that come up with plans to create more living spaces in the most economical way. While simultaneously making sure there is enough greenspace, social services and infrastructure to support the added density and THEN have developers bid on the projects. Creating not only condos, but semi and fully detached houses, with detached houses being created with multi-generational living in mind. Use people who work and live in that city to come up with the plans. These are people who drive in the areas that they will planning in and are more aware of existing issues in the area than some developer who has their eye on the profit margin instead of what would benefit the city as a whole (like how in the city of Barrie, there are not enough day camp slots, or day care services, or enough resources for shelter to house the homeless). As someone who works in renovations, is passionate about space planning, and would like to be able to afford a house some time in this century, I would LOVE to work on a project like this.\nBut all of that should not come at the expense of our farm land or what SHOULD be protected natural spaces. These help us be able to feed our own citizens,  keep temperatures down, give animals places to live, and keep our air and water clean. Don't turn the province into a concrete wasteland in order to turn a buck.\n"
    },
    "91162": {
        "url": "/comment/91162",
        "comment": "We do not want urban sprawl in farmlands.  We do not want urban sprawl in greenbelts.\nPlease rethink your plans.  Why destroy farmland and greenbelt?  It is precious!\nPlease reconsider: why not change the zoning in existing single home suburbs so they could build 3-4 units? These suburbs already have the services like sewage, power, etc.\nThink of your legacy, not just how much money your big donors will make.\nWhat if your legacy was \"the farmland that Doug Ford saved\".\n"
    },
    "91163": {
        "url": "/comment/91163",
        "comment": "Please don't build in the greenbelt. Improve existing infrastructure and continue making city centers more walkable with improved transit. Why are we not following the example of cities with tried and true urban planning. Stop fueling the suburban culture of past decades that is clearly not efficient.\n"
    },
    "91164": {
        "url": "/comment/91164",
        "comment": "This policy will prevent our kids moving away from Ontario to another province with a low cost home price. As they work remotly, they are looking for less expensive place to live! As parents we love kids live near when we get older!\nAs a rural resident, I can help my kids live on my property with the addition of an apartment. We can help the grandkids. This proposal helps families to live together and help each other.\nGreat proposal and looking forward to getting the municipalities to allow this option soon.\nI agreed with the farm associations concern about loosing our farmland for commercial large scale development. We need to save our farmland and jobs. We can't depend on food imports! The new policy should plan very well to prevserve ontario farm lands and jobs.\nThank you\n"
    },
    "91165": {
        "url": "/comment/91165",
        "comment": "We are absolutely horrified about this whole undemocratic process that Mr Ford has created. We have farmed for over 2 generations and we are good stewards of the land. This government needs to learn to build up, not out. Once the farm land is gone, it's gone. We don't want urban people dictating to us when we can or can't work on our fields or spread manure. Mr. Ford, you didn't keep your promise of keeping the green belt either. Shame on you for the direction you are pointing this province in.\n"
    },
    "91166": {
        "url": "/comment/91166",
        "comment": "Dear Premier Ford and Minister Clark\nThank you for the opportunity to comment on the proposed new Provincial Planning Statement.  I have been a Registered Professional Planner in the Province of Ontario for over 19 years and I am employed in a Director-level role in the planning field.  I am also the President of two Condominium Corporations in Ontario.  I am sending my comments confidentially in order to ensure there is no conflict between my professional opinons and those of my employer.\nAs I see it, the proposed policy statement attempts to achieve two goals:  1) significant intensification of new development on serviced land near transit stations; and 2) significant growth of low density, ground related housing in un-serviced areas inaccessible by transit.  I support the first goal and commend the government for being bold in implementing as-of-right development in urban centres.  However, the second goal is entirely contradictory to the first and such a contradictory approach to urban planning policy can be detrimental to the development and well-being of municipalities. In my opinion, eliminating the award-winning Places to Grow Plan and replacing it with a much simplified and contradictory policy document will have life-long negative impacts on the health and welfare of Ontarians.  This proposed policy document provides scant direction to municipalities and essentially downloads growth planning to landowners .  In my opinion, the proposed policy statement has several flaws, as follows:\n1. Lack of Coherence: The policies lack a unified vision and fail to provide a clear direction for urban development. This lack of coherence and conflicting objectives will result in inefficient and unsustainable new development. For example, if one policy promotes density and compact development while another encourages sprawl, car-dependent infrastructure, and expensive new servicing, it creates confusion and undermines the overall effectiveness of urban planning efforts.\n2. Inefficient Resource Allocation: There appears to be no current research-backed justification for the policies. Many of them are antithetical to current professional practice (highways and low density land consumptive development).  The policies will lead to inefficient allocation of resources. Urban planning requires careful allocation of resources maximizing redevelopment, existing infrastructure, and public services so that they can be budgeted for. Many of the proposed policies will make it challenging to prioritize and allocate these resources effectively, with municipalities competing for limited resources. This can result in wasted investments, underutilized infrastructure, and disparities in service provision across different areas of the province.\n3. Uncertainty for Stakeholders: The contradictory policies especially the lack of comprehensive regional planning will create uncertainty for various stakeholders, including developers, investors, and residents. When policies are inconsistent, it becomes difficult for these groups to make informed decisions about investment, development, or even daily activities. Land pricing will become even more volatile and speculative. The constant changing of planning policy, legislation and regulation is extremely difficult and expensive to implement at the regional and local level.  Uncertainty can hinder economic growth, discourage investment, and in my experience is leading to delays in urban development projects.\n4. Inequitable Outcomes: Contradictory policies can exacerbate social and economic inequalities within the province. For example, if one policy emphasizes affordable housing and inclusivity, while another promotes luxury development and gentrification, it can result in displacement and segregation of marginalized communities. This has been happening for years and should have been addressed head on in any new planning policy \u2013 it has not. Inconsistent policies can widen the gap between different socioeconomic groups, leading to social tensions and unequal access to resources and opportunities.\n5. Environmental Impact: Contradictory urban planning policies will have negative environmental consequences. It does not appear that this government has spent much time consulting with environmental experts, either here or internationally.  One can see the impacts of a low density, land consumptive development pattern right now in Halifax, where subdivisions are burning. The proposed residential lot creation on prime farmland will result in more vulnerable populations and investment losses due to environmental disasters such as fires. It is critical that the Conservation Authorities be given back their ability to advise municipalities on natural heritage matters as they are directly linked to natural hazard planning.  Taking this away has already resulted in delays and extra costs for the development community and the municipalities.\n6. Long-term Planning Challenges: Contradictory policies make long-term planning and implementation difficult. Urban planning requires a long-term perspective to accommodate future population growth, technological advancements, and changing societal needs. In the proposed policy, municipalities would be able expand settlement area boundaries (SABE) at any time (because there is no MCR) and the criteria for expansion are less stringent, especially for critical environmental constraints. Devolving growth planning to individual municipalities means the need for more planners (they are scarce), more resources and an inconsistent approach to public service planning. How does this fix the housing problem?\nAddressing these contradictions in the proposed policy statement is crucial to ensure effective and sustainable urban development. It requires a comprehensive and integrated approach to align various policy objectives, engage stakeholders, and establish a clear vision for the province\u2019s future.  I encourage the government to proceed with the necessary policy changes to encourage high density infill development near the existing and new transit stations the government has been (rightly so) funding and accelerating, provided these communities can be well designed; however, please take a pause on the contradictory suburban and ex-urban expansion policies you\u2019ve included in the proposed policy statement.\nAs noted by many others, the housing issue in Ontario is not a planning or a land supply problem, it\u2019s a financial problem.  Growth of the entire housing sector in Ontario (except for a tiny percentage) is left to the free market.  While this has produced much needed housing, especially in the GTA, it has resulted in increasingly expensive housing.  Some lessons should be learned from places like Vienna, Austria which adopted a public housing development plan in the 1930\u2019s that continues to this day.  Citizens of Vienna do not spend upwards of 30 \u2013 50% of their disposable income on housing, and the middle class have access to well built, transit friendly and predictably\u2013priced homes.  Ontario is nowhere near this because we have not for years addressed the financial side of housing development, and the proposed changes to the policy statements are not going to change the cost of housing.\nI urge you to please put a pause on the proposed policy statement and engage with professionals both locally and internationally to adopt bold best practices.  The proposed policy statement is not best practice but rather reverts to a 1980\u2019s-style approach with all of the predictable negative impacts this will cause society.\n"
    },
    "91167": {
        "url": "/comment/91167",
        "comment": "For your regards,\nIf anything should be changed about farmland for the benefit of future generations it should restoring the land into forests of diverse native species.\nWith enough effort and guidance from our Indigenous hosts we can build new cities for all on top of the Canadian Shield.\nFor us to leave a prosperous legacy we should retain and strive to create more, efficient food sources readily accessible to our dense population centres.\n"
    },
    "91170": {
        "url": "/comment/91170",
        "comment": "I am writing to express my strong opposition to proposed changes to the Provincial Policy Statement, 2022 (PPS) and the Growth Plan for the Greater Golden Horseshoe (Growth Plan). These changes would accelerate urban sprawl and the ongoing loss of farmland and natural areas in Ontario.\nA shortage of land is not the cause of Ontario\u2019s housing shortage, as noted by the Housing Affordability Task Force in 2022:\n\"Land is available, both inside the existing built-up areas and on undeveloped land outside greenbelts. \u2026 Most of the solution must come from densification. Greenbelts and other environmentally sensitive areas must be protected, and farms provide food and food security. Relying too heavily on undeveloped land would whittle away too much of the already small share of land devoted to agriculture. (p. 10)\"\nIt is time to listen to the experts, who have shown that the amount of land already designated for development far exceeds what is needed to meet long-range housing targets.\nThere is simply no need for proposed policy changes which would:\n- Eliminate mandatory intensification and greenfield density targets that were designed to rein in urban sprawl;\n- Allow municipalities to expand settlement areas at any time without a comprehensive review of infrastructure needs or potential impacts on farmland and natural areas;\n- Force municipalities to allow three lots to be severed from every farm, even in prime agricultural areas;\n- Exempt lands that are the subject of Minister\u2019s Zoning Orders (MZOs) from complying with provincial policies and official plans;\n- Remove the requirement for municipalities to undertake watershed planning; and\n- Weaken and eliminate policies intended to address climate change.\nOntario is losing farmland at the shocking rate of 319 acres per day. The proposed new policies will make matters much worse and spell disaster for the lands and waters that sustain us.\nSprawl development will not solve current housing needs, as your government pretends. I urge you to retain all PPS and Growth Plan policies that are designed to curb sprawl and protect farmland and natural areas.\n"
    },
    "91171": {
        "url": "/comment/91171",
        "comment": "Premier Ford is backing up on his BIG SPLASH \u201cRead my lips\u2026\u201d regarding the untouchability of The Greenbelt. Being the trustworthy man that he is, I find this incomprehensible\u2026 using the Greenbelt to solve the affordable housing problem? I am aghast at this reversal! This revelation!\nLike it could not seen to be coming\u2026 What were our choices? Theiving, rapacious Liberals? Feeble, INEFFECTIVE NDP, who enabled the Liberals and then got screwed by the Liberals? a Conservative Ford? The guy who wanted Ontario licenses to proclaim Ontario is open for business. What a pack of winners! Soooo much to choose from\u2026\nBy now I believe you\u2019ve caught on the opening paragraph was being cynical\u2026 I digress.\nMy question is this\u2026If there is a housing shortage, skyrocketing the price of city, or urban areas to unafFORDable levels, what is the price range of the new housing proposed? If it\u2019s going to be millions per unit who could afford that? Oh yeah, the ones who already have a house. They can sell theirs at exorbitant prices THEN move to The Greenbelt, I mean the country.\nSTICK IT to them\u2026 they are messing our lives, more precarious than ever, for MONEY.\n"
    },
    "91175": {
        "url": "/comment/91175",
        "comment": "There is limited farm land in this province and country.  The idea of putting homes on farm land is idiocy.  Ontario needs more housing.  That is a fact, but we will always, always, require food to support our population.  Once farm land is gone it cannot return.  So by building homes in the proposed areas we remove the ability to feed the families that would live there.  Simply put, we require all of the farm land in Ontario to feed our growing population.  Let's cherish and protect the furtile land that we are blessed with.\nOur province is big - there are lots of potential places to build more housing.  I would encourage the province to look north, where the Canadian Shield prevents farming.  Perhaps encourage housing in Sudbury and support that local economy.\nI must say, I could never support a government that destroyed our farm lands.  That idea's short sightedness is embarassingly stupid.\n"
    },
    "91176": {
        "url": "/comment/91176",
        "comment": "The government should remove its plan to build more housing and other infrastructure on the Greenbelt. This plan is destroying our natural world as we know it, devaluing our communities and having disastrous effects on our ecosystems and mental health. Without easy access to nature, the human species cannot thrive. It is our duty to protect the environment, not destroy it.\nIf the government is intent on building houses, it should be building them in smaller cities away from the GTA, which is already an incredibly dense population hub. Our GTA cities\u2019 infrastructures are not built to withstand the influx of cars and traffic is irritatingly unavoidable. We need to build jobs and homes in regions outside outside of the GTA in order to attract families to them.\nTo relieve the stresses currently placed on our communities, the government needs to place caps on classrooms sizes according to the age of students. This will increase jobs across the province for teachers, administrators, educational assistants, and facilities workers in schools, etc., while giving students and families the resources they need to overcome learning gaps from the pandemic. As well, smaller classrooms is smart planning for any future outbreaks, where we would have more manageable numbers of staff and students in the same room. This would make new neighbourhoods more attractive to families as they would enjoy new school facilities with perks we can build in such as daycares, sports facilities, and arts facilities. Schools can once again be the hub of a community and attract families to build up sparser regions of the province.\n"
    },
    "91177": {
        "url": "/comment/91177",
        "comment": "As the new PPS is very good policy to over come the sky rocket pricing of the housing in ontario. However we also need to make more  changes in the greenbelt plan as the most land of greenbelt are close to GTA , If this parcel of lands are free than it will definitely help for young boys to dream their house in coming future . It look disparity with land owner of greenbelt for just like cheap land value near the edge of non-greenbelt land price value. it look like just in ontario this is very high price of houses are only controlled if the land are free in greenbelt.\nThanks\n"
    },
    "91179": {
        "url": "/comment/91179",
        "comment": "I  liked the idea of being able to severe land from farms. We own a  farm but are unable to severe any lots because it is considered rural. We do not work the land ourselves but rent out the land. However less than 1 minute down the road there's no problem severing.  We live just outside a village that is slated for growth.  In the opposite direction a few minutes away there's more new housing being built. We see lots being sold for housing all around us.\nAs the owner of the property I would like to be able to severe 3 lots from it.  There are several homes on our street  including new construction. Every one is on well and septic.\nWe have over 40 acres,  are in Southern\nOntario,  have growth all around but are unable to sell any property.  Yet all around us there's farmland being converted to rural housing.  We want to be able to severe lots from the property .\nI would be in favour of this new legislation  as long it would allow property owners not just farmers to severe lots.\n"
    }
}