{
    "91204": {
        "url": "/comment/91204",
        "comment": "Question 1: Could you please confirm that the planning policy document will align to climate change emergency motions in place across many municipalities and that the emission reduction requirements will drive policy in the planning policy document?\nAs municipalities are a creature of the province, if the province does not align to climate change emergency and the associated motions, it will be a challenge for the municipalities to do what is necessary to meet the climate change emergency.\nQuestion 2: An alternative: If the province chooses to not align, will the province allow each city to act as needed to meet their climate emergency change needs and not intervene or stop a city from actions they deem appropriate?\nI have included a recent motion from the City of Mississauga for your reference.\n"
    },
    "91205": {
        "url": "/comment/91205",
        "comment": "I beleive that it is a good idea to have the option too sever lots as it does give you the option to give a place for your children to build or to subsidize your income, the farmers that wish to not sever lots are not forced to do so and I do not think it is right that the big farms like that should have the right to make choices for others. I know for a fact as I've seen it how the big  farmers buy the farms and surplus the house on said property to offset the purchase. For the smaller famiy run farm this is not a sustainable option so blocking this avenue of the smaller guy helping out family or subsidizing their retirement should be up to their discretion.\n  This not being allowed I beleive backs up the saying \"go big or go home\" . I do not think it is right how the smaller farms must sell out to the bigger guys in order to afford to retire or help out their children build their future that will most likely not be in a rural atmosphere.\n"
    },
    "91207": {
        "url": "/comment/91207",
        "comment": "I do not support policies that will increase residential lot creation in prime agricultural areas or in rural areas that are actively farmed.\nPutting more homes in agricultural areas would put pressure on farm ecology because of new wells and septic systems.\nIt will never be farmland again once there's a house on it.\nIf this increase in houses built on prime agricultural land is approved, we will lose 25% of our farmland.\nWe, as a country, need to be able to continue to grow our own food for our people.  We can still do that and we need to continue, since Canadian farmers in conjunction with CFIA produces the highest standards of food production worldwide.\nA far better solution is to put housing on marginal land near cities, closer to the services that can handle an increase in population.\n"
    },
    "91208": {
        "url": "/comment/91208",
        "comment": "I hope this doesn\u2019t go thru. Stelco said that they would leave this area and that would a loss of around 1200 jobs. We don\u2019t have enough water in this area. Where are all the wildlife that roam in the area of Stelco and there is a lot of deer around there. People will move in a put a noise complaint against Stelco which would end up losing my job because of it. You have Townsend which was suppose to be the place to build why not build there instead. A HARD NO to housing  around Stelco.\n"
    },
    "91209": {
        "url": "/comment/91209",
        "comment": "I am a 3rd generation small farm/land owner my parents would love to retire on their property and I would love to be able to have an option to have them stay there while offering support to them. I would encourage the government to not take an all or nothing approach to land severance.  We are zoned A1 but other then small farm operations we on our 40 acre mostly woodlot property can not farm the land.\nYour proposal would be a perfect way for our family to do succession planning while still making multi generational succession planning possible and affordable.\nCould you consider options such as 1 lot on non prime ag lands or locations near settlement areas.  I urge you to please get creative with this process and allow for lot creation which giving up prime ag land or smaller parts of ag land.\nThere are I believe ways to support both and not take land out of production.\nI speak for I believe many smaller land owners in Ontario to allow for more lot creation on land that is not farmed or can not be farmed.\nThank you!\n"
    },
    "91210": {
        "url": "/comment/91210",
        "comment": "I am really heartbroken how the Conservative Party want to remove Agricultural land to build homes.  I ask you WHY?  Once this land is destroyed it will never come back to agricultural land again.  Do you people not value food?  Do you not value farmers?  Canada has one of the safest rules and regulations for safe food and your party wants to throw away Ontario grown Canadian food which assists feeding the Canadian population along with other countries.\nInstead of ruining agricultural land why aren\u2019t you putting your endeavours to renovating \u201coffice towers\u201d that are sitting empty throughout cities all across the Province.  Kitchener is finally doing something about a tower, amazing they are in the process of making 91 units out of one tower.  Why don\u2019t you go this route first?  Makes far more sense, your government will incur tax revenue, buildings will be more attractive and maintained.\nDoug Ford being a leader is failing the Ontario people especially the Rural farming community.  Such a shame that all of you sitting \u201cin house\u201d are in favour of this disgraceful move by removing agricultural land out of its proper use.  It is a disgrace and for the first time in my life I am ashamed of the Conservative Party and what your policies are.  Moving forward if this goes thru I honestly cannot vote for the Conservative Party in the next election and believe me this is not only a disappointment in the party but who would I even put my vote to.  In the past I have had full regard for the Conservative Party but since the Pandemic has fallen off the radar you people have literally lost your minds and can only think of dollars and cents you will make from a group of greedy folks who don\u2019t think farther than the length of their nose.\nNo one is thinking of the future, only of themselves \u2013 SUCH GREED!\n"
    },
    "91211": {
        "url": "/comment/91211",
        "comment": "I am really heartbroken how the Conservative Party want to remove Agricultural land to build homes.  I ask you WHY?  Once this land is destroyed it will never come back to agricultural land again.  Do you people not value food?  Do you not value farmers?  Canada has one of the safest rules and regulations for safe food and your party wants to throw away Ontario grown Canadian food which assists feeding the Canadian population along with other countries.\nInstead of ruining agricultural land why aren\u2019t you putting your endeavours to renovating \u201coffice towers\u201d that are sitting empty throughout cities all across the Province.  Kitchener is finally doing something about a tower, amazing they are in the process of making 91 units out of one tower.  Why don\u2019t you go this route first?  Makes far more sense, your government will incur tax revenue, buildings will be more attractive and maintained.\nDoug Ford being a leader is failing the Ontario people especially the Rural farming community.  Such a shame that all of you sitting \u201cin house\u201d are in favour of this disgraceful move by removing agricultural land out of its proper use.  It is a disgrace and for the first time in my life I am ashamed of the Conservative Party and what your policies are.  Moving forward if this goes thru I honestly cannot vote for the Conservative Party in the next election and believe me this is not only a disappointment in the party but who would I even put my vote to.  In the past I have had full regard for the Conservative Party but since the Pandemic has fallen off the radar you people have literally lost your minds and can only think of dollars and cents you will make from a group of greedy folks who don\u2019t think farther than the length of their nose.\nNo one is thinking of the future, only of themselves \u2013 SUCH GREED!\n"
    },
    "91212": {
        "url": "/comment/91212",
        "comment": "I TOTALLY oppose the rural severences which would effectively destroy Agriculture (farming of crops and animals) throughout Ontario.  We must NOT do this - we need these farms to feed us now and into the future.  I also oppose expanding beyond countryside lines into rural greenspace around our urban areas EXCEPT where local long range land use plans, after extensive consultation and weighing of projected needs indicate that specific and very limited parcels of land are needed for development ie for industrial development near a local airport, some expansion of small towns to permit more local citizens to age in their community\nSince coming into power, this particular provincial government seems to be determined to destroy everything which contributes to our collective quality of life in order to generate profits for developers and corporations.   This destruction has to stop.\n"
    },
    "91214": {
        "url": "/comment/91214",
        "comment": "It is impossible to know from this posting what regulations and detailed planning policies will be proposed by the Government. The proposals that are outlined in the posting are deeply concerning and raise the overarching questiion - Why is it necessary to eliminate the exisiting PPS and Places to Grow Act, documents that already encompass all of the proposed planning guidance and direction that is needed? Moreover, the existing PPS and Places to Grow Act provide the essential basis for planning and protection of Agricultural and other resources. The Proposals to allow expanded development on farmland is sheer madness and is unsustainable. We are already losing some of the best farmland in Ontario at the incredible rate of 319 acres PER DAY! The proposed policies will only serve to unnecessarily increase this loss.\nI urge the Government to abandon the damaging proposals outlined in this ERO posting. They are not needed.\n"
    },
    "91215": {
        "url": "/comment/91215",
        "comment": "Bill 97\u2026.\nI\u2019m young to the workings of the agricultural environment. I was raised in a small village in southwestern Ontario which has grown over the years and is completely surrounded by farming.  I attended rural schools in which many of the kids were part of a family farm.  I never understood a lot of it.  Fast forward to today. I\u2019m a wife to a third generation farmer.  Becoming a part of that has been eye opening.\nOxford County (where I call home) located in southwestern Ontario is not only the dairy capital of Ontario, but is considered the dairy capital of Canada and this bill will have a major impact on century farms.\nDo I agree with the fact that we have a housing crisis absolutely.\nBut filling up our agricultural areas with homes not only limits the growth and development of it established agricultural business.  it will also displace areas which still allow wildlife to have a space without constant human interaction.  Our cities are already crying because of the wildlife that has been displaced and is trying to survive in an environment they do not enjoy.\nThe other side of this, developers are unable to keep up now to demand now.  Many are already questioning if they are able to proceed with current plans. Increased supply costs and lack of workers, & huge increases in fees to develop in areas and increased interest rates. So making more land available isn\u2019t going to help if we don\u2019t have the workforce to build.\nOur government is pushing 15 minutes cities in areas because of the climate crisis.  Bill 97 pushes more people to the rural areas where they have to travel for all amenities sort of counter productive to the actual plan.  There are still rural areas that do not have access to reliable high speed internet , natural gas let alone getting more then 2 cell bars if that\u2019s you main source of communication. So you\u2019ll have increased living expenses that towns can provide making living a little more affordable.  There\u2019s no public transit to get from \u201ca\u201d to \u201cb\u201d\nThere are things that need to be addressed before allowing a free for all pass.\nConcerned Ontario resident\n"
    },
    "91216": {
        "url": "/comment/91216",
        "comment": "Any changes from PSEZ to Residential is shortsighted and will impact current and future industry and employment, farming and current residents.  The area is deemed industrial and the industry does impact through noise and pollution.   When Stelco began building they offered to purchase existing farms, farmhouses, homes and cottages recognizing their impact to the area.   That hasn\u2019t changed as more industry moved in.  We do not want residents abutting industry that may affect their ability to do business.   Growth should be in areas without significant industry and employment not in Haldimand Industrial Park.\n"
    },
    "91219": {
        "url": "/comment/91219",
        "comment": "I think this policy is very, very short sighted.  If it proceeds, it will be looked back at years from now, as the worst idea in ontario government history.  We need the agricultural land and the food produced to sustain our population with food.  Densify within cities, stop urban sprawl.  Please, please reverse this plan and keep the green belt intact.\n"
    },
    "91226": {
        "url": "/comment/91226",
        "comment": "The proposed PPS would no longer require municipalities to use the provincially mapped Agricultural System in developing lands within prime agricultural areas. Municipalities would still be required to designate and protect prime agricultural areas for long-term use but it will be easier to establish more housing within prime agricultural lands.  Agricultural lands would be permitted to sever up to 2 new lots, creating three lots out of lands that were previously zoned Significant/Prime Agriculture.  Ontario\u2019s prime agricultural land is a finite, non-renewable resource that comprises less than 5% of Ontario\u2019s land base. With the growing rate of farmland loss in the province, it is more important than ever before that the province protects our prime areas.\nGiven that provincial agricultural system mapping is now optional for municipalities, it will decrease the likelihood of adopting agricultural systems mapping and create fragmented agricultural systems between municipalities. The added responsibility on rural municipalities like ours with limited resources to complete agricultural system mapping that the province would otherwise support means we will be working with whatever system we can come up with on our own that works for us. The use of a provincial agricultural systems approach to planning is crucial to protect agricultural land and the province should have stronger wording in the new PPS that ensures the correct system is followed throughout the province rather than simply encouraging it.\nThe proposed PPS 2023 specifically permits multi-lot residential development on rural lands where appropriate sewage and water servicing can be provided and removes the justification test for when infrastructure is proposed to be expanded for rural development, providing greater flexibility for private servicing. Municipalities must consider \u201clocally appropriate\u201d rural characteristics when directing development in rural settlement areas.  How do we maintain a \u201crural character\u201d when we will end up with lots that have 3 houses on them \u2013 not to mention the toll that could take on our water and lands.\nOnce again we find that the documents are created in and for Southern Ontario where there is less and less room for development, and that pours over into rural northern areas that do not have the means to address these changes, or to accommodate them.\n"
    }
}