{
    "92358": {
        "url": "/comment/92358",
        "comment": "Be fair to municipal taxpayers\nAs a taxpayer, I am very very concerned about proposed changes to the Provincial Planning Statement that will make our communities more expensive to maintain.\nOne of these is the elimination of mandatory intensification and density targets for all municipalities.  These targets encouraged municipalities to concentrate housing, businesses and services in transit-served core areas.  Removing them encourages urban sprawl.\nI am greatly concerned, as well, that municipalities might be allowed to expand settlement areas at any time without a comprehensive review of associated infrastructure needs or potential impacts on farmland and natural areas.\nFor a property taxpayer like me that means more and more and more roads, sewers, water mains, sidewalks and bike lanes to maintain as our municipalities stretch further and further into the countryside. Especially since the provincial government is also cutting back development charges,  the only person left to pay for all this is me.\nIt's not fair.\nIt seems this government has no interest in being fair, but I expect, and I hope, that provincial staff will be thoughtful and just and ensure we have reasonable land use planning guidelines.\n"
    },
    "92359": {
        "url": "/comment/92359",
        "comment": "Proposed changes will bring bulldozers to Ontario's heritage\nFirst, the statement about what heritage will be protected is way too narrow.  If left as proposed, i.e.\n\"2 (a) 4.6.1. Protected heritage property, which may contain built heritage resources or cultural heritage landscapes, shall be conserved\"\nthe only property that will be protected is what is already protected.  What is the point of stating a tautology?\nI much preferred the original wording of  2.6.1  \"Significant built heritage resources and significant cultural heritage landscapes  shall be conserved\"\n because it acknowledged, as your proposed statement does, that not every heritage resource would be protected, while also setting out a criterion for what would be conserved.\nThe proposed change is especially worrisome in the wake of Bill 23 which will eliminate protection of most listed properties.  For example, one rural municipality has 108 carefully researched and fully described properties on its Municipal Heritage Register of non-designated (listed) properties.  But council has informed the Municipal Heritage Committee that council  will designate, at most, two properties a year.  Your proposed statement would mean at least 104 of these properties would be wide open for demolition in 2025.\nThe cynic in me wonders why the statement doesn't just say, Ontario's cultural heritage is not valued, and can be destroyed at will.\nBut I live in hope that someone does recognize the environmental, cultural, job-creation and economic value of cultural heritage properties, districts and landscapes.\nIf you won't change the wording on 4.6.1. to   Significant built heritage resources and significant cultural heritage landscapes  shall be conserved\nThen please rewrite the definition of \"protected heritage property\" to be\n\u2022 property designated under Part IV or VI of the Ontario Heritage Act;\n\u2022 property subject to a notice of intention to designate in accordance with section 29(1.1) and subject to the limitations in section 29(1.2) of the Ontario Heritage Act;\n\u2022 property included in an area designated as a heritage conservation district under Part V of the Ontario Heritage Act;\n\u2022 property subject to a by-law designating an area as a heritage conservation study area in accordance with section 40.1(1) of the Ontario Heritage Act;\n\u2022 non-designated property of cultural heritage value or interest recorded on the municipal register in accordance with section 27(3) of the Ontario Heritage Act;\n\u2022 property subject to a heritage conservation easement or covenant under Part II or IV of the Ontario Heritage Act;\n\u2022 property identified by a provincial ministry or a prescribed public body as a property having cultural heritage value or interest under Part III.1 of the Ontario Heritage Act and the heritage standards and guidelines;\n\u2022 property with known archaeological resources in accordance with Part VI of the Ontario Heritage Act;\n\u2022 property protected under federal heritage legislation; and\n\u2022 UNESCO World Heritage Sites.\nSecondly, the definition of adjacent lands is problematic.  Limited adjacency to contiguous properties if much too narrow.  It needs to be broadened to at least 60 metres from the subject property, and broader in specific circumstances, e.g. properties bordering canals like the Rideau or Trent.\n"
    },
    "92360": {
        "url": "/comment/92360",
        "comment": "I highly believe they need to make affordable housing so they wouldn't have to require doing land development and destroying the environment in the process. They need to realize that there are other alternatives into land development business without having to destroy the environment plus we need to coexist more carefully with nature. It has too be.\n"
    },
    "92361": {
        "url": "/comment/92361",
        "comment": "RE: Agricultural Lot Severances, ERO #019-6813 for review of proposed policies adapted from A Place to Grow and Provincial Policy Statement to form a new provincial planning policy instrument\nDear Minister Clark,\nI am writing to express my concerns regarding the proposed changes found in the proposed Provincial Policy Statement, 2023 (PPS 2023). Specifically, I am concerned about the impact the proposed policies will have on agricultural lands in the province.\nOntario\u2019s prime agricultural land is a finite, non-renewable resource that comprises less than 5% of Ontario\u2019s land base1. With the growing rate of farmland loss in the province, currently at a rate of 319 acres per day2, it is more important than ever before that the province protects our prime agricultural areas. Ontario\u2019s farmland directly supports the agri-food sector, which is the largest economic sector in the province, employing more than 750,000 Ontarians along the supply chain and annually contributing over $47 billion to the province\u2019s GDP3.\nWhile I recognize the need to address issues of housing availability and affordability I am concerned that several of the policies in the proposed PPS 2023 will not adequately contribute to the housing issues and instead will create significant issues for the long-term viability of Ontario\u2019s agri-food sector. This submission will focus primarily on the proposed PPS 2023, section 4.3.3 Lot Creation and Lot Adjustments.\nComments regarding section 4.3.3 Lot Creation and Lot Adjustments\nI am concerned about proposed s.4.3.3 which permits the severance of three residential lots from parcels in prime agricultural areas. This poses a significant threat to the long-term viability of the agricultural sector. As it currently reads, this policy could apply to any parcel of agricultural land, regardless of its size or whether it was previously severed before January 2023. Given that there are 48,346 farms4 and as many as 170,000 farmland properties in Ontario5, the province could see anywhere from 145,038 to 510,000 lots severed from agricultural properties. Therefore, if each lot is approximately 1-acre in size, this policy alone would be responsible for removing anywhere from 1.25% to 4.3% of Ontario\u2019s finite agricultural land base.\nThe use of a provincial agricultural systems approach to planning is crucial to protect agricultural land, given its importance as an economic driver and in recognition of the natural heritage and hydrological features and functions that farmland plays6. While I appreciate that proposed s.4.3.1 states \u201cPlanning authorities are encouraged to use an agricultural system approach,\u201d this policy does not provide the strength needed to require agricultural systems, and appears to be in contradiction to the permissions of s.4.3.3. When you factor in s.4.3.2.5, which permits up to two additional dwellings in prime agricultural areas, this could result in as many as 1.5 million dwellings on newly severed lots in agricultural areas. This will lead to significant farmland fragmentation, which is contradictory to the purpose of an agricultural system, and will cause significant disruptions to surrounding agricultural operations.\nMoving to rural areas often means embracing the realities of agricultural living, such as noise, dust, odors, and farm equipment on the roads. Unfortunately, this leads to land-use compatibility conflicts that are difficult to mitigate once residential units are developed in agricultural areas. This poses significant challenges for farmers, especially when Minimum Distance Separation (MDS) is not properly followed during development approvals. This is concerning given that Bill 23 prevents third-party appeals at the Ontario Land Tribunal, making it difficult for nearby farmers to address MDS concerns. Additionally, constructing residential units up to the MDS line will limit any future growth of the agricultural operation, threatening the future viability of animal agriculture in Ontario.\nFurthermore, additional residential units on prime agricultural areas will result in an increase in water usage from underground aquifers. Three additional lots, including three additional residential units would put a significant strain on the water usage and increase the likelihood of water source issues for both the residents and the agricultural operation. Agriculture uses significant amounts of water to irrigate crops and provide water to livestock. Although a large percentage of water is returned to the source, often it has been changed and carrying soil and dissolved compounds7. With less water available in the aquifer, any contaminants will be more concentrated. Therefore, permitting three lot severances in prime agricultural areas will have significant implications for water availability and safety.\nBy permitting lot severances, the province will be impacting the financial accessibility of farmland for the next generation of farmers, making farming less financially viable. Each farm property will likely increase in price relative to the value of three vacant lots in the respective region. Ontario experienced a 19.4% increase in property values in 20228, making it unattainable or financially unfeasible for many young farmers to buy land. The proposed severance policies will incentivize developers, who can outbid young farmers, to purchase farmland or provide cash incentives for farmers to sever lots, contributing to the increase in farmland prices. This will result in the next generation experiencing a fragmented agricultural system and keeping ownership of farmland out of their reach. This is concerning because if the next generation of farmers cannot afford to farm, and experience it as increasingly difficult to farm, the province will not have a viable agricultural sector for much longer.\nI have noticed that the new proposed PPS 2023 states in policy 4.3.1.2, \u201cAs part of the agricultural land base, prime agricultural areas, including specialty crop areas, shall be designated and protected for long-term use for agriculture.\u201d However, permitting lot severances for residential use contradicts lands being designated for the long-term protection for agriculture.\nI believe that the proposed s. 4.3.2.5, which would allow two additional units on existing farm properties, could be significant in providing housing opportunities for new and young farmers during succession planning and transitioning the farm to new operators. Similarly, the proposed s. 2.2.1.b.2 allows more land for housing by converting existing commercial and institutional buildings for residential use. Given these other proposed policies permitting additional housing and the significant concerns over the proposed lot creation policies, I question why there is a need to permit such a significant allowance for severances.\nFurthermore, permitting these severances is in contradiction to proposed s. 2.2.1.c, \u201cpromoting densities for new housing which efficiently use land, resources, infrastructure and public service facilities, and support the use of active transportation.\u201d S.4.3.3 will not promote efficiency in these areas and will detract from the intentions to support intensification.\nI believe that municipalities should be permitted to allow for additional restrictions to help protect agriculture and mitigate the likelihood of conflict arising between non-farming residents and the agricultural community. However, proposed s.4.3.3.2 prevents municipalities from being more restrictive, which could be vital for preventing these types of conflicts. For rural communities whose economies and culture are intricately associated with agriculture, s.4.3.3.2 will prevent municipalities from protecting a key component of their communities and is contradictory to the content on page 3 that states the PPS 2023 recognizes the diversity of Ontario and that local context is important. S.4.3.3.2 restricts rural municipalities from ensuring the local context of their agricultural system is protected from farmland fragmentation.\nI, therefore, urge the province to consider these concerns and remove s.4.3.3 in its entirety so that the proposed changes do not harm the province\u2019s agricultural lands and the farmers who depend on them. The province should require municipalities to use the provincial agricultural system mapping and allow municipalities to implement additional restrictions to help protect agriculture and prevent conflicts with non-farming residents.\nThank you for considering our submission, and I look forward to the province\u2019s response.\nSincerely,\na rural Ontario resident\nReferences:\n[1] Ontario Ministry of Agriculture, Food and Rural Affairs. 2016. Guidelines on Permitted Uses in Ontario\u2019s Prime Agricultural Areas. Retrieved from http://www.omafra.gov.on.ca/english/landuse/facts/permitteduseguide.pdf\n[2] Statistics Canada. 2021. Census of Agriculture. Retrieved from https://www150.statcan.gc.ca/t1/tbl1/en/tv.action?pid=3210015301&pickMe\u2026\n[3] Ontario Federation of Agriculture. 2020. Agriculture Matters \u2013 A Guide for Municipal Councillors and Staff. Retrieved from https://ofa.on.ca/resources/guide-for-municipal-councillors-and-staff/\n[4] Statistics Canada. 2021. Census of Agriculture. Retrieved from https://www150.statcan.gc.ca/t1/tbl1/en/tv.action?pid=3210015601&pickMe\u2026\n[5] Agricorp. 2022. 2021-22 Annual Report. Retrieved from https://www.agricorp.com/SiteCollectionDocuments/Agricorp-AnnualReport-\u2026\n[6] Ontario Ministry of Agriculture, Food and Rural Affairs. 2020. Implementation Procedures for the Agricultural System in Ontario\u2019s Greater Golden Horseshoe. Retrieved from http://www.omafra.gov.on.ca/english/landuse/imp2019.pdf\n[7] Government of Canada. 2020. Agriculture and water quality. Retrieved from https://agriculture.canada.ca/en/environment/watershed-protection/agric\u2026\n[8] Farm Credit Canada. 2023. FCC Farmland Values Report. Retrieved from https://www.fcc-fac.ca/en/knowledge/economics/farmland-values-report.ht\u2026\n"
    },
    "92362": {
        "url": "/comment/92362",
        "comment": "I have heard, twice, that the proposal to allow rural farm severances has been dropped, in response to the outrage from agricultural producers, environmentalists and others.  I hope this is true. Please ensure it does not go ahead.\nThere are several reasons I am opposed to this proposal:\n* it drives up the price of farm land -- and as I manage, on my fixed income, to keep my food costs low thanks to eating only local in season produce, I really care about the cost of food.\n* it encourages rural sprawl.  Transportation emissions are the biggest source of greenhouse gas in my two-tier municipality.  Despite municipal governments' promises to reduce our GHG emissions, we haven't whittle them a bit.  We can't afford to make them worse.\n* it increases the cost of municipal services, things like garbage pickup, sewage, water supply to build into the country.   It's not a cost-efficient solution.\n"
    },
    "92363": {
        "url": "/comment/92363",
        "comment": "I do not support the changes, namely as relates to the following:\na.\tGrowth targets are far less stringent - they need to become more stringent.\nb.\tIt will become easier for municipalities to expand their settlement areas/urban boundaries - this should not happen.\nc.\tLessened emphasis on avoiding settlement area expansion into prime agricultural areas - we need to keep prime agricultural areas close to urban areas.\nd.\tConversion of employment land will become easier - again, we need to keep employment land  areas close to urban areas.\ne.\tAgricultural lot severances will become easier - same concern as above, we need to keep prime agricultural areas close to urban areas .\nf.\tProtection of agricultural areas is lessened, and information related to agriculture is decentralized from the province to municipalities - we need to keep prime agricultural areas close to urban areas.\ng.\tRemoves the definition of \u2018affordable housing\u2019 - we need to keep this definition to protect vulnerable parts of our population\n"
    },
    "92365": {
        "url": "/comment/92365",
        "comment": "RE: Provincial Agricultural System, ERO #019-6813 for review of proposed policies adapted from A Place to Grow and Provincial Policy Statement to form a new provincial planning policy instrument\nDear Minister Clark,\nI am writing to express my concerns regarding the proposed changes found in the proposed Provincial Policy Statement, 2023 (PPS 2023). Specifically, I am concerned about the impact the proposed policies will have on agricultural lands in the province.\nOntario\u2019s prime agricultural land is a finite, non-renewable resource that comprises less than 5% of Ontario\u2019s land base1. With the growing rate of farmland loss in the province, currently at a rate of 319 acres per day2, it is more important than ever before that the province protects our prime areas. Ontario\u2019s farmland directly supports the agri-food sector, which is the largest economic sector in the province, employing more than 750,000 Ontarians along the supply chain and annually contributing over $47 billion to the province\u2019s GDP3.\nWhile I recognize the need to address issues of housing availability and affordability, I am concerned that several of the policies in the proposed PPS 2023 will not adequately contribute to the housing issues and instead will create significant issues for the long-term viability of Ontario\u2019s agri-food sector. This submission will focus primarily on the proposed PPS 2023 impacts on the agricultural system.\nComments regarding Agricultural Systems and the proposed PPS 2023\nWhile I appreciate the attempt to adapt the Growth Plan policies pertaining to agricultural system mapping into the PPS 2023, the language undermines the previous requirement for municipalities in the Greater Golden Horseshoe from requiring them to use agricultural systems. S4.3.1 states, \u201cplanning authorities are encouraged to use an agricultural system approach.\u201d The use of the word \u2018encouraged\u2019 is not strong enough and will not require municipalities to use the provincial agricultural system mapping. Given that this is now optional for municipalities, it will decrease the likelihood of adopting agricultural systems mapping and create fragmented agricultural systems between municipalities. This is partly due to the added responsibility on rural municipalities that tend to have more limited resources to complete agricultural system mapping that the province would otherwise support. The use of a provincial agricultural systems approach to planning is crucial to protect agricultural land given its importance as an economic driver and in recognition of the natural heritage and hydrological features and functions that farmland plays4.\nRecommendation 1: The province should amend the language in the proposed PPS 2023 that requires agricultural system mapping for all municipalities.\nI note the removal of the policy language which stated, \u201cplanning authorities shall designate prime agricultural areas and specialty crop areas in accordance with guidelines developed by the Province.\u201d Instead, the proposed s.4.3.1.2 states, \u201cas part of the agricultural land base, prime agricultural areas, including specialty crop areas, shall be designated and protected for long-term use for agriculture.\u201d There is concern as to the various approaches that municipalities may choose to take on designating prime agricultural areas. Provincial guidelines should remain the standard by which municipalities designate prime agricultural areas, in order to ensure a consistent approach across municipalities. By removing this policy, the province is risking inconsistent approaches to designating prime agricultural areas which can lead to further farmland fragmentation, particularly between municipal boundaries. It is important to note that farmland fragmentation makes farming practices significantly more challenging and creates and assortment of land-use conflicts. While the policy states that prime agricultural areas and specialty crop areas shall be designated and protected for long-term use for agriculture, s.4.3.3 permits up to three lot severances per farm parcel, which undermines the protection s.4.3.1.2 states it is intended to provide. It is important to highlight here the contradictory nature of these sections: S.4.3.3 needs to be removed in order to protect the agricultural system that the PPS 2023 proposes needs to be protected.\nRecommendation 2: The PPS 2023 should include the requirement for municipalities to use the guidelines developed by the province to designate prime agricultural areas and specialty crop areas.\nRecommendation 3: S.4.3.3 should be removed in its entirety as it undermines and contradicts the notion of a contiguous agricultural system.\nI acknowledge that the policy provides opportunities for housing for new and young farmers during succession planning and transitioning the farm to new operators. However, municipalities should be permitted to allow for additional restrictions to help protect prime agricultural areas and mitigate the likelihood of conflict arising. The proposed s.4.3.3.2 prevents municipalities from being able to be more restrictive and prevent these types of conflicts, as well as utilize their own local knowledge and context for their communities needs, such as rural communities whose economies are heavily based on agricultural production. The weakened policies on utilizing provincial frameworks for designating prime agricultural areas as well as agricultural system mapping will put these rural and agricultural communities at risk.\nRecommendation 4: S.4.3.3.2 should be removed in order to allow rural and agricultural communities the ability to properly protect their agricultural system, rural character, and implement local context into their official plans and zoning by-laws.\nI urge the province to reconsider the proposed policy changes that have weakened the requirements for municipalities to implement an agricultural system and limit their  ability to include more restrictive provisions to protect their rich agricultural land base and economies. This will help ensure the long-term viability of agriculture in Ontario and protect the agri-food sector\u2019s significant contributions to the province\u2019s GDP and employment numbers.\nSincerely,\n(Ishi tal )\nReferences\n[1] Ontario Ministry of Agriculture, Food and Rural Affairs. 2016. Guidelines on Permitted Uses in Ontario\u2019s Prime Agricultural Areas. Retrieved from http://www.omafra.gov.on.ca/english/landuse/facts/permitteduseguide.pdf\n[2] Statistics Canada. 2021. Census of Agriculture. Retrieved from https://www150.statcan.gc.ca/t1/tbl1/en/tv.action?pid=3210015301&pickMe\u2026\n[3] Ontario Federation of Agriculture. 2020. Agriculture Matters \u2013 A Guide for Municipal Councillors and Staff. Retrieved from https://ofa.on.ca/resources/guide-for-municipal-councillors-and-staff/\n[4] Ontario Ministry of Agriculture, Food and Rural Affairs. 2020. Implementation Procedure for the Agricultural System in Ontario\u2019s Greater Golden Horseshoe. Retrieved from http://www.omafra.gov.on.ca/english/landuse/imp201\n"
    },
    "92366": {
        "url": "/comment/92366",
        "comment": "Please find attached our comments for the new PPS\n"
    },
    "92369": {
        "url": "/comment/92369",
        "comment": "August 3, 2023\nMinistry of Municipal Affairs & Housing\nProvincial Land Use Plans Branch\n777 Bay Street, 13th floor\nToronto, ON M7A 2J3\nRE: ERO: 019-6813: Feedback on proposed policies adapted from A Place to Grow and Provincial Policy Statement to form a new provincial planning policy instrument.\nThe Niagara Home Builders\u2019 Association is the voice of the residential construction industry within the 12 Municipalities that comprise the Niagara Region. We represent members including builders, developers, professional renovators, trade contractors and many others within the residential construction sector. The Niagara Home Builders\u2019 Association is proudly coordinating our public policy response with regards to the proposed new provincial planning policy instrument with the Ontario Home Builders\u2019 Association and other chapters within our network.\nAs we know, Ontario needs 1.5 million new homes over the next decade to restore housing attainability. We need the right mix of housing types, formats and locations to ensure that Ontarians at all stages of life can find a place they can call home. The current provincial planning ecosystem places some limits on how fast our province can achieve the social and economic imperative of dramatically increasing new housing supply and variety. That is why we are encouraged by the proposals that have been put forth to update how Ontario plans for growth.\nWe support the policy direction of the new Provincial Planning Statement (PPS) and the rescinding of A Growth Plan for the Greater Golden Horseshoe (Growth Plan). The duplication of policy from the former PPS and Growth Plan led to excessive delay and study requirements of municipalities, builders and developers in the Greater Golden Horseshoe. While some of the policies of the Growth Plan were helpful in promoting transit supportive densities in strategic areas, many of the policies of this plan unnecessarily restricted the supply of housing and land available for development and construction that was required to meet its growth targets.\nIt is important to note from the outset that the proposed PPS structure of requiring large/fast-growing municipalities to be subject to growth-management related policies is appropriate and needed. The differentiation of a policy set for these municipalities is effective in providing one Planning Statement that can be applied province-wide without placing unnecessary or onerous requirements on smaller or slower growing municipalities.\nBuilding the Needed Volume and Variety of Housing Options\nThe new PPS will be effective in generating new housing supply in high growth municipalities and surrounding rural areas. The proposed policies will be effective in creating appropriate housing opportunities in these settings. In particular, the policies that require minimum densities in major transit station areas and other strategic growth areas will ensure that opportunities for higher-density housing forms can be realized in areas that benefit from existing or planned transit.\nIn addition, the permission of additional housing in rural areas can release a significant supply of housing in regions peripheral to urban areas that complement the more compact and urban forms of housing that will be based in urban centres.\nTo ensure that large/faster growing municipalities plan for their share of growth, we strongly believe that the province should continue to prepare forecasted minimum population and housing targets for these municipalities (similar to those required in the Growth Plan, and subsequently in the province\u2019s minimum housing targets to 2031) and require that these municipalities demonstrate in their official plans how these targets will be met with the timeframes of the PPS.\nThe PPS should also clarify how minimum intensification targets apply across the entire municipality, and that intensification is encouraged through the settlement area boundary. This is essential to provide policy support for gentle-density forms of intensification in existing areas which would otherwise be prevented by anti-growth special interests.\nLastly, it is important to provide clarity as to what constitutes affordable and attainable housing \u2013 changes to the Development Charges Act should be reflected in the new PPS in this regard. In addition, the PPS should clarify that additional residential units are encouraged in all single, semi-detached and townhomes (similar to the permissions under the Planning Act) and that these units can provide a supply of purpose-built attainable rental housing.\nMaking More Land Available for Homes & Employment\nWe strongly support the broadening of opportunities to make areas available for new home construction, particularly the new tools and options provided to municipalities to accommodate growth. Subsequently, we welcome the change for municipalities to have to plan to a minimum 25-year horizon; given that most new communities will take 25 years to be substantially built, this timeline is appropriate as a planning horizon.\nFurthermore, we are encouraged by the requirement to maintain a 15-year residential land supply and maintain land with servicing capacity for a 3-year supply of residential units. We believe this policy would be more effective if it clarified that the supply of land and units is to be maintained for a market-based supply of units and be specific to unit type. It is as equally important to forecast for, and provide the right composition of housing, as well as an overall quantity of housing.\nThe provision for a simplified settlement area boundary expansion process is a very positive policy change that should allow municipalities to both create new settlement areas and extend existing ones without the need for brand-new expansions.\nWe strongly support the definition of employment areas in the PPS (which reflect that contained in the Helping Homebuyers, Protecting Tenants Act) and the focus on these areas for a concentration of more intensive industrial and manufacturing type uses. Clarification should be provided that other uses (including commercial, institutional, and residential uses) may be permitted on employment lands and lands designated for employment that do not meet the PPS definition of \u201cEmployment Area\u201d, subject to appropriate separation required for sensitive uses. The province should prepare an update to the D-series guidelines to update the separation requirements for sensitive uses in keeping with the updated definition from the PPS. Overall, this is a significantly positive change that will help ensure that Ontario strikes the right balance between housing, employment areas and municipal flexibility.\nWe propose further changes with the PPS to permit some municipal infrastructure outside of settlement areas to support smart growth planning. Currently, municipalities continue to preclude any urban infrastructure being placed outside of settlement areas. This requires storm water ponds and municipal pipes being placed in urban designated lands, which results in a loss of net developable land, a reduction in land supply adjacent to town centers and the inefficient use of existing infrastructure. We also recommend that direction be provided through the PPS to permit urban infrastructure being placed in non-urban designated areas if the lands are owned by the same property owner. This will support making more land available for homes and allow a more efficient use of settlement area lands.\nProviding Infrastructure to Support New Housing\nFloodplain mapping and associated modelling in urban areas should be prepared to account for proposed growth, including stormwater management facilities and flood mitigation work in these areas. It is not appropriate to assume a no-mitigation approach to flood plain modelling in an urbanizing area. This approach should be incorporated into the policies of the new PPS and in related guidance material from the province.\nPolicies supporting the location of trails and other passive recreation activities within hydro and gas corridors should added to the PPS. Moreover, when trails and/or recreational opportunities can be provided in these corridors, such areas should be eligible for parkland contribution under the Planning Act.\nAdditionally, the policies of the PPS should provide direction to utility providers to integrate their planning with the growth planning of municipalities, and to account for these plans in their future service planning. Moreover, utilities should be strongly encouraged to ensure that sufficient service is available in accordance with planning to support designated growth and the delivery of housing. Where required, the province should consider legislative and policy changes to ensure that both utilities and regulators provide sufficient services for both existing and future housing to achieve municipal growth plans.\nWe strongly support the policy direction to require school boards to integrate planning for schools and growth \u2013 the policies should specifically speak to the minimization of school sites when co-located with parks and should encourage the provision of schools in mixed use formats, including within multi-storey residential buildings.\nWe further support the use of alternative servicing solutions to enable development in areas where typical full municipal servicing solutions are not viable. The province should prepare guidance material regarding the minimum densities and size of developments appropriate for different servicing solutions.\nBalancing Housing with Natural Resources\nTo minimize potential conflicts with agricultural uses and existing or new residential areas, municipalities should designate rural lands abutting residential areas and settlement area boundaries.\nThe proposed environmental protection policies should be provided in the context of a Housing First policy goal and objectives which should be added to the PPS in settlement area boundaries. An urban lens should be provided for environmental protection in settlement areas, generally directing that preservation of features should have the object of maintaining green infrastructure in urban areas to preserve natural functions and the protection of provincially significant features. Such policies would support the provision of housing through the efficient use of land is essential and a priority over other competing policy objectives.\nIn all areas, the policies related to the natural environment, and environmental protection should allow a net benefit approach through the development process. Such policies should facilitate logical settlement patterns by allowing feature removal or relocation with off-setting opportunities for on- and off-site compensation on a 1:1 basis.\nThe environmental policies could encourage the preservation of non-provincially significant features if it is clarified that such features should be treated as social elements that offer passive recreational opportunities to residents and that they would form part of the parkland dedication requirements under the Planning Act.\nNatural Heritage Policies\nThe implementation of the natural heritage policies has created ongoing challenges both in terms of the timely delivery of communities and homes, and in the ability to create more positive and sustainable outcomes for nature.\nGiven the diverse municipal interpretations of the provincial natural heritage policies, the conservation of the most important natural heritage features and functions has often become caught in polarized, lengthy, and expensive arguments about the ecological importance (or lack thereof) of the smallest and isolated patches of nature. In many cases, for example, natural heritage protections are being applied by municipalities to features that are small, disturbed, young on the landscape, and sometimes human created. The created features that have been defined as significant, for instance, include:\n\u2022\tyoung plantations;\n\u2022\thedgerows;\n\u2022\twetland areas in ditches;\n\u2022\tbacked up drainage systems;\n\u2022\tnaturalizing golf course ponds;\n\u2022\tclosed aggregate extraction ponds; and\n\u2022\tnaturalized farm ponds.\nThis overly cautious approach has created inefficiencies in the development of \u201ccomplete communities\u201d, which may take different shapes and forms appropriate to their contexts to meet the diverse needs of their populations (PPS definition). Our recommended changes to the natural heritage policies will introduce much-needed flexibility, that will also generate more nature positive outcomes, more quickly. We understand that viable and functioning natural heritage systems are important to the integrity of the environment, and to the well-being of citizens who live near and interact with them.\nIn addition, we will continue to work with the province and municipalities to achieve natural heritage outcomes that are practical, viable, and sustainable, whether they occur in settlement areas, rural areas, or agricultural areas. We will continue to offer ideas and solutions that will lead to increased and appropriately targeted investments in our natural heritage systems.\nIn the following, we propose minor, but important modifications to the natural heritage polices to enable our industry to create healthier communities more efficiently and effectively. At the same time, our industry will continue to accelerate the establishment of natural heritage systems that will thrive in areas where communities are developing. We will continue to work with our municipal partners to create communities that enable citizens to interact with nature in respectful and sustainable ways.\nTo achieve these ambitious and positive outcomes, Ontario needs a degree of smart flexibility in the natural heritage policies and their implementation.\nSmart flexibility will best be achieved through the two following distinct, but related changes:\n1)\tShift from the no negative impact test to a no net negative impact test for natural heritage features and associated functions; and\n2)\tFormally adopt an ecological offsetting approach to allow for the selective removal of generally smaller and degraded natural heritage areas with limited functions. The removed features would be replaced, achieving a net ecological gain (i.e., nature positive outcomes).\nIn the following, additional comments are provided regarding these two proposed changes. Then, specific suggested wording changes are proposed for the PPS natural heritage policies and for a few associated definitions. Some final thoughts are also offered, regarding key next steps to ensure that background materials and guidelines are updated and can support the policy changes.\nNet Negative Impact Test\nThe current test under the PPS related to natural heritage features and functions (excluding fish habitat) is the no negative impact test. That test specifies, that a \u201c\u2026 negative impact is: degradation that threatens the health and integrity of the natural features or ecological functions\u201d. Health and integrity are not defined terms, in the PPS.\nRequirements to achieve no negative impact on any aspect of natural heritage features or functions have proven to be challenging and impractical. It is likely that any development or site alteration activity will have some, often minor or immeasurable impact on one or more aspects of natural heritage features or functions.\nThe definition of \u201cfunctions\u201d further complicates the use of the no negative impact test. The PPS defines ecological function as follows \u201c\u2026 means the natural processes, products or services that living and non-living environments provide or perform within or between species, ecosystems and landscapes. These may include biological, physical, and socio-economic interactions.\u201d The complexity of the term ecological function includes undefined biological, physical, and socio-economic interactions.\nThe implementation of a slightly modified test, a no net negative impact test, will allow for minor adjustments to natural heritage features and associated functions. This approach would encourage, not discourage, more innovative forms of mitigation, with simpler impact assessment considerations and with net positive outcomes for nature.\nWhere a development or site alteration could impact larger and more overtly important natural heritage features and associated functions, the no net negative impact test would involve a special form of compensatory mitigation, commonly referred to as offsetting.\nEcological & Biodiversity Offsetting\nThe province\u2019s release of the Discussion Paper, Conserving Ontario\u2019s Natural Heritage, presents an important, forward-looking approach that could significantly improve the use of, and outcomes associated with, natural heritage policies in Ontario.\nEcological biodiversity (also known as biodiversity offsetting) is an impact assessment tool used globally in over 100 countries. These offset programs allow for the compensation of impacts to the natural environment in ways that restore or improve the quality and/or quantity of the impacted natural heritage features. Unlike a no net negative impact test, which minimizes and neutralizes impacts, offsetting programs require achieving net positive or nature positive outcomes. This approach could be used when predicted impacts surpass what might be considered to be the most minor immeasurable predicted impacts addressed above.\nProposed Natural Heritage Policy Modifications\nThe following are a few specific wording changes to the natural heritage policies and the definitions, that will support our suggested no net negative impact test and the recommended offsetting approach. The numbering system used in this section follows the numbering of sections in the June 16, 2023, version of the proposed PPS.\nRecommended Specific NHS Policy Wording Modifications\nExisting Wording\tProposed Revised Wording\nPPS section 4.1.4\nAdd the word net (underlined below)\nDevelopment and site alteration shall not be permitted in: \u2026\n\u2026 unless it has been demonstrated that there will be no negative impacts on the natural features or their ecological functions\u2026\tDevelopment and site alteration shall not be permitted in: \u2026\n\u2026 unless it has been demonstrated that there will be no net negative impacts on the natural features or their ecological functions\u2026\nPPS section 8\nAdd the word net (underlined below)\nDevelopment and site alteration shall not be permitted on adjacent lands to the natural heritage features and areas identified in policies 4.1.4, 4.1.5, and 4.1.6 unless the ecological function of the adjacent lands has been evaluated and it has been demonstrated that there will be no negative impacts on the natural features or on their ecological functions.\tDevelopment and site alteration shall not be permitted on adjacent lands to the natural heritage features and areas identified in policies 4.1.4, 4.1.5, and 4.1.6 unless the ecological function of the adjacent lands has been evaluated and it has been demonstrated that there will be no net negative impacts on the natural features or on their ecological functions.\nRecommended Definition Modifications\nThe following are suggested changes that will match with other recommendations contained within this material.\na)\tAreas of Natural and Scientific Interest (ANSIs)\nOne general comment we offer, is related to the ongoing inclusion of Areas of Natural and Scientific Interest (ANSIs) within the natural heritage policies. We understand that this program was important at the time (e.g., 1980s), to determine local, regional, and provincial levels of importance for earth and life science ANSIs. The definition of ANSI refers to \u201c\u2026 natural landscapes or features that have been identified as having life science or earth science values related to protection, scientific study or education\u201d. We suggest the relevance of defining significance of ANSIs related to protection, scientific study, or education, be carefully reviewed. Whether these aspects are appropriate for the definition of natural heritage significance is an important question the province should consider. Furthermore, whether the program is current and if the information is updated and reviewed on an ongoing basis. This may be a moment when the identification, ranking, and conservation of some or all of these features, needs a more discerning review for relevance. We also understand that in many cases, ANSIs will be located within and overlap with other natural heritage features.\nb)\tEcological Function\nThis definition of ecological function is broad, and it is not clear what is being referred to as, \u201c\u2026 biological, physical and socio-economic interactions\u2026\u201d. We recognize that the 2010 Natural Heritage Reference Manual (created to support the 2005 PPS), will require substantial revisions. One area where additional information and guidance could be improved is related to the definition and measurement of ecological functions.\nc)\tNatural Heritage System\nIn the definition of natural heritage system, reference is made to, \u201c\u2026The Province has a recommended approach for identifying natural heritage systems, but municipal approaches that achieve or exceed the same objective may also be used.\u201d Industry experience has demonstrated that some municipalities have moved thresholds for the determination of significance to a very low level, attaching significance to small, disturbance origin, and non-native plant dominated communities. This appears to move well past municipalities treating provincial policies as minimum standards. Broad municipal approaches that are not rooted in an understanding of the different landscape characteristics across municipalities, can lead to inappropriate designations of significance. Any guidance to municipal approaches needs to ensure that:\n\u2022\tThresholds for significance are appropriate, based on science, and are adjusted to match varying landscapes and sensitivity; and\n\u2022\tMunicipal policies and mapping comply with PPS section 4.1 3, that states, \u201cNatural heritage systems shall be identified in Ecoregions 6E & 7E1, recognizing that natural heritage systems will vary in size and form in settlement areas, rural areas, and prime agricultural areas.\u201d\nd)\tNegative Impacts\nThe negative impacts definition needs to be adjusted to reflect any changes required, should the province choose to adopt the proposed change to a no net negative impact test for some or all natural heritage features and functions. A definition would also need to be incorporated for net negative impacts.\nOn Supporting Materials\nThe primary reference related to the natural heritage policies is the Natural Heritage Reference Manual (2010), which is now dated, and was specific to the 2005 PPS. Since its publication 13 years ago, much has been learned about natural heritage in southern Ontario. New and important technical information, references, and scientific literature have been produced since 2010. The manual requires updating that would better explain the determination of significance, current landscape ecological practices, and the most current best practices related to Impact Assessment including the use of offsetting. Substantial updates to the appendices of the manual are strongly recommended.\nOther manuals and references that would benefit from a critical review and updates include:\n\u2022\tSignificant Wildlife Technical Guide (MNR 2000)\n\u2022\tReferences for Regionally and Locally Significant Plant Species (e.g., Cuddy, 1991; Riley, 1989; Varga et al, 2000; Oldham, 1993).\nWe encourage all provincial Ministries to work collaboratively on updating these critical documents to help best protect and preserve our province\u2019s natural spaces in a smart and thoughtful manner.\nConclusion\nWe thank the Ministry for the opportunity to comment on these proposals. We look forward to continuing to engage with the Ministry in order to ensure these proposals are aligned with the goals of improving housing attainability for current and future Ontarians.\nSincerely,\nChuck McShane \u2013 CEO\nNiagara Home Builders Association\n"
    },
    "92371": {
        "url": "/comment/92371",
        "comment": "Please find attached correspondence in support of the proposed Provincial Planning Statement policies.\n"
    },
    "92372": {
        "url": "/comment/92372",
        "comment": "RE: Agricultural Lot Severances, ERO #019-6813 for review of proposed policies adapted from A Place to Grow and Provincial Policy Statement to form a new provincial planning policy instrument\nDear Minister Clark,\nI am writing to express my concerns regarding the proposed changes found in the proposed Provincial Policy Statement, 2023 (PPS 2023). Specifically, I am concerned about the impact the proposed policies will have on agricultural lands in the province.\nOntario\u2019s prime agricultural land is a finite, non-renewable resource that comprises less than 5% of Ontario\u2019s land base1. With the growing rate of farmland loss in the province, currently at a rate of 319 acres per day2, it is more important than ever before that the province protects our prime agricultural areas. Ontario\u2019s farmland directly supports the agri-food sector, which is the largest economic sector in the province, employing more than 750,000 Ontarians along the supply chain and annually contributing over $47 billion to the province\u2019s GDP3.\nWhile I recognize the need to address issues of housing availability and affordability I am concerned that several of the policies in the proposed PPS 2023 will not adequately contribute to the housing issues and instead will create significant issues for the long-term viability of Ontario\u2019s agri-food sector. This submission will focus primarily on the proposed PPS 2023, section 4.3.3 Lot Creation and Lot Adjustments.\nComments regarding section 4.3.3 Lot Creation and Lot Adjustments\nI am concerned about proposed s.4.3.3 which permits the severance of three residential lots from parcels in prime agricultural areas. This poses a significant threat to the long-term viability of the agricultural sector. As it currently reads, this policy could apply to any parcel of agricultural land, regardless of its size or whether it was previously severed before January 2023. Given that there are 48,346 farms4 and as many as 170,000 farmland properties in Ontario5, the province could see anywhere from 145,038 to 510,000 lots severed from agricultural properties. Therefore, if each lot is approximately 1-acre in size, this policy alone would be responsible for removing anywhere from 1.25% to 4.3% of Ontario\u2019s finite agricultural land base.\nThe use of a provincial agricultural systems approach to planning is crucial to protect agricultural land, given its importance as an economic driver and in recognition of the natural heritage and hydrological features and functions that farmland plays6. While I appreciate that proposed s.4.3.1 states \u201cPlanning authorities are encouraged to use an agricultural system approach,\u201d this policy does not provide the strength needed to require agricultural systems, and appears to be in contradiction to the permissions of s.4.3.3. When you factor in s.4.3.2.5, which permits up to two additional dwellings in prime agricultural areas, this could result in as many as 1.5 million dwellings on newly severed lots in agricultural areas. This will lead to significant farmland fragmentation, which is contradictory to the purpose of an agricultural system, and will cause significant disruptions to surrounding agricultural operations.\nMoving to rural areas often means embracing the realities of agricultural living, such as noise, dust, odors, and farm equipment on the roads. Unfortunately, this leads to land-use compatibility conflicts that are difficult to mitigate once residential units are developed in agricultural areas. This poses significant challenges for farmers, especially when Minimum Distance Separation (MDS) is not properly followed during development approvals. This is concerning given that Bill 23 prevents third-party appeals at the Ontario Land Tribunal, making it difficult for nearby farmers to address MDS concerns. Additionally, constructing residential units up to the MDS line will limit any future growth of the agricultural operation, threatening the future viability of animal agriculture in Ontario.\nFurthermore, additional residential units on prime agricultural areas will result in an increase in water usage from underground aquifers. Three additional lots, including three additional residential units would put a significant strain on the water usage and increase the likelihood of water source issues for both the residents and the agricultural operation. Agriculture uses significant amounts of water to irrigate crops and provide water to livestock. Although a large percentage of water is returned to the source, often it has been changed and carrying soil and dissolved compounds7. With less water available in the aquifer, any contaminants will be more concentrated. Therefore, permitting three lot severances in prime agricultural areas will have significant implications for water availability and safety.\nBy permitting lot severances, the province will be impacting the financial accessibility of farmland for the next generation of farmers, making farming less financially viable. Each farm property will likely increase in price relative to the value of three vacant lots in the respective region. Ontario experienced a 19.4% increase in property values in 20228, making it unattainable or financially unfeasible for many young farmers to buy land. The proposed severance policies will incentivize developers, who can outbid young farmers, to purchase farmland or provide cash incentives for farmers to sever lots, contributing to the increase in farmland prices. This will result in the next generation experiencing a fragmented agricultural system and keeping ownership of farmland out of their reach. This is concerning because if the next generation of farmers cannot afford to farm, and experience it as increasingly difficult to farm, the province will not have a viable agricultural sector for much longer.\nI have noticed that the new proposed PPS 2023 states in policy 4.3.1.2, \u201cAs part of the agricultural land base, prime agricultural areas, including specialty crop areas, shall be designated and protected for long-term use for agriculture.\u201d However, permitting lot severances for residential use contradicts lands being designated for the long-term protection for agriculture.\nI believe that the proposed s. 4.3.2.5, which would allow two additional units on existing farm properties, could be significant in providing housing opportunities for new and young farmers during succession planning and transitioning the farm to new operators. Similarly, the proposed s. 2.2.1.b.2 allows more land for housing by converting existing commercial and institutional buildings for residential use. Given these other proposed policies permitting additional housing and the significant concerns over the proposed lot creation policies, I question why there is a need to permit such a significant allowance for severances.\nFurthermore, permitting these severances is in contradiction to proposed s. 2.2.1.c, \u201cpromoting densities for new housing which efficiently use land, resources, infrastructure and public service facilities, and support the use of active transportation.\u201d S.4.3.3 will not promote efficiency in these areas and will detract from the intentions to support intensification.\nI believe that municipalities should be permitted to allow for additional restrictions to help protect agriculture and mitigate the likelihood of conflict arising between non-farming residents and the agricultural community. However, proposed s.4.3.3.2 prevents municipalities from being more restrictive, which could be vital for preventing these types of conflicts. For rural communities whose economies and culture are intricately associated with agriculture, s.4.3.3.2 will prevent municipalities from protecting a key component of their communities and is contradictory to the content on page 3 that states the PPS 2023 recognizes the diversity of Ontario and that local context is important. S.4.3.3.2 restricts rural municipalities from ensuring the local context of their agricultural system is protected from farmland fragmentation.\nI, therefore, urge the province to consider these concerns and remove s.4.3.3 in its entirety so that the proposed changes do not harm the province\u2019s agricultural lands and the farmers who depend on them. The province should require municipalities to use the provincial agricultural system mapping and allow municipalities to implement additional restrictions to help protect agriculture and prevent conflicts with non-farming residents.\nThank you for considering our submission, and I look forward to the province\u2019s response.\nSincerely,\nT.A.\nReferences:\n[1] Ontario Ministry of Agriculture, Food and Rural Affairs. 2016. Guidelines on Permitted Uses in Ontario\u2019s Prime Agricultural Areas. Retrieved from http://www.omafra.gov.on.ca/english/landuse/facts/permitteduseguide.pdf\n[2] Statistics Canada. 2021. Census of Agriculture. Retrieved from https://www150.statcan.gc.ca/t1/tbl1/en/tv.action?pid=3210015301&pickMe\u2026\n[3] Ontario Federation of Agriculture. 2020. Agriculture Matters \u2013 A Guide for Municipal Councillors and Staff. Retrieved from https://ofa.on.ca/resources/guide-for-municipal-councillors-and-staff/\n[4] Statistics Canada. 2021. Census of Agriculture. Retrieved from https://www150.statcan.gc.ca/t1/tbl1/en/tv.action?pid=3210015601&pickMe\u2026\n[5] Agricorp. 2022. 2021-22 Annual Report. Retrieved from https://www.agricorp.com/SiteCollectionDocuments/Agricorp-AnnualReport-\u2026\n[6] Ontario Ministry of Agriculture, Food and Rural Affairs. 2020. Implementation Procedures for the Agricultural System in Ontario\u2019s Greater Golden Horseshoe. Retrieved from http://www.omafra.gov.on.ca/english/landuse/imp2019.pdf\n[7] Government of Canada. 2020. Agriculture and water quality. Retrieved from https://agriculture.canada.ca/en/environment/watershed-protection/agric\u2026\n[8] Farm Credit Canada. 2023. FCC Farmland Values Report. Retrieved from https://www.fcc-fac.ca/en/knowledge/economics/farmland-values-report.ht\u2026\n"
    },
    "92376": {
        "url": "/comment/92376",
        "comment": "Re: Proposed new Provincial plan\nI am in support of leniency in lot severances. For our beekeeping operation we only require a few acres to operate but in order to accomplish this we need to do some severances to financially restart our farm. Many farms in Northern Ontario are left to grow back to their natural growth due to the lack of people wanting to take up farming as a main source of income (needing large acreage) and due to the startup cost, but willing to do hobby farms (small scale operations, not needing large acreage). By allowing severances (creating smaller acreage farms) some would be young farmers would be more willing to start up farming with less of a startup cost as there is less acreage to purchase.\nThere is also a shortage of residential units in Ontario which these severances would help alleviate this shortage and create hobby farms in the process. At the time of this writing there were only 421 (houses/land/multi homes) listings for sale in the Sudbury area when normally the availability is in the 1500 range. Just a couple of years ago there were only in the area of 175 listings which drives up prices.\nFor many crops, Sudbury is too cold of a climate to operate. Some year\u2019s frost is not out of the ground until the month of June which leaves the ground temperature too low for seeds to germinate. This would mean the need for more greenhouses in place of open-air farming, which would also mean less need for larger acreage.\nIn our case we should be able to do severances to:\n\u2022\tfinancially support our operation\n\u2022\tcreate new residential lots with ability to hobby farm\n\u2022\twe should have more say in how we want to use our land\n\u2022\tincreases revenue for city without increasing demand on services in place\n\u2022\t increase the availability of land for would-be hobby farmers\n\u2022\twill not affect bordering farms\n\u2022\twould help keep farmland from going back to a natural state\n"
    },
    "92377": {
        "url": "/comment/92377",
        "comment": "From the Town of Halton Hills Planning staff:\nThank you for the opportunity to provide comments on the proposed policies adapted from A Place to Grow and Provincial Policy Statement to form a new provincial policy instrument. Below please find the Town of Halton Hills\u2019 staff comments:\nSection 4.2.1, the following policy subsection has been removed: \u201cc) evaluating and preparing for the impacts of a changing climate to water resource systems at the watershed level.\u201d Town staff believe that references to the impacts of a changing climate should continue to be a part of this policy section in the finalized Provincial Planning Statement so that climate change is linked to the policies regarding the quantity and quality of our water supply. Evaluating and preparing for the impacts of climate change is critical in protecting water resources and ensuring safe drinking water in our watersheds.\nSection 4.2.1, the following policy subsection has been removed: \u201ci) ensuring storm water management practices minimize storm water volumes and contaminant loads and maintain or increase the extent of vegetative and pervious surfaces.\u201d\nIt is noted that Section 4.2.3 adds the following: \u201cMunicipalities are encouraged to undertake watershed planning to inform planning for sewage and water services and storm water management, including low impact development, and the protection, improvement or restoration of the quality and quantity of water.\u201d\nWith recent changes to the Consolidated Linear Infrastructure Environmental Compliance Approval process, the Province is downloading more responsibility to the municipalities by pushing more approval of Storm water Management infrastructure to local authorities. Without strong policies in the PPS to require the development community to address Storm water Management through their planning process, the municipalities would rely solely on local policies, bylaws and CLI ECA process.\nThe added section 4.2.3 would suggest municipalities are to be responsible for Subwatershed Studies that go beyond Secondary Plan boundaries, limiting the potential to use previously completed studies. This would result in increased costs for the municipality while providing added benefit for the development community. If the Province is going to move forward with the direction taken in 4.2.3, it is critical section 4.2.1 i) be included in section 4.2 of the new Provincial Planning Statement.\nNoted changes represent a much softer policy approach to Storm water Management. These changes \u2018encourage\u2019 LID practices, while removing the former reference to what exactly should be done. Town staff believe that the policy subsection noted above, which is being considered for removal, should be retained in the Provincial Planning Statement.\nSection 5.1 General Policies for Natural and Human-Made Hazards, \u201cdevelopment shall be directed away from areas of natural or human-made hazards where there is an unacceptable risk to public health or safety or of property damage\u201d. Town staff believe a definition of an unacceptable risk should be considered. It should also be clarified whether it would be up to the municipality to confirm if the risk is acceptable or unacceptable.\nSection 5.2. c) Hazardous sites: direction on who determines what is hazardous should be provided here, or in the definition of hazardous sites.\nSection 5.3 Human-made hazards: consideration should also be given for areas in close proximity to dams and other regional control facilities.\nFor the Natural Heritage System definition: it would be helpful to identify which \u2018recommended approach\u2019 is being referenced in the last sentence.\nFor the Negative impacts definition, sec. a): it would be helpful to identify which \u2018Provincial standards\u2019 are being referenced in the last sentence?\nFor the Wetlands definition: reference to Ministry of Natural Resources and Forestry process and evaluation for identifying wetlands has been removed. In light of the removal from the definition of wetlands of the reference to the Ministry of Natural Resources and Forestry, the definition should clarify where the authority comes from to identify and designate wetlands moving forward.\nGeneral Comment: Growth Plan policies specifically required watershed planning to be undertaken to inform the identification and protection of water resource systems, growth management, and other land use and infrastructure planning decisions, and Subwatershed planning to inform large-scale and site-specific land use planning decisions.\nThe new PPS continues to encourage watershed planning but removes this requirement. The Town\u2019s Official Plan recognizes the importance of watershed and subwatershed planning to serve as a guide for improving water quality, reducing flood damage, and protecting natural resources. Subwatershed plans are required to be in place prior to the approval of Secondary Plans that implement an Urban Boundary Expansion as a way to inform all planning decisions. The removal of this requirement in the PPS could limit a municipality\u2019s ability to implement effective policies for subwatershed planning.\nIn addition, development applications must conform with the recommendations made in an approved watershed and subwatershed plan. As part of the Development Application Process, a Subwatershed Impact Study (SIS) may be required to look in detail at the site-specific conditions and mitigate any potential impacts to the watershed. Town staff is of the opinion that Watershed Planning should continue to be a requirement particularly in growing municipalities. Watershed Planning will ensure the protection, conservation and sustainable management of natural resources and guide appropriate land use policies within areas designated for growth. The Town encourages the finalization of the proposed Provincial Subwatershed Planning Guide prepared in January 2022 to serve as a guide to implement land use planning policies related to watershed and subwatershed planning in coordination with planning for water, wastewater and storm water servicing, water resources, drinking water source protection and climate change resilience.\nGeneral Comment: There is a policy in the Growth Plan that speaks to natural heritage features that are not identified:\n\u201c3.  Within the Natural Heritage System for the Growth Plan:\na)\tNew development or site alternation will demonstrate that:\niii. the removal of other natural features not identified as key natural heritage features and key hydrologic features is avoided, where possible. Such features should be incorporated into the planning and design of the proposed use wherever possible;\u201d\nStaff suggest adding a policy like the one above within the PPS to ensure that there is protection of natural heritage features that are not identified.\n"
    },
    "92378": {
        "url": "/comment/92378",
        "comment": "Thank you for the opportunity to provide comments on the Proposed Provincial Planning Statement (PPS) as announced by the Province of Ontario on April 6, 2023. Hullmark respectfully submits the attached comments for your review and use. Hullmark is encouraged to see policy initiatives in the PPS that will get more housing built, and to achieve the Province\u2019s mandate of constructing 1.5 million new homes by 2031. Our comments are targeted to the provisions in the Housing section of the PPS regarding conversions and intensification of office space.\n"
    },
    "92379": {
        "url": "/comment/92379",
        "comment": "Please find attached our comments\nRyan Oosterhoff\nLIV Communities\n"
    },
    "92381": {
        "url": "/comment/92381",
        "comment": "Please allow historic farm surplus severance owners to sever lots. They should be a minimum in size and age of severance and also be zoned residential. For example:we purchased a 3 acre parcel with home in 2010. The severance was created and home was built in 1974. We have 2 acres that we do not use or need and they could both be additional residential lots. We would like to sever these lots but are constrained because of the current provincial regulations. I believe there are MANY folks in this same situation in rural areas of southern Ontario.\n"
    },
    "92382": {
        "url": "/comment/92382",
        "comment": "The new policy proposed for the Provincial Planning  Statement requires additional detail in order to support natural heritage and water protection policies.  This document lacks sufficient technical information and specific implementation details. Development pressures and ambiguous, weakened municipal policy have intensified this past year under the pressure of Bill 23 and additional, pending policy. In turn, these changes have undermined development of local responsibility for natural heritage conservation.\nAn additional , troubling feature of this proposed policy involves the failure to recognize important natural features that are not included as \"significant\" including trees, shorelines and natural vegetation. There are reams of scientific research and publication reflecting the contributions of these and other features serving to mitigate climate change, reduce C02, protect water quality and prevent shoreline erosion, etc.\nThe Provincial government is now in a position to increase the quality and specificity of conservation tools, and to clarify current responsibilities shared by both municipal and provincial governments.\n"
    }
}