{
    "91671": {
        "url": "/comment/91671",
        "comment": "This comment is on section 2.9 Energy Conservation, Air Quality and Climate Change.\nI suggest the use for stronger wording for this section, it currently reads \"planning authorities shall plan to reduce greenhouse gas emissions and prepare for the impacts of a changing climate\".\nDo due to the urgency of the climate change crisis and Ontario's goal to achieve a greenhouse gas reduction by 80 per cent below 1990 levels by 2050 it would be pertinent to require planning authorities to have reduce the impacts of climate change. It is essential that all new plans be reviewed for and required to have climate change mitigation and adaption measures in place. If we do not start requiring actual action against climate change we will never achieve the required reduction.\n"
    },
    "91672": {
        "url": "/comment/91672",
        "comment": "The housing affordability for farmers like me looking to take over their family farms is outrageous. We need to be able to build our own homes, on the farm, with severed lots. It doesn\u2019t mean we need to take precious farm land, even an acre of land would do. Please please please adjust your severance rules. The next generation of farmers depends on it.\n"
    },
    "91675": {
        "url": "/comment/91675",
        "comment": "My personal experience; my lot is split into three portions due to my own home (where I reside) located on the same lot.\nOn the right side of my house I have approximately six acres of land ( left over ) and on the left side of my house I have approx. 22 acres left over. My house is on four acres and includes other building.\nAfter diligent search to rent out my land for farming I learned that due to the Narrow  small-scale size of land in either direction it is Not Profitable for farm crops and no real room for large farm equipment; No farmer is interested. This land is Marginal.\nThere are also Hamlets on my street and other homes surrounding this land which is zoned agricultural.\nThis kind of property should not come across problems/difficulties to be re-zoned for more homes. New homes on the open lot would only copy what is all ready on the opposite side of the same street.\nPlease let me know if you need more information.\n"
    },
    "91726": {
        "url": "/comment/91726",
        "comment": "ACO (Architectural Conservancy Ontario) finds that the proposed PPS 2023 substantially weakens the policies in the existing PPS 2020 with respect to cultural heritage. As such, it would undermine a vital part of Ontario\u2019s heritage protection regime.\nUnder the pillar, \u201cBalance housing with resources\u201d the proposal says that the proposed policies would, with respect to heritage resources, \u201cUpdate the cultural heritage policies to align with Ontario Heritage Act (OHA) amendments through Bill 108 and Bill 23, with a focus on conserving protected heritage properties.\u201d\nThe Planning Act, in section 2(d), identifies \u201cthe conservation of features of significant architectural, cultural, historical, archaeological or scientific interest\u201d as one of the matters of provincial interest. The Minister and all planning authorities \u201cshall have regard to\u201d these matters in carrying out their responsibilities.\nThis raises an important question whether, as proposed, the severely curbed policies in section 4.6 of the PPS 2023 are aligned with the intent and spirit of the Planning Act, where the conservation of features of heritage interest are a \u201cmatter of provincial interest.\u201d\nSection 2 of the Planning Act also identifies other matters of provincial interest relevant to the conservation of cultural heritage and, more broadly, the retention and reuse of older buildings, including:\n(g) minimization of waste; ...\n(q) the promotion of development that is designed to be sustainable, to support public transit and to be oriented to pedestrians;\n(r) the promotion of built form that (i) is well-designed, (ii) encourages a sense of place, and (iii) provides for public spaces that are of high quality, safe, accessible, attractive and vibrant; and\n(s) the mitigation of greenhouse gas emissions and adaptation to a changing climate.\n"
    },
    "91728": {
        "url": "/comment/91728",
        "comment": "On behalf of Haldimand County, I would like to submit the attached report and comments relating to the proposed changes to the Provincial Policy Statement and the Provincial Growth Plan.  Haldimand County has concerns in particular with the following:\n1) The ability for farm parcels to sever 3 residential building lots.  This will significantly alter the agricultural landscape and negatively impact on the lands available for agricultural production. There would be the loss of thousands of acres of valuable land in Haldimand County alone, and hundreds of thousands of acres of land across Ontario.   It will bring a number of new and sensitive uses to the farming community.  There would be an impact to livestock operations and their potential to expand or simply operate without complaints from the residential uses.  Additionally, there will be increased pressures to municipal infrastructure to provide basic services to these rural areas.\n2) Removal of the requirement for a MCR for Settlement Boundary expansions.  This change could again see the potential for a number of developer driven settlement area expansions on agricultural lands.  this could see the reduction of prime agricultural lands and the increase of inefficient urban sprawl. There could be substantial impacts on municipal servicing plans and land supply that exceeds need and population projections.\n3) Removal of intensification targets and residential intensification.  This could also result in additional lands being required to accommodate the projected population targets, thus putting pressure on urban boundary expansion, which in turn, could mean the loss of additional farm land.\n4) Change in the definition of Employment Area. This change will have a limiting effect on municipalities and remove a municipalities ability to consider discretion when evaluation employment uses.  This could result in incompatible land uses or loss of key lands for development.\nAdditional commentary and analysis is included within the attached report.\n"
    },
    "91739": {
        "url": "/comment/91739",
        "comment": "allow the severing off of three (3) lots of land as originally proposed.\nSevering land will provide opportunities for individuals to own their own piece of property, which can be a source of pride and stability for families and communities. Additionally, by creating more opportunities for development, severing land can help to increase the property tax base and create new jobs, which can contribute to the overall economic growth of a region.\n"
    },
    "91741": {
        "url": "/comment/91741",
        "comment": "It has been very saddening to watch entire fields, thousands of acres of farmland, in my hometown dozed over for huge developments. A town where there is one hospital, not enough doctors, clinics, or schools. We are over crowded and our small country town is becoming a city. Gone is the safe feeling of everyone knowing everyone. While these developments are being built, seemingly without issue, long term residents are unable to purchase or build a house in their own neighbourhood. How is it fair that people can move here from all over, but the people that have lived here, worked here, farmed here, for generations can\u2019t keep their families close? They haven\u2019t been able to build a home for their elderly parents, for their children and grandchildren. All the while watching what was once their quiet country town become the exact place they never wanted\u2026a big city.\nFarmers should be allowed to build a second house for their families. Not an in-law suite, a full house for the next generation to live. This should be easier to accomplish than a big development that changes a place so drastically. It should take priority over big developments.\n"
    },
    "91743": {
        "url": "/comment/91743",
        "comment": "Good day.\nAfter hearing the attendees at the meeting in Simcoe there were concerns from farmers with regard to challenges they have encountered with neighbor.\nThe suggestion I have might be a solution.\nAny new land (severed for a house) or when a house in the farming zone is sold and a new owner moves in, a letter of understanding could be drawn up with recommendations by the farmer\u2019s that would prevent the new neighbors from being able to cause any disruption to their farming practices.\nThe neighbor must sign this release first in order to gain an occupancy permit. The neighbor would then have no recourse whatsoever and the farmer is protected.\nThank you.\nBrian\n"
    },
    "91744": {
        "url": "/comment/91744",
        "comment": "I feel there should be middle ground on this issue somewhere, Farmers should be able to severe a lot for a family member to be able to stay close to the farm - with rules, ie: that lot-house can not be resold for a minimum number of years. I don't feel that this should be a blanket open severance for a Land Owner (not all farms are owned by farmers) to severe 3 lots and sell to the highest bidder. Our Urban would no longer be Urban but Cities in the making. How do you expect to feed all these people with no farm land - is it not enough that you have changed the Greenbelt but now making it such that Farm Land can be paved over? Not to mention our farm roads, they are not meant to handle all this extra traffic. Near our Farm, land has been converted into a Trailer Park - the traffic on our country road is brutal and not too many people appreciate the farm machinery on the roads.\n"
    },
    "91753": {
        "url": "/comment/91753",
        "comment": "I strongly object to any proposed changes to existing legislation which would allow the weakening of regulations that protect Ontario's Green Belt, prime agricultural land, wetland habitats and the authority of regional Conservation authorities.\nThere is ample evidence that compromising the integrity of our natural ecosystems will eventually cause their collapse, jeopardizing the health and welfare of all of the province's, and indeed the entire country's population.\nShort term planning that would address the current housing shortages and sacrifice our farmland and natural areas will only cause eventual pressures on air and water quality, and food security for the residents of these overdeveloped areas.\nOnce developed for housing or commercial use, these lands are no longer usable or open to rehabilitation in the future.\nI would urge you to reassess the long-term impacts of weakening these existing regulatory controls, and consider the greater good for future generations.\n"
    },
    "91764": {
        "url": "/comment/91764",
        "comment": "On behalf of the next generation of farmers who would like to raise OUR families on the same farm we were raised on \u2013 we need help from the government to make this possible.\nMy family farm in Oro has a piece of land where an old farm house once stood. If it were still standing today, we could sever the lot no problem. But it is not. So severing is impossible. Although we can build. Which is useless to us unless we can own the 1 acre lot the house once stood on.\nThe only use for the land is to have a house built and lived in but because of your severance laws that is not possible. I have many friends with the same issue. PLEASE listen to the next generation and help us build houses and raise our families on the farms that we're trying to take over.\nThank you.\n"
    },
    "91765": {
        "url": "/comment/91765",
        "comment": "RE: Review of proposed policies adapted from A Place to Grow and Provincial Policy Statement to form a new provincial planning policy instrument (ERO number 019-6813)\nOn behalf of the City of Toronto, we are pleased to submit the City\u2019s comments and recommended revisions to the policy changes contained in the proposed Provincial Planning Statement. We understand that the proposed changes by the Province are made with the intended outcome of improving the lives of Ontarians by increasing housing supply. We commend your efforts in this regard. However, housing supply needs to also include leadership on the delivery of affordable housing and ensure that the livability of the Region is maintained or enhanced.\nAt its meeting of June 14th-15th, 2023, Toronto City Council considered the staff report (Attachments 1 to 2) and adopted the recommendations which address the feedback being requested through the ERO posting. The Decision History (Attachment 3) is enclosed that contains the adopted recommendations, together with the written communications from interested individuals submitted for City Council\u2019s consideration (Attachment 4).\nThe City has concerns with the proposed policy changes and these concerns are articulated in the enclosed Staff Report, in particular the fundamental changes to the growth management framework that has guided development and infrastructure investments across the Greater Golden Horseshoe. The proposed repeal of the Growth Plan would treat the region generally the same as any other part of the Province despite it being home to 70% of Ontarians. Virtually all the foundational policies have been eliminated and the overall policy intent of establishing a regional plan to coordinate planning, resource and infrastructure management efforts has been abandoned.\nIt is our contention that the wholesale changes contained in the proposed Provincial Planning Statement are not necessary or needed, as they would replace the predictability and comprehensiveness of the current system in favour of a system that encourages one-off decision making and increased land-use speculation.\nThe City remains committed to working with the Province and other municipal partners to ensure\nthat the housing needs of our communities are met without compromising agricultural lands, employment areas, the health of the natural environment, and the investments in infrastructure made over the past several decades. City staff welcome the opportunity to work with Provincial staff and other municipal partners to assist in refining the proposed policies as there is a potential that they may not, when operationalized, achieve the intended outcomes.\n"
    },
    "91767": {
        "url": "/comment/91767",
        "comment": "Hello  I have a 25.9 acre farm, I want to be able to sever off a couple of acres for my son and daughter as they cannot afford to buy a house at the current prices!! I'm in Wellington county as you know it's deemed prime agricultural land, I called county office and pretty much got told there would be no way to get land severd off to build houses for my son 28 and daughter 29!  It's really depressing to think my husband and I will have to die and leave inheritance before they can afford a home!!\n  So I'm pleading that when you make new provisions in September for allowing 2 to 3 duelings on farmland that you make it that the land can be   severd off   legally so we can have separate lots and equity.\n  It's so important to make sure our children can obtain financial independence and this is a big step towards their future !!\nI do understand its important to protect farmland however in our case we are a small parcel of land, maybe allow municpalities to make exceptions on smaller parcels of land to be able to sever and not make us part of the greater large farms.\nThankyou\n"
    },
    "91770": {
        "url": "/comment/91770",
        "comment": "Please find attached Conservation Ontario's comments on \u201cReview of proposed policies adapted from A Place to Grow and Provincial Policy Statement to form a new provincial planning policy instrument\u201d (ERO 019-6813). Detailed comments are provided in response to the consultation questions in Attachment 1 to the letter.\nConservation Ontario thanks the Province for the opportunity to provide feedback on this proposal.\n"
    },
    "91771": {
        "url": "/comment/91771",
        "comment": "Regarding agriculture and housing, I support allowing owners of agricultural lands to create additional housing WITHIN their lot boundaries, to provide housing for family members, farm workers, etc. Such housing could also add to the rental stock of an area, without increasing demand for services such as water and sewer systems. Such housing would need to be accommodated with, and limited by, existing or new wells and septic systems. For example, a new dwelling could share an existing well with an existing dwelling, if close by. Most farms are large lots that can easily support a second or third dwelling within the same lot, without exceeding the potential capacity of septic systems, etc. In fact, most farms already deal with large quantities of animal waste that dwarf the inputs from another dwelling or two. Historically, this often happened, that a secondary dwelling could be built for family members, and another for farm workers. Modern land use planning has often restricted such uses, and required severances to create new lots instead. That has had serious implications for farms, with the lots/dwellings being sold, fragmentation of farmland, people moving to the area who are bothered by typical farming practices, etc.\nCreating this housing within the existing farm lot will avoid many of the concerns related to severances, people by unwilling to live near farms, servicing requirements, etc. It could also generate much needed income for farm families, which are often struggling and require off-farm income to get by. This could provide on-farm but non-farming income, which is compatible with continuing farm operations.\nI do not support encouraging severances of agricultural lands to allow for creating new lots for housing, as that contributes to problems such as those referenced to above.\nIn general, I'd like to see continued strong protection for Greenbelt lands, natural habitats, and agricultural lands. Housing needs should be met through increasing density wherever possible. Building more large homes on the outskirts of cities will not solve the housing crisis.\n"
    }
}