{
    "91255": {
        "url": "/comment/91255",
        "comment": "The current Ontario government\u2019s sprawl-friendly agenda spells disaster for nature and farmland, especially in the Greater Golden Horseshoe, one of the largest and fastest growing regions in North America.  My concerns also include the Greenbelt.  I strongly oppose the proposed changes.\nI beseech and plead with the Government of Ontario to retain all PPS and Growth Plan policies designed to curb sprawl and protect farmland and natural areas.\nMy grandchildren will be horribly deprived and suffer the consequences of climate change and other deleterious effects by Ontario's uncaring, greed and profit approach to the care of the environment and the natural well-being of our Province.\n"
    },
    "91256": {
        "url": "/comment/91256",
        "comment": "I agree that protection for a Provincially Significant Employment Zone is needed.\nThe Lake Erie Industrial Park, located in Haldimand County, currently contains several businesses which support employment for Haldimand County and surrounding areas, most immediately, Norfolk County.\nStelco Lake Erie Works is the largest employer in the park. Other businesses in the park are Imperial Oil, an asphalt plant, a soil regeneration operation, Air Products, a potential hydrogen plant, and they all provide jobs.\nThe businesses in the industrial part, in particular Stelco Lake Erie Works, also support other important businesses, such as trucking, and of course, all of these operations provide employment directly. In addition, many of these employees live locally or in surrounding areas and support many smaller businesses.\nThe Lake Erie Industrial Park certainly meets the requirement under this proposal that the industrial use is unsuitable for mixed use areas (i.e. steel manufacturing and houses) and that the park itself with Stelco and the other operations in the park create a provincially significant employment zone. A current proposal to significantly reduce the provincially determined buffer zone around the park to allow a new housing development for 40,000 people next to this heavy industry would threaten this important employment.\nPlease retain the current industrial zone designation on these lands and protect them as a Provincially Significant Employment Zone. Thank you.\n"
    },
    "91257": {
        "url": "/comment/91257",
        "comment": "See comments attached under \"Supporting documents\".\n"
    },
    "91258": {
        "url": "/comment/91258",
        "comment": "I would recommend to reinstate the authority of the local municipality to round-out hamlet boundaries in the greenbelt, that was originally in the 2006 Greenbelt plan, be added to the Proposed Provincial Planning Statement and the housekeeping amendment to the Greenbelt Plan.\nEspecially where the construction of Hwy 407 expropriated large portions of agriculture land in the greenbelt, leaving small, financially unviable agricultural parcels of land adjacent to hamlets. This would enable hamlet growth using physical constraints brought-in by the 407 creating natural de facto hamlet boundaries.\nIn 2016, some municipalities (Clarington), completed and passed, all the public consultations and official plan amendments to round-out hamlets but were delayed in regional bureaucracy for so long that the Provincial 2017 Greenbelt Plan came into effect without including the rounding-out of hamlets making the process a waste of tax payers\u2019 money and resources.  This left green belt farmers adjacent to Hwy 407 with financially unviable lands in zoning limbo.\nAllowing the rounding-out of hamlets adjacent to the 407 in the green belt plan, and the Proposed Provincial Planning Statement would permit farmers whose lands were significantly truncated because of the 407, to expand the hamlet to the physical boundary of the 407, rounding-out the Hamlets\u2019 residential zoning for much needed housing that would also be close to a major highway.\n"
    },
    "91261": {
        "url": "/comment/91261",
        "comment": "The Province has presented a proposed Provincial Planning Statement for review and comment, which is intended to replace the existing Provincial Policy Statement and A Place to Grow: Growth Plan for the Greater Golden Horseshoe. The proposed policy document includes a vision which establishes an intention to support building more homes. However, the Policy Statement has removed minimum density targets, relaxed processes, and requirements for settlement area expansions, and reduces protections for prime agricultural lands, including those lands identified specialty crop area.\nDespite the draft policy document being incomplete, with natural heritage policies still being considered by the Province, the implementation plan indicates fall 2023 for the policies to take effect.\nStaff have concerns that the proposed policies are not adequate to guide appropriate development and land use planning in the Province, do not address the housing crisis, and will lead to development patterns that are unsustainable and will have detrimental effects in the long term.\nRelationship to Strategic Plan\nProvincial policy documents, including the Provincial Policy Statement and A Place to Grow: Growth Plan for the Greater Golden Horseshoe, which are the subject of this report, provide the framework and guidance for creation of growth and development policies at the local level. The Province\u2019s proposal to change these policy documents will necessitate changes to the City\u2019s planning documents (the Official Plan and Zoning By-law) and adversely impact the City\u2019s long-term strategy towards a dynamic, innovative, sustainable and livable community, including provision for economic prosperity, diversity, social well-being, environmental stewardship and organization excellence.\nBackground\nIn Fall 2022, the Province posted a notice to the Environmental Registry of Ontario (ERO) indicating intention to review and combine the Provincial Policy Statement (Policy Statement) and A Place to Grow: Growth Plan for the Greater Golden Horseshoe (Growth Plan) to create a streamlined province-wide land use planning policy framework. The proposed Provincial Planning Statement (Planning Statement), which would replace the existing Policy Statement and Growth Plan, is another step in the Province\u2019s plan to address housing supply in Ontario. The Planning Statement was posted for review (ERO number 019-6813) on April 6, 2023, with the commenting period closing June 5, 2023.\nReport\nCurrent Policy Framework\nLand use planning in Ontario functions within a hierarchy of provincial, regional, and local policies and plans (Appendix 1). Regional and local policy is informed by and must be consistent with provincial policies. The Policy Statement and Growth Plan are key provincial planning documents that guide growth, development, and land use planning in the Province of Ontario.\nThe Policy Statement establishes the policy foundation for development and use of land within the Province. The Policy Statement directs appropriate development, protection of resources, public health and safety and enhancement of the natural and built environment.\nThe Growth Plan designates the boundaries of the City\u2019s Urban Area and establishes policies and direction for the accommodation of growth. It sets out policies encouraging compact, service efficient development, infill and intensification, mixed use, and transit supportive intensification growth corridors and nodes. The Growth Plan establishes minimum housing and employment density targets that must be planned for in the local Official Plan.\nProposed Provincial Planning Statement (Planning Statement)\nThe proposed Planning Statement is a significant shift from the current policy framework. The proposal would result in the revocation of the Growth Plan, one of four existing provincial land use plans, and a plan which establishes policies directing growth, development, and land use within the Greater Golden Horseshoe, one of the fastest growing regions in North America. Rather than a planning document addressing growth in a specific region, the proposed approach involves incorporating some of the policies from the Growth Plan in the proposed Planning Statement, which would apply province wide.\nVision and Objectives\nThe proposal indicates the Planning Statement incorporates policies captured under the following five pillars:\n1.\tGenerate an appropriate housing supply\n2.\tMake land available for development\n3.\tProvide infrastructure to support development\n4.\tBalance housing with resources\n5.\tImplementation\nAbsent from the stated pillars of the proposed streamlined policy framework is any mention of affordability, public health and well-being, climate change adaptation or sustainability. These are of particular interest and concern when the City, along with numerous municipalities in the Province, has declared both a Climate Emergency (2019) and more recently, a Mental Health, Homelessness and Addiction Crisis (April, 2023).\nHousing and Growth\nThe Planning Statement proposes to eliminate minimum density and intensification targets for cities. Instead, local planning authorities are to conduct their own growth forecasting, establish growth targets and have enough land designated in the Official Plan to meet projected needs for at least 25 years. Staff are not concerned with the extension of the time horizon, from the existing requirement of up to 25 years. However, the removal of provincially established growth targets is of concern, as it will lead to variation and inconsistencies in the approach to and accommodation of growth in the Province. The changes could allow valuable land resources to be squandered for low-density, inefficient development patterns in some municipalities that may be resistant to change and the need to use land more efficiently.\nThe Planning Statement indicates any development potential resulting from a Minister\u2019s Zoning Order (MZO) shall be in addition to the projected needs for the planning horizon, established in the official plan. The additional growth is to be incorporated into the official plan at the time of the local planning authority\u2019s next official plan update, however until the update occurs, any resulting development potential would not be considered to contribute to the municipal accommodation of growth. This approach has the potential to skew local growth metrics and create confusion on the progress of the municipality towards accommodating projected growth.\nThe Planning Statement has identified a list of large and fast-growing municipalities, which includes the City of St. Catharines. Large and fast-growing municipalities will be required to identify and focus growth and development in strategic growth areas and identify an appropriate minimum density target. However, density targets for strategic growth areas have been removed from the policies and no policy guidance or direction has been provided in their place. Again, this will lead to inconsistencies and variation in the approach to accommodation of growth in the Province.\nWithout policy and direction from the Province establishing appropriate minimum densities, each local planning authority will be left to undertake significant study and evaluation independently, which is likely to be inconsistent with approaches and outcomes in other areas. Without provincial guidance on growth targets, growth and development will be disproportionate, will create conflicts at municipal boundaries, and compromise achieving the Province\u2019s vision of providing a sufficient supply of housing.\nSettlement Areas\nThe Planning Statement proposes less stringent tests for identification of new settlement areas or allowing a settlement area boundary expansion and would no longer require a municipal comprehensive review for their consideration. As such, they can be considered at any time, and will result in increased pressure on local planning authorities to consider expansions, perhaps most concerningly, without the requirement to evaluate the need or the availability of suitable alternatives. In addition, the policy outlining the considerations for establishment of a settlement area or boundary expansion uses supportive language \u201cshould\u201d rather than the stronger term of \u201cshall\u201d. This will further increase pressures for growth beyond existing settlement area boundaries by weakening the criteria. Of significant concern is the removal of policies that prohibit settlement areas and boundary expansions into specialty crop areas and the natural heritage system (identified in the Greenbelt Plan). These prohibitions exist within the Policy Statement and Growth Plan today. The lack of protection for prime agricultural lands, including speciality crop, as well as natural heritage features, will threaten agricultural lands, resulting in adverse impacts on the agricultural economy and the potential proliferation of sprawling, unsustainable land use patterns.\nEmployment Areas\nIn addition to removing growth targets, the Planning Statement proposes to eliminate employment targets and to no longer require a municipal comprehensive review to consider removal of lands from an employment area. The Planning Statement proposes a new definition of employment areas, which places more focus on uses that cannot locate in other zones, such as heavy industrial, manufacturing, and warehousing. Retail and office uses would now be prohibited in an employment area, unless associated with the primary employment use. Similar to the approach with settlement areas and boundary expansions, the removal of the municipal comprehensive review will mean that conversion or removal of land from the employment area can occur at any time.\nThe policies for major office and major institutional are proposed to now include supportive language \u201cshould\u201d rather than the stronger term \u201cwill\u201d. Where the policies currently require that major office and major institutional uses will be directed to urban growth centres, major transit station areas or other strategic growth areas, the proposed policies state these uses should be directed to major transit station areas or other strategic growth centres. This could lead to more employment sprawl, in addition to housing sprawl.\nNatural Heritage\nThe Planning Statement posted for review does not include any natural heritage policies. Within the section of the document intended to address natural heritage, it is noted that the policies and associated definitions remain under consideration by the Province. The document indicates the proposed policies will be made available for review and comment under a separate ERO posting, however no anticipated date or timeline has been provided.\nThe absence of these policies from the published draft presents a challenge for review, as the policy document clearly states that the document is to be read in its entirety. The exclusion of these policies limits the ability for staff to review, interpret, and communicate a complete set of comments to Council, the public or the Province, when an entire section of policy is absent.\nAgriculture\nThe Planning Statement also proposes a significant change within prime agricultural areas (outside of specialty crop areas), where up to three new residential lots may be created from a parcel of land that existed on January 1, 2023. There are criteria that need to be achieved for the lots to be created, but the policy prevents local planning authorities from establishing more restrictive provisions than those outlined in the Planning Statement, except to address public health or safety concerns. The introduction of new residential lots in prime agricultural areas will affect the ability of farms to expand their operations, as they will have to maintain minimum distance separation from adjacent residential dwellings. Policies that have discouraged residential lot creation within prime agricultural were implemented to protect agricultural land for agricultural uses. This change in policy direction reduces those protections and will result in significant impacts to the agricultural industry.\nHeritage\nThe Policy Statement requires that significant built heritage resources and cultural heritage landscapes be conserved, which could refer to properties that are listed or designated under the Ontario Heritage Act. The Planning Statement proposes use of the term \u201cprotected\u201d in place of \u201csignificant\u201d, referring to designated properties, properties with a heritage conservation easement, properties identified by the province, properties with known archaeological resources (covered under Part VI of the Ontario Heritage Act), properties protected under federal legislation and UNESCO World Heritage Sites. While the list of possible ways that a property may be considered \u201cprotected\u201d appears to have been expanded, it actually refers to far fewer properties than the Policy Statement. This is because of the omission of properties on Heritage Registers, which have not been designated. These properties will lose their status at the end of 2024 unless they are designated.\nAs such, in St. Catharines, the approximately 150 properties that are currently on the City\u2019s Heritage Register would not be covered by the language used by the proposed Planning Statement unless those properties are individually designated before 2024 or designated as part of the Downtown Heritage Conservation District Study that will begin in 2023.\nDefinitions\nThe Planning Statement includes amendments to various defined terms from both the Policy Statement and Growth Plan. The term \u201caffordable\u201d is currently defined in both the Policy Statement and Growth Plan. The proposed Planning Statement has removed the term in its entirety. Further, recent amendments to the Planning Act have made reference to both affordable and attainable dwelling units. The proposed Planning Statement does not include a definition for the term \u201cattainable\u201d.\nStaff are concerned that the amended definition of \u201chousing options\u201d introduces housing for identified individuals, which may violate human rights and contradict the long-accepted understanding that land use planning is intended to establish how land may be used and not who can use it. For example, the amended definition expands on housing arrangements and is proposed to include student housing, multi-generational housing, and culturally appropriate housing, amongst others. While staff are supportive of providing housing for all, the inclusion of language that identifies specific individuals or groups could be implemented contrary to the spirit and intent and misused to exclude specified individuals or groups from access to residential units.\nThere are also various environmental terms, such as \u201cthreatened species\u201d, \u201cvalleylands\u201d, \u201cwetlands\u201d, \u201cwoodlands\u201d, and \u201cwildlife habitat\u201d, and many others that are not included in the list of defined terms but are currently defined in the Policy Statement and / or Growth Plan. As the natural heritage policies and definitions have not yet been released for review, it is unclear if all of these definitions will be published at that time or if they are proposed to be removed as defined terms in the Planning Statement.\nImplementation\nAs part of the ERO post (019-6813), the Province has included a document outlining an approach to implementation of the proposed Planning Statement. The document indicates a plan to release final policies for a brief review period, allowing for planning authorities to understand the new policies and plan for implementation before the policies take effect, which is anticipated for fall 2023.\nThe proposed implementation strategy indicates planning authorities can continue to update their official plans on their ordinary review cycle (every five years, in accordance with the Planning Act, or ten years after a new OP), to implement the new policies. The City has not completed a review of the Official Plan since its adoption in 2012 and is due to conduct the required 10-year review, in accordance with the Planning Act. With the anticipated introduction of new provincial policy, as well as the recent approval of the Niagara Region Official Plan (November 2022), review of the Garden City Plan should be anticipated as part of the 2024 work plan.\nWhile local planning authorities may continue to update their official plans on their ordinary review cycle, the Province has noted that time sensitive official plan amendments will be required to align with the new definition of \u201cArea of Employment\u201d. These official plan amendments will be required to authorize site specific permission for any existing uses that do not align with the new definition (if approved). This will trigger review of employment sites within the City and preparation of an Official Plan Amendment, if necessary, prior to the Planning Statement taking effect (targeted fall 2023). This official plan amendment was not anticipated as part of the 2023 work plan and will cause delays for other projects.\nAs the proposed Planning Statement would replace the existing Policy Statement and Growth Plan, the implementation document indicates that the Growth Plan may be revoked. The Province indicates that an amendment is being proposed to the Greenbelt Plan that would allow existing policies from the Growth Plan and Policy Statement to continue to apply in cases where the Greenbelt Plan refers to them. Staff are unclear how specific policies from these plans can continue once the documents have been revoked.\nThe proposed Planning Statement includes significant policy changes that will take time for local planning authorities to understand. The timeline for implementation is extremely limited and is anticipated to result in significant impact to local planning authority work plans and staff resources.\nFinancial Implications\nThere are no financial implications associated with this report. However, it should be noted that the policy direction proposed by the Province creates opportunity for increased sprawl which is a more costly, unsustainable form of development, which will result in long term financial implications for the City, Region, and Province.\nEnvironmental Sustainability Implications\nThere are no environmental sustainability implications associated with this report. However, as the proposed natural heritage policies have not yet been published for review, any potential impacts resulting from those policies are not yet known.\nIt should also be noted that the proposed policies weaken protections for prime agricultural lands, and create opportunities for new and expanded settlement areas, including within lands identified as specialty crop area. If the proposed Planning Statement is approved as proposed, there will be significant and generational impact to where and how growth occurs, resulting in increased sprawl, loss of agricultural lands, and settlement patterns that are not sustainable.\nOperational Implications\nThere are no operational implications associated with this report.\nConclusion\nThe City has declared both a climate emergency and a mental health, homelessness and addictions crisis. These, along with housing availability and affordability challenges, are being experienced within the City, Region, and Province. Land use planning plays a critical role in determining how a community functions, grows, and supports its citizens. Provincial land use policy establishes the vision and goals for land use planning in the province, as all regional and local planning policy must be consistent with provincial policy. As a provincial planning policy document, the proposed Planning Statement is an important tool that determines how we use, develop, protect, and enjoy land for decades to come. The policies outlined in the proposed Planning Statement fail to provide the strong foundation required to address the significant challenges facing our community and communities throughout the province.\nThe proposed Planning Statement eliminates growth targets and places the responsibility on municipalities to establish their own growth targets. Not only does this result in a loss in guidance for municipalities, but it will result in a loss in overall vision, direction, and consistency within the Province as a whole. With such an emphasis on increased housing supply and the importance of providing housing for all, eliminating minimum growth and density targets is inconsistent with the intention of the Planning Statement.\nThe Planning Statement proposes amendments that deviate from best practices, weakening support for growth and intensification within existing built-up areas, eliminating protections of agricultural lands, and creating opportunities for inconsistencies in accommodating and planning for growth.\nThe Province has an opportunity to review, amend, and implement policies to address the many significant challenges facing our communities. The proposed Planning Statement will create additional challenges for local planning authorities and result in long term negative impacts for our community and environment.\n"
    },
    "91267": {
        "url": "/comment/91267",
        "comment": "Thank you for the opportunity to provide input with respect to the proposed Provincial Planning Statement (draft PPS). Halton Region welcomes the opportunity to participate in the Government of Ontario\u2019s request for comment on this initiative.\nRegional Council approved Staff Report \u201cLPS43-23 - Halton Region\u2019s response to Bill 97: Helping Homebuyers, Protecting Tenants Act, 2023 and the Draft New Provincial Planning Statement (2023)\u201d (attached). The Report represents Halton\u2019s comments on the draft PPS.\nBroadly speaking, it is Halton\u2019s view that  if  passed as it currently stands, the draft PPS 2023 would make it more difficult to fulfill important community objectives like supporting housing supply coordinated with infrastructure, protecting the environment, protecting agriculture, addressing climate change and protecting employment lands. More detail is provided in the comments included in the Staff Report.\nWe would be pleased to set up a meeting to discuss any aspect of our submission at your convenience.\n"
    },
    "91268": {
        "url": "/comment/91268",
        "comment": "As noted by Ontario\u2019s Housing Affordability Task Force in 2022, a shortage of land is not the cause of the housing shortage:\n\"Land\u202fis available, both inside the existing built-up areas and\u202fon undeveloped land outside greenbelts. \u2026 Most of the solution must come from densification. Greenbelts and other environmentally sensitive areas must be protected, and farms provide food and food security. Relying too heavily on undeveloped land would whittle away too much of the already small share of land devoted to agriculture.\u201d (p.10)\nThere are other options to address housing that does not reduce food security and our ability to respond to climate change. These areas should be protected and these new policies pose a significant risk to these areas.\n"
    },
    "91269": {
        "url": "/comment/91269",
        "comment": "We do not support the building of homes on farmland or wetland. The government's proposed changes are short-sighted and will permanently remove much-needed and precious farmland and wetlands from our province. This will effect our health, our environment and our food security. The rural municipality I live in is very concerned and cannot tell us if the wetland/farmland around us will be safe under these new plans. We want to see you work with municipalities, farmers and environmentalists to get this right. Use existing land and infrastructure. Repurpose empty office towers. The options are out there.\n"
    },
    "91271": {
        "url": "/comment/91271",
        "comment": "Municipalities have identified enough land to build more than enough housing without taking over the green belt or family farms\nWe don't need any more sprawl than we already have.\nWe don't need any more luxury houses.\nWe need affordable housing in cities.\nThe path the legislation is taking the province is wrong.\n"
    },
    "91272": {
        "url": "/comment/91272",
        "comment": "I am not very pleased with any changes that aim to destroy the greenbelt and important farm land in such a random process. It is very obvious the government is supporting developers without any concern for the environment whatsoever. Mentioning that you are finding land to \"replace\" what is taken is not true since the majority of the replacement areas were already designated by municipalities as areas that cannot be developed.\nI live in a condo with a serious concentration of population to minimize environmental impact. I also grew up on a farm that thankfully still exists, however city growth is only 3km away. Will the next generation have any land left for food production without very careful and concentrated growth?\n"
    },
    "91273": {
        "url": "/comment/91273",
        "comment": "High Park Nature strongly opposes the proposed changes to the Provincial Policy Statement, 2022 (PPS) and the Growth Plan for the Greater Golden Horseshoe (Growth Plan).\nIn 2022 the Housing Affordability Task Force found that there is already more than enough land designated for development in Ontario.  The farmland and natural areas in our province must be protected.  The PPS and Growth Plan policies are designed to curb sprawl and protect these lands.  The proposed policy changes would accelerate their loss and weaken policies that address climate change.\nWe appreciate the need for more housing in our province, but the proposed policy changes would be a huge mistake.  We ask the Government of Ontario to listen to the experts, and to do the right thing for our province, by retaining PPS and Growth Plan policies designed to curb sprawl, protect farmland and natural areas.\nSincerely,\nDiana Turchin and Karen Yukich,\nHigh Park Nature\n"
    },
    "91274": {
        "url": "/comment/91274",
        "comment": "Leave farmland and green belts alone!!! Let's be realistic...there will not be any \"affordable\" housing built on the sprawl it will be just more of the same expensive suburb like we already have. We need to give up this insane idea of single family homes with private lots.\nMake municipalities infill. Allow multiple family dwellings and low rise buildings to be developed in previously \"off limits\" neighbourhoods. Cities allow monster homes in suburbs so why not multiple family buildings.\nWe need farmland. If we build over it there is no going back. Do NOT allow more sprawl. We've already thoughtlessly destroyed too much valuable farmland.\nThe greenbelt is a generational inheritance we MUST protect it. It's not a \"nice to have\", it's a necessity.\nWe have to think of new ways to create places for people to live and not carry on with old destructive habits. Those old habits just make money for a few developers and don't benefit any of the rest of us.\n"
    },
    "91275": {
        "url": "/comment/91275",
        "comment": "Toronto was one of the first cities to be certified as a Bird Friendly City by Nature Canada.  The program was created to encourage cities to become better, safer places for birds.  Bird populations are in steep decline and one of the major causes is loss of habitat.\nThe Bird Friendly City Toronto team strongly opposes the proposed changes to the Provincial Policy Statement, 2022 (PPS) and the Growth Plan for the Greater Golden Horseshoe (Growth Plan).\nIn 2022 the Housing Affordability Task Force found that there is already more than enough land designated for development in Ontario.  The farmland and natural areas in our province must be protected.  The PPS and Growth Plan policies are designed to curb sprawl and protect these lands.  The proposed policy changes would accelerate their loss and weaken policies that address climate change.\nWe appreciate the need for more housing in our province, but the proposed policy changes would be a huge mistake.  We ask the Government of Ontario to listen to the experts, and to do the right thing for our province, by retaining PPS and Growth Plan policies designed to curb sprawl, protect farmland and natural areas.\nSincerely,\nDiana Turchin,\nBird Friendly City Toronto\n"
    },
    "91276": {
        "url": "/comment/91276",
        "comment": "Thank you for the opportunity to provide comments on the proposed Provincial Planning Statement . The Town of Halton Hills\u2019 comments are attached and summarized below.\nSummary of Key Concerns:\n\u2022\tKey comments that staff wish to highlight regarding the sweeping changes proposed through Bill 97 and the proposed Provincial Planning Statement include the following:\n\u2022\tOverall, the changes proposed through the draft Provincial Planning Statement and Bill 97 appear to be heading back to the planning regime as it existed prior to introduction of the Growth Plan for the Greater Golden Horseshoe in 2006, wherein there were limited growth management targets and requirements for the municipalities within the GGH.\n\u2022\tWith respect to Site Plan Control for 10 or fewer units, staff believe that the regulations should be extended more broadly to apply to all parcels proposed for multi-unit residential developments, to ensure that health, safety and accessibility considerations are addressed.\n\u2022\tStaff does not support the proposed change to allow for appeals to an Interim Control By-law at the time of initial passing rather than only at the time of extension as this creates an unnecessary burden on municipalities and the OLT and increases the possibility that land uses that are contrary to the public interest are established.\n\u2022\tStaff have significant concerns with the proposed changes regarding Employment Areas. Staff believe that prohibiting institutional and commercial uses is not in keeping with the proposed PPS goal of supporting a modern economy, and that it will require that employment areas in the Town, such as the Premier Gateway Employment Area, to be stripped of existing institutional and commercial land use permissions.\n\u2022\tStaff have concerns that overarching growth forecasts post 2051 will no longer be prepared by the Province, requiring individual municipalities to ultimately carry out population and employment forecasting on their own. This creates considerable uncertainty for local municipalities regarding the preparation of longer-term growth forecasts.\n\u2022\tWith respect to settlement area boundary expansions, the proposed changes are of concern to staff. Allowing applications for urban boundary expansion at any time will create a lack of stability with respect to a municipality\u2019s urban boundary and in the case of Halton Hills, given the extent of lands approved for future growth to 2051, this policy provision could lead to premature applications to expand the Town\u2019s urban boundary.\n\u2022\tStaff are of the opinion that the proposed changes related to development within prime agricultural areas are significant and could have long term implications to the Town\u2019s agricultural land base.\n\u2022\tStaff have significant concerns with the proposed change to allow new applications for rural lot subdivisions outside of settlement areas.\n\u2022\tStaff have significant concerns with the removal of the definition and references to \u201caffordable housing\u201d from the proposed PPS and strongly recommends that the Province re-introduce the existing definition, policy framework and requirements with respect to affordable housing in Ontario.\n\u2022\tAs it relates to the climate change policies of the draft PPS, staff recommend that the existing Growth Plan and PPS 2020 policies regarding climate change remain.\nTransportation\n\u2022\tStaff question the removal of the term \u201cpersons with disabilities\u201d through the document. It is important to recognize that the term \u2018persons with disabilities\u2019 is used in the Accessibility for Ontarians with Disabilities Act and the Planning Act. Many of the Town\u2019s transportation infrastructure is based on providing accessibility for \u201cpersons with disabilities\u201d. Staff suggest that the term continue to be used in the new PPS to ensure alignment with the AODA.\n\u2022\tStaff disagree with the removal of section 2.1.4 (g). It is crucial for the Town that the necessary infrastructure and public service facilities are/ will be available to meet current and projected needs. This is an important component when planning any type of housing. Town staff request to keep this policy in the new PPS.\n\u2022\tIt is vital to recognize the importance of transit to support complete communities and high-density areas. Staff disagree with the removal of \u201cand transit in areas where it exists or is to be developed\u201d and recommend including \u201cand transit as appropriate\u201d at the end of Section 2.2.(C).\n\u2022\tTown staff support the proposed amendment under Section 2.4.2 which allows municipalities that are not in the list of Fast and Growing Municipalities to continue to delineate MTSA boundaries and establish minimum density targets.\nWater/wastewater infrastructure\n\u2022\tStaff understand that Section 3.6.1 b) is consistent with the new Complete Linear Infrastructure Environment Compliance Approval (CLI ECA) process. However, with the removal of site plan control requirements for most projects with fewer than 10 residential units, there are no tools to ensure that these requirements are met for those types of proposals. Staff recommends that consideration is given to incorporating appropriate tools for municipalities to ensure that these requirements are met for all development proposals.\n\u2022\tIt is anticipated that the Town will not be able to implement Source Water Protection policies as per Section 3.6.1 f) when dealing with as-of-right developments i.e., up to two additional residential units or fewer than ten residential units which are exempted from Site Plan Control. A different mechanism to implement these policies, e.g., through the OBC, is potentially needed. In addition, the Region of Halton is currently responsible for implementing source water protection with the exemption of the implementation of salt management plan and water balance. Neither of these processes are considered under a building permit.\n\u2022\tQuestions remain on the role of the Region in administering some of these processes i.e. Source Water Protection, Communal sewer systems, etc. if the role of the Region is to be transferred to the Town, additional resources such as technical expertise will be required in order to meet the Provincial requirements in the new PPS.\n\u2022\tClarification is required regarding policy 3.6.8. Particularly Policy 3.6.8 g) indicates that planning for stormwater management shall align with any comprehensive municipal plans for stormwater management that consider cumulative impacts to stormwater from development on a watershed scale. Additional information is required to assess what is excepted from the local municipalities to satisfy this requirement.\n"
    },
    "91279": {
        "url": "/comment/91279",
        "comment": "I would like to comment on the proposals within bill 97 which will impact our farmland for generations to come. Just as climate change is making agriculture more and more difficult, and we have more people to feed, the Ontario government's proposed changes will ensure that farm's grow houses, and without densification rules the land could be sold for luxury homes on a huge lot. We need food. Our farmer's deserve our support, and to be paid well for the services they provide, sequestering carbon for regenerative agriculture, wetlands that they allow to thrive, hedgerows, and of course for feeding the people of Ontario. Please reconsider this proposal as it's only benefit falls to greedy land developer's aka \"Friends and supporters of Doug Ford\".\n"
    },
    "91281": {
        "url": "/comment/91281",
        "comment": "The Provincial government needs to work together with all levels of government and civil society. We are in a \"Code Red\" for humanity and we need a climate action plan that includes:\n- Set binding climate targets based on science and justice consistent with global efforts to limit planetary warming to 1.5C.\n-Prioritize and respect Indigenous sovereignty and autonomy.\n- End all fossil fuel subsidies immediately and rapidly wind down all fossil fuel use.\n- Prioritize public health, as the climate crisis is our single greatest health crisis.\n- Accelerate the transition to zero emission buildings.\n- Accelerate the transition to zero emissions transportation and ensure ongoing sustainable community development.\n- Urgently protect natural biodiversity.\n- invest in local, regenerative agriculture and plant-rich food systems. Support farmers.\n- Institute a broad public education campaign, as we all the right to know what's at stake.\n- Reinstate an independent office of the Environmental Commissioner.\n- Revoke Bill 23.\n- Build affordable housing, in areas where people want to live.\n"
    }
}