{
    "83633": {
        "url": "/comment/83633",
        "comment": "Agree with\n* Housing density around major transit lines - add increased minimum percentage\n* homes on farmland for workers - add net-zero builds\n* mandatory mixed housing - add % specifics so that higher density housing has greater proportion\n* requirement that municipalities address homelessness and affordability plans - remove \u2018local needs\u2019 as every municipality must be providing subsidized and transitional housing to prevent relocation of homeless out of their own community\n* protection of water resources and water shed - remove \u2018encourage\u2019 and make requirement\nDisagree with\n* municipalities not having to explain expansion - dangerous precedent without firm parameters\n* making mandatory housing density for development an \u2018encouragement\u2019 - must remain mandatory to prevent developers sticking with single dwelling units\n* allowing municipalities flexibility for rural development -  should be farmland excluded\n* encourage municipalities to preserve employment areas close to goods movement corridors\u2019 - should be a requirement\n* protection of resources - remove new petroleum industry and resources\nInclude\n* higher mandatory housing density for an development\n* net-zero requirements for all new builds, private and public\n* provide more requirements for all  municipalities to address homelessness and affordability so that the latter can remain in their own community if they so wish\n* province will support infrastructure to facilitate seamlessness of efficient and effective transit between regions\n* province will provide funding for more university and college satellite sites in upper GTA such as Newmarket, Uxbridge or Bradford\n* province will commit to increasing funding of clean green energy (solar, wind, wave not gas)  to electricity grid to support demand in growing municipalities and provide incentives to municipalities/ regions  for specialized areas of development in this regard\n* province will provide future funding for more clean energy storage facilities to meet demand on grid\n* province will end moratorium on offshore wind and wave options for clean energy whereby these options can produce 80% of Ontario\u2019s energy needs and meet climate and health modelling targets\n"
    },
    "83637": {
        "url": "/comment/83637",
        "comment": "The following proposals will facilitate unnecessary urban sprawl, further fragment agricultural areas making it more difficult for farmers to operate, and put further pressure on natural areas at a time when we need to be protecting them for carbon sequestration and water resource management purposes.\nThese policies should NOT be approved:\n-Provide flexibility for municipalities to allow for more residential development in rural settlements and multi-lot residential development on rural lands, including more servicing flexibility (e.g., leveraging capacity in the private sector servicing\n-Require municipalities to permit more housing on farms, including residential lot creation subject to criteria, additional residential units and housing for farm workers\n-Provide a simplified and flexible approach for municipalities to undertake settlement area boundary expansions. Municipalities would be allowed to create new Settlement Areas and would not be required to demonstrate the need for expansion\n-Require municipalities to designate specialty crop areas and prime agricultural areas, eliminating the requirement to use the provincially-mapped Agricultural System\nAnd, there is broad use of the term \"encourage\" throughout the document rather than \"require\".  In short, the province suggests municipalities do the right thing in land use planning, but doesn't require them to.  The word \"encourage\" SHOULD BE CHANGED to \"require\" or \"shall\" statements.\n"
    },
    "83694": {
        "url": "/comment/83694",
        "comment": "This is a good step forward, curious to see how it affects the eastern Ontario municipalities that tend to see extreme pushback from residents and council members who undermine the housing projects, they make it difficult to develop housing in city centres and adjacent to major transit nodes.\nthis government could consider ideas that put a hard stop on review deadlines.\nOne of the biggest hurdles to getting new units to the end user is the amount of review time, the time agencies take to get feedback to developers/ applicants on applications is one of the biggest up hill battles to getting projects approved in timely manners.\nshould municipalities be more aware of the way delays affect housing affordability?\n"
    },
    "83702": {
        "url": "/comment/83702",
        "comment": "I am concerned with the lack of natural heritage portions in the new proposed PPS. Will there be an official release of the natural heritage section? When will this be?\nI am confused at the relaxing of rules surrounding urban boundary expansions, last year Ontario municipalities went through a municipal comprehensive review, most municipalities found that there was sufficient urban lands to support the housing supply projected to 2050. We should focus on developing the already available urban land supply rather than expanding urban boundaries into surrounding countryside.\n"
    },
    "83703": {
        "url": "/comment/83703",
        "comment": "I appreciate the consideration of updating the Provincial Policy Statement.\nAs the owner of one of the largest development consulting firms (Planning, Architecture and Engineering) in Ontario, we have seen a number of unnecessary development hurdles over the years.\nA few suggestions:\n1.  In Rural jurisdictions, there needs to be more flexibility for development on partial services.  A number of large commercial and industrial developments have been held up on properly zoned commercial/industrial sites due to lack of sanitary sewers.  These properties could be easily subdivided and developed (with proper zoning) but the County will not let them be subdivided on partial services due to the existing PPS.  This creates large islands of properly zoned, developable land with no sanitary services (but all other services).  Waterloo Biofilter systems has  developed advanced septic systems which completely eliminate the risk of development on these systems.  It's also far more economical than extending the sewers in most cases.\n2.  In Rural jurisdictions there needs to be more onus on Municipalities' to provide sanitary capacity within settlement boundaries.  We have had several residential developments delayed by years due to lack of foresight and investment by the Municipalities ultimately leading to lack of capacity in their systems.  Although these Municipalities are working with the developers, the process of increasing capacity through Municipal Class EA's needs to be streamlined.\n3.  We have had some large developments proposed but due to town boundaries, two municipalities need to cooperate on servicing or outright refuse to provide sanitary services to a development on their border.  There needs to be a formalized way for these developments to proceed.\n4.  We have had a number of properties that are zoned commercial, where we have proposed a mixed use development with commercial on the main floor and residential above.  Unfortunately some Municipalities see this as an opportunity to request Official Plan Amendments which significantly delays the development of large mixed use projects.  It would be very helpful if OPA's were not required for residential development above the zoned use.  There should be a preference for density in urban areas.\n5.  It would be helpful if Conservation Authorities were less involved in development proposals and this responsibility was given to the Municipalities to oversee (ie. Storm water management etc.).  We have had a number of developments held up due to lack of response from Conservation Authorities.\nThanks for your consideration.\n"
    },
    "83714": {
        "url": "/comment/83714",
        "comment": "Some comments based on the proposed changes to the Plamning Act PPS and GPGGH.\n\"Require municipalities to permit more housing on farms, including residential lot creation subject to criteria, additional residential units and housing for farm workers\"\nUnless this is specific to allowing more housing on a single existing lot(ie to allow children of parents to build a home on their parents property) this policy could end up resulting in landowners severing a lot as a \"surplus farm dwelling \" only to then have them turn around and apply to build a house on the retained vacant farm parcel. This will cause fragmentation of farm land and is the reason why rezoning the retained land as Agricultural Purposes Only(APO) is used.\n\"Provide flexibility for municipalities to allow for more residential development in rural settlements and multi-lot residential development on rural lands,.....\"\nI find this ironic because it is the Province who has restricted residential development in some rural settlements areas  because a rural highway runs through the rural settlement area(s). Perhaps look at this because your MTO restrictions cause issues too.\nAnd if you start allowing more development on rural lands(aka sprawl), I sure hope this is in areas that have poor soil quality unsuitable to agriculture and not near wetlands and ASNI and provincially Significant Woodlands.  Many rural areas have no municipal water and waste water infrastructure and have nome to very poor public transit service. This policy about more building in rural areas(excluding already established rural settlement areas) further emphasizes car use.\n\"Require municipalities to align land use planning policies with housing policies, including addressing homelessness and facilitating development of a full range of housing options and affordability levels to meet local needs.\"\nWhere exactly do you expect municipalities to find the money to build more social housing? They want more housing types but they have to be within the exisitng urban boundary to keep infrastructure costs down. This is a federal and provincial responsibility that has been dropped onto municipal governments who are already struggling to try and keep taxes reasonable for their constituents while trying to deal with already crumbling infrastructure. You've already removed their ability to charge development fees in some circumstances and now require refunding of application fees if they don't meet strict timelines. Municipalities cannot run a deficit. The province and the federal governments need to get back into building purpose built rentals.\n\"Provide a simplified and flexible approach for municipalities to undertake settlement area boundary expansions. Municipalities would be allowed to create new Settlement Areas and would not be required to demonstrate the need for expansion\".\nWhile I agree with making things more flexible, instead of not needing to demonstrate need for expansion, have them be able to request it at anytime, not just during OP reviews, but still have them need to justify the need.\n\"Require municipalities to plan for stormwater management, water and wastewater infrastructure, and waste management systems to accommodate growth \"\nPretty sure this already happens.  But it is a proven fact that expansion is a giant pyramid scheme that doesn't pay for itself. The province needs to encourage infill development and more mixed use within the current boundaries first, with upgrades to existing infrastructure to support those uses already existing.\n\"Require municipalities to designate specialty crop areas and prime agricultural areas, eliminating the requirement to use the provincially-mapped Agricultural System\".\nThis will require the municipalities to have to hire experts in this field of work and result in inconsistencies throughout the Province.   Again, dumping a provincial responsibility onto already cash strapped municipalities. The Provincial mapping system is important.\n\"Require municipalities to\u00a0protect specialty crop areas and maintain minimum separation distances\u00a0between livestock operations and houses, and promote an agricultural systems approach to support the agri-food network\"\nThis is already a thing. MDS 1 and 2?  Agrisuite? Nutrient management plans for farmers.  People can apply for a ZBA for reduced MDS, both a farmer or a regular home owner.\n"
    },
    "83719": {
        "url": "/comment/83719",
        "comment": "Morning,\nThank you for opening this portal again to allow for questions and comments.\nWe are land owners in the Niagara Region. Our land has not been farmed for decades. We are on the same street as the urban boundary. Our services include, gas, hydro and city water. Sewers have been proposed due to an adjacent subdivision being developed. The subdivision was proposed in 2010. The red tape as placed a 13 year hold on the development even thou the land is on the primary plan for development. These types of delays is exactly why we need Bill 97 to move forward. Our ask is to allow for land owners in similar situations like ours to be rezoned to allow for development.\n"
    },
    "83723": {
        "url": "/comment/83723",
        "comment": "Aanii/Bonjour:\nThe expansion of a municipal boundary, without the official Consent of any First Nation impacted by such an expansion, is a violation of the Crown's Duty to Consult and is a breach of the Honour of the Crown.\nFailure to obtain official Consent will undoubtedly lead to litigation.  Anyone believing that they legally \"purchased\" a parcel of land or edifice within an illegally expanded municipal boundary risks finding themselves dispossessed through the courts.\nThe uncertainty this creates for Ontario homebuilders and homebuyers is not acceptable.  Secure official Consent from impacted treaty-holding First Nations first, in order to mitigate this risk and to avoid costly legal battles.\nMiigwetch/merci.\n"
    },
    "83774": {
        "url": "/comment/83774",
        "comment": "I think the Province should strongly reconsider opening the door to non-farm lot creation in prime agricultural areas. This practice was utilized pre-1990 for \"retirement lots\" for farmers which has proved to only be problematic and a nightmare for farmers looking to expand livestock facilities, and create issues with land use combability. There was a reason this was eliminated as it has already proven to not work. Once these lots are created, it is never undone. Continue on with allowing additional dwelling units on farms, in close proximity to the other dwellings to minimize land use compatibility issues.\nInstead, focus on setting a maximum lot area for which a lot could qualify for severance. For instance, there are several 2-10 acre parcels on which farming is not a land use at all, and there is effectively 9 acres of grass, but current policy framework would not allow these lands to be divided. A 100 acre farm should not be further fragmented. Focus on what is already existing and not already a viable farm operation. It is not taking any land out of production and the MDS impacts are already there.\n"
    },
    "83785": {
        "url": "/comment/83785",
        "comment": "Firstly, for the sake of all Ontario residents and its future residents, do NOT allow development on the Greenbelt. This is one of the most precious resources we have in all of Canada, which needs to be protected.  We need these lands to stay green, both for people and animals, to sustain biodiversity.\nSecondly, Ontario residents and its future residents need to eat.  Do NOT develop on lands zoned as agricultural.  Keep farm lands for farming, such that we can continue to feed our growing population. Help famers out financially, and keep encouraging them to farm, instead of taking their land away.\nThirdly, limit developments to infill, and existing sites within municipal boundaries.\nThis proposal is missing development strategies on \"smart growth\", which should include: 'conservation strategies that help protect our health and natural environment and make our communities more attractive, economically stronger, and more socially diverse'.  The problem of bad development practices was already identified back over 20 years ago, approximately the same time the Greenbelt Act was passed - refer to the link below.\n"
    },
    "83788": {
        "url": "/comment/83788",
        "comment": "As a farmer, I applaud the proposal to allow additional houses to be built on the farm to support multigenerational families. Housing prices are incredibly high and availability is not abundant. If we could build a second house on our farm it would allow for both my husband and I, and our son and his wife, to stay living on the farm on which we all work for many many years to come.\n"
    },
    "83791": {
        "url": "/comment/83791",
        "comment": "This proposal encourages 1950\"s sprawl - it is encourages cutting in to our green spaces further impacting the environment, waterways and endangered species.  The decrease in density will allow for municipalities (and the provincial government) to push for housing outside of existing infrastructure, create a culture of NIMBY (not in my backyard) and will further remove responsibility on creating housing for our most vulnerable and entry to housing market buyers.  McMansions will continue to appear resulting in multigenerational living in houses not designed for it - watch for further paving of front yards to accommodate vehicles impacting removal of snow and drainage of water.\nThis is a step back, not a step forward.\n"
    },
    "83814": {
        "url": "/comment/83814",
        "comment": "As a young male living in Waterloo Region, specifically Elmira, Im happy to see the provincial government is actually doing something to help remedy the obvious housing crisis thats occurring in our region.\nHousing is practically unattainable for the young, and our Region, cities, and townships  make new residential developments and expansions painfully slow. The ones opposed to change are largely the ageing population, and current politicians.  They don\u2019t speak for everyone, they\u2019re worried about themselves.  The two tier system in Waterloo Region is redundant and causes obvious duplication.  Everything our provincial government is trying to get rid of. As the future of this region, I can clearly see the benefit of amalgamating this region.  It obvious to most\n"
    },
    "83907": {
        "url": "/comment/83907",
        "comment": "Supportive of the Rural Growth proposed changes.\nI would suggest a maximum lot creation in the agricultural areas to minimize impacts on farm land.\n1 acre lot or the equivalent metric size is sufficient even on Private services.\nAnother mandatory component would be tertiary waste water treatment system or higher for rural lot creation.\nAlso for rural lot creation, private wells have casing for the entire depth as to not create \u201cpaths\u201d between different aquifers\n"
    },
    "83915": {
        "url": "/comment/83915",
        "comment": "Absolutely unsupportive of this mess. The Growth Plan is a key land use planning document that has specified density targets that requires intensification, a key tool to impact climate change, improve community scale development and limit urban sprawl. The proposal to remove affordable housing from the PPS is another demonstration of how the government is intertwined with the development industry, catering to their whims and not focusing on the public interests. Where are the planners standing up for public interest here?\nContinual changes to the planning framework impact municipalities and their ability to actually get things on the ground built.\n"
    },
    "83943": {
        "url": "/comment/83943",
        "comment": "I am glad to see the Indigenous inclusion in consideration of land use. Also glad to see the focus on single family housing changed to include diverse and mixed housing.\nHowever, it is ironic that consultation with municipalities is missing as are appeals to decisions about local planning. This is undemocratic and a huge over reach. Communities have spent a great deal of effort and expense over long periods of consultation and planning to develop good Official Plans. Simply tossing all of this aside is irresponsible and dangerous as a precedent.\nThe Waterloo official Plan is award winning and used as a model in parts of North America. It does not deserve to be ignored and overturned.\nThe new suggested boundaries do not make any sense. Some cannot be serviced, and some threaten biodiversity, wood lots and tree cover, wetlands and recharge areas. I suggest you take a look at the Tier 3 Water Budgeting report done recently in Wellington County as well.\nThe provinces own task force stated that enough land was set aside for growth and housing. Ignoring this makes no sense at all! Keep the positive bits and consult municipalities and planners for the rest.\n"
    }
}