{
    "4151": {
        "url": "/comment/4151",
        "comment": "I do not consider this appropriate methodology. much superior method is through dialogue involving groups of interested people either within organizations or in a non-organizational dialogic process. The individual response method leaves the determination of a societal position to some analyst or other and its also suffers from the impact of dialogue on personal positions, an experience lacking in individual responses. It is quite possible to develop group dialogue after the individual responses have been submitted and to ascertain willingnesss to do so as part of this survey.\n[Original Comment ID: 205503]\n"
    },
    "4152": {
        "url": "/comment/4152",
        "comment": "I am opposed to wind energy and solar. \u00a0Its too expensive and its forced onto people who do not want it in rural areas.\nThere shouldn't be another wind or solar project in Ontario. \u00a0I am in favour of nuclear. \u00a0Generates large amounts of carbon free electricity 24 hours per day at competitive prices and uses Canadian technology and Canadian workers.\nThe cost of electricity needs to be low or it will sink the economy. \u00a0If the price of electricity goes up, the price of everything goes up since everything is made with some electricity usage.\n[Original Comment ID: 196255]\n"
    },
    "4154": {
        "url": "/comment/4154",
        "comment": "Ontario would be a much better place run on renewables, and could lead the country.\u00a0 How cool would that be?\u00a0 A nuclear power company getting on line with green energy, and moving to that direction, being not just an energy leader, but way beyond any measure of proactivity taken by any other energy industry giants.\u00a0 :)\u00a0 Be part of the solution, not part of the problem.\n\n[Original Comment ID: 206737]\n"
    },
    "4155": {
        "url": "/comment/4155",
        "comment": "I think all our energy should be renewable.\u00a0 It's better for our environment as it is less polluting. Renewing energy is also good for us as it is lower cost and less pollution helps our health.\u00a0 Also our children don't have to worry about energy for themselves or their children.\u00a0 It's a win-win solution for everyone.\n[Original Comment ID: 205506]\n"
    },
    "4156": {
        "url": "/comment/4156",
        "comment": "To whom it may concern,\nEnsuring a diverse electricity supply mix is vital towards maintaining a strong electricity system that will meet the demands of today and well into the future. It is equally important to ensure a strong reliable base-load is maintained to support a healthy, well functioning, system. With the increasing concern and focus on climate change one of the best methods to reducing greenhouse gas emission is through a cheap, low carbon emitting, clean energy source, Nuclear Power. Bruce Power has proven that it is a cheap, safe, low carbon emitting energy source. Through safe and reliable operation, Bruce Power has contributed to reducing carbon emissions in Ontario by providing the makeup energy required to allow coal fired plants to be shut down. But, not only does Bruce Power provide safe, clean reliable energy, it does so by producing one of the lowest cost forms of energy than most all other sources, Nuclear Power. This is most important as Ontarians are seeing first hand how skyrocketing electricity prices have recently been a major focus for Ontario. The capability to provide low cost, clean, reliable energy must be maintained and embraced well into the future to ensure energy is kept affordable for all.\nWith these critical points in mind, I support the full operation of Bruce Power's 8 operating units to 2064. This will provide a strong basis for a long-term energy plan that promotes clean, reliable, affordable electricity for all Ontarians well into the future.\nRegards,\nDan McArthur\n[Original Comment ID: 196256]\n"
    },
    "4157": {
        "url": "/comment/4157",
        "comment": "I vote for switching to\u00a0 renewable energy by a given date .\n\n[Original Comment ID: 206738]\n"
    },
    "4158": {
        "url": "/comment/4158",
        "comment": "Why is the Liberal Government buying Power from Quebec???\nWhen will the Ontario Government scrap the Windmill and Solar smoke screen and do something about Ontario's Hydro prices?\nWhy do we have the highest Hydro rates in North America???\n[Original Comment ID: 196266]\n"
    },
    "4159": {
        "url": "/comment/4159",
        "comment": "We are very late in the game for taking measures to mitigate the effects of global warming but please,\n\nPhase out nuclear power NOW. I am ready to suffer now rather than our future generations be devastated.\n\n[Original Comment ID: 206739]\n"
    },
    "4160": {
        "url": "/comment/4160",
        "comment": "I am concerned about the current state of energy in Ontario\nI support clean renewables, the only way to move into the future for the safety of Ontarians and to do our part to fight climate change.\nBesides engaging citizens to consume energy wisely and conserve, we need to move away from outdated , expensive and dangerous nuclear and fossil fuels\n[Original Comment ID: 205507]\n"
    },
    "4161": {
        "url": "/comment/4161",
        "comment": "I believe nuclear derived power should be phased out. Nuclear power is inherently dangerous. The nuclear industry says nuclear power is cost competitive , but I have never seen a cost estimate to store millions of gallons of toxic waste for 1000 years. What is the cost? Does anybody know? I have no degree from any university or college, but what I do have is common sense.\u00a0 If storage of nuclear waste is factored in, and it must be, nuclear is without a doubt far more expensive than any other power producing method. Japan just announced that the price to clean up Fukushima is 250 billion dollars. This does not include the damage done to the Pacific Ocean with the dumping of billions of gallons of radioactive water into that ocean. Radioactive water has been detected off the shore of Oregon. What is the cost of this? This is totally unacceptable. More nuclear power is a death sentence for future generations.\n\n[Original Comment ID: 206740]\n"
    },
    "4162": {
        "url": "/comment/4162",
        "comment": "I am writing to express concern about the Ontario government's recent decision to stop promoting renewable energy in this province and to invest massively in nuclear power instead.\nNuclear energy has the potential to cause great environmental damage (e.g. Chernobyl, Fukushima) and is not that economical when all the costs are considered, especially the need to contain the radioactive nuclear waste for many thousands of years and to decommission nuclear power plants at the end of their useful life.\nRenewable energy in the form of hydro power may be imported at much lower cost from Quebec, which has a surplus. Wind, solar and other forms of renewable energy are much more promising options than nuclear power.\nIn conclusion, I strongly urge the province to shift to renewable, not nuclear, energy.\n[Original Comment ID: 205508]\n"
    },
    "4163": {
        "url": "/comment/4163",
        "comment": "I love Nuclear Energy. Its green and it works! We need to support the refurbishment of Bruce Power and OPG for the future of Ontario. Help build a future for our children.\n[Original Comment ID: 196331]\n"
    },
    "4164": {
        "url": "/comment/4164",
        "comment": "The time to act is now.\nNuclear has served us long enough.\nIt's time to take the next step; -clean- renewable energy.\nIf those people are smart enough to run a reactor, they should be\nsmart enough to manage a wind farm, solar farm, or a bio-fuel plant.\nTell them to get working on a transition to energy that doesn't\nhave the same dirt as nuclear or oil.\nWe can do better; much better.\nThe people who make this decision will be the people who lead\nthe country; to the next evolution of energy production and use.\nWe don't want the dirt from the antiquated energy systems.\nWe want clean, economical, smart energy.\nIf you want our votes, you -will- go green.\n[Original Comment ID: 205509]\n"
    },
    "4165": {
        "url": "/comment/4165",
        "comment": "Nuclear is hopelessly outdated, incredibly dangerous, ridiculously costly and, given what we know, immoral, unethical and indefensible. Do not throw more money into a losing proposition. Invest in renewables. Stop playing Russian roulette with the lives of our children and grandchildren. Money talks and money kills. For all our sakes wake up and do the right thing.\n\n[Original Comment ID: 206741]\n"
    },
    "4166": {
        "url": "/comment/4166",
        "comment": "Greetings,\nI hope you're well. My personal vote is for a 100% renewable Ontario.\nThank you for your time.\n[Original Comment ID: 205514]\n\n"
    },
    "4167": {
        "url": "/comment/4167",
        "comment": "We want 100 % renewable energy.\n\n[Original Comment ID: 206742]\n"
    },
    "4168": {
        "url": "/comment/4168",
        "comment": "I don't understand why Ontario isn't doing everything it can to develop and use safe and renewal sources for power and energy.\u00a0 I believe that a nuclear power plant is an accident\u00a0 waiting to happen.\u00a0 And the damage done then will have irreversible consequences.\u00a0 Those plants still create waste that is very difficult to dispose of safely.\n\nWhy aren't we taking a long term look at the situation?\n\n[Original Comment ID: 206743]\n"
    },
    "4169": {
        "url": "/comment/4169",
        "comment": "I am 100% in support of the use of Nuclear Energy in the province of Ontario and feel it is the best overall technology to generate power reliably and cost-effectively.\n[Original Comment ID: 196354]\n"
    },
    "4170": {
        "url": "/comment/4170",
        "comment": "I work in the investment industry and for many years now have been totally turned off by the energy and mining industry.\u00a0 The damage that they do to our planet is unrepairable.\u00a0 Renewable energy is clean and doesn't pollute waterways or leave toxic pooling ponds.\u00a0 It does not destroy the earth and is not subject to the millions of dollars that the oil and gas industry throw at the government to convince them to build pipelines.\u00a0 It is the way of the future and countries are working towards it and achieving it.\u00a0 For once, we should be a leader, instead of a laggard.\u00a0 I hope that non-renewable energy sources are to the the world as the wagon wheel was to the car.....a dying breed.\u00a0 Oil and mining cause terrible geopolitical unrest, harm people, animals and land - highly unlikely that fighting over the sun or wind would cause the same strife. Over the next 5 years I want to build my retirement home.\u00a0 My goal is to have it energy self-sustaining and I would be thrilled to be off the grid.\n[Original Comment ID: 205516]\n"
    }
}