{
    "4970": {
        "url": "/comment/4970",
        "comment": "Let's jump on the bandwagon of the future; ditch dependence on coal and oil; go with solar!\n[Original Comment ID: 204783]\n"
    },
    "4971": {
        "url": "/comment/4971",
        "comment": "I support initiatives that reduce our dependence on fossil fuels, which are finite and contribute to global warming. However, nuclear energy is not a viable alternative, as there is no prospect in sight for a solution to the disposal of hazardous nuclear waste. The only remaining alternatives are conservation and development of renewable energy sources. Conservation has been ongoing for many years, and should continue, but is not enough.\nAccordingly, we must focus significant resources on renewable energy. This should be done on a broad basis, in a way that rewards investment, research, and innovation at all levels of scale, across all types of renewable energy.\nIn the meantime, use of nuclear and fossil fuels should continue only as long as they remain cost-effective. New plants of this type should not be built.\nMost importantly, the process by which energy projects are approved and funded must be transparent and fair. Once approval has been given, it should not be withdrawn without public consultation. The abrupt cancellation of natural gas plant and wind turbine projects on Lake Ontario are examples of how this should NOT be done.\nAll of this will cost money. Subsidizing energy costs is not sustainable. There is no free lunch, and we must be prepared to pay to make the world a better place for our grandchildren. \u00a0However, we must also spend that money wisely.\n[Original Comment ID: 204784]\n"
    },
    "4972": {
        "url": "/comment/4972",
        "comment": "December 10, 2016\nMinistry of Energy\nEnvironmental Bill of Rights Registration # 012-8840\nVia: ltep@ontario.ca\nRe: I want Ontario to go 100% renewable\nTo whom it may concern,\nI want Ontario\u2019s next Long-Term Energy Plan (LTEP) to acknowledge that going 100% renewable is a viable option for Ontario\u2019s energy future.\nMore and more communities, countries and companies are opting to go 100% renewable.\u00a0\u00a0 Ontario\u2019s next energy plan should put policies in place to enable citizens, communities and First Nations to go 100% renewable.\nPut Conservation First\nTo fight climate change and reduce our environmental footprint, I think Ontario\u2019s next energy plan should make conservation and efficiency the first priority for all energy decisions.\nA recent government study showed we have the potential to cost-effectively reduce electricity demand by 30% by 2035.\nI think the government should pursue all cost-effective conservation.\nEmpower Communities and Citizens to go 100% Renewable\nOntario\u2019s next energy plan should empower everyone from citizens and co-ops to municipalities and First Nations to become energy producers.\nIt should empower communities like Oxford County that want to go 100% renewable.\nCome Clean on Nuclear Costs\nThe biggest barrier to shifting Ontario to 100% renewable energy is the government\u2019s current commitment to nuclear power.\nWhile the cost of renewables keeps declining, the cost of nuclear power has only ever gone up. Despite this, the government\u2019s past energy plans have made no requirement for nuclear projects to undergo public review against alternatives. This needs to change.\nOntario\u2019s next energy plan needs to ensure there are a full and fair comparisons of the total costs of nuclear with alternatives and an opportunity for the public to have a say about which approach they prefer.\nClose Pickering\nOntario\u2019s 2013 energy plan committed to close the Pickering nuclear station between 2017 and 2020, but earlier this year the government announced they would renege on this promise and keep operating Pickering until 2024.\nReduce Ontario Hydro's staff numbers by 60%\nWith over 8,000 employees who earn over $100,000 per annum, it obvious that this fact has\nmajor effect on electrical costs for the consumer. This cannot stand!\nReduce\u00a0 the union staff numbers by 60% within the next 5 years.\nAlmost all of Pickering\u2019s output is surplus and exported to Michigan at a loss.\u00a0 This is driving up energy costs.\nPickering\u2019s continued operation also puts the public at risk. Ontario has not updated its nuclear emergency plans since the Fukushima disaster.\nI want the government to keep its promise to close Pickering before 2020.\nShutting Pickering down should be a first step in Ontario\u2019s long-term transition to renewable energy.\nSincerely,\nJohn Dickson\n[Original Comment ID: 206331]\n"
    },
    "4973": {
        "url": "/comment/4973",
        "comment": "As a mother of three children and a teacher to many more, I must stand up for removing fossil fuels from Ontario and Canada. We can already feel the changes caused by climate change - more heat waves and severe storms, flooding, droughts causing rises in food prices. Sustainable energy could lead to a strong economy and healthier environment, but humans must act I order for that to happen. Please support a sustainable Ontario for us all. And\n[Original Comment ID: 206332]\n"
    },
    "4974": {
        "url": "/comment/4974",
        "comment": "It is imperative that Bruce Power remains an 8 unit Nuclear Power Facility. It is the cleanest, safest, and cheapest way to produce electricity in this Province.\nThe Lake Huron Fishing Club has almost 500 members and we expect our voices to be heard.\n[Original Comment ID: 204785]\n"
    },
    "4976": {
        "url": "/comment/4976",
        "comment": "Hello\nI would like all Ontario energy needs to be 100% renewable.\u00a0 We have the technology to do this, you just need you to have the political will and listen to your people to make it a reality.\u00a0 Ontario\u2019s next energy plan should empower everyone from citizens and co-ops to municipalities and First Nations to become energy producers.\nClimate change is real and it is time to act.\u00a0 I am worried for my children that if we do not act now, their future is in jepardy.\u00a0 Please be real leaders and make this change; we need you to do what is right for all of us.\nSincerely,\nDouglas Ronson\n[Original Comment ID: 206336]\n"
    },
    "4977": {
        "url": "/comment/4977",
        "comment": "Our next energy plan should set us on the path away from dirty nuclear and fossil fuels towards 100% renewables.\n[Original Comment ID: 204786]\n"
    },
    "4978": {
        "url": "/comment/4978",
        "comment": "It is obvious that climate patterns are changing and doing so rapidly. It is too late to ever see this deterioration reversed.\nIt is too late to prevent more changes in the coming years. In order to prevent cataclysmic events during the lives of our grandchildren, we have to stop creating carbon emissions. As it is,Nature will release too much carbon into the atmosphere as higher temperatures melt the permafrost in our far north. We must move to a carbon free power generation system in Ontario and we must start now. We do not have the luxury to allow more time for certain people and companies to fatten their profits. We cannot afford to put our economy ahead of our environment. What good would that do in the face of floodings, drought, loss of wildlife, food shortages, pollution of water resources and the air that we breathe. Governments and the industrial sectors are willing to gamble on\nhow long we can continue In the old damaging and wasteful ways. Unfortunately, we will all be on the hook when the inevitable happens.\n[Original Comment ID: 204787]\n"
    },
    "4979": {
        "url": "/comment/4979",
        "comment": "Fossils have to end.\n[Original Comment ID: 204788]\n"
    },
    "4980": {
        "url": "/comment/4980",
        "comment": "I am dismayed by the government's slow movement on greening our economy. \u00a0We do not have the time to do any of this slowly, or to wait for public will to be more strongly in favour of what needs to be done. \u00a0I have five children, and am deeply worried about what kind of future they're going to have. \u00a0My family has geothermal heating; we joined the Microfit program and have solar panels on our roof; we are vegetarian and buy organic food to support that market; as soon as there's an all-electric minivan I will be in line to buy it, along with the help (I hope) of improved subsidies. \u00a0I am a teacher -- I'm not rich -- but I am committed to doing my best to shift our economy to a sustainable model. \u00a0 Our province needs to do much, much more to compel people to live more sustainably. \u00a0We must put limits on packaging and increase the responsibility businesses must take for the waste they create. \u00a0We must ban bottled water and stop issuing water taking permits to corporations.\nUntil we figure out what to do with nuclear waste, and to prevent -- completely prevent -- the possibility of nuclear accidents like the one that happened in Japan not long ago, I am 100% against investing any more money in nuclear energy.\nEnough waiting, enough stalling, enough worrying about how action will affect political power -- ACT, before it's too late.\nDr. Latham Hunter\n[Original Comment ID: 204789]\n"
    },
    "4981": {
        "url": "/comment/4981",
        "comment": "The survival of man on this planet depends on our ability to co exist with all other life forms here. \u00a0Renewable energy is the only way we will be able to survive in the future.\nWe owe it to ourselves, children, and grandchildren to make the environment \u00a0a priority and value our survival more than money.\n[Original Comment ID: 204790]\n"
    },
    "4982": {
        "url": "/comment/4982",
        "comment": "I would like to go on record as a citizen of Ontario who would like significantly MORE action taken to reduce greenhouse gas emissions, reduce waste, protect more green spaces, expand the Greenbelt, and make public transit more accessible. \u00a0We need to introduce major taxes on environmentally harmful products such as bottled water, meat, and fast food, the latter of which creates an enormous amount of packaging waste. \u00a0I am waiting for improved subsidies to buy an all-electric vehicle, such as the government's proposed HST rebate and lower costs for charging at home.\n[Original Comment ID: 204791]\n"
    },
    "4983": {
        "url": "/comment/4983",
        "comment": "We need a clear plan to get us to 100% renewable energy as soon as possible. We need an intervention. We need to get off fossil fuels.\n[Original Comment ID: 204792]\n"
    },
    "4985": {
        "url": "/comment/4985",
        "comment": "Please put conservation first. To fight climate change and reduce our environmental footprint, I think Ontario\u2019s next energy plan should make conservation and efficiency the first priority for all energy decisions.\nA recent government study showed we have the potential to cost-effectively reduce electricity demand by 30% by 2035.\nI think the government should pursue all cost-effective conservation.\nThank you\nSandi Allan\n[Original Comment ID: 206338]\n"
    },
    "4986": {
        "url": "/comment/4986",
        "comment": "In a climate era, we must move towards a 100% renewable energy future, as Norway and Sweden are doing. The good news is that we can do it in Ontario too.\nFirst off we must priorize conservation and efficiency measures to reduce demand. This is the lowest cost way to go renewable and lower rates and emissions.\nThis also means phasing out our aging nuclear stations when they come to the end of their lives.\nPickering must be shuttered in 2018 when its current licence expires and replaced with much lower cost, lower emission and safer water power from Quebec.\nThe Darlington and Bruce nuclear rebuilds should be cancelled and replaced with an integrated combination of water and wind power from Quebec, energy efficiency investments and cost-effective Made-in-Ontario green energy.\n[Original Comment ID: 204797]\n"
    },
    "4988": {
        "url": "/comment/4988",
        "comment": "I want Ontario (& all of Canada) to move towards clean energy. Our dependence on fossil fuels has wreaked havoc on our environment & the planet in general. Hopefully, it is not too late to make a difference & work towards a healthier planet.\n[Original Comment ID: 206343]\n"
    }
}