{
    "5170": {
        "url": "/comment/5170",
        "comment": "There are no more important question than eliminate fossil fuels from use. At meeting MPP with public of Guelph regarding global warming\u00a0 I proposed to put a graph on main square\u00a0 of every Canadian city illustrating CO2 growing\u00a0 in atmosphere. Where the present 400 ppm and where the point of no return is. A academic presented tehre replied: \"This is only education\" Well, I do not think so 450 ppm is just 25 years front of us.\n[Original Comment ID: 206523]\n"
    },
    "5172": {
        "url": "/comment/5172",
        "comment": "If Ontario wants to keep in step with the rest of the world, or be a world leader, and leave a healthy environment for future generations; we must decrease our energy use by conservation and local production, eliminate our dependence on fossil fuels and nuclear, and massively increase our production and use of decentralized (produced on site where ever possible) clean, green, renewable and sustainable energy. \u00a0This is entirely possible, and will be good for the economy, producing more healthy jobs and preventing toxification of our environment.\nThis may require a dramatic shift and effort such as we have seen in wartime in our parents generation, but is necessary for the survival of our species and the planet. Ontario can lead where the federal government is failing us.\nI trust that our government has foresight and will lead us as any wise intelligent leader would. Sincerely,\nMolly Mulloy\n[Original Comment ID: 204899]\n"
    },
    "5173": {
        "url": "/comment/5173",
        "comment": "Hello,\nI have a family and the very last thing that I want for them is a nuclear future.\u00a0 If more than 1000 cities around the world have already committed to transition their communities to 100% renewable energy by 2050 to fight climate change, have control over their own energy, and rid themselves of nuclear risks, it seems to me that we should be able to do it too.\nMy family and I want the Ontario government's next energy plan to ensure citizens and communities are empowered to make the shift to 100% renewables, and as you know, switching to 100% renewables means, among other things, putting conservation first, less pollution, getting rid of coal, seizing opportunities and taking advantage of innovation in the clean energy and the clean-tech sectors.\nA decision to continue with nuclear reactors would be a step in the wrong direction, so instead of going backwards, let's move forward toward a 100% renewable Ontario!\n[Original Comment ID: 206534]\n"
    },
    "5175": {
        "url": "/comment/5175",
        "comment": "For far to long we have seen our hydro rates rise and our environment deteriorate.\nRenewable energy is the only alternative.\n[Original Comment ID: 204900]\n"
    },
    "5176": {
        "url": "/comment/5176",
        "comment": "Renewable energy is the only path forward for a just and sustainable future for our country and our world.\u00a0 I urge you to continue the strides made with putting an end to the use of coal, and to expand this to bring an end to the use of all fossil fuels in Ontario, as well as the reliance on nuclear energy.\u00a0 Let's move towards 100% renewable as soon as possible, providing investment in new sectors to create jobs and innovation, and providing incentives for people to move to less harmful sources of energy.\u00a0 Thank you.\n[Original Comment ID: 206543]\n"
    },
    "5177": {
        "url": "/comment/5177",
        "comment": "The risks of nuclear energy close to our city are not worth any benefits. We need to shut down this costly operation asap.\nOne more reason we cannot privatize our electricity- since the gov't. should be responsible for dangerous energy sources such as this one- and it can not be recklessly left with a company who seeks profit over safety.\nOther countries are doing it- it's time we get with the modern age and learn from them. Our safety is not worth any of this.\n[Original Comment ID: 206544]\n"
    },
    "5178": {
        "url": "/comment/5178",
        "comment": "100% renewable is not merely a worthy goal, it's absolutely vital. It may already be too late to moderate the effects of global warming. To pursue our current fossil fuel-fueled lifestyle is certain suicide.\n[Original Comment ID: 204901]\n"
    },
    "5179": {
        "url": "/comment/5179",
        "comment": "As I citizen of of Ontario, I am expressing my concern for switching to 100% renewable energy production in the province.\nI want to be clear that by 100% renewable energy, I do not include natural gas as that type of energy source.\u00a0 As nuclear power does provide most of the energy for our province, it still has many negative effects towards the health of our environment.\u00a0 Not only would switching to 100% renewable energy be provide cleaner air, land, and water for the people of Ontario to live it, it can also provide jobs in the implementation and maintenance of these renewable sources of energy. Having these sources of energy would also decrease the maintenance involved with energy production, which should infer a price drop in energy bills.\u00a0 Not only will this give more access to Canadians who can not afford the current cost of energy, it will help ease the struggles of Canadians just making it by on low wage jobs.\u00a0 To sum up the reasons why I want 100% renewable energy is to increase access to marginalized Canadians in Ontario, decrease the negative environmental impacts of current energy production, and to generate jobs that would in turn promote economic gain in Ontario.\nThank you for your time.\n[Original Comment ID: 206545]\n"
    },
    "5180": {
        "url": "/comment/5180",
        "comment": "As I citizen of of Ontario, I am expressing my concern for wanting Ontario to switch to 100% renewable energy production in the province.\nI want to be clear that by 100% renewable energy, I do not include natural gas as that type of energy source.\u00a0 As nuclear power does provide most of the energy for our province, it still has many negative effects towards the health of our environment.\u00a0 Not only would switching to 100% renewable energy provide cleaner air, land, and water for the people of Ontario, it can also provide jobs in the implementation and maintenance of these renewable sources of energy.\u00a0 Having these sources of energy would also decrease the maintenance involved with energy production, which should infer a price drop in energy bills.\u00a0 Not only will this give more access to Canadians who can not afford the current cost of energy, it will help ease the struggles of Canadians just making it by on low wage jobs.\u00a0 To sum up the reasons why I want 100% renewable energy is to increase access of energy to marginalized Canadians in Ontario, decrease the cost of energy for all citizens of Ontario, decrease the negative environmental impacts of current energy production, and to generate jobs that would in turn promote economic gain in Ontario.\nThank you for your time.\n[Original Comment ID: 206547]\n"
    },
    "5181": {
        "url": "/comment/5181",
        "comment": "We are a first world country it is our responsibility to be a world leader in this issue! We must not only stand behind the Paris agreement, but surpass it. Our world can not wait for not acting now! As many studies have show. It's not just good for the environment but for the economy too. It's a no brainer we must go 100% renewable on all fields not just power generation now! Please make the right decisions not just for me but every future generations. Make me proud to be Canadian!\n[Original Comment ID: 204902]\n"
    },
    "5182": {
        "url": "/comment/5182",
        "comment": "I want to see the Ontario Government demonstrate the leadership required to move Ontario onto a sustainable energy path for the future. Please refocus the government's priorities and actively promote and facilitate all renewable energy options.\u00a0 Conservation and environmental protection should the first priority in all growth and development decisions we make\u00a0 and should be the driver in developing a Long-Term Energy Plan (LTEP) for Ontario. Any\u00a0 LTEP developed\u00a0 needs to recognize that going 100% renewable is not only viable but it is the only sound option\u00a0 to pursue if the Ontario\u00a0 government intends to\u00a0 build a sustainable future for our province.\nThe Ontario government's current commitment to nuclear power is counter productive and is a huge barrier to moving Ontario onto a sustainable energy path. This commitment to nuclear\u00a0\u00a0 needs to be curtailed ASAP. Rather than continuing to flog nuclear and fossil fuelled energy generation the Ontario government needs to recognize the many positive values\u00a0 renewable energy\u00a0 can provide and the critical\u00a0 role that\u00a0 investing in\u00a0 a\u00a0 comprehensive renewable energy plan will play in our future success and wellbeing\u00a0 here in Ontario. The Ontario government needs to both embrace,\u00a0 and ardently promote renewable energy. It must also put\u00a0 effective long term policies into place to enable and encourage private citizens, communities (rural and urban) and First Nations to support a 100% renewable energy future and allow them to\u00a0 actively participate in bringing it about. All of these groups\u00a0 have an important role and stake in\u00a0 bringing about a 100% renewable energy future for Ontario.\n[Original Comment ID: 206549]\n"
    },
    "5184": {
        "url": "/comment/5184",
        "comment": "Dear Mr. Minister,\nThe year of 2016 has seen a lot of bad, and some small good, happenings. For the youth of Ontario, myself and a great number, if not most of my peers, and indeed for many others of various backgrounds and social situations, but especially for the youth, climate change is ever more at the front of our minds. The Paris agreement was a great step forward, but let it be clearly stated that this agreement is not ambitious enough; it does not go far enough. This is based on the scientific evidence. Never mind about our children and grandchildren, we are worried for our own futures on this planet! With every passing year we distance ourselves more and more from the winters of my own childhood - where a white winter was all but guaranteed. The globe is warming at an alarming rate, and so our home is becoming less and less recognizable.\nIf positive and sufficient action is not taken soon, it is all but certain that the land on which we live will be completely unrecognizable by the end of our lifetime. Something needs to be done, and soon!\nAs a citizen of Canada, and a life-time resident of this great province, I beseech you to commit Ontario to an 100% renewable future, on a timeline far more ambitious than what currently exists. The election result south of the border was a sore blow to any remaining hope for a sufficient attack to be made to tackle climate change, but this is all the more reason for more action from the rest of us. Let Ontario lead Canada to a renewable future, and serve as inspiration for the rest of the provinces and territories.\nWe owe it to ourselves, to our planet, and to the future of the human race to take affirmative action now. Please Mr. Minister, use your influence and authority to set Ontario on the track to 100% renewable future (and let that be the near future). Demonstrate to the people of our province and our country that there are at least some politicians thinking for the long-term well-being of their constituents.\n[Original Comment ID: 204903]\n"
    },
    "5186": {
        "url": "/comment/5186",
        "comment": "GREY-BRUCE LABOUR COUNCIL\nRepresenting the Needs of Working People Since 1956\nCelebrating 60 Years of Building Communities\nGREY BRUCE LABOUR COUNCIL\nSUBMISSION TO\nTHE LONG-TERM ENERGY PLAN REVIEW\nDECEMBER, 2016\nWHO WE ARE\nOriginally chartered as the Owen Sound and District Labour Council, the Grey Bruce Labour Council (GBLC) was chartered to the Canadian Labour Congress in 1956. A labour council is an association of labour unions, lodges, associations, federations, or union branches in any given area. Most commonly, they represent unions in a geographical area. This can be at the district, city, or regional level. A list of the member Unions, the purpose, and objectives of the Grey Bruce Labour Council are included in this submission.\nSeveral of our member unions represent members in electrical utilities. The following comments on Ontario\u2019s Long-Term Energy Plan are based on the knowledge, expertise and experience of our membership in the energy sector.\nThe GBLC participated in the Guelph session (and kept abreast of other sessions) along with representatives from our member unions.\nThe format was good with many views being expressed on the topics with some agreement expressed on several issues.\nAn observation at the Guelph session is that the system does have one flaw. On the wrap up the facilitators only reported on issues that lined up with the LTEP discussion document. Issues where the group did not agree or suggested improvements were not reported.\nOVERVIEW\nConsumers expect to have reliable and affordable electricity. They also expect that it will be produced and delivered to them in accordance with all applicable environmental regulations and be readily available to them today, tomorrow and in the future.\nThe GBLC believes that striking the right balance amongst a range of electricity supply sources can fulfill these expectations. This means decision-makers must be realistic about the trade-offs amongst the various supply opportunities.\u00a0 Each supply option must be considered based on its environmental impacts, cost, and contribution to meeting identified electricity system needs (baseload, intermediate and peak demands), job creation[, other economic benefits, safety, and the willingness of the community to host the facility that is sited or being sited.\nOntario\u2019s challenge is finding the best way to add / exploit new generation technology while building on its existing low carbon base of nuclear and hydro-electric generation to ensure a clean, affordable and secure energy supply for the long-term.\u00a0 The GBLC submits that nuclear energy must continue to play its current role in Ontario\u2019s supply mix\u2014providing over fifty percent of the province\u2019s electricity now and into the future.\u00a0 The environmental and economic benefits are too compelling to do otherwise.\nCURRENT STATE OF ONTARIO\u2019S ELECTRICITY SYSTEM\nHistorically, Ontario\u2019s supply mix has benefitted environmentally and economically from the province\u2019s hydroelectric and nuclear generation. Together these supply sources have delivered low-cost, low-carbon, reliable and safe electricity that has helped to make Ontario the industrial heartland of Canada.\nOntario\u2019s closure of its demand-following coal generating stations and transition to wind, solar and backup natural gas generation has resulted in a number of conspicuous impacts.\nGas Emissions: With over seventy percent of the province\u2019s electricity supply coming from hydroelectric and nuclear generation, Ontario has one of the lowest carbon electricity system footprints in the world.\u00a0 CANDU reactors provide over 50 percent of this electricity.\nEach year CANDU reactors help avoid about 90 million tonnes of greenhouse gas (GHG) emissions. This is about the same amount as taking 81 percent of Canada\u2019s cars off the road.\nThe closure of Ontario\u2019s coal stations was positioned as diminishing the carbon footprint even further.\u00a0 Even with the closure of coal stations, the province\u2019s increased reliance on natural gas generation has compromised its ability to achieve Ontario\u2019s GHG targets. More than seventy percent of the time wind and solar generation are idle, and not producing and the shortfall in achieving GHG emission targets can be attributed to the role natural gas generation plays backing up wind and solar. Building more wind and solar generation will require more natural gas generation, which will result in more GHG emissions.\nElectricity Prices: Looking at a variety of analyses, including one from Ontario\u2019s Independent Electricity System Operator (IESO), Ontario\u2019s electricity prices are on a trajectory to continue to increase. Residential, commercial and industrial consumers have reacted negatively to these rising prices. High electricity prices are not conducive to sustaining existing jobs or creating new ones. In the experience of the GBLC, rising electricity prices have put low income citizens at risk of having to choose between paying electricity bills and buying food.\nEnergy Security: Exploiting existing low carbon nuclear and hydro-electric sources in Ontario provides security of supply. The exploitation of these sources must be undertaken before any further dependence on wind and solar is undertaken. Ensuring that existing sources of nuclear and hydro-electric are exploited also limits further dependence on natural gas. Natural gas supplies are not entirely in the control of the province and as a result are exposed to security of supply issues.\nThis full exploitation equates to refurbishment of all Darlington and Bruce Nuclear units, operation of the Pickering Nuclear units for as long as possible and refurbishment along with new hydro-electric units.\nReliability: The renewal of Ontario\u2019s electricity system is intended to replace ageing equipment and assets and to take advantage of new technologies that will modernize the system at the same time.\u00a0 Adding new intermittent wind and solar generation, embedded generation and micro-grids and providing consumers with smart meters have precipitated the need for more \u201csmart\u201d control technologies to maintain reliability. Besides\u00a0 adding undefined costs to the investments required to renew Ontario\u2019s electricity system, new operating rules and regulations have had to be developed.\u00a0 All of this makes it more challenging and expensive to maintain the future reliability of Ontario\u2019s electricity system.\nEconomic Growth: Real economic growth and investment will be generated by the complete refurbishment of all units at Darlington and Bruce Nuclear Generating Stations. There is also a significant economic stimulus and GHG reduction advantage by keeping the Pickering Nuclear Generating Station operational until 2024.\u00a0 The extent of the growth and investment is of[ significant benefit to Ontario. As per the Conference Board of Canada, the economic activity from refurbishing the Darlington Station will generate, on average, more than 11,000 jobs per year between 2014 and 2023. Ontario workers and businesses are expected to receive 96 percent of the economic benefits. With major component replacement, already underway at the Bruce generating stations and the refurbishment of the Bruce units set to begin in 2020 similar job creation and investment is expected.\nFor more than a century, Ontario has focused on developing a secure electricity supply as the foundation of its economy. Nuclear energy has, and will continue to be a major provider of reliable, low-carbon, low-cost electricity for decades to come. Recent job creation numbers for Ontario suggest the province is doing well creating new employment however most of these new jobs are part-time. Ontario continues to face a difficult challenge in replacing the over 200,000 high value manufacturing jobs that disappeared during the last decade. Continuing to rely on low-cost, low-carbon baseload nuclear energy is Ontario\u2019s best option for all the foregoing and to create sustainable full time employment.\nPursuing firm imports from Quebec to displace low-carbon nuclear or to supplement our province\u2019s variable, expensive wind energy doesn\u2019t make environmental or economic sense. A key study finding, indicated that the required intertie investments would be economically undermined by the lack of winter generation capacity in Quebec and the forecasted future generation shortages in both provinces. Required transmission upgrades are estimated to cost up to $150 million per year, which is 50 percent higher than the cost of the single cycle gas turbine alternative previously identified and recommended by Ontario\u2019s Independent Electricity System Operator (IESO).\u00a0 The IESO\u2019s earlier analyses also concluded the firm import option was too expensive\nPublic Acceptance: Ontario\u2019s nuclear stations are situated in supportive communities.\u00a0 Ontario Power Generation (OPG) and Bruce Power have invested significant time and resources to establish solid relationships with the communities.\u00a0 Local support is evident for the refurbishment of the reactors at the Bruce and OPG. The GBLC is a longtime supporter of Bruce Power and since 2001 has appeared as a positive intervener in front of the Canadian Nuclear Safety Commission (CNSC) numerous times.\nLocal support for Bruce Power and Nuclear Power is demonstrated by the significant uptake by the public of the petition showing this local support. This petition is supported by the GBLC, the Canadian Nuclear Workers\u2019 Council, the Power Workers\u2019 Union, the Society of Energy Professionals, Young Generation Nuclear, Women in Nuclear, Bruce Power and the Bruce Power Pensioners Association and with numbers rising it has already been signed by close to 6,000 people.\nOPG enjoys solid community support for refurbishment of all reactors at the Darlington site. By comparison, public opposition to new wind power developments has been evident across rural Ontario. It appears that the coal fired Nanticoke and Lambton Generating Stations will be decommissioned. Despite community support for the Nanticoke and Lambton generating stations to be converted to renewable, carbon neutral biomass and natural gas, it appears these stations will be decommissioned. The reliability of these units would exceed that of intermittent wind and solar and would contribute less in GHG as the biofuel would be the primary fuel source.\nThe GBLC submits that investments in the renewal and expansion of Ontario\u2019s nuclear generating capacity must remain the first priority of the province\u2019s Long-Term Energy Plan.\u00a0 These investments are the best way to lower greenhouse gas emissions, provide stable electricity, and long-term energy security, job creation and economic prosperity.\nCost: Refurbishing all of Ontario\u2019s remaining reactors will help replace the 3,200 megawatts of GHG emission-free electricity that will be lost with the closure of the Pickering Nuclear Generating Station in 2024.\nEnsuring Ontario continues to have reliable low-carbon supply nuclear generation positions our province to benefit in other ways.Transportation is Ontario\u2019s biggest source of GHG emissions.\u00a0 The base load GHG emission-free electricity provided by CANDU reactors aligns well with the overnight off-peak charging of electric vehicles. Ontario\u2019s CANDU reactors could also play a role backstopping hydroelectric generation in other provinces as well as helping our fossil-fuel dependent neighbors in the United States.\nEconomic Benefits: The economic benefits of refurbishing all of Ontario\u2019s nuclear reactors in addition to building two new CANDU reactors are equally clear.\nAnalyses show that these investments would be advantageous for Ontario\u2019s economy as this province hosts the majority of Canada\u2019s $6 billion-a-year industry and its 160 supply chain companies and 60,000 direct and indirect jobs.\u00a0 Additional benefits would flow to Ontario\u2019s colleges and universities that are involved in nuclear research, development and training and student enrollment in nuclear related disciplines.\nThe Strapolec analysis indicates that refurbishing Ontario\u2019s reactors along with the construction of two new nuclear reactors at Darlington is estimated to provide a $60 billion dollar net incremental benefit to Ontario\u2019s economy compared to building more wind generation.\u00a0 The impact of carbon pricing was not included in the study, such pricing would be expected to further favor nuclear generation.\nThis $60 billion net incremental benefit includes $27 billion in savings to ratepayers and $29 billion in direct investment in Ontario, including the creation of 100,000 more person years of employment in high-value jobs many of which would be in the advanced manufacturing sector.\nOther Aspects of the LTEP\nThe GBLC further submits that Ontario\u2019s Long-Term Energy Plan should focus on investments that: \u2022 Maximize the value of Ontario\u2019s existing generation, transmission and distribution assets; \u2022 Spur manufacturing and expedite economic recovery and growth;\n\u2022 Ensure sound planning that is based on rigorous analyses that accounts for the costs of GHG emissions, prices carbon\u00a0 and provides for comprehensive, transparent public consultation.\n\u2022 Renew and modernize the transmission and distribution network including\u00a0 smart grid technology deployment that facilities electric vehicles and electric powered public transit systems.\n\u2022 Provide assistance with plans to make the local Canada Post offices community locations for charging of electric vehicles\n- Add renewable, carbon-neutral biomass as an energy resource by converting Ontario\u2019s Nanticoke and Lambton coal fueled generating stations to use biomass, along with natural gas;\n\u2022 Develop Ontario\u2019s remaining cost-effective hydroelectric potential sites;\n\u2022 Deliver conservation programs that are based on realistic targets, cost benefit-analyses; and, \u2022 Ensure Ontario has the skilled workforce it will need to operate and maintain its electricity system in the future.\n\u2022Furthermore, the GBLC calls for a moratorium on any additional wind and solar generation development until cost/benefit analyses are completed that include;\n\u00b7\u00a0\u00a0\u00a0\u00a0\u00a0\u00a0\u00a0 the full costs (including backup generation);\n\u00b7\u00a0\u00a0\u00a0\u00a0\u00a0\u00a0\u00a0 impact on system reliability;\n\u00b7\u00a0\u00a0\u00a0\u00a0\u00a0\u00a0\u00a0 GHG emissions; realistic job creation numbers; and\n\u00b7\u00a0\u00a0\u00a0\u00a0\u00a0\u00a0\u00a0 realistic economic-spin off impacts\n\u00b7\u00a0\u00a0\u00a0\u00a0\u00a0\u00a0\u00a0 fuel conversion of Nanticoke and Lambton generating stations before any further expansion of the natural gas generation fleet\n-the environmental impacts of decommissioning solar and wind farms due to premature aging of components\n- excess capacity issues are addressed while continuing to fully exploit Ontario\u2019s nuclear and hydro-electric generations sources.\nGBLC Conclusions and Recommendations\nWe suggest that a diverse mix of generation is required but the LTEP discussion document must revisit the proposed mix.\nThe GBLC strongly suggest that a Labour Union advisory committee be established to advise the Minister of Energy on the LTEP for Ontario.\nThe GBLC recommends the following:\n\u2022The amount of Wind and Solar produced electricity should be capped.\n\u2022Pump storage hydro-electric stations be seriously considered.\n\u2022The refurbishments of Darlington proceed as planned.\n\u2022The refurbishment of the Bruce Power Units proceed as planned.\n\u2022The life extension of Pickering NPP be approved.\n\u2022A new build NPP be approved for the Darlington Site.\n\u2022Bio energy be expanded for power peaking\n\u2022Existing coal power plants be considered for gas conversion.\nThe GBLC is prepared to answer any questions or concerns you may have with our submission.\nList of GBLC Union Affiliates:\nPower Workers\u2019 Union, CUPE 1000\nSociety of Energy Professionals (SEP)\nOntario Secondary School Teachers Federation (OSSTF)\nOntario English Catholic Teachers Association (OECTA)\nUnifor\nOntario Public Service Employees Union (OPSEU)\nInternational Brotherhood of Electrical Workers (IBEW)\nElementary Teachers Federation of Ontario (ETFO)\nNational Farmers Union (NFU)\nService Employees International Union (SEIU)\nCanadian Union of Public Employees (CUPE)\nOntario Nurses Association (ONA)\nInternational Woodworkers Association (IWA)\nInternational Association of Machinists and Aerospace Workers (IAMAW)\nCanadian Union of Postal Workers (CUPW)\nCanadian Union of Skilled Workers (CUSW)\nList of Associated Organizations:\nChartered to the Canadian Labour Congress\nMember of the Ontario Federation of Labour Executive Council\nOn the board of the Four County Planning Board\nOn the board of the Bruce Grey United Way\nPurpose and Objective of a Labour Council;\nThe Grey Bruce Labour Council (GBLC) represents thousands of unionized workers across Bruce and Grey Counties. Operating under the umbrella of the Canadian Labour Congress, the GBLC promotes social justice, human rights, fair labour laws, safe workplaces, and is an advocate for issues affecting all workers across Bruce and Grey.\nSubmitted on Behalf of the Grey Bruce Labour Council\nPlease contact\u00a0 VP GBLC for inquiries about this submission\n[Original Comment ID: 206552]\n"
    },
    "5187": {
        "url": "/comment/5187",
        "comment": "I am fed up with increasing charges from Ontario Hydro. The CEO's earn way too much. Money is being wasted on refurbishing nuclear plants when it should be spent on moving towards renewable energy. The Ontario government should be maintaining control of Hydro, not selling it off and leaving us at the mercy of a private corporation forever.\n[Original Comment ID: 206553]\n"
    },
    "5188": {
        "url": "/comment/5188",
        "comment": "I would support a shift to 100% renewable energy in Ontario in the near future, and if this entails an increase in taxes, so be it. I would like to see the government of this province investing in efficient technology projects developing the potential of wind power, solar energy, biogas and the generation of electricity from waves on the Great Lakes. We must think carefully about our over-dependence on fossil fuels and use some imagination to build an adequate infrastructure for alternatives, especially for road vehicles --- it seems this change is going to come more quickly to Europe than to North America; we need to catch up fast. There are not enough charging stations for electrically powered vehicles in this part of the world, and not enough trains.\n[Original Comment ID: 206554]\n"
    },
    "5189": {
        "url": "/comment/5189",
        "comment": "It is essential that we transform our energy plan to rely completely on safe, renewable sources. We need to eliminate nuclear energy which exposes us to terrible risks when we could be supporting innovators and industries that could provide safe alternatives.\nWe need an energy plan that guarantees no contamination of our residential and farming land and water. These resources are essential to life.\nOntario needs to be brave and forward thinking by establishing standards and timelines that make it clear that energy providers must change their ways. Incentives for innovation and safe delivery of energy should be in place. Citizens should be rewarded for adopting safe, renewable energy methods in the home and workplace.\n.\n[Original Comment ID: 206555]\n"
    }
}