{
    "5070": {
        "url": "/comment/5070",
        "comment": "We need to close down this aging power plant. Extending it yet again is not the right decision. It's old and we are at risk of a very costly mishap, the likes of what hasn't been seen. Let's look to Fukushima as an example of what we don't want to be known for. The human risk is not worth the chance. We have better renewable options. This isn't something that can wait until 2058 to be resolved. This isn't our children's issue to solve! Make the right call and dismantle this now. No more extensions!\n[Original Comment ID: 206412]\n"
    },
    "5071": {
        "url": "/comment/5071",
        "comment": "It is time to make a clean break from dirty fossil fuels and nuclear to 100% renewable energy. Our next energy plan must include this if we are going to maintain life on earth as we know it. Ontario can and should take a leadership role in sustainability for the environment and subsequently our life. We don't have time to waste.\nThank you.\n[Original Comment ID: 204849]\n"
    },
    "5072": {
        "url": "/comment/5072",
        "comment": "Nuclear energy may sound good but imagine the costs of maintaining the storage of radioactive waste for thousands of years. Would we want to be paying the costs for the electricity use of (selfish) civilizations from 1000 BC? The Earth appears stable but actually moves a fair amount over thousands of years. What happens if the containers are breached?\nFossil fuels have served us well but there is no denying it, they wreak havoc on our environment and will eventually run out. They should be used as a stepping stone only. Please reference Global Warming's Terrifying New Math By Bill McKibben. It states that if we want to hit the 2 degree Celsius global warming target, we need to limit our carbon dioxide emissions to 565 gigatons (between now and 2050). The problem, is the amount of carbon already contained in the proven coal, oil, and gas reserves of fossil-fuel companies and countries is 2,795 gigatons. That's approximately 5 times the limit which clearly indicates that we can't wait until all the reserves are used up. We have to put pressure on them to leave most of it in the ground, but with the current business model, they will extract it all. With this in mind, it should be clear that any further investment in a fossil-fuel economy is reckless and extremely risky.\nI would like to see a much higher percentage of renewables in the next 10 years, in the order of 70-90%. This will will gradually remove the demand for non-renewables. Ultimately, 100% renewables will need to be the mix in the next 25 years. I would propose taking aggressive advantage of rooftop solar. It generates electricity right where it is consumed reducing infrastructure costs, produces energy during the day when consumption is highest, has no added real estate cost, and allows citizens to be empowered and participate in the generation process and not just complain.\nIn term of electricity and home heating, a better direction would be the example of Drake Landing Solar Community in Alberta. They use a community solar system designed to store abundant solar energy underground during the summer months and distribute the energy to each home for space heating needs during winter months. They also use solar panels for electricity. With no consumables, and zero emissions, their only cost is maintenance.\nThe rest of nature uses the sun as an energy source, why can't humans?\nTime of use pricing is a good step, but real-time pricing would be the ultimate goal. Yes, this means the cost will be high on a cloudy day with no wind. But it is akin to trying to start a campfire in a rainstorm. People should be encouraged to consume when the conditions are right.\nAs a final note, I would like to see tiered pricing brought back (ie. the price goes up after a tier). This means electricity will cover the necessities for all people at a low cost. If someone chooses to be wasteful or extravagant with their electricity consumption, then they can do so at the next tier at a higher cost (I would suggest double the price). Also, there should be lower fixed costs so that people who use tiny amounts of electricity will not be penalized.\n[Original Comment ID: 206413]\n"
    },
    "5077": {
        "url": "/comment/5077",
        "comment": "In short, I believe we need to take the leadership role to do the right thing, and become the most green economy in the world. Invest in sustainable clean energy. Protect our natural resources. As much as there will never be consensus, there seems to be enough evidence to say unequivocally that a free economy is one that will sustain all of us.\n[Original Comment ID: 204853]\n"
    },
    "5079": {
        "url": "/comment/5079",
        "comment": "Go renewable!\n[Original Comment ID: 204854]\n"
    },
    "5080": {
        "url": "/comment/5080",
        "comment": "I truly believe that there are better ways of\u00a0 producing the power that we need -- Renewables are simply cleaner and better for our planet than dirty, dangerous nuclear and fossil fuels.\n[Original Comment ID: 206419]\n"
    },
    "5081": {
        "url": "/comment/5081",
        "comment": "I support a 100% renewable energy plan for Ontario. \u00a0As energy conservation increases in Ontario we're actually not using as much energy as we used to. I'm aghast that while reducing dirty coal fired energy, we've actually replaced it with worse - nuclear energy. \u00a0The nuclear reactors may be \"safe\" for now, but the waste cannot be stored safely forever. We're deferring the danger to our children or children's children. \u00a0Should there ever be an unpredictable natural disaster in Pickering, millions of people's lives would be at risk.\nPlease consider buying more clean energy from Quebec. \u00a0There should be no reason for us to be ramping up our nuclear power just to sell it at a loss to the US. Let's slowly deactivate our nuclear generators and ramp up water electricity from Quebec and continue our energy conservation.\n[Original Comment ID: 204857]\n"
    },
    "5082": {
        "url": "/comment/5082",
        "comment": "I feel that nothing is more important than our right to a habitable earth, one that is not too warm. We need to\nhead to 100% renewable energy now. Reduce our carbon footprint.. Time is short, we need to act now! Also my children have a right to clean potable water, clean breathable air and a livable climate! Also food free of pesticides and hormone disrupters.\n[Original Comment ID: 204861]\n"
    },
    "5083": {
        "url": "/comment/5083",
        "comment": "1. Ontario should join the global movement toward 100% renewable energy.\n2. Ontario\u2019s next energy plan needs to come clean on the true cost of nuclear power and help citizens and communities to empower themselves with renewable energy.\n3. Ontario\u2019s next energy plan needs to remove barriers to citizens and communities becoming energy self-sufficient.\n4. I want Ontario to take the renewable path to a low-carbon future.\n5. Going 100% renewable is the right path for Ontario to fight climate change and end our reliance on risky and costly nuclear power.\nOn nuclear power:\n1. The next energy plan needs to plan for replacing our existing reactors with renewable energy.\n2. The next energy plan should require nuclear projects to be compared to renewable energy options. 3. All future nuclear projects should be independently and publicly reviewed.\n4. Nuclear power creates radioactive waste and the risk of a Fukushima type accident\n5. Ontario\u2019s next energy plan should acknowledge that operating nuclear plants on the Great Lakes and in the Greater Toronto Area is an unneeded risk.\nOn Conservation:\n1. The top priority of the next energy plan should be reducing energy demand wherever possible.\n2. The next energy plan should pursue all affordable conservation.\n3. A recent government study found Ontario could cost-effectively reduce electricity demand by 30% by 2035.\nOn Renewables:\n1. Ontario\u2019s next energy plan needs to ensure Ontarians can take advantage of the declining cost of renewables.\n2. After conservation, renewable energy should be the top priority of Ontario\u2019s next energy plan.\nOn the electrification of transportation and heating:\nI support electrifying transport and heating to displace fossil fuels, but conservation and renewables should be used to address any increased electricity demand.\n[Original Comment ID: 204862]\n"
    },
    "5085": {
        "url": "/comment/5085",
        "comment": "The people of Ontario, and the rest of world, need to start now to transition to 100% renewable energy. This shift needs to be considered necessary and final, not a gradual partial shift. Leaders of today have the responsibility to lead us to a safe and secure future. This means eliminating, not reducing, carbon emissions, oil, coal, and other global warming pollution.\n[Original Comment ID: 206421]\n"
    },
    "5086": {
        "url": "/comment/5086",
        "comment": "Please lets not further pollute our world. Use good sense & work with nature, not against it. Renewable is the way to go !\nThank you,\nTanya Grant\n[Original Comment ID: 206422]\n"
    },
    "5087": {
        "url": "/comment/5087",
        "comment": "Ontario has phased out coal powered electricity generation - great. Now let's get even cleaner and greener I want to see the Pickering nuclear generating facility mothballed, not refurbished. I want to see more and more solar panels and wind farms all over the Province. There are so many opportunities within cities for solar on rooftops. I just saw a church the other day with the entire roof covered in panels- wonderful!\n[Original Comment ID: 206423]\n"
    },
    "5088": {
        "url": "/comment/5088",
        "comment": "It's time for Ontario to join the global movement toward 100% per cent renewable energy!!!!!\nAgnes Kaszner, teacher\nand\nFiona Louise Roxas\nTyrone Wilson\nIoana Oteleanu\nDomenic Pugliese\nNeve Rene Cruz\nCrystal Alphonso\nSergio Orellana\nAlexander Balant\nKiana James\nHarverly Pineda\nStephan Low\nstudents in the grade 12 drama course\n[Original Comment ID: 206426]\n"
    },
    "5089": {
        "url": "/comment/5089",
        "comment": "I have a big problem with price gouging private companies increasing their bottom line at any cost. Our utilities should stay in public hands where citizens have a say in how they are run. Utilities are far too important in a Northern climate, which all of Ontario is, to be left to the whims and greed of the market. Keep hydro public. I want Ontario\u2019s next Long-Term Energy Plan (LTEP) to acknowledge that going 100% renewable is a viable option for Ontario\u2019s energy future. More and more communities, countries and companies are opting to go 100% renewable.\u00a0\u00a0 Ontario\u2019s next energy plan should put policies in place to enable citizens, communities and First Nations to go 100% renewable.\nTo fight climate change and reduce our environmental footprint, I think Ontario\u2019s next energy plan should make conservation and efficiency the first priority for all energy decisions. I think the government should pursue all cost-effective conservation.\nOntario\u2019s next energy plan should empower everyone from citizens and co-ops to municipalities (Oxford County) and First Nations to become energy producers.\nWhile the cost of renewables keeps declining, the cost of nuclear power has only ever gone up. Despite this, the government\u2019s past energy plans have made no requirement for nuclear projects to undergo public review against alternatives. This needs to change. Ontario\u2019s next energy plan needs to ensure there are a full and fair comparisons of the total costs of nuclear with alternatives and an opportunity for the public to have a say about which approach they prefer.\nOntario\u2019s 2013 energy plan committed to close the Pickering nuclear station between 2017 and 2020, but earlier this year the government announced they would renege on this promise and keep operating Pickering until 2024. Almost all of Pickering\u2019s output is surplus and exported to Michigan at a loss.\u00a0 This is driving up energy costs. Pickering\u2019s continued operation also puts the public at risk. Ontario has not updated its nuclear emergency plans since the Fukushima disaster.\u00a0 I want the government to keep its promise to close Pickering before 2020. Shutting Pickering down should be a first step in Ontario\u2019s long-term transition to renewable energy.\n[Original Comment ID: 206430]\n"
    }
}