{
    "5090": {
        "url": "/comment/5090",
        "comment": "I would like the government to get on with working towards 100% renewable energy as quickly as possible.\nIn light of the waste of taxpayer money in recent weeks - eg. highway contracts, hydro, etc. better use of our money and implementation of non-carbon based fuels, building materials, and helping those companies and individuals who want this type of future, should be rewarded with better incentives.\nStop rewarding the wrong people, and get on with a clean future for Ontario, and lead the rest of the country to a better future.\n[Original Comment ID: 206433]\n"
    },
    "5091": {
        "url": "/comment/5091",
        "comment": "Ontario has the political will and power to be a leader to all other provinces and territories in Canada. We are experiencing already the climate changes that everyone has been predicting and it's important for Ontario to set an example for this country.\nPlease consider this and help to keep Canada as beautiful as it could be. This is an opportunity to choose for the future for our children and grandchildren, yes; and, also for those who cannot speak for themselves.\n[Original Comment ID: 206432]\n"
    },
    "5092": {
        "url": "/comment/5092",
        "comment": "Hello\nWe now realize the Liberal government is not very serious about Global Climate Change as they just approved 2 oil pipelines, which will provide 30-40/yrs of usage.\nOur government needs to act now, and not 30-40 years down the road, as Global Climate Change is the biggest environmental issue to date, and should be dealt with now !\nWe also realize that a lot of people believe this is a Global Cyclic Issue, for those people please watch the National Geographic\u00a0 series : Years of Living Dangerously, Before the Flood, Breakthrough - \"Water Apocalypse, as this was my wake up call !\nOur current Liberal government needs to start listening to their constituents, as these are the people that can remove them from political power, and not the oil companies !\nJust take a look at what happened in the United States regarding the Presidential race which removed Hilary Clinton, and nominated Donald Trump, so I firmly believe Canada will follow suite, as our current Liberal government (Kathleen Wynne) is certainly not representing the average Canadian views on the environment ?\nPlease do not do this for me, but for my children, and grand children, who will be left with the wrath of Global Climate Change !\n[Original Comment ID: 206434]\n"
    },
    "5093": {
        "url": "/comment/5093",
        "comment": "I think Ontario should definitely take the first big step and go ahead with clean and renewable energy sources (not including nuclear, as much as possible; advanced countries like Sweden are doing away with it as it is not truly sustainable. Creates a lot of dangerous waste, very difficult to deal with, will have negative consequences on environment). We know in 20 years or so we won't have much choice BUT to use renewables, we may as well get started so we can work out the kinks before we're truly stuck. Why procrasinate? Take a big step, something concrete, and step up and be a leader! I study environmental engineering, so I get that there are big costs associated with this. I don't have all the answers as to where that cost should come from, but I know this switch is inevitable, so may as well get going.\n[Original Comment ID: 206436]\n"
    },
    "5094": {
        "url": "/comment/5094",
        "comment": "Subject: Identifying the Most Energy Efficient Products Available\nThe following sentence in the section on \u201cConservation and Energy Efficiency\u201d warrants a re-wording or expansion: \u201cNew and enhanced efficiency standards help reduce consumers\u2019 energy bills, increase the choice of energy efficient products available for sale, and play a significant role in reducing energy consumptions and GHG emissions.\u201d\nIt is not clear how enhanced efficiency standards would increase the choice of energy efficient products available for sale.\nSuggested re-wording: delete \u201cincrease the choice of\u201d to \u201cidentify the most\u201d.\nEdited sentence: \u201cNew and enhanced efficiency standards help reduce consumers\u2019 energy bills, identify the most energy efficient products available for sale, and play a significant role in reducing energy consumptions and GHG emissions.\u201d\n[Original Comment ID: 204865]\n"
    },
    "5095": {
        "url": "/comment/5095",
        "comment": "Let's move towards a 100% renewable Ontario and make decisions that future generation will look back on know that we did the right thing. This is a critical time and we can not afford to make a decision that is not renewable and sustainable anymore.\nI make this plea on behalf of a group of students at Cardinal Leger SS in Brampton, Ontario who represents the secondary school's ecological voice through the Eco Club that we have formed and we would be deeply ashamed if decisions were made that would be harmful to our environment. It is time to put the environment and the future ahead of commerce at any cost.\nRegards.\n[Original Comment ID: 204866]\n"
    },
    "5096": {
        "url": "/comment/5096",
        "comment": "Please ensure that ANY decision that is made has a light environmental footprint. I want to ensure that there is a planet left for us to live on in the near and far future for this generation and all future generations.\nPlease know that switching to renewables creates jobs. People are needed to manufacture windmills or solar panels, for example. People are needed to install them. People are needed to maintain them.\n[Original Comment ID: 206437]\n"
    },
    "5097": {
        "url": "/comment/5097",
        "comment": "Close down the nuclear power plants asap. We do not need nuclear power plants if we focus on hydro, solar and wind power.\n[Original Comment ID: 204867]\n"
    },
    "5099": {
        "url": "/comment/5099",
        "comment": "I understand that previous efforts to move to a future away from fossil fuels to renewable sources have had some issues but it is critical that we, the people and our governments, continue to make the necessary investments (i.e. sacrifices) to insure a sustainable future for our children.\nI would like to suggest that we pursue a strategy of growing the use of renewable sources on a wide variety of small scale projects instead of focusing on utility-level installations. Incentives could be offered to stimulate growth in a number of areas:\n- Farmers have the space & the energy requirements to justify a long term investment.\n- Large warehouse operations have the roof space that could be transformed into solar installations leaving good farm land available to produce food. Industrial scale storage technology is progressing to the point that many operations could be largely self sustainable. At a minimum, the building codes should be changed so that no new large warehouses should be built without implementing a renewable energy solution.\n- Additionally, new home building codes should be changed to require, at a minimum, the basic infrastructure (i.e. hard wired) to allow the easy installation of solar panels & a battery storage either at the time of construction or at a future date. The costs of panels & batteries are coming down & the ability to amortise these costs via a long term mortgage makes the investment relatively inexpensive.\n- There should also be mechanisms for existing homes & rental units to make long term investments to lower energy consumption &, where possible, install renewable sources.\n- Larger projects could be manages at a small municipal level where the smart grid would be maintained at a local level without requiring province-wide grid upgrades.\n- Finally, the government should be investing in R&D to develop a HYDROGEN INFRASTRUCTURE. The issue with electricity from renewable sources such as solar & wind is the need for storage to address the fact energy production is reliant on the availability of sun & wind. Batteries are expensive, recharging is time-consuming and they require rare earth minerals that present a waste product problem. Hydrogen derived from renewable resources is the perfect storage technology ideally suited for powering vehicles (personal, transport & farm) and providing for the heating requirements for Canadian homes & businesses. Think of gas stations on major highways producing their own fuel and cars & trucks being able to refill the tank in minutes. Let's make Hydrogen R&D our focus so that we can export our knowledge & technology in a future economy.\nEvery November on Remembrance Day we honour the brave soldiers who fought in the wars to confront countries who would have dominated the world and threatened the future of our country. Let's make similar sacrifices today so that future generations will look back to our time and give thanks for the sacrifices we made to insure that they could continue to live on a healthy, sustaining planet Earth.\n[Original Comment ID: 206438]\n"
    },
    "5100": {
        "url": "/comment/5100",
        "comment": "I have been following the Canadian environmental debates about international, national and provincial Ontario energy practices.\u00a0 I have written activist emails to address specific energy issues.\u00a0 From these reading and writing actions, it seems that the majority of contemporary thinking agrees on basic understandings about the climate, such that ecosystems exist as global systems, that global warming occurs due to the use of non-renewable energy assets such as coal, wood, etc., and that there are new political measures in place to address newer green energy theories and practices.\u00a0 The political understandings are focused on combatting global warming through increased investment in green energy technology and addressing Aboriginal land understandings and claim issues, among others.\nFrom these, is seems logical to me that the focus in the future should be on investment on renewable energy practices, rather than investment on harmfully invasive, non-renewable extraction practices.\u00a0 In other words, leave it in the ground!\nI believe that a moratorium should be imposed to stop the practices that are known to cause harm, such as commercial, mass bottled water projects or use of oil for transportation needs.\u00a0 Instead, political solutions should be for investments in green technology and new mass transit systems, as well as increased support for citizen engagement practices that are focused on renewable energy.\n[Original Comment ID: 206440]\n"
    },
    "5103": {
        "url": "/comment/5103",
        "comment": "Sustainable energy is critical for the planet's future.\n\"Clean\" nuclear power leaves a million years (half life of Plutonium is 250,000 years!!!) of toxic waste to clean up. . . . .\nPlease convert to sustainable ASAP.\nSincerely,\n[Original Comment ID: 204870]\n"
    },
    "5105": {
        "url": "/comment/5105",
        "comment": "I am currently in school studying Sustainable Business Management, so acutely aware that it is not only entirely possible, but entirely necessary that Ontario move rapidly\u00a0 to 100% clean renewable energy. Equally as important is the need to shift all incentives to support clean transportation, both public and private. Every commercial building should have solar panels, every facility, where practical, should have geo-thermal, more innovation is needed to capture windpower. We can't afford the time or money not to.\n[Original Comment ID: 206444]\n"
    },
    "5108": {
        "url": "/comment/5108",
        "comment": "I wish for an environmentally conscious province and nation in which potential damage to the earth and water is valued more highly than profit and where decisions are made that will have as little impact on the land and water as possible. \u00a0Renewable energy is my choice\n[Original Comment ID: 204872]\n"
    },
    "5109": {
        "url": "/comment/5109",
        "comment": "Please abandon wind energy. It is to costly to generate.\nNiagara Falls, & similar resources is where we should be getting our renewable energy from.\n[Original Comment ID: 206447]\n"
    }
}