{
    "4951": {
        "url": "/comment/4951",
        "comment": "Please stop signing long-term contracts for old & polluting energy methods.\n[Original Comment ID: 204733]\n"
    },
    "4952": {
        "url": "/comment/4952",
        "comment": "More emphasis on conservation measures and energy efficiency improvement must be the first step to help lowering electricity costs!\nAs for generation sources there can't be no other choice than cheap, renewable hydro-electric to replace nuclear power as base-load generation (should import from Quebec on long-term contracts !), embedded roof-top solar (on large industrial, commercial, institutional buildings and residential roof-tops !) and off-shore wind farms (like Michigan and Wisconsin).\nBetter incentives and supportive policies will attract much needed foreign investment that will create many thousands of well-paying jobs across the province !!\nLet's be clear: These renewable electricity generating sources do not require the import of fuel to boil water to make steam to drive turbines and generators in a very inefficient way like all conventional modes, they do not pollute, they do not leave hazardous radioactive waste (with no solution to maintain it safely!), and components can safely be recycled after end-of-life term.\nQuit wasting hundreds of Billions of our hard-earned taxes on trying to refurbish those worn-out nuclear reactors, who would continue to churn out that deadly waste!\nA small portion of this misdirected taxpayer investment would get our provincequickly on the right path to a 100% renewable, safe and sustainable energy future 1\nThis must be the first and only choice for the long-term energy supply planning for Ontario.\n[Original Comment ID: 204734]\n"
    },
    "4953": {
        "url": "/comment/4953",
        "comment": "Renewables are the way forward providing clean air, reduced carbon, safety and jobs. \u00a0Bring on the transition. \u00a0No time to delay. \u00a0We require solid leadership to get the job done.\n[Original Comment ID: 204735]\n"
    },
    "4954": {
        "url": "/comment/4954",
        "comment": "Canada needs an environmental bill if rights to protect our air, fresh and salt waters, land, atmosphere, other resources from pollution, habitat destruction, global warming and climate change.\nThe Bill should be enacted by Parliament and/or put to vote in the next federal election.\nWe can no longer count on corporations, politicians or government bureaucracies to adequately protect our natural resources.\nThere must federal legislation and enacted budgets to create an independent organization that will enforce rules , judicial systems and regulations to support an environmental bill of citizen rights to clean air, water, food and atmosphere.\n[Original Comment ID: 204738]\n"
    },
    "4955": {
        "url": "/comment/4955",
        "comment": "The article below gives more than enough justification to switch to 100% renewables/green energy sources globally, starting now...\nhttp://www.counterpunch.org/2016/11/30/the-arctic-goes-bonkers/\nIts probably too late already, but if we don't try to reverse the errors of our behaviours, its gonna get real ugly for our species very soon.\nOur future is our own choice. What future will you decide to have?\n[Original Comment ID: 204739]\n"
    },
    "4956": {
        "url": "/comment/4956",
        "comment": "Fossil fuels are sequestered carbon, and their extraction and use pollutes the air, soil, and water, as well as increasing the greenhouse effect and global warming. \u00a0 Nuclear fuels cannot be used without creating toxic waste which cannot be contained and will last hundreds of years. Renewables are the only choice humans have for the energy of the future.\n[Original Comment ID: 204740]\n"
    },
    "4957": {
        "url": "/comment/4957",
        "comment": "For my daughter's future, please let's move to 100% renewables. I live near a nuclear power plant and I don't like thinking about the potential problem it could cause in the future. I also know we need to nix all oil production in perpetuity if we don't want climate change to become catastrophic before my daughter even has a chance to come into her own. 100% renewables are the only way into the future. Let's get it done - NOW.\n[Original Comment ID: 204741]\n"
    },
    "4958": {
        "url": "/comment/4958",
        "comment": "Ontario should be planning for a 100% renewable energy future. That means that it should be planning to transition away from nuclear reactors. It should not be spending money on refurbishing the reactors since this will not leave room for electricity from non-nuclear sources.\n[Original Comment ID: 204742]\n"
    },
    "4959": {
        "url": "/comment/4959",
        "comment": "Ontario has an opportunity to become a leader amongst Canadian provinces by committing to a 100% renewable energy future. Renewable energy makes environmental and economic sense: it's a win-win scenario.\n[Original Comment ID: 204743]\n"
    },
    "4960": {
        "url": "/comment/4960",
        "comment": "We can do it we can go solemnly \u00a0with wind and sun energy but we will have to fight those who want to hang on to profit making air polluting and greedy giants of companies that constantly lobbies our government. with big money. Stand strong Ontario and keep fighting for our children and grandchildren.\n[Original Comment ID: 204749]\n"
    },
    "4961": {
        "url": "/comment/4961",
        "comment": "U.N. Climate scientists have recently advised that we have only until 2020 to radically reduce our carbon emissions if we are going to be able to meet the already inadequate Paris COP targets. There is no time left for gradual solutions that are politically motivated to appeal to the greatest number of people or to protect particular industrial interests. Ontario must phase out all carbon intensive energy creation and consumption immediately. We must block all pipeline access from the Alberta tar sands. We must build huge solar, wind and geothermal infrastructure and wean ourselves off fossil fuels. And we must NOT replace this with nuclear energy, substituting the climate change disaster with increased risks of nuclear disaster.\n[Original Comment ID: 204751]\n"
    },
    "4963": {
        "url": "/comment/4963",
        "comment": "It is high time that Canada position itself in the forefront of the effort to protect our environment, while doing everything it can to progress in a very environmentally friendly future. Other countries, that face far more challenges then we do, are showing us that 100% renewable energy is possible. Lets make sure we are protecting our environment, and are no longer investing in fossil fuels. More investment need to be done in renewable energy, less money needs to be fueled toward fossil fuel industries, more training for future and clean jobs needs to be provided.\nIt CAN be done and it needs to be done.\nI am a cancer survivor. My cancer has a direct connection to the damage we have created in our ozone layer, in the air we breath, in the chemicals that have saturated each breath we take . It is one of the fastest growing cancers currently. I am a survivor, but it is not a trip I would like to see anyone else take. We Can and We Must do this as a nation.\nThank You\n[Original Comment ID: 204755]\n"
    },
    "4964": {
        "url": "/comment/4964",
        "comment": "I would just like to say how important the nuclear industry is to our local in terms of jobs. It is a great economy generator in every region a nuclear plant is located. A lot of the trades don't have many job opportunities in wind mills or solar panels.\n[Original Comment ID: 204758]\n"
    },
    "4965": {
        "url": "/comment/4965",
        "comment": "I IMPLORE you to permanently cancel the LRP1 and LRP2 \u00a0projects. The province can not afford to pay this high amount of money to these foreign IWT companies, plus there is ample RELIABLE energy available in \u00a0the province and should future needs increase, can be purchased affordably from Quebec. It makes me sick when I think of the millions of $$ of power being shipped to the US at token prices, when our residents have to choose between hydro or food for their family.\nDo NOT allow any more sales of Hydro One. \u00a0That would lead to even more out of control prices.\nFuture meetings looking for community input, should be staffed by IEPO folks who have the answers. Suggest having a panel where those attending can ask questions. Many of us have the same questions. This past meeting amounted to 2 hours of my time I can never get back. We had to tell the staff to write down our comments.\nSTOP rubber stamping requests from Hydro for price increases. \u00a0The salaries of Hydro One executives and employees who are on the \"sunshine\" list is obscene. AND when they screw up and get fired for not performing, they get HUGE payouts.\n[Original Comment ID: 204767]\n"
    },
    "4967": {
        "url": "/comment/4967",
        "comment": "NO NEW INVESTMENTS IN ANY NUCLEAR ENERGY!!! SHUT DOWN/PHASE OUT NUCLEAR POWER!\nNuclear energy:\n- wastes too many billions of our tax dollars!\n- poisons the First Nations communities and environments where it's mined\n- creates terribly poisonous waste\n- is very dangerous if an accident occurs!\n- poisons our lake/drinking water regularly\nWE NEED TO CREATE MORE JOBS, AND MORE HEALTH, MORE ECONOMICALLY BY INVESTING IN CONSERVATION AND BUYING HYDRO-POWER FROM QUEBEC .\n[Original Comment ID: 204780]\n"
    },
    "4968": {
        "url": "/comment/4968",
        "comment": "Given our climate catastrophe, coupled with the death of our neoliberal capitalist system, a move to renewables, while essential, must not blind us to the need for a new path to sustainable Nature. This is not about economic growth by another driver.\n[Original Comment ID: 204781]\n"
    },
    "4969": {
        "url": "/comment/4969",
        "comment": "Ontario needs to introduce a carbon fee and dividend program that allows polluters to pay the cost of their carbon use and management while ensuring those less able to pay have a refund.\nOntario also needs to find more green energy solutions and to reduce its dependence on fossil fuels and atomic energy. \u00a0We can do this by increasing each individual energy users ability to produce their own solar power. \u00a0Thus making them independent small producers.\n[Original Comment ID: 204782]\n"
    }
}