{
    "4767": {
        "url": "/comment/4767",
        "comment": "I think that any and all communities should be able to produce energy.\n\n[Original Comment ID: 207077]\n"
    },
    "4769": {
        "url": "/comment/4769",
        "comment": "Please switch to 100% renewable energies such as solar, wind and electricity asap and get off being dependant upon fossil fuels and nuclear energy asap. We do not have much time left. Our planet is heading towards an environmental disaster caused by green house gases and other pollutions. We also need to help industries who are using fossil fuels and nuclear power to switch over to renewable energies. Governments can do this by providing financial incentives for industies to switch over and higher taxation for industries that continue to use dirty and dangerous energies such as coal, oil and nuclear power and stiffer penlties for polluters. Eventually in order to safe our planet governments, I believe regretfully, must place a total ban on the use of these outmoded industries. We must allow a period of transition in which industries and consumers are given help to make the change but a line must be drawn at some point, hopefully not too far in the future, where we have to say enough.\n\n[Original Comment ID: 207080]\n"
    },
    "4770": {
        "url": "/comment/4770",
        "comment": "It is time NOW to go green. Quit spending money on old nuclear plants\u00a0 - they are dangerous and we in N.W.Ont. don't want your nuclear waste!\u00a0 Your nuclear hydro is way to expensive and N.W.Ont should be getting hydro from power dams right here. It's time to invest in solar, wind and HYDROGEN. R.V.L.Moore.\n\n[Original Comment ID: 207078]\n"
    },
    "4771": {
        "url": "/comment/4771",
        "comment": "Andrea Pastori\n\nCabinet Liaison and Strategic Policy Coordinator\n\nMinistry of Energy\n\nStrategic, Network and Agency Policy Division\n\nStrategic Policy and Analytics Branch\n\n77 Grenville Street, Floor 6th\n\nToronto, Ontario \u00a0 M7A 2C1\n\nRe:EBR 012-8840 \u2013 Planning Ontario\u2019s Energy Future\n\nOntario\u2019s Long Term Energy Plan\n\nDear Sirs:\n\nOntario Rivers Alliance (ORA) is a Not-for-Profit grassroots organization acting as a voice for several stewardships, organizations, and private and First Nation citizens who have come together to protect, conserve and restore healthy river ecosystems.\n\nThe ORA is very pleased to provide our comments on the formal review of Ontario\u2019s Long-term Energy Plan (LTEP), setting a road map for Ontario\u2019s energy future for the next 20 years.\n\nORA strongly agrees with the important principles of cost-effectiveness, reliability, clean energy, meaningful community and Indigenous engagement, and putting conservation and energy efficiency first before building new infrastructure.\n\nORA Recommendations for a clean, affordable and modern electricity system:\n\n1.No new hydroelectric procurement.\n\n2.Ensure new and existing energy projects do not have negative impacts on our air, land, water or ecosystems.\n\n3.Reduce demand for power through energy efficiency and conservation.\n\n4.Invest in emerging conservation, power storage, and generation technologies.\n\n5.Reduce power losses through transmission lines.\n\n6.Encourage generation of power through harnessing in-pipe water systems, sewers and irrigation systems.\n\n7.Review electricity pricing with the goal of reducing prices paid to power operators.\n\n8.Ensure our electricity supply is environmentally and socially sustainable and affordable. 9.Ensure meaningful consultation with the public and First Nation communities, including the possibility of a no outcome.\n\nAdditionally, the ORA is in full support of the recommendations made by the Environmental Commissioner of Ontario on this EBR posting.\n\nSupporting Arguments:\n\n1.No New Hydroelectric Procurement\n\nOutlooks A and B in the Climate Change Action Plan (CCAP) and Ontario Planning Outlook (OPO), indicate that we have sufficient capacity to meet the needs of a flat demand future, right into the year 2035.\u00a0 It is highly unlikely there will be a significant increase in demand with the very high prices currently being paid to generate power in Ontario; therefore, Outlooks A and B seem the most likely.\n\nAdditionally, the OPO reported that waterpower has a 30 to 70% capacity rating.\u00a0 This is very misleading, as the document failed to recognize the intermittent side of hydroelectric in their analysis, and badly taints their one-sided and skewed recommendations.\n\nPerhaps 70% efficiency could be achieved at Niagara Falls; however, that is a very unique situation that could not be repeated on many other North American rivers.\u00a0 Run of river hydroelectric facilities may generate as much as 30% efficiency; however, building a true run of river facility is often not cost-effective on smaller rivers because of the high cost of construction, and the small amount of power produced as a result of seasonal low and unreliable flows.\n\nTo further highlight this point, in 2014 an analysis was conducted by the Ontario Power Authority to determine the best means of connection of remote First Nation communities, and to enable forecasted growth to the Ring of Fire.\u00a0 It reported \"Northern hydroelectric generation is an energy limited resource known to have significantly reduced output and availability during drought conditions of the river system supplying these generating units.\u00a0 In fact the recommendation of this report was to not build any new hydroelectric facilities, but primarily to build new transmission lines.\u00a0 A thorough cost/benefit analysis would be necessary to determine whether these types of projects are environmentally and/or economically viable.\n\nThe daily, seasonal and annual variations of small hydro operations are intermittent and therefore not reliable for base load power. The electricity produced by small hydro is unreliable because it peaks during the high flows of spring when power is in low demand, and produces at its lowest during the hot summer months when consumption and demand are highest.\u00a0 During the low flow season of summer or during drought conditions many true run of river, and even some peaking facilities, especially on smaller rivers, cannot operate efficiently, and have to be shut down.\n\nThe ORO report greenwashes hydroelectric by saying that \u201cwaterpower could be a significant source of non-carbon emitting energy and would provide opportunities to partner with First Nation and Metis communities\u201d.\u00a0 This statement is simply not true.\n\nEfficient waterpower generation usually utilizes reservoirs and peaking operating strategies and, even so, still may not be able to produce power during the low flow summer and winter months.\n\nThere are no lack of studies reporting that flooding landscapes to create reservoirs causes flooded vegetation and soils to decompose, and for sediment to accumulate behind the dam, resulting in net emissions of the GHGs, carbon dioxide (CO2), and methane into the atmosphere for decades and possibly for its life following flooding.,\n\nScientists have known for many years that reservoirs are producing far more greenhouse gases than was previously thought, with most of those emissions taking the form of methane.\u00a0 In fact, a recent Washington State University study, just published in the journal BioScience, compiled and analyzed findings, dating back to 2000, of more than 100 studies of emissions from more than 250 reservoirs around the world. They also took into account a factor some previous studies of reservoir emissions had overlooked: bubbles.\n\nSome greenhouse gases, including carbon dioxide and nitrous oxide, readily dissolve in water and then diffuse into the atmosphere in a fairly uniform way. Methane, in contrast, often surfaces in sporadic bubbles. This has made it challenging to get a clear picture of how much of the warming gas\u2014which is 34 times more powerful than carbon dioxide\u2014is rising off of a reservoir.\n\nBubble-tracking sonar has shown that reservoirs contribute about 25% more methane than previously thought.\u00a0 The study reports that reservoirs contribute 1.3% of the world\u2019s annual human-caused greenhouse gas emissions \u2013 as much as the entire nation of Canada.\u00a0 It is time our governments recognize this before continuing down the path of increasing the number of hydroelectric reservoirs.\n\nThese results are leading to calls for reservoir emissions to be included in calculations made by countries and organizations such as the Intergovernmental Panel on Climate Change when gauging greenhouse gas\u00a0emissions.\u00a0 The emissions, including carbon dioxide and nitrous oxide, come from decomposing plant material under the water, and methane is produced by microbes devouring rotting material, such as algae, in sediment that builds up behind dams. The emissions are then boosted by nutrients that come from human activities such as agriculture, wastewater or septic\u00a0systems. Natural lakes produce less greenhouse gases as there is not so much rotting material beneath the water and because reservoirs have more fluctuations in water levels than natural lakes \u2014 something which enhances methane\u00a0production.\u00a0 Reservoir methane production is comparable to rice paddies or biomass burning, both of which are included in emission estimates of the Intergovernmental Panel on Climate Change, the leading international authority on the subject.\n\nA 2013 study by Edgar G. Hertwich of the Norwegian University of Science and Technology found that carbon dioxide emissions from hydropower, per unit of electricity delivered, were 10 per cent higher than emissions from natural gas-fired\u00a0plants.\u00a0 The researchers acknowledge that reservoirs provide important services like electrical power, flood control, navigation and water. But reservoirs have also altered the dynamics of river ecosystems, impacting fish and other life forms. Only lately have researchers started to look at reservoirs\u2019 impact on greenhouse gases.\u00a0 While reservoirs are often thought of as \u2018green\u2019 or carbon neutral sources of energy, a growing body of work has documented their role as greenhouse gas sources.\n\nIn fact, Keywan\u00a0Riahi, Director of the Energy Program at the International\u00a0Institute for Applied Systems Analysis says, \u201cpower plants are not only causing climate change, but they might also be affected in major ways by climate\u201d.\n\nThe collateral environmental damage caused by dams and waterpower facilities has been well documented for decades, including the loss or serious decline in migratory fish species (waterpower facilities are key factors in the listing of some iconic fish species as species at risk in Ontario and elsewhere); declining biodiversity,,,,, impaired water quality (including elevation of mercury concentrations in fish tissue); and are key threats to imperiled aquatic species.,\u00a0 Significant ecological damage from waterpower has been ongoing for many decades in Ontario,, and in other locations throughout the world.\u00a0 In the past, attempts to effectively mitigate many of these impacts have been sporadic to non-existent in Ontario.\n\nEven today, a basic mitigation technique such as the installation of fish ladders at waterpower installations is rarely a requirement.\u00a0 Despite known impacts on several migratory fish species in Ontario, only a few (2-3) fish ladders have been installed on the approximately 200 existing waterpower facilities in the province.\n\n\u201cThe accumulated effects of multiple small-scale waterpower operations could amount to similar overall environmental degradation per unit of electricity generated as is caused by larger projects.\"\u00a0 In fact the cumulative impacts of many small projects can be even larger, depending on the circumstance.,\n\nIn summary, hydroelectric, whether large or small, can have significant negative environmental effects on food security, and instead of mitigating GHG emissions, hydroelectric reservoirs are actually fuelling climate change.\u00a0 Therefore, there should be no additional hydroelectric included in Ontario\u2019s Long Term Energy Plan.\n\n2.Ensure new and existing energy projects do not have negative impacts on our air, land, water or ecosystems\n\nThe Green Energy Act and Green Economy Act offer peak demand incentives and disincentives, to produce more power during peak demand hours.\u00a0 This encourages harmful daily peaking operating strategies at hydroelectric facilities, using reservoirs and seasonal water level operating bands to peak on a daily basis. The strategy is to hold back water during off-peak hours, in order to produce more power during peak demand hours, which earns a higher price and profit.\n\nThe Independent Electricity System Operator (IESO) also offers an Industrial Conservation Initiative incentive for hydroelectric operators to reduce electricity consumption during peak hours. If a corporation can conserve or produce some of its own power, it will offset grid power costs.\n\nOn the surface this sounds good; however, there are unintended consequences that can have serious negative impacts on the environment. For instance, a large mining company generates power for their operation at three hydroelectric facilities on a local river in order to offset their consumption of power from the provincial grid. The corporation informed ORA that it saves millions of dollars annually by producing more of their own power on very hot days when peak demand is greater. In order to achieve these savings, the company can and does use its seasonal water management operating bands to peak its facilities on demand.\u00a0 This allows them, at will, to fluctuate water levels at what was a run of river operation, with reports of fluctuations of up to 3 to 4 feet in a day \u2013 all without the benefit of an environmental assessment to determine the impacts.\n\nThese extreme and intermittent fluctuations in water levels and flow velocity create havoc on the riverine ecosystem when shoreline residents lose their docks, eggs from nesting loons are washed away, and water quality is degraded.\u00a0 These are only the visible and obvious impacts \u2013 no one knows what the long-term impacts will be on the fishery, endangered species, and the riverine ecosystem.\n\nCurrently there is no regulatory requirement to undertake an environmental assessment to gauge the impacts and/or trade-offs that these water management changes will have on the riverine ecosystem, or any meaningful attempt to mitigate the impacts.\u00a0 Approval under the Waterpower Class Environmental Assessment is only required when physical changes to a facility would result in an increase in Installed Capacity of 25% or more.\n\nAlso in this vein, another generating station in Ontario stands accused of damaging a Provincially Significant Wetland, as a result of using seasonal operating bands on a daily basis to maximize power generation.\u00a0 There are very likely many other facilities that have also changed their operating strategies to take advantage of peak demand incentives.\n\nUndoubtedly there has been untold damage resulting from the GEA - legislation purporting to protect our environment.\u00a0 It is no wonder that the public has lost confidence and there is so much local resistance to these \u201crenewable energy\u201d projects.\n\nThe system is broken and must be reformed if we are to protect and conserve our freshwater ecosystems.\n\n3.Reduce demand for power through energy efficiency and conservation.\n\nThe CCAP mentions several programs geared towards conservation of energy consumption.\u00a0 ORA is in agreement with most conservation initiatives, as long as they are carried out in an environmentally and socio-economically sustainable way to protect our air, land, water and ecosystems.\n\n4.Invest in emerging conservation, power storage, and generation technologies.\n\nViable alternatives to new waterpower do exist, and are often more sustainable and less costly environmentally and economically.\u00a0 The most obvious is to improve the efficiency and sustainability of existing power facilities, reduce the demand for power by decreasing energy consumption and increasing conservation, retrofitting power plants with more efficient eco-friendly technologies, and reducing losses through power transmission lines.\u00a0 There are also a number of renewable options that can be considered, such as solar, wind, geothermal and biomass.\u00a0 Of course it is important that individual projects be assessed to ensure they are environmentally and socio-economically sustainable.\n\nThere are also several emerging technologies, such as those related to battery and balloon storage, thorium-based nuclear Molten Salt Reactors, and the recycling and reprocessing of used nuclear fuel, which will need to be evaluated in the future.\n\n5.Reduce power losses through transmission lines\n\nElectricity losses occur at each stage of the power distribution process, beginning with the step-up transformers that connect power plants to the transmission system, and ending with the customer wiring beyond the meter.\u00a0 The figure below shows a diagram of these system components. These electricity losses are often referred to as \u201cline losses\u201d, even though the losses associated with the conductor lines themselves represent only one type of electricity loss that occurs during the process of transmitting and distributing electricity.\u00a0 System average line losses are in the range of 6 to 10% on most utility grids, but increase exponentially as power lines become heavily loaded.\u00a0 Avoiding a small amount of electricity demand in the highest peak hours can reduce line losses by as much as 20 percent.\u00a0 At such levels, disproportionately more generation resources need to be operated to deliver the same amount of electricity to end-users.\n\nEach stage identified in the diagram below is subject to losses, and therefore provides opportunity for efficiency improvements.\u00a0 The cumulative benefits can be very significant.\u00a0 This is because a 1 kW load reduction at the customer\u2019s end translates into more than a one-kW load reduction \u2013 sometimes very much more \u2013 moving upstream to the distribution, transmission and generation levels because of losses compounding along the way.\n\nORA submits that a focus on reducing line losses in the electrical transmission and distribution system could enhance electrical efficiency and make a significant reduction generation-related emissions.\n\n6.Encourage generation of power through harnessing in-pipe water systems, sewers and irrigation systems.\n\nIn addition to solar and wind generation, nowadays in-pipe water to wire power systems are becoming particularly interesting for the integration of renewable resources at urban and building scale because of the potential to harness clean energy from excess head pressure in urban and domestic water pipelines.\u00a0 The ability to operate across a wide range of head and flow conditions, these particular micro hydro power systems can be deployed in municipalities, energy-intensive industries and agricultural irrigation districts providing a consistent amount of clean and continuous energy without the typical intermittency of wind, solar and hydroelectric, and at the same time helping in pipelines management and maintenance.\n\nIt would be preferable to offer incentives to industry to produce power from existing pipe infrastructure where there are so many benefits, with very few impacts.\n\n7.Review electricity pricing with the goal of reducing prices paid to power operators.\n\nThe prices paid for waterpower are now higher than that paid for the same capacity of solar generation.\n\nThe IESO has increased the price paid to waterpower operators under Feed-in-Tariff (FIT) from 14.8 cents/kWh in 2013, to 24.1 cents/kWh in 2017.\u00a0 This has resulted in an increase in waterpower applications under 500 kWh.\u00a0 It is not surprising that there is such a gold rush mentality with the generous increase in prices paid for these intermittent and unreliable hydroelectric facilities.\n\nThese tiny projects will receive 40 year FIT Contracts, and in a warming world, these types of projects are ill-advised when extreme weather could impair riverine health and/or result in dam failure.\u00a0 For instance, in 2015, 18 dams were breached in one flood event in South Carolina. During the low flow season of summer or during drought conditions many true run of river, and even some peaking facilities, especially on smaller rivers, cannot operate and have to be shut down due to low flows.\n\nThese small waterpower projects would not contribute in any meaningful way to the power grid, but instead represent 40 years of death by a thousand cuts to many Ontario rivers. \u00a0 Even true run of river dams fragment habitat, chop up fish, and impede flow and vital nutrients to the downstream. As stated above, there should be no new waterpower procurement.\n\nFor all existing generation, ORA suggests a competitive power procurement mechanism, that would apply to all generators, including Ontario Power Generation and FIT contracted generation.\u00a0 This measure would greatly reduce the cost of power to the ratepayer.\n\n8.Ensure our electricity supply is environmentally and socially sustainable and affordable.\n\nA rapidly changing climate may not support the hydro facilities we already have, let alone support the notion that more hydroelectric dams and reservoirs are a good idea.\n\nAccording to a new NASA and National Science Foundation funded study of more than half of the world\u2019s freshwater supply, climate change is rapidly warming lakes around the world, threatening freshwater supplies and ecosystems. The rate of warming is faster than either the ocean or the atmosphere, with even greater warming in northern Canada. \u00a0 As warming rates increase over the next century, algal blooms, which can rob water of oxygen, are projected to increase 20 percent in lakes, and emissions of methane will increase by 4 percent over the next decade.\u00a0 Additionally, new studies are reporting on the increased evaporation rates from reservoirs, and there are increasing reports from around the globe of rivers and lakes drying up.\n\nIn fact, the World Economic Forum in its \"Global Risks 2015\" report lists \"water crises\" as its number one global risk in terms of impact \u2013 beating out the rapid spread of infectious disease, weapons of mass destruction, and failure of climate-change adaptation.\n\nNew reservoir flooding also accelerates the bioaccumulation of methylmercury in fish, seals, etc., and can put food security at risk for communities relying on fish and other aquatic life as a main staple in their diet.\u00a0 These effects can persist for 20 to 30 years or more. ,\n\nIn addition, hydroelectric projects often overestimate economic benefits, and underestimate their far-reaching effects on biodiversity and critically important fisheries.\u00a0 Current site-specific assessments largely ignore cumulative impacts on hydrology and ecosystem services, in favour of profits, and to the detriment of the environment and citizens.\n\nHydroelectric isn\u2019t the answer to our climate change dilemma \u2013 it is the absolute wrong prescription for a warming climate with increasing intensity of droughts and flooding. \u00a0Protecting our freshwater must be recognized as an issue of national security \u2013 it is essential to our own, and our children\u2019s survival on this planet.\n\n9.Ensure meaningful consultation with the public and First Nation communities, including the possibility of a no outcome.\n\nMeaningful public consultation must be an essential requirement in the power procurement process. This would provide an opportunity for healthy discussion and input from the public and Indigenous communities before an application goes to Council for endorsement, or a contract offered.\u00a0 As it is now, once an electricity project receives a power procurement contract and progresses through the Environmental Assessment process, there is no possibility of a \u201cno\u201d outcome.\u00a0 This is unacceptable. It is crucial that a community has meaningful say in whether a project goes ahead in their community.\n\nFuture growth of waterpower must reflect the need for an evolution of perspectives that respect existing ecosystems, cultures, and human and democratic rights.\n\nIt is essential that we secure an environmentally and socially sustainable freshwater future for our children and grandchildren, so let's ensure that any actions taken today to address climate change or power shortages are methodically researched and carefully considered to understand what the trade-offs will be.\n\nThank you for this opportunity to comment!\n\nRespectfully,\n\nLinda Heron\n\nChair, Ontario Rivers Alliance\n\n[Original Comment ID: 207081]\n"
    },
    "4772": {
        "url": "/comment/4772",
        "comment": "Nuclear power has been proven to be very costly and diminishes in efficient very quickly year by year. It is not clean energy because of the even more radioactive waste it produces that then sits around the planet potentially leaking into the environment. The risk of an 'accident' and its resulting devastation we have already seen a number of times. I know of people working in the industry that say there have been many 'close calls' that the public is not made privy to. We are so far beyond this. We are capable of so much more already and every day we are creating more and better ways of producing 'really' clean energy and providing innumerable jobs along the way. Let's go into the future, not stay in the past, or move backwards. We deserve better. Our children deserve better.\n\n[Original Comment ID: 207082]\n"
    },
    "4773": {
        "url": "/comment/4773",
        "comment": "Why does our government continue to pour good money after bad into Nuclear Power?\nTo be spending Billions of dollars refurbishing our 40 year old nuclear equipment is insane!\nWhen the rest of the world is moving away from Nuclear energy, why do we still pursue it?\nIn the wake of Chernobyl, Fukushima and 3 Mile Island (to name only 3 of many nuclear disasters), the only route to any safe future for our children's children, is a future that has been built on 100% renewable energy!\nMy vote each time will be for a party that supports 100% renewables!\n[Original Comment ID: 206173]\n"
    },
    "4774": {
        "url": "/comment/4774",
        "comment": "Introduction\n\nClean Energy Canada is a pleased to submit comments on \u201cPlanning Ontario\u2019s Energy Future: A Discussion Guide to Start the Conversation\u201d to Ontario\u2019s Ministry of Energy as part of the province\u2019s next long-term energy plan (LTEP).\u00a0 This submission reflects our preliminary comments, and we look forward to working with the Ministry of Energy throughout the entire planning process. Ontario begins the LTEP process from a position of strength. Having completed the single-largest climate change initiative in North America by eliminating coal-fired electricity generation in 2014, greenhouse gas (GHG) emissions from Ontario\u2019s electricity sector have fallen by 80 per cent since 2005. Ontario also enjoys an energy supply mix from a variety of sources, with about 32 per cent of that mix being supplied from clean, renewable energy resources including hydro, solar, wind and biomass. The 2017 LTEP is a road map that will set the direction for the province\u2019s energy future for the next 20 years, a period of time in which production and use of zero-carbon electricity will increase.\n\nIn June, 2016, the province released its Climate Change Action Plan (CCAP), outlining the approach Ontario will take to reduce GHG emissions. Reflecting an international movement to limit global warming to 2 degrees, Ontario\u2019s plan includes the launch of a cap and trade system to price carbon in 2017, and policies and programs to reduce reliance on fossil fuels in transportation and buildings. Climate change gives us the impetus to look at the whole of Ontario\u2019s energy system and find ways in which we can reduce our fossil fuel use.\n\nHow can we do this?\n\nOntario is becoming less emissions intensive, even with an increase in economic activity. This decoupling of emissions and economic growth reflects a global trend which in 2014, saw, for the first time in 40 years, a halt in the increase of greenhouse-gas emissions without help from an economic downturn. However, this does not mean Ontario gets to rest on its laurels. Even with improvements in the province\u2019s emission intensity, emissions will continue to grow in the absence of policy action. Those policy actions, as dictated in the CCAP, will result in increased electrification: fuel-switching from fossil fuels to clean power to fuel our cars, trucks, and trains, heat our homes, offices, and drive our industries.\n\nThis shift from fossil fuels to clean electricity is needed in Ontario, but it will also occure throughout the rest of Canada and around the world. While not a one-size-fits-all solution, electrification will be a big part of the international effort to live up to climate commitments such as the Paris Agreement (2030) and G7commitment to decarbonization by 2100. As a result, the global market for clean electricity technologies is growing quickly. So is demand for the technologies and services that underpin electric transportation, buildings, industrial processes and smart grids \u2013 many of which Ontario has expertise in because of policies supporting renewable energy, storage, and the installation of smart meters.\u00a0 These new technologies can help to optimize Ontario\u2019s energy system, and support the transition to clean power in a cost-effective way that meets the needs of Ontarians.\n\nEffective energy system planning in Ontario requires a forward-thinking approach. The 2017 LTEP must be the roadmap for Ontario\u2019s continued transition to affordable, reliable clean power sources. One that provides value for money to Ontarians, and leverages the significant opportunity of new, competitive, low-carbon technologies.\n\nPOLICY SOLUTIONS\n\nElectrification: Ontario\u2019s Clean Power Future\n\nOntario enjoys a relatively emissions free electricity grid, with only a little over 7% of power generation contributing to the province\u2019s GHG profile. Ontario has recently attracted more than half of the annual investment flowing into clean energy across Canada, and this growing proportion of clean electricity now presents Ontario with a comparative advantage when it comes to fuel-switching to electricity, and thereby reducing GHG emissions from sectors and uses currently reliant upon fossil fuels.\n\nThe 2017 LTEP is an opportunity to continue the transition to powering Ontario with clean energy sources. To do that effectively, the province should utilize this process to inform Ontario\u2019s plan for how our transportation systems, buildings, and electricity sector will continue to transition towards increased electrification, and to identify opportunities for Ontarians in that transition. To do this, Ontario should consider the following objectives for inclusion in the 2017 LTEP:\n\n\u2022Sector-by-sector electrification goals and energy pathways for end use sectors (transportation, buildings, industry, etc.) for the short, medium, and long term.\n\n\u2022Assessments, including cost-benefit analysis, of the grid modernization that will be needed to support electrification and plans to achieve those improvements, recognizing the advantage and economic value of the potential electricity storage capacity of hydro reservoirs as well as smaller-scale storage and distributed generation.\n\noInvestments in \u201csmart\u201d grids and micro-grids will allow for more efficient use of electricity and greater integration of decentralized power while maintaining reliability, resilience\u2014especially in the face of a changing climate\u2014 and affordability for consumers.\n\n\u2022Targeted approaches for electrification in remote, rural and Indigenous communities, which also represent prototype solutions, including microgrids, for a world marketplace.\n\nIn Ontario, the governing energy board, agencies, and utility commissions can be perceived as presenting a structural barrier to electrification, and this issue should be addressed in the 2017 LTEP. As an example, some utilities are mandated, or interpret their mandate, to choose \u201cleast cost\u201d electricity generation, rather than \u201clowest emission,\u201d \u201cmost resilient,\u201d or \u201cbest life-cycle return.\u201d Restrictive utility mandates can inhibit investments in new clean power to enable more electrification; to plan for increased demand as the transition to electrification takes hold; to conduct pilot programs; to support R&D efforts; to value energy efficiency and conservation; to invest in smart grid technology; and to change rate structures where necessary to support electrification activities.\n\nTherefore, utility mandates may need to be updated for the 21st century, now that electrification and low-carbon electricity are important policy goals. Updated acts and regulations could allow for R&D support, pilot projects, innovation, growing clean power capacity, and new rate structures \u2013 specifically ones that support DSM approaches to power management - while assuring affordability and economic competitiveness.\n\nFinally, Ontario could offer its expertise in electrification more broadly to the rest of the country. As more and more renewable electricity generation comes online, Canada\u2019s electricity transmission and distribution system operators will face new challenges. Through the coal phase-out and increased reliance on renewable power, Ontario has already worked hard to develop and implement solutions, which could be shared.\n\nOntario\u2019s Clean Energy Technology Advantage\n\nAccording to the\u00a02015 Canadian Clean Technology Industry Report, 35 per cent of cleantech companies in Canada are located in Ontario, which has grown particularly strong in the area of clean energy technologies. The decision to phase out coal-fired power generation, followed in 2009 by passage of the Green Energy and Green Economy Act, sent strong signals to the market and sparked a new era of energy innovation in the province. The province was the first jurisdiction in North America to put a smart meter in every home and small business, and was the first in Canada to open access to smart meter data as part of the White House-inspired \u201cGreen Button\u201d initiative. Armed with this standardized data, software developers are creating \u201capps\u201d that help consumers and businesses use energy more strategically and efficiently. Today, there are more than 260 companies in Ontario working to develop and commercialize technologies that can clean up electricity, make the grid smarter, reduce the carbon footprint of buildings, and drive emissions out of transportation. These companies will be essential in supporting Ontario\u2019s transition to clean power through reliable, price competitive technologies.\n\nTechnology Opportunity: Energy Storage\n\nEnergy storage is a clear example of Ontario\u2019s leadership in clean energy technology. To date, the province\u2019s Independent Electricity System Operator has procured 56 megawatts of grid-connected energy storage, representing more than 6 per cent of all projects installed globally to date (Germany, by comparison, had 67 megawatts installed by the end of 2015). It\u2019s an impressive feat for a jurisdiction accounting for just 0.6 per cent of worldwide electrical generating capacity. Leading companies include Temporal Power (flywheels), Hydrostor (underwater compressed air storage), Electrovaya (lithium-ion batteries), Hydrogenics (hydrogen) and Opus One Solutions (integration/management). One newcomer to watch is e-Zn, which has developed a zinc-metal energy storage system with potential to dramatically reduce the cost of off-grid and grid-connected energy storage.\n\nEnergy storage has a unique value proposition in that it can play multiple roles in supporting Ontario\u2019s electricity grid, from supporting behind the meter solutions (batteries) to distribution support (flywheels), to bulk system storage (pumped system hydro). While assessing the falling costs of energy storage technology can be complex (as it pertains to assessing the economics of single use cases versus multiple use cases), both the Rocky Mountain Institute and Lazard\u2019s \u2013 a financial advisory firm \u2013 predict significant cost declines in energy storage technologies over the next 5 years.\n\nTechnology Opportunity: Microgrids\n\nAs global energy systems shift towards decentralization, consumers are seeking heightened engagement with providers, and the cost of advanced energy technologies is continuing to fall. As these trends become more pronounced, microgrids have potential to offer benefits to utilities, communities, and industrial customers including enhanced resiliency, provision of grid ancillary services, optimization of assets, customer self-sufficiency, options for more distributed operations, avoided cost opportunities and reduced carbon emissions through integration of renewables.\n\nThe global microgrid market is rapidly expanding. As of November 2016, there were approximately 1,681 microgrid projects in 122 countries with 16,552 MW in capacity. Navigant Research concludes that that the global vendor revenue for microgrids may be as much as\u00a0$20 billion annually by 2020. This represents potentially significant opportunities for investment in and export of Ontario energy innovation in this space, given our expertise in energy storage, smart grid, and behind the meter data technologies.\n\nBoth technology examples bring benefits to Ontario\u2019s energy grid as part of an overall shift to clean power. However, barriers including the current regulatory and legislative framework, the rules and policies affecting Ontario\u2019s local distribution companies and a lack of customer understanding threaten the deployment of these technologies. It is therefore essential that the 2017 LTEP address the structural market barriers in Ontario\u2019s energy system that are hindering the adoption of cost competitive, grid effective, low carbon technologies.\n\nA Leader Within Canada\n\nOntario announced a landmark deal with Quebec in October of this year to transfer power between the two jurisdictions. The amount of hydroelectric power that will flow from Quebec to Ontario each year is enough to power a city with nearly a quarter million people. And because this clean electricity will be replacing natural-gas-fired power, it will cut one million tonnes of GHG emissions.\n\nBy avoiding an unnecessary overbuild of power generation to meet peak demand, this kind of optimization can also help reduce costs. The Ontario and Quebec agreement will see the provinces swap 500 megawatts of power annually, taking advantage of differences in seasonal demand.\u00a0It\u2019s a precedent that can\u2014and should\u2014be built upon to a much larger scale within Canada.\n\nBoth Alberta and Saskatchewan have set laudable targets for increasing the share of renewable power on their grids over the coming decades, they\u2019re still burning fossil fuels for power. But they both neighbour provinces\u2014B.C. and Manitoba\u2014that generate ample hydropower. Through greater integration of their grids, these provinces could cut more carbon pollution faster and gain access to lower-cost electricity. As mentioned in the above, Ontario has an opportunity to share experiences and learnings from both a broader shift to electrification and the shared power agreement with its provincial counterparts.\n\nThe federal government\u2019s\u00a0fall economic update\u00a0reiterated that interprovincial power lines could be a strategic opportunity for federal green infrastructure investment. A\u00a0recent\u00a0poll conducted by Nanos Research and commissioned by Clean Energy Canada found that\u00a082% of respondents said the federal government should help provinces use more clean power.\u00a0Ontario should work with the federal government to secure funding in its interest to support the flow of clean power sources to support peaking and storage on Ontario\u2019s grid.\n\nTHE WAY FORWARD\n\nIn their 2016 World Outlook Bloomberg New Energy Finance predicts the future of energy: \u201ccheaper coal and cheaper gas will not derail the transformation and decarbonisation of the world\u2019s power systems. By 2040, zero-emission energy sources will make up 60% of installed capacity. Wind and solar will account for 64% of the 8.6TW of new power generating capacity added worldwide over the next 25 years, and for almost 60% of the $11.4 trillion invested.\u201d Ontario\u2019s LTEP therefore is an important opportunity to plan, not just for the next 10 years, but to set the path for the next 30 years. It is with that view that we offer the following recommendations:\n\n1.Ontario\u2019s 2017 Long-Term Energy Plan serves as a road map for the provinces clean energy future. Considering the increased demand created by the implementation of the CCAP, new power will be supplied by clean resources. This holistic plan will look at decarbonisation across Ontario\u2019s entire energy system including electricity, heating and cooling, transportation, and opportunities to improve energy efficiency.\n\n2.As part of its road map to a clean energy future, Ontario will look to incorporate competitive clean energy technologies. Cost effective and efficient, there are opportunities for innovation and exports in storage, microgrids, and other clean technologies that can bring economic benefit to Ontario in addition to grid efficiencies. This means modernizing Ontario\u2019s energy market system, and reducing barriers that hinder adoption of new technologies.\n\n3.Ontario should continue to play a leadership role within the federation, supporting a\n\nCanada-wide adoption of a strategy to encourage fuel-switching to clean power, and working with the federal government to secure green infrastructure investment that benefits Ontario\u2019s energy system and ultimately, Ontarians.\n\nOntario\u2019s Long-Term Energy Plan is an opportunity to set outcomes that will realize the broader goals for the province\u2019s future \u2013 reducing GHG\u2019s and growing a prosperous low carbon economy. Energy is vital to that conversation; it is the sector where any climate plan is realized.\n\nWe look forward to working with the Ontario Government, and the Ministry of Energy to help inform the 2017 LTEP.\n\nCONTACT\n\nSarah Petrevan\n\nSenior Policy Advisor\n\nsarah@cleanenergycanada.org\n\n647-999-2992\n\n[Original Comment ID: 207084]\n"
    },
    "4775": {
        "url": "/comment/4775",
        "comment": "I strongly feel that Ontario should take this great opportunity to lead the rest of Canada in the transition from fossil fuel\nreliance to renewable energy freedom.\u00a0 A complete transition to renewable energy sources would make Ontario impervious to immenant fluctutions and the inevitable crash in fossil fuel energy.\u00a0 In order to protect the environment, maintain economic stability, create jobs, andprotect the citizens of Ontario from huge cost fluctuations due to supply and demand of fossil fuels, the Ontario government must lead the charge in Canada's transition to a brighter future using completely renewable energy sources.\n[Original Comment ID: 206174]\n"
    },
    "4776": {
        "url": "/comment/4776",
        "comment": "As a citizen of Ontario I am calling on your government to commit our province to 100% renewable energy and lead us into a new green future that is forming around the world. Now is our chance to join over 45 other countries by committing to energy conservation, wind and solar power for all our needs. We do not want and there is no need, nor place for fossil fuels and nuclear energy in our provinces sustainable future. 100% renewable energy will bring green jobs to our province, lower our electricity costs, reduce climate change and preserve nature for our children. We our counting on you to be a world leader for these goals.\n\n[Original Comment ID: 207083]\n"
    },
    "4777": {
        "url": "/comment/4777",
        "comment": "Given the complexity of what is being considered in the province\u2019s Long Term Energy Plan, I have broken down my submission into several categories based on topic.\n\n1) Continued reliance on nuclear energy generation as a significant portion of Ontario's electricity mix:\n\nWhile nuclear energy offers many advantages over fossil fuel generation, continued safe operation of Ontario\u2019s aging nuclear reactors is a primary concern for all Ontarians. OPG has had a particularly poor record when it comes to safety at the Pickering Nuclear Generating Station. Most recently OPG was heavily fined for violating its licensing requirements. Extending the life of PNGS to 2024 as currently recommended in the long term energy plan represents an unnecessary risk, especially given that the province could easily replace the retired capacity with an equivalent amount of renewable energy coupled with energy storage and inexpensive imports of hydro electricity from Quebec.\n\nFurthermore, the recent rate application by OPG to the Ontario Energy Board to increase the cost of nuclear power by more than double is an indication of the increasing liability of continued operation of Ontario\u2019s aging nuclear fleet. The requested price for nuclear energy will be more than twice the cost of new wind power projects based on the winning bids from the LRP. The province\u2019s reliance on nuclear energy is now a threat to the affordability of electricity, which has been repeatedly identified as a primary concern to ratepayers.\n\n2) Suspending the second round of the Large Renewable Procurement and the Energy from Waste Standard Offer Program:\n\nThe decision to cancel the second round of renewable energy procurement amounting to over 1,000 MW of renewable energy at such a late stage was an enormous mistake, as this has directly resulted in undue hardship to local renewable energy equipment manufacturers and developers. It also sends a message of instability to the market and makes for an uncertain investment climate for companies that provide much needed well paying manufacturing and technology based jobs to the province\u2019s economy. The decision to cancel the LRP runs directly counter to the goal of pursuing a continued reduction in the carbon intensity of the electricity grid.\n\n3) Residential price mitigation:\n\nSubsidies for electricity consumption in the form of rebates such as the \u201cOntario Clean Energy Benefit\u201d, \u201cOntario Electricity Support Program\u201d and the \u201cRural and Remote Electricity Protection\u201d run directly counter to the Ministry of Energy\u2019s own energy conservation goals. Such rebates granted directly on electricity bills are a disincentive to conserve electricity. While support should be provided to low-income households to assist with the living costs, mechanisms such as robust funding programs for increasing household energy efficiency through retrofits would result in both conservation of energy and reduced energy bills. According to NRCan, in 2011 approximately 38% of single-family dwellings in Ontario relied on electricity for space heating and 42% of single-family dwellings relied on electricity for hot water production. Given that hot water use and space-heating make up 85% of the total energy use in a single-family dwelling, focusing on increasing the energy efficiency of these homes would provide a significant benefit for a large proportion of Ontario\u2019s households. Such energy efficiency programs would also reduce the financial burden on all Ontarians, given that according to the Financial Accountability Office of Ontario, the aforementioned rebate programs are funded via charges to all ratepayers. Should additional financial assistance be required, it would be better accomplished through an income tax rebate, as at least then it would not financially reward wasteful energy consumption.\n\n4) Home energy audits and retrofit programs offered through Enbridge and Union Gas:\n\nWhile these programs offer a sizeable benefit for home owners using natural gas for heating and hot water production, rural and low income households that use electricity for space heating and hot water and could benefit the most form energy efficiency upgrades are excluded. Given that over 1/3 of all households in Ontario rely on electricity for space heating and nearly 50% rely on electricity for hot water heating, a significant proportion of the population receives no benefit from these programs. While carbon emissions savings associated with efficiency upgrades in homes using natural gas may appear to be greater than those for electricity, the age of the building and the existing level of efficiency play very large roles in determining the effectiveness of efficiency upgrades. Adding insulation to a 100 year old house with no insulation would result in a much greater reduction in energy use and green house gas emissions than the same amount of insulation added to a 10 year old house that is already insulated to code minimum levels.\n\n5) Grid integration of electric vehicles and energy storage systems:\n\nLooking to the next decade, electric vehicle uptake is certain to increase along side peak shifting energy storage systems, offering synergies between dispatchable demand and renewable energy generation. Another example would be hydronic heating or cooling systems that rely on water storage tanks that can be dispatched to generate and store thermal energy for heating or cooling during periods of high wind or solar production for use during peak periods, thereby alleviating strain on the electricity grid and helping to increase penetration of renewable energy on the grid.\u00a0 The University of Guelph has a great example of a thermal energy storage system that can store up to 5 MW worth of energy for cooling buildings on campus. Another current example is a net zero energy home on the Bruce Peninsula that uses hydronic heating, relying on hot water heated from off-peak electricity that is then stored in insulated tanks for use during on-peak times. Other examples could include energy storage using electrolysis to produce hydrogen, which can then be stored for conversion back to electricity or as a transportation fuel. A framework needs to be developed to investigate the opportunities that exist from using both currently available and nascent technologies that can be integrated into a smart grid network that is able to facilitate both the addition of more renewable energy to the grid and a flattening of peak demand curves to help reduce the strain. While the 50 MW pilot program for energy storage was a good start, a large concerted push needs to be made to support and rapidly roll out grid energy storage systems to assist in rapid de-carbonization of the electricity grid and transportation network. Not only will this mitigate climate change, it will also help develop a new green technology sector and if planned properly, would facilitate further grid stabilization and resilience.\n\nTo help inform decisions related to development of energy storage, renewable energy and electric vehicles, the Ministry should look to some of the research done by other jurisdictions such as the United States Department of Energy\u2019s National Renewable Energy Lab (NREL). Over the last decade, NREL has undertaken extensive work in this field, including the modelling of entire grids using super computers to determine what effect the level of wind energy penetration and electric vehicle uptake has on grid operation. Publications from these studies are currently available from NREL (http://www.nrel.gov/transportation/project_ev_grid_integration.html), though given the US president elect\u2019s stance on climate change, they may only be accessible for a limited period of time...\n\n6) Expansion of natural gas to rural communities:\n\nThe current goal of the province is to rapidly reduce carbon emissions, however the proposal to increase access to natural gas for use as a heating fuel via expansion of the natural gas pipeline network to rural communities is directly counter to this goal and should not be allowed to occur. A significant proportion of natural gas produced in North America is through the use of hydraulic fracturing which has been shown to have many detrimental effects on communities and ecosystems, including multiple earthquakes that damage buildings, groundwater contamination, ecosystem fragmentation, and proliferation of wastewater ponds to store spent fracking fluid. Therefore, the province should not only cease the expansion of the natural gas network, but also follow the lead of New Brunswick and Quebec in putting moratorium on all hydraulic fracturing well development. For rural communities, redirecting the $230 million currently earmarked for expanding natural gas service and instead investing it in energy efficiency retrofits for homes, farms and businesses, and promoting the use of advanced technologies such as heat pumps for use in drying facilities would both help to increase local jobs in the technology and building sectors and help to reduce carbon emissions. This would be a far better option than spending $230 million in subsidizing fossil fuel use and aiding development of a destructive industry! In fact, even doing nothing at all or just handing rural homeowners and businesses the cash would be a better option than subsidizing natural gas use.\n\n7) Net Zero Energy Communities:\n\nThe province via the Ministry of Municipal Affairs and through the Climate Change Action Plan has announced that all new homes will be net zero energy by 2030. Efforts to develop net zero communities should be harmonized between the Ministry of Municipal Affairs and the Ministry of Energy to avoid unintentional difficulties for the development of such communities. The Ministry of Energy must mandate that grid operators and local distribution companies plan for and accept such developments. Hydro One seems to currently have an arbitrary cap on the amount of distributed generation that they accept on their network. A first step toward reducing barriers for net zero community development would be for the Ministry of Energy to require a third party evaluation of the actual capacity for distributed generation on the grids of companies such as Hydro One. Grid utilities need to be carefully and closely regulated to ensure the goals of carbon emission reductions are not compromised, otherwise Ontario runs the risk of utilities engaging in anti-competitive behaviour such as recently seen in Nevada.\n\n8) Expansion of electricity grid to northern communities:\n\nRather than spending billions of dollars building inefficient long distance electrical transmission lines through the boreal forest and destroying habitat in the process, the money would be better spent on developing localized grids powered by local energy sources that would support local jobs and independence for northern communities. These communities could also double as test beds and living labs for new technologies for management of micro grids and integration of renewable energy and storage.\n\n9) Oil Pipelines \u2013 Energy East:\n\nThe Energy East pipeline should not be allowed to proceed, since repurposing an old natural gas pipeline for transport of diluted bitumen is a risky venture.\u00a0 Improved access to markets would result in further expansion of oil sands, which would quickly negate Ontario\u2019s emission reduction efforts. Given the poor safety records of TransCanada and other pipeline companies in the past, allowing Energy East to proceed would greatly increase the risk of a significant oil spill event in the province. Furthermore, according to a 2015 article in the Ottawa Citizen, the Ontario Energy Board has identified that allowing this conversion would increase winter natural gas prices in the province by 12%. The meager short-term employment opportunities that this pipeline project would provide are just not worth the high risk to drinking water of communities and to sensitive ecosystems.\n\n10) References:\n\nPNGS Regulatory Action 2016: http://www.nuclearsafety.gc.ca/eng/pdfs/Regulatory_Action/2016/20160112-AMP-Ontario-Power-Generatio n-eng.pdf\n\nNRCan 2011. \u201cComprehensive Energy Use Database\u201d, Tables 28, 29 & 35. http://oee.nrcan.gc.ca/corporate/statistics/neud/dpa/showTable.cfm?type=CP&sector=res&juris=ca&rn=2 8&page=0\n\nFinancial Accountability Office of Ontario, 2016. \u201cHome Energy Spending in Ontario: Regional and Income Distribution Perspectives\u201d\n\nhttp://www.fao-on.org/en/Blog/Publications/hespending\n\nOttawa Citizen, D. Butler, August 13, 2015 \u201cEnergy East would raise winter natural gas prices by 12% in E. Ontario, OEB says\u201d http://ottawacitizen.com/news/local-news/energy-east-pipeline-would-raise-winter-natural-gas-prices -12-in-e-ontario-oeb-says\n\n[Original Comment ID: 207085]\n"
    },
    "4778": {
        "url": "/comment/4778",
        "comment": "Our province needs to commit to 100% renewable energy now to become a world leader in green technology, reduce electricity costs, reduce climate change and provide green jobs to our citizens. We don't need or want polluting fossil fuels and nuclear energy. If over 45 countries around the world have already committed to 100% renewable energy Ontario should commit to 100% renewable energy too.\n\n[Original Comment ID: 207086]\n"
    },
    "4779": {
        "url": "/comment/4779",
        "comment": "Low income & senior home owner should have incentives to net zero homes retro-fit their house No HST for EV vehicles\n\n[Original Comment ID: 207087]\n"
    },
    "4780": {
        "url": "/comment/4780",
        "comment": "The following comments were submitted to Andrea Pastori in an emailed PDF including logos from supporting sector organisations:\n\nDecember 15, 2016\n\nMinister Glenn Thibeault\n\nMinistry of Energy\n\n4th Floor, Hearst Block\n\n900 Bay Street\n\nToronto, ON\u00a0 M7A 2E1\n\nRE: Ontario\u2019s next Long Term Energy Plan - EBR Registry Number (012-8840)\n\nDear Minister Thibeault:\n\nI am writing today to submit input on the Government of Ontario\u2019s Long-Term Energy Plan (LTEP) on behalf of the undersigned social housing providers and Service Managers.\n\nThe Housing Services Corporation (HSC) is focused on the long-term health of Ontario\u2019s social housing asset. Alongside the Province\u2019s 1,400 housing providers and 47 Service Managers, we have worked to improve the energy efficiency and sustainability of Ontario\u2019s housing stock.\n\nEnergy is typically the largest operational cost for social housing operators. As such, the future LTEP will have a significant impact on our sector and our ability to meet our community goals. As you work on refining the LTEP, we invite you to consider the impacts and opportunities in social housing.\u00a0 We believe it is critical to develop stronger conservation programs and appropriate infrastructure. For the housing sector to increase its contribution to a conservation-driven LTEP, we recommend:\n\nStronger Conservation Demand Management and Demand Side Management (CDM/DSM) Programs\n\n\u2022Expand and improve CDM/DSM programs for social and affordable housing including solutions to address consumption and utility access issues in northern and rural communities.\n\n\u2022Set provincial targets for DSM programs to maximize conservation potential.\n\n\u2022Integrate greenhouse gas (GHG) emissions in CDM/DSM program evaluation to improve the alignment of the LTEP with Ontario\u2019s climate change initiatives.\n\nPursuing Innovation and Data Driven Conservation Opportunities\n\n\u2022Encourage the use of new energy-efficient technologies by providing incentives in existing and future funding and financing programs for development, redevelopment and capital repair. \u2022Leverage HSC\u2019s reach and established energy and asset management expertise to support and inform initiatives that promote conservation in this sector.\n\nCreating Appropriate Infrastructure and Clear Pricing Signals\n\n\u2022Account for Ontario\u2019s conservation potential when planning and developing the provincial supply, transmission and distribution infrastructure. An infrastructure that is too large will be extremely costly over the long-term. These costs would result in greater regulated charges and would negatively impact housing providers in the form of higher overall utility costs.\n\n\u2022Develop open, transparent energy markets where the price signals will reward efficiency gains and incent housing providers to conserve and take action to mitigate costs. Such price signals need to be easy to understand and clearly separated on customers\u2019 utility bills.\n\n\u2022Account for the total lifecycle costs and emissions of energy sources including conservation in planning. The assessment of cost effectiveness should factor in the social, economic, and environmental costs of options from the beginning to end of their lifecycle.\n\nWe would be pleased to meet with you to provide further information.\u00a0 Please contact me at (416) 594-9325 ext. 252 or hwong@hscorp.ca, or Myfanwy Parry, Manager of Energy Services, at ext. 308 or mparry@hscorp.ca, to discuss this submission.\n\nSincerely,\n\nHowie Wong\n\nChief Executive Officer\n\nHousing Services Corporation\n\n[Original Comment ID: 207088]\n"
    },
    "4781": {
        "url": "/comment/4781",
        "comment": "more solar, more wind, more tidal and more geothermal and how about not wasting so much power by lighting up every big building in Toronto every night.\u00a0 turns lights off.\n\nLets build every new house and building with rain barrells so we won't have the massive flooding as we are taking up too much open land in Toronto by expanding every ripped down house on thousands of properties every year\n\nD.B.\n\n[Original Comment ID: 207090]\n"
    },
    "4782": {
        "url": "/comment/4782",
        "comment": "I want the government to follow the lead of other industrialized countries and stress conservation and renewable energy sources such as wind, sun and water. Money should be spent in innovation including water turbines and stronger batteries.\n\n[Original Comment ID: 207091]\n"
    },
    "4783": {
        "url": "/comment/4783",
        "comment": "Dear Minister,\n\nI am writing today on behalf of TREC Renewable Energy Co-op and the Federation of Community Power Co-operatives. Renewable Energy Co-operatives (RE Co-ops) have allowed everyday people in Ontario\u00a0to directly benefit from\u00a0community ownership of energy projects, participate in co-op decision making, and learn about the\u00a0positive environmental impacts of renewable energy and energy conservation.\n\nIn just 5 years, Ontario RE Co-ops have grown to 8,000 members and invested over $85M in local Community Power projects. That figure is expected to triple in the next 18 months.\n\nFor more benefits, see our Power of Community report: trec.on.ca/report/the-power-of-community/\n\nOur members have invested thousands of hours of their time and put their RRSP savings to work into real projects to affect climate change. They are community activists and are very supportive of the government\u2019s initiatives on Climate Change.\n\nWe operate under the 7 guiding principles of co-operatives, to build an enduring democratic civil society. Please accept this as our contribution to the 2017 Long Term Energy Plan. We wish for a positive and collaborative outcome to solving together the challenges ahead.\n\nWe believe that Ontario MUST transition to 100% Renewable Energy by 2050:\n\nTo meet that goal, we need to recruit every citizen, business, organization, public institution and local community to work collaboratively toward that common objective. We need an Energy Transition Plan that lays out the What & When across all sectors:\n\n\u2022Buildings\n\n\u2022Transport\n\n\u2022Electricity\n\n\u2022Agriculture\n\n\u2022Waste Management\n\nWe think the Long Term Energy Plan should be the comprehensive blueprint for that transition.\n\nWe can mobilize Community Capital to invest in local Energy Projects:\n\nRapid technology developments in Distributed Energy Resources are reshaping the energy landscape everywhere. Thousands of smaller local generation projects of today are displacing the massive centralized bulk energy system generators of yesterday. This opens the door to local ownership of those projects \u2013 and our members are ready to take up the challenge.\n\nWhether those investments are in Conservation, Generation, Fuel Switching or Storage, the motivation is the same \u2013 invest in local projects, under local control, which creates local jobs and retains profits in the community.\n\nThe Long Term Energy Plan should facilitate the mobilization of that willing capital.\n\nWe think Partnerships with local Municipal Governments are the key to rapid adoption:\n\nSince the financial crisis of 2008, the key to each economic stimulus program (whether Federal or Provincial) has been \u2018shovel-ready\u2019 projects that are sponsored and/or endorsed by local Municipal Councils. But Energy Projects are different \u2013 they are not familiar and well understood projects like roads, bridges, sewers and water treatment facilities. There is a clear need for capacity building at the local level \u2013 and our members can help.\n\nEach of the RE Co-ops across the Province has learned how to tap into the expertise and skills of their membership. We draw upon willing capable volunteers to identify promising projects, to mobilize community capital, to marshal technical resources. We have proven our capabilities to develop, construct and maintain successful projects. We know how to work cooperatively and collaboratively. We make good partners.\n\nThe Long Term Energy Plan should foster partnerships between Municipalities and RE Co-ops to co-invest in local energy projects of all types.\n\nWe are convinced that this transition must put Conservation first:\n\nTo fight climate change and reduce our environmental footprint, Ontario\u2019s next energy plan must make conservation and efficiency the first priority for all energy decisions. This principle has to apply to our buildings, institutions, industries and transportation systems.\n\nThe \u201cAchievable Potential Study\u201d submitted to the IESO in June 2016, showed we have the potential to cost-effectively reduce electricity demand by 30% by 2035.\u00a0I think the government should pursue and promote all cost-effective conservation measures.\n\nWe have asked for the Renewable Energy Co-operative definition to be changed from \u201celectricity\u201d to \u201cenergy\u201d. Our established RE Co-ops are a natural fit to provide community based financing of energy efficiency retrofits, district heating and conservation.\n\nWe want to see local communities take control of their energy futures:\n\nWe believe the Long Term Energy Plan must open the door to Community Power. The Ontario Energy Board will unleash massive new private investments through a simple regulatory change to mandate Virtual Net-metering across the Province. Existing RE Co-ops will be able to scale up by an order of magnitude if allowed to supply our local Municipalities under long-term Power Purchase Agreements. And there will be a surge in new start-up RE Co-ops everywhere but especially in the smaller rural townships.\n\nThe Long Term Energy Plan needs to consider the scale and scope of the impending surge in local energy autonomy. This momentum, spurred by outspoken leaders such as Oxford County and County of Brant, cannot be stopped. If ignored, the outdated centralized system will face escalating stranded assets and an enraged public for decades.\n\nWe ask that the government wean Ontario off of nuclear over the next 15-20 years:\n\nThe world is embracing Distributed Energy Resources, in contrast with the centralized model of the 1960s. The good news is that good jobs will migrate to the local communities alongside the adoption of local energy projects.\n\nThe Long Term Energy Plan is the ideal place to build a compelling foundation for that transition a.From 2016 supply mix to 100% RE mix\n\nb.From Centralized Grid systems to fully distributed microgrid systems\n\nc.From external energy dependencies to resilient communities\n\nd.From monopoly supply chains to local jobs and local ownership\n\nWe cannot allow the current system to collapse \u2013 but we need the majority of our efforts and investments to be put into the new systems.\n\nWe are committed to help change the tone of the public discourse around the energy file:\n\nThe public has to be involved \u2013 not in \u2018conversations\u2019 but in actions, projects, investments, innovations, outcomes. There is a groundswell of public support as evidenced by the surge in RE Co-ops across the Province, in terms of memberships and dollars invested. We want to accelerate the public engagement in the transition.\n\nThere are huge climate challenges ahead \u2013 our Governments cannot \u2018do it\u2019 alone. But they can dictate the Transition in terms of outcomes and timelines. We need to focus our energies on building the new future TOGETHER. Our members have proven that they can be a potent catalyst for change \u2013 we can help if you will let us.\n\nI\u2019m happy to meet with you in person to further discuss how RE Co-ops can play a key role in strengthening our energy system.\n\nCo-operatively yours,\n\nDavid Cork\n\nManaging Director, TREC Renewable Energy Co-op & Federation of Community Power Co-operatives\n\n[Original Comment ID: 207089]\n"
    },
    "4784": {
        "url": "/comment/4784",
        "comment": "I feel very strongly about the future of our earth and believe that we need to start right here at home for ourselves and future generations. To accomplish our goals, we need to hit the following key points:\n-Ontario should join the global movement toward 100% renewable energy.\n-Ontario\u2019s next energy plan needs to come clean on the true cost of nuclear power and help citizens and communities to empower themselves with renewable energy.\n-Ontario\u2019s next energy plan needs to remove barriers to citizens and communities becoming energy self-sufficient.\n-I want Ontario to take the renewable path to a low-carbon future.\n-Going 100% renewable is the right path for Ontario to fight climate change and end our reliance on risky and costly nuclear power.\n-The top priority of the next energy plan should be reducing energy demand wherever possible.\n-The next energy plan should pursue all affordable conservation.\n-A recent government study found Ontario could cost-effectively reduce electricity demand by 30% by 2035.\n-Ontario\u2019s next energy plan needs to ensure Ontarians can take advantage of the declining cost of renewables.\n-After conservation, renewable energy should be the top priority of Ontario\u2019s next energy plan.\nMyself and many others in Ontario believe that with these points/steps we will be on a much better path than we are right now. I appreciate you listening to our demands and taking the correct course of action as this benefits everyone including yourself.\n[Original Comment ID: 206177]\n\n"
    },
    "4785": {
        "url": "/comment/4785",
        "comment": "The Earth cannot support the over extraction of its resources--they are finite. We need to live with increased conservation practices and respect for Mother Nature--as well as for each other. Our levels of consumer consumption are way too high and we don't fully get joy from a lot of these products. In the past people lived much more simply and with basic needs well covered. Car and gasoline usage are absolutely out of control. Water, land and forests need protection. Once again we could live more simply and in a controlled manner!! We already consume the resources for 1 1/2 planet Earths. The greed and voracious demands have to stop!\n[Original Comment ID: 206183]\n"
    },
    "4786": {
        "url": "/comment/4786",
        "comment": "I support the Long Term Energy Plan...Bruce Power Plan.\u00a0 It is pertinent to support the LTEP for its innovation, employment, and its dedication to provide Ontarian power and alternatives.\n[Original Comment ID: 206185]\n"
    }
}