{
    "5250": {
        "url": "/comment/5250",
        "comment": "Ontario's energy future must include the following:\nPhasing out nuclear power as it is too expensive with massive cost overruns and no way to deal with the deadly waste products inexpensively and safely.\nMeeting our energy needs with sustainable green sources.\nMandating mileage efficiencies for gasoline cars that will dramatically reduce (no more small improvements in gas mileage please!!!) the amount of fuel required to operate AND reduce pollution and greenhouse gases.Capping top speed capability at 120km/hr would solve speeding issues to some extent and reduce the unnecessary waste of overly powerful, unnessarily wasteful engines engines. Personal transportation must be transformed in line with modern knowledge and best practices.Toys for boys that pollute and waste energy must become a thing of the past!\nMandating that all household appliances be highly efficient thereby removing wasteful appliances from the market. Economy of scale will bring the price of high efficiency down.\nOntario's energy future requires bringing our energy supply and costs into public transparency and accountability. This does not presently exist, and Ontario's lack of access to information marks its governments as secretive and unaccountable to the public.This tradition is antithetical to democracy.\nMake public transit available and integrated and \"push\" its use through costs to unnecessary automotive transportation users who have excellent public transit options.\nRequire industrial users to also utilize high efficiency machines and even operate at surplus power times so that our energy infrastructure can bear high energy useage corporations.\nAll energy improvements must have publicly accountable and transparent benchmarks that will evidence how successful Ontario is in reducing pollution, fossil fuel use, increasing public transit use, access to information,etc.\nThe time for obfuscation and corporate placation to end. Ontario must adopt democracy as central to its energy policy platform. It's never been tried!\n[Original Comment ID: 204956]\n"
    },
    "5251": {
        "url": "/comment/5251",
        "comment": "I want my province of Ontario and my country Canada to be working towards and funding development and implementation of renewable, green energy to counteract climate change. Experts are of the opinion that this can be done in a cost efficient way. I am requesting this as a concerned citizen of the province of Ontario and hope that my input will be taken under serious consideration by the government in current and future planning for energy development and implementation.\n[Original Comment ID: 204957]\n"
    },
    "5252": {
        "url": "/comment/5252",
        "comment": "PROTECT THE ENVIRONMENT FOR ALL CREATURES!\n[Original Comment ID: 204958]\n"
    },
    "5253": {
        "url": "/comment/5253",
        "comment": "I know, 100% renewable energy is impossible in the near future but should be the eventual aim. We have been squandering our resources for \u00a0so many years without seeing the consequences and I feel terrible about what we done. I have great- grandchildren and they will surely be affected by our exploitations. Denmark is so far ahead and has a sound plan not like Canada with its confused applications.\nThanks for listening\n[Original Comment ID: 204959]\n"
    },
    "5254": {
        "url": "/comment/5254",
        "comment": "I would like the Ontario government to show leadership in aggressively moving the province to green renewable energy.\nThat is, harness the power of sun, wind and water.\nI oppose any plan that would increase use of oil, coal or other greenhouse gas producer.\nNuclear energy is dangerous and its radioactive elements difficult to dispose of.\n[Original Comment ID: 204960]\n"
    },
    "5255": {
        "url": "/comment/5255",
        "comment": "I just want less fossil fuel emissions, and more GREEN energy production.\n[Original Comment ID: 204961]\n"
    },
    "5256": {
        "url": "/comment/5256",
        "comment": "Green energy is becoming more affordable and very soon it will be more affordable than fossil fuels. It's time to invest in our future and at the same time become independent of policies that cater to big oil industry. Please take a stand, learn lessons from other countries going to green energies and move away from our dependance on fossil fuels. I realize it will be similar to changing course with a very large ship. It takes awhile to see progress but it's time to issue the order and make a change in course. Please for the sake of our children. We can't continue on our current path. It's just not sustainable.\n[Original Comment ID: 204962]\n"
    },
    "5257": {
        "url": "/comment/5257",
        "comment": "Thank you for your initiatives to combat global warming I.e. Closing coal mines , cap and trade , even developing wind and solar alternatives , which I understand were problematic because of the greed of those who put them in place , including the managers . Please make it easy for those who have solar panels to sell/give energy back to the grid ,make it cheaper to install solar panels .Please do not subsidize non-renewable resources and subsidize research for green energy resources . What about lake wave energy ? Please promote affordable electric cars ; what can be done with solar energy ? Please partner with First Nations , supporting educational programs for competency in water quality management , as done in northwestern Ontario . Please support the Great Lakes water protection systems as described on TVO . Please clean up contaminated water from industrial sites and increase legislation ,fines ,whatever it takes to stop companies and government from polluting our natural resources .What do we do about nuclear energy and waste ? Let's make our cities user friendly \u00a0; If we promote walking ,cycling , \u00a0swimming , we will promote the health of our citizens and the health of our earth , Thanks for partnering with the Federal Government to acquire light rail transit .\n[Original Comment ID: 204963]\n"
    },
    "5258": {
        "url": "/comment/5258",
        "comment": "Yes, our goal needs to be a 100% renewable future. \u00a0Canada needs to be a global leader on this file. \u00a0By committing to renewable energy, we are looking after the health of the planet while simultaneously inspiring countries around the world to do the same. \u00a0Due to the fact that I am presently working as a volunteer with Fair Vote Canada, I have little time to address other issues these days. \u00a0Hence, my brief message today. \u00a0Here in Canada, once we have a fair voting system based on proportional representation, it will be easier to progress towards a healthy planet - which of course includes renewable energy. \u00a0Regarding electoral reform, we are confident our Prime Minister, Justin Trudeau, understands the tremendous need for PR, and has the integrity to make it happen.\nThank you for spear-heading the movement for a renewable future.\n[Original Comment ID: 204964]\n"
    },
    "5259": {
        "url": "/comment/5259",
        "comment": "I want Ontario to move towards a total renewable energy source. Stop using\nfossil fuels and stop building nuclear plants.\n[Original Comment ID: 204965]\n"
    },
    "5260": {
        "url": "/comment/5260",
        "comment": "More and more communities worldwide are committing to go 100% renewable to fight climate change, have control over their own energy, and rid themselves of nuclear risks. So why not us?\nThese communities have recognised a renewable future is not some far-off fantasy. It\u2019s time Ontario did the same :)\n[Original Comment ID: 204966]\n"
    },
    "5261": {
        "url": "/comment/5261",
        "comment": "We use only public transport, recycle, have a perennial garden where once was lawn, no heavy use of power or water until after 7pm, and use bicycles whenever possible. What are you personally doing towards greening Ontario, are you leading by example? \u00a0If not then why not, if you are actively supporting the future of Ontario then thank you very much.\n[Original Comment ID: 204967]\n"
    },
    "5262": {
        "url": "/comment/5262",
        "comment": "We want 100/ renewable Energy. We want to keep safe our environment .\n[Original Comment ID: 204968]\n"
    },
    "5263": {
        "url": "/comment/5263",
        "comment": "Dear Ministry of Energy\nIt is unfortunately true that we are now living in the era of global warming.\nGlobal warming is aggravated by the use of fossil fuels, this is undeniable.\nIt is time to take action, not only to reduce emissions, but to save the planet as we know it.\nIt is time to get out of fossil fuels and turn to renewable energy. Let's have no more Fort McMurray firestorms!\nAlthough nuclear might seem like a viable alternative to fossil fuels, it is not a good choice. Having nuclear reactors sitting on the shores of our beautiful Great Lakes is a continuing hazard of monstrous proportions. If one of these reactors were to fail and melt down (as we have seen others melt down), the lake on which it sits would be poisoned with radioactivity for eons.\nEven if there was no nuclear accident, the disposal of nuclear waste presents a huge ongoing hazard that is really totally unnecessary. And the life of spent nuclear fuel goes on for generation upon generation. We are poisoning our children into untold future generations.\nWe don't need to do this! Let's begin in earnest to use renewable energy sources like wind, solar and geothermal. This would create lots of needed jobs for now and the future. And it would save our planet and ourselves from catastrophic global warming!\nSincerely,\nCarol Essex\n[Original Comment ID: 204969]\n"
    },
    "5264": {
        "url": "/comment/5264",
        "comment": "There is little if any time left to make very determined changes to our Energy Production. \u00a0100 % Renewable from Soar Panels and Wind Mills must be our focus if we want our descendants to have a chance to survive.\n[Original Comment ID: 204970]\n"
    },
    "5265": {
        "url": "/comment/5265",
        "comment": "I realize that it may not be possible to achieve totally renewable energy in the short run. I am also convinced that our survival depends on working towards it.\n[Original Comment ID: 204971]\n"
    },
    "5266": {
        "url": "/comment/5266",
        "comment": "I am utterly disgusted at the complete mess the current and previous Liberal governments have made of our Ontario hydro system. \u00a0The price of electricity was reasonable, for Ontarians at home, scroll, business, industry, and farming, until gross stupidity, cronyism, greed, and self-interest made the present debacle. \u00a0These are facts. \u00a0Our once beautiful Ontario \u00a0landscapes and cherished local farmlands and wildlife habitats have been punctured, desecrated, and demolished by industrial wind turbines which are the OPPOSITE of \"green\" technology. \u00a0Severe harms to people's health living at all near these monstrosities are the norm. \u00a0Scientifically proven effects of infrasound created by these wasteful killers of birds and bats have been routinely denied by government hacks in diverse departments. \u00a0Radiations from so-called \"Smart Meters\" routinely harm unsuspecting homeowners and renters. \u00a0Wastefulness is encouraged, not curtailed, by provincially \u00a0mandated \"recycling\" programmes. \u00a0Spendthrift governments have thrown away and given away the enormous advantage given us by such genius benefactors as Nikola Tesla who built the Niagara turbines. \u00a0I do hope that karma is fact, for human courts and justice can never make the perpetrators of these frauds and thefts of our energy, money, and health.\nWhere to from here? \u00a0An intelligent and responsible energy programme in Ontario will henceforth refuse such draconian, greedy, and mendaciously justified waste of our precious resources. \u00a0Commercial water bottling by corporations must be refused. \u00a0Our water is NOT FOR SALE. Hydro electricity, clean electricity, will stay in our province and benefit our own residents and taxpayers first. \u00a0Overage will be sold to other provinces at a rate equal to or higher than what we pay. \u00a0No more will be sold for a pittance to the U.S. States. \u00a0Biofuels will be developed and intelligently used. \u00a0Ruinous contracts with the industrial wind turbine purveyors and operators will be halted and contested in court as fraudulent and harmful to human and animal health and commerce in Ontario. \u00a0Restitution will be exacted from those who rammed these monsters down our throats. \u00a0Conservation will become our first principle of operation. \u00a0 The use of Improved solar energy, geothermal, \u00a0and biomass energy technologies will be encouraged. \u00a0Vehicles and industries that guzzle and waste energy will be so heavily taxed and penalized that they lose all their allure for greedy and image-conscious corporate entities and individuals. \u00a0The respect for and preservation of the vitality and integrity of the earth and water of Ontario and Canada as a whole will be made the sine qua non of human comfort. \u00a0Ethical, intelligent energy conservation, creation, and innovations will be rewarded. \u00a0Less is more, small is beautiful, will become operating principles of energy use.\n[Original Comment ID: 204972]\n"
    },
    "5267": {
        "url": "/comment/5267",
        "comment": "Ontario needs to move forward, and should join the global movement toward 100% renewable energy. Nuclear power is the most expensive and dangerous source of energy, and Ontario needs to be truthful about nuclear power costs, including subsidies paid for by taxpayers, to truthfully evaluate energy projects.\nThe next energy plan for the province of Ontario needs to remove barriers to citizens and communities becoming energy self-sufficient, and to help citizens and communities to empower themselves with renewable energy.\nI want Ontario to take the renewable path to a low-carbon future.\n[Original Comment ID: 204974]\n"
    },
    "5268": {
        "url": "/comment/5268",
        "comment": "Investing in environmental infrastructure is integral for our biodiversity and battling climate change.\n[Original Comment ID: 204976]\n"
    },
    "5269": {
        "url": "/comment/5269",
        "comment": "Please make Ontario 100% renewable energy, at the same time keeping our hydro costs reasonable so we can all support this initiative. \u00a0Thank you.\n[Original Comment ID: 204975]\n"
    }
}