{
    "5431": {
        "url": "/comment/5431",
        "comment": "We need 100% renewable future. \u00a0No more pipelines...we need new technology which will create new jobs all over the place. \u00a0We need to clean up all the environmental messes for clean drinking water.\n[Original Comment ID: 205106]\n"
    },
    "5432": {
        "url": "/comment/5432",
        "comment": "We need to plan an Energy Future \u00a0for Ontario that is 100% renewable. \u00a0This can be achieved through conservation measures, more hydro power from Quebec and an increase in funding for wind, solar and geothermal projects. Our current reliance on nuclear energy must end as soon as possible. \u00a0It is the high cost and cost overruns of nuclear projects that are the real reason for the high cost of electricity in the province. \u00a0In addition, nuclear power is dirty and dangerous. \u00a0Fossil fuels are non renewable and contribute to global warming so should also be phased out. \u00a0This plan is completely achievable if the will is there.\n[Original Comment ID: 205107]\n"
    },
    "5433": {
        "url": "/comment/5433",
        "comment": "renewable energy is the future if we want to save this planet from even more climate disasters.\n[Original Comment ID: 205111]\n"
    },
    "5434": {
        "url": "/comment/5434",
        "comment": "To Whom It May Concern,\nThere has been a lot of moaning and complaining about the price of electricity lately. \u00a0I think it important that decision makers hear from the other side as well. \u00a0There are a good number of Ontarians that accept that paying more for a greener more sustainable energy future is a burden we accept. \u00a0We understand that past gov't practices of shouldering the debt to tax payers in other ways is simply not fair nor sustainable. \u00a0Those practices created a huge mess and provide an unfair market for development of non-sustainable generation types. \u00a0Until we pay the true cost (cradle to grave) of electricity the economics that show renewables as the preferred and really only solution are not obvious. We need to ensure that our electricity infrastructure planning is establishing an equal playing field and is honest to tax payers and rate payers. \u00a0It is paramount that moving forward we consider the entire and full cost (triple bottom line) for all of our energy infrastructure. \u00a0There is a cost to our way of life and we are duty bound to our children and ancestors that we start paying this cost and stop deferring it. \u00a0Both the dollar cost and the cost to our environment and resources.\nI urge decision makers to be strong and see past the noisy complainers and instead begin to have an honest and open dialogue on the costs and benefits of our electricity. \u00a0A large first step would be to conduct an indepth audit of sector. \u00a0The salaries of many of the employees are an embarrassment with no repeat no justification (other jurisdictions have much lower salaries and still find highly qualified people). \u00a0Cleaning house internally to reduce costs and reduced they can be should be the starting point for a new dialogue with rate payers and Ontarians. \u00a0Then I urge you to build on this starting point a foundation of honesty and open decision making that engaged and educates Ontarians regarding the true costs of our energy use and the options we have to grow and prosper. \u00a0In this digital age we have so many venues to engage and educate. \u00a0I strongly urge you to leverage these and make positive change for present and most importantly future Ontarians. \u00a0The current paradigm is a step in the right direction but we have to continue down this road for the sake of us all. Sustainability must happen as the alternative is too dire to consider.\nThank you for considering this letter.\nMark Payne\nL0E 1R0\n[Original Comment ID: 205112]\n"
    },
    "5435": {
        "url": "/comment/5435",
        "comment": "Several countries around the world have moved to a more wholesome, environmentally conscious way of being. \u00a0Canada needs to follow suite. \u00a0Sustainable energy not only helps us, but the planet. We can repair years of damage done to our environment and protect our planet for our future generations. Solar, wind, water, and thermal are all viable sources our country has yet to fully tap into. These changes do create more jobs and puts more resources back into the pockets of Canadians. Garbage incineration can decrease landfill and provide energy, there are so many other opportunities for us as a nation than adding more pollutants. \u00a0Change happens at an individual level, however to see leaders leading that change, helps drive those forward.\n[Original Comment ID: 205117]\n"
    },
    "5436": {
        "url": "/comment/5436",
        "comment": "The focus must be on 100 % green energy now as the hour is late, very late. Not to mention this will promote peace in the world and health for all.\nIt's 2016 after all!\n[Original Comment ID: 205120]\n"
    },
    "5437": {
        "url": "/comment/5437",
        "comment": "What are the significant challenges facing utilities and what can the government do to meet them?\nThe LDC of the future needs to evolve, not just in terms of their \u201cstructure, operations, innovation, and performance,\u201d but also their business models and the regulatory constructs facing those utilities of the future needs to change as well. \u00a0The utility of the future will need to present customers with an amalgam of traditional and non-traditional services. \u00a0Those non-traditional services will be best served from a platform that is founded on and integrated with the distribution grid and the traditional services it can provide. \u00a0If Utilities are to develop their grids as a platform for services in the future, Utilities will need to know that they can develop these services unfettered from the traditional regulatory burden faced today.\nWhat are the most important benefits of a modern grid? Increased reliability? Greater information on your energy usage?\nWhile reliability is important, we need to redefine what reliability means, especially for commercial customers. \u00a0Currently, a momentary outage that clears a fault on the system and restores power is considered to improve reliability yet for many of our sensitive commercial and industrial customers this type of interruption is as disruptive as a long outage. \u00a0As storage technologies improve, they will provide an economical means for sensitive customers to ride-through these momentary interruptions. \u00a0A modern grid should be able to offer this type of service for a premium price.\nCustomer\u2019s conservation efforts will be reinforced if they have immediate feedback to their actions. \u00a0Customers should have access to devices which display the immediate effects of a customer\u2019s consumption changes such as turning off a stove or starting an air conditioner. \u00a0For these measurements to occur, communication devices need to be embedded in the meter and talk to a display device in the home. \u00a0These devices (Zigbee) were available when the Province mandated smart meters. \u00a0Utilities asked if the incremental costs ($15) of this technology could be recovered as part of the smart meter program and were denied. \u00a0Consequently, the Province made a 15-year decision (life of the meter) to preclude this technology. \u00a0The Province needs to reconsider these decisions and allow utilities recovery on these and related expenditures.\nA modern grid includes advanced outage detection, isolation and restoration capabilities. \u00a0This enables a utility to operate with fewer staff and consequently a higher level of efficiency and lower cost to the customer. \u00a0Utilities have already reduced staffing levels and the opportunity to capture original baselines for efficiency improvements may have already passed. (The low-hanging fruit has already been plucked.)\nA modern grid is a \u201ccommunication-assisted\u201d grid. \u00a0Utilities will need more reliable communication systems to operate their \u201cInternet of Things\u201d. \u00a0A promising communication media \u2013 WiMax \u2013 operating on 1.8 GHz (the frequency set aside for utility use by Industry Canada \u2013 the federal agency managing spectrum) \u00a0is limited by federal regulatory rules to devices which are stationary. \u00a0This means that utilities who invest in a WiMax infrastructure will not be able to achieve all the efficiencies they would otherwise achieve as they cannot utilize the infrastructure to enable their vehicles as data collection hubs. \u00a0Provincial assistance to provide relief on this rule would lower costs for customers.\nWhile Ontario is paying attention to cyber security, many of its key distribution assets (transformer stations, generators) are very vulnerable to physical attacks. \u00a0In consideration of maintaining reliability of supply, the Province should consider improving the resistance of those assets to physical attack as a part of the LTEP.\nSimilarly, it is commonly accepted that climate change has already resulted in more frequent and more damaging incidents of storms. \u00a0In consideration of maintaining reliability of supply, the Province should include improving the strength and resilience of the transmission and distribution systems to withstand those weather disturbances, including the abilities of utilities to respond, as part of the LTEP discussion.\nWhat are the best uses of microgrids in Ontario?\nMicrogrids offer customers the opportunity to improve their reliability and to reduce peaks and reduce their cost of power. \u00a0For a utility however, the proliferation of microgrids and distributed generation complicate the operation of the grid. \u00a0 Incremental costs for utilities to accept and manage microgrids should be supported in rates.\nAs noted previously, a microgrid may provide an opportunity to provide a customer increased power quality. \u00a0Costs to manage this technology by the utility should be supported in rates. \u00a0Costs to deliver this technology to specific customers should be supported by the customers with incentives provided by the Province through a \u201cCDM-like\u201d mechanism.\nAre there any barriers preventing the use of microgrids?\nWhen a microgrid isolates from the grid, then that microgrid manages voltage and frequency within the microgrid. \u00a0While this is not a problem for single customer microgrids however multi-customer \u201cneighborhood microgrids\u201d present technical challenges. \u00a0The Province will need to consider and address issues that microgrid participants might experience due to the lack of grid voltage and frequency management. \u00a0Utilities must be exempted from any liabilities associated with microgrids and customers benefitting from microgrids must also accept any associated risks.\nAs well, power supplied by a microgrid to a customer in a multi-customer microgrid will need to be settled separate from power supplied by the utility grid. \u00a0This will require special monitoring and billing systems and perhaps special meters (current smart meter 1-hour resolution may not be sufficient). \u00a0These costs will need to be supported in rates.\nTraditionally, large generator customers seek permission to connect from their utility whenever they want to re-connect to the utility after a period of non-generation. \u00a0Large microgrids should also be remotely \u201cpermitted\u201d (issuing an electronic \u201cpass\u201d or approval) when re-connecting to the grid. \u00a0A remote, automatic means of managing these permissions should also be developed and will need to be supported by rates.\nWould you be willing to participate in a program where your utility could use your home storage device from time to time to operate a more reliable electricity distribution system?\nNote: This question is assumed to refer to the use of customer\u2019s battery storage to provide frequency regulation to the grid. \u00a0This frequency regulation is typically provided by the transmitter rather than the distributor. \u00a0Frequency regulation can be provided by drawing power from the connected, charging battery or reducing load from the grid by stopping the charging of the battery.\nThe use of distribution customer\u2019s battery storage for frequency regulation can be managed with current technology however this should be subject to verification of the participant\u2019s actual participation to ensure the participant does not collect credits while bypassing the system operation. \u00a0This is likely best done at the distribution utility level and would require systems, staff and (likely) meters capable of sufficient resolution. \u00a0These costs will need to be supported in rates.\nGiven current costs of batteries, losses on charge and discharge and decreasing ability to fully recover energy injected into today\u2019s batteries, it is highly unlikely that energy arbitrage would be viable with today\u2019s technology. \u00a0It will take several significant leaps in battery technology and cost effectiveness for arbitrage to be a viable proposition. \u00a0This would then seem to limit energy storage to high value transactions or roles.\nUnreliability of wind generation drives the operation of \u201cspinning reserves\u201d \u2013 generally, natural gas fired generators that run on idle but can ramp quickly and fill in for variable resources that drop out of the supply mix with little notice. \u00a0The use of battery or other storage to backstop spinning reserves may allow the spinning reserves to stand down and not consume natural gas nor emit greenhouse gases when they are idling. \u00a0Storage devices would bridge the gap between when a reserve supply was called upon and when it could start, run and ramp to meet demand.\nHow can Ontario further support innovative energy storage technologies that leverage our existing natural gas infrastructure assets and take advantage of our clean electricity system?\nNatural gas systems typically experience their lowest demand at the time that the electricity systems experience their highest demand \u2013 for summer peaking utilities only. \u00a0Natural gas microturbines are a technology that may be used to generate electricity when the gas delivery system is at a low point in their usage cycle and the electricity distribution system is at its high point in the usage cycle. \u00a0The gas turbines may be able to generate power that can be stored for later use \u2013 for example at night time when solar supplies are not available or are insufficient.\nWhich innovations offer the greatest benefit to your community and the energy system as a whole?\nThe customer\u2019s participation in the management of the generation and distribution of electricity needs to be simple and predictable for the customer. \u00a0Projects offering cost effective and simple means for this participation will benefit the community and energy system.\nHow should the public and private sectors cooperate to encourage innovation in the energy section? n/a\nShould Ontario set provincial conservation targets for other fuel types such as natural gas, oil and propane?\nThe Province\u2019s position on other fuel types is confusing to customers. \u00a0On the one hand, the Province has stated that they want customers to move away from natural gas \u00a0and are imposing a carbon cap and trade system while on the other hand are offering incentives for customers to install behind-the-meter natural gas fired co-generation. \u00a0This dichotomy of messages leaves customers confused and less willing to invest in new technologies.\nTo meet the province\u2019s climate change objectives, how can existing or new conservation and energy efficiency programs be enhanced in the near and longer term?\nThe carbon cap and trade program is confusing to most customers, including sophisticated commercial energy buyers. \u00a0Implementation of similar systems in other jurisdictions have shown that the carbon credit market is weak. \u00a0A simpler means of discouraging the use of carbon is suggested. \u00a0As well, the Province has, while issuing FIT and microFIT contracts, reserved for itself those carbon credits that might arise out of the use of solar rather than carbon-fuel energy sources. \u00a0This will likely be seen as duplicitous by the general public as those rights were taken before anyone had any idea that they would someday have value.\nHow can we continue to inform and engage energy consumers?\nThe public is generally ill-informed about the state of the generation, transmission and distribution systems, the needs for investment in those systems and the consequences of not investing in those systems. \u00a0Local utilities can help deliver those messages however messaging and funding to deliver it should be provided to the utilities. \u00a0Too often, the energy system operators blame each other and government policy for the high price of electricity. \u00a0Customers do not always distinguish between distributors, generators, transmitters, regulators and policy makers. \u00a0A strong common front between these system participants is needed in order for customers to believe that the system is being managed for their best advantage.\nWhat role should distributed renewable energy generation play in the ongoing modernization and transformation of Ontario\u2019s electricity system?\nDistributed renewable energy generation is related to grid modernization and transformation but it is not a fully coadjutant relationship. \u00a0Distributed generation (DG) is forcing grid modernization and transformation. \u00a0Renewable energy generation was likely going to happen due to market forces and technology improvements at some future time regardless of its Provincial promotion. \u00a0Grid operations with high levels of DG penetration have not yet been fully vetted in North America and there is still much to learn about the ways and means by which such systems are best operated. Forums to share best practises and support for utility costs to modernize and transform the grid to enable high penetration DG are encouraged. \u00a0DG cannot be counted upon as an always available source of supply. \u00a0In fact, whenever there is a system upset, DG is forced off and not able to return to the system until the system is stable. \u00a0Consequently, grid systems still need to be sized for full \u201ccold load pick-up\u201d. \u00a0Renewable generation may reduce greenhouse gases and help mitigate climate change but traditional, centrally sourced supplies will still need to be available and capable of supplying the full load.\nSolar renewable energy generation technology and costs are continually improving and consequently have a high likelihood of becoming a larger part of the supply portfolio in the future. \u00a0The LTEP should include a projection of the technology and cost improvements and be informed by that projection.\nParis Agreement on Climate Change\nCanada (16-10-05) as well as the US (16-09-03) are signatories to the Paris Agreement on Climate Change which comes into force on November 4, 2016. With this agreement, it is expected that the playing field will be leveled in terms of the \u201cgreening\u201d of the energy supply. \u00a0Currently, Ontario has one of the greenest grids in North America. \u00a0This comes with some cost that manifests as higher electricity costs than neighbouring jurisdictions. \u00a0Hopefully, as the terms of the agreement come into force, those neighbouring jurisdictions will move away from their cheap, carbon-fueled electrical supplies and their costs come more into line with those paid by Ontario customers. \u00a0The LTEP should recognize that Ontario is leading other jurisdictions in this regard and consequently its customers are finding it difficult to be competitive with other countries and provinces. \u00a0The Province should not just look to its own rate forecasts but also be informed by the rate forecasts of its neighbours and it should ensure that it trends towards establishing power rates that are competitive with its neighbours, as a long term goal.\nThe Paris Agreement also contemplates the elimination of fossil based fuels by 2060. \u00a0The Province has stated a goal to eliminate the use of natural gas in many sectors. \u00a0Nevertheless, the natural gas distribution infrastructure must be maintained without an expectation of a revenue return over the accustomed number of years. \u00a0In order that this infrastructure remain viable, depreciation rates for investments will need to adjust for the expected decrease in asset useful life.\nTransmission Expansion\nThe LTEP contemplates an expansion of transmission to bring power from new hydro generation facilities in Northern Ontario and power from Quebec to central Ontario where the greatest usage growth exists. \u00a0The costs of this expansion are stated to be \u201csystem costs shared by the electricity ratepayers.\u201d \u00a0Southwestern Ontario has surplus generation already and has supported wind and solar generation that benefits the province at the expense (some say) of the quality of life in this area. \u00a0It is proposed that electricity ratepayers in the southwest be exempted from these incremental costs to serve the GTA.\nNatural Gas Storage to Support Electricity Generation During Summer Peaks\nThe Province states, \u201cSince natural gas is also used to generate electricity, the storage facilities in Ontario can also be used to supply generators during periods of high electricity demand.\u201d \u00a0The natural gas transmission system has ample capacity to supply summer peaking generation without drawing gas out of storage. \u00a0In fact, the storage facility exists because that transmission system does not have sufficient capacity to supply demand for gas during winter heating peaks. \u00a0This storage system should not be used to supply natural gas generators during summer peaks.\nHow can Ontario further support innovative energy storage technologies that leverage our existing natural gas infrastructure assets and take advantage of our clean electricity system?\nDuring summer, natural gas demand dips and the natural gas line compressors across the province generally are idle or lightly used. \u00a0The engines on these compressors could power generators rather than compressors during summer peak periods. \u00a0This would obtain a higher usage factor on these assets and potentially eliminate or minimize investment in generator-only facilities.\nThe Discussion Guide states, \u201cOnce RNG (Renewable-sourced natural gas) is processed to remove impurities, it can be mixed in with conventional natural gas and use the same pipelines and equipment.\u201d \u00a0The problem with RNG is that it is rife with caustic liquids and gases (landfill gas) and has a high carbon dioxide content. \u00a0It is expensive to condition that gas to pipeline quality. It is less expensive to build a steam generator with a combustion chamber designed for the gas quality produced by the renewable source. \u00a0Once converted to electricity, issues with quality disappear.\nRenewables\nThe Province allocates capacity to accept generation on feeders and stations on the basis that all generators will be generating their maximum capacity, all at the same time, at a time that the feeder/station is at minimum load and least able to absorb the generation. \u00a0These assumptions are very safe however this situation only rarely occurs on a feeder/station. \u00a0These assumptions limit the amount of generation allowed to connect or alternatively drive significant investment in reactors to limit the available fault current on a feeder/station. \u00a0A different construct, whereby distribution utilities are allowed to manage generator access to the grid would allow greater numbers of customers to participate in renewable generation and defer costs of fault current remediation.\nIt will be helpful to explain how the LTEP will impact the Climate Change Action Plan, and vise versa? \u00a0Currently, the respective Ministries seem to be developing programs to best accomplish their goals in the absence of other Ministerial and/or Provincial initiatives. \u00a0An example of this is Behind-the-Meter Generation (BMG). \u00a0These projects (which largely depend on Natural Gas) were just included under the Conservation First Framework in 2015, yet the Province just announced their new Cap & Trade system which could significantly impact the viability of these projects. \u00a0Clarity on how the Ministries can and will work together through the LTEP and Climate Change Action Plan to ensure there is minimal duplication of efforts and confusion amongst the ratepayers of Ontario would be helpful in gaining acceptance of the programs.\nCurrently if a customer has taken advantage of energy conservation programs , and their load drops below class A thresholds they are not allowed to participate in the Industrial Conservation Initiative (ICI) program. \u00a0It is suggested that \u00a0this be addressed in the LTEP (or other vehicle) to allow them to be credited for conservation efforts to bring them back to Class A.\nCDM targets are known until 2020, however it is hoped that the LTEP will clarify the future of CDM after 2020? Will will it continue? \u00a0How will it be funded? Will it be rate based?\n[Original Comment ID: 205121]\n"
    },
    "5438": {
        "url": "/comment/5438",
        "comment": "More and more communities worldwide are committing to go 100% renewable to fight climate change, have control over their own energy, and rid themselves of nuclear risks.\nThese communities have recognized a renewable future is not some far-off fantasy. It\u2019s time Ontario did the same.\n[Original Comment ID: 205122]\n"
    },
    "5439": {
        "url": "/comment/5439",
        "comment": "In Europe there are countries that have done that , we haven't even stated yet !!!!!\n[Original Comment ID: 205124]\n"
    },
    "5440": {
        "url": "/comment/5440",
        "comment": "Hello Ministry of Energy and Partners,\n\"We do not inherit the earth from our ancestors. \u00a0We borrow it from our children.\"\nAs a Canadian who is very concerned for the health of our planet, I ask you to do everything in your power to get our country/province into total renewable energies. \u00a0Our beautiful earth, as you know, is warming up very quickly. \u00a0As a 60 year old woman, I have never known our weather where I live in the GTA to be so mild in the month of December. I have great concerns for the future of our children, our wild life and our planet. We cannot afford to delay any longer any actions (burning of fossil fuels, methane production in animal farming, etc) that contribute to increased global warming. \u00a0Please take this reality seriously. \u00a0Heidi Deborah Last, Dec. 7, 2016\n[Original Comment ID: 205128]\n"
    },
    "5441": {
        "url": "/comment/5441",
        "comment": "I am a citizen representing only myself, not any lobby group. I feel the Ontario government's public review of its next energy plan (LTEP) is not asking the right questions to put Ontario on the course to 100% renewables. Rapid and destructive climate change, a booming human population always demanding more energy, finite fossil fuels and extremely dangerous nuclear fuels all point us inexorably toward a 100% renewable energy future. Ontario should seize this opportunity to move away from fossil and nuclear once and for all, and invest massively in renewable energy.\nOntario can no longer protect its existing outdated and dirty power system. We can no longer \u201charness\u201d nuclear power to meet our future energy needs, simply because it has been proven over and over again, all around the world and most recently in Fukushima, just how devastating a nuclear accident is. It would be just as devastating here in South-Eastern Ontario where our nuclear power stations are located in Canada's most populated corridor.\nThe way forward is as follows:\n1. Ontario must join the growing global movement toward 100% renewable energy - those nations who start the transition early and massively will reap the benefits in very little time. Ontario cannot afford to be left behind with dangerous and finite energy sources;\n2. Ontario\u2019s LTEP must come clean on the true cost of nuclear power, and help citizens and communities to empower themselves with renewable energy. Nuclear creates radioactive waste and is simply too dangerous. The cost of maintaining and refitting aging stations is already much too high. Ontario must reinvest these precious funds into renewable, which by definition will eventually pay for themselves. Renewables are the right path for Ontario to fight climate change AND end our reliance on risky and costly nuclear power.\n3. Ontario\u2019s LTEP needs to remove barriers to citizens and communities becoming energy self-sufficient. This means investing in local solutions and energy sources, so that every region can harness it sown potential and not be burdened by the energy costs of others. In other words, Ontario must take the renewable path to a low-carbon future, and this means local power and empowerment.\n4. Nuclear power:\n- The LTEP must plan to replace existing reactors with renewable energy.\n- The LTEP must require nuclear projects to be compared to renewable energy options.\n- Any future nuclear project should be independently and publicly reviewed.\n- The LTEP must acknowledge that operating nuclear plants in the Great Lakes/GTA is an unneeded risk.\n5. Conservation:\n- The top priority of the LTEP must be to reduce energy demand wherever possible.\n- The LTEP should pursue all affordable conservation options (a recent government study found that Ontario could cost-effectively reduce electricity demand by 30% by 2035.)\n6. Renewables:\n- The LTEP must ensure that Ontarians can take advantage of the declining cost of renewables.\n- After conservation, renewable energy should be the top priority of Ontario\u2019s next energy plan. - I support electrifying transport and heating to displace fossil fuels, BUT conservation and renewables should be used first to address any increased electricity demand.\nThank you.\n[Original Comment ID: 205135]\n"
    },
    "5442": {
        "url": "/comment/5442",
        "comment": "I do not want any more of our hydro to be sold off> think it a very poor move in the first place.\n[Original Comment ID: 205137]\n"
    },
    "5443": {
        "url": "/comment/5443",
        "comment": "Ontario's next energy plan needs to come clean on the true cost of nuclear power and help citizens and communities to empower themselves with renewable energy.\n[Original Comment ID: 205140]\n"
    },
    "5444": {
        "url": "/comment/5444",
        "comment": "We should have been looking at green energy years ago. \u00a0How much has been spent on war, pollution clean up, and health because we haven't? \u00a0Nuclear energy is not clean - burying the waste is not a solution!\nInstead of spending money on space why don't we take care of the one place we know we are able to live. \u00a0So often I hear it is not economical for solar energy, why not support the effort instead of spending funds on clean up of the environment? \u00a0US oil companies and the car manufacturers have been pulling the strings for too long. \u00a0I can't Imagine how much it is going to cost to remedy the problems caused by climate change. \u00a0Will they be assessed the costs?\n[Original Comment ID: 205143]\n"
    },
    "5445": {
        "url": "/comment/5445",
        "comment": "I believe that the plan for Ontario (and all of Canada) should be to use 100% renewable energy resources.\nThe devastating effects of coal, oil and nuclear ways of providing energy need to be stopped. The air pollution caused by coal, the water and ground pollution (and resulting animal and human deaths) caused by oil spills, and the life taking and/or maiming results of nuclear disasters need to end.\nFrom what I have read, in the long - term switching to renewable resources will be cost effective - in other words \u00a0CHEAPER. \u00a0And who doesn't want that !\nPlease keep the deadline for closing the Pickering nuclear station before 2020 - especially since the output is said to be surplus and exported to Michigan at a loss.\nThink of your children's future when you make a decision. \u00a0What if they were caught up in a nuclear disaster or had to drink water from a source that was polluted by oil ?\nI'd like to trust that you will make a fully informed decision that allows you to look your children and/or grandchildren \u00a0in the eye (and yourself in the mirror) and feel at peace about it.\n[Original Comment ID: 205144]\n"
    },
    "5446": {
        "url": "/comment/5446",
        "comment": "Habitat for Humanity Grey Bruce helps families build and buy safe, decent and affordable homes through a no down payment, no-interest mortgage with payment set at 25 percent of gross income. This solution not only helps to provide housing for families in need, it enables low-income families to build assets, reduce their dependence on social assistance and break the cycle of poverty giving families a Hand Up, not a Hand Out.\nAs a \u2018Visionary Sponsor\u2019, Bruce Power has been a major supporter of our homebuilding program for several years. The company also supports our cause by helping to keep electricity prices affordable; it is understood Bruce Power supplies electricity at 30 per cent less than what the average homeowner pays.\nPlease consider this submission as an endorsement of Bruce Power\u2019s existing role in Ontario\u2019s Long-Term Energy Plan. The company plays a vital role in providing employment in the Grey Bruce region as well as clean, reliable electricity to the province.\nSincerely,\nGreg Fryer\nExecutive Director\nHabitat for Humanity Grey Bruce\n[Original Comment ID: 205146]\n"
    },
    "5447": {
        "url": "/comment/5447",
        "comment": "Please follow the county of my birth's initiative \"OXFORD COUNTY\" and commit to a 100 per cent renewable energy plan.\n[Original Comment ID: 205150]\n"
    },
    "5448": {
        "url": "/comment/5448",
        "comment": "Hon. Glen ThibeaultDecember 7 2016\nMinister of Energy\n4th Floor, Hearst Block\n900 Bay St.\nToronto, Ontario\nM7A 2E1\nRe; Submission of letter of support for Bruce Power\nThe role that Bruce Power plays in providing clean, low carbon, and reliable energy is important\nto Ontario and is important to our energy mix in the province. \u00a0We need the base load energy as well as the load following energy from the Bruce A and B sites.\nWith this low-cost power, we, as a Province, can also utilize other forms of clean energy, such as hydro, wind and solar. \u00a0The upgrades and performance improvements at Bruce Power have also aided us in the removal of coal generation from our Province. \u00a0A commendable achievement.\nWith energy from Bruce Power at less than $.07/Kwhr we have a large, stable and inexpensive source of power.\nAt DB2 Consulting, my company started two years ago, my focus is 100% within the nuclear arena. Prior to this I was with Cameco, another Canadian nuclear company.\nI rely on the nuclear sector for work, and I provide business development services to nuclear based companies in Ontario, who benefit from Bruce Power Procurement needs.\nThe Candu reactor is a well recognized, notable Canadian achievement. They provide safe, clean and reliable power. \u00a0They are among the best performing reactors in the world. \u00a0With the low cost of power and the jobs they bring to their localities it is important to my company that we must perform the MCRs at Bruce and maintain Bruce Power\u2019s role of providing 30% of Ontario\u2019s electricity at 30% less than the average residential price of power, supporting the life extension and refurbishment of Units 3-8 on the Bruce site, securing its future through 2064\nWith Best Regards\nDoug Burton MBA P Eng\nDB2 Consulting\nCc;\nAndrea Pastori\nMinistry of Energy\n77 Grenville Street\nFloor 6th\nToronto Ontario\nM7A 2C1\nPhone: (416) 327-7276\nHon. Kathleen Wynne\nPremier of Ontario\nLegislative Building Room 281,\nQueen's Park, Toronto, ON\nM7A 1A1\nHon. Brad Duguid\nMinister of Economic Development & Growth\nHearst Block 8th Floor\n900 Bay Street\nToronto, Ontario\nM7A 2E1\nSerge Imbrogno\nDeputy Minister of Energy\n4th Floor, Hearst Block\n900 Bay St.\nToronto, Ontario\nM7A 2E1\nBruce Campbell\nPresident & CEO\nIndependent Electricity System Operator\n1600-120 Adelaide Street West\nToronto, Ontario\nM5H 1T1\nLou Rinaldi\nMinistry of Municipal Affairs\nSuite 2302, 23rd Floor\n777 Bay Street\nToronto, Ontario M5G 2E5\nMs Kim Rudd, MP,\nHouse of Commons,\nOttawa\n[Original Comment ID: 205153]\n"
    },
    "5449": {
        "url": "/comment/5449",
        "comment": "More and more communities worldwide are committing to go 100% renewable to fight climate change, have control over their own energy, and rid themselves of nuclear risks.\nThese communities have recognized a renewable future is not some far-off fantasy. It\u2019s time Ontario did the same. We need to work toward a future that sees Ontario relying on 100% renewable energy.\n[Original Comment ID: 205155]\n"
    },
    "5450": {
        "url": "/comment/5450",
        "comment": "Canada has promised to be a leader when it comes to the fight against global warming and the deterioration of our planet. Right now, you are not only disappointing Canadians by putting their lives at risk of nuclear radiation, preventing the switch to renewable energy sources, and charging more for energy, you are disappointing the global community and all youth for centuries to come. If we don't make a change in where we get out energy from there will be major consequences. How well will the human population survive when we've destroyed our air and water quality, forced all wild animal species on land and sea and in the air to extinction, and have contaminated the land enough that vegetation no longer wants to grow? Please, help Canada keep it's promise not only to the citizens, but to the world, that we are willing and ready to make the necessary changes to SAVE OUR PLANET! Planet Earth does not need humans, but we need it.\n[Original Comment ID: 205156]\n"
    }
}