{
    "4351": {
        "url": "/comment/4351",
        "comment": "Forward thinkers and Movers...\n\nOntario must follow the Worldwide trend of city planners and larger Geographic regions by committing to a 100% renewable future. Combining the reduced costs of solar and wind energy\u00a0 and increasingly effective storage options with\u00a0 ongoing research indicating improvements in Smart Grids and power transmission capabilities, these together offer convincing reasons for change from costly and dangerous Nuclear power generation to sustainable and clean energy alternatives.\n\nEnergy Consumers are increasingly choosing cheaper smarter technologies with ever increasing efficiencies and decreasing power demands and system loads. Yet, Ontario has chosen to re-invest in expensive and dangerous nuclear technologies.\n\nNuclear Storage facilities should have 24/7 military protection....Storage of dangerous radioactive waste should be\u00a0 contained on-site within well guarded military bases outside of populated urban areas.....This will lead to reduced costs; costs which are not factored into the REAL COSTS of nuclear power generation.\n\nFinally, the newly established limits for insurance in the \" Nuclear Liability and Compensation Act\" coming into effect January of 2017 is a dangerous and preposterously low limit...which \" \u2022 Sets the absolute liability limit of an operator of a nuclear installation to an amount that will gradually increase to $1 billion over 4 years \u2013 from $650 million at proclamation,\n\n$750 million, $850 million, $1 billion \"\n\n1 Billion?\u00a0 That puny amount will not cover the costs for damage to the immediate physical locality of Bay Ridges built so\u00a0 near the Pickering Nuclear Power Plant, let alone a vast area of Southern Ontario..... There are\u00a0 @ 3000 businesses and @ 20000 residential units in the area. As home and business insurance do not cover auto, home/condo/apt., nor businesses in the event of Nuclear disaster....\n\nLiability insurance rising from 2016 at 650 million to 1 Billion dollars by 2021?\u00a0 Really?\n\nLet's do some very basic,\u00a0 very simplistic figures....\n\nWhat would each family or business be compensated for in the event of a catastrophic loss? Consider water damage alone, as an example... At 100+ thousand dollars per claim per household- loss of use, relocation, alternate accommodation, loss of personal property value, etc.... there goes your billion dollars for a small community located within 10 km of the Pickering Nuclear Power plant... and this\n\ndoesn't account for lost business, labour, manufacturing etc... nor loss of life, limb, nor long term disease....\n\nInsurance must necessarily be in the magnitude of tens or hundreds of Trillions...!\u00a0 Not a Billion....!\n\n\"The tragedy at the Fukushima nuclear plant will cost 11.08 trillion yen ($105 billion), twice as much as Japanese authorities predicted at the end of 2011\"\n\nSourced from\u00a0 \u00a0 \u00a0 \u00a0 \u00a0 en.wikipedia.org/wiki/Fukushima_Daiichi_nuclear_disaster\n\nNuclear energy requires\u00a0 REAL COSTING..... Construction Cost overruns??? Liability Insurance ??? 10,000 years of safe Storage???\n\nSetting renewable energy alternatives on the back shelf? 100% may not be achievable with yesterdays technology and political thinking; but our future, Ontario's Future, Ontario's\u00a0 Energy Plan requires the implementation of modern technologies and modern, forward thinking .....\n\n[Original Comment ID: 206825]\n"
    },
    "4352": {
        "url": "/comment/4352",
        "comment": "We need to begin a transition towards a 100% renewable energy in Ontario, and that starts with closing the aging and dangerous Pickering plant on the edge of the GTA.\n\nI am concerned about our province\u2019s energy future and the safety of millions of people.\n\nI am asking the Ontario government to shift course away from dirty and dangerous nuclear power, and join the global movement towards 100% renewable energy.\n\nI believe that Canada is a great country that can follow the lead of other countries who have taken this direction proudly. We can set a strong example that it is important to care for the health of the people and the Earth we live on. There is only one Earth!!\n\n[Original Comment ID: 206826]\n"
    },
    "4353": {
        "url": "/comment/4353",
        "comment": "We got rid of coal, so now we must begin the task of getting rid of nuclear, like coal another doomed, outdated technology.\u00a0 Renewable energy is the future, nuclear energy (\"so cheap we won't even have to meter it\") is the past.\u00a0 Let's get on with it.\n\n[Original Comment ID: 206827]\n"
    },
    "4354": {
        "url": "/comment/4354",
        "comment": "Concerned resident of Ontario interested in seeing action on renewable energy sources, thank you.\n\n[Original Comment ID: 206828]\n"
    },
    "4357": {
        "url": "/comment/4357",
        "comment": "I want Ontario\u2019s next Long-Term Energy Plan (LTEP) to acknowledge that going 100% renewable is a viable option for Ontario\u2019s energy future.\nMore and more communities, countries and companies are opting to go 100% renewable.\u00a0\u00a0 Ontario\u2019s next energy plan should put policies in place to enable citizens, communities and First Nations to go 100% renewable.\nLet's put conservation first:\u00a0\u00a0 To fight climate change and reduce our environmental footprint, I think Ontario\u2019s next energy plan should make conservation and efficiency the first priority for all energy decisions.\nA recent government study showed we have the potential to cost-effectively reduce electricity demand by 30% by 2035.\nFurthermore, I think the government should pursue all cost-effective conservation by empowering:\n- Communities and Citizens to go 100% Renewable,\n-Everyone from citizens and co-ops to municipalities and First Nations to become energy producers, AND\n-Communities like Oxford County that want to go 100% renewable.\nOntario needs to Come Clean on Nuclear Costs:\u00a0\u00a0 The biggest barrier to shifting Ontario to 100% renewable energy is the government\u2019s current commitment to nuclear power.\nWhile the cost of renewables keeps declining, the cost of nuclear power has only ever gone up. Despite this, the government\u2019s past energy plans have made no requirement for nuclear projects to undergo public review against alternatives. This needs to change.\nOntario\u2019s next energy plan needs to ensure there are a full and fair comparisons of the total costs of nuclear with alternatives and an opportunity for the public to have a say about which approach they prefer.\nClose Pickering:\u00a0 Ontario\u2019s 2013 energy plan committed to close the Pickering nuclear station between 2017 and 2020, but earlier this year the government announced they would renege on this promise and keep operating Pickering until 2024.\nAlmost all of Pickering\u2019s output is surplus and exported to Michigan at a loss.\u00a0 This is driving up energy costs.\nPickering\u2019s continued operation also puts the public at risk. Ontario has not updated its nuclear emergency plans since the Fukushima disaster.\nI want the government to keep its promise to close Pickering before 2020. Shutting Pickering down should be a first step in Ontario\u2019s long-term transition to renewable energy.\n[Original Comment ID: 205921]\n"
    },
    "4358": {
        "url": "/comment/4358",
        "comment": "Ontario must be part of the future!! Please, focus on renewable energy production, particularly wind, solar and geothermal - there is simply NO OTHER choice. Give us a chance to be on the cutting edge of renewable power independence for public and business futures.\n[Original Comment ID: 205924]\n"
    },
    "4359": {
        "url": "/comment/4359",
        "comment": "Please shift Ontario away from dirty and dangerous nuclear power, and join the global movement towards 100% renewable energy.\n\n[Original Comment ID: 206829]\n"
    },
    "4360": {
        "url": "/comment/4360",
        "comment": "Although nuclear power can be seen as clean due to the fact that it does not create air pollution, it has the potential to pollute air, water and soil. \u00a0 The possibility of exposure to nuclear radiation fallout is a real day to day reality. One error or malfunction can destroy our province and country. Storage of nuclear waste is also a real issue as it continues to be radioactive for very long periods of time as it cannot be disposed of. Let's move into the 21st century with clean renewable energy for all. It would be more cost effective to subsidize renewable energy in the long run when it is being phased in rather than to refurbish nuclear power plants that cost billions of dollars to operate and maintain. Long term visions need to be adopted by government.\n\n[Original Comment ID: 206830]\n"
    },
    "4361": {
        "url": "/comment/4361",
        "comment": "To whom it may concern,\nI want Ontario\u2019s next Long-Term Energy Plan (LTEP) to acknowledge that going 100% renewable is a viable option for Ontario\u2019s energy future.\nI don't understand how we could still be thinking about fossil fuels and pipelines as the solution for energy in Ontario. Climate change is real, and we cannot afford to keep accumulating the emission of carbon into the atmosphere. For the future of our children and our children's children, I beg for a 100% renewable energy future.\nLet us be innovators that contribute to a purely sustainable environmental future. Let us show and prove our leadership by keeping fossil fuels in the ground and sustaining life on our planet.\nKind regards,\nArmen Poladian\n[Original Comment ID: 205944]\n"
    },
    "4362": {
        "url": "/comment/4362",
        "comment": "I am opposed to nuclear energy because it is too costly both in its energy production and sequestering of the hazardous waste generated, too dangerous in its radioactive fuel, too complex to be a safe technology, too deadly that a slight error could cause catastrophic results, too large and centralized in its power production, and\u00a0 too egregious in its regulatory anti-democracy.\n\nI think the process of shutting down reactors needs to begin immediately, while fossil fuel energy is still reasonably available and inexpensive, so as to facilitate the energy costs of decommissioning and decontamination.\n\nNew sources of renewable energy combined with energy conservation offer a transition to a new society not based on exploitation.\n\n[Original Comment ID: 206831]\n"
    },
    "4363": {
        "url": "/comment/4363",
        "comment": "I support clean, renewable energy in Ontario. As a taxpayer, I expect that energy will be purchased by the province in a cost-effective manner. While people have questioned the increased investment in renewables, these are decreasing with the advances in technology and production scale. In comparison, the costs to support nuclear are astounding and even then so little information is available to determine its benefits against renewables. The nuclear power system is a 20th century model that is becoming increasingly outdated.\nAdditional usage of clean renewables is good for our communities as well. Organizations like OREC have given Ontarians a vehicle to help build the power grid while providing a return on investment, which stimulates the local economy and creates value. Giving First Nations the opportunity to invest as well can have long-term benefits to communities and their economies as well.\nOntario's large population, manufacturing capacity and progressive outlook make it a natural choice to invest in green energy and to be a leader, much like it was in the automotive industry. I hope that we will be able to look on this period and say that we made the right decisions for the future, and not simply the most convenient ones for the present.\n[Original Comment ID: 205956]\n"
    },
    "4364": {
        "url": "/comment/4364",
        "comment": "I hang my head in shame, Canada is regressing in all areas of renewables, where as the rest of the world is subsidizing and encouraging their population to progress.....in Ontario Wynne is contemplating spending MY tax dollars on refurbishing Darlington,\u00a0 an appalling 13 billion $ on aging, antiquated poisonous nuclear, while the world is moving away and shutting the down these treacherous reactors.\n\nInstead of leading the world, which a wealthy country like Canada should be doing, we are lagging far behind.\u00a0 It is tragic and shameful.\n\nInstead of continuing to subsidize nuclear and the oil industry, take a leap and move into the 21st century, give our children a future.\u00a0 The money is there, courage and imagination is needed.\n\n[Original Comment ID: 206832]\n"
    },
    "4366": {
        "url": "/comment/4366",
        "comment": "I whole-heartedly endorse a policy of sustainable energy production throughout the Province of Ontario.\u00a0 Production of electricity from nuclear sources is far too costly and dangerous; from burning fossil fuels far too polluting and non-sustainable; from water power, the least damaging except to aquatic systems.\u00a0 Production from wind and solar sources is by far the best since the energy is free and the only cost is mechanisms for capturing the free energy.\u00a0 Thousands can be put to work making solar panels and systems as well as wind turbines.\u00a0 All subsidies to the fossil fuel industry should be re-routed to the green energy production.\n\n[Original Comment ID: 206833]\n"
    },
    "4368": {
        "url": "/comment/4368",
        "comment": "It is my desire that Ontario go 100% renewable. We cannot keep ignoring the growing urgency of climate change.\n\n[Original Comment ID: 206834]\n"
    },
    "4370": {
        "url": "/comment/4370",
        "comment": "Nuclear Power is outdated.\n\nThe disposal of the waste is a burden to mankind and generations to come. It is uncontrollable in the future.\n\nRenewable and clean Energies have so far developed that they are very suitable to fulfill the need. If we can shut down a power plant to repair it and not have any shortages, then we should be able to close it.\n\nUse the money to tear the plant down and use the land there to put a wind turbine farm or solar panels. The infrastructure is there to feed the energy created into the grid.\n\nBe forward thinking for once and don't lag behind.\u00a0 Other nations are much further than Ontario. Use the opportunity to move into the 21 century.\n\nRegards,\n\n[Original Comment ID: 206835]\n"
    }
}