{
    "4231": {
        "url": "/comment/4231",
        "comment": "Candu is one of the last piece of Canadian technology left within our great country. Having work in the industry for over 40 years it has proven to me to be a clean safe way to do business. All the issues with nuclear including the one in Japan FUKUSHIMA power plant. Where a result of human failure to recognized the risk of not following \u00a0procedures and keeping the public safe. The lesson learn from the refurbishment of the BGS-A plant are a first for the industry around the world. Nuclear is here to stay whether we support it or not the bottom line is that we need nuclear to help keep our environment clean and attract the industry back to the province with affordable power.\n[Original Comment ID: 196428]\n"
    },
    "4232": {
        "url": "/comment/4232",
        "comment": "I would like the government to take a long view of the supply of electrical energy and set\u00a0 short term goals to\n\nabandon\u00a0 all Nuclear Energy sources.\u00a0 The issue has many facets including the cost of building and then refurbishing\n\nbut over-riding any cost issue is the matter, still unresolved, of what to do with the waste products and how to respond\n\nshould an accident occur with consequent risk of widespread contamination.\n\nSurely Chernobyl and Fukishima should be lessons enough ????\n\nSincerely.\n\n[Original Comment ID: 206772]\n"
    },
    "4233": {
        "url": "/comment/4233",
        "comment": "we\u00a0 farm close to the bruce site\u00a0 we do not want our\u00a0 land polluted from an accident when it happens\u00a0 nuclear energy is very expensive not safe\u00a0 and now we are expected to put up with a nuclear dump\u00a0 near Kincardine as well that the we the taxpayer will have to pay for the next\u00a0 1000 years or more\u00a0 We demand\u00a0 clean energy\u00a0 solar wind biomass\u00a0 not\u00a0 nuclear\n\n[Original Comment ID: 206773]\n"
    },
    "4234": {
        "url": "/comment/4234",
        "comment": "Renewable energy is the best step forward in preserving and saving our planet. Our planet is in crisis and we need to get things done before it's too late.\n\n[Original Comment ID: 206774]\n"
    },
    "4235": {
        "url": "/comment/4235",
        "comment": "Bruce Power is a significant contributor to keeping the price of power low while significantly stimulating the economy in Ontario. \u00a0 Over 16 years we have provided clean safe electricity and the impact on the area of Grey Bruce and Ontario as a whole is incredibly positive and we've done this with private investors to keep the prices low! \u00a0Nuclear needs to be part of the mix.\n[Original Comment ID: 196429]\n"
    },
    "4236": {
        "url": "/comment/4236",
        "comment": "To whom it may concern:\n\nFor the next review of the Long Term Energy Plan, Ontario needs to start seriously thinking about renewable energy. Now is the time for Ontario to become committed to a 100% renewable energy future. As places around the world have already committed to use 100% renewable energy - such as Vancouver - Ontario should not be left behind. It is achievabal for Ontario, as we already produce at least one quarter of our needs to be 100% renewable.\n\nHowever, one of the barriers for Ontario to use 100% renewable energy is the money the government is putting into nuclear energy - which is harmful to people and the environment. Nuclear energy is a pollutant and a contributer to climate change, whereas renewable energy is clean and is the smarter choice.\n\nNow is the time for Ontario to be focused on using renewable energy as people are becoming more aware of the negative effects of nuclear energy and the positive effects of renewable energy. Please consider the people of Ontario and Ontario's environment and make the right choice and say Ontario will commit to using 100% renewable energy.\n\nSincerely,\n\nAshtyn\n\n[Original Comment ID: 206775]\n"
    },
    "4237": {
        "url": "/comment/4237",
        "comment": "I fully support a phase out of Nuclear energy and the use of 100% renewable energy,\n\n[Original Comment ID: 206776]\n"
    },
    "4238": {
        "url": "/comment/4238",
        "comment": "Please keep your promise and shut down the Pickering nuclear plant by 2020. The plant is driving up our energy costs (which are insane in this province), putting public safety at risk and stalling our transition to 100% renewables. I want to see Ontario commit to being 100% renewable by 2030 or 2035. Energy costs are far, far too high. Solar should be subsidized and incentives provided for people wishing to retrofit their homes with solar or purchase electric vehicles, etc. The salaries of top energy execs need to be re-evaluated, the province is paying a ridiculous amount of money for energy and this needs to stop. This is one of the major complaints about the Wynne government. Please help us to lead in the green energy transition.\n[Original Comment ID: 205616]\n"
    },
    "4239": {
        "url": "/comment/4239",
        "comment": "We need to show the world we support it by using clean energy.\n\n[Original Comment ID: 206778]\n"
    },
    "4240": {
        "url": "/comment/4240",
        "comment": "Please disccontinue efforts to repair the Pickering nuclear plant in favour of instituting natural sources of energy which are abundantly available.\u00a0 Every building and home built in Ontario must be required to install solar panels, and wind power needs to be increased exponentially.\n\nWe are living in a time of great transition.\u00a0 Our main hope for survival as a human race depends upon healing the great damage we have already wrought upon this planet and making a 180 degree turn by embracing the sun and wind resources.\n\nWe are running out of time, people!\n\n[Original Comment ID: 206777]\n"
    },
    "4241": {
        "url": "/comment/4241",
        "comment": "I believe Nuclear generation for power is the safest, greenest and most efficient way to keep the wheels turning in Ontario. The price to consumers for nuclear power is very good, we need to continue using and expanding nuclear to offset our expensive alternatives. We have achieved zero carbon emissions with nuclear and I see it as a clear choice.\n[Original Comment ID: 196430]\n"
    },
    "4243": {
        "url": "/comment/4243",
        "comment": "Renewable energy NEEDS to happen!\u00a0 Everywhere, but for sure in my own home province!\u00a0 Please make this a reality for our future, and our children's future!\n[Original Comment ID: 205634]\n"
    },
    "4244": {
        "url": "/comment/4244",
        "comment": "I unsterstand that you are collecting public perceptions about power source options.\nOver the years we have learned about the negative impact fossil fuels had on our climate. Nuclear power offers us power that does not create harmful greenhouse gases, while still being reliable and affordable.\nIn the near future we may start to see more electric vehicles on our roadways. \u00a0Where are we houng to get the power for those vehicles? \u00a0Solar and wind power installations do not offer sufficent output to power our homes and electric cars. \u00a0The cost of wind and solar also make electric vehicles unaffordable to operate.\nLet us also not forget that wind and solar power need to be backed up with natural gas plants when it is cloudy or winds are calm. \u00a0This negates the green properties of wind and solar power. Nuclear power does not need to be backed up with power from a natural gas plant. \u00a0Nuclear plants operate safely and reliably 24/7/365.\nI want my children to have a future with 0 emmissions vehicles. \u00a0But we will never reach that day relying on only wind and solar.\nI encourage the Government of Ontario to expand the use of Nuclear Power, so we can make Ontario a place to grow again.\n[Original Comment ID: 196444]\n"
    },
    "4245": {
        "url": "/comment/4245",
        "comment": "100% renewable energy should be everyone's\u00a0 goal at this late stage of the climate change crisis-so be a leader and do what is right\u00a0 not what is popular\n[Original Comment ID: 205639]\n"
    },
    "4246": {
        "url": "/comment/4246",
        "comment": "It is time to stop stalling on renewable energy. This is all about climate change, and what state we are going to leave this in Earth for future generations. It also means tens of thousands of good jobs for Ontario if this government would just get off the pot and start transitioning away from fossil fuels.\nI fail to understand why we are trying to increase nuclear capacity, when we are already overproducing electricity, and paying other jurisdictions to take it off of our hands. This government needs to do some explaining.\nOn a similar subject, what is the rationale for selling off Ontario Hydro? Money can be borrowed at 3%, and Ontario Hydro gives a 9% to 11% rate of return. The economics just don't make sense, and neither does selling what should be a public utility to private interests.\n[Original Comment ID: 205641]\n"
    },
    "4247": {
        "url": "/comment/4247",
        "comment": "I am very concerned about our province\u2019s energy future. It is my request that our government start immediately to shift our course away from dirty and dangerous nuclear and fossil fuels and work toward a 100% renewable solution. The burden of dealing with nuclear waste should not be left to our descendants.\n[Original Comment ID: 205642]\n"
    },
    "4248": {
        "url": "/comment/4248",
        "comment": "We need to continue the longevity of Bruce Power not only for the sake of hard work and investment already completed but for what will come. Along the way we continue to receive safe and reliable electricity. Hard to beat. Support Bruce Power please.\n[Original Comment ID: 196446]\n"
    },
    "4249": {
        "url": "/comment/4249",
        "comment": "I am a resident of Ontario concerned about the future of my family.\u00a0 Ontario needs a green energy future without fossil fuels or nuclear energy.\u00a0 I believe that not only will a 100% green energy future reduce climate change and environmental damage, but it will make Ontario competitive in the new green energy future.\u00a0 My hope is that energy utilities will be kept public to retain government control and management to keep them green for the future.\n[Original Comment ID: 205644]\n"
    },
    "4250": {
        "url": "/comment/4250",
        "comment": "Good day,\nI am writing because I am a Climate Change believer.\u00a0 I would love to see Ontario go with 100% Renewable Energy!\u00a0 Solar panels and Wind turbines are the way of the future in my opinion.\nWe have to wean ourselves off of\u00a0 fossil fuels.\nWe have made great strides in driving Hybrid cars that get excellent gas mileage...we need to make them more affordable.\nI go through 2 tanks of gas in my Toyota/month.\u00a0 About 80 liters.\u00a0 We must do better.\nI'm not a big fan of nuclear energy either.\u00a0 If we had an earthquake, it could be catastrophic for us here in Ontario.\nAll new ideas should be carefully looked at to achieve 100% Renewable Energy here in Ontario.\nI would like to see toll roads like they have in the states, here in Ontario.\u00a0 Pass a checkpoint and through a toonie in a collector plate.\nThat's all I have for now,\nSincerely,\nJames Birchall B.A.\n[Original Comment ID: 205646]\n"
    }
}