{
    "4372": {
        "url": "/comment/4372",
        "comment": "As a concerned citizen I would like to see Canada end its use of nuclear power\n\nand move to using completely renewable energy sources.\u00a0 Please join the global\n\nmovement towards 100% renewable energy.\u00a0 It is time for governments to act\n\nresponsibly and demonstrate a genuine and active plan for saving the planet.\n\nNuclear energy is a dangerous, and endlessly harmful form of energy, and it\n\nhas to go.\n\n[Original Comment ID: 206836]\n"
    },
    "4373": {
        "url": "/comment/4373",
        "comment": "I was part of a tour of the Pickering Nuclear Plant held\u00a0 for Teachers in the early 1970's.\u00a0 When we came to the lagoon where spent fuel was stored under water, someone asked how long that would be.\u00a0 It was a very long time.\u00a0 My memory of this is quite clear that this was a problem as the waste would accumulate and where could it be safely stored.\u00a0 It would all be solved by scientists. I don't think that has been solved in 2016.\u00a0 I support full speed ahead on developing renewable energy programs.\u00a0 As these programs expand more jobs and economic benefits will grow and our precious environment will be protected,\n\n[Original Comment ID: 206837]\n"
    },
    "4375": {
        "url": "/comment/4375",
        "comment": "I am writing today to plead with the Ministry of Energy to please start converting Canada's economy to 100% renewable AS SOON AS POSSIBLE.\nThe longer we wait the higher the cost will be to fix the problem and even more so, the higher the price will be to pay (including apocalyptic scenarios).\nI have two kids aged 8 and 5. I do not want to see them inherit a destroyed planet.\nDo you?\nNobody does, thats insane!\nSo lets all please get our wallets out and start paying the true cost of dumping CO2 into the atmosphere. It is not free!! Just because we aren't taking it into our accounts (GDP) right now doesn't mean the debits are not increasing in that accounting column. Just because you don't look at it doesn't mean its not there.\nThis is why a price on carbon is the only sane, logical, rational, scientific, pier reviewed, highest net gain course of action available to us.\nGo do it now!!\nPlease let me know what I can do!!\nMake some options available to me.\nThank you\n[Original Comment ID: 196706]\n"
    },
    "4377": {
        "url": "/comment/4377",
        "comment": "Ontario will need to focus on replacing natural gas with electricity and other heat sources for residential an commercial purposes. It will also need expanded electricity and electricity storage to transform the transportation sector.\n[Original Comment ID: 196715]\n"
    },
    "4382": {
        "url": "/comment/4382",
        "comment": "The Ministry of Energy uses only three criteria when determining where future and current generation facilities will be constructed according to a representative at the November 3rd public consultation session held in Peterborough. The three criteria are: distribution availability, resource availability and those willing to lease land. \u00a0According to the same representative, impacts to the environment as well as negative economic, social and cultural impacts on communities that multiple industrial energy generation projects inflict is not the responsibility of the Ministry of Energy.\nOver the past seven years, Ontario has signed numerous agreements with energy producers guaranteeing revenue even when energy production has to be curtailed due to environmental conditions or problems with the grid.\nThere is no land planning consideration or measure of what the cumulative impact will be from hundreds of generating stations plunked helter-skelter across rural Ontario. \u00a0It appears the LTEP has no plans to institute energy generation facilities within urban areas where arguably they should be constructed and where there is greatest public support.\nTo date there are hundreds of industrial facilities dotting the rural landscape across Ontario in various geographic zones and within various ecosystem regions. According to the IESO, as of June 30, 2016 there are 3588 generation contracts without any consideration of their overall impact on Ontario\u2019s landscape; 110 were for large scale wind energy facilities.\nAccording to one media report, \u00a0a developer stated that, \u201c more concrete was poured for the project than was used to build the CN Tower \u2013 36,472 cubic metres, and that \u00a0in addition 70 kms of gravel access roads were created and 35 km of new transmission lines. http://www.chathamthisweek.com/2014/06/25/south-kent-wind-project-officially-opens\nOne of the wind energy projects proposed under the now \u2018suspended\u2019 but not cancelled LRP2 program, if approved will cover 12,000 acres. http://www.wellingtonadvertiser.com/comments/index.cfm?articleID=32815\nThis proposed 63 turbine project covering 12,000 acres on hold until the LRP2 program is re-instituted will have installed capacity of 100 MW which will be produced intermittently. By contrast, the Darlington Nuclear Station which is the second largest energy generating station in the Province creates 3,480 megawatts of carbon-free electricity covering a fraction of land at 480 hectares or 1200 acres.\nOver the past 6 years, thousands of letters of objection were sent to various government ministries and both Premiers objecting to the plan to industrialize the Oak Ridges Moraine for 4 large scale wind energy facilities and 1 solar facility. Rural residents and environmental organizations such as STORM (Save the Oak Ridges Moraine) continuously sought to stop the cutting down of over 2500 mature trees along wildlife movement corridors and in designated significant woodlands. \u00a0 \u00a0First Nations peoples vigorously sought to protect their traditional hunting and gathering grounds granted under Treaty 20 knowing the plans of the industrial developers include decimating habitat for 12 species at risk, wiping out area raptors and endangering medicinal and food plants including species at risk butternut trees.\nThe MOECC recognized that the ministry received record numbers of comments of concern and objection posted on the EBR seeking denial of approval of these energy facilities on the Moraine. Additional concerns raised included the planned elimination of savannahs and open country bird habitat, redirecting and preventing and contaminating water flow to trout streams as well as threatening hydraulic connections to designated significant wetlands, the construction of many kilometers of new roads and 1000 ton permanent concrete bases and 30,000 pilings will have on sensitive surface and groundwater resources on the Moraine. \u00a0The Cham Shan Buddhists met with the former Minister of Energy Chiarelli \u00a0pleading for a halt to the 3 energy projects stating that construction of the industrial energy facilities through visual and noise pollution will prevent the build-out of their unique 100 million dollar project. \u00a0 Instead, like rural residents and First Nations, the Buddhists were dismissed in favour of providing tens of millions of taxpayer dollars to companies for an intermittent energy source even when not producing energy.\nhttp://www.cbc.ca/news/thenational/buddhist-temple-project-in-rural-ontario-threatened-by-wind-turb ines-1.3655375\nThe Ontario Energy Board does not have the ability to reject applications based on environmental concerns and the EBR appeal process is cumbersome with an unfair, often untenable burden placed on residents who are faced off against developers with deep financial pockets. Even still there have been dozens of appeals filed which should send a clear message to the Ministry to stop the industrialization of rural Ontario.\nThe MOECC \u00a0(verified by staff) does not look at the cumulative environmental impact of REA applications.\nSince O. Reg 359/09 strips municipalities of the ability to determine the suitability or possible locations for industrial development and the ability to veto projects that are determined not to be in the best interest of the community, there needs to be master plan in place similar to the MAH\u2019s Places to Grow Act unfortunately also amended under O. Reg. 359/09 as are 19 other Acts.\n\u2022Building Code Act, 1992;\n\u2022Conservation Land Act;\n\u2022Co-operative Corporations Act;\n\u2022Energy Conservation Leadership Act, 2006;\n\u2022Environmental Bill of Rights, 1993;\n\u2022Greenbelt Act, 2005;\n\u2022Ministry of Natural Resources Act;\n\u2022Ontario Energy Board Act, 1998;\n\u2022Places to Grow Act, 2005;\n\u2022Public Lands Act; and\u2022Clean Water Act, 2006;\n\u2022Conservation Authorities Act;\n\u2022Electricity Act, 1998\n\u2022Energy Efficiency Act;\n\u2022Environmental Protection Act;\n\u2022Ministry of Energy Act;\n\u2022Niagara Escarpment Planning and Development Act;\n\u2022Ontario Water Resources Act;\n\u2022Planning Act;\n\u2022Provincial Parks and Conservation Reserves Act, 2006.\nI attended one of the LTEP \u2018public\u2019 sessions and when suggested the MoE might step back and take a look at the overall picture and the cumulative impact with an eye to sustainable development, I was told by a senior MoE rep that this suggestion would not be taken back to the Minister because this would mean an overhaul of the current procurement system. (so much for valuing public consultation).\nWhile the revised LRP program stipulates the applicant needs to demonstrate that Site Considerations Information is to be collected this is only done by conducting preliminary desktop studies to determine the presence of certain environmental features at the proposed project site. This is meaningless unless there is some veto power from the MOECC and MNRF. \u00a0Unfortunately neither the MOECC nor the MNRF has \u00a0complete or in-depth data on species at risk. Every developer will argue through their own consultants (on their payroll)there will be no environmental harm no matter where the project is sited even in the most environmentally sensitive lands like the Oak Ridges Moraine. \u00a0The MOECC\u2019s role is to expedite the application process (confirmed by staff).\nThe MoE in consultation with conservation authorities, municipalities, landowners, the MOECC and the MNRF needs to draw out a specific land use map that would organize energy development only into specific areas identified as having the least environmental and least cumulative impact such as brownfields or other such environmentally bankrupt lands.\nContinuing on the topic of environmental degradation in the name of energy security, the internet is filled with dozens of media reports of tree butchery and wide-scale poisoning of vegetation by Hydro One and Ontario Land Clearing across Southern Ontario. \u00a0Many of the media reports indicate perfectly healthy trees have been mangled and/or cut down without providing any demonstrable measure of increased safety or prevention of power failures. This is a very costly exercise that infuriates the populace and degrades the environment.\nAll too often the larger picture is lost to tunnel vision focussed on immediate political gains with disastrous results.\nThe online survey is a terrible disappointment. \u00a0The questions are seemingly directed to \u2018blame the victim\u201d. \u00a0There has been extensive media coverage recently of the financial challenges and heartbreak energy users across the Province face despite doing everything possible to cut energy consumption. \u00a0People are going to extraordinary lengths to decrease energy consumption to no effect.\nThe online survey seemingly directs the current high cost and responsibility of conservation onto the shoulders of consumers instead of re-examining \u00a0flawed government policies pointed out by various energy experts over the years and which have continually been ignored.\nWhen energy consumption drops due to conservation, the Global Adjustment fee must be increased to make up the difference. So the less power Ontarians use, the higher their electricity costs must be in order to cover the minimum revenues energy producers are guaranteed.\nIn addition, consumers like myself are being penalized further being one of the over 50,000 households disconnected from smart meters because Hydro One has difficulty obtaining information. We are paying for these meters that do us no service. We are further penalized by now paying higher utility costs based on usage and a median rate per kilowatt. For those of us who routinely restricted electricity consumption over 80 % of the time to off-peak hours under TOU, we now pay higher bills \u2013 why are we being financially penalized for faulty equipment? We are also penalized for living in rural Ontario by paying exorbitant delivery charges.\nhttp://globalnews.ca/news/2808094/sky-high-hydro-rates-an-absolute-crisis-for-rural-ontario/\nOntario government's polling found 94% of residents wanted relief from hydro bills http://www.cbc.ca/news/canada/toronto/ontario-hydro-polling-1.3848893\nThe temporary offer of an 8% reduction will not fix the long-term problem and ratepayers will have to pay for this reduction in some form. \u00a0It appears that the Province is failing to listen to energy experts and the Auditor General and solutions proposed by these external reviewers. Why?\nSo\u2026 what do residents such as I want included in a long-term energy plan?\nRecommendations:\n1.Provide affordable energy without continual periodic nickel and dime increases that accumulate to much more than the government touted \u2018no more than a cup of coffee\u2019 increase especially in rural areas. Delivery charges need to be re-examined and made more equitable.\n2. Terminate temporary band-aid reactionary solutions after continual increases exasperate consumers to the point of public outrage; opt instead for a long-term sustainable plan based on the input and modelling from recognized energy experts. Listen to expert opinion \u2013 listen to the Auditor General.\n2. Those disconnected from the smart meter program will be compensated.\n3.The MoE \u00a0will step back and engage in a sustainable land-planning strategy and mapping for future energy facilities before any new LRP applications are accepted; \u00a0a strategy that considers the cumulative environmental, social, cultural and economic impact on communities first.\n4. An end to the needless tree mangling, cutting and poisoning of ground vegetation under the line clearing plan \u2013 this very expensive practice has not proven to be effective and is the constant cause of frustration and anger on the part of residents \u2013 a different forward thinking holistic strategy needs to be adopted.\n5. Concentrate industrial renewable energy projects such as wind and solar in urban and industrialized areas along the Lake Ontario shoreline where both wind and solar resources are optimum and there is public support.\n6. Respect First Nations. The LRP application format opens the door to manipulation by developers for projects that are of no actual direct benefit to First Nations communities. First Nations should dictate what is needed to sustainably service their community and then there should be a bidding process and plan to make that happen.\n7. Keep utilities in private hands. \u00a0Stop the privatization of small utilities as well as selling the remainder of Hydro One\u2026 listen to the majority of Ontarians. https://keephydropublic.ca/\n[Original Comment ID: 196716]\n"
    },
    "4384": {
        "url": "/comment/4384",
        "comment": "I want a green Ontario with quality air my children and grandchildren can safely breathe. We need to eliminate harmful emissions and go 100% green.\n\n[Original Comment ID: 206839]\n"
    },
    "4386": {
        "url": "/comment/4386",
        "comment": "To whom this may concern,\n\nI want Ontario to establish 100% renewable energy systems as its primary energy provider. There is no need to invest and continue using systems that will be outdated, unhealthy to their citizens and harmful to the local environment.\n\nOntario has the potential to become a leader to the world that leads by example and investing in nuclear power is unfortunately not the way to do that whatsoever. Instead Ontario should promote, through policies, the use of 100% renewable energy to its citizens, communities, and First Nations.\n\nSincerely,\n\nMichael Moraitis\n\n[Original Comment ID: 206840]\n"
    },
    "4387": {
        "url": "/comment/4387",
        "comment": "I strongly support the switch to 100% renewable energy. It is the only way we will be able to fight climate change and allow future generations to live. If climate change is allowed to continue unchecked as it has been, literally billions of people across the world will die. Not millions- billions. If you want your children to have a good life, you have to be sure they actually will live at all, and the continued use of fossil fuels and other carbon-emitting energy sources is essentially a death sentence.\nI support electrifying transport and heating to replace fossil fuels. The next energy plan MUST include a high rate of renewable energy use.\n[Original Comment ID: 196719]\n"
    },
    "4388": {
        "url": "/comment/4388",
        "comment": "I am writing again to protest the investment in nuclear power instead of renewable sources of energy. Ontario should be leading the way on this and leading the way on educating the public on the absolute necessity of this course to prevent global species extinctions, destruction of coastal communities and devastating world wars to lay claim to habitable land and scarce food resources.\n\n[Original Comment ID: 206841]\n"
    },
    "4389": {
        "url": "/comment/4389",
        "comment": "With the prospect of plentiful clean hydro from Quebec that could meet the needs of all Ontario's energy customers at low cost, it is foolish to seek to preserve the most poisonous form of power generation left:\u00a0 the nuclear power plants at Darlington and Pickering.\u00a0 These toxic waste generators should be shut down before they cause another cancer case!\u00a0 These poisonous leftovers from the darkness of the 1950s should be shut down immediately.\u00a0 If the Province is concerned about jobs, it should not be.\u00a0 Decommissioning nuclear power plants provide years of well-paid jobs, and the workers have the satisfaction of making the world a better place.\n\nThe time to invest in clean, green renewable energy is NOW.\u00a0 Buying Quebec's excess power would make life cheaper and greener for most Ontarians.\u00a0 We can clean up our air, clean up our water and have sufficient power to transition to a low carbon future, but only if we STOP THE NUKES.\n\n[Original Comment ID: 206842]\n"
    },
    "4390": {
        "url": "/comment/4390",
        "comment": "we the public get to choose our sources of energy. The Liberal Government shouldn't be making more back room deals and make the clean choice to renewable energy. It is cheaper in the long run with no carbon footprint or other long term costs and hazard and toxic substances like neclear waste.\n[Original Comment ID: 205977]\n"
    }
}