{
    "4091": {
        "url": "/comment/4091",
        "comment": "Is anybody listening, does anybody care. As a senior I wonder what I will be able to afford.\n\n[Original Comment ID: 206712]\n"
    },
    "4092": {
        "url": "/comment/4092",
        "comment": "To whom it may concern,\n\nI want Ontario\u2019s next Long-Term Energy Plan (LTEP) to acknowledge that going 100% renewable is a viable option for Ontario\u2019s energy future.\n\nMore and more communities, countries and companies are opting to go 100% renewable. \u00a0 Ontario\u2019s next energy plan should put policies in place to enable citizens, communities and First Nations to go 100% renewable.\n\nSincerely,\n\nHeather Forfar\n\n[Original Comment ID: 206713]\n"
    },
    "4093": {
        "url": "/comment/4093",
        "comment": "It is urgent that Ontario take serious steps to move away from dangerous nuclear energy, and commit more fully to 100 % renewable energy.\u00a0 Let us be leaders globally in truly taking care of the environmental disaster that we are currently living.\u00a0 Let's show that there is much employment in the field of renewables, and that the economics of such a shift are in fact, very positive.\n\n[Original Comment ID: 206714]\n"
    },
    "4094": {
        "url": "/comment/4094",
        "comment": "Please stop nuclear plants for the future of are planet find a better way.wind turbines water turbine you the government should make better ways.it not all about money.that is the way you think.money. money. Money...\n\n[Original Comment ID: 206715]\n"
    },
    "4095": {
        "url": "/comment/4095",
        "comment": "Nuclear\u00a0 power generation has long term effects on the environment because of radio active waste. Some it may also be used to manufacture nuclear weapons.\n\nThe energy used to mine and refine uranium needs to factored as well. The development of green energy is the better choice. We have used solar panels for our back-up electricity and for extra generation since the nineties. Expanded use of solar is necessary.\n\n[Original Comment ID: 206716]\n"
    },
    "4096": {
        "url": "/comment/4096",
        "comment": "My major comment relates to the cost and required backup cost for wind and solar. Yes, they are good for the environment, but the sun does not shine for many hours a day in winter and the wind often does not blow. \u00a0This requires the building of another backup power source for those frequent occurrences. The net result of the generous payments to the producers and the cost of the backup power (capacity and MW costs) is driving my power bill to extremes (I heat with electricity). Please look at this effect when deciding future power sources. \u00a0In particular, nuclear power is also good for the environment at a much more reasonable cost and higher capacity factors\nJohn\n[Original Comment ID: 196053]\n"
    },
    "4097": {
        "url": "/comment/4097",
        "comment": "\u00b7 Ontario should set a target of moving to 100% renewable energy by 2050\n\n\u00b7 Ontario should maximize efficiency by paying full value (e.g., equal to the cost of nuclear) for conservation kilowatts\n\n\u00b7 Ontario should sign more long-term deals with Quebec to import lower cost and safer water power\n\n\u00b7 Ontario should close the Pickering Nuclear Station when its licence expires in 2018. Please sign the petition to Close-Pickering.ca.\n\n\u00b7 Ontario should actively plan to take nuclear off ramps from rebuilding Darlington and Bruce as soon as possible to save money and reduce risk\n\n[Original Comment ID: 206717]\n"
    },
    "4098": {
        "url": "/comment/4098",
        "comment": "Ontario needs to be part of a Canada-wide clean energy, green economy and environmental bill of rights. We have relatively clean energy although we should not be refurbishing nuclear stations. Instead, we should be building links with other jurisdictions so as to trade clean, safe renewable energy (use HVDC - electricity \"super highways\"). The hydro link with Quebec is an obvious alternative to nuclear which should be phased out. We have to build more renewable energy plants to replace the nuclear as it is phased out.\nWe should be implementing a carbon tax of over $100/ton, not $50/ton sometime in the future. Oil & gas companies know that below a $100/ton doesn't make a difference to them. They have been pricing carbon for a long time now and you can even find a Harvard case study about BC's implementation of a carbon tax that discusses this carbon tax level issue. Take a look at European countries with carbon taxes such as Sweden, at almost $200/ton (Cdn). Everyone knows cap and trade is a game (a joke) that climate change deniers enjoy. They can delay real change and make a lot of money off of it in the meantime, moving carbon emissions around. No matter what policy is implemented, multiple policies are required to reach a goal such as a reduction of GHGs. Thus, one cannot say that because we have a (useless) cap and trade system, then we don't need a carbon tax. Multiple policies are required and a carbon tax is one of them along with regulation to renewables, etc.\nWe should be keeping all of the oil & gas in the ground, at least the majority of it that is being extracted for energy consumption (burning). We should be shutting down tar sands and other operations, off and on shore - no more pipelines - and investing in the green economy so that those people who so desperately believe they need that dirty industry, can change to the kinds of jobs that actually make a positive contribution to our society and the world. Working for oil and gas companies is a destructive undertaking and only perpetuates a world wide addition that is killing us all. It is very much like a drug addiction and the only way to stop the addition is to stop the addicts' consumption.\nWe need to regulate changes so that everyone's next car is either a hybrid or an EV. The taxi industry should have to switch over its vehicles as they get old and also pay for some of the charging infrastructure. They use our roads for their businesses and idle and drive around constantly. They have to pay and help Ontario switch rather than making tax payers foot the bill for them. All commercial users of our roads should have to switch to clean vehicles and help pay for the charging infrastructure - it supports their businesses.\nWe also have to regulate builders so that we don't use natural gas or other fossil fuels for home heating or other uses. Instead, we have to regulate that all new buildings have closed envelopes for maximum efficiency and that they only use renewable energy.\nJust like we forced the change to high efficiency light bulbs, the same kind of actions need to take place in our transportation and building sectors. We have to make it required that the next vehicle is a hybrid or an EV and that our homes and other buildings are not contributing GHGs.\nAlso, I fully support John Tory's road tolls. We have to pay for the expansion of mass transit. Toronto and other cities like it cannot be successful mega cities without becoming \"Smart Cities\" and this includes integrated systems that ultimately support a circular economy supported by the respective circular/clean infrastructure (for waste, water, energy, transportation, etc.). We have to start looking at our cities as holistic ecosystems within a province that should be broadly aligned with these changes.\nI also would suggest that we start regulating the reduction of waste at the source. For example, all the food and other things that we buy come in wasteful packaging and while a portion of it can be recycled, this is not the way to handle all of this garbage. The garbage should be drastically reduced. We can take our reusable containers to the grocery store and refill them. We don't need a new carton, box, etc. each time we buy the same thing. I am tired of getting home and unpacking everything that is over packaged and feeling the pang\u00a0 as I throw it all away (the boxes, plastic, styrofoam, etc.)\u00a0 after a one time use (whether it is recycled or not, it is so wasteful).\nIn addition, everything we buy should be labelled if is GMO or not. The recent salmon debacle is astounding, that we would actually allow GMO salmon to mix on our shelves with other real salmon and that consumers would not know what they are buying. The power of Monsanto and others like it, like the power of the oil and gas industry, has reached dangerous levels, putting all of our lives and future generations in danger. Our politicians should be held accountable when they engage in corruption by selling out to corporate lobbies.This has become such a regular phenomenon that no one realizes it as corruption anymore.\nI am 100% for a 100% clean energy, clean transportation, clean everything in Ontario. I would like to see all of Canada go 100% clean on all dimensions. We need to go back to the Canada I remember when we respected the environment and saw ourselves as part of it, not dominant over it. Listen to the native people. They understand and I understand that I am part of the environment. I do not stand separate from it. I am one of the many beings on this earth and I do not want to take from those others who thrive on this earth. They make the world a beautiful place.\n[Original Comment ID: 205476]\n"
    },
    "4099": {
        "url": "/comment/4099",
        "comment": "The energy portfolio is a mess, and will only get worse with increased privatization. \u00a0An example is the increased use of privately owned wind turbines in areas where people do not want them. These are an expensive source of energy and can only deliver when the wind is blowing.\nMy suggestion is to re-establish the former Ontario Hydro (unite OPG, Hydro One, etc.), keep it in public ownership but let it operate at arms length from the meddling influences of private industry, financial institutions and inept government politicians/policy makers.\nThe former Ontario Hydro operating on the Power at Cost Energy mind-set operated well for nearly 100 years. \u00a0This was because energy sector issues were examined by energy professionals (not bankers/stock brokers) and appropriate solutions were implemented. \u00a0Solutions were typically a mix of energy conservation, new generation of various types (including green energy), and/or transmission options - the mix with the most public benefit was chosen.\nUntil the energy sector is re-established as a crown corporation acting on the premise of \"power at cost\" free from the influence of outside agencies, soliciting comments on energy issues is a waste of time; bankers/private shareholders will implement solutions that make them quick returns with little regard to the long-term public good.\n[Original Comment ID: 196060]\n"
    },
    "4100": {
        "url": "/comment/4100",
        "comment": "Would love to see Ontario become a leader in all sorts of renewable energy technologies. If the province really works to become 100% fossil fuel free\u00a0 by 201X or even 202X, we would force ourselves to develop new technologies and policies. (Hence new jobs, not only here in the province, but also to export our products and knowledge).\n[Original Comment ID: 205477]\n"
    },
    "4101": {
        "url": "/comment/4101",
        "comment": "It is time to seriously consider phasing out nuclear energy given the issues and risks of long-term storage.\n\nAnd certainly investing in aging nuclear plants that are well past their safe life-time makes little sense.\n\n[Original Comment ID: 206718]\n"
    },
    "4103": {
        "url": "/comment/4103",
        "comment": "I believe that renewable energy is the way to go. Rather than refurbish old nuclear power stations at enormous costs while the problems with storage of spent fuel rods has not been adequately solved, and the danger of unforeseen accident is present even in the most safely run nuclear power stations, that money would be better spent in developing and producing new and ever more efficient renewable energy as well as retrofitting equipment and buildings in order to save energy. In my most innovative and optimistic moments, I visualize a system where individual homes and businesses might be able to produce their own electricity for their own use. Would it not be marvellous if sometime in the future we would not have to have power lines criss-crossing the country.\nLet's make progress and think outside the box.\n[Original Comment ID: 205479]\n"
    },
    "4104": {
        "url": "/comment/4104",
        "comment": "Nuclear energy is the lifeblood of Ontario's energy policy. It provides cheap, reliable, carbon-free energy that generates a minimal amount of waste. Please support Bruce Power in the years to come for Ontario's sustained growth and leadership in nuclear energy!\n[Original Comment ID: 196064]\n"
    },
    "4105": {
        "url": "/comment/4105",
        "comment": "Renewable energy is the only way to save this planet - please do not waste money and risk our lives with nuclear energy.\n\n[Original Comment ID: 206719]\n"
    },
    "4106": {
        "url": "/comment/4106",
        "comment": "The faster Ontario switches to renewables, the less painful the transition from coal and other fossil fuels will be.\u00a0 Other countries have done it, and there is no good reason why we can't. Read Chris Turner's book\u00a0\u00a0 \"The Leap\".\u00a0 Please don't be fooled into thinking nuclear is an option. Renewables are what I want, and what many other Ontarians want- it is up to the government to represent it's people.\n[Original Comment ID: 205481]\n"
    },
    "4107": {
        "url": "/comment/4107",
        "comment": "I favour nuclear power as an major source of long term energy for this province. Bruce Power and OPG are an asset to the community / province and a smart choice for many reasons. The many workers employed with these companies give more to the government in taxes and upstanding clean living than is ever taken back in a lifetime even for their families. Nuclear electricity is clean and affordable so business can prosper using abundant energy to make things. Canada and Ontario can meet carbon emission reduction targets so politicians can brag to other regions and challenge them to try.\n[Original Comment ID: 196071]\n"
    },
    "4108": {
        "url": "/comment/4108",
        "comment": "Every house in the province needs better insulation. There must be major government help with this program which must start now.\nConservation in the new LTEP must REALLY come first - before any more nuclear refurbishments are made. More conservation incentives are required from the natural gas providers of electricity - see OCAA for guidance.The OPA/IESO/OPG must also give incentives for persons wanting to install solar hot water systems.\nA 180% increase in the cost of electricity, because of the nuclear rebuilding is unacceptable. Wind and solar are still dropping in costs, and are very close to competing with nuclear in many places, including Ontario.\nLarger amounts of electricity must be bought from QUEBEC.(5 Cents/kwh cannot be ignored!) Solar and wind must get more chances to power the grid as nuclear reactors are phased out, as they come to the end of their service. P.ickering must be decommissioned now, to help keep nuclear jobs.\nPellet stoves & furnaces must get more publicity for rural\u00a0 users.\nSelling off parts of Hydro One must stop.\nI believe that Ontario can go to 100% renewables by 2030 - I am seeing it happening.\n[Original Comment ID: 205482]\n"
    },
    "4109": {
        "url": "/comment/4109",
        "comment": "I have been ashamed for many years that such a rich nation as Canada, should lag so far behind the rest of the civilized world in regard to renewable energies, especially when so many innovations and price reduction continue to occur.\nThe only conclusion, we as private individuals can glean from this stubborn lack of progress, is that our politicians are being bribed to remain stagnant.\nWe should be LEADING the world.\nIt is appalling that north eastern U.S.A. will be reaping the benefits of underpriced hydro power from Quebec while Ontario is seriously contemplating spending a MINIMUM of $13 billion on refurbishing Darlington.\u00a0 The nuclear issue itself is so shocking.....as one G7 country after another is closing their nuclear facilities.\nWe can only assume that those governments care more for their populations health, environment and future generations, than our does.\nTIME FOR CHANGE - LONG OVERDUE.\u00a0\u00a0\u00a0\u00a0\u00a0 trixie, family and my network.\n[Original Comment ID: 205483]\n"
    },
    "4110": {
        "url": "/comment/4110",
        "comment": "I think the key aspects to a healthy and ever changing long term energy plan are:\nsupply mix - a proper mix of hydroelectric, wind, solar, biomass, natural gas and nuclear power generation. \u00a0this will allow for flexible generation with low emissions.\nconservation - keeping the public informed on conservation ideas and incentives. \u00a0one thought would be to offer extremely low pricing of power at night for charging electric vehicles so we take advantage of the excess generation from nuclear and do not waste energy when we have SBG and also promote emission free transportation.\nmaintenance of core infrastructure - this has to do with every part of the power system that could be anything from a low voltage transformer up to a 500 KV switchyard, power generation facilities and everything in between.\nprice - people do not like not knowing what they are being charged for. \u00a0high delivery fees is one example. \u00a0debt retirement charge was another example. \u00a0the people of Ontario are not happy with the current price of power. \u00a0yes we have gotten rid of coal and have very low emission power generation but we have definitely paid for that from our pockets.\nimports and exports - this is a touchy subject as it is a vital part of our generation supply. importing cheap power when we can (eg. quebec hydroelectric during peak demand) makes sense. giving away almost free power at night when we have excess does not make sense, the people of Ontario are still paying for the power.\nthe \"peaks and valleys\" of our provinces generation demand need to be \"smoothed\" out, this will allow for predictable reliable and cheap generation without having excess or too little. \u00a0this can be done via conservation on peak demand days and times. and done by maybe promoting manufacturing at night or electric vehicle charging. \u00a0getting manufacturing back into Ontario is also key, we need to offer reduced rates of power to large manufacturing to promote the business, people will not mind paying a little extra for power if that means they have a great job with stable income.\n[Original Comment ID: 196079]\n"
    }
}