{
    "4527": {
        "url": "/comment/4527",
        "comment": "Thank you for the opportunity to comment.\n\nI believe that the first step in managing energy is through conservation and I applaud the Province's attempt to put in place ways to encourage wiser use of energy.\n\nOn nuclear energy. I consider nuclear energy to be too dangerous and expensive to justify in a full cost analysis. A nuclear power plant is a potential target for a terrorist attack. It produces radioactive waste whose costs of containment are incalculably high - because it lasts thousands of years. It's also inadequately insured by the operator. So be forewarned. Should the Province approve the operation of a nuclear power plant within a proximity which puts my property, my health and/or my family at risk, then, if ever there is an accident, I will seek to be fully compensated by the Province (and also by those who allowed this known risk to exist) for all my losses. Please factor this insurance cost into your cost analysis matrix. I'm sure if there's no risk then this insurance will be cheap. But I also think we both know it won't be cheap - which validates my concern. Nuclear energy is risky business. Therefore the best solution for everyone is not to build more and not allow the present NPPs to continue to operate. Not sure how? Then go to Germany and learn how! They do it for a much larger population. If they can do it surely Ontario with all it's resources can! I say have faith in yourselves and do the right thing.\n\nOn other forms of energy generation. I would rather pay more for other forms of power generation or takes measures to remove myself from the power grid - than live with the risks associated with nuclear power generation and everlasting waste containment.\n\nAgain thank you for the opportunity to comment.\n\nYour truly,\n\nTom Omstead.\n\n[Original Comment ID: 206906]\n"
    },
    "4528": {
        "url": "/comment/4528",
        "comment": "I would like to see Ontario move away from nuclear power as soon as possible.\u00a0 It is not a sustainable technology, is hugely expensive and vulnernable to accidents caused by extreme weather, is an easy target for terrorist attack, and involves limited job creation.\u00a0 Instead we should be moving as quickly as possible to a 100% renewal energy system.\u00a0 The technology exists and is scaleable, costs are now comparable to traditional energy (and less if current subsidies to fossil-fuel industries and environmental costs for traditional energy sources are factored in), it is community centred, providing\u00a0 significant economic and job-creation benefits while improving energy security, and is the only way we can hit the targets required to prevent runaway global warming.\u00a0 Now is the time for bold public leadership on climate and energy in Ontario; let's be the California or Denmark of Canada!\n\n[Original Comment ID: 206907]\n"
    },
    "4529": {
        "url": "/comment/4529",
        "comment": "Stuart Olson employs up to 1500 staff including many staff from Ontario\u2019s industrial trades organizations and is an active participant in the Ontario industrial construction industry. Ontario\u2019s nuclear generating stations at Bruce, Darlington and Pickering provide almost two thirds of the province\u2019s power; emissions-free, and at approximately half the average unit cost of overall electricity service. \u00a0Stuart Olson benefits from this (carbon free) supply of low cost of electricity and supports the LTEP recommendations to continue using this supply source. Additionally. Stuart Olson is planning to participate in the future refurbishment of the Ontario nuclear generating stations as well as the refurbishment and upgrades at OPG hydraulic generating sites.\nWe believe that this strategy of refurbishments documented in the LTEP will provide economic benefits to our industry and the staff and suppliers that we engage.\nYours truly,\nSTUART OLSON\nTyler Roberge\nChief Operating Officer\n1988 Kingsway, Suite 1\nSudbury, Ontario P3B 4J8\n[Original Comment ID: 202786]\n"
    },
    "4530": {
        "url": "/comment/4530",
        "comment": "On behalf of the Ontario Federation of Anglers and Hunters (OFAH), its 100,000 members, subscribers and supporters, and 740 member clubs, we have reviewed the Planning Ontario's Energy Future: A Discussion Guide to Start the Conversation (hereafter the Guide). We recognize the importance of energy security for the continued high quality of life and economic and social growth of Ontario and we strongly agree there is a need for the development of a strategic plan for growth and development of sustainable and responsible energy.\u00a0 Ensuring sustainable growth provides long term ecological and social health and is an integral part of ensuring our environmental rights, as Ontarians and Canadians, is protected.\n\nLong-term planning for energy growth and development must incorporate environmental considerations and provide direction to help ensure the protection of healthy ecosystems and protect the habitat of fish and wildlife from the risks associated with energy development. While it is important to reach greenhouse gas emissions targets, it is imperative that decisions and actions to reduce emissions do not come at the expense of other environmental services and functions related to biodiversity on both landscape and site specific scales. It is equally important to ensure that decisions take all stakeholders into consideration and do not negatively impact natural heritage and cultural activities, specifically angling, hunting and trapping. We wish to provide the following feedback on areas of particular interest to our organization, our members, and outdoorsmen and women across the province.\n\nOntario\u2019s Long-Term Energy Plan should operate with other guiding provincial statements and initiatives, and most notably among these other pieces is Ontario\u2019s Climate Change Action Plan (Action Plan). To accomplish the emissions goals of the Action Plan there will need to be a transition from higher carbon output fuels to low carbon output. The Guide predicts an increased reliance on electricity as the key energy source for all purposes, from transportation and distribution to residential and commercial temperature control (heating and cooling). With many consumer initiatives manipulating demand-side economics to lower the use of higher carbon fuels/energy, coupled with provincial commitments to use low carbon electricity, the production expansion of solar, hydroelectric, wind turbine, and biofuel production is likely.\n\nWhile low carbon energy sources are also called \u201cGreen Energy\u201d these sources often have their own suite of social, economic, and ecological concerns. Lowering local biodiversity, soil degradation, environmental services disruption, land use conflicts, habitat degradation/fragmentation, intermittent energy production, direct mortality of wildlife, the removal of land from agricultural production, and many other issues have been observed from Green Energy sources/practices. Therefore it is imperative that these technologies are continually improved on for efficiency, have appropriate mitigation strategies in place, and are only strategically installed where it economically and ecologically sustainable to do so (e.g. as close to demand locations as possible). The first round of Large Renewable Procurement installations has increased the amount of low carbon energy in Ontario, but significant local and broad-scale ecological impacts have been observed. Therefore, it is important to remember that even with current mitigation, some projects (e.g. wind turbines, hydroelectric, etc.) have the potential to seriously compromise our terrestrial and aquatic ecosystems, including the fish and wildlife they support.\n\nDecision-making criteria for this provincial strategy must include ecological rationale, specifically at the landscape and site specific level, as a fundamental consideration in addition to social, economic, and political concerns. In conjunction with site specific considerations, improvements in cumulative effects and integrated land management is necessary to ensure each project is not considered in isolation and fits appropriately into a broader strategy for determining where, when, and how energy projects will be established in Ontario. Other fundamental considerations that need to be included are heritage and cultural uses like angling and hunting. The suspension of the next round of Large Renewable Procurement agreements should also be used to better evaluate the impacts of previous installations and advance technologies, in regards to both the actual production of electricity and mitigation procedures for observed impacts, in order to be able to produce ecologically sustainable low carbon energy at a landscape level.\n\nThe OFAH appreciates the opportunity to review the Planning Ontario's Energy Future: A Discussion Guide to Start the Conversation and participate in the conversation about the long term security of energy and the environment in Ontario. We look forward to working with the province further on this and any future initiatives.\n\n[Original Comment ID: 206908]\n"
    },
    "4531": {
        "url": "/comment/4531",
        "comment": "as a young kid growing up In one of the most beautiful country's in the world\n\nI would like my future and my children's future to be safe, I love Canada\n\nand the one thing that stands out the most about this country is our beautiful scenery, animals And nature. We must put an end to fossil fuels, let Canada be the beautiful country we are\n\nAnd set an example to the world of how to change into renewables. Nothing is impossible it can be done.\n\nThe earth is warning us that we need change and we need it as soon as possible. We only have one world\n\nWe only have one Canada! let's start showing our respect to our beautiful country we live in\n\n[Original Comment ID: 206909]\n"
    },
    "4532": {
        "url": "/comment/4532",
        "comment": "I believe as the Pickering retirement nears a strong consideration should be given to a renewal of the contracts for the CES combined cycle assets. \u00a0By this time these assets will have been paid for but still have considerable life in them, which makes them cost effective to continue running. These assets have the ability to provide power intermittently whenever their is a large demand or other forms of generation are unable to perform. \u00a0They are able to sit idle for long periods and still be available to provide large amounts of power in short notice with great reliability. \u00a0The power they supply is flexible and responsive to the load demand.\nLocal generation is also an important consideration versus importing power from outside the province. \u00a0The salary and supply chain costs of local generation stays within our economy whereas imported power (generally more expensive) is money that leaves our economy.\nI also believe as we consider the Long Term Energy Plan with respect to emissions, all sources of emission should be considered. \u00a0Ontario has already invested over $20 billion dollars to reduce emissions in the power sector to the point where fossil burning (natural gas) only accounts for 10% of the generation in the province. \u00a0We need to consciously consider whether the resources and dollars to reduce the remaining emissions in the power section would not achieve better reductions in other areas such as industry, transportation or domestic use. \u00a0Let's get the best bang for our dollar.\n[Original Comment ID: 202810]\n"
    },
    "4533": {
        "url": "/comment/4533",
        "comment": "December 11th, 2016\nMinistry of Energy\nEnvironmental Bill of Rights Registration # 012-8840\nVia: ltep@ontario.ca\nRe: I want Ontario to go 100% renewable\nTo whom it may concern,\nI am writing to share my view that Ontario's next Long-Term Energy Plan needs to not only recognize 100% renewable as a viable option, but lay out concrete steps for achieving this objective as soon as possible.\n100% renewable is not an environmentalist's fantasy; it is a future which communities, companies, and even countries around the world are already successfully striving towards. Here in Canada, both Vancouver and Victoria have made this pledge; closer to home, Oxford County, ON, has followed suit. They are already beginning to reap the social, economic and environmental benefits.\nA 100% renewable Ontario begins, first and foremost, with conservation. The less energy we need, the less we will have a need for polluting and dangerous forms of energy such as nuclear and gas plants. A recent government study showed we have the potential to cost-effectively reduce electricity demand by 30% by 2035. Why have we not already begun aggressively pursuing this target?\nA 100% renewable Ontario also empowers communities to become the producers of their own energy-- not just passive consumers. From rooftop solar to community geothermal installations, Ontario\u2019s next energy plan should provide a variety of options for the province's communities, individual households, co-ops, and First Nations communities to go renewable.\nFurthermore, it must be recognized that the biggest barrier to a 100% renewable Ontario is the government's unwavering and illogical affection for nuclear power. Year after year, renewables get cheaper and nuclear gets more expensive-- yet the government keeps approving life-extension and refurbishment projects that will cost Ontarians billions.\nPast energy plans have contained no requirement for nuclear projects to undergo public review against alternatives. I'd like to see this change, and to see our next energy plan require full and fair comparisons of the total costs of nuclear with alternatives. The public should then be given an opportunity to provide input into what type of energy they prefer.\nFinally, no criticism of nuclear power in Ontario would be complete without mention of the aging Pickering nuclear plant. Just 30 km from downtown Toronto and its millions of residents, this facility is beyond its design life and needs to be shut down to ensure public safety, in addition to the reasons outlined above.\nWith no real plan for dealing with a large-scale INES Level 7 nuclear disaster such as the Fukushima disaster, I don't see how the Ontario government can justify running such an old and outdated reactor a stone's throw from the most densely populated region in Canada.\nOntario\u2019s 2013 energy plan committed to close the Pickering nuclear station between 2017 and 2020, but earlier this year the government announced they'd keep it running until 2024, effectively breaking their promise. I would like this promise honoured, as we don't need Pickering's energy anyway, almost all of it being surplus and exported at a loss.\nIn summary, I would like to see Ontario's next energy plan prioritize conservation and renewables, empower citizen- and community- led small-scale renewable energy projects, and recognize nuclear power's true costs and risks. Since the energy it produces is not needed by Ontarians, shutting Pickering down would be a great first step in Ontario\u2019s long-term transition to renewable energy.\nThank you for considering my comments in this review.\nSincerely,\nFawn Edwards\nToronto, ON\n[Original Comment ID: 206045]\n"
    },
    "4534": {
        "url": "/comment/4534",
        "comment": "We need to renew & re use as much as possible, in order to at least try to avoid the total destruction of our planet.\nWhat are we planning to leave for our children's future?\nThe use of throwaway products, including packaging etc.\u00a0 may be good for businesses, but in the end, they too will suffer.\nIt's difficult, if not impossible, to break down certain plastics etc.\u00a0 We must not allow even more of these products to choke our planet.\n[Original Comment ID: 206046]\n"
    },
    "4535": {
        "url": "/comment/4535",
        "comment": "EverForce Energy has developed Magnetic Transducer Generator (MTG) that is ready for manufacturing stage. MTG generates electrical power without external input energy, but utilizes the internal magnetic forces with control circuitry. It is scalable up to hundreds of megawatts and turnkey solution. Since no external energy input is required, users can enjoy great savings on fuel or running cost on input energy.\nEverForce is planning to manufacture MTG's for commercial use within 12 months.\n[Original Comment ID: 202824]\n"
    },
    "4536": {
        "url": "/comment/4536",
        "comment": "Please stop investing in environment-harming & non-renewable energy strategies such as coal and oil, and start more aggressively funding the development and expansion of sustainable and environmentally friendly practices such as wind and solar energies.\n\n[Original Comment ID: 206910]\n"
    },
    "4537": {
        "url": "/comment/4537",
        "comment": "To the Ministry of Energy,\n\nI strongly urge you to begin the phase out of nuclear power and begin the shift towards more renewable energy.\u00a0 Nuclear power has proven costly, produces hazardous waste that has no truly safe way of being disposed and creates soil and water contamination in the mining process - what part of this is efficient or in the best interests of future generations?\u00a0 Clean, renewable energy is the way forward!\n\nSincerely,\n\nHM\n\n[Original Comment ID: 206911]\n"
    },
    "4538": {
        "url": "/comment/4538",
        "comment": "It is vitally important that Ontario to develop an integrated energy policy, geared for the immediate and long term, which is sustainable, and safe.\n\nThe elements of solar energy development can be both centralized and decentralized, on and off grid.\n\nIndividual communities, towns and individuals could bring together resources in order to develop infrastructure suitable for their needs. Examples of this approach are numerous in European countries, such as Denmark and Germany.\n\nSustainable industries provide jobs, in terms of setting systems up and keeping them going, as well as in the manufacturing process for diverse solar technologies.\n\nNuclear is very expensive...both economically and environmentally.\n\nThe repair and upgrade of a nuclear generating statons is a long process, with escalating costs.The problem of nuclear waste disposal has not been solved, with toxicity lasting for hundreds oh thousands of years.\n\nTake up with the program which is safe, provides jobs, gives resilience and affordability to the citizens of Ontario.\n\nDo we hat needs to be done for sustainability, the sooner the better. Stabilize climate change with development of new technologies\u00a0 and conservation.\n\nDo not renew the present nuclear generating Stations..it is an expensive way to boil water...\n\nSincerely, Pieter Bergen\n\n[Original Comment ID: 206912]\n"
    },
    "4539": {
        "url": "/comment/4539",
        "comment": "good-day \u00a0It has come to my attention the nuclear review and would like to comment. Being 66yrs of age would like to talk about my teachings. In grade school that canada is has all the natural resourses \u00a0we will ever need,wheat fields f,hydro power,minerals and the will to support canadians..The OEB report 2016/may states that hydro and nuclear are the lessor cost than other electricity.Being in haliburton in 1915 the waters of the area were used and still used for the trent severn. We have a small hydro generator on the drag river,down stream next to my property a private generator is being built. For some reason they can't sell to the grid? Things have changed in my life time and our demands are unreal.Nuclear is filling that need and I fully support this effort. I have travelled hwy 21 and 401 and you would not know there is a plant off in the distance(only signs). Now in essex county there are wind turbines on a lot of good farm land. Just this year the land around the airport has become a solar farm and again using good farm land. Solar and wind are leaving a huge footprint in our life time.We must support nuclear and hydro any way we can. As I said in the begining fields of wheat soya beans corn,and greenhouses feeding us all...thanks \u00a0 thomas slote\n[Original Comment ID: 202837]\n"
    },
    "4540": {
        "url": "/comment/4540",
        "comment": "I strongly believe that it is important to begin right now the conversion of nuclear energy into clean, renewable energy sources. More than important, it is urgent. It is about the future of our children and our children's children.\n\n[Original Comment ID: 206913]\n"
    },
    "4541": {
        "url": "/comment/4541",
        "comment": "Climate scientists predict an increasingly erratic weather.A switch to renewable energy will foster a more decentralized energy system converting to clean energy instead of depending on a small handful of giant power plants requiring billions of dollars to maintain and creating toxic radioactive waste.\n\n[Original Comment ID: 206914]\n"
    },
    "4542": {
        "url": "/comment/4542",
        "comment": "Dear Sir or Madam:\n\nI feel that Ontario's energy needs can be first addressed by conservation and that our provincial government needs to offer incentives to get citizens to participate; using more insulation, using less electricity through better light bulbs (fluorescent, LED, etc.), using electricity at not peak hours, etc.\n\nWe could buy hydro electricity much cheaper from Quebec.\n\nWe need to go with the 100% renewable energy solution.\u00a0 There should be incentives thus for home owners, business to use geothermal.\n\nI am very happy and want to applaud the Ontario government for getting out of coal fired electricity that is a health hazard to our clean air.\n\nWe cannot afford nuclear power when you consider the cost of mining, refining, transportation, building a power plant (over ten years, and always over budget and doesn't meet dead lines), storage of waste, decommissioning the power plant and liability if something goes wrong like at 3 mile island, Chernobyl or Fukishima.\u00a0 Nuclear power is also a health hazard increasing the incidence of leukemias, other cancers, mental developmental disability in children less than 5 years of age who live within 5 km of a nuclear power plant.\n\nI would be happy to further discuss these issues and look forward to hearing back from you.\n\nYours sincerely,\n\nRichard Denton, MD\n\n[Original Comment ID: 206915]\n"
    },
    "4543": {
        "url": "/comment/4543",
        "comment": "High Electricity costs are hurting rural Ontario. Our farms and small business cannot operate on off peak times to reduce electricity costs. Our rural recreation facilities are becoming too expensive to operate. Rural Ontario and Municipalities have been left out of planning and decisions that affect our lives. You will never get support for large \u00a0energy projects that are forced on unwilling host communities. The adverse affect on rural communities is devastating.Cancel LRP2 and cancel the projects that were awarded under LRP1 in the spring of 2016. The savings will be in the hundreds of millions to the rate payers in Ontario. The cost to cancel the contracts is minor in comparison. In the future any contracts must be transparent and fair and include local\n[Original Comment ID: 203168]\n"
    },
    "4544": {
        "url": "/comment/4544",
        "comment": "Now is the time to unload/close expensive nuclear and switch to environmentally responsible renewable energy\n\n[Original Comment ID: 206916]\n"
    },
    "4545": {
        "url": "/comment/4545",
        "comment": "PLEASE try to do the right thing.\u00a0 I have lost faith in your government...\n[Original Comment ID: 206047]\n"
    },
    "4546": {
        "url": "/comment/4546",
        "comment": "Dear Minister Thibeault,\n\nI am a founder, director, member and investor in Oxford Community Energy Co-operative (18 MW Wind), Sustainability Brant Community Energy Co-op (~1 MW solar PV), ZooShare Biogas Co-op (500 kW Biogas), Sustainability Ontario Community Energy Co-op and windfarm owner in Germany.\n\nI strongly believe that Ontario must change course now to be 100% powered by distributed renewable energy by 2050 and has to start planning for and actually decommission its nuclear fleet starting with the\u00a0 Pickering plant right now to ensure that we will be able to achieve this goal.\n\n1. We need a comprehensive and inclusive plan\n\nFrom any Long-Term Energy Plan one expects it to be based on thorough research of the available and most promising options for a sustainable, reliable and socially acceptable future energy system. The plan thus has to include:\n\n\u2022full lifecycle and risk evaluation of the present and most promising future technologies, \u2022firm goals, actions and timelines and milestones\n\n\u2022sensitivity and risk analysis\n\n\u2022be comprehensive and include all forms of energy, i.e. electrical, heating and cooling, transportation, industrial processes\n\n\u2022be based on comparative models and scenarios for the most viable options wrt achieving overall environmental sustainability and lowest possible GHG emission.\n\nThe current base for planning provided by the IESO, the Ontario Planning Outlook, falls short in almost all of these requirements for a solid technical analysis on which such long term decisions should be made.\n\nAlthough the OPA does, somewhat fuzzily, assume that in the future there will be more distributed generation in Ontario, it barely touches the actual important questions (when, where, how much, how deeply embedded?) and displays no understanding of what this means for our current centralized system or even a future integrated energy system.\n\nThe OPO perpetuates and builds all it assumptions and projections on the baseload paradigm, which has long been proven to be a myth. All present research into sustainable energy systems indicates that loads can be easily followed and no baseload bulk generation is needed if smart grid technology, distributed renewable generation and storage are implemented.\n\nFurther the future LTEP must not underestimates the effects a successful implementation of the Climate Change Action Plan will have, past projections for energy demand and penetration of new technologies have always tended to do so.\n\n2. Conservation is the cheapest form of energy\n\nTo fight climate change and reduce our environmental footprint, Ontario\u2019s next energy plan must make conservation and efficiency the first priority for all energy decisions. This principle has to apply to our buildings, institutions, industries and transportation systems.\n\nA recent government study* showed we have the potential to cost-effectively reduce electricity demand by 30% by 2035. \u00a0 The government should pursue and promote all cost-effective conservation measures immediately and work together with the many NGO and companies that already provide expertise and mature technological solutions to homeowners and businesses to conserve energy and reduce their carbon footprint.\n\n3. Economic and societal opportunities\n\nOntario can continue to be a leader in the green energy transition and seize the economic opportunities that come with this leadership. Phasing out coal and increasing energy from renewable sources was a courageous first step. But we need to go further and have to reduce GHG from all sectors, specifically buildings, transportation and the industry.\u00a0 Recent polls have shown that Ontarians are willing to follow this path, it needs your commitment and will to clearly and transparently communicate the message to all stakeholders including those that are perceived as standing to loose from an energy transition (i.e. OPG, Bruce Power, Power Works Union etc.).\n\nLong term energy planning provides this opportunity of paving a new way and missing out on it can very soon have costly consequences for us all.\n\n4. The Energy Transition is a bottom up change project\n\nIf the future of our energy system is to have Ontarian\u2019s Social License is must be a distributed system, which will and must empower community groups, LDC, Municipalities as well as First Nations & M\u00e9tis communities to become the owners and operators of the new energy assets. Government policies like the Feed-In-Tariff program have allowed communities to participate in and benefit from renewable energy production, which has led to a number of important and tangible benefits, these program should be continued and streamlined to become the accelerator for the rapid build up of the integrated distributed system to replace nuclear power in the required time frame.\n\n5. Reliability, safety and affordability are paramount\n\nOur current heavy reliance on a bulk energy supply from three large nuclear plants has systemic reliability and safety issues. Decreasing our reliance on nuclear power and increasing distributed generation will lead to a more flexible, more cost-effective energy supply in the long run.\n\nDespite massive and costly efforts to train for the upcoming refurbishment at Darlington, these projects should be seen as \u201cOpening the Pandora\u2019s Box\u201d. Given the recently revealed negligent inspection practice of the CNSC it can be safely assumed that time and cost overruns attributed to unforeseen safety concerns that need to be addressed are soon coming. Locking Ontario into a nuclear future with continuously increasing population density in the vicinity of Pickering and Darlington is irresponsible and cannot be justified by saving jobs in an industry that is in decline worldwide. The exportability of Candu reactor expertise is steadily shrinking due to the massive investments required compared to alternative energy sources. The long awaited renaissance of nuclear power should be considered wishful thinking of those resisting the change because of their highly vested interests.\n\nThank you very much for taking the time to consider and review public input into Ontario\u2019s next Long Term Energy Plan.\n\nSincerely,\n\nDr. Ingo K\u00f6nig\n\n[Original Comment ID: 206917]\n"
    }
}