{
    "5351": {
        "url": "/comment/5351",
        "comment": "I fully support a 100% renewable Ontario. My ideologies correspond with those of Greenpeace:\n- The top priority of the next energy plan should be reducing energy demand wherever possible.\n- The next energy plan should pursue all affordable conservation.\n- A recent government study found Ontario could cost-effectively reduce electricity demand by 30% by 2035.\n- I support electrifying transport and heating to displace fossil fuels, but conservation and renewables should be used to address any increased electricity demand.\n- The top priority of the next energy plan should be reducing energy demand wherever possible.\n- The next energy plan should pursue all affordable conservation.\n- A recent government study found Ontario could cost-effectively reduce electricity demand by 30% by 2035.\n- Ontario should join the global movement toward 100% renewable energy.\n-Ontario\u2019s next energy plan needs to come clean on the true cost of nuclear power and help citizens and communities to empower themselves with renewable energy.\n-Ontario\u2019s next energy plan needs to remove barriers to citizens and communities becoming energy self-sufficient.\n-I want Ontario to take the renewable path to a low-carbon future.\n-Going 100% renewable is the right path for Ontario to fight climate change and end our reliance on risky and costly nuclear power.\n[Original Comment ID: 205049]\n"
    },
    "5352": {
        "url": "/comment/5352",
        "comment": "It is imperative to the health, safety and survival of humans, wildlife and our environment that Ontario put all of its resources towards 100% renewable energy.\nFor far too long our government has been ineffective in its attempts to improve and reverse climate change.\nPlease do not wait any longer.\nPlease be bold and smart and quick to implement long-term, effective changes that will truly make a difference.\nBe the leader for Canada.\n[Original Comment ID: 206633]\n"
    },
    "5353": {
        "url": "/comment/5353",
        "comment": "Ontario\u2019s next energy plan should put conservation first.\nOntario should join the global movement towards 100% renewable energy.\nOntario\u2019s next energy plan needs to come clean on the true cost of nuclear power and help citizens and communities to empower themselves with renewable energy.\n[Original Comment ID: 206634]\n"
    },
    "5354": {
        "url": "/comment/5354",
        "comment": "It is past the time to phase out our use of fossil fuels.\nWe need to increase our investment in renewable sources of energy/power.\nPipeline distribution of oil is a huge mistake.\nThey are simply hidden railway disasters waiting to happen.\nPlease change our future.\n[Original Comment ID: 205050]\n"
    },
    "5355": {
        "url": "/comment/5355",
        "comment": "For almost 60 years, I have been suggesting to Ontario Hydro and its predecessors and various politicians that Ontario had to get moving on eliminating coal and nuclear generation. \u00a0The technical ability to synchronize multiple generators has existed all of that time and is now off-the-shelf.\nThere is no good technical reason not to build many pumped-storage hydro generating stations fed by solar and wind sources. \u00a0They would be far cheaper than building or refurbishing nuclear plants.\nIn the immediate future, transmission lines need to built to carry Quebec hydro to Toronto to directly replace the nuclear sources before a penny is spent to refurbish Pickering or Darlington.\n[Original Comment ID: 205052]\n"
    },
    "5356": {
        "url": "/comment/5356",
        "comment": "We have to do the right thing for our future generations without the consideration of who's making money at the expense of the well being of the plant or our communities. \u00a0This is the time for hope to rise again with one man who can make the difficult decisions. \u00a0I drive a car that uses fuel but I know a way can be found to convert fuel into a \u00a0more friendly solution. PLEASE, PLEASE, DO THE RIGHT THING BY WORKING HARD ON MAKING THIS PLANET SURVIVE. \u00a0Thanks for taking the time to read this.\n[Original Comment ID: 205056]\n"
    },
    "5358": {
        "url": "/comment/5358",
        "comment": "Ontario must move as quickly as possible to 100% renewable energy. \u00a0(I do not consider nuclear renewable, clean, or safe and want aging nuclear plants to be shut down and not refurbished. \u00a0Do not store nuclear waste anywhere \u00a0in the Great Lakes watershed.)\nPart of the move to renewable energy and lowering our carbon footprint must be retrofitting old home stock, as well as municipal buildings. \u00a0People need financial help to do this. They also need free consultation to determine what is most cost effective and makes the most difference for the money. The consultants should not have a financial interest in marketing any particular solution.\nHome owners could do some passive climate mitigation were they educated about the possibilities.\nDecentralize. \u00a0Centralization alwAys ends up costing more.\nDo not privatize Hydro. \u00a0Basic needs such as water, electricity, heat should remain in the public domain, but somehow protected from politicians' self-serving hands. \u00a0 \u00a0Reduce the obscene salaries\nMost people would accept wind and solar installations were they not industrial scale and forced on established neighbourhoods. \u00a0Industrial scale installations need to be remotely situated.\nGet in on the ground floor with Elon Musk and get the first Canadian solar roof plant in Ontario.\nIf Trump scraps trade deals, Ontario again may be able to favour local solar industries.\nBottom line: NO FRACKING, LEAVE OIL IN THE GROUND, \u00a0NO LINE NINE REVERSAL, PERMIT ONLY NEW TANKERS TO CARRY OIL BY RAIL (get off oil), SHIFT SUBSIDIES FROM FOSSIL FUEL EXTRACTORS, TRANSPORTERS, REFINERS TO RENEWABLES, BUY POWER FROM QUEBEC, IMPORT OR MFG ELON MUSK BATTERIES\n[Original Comment ID: 205059]\n"
    },
    "5360": {
        "url": "/comment/5360",
        "comment": "The time has come for us to take responsibility for our actions on this planet and try to save some semblance of it for our children by going green\n[Original Comment ID: 205060]\n"
    },
    "5361": {
        "url": "/comment/5361",
        "comment": "As its name suggests, I want the province to look forward with its Long-Term Energy Plan (LTEP). Ontario is headed in the right direction with its new waste management strategy (Bill 151 - Resource Recovery and Circular Economy Act passed in June 2016), and I believe we should continue this environmentally-friendly, job creation-focused approach with the energy plan.\nOntario's next energy plan must ensure that there are full and fair comparisons of our energy options - evaluations that consider the total costs of nuclear with alternatives, and renewable energy in particular. The costs of nuclear are climbing and the costs of renewables will continue to decline. We must consider job creation potential as well as the very serious potential climate change implications of our energy choices.\nOntario should also be focusing on reducing the amount of surplus energy we create (especially at the Pickering nuclear station) and prioritizing conservation. A recent study showed that we could cost-effectively reduce electricity demand by 30 percent by 2035. Particularly given the climbing costs of energy bills, I believe a conservation approach could really appeal to Ontario residents and be successful.\nFinally, I think the LTEP should allow communities, and First Nations in particular, to become energy producers. Communities should be empowered to generate their own electricity, particularly in areas where doing so could reduce burden on infrastructure (powerlines, etc.) and reduce cost burden on remote, rural, and/or lower income people. This could also benefit communities that rely on seasonal residents/visitors (cottagers, etc.) as their running costs will be lower (lower or eliminated \"delivery\" costs when they are not living there), which will free up that spending to be spent in the community, such as supporting local businesses or fundraising events.\n[Original Comment ID: 205061]\n"
    },
    "5362": {
        "url": "/comment/5362",
        "comment": "Hello,\nPlease consider my voice when making energy policies.\nGreen energy (solar/wind) does not benefit overwhelming majority of Ontarians as it cause Hydro prices in the province going up. It is also required maintaining expensive standby backup generators.\nI believe long term priority should be given to nuclear, hydro and other conventional plants. I hope province will find a graceful way out of unjustified long-term contracts for private solar and wind generation.\nConsider nuclear stations, they do not contribute to CO2 emissions, have comparably low cost per kWh and ideally fit to cover baseline demand.\nRegards,\nRinat Safaraliyev\n[Original Comment ID: 206637]\n"
    },
    "5363": {
        "url": "/comment/5363",
        "comment": "I strongly support a commitment from the provincial government to move towards a future with 100 per cent renewable energy.\nThe sale of Hydro One should be stopped. This important public utility must remain in public ownership.\nLet's work on ways to store energy rather that give it away to competing jursidictions.\n[Original Comment ID: 206638]\n"
    },
    "5365": {
        "url": "/comment/5365",
        "comment": "*Ontario\u2019s next energy plan needs to come clean on the true cost of nuclear power and help citizens and communities to empower themselves with renewable energy.\n*Ontario\u2019s next energy plan needs to remove barriers to citizens and communities becoming energy self-sufficient.\n*The next energy plan needs to plan for replacing our existing reactors with renewable energy.\n*The next energy plan should require nuclear projects to be compared to renewable energy options. *All future nuclear projects should be independently and publicly reviewed.\n*Nuclear power creates radioactive waste and the risk of a Fukushima type accident\n*Ontario\u2019s next energy plan should acknowledge that operating nuclear plants on the Great Lakes and in the Greater Toronto Area is an unneeded risk.\n*The next energy plan should pursue all affordable conservation.\n*Ontario\u2019s next energy plan needs to ensure Ontarians can take advantage of the declining cost of renewables.\n[Original Comment ID: 205062]\n"
    },
    "5366": {
        "url": "/comment/5366",
        "comment": "I want our government to make a move towards total renewable energy. \u00a0As we know, oil is both bad for our planet and is also a non-renewable resource; some experts firmly believe that we have used up more than half the planet's usable oil.\nWhile experts might not agree on WHEN we will run out of oil, they do agree it will happen. \u00a0And in order for us to survive (especially given the extreme cold in winter in certain parts of the country), we are going to need to adapt.\nI believe we should begin investing NOW in renewable energy so that we will have that infrastructure in place well in advance of losing all the oil.\nMy family has a few solar panels on the side of our house, but cannot afford to get more, because they are simply WAY too expensive. \u00a0I have a good friend who lives on a large plot of land in the country, but she cannot afford solar OR any kind of professionally-made wind turbine.\nAfter the Cuban revolution when the U.S. not only put sanctions against Cuba but bullied other countries into doing the same, they were still able to trade sugar for oil from Russia. \u00a0But with the disintegration of the Soviet Union, they were basically stuck.\nAnd the government made a series of quick changes to public policy to ensure that its citizens survived. \u00a0Today, as a result, they are MUCH less dependent on oil than we are, and a lot more self-sufficient. \u00a0Although they managed to survive, we don't want to get caught in the same situation (i.e. an emergency for which we are not prepared).\nPlease, PLEASE invest in solar and wind for the future generations that are to come. \u00a0Climate change is already wreaking havoc around the world. \u00a0We can't leave the world as it is now to our children.\n[Original Comment ID: 205063]\n"
    },
    "5367": {
        "url": "/comment/5367",
        "comment": "Dear officials,\nOntario has a substantial percentage of Canada's\u00a0 population. Switching to renewable energy in this province would make a significant difference, and prompt the other provinces to follow. Please do all you can to commit to making\u00a0 this change.\nThank you for being\u00a0 responsible with your power.\n[Original Comment ID: 206640]\n"
    },
    "5368": {
        "url": "/comment/5368",
        "comment": "No More pipelines! We need a 100% renewable future. Listen to First Nations and don't repeat North Dakota.\n[Original Comment ID: 205064]\n"
    },
    "5369": {
        "url": "/comment/5369",
        "comment": "To have any significant effect on reducing climate change, we must pursue totally renewable energy as quickly as possible.\n[Original Comment ID: 205065]\n"
    }
}