{
    "5511": {
        "url": "/comment/5511",
        "comment": "Ontario needs to commit to green power generation, including honouring our present safety and Premier Wynne's promise to close Pickering nuclear and its aging reactor, by 2020.\nWe are producing surplus and expensive electricity in ways that ignore the need to develop clean technologies like solar and wind power.\n[Original Comment ID: 205336]\n"
    },
    "5512": {
        "url": "/comment/5512",
        "comment": "I feel strongly that the Pickering nuclear power plant should be shut down as soon as possible. \u00a0It is costly, unsafe and holding us back from the necessary transition to 100% renewable energy production. \u00a0Ontario has an energy surplus; the power generated by the Pickering plant is not needed and we must immediately invest in truly safe and sustainable power generation to fight climate change and meet our future energy needs.\n[Original Comment ID: 205339]\n"
    },
    "5513": {
        "url": "/comment/5513",
        "comment": "How close are we to be receiving iodine tablets as a just in case? This is already happening in Germany,France, and parts ofSwitzeland, as they realize the danger of their nuclear reactors. Switzerland is unfortunately a bystander.\n[Original Comment ID: 205340]\n"
    },
    "5514": {
        "url": "/comment/5514",
        "comment": "Please keep the \u00a0promise to close Pickering before 2020. Pickering is driving up our energy bills, risking public safety and blocking our transition to 100% renewable energy.Pleas shut it down.\n[Original Comment ID: 205341]\n"
    },
    "5516": {
        "url": "/comment/5516",
        "comment": "My primary concern is cost - when it comes down to eating or keeping the lights and heat on it should not be one or the other. There should be some placitude in entering old age not the constant stress of paying bills. Particularly when there are cheaper alternatives. After all, isn't our government there to serve the needs of the people? Not the Barons of the energy sector? It really is quite simple - why can't you see it!\n[Original Comment ID: 205351]\n"
    },
    "5517": {
        "url": "/comment/5517",
        "comment": "I care about my home town, -\nI'm concerned that a disaster may happen with no plans in place for emergency. If this source of energy is the best option then emergency plans must be made to save and preserve our lives and homes\n[Original Comment ID: 205353]\n"
    },
    "5518": {
        "url": "/comment/5518",
        "comment": "As Vice-President of the Lake Huron Fishing Club, I am writing this letter on behalf of our members to show our strong support for Bruce Power to play a role in Ontario\u2019s Long Term Energy Plan producing 6,300 MW from site.\nThe Lake Huron Fishing Club is a volunteer organization that was incorporated in 1983 in Bruce County. It is our primary focus as environment stewards to look out for the environment and help preserve valuable natural resources. \u00a0We have over 400 members and we expect our voices to be heard.\nBruce Power\u2019s 8 reactor facility is currently producing the most cost effective electricity in this province. It supports many local cities and towns from an economic standpoint \u2013 so much so that without Bruce Power, this area would become a giant ghost town. \u00a0We need Bruce Power. \u00a0I cannot be any more clear. They uphold an impeccable safety record that is envied around the Nuclear world.\nWe commend Bruce Power for the environmental leadership they have taken with their continual efforts to provide the province with clean, reliable low-cost electricity. It is important not only for our community but the province to see Bruce Power produce 6,300 MW of electricity to the grid.\nAs local fisherman and volunteers within the community we continually see the efforts Bruce Power places on protecting the wildlife and bodies of water that surround the site.\nBruce Power should be commended for their impeccable record of environmental safety and stewardship as well as how much of a positive impact they have with supporting local clubs in our communities.\nWe support Bruce Power to continue to be a leader in providing clean energy to the province while protecting the environment and the air we breathe.\n[Original Comment ID: 205355]\n"
    },
    "5519": {
        "url": "/comment/5519",
        "comment": "I agree with the sentiment of the LTEP; it is incumbent upon the Ministry of Energy to look past any government's short-term (~4 year) view, and instead have a long-term plan.\nA major long-term necessity is the societal reduction of its impact on the environment. \u00a0Most pressing is the need to reduce greenhouse gas emissions. \u00a0In the 1980s, Ontario was able to significantly reduce acid rain production by implementing scrubbers in its coal plants. \u00a0With the refurbishment and restart of 2 OPG reactors and 4 Bruce Power reactors since 2003, Ontario's electrical system weaned itself off coal completely by 2014, and reduced its use of natural gas from the 2011 peak.\nNuclear power generation dates back to the first Canadian nuclear-generated electricity in June 1962; nuclear-generated production began to rise rapidly in 1971, with the start of the first Pickering reactor. \u00a0Ontario's successful home-designed and built reactors have delivered ~2,670 TWh to the grid to the end of 2015, equivalent to about 17 years of the total 2015 Ontario net electrical production. \u00a0Had that amount of electricity been produced by coal (its most-likely alternative), it would have added another 2.9 billion tonnes of CO2 to the atmosphere, to say nothing of the releases of NOx and SOx, and the enormous piles of fly ash. \u00a0In 2016, I predict Ontario's reactors will deliver another ~90 TWh of emissions-free electricity. \u00a0For the past dozen years, Ontario's reactor fleet has had a capacity factor of 79%.\nThanks to the vision of nuclear pioneers and the support of government this accomplishment was achieved; the initial developments of sixty years ago (with continuous supportive R&D to this day) are bearing fruit because of good long-term planning. \u00a0Ontario needs to continue to support nuclear power development, beyond the current slate of refurbishments (as valuable as they are).\nNow that we have a much cleaner electricity generating system, thanks primarily to hydro and nuclear, we need to use electricity better to reduce other greenhouse gas emissions. \u00a0The main candidate area is transportation - supporting the electrification of railways (including enlarged public transportation systems) and road vehicles.\nWith the application of \"smart grid\" technologies, charging electric vehicles could help damp the grid oscillations, caused primarily by capricious wind generation. \u00a0Over the past years, Ontario's industrial wind production has had an average capacity factor of 29.9% (with significant variance), a number which demonstrates its variability. \u00a0Industrial-scale solar power has less data, but has an average capacity factor of 19.4% with less variability than wind (the diurnal cycle is predictable). \u00a0While both solar and wind have their parts to play in the grid, they have limited roles which have more than likely reached saturation (particularly wind).\nOntario is well placed to continue to develop a lower-emission environment, thanks to its large grid and the contributions of nuclear and hydro in particular. \u00a0The current healthy state of electrical generation is the product of good planning and foresight from decades ago.\n[Original Comment ID: 205358]\n"
    },
    "5520": {
        "url": "/comment/5520",
        "comment": "Well the province is pretty well screwed for the near future due to Liberal bungling of the energy file and from pushing forth unsustainable costs for solar and wind power that we don't need. \u00a0The conversation started long ago but the government would not participate. Good luck getting participation now!\n[Original Comment ID: 195683]\n"
    },
    "5521": {
        "url": "/comment/5521",
        "comment": "Setup and strongly advertise program offering free installation of roof solar panels, with the installer companies being paid for hydro used by occupants by occupants at low rate guaranteed rate, as well as feeding electricity to grid that installer is paid by hydro for also at guaranteed rate. Installers cover their cost and earn profit over time. Hydro company benefits from reduced supply/demand pressure pushing costs and necessary rate up. :-) :-)\n[Original Comment ID: 195727]\n"
    }
}