{
    "4567": {
        "url": "/comment/4567",
        "comment": "I'd simply wish to express my hope that when planning Ontario's energy, we look toward using more of Quebec's Hydro options, continue work on reducing energy consumption and using renewable resources (Solar panels), and that we do not refurbish the Pickering Generating Plant as it seems to be too costly for the energy it will produce.\n\n[Original Comment ID: 206932]\n"
    },
    "4568": {
        "url": "/comment/4568",
        "comment": "I advocate:\u00a0 simple education of the public, the average person, on the issues of\u00a0 the delicate environment.\n\nExamples:\u00a0 Publish regular information on interactions of greenpeace and your systems.\u00a0 IN THE NEWS.\u00a0 Greenpeace provides a \"watch-dog\" approach only--not be argued with, but to be assessed.\n\nThey have an excellent framework on renewables, professionally prepared.\n\n[Original Comment ID: 206933]\n"
    },
    "4569": {
        "url": "/comment/4569",
        "comment": "We need to come together to overwhelm the Ontario government with one common message: we want to start down the path towards a 100% renewable Ontario, and that starts with closing the aging and dangerous Pickering plant on the edge of the GTA.\n\nShift course away from dirty and dangerous nuclear power, and join the global movement towards 100% renewable energy.\n\n[Original Comment ID: 206934]\n"
    },
    "4571": {
        "url": "/comment/4571",
        "comment": "My goal regarding energy is that we quickly and seriously head toward a safe and sustainable energy supply future. That eliminates coal, oil and gas because they are neither safe (healthy) nor sustainable; it eliminates nuclear because it is not safe and we have no way of ensuring safe waste storage or cleanup in the future; it puts a hold on water power energy generation proliferation because we cannot keep diverting water and flooding otherwise functional lands for power without impacting the earth. We have to stop believing we are the masters of this earth and start working with it - go 100% renewable. Mama Nature gets the final say.\n\n[Original Comment ID: 206935]\n"
    },
    "4572": {
        "url": "/comment/4572",
        "comment": "EBR Registry #012-8840\nI have looked over the \u201cOntario Planning Outlook\u201d by IESO, \u201cFuels Technical Report\u201d by the Ministry of Energy and have read \u201cPlanning Ontario\u2019s Energy Future - A Discussion Guide to Start the Conversation\u201d towards forming the 2017 LTEP by the Ministry of Energy. I read the 2010 and 2013 LTEPs when they came out. I have also read the Auditor General\u2019s 2011, 2014 and 2015 Annual Reports on the Ministry of Energy sector.\n1. The IESO and Ministry of Energy need to thoroughly read and implement the recommendations of the Auditor\u2019s Annual Reports of 2011, 2014 and 2015 concerning the energy sector.\n2. Show Global Adjustment in a separate line on the electricity bill.\nOne such recommendation from the Auditors has gone unheeded: \u201cdisclose the components of the TOU rates (electricity market price and Global Adjustment) separately on electricity bills so that the impact of the Global Adjustment is transparent to ratepayers.\u201d (P.386, 2014 Annual Report of the Office of the Auditor General of Ontario, \u201cSmart Metering Initiative\u201d, Chapter 3, Ministry of Energy, Section 3.11)\n\u201cThe total Global Adjustment (GA) charged to ratepayers has grown from $654 million in 2006 to 7.7 billion in 2013. With more new contracted generators, especially of renewable energy expected to begin producing energy at higher contract prices, the total GA is expected to grow further to $8.5 billion in 2014 and $9.4 billion in 2015. From 2006 to 2014, electricity consumers have already paid a total of $37 billion and they are expected to pay another $133 billion in Global Adjustment fees from 2015 to 2032.\u201d (P.222, 2015 Auditor\u2019s Report.) \u201cGlobal Adjustment accounts for about 70% of each TOU rate. Even though the GA has increased significantly and accounts for a substantial proportion of the TOU rates, its impact is not transparent to most ratepayers because it does not appear on electricity bills as a separate line; instead it is imbedded in the TOU rates used to calculate the electricity charge.\u201d (P. 377- 380, 2014 Auditor\u2019s Report) Meanwhile, the market price of electricity continues to fall due to increasing supply to about 2 cents/kWh. \u201cThe GA increased by 1,200% while the market price dropped by 46% between 2006 and 2013.\u201d (P.377) The more supply of electricity, the more the market price drops causing more difference between the GA and market price causing more increasing costs to ratepayers.\n\u201cAlmost one-third of the GA in 2014 is attributable to renewable energy contracts.\u201d \u00a0(P. 94 Auditor\u2019s 2011 Report)\n2. We have too much surplus power. Stop procuring more power.\n\u201cThe Ministry\u2019s attractive guaranteed prices program has been one of the main contributors to the surplus power situation Ontario has faced since 2009, in that it has procured too many renewable projects, too quickly, and at too high a cost.\u201d (P.226, 2015 Auditor\u2019s Report)\nSurplus power exported at lower prices and at a loss is costing us over a $ billion each year. Our neighbours who buy the power do not have to pay the Global Adjustment on that power but Ontario ratepayers do.\n3. Cancel all LRPI contracts. (300 MW of wind and 145 of solar) They were issued in March 2016 but construction has not begun. These extra MW of power will cause higher ratepayer costs in the GA.\n4. Cancel any further LRP contracts. The LRP II was recently cancelled as well it should have been as it should never have been offered. We already have about 9,000 MW of natural gas power plants sitting mostly idle with two more plants on the way at Napanee and Lambton that are not needed. We are still paying for these plants to be maintained and back up wind power. \u00a0\u201cRenewable energy sources such as wind and solar provide intermittent energy and require backup from coal or gas-fired generators to maintain a steady, reliable output. 10,000 MW electricity from wind would require an additional 47% of non-wind power, typically produced by natural-gas-fired generation plants to ensure continuous supply.\u201d (P.91, Electricity Sector-Renewable Energy Initiatives, Auditor\u2019s 2011 Annual Report) We also paid about $950 million, according to the Auditor for those two new gas plants previously when they were cancelled from Oakville and Mississauga.\n5. Conduct cost/benefit analyses well before implementing any new energy policies. That was not done before the Green Energy Act or the Smart Meter program. So costly.\n6. The Ministry of Energy must stop issuing directives to the IESO. Consult with the IESO, LDC experts, energy technical experts as in the former OPA and engineering experts and let the IESO make the decisions. \u201cBut over the last decade, this power system planning process has essentially broken down and Ontario\u2019s energy system has not had a technical plan in place for the last ten years. Operating outside the checks and balances of the legislated planning process, the Ministry of Energy has made a number of decisions about power generation that have resulted in significant costs to electricity consumers.\u201d (P. 213, 2015 Annual Report of the Office of the Auditor General of Ontario, Electricity Power System Planning, Ministry of Energy, Chapter 3, Section 3.05) \u201cWe calculate that electricity consumers have had to pay $9.2 billion more for renewables than they would have paid under the previous program.\u201d (P.214, 2015 Auditor\u2019s Report) \u201cIn 2009, the Ministry directed the OPA to create a new guaranteed price program that offered significantly more attractive contract prices. At the same time the OPA had suggested to the Ministry to use a competitive procurement process but the Ministry decided against it.\u201d (P.214, 2015 Auditor\u2019s Report) \u00a0Now, there is finally competitive procurement for wind power contracts but the prices are not made known to the public.\n7. The OEB\u2019s mandate to oversee electricity prices must remain and not be taken away by the Ministry of Energy. As the Auditor stated in 2011, the renewable programs prior to 2009 were very successful but the gov\u2019t offered outrageously high FIT prices, \u201ctwo to ten times higher than those of conventional energy sources.\u201d (P. 102, 2011 Auditor\u2019s Report) \u201cAlthough the OEB has historically been mandated to oversee and approve electricity prices, it has no role or legislative responsibility to review or approve FIT prices.\u201d P,104, 2011 Auditor\u2019s Report) In 2014, the auditor found that prices for wind were still twice the market price and three and a half times the market price for solar. (P. 214, 2015 Auditor\u2019s Report)\n8. Consult with all local distribution companies in Ontario prior to any changes. If that had been done prior to the Green Energy Act, we wouldn\u2019t have these high electricity costs. They saw the pitfalls of it and knew the costs involved. (LTEP round table discussions 2013 in which I participated in St. Catharines and heard them)\n9. Stop conservation programs.\n10. The previous RES and RESOP programs that were very successful prior to the GEA, did not have an \u201cadditional contract payment\u201d but the FIT program does and the LRPI still does. These generators are compensated for lost revenue as a result of curtailment. \u201cAccordingly, electricity ratepayers still have to pay renewable energy developers even when those generators are not producing electricity during periods of curtailment.\u201d (P.107, 2011 Auditor\u2019s Report)\nIf the wind is blowing well and the sun is shining, our system first spills hydro-electric power, our cheapest energy source meanwhile paying high prices to wind generators. We even have to shut down nuclear reactors at times and compensate them and keep natural gas plants maintained and backing up wind power. If wind is curtailed, we still pay for their compensation.\n11. Repeal the Green Energy and Economy Act. It\u2019s putting ratepayers in poverty and killing our economy! More and more industries and businesses have closed or left the province to go where electricity prices are much cheaper.\n12. Do not sell Hydro One.\n13. Leave natural gas alone. Natural gas heats 75% of homes in Ontario. As Union Gas advertises: prices dropped about $50/yr on Jan.1, 2016. Heating your home and water with gas saves up to $3,000/year compared to using electricity, oil or propane. Homeowners pay the same price as Union Gas with no mark up. There are no expensive time of use rates for natural gas as there are for electricity. The use of natural gas for businesses strengthens the economy: it is reliable and affordable allowing businesses to thrive. It supports hundreds of thousands of direct and indirect jobs across the country. More businesses need access to natural gas. Ontario should continue assisting to provide more natural gas lines for agriculture, homes, businesses and industry. Do not put a carbon tax on natural gas.\n14. Do not put carbon taxes on anything in Ontario. Electricity prices will increase again thanks to the carbon tax.\nLTEP 2017 Discussion Guide Comments\n1. P. 8 \u201cFor example, because Ontario\u2019s electricity supply is largely emissions free, commitments in the Climate Change Action Plan foresee a switch from conventional fossil fuels to the use of electricity for heating and cooling buildings and powering transportation.\u201d\nYou will not see people switching from conventional fossil fuels to heating with electricity because it is so costly. Give your head a shake! People will be switching from electricity to natural gas and propane to lower their costs.\n2. P. 14 \u201cConservation and energy efficiency remain the most effective ways to manage electricity bills for all consumers. Shifting usage to off-peak periods can also reduce the strain on the electricity system and avoid or defer future system upgrades.\u201d\nSwitching from electricity to natural gas or propane for heat would help manage their bills.\n3. P. 15 The discussion Guide for the 2017 LTEP omits the fact that the Global Adjustment is a big part of the costs in the electricity line on residential and small businesses\u2019 electricity bills. The Guide only says that Global Adjustment is a part of costs for industrial users. Not correct.\n\u201c\u2026the electricity charge is made up of two components: the electricity market price and the Global Adjustment.\u201d (Auditor\u2019s 2014 Report, P. 377) The Glossary in the Discussion Guide for LTEP 2017 doesn\u2019t even have Global Adjustment included.\nI repeat: The Auditor wrote: \u201cdisclose the components of the TOU rates (electricity market price and Global Adjustment) separately on electricity bills so that the impact of the Global Adjustment is transparent to ratepayers.\u201d (P.386, 2014 Annual Report of the Office of the Auditor General of Ontario, \u201cSmart Metering Initiative\u201d, Chapter 3, Ministry of Energy, Section 3.11)\nGlobal Adjustment must be shown in a separate line on the electricity bill.\n4. P.41 Questions for Consideration\na) What role should distributed renewable energy generation play in the ongoing modernization and transformation of Ontario\u2019s electricity system?\nIt would be great if everyone could afford their own energy off the grid such as solar panels on the roof.\nb) What strategies should Ontario pursue to harness the potential of its nuclear sector to meet its future energy needs?\nKeep the nuclear fleet going and consider new build. It is reliable and great for baseload generation but wind and solar are not. It has provided 50% of our power for many years. Many jobs are involved in the nuclear industry, directly and indirectly.\nc) What factors should Ontario focus on as it pursues opportunities for electricity trade agreements with nearby provinces and states?\nCost. Make sure Ontario\u2019s ratepayers will not have increased costs. The bi-directional cables from Nanticoke to Pennsylvania on the floor of Lake Erie were not mentioned in the Guide. \u201cITC said it expects approvals to come in the second quarter of 2017, and construction would begin shortly thereafter. It could be fully operational by 2019.\u201d\n[Original Comment ID: 203289]\n"
    },
    "4573": {
        "url": "/comment/4573",
        "comment": "I believe that it is essential for the Province of Ontario to move towards a 100% renewable source of energy situation.\u00a0 It is our children and grandchildren who will suffer if we do not take this responsible position and put our environmental responsibility before our focus on a strong economy.\n[Original Comment ID: 206062]\n"
    },
    "4574": {
        "url": "/comment/4574",
        "comment": "I would like to ask the Ontario government to shift course away from dirty and dangerous nuclear power, and join the global movement towards 100% renewable energy for better future us and our children.\n\n[Original Comment ID: 206936]\n"
    },
    "4575": {
        "url": "/comment/4575",
        "comment": "December 13, 2016\n\nMinistry of Energy\n\nEnvironmental Bill of Rights Registration # 012-8840\n\nRe: I want Ontario to go 100% renewable\n\nTo whom it may concern,\n\nI am an Ontario resident concerned about the sustainability of our province and our current energy sources. I believe that the only way forward is to work toward 100% renewable energy sources for Ontario.\n\nTo me this means shifting away from aging and dangerous nuclear facilities such as the Pickering nuclear plant and investing in innovative and sustainable renewable energy technology. Such steps should be coupled with measures to conserve energy and increase energy efficiencies across households, businesses, and all buildings. Ontario needs to join the movement towards renewable energy happening around the world and leave behind dangerous energy sources such as nuclear.\n\nRenewable energy is the right path forward for Ontario in order to reduce the impacts of climate change and to end our dependence on risky and costly nuclear power.\n\nSincerely,\n\nChristine Saraceno\n\nToronto, Ontario\n\nfarfallaverde2@gmail.com\n\n[Original Comment ID: 206937]\n"
    },
    "4576": {
        "url": "/comment/4576",
        "comment": "To stop or even reduce green energy projects will have long-term implications. I cringe if I think that we haven't yet fully paid for the construction of nuclear power plants built decades ago and are borrowing many billions more to restore those plants. On top of this there is still no solution for the disposal of high level radioactive materials that will have to be stored safely for many 10s of thousands of years to become harmless. Nuclear power plants have only produced electric power for about 60 years. Then add the cost of decommissioning nuclear power plants, which will cost many times the original construction cost. Politicians must start to think way past the next election and plan for a longer term future. This cannot go on the way it does now. Producing energy using renewable resources must be included with an eye on the long-term future. I do not want to leave sorting out this problem to my grandchildren.\nThere are already three long-distance high tension power transmission lines coming out of Bruce. If green power, such as solar, is not produced locally, how many more of these expensive lines will be needed as the population in major centres, such as Toronto, continues to grow? Just as the demand for air conditioning in summer is greatest, solar power fits perfectly into the mix to supply the peak demand locally without the need for more transmission lines with it's inherant line losses. Please take politics out and insert science into the decision making process. We don't need more politics, we need long-term solutions.\nWe must do better, it's 2016 after all.\nHartmut Kayser\n[Original Comment ID: 206067]\n"
    },
    "4577": {
        "url": "/comment/4577",
        "comment": "I believe that Canada should move towards 100 % renewable energy and the Ontario government should be supporting large renewable energy operations and phase out nuclear. Nuclear generating stations like Darlington are too close to major populations and the waste produced cannot be stored safely forever.\n\n[Original Comment ID: 206938]\n"
    },
    "4578": {
        "url": "/comment/4578",
        "comment": "The time has come for us to join the global movement towards 100% renewable energy.\n\nIt makes better sense for the environment and the economy.\n\n[Original Comment ID: 206939]\n"
    },
    "4579": {
        "url": "/comment/4579",
        "comment": "Every job I have every received has come out of the green energy act. The multiplied impact of renewable energy development is so significant. \u00a0The Green Energy act created upwards to 20,000 diverse jobs. \u00a0Nuclear refurbishments give an additional 100 jobs to chemical engineers. \u00a0I would pay more for electricity if I knew if was 100% renewable.\nOntario should join the global movement toward 100% renewable energy.\nOntario\u2019s next energy plan needs to come clean on the true cost of nuclear power and help citizens and communities to empower themselves with renewable energy.\nOntario\u2019s next energy plan needs to remove barriers to citizens and communities becoming energy self-sufficient.\nI want Ontario to take the renewable path to a low-carbon future.\nGoing 100% renewable is the right path for Ontario to fight climate change and end our reliance on risky and costly nuclear power.\nNuclear power is moving backward. \u00a0Renewable energy is moving forward. \u00a0Globally, Nuclear energy is shrinking, simply because it is more expensive. \u00a0Let Ontario be a leader in integrating sustainable energy technology.\nThe next energy plan needs to plan for replacing our existing reactors with renewable energy.\nThe next energy plan should require nuclear projects to be compared to renewable energy options. All future nuclear projects should be independently and publicly reviewed.\nNuclear power creates radioactive waste and the risk of a Fukushima-type accident\nOntario\u2019s next energy plan should acknowledge that operating nuclear plants on the Great Lakes and in the Greater Toronto Area is an unneeded risk.\nRecommendations:\n1. Maintain the FIT program for qualified community organizations...\nIncluding co-ops, First Nations, M\u00e9tis, municipalities, public utilities, school boards, non-profit institutions, religious organizations, and other authentic community-based entities.\n2. FIT for community wind that allows community groups to lead projects...\nIn 2014 the FIT for wind projects over 500 kW was cancelled and replaced with a competitive procurement process called the Large Renewable Procurement (LRP). The LRP is only open to bidders with deep pockets and extensive experience and therefore not inclusive of community proponents, even while community ownership has been proven to decrease local resistance. While the LRP does encourage Indigenous participation, there are no incentives for developers to work with co-ops. The community power sector needs a level playing field to participate in wind projects. A FIT for wind up to 20 MW can address the current imbalance introduced by the LRP.\n3. Raise the capacity cap for FIT projects to 1 MW...\nto help increase economies of scale, to increase local distributed power supply and therefore local grid resiliency in the face of increasingly erratic weather patterns, and to benefit from new technology trends such as energy storage.\n4. Provide provincial loan guarantees for co-op and other non-profit renewable energy projects\n5. Help to export community expertise\n[Original Comment ID: 203711]\n"
    },
    "4580": {
        "url": "/comment/4580",
        "comment": "Nuclear energy is not the way to go- very dangerous byproducts, out of control expenses to keep the functioning.\n\nLet's regard Germany as the model of an advanced progressive state which has achieved a lot in renewable energy and created more energy autonomy for itself.\n\nSome countries have achieved meeting their population's needs totally with renewable energy for days at a go.\n\nOur population is not large! We can do this- but we need to commit wholeheartedly to it.And to look closely at worthy leaders, adapting what we can of their strategy to our geographic and demographic features.\n\nAny tax concessions to non-renewable or planetary toxic energy businesses need to be skilfully rerouted to renewable energy companies. Tax breaks to private homes willing to retrofit or adapt their premises to conserve energy-- that is a wise route.\n\n[Original Comment ID: 206940]\n"
    },
    "4581": {
        "url": "/comment/4581",
        "comment": "Time to close down Pickering.\u00a0 We don't need it.\n\n[Original Comment ID: 206941]\n"
    },
    "4582": {
        "url": "/comment/4582",
        "comment": "The review of the Long-Term Energy Plan will profoundly impact Ontario\u2019s efforts to fight climate change. Now is the time for the province to commit to the long-term goal of completely decarbonising the electricity grid and moving to 100 per cent renewable energy by mid-century. Clean, renewable energy is the surest \u2013 and cheapest \u2013 pathway to a low-carbon economy. Natural gas is cleaner than coal, but natural gas is a fossil fuel. Fighting climate change means phasing out fossil fuels, and that means getting rid of natural gas.\nRenewable energy prices are dropping while the cost of nuclear power is rising. Prices for wind power in Ontario have already dropped by 66 per cent and are projected to drop by another 50 per cent over the next ten years. Meanwhile, Ontario Power Generation wants to increase the price it receives for nuclear power by 180 per cent. Solar power prices have come down even more dramatically than wind. In several jurisdictions, solar power is now the cheapest form of energy available, period. We see this trend continuing.\nAs part of this review, the real prices paid for different sources of power must be made public, so Ontarians can have an informed conversation about what\u2019s behind rising electricity bills. External benefits, such as job creation and investment are important to the overall economy, but should not interfere with cost clarity. We need to factor in externalities, as they are currently understood, with the costs of climate change, environmental impacts, costs of emissions pollutants and actual nuclear liability costs. The Federal government has recently adjusted the liability caps, and continues to recognize that the nuclear industry\u2019s liability is artificially, and quietly, subsidized by the average homeowner, provincial and municipal governments, without which, financing of these projects, at reasonable electrical rates, would not be possible.\nRenewable energy is only responsible for a small fraction of provincial electricity costs. This needs greater clarity and should be divulged to, and understood by, rate payers and taxpayers. Source and delivery cost clarity should not be a difficult, or convoluted, process to undertake by the Province.\nOntario\u2019s leadership in supporting renewable energy has paid off. Ontario leads Canada in solar and wind development, and is home to half of clean tech spending in this country, which returns billions of dollars to our economy and sustains tens of thousands of jobs. \u00a0Ontarians overwhelmingly support renewable energy. In a recent poll by EKOS, 80 per cent of Ontarians said they want to see more renewable energy in the future. A true understanding of current procurement and future planned procurement costs will allow for informed decision making by the public. The Long-Term Energy Plan must reflect that.\n[Original Comment ID: 203858]\n"
    },
    "4583": {
        "url": "/comment/4583",
        "comment": "Now is the time to initiate a 100% renewable future for Ontario. Please act in every way you can to make this happen. At our home, we will continue to support you in every way we can. Presently, we have solar PV panels on our roof, a passive solar sheet on a south wall, air source heat pump for space heating, on demand hot water heating, supported Bullfrog Power........we will continue to do our best.\n[Original Comment ID: 206068]\n"
    },
    "4584": {
        "url": "/comment/4584",
        "comment": "*if we have conserved 9.9 terawatts (1 million megawatts) between 2005 and 2014 and the target is 30 terawatts by the year 2032, then why the need to produce more power that is expensive and does not reduce CO2 emissions but in fact perpetuates the need for non renewable power ?\n*why are we selling power at $22.80 a megawatt when it costs $135 for a ratepayer to buy that power. If we have so much power that we need to sell it at bargain basement prices then why are we importing Quebec power at $50/mwh ?\n*$100 million to help 37,000 households retrofit to become energy efficient. What about the other 4 million customers and what is the criteria to apply for the measely $2,700 ? Similar to the $45 per month Hydro One credit, must a household have less than $24,000 annual income ? Why is this only available to natural gas consumers ? There is no gas in rural Ontario, the people who need the help the most.\n*The debt retirement charge was finally removed from Hydro One bills but so was the clean energy credit and now we have the cap & trade to look forward to, but you will reduce the h.s.t. by removing the 8% provincial portion however, you may be changing the TOU (time of use) to make up for that cash loss. Robbing Peter to steal from Mary and still stick it to Paul.\n*Rural Ontarians get it in the rear with exorbitant delivery charges that is usually 3 x the amount of actual usage for a household (more for a business). The delivery charges pay in part for new infrastructure (transmission lines & poles) that all the turbines and solar panels require. It is truly a catch 22.\n*FIT contracts continue to pay proponents between 17 and 29 cents per kwh yet our average kwh bill is 14 cents, the difference made up through global adjustments and delivery charges, so why not reduce the FIT prices to a reasonable level ? Why should the majority pay for the greed of the minority ?\n*This coming week's weather forecast has between 0 & 8 kph winds so turbines will be turning using gas fired energy but producing zero energy (wind turbines start producing at 12 kph) so we will be paying for FIT as well as the gas plants to power them.\n*The cloud cover is expected to be 70 - 88% so the most expensive producer of power will have zero output. Justify the millions of panels leaching toxins and carcinogens in this province that have permanently removed hundreds of acres of agricultural land from producing food.\n*Justify paying biomass proponents 18 cents per kwh for the least efficient yet dirtiest of all energy sources, even dirtier than coal.\n*Explain why cheap and clean hydro is spilled, nuclear steamed off yet gas plants are ramping up and down (much like the wear & tear and higher cost if you constantly switch from your brake pedal to gas pedal in your car) in order to provide back up power to wind & solar.\n*How can wind & solar be called green when the transformers are anything but ? Full of oils & fluids that need to be replaced and require to be heated or cooled (using nonrenewable electricity) depending on the season. Giant sub stations that are plunked where wildlife used to live among the thousands of trees in forests that have been razed. Oil in the nacelles of wind turbines that leak and again need non renewable power to turn, stop, start, pitch, light, heat & cool them.\n*Why is the Premier currently in Asia encouraging businesses/corporations to set up shop here when our local businesses, both large and small, are leaving in droves to where electricity is cheaper. Why is she wasting taxpayers dollars for her and her entourage to go to Tokyo & Korea and talk to Honda; who already have manufacturing plants here?\n*Justify the CEO of Hydro One (and others on the sunshine list) annual salary, not including benefits and perks, of $4 million when the wages of 140 people in my township don't add up to that ? How can he have an empathetic ear ?\n*Why don't you cancel all LRP contracts as they have been proven to be expensive, inefficient, an economy killer and detrimental to our precious environment and eco system and removes ag land from producing food ?\n[Original Comment ID: 204076]\n"
    },
    "4585": {
        "url": "/comment/4585",
        "comment": "I was very hopeful for my provincial government when some of your previous green initiatives were rolled out, and very disappointed when they were blocked for various reasons. I think Ontario is in a position to be a leader and a model in renewable energy sources and I'd very much approve of our moving in that direction.\nEnergy self-sufficiency is an enviable position for any region, and we have more resources to achieve that than most. I think it's going to be inevitable in the future, but will be extremely advantageous for any regions who achieve it sooner rather than later. Let's be that province.\n[Original Comment ID: 206069]\n"
    },
    "4586": {
        "url": "/comment/4586",
        "comment": "Comments regarding next Ontario Long Term Energy Plan \u2013 Dec 2-16\nIf Ontario has a \u201crobust supply of energy that will last a decade\u201d as Energy Minister Thibeault recently stated, we should not be contracting more wind energy now? \u00a0ie. The LRP-1 wind projects, as well as several other projects that are not yet under construction, from previous contracting arrangements \u2013 Amherst Island, White Pines, and Fairview Wind. Also, the recent FIT 5.0 bids. Cancel them all! We do not need the energy, most of the communities do not want them, they will continue to produce energy that is out of phase with demand, and that we will need to sell at a loss. \u00a0And most of all, they will add tremendously to our electricity bills in the future. And cancel LRP-2, don\u2019t just \u201csuspend\u201d it.\nThe Ministry needs to do a comprehensive cost/benefit analysis of the energy mix that is planned for the next LTEP. Benefits and costs to the communities where the energy is produced needs to be clearly factored in \u2013 if it\u2019s wind energy, the costs in terms of health issues for 16% of the population, cost of property devaluation and tax base deterioration as a result, cost to our natural environment, especially birds and bats, lost tourism, and somehow you need to factor in the emotional costs to communities that are driven apart by the controversial installation of wind turbines in our quiet rural setting.\nDecrease the time-of-use off peak rate, if you really want people to conserve energy. There is no incentive for people, if you just increase the on-peak and off-peak rates equally.\nIf Wind Energy is included in the LTEP, Municipal agreement MUST BE MANDATORY. And Indigenous support for the program MUST BE LOCAL. This is the worst abuse of our democratic rights that I have ever seen in Canada, where we prize our democratic rights! Return decision-making to the people where energy projects are going to be sited. Or compensate us appropriately by giving our community free electricity, and buying out our homes, when Turbines are sited within 2KM.\nSave money by discontinuing wasteful \u201cconservation\u201d programs and advertising. Stop sending shaming letters to people, comparing their energy usage to their neighbours.\nFunding of Indigenous groups to assist them to support/create their own energy projects, while an admirable program, should come through Indigenous Affairs, not from the Energy Ministry, where the costs of such subsidies must be added to my electricity bill.\nFunding of the low-income subsidy for hydro costs, also a needed program for the growing number of citizens experiencing energy poverty, should be paid through Community and Social Services, a Ministry that is well positioned to know and support these families. The cost of this subsidy should not be paid through my hydro bill. It has nothing to do with my usage, or the energy being transmitted to me.\nStop the Sale of Hydro One! This is not the way to find money for your programs, by selling off our assets. If I did this with my own household budget/property, I would be bankrupt in no time. The privatization of Hydro One will end up costing us more for poorer service.\nThank-you for considering my suggestions.\n[Original Comment ID: 204634]\n"
    }
}