{
    "4052": {
        "url": "/comment/4052",
        "comment": "Now is the time to further develop renewable energy. Why would you cut back on renewable energy and refurbish expensive nuclear reactors? Instead phase out dangerous nuclear energy and gas plants as much as possible, while replacing them with renewable energies such as solar and wind. It makes perfect sense.\n\n[Original Comment ID: 206696]\n"
    },
    "4054": {
        "url": "/comment/4054",
        "comment": "We have to stop poisoning our own backyard. Please move Ontario to 100% renewable energy. Our future depends on it.\n\n[Original Comment ID: 206697]\n"
    },
    "4055": {
        "url": "/comment/4055",
        "comment": "\u00b7 Ontario should set a target of moving to 100% renewable energy by 2050\n\n\u00b7 Ontario should maximize efficiency by paying full value (e.g., equal to the cost of nuclear) for conservation kilowatts\n\n\u00b7 Ontario should sign more long-term deals with Quebec to import lower cost and safer water power\n\n\u00b7 Ontario should close the Pickering Nuclear Station when its licence expires in 2018. Please sign the petition to Close-Pickering.ca.\n\n\u00b7 Ontario should actively plan to take nuclear off ramps from rebuilding Darlington and Bruce as soon as possible to save money and reduce risk\n\n[Original Comment ID: 206698]\n"
    },
    "4056": {
        "url": "/comment/4056",
        "comment": "The nuclear industry is an important component of Ontario and it's economy. Keeping energy costs down is essential to grow our economy. Nuclear energy is not the ideal source of energy but until fusion energy is developed it is the best source of energy in the quantities we need now. Citizens do not realize how much energy they use on a daily basis. Hydro is cheaper but there is not enough capacity to cover our needs. Renewables are very good but very expensive and not enough capacity to meet the needs at a reasonable cost.\nWe need a base load so reliability is in the system and coal or any other carbon base fuel is not an option in this day and age. Our current nuclear program is the only source of energy that will do the job. The buildings are in place, let's keep them current, safe and functioning for the good of our community.\n[Original Comment ID: 195867]\n"
    },
    "4057": {
        "url": "/comment/4057",
        "comment": "As a former professional engineer, Ministry of Energy staff member and Amethyst Award recipient, I have had an informed career in energy management. It appears to me that the Liberal government is more interested in retaining power and satisfying the needs of the senior executives of the various hydro authorities and union members in the province than serving the needs of the voting and general public. The rehabilitation of nuclear reactors past their \"best before date\" is a travesty and risks the safety and security of all citizens living in the GTA. In addition, since there are no reliable, proven means of storing nuclear waste for the long term the Government of Ontario is putting the water quality of the Great Lakes system, St, Lawrence River and possibly even the Atlantic Ocean at risk. Safety and security, not the economic well being of political parties, MLAs, utility executives and power worker union members should be the government's top responsibility. Stop listening to energy industry lobbyists and listen to those who have given your government the legal responsibility and authority to legislate and act in their best interests, the voting public, their families, and heirs.\n\n[Original Comment ID: 206699]\n"
    },
    "4058": {
        "url": "/comment/4058",
        "comment": "For many years the need to move toward a source, or sources of renewable energy has been apparent, but vested interests have thwarted most moves toward that end by pressuring government to ignore the need to legislate change. We cannot continue to pollute. And it will continue, unless there is legislation to control the damage it does to the environment. Nuclear waste is a pollutant that can only be stored and the time will pass when it will be too late to correct our past mistakes made through ignorance. We risk polluting the water aquifers on which we rely in ways we cannot comprehend. There may be a financial cost, but the biosphere and water table is finite and so, continued growth in our economy at the expense of our future health and well-being is not a viable option. Please ensure that we in Ontario are part of the solution.\n\nThank you.\n\nRoy Hind\n\n[Original Comment ID: 206700]\n"
    },
    "4059": {
        "url": "/comment/4059",
        "comment": "I believe we should be 100% renewable energy.\u00a0 The future has to be clean and we are way past the time to take action.\u00a0 Nuclear energy is NOT clean energy.\u00a0 The radioactive waste from nuclear energy is not safe for the next 100 000 years.\u00a0 There has never been a society that has been stable for 1 000 years and to pretend that we can take care of our mess for the next 100 000 is insane. We are past the tipping point, there will be consequences for our past and our only chance is to reduce the impact of our past disregard for the environment.\u00a0 Please, don't destroy the planet for my children and grandchildren.\u00a0 Go 100% renewable.\n\n[Original Comment ID: 206701]\n"
    },
    "4060": {
        "url": "/comment/4060",
        "comment": "We need Bruce Power Plant and maybe another one just like it. \u00a0Clean efficient power at a low cost to produce. \u00a0Not ugly like the windmills you see in farmer's fields. \u00a0Bruce Power Plant was there when the power went out August 14, 2003, across the eastern seaboard, they got the power generating as fast and efficient as they could. \u00a0People who worked there just went into work without being called as they knew they were needed and got the job done. \u00a0Thank \u00a0you \u00a0Bruce Power Plant you have my full support.\n[Original Comment ID: 195870]\n"
    },
    "4061": {
        "url": "/comment/4061",
        "comment": "Dear Sirs/Madam: I am writing to voice my concerns about our province's energy future and to ask the Ontario government to shift course away from dirty and dangerous nuclear power, by starting with the closure of the aging and dangerous Pickering plant on the edge of the Greater Toronto Area.\n\nThank you.\n\n[Original Comment ID: 206702]\n"
    },
    "4062": {
        "url": "/comment/4062",
        "comment": "As a citizen of Ontario I expect the government to go forward with plans for a greener future. This includes a more sustainable energy plan and a move away from dirty nuclear power. None of us will live long enough to witness the neutralization of radioactive waste. That doesn't mean we should continue to use it. I would rather wear multiple layers in my house than know that part of my energy usage comes from nuclear power plants. It's time to make some sacrifices for a better future. Let's be the first province to go 100% renewable!\n[Original Comment ID: 205453]\n"
    },
    "4063": {
        "url": "/comment/4063",
        "comment": "I think that we could get a lot better return on our renewable energy investment than by refurbishing the Bruce Nuclear facility.\n\nOffshore wind farms and solar rooftops on every house are two possible routes.\n\nI and many of my fellow Ontario voters are counting on you to make a wise decision for our future.\n\nRegards,\n\nJon Bathmaker\n\n[Original Comment ID: 206703]\n"
    },
    "4065": {
        "url": "/comment/4065",
        "comment": "I support Bruce Power and the long term role they play in the energy plan for Ontario.\n[Original Comment ID: 195878]\n"
    },
    "4066": {
        "url": "/comment/4066",
        "comment": "My family and I realize that changing energy sources to climate friendly options demands more money up front and are more than willing to pay our part to support the needs of our planet. Please consider our 4 voices as you make these long term decisions.\nThank you\n[Original Comment ID: 205457]\n\n"
    },
    "4067": {
        "url": "/comment/4067",
        "comment": "I believe that:\n\n\u00b7 Ontario should set a target of moving to 100% renewable energy by 2050\n\n\u00b7 Ontario should maximize efficiency by paying full value (e.g., equal to the cost of nuclear) for conservation kilowatts\n\nOntario should sign more long-term deals with Quebec to import lower cost and safer water power\n\n\u00b7 Ontario should close the Pickering Nuclear Station when its licence expires in 2018. Please sign the petition to Close-Pickering.ca.\n\n\u00b7 Ontario should actively plan to take nuclear off ramps from rebuilding Darlington and Bruce as soon as possible to save money and reduce risk\n\n[Original Comment ID: 206704]\n"
    },
    "4068": {
        "url": "/comment/4068",
        "comment": "The time to move radically away from fossil fuel energy production is now.\u00a0 The last ditch position held by the petroleum industry merely puts off the inevitable - to the detriment of the environment.\u00a0 Any intelligent company or administration would be easing itself out of coal/oil dependency and putting itself in the lead of sourcing reusable energy.\u00a0 I am strongly opposed to anything that encourages petroleum increase such as the Energy East Pipeline which I consider expensive, dangerous, unnecessary and environmentally destructive in many ways.\nThere is a large question mark over the economic and environmental sense of nuclear power but one stop at a time.\n[Original Comment ID: 205459]\n"
    },
    "4069": {
        "url": "/comment/4069",
        "comment": "To Whom It May Concern,\u00a0 We wish to submit our comments concerning the future of Ontario power generation. We believe that fossil fuels\u00a0 and nonrenewable sources of power should be eliminated and Ontario should work towards 100% renewable forms of energy as soon as possible. Climate change is such a severe threat and very drastic changes need to be implemented if we are to stop the terrible consequences of the warming of the planet through current use of fossil fuels. We need to leave them in the ground and stop subsidizing the fossil fuel companies but rather start subsidizing all green forms of energy production. We need to act now as the tipping point of the planet is already here, we cannot ignore this problem of climate change any longer and we need to be leaders in this endeavour before we reach the point of no return. No matter what other countries are doing, i.e. Trump and the USA, we need to be independent thinkers and act now to help this climate change disaster we currently are facing. Thank you for your attention to this matter. We are retired and in the last stage of our lives but we need to find a solution for the sake of our grandchildren and their children for generations to come.\n\nSincerely, Trish Dundass\n\n[Original Comment ID: 206705]\n"
    },
    "4070": {
        "url": "/comment/4070",
        "comment": "Having a secure supply of economical electrical power is important to the both the Ontario and Canadian economies. Nuclear energy has historically been a key pillar of Ontario\u2019s electricity mix and should in the foreseeable future continue to provide Ontarians with a supply of clean electricity. \u00a0As greenhouse gas emissions continue to be a major cause of global warming, we as a society, we must do everything we can to minimize the production of these gasses to the greatest extent possible. \u00a0This includes both in the production of our electricity and eventually discontinuing the use of hydrocarbon powered vehicles. \u00a0As we start the transition to electric vehicles the province's electrical power usage will once again see significant increases. \u00a0Nuclear power generating stations, although expensive to construct, have proven to be a safe, economical, and a reliable source of power for the province. \u00a0This is important if we want to stimulate the growth of new industry here in Ontario. \u00a0The nuclear industry in Canada continues to produce an exceptionally trained workforce that is extremely safety conscious, well above what most other industries have achieved to date.\nWith Pickering Nuclear Generating Station nearing the end of its life expectancy, the government must consider adding new nuclear plants to assure Ontario has a clean source of baseline power in the future. \u00a0The foundation of our economy is our infrastructure. \u00a0A good transportation system (roads, shipping, rail, and air), a safe economical power system, robust telecommunication systems, a clean and secure water supply, strong emergency and public health services are all key to our maintaining a prosperous society.\n[Original Comment ID: 195883]\n"
    }
}