{
    "4908": {
        "url": "/comment/4908",
        "comment": "Please make Ontario 100 percent renewable, for the sake of the children and grand children of today.\nWe have got to leave the oil in the ground. We must be leaders in renewables. It is imperative, if we are going to reverse climate change. Switch off oil in all its forms.\n[Original Comment ID: 206260]\n"
    },
    "4909": {
        "url": "/comment/4909",
        "comment": "Ontario (and Canada) needs to start thinking GREEN. We need to discontinue our dependence on fossil fuel and nuclear energy and start building and prgressing with renewable energy. Our beautiful blue planet (including all its beautiful forests, rivers, lakes, oceans and the animals and plants that make these natural places their home) need our clear vision for a clean future so that they can continue to flourish. Our children and their children need our foresight now so that they can also benefit in the future. There is no future without this shift and innovations. I am very concerned about what the future holds if we continue in the direction that we are on.\n[Original Comment ID: 206267]\n"
    },
    "4910": {
        "url": "/comment/4910",
        "comment": "December 16, 2016\n\nRe: Support communities to go 100% renewable\n\nDear Minister,\n\nI believe that Ontario must take a different approach to developing renewable energy sources to be 100% powered by Renewable Energy by 2050. I want Ontario\u2019s Long-Term Energy Plan (LTEP) to take such an approach to developing our geoexchange resources.\n\nWhile I am a strong believer in putting conservation first, I also recognize that this will only get us part of the way there. Many older urban homes were built with different materials that limit the efficiency gains that can be made at a reasonable cost and this means finding a carbon free solution to heating and cooling them. Geoexchange systems are the answer.\n\nMoving to geoexchange heating and cooling \u2013 it\u2019s not too expensive, it\u2019s free.\n\nThe Canadian Constitution gives Ontario the rights to energy and natural resources; it is time to commercially develop our geothermal energy resources to heat and cool our buildings (geoexchange resources).\n\nThe first step is to recognize that the current and past approaches to using geoexchange resources failed; for building owners the cost of developing the resource on their own is too high; for governments the cost of subsidies to encourage individual building owners to develop the resource was too high; and for businesses the lack of guaranteed long term access to the resources and markets make it imprudent to invest in developing the resources.\n\nThe second step is to create a different approach to developing geoexchange energy resources, a market based approach. By using and/or adapting policies employed in other parts of the energy industry Ontario can create a new market that producer/distributers and customers are confident in. Using regulatory bodies to manage the natural monopolies \u2013 similar to gas production and distributors \u2013 created when developing and using local geo-exchange resources will be necessary to protect both suppliers and consumers.\n\nBy adapting the policy frameworks which support multibillion dollar capital investments in the oil and gas sector, Ontario can signal to the energy industry that there will be a place for them in our low carbon energy future. By using lease and royalty programs to regulate access and use of geoexchange resources, Ontario can create the economic certainty companies and investors need to justify building and operating district-based geoexchange systems.\n\nBy regulating and charging for access to geoexchange resources the province can also turn a major climate challenge into a new source of sustainable government revenue. Working together with municipalities, public and privately owned utilities, and community power cooperatives, Ontario can continue reducing its reliance on fossil fuels, while also keeping homes and business comfortable.\n\nKey components of a new approach to developing geoexchange resources will include:\n\n\u2022Exercising provincial authority to develop the resource and to set new terms and conditions for its use.\n\n\u2022Developing policies to regulate access \u2013 which could be a public auction similar to those held granting access to non-renewable resources \u2013 and set royalty fees.\n\n\u2022Developing policies to regulate the distribution and sale of the resource. The new systems will be natural monopolies like gas and electricity distributors and will need similar rules regulations.\n\n\u2022Provincial Municipal negotiations to develop consistent by-laws and regulations to encourage investments in cities across the province.\n\n\u2022Updating curriculums for post-secondary education institutions and worker training programs to offer training and apprenticeship programs for the workforce needed to build and operate the new systems.\n\n\u2022Provincial Municipal negotiations to develop revenue sharing agreements, preferably directing the funds to pay for local infrastructure projects in the communities where the revenue is generated; this will encourage municipal governments to work to roll out the new infrastructure system as quickly as possible.\n\nKey benefits of this approach are:\n\n\u2022It doesn\u2019t require significant government funding, companies will make the capital investments if the policy framework is there to support them.\n\n\u2022It doesn\u2019t require home and business owners to become resource developers, they just upgrade to a new heating system and cooling system like they did when they transitioned from coal to oil and oil to gas.\n\n\u2022It provides large investment opportunities for companies wanting to provide heating and cooling services to business and individuals \u2013 including a transitional path for companies currently delivery fossil based heating fuels.\n\n\u2022It creates skilled jobs in local communities across the province.\n\n\u2022It creates a new sustainable source of government revenue based on a renewable carbon free energy source.\n\n\u2022By investing the revenue in local transit infrastructure projects it will help fund reducing emissions in the transportation sector\u2013 the largest source of emissions in the province - as well. Ontario\u2019s Long-term Energy Plan should empower community groups and Municipalities to become energy producers. I want Ontario to continue to ensure citizens and communities have opportunities to own and participate in renewable energy projects.\n\nI believe this approach \u2013 moving to local district energy systems - will help reduce the impacts of climate change and support communities during the increasingly common extreme weather events such as ice storms, flooding and severe heat.\n\nI want Ontario to empower local communities, municipalities and industry to find common ground to support building a Province powered with 100% renewable energy. With a slight shift in perspective and approach it can be done.\n\nThank you for taking the time to consider my thoughts, I hope it helps you as you are developing Ontario\u2019s next Long Term Energy Plan.\n\nSincerely,\n\nPaul Mero\n\n[Original Comment ID: 207200]\n"
    },
    "4911": {
        "url": "/comment/4911",
        "comment": "Aggregated Load for Energy Storage\n\nEnergy Storage includes more than electrons.\u00a0 A huge percentage of the energy used in Ontario is for heating and cooling buildings.\u00a0 Instead of creating yet another incentive program for thermal energy, if proponents were able to aggregate electric load to take advantage of the IESO's Class A customer rate and thereby access the real-time electricity rate (HOEP), then storage, both electrical and thermal, could be made economic.\u00a0 By encouraging storage users to use cheap night-time electricity, the transmitters and distributors will reduce costly upgrades, peak demand will be shaved, reducing costly (and GHG intensive) gas peaking production, and LDCs will increase sales of baseload (GHG free) power.\u00a0 By using market forces instead of incentives, the government will avoid political criticism of costly subsidies.\u00a0 The advantage to storage will be self regulating, as night-time demand increases, the HOEP will increase and avoid fire-sale trades to New York and Michigan, often at negative rates.\n\nThe aggregated load could be controlled by the LDCs similar to Demand Response or just driven by the HOEP.\u00a0 In essence, with storage, it could be considered dispatchable load.\u00a0 What is dispatchable load worth?\n\n[Original Comment ID: 207201]\n"
    },
    "4912": {
        "url": "/comment/4912",
        "comment": "The legislation authorizing Renewable Energy Co-ops should be amended to remove the totally artificial restriction that the only energy that they can sell is as defined in the Electricity Act.\u00a0 There are\u00a0 many other types of energy and thermal energy and Ground Source Heat Pumps deserve a level playing field for Ontario incentives and also in the rules for Co-ops.\n\n[Original Comment ID: 207202]\n"
    },
    "4913": {
        "url": "/comment/4913",
        "comment": "I commented on electricity before. Now I wish to make comments on fossil fuels. We must stop producing greenhouse gases as quickly as possible, which means phasing out fossil fuels.\n\n- Most importantly: Return carbon tax revenues to the taxpayer. Carbon pricing is the most important tool for reducing greenhouse gases and it must be implemented with the approval of the electorate to be successful. I am disappointed that Ontario has opted for cap and trade, which is far more cumbersome than carbon taxes. But that choice has been made. Now it is crucial to ensure that this is not just another tax grab. The government must follow B.C.'s lead in returning ALL revenue from carbon pricing to the citizens of Ontario. If the cap and trade is not revenue neutral, you will inspire a tsunami of resentment, and hand ammunition to the climate-change deniers who will use the carbon tax to stir up anger about any measures to reduce greenhouse gases. Keeping the revenue in government hands will be counterproductive in the end. It will backfire, and future governments will undo all the good that carbon pricing does. In the long run Ontario will contribute more to global warming rather than doing its part to reduce its impact. So you must make this program revenue neutral.\n\n- I commend the government for closing the coal-fired electricity generation in Ontario.\n\n- Reducing oil usage in the transportation sector should be the next priority. Measures like a tax on usage on high-traffic roads like the Gardiner Expressway make sense. The fuel efficiency standards of new vehicles need to be made more stringent.\n\n- Expand public transportation, encourage municipalities to convert their bus fleets to biofuels or electricity.\n\n- Encourage home efficiencies, bring back rebate programs for insulation, furnace replacement, heat pumps and other efficiencies. A person I talked with today said she has electric forced air heating and she pays $1000 per month on average. People like her need a program to help them convert to something more efficient. On this note, municipal production of heat from cogeneration and waste is a great idea which the province should be encouraging.\n\n[Original Comment ID: 207203]\n"
    },
    "4914": {
        "url": "/comment/4914",
        "comment": "Please make Ontario 100 percent renewable, for the sake of our children and grandchildren. Don't let the land turn to desert.\nWe must be leaders in renewables. We have got to leave the oil in the ground.\u00a0 It is imperative if we are going to reverse climate change. We must get off oil in all forms.\n[Original Comment ID: 206268]\n"
    },
    "4915": {
        "url": "/comment/4915",
        "comment": "The world is headed away from centralized, monolithic systems towards a smart, connected, decentralized, distributed, and flexible world. Electrical grids and operators must evolve in this direction or risk becoming obsolete. Ontario seems stubbornly committed the opposite; hunkering down on refurbishing old and wildly expensive nukes. Let's not.\n\nHow about leaning on Quebec's abundant water resources, spending $$$ on helping people use less electricity, investing in community-owned renewable infrastructure, and wide-spread electric vehicle charging.\n\nI'm not sure if you have noticed the wrath many people in the North feel about electricity prices. The Libs are paying a heavy price politically for fumbling the ball so severely on the energy front. Helping people consume less will go a long way.\n\nIf we are going to solve climate change and build a fair society, investing in conservation and helping people install net metered systems will ease the financial burden of being plugged into the grid and staying warm in the winter.\n\nPlease take a progressive and innovative leadership role rather than letting the nuclear industry dictate our collective future.\n\nAnd while you are at it, can we just move forward with a carbon tax and forget about the overly complex cap and trade scheme.\n\nthx for reading\n\nJustin\n\n[Original Comment ID: 207206]\n"
    },
    "4917": {
        "url": "/comment/4917",
        "comment": "The world is headed away from centralized, monolithic systems towards a smart, connected, decentralized, distributed, and flexible world. Electrical grids and operators must evolve in this direction or risk becoming obsolete. Ontario seems stubbornly committed the opposite; hunkering down on refurbishing old and wildly expensive nukes. Let's not.\n\nHow about leaning on Quebec's abundant water resources, spending $$$ on helping people use less electricity, investing in community-owned renewable infrastructure, and wide-spread electric vehicle charging.\n\nI'm not sure if you have noticed the wrath many people in the North feel about electricity prices. The Libs are paying a heavy price politically for fumbling the ball so severely on the energy front. Helping people consume less will go a long way.\n\nIf we are going to solve climate change and build a fair society, investing in conservation and helping people install net metered systems will ease the financial burden of being plugged into the grid and staying warm in the winter.\n\nPlease take a progressive and innovative leadership role rather than letting the nuclear industry dictate our collective future.\n\nAnd while you are at it, can we just move forward with a carbon tax and forget about the overly complex cap and trade scheme.\n\nthx for reading\n\nJustin\n\n[Original Comment ID: 207199]\n"
    },
    "4918": {
        "url": "/comment/4918",
        "comment": "To the Government of Ontario,\nI believe that in planning for the future of energy in this province that there should be a plan to shift to all renewable energy including solar, wind, hydro and geothermal.\u00a0 This shift should be made alongside further initiatives to support energy conservation including tax incentives and or grants for energy retrofits of buildings,\u00a0 higher energy efficiency standards for new buildings, vehicles, electronics and appliances, and more stringent laws to require less packaging of products as well as easier to recycle materials.\n[Original Comment ID: 206280]\n"
    },
    "4919": {
        "url": "/comment/4919",
        "comment": "I am a strong believer in planning for long term clean energy long term clean energy. I think this has to go hand in hand with planning the future repercussions as well as what we want to be depending on for generation and transmission in 1+ generation.\u00a0 I have worked in the energy industry in Ontario since 2010 and would be happy to discuss in more detail.\n\nThanks,\n\n[Original Comment ID: 207243]\n"
    },
    "4920": {
        "url": "/comment/4920",
        "comment": "I strongly urge you to switch Ontario to 100% renewables. This would make the entire country look up to Ontario as a leader in sustainability and hopefully get the rest of the provinces to join as well. I feel that this is an extremely important issue because Canada is made of such rich landscapes that need to be protected. Let's make Ontario 100% renewable and be a trend setter!\n[Original Comment ID: 206284]\n"
    },
    "4921": {
        "url": "/comment/4921",
        "comment": "I would like Ontario, (and all of Canada) to strive towards a 100% renewable energy future... Starting NOW ! Close all nuclear and coal plants. Invest in solar ,wind and green, renewable energy.\nOur future and our children's future depends on this.\nToken gestures will not change our dimming chance of reversing Climate Change.\nOntario must act BOLDLY, DECISIVELY\u00a0 towards a green renewable energy plan NOW.\nThank you.\n[Original Comment ID: 206285]\n"
    },
    "4922": {
        "url": "/comment/4922",
        "comment": "Dear Minister and all Ontario government representatives and leaders:\nFor our future and the future of our children and all fellow citizens and inhabitants of this\nONLY livable planet earth, we are calling upon the honorable Minister of Energy and all of you in our Ontario government to show true leadership and join the global movement towards 100% renewable energy. The biggest barrier to shifting Ontario to 100% renewable energy is the government\u2019s current commitment to nuclear power.\nThose advocating nuclear and fossil fuel alternatives in short term pursuit of their own corporate agenda and financial gains are ignoring the proven and ongoing devastation and harm resulting from such alternatives,\nWe are calling upon Ontario government and the Minister of Energy that Ontario\u2019s next Long-Term Energy Plan (LTEP) will acknowledge that going 100% renewable is a viable option for Ontario\u2019s energy future, and:\nOntario should join the global movement toward 100% renewable energy.\nOntario\u2019s next energy plan needs to come clean on the true cost of nuclear power and help citizens and communities to empower themselves with renewable energy.\nOntario\u2019s next energy plan needs to remove barriers to citizens and communities becoming energy self-sufficient. We want Ontario to take the renewable path to a low-carbon future.\nPlease see the following information in support of the global movement towards 100% renewable energy:\nThe Economics of Renewable Energy: Falling Costs and Rising Employment\nhttp://www.huffingtonpost.com/adnan-z-amin/the-economics-of-renewabl_b_7452996.html\nBenefits of Renewable Energy Use - Union of Concerned Scientists\nhttp://www.ucsusa.org/clean-energy/renewable-energy/public-benefits-of-renewable-power\nRenewable Resources: The Impact of Green Energy on the Economy\nhttp://www.business.com/entrepreneurship/the-impact-of-green-energy-on-the-economy/\n[Original Comment ID: 206286]\n"
    },
    "4924": {
        "url": "/comment/4924",
        "comment": "We need to continue to move to renewable energy, wind and solar.\u00a0 On particular gradually phase out nuclear.\n[Original Comment ID: 206288]\n"
    },
    "4925": {
        "url": "/comment/4925",
        "comment": "To whom it may concern,\nFighting climate change and reducing our environmental footprint must be top priorities in Ontario\u2019s next long-term energy plan (LTEP).\nThe next LTEP should therefore make conservation and efficiency the first priority for all energy decisions.\nAlso, Ontario\u2019s next LTEP needs to ensure there are a full and fair comparisons of the total costs of nuclear energy with renewable energy resources: the cost of renewables keeps declining, while the cost of nuclear energy keeps going up.\nFor example, almost all of Pickering nuclear station\u2019s output is surplus and exported to Michigan at a loss.\u00a0 This is driving up energy costs.\u00a0 And yet earlier this year the government announced they would keep operating Pickering until 2024, going back on their promise to close it between 2017 and 2020.\nIt's time to make conservation and climate action, not politics, the drivers of Ontario's long-term energy plan.\n[Original Comment ID: 206289]\n"
    }
}