{
    "4271": {
        "url": "/comment/4271",
        "comment": "- Ontario should set a target of moving to 100% renewable energy by 2050\n\n- Ontario should maximize efficiency by paying full value (e.g., equal to the cost of nuclear) for conservation kilowatts\n\n\u00b7 Ontario should sign more long-term deals with Quebec to import lower cost and safer water power \u00b7 Ontario should close the Pickering Nuclear Station when its licence expires in 2018.\n\n\u00b7 Ontario should actively plan to take nuclear off ramps from rebuilding Darlington and Bruce as soon as possible to save money and reduce risk\n\n[Original Comment ID: 206779]\n"
    },
    "4272": {
        "url": "/comment/4272",
        "comment": "Support Bruce Power Pettition\n[Original Comment ID: 196474]\n"
    },
    "4273": {
        "url": "/comment/4273",
        "comment": "Ontario needs to be a leader in the utilization of clean energy & that means getting rid of nuclear power. Kathleen Winn & the Liberal Party had the right idea going forward with alternate methods of energy production. Unfortunately there appear to have been a few glitches & a lot of people cannot seem to see the big picture. But that doesn't mean all the effort has gone to waste. Green energy is the way of the future &\u00a0 for the welfare of Mother Earth.\n\n[Original Comment ID: 206780]\n"
    },
    "4274": {
        "url": "/comment/4274",
        "comment": "Please look past the dollar and today and do what is best for the future.\u00a0 Clean air, clean water are a must.\u00a0 Please look to renewal safe energy, new innovations without the hazardous waste.\n\n[Original Comment ID: 206781]\n"
    },
    "4275": {
        "url": "/comment/4275",
        "comment": "Global warming and climate change is caused by all introduction of heat into the environment from sources outside nature. Fossil fuel adds new heat because it comes from underground, both direct release from burning and indirectly from GHG's elevating C02. For example coal, and fossil oil, could be replaced by wood, and plant oil which were trees/plants absorbing C02 before being made into fuel. ,(which means coal fired plants could have been switched to wood)\n\nNuclear generation is clean in the sense of not producing GHG's. However nuclear generation comes from inside atoms and 100% of its energy - both 75% released at source and 25% when electricity is used. How much direct heating causes global warming compared to GHG's is still a matter of debate, but the reality is Ontario nuclear releases numerous atomic bombs worth of heat per yr, to the environment while hydro by comparison releases NO new heat (since natural energy simply diverts energy in nature towards humans.)\n\nOntario pursuit of wind energy was stupid. Being inspired by wind energy in Europe where there is little opportunity for hydro, is a mistake since Ontario is filled with hydro potential. Energy must be tailored to the natural resources of the area that needs it. There is no need for Ont to pursue the irregularity of wind when hydro offers a continuous resource that can even store energy by controlling the outlet of a reservoir. For example the Trent-Severn waterway offers a great deal untapped hydro resources. Do not flirt with nuclear or wind because its sexy, if it is a bad choice.\n\n[Original Comment ID: 206782]\n"
    },
    "4276": {
        "url": "/comment/4276",
        "comment": "do not want nuclear power to dangerous to expensive\u00a0 and now they want the area to pay for a nuclear dump for the next 1000 yrs\u00a0 The people of Ontario want renewable energy solar wind\u00a0 biomass and more\u00a0 spent on conservation\n\n[Original Comment ID: 206783]\n"
    },
    "4277": {
        "url": "/comment/4277",
        "comment": "Ontario should show leadership in the following\n\n1. Developing solar and wind energy - its easy and its free.\n\n2. Develop the Provinces surplus hydro-electric potential. See, the 1984\u00a0 report -\"Water Quantity Resources of Ontario\" ISBN 0-7743-9063-8. 21: Electric Power - Pages 60 and 61- Hydroelectric Power. The report states \"The total hydroelectricity generating capacity of the Province, both existing and undeveloped, is estimated to be about 21,000 Megawatts (MW). Up to the end of 1982, 7174 MW of generating capacity had been installed - 34% of the total estimated capacity.\" I believe that, as of 2016, about 60% of Ontario's hydroelectricity potential has not been developed. 3. Hydro began to fade in the 1970s, as the building of 20 nuclear reactors - in Pickering, Bruce and Darlington Power Stations took over. Most of the Ontario reactors have, as of Dec. 2016, been through their life cycles. One of the greatest challenges they pose, to the next generation, who know absolutely nothing about their Nuclear\u00a0 inheritance, is that the system must begin to inform them.\n\n4. The Province should require special courses on Nuclear Power (and how to 'baby sit' old reactors), in all High Schools in the Province. That should begin ASAP.\n\n5. All fossil fuel plants should have a requirement of 'no stack gases to the atmosphere'. If coal, oil and gas can clean the emissions or direct them to the underground, then, that would be most acceptable.\n\n[Original Comment ID: 206784]\n"
    },
    "4278": {
        "url": "/comment/4278",
        "comment": "it's time to move from dirty sources of energy such as fossil fuels and nuclear energy and use renewable energy.\u00a0 Anything less than this is causing more irreparable damage to our world.\n\n[Original Comment ID: 206785]\n"
    },
    "4279": {
        "url": "/comment/4279",
        "comment": "I believe that the Ontario government is going down the wrong path by continuing to invest in nuclear. Not only are the costs of containment of nuclear byproducts horrendously high, but the amount of carbon emissions produced by the enormous amounts of concrete needed, is huge. It is time to get off nuclear.\n\n[Original Comment ID: 206786]\n"
    },
    "4280": {
        "url": "/comment/4280",
        "comment": "I will always choose renewable clean energy over fossil fuels. Wind and solar are the future. Please move towards 100% renewables.\n\nTed\n\n[Original Comment ID: 206787]\n"
    },
    "4281": {
        "url": "/comment/4281",
        "comment": "More low-carbon sources of energy and less nuclear (simply based on cost), and definitely no more coal!\n[Original Comment ID: 196482]\n"
    },
    "4282": {
        "url": "/comment/4282",
        "comment": "It is super important to me that the next Long-Term Energy Plan (LTEP) acknowledges the ability to shift Ontario to 100% renewable energy. We CAN do it, and we cannot wait any longer! Climate change is closer than ever, and we have the resources to make this happen, to be a leader to the rest of Canada. In order to reduce our environmental footprint, I think Ontario's next energy plan should make conservation and efficiency the first priority for all energy decisions. I think the government should pursue all cost-effective conservation.\n\nThe LTEP should empower other communities that want to go 100% renewable.\n\nSincerely,\n\nVicki\n\n[Original Comment ID: 206788]\n"
    },
    "4283": {
        "url": "/comment/4283",
        "comment": "Although I acknowledge that any change to energy production is bound to have an impact on individuals tied to the current ie traditional production methods, it is critical that all governments, incuding the government of Ontario, be aggressively proactive in moving towards, and embracing non polluting, renewable sources of energy.\nEach time that a deadline for closing nuclear plants, or information comes to light that Canadian produced energy is being sold at a loss outside of the country, I am left to believe that energy management strategies are too short sighted.\nThe government, and/or private industry needs to focus and invest in research to develop methods of energy storage from renewable energy production, with a view to ceasing to destroy our Air and water, and enhance regreening of our environment.\nPlease support the scientists who are focussed on safe, efficient energy production, and educate the young and old in methods to use energy wisely and with a view to decreasing wasteful misuse of devices that drain energy unnecessarily.\n[Original Comment ID: 205671]\n"
    },
    "4284": {
        "url": "/comment/4284",
        "comment": "I support the significant contributions to power generation in this province that Bruce power provides via the reactors at Bruce A and B. This facility, producing 30% of the power for Ontario, is a low-cost asset in terms of generation and I fully support the refurbishment or future fitment of newer reactors like the ACR1000 and Advanced Fuel CANDU, both of which could be used to synergistically increase output and reduce waste.\n[Original Comment ID: 196531]\n"
    },
    "4286": {
        "url": "/comment/4286",
        "comment": "I am concerned about our province\u2019s energy future and want our government to shift away from dirty and dangerous nuclear and fossil fuels as quickly as possible. For future generations, I want our government to work towards 100% renewable energy. Thank you.\n[Original Comment ID: 205678]\n"
    },
    "4287": {
        "url": "/comment/4287",
        "comment": "I'm concerned about the future. I'm concerned about a liveable planet for generations to come. I'm concerned about global unrest as a result of climate change this century. I'm concerned about the lack of leadership in the United States.\nI want Ontario to be part of a Canada-wide program to provide leadership with regard to green energy. Canada has an opportunity to stand out in the next decade as an example of a developed nation that can maintain a decent standard of living while respecting the environment our way of life. Ontario should commit to 100% renewals. This is the kind of bold decision that will galvanize more timid international and national allies to come on board with their own fully renewable energy programs. We should be bold, we should brazen and we should be brave. And we should not be afraid to lead.\nAny government who reflects that courage will have my vote.\n[Original Comment ID: 205686]\n"
    },
    "4288": {
        "url": "/comment/4288",
        "comment": "An Ontario with a 100% renewable energy does not have to mean that the economy will be damaged. There are as many jobs associated with renewable energy as there is with nuclear and fossil fuels. However, if we keep on proceeding with our present path, the earth and the economy will eventually be damaged.\u00a0 It is your duty to proceed wisely.\n[Original Comment ID: 205687]\n"
    },
    "4289": {
        "url": "/comment/4289",
        "comment": "Building towards 100% renewable energy.\nWe have an opportunity to build a cleaner future for the coming generations.\u00a0 Allowing people to become more self sufficient by adding new jobs into our communities.\nThe cost and risks associated with upgrading our electrical power grid and nuclear power stations is just too high.\nIf we want to be known as leaders in the international community, we need to become more responsible and act accordingly.\u00a0 We say we are willing and will meet the targets put forth.\u00a0 But in reality, we have to many individuals wanting to stay with the status quo of the past.\u00a0 We need to look to the future for our communities to become more self sufficient and safe, individually and as a whole.\nNuclear power, has a very large risk attached to it.\u00a0 All we need to do is look at Russia and Japan.\u00a0 It's only a question as to who will be next, as we all know natural disasters are happening around the world.\n[Original Comment ID: 205690]\n"
    },
    "4290": {
        "url": "/comment/4290",
        "comment": "The value we ratepayers pay for unreliable and intermittent wind and solar energy is totally disconnected from its actual value. \u00a0The amount of curtailed wind generation is scandalous. \u00a0The FIT contract price and the market sale price, according to the IESO, cost us the same as the cancellation of the two gas plants just in the first 10 months of 2016.\nEnergy poverty in Ontario should never exist. No justification exists for sacrificing the most vulnerable in our society.\nThe Minister of Energy needs to forthwith cancel, not just suspend, LRP I and LRP II and any remaining unbuilt wind and solar projects to stop these ideologically-based increases in electricity rates.\n[Original Comment ID: 196583]\n"
    }
}