{
    "5491": {
        "url": "/comment/5491",
        "comment": "I totally support a push towards 100% renewable energy.\nI support a ramp-up of construction of wind-related power sources, we have many open areas and lake shores which can be utilized. I recently visited Colorado and was impressed by their utilization of wind power on the upper plains.\nI especially think it is important to support electric vehicles and the implementation of charging stations across Ontario. I am saddened that the most efficient electric car, the Tesla, is not being supported in the way of rebates. It is imperative that the best green technology be encouraged. The Tesla is by far the best electric car on the market and should be supported as much as possible. The theory that only rich people want it is absurd, it is admirable because it is the greenest and should be recognized for that.\n[Original Comment ID: 205271]\n"
    },
    "5492": {
        "url": "/comment/5492",
        "comment": "I feel the province of Ontario is moving in the wrong direction on renewable energy initiatives. We need to commit to 100% renewable energy sources as soon as possible so we don't leave a mess for our children and grandchildren to deal with. The time is now to make the tough decisions needed to ensure a sustainable future for all.\n[Original Comment ID: 205272]\n"
    },
    "5493": {
        "url": "/comment/5493",
        "comment": "I want Ontario\u2019s next Long-Term Energy Plan (LTEP) to acknowledge that going 100% renewable is a viable option for Ontario\u2019s energy future.\nEfforts should be made towards:\n1. Putting conservation first: we are capable of reducing our electricity consumption by 30% by 2035 if cost-effective conservation efforts are put in place\n2. Empowering communities and residents to go 100% renewable by allowing them and supporting efforts to become energy producers with retro-fit programs.\n3. Moving away from nuclear power: the nuclear plants in Ontario are old and expansive, and they become riskier as they age. It is the smart move and most profitable option to closed them instead of keeping them open at the expense of higher energy costs. We do not need the energy produced by nuclear plants anyway. Therefore, Pickering should be closed by 2020.\n[Original Comment ID: 205273]\n"
    },
    "5494": {
        "url": "/comment/5494",
        "comment": "Dear Minister Thibeault,\nI am a proud member and investor in SolarShare, which has enabled me to directly benefit from community ownership of our projects, participate in co-op decision making, and learn about the positive environmental impacts of renewable energy and energy conservation.\nI believe that Ontario must change course to be 100% powered by Renewable Energy by 2050.\nI want Ontario\u2019s Long-Term Energy Plan (LTEP) to set the goals, actions and timelines for such a transition. We need to see a comprehensive plan that switching to 100% renewable energy is a viable option for Ontario\u2019s energy future.\nMore and more municipalities, countries and companies are well along in their planning to transition to 100% renewable energy. Ontario\u2019s next energy plan should put policies in place to enable citizens, communities and Indigenous communities to go 100% renewable.\nPut Conservation First\nTo fight climate change and reduce our environmental footprint, Ontario\u2019s next energy plan must make conservation and efficiency the first priority for all energy decisions. This principle has to apply to our buildings, institutions, industries and transportation systems.\nA recent government study* showed we have the potential to cost-effectively reduce electricity demand by 30% by 2035. \u00a0 I think the government should pursue and promote all cost-effective conservation measures.\nSeize Opportunities\nI want Ontario to continue to be a leader in the green energy transition.\nI\u2019m extremely proud of Ontario\u2019s leadership in phasing out coal and increasing energy from renewable sources, and I would like to see Ontario maintain its reputation as a climate leader.\nI am concerned that three-quarters of our energy use still comes from fossil fuels, which are directly contributing to climate change. I believe we can reduce our reliance on fossil fuels by encouraging adoption of electric vehicles, and investing in public transit and green district heating technologies.\nOntario should also ensure we take advantage of emerging innovations in clean technology, such as smart grids, and storage.\nEmpower Citizens and Communities to go 100% Renewable\nOntario\u2019s Long-term Energy Plan should empower community groups and Municipalities as well as First Nations & M\u00e9tis communities to become energy producers.\nGovernment policies like the Feed In Tariff program have allowed communities to participate in and benefit from renewable energy production, which has led to a number of important and tangible benefits.**\nI want Ontario to continue to ensure citizens and communities have opportunities to own and participate in renewable energy projects.\nBuild Resilient Communities\nI am concerned about the impacts of climate change, and the probability of increasing erratic weather events such as ice storms, flooding and severe heat.\nIn order to reliably keep the lights on, I believe Ontario should strengthen our local power production and distribution systems, and rely less on large centralized power plants.\nI am concerned with Ontario\u2019s heavy reliance on a bulk energy supply from small number of large nuclear plants, and I believe decreasing our reliance on nuclear will lead to a more flexible, more cost-effective energy supply in the long run.\nI want Ontario to empower local communities with the tools they need to go 100% renewable.\nThank you very much for taking the time to consider and review public input into Ontario\u2019s next Long Term Energy Plan.\nSincerely,\nJason Latremoille\n*Source: Achievable Potential Study: Long Term Analysis, submitted to IESO on June 30, 2016.\n**TREC\u2019s \u201cPower of Community\u201d report commissioned polling and economic modelling data to find that community owned renewable energy projects in Ontario have generated $2 in economic activity for every $1 spend on the projects, created twice as many jobs as industry-owned projects, increased grid resiliency and reliability, and enhanced public support for renewable energy. Read the report at: trec.on.ca/report/the-power-of-community/\n[Original Comment ID: 205286]\n"
    },
    "5495": {
        "url": "/comment/5495",
        "comment": "December 8, 2016\nDear Minister,\nI believe that Ontario must change course to be 100% powered by Renewable Energy by 2050.\nWe want Ontario\u2019s Long-Term Energy Plan (LTEP) to set the goals, actions and timelines for such a transition.\nMore and more municipalities, countries and companies are well along in their planning to transition to 100% renewable energy. \u00a0I think in particular of Calgary\u2019s strategy to power its transit system with 100% renewable energy. \u00a0Ontario can meet or exceed that level of ambition. Ontario\u2019s next energy plan should put policies in place to enable citizens, communities and Indigenous communities to go 100% renewable.\nOntario can be a leader in the green energy transition and I\u2019m extremely proud of Ontario\u2019s movement in phasing out coal and increasing energy from renewable sources and I would like to see Ontario further its reputation as a climate leader so I'm concerned that three-quarters of our energy use still comes from fossil fuels. I believe we can reduce our reliance on fossil fuels by investing in public transit and green district heating technologies.\nOntario should also ensure we take advantage of emerging innovations in clean technology, such as smart grids, and storage. \u00a0In particular, the Feed-in Tariff program is a truly outstanding program that should be maintained at all costs, and should be promoted with full voice. Ontario residents and communities should have opportunities to own and participate in renewable energy projects as this benefits us all. I am concerned about the impacts of climate change, \u00a0In order to reliably keep the lights on, I believe Ontario should strengthen our local power production and distribution systems, and rely less on large centralized power plants.\nI am concerned with Ontario\u2019s heavy reliance on a bulk energy supply from small number of large nuclear plants, and I believe decreasing our reliance on nuclear will lead to a more flexible, more cost-effective energy supply in the long run. \u00a0I want Ontario to empower local communities with the tools they need to go 100% renewable.\nThank you very much for taking the time to consider and review public input into Ontario\u2019s next Long Term Energy Plan.\nSincerely,\nKate O\u2019Coin\n[Original Comment ID: 205289]\n"
    },
    "5496": {
        "url": "/comment/5496",
        "comment": "A shift to renewable energy will provide this province with jobs, world class skills, and technological know-how that will be an excellent export.\nJust as in the past, we used and exported nuclear expertise and technology, we can become leaders in renewables.\nOver forty years ago, we were implementing nuclear power as a stopgap until renewable technology came of age. It seemed plausible then, but in hindsight, had we put our efforts into renewable technology, we could now be world leaders. We could have used the exorbitant costs of nuclear to develop sustainable technology.\nIt's time to make the switch. Nuclear is costly in both capital and operating costs; disposal has never been completely satisfactory. As we have seen in other countries, there are dangers. Even with Candu reactors, there are dangers especially with the factors in staff performance.\nLets change to a track that would allow us to hold our heads high in terms of climate change, job creation and global leadership in sustainability.\nThank you\n[Original Comment ID: 205296]\n"
    },
    "5497": {
        "url": "/comment/5497",
        "comment": "I want the government to provide reusable energy. Not more pipe lines that are not maintained and that have leaked into water systems. Not more tankers off our coastlines that sink and destroy the ecosystem, not more nuclear power that needs to bury it's waste near drinking water and that is dangerous for hundreds of years. Please protect future generations \u00a0Janice Van Haverbeke\n[Original Comment ID: 205298]\n"
    },
    "5498": {
        "url": "/comment/5498",
        "comment": "I encourage Ontario to plan for and begin shifting toward 100% renewable energy to power our communities. Continuing to rely on fossil fuels and nuclear fission to power our communities is short-sighted, fiscally dubious, and dangerous.\nRelying on fossil fuels for our energy will put a strain on Ontario's budget as these scarce resources continue to diminish and become more expensive. Additionally, use of fossil fuels produce harmful emissions. which put our communities at risk both in the short-term due to pollution, and over the long-term as emissions continue to accelerate climate change, leading to an increased incidence of destructive/disruptive extreme weather events and other consequences for future generations.\nDisasters such as Fukushima and Chernobyl have shown us the inherent danger in continuing to rely on nuclear fission for our energy, particularly when the current state of our aging nuclear infrastructure is taken into account. Repairing that infrastructure would, of course, be extremely expensive and would not negate the risks involved in nuclear power generation.\nThe move to renewable energy is inevitable as fossil and nuclear fuels continue to diminish and other economic giants, like China, begin to shift more aggressively toward renewables. Consequently, it is not a question of if Ontario will shift toward 100% renewable energy, but when. Beginning to shift now and investing in industries and technology to enable this shift would position Ontario as an expert and leader in this area. Countries such as Germany have shown us that this expertise and technology can be lucrative and create good jobs, when commodified and sold to other countries. Additionally, shifting to renewables would allow Ontario to save money on healthcare as emissions are reduced, and allow us to avoid spending the billions of dollars required to refurbish our nuclear infrastructure.\nFor all these reasons, I strongly encourage Ontario to comit to and begin moving toward 100% renewable energy now.\n[Original Comment ID: 205299]\n"
    },
    "5499": {
        "url": "/comment/5499",
        "comment": "Please think of future generations and have the public's best interest.\n[Original Comment ID: 205300]\n"
    },
    "5500": {
        "url": "/comment/5500",
        "comment": "It's long past time to find alternate energy sources. Pickering poses danger, costs too much money to operate and does not make a profit.\n[Original Comment ID: 205307]\n"
    },
    "5501": {
        "url": "/comment/5501",
        "comment": "when you have to choose between eating and staying warm!!! You know there's a problem!!\n[Original Comment ID: 205311]\n"
    },
    "5502": {
        "url": "/comment/5502",
        "comment": "Please shut down the Pickering nuclear plant.\nPremier Wayne promised it would close by 2020, and it's time to follow through.\n[Original Comment ID: 205312]\n"
    },
    "5503": {
        "url": "/comment/5503",
        "comment": "I believe she has betrayed the province and the country with this act. I now live in fear for the future of all Canadians.\n[Original Comment ID: 205314]\n"
    },
    "5504": {
        "url": "/comment/5504",
        "comment": "The time for nuclear power has long passed. Nuclear power is far too expensive in immediate dollars and long term waste management costs, nevermind the health impact of Ontarians for generations to come. We have amazing technology which would pay for itself in very few years and not marr our beautiful landscapes and natural resources. Stop wasting my tax dollars throwing good money after bad when there are far more viable options. Nuclear power is outdated technology.\nMove on.\n[Original Comment ID: 205315]\n"
    },
    "5505": {
        "url": "/comment/5505",
        "comment": "I would like to see 100% renewable energy in Ontario. Countries, like Germany, are doing it so it is absolutely possible.\n[Original Comment ID: 205317]\n"
    },
    "5506": {
        "url": "/comment/5506",
        "comment": "I think it's very important for Canada's medium term future that we phase off of fossil fuels in Ontario, and transition increasingly to electric from renewable sources ( wind, hydro, solar). Solar and heat pumps should be the new standard for heating in Ontario, and Canada at large.\nThe technology is finally at a place where this is feasible! Investing in it will only hasten the transition and get us on track to be energy leaders!\n[Original Comment ID: 205320]\n"
    },
    "5507": {
        "url": "/comment/5507",
        "comment": "I would love it for Ontario to run on 100% renewable energy! This is very important to me and I think it's a huge step in the right direction\n[Original Comment ID: 205321]\n"
    },
    "5508": {
        "url": "/comment/5508",
        "comment": "Please ensure that there is a tomorrow for our children .the use of renewable energy will help sustain the environment\n[Original Comment ID: 205330]\n"
    },
    "5509": {
        "url": "/comment/5509",
        "comment": "Ontario should join the global movement toward 100% renewable energy.\nOntario\u2019s next energy plan needs to come clean on the true cost of nuclear power and help citizens and communities to empower themselves with renewable energy.\nOntario\u2019s next energy plan needs to remove barriers to citizens and communities becoming energy self-sufficient.\nI want Ontario to take the renewable path to a low-carbon future.\nGoing 100% renewable is the right path for Ontario to fight climate change and end our reliance on risky and costly nuclear power.\nOn nuclear power:\nThe next energy plan needs to plan for replacing our existing reactors with renewable energy.\nThe next energy plan should require nuclear projects to be compared to renewable energy options. All future nuclear projects should be independently and publicly reviewed.\nNuclear power creates radioactive waste and the risk of a Fukushima type accident\nOntario\u2019s next energy plan should acknowledge that operating nuclear plants on the Great Lakes and in the Greater Toronto Area is an unneeded risk.\nOn Conservation:\nThe top priority of the next energy plan should be reducing energy demand wherever possible.\nThe next energy plan should pursue all affordable conservation.\nA recent government study found Ontario could cost-effectively reduce electricity demand by 30% by 2035.\nOn Renewables:\nOntario\u2019s next energy plan needs to ensure Ontarians can take advantage of the declining cost of renewables.\nAfter conservation, renewable energy should be the top priority of Ontario\u2019s next energy plan.\nOn the electrification of transportation and heating:\nI support electrifying transport and heating to displace fossil fuels, but conservation and renewables should be used to address any increased electricity demand.\n[Original Comment ID: 205334]\n"
    },
    "5510": {
        "url": "/comment/5510",
        "comment": "Renewable \"green\" energy is available through a revolutionary new hydro-electric system that can produce electricity in low flow water with speeds as low as 1 mph. Waterotor Energy Technologies Inc is a Canadian Company based in Ottawa Ontario. This proven technology is ready for deployment and should be factored into Ontario's future energy plans. Details and contact information at Waterotor.com\n[Original Comment ID: 205335]\n"
    }
}