{
    "5230": {
        "url": "/comment/5230",
        "comment": "I wish for this province, and the country, to have 100% renewable energy.\nSolar employs the most people per KW of energy produced, so not only are you saving our planet but you are employing more people.\n[Original Comment ID: 204933]\n"
    },
    "5231": {
        "url": "/comment/5231",
        "comment": "To whom it may concern,\nI want Ontario\u2019s next Long-Term Energy Plan (LTEP) to acknowledge that going 100% renewable is a viable option for Ontario\u2019s energy future, and is a necessary step to ensuring our grandchildren have a planet to live upon. Climate Change is a global issue that can be solved by acting locally. Ontario\u2019s next energy plan should empower everyone from citizens and co-ops to municipalities and First Nations to become energy producers.\nThe biggest barrier to shifting Ontario to 100% renewable energy is the government\u2019s current commitment to nuclear power. While the cost of renewables keeps declining, the cost of nuclear power has only ever gone up. Almost all of Pickering\u2019s output is surplus and exported to Michigan at a loss. \u00a0This is driving up energy costs.\nPickering\u2019s continued operation also puts the public at risk. Ontario has not updated its nuclear emergency plans since the Fukushima disaster, which had devastating consequences on the entire Pacific Ocean and every continent touched by the Pacific Ocean. \u00a0I want the government to keep its promise to close Pickering before 2020.\nShutting Pickering down should be a first step in Ontario\u2019s long-term transition to renewable energy. \u00a0The second step is educating and empowering all our citizens on the steps they can take at home to reduce their environmental footprints, for the future of humanity is at stake.\nSincerely,\nA concerned Global Citizen who lives in the GTA\n[Original Comment ID: 204934]\n"
    },
    "5232": {
        "url": "/comment/5232",
        "comment": "The choices facing us on the planet are obvious and life-threatening: We can\neither adopt, immediately, 100% renewable energy , or face various\ntypes of disasters caused by our continued use of fossil fuels, and\nof fostering their production.\nFurthermore, nuclear power presents further problems for those of us\nwho live on this planet: There are no ways to decontaminate spent\nfuel, decommissioned power plants, or mine tailings, except by\nwaiting hundreds of thousands of years. Even ignoring these\nproblems, construction of new nuclear plants will take decades --\ndecades that we do not have.\nMassively reduced use of fossil fuels is key, as is eliminating motor\nvehicles as the opiate of the masses. Solar and other renewable energy\nsources are crucial to our survival, as it creation of scalable\nelectrical energy storage systems, to allow solar and wind power to\nbe used effectively.\n[Original Comment ID: 204935]\n"
    },
    "5233": {
        "url": "/comment/5233",
        "comment": "I feel Ontario should be a leader in renewable power. To do this the government needs to give a clear picture of the cost of power so that people can truly judge how much renewable power costs in comparison to existing power.\nReducing our energy consumption also needs to be addressed more aggressively. I understand from studies there is a possibility of a 30% reduction.\nA plan to encourage municipalities to become energy efficient and move to renewable energy sources would be needed.\nGordon Martin\n[Original Comment ID: 204936]\n"
    },
    "5234": {
        "url": "/comment/5234",
        "comment": "We must ensure 100 %renewables and we must get it done now.\nWe must cut our hydro bills in half and do it now.\nWe must ensure any new buildings are made efficient and totally green. Communities must power themselves. \u00a0No more transporting power.\nNo more privatizing. \u00a0None. It's so obvious that the corporate own the government. \u00a0We are all slowly getting this. \u00a0How is it possible to keep making stupid choices that cost.\nWe now know these are not bad choices. \u00a0They are done on purpose to make certain folks very rich.\n[Original Comment ID: 204937]\n"
    },
    "5236": {
        "url": "/comment/5236",
        "comment": "Ontario must join the global movement towards 100% renewable energy. Our dependence on oil is quite simply killing us. Dragging our feet is no longer an option. Please act now.\n[Original Comment ID: 204939]\n"
    },
    "5237": {
        "url": "/comment/5237",
        "comment": "Renewable energy is all fine and dandy but the wind doesn't always blow and the sun doesn't always shine so we will have to have a backup system which should be gas as it is the cleanest alternative but when the gov't dismantled Ontario Hydro all that did was open up the door for privatization of the electrical grid. Another alternative is a river run hydro system or help all citizens too have solar and wind on their homes too feed the grid.\n[Original Comment ID: 204940]\n"
    },
    "5238": {
        "url": "/comment/5238",
        "comment": "Please make 100% renwable energy for Ontario and Canada, also we donot want the dirty unclear and Fuel industries.\n[Original Comment ID: 204941]\n"
    },
    "5239": {
        "url": "/comment/5239",
        "comment": "Ontario should join the global movement toward 100% renewable energy.\nOntario\u2019s next energy plan needs to come clean on the true cost of nuclear power and help citizens and communities to empower themselves with renewable energy.\nOntario\u2019s next energy plan needs to remove barriers to citizens and communities becoming energy self-sufficient.\nI want Ontario to take the renewable path to a low-carbon future.\nGoing 100% renewable is the right path for Ontario to fight climate change and end our reliance on risky and costly nuclear power.\nOn nuclear power:\nThe next energy plan needs to plan for replacing our existing reactors with renewable energy.\nThe next energy plan should require nuclear projects to be compared to renewable energy options. All future nuclear projects should be independently and publicly reviewed.\nNuclear power creates radioactive waste and the risk of a Fukushima type accident\nOntario\u2019s next energy plan should acknowledge that operating nuclear plants on the Great Lakes and in the Greater Toronto Area is an unneeded risk.\nOn Conservation:\nThe top priority of the next energy plan should be reducing energy demand wherever possible.\nThe next energy plan should pursue all affordable conservation.\nA recent government study found Ontario could cost-effectively reduce electricity demand by 30% by 2035.\nOn Renewables:\nOntario\u2019s next energy plan needs to ensure Ontarians can take advantage of the declining cost of renewables.\nAfter conservation, renewable energy should be the top priority of Ontario\u2019s next energy plan.\nOn the electrification of transportation and heating:\nI support electrifying transport and heating to displace fossil fuels, but conservation and renewables should be used to address any increased electricity demand.\n[Original Comment ID: 204942]\n"
    },
    "5240": {
        "url": "/comment/5240",
        "comment": "Citizens of Ontario want a better energy plan for the future. Investing in 100% renewable energy to fight climate change, to have better control over our own energy, and to eliminate nuclear risks is the smartest plan.\n[Original Comment ID: 204943]\n"
    },
    "5241": {
        "url": "/comment/5241",
        "comment": "Dear Ministry of Energy.\nAs a resident, and thus taxpayer, in Ontario, I'm concern by the several threats related to the production of energy. The direct threat related to nuclear incidents and to pollution related to nuclear wastes and oil transportation through pipelines. I am even more concerned by the ongoing climate change which will endanger our coasts infrastructures, our beautiful wildlife, and ultimately our survival.\nI'm convinced that Ontario has the resources, technological and human, to start a bold shift toward cleaner and more sustainable forms of energy, and through reduction of energy consumption, particularly for transport and buildings.\nThis is also a great opportunity to boost the economy of our province by investing in the infrastructures and technology of tomorrow. I know we have thousands of engineers, technicians and workers that have, or can learn, those new skills.\nBe courageous, be bold, be smart.\nWith hope, best regards.\nBastien Moineau\nPT, PhD, University Health Network, Toronto\n[Original Comment ID: 204945]\n"
    },
    "5242": {
        "url": "/comment/5242",
        "comment": "Not just Ontario, the planet needs to wean itself from oil, gas and the heavy handed carbon footprint being produced. We should be devoting our efforts towards Green energy, now.\n[Original Comment ID: 204947]\n"
    },
    "5243": {
        "url": "/comment/5243",
        "comment": "Planning Ontario's Energy Future is very important. \u00a0When I look back at USA, Germany and other European Country that have already many years of using Renewable energy and I look at Ontario we are far back in the process and progress.\nOur Land, Water are important to all of us and for a better future for the next generation to come.\n[Original Comment ID: 204948]\n"
    },
    "5244": {
        "url": "/comment/5244",
        "comment": "It was great when Ontario phased out coal. We put less pollution and CO2 into the air so there was less smog, and things like respiratory health improved. My asthma stopped bothering me, and summer skies were much clearer than they were before. Now it's time to go 100% green. Nuclear energy isn't renewable, and nuclear waste is dangerous. Burning natural gas for heating still puts CO2 into the atmosphere, contributing to climate change. Let's invest in better public transit, clean energy options like solar, wind and geothermal. Green and renewable energy technologies are rapidly improving. If we invest in them and use them, they can only continue to improve more and faster. Let's protect the health and longevity of Ontarians by investing in green energy to heat out homes, power our electronic devices, and drive our cars, all the while reducing the effects of climate change and protecting the environment we depend on.\n[Original Comment ID: 204949]\n"
    },
    "5245": {
        "url": "/comment/5245",
        "comment": "I believe that nuclear should be phased out and all monies that would have gone into nuclear be spent on renewable energy sources\n[Original Comment ID: 204950]\n"
    },
    "5246": {
        "url": "/comment/5246",
        "comment": "It's time to be bold to later be able to be accountable in front of our children.\n[Original Comment ID: 204951]\n"
    },
    "5247": {
        "url": "/comment/5247",
        "comment": "We use only public transport, recycle, have a perennial garden where once was lawn, no heavy use of power or water until after 7pm, and use bicycles whenever possible. What are you personally doing towards greening Ontario, are you leading by example? \u00a0If not then why not, if you are actively supporting the future of Ontario then thank you very much.\n[Original Comment ID: 204953]\n"
    },
    "5248": {
        "url": "/comment/5248",
        "comment": "We know where things are going. CO2 is sky rocketing. At this rate Ontario grown food will lack nutrient value necessary to sustain human health. My cistern overflow has overflowed twice! \u00a038 days above 30'C last summer in our town.\nI grew up hearing stories about Wilfred Laurier, Lester B Pearson; with courage, your legacy could be told by people for generations to come. \u00a0You have great power and influence.\nRemember, HOPE is not a strategy.\n[Original Comment ID: 204954]\n"
    },
    "5249": {
        "url": "/comment/5249",
        "comment": "We wish to see a 100% renewable GREEN future for Canada. We need to stop producing oil & gas that's polluting our country and the world.\n[Original Comment ID: 204955]\n"
    }
}