{
    "12766": {
        "url": "/comment/12766",
        "comment": "I think its a great step in the right direction, as it stands there is no check in place for controlling  rampant numbers on lac seul . its a shame to watch the fishery go down the same way the moose population  went to mismanagement. Every year we see more cormorants and pelicans, better catch and release practices and less fish  do the right thing Please\n"
    },
    "12767": {
        "url": "/comment/12767",
        "comment": "Good afternoon. The cormorant issue since I have been fishing the Great Lakes has gotten bad. I do feel the amount of cormorants have tripled over the past 10 years and maybe more than that. I have seen rafts /flocks of cormorants that put snow goose flocks to shame. So I can only imagine the amount of fish they consume on a daily basis. I believe a season to cul the flocks would allow some of the depleting fish population to increase from Canada to the southern US States. I am not a biologist with specifics just an avid fisherman and waterfowl hunter that has observed these birds. Thank you for allowing me to comment on this topic.\n"
    },
    "12772": {
        "url": "/comment/12772",
        "comment": "Cormorants appear to be reducing the young sport fish in our Great Lakes.  We believe it's time to allow for a proper count and reduction of this invasive waterfowl.\nI understand a cormorant can consume 2-5 lbs of fish a day.\nCormorants may have served a control purpose in the past but today they are a bird that consumes many of our sport and commercial fish.\nA control ought to be implemented.\n"
    },
    "12774": {
        "url": "/comment/12774",
        "comment": "We are proposing to list the double-crested cormorant as a game bird, create a hunting season in Ontario for population management and make related changes.This proposal would be implemented through a series of regulatory and legislative amendments.\nI support population management of the double-crested cormorant .  As game bird we could have more hunting opportunities and reduce the predation over our sport and commercial fishery.\n"
    },
    "12775": {
        "url": "/comment/12775",
        "comment": "Congratulations, once again the gov. bowed to misinformed pressure and studied a problem that should have been addressed 25 yearago. When will the MNRF react to the suggestions from their own biologists rather than emotional misfits? The coyote/wolf issue is another example of MNRF bowing to anti hunters and anti trappers when they know full well that these are not threatened species rather predators  out of control!\n"
    },
    "12777": {
        "url": "/comment/12777",
        "comment": "Cormorant meat is gross and unpalatable. The cormorant should not be included in the game bird category. The cormorant should be considered as a nuisance with the possible use of a bounty system until their numbers are under control.  Also, In Northern Ontario during summer months, discharging shotguns has the possible hazard of starting fires.\n"
    },
    "12778": {
        "url": "/comment/12778",
        "comment": "Dear Public Input Coordinator,\nThis comment concerns the Proposal to establish a hunting season for double-crested cormorants in Ontario, ERO/EBR Registry Number 013-4124.\nI wish to voice my strong opposition to this wrongheaded policy proposal and respectfully urge the Ministry not to allow it to proceed.\nAs implicitly acknowledged in the description, the proposed cull of double-crested cormorants (Phalacrocorax auritus) is not based on scientific evidence, but rather on the concerns\u2014unfounded, misleading, anecdotal\u2014of groups such as the commercial fishing industry.\nYou are no doubt aware that the best available evidence points to the cormorant population having no perceptible effect on commercial fishing, since cormorants rarely eat large, commercially-harvested fish.\nSays Environment Canada:\n\u201cStudies have repeatedly shown that in a natural environment, cormorants feed primarily on small, largely non-commercial, shallow-water fish.\u201d\n\u201c\u2026concerns do not appear to be valid, since studies of cormorant diets in Lake Ontario show that less than 2% of the prey found in cormorant pellets is Lake Trout or salmon. Also, cormorants consume only about 0.5% of the prey fish, which is insignificant when compared to about 13% taken by sport fish.\u201d\nWhat is being proposed is unnecessary and outrageous. The Ministry acknowledges that \u201cthe latest information [indicates that] Great Lakes populations have since stabilized or declined slightly\u201d since their peak in the early 2000s.\nEven during the period of population recovery and growth from the 1970s to the early 2000s, threats to cormorants continued to be of concern. In 1992, an outbreak of Newcastle disease killed nearly a third of juvenile cormorants in several colonies. A future viral outbreak could potentially devastate the population, especially if it were to come on the heels of a massive cull.\nThe proposed bag limit of 50 birds per day with no possession limit is unprecedented and dangerously high. Furthermore, it is shameful that the Ministry would allow the spoilage of killed cormorants. This calls to mind the worst hunting excesses of the previous two centuries. It is easy to imagine mounds of dead cormorants rotting. It would be disrespectful of our natural environment and unbecoming of who we are as Ontarians.\nAllowing the hunting of cormorant would also present a grave threat to other species, including those protected under the Migratory Birds Convention Act. The common loon (Gavia immer), for example, cannot be easily distinguished from the cormorant on the water. Gail S. Fraser, an Associate Professor at the York University Faculty of Environmental Studies, and an expert on the double-crested cormorant, has been quoted as saying, \u201cAn open season on the cormorant is an open season on the loon.\u201d\nEven without additional pressures, loon numbers are expected by scientists to decline through much of southern and central Ontario in the coming decades.\nTo conclude, everything about this proposal is wrong. It is unscientific, unnecessary, and it does not reflect the principles of the Ministry\u2019s Statement of Environmental Values, which calls on the Ministry to apply a \u201csound understanding of natural and ecological systems\u201d when making decisions.\nThank you for your consideration of my comments.\nSincerely,\n[signed]\n"
    },
    "12786": {
        "url": "/comment/12786",
        "comment": "No. Killing someone for sport encourages violence and desensitizes people to death and harming living beings. There is no need for killing animals for 'sport'. as someone who works in ecology, I assure you that any population problems are NOT solved by humans taking lives, but by rebalancing our ecosystems and allowing natural predators to return. Hunting is a band aid solution and does not fix the root cause which is an unbalanced ecosystem (caused by humans encroaching on natural predators territory)\n"
    },
    "12788": {
        "url": "/comment/12788",
        "comment": "Our NWO area of lakes is OVERRUN with Cormorants AND Pelicans to the detriment of our communities health for clean drinking and washing water. In the past 10 years we have seen both species multiply to such a great number that we call them \u201cherds\u201d not just a couple of birds we see the very odd time in our lakes. They deficate in our lakes so much the shoreline is scummy,white and full of parasites and eat the minnows, crayfish and fish until there is nothing left. We need to thin these new \u201cherd\u201d of birds out before it\u2019s too late. We have several cottages that our families would love to say they are proud of again without these intrusive birds and their growing numbers. Thank you.\n"
    }
}