{
    "14990": {
        "url": "/comment/14990",
        "comment": "Without knowledge of the true numbers of cormorants in the province, I am alarmed by the 'limit' of 50 birds/day that has been established, and fear that this species will become extirpated in a very short time. Please lower the limit and devote some resources to determining the population size of this species before hunting season and afterward, so that we will have an understanding of the impact of hunting on these numbers and can ensure the continued survival of the species.\n"
    },
    "14992": {
        "url": "/comment/14992",
        "comment": "I am concerned about the current proposal to establish a hunting season for the Double-crested Cormorant in Ontario. As a birder and someone who has studies avian conservation I feel the current proposal is flawed and has the potential to create great harm to the current population of Double-crested Cormorants.\nBird Studies Canada, an organization I trust, has outlined very clearly the many issues with the current proposal:\nThe following is a summary of the major concerns noted by BSC regarding the proposal:\n(1)   Lack of scientific credibility and justification\nThe proposal fails to demonstrate a sound scientific basis for the need for the hunt, lacking any detailed information about the species\u2019 population size.\nThe proposal\u2019s policy rationale indicates that the species\u2019 population is stable or declining, decreasing MNRF\u2019s justification for the hunt.\nThe proposal fails to address the potential impact of the hunt on the population of Double-crested Cormorants in Ontario, or the potential impact on other wildlife species which could be affected.\nThe proposal fails to adopt an ecosystem-based approach to wildlife population assessments and management, a key consideration for a species with such complex interactions with aquatic and terrestrial species and habitats. Among other things, it fails to describe a population management objective (population target) provincially or regionally. Nor does it describe a timeframe over which the proposal would be in place. Although it proposes a program to monitor cormorant population and trends in Ontario, it would be some years before any such program could provide solid estimates, leaving the first few years essentially unmonitored.\n(2)   Inconsistencies with standard norms for hunting and Fish and Wildlife Conservation Act principles\nThe proposed hunt is inconsistent with every tenet of wildlife management and hunting ethic, including failure to protect wildlife during the breeding season and permission to allow game meats to spoil. This proposed divergence from norms highlights the fact that this is not sport hunting by any standard definition, but is rather a broad-scale and largely unregulated cull \u2013 reminiscent of unchecked \u201cmarket hunting,\u201d which modern bird hunting regulations were designed to correct.\nThe proposed exemption to the requirement to protect against meat spoilage, coupled with a failure to retrieve or even report carcasses, renders population monitoring and enforcement effectively impossible, which could rapidly lead to large-scale mortality with population level impacts.\nThe hunting of Double-crested Cormorants during the breeding season is again inconsistent with wildlife management and hunting principles and ethics; such hunting will inevitably lead to failure of nests and starvation of chicks, which are issues of concern relating to both population management and to inhumane treatment to wildlife.\nThe proposed open season from March 15 to December 31 each year represents the entire duration of the species\u2019 natural annual occurrence in Ontario \u2013 effectively resulting in no meaningful closed season in the province.\n(3)   Impact on Double-crested Cormorant populations, native biodiversity and ecosystems\nThe proposed bag limit of 50 Double-crested Cormorants per day per hunter with no possession limit over a nine and a half month open season is exceptionally high, unsustainable, and without precedent under the Fish and Wildlife Conservation Act for its failure to address the need for population sustainability. It is not unlikely that such a level of hunting would lead to local and/or regional extirpations, as well as reduction provincially to token remnant populations. The likelihood that this proposal would have only a \u2018neutral\u2019 impact is baseless.\nThe proposal allows for shooting of Double-crested Cormorants on breeding colonies which could lead to mortality of other colonial waterbird species which often nest in close association, such as Great Blue Herons, Great Egrets, and Black-crowned Night Herons.\nDisturbance by hunters will disrupt other wildlife nesting in and near Double-crested Cormorant colonies, including the above-noted heron family members, as well as other species such as Caspian Terns, Common Terns, and Great Black-backed Gulls.\nThe increased level of shooting over water could lead to an increase in toxic shot deposited in lakes and rivers since not all shooters may abide by the proposal\u2019s requirement for non-toxic shot.\n(4)   Public safety and enforcement of proposed changes\nThe proposal allows for unrestricted shooting in Ontario, both in terms of season and location, potentially permitting hunters to be in unsafe proximity to boaters, cottagers and other outdoor recreation enthusiasts. The lack of a closed season in spring and summer increases the public safety risk due to the overlaps of the open season with the peak of outdoor recreation.\nThe proposal to permit hunting from a motorboat increases risk for public safety, which is contrary to migratory bird hunting regulations.\nThe large scale of the proposed hunt, the permission to discard carcasses and let meat spoil, and the exceptionally long open season render the hunt (including the daily bag limit) unenforceable by conservation officers.\nThe proposal\u2019s broad scope and exceptionally high quotas would require intensive and greatly expanded enforcement, as well as greatly increased resources for population monitoring; such resources are not likely to be available at a time when public expenditures are being cut back.\nThe Ministry\u2019s intent not to provide additional opportunities for public comment, should the proposal proceed, is a concern for due process relating to Ontario legislation, regulations, and policies.\n"
    },
    "14993": {
        "url": "/comment/14993",
        "comment": "I'm in favor of any legislation that contributes to controlling cormorants however I am concerned that OMNR&F are passing the buck so that anglers and hunters bear the brunt of people who want nothing of a cull. I believe that OMNR&F should take on the cull as well by oiling eggs especially on Burlington Harbour, Leslie St. Spit and other areas where hunting will not be allowed. In other words take on some of the responsibilities themselves instead of passing the buck. There are other Islands on Lake Ontario for instance that are Provincially owned,Proctor Is, Sweatman Island Timber Island Main Duck Island. These are Cormorant nesting grounds. How will OMNR&F control populations there?\nIf this legislation fails OMNR&F will say to anglers and hunters that \"oh well we tried\" but are they really trying? or just passing the buck.\nI,m also not convinced that hunters will be able to control the population of these birds,therefore; I would like to see a combined effort that includes our Ministry who we support with angler and hunter dollars as well as tax payer dollars.\n"
    },
    "14997": {
        "url": "/comment/14997",
        "comment": "As any real waterfowl hunter would know, any kind of cormorant tastes terrible - very fishy (obviously as their diets are fish).  So, the only reason anyone would want to kill one is just to kill something.  I am an ornithologist and have worked in wildlife law enforcement.  Hunters also kill mergansers which are legal but mostly by accident or just desperate to shoot something - certainly not to eat and many are just thrown away.  This is not conservation or sportsmanship.  Please keep the double-crested cormorants under the protection of the Migratory Bird Treaty Act.\n"
    },
    "14999": {
        "url": "/comment/14999",
        "comment": "I am writing to express my opposition to the proposal to establish a hunting season for double-crested cormorants in Ontario. I have watched these birds for some time in both Toronto and Eastern Ontario, and I am fully opposed to the proposed regulatory change.\nMy opposition is based on the following grounds:\n1. There is no clear rationale for the proposal. \"Concerns expressed by some groups\" is not a rationale.\n2. There is no data supporting the supposed rationale.\n3. The proposal's description of the health of double-breasted cormorant populations is inconsistent. In the first paragraph of the proposal, population numbers are described as \"stabilized or declin[ing] slightly.\" However, the regulatory impact statement describes cormorants as \"abundant.\"\nIt is not possible for a population to be both declining and abundant.\n4. There is no data supporting the reference to population numbers.\n5. The proposal fully reflects the views of a very small group and does not at all reflect the views of a large number of Ontario residents (birders, conservationists). There is no balancing act to this proposal. It is entirely one-sided.\nMost significantly, the number of birds allowed to be killed per day (50), combined with the specific permission granted for allowing the corpses to rot, is 18th century in its approach. There is a cruelty to this proposal. It means killing an almost unlimited number of birds for no reason.\nThere are other more humane, and less grossly one-sided, ways to manage a species. I sincerely hope this proposal does not advance.\n"
    },
    "15000": {
        "url": "/comment/15000",
        "comment": "This proposal goes way too far: up to 50 birds a day per hunter with no possession limit?  This will lead to nothing less than wholesale slaughter.  Much more restricted constraints are needed.\nInsofar as public relations is concerned, proposals like this only serve to reinforce the stereotype of Conservatives being ignorant, even contemptuous, of environmental concerns.  As a Conservative myself (fiscally, at least), I find this proposal ignorant and contemptible.  The very fact that this proposal was offered in its present form is a sad reflection of the competence of those involved.\n"
    },
    "15001": {
        "url": "/comment/15001",
        "comment": "TOTALLY AGREE with proposal.\nI live in Orillia and the cormorant problem is huge. Myself, family and over 100 voters on our area (Heyden Ave., Orillia) want to get rid of these destructive birds. The workers at the garbage collection facility in Orillia next to a nesting area of cormorants have also found the birds destructive and want them out.\nHere are a few facts about how they destroy the environment. Please note I will use a conservative estimate of 500 cormorant colony beside the facility, right on the northern shore of Lake Simcoe.\n- each bird eats approx. 1 pound of fish a day. That's 500 pounds a day;\n- most of these fish are young growing game fish. Like bass, perch, pike etc. As minnows they will not grow up for the enjoyment of fisherman, kids, ice hut businesses etc.\n- Over the course of a season April 1 to Oct. 31 this colony eats (210 days X 500 lbs. = 105,000 lbs. of fish!!!\n- That's 52.5 tons mostly game fish being lost;\n- Fishing tournaments, fisherman etc. have noted devastating decrease in fish caught and released over the past years.\n- These birds DEFECATE their FAECES. onto land and our Lakes!!! Over 50 tons of their droppings goes into our environment and lakes!!!\n- Their defecated feces are full of dangerous bacteria & disease. They also contain other chemicals that promote weeds in our lakes that choke off a healthy environment.\n"
    },
    "15003": {
        "url": "/comment/15003",
        "comment": "Please do not list the double-crested cormorant as a game bird.\nThis initiative appears to be an unnecessary and extreme response to concerns that may be unfounded.  It has become popular to blame cormorants for all kinds of ills.  It takes the focus away from the damage humans have inflicted on aquatic ecosystems by over-fishing, introducing foreign species, and polluting.  I think cormorants are being used unfairly as scapegoats.\nThe proposed hunting season (March 15 to December 31) is far too long.\nHunting will disturb all kinds of other wildlife including species at risk that nest in the same areas as the cormorants.\nThe bag limit is too high.  At 50 cormorants per day per person, cormorants could become locally extinct before the Ministry has a chance to review the numbers and adjust the limits.\nThe hunting will disturb people and will pit those who love nature against those who don't.\nWhere is the proof that they have wreaked so much damage on fish stocks that they deserve to be hunted to such an extreme?\nThe argument that cormorants are responsible for the loss of island forest habitats is laughable considering how many island forest habitats are lost or have been lost due to farming, forestry and cottagers.\nI am not in a position to comment on whether or not they are affecting commercial fish stocks, but I would hope that scientific studies would take place before making the regulatory and legislative amendments that have been proposed under ERO 013-4124.  Legislation that impacts nature and the environment needs to be based on evidence, not perception.\nI am very much against this proposal, but if it is to be implemented, I hope that some of the proposed amendments would be drastically modified.\n"
    },
    "15004": {
        "url": "/comment/15004",
        "comment": "I have several concerns about the proposal to create a hunting season for Double-crested cormorants (DCCO) in Ontario:\n- breeding season - can the OMNRF cite any other species (mammal or bird) that are allowed to be hunted during the time of year when they have young that are dependent on their parents for survival?  Can the OMNRF point to any other locations in Canada or elsewhere that allow a bird to be hunted during its breeding season?  I recognize that Ontario (and elsewhere) have had cormorant culls however I believe that this has typically been conducted by trained staff, not by creating an open hunting season.   Is the OMNRF concerned about the outcome to cormorant eggs/young birds that are left orphaned in a nest when parents are shot or when parents abandon a colony due to the disturbance caused by the shooting and the disturbance caused by hunters roaming thru colonies retrieving shot birds?\n- impact on non-target species that nest in same locations as cormorants  - many species of birds utilize the island nesting locations favored by DCCO (colonial waterbirds such as gulls, terns, herons, egrets; songbirds; waterfowl; shorebirds). Has the OMNRF studied the negative impact that hunting DCCO will have on these other species of birds (some of whom are Species-at-Risk)? The impacts may include a bird being outright shot by a hunter (either on purpose or accidently by being in the wrong place at the wrong time), but will also include the impact of being disturbed during their breeding season (by the shots and by hunters wandering thru colonies retrieving their kills)  which may cause these non-target species to abandon their nests leading to reproductive failure for that year.\n- enforcement - does the OMNRF have the necessary resources/personnel to enforce the current hunting regulations for animals in Ontario?  Does the OMNRF have the additional resources/personnel that will be required to enforce the hunting regulations proposed for cormorants?  What is proposed is a very long hunting season (9.5 months) and since most of the hunting will occur offshore does the OMNRF intend to have enforcement officers out patrolling the Great Lakes and other inland lakes where hunting cormorants will occur?\n- monitoring - does the OMNRF have the necessary resources/personnel to monitor the impacts of hunting cormorants in Ontario? How exactly will this monitoring be conducted? Will the OMNRF be instituting a survey of colony sites and colony sizes throughout Ontario (Great Lakes and inland lakes) to see where DCCO relocate too when they are disturbed from one colony location to another?  Does the OMNRF have data from 2018 that they will be able to use to see the impact if hunting begins in 2019? If \"no\" would it not make more sense to have a cormorant hunting season begin in 2020 and use 2019 to conduct the above mentioned field studies and gather baseline data on the colony sites and sizes of DCCO throughout Ontario?  Is the OMNRF concerned that one impact of hunting DCCO will be to displace them into urban nesting sites in southern Ontario (i.e. Toronto Harbour, Hamilton Harbour) where there are restrictions against discharging firearms and hence hunting will not be allowed to occur?  These urban areas are already having human/cormorant conflicts as DCCO have begun nesting on shorelines (not just offshore islands) and hunting cormorants elsewhere in the province will lead to more DCCO nesting in these urban locations as they seek non-hunting areas.  Hunting DCCO in the Great Lakes may also have the impact of dispersing DCCO to more interior/inland lake locations ... the same locations favoured by many Ontarians for their recreational opportunities (i.e. camping, cottages).\nIn conclusion I think that this proposal to allow hunting of cormorants is short sighted and has many negative impacts and will create many more problems than it will solve.   If the OMNRF is concerned about DCCO they should try to solve the problem themselves in specific locations rather than opening it up to the public by way of a province-wide 9.5 month hunting season.  If the decision has been made by the current provincial government to kill DCCO why not have a hunting period that matches the period when one is allowed to hunt waterfowl (ducks)? It would be easier to enforce and would not disturb non-target species during their breeding season.\n"
    },
    "15006": {
        "url": "/comment/15006",
        "comment": "I will confess I am not a hunter, so am not aware of the 'usual' procedures in a population cull.\nHowever, I am alarmed by the extent of the proposed Cormorant killing.\n50 Cormorants per day sounds excessive.\nNesting parents is not acceptable, therefore the March 15 to Dec 31 season is inappropriate.\nCarcasses rotting???\nIt all sounds so offensive and violent.\nAre there not any other options such as relocating some of the population, as has been done with the Canada Geese in the past, or somehow euthanizing some of the population to diminish the numbers.\nI would like to know what other options have been considered, ruled out, and why.\nI do appreciate this opportunity to comment and hope many others also do so.\n"
    },
    "15010": {
        "url": "/comment/15010",
        "comment": "We are strongly opposed to the proposal to establish a hunting season for Double-crested Cormorants in Ontario. It is an unprecedented slaughter that has no place in modern times \u2013 rather it is a throwback to another century when, out of ignorance, entire species were annihilated.\nThe concern expressed by commercial fishing interests is not supported by science-based evidence. Through careful analysis, the Canadian Wildlife Service has repeatedly found that only 2% of Cormorant\u2019s diet consists of commercially valuable species. In fact, Cormorants are beneficial because their diet consists of very large numbers of primarily invasive fish, such as alewives and round gobies. It is the commercial fisheries in Lake Erie and other lakes that are depleting fish populations, not Cormorants.\nCormorants are not overabundant in the Great Lakes. In fact, their numbers are modest, now stabilized and dropping in many areas.\nWith respect to the impact that Cormorants have on vegetation, we must keep in mind that these are natural processes, as colonial water birds, like other species, do impact their environment. This dynamic process is part of all ecosystems. In fact, on viewing the vegetation on islands in the Great Lakes, you can see this evolution. Although some trees die, the bird\u2019s nutrient-rich guano results in new plant and animal life. Just because it looks different, does not mean there is a problem, in fact this is normal, ecosystems are not static, they do change and evolve.\nInstead of making cormorants a scapegoat for environmental problems they have nothing to do with, attention should be given to addressing the issues that actually do affect fish populations and aquatic environments, such as climate change, pollution, shoreline and habitat destruction, over-fishing and a broad range of other issues.\nThe proposed \u201chunt\u201d will cause unimaginable cruelty by allowing the wholesale, uncontrolled slaughter of cormorants across the province, wounding adults and leaving young in the nests to suffer and die. It will be repugnant to the vast majority of Ontario residents and should not be the reputation the current Ontario Government wants as its legacy.\n"
    },
    "15012": {
        "url": "/comment/15012",
        "comment": "I am a University Professor and teach Biodiversity Science and Conservation.  I am aware of the Cormorant population in this proposal.  I am writing to say that I find the proposal to be unacceptable from a scientific, social and moral perspective.\nScientifically, the Cormorant population has already begun to self-regulate through density-dependent feedback loops, and is not a threat to the ecosystem but a member of it.  Shooting the bird brings it below the natural carrying capacity and therefore encourages the same inherent population growth that led to its current size.\nSocially, this proposal encourages a misunderstanding in society that culls are needed to manage wildlife.  Second, it encourages a misunderstanding that humans have dominion over all other life. Third, it encourages an outmoded perspective that killing of life is fun.  From the extermination of the passenger pigeon through the decimation of bison, the concept that killing for fun is socially acceptable has justified actions that today we recognize as unacceptable.  In short, this proposal encourages a backward step in society's growth to understand our relationship with wildlife.\nMorally, this is a sentient animal and therefore deserving of a life without undue pain and suffering.  Harassment by hunters displacing it from feeding and breeding grounds;  wounding and death by shock, blood loss, drowning; abandonment of dependent offspring; loss of mates; and so forth are cruel and morally unacceptable actions and should not be promoted and not allowed in Ontario.\n"
    },
    "15020": {
        "url": "/comment/15020",
        "comment": "I am shocked at the number of double crested cormorants that the ministry wants to be hunted per day per person.  50 that is.  It seems to me that the ministry needs to slow down this process first of all, to study more deeply the role of cormorant affecting the fish population, are they the ones to blame or are they simply a target.  They need to study certain areas that may need some cull.  They also need to study the impact of wiping out such large numbers of a species, how would that affect the impact of ecosystems. Aren't we interfering enough as it is with wildlife, i suggest being more responsible and pursuing more studies before taking such draconian measures.  Thank you for reading my comment.\n"
    },
    "15022": {
        "url": "/comment/15022",
        "comment": "I am opposed to this legislation.\nCormorants are not game birds; nobody wants to eat them. They are integral to our environment. A host of other species, especially beetles, rely on the activities of the cormorants for their own survival. The beetles come in when the cormorants move on to another nesting site. Allowing annihilation of a species is not preserving our environment. Allowing for shooting these birds puts all of us, who like to be in and around water, at risk of being shot.\n"
    },
    "15027": {
        "url": "/comment/15027",
        "comment": "Dear Sirs,\nI find the daily bag limit of 50 birds to be totally unacceptable. In addition, the proposed hunting season is more than 9 months of the year which is way too long.  I can understand the need to control these birds in very specific situations, but this proposal basically opens up these birds to mass slaughter. I have seen these birds on a remote northern lake where they are not bothering anyone. The idea of hunters coming in to kill these birds in mass throughout most of the  year is just not acceptable. I realize that the proposal speaks to monitoring of populations, but by the time it is recognized that there is a problem, it may well be too late. Unfortunately these birds are not appreciated by many people, and there is a risk that some would like to see them entirely wiped out. Since they tend to flock together in groups, and are large, they will be easy targets to those that would like to eliminate them. Please make changes to greatly shorten the proposed season, and to greatly reduce the daily bag limit. A limited season in the fall, with small bag limits would be better to ensure this species does not end up back on the endangered list. We need to treat all of our wildlife with respect and ensure long term sustainability, even for those creatures that are not always very popular or appreciated.\nThank you.\n"
    }
}