{
    "12319": {
        "url": "/comment/12319",
        "comment": "Hello, I\u2019m writing in full support of reducing the cormorant population In Ontario, these birds are destroying our fish and waters please add my name for hunting these evasive birds\nThank you for listening\n"
    },
    "12323": {
        "url": "/comment/12323",
        "comment": "Hi there, I think opening up cormorant as a game season is a great idea. It will give the ability to hunters to control the amount of cormorants on our waterways as they consume a mass amount of out sport fish. It would also be nice to be able to have a game season during the beautiful weather in the summer. I am really hoping that this goes throihh! Cheers\n"
    },
    "12324": {
        "url": "/comment/12324",
        "comment": "Over the last 40 years I have watched these cormorants develop on 1st Georgian Bay, and the all the great lakes as well as inner lakes. They are fish eating machines,and have devastated many of the waters I've fished. I have watched the stocking efforts by local clubs in Owen Sound and Manitoulin Island. After the fish are released these cormorants devastate them for days. They have also destroyed many of the trees on islands while they are nesting. It is so frustrating to hear our government say year after year that they \"need more studies\".\n   I support this cull 100% and hope to see the results going forward.\nThanks Ron\n"
    },
    "12327": {
        "url": "/comment/12327",
        "comment": "I am happy to hear that the Ministry is taking concerns of cormorants seriously.  I completely support the initiative as it's presented today - Nov 21, 2018.  However, I would also suggest an impact study be performed over 3 years while the hunt is open.  To gauge not only the hunting impact on the cormorant population, but the hoped for recovery of bait fish and forested areas.  I'd also suggest expanding the hunt to include Canada Geese too.\n"
    },
    "12329": {
        "url": "/comment/12329",
        "comment": "While I believe that a balance between the cormorant numbers and there food source will eventually be reached, I think it will take too long and result in a lengthy recovery for game fish that rely on the same food source.  I believe this open season will improve the chances of the massive fishing industry both commercial and sport.  I am impressed with the approach and detail of this move particularily because such a move could push the cormorant to extinction if not monitored closely and none of us would like that.\n"
    },
    "12331": {
        "url": "/comment/12331",
        "comment": "I know it has been a long time coming for this proposal Andi hope it gets approved.   I live in the G.T.A, and I fish in tournaments all over Ontario.   Over the past 7 years i have noticed the populations of these birds grow larger.  See7n them on new lakes that they were not noticeable on and seeing the changes that they have caused in a short amount of time.  It's concerning to tell the truth.  I don't want to see them eradicated completely, yet having a cull system is perfect.\nThe only thing is how to control the amount of birds that hunters are hunting.\n"
    },
    "12333": {
        "url": "/comment/12333",
        "comment": "I am in agreement that the birds are a problem but setting a precedent of legal wastage is not good. Shooters will have to collect carcasses and leave them where, on my shoreline?\nOther problems are apparent as well.\nHaving people in boats off the shore of my cottage, shooting in summer is a serious issue. People and property are at risk.\nBoundaries  and limitations are lacking.\nWho is going to enforce violations.\nThis whole proposal needs more thinking and work.\n"
    },
    "12334": {
        "url": "/comment/12334",
        "comment": "This is a bad idea.\nCormorants have been heavily persecuted because of perceived impacts, even at times when there were less than 1000 pairs in all of Ontario and they were on the verge of extinction. Special interest groups continue to view them as nuisance and direct competition for resources they have no demonstrable effect on and whether they are present or not. The reality is cormorants are part of a complex food web and removing them will have a knock on effect in lowering general biodiversity in Ontario. With an open season like the one described, one single person can decide to take out an entire colony of cormorants even if the majority of stakeholders on the water body disagree. This is a bad move. Instead, the province should study cormorants in their habitat over multiple years to get a real idea of their role in the ecosystem and only remove them when they pose a specific threat that can be substantiated. I guarantee you that there is at least one person per lake that will make it their mission to eradicate cormorants.\nRebounding cormorants have had over 40 years to negatively affect fish populations and they haven't. Now, as predicted, cormorant populations are stabilizing via vectors such as Newcastle disease. An open season will disrupt this process.\nThe following is a non exhaustive list of species that have already been devastated or extirpated by human activity in Ontario. A number of these species were extirpated by the very groups that want to delist cormorants. I don't want to see more biodiversity gone forever:\nPassenger Pigeon, Timber Rattlesnake, Eastern Box Turtle, Lake Ontario Kiyi, Blue Walleye, Atlantic Salmon, Paddlefish, Gravel Chub, Deepwater Cisco, Blackfin Cisco, Shortnose Cisco, Loggerheaded Shrike, Greater Prairie Chicken, Illinois tick-trefoil, butternut, american chestnut, american elm, and ash trees, American burying beetle, Trumpeter Swan, American Badger, Blanding's Turtle, Frosted Elfin, Karner Blue, eastern Elk, eastern cougar, carolina parakeet.\n"
    },
    "12335": {
        "url": "/comment/12335",
        "comment": "I am glad to see this proposal as I have personally seen the damage these birds can do.I visit the inland lakes in Ontario and very few have not felt the devistation from cormorant populations , not to mention the depleted  minnow and fish stocks that are necessary for a healthy and sustainable fish population . Please do the right thing and lets get these birds under control.\n"
    },
    "12336": {
        "url": "/comment/12336",
        "comment": "I think establishing a hunting season on double crested cormorants is a key piece in creating a sustainable population instead of the current destructive population we are faced with.  The negative impact on the ecosystem they are found in is astronomical and easily seen especially in my local area - the Bay of Quinte.  I am in full support of a hunting season being established and I commend the MNR for proposing this with large limits and no possession limit.  I look forward to future announcements.\n"
    }
}