{
    "15567": {
        "url": "/comment/15567",
        "comment": "The proposal to a hunting season for double crested cormorants should be rejected. This proposal is based on shoddy science and a lack of basic understanding of Ontario's biosphere and its inhabitants. A species shouldn't be punished for coming back from the brink of extinctiin.\nIf you want to ensure the future of fishing tourism in Ontario:\n1) protect the greenbelt\n2) fight climate change\n3) enforce environmental regulations that prevent the dumping of effluent into the water system\nDon't tack the future of this industry on a singlw bird when there are larger, more dangerous decisions being made by this government that will impact the tourism industry you seem so concerned with.\n"
    },
    "15570": {
        "url": "/comment/15570",
        "comment": "I cannot believe the province is condoning yet another wildlife kill.\nDeers are hunted, to near extinction in some parts of Ontario, so coyotes don't have enough food to feed their families and have to travel into towns to root through human's garbage.\nYour solution ? Kill all the coyotes.\nCoyotes serve a purpose (as do all flora and fauna) to keep rodent populations down. So what does the government do ? Drop poison from gas guzzling airplanes and helicopters killing harmless innocents.\nCormorants too serve a purpose.  Part of their diet is the consumption of insects but, like bats that are being massacred by wind turbines, thanks to the government, insect populations will rise. Government's answer to that problem ? Spray pesticides everywhere.\nMay I remind you that there are presently 26 species on the Species At Risk List in Grey County alone ?\nWhen will this merry go round of environmental destruction stop ?\n"
    },
    "15573": {
        "url": "/comment/15573",
        "comment": "The non toxic shot requirement should be scrapped, since the MNRF allowed this problem to proliferate despite the concerns of fishermen and now we have to clean up their mess. This solution was proposed many years ago, but fell on deaf ears?\nIf the MNRF want hunters to cull these birds there has to be some incentive, with deer you get the meat, not so with cormorants, who would eat one? At least let us use cheaper ammo or give us a significant credit on licence fees.\n"
    },
    "15575": {
        "url": "/comment/15575",
        "comment": "I feel that this should be passed in order to protect our fisheries and waterways from depletion due to the presence of cormorants. I like on Lake Nipissing and actively fish and recreationally use the lake often. In the last four years I have noticed cormorants on every trip on the lake with some floatilla's of over 200 birds. Rockislands are covered in them and fishing has depleted in the areas around these areas due to the feeding of the baitfish and the reduced vegetation from their waste.\nThe MNRF and they egg spraying can only do so much on the Lake and active hunting by anglers will aid in the elimination of these birds and their impacts on the fisheries.\nThank you for doing the right thing!\n"
    },
    "15576": {
        "url": "/comment/15576",
        "comment": "I believe their numbers should be reduced by allowing a hunting season before they even start nesting. Its absolutely ridiculous how much these birds can consume.  I have seen them eat fish as big as 2 pounds and seen them eat countless smaller fish. They are simply just eating machines. I am all for the full.\n"
    },
    "15579": {
        "url": "/comment/15579",
        "comment": "I would like to express my support for this legislation as I've witnessed the problems associated with the Cormorants in Ontario. As a canoeist and a hunter I've seen Island that were previously green and full of trees reduced to barren rocks once the Cormorants take over. Dickson Lake in Algonquin park would be one example, Islands on the lake are completely destroyed due to these pests. This may also explain why the blue green algae is taking over the lake although I can't say for sure. As an invasive species Cormorants are spreading out in a way that can only be negative for the areas affected. I don't remember seeing a single Cormorant on the French River prior to about 15 years ago and now they are everywhere and the effects are in plain sight, dead trees, particularly on small islands that Moose use when calving. Provincial parks clearly will not benefit from this legislation as hunting is prohibited and there should be additional measures to keep these invaders in check in those locations as well. Hopefully this is not too little to late.\n"
    },
    "15581": {
        "url": "/comment/15581",
        "comment": "Please do not so this sad unnecessary slaughter of the double crested cormorants they natural inhabitants of o ratio and have just come back from being endangered . Humans are the invasive species. This discustinting slaughter of these beautiful birds is inhumane causing unnecessary cruelty to the birds as well as horrible cruel death to their defenceless young . What is wrong with humans I am shocked and ashamed. This ministry does not represent myself who cherishes wildlife .. please stop this horrible  slaughter all together that will wipe out an Ontario bird in a cruel I humane way please\nSusan\n"
    },
    "15584": {
        "url": "/comment/15584",
        "comment": "I believe that the culling of the double crested is a great thing to have implemented. An example is at Whitefish Lake in Thunder bay area. An island there has been completely ruined due to these birds. It is white with the droppings. Also they say that they don't consume sports fish. That is just a bunch of bologney. I think that an area that so infested with these birds the ministry should do something about it.\n"
    },
    "15585": {
        "url": "/comment/15585",
        "comment": "We need this hunt to happen. To many island and water ways and fish and taking a terrible down hill slide due to this over populated birds. They destroyed one of the islands in one the the areas I fish in a matter of a few weeks. Due to your poop. The trees and plants dead all in 3 weeks. This needs to be corrected. Thanks\n"
    },
    "15588": {
        "url": "/comment/15588",
        "comment": "Organized extinction or eradication of native species to the great lakes is an abominable decision that seems to lack sufficient independent study as to the actual ecological impact of the double breasted cormorant.  Hunting 50 birds per hunter per day is an absurd and cruel act of waste and poor environmental management.  I would greatly like to see this proposal revised by those whose interests are not motivated by commercial fishing who are not known for their preservation or conservation efforts.\n"
    },
    "15589": {
        "url": "/comment/15589",
        "comment": "I am concerned at the proposal to have a hunting season for double-crested cormorants from Mar.1 to December. As a cottager on Big Rideau Lake, a popular lake for summer visitors, I am concerned at the safety implications for the thousands of people who boat, paddle and swim in the lake. Our lake has a population of the targeted birds, but in recent years it has been stable, not increasing. A hunt would put vacationers and lakeside residents at unnecessary risk.\n"
    },
    "15592": {
        "url": "/comment/15592",
        "comment": "I have no strong opinions on a hunting season for the cormorants in general.  As a citizen who owns a cottage on Big Rideau Lake (Rideau canal system) in Eastern Ontario, certainly, we`d like to see their numbers go down, but we can also live with the colony that is currently existing on the lake.\nmy only real concern relates to safety.  The idea of waterskiing, swimming, boating around hunters shooting these birds raises a bit of a safety concern.  Thus, I would think a limit on the hours of the day during the summer or similar restrictions during boating season might be a good idea.\nFor example, on Big Rideau Lake, the cormorants largely gather on one very small island and there is a major boat mooring area in the immediate vicinity on Colonel By island for travellers of the Rideau System as well as local boaters.  The idea of hunters shooting the birds while all these boaters are around seems like very contradictory uses of the lake and represents a bit of a safety issue in my mind.\nIf issues like this were addressed, I would likely have no strong objection to a cormorant hunting but would want to ensure they remain a part of the ecosystem.\n"
    },
    "15594": {
        "url": "/comment/15594",
        "comment": "As a tax paying resident of Big Rideau Lake, I fully support this proposal for the following reasons:\n1. These birds have been know to impact the fish population on the lake.\n2. The islands (there is more than one) they populate have no vegetation.\n3. These birds do not contribute to the ecosystem as a net positive gain.\nThe hunting season should be limited to anything that fits within the provincial guidelines and further limited from March 15th to May 1st as well as October 15th to December 15th . This would provide significant windows for hunting while maintaining a safe balance for cottage season including Christmas.\nAs for leaving the birds where they are shot,  this is a great idea. Other animals that actually contribute to the ecosystem would clean that up.\nCan\u2019t wait for these birds to be decimated from this lake.\n"
    }
}