{
    "16686": {
        "url": "/comment/16686",
        "comment": "Double-crested cormorants should be protected and not exploited for the greedy commercial fishing industry that already threatens our wildlife and the well being of our lakes and waterways. People who are worried about \"aesthetics\" obviously do not care about the wonderful gifts that nature brings us and are perhaps unaware of the interconnection of all species that keep all things alive.\nPlease remember that this country was built on sacred First Nations land and we are meant to be guardians of Nature and the environment,working in harmony with nature - not exploiters!\nThis species came back from the brink of extinction,primarily due to environmental contaminants affecting reproduction and now you want to propose that for 10 months of the year hunters could kill 50 per day? This is absurd and tragic. Conservation should be our focus as Canadians - not exploitation!\nThis proposal makes me ashamed to be a Canadian.\n"
    },
    "16687": {
        "url": "/comment/16687",
        "comment": "Thank you for finally addressing this serious environmental concern.\nWe are environmentally conscious and live on the lakefront in an area that is impacted by the\nrapidly growing colonies.\nWe fully support the government's proposal and hope that in the near future something similar can be done about our out of control Canada Geese population which are causing significant health risks in our area.\n"
    },
    "16688": {
        "url": "/comment/16688",
        "comment": "I represent and speak on behalf of the Ontario Sportfishing Guides Association (OSGA) as President, there should be an open season to shoot/hunt for Double Breasted Cormorants.\n"
    },
    "16691": {
        "url": "/comment/16691",
        "comment": "I am not in support of listing the birds as game. Doing so ignores long-term environmental protection and evolution, as these cormorants are a native species to the region, which migrated to the Great Lakes via natural/climatic conditions. The perceived boom in population is because of the impacts these birds have on the recreational fisheries. This is not cause to kill any species. Dismantling the natural ecosystem of the lakes we call home is detrimental to our larger-scale economy, human well-being, and environmental health. Further, bald eagles are finally becoming established in the Great Lakes once again- after many years of DDT recovery. This an environmental success! There are some finer details about this success that are directly applicable to this case. Bald eagles are top predators. A strong base of prey, of which is mostly fish, is required for bald eagles to thrive. I know many places where cormorants and eagles co-exist, indicating that cormorants are indeed not deteriorating the fishery base of ecosystems is such as strong fashion as suggested by this proposal.\nHistorically, this same idea was completed with common loons in Ontario, our provincial bird. It was thought that fisheries were suffering form natural loon populations, and a cull was completed. Loon populations have suffered ever since, especially combined with cumulative anthropocentric impacts, such as lead poisoning. Fisheries did not change during or after the cull, though loons have.\nScientists have long bellowed that we should not stop natural progressions of biotic and abiotic change. These are important to facilitate future mitigation and adaptation to other environmental stressors, like pollution or warming or cooling. By further directing nature by shooting and killing, we are introducing more contaminates into the environment that pose an even greater risk to the environment. An open season on waterbirds through most of the open-water stage will introduce ammunition to the system. Heavy metals like lead, tungsten, zinc can enter solution and bioaccumulate, harming the entire ecosystem, target and non-target species alike. Ammunition shells and pellets will also accumulate and pose an environmental risk for animal species, pets, and humans alike. If there is open shooting on a lake, I for one am not risking my life for a walk along the shore. Clearly this is unacceptable.\nAn ecosystems approach must be undertaken rather than an economic, both words of which come from the same root- not so disconnected as it seems to be currently. It is lost on me why, in 2019, we are concerned about killing a native species to our region, while ignoring the invasive species we brought here that is realistically, measurably, and rapidly changing the environment and our resources in unnatural ways. Round gobies feed on native fish eggs, carp pollute water bodies, Phragmites are shrinking our wetlands. These three are clear examples of truer, unnatural threats to our native fisheries that will continue to diminish the resources, no matter how much we commit blood-lust on our native species. I am not in support of listing cormorants as game.\n"
    },
    "16692": {
        "url": "/comment/16692",
        "comment": "I strongly oppose this hunting season on the Cormorant. Mainly it sets unreasonable and inhumane limits (basically no limits), an unreasonably long hunting season, and will allow the random slaughter of wildlife that can be left to rot. I find it despicable that we as humans are always eliminating natural habitat and then blame the wildlife for encroaching on their territory.\nAs a volunteer for a wildlife rehab centre I try to do my part to counter all the negative impacts that our society has done to natural habitat of the wildlife.\nPlease do not allow this proposal to pass for the sake of wildlife!\n"
    },
    "16693": {
        "url": "/comment/16693",
        "comment": "this is absolutely disgusting. Murdering MORE innocent animals. Humans are the most vile beings on this earth because so many WANT & FIND PLEASURE in MURDERING INNOCENT ANIMALS. There is too much LEGAL murder done already & now you want to include more innocent souls? ONLY PSYCHOTIC PEOPLE HUNT & they are not safe to have in our society because hurting a human is not a far jump from   killing innocent animals!!\n"
    },
    "16694": {
        "url": "/comment/16694",
        "comment": "Wildlife Section\nPUBLIC INPUT COORDINATOR\nMinistry of Natural Resources and Forestry\nPolicy Division\nSpecies Conservation Policy Branch\n300 Water Street\nPeterborough Ontario K9J 8M5\nPhone: (705) 755-1940  Fax: (705) 755-2901\nEBR Registry Number:   013-4124\nThis submission from Animal Alliance of Canada, Animal Protection Party of Canada and Earthroots is in opposition to the proposed \u201ccormorant management plan\u201d as laid out in EBR Registry Number 013-4124.\nFor more than 14 years, environmental and animal protection groups including Animal Alliance of Canada, Born Free USA, Zoocheck and Earthroots have been present for all the culls conducted on High Bluff Island, Presqu\u2019ile Provincial Park and on Middle Island, Point Pelee National Park.  They have been working to gain protections for cormorants.\nCormorants have been accused of water pollution, environmental destruction and decimation of fish populations. All of these claims are false.\nDouble-crested Cormorants are native Ontario birds that have repopulated parts of their former range and fulfill a valuable ecological role. Not only do they benefit biodiversity, their presence signals healthy fish populations.  They are an integral component of Ontario\u2019s natural heritage.\nThe Minister of Natural Resources and Forestry\u2019s proposal under EBR Registry Number 013-4124 sets out one of the most regressive wildlife \u201cmanagement\u201d decisions in Canadian history.  The proposed changes are rooted in an irrational hatred for cormorants that will fuel their persecution and drive them back to the brink of extinction, or worse, in the province.\nThe Government\u2019s proposal would:\n\u2022\tcause unimaginable cruelty by allowing the wholesale, uncontrolled, impossible to monitor, slaughter of cormorants across the province,\n\u2022\tdevastate and very likely eradicate a recovered native wildlife species,\n\u2022\tresult in disturbance, destruction and death of numerous federally protected non-target bird species such as Great Blue Herons, Great Egrets and White Pelicans,\n\u2022\tirreparably damage natural ecosystems,\n\u2022\tencourage the worst form of \u201chunting,\u201d and\n\u2022\tendanger the public by allowing hunters to discharge firearms throughout the spring, summer and fall season when lakes and natural areas are populated by cottagers and tourists.\nOntario government has no recent data on cormorant populations:\nPersecution by humans and pesticide poisoning all but wiped out cormorants in Ontario on two previous occasions, the first through persecution and the second, pesticides.  Since the ban on DDT, their population has rebounded.  They are a recovery success.\nThe Government of Ontario says it is responding to concerns about too many cormorants, depleted fish stocks and environmental damage. But those concerns are anecdotal, complaints from a small, radical segment of the fishing community, and unsubstantiated claims that were debunked long ago.\nThe Ministry states, \u201cTo accompany the proposed hunting seasons, the Ministry will implement a cormorant monitoring program to assess population status and trends.\u201d\nHowever, the Minister has not conducted a Great Lakes cormorant survey since 2007 to 2009, 10 years prior to the current proposal. How can the Minister monitor population status and trends without knowing the current status of the Ontario cormorant population? This glaring lack of data is particularly troubling given that US surveys, conducted between 2005 and 2016 show a 36% decline in the population (F. Cuthbert and L. Wires, Unpublished Data, USFWS).\nThe Minister is proposing a full onslaught against cormorants in Ontario without knowing the status of the population and in the face of very troubling declines in cormorant numbers on the US side of the Great Lakes.\nOntario government has no data to support claims of depleted fish stocks\nThe reality is that cormorants are a natural part of Ontario\u2019s rich biodiversity and an ecologically beneficial species, being major predators of invasive fish species like round gobies and alewives, attracting other waterbirds to their nesting sites, and serving other important functions in the ecosystems they inhabit.\nFor instance, an eighteen year review to the Total Allowable Catch (TAC) for Lake Erie Yellow Perch and Walleye, discredits the claims that cormorants are depleting fish stocks.  The TAC for Yellow Perch in Lake Erie increased continuously between 2000 and 2006 (when cormorant populations were peaking) and remained at an average of 15.6 million pounds.  In the same period of time, there were two years, 2000 (7.7 million pounds) and 2006 (9.9 million pounds) where the TAC for Walleye was the highest over the 18 year period and averaged at 4.7 million pounds.\nDespite hosting the largest population of cormorants in North America, recreational fishing is alive and well at Tommy Thompson Park.  As the web site states:\n\u201cThere are many recreational fishing opportunities at Tommy Thompson Park (TTP). Aquatic habitat enhancements have improved conditions for coolwater fish in the Embayments, including successful Northern pike spawning channels. Habitat enhancements scheduled for Embayment D will improve warmwater fish habitat, as they have in the Cell One Wetland.\u201d (tommythompsonpark.ca/park-species/fish/#recreational-fish).\nThe species of fish caught at TTP includes Northern Pike, Largemouth Bass, Yellow Perch, Black Crappie, Freshwater Drum, Brown Bullhead, and Lake Trout.\nOntario government is putting cormorants at risk of extinction in Ontario\nCormorants occupy only about 3% of island sites in the Great Lake but because they are conspicuous, nesting on exposed islands and peninsulas, they are particularly vulnerable, being easily targeted and killed. Small congregations could be wiped out in just a few minutes or an hour, while larger colonies could be destroyed in just a few days or a week.  Years of effort and thousands of dollars to recover the species will have been for nothing.\nRadical cormorant-haters have already attacked colonies under cover of night, destroying nests, stomping on chicks and killing adults. Once the proposed changes to the law come into effect, people will feel as though they have free rein to destroy as many cormorants as they want. It wouldn\u2019t take many people very long to wipe out most cormorants in the province, leaving just a tiny remnant of their population in a few protected areas and driving them back to near extinction or even worse in Ontario is a real possibility.\nOntario is putting other colonial waterbirds at risk:\nOther colonial waterbirds including Great Blue Herons (GBH), Black-crowned Night Herons (BCNH), Great Egrets (GE) and others preferentially nest with cormorants.  Over a 10 year observation of the Middle Island waterbird colony, cormorants arrive first, followed by the herons and egrets.\nThey nest in close proximity to each other, increasing the risk of injury and death of non-target birds.  In addition, nest abandonment for both cormorants and non-target birds is also a very real possibility causing suffering and death of the chicks and additional mortality to the 50 cormorants/hunter/day.\nThe question then becomes, what will the Ontario government do to ensure that federally protected birds that co-nest with cormorants do not become victims of the hunt?\nOntario government is ignoring successful non-lethal management of cormorants at Tommy Thompson Park:\nThe Toronto and Region Conservation Authority\u2019s report titled, \u201cMANAGEMENT OF DOUBLE-CRESTED CORMORANTS AT TOMMY THOMPSON PARK 2016 SUMMARY REPORT Restoration & Infrastructure February 2017 describes the area as follows:\n\u201cThe site was designated as an Important Bird Area (IBA) in 2000 due to the globally significant numbers of colonial waterbirds under the general congregatory threshold, and nationally significant numbers of waterfowl during spring and fall migration as well as during winter depending on ice conditions (Wilson & Cheskey, 2001). Six species of colonial waterbirds breed regularly at Tommy Thompson Park (Figure 2). Three species are predominately tree-nesters, Double-crested Cormorant (Phalacrocorax auritus), Black-crowned Night-Heron (Nycticorax nycticorax) and Great Egret (Ardea alba); and three species are ground-nesters, Ring-billed Gull (Larus delawarensis), Herring Gull (Larus argentatus) and Common Tern (Sterna hirundo). Although there was no nesting from 2004 to 2011, Caspian Terns (Hydroprogne caspia) have been nesting on the ground at TTP since 2012.\u201d (tommythompsonpark.ca/app/uploads/2018/03/TTPDCCO-Management-Report-2016.pdf)\nThe intent of the management strategy was to manage the TTP cormorant colony in the least invasive, non-lethal manner.  The techniques include inactive nest removal, enhanced ground-nesting, pre-nesting and active deterrents, active nest removal, and post breeding deterrents. The strategy has been spectacularly successful.\nOne of the key management objectives was to limit tree loss throughout the park, a difficult goal given the yearly increase in the cormorant population.  However, the TRCA made a commitment to try to encourage the cormorants to nest on the ground.  In that regard, the management objective was achieved.  By 2016, 76% of the cormorants were nesting on the ground thereby reducing impact on the tree canopy.\nIn addition, the TRCA has taken the opportunity to increase public awareness and appreciation for waterbird colonies and for cormorants in particular.\nConclusions:\nWe strongly urge you to:\n1.\twithdraw this proposal; and\n2.\tconduct an Ontario wide cormorant nest survey given that Ontario has not conducted a survey since 2009 and given that the US cormorant nest count which shows a 36% decline in the number of nests between 2005 and 2016.\nLiz White,    Director, Animal Alliance,\nAmber Ellis, Executive Director, Earthroots\n"
    },
    "16695": {
        "url": "/comment/16695",
        "comment": "Blaming these birds for water pollution is another way to pass blame, owning up to own mistakes doesn't make money, but hunting does and everyone knows that. I can't understand why people feel so entitled to kill these birds for the problems humans cause. So what your gonna go out and kill all these birds, but still pump agricultural and industrial run off into the river, the problem never goes away.  Who are you gonna blame next? You can't blame the environment for environmental issues.\n"
    },
    "16696": {
        "url": "/comment/16696",
        "comment": "Re: ERO 013-4124: Proposal to establish a hunting season for Double-crested Cormorants in Ontario\nNature Canada strongly opposes the proposed regulatory changes, which would permit the slaughter of Double-crested Cormorants in Ontario. As an organization that prides itself on acting on behalf of wildlife through science-based research and collaboration, with almost a century of experience, we believe that the changes proposed by the Ministry of Natural Resources and Forestry (MNRF) are misguided and dangerous to both wildlife and the public. There is no scientific justification for the proposed extreme measures. The establishment of a hunting season for Double-crested Cormorants will undoubtedly cause substantial harm to a wildlife species that is native to Ontario, may cause disruptions and adverse effects in ecosystems and other wildlife species, and lacks the proper research and scientific justification to implement.\nAs one of Canada\u2019s oldest national nature conservation charities, Nature Canada\u2019s mission is to protect and conserve wildlife and habitats in Canada by engaging people and advocating on behalf of nature. Since the founding of Nature Canada in 1939, we have been connecting Canadians to nature by instilling appreciation and respect for nature, at the same time encouraging Canadians to act in nature\u2019s defense. Since then, we have grown to become a national organization with over 90,000 members and supporters, with a network of more than 750 naturalist organizations all throughout Canada. Nature Canada has helped to protect over 255,000 km2 of parks and wildlife areas in Canada alone, along with the countless species of wildlife that depend on those environments for their habitat.\nThe Double-crested Cormorant is a native Ontario species, which has been a remarkable success story after the decimation of their populations in 1950\u2019s-1970\u2019s from exposure to toxic contaminants such as DDT and PCBs in their diet of forage fish.  As was the case with other fish-eating species such as Bald Eagle and White Pelican, exposure to these chemicals cause many adverse impacts on their health, including the thinning of eggshells by almost 30%. However, since government ban on DDT and PCBs in the early to mid-1970s, the population of Double-crested Cormorants rebounded and recovered rapidly. Along with the decrease in toxic chemicals, there were other factors as well that may have helped them recover, including a dramatic increase in prey fish such as Alewives in the Great Lakes. MNRF indicates that Cormorant populations are now stable or even declining, suggesting that this proposal to dramatically reduce the species\u2019 population is unwarranted.\nNature Canada is strongly against the proposed hunting regulations for Double-crested Cormorants for the following reasons: lack of scientific justification for the need for the hunting season; potential negative impacts on Double-crested Cormorants and other wildlife species; inhumane treatment of native wildlife, and danger to human life. Following is a brief description of the major points that Nature Canada has against the proposal:\n1.\tLack of scientific research in justifying the need for the hunting season\n\u2022\t In the proposal, the MNRF fails to justify the need for the hunting season with sound scientific\nresearch, as is the norm when implementing such new regulatory changes.\n\u2022\tNot only are there no data on current population levels (births, mortality, breeding pairs) provided in the proposal, the MNRF actually suggests that populations of the Double-crested Cormorants are stable or declining, suggesting that the hunt is unnecessary.\n\u2022\tThere is no scientific evidence indicating that Double-crested Cormorants are responsible for the decrease in commercial fish populations. The MNRF suggests that this proposal is being implemented as a response to concerns expressed by groups (e.g., commercial fishing industry, property owners) who believe that the Cormorants are competitors to sports fish and are detrimental to fish populations. However, a report by Canadian Wildlife Service indicates that Cormorants actually only consume about 0.5% of prey fish while sports fish consume approximately 13.4%.  We believe that, if the issue is controlling predator species that negatively affect commercial fishing, OMNRF has the wrong villain.  Their own introduced Salmon species are a much bigger problem.\n\u2022\tThere are no objectives or goals outlined by the MNRF when it comes to the population numbers of the Double-crested Cormorants.\n2.\tImpacts on Double-crested Cormorants and other wildlife species\n\u2022\tCurrently, the MNRF is proposing a bag limit of 50 Double-crested Cormorants per day per hunter with no limits on possession, over a period of nine and a half months (291 days). This could mean that one individual hunter alone could potentially shoot and kill up to 14,550 cormorants a year, every year. This extremely unsustainable policy could lead to local/regional extinctions of Double-crested Cormorants.\n\u2022\tThe proposal allows for hunting at breeding colonies. This could have unseen impacts on the mortality of other colonial water bird species such as Black-crowned Night Heron, Great Blue Heron, Great Egret, Ring-billed Gull, Common Tern and other species that often nest in or around Double-crested Cormorants colonies. While hunting on breeding colonies, hunters are likely to also disturb other wildlife species as well, as not only colonial water birds nest near cormorant colonies.\n\u2022\tEven though the MNRF states that they will ban toxic shot, there is no way to ensure that all hunters will abide by this law. Hunting from a motorboat (allowed in the proposal) can increase the level of toxic chemicals in lakes and rivers as well.\n3.\tInhumane treatment of native wildlife\n\u2022\tIn the proposal, MNRF is suggesting to amend the current Fish & Wildlife Conservation Act to allow hunters to let their hunted cormorant meat to spoil. This is not the norm when it comes to hunted game, as it is currently illegal for hunters to let hunted carcasses spoil. This suggests that this proposal is not intended for sport hunting, but instead is a badly disguised excuse for large-scale slaughter of the native Double-crested Cormorants.\n\u2022\tOnce the meat is spoiled and disposed of by the hunters, it would be virtually impossible to track how many cormorants have been hunted in one given season, thus negating the impact and usefulness of the monitoring program proposed by the MNRF.\n\u2022\tMNRF is also allowing Double-crested Cormorants to be hunted during their breeding season. Undoubtedly, some of the individual birds that will be hunted may have young chicks already. This will lead to the death of young chicks by starvation if their parents are hunted, as well as increased problems with the management of the cormorant populations.\n4.  Danger to humans\n\u2022\tCormorant colonies are often located not far from human settlements and areas where humans are active.  Such areas include Tommy Thompson Park in Toronto, Presqu\u2019ile Provincial Park near Brighton, the Point Pelee National Park vicinity, Chantry Island near Southampton, and along the Ottawa River. These areas attract people pursuing a range of other recreational activities in all seasons, but particularly in summer. It seems extremely dangerous and misguided for the MNRF to permit hunting of Cormorants in places where potentially significant numbers of people are present, and thus at risk.\n\u2022\tThe large scale of the hunt and the allowance to discard carcasses and let meat spoil renders the hunt unenforceable by Conservation officers, while also creating a public health risk to humans.\nFor the reasons identified above, Nature Canada opposes the regulatory changes allowing the slaughter of the Double-crested Cormorant, and therefore urges the Ministry of Natural Resources and Forestry to abandon the proposal.\nTed Cheskey\nNaturalist Director\nNature Canada\n"
    },
    "16697": {
        "url": "/comment/16697",
        "comment": "Hi, there, I\u2019m concerned by the size of the cull. 50 birds a days per person for several months each year seems un-necessarily high. There isn\u2019t anything in the bill, or information I can find as context for the bill, that explains why the numbers are so high.  I understand balancing the needs of landowners, coattgers, and fishing companies, but I\u2019m concerned this is going much too far. I\u2019m concerned it is creating imbalance, that there will be unintended consequences in the food chain of going too far.  Thank you for considering public feedback. With good wishes.\n"
    },
    "16698": {
        "url": "/comment/16698",
        "comment": "I have serious concerns about the way this bill is set up. I have no love for Cormorants but there are better, more effective ways of control (oiling eggs for three consecutive seasons for one) than giving hunters a virtual dawn to dusk hunt, over open water from open motor vessels, with shotguns and a very questionable 50 daily bag limit WITH NO REQUIREMENT TO TAKE THE CARCASS for sanitary disposal. These are water birds, they eat in the water they hunt their prey in the water and they nest by the water. The water I am associated with most is the Rideau system and from ice out to ice in, there are non hunters travelling on the lakes and canal portions in boats. many with families, what will be the Provincial response when some of the pellets from a hunter strike the boats, or worse, the occupants? You do not have enough wardens now to do normal enforcement work, where are the extra wardens to police this shooting gallery that the Province now legitimizes and makes itself liable for the actions of the hunter's. I will be, I promise, one of the witnesses to any subsequent action against both the offending hunter (if he or she can even be found) and the Province for setting up and sanctioning this dangerous application of firearms to cull a bird population. The Province is assuming a liability contrary to the safety of the public.\nOn the Rideau System, 2018 marked the first year for the leBoat rentals and it promises to be a lucrative economy boost with European tourists. What happens when a visitor reports taking cover in the boat as shot gun pellets strike the boat and, hopefully fail to penetrate the hull to strike adults and children?  Imagine the court case on that one, the Province complicit with dangerous pursuits. Even worse, the Province had other safer alternatives but chose 50 daily bag limits, no requirement to clean up the carcasses. Strong odds on hunters hitting Osprey and small Eagles or Hawks. A Loon with its neck stretched (as they like to do), looks like a cormorant!\nEverything about this suggests a script written by the Ont. Federation of Anglers and Hunters and copied without change or safety concerns, by the Ministry into a Bill for the legislature. Are you really that desperate that you will circumvent basic hunter safety and prevention of injury, or death, to other waterway users?  This is a new low in pandering to a small percentage of the voters for a questionable gain. The OFAH will not stand by you, the Province will wear to dirt from this decision.\n"
    },
    "16701": {
        "url": "/comment/16701",
        "comment": "This speacies has gone through to much on its own and has just now sprung its self back from the break of exctinction. Now that its risen up we want to put it back down? This is not right! It has obvisosly gone through to much and to now allow the hunting of it should not be allowed. I aplore you, do not allow this. Humans are the top preditore of the world. We have already destroyed so much, do not allow the destruction of anouther animal.\n"
    },
    "16702": {
        "url": "/comment/16702",
        "comment": "I believe that any hunting season for the double crested Cormorant should not be during the breeding season.  This breeding season is shared with other birds and will also be reducing their numbers as they may abandon their nests and leave their young of a different species to also die.\n If there must be a hunting season on cormorants then it should fall within the fall waterfowl season.\n"
    },
    "16703": {
        "url": "/comment/16703",
        "comment": "Allowing open hunting will be detrimental to the environment and the society. If birds with young are shot, the young will either a) die or b) be sent to wildlife rehab centres which will require more manpower and money to take care of.  Mass hunting will cause extinction of a species as well as subsequent changes to the environments they live in (perhaps an increase in the fish they consume, which will cause a decrease in the vegetation. This is a continual effect which affects everything in the environment around them.)\n"
    },
    "16704": {
        "url": "/comment/16704",
        "comment": "Wildlife Section\nPUBLIC INPUT COORDINATOR\nMinistry of Natural Resources and Forestry\nPolicy Division\nSpecies Conservation Policy Branch\n300 Water Street\nPeterborough Ontario K9J 8M5\nPhone: (705) 755-1940  Fax: (705) 755-2901\nEBR Registry Number:   013-4124\nThis submission from Animal Alliance of Canada, Animal Protection Party of Canada and Earthroots is in opposition to the proposed \u201ccormorant management plan\u201d as laid out in EBR Registry Number 013-4124.\nFor more than 14 years, environmental and animal protection groups including Animal Alliance of Canada, Born Free USA, Zoocheck and Earthroots have been present for all the culls conducted on High Bluff Island, Presqu\u2019ile Provincial Park and on Middle Island, Point Pelee National Park.  They have been working to gain protections for cormorants.\nCormorants have been accused of water pollution, environmental destruction and decimation of fish populations. All of these claims are false.\nDouble-crested Cormorants are native Ontario birds that have repopulated parts of their former range and fulfill a valuable ecological role. Not only do they benefit biodiversity, their presence signals healthy fish populations.  They are an integral component of Ontario\u2019s natural heritage.\nThe Minister of Natural Resources and Forestry\u2019s proposal under EBR Registry Number 013-4124 sets out one of the most regressive wildlife \u201cmanagement\u201d decisions in Canadian history.  The proposed changes are rooted in an irrational hatred for cormorants that will fuel their persecution and drive them back to the brink of extinction, or worse, in the province.\nThe Government\u2019s proposal would:\n\u2022\tcause unimaginable cruelty by allowing the wholesale, uncontrolled, impossible to monitor, slaughter of cormorants across the province,\n\u2022\tdevastate and very likely eradicate a recovered native wildlife species,\n\u2022\tresult in disturbance, destruction and death of numerous federally protected non-target bird species such as Great Blue Herons, Great Egrets and White Pelicans,\n\u2022\tirreparably damage natural ecosystems,\n\u2022\tencourage the worst form of \u201chunting,\u201d and\n\u2022\tendanger the public by allowing hunters to discharge firearms throughout the spring, summer and fall season when lakes and natural areas are populated by cottagers and tourists.\nOntario government has no recent data on cormorant populations:\nPersecution by humans and pesticide poisoning all but wiped out cormorants in Ontario on two previous occasions, the first through persecution and the second, pesticides.  Since the ban on DDT, their population has rebounded.  They are a recovery success.\nThe Government of Ontario says it is responding to concerns about too many cormorants, depleted fish stocks and environmental damage. But those concerns are anecdotal, complaints from a small, radical segment of the fishing community, and unsubstantiated claims that were debunked long ago.\nThe Ministry states, \u201cTo accompany the proposed hunting seasons, the Ministry will implement a cormorant monitoring program to assess population status and trends.\u201d\nHowever, the Minister has not conducted a Great Lakes cormorant survey since 2007 to 2009, 10 years prior to the current proposal. How can the Minister monitor population status and trends without knowing the current status of the Ontario cormorant population? This glaring lack of data is particularly troubling given that US surveys, conducted between 2005 and 2016 show a 36% decline in the population (F. Cuthbert and L. Wires, Unpublished Data, USFWS).\nThe Minister is proposing a full onslaught against cormorants in Ontario without knowing the status of the population and in the face of very troubling declines in cormorant numbers on the US side of the Great Lakes.\nOntario government has no data to support claims of depleted fish stocks\nThe reality is that cormorants are a natural part of Ontario\u2019s rich biodiversity and an ecologically beneficial species, being major predators of invasive fish species like round gobies and alewives, attracting other waterbirds to their nesting sites, and serving other important functions in the ecosystems they inhabit.\nFor instance, an eighteen year review to the Total Allowable Catch (TAC) for Lake Erie Yellow Perch and Walleye, discredits the claims that cormorants are depleting fish stocks.  The TAC for Yellow Perch in Lake Erie increased continuously between 2000 and 2006 (when cormorant populations were peaking) and remained at an average of 15.6 million pounds.  In the same period of time, there were two years, 2000 (7.7 million pounds) and 2006 (9.9 million pounds) where the TAC for Walleye was the highest over the 18 year period and averaged at 4.7 million pounds.\nDespite hosting the largest population of cormorants in North America, recreational fishing is alive and well at Tommy Thompson Park.  As the web site states:\n\u201cThere are many recreational fishing opportunities at Tommy Thompson Park (TTP). Aquatic habitat enhancements have improved conditions for coolwater fish in the Embayments, including successful Northern pike spawning channels. Habitat enhancements scheduled for Embayment D will improve warmwater fish habitat, as they have in the Cell One Wetland.\u201d (tommythompsonpark.ca/park-species/fish/#recreational-fish).\nThe species of fish caught at TTP includes Northern Pike, Largemouth Bass, Yellow Perch, Black Crappie, Freshwater Drum, Brown Bullhead, and Lake Trout.\nOntario government is putting cormorants at risk of extinction in Ontario\nCormorants occupy only about 3% of island sites in the Great Lake but because they are conspicuous, nesting on exposed islands and peninsulas, they are particularly vulnerable, being easily targeted and killed. Small congregations could be wiped out in just a few minutes or an hour, while larger colonies could be destroyed in just a few days or a week.  Years of effort and thousands of dollars to recover the species will have been for nothing.\nRadical cormorant-haters have already attacked colonies under cover of night, destroying nests, stomping on chicks and killing adults. Once the proposed changes to the law come into effect, people will feel as though they have free rein to destroy as many cormorants as they want. It wouldn\u2019t take many people very long to wipe out most cormorants in the province, leaving just a tiny remnant of their population in a few protected areas and driving them back to near extinction or even worse in Ontario is a real possibility.\nOntario is putting other colonial waterbirds at risk:\nOther colonial waterbirds including Great Blue Herons (GBH), Black-crowned Night Herons (BCNH), Great Egrets (GE) and others preferentially nest with cormorants.  Over a 10 year observation of the Middle Island waterbird colony, cormorants arrive first, followed by the herons and egrets.\nThey nest in close proximity to each other, increasing the risk of injury and death of non-target birds.  In addition, nest abandonment for both cormorants and non-target birds is also a very real possibility causing suffering and death of the chicks and additional mortality to the 50 cormorants/hunter/day.\nThe question then becomes, what will the Ontario government do to ensure that federally protected birds that co-nest with cormorants do not become victims of the hunt?\nOntario government is ignoring successful non-lethal management of cormorants at Tommy Thompson Park:\nThe Toronto and Region Conservation Authority\u2019s report titled, \u201cMANAGEMENT OF DOUBLE-CRESTED CORMORANTS AT TOMMY THOMPSON PARK 2016 SUMMARY REPORT Restoration & Infrastructure February 2017 describes the area as follows:\n\u201cThe site was designated as an Important Bird Area (IBA) in 2000 due to the globally significant numbers of colonial waterbirds under the general congregatory threshold, and nationally significant numbers of waterfowl during spring and fall migration as well as during winter depending on ice conditions (Wilson & Cheskey, 2001). Six species of colonial waterbirds breed regularly at Tommy Thompson Park (Figure 2). Three species are predominately tree-nesters, Double-crested Cormorant (Phalacrocorax auritus), Black-crowned Night-Heron (Nycticorax nycticorax) and Great Egret (Ardea alba); and three species are ground-nesters, Ring-billed Gull (Larus delawarensis), Herring Gull (Larus argentatus) and Common Tern (Sterna hirundo). Although there was no nesting from 2004 to 2011, Caspian Terns (Hydroprogne caspia) have been nesting on the ground at TTP since 2012.\u201d (tommythompsonpark.ca/app/uploads/2018/03/TTPDCCO-Management-Report-2016.pdf)\nThe intent of the management strategy was to manage the TTP cormorant colony in the least invasive, non-lethal manner.  The techniques include inactive nest removal, enhanced ground-nesting, pre-nesting and active deterrents, active nest removal, and post breeding deterrents. The strategy has been spectacularly successful.\nOne of the key management objectives was to limit tree loss throughout the park, a difficult goal given the yearly increase in the cormorant population.  However, the TRCA made a commitment to try to encourage the cormorants to nest on the ground.  In that regard, the management objective was achieved.  By 2016, 76% of the cormorants were nesting on the ground thereby reducing impact on the tree canopy.\nIn addition, the TRCA has taken the opportunity to increase public awareness and appreciation for waterbird colonies and for cormorants in particular.\nConclusions:\nWe strongly urge you to:\n1.\twithdraw this proposal; and\n2.\tconduct an Ontario wide cormorant nest survey given that Ontario has not conducted a survey since 2009 and given that the US cormorant nest count which shows a 36% decline in the number of nests between 2005 and 2016.\n"
    },
    "16705": {
        "url": "/comment/16705",
        "comment": "Muskoka Conservancy is an organization that values application of the best available conservation science.\nOur organization is aware of concerns that cormorants have been detrimental to fish populations, island habitats, and aesthetics, as it is a regular topic of conversation among Muskoka cottagers and property owners.\nThe chief concern shared with Muskoka Conservancy is that cormorant populations are negatively impacting Common loon populations.\nBefore any decision is made on population control/cull of cormorants, Muskoka Conservancy would be interested in scientific studies into the population dynamic between cormorant and Common loon on Muskoka lakes, as part of an overall scientific analysis of cormorant population on the inland lakes component of the Great Lakes population.\n"
    },
    "16706": {
        "url": "/comment/16706",
        "comment": "Reasons Why I Am Opposed to the Cormorant Hunting Proposal\nWith a hunting season extending from 15 March to 31 December, the bill would allow hunting precisely during the regular breeding season of cormorants, approximately April - July. This would include the time when cormorants have young in the nest and when those young are totally dependent upon constant care from their parents. The young of adult cormorants, who would be shot, would die from exposure and/or starvation. No other \"game\" bird is hunted during its breeding season or on its breeding colonies or while tending its nests.\nCormorants seldom nest alone, by themselves, in single species colonies. In Ontario, they almost always nest with one or more of the following groups of colonial water birds: gulls, terns herons, egrets and pelicans. These species are protected by federal migratory bird legislation or provincial legislation.\nDischarging shotguns at or near cormorant nesting colonies, including shooting at flying birds and shooting adults on their nests \u2013 both in trees and on the ground, would be an enormous disturbance to all of these co-habiting species. It is almost a certainty that these protected species will be accidentally killed or will abandon their nests due to disturbance or associate incidental predation and consequently their young would also die. Thus, shooting cormorants on their nesting colony and causing disturbance (or injury or death) to other nearby or interspersed nesting colonial water birds (which would be inevitable) would be a violation of the Migratory Bird Convention Act. This would put provincially licensed cormorant hunters at risk of legal prosecution on violation of federal migratory bird statutes.\nIf management is deemed necessary to restrict colony expansion at specific sites and limit further damage to trees, less intrusive/non-intrusive methods have proven extremely effective and do not harm protected species nesting in, or adjacent to colonies.\nMethods which do not require killing hatched birds include: human presence during nest site selection and post-breeding dispersal, egg oiling, provision of ground nesting materials and destroying nests prior to egg-laying. Egg oiling is a very effective means to limit cormorant productivity and has already been used to great success on some ground-nesting cormorant colonies on the Great Lakes.\nThe proposed daily bag limit of 50 birds with no possession limit is essentially unenforceable. At the end of a full week, a determined hunter could legally shoot 350 cormorants. What is less certain is how many would be retrieved due to the location of hunting (some might fall into crotches of tree or tangled vegetation) or because of their weight, or because of shooting on open water (some might be lost underwater, etc.). Unretrieved birds would jeopardize a hunter's claim to have stayed within the daily limit, if confronted by a conservation officer requiring proof.\nIn conclusion, I urge the Ontario Government to withdraw the proposal. If a cormorant management strategy is required, it should be founded on strong science and should not impact protected species. Apart from any other consideration, the danger to others, who also use the waterways, should be of foremost concern.\n"
    },
    "16707": {
        "url": "/comment/16707",
        "comment": "I am opposed to hunting cormorants.  These are a native bird, that has only just recovered from near extinction.  It is not an edible game bird, and hunters will only see this as a target practice.\nAllowing one hunter to shoot 50 birds is a ridiculous limit.  These are communal birds and found in large groups, so a shotgun blast would kill many birds. This would not be a sport but a massacre.\nFurther, I don't believe all hunters will be scrupulous about removing and disposing of the carcasses safely, as there is no benefit to be gained from this extra effort.\nThe research I have done does not support the idea that these birds are competing with fishermen for game fish.  \"Cormorants feed opportunistically on fishes that are readily available and often congregate where these fishes are easily caught. In natural environments, fish species of direct interest to recreational or commercial fishermen typically do not make up a large part of the cormorants' diet (see Diet section and Appendix 1)\"  https://birdsna.org/Species-Account/bna/species/doccor/introduction\nI also believe that releasing this proposal for comment over the Christmas holiday season is an abuse of fair process.\n"
    },
    "16708": {
        "url": "/comment/16708",
        "comment": "IFAW, with approximately 22,000 Ontario supporters, thanks you for the opportunity to comment on the proposed hunting of the Double-crested cormorant (Phalacrocorax auritus) in Ontario, EBR 013-4124.\nFounded in Canada in 1969, IFAW is a global non\u2010profit organization that protects animals and the places they call home. We believe that individual animals matter to species conservation, and our work seeks to link the value of individual animals to the health of the population and ecosystem at large.  IFAW believes that in order to be effective, conservation efforts must include, and have the support of, local communities.\nWe also believe that wildlife management should be based on the best available science. Where lethal management of wild animals is being considered, it should be justified by scientific evidence and conducted with rigorous monitoring and evaluation to ensure the desired objectives are being achieved.\nThe proposal to establish a hunting season for double-crested cormorants (DCCO) in Ontario is concerning for a number of reasons.  This proposal appears to be a cull: a targeted reduction in the cormorant population in response to \u201cconcerns expressed that cormorants have been detrimental to fish populations, island forest habitats, other species, and aesthetics.\u201d Where culls of wild animals are being considered, they should be justified by science. A cull of DCCO is not supported by any available scientific evidence.\nSecond, the proposal appears to be an attempt to disguise an unscientific cull as a legitimate hunting activity. The proposed changes to classify the DCCO as a game bird and to then amend the Fish and Wildlife Conservation Act to allow game meat to spoil undermine the very basis of ethical hunting principles and the North American model of wildlife conservation . As such, the proposed changes will almost certainly have negative impacts on the public perception of hunters in Ontario.\nThird, the proposed bag limits are excessive by any calculations and, if achieved, would vastly exceed the estimated population size of DCCO in the entire world. The calculations and scientific basis for these limits should be made transparent so that Ontarians can be assured that they have been thoughtfully developed and will not affect sustainability, as the proposal claims.\nWe elaborate on our concerns below:\n1.\tLack of scientific basis for a cull of double crested cormorants.\nThe double crested cormorant is a native species to Ontario and the Great Lakes, whose population has only recently recovered from declines caused by DDT between 1950-1970.  Despite this increase, there is no indication that DCCO have exceeded historical population size or their carrying capacity. The EBR proposal states that the latest information suggests the population has stabilized or declined slightly. There is nothing to suggest the species is \u201coverabundant\u201d in a historical or scientific sense.\nConcerns that DCCO are negatively impacting fish stocks are not supported by science. According to the Canadian Wildlife Federation, fish species targeted by anglers such as trout and salmon comprise less than 2% of DCCO diet.  Nor does there appear to be competition between fishermen and cormorants for the prey of commercially important species, with cormorants consuming only 0.5% of critical  prey fish compared to 13% taken by sport fishermen. There is no indication that the fish consumed by cormorants has a negative impact on what is available to commercial and recreational fishers. It has also been noted that cormorants consume much greater quantities of invasive species such as the alewife and round goby.\nLethal management of piscivorous birds does not address root causes of fish stock fluctuation or decline, and is out of step with modern wildlife management and conservation practices.  Nonlethal mitigation methods should be attempted first, and lethal control of wildlife, when adopted, should be justified scientifically and instituted by trained wildlife professionals.\nThere is also no evidence to suggest that cormorants are threatening island forest habitats, nor having detrimental consequences for any other waterbird species.\nThere is no evidence that DCCO are \u201coverabundant\u201d or a threat to ecological integrity or biodiversity.  According to the proposal, the DCCO population has stabilized on its own and may already be at a point of zero population growth and population decline.  This necessitates further examination of  any proposal to cull, as lethal removals may, in fact, put the DCCO population into a state of more rapid growth, and will completely fail to address the concerns it intends to address.\n2.\tCulls should not be disguised as hunting.  The government of Ontario must be transparent and acknowledge the lack of scientific basis for any proposed cull of wildlife.  Culls based on subjective criteria such as \u201caesthetics\u201d, or political convenience, have no place in modern, science-based wildlife management.  Such culls should also not be disguised as legitimate hunting activity, as this is misleading and further confuses the public.\nListing a wholly inedible, migratory species as a \u201cgame bird\u201d in attempt to disguise an unscientific cull as a hunting activity is dishonest and misleading. To then change the Fish and Wildlife Conservation Act to permit the spoilage and waste of the killed \u201cgame\u201d is alarming from a conservation perspective, and does a great disservice to the ethical hunting community in Ontario. Ethical hunting aims to achieve full utilization of any animals killed. Allowing game meat to spoil is in direct contravention of the core principles of ethical hunting and the North American Model of Wildlife Conservation. Further, the prospect of piles of dead cormorants left to rot will have impacts on other wildlife species, not to mention highly negative social consequences and impacts on \u201caesthetics\u201d.\nConflating a politically motivated cull of wildlife with traditional hunting as for food and sustenance will confuse the general public and will likely generate unnecessary antipathy and anger towards hunting in general.\n3.\tThe proposed bag limits and other measures are arbitrary and unacceptable\nThe proposed bag limit of 50 cormorants per day demands additional scrutiny. If only 1% of Ontario hunters killed only 50 cormorants over the entire season, this would result in over 350,000 cormorants killed \u2013 more than the entire Great Lakes population. If the bag limit of 50 birds per day were actually achieved, over 8 million birds \u2013 at the most conservative estimate-would be killed. This is four times the estimated global population.\nDespite this incredible calculation, the proposal goes on to state that \u201canticipated levels of harvest aren\u2019t expected to affect sustainability\u201d. Clearly the proposed bag limit requires review and modification.\nAllowing an open hunting season from March to December across the entire breeding season of the species could be particularly detrimental and result in far more birds dying than those killed by hunters. Hunting permitted at nesting colonies could lead to disturbance and nest abandonment, resulting in chicks dying from starvation or exposure. Such a proposal is unacceptably inhumane.\nConclusion:\nThe proposal to establish a hunting season for double-crested cormorant in Ontario appears to be a scientifically unjustified cull intended to address concerns about perceived competition for fish and subjective concerns such as aesthetics.  This proposal is being portrayed as a \u201chunt\u201d, but the proposed amendment to the Fish and Wildlife Conservation Act  allowing meat to be wasted destroys one of the core tenets of wildlife conservation and ethical hunting.  And while little scientific information is provided in the proposal, the incredulity of the suggested bag limits make it clear that more research on DCCO and the ecological impacts of this proposal must be conducted before proceeding with any further management action.\nDouble-crested cormorants are an important component of a healthy and functioning Great Lakes ecosystem.  We appreciate that the government of Ontario must consider conflicting values for wildlife held by voters in this province,  but lethal removal in response to ecologically unfounded complaints of perceived competition, or worse- \u201caesthetics\u201d - is an archaic policy response that has no place in modern wildlife management.  Thank you.\n"
    }
}