{
    "15347": {
        "url": "/comment/15347",
        "comment": "I oppose this monstrous legislation!\n"
    },
    "15354": {
        "url": "/comment/15354",
        "comment": "I am strongly in favour of this proposal to open a hunting season for cormorants in Ontario.\nI am a fisherman and cottager in the Kawartha area and have seen cormorant populations explode in recent years.  They destroy the trees on islands on which they gather. Also I fear they will negatively effect fish populations especially in certain  sensitive nutrient poor shield lakes.\nThankyou.\n"
    },
    "15357": {
        "url": "/comment/15357",
        "comment": "Please reconsider your proposed law allowing the slaying of a native species, the Double-Crested Cormorants.  This plan could wipe them out, along with other related species.  I have seen the damage these birds have done in certain areas of high colony numbers, but controlling numbers and allowing this law to go through are night and day.  I do not know the solution, but believe this route is wrong.  Please listen to naturalists and scientists and withdraw what you have established as a hunting season on Double-Crested Cormorants in Ontario.  I am a resident of and have lived in Ontario my whole life and try to see the big picture.  They are not my favourite bird and I can see and understand those that support you, but when I step back to see the results of your proposal, it is a wipe out and destruction of a species, like the Passenger Pigeon.  We, as people, are better than that. Do not repeat history or it will become your legacy.  It is not too late for you to re-evaluate and stop this proposal; please and thank you!\n"
    },
    "15359": {
        "url": "/comment/15359",
        "comment": "I am commenting on the Double-Crested Cormorant Hunt. I agree with using hunters by the shooting of the Double-Crested Cormorant to assist in the control of the overabundant Cormorant.\nI live on a small Lake that there are three or more families of the Common Loon. The Cormorant have just landed in this lake and now are competing for the same food. I have worked and helped to rehabilitate Walleye spawning beds and other fish habitat rehab work and now see the Cormorant  hunting the fish that live a use these areas.\nI have seen and continue to see the damage on islands and points in the lakes and rivers that are devastated by the Cormorant. I am not sure if you would call this a hunting season because a hunting season is a season you can hunt for fur or food, these birds are not food for people to eat. I think I would call it a hunt with guns to help assist in the control of the overabundant Cormorant. I would suggest to shoot these birds in the spring before they have hatched any young and in the fall when heading south. I am glad that finally you have recognized that the Cormorant is out of control and hunters can be used to help control the overpopulation.\n"
    },
    "15364": {
        "url": "/comment/15364",
        "comment": "My wife and I do not support a cormorant hunt in the Province of Ontario. If cormorants are a problem in a specific location, it would be acceptable to have a controlled hunt for that area; as is done for deer populations along Lake Erie.  Let the ecology of the relationship between cormorants and their predators (Bald Eagles) control their population otherwise.\n"
    },
    "15366": {
        "url": "/comment/15366",
        "comment": "I support the controlled culling of cormorants ;   they pose a danger to both marine and air traffic in the kingston area.     A significant population of cormorants live (<1km) in the flight path of approaching air traffic.  Marine traffic is also affected;   thousands of cormorants rafted in the navigational channel disrupts and poses a risk to fast moving marine traffic\n"
    },
    "15367": {
        "url": "/comment/15367",
        "comment": "Please abandon any pretense that hunting isn\u2019t cruel and wasteful. \u201cHunting\u201d has to be redefined, literally, with the Fish and Wildlife Conservation Act being amended so hunters can allow the meat of \u201cgame\u201d to spoil. The birds are easily shot and highly vulnerable. There is no \u201cfair chase\u201d or \u201csustainable use\u201d involved.\nCormorants nest in colonies of mixed bird species. Both parents need to tend the young, born naked. Would it not be deemed cruel to put a baby bird in the oven, turn the temperature to 90 or more Fahrenheit and leave it to die? That degree of abuse will be the fate of who knows how many hundreds, or thousands of baby cormorants, whose parents tend them with such great care \u2013 feeding them, shading them, warming them, and even bringing them water to cool them in the heat of the day.\nPlease oppose the proposal to establish a hunting season for double-crested cormorants in Ontario!\nThank you\n"
    },
    "15369": {
        "url": "/comment/15369",
        "comment": "On the proposed hunting of the double crested cormorant...the numbers you propose that hunters can kill during the year  50 per hunter.  Thats just slaughter. 100 hunters would kill 5000 birds If and I do mean IF this is necessary then reduce to limit of 10 and they have to have tags.  Anytime MAN or the govt interferes with nature its a disaster. Deer damage properties and cause accidents and the govt does not propose out and out slaughter....what about TURKEYS..the list can go on and on and who does it benefit....the hunter or fisherman...never the animal.\n"
    },
    "15370": {
        "url": "/comment/15370",
        "comment": "I've heard reports from scientists who actually study wildlife, water fowl, and cormorants. They do not support the proposal, citing the lack of science behind what appears to be a politically motivated. I've heard Gail Fraser, biologist and professor at York University, who has studied cormorants since 2006, speak about this. She wrote: \"It is shocking the ministry did not provide supporting data with its proposal.\" She said there is no clear evidence cormorants are causing ecological damage beyond their natural role in the ecosystem.\" Usually such proposals include research on the subject proposed, but this announcement included no evidence. This is research available by MNR on this topic, yet that Ministry seemed to be neither consulted or discussed.\nOpinion by those who study wildlife do not support such a cull at this time, and I agree with the scientists, more than the politicians who appear to be interested in gaining support from their constituency.\nThank you\n"
    },
    "15372": {
        "url": "/comment/15372",
        "comment": "Wildlife Section\nPUBLIC INPUT COORDINATOR\nMinistry of Natural Resources and Forestry\nPolicy Division\nSpecies Conservation Policy Branch\n300 Water Street\nPeterborough, Ontario\nK9J 8M5\nRe: EBR Registry Number 013-4124; Proposal to establish a hunting season for Double-crested Cormorants in Ontario\nThe proposal by the Ministry of Natural Resources and Forestry to establish an open hunting season for Double-crested Cormorants from March 15 to December 31 each year, with an exception for central and northern Ontario, where the open season would run from June 16 to August 31 each year, is ill-conceived, not based on scientific evidence, and threatens to adversely affect the future of this indigenous species in Ontario.  Therefore, I do NOT support this proposal, for the reasons listed below.\n1. The agenda for this proposal seems to be largely driven by self-serving people with game-fishing and sailing hobbies, who are putting human recreation ahead of the survival of an important native species which serves as a top predator in lacustrine and marine ecosystems.  The cormorant is being blamed unfairly for taking game fish. See item 11 below.\n2. The cormorant population is said to be stable at this time, after recovering very low numbers prior to 1970.  Admittedly, there are large concentrations of cormorants on some islands in the Great Lakes, harbours, and other areas.  However, the way to deal with large concentrations is not through an open 9.5-month-long hunting season that allows licenced hunters to kill 50 cormorants/day using shotguns, which does not focus specifically on areas of high concentration and could seriously deplete cormorant numbers in other areas where numbers are stable or low.\n3. There is an unacceptable chance that co-lateral damage to other species of birds, such as egrets and herons, would occur when shooting of island-inhabiting cormorants from offshore \u201cstationary motorboats\u201d takes place.\n4. The requirement for cormorant hunters to retrieve and dispose of the bird carcasses properly according to regulations as yet outlined, is likely to reduce the number of hunters who would be interested in hunting cormorants because of the expense they would incur in buying shotgun shells and the time they would have to spend in retrieval and disposal of birds.  Therefore, a proposed daily bag limit of 50 cormorants seems unrealistic.\n5. It would make more sense to have MNRF sharpshooters continue to reduce numbers of excessively large vegetation-destroying colonies of cormorants by culling on an annual basis, as has been happening on Middle Island in Lake Erie in recent years.  This would be preferable to opening hunting to licenced game-bird hunters across the province, including areas where cormorant numbers are low.  Other options would be oiling of eggs or disruption of nesting by loud noise in large nesting populations of cormorants.\n6. Cormorants are part of ecosystems and their removal would upset the balance of the ecosystem especially where the cormorant numbers are stable or low.\n7. Claims that cormorants are depleting game-fish stocks in the lake need to be supported by up-to-date scientific evidence provided by qualified people with knowledge about the management of cormorants.  No references to such articles are posted on the Environmental Registry with the proposed policy.\n8. The public should have been consulted prior to the proposal of this policy, alternative options should have been provided, and only after the MNRF had chosen the preferred option should the proposal have been posted on the Environmental Registry.\n9. Current numbers of cormorants are not mentioned in the proposal, nor the areas of very large concentrations of the species.  The 2010 census of the Double-crested Cormorant showed a downturn in the population.\n10. The cormorants are facing threats from Newcastle Disease virus throughout the Great Lakes Basin. Newcastle disease virus has caused major mortality events in wild double-crested cormorants in North America (https://www.northeastwildlife.org/disease/newcastle-disease).  In this way, Nature is controlling cormorant numbers, with declines in numbers said to be reaching 70% in some areas.\n11. The MNRF should identify the exact areas where a problem exists with cormorants affecting the  numbers of game fish, and provide scientific backing.  Evidently, the Canadian Wildlife Service claims that cormorants do NOT take the fish species that game-fish hunters target.  If the MNRF is stocking lakes with non-native predatory game fish for sport, why it is concerned about a native bird species that probably prefers to eat other fish species than game fish and is likely not having much impact on game fish numbers?\n12. The MNRF states that monitoring of cormorant numbers will be done.  If monitoring of the hunt is left to Conservation Officers, of which there are only about 40 in Ontario, the monitoring will likely be very inefficient and inaccurate.\nIt is my opinion that the MNRF has not made its case for the proposed hunt, and a serious review of the proposal is needed.\nThank you for the opportunity to comment.\n"
    }
}