{
    "13680": {
        "url": "/comment/13680",
        "comment": "14 FACTS ABOUT THE ONTARIO CORMORANT ISSUE!\n1. The Ontario government\u2019s proposal will allow individuals with a small game license to kill up to 50 cormorants per day!  That works out to approximately 1,500 cormorants per month, or, up to 14,250 cormorants, for the entire proposed annual hunting season!\n2. The presence of cormorants benefits other colonial water birds, such as herons, egrets, and, pelicans, all of which are stable, or, growing where cormorants are found!\n3. The mass killing of cormorants is cruel, and, will not be beneficial!  In fact, the process of killing them will force other bird species to vacate the colony sites they share!\n4. There is no way to kill cormorants humanely!  Even controlled, organized culls in other regions have resulted in large numbers of injured, and, crippled, birds being left to die of their wounds, or, starve to death, including nestlings!\n5. Cormorants are beneficial because their diet consists of very large numbers of primarily invasive fish, such as alewives, and, round gobies, as well as other non-commercial, non-forage species!\n6. The mass killing of cormorants will damage the environment, and, disrupt natural ecosystem processes!\n7. The return of cormorants, a native wildlife species, to the Great Lakes Basin is part of a natural process!\n8. Cormorants are not overabundant in the Great Lakes!  In fact, their numbers are modest, now stabilized, and, are dropping in many areas!\n9. Changes in the composition of vegetation in, and, around, bird colonies are a sign of vibrant, dynamic, natural, ecosystem processes!\n10. The number of trees damaged, or, destroyed, in colonial waterbird colonies across the province is MINISCULE, and, would not even equal the number of trees in a single modestly-sized woodlot!\n11. Only a small number of islands (less than 3%) and, peninsula, sites are available for cormorants, and, other colonial waterbirds to nest on!\n12. The mass killing being proposed by the Ontario government is a political response to ANECDOTES, UNSUBSTANTIATED CLAIMS, AND, COMPLAINTS, BY A SMALL GROUP OF RADICAL FISHERMEN, SUPPORTED BY SPECIAL INTEREST GROUPS!  THERE IS NO SUBSTANTIVE BODY OF SCIENTIFIC EVIDENCE SUPPORTING THEIR POSITION!\n13. INSTEAD OF MAKING CORMORANTS A SCAPEGOAT FOR ENVIRONMENTAL PROBLEMS THAT THEY HAVE NOTHING TO DO WITH, ATTENTION SHOULD BE GIVEN TO ADDRESSING THE ISSUES THAT ACTUALLY DO AFFECT FISH POPULATIONS, AND, AQUATIC ENVIRONMENTS, SUCH AS CLIMATE CHANGE, POLLUTION, SHORELINE, AND, HABITAT DESTRUCTION, OVER-FISHING, AND, A BROAD RANGE OF OTHER ISSUES!\n14. The proposed designation of cormorants as game animals, along with a non-utilization exemption, that allows the carcasses to rot, should be an affront to every hunter who believes in sportsmanship, fair chase, and, ethics!\n"
    },
    "13683": {
        "url": "/comment/13683",
        "comment": "I am opposed to the proposal to establish a hunting season for double-crested cormorants in Ontario. They are a native species, and have not been proven to harm fish stocks. They are a colony species and would be at risk for over-hunting, especially as described in the proposal. This is not a respectful way to treat Ontario wildlife. While I understand there are many people in our society who get great joy out of killing flocks of birds, the people I know and associate with in Ontario find it abhorrent and against current laws (and for good reason). Sincerely, (my name), in Ottawa.\n"
    },
    "13684": {
        "url": "/comment/13684",
        "comment": "This culling is unwise and unsafe. Hunting from stationary boats is especially irresponsible. the limit of 50 cormorants per day is way too high. How do we protect against danger to migratory birds?\n"
    },
    "13685": {
        "url": "/comment/13685",
        "comment": "I am writing in response to the proposal of the Government of Ontario to make it possible for hunters to kill double-crested cormorants. The Government of Ontario invokes concerns about depleted fish stocks and environmental damage caused by the cormorant population, yet those those concerns rely mainly on anecdotal reports, and complaints from a small uninformed segment of the fishing community, as well as unsubstantiated claims that have been debunked for a long time by biologists: there is no substantive body of evidence proving that cormorants are depleting fish stocks or causing any ecological problems.\nCormorants are a natural part of Ontario\u2019s rich biodiversity and an ecologically beneficial species, moreover they are major predators of invasive fish species such as alewives and round gobies.\nCulling cormorants would make the cormorant an endangered species and most likely bring about its decimation, and it is evident the loon population would also suffer due to many characteristics the two birds share.\nPlease revert a decision which does not rely on actual scientific facts. Please protect double-crested cormorants as you do loons.\nThank you for your consideration\n"
    },
    "13686": {
        "url": "/comment/13686",
        "comment": "I am opposed to allowing this because I do not agree with the rationale for this.  Cormorants are cited for damaging trees when they roost in them.  How many trees are routinely being felled to allow for construction of new housing?  The complaint is that the trees are an unpleasant site.  I doubt that the cormorants roost that close to residential housing for this to really matter.  The fishermen complain that cormorants compete with them for the fish.  How often do fishermen deplete the populations of fish, like out East.  The cormorants would not do this because their populations would cycle with that of the fish.  The problem, as usual, is human population growth.\n"
    },
    "13687": {
        "url": "/comment/13687",
        "comment": "As an active outdoors individual, hunting, fishing and trapping for over 50 years in North Eastern Ontario I have seen the cormorant population go from non existent to extremely abundant. Especially noticeable on Abitibi Lake and tributaries. I very much agree with this proposal and hope that it will lead to a reduction in cormorant numbers which I believe will be beneficial to our local fishery.\n"
    },
    "13688": {
        "url": "/comment/13688",
        "comment": "I am writing to urge you to please NOT go ahead with the proposal to allow and encourage the killing of double-crested cormorants in Ontario.\nThis proposal will push cormorants back to the brink of extinction, for not reason other than to satisfy a radical group of anti-cormorant fisherman.\nIncreased hunting and killing of cormorants will cause damaging levels of disturbance and destruction to many other non-target species as well, damaging entire ecosystems. The presence of cormorants benefits other colonial water birds, such as herons, egrets and pelicans, all of which are stable or growing where cormorants are found.\nIt will also put tourists at risk as it allows for hunting during popular tourist seasons in our parks and natural spaces.\nAll of this for no reason, as there is no substantive body of evidence proving that cormorants are depleting fish stocks or causing any ecological problems whatsoever.\nThe reality is that cormorants are a natural part of Ontario\u2019s rich biodiversity and an ecologically beneficial species, being major predators of invasive fish species, like round gobies and alewives, attracting other waterbirds to their nesting sites, and serving other important functions in the ecosystems they inhabit.\nFar from being overabundant, cormorant numbers are relatively modest, have stabilized and are dropping in some areas.\nFinally, there is no way to kill cormorants humanely. Even controlled, organized culls in other regions have resulted in large numbers of injured and crippled birds being left to die of their wounds or starve to death, including nestlings. Please do not let this happen.\n"
    },
    "13690": {
        "url": "/comment/13690",
        "comment": "Since I cannot say that I have ever seen a cormorant bird the Province's proposal for open hunt on fish-eating cormorants is not a qualified opinion but one of common sense.\nShooting of 50 birds at will daily implies that this is a very out of control problem, why has this government simply turned to the experts and some of the many Provincial and County Organizations that have a broad base of knowledge such as the OFA and the Ontario NFU, Bluewater Anglers, etc.\nconsultation with these groups would eliminate unfounded opinions.\n"
    },
    "13698": {
        "url": "/comment/13698",
        "comment": "Having received information regarding the cormorant cull I was frankly astounded at the shear numbers proposed: 50 per day for 9 months.\nThis surely can't be a well thought out proposal. The numbers are preposterous... has no one at ERO ever heard of the Homing Pigeon? Another bird of inexhaustible numbers. Ever seen one? Neither have I.\nWhat contagion are you inviting with tens of thousands of rotting bird carcasses... at the very least a subsequent rat infestation?\nWhat science is there behind this? Weekend warriors? Backyard botanists? Is there any consultation with university biology scientists?\nTurning loose on the immediate world gun toting belligerents for 9 months!! Does this include the Toronto Beaches? God I hope so!\nYou have to do better than this!\n"
    },
    "13701": {
        "url": "/comment/13701",
        "comment": "This is the most obscene proposal that has been put forward in years.  It is horrific in the extreme.\nThis proposal harkens back to bounties on wolves, coyotes, the slaughter of the bison, and the extinction of the passenger pigeon.\nHave humans learned nothing by their meddling in the natural world?\nThis idea, to have open season on cormorants through the breeding and nesting season, and then to let the corpses rot, is bizarre, cruel, and repugnant.  I can smell the stench of rotting corpses already.  Chicks left to starve in the nest after the parents are slaughtered.  The increase in disease fed by the rotting corpses.\nNo. No. No.  This is not only bad policy, but it is also immoral.\n"
    },
    "13702": {
        "url": "/comment/13702",
        "comment": "I think it is an excellent idea to have a cormorant hunt. This bird has spread widely through Ontario and has no , or very few, natural predators. As a result, their numbers have increased drastically to the point where they are destructive to our fish stocks and out flora. A number of islands in Ontario have been virtually denuded of vegetation from the guano of nesting cormorants. There has to be a balance  between the numbers of cormorants and the protection of our natural resources. The cormorant population would not be seriously impacted by allowing a hunt as proposed. Not many hunters would be bothered seeking out these birds since they non-edible and only found near water. As a result, I am confident the population of cormorants will continue to grow, but at least there would be some checks and balances in place.\n"
    }
}