{
    "13949": {
        "url": "/comment/13949",
        "comment": "Absolutely unacceptable. In fact the ministry should be looking to reduce hunting province wide. The proposal is nothing more than a wholesale slaughter as the flesh of these birds is unpalatable. Merely because a creature has become successful despite human efforts to destroy its environment is no justification for wanton destruction of a species - no matter what perceived harm some falsely believe is occurring.\nEven if the ministry's suggestion that a native species is harmful is accepted at face value, other areas of the proposal are entirely egregious. The season is far too long, lasting throughout the summer. The presence of firearm hunting in recreational and tourism areas can only be disruptive. Having hunters present and firing weapons from a boat is stunningly dangerous.\nThe fact that there is little by way of control or enforcement is cause for some alarm. The current hunting and fishing regulations go largely unenforced as it is now. How will the ministry even monitor potentially hundreds of hunters in small boats?\nAs a sport fisherman and a recreational property owner I can honestly say that game fish stocks have NOT been impacted by the success of cormorants. Even if I'm wrong  (I'm not) the appropriate response would be reducing catch and bag limits for recreational fishing and buying back commercial fishing licences. Not the slaughter of a native species that has as much right to the habitat as any other species, humans included.\nIn addition, no facts whatsoever have been provided to support the mistaken belief that cormorants are harming fish stocks or that the proposed extermination will have the \"desired\" outcome.\n"
    },
    "13950": {
        "url": "/comment/13950",
        "comment": "I\u2019m outraged by this proposal. A nearly year round \u201chunting season\u201d (which is actually and obviously a cull)...when will I ever get a break from the gunshots? Fall birding sucks because all I hear and see are hunters scaring all birds away, not just game birds. Don\u2019t encourage blood-lusty, unethical hunters.\n"
    },
    "13953": {
        "url": "/comment/13953",
        "comment": "This proposal is ill thought out and could damage our fragile ecosystem.\nFirstly - cormorants are currently feeding on invasive fish in our great lakes which are a problem such as alewife and round gobies.\nSecondly, my understanding from prominent McMaster University biologist Jim Quinn, who has been studying cormorants and other water birds in Hamilton Harbour since the early '90s, is that the population is stabilizing on its own.\nAnd thirdly, allowing hunters to shoot 50 birds a day is overkill and will frighten and drive away other birds in those areas.\nI strongly oppose this proposal and urge the government to withdraw this initiative.\n"
    },
    "13956": {
        "url": "/comment/13956",
        "comment": "I am fully in favour of establishing a hunting season for the double-crested cormorant. Cormorants are  destructive invaders in the same way Gobie, Asian Carp, and a host of foreign vegetation have become.\nIf our native plants and animals continue to be replaced by these less desirable varieties we will regret their loss and in the future we will regret that we did not act to stop these invasions.\nThe Americans, on their side of the great lakes, are doing their part to remedy the situation. We should  do our part.\n"
    },
    "13962": {
        "url": "/comment/13962",
        "comment": "This draconian, outdated and ill founded plan to slaughter cormorants will:\n-cause unimaginable cruelty by allowing the wholesale, uncontrolled, impossible to monitor, slaughter of cormorants across the province,\n-devastate and possibly eradicate a recovered native wildlife species since they have just recovered from near eradication\n-result in disturbance, destruction and death of numerous federally protected non-target bird species such as Great Blue Herons, Great Egrets and White Pelicans,\n-irreparably damage natural ecosystems,\n-encourage the worst form of \u201cslob hunting,\u201d\n-endanger the public by allowing hunters to discharge firearms throughout the spring, summer and fall season when lakes and natural areas are populated by cottagers and tourists.\nIn conclusion:\nConcerns about environmental damage and fish stock depletion are largely just anecdotes, complaints from a small, radical segment of the fishing community, and unsubstantiated claims that were debunked long ago. There is no substantive body of evidence proving that cormorants are depleting fish stocks or causing any ecological problems whatsoever.\nThe reality is that cormorants are a natural part of Ontario\u2019s rich biodiversity and an ecologically beneficial species, being major predators of invasive fish species, like round gobies and alewives, attracting other waterbirds to their nesting sites, and serving other important functions in the ecosystems they inhabit.\nPlease rethink this barbaric stupidity!\n"
    },
    "13998": {
        "url": "/comment/13998",
        "comment": "I am a hunter, trapper, fisherman and farmer and therefore very much value the health of our ecosystem.  Cormorants have and continue to devastate many areas of this province whether it be by killing entire islands or decimating fisheries they choose to colonize.  The crash of baitfish populations such as Alewife on Georgian Bay have greatly affected the productivity of many waters. The loss of a fishery as great as the Chinook Salmon of Georgian Bay to such a worthless bird is very unfortunate.  These birds have caused extensive damage to many fisheries in southern Ontario and they continue to spread as we are now seeing their numbers increase on Lake Abitibi as well in northeastern Ontario.  If left unchecked they will decimate many more fisheries.  I commend the Government of Ontario for this proposal, hope it does get entered into law and if it does that it brings this species back to within a more ecologically responsible population.  If it does, consideration will need to be given on how to address the massive Lake Ontario/Hamilton Harbour colony as access for hunting them I believe is very limited if it exists at all.\n"
    },
    "14046": {
        "url": "/comment/14046",
        "comment": "As a birder on southern Georgian Bay.\nMost people can\u2019t tell the difference between a common Loon and a cormorant.\nWe can\u2019t afford to lose even one loon.\nAllowing bird to spoil at 50 a day per person. Firing  from boat is ridiculous. And dangerous.\nThere must be a better way.  Eg. destroying nests.\n"
    },
    "14047": {
        "url": "/comment/14047",
        "comment": "I agree with a process to reduce the numbers of cormorants, but I am not convinced they are a \"game bird\". Being a game bird implies a hunter would need to consume the bird. I'm not sure how cormorants taste, or how well they would dress given the toxicity of their digestive systems. I would rather see them be classified as a nuisance bird, with a reasonable limit placed on the number of cormorants a hunter could take each day. Cormorants have decimated the fishery in the lake I fish most frequently, and their numbers indicate they do not require special protection. Reduction in cormorant numbers is a priority and has been for at least 20 years.\n"
    },
    "14049": {
        "url": "/comment/14049",
        "comment": "Please remove the excessive number of Cormorants.\nWhen I see a flock of over 500  looking for food,  at least once a week on lake Simcoe I shudder .\n The small fish / minnow population that used to be abundant along the shore line has all but disappeared.\nSeveral small islands on lake couchiching have the look of a burned out forest due to the large number of nesting birds    The situation is out of control something has to be done before it is to late.\n"
    },
    "14052": {
        "url": "/comment/14052",
        "comment": "In the Land O' Lakes Region, north of Kingston, we have seen an increasing number of cormorants over the last couple of summers.  Having witnessed the large colonies of these birds in the Toronto and Burlington Bay areas, I can tell you that we absolutely do not want to see the problem move into our area.  Should a colony be established in one of the small, pristine lakes in this region, it would be devastating to see our islands succumb to their acidic feces, our resident birds displaced and our fish stocks consumed by this invasive species.  Local fisheries would be lost and tourism would be negatively impacted.  Obviously, the local economy would falter.  We speak often of the newly arrived cormorants in our area and the majority of the folks who live here would certainly support a cull of this dirty, tree killing, fish devouring pest and hope that it is not allowed to gain a toe-hold in our area.\n"
    },
    "14058": {
        "url": "/comment/14058",
        "comment": "I am quite familiar with the problem double-crested cormorants pose on Lake Erie's islands, having done inventory studies of species-at-risk impacted by them for COSEWIC and Parks Canada; I have seen first hand how they have damaged and degraded SAR habitat, the reason Middle Island and East Sister Island were acquired by the federal and provincial governments [respectively] as nature reserves.  I support controlled culling to help reduce their numbers and impact where they are a recognized ecological problem, but also I realize that maintaining healthy ecosystems and habitats are complex issues and the poor health of the lake system caused primarily by nutrient loading is a bigger problem that needs serious attention and solutions.\nAllowing an open season by hunters on this migratory bird species is a simplistic and poor solution--and will likely be challenged in the courts.  It is ill-advised and should not be permitted!  An uncontrolled free-for-all hunt where the objective is just to kill as many birds as possible without any monitoring, protection of non-target birds at risk, or habitats where they are not an ecological problem, and letting the killed or wounded birds to 'spoil' is bad sportmanship, bad science and gives the wrong tone to the role of hunters in wildlife management and how to intelligently manage natural ecosystems.  Drop this poorly thought out proposal!  Consult with wildlife scientists to find a better solution!\n"
    },
    "14065": {
        "url": "/comment/14065",
        "comment": "-I am an active migratory bird and small game hunter in Ontario\n- cormorants are not a noticeable pest or problem in my geographical area\n- if a season was to be established it should be piggy backed with migratory bird hunting to not disrupt or disrespect the peaceful summer season for cottages and recreation\n- possessions limits should not be as high as 50 for carcass wasting and possession limits. What would someone do with 50 a day? I\u2019ll not spend that much on shot shells to kill 50 hard to kill birds anyway\n- 5 per day as well as a reporting process should be attained for the purpose of economic and environmental study data\n"
    },
    "14068": {
        "url": "/comment/14068",
        "comment": "My position is opposition to the proposal which would allow hunters to kill upwards to 50 cormorants per day for the following reasons:\nIt will cause much unnecessary suffering to the birds, including young birds in the nest that will die from the unnecessary death of parent birds.\nThis proposal allows for a wanton waste of animal lives since the birds are left to die, and are not consumed as food by humans.\nCormorants are not game birds.\nCormorants have previously been at risk for population endangerment, and this proposal is contra-indicated for proper wildlife management.\n"
    },
    "14077": {
        "url": "/comment/14077",
        "comment": "I\u2019m writing in regards to the proposed cormorant hunting changes. I am an avid fisher of Lake Simcoe for the past 40 years. I have witnessed the devastation and destruction caused by this out of control species, especially the shores of the sparsely populated Thorah Island shores. These changes are totally justifiable and long overdue. Fifty per day is a reasonable number to reduce this infestation. Make this happen, soon!\n"
    }
}