{
    "16132": {
        "url": "/comment/16132",
        "comment": "The proposal has serious flaws that would be detrimental to the ecosystem and would undermine responsible conservation practices. Neither the proposal not the conjecture of its proponents is supported by any scientific evidence.\nI strongly oppose the proposal to establish a hunting season for double crested cormorants in Ontario.\n"
    },
    "16133": {
        "url": "/comment/16133",
        "comment": "This proposal to allow essentially unlimited hunting of cormorants is complete over-kill. It's taking a sledge hammer approach when there are much simpler ways to carry out a cull - assuming one is needed. This reminds me of the liberal government paying for green power at a rate of 10x what it's worth - over-kill. Suggestion: start with a hunt that allows 5 birds per day, not 50!\n"
    },
    "16136": {
        "url": "/comment/16136",
        "comment": "Comments on the EBR posting 013-4124 \u2013 Cormorants\nI do not agree with the proposal to list the double crested cormorant as a \u201cGame Bird\u201d. In my opinion the cormorant simply does not fit the definition of a game bird. The game birds listed in Schedule 3 of the FWCA are hunted for recreation (sport), but most importantly, they are hunted for consumption. Section 36 of the FWCA is intended to ensure these Game Birds are not wasted and allowed to spoil and be unfit for human consumption. Shooting cormorants should not be for sport and they are generally not considered suitable for human consumption. Shooting should only be used as a means of population control.\nPersonally, I feel a more suitable approach would be to list the Cormorant as not protected Section 5 (2) under the FWCA, but regulated which I feel could be accommodated by Section 5 (2) (d). A small game license would still be required as it is now for crows, etc.\nShooting Cormorants as Game Birds presents a very negative image of hunters and hunting \u2013 totally unnecessarily. Quite frankly it reflects badly on the hunting community and on the MNRF itself.\nSection 5 (2) (d) should also allow the Minister to apply restrictions and conditions. I am not concerned about the daily limit, but I am very concerned about the timing. Shooting Cormorants should not be allowed during the nesting period until the young are able to fly and fledge. I don\u2019t know the exact dates, but birds could be shot late winter/early spring up until nesting season, then again after the young are able to fly (mid-August). The optics of shooting adult birds that are caring for their young, leaving the young to starve is very negative and simply wrong. It would also have potential for charges to shooters and MNRF under the Criminal Code. Sections 444 to 447 of Canada's Criminal Code constitute Canada's primary federal animal protection legislation. The Code prohibits causing \"unnecessary pain, suffering or injury to an animal or bird\" and \"causing damage or injury by willful neglect\". I believe there should be a period of protection from shooting. Cormorants are very vulnerable because they nest in very conspicuous colonies.\nI am fine with the other parts of this proposal. Shooters should retrieve dead birds and properly dispose of them. Realistically, some birds will not be retrieved. Dead birds drifting in the water or floating to shore during the peak of vacation season on lakes and rivers would also look very bad on hunters and on the MNRF for allowing it to happen.  The Ministry should be able to prescribe shot size, type, etc. Probably non-toxic shot since most birds would be shot over water. Having the ability to set a daily limit would be fine and allowing shooters to shoot from a stationary boat as per the MBCA is also appropriate.\n"
    },
    "16139": {
        "url": "/comment/16139",
        "comment": "Let's shoot all the mute swans so as to make more room for trumpeters which are native. Let's see how that goes over.  Do we not have any biologists with half a brain working for our government.  Or do they just listen to the multitude of morons to get votes.  Cormorants are black so easy for prejudice jack asses to dislike.  The world is overpopulated with humans.  Should we cull them?  powley\n"
    },
    "16140": {
        "url": "/comment/16140",
        "comment": "I do not want to see a cull on any species native to our Great Lakes. Especially one that doesn\u2019t include a limit to the number of animals a hunter can kill. This is reckless and puts the bird population at risk, along with other birds who may be impacted inadvertently.\nMore research is needed. Please use thoughtful consideration.\n"
    },
    "16146": {
        "url": "/comment/16146",
        "comment": "I  am a member of an internet fishing and outdoors Forum and I conducted a \"Poll\" amongst our members.\nThe \"Poll\" illustrated the proposal on Cormorant hunting and asked the question as follows:\nAre you in favour of the proposal, YES or NO?\nThere 136 responses.\n129 were in favour of the proposal and 7 were opposed.\nI think that gives you a pretty good idea of how favorably the proposal is viewed in the fishing/outdoors community.\nIf the proposal is implemented there will be areas where there are large Cormorant populations, but hunting will not be possible( i.e. the North shore of Lake Ontario). Where there are large Cormorant colonies where hunting is not possible, the MNRF should give consideration to \"oiling\" eggs, if they are truly serious about controlling the Cormorant population.\n"
    },
    "16148": {
        "url": "/comment/16148",
        "comment": "The proposal to establish a hunting season for Double-crested Cormorants in Ontario is ill-conceived at best, and egregiously unscientific at worst. I carried out field research on diet in Double-crested Cormorants on Lake Winnipegosis, Manitoba, in the 1980s: cormorants are opportunistic feeders, as we all know, and will catch whatever species of fish is available. We found that the range of fish taken was extensive, but very few of commercially valuable species were caught, and their diet was primarily coarse fish such as White Sucker, a species which likely is harmful to more desirable fish (so the argument could be floated that the cormorants were actually beneficial to those desirable fish - a simplistic argument on a par with the argument that cormorants are \"bad\" because they eat a commercially valuable one). But \u2026 where is the evidence that they damage fish stocks? It appears to be anecdotal at best. And, if there is to be a reduction in population, what is the size of the population after this cull has ended? And, if the Ministry has determined that X is the size to be attained, then it should be reached by skilled professionals working for the government. The worst scenario is to throw the cull wide open to hunters, with no control on where and when, leaving the killing by error of other species a real probability, and a genuine abrogation of responsibility by the Ministry.\n"
    },
    "16151": {
        "url": "/comment/16151",
        "comment": "Fragile Inheritance Natural History (FINH) is a family research institute dedicated to studying ecological change and advocating for sustainable biophilic human habitation of Canada. We accordingly strongly oppose the proposal to create a hunting season for Double-crested Cormorants (Phalacrocorax auritus).\nWe notice that in the \"Supporting Materials\" section of the EBR page on this proposal there is no link to any evidence that Cormorants need to be controlled, and this is in agreement with the general understanding that there is no need to \"control\" the Cormorant populations which have come back after the banning of DDT.\nThere is, of course, a long history of \"sports\" fisherman calling for the \"control\" of Cormorants on the basis of the hypothesis that Cormorant predation is the reason they didn't catch anything on some particular outing. This has led to many studies of such predation - as recounted in the Cormorant song -\nOh to be Phalacrocorax,\nOh to give bass fishermen fits,\nso they pick through all your castings,\nand do isotopes on your shits.\n- which have, of course, found that Cormorants do not cause reduced populations of sports fish. The fact that this hatred persists in the face of the data suggests that those who advocate for \"control\" of Cormorants are among those who need to sustain their sense of selfhood by having some enemy to hate. It's frequently seen that they're already shooting at Cormorants, as in the case of this one found on the beach in Burlington -\nhttp://4.bp.blogspot.com/_pmTzHVznnGY/TMCjoaNXdnI/AAAAAAAAAYk/eAQ8SWOCc\u2026 -  \"Protected by legislation from near extinction, Cormorants are hated by some fishermen, who regard them as competitors. This will be my subject for today's painting. On its other side I see an open wound, attesting to a violent death. It reminds me of the Gannet I painted at Cap Lumiere, New Brunswick.\" [the Gannet had also been shot, as had another on that beach].\nCormorants are as as close as any extant species to the ancestral modern Bird, and because of their statuesque loveliness, their co-operative foraging, the control they exert on invasive alien fishes, the grandeur of their breeding colonies, and the way they transfer nutrients from aquatic to terrestrial ecosystems, they deserve all and more of the protection and appreciation which they have traditionally had.\nThe proposal that they be slaughtered by \"hunting\" deserves to be treated as a mental heath disorder of a narrow hatred-motivated segment of the human population, and should inspire outreach to show the advocates of this slaughter how they can learn to appreciate and support Ontario's biota and ecosystems.\n"
    },
    "16153": {
        "url": "/comment/16153",
        "comment": "I have carefully read and considered your proposal. There is no impact statement of the consequences of the hunt either directly or to other birds nesting or associated with them such as gulls or various diving ducks, loons or grebes.\nThis is an open season on cormorants when considering the length of the hunting season and that cormorants are not around in the early part of the year. Is this an extermination proposal as I see no other reason for it? I am a birder and see cormorants regularly. Their impact is no greater than any bird that nests or finds food in larger numbers. I have heard many more complaints about geese.\n"
    },
    "16154": {
        "url": "/comment/16154",
        "comment": "Dear Sirs/Madam,\nI always thought and was disgusted with the Liberal's decisions regarding the environment and wildlife but your Conservative Government in establishing a slaughter on the Cormorants absolutely crosses the line and beyond.\nThis is almost 2019.  This kind of treatment of nature does not or should not happen in this modern day world.\nThe allowed killing of 50 cormorants a day or 1500 a month, wounding adults and leaving the young in the nests to die is disgusting.\nThe Province wide annual hunting season of March 15 to December 31 discharging fire arms in the spring, summer fall when lakes and natural areas are populated by cottagers, campers, tourists and BIRTHING SEASON for all animals and birds is ridiculous.\nThe mass killing will damage the environment and disrupt the natural ecosystem.\nI am totally against this action and with this slaughter.\n"
    },
    "16155": {
        "url": "/comment/16155",
        "comment": "I do not agree with the proposal to establish a hunting season for the double-crested cormorants in Ontario.\nI am a hunter and a farmer. I try to promote and grow life and I regularly take life - for food. It is not an easy way of life and if the taking of life should ever get 'easy', I will have to stop what I am doing.\nI can only agree to the proposal if the cormorant hunt was for food. The amendment to allow the carcasses to spoil, absolutely disgusts me. As a hunter, it is my responsibility to honour the life that I take. It is abhorrent to me to kill something and let it rot where it lies. At least feed it to something else... a dog or raccoons or whatever.\nLikewise, the daily bag limit of 50 birds seems irresponsible. How can someone take 50 lives per day and for 8 months?! And as stated previously, for what? It is not for food but for pot-shots at another animal who is trying to live and raise its young. Is this some perverted way to deal with gun violence? By letting people shoot off guns at other creatures?\nAs for the 'blight' that the cormorants cause with their guano, why can we not harvest it and use it? Guano used to be a valued and internationally traded commodity. Perhaps the government should put out a RFP in the harvesting and processing of guano for fertilizer... certified organic at that!\nWhat I feel is really at the heart of the 'problem' is the modern human need to control nature and the very shallow sense of appearance over value (value over and above human uses and needs). Good on the cormorants in making a comeback.\nI used to live in Toronto and I would visit the Leslie Spit regularly. The Spit is an aggregate dump. Humans made it. Perhaps it is time to let nature do its thing. Perhaps the Spit wants to become a tree-less island for birds... maybe just for cormorants. If we can get past our own biases and hubris, perhaps we can participate honestly and lovingly in the changing dynamics of nature as-is and not as we want it to be.\nThank You.\n"
    },
    "16158": {
        "url": "/comment/16158",
        "comment": "I am strongly opposed to this change for the following reasons:\n(1) listing the double-crested cormorant as a \"game bird\" is a travesty, as no one who hunts them will want to eat them. Any species that is a game bird should be one that people want to eat.\n(2) Parks and landowners are already allowed to shoot cormorants on their own property if the birds are damaging the local environment. For example, a cormorant cull is already in place on Middle Island by Parks Canada. Therefore no change in the rules is needed if the motivation is to prevent the birds from doing damage.\n(3) If cormorant numbers need to be reduced, the best way to do it is through systematic efforts by professionals, such as the decade-long cull on Middle Island. Random shooting by members of the public is not efficient and is unlikely to be effective in the long run.\n(4) Hunting cormorants is likely to prove more of a public nuisance than the birds themselves. Since hunters will not want to eat the birds, they will have little incentive to retrieve the bodies and so we will have piles of rotting cormorant corpses instead of smaller amounts of bird droppings.\nPlease do not open a hunting season for double-crested cormorants.\n"
    }
}