{
    "15942": {
        "url": "/comment/15942",
        "comment": "While a hunting for comerants is, on the surface a method for pressuring populations, the scale needed would be so large that the number killed by hunters will almost certainly fall within the compensatory mortality of this species. This hunting season will undoubtly result in some terrible publicity for hunters and hunting culture as the general public could possibly see these animals go to \u201cwaste\u201d as this bird is not likely to be harvested for food, feathers, hide or any parts. This season won\u2019t be a \u201chunting\u201d season, it will be a culling season. If there is a necessity for culling - which has been clearly indicated by the evidence - the ministry of natural resources and forestry should manage our valuable commercial and sport fishing resources though a cull which includes the destruction of nests and eggs during the vulnerable nesting season - done by ministry employees. Not only would this method have the potential to actually reduce comerant populations (additive mortality), it would also not rely exclusively on a small section of the general public that hunts (and will even bother to hunt) for comerants - especially at the expense of the already damaged image that hunters have within the general population.\nThis is a situation where good management of a resource is possible - despite it not being good politics.\nThe fact that the ministry of natural resources has even suggested that hunters should be responsible for this type of culling is an example of the degree of mismanagement that many have come to expect for our natural resources.\n"
    },
    "15943": {
        "url": "/comment/15943",
        "comment": "As an amateur birder in the Hamilton area, I think it will be very dangerous to have hunters shooting at cormorants that nest with other currently protected birds like Great Blue Herons and Great Egrets. Not only will some hunters mistakenly kill these other species but they may also frighten the females off their nests during breeding season with their firing. Natural species will regulate their populations themselves; a cull of the Double-crested Cormorants does not make sense at this time. Please reconsider this short-sighted proposal. Thank-you.\n"
    },
    "15945": {
        "url": "/comment/15945",
        "comment": "I am shocked that the Ministry of Natural Resources and Forestry is proposing a virtually unlimited lethal intervention to control the population of the double crested cormorant. No scientific proof has been provided to support the two main reasons that are cited to justify the proposed hunt \u2013 namely the claims of the commercial fishing industry and private property owners that cormorants are detrimental to island forest habitats, other species and aesthetics.\nAnyone who has seen a cormorant colony will know that their feces are toxic and can destroy trees and other plant life. This in itself is no reason to allow hunters to have the ability to kill up to 50 birds a day with no season limit anywhere in Ontario.\nThe fishing industry has indicated that the cormorant is a threat to commercial fishing. However, much of the food sources for the cormorant are invasive, non-native fish species, such as the goby, that actually have a negative impact on sport fish, such as small mouth bass.\nThere may be cases where a cormorant colony threatens a species at risk. In these limited cases, it may be warranted to control a local cormorant population. However, there are many alternatives to a wide-spread virtually uncontrolled hunt.  Any alternative proposal should be supported by scientific evidence that there is a problem in the first place.\nOther aspects of this proposal that are unsupported and/or may set dangerous precedents for other species include:\n\u2022\t50 day bag limit with no overall season limit\n\u2022\tNo limitation to geography\n\u2022\tAllowing hunters to hunt from boats\n\u2022\tEliminating the obligation for hunters to recover the carcasses of the birds they kill\n\u2022\tPotential disruption and impact on populations of other water fowl, including great blue herons that nest in the same locations\nI believe this proposal should not be implemented. If sufficient scientific evidence can be presented that demonstrates specific situations where the double crested cormorant is threatening species at risk, then a proposal should be brought forward that uses other non-lethal methods to limit the impact of specific colonies that pose the threat. Such as proposal should us other methods such as oiling eggs, introduction of birds of prey, and relocating/removing nests. Only if these other methods are not successful should a limited hunt be recommended.\n"
    },
    "15946": {
        "url": "/comment/15946",
        "comment": "This is so wrong. The cormorants are native birds and important to the ecology of the area. Their  stocks  were severely depleted two times in the past and should not be hunted now.\nLower fish numbers can be due to over fishing and pollution in the waters, both man made conditions.\nLeave the birds alone, let Nature take care of itself as it should. No more government interference.\n"
    },
    "15947": {
        "url": "/comment/15947",
        "comment": "I am concerned about the shooting of up to 50 cormorants per day during the spring and summer months. Hunters are allowed to shoot them from boats on lakes and rivers and the risk to the general public who are walking, bathing, boating etc in the areas where cormorants are is just too great. How can you ensure that the public will remain safe while this is happening?\nI am also concerned about the environmental effect. How can you ensure that these birds are then picked up and disposed of properly?\nEvery species has a purpose and contributes to the web of life. Since the cormorant population has stabilized and is in possible decline, how can you ensure that these birds are not completely eliminated given the numbers and the length of time that they can be hunted within a year?  This will effect the populations of many other species in the long term as it always does.\nIf nature is allowed to take its natural coarse the cormorant population will stabilize over time (it appears that it already has). I am completely against hunting of this bird at this time. If the population has stabilized then a wait and see policy seems a more viable option.  This extreme measure -hunting 9 months of the year and 50 birds per day by each hunter in unacceptable to me.\n"
    },
    "15949": {
        "url": "/comment/15949",
        "comment": "Feedback and Public Comment\nOMNRF Wildlife Policy Proposal ERO# 013-4124\nFish and wildlife Conservation Act, 1997\nOntario Ministry of Natural Resources and Forestry\nERO# 013-4124 Proposal to list Double-Crested Cormorant as a game bird and create a hunting season in Ontario for population management.\nThe following submission represents the consensus of views of members of Toronto Urban Fishing Ambassador (TUFA).\nToronto Urban Fishing Ambassador (TUFA) is an organization that promotes recreational fishing in the City of Toronto and GTA. We teach fishing knowledge, skills, etiquette, ethics and conservation. We work to protect urban anglers continued rights to access Toronto\u2019s watersheds and shorelines. As stewards of our sport we support and actively participate in the conservation of Toronto\u2019s growing fisheries, fisheries biodiversity and the protection of watersheds and fish habitat. We have more than 2300 members on social media Facebook. Approximately 1800 of those members actually fish in Toronto and the GTA and are current Ontario Outdoors Card and Fishing License holders.\nThe areas we recreational fish encompasses Zone 20 Lake Ontario and Zone 16 Inland Waters. Lake Ontario provides the bulk of our fishing opportunities and fisheries. There are nine Lake Ontario Tributaries that flow through the GTA that have recreational fishing value. We have several storm water ponds scattered throughout the GTA. A few natural ponds and very small lakes across the top borders of the GTA.\nToronto Urban Fishing Ambassador (TUFA) Stance on the Cormorant Management Proposal:\nToronto Urban Fishing Ambassador supports the ERO# 013-4124 Proposal to list Double-Crested Cormorant as a game bird and create a hunting season in Ontario for population management.\nOur Observations:\nThe GTA fishing experience from spring to late fall includes sightings of Cormorants eating fish in any and every watershed. They can be found anywhere fish can be found. The open waters of the lake, near shore waters, embayment and harbours. Every decent fishing hole on the nine tributaries is clearly marked by the presence of Cormorants. All storm water ponds no matter how small have a couple pairs of Cormorants. The smaller lakes north of Toronto have their share of Cormorants as well.\nWe have observed Cormorants eating every fish species we fish for with the exception of Gar. The Cormorants obviously eat some species of fish in their juvenile or young adult growth states before they are of breeding size.\nOver the last six years, Cormorants have attended every Family Fishing Event we have held at Toronto Islands, Humber Bay Park, Topham Pond and Grenadier Pond. We often have kids excitedly commenting that the black birds have caught a fish and ate it. On event days when fishing has been slow the Cormorants have often out fished our entire group of 200 kids. The impact of our investment to promote recreational fishing and the enjoyment of our guests is diminished by the impact the Cormorants have had on the fisheries of the watersheds we use for Family Fishing Events.\nAcross the watersheds of the GTA we have observed a steep decline in populations of native fish species such as Blue Gill, Pumpkin Seed, Perch, Bullhead, White Suckers, Rock Bass, Small Mouth Bass and Largemouth Bass.\nThroughout the summer and fall of 2018 our members observed hundreds of sick or dead Cormorants. We reported some of our observations in the early summer and were informed the Cormorants were dying of Newcastle Disease.\nTypical signatures of Cormorant destruction of natural habitat have been observed at Tommy Thompson Park, Toronto Islands and Humber River. These changes to tree canopies and shorelines are visibly changing the biodiversity of birds and wildlife we observe in those areas.\nOur Concerns:\nDecrease in prey fish abundance.\nDecrease in populations of sport fish.\nChanges to the biodiversity of fisheries, birds and wildlife through the influence of Cormorants.\nDestruction of habitat in our Parks caused by the nesting practices of Cormorants.\nDecrease in novice sport fish fisheries (pan fish, Perch, Bullhead and Bass) utilized in Family Fishing Events and to promote fishing to new anglers.\nRecommendations to the Proposal:\nWe are concerned that the hunting proposal as it is proposed will not have a significant enough impact to control and decrease the numbers of Cormorants in the GTA. Hunting is not allowed in the GTA in areas surrounding the established Cormorant populations.\nWe are asking for further control measures to be directed at the established GTA Cormorant populations.\nThe measures we are proposing are egg oiling and nest removal at Tommy Thompson Park, Toronto Islands and Humber River.\nWe would like a one-time cull early spring before nesting begins at Tommy Thompson Park that significantly reduces the number of mating pairs.\nSummary:\nToronto Urban Fishing Ambassador supports (with or without our recommendations included) the ERO# 013-4124 Proposal to list Double-Crested Cormorant as a game bird and create a hunting season in Ontario for population management.\nThank you for your consideration.\n"
    },
    "15951": {
        "url": "/comment/15951",
        "comment": "As a wildlife biologist, I disagree that any native species should be targeted to reduce its population sizes. Double-crested cormorants occur naturally in Ontario, and their numbers do not need to be controlled across the province as they play an integral role in their own ecosystems. It would be far more beneficial to society and the environment if similar measures were taken to control the numbers of introduced invasive species instead. Native birds are not the enemy!\n"
    },
    "15954": {
        "url": "/comment/15954",
        "comment": "As an avid birder and someone who just enjoys being outdoors... I am truly sickened by this proposal.\nPlease rethink this idea as it has high potential to put the species at risk.\nI was born in Ontario...when I go back to visit, the double-crested cormorants are a favorite to see.\n"
    },
    "15955": {
        "url": "/comment/15955",
        "comment": "This is not ethical and is a huge waste. Shooting nesting birds at any time is unacceptable but to leave them to do nothing but rot is wasteful. Don't condemn babies to slowly starve to death all for human interest.\nThere is not enough verifiable scientific evidence that these birds are solely responsible for the fish decline. If anything we need to take a look at human activity in the area to rectify the problem and how we can help the ecosystem heal.\n We can find a different solution if we try, we don't need to always resort to killing the predator and think it will solve our problems. History has shown it doesn't work as every ecosystem needs checks and balances that mother nature will take care of if we just allow it.\n"
    },
    "15956": {
        "url": "/comment/15956",
        "comment": "Hunting these birds makes no sense at all... there is little or no sport in it, and the possible argument that they are \"game\" birds holds no water. A bag limit of 50 birds/hunter/day is beyond ridiculous, and will almost certainly guarantee the extinction of these birds from Ontario in a very short time. I hope the officials in charge of this decision will reconsider it.\n"
    },
    "15957": {
        "url": "/comment/15957",
        "comment": "Living in Southwestern Ontario basically at the corner of the Detroit River and Lake Erie, I have seen what these birds are capable of. I have seen the birds feasting on schools of fish and destroying vegetation of all types. The cull on these birds is a great idea. Cormorants need to be controlled.\n"
    },
    "15959": {
        "url": "/comment/15959",
        "comment": "I am against the hunt.\n1.  As noted in the proposal details, \"Great Lakes populations have since stabilized or declined slightly\" since the 2000's.  If so, why the culling now?  The population has stabilized.\n2.  As noted in the proposal details, \"the Ministry will implement a cormorant monitoring program to assess population status and trends. Monitoring of cormorants will allow the Ministry to assess the impacts of the hunting season and to adjust cormorant hunting regulations\".  If there is a concern that the population could be destabilized, why start with such wide open limits and such a long season?  If the populations truly does need regulating (which does not seem to be the case here), start small, assess the impact.\n3.  Allowing such large bag limits, over such a long period, with no clear purpose, and allowing the meat to spoil, is unconscionable.  It serves no purpose, other than to eradicate the species.\n"
    },
    "15960": {
        "url": "/comment/15960",
        "comment": "What an absurd proposal. Even if the science did support such a hunt, and it doesn't appear to, the way this hunt (lets call it for what it is rather than usevcute euphemisms such as 'cull') is structured will assure just another environmentally destructive process. There poorly advertised and relatively short public comment period is also suspect. Stop this ridiculous proposal now.\n"
    },
    "15964": {
        "url": "/comment/15964",
        "comment": "How exactly, will these comments affect the decision process?\nWill there be a sunset clause based on regular population counts?\nHow will the DB Cormorant population respond to a sudden increase in mortality?\nIs the proposed cull purely science based or is it motivated by Economic and political lobbying by the fresh water fisheries?\nWill First Nations peoples be given priority hunting rights on federal waters?\n"
    },
    "15965": {
        "url": "/comment/15965",
        "comment": "There are several issues with the current proposed cormorant \"hunt\" from my perspective.\nThe ethics of hunting itself generally dictate that the animals hunted are to be used for food or livelihood. There is no evidence that this is the case here so presenting this as a hunt is false advertising and will only serve those who actively campaign against hunting. To promote the shooting and disposal of dead animals does nothing to promote responsible use of our natural resources. Do not enact this as a \"hunting season\" but withdraw this quick fix and enact this as what is truly is, a wildlife control measure and conduct it as a management program rather than a marginally managed hunting season.\nIf this hunting season were to be implemented, what, if any, ongoing monitoring and related recovery actions are to be implemented to assess the impacts on cormorant populations and the anticipated benefits of reduced cormorant populations to fish stocks and terrestrial habitats. What, if any, are these measureable/anticipated goals and how are they proposed to be measured. What will be the impact to existing wildlife programs of dedicating resources to new efforts to monitor a new hunting season. Self reporting by hunters should not be the only measure of impacts and even mandatory reporting comes with its own biases. I would suggest it will not be revenue neutral as there will be few, if any, new hunting permits issued as a result of this proposed regulation so funding will have to come from the already low funding in the budgets of MNRF. At what point will further interventions be considered as the proposal already seems to suggest that this hunting season is anticipated to have small impacts. Also, what is anticipated in terms of movement of cormorants into new areas as a result of hunting pressure on existing colonies-what sites might be vulnerable to establishment of new colonies-and will there be any consideration of sites in Ontario which should be closed to cormorant hunting/shooting activity due to other sensitive features?\nWhat is the anticipated participation rate of Ontario hunters in this proposed season? how long might the effort continue until there is participant fatigue and what will happen then? Other than giving hunters and fishermen the opportunity to target an animal they see as a competitor for sport fish stocks I see that as proposed there will be limited opportunity for effective management or control of the cormorant population in Ontario as a result.\n"
    }
}