{
    "14935": {
        "url": "/comment/14935",
        "comment": "You must get rid of the Cormorants. The are polluters of our trees and lakes. Eat all our bate fish and small fish.\nI live on Lake Erie and Couchiching. In the late summer and early Fall from as far as I can see there is a steady stream from the East to the West, likely 8 feet high, that continues for miles and miles.\nShot them, poison them, trap them, whatever you need to do to kill them off. They are stripping our lake of fingerlings.\nAlso open season, 365 days a year, and rid of the polluting geese that make a mess on our lawns, parks, driveways.\nYour likely too late as the problem has been around for many many years.\nQuit listening to the few, and listen to the many who are fed up with these polluting, stinking, birds.\n"
    },
    "14938": {
        "url": "/comment/14938",
        "comment": "I have serious concerns about the details of the proposed hunting season for Double Crested Cormorant in Ontario.\n1) This proposal is clearly aimed at serious reduction in the population of this species. Possible reasons for this seem to be:\n     a) Aesthetics: Some people do not like to see large populations of \"ugly\" animals. This seems to be a poor reason for wholesale killing of a native species.\n     b) Shoreline forest damage: It is hard to imagine that D.C. Cormorants do more damage to shoreline wooded areas than logging or human development. Indeed, the proposal for this hunt describes the environmental impacts of the hunt as \"neutral\", strongly implying that no positive benefit will result. In addition, colonial ground nesting sea birds such as gulls and terns can benefit from generation of treeless areas of shoreline or treeless islands.\n     c) Protection of fish populations: Clearly D.C. Cormorants eat fish, and lots of them. A large and stable or growing population of these birds could not exist if there were not a huge population of fish to support them.  So the question becomes \"which fish are to be protected?\" This cannot be legal sized game fish, as these are far too large. The primary game fish in Lake Ontario are introduced, non-native salmon, and D.C. Cormorants might eat immature stocked salmon or forage fish that they depend upon. As the primary predators of small fish are larger fish, consumption of forage fish or immature game fish may or may not be an issue. Additionally, one of the most important forage fish in Lake Ontario is the non-native Alewife. It seems wrong to try to eliminate the D.C. Cormorant, a once extirpated native species, to benefit artificially introduced non-native game species, primarily to benefit wealthy anglers who can afford the boats and gear required to fish for salmon. Indeed, D.C. Cormorants have been shown to be major predators of Round Gobies, an invasive species in the Great Lakes that itself reduces game fish populations.\n2) Unintended Harm:\n     a) Nesting disturbance of other birds: The proposal allows hunting near nesting colonies throughout the breeding season. Many if not most colonial waterbird colonies are mixed in species, including some that are of concern. It is likely that frequent, nearly unlimited gun hunting from the water near such colonies will result in stress and lack of breeding success to non-target species, an issue not raised in the proposal.\n     b) Human distress: It seems reasonable that visits to natural areas such as Cootes Paradise, Hamilton Harbour, Tommy Thompson Park, Pres'Ilse, etc. will be discouraged if non-consumptive visitors are presented with the possibility of witnessing the nearby slaughter of wild animals.\n3) Ethical Issues:\n      a) Undue suffering: Killing of large numbers of adult birds during the breeding season will result in the death by starvation, overheating or exposure for multitudes of growing chicks.\n      b) Waste of meat plus shoreline pollution; This proposal allows wholesale slaughter (50 birds per day, no possession limit, per hunter for several months) without a requirement for the use of the meat or proper disposal of the carcasses. Birds will be hurled back into the lake to wash up onto shorelines to rot. This is simply wrong, as well as distasteful both ethically and aesthetically.\n      c) Discreditation of ethical sport huntin: Most importantly, those who participate in this hunt will be or appear to be involved soley for the pleasure of killing large numbers of animals for pure sport. As the environmental impacts of the hunt are \"neutral\", they will not even be able to reasonably claim that they are improving the environment for any practical reaon, other than possibly increasing the number of contaminated trophy salmon available to wealthy fishermen.\nIn summary, while I have no problem with including Double Crested Cormorants in a legal hunt following guidelines similar to those involved in other watewrfowl hunting (not during breeding season, requirements for the use of meat), I am totally opposed to the present proposal for the reasons cited.\nThank you for considering this comment.\n"
    },
    "14939": {
        "url": "/comment/14939",
        "comment": "Ornitholigists and animal/wildlife protection agencies have been defending cormorants for years.   Now Ontario is proposing wholesale destruction of double-breasted cormorants!!!    This is NOT warranted.   It is NOT advisable for wildlife management.   It IS incredibly cruel and destructive.\nThe Ontario government should not spend time coming up with such unnecessary and draconian proposals which, seemingly, will only make cold-hearted, blood thirsty humans happy.\nThere are SO many ways the province can add value to the province, for all creatures living within its borders.   This is NOT one of them!!!!!!\nIf populations TRULY need to be controlled - which will always be questionable,  given that cormorants have as much right to fish and live as humans do - please come up with a responsible and compassionate plan.\nThank you.\n"
    },
    "14941": {
        "url": "/comment/14941",
        "comment": "While they may call it 'hunting', it is actually a cruel slaughter. This is obvious since the changes also will mean the bird carcasses can be left to spoil. The argument that these birds destroy ecosystems is ridiculous, they are a naturally occurring native bird, so basic ecology and common sense would tell us they would not survive as a species if they destroyed their own ecosystem. And while their droppings can kill their nesting trees, the nutrient-rich guano will lead to a new round of healthy plant and animal life.  As for the fact that they are 'eating all the fish', they do eat fish, but only 2% of their diet consists of commercially valuable species, and they actually eat invasive fish species.\n"
    },
    "14943": {
        "url": "/comment/14943",
        "comment": "Since the sale of a private island off my parents shoreline on Lake Simcoe from avid cottagers to a non-Canadian investor, the cormorants have now move on to this now uninhabited island. There numbers have exceeded 100 in just 1 year. There are close to 10 large old trees that are clearly unhealthy and this number can only be expected to grow next summer.\nLocal marinas have advised local boaters to blow their horns as they approach the island to discourage their presence. This has not been successful.\nWith their protected status, these cormorants are free to grow in numbers and expand their roosting areas to more and more healthy trees, which will eventually be destroyed.\nThis story is a cautionary tale of cormorants and foreign real estate investment.\n"
    },
    "14947": {
        "url": "/comment/14947",
        "comment": "Re the Double-crested Cormorant Slaughter\nThe return of cormorants, a native wildlife species, to the Great Lakes Basin is part of a natural process and should be celebrated. Cormorants are beneficial because their diet consists of very large numbers of primarily invasive fish, such as alewives and round gobies, as well as other non-commercial, non-forage species. The presence of cormorants benefits other colonial water birds, such as federally protected herons, egrets and pelicans, all of which are stable or growing populations where cormorants are found.\nThe mass killing of cormorants will force other bird species to vacate the colony sites they share. It will also create very real safety issues if hunters are permitted to discharge firearms throughout the spring, summer, and fall seasons when lakes and natural areas are populated by cottagers and tourists.\nThe mass killing being proposed by the Ontario government is a political response to anecdotes, unsubstantiated claims and complaints by a small group of radical fishermen, supported by special interest groups. There is no substantive body of scientific evidence supporting their position. Instead of making cormorants a scapegoat for environmental problems they have nothing to do with, attention should be given to addressing the issues that actually do affect fish populations and aquatic environments, such as climate change, pollution, shoreline and habitat destruction, over-fishing and a broad range of other issues.\nI oppose the mass killing of cormorants as an unnecessary, outdated,  environmentally damaging, and cruel proposal.\n"
    },
    "14948": {
        "url": "/comment/14948",
        "comment": "ERO number\n013-4124\nNotice type\nPolicy\nAct\nFish and Wildlife Conservation Act, 1997\nPosted by\nMinistry of Natural Resources and Forestry\nNotice stage\nProposal\nProposal posted\nNovember 19, 2018\nComment period\nNovember 19, 2018 - January 3, 2019 (45 days) Open\nI do not agree with this proposal.\nI offer you to look at the science, not the complaints of hunters and fisherman. All this proposal and possible bill, if passed, does, is lessen protection for bio diversity. Money is not more important then life. Mother Nature looks after things until man interferes; and again in this case; man is interfering.\nDouble-crested cormorants are native Ontario birds that have repopulated parts of their former range; they fulfill a valuable ecological role. Not only do they benefit biodiversity, they help generate healthy fish populations and should be considered an integral component of Ontario\u2019s natural heritage.\nWhy is it always kill and not protect?\n"
    },
    "14950": {
        "url": "/comment/14950",
        "comment": "I agree 100% with a proposal to allow hunting of cormorants. I believe the effectiveness of the program however is almost completely dependent upon the rules to be set about disposing of dead cormorants. If hunters are going to be required to retrieve, bag and dispose of the dead birds [ how and where? ] the program will probably fail. I for one would be prepared to help cull these offensive birds, but I wouldn't want to transport carcasses in my fishing boat.\nThe cormorants certainly detrimentally effect our fisheries, but on top of that they are filthy, smelly birds whose excrement kills almost everything it touches. While in Cape Breton Island a local small sailboat cruise operator showed everyone aboard pictures of pristine islands once in the lake, and how today the islands were either completely gone or 1/4 their previous size because the toxic cormorant excrement had killed all the vegetation and broken down the limestone and coral islands so they washed away.\nI hope this proposal goes forward very quickly, but I also hope that many other options are being considered, like oiling cormorant eggs, and maybe even baiting some cormorants [ if that can be done without harming other wildlife.] I have read newspaper articles about this proposal and some of the weak arguments against it. I for one feel that anything that saves our resources from cormorants is good. Everyone I have spoken to about this is in favor, provided the disposal issue is cleared up.\n"
    },
    "14951": {
        "url": "/comment/14951",
        "comment": "I cannot believe why this government has made such a backwards decision !  Double-crested cormorants are native Ontario birds that have repopulated parts of their former range and they fulfill a valuable ecological role. Not only do they benefit biodiversity, they help generate healthy fish populations and should be considered a integral component of Ontario\u2019s natural heritage.\n"
    },
    "14952": {
        "url": "/comment/14952",
        "comment": "I am a concerned citizen who is disturbed by the  ministry\u2019s plan to include double crested cormorants in its list of game birds. It does a great disservice to the sport in general. The image of a hunter shooting into a flock of these birds for no purpose other than to destroy them  ( since they are inedible) is really off-putting. To have permission to kill 50 per day for months and months is difficult to understand  . The department will have \u2018 a lot of explaining to do \u2018 when  carcasses start  washing  ashore .\nLeave them alone.\n"
    },
    "14953": {
        "url": "/comment/14953",
        "comment": "So this legislation is a response to concerns about \"too many cormorants.\"  What does that mean? The government's offered no real data to back up a litany of unsubstantiated claims and anecdotes. But it's ready to give hunters an essentially unmonitored license to kill.\nFifty cormorants per hunter per day...  fourteen THOUSAND a season. It's an invitation to use these creatures for target practice -- and leave the carcasses behind to rot.\nBefore this proposed slaughter (or any amended version of it) gets a green light, show us the science. Prove that these birds have truly compromised fish stocks, or that their numbers are anywhere near out of whack. Estimates put the double-crested cormorant population at about 125,000 in the Lower Great Lakes Region. With legislation like this, these birds could be gone in a heartbeat.\n"
    },
    "14954": {
        "url": "/comment/14954",
        "comment": "I am totally opposed to this proposal.  I do not believe that cormorants should be designated as a game species.   The proposal establishes a limit on the number of cormorants that anyone with a small game license can kill that is much too  high.  And it is unconscionable to allow the carcasses to spoil.\nThis proposal, if enacted, could lead to the destruction of many cormorant colonies, and possibly the ultimate loss of yet another species.  There is no scientifically supported justification for this proposal.\n"
    },
    "14957": {
        "url": "/comment/14957",
        "comment": "This is  stupid and unnecessary .\nThe Government of Ontario says it is responding to concerns about too many cormorants, depleted fish stocks and environmental damage. But those concerns are largely just anecdotes, complaints from a small, radical segment of the fishing community, and unsubstantiated claims that were debunked long ago. There is no substantive body of evidence proving that cormorants are depleting fish stocks or causing any ecological problems whatsoever.\nThe reality is that cormorants are a natural part of Ontario\u2019s rich biodiversity and an ecologically beneficial species, being major predators of invasive fish species, like round gobies and alewives, attracting other waterbirds to their nesting sites, and serving other important functions in the ecosystems they inhabit.\nI do not understand this irrational hatred of these birds.\n"
    },
    "14958": {
        "url": "/comment/14958",
        "comment": "To whom it may concern:\nThe killing of 14000  Commorants PER SEASON is inhumane and further research from your council there needs to be brought to your attention because  there is a lot of misinformation there!\nThe argument that these birds destroy ecosystems is ridiculous, they are a naturally occurring native bird, so basic ecology and common sense would tell us they would not survive as a species if they destroyed their own ecosystem. And while their droppings can kill their nesting trees, the nutrient-rich guano will lead to a new round of healthy plant and animal life.  As for the fact that they are 'eating all the fish', they do eat fish, but only 2% of their diet consists of commercially valuable species, and they actually eat invasive fish species.The mass killing of cormorants will not be beneficial.\nIf you in fact, proceed with the process of killing them you willl force other bird species to vacate the colony sites they share.\nCormorants are beneficial because their diet consists of very large numbers of primarily invasive fish, such as alewives and round gobies, as well as other non-commercial, non-forage species.  It is the commercial fisheries in Lake Erie and other lakes that are depleting fish populations, not cormorants!! The mass killing being proposed by the Ontario government is a political response to anecdotes, unsubstantiated claims and complaints by a small group of radical fishermen, supported by special interest groups. There is no substantive body of scientific evidence supporting their position. Instead of making cormorants a scapegoat for environmental problems they have nothing to do with, attention should be given to addressing the issues that actually do affect fish populations and aquatic environments, such as climate change, pollution, shoreline and habitat destruction, over-fishing and a broad range of other issues.\nThe proposed designation of cormorants as game animals, along with a non-utilization exemption that allows the carcasses to rot should be an affront to every hunter who believes in sportsmanship, fair chase and ethics.\nYou must  reconsider.\nThis is the worst policy to date that this government has implemented.\n"
    },
    "14959": {
        "url": "/comment/14959",
        "comment": "I am writing to strongly voice my opposition to this proposal.\nthere are several reasons I oppose this.\n1.  This is a recipe for disaster!  I am a cottager in Ontario and Double crested cormorants nest on tiny islands on my lake.  To allow someone to sit in a boat and shoot at these birds during the summer months when so many people are on the lake is an accident waiting to happen.  You cannot allow hunters with guns out on the lake while others are swimming, water skiing, canoeing, etc.  This proposal is blatantly irresponsible!!\n2.  You say there continues to be concerns expressed by some groups (commercial fishing industry, property owners) and individuals that cormorants have been detrimental to fish populations, island forest habitats, other species and aesthetics.\nas a result of those concerns, you are responding with this proposal.\nMy question is:  Where is the science to support the claims that Double crested cormorants are detrimental to fish stocks?  In fact, Double-crested cormorants are native Ontario birds that have repopulated parts of their former range and fulfill a valuable ecological role. Not only do they benefit biodiversity, they help generate healthy fish populations and should be considered a integral component of Ontario\u2019s natural heritage.  According to the Canadian Wildlife Service, only 2% of their diet consists of commercially valuable fish and they actually eat invasive fish species.  While their droppings can kill their nesting trees, the nutrient-rich guano leads to a new round of healthy plant and animal life.\nUnder the Fish and Wildlife Conservation Act, property owners may harass, capture or kill wildlife that is causing or is about to cause damage to their property.  Property owners have the right to deal with problems as needed.  The province does not need to declare 'open season' to help property owners.\n3.  You are proposing to list the double-crested cormorant as a \u201cGame Bird\".  If this is a game bird then why is the Ministry also consulting on a proposal to amend the Fish and Wildlife Conservation Act to add provisions so hunters could allow cormorant to spoil.  How is it considered a game bird if no one is eating them?\n4.  You are proposing an open hunting season for double-crested cormorant from March 15 to December 31 each year across the province with a bag limit of 50 cormorants/day with no possession limit.  That means each hunter could kill over 14,000 birds per year.  And with no means to track volume as the birds will be left to spoil, any hunter could kill more than that. This essentially adds up to a province-wide cull of this species.\nThank you for considering my comments.\n"
    }
}