{
    "16662": {
        "url": "/comment/16662",
        "comment": "Many years ago, in Hamilton, a cull was done on SeaGulls, as they were considered a \"nuisance\" bird.\nUpon doing so, the cormorant bird had taken the place of where the seagulls dominated. But it wasn't long, before the cormorant was accused of eating our fish supply meant for other native birds, and fish in the area. The cormorant has been known as Fish Enemy #1.\nHumans are the ones who allowed this to happen, and sadly, the innocent cormorant, is now the Bullseye Target.\nKilling innocent birds is not an effective way of \"cormorant birth control\".\nIt just gives psychopath hunters a reason to get their jollies off killing innocent animals.\nThere's other ways to correct this, but sadly, most think killing an entire species is the answer. When the lead from the bullets, kill pets, or get into the water supply, poisoning families....maybe THEN people will wake up.\nThese trigger-happy humans, need to find a new hobby.\nJane the Canadian.\n"
    },
    "16663": {
        "url": "/comment/16663",
        "comment": "Double Crested Cormorants are a scourge on the lakes and rivers of Ontario.\nWithout having a proper understanding of the logistics to having them registered as nuisance animals without a hunting season at all.  (season similar to rats and mice)  then I am all in favour of having as liberal a season with as large a bag limit as is possible to help reduce their numbers.\nThey have caused great damage to my farm ponds that used to be stocked with fish and the terrible smell generated by the colonies of them across southern Ontario is obnoxious.\n"
    },
    "16666": {
        "url": "/comment/16666",
        "comment": "I am against this despicable cormorant hunt.  The numbers point to the fact that overhunting can eradicate the entire population.  And just leaving the carcasses to rot is untenable.  Thousands of rotting bodies in the lake and on our beaches will pollute the air, the land and the watershed.  This has got to be one of the most wrong-headed, unreasonable ideas this new Conservative government has come up with.\n"
    },
    "16667": {
        "url": "/comment/16667",
        "comment": "I do not oppose implementing a season for cormorant hunting, and think listing this species as a game bird has great potential for tourism and economic development along the great lakes. I do however think that hunting cormorants should require an additional license and not be included with a small game license. I would envision a licensing system similar to the Wild Turkey reintroduction. In the same way this would address uncertainty in the size of what may be a recovering bird population and to be sure that possession and bag limits are set property that this species, provide a revenue stream for cormorant monitoring and conservation, and measure demand for hunting this species.\nI also disagree with waiving the requirement to prevent spoilage. I have multiple concerns including the ethics of spoiling game meat, the image of the hunting community that perpetuates and the wanton waste it represents. Recipes for preparing cormorant exist so I believe this bird should be treated as other game birds.\n"
    },
    "16668": {
        "url": "/comment/16668",
        "comment": "I support the Ministry's plan.  Cormorants are not a native species.  They have multiplied rapidly. To my knowledge, they have no predators.  In addition, they are devasting the fish in Georgian Bay and the inland lakes and crowding the habitat of our native species ...... ducks and loons.\nFor these reasons, I fully support the Ministry's plan.\n"
    },
    "16671": {
        "url": "/comment/16671",
        "comment": "The Canadian Society of Environmental Biologists wishes to provide comments to Proposal 013-4124 to establish a hunting season for double-crested cormorants in Ontario.\nWe suggest that the Ontario Ministry of Natural Resources and Forestry conduct population surveys before developing any hunting regulations. Should a hunting season be implemented based on the results of the surveys, it is recommended that it should be temporary until numbers are reduced and that it is accompanied by continued annual population monitoring by the Ministry. The use of nuisance wildlife permits may also be an option to deal with specific human conflict instances.\n"
    },
    "16673": {
        "url": "/comment/16673",
        "comment": "Thank you for the opportunity to comment on the proposed DC Cormorant hunt (cull). I am an avid field naturalist and have worked in the natural heritage conservation/environmental education field professionally for 40 years starting with MNR (F) and continuing my career with the CWS, Ontario Conservation Authorities and presently teach college in Ecology and greenspace management.     While I, like many others have witnessed the growth of cormorants throughout Ontario, I cannot agree with the proposed hunt. In all I have read on cormorants, particularly peer-reviewed journal articles, few list predation on \"game fish\" as a serious issue. Most literature lists \"coarse\" or \"forage\" fish as the main food source. I have seen the coastal/riparian habitat damage done by these birds and solutions to this situation should be pursued, but not through a recreational sport hunt. My concerns are many, but 3 that I worry most about are 1) - the potential danger at worst and in the least, potential disturbance to the non-hunting public who enjoy outdoor recreation throughout the proposed hunting season in areas where the hunting would take place - namely the lakes and wetlands found in southern and central Ontario.  Imagine a family canoeing a lake shore in May, June, July, August or September and encountering hunters in an anchored boat blasting away at a cormorant colony, 2) - which may contain, Great Blue Herons, Black-crowned Night Herons, Great Egrets and even White Pelicans. And (3) what about enforcement? Our Conservation Officers are hard pressed to fulfill tradition enforcement obligations let along taking on patrolling expanded areas and dealing with a potentially new type of \"recreational hunter\" who is hunting not conscientiously but rather taking out their anger and frustration on cormorant colonies for the destruction these hunters perceive the birds are doing.  In conclusion, I encourage the Ontario government to reconsidered this unwarranted cormorant cull and open a greater dialog  with Ontario residents to investigate a better solution. Thank you.\n"
    },
    "16675": {
        "url": "/comment/16675",
        "comment": "I\u2019ve seen the damage and increase population as a fishing guide !  Loss of bait and sport species .  Damage to natural trees plus the horrible smell !  We need to control them .\nThanks Greg\n"
    },
    "16676": {
        "url": "/comment/16676",
        "comment": "The slaughter of these cormorants is horribly ill-conceived, opposed by almost all experts in the field and is set up (if you look at the obvious math) to completely wipe out these birds.\nAs well, the entire approach of the government in this matter is arrogant and hysterical.\nI STRONLY OPPOSE THIS PLAN!!\n"
    },
    "16677": {
        "url": "/comment/16677",
        "comment": "Re: Environmental Registry of Ontario #013-4124 \u2013 Proposal to establish a hunting season for double-crested cormorants in Ontario\nAttn: Public Input Coordinator, Species Conservation Policy Branch\nWe would like to thank you for the opportunity to comment on ERO #013-4124 - Proposal to establish a hunting season for double-crested cormorants in Ontario.  As an animal welfare organization in Ontario that advocates for all animals, the Guelph Humane Society is strongly opposed to the proposal due to the potential ecological, conservation, and welfare impacts.  Here is a summary of our main concerns:\n1.\tThe proposal does not present any scientific evidence to support the need for reducing cormorant populations.\nAs outlined in the proposal, cormorant populations are stable or potentially decreasing.  This statement is substantiated by data presented in an Environment Canada Great Lakes Fact Sheet on cormorants.  In addition, the proposal goes on to state that there have been concerns \u201cexpressed by some groups (commercial fishing industry, property owners) and individuals that cormorants have been detrimental to fish populations, island forest habitats, other species and aesthetics.  To respond to these concerns, the Ministry is proposing to create a hunting season for double-crested cormorants in Ontario.\u201d  This statement suggests that the proposal is not being driven by scientific research or evidence, but merely the conjecture of special interest groups with no scientific basis.\nAs a species that is native to Ontario, it is inappropriate to describe double-crested cormorants as \u201cdetrimental\u201d.  In fact, scientific studies have repeatedly demonstrated that the primary diet for cormorants is largely non-commercial, shallow-water fish, and cormorants likely have little, if any, impact to fish populations harvested commercially.  Furthermore, including concerns about \u201caesthetics\u201d as a factor in the need for implementing a hunting season for cormorants is especially worrisome, as it has no basis in sound conservation management decisions.\nThe Ministry must ensure that changes to policy affecting wildlife is made based on solid scientific evidence.  Public policy on environmental issues cannot be made based on the desire of special interest groups to expand hunting opportunities.  To implement policy changes without scientific basis is contrary to responsible environmental stewardship.\n2.\tThe proposed length of the hunting season and the high daily bag limit.\nThe proposed hunting season of March 15th to December 31st is excessively long and would make cormorants a potential target of hunting activity throughout the time that they spend in Ontario, including during the nesting season.  Sound conservation management strategies generally protect birds during the nesting season, and a failure to do so is indefensible when considering both the conservation and welfare implications.  In addition, there is also a great risk to other bird species that share habitat with double-crested cormorants, such as various species of gulls and herons.  These species could be negatively affected by both hunting activities, as well as carcass retrieval during their nesting season, which could inadvertently create conservation and welfare concerns for these species as well.\nIn addition, the proposal fails to identify any population reduction targets that are meant to be achieved through the implementation of a hunting season.  Instead, the proposal sets a daily bag limit of 50 birds/day, with no possession limit, over a nine-month period.  This approach creates the potential for a staggering number of birds to be killed within a short time frame.  Without identified population targets, and continued monitoring of cormorant populations, this policy change has the potential to exploit and decimate these birds.\n3.\tThe proposal would lead to the unnecessary suffering of many cormorants, as well as serious ethical and animal welfare implications.\nGiven that this proposal would permit cormorants to be shot from a distance, and permitted to \u201cspoil\u201d (i.e. not be collected), birds could be wounded but not fatally shot and left to suffer.  In addition, given that aesthetics has been mentioned previously as a factor in the proposed hunting season, the sight of injured or deceased birds in recreational areas is certainly not aesthetically pleasing and could be traumatizing to other members of the public that use the area recreationally.\nThe proposal also fails to recognize other management strategies that would reduce the cormorant population and are much preferred from an ethical perspective, such as egg oiling, egg addling, or replacing eggs with false eggs.  Employing culling strategies as a population management tool when less invasive (and more effective) options are available is immoral and should be avoided without exception.\nAnd from a broader conservation management perspective, while hunting, trapping, and capturing animals have been commonplace management strategies for decades, the concept of Compassionate Conservation is a rapidly growing transdisciplinary field that fully considers animal welfare and ethics in conservation, research, policy, and practice.  The following principles are fundamental to Compassionate Conservation*:\n\u2022\tRespecting wild animals for their inherent value, not just as a resource for people\n\u2022\tRecognizing the importance of individual animals within their population as they provide stability for groups\n\u2022\tAvoiding using labels like \u201cpest\u201d because the label reflects attitudes\n\u2022\tUnderstanding that co-existence is often a more effective management option\n*Source: British Columbia SPCA - https://spca.bc.ca/ways-to-help/take-action/wild-animals/compassionate-\u2026\nAs such, the indiscriminate killing of cormorants, and the welfare implications that these birds will suffer as a result, is unethical and demonstrates a disturbing lack of compassion and respect.  We urge the Ministry to instead implement a policy that embraces the concepts of Compassionate Conservation, and utilizes the expertise of both conservationists and animal welfare scientists to develop meaningful policy.\nDue to the concerns identified above, the Guelph Humane Society strongly encourages the Ministry to reject the proposal.  Policy decisions must be based on scientific evidence, and must ensure that ecological, ethical, and animal welfare implications are considered and evaluated.\nSincerely,\nGuelph Humane Society\n"
    },
    "16679": {
        "url": "/comment/16679",
        "comment": "I strongly object to the proposed \u201chunt\u201d of Double-crested Cormorants in the Province of Ontario. I have lived on the edge of Lake Ontario overlooking two major nesting islands for more than three decades. The cormorants returned to this area in 1982, and I have observed the changes their return has wrought to vegetation on the islands near the east end of Lake Ontario. But I have also noticed that the population appears to be stable now, and the damage to vegetation is already done.\nI object for several reasons: the inappropriate science, the proposed season, the large bag limit, the threats to safety, and the certainty of collateral damage.\n1.\tInappropriate science. Since the cormorant population appears to be stable or declining, where is the science to say the cormorant population must be reduced? If research determines that population reduction is imperative, then undertake other techniques to control population such as egg oiling, harassment in the fall, or, worst-case, a controlled cull conducted away from the nesting season. Other jurisdictions have found these techniques effective.\nSome who fish firmly believe that cormorants threaten the game fish population. From what I have read in scientific studies, cormorants eat some game fish, but consume large quantities of Round Goby. This fish species, introduced by accident in the ballast of ships, is a major predator of our native perch population, so cormorants may well help encourage growth in the game fish population through their consumption of Round Goby.\n2.\tPermitting a hunt for more than nine months per year is not sporting. Ontario permits hunting of other game species during the fall and winter, with a few species where hunting is allowed in early spring. During the summer, cormorants congregate for nesting and spend an extended time \u2013 together with other bird species \u2013 laying eggs, tending nests, and tending young on small islands where they are \u201csitting ducks\u201d for shooters operating from boats. See my point for collateral damage for further discussion on this topic. Legal shooting during nesting season is cruel and dangerous.\n3.\tAllowing a bag limit of 50 cormorants per day is frankly ridiculous, and certainly not sporting. How will a shooter ever manage to properly dispose of 50 cormorants? A normal fishing boat cannot even hold 50 carcasses. Where will a shooter manage to dig a big enough pit to bury 50 cormorants per day? No other game species has such an astronomical bag limit.\n4.\tThe threats to safety arise largely from the length of the proposed season. I live in Kingston. Kingston describes itself as the freshwater sailing capital of Canada. I watch boaters, kite surfers, windsurfers, and fishers enjoying Lake Ontario every summer day. Permitting the shooting of cormorants from boats during summer months threatens this recreational enjoyment of the lake.\n5.\tCollateral damage and environmental degradation will result from my three previous points. For example, where the shooter is unable to retrieve the cormorant carcass, it will wash up along the Kingston shoreline as the prevailing winds run across Snake and Salmon islands (major cormorant nesting islands) toward the northern shoreline of Lake Ontario and the St. Lawrence River. Shooting cormorants during nesting season will certainly trigger the starvation of remaining untended young, and their carcasses will also wash up along the shoreline and/or decompose and damage the water quality of Lake Ontario. Our city will suffer.\nMy house looks over Snake and Salmon islands. A number of other species nest on these two small islands \u2013 some considered vulnerable in our province. Any hunt during nesting season where shooters aim toward these small islands crowded by nesting birds will certainly result in collateral kill of gulls, shorebirds, and other species.\nIn summary, I ask that the Ontario government withdraw its proposal for the so-called hunt of Double-crested Cormorants. If solid research shows that the cormorant population needs to be controlled, please adopt proven techniques for population control: egg oiling, harassment, or as a last resort highly selective culling away from nesting season.\nIt is not fair to Ontario residents to do otherwise.\n"
    },
    "16681": {
        "url": "/comment/16681",
        "comment": "I oppose the wholesale slaughter of any animal to serve commercial or private interests, preferring to let nature look after itself.  I do have a number of questions  on the proposed cormorant regulations:\n1.\tWhy, if the cormorant population \u201chas stabilized or declined slightly\u201d since the early 2000\u2019s, are we now contemplating an open season with a daily limit of 50 cormorants?\n2.\tWhy would cormorants be considered game birds?  They are not known for their meat, bags will be allowed to spoil, and their behaviour largely is stationary, with their \u201chunting\u201d amounting to shooting \u201csitting ducks\u201d.\n3.\tWhat is the population of cormorants in Ontario?  Distributed where?\n4.\tIn which areas are cormorants \"detrimental to fish populations, island forest habitats, other species and aesthetics\u201d?\n5.\tWhy will there be an after-the-fact study of the cormorant population to accompany the hunting season?  Should such a study not precede any hunting regulations or season?\nThere is too much \"cart before the horse\" in this proposal.  Please determine and advertise the facts before proceeding.\n"
    },
    "16682": {
        "url": "/comment/16682",
        "comment": "I agree both personally and professionally as a charter fishing owner/operator that there should be a open season to shoot/hunt for double breasted cormorants.\n"
    },
    "16683": {
        "url": "/comment/16683",
        "comment": "I am totally against the proposed changes for a number of reasons. I have hunted in the past in this province and others in this country. I currently am not a hunter but support regulated hunting as a means of obtaining venison for personal use and in very specific circumstances, for controlled management of populations of wildlife.\nThe changes proposed are in my opinion totally out of control and a shunning of responsibility by the Ministry of Natural Resources and Forestry.\n1. The cormorant is a native species that has responded to improvements in the environment and has re-inhabitated the great lakes basin on its own. We drove it away in the 60's and 70's with our use of chemicals and once we realized our error, we began a clean up which improved water quality, removed most toxic chemicals and allowed this species to re establish itself in this province. One of the other factors that allowed it to re-establish itself was the abundance of nearshore food, namely the invasive alewife, a species introduced to the Great Lakes and a species managers wished to control. With the reduction in alewife due to over stocking of chinook salmon, natural production of chinook salmon and other environmental changes, the cormorant needed to switch to another source of food and it found that other native inshore species were rebounding at the same time alewife were declining. Walleye and yellow perch in parts of the Great Lakes were becoming very plentiful and a perfect source of food for this bird, but unfortunately this meant competition with the ultimate predator, us!  Bottom line is we created the history of this bird in the Great Lakes and rather than continue to think we can manipulate the ecosystem better than mother nature, we should be way more cautious than we have been in the past in trying to manage a single species.\n2. Single species management policies do not work. Never have and never will. Once again, bottom line is by trying to deal with this individual species in a very extreme manner, we will be creating a situation for change for which we have no plans or idea of the consequences.\n3. Controlled management does, I concede, have its place in very specific circumstances.  There is nothing specific about this management action.  A 50 bird bag limit with no possession limit, means virtually no control whatsoever. In addition, the suggested change in the F+W Act to allow disposal of these birds is preposterous.  That is no longer hunting and if fact that is not controlled in the least. That is open killing and eradication, plain and simple.  It opens the door to waste killing in all kinds of other situations. Not a precedent one should be setting.\n4.It is the Ministry of Natural Resources responsibility to manage the resources of this province for we the people. IF the MNRF feels there is sufficient evidence to indicate a positive overall ecological response to controlling cormorant populations, then I would support controlled management of those populations. But I do not see any presentation of scientific evidence of a positive ecological response. I do not see any resemblance of \"control\" in this proposal either.  All I see is the MNRF evading a situation and neglecting their responsibilities to act in the interest of ALL Ontarian's.\nI repeat, I am totally against all of the proposed changes put forth in this management action.\n"
    },
    "16684": {
        "url": "/comment/16684",
        "comment": "As way of introduction I hunt, fish and trap. I have seen the rise of the cormorant population over the last 36 years. In 1984 when I moved to area along Georgian Bay we would occasionally observe a cormorant or two. I have seen them grow in numbers that would have been hard to imagine in 1984. once while fishing on the bay out from Waubaushene we observed a constant flight inwards that I would estimate easily over 2 thousand cormorants.I have also observed the increase in raptors both hawks and eagles in the areas I frequent.A nother benefit of banning DDT!\nIslands that used to be used by gulls are now barren of anything but cormorants. All vegetation is dead. This includes trees and greenery. They need to be controlled! I would suggest spring and fall culls.closed june,july and august. Some people may eat them but I have no intention(tried eating greater merganser and it was unpleasant) they need to be disposed.In order to track numbers killed i would suggest 50 bird limit and pay a bounty  $3 to $5 to encourage people not to shoot and leave floating.Ministry offices could offer same to bear hunters in those districts or proper burial.  I am  aware of the MNR oiling of eggs but the population continues to grow unchecked.we know they don,t just consume smelt and alewifes! When I see 100 birds diving in the same bay I am fishing bass I know what they are eating!They need to be culled, it also has to be done with consideration of those that see it as a mass murder of a species. Set a goal number per year, report kills and location within 48 hours to MNR.\n"
    },
    "16685": {
        "url": "/comment/16685",
        "comment": "On proposed hunting of the Double-crested Cormorant (Phalacrocorax auritus) in Ontario; a scientifically baseless and environmentally naive proposition\nRE: EBR Registration number 013-4124\nExecutive Summary:\nThe Government of Ontario's current proposal to introduce an open hunting season on Double-crested Cormorants from March 15 to December 31 each year has no basis in scientific knowledge and neglects the interests of a wide variety of citizens who interact with wildlife without killing it. This document offers a critique of the government's proposal while citing the relevant scientific knowledge. Often-repeated concerns by some hunters and recreational anglers that cormorants negatively impact fish populations, forest habitat, and other species have been thoroughly qualified or debunked. Notably, lethal management of waterbirds does not address the root causes of fish population instability or decline, and directly contradicts current conservation measures at local, regional, national, and international levels.\nThe government's hunting proposal is gratuitous, irresponsible, and cruel. In particular, the proposal to allow hunters to kill 50 cormorants per day could feasibly permit the eradication of the entire species from the Great Lakes in a single year, assuming below average hunter engagement. More specifically, if only 1 in 100 Ontarian hunters each killed only 50 cormorants over an entire hunting season, this would still be enough to eradicate the species from the Great Lakes entirely. The Double-crested Cormorant is a native species to Ontario whose population has only recently recovered from human persecution and pollution-induced declines. This is no time to be stepping backwards. This species has a right to exist and feed on its native land, and the government has an ethical and legal responsibility to ensure its relative health.\nIntroduction:\nThe Double-crested Cormorant (Phalacrocorax auritus) is a native species to North America, including Ontario and the Great Lakes. Its existence on the continent predates any human inhabitance by about 1 million years. However, since the time of European colonization and up to present day, the species has often been mercilessly persecuted (Wires 2014).\nThe Ontario government is proposing the creation of an open hunting season for Double-crested Cormorants from March 15 to December 31 each year, with a special classification as \"small game\" in central and northern Ontario from June 16 to August 31 each year, which would allow even more hunters to target these birds during these weeks. The proposal (EBR 013-4124) is being justified as a \"management tool,\" a justification that has no scientific or ethical basis.\nThis document aims to summarize the current state of knowledge about the Double-crested Cormorant in and around the Great Lakes, and to critique the Government of Ontario's hunting proposal on all relevant points.\nCritique of EBR 013-4124:\nIn this section, I quote a piece of the Government of Ontario's proposal and then critique it.\n*** \"Double-crested cormorant (Phalacrocorax auritus) populations declined significantly in the Great Lakes from the 1950s to the 1970s primarily due to environmental contaminants affecting reproduction. Their numbers began to increase rapidly from the 1970s to the early 2000s, with the latest information indicating Great Lakes populations have since stabilized or declined slightly.\"\n- This statement is essentially accurate, but it neglects to mention two important points. First, Double-crested Cormorants are a native species to the Great Lakes. Second, before the human-induced contaminant-based declines of the mid-20th Century, they were hunted extensively. Population analyses of current and historical data indicate that cormorant populations were likely much higher than they are now in the Great Lakes before the advent of European settlement (Wires & Cuthbert 2006). The current population rebound is a common pattern for waterbirds in North America (Blight et al. 2015) and Europe (Grandgeorge et al. 2008) following protection from hunting in the early 1900s (North America) and late 1800s (Europe). The species is not overabundant in the region in any historical or scientific sense, in direct contradiction to the common assertions of many anglers and hunters (see a typical example at OFAH 2018).\n*** \"There continues to be concerns expressed by some groups (commercial fishing industry, property owners) and individuals that cormorants have been detrimental to fish populations, island forest habitats, other species and aesthetics.\"\n- Dozens of studies over the past three decades have repeatedly shown that cormorants do not have a significant negative impact on commercial fish populations, with most of these studies targeted specifically on the Great Lakes. For example, studies on Lake Ontario indicate that fish most attractive to human fishermen (Lake Trout and Salmon) comprise less than 2% of cormorant diets, and that cormorants consume about 0.5% of critical prey fish, an insignificant number especially when compared against the 13% taken by sport fishermen (Weseloh & Collier 1995). Many other studies that fail to show a meaningful impact of cormorants on open fisheries are discussed in Reed et al. 2003. Moreover, it is well known that cormorant diets consist of mostly nonsport fish species like the invasive Alewife (Alosa pseudoharengus) (e.g. see Belyea et al. 1999, Reed et al. 2003). Anglers have been shown to impose far more stress on their preferred fish populations than cormorants do on theirs (Ridgway et al. 2012).\nOn the other hand, evidence does exist that cormorants can negatively impact aquaculture systems (a distinct concern from openwater fisheries). However, it has been thoroughly documented that lethal management tools are not effective at solving this problem, and are likely to simply allow other piscivorous species to take the cormorant's place (see Reed et al. 2003 for detailed discussion and many relevant references).\nIf the Government of Ontario is truly concerned with the health of the Great Lakes ecosystem, then it would be wise to actually pay attention to what ecologists have to say on the issue. Management of piscivorous birds does not address the root causes of fish population instability or decline. Moreover, it directly contradicts current conservation measures, locally, regionally, nationally, and internationally. The most important factor affecting fish stock in the Great Lakes is the establishment of more than 150 exotic and invasive species, many of which have direct, documented impacts on the health of Ontario fisheries (e.g. see Belyea et al. 1999, Wires & Cuthbert 2006).\n- It is true that nesting cormorants can drastically affect island forest habitats at a very localized level. Cormorant excrement can quickly kill trees and surrounding plant life, which of course will alter the local ecosystem. However, it must be emphasized that these changes occur at an extremely localized level; i.e. there is no evidence that cormorants have an appreciable effect on forest habitat away from the immediate vicinity of their nesting and communal roosting sites.\nFurthermore, there is no evidence that cormorants are threatening island forest habitat in general. In fact, as a native species to the Great Lakes, the default ecological position would be that cormorants are simply active members of a healthy regional ecosystem. There may exist very particular cases where cormorant control is desirable (e.g. to protect the rare habitat of Middle Sister Island, Hebert et al. 2005), but in these cases population control measures must be justified scientifically and instituted only by trained wildlife professionals. Moreover, nonlethal control measures should always be considered first. Such techniques (e.g. habitat enhancement and social attraction) have been shown to be quite successful at relocating cormorants away from sensitive forest areas (Suzuki et al. 2015). Each potential case is unique; there are no generalizable reasons to justify cormorant control.\n- There is no evidence (outside of occasional anecdotal observations) that cormorants negatively affect other species (Cuthbert et al. 2002). In particular, Cuthbert et al. (2002) reported that cormorants do not negatively influence Great Blue Heron (Ardea herodias) or Black-crowned Night-heron (Nycticorax nycticorax) populations. While these species often compete (naturally) for limited nesting sites and can have similar \"detrimental\" consequences on forest habitat, cormorants are the only species singled out for persecution under the guise of 'wildlife management.' Cuthbert et al. (2002) explicitly advise that \"cormorant control policy should not be justified by assumption of potential impacts on other waterbird species.\"\nIt is also important to note that some species may actually benefit from cormorant-induced habitat change. Dorr and Fielder (2017) pointed out that American White Pelicans (Pelecanus erythrorhynchos), an officially 'threatened' species in Ontario, may benefit from these habitat changes as they prefer to nest on remote islands with sparse vegetation.\n- The supposed negative effect on 'aesthetics' that cormorants can have is obviously entirely subjective. Birders are certainly likely to claim that cormorants have many positive aesthetic qualities. Moreover, it is important to once again note that Double-crested Cormorants are a native resident and nesting species of the Great Lakes. Thus, 'aesthetic' considerations seem rather irrelevant.\n*** \"Create an open hunting season for double-crested cormorant from March 15 to December 31 each year across the province.\"\n- Even discounting all the previous information that stands in opposition to cormorant hunting, the Government of Ontario's proposed hunting season is gratuitously long. Crucially, it extends across the entire breeding season of the species, from approximately May to August. Cormorants generally nest only once per year, unless their nest fails early enough in the breeding season and, like most seabirds, they have a very high rate of mate fidelity (e.g. Aebischer et al. 1995). Thus, killing a single adult bird during the breeding season can have the likely consequence of wiping out that bird's offspring for the entire year. If hunting is permitted at or near nesting colonies, this could lead to nest abandonment en masse, condemning any chicks to death by starvation and/or exposure.\nEthically speaking, such a proposition is unacceptably inhumane and could easily destroy the relative health that this species' population has only recently begun to enjoy.\n*** \"Create an exemption allowing small game licences to be valid for double-crested cormorant hunting in central and northern Ontario from June 16 to August 31 each year.\"\n- This policy would serve to only exacerbate the problems previously described. Such an extension of the cormorant hunt could be particularly deleterious given that this proposed small game license time frame would coincide with fledging at cormorant colonies, the time when young cormorants are at their most vulnerable and are poorest equipped to fend for themselves.\n*** \"Establish a bag limit of 50 cormorants/day with no possession limit.\"\n- This is an astoundingly short-sighted proposition. The average hunter in Canada will engage in hunting-related activities approximately 44 days of the year (FPTGC, 2014). Supposing hunters kill 50 cormorants a day for only half of these days would mean that each hunter would kill 1100 cormorants per year, on average. The Canadian Nature Survey (FPTGC, 2014) reports that about 709,500 Ontarians participate in hunting activities. If only 1 in every 100 of these hunters participated in this type of kill, this would lead to nearly 8 million dead cormorants in a single year alone, not adjusting for nestling and fledglings mortality due to parental death. The entire Great Lakes population is estimated at only about 250,000 birds, and the entire global population is estimated at about 2 million (Dorr et al. 2014). [Calculation notes: 14,190,000 x 5% = 709,500 number of hunters in Ontario (5% of total Ontario population figure taken from the Canadian Nature Survey - FPTGC, 2014). 1 in 100 hunters: 709,500 x 1% = 7095. This many hunters killing 50 cormorants a day for 22 days in a year: 7095 x 50 x 22 = 7,804,500 cormorants dead.]\nMaking a similar calculation, if only 1 in every 100 Ontarian hunters killed only 50 cormorants per entire hunting season, this would still be enough to eradicate the species from the Great Lakes in a single year. It is obvious that whoever proposed this bag limit has not done the slightest bit of calculation to consider its most rudimentary effects on the cormorant's population. [709,500 hunters in Ontario. 1% of these totals 7095 hunters. This many hunters killing 50 cormorants over the course of an entire hunting season: 7095 x 50 = 354,750 dead cormorants.]\nCormorants would not be difficult to hunt. They are generally quite tolerant of a variety of human disturbances, including motorboats. They nest conspicuously out in the open. Colonies usually consist of a few hundred pairs at most (Wires & Cuthbert 2006). A single hunter could therefore easily eradicate an entire colony of cormorants in less than a week's time. Cormorants are also well-known for their prominent and frequent outstretched wing displays in open locations. These displays are thought to help dry the cormorant's wings, as they lack the usual oils that naturally wick away water that are present in most seabirds. This is thought to be an adaptation to make them more effective divers (Dorr et al. 2014). Unfortunately, it also means that they would make particularly easy targets for even the most inexperienced hunter.\n*** \"Allow hunting from a stationary motorboat.\"\n- Beside for its obvious ethical indefensibility, the Government of Ontario seems to ignore the socio-political consequences of such a policy. One need only to examine the public backlash from similar machine-aided killing programs in other jurisdictions - for example, the extremely controversial and publicly unpopular helicopter-aided wolf hunt in British Columbia - to realize that the public-political optics of such a proposal are not promising.\nFurthermore, allowing hunting from motorboats will mean that no cormorant colony on the Canadian Great Lakes will be safe; all will be accessible to hunters. In Lake Ontario, 16 of 20 major colonies lie in Canadian waters; in Lake Erie, 7 of 11; in Lake Huron, 87 out of 91; in Lake Superior, 37 out of 50. In total, fully 85% of cormorant colonies on the Canadian Great Lakes are situated in Canadian waters (Weseloh et al. 2002). Virtually all will be vulnerable.\n*** \"Via this posting, the Ministry is also consulting on a proposal to amend the Fish and Wildlife Conservation Act to add provisions so hunters could allow cormorant to spoil. This proposal would add provisions to the Act, so that persons who lawfully hunt (or possess) cormorants could be exempt from this requirement and would be subject to conditions that require the person to retrieve and dispose of the carcass.\"\n- Allowing a free-for-all retrieval and disposal system of cormorant carcasses is sure to have cascading impacts on the surrounding ecosystem. Under this provision, hunters would be able to simply string the carcasses together with fishing wire, weigh them down, and then toss them into the water so as to be out of sight. But these species do not exist in a vacuum and carcasses do not just disappear. 50 cormorant carcasses lying in the open or washed ashore, even for a short time, will assuredly attract all kinds of scavenging animals, including bears, coyotes, small mammals, crows, and gulls. The consequent effects on other local wildlife (including on these scavenging species) are not at all well understood. Regardless, the wanton waste that would be allowed under the current proposal appears totally unjustified and is reminiscent of the shameless wildlife slaughter scenarios of 100 years ago.\n*** \"To accompany the proposed hunting seasons, the Ministry will implement a cormorant monitoring program to assess population status and trends. Monitoring of cormorants will allow the Ministry to assess the impacts of the hunting season and to adjust cormorant hunting regulations if necessary to address any concerns about population sustainability.\"\n- This part of the proposal gets the scientific best practice completely backwards. Monitoring programs should be in place long before any changes to population management are instituted; otherwise, there is little knowledge available to inform these changes, and even less knowledge of what to expect. This is basic to wildlife management best practice (e.g. see Nisbet 1995, Weseloh & Collier 1995, Weseloh et al. 2002, Reed et al. 2003) and it is inexcusable in the twenty-first century that any government would make a proposal like the one discussed here without substantial knowledge about current population status and trends.\n*** \"The anticipated environmental consequences of the proposal are expected to be neutral.\"\n- There is no evidence for this incredibly sweeping claim. In fact, the likely consequences outlined in this document indicate the very real possibility of serious negative environmental consequences of this proposal, including the legal sanctioning of the eradication of the species from the Great Lakes. That is not a \"neutral\" outcome. Nor is it a far-fetched one given the absurd parameters of the proposed hunt.\n*** \"The anticipated social consequences are both positive and negative. Those interested in hunting cormorants or who believe cormorants are having detrimental impacts will likely support the proposed changes. Individuals and groups opposing cormorant hunting or hunting during summer months will likely oppose the proposed changes.\"\n- This claim is likely true. But one should add that people who simply enjoy co-existing with, or watching, or studying wildlife will also likely oppose the proposed changes. This is a sizeable demographic. Birding alone is nearly 4 times more popular than hunting in Ontario. In particular, birding is exceptionally popular among older Canadians, aged 55+; data indicate the past-time is 8 times more popular than hunting in this demographic. On average, Ontarian birders spend 139 days per year engaging in birding activities, whereas hunters spend only 44 days per year (on average) engaging in hunting activities (FPTGC 2014). The Government of Ontario cannot responsibly ignore those large demographics that peacefully engage with wildlife.\n*** \"The anticipated economic consequences of the proposal are expected to be neutral but depend on levels of hunter participation.\"\n- This claim is unjustified and quite dubious given the relative popularity of birding and wildlife viewing compared to hunting (FPTGC 2014). Birding generates more than half a billion dollars of economic activity annually in Canada, almost twice as much as what hunting of waterfowl or hunting of other game birds generate (FPTGC 2014).\nSince the Government of Ontario claims that all environmental, social, and economic consequences are expected to be neutral, one wonders what possible reason the government could have for even proposing such a drastic change to current policy. The answer seems to be simply that they wish to placate a small group of anglers and hunters, both groups that consume public resources. Anglers and hunters do not have some special claim to wildlife. Cormorants, like all native bird species, are considered public resources, and as such, the entire public has the right to access and enjoy them. That the government has not even considered this element of their ill-conceived proposal is evident from the preceding critiques.\nConcluding Remarks:\nThe Double-crested Cormorant is a beautiful and tenacious native seabird of Ontario and of North America in general. They have survived centuries of hunting, persecution, and poisoning by humans. Now that their population may finally be returning to something resembling what it was before the advent of European settlement (Wires & Cuthbert 2006), it seems the epitome of foolishness to introduce a change in policy that would allow the conservation gains of the past 50+ years to be obliterated in a matter of a year or two. Double-crested Cormorants have a fundamental right to exist and feed on their native lands. The fact that such a simple consequence of reality may inconvenience the occasional angler should not be of the slightest concern to the Government of Ontario, nor to any government.\nLiterature Cited:\nAebischer, N.J., Potts, G.R., Coulson, J.C. 1995. Site and mate fidelity of shags (Phalacrocorax aristotelis) at two British colonies. Ibis, 137: 19-28.\nBelyea, G. Y., S. L. Maruca, J. S. Diana, P. J. Schneeberger, S. J. Scott, R.D. Clark, Jr., J. P. Ludwig, and C. L. Summer. 1999. Impact of double-crested cormorant predation on the Yellow Perch population in the Les Cheneaux Islands of Michigan. Pages 47\u201359 in M. E. Tobin, technical coordinator.  Symposium on double-crested cormorants: population status and management issues in the Midwest. U.S. Department of Agriculture, Animal and Plant Health Inspection Service, Technical Bulletin 1879, Washington, DC.\nBlight, L.K., Drever, M.C., Arcese, P. 2015. A century of change in Glaucous-winged Gull (Larus glaucescens) populations in a dynamic coastal environment. Condor, 117: 108-120.\nCuthbert, F.J., Wires, L.R., McKearnan, J.E. 2002. Potential impacts of nesting Double-crested Cormorants on Great Blue Herons and Black-crowned Night-herons in the U.S. Great Lakes region.  Journal of Great Lakes Research, 28(2): 145-154.\nDorr, B.S. & Fielder, D.G. 2017. Double-crested Cormorants: Too much of a good thing? Fisheries, Bulletin of the American Fisheries Society, 42(9): 468-477.\nDorr, B.S., Hatch, J.J., Weseloh, D.V. 2014. Double-crested Cormorant (Phalacrocorax auritus), version 2.0. In  The Birds of North America (P. G. Rodewald, editor). Cornell Lab of Ornithology, Ithaca, New York, USA.\nFederal, Provincial, and Territorial Governments of Canada (FPTGC). 2014.  2012 Canadian Nature Survey: Awareness, participation, and expenditures in nature-based recreation, conservation, and subsistence activities. Ottawa, ON: Canadian Councils of Resource Ministers.\nGrandgeorge, M., Wanless, S., Dunn, T.E., Maumy, M., Beaugrand, G., Gremillet, D. 2008. Resilience of the British and Irish seabird community in the twentieth century. Aquatic Biology, 4: 187-199.\nHebert, C.E., Duffe, J., Weseloh, D.V.C., Senese, E.M.T., Haffner, G.D. 2005. Unique island habitats may be threatened by Double-crested Cormorants. Journal of Wildlife Management, 69(1): 68-76.\nNisbet, I.C.T. 1995. Biology, conservation and management of the Double-crested Cormorant: Symposium summary and overview. Colonial Waterbirds, 18(1): 247-252.\nOntario Federation of Anglers and Hunters (OFAH). 2018. Cormorants. Online article. Accessed December 12, 2018. URL: https://www.ofah.org/issues/cormorants/\nReed, J.M., Causey, D., Hatch, J.J., Cooke, F., Crowder, L. 2003. Review of the Double-crested Cormorant management plan, 2003: final report of the AOU Conservation Committee's panel.\nRidgway, M.S., Dunlop, W.I., Lester, N.P., Middel, T.A. 2012. Relative demand by double-crested cormorants and anglers for fish production from lakes on Manitoulin Island, Lake Huron. Journal of Great Lakes Research, 38: 514-523.\nSuzuki, Y., Roby, D.D., Lyons, D.E., Courtot, K.N., Collis, K. 2015. Developing nondestructive techniques for managing conflicts between fisheries and Double-crested Cormorant colonies. Wildlife Society Bulletin, 39(4): 764-771.\nWeseloh, D.V. & Collier, B. 1995. The rise of the Double-crested Cormorant on the Great Lakes: Winning the war against contaminants. Environment Canada Special Report, Environment Canada and Ontario Ministry of Natural Resources.\nWeseloh, D.V., Pekarik, C., Havelka, T., Barrett, G., Reid, J. 2002. Population trends and colony locations of Double-crested Cormorants in the Canadian Great Lakes and immediately adjacent areas, 1990--2000: A manager's guide. Journal of Great Lakes Research, 28(2): 125-144.\nWires, L.R. & Cuthbert, F.J. 2006. Historic populations of the Double-crested Cormorant (Phalacrocorax auritus): Implications for conservation and management in the 21st Century. Waterbirds: The International Journal of Waterbird Biology, 29(1): 9-37.\nWires, L.R. 2014. The Double-crested Cormorant: Plight of a Feathered Pariah. Yale University Press.\n"
    }
}