{
    "16434": {
        "url": "/comment/16434",
        "comment": "I strongly object for the reasons listed below:\nThe Government of Ontario's current proposal to introduce an open hunting season on Double-crested Cormorants from March 15 to December 31 each year has no basis in scientific knowledge and neglects the interests of a wide variety of citizens who interact with wildlife without killing it.   Notably, lethal management of waterbirds does not address the root causes of fish population instability or decline, and directly contradicts current conservation measures at local, regional, national, and international levels.\nThe government's hunting proposal is gratuitous, irresponsible, and cruel. In particular, the proposal to allow hunters to kill 50 cormorants per day could feasibly permit the eradication of the entire species from the Great Lakes in a single year, assuming below average hunter engagement. More specifically, if only 1 in 100 Ontarian hunters each killed only 50 cormorants over an entire hunting season, this would still be enough to eradicate the species from the Great Lakes entirely. The Double-crested Cormorant is a native species to Ontario whose population has only recently recovered from human persecution and pollution-induced declines. This is no time to be stepping backwards. This species has a right to exist and feed on its native land, and the government has an ethical and legal responsibility to ensure its relative health.\n"
    },
    "16435": {
        "url": "/comment/16435",
        "comment": "This species has a right to live and eat on its native land and water. The myopic special interests of some hunters and anglers should not dictate environmental policy.\nThis hunting proposal is scientifically baseless. The proposal to allow a 50 cormorant per day bag limit for hunters means that if only 1 in 100 Ontarian hunters each killed 50 cormorants over *an entire year*, this would result in about 350,000 dead cormorants. The entire Great Lakes population is only 250,000 birds and the global population is only 2 million. DCCs are native species to ON and have just recently recovered from poisoning, hunting, and habitat degradation of the last century. Contrary to the assertions of many hunters and anglers, the species is not overabundant: in fact, their numbers are still less than what they were before European colonization of the continent.\n"
    },
    "16436": {
        "url": "/comment/16436",
        "comment": "I am writing to ask you to reconsider establishing a Double-crested Cormorant hunt at this time. This proposal does not provide sufficient justification for this hunt. It does not appear that sufficient studies have been conducted to evaluate the impacts of this hunt, if they have, they should be made available to the public for our review as part of this comment period.\nAs proposed this hunt appears to be intended as a cull, given the extremely high bag limits, no possession limit, allowance for hunting from a boat, and possibly including provisions to allow carcasses to spoil. The cormorants would not be hunted for their meat, rather solely for sport, and likely by individuals that perceive cormorants negatively impact fish populations and who may be motivated to hunt cormorants at very high levels.\nI am concerned that this hunt would negatively impact cormorant populations. This proposal does not provide sufficient information to demonstrate that the population would remain stable with the hunt. I urge the government to estimate the likely capture rates from this hunt and conduct a population modeling study to analyze the impacts of hunting on Ontario\u2019s cormorant population. You may wish to engage a third party, such as Bird Studies Canada or a University partner, to conduct the study and add credibility. Any bag limits, and hunting season, should be allocated based on the results of this work.\nThe proposal states that a monitoring committee would be established to review the impacts of the hunt and adjust the hunting regulations as necessary. Reasonably, it could take years to detect the trend of a population decline, and additional time to update regulations. The committee will likely be making decisions on lagging indicators and will be slow to respond to change. Hunting, combined with other unanticipated environmental issues (e.g., loss of nesting habitat, contamination, etc.) could exacerbate declines. It is easier to give things to people than to take them away. I anticipate that once the regulations are in place they will be hard to change and that hunters will resist lower bag limits. Please, proceed with caution and do the necessary population monitoring before establishing this hunt, not afterward.\nAgain, please do not move forward with this proposal, especially without doing the necessary science first.\nThank you.\n"
    },
    "16437": {
        "url": "/comment/16437",
        "comment": "This hunting proposal is scientifically baseless. The proposal to allow a 50 cormorant per day bag limit for hunters means that if only 1 in 100 Ontarian hunters each killed 50 cormorants over *an entire year*, this would result in about 350,000 dead cormorants. The entire Great Lakes population is only 250,000 birds and the global population is only 2 million. DCCs are native species to ON and have just recently recovered from poisoning, hunting, and habitat degradation of the last century.\nPLEASE do not allow this hunt to occur. Ford seems to be trying to fashion himself after Trump and his hunting sons. Let reason and compassion prevail and prevent this hunt.\n"
    },
    "16440": {
        "url": "/comment/16440",
        "comment": "First, I want to say how deeply saddened I am to hear about the continued disregard for life.  The Cormorants are a Native Species, they benefit biodiversity and are an integral component of Ontario's Natural Heritage.  They have been scapegoated for everything from water pollution to environmental destruction.  Cormorants have been persecuted by humans and Pesticide poisoning on two occasions.  They are now at a modest number.  Only 3% of potential Island Sites in the Great Lakes are suitable for them, they are easily targeted and killed.  Small congregations will be wiped out in under an hour; while larger colonies win less than one hour.  This in no doubt will cause irreparably damage to our natural ecosystems.  And to discuss Danger, it will be an extremely dangerous situation putting the lives of humans at risk.  Endangering the public as allowing hunters to use their weapons/guns at Spring, Summer and in the Fall Season when populations of tourists and cottagers are at the highest.  There is no evidence to suggest that these Cormorants are at fault, there are so many other reasons for the changes we are seeing in our ecosystems/environment.  Cormorants have been known to be predators to invasive fish species such as gobies and alewives.  Again, the Cormorant is the scapegoat.  Another extinction species perhaps, where then the government may see fit to then try to recover spending thousands of dollars once again.  Logically, the issue is to find ways to help our ecosystems not making new ecological problems and spending tax payers money.\n"
    },
    "16441": {
        "url": "/comment/16441",
        "comment": "Hello and to Whom it may Concern,\nI have done research on cormorants and have  listened to comments on this subject from various people.\nThese are a very special bird and they have a right as all life on the planet to live in freedom. After all that is part of the divine plan by the creator who created the cormorants.\nFishermen like to complain and circulate lies regarding these birds. It is the cormorants world too and they have every right to fish. Fishermen don't like them fishing also. Fishermen think they have a greater say because they are human when in reality they are the ones who are out of harmony with the universal energies. The animal, bird and plant kingdoms are in fact in harmony with the universal energies and many humans are out of harmony and think only of themselves and here is an example of them thinking they have more rights.\nI have also heard that their feces are toxic; well what about humans feces with all of the pesticides, processed foods etc. humans ingest??\nThese are very lame excuses and lies the fisherman are circulating. Is this about pay to play I wonder.\nIt is time for humanity to be in harmony with the earth and the universe.\nThank you for reading this.\n"
    },
    "16442": {
        "url": "/comment/16442",
        "comment": "This issue needs a LOT more research.  It seems to be a wildly irresponsible concept with no obvious means of control or follow-up.  Firstly, if these birds are native to North America and to Ontario, we should be researching why there is a population explosion in the first place.  Secondly, no native species should be decimated to allow for more successful\"sport\" fishing.  Enough already.  If this is an issue of a native species impacting largely sport fishing, which comes down to money, then come out and say it and see if there's another solution. I'm not saying some sort of balancing may be required, but surely we can find a more ethical and responsible way of doing so.\n"
    },
    "16443": {
        "url": "/comment/16443",
        "comment": "As an Ontario citizen, I do not support the proposed hunting legislation for the double-crested cormorant.\nWhere is the scientific research that shows that this is a viable option?  What options were considered in making this decision?  From every viewpoint, there is no evidence to support this legislation but much to discredit this.\nThe proposal states, that \u201cThe anticipated environmental consequences of the proposal are expected to be neutral\u201d.  The double-crested cormorant does not live in a bubble.  As well as killing the double-crested cormorant, this legislation would also affect other birds breeding at the same time including those considered species at risk. Hunting during breeding season puts other birds at risk and hunting after the breeding season also puts young cormorants at risk when the parent has been shot.\nThere is a large cormorant colony at Tommy Thompson Park in Toronto \u2013 will this become hunting grounds for the cormorant?  Will the cyclists, hikers, nature lovers, sailors, etc. have to watch out for hunters and dead and dying birds when they use the park?  Research about cormorants in this park has been going on for 10 years \u2013 has this been considered in making this decision?\nThe cormorant is neither edible nor a game bird so basing legislation on this premise is false.\nThis legislation needs to be retracted and research needs to be considered because this method of dealing with double-crested cormorants is neither neutral nor viable.\nThank you for your consideration.\n"
    },
    "16444": {
        "url": "/comment/16444",
        "comment": "Please DO NOT list Double-crested Cormorant birds as a \"game\" bird species.\nPlease DO NOT create an annual hunting season for Double-crested Cormorant birds.\nDouble-crested Cormorants are part of an ecosystem and allowing them to be hunted will disrupt and ruin that ecosystem, which will have severe negative consequences for all wildlife.  Thank you for your time.\n"
    },
    "16445": {
        "url": "/comment/16445",
        "comment": "I am OPPOSED to this proposal for a hunting season for double-crested cormorants in Ontario for the following reasons: (1) The proposal is practically a slaughter, because the length of the hunting season is almost the entire year, and each hunter could kill an extremely large number of birds. (2) The proposal is not environmentally  sensible since it would allow hunters to leave the bird carcasses on the ground to rot. (3) The rationale for the proposal is not sound. People always want to blame animals for fish numbers declining. The human causes need to be studied and addressed.\n"
    },
    "16446": {
        "url": "/comment/16446",
        "comment": "Cormorants have come a long way since 1970 when they were being considered for future inclusion under the Endangered Species Act (Dept of Lands and Forests Fish and Wildlife Review, spring-summer issue, 1970). Environmental contamination certainly contributed to their decline earlier that century, as did the wanton persecution by sports and commercial fishermen who believed that cormorants affected their take.\nWhile cormorants are indeed a concern, there needs to be an extreme caution in any hunting activity. Cormorants often nest in close proximity to other colonial nesting birds (e.g. Black-crowned Night-Herons, Great Egret) which are already in low numbers. Hunting of cormorants should not take place within a prescribed safe distance from any active heronry of such colonial nesting birds, especially during the spring as colonial birds are returning to their nesting site as well as until all the young of such colonial nesting birds have fledged.\nWhile shotguns have advantages, for wildlife management purposes that this proposal is, why not consider small calibre rifles, .22 only, with short or long bullets which are quieter and do not carry as far as long rifle bullets and are therefore not as dangerous, but will still kill the cormorants without needing to be quite as close and without the noise level that shotgun blasts can do to so many other species, especially during the nesting season.\nIf there are likely to be thousands of cormorants killed, is there any way that the dead cormorants could be used by manufacturers of pet food for example? Perhaps not, but there needs to be a way of safely disposing of potentially thousands of cormorant carcasses, which left exposed will be an awful stench and attract scavengers.\n"
    },
    "16447": {
        "url": "/comment/16447",
        "comment": "My husband and I vigorously protest the draft regulations to permit the hunting of cormorants. The proposal seems to be astoundingly short-sighted and badly flawed. We expect MNRF to manage wildlife on our behalf, but this proposal seems to be suggesting a widespread, uncontrolled cull of a native species without thought for the consequences.\nWe have read many thoughtful, fact-based documents that oppose the proposal. We find wisdom and concrete analysis in the opinions of prominent birding organizations and scientists. We agree with these assessments. We are particularly concerned that the activity suggested is inhumane and that it opens the way for the violation of The Migratory Birds Convention Act 1994. Just as Trumpeter Swans have sometimes been shot instead of Canada Geese, many species in the vicinity of the hunted cormorants will be in jeopardy if this proposal is adopted. In addition, nests will be abandoned.\nFrom our personal experience, we have two concerns:\n\u2022\tIn 2001, along the shore of southern Georgian Bay, we gathered the very heavy, waterlogged carcasses of waterfowl that had been killed by botulism, and we bagged them for pickup by public works. This was a daunting task. It is inevitable that not all dead cormorants or other species killed will be removed, and some will be washed ashore in areas where residents will be responsible for disposing of them. There is no possible way to enforce the removal of carcasses by hunters.\n\u2022\tFor over a decade, we have participated in an invasive plant removal program and understand only too well the impact that introduced species can have on an ecosystem. Studies have shown that the round goby, which competes with and preys on native fish and is believed to be connected with outbreaks of botulism, now forms an important part of the diet of cormorants. It seems irresponsible to be advocating the decimation of a native bird species that is offering a measure of control of an invasive species. What will be done when round goby numbers increase dramatically as a result of a cormorant cull?\nIn spite of the fact that we have read a great deal about this proposal, it simply does not make sense to us. We do not understand the motivation behind it. We urge you to reconsider, to pay attention to the excellent submissions that you have received and to abandon the idea of a widespread cull of Double-crested Cormorants. If, after proper monitoring and careful study, there are areas where it really seems warranted to reduce the number of cormorants, then we hope you will proceed in a professional, controlled and limited manner.\n"
    },
    "16449": {
        "url": "/comment/16449",
        "comment": "I\u2019ve been a resident of Balsam Lake my whole 47 years,.... and it sickens me to see how these vile birds have destroyed a few of the pretty little islands that were once home to beatiful trees and wildlife! Culling the Cormorant population should not even be up for debate,.... hunting them is an absolute must!! If the animal rights tree huggers oppose this decision, let them hug the dead skeleton trees these birds have created!!! KILL THE CORMORANTS!!!\n"
    },
    "16450": {
        "url": "/comment/16450",
        "comment": "I live close to Lake Ontario and Humber River. We consider cormorants as iconic birds to our area, hardly nuisance birds. I am asking that the Ontario government begin to listen to the deep widespread concerns about the well being of our wildlife.\nBill 205 is not evidence-based but a product of deliberate misinformation. If passed it will facilitate the slaughter of cormorants across the province and drive them back to the brink of extinction. Then of course there will be a need for urgent measures to bring them back again.  This seems to be historically what we do with so many species.\nThe hunting industry takes advantage of pockets of ignorance, and irrational hatred or fear of certain species. How is it that the small percentage who enjoy recreational killing determine wildlife policy and law? Cormorants do not threaten native fish populations, and have become primary predators of invasive fish species.  In fact cormorants support rich biodiversity wherever  they maintain significant colonies ..At this time, colonies use less than 1% of the Great Lakes basins.\nIt is time for governments everywhere to stop hunter-driven destruction of wildlife and ecosystems.  Perhaps not many people will take the time to write letters in these situations. However in mainstream and on social media public opinion strongly opposes this relentless, mindless killing.\n"
    },
    "16451": {
        "url": "/comment/16451",
        "comment": "I oppose the proposal to list Double-Crested Cormorants as game birds and the creation of a hunting season to kill these birds. There is no substantial research to support the claims of some groups that Double-Crested Cormorants reduce fish populations or have a negative impact on the environment. Double-Crested Cormorants are native birds for Ontario and need to be protected. Wildlife in Ontario needs to be protected including preventing a cruel hunting season because of unjustified claims.\nI am a recent graduate of Master of Arts in Public Policy and Administration, and I believe allowing the hunting season of Double-Crested Cormorants without substantial evidence of their negative impact on the environment is a wrong policy choice. Policy needs to be based on research and different options need to be considered before allowing hunting of native species.\n"
    },
    "16453": {
        "url": "/comment/16453",
        "comment": "I cannot condone any unnecessary and cruel destruction of wildlife.\nAlthough cormorants have a bad reputation, there is not sufficient evidence to substantiate a mass culling.    Nature has its own checks and balances and interference by \"interested parties\" almost always creates a much more extensive problem.\n"
    }
}