{
    "16088": {
        "url": "/comment/16088",
        "comment": "I am writing to express my strong oppposition to the hunting and killing of the double-crested cormorants in Ontario.\nFirst, I do not believe that wildlife experts were sufficiently and properly consulted under this proposal for Ontarians to truely understand the true nature and the consequences of such an act. This proposal seems to me a political move to please certain constituents, not for the greater good of humanity.\nSecondly. I object to the government deciding which animal should live or die on a human and moral ground. I feel it is a total abdication of the government's responsibility to turn to ordinary citizen to try and control other beings deemed \"undesirable\". We have a responsibility to protect all animals species, regardless of our human bias or desire to control what is acceptable when it comes to nature. The natural environment if not ours to decimate at will to please cottage owners or rich boaters on Ontario lakes.\nThird. I do not believe that most of the 50 animals per hunter would be consumed. My understanding is that the meat is not palatable. The birds will be left to waste after being killed and more likely maimed and left to die a painful death.\nFourth. Although we would like to believe that most hunters would kill the birds instantly, the reality is that the use of shotguns or single bullet rifles will only wound most of the animals and would be unretreavable in the water or islands.\nFifth. I don't think that hunters will be willing to spend a lot of money on permits, rifle, bullets, boats, gasoline, etc. To hunt cormorants. They are more likely to just kill the ones they see close to their waterfront property and be done with it. Who is going to check to see if the law was followed?\nSixth. How is the government of Ontario going to make sure the law is enforced and environmental regulation followed? Will the government police the shore lakes for months?\nSeventh. Nature has its own way of regulating overpopulation. Usually, diseases will reduce animal population in the wild. No need to for humans to intervene. Dead trees and unsightly areas caused by bird feces does not justify a decision to kill these birds or any animals.\n"
    },
    "16089": {
        "url": "/comment/16089",
        "comment": "I am against this proposal.\nEven though cormorants are smelly and kill trees, this is not a reason to shoot them. Nature does not necessarily follow human standards of beauty and we should be wise enough as a species ourselves to look beyond the aesthetics of another species.\n"
    },
    "16090": {
        "url": "/comment/16090",
        "comment": "As a child I was while leaning to hunt with my parents,  I was taught  never to shoot anything that I was not going to eat or use for survival, no matter which wild animal on earth    a majestic moose or a noisy squirrel they should not be killed just for sport and not put to some use. nature has its own ways of dealing with over population and we as humans should know we are not very good at messing with nature\nAlso  as a camp owner on a lake I would not be very happy if in the middle of summer some hunters were out there blasting away on a quiet  evening and leaving the dead birds on the lake or shore line\nand that will happen if the limit is that high\nIf anything should be done hire First Nations hunters in high population areas to do a cull and dispose of the birds  in a proper way\n"
    },
    "16094": {
        "url": "/comment/16094",
        "comment": "This is a very bad bill.\nIn my youth I loved nothing better than duck and grouse hunting: please realize that I appreciate and understand hunting culture.  However, this bill goes against so many of the principles of ethical hunting.  It is inviting people to be vigilante killers, not hunters.  They may slaughter dozens of cormorants every day, not eat them, and \"allow them to spoil\".\nGood wildlife management policies are evidence-based. It is bad management to allow such actions without first consulting the expert scientists who are familiar with the bird and its place in aquatic ecosystems.  There is no evidence that the Ministry has done this, and there is also no evidence that the Anglers and Hunters, who have lobbied for this, have undertaken any conclusive studies of their own.  There is no evidence presented that this bill will have its desired effects.  It is questionable whether cormorants have any appreciable effect on the populations of the species of fish that anglers are after.\nI request a copy of the correspondence, data, studies, and analyses  that this proposed bill is based on.  If you do not respond, I will take this to mean that the evidence is not there, and the Ministry has abandoned its responsibilities toward the public good.\n"
    },
    "16095": {
        "url": "/comment/16095",
        "comment": "I am deeply concerned with this proposal. First off, I do not believe the Double crested Comorants should not be classified as a game bird - I do not believe people have any interest in eating the meat of this bird. Also the time frame and daily alottment are frightening. I am hoping the government of Ontario is not being swayed by lobbiests or listening to one side over others. The implementation of this proposal would have far reaching effects. The ecology system is very complicated with its own checks and balances. Before anyone starts acting as God, with the powers of life and death, I sincerely hope extensive research and consultation has been done. Once done this cannot easily undone - destruction is always easier than construction. I hope you reconsider this proposal and find an alternate way or compromise that is less destructive and palatable to all.\n"
    },
    "16096": {
        "url": "/comment/16096",
        "comment": "This is a bad idea. The cormorant population will adjust itself if it grows beyond its food source. Changing the basis rules about not letting game spoil is a slippery slope you should not start to go down. A season that lasts from March through December with a daily limit of 50 birds is absolutely ridiculous, and brings to mind the decimation of the passenger pigeon.\n"
    },
    "16098": {
        "url": "/comment/16098",
        "comment": "This proposal regarding the Double- crested cormorant is not remotely like a hunt. It is a legalized slaughter. These are not game birds. They are not difficult to find or shoot. They do not require stalking or tracking. One does not have to scout out their locations or wait in blinds for them. They do not actually require any sort of \u201chunting\u201d prior to killing. There is no \u201csport\u201d involved, other than for those who simple enjoy wanton killing.\nPlus, they are not consumable, so they have no value as food. So, again, the \u201csport\u201d is pure killing.\nWhile I do not approve of sport hunting at the best of times, there is definitely nothing sporting about a \u201cfish in a barrel\u201d type of wholesale slaughter mascarading as a hunt.\nThe ecological consequences of large quantities of carcasses being left to rot on shorelines, in waterways, in shorebird nesting areas - and the subsequent attraction of scavengers (rats, flies, etc), impact on water quality, optics for other users of these area, as well as safety - also needs to be taken into account.\nA cull may be justifiable. But it must be controlled and quantifiable. This proposal, as it currently exists, is not.\n"
    },
    "16099": {
        "url": "/comment/16099",
        "comment": "I am a Conservation Biologist in the US and have studied and monitored waterbirds in North America for the last 20 years, mostly while employed as a Research Fellow at the University of Minnesota and as a Project Coordinator for the US Fish and Wildlife Service. I have extensive experience monitoring colonial waterbirds, especially Double-crested Cormorants (DCCO) in the US Great Lakes, and I have been coordinating and reporting on monitoring efforts in this area since the late-1990s. I also have extensive experience researching human conflicts with fish-eating birds, and have worked with colleagues around the world studying and managing human-cormorant interactions.   As part of this work, I have reviewed and commented on every management proposal developed for DCCOs in the US since 2003, and I have also stayed abreast on management of other cormorant species in other parts of the world (Europe and Asia).  I have published several papers on numerous aspects of DCCO monitoring, research and management, and have hosted and participated in many workshops and symposia to address conflicts with DCCOs. Finally, in 2014 I had a book published by Yale University Press that provides a detailed history of the species in North America since the arrival of European settlers to the continent.  It includes a rigorous review of the science undertaken to document the cormorant\u2019s alleged impacts to resources, and examines whether the management that occurred through 2012 was supported by science. The book was specifically written to enhance understanding of cormorants and their presumed impacts, and as a resource for wildlife managers trying to resolve human-cormorant conflicts.\nComments: I can honestly state that of all the many proposals for cormorant management that I have reviewed, this proposal from the Ontario Ministry of Natural Resources and Forestry is by far the most ill-conceived and irresponsible approach I have seen to date. It essentially misses all key criteria for a reasonable and rational approach to resolving conflicts with a native wildlife species.  I highlight a few points below in support of my objections.\nNo distinction between real and perceived impacts.\n1)\tThe proposal details do not provide a clearly defined problem statement.  Instead, the same old concerns that have been expressed about cormorants in North America since the arrival of European settlers (Wires 2014) appear to be the impetus for this plan. What evidence do you have to show that any of these concerns are valid? Why now? At what locations might they be occurring? At what scale? In what time period?  By not distinguishing between real impacts and concerns that may not be valid, you are simply authorizing large scale persecution of a native species that has an important ecological role in Ontario waters.\n2)\tDetrimental to fish populations, island habitats and other species.  Again, where is the evidence that detrimental impacts are occurring?  I have reviewed hundreds of scientific studies that examined the DCCO\u2019s interaction with fish, forests and other species. Based on my review, diminishing DCCOs in the VAST majority of locations is not going to benefit these resources.  Please see Wires (2014) chapters 12, 13 and 15 for thorough review of the scientific literature.  As well, consider that DCCOs consume many exotic fish species and in this regard provide beneficial ecological services. Moreover, a recent analysis by Wyman et al (2018) indicates that managing DCCOs may negatively impact other co-nesting colonial waterbirds.\nUnclear goals for hunting season\n1)\tWhat is the hunting season supposed to accomplish? Since it is being considered as an approach to addressing concerns about impacts to fish and other natural resources, I assume you will want to see positive benefits in these resources. But no plan is identified to describe how changes to fisheries, island habitat and other species will be measured.\n2)\tWhat is your population target for DCCOs? What are the criteria for evaluating this essential part of the management intended? Nothing is identified.\n3)\tIs the goal just some sort of hunter satisfaction? Even if this is the goal, no plan is described as to how this will be evaluated.\nFar too liberal bag limit\n4)\tThe bag limit of 50 birds / day / hunter is far too liberal. If participation is broad, this could easily result in massive losses in one season. Consider an example from the US.  In the state of South Carolina, a similar approach was instituted via a special permit under the Public Resource Depredation Order beginning in 2014. This permit allowed unlimited take of cormorants on just two inland lakes for one month in winter.  During 2014 and 2015, about 900 individuals were issued permits, and approximately 26,000 cormorants were killed in just two seasons (Wires 2015; Petersen 2016).  Though the Canadian proposal has bag limits of 50 birds per day, it is far more liberal in that: a) it allows hunting the entire time DCCOs are present in Ontario; b) there is no information to suggest that sites where hunting will be allowed will be limited; and c) it allows hunting during the breeding season, when far more birds are vulnerable because they are easier targets as they sit on nests, and additional mortality occurs to chicks and eggs when a parent is lost. Thus, if even 100 people were to hunt regularly, the potential for very large numbers of birds to be destroyed rapidly is very high.\nGreat Lakes population trends not clearly understood\n1)\tYou note that cormorants in the Great Lakes \u201cbegan to increase rapidly from the 1970s to the early 2000s, with the latest information indicating Great Lakes populations have since stabilized or declined slightly.\u201d However, in US waters, data from biennial monitoring efforts indicate that  DCCOs have declined fairly steadily since their peak numbers in 2005.  Monitoring by F. Cuthbert and L. Wires (unpubl. data) regularly undertaken for the USFWS document a 36% decline in US Great Lakes between 2005 and 2016.\n2)\tOntario has not conducted a Great Lakes DCCO survey since 2007-2009, a decade ago.  Thus the province does not have up-to-date data on Ontario\u2019s population size or Canadian Great lakes trends.\nAssessing population level impacts of hunting\n1)\tAs migratory birds, cormorants in Ontario are part of a larger population.  They comprise a significant proportion of the Great Lakes population.  Since Ontario does not have up-to-date baseline data on DCCO numbers, how will you track the impact hunting may have, both in Ontario waters and Great Lakes-wide?\n2)\tBecause it takes two parents to raise a clutch, hunting during the breeding season will result in high chick and egg mortality through the death of at least one parent. This will occur through starvation or predation by gulls facilitated by human disturbance and removal of a parent. No mention of any precautions to avoid such inhumane circumstances is even made.  Years ago culling at a colony by OMNR was videotaped and made available to the public. The fact that chicks were being abandoned and or orphaned during the operation was terrible PR for the OMNR and led to the cull being stopped.   Much of the public will be horrified by the aftermath of such an undertaking and I imagine the strong group of animal rights activists will do all they can to publicize such information. This seems like the OMNRF is opening a can of worms that will cause an amazing amount of trouble and distrust of the agency among many Ontarians.\n3)\tIn addition to impacts to cormorants, no mention of the potential for massive disturbance to co-nesting species is made.  How are all of these impacts going to be monitored and what precautions undertaken to avoid them?\nDisregard for the US Cormorant management experience.\nIn 2003, the USFWS finalized an Environmental Impact Statement (EIS) to evaluate options for managing conflicts with DCCOs. The EIS resulted in the primary tools for cormorant management utilized between 2003 and 2016, the expanded Aquaculture Depredation Order and the Public Resource Depredation Order.  These regulations had no requirement for science-based evidence of impacts, and their implementation, along with limited use of depredation permits, led to roughly three quarters of a million DCCOs and an untold number of eggs and nests being destroyed between 2003 and 2016.  Finally, in 2016, the U.S. District Court for the District of Columbia ruled on a lawsuit brought against the USFWS for continuing with cormorant management under the depredation orders without rigorously evaluating the effect of the depredation orders on DCCOs and other affected resources (i.e. fish populations) or examining other management alternatives. The Court found in favor of the plaintiffs and the depredation orders were vacated in May 2016.  Currently, limited management occurs only under individual depredation permits and is not permitted to protect free swimming wild fish.\n1)\tThis effort was ultimately not sustainable for several reasons. One major one was that the USFWS did not conduct the rigorous science needed to evaluate the effects this management was having on cormorants and other resources.   Though the destruction of huge numbers of birds and eggs pleased certain groups of the public sector, it\u2019s impossible to link the scale of destruction with changes in targeted resources because the necessary monitoring did not take place.  This is partly because it is really hard and expensive to do the monitoring, and partly because documenting the impacts of management was not that high of a priority, as long as some members of the public were pleased.  As noted, this ongoing approach to management was found to be flawed by the Court, and the USFWS was exposed for overstepping the bounds of the National Environmental Policy Act. Given this context, the fact that Ontario\u2019s proposed approach is far less rigorous than the demonstrably flawed measure the US implemented should give the OMNR reason to pause and reflect.\n2)\tMoreover, hunting was initially considered in the EIS but ultimately rejected for the following reason: \u201cThe proposed action [depredation orders] is preferable to hunting largely for ethical reasons. From purely biological and economic perspectives, hunting might prove an effective way to kill numerous DCCOs at minimal expense to the government. However, we have serious reservations about authorizing a non-traditional species to be hunted when it cannot be eaten or widely utilized and feel that there are more responsible and socially acceptable ways of dealing with migratory bird conflicts.\u201d Launching an open season on a nongame animal that can\u2019t be utilized violates all the ethics that surround hunting.  It simply perpetuates the idea that cormorants are bad birds that harm human interests and should be killed.  Such an approach has the potential to leave a legacy far worse than the one the USFWS will be remembered for.\nDisregard for the successful approach taken and significance of the colony at Tommy Thompson Park.\n1)\tThe nonlethal management at TTP is possibly the best example of living with cormorants worldwide.  The research and management techniques here have been ground breaking and have established Toronto as a leader in alternative management practices. In addition, the colony there is a spectacular natural resource in the heart of a thriving urban environment.  What is the plan for this colony? Will it be protected?\nConcluding remarks: As noted above, most of the basic elements of a serious management plan are missing from this proposal. Unfortunately, as a result, the OMNRF emerges as highly unprofessional, misguided and na\u00efve.  This is surprising because in the past the OMNRF has proceeded much more carefully and embraced a higher standard for decision making and conflict resolution that included science and ethics.  Because not even a clear description of the problem is provided, it\u2019s difficult to offer meaningful suggestions for resolution.  However, it sounds like the same perception of a problem that has been with us for a long time is at the root of this proposal. But by allowing an open season on cormorants, the OMNRF returns to a 19th century anti-predator mentality that sets a wicked precedent for the mismanagement of fish-eating birds. I hope you will reconsider this plan, and start with a rigorous statement of the problem, which will guide the direction to pursue.  A perceived problem as outlined in the proposal may require a very different solution than the one now being considered.\nLiterature cited\nPetersen, B. 2016. Cormorant \u201cremoval\u201d returns on Marion-Moultrie lakes. The Post and Courier. Feb 11, 2016. https://www.postandcourier.com/archives/cormorant-removal-returns-on-ma\u2026\nUS Fish and Wildlife Service (USFWS) 2003. Final Environmental Impact Statement: Double-Crested Cormorant Management in the United States. Washington, DC: US Department of the Interior, Fish and Wildlife Service. http://www.fws.gov/migratorybirds/CurrentBirdIssues/Management/cormoran\u2026.\nWires, L.R. 2015. Migratory bird protection, a crack in the armor: the case of the Double-crested Cormorant. Avian Conservation and Ecology 10(1): Article 8.\nWires, L. R. 2014. The Double-crested Cormorant: plight of a feathered pariah. Yale University Press, New Haven, Connecticut, USA.\nWyman, K.E., L.R. Wires and F. J. Cuthbert. 2018. Great Lakes Double-crested Cormorant management affects co-nester colony growth. Journal of Wildlife Management 82:93\u2013102.\n"
    },
    "16100": {
        "url": "/comment/16100",
        "comment": "The Georgian Bay Association (GBA) is an umbrella organization for 19 cottage associations along the east and north shore of Georgian Bay. We have been advocating on behalf of our ~3,000 land-owning members for over 100 years. Our mandate is to work with our water-based communities and other stakeholders to ensure the careful stewardship of the greater Georgian Bay environment. We estimate that our reach extends to approximately 18,000 individuals, who are primarily Georgian Bay seasonal and permanent residents.\nAlthough we would normally agree with any action that protects fish populations, Georgian Bay Association is opposed to this proposal and recommends that, before taking any action with regard to controlling cormorant populations, a study needs to be done to:\nA) determine the impact that cormorants have on the native fishery; and\nB) if this shows that culling is necessary, make recommendations on the most viable method of reducing the cormorant population.\nWe make this recommendation because, at present:\n- No study has been done establishing a causal link between cormorant numbers and declines in fish populations;\n- There are different opinions on whether a cull as proposed will or will not achieve the objective of reducing cormorant numbers, therefore other options should be examined;\n- There are numerous concerns around the indiscriminate nature of this proposal, including:\n     public safety (e.g. shooting at low flying birds from boats);\n     potential harm to scavengers from consuming the discarded carcasses (cormorants are apex\n     predators that bio-accumulate toxins); and\n     cormorants are known to consume round goby, an invasive species.\nTherefore, initiating a cull, as proposed, before carrying out such a study is irresponsible, and unlikely to achieve the main objective of protecting fish populations.\nPlease consider these issues before making a decision.\nYours respectfully,\nRupert Kindersley\nExecutive Director, Georgian Bay Association\nwww.georgianbay.ca\n"
    },
    "16101": {
        "url": "/comment/16101",
        "comment": "Hunting cormorants is repugnant and cruel. Cormorants are stealing fish from undeserving humans? There are other ways to solve that problem. By allowing hunters to kill cormorants through the breeding season, you will create unspeakable cruelty as cormorant chicks die of starvation because their parents have been killed. You say that cormorant populations are stable or even declining - then why is this even a problem???? It means that Mother Nature is in balance with herself. And do you restrict the tools that hunters use? Because if they use lead shot, that will result in the inhumane deaths of other innocent animals. This proposal is absolutely insane; simply typical of humans that believe they are the gods of the world. Humans are not going to eat the cormorants, so anyone participating in this inglorious hunt are simply murderers of innocent animals. It's disgusting.\n"
    },
    "16102": {
        "url": "/comment/16102",
        "comment": "Logistically this dose not seem logical to myself.  This is a native species and was here long before me.  It is definitely not a game bird so should not be hunted in view of this.  They like people are striving to survive in a world that people are contaminating and polluting us to extinction.  cj.\n"
    },
    "16104": {
        "url": "/comment/16104",
        "comment": "As a landowner of a Lake Ontario shoreline property in the GTA, a boater, fisherman and general outdoor enthusiast, we have a big problem here.  I have observed first hand how the volume of these birds devastate the environment.  I have witnessed with video proof what happens when 4000 to 5000 of these birds land right outside my home and devour a pound of fish EACH in one go.  It is no wonder that I have rarely even seen baitfish around the property.\nSecondly the large devastation they cause on shorelines due to their excrement, is both well documented and factual.\nTheir numbers have been allowed to balloon out of proportion with no checks in sight.  They are at the top of the food chain around here unfortunately because of lack of action and I am in favour of using whatever reasonable means the government has at its disposal to reduce their numbers.  If it is allowing them to be hunted at high bag limits and reduced 'spoilage' restrictions then so be it.\nHowever, a hunting season alone won't solve this problem. It rarely does.. Hunters are conservationists to the core.  What is really needed are mass organized culls or similar.\nIt is an out of control problem. I would be glad to share two videos I took on subsequent days in the summer of what 5000 cormorants look like when they land less than 50 yards from shore in a fish feeding frenzy.\nIt is time to make the difficult decisions and fix this mess that has gone on for too long.  A hunting season won't accomplish that alone however.\n"
    },
    "16107": {
        "url": "/comment/16107",
        "comment": "From what I understand , cormorant populations on our Great Lakes system, including Lake Nipissing, are stabilizing or in a slight decline after rebounding; cormorant diets include about 2% game fish; and that disrupting them at nesting sites as they prepare to nest, which landowners can legally do if their property is adversely affected, effectively keeps numbers down locally; etc...\nAnd, to plan for a cull as proposed (throughout our busiest cottage and water recreational activity season), is fraught with problems.  As a hunter, seldom now, and former Hunter Safety Instructor, I just envision unsafe situations, loss to other species, and carnage for cormorants well beyond those shot.\nPlease reconsider all aspects of your proposal.\n"
    },
    "16108": {
        "url": "/comment/16108",
        "comment": "During my years of canoeing and kayaking throughout Ontario, I have enjoyed observing the return of double-crested cormorants. I disagree with the proposal to have a hunting season for these species; rather, we should be doing everything possible in environmental policy and practices to encourage and maintain the return of these birds and other indigenous wildlife to our lakes and waterways.\n"
    }
}