{
    "16326": {
        "url": "/comment/16326",
        "comment": "The proposal of the Ontario Government for what is basically 'open season' on a native bird species is an enormous backward step in Wildlife Management.  Encouraging what amounts to wholesale destruction of any species in this day and age in NOT acceptable in Canada.\nOther jurisdictions have managed to work out control management plans without total devastation.  it reminds me of the wholesale destruction of the buffalo in a past century, just as sport and not even for use of the animal.\nPlease do not go ahead with this.  There has to be a better way than just wholesale killing of anything.  This type of legislation will also open the door to other similar widespread culls  with side effects harming other similar species that are not targeted,\nAs a Canadian who has worked with wildlife, I am disappointed and disgusted you would formally propose this issue.\n"
    },
    "16329": {
        "url": "/comment/16329",
        "comment": "I strongly oppose this proposal. The actual proposal does not produce an evidence-based problem diagnosis that directly correlates apparent commercial fish stock reductions to Cormorants anymore than to other causes - predation by other fish, over fishing, habitat loss and pollution. The proposed hunt is unethical in construct and will attract exactly the wrong type of hunters.  As a taxpayer and outdoorsman I am extremely disappointed in MNR leadership  and policy unit - this is DDT- era dumb policy making in my opinion. MNR should stand down this proposal to slaughter Cormorants and disrupt other species including people as there is no sound evidence presented to support a cull. What next - Loons?\nThanks for considering my views. I am also making them known to Premier and cab ministers, DM of MNR and my MP And MPP in writing.\n"
    },
    "16331": {
        "url": "/comment/16331",
        "comment": "This proposed cormorant hunt is ill-considered and environmentally irresponsible as it is unsupported by environmental science and only institutes monitoring of its effects after potentially irreversible damage has been done.\nLet's assume however that cormorants are a problem in Ontario. Are they a localized problem, or are they a province-wide problem? If localized, as seems to be the case, then the solution should also be localized, not a province-wide hunt.\nAnd if cormorants are a problem, what sort of problem are they? Are the birds themselves a problem, are their colonies a problem, are their fishing habits a problem, is tree damage a problem? Each of these potential problems demands a different solution.\nAs it stands, this proposed hunt abandons the principles of conscientious game hunting. Since when were game hunters permitted to allow their kill to spoil? Never, until now. And what about a bag limit of 50 birds per day with no possession limit? The kill numbers those parameters allow sets up a slaughter, not a controlled hunt, of cormorants.\nMany other elements of this proposal are problematic: the potential by-kill of co-locating species (such as herons), the potential by-kill of birds mistaken for cormorants (such as loons), safety concerns, chick abandonment, and so forth.\nIf management of the cormorant population -- though apparently stable already -- is desireable, then that is best done by egg and nest management at the rookeries, not by an open season province-wide in an essentially uncontrolled hunt.\nThis disturbing proposal appears to be an exercise in target shooting, not game hunting, and certainly not species management. It is from all appearances a reprehensible sop to vocal and ill-informed hunting and angling special interests aimed at decimating a native species of bird now recovering from near extirpation in Ontario.\nFor these and numerous other reasons I object strongly to this proposed cormorant hunt.\n"
    },
    "16332": {
        "url": "/comment/16332",
        "comment": "I like the idea of reducing the amount of double-crested cormorants in the Northern Ontario region but around the St Lawrence and other Goby infested water ways they eat Gobies. Maybe the reduction in these areas should be limited. Thanks\n"
    },
    "16333": {
        "url": "/comment/16333",
        "comment": "Cormorants are destroying our fishery as well as vegetation especially trees  on small islands...just look at Hamilton Harbour. I fully support having a hunting season. The fishery provides an economic benefit to local municipalities whereas the cormorants are on the verge of destroying this benefit as well as the enjoyment of the sport loving fisherman/woman!\n"
    },
    "16334": {
        "url": "/comment/16334",
        "comment": "I am writing to provide input and express my concern over the proposed changes to the regulations for hunting of cormorants.  The proposed changes would broadly expand the hunting season and eliminate limits on the killing of cormorants in Southern Ontario.\nMy main concerns are related to safe access and use of wetlands for a variety of recreational activities by the general public and nature enthusiast such as myself.  All  of the shoreline, wetland and beach areas in which cormorants are actively nesting in Ontario boarder water ways used for a variety of recreational and other purposes.\nThe proposed hunting season from March 15 to December 31 will extend right through the times when I and many others would be interested in being the same areas in which hunters may likely be active.  This for me raises a serious concern for the safety of my self and others.\nWhile I have great respect for members of our public who do enjoy recreational hunting and do undertake to carry their hunting activities in as safe a manor as possible there is still a much higher risk of an accident when firearms are in use in areas in which many people may be using.\nAdditionally the presence of hunters with firearms will definitely cause concern to those who are not familiar or comfortable with firearms.  The presence of active hunting will impede the use by non hunters such as myself of both cormorant nesting areas and adjacent non wetland areas.\nI am a active user of waterways through Southern Ontario and it concerns me that at anytime a hunter will be able to anchor their watercraft and start shooting at what he may believe to be cormorants.  Shooting from any watercraft can be very tricky and is not generally recommended as a safe approach to hunting.\nI as well have concerns regarding the strength of the scientific basis for the changes proposed.  While I am aware of concern over damages caused by the colony nesting of cormorants these damages need to be evaluated against the potential damages from the potential off catch (non cormorant species) which nest and live in the same area.  Hunters accessing hunting sites through out the extended season would in addition have a definite negative impact on sensitive wetlands areas which are home to very many endanger species.\nI am asking that these new revisions to the hunting regulations be put on hold to allow for input and consultations from members of the public, science community, hunting enthusiast, conservation authorities and municipal governments.  A better approach to cormorant population and damage may in fact be found at the municipal and conservation authority level where a greater degree of interaction with all stakeholders is more likely possible.\n"
    },
    "16335": {
        "url": "/comment/16335",
        "comment": "I am writing to provide input and express my concern over the proposed changes to the regulations for hunting of cormorants.  The proposed changes would broadly expand the hunting season and eliminate limits on the killing of cormorants in Southern Ontario.\nMy main concerns are related to safe access and use of wetlands for a variety of recreational activities by the general public and nature enthusiast such as myself.  All  of the shoreline, wetland and beach areas in which cormorants are actively nesting in Ontario boarder water ways used for a variety of recreational and other purposes.\nThe proposed hunting season from March 15 to December 31 will extend right through the times when I and many others would be interested in being the same areas in which hunters may likely be active.  This for me raises a serious concern for the safety of my self and others.\nWhile I have great respect for members of our public who do enjoy recreational hunting and do undertake to carry their hunting activities in as safe a manor as possible there is still a much higher risk of an accident when firearms are in use in areas in which many people may be using.\nAdditionally the presence of hunters with firearms will definitely cause concern to those who are not familiar or comfortable with firearms.  The presence of active hunting will impede the use by non hunters such as myself of both cormorant nesting areas and adjacent non wetland areas.\nI am a active user of waterways through Southern Ontario and it concerns me that at anytime a hunter will be able to anchor their watercraft and start shooting at what he may believe to be cormorants.  Shooting from any watercraft can be very tricky and is not generally recommended as a safe approach to hunting.\nI as well have concerns regarding the strength of the scientific basis for the changes proposed.  While I am aware of concern over damages caused by the colony nesting of cormorants these damages need to be evaluated against the potential damages from the potential off catch (non cormorant species) which nest and live in the same area.  Hunters accessing hunting sites through out the extended season would in addition have a definite negative impact on sensitive wetlands areas which are home to very many endanger species.\nI am asking that these new revisions to the hunting regulations be put on hold to allow for input and consultations from members of the public, science community, hunting enthusiast, conservation authorities and municipal governments.  A better approach to cormorant population and damage may in fact be found at the municipal and conservation authority level where a greater degree of interaction with all stakeholders is more likely possible.\n"
    },
    "16336": {
        "url": "/comment/16336",
        "comment": "I applaud the ministry and the Ontario government for proposing this invasive species management control initiative.  The double-breasted cormorant population in Ontario has exploded and as a sport-fish eating invasive bird, there are significant negative impacts on sport fish populations.  Allowing the general public that are hunters participate (effectively volunteer labour) is cost effective and taxpayer friendly invasive species management policy.\n"
    },
    "16337": {
        "url": "/comment/16337",
        "comment": "I am very much in agreeance with the proposed changes. The number of these birds is on a constant raise and their damage is really impacting fish population. Something needs to change. Hunting may not even be enough as then to stay tight to heavy cottage filled areas. Hunting, nest disruption, whatever it takes\nThanks\n"
    },
    "16338": {
        "url": "/comment/16338",
        "comment": "I find this proposed slaughter inhumane and not in accordance with the well being of Ontario's environment.\nI can understand population control to protect species and their environments however this seems to be a drastic overreaction to a species that is still recovering from European colonization and man made environmental destruction.\nI find the proposal for this action to be lacking of evidence and devoid of scientific rationale.  Ontario's native species are under constant threat and do not need the government legitimizing their destruction.\n"
    },
    "16344": {
        "url": "/comment/16344",
        "comment": "The proposal has serious flaws that would be detrimental to the ecosystem and would undermine responsible conservation practices. Neither the proposal nor the conjecture of its proponents is supported by any scientific evidence.\nThe proposed hunting season is March 15 to December 31 \u2013 most of the year. This includes nesting season of both cormorants, and birds like gulls and herons, that often nest with them. This includes spring and fall migration and the entire summer \u2013 when almost all peaceful recreational activities around wetlands and waterways take place, including birding.\nThe birds are inedible, yet would be simultaneously classified as game and allowed to spoil. A single hunter would be able to shoot 50 birds per day, which equates to 14,600 birds over the entire 292-day hunting season. Anyone with a hunting licence could participate \u2013 there are no limits, which is simply not sustainable.\nThis isn\u2019t a sustainable hunt for game meat; this is a legalized extermination of an ecologically important native species.\n"
    },
    "16347": {
        "url": "/comment/16347",
        "comment": "The proposal has serious flaws that would be detrimental to the ecosystem and would undermine responsible conservation practices. The proposal is not supported by any scientific evidence.\nDouble crested cormorants are not a game bird - they are inedible. Hunting these birds would wreak havoc with nesting, raising the young fledglings, and all other bird life in wetlands.\nThis hunt serves no purpose but to exterminate the cormorants and disrupt their habitats. Why on earth would anyone want to kill off a whole species of bird and totally ruin an ecosystem???\nI'm flabbergasted that such a proposal was given any serious consideration!\n"
    }
}