{
    "14838": {
        "url": "/comment/14838",
        "comment": "Hello. This new government has won my respect for several reasons. However, this proposal to control the Double-crested Cormorant population is not one of them. As a professional biologist I am very concerned. As someone who respects hunters, I am concerned too. I believe that hunters are an important component of the electorate, and demographically I would expect they have a lot in common with Conservative voters. I fear that they will find this plan is insulting to their sport. What you are proposing is not hunting. You are proposing a cull. I would even go so far as to call it an extermination plan. You should call it what it is and not try to fool people with words. If there is a \"hunter\" who likes your proposal, I would call them simply someone who wants to do a lot of killing. Why would you want to call Double-crested Cormorants a game species? Game species are supposed to be desired as food, challenging to hunt, and failing both of those reasons, charming trophies. Cormorants are not \"game\".\nAs a professional biologist in the field of wildlife, I worry about your plan for several reasons. I would like to say that I doubt that any of your very talented wildlife biologists had a hand in crafting it, but I really do not want to believe that could be the case. Double-crested Cormorant is a colonial nesting species. They nest at sites shared with other colonial nesting species. Where is the plan to protect the other species? You want to allow \"open season\" during nesting season. I might trust a real, ethical hunter to avoid the non-target species, but I suspect only less ethical hunters will go for this so-called hunt and will hit non-target species either through carelessness or lack of knowledge.\nWhere are the data that will show how this \"hunt\" will control the population such that we will still have a reasonable population of Double-crested Cormorants afterwards? How does the current Double-crested Cormorant population compare to the historical, pre-near-extirpation population? They are, after all, a part of Ontario's native biodiversity. It worries me that you have not presented these data up front so the public can consider it.\nAs someone concerned about language and society, I also worry about the way you are treating this so-called nuisance species. Underneath this plan, between the lines, I can read the utter disdain that people have for these birds, these birds that to them are an inconvenience. For a peaceful world we must learn to live and let live, not to go and shoot to bits anything that inconveniences us. I am not opposed to wildlife population management, but I would like my government to do it in an honest and ethical way, not in a way that warps the language and the law to suit the desires of the inconvenienced few.\n"
    },
    "14844": {
        "url": "/comment/14844",
        "comment": "One must wonder what is the justification behind the mass slaughter in the name of recreational hunting of defenseless cormorants at such an alarmingly high scale? The important questions to ask is whether the concerned department of the current government has acceptable peer reviewed publishable data on the population dynamics of the cormorants based on which hunting tags are being released? If yes, can these be made available for public review before taking such a decision; and if no, then the government is directly answerable to the public as to what exact mechanism is being followed in deciding the release of hunting tags and the numbers entitled for each hunter. The objection is not against recreational hunting; but at the same time we need to be responsible for not overexploiting a particular species that over next two decades their numbers start dwindling beyond ecological recovery. In case of decimation of a species that is not a conservation concern today, will the present government take the responsibility and accept their direct and indirect role in the not so distant future as being a catalyst for legal ecocide? Recreation for one species is not acceptable at the cost of the demise of another in a civilized world. Will the concerned Minster be bold enough to tackle these questions?\n"
    },
    "14845": {
        "url": "/comment/14845",
        "comment": "In regards to the proposal to allow Cormorants to be murdered.  Why are we regressing with such violent proposals. Can we not just leave wildlife alone without being the need to always \"manage\" it. We are the species that needs to be managed.\nStop even discussing this unnecessary violence isn't there enough already. The argument used to try and justify this is the same Hollow argument used by fisherman on the East coast who claim seals are the enemy and are eating \"all the fish\".\nNo, it's humans who are driving wildlife numbers down and we are so arrogant to assume the answer is to continue killing wilife to compensate.\nStop this madness!!\n"
    },
    "14849": {
        "url": "/comment/14849",
        "comment": "I am outraged in regards to the proposal to hunt double-crested cormorants in Ontario.  This makes no sense to me at all and I am actually in shock that the Ontario government would even consider such a proposal.  The Globe And Mail quote \"These birds are detrimental to the fish populations, island forest habitats, other species and aesthetics\"  is laughable because of how backwards that is.  These birds are not the problem here people.   WE ARE!!!   WE KILL EVERYTHING in our pathways for our own advancement (directly and indirectly) and wildlife/nature are sadly paying the price and then blamed for all the imbalances when we are actually the ones to blame.\nWe litter, we rip down forests, we build, we populate, we pollute , we are destroying this planet and then turn around and blame something else for what we have created.\nHUMANS are detrimental to the fish populations.  HUMANS are detrimental to the island forest habitats.  HUMANS are detrimental to other species and aesthetics.  These birds are just doing what they are designed to do and we are now considering killing them off and leaving them to rot as garbage so there will be less competition for the sport hunters or commercial fishers?    This is BS!!!   This makes me sick.\nShame on the government if this goes through.\n"
    },
    "14856": {
        "url": "/comment/14856",
        "comment": "I am a hunter and grew up in a hunting family. And I am deeply troubled by this proposed legislation on many levels.\nFirst of all, the very idea of allowing anything that is shot to \u201cspoil\u201d goes against everything that a true hunter believes in or was ever taught. My Dad had an absolute rule: If you shoot something, then you eat it! There were no exceptions. Otherwise, hunting degenerates to killing just for the sake of killing. This is morally wrong and should never be allowed legally under any circumstances. Please do not change the laws to allow this to happen.\nSecond, allowing the killing of young cormorants still in the nest is again contrary to everything hunting stands for. It is a disgusting and abhorrent thing even to consider let alone actually propose.\nThirdly, while many blame cormorants for the decrease in gamefish stocks, this is simply not true. Please take into account the careful scientific research that has been done on this exact thing. Contrary to what so many people \u201cbelieve\u201d to be true, this research clearly shows that cormorants do NOT eats significant amounts of gamefish and, in point of fact, cormorants only thrive where there is an abundance of coarse fish that are of no interest to anyone who fishes.\nPlease look at the scientific facts rather than respond to unfounded opinion and prejudice.\nAnd finally, my cottage is on the southern part of Georgian Bay. I watch cormorants throughout the season. They spend much of the day on small rocky islands and are almost always to be found with seagulls, terns and often ducks as well. If hunting cormorants is permitted, then these other species of birds will also be killed, perhaps in large numbers. Do we just dismiss this as \u201ccollateral damage\u201d? Killing seagulls and terns and ducks out of season is illegal but it will happen. Are you prepared to take responsibility for this? Because whomever allows this will be held responsible for the consequences, morally and especially legally.\nI submit these comments in the hope that they will be taken seriously by those making decisions in this very important matter.\n"
    },
    "14863": {
        "url": "/comment/14863",
        "comment": "Cormorants have become quite numerous across southern Ontario.  Their prevalence may be one factor affecting Common Loon declines.\nI support controlled hunting of cormorants with the following additional requirements:\nThat the dead bodies of shot cormorants must be collected by the hunter and disposed of in an environmentally friendly way - at least removed to an upland area well away from wetlands and open waterbodies.  This is especially important where large numbers have been shot in one location.\nThat shooting from boats be prohibited, since even stationary boats are not steady, and so hitting a desired target is less likely.\nThat the dates for allowed hunting be restricted so as to exclude the nesting season.\nThat shooting cormorants when they are close to other waterbirds be prohibited.\n"
    },
    "14866": {
        "url": "/comment/14866",
        "comment": "Objection to cormorant hunting season\nIssue\nWe strongly oppose a lengthy open hunting season on cormorants in Ontario, and allowing cormorant hunters to leave cormorant carcasses to spoil. The proposals will result in odious slaughter, doing a disservice to ethical hunting.\nWe object to the proposed season for four primary reasons:\n\u2022\tInevitable destruction of nesting habitats for other birds, including those of concern to wildlife authorities \u2013 habitats that our organization owns\n\u2022\tCertainty of environmental degradation with spoilage of carcasses if suggested legislative changes are implemented that relieve cormorant hunters of the need to retrieve slaughtered birds\n\u2022\tQuestionable science regarding the cormorant impacts on fish populations, island forest habitats, other species, and aesthetics\n\u2022\tStrong safety risk to residents and visitors\nWho we are\nOur organization, The Land Conservancy for Kingston, Frontenac, Lennox and Addington, is a non-profit registered charity whose mission is to preserve and protect natural sites and landscapes in our area through owning land and holding conservation easements on land in perpetuity. We own Snake and Salmon islands, and both islands are nesting grounds for cormorants plus other bird species that are currently declining in number. We protect a total of eight properties in our area.\nDetailed objections\n1. Destruction of nesting habitats\nOur land conservancy owns two islands, Snake and Salmon, which are major nesting habitats for cormorants, gulls, and terns. Allowing open hunting of cormorants during the nesting season will inevitably drive away all other nesting species. Snake and Salmon have been subject of continuous study by Canadian Wildlife Service scientists since 1976.\n2. Cause of environmental degradation\nThe ministry is conducting consultation on proposals to exempt hunters from retrieval of cormorant carcasses.  At a bag limit of 50 cormorants per day, hunter carelessness compounded by the possibility of implementing the exemption will negatively affect the environment. Our local area shoreline will be heavily impacted by rotting cormorant carcasses if hunters are exempted from carcass retrieval. Prevailing winds blow from offshore islands to the shorelines of our two counties, leaving municipalities to deal with the resultant stench and waste disposal requirement. Even if the proposal to exempt cormorant hunters from carcass retrieval does not go forward, environmental degradation will nevertheless occur when the hunter is unable or unwilling to retrieve the wounded or killed cormorants.\n3. Questionable science\nWe are certainly aware of the changes wrought by the recovery of the cormorant population in our area. Islands that used to feature trees are now bare. But the many impacts attributed to cormorants remain unproven. Cormorants were common to the Lake Ontario/St. Lawrence River prior to the introduction of DDT. The cormorant population appears to be stabilizing or possibly declining. Studies of cormorants show heavy consumption of invasive, non-native fish species such as Round Goby. A slaughter-level hunt may threaten a delicate balance of water and land species.\n4. Safety risk\nCormorants nest near areas popular with boaters and those who fish. Permitting a cormorant hunt for a  nine plus month season presents strong safety risks to boaters. For example, Snake and Salmon islands house major cormorant nesting colonies, and the islands are close to the shoreline of the City of Kingston and major recreational boating areas. Kingston advertises itself as Canada\u2019s sailing capital. The Lake Ontario and St. Lawrence River headwaters are heavily visited during summer months. Permitting hunting from boats during these months is an invitation to accident.\nRecommendation\nOur land conservancy recommends complete withdrawal of the proposed cormorant hunt for the reasons we have outlined above. If the ministry considers itself compelled to introduce a hunting season for cormorants, we suggest a low bag-limit short hunting season in late autumn \u2013 beyond the recreational boating season \u2013 and insist that the ministry require cormorant hunters to retrieve their prey and dispose of the cormorant carcasses in an orderly and legal fashion. Given that the cormorant numbers appear to have stabilized, heavy hunting will likely trigger expansion of reproduction.\nOriginal signed by\nLand Conservancy for Kingston, Frontenac, Lennox and Addington\nVicki Schmolka, President\n"
    }
}