{
    "14081": {
        "url": "/comment/14081",
        "comment": "Please do not approve the slaughtering of cormorants. Cormorants are a natural part of Ontario\u2019s rich biodiversity and an ecologically beneficial species, being major predators of invasive fish species, like round gobies and alewives, attracting other waterbirds to their nesting sites, and serving other important functions in the ecosystems they inhabit.\n"
    },
    "14086": {
        "url": "/comment/14086",
        "comment": "As a lifelong resident of the Great Lakes region of Ontario I can say that it's only in the last 10 years that I have noticed an increase in Cormorants. Not an over abundance though. I am all for responsible game management but I don't think the proposed season length and bag limits are anywhere close to responsible. I think it would make more sense to experiment with hunting seasons on cormorants in specific areas of Ontario where they are causing damage. This proposal shouldn't be implemented province wide.\n"
    },
    "14090": {
        "url": "/comment/14090",
        "comment": "Please enact this law. Cormorants are growing in dramatic numbers on Wolfe Lake in the Rideau group of lakes. These birds are starting to devistate the local sports fishery and negatively impact both owner cottagers and renters all over the lake which has a history of excellent sport fishing. K As a owner on Wolfe Lake this is negatively impacting the lake with a responsible reputation  for fish stocks, pleasure boating and land values.\n"
    },
    "14095": {
        "url": "/comment/14095",
        "comment": "Proposal to establish a hunting season for double-crested cormorants in Ontario\nWhere is this misguided proposal coming from?  Your opening statement provides all the necessary information to abandon this crazy proposal: \u201cthe latest information indicating Great Lakes populations have since stabilized or declined slightly.\u201d\nThe only justification (and I use that term loosely) for this proposal is:  \u201c concerns expressed by some groups (commercial fishing industry, property owners) and individuals that cormorants have been detrimental to fish populations, island forest habitats, other species and aesthetics.\u201d  I then looked to the supporting documents and did not find any material, scientific or otherwise, to support the premise that Cormorants were detrimental to fish populations or island forest habitat.\n\u201c\u2026the Ministry will implement a cormorant monitoring program to assess population status and trends.\u201d  Looks like you are putting the cart AFTER the horse. Do the science first and if Cormorant colonies are a significant problem come up with site specific solutions. Don\u2019t start with a blanket, province wide, season long, unmonitored(because that is what it will be) murder spree that requires legislative changes to make cormorants a game species that must include a special compensation to allow the meat to spoil.\nIf the Province wants to protect game fish species you can start with the following three recommendations:\nBan the use of live bait\nBan the use of depth/fish finders\nBan the use of down riggers\nI enjoy the great outdoors like many in Northern Ontario. My enjoyment does not require the wanton killing of this persecuted species.\n"
    },
    "14116": {
        "url": "/comment/14116",
        "comment": "There are small islands that I have been enjoying in Lake Superior near Batchawana Island, called the flower pot islands since I was a child and one is barely noticeable from shore because of the cormorants. Eagles have returned to the area after many years and are struggling to compete for food and there are far less fish in the area. There is a great need for action to be taken in this area some sort of hunt should be effective.\n"
    },
    "14121": {
        "url": "/comment/14121",
        "comment": "I agree with the proposal. The bird in question is not only destroying our trees but is also responsible for the displacement of many other waterfowl that are native to Ontario and therefore deserve to be protected.\nLeft untouched, these unwelcome pests will have a similar impact as the invasive Asian carp.\n"
    },
    "14127": {
        "url": "/comment/14127",
        "comment": "I oppose this proposal. It lacks solid evidence to suggest the bag limit is sustainable. Given that monitoring cannot be guaranteed to be completely accurate a high bag limit such as the proposed could be dangerous to populations, lest we set another bad example for the rest of the world and contribute in even a small way to allowing history to repeat itself for entire species (e.g.  passenger pigeon, great auk)\n"
    },
    "14130": {
        "url": "/comment/14130",
        "comment": "Firstly Cormorants are an invasive species.  That being said they are destroying islands in Muskoka as well as urban parks such as in Toronto.  They have taken over provinces such as PEI with their huge numbers and contaminated many areas there as well as threatening the survival of other birds native to that province.  They must be eradicated and in large numbers but done in a way that does not affect other birds such as herons.\n"
    },
    "14136": {
        "url": "/comment/14136",
        "comment": "Cormorants currently coexist in our natural waterways having minimal impact on humans and our survival. Allowing hunting on these waterways where people enjoy leisure and the outdoors can only create an undesirable consequences including safety  concerns.\nThe greatest impact on fishing is \u201c fishing\u201d. There are better management strategies for the maintenance of the fishing industry than killing other wildlife.\n"
    },
    "14142": {
        "url": "/comment/14142",
        "comment": "For the past 7 years the entire small fish population below our docks have disappeared at our cottage near parry sound in georgian bay.\nUnder our docks for over twenty years we have had large populations of perch, rock bass, sunfish and minnows.\n7 years ago the first cormorant appeared in our bay.    We now have a flock of 30.   Every morning afternoon and evening the cormorants come in to our bay and swim under our docks along the shore line hoovering up every small fish they can find.\nIn the spring when the smallmouth bass come in to spawn I have seen cormorants swimming away under water with 2 and 3 pound pregnant female small mouth bass.\nThe outer islands used to be beautiful, they are now home to huge colonies of stinking cormorants.\nI am not a hunter or a fisherman, but now i am taking my hunting course and will be keen to participate in riding these pests from our waters in hopes that the fish population will come back.\nI would support organized hunts in my area focussed on the colonies in the outer islands and would welcome an invitation to participate.\n"
    },
    "14144": {
        "url": "/comment/14144",
        "comment": "I personally have not heard an argument as to why these birds should even be allowed to prosper.  They don't serve any purpose in the ecosystem from what I can see.  All the areas that they eventually move to, inhabitants and nest in turn to wasteland.  They destroy property and lands that people own and make it virtually useless and unable to sell.\nIf the ministry monitors the population and sees that they are nearing a more desirable population, they can just close the season. However a large daily limit will get things under control in a hurry.\n"
    },
    "14150": {
        "url": "/comment/14150",
        "comment": "Using Hunters and Trappers as a resource for the Ministry just makes financial sense. In this day of underfunded ministries we must utilize the resources at our disposal to help create more action on important issues. Please move forward with these changes and continue to set up policy which empowers and encourages land users to feel included in wildlife management.\n"
    }
}