{
    "12640": {
        "url": "/comment/12640",
        "comment": "I am a resident of point traverse in eastern Lake Ontario. The proposal for the cormorants is long overdue as we have watched them destroy the forested parts of false duck island and are now hard at work destroying trees  on timber island with their nesting patterns.\nThere has not been a cull on these birds for some time  and this proposal will not cost the ministry any money.\nThe quicker it is implemented the better.\n"
    },
    "12641": {
        "url": "/comment/12641",
        "comment": "These birds will kill any vegetation that they nest on and around the islands they roust. Further they eat up to half their weight in fish. any large flock can reduce the fish population in any lake. I believe they should be treated like and invasive species (as they do with minnows) and should be culled.\n"
    },
    "12642": {
        "url": "/comment/12642",
        "comment": "I support this motion but do not agree to the proposal of amending the law to allow the meat to spoil. If we are going to responsibly manage Ontario's wildlife then those who decide to hunt the animal should have the responsibility to ensure that animal does not go to waste. . Amending the law to allow for spoilage takes much of the ability to properly manage the species away from the authorities and opens the door for a open cull rather than a resource management plan as advertised. There are migratory birds that are not very desirable (merganser) but if killed can be made into a delicious meal with the proper time and preparation this animal should be treated in the same way.\n"
    },
    "12643": {
        "url": "/comment/12643",
        "comment": "The previous PC government passed the Heritage Hunting and Fishing Act back in the early 2000\u2019s. The preamble to this act states:\n\u201cThe best traditions of recreational hunting and fishing should be valued by future generations.\u201d\nI fail to see how shooting a species has no use as food with only the intent to kill it and let it spoil is part of the hunting tradition in this province. This is exactly the type of behaviour that our hunting laws attempt to eliminate. The fact that there has to be an amendment to the Fish and Wildlife Conservation Act to add provisions so hunters could allow cormorant to spoil shows how far this proposal is from the best traditions of hunting.\nAs a hunter myself who thinks it is important that at least a portion of my food comes from the land and connects me directly to our resources, I find this proposal embarrassing and frankly, disgusting to be associated with hunting.\nCurrently, hunting is an activity that is conducted by a relatively small portion of the Ontario public. It is permitted to occur because the majority of non-hunting Ontarians see it as well managed, focussed on providing sustainable food and other benefits to the province. However, permitting activities such as this proposal which is essentially legalizing wanton killing of animals for no use will shift this perception and threaten the support of hunting as a viable activity in the province for the future.\nThere are situations in Ontario where cormorants may be out of balance with the ecosystem. These specific instances can be identified and dealt with, much as they currently are. I don\u2019t see how random killing by the public will help address these specific situations in a helpful, thoughtful and science based manner.\n"
    },
    "12644": {
        "url": "/comment/12644",
        "comment": "I have fished / hunted practically all of my 71 years and the Cormorant is / has to be one of the factors that has changed the fisherie populations in our province, inland from the Great Lakes which have been decimated since at least the late 80\u2019s ! This doesn\u2019t even take into account the destruction of some wonderful habit in areas where nesting / breeding occurs and that were once some great recreational areas that had been enjoyed for decades previously ! I agree completely with this control rational by the province of this sleek, great looking but destructive bird provided it is done in the same way as all other waterfowl hunting ie. minimize suffering and ensure complete kills ! I make these comments without prejudice and my name as I did not want to take the time to register !\n"
    },
    "12649": {
        "url": "/comment/12649",
        "comment": "I am against these changes. The proposal is essentially for a wholesale permanent cull of the cormorant population. The rationale of aesthetics, island conditions and fish population declines seem very weak for a such a radical policy change. These are native birds to the Great Lakes region that have their appropriate role in the regional ecology and whose viewing is enjoyed by many people.\nIf boys want to play target practice, let them shoot at clay pigeons. Leave the cormorants alone.\n"
    },
    "12652": {
        "url": "/comment/12652",
        "comment": "I support the proposal to the extent that nesting habitats and foraging on fish species has indicated deleterious effects as in the New York /Cornelle U research on Geneva Lake back in the population boom and displacement days. Also the MNR and Parks Canada management actions that were impeded by the ensuing backlash and Provincial Govt flip flops of that day.\nMixed feeling about placing the onus on hunters to effect needed management measures when and where Government Resource Management becomes politically challenging or onerous.\nAgree with the conservation aspect.\n Should also involve MNR managemnt actions like egg oiling especially where ESA impacts arise\nAllowing meat/proceeds to spoil even though the MBCA lack a similar ethical standard in regulation is\nlikely to be criticised and created a further political  divide and regulatory pendulum\n"
    },
    "12653": {
        "url": "/comment/12653",
        "comment": "Localized overpopulation of these birds has caused considerable harm to both the aquatic ecosystem with some local fish populations remaining stressed since there reestablishment. They are a biohazard concern of air and water quality for uses such as swimming and drinking and washing for residents near overcrowded nesting colonies. Bravo. This should have been done decades ago already as it was done in New Brunswick and other jurisdictions.\n"
    },
    "12657": {
        "url": "/comment/12657",
        "comment": "No. I vote no.\nThis is not necessary and it's high time trophy hunting be banned. It's bad enough I have to see the flood of people posting dead deer allover their profile pictures. No limit? You're completely insane. This is how populations of birds are dessimated, not to mention the impact to the environment and the animals that rely on these to live and eat.\nNO.\n"
    }
}