{
    "16209": {
        "url": "/comment/16209",
        "comment": "I am firmly opposed to this proposal. I am not a hunter myself but I was raised by one and I can not imagine that this proposal is being fought for by many in the ethical hunting community. A 10 month season that includes the summer? Fifty birds a day? Of a bird that no one wants to eat, and so would need special permission to spoil? What happened to don't kill what you can't use? This is not a proposal for a hunting season based on sustenance or sportsmanship - it's a proposal for a free-for-all slaughter.\nCormorant colonies may not appeal to some people, but they are a native species that belong here. In locations where there are specific concerns of a large colony impacting on other bird species or the health of trees or soil, management needs to be evaluated on a case-by case basis. Targeted harassment, nest destruction and egg oiling can decease the size of a specific colony when required without unnecessary cruelty and without opening up individual birds or small colonies of a healthy size to eradication. Wildlife management decisions should be made with care, not be off-loaded to local hunters.\nAs for concerns over the depletion of sport fish, aim efforts at restoring shorelines, controlling industrial and agricultural runoff to improve water quality, and reducing invasive species (such as the Round gobies the cormorants are known to eat). Restore forested wetlands near existing cormorant colonies to spread out the population. If stock fish are being released in a waterbody, do so at night when they can find cover before cormorants and others wildlife begin hunting by daylight. In other words, instead of a new hunting season, focus on doing the work that will increase fish numbers to the benefit of anglers and wildlife alike.\n"
    },
    "16212": {
        "url": "/comment/16212",
        "comment": "I oppose opening a season to hunt double crested cormorants for the following reasons:\n1) Cormorants are a natural part of the Ontario Fauna. Messy fish eating birds are also present and abundant in many other areas of the world.\n2) Cormorants have not been demonstrated to cause significant harm to Ontario fisheries.\n3) Allowing hunting at nesting colonies will harm reproduction of other bird species nesting with cormorants.\n4) I like seeing cormorants and living in a province with abundant populations of native birds. However, I would support reducing populations of some game species currently causing harm to habitats and people due to overabundance like white-tailed deer and Canada goose.\n"
    },
    "16213": {
        "url": "/comment/16213",
        "comment": "Before enacting such regulations, it must be the Ministy\u2019s responsibility to ensure the \u201cperceived\u201d detrimental affect on fish numbers is in fact a real concern and not just \u201copinion\u201d. This must be done by engaging scientific research.\nKilling populations of a single species has much larger consequences on habitat and other wildlife populations.\nShame on you for not taking the role of protectors of all animals seriously.\n"
    },
    "16215": {
        "url": "/comment/16215",
        "comment": "As a lover of nature, and as a keen observer of all living things, I most strenuously object to the proposed plan to exterminate, or to even reduce the population of Double Crested Cormorants.  It would appear that the Ontario Government has little understanding of ecology, or exactly how it works.  To plan this hunting season during nesting season is appalling, as it will impact scores of other species.  I urge \"the powers that be\" to discard this proposal.  Surely there are other more important matters that would require attention.  Most of our native species need all the help that we can give them.\n"
    },
    "16218": {
        "url": "/comment/16218",
        "comment": "Carelessly slaughtering huge numbers of double-crested cormorants is deeply concerning because they barely cause any damage at all, especially compared to other species. Hunting them will arouse many problems and impact the stability of the species, and is addressing a practically non-existent problem.\nCormorants are harmless birds, which eat fish just in order to survive, and only a tiny fraction of it is actually \"sport\" fish. Why should we get mad at them just for eating small, shallow water fish like sunfish? They are barely even creating a dent on our large sport fish populations. Some people complain that they cause \"property damage\" and are destructive to areas like forested islands. Well, lets look at it this way. There are many other shorebirds with huge populations, such as herring gulls (seagulls.) Yet no one hunts them or tries making them a \"game bird\" because of reasons such as \"there's too many of them!\" or \"they poo all over our perfectly cultivated beaches.\" We just let them live and humans and the environment go along just fine. Cormorants do not do enough damage to be considered a problematic species, and the little damage resulting from them living happens with all wildlife species. Out of anything, there quite a few other destructive species that affect more than a few waterside property owners. Take squirrels, for example. They have managed to occupy every habitat and civilized area in Ontario possible, and create many more problems. People have experienced damage to gardens, orchids and attics from these rodents. They also attack birds and actually correlate to the absence and decline of birds in some areas (such as mountain bird populations, ranges and red squirrel interactions.) It's strange how squirrels can get away with creating so many problems and damage, compared to cormorants, and how they do relatively little.\nI find it unbelievable how the Minister of Natural Resources is allowing hunters to kill up to 50 cormorants per day for almost the whole year: March 15 until December 31. That's even during breeding season! That means that not only adult cormorants are vulnerable, but also their hatchlings and juveniles. Just think about how much this adds up to. If every hunter in Ontario hunted 50 cormorants every day, every year, this senseless act would pretty much wipe out the population. This is a ridiculously huge number of deaths per year, especially taking into account how much this could impact their populations over time. Many people take joy in watching cormorants and they are an iconic sight on the shore and by waterways. If they disappear, or are seen less often, many people will be disappointed or enraged. Also, the natural system of the environment will be disrupted and this will impact other wildlife.\nTo make cormorants game birds and to kill so many is absolutely senseless and is scientifically incorrect. There is no scientific justification for this hunt or reasons to prove it worthy of undertaking. This means that apart from a few people that just naturally hate cormorants or are overly concerned about how their property looks, this is a non-existent problem. We just celebrated a rebound in their population in the 1970's when they stabilized after suffering steep declines from environmental contaminants. Lets not damage their population again and cause peril to the species. I urge you to do what is best for the species, the environment, and anyone who cares about fair treatment of wildlife and enjoys their presence. Do what is morally right for the Double Crested Cormorant and discard this hunting proposal.\n"
    },
    "16220": {
        "url": "/comment/16220",
        "comment": "My wife and I took a drive from Fort Erie, ON to Niagara Falls, ON this year along the Niagara Parkway.  The trees along the river are fulls of these birds.  Most of the trees are dead and dying due to these birds.  This is a problem that is long overdue it's attention.  Oiling of eggs is done for Canada Geese.  There should be other options discussed to remedy this bad situation with these cormorants.  The Ministries involved in controlling these birds will need funds to address all problems, remedies and the restoration of the damaged environment in regards to these birds.  The drive from Queenston, ON to Niagara on the Lake along the parkway is also infested with these birds.  The trees are dying.  The benefit of trees beside a waterway is priceless.  The amount of fish that these birds eat in the springtime off Jordan Harbour on Lake Ontario should never of become this much of a threat to the alewife, minnow and perch population.  The Burlington Canal in Hamilton is also a problem with these birds.\nAs the warm weather works it way further north, the destruction from these birds will follow and increase.  Do not make the same mistake that was done 30 years ago.  Plan for what can be done now to make the future better.\n"
    },
    "16221": {
        "url": "/comment/16221",
        "comment": "I say no to a cormorant hunt.  The facts behind the reasoning are silly, for example they are killing vegetation.  Well so do humans and humans kill more vegetation than any animal.  So should humans be on the okay to hunt list also?  The reasoning behind this proposal does not make sense.  50 birds a day to kill is way too high, especially since hunters are usually drunk and get off on killing things, they won't keep track of their kills if the limit is 50.  I live in a big deer hunting area.  I work with hunters and they do not have the right attitude for hunting.  They think it is their right to kill things to make the world a better place.  This is not the message to send people.  There should be less hunting as our Canada is not going to have any animals left soon.  They are all going to be hunted into extinction.  The reasons for this proposed hunt do not make sense to me.  Humans are trying to control nature too much and this is never a good thing.  Encouraging violence is never the right move, I believe that deep down this is part of the reason we have a violent society today.  Less guns and more animals will make Canada a better place.  People don't want to see hunting near beaches and public areas, it isn't nice to see things being killed for no reason other that the hunter can do it legally.  The last studies I have seen on hunting go against the reasoning for this proposed hunt.  The studies say hunted animals reproduce more to increase their population in order to survive.  How does this control the population of an animal?  Do the right thing and kill this proposal, it is not good for Canadians.\n"
    },
    "16222": {
        "url": "/comment/16222",
        "comment": "I have been coming to the North Eatern part of Georgian Bay for the past 27 years. When I first visited there were a few Cormorants in the area, but the population has exploded. Now when travelling by boat it is not uncommon to see flocks of 200 to 400 rise out of the water as we near them.\nWe have witnessed the decline of small bass and other fish around the area we visit, and have watched them swim over a nearby shoal and clean out the Small mouth and Rock Bass that resides there.\nI strongly agree with a decision to put the coromarant on a game bird designation , but the hunting period needs to be coordinated with times where there is less activity by recreational users in the area. A time up to mid June, and then after August into the later fall months would be more than likely better received by the general public.\nThank you.\n"
    },
    "16223": {
        "url": "/comment/16223",
        "comment": "Cormorants are beneficial because their diet consists of very large numbers of primarily invasive fish, such as alewives and round gobies, as well as other non-commercial, non-forage species.  It is the commercial fisheries in Lake Erie and other lakes that are depleting fish populations, not cormorants.\nThe mass killing of cormorants will damage the environment and disrupt natural ecosystem processes.\nThe return of cormorants, a native wildlife species, to the Great Lakes Basin is part of a natural process and should be celebrated\n"
    },
    "16225": {
        "url": "/comment/16225",
        "comment": "This cull is a ridiculous, archaic idea that has no basis in science or reality. It is not what the majority of canadians want. Its past time we stop catering to a few loud individuals who would like to use this countries wildlife resources as their personal shooting gallery. The food web is a complex system and the removal of any species can have unforseen impacts on the larger ecosystem. Nature has, and always will strike her own balance.  As we sit here in the midst of a mass extinction caused by human development and failed wildlife managements policies, its well past time to try something new.  The mass slaughter of any species is not acceptable, it doesn't work and it is unecessarily cruel. The propogation of such wreckless actions is further proof that the current wildlife management regime is in need to change. Great way to loose your jobs boys. You couldn't demostrate you inability to effectively do you job if you tried. Fools.  Wildlife belongs to all canadians and youll find a new movement is starting. A rebellion against extinction. Make sure your on the right side.\n"
    },
    "16226": {
        "url": "/comment/16226",
        "comment": "I am in favour of the proposed Cormorant cull in Ontario.\nHunting them should be done during Ontario's migratory game bird season.\nWhy?\nSpringtime is when migratory game birds are nesting.(Potentially wiping out)\nSummertime is boating season with many families on the waters.(Extremely dangerous).\n"
    },
    "16227": {
        "url": "/comment/16227",
        "comment": "I have read the scientific paper that documented the return of the Double-crested Cormorant on Lake Ontario and I object in the strongest possible terms to this proposal.  Your own proposal document indicates that the population has stabilized or declined slightly.  There is every good indication that your proposed measures will make the \u201cproblem\u201d worse, not better.  Shooting cormorants at a nesting colony could readily cause surviving cormorants to initiate new nesting sites elsewhere, thereby increasing the number of nesting sites.\nDecades of research on cormorants, all over the world, have shown that they do not significantly impact game fish populations.  In fact, stomach content analyses usually show that a high proportion of the diet is composed of fish that fisherman don\u2019t want to catch.  Where are the published data that support the need to cull cormorants in Ontario?\nCormorants are again a vital part of Ontario\u2019s ecosystem and this proposal for such a slaughter (daily scale and duration) is completely out of sync with best wildlife management practices.\nIf this proposal is implemented, the proposed shooting of nesting cormorants must be restricted to sites where no birds protected under the federal Migratory Birds Convention Act are nesting.  Many cormorant nesting sites are associated with nests of protected species, such as herons.  Shooting cormorants in mixed colonies is likely to disrupt nesting of those species \u2013 a prohibited activity.\nIf cormorants are a genuine problem in a specific area, then the Ministry should send its own employees to solve the problem.  Opening up the Game and Fish Act in this manner will have detrimental consequences to your Ministry\u2019s scientific credibility in the future.\nEven assuming that a hunter was able to shoot his limit for half the number of days permitted, the magnitude of the permitted kill is simply too great.  Furthermore, not requiring the hunter to collect and properly dispose of the birds shot will lead to the spectacle and smell of rotting flesh on beaches.  That is simply not a good housekeeping practice nor is it good wildlife management.\n"
    },
    "16231": {
        "url": "/comment/16231",
        "comment": "The proposal to classify Cormorants as 'game' birds and introduce an extended hunting season is alarming and has many serious problems.\n1.  The bill seems to be initiated because of 'expressed concerns' whereas the basis should be clear and supported evidence.  Cormorants are a native species and part of the Great Lakes ecosystem.\n2.  The proposed hunting season is during breeding season for most Ontario birds.  Cormorants, although colonial nesters do not live and breed in isolation.  Allowing hunting through spring and summer will disrupt and endanger many other species including species at risk.  This is not ethically responsible.\n3.  The proposed bag limit is unprecedented and alarming - clearly the birds that are shot will not be processed as 'game' birds.  What will happen to all the carcasses?  How is this enforceable?\n4.  Why would hunters be allowed all through recreational season (and in boats)?  No other hunting season or species is treated in such an unsafe way in Ontario.\nThe goal of the bill seems to be control of cormorant populations.  There are much more responsible and effective ways to go about this.\nPlease do not proceed with this legislation.  It seems to be poorly thought through and will only create many more environmental and social problems.\n"
    },
    "16232": {
        "url": "/comment/16232",
        "comment": "I oppose this proposal.\nIt is cruel. It has no basis in conservation. The government has a legal obligation to care for Ontario's wildlife and it just isn't living up to this obligation with this proposal.  I love birds, I love cormorants. Leave them alone if that is the best thing you can do for them.\n"
    }
}