{
    "14495": {
        "url": "/comment/14495",
        "comment": "I have been a birder for nearly 40 years and currently do volunteer work on behalf of the Toronto and Region Conservation Authority at Tommy Thompson Park in Toronto. I am 100% opposed to the proposed policy that would allow hunting of cormorants for many reasons including the following:\n1. I do not believe that the rationale behind the proposal is science-based (e.g. the alleged detrimental effect of cormorants on fish populations is not well founded).\n2. A hunt on cormorants would very likely have detrimental impacts on other bird species.\n3. There are public safety issues emanating from hunting from stationery boats.\nI have read the submission from Dr. Gail Fraser and am in full agreement with her views. In addition, I believe the government should be making science-based decisions that take into account many perspectives, rather than responding to special interest groups such as fishermen and cottage owners whose views on cormorants may be emotionally based and not founded on a full understanding of the facts.\n"
    },
    "14496": {
        "url": "/comment/14496",
        "comment": "Cormorants are an important part of our ecosystem. Yes, some aspects of their natural behaviours are distasteful to some. This does not give us the right to exterminate, extirpate, or destroy any part of the species.\nA better solution would be to allow their colonies to exist where they are, create natural heritage sites where they are and use these locations as a teaching tool about our local ecosystems.\nLearn respect. Teach respect. Learn respect.\nClearly their resilience indicates that the ecosystems that they inhabit require this species to fill a specific niche. We have collectively done enough damage to our fellow earthlings, both intentionally and passively. Let\u2019s not forget our history of hunting species to extinction, and for heavens sake, let\u2019s not repeat it!\nDo we need to be reminded of the bleak history we have inflicted on species such as the passenger pigeon?\nThe Ontario government should focus on helping Ontarians live better, not trying to destroy other life, simply because it exists.\nThis was never an election issue. Please do cus on what ontarians really need and not what some destructive special interest groups want. Thank you.\n"
    },
    "14498": {
        "url": "/comment/14498",
        "comment": "This is a completely wrong-headed proposal. It will allow for slaughter of these peaceful birds who have succeeded in making a comeback in Ontario after almost being wiped out by DDT. The evidence is not there to support the claim that they cause a decline in fish populations as they eat mainly non-commercial fish. Attempting to manage wildlife populations by allowing mass hunting has caused the decline of bird population in the past. It's a cruel, stupid way to try to manage these birds. Also, they are not good to eat so are not really game in the usual sense. Leave these birds alone and work on proposals that support our natural habitats and native species.\n"
    },
    "14499": {
        "url": "/comment/14499",
        "comment": "I am horrified that the Ontario government is considering a hunt such as this.  It is a cruel, outmoded way of dealing with human/wildlife conflict and there is absolutely no reason for it.\nPlease consider the following:\nThe presence of cormorants benefits other water birds such as herons, egrets and pelicans...all of which have stable or growing populations where cormorants are found.\nThe mass killing of cormorants is not only cruel but it will not be beneficial.  In fact, the killing will only mean that other bird species will vacate these same nesting areas and therefore their populations will be negatively affected as well.\nThere is no way to kill cormorants humanely. Even controlled, organized culls in other regions have resulted in large numbers of injured and crippled birds being left to die of their wounds or starve to death, including nestlings.\nCormorants are beneficial because their diet consists of very large numbers of primarily invasive fish, such as alewives and round gobies, as well as other non-commercial, non-forage species.\nThe mass killing of cormorants will damage the environment and disrupt natural ecosystem processes.\nThe return of cormorants, a native wildlife species, to the Great Lakes Basin is part of a natural process.\nCormorants are not overabundant in the Great Lakes. In fact, their numbers are modest, now stabilized and are dropping in many areas.\nThe number of trees damaged or destroyed in colonial waterbird colonies across the province is miniscule and wouldn\u2019t even equal the number of trees in a single modestly-sized woodlot.\nOnly a small number of islands (less than 3%) and peninsula sites are available for cormorants and other colonial waterbirds to nest on.\nThe mass killing being proposed by the Ontario government is a political response to anecdotes, unsubstantiated claims and complaints by a small group of radical fishermen, supported by special interest groups. There is no substantive body of scientific evidence supporting their position.\nInstead of making cormorants a scapegoat for environmental problems they have nothing to do with, attention should be given to addressing the issues that actually do affect fish populations and aquatic environments, such as climate change, pollution, shoreline and habitat destruction, overfishing and a broad range of other issues.\nThe proposed designation of cormorants as game animals, along with a non-utilization exemption that allows the carcasses to rot should be an affront to every hunter who believes in sportsmanship, fair chase and ethics.\nI urge the Ontario government to shelve the idea of making cormorants game animals.  It is completely unnecessary and will only result in more rampant destruction of our wild animals and their habitats.\n"
    },
    "14502": {
        "url": "/comment/14502",
        "comment": "I don't agree hunting the double-crested Cormorants. These birds have been hunting the same way for centuries and haven't evolved in new ways of hunting. But, anglers and hunters have. If there's a depletion of fish, it's not the Cormorant. I do agree that this motivation is out of anger because the anglers etc are not getting their\nown quota.\n"
    },
    "14503": {
        "url": "/comment/14503",
        "comment": "Open season hunt of Double-crested Cormorants and ABSURD AND ABSOLUTE FAIL\nHunters can shoot up nesting colonies and that it takes both parents to raise their young. Shooting one adult parent would still result in the chicks dying.\nThe cormorant would not be killed for food. It is almost inedible.\nLimit of 13,750 birds per year for each hunter!!!!\nHunters would be allowed to fire from stationary motorboats into the cormorant flocks that wheel across the Great Lakes.\nWHAT IS WRONG WITH YOU PEOPLE?\nI am very disappointed, mad and frustrated.\n"
    },
    "14504": {
        "url": "/comment/14504",
        "comment": "To state that \"There continues to be concerns expressed by some groups (commercial fishing industry, property owners) and individuals that cormorants have been detrimental to fish populations, island forest habitats, other species and aesthetics.\"  addresses only the wishes of a small percentage of the population.  Please tell me who are these \"some groups\"?\nMost Ontario residents, in fact most Canadians, support preserving wildlife.  Stating the population of Cormorants has stabilized or only decreased slightly should not be a licence to change their status to \"Game birds\" and start hunting them for sport.  The decrease in fish, forest habitats and other species has not scientifically been proven to be a result of cormorants.  Considering that 83% of fresh water fish have vanished worldwide in the last 40 years, the decline of other fish and species is likely a result of human behaviour. These poor creatures are being used as a scapegoat for destruction by humans who need a new species to hunt because of the declining populations of everything they do hunt!\nWe should cut back on hunting and fishing to save the wildlife in Ontario, not try to blame a population of birds that currently are surviving, and the turn around and decimate their population as well.  Baby cormorants don't survive without both parents.  You will have nothing left to hunt or fish at this rate.  Please don't do this, thank you.\n"
    },
    "14506": {
        "url": "/comment/14506",
        "comment": "I am writing to express my extreme opposition to your proposal to designate the cormorant as a legitimate game bird for licensed hunters to slaughter at the insane rate of 50 birds per day for an entire season. This is not a hunt. This is not even a cull. It is a deliberate slaughter of a native species of bird that has its own place in the environment. Your stated reason? Because fish stocks are down.\nThe cormorant is a native species of bird who has had an established place in the environment for millions of years. The reason fish stocks are down is because of commercial and sport overfishing, rural and urban pollution and environmental degradation caused by dams, water diversion and dredging which is all caused by humans, not cormorants.\nUnder your proposal,  hunters will be allowed to leave the carcasses to rot where they were slaughtered which would be a both an eyesore and a potential health hazard.  You are also proposing to allow hunters to shoot the birds from boats in public waterways. Your hunting season spans the entirety of open water tourism when swimmers, pleasure boaters and sport fishers could potentially be in the line of fire. Yes, I know, the hunters are required to make sure there is no one in the line of fire when they shoot but every year innocent people are shot by hunters on land. What makes you think it will be any different on open water?\nThe cormorant has a passing resemblance to many diving birds, including Loons, Grebes, Diving Ducks and Mergansers. Undoubtedly mistakes in identification will be made and many of these species could be threatened - especially if the adult birds are killed during the fledgling season.\nFinally, I live on a lakeshore property  in northern Ontario and I do not want to wake up  to the sound of someone slaughtering cormorants with shotguns at the first light of dawn. This proposal is akin to  the introduction of Cane Toads to Australia in the 1930s to control a beetle problem, which was caused by the introduction of sugar cane. If our fish stocks are down don't blame the natural predator who has been there for eons.  Blame the humans who have comparatively just arrived.\n"
    },
    "14507": {
        "url": "/comment/14507",
        "comment": "Hunting for the purpose of feeding people makes some sense.\nThe proposed cormorant hunt is wasteful and short sighted.\nNo one will eat cormorants.  Just because you see many in one place does not mean they are abundant everywhere(they are colonial birds).\nConsideration must also be given to the collateral damage to other birds that would be killed by accident..a result of proximity to a cormorant colony.\nWho will oversee the hunt expectations if there was to be one...certainly not the MNRF ...they have neither the budget nor the people to take on the tasks.\nShould additional funding be available certainly there are better places for such  money to be spent;  during this time described by the current government  as one of \"fiscal accountability and restraint\".\n"
    },
    "14508": {
        "url": "/comment/14508",
        "comment": "Taking the fate of a native species that has been repeatedly pushed near extinction and putting it in the hands of misinformed and bloodthirsty individuals with a high enough hunting limit that two dedicated people could wipe out the species sounds ridiculous.\nCormorants have always been a part of our ecosystem and help control invasive species populations.\n"
    },
    "14512": {
        "url": "/comment/14512",
        "comment": "I am completely in favor of the proposed changes.  Many of us have witnessed the decline in our recreational fishing success over the years since these birds (which seem to be an invasive species) have ventured inland.  I have also witnessed first hand the release of Salmon into the Pentagore river in Kincardine Ontario, and the swarm of Cormorants that swooped in to feed on these fish.  My only concern is that it might be too little, too late; as a similar program is in place in various locations in the USA, and reinstituted in Michigan this past spring.  Our countries may in fact have a chance to reduce numbers in a meaningful way with both sides of our Great Lakes participating.\nPlease make this happen for the sake of our rivers and lakes and the health of our environment.\nMark\n"
    },
    "14513": {
        "url": "/comment/14513",
        "comment": "This proposal sounds incredibly aggressive. Undoubtedly people felt the same at one point about passenger pigeons. I don\u2019t believe the wholesale slaughter of any species is justified and I am surprised that in a reasonably progressive country such as ours that a government agency is making such a proposal. I would certainly hope that there would be consultation with environmentalists who have some insight in the situation before this is enacted.\n"
    },
    "14514": {
        "url": "/comment/14514",
        "comment": "I find your proposal for hunters to be able to shoot 50 double crested cormorant a day from March 15 to December 31 barbaric, and even more barbaric to allow the carcasses to rot. It sounds to me like you are willing to allow another species of birds to be brought to extinction at the hands of hunters once again, ie. passenger pigeons. The other issue is the countless numbers of other waterfowl that will be shot due to improper identification including loons, mergansers, ducks etc. Do you seriously think hunters that are shooting into a flock of waterfowl are going to discern one species from another especially when being able to let the carcasses rot!\n"
    },
    "14519": {
        "url": "/comment/14519",
        "comment": "I am extremely disappointed on the Ford Government which is allowing a despicable act to kill cormorants.  By killing these birds in this fashion, the young will be unable to survive and entire colonies will be wiped out. This is not what Ontario is about and this does not reflect the empathetic views of the residents of this province. What proof has been provided that these birds are a nuisance?  And why kill them?  Is that our government's first response when it comes to wildlife, if we don't like it, kill it? What other options have been explored and presented to the people of Ontario? The act also states that hunters can let the meat /birds spoil.  Who says things like this?  Who allows this?  I am personally disgusted by the lack of respect for wildlife and for living things in this province. I believe this government is pandering to the wishes of hunters.  Now we will hear only gunshots on Lake Ontario.  There is no way to police  these hunters or to know if they have indeed only killed 50 birds each. Plus, we will have rotting carcasses now on the Lake as well as hunters will not be required to retrieve the birds. Unacceptable.  This government is sinking to a new low. Treating these birds in this way is morally wrong.  I wholeheartedly object to this law and this government in no way represents me or speaks for me.  I will do everything I can to get Mr. Ford to change his mind and to demonstrate that as premier of this province he should also be ensuring the well-being of our natural wildlife in this province.  Shame on you Mr. Ford.\n"
    },
    "14521": {
        "url": "/comment/14521",
        "comment": "https://www.thestar.com/opinion/star-columnists/2018/12/10/why-are-corm\u2026\nHere is a link to the Toronto Star Article.  This law is completely unacceptable and there are other ways to resolve any percieved  problem by talking to naturalists, scientists and ornithologists instead of just reverting to killingthese birds.\nAgain, by killing even one parent, the nesting colonies will die out.\nWhat on earth did these birds do to deserve extinction?\nHow does our government come up with such a morally unacceptable plan to indiscriminately kill our wildlife?\nShame on our government.\n"
    },
    "14524": {
        "url": "/comment/14524",
        "comment": "There is no reason for the Ford government to give permission to hunters murder thousands of cormorants. They eat a tiny proportion of fish enjoyed by humans and pose no environmental or economic threat to the province. Cormorants are beautiful birds and we are lucky that they have come back after being wiped out by ddt. Please leave them alone.\n"
    },
    "14525": {
        "url": "/comment/14525",
        "comment": "These birds have depleted the baitfish population on Lake Huron to the point that thatbin turn deleted the chinook salmon numbers. Your lucky to catch a chinook now where 15 years ago they were plentiful. These birds serve no meaningful purpose and there are way too many. They need to be culled and the vast numbers lessened.  Thanks Don\n"
    }
}