{
    "16304": {
        "url": "/comment/16304",
        "comment": "I strongly oppose the new proposal to list cormorants as \"Game Birds\". I kindly ask the government of Ontario to not be influenced by the opinion of biased groups who would benefit from the mass killing of cormorants. Cormorants are part of Ontario's natural environment and are native to Ontario. They are simply scapegoats for mistakes people have made. If these birds are listed as game birds, people will use them for target practice, and many will be left to die from their injuries leading to inevitable animal suffering and contamination of the environment from all the gunfire residues. Human activities has already lead to significant and detrimental environmental contamination, habitat destruction, species extinction, and fish stock depletion. This new proposal not only will not help in the big picture but it will put Ontario at risk of ecological imbalance. I urge you to focus strategies to preserve our wildlife, natural environment, wildlife habitat and to hold individuals, groups and companies who are truly responsible for Ontario's environmental degradation accountable and to leave the cormorants alone.\n"
    },
    "16308": {
        "url": "/comment/16308",
        "comment": "From a self proclaimed outdoorsman, hunter, trapper and steward of the land, I applaud the Ontario Ministry of Natural Resources and Forestry for taking the initiative to implement a strategic plan to properly manage this species in our ecosystem.\nIn the past decade or so, it has become clear in Northern Ontario that these birds are becoming more and more prevailant on our water systems where they were never observed before. They are starting to nest and appear in staggeringly large numbers, competing with multiple other local species for the same (limited) food source.\nIn this day and age, it is clear that a lot of wildlife management decisions are based moreso on emotions than scientific facts, which is quite sad. This proposal to introduce a hunting season for these birds is an example of that. Scientifically, it is clear that these birds have become over populated to the point they are spreading into new environments where they have never been seen before, and need to be managed properly. It's a little upsetting that the MNRF even needs to \"ask\" for the public's permission to manage our resources. We know there are always large groups of people (oddly from the southern portion of the province who coincidentally have no connection to the land what so ever) that are offended by wildlife management practices.\nHopefully the MNRF values our wildlife and our abundant resources more than the emotions of our ill-informed majority of Ontario's population.\nThese birds needed to managed long ago, but better late than never I guess.\nThank you to the person/people involved at the MNRF in creating this proposal!\n"
    },
    "16311": {
        "url": "/comment/16311",
        "comment": "Strongly opposed to proposed establish a hunting season for double-crested cormorants in Ontario!\nIt really sounds like an authorization to exterminate a native species that is annoying to some people.\nIt is not a proposal for a sustainable hunt: the meat is not edible and the proposed (absurdly high) bag limit and (extremely long) hunting season would allow one individual to kill 14,600 cormorants a year. I cannot find any other hunted bird with such a high bag limit or long hunting season.\nThe proposed hunting season includes the spring and the summer \u2013 hunting does not happen during this time! The safety of other people enjoying the outdoors in spring and summer is not being considered in this proposal.\nAnd \u201caesthetics\u201d is certainly not a good argument to justify a cull. It is not a conservation-based argument and is extremely suggestive. Again, this seems to like an authorization for extermination that will please a few annoyed landowners.\nStrongly opposed.\n"
    },
    "16314": {
        "url": "/comment/16314",
        "comment": "It is absolutely shocking that at a time when human activity is largely UNintentionally causing the extinction of many many species that Doug Ford would actively encourage the destruction of any animal \u2013 in this case cormorants, who seem to upsetting \u201cproperty owners\u201d and some commercial fisherman.\nAnd it is completely immoral that Doug Ford would allow hunting merely for the purpose of killing (not for eating) and that the birds once shot would not have to be tracked down and dispatched if only injured. It is also against the code of hunting to allow injured animals to suffer unnecessarily.\nWhat is the matter with Doug Ford??? Leave the birds alone.\n"
    },
    "16316": {
        "url": "/comment/16316",
        "comment": "hi,\nThis is a preposterous proposal that will do little good overall. It is dangerous and reckless, and even if there was a population problem (there is not) there are more effective ways of controlling the population. It's disheartening to see the Ontario government spending energy on these ridiculous ideas that Ontario scientists, who are also citizens and taxpayers, say is not necessary.\nthanks.\n"
    },
    "16317": {
        "url": "/comment/16317",
        "comment": "History has proven time and again that culling is not an effective form of management in nature over the long term therefore:\n- I oppose the proposal to list Double-Crested Cormorants as game birds.\n- I oppose the creation of a hunting season to kill these birds.\n- I would like the Premier to protect, not persecute, these native birds.\n"
    },
    "16324": {
        "url": "/comment/16324",
        "comment": "Dear Sir/Madame,\nI am concerned that a proposal to hunt Double-crested Cormorants during nesting season, e.g., near mixed nesting colonies with other birds (herons, egrets, gulls, and terns) contradicts the very spirit of hunting ethics, and also conservation practices of conserving colonial nesting birds worldwide.\nWhether or not the cormorants affect the populations of sport fish is debatable, however, hunting of any birds near nestling colonies is unacceptable, not to say that killing of adults with doom nestlings to starvation and predation, and will further disturb other colonial birds, e.g., herons, terns, which may result in loss of nests to exposure and predation, reducing their nesting success.\nAlthough it has been demonstrated that cormorant droppings kill trees and other vegetation in areas where colonies of this species nest in trees or shrubs, overall impact is negligible, as the number of colonies is relatively small. The loss of trees in protected lands (e.g., East Sister Island, Middle Island. etc.) reflect on paucity of mature Carolinian forest in Ontario, in protected areas and elsewhere, rather than \"hyper-abundance\" of the cormorant.\nMost of cormorant species nest in colonies, often with other fish-eating birds, and because of this overall number of colonies is small.\nAs of the impact on fisheries... It is very likely that the cormorant increase, in part, relates to an increase in bait-fish, after the excessive removal of sportfish by anglers and commercial fishermen.\nThe double-crested cormorant is an integral part of the Great Lakes ecosystem and should be afforded protection as such, at least for the duration of the breeding season, and this protection should not be sacrificed to appease few interest groups.\nWhether cormorants should be hunted outside of the breeding season remains debatable, but if allowed, the bug limit should not exceed five bird a year per hunter. Although, I maintain that hunting merely for a desire to kill, and then to spoil, is unethical.\nYours sincerely,\nMichael Patrikeev\nOrnithologist and zoologist with over 30 years of work experience.\nOttawa, Ontario\n"
    },
    "16325": {
        "url": "/comment/16325",
        "comment": "I support the proposal to establish a hunting season for double-crested cormorants in Ontario.\nI have seen the impact these birds have had first hand on Lake Simcoe over the past 15 years. The birds are causing a significant decline in fish population in the lake (especially perch) as they eat a significant amount of fish per day.\nTheir population should be put in control as they significantly destroy fish population and trees.\n"
    }
}