{
    "12789": {
        "url": "/comment/12789",
        "comment": "I\u2019m very happy to see something being done about these birds!\nI would also like to see egg oiling allowed in devistated areas!\nOur limited fish stocks will quite likely respond positively once the cormorant numbers are back in control!\nI also recognize that this is probably a safer way for our MNRF to control the numbers.\nThey avoid the negative feedback and expense of hiring contractors!\nThank you!\n"
    },
    "12792": {
        "url": "/comment/12792",
        "comment": "As someone who has no opposition to hunting, I do have a huge issue with culling (which is what is being proposed). The 50 a day limit is insane. Where did this number come from? What factors went into determining that 50 a day was acceptable? In addition, the period that the 'open season' would run needs to be shortened. Strict rules/regulations on how the carcasses should be disposed of, and fines put into place for individuals who choose not to abide by them need to be laid out and enforced.\n"
    },
    "12793": {
        "url": "/comment/12793",
        "comment": "I am concerned about the 'stationary boat' part of the new regulations. I would suggest that there is no such thing as a stationary boat when they are out on the water. I cannot imagine that accuracy is possible in a bobbing boat/water craft.\nI understand that hunters have to positively identify their prey before shooting, but I am concerned that in a bobbing boat they may hit other migratory or nesting birds.\nPlease consider this in prior to passing this new by-law.\nthank you!\n"
    },
    "12794": {
        "url": "/comment/12794",
        "comment": "I think this should have been done 25 years ago, the studies have shown the amount of food they need to consume in one day.  It\u2019s a no brainer.  The MNR needs to set aside their political views and actually do something for a change.  They have many great people working for there establishment but the people in head office need to stop drinking the Green coolaid and protect our NATIVE species.  When you visually see an island go completed destroyed in two years and nothing as been done to engage the species it\u2019s absolutely rediculous.  It\u2019s time to cull them as much as we can!\n"
    },
    "12796": {
        "url": "/comment/12796",
        "comment": "First - One day I was sneaking up on a pair of Canada Geese to take their picture.  When I was about 20\u2019 away - BAM! One of them fell dead in front of me.  No thank-you!  That happened 40 years ago and I'm still traumatized by it.\nSecond - Shooting birds in habitats that they share with other species of birds is also disturbing the birds not being targeted.  The cormorants seem to get on well with other birds in nesting areas.  One can only hope that hunting is NEVER permitted during nesting season.\nFinally - Non-interference is usually the best policy. What humans deem to be an appropriate number of cormorants has absolutely nothing to do with what Mother Nature thinks is an appropriate number. We have to be aware of the lessons of history.  The flocks of Passenger Pigeons are said to have darkened the sky for the better part of an hour.  I've seen Maybe a dozen cormorants so far this season.\n"
    },
    "12798": {
        "url": "/comment/12798",
        "comment": "Long overdue!!! 1 lb of fish each day are consumed by these birds. lush green Islands are totally devastated by nesting birds. Young of the year sport fish are especially susceptible in small bays on our great lakes during the months of August September and October when the diet of these birds changes from Alewife to sportfish. I understand cormorants are present in Algonquin Park as well. These lakes and potential nesting areas need to be protected . Hopefully new legislation can address culling in our provincial parks as well. Hamilton Harbour is disgusting. MNR@F is spending lots of funds rehabilitating Hamilton Harbour with walleye stocking and other natural habitat restoration programs...lets protect what we as taxpayers have invested in by culling those birds as well. not sure how the legislation would address this in a populated area like Burlington/Hamilton\n"
    },
    "12800": {
        "url": "/comment/12800",
        "comment": "I absolutely do not support this proposal, for the following reasons:\n1) There seems to be (at least available to the public) little to no scientific analysis indicating that Ontario's cormorant populations are unsustainable. Rather, I suspect the driving force behind this proposal is pressure primarily from the OFAH. I'm sure I don't have to tell the MNRF that the claims made by the OFAH are far from objective and ecologically-minded. It is the duty of the MNRF to manage natural resources for all Ontarians, not just for those who are interested in exploiting them.\n2) Even in the event that cormorant control is warranted, I am shocked and disappointed to see the proposed exemption allowing hunters to legally spoil the meat. This is not a proposed hunt so much as a proposed cull. Call it what it is, because we all know most (if not all) hunters partaking in cormorant control will not be consuming the meat. This is not only unsportsmanlike, it is irresponsible resource management.\n3) The MNRF must have to foresight to predict the hundreds of thousands of pounds of cormorant carcasses being left on beaches, in wetlands, and floating in water bodies as a result of the harvest exemption. If hunters are allowed to spoil the birds, how inclined do you think they will be to go out and collect them once shot?  Aside from the immediate issues of decomposing carcasses, there will be increased exposure to disease, bacteria and parasites to other species in the environment as a result of the abandoned cormorant carcasses.\nPlease consider the broad consequences of this proposal. I recognize the appeal of a low cost cormorant reduction strategy, but this is surely the wrong way to do it.\nSincerely,\nA concerned biologist.\n"
    },
    "12801": {
        "url": "/comment/12801",
        "comment": "if you finally are accepting the fact these birds destroy the land and waters, why bother bringing in a hunt. why not just cull the heard  on an annual basis? THe issue now is people are still expected to buy a small game permit to be able to hunt the bird. if you want to get rid of the numbers why not just make it an open season?\n"
    },
    "12804": {
        "url": "/comment/12804",
        "comment": "There is no scientific reason given for this proposal. This is a proposal based on people not liking the \"aesthetics\" of bird poop and the commercial fishing industry, continuing to over-fish, wish to eliminate competition.  The proposal holds no basis for scientific reasoning, does not contain any details on monitoring or enforcement, and does not mention any timeframe or means for re-evaluation.\n"
    },
    "12805": {
        "url": "/comment/12805",
        "comment": "First of all, it would be imperative to produce good data that shows that Double-crested Cormorant populations are the cause of any decrease or fluctuation in commercial fish. Predator - prey interactions are seldom linear, and perhaps there is a positive to commercial fish from a predator such as the Double-crested Cormorant. In complex systems, this is a possibility. Either way, the data needs to be out there and clear, before one tries to solve a problem that may not be solvable by culling Double-crested Cormorants. Perhaps Double-crested Cormorant are a symptom rather than a cause of a problem in the Great Lakes ecosystem. If you cull cormorants, why not egrets, herons, Caspian Terns etc. Perhaps some of those have a greater effect on commercial fisheries? If it is merely the population number, it means that you are being simplistic in your understanding of what the dynamics are in the system, and you may be making the incorrect assumptions. I say no culling of cormorants, or other fish eating species, until you have clear, data from multiple studies that clearly show that the culling will have a positive effect on the prey species that you want to manage for.\n"
    },
    "12807": {
        "url": "/comment/12807",
        "comment": "I 100%  support a hunting season on cormorants in Ontario. Thank you for proposing this as I feel that it is long overdue.\nThe changes that are being proposed will serve to keep the population of cormorants at an appropriate level for the ecosystems they live in. currently, we are seeing a rise in populations that cause significant damage to the shorelines and islands of water bodies that are inhabited by colonies of cormorants.\nPersonally, I have seen some of these cormorant colonies kill entire islands and large areas of shorelines due to the high number of cormorants in these areas. The trees and plants that are killed by cormorants are habitat for many different species of animals that can suffer from the loss of habitat as the plant life dies due to the overabundant cormorant population.\nCreating this hunting season for cormorants will allow the Ministry of Natural Resources and Forestry to keep a closer watch on the populations of cormorants by receiving feedback from hunters in the field. The management approach is similar to that of other bird species in the area like crows. It allows people to reduce damages to the ecosystems of our shorelines and islands while allowing an appropriate number of cormorants to survive as long as the area that they live in can support their population. The population will be managed properly under a hunting season, allowing the cormorant population to be kept at a sustainable level so that the damage they do is reduced.\nI applaud this proposal as It will bring about the required changes to ensure sustainable cormorant populations while reducing the damage they do to our lakes and rivers. This hunting season on cormorants must be approved if we want to conserve our shoreline and water ecosystems.\nThank You\n"
    },
    "12809": {
        "url": "/comment/12809",
        "comment": "This policy is a long time coming and sorely needed. Living on the French River I have witnessed the increasing population of the commorant and its negative affect on native bait fish, sport fish and environment.\nEvery year the number of birds increases and if left unchecked can only lead to a decreased sport fishery and pressure on other native species.\n"
    }
}