{
    "12232": {
        "url": "/comment/12232",
        "comment": "I recognize the need to reduce the numbers of Double-crested Cormorants.  I have no argument with that.  I do think the dates of June 16 to August 31 are more reasonable for the whole province and not just Central and Northern Ontario.  The start date will be outside of the nesting period.  Cormorants gather where other birds gather: Great Blue Herons, Black-crowned Night Herons, Great Egrets, Common and Caspian Terns, Ring-billed and Herring Gulls.  Those birds will have their nesting cycles disrupted in Southern Ontario if the start date of March 15 is allowed to stand.  Their numbers (except for gulls) are decreasing as it is.  Another item that concerns me is the disposal of the cormorant carcasses.  You do not note in your proposal where or how these birds will be or can be disposed of.  I suspect some hunters (not all) would leave them to rot figuring fish would take of the carcass.  I think there needs to be some regulation on that.  Thank you.\n"
    },
    "12233": {
        "url": "/comment/12233",
        "comment": "Acceptance of this proposal would be a big win for Ontario fisheries. Cormorants are a major predator of juvenile sport fish and are not, as far as I know, a prey source for any other predator.  I have spent most of my life guiding in NW Ontario and would definitely vote yes to a Cormorant hunting season.\n"
    },
    "12234": {
        "url": "/comment/12234",
        "comment": "The proposed changes are not sustainable for the double-cormorant population, it would be irresponsible to allow 50 per day with no limit. Entire colonies could be wiped out by a few individuals in a day. Not to mention the cruelty of allowing hunting during the breeding season, allowing their young chicks to starve/freeze to death without the protection of their parents. These birds nest among other water birds that would also be disturbed or harmed during their breeding season as well, such as Great Blue Herons. People shouldn't be allowed to tromp into a wetland or waterfront with guns during the breeding season. Period.\n"
    },
    "12236": {
        "url": "/comment/12236",
        "comment": "I support all proposals related to this. I think it\u2019s important for only a small game licence to be required and the season to be as long as possible.\nThey really are a nuisance and have killed all vegetation on at least 3 islands that I know of. I\u2019m glad to hear you\u2019re looking at options to reduce the population....it\u2019s time for sure.\n"
    },
    "12246": {
        "url": "/comment/12246",
        "comment": "Please open up cormorant hunting.\nThere has grown to be excessive cormorants in a lot of our southern Ontario lakes. Cormorants have been destroying shoreline trees and even entire islands making some areas an eyesore never mind the rancid smell from the droppings.\nAnything to control or reduce the population of this nuisance bird is in all of our best interests in my opinion.\nMaybe I'll will start hunting the myself.\n"
    },
    "12247": {
        "url": "/comment/12247",
        "comment": "It's about time. Over the past 15 years we have watched the lake we own a cottage on get overrun by cormorants. There has been a significant decline in the fish populations in the lake and I know you can say it may be many factors but watching these birds eat you can tell they have an impact. For a bird who eats only fish to flourish the way they have I can only deduce that they are eating a lot of fish. I for one will participate in this just to remove them from our lake and restore a once beautiful island with living trees back to its previous state. They have reduced a whole island to a toxic waste site that you cannot even go near. Cant wait to see this implemented.\n"
    },
    "12248": {
        "url": "/comment/12248",
        "comment": "This is a great idea. They have been fouling up the shorelines for a long time now. However, allowing the game to spoil might create an environmental issue. They already stink to high heaven. Never mind adding rotting carcasses to the stink factor. There ought to be disposal sites where the carcasses can be rendered into blood and bone meal and the like or whatever they may be useful for. This would also foster a respect for all wildlife, nuisance or not. It wouldn't take much for things to get out of control and negative repercussions or social media backlash to latch onto images of piles of rotting carcasses to tarnish all of the good and respectful hunters' reputations. Good luck and I look forward to breathing easier by the beach.\n"
    },
    "12249": {
        "url": "/comment/12249",
        "comment": "This new season would be all the more reason for men, women, and children to enjoy and appreciate the great outdoors in this beautiful country!\nPerhaps this new season would decrease or eliminate poaching of similar game birds like goose and duck.\nFor more reason than deacreasing poaching, this season would allow for more hunters and more money to be put into conservation efforts. As the \u201cbaby boomers\u201d grow too old to hunt, numbers of hunters are decreasing rapidly. The conservation and hunting community needs more funding and hunters to be sustainable and maintain a large enough voice!\n"
    },
    "12250": {
        "url": "/comment/12250",
        "comment": "I am a hunter from around the bay of quinte region and the population of cormorants here is out of control. I believe that allowing hunters to harvest these animals is a great idea and myself will be participating, but my only concern is how abouts do you wish for us to dispose for the bodies? like it should be find to leave them on the shoreline, or in the water if its a large enough body of water (where they are usually found anyways)\n"
    },
    "12252": {
        "url": "/comment/12252",
        "comment": "After reading this proposal I think that this is a fantastic idea and this issue has been requiring attention for years. Every year I have seen a greater impact from the overpopulation of cormorants, I think it would definitely be in the public\u2019s best interest to open a regulated hunting season for double-crested coromorants in Ontario. I would like thank the people that have helped to bring this propostion forward.\n"
    }
}