{
    "13331": {
        "url": "/comment/13331",
        "comment": "Leave the cormorants alone.  I love watching them in the summer.  Do we have to make another species extinct to please humans.  All guano is toxic.  I have a balcony full of pigeon guano because I can't get anyone to do anything about it.  That doesn't mean I want all pigeons wiped out - although better pigeons than cormorants.  While I appreciate the concern - don't you think Asian Carp and Zebra Mussels are a much bigger threat to our water ways.  15 years ago my daughter accidentally scraped her foot across zebra muscles.  She still has the scars today.  Please leave the Cormorants alone.\n"
    },
    "13334": {
        "url": "/comment/13334",
        "comment": "These birds are a native species, This government giving an open killing season to people that will just kill for the fun of it will also harm other wildlife with NO regard and will have No Accountability!!\nThis Government needs to Stop Catering to their friends or personal interest!\nMy vote will not be as generous in the next elections!\nWe shouldn't have to search for a URL to link in!\n"
    },
    "13336": {
        "url": "/comment/13336",
        "comment": "I am opposed to this proposal.\nLeave the birds alone and allow natural forces to play.  On the Big Rideau osprey and eagles prey on the cormorant chicks.\nIt is well known that humans are the biggest threat to fish and lakes.\nThere is no proof that cormorants have a significant impact on the fish population.\nYour proposal admits that the cormorant population is stabilizing or dropping.  Hands off.\nThis is not hunting, this is an unnecessary cull.  If this proposal is approved, change it and do not allow amateur hunters on our lakes, hire a few select skilled people to do the job correctly, in a very limited fashion, with safeguards in a scientificly evidenced fashion.\n"
    },
    "13338": {
        "url": "/comment/13338",
        "comment": "In regards to a hunting season for double crested Cormorants. I feel a hunting season would be beneficial as these birds have become overpopulated. I spend a lot of time in Georgian bay where these birds devistated the fishing for many years. There seemed to be a severe shortage of baitfish and consequently gamefish after these birds repopulated. In recent years there has been some bounce back in the fishing  but the birds seem to be reappearing and I\u2019m sure the cycle will continue. I also live in Hamilton where there is tens of thousands of them nesting. They have devistated shoreline in the bay and create a horrible smell when travelling daily in the summer across the bridge.\n"
    },
    "13345": {
        "url": "/comment/13345",
        "comment": "As an active fisherman and hunter on Balsam Lake, I've personally witnessed the ecological impact these pests have caused. The population of these birds has exploded to the point were you can see hundreds on the water. They have completed destroyed one small island with their disgusting feces and have decimated the fish population. I have personally noticed the fishing decline over the years which has deteriorated to the point where fishing is no longer fun. These birds need to be kept in check and properly managed to avoid a complete disaster.\nPlease open the season for these birds.\n"
    },
    "13353": {
        "url": "/comment/13353",
        "comment": "I strongly support any measures that curtail any increase in the cormorant population. In addition to my family having a summer cottage when I was a child, I have had a lakefront property on Lake Couchiching for over 40 years and believe that the growth in the cormorant population on our lake has been detrimental to the recovery of the game fish population in our lake after our zebra mussel infestation many years ago. The birds are becoming a significant nuisance to the enjoyment of our lake - due to their impact on our sport fishing, due to the total destruction of vegetation on Ship Island, due to their encroachment on the nearby properties and Big Chief Island and the terrible smell of their waste because of their overly dense population on the lake.\nPlease proceed with your recommendation to open a hunting season to limit their explosive population growth.\n"
    },
    "13357": {
        "url": "/comment/13357",
        "comment": "This is one of the most disgusting 'hunting' proposals I have ever heard....it will be an excuse for gun loving Cowboys to murder birds. I live on a lake. We see Cormorants, loons, ducks, herons, geese Osprey, and Eagles on a regular basis. We used to see the occasional swan until a couple of 'hunters' killed two of them thinking they were snow geese. Every time humans interfere in natures processes we screw it up. Killing animals for recreation is hard for non-hunters to accept but accept it we must...but this is a step over the line. Why should every fish, bird, deer, moose be a target of 'sport', and a commercial cash generator for business....we need to share resources with other species. The last thing we need are a bunch of cowboys in boats slaughtering birds for fun and leaving the rotting carcasses to wash up on beaches. Give your head a shake and kill this senseless proposed 'hunting' regulation. As a country person living in Northern Ontario I already have to live in proximity to bear hunters, duck hunters, moose hunters, geese hunters, deer hunters, etc...we have to wear blaze orange just to walk the kilometre to our mail box....we don't need more noise and danger, thank you very much!  Maybe Mr Ford shouldn't listen to every lobby group with a vested interest and instead get some third party scientific advice before making decisions that effect the balance of nature.\n"
    },
    "13359": {
        "url": "/comment/13359",
        "comment": "I have visited Lake Couchchiching many times and have see the devastation the cormorants have done to Ship Island, it has been their outhouse and they want to start the take over of Chief Island as well. Its time to open a hunting season to curtail their efforts and protect our green space to keep it green.\nThank you for listening.\n"
    },
    "13361": {
        "url": "/comment/13361",
        "comment": "I am in agreement with the proposed changes, a hunting season to reduce the numbers of cormorants would benefit our lakes. The overpopulation is creating pollution in the water and rivers and is killing the fish!  The excrement from so many birds is not only unsightly but a health issue for animals and humans alike.\n"
    }
}