{
    "16257": {
        "url": "/comment/16257",
        "comment": "Re: EBR 013-4124: Proposal to establish a hunting season for double-crested cormorants in Ontario\nIt might be worth setting sights on expanding legitimate shooting ranges, but certainly not on setting up a free-for-all shooting gallery. There is no rationale for the proposed carnage on our waterways, throughout even the breeding season; for the collateral damage to other species; for the failure to responsibly manage population sustainability; and for the disregard of issues of public safety.\nI strongly oppose the proposal to establish a hunting season for the double-crested cormorant. There is no scientific justification for this hunt. This wild native species has rebounded from historic lows in the 1970s and populations have been stable or declining since the 2000s.\nI am aware, according to the Canadian Wildlife Service, that cormorants are not competing with commercial fishers as they feed primarily on small, largely non-commercial, shallow-water fish. Only a small percentage of their diet consists of \u201csport fish.\u201d\nUnder the Fish and Wildlife Conservation Act, concerned property owners already have recourse to harass, capture or kill cormorants if they\u2019re causing property damage.\nThe extreme bag limit allowing an individual to kill 50 birds a day for nine-and-a-half months of the year, including the breeding season, is without precedent and could cause significant harm to this and other native wildlife species.\nI urge you to abandon this ill-considered proposal.\n"
    },
    "16259": {
        "url": "/comment/16259",
        "comment": "I cannot believe that this Proposal is even being considered.\nWhat is being considered is the \"slaughter without repercussions\" of precious living creatures on this Planet/Earth  for no good reason other than greed.\nOnce again thinking this will have no anticipated environmental consequences ...consequences of the proposal are expected to be neutral, how can any one know this for sure ???????   ...  just imagining all the dead Cormorants and other Black Ducks and Dark Birds (hunters not even able to recognize Cormorants)  perhaps because Hunters will simply shoot ...  from a stationary motor boat ...  what kind of  \"game hunters\"  are recommending this and would participate in this slaughter and have the consciences to walk away and not have any need for the bird's meat or skin etc.\nIf this proposal goes through, what will be next for the hunters??????   Canada Geese perhaps ...  where will it end, the useless killing.\n#4 of the proposal -----   Establish a bag limit of 50 Cormorants/day with no possession limit.  -  ABSOLUTELY LUDICROUS TO EVEN CONSIDER THIS SLAUGHTER ....  OH MY GOODNESS IT MAKES MY WHOLE BEING SICK TO EVEN THINK ABOUT THIS BEING CONSIDERED.\nI would ask ...   What will be the consequences of all the \"spoiled Meat\" be??????   Presently the laws prohibit this.\nWill this be like the \"Dog Owners\" who don't \"Poop and Scoop\" but simply leave their dogs refuse for some one else to cleanup ....  is this what we will find with the hunters????  What are the repercussions in lakes and rivers etc with such an abundance of dead Cormorants floating around???????\nI am a concerned human being who is asking you to think about more closely what approving this proposal will bring about.\n"
    },
    "16260": {
        "url": "/comment/16260",
        "comment": "A GAME BIRD? People shoot game birds to eat. Are these hunters going to eat even one cormorant?\nYou kill it, you eat it. Not going to eat it? Don't kill it. (I make an exception for self-defence, i.e. swatting mosquitoes.)\nAnd the hunters have to dispose of the carcasses? Fifty a day? Oh, sure. How are you going to enforce that? Or maybe you're just fine with them leaving all those birds for coyotes, turkey vultures, etc. to eat.\nCormorants are a native species. The ecosystem has evolved with them. In fact, their population is stabilizing. Why don't you wait for the science?\nMute swans are NOT a native species. And they are good to eat. They compete for ecological space with species that are native, like trumpeter swans. But we can't let people kill them! They're so pretty.\nI am totally opposed to this proposal.\n"
    },
    "16264": {
        "url": "/comment/16264",
        "comment": "I am opposed to the proposed hunting legislation for the Double-Crested Cormorant (ERO 013-4124). The proposal ignores much of the scientific evidence regarding cormorants, puts other protected bird species at risk, and ignores other non-lethal ways of managing cormorant populations. My specific concerns are listed below:\n1.\tNo scientific research exists that implicates the cormorant in the decline of sport fish. In fact, cormorants eat the round goby, an invasive species that has been shown to reduce populations of Ontario sport fish by competing for the same food and directly eating eggs and young.\n2.\tA hunting season extending from Mar. 15 to Dec. 31 allows hunting during the breeding season, causing unnecessary suffering. If there is indeed a rationale for controlling cormorant populations, other more humane such as egg oiling are well established.\n3.\tHunting in or near cormorant colonies would be an enormous disturbance to gulls, terns, herons, egrets and other colonial that nest alongside cormorants, in violation of the Migratory Bird Convention Act.\n4.\tSuch an extended hunting season puts hunters in conflict with non-hunting recreational public and raises serious safety concerns in provincial parks and other public areas.\n"
    },
    "16265": {
        "url": "/comment/16265",
        "comment": "I am writing to state my opposition to this backward and inhumane proposal to kill the cormorants.  this is incredibly short sighted and has not basis in science.  I cannot believe the province of Ontario is contemplating obliterating a species! Not only to mention the damage to the cormorants themselves, but I also believe this wanton permission to shoot will hurt other birds as well -- was that a loon or a cormorant?? -- and make things very unpleasant for people using these areas recreationally i.e boating.  Could the Ford government please return to common sense?\n"
    },
    "16267": {
        "url": "/comment/16267",
        "comment": "Dear Sirs and Mesdames,\nI write to you regarding the proposed hunting season for double-crested cormorants.\nThe cormorant population is not currently capable of supporting the level of hunting proposed and my view, based on a review of the data we have on population trends, is that the proposed season will open hunting at levels that create a realistic danger of once again wiping out the double-crested cormorant from Ontario.\nWe must not endanger this recently-reestablished population with unsustainable bag numbers and too-long seasons under any circumstances, much less on the reintroduction of hunting.\n"
    },
    "16268": {
        "url": "/comment/16268",
        "comment": "These cormorants most certainly need to be reduced in numbers if you want to have any fish left. The liberal government would do nothing about this problem .I asked the biologists repeatedly and still nothing. Thank you for listening . It will take years to repair the damage done to the fish stocks by these birds. You are doing the right thing by having an open season. thanks again\n"
    },
    "16269": {
        "url": "/comment/16269",
        "comment": "I fully support the proposal to establish a hunting season for Double Crested Cormorants in Ontario.  These birds are a menace in my view.\nI think that consideration should be given to prevent hunting on recreational waterways during the boating season, eg. May to October as the combination of hunters and recreational users such as fishermen, cottagers, boaters could prove problematic.\n"
    },
    "16270": {
        "url": "/comment/16270",
        "comment": "For consideration into the policy change:\nThe historical decline ( i.e., due to exposure to DDT) and subsequent thriving (e.g., improved agricultural processes) of the DCC are largely influenced (if not driven) by human interaction, whether direct or indirect.  With that fact in mind, controls need to be in place to enable the species to persist without detriment to other species whose populations can be affected by the increased numbers of DCC; aesthetics and property ownership aside.\nIn order to satisfy the management criteria and ecosystem objectives put fourth through our various governing agencies and previous public consultation, management of the population of DCC is required.  The livelihoods of those relying on the sport and commercial fisheries are at stake.  We know DCC eats an abundance of the invasive gobies where it can, however, in uninvaded lakes or areas where coarse rocky substrates impede goby predation, the DCC are known to resort to predating on other species which form the foundation of many industries and livelihoods, not to mention threaten our fisheries heritage as a province.\nWe have chosen to manage the resources in order to protect them.  With this comes not only the satisfaction of stocking fish into the lake when populations decline, but also the responsibility to control proportions in order to keep a balance when mother nature sees the opportunity to fill a niche.  We have made this decision in the spirit of maintaining the great diversity for which Ontario is known, it is times like these we must recognize our responsibility.\nRegarding the spoilage of DCC, I am not in favour of any unnecessary waste or spoilage.  However, I understand this has been put fourth to enable the control of a species whose density has become an issue.  Should the lack of use of DCC for food or otherwise be present and ultimately prevent the control of the population, I would consider this to be a necessary waste in the spirit of maintaining Ontario's diversity and am in favour.\n"
    },
    "16271": {
        "url": "/comment/16271",
        "comment": "I am a resident that lives by the water in the French River District and I also maintain a cottage in another part of Northern Ontario.   I fish, hike, camp and kayak many of the waterways of Ontario and have experience with Cormorants.   I disagree with the proposed cormorant hunt and I believe that there are far greater issues that impact the fisheries and natural landscape then cormorants.\nAt my cottage, which I have been going to since the 1970s there is the odd cormorant and it would be 100% safe to say they have no impact on the fisheries but yet the fisheries on our waterway is terrible which wasn\u2019t always the case.   Today\u2019s fisherman has better equipment (i.e. fish finders, GPS systems with fish maps, etc) to hunt fish.   This can\u2019t be changed but what they are catching and keeping is wrong.   Depending on the location and the characteristics of your waterway (using Pickerel/Walleye as example) the typical female fish will not spawn until they are 2 to 4 years old.   They are approximately 18-19\u201d inches in size at that time.   The fisherman doesn\u2019t care about this.   Just go to your local camp or check out the fishing boats and look at the fish that are being caught and the number of young fish that being kept.   We are catching and keeping too many fish before they have a chance to spawn.  This has a significant impact on the fisheries especially over a period of time.  This has also be noted by the \u201cFrench River Stewardship Council\u201d when they assessed fishery concerns in this area.   In my cottage area we used to have great fishing and whereas today, you\u2019re lucky to catch one or two keepers over a few days and no cormorants.  You can\u2019t blame the cormorants because they don\u2019t exist on our waterway.   I can say with 100% certainty that this situation exists in other waterways of Ontario as well.  The problem in my area is the lack of MNR or self-regulation of what is being caught and kept.   In Ontario the fisherman complain about the cormorants eating too many fish while out East they complain about the seals eating too much cod.   The problem is the fisherman are over fishing year after year.\nIn the French River, Lake Nipissing area we have cormorants but we also have a problem of over fishing by fishermen (same point as above) and a commercial fishery by the first nations.  As some of the local elders have said, they are aware of some individuals taking advantage of the situation and it will be corrected in time.  There have been ghost nets found on the lake with large catches of dead fish.  This situation is a delicate situation and may not be solved.\nThere have been numerous studies done on the impact of the cormorants on the fisheries and none have found cormorants as the problem.   I find it interesting that the proposed cormorant hunt legislation does not reference any of the studies or references any comments from the scientific community.    I believe that this bill lacks any substance and is strictly being proposed for political reasons which is wrong.\nIf this bill is passed, it will impact the safety of campers, boaters and fishermen.  I for one try to avoid the waterways during the fall hunt to prevent from being shot.  Being an avid camper and kayaker that has camped or travelled by cormorants, I am concerned about the lack of safety and concern about being shot.  Bullets travel a great distance across open water.  This will not only impact myself but the northern tourism as well.\nThere is concern about the natural destruction of property by cormorants.  I find this hypocritical considering the Ontario government permits the spraying of glyphosate to kill deciduous trees for improved harvest yields for the lumber industry.  This chemical kills trees that are consider helpful in preventing the spreading of forest fires (due to their high water content), is dangerous to insects and many smaller creatures.   There are numerous studies for and against the use of glyphosate but by applying the \u201cprecautionary principal\u201d as referenced by the Supreme Court of Canada, glyphosate should be banned.   If you are concerned about the destruction of natural landscapes and eco-systems, there are far greater issues that should be addressed first.\nIn summary the proposed cormorant legislation lacks the scientific backing and consideration for public safety on our waterways.   I believe this legislation is political motivated and pandering to a few vocal organizations.    This legislation should not be allowed to be passed.\n"
    },
    "16273": {
        "url": "/comment/16273",
        "comment": "Further to my comment 16257 I wish to add the link below that failed to appear in support of the following statements:\n\"It might be worth setting sights on expanding legitimate shooting ranges, but certainly not on setting up a free-for-all shooting gallery in our province. There is no rationale for the proposed carnage on our waterways, throughout even the breeding season; for the collateral damage to other species; for the failure to responsibly manage population sustainability; and for the disregard of issues of public safety.\nI strongly oppose the proposal to establish a hunting season for the double-crested cormorant. There is no scientific justification for this hunt. This wild native species has rebounded from historic lows in the 1970s and populations have been stable or declining since the 2000s....\nThe extreme bag limit allowing an individual to kill 50 birds a day for nine-and-a-half months of the year, including the breeding season, is without precedent and could cause significant harm to this and other native wildlife species.\"\n"
    },
    "16274": {
        "url": "/comment/16274",
        "comment": "I earlier shared another comment but I wanted to add another item. The aspect of the proposal that hunters be allowed to allow the meat of hunted cormorant game to spoil shows that there is NOT a true sporting purpose to this hunt and that rather it is wildlife slaughter without purpose. Sport hunts for sportspeople only, please; that is how we ensure a sustainable industry and sustainable populations.\n"
    },
    "16275": {
        "url": "/comment/16275",
        "comment": "I am not in favour of the proposal to establish a hunting season for double-crested cormorants in Ontario as outlined on EBR 013-4124.\nAs per the proposal, Great Lakes cormorant populations have already stabilized or decreased and no information is provided on the status of cormorant populations elsewhere in the province indicating uncertainty in population estimates.\nWhat rigorous science is available that prove that cormorants have been detrimental to game fish and commercial fish populations?\nWhat justification is there for a province-wide hunting season for double-crested cormorants?  The proposal suggests there are some Great Lake hot spots where a small scale pilot hunt may be worthy to explore and monitor its effectiveness prior to considering a reckless province-wide approach.\nOn what basis did you determine a daily bag limit of 50 cormorants?\nHow did you determine that this proposal would not be a sustainability issue for cormorant populations in Ontario?\nI kindly request your SEV determination analysis that this proposal's anticipated environmental consequences are expected to be neutral.\n"
    },
    "16276": {
        "url": "/comment/16276",
        "comment": "I'm opposed to the proposal to hunt Double-Crested Cormorants in Ontario.\nThe legislation, as it's written, amounts to an all-out attack on a species.  It is a kind of scapegoating that is being suggested to appease Ontario residents who are concerned about environmental problems such as  climate change, pollution, shoreline and habitat destruction, and commercial over-fishing, but who feel helpless to solve them.   The wholesale slaughter of cormorants is not the answer to the environmental challenges facing shoreline communities.\nThe Double-Crested Cormorant is a species that is part of the shoreline ecosystem of the Great Lakes.  The invasion of their territories by hunters will disrupt other bird species that live in proximity to cormorant colonies.\nThis proposal seems to me to have little to do with addressing environmental concerns, or with implementing science-based policy.   It has the appearance of being a politician's response to special interest group pressure.  We can do much better in Ontario.    Please leave cormorant colonies, and the other species who live with and near them, in peace.\n"
    },
    "16279": {
        "url": "/comment/16279",
        "comment": "A 1995 study found in \\cite{diana2006increasing} indicated that less than one quarter of the total mortality of the perch fish population was due to anglers and cormorants. The study found that cormorants caused less than 6.4% of perch mortality. They conclude that control measures weren\u2019t necessary at the time of the study. The study also mentioned the cormorants fed heavily during the April to May period. This suggests shrinking the hunting period to focus this period could have the desired effects of reducing fish mortality by cormorants, while keeping a sustainable population of cormorants.\n\\cite{ fielder2008examination} analyzed the literature and found the yellow perch population decrease in the 1970s to early 1980s was due to recreational fishing exploitation, not cormorants. In 1995, the population decrease of yellow perch was due to breeding reasons, most likely do to environmental factors such as water temperature and water levels. This study does suggest the cormorants had the strongest impact on yellow perch populations, but they weren\u2019t the only factors. This suggests that the fishermen\u2019s\u2019 concern of the population decrease of yellow perch may not be entirely due to the cormorant population.\n\\cite{fielder2010response} found that a decrease in cormorant population was correlated with an increase in yellow perch population. They also state that there are many other factors that affect the yellow perch population, including commercial fishing. It isn\u2019t only the cormorants\u2019 fault.\nThey estimate 1000 cormorants and 500 nests in the Les Cheneaux Islands location to be sustainable. However, if 50 cormorants could be killed by a hunter each day, then in 20 days a single hunter could destroy the sustainable cormorant population, or 20 hunters in a day. That isn\u2019t sustainable, even if the population was overpopulated initially. Decreasing the number of cormorants that can be killed by an individual would be better for sustainability.\n\\cite{ ostman2013estimating } found in its studies that cormorants do affect the catch rates of fishermen, however it isn\u2019t as substantial as some may think. Fish have to be a certain size to catch with a net,  and cormorants eat smaller fish. Cormorants were found to eat 13-34% of perch of size ready to be caught by nets. In other words, approximately 70% of fish cormorants eat aren\u2019t affecting fisherman\u2019s catch rate during that season.\n\\cite{ ostman2012cormorant } has found that a large cormorant population does decrease the population yellow perch, but have little effect on other types of fish. Therefore, the general decrease of fish species population cannot be completely attributed to cormorants.\nIt is also worth mentioning that hunting during nesting season isn\u2019t a sustainable practice. Other birds that nest with cormorants will get scared and leave their nests, decreasing the population of non-cormorants as a result. Without the period of breading peacefully, the cormorant population will crash and possibly become endangered. From a touristic point of view, gunshots will be heard nearly year-long and people relax by lakes, and other cormorant-filled locations.\n@article{diana2006increasing,\n  title={Do increasing cormorant populations threaten sportfishes in the Great Lakes? A case study in Lake Huron},\n  author={Diana, James S and Maruca, Susan and Low, Bobbi},\n  journal={Journal of Great Lakes Research},\n  volume={32},\n  number={2},\n  pages={306--320},\n  year={2006},\n  publisher={BioOne}\n}\n@article{fielder2008examination,\n  title={Examination of factors contributing to the decline of the yellow perch population and fishery in Les Cheneaux Islands, Lake Huron, with emphasis on the role of double-crested cormorants},\n  author={Fielder, David G},\n  journal={Journal of Great Lakes Research},\n  volume={34},\n  number={3},\n  pages={506--523},\n  year={2008},\n  publisher={BioOne}\n}\n@article{fielder2010response,\n  title={Response of yellow perch in Les Cheneaux Islands, Lake Huron to declining numbers of double-crested cormorants stemming from control activities},\n  author={Fielder, David G},\n  journal={Journal of Great Lakes Research},\n  volume={36},\n  number={2},\n  pages={207--214},\n  year={2010},\n  publisher={Elsevier}\n}\n@article{ostman2013estimating,\n  title={Estimating competition between wildlife and humans--a case of cormorants and coastal fisheries in the Baltic Sea},\n  author={{\\\"O}stman, {\\\"O}rjan and Bostr{\\\"o}m, Maria K and Bergstr{\\\"o}m, Ulf and Andersson, Jan and Lunneryd, Sven-Gunnar},\n  journal={PLoS One},\n  volume={8},\n  number={12},\n  pages={e83763},\n  year={2013},\n  publisher={Public Library of Science}\n}\n@article{ostman2012cormorant,\n  title={Do cormorant colonies affect local fish communities in the Baltic Sea?},\n  author={{\\\"O}stman, {\\\"O}rjan and Bergenius, Mikaela and Bostr{\\\"o}m, Maria Kristina and Lunneryd, Sven-Gunnar},\n  journal={Canadian Journal of Fisheries and Aquatic Sciences},\n  volume={69},\n  number={6},\n  pages={1047--1055},\n  year={2012},\n  publisher={NRC Research Press}\n}\n"
    }
}