{
    "13121": {
        "url": "/comment/13121",
        "comment": "The cormorant populations have gotten out of control in sections of southern Ontario. I'm from Hamilton and the birds have killed trees along the shoreline of the of the harbor, thousands of them nesting and the smell from them is disgusting. I'm sure that near by property owners must be complaining about them. I've hoped for years that something might be done and i'm finally glad to see theres interest in dealing with this issue. I've watched the large black swarms of them out on the lake diving for fish and thought how destructive they must be for fish populations, I'm shocked that something hasn't been done sooner.\n"
    },
    "13122": {
        "url": "/comment/13122",
        "comment": "Please NO. I do NOT support this mass kill. Do you have any idea of the environmental consequences for all wildlife around? This is NOT a solution ...this is an open killing field.\nPLEASE NO!\n"
    },
    "13124": {
        "url": "/comment/13124",
        "comment": "I think this proposal is an illegitimate use of the word hunting. Hunting is the harvesting of game species for eating. This is simply a cull with an open season attached. I don't think disguising it as an ethical activity is the answer. Calling it hunting is degrading to proper wildlife management.\nWhile I have witnessed the poor water quality near nesting sites, I think using guns to control populations will prove ineffective. I feel this will disrupt much more than cormorant reproduction. Furthermore the political repercussions will outweigh the benefit.\nI believe there are other non-lethal measures that have not yet been exercised. Public harassment is an option that could have a greater impact. Currently as a migratory species they are free from harassment at the nesting site. Allowing volunteers to place birds of prey within cormorant rookery sites might provide a greater impact. This was practised in Port Colborne, ON around tern nesting beds with some success. This would also provide some relief to private landowners dealing with this species. It should not be illegal for residents to chase cormorants out of trees providing shade to streams and riverbanks. Trees are an important tool for regulating water temperature and slowing runoff which avoids poor water clarity and erosion. Cormorants kill trees along the water's edge.\nOiling of eggs by public agencies should continue and other non-lethal options that are safer than discharging firearms. The Ministry could also deploy bird bangers in problem urban areas such as Hamilton Harbour without creating a political firestorm.\nWhile I wholeheartedly agree this species numbers are detrimental to native fish stocks and water quality I do not believe allowing the public to shoot 50 of them a day will have an impact nor do I believe the public are willing to spend the time or money for ammunition on a species as undesirable to eat for more than 1 season.\nI as a participant believe in hunting as sound wildlife management tool but I do not believe this fits the definition of hunting. This is a public cull and should be labeled as such if implemented. Please do not add this to the hunting regulations. Although I believe some control measures are necessary I do not support adding this proposal to the hunting regulations.\n"
    },
    "13125": {
        "url": "/comment/13125",
        "comment": "I fish for salmon on Lake Ontario , walleye and bass on Rice Lake and perch , whitefish and lakers on Lake Simcoe plus other smaller lakes on occasion.\nI see the dead trees from the cprmorant's toxic waste , see them lined up in Whitby Harbour , flocks of 100's flying low to the water last week of Salmon Derby end of August.\nThere are simply too many of them and they are fish eating machines. Small fish and minnows get eaten , no food for game fish to get larger and spawn/reproduce and sustain a sport fishery.\nThe cormorants are invasive , let's do our best to cull heavily or introduce substances to their nesting sites to prevent maturation to hatching stage.\n"
    },
    "13126": {
        "url": "/comment/13126",
        "comment": "Do not allow a hunting season for double-crested cormorants.  Hunters are destroying our wildlife through their misguided beliefs that animals need to be culled by hunting.  Hunters do not cull the weak, sick or injured.  They kill the strong animals that need to stay alive to keep the gene pool strong.  Many animals suffer needlessly due to careless or inexperienced hunters who do not know how to drop the animal with one kill shot.  Hunting is cruel and unnecessary.  With the easy accessibility of many different types of food products in most areas, hunters do not need to hunt for food.  Hunting is an outdated tradition that has absolutely no benefit to anyone, and especially to the environment.  Please do not allow yet another animal to be cruelly slaughtered by hunters who only care about displaying a dead animal on social media or on their mantle instead of beholding the beauty of a living creature moving about in its natural environment.  Most people want to see animals living freely as nature intended, not cruelly hunted down by some selfish hunter.  DO NOT ALLOW CORMORANTS TO BE HUNTED!\n"
    },
    "13128": {
        "url": "/comment/13128",
        "comment": "I fully support the proposal to establish a hunting season on Cormorants. I have witnessed far too many times the fish these birds have ingested. The damage they have caused on the surrounding landscape is astounding. In some instances, they have pushed out other native birds from their nesting grounds, Bradley Bay and the Blue Heron for an example. The population has spread to as far as Lake Nipigon and the signs of tree damage is starting to appear on a few islands in this wilderness area. This will bring competition to the already struggling White Pelican population.\nI agree with the following parameters.\n1. Steel shot must be used, similar to migratory game bird regulations.\n2. All hunting safety regulations must apply to hunt Cormorants.\n3. The Cormorant should NOT be considered table fare, therefore acceptable to dispose of properly.\n4. All Cormorants killed MUST be collected by the hunter and not allow to be disposed of in local garbage containers.\n5. A small game hunting license is all that is required to hunt Cormorants.\n6. A season should be established to create a safe environment for ALL stakeholders of the water sheds.\n"
    },
    "13132": {
        "url": "/comment/13132",
        "comment": "I am in support of the new proposal.  As both an angler and cottage go-er I am aware of this bird's negative impacts on the fish populations and the environmental impacts of their nesting colonies from their waste.  Large flocks have again appeared this summer with some exceeding over 60 birds and followed by several other flocks of similar sizes (Parry Sound area). A common sight on the waters.\nThank-you for addressing the issue and proposing a solution!\n"
    },
    "13133": {
        "url": "/comment/13133",
        "comment": "This is completely garbage. There is no scientific basis for this. The only basis for this to appeal to the Ontario Federation of Anglers and Hunters to get rid of what they see as a \"pest\" bird that causes them inconvenience. Already this species have been damaged in North America through mismanagement:\nhttp://www.bioone.org/doi/full/10.1675/063.041.0213\n\"Despite the many studies indicating that cormorant diet in recent decades was largely nonnative forage fish and that cormorants have not negatively impacted the bass population in the Beaver Archipelago, cormorant control measures were implemented in 2007, specifically to protect bass. \"\nAn action like this taken under the pretense of \"conservation\" actually damages the environment and ecosystems that are linked intricately to this species of Double Crested Cormorants. Additionally, there is very little impact to the long term proliferation of this species, but irreparable harm done to other interconnected species that ironically the lobbyist such as the OFAH rely on.\nBasically, this is a politically expedient, ill (or not) thought out decision that has lasting and harmful environment impact. This is not projecture or rhetoric, this type of government action has been shown (in the above link) as being harmful at worst and ineffective at best.\n"
    },
    "13134": {
        "url": "/comment/13134",
        "comment": "It's about time that the MNR stepped up to encourage the control on cormorants.  The negative effects I'm witnessing on the lands/trees and fish in the Kawartha Lakes where I reside are disgusting.  Please don't submit to the scare tactics of environmentalists on this subject.  Stand tall and get this legislation done.\n"
    },
    "13135": {
        "url": "/comment/13135",
        "comment": "After being nearly wiped out by human persecution and pesticide poisoning, the Double-crested cormorant has returned to the Great Lakes. Cormorants are a native Ontario water bird who have not yet recovered to historic population levels.\nThe majority of the cormorant diet is invasive species (Alewifes, Round gobles), non-commercial fish like sticlebacks and the extremely abundant Yellow Perch.  Surveys of cormorant's stomach indicate that it included 0.5% of Lake Onatrio fish.\nAlso species of Great Blue Herons, Night Herons and Great Egrets have increased with the presence of the cormorant.\nYour proposal to hunt and eradicate the Cormorant is not based on fact but pressure from incorrect myths by fisherman, which seems to rear it's ugly head every year.  Why would you want to eradicate a native species?\n"
    },
    "13138": {
        "url": "/comment/13138",
        "comment": "Over the years, we have watched the cormorant population increase and spread farther and farther north and off of the great lakes. They are the cause of much damage to small islands and a truly destructive and an eyesore for travelers, boaters and tourist to see.\nAs a fisherman, I'm not sure of the impact they cause on valuable fisheries but can only assume they consume equal amounts of all fish species.\nI support the creation of a hunting season and of the amendments allowing the meat to spoil.\n"
    },
    "13141": {
        "url": "/comment/13141",
        "comment": "Is this a spoof??? I think you are totally out to lunch!  I don't think this proposal sits well as far as \"conservation\" is concerned. Letting \"nature take it's course\" would be the more prudent way of dealing with the situation of these birds surviving,  i.e., (when the wolf population gets too high, the deer are killed off and the natural mortality of the wolves takes its toll, then the deer population builds up again in the continuing cycle).  I also believe that since cormorants are considered \"migratory birds\", that if hunting them were permitted, that a Migratory Bird Hunting Permit would be required as well as being legislated under the MBCA, and NOT the Fish and Wildlife Conservation Act. If this proposal goes through legislation, then I would suggest that hunting for the mongrel wolves (a.k.a. the \"Algonquin Park  wolf sub-specie\" or whatever the correct name is for this cross-breed) in the townships surrounding Algonquin Park be permitted.\n"
    },
    "13143": {
        "url": "/comment/13143",
        "comment": "Cormorants are and unmanaged predator in the Great Lakes and Ontario. The Ministry of Natural Resources are making predator fish stocking reductions in 2018 and 2019 in an effort to manage the baitfish populations.\nI support the proposed change as documented to allow hunting of cormorants in Ontario.\n"
    }
}