{
    "16370": {
        "url": "/comment/16370",
        "comment": "As a avid hunter and wildlife management professional, I commend the Ontario government for acknowledging there is an over-abundance of DCC in Ontario and for considering hunters as a useful tool to manage their population.\nThat said, I believe this proposal opens hunters up to ridicule from the anti-hunting and non-hunting communities. To have a large \u201cbag limit\u201d such as 50 can only be sensationalized by the press and anti-hunting community. I read one op-ed from a Toronto paper where the author pointed out how many cormorants a hunter could harvest in a season; a sensational number around 14,000. That is just unattainable. I would argue that a wildlife management professional hired exclusively to cull cormorants would have a very difficult time killing that many cormorants in a year.\nCormorants are not a game species and are not fit for consumption. Cormorants will be harvested opportunistically by hunters while waterfowling, and there are no calls, decoys, or other hunting aids that will help attract cormorants to hunters. With that being said, as someone who spends an inordinate amount of time waterfowling in and around areas cormorants frequent, I don\u2019t feel that I would be able to harvest but a dozen or two annually by shooting them opportunistically.\nWhile this proposal is a step in the right direction, I feel that a much better move would be to simply de-list cormorants. That would mean there were no seasons or bag limits, but for all intents and purposes, such a move would fulfill the crux of the proposal as it is being laid out. The upside here is that hunters wouldn\u2019t bear the scorn of others when this proposal is brought up in the press.\nMost people will not be informed enough to know the ins and outs of the situation, and I too, would think that 50 sounded like a big number.\nAgain, I am recommending that the province de-list cormorants from the protected list.\nFailing my suggestion, I would support the proposal as it is laid out.\n"
    },
    "16371": {
        "url": "/comment/16371",
        "comment": "I strongly disagree with the proposal to allow a hunting season for double-crested cormorants. The province has not put forward any scientific evidence or justification to support this proposal. This native species is part of the ecosystem of our province and Lake Ontario. The cormorant population suffered greatly in past decades from pollution such as DDT and has only recently recovered to the point where it is now, once again, thriving. We should be welcoming its return, rather than persecuting it.\nThis is a large colonial nesting bird, so it\u2019s not surprising that its colonies are noticeable. Nature often has a way of stabilizing populations that have undergone large swings; for example, predators (non-human) can take advantage of the newly available source of prey. This is already happening with the resurgence of bald eagles (another positive recovery story) which are preying on cormorant nests.\nIf any population management is found to be advisable, based on scientific evidence, there are much more sensible alternatives to declaring on open season on these birds. For example, mute swans, a non-native species, cause negative impacts on waterfowl nesting areas and are controlled by the Canadian Wildlife Service oiling their eggs \u2013 a low-key method that probably most of the public is unaware of. Imagine if cormorants were perceived as being as aesthetically pleasing as mute swans and an open season was declared on them! No doubt there would be a huge public outcry. Surely a scientific approach makes more sense than declaring war on a species that is big, black, visible in large groups and considered unattractive!\nCormorants are beneficial predators of invasive fish species, such as gobies and alewives. The argument put forward by anglers that this bird is hurting the sport fish stock is once again not founded in scientific evidence.\nI call upon the province to make full use of the scientific expertise available within the Ministry and in the research community, and to make the wise decision to withdraw this ill-conceived proposal.\nThank you.\n"
    },
    "16372": {
        "url": "/comment/16372",
        "comment": "I am a commercial  fisherman  with 40 years  experience  on lake Erie western  basin . I saw the first cormorants arrive  and explode  in population  islands deforested  flocks  of thousands  and fish stocks  destroyed  mainly smallmouth bass. I think a hunt should be tried and monitored  closely  to see the effects.\n"
    },
    "16376": {
        "url": "/comment/16376",
        "comment": "To Whom it May Concern,\nI am a resident of Ontario and am writing to express my opposition to the Proposal to establish a hunting season for Double-crested Cormorants in this province (ERO # 013-4124). I add my voice to the others who object to the proposal on the basis that it offers no evidence whatsoever to support the rationale for a hunting season. Furthermore, the proposal offers no evidence to suggest that a hunt of this scale will not have detrimental impacts on wildlife other than cormorants and on the ecosystem.\nI am not opposed to hunting in general, and would be open to hearing a case for alternative measures to control Double-crested Cormorant population in certain areas. What I cannot agree with is a government basing decisions on \"concerns expressed by some groups\" as opposed to results of scientific inquiry that have been reviewed by professionals in a relevant area of expertise, such as ecology, wildlife biology, or fisheries science. Without looking at the evidence, how can we make any kind of prediction about what impacts - positive or negative - the proposed hunting season would have on fish populations, island forest habitats, or anything else?\nSome scientists have raised concerns that, since the cormorant hunt would be happening from March to December, it could create a disturbance to other bird species breeding in areas where cormorants are found, such as herons and terns. It is logical to suggest that birds nesting in proximity to cormorants would be disturbed by the gunshots and the presence of hunters, and that the reproductive success of these birds could be reduced. Before I could accept any proposal for reducing the cormorant population, I would have to see evidence that the proposed measures would not negatively impact the population of other non-target species.\nOnce again, I am deeply concerned to see a proposal of this nature coming from the Ontario government. Without reviewing scientific evidence, there is no way to make a decision with any level of confidence that it will be in the best interest of Ontarians and Ontario's natural heritage. The decision around this issue will greatly influence my attitude towards and level of trust in the current government.\nRegards.\n"
    },
    "16377": {
        "url": "/comment/16377",
        "comment": "The underlying reason for declining fish populations should be addressed rather than creating an aggressive hunting season for one of the fish's predators. Humans are daily affecting the quality of water within this ecosystem and are responsible for the decline in numbers of fish.\nAssociate professor of biology at the University of Toronto Scarborough Campus, Jason Weir, says the daily limits of the hunt are too high, and that the cull could affect other bird populations such as Common terns and great blue herons. ( https://www.cbc.ca/news/canada/toronto/cormorant-hunting-hunters-ontari\u2026 )\nIn addition, the cormorant population has plateaued in the past few years, and has not been expanding out of control.\nI hope that this hunting season will be reconsidered. We should acknowledge our responsibility to reviving ecosystems instead of being irritated by the presence of animals in our altered ecosystems.\n"
    },
    "16379": {
        "url": "/comment/16379",
        "comment": "I have to think that this proposed policy is not rational.  Double-crested cormorants are among the few large aquatic bird species on northern lakes, and do not generally flock, nor reproduce in large numbers.  A hunting season with the suggested limits and duration will push the species to extinction, and their niche will likely be taken over by even less desirable water fowl like herring gulls. Other systematic environmental effects from eliminating a higher level species is also unknown, but prior experience suggests that there will be many unanticipated negative effects.\nThe idea of a smaller, limited season in the fall in which they are taken for consumption makes more sense.  The idea of encouraging killing for its own sake is anti-social verging on psychotic.\n"
    },
    "16384": {
        "url": "/comment/16384",
        "comment": "The Government of Ontario is proposing a \"hunt\" of double-crested cormorants that could easily eradicate this important, ecologically beneficial native waterbird from most of the province.\nThe Government\u2019s proposal would have numerous terrible consequences to wildlife and natural ecosystems in Ontario including, of course, the wholesale, uncontrolled, impossible to monitor, slaughter of cormorants.\nThe Government says it is responding to concerns about too many cormorants, depleted fish stocks and environmental damage. But those concerns are largely just anecdotes, complaints and unsubstantiated claims that were debunked long ago.\nIn reality, cormorants are not overabundant, their numbers are relatively modest, have stabilized and are dropping in some areas. The entire North American double-crested cormorant population is estimated to be less than the population of Toronto, with only about 125,000 birds in the lower Great Lakes. Cormorant numbers on the US-side of the border have already dropped (naturally) by 30% or more.\nThe Ontario governments proposal is not science or fact based. It is emotional and political and could result in wiping out cormorants in most of the province.\nPlease oppose this proposal.  Thanks!\n"
    },
    "16385": {
        "url": "/comment/16385",
        "comment": "I am a member of Ontario Nature, the Toronto Ornithological Club and the Ontario Field Naturalists - and although I am primarily a birdwatcher, I sometimes differ with some of the members (but by no means all) of these organizations because I have no issue with responsible hunting for the primary purpose of providing food.  I do not support \"trophy hunting\", or the kind of gratuitous killing that  shows no respect for the creatures that are killed.\nAs a former public servant, I find the timing of this consultation problematic, primarily over the Christmas holiday season, but I also suspect that this underscores the lack of evidence on which the proposal is based.  This is not a criticism of the bureaucrats.\nThe Double-crested Cormorant is not a \"game\" bird - no matter what is put in a regulation - and allowing what is in effect a virtually uncontrolled \"hunt\", including during breeding season, would be a \"cull\" - and that is a kind way to put it.   This species is not generally considered to be edible, so to call it a \"game bird\" is not an appropriate way to reduce or control its populations, if this is indeed required - based on evidence, not the opinions of people who simply don't like them.\nI generally support the submissions of the organizations to which I belong, noted above.  If there is to be a cull, it should be done properly, as was at least attempted for Middle Island at Pelee (also controversial - and I attended consultations on that).  The experiences at Tommy Thompson Park and Presqu'ile have  shown there are effective alternatives to reduce and control populations, e.g. egg oiling, promoting ground nesting.\nThe proposal, if implemented, would create a system of public hunting of a so-called game bird, in order to reduce the species' population in Ontario.  It would more likely than not result in harm for other species, e.g., the Black-Crowned Night Herons, which nest in similar habitat alongside the Cormorants.  The \"hunt\", especially during breeding season, would disturb and interrupt the breeding time of other species, not to mention other forms of \"collateral damage\".\nIf there is a concern about the population, which you acknowledge seems to have stabilized or declined slightly, then strategies for specific culling or oiling eggs or other methods should be used.  To define this bird as a \"game bird\" and allow a public hunt, with few limits, is frankly horrifying and would be a tremendous setback in responsible policy-making in the environmental and conservation sector.\nThank you for your consideration.  I look forward to a more evidence-based approach to dealing with the concern about this species.\n"
    },
    "16386": {
        "url": "/comment/16386",
        "comment": "At one time, there were so many passenger pigeons flying across the sky that they seemed like dark clouds trapping the light.  Then they were hunted into extinction.  We need to do everything we can to protect our local species.  I oppose this hunting season.  Animal populations grow and decrease along with their predators and prey.  Don't shoot them.\n"
    },
    "16388": {
        "url": "/comment/16388",
        "comment": "I'm a long time hunter and large supporter on various local and national conservation groups (OFAH, DU, Delta Waterfowl)  I support a proposal for an open season to help control double crested cormorant populations, especially in particular areas in Ontario and beyond.\n I believe that the proposed bag limit is very high, however the likelyhood of anyone taking so many animals daily throughout the season is nearing preposterous.  I do, however, agree with the proposed daily limit.\n  The proposed open season is acceptable to me as well.  An earlier start on a hunting season will offer more opportunities for hunters to take the birds.\n  Although (as far as I know) cormorants are distasteful to eat, I will certainly attempt to consume the animals I have killed.  Disposal of the carcasses should be done in a 'respectful' manner IE: away from public parks, not left in obvious places, etc..\n  As I understand, there have already been efforts such as egg oiling and attempts to scare birds to discourage nesting in trees, however if the MNR is unable to keep up with an unwanted increase in the  population of these birds then enlisting the aid of licensed hunters is another useful tool in their kit.\nRegards,\nA Central Ontario Resident\n"
    },
    "16389": {
        "url": "/comment/16389",
        "comment": "This hunt is unresearched and should NOT happen.  The bald eagle population is slowly starting to rise after decades of near extinction.  Bald eagles prey on these birds.  Let's leave nature to sort it self out for once!\nWe need to stop killing at every opportunity and leave animals and nature alone.\n"
    }
}