{
    "12890": {
        "url": "/comment/12890",
        "comment": "I support the proposal. I also recommend establishing a cormorant population reduction in the nesting colonies on Toronto Islands and Leslie St spit in Toronto Lake Ontario waterfront. I have fishes for thirty years in Lake Ontario for salmon and trout. Invasive species such as zebra and quagga mussels have already changed the food chain which has made baitfish biomass decline over more than 10 years. Over this same time cormorant numbers have skyrocketed and feed almost exclusively on salmon and trout forage, alewife most of all. Salmon stocking on both sides of the border are down 20% YOY for several years and cormorants continue to grow in numbers and have zero benefits to the environment killing trees and vegetation. While at the same time reducing game fishing quality. Sport fishing brings millions into our GTA economy through charters, boat sales, equipment, lodging, restaurants. To me it\u2019s a no brainer to remove protection on the nuisance birds. What is worrying however is that hunters won\u2019t be able to target these birds because of gun discharge rules. I don\u2019t support amending discharge rules but I do support other methods for reducing cormorant #s in the GTA. Thank you for the opportunity to post my comments.\n"
    },
    "12891": {
        "url": "/comment/12891",
        "comment": "Please allow for hunters to have all year open season with a high daily limit and unlimited possession limit.\nThese birds are destroying entire islands of their trees and wildlife and when in large groups the amount of fish they eat is outstanding! They can devastate a lake.\nThese birds are nuisance and we need to be rid of them. I dont ned to provide a website link as my opinion is from experience over 20 years. I fish about 30-40 lakes a year and have seen this devastation on about half of them. Or if you want proof go speak to the sailing club at the Leslie spit in Toronto. Their wind block is now destroyed due to these birds.\nThank you for taking the time to read my comment.\n"
    },
    "12892": {
        "url": "/comment/12892",
        "comment": "Open season on these pests is a great idea I live on a lake in Ontario these dam birds eat so much of the fish   Spawn.   And kill so may trees on beautiful areas.  Now left dead and bare    Our family loves going for boat rides looking at the landscape.   Now our trips consist to counting the dead areas. Very sad.    I for one agree and look forward to protecting our fisheries and landscapes\nThank you\n"
    },
    "12893": {
        "url": "/comment/12893",
        "comment": "I am in favour of having an open year round season on the double breasted cormorant where hunting is allowed.  I have seen the destruction of shore habitat caused by them which results in ruined areas not usable by other wildlife.  In addition the consumption of fish, such as natural reproducing and hatchery club restocking decimated by cormorants.  Thanks for allowing our views.\n"
    },
    "12895": {
        "url": "/comment/12895",
        "comment": "I live in Erieau on the north shore of Lake Erie . Every spring living on the lake shore I see hundreds and hundreds of cormorants flying by my house as well as in Rondeau bay , They have started to roost in trees across from our pier and are killing all the trees with there droppings . I have no proof but in the last few years perch are not being caught in numbers . I talk to the commercial fisherman and they say the perch are getting harder and harder to find . I feel that a hunting season would lower the birds numbers and save our fish species . I have  heard  stories that these birds are eating all the fish in the smaller lakes in our area .\n"
    },
    "12896": {
        "url": "/comment/12896",
        "comment": "Currently I fish and hunt in the Province of Ontario and have done so for over 50 years. In previous years I have seen the benefits of proper management controls for hunting and fishing for both my generation and for future generations. I fully support this latest proposal to establish a hunting season for double-crested cormorants in Ontario.\n"
    },
    "12897": {
        "url": "/comment/12897",
        "comment": "Hi,\nI would like to know what the anticipated effect on nesting waterbirds using the same island as Double-creasted Cormorants is (Great Blue Heron, Great Egret, Gull and Tern species etc). Shooting from a \"stationary\" boat seems like it would pose a risk for other species to be hit and killed. Heronries are very sensitive to disturbance during the breeding season, this proposed hunting season would likely hurt these birds. Mute Swans are a much larger threat ecosystems. They destroy marsh environments by chasing out all native waterfowl species, yet we don't have a hunting season on them. A Cormerant hunting season seems like is being proposed more for the aesthetics of the islands then any other reason. I can't see why we should hunt these birds, they are a native species and mainly feed on fish not consumed my humans.\n"
    },
    "12899": {
        "url": "/comment/12899",
        "comment": "It is disgusting that the government is moving forward with this.  When will this end... What bird will be next. It seems that fishermen are pushing this and some politicians that are trying to keep their base happy.  Article in the Toronto Star today stated  by a biology professor at York University.that while gliding over the waterways... loons have been taken for cormorants.   So alarming....\nhttps://www.pressreader.com/canada/toronto-star/20181124/281513637204439\n"
    },
    "12902": {
        "url": "/comment/12902",
        "comment": "Cormorants, unfortunately, for other species, share the same nesting sites especial along the shoreline of the Bruce, such as Chantry island and the Fishing Islands.  The proposal allows shooting from a stationary boat.  If you have gone out in a boat  to see the nesting sites in the islands, you would realize that there is no such thing as a stationary situation.  Photographers are well aware of this situation. If hunters were allowed to shoot at will in the Islands then we would lose the nesting sites of a variety of other species such as Green heron, Great Blue Heron, Great Egret, and others. Chantry Island is designated an Important Bird Area, and, as such, should continue to be protected, along with a buffer zone, particularly from any hunting intrusion. Any new regulation for hunting, such as this one, must also state that all IBAs , including an additional buffer zone, are specified as off-limits to hunting. While Cormorants may be plentiful, other species in IBAs are likely to be of Special Concern, Threatened or Endangered and should definitely be protected from the effects of hunting for Cormorants both in IBAs and in areas where Bird Species at Risk are known to exist. Representations by Bird & Birding experts as to harm likely to be caused to other bird species as by-blow of opening of hunting of Cormorants for this very long season,  which includes both migration and nesting periods, should be solicited and acted upon in limiting Cormorant hunting areas.  Recognizing the likelihood of continuing & future changes to bird populations, Bird & Birding experts should continue to have input; and actions based upon them should be a continuing process throughout any period in which hunting of Cormorants is allowed.\nAs a member of a large Birding club (Bruce Birding Club with well over 100 members) and associated with The Huron Fringe Birding Festival (widely known and award-winning) which attracts tourists and their dollars, both Canadian and American, to Bruce County and Grey, I believe it is important for the survival of the large number of bird species, including endangered species such as the Piping Plover, that live in and pass through this area and our tourism industry, to protect and nurture our bird population by ensuring that such a proposed Cormorant hunt does not, in any way interfere with the lives of other bird species or the enjoyment of these birds by enthusiasts and tourists in this Bruce Grey area and other similar areas throughout the proposed hunting area.  I strongly urge you to take my concerns, and those of my fellow Birders, into your consideration as you look at allowing hunting of Cormorants.\n"
    },
    "12904": {
        "url": "/comment/12904",
        "comment": "These birds are a menace!  Sea Gulls and Terns don\u2019t even like them.  Visit Oneida Lake, Henderson Harbor, and a few of your once beatiful river Islands and view the damage they have created.  I fished Kentucky Lake last year and they damaged trees there too.\nSomething needs to be done to control these birds.\n"
    },
    "12906": {
        "url": "/comment/12906",
        "comment": "I don\u2019t believe that the hunting season for double crested cormorants should be any different than for other ducks or at least Canada geese.\nHaving hunting season during breeding time will also greatly negatively affect other birds that breed near the cormorants ( Great blue herons, Green herons, Herring and Ring-billed gulls).\nI also don\u2019t believe they should be allowed to spoil. If people want to shoot the cormorants they should also have to eat them.\nShooting 50 a day with no possession limit seems way to high for these large birds.\nI can believe that this idea must be driven by fishermen and other landowners that simply don\u2019t want the cormorants around and have no intention of using the birds for consumption. They just want to get rid of them.\nThese birds should be treated no different than other game birds if they are going to be put into that classification.\nWhat is the difference is between cormorants and other diving birds that there is no hunting season for (gannets, pelicans, etc).\nAs you can probably see I am not negatively affected by these birds so I don\u2019t see a need to hunt them at all but especially not during breeding season.\nThere are boating tours specifically set up to observe birds during breeding season and having other boaters sitting blasting away at the cormorants and then landing in the breeding grounds to gather the dead cormorants for disposal will certainly negatively affect the birds nesting near them, as well as the companies giving these tours. Specific breeding locations should be exempt from hunting.\n"
    },
    "12913": {
        "url": "/comment/12913",
        "comment": "I have been witness to these birds destroying habitat and acidifying the environment. they are aggressive and destructive. It is my feeling that if these birds are not controlled the effects on their, and our environment will be strongly felt. they can be more destructive than humans...\nAs an example, see the Brother islands near Kingston.\nhttps://www.thewhig.com/2016/07/29/cormorants-causing-concern-among-res\u2026\nThank you for considering getting these birds under control.\nBlake\n"
    }
}