{
    "13805": {
        "url": "/comment/13805",
        "comment": "This is an egregious use of power and waste of life. These native birds that have all but been wiped out already, that have finally made a comeback and reside within the range of a modestly stable population, are not birds that people should be allowed to hunt and waste. This new designation and hunting season is a sure fire way to make sure this species never recovers.\n"
    },
    "13806": {
        "url": "/comment/13806",
        "comment": "I remember Ontario outdoors without cormorants, but with plenty of fish.  For five decades I have been enjoying fishing and boating and camping along the Georgian Bay coastline and the French River.  During this period, I have witnessed an ever-increasing number of cormorants and an ever-decreasing number of game fish and other fish.  I am no expert, but the correlation is quite obvious to me.  And I believe the cormorant is here because it basically eliminated its food sources where it came from.\nFishing is almost not worth the time and monetary effort any more.  A significant portion of our heritage has been destroyed.\nI also witnessed, and am still witnessing, the destruction of the environment these birds have caused and are causing.  Tommy Thompson Park is not the only place where cormorants killed all trees and other vegetation, but certainly an instructive example.  And how many fish does each bird eat, each day, every day of the year?\nI fully support an open season on cormorants in Ontario.  Cormorants may not be the only reason for the decline of the fisheries, but they certainly contribute significantly.  That, plus the fact that they don't belong to Ontario, is enough reason for me to wish them extinction.\n"
    },
    "13809": {
        "url": "/comment/13809",
        "comment": "My son and I regularly visit Tommy Thompson Park. We canoe across from Cherry Beach. We paddle through the area inhabited by the cormorants (north shore of Leslie St. spit). We've been doing it for 10 years. We watched this environmental catastrophe unfold, tree-by-tree. IT IS HORRIFYING.\nI am extremely angry that the authorities permitted the situation to deteriorate this badly. The area is completely wiped out. You can smell them all the way from Cherry Beach. I love wildlife, but the cormorant situation is completely unnatural.\nHORRIFYING.\nDO SOMETHING!!!\nIt's an embarrassment to the City and the Province. Please act immediately. You must reduce their numbers. This is a crisis.\n"
    },
    "13811": {
        "url": "/comment/13811",
        "comment": "The Double-crested Cormorant is a native species in the Great Lakes drainage, anthropomorphic pressures pushed them to near extirpation, after banning some pesticides that impacted the metabolism of calcium in the shell gland of female cormorants the population recovered. This recovery coincided with the decline in predatory fish in the Great Lakes, allowing forage fish stocks to increase, cormorants fed on this overabundance of forage fish species and their numbers increased. Cormorant numbers are declining at present, and should self regulate. In some areas such as cottage shorelines, culling of local cormorant populations may be necessary to prevent destruction of the vegetation along these areas. And in some locations, if it is proven that overabundant cormorant populations are negatively affecting other waterbird populations, then yes, have well planned, publicized culls, so the public understands the situation. Letting people shoot cormorants in or near the mixed species colonies where they nest will inevitably result in the deaths of non target species, either by outright assassination or by scaring other species off their nests.\nBut and this is a big but, don't declare cormorants a garbage species by declaring a virtual open season on them as a limit of 50 birds a day with no possession limit will do. And allowing hunters to abandon their kills and leave them floating???, what kind of message does that send to our up and coming hunters and our kids. And what about those rotting carcasses that wash up on cottage shorelines and beaches? has anyone given any thought to that?\nI enjoy hunting and eating what I shoot, but this situation makes me wonder what the future of hunting will become if the government who is mandated to conserve the wildlife species in Ontario caves to the pressures of those who do not like a species because they think that species competes with our over indulgent use of resources, we spent money to sponsor research in the north channel to find out what cormorants actually eat, and very little of their diet consists of game fish were the findings of this study. Using a species as target practise is unethical and will drive a further wedge between hunters and non-hunters, what are our wildlife managers thinking????????????? . This proposed legislation has the potential to severely reduce or wipe out this species in this area, the repercussions of this in the form of trophic cascades has not even been considered, have we studied the role of cormorants in nutrient cycling or as a prey base for our newly recovered Bald Eagle populations? The removal of a species from an ecosystem always has repercussions that we do not foresee or expect. Not enough research has been undertaken on this species to support this thinly veiled massive cull. I expect our Conservation officers will be pulled from their more important duties to deal with the myriad of complaints associated with this cull.\n"
    },
    "13812": {
        "url": "/comment/13812",
        "comment": "I agree that the province needs to investigate the issue of cormorant spread and their associated impacts within Ontario, however, let us not trick ourselves by classifying this species as a game bird. Cormorants are one of the most foul species of bird to consume and are incredibly unpalatable. How can the province knowingly allow the harvest of this species as a \"game bird\" when they know full well that the carcasses of this species will be littering shorelines and roadsides as they are dumped by so called \"hunters.\" Lets call it like it is... a cull to protect local habitat and not a hunt to access a new food source.\n"
    },
    "13813": {
        "url": "/comment/13813",
        "comment": "Please pass this bill, what a horrible destructive creature Cormorants are.\nSmall inland islands that are half and whole acre size with mature trees destroyed, just completely white from excrement in central Ontario. When do we stop letting small groups dictate, this is a fair proposal. I must mention that I do not hunt.\n"
    },
    "13814": {
        "url": "/comment/13814",
        "comment": "Please pass this bill, what a horrible destructive creature Cormorants are.\nSmall inland islands that are half and whole acre size with mature trees destroyed, just completely white from excrement in central Ontario. When do we stop letting small groups dictate, this is a fair proposal. I must mention that I do not hunt.\n"
    },
    "13816": {
        "url": "/comment/13816",
        "comment": "The number of cormorants that can be hunted is too high, there should also be a limit to how many can be hunted in a season. Hunter's should not be given free reign to exterminate a species. Please consider lowering the daily limit and imposing a reasonable maximum number. Why would anyone need to hunt 50 birds a day? Such a shameful waste.\n"
    },
    "13818": {
        "url": "/comment/13818",
        "comment": "I am opposed to the new Cormorant hunting law as proposed.\nI feel there should be a trial two-year period to evaluate effects of the law.\nFor that period, the nesting period should be excluded, and the bagging limitation should be far less - maybe 15 or 20 rather than 50 per day.\nThese birds kill undesirable fish, so the effects on the various fish species could also be observed, as previous experiments have had unintended consequences including wiping out good species.\nPlease moderate your proposal.1\n"
    },
    "13819": {
        "url": "/comment/13819",
        "comment": "Cormorants are migratory.  The proposed season duration covers the entire period the birds would be expected to live in the province.  This seems inappropriate.  If the current population is stable or declining, a hunting season will surely cause further decline.  What population level is targeted for this species?  What level of predation through hunting will achieve the target.  Overall, I don't support this proposal.  I might support a short season outside of prime breeding times.\nI don't support allowing hunters to spoil the birds.  They should be responsible for proper disposal.\n"
    },
    "13820": {
        "url": "/comment/13820",
        "comment": "It has come to my attention that the Premier has a proposal in the works to allow hunters to shoot and kill cormorants between March and December when they are nesting.  This is a horrible decision which goes against all science based studies and more than a century's worth of evolution and effective wildlife management.  Study after study has demonstrated that double-crested cormorants do not seriously affect fish stocks.  They mostly eat species of fish of no commercial value and not favoured by sports anglers. I call for this proposal to be rejected for the following reasons:\n1. The Ontario government\u2019s proposal will allow individuals with a small game license to kill up to 50 cormorants per day. That works out to approximately 1,500 cormorants per month or up to 14,250 cormorants for the entire proposed annual hunting season.\n2. The presence of cormorants benefits other colonial water birds, such as herons, egrets and pelicans, all of which are stable or growing where cormorants are found.\n3. The mass killing of cormorants will not be beneficial. In fact, the process of killing them will force other bird species to vacate the colony sites they share.\n4. There is no way to kill cormorants humanely. Even controlled, organized culls in other regions have resulted in large numbers of injured and crippled birds being left to die of their wounds or starve to death, including nestlings. It will leave thousands of baby birds to die of hypothermia, thirst, or starvation, a cruelty that should be illegal.\n5. Cormorants are beneficial because their diet consists of very large numbers of primarily invasive fish, such as alewives and round gobies, as well as other non-commercial, non-forage species.\n6. The mass killing of cormorants will damage the environment and disrupt natural ecosystem processes.\n7. The return of cormorants, a native wildlife species, to the Great Lakes Basin is part of a natural process.\n8. Cormorants are not overabundant in the Great Lakes. In fact, their numbers are modest, now stabilized and are dropping in many areas.\n9. Changes in the composition of vegetation in and around bird colonies are a sign of vibrant, dynamic natural ecosystem processes.\n10. The number of trees damaged or destroyed in colonial waterbird colonies across the province is miniscule and wouldn\u2019t even equal the number of trees in a single modestly-sized woodlot.\n11. Only a small number of islands (less than 3%) and peninsula sites are available for cormorants and other colonial waterbirds to nest on.\n12. The mass killing being proposed by the Ontario government is a political response to anecdotes, unsubstantiated claims and complaints by a small group of radical fishermen, supported by special interest groups. There is no substantive body of scientific evidence supporting their position.\n13. The proposed designation of cormorants as game animals, along with a non-utilization exemption that allows the carcasses to rot should be an affront to every hunter who believes in sportsmanship, fair chase and ethics.\n14.  It would create health and environmental hazards from the large number of rotting birds.\n15.  It will result in increased gun use and subsequent disturbance, particularly in cottage country during family vacation time.\n16. Instead of making cormorants a scapegoat for environmental problems they have nothing to do with, attention should be given to addressing the issues that actually do affect fish populations and aquatic environments, such as climate change, pollution, shoreline and habitat destruction, overfishing and a broad range of other issues.\n"
    },
    "13822": {
        "url": "/comment/13822",
        "comment": "This is a reckless attempt to control a population of non-game birds which certain self-interest groups and individuals are concerned  about. There is no scientific evidence which even suggests that this species is a significant threat to the commercial and sport fishing industry in Ontario or for that matter all of North America. The success of this species is partially due to improvements in the environment and the introduction of invasive species, such as the Round Goby and Alwife, which they have adapted to feed on.\nPassing of this proposal would be a environmental travesty and would cause serious damage to an important component of our current established ecosystem, which has evolved over the last 50 to 60 years.\nThis proposal is nothing but free ticket for an uncontrolled slaughter of a native species. This slaughter would disrupt the current balance in the ecosystem. As these birds are not eaten, of no commercial value, and are not game birds the slaughter will result in the addition of tens of thousands, if not hundreds of thousands of bird carcasses into the water which is the source of millions of Ontarians and our neighbours on the Great Lakes. In addition to the carcasses themselves, there will a significant risk of outbreaks of disease such as avian botulism, as the carcasses rot in the anaerobic environment at the bottom of our water ways. These outbreaks will pose a significant risk to all aquatic life in Ontario including desireable game birds such as ducks and geese and other species protected under the Migratory Bird Treaty Act of 1918.\nThis proposal does not address the impact the additional volume of non-lead shot being added to the environment. The impact of this additional heavy metal contamination is not understood and has not been thoroughly investigated.\nIn addition to the above concerns there is also the risk that this whole sale slaughter would have on other more \"desireable\" and protected wildlife.\nThis proposal is ill conceived and based on rumour and hearsay and not on scientific fact. Not only does it threaten our sensitive natural environment it threatens the health and safety of all of our citizens as well as the citizens of our neighbouring provinces and the U.S.\nThere are many other proven methods for managing wildlife and if a threat from overpopulation is scientifically proven, these other less risky methods should be implemented rather than a whole sale uncontrolled slaughter of a species.\n"
    },
    "13824": {
        "url": "/comment/13824",
        "comment": "What an incredibly reckless proposal!  Bullets flying, blood and suffering, death and dying, lead shells and bullets contaminating the waterfront and poisoning wildlife!!  And during nesting season!!\nIf the authorities do their homework, they will find that this approach has NEVER fixed the problem.\nAnd please recognize the outright cruelty behind this proposal....\n"
    },
    "13826": {
        "url": "/comment/13826",
        "comment": "Do not allow this to happen. Cormorants are beneficial because their diet consists of very large numbers of primarily invasive fish, such as alewives and round gobies, as well as other non-commercial, non-forage species.  It is the commercial fisheries in Lake Erie and other lakes that are depleting fish populations, not cormorants.\nThe Ontario government\u2019s proposal will allow individuals with a small game license to kill up to 50 cormorants per day. That works out to approximately 1,500 cormorants per month or up to 14,250 cormorants for the entire proposed annual hunting season.\nThere is no way to kill cormorants humanely. Even controlled, organized culls in other regions have resulted in large numbers of injured and crippled birds being left to die of their wounds or starve to death, including nestlings.\n"
    },
    "13829": {
        "url": "/comment/13829",
        "comment": "Cormorants are a native species that should not be subjected to an open hunting season with an outrageously high kill limit, the ability to kill nesting birds and allowing the carcasses to rot.  I am not against hunting for food, but this will encourage the worst kind of murder for fun.  This completely unnecessary, regressive and cruel, not to mention environmentally harmful.  With these rules, it would take no time at all for a few aggressive hunters to wipe out entire colonies of a recovering species.  In this day and age, with all of the environment under threat, please reconsider this outdated thinking.\n"
    },
    "13831": {
        "url": "/comment/13831",
        "comment": "Killing off birds that just eat fish is a bad idea.  If the Cormorants were pink, or yellow, or other colours than black they wouldn't be hunted down so viciously.  Yes, they are problematic for killing off trees on islands because of their guano at their nesting areas and when they do so, the M.N.R. correctly  tries to control them.\nBut just to kill them (and let them rot!!) is certainly against any views of people who care for the natural environment.  Would prove that fishermen don't give a damn about all of the natural environment, just want to kill off the Cormorants so they think there will be more fish for them to kill.  They don't kill Cormorants for their own food.... just to get rid of them.....and let them rot.\n"
    }
}