{
    "12038": {
        "url": "/comment/12038",
        "comment": "As a biologist, outdoor enthusiast and nature lover I am IN FAVOUR of this proposal.  The cormorants are destroying habitat and have really become a real threat to our ecosystem and fisheries without some form of control.  I would also support a culling program at breeding grounds.  They are decimating our Great Lake ecosystems and shorelines.  As a fisherman, you really see this first hand.\nThank you for this consideration.\nRegards,\nJim\n"
    },
    "12041": {
        "url": "/comment/12041",
        "comment": "I live inCornwall Ontario, I\u2019m a member of Muskies Canada & Cornwall Lunker Club, we take out the local bird club sometime on the water and all we see is Cormorants everywhere, Islands all dead around summerstown/Lancaster area. Something needs to be done, I know that they are eating gobies, but I\u2019m sure they are also eating other game fish.\n"
    },
    "12043": {
        "url": "/comment/12043",
        "comment": "What is the basis for the \"concerns expressed by some groups\". Do they have an actual evidence that cormorants have been detrimental? Or is it just \"gut feeling\". This is a misguided enterprise with absolutely no actual data as a foundation for this decision. Having a limit of 50 birds per day with no possession limit is also unsupportable. If this species was in serious decline within recent memory such an approach to hunting will place them back in the same position. If this government is going to enact policy, at least have it be based on some evidence. Not just what some groups think is happening. Such an approach to governance is shortsighted, ill-considered, and nonsensical.\n"
    },
    "12045": {
        "url": "/comment/12045",
        "comment": "By all ears establish a hunt, or hunts in different areas of the province that need them. Cormorants have expanded beyond the great Lakes areas and are seen in inland waterways as well.\n I would suggest that maybe people should be required to register and track numbers of birds however, and I do question the season being open from spring to fall as this will likely mean more possibility of unfortunate encounters between different  recreational users of waterways as well as likely have unnecessary nuisance calls about 'illegal' hunting/shooting being called in to mnr and police offices.\n"
    },
    "12049": {
        "url": "/comment/12049",
        "comment": "Fantastic to hear that this hunt may finally happen.\nI reside on Lake Simcoe where their numbers are high.\nI see the trees destroyed that they use as roosts, and just recently witnessed them in the thousands eating up spawning shiners. The quantity of their harvest was incredible as we could smell the shiners they were eating about 500yds away!\nTheir population does seem high and thriving. It's time to keep numbers in check.\n"
    },
    "12050": {
        "url": "/comment/12050",
        "comment": "I hunt and these birds are destroying many trees all along the open bays near the lake on Rondeau bay, there are probably quite a few hundred there alone. So many that people call the dead tree in the bay \u201cthe cormerant tree\u201d so much acid defication on it and it died in short time. Eats an insane amount of fish in the bay also.\n"
    },
    "12053": {
        "url": "/comment/12053",
        "comment": "This proposal is not evidently based on any science beyond the self-described anecdotal accounts of commercial fishing industry, property owners, and \"individuals\" who believe (surely not objectively) that cormorants are bad for industrial fishing or recreation. The United States FWS has estimated that the entire population of cormorants nesting across the Great Lakes region at 200-240,000 birds, having made a substantial recovery since the 1970s, and holding stable since the early 2000s. Under the limits set by this proposal (which would conceivably permit the taking of 14,550 cormorants per person per year), one single hunter could conceivably extirpate the entire Great Lakes population of cormorants in less than two decades. This proposal is, quite simply, an eradication plan for Double-crested Cormorant masquerading as a \"sustainable\" wildlife management strategy. Furthermore, the suggestion that the implementation of this management plan would be \"neutral\" completely disregards even the most fundamental aspects of biology, and since cormorants are colonial nesters with other, protected waterbirds, hunting throughout the nesting season places a host of other species at unnecessary risk.\nEven the most cursory analysis of its basis, methods, and suggested limits makes it an unconscionable management plan; rather, this is a cormorant eradication proposal masquerading as wildlife management.\n"
    },
    "12055": {
        "url": "/comment/12055",
        "comment": "Double crested cormorants breed alongside various other species of protected (and in many cases, declining waterbirds). Allowing this species to be shot could cause considerable disturbance to other species. Why should fishing interests, and the interests of landowners, have precedence over a bird species that has - thankfully- returned to something like its former numbers prior to the use of organochlorine pesticides? This proposal requires considerably more thought.\n"
    }
}