{
    "12081": {
        "url": "/comment/12081",
        "comment": "Hello,\nI think the hunting season for cormorants is Ontario is a very important and needed season! They are destroying the beautiful thousand islands such as brothers island and they are only populating more and more each year. It\u2019s time we put an end to the expansion of this invasive species. Not only are they destroying land but are eating tons of fish as I\u2019m sure you guys already know. This is very important and I truely believe this needs to go through as it\u2019s already too late In the making.\nThanks.\n"
    },
    "12083": {
        "url": "/comment/12083",
        "comment": "Cormorants are killing vegetation on many islands on the Rideau system among other bodies of water which in turn is leading to rapid erosion. Since their numbers have been on the rise, generations of game fish are struggling because of the unnatural amount of competition.\nIt would be irresponsible to allow further growth of this species in Ontario and Canada.\n"
    },
    "12084": {
        "url": "/comment/12084",
        "comment": "This proposal is extremely ill-advised. The great lakes cormorant population has been steady since around 2000, so that there is little need for a cull, and 50 birds a day will potentially result in their extinction within a few years. If one hunter got 50 per day for the season, and assuming the great lakes population is around 120,000, one hunter could kill every cormorant in 20 years. There will be thousands of hunters on any given day around the great lakes system. Furthermore, loads of other species (herons, terns, gulls, etc.) nest among the cormorants, and will invariably be killed as by-catch. This whole plan is incredibly problematic. Please ensure it does not go forward\n"
    },
    "12086": {
        "url": "/comment/12086",
        "comment": "100% agree with this finally coming.\nAs a hunter and a big angler. We live on the bay of quinte. And over the past 5 years I can see that these birds have destroyed several islands and what used to be great fishing grounds. With now. No vegetation in the water and the trees completely dead with no living organisms on the islands anymore at all.  Now they are starting to move to more in-land tree lines and killing off citizens lawns and vegetation around there places as well.\nWith this implemented it will finally reduce the amount of them around and also bring our water back to where it was 10+ years ago we hope.\nThank you for allowing people to comment on this and bringing this opportunity coming forward to finally bring this problem to a hault.\n"
    },
    "12092": {
        "url": "/comment/12092",
        "comment": "This is a brilliant plan. There are so many of these birds and theyre like a pest species. they're destroying islands in Georgian bay with the feces. They also do quite a number on local fish numbers. I don't imagine they would be a very edible bird so I'm glad to see the proposed amendment for letting them spoil.\n"
    },
    "12094": {
        "url": "/comment/12094",
        "comment": "I have lived and boated on Lake Erie for almost 70 years now. When I was a youngster we never saw Cormorants on the lake. In the last 15 years or so they have become quite common and obviously they being fish consumers, they have had a major impact on the fisheries in the lake. I do think that their overabundance has had an impact.\nI am all in favour of this proposal but why limit it to 50 birds which can go to spoil (who wants to eat a fish eating bird) make it unlimited to those that feel the need to make the effort to rid the lakes of this pest....is like shooting crows or starlings\n"
    },
    "12095": {
        "url": "/comment/12095",
        "comment": "these birds are a are destructive and destroying islands and fish stocks. they should have been controlled years ago. I am all for a season. hope this change happens quickly. you troll through an area in your boat and don't see any minnows and small fish. where just a few years ago these same areas were teaming with fish. there are times there are more birds in a bay fishing then you can count.\nthanks.\n"
    }
}