{
    "14613": {
        "url": "/comment/14613",
        "comment": "I am opposed to adding a provision so that hunters could allow cormorants to spoil. This seems to me to be excessive in its cruelty and irresponsible ecologically. If one were to use the carcass, a kill would be justified, whereas leaving the bird to spoil is not.\nThank-you for your consideration.\n"
    },
    "14614": {
        "url": "/comment/14614",
        "comment": "I am extremely against this proposal. I believe it is detrimental to the recently recovered cormorant population (which is native and important part of the ecosystem), but I also know that the effects of this proposal would have resounding and irreversible effects on other wildlife, from the birds they nest amongst (Great egrets, Great blue herons, Black crowned night herons) to the other wildlife in the vicinity. This is a wholesale slaughter of a maligned species with absolutely no scientific backing or justification, this is just an excuse to try and eradicate a species for nothing but political gain.\n"
    },
    "14625": {
        "url": "/comment/14625",
        "comment": "I cant believe you would even consider such a cruel ridiculous senseless killing of so many cormorants!  You are even going to kill through the nesting season!  These birds are not a problem and the only ones who comment on the fishing situation are the men who want the fish so they can kill them!  Give me a break!  I am disgusted that Mr. Ford would even consider such a proposal and is one more reason why I would never vote for someone with his mentality in regard to the environment and complete disregard for animal concerns!\n"
    },
    "14626": {
        "url": "/comment/14626",
        "comment": "I'm appalled at the news the government is planning to make the Cormorant a target for slaughter. When are we going to learn that wildlife was not put on this planet for humans to destroy? The latest report from the World Wildlife Fund states we've lost 60 percent of it already and that's just in the last few decades. Many scientists believe we are experiencing the sixth mass extinction. Is this to be this generation's legacy? We knew how much damage we were doing but still chose to keep doing it? If so, I, for one, am ashamed to be a part of it.\nPlease don't bow to special interest groups coming up with lame excuses for the decimation of other species. The inhabitants of the natural world were not put here for our entertainment, exploitation, oppression or consumption!\n"
    },
    "14628": {
        "url": "/comment/14628",
        "comment": "At a time when we are losing birds and other species of animal at an unprecedented rate, the introduction of yet new hunting seasons and relaxed hunting laws shows an appalling lack of consideration, care and understanding for life and nature.\nNowhere in North America are sport hunters currently permitted to shoot nesting birds and their chicks at close range, but that is exactly what is now \u2013 unbelievably \u2013 being proposed for Double-crested Cormorants. The bill also proposes to change the law in Ontario, to allow sport hunters to \u2018spoil\u2019 the birds after being shot, meaning left to rot. Currently it is illegal to \u2018spoil\u2019 game species, since technically the hunting of wildlife isn\u2019t supposed to be for the sheer thrill of killing. Carcasses, in theory, are to be used.\nThe current proposal \u2013 unprecedented in its cruelty and sheer blood thirst \u2013 would allow hunters to shoot up colonies at their pleasure in an open season that will run from March 15 to December 31(!) \u2013 every year.\nThe intention is clearly to kill off these birds in Ontario and this goal can be accomplished quickly with no restrictions on the number of hunters that can attack a colony anywhere, anytime, including one of the largest colonies on the Great Lakes located in Toronto at Tommy Thompson Park. As long as sport hunters remain in their boats, and do not step onto the shore, there is nothing restricting them from coming close enough to shoot nests from below, killing adults peacefully tending their young.\nLandowners have always had the unrestricted ability to kill cormorants if they were perceived as \u2018nuisance\u2019 on their private property. The main 'nuisance' that cormorants pose has however on examination been found to consist in their being in competition with sport fishers, who put their own personal enjoyment and hobby above the survival of other species and a healthy and normal eco system.\nAlmost all Double-crested Cormorant colonies contain several other colonial waterbird species such as Herring Gull, Ring-billed Gull, Common Tern, Caspian Tern, Black-crowned Night Herons, Great Blue Herons, Great Egrets, White Pelicans, who will also be disturbed during their breeding season by this hunting activity. When Ontario Parks began culling cormorants at Presqu\u2019ile Provincial Park, they lost the ONLY Great Blue Heron breeding colony on Lake Ontario which was embedded among the cormorants for protection against predators.\nPlease stop this disastrous proposal before waterbird colonies are decimated across Ontario.\nPlease note: It is impossible to monitor this hunting activity as proposed. The same promise to monitor the Spring Bear Hunt never materialized.\n"
    },
    "14631": {
        "url": "/comment/14631",
        "comment": "This letter is in comment to the Ministry of Natural Resources and Forestry\u2019s (MNRF) proposal to allow open hunting of the Double-crested Cormorant (Phalacrocorax auritus).  The Toronto Ornithological Club (TOC) is hereby submitting a formal objection to the proposal as it is not based in science, is cruel, inhumane and immoral.\nThe TOC is one of the oldest birding clubs in Canada established in 1934 and we are committed to the ongoing conservation initiatives of migratory birds in Toronto and the surrounding areas, with a sound basis in contributions to scientific projects and studies.\nThe proposal as it stands is essentially a cull disguised as a hunt.  Cormorants are a native species and their numbers have only recently recovered from being close to endangered and a significant amount of money was invested to create a healthier environment for these birds to encourage population growth.\nThere is no scientific evidence to suggest that Cormorants are the reason for a decline in sport fish numbers when in fact it has been shown that Round Goby (Neogobius melanostomus), an invasive species, have reduced populations of Ontario sport fish as they eat eggs, young and compete for the same food source.\nItems in the proposal that TOC rejects include:\n\u2022\tThe proposed reclassification of Double-crested Cormorants to game birds as they are not game birds and are largely considered to be inedible.\n\u2022\tThe provision in the Fish and Wildlife Conservation Act which would exempt hunters from being required to properly dispose of the deceased birds and allow for the carcasses to spoil on site. The possible public health issues associated with the dead birds as well as the aesthetics and impact it will have on waterfront recreation remain a concern which would be shared by most communities;\n\u2022\tNo overall bag limit and 50 birds/day.\nThe proposed hunting season would also cause disturbance to other sensitive species that co-nest with Cormorants.  These birds are protected under the Migratory Birds Convention Act and include: Black-crowned Night-Heron (Nycticorax nycticorax), Great Blue Heron (Ardea herodias), and Great Egret (Ardea alba) as well as other species which co-nest with cormorants in Ontario such as the Ring-billed Gull (Larus delawarensis), Herring Gull (Larus argentatus), Common Tern (Sterna hirundo), Caspian Tern (Hydroprogne caspia).  The TOC is also very concerned that the Common Loon (Gavia immer), which looks very similar to the Cormorant could be taken by accident.  The MNRF has not provided any mitigation to ensure that there would be no impact to these co-nesting species and there simply has been no research conducted to conclude that there would be no negative impacts.\nBoth members of a pair of Cormorants are required for nest success.  The killing of either a male or a female during the breeding season will result in their chicks starving to death even if the other parent is present.  How will this inhumane approach be handled?  If a population cull is determined to be necessary through scientific study and evidence, a controlled, local cull in early spring before nesting season by the MNRF would avoid these situations.\nWe have also heard disturbing information that not a single MNRF Biologist was consulted regarding this outrageous proposal and further that the MNRF biologists found out about the proposal while perusing the Registry of their own accord.\nThis reeks of the Ontario Federation of Anglers and Hunters lobbyists (and by extension Doug Ford who is undoubtedly involved) pressuring the MNRF into this crazy proposal.\nIn summary, the TOC strongly believes that this proposal is flawed and request that it be rejected as it stands.\nAngela Brooks, M.Sc.\nSenior Ecologist/Conservation Councillor\nToronto Ornithological Club\n"
    },
    "14641": {
        "url": "/comment/14641",
        "comment": "Do it, why not.  People who oppose hunting cormorants, need to read the entire list of animals I can hunt, also we have culling programs in Ontario, hunting them is cheaper.  I won't cause I only kill what I can eat (i'm not eating cormorant) but I don't care if others want to take them for whatever reasons they have.  This will have as much impact on cormorant population as hunting coyote does on its population (there is no impact).\n"
    },
    "14644": {
        "url": "/comment/14644",
        "comment": "The population of Double Crested Cormorants on Lake Ontario has exploded out of control. Their only known predator is man. Therefore we have to take charge in controlling their population.\n      Cormorants may not eat a great deal of salmon, trout or other sport fish but they definitely consume large numbers of bait fish. It is a known fact that each bird consumes about one pound per day.\n      They also do a significant amount of permanent damage to the environment.\n      I believe there is very little danger of extirpating the population as they are very affluent breeders. I therefore agree with the proposal of making Cormorants a game species and allow hunting of these birds.\n"
    },
    "14645": {
        "url": "/comment/14645",
        "comment": "This irrationally/ill conceived proposal makes zero sense in terms of responsible wildlife management or ecological health. It's nothing more than a licence to exterminate a species with no regard for how that would affect other species or the ecology of the habitats affected. One very likely result would be a further increase in invasive fish species. One study in Michigan found that on Lake Michigan, 80% to 90% of a Double Crested Cormorant diet consists of invasive species. Eliminating Cormorants will invariably have an inverse affect on the species they feed on. It could be argued that Cormorants are a beneficial species, contributing to the health of the lakes.\nThe \"limit\" of 50 birds per hunter per day is rediculous! That means that a small group of hunters could wipe out a colony in a Weekend. Also, the \"open season\" includes the entire time these migratory birds are in Ontario.\nThe fact that by all accounts the population of Cormorants is \"stable or decreasing\" just invalidates the \"need\" for such a proposal in the first place.\nAny time humans mess with wildlife, especially on a large scale, such as this proposal, it never turns out to be a good thing.\nCanada's leading bird science organization, Bird Studies Canada, has issued a very strong condemnation of this proposal. These are people who are the very top experts in the country when it comes to bird science and the habitats in which birds live and breed. If their strong condemnation isn't enough to kill this proposal then that makes it very clear that this is only about politics and not about responsible wildlife management at all. The Bird Studies Canada condemnation a well reasoned argument based in fact and the best current understanding of wildlife/habitat management, not mention pointing out how this proposal defies current regulations, best practices and ethical hunting practices. It truly points out how irresponsible this proposal is and that if any scientific consultation was undertaken, the true experts were never contacted or at least they were ignored. Please read the Bird Studies Canada release at the following link.\nhttps://www.birdscanada.org/news/response-to-proposed-hunting-season-fo\u2026\n"
    },
    "14648": {
        "url": "/comment/14648",
        "comment": "If you want to keep a sustainable fishery in the Great Lakes and surrounding water bodies in the years to come, I believe having a season one these birds is a very good idea. The number of birds in the Lake Ontario Bay of Quinte area I believe is at a population that threatens this delicate ecosystem. The season is a very good idea to control the numbers I say do it.\n"
    },
    "14650": {
        "url": "/comment/14650",
        "comment": "My major concerns:\n(1)   Lack of scientific credibility and justification\nThe proposal fails to demonstrate a sound scientific basis for the need for the hunt, lacking any detailed information about the species\u2019 population size.\nThe proposal\u2019s policy rationale indicates that the species\u2019 population is stable or declining, decreasing MNRF\u2019s justification for the hunt.\nThe proposal fails to address the potential impact of the hunt on the population of Double-crested Cormorants in Ontario, or the potential impact on other wildlife species which could be affected.\nThe proposal fails to adopt an ecosystem-based approach to wildlife population assessments and management, a key consideration for a species with such complex interactions with aquatic and terrestrial species and habitats. Among other things, it fails to describe a population management objective (population target) provincially or regionally. Nor does it describe a timeframe over which the proposal would be in place. Although it proposes a program to monitor cormorant population and trends in Ontario, it would be some years before any such program could provide solid estimates, leaving the first few years essentially unmonitored.\n(2)   Inconsistencies with standard norms for hunting and Fish and Wildlife Conservation Act principles\nThe proposed hunt is inconsistent with every tenet of wildlife management and hunting ethic, including failure to protect wildlife during the breeding season and permission to allow game meats to spoil. This proposed divergence from norms highlights the fact that this is not sport hunting by any standard definition, but is rather a broad-scale and largely unregulated cull \u2013 reminiscent of unchecked \u201cmarket hunting,\u201d which modern bird hunting regulations were designed to correct.\nThe proposed exemption to the requirement to protect against meat spoilage, coupled with a failure to retrieve or even report carcasses, renders population monitoring and enforcement effectively impossible, which could rapidly lead to large-scale mortality with population level impacts.\nThe hunting of Double-crested Cormorants during the breeding season is again inconsistent with wildlife management and hunting principles and ethics; such hunting will inevitably lead to failure of nests and starvation of chicks, which are issues of concern relating to both population management and to inhumane treatment to wildlife.\nThe proposed open season from March 15 to December 31 each year represents the entire duration of the species\u2019 natural annual occurrence in Ontario \u2013 effectively resulting in no meaningful closed season in the province.\n(3)   Impact on Double-crested Cormorant populations, native biodiversity and ecosystems\nThe proposed bag limit of 50 Double-crested Cormorants per day per hunter with no possession limit over a nine and a half month open season is exceptionally high, unsustainable, and without precedent under the Fish and Wildlife Conservation Act for its failure to address the need for population sustainability. It is not unlikely that such a level of hunting would lead to local and/or regional extirpations, as well as reduction provincially to token remnant populations. The likelihood that this proposal would have only a \u2018neutral\u2019 impact is baseless.\nThe proposal allows for shooting of Double-crested Cormorants on breeding colonies which could lead to mortality of other colonial waterbird species which often nest in close association, such as Great Blue Herons, Great Egrets, and Black-crowned Night Herons.\nDisturbance by hunters will disrupt other wildlife nesting in and near Double-crested Cormorant colonies, including the above-noted heron family members, as well as other species such as Caspian Terns, Common Terns, and Great Black-backed Gulls.\nThe increased level of shooting over water could lead to an increase in toxic shot deposited in lakes and rivers since not all shooters may abide by the proposal\u2019s requirement for non-toxic shot.\n(4)   Public safety and enforcement of proposed changes\nThe proposal allows for unrestricted shooting in Ontario, both in terms of season and location, potentially permitting hunters to be in unsafe proximity to boaters, cottagers and other outdoor recreation enthusiasts. The lack of a closed season in spring and summer increases the public safety risk due to the overlaps of the open season with the peak of outdoor recreation.\nThe proposal to permit hunting from a motorboat increases risk for public safety, which is contrary to migratory bird hunting regulations.\nThe large scale of the proposed hunt, the permission to discard carcasses and let meat spoil, and the exceptionally long open season render the hunt (including the daily bag limit) unenforceable by conservation officers.\nThe proposal\u2019s broad scope and exceptionally high quotas would require intensive and greatly expanded enforcement, as well as greatly increased resources for population monitoring; such resources are not likely to be available at a time when public expenditures are being cut back.\nThe Ministry\u2019s intent not to provide additional opportunities for public comment, should the proposal proceed, is a concern for due process relating to Ontario legislation, regulations, and policies.\nFor the above-noted reasons, I express my strong opposition to the proposal.\nThe above are noted as by Bird Studies Canada with whom I agree.\nBird Studies Canada is the country\u2019s leading non-governmental organization dedicated to the understanding, appreciation, and conservation of birds. The organization was founded in 1960 as the Long Point Bird Observatory, and by 1998 had expanded programs nationally and adopted the Bird Studies Canada name. A registered charity, BSC\u2019s mission is to conserve wild birds of Canada through sound science, on-the-ground actions, innovative partnerships, public engagement, and science-based advocacy. The organization is science-based with dozens of research, conservation, and outreach programs operating across Ontario and Canada. Many of BSC\u2019s programs are undertaken with the active participation of keen outdoors enthusiasts and field naturalists, currently numbering 49,000 volunteer \u201cCitizen Scientists.\u201d To advance its mission, BSC is proud to collaborate with dozens of conservation partners, representing non-governmental organizations, businesses, private landowners, and also many governmental agencies. This includes the Ontario Ministry of Natural Resources and Forestry (MNRF), which we are pleased to call a partner on many initiatives. We also have a long tradition of working with the hunting community towards waterfowl conservation goals at Long Point and elsewhere within the Ontario Great Lakes Basin.\nBird Studies Canada recognizes the Double-crested Cormorant as a native Ontario species, and one which has been heralded as a conservation success story. BSC also recognizes that the biology of this species and its ecological interactions are complex, making some management decisions challenging. As a colonial-nesting waterbird, the species can have an impact on the flora and fauna in the immediate area of colonies. This impact is sometimes described as large on the small scale, but small on the large scale.\nThe species suffered from environmental contaminants (notably, persistent organochlorine contaminants) in the Great Lakes region, and its population has recovered rapidly in recent decades from a reduction in these pollutants. Among a number of other factors, the rapid increase may have been aided by nutrient overloading and introduction of non-native prey species in the Great Lakes. While the population has increased significantly in recent decades, MNRF indicates that the population is now stable or declining \u2013 a common pattern of growth and stabilization in natural populations \u2013 which suggests from the outset this proposal to actively reduce the species\u2019 population by hunting is unwarranted.\nBSC\u2019s objections to the proposal are multiple and varied, including: (1) lack of scientific credibility and justification; (2) inconsistencies with standard norms for hunting and Fish and Wildlife Conservation Act principles; (3) unknown impact on Double-crested Cormorant populations, native biodiversity and ecosystems; and, (4) public safety and enforcement of proposed changes\n"
    }
}