{
    "13438": {
        "url": "/comment/13438",
        "comment": "Having a 9 month hunting season with dead cormorants lying around everywhere is not a good solution for cottagers and residents, not to mention that sport hunting can be cruel to the birds where hunters just mame them and they are left to die a horribly painful death.\nPlease look for other ways to control the cormorant population.   For example, put something in bait that prevents them from reproducing and/or have the government hire hunters to hunt in areas they congregate, then clean up the mess.\n"
    },
    "13442": {
        "url": "/comment/13442",
        "comment": "Double-crested cormorants are a native Ontario water bird and a part of the natural ecology of Middle Island and High Bluff Island, both world renowned bird sanctuaries.  The proposals to \u201cmanage\u201d them are ill-conceived, short sighted, a waste of resources and enormously cruel.\nTo allow a ban on coyote hunting in the area would be a more natural way of bringing homeostasis to the ecosystem.\n"
    },
    "13447": {
        "url": "/comment/13447",
        "comment": "I oppose this proposed murder/cull of this cormorant species for several reasons as listed below:\nNO EVIDENCE\n- this bird is not in surplus nor is it invasive. Biologists do not believe it needs culling nor that is is a danger to anyone or any fish. It is a nuisance to some humans - not a reason to allow the public to murder it. The species has natural raptor predators that have been doing their work on our lake for several seasons.\nDANGER TO PUBLIC\n- lakes are public spaces especially in warmer weather. People with guns will be dangerous during the boating season. There is almost no enforcement of fishing or boating rules or laws on my lake. There is no enforcement of alcohol use on the lake. No police presence seen.I do not trust hunting in boats to be safe. Plus the added noise and killing on our quiet lake will be annoying and unbearable.\nIn summary you propose to murder a bird species for which there is  no proven harm to other wildlife but merely  annoys those who believe they interfere with human economic interests. This murder will bring hunters to my lake who are not being watched by police or enforcing agents. These birds are not invasive and not in over supply.\nWhy bring noise, danger and animal murder to our lakes for no other reason than human convenience.\nI am saddened, angry and scared.\nPlease use science and common sense to make decisions- not the interests of human commerce. We have destroyed enough of the wild already.\n"
    },
    "13448": {
        "url": "/comment/13448",
        "comment": "I agree 100% that this is a good idea and a long time in coming.   Little worried about how I can help reduce the population  in Lake Ontario if I cant hunt off Toronto. Word has it you have to go out to the international border which makes no sense! Hopefully that can be addressed. As for disposal I need to know how, where, when, etc. It is about time this has finally received the attention it deserves and is really about common sense not politics.\n"
    },
    "13449": {
        "url": "/comment/13449",
        "comment": "Great idea!  Definitely,  good thinking out of the box on this one!\nOnly concern I see is around user conflicts and the safety of shooting from power boats during summer time when other recreationalists are out on the lakes fishing, water skiing, canoeing, kayaking, etc. in greater numbers.  Especially in Northern Ontario where hunting has not been allowed during summer, traditionally.\nI suspect,  the tourist industry may have some concerns along these lines as well.\nPerhaps, some thought can be given to tayloring the season to close just prior to the walleye opener (third Saturday in May) and then open again during the regular waterfowl season start (mid September).  Cormorants should be present in good numbers during these periods and harvestable without much conflict or safety concerns.\n"
    },
    "13452": {
        "url": "/comment/13452",
        "comment": "Cormorants should be left alone. There is no need for population control as their populations are already being naturally adjusted after their sharp rise over the past decade. Just as any population spike there is a natural carrying capacity that will be met before they even out again. Since the ban of DDT cormorants have made a drastic recovery. People may confuse this population recovery as over population. Also, hunting cormorants without being required to eat them or use them in some productive way goes against the sport of hunting. This cull will also upset many of Ontario\u2019s cottagers as the decaying corpses will smell up the lakes and property lines of these people. Lastly, a significant portion of the population is anti-hunting and the sound of gunfire within the vicinity of cottages will not be tolerated by all.\nIn my opinion, we should hold off on allowing cormorant hunting for at least another decade to be able to properly witness the plateau of their population. While the sport of fishing is held dear to us, I don't think its importance trumps requiring us to share these resources with our wildlife.\n"
    },
    "13453": {
        "url": "/comment/13453",
        "comment": "RE: Cormorants\n     First off, in my opinion this whole idea is deplorable.\n     \"The Cormorant's population declined between 1950s-1970s due to environmental\n     contaminants.\" The causal effects from humans using DDT and other toxins.\n     They increased rapidly from the 70s to the 2000s - because flocks will do\n     that when the 'predatorial or toxicity' is removed or controlled..\n     \"Their populations have STABILIZED or declined SLIGHTLY.\" In other words,\n     they are back to the numbers they were before humans decimated them prior to\n     the 50s.\n     \"Some groups say the cormorant is detrimental to the fish\n     populations, island forest habitats, other species and aesthetics.\"\n     Let's take a look at that statement: People who fish for 'sport' are always\n     going to be against any kind of competition for their catch. The cormorants\n     eat live fish and are excellent 'fisherbirds' with a skill that would make\n     any human fisherman envious. The birds do it for survival, any fisherman I've\n     ever met who fishes the great lakes has always told me that \"(they'd) never\n     eat the fish in the lakes...it's just not healthy.\"\n     Detrimental to island forest habitats:  Clear cutting for a\n     house to go up; docks set up to tie off a motor boat that dumps toxins into\n     the water; chopping trees down for firewood because that's how they wanted to\n     heat their 'cabin/cottage'. The determination between who causes what\n     detriment to the growth of trees on islands, in my opinion, is up for grabs.\n     Detriment to other species: I think not. They live in colonies with other\n     birds such as night herons, great blue herons, gulls, etc. There is a safety\n     in numbers from natural predators...just not from human predators.\n     Detriment to aesthetics:  Driving along the highway near\n     Hamilton Harbour do we see the cormorants in the trees? Maybe. But do we\n     notice the industrial piles of waste, the 'capped' area of the harbour (due\n     to extreme pollution), and lets not forget the beautiful plumes of toxins\n     going up in the atmosphere.\n     The changes being listed require so many comments:\n     1- Designating them as game birds only gives humans the right to kill\n     them without any remorse or compunction to actually seek out a better solution if their populations need looking at - which they actually don't at this time.\n     2- Open Season - March 15 to December 31...starting into the migrating season, throughout, courting and nesting and birthing and rearing the young...onto the juveniles learning to fly and back   into the migratory season. The December 31st date would seem to me to keep\n     the hunters sated with being able to just shoot anything.\n     3- Small games hunting licenses valid June 6 - August 31. This would enable\n     bows and arrows, falconry birds, etc., under that classification, to be used\n     to kill off babes not able to fly and juveniles just learning.\n     4- This \"change\" is interesting as stated: \"Establish a LIMIT of 50\n     cormorants/day with NO possession Limit.\" So they are saying it's fine to\n     kill 50 birds a day but if you go over, and have more in your possession,\n     don't worry about it.\n     Do you realize that one person killing 50 birds per day will kill 1500 in 30\n     days of hunting. That means 100 people hunting 30 days over the course of 9\n     and 1/2 months, killing 50 birds per day = 150,000 birds. Remember it is Open\n     Season.\n     How long would it take for even 100 people - who are not given real\n     restrictions - to decimate a species entirely?\n     5- The use of shotguns on a colony...it doesn't matter that the shot is\n     'designated as safe to the environment'...think in terms of the resulting\n     deaths and wounding of these birds and any others in the vicinity. And will they be brought to any place for help? Not by the hunter that's for sure...doesn't matter whether he hits other birds or not...who is going to oversee this - there's not enough conservation officers now.\n     6- Hunting from a stationary motor boat: That brings all kinds of visions to\n     mind when I think of someone sitting in a boat with a\n     shotgun aiming at the cormorants in the trees and bushes while the cars zip\n     by on the bridge and the roads below. Don't tell me it would never happen!\n     But, I do wonder what the O.P.P. would think of that potential nightmare?\n     \"Provisions will also be added to \"exempt\" persons \"lawfully\" hunting (or\n     possessing) cormorant carcasses to be able to leave them to spoil but they\n     still have to retrieve them and dispose of the carcasses.\" This is Doubletalk.\n     \"The Ministry will implement a cormorant monitoring program to assess\n     population status and trends.\" We all know how good the Ministry is about\n     looking after wildlife. They hand out permits for people to widen roads or\n     build malls or condos or be able to drain wetlands for such things too. I\n     have copies of these. Those permits allow them to destroy, or kill, flora and\n     fauna on the endangered species list of Ontario and their habitats. So how\n     can they be trusted to stop the destruction of a species before it's gone too\n     far.\n     \"Purpose of the Policy - Proposing to list cormorants as game bird, create a\n     hunting season for population management.\"\n     There is no 'real' purpose to this bill other than the decimation of a\n     species of bird.\n     \"Regulatory impact statement: The anticipated environmental consequences of\n     the proposal are expected to be neutral.\"\n     \"The anticipated economical consequences of the proposal are expected to be\n     neutral but depend on levels of hunter participation.\"\n     In other words as long as no one kills the birds there wont be any changes.\n     But if the hunters get on board, then the impact will be the decimation and\n     possible extinction of a species from our areas.\n     These birds eat invasive fish, are useless for human consumption and when you take a species out you will upset the balance. This bill is strictly to allow the killing of a species.\n     There is so much - morally and sustainably - wrong with this bill that our\n     government is trying to implement.\n     The government needs to listen to biologists, rehabilitators and others in the know to learn from them and implement rules and regulations to make it so the human species can live with other species and not just think that eradicating them is always the answer.\nEducating the public, letting people know that the government is trying to learn too, will make for a better end to the story.\n     Do the right thing...stop this from going through.\nThank you.\n"
    },
    "13473": {
        "url": "/comment/13473",
        "comment": "In the past I would encourage people to volunteer as  I did to help the MNR and take time away from work and become active in stocking trout as it improved Ontario's fisheries and tourism and attracted young people to environmental consciousness.\nI have continued to volunteer but noticed in recent years that volunteers have decreased as we have begun to see ourselves as cormorant feeders. My efforts ( and the MNR 's ) no longer make the angling better but instead provide a  meal plan for an unnaturally  high population cormorants who would descend on even the small rivers immediately after stocking .\nIn Ontario I now see more cormorants on a fishing trip than fish so I now spend to travel outside Ontario for annual fishing trips to US states where cormorants are not allowed to overwhelm fisheries .\nSpotting a cormorant was once an interesting oddity associated with being on  one of the Great Lakes because herons , kingfishers, loons and osprey far outnumbered them . The reverse is now the case as these freshwater birds can't compete with saltwater cormorants and their ocean sized appetites. Now cormorants dominate from the Great Lakes to the Kawarthas to the smallest river.\nA balance must be restored. As a naturalist I wholeheartedly support a game bird designation and 50 / day limit on the cormorant in Ontario.\n"
    },
    "13475": {
        "url": "/comment/13475",
        "comment": "The introduction to this proposal states that Double Crested Cormorant (DCCO)  numbers are stable or slightly declining based on current information. In addition, the proposed rules for the \"hunt\" make it clear that what is intended is a cull by citizen hunters, thus the bag limit of 50/day and no requirement to retrieve dead or wounded birds or to make use of the meat. It tarnishes the reputation of the OMNRF to present this proposed cull as a \"hunt\".\nIn addition, this \"hunt\" puts other species of colonial nesting birds such as Black Crowned Night Herons, Ring Billed Gulls, Herring Gulls, Common Terns, Great Blue Herons, Caspian Terns, American Egrets and White Pelicans at risk because they nest near or within DCCO colonies and will have their breeding disturbed by the Cormorant \"hunt\" and some other species may become casualties of inaccurate marksmen.\nFurthermore, the role of DCCOs in keeping non-native fish such as the Round Goby in check does not appear to have been considered.\nI doubt that DCCOs are responsible for any significant damage to game and commercial fish populations when compared to other factors such as environmental contaminants and competition from non-native introduced species.\nI believe it to be very reckless policy to allow this \"hunt\" without studies to show harm caused by the current numbers of DCCO.  Plus, it is a reckless policy to allow hunting of DCCOs during the spring/summer breeding season.\nI urge OMNRF to rethink this reckless \"hunt\" proposal.\n"
    },
    "13476": {
        "url": "/comment/13476",
        "comment": "I agree that these birds have had the opportunity to over popluate and as such are ruining the enovomments inwhich they establish there flock. A hinting season for population control is a much needed answer to this problem however based on past mistakes regarding hunting as a tool for this purpose i feel that a shortened hunting season and a hunt limit much smaller then that proposed 50 per day (possibly 5-10) would be better served. This would allow for management without causing rapid declines in the popluation because dispite them being a pest they are a native bird and do serve a purpose in nature.\n"
    },
    "13483": {
        "url": "/comment/13483",
        "comment": "I oppose the proposal to allow hunting for Double Crested Cormorants. It is poorly thought out and wrong.\n1. The proposal background states: \"There continues to be concerns expressed by some groups (commercial fishing industry, property owners) and individuals that cormorants have been detrimental to fish populations, island forest habitats, other species and aesthetics.\"\na) In my view, merely expressing a concern is insufficient grounds for changing the regulations in such a fundamental way, or even bringing a desire to the level of a proposal by a government agency, and as a formal proposal in the Environmental Registry. Using concerns voiced by only a small segment of Ontario residents, or concerns voiced only by small and limited-number special interest groups sets a very bad precedent.\ni. I am an angler for trout, and I sometimes fish in lakes that are stocked at great expense, but I and fellow anglers are aware that Loons take a huge toll on freshly-stocked Brook Trout; should I and fellow anglers propose that there should be spring and summer hunting on Loons both to protect trout stocks, stop Loon impact on sport fish stocks that are exploited by myself and other anglers, provide more fish on more lakes for a longer period each year so that the fishing industry (makers and retailer of tackle, bait sales, etc) can sell more and contribute more to the economy, and provide a higher return in fish caught by anglers from the expensive hatchery and stocking program?\nii. It does seem that MNRF is supporting this proposal, if my interpretation of the wording is correct. But there does not seem to be any standard for what number of groups, or number of individuals, is sufficient for the MNRF to take the time to create this proposal. How many individuals are required to voice a concern about the aesthetics of a treeless island that was formerly treed- 1,000, 500, 50, or only 10? If a group of citizens, with evidence supported by a group of doctors, gets together in various Ontario cities and voices a concern that Pigeons are a health hazard to people, ruin statues and buildings with excrement, and are just generally unsightly, will the government float a similar EBR proposal to allow sport hunting in cities, over-riding municipal restrictions on discharge of firearms? I don't see any effective difference between cormorants and pigeons in this regard. Can my friends and I, and like-minded individuals across the province, propose a catch and kill at any time, by any means, without a limit or need to take them home to eat, everywhere on Lake Superior and its tributaries, on Rainbow Trout can legitimately be classed as an Invasive Species that effectively supplanted the native Brook Trout in Lake Superior since Rainbow were planted around 1900.\nb) There is no actual evidence of the level, if any, of cormorant impact on fish populations, islands, other species and aesthetics provided in this proposal. If such evidence exists, it should have been made available; not providing some actual facts to support this statement suggests that such evidence of harm is either totally lacking or so minimal as to not be significant. If the harm was significant, why is it not provided?\ni.  MNRF has whole network of biologists and fisheries managers who have been monitoring both fish stocks and commercial and sport fish catches and their impacts, all over the Great Lakes and inland waters for many years. Surely this proposal could have found some supporting evidence for the statement that cormorants are, or have been, or might be, detrimental to fish stocks. There is no supporting detail at all in this statement. What species of fish, and was the impact localized or general? If the impact was only on sculpins on Lake Superior, it doesn't seem that cormorant control is warranted. if the impact was very significant, on a prime sport or commercial species, there is no indication of it in the proposal. It may be that there has been a detrimental impact on Yellow Perch in shallow waters around some nesting islands, but if so that is not provided as part of the proposal rationale, giving us the opportunity to weight the proposal against perhaps the only real fisheries and economic detrimental impact.\nii. Cormorants are not randomly or evenly distributed across Ontario. They tend to concentrate where there are suitable nesting islands. This suggests that the detrimental impact of cormorants, if any, are localized rather than general across the province. But, the proposal neither provides any evidence of exactly where these impacts are located, nor why the proposed hunting season should be in effect across the whole of Ontario. If there are a few cormorants nesting on a tiny rock in the middle of some northern lake in the boreal forest, why would the open season need to apply to them? If on the other hand there are ten thousand cormorants nesting at one location on Lake Ontario, where perhaps an argument could be made that they must be having a detrimental impact on fish, why not restrict the hunting proposal to those specific locations? Modern GPS navigation devices allow very precise metes and bounds descriptions of areas where hunting might lawfully take place, so there is no need for an Ontario-wide hunt in this proposal.\niii. Detrimental to aesthetics? When did this become a cornerstone of fish and wildlife management in Ontario? This is a 'beauty in the eye of the beholder' issue. There is no detail provided on just what aesthetics are involved. Who gets to choose on such a subjective decision as aesthetics? If we start going off in this kind of non-game-management direction, why not accept proposals from motorists, and the economically-vital trucking industry, for a year-round season to control the ugly moose that cause human carnage and huge costs on Ontario's highways, year after year? A fatal moose accident involving multiple vehicles can close a northern highway for 8 or 12 hours to allow OPP accident reconstructionists to examine the scene, with a huge economic impact. Aesthetics- what about those pigeons crapping all over our beautiful statues? Snakes-many people are frightened to death of them, even the useful and harmless Garter Snake; why not have an open season on all snakes, as most people can't tell the difference between an endangered Rattlesnake and any other loathsome-appearing species.\niv. What other species are being impacted by cormorants. Are they other birds? If so, that would appear to have been the easiest area on which to provide some details; are cormorants taking the place of Common Terns or Caspian terns, or Great Blue Herons or Night Herons on nesting islands? Some of those are species of concern; if cormorants were displacing them why not provide such evidence? The lack of evidence to back up such a claim in the proposal suggests that no such evidence exists, or is very weak. Are the other species trees on some islands in the Great Lakes? For all we know, from the lack of specifics in the proposal, some Poplars that are extremely common all over the province were killed by cormorant nesting activity, but is this really a concern?\nv. There is no pro vs. con evidence or discussion. If the invasive species Roundnose Goby are displacing native species, but they live in the shallows around the islands where cormorants nest, is there not a benefit in having a high cormorant population to control the gobies? I don't know the answer to that, but was the question even on the radar when the proposal was written. In my view, the lack of information provided on this and the other parts of my answer alone, is sufficient to have this proposal withdrawn and if it is to be re-submitted, it must have good evidence to support it. At this juncture fish and wildlife management should be evidence-based, not concern-based.\n2. The proposal lists a number of changes that would be made to the F&W Conservation Act and regulations to permit the licenced hunt for cormorants.\na) But, there is no assessment of how this will affect law enforcement by MNRF, or how conservation officers will enforce the new regulations. Do Ontario officers have the tools (boats) to conduct enforcement in offshore areas where cormorants nest? Will budgets be increased to deal with this new hunt? Will man-hours and budget, already limited, be diverted from existing enforcement efforts to this new area of work? Given that this whole proposal smacks of a political gift to certain interest groups, will there even be a will to enforce and direction from managers to enforce this hunt?\nb) There is no assessment of how much genuine interest there will be in a lawful (following the new regulations) hunt. Surely a randomly-distributed questionnaire could have been sent to Ontario hunters; the MNRF have computerized records of all hunters in the province. I have held a resident hunting licence in Ontario for some fifty years; I did not receive a questionnaire nor was asked for my opinion on this.  The MNRF keeps records: just how many hunters expressed a specific interest in hunting cormorants? Was there even a \"straw vote\" among selected groups of hunters in some part of Ontario. If there are only a handful of hunters who plan to sit in a boat near nesting islands, these planned changes to the legislation do not seem warranted at all.\nc) Judging by the \"some groups (commercial fishing industry, property owners) and individuals\" listed in the proposal, these are not typical of people who hold small game hunting licences.\ni. What evidence is that these people, who are behind the proposed changes, will take the required hunter safety training and then take time from their commercial fishing business and summer barbeques, as the case may be, to sit in a boat near a nesting island with a shotgun and box of shells? The groups and individuals who are pushing for this must be well known, through this proposal, to MNRF; what level of participation has been expressed by them to take the training and buy the licences required, and how much actual time to they plan to spend in this hunt? As a hunter who talks to other hunters, I am not aware of any genuine interest by grouse hunters to spend time and effort on this hunt.\nii. Will this turn into a carte blanche allowing of commercial fishers without hunting licences to shoot cormorants from their fishing tugs? Is it a carte blanche for commercial fishers to go onto cormorant islands and destroy eggs and nestlings? Has this been considered in the law enforcement planning? Has there been any law enforcement planning or assessment on this?\nd) Will the proposed hunt be effective in producing the desired result, namely a reduction in cormorant numbers? I have been to cormorant islands on Lake Superior when they were nesting, for the purpose of counting Herring and Ringbill Gull nests and eggs; they often nest in the same places. When you come close with a small boat, all the cormorants lift off the island and fly around in wide circles around it. They don't come particularly close to the people. My recollections now are that, although I was not at the time contemplating a shotgun hunt, they did not come close enough to shoot. My belief, based on my experiences on those islands, is that a boat-based pair of hunters floating near a nesting island might not be very successful in bagging any cormorants. Has MNRF looked at this at all in Ontario or other jurisdictions around the world? Has MNRF done any \"test hunting\" to see if indeed this is a viable hunt form the hunter's point of view? Will a poor hunting experience, after one or two outings, result in word getting around among hunters that this is just a waste of time, resulting in the long run in a non-useful bunch of legislation on the books that might be difficult to get rid of?\n3. Generally, in Ontario we protect fish and game species when they are nesting or caring for their young. For instance, we have closed seasons on many species of fish during the spawning and nesting times, to ensure successful and sufficient recruitment of fish stocks.\ni. It is clear from the open season dates provided, that much of the hunt will take place when cormorants will be nesting on eggs, or feeding their nestlings, on the nesting islands. In fact, around the nesting islands at exactly those times would be the only time and place that cormorants can be effectively hunted. After the nestlings fledge, cormorants raft on open water. To suggest that a lone hunter will put out cormorant decoys on a beaver ponds, and sit there all day waiting, is ludicrous.\nii. There is still a lot opposition in Ontario to a spring bear hunt, because some cubs might be orphaned. But in the case of cormorants, the hunt specifically targets adults that are returning to their nesting islands to sit on their eggs or feed their young. On the face of it, this is inhumane. If a farmer leaves a chicken to die of starvation, he can be charged with a criminal offence. In the case of a \"very successful hunt\" around nesting islands, it is possible, even likely, that many orphaned nestlings will be left to starve to death. Has this issue been addressed by MNRF, or even thought of, when writing this proposal. It is possible that the level of adverse public reaction to the proposal will far outweigh any favourable public reaction by a small number of interest groups and individuals. Has MNRF run this proposal past any other agencies to determine if there is a \"humane hunting\" issue or conflict?\n4. The proposed changes would allow for hunters not to have to eat their cormorants. I suppose if they HAD to eat them, nobody would hunt for them. I wouldn't. I know a person who years ago was part of an expedition to collect bird specimens for the Royal Ontario Museum; because they were way up north with limited food they ate what they shot, and my friend said that Loons are just awful and fishy tasting. Cormorants must taste the same. But so do the mergansers, which are lawfully hunted ducks that eat fish. Will hunters who mistakenly kill a merganser instead of a Mallard be allowed to just chuck it in the bush because of the awful taste, using cormorants as a precedent? I have cooked Spruce Grouse that made the whole house smell of turpentine; will there be a change in regulations to permit them to be left in the bush because they don't taste good?\n5. This proposal, if implemented, would set bad precedent in so many ways.\na) If commercial interests (fishing) are the main driver of this proposal, when can we expect an open season on elk in Algoma, of whom many farmers have complained in Algoma for eating grass and hay intended for cattle. Similarly, Algoma farmers complain about Sandhill Cranes that congregate in immense flocks every autumn on local farms. Both farmers and farm groups, and hunters and hunting groups, might want a year-round open season on Elk and Cranes. If Wild Turkeys start destroying crops, can concerned groups of hunters and farmers propose an all-year hunt? In all these species, there is not even the 'waste of flesh suitable for food' issue at play.\nb) The proposal to leave the flesh of cormorants taken under a small game licence, to spoil, sets a bad precedent for future proposals from the public about the flesh of mergansers, Spruce Grouse, pike taken from muddy water, etc.\nc) It opens fish and game management and the regulations for proposals by small interest groups, when, as in this case, there is no larger need or desire by the public. Heartened by any success in this endeavour, small groups may start to demand their own changes to the legislation.\nd) This proposal is not evidence-based. If there is evidence of harm by cormorants, it has not been expressed. No change to the legislation affecting any Ontario fish or wildlife should be contemplated without good and sufficient evidence to back it up. This proposal could open the field to other evidence-lacking proposals.\nend\n"
    },
    "13485": {
        "url": "/comment/13485",
        "comment": "This topic is something that has caused great concern with many cottagers in the Kawartha Lakes area and beyond. Some of the smaller lakes have been overrun by these birds (300+ on our small lake alone). They have also decimated all vegetation on one of our small islands within 2 years of nesting there and it is now barren and covered in their excrement. They have now begun nesting on another small island that will likely suffer the same fate. Unless something is done to curb their population growth there will be serious environmental and fish population repercussions.\n"
    },
    "13486": {
        "url": "/comment/13486",
        "comment": "I totally support the hunting of cormorants in the Great Lakes Basin of Ontario for the following reasons.\nThey are currently unchecked and have devastated some of the beautiful islands and other areas in and around the Great Lakes due to their acidic excrement.  Boating or fishing downwind of these areas is repugnant because of the overwhelming stench.\nCormorant populations have greatly increased due, in large part, to the advent of the zebra mussel that has made the Great Lakes much clearer allowing the birds to easily see and catch game fish (bass, perch, walleye, etc.) at extended depths.  Noticeable reductions in game-fish specie populations have been the result, impacting sport and commercial fishing.\nThe economic result of all of this has been decidedly negative.  Sometimes it is necessary to do the balancing between species that is not being done by nature alone.\nOn behalf of those of us who use, sustain economic livelihood, and experience the environs of the Great Lakes and connecting waters, I urge the passage of this logical law.\n"
    }
}