{
    "14570": {
        "url": "/comment/14570",
        "comment": "Hello, I am against opening a hunting season on cormorants.  If there is a well-behaved colony of a dozen birds, there is no reason they should be hunted.   A larger, more destructive colony of 200 or more birds, well that is a special case and should be handled as a special case, perhaps by destroying their eggs and or just hunting them.   But opening a general hunting season on the birds and just letting the birds rot where they fall, I, as a cottager and nature lover, am against that.\n"
    },
    "14581": {
        "url": "/comment/14581",
        "comment": "This is an interesting proposal, and probably not many hunters will be interested because hunting isn't about killing, and these birds won't be palatable at all.\nTherefore, the folks interested will be those who are feeling a direct impact to their property or potentially their livelihood.\nMy issue is with the disposal - at a limit of 50 per day, somebody would load up a truck and do what with them?\nI think that you should consider, with the land owner's permission, that the felled birds can be left where they are (since you already have non toxic shot).\nOther participants in the ecosystem like foxes and coyotes will be more than happy to take care of retrieval and disposal.\nAnyway, good luck with the change!\n"
    },
    "14585": {
        "url": "/comment/14585",
        "comment": "As a hunter, I believe the suggested bag limit and season for the proposed cormorant hunt to be over generous, especially in combination with an amendment to our current game regulations modifying wanton waste laws to allow for the spoilage of the carcasses. I believe what hunters should classify as game, is meat in which we consume, allowing spoilage goes against just that.\nThe three of these things together constitute in my mind, and a lot of others, something similar to a cull, but where hunters will bear the most of the social and economics costs.\nIf the season was reduced to the fall, as with the rest of out game, I believe the bag limit would be appropriate. If the bag limit was reduced to something more comparable to geese, I believe the season would be appropriate, and maybe even the spoilage laws.\nIf the birds are of such nuisance, and inedibility, then why not use wildlife management professionals such as the MNR, to organize a cull for the birds in target areas where overabundance is an issue? The MNR estimates a hunting season will have a neutral effect on the birds after all.\n"
    },
    "14587": {
        "url": "/comment/14587",
        "comment": "I highly agree with this proposal. the Double-Crested Cormorant population is making a huge dent in our fisheries population. These birds need to be managed and that means putting a season on them because they are severely hurting our fish population here in Ontario. I would like the fish i fish for now and enjoy to eat and to catch and release to be there for my future kids. Fishing has been a big part of my life and these birds are ruining it. Also these feces from these birds are so toxic they kill anything living it basically lands on and that is bad for our trees because if the toxic feces infect the trees roots it could potentially kill the tree. Also as a hunter i would participate in this season.\n"
    },
    "14593": {
        "url": "/comment/14593",
        "comment": "This seems like a spectacularly stupid idea very cynically presented:\n- Cormorant reputedly tastes awful\n- Cormorants are about as much of a challenge to shoot as cardboard ducks in a shooting gallery\n- Cormorants do not eat game fish - they are too big\n- Cormorants swim/eat with many other birds.  Shooting cormorants will disturb all the other birds in the area, causing them to take flight and therefore requiring that all the other birds replace all those calories before continuing their migration, or increasing the mortality rate in migration\n- Cormorants nest in colonies with other birds. Shooting cormorants in these colonies will disturb nesting and increase the mortality rate of all the chicks of the other species\nAs for hunting season, if you proceed with this, at least have the decency of making hunting season the entire year. You do not get to claim that the cormorants are protected for part of the year when the part of the year exempted is that period when all the cormorants have migrated and there aren't any in Ontario.\n"
    },
    "14594": {
        "url": "/comment/14594",
        "comment": "I am not in favour of this proposal to hunt cormorants.\nCormorants are a native species that in the recent past came close to extinction. Their numbers are not that large, but because they congregate in colonies, they are conspicuous. They have been accused of depleting fish stocks. This is not supported by science. They actually provide a benefit to Ontario by consuming invasive species, which we want rid of, like gobies and alewives. Their colonies attract other water birds such as herons and egrets.\nThe plan to allow 50 killings per day/1500 per month/14250 per year, and to leave their bodies to rot where they lie is reminiscent of the buffalo killing of 100 years ago. I imagine that if the hunter wanted to kill 100 per day, there will be no one counting. Cormorants will be easy targets in their colonies, which will be rapidly wiped out, chasing out the other wildlife living among them. The Ontario government will briefly hear an outcry from the public when masses of rotting birds will be observed, which will be offensive, but then there will be no more complaints because there will be few if any cormorants. This is a plan to return cormorants to the endangered species list.\nThe real reason that fish stocks are down is not because of cormorants. It is because of the actions of people in the form of overfishing, pollution, habitat destruction, loss of spawning beds and shoreline destruction, and climate change. When the cormorants are gone, you still won't have fish numbers until to fix the real problem, which is caused by man.\nPlease do not pass this legislation. Protect our native species and what little is left of the environment.\n"
    },
    "14595": {
        "url": "/comment/14595",
        "comment": "I am very familiar with the cormorant problem in Ontario. Muskrat Island in Sturgeon Lake is very heavily populated by this bird in the summer months. Due to the small size of this island the large flock has completely devastated the vegetation with their excrement. I can only imagine the detrimental effects their foraging has on the fish population of this lake. While I am not a hunter and do not condone unwise management of birds and other wildlife, I would be strongly in favour of the province\u2019s proposed hunting regulations on the cormorants. I would hope that this process would assist in curbing this destruction of our environment by the overpopulation of this species of bird.\n"
    },
    "14597": {
        "url": "/comment/14597",
        "comment": "I am extremely concerned to learn about this brutal and unjustified proposal to kill cormorants. The impetus for this proposal resides in the ignorance of many people who unjustifiably blame this magnificent bird for an array of sins. The fact is that cormorants do not appreciably affect the livelihood of fishers, and while they may be seen as something of a nuisance by some because of their nesting habits, we must learn to live with the minor pecadillos of our fellow creatures. They have already come back from near extinction. Let us not let knee-jerk reactions direct public policy, especially where the consequences are of a life and death nature.\n"
    },
    "14600": {
        "url": "/comment/14600",
        "comment": "I am writing to please ask that this proposal to establish a hunting season for double-crested cormorants in Ontario to NOT go through.  I live in Toronto and use the Don Vally Trails and visit nature areas and strongly believe these animals do not bother anyone and people should NOT be allowed to hunt and KILL them for no reason other than the pleasure of using their guns to kill innocent creatures that have a right to live here.  Our hunting laws say that the hunter should not have an unfair advantage over the prey but the weapons hunters use give them an unfair advantage.  Please do NOT allow this proposal to go through to please one small group of hunters.\n"
    },
    "14603": {
        "url": "/comment/14603",
        "comment": "I am very much against the proposal to hunt the cormorants. Besides being cruel to the birds, I am worried that all those carcasses left behind will bring disease into the hunting areas. Also, I worry that the hunters will kill loons, which look very similar. Cormorants do not eat game fish or the fish they prey on .\n"
    },
    "14605": {
        "url": "/comment/14605",
        "comment": "Evidence suggests there is not an overabundance of double crested cormorants in Ontario by historical standards.\nhttp://www.bioone.org/doi/full/10.1675/1524-4695%282006%2929%5B9%3AHPOT\u2026\nIf the real concern is a lack of fish population in Ontario lakes for commercial and sport fishing, there are other causes which should likely be examined and corrected before starting a cull of cormorants.\n1) impact of industrial agriculture on the lakes, particularly as they increase phosphorus and nitrogen levels in the water (deleterious to many fish species), creating algal blooms, reducing other aquatic weeds beneficial to fish as light in the water and oxygen are reduced, and methane is produced in the water when the algal blooms sink and decompose.\n2) impact of plastic and other pollution in Ontario lakes\n3) impact of climate change on Ontario lakes as average water temperatures rise, and heavier rainfalls change temperature more dramatically at lake inflow areas\n4) impact of invasive species on commercial and sport fishing populations\n5) impact of hydrocarbon pollution on the lakes and species in it\nHaving done some research on the above subjects, I know these are affecting water quality and environmental conditions, which in turn affect the aquatic plants and fish living in the lakes.\nBefore declaring open season on cormorants, let's try fixing these and other things which are likely doing much more damage to Ontario wild fish populations than the cormorants.\nFinally, having encountered hunters on my rural properties and the damage they have done on those properties over the years, the idea of letting them loose on waterways from spring to fall with guns and ammo likely means I will reduce my boating time dramatically.\n"
    },
    "14608": {
        "url": "/comment/14608",
        "comment": "I am opposed to the proposed legislation that would allow the hunting of double crested cormorants. The birds have recovered from very low numbers and are reesgabloshing themselves in their historical range. The problem is not the birds, it's the humans who are unwilling to share the space woth other creatures. No hunting of the double crested cormorant. Thank you.\n"
    },
    "14609": {
        "url": "/comment/14609",
        "comment": "This proposal seems incredibly ecological irresponsible and inhumane.  Showing little regard for sustainable hunting practices or the wellbeing of native born animals on the brink of endangerment and extinction demonstrates a fundamental lack of coherence from this proposal, and a strong desire to appeal to the most incompetent and loud in our society as opposed to the most rational.  I hope the government chooses not to harm these beautiful birds.\n"
    },
    "14612": {
        "url": "/comment/14612",
        "comment": "This is nonsense. They eat fish we don't eat.\nWho wants hunters shooting at will around the lake and river? What about the herons, egrets, eagles, cranes, seagulls habitat\nThis will be devasting for tourism and existing bird life.\nIf fisherman don't have enough fish, it is certainly not because of birds!\n"
    }
}