{
    "15729": {
        "url": "/comment/15729",
        "comment": "I think it is a terrible idea to introduce a hunting season for cormorants in Ontario.  If anything, their increased numbers indicate that the fish population is healthier.  It would be one thing if the birds were actually being eaten but to have such a ludicrous limit (up to 50 birds per day) is wasteful in the extreme.\nThe long hunting season proposed is also problematic.  It overlaps with BOTH spring and fall migrations and puts people and migrating birds at risk.\nPlease reconsider this and do not introduce this measure.  It seems very ill-advised and not scientifically or economically sound.\n"
    },
    "15730": {
        "url": "/comment/15730",
        "comment": "Bag limit  \"no\"\nSeason timing and length \"no\"\nDisposal of carcasses \"retrieve and remove\"\nAre additional management efforts required?  \"Oil Eggs and remove nests\"\nWe stock  200000 brown trout a year in lake huron only to watch the comrads  come and eat all the small fry for week  the water is so clear the fish dont stand a chance  these birds are so harmful  for the water and our sport fishing  that brings economic  and money the west shore of  Ontario  at  port Elgin Ontario  .\n"
    },
    "15732": {
        "url": "/comment/15732",
        "comment": "I do not agree with the proposal for a hunting season on D-C Cormorants.  The culling proposed is not based on sound scientific evidence.  Furthermore, the proposed hunting activities create a new risk to public safety and also the risk of hunters exceeding the quota and eliminating cormorant populations in many areas.\n"
    },
    "15734": {
        "url": "/comment/15734",
        "comment": "I am appalled by this proposal and strongly oppose it. The proposal has serious flaws that would be detrimental to the ecosystem and would undermine responsible conservation practices. Neither the proposal not the conjecture of its proponents is supported by any scientific evidence.\nThe proposed hunting season is March 15 to December 31 \u2013 most of the year. This includes nesting season of both cormorants, and birds like gulls and herons, that often nest with them. This includes spring and fall migration and the entire summer \u2013 when almost all peaceful recreational activities around wetlands and waterways take place, including birding.\nThe birds are inedible, yet would be simultaneously classified as game and allowed to spoil. A single hunter would be able to shoot 50 birds per day, which equates to 14,600 birds over the entire 292-day hunting season. Anyone with a hunting licence could participate \u2013 there are no limits, which is simply not sustainable.\nThis isn\u2019t a sustainable hunt for game meat; this is a legalized extermination of an ecologically important native species.\n"
    },
    "15737": {
        "url": "/comment/15737",
        "comment": "Cormorants are a native bird species and serve a natural, beneficial, ecological function. They are not overabundant and, because they are largely concentrated in just a few areas, are extremely vulnerable. The number of cormorants, who have returned to Ontario after nearly being wiped out on two previous occasions, are modest, have now stabilized and, in some areas, are dropping. The government\u2019s ill-conceived plan takes Ontario back to the 18th and 19th century when many kinds of wildlife were persecuted and earmarked for extermination.\n"
    },
    "15738": {
        "url": "/comment/15738",
        "comment": "The hunting season for cormorants from March to December is unacceptable. It will allow hunters to kill too many cormorants.\nAlso it will occur during the spring, summer and fall season when non-hunters are out enjoying\nnature.  It could be a danger to innocent people  when hinters with guns are mixed with non- hunters.\n"
    },
    "15739": {
        "url": "/comment/15739",
        "comment": "I am in total agreeable with the proposal to establish a hunting season for the double breasted cormorants in Ontario.\nI am an avid angler and have been disgusted with the shoreline damage that has been done by these birds.\nI have also had to remove the hook more than once from them diving for bait.\nI am not wanting them to be totally destroyed.  My opinion is there is a need to manage the numbers.\nMy only concern is that those hunting them will be responsible in the way they dispose of the remains.  I also do not want to be reeling in dead carcasses.\n"
    },
    "15740": {
        "url": "/comment/15740",
        "comment": "Right Honourable Ontario Minister of the Environment:\nI oppose the proposal because it has serious flaws that would be detrimental to the ecosystem and would undermine responsible conservation practices. Neither the proposal not the conjecture of its proponents is supported by any scientific evidence.\nRespectfully,\nAn Ontarian citizen\n"
    },
    "15744": {
        "url": "/comment/15744",
        "comment": "I think the proposal to establish a hunting season for Cormorants is a dangerous idea that is not based on scientific research.  Shooting birds in breeding colonies while they nest with other species will be so terribly destructive for all the birds in that colony, as young birds will be left alone to die of starvation, while all species will suffer tremendous stress.  If control of Cormorants is deemed necessary, methods based on science should be utilized rather than allowing hunters to manage the population.   It would also be so dangerous for people using waterways during the peak season.   Please do not allow this to happen.\n"
    },
    "15746": {
        "url": "/comment/15746",
        "comment": "I think this is the best idea we have to look after this problem. I have worked on Lake Joseph for 47 years and have not seen anything as bad as these birds for the destruction of some of the Islands and to other proportys. I do hope this goes through and that we can get a hold of this problem before they destory everything.\n"
    },
    "15750": {
        "url": "/comment/15750",
        "comment": "The Double-crested Cormorant is a symbol of success in cleaning up the Great Lakes. While I understand that some may view cormorants as ugly, offensive and responsible for damage to trees, there seems to be no sound reason to permit a hunt.\nCertain terms of the proposal are obscene, i.e\n1) To permit a 'hunt\"  during nest season.  Does  government not  understand that orphaned young will inevitably die of starvation? Or is that the strategy.\n2) Setting a daily limit of 50 is purely cynical proposal. What is inferred is that a 'kill up to 50 a day and come back to morrow for another 50.\" Not \"hunting' it's slaughter.\n"
    }
}