{
    "16390": {
        "url": "/comment/16390",
        "comment": "Re: The proposal to designate double-crested cormorants as a \u201cgame\u201d species:\nThis proposal seems to be too all encompassing, not based on scientific or statistical information, and too destructive of a species, which can have harmful consequences for other species and the environment, simply based on unfounded political or selfish personal whims.\n"
    },
    "16393": {
        "url": "/comment/16393",
        "comment": "Stop killing, please stop. Any time there is a perceived problem, why is the first reponse to kill? Then we wonder why people kill other people. We have made killing acceptable.\nWe are losing compassion and understanding for life and look for ways to detatch ourselves. Young children play shooting live action video games, dessensitizing them towards life.  All things interact together to perform magic which is our planet. The more we kill the more damage we are doing.\nThere will be no economy without an ecology. Other countries are starting to recognize this. Shouldn't we evolve too? Protect life, Value life. More importantly, teach our children compassion, not killing. Shouldn't we be making positive changes and letting the environment work with us instead of viewing it as some kind of enemy?\n"
    },
    "16394": {
        "url": "/comment/16394",
        "comment": "I am against your proposal to list the double-crested cormorant as a game bird and against creating a hunting season in Ontario for them.\nThis will have horrendous consequences to wildlife and natural ecosystems in Ontario. But especially to cormorants as your proposal allows for an uncontrolled slaughter of them.\nThis proposal is in response to unscientific fews and personal opinions by a small few.\nI would rather the government use science and facts when making proposals.\nThis could wipe out our population of cormorants. There is no evidence cormorants harm fish populations. They are not overly abundant.\nI'm astonished this was even proposed. Plus a hunting limit of 50 cormorants a day is beyond devastating for these native birds.\n"
    },
    "16395": {
        "url": "/comment/16395",
        "comment": "As a hunter and fisherman in Ontario for may years I do agree to a cull of would be a good thing as there number have reached an astounding number. Just last fall on the bay in front of my house there were flocks of hundreds if not into the thousands.\nThe bag limit seems to be be high at 50 birds per day.\nThe season is a little long I would think that a two part season would be more appropriate as is spring and fall the seem to gather in flocks prior to migration and returning in spring. this would also ease my concern with greater boat traffic on the water as the temperature rise.\nI do agree that carcasses of culled birds must be disposed of correctly however i am not sure what an acceptable means would be other than burying the carcasses.\nOther means of control do not appear to have worked but these methods of control should be continued along with a cull to restore Cormorant numbers to an acceptable level.\n"
    },
    "16396": {
        "url": "/comment/16396",
        "comment": "I've just read about your Government plans to kill off the double-breasted cormorant. You are giving permission to anyone to kill a disgusting amount of innocent creatures yet again. They're depleting fish stocks? Causing environmental damage?  Maybe take a look at human beings and their selfishness and greediness.  I'm embarrassed to be a Canadian.\n"
    },
    "16399": {
        "url": "/comment/16399",
        "comment": "Hello,\nI am opposed to the proposed cull of cormorants in Ontario. Purposely killing these birds reminds me of how the settlers shot buffalo and passenger pigeons, and considering that 50 percent of the bird biomass has been lost in the last 50 years, it is heartbreaking to think of these birds being deliberately killed.\nPlease do not approve this legislation.\n"
    },
    "16400": {
        "url": "/comment/16400",
        "comment": "I am horrified and appalled that the Ontario government is actually considering this draconian, cruel and environmentally dangerous assault on our wildlife. This is nothing but wholesale, uncontrolled, impossible to monitor, slaughter of cormorants \u2014 for fun, or more likely because fishermen seem to think the birds are threatening their hobby. This proposal is not based on science or facts. It is emotional and political and could result in wiping out cormorants in most of the province.\nI recommend the whole proposal be scrapped, and this time, address any remaining concerns humanely and from the prospective of our ecosystem and all its inhabitants, not just bloodthirsty and enraged hunters. Thank you.\n"
    },
    "16401": {
        "url": "/comment/16401",
        "comment": "Making these birds \"game\" birds is hardly a game for the birds.\nLet the idiots with guns shoot at targets, don't let them target wildlife in any form.\nIf they really must shoot to kill, send them off to war.\nAt least they will be facing someone or something that can defend itself.\nThe sky is almost empty now, please don't completely empty it.\n"
    },
    "16402": {
        "url": "/comment/16402",
        "comment": "I\u2019m surprised this even needs to be discussed. Look at the shoreline along any major body of water at the destruction these birds do to the trees they roost in. That, in conjunction with the massive population increase I have seen on Lake Ontario, makes me wonder why it took this long for the ministry to finally do something. Not only should a hunting season be allowed, there should be a program in place to oil the eggs, to get the population under control as soon as possible.\nThanks,\nAn angler and outdoorsman\n"
    },
    "16404": {
        "url": "/comment/16404",
        "comment": "this proposal is disgusting and a completely shameful for the government of Ontario to even be considering this.  there is no scientific evidence to back the slaughter of double crested cormorants.  pls do not pass this bill.  shame on Doug Ford.  thanks for trying to destroy another species and our natural resources.\n"
    },
    "16405": {
        "url": "/comment/16405",
        "comment": "Minister Yakabuski,\nI oppose the proposal to change the Double-Crested Cormorant to a game bird. It's plainly wrong.\nHunters and fishermen have enough game to hunt and fish without slaughtering this bird. The cormorants feed on fish that are a problem to the eco system such as alewife and round gobies. Fish which humans do not eat.\nHunting from March to December and allowing 50/day will wipe them out. Just like the passenger pigeon. Between 1950 and 1970 these birds were nearly wiped out. The government says the cormorant population has exploded but the biologists say it has not.\nAlso the hunting will occur during breeding season.Chicks will starve to death. Does the government intend for this to happen? How will the 50/day be monitored if the chicks die? What happens if the hunter can't distinguish between a Cormorant and a Blue Heron or a Black Crown Heron. This means other birds besides the Cormorant will be slaughtered.Possibly leading to a decrease in their numbers.\n"
    },
    "16406": {
        "url": "/comment/16406",
        "comment": "In relation to killing birds to manage their numbers; I feel that perhaps the Government of Ontario and more broadly, Canadian government need to look into the cause of rising and falling numbers of wildlife and address the underlying issues. In addition, who is to say that an increased population of birds is a bad thing; whom is this a bad thing for? Perhaps address the issue of why is it bad for some people, corporations, companies or other government businesses. Personally, I do not see that an increased number of wildlife is a bad thing that needs to be controlled.\n"
    },
    "16407": {
        "url": "/comment/16407",
        "comment": "I have reviewed the proposal to establish a hunting season for double-crested cormorants in Ontario and do not support it for the following reasons.\n1.\tMy main concern is the complete lack of science provided in this proposal. In fact, the only suggestion of science states that the population may have stabilized or has declined. There is no summary showing cormorant population trends, diets, impacts to fisheries or if the proposed control approach has been used elsewhere and whether or not it was effective. Without fully understanding the issue and providing background rationale why this is an acceptable approach, I cannot support the proposal.\n2.\tThe proposed hunting season coincides with popular cottage and camping seasons. I am concerned that hunters will be shooting cormorants and may endanger the safety of other users.\n3.\tAs there appears to be no regulations against shooting birds while nesting or a restriction on the proposed season, I am concerned that hunters will (a) shoot nesting cormorants, (b) shoot other colonial nesting birds such as herons or terns and (c) enter colonies to collect and retrieve dead cormorants, possibly disturbing other nesting birds.\n4.\tThere is no requirement for hunters to report the number of cormorants that they shoot.\n5.\tThe proposed monitoring does not include fisheries assessments to directly link increases in fish populations to reductions in cormorant populations.\n6.\tThe discharge of firearms is not allowed in some areas with large cormorant colonies (e.g. Hamilton and Toronto) and as such, there won\u2019t be any control of these populations and there are no proposed alternatives for these locations.\n7.\tThis proposed hunt is a thinly disguised cull to be conducted by the general public. A better approach would be to fully fund the Ministry of Natural Resources and Forestry to implement the cull under it\u2019s direction.\n"
    },
    "16410": {
        "url": "/comment/16410",
        "comment": "Re: EBR 013-4124:\nProposal to establish a hunting season for Double-crested Cormorants in Ontario\nSubmitted Jan. 2, 2019\nhttps://ero.ontario.ca/notice/013-4124\nTo whom it may concern:\nI am a retired journalist and amateur naturalist with a strong interest in the environment, in nature and the welfare of our native species.  I am a former employee of the Ontario Dept. of Lands and Forests and the Ontario Ministry of Natural Resources.  My post-graduate research in Ontario fisheries was funded in part by the Ontario Federation of Anglers and Hunters.  I am an occasional fisher but I have never hunted.  I am a keen boater on Lake Ontario and more than familiar with the Double-crested Cormorant with all its pros and cons.  Apart from the above statements, I have no vested interest in the welfare of the Cormorant nor in angling or hunting.  I consider myself to be keen and knowledgeable about our native species, but I do not claim to be an expert.\nThat said, I have to say that I am dismayed, even shocked, that the Government of Ontario would even consider the aforesaid legislation.  The proposed \u2018hunt\u2019 amounts to no more than a massacre of a bird species in a vain attempt to placate a small number of vociferous anglers and hunters.  The proposed cull has no basis in science or logic.  Such a massacre reminds me of the extermination of Passenger Pigeons in the early years of the 20th century and the near extermination of Bison on the Canadian prairies in the late 19th century.  Such a kill can only rebound against the Government of Ontario and cost it votes in the next election.  There are, after all, far more naturalists, birdwatchers and animal lovers in this province than there are anglers and hunters.\nThe proposed Cormorant hunt also poses a significant public health hazard.  Can you imagine the public outcry should a naturalist, a birdwatcher, a hiker or, dare I say, a child were shot by a careless hunter determined to reach his daily limit of 50 Cormorants a day?  Hunters say this is unlikely to happen.  But I can assure you that I have twice heard shot whizzing past my ears when trigger-happy hunters mistook me for a duck hiding in the bushes of cottage country!  It will be only a matter of time before a child is killed by a sloppy hunter firing into the bushes to kill a few more Cormorants.\n\tI sail a boat in and around Toronto harbour.  How long will it be before a hunter \u2013 focused on hitting a Cormorant -- blasts a hole in my sail with his shotgun?  How long before he blasts a hole in my wife or me?\nI also worry about the other species that co-exist happily with Cormorants.  Great Egrets, Great Blue Herons, Black-crowned Night Herons, Terns and Common Loons.  How many Loons will be shot by hunters who can say only:  \u201cOops.  I goofed.  I killed the wrong bird\u201d?\nLet me deal with a few numbers.  The proposed legislation would permit the hunting of up to 50 cormorants a day for 9.5 months a year.  That amounts to 14,250 cormorants per hunter per year every year.  This can only be described as a mindless slaughter.  One hunter could wipe out every cormorant in Toronto in less than a year.\nHunters argue that few, if any, hunters will strive for their daily limit.  Okay.  Let us assume that hunters will take it easy and kill just 10 Cormorants a day before getting tired and packing up.  Even so, it would take just five (5) hunters to wipe out every Cormorant in Toronto in less than a year.\nCormorant hunting is not even a sport.  It is target practice.  These birds stand on logs and docks airing themselves in the wind, just waiting to be shot.  Under one bizarre proposal, dead birds will be left rotting in the swamps, available to every rat, every vulture and every carrion feeder that happens by.\nThere is no benefit to shooting Cormorants.  It has been shown repeatedly that Cormorants, if disturbed, will just move to a new island, one mile or 20 miles away and establish a new colony and kill more trees.  It is far better to leave the Cormorants where they are, in highly defined locations where they have done all the damage they will ever do.  It is far better to leave them alone.  Let nature take it course.\nYes, it is true that Cormorants poop, just like you and me and every other animal on this planet.  And, yes, Cormorant poop does damage trees.  But, Cormorants live in small, tightly delineated colonies in specific locations.  Yes, they have killed a large number of trees on the Leslie Street Spit in Toronto harbour.  But they have disturbed only one small part of the Spit.  They have not relocated to other islands in Toronto harbour or nearby woodlands.  Moreover, the area they have taken over is hardly a beauty spot.  It resembles a construction site, full of chunks of concrete and rebar.  Why not leave them there?  Their numbers are apparently declining, naturally.  They have done all the damage they will ever do.\nYes, Cormorants smell.  But again, Cormorants prefer to live in small, isolated areas away from people and noise.  The smell they make is limited to a small area and a specific wind direction.  If hunters are allowed to shoot them, they will simply move to other islands and create more smells elsewhere.  Leave them be!  They have done all the harm they will ever do.\nOf course, Cormorants eat fish.  So do we.  But they do not eat sport fish, the Trout and Salmon and Walleye that anglers prefer.  Cormorants eat the \u2018garbage fish\u2019 that anglers do not want or like.  They eat Round Gobies and Alewives and young Carp, invasive species that are a nuisance to anglers.  Anglers should thank the Cormorants for keeping these \u2018pest fish\u2019 under some sort of control.\nIn conclusion, I simply do not understand why the Government of Ontario should be party to what can only be described as a senseless, gratuitous and irresponsible slaughter of an indigenous Canadian bird solely to placate a small but vociferous group of anglers and hunters who apparently have a hate-on for this species.  The legislation can only hurt the Government of Ontario in the long run.  Can you imagine the headline in The Toronto Star or The Globe & Mail the day after an innocent hiker, bird-watcher or, dare I say it, a child is shot to death by a sloppy Cormorant hunter?\nThe Doug Ford government will be compared with the people who encouraged the extermination of the Passenger Pigeon and the near extermination of the Prairie Bison.  There is nothing of interest for the Doug Ford government in the proposed legislation, nothing except the votes of a narrow group of hunters and fishermen, a group that is clearly outnumbered by the naturalists, bird-watchers, hikers and animal-lovers of this province.  Cease and desist, please, Mr. Ford.  You have nothing to gain from this legislation, but you have a great deal to lose.\nLiterature Cited:\nGail Fraser, Associate Professor, York University, and expert on Cormorants\nProposed cormorant hunt Dec. 4, 2018\nSubmission to EBR 013-4124:\nhttp://gsfraser.blog.yorku.ca/research/conservation/proposed-cormorant-\u2026\nEdward Kroc, Assistant Professor, UBC\nOn proposed hunting of the Double-crested Cormorant (Phalacrocorax auritus) in Ontario; a scientifically baseless and environmentally naive proposition Dec. 17, 2018\nSubmission to EBR 013-4124:\nhttps://ekroc.weebly.com/uploads/2/1/6/3/21633182/dcc_on_dec2018.pdf\nOntario Nature\nSubmission to EBR 013-4124:\nAnne Bell, Director of Conservation and Education\nDec. 28, 2018\nanneb@ontarionature.org\nBird Studies Canada\nSubmission to EBR 013-4124:\nDecember 2018\nhttps://www.birdscanada.org/news/response-to-proposed-hunting-season-fo\u2026\nOntario Field Ornithologists (OFO)\nSubmission to EBR 013-4124:\nDecember 2018\nhttp://ofo.ca/ofo-docs/OFOCormorantProposalResponse.pdf\nOntario Federation of Anglers and Hunters\n\u25aa OFAH website: https://www.ofah.org/issues/cormorants/\n\u25aa Letter to Manitoulin Expositor Dec. 14, 2018 by Mark Ryckman, Manager of Policy, OFAH: https://www.manitoulin.ca/letters-a-rebuttal-to-the-december-7-letter-s\u2026\nLetter to Peterborough Examiner\nby Drew Monkman and Tim Dyson Dec. 14, 2018\nCormorant cull a sign of PC attitudes towards nature\nhttps://www.thepeterboroughexaminer.com/opinion-story/9085919-peterboro\u2026\n-30-\n"
    }
}