{
    "15623": {
        "url": "/comment/15623",
        "comment": "Please do not allow this to happen. Mother nature takes care of everything on a cyclical basis and we know this to be true.  We do not need interference from humans and I believe this to be about the over abundance of fishing people complaining that the birds are taking their fish.  We are already inundated every morning on Big Rideau Lake with people fishing under our bedroom windows at 5AM without caring about cottagers rights.  They waste the fish and we constantly see the poor dead ones that were caught and tossed.  We have been on this lake for years and have no issues with these birds.  What we\ndo have issue with is folks with guns shooting now perhaps also at 5AM.  Not what I would call a peaceful environment.  I pray that no one is killed by a stray bullet.  It will be on you should this terrible decision be made to cull the birds.  Let's learn from past mistakes and let nature be.\n"
    },
    "15625": {
        "url": "/comment/15625",
        "comment": "I just want to express how valuable a hunting season for cormorants would be to the islands and lands in the Kingston area. They\u2019ve completely destroyed multiple islands on the st Lawrence river and Lake Ontario and north of the city with no ability to prevent further damage. Please make this a priority for spring of 2019 so conservation can begin. Thank you.\n"
    },
    "15626": {
        "url": "/comment/15626",
        "comment": "I fully support the plan to establish a hunting season for cormorants. They are an over abundant species that is damaging our fisheries and the habitat they nest and live in.  This action should have been established years ago as much destruction has already taken place in Ontario .  Please move forward with the plan.\n"
    },
    "15631": {
        "url": "/comment/15631",
        "comment": "Cormorants are eating the invasive species that are destroying our  Great lakes. They eat only 2% of our sportfish. Commercial overfishing is responsible for the decimation of our fish stocks. Allowing a hunt on Cormorants will actually allow invasive fish species to further thrive. They will be hunted only as a target. Not for realistic human consumption. Passenger pigeons once reach levels in the millions and hunting exterminated the entire specie from the planet. Be responsible and turn down such this proposition.\n"
    },
    "15634": {
        "url": "/comment/15634",
        "comment": "I strongly oppose the proposal to establish a hunting season for the double-crested cormorant. There is no scientific justification for this hunt. This wild native species has rebounded from historic lows in the 1970s and populations have been stable or declining since the 2000s.\n"
    },
    "15635": {
        "url": "/comment/15635",
        "comment": "The proposal to open a hunting season on Double-crested Cormorants is bizarre and should not occur.  There is no scientific evidence to support such a hunt.  In addition, this is not a sporting proposition and there is no requirement to use the birds that are shot. A daily limit of 50 birds is an indication that this is designed to be a cull, not a sporting proposition.  It should be required that each cormorant shot should be eaten by the shooter.  I am adamantly opposed to this crazy proposal.\n"
    },
    "15636": {
        "url": "/comment/15636",
        "comment": "I strongly oppose the proposal to establish a hunting season for the double-crested cormorant. There is no scientific justification for this hunt.\nCormorants are not competing with commercial fishers as they feed primarily on small, largely non-commercial, shallow-water fish. Only a small percentage of their diet consists of \u201csport fish.\u201d\nConcerned property owners already have recourse, under the Fish and Wildlife Conservation Act, to harass, capture or kill cormorants if they\u2019re causing property damage.\nThe extreme bag limit allowing an individual to kill 50 birds a day for nine-and-a-half months of the year, including the breeding season, is without precedent and could cause significant harm to this and other native wildlife species.\n"
    },
    "15638": {
        "url": "/comment/15638",
        "comment": "When I was first informed of your proposal, I thought it was a joke.  I simply couldn't believe anyone would come up with such a proposal.\nI am strongly against the proposal for the following reasons:\n1. Cormorants are not game birds and I can't imagine many, if anyone, would want to eat them.\n2. A limit of 50 a day is unenforceable if the carcasses are left to rot.\n3. Real hunters would not want to shoot anything they cannot eat and leave the carcasses to rot.  So who is left to shoot these birds? Only those who get a thrill out of shooting.\n4. Hunting should never be permitted during breeding season as proposed.  It is inhumane.\n5. There is no scientific evidence to support that cormorants are destroying the fishing industry nor that the cormorant population is out of control.  It is a population that has stabilized itself.  Nature has a way of doing that without human interference.  However, if you feel and can show that it is a population that is causing harm,then there are better ways of controlling that population.  Egg-oiling is one way.\n6. Shooting during the summer months when the lakes are crowded with people enjoying recreational activities just puts the public at risk. It will not be long before someone gets shot and if you think there is a public outcry now, just wait until then.\n7. Other species, protected species, nest in the same area as cormorants.  As protected species, they cannot be harmed and yet there is a danger they will be, and if not actually killed, shooting will disrupt their nesting ability.\nPlease seriously consider abandoning what can only be classified as a ridiculous proposal.\n"
    },
    "15639": {
        "url": "/comment/15639",
        "comment": "Totally disagree with this hunt.!!!! Blaming this bird on decline of fish is absolutely ridiculous. . Might want to look at how this elected government allows buildings on wetland ,farm land,along shore lines ,Fruitland and even in my backyard. .Where would you like me and animals eat drink and breath air live..Last time I checked I can't eat ,breath,drink the almighty dollar.\n"
    },
    "15642": {
        "url": "/comment/15642",
        "comment": "This cannot be allowed.  Fifty birds per person and during the breeding season.  Cormorants nest is places that other birds such as black-crowned night herons, great egrets,  terns and gulls nest on.  The disruption of these other species during nesting season would be catastrophic.   There is no scientific evidence that cormorants are causing a decline in the fishing industry.  Governments in North America have completely gone insane - ignoring science to placate a few and are only concerned about money - not about the environment or the long-term health of our planet.  They don't seem to care that this is the planet that their children and grandchildren will have to live on.   This is just another example of the Government kowtowing to the few and forsaking the many for profit.\n"
    },
    "15643": {
        "url": "/comment/15643",
        "comment": "The Cormorant is a native bird. It was practically wiped out by the use of pesticides in the 50s and 60s. It has been scientifically proven that it is not reducing game fish stock. Yes breeding grounds have a negative impact on trees but this is not reason to destroy the population. Cormorants were here before us and deserve our protection not destruction.\n"
    },
    "15644": {
        "url": "/comment/15644",
        "comment": "I'm someone who watches birds and also likes to fish.  I'm not opposed to a DC Cormorant hunting proposal on principal or in general, but I truly can't believe how poorly justified or thought out this proposal seems to be.  The only justification I can find in this proposal is that:\n\"There continues to be concerns expressed by some groups (commercial fishing industry, property owners) and individuals that cormorants have been detrimental to fish populations, island forest habitats, other species and aesthetics.\"\nIs this it?  And if so, so what??  Concerns aren't science, and concerns shouldn't be acted upon without a good understanding of the consequences.  Furthermore, as a government agency, a proposal shouldn't be put out to the public for comment without outlining your understandings of the issue, the science, and with a thorough explanation of why your decision was made.  Where's the science that says DC Cormorants are truly a problem to fish, to forest habitat?  Where's the science that shows this hunting proposal will help fix it, and that it won't have other consequences (for example, impacts to other colonial nesting birds or a bunch of rotting dead Cormorant carcuses laying around or hanging in trees)?  Better yet, where's the counter-information, i.e., why not include information on the concerns expressed by (what I assume) are the many groups opposed to this proposal so that the public can be informed before they decide on the merits and provide comments on your proposal?\nWithout any of this info provided I am completely  opposed to this proposal.\n"
    },
    "15645": {
        "url": "/comment/15645",
        "comment": "I would like to express my deep concern about the proposal to establish a hunting season for double-crested cormorants in Ontario.  I am specifically concerned about:\n1.  The safety danger the hunters will pose to families pursuing recreational pursuits such as walking to enjoy natural areas near water bodies and boating or fishing on our waterways.\n2.  The impact on other wildlife species.  All species exist in an inter-related ecosystem and there may well be serious and long-term side effects that will be a surprise to those proposing the hunting.  As a bird watcher I am particularly concerned about the collateral damage to other bird species that nest with cormorant colonies such as gulls, terns, herons, egrets and pelicans.  There is also the risk that uneducated hunters will confuse other species such as loons in the water with cormorants and kill them too.\n3.  I am concerned that many dead carcasses will be left in place to rot or will be collected and then dumped in natural areas or weighted down to sink into lakes.  These will attract and increase the numbers of vermin, insects, and scavengers with unknown effects.  There is also the risk of increasing the spread of diseases to other wildlife and to humans who are out enjoying nature.  The stench of rotting meat will probably be much worse that the guano smell that some complain about now.\nWhile I am not opposed to hunting for sustenance purposes, I am opposed to this specific proposal to amend the hunting regulations.\nI urge you to base any proposed regulations on science not just on concerns from some members of the public.  Where studies show that a reduction in cormorant numbers is warranted in specific local areas then there should first be consideration given to many other techniques that have proven effective in similar situations such as egg oiling or human disturbance in nesting areas that do not have the same dangerous side effects.  Specific targeted culling by professionals using firearms should only be allowed by special permit where these other measures prove ineffective.\nThank you for your consideration in this urgent matter,\nA concerned taxpayer.\n"
    }
}