{
    "14652": {
        "url": "/comment/14652",
        "comment": "The proposal for cormorant hunting needs to be reassessed. It is a potential slaughter, not only of entire cormorant colonies but of other birds which nedt in the same vicinity such as herons. Fifty percent day ? Really? And then the carcasses are just going to be left to rot and contaminate waters. It sounds like something we might have done in the early days when entire species were wiped out such as passenger pigeons. I thought our civilization might have learned better by now.\n"
    },
    "14656": {
        "url": "/comment/14656",
        "comment": "Please read the supporting link and reconsider. Cormorant slaughter causes grave damage!\n"
    },
    "14659": {
        "url": "/comment/14659",
        "comment": "(1) DOCO, being essentially inedible, is not a game bird; (2) ancillary impacts on birds protected by the Migratory Birds Convention Act, including Common Loon, which may not be readily distinguishable by many hunters from DOCO; (3) public health issues related to rotting carcasses, which hunters are not required to collect.\n"
    },
    "14660": {
        "url": "/comment/14660",
        "comment": "I object to the proposal to allow open hunting of the Double-crested Cormorant (DOCO). My reasons are as follows:\n(1) DOCO, being essentially inedible, is not a game bird;\n(2) ancillary impacts on birds protected by the Migratory Birds Convention Act, including Common Loon, which may not be readily distinguishable by many hunters from DOCO;\n(3) public health issues related to rotting carcasses, which hunters are not required to collect.\n"
    },
    "14661": {
        "url": "/comment/14661",
        "comment": "Knowing that humans have killed 83% of the world's wildlife, I'd say that it's time to put a stop to hunting, period.  It would do us a great deal of good to set aside and protect parcels of land for wildlife and learn to use predation instead of guns to restore balance. It would be costly for sure, but we've never put a price on nature before and look where it's left us. We have 17 percent of what we had three decades ago.\n      Leaving the world's wildlife in the hands of hunters is a terrifying concept. I know some hunters who, when they've told you to have a good morning, they've just told you everything they know.\n      I realize that nature can be cruel, but it has to be better than leaving animals to live out their days full of bullets that have missed their mark or leaving them with missing or damaged limbs or organs. Just please, no.\n"
    },
    "14663": {
        "url": "/comment/14663",
        "comment": "Ontario is proposing to allow large scale hunting of Double Crested Cormorants.\nAllowing such high limits, hunting during breeding season, the permission to discard carcasses  and let meat spoil extremely wasteful of a useful duck's life. The proposal is counter to any reasonable environmental program. It is contrary to native wildlife management and is unethical.\nOne study on Lake Michigan found that invasive species make up 80%-90% of a Double Crested Cormorant's diet. A potential large drop in Cormorant numbers will have at least some effect on the population of these invasive fish species.\nI condemn this proposal and support the statement of Bird Studies Canada (BSC) expressing its deep concern on many fronts.\n"
    },
    "14665": {
        "url": "/comment/14665",
        "comment": "We do not need or want involvement in the killing of native birds.\nThe mass killing of cormorants will not be beneficial. In fact, the process of killing them will force other bird species to vacate the colony sites they share.\nThere is no way to kill cormorants humanely. Even controlled, organized culls in other regions have resulted in large numbers of injured and crippled birds being left to die of their wounds or starve to death, including nestlings.\nPlease drop the plan to injure and kill these birds.  That is not who we are!\n"
    },
    "14666": {
        "url": "/comment/14666",
        "comment": "Calling a creature a game bird does not make it a game bird. Double speak at its worst. Culling or rather killing the cormorants for no valid reason makes no sense and borders on human cruelty,  This is a senseless notion - birds being birds in a world that has taken away huge swaths of habitat. Do not pass this legislation.\n"
    },
    "14670": {
        "url": "/comment/14670",
        "comment": "This letter is to voice my concerns about the proposal by the MNRF to allow open hunting of Double-crested Cormorants.\nThis so called hunt is really nothing more then a slaughter of these birds to reduce their numbers and thereby appease Anglers and Hunters who consider them a threat to sport fishing. To reclassify the DC cormorant as a game bird, when it is essentially considered inedible further shows how underhanded this proposal is. The provision which would exempt hunters from properly disposing of the carcasses and having a daily bag limit of 50 bird confirms the true intension of this cull.\nThe proposed hunting season will greatly disturb other sensitive species that nest along side and there is a great risk of other species of birds, especially Common Loons being accidental killed during this hunt.\nI am disgusted by this flawed and dishonest proposal and request that it be rejected.\n"
    },
    "14672": {
        "url": "/comment/14672",
        "comment": "I am deeply concerned to hear of wanting to open hunting on the Double-Crested Cormorant in Ontario. This would harm our beautiful wildlife and could harm other species and habitats in Ontario. Hunting of this amazing waterfowl as no justification and should not be allowed in Ontario!\nWe need be doing everything we possibly can to protect our beautiful Ontario wildlife! It\u2019s very precious!\nThank you\n"
    },
    "14673": {
        "url": "/comment/14673",
        "comment": "There is no scientific justification for hunting Double-crested Cormorants.  The proposed legislation poses serious risks for humans, for the environment and for many bird species including Ontario's provincial bird, the Common Loon.  What is needed is not ill-considered legislation, but public education about the facts.\n"
    },
    "14676": {
        "url": "/comment/14676",
        "comment": "Hi there,\nI just found out about the proposal to establish this hunting season and I have to say I am appalled. This is a beautiful bird that has only just recently climbed back from the brink of extinction. It can also easily be mixed up with a loon, a protected bird as you know. I urge you to make Ontario a progressive province that embraces its beautiful wildlife instead of slaughtering it.\nThank you,\nElaine\n"
    },
    "14680": {
        "url": "/comment/14680",
        "comment": "I fully support the proposal but I feel the proposed hunting season is too long. May I suggest splitting the hunting season into two seasons. March 1st to May 15th and them October 15th to November 31st. Doing this it will allow a quiet period for cottage owners and families without having to hear gunshots during the peak cottage summer months. The first season will end before the Victoria Day Long Weekend and the second season will start after Thanksgiving and end before the Christmas Holiday season.\n"
    }
}