{
    "13857": {
        "url": "/comment/13857",
        "comment": "This is long overdue! I have seen them on many small inland lakes and ponds that cant withstand the pressure that these birds put on the fish stocks. I have seen flocks of 1000-1500+  on Lake Simcoe and Couch. I have also witness the distruction of island vegitation. Islands that provided beautiful landscapes are now dead and stinking\n"
    },
    "13858": {
        "url": "/comment/13858",
        "comment": "\"One of the strangest things about the double-crested cormorant is its apparent ability to generate irrational hatred in humans.\"\n\u2014Barry Kent Mackay\nI am introducing my thoughts here with a quote by Ontario naturalist + artist Barry Kent Mackay\nbecause with all the reading I have done on this issue nothing sums this situation up more honestly. This bird has a sad history of persecution.\nIt is with self awareness & openness I am approaching this conversation with two viewpoints but both being aligned AGAINST* cormorant \"population control hunting\"/ culling.\nFrom an ecological/species/ habitat conservation/ natural resource perspective ( I am not a scientist but I am a passionate advocate for the environment & educate myself to be aware & impactful as best I can for a world with nature/ wildlife/ other then us**** in it ) & an ethical compassionate perspective as an animal lover ( I believe every animal has a right to life/ be treated humanely/ I volunteer with wildlife rescue & rehabilitation efforts ).\nFrom an ecological perspective what is clear is this is an issue arising due to the fragmenting of ecosystems ( our fault ) due to our uncontrolled growing population & relentless development\u2014 & let's be honest, if we're talking about \"healthy\" fish population the cormorant is a fish-eating scapegoat, we are the irresponsible over-fishing top predator. What should also be pointed out is a scientific fact about their core diet: they eat round gobies/ invasive species which are detrimental to the biodiversity of fish in the great lakes....fish people actually want to eat.\nFrom the ethical/ animal lover perspective; truly.....is population control/ culling the cormorant an evolved approach to an issue that is clearly cyclical & cruel? \u2014 unless we address how* we* are effecting ecosystems & their balance\u2014unless we look at the root issue which is our impact......we are just*** killing. Honestly isn't all of this to appease the visceral entertainment/hunting needs of a few?\nThere is consistent scientific speculation that we should even be dabbling in population control when we are so unaware of indirect causes. Often populations rebound to pre-cull levels....\nAs a wildlife rehabber I know first hand that few are are truly capable of altruism. This is after all in actuality a one-sided conversation; humans/our self interest vs the cormorant/no voice.\nThis applies to all human\u2014animal conflict. I hope we can evolve to consciously sharing* the world with other animals, not ruling them like selfish toddlers. I hope that we can acknowledge & embrace the fact we don't know how to manage situations like this & apply more resources to science/ data collection/ evolving our response in a way that isn't mere barbaric practice which this approach is.\nAs a Canadian that adores the nature/ wildlife that makes our country beautiful, I hope we start treating it all with more compassion & respect\u2014 the cormorant included.\n"
    },
    "13859": {
        "url": "/comment/13859",
        "comment": "Ontario government proposal is not a wildlife management program, it\u2019s an eradication plan that will push cormorants back to brink of extinction in the province\nThe Government of Ontario is setting the stage to make what is probably the worst, most regressive, wildlife management decision in Canadian history and one that will drive an important, ecologically beneficial native waterbird back to the brink of extinction, or worse, in the province.\nA recent Environmental Registry of Ontario posting announced that the Government is seeking input on a proposed change to the province\u2019s Fish and Wildlife Conservation Act\u00a0. Ive read and codemn the proposal. The reality is that cormorants are a natural part of Ontario\u2019s rich biodiversity and an ecologically beneficial species, being major predators of invasive fish species, like round gobies and alewives, attracting other waterbirds to their nesting sites, and serving other important functions in the ecosystems they inhabit.\n"
    },
    "13860": {
        "url": "/comment/13860",
        "comment": "I am a hunter and hunt crows which destroy crops. The crows that are killed go to the landfill. There is n\u00f2 limit and the season is a year long. Very few hunters hunt them.\nCormorants would be the same, few hunters, the birds become educated and would be hard to draw into shooting range. There is no way we can have a positive effect on their population.\n"
    },
    "13862": {
        "url": "/comment/13862",
        "comment": "This proposal is not sustainable for the cormorants. 50 cormorants per day (1,500 per month or more than 14,000 per season) is too much to classify as \u201csustainable.\u201d Also, it is not ethical to allow nesting parents to be hunted. This must be revised. There is also no need to allow the carcasses to spoil. This is demeaning to the animal that has been hunted.\nThis proposal will irreparably damage natural ecosystems and put a recovered species at risk once again. Also since the hunting season is proposed from March to December, it includes the summer months which endanger the public by allowing shooting throughout the summer season when lakes and natural areas are populated by Ontario residents and tourists. This can lead to accidents and fatalities.\n"
    },
    "13864": {
        "url": "/comment/13864",
        "comment": "The proposal to allow the hunting of Double-crested Cormorants appears to be a perverse attempt to appease people who are misinformed and/or biased about this unfairly maligned species. As a citizen-science initiative dedicated to protecting birds, we strongly oppose this proposal for the following reasons:\nThe proposal says: \"There continues to be concerns expressed by some groups (commercial fishing industry, property owners) and individuals that cormorants have been detrimental to fish populations, island forest habitats, other species and aesthetics.\" There is no evidence provided (including in the supporting materials) to support the first three concerns. The last one, aesthetics, is frivolous and does not justify the killing of any species.\nWhile Cormorants eat fish, biologists have found no proof that they affect the fishing industry. If \"anticipated economic consequences of the proposal are expected to be neutral\", it suggests the hunt would neither hurt nor help the fishing industry. So why allow it?\nWhile Cormorant colonies cause trees to die off in small, localized areas, this is part of a natural, dynamic cycle with longer-term benefits. If \"anticipated environmental consequences of the proposal are expected to be neutral,\" it follows that the hunt would also neither hurt nor harm the environment. So why allow it?\nPermitting a bag limit of 50 birds per day from March 15 to December 31, from stationary motorboats, and allowing the meat to spoil is an invitation to hunters to massacre entire colonies for \"fun\", even during the breeding season when the birds are incubating eggs and raising their young. This isn't sports hunting; it's wholesale slaughter. Our government should never condone never mind encourage such wanton cruelty. And if property owners have aesthetic concerns about Cormorant colonies, would they not have aesthetic concerns about trees draped with hundreds of large, decomposing birds?\nThe words \"Hunters will continue to be reminded to properly identify their targets to avoid conflicts with migratory game birds and other waterbirds\" are a stark reminder that many hunters are unable or unwilling to identify first and shoot later. If hunters kill American Coots thinking they are ducks, and Trumpeter Swans thinking they are Snow Geese (examples of both have come to our attention), they are certain to shoot Common Loons, Common and Red-breasted Mergansers and other water birds thinking they are Cormorants.\nFinally, this sentence is disconcerting: \"Those interested in hunting cormorants or who believe cormorants are having detrimental impacts will likely support the proposed changes.\" It implies that people's desire to kill or the mere belief that a species is detrimental, regardless of fact, is sufficient cause to consider the eradication of a species locally. The decision to allow any hunt should be based on scientific evidence and rational decision-making, not the desire to indulge people who like to kill for fun, or who just don't like certain species of wildlife.\nThis poorly devised proposal should not have been considered in the first place.\n"
    },
    "13870": {
        "url": "/comment/13870",
        "comment": "I live on the St. Lawrence River near Brockville Ontario. While I am aware that many people dislike the double crested cormorant, I feel that the proposed hunting season is not well considered. I worry that this hunt will have very detrimental impacts on other birds who nest in the same areas as cormorants - terns, for example. The cormorants that frequent my shoreline are hunting gobies - an invasive species. Although I am aware that the population of cormorants is growing very quickly, perhaps too quickly, I believe that this should be addressed with a more complex and thoughtful approach than just all out warfare against these birds. They do play a role in the ecosystem, and that role is intertwined with the lives of other species of birds whose numbers are declining.\n"
    },
    "13873": {
        "url": "/comment/13873",
        "comment": "The \"red tide\" is still  poisoning and killing birds, fish, and everything it touches in Florida. Comorants have been high on that list. Migrating birds must be evaluated in the coming year and hunting them would be a huge blow to their already dwindling  population.\nhttp://www.fox13news.com/news/local-news/migrating-birds-falling-victim\u2026\n"
    },
    "13875": {
        "url": "/comment/13875",
        "comment": "Cormorants have vastly increased in numbers over the past decade.  They appear to have no natural enemies and have invaded small lakes and rivers where they rapidly deplete the fish population , consuming up to a pound of fish per bird daily.  This leaves other wildlife that depend on fish such as loons without a viable food source.  This upsets the balance of nature down the food chain.\nCormorant droppings are highly acidic.  These birds cluster in large groups in trees and their droppings kill the trees and surrounding vegetation within a very short period of time.  Many islands on small lakes are now totally void of vegetation.  Shoreline areas and river tributaries are equally affected. These highly acidic cormorant dropping foul surrounding waters and as their numbers increase at an alarming pace this problem will only get worse Droppings on buildings and vehicles such as boats and cars eat away at the paint and metal causing thousands of dollars per annum in Ontario.\nI urge the provincial government to pass this bill.  It is important to restore a natural balance of nature in this province and to allow for the protection of vegetation in our lakes and water.\n"
    },
    "13881": {
        "url": "/comment/13881",
        "comment": "So, apparently you don't care that this will undoubtedly bring about the extinction of this beautiful bird. How is that you feel so powerful and self-righteous to destroy a fellow sentient being so carelessly and callously? You should be ashamed of yourselves. You are no more important than any other creature on this planet ... a planet that is rapidly being destroyed by your inflated egos.\n"
    },
    "13882": {
        "url": "/comment/13882",
        "comment": "Double-crested Cormorants are not game, and this proposal to categorize them as such is misguided and wrong.  It seems it is their bad luck to be such a visible species where they live and breed, but outright eradication is regressive and will ultimately harm the ecosystems in which they live.  This is an ecologically beneficial native waterbird an uncontrolled slaughter of this species will have long term ecological consequences.\nAllowing uncontrolled slaughter of this bird is barbaric and inhumane.  It is clearly not a game bird and will not be utilized after being killed, so why not just call it what it is - a cull.\nI believe this policy will cause damaging levels of disturbance and the destruction of numerous non-target bird species as well as endanger the public by allowing shooting throughout the summer season when lakes and natural areas are populated by Ontario residents and tourist.\nPlease do not allow this proposal to be passed.\n"
    },
    "13884": {
        "url": "/comment/13884",
        "comment": "We are land owners with waterfront which has been historically rich in fisheries which contributes to recreational fishing and the support of diverse natural waterfowl such as loons, osprey, eagles, etc. Within the past couple of years cormorants have been seen in our inland waters. Knowing how devastating this bird can be on an already delicate habitat, we are in favour of a hunting season for these cormorants which I stress are NOT native here.\n"
    }
}