{
    "14960": {
        "url": "/comment/14960",
        "comment": "I am a resident of Central Ontario and own property with views of Lake Simcoe. I am absolutely opposed to this proposal! The vast scope of the proposal is objectionable enough. Open season for ten months of the year with up to 50 birds per day allowed to be killed! The season fully encompasses breeding season and offers no protections. The greatest audacity, however, involves the peculiar characteristics of this bird. This is not a game bird! It is virtually inedible! It poses no threat to the fishing industry as it does not consume the fish harvested for human consumption. Those who shoot this bird will not bother with safe disposal of carcasses. They will be left to rot in place - posing a far greater danger to the environment and waters. I am aware of concerns re: the Canada Goose as a \u2018nuisance bird\u2019 but I have never been aware of complaints abut the cormorant. I suspect that those with a limited, vested interest are applying for \u2018assistance\u2019 with their issue. This species has rebounded from near extinction due to chemical hazards. Your own site now lists the bird population as \u2018stable or declining\u2019! How can mass slaughter be required now? Please abandon this proposal! I stand in opposition!\n"
    },
    "14961": {
        "url": "/comment/14961",
        "comment": "As a citizen of Ontario I request that before any additional species is added to the list of animals that can legally be hunted in Ontario, the policies and regulations proposed by government must be backed up with sound science and public consultation. What the government is currently proposing for the double-crested cormorant is not hunting, it's unacceptable slaughter.\n"
    },
    "14962": {
        "url": "/comment/14962",
        "comment": "Allowing the hunting of a bird which should be a protected species, is out-dated, cruel and certainly should not be done!\nCormorants benefit other water birds, such as federally protected herons, egrets and pelicans, which exist where cormorants live.\nKilling cormorants will cause other birds to vacate their colonies which they share with the cormorants.\nAllowing individuals with a small game hunting license to kill up to 50 cormorants a day will mean approximately 1,500 cormorants per month or up to 14,250 cormorants will die in the entire proposed annual hunting season. These numbers will cause this native bird to become extinct.\nPlease reconsider this horrible suggestion of hunting a bird which is a native wildlife species, and which naturally lives in the Great lakes area.\nPlease be humane and leave the cormorant in peace to live in their natural environment.\n"
    },
    "14966": {
        "url": "/comment/14966",
        "comment": "I am horrified that the Ontario government is proposing to declare the Double-crested Cormorant as a game bird.  Cormorants are a native species and important part of the ecosystem.  To suggest that these birds be slaughtered to near extinction because they are 'eating all the fish' is a lame and ridiculous argument.  Only 2% of their diet consists of commercially valuable species, and they actually eat invasive fish species.  So PLEASE, stop spreading lies as to why these birds should be exterminated.\nThe government should instead focus on preventing loss of habitat, global warming and hunting, the reasons that the environment and wildlife are struggling to survive.\nIn summary, do not declare the Double-crested Cormorant as a game bird.\n"
    },
    "14970": {
        "url": "/comment/14970",
        "comment": "These birds are devastating our environment. They destroy land wherever they roost. They kill off all vegetation and the stench is crazy. Plus the fact that they are fish eating machines killing off millions of our fish yearly. The government should proceed with initiating the ability to hunt these birds!\n"
    },
    "14971": {
        "url": "/comment/14971",
        "comment": "I'm posting my comment because I am very concerned that this proposal will devastate the cormorant population, a native species which has only recently recovered in numbers.\nUnder this proposal, the hunting season is much too long and encompasses the nesting season.  Further, each hunter would be permitted to kill up to 14,000 birds in a single hunting season and allow the carcasses to rot were they land.  This encourages the worst form of hunting.  The potential to impact other wildlife species and natural ecosystems is also cause for extreme concern.\n"
    },
    "14978": {
        "url": "/comment/14978",
        "comment": "Dear Doug Ford,\nI admire and take pride in science-based decisions; I hope you do also.  No science can justify the tragic results for Ontario's cormorants, and for the enjoyment of our precious province by future children and citizens, if the proposal to establish a sweeping allowance to decimate cormorants is implemented.  The cormorant is a part of our native ecosystem, a success story about a modest return from the brink of extinction, and the science says to take pride in it and keep it safe.  Please re-think this misguided proposed legislation.  Thank you on behalf of myself and all present and future Ontarians!\n"
    },
    "14979": {
        "url": "/comment/14979",
        "comment": "Should this proposal become law it has the makings of a public relations disaster for the hunting community.\nOn the surface I understand the emotion here.  Cormorants are ugly looking birds, sound terrible, make a mess on islands, and, worse still, eat fish.  Strong emotions say lets get rid of them.\nBut on deeper thought lets think of the optics here.  Picture this scene.   its a warm summer Saturday in cottage country.  At 2:00 in the afternoon a boat with three \"hunters\" motors out to a Cormorant \"infested' island.  Out come the shotguns and the shoot'in starts.  Minutes later out come the cell phones from passers by.  The video makes the local news.  The public is appalled at the waste.  The hunting community receives another black eye.\nThis idea doesn't have any merit behind it.  Its going to make hunters look bad.  Furthermore I have yet to see a study that indicates Cormorants are actually having a negative one gamefish populations.\nI regularly fish a popular Kawartha lake with a large Cormorant colony on a main lake island.  In 30 years of fishing I haven't noticed any decline in panfish or gamefish populations beyond walleye, which declined but are recently rebounding.\nThis is a proposal best not implemented.\n"
    },
    "14983": {
        "url": "/comment/14983",
        "comment": "As an Environmental Studies graduate, I find implementing legislation such as this without conducting sufficient bird count surveys to be irresponsible. When setting a hunting limit, one should first know the estimated population and be able to equate an amount to promote sustainability of not only that species, but the entire food web and ecosystem. Prior to conducting a scientific study, there should no hunting of a species (or very few) in abiding by the precautionary principle. In summary, please stop pulling opinionated laws out of your asses and back them up with something concrete.\n"
    },
    "14985": {
        "url": "/comment/14985",
        "comment": "The presence of double-crested cormorants implies a healthy fishery and eco-system.\nAllowing the birds to spoil not only disrespect the fundamental ethics of hunting, but also paved the way to the irresponsible killing of wild animals that might result in serious consequences for the environment and the economy.\nTherefore I strongly oppose the proposed listing, regulatory changes, and amendments to the Fish and Wildlife Conservation Act.\n"
    },
    "14988": {
        "url": "/comment/14988",
        "comment": "Others have previously studied and enacted 'remedies' for cormorant control.\nHere we have a waterfowl that is not particularly edible (not at all according to some sources) which makes it an obvious choice for shoot-and-dispose.  Yet nowhere in the proposal is it mentioned where these dead birds will end up.  Landfill is the obvious answer, and that is not well advised.\nActions involving breeding controls would be a more responsible course to take. The MNR could hire summer students to break eggs or something similar.\n"
    }
}