{
    "16066": {
        "url": "/comment/16066",
        "comment": "I disagree with this proposal for the following reasons :\n-Hunting near my cottage on georgian bay during summer months is dangerous to residents\n-Killing birds for the eradication of the species is archaic\n-Cormorants and loons are very similar in appearance\n-The number of breeding pairs is on the decline .Leave them and let them reach a balance\n-If anyone is hurt as a result of hunting in cottage country the liabilty of this government will be challenged\n"
    },
    "16067": {
        "url": "/comment/16067",
        "comment": "With a strong caveat, cormorants could be added to the hunting list.\n - The  OPEN SEASON SHOULD BE ALIGNED WITH SIMILAR SPECIES - for example: September 15 to March 31 in the year next following, because...\n       - it is alarming, and just wrong, to propose that cormorants could be hunted during nesting season, when no other species, including mammals and fish can be hunted during the spring. 'Sitting ducks\"!\n       - there are other colonial nesting birds that nest in the same habitat - they are struggling and should not be disturbed during nesting season!!!\n       - a slippery slope to allow one species to be hunted during nesting season.... it may promote ignoring of the allowable season for others.\n- The same with using an anchored boats - is that allowed with any other species? KEEP THE REGULATIONS CONSISTENT TO AVOID CONFUSION.\n       - this includes bag limits.... use 10-15, for consistency.  We should not be allowing through legislation the wholesale slaughter of any species.\n"
    },
    "16068": {
        "url": "/comment/16068",
        "comment": "All native species matter. The double -crested cormorant is a native species that has suffered serious declines in the past and is currently making a come back. While it is perhaps not the most attractive bird species, admittely consumes fish and is not considered an aesthetic enhancement by some these are not valid scientific reasons to try and exterminate this species.\nTrying to disguise this potential extermination effort  by proposing to  declare the double -crested cormorant  a game species  and giving hunters a virtually open season  to hunt them  defies conservation wisdom and should be beneath OMNR.  When   you consider that the double-crested cormorant is considered by most to be inedible obviously the object is not to provide hunters with a source of good quality game to hunt to eat and ensure that the  so called game species the double -crested cormorant population can be sustained for hunters.\nThis leaves one to ponder the real intent of this proposed legislation. Is it to provide \"hunters\" with endless \"hunting\" opportunities throughout the year and copious bag limits and in the process of doing so to appease fisherman (commercial and private individuals)  endless complaints by those who believe that the double -crested cormorant is eating their potential fish catches? Interestingly the maligned double -crested cormorant is probably doing them a great service by eating invasive fish species and habitat loss, increasing poor water quality, wetlands loss, stream alteration, agricultural runoff, cottage development, climate change, illegal and excessive fishing all of which affect fish habitat and fisheries sustainability are ignored. Is it the OMNR needing to pander to cottagers  loss of \"aesthetics\" complaints. How convenient and abhorrent  for OMNR  to try and solve the desires and misconceptions of hunters fisherman and those who complain about the loss of \"aesthetics\" by creating in effect  the legalized extermination of a native species under the guise of an creating a hunt for a species that (will be virtually unsustainable) for a species virtually nobody would consider eating. By the way how would all these unwanted carcasses  be disposed of by the hunters that want to shoot the double -crested cormorant but have no use for them?  Will they just be left to rot in the water or on land wherever they are shot?\nIn addition there is the potential harm permitting this hunt to take place will bring with it. Allowing it to take place during the nesting season of the target species and all other bird and other species of our biodiversity is disruptive  and makes no conservation sense. Finally what about all the rest of the residents and visitors to Ontario. Do they not deserve to be able to enjoy the peace and tranquillity of nature around Ontario's lakes and rivers with out being disturbed or threatened by the gun shots of  hunters in a  virtually open season on the double -crested cormorant.\nPlease drop this ill advised , environmentally damaging  and unjustifiable  decision in terms of sound, sustainable conservation  to make the double -crested cormorant a \"game species\" and  legalize its   extermination  through hunting.\nOMNR needs to demonstrate  a real commitment to protecting what should always be its primary focus that being the long term protection  and sustainability of Ontario's  fragile and essential biodiversity and natural ecosystems  to ensure that they are there to support , and  provide the life supporting ecosystem services that they currently provide us for the next seven generations and beyond. To do any less is  both irresponsible and a dereliction  of OMNR's duty to all Ontarian's now and for the future.\n"
    },
    "16069": {
        "url": "/comment/16069",
        "comment": "I am deeply disappointed by the powers at hand for suggesting the hunt of cormorants. Besides the ethical reasons for traumatizing, killing and maiming innocent birds, I worry about the effect of dead birds floating around, about bullets that can kill whatever else gets in the way, about the lead from the bullets and about natures equilibrium in general. I was aghast at the statement about how much FUN it would be to go kill them. Please, do not do this. I live next to Georgian Bay and have never felt that they are an imposition in any way. I hardly see any !! Teach people that every life should be treated with respect and that includes cormorants and that killing is never fun. Those birds were here long before we were and they did fine without peoples interference. Please read the article on the Animal Alliance website regarding their history. Also, read what the SPCA has to say regarding this slaughter. Stop messing with nature.\n\"The greatness of a nation and its moral progress can be judged by the way its animals are treated.\"\n(Mahatma Gandhi)\nJeannette\n"
    },
    "16073": {
        "url": "/comment/16073",
        "comment": "December 31, 2018\nPremier Doug Ford\npremier@ontario.ca\nWildlife Section\nPublic Coordinator\nMinisters of Natural Resources and Forestry\nPolicy Division\nSpecies Conservation Policy Branch\n300 Water Street\nPeterborough, ON K9J 8M5\nDear Premier Ford and Public Coordinator Wildlife Section;\nSubject: My opposition to your proposed Double-crested cormorant policy - EBR Registry Number 013-4124\nI'm a member of the Toronto and Region Conservation Authority's (TRCA) \"Cormorant Advisory Group\". And, I'm the Director of Toronto Residents for Cormorants and Nature that convinced Toronto mayor David Miller to declare April 12th \"Cormorant Day\" to celebrate these \"amazing and magnificent birds\".\nPremier Ford, I'm surprised that your government would present such an ill considered policy as EBR Registry Number 013-4124.  Even, the Ontario Federation of Anglers and Hunters, whom I suspect was given this policy as a political gift, has reservations about it as you can view in their EBR submission here: https://www.ofah.org/wp-content/uploads/2018/12/ERO-013-4124-cormorants\u2026\nProblems with EBR Registry Number 013-4124:\n- made up \"problem\" to solve\n- there is no scientific justification\n- would harm co-nesting birds and their dependent young many that are federally protected species\n- would cause cruelty to chicks as they'd starve and \"cook\" to death in the sun and elements\n- would cause wounding and great suffering (I've witnessed this at Presqu'ile Provincial Park and in a  video of a bird wounded at Middle Island)\n- would exterminate cormorants from the province - depending on participation rates, in less than one season\n- would create public safety risks for cottagers and tourists on lakes\n- unenforceable\n- paints hunters and fishermen as mindless extremists\n- paints the government as mindless extremists\n- is a waste of my tax dollars\n- is simply a disgrace\nDouble-crested cormorants are a native species that has recovered from persecution and environmental contamination (DDT etc...) to form healthy colonies on secluded islands and peninsulas near abundant supplies of small fish - mostly non-native fish i.e. round gobies and alewives. The fact that a few trees in this marginal habitat will die due to the bird's guano, is a natural process to be understood and supported not \"tidied up for you\" by a massive slaughter of these birds. Toronto's Tommy Thompson Park has the largest colony of Double-crested cormorants on the Great Lakes, a spectacular sight to be viewed. The TRCA promotes the Park as \"provides excellent fishing opportunities in the many small bodies of water around the park that attract many different types of fish\" please find details here: http://fishingtoronto.ca/tommy-thompson-park.html  While I understand that fishermen don't like anyone to be fishing near-by, it is unforgivable that the government would seek to demonize and exterminate these birds to appease fishermen. There is no conflict between fishermen and cormorants. It's a \"made up\" problem.\nThis policy is based on persecuting a native bird species and for political grandstanding. It has no merit and needs to be stopped.\nPlease protect these birds by supporting the listing of cormorants on the federal Migratory Birds Convention Act. It's the right thing to do.\nThank you for this opportunity to comment.\nRespectfully submitted,\n"
    },
    "16074": {
        "url": "/comment/16074",
        "comment": "The proposed plan to allow persons to kill up to 50 cormorants a day is an ill-conceived strategy designed to address a problem that does not even exist. The cormorant is a native species whose population declined in years past before rebounding with the banning of dangerous and lethal pesticides. Its population is currently stable, and it is not a threat in any way.\nHowever, even if it were an issue, the proposed solution to allow this hunt to take place throughout the entire spring summer and fall would be a serious threat to many other species whose nesting habitats are in close proximity to cormorant populations. To allow hunting in those spaces, particularly during breeding season, would have a similarly negative effect on the population of species such as gulls, herons and bald eagles, for example, not to mention the disruption to humans trying to enjoy some time outdoors.\nIt's difficult to understand how this proposal was conceived, on what basis and how the idea of 50 birds per person per day was arrived at. It is outrageous and hopefully the proposal will be abandoned once you have had a chance to study it further.\nThank you for the opportunity to comment!\n"
    },
    "16075": {
        "url": "/comment/16075",
        "comment": "I am totally opposed to the proposed changes to establish a hunting season for the Double-crested cormorant through amendments to the Fish and Wildlife Act.\nIn reading much of the scientific information available there seems to be no evidence to back up the need for the slaughter of a recognized Ontario native bird species.  Why in the world would the powers that be submit the proposal and want to have such measures even suggested after stating that the Great Lakes populations has stabilized or declined slightly.\nAnd really the fish populations may be in decline not because of pollution, over fishing etc but because of Double-crested cormorants????\nAnd I want to cry and laugh when I hear talk of aesthetics  being put out there.\nIt's ALMOST laughable to think a ministry person actually wrote and thought this proposal up......as when I first heard about the proposal I thought it surely had to be fake news......\n"
    },
    "16077": {
        "url": "/comment/16077",
        "comment": "I agree entirely with this proposal.\n"
    },
    "16078": {
        "url": "/comment/16078",
        "comment": "I am totally against the proposal to establish a hunting season for Double-crested Cormorants in Ontario. This proposed hunt is completely unnecessary. I have done considerable work and study on the cormorant issue since first hearing of the proposed hunt in early December.\nThe populations of cormorants had almost completely collapsed due in a large part due to chemical poising in the 1950's and 60's but they made a spectacular comeback but by all accounts numbers have peaked and have since stabilized and recently there has actually been a decline in numbers in recent years. One researcher says that they have reached a 'zero population growth'.\nScientific evidence shows that the presence of cormorants indicates a healthy fishery and a large part of cormorant diet is alewife and gobies that are non-native fish. They are part of the ecosystem and yes their nesting habits have killed trees but evidence indicates that tree nesting cormorants does not have had a negative impact on other tree nesting birds such as herons. It is my understanding that where cormorants have been a nuisance effective control measures have been put in place to control their numbers. To that I am not opposed.\nThe 'concerns' about the numbers of cormorants seem to come from a few people or organizations.  The Ontario Federation of Anglers and Hunters seems to be the source of hatred of cormorants in Ontario. They always seem to mention emotional points such as smelly guano and the destruction of vegetation. Guess what other species do the same so my fear is first a cormorant hunt and then what?hunting of great blue herons, maybe seagulls or whatever the flavour of the day is. No hunting is not the answer, a proper well balanced ecosystem is. That is largely achieved by allowing nature to runs its own course and only interfering in grave instances such as when there is a threat from invasive species. On the Ontario commercial fishery webpage there was no mention of cormorants.\nI had a trip to Newfoundland last spring and one of the highlights of my visit was a boat tour of the Witless Bay Ecological Reserve. Along with visitors from around the world I witnessed the presence of thousands of seabirds on the offshore islands that make up the reserve. I will not bore you with the details except to say that it was truly a magnificent sight and is billed as nature's greatest wonders anywhere in the world. I would not disagree. Perhaps we could someday have something similar in Ontario some day.\n"
    },
    "16079": {
        "url": "/comment/16079",
        "comment": "While I understand the desire for population control I dont agree at all with this proposal. The 50 bird bag limit is not sustainable. Also ammending various environmental acts for  this purpose could be a slippery slope and lead to more ammendments in the future to the detriment of the wildlife they are meant to protect.\nHunting during nesting season will effectively increase the bag limit as the young will be left to starve. For every 1-2 birds expect another 3-5 to die.\nOther migratory birds nesting and foraging in the same habitats as the cormorants will also be negatively effected during their nesting season as well.\nI think a lot more thought needs to go into such a decision. I would hope env. impact assessments and such will be conducted and considered before any decision is made.\n"
    },
    "16080": {
        "url": "/comment/16080",
        "comment": "I am opposed to the cormorant hunt.  I don't think that there is enough evidence to support the hunt given that our ecosystems are so confused.  The cormorants are providing an ecosystem service similar to that once provided by Passenger Pigeons in the form of the guano they produce.  There is evidence that the guano, while having a negative impact within our time frame on some vegetation, is also facilitating vegetation.  Who is to choose which is better?  It just is.  At one time the PP was persecuted for its numbers and \"negative\" effects...the irony is inescapable!\nThe OMNRF does not invest enough money in research and development to be able to recommend such a radical and lethal solution, and I do not support this action.\nRegards\nDL\n"
    },
    "16081": {
        "url": "/comment/16081",
        "comment": "December 30, 2018\nRE: A proposed no-limit hunting of the Double-crested Cormorant (Phalacrocorax auritus) in Ontario, Canada.\nEBR Registration number 013-4124\nThe Pacific Seabird Group strongly protests the proposed no-limit hunting of Double-crested Cormorants proposed by the Government of Ontario.\nThe Pacific Seabird Group (PSG) is an international, non-profit organization that was founded in 1972 to promote knowledge, study, and conservation of Pacific seabirds with a membership drawn from the entire Pacific basin, including Canada, Mexico, Japan, China, Malaysia, Australia, New Zealand, and the USA. Among PSG's members are biologists who have research interests in Pacific seabirds, government officials who manage seabird refuges and populations, and individuals who are interested in marine conservation. PSG members serve as scientific experts and conservation leaders within their local communities. Collectively, the Group\u2019s members have a great deal of knowledge and experience with respect to seabird conservation.\nThere is no scientific evidence that a 10-month open season on Double-crested cormorants will bring the desired result. The analysis to support this management objective appears to be based on incomplete scientific information. Dozens of studies have repeatedly shown that cormorants do not have a significant negative impact on commercial fish populations, with most of these studies targeted specifically on the Great Lakes. For example, studies on Lake Ontario indicate that fish most attractive to human fishermen comprise less than 2% of cormorant diets, and that cormorants consume about 0.5% of critical prey fish, an insignificant number especially when compared against the 13% taken by sport fishermen (Weseloh & Collier 1995).\nIt is well known that cormorant diets consist of mostly non-sport fish species like the invasive Alewife (Alosa pseudoharengus) (Belyea et al. 1999, Reed et al. 2003), and the invasive round goby Neogobias melanostomus (Seefelt 2018). Indeed, the Great Lakes ecosystem has been severely damaged by more than 180 invasive and non-native species that ultimately degrading habitat, out-competing native species, and short-circuiting food webs. Using the Double-crested Cormorant as a scape-goat is inappropriate given the damage people have done to the Lake ecosystems.\nThe proposed hunting season for Double-crested Cormorants, March 15 to December 31, includes killing adult birds provisioning young during the breeding season. This amounts to unethical animal treatment. Untold numbers of carcasses  would be left in the field, luring scavengers (e.g., vultures, eagles) into areas where they could be mistaken for target species and caught in the crosshairs. Additionally, widespread rotting carcasses pose a local threat to water quality and human health while negatively affecting the public\u2019s access to wildlife viewing.\nLethal management tools are not effective at decreasing fish predation, and may simply allow other invasive species to take the cormorant\u2019s place. The proposed management of cormorants does not address the root causes of fish population instability or decline, and directly contradicts current conservation measures, locally, regionally, nationally, and internationally.\nThe Government of Ontario should pursue a structured, adaptive decision-making approach and first test the effectiveness of alternative cormorant management (via egg control, etc.). The benefit of this formal, repeatable approach is that sensitivity analyses and monitoring programs pre/post management provide data on the impact of the decision. This is in contrast to the current, ad-hoc approach, which could lead to undesirable outcomes misaligned with the Government\u2019s values and objectives surrounding the recovery of native fish populations.\nThank you for reconsidering this proposal.\nSincerely,\nMark Rauzon\nVice-Chair for Conservation\nPacific Seabird Group\n4701 Edgewood Ave.\nOakland, CA 94602\nconservation@pacificseabirdgroup.org\nLiterature Cited:\nBelyea, G. Y., S. L. Maruca, J. S. Diana, P. J. Schneeberger, S. J. Scott, R. D. Clark, Jr., J. P. Ludwig, and C. L. Summer. 1999. Impact of double- crested cormorant predation on the Yellow Perch population in the Les Cheneaux Islands of Michigan. Pages 47\u201359 in M. E. Tobin, technical coordinator. Symposium on double-crested cormorants: population status and management issues in the Midwest. U.S. Department of Agriculture, Animal and Plant Health Inspection Service, Technical Bulletin 1879, Washington, DC.\nReed, J.M., Causey, D., Hatch, J.J., Cooke, F., Crowder, L. 2003. Review of the Double-crested Cormorant management plan, 2003: final report of the AOU Conservation Committee\u2019s panel. Ridgway, M.S., Dunlop, W.I.,\nSeefelt, N.E. 2018. A disconnect between science and management for double-crested cormorants (Phalacrocorax auritus) in Northern Lake Michigan, USA, 2000-2016. Waterbirds. 41: 189-197.\nWeseloh, D.V. & Collier, B. 1995. The rise of the Double-crested Cormorant on the Great Lakes: Winning the war against contaminants. Environment Canada Special Report, Environment Canada and Ontario Ministry of Natural Resources.\n"
    },
    "16082": {
        "url": "/comment/16082",
        "comment": "Is the goal to lower the cormorant population and manage at smaller numbers, or to eradicate the species??? The proposed bag limit is 50 birds a day. The proposed hunting season is 292 days long. This means a SINGLE person would be able to kill 14,600 cormorants in a year. The daily bag limit is much too high. It should be lowered to 10 birds a day. Also, the season should be closed after the average egg hatch date until fledge date to avoid the starvation and slow death of chicks.\n"
    },
    "16084": {
        "url": "/comment/16084",
        "comment": "there are four concerns about the proposed cormorant slaughter:\n1. shot gun shooting will also kill or at least disrupt other species that nest with or near cormorants.  Some of these are federally protected species such as herons, terns, gulls and egrets.\n2. cormorants populations have been extremely low, to the point that they were on the endangered species list.   They recovered, have flourished to being over populated as to food availability and are now adjusting to a lower population level.  Why disrupt the natural balance?\n3. live shooting around water edges will endanger swimmers, close provincial park beaches and work against Ontario's long term programs.\n4. cormorants do not eat sport fishing species, nor the food that sport fish eat.  Eliminating the cormorant will again disrupt the marine ecology and feed availability and may actually harm sport fishing.\n"
    },
    "16085": {
        "url": "/comment/16085",
        "comment": "While I do support the legal hunting of waterfowl during a restricted hunting season for the purposes of human consumption - hunting cormorant almost year round with a ridiculously high bag limit seems preposterous to me. And nobody consumes cormorants, so this is just shooting for the fun of it. I cannot support this. At. All. There are other ways to manage wildlife populations. Ontario can do better than this. If you were to allow hunting of cormorant - again, I find this ethically repugnant, I feel it is a better strategy to include them with the waterfowl hunt season and limit the bag limit. Nobody wants to hear guns going off year round over wetlands and lakes. Plus, I would imagine that other waterbirds nest in the same habitats as cormorants (or nearby) and shooting during nesting season would have to be disruptive. I would hope you reconsider this strategy.\n"
    },
    "16086": {
        "url": "/comment/16086",
        "comment": "This is a wonderful initiative. I can't believe the Ontario government has enough foresight to do what makes perfect logic. Bravo! These birds have no redeeming qualities whatsoever. They eat far too many valuable fish. Cormorants pollute the land and water, and destroy beautiful islands and shorelines. Their numbers have increased to the point where they are a nightmare.\n"
    },
    "16087": {
        "url": "/comment/16087",
        "comment": "Your proposal on the hunting season for double-crested cormorants---is ludicrous!\nFrom what I am finding out--populations have been leveling off--attempting to find their own balance in nature.\nCulling these birds--will cause them to seek out--new territory--and to re-establish the populations that have been culled.  Thereby--making your perceived problems worse (in the eyes of property owners, or fisherman)--and causing increased, undue suffering unto the species.\nMan-made stresses unto a species--do not go unnoticed--they simply try to rebound--twice as hard.\nDo the right thing for the ecosystem--and private owners--and let the ecosystem, play itself out--into a natural balance.  While it may not make everyone happy--in the long run--it will have fewer people unhappy, with the event of the population stabilizing--and with the lack of indiscriminate hunting and suffering placed upon a bird population--that we wanted recovered in the first place!\n"
    }
}