{
    "15543": {
        "url": "/comment/15543",
        "comment": "I support the proposal. I am often fishing on lake Simcoe and notice the sheer number of cormorants on the lake. I have noticed a population boom in the last decade. I can imagine the stress that these birds put on the fishing populations.\nI think controlled population management of this species would benefit other organisms that share the same niche. Likewise, fish populations are already heavily stressed, and this could help them recover.\nThank you\n"
    },
    "15545": {
        "url": "/comment/15545",
        "comment": "I am a hunter, fisherman and naturalists all my life. I enjoy the out-doors.\nThis proposal has nothing to do with skills required for hunting, it is clearly a slaughter of a native species from a parked boat 10 m away from a breeding colony of several species including protected water birds. Shooting birds sitting on a nest or flying into nests feeding young was never something any serious hunter has supported. Hunters do not like to shoot any wildlife just to shoot for the kill only and the thought hundreds of un-retrievable carcasses washing up on beached during the summer month, is disgusting and no serious hunter should allow.\nAs a OFAH member for 25 years, I was surprised to received no consultation about this,\nThis reads as it was written by suspender wearing politicians with a hate for wildlife.\nAs a fisherman, I was concerned years ago that cormorants are reducing game fish in Lake Ontario, where I regularly fish for 30 years.\nHowever I have not seen a reduction of game fish during all these years. Finding several studies, indicating that cormorant are mostly feeding on invasive fish species and only 3 % of game species are taking, does not comes as a surprise.\nThis proposal will only increase the hate for hunting and fishing by the public and people will right fully use the name blood sport against us.\nPlease do stop this proposal, there is no need for it.\n.\n"
    },
    "15547": {
        "url": "/comment/15547",
        "comment": "I strongly oppose the proposal to establish a hunting season for the double-crested cormorant. There is no scientific justification for this hunt. This wild native species has rebounded from historic lows in the 1970s and populations have been stable or declining since the 2000s.\nAccording to the Canadian Wildlife Service, cormorants are not competing with commercial fishers as they feed primarily on small, largely non-commercial, shallow-water fish. Only a small percentage of their diet consists of \u201csport fish.\u201d\nConcerned property owners already have recourse, under the Fish and Wildlife Conservation Act, to harass, capture or kill cormorants if they\u2019re causing property damage.\nThe extreme bag limit allowing an individual to kill 50 birds a day for nine-and-a-half months of the year, including the breeding season, is without precedent and could cause significant harm to this and other native wildlife species.\nI urge you to abandon this ill-considered proposal.\n"
    },
    "15548": {
        "url": "/comment/15548",
        "comment": "I believe that the double breasted Comorant is a bird that is beginning to get out of control. If we do not try and reduce the numbers I predict they will take hold and establish in smaller bodies of water , there they will harm fish populations and continue to destroy habitat as they have already done where they are currently established . I don't believe they need to be eradicated , however major steps in controlling them need to be taken sooner than later. An open hunting season seems like a fair approach to start with and monitor success.\n"
    },
    "15557": {
        "url": "/comment/15557",
        "comment": "Double-crested Cormorants are marked for slaughter under latest EBR 013-4124 policy proposal by the Government of Ontario. You can and must do better than choosing unscientific and inhumane scapegoating of this important native species of the Great Lakes.\nI CALL ON YOU to do the right thing! Nature needs our help.  NOW. We have been her enemy for far too long.\n"
    },
    "15561": {
        "url": "/comment/15561",
        "comment": "Proposal to establish a hunting season for double-crested cormorants in Ontario - ERO: 013-4124\nThe proposal details begin with the paragraph:\nDouble-crested cormorant (Phalacrocorax auritus) populations declined significantly in the Great Lakes from the 1950s to the 1970s primarily due to environmental contaminants affecting reproduction. Their numbers began to increase rapidly from the 1970s to the early 2000s, with the latest information indicating Great Lakes populations have since stabilized or declined slightly.\nNo further information is supplied to explain why the population allegedly \u201cincrease[d] rapidly\u201d, nor why it might now be in decline. Nor is any evidence (population counts, for instance) supplied to support the statements in the paragraph.\nIn my view, the Ministry does a disservice by inviting public input without making readily available the data upon which you relied to make these statements. If you have statistics to back up these statements (and I would be very disappointed to learn that you don\u2019t), you should provide them or offer a link(s) to the data. Not providing this information calls into question your claim that this is a species that needs to be \u2018controlled\u2019 in some manner (i.e. killed). You should back up your position with readily available, provable facts.\nThe proposal\u2019s second paragraph reads:\nThere continues to be concerns expressed by some groups (commercial fishing industry, property owners) and individuals that cormorants have been detrimental to fish populations, island forest habitats, other species and aesthetics.\nPresumably the word \u2018aesthetics\u2019 is a reference to the fact that, like every other species on earth, cormorants poop. But surely the Ministry cannot consider that sufficient cause for the proposed change under the Fish and Wildlife Conservation Act that would clearly create the potential of extirpating this species completely.\nThe primary driver of this proposed hunting season would appear to be, then, to satisfy complaints and concerns from commercial fishers. With respect, the science is abundantly clear that commercial fishers and cormorants are not seeking the same prey. Whatever other concerns commercial fishers might have, they can\u2019t defend a position that cormorants are competing for the same fish as the fishers.\nThe proposed regulatory changes are unwarranted, ill-considered, and not in the public interest:\n\u2022\tThe proposed changes are unwarranted because the Ministry has offered no evidence to support that this is a species that has worn out its welcome and needs to be dramatically cut down to size. Since you don\u2019t offer any evidence to support the need for the hunt, I can presume it is being proposed simply to placate commercial fishers who don\u2019t appear to understand who are their real competitors, and to satisfy hunters who enjoy the simple pleasure of killing things, just because they can.\n\u2022\tThe proposed changes are ill-considered because of the cavalier way the Ministry proposes to implement them. Let\u2019s begin with the numbers of cormorants hunters will be permitted to kill. The bag limit of 50 birds per day over a 291-day period (March 15 to December 31) means every hunter can kill at least 14, 550 cormorants per year \u201cwith no possession limit\u201d. I say \u2018at least\u2019 because there will be no practical way to monitor how many they really kill, since it is also proposed to grant permission to just leave the birds lying around to rot. And since they can shoot the birds from stationary boats (your proposal says motorboat but I presume non-powered boats will also have this privilege), dead birds can bob along in the water until they wash up on a shoreline somewhere.\nAs well, shotguns fired into a cormorant colony are going to end up killing more than just cormorants. This will include many other species who nest or feed in close proximity to cormorants.\n\u2022\tThe proposed changes are not in the public interest because they will allow for shooting of birds in Toronto. In case it has escaped MNRF notice, Toronto is a densely populated city and it will only be a matter of time before some hunter misses the birds and hits a kid. It is also not in the public interest because, frankly, why would the public be eager to have lots of dead birds lying on the ground, rotting and stinking (or floating in the water, rotting and stinking)?\nYou must realize as well those carcasses will attract a substantial rat population \u2013 perhaps you should canvass the public on whether they\u2019d prefer to leave the birds alone or to invite an explosion of rats and other carrion-feeders.\nPerhaps you should also survey the public to determine how they feel about the inevitable large numbers of birds who are shot, but not killed. Ask them how they feel about the birds being left to die from starvation or the lingering effects of bad marksmanship.\nYour proposal also notes:\nTo accompany the proposed hunting seasons, the Ministry will implement a cormorant monitoring program to assess population status and trends. Monitoring of cormorants will allow the Ministry to assess the impacts of the hunting season and to adjust cormorant hunting regulations if necessary to address any concerns about population sustainability.\nWith respect, isn\u2019t that the sort of survey that ought to be undertaken before the birds are killed?\nIn short, there is no merit to these proposed changes and the Ministry is encouraged to withdraw the proposal unless (or until) proper investigation is undertaken to determine that there is any supportable rationale to moving forward with it.\n"
    },
    "15562": {
        "url": "/comment/15562",
        "comment": "Proposal to establish a hunting season for double-crested cormorants in Ontario - ERO: 013-4124\nThe proposal details begin with the paragraph:\nDouble-crested cormorant (Phalacrocorax auritus) populations declined significantly in the Great Lakes from the 1950s to the 1970s primarily due to environmental contaminants affecting reproduction. Their numbers began to increase rapidly from the 1970s to the early 2000s, with the latest information indicating Great Lakes populations have since stabilized or declined slightly.\nNo further information is supplied to explain why the population allegedly \u201cincrease[d] rapidly\u201d, nor why it might now be in decline. Nor is any evidence (population counts, for instance) supplied to support the statements in the paragraph.\nIn my view, the Ministry does a disservice by inviting public input without making readily available the data upon which you relied to make these statements. If you have statistics to back up these statements (and I would be very disappointed to learn that you don\u2019t), you should provide them or offer a link(s) to the data. Not providing this information calls into question your claim that this is a species that needs to be \u2018controlled\u2019 in some manner (i.e. killed). You should back up your position with readily available, provable facts.\nThe proposal\u2019s second paragraph reads:\nThere continues to be concerns expressed by some groups (commercial fishing industry, property owners) and individuals that cormorants have been detrimental to fish populations, island forest habitats, other species and aesthetics.\nPresumably the word \u2018aesthetics\u2019 is a reference to the fact that, like every other species on earth, cormorants poop. But surely the Ministry cannot consider that sufficient cause for the proposed change under the Fish and Wildlife Conservation Act that would clearly create the potential of extirpating this species completely.\nThe primary driver of this proposed hunting season would appear to be, then, to satisfy complaints and concerns from commercial fishers. With respect, the science is abundantly clear that commercial fishers and cormorants are not seeking the same prey. Whatever other concerns commercial fishers might have, they can\u2019t defend a position that cormorants are competing for the same fish as the fishers.\nThe proposed regulatory changes are unwarranted, ill-considered, and not in the public interest:\n\u2022\tThe proposed changes are unwarranted because the Ministry has offered no evidence to support that this is a species that has worn out its welcome and needs to be dramatically cut down to size. Since you don\u2019t offer any evidence to support the need for the hunt, I can presume it is being proposed simply to placate commercial fishers who don\u2019t appear to understand who are their real competitors, and to satisfy hunters who enjoy the simple pleasure of killing things, just because they can.\n\u2022\tThe proposed changes are ill-considered because of the cavalier way the Ministry proposes to implement them. Let\u2019s begin with the numbers of cormorants hunters will be permitted to kill. The bag limit of 50 birds per day over a 291-day period (March 15 to December 31) means every hunter can kill at least 14, 550 cormorants per year \u201cwith no possession limit\u201d. I say \u2018at least\u2019 because there will be no practical way to monitor how many they really kill, since it is also proposed to grant permission to just leave the birds lying around to rot. And since they can shoot the birds from stationary boats (your proposal says motorboat but I presume non-powered boats will also have this privilege), dead birds can bob along in the water until they wash up on a shoreline somewhere.\nAs well, shotguns fired into a cormorant colony are going to end up killing more than just cormorants. This will include many other species who nest or feed in close proximity to cormorants.\n\u2022\tThe proposed changes are not in the public interest because they will allow for shooting of birds in Toronto. In case it has escaped MNRF notice, Toronto is a densely populated city and it will only be a matter of time before some hunter misses the birds and hits a kid. It is also not in the public interest because, frankly, why would the public be eager to have lots of dead birds lying on the ground, rotting and stinking (or floating in the water, rotting and stinking)?\nYou must realize as well those carcasses will attract a substantial rat population \u2013 perhaps you should canvass the public on whether they\u2019d prefer to leave the birds alone or to invite an explosion of rats and other carrion-feeders.\nPerhaps you should also survey the public to determine how they feel about the inevitable large numbers of birds who are shot, but not killed. Ask them how they feel about the birds being left to die from starvation or the lingering effects of bad marksmanship.\nYour proposal also notes:\nTo accompany the proposed hunting seasons, the Ministry will implement a cormorant monitoring program to assess population status and trends. Monitoring of cormorants will allow the Ministry to assess the impacts of the hunting season and to adjust cormorant hunting regulations if necessary to address any concerns about population sustainability.\nWith respect, isn\u2019t that the sort of survey that ought to be undertaken before the birds are killed?\nIn short, there is no merit to these proposed changes and the Ministry is encouraged to withdraw the proposal unless (or until) proper investigation is undertaken to determine that there is any supportable rationale to moving forward with it.\n"
    },
    "15566": {
        "url": "/comment/15566",
        "comment": "Cormorants are an explosive, invasive, food greedy species that must be controlled immediately before our fisheries are permanently harmed. On top of the damage to fisheries these birds destroy foliage on lakseshores and islands all over the province. Given the opportunity hunters will control this destructive population via responsible hunting practices that are currently in use on all other game/varmint species.\n"
    }
}