{
    "12817": {
        "url": "/comment/12817",
        "comment": "Cormorants need controlled ASAP. They should be treated as an invasive species. They are eating piles of native fish to the point of potentially harming the fish population.\nIt's time to control their population through any means.\nThey are viewed as a garbage species by hunters so likely would only be used as target practice not likely to be harvested for their meat.\n"
    },
    "12820": {
        "url": "/comment/12820",
        "comment": "Our property is on Stoney Lake in the Kawartha Lakes region.  We have observed the increase of cormorants on the lake with great concern. Small islands on the lake have been taken over by cormorants and totally devastated them. Tall white pines on uninhabited islands have no foliage.  These islands are part of the lake landscape and provide habitat for many other birds and animals.  Their habitat is disappearing.  Islands where there are cottages have also started to lose pine trees where cormorants are roosting.\nLoons are thriving in our area of the lake but cormorants have started to appear in the bays competing with the loons for fish. This concerns us as the loons have only recently started to reappear.\nTo protect the other species on our lake and stop the disappearance of foliage on islands we support the establishment of a hunting season for cormorants.\nDs\n"
    },
    "12821": {
        "url": "/comment/12821",
        "comment": "I've fished the Bay of Quinte area for about 40 yrs.. I never use to see a cormorant and now they're very abundant.\nI'm not aware of any natural predation and am concern about the number of fish they remove from the ecosystem.\nI'm also disturbed but the defoiliation at they're roosting sites.\nI believe the fishery is an important resource that needs to be protected and improved. An over abundence of cormorants would be a determinant to a healthy fishery.\nI support culling cormorants.\nI don't believe that very many hunters concider cormorants as a game bird. I believe requiring cormorants to be counted an a daily bag limit would discourage any meaningful hunter implimented cull.\nI believe cormerants should be considered vermin, and if the numbers decline sufficiently, amend the regulations to stabilized a sustainable population.\nThank you.\n"
    },
    "12825": {
        "url": "/comment/12825",
        "comment": "The cormorant population has \"stabilized or declined\" recently yet the proposal puts an open hunting season for basically the entire period they are in this region. I propose that this may doom cormorants to extinction. And you will have the waterfront owners, who complain about these birds, concerned about the noise from the hunters and dangers related to the firearm activity.\nWhat are the cormorants' predators? Can we seek a more natural way to control their population?\n"
    },
    "12826": {
        "url": "/comment/12826",
        "comment": "The move to allow hunting of cormorants is long overdue. The environmental damage to the landscape where they are running rampant is disgraceful and highlights the political interference that has lead to a population explosion that requires action.  What we can\u2019t see is the impact on the fish forage base. Considering the cormorrant\u2019s daily intake requirements it\u2019s obvious that where their populations have exploded damage is being done.\n"
    },
    "12828": {
        "url": "/comment/12828",
        "comment": "Don't kill the cormoranents. Humans' answer to every problem is to destroy it. Find another humane, ethical solution to the problem. Hunting is NOT the answer and only upsets the natural balance of nature. This has been prooved time and time again. Look at Yellowstone and the reintroduction of the wolves. Wolves keep the elk and deer herds under control which allows plant life to thrive. When humans interfere in nature, nothing good comes of it. This planet is dying due to humans short-sightedness. Entire species are being hunted to extinction. You have the power to stop one aspect of this mass extinction. Use it wisely.\n"
    },
    "12832": {
        "url": "/comment/12832",
        "comment": "I agree that cormorants are an ugly, disruptive bird and certainly not one that I enjoy seeing in my area. However I do not agree establishing a hunting free for all is the proper means to control this species.\nMy concerns:\n1. The limit of 50 birds per hunter is a first step toward many (some) recreational game hunters becoming persons who kill for the joy of killing. This would be particularly true for young hunters bowing to peer pressure to kill the highest number.\n2. The overall practice of killing rather than game hunting dangerously erodes the mindset that we as outdoors people must respect our environment.\n3. Policing the \u201cdisposal\u201d of this large number of birds will be practically impossible and likely non-existent.\n4. I\u2019m concerned that killing for the satisfaction of killing will, to control a species, become the norm and other species i.e. nucience bears, deer, seagulls, crows and ravens, etc. (In fact anything people perceive as a problem) will next be targeted.\n5. I would prefer that either a biological means to control breeding , or a culling by professional shooters  (I\u2019m wary of calling them hunters) be utilized to bring down populations in affected areas.\n"
    },
    "12834": {
        "url": "/comment/12834",
        "comment": "I think this is a great idea and long overdue. Although I truly hate the idea of leaving any animal to spoil without harvesting the meat it can\u2019t be debated the level of destruction on habitat over predation on adolescent sportfish and bait fish. The cormorant population must be reduced. I think anyone with an educated understanding of the current situation would agree a cull is needed ASAP.\n"
    },
    "12836": {
        "url": "/comment/12836",
        "comment": "It seems to me that using a method of rendering the eggs useless in all the well known nesting areas in southern Ontario would control the population just as effectively at less cost in both dollars and social unrest among the human population. Perhaps alternating years might be more effective until the desired population level is achieved.\n"
    }
}