{
    "16828": {
        "url": "/comment/16828",
        "comment": "I find it very disturbing that the Government of  Ontario is planning to allow the killing of cormorants.  These birds are a part of the great lakes ecosystem and for the government to allow essentially  fishermen and hunters to target this species due to some fishermen\u2019s fears of them depleting fish stocks and causing environmental damage does not justify the brutal culling of these birds. History has shown that when humans are involved, many problems arise due to overfishing, overhunting, cruelty, and destruction of the environment.\nIf  hunting of cormorants is permitted, there will be birds that will not be killed immediately and therefore it will result in wounded birds that are left to drown, bleed or starve to death. It will condemn chicks, that rely on parent birds, to die of exposure and starvation. If animals must be killed, it must be done quickly and as painlessly as possible. Under the circumstances considered for this hunt, it will result in unnecessary pain and suffering for many of these birds and more than likely for other birds that are not to be part of this cull.\nThe proposed bag limit of 50 cormorants per day from the exceedingly long hunting season from March 15 to December 31 is shocking. In my opinion, this is not management of the cormorants but is outright war on them.\nIt is wrong to decimate a specific species and it is wrong to cause unnecessary pain and suffering, which will result if this proposed cull proceeds.\n"
    },
    "16829": {
        "url": "/comment/16829",
        "comment": "Our cottage is near an area in Northern Ontario where there exists many double-crested cormorants.\nYour proposed time-frame of an \"open season\" on these birds, coupled with the number of persons fishing and kayaking etc. in this area (narrow channels and multiple islands), poses a high risk of a shooting accident. In addition, the concept of hunting them from a stationary boat in this area just enhances the risk.\nA better approach, if these birds are considered a nuisance, would be to oil the eggs in their nests to reduce the population.\nIronically, the large roost of birds in this area has not spoiled the sport fishing at all, so I believe you are being misled.\nI would strongly suggest that if you are going to move forward with sport hunting of the cormorant, that you make the rules significantly more restrictive to reduce the risk to the public.\nIt should be noted that as this comment will be of public record, in the case of an accident, it would be available for discovery in a potential lawsuit or criminal charges against public officials sanctioning this change in the cormorant status to a game bird, without putting the proper controls in place to protect the public.\n"
    },
    "16833": {
        "url": "/comment/16833",
        "comment": "I would like to express my opposition towards the proposal to establish a hunting season for the Double-crested Cormorant in Ontario through amendment to the Fish and Wildlife Conservation Act and supporting regulations.  I believe that the proposed changes lack scientific justification, pose considerable harm to a wildlife species native to Ontario, and have the ability to adversely impact other native wildlife species and habitats.\nMy opinion on this matter has been greatly influenced by those of Bird Studies Canada, their goals being the understanding, appreciation, and conservation of birds.  For the rest of my comments I will quote Bird Studies Canada\u2019s objections to this proposal, as they state their case much more eloquent than I can.  Below is a summary of the major concerns noted by Bird Studies Studies Canada regarding the proposal:\n\"(1)   Lack of scientific credibility and justification\n-The proposal fails to demonstrate a sound scientific basis for the need for the hunt, lacking any detailed information about the species\u2019 population size.\n    -The proposal\u2019s policy rationale indicates that the species\u2019 population is stable or declining, decreasing MNRF\u2019s justification for the hunt.\n    -The proposal fails to address the potential impact of the hunt on the population of Double-crested Cormorants in Ontario, or the potential impact on other wildlife species which could be affected.\n    -The proposal fails to adopt an ecosystem-based approach to wildlife population assessments and management, a key consideration for a species with such complex interactions with aquatic and terrestrial species and habitats. Among other things, it fails to describe a population management objective (population target) provincially or regionally. Nor does it describe a time frame over which the proposal would be in place. Although it proposes a program to monitor cormorant population and trends in Ontario, it would be some years before any such program could provide solid estimates, leaving the first few years essentially unmonitored.\n(2)   Inconsistencies with standard norms for hunting and Fish and Wildlife Conservation Act principles\n-The proposed hunt is inconsistent with every tenet of wildlife management and hunting ethic, including failure to protect wildlife during the breeding season and permission to allow game meats to spoil. This proposed divergence from norms highlights the fact that this is not sport hunting by any standard definition, but is rather a broad-scale and largely unregulated cull \u2013 reminiscent of unchecked \u201cmarket hunting,\u201d which modern bird hunting regulations were designed to correct.\n    -The proposed exemption to the requirement to protect against meat spoilage, coupled with a failure to retrieve or even report carcasses, renders population monitoring and enforcement effectively impossible, which could rapidly lead to large-scale mortality with population level impacts.\n    -The hunting of Double-crested Cormorants during the breeding season is again inconsistent with wildlife management and hunting principles and ethics; such hunting will inevitably lead to failure of nests and starvation of chicks, which are issues of concern relating to both population management and to inhumane treatment to wildlife.\n    -The proposed open season from March 15 to December 31 each year represents the entire duration of the species\u2019 natural annual occurrence in Ontario \u2013 effectively resulting in no meaningful closed season in the province.\n(3)   Impact on Double-crested Cormorant populations, native biodiversity and ecosystems\n-The proposed bag limit of 50 Double-crested Cormorants per day per hunter with no possession limit over a nine and a half month open season is exceptionally high, unsustainable, and without precedent under the Fish and Wildlife Conservation Act for its failure to address the need for population sustainability. It is not unlikely that such a level of hunting would lead to local and/or regional extirpations, as well as reduction provincially to token remnant populations. The likelihood that this proposal would have only a \u2018neutral\u2019 impact is baseless.\n    -The proposal allows for shooting of Double-crested Cormorants on breeding colonies which could lead to mortality of other colonial waterbird species which often nest in close association, such as Great Blue Herons, Great Egrets, and Black-crowned Night Herons.\n    -Disturbance by hunters will disrupt other wildlife nesting in and near Double-crested Cormorant colonies, including the above-noted heron family members, as well as other species such as Caspian Terns, Common Terns, and Great Black-backed Gulls.\n    -The increased level of shooting over water could lead to an increase in toxic shot deposited in lakes and rivers since not all shooters may abide by the proposal\u2019s requirement for non-toxic shot.\n(4)   Public safety and enforcement of proposed changes\n-The proposal allows for unrestricted shooting in Ontario, both in terms of season and location, potentially permitting hunters to be in unsafe proximity to boaters, cottagers and other outdoor recreation enthusiasts. The lack of a closed season in spring and summer increases the public safety risk due to the overlaps of the open season with the peak of outdoor recreation.\n    -The proposal to permit hunting from a motorboat increases risk for public safety, which is contrary to migratory bird hunting regulations.\n    -The large scale of the proposed hunt, the permission to discard carcasses and let meat spoil, and the exceptionally long open season render the hunt (including the daily bag limit) unenforceable by conservation officers.\n    -The proposal\u2019s broad scope and exceptionally high quotas would require intensive and greatly expanded enforcement, as well as greatly increased resources for population monitoring; such resources are not likely to be available at a time when public expenditures are being cut back.\n    -The Ministry\u2019s intent not to provide additional opportunities for public comment, should the proposal proceed, is a concern for due process relating to Ontario legislation, regulations, and policies.\"\nBy using the reasons stated above, I express by opposition to the proposal.\n"
    },
    "16834": {
        "url": "/comment/16834",
        "comment": "This is not a hunt, this is a slaughter. This is not a hunt, it\u2019s an extermination program.\nAllowing this killing throughout the nesting season is unconscionable, especially as cormorants share their nesting space with many other species, and this will disrupt their nesting season as well. Also, there is bound to be accidental kill of non-targeted species since they share the same space and since it can be difficult to distinguish cormorants from herons in the air.\nThis slaughter is being advocated for by fishing and hunting organizations based on faulty assumptions about the cormorants impact on fish stocks \u2014 concerns that have been largely discounted. Others raise complaints that their guano kills vegetation around their nesting sites. While this is true, this is part of the natural cycle and when they move to new nesting areas, the previous ones recover.\nCormorants are inedible, so hunters won\u2019t even be able to eat what they kill. In fact, the MNRF also wants to ease restrictions on \u201cspoilage\u201d meaning that hunters will be able to just shoot the birds and leave them where they fall, injured or dead. As they intend to allow this slaughter during the nesting season, the young will be left to starve in their nests.\nThis inhumane plan must be stopped.\n"
    },
    "16835": {
        "url": "/comment/16835",
        "comment": "I am writing in strong opposition to the proposed cormorant hunt. I am a Professor of Biology at an Ontario University, where I teach Conservation Biology and conduct research in seabird conservation. I have conducted several studies on cormorants, and was an academic consultant for the cormorant cull at Presqu\u2019ile Provincial Park. I oppose the cull for several reasons:\n1. There is little evidence that cormorants significantly reduce the availability of fish to the commercial and sport fisheries.\n2. Rather, studies indicate that cormorants eat round gobies, which are alien invasive fish. Thus, they are important in mitigating negative human impacts on freshwater ecosystems.\n3. Although cormorant numbers have increased since eradication of DDT, we do not know what their numbers were before European colonization of North America. Thus we simply do not know - and cannot assume - that their numbers are unnaturally high.\n4. While it is true that cormorants eventually kill trees in which they nest, they also nest on the ground.\n5. Importantly, the justification for a daily bag limit of 50 birds is not provided in the Ministry proposal. This level is almost certainly not sustainable. Most likely it will result in annihilation of colonies in areas where local people have a vendetta against cormorants.\n6. By allowing hunting of adults during the breeding season, many chicks will die from starvation and dehydration. This is simply inhumane.\n7. The proposed amendment to the Fish and Wildlife Conservation Act, to allow meat to spoil, would open the door to other unpalatable species being persecuted simply because local people do not appreciate their ecological or intrinsic value.\nCormorant control efforts at Presqu\u2019Ile Provincial Park were highly successful in reducing and maintaining cormorant numbers to healthy and viable numbers. Those control measures involved a combination of (1) oiling eggs to reduce breeding success, and (2) culling low - and annually adjusted - numbers of adults by PARK STAFF, not by local hunters. Ideally, control efforts should involve modern Adaptive Management methods including Population Viability Analysis, annual monitoring, and control actions by government employees.\nCormorants are often vilified because they are large black birds that sometimes eat fish that humans like to eat, and whose colonies sometimes smell bad to humans. I have seen results of local fishermen in Atlantic Canada taking revenge on cormorants for erroneously perceived competition for fish. However, cormorants are important components of healthy ecosystems, and are integral parts of our natural heritage. They - and the citizens of Ontario - deserve that they be managed using progressive, ecological sound principles, not by potentially vindictive hunters with high bag limits.\n"
    },
    "16836": {
        "url": "/comment/16836",
        "comment": "I strongly object to the proposed legislation concerning the killing of Double-Crested Cormorants. Allowing such wholesale slaughter for nine months of the year will adversely affect other migratory birds including Common Terns, Caspian Terns, Black-crowned Night Herons, Great Blue Herons, Great Egrets, and White Pelicans. Such birds are currently protected by the federal Migratory Birds Convention Act.\n In addition, the lakes and rivers where Cormorants live will be unsafe for the public during the nine month hunting season and there is no provision for removal of the carcasses which will be detrimental to the environment.\nOther proven more human methods to reduce the cormorant population such as egg painting should be considered as a workable alternative. This can be properly monitored to rate impact and success.\nFinally, it is a tremendous oversimplification to assume that we can re-engineering natural ecosystems by a mass killing of one species. A more controlled regulation such as described above would be more effective.\n"
    },
    "16838": {
        "url": "/comment/16838",
        "comment": "I object to the proposal in its current form -\n1. this proposal seems to be lacking in science-based evidence for how what is essentially a proposed cull of the cormorants in Ontario will affect the other aspects of the ecosystem - especially the fish biota and other bird populations. Cormorants are an easy and emotional target for some in the pro-hunting and fishing community.\n2. I have serious concerns about the suggestion that you are essentially opening Ontario to wholesale shotgun hunting on waterways (lakes, rivers) for most of the year with a long season of cormorant hunting. For those of us with rural properties, it's already a frustration to hear hunters blasting away in the fall for waterfowl, and the spring and fall for turkeys.  Not to mention the poachers who feel free to hunt at any time of the year with virtual impunity since the MNR has so few game warden enforcement staff any more.  The Ford Government proposes to let hunters blast away on our lakes and rivers throughout the summer when we are trying to enjoy our cottages or rural properties.\n3. The cormorants will be wastage since they are not fit for eating, and I am very sure that most hunters will let them float in the water or on the beach where they have been shot to rot rather than properly disposing of the birds. This sets a terrible precedent for hunting behaviour.\n3. I would support a science-based hunt for the cormorant. It should be designed with clear objectives up front, be based on current best understanding the the bird and it's place in the ecosystem,  a limited open season, and should REQUIRE regular objective monitoring and open honest reporting of the results, free from interference by lobby groups and political meddling.\n"
    },
    "16839": {
        "url": "/comment/16839",
        "comment": "It is a sad time in our history when laws/codes are modified, based on flimsy information, in order to allow trigger-happy men to shoot and kill as many innocent sentient beings as he's able. How this is in any way sane, compassionate, effective even is beyond me. Logic should prevail yet it is one of the greatest causalties when misinformation is involved. Please rethink this strategy and forego the completely unnecessary, horrific violence against completely innocent small creatures. Surely, these men can find something better to do with their valuable time and excess energy.\n"
    },
    "16840": {
        "url": "/comment/16840",
        "comment": "Cormorants are not destroying fishing numbers. This is a distraction used by avid anglers to convince those not in the know about species devastation and the results coming out of wholesale killing of this bird. There are plenty for the birds and the anglers. By the way...what kind of person enjoys watching a fish struggle to breathe as it suffers and dies. Great sport!\nIt is important in 2019 in Ontario that all nature is respected and preserved. People who want to kill  for sport are a frightening entity when the majority of citizens so strongly oppose such wholesale killing.\nIt is not a role model we want to share with a generation already infused with the joy of killing. ...anything.\nI full out oppose this despicable and outrageous slaughter of not only cormorants  but the other wild life that will be deemed collateral damage. Shame on such a regressive government .\n"
    },
    "16842": {
        "url": "/comment/16842",
        "comment": "Please reconsider your proposal for an open hunt on the Double-crested Cormorant. This bird is a native species to the Great Lake region that should be celebrated for its ability to recover from near extinction many years ago according to Cornell Labs All About Birds:\n\u201cDouble-crested Cormorant populations have rebounded from persecution and pesticides over the past couple centuries, and today they are a widespread and abundant species. Populations increased steadily between 1966 and 2015, according to the North American Breeding bird Survey. The North American Waterbird Conservation Plan estimates a continental population of over 740,000 breeding birds. In the 1800s and early 1900s, cormorants were frequently shot, and their numbers declined with westward settlement. They also suffered greatly from pesticides used in the mid-20th century, such as DDT, which cormorants ingested from the fish they ate. The pesticides caused thin eggshells.\"\nThere is so much more that we can learn from this bird before we eradicate it for good, which will surely be the result if hunters are allowed to shoot this bird under the guidelines you are permitting. Please allow more time for thorough research and complete scientific studies on this bird.\nWe need to consider a more careful review of the facts when addressing concerns about the amount of fish cormorants consume. Anglers often argue that cormorants are eating fish that otherwise humans might consume and when addressing this questions, a Toronto Star article by Thomas Walkom, a National Affairs Columnist from June 20, 2016 has some compelling findings.\n\"In fact, according to the federal government\u2019s Canadian Wildlife Service, that\u2019s not true. Studies show that less than two per cent of a cormorant\u2019s diet consists of sport fish, such as lake trout or salmon. And less than one per cent of a cormorant\u2019s diet is made up of the fish that sport fish eat. Cormorants do eat a lot. That\u2019s true. But they tend to eat fish that humans don\u2019t want. As the federal environment department notes in one publication: \u201cStudies have repeatedly shown that, in a natural environment, cormorants feed primarily on small, non-commercial, shallow-water fish.\nIn the book \u201dIn The Devil\u2019s Cormorant\", author Richard King provides an opportunity for us to learn more about this remarkable and resilient bird that in one of the world\u2019s most misunderstood waterfowl.\n\"Behold the cormorant: silent, still, cruciform, and brooding; flashing, soaring, quick as a snake. Evolution has crafted the only creature on Earth that can migrate the length of a continent, dive and hunt deep underwater, perch comfortably on a branch or a wire, walk on land, climb up cliff faces, feed on thousands of different species, and live beside both fresh and salt water in a vast global range of temperatures and altitudes, often in close proximity to man. Long a symbol of gluttony, greed, bad luck, and evil, the cormorant has led a troubled existence in human history, myth, and literature. The birds have been prized as a source of mineral wealth in Peru, hunted to extinction in the Arctic, trained by the Japanese to catch fish, demonized by Milton in Paradise Lost, and reviled, despised, and exterminated by sport and commercial fishermen from Israel to Indianapolis, Toronto to Tierra del Fuego.\"\nAs a concerned citizen, I am asking that we allow a little more time to consider all of the perspectives at hand before we cave in to pressure and eradicate this unique species of bird.\n"
    },
    "16843": {
        "url": "/comment/16843",
        "comment": "I believe it's outrageous to conduct this mass culling of the double breasted commoronts. Especially because in the past while their numbers were dwindling, MNR thought to revive the species by creating habitat and laws to help revive them. Now, just because the number of commoronts have grown and probably due to bad stewardship that MNR believe it is time to reduce their numbers, it seems outrageous to slaughter them. I am certain their are more humane ways to reduce their numbers. I suppose one of the ways maybe to introduce natural predators in to their environment and find other ways to disrupt their growth. Culling commoronts by shooting them enmasse would not only kill them but would leave many injured and stress the remaining stock. I suggest more time and forethought go in to this.\nThanks,\nRanga\n"
    },
    "16844": {
        "url": "/comment/16844",
        "comment": "Hello, I'm writing to voice my displeasure with the proposal to initiate a hunting season for Cormorants. First, it's dangerous to enable hunters to shoot at these birds from a boat in the water as people walking on land could get injured or killed as a result. It also doesn't make sense to extend the hunting season into the birds' nesting season as nests and baby birds can be impacted as a result which is a severe and cruel animal welfare violation. Finally, the lack of a limit on possession will make enforcement of the proposed bag limit and carcass recovery provisions very difficult. I hope you will reconsider this proposal given the harsh public sentiment towards it that has risen in opposition to it. Thank you for taking the time to consider my comments.\n"
    },
    "16845": {
        "url": "/comment/16845",
        "comment": "As a professional biologist and angler, I would like to formally register my opposition to this proposed legislation in its current format.  Recent research and anecdotal evidence from current researchers indicates that cormorants currently foraging in the Great Lakes predominantly consume alewife and gobies, both non-native invasive fish species which are now abundant.  Cormorants do indeed consume commercially/recreationally important fish species, but research indicates these species are not the bulk of the Great Lakes cormorant diet presently.  As a result, culling large numbers of cormorants \"en masse\" is not guaranteed to have a significant positive impact on commercial/recreational fisheries, and may even have a negative impact as gobies are direct competitors with native fish species.  More information is required to understand the relationship between cormorants and invasive fish species and whether cormorants are a controlling factor.\nCormorants nest in colonies, often shared with a number of other waterbird species, nearly all of which are afforded protection under the federal Migratory Birds Convention Act (MBCA).  As a result, anyone hunting cormorants nesting in a colony with other species will be in contravention of the MBCA by disturbing protected nesting birds, not to mention the high likelihood for incidental take to occur in the form of accidental harvest of non-target species and loss of eggs and chicks through abandonment.  Federal and provincial agencies struggle to enforce current wildlife laws effectively and there is no additional capacity to enforce either this new legislation or its impacts on existing legislation (MBCA).  Additionally, hunting during the nesting season will cause cormorants to seek out new nesting sites, possibly creating conflict situations with additional landowners.\nIf the main goal of this legislation is to improve commercial and recreational fisheries, there should be provincial data presented with this proposal to indicate that foraging by cormorants is a leading cause of declining fish stocks and that control is warranted.  Anecdotally, the combined effects of irresponsible and illegal harvest of fish, as well as loss of spawning and nursery habitat and direct competition and ecosystem modification by non-native fish species are equally likely causes of poor fishery health.  Reduction of cormorant populations may lead to an increase in goby populations, which, in turn, may have a negative impact on commercial and recreational fish through direct competition for food resources.\nCormorant control measures (culls) have been conducted in Ontario in the past to protect and preserve rare vegetation communities.  Having worked on Great Lakes colonial waterbird colonies, I am well aware of the damage and odor that can accompany a cormorant colony and I am supportive of cormorant control measures when conducted within strict guidelines to accomplish specific goals.\nAssuming that the province can collect or collate data that biologically justifies that cormorant control on this scale will accomplish its intended goals, I suggest that this proposal should be reconsidered and refined based on the following points:\n1. To reduce the potential for contravention of the MBCA, no hunting of cormorants should occur during the nesting season for colonial waterbirds, resulting in a season restricted to the late summer and autumn.\n2. Develop an alternative designation for cormorant rather than \"game bird\" as this insinuates cormorants are hunted for food or sport.  Cormorants are not likely to be considered food by many (any?) and are certainly not \"sporting\" to hunt, as they are clumsy and spend parts of the day unable to fly.\n3. Specific colonies or areas should be targeted on an annual basis to focus control efforts on areas that require it most.\n4. Some main points of the proposed monitoring program should be included in the proposal.  At a minimum, this should include some provincially-supported assessment of the current diet of cormorants, as well as population estimates and a process to allow hunters to report their harvest data.  Monitoring of fish populations in the vicinity of cormorant colonies (both controlled and uncontrolled)  also should also be included in the monitoring program.\nCurrently, I believe there are too many unknowns with regard to this proposal and I feel the government requires more information before it can draft responsible, effective cormorant control legislation that will benefit all Ontarians.\nThank you for providing me with the opportunity to comment.\n"
    },
    "16846": {
        "url": "/comment/16846",
        "comment": "Comments on EBR Registry number 013-4124: Proposal to establish a hunting season for double-crested cormorants in Ontario\nI am strongly against the proposal to open a hunting season on Double-crested Cormorants in Ontario.\n1.       Allow hunting from a stationary motorboat.\n\u2022       This is likely going to cause a lot of disturbance at the nest site, with non-target birds being affected too. Double-crested Cormorants have been shown to nest with American White Pelican, Black-crowned Night-heron, Great Blue Heron, Herring Gull, Ring-billed Gull, Common Tern and Caspian Tern in Ontario (McLeod and Bondar 1953, Peck and James 1983, Thompson 1981). All of these species are protected under the Migratory Birds Convention Act (MBCA) (with the exception of American White Pelican which is only protected under the Fish and Wildlife Conservation Act (FWCA)). Under the MBCA, these birds and their nests cannot be disturbed. The proposal would allow hunters to disturb other colonially nesting birds during their breeding season, which is against the law. The proposal does not mention how it will handle these situations.  Furthermore, what would happen if a hunter accidentally kills one of the non-target species? Will they be charged under the MBCA?\n2.       Create an open hunting season for double-crested cormorant from March 15 to December 31 each year across the province.\n\u2022       The proposed dates essentially constitute the entire time that Double-crested Cormorants spend in Ontario. In the winter months, the majority of them are known to leave the province to overwinter in Florida and the Gulf Coast (Sandilands, 2005). By opening such a long hunting season  - especially during their nesting season - what type of protection will cormorants actually receive under the  Fish and Wildlife Conservation Act? I would like to see some clarification on this. Is the proposal the first step in removing cormorants as a protected species under the act?\nReferences\nMcCloud, J.A.., and G.F. Bondar. 1953. A brief study of the Double-crested Cormorant on Lake Winnipegosis.\n        Canadian Field Naturalist 67: 1-11.\nPeck, G.K., and R.D. James. 1983. Breeding birds of Ontario: nidiology and distribution. Vol. 1: nonpasserines.\n        Life Sciences Miscellaneous Publications. Toronto: Royal Ontario Museum. 321 pp.\nSandilands, A.P. 2005. The birds of Ontario: habitat requirements, limiting factors and status for\n        Nonpasserines: waterfowl through cranes. 365 pp.\nThompson, L.S. 1981. Nest-tree sharing by herons and cormorants in Montana. Canadian Field-Naturalist 95:\n        257-60.\n"
    },
    "16847": {
        "url": "/comment/16847",
        "comment": "I do not support this proposal for a number of reasons:\nFirst, a bag limit of 50 per day is excessive and extreme. I can\u2019t think of any wildlife animal (birds, mammals) that can be hunted legally at such high numbers per day with no maximum number for the season. Also, the hunting period spans a 9-month period that includes the breeding period which again is atypical. With the ministry\u2019s focus on conservation, I am puzzled as it leaves me wondering if this is not just a massive cull of these birds. I know that culling activities are legally carried out in Ontario but I prefer that these are regulated and controlled.\nThere are also serious safety concerns to the public and scientists who study these birds. Cormorants are indeed found in high numbers in Ontario and if people can shoot these birds in all areas and from a boat, it poses a safety risk for people who are recreational users of these areas. In addition, colonial waterbirds that co-nest with cormorants (often in very large colonies) would be subject to disturbance and harm during the breeding season which is an especially sensitive period. As well, this would impact chicks of all nesting species as they would likely die due to this disturbance (from heat, lack of food, predation, etc.). Hunting during the breeding season means that not only are adults and juveniles killed directly but that chicks would also suffer and die. Again, this does not seem to be consistent with a responsible and conservation-minded provincial agency.\nI am not opposed to hunting as most hunters consume their game. These birds however are not consumable but are only considered a nuisance. I worry that some hunters may act irresponsibly (as these birds are despised) and with such an extensive hunting season and the high bag limit, the actions of few could endanger the lives of many.\nShould this proposal move forward, greater restrictions need to be placed on hunting cormorants. Personally however, I do not believe that population control implemented by the public is a feasible approach for managing this species.\nI hope these comments are considered in further drafting of this proposal. Thank you.\n"
    },
    "16849": {
        "url": "/comment/16849",
        "comment": "To Minister Yakabuski and the Public Input Coordinator (Wildlife Section) of the Ontario Ministry of Natural Resources and Forestry (OMNRF),\nI write with great disbelief and disappoint with respect to the \u201cProposal to establish a hunting season for double-crested cormorants in Ontario\u201d (EBR Registry Number 013-4124) \u2013 disbelief because of the absurdity of the proposal contents and disappointment because the OMNRF has again lost substantial credibility with respect to science-based wildlife management. As well-phrased in a statement by the Ottawa Field-Naturalists\u2019 Club (OFNC), the current proposal is \u201ca legalized extermination of an ecologically important native species.\u201d At best, the current proposal is a cruel, perverse, and misguided cull. At worst, the proposal risks significant ecological disturbance of sensitive ecosystems. Consistent with the stance of Bird Studies Canada (linked below), \u201cthe proposed changes pose significant harm to a native Ontario wildlife species, have the potential to negatively impact other wildlife species and habitats, and also lack scientific rationale or justification\u201d.\nIn brief, the proposal wholly lacks science, from the setting of an absurd hunting quota, which strangely inflated a bag limit of 10/day to 50/day in back-to-back EBR postings, to the exceedingly vague monitoring proposal. It begs to be said that the absence of science in the proposal reads like a pander to a high-ranking and ill-informed government employee disgruntled over cormorants on their lakefront property.\nMy stance in opposition to the proposal is fully in line with that outlined by Bird Studies Canada and Professor Gail Fraser of York University (both sources linked below), with major flaws including but not limited to:\n- The orphaning of young cormorants is a cruel and unusual allowance;\n- Large potential of conflict between hunters and outdoor recreationalists over the geographically broad and lengthy hunting period;\n- Furthermore, I am strongly opposed to amendment to the Fish and Wildlife Conservation Act that would allow for meat spoilage of a so-called games species;\n- The threat of cormorants to sensitive habitats is localized (e.g., past lethal management in Presqu\u2019ile Provincial Park). Thus, any such threats should be dealt with in a localized manner (e.g., hired sharp-shooter for local population reduction), rather than the blanket, geographically widespread and \u2018public hunter call-to-arms\u2019 strategy outlined in EBR Registry Number 013-4124.\nI am particularly troubled by the absence of attention to protect other sensitive species that share double-crested cormorant habitat. It is noteworthy that Double-crested Cormorants in flight bear a very close visual likeness to rare visitors to Ontario, such as the Neotropic Cormorant and Anhinga. Only under ideal viewing conditions could these species be distinguished, never mind from the bow of a boat with an itchy trigger finger. I would argue that ducks, geese, herons, loons, grebes and just about anything else that flies over water is at risk due the inadvertent misidentification from a hunter, and with such a low likelihood of enforcement (due to the temporal and spatial breadth of this proposal) the killing of non-target species has the potential to be widespread.\nAgain, consistent with a statement from the OFNC, \u201cthe proposal has serious flaws that would be detrimental to the ecosystem and would undermine responsible conservation practices\u201d. While I believe that it may be possible to instate a legal hunt for the Double-crest Cormorant in Ontario, the proposal presented in EBR Registry Number 013-4124 promotes an extremely poor framework. The allowance for spoilage is unacceptable would set a very misguided precedent for \u201cgame\u201d species. I would be highly disappointed to see the OMNRF produce a response stating something of the like that \u201cpublic comments here heard and changes were made in response\u201d, whilst simply reducing the daily bag limit (e.g., from 50 birds/day to 10 birds/day), a shortened open season, and some modification of the spoilage allowance, for example. This is a proposal that needs to be redrafted in its entirety with the consultation of expert scientists and scientific resources. At present, I cannot reasonably support any part of EBR Registry Number 013-4124, \u201cProposal to establish a hunting season for double-crested cormorants in Ontario\u201d.\nThank you for considering my feedback.\n"
    }
}