{
    "16412": {
        "url": "/comment/16412",
        "comment": "Please do not legislate a hunting season for the Ontario cormorant. Please do not make this bird a game bird. It has been near extinction in the past and has only recently come back as a healthy native species. We need to protect this wonderful aquatic bird. We make so many mistakes as humans, here is a time when we have the power to not make a grave mistake. Our earth is is peril. Nature is in peril. We need, as an entire country to protect what we have left with all our power.\nI spend a lot of time on the water kayaking, and have lived by the water my entire life. The cormorant has lived with me and keeps me company as I sail, swim, and kayak. I can not imagine life without it. Why don\u2019t we promote outdoor activities, and eco tourism instead of killing? Please protect this wonderful bird.\nThank you\n"
    },
    "16413": {
        "url": "/comment/16413",
        "comment": "I strongly agree with this proposal to have a hunting season on cormorants as they have impacted the fishing in our area a lot. The fishing has depleted majorly in the recent years, and I see a lot of cormorants. I have been saying for years  we need to control these birds, or fishing will no longer be sustainable. In addition, where these birds rest on small islands, and their feces/urine kill all the vegetation, the rocks get a slimy green at the water level, and the odor is terrible. Not pretty, and not good for the water-ways.\n"
    },
    "16416": {
        "url": "/comment/16416",
        "comment": "Per the proposal: \"There continues to be concerns expressed by some groups (commercial fishing industry, property owners) and individuals that cormorants have been detrimental to fish populations, island forest habitats, other species and aesthetics.\"\nSeriously?  If there is any population responsible for said negative impacts it is the human race. This is just beyond sickening and disgraceful. Complete and total lack of concern for the environment period. This is nothing more than greed, selfishness and close mindedness.\n"
    },
    "16417": {
        "url": "/comment/16417",
        "comment": "I have seen these birds completely iradicate our gravel pit at home.   Removal all fish from our gravel pits and cause major damage at our northern hunt camp lakes to the fish population on the inland lakes.  These birds were never around 10-20 years ago so you very easily notice the difference they have caused nowadays with the rise in population.  I have seen flocks of 1000\u2019s of these birds on Lake Ontario.   I have seen these birds eat sea-gulls, salmon, and any fish up to 20\u201ds long.\n"
    },
    "16418": {
        "url": "/comment/16418",
        "comment": "The proposed hunting season on Cormorants is ill conceived and should not be approved. I have several concerns:\n- It is an unjustified hunt because it is not based on scientific data indicating that there is a need for a hunt. More research is needed to show whether or not Cormorants do indeed have significant effects on sport fish populations.\n- It is an inhumane hunt in that it will be allowed to take place during the nesting season of the Cormorant, so that adult birds killed may leave young birds in the nest to die a slow and painful death. Hunting should not be allowed during the breeding season.\n- The proposed bag limit of 50 birds per day is much too high. At this level, it would be feasible for one or two hunters to destroy entire colonies of birds, and in regions where there are only a few colonies to  even extirpate the species.\n- It is likely to be extremely disruptive for other species which nest in colonies with the Cormorants. These include species such as the Great Blue and Black-crowned Night Heron,  Herring and Ring-billed Gulls, Great Egrets and Caspian Terns. Some of these species are uncommon in Ontario, nesting in only a few locations. This is another good reason that shooting should not be allowed during the breeding season.\nThanks for the opportunity to comment.\n"
    },
    "16419": {
        "url": "/comment/16419",
        "comment": "I hope I'm not too late to express my opposition to the plan to change the Fish and Wildlife Conservation Act in order to allow individuals to kill up to 50 cormorants per day.\nThis proposal is cruel and pointless and serves only to give pleasure to those who enjoy killing living things. Sadly, it's the kind of backward thinking that I've already come to expect from this impoverished government. We should be ashamed of ourselves if it passes. I wrote to the premier voicing similar sentiments on December 13.\n"
    },
    "16420": {
        "url": "/comment/16420",
        "comment": "The double breasted cormorant population of Ontario is tiny, far less than the human population of Toronto.  There is absolutely no reason to allow for the senseless killing of valuable living things just to please a small minority of obese, illiterate, wards of the state who are in fact killing the Ontario economy.  The average 'hunter' costs the Ontario economy over $150,000 a year just in health care costs alone.  Add on to that the chronic unemployment which is typical of someone stupid enough to think that pulling a trigger is a sport, police callouts to their homes for 'domestic issues' and of course the never ending impaired driving problems so many of them 'suffer' from.\nI will be sure to vote out anyone who supports of this completely moronic  proposal.\n"
    },
    "16422": {
        "url": "/comment/16422",
        "comment": "I opposes the proposal for the following reasons:\nIt lacks any supporting scientific evidence, lacks any clear objectives, poses a risk to co-nesting species, and potentially places water-based recreationalists at risk.\nA province-wide spring and summer waterfowl hunting season would be unprecedented in Ontario. This extended hunting season of the Double-crested Cormorant will occur when recreational water use is at its peak. This poses a safety risk to cottagers, anglers, boaters, and others involved in outdoor recreation activities.\nPutting non-hunting outdoor recreationalists in conflict with hunters, and in potential danger, is unacceptable. Furthermore, I am concerned with hunters shooting too close to the houses that line our lake, we have experienced this in the past.\n"
    },
    "16423": {
        "url": "/comment/16423",
        "comment": "My husband and I are very troubled by this proposal.  Why do humans feel they have to 'manage' everything in life and nature.  It has already been stated that cormorant populations were previously in decline, rebounded and are now declining somewhat again.  It is easier to kill things than regenerate them so what happens if they become scarce, will we try to repopulate the cormorant species?  I very much doubt it!  If this bird breeds so abundantly that it needs man to control its population why hasn't there been an Alfred Hitchcock type invasion from them previously.\n We have a pair of cormorants on our lake that everybody here recognizes - we know they eat the fish but somehow we all get along and it would be sad to see them culled.\nPlease let nature take its course.\n"
    },
    "16424": {
        "url": "/comment/16424",
        "comment": "Species of all kinds often go through periods where they decline in numbers.  There is no one factor or cause that can cause any one species or type of fish decline in numbers.  The environment and world we live in has been suffering for decades, due to pollution, over fishing, pesticides, contaminants and various other factors, our wildlife has suffered and will continue to suffer.  To say that our Cormorants are the basis of fish or environmental decline, is looking at this problem with tunnel vision.  Problems within our eco-system are multi-faceted and are rarely solved when we put another species at risk.  When we place another species at risk, our eco-system will continue to suffer.  There must be another way to engage with individuals in conversation to solve the supposed issues caused by Cormorants.  In my opinion, there is never just one cause to a problem, we must look at ways of helping our diverse species in Canada without the necessary aim of killing.  Cormorants like other species, are sentient beings, they feel and hurt when they die.  Surely, there must be other ways of solving this problem.\n"
    },
    "16425": {
        "url": "/comment/16425",
        "comment": "Cormorants are a native species to the region, predating humans by millennia. They have a right to be here, and their numbers have only recently returned to a healthy range in the wake of negative impacts from direct and indirect human intervention (hunting and pollution). Justification for a cull based on claims of aesthetics are subjective, self-serving, and have nothing to do with science.\nOn the other hand, if we apply the government\u2019s justification re: impact on sport fishing stocks, to the actual agents of their depletion, we\u2019ll be culling the anglers themselves.\nThere is no legitimate or scientific justification for a cull to begin with. That the proposed cull is so ill thought out and unbalanced, should be offensive to anyone whose rational capacities are not permanently overwhelmed with blood lust.\nClaims that the various effects of the cull will be neutral are not merely unsupported; rather they are obviously wrong, in most cases contradicted by science and existing studies. And speaking of studies, the government\u2019s claim that it will monitor cormorant populations going forward, is specious to the point of insult: a moments consideration of the scope of the proposal makes it plain that the entire cormorant population could be wiped out in a single season. That\u2019ll be a quick study. On the other hand I can\u2019t wait to hear what the local populace will be saying as the rotting carcasses that the hunters will be permitted to dump, start bringing out the coyotes.\nThis is not good stewardship. This is just more bullying, from a government that has no mandate and no plan, just a steady stream of unpleasant surprises.\n"
    },
    "16428": {
        "url": "/comment/16428",
        "comment": "I think the cormorant hunting proposal is a terrible thing.\nJust because something is flourishing now you want to wipe them out?  It seems like if even one person kills 50 every day for so many months it won't take long for all the cormorants to be gone.\nIf people start blasting away in nesting colonies that's going to cause a lot of damage. I can only imagine how many baby birds would starve to death after their parents are killed.\nFrom everything I've read, there is no evidence that the birds compete with commercial fishing.\nHow can a native species be considered detrimental to fish populations, island forest habitats, other species and aesthetics?  They are just doing what they are meant to do.  They don't have a choice and shouldn't be killed because of it.\nOnce again human-idiocy rears its ugly head when we should be embracing the stable population of cormorants.  Some people won't be happy until everything is on the endangered list.\n"
    },
    "16429": {
        "url": "/comment/16429",
        "comment": "While I understand the desire to have a hunting season for the cormorants I don't understand how the 50 birds/day is a rational amount? Also, do people eat cormorants? Use the feathers/carcasses for anything at all? If the answer to both of these is no then people killing off essentially all of the cormorants are no better than trophy hunters with tigers or rhinos. Killing off essentially an entire species just because some people view them as a pest is absurd.\n"
    },
    "16433": {
        "url": "/comment/16433",
        "comment": "Hi, I'm submitting my concern for the proposal of the culling of Double-crested Cormorants. It's saddening to see that this proposal has been done without any scientific evidence backing any of the claims or solutions to the problems listed. Cormorants have been historically declining and are only recently starting to rebound in population. With a population of only about 2 million, an open season on these birds would be detrimental to not only their population but to entire ecosystems. Bowing down to fisherman and everyday citizens and creating laws without studies or scientific evidence surrounding them is concerning incredibly irresponsible. I hope that you will make a wise decision and allow the cormorants to live in peace.\n"
    }
}