{
    "12861": {
        "url": "/comment/12861",
        "comment": "I would ask those who are contemplating introducing new regulations to allow the hunting of double-crested cormorants in Ontario to think again.\nThese magnificent birds which suffered greatly from the intervention of man made pollutants  in the environment in the 1960s and which are still the focus of many non scientific prejudices should be allowed to live in peace.\nWe humans will only survive as a species if we can rediscover the wonder that is to be found in the natural world and to change our inner propensities for killing to a readiness for respect.\n"
    },
    "12862": {
        "url": "/comment/12862",
        "comment": "Mother nature is definitely out of balance when it comes to the double - crested cormorant. There are just too many of them and with no natural predators, we need a hunting season to bring their numbers under control. The double - crested cormorant's over population is damaging trees and ruining whole islands and waterfront property with it's feces. They can also have a very negative impact on local fish populations. They are plain and simple eating machines, with no checks in their population.\nI fully support this proposal.\n"
    },
    "12863": {
        "url": "/comment/12863",
        "comment": "Proposing a hunt for any bird species, particularly colonial nesting species, during the breeding bird season will impact other species that Cormorants nest alongside (e.g., Great Blue Heron, Great Egret, Black-crowned Night-Herons).\nMy concern is that having this hunt, which is open during the nesting season, will impact not just Cormorants but many other species, many of which are sensitive to humans and may be negatively impacted by this hunt.\nThe dates that this hunt is open should NOT occur during the breeding bird season.\n"
    },
    "12866": {
        "url": "/comment/12866",
        "comment": "I fully support a hunt for cormorants. I have seen their numbers explode in my area over the last 5 yeras.\n"
    },
    "12867": {
        "url": "/comment/12867",
        "comment": "Greetings,\nThis proposal is absolutely cruel and inhumane. These birds create no harm to the environment or fish. In fact these birds are sign of water quality. Many scientific papers have been published about this. Instead of creating awareness and celebrating the return of this magnificent birds back from extinction...you are proposing to murder them in thousands for what? Each bird is part of a family unity and they come every year in March to bread, socialize, raise the kids.\nWhat damage are these birds causing? In Hamilton habour, which is one of the most polluted places in Lake Ontario.  They bread and colonized on a man made island. Using few trees that no one cares or uses. In front of one of the biggest polluters \"Steel Factory\". Do you believe these innocent birds are damaging the Lake?\n\"Black-crowned night herons nest in the undergrowth, often under cormorant nests. Culling cormorants should save their habitat from an acidic demise and boost the heron population. Instead, those populations declined when the cormorants were killed.\"\nThey eat the round Gobies, a fish the DNR claims is invasive.\nhttp://greatlakesecho.org/2010/07/15/cormorants-gobble-round-gobies-few\u2026\nWhat balance are you trining to achieve here? Nature is already balanced.\nIt's an amazing sight to watch these birds in thousands fish our great lakes and travel together.\nPlease I urge you to stop this proposal. We have hunted many species to it's extinction and it's taken decades of hard work to bring some species from the dead. Please don't repeat the mistakes of the past so our future generation pays for it.\nThanks,\nLinda K.\n"
    },
    "12870": {
        "url": "/comment/12870",
        "comment": "I believe it\u2019s time for this proposed\nlegislation to declare the double crested cormorant a game bird with a controlled hunt.  There are just too many of these birds inhabiting our harbours, outcropping and other fish rich areas. With no natural predators, we need a hunting season to bring their numbers under control. The double - crested cormorant's over population is damaging trees and ruining whole islands and waterfront property with it's feces. During hot summer\ndays the odour from their waste can be overpowering when leaving the harbour to fish or cruise on Lake Ontario. I also know from my experience with these birds on the St. Lawrence River around Cornwall, that if their numbers are left unchecked, they can also have a very negative impact on local fish populations.\nI fully support this proposal.\n"
    },
    "12876": {
        "url": "/comment/12876",
        "comment": "I support the hunt in Ontario as other means to control the numbers have had limited effect (oiling of eggs with kerosene ) Lake Huron is facing growing concerns with reduced numbers of baitfish and declining populations of fish stocks.  The hunt it must be balanced with monitoring to prevent total elimination of the species.\n"
    },
    "12879": {
        "url": "/comment/12879",
        "comment": "I fish the open waters of Lake Ontario. I see the flocks of birds, I understand the negative impacts. I don\u2019t understand why there should be a hunting season on a bird that won\u2019t be eaten.\nWhy allow the bird to grow to the size that it needs to be hunted to control the impact it has on an environment?\nPeople go on and on about the bird and how awful they are and the detriment that they cause to fish stocks and trees. Why not simply cull the eggs? Why not sterilize a flock.\nI\u2019m not a hunter nor am I a bio but it seems like a lot of work and effort so a bunch of guys in camo with shotguns can try to control an issue that can be dealt with before it even becomes a issue!\nHow will a cormorant hunt help someone that lives in the city limits of a major city like Toronto where there is no hunting permitted?\n"
    },
    "12880": {
        "url": "/comment/12880",
        "comment": "After reading your proposal, I am left with many questions. It does not sound like you really know what the consequences will be for the population of Double-crested Cormorants in the long-term if you allow them to be hunted, do you? Nor have you really demonstrated actual impacts that these birds may or may not have on fish populations. Remember how the Harp Seal was blamed for declining fish populations but then the real fault was found to be over-fishing by humans? Are competitive fishermens' complaints actually being taken as proof here? If as you say, you haven't a clue about how many hunters will be killing Double-crested Cormorants or where, then how can you possibly state with any certainty that the effect of your proposed hunt will be \"neutral\" ecologically -- it's impossible to predict that because there are many hunters in Ontario. Everything is ecologically related and this population of birds was low once before already, so you need to consider this idea more carefully before opening hunting on a species so freely -- \"50 bagged birds,\" \"no possession limit,\" and from \"April to December.\" This sounds excessive and likely to cause an impact on the population eventually \"depending on the number of hunters.\" Your proposal sounds like you are catering to a group of people who just don't like Double-crested Cormorants really. Your comment about \"aesthetics\" is a statement about what is completely wrong with society today, and I find it shocking that you'd even consider it. It worries me that you would find 'looks' so important that wildlife must be killed to protect that -- it's sheer nonsense and should not be part of any intelligent conservation plan. Do we cull people that we think are ugly or create a mess on their property? It is tantamount to the same thing really -- arguments based on aesthetics cannot be considered when the job is to protect our natural world for the betterment of human life. Anyone familiar with them knows that these birds can damage a small number of trees but that is natural and certainly should not be used to justify your proposal. Humans do the most extensive damage to trees and all environments in general, so are we going to hunt foresters and developers too? Of course not. Many wildlife species on this planet are ugly or do ugly things in order to survive but 'ugly' is not the same thing as 'bad' or 'harmful.' The success of human survival depends on protecting species diversity and this proposal sounds like it could cause harm to populations of colonial waterbirds in Ontario in the long-term. Birds such as American White Pelicans (which is a species at risk), Black-crowned Night-herons, Caspian Terns, Common Terns, Great Blue Herons, Great Egrets, Herring Gulls and Ring-billed Gulls are often blended with Double-crested Cormorant nesting colonies. If hunting is allowed in or close to those colonies, it would have the potential to disrupt the breeding season of many birds. How is the wildlife that humans depend on supposed to sustain itself if we allow hunting during any breeding season? And the cruelty caused to young orphaned birds by this type of hunt is not ethical as well. So, no hunting should be allowed near any active bird colony including one of only cormorants, and hunting should never be allowed during breeding seasons. In the recent past, we already had to work to bring colonial waterbirds back to respectable numbers, so please don't allow such a needless practice as sport hunting to reverse that hard-won achievement. Humans always underestimate the long-term damage we can do to other species through seemingly legitimate short-term actions. Please reconsider this unhealthy sounding proposal. A hunter couldn't have written it better and that is a skewed and risky viewpoint. Also, with climate change effects now at a tipping point in human history, we NEED to protect our diversity fiercely and not waste our precious resources on unnecessary human WANTS. Sport hunting is a waste of potential food sources, and you even stated that hunters should be allowed to let cormorants \"spoil\" in their possession -- shame on you for that! No wildlife should be killed and left to spoil in the name of 'fun' because wildlife has immense value to humans and you should be protecting it for future need. Furthermore, my family has been threatened in the past on our home property by raccoon hunters whose bullets could have injured us from a nearby field. I have also been in great fear of gunfire at the shore of Niagara-on-the-Lake in winter, where Americans can legally hunt ducks on the Niagara River. In my experience, Double-crested Cormorants are very often found near human habitation or where humans go for recreational purposes, even their colonies in parks and such. So this adds another unnecessary risk to humans from your proposal. It only makes sense that hunting should never be allowed where humans live or play close by (knowing that a bullet from a rifle can travel up to a mile in some cases). So, hunting is already allowed too close to where human activity takes place in Ontario -- Presqu'ile Provincial Park duck hunting is another example I can remember feeling uncomfortable with. So, please reconsider this disturbing proposal for all of the above reasons. Thank you.\n"
    },
    "12882": {
        "url": "/comment/12882",
        "comment": "I live on the St Lawrence River, I have  seen many cormorants feasting every day on the sport fish and their minnows in front of our house.  They have distoryed many trees which they nest in and smeared our boats and docks with their shit. The numbers of small bait fish have drastically declined because of their numbers. There are about 100 nest cormornants with in a mile of my home and we need a season to save the fish!\n"
    }
}