{
    "15698": {
        "url": "/comment/15698",
        "comment": "The proposal has serious flaws that would be detrimental to the ecosystem and would undermine responsible conservation practices. Neither the proposal not the conjecture of its proponents is supported by any scientific evidence.\nDavid W. Moore\nPast President\nOttawa Field-Naturalists' Club\n"
    },
    "15699": {
        "url": "/comment/15699",
        "comment": "There are two very important points which I believe should be considered before a mass killing of shore birds:\na) are fish stocks depleted because of over fishing and should the government provide aid to fishers rather than a plan to eradicate wildlife.\nb) has a thorough scientific study been undertaken.\nWithout these two considerations the Ontario government would be acting erratically.\n"
    },
    "15700": {
        "url": "/comment/15700",
        "comment": "I strongly support the establishment of a hunting season for double-crested cormorants in Ontario. I reside on Big Rideau Lake and spend countless hours fishing within these waters. If this bird is not culled they will clean out many game fish and destroy islands where they nest and roust.\n"
    },
    "15701": {
        "url": "/comment/15701",
        "comment": "This proposal has got to be the most inappropriate way to kill off the cormorants. I cannot begin to imagine the stench and waste of rotting cormorant bodies in the area, to say nothing of the very negative environmental impact in the area.\nThe idiotic behaviour the ministry would create with their sledge hammer approach to appease whomever the Conservatives are trying to placate on cormorants would be a catastrophe. The impact on other water birds would be outrageous if there were hundreds of cormorant hating fisher people who imagine this strategy would help the fishing possibilities.\nPlease come to your senses!!\n"
    },
    "15705": {
        "url": "/comment/15705",
        "comment": "This proposal, with which I disagree, reminds me of the probable extinction of the Eskimo Curlew. From Arthur Cleveland Bent (1929), \"Hunters would shoot the birds without mercy until they had literally slaughtered a wagonload of them.... Sometimes when their wagons were too quickly and easily filled, whole loads of the birds would be dumped on the prairie, their bodies forming piles as large as a couple of tons of coal. The bodies would be allowed to rot while the hunters proceeded to refill their wagons with fresh victims and thus further gratify their lust of killing.\"\nLocal control of cormorants based on science would be much more reasonable than the current proposal that would set us back a century.\n"
    },
    "15707": {
        "url": "/comment/15707",
        "comment": "Attn: Ministry of Natural Resources and Forestry and the Ontario Government,\nI would like to submit my strong formal objection to this proposal. I believe this is purely a political move, bending to whim of certain stakeholders, such as those in the commercial fishing industry, who's general beliefs about the Double-crested Cormorant are not founded in scientific study, but in generational myths.\nDouble-crested Cormorants (DCCO) are a native Ontario bird who's population is just recently stabilizing after nearly being wiped out by the use of environmental contaminants several decades ago. Their return to the Great Lakes has been heralded as one of the greatest environmental success stories in recent times. As the proposal itself states, the population is considered \"stable or declining\". If that is the case then why is this CULL, being disguised as a hunt, even being proposed?\nDCCO are social colony nesters, and just like most other seabird colonies, they can nest in great numbers and reduce vegetation in very localized areas in their nesting sites. Perhaps to some it may be unsightly, but it is a natural ecological process, and aesthetics alone is a very weak reason to cull a native species. These barren nesting sites and dead vegetation benefit other species of plants, animals and insects, which thrive in that type of environment.\nCormorants rarely nest alone - they often co-nest with other species which are protected under the Migratory Bird Convention Act, such as Great Blue Herons and Black-crowned Night Herons, Great Egrets, Ring-billed Gulls, Herring Gulls, Caspian and Common Terns and Ontario's only American White Pelicans. Many of these other sensitive species are declining in Ontario, and hunting activity surrounding Cormorant colonies are likely to disturb or incidentally kill these other birds, which would be a direct violation of the Migratory Bird Convention Act. Also of concern is the close resemblance on the water that cormorants bear with other protected diving birds, such as Common Loons and Grebes, and rare visitors during migration such as Red-throated and Pacific Loons.\nI am frankly shocked with the so-called \"season\" proposed (March 15 - Dec. 31). This would have it open before these migratory birds return to the Great Lakes to breed, and well after most of them they have migrated south in the winter. Allowing these birds to be culled during their nesting season, besides the disturbance to other sensitive co-nesting species, is incredibly unethical and inhumane, as both parents are required for nest success. If even one parent does not return to the nest the chicks are likely to starve to death.\nThe changes that are proposed to be made to the Fish and Wildlife Conservation Act which will allow hunters a bag limit of 50 per day, no possession limit, and allow the meat to spoil, are alarming and unprecedented. With the excessive bag limit, and no proposed mass hiring of new Conservation Officers or Wildlife Enforcement Officers, these limited regulations are just simply not enforceable.\nFurthermore I strongly disagree with the Double-crested Cormorant being designated a \"game bird\", as it is largely considered inedible. Even so - all other game bird species in Ontario, including Canada Geese (which many people believe to be a nuisance) - have a well-defined season from September - December which does not overlap with their main breeding season.\nMy greatest concern, which I'm sure will be shared by many people - even those who do not necessarily favour Cormorants - is the potential public health issues surrounding the dead birds washing up on shorelines all across Ontario, especially throughout the summer months. Who will be paying for the proper disposal of these carcasses which will inevitably be left behind on the water? Public safety seems to have also been overlooked, since hunters will be allowed to shoot these birds from the water during the summer months. At the very least, waterfront recreation will suffer in many communities, particularly smaller municipalities which rely on it to fuel their local economies.\nIf further scientific study indicates a need for local population control of colonies of Double-Crested Cormorants, I compel the MNRF to consider the alternative control methods which have proven to be successful in the past, such as egg-oiling, ground-nesting encouragement and localized pre-breeding season culls carried out by MNRF technicians or contractors.\nIt is irresponsible and entirely inappropriate to leave the population control of a native species up to the general public, and open an indiscriminate hunting \"season\" without clear rules and regulations, or regard for public health and safety. I find it extremely disappointing that the current Ontario Government would push forward such a proposal without scientific evidence and the backing of the scientific community. I strongly urge the government to do further scientific study, and to work to reduce or eliminate the many other factors that present far greater threats to our lakes, watersheds and fisheries.\nAs a taxpaying citizen of Ontario, a public servant by profession, an avid conservationist and environmentalist, as well as angler by hobby, I whole-heartedly reject this ridiculous proposal as it stands, and I plead with all other Ontarians to do the same.\n"
    },
    "15709": {
        "url": "/comment/15709",
        "comment": "I  do not think that this cull of cormorants is well thought out in terms of numbers and length of the season . I fear that the hunt may be detramenal to other breeding birds and affect the enjoyment of summer activities as well as bird watching in the fall.\nWe want to lower tear numbers not eliminate them.\n"
    },
    "15713": {
        "url": "/comment/15713",
        "comment": "The double-crested cormorants in Ontario in an inedible bird, not a game bird by any stretch of the imagination, a key citizen in its ecosystem, and a liability to no-one. Its ecological role is key, which is why its population has recovered from prior human insults. Please don't add injury to insult by encouraging its killing by those who are just mildly annoyed by it. Extinctions (think Passenger Pigeons as just one such) are forever. Please protect the double-crested cormorants. Not a 'game bird' - no hunting.\n"
    },
    "15715": {
        "url": "/comment/15715",
        "comment": "I strongly recommend that the Ministry reject the proposal to allow hunting permits for the hunting of double crested cormorants.\n1) There is no evidence that this species has had any detrimental effect on fishing or on private property. If so could this please be published on the Ministry web site. I mean scientific evidence with references and hard data not simply statements that representations to this effect have been made.\n2) The proposal would be detrimental to many other species that share habitat in close proximity to the cormorants. They would undoubtedly be disturbed by hunting activities particularly at nesting time.\n3) There are 6 species of cormorant resident in Ontario but the Ministry has only issued permits for the double crested cormorant. Distinction at a distance may be difficult even for experts. How will the Ministry ensure that only the species named will be hunted and what would be the penalties for hunters who kill similar species when permits are only for one named species?\n4) The Ministry should issue a statement to clarify what it feels are the justification for this proposal and give more detailed information as to where the pressure for this proposal is coming from.\n"
    },
    "15716": {
        "url": "/comment/15716",
        "comment": "Cormorants seldom nest alone, by themselves, in single species colonies. In Ontario, they almost always nest with one or more of the following groups of colonial water birds: gulls, terns herons, egrets and pelicans. These species are protected by federal migratory bird legislation or provincial legislation.\nDischarging shotguns at or near cormorant nesting colonies, including shooting at flying birds and shooting adults on their nests \u2013 both in trees and on the ground, would be an enormous disturbance to all of these co-habiting species. It is almost a certainty that these protected species will be accidentally killed. Please reconsider his proposal on humanitarian reasons alone\n"
    },
    "15719": {
        "url": "/comment/15719",
        "comment": "I am strongly opposed to the proposal to designate the double-crested cormorant Phalacrocorax auritus, as a gamebird, to allow hunting virtually throughout the year, to allow a bag-limit of 50 birds and to allow the harvested birds to spoil. The species is widely acknowledged to be virtually inedible and its genus does not feature in human diets anywhere on the planet. Hence the hunt is definitely not aimed at allowing the harvesting of nutritious wild game. The 'allow spoiling' provision means that the Ministry expect the bird to be disposed of immediately, in the fashion of a cull.\nAs the bird is a slow and ponderous flier, it does not provide anything approaching 'sport'. What this proposal apparently intends is to make the species target practice for people who wish to kill things for no good reason. The proposal acknowledges that the species is not increasing and claims that the population of double-crested cormorants will not be affected by the hunt. Hence it will not have the effect of diminishing the various damages that have (mostly erroneously) been attributed to the bird. I do not believe any true hunters will be interested to hunt cormorants, so this proposal will simply allow live target practice for killers.\nMany years ago our society allowed practices that we now find abhorrent (wife-beating, slavery, the incarceration of people for sexual orientation, capital punishment, corporeal punishment of children, etc..). I think that this proposal is a throwback to those times, when people just shot living creatures for fun, without any of the knowledge or skill of the true hunter. As such, it represents an extraordinarily regressive initiative and one that I wish to strongly condemn.\nThere are many other arguments against this initiative on biological and environmental grounds. It appears to me utterly senseless and can only have been proposed by those who are totally uncaring of animal cruelty, and unconcerned about wildlife conservation. I was as shocked to read this proposal as I would be to hear that children will be allowed to torture cats, or that husbands can rape their wives. Surely we should continue to make our rapprochement with wildlife rather than step backwards in this frankly barbarous manner.\n"
    }
}