{
    "12547": {
        "url": "/comment/12547",
        "comment": "As an avid waterfowler and all around outdoor enthusiast I am in support of an open season on cormorants.  The cormorant population in the Bay of Quinte region that I call home is seemingly \"out of control\".\nThere are many islands in our beloved bay that have been destroyed in recent years, turned to mere piles of barren rock with no signs of vegetation. These are islands that once flourished with vegetation, until the cormorants began to nest on them. Not only are these \"dead\" islands unsightly, but I would assume the lack of growth negatively effects the other wildlife that would otherwise inhabit these islands (I.e. less food, less cover/shelter).\nIn recent years while goose hunting in fields closely bordering the bay we have witnessed almost daily certain times of the year (late September through mid October) Cormorants flying overhead by the thousands. With this vast number of Cormorants in the area, I can only believe that they are having a negative impact on our ecosystem.\nThis is why I agree that we should open a hunting season for Double-Crested Cormorants in Ontario.\n"
    },
    "12548": {
        "url": "/comment/12548",
        "comment": "To Whom it my concern, it is my personal opinion that this proposed season on the double breasted cormorant would be a tremendous betterment to the fisheries and the environment.\n  I am an avid fisherman in the area of Port Elgin and Southampton Ontario and have the devastation to what was at one time a beautiful luscious island with lots and lots of greenery. As of the past 8 to 10 years it has been reduced to a bunch of dead limbs and dead vegetation. I have also seen them in the harbour area nd the shallow waters outside of that gorging themselves on various breeds of fish including game fish like small bass and perch.\nThey are also always in the Saugeen river around Southampton feeding  on what I believe  are the smolts from the rainbow trout and salmon the spawn in the same river. I also understand that they have moved inland to numerous small lakes and are doing the very same thing.\nSo in summary I believe that an open season would be  great benefit to the environment\n"
    },
    "12550": {
        "url": "/comment/12550",
        "comment": "I am in favor of a hunting season for them but not in the summer from a motor boat. I do all my boating on Georgian Bay where I see a lot of cormorants. The thought of someone hunting while I'm boating concerns me. Will I need to wear a hunter orange life jacket?\nAllowing a 50 bird bag limit and removing the spoiling regs sounds like a cull not a hunt. I don't like these birds but I still think if we are allowed to hunt them it should be done consistent with hunting other game birds.\n"
    },
    "12552": {
        "url": "/comment/12552",
        "comment": "I think the proposed cull / hunt of Double breasted Cormorants is misguided and lacking any scientific data ! The concern expressed by groups/ people should not be enough to justify the killing of these birds. I would expect that before a government agency proposes such measures ,ALL information available would be studied ! Anything else would be highly irresponsible!\nI would also like to add that any hunting permitted during nesting/breeding season of any species of animal/bird is not only cruel but unethical and extremely inhumane!\n"
    },
    "12553": {
        "url": "/comment/12553",
        "comment": "I think this proposal is long overdue. I applauded those taking the initiative on this and think the structure of it sounds fair and reasonable. I'm for this proposal 100 percent and hope it comes to fruition soon. Cormorants are becoming and have been a chronic problem on many lakes and rivers in Ontario and it's time for proactive action to be taken.\n"
    },
    "12554": {
        "url": "/comment/12554",
        "comment": "I strongly believe that there must be a hunting season for the double crested cormorant in Ontario. I fish the great lakes regularly and have noticed a dramatic increase in the number of birds that we see on our outings. We have also noticed more cormorant further North in Ontario where before we would never see.\nThe research done on the amount of fish that the bird consumes daily is enough to raise a few alarms as well. The sportfishing and revenue that it brings could severely decline if the bird continues to rise on the path it is currently taking.\nThank you\n"
    },
    "12556": {
        "url": "/comment/12556",
        "comment": "I have seen the devastating effect of the cormorants from the view at Cherry Beach in Toronto and in the Thousand Islands. In the past two years, they have taken up residence on Kennisis Lake and have tripled there population.\nI\u2019m concerned with the negative impact they will make to other species, the fish stock and the landscape.\nPlease allow a cull to take place.\n"
    },
    "12557": {
        "url": "/comment/12557",
        "comment": "you say these filthy birds are native , they arent . i however am (native) . didnt see one growing up in the 60s 70s ,or 80s . now we have 100s of thousands of these fish stock destroyers .\nshot a couple and threw them in the boat . the smell was horrific . had to dispose of them in a hurry .\nlets kill them all while we still have fish left .\n"
    },
    "12559": {
        "url": "/comment/12559",
        "comment": "I am a Fisherman / family.  And we fish lake ont and Erie and kayak small water ways . .  And is is crazy the destruction these birds do . Shore line and fish. Watch them every few mins pop up with another small catfish or bass . The bait fish . There is far to many. You must know or you wouldnt be asking for conformation.  Please move forward with this for future generations.  Thanks\n"
    },
    "12561": {
        "url": "/comment/12561",
        "comment": "I am not a hunter but these birds , destroy every roost they land on , create havoc on the environment they are in by the sheer numbers of them , they eat approximately a pound of fish each every day , the droppings affect the land , trees and waters they live near and on , the stench is also very disturbing to people , in my opinion , as a fisherman and tax payer and license purchaser in Ontario , these birds need a major culling , I have heard of egg oiling that has proven ineffective , they need to be culled down in major numbers in my opinion .. thanks for listening\n"
    },
    "12563": {
        "url": "/comment/12563",
        "comment": "I believe the hunt should take place or at the very least a cull must take place. The lakes and waterways are full of these birds look at the devestation they have done to the shorelines in southern ontairo. Thousands of these birds have wiped out mature trees due to thier toxic droppings. And nesting practices.\n"
    },
    "12566": {
        "url": "/comment/12566",
        "comment": "This is long over due, too many shore lines have been destroyed. Too many fish have been killed and not eaten. Take a drive in a boat down the lower Niagara and see the dead trees that are covered in that toxic poop these birds leave.\nI live in Jordan and have been fishing the harbour since a kid. About 10 years ago I saw the my first cormorant land in there. Now there are flocks there now. Let\u2019s not let further damage to our landscape and fisheries get out of hand. Please pass this policy.\n"
    },
    "12567": {
        "url": "/comment/12567",
        "comment": "I strongly support this proposal.\nAs a sailor and fisherman (Lake Erie and Ontario and Niagara River) I\u2019ve become increasingly concerned about the cormorant population over the past 20 years.\nProvided the new open season is managed in a way that protects public safety, I agree w reducing the  number of cormorants by creating an open season.\n"
    }
}