{
    "12572": {
        "url": "/comment/12572",
        "comment": "I support the need for some sort of action to control or reduce the cormorant population.  I support the proposal and look froward to it being implemented in a way that is sensitive to non-hunters needs and concerns. I work in the marine industry in Toronto and have had conversations about this possible action with my non hunting peers. They were shocked at the idea that it is legal to shoot anything on Lake Ontario. Having a boat of hunters removing 100's of birds at a time, 50 per hunter, is bound to get noticed by other lake users. Let's figure it out, because it needs to be done.\n"
    },
    "12574": {
        "url": "/comment/12574",
        "comment": "The proposed cormorant hunt would be more than welcome by myself and others who have witnessed first hand the destruction to the trees and fishery that these birds have done.  The populations have exploded and now these birds are everywhere.  Areas like Hamilton Harbour are infested with them and the odour, dead trees and feces is appalling.    I am now seeing the large populations in cottage country as well.  Please allow a season for these birds.\nThere also needs to be a way to reduce large populations in city areas like Hamilton Harbour where hunting would not be an option.\nThanks\nJeff\n"
    },
    "12576": {
        "url": "/comment/12576",
        "comment": "I am a retired 74 year old who was born and raised on the Big Rideau Lake. I am also a trout fisherman and have been actively persuing that hobby all my life. We currently have a healthy community of cormorants on the lake and they are progressively destroying our fishery. Over the last couple of years it is almost impossible to see a school of bait fish on sonar and the quantity and size of the catch is smaller and in most cases their stomachs are almost empty if not totally empty.  I have caught trout with 25 plus minnows in them that were less than a 1/2 inch in length and one that had a couple of baby bass in its stomach. Portland is a small community and it depends on the tourist trade especially boating and fishing. Allowing us to clean up the cormorants will go a long way to restoring the fishery. Also the restocking of bait fish, if that is possible, would be of particular benefit. I hope this bill is past quickly as we need to help our beautiful lake.\n"
    },
    "12577": {
        "url": "/comment/12577",
        "comment": "I am a 34 year resident of an Island at the mouth of the St Lawrence River/Lake Ontario and have watched these birds since they first showed up and get established on small beautiful Islands that were very popular for boaters, kayakers, jet skiers alike, and within a few years these Islands were completely unusable, in-fact you cant even get close to them in a boat for the odour that comes from them is unbearable. Also as an avid angler I have slowly seen the decline in sport fish population in and around the areas (Islands) that these birds establish themselves in. They bring absolutely not one benefit to this province, and every aspect of the bill makes sense, from the season dates to the daily bag limit. Please pass this bill and let us get control of this invasive species population.\n"
    },
    "12578": {
        "url": "/comment/12578",
        "comment": "I agree with establishing a hunting season. We have one small rock island in our lake. For 10 years the area around this island contained abundant perch and bass populations. Starting 5 years ago 2 cormorants showed up. There are now over 20. We have not caught bass or perch around this island for the last 2 years. There needs to be a balance established for all species.... bird and fish. A hunting season will help this situation.\n"
    },
    "12583": {
        "url": "/comment/12583",
        "comment": "In reading the information provided by the Ministry regarding the proposed hunting season for cormorants, I am concerned that this bird population, who has fairly recently recovered from a decline, would again experience another decline should people be allowed to hunt them. My other concern is that the cormorant is being falsely accused of being responsible for the decrease in the fish population, particularly when this opinion is coming from commercial fisheries. I think it is a shame as humans that we can\u2019t reflect on our own bad behaviour in terms of environmental stewardship and the negative impact we are having and not take any responsibility. I think the actual causes of the decline in fish populations and environmental destruction supposedly cause by the cormorants warrants further investigation before cormorants are allowed to be hunted - or perhaps we already know that it\u2019s humans at the root of it all and we just don\u2019t want to acknowledge it and own up to it?\n"
    },
    "12586": {
        "url": "/comment/12586",
        "comment": "I am an outdoorsman and Scout leader. Cormorants were nearly wiped out in the Great Lakes by DDT. Now Ontario is proposing to allow hunters to wipe them out again?\nHow many loons would be killed along with cormorants by this proposed policy? Loons look just like cormorants in flight.\nI support hunters who eat their prey and believe in conservation. No one will eat cormorants.\nI can\u2019t believe how dumb this proposed legislation is.\n"
    },
    "12588": {
        "url": "/comment/12588",
        "comment": "I agree with all the proposals except for the exemption for Central and Northern zones not requiring a migratory permit for a certain portion of the season.  I think that the exemption should apply across all 3 zones as it would not only create confusion for boundary areas, but is also unfair to southern residents.\n"
    },
    "12589": {
        "url": "/comment/12589",
        "comment": "These birds are destroying the islands on both the Niagara and St. Lawrence river.  The trees can't fend for themselves and the damage being done can't be reversed.   These birds nest on near the greatest spawning grounds available for many fish species and are detrimental to these wild fish maintaining a healthy population in our waters.  Please make every effort to allow hunters to reduce numbers before it's too late.\n"
    }
}