{
    "13035": {
        "url": "/comment/13035",
        "comment": "In southwest Ontario these birds are in epidemic proportions. They are destroying flora and fauna with their droppings as well as jeopardizing the sport fishing industry in my area. In my 50 years of waterfowl hunting on Lake St Clair I have seen the numbers grow from a rare sighting to these birds being as common as seagulls. If they fed as the gulls do I would welcome them but when they eat pounds of sport fish everyday it's only a matter of time that extinction of some species will be imminent.\nA bounty should be placed on them the same way crows were dealt with in the 50's and 60's.\n"
    },
    "13045": {
        "url": "/comment/13045",
        "comment": "100% in favour of this proposal long long overdue fish stocks have suffered greatly both in Lake Ontario and many {inland} lakes game fishes and forage fishes   Black.crowned Night Heron habitat has been destroyed locally  brown,bullhead markets have closed due to parasites resulting from cormorant fecies A personal conversation with a senior scientist at Glenora Fisheries station said these birds were not native to this area the proof being  their feces kills vegetation wheras on the east coasts for example vegetation has evolved to survive  John Casselmans view.\n"
    },
    "13061": {
        "url": "/comment/13061",
        "comment": "I am writing to express my opposition to this proposal. The science behind the proposed reduction in Cormorant numbers is questionable. It moreover fails to take fully into consideration the impact of hunting on birds that are often found with Cormorants -- Mergansers, Gulls, Buffleheads, Ruddy Ducks, etc. I would respectfully suggest that rather than eliminating a species we find \"inconvenient\" or \"repellant\" , we acknowledge that we do not truly understand all the complexities of ecosystems and turn our attention to protecting, rather than eliminating, wildlife and habitats. This paradigm shift is crucial given rapidly diminishing wildlife populations worldwide -- some 60% since 1970.\nThank you.\n"
    },
    "13062": {
        "url": "/comment/13062",
        "comment": "The cormorants have become a problem inside Rondeau Bay as well as the provincial park.  A number of nesting trees have been killed off and I am afraid that with the higher water levels and the degradation of of the shore tree line we are loosing a significant buffer zone to shoreline erosion.  I also have a concern about fecal stench on their nesting area creating a hazard to people who use the park for water recreation.\n"
    },
    "13065": {
        "url": "/comment/13065",
        "comment": "I fully support the proposal for a hunting season on the cormorants.  In my life time I have seen a dramatic impact they have had on both fishing and environmental on Balsam lake in the Kawartha's.  Their numbers appear to be larger each season.  I believe that a hunting season would contribute to bringing their population to a more reasonable level.  Hopefully as a result, fish populations would improve.\n"
    },
    "13079": {
        "url": "/comment/13079",
        "comment": "Cormorants have become an invasive species where I live on Lake Huron. There were none 30 years ago here and the bass, pickerel and pike were everywhere -- now I mainly see carp and more carp, catfish, shad.\nI have observed their nesting sites take over on the seagulls even.\n100% support a year long season to reduce their numbers.\n"
    },
    "13083": {
        "url": "/comment/13083",
        "comment": "This is an entirely unacceptable, and obscene policy proposal. Please, explain the rational behind obliterating these birds for 3/4's of the year with a blood-lust \"limit\" of 50 cormorants/day with no possession limit, and then allow the dead and dying birds to simply rot wherever they fall?\nI am absolutely appalled that such a misguided and misinformed policy is even being considered based on \"concerns\" from the very individuals who support and would participate in this mass slaughter. The concerns listed are nothing more than self-serving excuses for indiscriminate and unscrupulous hunting, and most, if not all, have been debunked.\nI am particularly disturbed by the total lack of thought or consideration given to the nesting season when BOTH parents are needed to tend their young. This open season would leave innumerable off-spring orphaned to suffer miserable, protracted deaths through exposure, dehydration, and starvation. How is it that there is no exemption made for nesting season, and nesting colonies? Unless of course that's the reason behind creating the exemption allowing small game licences to be valid from June 16 to August 31 - to kill off the remaining stragglers.\nThis policy proposal is a deliberate and intentional tactic to allow a select group of individuals the opportunity to lawfully, and with impunity decimate the double crested cormorant population just for the sheer joy of killing something.\nHow have we not evolved beyond such a base and primeval instinct?\n"
    },
    "13094": {
        "url": "/comment/13094",
        "comment": "This is an excellent proposal that is long over due.  I don't have any comment as to suggested changes as I believe what you have proposed hits all the right marks.  The only suggestion I would make is to perhaps allow those interested in receiving the carcasses to register their names and addresses/phone numbers in a data base so hunters could deliver the carcasses or contact those interested to come pick them up.  This registry should be protected so that only those with hunting license could access the list: i.e you have to enter you card number to get the contact info.  It would need some security to protect those registered from unwanted harassment etc.\nVery excellent proposal and I hope you proceed quickly to get this scourge under control.\n"
    }
}