{
    "12716": {
        "url": "/comment/12716",
        "comment": "I am not a hunter but I am supportive of this. The cormorant population is out of control around Toronto. a huge section of the Leslie Street Spit park is now nothing but dead trees and the smell wafting along cherry beach is horrible.  They have their place in the ecosystem but the population needs to be  controlled.\n"
    },
    "12717": {
        "url": "/comment/12717",
        "comment": "I am a hunter and I am seriously against it. You are exposing the ugliest hunt which is killing the animals without using them during the summer that families and children are on the lake.\nThis will destroy hunters' image in front of the public.\nI have nothing against controlling birds population, but please during different time of the year.\n"
    },
    "12724": {
        "url": "/comment/12724",
        "comment": "Having a long time seasonal residence on the North Channel I can speak to the large flocks and what I see as the damage they do. Watching bird after bird surface with fish in their mouths in flocks that sometimes number in the hundreds. I have visited islands that are inhabited by these birds and witness the environmental damage due to fecal waste. We need to become proactive in protecting our environment and I believe a re-classification to game bird with an open season is a good start.\n"
    },
    "12729": {
        "url": "/comment/12729",
        "comment": "This is long overdue. They have taken over & destroyed an island on Golden Lake in the County of Renfrew, Ontario. There is next to no vegetation or live trees left on that island. In the summertime it looks like the island is covered in snow as there is so much of their excrement. From the information I have found in my research is that one cormorant eats four pounds of fish a day & can dive down to forty feet. In my opinion it has disturbed the balance of the ecology on this lake.\n"
    },
    "12730": {
        "url": "/comment/12730",
        "comment": "First, thank you for starting to think about Cormorant control. These birds have been a problem growing out of control for a number of years now.\n LINE 6 of your proposal- Hunting from a stationary boat. I would suggest to amend this to-( Hunting from a boat, not under mechanical power.). This would allow someone to paddle in, drift in with the wind or current, to a shooting position.\nAgain thank you for Cormorant control.\n"
    },
    "12731": {
        "url": "/comment/12731",
        "comment": "I have personally witnessed the population of these birds explode on Lake Superior and many inland lakes. In the early 80's herring gull nesting islands became cormorant nesting islands then later as the island died they would be abandoned and the birds would move to another. They would number in the hundreds if not thousands and large rafts of them would sometimes be observed while boating in open lake areas. The food deposited on the nesting islands for young appeared to be perch. As the cormorant numbers increased, the perch population decreased. The Herring gull populations seemed to have decreased. Other birds with similar nesting habits seemed to have decreased. I am not a biologist, these are just personal observations.\nI now see cormorants inhabiting numerous small inland lakes in all regions of Southern Ontario and during fishing trips into Northern Ontario I have observed small flocks of them in every area I visited.\nCormorants were a cursed species by most people within the area where the population appears to be abundant, if not excessive. A fatal control method similar to ones for crows, blackbirds, groundhogs, is necessary, so a person does not face a charge by authorities.\n"
    },
    "12732": {
        "url": "/comment/12732",
        "comment": "This is an ill-conceived proposal that is lacking an environmental assessment and sends a terrible message on protecting biodiversity in Ontario. Fish-eating birds are not our enemy. Using the same rational will loons and ospreys be next on your list? To have a hunting season during the breeding season sends the wrong message. Killing birds purely for sport and not for food is both illegal and immoral. You are doing a disservice to conservation, biodiversity and the world around us.\n"
    },
    "12735": {
        "url": "/comment/12735",
        "comment": "I am 100% against this proposal, or at the very least, as it stands now. The \u201cpro side\u201d to this is not backed by any reputable science. The way this proposal stands right now; it will allow any shooting happy human to just play target practice (considering the meat is allowed to be left to spoil).\nI believe this species will be decimated under a proposal such as this one. This bird has been here for decades, they should be allowed to exist.\n"
    }
}