{
    "15314": {
        "url": "/comment/15314",
        "comment": "I, personally am all for the culling of the cormorants. They are ruining our lakes, trees and ruin the fish habitat.\n"
    },
    "15315": {
        "url": "/comment/15315",
        "comment": "I disagree with with the proposal which would allow the double crested cormorants to be recognized as a gaming bird and thus allow it to be hunted.\nThe Ontario government should listen to the experts like Gail Fraser, an expert in avian ecology and a professor at York University, who advise to let nature take its course and allow for the cormorants natural predator  - the Bald Eagle - to cull the cormorant's population naturally.\nIn order to protect our environment (and and all the inhabitants) and slow down climate change , the Ontario government needs to change their approach and stop granting tax breaks to big industry and start taking some REAL accountability on protecting our natural resources not allowing hunters and industry to destroy them and in turn destroy the earth.\n"
    },
    "15317": {
        "url": "/comment/15317",
        "comment": "Although many disagree with using this method to control the cormorants, it would appear it is going to be pushed through anyway.  I offer these concerns:\n1)   The danger to the public is high:\n\tThere are good reasons to not shoot from a boat.\n\tThe season is too long\u2026 an effective population reduction could easily be completed in a two week period.  This would make it easier for Conservation Officers to ensure the \u2018hunt\u2019 is properly and legally carried out.\n\tNon hunters using the water for recreation will be endangered.\n2)   Historically, there have always been hunters unable to distinguish species.  There is a high probability that loons will be killed\u2026both accidentally and intentionally, because some people believe that loons have a negative impact on fish populations.\nTHE SEASON IS TOO LONG\u2026 an effective population reduction could easily be completed in a two week period.\n"
    },
    "15318": {
        "url": "/comment/15318",
        "comment": "This legislation is long over due. The Cormorant population is overwhelming both the natural environment (trees, shorelines, etc.) and the fish populations.\nPrior to 2015 their populations appeared to be focused on Lake Ontario and the ST Lawrence River. In recent years we have noticed that there are increasing numbers of these destructive birds impacting the back lakes such as the Rideau system lakes, Charleston Lake etc.\nI am aware that the Cormorant is indigenous to this area howver I am also aware that the population has exceeded historical levels.\nI would recommend that a phase in approach be utilized by permitting 100 birds per day be permitted to be killed for the first  years until the population begin to decline. Once this has occurred that it then be reduced to 50 birds per day.\n"
    },
    "15319": {
        "url": "/comment/15319",
        "comment": "Although I agree that the double crested cormorant competes successfully with other fish eating species and needs to be controlled, I strongly disagree with the proposed dates of the hunting season.  These dates are inclusive of the late spring and summer months when cottagers and those who enjoy water sports are abundant.  Guns should absolutely not be allowed during that time.  Hunting cormorants could coincide with duck hunting season when our waterways are least populated.  Other control measures such as egg addling, destruction of nest sites etc should continue to be used as well.\n"
    },
    "15321": {
        "url": "/comment/15321",
        "comment": "Dear Minister Yakabuski  ,\nRe: EBR 013-4124: Proposal to establish a hunting season for double-crested cormorants in Ontario\nPlease note that due process has not been followed.\nThis would include drawing together scientific evidence, advice of MNRF specialists, and then proceeding with public consultation\nPandering to uninformed popular sentiment and the fishing and hunting lobbies is not a basis for sound ecological policy\n"
    },
    "15324": {
        "url": "/comment/15324",
        "comment": "As a Ontario resident, tax-payer, and someone with a love and appreciation for the natural world I am deeply opposed to the proposed hunting season for the double-breasted cormorant in Ontario.\nThe proposed changes pose significant harm to a native Ontario wildlife species, have the potential to negatively impact other wildlife species and habitats, and also lack scientific rationale or justification.\nPlease do not enact policies that would enable such a hunt to be created.\n"
    },
    "15327": {
        "url": "/comment/15327",
        "comment": "After reviewing your proposal I believe that all effects of the killing of these adult cormorants has not been considered.  One issue is the babies that will be left alone after someone has shot their mother.  Another thing that has to be questioned is all the remains of these killed birds.  I also believe that the limit is extreme and the allowable season is way to long.  We do not have enough cormorants to justify this number per day for so such an outrageously extended period.\n"
    },
    "15328": {
        "url": "/comment/15328",
        "comment": "I am concerned that this proposed bill is\"overkill\"- excuse the pun. While I recognize that the cormorants may be a nuisance in some areas, I do not think an open season on these birds, as the bill proposes, is a good idea: These birds were historically far more numerous than they are today. They were almost extirpated. Now they have made a comeback. I don't see any scientific studies or population surveys included to back up the proposal of this bill, nor does it include any  way of\nscientifically monitoring the effects of this cull. Is this a permanent measure or a temporary one? I strongly urge allowing nature take its course and let natural predation by bald eagles, who are also\nrebounding, take its course.  I do not support this bill.It is not based on any scientific studies, just a\nknee-jerk reaction by some special interest groups, such as sport fisheries, who stock the lakes with non\nnative species of fish.  I urge you not to pass this bill- it will end up doing far more damage than good.\n"
    },
    "15329": {
        "url": "/comment/15329",
        "comment": "I have lived on the North Channel of Lake Huron for the last 20 years. 15 years ago there are about 2000 cormorant around the Pine Island area and around 4,000 around beach beach  area on St Joe's Island ....both areas suffered dramatic fish decreases and the population of perch, bass, walleye and Pike. The flocks were so thick you could hardly see through them when they flew away. Islands that they roosted on we're totally disseminated by their droppings. After 20 years of studying them by MNR biologist they finally are going to do something about the overpopulation of these birds and damaging effects to our Lakes. As the fish population of the above-mentioned species in the Pine Island area of the North Shore is very slowly coming back but still have a couple dozen cormorants working the area. You can see the effect on how many ice fisherman or boats with fishermen during the summer has dropped dramatically over the last 5 years due to the poor fishing of these above-mentioned species and this area. Thank you for doing something about this species and its effect on the fishing population.\n"
    },
    "15334": {
        "url": "/comment/15334",
        "comment": "They are over populated, harmful to our fisheries and ecology in general with their droppings killing small islands . I draw my drinking water from a river with these birds nearby. A controlled hunt would assist in keeping their population in check and it would provide time for the plant material to regenerate.\n"
    },
    "15335": {
        "url": "/comment/15335",
        "comment": "We are located in  northeastern ontario and these cormorants are plentiful on every lake. We have stocked many local lakes with walleye fingerlings just to see them get devoured by this predator.  There is a lot of work for the local game and fish clubs to get these hatcheries to be successful just to watch these birds swoop in and gobble up our efforts in order to have a future fishing our local lakes. The stench and nesting areas that these birds habitat are ruined their feces deplete the trees, you cannot get near any island that they roost on because it is nauseating.\nPlease consider this process of shooting these unnecessary nuisances, they aren\u2019t useful at all.\n"
    },
    "15336": {
        "url": "/comment/15336",
        "comment": "I find it absolutely absurd that this government is allowing this to happen. I am totally against this inhumane cull.\n"
    },
    "15340": {
        "url": "/comment/15340",
        "comment": "Allow hunting of Cormorants. Give hunters flexibility in regards to daily and bag limits. Other than maybe Lake of the Woods, these seem to be invasive species. An invasive species will have a negative effect on  indigenous species (especially with such a large population), even if there is not complete agreement on what that is at this point. The birds are so numerous, it would take some time before  hunting could have a serious impact on the bird numbers. If during that time, if its determined hunting is not aligning with the provinces goals (whatever that may be), it can be stopped at anytime.\n"
    },
    "15341": {
        "url": "/comment/15341",
        "comment": "You people are supposed to be protecting our wildlife and so far all you are doing is ruining our environment and protecting the interests of big business.   Hunting should not be allowed on any of our wild species.  It is a cruel and unnecessary practice!!   Research has shown that cormorants eat fish that we wouldn't be catching anyway.   Leave them alone.\n"
    },
    "15342": {
        "url": "/comment/15342",
        "comment": "I completely disagree with this change in policy.  Shooting cormorants is not hunting, it is wanton killing.  Hunting involves using the animal for food or clothing.  The possession limit of 50 is far too high.\n I am amazed that a supposedly civilized society that Ontario claims to be could even consider this.\n"
    }
}