{
    "14867": {
        "url": "/comment/14867",
        "comment": "In the absence of other effective means of population control or mitigation of the damage presently sustained, I am wholly supportive of this initiative, which appears to me to have been well thought through.\nThe proposed monitoring of the population level and provisions for the Ministry to adjust regulations in order to maintain a sustainable population in the future are important considerations for me.\n"
    },
    "14868": {
        "url": "/comment/14868",
        "comment": "I am both shocked and appalled by the proposal to open hunting on a recovering species!  As a wildlife biologist I have found absolutely no scientific evidence that this should be allowed let alone encouraged.  In fact I find it hard to see how such a proposal has even seen the light of day.  The reasons given do not seem to go beyond the fact that some people don't like them because they compete with fishermen and are not aesthetically pleasing.  I think it is time that we recognize that all non-human species are important to the ecological fabric of our environment and it is the height of human hubris to meddle with complex systems we barely understand.\nI can only conclude that this bill has been proposed to appease hunters, fishermen and developers rather than to solve any ecological or scientific issue.  We need to stop looking at our natural world as just series resources for humans to exploit and rather see ourselves as embedded and dependent on the ecological integrity of our planet. This proposal is just another example of how MNR policy is controlled by the hunting and fishing lobby.  Unfortunately the department is a bastion of anachronistic attitudes which we can no longer afford.  What will be next ? Hunting herons??\n"
    },
    "14869": {
        "url": "/comment/14869",
        "comment": "I totally oppose this change.  By your own admission the population has stabilized or gone down.  There is no need for this killing for the sake of killing.  Birds will be left to rot - who wants to take home a dead bird you can't eat?  This will cause problems with animals that eat the birds with bullets in them and attract carrion.  Leslie Spit has lots of cormorants; how long before someone decides to go down there and shoot some, in an urban area?  But the big question for me is why are you encouraging killing for killing's sake?\n"
    },
    "14872": {
        "url": "/comment/14872",
        "comment": "I\u2019m writing to say that I do not support this proposal. I feel that the lack of usefulness of the bird for eating makes hunting it illogical - the bag limit is shocking! 50 birds a day?!? And leaving the carcasses to rot - so dismissive of life and introducing the metals in the bullets into the environment seems very wrong as well.\n"
    },
    "14875": {
        "url": "/comment/14875",
        "comment": "I am completely opposed to the establishment of a hunting season for double-crested cormorants.  This is an ill-thought-out, knee-jerk reaction apparently  intended only to quell the self-centred \"concerns\" of the commercial fishing industry, property owners and other individuals, as is blatantly stated in the proposal.  Evident in this goal is that the proposal provides no scientific data that would support any of the statements about populations of either affected fish species or cormorants nor of the overall significance of purported negative effects to island forest habitats or to other species, nor any reasoning why the unsupported \"concerns\" of a few should override the larger environmental conservation mandate.  This proposal directly opposes the Ministry of Natural Resources' larger mandate to conserve and protect the natural environments and species and must be rejected.\nThe proposal presents no data to support any of the \"concerns\" that drive it.  \"Supporting materials\" is labelled misleadingly; it consists only of hunting-related legislation.  The proposal fails to provide any actual data on cormorant population and the currency and reliability of such data, and even admits that the population may be declining while failing to provide any analysis or even speculation as to causes. It fails to present any evidence of trends in fish populations nor any analysis of the effects on fish population of commercial and sport fishing, pollution and human-induced habitat changes; the same goes for the \"other species\" mentioned but undisclosed in the proposal.  There is no assessment as to whether the purported \"detriment\" to \"island forest habitats\" has any overall environmental significance; there is no support given as to why the effects of the presence of nesting colonies should be a motivating factor at all in proposing population reduction, nor why the \"aesthetic\" concerns of a few (presumably reflecting on the presence of bird droppings and the aforesaid effects of the presence of nesting colonies) should drive conservation policy.    In sum , it seems that the proposal responds only to the unsupported opinions of a sector of the public who resent the existence of cormorants and through misinformation or a lack of information, or simple greed, or a lack of appreciation for nature, are inclined to see the species as a scapegoat.\nIt can only be concluded that the proposal lacks foundation in scientific evidence.  Despite the implied \"concern\" that cormorant population affects commercial fishing success, the proposal admits that \"the anticipated economic consequences of the proposal are expected to be neutral\", thus destroying one of the basic concerns it purports to address.  Additionally, it fails to set out how \"success\" would be measured, apparently seeking only some undefined reduction in cormorant population while simultaneously claiming expected \"neutral\" environmental consequences.  It can only be concluded that the proposal appears to punitive, rather than mitigative, and that success would likely be based on public opinion, not on scientific results.\nFor the reasons stated, the Ministry of Natural Resources should reject its proposal to establish a hunting season for double-crested cormorants.\n"
    },
    "14877": {
        "url": "/comment/14877",
        "comment": "I wish to register my strong opposition to the proposed implementation of a hunting season for the Double-crested Cormorant. I find  egregious the arguments listed in your proposal supporting the hunt.  Have we learned nothing in the past hundred years about how swiftly a species can be decimated? The cormorant itself was once endangered but thanks to judicious management has made a recovery. Now we are staying that there are too many?  What is to prevent their numbers from plummeting again in the future, particularly in light of your proposed control  measures?  You are supporting this hunt based on the needs and wants of the commercial and recreational fishing 'industry', not on any other considerations.  Shame on you for even considering this. Shame on you for viewing OUR wildlife as something to be slaughtered on a whim.\n"
    },
    "14878": {
        "url": "/comment/14878",
        "comment": "I can't believe the govt I voted for is proposing such preposterous action against the cormorants of Ontario.  These birds have been demonized long enough.  It is disappointing that you are stepping into the sphere of giving in to people who do this.\nThere is no good reason for such a cruel cull of these birds.  In fact, what is proposed is simply a slaughter, since these birds will be \"sitting ducks\" on their nests on the ground or in the trees.  More guns out there for longer periods if time.  This is unacceptable.\n"
    },
    "14879": {
        "url": "/comment/14879",
        "comment": "Comment concerning the Double-Crested Cormorant,\nAs a Photographer and Hunter, ( as a young boy when I first started hunting I was taught to only shoot what I am going to eat) in South Western Ontario I have only once had the good fortune of actually seeing a pair of these birds on one of our waterways. I am not sure of the over abundance of these birds further north but I definitely do not see them coming anywhere near the populations of Canada Geese that are far and above the Cormorant population.\nDo you have statistics that show this bird as expanding its habitat or overpopulating so much so that we need to take this course of action, for a bird that we are just going to dispose of up to 50 carcasses per small game permit.\nThis sounds to me a little harsh to say the least.\nOur Canada Geese are a much larger problem on both sides of the border and we do not open a season to shoot and dispose of them.\nWhy should these birds be so harshly targeted?\nPlease Reconsider this action,\nM\n"
    },
    "14881": {
        "url": "/comment/14881",
        "comment": "A hunting season on this magnificent and valued water bird is a terrible idea. It is not based on scientific reasoning, but on anecdotal and outdated notions. Please do not proceed with this. We need these birds as part of a balanced system in our Great Lakes region. There is no way to monitor how many birds are taken, and it could result in the eradication of this integral species. We do not need to lower the numbers. They are stable, and these birds are a natural part of our ecosystem.\n"
    },
    "14885": {
        "url": "/comment/14885",
        "comment": "I am completely against this hunt. MNRF should not allow an open season on a native species.\nIt seems like the only purpose of this open season is to kill as many Cormorants as possible. A daily limit of 50/day is absurd. This is not wildlife management.\nIt also increases the risk that other birds will be killed by mistake. Even if other birds are not killed the amount of hunting pressure will place great stress on other birds nesting nearby.\n"
    },
    "14887": {
        "url": "/comment/14887",
        "comment": "I oppose the hunting of cormorants.  Hunting of any kind is cruel and immoral, but this is a particularly pointless cull.  The proposal is not science-abased, but instead is political and could result in the decimation of the cormorant population.  These native birds are ecologically important, and in fact populations are already modest.  The slaughter would be impossible to monitor and the impact on the ecosystem would be devastating.  Please do not permit this cruel and wasteful hunt.\n"
    },
    "14891": {
        "url": "/comment/14891",
        "comment": "The Government\u2019s proposal will have numerous terrible consequences to wildlife and natural ecosystems in Ontario including the wholesale, uncontrolled, impossible to monitor, slaughter of cormorants.\nThe Government's concerns about too many cormorants, depleted fish stocks and environmental damage are largely anecdotal complaints and unsubstantiated claims that were debunked long ago.\nCormorants are not overabundant, their numbers are relatively modest, have stabilized and are dropping in some areas. The entire North American double-crested cormorant population is estimated to be less than about 125,000 birds in the lower Great Lakes.\nThe Ontario governments proposal is not science or fact based. It is emotional and political and could result in wiping out cormorants in most of the province.\n"
    },
    "14893": {
        "url": "/comment/14893",
        "comment": "The hunting of Canada\u2019s wildlife needs to stop. Human intervention is not required to conserve our native land and animals. Rather we need to address our impact on wildlife as human beings. Take a step back and back off. This hunt would be disgraceful. I strongly hope the Ontario government reconsiders.\n"
    }
}