{
    "15432": {
        "url": "/comment/15432",
        "comment": "Why do you feel this is necessary? With so many species becoming endangered and our ecosystems suffering what benefit does this serve. We need to protect every species with an unrivaled vigor.  understand hunting if you actually use the meat of an animal but that does not mean 50 birds/day. I want to see Canada step up to the plate and put a good plan into action to not only fight climate change and protect our native plants and animals, but to put a plan into action to restore our country to it's original state. To reconnect with nature and bring back the wild.\n"
    },
    "15433": {
        "url": "/comment/15433",
        "comment": "I use to own two charters boats on Lake Huron in Providence Bay. For the last ten years I cannot believe how our fish supply has suffered because of these cormorants.  When I walk down to the point there are hundreds and hundreds of cormorants sitting there. They are killing and polluting our lakes. Something has to be done and I believe 100% in opening a hunting season for these birds\nThank you\n"
    },
    "15436": {
        "url": "/comment/15436",
        "comment": "The explosion in double crested cormorants numbers over the last 10-15 years is obvious to anyone who has spent time on the waters of Lake Ontario and surrounding bodies. As a child growing up in the early 60 on the Lake Ontario shore in the Hamilton area they were just never encountere. I recal seeing a flock in the early 80 was astounded to see them come closer, sure that they CAGO. Now along the Bay of Quinte this fall, there was flocks lasting several minutes fly overhead, certainly in the several thousands if not more.\nThe impact to fauna is devastating, with once flourishing islands reduced to stinking piles of deadfall trees with no life. They certainly have a place in the ecosystem, but left un-checked the numbers will continue to grow and the devastation will spread to smaller lakes which may not be able to support this once native bird which now apparently has no predator or other means to keep populations in check.\nAn open season is truly required to balance the ecosystem and contrary to what some media may have discussed I don\u2019t believe everyone with a gun will be out there shooting 5O birds a day. It\u2019s just too time intensive and cost prohibitive. More realistically, just as I will if so enabled, folks will go out a couple of times in the summer and shoot a box or two of shell, trying to support a good cause.\nRegard,\nGary\n"
    },
    "15438": {
        "url": "/comment/15438",
        "comment": "Why is it that the government thinks it is acceptable to allow the slaughter of a species for trying to survive within its natural means when our species is guilty of excessive fishing and polluting of the waters in which the fish live. Our government needs to realize policies that provide rights to humans and none to other species are responsible for the demise of ALL species.\n"
    },
    "15446": {
        "url": "/comment/15446",
        "comment": "I do not agree with the proposal of establishing a hunting season of double crested cormorants. I live in the Aldershot area. We have had colonies of cormorants in my neighborhood since the 1990s. We also have a returning bald eagle and osprey population. They are the top predators of our end of the lake ecosystem. Their impact on islands is part of the functioning of the natural ecosystem, just as beavers impact the ecosystems of streams and forest fires do on boreal forest ecosystems.\nI feel that Ontario government is proposing this hunt based on people feelings and not sound ecological science.\n"
    },
    "15447": {
        "url": "/comment/15447",
        "comment": "I don't know or care who the groups or individuals making this proposal are, but it should not proceed. We are the ones that have depleted everything on this planet, not the natural, indigenous species. This proposal has been put forward by a group of selfish individuals who cannot see the damage and suffering that it will cause. Frankly I believe that they just don' t care. Do not proceed with this proposal.\n"
    },
    "15448": {
        "url": "/comment/15448",
        "comment": "As private citizen in rural Northern Ontario I have witnessed first hand the environmental destruction to the plants and trees as well as the fish populations left behind by a flock of cormorants. Their population is out of control and it\u2019s time for action.  The government has a responsibility to study, understand and take necessary actions based on facts to control to current environmental damage resulting from a history of inaction.  By developing a control methodology and legal limits, this will prevent any vigilante activities that have occurred in the past.  I fully support this proposed hunting season for the cormorants and commend the government for finally taking corrective action rather than turning a blind eye due to uninformed political pressure.\n"
    },
    "15451": {
        "url": "/comment/15451",
        "comment": "Having witnessed huge flocks of cormorants  very effectively \"herd\" perch along a shore line in order to feed on them, I am in full agreement to enact a 50 bird per day hunting season on cormorants to be in effect until the large number of cormorants is reduced to a manageable  number.  Cormorants have destroyed the vegetation on many of our very beautiful islands in the area.  They have contributed greatly to the reduction of our fish stocks which local game and fish clubs have worked so very hard to protect and increase.   Other control methods such as egg oiling have been tried and have not succeeded in controlling the populations so I feel that it is time to move on and attempt to reduce the overpopulation by means of an enacted hunting season.   It is unfortunate that hunters will not be able to consume these birds but as a Province we have allowed carp derbies to control the number of carp.  I doubt that there are many of these fish being consumed.  If a considerable number of people find the 50 bird per day cormorant limit threatening to their way of thinking about controlling the large number of birds, perhaps a compromise would be to enact a lower limit to be shot per day?  Thank you.\n"
    },
    "15455": {
        "url": "/comment/15455",
        "comment": "I am a hunter and a fisherman.  I eat what I kill and catch all the fish I want, despite cormorants, loons, otters, and the other piscivores I compete with.\nI think an open season on cormorants will have many unintended consequences without solving the problem (assuming there is one).\nCormorants are not an alien species and should be able to carry out its ecological role.\nThe proposed legislation gives the worst kind of hunter greater exposure (killers for the sake of killing,  disregard for lead shot in waterways, etc.).  This in turn aggravates tensions between responsible hunters (painted with the same brush) and non-hunters.\nThere will be conflicts with noise , non-retrieval and wounding of the birds, during precisely the time of year when cottagers are on the lakes for peaceful enjoyment.\nWe would be sending the wrong message to new hunters and non-hunters about shooting game not intended to be used.  Let's keep the ideas of \"vermin\" and \"noxious predators\" in the past where they belong.\nI doubt that opportunistic shooting will have any effect on the population, especially once the birds learn to be more wary and difficult to approach.  Also, most hunters are reluctant to use expensive ammunition for something inedible, and for dubious purposes.\nThe most effective way to deal with cormorant reduction is at the breeding grounds.  Contrary to what is contained in the information release, low populations in past decades had little or anything to do with pesticides, as in terrestrial ecosystems.  In fact, commercial fishermen were the main culprits who quickly learned that the birds were most vulnerable at the rookeries, and acted quietly in their interests.\nNoisy shooting at the rookeries will lead to mega-problems in public relations.  There are more efficient and socially acceptable ways of lowering cormorant nesting success.\n"
    },
    "15456": {
        "url": "/comment/15456",
        "comment": "We are deeply disturbed by the proposal to allow open season on the double breasted cormorant, particularly since the rational is based on outdated and unsubstantiated data.  This appears to be an initiative based on political consideration and in response to a vocal minority.  The long term effects of this policy will upset the ecology and likely result in the decimation of cormorant colonies with untold consequences.  That The Ontario government would engage in the slaughter of this magnitude is astounding and indicates a very cavalier attitude toward the environment overall.  And a complete lack of concern for living beings who provide a balance in our ecology.\nPlease reconsider this irresponsible policy.\n"
    }
}