{
    "8280": {
        "url": "/comment/8280",
        "comment": "I am asking the Ontario government to introduce a climate change plan to reduce emissions, immediately.\nMake it effective, so that emissions are reduced significantly.  Put a price on pollution, and make polluters pay for their emissions, and give back to the people the revenues received.\nPlease set targets for emissions that are legally binding, so that Ontario will do its part in seeing that Canada  meets its obligations stated in the Paris Climate Agreement.\nI am asking you to end subsidies to fossil fuel companies, and put the funds saved into clean energy solutions.\nThank you.\n"
    },
    "8281": {
        "url": "/comment/8281",
        "comment": "I am deeply concerned that the Ontario government is cancelling the cap and trade program, and dismantling many other initiatives which help to reduce emissions. This include government funding for the purchase of green energy equipment, electric cars and home improvements designed to reduce our consumption of fossil fuels.\nOntario has been on the right track for years now, and reversing these initiatives is a backwards step which is short-sighted and ill-advised considering the damages already caused in this province by extreme weather exacerbated by climate change. Additionally, we must concentrate on green energy to reduce the cost to Ontario's health care system caused by pollution.\nThere should be a price on carbon in Ontario, which makes the polluters pay for their choice to consume fossil fuels. Our goal should be to reduce emissions and pollution for the health of all Ontario citizens.\nOntario should stop paying subsidies and handouts to fossil fuel industries and redirect those funds to clean energy solutions. We should aim to be 100% clean energy in the next twenty years.\n"
    },
    "8282": {
        "url": "/comment/8282",
        "comment": "1. The promotion of this bill has suggested that Cap and Trade is a \"Carbon Tax\". Cap and Trade is not a tax. It is disingenuous to suggest that it is.\n2. Cap and Trade is a market mechanism, first championed by conservative-minded people.\n3. Cap and Trade works. It adds a value to carbon emissions which then must be reduced by lowering allowances.\n4. The only option left to this government if it does not want to use a market mechanism is regulatory controls if it is serious about actually reducing greenhouse gas emissions to the degree we need to. This is an emergency. Please behave like this is an emergency.\n5. The introduction of this Act is irresponsible and dangerous. It proceeds against worldwide scientific advice. Time is of the essence.\n6. Many excellent projects were being funded by this. Badly needed projects, like repairs to schools that would save taxpayers on energy bills in the immediate future while also improving the learning environment. This is inexcusable.\n7. Concerns over increase in homeowner's fuel bills can be addressed by redirecting a portion of the proceeds from Cap and Trade to those individuals who need it the most. Wholesale removal of Cap and Trade is not a solution to the issue of ever-increasing fuel prices.\n8. Removal of Cap and Trade means that a made-in-Ontario solution that best suits the people of Ontario will now be faced with a made-in-Ottawa carbon tax which we don't want that may very well be not to Ontario's benefit, especially in regards to how the proceeds of the carbon tax will be distributed.\nDo not proceed to enact this Act. Restore Cap and Trade.\n"
    },
    "8283": {
        "url": "/comment/8283",
        "comment": "Today the Nobel prize in Economics was shared by two economists.  One was for his work in proving the economic and environmental viability of carbon caps and related taxation.\nIt is obvious that the world is experiencing the effects of climate change. In many locations these effects have been catastrophic.  They will only get worse.  Anyone who has care for themselves, their children, their grandchildren, has the responsibility to act now, even if many scientists believe it may already be too late.\nThis government must act responsibly by implementing -  not cancelling  - the Climate Change Mitigation and\nLow-carbon Economy Act, 2016 (CCMLEA).\n"
    },
    "8284": {
        "url": "/comment/8284",
        "comment": "I strongly reject your climate cancellation bill. Eliminating the only climate policy we have in Ontario, cancelling pollution pricing, erasing emissions targets and scrapping all funding for energy saving solutions is the worst possible idea for Ontario. You are taking away the provinces future and the choice of the citizens to build a sustainable, green economy and province. Please reconsider and care about the future of our province and humanity over whatever short term gains you see in this.\n"
    },
    "8285": {
        "url": "/comment/8285",
        "comment": "I want a real climate change plan to reduce emissions, help people save energy and create jobs in the $26 trillion clean economy.\nI want Ontario to put a price on pollution, making polluters pay for their emissions and returning the revenues to the pockets of Ontarians so they can lower their carbon footprint.\nI want legally binding emissions targets in line with our obligations to the Paris Climate Agreement.\nI want Ontario to be 100% powered by clean energy by 2050\nI want Ontario to end subsidies and handouts for fossil fuel companies and redirect this money to clean energy solutions.\n"
    },
    "8287": {
        "url": "/comment/8287",
        "comment": "I want a real climate change plan to reduce emissions, help people save energy and create jobs in the $26 trillion clean economy.\nI want Ontario to put a price on pollution, making polluters pay for their emissions and returning the revenues to the pockets of Ontarians so they can lower their carbon footprint.\nI want legally binding emissions targets in line with our obligations to the Paris Climate Agreement.\nI want Ontario to be 100% powered by clean energy by 2050\nI want Ontario to end subsidies and handouts for fossil fuel companies and redirect this money to clean energy solutions.\n"
    },
    "8288": {
        "url": "/comment/8288",
        "comment": "I do NOT support the repeal the Climate Change Mitigation and Low-carbon Economy Act, 2016 (CCMLEA) .\nBased on the latest SCIENTIFIC evidence presented today (Oct. 8/18) our government needs to be doing everything possible to protect our planet.  Premier Ford's policies do not support scientific evidence of what is happening in the world.\n"
    },
    "8289": {
        "url": "/comment/8289",
        "comment": "1. The promotion of this bill has suggested that Cap and Trade is a \"Carbon Tax\". Cap and Trade is not a tax. It is disingenuous to suggest that it is.\n2. Cap and Trade is a market mechanism, first championed by conservative-minded people.\n3. Cap and Trade works. It adds a value to carbon emissions which then must be reduced by lowering allowances.\n4. The only option left to this government if it does not want to use a market mechanism is regulatory controls if it is serious about actually reducing greenhouse gas emissions to the degree we need to. This is an emergency. Please behave like this is an emergency.\n5. The introduction of this Act is irresponsible and dangerous. It proceeds against worldwide scientific advice. Time is of the essence.\n6. Many excellent projects were being funded by this. Badly needed projects, like repairs to schools that would save taxpayers on energy bills in the immediate future while also improving the learning environment. This is inexcusable.\n7. Concerns over increase in homeowner's fuel bills can be addressed by redirecting a portion of the proceeds from Cap and Trade to those individuals who need it the most. Wholesale removal of Cap and Trade is not a solution to the issue of ever-increasing fuel prices.\n8. Removal of Cap and Trade means that a made-in-Ontario solution that best suits the people of Ontario will now be faced with a made-in-Ottawa carbon tax which we don't want that may very well be not to Ontario's benefit, especially in regards to how the proceeds of the carbon tax will be distributed.\nDo not proceed to enact this Act. Restore Cap and Trade.\n"
    },
    "8291": {
        "url": "/comment/8291",
        "comment": "Hi\n\u2022\tI want a real climate change plan to reduce emissions, help people save energy and create jobs in the $26 trillion clean economy.\n\u2022\tI want Ontario to put a price on pollution, making polluters pay for their emissions and returning the revenues to the pockets of Ontarians so they can lower their carbon footprint.\n\u2022\tI want legally binding emissions targets in line with our obligations to the Paris Climate Agreement.\n\u2022\tI want Ontario to be 100% powered by clean energy by 2050\n\u2022\tI want Ontario to end subsidies and handouts for fossil fuel companies and redirect this money to clean energy solutions.\nthanks for receiving my comments\n"
    },
    "8292": {
        "url": "/comment/8292",
        "comment": "I believe moving this province and country towards green based energy is a step in the right direction.  If you do not heed those who are experts in this field (and that isn't Premier Ford), we risk even more harm to our country and world.  You cannot move backwards in the fight to reduce our relationship with fossil fuels.  I believe cap and trade is a fair approach.  If not this then what?  the Ontario government hasn't provided any other suggestions.  When will you do that?\nInitiatives to encourage the lessen the use of fossil fuels, whether though alternative energy development, incentives to purchase electric vehicles are positive, and necessary.\nWe cannot continue to pander to those who produce fossil fuels...travelling the country looking for those who support your views on cap and trade is  a little \"trump like\" I believe.  Cap and trade or what?\n"
    },
    "8294": {
        "url": "/comment/8294",
        "comment": "Dismantling a climate change law that was working is bad for the environment, bad for our health, and bad for business.  Cap-and-trade is extremely profitable for the province -  proceeds for 2018-2019 were estimated at $2 billion.  This money was funding energy-efficiency programs in schools, public housing, hospitals and transit systems.  Cap-and-trade was expected to bring an 18-million-tonne decline in greenhouse gas emissions by 2020.  Cap-and-trade is working elsewhere - USA, European Union, and Tokyo to name a few places.\nIn 2016, over 18,000 Ontarians sent messages urging the government to STRENGTHEN the Ontario Environmental Bill of Rights to include our right to a healthy environment.  The current government's proposed replacement climate law, Bill 4, the Cap and Trade Cancellation Act, is incredibly weak.  It promises undetermined action to achieve undetermined and easily changed targets at some undetermined future time, with no criteria or consequences.  I would like to see Ontario become a climate change leader, but it certainly won't with this proposal!\n"
    },
    "8297": {
        "url": "/comment/8297",
        "comment": "I want a real climate change plan to reduce emissions, help people save energy and create jobs in the $26 trillion clean economy.\nI want Ontario to put a price on pollution, making polluters pay for their emissions and returning the revenues to the pockets of Ontarians so they can lower their carbon footprint.\nI want legally binding emissions targets in line with our obligations to the Paris Climate Agreement.\nI want Ontario to be 100% powered by clean energy by 2050\nI want Ontario to end subsidies and handouts for fossil fuel companies and redirect this money to clean energy solutions.\n"
    },
    "8298": {
        "url": "/comment/8298",
        "comment": "I want a real climate change plan to reduce emissions, help people save energy and create jobs in the $26 trillion clean economy.\nI want legally binding emissions targets in line with our obligations to the Paris Climate Agreement.\nI want Ontario to be 100% powered by clean energy by 2050\nI want Ontario to end subsidies and handouts for fossil fuel companies and redirect this money to clean energy solutions.\n"
    },
    "8299": {
        "url": "/comment/8299",
        "comment": "As a citizen of Ontario I object to Bill 4 which will cancel our cap and trade program which is limiting the amount of carbon which our province puts in the air we breath.  This is certainly a step backwards.  I also object to spending Ontario tax payers\u2019 money on fighting the federal governments carbon tax.\n"
    }
}