{
    "10189": {
        "url": "/comment/10189",
        "comment": "I believe the cap and trade system represents an effective market-driven solution to reduce green house gas emissions. It strikes me as reckless and irresponsible to scrap this system without first proposing a detailed alternative.\nOnce such an alternative has been proposed, is should be independently evaluated for its merits. If it proves to be superior to the existing cap and trade system, then by all means replace the old system with the new one.\nBill 4 seems to be motivated by an attitude of \"let's dismantle anything the Liberals did\" without even bothering to consider what should replace it. That's poor governance.\n"
    },
    "10191": {
        "url": "/comment/10191",
        "comment": "Please reference the latest release from the UN anout climate change. Removing the cap and trade policy is the most backward thing we could do as province in the fight against this massive issue. Out of consideration of our beautiful planet, country and world, I hope that youre able to use the scientific data presented by experts to uphold our provinces cap and trade policy.\n"
    },
    "10192": {
        "url": "/comment/10192",
        "comment": "There is overwhelming evidence that we need to limit our carbon emissions. In addition to our legacy as a species on this planet, we have our children and future generations to worry about. I am extremely concerned that the current Ontario government does not have a plan in place. And it is urgent that we create one. It is irresponsible to cancel the Cap and Trade program before there is another strategy.\nPlease announce your plan immediately.\n"
    },
    "10193": {
        "url": "/comment/10193",
        "comment": "Steps backward like Bill 4 are particularly frustrating for those of us in the Environmental Sector. We all know that the only way to create a sense of responsibility is to punish and reward, whatever the issue might be. Creating a robust carbon pricing marketplace does not stifle profitability or development, it ensures better investment into greater efficiency. Turning away from this makes Ontario look, at the very least, shortsighted and ignorant, and without a doubt, irresponsible to the rest of the world.\n"
    },
    "10194": {
        "url": "/comment/10194",
        "comment": "Implementation of Bill 4, Cap and Trade Cancellation Act, is a decision that will affect the lives of Canadians in the current and future generations through its implication on climate change mitigation.\nThe effects of climate change will influence Canadian resources that our economy currently depends on. Agriculture, tourism, and fisheries are some of the economic sectors that will likely be affected by changes in climate. How would Canada's GDP be influenced with a decline in the productivity of these sectors? These are some of the concerns that come to mind when the Ontario provincial government chooses to implement the Bill 4 Cap and Trade Cancellation Act.\nBill 4 is a short sighted Act that does not consider the long term benefits considered in the implementation of the Climate Change Mitigation and Low-carbon Economy Act in 2016. The government, businesses, and any other users of fossil fuels have a role to play in the mitigation of greenhouse gas emissions. Climate change is a political challenge that requires action from the government in order for any changes to occur within the economic system as a whole.\nBy implementing Bill 4, the Ontario government is not taking the political stance needed from Canada to take action towards playing its part in reducing the global greenhouse gas emissions. This is unethical and is not representative of the contribution that Canada can make to the global economy as a global citizen.\nAs a young adult with a bachelor and Master's degree in Environmental Science and Engineering, I am writing to you to state that I am not in favour of implementing Bill 4, Cap and Trade Cancellation Act. I envision Canada to be a leader in implementing regulations that are in favour of mitigating climate change, which will thereby reduce further damage to the natural resources upon which our economy relies on. I call upon the Ontario government to read the latest report published by the IPCC, which summarizes the potential impacts of a 1.5C global warming.\n"
    },
    "10196": {
        "url": "/comment/10196",
        "comment": "Bill 4 absolutely should not be passed in light of the current climate crisis. While not perfect, the Cap and Trade Program is one of the first steps for Canada towards meeting its emission reduction targets for the Paris Agreement and a safer climate.  To aim for the cancellation of the Cap and Trade Program without even hinting at any kind of replacement climate change mitigation strategy is completely irresponsible, not only towards the well being of Ontarians, but particularly with regards to the international community's fight against climate change.\nI am strongly opposed to Bill 4 being passed, more action needs to be done to address the climate crisis; we should not directly undermining the action that has been taken.\n"
    },
    "10197": {
        "url": "/comment/10197",
        "comment": "In light of the recent UN report calling for significant action on lowering our carbon footprint, I appeal to the Government of Ontario to use common sense and continue the cap and trade program. The repeal of this legislation can only have serious negative impacts on our children's and grandchildren's future health and wellfare.\n"
    },
    "10199": {
        "url": "/comment/10199",
        "comment": "Climate impacts are undeniable, severe and increasing.  Earlier this week, the UN Intergovernmental Panel on Climate Change issued its most dire warning to date, saying that the world has just a few years to change course and prevent catastrophic and irreversible climate impacts. The global scientific community is urging all governments to act urgently and seriously to drastically reduce emissions. Inaction in Ontario is indefensible and we are not excluded from a responsibility to do everything we can. Climate change deniers and those politicians complicit in not doing everything they should be considered Public Enemy #1.  You don't have the right to gamble with mine or my future generations planet. PLEASE ACT IMMEDIATELY TO CORRECT YOUR PATH OF OBJECTION.\n"
    },
    "10200": {
        "url": "/comment/10200",
        "comment": "We are in an environmental crisis time. Bill 4 only deals with the keeping of a political promise, not with the reality of climate change and needed action. It does nothing to encourage the greening of industry and the industry that can be built upon green alternatives. There needs to be immediate recognition of the cost of how we live now, and serious and immediate effective actions taken. Carbon pricing does that, even it it is used as a temporary measure until we see better options proposed. By all means show us a better plan that we can all support, but Bill 4 does not do this. Please do not pass Bill 4.\n"
    },
    "10201": {
        "url": "/comment/10201",
        "comment": "There is no time to play politics with climate change. Ontario had a well thought out plan based on broad consultation. It would be remiss of this government to cancel the act that enables that plan. Ontarians are already suffering the consequences of political games and postponed actions to deal with climate change. At this point it will take everyone working together - individual citizens; government; corporations to slow down the impact of climate change on every aspect of our lives.  The current act enables a workable, scientifically based plan that pwill deliver the kind of mindset and behaviors required to address climate change. I urge the government to not play with my life, let alone that of my children and future generations. I do not support this legislation.\n"
    },
    "10202": {
        "url": "/comment/10202",
        "comment": "Climate change is a the #1 crisis in the world today. It is the biggest threat to the sustainability of our planet and the lives of people in Ontario, Canada, North America, and globally. Anyone who doubts it's veracity or seriousness is willfully blind, recklessly ignorant, and criminality irresponsible.  We are world leaders in climate change research and science in the province and nationally. It's time we put what we know to be true to work.\nThis is not the time to pander to the special interests a few constituents. If Ford wants to leave a meaningful legacy with positive and lasting impact, he needs to support  the environmental policies that are currently in place. This means being courageous and standing up to short-sighted, self-interested climate-change deniers that will object. He also needs to take a leadership role on this issue in Canada and build active support among his provincial colleagues.\nThis is a life and death issue that he can help to address.  Everyone I know - friends, family, clients, colleagues - is focused and worried about the issue. Climate change has already demonstrated its power to destroy. Time is quickly running out.\n"
    },
    "10204": {
        "url": "/comment/10204",
        "comment": "Summary\nBill 4 fails to match the urgency of the climate crisis and represents a major step backward in the fight against climate change.\nIt is unfair and unreasonable to eliminate the province\u2019s only climate plan without being transparent with the public about the plan to replace it.\nBill 4 closes Ontario for business to the $26 trillion global clean economy and will have a negative effect on clean jobs and investment.\nPollution pricing must be a pillar for a climate plan to be efficient and effective.\nA credible climate plan would include binding targets to shift Ontario towards being 100% carbon neutral by 2050, supported by specific measures in the areas of energy efficiency, home and building heating, transportation, electricity, and climate adaptation.\nWhere Bill 4 goes wrong\nThe consultation process for Bill 4 was insufficient\nBill 4 ignores the urgency of climate change\nBill 4 closes Ontario for business to the clean economy\nBill 4 gives little detail about a replacement plan\nBill 4 does not contain binding emissions targets\nBill 4 eliminates the most important policy tool: pollution pricing\nThe way forward: Recommendations for a credible climate plan\nAdopt carbon fee and dividend\nFocus on energy efficiency in homes and buildings\nElectrify our transportation system\nSupport jobs and investment in the clean economy\nMake our electricity system clean, affordable, and community-owned\nPrepare Ontario for climate impacts\n"
    },
    "10205": {
        "url": "/comment/10205",
        "comment": "I strongly disagree with the repeal of the 'Climate Change Mitigation and Low-carbon Economy Act, 2016'. I believe that placing a price on carbon emissions is an effective way to combat greenhouse gas emissions. Shutting down the existing system is an enormous waste of tax revenue. In future, I will only vote for candidates and parties that support it having a price on carbon emissions.\n"
    },
    "10206": {
        "url": "/comment/10206",
        "comment": "I strongly reject bill 4, and believe that a pollution pricing program is the best way forward for Ontario.  It is vital in honouring Canada\u2019s international climate commitments under the Paris Agreement.\nI stand with the Green Party of Ontario and support their submission regarding this proposal.\n- Climate impacts are undeniable, severe and increasing\n- Climate action is a opportunity to increase jobs and grow the economy\n- Bill 4 closes Ontario for business to the clean economy\n- Bill 4 gives little detail about a replacement plan, ignoring the urgency of climate change\n"
    },
    "10209": {
        "url": "/comment/10209",
        "comment": "Please reconsider Bill 4.  Climate change is an urgent issue, and we all stand to lose by any policy that takes a step backward in the fight against it.  The principle of making polluters pay is sound, because they are costing all of us in multiple ways, and their short-term gains are now outweighed in the short-, medium-, and long-term by their costs.\nWe will lose jobs, we will lose investment, and we will lose the leads and advantages that we currently enjoy in energy generation and supply (for example), should we fail to capitalize on our opportunities.  It is no overstatement to say that we will lose health, wealth, and lives as well, by not adapting to the reality and priorities of our times.  We greatly risk being left behind should other countries' investments make our products and services financially and ethically suspect and undesirable.  We should move with purpose to seize the opportunities in the clean economy, which all of the world's most advanced countries are actively pursuing, in part by choosing to make climate change a priority and investing in cleaner industries, as well as pursuing increasing energy efficiency.\nGovernment has an important role to play in achieving targets for the common good of citizens.  Stepping aside from the responsibilities of government to intervene, and expecting or wishing that the private sector will work out the solutions that are best for everyone, is naive.  Despite common complaints against the wastefulness and bureaucracy of government, human nature suggests that, left to their own devices, it is the organization that represents the most people (the government) that will do the most for the common good.\nRegarding the fact that there are other, bigger polluters, in many ways we have already been shown to have an outsize effect by our own actions, as has been seen in numerous fields, where numbers alone do not indicate the influence that we can have, including in aerospace, entertainment, healthcare research, and now artificial intelligence.  The achievements in these areas have been at least supported by government, and we must do the same regarding climate change, otherwise those who look back may marvel at shortsighted decisions and poor judgement.  If we are not fully leading, we should at least be on the winning side.\n"
    },
    "10210": {
        "url": "/comment/10210",
        "comment": "Cap and Trade Branch\n77 Wellesley Street West\n10th Floor, Ferguson Block\nToronto ON M7A 2T5\nCanada\nTo the Ministry of Environment, Conservation and Parks,\nThank you for the opportunity to contribute to this important consultation on the future of Ontario\u2019s climate plan.\nWe know from the recent Intergovernmental Panel on Climate Change (IPCC) report that we are dangerously close to crossing the catastrophic 1.5C tipping point that would lead to runaway climate change. It is in the context of this dire warning that we call on the government to take urgent action to reduce our emissions and formulate a plan for adapting to a changing climate.\nWhat is your plan for climate change.  Without one, please do not cancel cap and trade.\n"
    },
    "10211": {
        "url": "/comment/10211",
        "comment": "I am in full agreement with the submission by the Green Party of Ontario - posted Oct. 11, 2018, and signed by Jaymini Bhikha.\nSo many millions of words have been written about the looming climate change catastrophe that there is really very little I can add.\nThe only thing I would like to add is that I fail to see why any responsible politician could doom our beautiful planet - at least, most of the biosphere - for the sake of saving a few pennies per litre on gas and natural gas.  Not to mention that reusable energy will create multitudes of *clean* jobs, unlike leaky pipelines and the even more horrible tar sands - one wonders if the politicians care about jobs as much as they say they do!\nThis whole situation reminds me of the hoary old joke where this CEO says something to the effect that, \"Yes, the world is coming to an end in a few months, but there will be some great business opportunities before that\".\nI know some of the government types in the US have given up, but surely Canadians are made of sterner stuff!\nRespectfully\n"
    }
}