{
    "8570": {
        "url": "/comment/8570",
        "comment": "We need POLLUTER PAYS Policies to deal with environmental issues; therefore a CARBON TAX  on all Fossil Fuel Energy use must be applied to ALL individuals, businesses, corporations, public agencies, etc.   The proceeds of the Carbon Tax must be used to change our economy and society to halt and possibly reverse environmental degradation.\n"
    },
    "8572": {
        "url": "/comment/8572",
        "comment": "The path the Ford government has taken to fulfill their campaign goal of cancelling the Ontario Cap and Trade program gleams with ill-intention and lack of concern for climate change for two reasons: the avoidance of public comment; and failing to propose any sort of replacement plan for the cap and trade program and for the Climate Change Mitigation and Low-carbon Economy Act (CCMLE) as a whole. Firstly, the government avoided a period of public comment for Bill 4, which not only violates the Environmental Bill of Rights but also denies the sharing of opinions by 'the people' that the Ford government states they are acting to protect. The Minister's justification for this was that the provincial election provided a sufficient public comment period: within this statement, the Minister is assuming that all those that voted for Ford agree with all of his campaign goals, including ending the cap and trade program; what he fails to understand, or failed to think of when he fashioned this excuse, is that just because a person votes for a party does not mean they fully support all of their campaign goals. Thus, some that voted for the liberal party candidate may have agreed that the cap and trade program should be cancelled, while there are also conservative voters that do not necessarily support this cancellation. Some may not see this as a purposeful mistake; however, the fact that this cancellation is being proposed without any replacement plan shows the lack of urgency felt by the Ford government to take climate change mitigation seriously.\nBecause of this, the proposal of Bill 4 shows no signs of being equally or more effective at decreasing CO2 emissions compared to the CCMLE Act, which supplied Ontario with a substantial amount of progress as our first step towards climate change action. Cap and trade programs are seen as one of the most reasonable ways to decrease greenhouse gas (GHG) emissions (Rocha et al., p. 195). These programs are most successful when two circumstances are met: when the region shifts from high-carbon fossil-fuels to low-emission technologies and renewable energy sources (p. 207); and when political resilience is kept at a minimum (Rabe, p. 110) through incentives and increased participation (Chaloux, p. 253). Some parties argue that moving towards renewable energy sources when fossil fuels are still so abundant is a simply foolish decision, as it is costly to invest in seemingly unnecessary renewable energy systems when fossil fuel extraction infrastructure is already available. Yet, these costs can be greatly decreased when renewable energy sector development is funded, either through private or government investment, as it allows for price decreases and will thus become increasingly affordable to implement (Yatchew, p. 3893). In Ontario's case, the federal government was prepared to provide Ontario with $400 million of funding towards a framework in-line with the national climate change plan as set out by the federal government (Rabson, 2018); additionally, Ontario made almost $3 billion through cap and trade auctioning (McQuigge, 2018).  However, in order to be in compliance with the federal plan and in turn receive the federal funding, a carbon price scheme must be introduced in Ontario (Rabson, 2018). Thus, the cancellation of the cap and trade program throws away a huge opportunity to fund renewable energy development, inhibiting the movement away from fossil-fuel use.\nMore specifically in terms of political resilience, Rabe argues that cap and trade policies can be durable, but political resiliency in one region is often what causes failure in individual programs and in other regions' programs as they lose encouragement to participate (p. 110). Federal funding was put in place to incentivize the Ontario government to implement cap and trade, and the province accumulated additional funding to allow for the greatest success of the program. In spite of this, the Ford government denied participation, which will in turn cause other regions to lose incentive to decrease emissions through cap and trade. If Ontario was to continue the path to cap and trade, more provinces in Canada as well as regions internationally would be more incentivized to participate, and the international effort of decreasing GHG emissions would become more effective (Chaloux, p. 253).\nNot only does Bill 4 discard federal funding, it also wastes the labour and funding that went in to creating and planning the infrastructure of the cap and trade program. If the new act is supposed to achieve the same emissions reductions as the CCMLE Act, the cost of retracting cap and trade infrastructure, creating a new program, and implementing it is quite an immense price to pay when the result is supposed to be equivalent. This is not only costly in terms of money but in terms of time: the cap and trade program has been largely implemented and now additional time will be taken to execute the cancellation and determine a new program. Our action towards mitigating climate change will be further delayed through this process. The longer we wait, the greater the climate change impacts will be, and thus transitioning to renewable energy and repairing these impacts will become increasingly expensive. We need to act fast, and Bill 4 is only an obstacle in a real attempt to decrease emissions. Even though Bill 4 states it will keep the same emissions reductions as the CCMLE Act, it provides no legal infrastructure that will ensure these emissions levels will be met, especially in accordance with the Paris agreement (Greenpeace, p. 12).\nAlthough the impacts would be detrimental, if the Ontario government was to go forward with Bill 4, the same emissions targets as outlined in the CCMLE Act must be met. However, another program that will be as effective at reducing emissions will be a challenge for the Ford government. The use of federal and provincial funding to allow for an effective cap and trade program is largely in place, and any attempt to dismantle this program is clearly not for the benefit of Ontarians and the environment we live in.\nWorks Cited\nChaloux, A. (2017). The Implementation of the Western Climate Initiative: How North American States and Provinces Lead International Climate Negotiations. International Negotiation, 22, p. 239-258. doi 10.1163/15718069-22021112\nGreenpeace. (2018, September 11). Notice of Application for Judicial Review. Retrieved from greenpeace.org/canada/en/press-release/4414/greenpeace-takes-ontario-to-court-for-unlawfully-cancelling-cap-and-trade-program/\nMcQuigge, M. (2018). Ontario government promises public consultations on cap-and-trade after facing legal action. Global News. Retrieved from globalnews.ca/news/4443790/ontario-government-promises-public-consultations-on-cap-and-trade-after-facing-legal-action/\nRabe, B.G. (2016). The Durability of Carbon Cap-and-Trade Policy. Governance: An International Journal of Policy, Administration, and Institutions, 29(1), p. 103-119. doi:10.1111/gove.12151\nRabson, M. (2018, July 4). Ontario cancelling cap and trade akin to pulling out of climate framework: Catherine McKenna. CBC News. Retrieved from cbc.ca/news/politics/ontario-federal-government-cap-trade-1.4734182\nRocha, P., Das, T.K., Nanduri, V., & Botterud, A. (2015). Impact of CO2 cap-and-trade programs on restructured power markets with generation capacity investments. Electrical Power and Energy Systems, 71, p. 195-208. doi.org/10.1016/j.ijepes.2015.02.031\nYatchew, A., & Baziliauskas, A. (2011). Ontario feed-in-tariff programs. Energy Policy, 39, p. 3885-3893. doi:10.1016/j.enpol.2011.01.033\n"
    },
    "8573": {
        "url": "/comment/8573",
        "comment": "I fundamentally disagree with cancellation of the current plan with no alternatives in place that have been reviewed and fit in with our national and global strategies to reduce greenhouse emissions. As an Ontario taxpayer I also disagree with this strategy that exposes Ontario to lawsuits from multiple fronts, wasting tax dollars that could be used to support other needs or to reduce our personal taxes\n"
    },
    "8575": {
        "url": "/comment/8575",
        "comment": "I want a real climate change plan to reduce emissions, help people save energy, and create jobs in the clean energy economy. I want a clean future for my elderly years and especially for my children. I want a voice for the voiceless, especially those who live in impoverished areas and can not afford to lobby for clean energy. The UN says that we\u2019ll be experiencing climate change effects as early as 2030. That\u2019s 12 years from now. Temperatures are reaching record highs, there are more fire disasters, more heat waves, and more hurricanes. We need to be stricter for a better future. Otherwise the lives of everyone this planet, including yours, will never be the same for the absolute worst.\n"
    },
    "8578": {
        "url": "/comment/8578",
        "comment": "I want to see a real climate action plan to reduce emissions in Ontario. I want to see the polluters pay for their emissions with a carbon, and cap and trade. I want Ontario to end subsidies and handouts for fossil fuel companies and redirect this money to clean energy solutions. I want to see Ontario be committed to becoming 100% reliant on renewable energy, and commit to legally binding emissions targets in line with our nation's Paris Climate Agreement obligations.\n"
    },
    "8580": {
        "url": "/comment/8580",
        "comment": "For years (many more than Mr. Ford is likely to enjoy) I have been advocating that all the offending polluters, whether of greenhouse emissions or chemical toxins, or just plain old animal (including human) waste should be managed to prevent the contamination of our environment.  Instead the rate of the CO2 load keeps increasing to the point where even I, at my advanced age, might expect to live to see the full destructive force of global climate disruption.  It is galling to see the greedy, recklessness of our elected officials wilfully sacrificing the health and lives of their electors - not to mention their own families - by refusing to face facts or to do anything constructive to halt the slide toward catastrophe.  Do you think that the victims you are creating will ever forget your betrayals?\nThere is still time to force the polluters to clean up the messes they have created; there is still time for governments to meet health & safety standards by building effective waste treatment plants and preventing the wholesale contamination of our surface and ground water resources; there MAY be enough time left for governments at all levels to reduce carbon and other greenhouse gases and prevent the devastation of climate destabilization;  there just may be time for Canada to switch its economy over to a green one and reap the benefits of early adoption.  That is if the ignorant and myopic politicians can see past their next election.\nI love, and fear, for my grandaughter's future.  Not even the premiers wealth can insulate his own descendent from the harm he wreaks now.\n"
    },
    "8582": {
        "url": "/comment/8582",
        "comment": "Climate change is one of the most paramount issues we are facing. Even before the UN released it's new report yesterday, you only needed to look out your window to see the effects of climate change - heatwaves in June, violent storms, warmer winters - and the list goes on.\nI'm also an MD, which has given me another view of the effects of pollution and extreme weather on our most vulnerable- the poor, the elderly, and the children. On very hot days with poor air quality the ER is packed with elderly suffering from heat stroke and kids suffering from more aggressive asthma attacks.\nTargeting large polluters is one of the best ways of reducing CO2 levels. And the best means of doing this is through a carbon tax. It's not rocket science to know that as long as polluting is free, companies will make no effort to reduce their emissions. It is only when they have to pay that any real effort to reduce GHG emissions will come to fruition. One need not look any further than Australia. In the two years that the country enacted a carbon tax, CO2 emissions by about 10 million tonnes. Additionally a CO2 tax can actually put money back into most citizen's pockets, meaning they'll be both healthier and more financially ahead than without the tax.\nThere are those in your party that don't see climate change as a threat. That's their mistake. But you owe a duty of care to your citizens. And if nothing else, your gov't should really start looking at potential legal risks it is taking by not acting. The Dutch court of appeal just upheld the 2015 Urgenda ruling finding the Dutch gov't was required to tackle climate change more aggressively than their current course. If you think there isn't a group of citizens who won't be taking Doug Ford to court over this issue in the near future, than you are sorely mistaken.\n"
    },
    "8583": {
        "url": "/comment/8583",
        "comment": "*I want a real climate change plan to reduce emissions, help people save energy and create jobs in the $26 trillion clean economy.\n*I want Ontario to put a price on pollution, making polluters pay for their emissions and returning the revenues to the pockets of Ontarians so they can lower their carbon footprint.\n*I want legally binding emissions targets in line with our obligations to the Paris Climate Agreement.\n*I want Ontario to be 100% powered by clean energy by 2050\n*I want Ontario to end subsidies and handouts for fossil fuel companies and redirect this money to clean energy solutions NOW.\n"
    },
    "8585": {
        "url": "/comment/8585",
        "comment": "I want a real climate change plan to reduce emissions, help people save energy and create jobs in the $26 trillion clean economy.\nI want Ontario to put a price on pollution, making polluters pay for their emissions and returning the revenues to the pockets of Ontarians so they can lower their carbon footprint.\nI want legally binding emissions targets in line with our obligations to the Paris Climate Agreement.\nI want Ontario to be 100% powered by clean energy by 2030\nI want Ontario to end subsidies and handouts for fossil fuel companies and redirect this money to clean energy solutions.\nThe most recent report of the IPCC is unequivocal: we must keep global warming to no more than 1.5 degrees Celsius if we want a livable world, and that means we must be fossil-free by 2030.  Every person and every government needs to be working towards this goal, and I want this to be Ontario's goal too.\n"
    },
    "8586": {
        "url": "/comment/8586",
        "comment": "I think we need a real climate change plan to drastically reduce emissions by having Ontario powered by clean energy by 2050.\nGreen economy is a $26 trillion business that can create plenty of new jobs for Ontarians .\nPolluters must pay for their emissions : the damage they are doing  to our land , air and water will shortly become irreversible.\nOntario needs to end subsidies and handouts for fossil fuel companies and redirect this money to clean energy solutions\nThank you\nRegards\nCV\n"
    },
    "8587": {
        "url": "/comment/8587",
        "comment": "I'm concerned that the cancellation of the cap and trade program will cause large businesses to be less environmentally friendly and cause more damage to our environment.\nMoney is a very large factor in how a business operates. If there is no incentive for a business to be environmentally friendly, it is very unlikely that it will be. I am worried that any new plans drawn up will not be effective and that cancelling a working program without an adequate replacement will just do more harm than good.\n"
    },
    "8590": {
        "url": "/comment/8590",
        "comment": "POLLUTER MUST PAY\nREVENUE GOES TO INCREASING AND INVESTING IN RENEWABLE ENERGY FOR HEALTHIER PLANET\nWE ARE KILLING THE ENVIRONMENT WITH INCREASING GHG EMISSIONS\nWE ARE KILLING OUR FUTURE OUR CHILDREN\nThis is the best way to make a change, and some sort of carbon tax/cap-and -trade will be enforced by the federal government\nWE NEED A CAP AND TRADE\nI HAVE A VOICE\n"
    },
    "8591": {
        "url": "/comment/8591",
        "comment": "I want a real climate change plan to reduce emissions, help people save energy and create jobs in the $26 trillion clean economy, and for Ontario to put a price on pollution, making polluters pay for their emissions and returning the revenues to the pockets of Ontario residents and businesses so they can lower their carbon footprint.\n"
    },
    "8592": {
        "url": "/comment/8592",
        "comment": "I am totally against the new Ontario Government's Bill 4 and scrapping the Cap and Trade program! We need to clean up our air, water and soil for our children's future. So many people die pre-mature due to air pollution. If we don't pay now to clean up our Environment we will pay in health care costs and an early death. Cap and Trade was a step in the right direction to a cleaner future. It supported many other programs like Green Energy, electric vehicles, home energy conservation upgrades and more. Thousands of jobs are being lost if the Cap and Trade program is cancelled. Pollution isn't free. It's costs everyone but the polluter!\n"
    },
    "8593": {
        "url": "/comment/8593",
        "comment": "In my personal experience as young working professional the Cap and Trade Cancellation Act, 2018 is going to negatively affect my ability to contribute to a greener economy and society. I wish to live my life in a eco-friendly way, and the Climate Change Mitigation and Low-carbon Economy Act, 2016, S.O. 2016, c. 7 provided incentives and opportunities for me to progress towards that. With the Cancellation Act, an economy/entry level priced zero-emissions vehicle are once again unaffordable at my entry level position salary (newly acquired, previously a student with little to no income). The pricing incentive previously provided by the provincial government CCMLEA brought the cost of such vehicles (Nissan Leaf, Chevy Bolt, Ford Focus) into something realistic, though during the span of the program I was a transitional student, unable to afford and without a permanent drive way to park it in. I believe that the benefits to green infrastructure brought on by the increased demand for Electric Vehicles (EV) were positively accelerating and I fear that with the cancellation act, the progression will be stalled.\nThough the CCMLEA act was not perfect, I do not think it correct for the provincial government to cancel it prior to the announcement of a new plan/act/report with some research-backed, evolved plan to reduce greenhouse gas emissions. With the release of the IPCC climate report and the upcoming ending of the UN's decade on biodiversity, the international policy negotiators are calling for more commitment, Ontario seems to be committing less to a problem we are clearly contributing to causing.\n"
    }
}