{
    "9004": {
        "url": "/comment/9004",
        "comment": "The best market-based way to reduce greenhouse gases is a price on carbon, either a direct tax or a cap-and-trade system. In both cases, the government can return the income from these to the people, so it is not a \u201ctax grab\u201d. The other alternative is to use the income to provide incentives for better home insulation, buying electric cars, and developing new low-energy technologies.Another recent scientific study (reported here in The Guardian) says that we must totally stop burning fossil fuels (in houses or in cars) within just 10 to 20 years, to avoid runaway climate change that may destroy all life on Earth.\n"
    },
    "9005": {
        "url": "/comment/9005",
        "comment": "I'm a resident of Ottawa and mother of a 20-year-old. This legislation is ill-advised, regressive, and a kick - not a slap, a KICK - in the face of our children. In light of the recent IPCC report, it is downright reckless and irresponsible.  What does this government propose to put in its place to ensure we meet our Paris Agreement commitments?  Thoughts and prayers?\nIf this government passes Bill 4, it will be on the wrong side of history.\n"
    },
    "9006": {
        "url": "/comment/9006",
        "comment": "I am urging the Ontario's government not to go through with this proposal.\nRegardless of the political stance of our provincial or federal government, we need to take action to protect this piece of land we ALL live on. Cancelling environmental programs is detremental to our future sustainability as a country and would severely impede the opportunity for the current and future generations to become involved in projects that are green/eco friendly. These are projects that are focused on a long term solution and I have a very hard time believing that there is sustainability within the coal and gas industry. They are FINITE resources, and their emissions do no better for the planet, regardless of the money and economy they produce.\n"
    },
    "9008": {
        "url": "/comment/9008",
        "comment": "While I had some concerns with the cost of the Cap and Trade program - it was much better than what we will have once this law is passed - which is nothing and a vague, unbounded promise to do something. No goals or parameters. If you are serious about acting on climate change you really need to put a price on carbon - the price will reduce the amount of carbon entering the atmosphere - simple economics - any other way of doing it will cost more. The only thing that will cost less now is to do nothing but that will cost more. I would also like to include the latest UN report in my comment. Please read it. http://report.ipcc.ch/sr15/pdf/sr15_spm_final.pdf\n"
    },
    "9009": {
        "url": "/comment/9009",
        "comment": "October 10, 2018 \u2013 Environmental Registry # 013-3738\nThank you for giving me a chance to comment on your proposal to cancel Ontario\u2019s carbon cap and trade program. In my own view, your proposal is going in exactly the wrong direction \u2013 a horrendously dangerous direction for the future of our planet.  But this is not just my own view; more importantly, this is also the consensus view of the world\u2019s scientific and economic community.  Just this week, the IPCC\u2019s latest report gave the world its most stark warning yet.  As the IPCC\u2019s own news release stresses:\n\u201climiting global warming to 1.5\u00b0C would require \u201crapid and far-reaching\u201d transitions in land, energy, industry, buildings, transport, and cities. Global net human-caused emissions of carbon dioxide (CO2) would need to fall by about 45 percent from 2010 levels by 2030, reaching \u2018net zero\u2019 around 2050. This means that any remaining emissions would need to be balanced by removing CO2 from the air.\u201d (IPCC news release, October 8, 2018)\nSo clearly Ontario - and all other jurisdictions - need much faster and more effective ways of bending their carbon emission curves downwards.  Ontario\u2019s emission reduction projections are not anywhere near what the IPCC calls for \u2013 even if cap and trade goes ahead.  But your proposal to not only cancel cap and trade but also fight the federal carbon tax essentially takes all economic instruments off the table.  It cripples your ability to act.\nYour proposal also flies in the face of advice from the world\u2019s top economists.  Just this week, the Nobel Committee awarded its 2018 prize Prize in Economic Sciences in Memory of Alfred Nobel to two economists for their work examining the interplay between the economy and climate.  The Nobel Committee\u2019s news release (October 8, 2018) noted that:\nClimate change is a result of the greatest market failure the world has seen.\"\nThese market failures suggest that government interventions, via policies such as carbon taxes or emission quotas with a global reach, could be very valuable.\nUncoupling Ontario\u2019s economy from a dependency on fossil fuels; encouraging low-carbon and renewable energy sources; and safely storing carbon in Ontario\u2019s soils and forests \u2013 all of these goals depend on us putting a real, effective price on carbon. Right now. We don\u2019t have five years to wait. You have the tools in hand to move us in the right direction.  Polls show that Ontarians want to see action on climate change.  They also want smart, green 21st century jobs for themselves and their kids.  A price on carbon will set the stage for exactly those kinds of jobs. I plead with you to act in the interests of our children and the planet they will inherit. Please put a strong, effective price on carbon.\n"
    },
    "9015": {
        "url": "/comment/9015",
        "comment": "My comment has 2 parts\n1) this makes a mockery of government contracts\n2) your actions make it clear that you do not understand the consequences of inaction at this moment in the history of life on earth\nI think these are both obvious and do not need more discussion.  Cancelling government contracts unilaterally will make it much more difficult for government action to have impact.  \"I'm not gonna fall for that!  the next government will just reverse it and I will be left with a white elephant!\"\nThis is your watch.  I am doing what I can for life on earth.  You are responsible for the regulatory framework that provides incentives for people and organizations to work together to mitigate the tremendous risks of climate catastrophe... risks that are more complicated than most people are able to grasp.  It is your responsibility to either understand fully (not in your capability... you are not a climate scientist are you?) or invoke the precautionary principle.  This is not your world to squander.  You are only elected for 4 years.\nI wrote this poem.  Maybe read it and get some idea that this is not a video game.\nI Witness\nthe horror runs through my arms and legs\nthe ache fills my heart\nthe reality fills my mind\nthe finality pulls my gut\nas the mass extinction ticks onward\nlargely unacknowledged and unnoticed\nthe tremendous specialty of form and of life\nunappreciated\ngasping in the loneliness of last pairings\ndoomed and hopeless\nhabitat consumed by unsustainable food and junk\nhopeless and final in a way we do not conceive\nnot just death, but death of species, of kind\ntermination of lines of being\nthe final end of the rise from the muck\nthe endless creation that brought animation to matter\nthe interplay of mutually sustaining diversity\nthe dance of procreation\ndying\nwhile we decorate the packaging of our wasteful crap with their images\ntasting not, feeling not, seeing not, living barely\nand watch a horror movie to feel something\nwhile failing to notice the life that yet is\nin its intricate and living beauty\ndying at our hand, utterly squandered\nI witness\nunshrinking\nopen heart experiencing\nthe \u201cSixth Mass Biological Extinction Event\u201d\n\u00a9 Dragon-Heart 2014\n"
    },
    "9016": {
        "url": "/comment/9016",
        "comment": "I am socially conservative. But climate change is not a joke it is a real threat. I am 23 and I'm worried about what the future holds because I know I will still be alive when the really serious impacts of climate change start happening. I am afraid of droughts, food shortages, water shortages and climate refugees flooding our border. Climate change is a national security problem. We already have a problem with refugees coming to Ontario and we do not need more. Please take climate change seriously, all the science says we have a really big problem! Please do not cancel this legislation!\n"
    },
    "9017": {
        "url": "/comment/9017",
        "comment": "Rather upset that actions to slow or stop climate change are being stopped prior to there being a new plan in place.  Knowledgeable people in the field of science and research need to be consulted on the best approach.  Please bring back incentives on green energy for residential applications and vehicles.  Look into the issues surrounding climate change and it's effect on clean drinking water, increase in lake temperature causing cyanotoxin blooms resulting in treatment difficulties (it's here now and causing real issues, that are now spreading).  We need a plan that results in real change and that starts with consulting people with real data.\n"
    },
    "9019": {
        "url": "/comment/9019",
        "comment": "As a climate researcher I am very concerned about this plan to cancel the cap and trade program. Climate change mitigation is necessary and past the point of urgency. This government is moving backwards without appropriate scientific and public consultation. Environmental sustainability can be attained without decimating the economy. However there needs to be a will to move towards change and incentive for big businesses to modify their business models and truly invest in our future.\n"
    },
    "9021": {
        "url": "/comment/9021",
        "comment": "Please do not proceed with the repeal the Climate Change Mitigation and Low-carbon Economy Act, 2016. We need desperately what this Act provides financially and environmentally, for our  grandchildren and for ourselves. We the voters are looking for responsible decision making on this and other matters. The next election day is coming.\n"
    },
    "9022": {
        "url": "/comment/9022",
        "comment": "I'm very concerned about this Act which would cancel the cap and trade in Ontario. The UN Intergovernmental Panel on Climate Change (IPCC) released a report just a couple of days ago. Carbon pollution has been PROVEN by scientists all over the world, but notably,  by the scientists of the IPCC to be the driver of climate change. Canada is not a developing country. It should be on the forefront of a future without carbon.\nClimate change is no longer an eventuality that may impact our great-great-grandchildren some day. We will have to live through it unless we do something about it now.\nPlease do not get rid of cap and trade. Climate change is real - only the uneducated think it's not. The world has to work together to save itself. Do not make Ontario work against the world.\nSeriously - I am scared.\n"
    },
    "9023": {
        "url": "/comment/9023",
        "comment": "We need our government to work towards making climate-smart decisions and implementing credible, ambitious policies that will drastically limit carbon emissions.\n"
    },
    "9024": {
        "url": "/comment/9024",
        "comment": "Canceling the cap and trade program without an alternative significant carbon pricing scheme is irresponsible and misguided. Climate change is the biggest crisis facing humanity today. We need to act decisively and we need to act now. The climate science and the economics have been clear for decades: we need carbon pricing to motivate emission reductions.\nThe only positive outcome of this bill will be that Ontario will end up with a federal carbon tax instead. A carbon tax with a high and rising carbon price and with revenues going directly back to Ontarians (not to the government) would be the best and most efficient market mechanism to reduce carbon emissions. The alternatives (cap and trade, regulations and subsidies) are less efficient and more subject to political manipulation.\nEither drop this bill and retain cap and trade, or support the federal carbon tax and stop wasting taxpayer money challenging the exact thing that we need.\n"
    },
    "9025": {
        "url": "/comment/9025",
        "comment": "I'm a graduate student, an academic who's research is in the consequences of ignoring climate change. It is literally my job to produce facts and break down truths to their purest forms so that policy makers can do their jobs. Premier Ford, stop ignoring people like me. We're not a part of some agenda to screw over business owners or anything like that.\nWe are asking you to stop interfering with policy that hinders the development of green technology and energy. We're never going to face the full effects of accelerated climate change like other parts of the world, that doesn't mean we can keep behaving irresponsibly. Keep up investment in wind energy in places like Windsor-Essex where we already have established results of its success. Keep investment going in solar and greener energies than fossil fuels. Stop subsidizing the meat and dairy industry and incentivize these businesses to produce plant based products.\nStop ignoring scientists because history will be looking at you as one of the moron's who catered to ignorant voices as oppose to a leader who did the right thing regardless of what his followers thought. You can do the right thing and be a true leader\n"
    },
    "9027": {
        "url": "/comment/9027",
        "comment": "It is important to have costs associated with high use of fossil fuel. Cap and Trade does this. More cost will result in people making better, more environmentally friendly decisions such as public transit, car pooling or staying home. I am opposed to the cancellation of Cap and Trade.\nFor the record, I live in a rural community without access to public transit. I still believe that higher fuel costs are necessary.\nThe money we save is hardly worth the environmental catastrophe that is about to hit us.\n"
    }
}