{
    "6947": {
        "url": "/comment/6947",
        "comment": "We shouldn't be abandoning environmental policies and reducing pollution, but we shouldn't be allowing corporations to pass their dirty energy costs along to the consumers.\nI'm hoping if they're considering cancelling these policies that they put something that works better in its place.\nWe should have been moving towards more environmentally sustainable energy and fuel sources for about the last 100 years since we've known the effects of burning carbon.\n"
    },
    "6949": {
        "url": "/comment/6949",
        "comment": "I want a climate change plan to reduce emissions.\nI want incentive programs help people save energy and reduce emmissions.\nI want investment in the clean economy.\nI want Ontario to end subsidies and handouts for fossil fuel companies and redirect this money to clean energy solutions.\nI want Ontario to put a price on pollution, making polluters pay for their emissions and returning the revenues to the pockets of Ontarians so they can lower their carbon footprint.\nI want recycling programs enhanced.\nI want legislation directed to reducing packaging and use of non recyclable packaging.\nI want legally binding emissions targets in line with our obligations to the Paris Climate Agreement.\nI want Ontario to be 100% powered by clean energy by 2050\nI want investment,and incentives in job creation in the green economy.\nI want more incentives for Clean vehicles and higher fees for large and High performance personal vehicles.\n"
    },
    "6950": {
        "url": "/comment/6950",
        "comment": "Before making a decision like this, please study the science behind climate change. Then you'll understand that we need to move forward co-operatively not backwards unilaterally. If you consider yourselves responsible stewards of our economy, then you'll engage in pricing carbon pollution and moving towards an economy of renewable energy. If not, the costs of run-away climate change will utterly destroy our economy as we know it.\n"
    },
    "6951": {
        "url": "/comment/6951",
        "comment": "I want a real climate change plan to reduce emissions, help people save energy and create jobs in the $26 trillion clean\neconomy. Without this, there will be more unemployment, something we don't want.\nI want Ontario to put a price on pollution, making polluters pay for their emissions and returning the revenues to the pockets of Ontarians so they can lower their carbon footprint. It will only be better so we have much cleaner air to breathe and less concerns about asthma and other lung conditions.\nI want Ontario to end subsidies and handouts for fossil fuel companies and redirect this money to clean energy solutions. There are alternatives to driving air polluting vehicles for daily commutes, like bicycles. This is a greener alternative that has zero emissions. Push for electric vehicles, electric-assist bikes for those not in shape.\n"
    },
    "6952": {
        "url": "/comment/6952",
        "comment": "I want Ontario to put a price on pollution, making polluters pay for their emissions and returning the revenues to the pockets of Ontarians so they can lower their carbon footprint.  I also would like Ontario to end subsidies and handouts for fossil fuel companies and redirect this money to clean energy solutions.\n"
    },
    "6953": {
        "url": "/comment/6953",
        "comment": "\u2022\tI want a real climate change plan to reduce emissions, help people save energy and create jobs in the $26 trillion clean economy.\n\u2022\tI want Ontario to put a price on pollution, making polluters pay for their emissions and returning the revenues to the pockets of Ontarians so they can lower their carbon footprint.\n\u2022\tI want legally binding emissions targets in line with our obligations to the Paris Climate Agreement.\n\u2022\tI want Ontario to be 100% powered by clean energy by 2050\n\u2022\tI want Ontario to end subsidies and handouts for fossil fuel companies and redirect this money to clean energy solutions.\n"
    },
    "6955": {
        "url": "/comment/6955",
        "comment": "I am appalled at the Ford government's insistence that they have a mandate for all of Ford's whims. The conservative party's previous leader Mr. Brown and the conservative party of Ontario had a plan for climate change and were not enemies of the environment or of the majority of The People of Ontario. Clean air was a priority. You have lost your way and obviously have not noticed more large vehicles on the roads. Bigger vehicles use more fuel. City dwellers want huge or fast gas guzzling cars because fuel is so inexpensive. This is in part because of better mileage from vehicles that were mandated to be more fuel efficient in the State of California a state that brought in Cap and Trade under a Republican Senator. Europe is successfully reducing its carbon footprint because carbon fuels are expensive and therefore it is desirable to find a better way. The few pennies per litre that funded fabulous programmes for all Ontarians was well worth the price for the job creation alone. Gas prices go up and down every day by 8 to 20 cents a litre at the whim of BIG OIL. If you did something about that then you would have something to crow about. Progress is made when change happens not by keeping the status quo. Even China has a rebate programme for electric vehicles.  WHY does China do this? Because they are progressively marching forward to a cleaner future which equates to next generation technology and a more prosperous healthy future for all of China and mankind.\n"
    },
    "6957": {
        "url": "/comment/6957",
        "comment": "I want a real climate change plan to reduce emissions, help people save energy and create jobs in the $26 trillion clean economy.\nI want Ontario to be 100% powered by clean energy by 2050.\nI want Ontario to end subsidies and handouts for fossil fuel companies and redirect this money to clean energy solutions.\n"
    },
    "6959": {
        "url": "/comment/6959",
        "comment": "Bill 4 takes Ontario on a backward path, plants us firmly in the last century. While the rest of the world moves boldly into renewable energy, Ontario is canceling hundreds of projects that build a new, cleaner economy. Bill 4 removes pricing on carbon while offering absolutely nothing in its place to curb the wanton use of fossil fuels that contribute to global warming. In fact, the reduction in gas prices and the ending of subsidies for electric vehicles outright encourages the purchase of large, gas-guzzling cars and trucks. Ontario deserves a real plan for GHG reductions that will help Canada meet its targets under the Paris Climate Agreement, and enable us to build a greener economy. Bill 4 is definitely not that plan - precisely the opposite of what is needed.\n"
    },
    "6960": {
        "url": "/comment/6960",
        "comment": "I want legally binding emissions targets in line with our obligations to the Paris Climate Agreement.\nI want Ontario to be 100% powered by clean energy by 2050\nI want Ontario to end subsidies and handouts for fossil fuel companies and redirect this money to clean energy solutions.\nOntario taxpayer\n"
    },
    "6961": {
        "url": "/comment/6961",
        "comment": "\u2022\tI want a real climate change plan to reduce emissions, help people save energy and create jobs in the $26 trillion clean economy.\n\u2022\tI want Ontario to put a price on pollution, making polluters pay for their emissions and returning the revenues to the pockets of Ontarians so they can lower their carbon footprint.\n\u2022\tI want legally binding emissions targets in line with our obligations to the Paris Climate Agreement.\n\u2022\tI want Ontario to be 100% powered by clean energy by 2050\n\u2022\tI want Ontario to end subsidies and handouts for fossil fuel companies and redirect this money to clean energy solutions.\n"
    },
    "6964": {
        "url": "/comment/6964",
        "comment": "It is now well understood that climate change is a reality and that the health of our planet dictates that we must wean ourselves off fossil fuels as quickly as possible. The development of renewable power sources holds the key a future of health and prosperity. Not only will our children and grandchildren inherit a cleaner world, but reducing emissions in Ontario will provide good jobs and a stimulus to the economy. It\u2019s a win-win.\nOntario must put a price on pollution and make polluters pay for their emissions. The revenues generated can be returned to the pockets of Ontarians so that we may lower our carbon footprint. We must live up to our obligations to the Paris Climate Agreement. We have already phased out coal. Let us move toward 100% clean energy by 2050.\n"
    },
    "6966": {
        "url": "/comment/6966",
        "comment": "I wasn't notified that our climate and environmental policy was about to be scrapped during or after the election. No consultation, no debate, no new programs outlined, no scientific input, no public representation, and worst of all, no democratic vote on the matter. Yes, I now live in Ford Nation but 60% of us did not vote for the Progressive ( why keep that word ) Conservative Party and we are still Canadians and we deserve a clean and healthy future, especially for our children, and grandchildren. Please leave Cap & Trade alone. If you have any conscience and empathy for the citizens of this great province , then do the right thing. This isn't a matter of ideology or politics, it's peoples lives and future that is at stake. You cannot bury your heads in the sand to save a few dollars and make our economy obsolete by not embracing the technological advances of clean energy. We could be world leaders in this field but instead your government is choosing to do the opposite. You will some day die and eventually be forgotten, but your decisions today can benefit the environment forever.\n"
    }
}