{
    "6923": {
        "url": "/comment/6923",
        "comment": "I don't agree with Bill 4 and would like to express how important I feel it is for Ontario, and all of Canada, to have a serious climate change plan to reduce emissions, help people save energy and create jobs in the $26 trillion clean economy.  There should be a price on pollution.  We need to focus on making Ontario 100% powered by clean energy by 2050 and ensure emissions targets are in line with our obligations to the Paris Climate Agreement.\nOntario should feel an obligation to end subsidies and handouts for fossil fuel companies and redirect this money to clean energy solutions.  It's time to move us away from the archaic and outdated.  Think forward Ontario!\n"
    },
    "6924": {
        "url": "/comment/6924",
        "comment": "I want a real climate change plan to reduce emissions, help people save energy and create jobs in the $26 trillion clean economy.\n    I want Ontario to put a price on pollution, making polluters pay for their emissions and returning the revenues to the pockets of Ontarians so they can lower their carbon footprint.\n    I want legally binding emissions targets in line with our obligations to the Paris Climate Agreement.\n    I want Ontario to be 100% powered by clean energy by 2050\n    I want Ontario to end subsidies and handouts for fossil fuel companies and redirect this money to clean energy solutions.\nDon't let money get in the way of preserving the environment.  I have young children and I want them to be able to breath clean air, and live to an old age.  With the way this Ontario government is behaving I don't see this happening.  This bill is counter-productive.  Stop it!\n"
    },
    "6925": {
        "url": "/comment/6925",
        "comment": "Citizens\u2019 Climate Lobby Request to Queen\u2019s Park\u2013 October 2018\nCitizens\u2019 Climate Lobby\u2019s recommendation is that the Ontario legislature should phase out cap and trade by 2021 while phasing in carbon fee and dividend.\nSince 2010, Citizens\u2019 Climate Lobby Canada has been advocating for carbon fee and dividend:\n an incrementally rising price on carbon pollution where 100% of the fees collected are returned to citizens. In Canada, carbon fee and dividend is also championed by\n Clean Prosperity and has been endorsed by the\n PostMedia Editorial board in September 2017 in their syndicated editorial \u201cHere\u2019s how to make carbon pricing honest\u201d. In September 2018, Clean Prosperity recently released\na study\nthat found the vast majority of Ontarians would come ahead under a carbon fee and dividend policy.\nIn the USA, Shell Oil, General Motors and other big corporations are the founding corporate\n members of the\nClimate Leadership Council. They are a policy\n institute that is actively lobbying Congress in the USA to pass carbon fee and dividend legislation.  A June 2018\nstudy found that their\nCarbon Dividends Plan would achieve more than\n triple the emissions reductions of all Obama-era climate regulations, and could exceed the high end of the U.S. Paris Commitment. The Carbon Dividends Plan also has\na well-funded political action committee.\nGlobally, 20% of emissions are now covered by a carbon price - including\n45 national carbon pricing policies.\nWhat business and industry requires for long-term business planning is clarity of purpose\n as to the future direction of climate policies. Thus, if Ontario is truly open for business, we need policy persistence for the dealing with the climate crisis.\nCarbon fee and dividend could be that policy. Carbon fee and dividend is a policy where\n all sides win. It will appeal to a broad spectrum of Canadians, whether they support small government, free markets, strong environmental policy, or expanded government benefits. Thus, carbon fee and dividend has built-in policy persistence.\nThe first compliance period for Ontario\u2019s cap and trade program ends December 2020. This\n a logical time to end the program and bring in carbon fee and dividend.\nCarbon fee and dividend in Ontario would work as follows:\n\u2022 A fee is placed on carbon-based fuels at the source (well, mine or port of entry)\n\u2022 The fee is increased at a pace that motivates the emissions reductions necessary to avoid catastrophic consequences\n\u2022 Protect low and middle income households from increased energy costs associated with the carbon fee by returning 100% of the dividends collected by back to Ontarians.\n\u2022 A predictably increasing carbon price will send a clear market signal which will unleash entrepreneurs and investors in the new clean-energy economy.\n\u2022\u2022 To prevent offshoring of carbon emissions, especially as the carbon fee rises, Canada\u2019s federation of provinces and territories would work with the federal government\n to enact border carbon adjustments.\nFurthermore, as is our right under the\nOntario Bill of Rights,\n we demand to always have the right to open and public consultation with regards to changes environmental legislation. As well, we ask that the Government eliminate over $600 million in fossil fuel subsidies. Finally, we need legally binding greenhouse gas\n targets, transparent progress reporting and cross-party cooperation.\nPlease use the United Kingdom\u2019s Climate Change Act (2008) as a model which is the recommendation\n of Ontario\u2019s Environment Commissioner in: Climate Action in Ontario: What\u2019s\n Next?\n"
    },
    "6928": {
        "url": "/comment/6928",
        "comment": "I want a real climate change plan to reduce emissions, help people save energy and create jobs in the $26 trillion clean economy.\nI want Ontario to put a price on pollution, making polluters pay for their emissions and returning the revenues to the pockets of Ontarians so they can lower their carbon footprint.\nI want legally binding emissions targets in line with our obligations to the Paris Climate Agreement.\nI want Ontario to be 100% powered by clean energy by 2050\nI want Ontario to end subsidies and handouts for fossil fuel companies and redirect this money to clean energy solutions.\n"
    },
    "6930": {
        "url": "/comment/6930",
        "comment": "I reject Bill 4.  We need a real climate plan.  People's lives are affected by fires, floods and storms exacerbated by climate change.  Ontario needs a plan legally binding emissions targets in line with our obligations to the Paris Climate Agreement.  We need clean energy, such as provided by solar, and wind energy, not fossil fuels.   You do not have a mandate to do nothing on this.  I am appalled by this short-sighted decision.\n"
    },
    "6931": {
        "url": "/comment/6931",
        "comment": "I think it's absolutely ridiculous what the Ford government is doing to our province's environmental protections. It is absolutely appalling. I feel it is absolutely unnecessary to repeal these acts left and right without first building a solid proposal of what would be replacing these acts. What is there to stop this government from repealing these acts and then failing to provide a new framework entirely? While I agree that there are many amendments that could be made to these pieces of legislature (especially to cap and trade), I think that this government is repealing these acts under the guise of reworking them when really it has no interest in fixing them at all. I think that real environmental scientists, economists and environmentally friendly politicians should be consulted at length and included in the process of rewriting these laws so that Ontarian's can know that theirs AND the environments best interests are at heart, and we don't sacrifice the future of our planet just so that Ford can keep his conservative voters happy.\n"
    },
    "6932": {
        "url": "/comment/6932",
        "comment": "To hear that a government is actively trying to remove protections for the environment, including pricing carbon in this day and age is alarming.  I find it abhorant that the Ontario PC government have such little care for the generations to come that they consider any price on pollution a mistake.  Not only is it an environmental and human catastrophy but it will allow other countries to surpass us economically because green sustainable  power, green infrastructure and other green initiatives invests right here in Ontario.  We need to be at the cutting edge of these new industries to lead the world.  We do not want investments to move elsewhere because of a regressive shortsighted policy and costly wasteful legal challenge.  Let me remind you that our federal government was elected on a progressive policy mandate.   Consider the children and future generations of this planet when making your economically centred decisions.\n"
    },
    "6933": {
        "url": "/comment/6933",
        "comment": "I want a real climate change plan to reduce emissions, help people save energy and create jobs in the $26 trillion clean economy.\nI want Ontario to put a price on pollution, making polluters pay for their emissions and returning the revenues to the pockets of Ontarians so they can lower their carbon footprint.\nI want legally binding emissions targets in line with our obligations to the Paris Climate Agreement.\n"
    },
    "6934": {
        "url": "/comment/6934",
        "comment": "I want legally binding emissions targets in line with our obligations to the Paris Climate Agreement.\nI want Ontario to be 100% powered by clean energy by 2050.\nI want Ontario to end subsidies and handouts for fossil fuel companies and redirect this money to clean energy solutions.\nI have no doubt that this will be a difficult undertaking, but I still believe that we can make the right choices for our country.\n"
    },
    "6935": {
        "url": "/comment/6935",
        "comment": "I want a real climate change plan to reduce emissions, help people save energy and create jobs in the $26 trillion clean economy.\nI want Ontario to put a price on pollution, making polluters pay for their emissions and returning the revenues to the pockets of Ontarian's so they can lower their carbon footprint.\nI want legally binding emissions targets in line with our obligations to the Paris Climate Agreement.\nI want Ontario to be 100% powered by clean energy by 2050.\nI want Ontario to end subsidies and handouts for fossil fuel companies and redirect this money to clean energy solutions.\n"
    },
    "6936": {
        "url": "/comment/6936",
        "comment": "I want a real climate change plan to reduce emissions, help people save energy and create jobs in the $26 trillion clean economy.  I want Ontario to put a price on pollution, making polluters pay for their emissions and returning the revenues to the pockets of Ontarions so they can lower their carbon footprint.  I want legally binding emissions targets in line with our obligations to the Paris Climate Agreement.  I want Ontario to be 100% powered by clean energy by 2050.  I want Ontario to end subsidies and handouts for fossil fuel companies and redirect this money to clean energy solutions.\nI did not agree with the previous governments Cap and Trade program.  However, I do want to see Ontario adopt a carbon tax similar to that suggested by the federal government.  I also want to see Ontario focus on the development of clean energy and energy storage technologies.  For the sake of our children and our grandchildren, it is absolutely imperative that we meet the Paris Climate Agreement targets.\n"
    },
    "6937": {
        "url": "/comment/6937",
        "comment": "We are experiencing the grave effects of climate change now - and need to do something about it. It is already late.\nFor the sake of ourselves and our children and grandchildren we need to act now:\n\u2022\tI want a real climate change plan to reduce emissions, help people save energy and create jobs in the $26 trillion clean economy.\n\u2022\tI want Ontario to put a price on pollution, making polluters pay for their emissions and returning the revenues to the pockets of Ontarians so they can lower their carbon footprint.\n\u2022\tI want legally binding emissions targets in line with our obligations to the Paris Climate Agreement.\n\u2022\tI want Ontario to be 100% powered by clean energy by 2050\n\u2022\tI want Ontario to end subsidies and handouts for fossil fuel companies and redirect this money to clean energy solutions.\nThank you.\n"
    },
    "6938": {
        "url": "/comment/6938",
        "comment": "I believe the liberal government was on the right track with climate change, we were on track to be proactive on climate change.  I want to leave me grandchildren with a future with clean air and water.\nI believe that polluters should pay for their emissions and take that money and put it towards clean energy.\nI want Ontario to stop shelling out money for fossil fuels and put it towards clean energy\n"
    },
    "6939": {
        "url": "/comment/6939",
        "comment": "Please do not cancel this legislation. We need to protect our environment today, for the future. We must do our utmost to leave the healthiest possible earth for succeeding generations. Ignoring pollution and the resultant  climate change does not make it go away, it only increases the costs down the road. Let's spend our money, NOW, to end air, land and sea pollution and embrace alternative energy sources. I want to live in a province that boldly embraces innovation and clean energy, not one that's policies take us back to the 60's. Tax the polluters, invest in clean energy. Help us to leave a legacy of which we can be proud. If the government retracts the legislation, I will be ashamed to be an Ontarian.\n"
    },
    "6940": {
        "url": "/comment/6940",
        "comment": "Thank you for the opportunity to contribute to the development of this legislation. I disagree with it fundamentally. I did not elect you to do this. Instead:\n* I want a climate change plan that will reduce emissions, help people save energy and create jobs in the $26 trillion clean economy.\n* I want Ontario to put a price on pollution, making polluters pay for their emissions and returning the revenues to the pockets of Ontarians so they can spend it developing the clean energy sector.\n* I want legally binding emissions targets in line with our obligations to the Paris Climate Agreement.\n* I want Ontario to be 100% powered by clean energy by 2050.\n* I want Ontario to end subsidies and handouts for fossil fuel companies and redirect this money to clean energy solutions.\nI want to ensure my grandchildren have a quality of life that includes working and playing in clean air, with access for any and all to trees, birds, fish and wildlife, whether in a rural or urban environment. I'm 65. We're currently at 33% powered by renewable energy. I want to see progress on this in my lifetime, which may not be 2050. To go from 33% to 100% in 30 years, we need to see an increase of at least 2% a year. You have four years to make up 8%. Get to work!! For us and for our children!!\n"
    },
    "6941": {
        "url": "/comment/6941",
        "comment": "Repealing this bill will lead to a significantly less efficient climate action plan and hinder Ontario\u2019s economic competitiveness. Basic conservative principles say to tax bad goods to reduce consumption: greenhouse gas emissions are one of those. Most of the concerns over this bill are that it includes the words tax - which is not a good enough reason to scrap it. Countless examples exist where tough regulation and pricing lead to greater innovation which will help diversify Ontario\u2019s economy and promote economic resilience. It is our responsibility to future generations that we address climate change rather than hide from the truth and pretend it doesn\u2019t exist.\n"
    },
    "6942": {
        "url": "/comment/6942",
        "comment": "I want a real climate change plan to reduce emissions, help people save energy and create jobs in the $26 trillion clean economy.\nI want Ontario to put a price on pollution, making polluters pay for their emissions and returning the revenues to the pockets of Ontarians so they can lower their carbon footprint.\nI want legally binding emissions targets in line with our obligations to the Paris Climate Agreement.\nI want Ontario to be 100% powered by clean energy by 2050\nI want Ontario to end subsidies and handouts for fossil fuel companies and redirect this money to clean energy solutions.\n"
    }
}