{
    "5884": {
        "url": "/comment/5884",
        "comment": "I DO NOT support this Bill.  As citizens of the globe, Canada and Ontario action on climate change is a MUST.  Ontario's Cap and Trade program was far from enough and now it is a risk.\nUnless additional legislation is passed to prohibit corporations from passing on any form of carbon pricing cost onto the consumer, consumer will be paying a 'tax'\nDoes the PC government really think it can prevent carbon pricing from being passed onto the consumer?\nDoes the PC government really think it can simply encourage corporations to produce less carbon?\nAre the members of the PC government some how 'super people' who can get behaviour change out of human beings without imposing a meaningful consequence like money?\nJust how does this government intend to get significant and prompt action required to mitigate the effects of climate change?\nBill 4 is so, so irresponsible. Why? why start from the beginning again?  Build on the cap and trade program.  Comply with the federal government in imposing a price on carbon.  Financial consequences are an extremely effective method of affecting behaviour change and behaviour change is what is needed from individuals to mega corporations if there is any hope at all in having a planet to leave to the generations to come.\nKeep the cap and trade program and make it a even stronger vehicle to tackle climate change.\n"
    },
    "5885": {
        "url": "/comment/5885",
        "comment": "It's foolish to cancel a market price for C02 emissions. Cap and trade was *invented* by conservatives who wanted a market mechanism to deal with climate change caused by global warming. Pricing\nUse the revenue to support small businesses, to offset tax cuts, to pay down debt, to issue cash rebates to farmers, to fund rural development, whatever you like.\nJust don't cancel a market-led approach to climate change unless you have a better plan. Carbon pricing can be a job and wealth creator. Don't let the liberals get the only votes on this. Make carbon pricing conservative again!\n"
    },
    "5887": {
        "url": "/comment/5887",
        "comment": "You say:\n\"Under the Cap and Trade Cancellation Act, 2018, the Government is required to establish targets for reducing the amount of greenhouse gas emissions in Ontario. The Minister of Environment, Conservation and Parks is required to prepare a climate change plan and to prepare progress reports in respect of the plan.\"\nI believe that pulling Ontario out of the cap and trade program will be a serious mistake by the Ford government and will set Ontario back in its efforts to reduce its greenhouse gas emissions.  However, it seems that the new government is determined to do this, so what I want to know is, does the government have a climate change plan and if so, when will it be made public, what are the targets etc. etc.?\nIf this plan is not at least as effective at reducing Ontario's greenhouse gas (GHG) emissions as the Cap and Trade program developed by the previous Liberal government, your government will be in extremely serious trouble because a less-than-adequate plan will be an indication that your government does not take the issue of climate change seriously and will merely be going through the motions of dealing with it.\nDonald Trump and his regime have catastrophically set back the USA's previous progress on reducing GHG emissions, and Trump is even on record as believing that climate change is a hoax.  If Mr. Ford wants the people of Ontario to believe that he and his government are not like Donald Trump et al, but rather that he and his government believe that climate change is real and must be dealt with seriously, he had better make statements to that effect as soon as possible and get on quickly with the development of a comprehensive plan to reduce GHG emissions in Ontario, a plan that must include targets that are appropriate to the profound nature of the looming catastrophe of climate change.\nIf instead, Mr. Ford and his government drag their feet on the issue in a similar way to the Conservative government of Stephen Harper, Mr. Ford can be sure that the people of Ontario will rightly turn on him, and his government will be very short-lived.\nI look forward to the government's comprehensive climate change plan and reports about its progress.\n"
    },
    "5888": {
        "url": "/comment/5888",
        "comment": "I am writing to urge you to reject the cap and trade cancellation act. The action on climate change by the previous government, while by no means perfect, is our best chance for the environment and for long-term sustainability for our children's future. Do keep a price on carbon. While you keep this, look for more fulsome ways to incentivise the corporate world to meaningfully reduce their waste and emissions.\n- a concerned citizen\n"
    },
    "5892": {
        "url": "/comment/5892",
        "comment": "The provincial government is acting in a completely irresponsible way in cancelling the carbon emissions cap-and-trade program. This program put a price on carbon, which is a critical step in reducing our greenhouse gas emissions and slowing down the worst effects of climate change. Premier Ford claimed he wanted to put more money in the pockets of Ontario families. Ontario families care about the future we leave for our children. Right now our climate models are predicting warming of 2-6C by end of century in worldwide, a business-as-usual scenario, which we know will be catastrophic for humanity as well as for many species and ecosystems. We need to do everything in our power to cut emissions.\nCap and trade has a long history of successfully reducing pollution. It was used to substantially reduce acid-rain-causing emissions from power and smelting plants across North America. It is the best solution for mitigating climate change. At the very least, before cancelling the program, the Ontario government should have had a solid alternative in place that would result in MORE GHG reductions. Currently the government has offered NOTHING in place of the current cap-and-trade program.\nThe government is also being fiscally irresponsible. Canceling this program exposes the province to huge litigation risks by industry players who had already purchased or sold carbon offsets as part of the program, and can potentially sue the province for money spent for no real benefit, or for contracts signed with buyers for which there is no possibility to collect given a cancelled program. In addition the government could find itself sued by governments of the other participating jurisdictions (Quebec, California) for breach of the agreement.\n"
    },
    "5893": {
        "url": "/comment/5893",
        "comment": "Here is the link to submit a comment, don't be driven away by the \"requirement\" for your personal account information (it's up front to intimidate you) \u2013 continue scrolling down to submit an anonymous comment.\nhttps://ero.ontario.ca/notice/013-3738\nWell sadly he is only gong to comply with the minimal rules and then do what he plans to anyway. he has no intention of listening\nMaybe so, but the media and Greenpeace in their lawsuit will have transcripts of the comments \u2013 if Ford or his people want to \u201cstuff the comments\u201d in their favour it would force them to actually read the Ontario 5 Year Climate Change Action Plan document, the Greenhouse Gas Reduction Fund that was set up so homeowners and small business could utilize the 2 billion revenue from Cap and Trade and the actual Cap & Trade legislation, I doubt very much that Ford himself has read any of it.\n"
    },
    "5894": {
        "url": "/comment/5894",
        "comment": "Bill 4, Cap and Trade Cancellation Act 2018 should be withdrawn.\nIn this age of climate change and species extinctions and endangerment due to the harm we are causing, cancelling this program without a better program to replace it is absolutely wrong.\nCancellation would destroy one of the fastest growing industries in the province -- while putting millions back into the pockets of oil and gas giants by the scrapping cap-and-trade program. Canada needs its largest province to be transitioning to renewable energy to help create a low-carbon economy that is key for mitigating the effects of climate change.\nCancellation would affect solar giants like Invenergy as well as small solar companies installing panels on schools, businesses and on reserves. And it\u2019s not just solar companies -- construction and renovations companies would also be hit hard this. Over 6,000 people could be out of work if this act is approved.  We need to save these renewable energy projects and protect green jobs across the province.  There are also all of the projects, such as repairing public schools, that would not receive the funding generated by the Cap and Trade Program.  These projects are desperately needed as are the jobs these projects have created.\nProtecting green jobs is key to transitioning away from the fossil fuel industry that drives climate change.   We need to act now to stop climate change before it's too late!\n"
    },
    "5895": {
        "url": "/comment/5895",
        "comment": "The cancellation of Cap and Trade was made in haste, without any viable alternative. I strongly oppose the cancellation without public consultation. Consulting now is to little to late. Cap and trade is an effective pricing mechanism to drive innovation amongst large emitters, as there is a way for early adopters and those reducing their outputs to make a profit from selling their allowances. A carbon tax does not accomplish this unless it is revenue neutral and funds R&D for carbon reductions. Your party has been clear in that it opposes a carbon tax, but to call cap and trade strictly a tax is catagorically false.\nUnless your government has an alternative (which we have yet to see beyond \u201cwe\u2019ll work on a plan\u201d) it would be in the governments best interest to reinstate the cap and trade carbon pricing system as your revocation without consult was contrary to the environmental bill of rights, and it would appear you have no real plan for emissions reduction, putting your populist agenda ahead of the public interest. Do what is best for the people of Ontario. Grow up and govern.\n"
    },
    "5896": {
        "url": "/comment/5896",
        "comment": "I think the government should reinstate the cp and trade program. they shouldn't have canceled it. theres too much at stake. we need find ways to cut our emissions. cap and trade works well for that. it won't really save the government any money with all the lawsuits. and tax what you use, thats the best way to get people to stop using so much energy.\n"
    },
    "5898": {
        "url": "/comment/5898",
        "comment": "I have a young family and have been working hard to improve the way I live to better our environment and protect our future generations. I have started a small business and work hard to be aware of our environment and the commitment we all must make to have a future for our kids and how important to have green space, clean what and air for all animals, plants.\nPlease don't hurt the future with greed. Live life being good and help make positive solutions. To better our world.\n"
    },
    "5899": {
        "url": "/comment/5899",
        "comment": "The attempted commencement of this repealing Act disheartens and embarrasses me. For a moment in time Ontario was looked at as a leader and as a jurisdiction from which others could take inspiration on the climate change front. With the proposal of this Act it is clear that those days are over.\nIn addition to the financial injury those who participated in the Cap and Trade system are now being exposed to, this Act is additionally unjust because it disallows any sort of recompense by these parties. This Act puts the people and businesses of Ontario at risk, and then further along in the Act makes it impossible for them to seek compensation.\nWhile it may be legally possible to do so, it is ethically and morally bankrupt, and the architects of this design should be ashamed of themselves.\n"
    },
    "5900": {
        "url": "/comment/5900",
        "comment": "I particularly object to the timing of this bill. Cancelling participation in the cap and trade program should not be done until the Progressive Conservative have in place a viable alternative plan to reduce Ontario\u2019s greenhouse emissions. At this point, they haven\u2019t given any hint what that new plan will be, only that there will be one.\nWe can\u2019t have any time lag between the end of the cap and trade and the start of whatever it is the Progressive Conservatives are going to do instead, because in that time, emissions will increase (unless, perhaps, Ontario has a recession). Ontario is already experiencing the effects of climate change now: Increased wildfires, more severe rainfalls and flooding, the spread northward of lime disease and West Nile disease, and lower nutrition density in food. All of these things will only get more frequent and more severe as emissions increase.\nWhile Ontario on its own can\u2019t ensure that Canada meets its Paris Treaty obligations, as Canada\u2019s largest province, without their participation Canada is sure to fail. And while Canada can\u2019t on its own solve the global problem of climate change, if we don\u2019t do our part, how can we expect the larger emitting countries to do theirs? Per capita, Canadians are some of the highest emitters in the world. There\u2019s nothing special about us that allows us to pollute as much as we want while the rest of the world tries to reduce. Other cold, sparsely populated countries don\u2019t produce as many emissions per capita as we do.\nDelaying the cancellation of the cap and trade bill until 2020 would bring many other benefits to the province:\n* The government can keep its obligation to its partners in Quebec and California and give them appropriate notice of their intent to withdraw, set at 12 months. Doing it faster than that puts them at risk of lawsuits from those governments.\n* Businesses can benefit from the carbon credits they purchased in good faith as recently as June of this year. The Ontario government is spared the cost of having to compensate these companies, and the risk of lawsuits should the compensation offered not be deemed sufficient.\n* The Ontario government will benefit from cap and trade revenue during that time. If they feel bad about Ontarians paying more for gas, they could return the money to the taxpayer instead of spending it on government programs (that benefit Ontarians).\n* The Federal government would not impose a carbon tax on Ontario, and the Ontario government saves the $3 million of legal fees they\u2019ve set aside to fight the Federal government in court to try to stop them from doing that. (I would note that the Federal government was elected with a majority on a clear mandate to bring in national carbon pricing, so given the Ontario government\u2019s current argument that appointed judges should not be overriding the decisions of elected officials, they are being extremely hypocritical in bringing forward this legal action.)\nBut most important, still, is that they not get rid of the current plan to reduce emissions before having the replacement plan well defined, costed, and ready to implement the moment the other one ends. Because these are the sad facts about climate change (from the New York Times Magazine - https://www.nytimes.com/interactive/2018/08/01/magazine/climate-change-\u2026):\nThe climate scientist James Hansen has called two-degree warming \u201ca prescription for long-term disaster.\u201d Long-term disaster is now the best-case scenario.\nThree-degree warming is a prescription for short-term disaster: forests in the Arctic and the loss of most coastal cities. Robert Watson, a former director of the United Nations Intergovernmental Panel on Climate Change, has argued that three-degree warming is the realistic minimum.\nFour degrees: Europe in permanent drought; vast areas of China, India and Bangladesh claimed by desert; Polynesia swallowed by the sea; the Colorado River thinned to a trickle; the American Southwest largely uninhabitable.\nThe prospect of a five-degree warming has prompted some of the world\u2019s leading climate scientists to warn of the end of human civilization.\n"
    },
    "5901": {
        "url": "/comment/5901",
        "comment": "I am writing in response to the proposed Bill 4, whose purpose would be to repeal the Climate Change Mitigation and Low-carbon Economy Act 2016 and provide for various matters related to the wind down of the Cap and Trade Program.\nCancelling the Program will be costly; there will be legal fees connected to the withdrawal from the joint cap-and-trade market Ontario joined with California and Quebec. There will also be legal fees attached to lawsuits that are inevitable. We already have the example of Tesla\u2019s successful lawsuit against the Ontario government. More are inevitable.\nIn spite of rules specified in Bill 4 for some participants of the program to be reimbursed, many businesses will not be compensated for the almost $3 billion in permits sold. That\u2019s not fair.\nMy strongest objection is that the cancellation of the Program means that the revenues from it will not be available for programs that were initiated to reduce carbon emissions. These include free smart thermostats for homeowners, energy-saving retrofits for hospitals, schools, and social housing, programs to help businesses save energy, electric vehicle charging stations, and other programs to encourage a switch to low-carbon alternatives. This just doesn\u2019t make sense. Offering incentives makes the decision to act to reduce carbon emissions easier.\nThe good news is that this is not a done deal. The government has a chance to step back, look at the numbers, and make a better decision for Ontario. I urge the Ontario government to use the opportunity for reconsideration. Do not pass Bill 4. Instead, enact legislation that will promote individual citizens, communities and businesses to reduce their carbon emissions.\n"
    },
    "5902": {
        "url": "/comment/5902",
        "comment": "Ford's decision to opt out of the Cap & Trade program (CTP) was in my view short-sighted and ill-advised. By all accounts this program was successful in generating significant revenue that was used to support initiatives to reduce the carbon footprint of individuals, industry and businesses. I wrote to Ford to express my concerns, only to receive a boiler-plate response (full of political talking points) that reflected gross ignorance on the issue. I'll briefly refute these points below:\n1. must wind down CTP to meet our commitment to reduce gas by $0.10 per litre\nMy response: We must encourage people to drive less not more. It only makes sense to pay more for things like fossil fuels that cause harm to the environment and human health. No different than alcohol and tobacco.\n2. CTP is a cost burden to Ontario businesses that will stifle their growth\nMy response: Actually, trade-exposed industries and businesses whose competitiveness may be affected by a carbon levy represent only a small percentage of the national economy. These entities are largely confined to the fossil fuel industry which is already heavily subsidized by the federal and provincial governments to the tune of several billion dollars a year!\n3. CTP does nothing to protect the environment\nMy response: Duh! Less carbon emitted to the atmosphere = less warming. Inaction and backsliding on the climate file is not an option. It's already affecting Canadians directly in a myriad of ways:\n1. northern Indigneous communities forced to relocate due to sea level rise and melting of permafrost\n2. displacement of entire communities due to devastating wildfires (ie. in BC and Northern Ontario this summer).\n3. multiple deaths of seniors in Montreal during the oppressive heat wave in early July\n4. historic flooding in southwestern Quebec in the spring\n and the list goes on-------\nWhy scrap a well-designed and functioning carbon-pricing system with potential liabilities in the billions to the Ontario taxpayer? Instead the PCs could continue with CTP and recycle the revenue to fulfill some of their campaign promises including cutting corporate and personal income taxes, reducing the deficit or expanding mass transit.\n"
    },
    "5904": {
        "url": "/comment/5904",
        "comment": "I am strongly opposed to this proposal. Reinstitute the climate change plan and programs that were in place when this government took power: cap and trade; development of green energy industry; assistance to citizens to reduce energy consumption. All of those elements have been shown to be effective strategies in other jurisdictions and internationally. There is absolutely no need to change. The explanation for changing given during the election campaign are backward. Reducing the price of gasoline for vehicles only serves to slow transition.\n"
    }
}