{
    "6517": {
        "url": "/comment/6517",
        "comment": "Main reasons why the CP should not scrap cap and trade\n1.\tClimate change is a major threat to life on this planet and we have run out of time.\n2.\tEconomists agree that carbon pricing is the most cost-effective way to fight climate change.\n3.\tThe cap-and-trade system of which Ontario was a part, along with California and Quebec, is highly regarded by experts, and was working alongside other climate policies to reduce emissions.\n4.\tDismantling the carbon market is not going to be easy or cheap - Companies are able to purchase allowances, or permits, that offset the pollution they expect to emit over a given period. If a company emits less than the expected amount, they can sell their allowances to other companies that emitted more. The carbon market has issued billions of dollars in allowances. If it were unilaterally shut down, the business owners who bought those allowances (also known as permits) would likely demand compensation.\n5.\tOntarians will lose a lot - mainly the programs funded by revenue from the market. More than $2 billion from carbon auctions has gone into the province\u2019s emissions-reduction programs (i.e. the electric vehicle incentive program, and the GreenON fund). If these programs end with the dismantling of the cap-and-trade system, that will affect businesses such as Ecobee, an Ontario-based smart-thermostat start-up whose customers currently qualify for a $100 rebate on purchases.\n6.\tUncertainty regarding future carbon policies adds costs to businesses by complicating their planning. But the reversal of the system \u2013 especially if compensation is uncertain \u2013 also undermines trust in government, making investment in the province less appealing.\n7.\tComing down heavy on polluters (without relying on carbon pricing) implies using more intrusive regulations. That means policies that require specific technologies or impose emissions performance standards, sector-by-sector across the economy. While those regulations might not have a visible carbon price, they will impose costs on businesses. Those businesses will pass on those costs to consumers. And on a per-tonne basis, those costs will be higher than the costs of a carbon price that drives equivalent emission reductions.\n8.\tBefore cap and trade can be scrapped a detailed alternative with clearly established targets based on realistic criteria must be presented to Ontarians.\n"
    },
    "6518": {
        "url": "/comment/6518",
        "comment": "I strongly disagree with the repeal of Ontario\u2019s cap and trade system. The impending global climate breakdown is an existential issue for humanity. Ontario may only contribute to a fraction of the problem but every jurisdiction can claim this and so each must do its part.\nOntario\u2019s cap and trade system was a well-designed and cost-efficient way of reducing our carbon emissions. The government has offered no credible alternative.\nStrangely, the political advantage of this move seems less than obvious. Especially once the federal government starts sending carbon tax refunds to every Ontarian early next year.\n"
    },
    "6520": {
        "url": "/comment/6520",
        "comment": "Mr. Ford has failed to submit anything resembling a detailed plan.  Apparently this move is supposed to put money back in the pockets of the taxpayers.  How?   What is definite is that it will benefit those businesses that will be allowed to pollute with impunity,\nShort -sighted.  Ecolologically disastrous.  The work of a politician without any idea of how climate change works.\n"
    },
    "6524": {
        "url": "/comment/6524",
        "comment": "The cancellation of the Cap and Trade  program is a most wasteful action by our government.  It is not only an action against the work of reducing GHG, it is an action against people and the planet, and the least loving kind of behaviour possible.  It is death affirming rather than life affirming.  I ask where the joy is in cancelling Cap and Trade, and I would wonder what possible deep wound exists in those who do such things.  It is not too late to acknowledge from where pain comes that seeks revenge and power over others.    There is no good that comes from punitive action.   Finding solutions to reducing GHG emissions fulfils legal obligations and abides by our Constitutional rights and provileges that protect our requirements/rights for a healthy and living planet.  Acknowledge that you, the government of Ontario, hear and learn from the people.  Keep the Cap and Trade Act.\n"
    },
    "6526": {
        "url": "/comment/6526",
        "comment": "I live in Hamilton. I am a born Canadian taxpayer. I believe the most serious threat to my family's life is climate change. I learned about this at the University of Waterloo in the 1990's when Hurricane Katrina had not wreaked it's destruction and chaos on our world yet. I studied climate change issues using satellite imagery and attained an \"Honours Co-op Master of Environmental Studies\" degree. What I've learned during my time a school and in my related work in different environmental science fields, is that climate change is happening much faster all the time and we are running out of time to slow it down or make it's effects manageable in any effective way. We don't know what the worst outcome may look like on Earth but that is what we should be striving to avoid -- in every aspect of our lives.\nOur family has divested from oil & gas, protested against new pipelines, taken action at home to try and help to mediate expected worsening floods, droughts and other climate-related disasters. We realize that without the leadership from our government representatives on climate change, our efforts may not help at all in the end. This why we urge our government officials at all levels to take climate change seriously and help those who cannot help themselves.\nCanada will be effected in the future when people from other countries all over the world need a place to go. We are a large, mainly empty piece of prime land and everyone is going to want to move here. The small number of immigrants that came from Syria due to war will pale in comparison to the number of homeless climate change victims from low lying places like major cities located along the Eastern coast of North America.\nMany issues could take place suddenly with more extreme weather changes too. Currently in the news are articles about how shorebird and reptile populations are in jeopardy and could be wiped out in the near future by new diseases, dramatic weather changes and loss of habitat. These extinctions could occur due to the increasing amount of greenhouse gases in our atmosphere. Every link in our chain of life is valuable to the rest -- insects, mammals (including us), birds, vegetation, microorganisms, etc. depend on each other to survive. Human beings are no different and our lives are on the line too, especially if we don't even try to help ourselves.\nThe Conservative Party's cuts of all the green programs Ontario had in place shows a complete ignorance of science in their leaders. Doug Ford is indeed playing with fire. Reduce the bureaucracy and work to reduce waste and lower taxes ... but we ignore climate change at our own peril. It's real, and until Doug Ford understands that, we are all doomed to a difficult if not terrifying future of repeated disasters. Human life can go extinct just like the dinosaurs did -- and there is some evidence that their demise may have been related to changes in their Earth atmosphere due to gases altering it's composition. Sounds familiar.\nWe need to continue any green initiatives that we had started under any other government, and we have to add to those as quickly as possible. I doubt the Ford government is the right group for the job but I hope they see the light after the next big disaster in Ontario happens. We have to spend money to tame the severity of future climate change-related weather events, and if we don't the bill to clean up will climb much higher all the time. We'd rather pay less now and have a safer future for ourselves and our children.\nBe smarter Ontario, go greener! We need a very strong plan to deal with climate change, and we need that immediately. Reversing what had been done (carbon pricing, etc.) should not happen -- we need a leader with enough strength and knowledge to accept there's a problem and work towards solving it. So far, the Premier has only taken action that will make us all suffer one day. Please hear the logic and build a strong and powerful force to reverse the negative effects of climate change. We are all depending on this government because it may be too late when the next one is elected. GO GREEN ALL THE WAY PREMIER FORD, PLEASE! Listen to Mike Schreiner from Guelph please. He has many good green ideas and we need all of them in Ontario more than ever now.\n"
    },
    "6528": {
        "url": "/comment/6528",
        "comment": "Cancelling the existing cap and trade policy is a reckless and damaging decision. The decision endangers my children and grandchildren and future generations. It is difficult to believe that there is anyone who does not both except the reality of climate change and understand that strong measures implemented now are essential to at least mitigate the negative impact in the future. You have nothing whatever of equal force and impact with which to replace it.\nI oppose with equal passion your decision to challenge the federal government's determination to begin to address climate change. It is difficult to believe that any serious and mature individual in your Cabinet or your party really believes that this is a responsible action.\n"
    },
    "6529": {
        "url": "/comment/6529",
        "comment": "Carbon pricing should still be part of Ontario's Climate Plan.  Until it is improved on, the Federal Backstop will do for now, so don't fight it.  Let the feds recycle the revenue to all legal citizens, regardless of age.  Credits to underage children into trust accounts until they are 18.   If you want to do something better, consider Carbon Fee and Dividend as advocated by Citizens Climate Lobby.  The first difference is that domestic industry should be protected more fully by Border Adjustments, not Output Based Pricing which is just a give-away to Big Business.  The next difference is the price should keep rising beyond 2022 until there are no more GHG emissions from using fossil fuels.  This would be an effective carbon pricing policy which achieves reduction targets, protects competitiveness of local industry and offsets the cost to citizens through dividends.  (See recent report on this by Canadians for Clean Prosperity \"Carbon Dividends would benefit Canadian Families\").  That would outflank the Liberals, if they don't think of it first, which they will, it they are smart.\n"
    },
    "6530": {
        "url": "/comment/6530",
        "comment": "Repealing cap and trade is insane in an era where the greatest threat Ontario, Canada, and the world face is climate change caused by greenhouse gas emissions in farming, manufacturing, and transportation. Cap and trade was used successfully in the 1980s and 1990s to fix the problem of acid rain. Please rethink this.\n"
    },
    "6533": {
        "url": "/comment/6533",
        "comment": "We're going to run out of fossil fuels eventually. This is an undeniable fact. Why are we playing this dangerous game of adding more and more CO2 into the atmosphere? As the governing body over our environment, you guys need to make sure that Cap and Trade is not only kept running, but to make this just the first step in a sustainable future. Politicians don't know jack about science, and letting them make major decisions on scientific issues is just ludicrous. Incentivize the population to transition into cleaner transportation!\n"
    },
    "6536": {
        "url": "/comment/6536",
        "comment": "Cancelling this important piece of legislation is a disgrace. Cap and trade allows us to set up a system for limiting carbon emissions in a way that benefits Ontario's economy. And now Doug Ford's government, who cancel cap and trade in the name of saving money, will only spend more compensating companies for their lost carbon assets, and fighting the federal government on the imposition of a carbon tax (a tax which I fully support).\n"
    },
    "6545": {
        "url": "/comment/6545",
        "comment": "I believe the cancellation of the Cap and Trade program is a mistake. Green house gas emissions must be controlled and lowered as soon as possible and it is appropriate that the polluters pay. The gradual lowering of the emissions cap will force green house gas emitters to buy credits if they are not able to lower their emissions to meet the cap. As companies will not want to pay they will be encouraged to find innovative ways to cut their emissions and in the process be able to sell credits to those who have not been able to meet the standard.  Money collected by the government has been allocated to pay for new green initiatives which will further allow the province to engage in a green economy and reduce dependence on fossil fuels. As the world moves toward a green economy, Ontario needs to move in this direction and become a leader in this field, which can only be done if innovation is encouraged and financially rewarded. As a leader in green technologies Ontario's economy would also benefit. Unfortunately, with the loss of Cap and Trade dollars, hundreds of these important projects have been cancelled, many of which have already spent money on planning and staff and in some cases infrastructure.  The money that has been already spent, will be completely wasted if the projects do not go forward to completion and in addition, the present staff working on the projects and future workers needed for completion will no longer be employed. Communities across the province are being impacted with the loss of projects which will benefit their communities but which cannot be financed without government assistance. Even if some of the projects were individually considered to be completed, where would the investment come from if Cap and Trade dollars are lost?\nThe Environmental Commissioner has already submitted a report, which states that the Cap and Trade System was working. As an independent officer of the Legislature, her conclusions are based on evidence and should be respected.\nIn conclusion, I believe that Ontario is dismantling a working system with proven results in terms of emissions reduction and that has the potential transform Ontario's economy to be greener and be a system ready to participate and lead in the future.\n"
    },
    "6548": {
        "url": "/comment/6548",
        "comment": "Thank you for the opportunity to comment .\nI support 100% what Citizens\u2019Climate Lobby Canada is requesting to Queen\u2019s Park this October 2018. Because my comments would totally mirror what they wrote I simply copied and pasted their document below. Thank you for seriously considering it.\nOver and above all that Citizens\u2019Climate Lobby Canada and I request below, I also would like the Ontario government to make an immediate shift to low-carbon procurement, to double the number of e.v. charging stations across Ontario in the next two years, to ensure timely access by Ontarians to e.v.\u00b4s and hybrid personal vehicles, to set a timeline of 2035 as the deadline when fossil fuel vehicles of all kinds are allowed in Ontario, to use feebates  to encourage truckers to trade in their polluting heavy trucks off the road sooner than they would otherwise. In other words,  I request the Ontario government speed up the lowering of our ghg emissions by focusing on low-carbon procurement and the entire transportation industry.\nAnd now here is the official request by Citizens\u2019 Climate Lobby Canada:\nCitizens\u2019 Climate Lobby Request to Queen\u2019s Park\u2013 October 2018\nCitizens\u2019 Climate Lobby\u2019s recommendation is that the Ontario legislature should phase out cap and trade by 2021 while phasing in carbon fee and dividend.\nSince 2010, Citizens\u2019 Climate Lobby Canada has been advocating for carbon fee and dividend: an incrementally rising price on carbon pollution where 100% of the fees collected are returned to citizens. In Canada, carbon fee and dividend is also championed by Clean Prosperity and has been endorsed by the PostMedia Editorial board in September 2017 in their syndicated editorial \u201cHere\u2019s how to make carbon pricing honest\u201d. In September 2018, Clean Prosperity recently released a study that found the vast majority of Ontarians would come ahead under a carbon fee and dividend policy.\nIn the USA, Shell Oil, General Motors and other big corporations are the founding corporate members of the Climate Leadership Council. They are a policy institute that is actively lobbying Congress in the USA to pass carbon fee and dividend legislation.  A June 2018 study found that their Carbon Dividends Plan would achieve more than triple the emissions reductions of all Obama-era climate regulations, and could exceed the high end of the U.S. Paris Commitment. The Carbon Dividends Plan also has a well-funded political action committee.\nGlobally, 20% of emissions are now covered by a carbon price - including 45 national carbon pricing policies.\nWhat business and industry requires for long-term business planning is clarity of purpose as to the future direction of climate policies. Thus, if Ontario is truly open for business, we need policy persistence for the dealing with the climate crisis.\nCarbon fee and dividend could be that policy. Carbon fee and dividend is a policy where all sides win. It will appeal to a broad spectrum of Canadians, whether they support small government, free markets, strong environmental policy, or expanded government benefits. Thus, carbon fee and dividend has built-in policy persistence.\nThe first compliance period for Ontario\u2019s cap and trade program ends December 2020. This a logical time to end the program and bring in carbon fee and dividend.\nCarbon fee and dividend in Ontario would work as follows:\n\u2022 A fee is placed on carbon-based fuels at the source (well, mine or port of entry)\n\u2022 The fee is increased at a pace that motivates the emissions reductions necessary to avoid catastrophic consequences\n\u2022 Protect low and middle income households from increased energy costs associated with the carbon fee by returning 100% of the dividends collected by back to Ontarians.\n\u2022 A predictably increasing carbon price will send a clear market signal which will unleash entrepreneurs and investors in the new clean-energy economy.\n\u2022\u2022 To prevent offshoring of carbon emissions, especially as the carbon fee rises, Canada\u2019s federation of provinces and territories would work with the federal government to enact border carbon adjustments.\nFurthermore, as is our right under the Ontario Bill of Rights, we demand to always have the right to open and public consultation with regards to changes environmental legislation. As well, we ask that the Government eliminate over $600 million in fossil fuel subsidies. Finally, we need legally binding greenhouse gas targets, transparent progress reporting and cross-party cooperation. Please use the United Kingdom\u2019s Climate Change Act (2008) as a model which is the recommendation of Ontario\u2019s Environment Commissioner in: Climate Action in Ontario: What\u2019s Next?\nThank you,\nAnonymous\n"
    },
    "6549": {
        "url": "/comment/6549",
        "comment": "I am a thirteen year old boy who\u2019s looking out for his own and everyone else of this youth generations well being. I stand by my opinion of disapproving Doug Ford\u2019s decree. The environmental bill of rights is one of the few things keeping this world from total disaster of worldly proportions. For mine and everbody elses sake, please keep the environmental bill of rights alive. Climate change is a serious thing and I don\u2019t care if some people won\u2019t admit it\u2019s a thing but it is, and one day will come in and cause devastation to the diversity of earth. I stand by my earlier statement and I\u2019m telling you to please consider; the well being of children, of the wildlife, and of all the other things that makes this world so beautiful. Make the right choice please, the environmental bill of rights must stay alive.\n"
    },
    "6550": {
        "url": "/comment/6550",
        "comment": "Citizens\u2019 Climate Lobby\u2019s recommendation is that the Ontario legislature should phase out cap and trade by 2021 while phasing in carbon fee and dividend.\nSince 2010, Citizens\u2019 Climate Lobby Canada has been advocating for carbon fee and dividend: an incrementally rising price on carbon pollution where 100% of the fees collected are returned to citizens. In Canada, carbon fee and dividend is also championed by  Clean Prosperity and has been endorsed by the PostMedia Editorial board in September 2017 in their syndicated editorial \u201cHere\u2019s how to make carbon pricing honest\u201d. In September 2018, Clean Prosperity recently released a study that found the vast majority of Ontarians would come ahead under a carbon fee and dividend policy.\nIn the USA, Shell Oil, General Motors and other big corporations are the founding corporate members of the Climate Leadership Council. They are a policy institute that is actively lobbying Congress in the USA to pass carbon fee and dividend legislation.  A June 2018 study found that their Carbon Dividends Plan would achieve more than triple the emissions reductions of all Obama-era climate regulations, and could exceed the high end of the U.S. Paris Commitment. The Carbon Dividends Plan also has a well-funded political action committee.\nGlobally, 20% of emissions are now covered by a carbon price - including 45 national carbon pricing policies.\nWhat business and industry requires for long-term business planning is clarity of purpose as to the future direction of climate policies. Thus, if Ontario is truly open for business, we need policy persistence for the dealing with the climate crisis.\nCarbon fee and dividend could be that policy. Carbon fee and dividend is a policy where all sides win. It will appeal to a broad spectrum of Canadians, whether they support small government, free markets, strong environmental policy, or expanded government benefits. Thus, carbon fee and dividend has built-in policy persistence.\nThe first compliance period for Ontario\u2019s cap and trade program ends December 2020. This a logical time to end the program and bring in carbon fee and dividend.\nCarbon fee and dividend in Ontario would work as follows:\n\u2022 A fee is placed on carbon-based fuels at the source (well, mine or port of entry)\n\u2022 The fee is increased at a pace that motivates the emissions reductions necessary to avoid catastrophic consequences\n\u2022 Protect low and middle income households from increased energy costs associated with the carbon fee by returning 100% of the dividends collected by back to Ontarians.\n\u2022 A predictably increasing carbon price will send a clear market signal which will unleash entrepreneurs and investors in the new clean-energy economy.\n\u2022\u2022 To prevent offshoring of carbon emissions, especially as the carbon fee rises, Canada\u2019s federation of provinces and territories would work with the federal government to enact border carbon adjustments.\nFurthermore, as is our right under the Ontario Bill of Rights, we demand to always have the right to open and public consultation with regards to changes environmental legislation. As well, we ask that the Government eliminate over $600 million in fossil fuel subsidies. Finally, we need legally binding greenhouse gas targets, transparent progress reporting and cross-party cooperation. Please use the United Kingdom\u2019s Climate Change Act (2008) as a model which is the recommendation of Ontario\u2019s Environment Commissioner in: Climate Action in Ontario: What\u2019s Next?\n"
    },
    "6551": {
        "url": "/comment/6551",
        "comment": "As a Canadian youth I believe that when I disagree with this political decision I stand with thousands of my peers. As the next generation, we will have to live with the disruptive, dangerous, (and avoidable) consequences of Climate Change if this repeal continues. As the next generation, we will grow up in a world that already needs fixing thanks to our world leaders who did not act upon the solid facts. Climate change is real, worse than ever, and is happening right now. We must have effective and measurable Climate Change action so that my generation may continue to work towards a green and stable future. We must keep Cap and Trade in Ontario, as it is a regulation and a foundation for more innovative solutions. Unless the government has a better price on carbon to replace it, it needs to stay. For the environment and economy of my generation, and future generations to come.\n"
    },
    "6552": {
        "url": "/comment/6552",
        "comment": "I strongly believe that Ontario should not scrap the Cap and Trade program because of the multitude of programs it is able to support. We all need to conclude that pollution has a cost and we can't keep pushing it onto our children and their future children. We need to be a leader on this issue and show our fellow Canadians that we take Climate change seriously and aren't willing to settle for doing nothing for temporary political gains. I want to be on the right side of history and be part of the solution. I want to live in a province that is strong enough to do the right thing too.\n"
    },
    "6553": {
        "url": "/comment/6553",
        "comment": "I am most vehemently opposed to the cancellation of the cap and trade tax. It funded many worthwhile grassroots projects that bade a difference to our environmental health.\nIf this cancellation was done only in the interest if very short term economic gain , remember \u201chow long will you be able to hold your breath when you\u2019re counting your money?\u201d\n"
    },
    "6555": {
        "url": "/comment/6555",
        "comment": "The Climate Change Mitigation and Low-Carbon Economy Act, 2016 should not be repealed. It is central to Ontario\u2019s sustainable future and is only the first step in making policy changes to address the already present threats of climate change. Ontario needs a price on pollution so that tax payers are not forced to carry the burdens of uncontrolled polluters in the future. Why would my family have to pay for the inevitable fallout of C02 emissions of a manufacturer, such increased health care spending and water treatment, because the company didn\u2019t want to pay for what they were causing? Businesses should not get a free pass to treat our resources in any way they wish, the services that the ecosystem provides have tangible value and you are completely overlooking this when you take away our cap-and-trade system.\nThe current financial benefits of the cap-and-trade program are supporting crucial community programs that are otherwise being cut. From the last few years we can see that communities are benefiting from the programs, specifically children, it seems irresponsible to take them away when there is no evidence to back up the change.\nCap-and-trade relies on free market thinking and require that companies innovate to reduce their emissions. This creates an economy where not only are people healthier from the reduction in emissions but companies are incentivised to discover revolutionary solutions to global problems. Innovative thinking is something that Ontario desperately needs, we need to provide high skilled jobs so that young people are not recruited to places like Silicon Valley where thinking differently is rewarded.\nOverall, the cap-and-trade system is as easy as the name suggests: cap pollutants, trade allowances with supply and demand setting the price. A straight forward, logical, and financial responsible choice for a sustainable province.\n"
    },
    "6558": {
        "url": "/comment/6558",
        "comment": "Pulling resources from the goal of reversing climate change is terrifically, fantastically stupid. Even as the first climate refugees appear and microplastics turn up in all our food, commerce has no desire to mitigate its own disastrous impact. That is what government is for. This is a greedy, lazy and dangerous move that puts Ford\u2019s government on the wrong side of history. We can\u2019t allow our existing environmental protections to be dismantled.\n"
    }
}