{
    "6702": {
        "url": "/comment/6702",
        "comment": "Nothing is as important as a clean and healthy environment.  We should be doing everything in our power to reduce our ghg emissions.  Weak, uniformed leaders are going to lead us down a path of environmental disaster.  I want a real climate change plan to reduce emissions, help people save energy, create jobs and to create a culture of conservation.\n"
    },
    "6703": {
        "url": "/comment/6703",
        "comment": "ENOUGH IS ENOUGH. The Ford Government will not undo the trailblazing progress that Ontario has made in terms of climate change mitigation and prevention. This is NOT what the people want, and if Ford is truly \"for the people\" he will listen. This is a life or death matter.\nI want a real climate change plan to reduce emissions, help people save energy and create jobs in the $26 trillion clean economy.\nI want Ontario to put a price on pollution, making polluters pay for their emissions and returning the revenues to the pockets of Ontarians so they can lower their carbon footprint.\nI want legally binding emissions targets in line with our obligations to the Paris Climate Agreement.\nI want Ontario to be 100% powered by clean energy by 2050\nI want Ontario to end subsidies and handouts for fossil fuel companies and redirect this money to clean energy solutions.\n"
    },
    "6704": {
        "url": "/comment/6704",
        "comment": "I want a real climate change plan to reduce emissions, help people save energy and create jobs in the $26 trillion clean economy.\nI want Ontario to put a price on pollution, making polluters pay for their emissions and returning the revenues to the pockets of Ontarians so they can lower their carbon footprint.\nI want legally binding emissions targets in line with our obligations to the Paris Climate Agreement.\nI want Ontario to be 100% powered by clean energy by 2050\nI want Ontario to end subsidies and handouts for fossil fuel companies and redirect this money to clean energy solutions.\n"
    },
    "6705": {
        "url": "/comment/6705",
        "comment": "These words represent my true feelings:\nI want a real climate change plan to reduce emissions, help people save energy and create jobs in the $26 trillion clean economy.\nI want Ontario to put a price on pollution, making polluters pay for their emissions and returning the revenues to the pockets of Ontarians so they can lower their carbon footprint.\nI want legally binding emissions targets in line with our obligations to the Paris Climate Agreement.\nI want Ontario to be 100% powered by clean energy by 2050\nI want Ontario to end subsidies and handouts for fossil fuel companies and redirect this money to clean energy solutions.\n"
    },
    "6706": {
        "url": "/comment/6706",
        "comment": "The present government is rushing in to take down a program which has been deemed to be a successful way to reduce carbon emissions, while keeping the economy strong. The reality of\n Climate Change is before us everywhere around the Planet. We need ways to drastically reduce CO2. Do not take this program down. I has been studied by economic experts as a reliable way to accomplish reduction of CO2. Don't be foolish...We have to a t in a determined  manner to develop ways to avoid the collapse of ecosystems upon which our civilisation depends. Act rather in good faith and cooperation, intelligence and effectiveness, by keeping this system of Cap and Trade. It has no politics. It is a reliable way to proceed, indendant of political parties. Do the right thing. Be aware of the importance of correct innovation and change, to right the ways of an over-consuming society, and set us on a better path.\n"
    },
    "6707": {
        "url": "/comment/6707",
        "comment": "I want a real climate change plan to reduce emissions, help people save energy and create jobs in the $26 trillion clean economy.\nI want Ontario to put a price on pollution, making polluters pay for their emissions and returning the revenues to the pockets of Ontarians so they can lower their carbon footprint.\nI want legally binding emissions targets in line with our obligations to the Paris Climate Agreement.\nI want Ontario to be 100% powered by clean energy by 2050\nI want Ontario to end subsidies and handouts for fossil fuel companies and redirect this money to clean energy solutions.\n"
    },
    "6708": {
        "url": "/comment/6708",
        "comment": "I want a real climate change plan to reduce emissions, help people save energy and create jobs in the $26 trillion clean economy.\nI want Ontario to put a price on pollution, making polluters pay for their emissions and returning the revenues to the pockets of Ontarians so they can lower their carbon footprint.\nI want legally binding emissions targets in line with our obligations to the Paris Climate Agreement.\nI want Ontario to be 100% powered by clean energy by 2050\nI want Ontario to end subsidies and handouts for fossil fuel companies and redirect this money to clean energy solutions.\n"
    },
    "6709": {
        "url": "/comment/6709",
        "comment": "I can't believe how you are disregarding the essential life threatening issue of our time. The Green Party (which I did NOT vote for)  expressed my feelings perfectly:\nI want a real climate change plan to reduce emissions, help people save energy and create jobs in the $26 trillion clean economy.\nI want Ontario to put a price on pollution, making polluters pay for their emissions and returning the revenues to the pockets of Ontarians so they can lower their carbon footprint.\nI want legally binding emissions targets in line with our obligations to the Paris Climate Agreement.\nI want Ontario to be 100% powered by clean energy by 2050\nI want Ontario to end subsidies and handouts for fossil fuel companies and redirect this money to clean energy solutions.\nPlease for my children and grandchildren's sake reverse your anti climate change stance.\n"
    },
    "6713": {
        "url": "/comment/6713",
        "comment": "I want Ontario to put a price on pollution, making polluters pay for their emissions and returning the revenues to the pockets of Ontarians so they can lower their carbon footprint.\nCanceling the cap and trade without replacing it with an other similar program is plain wrong for our environment.\nI want Ontario to be 100% powered by clean energy by 2050.\n"
    },
    "6714": {
        "url": "/comment/6714",
        "comment": "Areal climate change plan to reduce emissions would be ideal, I would like to help people save energy and create jobs in the $26 trillion clean economy.\nI want Ontario to put a price on pollution, making polluters pay for their emissions and returning the revenues to the pockets of Ontarians so they can lower their carbon footprint.\nI want Ontario to be 100% powered by clean energy by 2050\nI want Ontario to end subsidies and handouts for fossil fuel companies and redirect this money to clean energy solutions.\n"
    },
    "6716": {
        "url": "/comment/6716",
        "comment": "I believe in personal responsibility. I want polluters to pay for their emissions--better yet, let's create an economy that is based on scientific evidence about the health-environment connection. That means a clean economy.\nAs government decision-makers, your basic job is to protect us from environmental contamination and to safeguard our environment for future generations. If you are unable to understand or act on this basic principle, then you should leave office.\nA real climate change plan should reduce emissions, help people save energy and create clean, long-term jobs that provide stability to communities and families.\nWe are part of a global community. I want legally binding emissions targets in line with our obligations to the Paris Climate Agreement. I want Ontario to be 100% powered by clean energy by 2030. And I want Ontario to end subsidies and handouts for fossil fuel companies and redirect this money to clean energy solutions.\nIt's time to clean up our act--literally!\nGet on board, Premier Ford. Learn how to prioritize. A functioning natural environment is a basic human necessity. Without it, there is NO economy.\n"
    },
    "6718": {
        "url": "/comment/6718",
        "comment": "I want a real climate change plan to reduce emissions, help people save energy and create jobs in the $26 trillion clean economy.\nI want Ontario to put a price on pollution, making polluters pay for their emissions and returning the revenues to the pockets of Ontarians so they can lower their carbon footprint.\nI want legally binding emissions targets in line with our obligations to the Paris Climate Agreement.\nI want Ontario to be 100% powered by clean energy by 2050\nI want Ontario to end subsidies and handouts for fossil fuel companies and redirect this money to clean energy solutions.\n"
    },
    "6721": {
        "url": "/comment/6721",
        "comment": "I want a real climate change plan to reduce emissions, help people save energy and create jobs in the $26 trillion clean economy. I want Ontario to put a price on pollution for industrial polluters, making polluters pay for their emissions and returning the revenues to the pockets of Ontarians so they can lower their carbon footprint. I want Ontario to be 100% powered by clean energy by 2050!\n"
    },
    "6722": {
        "url": "/comment/6722",
        "comment": "I want your government to acknowledge that climate change is real and threatening our future.  Therefore, I want:\nA real climate change plan to reduce emissions, help people save energy and create jobs in the $26 trillion clean economy.\nOntario to put a price on pollution, making polluters pay for their emissions and returning the revenues to the pockets of Ontarians so they can lower their carbon footprint.\nLegally binding emissions targets in line with our obligations to the Paris Climate Agreement.\nOntario to be 100% powered by clean energy by 2050\nOntario to end subsidies and handouts for fossil fuel companies and redirect this money to clean energy solutions.\nPlease respond to this message.\n"
    }
}