{
    "8526": {
        "url": "/comment/8526",
        "comment": "I am wholeheartedly opposed to the cancellation of cap and trade. The consensus of opinion among climate experts, economists etc. is that in order to decarbonize, the best first step is to price carbon. We do not have time to back peddle on this. The time for bold action on climate change is now. Here is my vision for Ontario, and its not \"Buck a Beer\":\n\u2022\tI want a real climate change plan to reduce emissions, help people save energy and create jobs in the $26 trillion clean\n       economy. In other words, keep cap and trade\n\u2022\tI want Ontario to put a price on pollution, making polluters pay for their emissions and returning the revenues to the pockets\n        of Ontarians so they can lower their carbon footprint.\n\u2022\tI want legally binding emissions targets in line with our obligations to the Paris Climate Agreement.\n\u2022\tI want Ontario to be 100% powered by clean energy by 2050\n\u2022\tI want Ontario to end subsidies and handouts for fossil fuel companies and redirect this money to clean energy solutions.\nThis is no time for political grandstanding. Climate change is the moral and ethical issue of our time.\n"
    },
    "8528": {
        "url": "/comment/8528",
        "comment": "\u2022 I want a real climate change plan to reduce emissions, help people save energy and create jobs in the $26 trillion clean economy.\n\u2022 I want Ontario to put a price on pollution, making polluters pay for their emissions and returning the revenues to the pockets of Ontarians so they can lower their carbon footprint.\n\u2022 I want legally binding emissions targets in line with our obligations to the Paris Climate Agreement.\n\u2022 I want Ontario to be 100% powered by clean energy by 2050\n\u2022 I want Ontario to end subsidies and handouts for fossil fuel companies and redirect this money to clean energy solutions.\n"
    },
    "8529": {
        "url": "/comment/8529",
        "comment": "To The Populist Government of Ontario:\nFirst create something that will replace Cap and Trade then cancel it. What you are doing is very selfish and irresponsible, just populism.  Our planet is dying. Do you see what's going on with the climate around the world? Did you see what happened in Ottawa? I don't remember a tornado in Ottawa in history. Did you see what happened in the US last year and what has happened this year? Do we have to experience similar things here in Canada for you to wake up? Do you read the UN reports on climate change? I remember scientists predicted these kind of events a decade ago. And they were right.\nThere is not much time. All the money your voters are going to save due to cancellation of Cap and Trade will go towards the destruction of the future of their children. The money will be worthless. And your pleasure staying in power with another mandate as a result of your populism will be worthless when one day you see the environment you left for your children impossible to live in.\n"
    },
    "8530": {
        "url": "/comment/8530",
        "comment": "As reports on the UN Intergovernmental Panel on Climate Change make clear (see URL, below), residents of this planet have a very small window of time, about 12 years, to control global warming. It is said that \"The world stands on the brink of failure when it comes to holding global warming to moderate levels.\"  We need \"unprecedented actions\" to avoid global warming of 1.5 Celsius over preindustrial levels within 12 years.  Canceling the Climate Change Mitigation and Low-carbon Economy Act of 2016 effectively closes the window of opportunity Ontarians have to save ourselves, our habitat and life as we know it in the face of the hydra-headed challenges of climate change.  Cap-and-trade regulations are our best policy tools for slowing/affecting climate change.  Unlike carbon tax strategies, which merely put a price/tax on carbon emissions, and do not control the risks of expanding carbon emissions, cap-and-trade strategies set emission targets, and put the risks, and costs, of failure on the side of emitters.\nWhen the present government of Ontario proposed Bill 4, the claim was made that the required public consultation on ending an environmental regulation was met because the PC platform included cancellation of the Climate Change Mitigation and Low-carbon Economy Act, 2016.  The presumption was that a vote for a PC candidate was a 'vote' for (what has become) Bill 4.  Using that same logic, note that the three other parties, NDP, Liberals, and Green Party, all supported cap-and-trade emission control policies.  Those three parties garnered 3,318,354 popular votes to the PC's 2,326,632.  So, by the logic of \"a vote for a party is a vote for it's environmental policies,\" nearly 60% of Ontarians voted to support and pursue cap-and-trade emission control strategies.\nThe world needs us to reduce drastically greenhouse gas emissions immediately.  Canadians need to reduce emissions to meet our Paris Agreement targets.  And, Ontarians, by a ratio of nearly 5 to 3, support cap-and-trade emission controls as the best way to save the world, Canada and ourselves.  Where will we be, what will life be like, what future can we give to our children and fellow-beings, if we wait until the next provincial election to take concerted, effective, moral action against climate change? I ask each reader to fathom life, their life, and their families lives, in a decade if we don't do now all that we can to change our ways, to cap and control our emissions.  Oppose Bill 4.  Indeed, the Ontario cap and trade policies should be made more aggressive, not ripped away.\n"
    },
    "8531": {
        "url": "/comment/8531",
        "comment": "The release of the UN Climate Change Report this week says we have only 12 years to take concerted action on climate change or we will not meet our Paris Climate Accord obligations to limit global temperature increases to 1.5 C.\nCancelling this Act is a mistake. Some form of carbon tax is the best way for us to change behaviour. Whatever plan the government comes up with is going to cost money, whether it is through tax dollars or regulation of industry who will pass these costs to consumers. I prefer a carbon tax, which impact all Ontarians, and is more cost efficient to implement.\nWe have recently enjoyed the birth of our fist grandchild. I worry about what kind of planet we are passing on to her. Please don't drop the ball on this one.\n"
    },
    "8534": {
        "url": "/comment/8534",
        "comment": "O. Reg. 390/18 requires reporting to be from January 1st 2018 to July 3rd 2018 (inclusively). Cap and trade ended on July 3rd 2018. Participants no longer have a compliance obligation as of July 3rd, 2018. Does this mean that a participant will have a mismatch between its report (which includes July 3rd) and its allowances/credits (which should not include July 3rd)? One day (July 3) may not seem a lot but you will have a hard time matching both numbers as some participants are fuel distributors who sell significant amounts of fuel in the summer months. You should clarify either in 390/18 that reporting should end on July 2, or in this act that credits need to include July 3.\n"
    },
    "8535": {
        "url": "/comment/8535",
        "comment": "I have serious concerns about Ontario's cap and trade program being eliminated without an appropriate greenhouse gas emissions reduction plan ready to take its place.  The climate change problem is surmountable, but only if all national and subnational jurisdictions do their part and meet their targets as stipulated in the Paris Agreement.  I ask the Ministry of the Environment, Parks and Conversation to present a comprehensive, robust plan as soon as possible to help Ontario meet its targets.  I recommend a commitment and target by which the province would be powered completely by clean energy.  I would recommend investment in clean energy, by eliminating subsidies to fossil fuel companies and redirecting that money accordingly.  I would also ask the government to replace cap and trade with some alternative system of taxing polluters and redistributing that money to taxpayers as a revenue-neutral way of encouraging reduction of polluting emissions.  Our air is part of the commons, pollution of that common air with greenhouse gases cannot be loosely regulated or free.\nThank you for your consideration.\n"
    },
    "8536": {
        "url": "/comment/8536",
        "comment": "In cancelling the prior cap and trade system, it's essential that the Province replace it with something equally effective. As the most recent report of Intergovernmental Panel on Climate Change has pointed out, we'll need swift and concerted action to avert the worst and most massively expensive effects of climate change. Acting now to build a clean energy economy will bring huge financial benefits to the jurisdictions that get there first. Ontario, with its many natural resources and highly trained workforce is in an excellent position to take advantage of this opportunity, but we must act now with a powerful set of market based incentives to reduce fossil fuel use and start building a 21st century green economy.\nThe best and most politically feasible way to create such incentives would be to impose a strong and steadily rising levy on industrial emissions of greenhouse gases, returning the full amount collected as an annual dividend to all Ontarians. This approach would create a strong incentive  for industries to work more efficiently and rely wherever possible on renewables without imposing economic hardship on anyone. Studies by economists have shown very convincingly , in fact, that a pollution fee-and-dividend strategy would yield a net financial benefit to more than 60% of Ontario's population.\nI would also strongly urge that the Province stop wasting taxpayer's money in a futile effort to contest the legality of Canada's \"polluter pays\" carbon legislation. We need strong incentives to reduce climate-changing pollution that is now putting the whole world in danger. The Federal has begun doing its part, but now Ontario and all the other provinces need to do so as well.\n"
    },
    "8538": {
        "url": "/comment/8538",
        "comment": "I strongly oppose the move to cancel Ontario's cap and trade system, without first initiating an even more effective method of carbon pricing. I trust that those in our provincial government who are responsible for this move are aware that climate science that tells us, in no uncertain terms, that if we as a species do not move quickly to drastically reduce carbon emissions from burning fossil fuels, we are headed to environmental disaster.  Please do not do this!  And please work cooperatively with the federal government and the rest of the provinces to put in place a robust national carbon pricing strategy that the rest of the world can admire and emulate.\n"
    },
    "8539": {
        "url": "/comment/8539",
        "comment": "The climate is changing due to anthropogenic activities. I know this to be the case, not only from the extensive world-wide documentation, but also as a result of my own expertise in assessing flood risk. As individuals, as a society, as a nation, and as citizens of the world we have a responsibility to the planet and its future to act responsibility in addressing our collective roll in the greatest risk to this planet since humans began to walk this beautiful planet. Cap and Trade is a creative and effective program that by definition will spawn innovation and feed the growth of well paying long term jobs, while at the same time reducing our dependence on fossil fuels. Unless the Government of Ontario has a plan that will be more effective than Cap and Trade, then I believe that they are unwise to discontinue this program. One hundred years from now we ill be judged on what we have done to this planet and what we could have done to preserve it. Let us be judged to have made the right decision, both on Cap and Trade and climate change in general.\n"
    },
    "8541": {
        "url": "/comment/8541",
        "comment": "Cancelling the Ontario Cap and Trade program would be financially, socially and environmentally irresponsible. In light of the most recent UN report on climate change the  situation for the planet is dire. Globally we must slash greenhouse gas emissions by 45% within 12 years, and limit global warming to 1.5\u00b0C.\nThere must be support and incentives for business, industry, property owners and consumers to choose sustainable options for reducing GHGs. The Cap and Trade program was designed to do this.\nIn 2016, the  Legislative Assembly of Ontario set ambitious yet achievable emissions reduction targets aligned with the actions of other provinces and states and in line with global objectives. Ontario is the country\u2019s second most carbon polluting province, after Alberta.\nPremier Ford, I call on your government to show the leadership demanded by the climate crisis and publicly commit to achieving Ontario\u2019s existing legislated greenhouse emission reduction goals by 37.5% from 1990 levels by 2030, and to table a \u201cdetailed, scientifically sound plan\u201d to meet these goals without delay.\nIt is your responsibility to protect the environment as part of the legacy we leave future generations.\n"
    },
    "8542": {
        "url": "/comment/8542",
        "comment": "Bill 4 Comments\nBill 4 is the Ford government\u2019s attempt to join Donald Trump\u2019s climate change denying tribe.  Rod Phillips is too sophisticated to endorse such post-truth nonsense, so the bill includes legislated requirements for targets and plans for greenhouse gas (GHG) reductions.  Unfortunately this is clearly just lipstick on a pig, as we have already observed Ford forge alliances with Jason Kenny and Scott Moe to oppose a federal carbon tax.\nThis suggests that the target established by Bill 4 would not be negotiated between Canada and Ontario as most environmental standards are, but would be arrived at in consultation with the two largest per capita emitters of GHGs, perhaps even allowing for an increase in GHG production!\nIf we take the minister at his word, that he is indeed looking at reductions of GHGs, he has effectively eliminated the two best methods of securing those reductions, that is, cap and trade and carbon tax.  This leaves few options for him except the heavy-handed command and control regulatory model that fell out of favor in the 1990\u2019s after the cap and trade successes that were observed in the US as a result of the Clean Air Act Amendment of 1990. Cap and trade allows for businesses to make decisions on whether installation of technology would be cheaper than purchasing credits, while the entire polity operated under a continually smaller cap. This experience resulted in rapid changes in electrical generation technology as it became clear that retrofitting tailpipe scrubber technology was more costly than replacing coal-fired boilers with combined-cycle gas turbines.  This has resulted in health and environmental benefits for the public while reducing costs for operators.\nThe minister is also denied the carbon tax instrument which for ideological reasons has been rejected out of hand.  This option is perhaps the most equitable as it places the burden on those who contribute the most to the problem.  Doug Ford is trying to bribe those people with a freebie for the next four years.  However, in the recently issued October 2018 IPCC report suggests that the eventual cost of a carbon tax could be as high as $5500 per Mt of CO2 by 2030 to cover the climate change damage that would be caused by a 1.5o Celsius increase by 2030. If the Federal government imposes a carbon tax that Doug Ford intends to flout, Ontarians will be in for a huge shock once Ford is defeated or resigns.\nWhat makes this so silly is that Ontario is already so far along the road to mitigating climate change. The problem of GHGs from the transportation sector was being addressed by a slow but deliberate strategy to increase the electrification of this sector.  This remains the largest problem in Ontario, but now we have no strategy for further electrification.  By favoring the internal combustion engine Doug Ford has increased the risk of respiratory ailments in already congested Southern Ontario, thereby increasing the health care budget and decreasing Ontarian\u2019s quality of life.\nMy recommendation to Rod Phillips would be the following while he sets his targets:\n1.\tRegulate the energy use in buildings to reduce GHG emissions.  This could be modeled on the federal Smart Buildings Initiative.\n2.\tImplement a program to electrify the transportation sector, by establishing how much and by what time.  This should include the commuter trains operated by Metrolinx as well as resuming the subsidies for electric vehicles and associated infrastructure.\n3.\tRegulate the cement industry, mining industry and fertilizer industry to ensure they meet the best available technology GHG emission levels in Ontario.\n4.\tImpose mandatory fugitive GHG emission programs at all petrochemical facilities in Ontario.\n5.\tMandate that all landfill locations be equipped with landfill gas collection systems and combined heat and power combustion systems.\nThese recommendations may have the effect of reducing some levels of employment as businesses migrate from Ontario, however, one must ask the question what happens now to the 5,000 clean tech companies in Ontario and their 130,000 employees?\nBill 4 strikes me as a cynical ploy to do nothing on the climate change file. The bill gives the minister the ability to change targets at will, consult any crackpot who satisfies Ford\u2019s whims and deny compensation to anyone who has invested resources in the Cap and trade system.  This seems like petty politics given the stakes involved.  We are already seeing migration on a massive scale from areas that are affected by climate change, flood damage on biblical levels, international tensions over scarce water resources. If we continue to look at this through a parochial, partisan lens, the chickens will soon come to roost.\n"
    },
    "8543": {
        "url": "/comment/8543",
        "comment": "I would like to see Ontario rejoin the cap and trade emissions program with the Western Climate Initiative, putting a price on carbon emissions in line with the Framework and continuing to work with the federal government to meet Canada's obligations in the Paris Agreement.\n"
    },
    "8544": {
        "url": "/comment/8544",
        "comment": "It is time for the Ontario Conservative government to start caring about not only the present generation's well being but also that of future generations.  Reversing all the environmental  initiatives  put in place by the previous Liberal government is not the way to achieve this goal.  It is just small minded vengeful petty behaviour.\n"
    },
    "8546": {
        "url": "/comment/8546",
        "comment": "The cap and trade cancellation act ends the cap and trade program. It discusses how a new program will be developed to deal with climate change. However it does not set a timeline or any any type of measurable for the new program. That is not acceptable. A plan must be a priority of the government. Witness the floods in Toronto, the heat deaths in Montreal, record temperatures every year. Sure I can save a couple of dollars at the pump, but that will go right back into my bills to pay for more air conditioning. We must act now.\nThanks You\n"
    }
}