{
    "8198": {
        "url": "/comment/8198",
        "comment": "In light of the immediate danger of climate change and the need to act NOW to cut back on emissions if we are to have a hope in sustaining the Earth as we know it, I am shocked that you would think of cancelling the Cap and Trade Act. I understand you think it will put a few more dollars in the pockets of \"the people\" but what good is that when dealing with ravaging fires and drought and tornadoes that threaten to be our new norm? It is extremely neglectful and naive to withdraw something of this importance, without anything to take its place. Scientists have been warning for many years, politicians have been slow, but this is downright dark ages and I am very sad for our children.\n"
    },
    "8199": {
        "url": "/comment/8199",
        "comment": "First and foremost, this type of consultation should have been conducted BEFORE any bill was presented to the legislature for review. Consultation of citizens is an important and vital part of our Ontario democracy and should not be ignored for the sake of squeezing this bill through quickly.\nSecond, I am against the repeal of the Climate Change Mitigation and Low-carbon Economy Act of 2016. I do not agree with the Government's claims when it comes to their reasons for wanting to repeal this Act. The Government wanted to repeal this act well before they were elected and made this decision based on absolutely no research (or consultation) into the effectiveness of a Cap & Trade program. Their claims that Cap & Trade programs do not work are incorrect and the opposite case is actually backed up by peer-reviewed, non-partisan scientific studies.\nThird, I have serious issues with several statements made in Bill 4, which I will outline below.\n(a) Section 3(1) states (briefly) that the Government will establish targets for the reduction of GHGs in Ontario -- yet it provides absolutely no timeline as to when these targets will be established and/or what science these targets will be based upon. Any and all targets should be set based on sound scientific analysis conducted by climate change experts, NOT the opinions of politicians. I see no mention of any scientific analysis or consultation in Bill 4 and do not trust that the Government will do this on its own.\n(b) Section 4(1) states (again, briefly) that the Minister shall prepare a climate change plan. As with Section 3(1), absolutely no timeline is included, nor any mention of HOW this plan will be developed. As with 3(1), such plans should be based on sound scientific evidence with the advice of climate change experts, NOT the opinions of politicians.\nWith regards to both 3(1) and 4(1), the way in which these sections are written means that there is absolutely no incentive for the Government to actually establish targets and/or develop a plan. In other words, these sections provide citizens of Ontario absolutely NO guarantee that the Government has any plan to replace the Climate Change Mitigation and Low-carbon Economy Act of 2016. That is disturbing, to say the least.\n(c) Sections 3(1) and 4(1) both state that the Government and Minister may revise targets and plans from \"time to time.\" Ironically, no timeline is included in Bill 4, so there is no context for what \"time to time\" means. Such targets and plans should not be changed on a whim, and should only be changed when scientific evidence supports such a change. This should be stated explicitly in Bill 4.\n(d) Section 4(2) states that the Minister may appoint panels to perform advisory functions for the climate change plan. I completely agree that advisory panels are required for such a plan. However, based on the words in Bill 4, this advisory council could consist of nothing but PC politicians, or lay people, or friends of the Minister, etc. Any such panels MUST include climate change experts (Canadians and non-Canadians) who can provide a non-partisan point-of-view on what is needed. Panels should also include citizens from around the province (not just the GTA) who have differing views on such targets and plans so that the needs of the people are included. And finally, these panels should also consist of representatives from ENGOs across Ontario. None of these specifics are mentioned and therefore gives me absolutely no confidence that such panels will be created and/or they'll be created with people who are biased.\nFourth, on the evening of Friday, October 5th, Premier Doug Ford was interviewed on the 6 pm CTV Toronto news. Ironically, he was in Alberta at the time, so was unable to be interviewed in person. He was in Alberta because he was attending a Conservative rally to show his support for eliminating the Alberta Carbon Tax. Premier Ford has more than enough problems here in Ontario to worry about. He does NOT need to be going to Alberta for Trump-like rallies.\nHowever, the part of the interview that disturbed me the most was when Premier Ford was asked what his climate change plan was if he didn't want Cap & Trade, a Carbon Tax, or a program from the Federal government. His response was that he \"trusted\" Ontario businesses to do the right thing! What's interesting about that is it completely contradicts Sections 3 and 4 in Bill 4 which state emissions targets and a climate change plan are to be developed. Trusting businesses to do the right thing is NOT a plan. It is the lack of a plan. It's also totally and completely ridiculous. First off, what is the \"right thing\"? How is that defined? What does it include and exclude? Who determines what the \"right thing\" is, businesses? Second, Premier Ford stated that any business who didn't do the \"right thing\" would be held accountable. How can anyone be held accountable when no one knows what the \"right thing\" is? And when and if they're held accountable, what does that accountability consist of?\nPremier Ford's statements on CTV were disturbing, disappointing, uneducated, and not evidence-based.\nThe part that disappoints me the most is the fact that Premier Ford is asking us to trust the future of the human race to businesses who, in general, care more about profit than anything else. Businesses, like people, work better when given incentives to change (i.e., a cap and trade program or a carbon tax). Businesses AND people do no change just because it's the right thing to do. If they did, we wouldn't be in this mess to begin with. Altruism is dead. It no longer exists. And to trust businesses -- the same businesses, by the way, that environmental regulations had to be created because of -- is completely and totally naive.\nConclusion: I do not want to see Bill 4 implemented. I do not want the Climate Change Mitigation and Low-carbon Economy Act of 2016 to be repealed. I do not want to see the end of the Cap and Trade program. Bill 4 is incomplete and non-committal on any and all of its promises. Bill 4 does not provide Ontario, Canada, and/or the World any protection from the dangerous effects of climate change. The cost to be reactive (e.g., paying to respond to natural disasters like the tornados in the Ottawa area) is way more expensive than the cost to be proactive.\n"
    },
    "8200": {
        "url": "/comment/8200",
        "comment": "The cancellation of the cap and trade program along with the Low Carbon Economy and Climate Change Mitigation Act was abrupt and did not allow time for subject matter experts and the public and Indigenous groups to be consulted.  This last-ditch effort, after 2 readings in the legislature- for consultation is not adequate.  The cap and trade program was successful.  It was not a \u2018punishing carbon tax\u2019 but rather an economic tool to allow the market place to address carbon emissions.  An approach one might believe aligns with fiscal conservative thinking.  Certainly, information coming out of conservative think tanks suggest that economic tools to solve large scale environmental problems are an effective and efficient approach.  I do not approve of the cancellation of cap and trade nor the approach taken by government.  In order to strengthen Bill 4, it must contain measurable targets for emissions reductions and rules in place to ensure compliance.\n"
    },
    "8201": {
        "url": "/comment/8201",
        "comment": "Ontario should not repeal any climate change policy until a replacement is ready to be implemented immediately. The province should be trying to improve the health of it's citizens by reducing emissions and putting a price on pollution. Companies polluting should be forced to pay for their emissions and the revenues channeled into healthcare or returned to individual Ontarians to offset their personal carbon emissions. Do this by creating legally binding emissions targets in line with our obligations to the Paris Climate Agreement. Make Ontario 100% powered by clean energy by 2050. Ontario needs to end subsidies and handouts for fossil fuel companies and redirect this money to clean energy solutions!\n"
    },
    "8202": {
        "url": "/comment/8202",
        "comment": "Climate change, according to scientists, is causing an increase in natural disasters around the world including in Canada. We read about these disasters in the Canadian press\noften.\nA reuters article states the following about Bangladesh: \"A 2012 report by Unnayan Onneshan, a Bangladesh think-tank, said the sea level rise hitting one meter by 2100 would\naffect 25,000 square kilometers, or 18 percent of the country\u2019s total land, and displace an estimated 31.5 million people\". There are other countries that will also be\nsignificantly affected by sea level rise due to climate change.\nAccording to the Food and Agriculture Organization \"Climate change threatens our ability to ensure global food security, eradicate poverty and achieve sustainable\ndevelopment.\" This is at a time when about 3 billion people are expected to enter the middle class by 2050 worldwide.\nAccording to the World Health Organization \"Between 2030 and 2050, climate change is expected to cause approximately 250 000 additional deaths per year, from malnutrition,\nmalaria, diarrhoea and heat stress.\"\nWe must do as much as we can to reduce the resulting pain and suffering caused to humanity as a result of our climate change emissions and that means reducing our emissions.\nAs a wealthy country it is easier for us to take action and more is expected of us.\nAs a result we need a strong and approved replacement plan approved before eliminating the existing cap and trade strategy.\n"
    },
    "8203": {
        "url": "/comment/8203",
        "comment": "I think it is very short sighted to repeal cap and trade with no reasonable alternative in place to reduce greenhouse gases, carbon emissions and other contributing factors of climate change. Short term personal gain pales before the legacy of global disaster we will be leaving our (and everybody's) children and their children if major changes, and some personal sacrifices, aren't made now.\n"
    },
    "8204": {
        "url": "/comment/8204",
        "comment": "Climate change is a hugely important issue. One very effective way of dealing with this issue is to put a price on carbon and other forms of pollution. This is a very natural and logical approach. After all, pollution costs all of us---we all share the same air, water, and environment. Without a price on pollution, a corporation that engages in environmentally destructive practices will continue to exist as long as it is profitable. With a carbon tax, profits have to overcome the negative cost of pollution.\nWhether we implement a carbon tax or a cap and trade scheme, these can all be done in a revenue neutral manner, so there is no additional cost to the tax payer.\nWe cannot afford to drag our feet on this issue. We must act now!\n"
    },
    "8207": {
        "url": "/comment/8207",
        "comment": "I believe that your proposal to scrap the cap and trade program as it is now is a capricious decision aimed at pleasing economic interests that do not align with the realities of climate change. The future of our children is being endangered by malice and unreasonable political decisions that your government will have to account for later on. Scientific studies were considered when the previous plan was approved. Public input was provided for the benefit of all of us. Premier Ford I ask you to be responsible to the people of this province by offering a better clean environment now and for future generations. Rely on proven science.\n"
    },
    "8209": {
        "url": "/comment/8209",
        "comment": "I want a real climate change plan to reduce emissions, help people save energy and create jobs in the $26 trillion clean economy.\nI want Ontario to put a price on pollution, making polluters pay for their emissions and returning the revenues to the pockets of Ontarians so they can lower their carbon footprint.\nI want legally binding emissions targets in line with our obligations to the Paris Climate Agreement.\nI want Ontario to be 100% powered by clean energy by 2050\nI want Ontario to end subsidies and handouts for fossil fuel companies and redirect this money to clean energy solutions\n"
    },
    "8211": {
        "url": "/comment/8211",
        "comment": "I strongly object to Bill 4 and any submission to repeal Cap and Trade legislation.\nI am committed to a greener, healthier, sustainable environment. This means redirecting our economies and energies toward sustainable sources and resources. To do so we need a strong plan to encourage and support the transition. Until the Ontario government can propose a better plan I demand that all members of the current government do everything they can to support the existing legislation.\nI want legally binding emissions targets in line with our obligations to the Paris Climate Agreement.\nI want Ontario to be 100% powered by clean energy by 2050.\nI want Ontario to end subsidies and handouts for fossil fuel companies and redirect this money to clean energy solutions.\nI want a real climate change plan to reduce emissions, help us save energy and create visionary opportunities and jobs in the $26 trillion clean economy.\nI want Ontario to put a price on pollution, making polluters pay for their emissions and returning the revenues to the pockets of Ontarians so we can lower our carbon footprint.\nIt is vital that we change how we operate. We depend on you, the members of our government, to see the big big picture and keep us moving in the right direction. Our lives depend upon it.\n"
    },
    "8212": {
        "url": "/comment/8212",
        "comment": "I want Ontario to put a price on pollution, making polluters pay for their emissions and returning the revenues to the pockets of Ontarians so they can lower their carbon footprint.\nI want legally binding emissions targets in line with our obligations to the Paris Climate Agreement.\nI want Ontario to be 100% powered by clean energy by 2050\nI want Ontario to end subsidies and handouts for fossil fuel companies and redirect this money to clean energy solutions.\n"
    },
    "8213": {
        "url": "/comment/8213",
        "comment": "I want a real climate change plan to reduce emissions, help people save energy and create jobs in the $26 trillion clean economy.\nI want Ontario to put a price on pollution, making polluters pay for their emissions and returning the revenues to the pockets of Ontarians so they can lower their carbon footprint.\nI want legally binding emissions targets in line with our obligations to the Paris Climate Agreement.\nI want Ontario to be 100% powered by clean energy by 2050\nI want Ontario to end subsidies and handouts for fossil fuel companies and redirect this money to clean energy solutions.\n"
    },
    "8215": {
        "url": "/comment/8215",
        "comment": "I've lived in Ontario all my life; I'm 53 years' old.  Climate change is real and needs to be addressed NOW - before it's too late.  Some scientists are warning that if we don't do something within the next 20 years or before, we're doomed.\nI want to see a real climate change plan to reduce emissions, help people save energy and create jobs in the $26 trillion clean economy.  Ontario needs to put a price on pollution - making polluters pay for their emissions and returning the revenues to the pockets of Ontarians so they can lower their carbon footprint.  Ontario needs legally binding emissions targets in line with our obligations to the Paris Climate Agreement.  It would also be nice if Ontario was 100% powered by clean energy by 2050.\nOntario shouldn't be giving subsidies and handouts to fossil fuel companies.  This money needs to be re-directed to clean energy solutions.\n"
    },
    "8218": {
        "url": "/comment/8218",
        "comment": "1. Cap and Trade is not a tax. It is disingenuous to suggest it is.\n2. Cap and Trade is a market mechanism, first championed by conservatives.\n3. It works.\n4. The only option left to this government if it does not want to use a market mechanism is regulatory controls if it is serious about actually reducing GHG emissions to the degree we need to. This is ironic. This is an emergency. Please behave like this is an emergency.\n5. The introduction of this Act is irresponsible and dangerous.\n6. So many excellent projects were being funded by this. Badly needed projects, like repairs to schools that would save us energy in the future. This is inexcusable.\nDo not proceed to enact this Act.\n"
    },
    "8219": {
        "url": "/comment/8219",
        "comment": "\u2022\tI want a real climate change plan to reduce emissions, help people save energy and create jobs in the $26 trillion clean economy.\n\u2022\tI want Ontario to put a price on pollution, making polluters pay for their emissions and returning the revenues to the pockets of Ontarians so they can lower their carbon footprint.\n\u2022\tI want legally binding emissions targets in line with our obligations to the Paris Climate Agreement.\n\u2022\tI want Ontario to be 100% powered by clean energy by 2050\n\u2022\tI want Ontario to end subsidies and handouts for fossil fuel companies and redirect this money to clean energy solutions.\n"
    }
}