{
    "7376": {
        "url": "/comment/7376",
        "comment": "Canada and Ontario need a robust environmental protection policy. The evidence surrounds us about the negative impact we are having on the environment and we need to stop pretending. I want a climate plan that is going to reduce emissions, help people and businesses save energy and create new jobs.  Economic incentives are powerful drivers and corporations and individual households need to be held responsible for their polluting behaviour.  This means putting a price on pollution.\nWe need to have legally binding targets and hard targets to bring us in line with the Paris Climate Agreement.\nWe can do this, we have the technology and the people to propel us to a clean energy future - we need government to pass the legislation that will be the gold standard in achieving this.\n"
    },
    "7377": {
        "url": "/comment/7377",
        "comment": "Why are we listening to Donald Trump of the North?\nJust because the USA is moving backwards on climate change does not mean we have to follow.\nCanada is better than the USA, we are smarter, more compassionate and have more common sense.\nWe should not be letting an unqualified moron drag us back.\nWe have a beautiful country we should be working hard to preserve.\nWhy would we ever willingly increase pollution in our air? This is just stupid.\nDoug Ford is in the pocket of land developers and the oil industry, it is so obvious what he is doing. He is absolutely corrupt and just trying to earn their campaign contributions.\nWe see Trump doing favours for his cronies every day, how are we not recognizing the same situation happening here??\n"
    },
    "7379": {
        "url": "/comment/7379",
        "comment": "I want a real climate change plan to reduce emissions, help people save energy and create jobs in the $26 trillion clean economy.\n    I want Ontario to put a price on pollution, making polluters pay for their emissions and returning the revenues to the pockets of Ontarians so they can lower their carbon footprint.\n    I want legally binding emissions targets in line with our obligations to the Paris Climate Agreement.\n    I want Ontario to be 100% powered by clean energy by 2050\n    I want Ontario to end subsidies and handouts for fossil fuel companies and redirect this money to clean energy solutions.\n"
    },
    "7380": {
        "url": "/comment/7380",
        "comment": "It is essential that Ontario place a price on pollution and return the revenues to the people of Ontario by direct methods and indirect methods such as retrofit programs. Ontario must not take a step backward in ignoring the necessity of a green energy economy by moving backward on the proper pricing of pollution.\nBill 4 is a disservice to the future of the people of Ontario.  Scuttling the established climate plan with no replacement shows to investors that Ontario is not serious about future economic opportunities and will leave all of us in a poor position to mitigate and adapt to climate change.\nThe government must, if repealing the cap and trade system, replace it with a revenue neutral pollution tax that properly prices the future damage it will cause. Not doing so provides a free-ride to polluters and is antithetical to the even competition a healthy economy demands.\nIt must also, if choosing to continue with the ending of green energy retrofit subsidies, end any and all fossil fuel subsidies or tax exemptions in the spirit of free and open competition.\n"
    },
    "7381": {
        "url": "/comment/7381",
        "comment": "I want my government to create a real plan to address climate change.\nI object to dismissing the commitment we have already made before there is another plan in place. To create change and address this issue we need to have incentives and penalties. I don't think it was a good idea to scrap programs that were weeks from completion. This makes you as bad as the Liberals and the gas plant.\nI want a real climate change plan to reduce emissions, help people save energy and create jobs in the $26 trillion clean economy.\nI want Ontario to put a price on pollution, making polluters pay for their emissions and returning the revenues to the pockets of Ontarians so they can lower their carbon footprint. We must all work together to address this critical issue.\nI believe in our commitment to the Paris Climate Agreement and so I want legally binding emissions targets in line with our obligations to the Agreement.Please do not waste my money by lawsuits with the Federal Government\nI want Ontario to be 100% powered by clean energy.We can do it and be can benefit financially\nI want to address these issues now. I do not mind making a commitment through my taxes to address this issue for the benefit of my children and generations to come.\nPlease act now and please act responsibly because you represent me .\n"
    },
    "7382": {
        "url": "/comment/7382",
        "comment": "I want Ontario to end subsidies and handouts for fossil fuel companies and redirect this money to clean energy solutions. I want Ontario to be 100% powered by clean energy by 2050. I want Ontario to put a price on pollution, making polluters pay for their emissions and returning the revenues to the pockets of Ontarians so they can lower their carbon footprint.\n"
    },
    "7383": {
        "url": "/comment/7383",
        "comment": "I want a real climate change plan to reduce emissions, help people save energy and create jobs in the $26 trillion clean economy.\nI want Ontario to put a price on pollution, making polluters pay for their emissions and returning the revenues to the pockets of Ontarians so they can lower their carbon footprint.\nI want legally binding emissions targets in line with our obligations to the Paris Climate Agreement.\nI want Ontario to be 100% powered by clean energy by 2050\nI want Ontario to end subsidies and handouts for fossil fuel companies and redirect this money to clean energy solutions.\nI want Ontario to stop making decisions that are moving the Province backward and be proactive and a leader in promoting positive action.\nDo not forget that a majority of Ontariens did not vote for your agenda.\n"
    },
    "7384": {
        "url": "/comment/7384",
        "comment": "I want a real climate change plan to reduce emissions, help people save energy and create jobs in the $26 trillion clean economy.\nI want Ontario to put a price on pollution, making polluters pay for their emissions and returning the revenues to the pockets of Ontarians so they can lower their carbon footprint.\nI want legally binding emissions targets in line with our obligations to the Paris Climate Agreement.\nI want Ontario to be 100% powered by clean energy by 2050\nI want Ontario to end subsidies and handouts for fossil fuel companies and redirect this money to clean energy solutions.\nI want true affordable housing not just walls and stairs.\n"
    },
    "7385": {
        "url": "/comment/7385",
        "comment": "I want a real climate change plan to reduce emissions, help people save energy and create jobs in the $26 trillion clean economy.\nI want Ontario to put a price on pollution, making polluters pay for their emissions and returning the revenues to the pockets of Ontarians so they can lower their carbon footprint.\nI want legally binding emissions targets in line with our obligations to the Paris Climate Agreement.\nI want Ontario to be 100% powered by clean energy by 2050\nI want Ontario to end subsidies and handouts for fossil fuel companies and redirect this money to clean energy solutions.\n"
    },
    "7386": {
        "url": "/comment/7386",
        "comment": "\u2022\tI want a real climate change plan to reduce emissions, help people save energy and create jobs in the $26 trillion clean economy.\n\u2022\tI want Ontario to put a price on pollution, making polluters pay for their emissions and returning the revenues to the pockets of Ontarians so they can lower their carbon footprint.\n\u2022\tI want legally binding emissions targets in line with our obligations to the Paris Climate Agreement.\n\u2022\tI want Ontario to be 100% powered by clean energy by 2050\nI want Ontario to end subsidies and handouts for fossil fuel companies and redirect this money to clean energy solutions.\n"
    },
    "7387": {
        "url": "/comment/7387",
        "comment": "Dear Mr. Ford,\nAs a voter concerned about the future of this province and our country's commitment to mitigating the devastating effects of climate change on people not only here but around the world, I do not agree with your plans to permanently scrap our policies supporting responsible action on sustainability. In this day and age with what we know I believe we should be building up the green economy as a priority, and putting limits on how much pollution is produced. Polluters need incentives to change and adopt greener technologies and fuels, and the best incentive for businesses is via economic incentives. There is no other way to meet our commitments to the global  accord on climate change. Eliminating what we have now is obstructing that plan.  We need to look out fo future generations now. I support efforts to create a brighter future. I do not agree with the scrapping of the cap and trade system with no plan to replace it.\nTo that end here is what I want to see.\nI want a real climate change plan to reduce emissions, help people save energy and create jobs in the $26 trillion clean economy.\nI want Ontario to put a price on pollution, making polluters pay for their emissions and returning the revenues to the pockets of Ontarians so they can lower their carbon footprint.\nI want legally binding emissions targets in line with our obligations to the Paris Climate Agreement.\nI want Ontario to be 100% powered by clean energy by 2050\nI want Ontario to end subsidies and handouts for fossil fuel companies and redirect this money to clean energy solutions.\nI want leadership with policies that support a sustainable economy and planet.\nThank you,\nJS\n"
    },
    "7389": {
        "url": "/comment/7389",
        "comment": "While I support the Cap and Trade program, Ontario needs to do more.  Cancelling the program seems to be a mistake especially when no clear alternatives are presented.  The government must do more to address the effects of climate change.   There needs to be a price on pollution, making polluters pay for their emissions and returning the revenues to the people so they can lower their carbon footprint and take additional actions.\n"
    },
    "7390": {
        "url": "/comment/7390",
        "comment": "Ontarians are concerned about climate change.  We are already experiencing hotter temperatures, more severe storms, opening of shipping routes through melting Artic ice.  The tornadoes in eastern Ontario and the huge hail in cottage country this past summer are most recent examples.  There is no doubt that climate change is costing us now due to repair of damaged personal property, infrastructure and increased insurance premiums.\nTo hear that our government has dismantled green energy projects made possible by cap and trade is heart breaking.  What was emerging as a promising new green economy in Ontario is collapsing.  Investors are looking for environments committed to ending dependence on fossil fuels and reduction of greenhouse gases.  All of these developments have happened in the vacuum created by a government without a plan to meet our Paris Accord commitments.\nWe demand that you immediately create an environment that invites green investment, rewards green innovation and supports a green energy economy.  Stop the dismantling of green projects.\nHumankind has only two years to make the changes necessary to keep temperature increases from reaching a self perpetuating cycle of escalation.  Climate action is urgent.  Be the government that leads climate action in Canada, not the government that champions resistance and denial.\n"
    },
    "7392": {
        "url": "/comment/7392",
        "comment": "I was proud to be Canadian and Ontarian with the efforts our governments, both national and provincial, had created to lessen climate change and encourage less pollution.  Now I'm embarrassed.\nI want legally binding emissions targets in line with our obligations to the Paris Climate Agreement\nI want positive, effective instruments like the cap and trade to lessen the effects of polluters.\nthank you.\n"
    },
    "7395": {
        "url": "/comment/7395",
        "comment": "I reject Bill 4. I want a real climate change plan to reduce emissions, help people save energy and create jobs in the $26 trillion clean economy. I want Ontario to put a price on pollution, making polluters pay for their emissions and returning the revenues to the pockets of Ontarians so they can lower their carbon footprint. We must have legally binding emissions targets in line with our obligations to the Paris Climate Agreement.\tI want Ontario to end subsidies and handouts for fossil fuel companies and redirect this money to clean energy solutions.\n"
    },
    "7396": {
        "url": "/comment/7396",
        "comment": "I am quite opposed to Bill 4 which will completely reduce Ontario's commitment to take part in positive climate change initiatives.\nAs we hear more and more about the tremendous effects of climate change around the world, including rising sea levels putting pressure on coastal communities, severe weather events around the world and most importantly perhaps the increase in migration of populations due to the impact of unprecedented environmental issues I feel Ontario must step up to the plate and not away from it.\nIt was distressing to hear of the initial cancellation of the GreenON program which allowed average homeowners to upgrade their houses in an effort to reduce energy consumption.\nIt was distressing to hear of the cancellation of alternative energy forms like wind farms.\nIt was distressing to know my government pulled out of the carbon \"tax\" program which sets our province back considerably in the generation of new jobs in a growing field (California is a world leader in this area).\nI want a real climate change plan to reduce emissions, help people save energy and create jobs in the $26 trillion clean economy.\nI want Ontario to put a price on pollution, making polluters pay for their emissions and returning the revenues to the pockets of Ontarians so they can lower their carbon footprint.\nI want legally binding emissions targets in line with our obligations to the Paris Climate Agreement.\nI want Ontario to be 100% powered by clean energy by 2050.\nI want Ontario to end subsidies and handouts for fossil fuel companies and redirect this money to clean energy solutions.\nWe are taking a step backwards if Bill 4 passes.  I am completely opposed to the Ontario governments efforts to negate the effects of climate change.\nThank you.\n"
    },
    "7398": {
        "url": "/comment/7398",
        "comment": "I want a real climate change plan to reduce emissions, help people save energy and create jobs in the $26 trillion clean economy.\nI want Ontario to put a price on pollution, making polluters pay for their emissions and returning the revenues to the pockets of Ontarians so they can lower their carbon footprint.\nI want legally binding emissions targets in line with our obligations to the Paris Climate Agreement.\nI want Ontario to be 100% powered by clean energy by 2050\nI want Ontario to end subsidies and handouts for fossil fuel companies and redirect this money to clean energy solutions.\n"
    }
}