{
    "9029": {
        "url": "/comment/9029",
        "comment": "I hope you will listen to the people of this province and particularly to the experts on the subject  around the world. The climate change is real and we have to act NOW before it's too late. We have to think about the future generations and the impact our inaction will have on them. please use common sense if you do not believe  in science and do the right thing!\n"
    },
    "9030": {
        "url": "/comment/9030",
        "comment": "Please review the following suggestions below:\n-I want a real climate change plan to reduce emissions, help people save energy and create jobs in the $26 trillion clean economy.\n-I want Ontario to put a price on pollution, making polluters pay for their emissions and returning the revenues to the pockets of Ontarians so they can lower their carbon footprint.\n-I want legally binding emissions targets in line with our obligations to the Paris Climate Agreement.\n-I want Ontario to end subsidies and handouts for fossil fuel companies and redirect this money to clean energy solutions.\n"
    },
    "9031": {
        "url": "/comment/9031",
        "comment": "I thoroughly and utterly oppose the cancelation of the Ontario Cap and Trade system. While taxing carbon may have only limited effect, not taxing it and continuing this juvenile political contest in the face of a looming disaster for our children and grandchildren is simply petty, cruel, and criminal. No better alternative has been proposed, and none is being planned, yet implementing a far more aggressive approach must begin immediately, and in any event the existing program must continue regardless. The longer this petty politicking goes on, the steeper the crash our descendants will suffer.\n"
    },
    "9033": {
        "url": "/comment/9033",
        "comment": "Please do not repeal the Cap and Trade program. There is too much at stake to cancel a program in an attempt to distance yourself from the previous government. Climate change should be a non-partisan issue. Reducing emissions should be far more important than party lines or, as I imagine is more important to the current government, party donors.\nScrapping this program is not bold. It's par for the course. Being bold would mean sticking with a plan that will actually work even though it was not your own.\n"
    },
    "9034": {
        "url": "/comment/9034",
        "comment": "I want my children to have a future.\nI want a real climate change plan to reduce emissions, help people save energy and create jobs in the $26 trillion clean economy.\nI want Ontario to put a price on pollution, making polluters pay for their emissions and returning the revenues to the pockets of Ontarians so they can lower their carbon footprint.\nI want legally binding emissions targets in line with our obligations to the Paris Climate Agreement.\nI want Ontario to be 100% powered by clean energy by 2050\nI want Ontario to end subsidies and handouts for fossil fuel companies and redirect this money to clean energy solutions.\n"
    },
    "9035": {
        "url": "/comment/9035",
        "comment": "I want a real climate change plan to reduce emissions, help people save energy and create jobs in the $26 trillion clean economy.\nI want Ontario to put a price on pollution, making polluters pay for their emissions and returning the revenues to the pockets of Ontarians so they can lower their carbon footprint.\nI want legally binding emissions targets in line with our obligations to the Paris Climate Agreement.\nI want Ontario to be 100% powered by renewable energy including water power from Quebec.\nI want Ontario to end subsidies and handouts for fossil fuel companies and redirect this money to clean energy solutions.\n"
    },
    "9036": {
        "url": "/comment/9036",
        "comment": "Bill 4, the repeal of the Climate Change Mitigation and Low-carbon Economy Act, is a step backwards and will exacerbate the consequences of climate change for current and future generations. The evidence is resoundingly clear that reduction of greenhouse gas emissions is necessary to curb climate change, and that failure to act will have catastrophic effects on our planet, its biodiversity, extreme weather events, and our ability to produce food for a growing human population.\nWithdrawing from this sensible and hard-won agreement will inhibit our ability to work with partners around the world to reduce greenhouse gas emissions. It is a short-sighted, morally indefensible act by the Ontario government and signals an abandonment of its responsibilities to the people of Ontario to act on climate change.\n"
    },
    "9039": {
        "url": "/comment/9039",
        "comment": "We are seeing climate change impacts here in Canada now, with documented changes in National Parks across the country [Link 1] These impacts will only worsen if we do not have strong government incentives AND regulations to limit emissions now. The recently released IPCC report [Link 2] indicates how urgent it is that we act. Ontario needs to be a part of the solution, not the problem, and keeping Cap and Trade is a key incentive.  Please do NOT cancel the act.\n"
    },
    "9041": {
        "url": "/comment/9041",
        "comment": "The scientific community around the WORLD have come out in opposition to this! Nobel prizes were just extended to those in the scientific community who proved that Climate Change is affecting us all and IS benefitted by Carbon Taxes or Cap and Trade. Get your heads out of the sand and rejoin the civilized world!!\n"
    },
    "9043": {
        "url": "/comment/9043",
        "comment": "I reject the proposal to end the Cap n Trade Program. The IPCC just released their special report stating that we must take rapid, far-reaching and unprecedented changes in all aspects of society\" to avoid disastrous levels of global warming. Global net emissions of carbon dioxide would need to fall by 45% from 2010 levels by 2030 and reach \"net zero\" around 2050 in order to keep the warming around 1.5 degrees C. Furthermore, many municipalities around the province have opted for an 80 by 50 target. That is, 80% CO2 reductions below 2010 levels by 2050. Ontarians are demanding climate action and this proposal is in direct conflict with their wishes and needs. The Cap n Trade program is much better than a forced federal carbon tax and much less costlier than any other climate proposal. In fact, cap n trade is a conservative approach allowing carbon markets competitively dictate the price of carbon. I am all for amending the way cap n trade is handled and discussed but outright cancellation does not help the people of Ontario to combat climate change. This is a move that will put our and future generations at risk of being unprepared to combat a rapidly changing climate. For these reasons, I cannot accept this bill and reject the cancellation of Cap n Trade in Ontario.\n"
    },
    "9044": {
        "url": "/comment/9044",
        "comment": "Hello,\nThe leading international climate change researches just released a report detailing what it would take to curb warming at 1.5 \u00b0C. The report states it would take a massive effort from everyone, and even if the 1.5-degree can be achieved, the changes already set in motion are going to be devastating.\nTo achieve the goal, the scientific panel categorically states that a price must be put on carbon emissions across the globe. More than 50 carbon pricing initiatives are already implemented or scheduled to come into effect. This is a crucial step in making any significant progress towards slowing down climate change.\nShutting down the Cap and Trade program is backwards, myopic, and deleterious not only to Ontarians, but to all Canadians. By closing this program, we are giving up our position as leaders in climate change and demoralizing efforts of other governments who are trying to impose carbon tax.\nWhile taxing pollution must be done on the government level, there are many individual actions public can participate in. One of the most effective ways to reduce an individual\u2019s greenhouse gas emissions is to drive an electric vehicle. By closing the Cap and Trade program which financed the Ontario EV Incentive program, Ontario government is hurting the adoption of electric vehicles and prevents people from contributing to the struggle with climate change.\nI want Ontario to keep and increase carbon pricing under the Cap and Trade program.\nI want Ontario to continue leading efforts in combating climate change by establishing emissions targets to fulfill and surpass our obligations to the Paris Climate Agreement.\nI want Ontario to institute tax on gas-powered vehicles and to restore incentives on electric vehicles.\nI want Ontario to be 100% powered by clean energy by 2050.\nI want Ontario to set a goal for all new cars to have zero emission by 2030.\nThank you,\n"
    },
    "9048": {
        "url": "/comment/9048",
        "comment": "Please accept the following as my official comments on Bill 4, Cap and Trade Cancellation Act, 2018, posted for consultation as ERO 013-3738. I am writing not only because because we are the first generation facing the consequences of climate change, and we will are the last generation that has any chance of fixing it \u2013 but because a competitive economy and robust plan to combat climate change are not mutually exclusive. Finding efficiencies within government does not have to result in the elimination of critical environmental policies and plans.\nThank you for committing to prepare a climate change plan that establishes targets to reduce greenhouse gas emissions in Ontario as outlined on p.2 of the Cap and Trade Cancellation Act, 2018. My comments relate first to the winding down of the cap and trade program, and second, to areas for consideration for the revised climate change plan.\n1.\tWinding Down Cap and Trade:\nFor the hundreds of organizations that were taking action on climate to reduce our greenhouse gas emissions and contributing to the Ontario economy at the same time - I suggest where these actions were cost-effective and made economical sense, they be given priority for funding in the new climate change plan. Organizations such as Green Economy Canada have a proven method to work with businesses to boost economic productivity and profits while simultaneously reducing greenhouse gas emissions.\nWhat are the business benefits of reducing greenhouse gas emissions?\nThere are a number of key business benefits that come with reducing implementing sustainability and climate change strategies, including:\n-\tFostering innovation by changing business models to take the current and future state of the planet into account. Setting targets to reduce GHG emissions can encourage employees to innovate and transform the way they think about doing business.\n-\tCost savings. In looking for emissions reductions opportunities, businesses can find efficiencies and streamline supply chain logistics. According to the CDP, more than $12.4 billion in cost-savings was reported from emissions reduction projects with their suppliers in 2016. (CDP, 2018)\n-\tIt can improve brand reputation. Setting robust emissions targets can help Ontario businesses enhance their reputation by increasing its visibility as a leader in sustainability. This can help a business earn trust with stakeholders who are increasingly demanding business transparency. This includes shareholders, customers, investors and employees.\n-\tNot doing it can lead to business risk. The Global Risks report released by the World Economic Forum highlights the most pressing risks that we face \u2013 including societal, economic, technological, environmental and sociopolitical. 3 of the top 5 risks in this report were environmental risks, including natural disasters, failure of climate change mitigation and adaptation and extreme weather events. These are complex challenges, and if they are not addressed, it can create disruptions that can lead to systemic, cumulative and cascading effects for business. (World Economic Forum, 2018).\nGiving priority funding to help these businesses reap the benefits of environmental action will not only reduce greenhouse gas emissions for the province, but it will allow these Ontario businesses to remain competitive and boost their bottom line.\n2.\tAreas for Consideration in a Climate Change Plan: Moving forward, any climate change plan must include:\n\u2022\ttargets that are science-based and provide meaningful, sustained greenhouse gas reductions;\n\u2022\tcarbon pricing in some manner; and\n\u2022\tclimate adaptation.\nA recent report by the IPCC stated concerns that post alarming risks for ecosystems around the world and the businesses that depend on these ecosystems to succeed. However, it outlines a number of steps forward to keep levels of warming to 1.5 degrees C (summary article at source (8), and summary source (9)).\nTargets that are based on scientific fact and involve our most carbon-intensive industries are required to provide meaningful and long-term change for Ontarians. There is limited effectiveness of targets that are unattainable - they must be challenging enough to drive change but be also reachable.\nIn addition to targets, carbon pricing is the most practical and cost-effective way to lower greenhouse gas emissions while encouraging low-carbon innovation (EcoFiscal Commission, 2018). Cap and trade is highly effective, with practically no impact on the economy (EcoFiscal Commission, 2018). Even if you do not support cap and trade, there are other carbon pricing mechanisms that should be considered.\nFinally, any climate change plan must include climate adaptation efforts to prepare us for the impacts. We are seeing the rise of more extreme weather events here in Ontario, whether the 39 wildfires in northern Ontario that decimated tourism and cottages (The Spec, 2018); the recent flooding in Toronto that caused over $80 million in damages (Business Insider, 2018), or the heatwaves that caused emergency room visits to spike by seven times the average in our province (CP24, 2018). If no action is taken, this will threaten future generations\u2019 ability to enjoy a safe climate.\nThese extreme weather impacts will only worsen for future generations in the years to come if we do not act on climate change now. Taking no or limited action threatens our very prosperity. As an Ontario citizen where climate change has an impact on my life, and influences the decisions I make today such as where I choose to work and whether or not I have children, I need to know my government has a plan that will protect my health and my future. The government must implement a plan as soon as possible that achieves, at minimum, the same results that the Cap and Trade program did. Indeed, you have the power to do even better than the Cap and Trade program, demonstrating that Ontario cares about business and the well-being of its citizens.\nLinks:\n1)\thttps://greeneconomy.ca/\n2)\thttps://ecofiscal.ca/carbon-pricing/fast-facts/\n3)\thttps://ecofiscal.ca/carbon-pricing/\n4)\thttps://www.cdp.net/en/research/global-reports/global-supply-chain-repo\u2026\n5)\thttps://www.weforum.org/reports/the-global-risks-report-2018\n6)\thttps://www.thespec.com/news-story/8768707-twelve-of-39-northeast-ontar\u2026\n7)\thttps://markets.businessinsider.com/news/stocks/toronto-flood-causes-ov\u2026\n8)\thttps://www.cp24.com/news/heat-wave-may-be-responsible-for-3-deaths-in-\u2026\n9)\thttp://report.ipcc.ch/sr15/pdf/sr15_spm_final.pdf\n"
    },
    "9049": {
        "url": "/comment/9049",
        "comment": "Governments need to use economic incentives to protect the environment for our children and their children.\nEverything that polluted or is not biodegradable should be taxed according to the negative impact it will have on future generations.\nIt is unspeakably awful that Premier Ford\u2019s, uneducated opinion that climate change is not real should become Ontario\u2019s official policy without debate, public consultations, and advice from experts.\n"
    },
    "9051": {
        "url": "/comment/9051",
        "comment": "Canada was one of 195 countries that had agreed to the Paris Agreement\u2019s commitment to limit global warming to 1.5 degrees. With this plan in mind, the Wynn government had drafted the Cap and Trade Program to not on limit carbon emissions but to award businesses for their part in saving the planet.\nDoes the Ford government not WANT to save the planet? Do they not LIVE on the same planet?\nThe Cap and Trade Program is based on extensive scientific research that only taxes 20$ per tone starting next January and 50$ in 2022. Not only will this encourage corporations to devise business plans that are better for the environment, but the money raised from these taxes will go towards school refurbishment and home energy rebates WHICH WOULD BENEFIT THE CITIZENS OF ONTARIO.\nSince 2016, the program helped raid $2.87 billion in revenue for the province by selling credits to the company. The Ford government claims that they only have to pay $5 million dollars in reimbursement to these corporations but the actual number is $500 million. This money will be coming OUT OF YOUR POCKETS for an avoidable debt. This also opens up the government to lawsuits, which will also come from tax money, and I do not want the money utilized that way.\n"
    }
}