{
    "9210": {
        "url": "/comment/9210",
        "comment": "Please do not repeal the Climate Change Mitigation and Low-carbon Economy Act, 2016 and eliminate the carbon tax program without a plan ready to implement in it's place.\nWe MUST drastically reduce our carbon emissions and putting a price on these emissions is the most effective way to do this. Perhaps there is a more effective way to do this than the current carbon tax program, but lets figure that out before eliminating what we already have. Given what is at risk, something is better than nothing!\n"
    },
    "9211": {
        "url": "/comment/9211",
        "comment": "Economics works in such a way that people respond to incentives. Putting a price on pollution is the only way to ensure that people don't pollute more than they should without paying the cost of it. There is really no controversy among economists on this point. Why would citizens pay instead of the firms that cause pollution? My wife and I pay taxes and pay our share, why shouldn't polluters do the same?\nLegally there is a principle, recognised by Canada's polluter pays principle whereby users and producers of pollutants and wastes should bear the responsibility for their actions. Companies or people that pollute should pay the costs they impose on society.\nPlease keep Ontario's Cap and Trade system, it is really not a partisan issue, it's about a planet our children and grandchildren will live in.\nKind regards.\n"
    },
    "9212": {
        "url": "/comment/9212",
        "comment": "Hello,\nPlease accept the following as my official comments on Bill 4, Cap and Trade Cancellation Act, 2018, posted for consultation as ERO 013-3738. I am writing because climate change has happened, is happening, and will continue to happen, and we need to act now.\nThank you for committing to prepare a climate change plan that establishes targets to reduce greenhouse gas emissions in Ontario as outlined on p.2 of the Cap and Trade Cancellation Act, 2018. My comments relate first to the winding down of the cap and trade program, and second, to areas for consideration for the climate change plan.\n1. Winding Down Cap and Trade: For the hundreds of organizations that were taking action on climate to reduce our greenhouse gas emissions and contributing to the Ontario economy at the same time - I suggest where these actions were cost-effective and made economical sense, they be given priority for funding in the new climate change plan. Organizations such as Green Economy Canada have a proven method to work with businesses to boost economic productivity and profits while simultaneously reducing greenhouse gas emissions.\n2. Areas for Consideration in a Climate Change Plan: Moving forward, any climate change plan must include:\n- targets that provide meaningful, sustained greenhouse gas reductions;\n- carbon pricing in some manner; and\n- climate adaptation.\nTargets that are based on scientific fact and involve our most carbon-intensive industries are required to provide meaningful change. There is limited effectiveness of targets that are unattainable - they must be challenging enough to drive change but be also reachable.\nIn addition to targets, carbon pricing is the most practical and cost-effective way to lower greenhouse gas emissions while encouraging low-carbon innovation (EcoFiscal Commission, 2018). Cap and trade is highly effective, with practically no impact on the economy (EcoFiscal Commission, 2018). Even if you do not support cap and trade, there are other carbon pricing mechanisms that should be considered.\nFinally, any climate change plan must include climate adaptation efforts to prepare us for the impacts. We are seeing the rise of more extreme weather events here in Ontario, whether the 39 wildfires in northern Ontario that decimated tourism and cottages (The Spec, 2018); the recent flooding in Toronto that caused over $80 million in damages (Business Insider, 2018), or the heatwaves that caused emergency room visits to spike by seven times the average in our province (CP24, 2018).\nThese extreme weather impacts will only worsen in the years to come if we do not act on climate change now. Taking no or limited action threatens our very prosperity. As an Ontario citizen where climate change has an impact on my life, and influences the decisions I make today such as where I choose to work and whether or not I have children, I need to know my government has a plan that will protect my health and my future. The government must implement a plan as soon as possible that achieves, at minimum, the same results that the Cap and Trade program did. Indeed, you have the power to do even better than the Cap and Trade program, demonstrating that Ontario cares about business and the wellbeing of its citizens.\nThank you.\n"
    },
    "9213": {
        "url": "/comment/9213",
        "comment": "This is a completely irresponsible and harmful move by the government that will not help working people OR the environment. The economic arguments in favour of this move are misleading and short-sighted, and the environmental and long-term economic costs of this kind of recklessness will be far far greater. SHAME ON THIS GOVERNMENT.\n"
    },
    "9214": {
        "url": "/comment/9214",
        "comment": "Greenhouse gas emissions are ruining the world we live in and everyone who inhabits this planet has a responsibility to do their part to help fix it.\nWe, the people individually, are for the most part consumers drawn to products that are convenient and cost effective. As consumers collectively, by choosing to buy some items and ignoring others, we have a tremendous influence over a product's success and failure. This influence can be used to drive the development and production towards products that are more environmentally sustaining and drive industry to not only remain relevant but actually prosper in a modern and very fast changing world.\nAdding a carbon tax to CO2 producing products will raise the prices of such polluting products, which means that consumers will buy less of them and buy more products that are not affected by the carbon tax; in other words, we will buy products that are less polluting and thereby cheaper. This consumer driven behavior will in turn drive companies to develop and produce more environmentally friendly products and less CO2 producing products, which makes those companies more viable in the process. This should be every environmentally concerned and economically driven person's goal and therefore hopefully is also the goal of the Ontario Government.\nClimate change affects us all and consumers must be allowed to play their part in contributing to reduce greenhouse gas emissions. Our consumer habits in Ontario and Canada must evolve towards greater environmental sustainability and it must happen quickly.\nI ask the Ontario Government to reconsider its decision and embrace some form of Carbon Tax as a tool to reduce Canada's greenhouse gas emissions while at the same time driving Ontario companies towards economic prosperity and lasting relevance by developing products with a future.\n"
    },
    "9215": {
        "url": "/comment/9215",
        "comment": "I cannot believe that in the wake of the most current IPCC report our irresponsible backward thinking government is even considering going through with this. I am outraged by this Act and believe every person complicit in its creation and passing is committing nothing short of a crime to this and future generations.\nAs a working, middle class, tax paying  mother it is my firm belief that we need to band together as a province and a nation to radically transition off fossil fuels. This legislation is incredibly irresponsible and I will join whatever ranks necessary to fight this governments backward agenda. You should be ashamed.\n"
    },
    "9216": {
        "url": "/comment/9216",
        "comment": "How can I explain this to my teenage children?  My children are being taught about climate change in school.  They know humanity has less than 10 years left to get its act together, and the consequences of not doing so will affect everyone on the planet in their lifetimes.  When it gets too hot, we won't be able to grow grains at scale.  It's that simple; talk to a farmer.  They know about the IPCC report and how carbon taxation is deemed to be essential.  They know about Nobel Prize winners William Nordhaus and Paul Romer who won the award for their work on the importance of carbon taxation in mitigating climate change.\nI now am being put in the position of telling my children that our province is backing out of carbon taxation (cap and trade).  How are they to be proud Ontarians knowing that their provincial government is buying cheap votes by selling their future.  You will never regret doing the right thing, but we will all regret your power grabbing short-sightedness if this bill is allowed to pass.\n"
    },
    "9217": {
        "url": "/comment/9217",
        "comment": "The recent IPCC report and numerous other sources of research show how urgent climate change is. Vulnerable countries are already experiencing droughts, heat waves, extreme weather, and conditions that exacerbate existing inequalities. It is essential that Ontario and Canada lead the way in promoting climate mitigation and carbon emissions reduction. This is not a partisan issue.\nAs a new parent to a young child through adoption, a path chosen largely for environmental reasons, I am terrified at the thought of this heavy load of social and environmental insecurity being added to her already heavy baggage. A fair and well-planned and rapid transition to a low carbon economy is essential. I urge you to ensure that there is a high and rising price on carbon in Ontario, whether through maintaining/modifying the current cap and trade system, or through replacing it with a revenue neutral or near neutral carbon fee and dividend system.\n"
    },
    "9218": {
        "url": "/comment/9218",
        "comment": "I want a real climate change plan to reduce emissions, help people save energy and create jobs in the $26 trillion clean economy.\nI want Ontario to put a price on pollution, making polluters pay for their emissions and returning the revenues to the pockets of Ontarians so they can lower their carbon footprint.\nI want legally binding emissions targets in line with our obligations to the Paris Climate Agreement.\nI want Ontario to be 100% powered by clean energy by 2050.\nI want Ontario to end subsidies and handouts for fossil fuel companies and redirect this money to clean energy solutions.\n"
    },
    "9219": {
        "url": "/comment/9219",
        "comment": "Let's think about the future of humanity and not only immediate or medium-term economic gains. The world is warming quicker than expected and all governments need to act now, while the window of opportunity to keep climate change at 1.5 degrees remains open, but not for long. Polluters either need to stop polluting, or pay a price. Price for carbon is what many governments are doing. Heavy reglation may work also, but it needs to be enforsed. We need to allow the human kind a chance at survival, without major damage. Please stop polluters as soon as possible. Thank you.\n"
    },
    "9220": {
        "url": "/comment/9220",
        "comment": "Scrapping the cap-and-trade program without having a clear and ambitious climate change plan ready to take its place is simply not responsible. If you have problems with the current program, the solution is not to rewind years of work and start over. We simply don't have any time to waste on this issue. The cap-and-trade program provides both incentives to lower emissions and funding for other green energy programs, both of which are vital if we are to meet important emission reduction targets. Is it a perfect program? Of course not. But let's continue to make improvements to our climate change plans and policies rather than moving backwards. Current and future generations are counting on you to not sign their futures away. Lives are at stake. Please do the right thing.\n"
    },
    "9225": {
        "url": "/comment/9225",
        "comment": "A basic tenet of management is that effective decisions can really only be made based upon the consideration and evaluation of available alternatives.  This is true in life generally, in business, in politics and in governance.\nThe proposed legislation would cancel the existing program before any alternatives could be defined and evaluated, violating this basic management tenet.\nThis proposal is inextricably linked to the Government of Ontario's stated aversion to any form of carbon tax.  It is more than interesting that the 2018 Nobel Prize in Economics was just awarded to two economists for work which is strongly tied to climate change and which suggests that the the taxation of carbon is a very effective way to help mitigate climate change.\nThe Government of Ontario may possibly be correct in its assertion that there is a better approach to mitigating the effects of climate change than the current Cap and Trade system (although given the arguments of these Nobel Prize winners, this seems unlikely) but without any alternatives being described and evaluated, it is unwise managerially to terminate the existing program.  Indeed, management consultants would probably describe a proposal for the termination of such a major program without a properly conducted evaluation of alternatives to be prima facia evidence of managerial incompetence at best and, at worst, to be a gross misrepresentation of the situation to the Legislature.\nCertainly, the Legislature is not bound to act in a managerially sound fashion.  Nor is it bound to not support proposals which are not managerially sound.  But it may not be prudent for a Government, so early in its mandate, to present such a clear example of its preparedness to both violate managerial norms and considered expert opinion on long term consequences for what might well be assumed to be short term partisan advantage.\n"
    },
    "9226": {
        "url": "/comment/9226",
        "comment": "This week a landmark report from the United Nations scientific panel on climate change concluded that the consequences of global warming - categorically linked to carbon emissions caused by human activity - are even more dire than originally imagined, and there is a strong risk of crisis as early as 2040.\nAlready today, global warming is resulting in more extreme weather events, including those that have cost Canadians billions of dollars such as the 2013 floods in Calgary and the 2016 forest fires in Fort McMurray. Indeed across the country, more intense forest fires, inland floods, loss of ecological biodiversity, coastal storm surges and crop failures are already occurring.\nThe singular accepted path towards staving off the entire collapse of human habitat is the sharp reduction of carbon emissions and the most widely-accepted tool towards achieving that goal is through putting a price on carbon. In fact US economists Nordhaus and Romer just this week won the Nobel Memorial Prize in Economics for their research that concludes that putting a price on carbon can be a powerful force for curbing emissions.\nLest this be perceived as a partisan issue, the NY Times this week also highlighted the efforts of prominent US Republican James A. Baker III and his group 'Americans for Carbon Dividends' to advocate for a tax on carbon emissions with the revenue returned to Americans via refunds.\nCanadians are already paying for climate change, but right now we're simply throwing good money after bad to fix, post-hoc, catastrophic impacts that are unlikely to slow down. If we do not curb carbon emissions, we literally will not have a future. I urge the government to abandon its proposal to cancel the cap and trade program.\nCap and Trade is not a Liberal issue. It is good environment and fiscal policy and can be implemented in a revenue neutral way.\nWithout radical change that begins with political leadership for all Canadians - not partisan populism - humanity's very existence is at risk.\nCancelling the Cap and Trade program saves nobody any money. In fact, it costs and will continue to cost Canadians ever more dearly as the effects of climate change mount and the demands to mitigate and adapt get every more expensive.\n"
    },
    "9228": {
        "url": "/comment/9228",
        "comment": "Cap and Trade is an essential policy to curbing the CO2 emissions in the atmosphere. These taxes can have many benefits, and a lesson can be learned from BC, where this Carbon Tax money is given back to the people by reducing taxes in other areas.\nWilliam Nordhouse, the recent Nobel Prize winner in economics, has stated that a carbon tax is an effective way to curb CO2 emissions.\nThe removal of the Cap and Trade act is against what Canada has committed to do in the Paris Accord, as it will make it much more difficult Canada fulfill their part it preventing the world from warming more than 2 degrees C. Removal of the Cap and Trade program contradicts our contribution to the Green Climate Fund.\nMy generation, generation Z, is going to be greatly effected by the action that is or is not taken today. But many of us have already turned 18, and have a stronger voice than ever. Universities and colleges are offering more environmental programs every year, we will be more educated on this issue than any other generation in the past.\nTo not take action is still an action performed, it is one that is directly against people like me. It is to say that we do not deserve the future that older individuals have already experienced. We do not deserve to breath clean air, drink clean water, or live with the minimal fear of natural disasters that usually accompany living in the beautiful province of Ontario.\nAll in all, I think it is a very bad idea to scrap the Cap and Trade program, and I strongly urge Doug Ford to rethink his position on this.\n"
    },
    "9229": {
        "url": "/comment/9229",
        "comment": "I'm worried that cancelling the cap and trade policy, will irreparably harm the environment that my children will be forced to endure. I'm tired of reckless actions by baby-boomers that are mortgaging the future for short-term greed. I also don't want to pay for the inevitable lawsuits from cancelling cap and trade.\n"
    },
    "9230": {
        "url": "/comment/9230",
        "comment": "The cap and trade program is a good and effective one that I believe is important to continue. Cancelling would be a mistake and a large step backwards. We need to hold polluters accountable, reward those who mitigate environmental damage, and move forward on green energy jobs to grow our economy. Cap and trade does all these things very well. Please carefully consider the long term when making your decision and think about the future environment you are creating for our grandchildren. We have a moral responsibility to take the best care possible of our world.\n"
    },
    "9231": {
        "url": "/comment/9231",
        "comment": "I do not agree with the action you are taking. I want a real climate change plan to reduce emissions, help people save energy, and create clean energy jobs. I want Ontario to make polluters pay for their emissions and returning the revenues to the pockets of Ontarians so they can lower their carbon footprint. I also think we should have legally binding emissions targets in line with our obligations to the Paris Climate Agreement. Thank you.\n"
    }
}