{
    "6103": {
        "url": "/comment/6103",
        "comment": "Please do not repeal the Climate Change and Low-Carbon Economy Act! The renewable energy sector and green initiatives are truly starting to take off in part because of the economic incentive of carbon tax like the cap and trade program. I truly believe we do not inherit this land from our ancestors but we borrow it from our children and grandchildren. Repealing this act and continuing to use fossil fuels are putting our children and grandchildren in danger. Air pollution is a growing problem along with environmental health and human health concerns. When I am old, I want to be able to enjoy nature and I want my children to be able to breathe clean air and see clear blue skies. If we continue to use fossil fuels, I will not be able to do that in 50 years.\nGlobally, this act and the cap and trade program are extremely important to helping Canada meet our Paris Climate Agreement goals. If we are able to meet our goals we will improve our international reputation and enhance relationships with other environmental leaderships. It also will inspire others to make the same changes for the benefit of the greater good.\nFrom a longer term perspective, scientists have generally agreed that continuing to emit greenhouse gases that enhance the positive radiative forcing in the atmosphere will lead to a 2 degree Celsius increase in temperature. Scientists have also agreed that if this were to occur, there would be catastrophic damage (ocean currents could change!). Humans are altering this planet's systems so much, we are going to change it to an extent where we can no longer survive if we continue on this path of consumerism and short-term/individual gain. Repealing this act is the first step down of many that will bring our province back in time when people had the excuse of not knowing any better and/or not having another option. We now have the knowledge, materials, resources and people to make great changes and grow our economy sustainably! We just need the policy as support and as a reminder to us to stay on the path that plans for the long-term and thinks of the collective needs of us all-not individuals. We no longer have the excuse of ignorance. Please do the right thing for me, for you, for your children and for us all.\n"
    },
    "6104": {
        "url": "/comment/6104",
        "comment": "I am very angry to see the new Ontario government backing away from cap and trade which was surely the mildest action possible anyway, in light of the climate catastrophes we are facing. Nobody in Ontario would have to starve or go without medical care to accomplish this. The current economy is not what matters. What matters is the coming millennium during which our own descendants will be paying for our fossil fuel extravagances. I was not happy with some actions (and inactions) of the Liberal party but by God, they DID something to acknowledge and deal with climate change. From the gas plant \"scandal\" to the end of subsidies for wind farms and electric cars, your party has done nothing but resist and try to shame the very decent efforts that the previous government made to act like adults about the issue. For that I was relieved and grateful. If I have to get old and die thinking about the disaster we are leaving the great-grand kids then I can't even look forward to a peaceful death. The stand that the PC party has taken on climate change leaves me wondering who among you are investors in the fossil fuel industry. Only the very self interested could act so selfishly in the face of looming global disaster. sincerely, Maria Kasstan\n"
    },
    "6107": {
        "url": "/comment/6107",
        "comment": "Cancelling the cap and trade plan is outright the worst thing for our economy, planet and for individuals. I am absolutely against the current provincial government's actions to cancel existing (and income-generating) plans that are purposed to also help the planet.\nThis has to stop right now. Put the cap and trade, and all associated plans back on.\n"
    },
    "6108": {
        "url": "/comment/6108",
        "comment": "I am very unimpressed with this government's decision. Going into the election I knew Ford to be a populist, and as a populist that Ford would reject any progressive ideas and ignore 'facts' and other inconveniences. Does Ford accept that climate change is real? Does he 'believe' in science? The Liberals carbon pricing was already too low to be effective, and now Ford scraps even that. What exactly is his plan? Why scrap it before implementing a new plan?\nI sure would like an electric car but I am not very wealthy... might have been able to with a rebate though.\n"
    },
    "6109": {
        "url": "/comment/6109",
        "comment": "It is irresponsible for the government to ignore the very real effects of climate change by scrapping this act. As a Torontonian I feel the effects of climate change and carbon emissions every day through extreme weather, smog and pollution. The Ontario government should be working towards being a climate change leader, while improving the lives, health and wellness of its citizens and the planet as opposed to pandering to populist sentiment.\nKeep Cap and Trade, and go even further. We need to invest in renewable, clean energy and get away from carbon emoting unsustainable resources. The time is now to work to reverse climate change - the world depends upon it.\nWe can do better.\n"
    },
    "6110": {
        "url": "/comment/6110",
        "comment": "The current cap and trade system was developed after extensive research, consultation, bridge building, and thought. To cancel the system, at a time when global heating threatens our very existence on this planet, is short-sighted and reckless. Cap and trade is working to reduce green house gas emissions. Ontario needs a solid plan to reduce emissions- and we have one- cap and trade. Please maintain the cap and trade system. Otherwise, an alternative is a carbon tax... a hard sell to  many in Ontario who don't understand the dire circumstances in which we find ourselves today.\nDO NOT CANCEL CAP AND TRADE.\n"
    },
    "6111": {
        "url": "/comment/6111",
        "comment": "I strongly disagree with Premier Ford cancelling the cap and trade program.  I wonder if he understands how it works since he refers to it as a carbon tax. Worse still is the fact that he and his conservative ministers have come up with no plan to replace the program. As a province we have gone backwards instead of forwards on environmental issues, all in the name of lowering taxes.\n"
    },
    "6113": {
        "url": "/comment/6113",
        "comment": "What I hear often is that a carbon price is both too expensive for people to afford and also too inexpensive to change behaviour. Logically, these can't both be true. Therefore it may be too expensive, in which case I am pleased because it changes behaviour dramatically, or it is not expensive enough, in which case I am pleased because people who do not change their behaviour are paying some of my taxes for me. In either case I am pleased with a carbon tax and will vote accordingly.\n"
    },
    "6114": {
        "url": "/comment/6114",
        "comment": "This is a very irresponsible bill proposed by the Ford government. At this point in time we should be ramping up our efforts to fight climate change, not getting rid of them. This is a reality that needs to be faced head on. We can not just ignore the problem and pretend that it will go away. Make the right decision Mr. Ford, us Ontarians want to help protect future generations by making responsible and sustainable decisions now. We do not want to be remembered as the generation that ruined everything, but as the generation that did their best to change our path.\n"
    },
    "6115": {
        "url": "/comment/6115",
        "comment": "Repealing the Cap and Trade program is, to put it bluntly, a ridiculous decision. This is only delaying a problem we ALL have to face. Making polluting companies pay for their emissions, while in return offering credits like the EV credit and the window rebates to regular citizens is a win/win approach - we get to curb emissions AND we get to make our infrastructure cleaner, better and reduce costs for the population that wants to do their part.\nCancelling this program is a short-sighted approach that will only cost future generations, like my children. Please consider keeping the cap and trade program and restoring Ontario's status as a leading province.\n"
    },
    "6116": {
        "url": "/comment/6116",
        "comment": "We just had TWO tornadoes in the Ottawa area, with golf ball sized hail, and there have been forest fires & flooding across the country.\nMany of the businesses in this province have realized that climate change is a serious environmental threat and are beginning to take steps to help their organizations prepare. Those which haven\u2019t, have argued convincingly that the competitive field needs to be levelled by green incentives (cap/trade, or other)  and/or carbon taxes. Relatedly, our Cleantech sector in Ontario consists of many talented organizations, but they are taking their businesses overseas (and leaving Canadian businesses in the dust in the global green economy) because there has not been enough demand domestically.\nThe Premier of our province, who is supposed to be a common sense forward-looking business man, is not supporting business innovation when he is removing the current carbon program  without a suitable alternative to install in its place. Does he want us to remain a nation reliant mainly on natural resource exports and a province reliant on supplying parts to the US auto industry?\nCome on! Where are the Progressive Conservatives with some foresight for the broader Canadian economy? People: On a sinking planet we will be flooded with climate change refugees, and the world our children will inhabit will be extremely volatile environmentally.\nIf you see flaws in the current program, fine, but don\u2019t eliminate it until you have a more sensible plan in place.\n"
    },
    "6119": {
        "url": "/comment/6119",
        "comment": "As a young father and someone who cares about the environment that my family and friends live in, I am ashamed that this  \"government for the people\" is willing to take this action.\n60% of Ontario did not vote for this option or for this government, and we all enjoy our smog free days now. With this plan to repel the cap and trade program, you are setting us back and taking us down a road that will ensure further harm and damage to our environment.\nThere is a strong business case argument for speeding up our investments in clean energy and renewable resources, yet this government seems to be ideologically bent to some form of climate change denial. If you are not, then looking at evidence and science-based policy considerations would highlight the errors of your ways.\nYou are making a bad business decision and even worst decision for the health and well-being of the people of Ontario.\nWill this \"government for the people\" actually do something for the people and protect our land, air and water and not recklessly destroy what advancements we have made on that front? Will you wait to be sued by another entity (this time Quebec and California) for pulling out of the Cap and Trade Program? or will you realize this is a bad decision that will cause the province more damage?\nSincerely\nDisappointed Ontarian\n"
    },
    "6120": {
        "url": "/comment/6120",
        "comment": "Cancelling Cap and Trade and opposing any future carbon pricing alternative is bad policy and will simply transfer more costs directly to taxpayers to achieve any meaningful carbon reductions. This is an example of policies made by people for their own personal interests rather than the public interest.\n"
    },
    "6121": {
        "url": "/comment/6121",
        "comment": "Where is that reduction in energy prices that was supposed to come from the elimination of Cap & Trade. I didn't see any of my energy costs go down - anybody see a reduction in gasoline prices? - NO. This just moved more money into the hands of the carbon polluters who will use it to produce more fossil fuels to produce more carbon pollution. Climate change will continue to get worse, head-in-the-sand conservatives will continue to deny it, and the public will end up paying more through their taxes to clean it up.\n"
    },
    "6123": {
        "url": "/comment/6123",
        "comment": "I am so very disgusted with the Ford governments plan to scrap the Cap & Trade plan.  Why are we going backwards?  Why are we not protecting what we have and reducing further pollution?  Where is the forward thinking in this?  WAKE UP PEOPLE.  We have destroyed so much in our short time here on earth and NOW is the time to rethink, reduce and replan!\n"
    }
}