{
    "7707": {
        "url": "/comment/7707",
        "comment": "I am totally appalled that the Conservative Government of Ontario is proposing to withdraw from the Cap and Trade program adopted for Ontario. The billion dollars that have been collected in the fund so far to invest in renewable projects must not be directed to other non climate action programs. This includes winding down of the program!\nOntario has been a leader in reducing its carbon footprint and I am ashamed that the new Ontario government has reneged on its responsibility to do what was committed to and what is right for the environment.\nFurthermore, there has been no plan announced to tackle this most pressing issue of our time. The short sightedness of the government is remarkable. How can it not see that the amount of money that will be spent to clean up after climate disasters will far outweigh what is required to make polluters pay and try and mitigate disastrous climate change.\nI want the Ontario Government to take responsibility for a plan that will put us on track to meet our Paris Climate commitment.\nI want the Ontario Government to invest in the growing clean energy sector which has the opportunity to create jobs in a multi trillion $ economy.\nI want the Ontario Government to establish a target with legally binding commitments, to be powered by 100% clean energy by 2050.\nI want the Ontario Government to show leadership in this issue instead of dragging us back decades to a time of reckless and unaccountable behaviour.\n"
    },
    "7708": {
        "url": "/comment/7708",
        "comment": "I want to see Ontario move toward clean, renewable energy and I want to see the government pursue the business opportunities available in the green economy. We have no right to burden future generations with reckless, short-term policies and we must put the solid evidence of the scientific community ahead of ideologues and moneyed interests.\nThank you,\n -AH\n"
    },
    "7709": {
        "url": "/comment/7709",
        "comment": "I agree with the points below, especially the ability to create new jobs in the clean energy field. It can make us a world leader if we do it right and do it now! If we do nothing, pollution will cause illness and possible death for us and our children, and our children's children!\n- I want a real climate change plan to reduce emissions, help people save energy and create jobs in the $26 trillion clean economy.\n- I want Ontario to put a price on pollution, making polluters pay for their emissions and returning the revenues to the pockets of Ontarians so they can lower their carbon footprint.\n- I want legally binding emissions targets in line with our obligations to the Paris Climate Agreement.\n- I want Ontario to be 100% powered by clean energy by 2050\n- I want Ontario to end subsidies and handouts for fossil fuel companies and redirect this money to clean energy solutions.\n"
    },
    "7712": {
        "url": "/comment/7712",
        "comment": "All across our planet intelligent people are painstakingly putting together, executing, a plan to reverse damage caused by humans to the environment.  It is unconscionable that one selfish, unintelligent man, together with his cohorts are planning to be the bulls in the environmental china shop.\nStop the madness!\n"
    },
    "7713": {
        "url": "/comment/7713",
        "comment": "I want a real climate change plan to reduce emissions, help people save energy and create jobs in the $26 trillion clean economy.\nI want Ontario to put a price on pollution, making polluters pay for their emissions and returning the revenues to the pockets of Ontarians so they can lower their carbon footprint.\nI want legally binding emissions targets in line with our obligations to the Paris Climate Agreement.\nI want Ontario to be 100% powered by clean energy by 2050\nI want Ontario to end subsidies and handouts for fossil fuel companies and redirect this money to clean energy solutions.\n"
    },
    "7715": {
        "url": "/comment/7715",
        "comment": "I do not support cancelling of Cap and trade.  Environmental protection is important and there is nothing else to replace this when we will be federally mandated to have something like this in place.\nDo not waste tax payers dollars by cancelling Cap and trade, and fighting the federal government only too have more money spent when we will be forced to replace it.  The environment is important to protect.  Please stop this bill and protect it.\n"
    },
    "7716": {
        "url": "/comment/7716",
        "comment": "I want a real climate change plan to reduce emissions, help people save energy and create jobs in the $26 trillion clean economy.\nI want Ontario to put a price on pollution, making polluters pay for their emissions and returning the revenues to the pockets of Ontarians so they can lower their carbon footprint.\nI want legally binding emissions targets in line with our obligations to the Paris Climate Agreement.\nI want Ontario to be 100% powered by clean energy by 2050\nI want Ontario to end subsidies and handouts for fossil fuel companies and redirect this money to clean energy solutions.\nI want the government to not only keep the current cap and trade program to keep industries accountable for their greenhouse gas emissions, but I also want the government to implement stricter greenhouse gas emission reduction programs and climate change mitigation programs and climate change adaptation programs to protect not only the environment but the future of our climate not only for Ontario but the world.\n"
    },
    "7718": {
        "url": "/comment/7718",
        "comment": "I want a real climate change plan to reduce emissions, help people save energy and create jobs in the $26 trillion clean economy.\nI want Ontario to put a price on pollution, making polluters pay for their emissions and returning the revenues to the pockets of Ontarians so they can lower their carbon footprint.\nI want legally binding emissions targets in line with our obligations to the Paris Climate Agreement.\nI want Ontario to be 100% powered by clean energy by 2050\nI want Ontario to end subsidies and handouts for fossil fuel companies and redirect this money to clean energy solutions.\n"
    },
    "7719": {
        "url": "/comment/7719",
        "comment": "Climate change is a real problem, and one that isn't currently being addressed enough by our government.  It is a long term problem, and to work towards solving it, we need to start making plans and implementing solutions now.\nWhile the \"Climate Change Mitigation and Low Carbon Economy Act\" is by no means perfect, it is at the very least, an attempt to work towards a solution of the problem, especially with the important requirement for the minister to prepare a plan going forward.\nRepealing this act is a major step backwards in that regard, and unfeasible without a real plan for what must replace it.\nShort term thinking about budget and taxes cannot be allowed to ruin our children's futures.\n"
    },
    "7720": {
        "url": "/comment/7720",
        "comment": "Cancelling the cap and trade system is not only a mistake but a step backwards in the fight to save our planet. This system fined the polluters and gave the money collected back to the people of Ontario through Green rebates. That is a win-win situation for the people of Ontario. Why one would cancel it makes no sense. Companies had just begun to take climate change caused by humans seriously through innovation of new green energy. Jobs were created in this new sector.\nThe people of Ontario deserve and demand clean air, water and soil. Many dollars are saved when pollution related health issues are no longer a problem.\nThe Ontario Government keeps saying it\u2019s for the people. Then act like you are!\n"
    },
    "7723": {
        "url": "/comment/7723",
        "comment": "There is a price for pollution.  This attempt to push us backwards in our quest to circumvent climate change with our carbon tax program is ridiculous!  This is something that has to be addressed now, not repealed. Our future generations deserve better from us, and our Premier should get with the plan ,rather than behave like a greedy businessman with too much power. He\u2019s off his rocker if he thinks he can recind the carbon tax and this will be acceptable to a world already reaping the  dramatic results of climate change!\n"
    },
    "7724": {
        "url": "/comment/7724",
        "comment": "Submission\nI support the cancellation of the Provincial Cap and Trade legislation with the following provisos.\n1. Ontario drop it's legal action against the federal Carbon pricing backstop.\n2. Ontario advocates that all Carbon fee revenues generated by the federal backstop program in Ontario is returned to Ontario residents in the form of equal monthly dividend cheques to individuals (i.e. fee and dividend).\n3. All outstanding permits issued under the Cap and Trade program be honoured as credits in the federal backstop program.\n4. Ontario pressure the federal government to increase federal backstop Carbon fees to meet the goal of the Paris Climate Agreement to keep temperatures rising 1.5 degrees Celsius above pre-industrial levels.\n5. Ontario to end all subsidies to fossil fuel companies.\n"
    },
    "7725": {
        "url": "/comment/7725",
        "comment": "\u2022\tI want a real climate change plan to reduce emissions, help people save energy and create jobs in the $26 trillion clean economy.\n\u2022\tI want Ontario to put a price on pollution, making polluters pay for their emissions and returning the revenues to the pockets of Ontarians so they can lower their carbon footprint.\n\u2022\tI want legally binding emissions targets in line with our obligations to the Paris Climate Agreement.\n\u2022\tI want Ontario to be 100% powered by clean energy by 2050\n\u2022\tI want Ontario to end subsidies and handouts for fossil fuel companies and redirect this money to clean energy solutions.\n"
    },
    "7726": {
        "url": "/comment/7726",
        "comment": "I want a real climate change plan to reduce emissions, help people save energy and create jobs in the $26 trillion clean economy.\nI want Ontario to put a price on pollution, making polluters pay for their emissions and returning the revenues to the pockets of Ontarians so they can lower their carbon footprint.\nI want legally binding emissions targets in line with our obligations to the Paris Climate Agreement.\nI want Ontario to be 100% powered by clean energy by 2050\nI want Ontario to end subsidies and handouts for fossil fuel companies and redirect this money to clean energy solutions.\n"
    }
}