{
    "8731": {
        "url": "/comment/8731",
        "comment": "As a young adult, I am extremely disappointed that this government is proposing to cancel the cap and trade scheme without any reasonable replacement climate change policy. The devastating effects of climate change are well known and beyond debate at this point, and this bill is a gigantic step backwards from where Ontario needs to be in order to mitigate these effects. As a working professional, I don't mind if putting a price on carbon means I have to pay more for gas or other products. What I do mind is my government regressing on climate action and putting the interests of businesses above people. You can be sure that in one or two decades, should a Conservative government still be in power and continue to oppose climate change policies or enact policies that sabotage climate action, that I will never vote for you. And neither will the majority of many other young voters.\n"
    },
    "8734": {
        "url": "/comment/8734",
        "comment": "Re Cap & Trade in Ontario\nI believe that the cancellation of the Cap & Trade arrangements for Ontario is a serious mistake, because all Canadian governments must now put all their time and efforts to protecting Canadians from the disasters of climate change. This new report of the IPCC says so. All government employees must study this report.\nAll houses in Ontario must have more insulation. How will the Ontario government make this happen? All cars must stop using fossil fuels. We only have about 12 years.\nSurely enough people have died from the overheating of Canadians? How will you help all the Canadians who have just had their houses flooded or burned or destroyed by tornados this year? And next year and next \u2026\nPlease leave the Federal arrangements alone. Start figuring out how Ontario is going to reduce our use of fossil fuels by around 60 to 70%. Of course you will then help Ontarians live in a house that needs little oil or gas.\nThis is urgent - don\u2019t waste government time, energy, and money on trying to change what is not needing to be changed.\n"
    },
    "8735": {
        "url": "/comment/8735",
        "comment": "The Ford government\u2019s ideas about climate change are antiquated and heavily biased towards greater revenues from existing, unsustainable energy resource extraction. Ontario could be a leader in the green energy movement, placing greater funds/grants towards sustainable resource development and setting the example for a province\u2019s dedication to renewable resources. Ford should notbe allowed to kibosh the previous government\u2019s (AND THE PEOPLE\u2019S) desire and commitment to addressing climate change in our immediate environment. He is a shady, untrustworthy man with personal goals outweighing what Ontarians really need.\n"
    },
    "8736": {
        "url": "/comment/8736",
        "comment": "Doug Ford does not have the right to oppose climate change measures.  If he has a better measure than the carbon tax, he should make it known.  His government is merely being obstructionist .  We need RESPONSIBLE government.  Which means, coming up with a better plan to combat a dire eventuality if even 1.5 degrees of warming is allowed. Has he not heard what the international science body warned of , only a few days ago?\n"
    },
    "8737": {
        "url": "/comment/8737",
        "comment": "Carbon pricing works. The evidence is there and it is solid. Not only does it reduce carbon outputs but it also has been shown to provide economic benefits to 4 Canadian provinces where it has been operating. Fee and Dividend programs work. Canada has made its commitment to the Paris Agreement. Please honour it. This is about putting the brakes on climate change NOW. The IPCC report just issued their update and it is very clear that aggressive action needs to be taken NOW.  Don\u2019t move us backward; move us forward by keeping the current carbon pricing in place and improving it. The evidence is there to show the benefits of carbon pricing. Please use evidence -based decision making for the benefit of all Canadian citizens as well as all global citizens.\n"
    },
    "8738": {
        "url": "/comment/8738",
        "comment": "it is with deep concerns regarding Bill 4 and abolition of Cap and Trade program that I write this message. while evidence of climate change is all around us it is difficult to imagine that our provincial government is more committed to big and small business than to the environment.  premier's recent proclamation that he is taking action to reducing pollutants from large trucks etc appears to be window dressing as concern about our environment. pollution from large trucks makes only a small contribution to the overall level of pollution problem.  its good to reduce diesel emissions however lets not abandon the resources to penalize polluter and move those resources to companies and individuals who are developing innovative ways to reduce greenhouse pollutants.\nduring a recent conversation with local MPP's office to express concerns regarding Bill 4 was told that government's emphasis is to provide jobs and grow the economy \"that's what we campaigned on and that's what we are doing\".  whos does not want to support job and economy growth??? however at what cost?  it is the government's role to educate it's citizens on the dangers of climate change.  the evidence of changes is overwhelming and the health of our planet is in danger. lest we think that giving companies the right to pollute in order to improve their bottom line is justifiable, please give thought to long term impact of polluting the environment.  the number and severity of storms is increasing (another hurricane \"Michael\" is forming as I write this comment) and is far out of proportion to anything we have seen in my life time that exceeds 70 years.\ngovernment's policies are regressive and destructive.  don't hide behind the fact that people want jobs.  of course they do.  it is the government's responsibility to educate its citizens as to the impact if we get our policies backwards.  lest we forget there are generations to follow us. I have seven and four year old granddaughters and I speak on their behalf. the nearsightedness and selfish interests of politicians who develop policies to serve their selfish career interest will be reaped not only by my grand children but all of our grandchildren. when asked what I did to reduce my impact on environmental damage I will be able to say that we have reduced the cooling and heating of our house to reduce energy consumption, reduced our travels and reduced gas, repurposed our possessions and bought slightly used clothing to reduce waste and our next care will a hybrid/ just to mention some of the ways I/we are contribution.  additionally will let them know that I participated, voted and expressed my concerns to the government of the day about environmental issues and concerns.\nthis year's Nobel Prize economists William Nordhause and Paul Romer received their award for their work on the economics of climate change and the UN issued a dire warning about global warming.  do the right thing for the country, the province and mine/our grandchildren because environmental changes are happening NOW!!!  I urge you to vote against Bill 4.\n"
    },
    "8739": {
        "url": "/comment/8739",
        "comment": "This is slap-dash politicking and there is nothing of substance in this proposal. How are you going to recoup the lost taxes? Are you going to fix infrastructure for the province by selling tickets to your Unicorn exhibit? This is short-sighted and sadly not surprising coming from this luddite Government.\n"
    },
    "8741": {
        "url": "/comment/8741",
        "comment": "I am in complete disagreement with Bill 4. The solutions provided are not sufficient, the regulations should be enforced now to reduce the impact on our planet\n"
    },
    "8742": {
        "url": "/comment/8742",
        "comment": "Given the recent UN Article that has come out on climate change, suggesting that global temperatures are rising much quicker than anticipated and that it would take a much smaller rise in temperature to cause significant impacts on smaller island countries. One of the proposed solutions to this is to increase carbons taxes to help reduce overall carbon emissions. By eliminating the carbon pricing plan and we as Ontarians would effectively contribute to carbon emissions at a much greater rate. Carbon taxes are vital to solving the climate change issue and will need to be our primary path forward. SUPPORT CARBON PRICING.\n"
    },
    "8743": {
        "url": "/comment/8743",
        "comment": "We are in dire need to reduce global warming. The report just released by the UN by reputable scientists makes the unequivocal truth. In order to make the kinds of massive, global changes required to save this planet and ensure it remains viable for human and other life, we need to find money to fund this. Repealing Bill 4 is a serious error.\nPlease do not cancel Bill 4 and please, please actively work on policies, laws and programs focused on renewable energy, reduction in plactics, responsible use of coal and other fossil fuels and actions that will stop our forward movement towards irreversible harm to our planet and en route, destroy our economies.\n"
    },
    "8744": {
        "url": "/comment/8744",
        "comment": "I want a real climate change plan to reduce emissions, help people save energy and create jobs in the $26 trillion clean economy.\nI want Ontario to put a price on pollution, making polluters pay for their emissions and returning the revenues to the pockets of Ontarians so they can lower their carbon footprint.\nI want legally binding emissions targets in line with our obligations to the Paris Climate Agreement.\nI want Ontario to be 100% powered by clean energy by 2050\nI want Ontario to end subsidies and handouts for fossil fuel companies and redirect this money to clean energy solutions.\n"
    },
    "8745": {
        "url": "/comment/8745",
        "comment": "It is disingenuous to scrap Cap and Trade especially following the United Nations recent report on climate change and how governments have very little time to act on climate change before we experience global climate catastrophe.\n"
    },
    "8746": {
        "url": "/comment/8746",
        "comment": "The Ontario government should move ahead with the Cap and Trade system rather than throw it away. Starting all over with some new proposal will only delay desperately needed action on climate change.  Climate change is affecting Ontario citizens right now and we need to build on measures such as Cap and Trade.\n"
    },
    "8747": {
        "url": "/comment/8747",
        "comment": "I firmly believe that all citizens require climate change laws that include science based emission budgets, legal accountability to stay within these laws and a transparent process for measuring and reporting progress. Incentives for discovering new solutions to carbon based fuels such as polluter pay tools give choice and reward for reducing emissions. I am very concerned that the proposed Cap and Trade Cancellation Act demonstrates a basic lack of leadership and rash decision making by the Ontario government that will negatively impact our environment, health and business now and for generations to come. I do not agree with the proposed Cap and Trade Cancellation Act.\n"
    },
    "8748": {
        "url": "/comment/8748",
        "comment": "It is irresponsible to cancel the cap & trade program for simply political reasons. In light of the UN's recent report on climate change, how can a government go forward without a set climate change plan?\nI disagree completely with the repeal of the cap & trade program, combined with the threat of taking the federal government to court on their imposition of a carbon tax. We have the technology to fight climate change but lack the political will. Please step up to the plate and look at the evidence before you.\n"
    },
    "8749": {
        "url": "/comment/8749",
        "comment": "It is appalling that our government would change/remove policies put in place to protect the environment. With climate change getting worse every year this is the worst thing the government could do. We need to protect the environment. If we don't we won't have anywhere to go. There is no planet b and the Ford government needs to remember that.\n"
    },
    "8750": {
        "url": "/comment/8750",
        "comment": "Before cancelling the existing climate change program and new program with new targets MUST be in place.  It is not sufficient to say \"The Government shall establish targets\".  Targets must be committed to in this document.  It is also not sufficient to \"establish targets\".  It is absolutely necessary to achieve them.\nIn 20 years of discussion of how to deal with climate change I have heard of only three solutions - a carbon tax, a cap and trade system and sector by sector regulation.  I doubt that your government is keen on a whole lot of new regulation, and your leader froths at the mouth when speaking of taxation.  Why you would not put a price on carbon and let the market work out how to efficiently is beyond me and many others.\nA reduction in carbon emissions is seriously needed now.  Ottawa was hit by tornadoes this year - for the first time in my lifetime (65 years).  What is a couple of cents extra in gas prices compared to the destruction of your home?\nThe world is moving to a low-carbon economy. Ontario needs to keep up - not mire itself in ideas of the past.\n"
    },
    "8751": {
        "url": "/comment/8751",
        "comment": "I want a real climate change plan to reduce emissions, help people save energy and create jobs in the $26 trillion clean economy.\n    I want Ontario to put a price on pollution, making polluters pay for their emissions and returning the revenues to the pockets of Ontarians so they can lower their carbon footprint.\n    I want legally binding emissions targets in line with our obligations to the Paris Climate Agreement.\n    I want Ontario to be 100% powered by clean energy by 2050\n    I want Ontario to end subsidies and handouts for fossil fuel companies and redirect this money to clean energy solutions.\n"
    },
    "8752": {
        "url": "/comment/8752",
        "comment": "Cancelling Cap and Trade is a betrayal - it is far more business-friendly than a flat carbon tax, which will be instituted in its stead. You will not beat the federal government's carbon tax mandate. Stick to Cap and Trade. We need a price on carbon, young people starting families now do not want their children to grow up through dystopian climate destruction.\n"
    }
}