{
    "5863": {
        "url": "/comment/5863",
        "comment": "Cancelling Cap and Trade is a move that runs counter to practical, economically responsible greenhouse gas reduction. Cancelling Cap and Trade is a terrible idea proposed by a party that has remained ignorant of (at best), or knowingly complicit in (at worst) the increasing negative results of climate change.\nThe Cap and Trade system should remain in place while other options and timelines are discussed. Stopping one of the only practical, actionable solutions that has been put into place at a provincial level to fight a very real threat is a measure that will only serve to delay further solutions, increase the impact of climate change once it is finally addressed on a practical level, and cost the province additional court fees as established economic models and business plans are thrown into upheaval.\nThe requirement that the Minister develop a climate change plan is laudable. The idea that we should scrap our existing plan and go back to the drawing board is laughable. Keep the requirement for the development of a climate change plan and scrap the cancellation of Cap and Trade. They can be and should be considered separate points in two separate bills.\n"
    },
    "5866": {
        "url": "/comment/5866",
        "comment": "It's true. Cap and Trade wasn't all that it was cracked to be, despite all the good it did.\nClearly, this is our time to make the RIGHT choices.\nI suggest replacing Cap and Trade with a true carbon and air pollution tax. The more it pollutes or releases carbon, the more the business should be taxed. Pretty simple!\nThen we can cover the cost of the increase in health care, climate refugees, etc that are caused by carbon/air pollution.\nStop making all tax payers pay for and subsidize polluters that affect us all!\n"
    },
    "5867": {
        "url": "/comment/5867",
        "comment": "Cancelling the Cap and Trade Agreement without a plan to combat climate change is a terrible idea.\nNo other ideas in the current PC platform will matter if towns full of people who voted for you are continuously destroyed by storms, flood damage and high winds.\nBuck a beer won't matter.\nSex ed repeal won't matter.\nCutting the TO city council won't matter.\nNo cheap weed in a private shop will matter.\nYour party achieved majority status during the hottest summer on record. The storms and havoc that we can foresee during this tenure are not imaginary. This party will visit broken homes and businesses, washed away in by wind and fire. You will see the faces of distraught people who voted for you, who are going to ask for help, and for money. Will you be able to? Is this a party who will turn its back on its constituents and their children? Will you do more then the politicians before you, and post their faces beside yours as you wade through their broken lives for a publicity stunt for the evening news?\nWhat kind of a party do you want to be?\nI want you to be great. I want you to educate the public on what you know to be true. Make decisions now that will protect our planet, not just appease those few deniers, or people who feel their money will protect them. If you yourselves are not sure, educate yourselves. Surely people in power should be able to be non-partisan on an issue like this. No government in history will have to face the severe and dangerous climate that you're entering. This party is in a unique position to rise to the challenge to think differently. Do you have what it takes?\nDon't be short sighted on this one. It's too important.\nThe climate change website form Ontario.ca lists many ways individuals can adjust their lifestyles to protect the planet. Surely you realize that the real change comes from government policy. Don't pay lip service. PS - the links on the site are down. Wonderful caption of the mallard though.\nPlease leave cap and trade in check, and if you despite it that much, have a different plan. But please, protect our planet. Nothing else matters.\n"
    },
    "5869": {
        "url": "/comment/5869",
        "comment": "I am very disappointed with my Ontario Government actions in not protecting the earth.  It is my understanding that Cap and Trade at least penalized corporations that are polluters and without  proposing a better plan the government is trying to end this action.  Mr Ford's only objective seems to be political.  He should have the courage to do what is best for the world that our descendants must inhabit.\n"
    },
    "5870": {
        "url": "/comment/5870",
        "comment": "As a citizen of Ontario, I firmly believe that the government of this province ought to prioritize a climate plan that is consistent with the Paris climate agreement targets. Climate denial and inaction have enormous costs for our economy, our health, and our environment. Therefore, it is imperative that we have policy in place that aids in reducing emissions. We should not be scrapping the cap-and-trade program unless the Ontario government can propose a more efficient, alternate model. Furthermore, we should definitely not scrap the clean energy projects that are already in progress. The government should provide both  incentives, such as rebates on green renovations and electric and hydrogen vehicles, as well as disincentives, such as a carbon tax. Climate change is the most important environmental issue on the table for the 21st century and the government should be prioritizing this.\n"
    },
    "5871": {
        "url": "/comment/5871",
        "comment": "I thoroughly disagree with cancelling the cap and trade policy in response to climate change. It took years of consultation to reach this decision and allows for Ontario to fall under the Federal government requirement of a climate change plan. If the government were to scrap this, I feel strongly that it should then replace it with a carbon tax. Ontario has the largest population proportion of Canada, it should be a leader to the other provinces, not running away from the issue. Climate change needs to be addressed by our leaders and I would like our government to do so. Otherwise I am embarrassed to live here.\n"
    },
    "5872": {
        "url": "/comment/5872",
        "comment": "Cancellation was NOT an election issue. It is a fatal error on the part of the Ford government to suddenly cancel this vital piece of legislation when at this very time (Sept 15, 2018) we are witnessing the effects of climate change with tropical storm Florence battering the eastern seaboard of the U.S.A. Catastrophic flooding is expected. I note the climate change in my backyard garden, in the boreal forest that surrounds me and on Lake Superior, where I have lived for over 60 years.\nFor the sake of the future of Ontarian children, if not all Ontarians, please reconsider this fateful cancellation of Bill 4, Cap and Trade Cancellation Act, 2018 - this is a horrid mistake!\n"
    },
    "5874": {
        "url": "/comment/5874",
        "comment": "This Bill 4 Act is a retrograde step if ever there was one.  The vast majority of the world's scientists say that Climate Change (really Climate Chaos) is propelled by fossil fuels and Canadians of my generation (a nonagenarian) have been watching the chaos coming with the same apprehension one watched a prairie fire.  For a government that got elected \"for the people\" to abandon efforts to stem the chaos is to demonstrate a government that is entirely on the side of the Corporate Fossil Fuel industry and ignorant of or wilfully oblivious to the findings of science.  It has been said that intentional ignorance is the only truly unforgivable sin and Bill 4 is a truly ignorant Act.\n"
    },
    "5875": {
        "url": "/comment/5875",
        "comment": "I am writing to express my strong objection to this proposed legislation. Time and time again it has been demonstrated that industries are irresponsive to adjusting their practices in order to reduce greenhouse emissions, barring a financial interest compelling them to do so. Cap-and-trade is necessary, not only because it is an effective component of an action plan to slow climate change, but also to transform the mentality of industry going forward towards focussing on strategies and innovation which protects our environment. This legislation does not absolve the province of significant liability associated with contract cancellations, and instead positions Ontario as an unfaithful partner in business. This government has already spent countless tax dollars on litigation without any success; clearly this antagonizing approach has been ineffective. I strongly urge that the government retain existing cap-and-trade regulations, and be steadfast in moving forward an effective climate change strategy based on science driven solutions.\n"
    },
    "5877": {
        "url": "/comment/5877",
        "comment": "I strongly oppose Bill 4, the Cap and Trade Cancellation Act, 2018. This is for many reasons. First and foremost is that climate change presents a huge economic and social risk to Canada and many other nations, and we in Ontario must do our part.\nSecond is the regulatory uncertainty produced by cancelling a system that has been working well, especially in the context of a national move towards such systems. Such regulatory uncertainty will undermine business investment and productivity, and impede Ontario's ability to carve out a position for itself (hopefully a leadership position) in the clean economy of the future.\n"
    },
    "5878": {
        "url": "/comment/5878",
        "comment": "Carbon emission reduction is increasingly urgent.  Cap-and-trade is not an ideal mechanism for this, but is the best that Ontario has done to date.  I urge this government to let it continue, while at the same investigating the potential for a tax-and-dividend solution (also known as \"carbon fee and dividend\").\n"
    },
    "5879": {
        "url": "/comment/5879",
        "comment": "The proposal is ill-considered. Climate change is a serious and growing threat to global ecosystems and economies. It is important that every jurisdiction take action to reduce carbon dioxide emissions in order to lessen the  impacts of climate change.\nOntario's cap and trade program was a step in this direction.  Eliminating this program without a credible alternative to reduce carbon emissions is irresponsible.\n"
    },
    "5880": {
        "url": "/comment/5880",
        "comment": "As a 26-year-old Ontarian, I am deeply, deeply offended by the choice to cancel one of the province's only actions for reducing the greenhouse gases that we release. To frame this issue as one of short-term finances, by telling us that the most important thing in our lives is to have a few hundred extra dollars per household, is a farce. Ontario's government's number one priority is the long-term well-being of its residents. This means fewer forest fires, floods and droughts; this means fewer of our tax dollars paying your legal fees in battles with the federal government; this means energy sovereignty and sustainability; this means energy efficiency. This means a comprehensive plan to do our part in the fight against climate change.\nI expect a well-thought-out, strategic and comprehensive plan to significantly reduce Ontario's greenhouse gas emissions immediately. To cancel the cap-and-trade program without an alternate, and better, plan is to tell all Ontarians who will be alive well into the 21st century that you unquestionably do not care about their well-being. I will not even reach retirement age in 2050, the year that most climate projections use to illustrate the harmful weather events we should expect. Please stop ruining the lives of younger generations in the interest of fossil fuel companies and voters who don't understand the difference between a few hundred dollars per year and the monstrous future costs that climate events will bring about. You're supposed to be the organization that looks out for our long-term interests. Grow up.\n"
    },
    "5881": {
        "url": "/comment/5881",
        "comment": "I urge the Conservative government of Ontario to rescind its decision to end the current cap and trade program.  Surely members of the party realize that refusing to address urgent policies to stop climate change will only harm future members of their own families. It is a doomsday scenario to practice \"do nothing\" policies by governments thinking only short term. The future of this planet depends on current politicians and lawmakers to act responsibly and thoughtfully. Otherwise, your ultimate guilt will be unbearable.\n"
    },
    "5882": {
        "url": "/comment/5882",
        "comment": "What the government has put forward in this bill is completely unacceptable, given that they have proposed no other mechanism for carbon pricing. If they acknowledge the reality of climate change, how can they justify proceeding with no plan for reducing carbon emissions? How can they justify attempting to reduce gasoline prices, which will increase emissions, while removing the subsidies that made electric vehicles affordable to Ontarians?\n"
    },
    "5883": {
        "url": "/comment/5883",
        "comment": "I believe opting out of the existing Cap and Trade Agreement is a costly mistake for Ontario. I think a national approach with all of the Provinces signing on is the way to go. The mechanism is already in place. It makes no sense for Ontario to spend the time developing a new plan. Nor does it make sense incurring legal costs and costs associated with  the cancellation of contracts already entered into. Stopping the existing funding for homeowners to make their homes more energy efficient as well as other green energy initiatives is shortsighted. I am very much against opting out of the existing agreement. We should be getting on board and supporting a Canadian initiative.\n"
    }
}