{
    "7308": {
        "url": "/comment/7308",
        "comment": "I do not understand why the FORD govt. is so keen to dismantle Cap & Trade Bill 4, it makes no sense and I have not heard what wonderful plan has been conjured up to replace Cap & Trade.\nI want a real climate change plan to reduce emissions, help people save energy and create jobs in the $26 trillion clean economy.\nI want Ontario to put a price on pollution, making polluters pay for their emissions and returning the revenues to the pockets of Ontarians so they can lower their carbon footprint.\nI want Ontario to end subsidies and handouts for fossil fuel companies and redirect this money to clean energy solutions.\n"
    },
    "7310": {
        "url": "/comment/7310",
        "comment": "I'm against Bill 4 because it puts Ontario further back on our obligations for climate and emissions control.  While the cap and trade has been shown to be ineffective in other areas of the world, other parts of the existing plan are still useful.  So why scrap the existing plan and the hundreds of jobs that the \"clean\" economy has created?\nWe should be ending the subsidies to the fossil fuel companies and re-directing these to climate issues.\nAs Bill 4 states, the Minister has to come up with another climate plan so why not leave the existing one in place and then amend it to reflect any relevant changes once this is done?\nThis just sounds like another knee jerk move without having the proper consultation done before acting.\n"
    },
    "7311": {
        "url": "/comment/7311",
        "comment": "I want a real climate change plan to reduce emissions, help people save energy and create jobs in the $26 trillion clean economy.\nI want Ontario to put a price on pollution, making polluters pay for their emissions and returning the revenues to the pockets of Ontarians so they can lower their carbon footprint.\n"
    },
    "7312": {
        "url": "/comment/7312",
        "comment": "I want legally binding emissions targets in line with our obligations to the Paris Climate Agreement. Let\u2019s be proud of our nations efforts to reduce our carbon foot print - not ashamed! Put lives before businesses.\nLet\u2019s not take a step back in repairing the damage we have done to our planet. There is no other choice but to move forward (and not at a snail\u2019s pace). We need a clear plan to clean up the environment. Lives depend on it!\n"
    },
    "7313": {
        "url": "/comment/7313",
        "comment": "I want a real climate change plan to reduce emissions, help people save energy and create jobs in the $26 trillion clean economy.\n    I want Ontario to put a price on pollution, making polluters pay for their emissions and returning the revenues to the pockets of Ontarians so they can lower their carbon footprint.\n    I want legally binding emissions targets in line with our obligations to the Paris Climate Agreement.\n    I want Ontario to be 100% powered by clean energy by 2050\n    I want Ontario to end subsidies and handouts for fossil fuel companies and redirect this money to clean energy solutions.\n"
    },
    "7314": {
        "url": "/comment/7314",
        "comment": "The Ford government shiuld be ashamed of its regressive climate policies. They do not care about the health of the planet or the future of all life on this planet. Such narrow minded short term thinking  is typical of those only concerned about appealing to wrong minded business interests while claiming to act on behalf of the people. It is incedible that such ignorance and buffoonery  now holds poltical power and is exerting its misguided influence not only in Ontario but in other provinces as well. The shift to the right in this country is a matter of grave concern that needs to be combatted by truly progressive enlightened citizens and political parties like the Greens.\n"
    },
    "7315": {
        "url": "/comment/7315",
        "comment": "I want Ontario to fight climate change by cutting out fossil fuel subsidies and supporting green energy. I want polluters to pay a carbon tax and that money to be used to help people become more environmentally friendly. I want Ontario to do everything it can to fight climate change so our kids can have a safe world to grow up in!\n"
    },
    "7316": {
        "url": "/comment/7316",
        "comment": "Climate change is real, and we have a short window of opportunity in which to create a sustainable, just, and healthier future.\nThe social and health costs of climate change will only continue to grow.  I want the Ontario government to plan for the distant future, not just for short term political gains.\nI want a real climate change plan to reduce emissions, help people save energy and create jobs in the $26 trillion clean economy.\nI want Ontario to put a price on pollution, making polluters pay for their emissions and returning the revenues to the pockets of Ontarians so they can lower their carbon footprint.\nI want legally binding emissions targets in line with our obligations to the Paris Climate Agreement.\nI want Ontario to be 100% powered by clean energy by 2050\nI want Ontario to end subsidies and handouts for fossil fuel companies and redirect this money to clean energy solutions.\n"
    },
    "7318": {
        "url": "/comment/7318",
        "comment": "I am not a fan of the Liberals, but the Conservative proposals to dismantle established climate policies are regressive and uninformed. Climate change is real. We, as a society, have an obligation to care for, not destroy, the environment that is necessary for health and all life.\nWe must have climate change policies with incentives and deterrents along with measurable outcomes. We need to do this in Ontario and we need to participate with the world (Paris Accord) and with Canada federally. Set partisan politics aside!\nBill 4 and other proposals to eliminate or significantly alter climate policy are irresponsible and short-sighted. Moving toward a more sustainable future would be good for people, health and the economy.\nMr Ford would be best advised to educate himself about the environment rather than spending his time acting like Donald Trump.\n"
    },
    "7320": {
        "url": "/comment/7320",
        "comment": "The Ford conservative government MUST reconsider their short-sighted stance on ANYTHING that might adversely worsen the effects of carbon emissions on climate change and on the future of our planet. If Mr. Ford could have, he would have allowed developers to take over the Greenbelt. He says he's for THE PEOPLE. Well, now he's planning to eliminate measures that would have helped reverse devastating weather-related and air-quality trends. For the sake of us all, but especially for our children and grandchildren, please rethink this Bill 4.\n"
    },
    "7322": {
        "url": "/comment/7322",
        "comment": "I want a real climate change plan to reduce emissions, help people save energy and create jobs in the $26 trillion clean economy.\nI want Ontario to put a price on pollution, making polluters pay for their emissions and returning the revenues to the pockets of Ontarians so they can lower their carbon footprint.\nI want legally binding emissions targets in line with our obligations to the Paris Climate Agreement.\nI want Ontario to be 100% powered by clean energy by 2050\nI want Ontario to end subsidies and handouts for fossil fuel companies and redirect this money to clean energy solutions.\n"
    },
    "7323": {
        "url": "/comment/7323",
        "comment": "I want Ontario to end subsidies and handouts for fossil fuel companies and redirect this money to clean energy solutions. want a real climate change plan to reduce emissions, help people save energy and create jobs in the $26 trillion clean economy.\nI want Ontario to put a price on pollution, making polluters pay for their emissions and returning the revenues to the pockets of Ontarians so they can lower their carbon footprint.\nI want legally binding emissions targets in line with our obligations to the Paris Climate Agreement.\nI want Ontario to be 100% powered by clean energy by 2050.\n"
    }
}