{
    "8641": {
        "url": "/comment/8641",
        "comment": "The IPCC has just released another dire warning. We are running out of time.  We must eliminate use of fossil fuels and move towards green energy sources if we are to leave our descendants a livable planet.  Rather than axing this program, let's find ways to enhance it further, invest in good jobs in the clean energy sector, and move towards a sustainable future.   Let's not let fleeting political and personal pursuits fueled by greed and big money decide the future for our children and their children.\n"
    },
    "8642": {
        "url": "/comment/8642",
        "comment": "The money collected from the cap and trade program should be used accountably to fund climate action Environmental Commissioner\u2019s Report https://eco.on.ca/reports/2018-climate-action-in-ontario/\nIt is urgent that we act on climate change: ipcc report https://www.nytimes.com/2018/10/07/climate/ipcc-climate-report-2040.html. We need to keep global temperatures below 1.5\u00b0C - significantly more catastrophic effects even with incremental temperature increases (fire, flood, food shortage, heat etc.).\nWe need legally-binding emissions targets based on science, accountably measured & reported  Environmental Commissioner\u2019s report, https://eco.on.ca/reports/2018-climate-action-in-ontario\nCarbon pricing is effective, cap & trade or fee & dividend. It was enabling & mobilizing Ontario\u2019s climate plan. The Nobel Prize went to an American economist who has shown the efficacy of carbon pricing https://www.nytimes.com/2018/10/08/business/economic-science-nobel-priz\u2026\nHere is the cost of inaction: rising fire management, extreme weather events, social cost of carbon, health impacts of air pollution, lack of work productivity, damages from storms, biodiversity loss, food shortages\nHere is the economic benefit of action: Ontario is already a leader in clean technology, energy efficiency programs create jobs and GDP growth, green industry is a huge & growing industry. We want to be leaders not laggards in green technology and green industry.\nIndigenous/First Nations projects and community-controlled energy projects are important and many were cancelled. eco.on.ca/reports/2018-climate-action-in-ontario/)\n"
    },
    "8643": {
        "url": "/comment/8643",
        "comment": "Cancelling this legislation is shamefully regressive. Without making concerted efforts to curb emissions and penalize polluters, we are going to be creating further harm to the environment. As an Ontarian who cares about doing as much as possible to clean up the air I breathe and to mitigate damage done by over use of fossil fuels, I wish my voice to be heard.\n"
    },
    "8644": {
        "url": "/comment/8644",
        "comment": "I find it unimaginable that days after the Intergovermental Panel on Climate Change publishes the most critical climate warning of our time that our government chooses to undo all the climate commitments we have. I am appalled by this government\u2019s cavalier attitude towards the numerous horrors that will unfold as a result of climate change - loss of arable land, increasing extreme weather, the death of the coral reefs, melting of the arctic, untold mass migration, food insecurity, and death. I implore you to reconsider this bill. The IPCC predicts that we will reach 3-4 degrees Celsius of warming by the end of the century if we do not act immediately to decrease our carbon emissions. We need concerted effort at all levels of government if we intend to enjoy life as we know it on this planet.\n"
    },
    "8645": {
        "url": "/comment/8645",
        "comment": "Cancelling the Ontario Cap and Trade program would be financially, socially and environmentally irresponsible. In light of the most recent UN report on climate change the  situation for the planet is dire. Globally we must slash greenhouse gas emissions by 45% within 12 years, and limit global warming to 1.5\u00b0C.\nThere must be support and incentives for business, industry, property owners and consumers to choose sustainable options for reducing GHGs. The Cap and Trade program was designed to do this.\nIn 2016, the  Legislative Assembly of Ontario set ambitious yet achievable emissions reduction targets aligned with the actions of other provinces and states and in line with global objectives. Ontario is the country\u2019s second most carbon polluting province, after Alberta.\nPremier Ford, I call on your government to show the leadership demanded by the climate crisis and publicly commit to achieving Ontario\u2019s existing legislated greenhouse emission reduction goals by 37.5% from 1990 levels by 2030, and to table a \u201cdetailed, scientifically sound plan\u201d to meet these goals without delay.\n"
    },
    "8646": {
        "url": "/comment/8646",
        "comment": "Our civilization is driving headlong towards a cliff, and you're proposing we step on the gas. Please don't.\n"
    },
    "8647": {
        "url": "/comment/8647",
        "comment": "Please do not scrap the only real step forward that Ontario has taken in the international, eleventh-hour fight against climate change: abort Bill 4 Cap and Trade Cancellation Act 2018. Go ahead and make any further plans you like, because we certainly need more action all across Canada. But why do so from an even deeper hole than the one Ontario, Canada, and the rest of the world is already in. I can't believe that Premier Ford and his party are even more short-sighted than PM Trudeau and his party and those ostriches with their heads in the sands of Manitoba, Saskatchewan, and Alberta. Kill Bill 4! Get moving on legislation and programmes to support alternatives to fossil-fuel-based energy!\n"
    },
    "8649": {
        "url": "/comment/8649",
        "comment": "It is imperative that the ministry of the environment has a policy to reduce carbon emissions whatever way possible.\nThere are proven ways to do this without harming the economy.\nAction needs to be taken now for the sake of our children.\nI honestly believe that it would be negligent for the current administration to ignore scientific fact.\nI plead with the administration to put their ideological desires aside and face up to the scientific facts regarding the effect of carbon emissions on the earth\u2019s temperature. Please act now  and do what is morally right.\n"
    },
    "8651": {
        "url": "/comment/8651",
        "comment": "I believe cap and trade for CO2 emissions is an effective, evidence based method for reducing emissions.\nLarger companies that can afford to emit, do. Smaller companies capable of scaling back emissions with accessible, efficient technology at a non-prohibitive cost, do.\nAt the same time, total emissions can be kept under the control of a set limit.\nCare must be taken to assure fair bartering of the permits. For example, to assure they are affordable to all groups so as to prevent a monopoly of company growth.\nWe hope, as research scientists ourselves, that work continues to promote cap and trade. A nobel prize is proof enough of its effectiveness.\n"
    },
    "8654": {
        "url": "/comment/8654",
        "comment": "I want a real climate change plan to reduce emissions, help people save energy and create jobs in the $26 trillion clean economy.\nI want Ontario to put a price on pollution, making polluters pay for their emissions and returning the revenues to the pockets of Ontarians so they can lower their carbon footprint.\nI want legally binding emissions targets in line with our obligations to the Paris Climate Agreement.\nI want Ontario to be 100% powered by renewable energy including water power from Quebec.\nI want Ontario to end subsidies and handouts for fossil fuel companies and redirect this money to clean energy solutions.\n"
    },
    "8655": {
        "url": "/comment/8655",
        "comment": "I want a real climate change plan to reduce emissions, help people save energy and create jobs in the $26 trillion clean economy.\nI want Ontario to put a price on pollution, making polluters pay for their emissions and returning the revenues to the pockets of Ontarians so they can lower their carbon footprint.\nI want legally binding emissions targets in line with our obligations to the Paris Climate Agreement.\nI want Ontario to be 100% powered by renewable energy including water power from Quebec.\nI want Ontario to end subsidies and handouts for fossil fuel companies and redirect this money to clean energy solutions.\nNOW\n"
    },
    "8657": {
        "url": "/comment/8657",
        "comment": "Global temperature WILL increase by 1.5C as early as 2030.\nWe know that change will mean major catastrophic changes. We are already seeing the effects.\nIf we want any chance to beat that, we MUST act now, and act decisively.\nSo what would that look like?\nThe IPCC (International Panel on Climate Change) says the most effective thing we can do is to apply a uniform tax on carbon emissions.\u2028\nIn fact our Federal government is attempting to do just that\u2026Meanwhile here in Ontario, Doug Ford scrapped Ontario\u2019s cap-and-trade plan in his first week in office.\nHe did this in the name of cost savings\u2026Yet there is no alternative plan in place, and Ford plans to sue the federal government when they impose their plan, but he is likely to lose and of course he will waste money & time fighting it.\nNot to mention the amount that his government will have to pay back to companies that had invested in the cap-and-trade program already\u20262.87 billion in investment actually.\nOf course many related programs are cancelled too\u2026The electrical vehicle rebate, a $377 million Green ON rebate to encourage environmental building upgrades, social housing program upgrades, and a $100 million fund intended for school upgrades. Sorry kids.\nThe costs of litigation from the many project cancellations may far exceed any savings they thought the cancellation may have. But hey, it was great for getting votes.\nI don\u2019t want to stray too far off topic though (even if I know the first thing critics will do is complain about how expensive not destroying the planet is)\u2026\nMy point is we are in trouble, and business as usual is NOT going to work.  Whether it is Doug Ford cancelling environmental programs here in Ontario, or Justin Trudeau doubling down on a pipeline instead of investing in renewables and retraining workers for that industry\u2026 We don\u2019t have time for business as usual.\nOur political leaders need to stop pandering, stop worrying about votes and partisan games, and start doing what needs to be done, so our children, and indeed their children, have a chance at all.\nFuture generations will look back at this time, and they can either say YES the people & the leaders stood up and did something right, or they can despair that we had the chance, and ignored it, and let things go to ruin.  Which future do you hope for?\n"
    },
    "8659": {
        "url": "/comment/8659",
        "comment": "I am deeply disappointed by this government's efforts to undo climate change mitigation progress in Ontario. In particular, I am concerned about the effort to repeal carbon pricing and eliminate all provincial climate targets without having a proposal to replace them. This is a pretty substantive governance failure, which will be to the long-term detriment of Ontarians and the world more broadly.\nIn light of the recent Special Report 15 by the Intergovernmental Panel on Climate Change, we are seeing an increasing push from the global scientific community for more urgent action to mitigate climate change. The report hinges on the already experienced extreme weather, drought, flooding, and other impacts of the historical 1 degree Celsius of global temperature rise, and an assessment of further impacts at 1.5 degrees. These pose critical risks that will impact hundreds of millions globally, increasing geopolitical and economic instability.\nWhile I disagreed with many aspects of the Climate Change Mitigation and Low Carbon Economy Act, it was at least premised on actively engaging with the scope of the problem. It is incredibly backward that at a time when action is needed, the efforts of the Government of Ontario are to undo legislation. There are two major concerns with this:\n1) The government is inherently erasing its emission reduction targets. This creates policy uncertainty for no reason - the 80% emission reduction by 2050 is aligned with the scope of change needed globally to reduce the worst impacts of climate change. Moving that target anywhere but upward is both arbitrary and insufficient. Bill 4 section 3, 4, and 5 are excessively vague and provide no timelines for when a new set of targets and plans will be produced, nor any guarantee that they will meet or exceed those which were being replaced.\n2) The government is abandoning a market-based mechanism, presumably to implement a regulatory framework if any framework at all is created within the next climate action plan. This flies in the face of any conservative approach to tackling climate change. A price on carbon, either through a cap-and-trade, tax, or tax-and-dividend program is the most economically efficient way to reduce emissions. Period. It allows the market to determine where reductions can be made at lowest cost, and creates incentives for parties to do so - whether they are homeowners, businesses, or communities. Regulatory inflexibility will inherently be more expensive. While there is certainly room for improving the current cap-and-trade program (such as providing rebates to low-middle income households to offset the regressive nature of a consumption-based tax), those are modifications that can be made, rather than outright repeal. The Nobel Prize for Economics was just given to someone researching and advocating for a global carbon tax for exactly this reason.\nBill 4 represents a major reversal of climate policy in Ontario, and should be called out as such. While I am willing to be convinced of an alternate approach that achieves equal or greater emissions reductions at lower cost, that approach is currently completely absent and this represents a major failure.\n"
    },
    "8660": {
        "url": "/comment/8660",
        "comment": "It is a dereliction of duty and morally incomprehensible to cancel climate change mitigation. We have no time left to act. The science is clear what the hell is worng with you PEOPLE!!!!! Do your jobs !!! Act on climate change. History will judge you accordingly.\n"
    }
}