{
    "9146": {
        "url": "/comment/9146",
        "comment": "I disagree with cancelling the cap and trade program. Cap and trade serves to move money from those that emit greenhouse gas emissions to those that will be affected by the effects of global warming and climate change (often those at or below the poverty line). It makes emitters accountable and incentivizes them to innovate and lower their carbon footprints, and directs funds to clean tech companies and other parties acting to reduce the carbon intensity of our economy. There are clear benefits to the emitters, the up and coming clean tech companies, and the people that are impacted by air pollution, extreme weather.\nI urge you to reconsider this decision and think about the long term. Read the IPCC 1.5 degree report. We MUST ACT NOW or we will see a very different world come 2030. You have the ability to lead the charge on decarbonizing our economy.\n"
    },
    "9148": {
        "url": "/comment/9148",
        "comment": "Ontario's Cap and Trade Program, while far from perfect, should not be repealed without appropriate replacement measures. We have a responsibility to address the serious consequences of climate change and this was a positive first step.\nA further mistake is this government's needless effort to stop the federal government from exercising its right to impose a federal price on carbon on the provinces. This is a lawsuit  that most constitutional experts agree, the deliquent provinces will likely lose. Instead of wasting Ontario taxpayers money on this frivilous lawsuit, why not invest it to strengthen Ontario's committment to create a Made in Ontario solution that will work to meet our greenhouse gas emission targets. That would demonstrate the kind of leadership Canadians expect from its leading province.\nOur children and grandchildren deserve better. If we care about their future, we will act now; not when it is too late.\nThis government's challenge is simple: come up with a better plan and leave this one in place until you do.\n"
    },
    "9149": {
        "url": "/comment/9149",
        "comment": "I do not support the Cap and Trade Cancellation Act. It is vital that action, funds, and resources are immediately directed towards efforts to address climate change. The cancellation of cap and trade puts a stop to such programs that were already underway or soon to be underway. Please stop telling people that it is too expensive to change our infrastructure. Please stop trying to take climate change out of Ontarians' vocabulary and off our radar. We either start making changes or face consequences that will be beyond the power of any of us to reverse. We need climate change action now and Cap and Trade was one way to to get there.\n"
    },
    "9150": {
        "url": "/comment/9150",
        "comment": "I am extremely disappointed at the shortsightedness of these recent decisions to end the cap and trade framework for Ontario.  The framework was well constructed and properly executed.  It was starting to show signs of success as well.  The current administration has set back the Ontario economy for decades and doesn't live up to our international commitments.  Ending cap & trade kicks the can further down the road onto the backs of future generations.  Very upsetting.\n"
    },
    "9151": {
        "url": "/comment/9151",
        "comment": "Given the grave and well-documented dangers posed by climate change, I am dismayed that the Ontario Government is proposing to cut cap & trade, which is generally accepted (including by the recent winner of the Nobel Prize for economics) as one of the most effective tools to counter and mediate human impacts on the environment. I have an 11-year-old child whose life will be impacted by climate change even if we manage to rein it in; if the provincial government continues in its current course of disregarding the environment in favour of short-term economic gains, I fear for what kind of world my son will inherit. I urge you in the strongest possible terms to leave cap & trade in effect.\n"
    },
    "9153": {
        "url": "/comment/9153",
        "comment": "I have very strong concerns about the proposed Act to cancel the carbon market, especially in light of the recent UN report that raises many alarms about how quickly the Earth is warming. It is up to us, and Ontarians, to do our part towards limiting carbon emissions and preserving carbon basins. My concerns for cancelling the cap and trade system are as follows:\n1. There is no strong policy in place to protect our environment; government is asking for support with NO system in place to provide any protection. Consideration should be given to pausing this movement until there is something in place to protect the environment. Further, anything that is to replace cap and trade in the future should be MANDATORY. Government has the responsibility to plan for our future, and the health of our earth is of primary importance.\n2. There is no thought given to companies who are benefiting from the cap and trade market. Cancelling the cap and trade market hurts companies that were benefiting from the green economy. Small companies who have been at the front of the green economy and have been helping Ontarians to implement greener ways of life, are hurt from this move. People are losing their jobs. Further, the proposed Act seems to take any legal recourse away for future litigations due to canceling the carbon market while trading was occurring. This does not respect the rights of individuals.\n3. There is no thought for the future economy of Ontario. Energy needs to become cleaner, and government has a responsibility to support and encourage businesses to do this - which is what the  carbon market did. Cancelling the carbon market stifles creativity and growth in the much needed green energy sector.\n4. Canceling the carbon market cancels years of income for the province. Ontarians are hearing in the news that Ontario has a very large deficit. It does not make any sense to cut one of the largest streams of revenue for the province. The carbon market brought in billions of dollars a year to Ontario's coffers, plus supported the green economy. I suggest the government consider keeping the cap and trade system, and simply change the law to allow some funds to be re-directed to the debt.\n5. Large institutions, such as schools and hospitals, will not have the same amount of funding to keep up their infrastructure. Ontario, and generally Canada and North America, have crumbling infrastructure as many buildings and roads were made in the same time period and have not had the appropriate maintenance. Schools and hospitals need renovations for health and safety, and to increase energy efficiency. Where will funds for these renovations come once cap and trade is cancelled?\n"
    },
    "9154": {
        "url": "/comment/9154",
        "comment": "The cancellation of cap and trade in Ontario is a big mistake. Making industries pay for their carbon footprint is the right thing to do for the environment. It is also a useful source of income to fund projects which will benefit all Ontarians. Show some leadership. Demonstrate that you have thought about the issue instead of making some knee jerk response.\n"
    },
    "9155": {
        "url": "/comment/9155",
        "comment": "This policy is a regressive step back in the fight against climate change, which is an unprecedented challenge that threatens the future of all Ontarian. It moves Ontario away from a responsible and cost-effective policy to curb carbon emissions and brings nothing but uncertainty and a lack of an achievable plan, and vague promises, in its wake. It is all the more concerning - as a voter, Ontarian, and parent - in the wake of increasingly dire scientific warnings and overwhelming consensus that we have very limited time to collectively turn the tide against irreversible climate change. This is only underscored in the latest report by the Intergovernmental Panel on Climate Change, which should give the new Ontario government pause and ample reason to reverse the dangerous course it has set. The dismantling of existing cap and trade programs, and environmental policies writ large, by the new Ontario government will only further undermine our ability to move to a lower carbon future in the short time we have - and all for irresponsible, short-term political gain contrary to the public interest and greater good. Instead of building on the progress achieved in Ontario to put a price on carbon and advance clean energy and growth, this proposition is a needless addiction of leadership from Canada's most populous province and largest economy. It will go down in history as a huge and costly mistake, where our future - and that of our children - was mortgaged for greed.\n"
    },
    "9156": {
        "url": "/comment/9156",
        "comment": "Putting a price on carbon was working in Ontario. Just one of our 4 annual carbon credit auctions generated $400+ million in revenues mandated for spending only on GHG emission reducing projects, such as EV vehicle subsidies, EV charging infrastructure to reduce range anxiety and increase EV uptake, as well as home energy efficiency programs and incentives to save GHGs and operational expenses. No industry battle cry was heard, capped emitters complied, and Ontario was abuzz with green industry and innovation. A voluntary carbon market was being discussed that could have opened up Ontario's carbon market even further with the creation of revenue streams for anyone (FN communities, governments, farmers, NGOs) creating carbon sinks using our vast land resources in Ontario.\nBut in June, when Doug Ford\u2019s government scrapped it all they killed that spirit of innovation and put all that program planning and taxpayer investment to waste, they also ruined Ontario's reputation as a climate change leader, and shirked Ontarians' responsibility as global citizens to reduce our GHG emissions for sake of our own wellbeing and survival, and that of future generations. They sent a message to people that they can keep pumping fossil fuels into our atmosphere with no consequence, when in fact the consequences are enormous. Just look at the costs individual homeowners, businesses and governments have had to bare in property damages already as a result of extreme weather due to anthropogenic climate change! Any government that says they work for the people and yet are complicit in increasing the cost burdens of climate change are lying to people. I have asthma and I can actually feel how bad the air quality is getting in the city with all the cars and the traffic, I breath more shallowly on bad air days as there is less oxygen in the air. Doesn't the current Ontario government know that just the cost of asthma medicine for one year and the stress of not being able to breath, will far outweigh any money I or other sufferers might save on gas?!\nOur health and our planet are priceless and all that matters really, and it is a violation of human rights to not act to mitigate and adapt to climate change as quickly as possible. Ontario's Cap and Trade Act and Climate Change Action Plan were groundbreaking pieces of legislation for the Province developed through fulsome public and expert consultations and to lay all that good work to waste is criminal.\nI call on the current government of Ontario to cancel the Cap and Trade Cancellation Act, to give Ontarians back the carbon market we paid for, and to restore the air we breath.\n"
    },
    "9158": {
        "url": "/comment/9158",
        "comment": "In light of the United Nations climate report (https://www.nytimes.com/2018/10/07/climate/ipcc-climate-report-2040.html) cap and trade isn't anywhere near enough, but repealing is clearly worse.\nI want to be able to not worry about dying in my sixties the first time there is a brownout during the heatwave that will be normal, daily weather 24/7, 365. I always, always vote.\n"
    },
    "9159": {
        "url": "/comment/9159",
        "comment": "Please do not repeal cap and trade.  In order to address climate change there must be legislation that has statutory emission limits, legally binding multi-year carbon budgets set 12 years in advance, which apply to the entire term of a single government.  There should be a non-partisan, expert advisory committee with permanent staff to provide reliable advice, and to recommend carbon budgets that will meet statutory emission limits.  The bill should include a requirement to have regular government reports on progress towards meeting the budgets and targets, which are publicly evaluated by the advisory committee and require essential service providers to prepare for climate risks.\nIt has been shown in other jurisdictions and amongst global politicians that the polluter pay principle works and had been adopted in 1992 at the Rio summit.  We need climate action now for our future generations to address climate change.  The targets must be in legislation to hold any government accountable.\n"
    },
    "9160": {
        "url": "/comment/9160",
        "comment": "Please see new IPCC report (http://www.ipcc.ch/report/sr15/) and comments by the economics nobel laureates (https://www.scientificamerican.com/article/economists-who-changed-think\u2026) about how to tackle climate change. These are experts and it is clear unregulated markets do not work. Unfortunately we will pay more for inaction.\n"
    },
    "9161": {
        "url": "/comment/9161",
        "comment": "I am submitting a comment on behalf of my 6 year old child. There needs to be a price on carbon. Everyone needs to be motivated to change how we use energy and how we produce energy. The course of my child's life will depend on what the world does about this crisis in the next 10 years. Will our leaders have the moral courage to address this challenge head on?\n"
    },
    "9162": {
        "url": "/comment/9162",
        "comment": "I am submitting a comment on behalf of my 3 year old child. There needs to be a price on carbon. Everyone needs to be motivated to change how we use energy and how we produce energy. The course of my child's life will depend on what the world does about this crisis in the next 10 years. Will our leaders have the moral courage to address this challenge head on?\n"
    },
    "9163": {
        "url": "/comment/9163",
        "comment": "In reality we have children that we say we love all of our lives. But I don\u2019t understand that when we start to talk about something to protect the lives of those children, like implementing a carbon tax, then we start to say NO. I believe it is necessary that companies that are polluting more (generating more CO2) have to pay more tax. How else are we going to Motivate them to stop? As parents, we are supposed to be the ones standing in the front to say no to pollution. Because don\u2019t forget, pollution doesn\u2019t know the difference between rich and poor. It affects all of us. Please do not get rid of the cap and trade program.\n"
    },
    "9164": {
        "url": "/comment/9164",
        "comment": "To:\tMinister of Environment and Climate Change [sic]\nRe:\tComment on Bill 4, Cap and Trade Cancellation Act, 2018\nBIG STEPS\nI would like the province of Ontario to take big steps in reducing the type of emissions and pollution that are causing climate change and global warming. Recent reports warn of dire consequences if we do not make unprecedented efforts in cutting fossil-fuel use. I would also strongly request that more be done on climate change adaptation. We are all in for a rough ride and we need to work together to effectively deal with climate change impacts.\nONTARIO NEEDS A REAL CLIMATE CHANGE PLAN\nA real climate change plan to reduce emissions will help people save energy and create jobs. It would include Ontario putting a price on pollution, making polluters pay for their emissions and returning the revenues to Ontarians so we can lower our carbon footprint.\nWe need legally binding emissions targets in line with our obligations to the Paris Climate Agreement.  Let\u2019s commit ourselves to having an Ontario 100% powered by clean energy by 2050, or before. Let\u2019s have an Ontario that does not subsidise dead-end industries (i.e., fossil fuel companies) and instead, use these funds to build clean energy solutions.\nCOSTS OF CLIMATE CHANGE\nA 2017 Bank of Canada report warns us that climate change and extreme weather will cost the Canadian economy more than $20 billion per year by 2050 unless provinces reduce their carbon footprints.\nSource: https://www.bankofcanada.ca/2017/03/thermometer-rising-climate-change-c\u2026\nRUN AWAY CLIMATE CHANGE = RISK OF EXTREME DROUGHT, WILDFIRES, FLOODS, FOOD SHORTAGES\u2026\nThe recently released report by the UN Intergovernmental Panel on Climate Change (IPCC), warns that the planet will reach the crucial threshold of 1.5 degrees Celsius (C) above pre-industrial levels by as early as 2030, advancing the risk of extreme drought, wildfires, floods and food shortages for hundreds of millions of people.\nWe have been informed that our planet is already two-thirds of the way there, with global temperatures having warmed about 1 degree C. Not going even higher will require significant action in the next few years.\n\"The window on keeping global warming below 1.5 degrees C is closing rapidly and the current emissions pledges made by signatories to the Paris Agreement do not add up to us achieving that goal,\" Andrew King, a lecturer in climate science at the University of Melbourne added King.\nSource: https://www.cnn.com/2018/10/07/world/climate-change-new-ipcc-report-wxc\u2026\nCURRENT EXTREME WEATHER EVENTS IN MY REGION\nTornadoes on Friday, September 21 [this year]: \u201cWhile the Ottawa region is not immune to this type of weather, a storm of this intensity has never occurred there, explained Global News chief meteorologist Anthony Farnell.^\n\u201cWhat made the setup on Friday particularly dangerous was that a strong \u2018fall-like\u2019 storm was interacting with near record summer heat and humidity,\u201d Farnell said. \u201cThe timing of the front moving through Ottawa also maximized the amount of heating that occurred during the afternoon giving even more energy to the storms.\u201d\nExcerpt from article by Rebecca Joseph, National Online Journalist,\nBreaking News, Global News September 24-25, 2018\n"
    },
    "9165": {
        "url": "/comment/9165",
        "comment": "I am a university student and lifelong London resident who is preparing to dedicate my life to the health of Ontarians as a healthcare professional. What concerns me about the Cap and Trade Cancellation Act is the way it will affect the wellbeing of my community.\nThe IPCC has set 1.5 degrees of global warming, anticipated to be achieved in 12 years at current rates, as the difference between life or death on the planet. The impact of climate change on human health is, however, already evident in London. As reported by the Middlesex-London Health Unit publication in 2014, our community has experienced rising rates of heat-stress related mortality that correlate with rising temperatures, and mortalities are expected to double by 2031-2050 and increase six-fold by 2071. Furthermore, the incidence of smog-related respiratory illness has also increased, while the risk for vector-borne diseases in our community is expected to grow with rising temperatures, particularly since our city houses an international airport that receives over 400 000 travelers each year. Furthermore, 22.2% of children in London live in poverty, 71 000 live in low-income households, and like other Ontario communities, our population is aging. This means that at a large proportion of our population will be poorly prepared to cope with the threats of climate change, which will result in poor community health.\nThe cap and trade emissions program with the carbon tax is an essential tool for the government to support the wellbeing of Ontarians for the present and the future. It has been recommended as the most effective strategy to reduce carbon emissions by Nobel Prize winners Paul Romer and William Nordhaus and furthermore, our cap and trade system to date has reduced Ontario\u2019s emissions below 1990 levels by 2016. Furthermore, the cap and trade program is beneficial to Ontario financially. Carbon taxes have raised $2.87 billion in revenue for the province, and the $5 million in reimbursement our province would have to pay is estimated to be 100 times too low, a cost our province, communities, and homes just can\u2019t pay.\nClimate change is the biggest threat to the health and wellbeing of our communities, and our future must be carbon neutral. Please make the responsible decision for your constituents and do not eliminate the Cap and Trade system.\n"
    },
    "9166": {
        "url": "/comment/9166",
        "comment": "Please do not repeal cap and trade. In order to address climate change there must be legislation that has statutory emission limits, legally binding multi-year carbon budgets set 12 years in advance, which apply to the entire term of a single government. There should be a non-partisan, expert advisory committee with permanent staff to provide reliable advice, and to recommend carbon budgets that will meet statutory emission limits. The bill should include a requirement to have regular government reports on progress towards meeting the budgets and targets, which are publicly evaluated by the advisory committee and require essential service providers to prepare for climate risks.\nIt has been shown in other jurisdictions and amongst global politicians that the polluter pay principle works and had been adopted in 1992 at the Rio summit. We need climate action now for our future generations to address climate change. The targets must be in legislation to hold any government accountable.\n"
    },
    "9167": {
        "url": "/comment/9167",
        "comment": "I am not in favour of ending cap and trade. Now more than ever we need to have wise leadership in Ontario to reduce our carbon footprint. Cap and Trade was working and should be continued.\nIt is unfortunate that the emphasis is on ending a program which was aimed at reducing carbon while at the same time providing many green jobs. It is certainly suspect that unemployment has increased as these new green jobs have been phased out. If the new government has a plan for reducing carbon people should hear about it so it can be compared to cap and trade. As it stands all we have is loss. Loss of jobs, loss of 2 billion a year coming into the province and loss of the 30 million set aside to fight something we should be embracing for all people and all generations and the very survival of the planet.\n"
    }
}