{
    "10094": {
        "url": "/comment/10094",
        "comment": "It is incomprehensible and frankly, unbelievable, that any political 'leader' would consider tampering with the environment at this point in time.  So many have worked so very diligently to even begin to set things right with our environment.   Canada and, in particularly, the province of Ontario, has been seen as leaders in cleaning up the environment for current and future generations.  And now, this 'leader' wants to toss that away for the sake a few tax dollars.\nI'm extremely saddened and shocked that it would even be suggested.  Shame on all of us if we allow this madness to continue.\n"
    },
    "10095": {
        "url": "/comment/10095",
        "comment": "To the Ministry of Environment, Conservation and Parks,\nThank you for the opportunity to contribute to this important consultation on the future of Ontario\u2019s climate plan.\nWe know from the recent Intergovernmental Panel on Climate Change (IPCC) report that we are dangerously close to crossing the catastrophic 1.5C tipping point that would lead to runaway climate change.\nIt is in the context of this dire warning that I ask the Ontario government to take urgent action to reduce our emissions and formulate a plan for adapting to a changing climate.\nSummary\nBill 4 fails to match the urgency of the climate crisis and represents a major step backward in the fight against climate change.\nIt is unfair and unreasonable to eliminate the province\u2019s only climate plan without being transparent with the public about the plan to replace it.\nBill 4 closes Ontario for business to the $26 trillion global clean economy and will have a negative effect on clean jobs and investment.\nThe way forward: Recommendations for a credible climate plan\nAdopt carbon fee and dividend\nFocus on energy efficiency in homes and buildings\nElectrify our transportation system\nSupport jobs and investment in the clean economy\nMake our electricity system clean, affordable, and community-owned\nPrepare Ontario for climate impacts\nAnd please, we must have Clean Air to breathe.....    I have asthma, and all the particulate dust in the air is Very Hard for breathing.  Removing carbon caps makes already bad air worse.  Please consider the health of our citizens.  It is the very air we breathe that sustains us in life.   Thank you.\nSurely it is a good idea to have doors and windows that fit, even older homes.  Surely retrofits are also necessary for people who are not millionaires.\nPlease do not undo programs that help make life better for the majority of citizens, not simply for large oil companies and rich people.  Thank you.\n"
    },
    "10097": {
        "url": "/comment/10097",
        "comment": "I am not actually wishing to be anonymous, but I don't have a password to go with my e-mail, so here I go.\nI think that environment concerns are of the utmost importance in the world today. Canada is part of the world, and so is Ontario.\nI think that any bill that does not do everything we can possibly do to halt the continuing advancement of climate change should not be put forward in Ontario.\nBill 4 is a cancellation act. It should not be passed. It should remain in place until, and only until, the current government has a better plan. This better plan must take into account the knowledge and experience of scientists, environmental activists, the general public, and those who study these matters, but may belong to other political parties.\nThis, of course, will take time and intent.\nI won't give you my name, but I am a citizen of Canada and a resident of Ontario.\nPlease think again before passing Bill 4.\n"
    },
    "10098": {
        "url": "/comment/10098",
        "comment": "I'm am totally opposed to cancelling\nthis bill. This is shameful. I am also appalled that Premier Ford is spending Ontario tax payers money on promoting his insane campaign against the Federal Government Carbon Tax.\nBoth make economic and scientific sense and will positively reduce greenhouse emissions.\n"
    },
    "10099": {
        "url": "/comment/10099",
        "comment": "Given the clear and alarming report of the Intergovernmental Panel on Climate Change released yesterday, I am disturbed (to put it rather mildly) by Bill 4 which has been tabled in the Ontario legislature. It is imperative on all of us, but especially governments and their agencies, to do whatever can be done to engage in efforts to lessen the effect of human endeavours on climate change. For the past half century I have studied (professionally) the relationship between environment and human society since the beginning of the Holocene 12,000 years ago, and it is abundantly clear to me and to my colleagues that: (a) our reliance on fossil fuels for energy has resulted in the current situation, and (b) that if we act NOW, there is still time to prevent the impending catastrophe. But we cannot delay, we must act now! Passage of Bill 4 will be a appalling mistake!\n"
    },
    "10100": {
        "url": "/comment/10100",
        "comment": "Thank you for the opportunity to contribute to this important consultation on the future of Ontario\u2019s climate plan.\nBill 4 fails to match the urgency of the climate crisis and represents a major step backward in the fight against climate change.\n    It is unfair and unreasonable to eliminate the province\u2019s only climate plan without being transparent with the public about the plan to replace it.\n    Bill 4 closes Ontario for business to the $26 trillion global clean economy and will have a negative effect on clean jobs and investment.\n    Pollution pricing must be a pillar for a climate plan to be efficient and effective.\n    A credible climate plan would include binding targets to shift Ontario towards being 100% carbon neutral by 2050, supported by specific measures in the areas of energy efficiency, home and building heating, transportation, electricity, and climate adaptation.\nAdopt carbon fee and dividend\n    Support jobs and investment in the clean economy\nPrepare Ontario for climate impacts\nthanks, Patrick\n"
    },
    "10102": {
        "url": "/comment/10102",
        "comment": "I agree with the Green Party that Bill 4 \"fails to match the urgency of the climate crisis and represents a major step backward in the fight against climate change.\"\nI also agree with the Greens that it is \"unfair and unreasonable to eliminate the province\u2019s only climate plan without being transparent with the public about the plan to replace it\". I deliberately looked at your website to check the exact wording of the bill, hoping to find out what the changes would entail, and found it very hard to follow. Is this, in fact, obscurantism?\nA grandmother of three young children who deserve a healthy and safe future, and the mother of a scientist who is currently working with European teams to measure the effects of climate change on the air and oceans (my daughter is a metrologist), I hope very sincerely that Ontario (for example) will think again, and more carefully, about the serious measures we need to take to limit damage from man-made emissions, and let us know, in terms that everyone can understand, what those measures will be. If taxes need to be increased, so be it; for the sake of what is at stake, I for one would be willing to put up with this.\n"
    },
    "10105": {
        "url": "/comment/10105",
        "comment": "I am opposed to what the new Ontario givernment is doing to eliminate cap and trade. This is not a bad tax. It is a system to encourage responsuble action by busunesses and consumers to take action to reduce carbon omissions. Please support this initative for the sake of the planet and for the generations of those who will follow.\nRemoving what is in place with nothing better to offer is not acceptable.\n"
    },
    "10106": {
        "url": "/comment/10106",
        "comment": "Repealing the current environmental bill before even a draft of a new plan is available is irresponsible. It gives organizations an opportunity to pollute our environment in the meantime, against the best interests of Ontario citizens AND the very humans operating these organizations.\nI did not vote for your government. You stand for everything I don't.  And you have a duty to consider all opinions and the majority opinion, even if it is against your agenda. This bill is not in the best interests of Ontario, Canada, or Planet Earth. In your first 100 days, all you have done is repealed everything important and replaced it with $1 beer. Seriously, the future of my children is at risk. Changing the status quo requires our environmental protections to be stronger, not weaker. The economy will follow. The sector will change. It has to.\n"
    },
    "10108": {
        "url": "/comment/10108",
        "comment": "The time remaining to turn the climate ship around dwindles rapidly.  The most recent, most widely accepted scientific assessment is 12 years before the increased risk of more violent storms, decreased arable land, shoreline devastation, devastating forest fire damage and consequent increased population migration pressure, property loss, and species extinction all become irreversible.  This is not a time to substitute a plan that has proved workable in a number of environments including our own with a plan that has not even reached the drawing board stage.  While the Ontario electorate did vote for a change in government, they did not vote for a platform that did not exist. They did not vote for the undoing of every bill passed by the previous government without some actual evidence that a better choice could be offered.\nI am a senior citizen.  I may not live to see the consequences of this seemingly vindictive legislation.  My children and grandchildren will suffer the long term economic and physical hardship of the propose short term benefit to the wealthiest Ontarians today.  That is in not way fair, no way \"for the people.\"\n"
    },
    "10109": {
        "url": "/comment/10109",
        "comment": "Cancelling a working policy on carbon emission reduction is, to put it bluntly, stupid. Cap and trade arguably has flaws, but it was generating money for Ontario's infrastructure.  Having no plan in place to better the current one is also stupid.  Well actually you do have a plan--it seems your plan is to create a plan............\n"
    },
    "10110": {
        "url": "/comment/10110",
        "comment": "I'm so angry and disappointed at the Premier's uneducated slash and burn approach to \"saving money\" which is Ford-speak for sending money already ALLOCATED to serve the people of Ontario into the pockets of Corporate forces who supported his campaign. His actions are corrupt. The recent deeply scary climate change report should be BRINGING US TOGETHER for drastic acting to stem disaster, and instead he's repealing the actions we have in place.\nFord's government is spending tax payer money reversing programs that are already paid for and calling that \"saving money.\" It's gross, undemocratic and in terrible faith with the people he's supposed to be serving.\n"
    },
    "10111": {
        "url": "/comment/10111",
        "comment": "We know from the recent Intergovernmental Panel on Climate Change (IPCC) report that we are dangerously close to crossing the catastrophic 1.5C tipping point that would lead to runaway climate change. It is in the context of this dire warning that we call on the government to take urgent action to reduce our emissions and formulate a plan for adapting to a changing climate.\n"
    },
    "10112": {
        "url": "/comment/10112",
        "comment": "By cancelling Cap and Trade you are helping in condemning not only us but your children and their children to potential extinction.\nThis is not a political issue. This is a humanitarian issue.\nIt\u2019s time for politicians to finally realize that if they truly care for the community they serve then it\u2019s time to create and maintain legislation that is there to protect us. By cancelling it is clear that they don\u2019t care. You don\u2019t care.\nMy hope is you see reason and common sense prevails. For the sake of human kind.\n"
    },
    "10115": {
        "url": "/comment/10115",
        "comment": "Cancellation of the cap and trade policy doesn't appear to be an action followed by equitable proposed future actions. Cap and trade tax has already proven to improve smog and pollution and would continue to encourage business owners to innovate towards carbon pollution reduction and invest in the means to be more environmentally responsible. The proposed bill to replace this cap and trade policy won't be able to hold any company quantitatively accountable for the amount of carbon pollution they may or may not create. It is therefore not progressive to cancel cap and trade and will not benefit Ontarians, or any other living thing worldwide. The taxes gained from cap and trade are inherently and quite obviously helpful to Ontario for the contribution to social efforts. If it truly is leading to increased gas prices, then policies need to be put in place ensuring that the tax penalty awarded to polluting companies can not be turned to the consumer. The tax is designed as incentive for innovation of the businesses and not to be passed on to the consumer. There should be more public regulations regarding environmental action with a significant motivation to progress towards zero waste, zero pollution communities. We have seen the innovation business is capable of, and we can expect them to overcome any and all hurdles in front of them. As consumers we are left without the option to be environmentally conscious when the only options often have negative consequences in some way. Policies like cap and trade allow the consumer to benefit from pollution by provincial extension. If the province can benefit from pollution, and businesses are actually motivated to innovate and improve, then the consumer - the voters, the population of Ontario and our global community are better off for it.\n"
    },
    "10116": {
        "url": "/comment/10116",
        "comment": "The UN has come to the conclusion that drastic changes are necessary to protect our environment. This is a step backwards, and it politicizes the environment, chooses short-term gains over huge long-term losses, and defies all current environmental science. This is appalling that this is even a proposed bill in 2018.\n"
    },
    "10118": {
        "url": "/comment/10118",
        "comment": "Bill 4 should be modified to consider the recommendations made by the Environmental Commissioner Dianne Saxe in her recent report.\nThere should be accommodations made to ensure the Far North indigenous communities (such as the Nishnawbe Aski Nation) are able to adequately manage the speed of change in their environment.\nThe changes of migratory patterns and abundance of wildlife species is already apparent.\nThe challenges these communities face is exemplified by the increased unpredictability of the ice road network - which in many communities is the only link to supplies other than expensive air transport\nEncourage innovative programs such as wood stove changeout that will help northern and rural communities control their emissions by using modern low emission, clean burning  wood stoves that require a reduced volume of wood to supply the level of heat.  Using wood heat keeps money in the local economy rather than paying for fossil fuels imported from elsewhere. It shovel be noted that Canada and Ontario is the home of modern wood stove manufacturers.\nMake informed decision on how to help rural and northern communities - that consider lower population densities and long travel distances\nProvide economic rewards to companies such as GoldCorp that do the right thing - such as the development of new \"all-electric\" mine near Chapleau\nDo a serious value for money review of provincial (and arms length agencies) buildings energy efficiency and immediately implement the recommendations\nEnshrine long-term greenhouse gas (GHG) reduction targets in law, as was the case under the 2016 Climate Change Mitigation and Low-carbon Economy Act.\nGHG reduction targets set at at a level consistent with Ontario doing its fair share towards achieving the Paris climate agreement target. To avoid overshooting the Paris agreement goal of limiting warming to 1.5\u00b0 Celsius would entail a minimum 50% reduction in GHG emissions by 2030 and achieving net-zero emissions by 2050.\nI believe a permanent  Committee of the Legislature be established with monthly public sessions to provide transparency and reporting on progress on what the Province is doing on this topic.\nThe permanent Committee would have access to expert committee to propose consecutive multi-year (5-year?) carbon budgets which lead to compliance with the long-term emission reduction targets and would straddle the 4 year election cycle\nThe ECO Commissioner would be expected to report to this Committee at least twice during any calendar year\nI suggest the legal challenge of the federal carbon pricing program while good for headlines - is not a useful way forward if we are to use all the tools required to control global warming and climate change and as such should be abandoned.\nConsider redeploying GreenON so it can be repurposed for a results driven effort to control emission and provide citizens with advice, incentives and other tools to allow them to reduce their climate impacts.\n"
    }
}