{
    "6124": {
        "url": "/comment/6124",
        "comment": "Do NOT cancel Cap & Trade - it\u2019s working.\nSTOP cancelling the Liberal Gov programmes without replacements.\nYou must have had something in mind that was better when you discussed cancelling C&T in the first place.\nSTOP living in the past, most people even those that voted for the PC Party are moving forward.\n"
    },
    "6126": {
        "url": "/comment/6126",
        "comment": "For Ontario to go it alone on Climate Change is bad policy and results in worse outcomes. GHG will go up. Negative health outcomes will go up and with that healthcare dollars will be required.  The Ford government does not have a track record that reassures me that all people will be considered in his administration's approach to environmental protection. I fear business interests will come first and the little guy (who likely will be women and children and the most vulnerable in our society) will suffer the most. Ontario should not go it alone but work with the best science, economics and human behaviour we have access to today to protect the future for all.\n"
    },
    "6127": {
        "url": "/comment/6127",
        "comment": "I strongly disagree with this legislation. You have  responsibility to the people to protect the environment for future generations. You also have a responsibility to not squander investments that have already been made. According to Dianne Saxe, the cap and trade programme was beginning to work and you basically throwing that out. This does not make financial or environmental sense. Please reconsider this.\n"
    },
    "6128": {
        "url": "/comment/6128",
        "comment": "This is horrifying that our government is standing by to allow further destruction of the planet. We only have one Earth and science is Undisputed on the fact that we are causing it to get hotter it's also Undisputed on the fact that that heat will cause extinctions and those extinctions will affect us in our food chain. This isn't just about the animals this is about protecting ourselves protecting our future and protecting our children. Systems like cap-and-trade are the right way forward for the world. And if we don't engage in these sorts of things right now the results could literally be apocalyptic\n"
    },
    "6130": {
        "url": "/comment/6130",
        "comment": "I am concerned that our government is abandoning the fight against climate change and at the same time is wasting even more tax payers dollars to do it. The recent announcement about going to court over the Federal carbon tax makes no sense just like the dropping of the cap & trade system. It will result in even more money wasted with little prospect of actually succeeding.\nThe Cap and Trade system in Ontario made sense to me along with the incentives it paid for to encourage people to make their homes more energy efficient. It also encouraged businesses to be more climate friendly. To that end I could support increased prices in some areas. Now that this has ended, the costs to unwind it will be paid by tax payers as well as a carbon tax that will be imposed on the province in the future. Again this will cost the provincial tax payers more. I believe the study on cap and trade determined it would be cheaper for Ontario tax payers to have cap and trade as opposed to the carbon tax. So again here is a decision that does not seem intelligent and panders to those who are ill-informed. On top of that nothing is happening to incrementally help fight climate change. Unfortunately the government was only elected with about 41% of the popular vote (about 24% of those eligible to vote). You should remember you are the government of all the people and the other 76% may not share your priorities. So you should be consulting and making intelligent decisions.\n"
    },
    "6132": {
        "url": "/comment/6132",
        "comment": "This bill is a regression for the province. Not only have studies shown that Cap and Trade was effective in reducing emissions and promoting environmentally sustainable projects, but it will reduce Ontario's competitiveness in the trillion dollar global industry of environmental solutions. I know that this cancellation will lead to increased emissions due to lower pecuniary penalties to industry while also damaging the future of Ontario's economy. Further, I have no faith that this government will develop a better plan in the necessary timeline to reduce the impact of climate change on our planet.\n"
    },
    "6133": {
        "url": "/comment/6133",
        "comment": "As a physician, and as a rural hobby farmer, I see the effects of climate change on a regular basis.  As a taxpayer, I see the enormous cost (both current/ongoing and potential) for failing to prevent the worst climate change outcomes.\nThe Cap-and-Trade program was just barely working, but in time it would work better, especially as the cost per ton CO2 goes up.\nA carbon pricing plan is the only way to allow the free market to lower GHG emissions (endorsed by many free-market think tanks, like Canada's Ecofiscal Commission, and the Manning Centre for Building Democracy), and is well proven to be effective in most jurisdictions.  Cancelling it due to ignorantly campaigning on the cancellation is foolish.  As a physician, I have to regularly alter treatment plans due to new knowledge.  Once the Ford gov't took over, their being unable to learn when new knowledge is presented (eg the report from the Environmental Commissioner) is dangerous.\nAdditionally, if the Gov't wants to argue that they have to do this because this is what they were elected to do, then they also need to continue the universal income supplement project that Ford promised to _not_ cancel.\nSo, either you are choosing to remain ignorant (ignoring new data), or are dishonest (justifying bad decisions with \"it's an election promise,\" but then flip-flopping on another election promise).\nThis is not good government.\n"
    },
    "6136": {
        "url": "/comment/6136",
        "comment": "Do no support the repeal of our current Cap and Trade agreement.\n-This is not a tax rather an environmental initiative that is already and will continue to have a positive impact in ON and our partners in the program\n-Climate change is happening now.  Removing any legislation and regulation that deals with the impacts of climate change and which tries to reduce emissions of carbon is not a step forward for Ontario.\nThe Conservative government does not speak to the majority of ON population but will cater to the private sector interests if they push this act through.\nLet's not go back to the 1990's but continue to move ON in the right direction in terms of climate change mitigation.\n"
    },
    "6137": {
        "url": "/comment/6137",
        "comment": "Fighting the carbon problem is the most important issue this generation will face, impacting the generations that will follow. To not choose the tools of the market to tackle the problem is to choose to deny that anthropogenic climate change requires immediate action. Sectorial carbon reduction strategies will do little in the way of mitigating the  environmental challenge we collectively face. See a compendium of work on the subject at 21st Century Tech Blog. Type \"climate change\" in the search window.\n"
    },
    "6138": {
        "url": "/comment/6138",
        "comment": "Cancelling the Cap and Trade system without a vetted or debated alternative is just embarrassing. Yeah you promised to remove it and people voted for you, but that doesn't make it a good idea.\nI am so dissatisfied and disappointed in this. Your government comes across as wreckless and selfish. If you only you understood the distinction between change and progress. They two probably feel the same to you, but they are very different.\n"
    },
    "6139": {
        "url": "/comment/6139",
        "comment": "I am writing in support of urgent action from government for the climate emergency. Cancelling the Cap-and-Trade bill is foolish short-term opportunism by the government in power. Stewart says they are only doing what they said they would do, but that is very selective. Finding the government accounts are in worse shape than reported is also grounds for revising even retracting campaign promises.\nWhile it is true that 44 of 45 cap=-and-trade plans  world  wide have not worked, it is because of political pressures to issue too many allowances at start up,  downgrading the rules of engagement and manipulating the credit auctions to keep the price low.\nBut a rigorous plan is better than no plan at all. See https://nori.com/podcast/31-aldyen-donnelly-on-why-carbon-pricing-hasnt\u2026 for analysis.\nThere is no easy fix to the climate emergency. Even the 2018 Greenhouse Gas Progress Report, Climate Action in Ontario: What\u2019s Next? lowballs the cost and impact of CO2e pollution. More on that later.\nThis could be the end of the ECO office, given current government priorities and ideology. I think it is therefore incumbent on Dianne Saxe to point out all the consequences of her politically nuanced report. Just a few examples:\n- new nuclear plants but no cost for waste and decommissioning included,\n- saying electricity generation has been decarbonized already (off coal but still on nat gas),\n- major increase in bioenergy from wood considered decarbonized (it's not, mainly due to timelag for replacement forest storage),\n- industry emissions reduced by still-uninvented Carbon Capture Use and Storage technologies,\n- makes least current cost the criteria for proposals (which discounts the future - they use 4%/pa) so lowballs cost by delaying outlays, and\n- no recognition of drawdown potential for immediate net reductions from agriculture.\nOntario targets (per Paris) of 30% below 2005 and 70-90% by 2050 (COP22) are inadequate to stabilize below 2dC warming in any humanly relevant timeframe. For reference: Actual Ontario emissions 1990: 179Mt, 2005 205 Mt, 2016 161 Mt, targets 2030 143Mt, 2050 36Mt, all per year. (Ontario's own target for 2030 in the 2016 Act was actually 113Mt/yr, about 20% steeper than Paris.)\n"
    },
    "6142": {
        "url": "/comment/6142",
        "comment": "I disagree with repealing the Climate Change Mitigation and Low-carbon Economy Act, 2016, due to the fact that the new government has not completed any due diligence in understanding the act.  It seems as though a great deal of taxpayer money will be wasted undoing the work that has been done.  Climate change is real and needs to be dealt with.  The premier appears to be looking after his  cronies once again.  The cap and trade program was not a tax as the premier constantly and incorrectly calls it.  To lose any traction on climate change is an abysmal use of resources.\nAlthough the government has not made any progress on reducing gasoline by the 10 cents per litre promised, the fact that they would even consider doing so thereby making it easier and cheaper to pollute is ridiculous.  Stating that they will put $260 back in the pockets of each Ontarian is a waste of time and money.  What will $260 really get anyone over the course of a year?  Keep it and use it for sensible things like reducing emissions, ending hallway health care; adding programs for underprivileged areas.\n"
    },
    "6143": {
        "url": "/comment/6143",
        "comment": "Cap and Trade is an important agreement for Ontario residents and businesses. It is not only about checks and balances (though that is an important part) but the responsibility we all have for each other, businesses, residents, and future generations. Businesses and corporations do have to pay and, yes, this could eat into profits but this loss doesn't have to be felt by the workers if responsible people are in charge. Because this decision to repeal this act isn't about the workers, it is about the owners and executives. Keeping Cap and Trade in place benefits the environment, benefits the worker (because sustainability serves us all) and benefits relations with other provinces and trade as a whole. The only group that won't benefit are the ones at top who don't make as much a profit. They'll still make a lot of money but greed begets greed.\nI'm asking that the environment, the worker, and future generations are given a boost here, and that Cap and Trade is kept in place.\nThank you\n"
    },
    "6145": {
        "url": "/comment/6145",
        "comment": "Linking Ontario's economy with California's was the only thing keeping us afloat in the face of unpredictable U.S. federal manufacturing and trade policies. Good luck with making them angry. We were also just barely at the point where Canadian Gen Xers were considering coming  home from the states to work here. Do Ontario conservatives enjoy their kids and grandkids? On second thought, don't answer that question.\n"
    },
    "6146": {
        "url": "/comment/6146",
        "comment": "Many scientists have long warned that a 1\u00b0C warming was already enough to lock in catastrophic ACD impacts. We are already over 1\u00b0C. The ongoing failure of the world\u2019s governments to face these facts guarantees a lasting and devastating impact for all species on Earth, including humans.\nCancelling the Cap and Trade program is a massive error in judgement. I trust that reason will prevail.\n"
    },
    "6147": {
        "url": "/comment/6147",
        "comment": "Bill 4 is  joke.  It should not even make it to first reading.\nThe following is an email I received from the office of my MPP, Toby Barrett:\n*** We are taking the next step in the fight against the federal govt\u2019s carbon tax. Carbon taxes have nothing to do with the environment & everything to do with increasing government revenues. We are moving forward to keep more money in the pockets of hard-working Ontarians. This is something that was openly campaigned on.\nThat said, the government will be working on alternative programs. Here is a direct quote from Minister Rod Phillips on the issue:\n\u201cOur government takes climate change very seriously and we understand the importance\nof taking steps to ensure we protect our environment. We care a great deal about the\nenvironment and remain committed to take action to encourage lower emissions.\nAs you are aware, I have introduced Bill 4 that requires us to develop a climate change\nplan, set emission reduction targets and report on our progress to the public.\u201d  ***\nThis comment has only made me more resolute in my concern that the Ford government has no idea what they are doing with respect to energy policy.\nThe first idea: to fight the federal government on this, is ridiculous.  Our federal government should absolutely insist that a price be put on carbon.  If this means forcing this on provinces, so be it.  However, if if the federal government were wrong to do this, fighting them in court will be a massive waste of taxpayer dollars.  This was not campaigned on, and should not even be considered.\nNext idea: \"Carbon taxes have nothing to do with the environment...\"  Really?  Is this an opinion?  Is this an attempt to read the minds of every government around the world who has instituted a price on carbon?  I could go on, but this is simply a ludicrous statement.  In addition, putting a price on carbon will absolutely reduce emissions.  This is simple economics.  For example - make gasoline $10/litre and people will drive less!\n\"and everything to do with increasing government revenues\". The cap and trade program was collecting money from the most polluting companies to fund environmental initiatives to help regular people.  Obviously this is/was a good thing.  To cancel this would be irresponsible and pandering to polluting corporations.\nNext the quotation from Rod Phillips our Minister of Environment, Conservation, and Parks:\n\u201cOur government takes climate change very seriously and we understand the importance\nof taking steps to ensure we protect our environment. We care a great deal about the\nenvironment and remain committed to take action to encourage lower emissions.\nAs you are aware, I have introduced Bill 4 that requires us to develop a climate change\nplan, set emission reduction targets and report on our progress to the public.\"\nHe cannot expect to be taken seriously.  Our province had a plan in place which had moved fairly far forward, with a cap and trade program, and initiatives to decrease emissions.  In other words, a plan. Very detailed.  Internet searches still show remnants of the consultation process.  Experts in the field had referred to Ontario as an example of a jurisdiction which was making progress.  And now?  To introduce a bill which will require a plan to be developed?  Hello?  Full stop!  Keep the Green Energy Act.\nCertainly begin a process to study it as well as the results so that this plan can be adjusted and improved upon.  But cancelling with no plan in place would be deplorable.  The opposite of leadership.\nThe 200+ page New Climate Economy report included the conclusion that a price must be put on carbon and carbon taxes /cap & trade programs are essential parts of fighting climate change.  The Ford Ontario government was mentioned as an example of a jurisdiction which was considering \"backsliding\"; in other words, pointed to as an example of what not to do (cancelling the Green Energy Act)\nThe 200+ page report from Ontario Environmental Commissioner Dianne Saxe addressed the cancellation of the Green Energy Act.  It says the Ford government has 'gutted' climate change programs which were working.\n\"Most of the cap-and-trade money was funding energy efficiency programs in Ontario communities in schools, public housing, transit and hospitals, for example, that would have reduced GHGs and saved millions of dollars in energy costs\"\nThese are just 2 examples of detailed reports.  Now, this government wants to say it has consulted the public, so here I am making a comment which should not be necessary.  There are already experts who have looked into this.  No amount of public consultation is needed or likely even helpful.  The public is grossly undereducated about climate change issues and policy.  Focus your energy towards educating the public about the issues instead of cancelling programs which are poorly understood.\nFrom Environment Ontario on twitter: \"Ontario is taking action to scrap the cap-and-trade carbon tax and put money back into the pockets of families. This will help reduce gas prices by 10 cents per litre and save the average family $260 per year.\"\nMy thoughts:\n1. My family could save thousands from the now cancelled Green initiatives.  $260 is paltry, even if it weren't also a terrible idea from an environmental standpoint.\n2. The technology now exists (affordable solar panels, electric cars, etc) to replace fossil fuels with clean energy for many applications. Incentivization through cap and trade (or other price on carbon) will make this happen faster, helping all Ontarians.\n3. Governments should avoid communicating through twitter posts.  Perhaps link to something substantive, but these 240 character thoughts are insulting.  They may be popular to some, but they do not represent leadership.\nAbandon Bill 4, keep the Green Energy Act and reinstitute the Green initiatives now.  Go ahead and consult experts and the public about how they can be improved.  The importance of this issue cannot be overstated, and it is worth far more than \"keeping $260\n"
    },
    "6148": {
        "url": "/comment/6148",
        "comment": "I strongly disagree with the proposal to cancel the cap and trade program. It will end up costing residents of the province more than to maintain our inclusion in the program, especially when considering that the federal government will likely impose its own carbon pricing strategy if the province of Ontario doesn't have one of it's own. The impacts of climate change are real, and will continue to cost Ontario residents real money for weather related incidents. As well, if climate change is not addressed it will decrease quality of life in ways that are difficult to assign a monetary value to, but are tangible nonetheless. For these reasons and more, I do not approve of the Bill C 4, \"Cap and Trade Cancellation Act, 2018\".\n"
    },
    "6149": {
        "url": "/comment/6149",
        "comment": "I support the Cap and Trade program.\nI do not support Bill 4, Cap and Trade Cancellation Act, 2018.\nIt will cost me, a tax payer, in settlements to businesses that will sue the province over the shutting down of the Cap and Trade program. It is already impacting school boards that used the funds from the cap and trade to make needed upgrades to facilities in such a manner as to ultimately save money. As a trustee for the OCDSB in witnessed the 4 million dollars from the Cap and Trade/Greenhouse Gas Reduction Fund that we had in our budget disappear with no acknowledgment from the province of how the OCDSB would come up with that money.\nPlease make sure the Premier's staff knows that I am against Bill 4 as I don't want to hear Doug Ford say everyone is for Bill 4. I know that many people are against Bill 4.\nBill 4 is short sighted and will have near, mid and long term negative consequences.\n"
    }
}