{
    "8083": {
        "url": "/comment/8083",
        "comment": "I want a real climate change plan to reduce emissions, help people save energy and create jobs in the $26 trillion clean economy.\nI want Ontario to put a price on pollution, making polluters pay for their emissions and returning the revenues to the pockets of Ontarians so they can lower their carbon footprint.\nI want legally binding emissions targets in line with our obligations to the Paris Climate Agreement.\nI want Ontario to be 100% powered by clean energy by 2050\nI want Ontario to end subsidies and handouts for fossil fuel companies and redirect this money to clean energy solutions.\n"
    },
    "8084": {
        "url": "/comment/8084",
        "comment": "Ontario needs a real climate change plan to reduce emissions, help people save energy and create jobs in the $26 trillion clean economy.\nPollution has a price. Why should polluters not pay their fair share? If this is a government for the people then they need to support people and insist that polluters pay.\nWe need legally binding emissions targets in line with our obligations to the Paris Climate Agreement.\nOntario can be 100% powered by clean energy by 2050. Why is this not a goal of the government for the people? This is our home.\nOntario should end subsidies and handouts for fossil fuel companies and redirect this money to clean energy solutions.\n"
    },
    "8085": {
        "url": "/comment/8085",
        "comment": "I am getting increasingly fed up with Ford's typically tunnel vision predatory tactics, and his sense of entitlement in terms of fudging facts, relentless campaign of self glorification, his undemocratic tactics, his lack of concern for preserving the environment for this and future generations. Frankly, I cannot understand the blind devotion of hot-dog hungry followers...\n"
    },
    "8086": {
        "url": "/comment/8086",
        "comment": "I am appalled that the current provincial government wants to abolish the cap and trade system.\nThe result will be to do away a funding stream that supports so many important initiatives which can and already have had a positive impact on the looming climate crisis.  I don't want us to lose initiatives like /greenON, the hybrid and electric vehicle subsidy, or funding for schools to replace windows, cycling infrastructure, energy efficiency of social housing or to help municipalities pursue climate friendly initiatives.\n"
    },
    "8087": {
        "url": "/comment/8087",
        "comment": "The Act Proposed is not sufficient as it only cancels the plans to reduce Ontario's pollution emissions without any concrete steps and plans to introduce an alternative plan to do so.\nThe entire world, not just our Province of Ontario, is in the need of reduction in pollution. I live North of Barrie and I commute into Toronto I can clearly see the grey skies. It is very sad looking and depressing. Ontario should be working on cleaning its air from the pollution of our Hamilton industry and such, instead of removing caps introduced.\nCreating cleaner air will create cleaner economy, drive new innovative business, and attract individuals from all over the world to join our community. Cancelling the Cap and Trade Act without introducing a new, better plan to accomplish the same if not more, is merely is a step backwards, not forwards.\nI am a resident of Ontario and I reject this proposal from the bottom my heart. It pains me to see how shortsighted our new government is.\nThink new, think innovative, think outside of the box. Not a \"buck a beer\" type of content - you will not win over nor will attract intelligent population with this kind of thinking.\nPlease make Ontario great and think forward, not backward.\nThank you!\n"
    },
    "8089": {
        "url": "/comment/8089",
        "comment": "Dear Mr. Ford,\nI am very disappointed in your lack of awareness of the climate issues at hand. What are you going to tell our children in the role that you played in the demise of the planet? I ask you to do your job and read the research and understand that you are in a privileged role to make a difference.\n"
    },
    "8090": {
        "url": "/comment/8090",
        "comment": "There is little doubt in the majority of the population's minds, that climate change is real and is impacting both the present and will continue to dramatically impact the quality of life in the future IF we do not step up and act now!\nWe need a real climate change plan to reduce emissions, help people save energy and create jobs in the $26 trillion clean economy.\nOntario needs to put a price on pollution, making polluters pay for their emissions and returning the revenues to the pockets of Ontarians so they can lower their carbon footprint.\nLet's pass legally binding emissions targets in line with our obligations to the Paris Climate Agreement.\nAs an Ontario resident, I want to be 100% powered by clean energy by 2050\nLet's make sure Ontario ends subsidies and handouts for fossil fuel companies and redirect this money to clean energy solutions.\nOur health and our future depend on this! Thank you!\n"
    },
    "8091": {
        "url": "/comment/8091",
        "comment": "I strongly believe Canada needs to step up and be a leader in green technology. This is not the time to get rid of programs designed to move us in that direction. For what it's worth, I didn't vote for Doug Ford, and I certainly wasn't a part of his \"extensive consultation\" about removing carbon tax and killing the cap and trade program.\n- I want a real climate change plan to reduce emissions, help people save energy and create jobs in the $26 trillion clean economy.\n- I want Ontario to put a price on pollution, making polluters pay for their emissions and returning the revenues to the pockets of Ontarians so they can lower their carbon footprint.\n- I want legally binding emissions targets in line with our obligations to the Paris Climate Agreement.\n- I want Ontario to be 100% powered by clean energy by 2050\n- I want Ontario to end subsidies and handouts for fossil fuel companies and redirect this money to clean energy solutions.\n"
    },
    "8092": {
        "url": "/comment/8092",
        "comment": "I want Ontario to put a price on pollution, making polluters pay for their emissions and returning the revenues to the pockets of Ontarians so they can lower their carbon footprint.  Ontario should be investing in clean energy initiatives of research and development and in legislating for binding emissions targets as per the Paris Climate Agreement.\n"
    },
    "8093": {
        "url": "/comment/8093",
        "comment": "We've just lived through one of the hottest summers on record and experienced devastating tornados and hail storms in the Ottawa area. Climate change is real!\nI therefore want a real climate change plan to help reverse or at least stop this self-destructive trend that humanity is on!\nThis includes:\n1)Putting a price on pollution in Ontario, making polluters pay for their emissions and returning the revenues to the pockets of Ontarians so they can lower their carbon footprint.\n2) Legally binding emissions targets in line with our obligations to the Paris Climate Agreement.\n3) I want Ontario to end subsidies and handouts for fossil fuel companies and redirect this money to clean energy solutions.\n4) Ontario should set a target to be powered by clean energy by 2050, with none or very few exceptions!\nI cannot believe that Mr. Ford, having witnessed the destruction in the Ottawa area firsthand, could be so careless and callous about climate change!\n"
    },
    "8094": {
        "url": "/comment/8094",
        "comment": "\u2022\tI want Ontario to be 100% powered by clean energy by 2050\n\u2022\tI want Ontario to end subsidies and handouts for fossil fuel companies and redirect this money to clean energy solutions\n\u2022\tI want Ontario to put a price on pollution, making polluters pay for their emissions and returning the revenues to the pockets of Ontarians so they can lower their carbon footprint.\n\u2022\tI want legally binding emissions targets in line with our obligations to the Paris Climate Agreement.\n\u2022\tI want a real climate change plan to reduce emissions and help people to save energy\n"
    },
    "8096": {
        "url": "/comment/8096",
        "comment": "I want a real climate change plan to reduce emissions, help people save energy and create jobs in the $26 trillion clean economy. Scrapping the cap and trade program would allow emissions and energy use to go unchecked, and it would create minimal short term jobs.\nI want Ontario to put a price on pollution, making polluters pay for their emissions and returning the revenues to the pockets of Ontarians so they can lower their carbon footprint. The money we get from putting a price on pollution can be used for a multitude of government programs to help Ontarians, like retrofitting buildings to be more energy efficient so there's less wastage of energy.\nI want legally binding emissions targets in line with our obligations to the Paris Climate Agreement. Canada signed the Paris Climate Agreement and we are obligated to uphold our end of the agreement for the good of Ontarians, Canadians, and the world. We have all agreed that climate change is a major issue that threatens humanity as a whole, and we need to do all we can to prevent it from worsening and try and roll back it's severity.\nI want Ontario to be 100% powered by clean energy by 2050. Non-renewable and polluting energy sources are unsustainable and expensive. The more we invest in clean energy, the quicker we can get there, save money, and live more healthily.\nI want Ontario to end subsidies and handouts for fossil fuel companies and redirect this money to clean energy solutions.\n"
    },
    "8098": {
        "url": "/comment/8098",
        "comment": "I reject the climate cancellation bill.\nI want:\nA real climate change plan to reduce emissions, to help people save money by saving energy and to create jobs in the $26 trillion clean economy.\nAdoption of a price on carbon pollution through a fee-and-dividend plan, which would charge polluters and return the money to the pockets of Ontarians.\nLegally binding emissions targets in line with our obligations to the Paris Climate Agreement.\nThe redirection of fossil fuel subsidies into clean energy solutions.\nYours sincerely,\nOttawa, Ontario\n"
    },
    "8099": {
        "url": "/comment/8099",
        "comment": "Why the Province of Ontario wants to take us back to the middle ages when heating was with wood? Let's cut all the forest to heat our houses? Or take us back 100 year when oil started to seriously replace wood? Why you do not want to follow  what we and most nations have already agreed to do for the protection of the environment?\nMr. Ford; no matter how much money you make for yourself or all your businesses, you will not take it with you to your afterlife. Of course, you are too selfish and you only care about things beneficial to yourself and your family; but even them will suffer with the the pollution your misinformed decisions will create.\nYou might not have the capacity to comprehend the impact an oil or wood based economy have on the environment; but stop being so arrogant and greedy that you do not listen to the experts in the field of sustainable environment. Oil is the past, it is a finite resource that should be used for something different than burning it in cars, most modes of transportation and inefficient machines and systems that are all very inefficient.\nAs an Ontario resident I oppose Bill 4 and all the new changes you are planning to force upon us and in degradation to the environment and the way of life of Canadians. Of course, you might like to be a DICTATOR and go ahead regardless of the will of the people of Ontario; but just remember that pollution affects us all (then again, you probably expect ut to just get drunk with your dollar bear until we get brain damage enough to not understand the consequences of the policies issued based on ignorance).\n"
    },
    "8102": {
        "url": "/comment/8102",
        "comment": "I want Ontario to be 100% powered by clean energy by 2050. To get there, we must end subsidies and handouts for fossil fuel companies! I firmly believe we must respect our obligations to the Paris Climate Agreement and enforce legally binding emissions targets.\nI want Ontario to put a price on pollution, making polluters pay for their emissions. I want Ontario to return the revenues from such taxes to research clean energy solutions.\nOntario MUST embrace real climate change plans to reduce emissions and help people and the private sector save energy and lower their carbon footprint. Future generations have every right to expect this much from us. Let this be our legacy: scrap the current Bill 4 proposal!\n"
    },
    "8103": {
        "url": "/comment/8103",
        "comment": "I would like Bill 4 to be rejected. I am an Ontarian who wants a real climate change plan to reduce emissions, help people save energy and create jobs in the $26 trillion clean economy.\nI want Ontario to put a price on pollution, making polluters pay for their emissions and returning the revenues to clean energy initiatives.\nI want legally binding emissions targets in line with our obligations to the Paris Climate Agreement.\nI want Ontario to end subsidies and handouts for fossil fuel companies and redirect this money to clean energy solutions.\n"
    },
    "8104": {
        "url": "/comment/8104",
        "comment": "There are a lot of approaches that can be taken to reduce destructive industry impacts on the environment, but the one that's fairest, hurts families least, and actually encourages good corporate actions is carbon tax (with cap and trade as one possible approach). It's short-sighted, irresponsible policy to abandon what's been working. Economists and environmental advocates don't see eye to eye on too many things, but they do on this. Please wake up and reconsider. You're already in power. Use that power for the good of the people of Ontario and their children,\n"
    }
}