{
    "10529": {
        "url": "/comment/10529",
        "comment": "The submission by the Green Party of Ontario succinctly gives the most important reasons why Bill 4 should NOT be passed.  It's measures would set back future economic opportunities for Ontario industries and the health of all current generations of Ontarians as well as future generations. Passage of Bill 4 might seem to save money now, but it would cost dearly in the future.\n"
    },
    "10530": {
        "url": "/comment/10530",
        "comment": "To the Ministry of Environment, Conservation and Parks,\nThank you for the opportunity to contribute to this important consultation on the future of Ontario\u2019s climate plan.\nDoug Ford was elected without a clear platform. Ontarian's therefore do not necessarily agree to this policy cancellation because they were not aware that this was even part of his platform to begin with.  This change to the Cap and Trade policy was not transparent, and will nullify years of hard work by the previous governments of Ontario and hard working citizens, costing Ontarians money.  Additionally there is no proposed back up plan to otherwise mitigate carbon emissions by the government of Ontario.  In fact subsequent legal action against the Federal Government, as is planned by Doug Ford in 2019, will waste more taxpayer money.  Citizens should have a chance to vote in a referendum on this change in policy. Additionally, prior to any referendum citizens should be provided with a transparent, audited assessment of the specific costs of any litigation against the Federal government and cancellation of the policy, compared to the perceived costs of the Cap and Trade policy to citizens and businesses in Ontario. This assessment should span the next 5+ years in Ontario and take into account how much money it took to develop the policy in the first place.  The government cannot assume that citizens support this change simply because they voted conservative for premier this year.\nOntario is home to the single largest reservoir of freshwater in the entire world: the great lakes.  As such our Ontario government should work to protect our environment, which includes airborne emissions, as a matter of global necessity.  This type of resource is uncommon on planet Earth, and can absolutely be valuable for industries, but only if utilized in a protected, sustainable, and thoughtful way so that businesses can continue to be profitable in the future.  The current policy is not sustainable.\nIn fact Green jobs have the potential to stimulate the economy in Ontario and abroad, drawing industry to Ontario, preserving our job stability and future.  Green economy is a draw for proactive consumers and even foreign governments and the UN looking to the future for examples of sustainability.\nPlease refer to the attached links to learn about the UN program for sustainable development goals, made with the entire world population in mind.  If this is the way the world is moving, then the cost of a cancellation of the Cap and Trade policy in Ontario will cost citizens double when we have to re-implement the policy sometime in the future.  Here are some key things to note from their website:\n\"Sustainable development has been defined as development that meets the needs of the present without compromising the ability of future generations to meet their own needs.\nSustainable development calls for concerted efforts towards building an inclusive, sustainable and resilient future for people and planet.\nFor sustainable development to be achieved, it is crucial to harmonize three core elements: economic growth, social inclusion and environmental protection. These elements are interconnected and all are crucial for the well-being of individuals and societies.\nEradicating poverty in all its forms and dimensions is an indispensable requirement for sustainable development. To this end, there must be promotion of sustainable, inclusive and equitable economic growth, creating greater opportunities for all, reducing inequalities, raising basic standards of living, fostering equitable social development and inclusion, and promoting integrated and sustainable management of natural resources and ecosystems.\"\nThese are some key goals Doug Ford's policy seeks to undermine:\nGoal #7 Affordable and Clean Energy\nGoal #11 Sustainable Cities and Communities\nGoal #13 Climate Action\nGoal #16 Peace Justice and Strong Institutions\nAchieving all of these goals in Ontario is key to remaining a successful, productive and a value-add member of the globe.  This is key to citizens having pride in their home province of Ontario and remaining here to work and invest.\nCitizens of Ontario demand a transparent solution to all of these goals, should Doug Ford continue to pursue this policy change. Or they demand further consultations on how the current administration should proceed in achieving these goals.\n\"Climate change is already impacting public health, food and water security, migration, peace and security. Climate change, left unchecked, will roll back the development gains we have made over the last decades and will make further gains impossible.\nInvestments in sustainable development will help address climate change by reducing greenhouse gas emissions and building climate resilience.\nConversely, action on climate change will drive sustainable development.\nTackling climate change and fostering sustainable development are two mutually reinforcing sides of the same coin; sustainable development cannot be achieved without climate action. Conversely, many of the SDGs (sustainable development goals) are addressing the core drivers of climate change.\"\nIn our national anthem it states: \"Oh Canada, WE STAND ON GUARD FOR THEE\".  It is now time for us to actually do so, to protect this land, air and water, by capping the emissions of big polluters and incentivizing productive, safe and sustainable big-business in Ontario.\nBest regards,\nConcerned Citizen\n"
    },
    "10532": {
        "url": "/comment/10532",
        "comment": "Has anyone in this government reviewed the Intergovernmental Panel on Climate Change Report? Or any of the volumes of credible science on climate change that are available? Or any reports from the Environmental Defense Fund and many, many other studies that demonstrate that cap and trade policies are effective at reducing carbon emissions, neutral, or in some estimations, even beneficial to the economy? That putting a price on carbon and making polluters pay is not only effective policy but fair to regular people by putting the burden on polluters rather than individual citizens, the average person, the little guy, the \"folks\" you all love to talk about? And if so, surely you have another plan that has been exhaustively researched and reviewed by climate scientists and economists that's ready to go to replace the exhaustively researched and scientifically reviewed policy that you're proposing to cancel? If the answer is no to any of these questions, then you are either willfully blind or dangerous ideologues putting our future  and our planet at risk, and burdening our children with a problem you're too cowardly to solve. Shame on you.\n"
    },
    "10533": {
        "url": "/comment/10533",
        "comment": "The proposal to opt out of the cap and trade program is infuriating, and makes clear that the current government does not care about the future of this province or its youth. Climate change is an urgent threat that requires a portfolio of responses in order to effectively mitigate its most catastrophic consequences, and pricing carbon pollution is an important part of that portfolio. Moreover, a revenue neutral carbon price is an excellent way to ensure that meaningful climate change action is taking place without harming the economy or the pocketbooks of the average Ontarian that Premier Ford claims to care so much about. Indeed, if the government goes through with this cancellation, history and the voters of Ontario will judge them harshly. Luckily the federal backstop will come into play - getting a cheque from the federal government celebrating the country\u2019s climate action will prove to voters how wrong this move is should the government go through with it.\n"
    },
    "10534": {
        "url": "/comment/10534",
        "comment": "1.\tINTRODUCTION\n2.\tCLIMATE FACTS\n3.\tA FEW CLIMATE  DISASTERS TO DATE & COSTS\n4.\tJOBS\n5.\tWHAT I WANT  TO SEE\n6.\tCONCLUSION\n============================================================================\n========================================================================\n1.\tINTRODUCTION\nPlease accept the following as my official comments on Bill 4, Cap and Trade Cancellation Act, 2018, posted for consultation as ERO 013-3738.\nWhen I first heard about the Cap and Trade Cancellation Act, 2018, I was thoroughly shaken.  I could not understand and was at a loss to know how such a decision could be justified.  Weeks later I am still stunned.\nHow can C&T be cancelled without:\n\u2022\tsupplying STATS and facts that show the reasoning why it should be cancelled\n\u2022\tShowing  how it can be beneficial to cancel near completed projects (ie wind project(s) which created jobs and would be supplying free energy\n\u2022\tShowing, improving upon or replacing Cap & Trade with another emission reduction plan  being put forward.\nI\u2019m not saying that the Cap & Trade Program was perfect.  I\u2019m sure adjustments could be made and it could be improved upon.  But, again I ask, how can it be outright cancelled before having made the necessary research?  Does this strike you as the right approach?\nComing in with a \u2018slash and burn\u2019 and  \u2018destroy all\u2019  attitude does not strike me as a sane, methodical, well thought out approach.    It does not appear to have or has little to do  with  letting the public know what the issue of climate change really is and what it means if it is ignored further.   In short, is the public being given a false hope that they are saving money.\nI\u2019m looking forward to be proven quite wrong.\n-----------------------------------------------------------------------------------------------------------------------------------\n2.\tCLIMATE FACTS\nI would not have believed it to be necessary to offer reminders of what has been written, reported on  and produced on climate change but, after this announcement to cancel Cap & Trade, I now believe it is necessary.\nIn 2011, there was a report done,  by Senes Consulting,  on Toronto\u2019s Future Weather .   Heat alerts are considered to be 33 degrees C.  The report concluded that, by 2040 to 2050, heat alerts would increase to 66 days per year but reaching highs of 44 degrees C which is over 111 F.  Extreme rainstorms will mean downpours of 166mm.  The Lakeshore Flood (2013) was 123 mm and downpours,  when  heavy rainfall used to happen over a 24 hour period or more, it is and will increase and happen  over an hour or two.  The sewers cannot handle that amount of water in such a short time, hence flooding.\nAre you aware of this report?\nThere was a report prepared for the Trump administration which says that the planet is doomed to warm by almost 4C by the year 2100, producing more extreme heat waves, acidifying the oceans and causing coastline to flood.      Mr Trump is being exposed as a hypocrite for first saying that catastrophic climate change is a hoax to now accepting the assumption that it is inevitable, and so he won\u2019t do anything about it.   Is the Trump administration who the Provincial Government is trying to emulate?\nThe article also says it lays bare the  insincerity of politicians who say they want to fight man-made climate change but fail to commit to adequate action.   If this how you would like to be viewed?\nNOBEL PRIZE for Economics     was awarded to Yale economist Nordhaus and reported in the New York Times.    Economist Nordhaus  has long convinced most members of his own profession that to address climate change it is preferable to impose a tax on carbon emissions.\nIs the aim of the Provincial government to spend precious time proving the Nobel Committee are wrong?\nAm I to believe that you are truly not aware of these facts?  Please can you help me understand?\n--------------------------------------------------------------------------------------------------------------------------------------\n3.\tA FEW CLIMATE DISASTERS TO DATE AND COSTS\nThe disasters caused by climate change come at a very high costs.   Here are recent disasters:\nFloods:\n\u2022\tLakeshore Flood  (2013)      $1 billion\n\u2022\tToronto Island Flooding  (2017):    $8.45 million (includes lost ferry revenue)\n\u2022\tToronto flooding  (2018)   still being assess but damage to 9 new TTC streetcar alone is $45 million\n\u2022\tToronto Insured Damage  (2018)    $80 million\nIce Storm:\n\u2022\tToronto Ice Storm (2013)   $106 million\nWildfires:\n\u2022\tNorthern Ontario  (2018)  costs being determined\nWildfires, Floods, Ice Storms in Canada\n\u2022\t(2016)   $4.9 billion  broke record for damage caused by natural disasters\nInsurance costs for homes is being increased and certain coverage being eliminated altogether altogether.\nDoes anyone believe that what has happened in the rest of Canada   (Fort McMurray (2016)   $10 billion;  BC  (2017)    $562 million  ---Could not happen in Ontario?\nWith all these disaster  ever increasing, what thought or plan has been given to how these will be paid for?\nHas this even been considered?\n----------------------------------------------------------------------------------------------------------------------------------\n4.\tJOBS\nThe Clean Economy Alliance released a report   in early 2018 showing the result Cap & Trade produced in it\u2019s first year, which was 2017.\nThis report aim was to answer three questions:\n\u2022\tIs there any evidence that cap-and-trade has hurt Ontario\u2019s economy or cost jobs?\n\u2022\tIs there any evidence that cap-and-trade and the Climate Change Action Plan have had an impact on carbon emissions?\n\u2022\tHow are cap-and-trade and the Climate Change Action Plan progressing?\nHere are some of the points in that report:\n\u2022\t2017, the first year of cap-and-trade, was a very good year for job growth and economic growth in Ontario.\n\u2022\tOntario ended 2017 with a very strong economy and analysts at RBC, TD Bank and the Conference Board of Canada predict this trend will continue\n\u2022\tfour provinces that have implemented carbon pricing \u2014Quebec, Ontario, Alberta, and B.C. \u2014 and are the same four provinces who performed best in real GDP growth in 2017, and are expected to be the drivers of the Canadian economy in the year ahead: more evidence that pricing carbon doesn\u2019t come at the expense of the economy.\n\u2022\tDuring the first year of cap-and-trade, manufacturing employment increased by 4.5 per cent while carbon emissions appear to have decreased \u2013 which could be a sign that Ontario\u2019s firms are transitioning to a low carbon economy.\n--------------------------------------------------------------------------------------------------------------------------------\n5.\tWHAT I WANT TO SEE\nTo help me understand that the Ontario Government is aware of what they are doing, I want, I must see, the following:\no\t a real climate change plan to reduce emissions while helping people save energy and create jobs in the $26 trillion clean economy\no\tto put a price on pollution, making polluters pay for their emissions and returning the revenues to the pockets of Ontarians so they can lower their carbon footprint\no\tlegally binding emissions targets in line with our obligations to the Paris Climate Agreement\no\tOntario to be 100% powered by renewable energy including water power from Quebec\no\tOntario to end subsidies and handouts for fossil fuel companies and redirect this money to clean energy solutions.\n-------------------------------------------------------------------------------------------------------------------------------------\n6.\tCONCLUSION:\nI spend a lot of time reflecting on the kind of world I am leaving my children.  Than thought is devastation.  As difficult as that is for me, the thought of thinking of what is being   left for grandchildren---well it is just off the map.  That thought I have no words for.   Does the Provincial Government give any thought to this?\nI choose to think we can do something.  Please,  do you have the courage to do the right thing?  I think you do and I\u2019m counting on you.\n"
    },
    "10535": {
        "url": "/comment/10535",
        "comment": "I am not an environmentalist. I have not always been environmentally conscious, nor have I taken any steps to reduce my carbon footprint.\nThis has changed since the current government has decided to try to save some money by cancelling any environmentally friendly policies.\nDoes the Ford government not realize that there is a consensus among the majority of scientists who have been warning us about the dangers of hurting the planet?\nIf Ontario continues to remove these environmental policies to save some money, I hope they start investing in the space program so that we can go and ruin another planet.\n"
    },
    "10536": {
        "url": "/comment/10536",
        "comment": "Bill 4 is totally unacceptable. It eliminates the only plan that Ontario has to address the urgency of the climate crisis.  The Intergovernmental Panel on Climate Change reports that we are dangerously close to crossing the catastrophic 1.5C tipping point that would lead to runaway climate change.  There must be another plan in place that will do at least as much as cap and trade would do to fight climate change, before cancelling that plan. Bill 4 represents ignorance of the future of humanity and uncaring greed. Even some of the huge corporations are now realizing that there are long term benefits for them reachable by paying extra money now to cut back on pollution.  Exon investers have approved of such a plan.  Climate change is causing increasingly severe wildfires, flooding and storms and we have too little time to turn that around to be wasting time and money on political games.\n"
    },
    "10537": {
        "url": "/comment/10537",
        "comment": "Climate change is a reality.  We must take action to preserve the Earth as much as possible from the impact of human activity.  The evidence is clear.  We already have climate refugees and evidence of melting glaciers, rising sea levels, more ferocious storms.  The previous Ontario government's carbon pricing initiative sought to control carbon emissions by capping the total carbon emissions.  It was not a tax as alleged by Premier Ford.  Look to Europe - don't keep comparing Ontario and Canada with the U.S.A.  It's easy to look good compared to them.\n"
    },
    "10538": {
        "url": "/comment/10538",
        "comment": "Please do not pass Bill4.  People who voted for Premier Ford did not expect his party to demolish all our efforts over years to reduce the effects of climate change - we wanted them and gladly paid for them (including wind farms).  Huge amounts of money have been wasted.\nWe want:\n                1) a real climate change plan\n                2) to take part in the economic possibilities of green energy\n                3) legally binding emission charges\n                4) to honour our obligations under the Paris Agreement\n                5) a stop be put to subsidies and tax breaks to fossil fuel producers\nI hope you will take seriously our petitions, realizing that they come from not just a few disgruntled people, but from the people of Ontario.\n"
    },
    "10541": {
        "url": "/comment/10541",
        "comment": "Ontario's withdrawal from the Cap and Trade Program (the Program) is incredibly concerning and economically and environmentally unwise. The Program, though causing a few hundred dollars in direct cost increases to households across Ontario each year, was primed to create greater savings for households through energy efficiency retrofits, greater access to renewable and affordable energy, accessible and low-emission transit, and savings on electric vehicles, amongst other opportunities.\nMany major industrial emitters of greenhouse gasses have already invested in reducing their emissions to comply with the cap set by the Program in 2017. Some companies even reduced emissions enough to create surplus carbon credits, the sale of which would have benefited them financially. Stakeholders and First Nations across the province had begun considering and even investing in projects to generate carbon offset credits which companies emitting above the cap could purchase, as well as utilizing funding programs allocated from the Program's revenues. Cancellation of the Program will render these projects without return, wasting investments and devastating an emerging environmentally friendly economic opportunity. Thus, industry, companies, stakeholders, First Nations, and the public alike stand to lose financially, environmentally, and socially should Ontario pass Bill 4 and cancel the Cap and Trade Program.\nDoes Premiere Doug Ford want to be remembered as the Premiere who pulled out of an economically-backed program which generated over $1 Billion in revenue within one year? Does he want to be remembered as the Premiere who caused financial losses for his constituents and companies across the province? This is not what a \"Government for the People\" would do.\n"
    },
    "10542": {
        "url": "/comment/10542",
        "comment": "The Climate Change cancellation act is a step backwards for the province and, at large, the country. We have made significant strides to shift our economy and our society from an era where we as a country won the Fossil of the Year award 5 consecutive times, to a country of affirmative and effective climate action.  We stand to lose all that traction with the ill conceived cancellation of cap and trade.\nFirst, the misunderstanding that the Cap and Trade system is a 'Carbon Tax' has driven public sentiment against the program, this simply is not true.  The Cap and Trade system endeavored to create a carbon economy that deterred large emitters from continuing their activities irrespective of the impact to the climate.  Cap and Trade also providing funding for innovation in climate change mitigation and adaptation strategies and technologies, helped fund residential incentive programs and economic benefit for businesses that were able to change the way they operate.\nFurthermore, as part of the Environment Bill of Rights, using cap and trade funding ( approximately 1 Billion remains) to wind down the program is a misappropriation of funding. While it is fair to compensate businesses that are stuck with now worthless instruments from the program, the legislation proposed would see a fairly limited reimbursement on those credits, which creates uncertainty for business and allows for the loss of value from cap and trade instruments to be passed on to consumers.\nOur climate leadership has inspired other provinces to create sound policy behind climate change mitigation and we are now seeing a regression to using these policies as a bargaining chip.  With the latest IPCC report painting a dire situation we can not afford to regress. Ontario needs to lead climate change mitigation, not entice other provinces to back out of it. While safeguarding the cost of living is important to all the people of Ontario it cannot come at the cost of prosperity for future generations.\nThe future of climate change policy must reflect the global need for decisive action. The success of former legislation resided in the ability to provide economic incentives and penalties that enabled climate action through energy conservation, technological innovation and cost savings opportunities that help drive down the cost of living.  Its failures were highlighted in the tendency for businesses to protect profitability by passing on the costs of operating without respect to the environment to their consumers where innovation and conservation could have mitigated the increased cost operating.\nOntario should focus on protecting the Boreal forest, a massive carbon sink, invest in reforestation, continue fiscally responsible energy conservation programs, subsidize transportation technologies that mitigate carbon output from fossil fuel consumption and support innovative infrastructure projects from renewable energy generation to low carbon aggregate use.\nFinally, the provincial governments needs to continue public consultation. Enacting climate change policy without aligning it with public concerns will result in a further division of the people of Ontario concerning the effectiveness of climate change mitigation strategies.\n"
    },
    "10543": {
        "url": "/comment/10543",
        "comment": "Repeal the Climate Change Mitigation and Low-carbon Economy Act, 2016? Absurd. We need more action to control climate change and the government taking action towards and not against it is an essential step. There needs to be less concern regarding economies and living standards and more concern towards the actual livability and longevity of this Earth. Our wasteful wants-over-needs, indulgent culture will sooner than expected leave our future kin with nothing.\n"
    },
    "10544": {
        "url": "/comment/10544",
        "comment": "We really need some sort of carbon tax! The amount of carbon we are using is insane! I\u2019m just as guilty as the rest, I drive trucks for work and heat my house with oil!\nMaking carbon polluters pay more will drive the public to slowly change how we use fossil fuels and I\u2019m happy to pay. Keep using this money for Green incentives. People need the push in the right direction.\nRepeal this tax and you will lose my support.\n"
    },
    "10545": {
        "url": "/comment/10545",
        "comment": "According to the New York Times: \"INCHEON, South Korea \u2014 A landmark report from the United Nations\u2019 scientific panel on climate change paints a far more dire picture of the immediate consequences of climate change than previously thought and says that avoiding the damage requires transforming the world economy at a speed and scale that has \u201cno documented historic precedent.\u201d\nThe report, issued on Monday by the Intergovernmental Panel on Climate Change, a group of scientists convened by the United Nations to guide world leaders, describes a world of worsening food shortages and wildfires, and a mass die-off of coral reefs as soon as 2040 \u2014 a period well within the lifetime of much of the global population.\"\nIn addition, most economists agree that paying a \"Carbon Tax\" is the only way to legitimately fight \"climate change\".   Pay for what you use.  No one should be able to use a resource and not pay for it or its consequence.\nBy killing the so-called \"carbon tax\", Doug Ford is trading the future of our children for a few pennies on a liter of gas.  This decision is not only short-sighted but moves Canada in the wrong direction with respect to fighting \"climate change\".  Clearly, he and his government, don't understand or appreciate the magnitude of the impending problem.  His approach is 100% wrong-headed and I would ask that this decision be reconsidered.\nWe must act NOW if we have any hope of averting more environmental disasters and that means keeping cap and trade in place.\n"
    },
    "10547": {
        "url": "/comment/10547",
        "comment": "Premier Ford,\nHaving just read the news about (1) another extreme weather in Florida, and (2) the dire and urgent warning of the world\u2019s climate scientists that climate targets need to be increased to limit it to 0.5% by 2030 \u2014-\nDo NOT proceed with the plan to scrap Cap &Trade !!\n1.  There is NO TIME to study another plan. (The only other viable plan is Carbon Tax, and you wouldn\u2019t go there anyway.)\n2.  Any plan needs to be made MORE ambitious to meet the new DEADline. So do that with Cap & Trade.\n3.  Unwinding C&T would take time & money \u2014 that would waste both precious and limited resources.\n4.  We urgently need to prepare for rapidly worsening climate. So get to work on protecting roads and bridges and culverts. We don\u2019t want washouts and exploding manhole covers instead of waiting for the kinds of videos that we see from around the world!\nThis is SERIOUS!  It\u2019s time for us to get to work on this issue NOW!\nCall me\nConcerned (No, make that ALARMED)\n"
    },
    "10548": {
        "url": "/comment/10548",
        "comment": "To my eye, this looks like disastrous, short-term thinking. The province \u2013 and the world \u2013 need strong leadership to do the right things for the future, so that we and our children and grandchildren have a future to look forward to.\nI will gladly pay more to do more to fight against CO2 emissions and climate change. Counting dollars and cents while we're plunging off a cliff is insane. (Not to mention that we'll be losing the side benefits of cleaner air and water, etc.)\nI also feel that Ontario is missing an opportunity to be a leader in green tech. This is very disheartening. What happened to our forward-thinking province? What happened to a government that would listen to scientists?\nWhile Ontario's new government has many accomplishments that it can rightly be proud of, this is an own-goal of epic proportions. Proud Ontarian though I may be, I'm afraid I'll have to back the federal government all the way on this file and hope that they can convince or force our province to abandon this shameful, short-sighted act of lunacy.\n"
    },
    "10549": {
        "url": "/comment/10549",
        "comment": "Bill 4 should not be passed. The Cap and Trade program was holding the big industries responsible for the emissions that they are creating and the resultant climate change. If we do away with this program, the government is essentially helping the wrong-doers go scot-free and not be accountable for their actions. And, the huge consequence of this action is that we have more global warming and even higher incidences of extreme weather conditions, such as floods, extreme heat, tornadoes, droughts, and fires. All these conditions, in turn, affect our health and mental well-being, our living conditions, our food, and pollute the basic air that we breathe. While the carbon tax increased gas prices, think about the enormous expenses after flooding, tornadoes, etc. It has been seen in the UK that after carbon tax was introduced, the industries made an effort to become more energy efficient and took steps to become non-polluters. The program in Ontario was started only 2 years back, the effects  take some time to be apparent.\n"
    },
    "10550": {
        "url": "/comment/10550",
        "comment": "I am extremely concerned about the absurd reluctance of politicians to do what the market itself will never do, which is to impose a price on carbon. We need to pay this price, but we are fixing our grandkids and their kids to do it. Shame on us. We must impose that price, yesterday. We should have done so decades ago.\nIf you are going to tear down previously arranged solutions like this, and destroy the public and private investments already made in it, how will you compensate people, what what better solutions to the carbon state of emergency do you have?\n"
    }
}