{
    "7633": {
        "url": "/comment/7633",
        "comment": "To whom it may concern,\nBill 4 appears impulsive and poorly conceived. It embarrasses me as a Canadian who calls Ontario my home that a newly elected leader of the province would attempt to implement such a short-sighted and exclusive bill. Canada is far behind in implementing legislations towards cleaning our energies, industries and lifestyles and Bill 4 would only push it further back. We used to have a beautiful country but it is burning up and being poisoned rather quickly by the industries we allow to act without regulations.  I want Ontario to put a price on pollution, making polluters pay for their emissions and returning the revenues to the pockets of Ontarians so they can lower their carbon footprint. Please show some integrity and vision and work towards the targets and obligations of the Paris Climate Agreement.\nI want a real climate change plan to reduce emissions, help people save energy and create jobs in the $26 trillion clean economy.\nI want Ontario to be 100% powered by clean energy by 2050.\nI want Ontario to end subsidies and handouts for fossil fuel companies and redirect this money to clean energy solutions.\n"
    },
    "7635": {
        "url": "/comment/7635",
        "comment": "I want a real climate change plan to reduce emissions, help people save energy and create jobs in the massive  clean energy economy.\nI want Ontario to put a price on pollution. Let\u2019s make polluters  pay for their emissions and return the revenues to the pockets of Ontarians so we can lower our collective   carbon footprint.\nI want legally binding emissions targets in line with our obligations to the Paris Climate Agreement.\nI want Ontario to be 100% powered by clean energy by 2050 or sooner.\nI want Ontario to end subsidies and handouts for fossil fuel companies and redirect this money to clean energy solutions.\n"
    },
    "7637": {
        "url": "/comment/7637",
        "comment": "I totally disagree with passing this legislation. Climate change is the biggest problem on earth today and sticking your heads in the sand is not going to make it go away. It will only make things far worse. We should be focusing on clean energy, punishing polluters and leading the way to a cleaner environment tomorrow. We all have children and grandchildren. What are we doing to make the air cleaner for them? Nothing, if this bill is passed. We\u2019re showing the world that this government in Ontario is Regressive, not Progressive! Stop the assault on clean energy now. We need a plan to take us into the future, abiding by the Paris Climate Accord, or even better than that!\n"
    },
    "7639": {
        "url": "/comment/7639",
        "comment": "I want a real climate change plan to reduce emissions, help people save energy and create jobs in the $26 trillion clean economy.\nI want Ontario to put a price on pollution, making polluters pay for their emissions and returning the revenues to the pockets of Ontarians so they can lower their carbon footprint.\nI want legally binding emissions targets in line with our obligations to the Paris Climate Agreement.\nI want Ontario to be 100% powered by clean energy by 2050\nI want Ontario to end subsidies and handouts for fossil fuel companies and redirect this money to clean energy solutions.\nHow about we stop putting short-term \"profits\" against the actual, real health of our planet???\n"
    },
    "7640": {
        "url": "/comment/7640",
        "comment": "Please don't take us backwards.  I am working to reduce my carbon footprint and expect my government to not only do the same, but to help me in my endeavours.  I drive an electric car.  I want to be able to afford solar panels.  I'm the one turning off lights and elecronics to save energy.\nIt's not that the world is going to explode and we must do something--and if climate change is too big for you to grasp, then fight for a greener way of life just so that we don't have so many pollutants that give us cancers and other ailments.\nCome On!!!!!  We're Canada.  We can do it!\nIwant a real climate change plan to reduce emissions, help people save energy and create jobs in the $26 trillion clean economy.\nI want Ontario to put a price on pollution, making polluters pay for their emissions and returning the revenues to the pockets of Ontarians so they can lower their carbon footprint.\nI want legally binding emissions targets in line with our obligations to the Paris Climate Agreement.\nI want Ontario to be 100% powered by clean energy by 2050\nI want Ontario to end subsidies and handouts for fossil fuel companies and redirect this money to clean energy solutions.\n"
    },
    "7641": {
        "url": "/comment/7641",
        "comment": "I am greatly distressed by the actions of the new provincial government.  I  want to see positive action for dealing with reality of climate change.  There needs to be a plan to reduce emissions, help people save energy and create jobs in the $26 trillion clean economy.\nOntario needs to put a price on pollution, making polluters pay for their emissions and returning the revenues to the pockets of Ontario residents so they can lower their carbon footprint.\nOntario should be 100% powered by clean energy by 2050!!!  Our children and grandchildren need our actions today in order to have a better, cleaner, more environmentally responsible province.\nOntario needs to end subsidies and handouts for fossil fuel companies and redirect this money to clean energy solutions!!!\n"
    },
    "7644": {
        "url": "/comment/7644",
        "comment": "Cancelling the Cap and Trade program is irresponsible and will have long term economic and health consequences.   Why wouldn't you want to make the polluters pay for their emissions?   It doesn't make sense to cancel this great program when it was helping to curtail pollution and giving that money back to the people of Ontario.\nShame on you if you cancel it and you are then responsible for the many deaths which will occur as a result of the mounting pollution.\n"
    },
    "7645": {
        "url": "/comment/7645",
        "comment": "I want a real climate change plan to reduce emissions, help people save energy and create jobs in the $26 trillion clean economy.\nI want Ontario to put a price on pollution, making polluters pay for their emissions and returning the revenues to the pockets of Ontarians so they can lower their carbon footprint.\nI want legally binding emissions targets in line with our obligations to the Paris Climate Agreement.\nI want Ontario to be 100% powered by clean energy by 2050\nI want Ontario to end subsidies and handouts for fossil fuel companies and redirect this money to clean energy solutions.\n"
    },
    "7647": {
        "url": "/comment/7647",
        "comment": "I want Ontario to put a price on pollution, making polluters pay for their emissions and returning the revenues to the pockets of Ontarians so they can lower their carbon footprint. I want a real climate change plan to reduce emissions, help people save energy and create jobs in the $26 trillion clean economy. To maintain a dependency on fossil fuels and methods that pollute the space we occupy is short-sighted and aimed at pleasing those who don't want to think about change. We need to have our eyes on how we can adapt with the needs and demands on energy in the future, not just on what is easy right now. There are challenges involved in energy going forward no matter its source - let's look at improving what we need for clean and sustainable use.\n"
    },
    "7648": {
        "url": "/comment/7648",
        "comment": "Don't blindly think that everyone supports lower gas prices. If all it took were 5 cents a litre to ensure we have clean air, clean water, and better health, for our generation and future generations, I would gladly pay it. In fact I would support an additional 50 cents a litre to ensure this quality of living.\nKeep in mind there actually is a high external cost to \"cheap\" prices that our children will pay.\n"
    },
    "7649": {
        "url": "/comment/7649",
        "comment": "I am an environmental scientist who strongly supports keeping the Cap and Trade carbon system or replacing it with a carbon tax. The literature indicates that either of these methods works if implemented correctly (see attached links). Just like we used a cap and trade system to reduce sulfur pollution and acid rain in the 1980s (under conservative governments), we need to use a system to regulate the market and encourage low-carbon technology. Luckily for us, green technology has come a long way in the last 15 years; thanks to leaders like Germany and China, greener sources of energy are cheaper than ever.\nMaria Panezi wrote this in the Financial Post in July: \"Ending Ontario\u2019s cap-and-trade will increase business uncertainty and for some businesses will result in a business disadvantage. Businesses know the cap-and-trade system and have planned their operations based on it. Ontario businesses should be the first to object to the plan to switch to the federal system and give up their province\u2019s advantage in Canada\u2019s carbon pricing efforts.\"\nSince the cap and trade system is shown to reduce carbon emissions, which benefits us locally and globally on the short and long term, and since removing it would harm businesses, it seems like a no-brainer to keep it. Yes, there will be some adjustment but that is better than not doing our part to fight climate change.\n"
    },
    "7650": {
        "url": "/comment/7650",
        "comment": "As a citizen of Ontario, I strongly disagree with the proposal of Bill 4, Cap and Trade Cancellation Act, 2018. Nothing good can come out of choosing to save money over protecting the environment. We must continue to take responsible and restorative action toward the air, land and water that sustain us.\n"
    },
    "7652": {
        "url": "/comment/7652",
        "comment": "\u2022\tI want a real climate change plan to reduce emissions, help people save energy and create jobs in the $26 trillion clean economy.\n\u2022\tI want Ontario to put a price on pollution, making polluters pay for their emissions and returning the revenues to the pockets of Ontarians so they can lower their carbon footprint.\n\u2022\tI want legally binding emissions targets in line with our obligations to the Paris Climate Agreement.\n\u2022\tI want Ontario to be 100% powered by clean energy by 2050\n\u2022\tI want Ontario to end subsidies and handouts for fossil fuel companies and redirect this money to clean energy solutions.\n"
    },
    "7653": {
        "url": "/comment/7653",
        "comment": "Here's another chance to prove you're working for all the people, not only your rich \"friends\" in industry.\nDon't blow it this time like you have with every other chance you've been given. If people can't make decent wages, have a couple sick days, or have their voice heard whether a city should have decent representation; at least we can have movement toward clean air and make industry behave responsibly when it comes to the environment.\n"
    }
}