{
    "5691": {
        "url": "/comment/5691",
        "comment": "The cap and trade policy in existence is a comprehensive, well thought out policy that allows industry to continue its processes while making compensation for any negative environmental impact. It makes absolute sense for those industries to make fiscal compensation to the province in order to offset the adverse impacts. It shows that industry is also responsible as commercial citizens of the province to the population, while benefitting from the workforce that drives it's success.\nIndustrial citizenship is a mutual benefit partnership between owner/executives and workers that allows financial benefits to both, and must include protection for the environment, rather than prioritize financial benefits above protection of a safe environment for both individual and corporate citizens.\n"
    },
    "5693": {
        "url": "/comment/5693",
        "comment": "It is irresponsible to cancel the cap and trade program without having another program in place to mitigate climate change. Our children\u2019s future depends on mitigating the impacts of fossil fuels. Our government NEEDS to be forward thinking and support industries that move with the times. Cap and trade helps to factor in environmental protection into the economic development of industry. It may not be perfect but it helps to change an out dates mindset which ignores environmental impacts as paet of a businesses bottom line. Time for change!!!\n"
    },
    "5694": {
        "url": "/comment/5694",
        "comment": "This legislation does not make sense in the absence of an alternative plan to mitigate global warming. All Ontarians have a duty of care for our children to ensure them a viable future. The Cap and Trade legislation was a universally recognized and valuable tool to incentivize transformative movement  away from a carbon based economy towards a healthier environment for all Ontarians. It is therefore irresponsible and not in the interest of the people who this government profess to represent.\n"
    },
    "5695": {
        "url": "/comment/5695",
        "comment": "The Cap and Trade Act has been a good tool to address the very real and worsening realities of climate change.  Penalizing polluters and having those penalties support and fund sustainable initiatives throughout our province makes perfect sense. To cancel this Act only serves to reward polluters and this does not make any sense to me.\n"
    },
    "5698": {
        "url": "/comment/5698",
        "comment": "We as a nation have an obligation to the world to reduce GHG emissions, which contributes to a global movement to decrease temperatures by 2 degrees Celsius.\nPolitical ideology is a choice, but protecting the planet is not. Let's shift our mindset from short-term and individualistic security to long-term global well-being and environmental prosperity. We NEED this cap and trade program to sustain an environment for our children.\n"
    },
    "5699": {
        "url": "/comment/5699",
        "comment": "There have been numerous reports that the climate is going to be extremely challenging from an inhabitable standpoint by 2030. Use this to set the stage for your climate change plan.\nWhat I liked about the existing program was that homeowners and citizens were provided incentives to go green to help save the planet. Companies were given stiff financial penalties for \"over-pollution\". I believe that having a sustainable climate change program is important for our future generations, the future of Ontario and Canada. I believe that it's money well spent if companies and Ontario inhabitants are offered incentives to gain buy-in for the program.\nSuggestions: educating the general public and the commercial communities on what they're doing to the environment, including ways they can change (big and small!) and the impact that will have. Talk about what the Ontario, and Canadian, governments are doing to help combat climate change - be accountable and transparent.  The important piece is to get buy-in - that's the only way the program can be supported by the populace and sustained.\nBottom line is that we need a plan.\n"
    },
    "5700": {
        "url": "/comment/5700",
        "comment": "Environmental Protection is absolutely necessary. without it, too few businesses will act responsibly. While it is true that the tax costs may reflect in an increase in product prices, this in turn helps the environment by reducing consumption of the products, achieving the same goal. If an alternative solution to cap and trade is sought, financial rewards or tax credits for high-carbon emitters who cut a certain (significant) percentage of their average annual emissions may serve as another effective means of reducing carbon emissions. The last thing we need at such a critical point as we approach the 'point of no return' on climate change is to reduce regulations and fees for carbon emitters.\n"
    },
    "5702": {
        "url": "/comment/5702",
        "comment": "I am vehemently opposed to this Bill. I know many contractors who will be out of work and home owners who were hoping to upgrade their windows and insulation with the Green Ontario fund.\nI, myself, was hoping to switch to an electric vehicle but won't be able to afford to without the subsidy. This is a destructive move that puts Ontario behind the pack.\n"
    },
    "5703": {
        "url": "/comment/5703",
        "comment": "Canceling cap and trade will result in us being uncompetitive for business on an international scale. Corporations look for stability when investing. Suddenly removing us from cap and trade and then fighting the federal government against the carbon tax, which is a fight you cannot win and will just waste money, and make our province look like a joke to companies looking to invest. Weather or not you believe in climate change is irrelevant. But making our province not attractive for investment is a stupid idea, and surprises me coming from a conservative party that is supposed to be in support of business.\n"
    },
    "5704": {
        "url": "/comment/5704",
        "comment": "Addressing climate change is one of the key challenges facing governments around the world.  The Government of Ontario should continue to undertake strong climate actions that reduce greenhouse gas emissions from all sectors of the economy.  The best way to do that is by implementing an economy-wide price on carbon that gradually rises.  Strong and flexible regulations on all major sectors of the economy can also help to reduce greenhouse gas emissions.\n"
    },
    "5705": {
        "url": "/comment/5705",
        "comment": "I would like for the Government of Ontario to reconsider withdrawing from the World Climate Initiative and reinstate the Climate Change Mitigation and Low Carbon Economy Act to bring back the Cap and Trade system.  As a citizen of Ontario who belongs to the middle class, and is therefore not extremely wealthy, nor living in poverty, I can recognize my privilege, BUT also can say that I am prepared to take on short term financial discomfort if it means that we will be taking active steps to reduce our greenhouse gas emissions.  I knew I was paying more for hydro and gas, but was okay with that because it had caused me to seriously consider greener options, which were increasingly more affordable (via GreenON and the EV program) and attractive as a result of the impact of carbon pricing.\nIf you insist on proceeding without cap and trade, which I hope you reconsider, please do not fight carbon pricing altogether.  I recognize that the result of carbon pricing is higher costs to services and products which use fossil fuels, but I also recognize that that is the point.   Carbon pricing creates an incentive for people to make choices which produce fewer greenhouse gas emissions.  Without an incentive, the public will continue to consume fossil fuels as we have been for decades and it is not sustainable.\nInstead of fighting carbon pricing, establish a carbon pricing system which does not impact the most vulnerable (for example, monthly payments to those with household incomes below a set value, to compensate for the increased costs of hydro, gas etc).  Allow the middle class and wealthier classes to take on some of that burden since we are in positions to do so, and tend to consume more fossil fuels anyway (these groups have more vehicles and use public transit less, we consume more, we travel by plane more, etc, etc).  That way you can continue to fulfill your mandate of supporting those who are most directly impacted by increased costs, but you are still actively contributing to a system which helps the province reduce greenhouse gas emissions.\nAnother consideration is that cancelling everything that was in place, only to build something new, will take a substantial amount of time in this government's term, leaving little time to implement and see the benefits before the next election.\n"
    },
    "5707": {
        "url": "/comment/5707",
        "comment": "Reference # 013-3738\nBy cancelling Ontario's cap-and-trade plan, the Ontario government is making it clear that it is not taking climate action, does not have a realistic plan, and is effectively withdrawing from Canada's national climate change plan.\nwhen the rest of the world's leaders are working towards renewables and climate action, Noth America is ignoring the issues, still only interested in making as much quick money as possible, and looking more and more like a joke to the rest of the world.  Good luck explaining this to your children and grandchildren.\n"
    },
    "5710": {
        "url": "/comment/5710",
        "comment": "The cap and trade program is important for my sons future.  Climate change is real, and doing this shows clearly that Ford doesnt believe in it.  less then 25% of voting Ontarians voted for you, you believe that gives you the right to do anything?  And yet 99% of scientists know that we are changing the climate.\n"
    },
    "5711": {
        "url": "/comment/5711",
        "comment": "Winding down the cap and trade program with only the requirement that the Minister produce a plan seems premature at best. The production of a plan that realistically produces better ecological results and does not place undue payout costs on the government for cap and trade processes already underway should come first, after which winding down the cap and trade program can be discussed. Our environment is likely to be one of the most pressing concerns faced by the people of Ontario in the coming years, and any environmental program to be replaced should only be wound down after a new program that targets better or more stringent controls is produced and fully evaluated.\n"
    }
}