{
    "9562": {
        "url": "/comment/9562",
        "comment": "Climate change is real and it's man-made. Putting our heads in the sand doesn't make this problem go away. The government's scrapping carbon pricing is a terrible idea. Change from industry is always going to be market and monetarily driven. The perception that carbon pricing is meant only to force people to \"produce less\" is inaccurate - when properly implemented, carbon pricing will drive innovation toward technologies that allow for efficient energy production with LESS EMISSIONS. That is where nay-sayers either get it wrong, or are willfully ignorant. Carbon pricing doesn't have to hurt the economy, it can (and will) lead to the growth of industries like renewable energy.\nFurthermore, it's been shown that pricing on harmful emissions is effective! Globally, we worked to reduce or ban SO2 and CFC emissions (emissions that led to acid rain and ozone layer depletion, respectively). We did it then, and we can do it again as long as we commit to it and follow through.\n"
    },
    "9563": {
        "url": "/comment/9563",
        "comment": "\u201cWhen pollution is free, we can expect to have more of it.\u201d I believe this statement to be accurate. If this bill passes, can we honestly say that as a province, we are doing something to curb the cause of climate change? Short term economic gain gains won\u2019t pay for the mess we leave to our children.\nThe science is indisputable; our future is in jeopardy, whether this fact influences public opinion or not. Doing nothing about the situation is not a good option, we can\u2019t bury our heads in the sand and hope for the best. Please don\u2019t allow this bill to pass.\nThank you\nMichael\n"
    },
    "9564": {
        "url": "/comment/9564",
        "comment": "I am outraged by the cancellation of Ontario's cap-and-trade program. This program provided market-based solutions that are vital to help address the crisis of climate change. It also provided money to everyday Ontarians through rebate programs. My family was planning to buy a hybrid car and replace the windows in our house in the coming years -in large part due to the cost savings of these programs.  The cancellation of the cap-and-trade program now puts these goals out of reach and the local small businesses will not benefit from our spending.\nThis government claims to care about everyday Ontarians like my family, but only puts forward ridiculous policies like buck-a-beer, using the notwithstanding clause to settle old score on Toronto city council (an issue that NOBODY cares about in the rest of the province), and suing the federal government. They are completely out of touch with the issues that matter to regular middle class families like mine.\n"
    },
    "9570": {
        "url": "/comment/9570",
        "comment": "Cancelling Cap and Trade in Ontario might be the worst, most shortsighted idea I've seen relating to environmental policies.\nThis government has provided no other solutions or alternate activities to address climate change by reducing carbon emissions or any other greenhouse gases.\nGiven the implications of carbon reduction inaction on the long-term prospects to Ontario's economy, this is a reckless action seeking only short-sighted populist political gain.\nThis reduces Ontario's capacity to compete with other provinces and states (e.g. Quebec, California) in growing Cap and Trade markets - Ontario is on the wrong side of history and will continue lag behind.\nMany other economies around the globe have moved well ahead of Ontario in clean technology development and application - even Alberta is surpassing Ontario in new wind developments on an annual basis.\nOntario's market share potential and opportunities to lead in burgeoning green sectors is rapidly dwindling - again, Ontario is on the wrong side of history - green industries will not only continue to grow, green energy options will continue to decrease in cost, already out-competing certain fossil fuels.\nCompounded with axing wind and other green energy policies, maliciously targeting electric cars specifically, this is a systematic, even violent pattern coming from this government - completely lacking common sense, let alone evidence that these policy reversals are smart choices.\nThe evidence and risks only continue to increase.\nThe British Stern report was an economic report - already 12 years old - highlighting the economic risks to avoiding action on climate change; that the long-term costs will drastically outweigh the transitional costs now.\nThe most recent IPCC report gives a dire warning and call to action for governments to be brave and address the most existential threat to humanity.\nOntario is the largest province and economy in Canada and must lead, not regress under corporate fossil fuel pressures.\nThanks for reading.\nAdam\n"
    },
    "9581": {
        "url": "/comment/9581",
        "comment": "As the saying goes, elections have consequences. This is not one of the consequences or decisions we had in mind when we voted for a change of government. I could make this very long but won\u2019t. I will just get straight to the point.\n1.\tWhy the rush? Good governance, would require due diligence and respect for the population. A government for the people would do its work, and propose an alternative and identify what the impacts of the alternative are. The government would contrast and compare the existing with the proposed and tell us how they think this is in the public interest. Instead, we are going to quash the existing and then at a later date introduce some new alternative. What message does that send to anyone? It says the environment is not as important as everyone is telling us it is.\n2.\tThe IPCC report is out \u2013 enough has been written about it. Environmental meetings just finished in Luxembourg and while the Europeans are working hard at trying to do something about the environment, we in North America have our heads stuck in the sand and pretending this is a hoax. The Europeans came away disagreeing about whether they are acting aggressively enough, we are here pretending nothing is happening.\n3.\tAnecdotally, look at Hurricane Michael; see what is happening with flash flooding in Mallorca, Spain and France and Sardinia in Italy.  Look at what just happened in Indonesia \u2013 again. We sit here and maybe we think we are immune.  Why rush to send aid after these calamities when we can actually direct resources to address the causes?\n4.\tWhy can\u2019t we have forward thinking and \u2018global-citizens\u2019 as leaders? Why can\u2019t we back the comment that \u201cwe are worried about the future of our kids and grandkids\u201d? Or do we actually think this argument of trying to reduce rates for consumers is sound policy?  What is the opportunity cost in the long term of giving me a $1000 discount [assuming I am a millionaire] on gas, electricity or whatever only for me to have to deal with the impacts of these drastic changes? The impacts don\u2019t have to be direct \u2013 and believe me, we will feel this soon on the North American continent. For now, it is happening elsewhere and my heart breaks cos all I can do is make a donation to the Red Cross to provide \u201crelief, after the fact\u201d and pretend I have done something. No, paltry donations are not what is required. As citizens we are demanding prevention, we are demanding fact-based approaches to addressing climate change \u2013 it is not a hoax. I am not sure how many more studies we need before we do something.  The time to act is LONG OVERDUE!\n5.\tI worked in New York/New Jersey when hurricane Sandy hit. The devastation and fear it caused, the trauma, the loss and costs to rebuild are all reminders that we need to wake up and act. We need true \u201cLEADERSHIP\u201d\u2026\n6.\tDon\u2019t repeal the Climate Change Mitigation and Low-carbon Economy Act, 2016 (CCMLEA) till you have an alternative. Spend the time to consult on that alternative \u2013 maybe even have the guts and decency to call a referendum on this.  True leaders should state the facts and get people engaged in the discussion. Let people have a discussion about what they want to choose \u2013 a discount on rates or a future that is non-existent? The technology and innovation are out there, why can\u2019t we have a discussion on how we can leverage those to create jobs and protect the one and only planet we have?\nSomebody, please give us a sound, well thought out and good reason for the proposed cancellation of CCMLEA \u2013 WHY?\n\u2022\tWHO WILL IT BENEFIT?\n\u2022\tWHO WILL IT HURT?\n\u2022\tWHAT ARE THE CHOICES/ALTERNATIVES WE HAVE AND WHAT ARE THE PROS AND CONS OF THOSE OPTIONS?\n\u2022\tDO WE ACTUALLY WANT TO DO SOMETHING ABOUT CLIMATE CHANGE?\nThat is how sound policy is made \u2013 in the interest of the people!\n"
    },
    "9585": {
        "url": "/comment/9585",
        "comment": "I DO NOT support the cancellation of the Cap and Trade program in Ontario.  The current government has been misleading in it's public comments about this program being a tax which it is not.  We can no longer afford to do nothing about the environment and climate change.  Cap and Trade is an opportunity to allow market forces a role in improving environmental protections - a strategy that you would think a right leaning party like the Conservatives would appreciate and get behind.  Instead you mislead people and create division.  Shameful!\n"
    },
    "9590": {
        "url": "/comment/9590",
        "comment": "Removing the cap and trade system without another market based solution in place is irresponsible. The IPCC report is unequivocal \u2014 we must remain at a warning of only 1.5 degrees or face catastrophic damage to our ecology. To cancel this and resist a carbon tax with only a vague notion of creating another plan (with no timeline, no sign of enforcement) is to directly contribute to what the IPCC warns will be several million deaths. This is short sighted, selfish and irresponsible to current and future residents of Ontario.\n"
    },
    "9595": {
        "url": "/comment/9595",
        "comment": "I think the Bill 4, Cap and Trade Cancellation Act, 2018 is irresponsible. Companies should pay for greenhouse gases they emit, or find alternative ways to do their business. It is all of our best interests to reduce greenhouse emissions and the government's responsibility to make sure that everyone contributes. The government is shirking their responsibility to make sure companies work to reduce their emissions and we are all going to pay for it.\n"
    },
    "9596": {
        "url": "/comment/9596",
        "comment": "The repeal of the Cap and Trade program is highly irresponsible given the irrefutable evidence that human actions are the cause of climate change. There is no longer any debate about the harm we are doing to our environment, and we need legislation to prevent further damage. There is no reason to deny the facts, other than if our lawmakers are more interested in making money than in their children's futures. We owe it to ourselves to act responsibly. Thank you.\n"
    },
    "9598": {
        "url": "/comment/9598",
        "comment": "It was a foolish and politically expedient choice to cancel and rescind all the climate actions of the previous government and as a wellinformed person on climate change I ask you to reconsider.\nCarbon tax/cap and trade plans have been tried in 35 different jurisdictions around the world. According to Carbon Markets expert at NORI.com 34 have not  worked. Why? because of government expediency: changing the rules mid course, issuing too many allowances, interferring with the market price, are the main reasons.\nBut No price on carbon is worse. Way worse.\nPls consider that new science is being published weekly on the looming realtime risks of climate disruption and be forthright: based  on science we the government have to change course, take climate change seriously and act decisively.\noYou don't likely \\need source URLs about this week's IPCC 1.5Degree report but here it is: https://www.documentcloud.org/documents/4556564-Summary-for-Policy-Make\u2026\nTwo quotes:\nD2.5. Public acceptability can enable or inhibit the implementation of policy to limit global\nwarming to 1.5\u00b0C and to adapt to the consequences, and depends on the evaluation and\ndistribution of expected policy consequences and perceived fairness of decision procedures.\nD2.6. Education, information and feedback, and community approaches that rely on Indigenous and local knowledge, when combined with the policies mentioned in D2.3 and tailored to motivations and circumstances of specific actors and contexts, can accelerate the wide scale behaviour changes assumed in 1.5\u00b0C-consistent pathways to adapt to and limit global warming to 1.5\u00b0C (high confidence).\nAnd here is commentary: \"A massive, immediate transformation in the way the world\u2019s population generates energy, uses transportation and grows food will be required to limit the global temperature rise to 1.5C and the forthcoming analysis is set to lay bare how remote this possibility is.\"\nhttps://www.theguardian.com/environment/2018/sep/26/global-warming-clim\u2026\n"
    },
    "9600": {
        "url": "/comment/9600",
        "comment": "Putting a price on carbon is essential to reduce green house gas emissions. Calling it a tax is a conservative trick. A company is not allowed to just dump their garbage anywhere they want. They pay a company to pick it up and dispose of it in an environmentally way. This is not a tax but the price for the service. If a company wants to reduce this cost then produce less garbage. Putting a price on carbon is the same thing. Reduce your carbon emissions to reduce your cost.\nThis should focus on the important things like clean air, clean water, clean land instead of buck-a-beer.\n"
    },
    "9601": {
        "url": "/comment/9601",
        "comment": "Companies must be held accountable and responsibe for the damage they do to our environment. Encourage them to be creative and respond to the environmental crisis in new ways instead of letting them off the hook and offloading the consequences to the next generation (my generation).\nKeep cap and trade!!\n"
    },
    "9604": {
        "url": "/comment/9604",
        "comment": "It is critically important that we, as the most populous Canadian province and a leader in so many ways, lead the fight on climate change. To me, that means reducing GHG emissions and becoming more reliant on newer energy types that have less environmental impact like renewable energy. I believe that in order to have people and companies act in the way we need to accomplish this goal, money (or a tax) is the best way to incent all to do so.\n"
    },
    "9610": {
        "url": "/comment/9610",
        "comment": "To whom it may concern,\nI'm assuming my letter have will have little effect, as it seems the government has made up its mind to cancel cap-and-trade. I hope Premier Ford reconsiders. Again, I realize this is unlikely, so I urge the government to come up with alternative plans for Ontario to do its part to combat climate change. Climate change seems like too weak a term, however, as reports continue to point to an impending climate catastrophe. I know the government knows this, and I can't fathom how folks in power, who have children and grandchildren of their own, can avoid action on this file. My understanding is cap-and-trade is one of the best ways economically to mitigate the effects of climate change. So once again, I hope Ontario reverses its decision to eliminate cap-and-trade, and if not, to do more to protect our environment, especially for future generations. Thank you for your time.\n"
    },
    "9613": {
        "url": "/comment/9613",
        "comment": "I am highly concerned that this province has absolutely no plan to combat pollution and climate change.  Cancelling programs is not a plan.  I question whether the new premier even believes in man made climate change and if he does, does he just not care?  Saying that he'll  \"talk to\" companies that pollute is not a plan.\nThank you,\nAnn\n"
    },
    "9614": {
        "url": "/comment/9614",
        "comment": "The repeal of a carbon-trading proposal is absurd. All of the analysis that has been conducted in Canada, including in the provinces of Alberta and British Columbia has revealed that carbon-pricing, as would be enacted by the legislation this seeks to repeal, is progressive (not regressive as Doug Ford suggests) and does not hinder economic growth (as is indicated by the rankings of the aforementiond provinces in terms of growth under their pricing programs).\n"
    }
}