{
    "8956": {
        "url": "/comment/8956",
        "comment": "Please see letter attached.\n"
    },
    "8957": {
        "url": "/comment/8957",
        "comment": "Cancellation of the cap and trade act is absolutely wrong, it's benefits outweigh it's cancellation. We must take the right steps in protecting the environment and the earth. This cancellation was a knee jerk reaction brought about by a person who fails to comprehend the consequences of his actions. Pointing out scientific study after study proving climate change and how to avoid the disasters for the planet seems to have no effect on armchair scientists. DO NOT CANCEL THIS IMPORTANT ACT THAT WILL SAVE OUR CHILDREN AND FURYHER GENERATIONS.\n"
    },
    "8959": {
        "url": "/comment/8959",
        "comment": "Cap and trade is an important policy to help combat climate change, and finally \"put a price on carbon\". Cap and trade uses market logic to account for the environmental externalities involved with resource development/ industry. I believe strongly that Cap and Trade should continue to be endorsed by our provincial government and that in 2018, when the IPOCC is issuing dire warnings around the impact of a 1.5 degree increase in global temperatures by 2050, we need to be ramping up environmental protections, not loosening them. We face an unprecedented challenge in the next 10 to 15 years, to create relatively carbon-neutral societies. Some technological advancements (atmospheric carbon mining) may be able to aid us in this process but ultimately our systems of economics have to change, and that change must come from the political/policy level. For our children, and grandchildren, we need to consider the implications of our actions on this planet and we need to continue to enforce  strong climate policy, and that includes cap and trade, as well as carbon taxes, and a transformation in the energy sector.\n"
    },
    "8962": {
        "url": "/comment/8962",
        "comment": "In my view, repealing the cap and trade system is a step backward for Ontario. The cap and trade system is a creative solution that balances free market forces with the environmental realities that we are all facing and will have to come to terms with. This action is ill-informed and not in the best interest of Ontario or Ontarians.\n"
    },
    "8963": {
        "url": "/comment/8963",
        "comment": "I am very disturbed by the removal and cancelling of the cap and trade program. This bill should not succeed; at least, not if our government educated themselves on how it truly works, and cares for our environment. We are now at a time where the leaders of today may feel and see the consequences of their lack of positive action on the environment, and removing cap and trade is definitely not a positive action.\nCap and trade leads directly to a reduction of pollution over time. It is a gradual decrease that allows industry to maintain production, slowly reducing as it can, encourages the sharing of best practices and knowledge, and penalizes companies that fail to reduce their pollution levels through increased operating costs.\n"
    },
    "8964": {
        "url": "/comment/8964",
        "comment": "The timing of the cap and trade cancellation could not be worse. According to the most recent (released on October 8) report by the Intergovernmental Panel on Climate Change, the world is on track for around 3 degrees of warming by the end of the century if it doesn\u2019t make major reductions in greenhouse-gas emissions. It could breach 1.5 \u00b0C some time between 2030 and 2052 if global warming continues at its current rate.\nWithout aggressive action, the world could become an almost impossible place for most people to live in, says Ove Hoegh-Guldberg, director of the Global Change Institute at the University of Queensland in St Lucia, Australia. \u201cAs we go toward the end of the century, we have to get this right.\u201d\nThis is not the time to effectively pull from the Paris Climate Accord, by cancelling cap and trade. This is the time to drastically curb our carbon emissions. Measures include ramping up installation of renewable energy systems such as wind and solar power to provide 70\u201385% of the world\u2019s electricity by 2050, and expanding forests to increase their capacity to pull carbon dioxide from the atmosphere.\n"
    },
    "8966": {
        "url": "/comment/8966",
        "comment": "Given the recent special climate report (SR15) by the UN's IPCC, it's apparent that cancelling Ontario's cap and trade agreement without any replacement (let alone one that's been shown to be equivalent, better, or even simply viable) is against the needs of Ontarians of all political parties, including Mr. Ford's own. If anything, the government of Ontario should be strengthening its commitment to mitigate or reverse the effects of anthropogenic climate change, as a fiscally and morally sane action.\n"
    },
    "8967": {
        "url": "/comment/8967",
        "comment": "I am a voter and I am angry about the cancellation of the cap and trade program.   The Government of Ontario is responsible for the long-term well being of its citizens, and climate change threatens our safety.  Carbon pricing means we pay a little more now to prevent the billions of dollars in climate change-fueled storms that we will incur as taxpayers and homeowners in the future.  Climate change is a huge threat, and we must set aggressive emission reduction targets and create a plan to meet them.  Our future must be carbon neutral, and we must start working towards that now.\nThank you for your consideration. KPM, Kingston, Ontario\n"
    },
    "8969": {
        "url": "/comment/8969",
        "comment": "Please withdraw this legislation and take the long view. Take climate change seriously.  Cap and trade makes a difference.  Be proactive and visionary on fighting climate change.\n"
    },
    "8970": {
        "url": "/comment/8970",
        "comment": "In no way should the Cap and Trade program be wound down. We\u2014as a province with a substantial carbon footprint\u2014should be increasing our efforts to fight climate change, as opposed to removing programs in place that would make us less responsible for our greenhouse gas emissions. The environment needs to be our number one priority. No amount of cost-cutting can save us from the consequences of not addressing climate change fully and completely, at all levels of government.\n"
    },
    "8971": {
        "url": "/comment/8971",
        "comment": "My business has existed in one form or other for 27 years.  Eight years ago, we added capacity to focus in the recruitment of sustainability and clean-tech professionals in the hopes that would become a trend.  In particular, we specialize in the recruitment of executives and sales and business development leaders for emerging clean tech companies and clean energy companies.\nFor six years we have had some varied success in building business in that sector.    The industry needed to achieve a critical mass and the economy reach a certain tipping point before 3rd party search firms become a necessity.\nSince the cap and trade legislation was introduced, two years ago, my overall business has increased about 300% and had it's best quarter ever in the sustainability and clean tech sectors earlier this year.  With some investment already deployed, and another literally $6 billion (yes - $$ SIX BILLION) in investment lined up and ready to go across Canada in support of the business objectives brought forward by the \"stick & carrot\"of cap and trade, we were excited -  and looking at an unprecedented growth opportunity, not just for ourselves but for our clients and Ontario workers.\nThe legislation triggered significant new hiring in all 3 of the clean tech, real estate development, and green energy solutions sectors.  (including many that needed no revenue via a FIT program).\nThe day after the new government announced its immediate cancellation of the Cap and Trade, 5 assignments on which we were retained were cancelled, as were at least another 30 plus less senior positions for which my clients were hiring using other methods.  Numerous future roles on which we expected to be retained were now in limbo.\nThese roles were significant.    Here's a significant real world example of how the announcement cost a significant number of new jobs - and saw one transferred to BC from Toronto.\nOne of my clients has $250 million dollars from a pension fund it planned to invest in building geo-thermal energy solutions for new condo and commercial real estate developers; Solutions that would replace (in an average building), one million dollars worth of boilers and chillers manufactured elsewhere in Europe, China or North America with two million dollars worth of heat pumps and tubing - and significant amounts of construction labour.   As the busiest development market in the country, Toronto was deemed the prime target.\nSome (and eventually most)  of those tubes and some of the heat pumps would be sourced and manufactured here in Ontario - but far more importantly: the immediate engineering jobs on every site would be filled by Ontarians.  The surveys, the construction jobs to install the tubes, the implementation and the maintenance of all those systems would be filled by Ontarians.  Great paying, highly skilled construction jobs.   Companies gaining world-leading expertise on the construction, deployment and management of world leading zero-carbon energy solutions.  Expertise we could export world wide.   A slew of benefits in the form of new jobs in an emerging market, and the expertise to go with.\nThe decision to deploy such solutions was driven in significant part by developers looking to avoid paying expected future Carbon taxes. - taxes which over the 40 year lifetime of the systems would be significant.    My client gets their money back by charging the building for the zero-carbon energy the solutions would provide, and at a net SAVINGS to the end consumer.  Making Canadian business more competitive.\nIf you are indeed serious about reducing energy costs for Ontarians, this was a perfect way to do so!\nOther Key benefits: a) significantly less draw on the grid for the chillers  b) elimination of natural gas for heating.\nThe day the Government announced the end to cap and trade, of the 4 senior roles for which we were recruiting on behalf of this client, 3 jobs we were working on went on hold, and 2 have since been cancelled. A third remains in limbo but likely moves to BC where carbon taxes are still in place.  They moved the role and then hired a Vice President- Business Development with our candidate from Vancouver for the fourth role.  His mandate now includes a significant focus on finding projects in Los Angeles, San Francisco, and New York.\nMy client is now more focused on finding similar projects in BC, Quebec and the USA.  The indirect jobs at engineering firms are likely to move to those locations as well - as (obviously) will the construction jobs.\nThe pension plan looking to invest $250 million in Canada is now looking to see if my client can transition the opportunities elsewhere, or a significant portion of the capital will disappear.  At best, it will be deployed over a longer term.  More likely it will go to other jurisdictions.\nSo net - here's a classic example of the impact - probably 30 net new, high paying jobs in business development, planning, engineering, surveying and construction over the next 12 months now lost.  And hundreds more over the next 5 years.\nThe ill-conceived plan to cancel cap and trade has massive negative consequences for our province and is simply exporting the best jobs to other more forward looking jurisdictions.\nPlease reconsider...\n"
    },
    "8972": {
        "url": "/comment/8972",
        "comment": "Repealing Cap and trade without a credible alternative to meet emission reductions is irresponsible.  While carbon pricing is better than cap and trade, the infrastructure improvements such as bike lane installation and energy efficiency upgrades for schools and residences paid for through the cap and trade program have made real differences.  I would like your response to me to include the credible costed plan to meet the same or better carbon dioxide reductions.\n"
    },
    "8973": {
        "url": "/comment/8973",
        "comment": "The Nobel foundation and their esteemed judges have awarded the Nobel Prize in Economics to the scientist that proved that Carbon pricing is an effective mechanism.  We have regressed by cancelling this important act and the billions of dollars in costs that will likely come to unwind the contracts already awarded under the plan. This is a very costly mistake in the short and long term.\nI do want a real climate change plan to reduce emissions, help people save energy and create jobs in the growing $26 trillion clean economy.\nI want Ontario to put a price on pollution, making polluters pay for their emissions and returning the revenues to the pockets of Ontarians so they can lower their carbon footprint.\nI want legally binding emissions targets in line with our obligations to ourselves, other governments and our future generations\nI want Ontario to end subsidies and handouts for fossil fuel companies and redirect this money to clean energy solutions.\nPlease reverse this ruling or find a solution along these lines.\nThank you.\n"
    },
    "8974": {
        "url": "/comment/8974",
        "comment": "I am tired of watching Ontario backpedal on the environment.  Our family works in water quality, and see where we are headed.  I have lost so much faith in Ontario and the future it holds for my children, that we are trying to leave.\nThe poor decision making by ford and his types are leaving us hopeless.\nStop the rape and pillage, start acting responsible. Protect what is sacred.\n"
    },
    "8975": {
        "url": "/comment/8975",
        "comment": "This Act leaves the government exposed to expensive lawsuits from may parties.  A great deal of money has been invested and collected, without a plan for resispursement and monitoring of the collected dollars the government will likely be caught up in expensive litigation.\nMorally, this isn\u2019t conguant with municipal, federal or global action on climate change.  I speak for my young children when I say that we are sacrificing their planet and future with this action.\nMichael\n"
    }
}