{
    "7604": {
        "url": "/comment/7604",
        "comment": "I am an early adopter of a MicroFIT solar rooftop installation, a long-time bullfrog power customer (for all of their services) and a bicycle commuter.  Here are the things I expect a province that cares about the future of our children and out children's children to implement:\n- a real climate change plan to reduce emissions, help people save energy and create jobs in the $26 trillion clean economy\n- to put a price on pollution, making polluters pay for their emissions and returning the revenues to the pockets of Ontarians so they can lower their carbon footprint\n- legally binding emissions targets in line with our obligations to the Paris Climate Agreement\n- to be 100% powered by clean energy by 2050 at the latest, with no effort spared to reach this goal sooner if possible\n- to end subsidies and handouts for fossil fuel companies and redirect this money to clean energy solutions\n- to achieve these goals without relying on overpriced and unsafe nuclear power.\n"
    },
    "7607": {
        "url": "/comment/7607",
        "comment": "Climate change is real and it must be dealt with ASAP to preserve the precious earth that we have!!! I request a real climate change plan to decrease emissions, create jobs and save energy!\n"
    },
    "7608": {
        "url": "/comment/7608",
        "comment": "I want a real climate change plan to reduce emissions, help people save energy and create jobs in the $26 trillion clean economy.\nI want Ontario to put a price on pollution, making polluters pay for their emissions and returning the revenues to the pockets of Ontarians so they can lower their carbon footprint.\nI want legally binding emissions targets in line with our obligations to the Paris Climate Agreement.\nI want Ontario to be 100% powered by clean energy by 2050\nI want Ontario to end subsidies and handouts for fossil fuel companies and redirect this money to clean energy solutions.\n"
    },
    "7610": {
        "url": "/comment/7610",
        "comment": "I find this decision to be ill informed and a huge step backwards.  I see no evidence that this will benefit anyone other than the heavy polluters.  Ontario has the all the resources required to be both environmentally responsible and  economically strong.  We had a working cap and trade system and now we have nothing.  We were building green energy sources and encouraging Ontario  residents to invest in energy efficient products for their homes.  Now we have nothing.\nJust the fact that this act has provisions to limit legal action against the province is telling, and it is disingenuous to the voters to assume that they can't see for themselves this irresponsible action for what it is; Pandering to a very small segment of our population.\n"
    },
    "7611": {
        "url": "/comment/7611",
        "comment": "I want a real climate change plan to reduce emissions, help people save energy and create jobs in the $26 trillion clean economy.\n    I want Ontario to put a price on pollution, making polluters pay for their emissions and returning the revenues to the pockets of Ontarians so they can lower their carbon footprint.\n    I want legally binding emissions targets in line with our obligations to the Paris Climate Agreement.\n    I want Ontario to end subsidies and handouts for fossil fuel companies and redirect this money to clean energy solutions.\nI want my elected officials to demonstrate that they care more about the health and well-being of the people they represent than they do about the profits of the corporations that are endangering our health and the future of human life on this planet.\n"
    },
    "7615": {
        "url": "/comment/7615",
        "comment": "Dear Premier Ford,\nPlease do not emulate the willful ignorance of our neighboring Republican party - the evidence of climate change is indisputable - let's get Ontario with the program.  It will benefit the lioves and health of \"the people\" you are sworn the following to:\n\u201cWe will never take this responsibility lightly.  We will never forget the trust you have put in us. We will never forget who put us here and who we are accountable to.\u201d\n"
    },
    "7616": {
        "url": "/comment/7616",
        "comment": "Bill 4 is an incredibly short sighted, irresponsible piece of legislation that should never even be considered. It simply cancels the only program the province had to address climate change and absolves the government of all responsibility. It doesn't require the province to address the issue of climate change in any way, and it provides no economic relief for taxpayers who will effectively be buying out the program. This bill looks like it was written by a toddler and said something like \"No more carbon tax!\", and then it was cleaned up and embellished by some lawyers. I am deeply ashamed to be represented by a parliament that would pass such a regressive and childish bill.\n"
    },
    "7617": {
        "url": "/comment/7617",
        "comment": "I am absolutely APPALLED that this is even being considered yet alone being put into action. It is unbelievable but also not unexpected by the PCs. Why is it always 1 step forward, 4 steps back with the PCs & Liberals? Stop thinking about how to make money for yourselves! START doing the job you were elected for & put the PEOPLE'S best interests FIRST. Keep your hands in your own pockets! Stand up for US all & tell the oil companies you WILL NO LONGER take their bribes(campaign contributions)\nI want a real climate change plan to reduce emissions, help people save energy and create jobs in the $26 trillion clean economy.\n\u2022I want Ontario to put a price on pollution, making polluters pay for their emissions and returning the revenues to the pockets of Ontarians so they can lower their carbon footprint.\n\u2022I want legally binding emissions targets in line with our obligations to the Paris Climate Agreement.\n\u2022I want Ontario to be 100% powered by clean energy by 2030\n\u2022I want Ontario to END subsidies and handouts for fossil fuel companies and redirect this money to clean energy solutions.\nIf you need help, ASK THE GREEN PARTY. They have a plan that can easily be put in place!\n"
    },
    "7618": {
        "url": "/comment/7618",
        "comment": "Yes repeal this and many others.  It is time to ask where are we at, why and how we got here. Then actually think were this is leading us.  Perhaps there is hope yet based on the direction this current regime is heading.\nI am only generally familiar with this Act but am quite familiar with the social engineering proclivities of the previous Ontario governments.  Central control and central planning were fundamental platforms on which their programs were based.   The arrogance of the previous government regimes in assuming these platforms as a universal \"good\" and steamrolling controls and regulations over the general population is frightening and dangerous. The path we are on is leading us to horrible situations we already know of ... examine the reality of China, North Korea, the former USSR, Cuba, Venezuela. There is no Pollyanna under the umbrella of state control. It is time we taught that the more the State gives you, the more the State controls you the less you control the State.\nIF there is an issue with regards to carbon and climate, the marketplace should be the tool, not big government, not more legislation and not more regulation with associated government determined penalties for non-compliance.\nThe echo chamber in which the socialist \"global\" thinkers dwell is unfortunately occupied by powerful people in the mating of the contemporary unholy triad of state, academia and media. For the most part, today's intellectual paradigms have been established through faulty philosophical assumptions rarely seen, understood or questioned - they have been simply accepted for the most part since about the 1950's (Post Modernism for example).   From a global perspective, the West has effectively molded a few generations of a lot of very \"useful idiots\" (to borrow an appropriate phrase from a not very good person). To depart from the group think one risks ridicule at least and economic annihilation at worse. Fortunately,  more of the general population in the West are becoming tuned in, resulting in the election of political parties bold enough to run on platforms that build upon the lessons of history rather than apologize or deny their history.\nNow is the time to repeal legislation that govern matters which otherwise are dealt with through common law, common sense, the market place and/or logical facts.  It is time to call out both the obvious and sly mechanisms of State control over the individual.   It is time to prune the Nanny-state down to a very small, unnoticeable shrub in the garden of humanity.\nPerhaps this current government can next concentrate on throwing the Human Rights Tribunal of Ontario onto the garbage heap of state enforced thought control mechanisms.\n"
    },
    "7619": {
        "url": "/comment/7619",
        "comment": "I am very concerned over the changes that the provincial government is proposing under Bill 4, the Cap and Trade Cancellation Act, 2018.\nLeadership is required from the government to address the very real and pressing challenges presented by climate change. I would like the govenment to demonstrate this leadership by doing the following:\n- support a real climate change plan that would reduce emissions, assist individuals with saving energy, and create jobs in the $26 trillion clean economy.\n- put a price on pollution, making polluters pay for their emissions and returning the revenues to the pockets of Ontarians so they can lower their carbon footprint.\n- establish legally binding emissions targets in line with our obligations to the Paris Climate Agreement.\n- set a goal of Ontario to be 100% powered by clean energy by 2050.\n- end subsidies and handouts for fossil fuel companies and redirect this money to clean energy solutions.\n"
    },
    "7620": {
        "url": "/comment/7620",
        "comment": "I absolutely believe that Ontario should discourage and punish polluters by putting a price on pollution itself. This is not a political party issue as some individuals are trying to make it - - it is about our future, respecting the environment & planet, and providing a safe and healthy place for future generations to live. Ontario should be leading Canada in this, and not seeking partners in dragging our feet...\nCancelling the climate bill is totally the wrong thing to do!\n"
    },
    "7622": {
        "url": "/comment/7622",
        "comment": "In keeping with the platform of the Green Party of Ontario, I call for the following:\nI want a real climate change plan to reduce emissions, help people save energy and create jobs in the $26 trillion clean economy.\nI want Ontario to put a price on pollution, making polluters pay for their emissions and returning the revenues to the pockets of Ontarians so they can lower their carbon footprint.\nI want legally binding emissions targets in line with our obligations to the Paris Climate Agreement.\nI want Ontario to be 100% powered by clean energy by 2050\nI want Ontario to end subsidies and handouts for fossil fuel companies and redirect this money to clean energy solutions.\nThanks kindly.\n"
    },
    "7623": {
        "url": "/comment/7623",
        "comment": "I want a real climate change plan to reduce emissions, help people save energy and create jobs in the $26 trillion clean economy.\nThis includes putting a price on pollution, making polluters pay for their emissions and returning the revenues to the pockets of Ontarians so they can lower their carbon footprint.\nAdditionally, I want legally binding emissions targets in line with our obligations to the Paris Climate Agreement.\n"
    },
    "7626": {
        "url": "/comment/7626",
        "comment": "I want a real climate change plan to reduce emissions, help people save energy and create jobs in the $26 trillion clean economy.   I expect our government to maintain a clear commitment to clean energy for not only economic opportunity but more importantly, the sustainability of our planet and our children and grandchildren's future.\n"
    },
    "7628": {
        "url": "/comment/7628",
        "comment": "As an Ontario resident and voter, I'm exceptionally disappointed with the actions of Premier Ford on the climate change front so far. His scrapping of policies already in place to hold polluters accountable for their actions with no plan in place to replace it is irresponsible and honestly, simply comes across as bitter.\nIf this consultation is being taken seriously and someone is actually reading these comments, please note that a voter is asking for:\n-A real climate change plan to reduce emissions, help people save energy and create jobs in the $26 trillion clean economy.\n-A price on pollution, making polluters pay for their emissions and returning the revenues to the pockets of Ontarians so they can lower their carbon footprint.\n-A legally binding emissions targets in line with our obligations to the Paris Climate Agreement.\n-Ontario to be 100% powered by clean energy by 2050\n-Ontario to end subsidies and handouts for fossil fuel companies and redirect this money to clean energy solutions.\nThanks for your consideration.\n"
    }
}