{
    "7972": {
        "url": "/comment/7972",
        "comment": "I want a real climate change plan to reduce emissions, help people save energy and create jobs in the $26 trillion clean economy.\nI want Ontario to put a price on pollution, making polluters pay for their emissions and returning the revenues to the pockets of Ontarians so they can lower their carbon footprint.\nI want legally binding emissions targets in line with our obligations to the Paris Climate Agreement.\nI want Ontario to be 100% powered by clean energy by 2050\nI want Ontario to end subsidies and handouts for fossil fuel companies and redirect this money to clean energy solutions.\n"
    },
    "7976": {
        "url": "/comment/7976",
        "comment": "As a province, we must be leaders in environmental legislation. We are at risk of loosing our natural resources.\nI want our province to have legally binding legislation that supports our commitments to the Paris Climate Agreement.\nOur province needs legislation to protect our resources, green spaces and groundwater.\n"
    },
    "7980": {
        "url": "/comment/7980",
        "comment": "I want a real climate change plan to reduce emissions, help people save energy and pioneer the clean economy.\nI want Ontario to put a price on pollution, making polluters pay for their emissions and returning the revenues to the pockets of Ontarians so they can lower their carbon footprint.\nI want legally binding emissions targets in line with our obligations to the Paris Climate Agreement.\nI want Ontario to be 100% powered by clean energy by 2050, and strongly support nuclear power as well as small and/or remote hydroelectric and energy from waste.\nI want Ontario to end subsidies and handouts for fossil fuel companies and redirect this money to clean energy solutions.\nAnd I want even better government incentives for electric and hybrid vehicles, new and used, with targeted outreach to people with low income and disabilities.\nThank you.\n"
    },
    "7983": {
        "url": "/comment/7983",
        "comment": "I am very concerned about this government\u2019 s lack of initiatives targeting industry polluters. It is irresponsible to ignore the scientific facts, to ignore rising costs in property and personal damages caused by increasing pollution and resulting environmental changes. As a tax payer I object you wasting my money for the benefit of a few wealthy people and as a  health care professional I strongly object your misguided policies that will cause escalating health and societal costs. It is irresponsible to play political games for which so much will be lost for our children and grandchildren.\n"
    },
    "7984": {
        "url": "/comment/7984",
        "comment": "I want a real climate change plan to reduce emissions, help people save energy and create jobs in the $26 trillion clean economy.\nI want Ontario to put a price on pollution, making polluters pay for their emissions and returning the revenues to the pockets of Ontarians so they can lower their carbon footprint.\nI want legally binding emissions targets in line with our obligations to the Paris Climate Agreement.\nI want Ontario to be 100% powered by clean energy by 2050\nI want Ontario to end subsidies and handouts for fossil fuel companies and redirect this money to clean energy solutions.\n"
    },
    "7986": {
        "url": "/comment/7986",
        "comment": "I want the Ontario government to have a price on carbon. I want the Ontario government to make polluters pay and put that money into incentives to help the people of this province reduce their carbon footprint. The Ontario government should be doing it's part to help our Country live up to the targets set out in the Paris Climate Accord. We should be striving to be leaders in the renewable energy industry. The Ontario government is moving backwards by cancelling the cap and trade policy of the previous government. Why would we waste money to fight the Federal government in court to not force us to have a carbon pricing plan. The previous government already had one, and revenue from that was helping the people of Ontario reduce their carbon footprint.\n"
    },
    "7988": {
        "url": "/comment/7988",
        "comment": "Please develop a real climate change plan to reduce polluting emissions, as well as help people save energy. Allow this to be an exercise in creating a myriad of jobs at various levels in the $26 trillion clean economy. The time to act decisively is now.\nIt is very relevant and important that Ontario to put a price on pollution, making polluters pay for their emissions. The benefit of this is returning the revenues from what polluters choose to pay, back into the pockets of Ontario taxpayer citizens so they can lower their carbon footprint and have less weather extremes affecting Ontario's economy.\nI want legally binding emissions targets in line with our obligations to the Paris Climate Agreement.\nI want Ontario to be 100% powered by clean energy by 2050\nI want Ontario to end subsidies and handouts for fossil fuel companies and redirect this money to clean energy solutions.\nMaking quick business profits with careless emissions and no limits on pollution is really not sensible as our weather systems and ecosystems will be irreversibly damaged, together with human and animal health. Our near and distant future matters. Please make these protective actions.\n"
    },
    "7989": {
        "url": "/comment/7989",
        "comment": "We must preserve the environment for the future.  We should not backtrack on the cap and trade issue.  Polluters must be discouraged by paying for the pollution they create.  We must not take actions that continue to wreak havoc on our ecology.  Our children and grandchildren will certainly end up paying the price for our mistakes.  Please reconsider your plan to pass Bill 4 - Cap and Trade Cancellation Act. 2018.  I urge you to think of the future now.\n"
    },
    "7990": {
        "url": "/comment/7990",
        "comment": "I want a real climate change plan to reduce emissions, help people save energy and create jobs in the $26 trillion clean economy.\nI want Ontario to put a price on pollution, making polluters pay for their emissions and returning the revenues to the pockets of Ontarians so they can lower their carbon footprint.\nI want legally binding emissions targets in line with our obligations to the Paris Climate Agreement.\nI want Ontario to be 100% powered by clean energy by 2050\nI want Ontario to end subsidies and handouts for fossil fuel companies and redirect this money to clean energy solutions.\nWhat plan does the government of Ontario have in place to address real climate challenges if they plan on scrapping/fighting the current system?\n"
    },
    "7991": {
        "url": "/comment/7991",
        "comment": "I am very concerned about Ontario's plan to cancel current climate action without a plan to replace it  I want Ontario to meet and exceed international carbon reduction goals, to become 100% renewable energy as quickly as possible, and to be leaders in the green economy, which has the potential to create many new jobs and a strong economy. Our futures are in the balance and this is no time to skirt responsibility for short term political gain.\n"
    },
    "7992": {
        "url": "/comment/7992",
        "comment": "Canada is the world's 9th highest emitter of CO2 - see link.\nCanada (#9) + Brazil (#12) + Mexico (#13) + Australia (#14) + UK (#16) + France (#19) emit (together) more CO2 than India (#3).\nCanada (#9) + Mexico (#13)  emit (together) more CO2 than Germany (#6)\nWhat we do matters.\nClimate Change is real.\nStorms are intensifying and Island nations are losing ground, some are already lost - see link.\nClimate Change is unjust. Those who are least responsible for Climate Change are most affected by it - see link.\nDrought is intensifying the migrant crisis with an alarming number of people leaving Africa and the Middle East.\nRoughly 1% of the earth's population (68.5 million people and rising) are currently displaced.\nWe need a real climate change plan to reduce emissions, help people save energy and create jobs in the $26 trillion clean economy.\nI want Ontario to put a price on pollution, making polluters pay for their emissions and returning the revenues to the pockets of Ontarians so they can lower their carbon footprint.\nI want legally binding emissions targets in line with our obligations to the Paris Climate Agreement.\nI want Ontario to be 100% powered by clean energy by 2050.\nI want Ontario to end subsidies and handouts for fossil fuel companies and redirect this money to clean energy solutions.\n"
    },
    "7993": {
        "url": "/comment/7993",
        "comment": "Repealing the CCMLEA just to replace it with something else is huge waste of taxpayers money. Cap and Trade is an effective way of reducing carbon emissions by reducing the use of fossil fuels and benefits Ontario by providing funds for upgrading homes, businesses and public buildings for greater efficiency. The plan would actually save people money over time, not increase costs. The $100 million removed from school repairs is an example of the short-sightedness of the government's actions. At a time when our schools need billions of dollars in repairs to make them safe spaces for students we should be putting more money into schools not less. Cap and Trade would have allowed us to do that.\nThe money collected through Cap and Trade would have been put back into our economy, increasing employment opportunities, supporting small business and making life better for Ontarians. Ontario needs to support companies that are creating the technologies that will make our lives more environmentally sustainable in the future. If we don't, these jobs will go to other parts of the world.\nPlease reconsider the misguided decision to cancel Cap and Trade. It appears that you are cancelling it purely for political reasons, and that's going to hurt Ontario in the long run.\n"
    }
}