{
    "9168": {
        "url": "/comment/9168",
        "comment": "Do NOT repeal this Act or cancel the cap and trade program.\nClimate change is real and it\u2019s happening. We did not have summers like this past one 20 years ago. 30c used to be a hot day, and this year, I can\u2019t even count how many 40c days we had.\nDeveloped nations like Canada and its most populated provinces like Ontario need to put (and keep) in place regulations to force industry to make better choices when it comes to the health of our planet and our children\u2019s future. Smarter, more efficient operations are possible. Reward those who make it happen, penalize those who choose not to change.\nI repeat, DO NOT REPEAL THIS ACT or wind down the program. Act with vision and the interests of pur citizens in mind, not with a greedy shortsighted approach. Businesses and capitalism as a whole WILL pressure government into the cheapest, easiest-for-them-to-profit option. Do NOT give in. Set the bar high. Demand better for our province.\n"
    },
    "9169": {
        "url": "/comment/9169",
        "comment": "The earth is currently in a very sensitive time in regards to climate change. Lack of immediate action will result in dire consequences for future generations. I certainly don't want to leave my children an earth that sees increasingly scary weather events, floods, drought, extreme heat and all the negative associated outcomes. Hesitation is not an option. I expect the government to take this climate threat seriously and create a program that has an impact equal or greater than the previous government (the bar should be high). There needs to be a shift in thinking. A green economy, green jobs, renewable energy, sustainable, smart and well designed cities will all result in overall gains, innovations, and becoming a world leader. Yes there will be an initial investment and growing pains but look at other jurisdictions that have implemented sustainability plans. They have greatly benefited and seen there initial investment flourish economically, in innovations and high paying jobs that attract knowledge workers. Lastly not taking action is really not an option given the science. Another step in the right direction could be requiring municipal climate change action plans and community energy plans. Please think and sacrifice for the future.\n"
    },
    "9171": {
        "url": "/comment/9171",
        "comment": "I believe cap and trade mechanism is a tool that has proven its value in Canada. It has been used to address the acid rain in the 1980s and the cap part was used to recover the collapse of the fish in early 1990s in East Coast. The additional cost is felt at the start but iteither goes away or reduces once the issue is being addressed in this case is the reduction of GHG, while a tax is usually applied forever. Cap and trade mechanism offers incentives for organizations to do something about the issue because they know that once they do the additional cost disappears, a tax stays forever...look at the GST! Although people can argue whether a straight tax or a cap and trade mechanism is better, an incentive is needed for everyone to reduce GHGs as people are set in their ways and unless it\u2019s too late people won\u2019t change, psychology 101. People who have not studied the climate change phenomenon might have a hard time relating or believing that the earth is changing its climate and not in a way that can sustain human life and all the natural resources we need to surive. People don\u2019t see nor necessarily understand how gravity works but the same science that is used to describe gravity is telling us about climate change. Basic principles of chemistry, biology, physics are used to analyze and conclude that we are changing the climate that we depend on our survival. I won\u2019t even go into the moral responsibility or lack of what we\u2019re causing because my comment will be too long. Not having a climate change plan that supports the public sector and innovates the private sector is a recipe for disaster of life lost, health sector stretched to the limits, infrastructure destroyed. I have yet to see human kind control the weather, we are good at monitoring it but we run and hide because we can\u2019t tame it. The environment has its own time clock that doesn\u2019t align with our own but although it shows its changes slowly they are powerful and cause destruction, death and misery. Thank you for letting people voice their opinions. Please listen to science and bring a proven mechanism like cap and trade back to Ontario. Thank you, Elizabeth\n"
    },
    "9172": {
        "url": "/comment/9172",
        "comment": "Oct. 10, 2018\nThe cancellation of the Cap and Trade plan now underlines the urgency of Ontario taking action to develop an effective alternative  carbon pricing policy. The latest report by the Intergovernmental Panel on Climate Change, affirming that climate change is here and could start to become very costly, very quickly, is a clarion call to action that Ontario must respond to.\nGiven the controversy surrounding the merits and drawbacks of the Cap and Trade approach, I urge the government of Ontario to introduce a carbon tax, fee or levy --- call it what you will --- that will be easily understood and engage the public more readily. The idea of a carbon fee and dividend, as advanced by Canadians for Clean Prosperity, is one model that's worth serious consideration. The level of the fee, and the size of the dividend (preferably set in a progressive way, so that lower-income households would receive a larger dividend than higher-income) can be debated.  Whatever the final numbers, I urge the government to introduce a carbon fee and dividend that reflects the same principles as progressive taxation.\nCertainly, it is time for Ontario to show leadership in reducing our reliance on fossil fuels and to implement cleaner, more environmentally sustainable policies.  As noted in The Globe and Mail op-ed page today, there are now three times as many countries using carbon pricing as there were a decade ago. More countries are getting on board ever year, including China and Mexico, and 10 states in the United States already use carbon pricing.\nI urge the government to act without delay.  It is time to produce an enlightened carbon pricing plan that will respond to growing public concern and ensure that Ontario is part of the solution, rather than part of the problem.\nThank you.\n"
    },
    "9173": {
        "url": "/comment/9173",
        "comment": "I was dismayed to hear that the new Provincial government cancelled the Cap and Trade program without public consultation, as I would have expected our elected leaders to work within the confines of the law. This comment likely won't have any impact as the Provincial government under Premier Doug Ford has made it quite clear that they are intent on destroying any environmental progress that we have fought so hard for over the last decade.\nI am deeply ashamed over the lack of acknowledgment over the current issues we as humanity face in the wake of Climate Change. Climate Change is real and it\u2019s happening. Recently, the UN Intergovernmental Panel on Climate Change warns we will reach 1.5 C global temperature rise in only 12 years. Have any of the members of this government been listening to the news over the last 5 years? News stories of forest fires, hurricanes, floods, droughts, coral reef bleaching, and rapidly melting sea ice are being reported at in increasingly alarming rate. As a 33 year old man, I have given up any dream of having a family as I fear the future that is unfolding and the blatant lack of regard or action by the very leaders that are meant to find solutions to the problems we face.\nThe proposed \"Cap and Trade Cancellation Act, 2018\" is missing important measures needed for a successful climate change act. What are the long-term climate targets? Where are the emission reduction obligations? How will it be effectively transparent and accountable? How does it plan on funding to provide financial incentives to reduce emissions and stimulate the growth of the clean energy sector? None of these questions are given answers in this new act.\nThe Former  Cap and Trade program had answers to these questions. Under the Cap and Trade Program, Ontario had started to finally see a decrease in GHG emissions and for the first time our emissions were lower than in 1990.  How do these results justify the decision to completely erase the program? It was working. It was a viable solution to a global crisis.\nIf the Provincial government is so intent on changes things for the sake of changing things, why not take the act that was already working well enough and make it better? As opposed to completely removing it, and starting from scratch with a much weaker act that seems almost thrown together by someone who has no understanding of the issues at hand.\n"
    },
    "9174": {
        "url": "/comment/9174",
        "comment": "The cancellation of the cap & trade program was a step backwards for Ontario.  In 2018 we know that pollution is not free.  Residents pay to have garbage removed from their houses through their taxes.  Business owners pay to have garbage removed from their businesses.  Factories that make air, soil or water pollution must also pay if they contaminate the environment that we all share.  The UN report on climate change just released has dire warnings from the scientists that specialize in studying earth systems including climate.  Heed their warnings.  They say that the world must adopt stricter controls on the production of greenhouse gases but they are pessimistic that governments will listen.  Could the Doug Ford government prove them wrong?  Time to reinstate the cap and trade program which encourages companies to pollute less.  The monies raised can and were being used to fund programs that reduce greenhouse gas emissions like home retrofits and electric car subsidies.  Where will we get the money to refurbish TDSB schools for example that should be brought into the 21st century with energy efficient improvements?  I don't want my tax dollars to be spent on fighting the federal government on pricing carbon.  Many Ontarians understand that if we don't reduce the amount of greenhouse gases we produce we may expect disastrous consequences some of which have already come to pass: killer hurricanes, tornados, flooding, droughts, heat waves etc.  Does the Conservative government in Ontario want to be known as the government that didn't act in the face of overwhelming evidence of climate change? I sincerely hope not.\n"
    },
    "9175": {
        "url": "/comment/9175",
        "comment": "Oct. 10, 2018\nThe cancellation of the Cap and Trade plan now underlines the urgency of Ontario taking action to develop an effective alternative  carbon pricing policy. The latest report by the Intergovernmental Panel on Climate Change, affirming that climate change is here and could start to become very costly, very quickly, is a clarion call to action that Ontario must respond to.\nGiven the controversy surrounding the merits and drawbacks of the Cap and Trade approach, I urge the government of Ontario to introduce a carbon tax, fee or levy --- call it what you will --- that will be easily understood and engage the public more readily. The idea of a carbon fee and dividend, as advanced by Canadians for Clean Prosperity, is one model that's worth serious consideration. The level of the fee, and the size of the dividend (preferably set in a progressive way, so that lower-income households would receive a larger dividend than higher-income) can be debated.  Whatever the final numbers, I urge the government to introduce a carbon fee and dividend that reflects the same principles as progressive taxation.\nCertainly, it is time for Ontario to show leadership in reducing our reliance on fossil fuels and to implement cleaner, more environmentally sustainable policies.  As noted in The Globe and Mail op-ed page today, there are now three times as many countries using carbon pricing as there were a decade ago. More countries are getting on board ever year, including China and Mexico, and 10 states in the United States already use carbon pricing.\nI urge the government to act without delay.  It is time to produce an enlightened carbon pricing plan that will respond to growing public concern and ensure that Ontario is part of the solution, rather than part of the problem.\nThank you.\n"
    },
    "9176": {
        "url": "/comment/9176",
        "comment": "Re:\tERO 013-3738\n\tBill 4, Cap & Trade Cancellation Act, 2018\nDear Sirs:\nThe Ontario Rivers Alliance (ORA) is a Not-for-Profit grassroots organization acting as a voice for several stewardships, associations, private and Indigenous citizens, who have come together to protect, conserve and restore riverine ecosystems.\nIt is important to first state that although the Cap and Trade program was not perfect, it brought significant revenue into the provincial coffers, and funded important innovation, efficiencies and low-carbon programs.  The few cents added to our gas fill-up was hardly noticeable.  That being said, this is a great opportunity for the Province to come up with an effective Greenhouse Gas reduction strategy that will not just reduce carbon and result in cleaner air, but at the same time create well-paying jobs.\nORA offers our full support for the:\n    \u2022\tRecommendations as set out in the Environmental Commissioner of Ontario\u2019s comprehensive report, Climate Action in Ontario:  What\u2019s Next? 2018 Greenhouse Gas Progress Report, Part 5: Summary of key recommendations.\n    \u2022\tImplementation of a model similar to the United Kingdom\u2019s Climate Change Act.\n    \u2022\tOntario Clean Economy Alliance\u2019s submission.\nWe are grateful for this opportunity to comment and look forward to a meaningful science-based Climate Change plan with effective carbon reduction targets.\nEffectively addressing climate change is crucial to our present and future generations.\n"
    },
    "9177": {
        "url": "/comment/9177",
        "comment": "The public no longer enjoys faith in our elected officials. Because of this, the idea of a \u2018promise\u2019 to bring forward a better plan at some undisclosed date simply does not make sense. If the current provincial government has a better idea, let\u2019s hear it.\nIt is ridiculous to cancel the existing program without a replacement plan.  This government seems to operate under the \u201cits better to ask for forgiveness rather than permission\u201d policy book of absurdity.\ud83d\ude44\n"
    },
    "9178": {
        "url": "/comment/9178",
        "comment": "On October 8, 2018, yet another high profile climate change report was released and was circulated heavily through the news and social media. This report, published by the United Nations Intergovernmental Panel on Climate Change, with more than 6,000 scientific references cited, warns that 1.5\u00b0C of global warming above pre-industrial levels is likely to occur between 2030 and 2052. Sea level rise will drive millions from their homes, and crop yields will fall dramatically in sub-Saharan Africa, Southeast Asia, and Central and South America.\nOn this same day in October of 2018, two renowned economists won a Nobel Prize on for their work in climate change economics. These experts say that carbon taxes are the solution to climate change.\nClimate change should be seen as a \u201clong-game\u201d challenge that every citizen and all governments are responsible for.\n The reason I reduce my personal emissions is because I do not want my decisions to indirectly contribute to climate change disasters.  If the Climate Change Mitigation and Low-carbon Economy Act (2016) is repealed, the Ontario PC government, including those reading this letter, WILL BE partially responsible for the natural disasters, reduced crop yields, human displacement and death that will result from global warming.\nThe Ontario government has the power and the DUTY to take this responsibility seriously by heeding the advice of experts  - Include carbon taxes in Ontario\u2019s Climate change plan.\n"
    },
    "9179": {
        "url": "/comment/9179",
        "comment": "Hello;\nWe have had many warnings and predictions about our global climate situation and the recent update is most serious as our time to help control the progression is very short. The cancellation of this program is short sighted and will hasten the inevitable result of irreparable damage to the planet that is our home.  The example set by the U.S. government (except California) is exactly what not to do. Reopening coal mines, withdrawal from the Global climate accord and removing subsidies from Solar manufacturing enterprises and expanding oil production are backward steps for short term political gains is a plan for certain disaster.\nThe U. S. Example should NOT be followed by Canada. We should be leaders, not followers!\n"
    },
    "9180": {
        "url": "/comment/9180",
        "comment": "I urge you to support Ontario\u2019s current science-based pollution reduction targets. Those targets set the province on track to be nearly carbon neutral by mid-century, which is what is required if we hope to limit global warming to 1.5 degrees, as agreed to by 195 countries in Paris.\nOntarians are already facing the growing impacts of extreme weather: flooded basements, forest fires, and health impacts from polluted air and extreme heat. Backing away from Ontario\u2019s pollution reduction targets will threaten future generations\u2019 ability to enjoy a safe climate.\nThe Government of Ontario is responsible for the long-term well-being of Ontario citizens, and climate change threatens our safety. Carbon pricing means we all pay a bit now to prevent the billions of dollars we'll incur as taxpayers and homeowners due to extreme weather events. It makes financial sense.\nFurthermore, Bill 4 is going to cost taxpayers more money. Between the potential for lawsuits from businesses, and the cost of pursuing legal action against the federal government, the costs will be heavy. According to an article published by iPolitics, \u201cprovincial bureaucrats confirmed in [a] technical briefing that the federal back-up plan for any province that doesn\u2019t have a carbon price by January 2019 will cost consumers more than the cap-and-trade program the Tories are axing.\u201d The evidence is clear - cancelling cap and trade is not better for the taxpayer.\nAn effective, made-in-Ontario climate change plan must tackle the major sources of carbon pollution in Ontario including transportation, industry, buildings and waste. Without strong action to significantly reduce greenhouse gas emissions from these sources, the people of Ontario will face serious consequences to our health and our environment.\nThe plan must also include adequate funding for pollution reduction programs, transparency mechanisms to show Ontarians how this funding will be spent, and firm commitments and timelines for regular reporting on the plan\u2019s progress.\nAs a citizen and voter, I look forward to a plan that will transition Ontario to a healthier and more competitive province, create new jobs in many industries, and address the root cause of climate change by reducing carbon pollution.\nThe decision to cancel our climate plan is moving us backwards as a society and is deeply unpopular among the people. Climate change will destroy our Earth - we need government action that will save us.\nConcerned Ontarian\n"
    },
    "9181": {
        "url": "/comment/9181",
        "comment": "I am very disappointed and distrubed by this bill.  The role of government is think and act long term, something markets do not do well.  One of those things is providing an environment in which markets can operate.  It is clear that the current market forces are doing great harm to our physical environment and government is best equipped to steer those forces in better directions.  By getting rid of the plan to do that with nothing to replace it, my government is telling me it only cares about the proverbial profit projections in the next quarter.\nIt is my sincere hope that something is done soon to help curb the insatiable desire for growth from the market forces at work in Ontario today.  Sustainability is an important part of a healthy civilization and the move to get rid of the cap and trade plan is not a step toward such a civilization in the long term.  It is a moral imperative to think beyond ourselves.  I urge the government to look beyond the current generation and think carefully about later ones.  The physical enviornment in which we live is more important than a lower price on goods.\n"
    },
    "9182": {
        "url": "/comment/9182",
        "comment": "Please accept the following as my official comments on Bill 4, Cap and Trade Cancellation Act, 2018, posted for consultation as ERO 013-3738.\nIn light of the recent UN climate change report, we have no time to spare. We simply cannot afford to eliminate effective climate action without a replacement equivalent in pollution reduction.\nIn the Cap and Trade Cancellation Act, 2018, the Ontario government has committed to establishing targets for reducing greenhouse gas emissions in Ontario, and a climate change plan to achieve these targets.\nI urge you to support Ontario\u2019s current science-based pollution reduction targets. Those targets set the province on track to be nearly carbon neutral by mid-century, which is what is required if we hope to limit global warming to 1.5 degrees, as agreed to by 195 countries in Paris. Indeed, the recent UN climate change report shows we may need to move even more quickly.\nOntarians are already facing the growing impacts of extreme weather: flooded basements, forest fires, and health impacts from polluted air and extreme heat. Backing away from Ontario\u2019s pollution reduction targets will threaten future generations\u2019 ability to enjoy a safe climate.\nOntario needs to develop and launch an effective plan to fight climate change as soon as possible. A good first step would be to begin consultations with businesses, economists, scientists and other climate change experts to forge a cost-effective and ambitious way forward.\nAn effective, made-in-Ontario climate change plan must tackle the major sources of carbon pollution in Ontario including transportation, industry, buildings and waste. Without strong action to significantly reduce greenhouse gas emissions from these sources, the people of Ontario will face serious consequences to our health and our environment. This is not a far-distant possibility: this is a near-future certainty.\nThe plan must also include adequate funding for pollution reduction programs, transparency mechanisms to show Ontarians how this funding will be spent, and firm commitments and timelines for regular reporting on the plan\u2019s progress.\nWe look forward to a plan that will transition Ontario to a healthier and more competitive province, create new jobs in many industries, and address the root cause of climate change by reducing carbon pollution.\nSincerely,\nConcerned Ontarian\n"
    },
    "9184": {
        "url": "/comment/9184",
        "comment": "I think it is totally disingenuous of you to suggest that this is in any way going to benefit the majority of Ontarians. Climate change is real and harming our environment in way that cannot be reversed. The fact you don't believe this or you think that keeping outdated industry alive is a better choice for us (and the world) than developing new, renewable, sustainable approaches horrifies me.  The evidence is available and you are refusing to heed it and that does nothing to ensure the safety of your constituency. Just look at this week's Noble prize award.\nIn particular two consequences of this Act alarm me:\n1. Cancelling the Green home programming means higher costs for homeowners, loss of jobs for contractors, and lost business for manufacturers.\n2. How is having children at schools in disrepair showing any kind of concern for \"the little guy\"?\nPlease do not do this. You had no mandate for these kinds of sweeping changes and complete disregard for science.\n"
    },
    "9185": {
        "url": "/comment/9185",
        "comment": "The Cap and Trade Cancellation Act is wrong and is very bad for Ontario.\nThe government has no plan in place or proposed on climate change or carbon emissions.\nI have little faith that it will based on what I see and hear from Premier Ford.\nThe IPCC report makes it very clear that we are headed for disaster and all countries including Canada and all its provinces and communities must do much more.\n"
    },
    "9186": {
        "url": "/comment/9186",
        "comment": "Firstly, it is disgraceful that the government tried to tear down the cap-and-trade program without complying with its legal obligation to consult with the public.  This is shameful.  Climate change is the single biggest challenge facing humanity - according to the scientists and the recent report of the IPCC the planet may already be doomed if we don\u2019t take drastic action immediately.  Climate change is NOT something which should be used in party politics.\nOntario\u2019s cap-and-trade regime demonstrates that Ontario is a leader in reducing greenhouse gas emissions.  It supports a growing, cutting-edge green economy and has polluters paying into a fund that will be used to further reduce greenhouse gases by investing in such things as energy efficiency in schools and hospitals.  To undo all of this would be an absolute shame.\nOntarians worked hard to achieve the cap-and-trade regime, with over 1,500 people attending consultations in 14 communities all across the province and thousands more giving feedback online. Please rethink this proposed policy approach and do not destroy something with widespread support.\nThis climate plan has helped Ontario lower its emissions by around four per cent per year and create thousands of jobs in the process. Removing it would be a massive step backwards in the fight against climate change.  It is embarrassingly clear that the government does not have any solid, researched, scientifically-based policy to replace the cap and trade system.\nCap-and-trade helps fund all sorts of programs which help Ontarians reduce their carbon pollution and save money. Without this support, these incentives will disappear and cutting emissions will be far more expensive.\nRepealing this legislation is even more foolhardy when one understands that the federal government has been very clear it will still impose a carbon tax on the province.  Please do not waste tax-payers money by fighting the federal government in court regarding the carbon tax.  Canada must take solid steps to reduce greenhouse gas emissions and fight climate change.  Ontario\u2019s cap and trade regime does that.  Without it, Ontario has no solid policy for reducing emissions and the federal government will step in to ensure each province does its part.\nIn closing, as a government that promises to act \u201cfor the people\u201d, I beg you to reconsider your proposal.  I am one of those people and so are my children.  I want to live in a progressive, morally-sound province that is a world leader in fighting climate change.  If this proposal goes forward, I will be ashamed to live in this province.\n"
    },
    "9188": {
        "url": "/comment/9188",
        "comment": "Please do not pass this destructive, backwards piece of legislation. Ontario, Canada, and the world need decisive action to have a hope of preventing the worst outcomes of climate change. By pandering to a few - albeit loud and powerful - interests, this government \"For the People\" is actively working against the public good. As a citizen, as a parent, please admit that there is a need to put a price on carbon. Back down on this legislation so that we can all get to work on the systemic changes needed for my children to have any kind of quality of life in a couple of decades from now.\n"
    }
}