{
    "6900": {
        "url": "/comment/6900",
        "comment": "The future of Canada and our economy relies on decisions like these. As a young adult who has to raise a family and a life based on these decisions, I want a real climate change plan to reduce emissions, help people save energy and create jobs in the $26 trillion clean economy. I want Ontario to put a price on pollution, making polluters pay for their emissions and returning the revenues to the pockets of Ontarians, so they can lower their carbon footprint. I want legally binding emissions targets in line with our obligations to the Paris Climate Agreement. Finally, I want Ontario to end subsidies and handouts for fossil fuel companies and redirect this money to clean energy solutions. My generation is the generation who has to live with these decisions and changes, and I believe that we should have a larger voice and value placed on our opinions, rather than those who have to live with these decisions for only 20 years or so.\n"
    },
    "6902": {
        "url": "/comment/6902",
        "comment": "As the effects of climate change, and their cost to Canadian citizens, becomes ever clearer, it is deeply disappointing that Ontario's government is even considering cancelling Ontario's cap and trade program.  Canadians across the country are already paying for the effects of climate change, from increased flooding in the East, to devastating forest fires in the West, and by refusing to act now, we are only increasing the already substantial burden of these effects on our children.  No self-respecting parent wants to see their child's future mortgaged away in this way.\nOntario can, and must, do much better.  Cap and trade has been demonstrated to be a reasonably effective and economically viable route to reducing emissions and stimulating economic growth in sectors of the energy economy that are growing fastest -- namely renewables.  If the government pairs this with additional programs to stimulate the growth of local businesses in the renewable energy and clean transportation sectors, the Ontarian economy stands to benefit massively -- and in a way that will build a strong economic future as the world collectively transitions towards cleaner energy.  This is the future that we should aspire to, and a future that will bring far more wealth to the average Ontarian than the poorly thought out provisions in Bill 4.\nIn addition, Ontario, like all of Canada, has an obligation to set legally binding targets that will help us meet our Paris emissions targets.  These targets are viewed as crucial in ensuring that the earth's climate does not get pushed to extremes that would threaten basic tenets of our civilization, such as agriculture or the habitability of large portions of the earth's surface.  As one of the countries with the highest per capita emissions in the world, we Canadians have a moral duty to do our part.\n"
    },
    "6903": {
        "url": "/comment/6903",
        "comment": "I want a real climate change plan to reduce emissions, help people save energy and create jobs in the $26 trillion clean economy.\nI want Ontario to put a price on pollution, making polluters pay for their emissions and returning the revenues to the pockets of Ontarians so they can lower their carbon footprint.\nI want legally binding emissions targets in line with our obligations to the Paris Climate Agreement.\nI want Ontario to be 100% powered by clean energy by 2050\nI want Ontario to end subsidies and handouts for fossil fuel companies and redirect this money to clean energy solutions.\n"
    },
    "6904": {
        "url": "/comment/6904",
        "comment": "Carbon pricing is the best market-decided way to control pollution, but if it's going to be sunk then I want to see a real climate change plan - backed by scientific data and experts - in Ontario. The removal of carbon pricing should not take place until a real alternative (if needed at all) is working, in place, and proven to be working at the same rate or better.\n"
    },
    "6905": {
        "url": "/comment/6905",
        "comment": "Bill 4 is out of step with other jurisdictions that are moving to putting a price on pollution, that have established a plan to meet their Paris climate commitments, and have set a measurable goal to be 100% reliant on renewable energy in the near future.\nA recent book,\"Oil\u2019s Deep State\" by Kevin Taft , analyses  how the oil industry in Canada has influenced our federal, provincial politicians as well as the media. This Bill is not for the people but rather for the corporations who are intent on marginalizing the renewable energy industry in order to maintain their profits.\n"
    },
    "6906": {
        "url": "/comment/6906",
        "comment": "I disagree strongly with the idea that charging polluters for polluting doesn't work. Hitting a company's bottom line is the only thing that will get a business to change its practices - as a small business owner, I understand this concept very well.\nThe money raised by charging polluters could be used to actually return money directly to the taxpayers - especially the \"little people\" who need it most (see attached article from National Post). Imagine writing a rebate cheque from the government of Ontario to each household - that would probably earn more votes than the foolhardy scheme of cancelling cap and trade - a system which has been proven to work everywhere else for reducing greenhouse gas emissions.\nWe all drink the same water and breathe the same air. If pollution is not reduced, health care costs will increase directly in proportion to the amount of noxious emissions (as the attached California study demonstrates). Taxes will have to go up to cover additional sickness due to dirty air and water. Ultimately, failure to rein in polluters will cost the government and the people of Ontario through increased spending on OHIP, and hit employers in the pocketbook with higher employee extended health insurance premiums and more sick days taken. In either case, someone has to pay - I would rather it be the ones who create the pollution than the ordinary taxpayer.\nIt has been argued that companies who pay to pollute will simply pass on the extra cost to the customer, so the taxpayer pays in the end. However, when pollution-causing products cost more, people may switch to more ecological bands, and the ensuing competition will clean up the whole economy. Meanwhile, with our rebates from the carbon tax rebate described above, we will be able to afford more thoughtfully made ecological and health-promoting products. Win-win for everyone.\nFinally, we as a province can also stop subsidizing fossil fuel companies. Yes, energy is necessary to life, but the form it takes can be a much cleaner one. $34 billion of uncollected tax on fossil fuel could be redirected into \"green\" energy technologies, which would have the added benefit of reducing the health care costs of air pollution. That money could also be used to build efficient public transit, which is sorely needed in many urban areas. We could also partner with Quebec, which produces cleaner energy with hydroelectric.\nBottom line - Ontario must move towards green energy, by a polluter pay scheme, ending fossil fuel subsidies and finding green energy sources that work.\n"
    },
    "6908": {
        "url": "/comment/6908",
        "comment": "This is absolutely what I want for myself, my children, and their children......\nI want a real climate change plan to reduce emissions, help people save energy and create jobs in the $26 trillion clean economy.\nI want Ontario to put a price on pollution, making polluters pay for their emissions and returning the revenues to the pockets of Ontarians so they can lower their carbon footprint.\nI want legally binding emissions targets in line with our obligations to the Paris Climate Agreement.\nI want Ontario to be 100% powered by clean energy by 2050.\nI want Ontario to end subsidies and handouts for fossil fuel companies and redirect this money to clean energy solutions.\n"
    },
    "6910": {
        "url": "/comment/6910",
        "comment": "I want a real climate change plan to reduce emissions, help people save energy and create jobs in the $26 trillion clean economy.\nI want Ontario to put a price on pollution, making polluters pay for their emissions and returning the revenues to the pockets of Ontarians so they can lower their carbon footprint.\nI want legally binding emissions targets in line with our obligations to the Paris Climate Agreement.\nI want Ontario to be 100% powered by clean energy by 2050\nI want Ontario to end subsidies and handouts for fossil fuel companies and redirect this money to clean energy solutions.\n"
    },
    "6912": {
        "url": "/comment/6912",
        "comment": "Dear Doug,\nI bet you admire someone like Donald Trump.  Perhaps that is why you want to take Ontario backwards. Please remember that even though a minority of Ontarians put you into power, your duty is to represent all of us, so please listen.  Maybe you don't give a care for future generations of children, but if you choose this mentality, you should not subject the rest of us to it.\nI want a real climate change plan to reduce emissions, help people save energy and create jobs in the $26 trillion clean economy.\nI want Ontario to put a price on pollution, making polluters pay for their emissions and returning the revenues to the pockets of Ontarians so they can lower their carbon footprint.\nI want legally binding emissions targets in line with our obligations to the Paris Climate Agreement.\nI want Ontario to be 100% powered by clean energy by 2050\nI want Ontario to end subsidies and handouts for fossil fuel companies and redirect this money to clean energy solutions.\n"
    },
    "6913": {
        "url": "/comment/6913",
        "comment": "It is incomprehensible to me that anyone thinks going backwards on pollution curbing mechanisms is an option?\nHave you no interest in our collective survival? Have you no shame?\nHave you no children?\nIf the air quality of Beijing and India is any example big business and unchecked de-regulation is destruction.\nWe need to work harder to make the air cleaner.\nLet alone the drastic metrics we need to implement to curb climate change. Something the PC party has never supported, like trump and other miscreants around the world. Some hoodlums want to watch the world burn. You should have told people that was the plan.\nHave you no work ethic? Have you no solution to offer?\nIt\u2019s just bloody careless.\nThese actions will be judged as outlandishly foolish soon enough.\nAre you bloody daft or what?\nYou should have consulted with the public of Ontario that you cared so little of the future we leave our children. You are making a grave error.\n"
    },
    "6914": {
        "url": "/comment/6914",
        "comment": "I am not happy that the Ford government is trying to cancel the Cap and Trade system in Ontario. Ontario needs to be a leader in reducing emissions, and polluters need to pay for their actions. Fossil fuel prices should be higher to motivate citizens to switch to low emission options. The government should be using revenue from the cap and trade system to support green initiatives like rebates on electric cars and energy efficient appliances. I want Ontario to meet our obligations to the Paris Climate Agreement. I want Ontario to have the most clean energy of all provinces and the strictest pollution regulations.\n"
    },
    "6915": {
        "url": "/comment/6915",
        "comment": "I think it's appalling that your government (Ford) has cancelled the Cap & Trade program.  It was working and capping emissions while making the polluters pay.   I want Ontario to put a price on pollution, making polluters pay for their emissions and returning the revenues to the pockets of Ontarians so they can lower their carbon footprint.\nPlease protect the health of our children by cutting emissions.\n"
    },
    "6916": {
        "url": "/comment/6916",
        "comment": "To whom it may concern,\nStunning to me, how the planet is falling apart all around us and there is no regard by the government to look after it, for future generations.  Apparently Doug Ford doesn't have children and thinks we can stay alive, if we have more money in our pockets, as opposed to clean air to breathe and water to drink.  This reckless behaviour is stunning.  I thought to be Canadian meant we were better than that.  Once again, we are plummeting into the world of \"global embarrassment\" as we fall behind other responsible countries, when it comes to climate change.  A very important part of a politician's job is to act on the following:\n1)  A real climate change plan to reduce emissions, help people save energy and create jobs in the $26 trillion clean emissions\n2)  Ontario's Provincial Gov't. should put a price on pollution, making polluters pay for their emissions and returning the    revenues to the pockets of Ontario residents, so they can lower their carbon footprint.\n3)  The Province should put legally binding emissions targets in line with our obligations to the Paris Climate Agreement.\n4)   Ontario to be 100% powered by clean energy by 2050\n5)   Ontario needs to put an end to subsidies and handouts for fossil fuel companies and redirect this money to clean energy solutions.\n6)   The Prov. Gov't. needs to address the problem of plastics and put an end to \"one time use\" plastics, for a start.  Banning Plastic water bottles would be a good start and what about emptying fruits and vegetables from \"clam shell\" baskets into paper bags, right in the store and stacking them up, to be sent back and reused?  Should be simple enough to do.  Solutions don't need to be that complicated.  It just takes some effort!\n"
    },
    "6917": {
        "url": "/comment/6917",
        "comment": "I want a real climate change plan to reduce emissions, help people save energy and create jobs in the $26 trillion clean economy.\nI want Ontario to put a price on pollution, making polluters pay for their emissions and returning the revenues to the pockets of Ontarians so they can lower their carbon footprint.\nI want legally binding emissions targets in line with our obligations to the Paris Climate Agreement.\nI want Ontario to be 100% powered by clean energy by 2050\nI want Ontario to end subsidies and handouts for fossil fuel companies and redirect this money to clean energy solutions.\n"
    },
    "6918": {
        "url": "/comment/6918",
        "comment": "In Ontario we need a real climate change plan to reduce emissions and at the very least keep on track with the Paris Climate Agreement. Transitioning (quickly) to clean energy will be good for jobs/economy. Cap-and-Trade is good for us common citizens, so that polluters get charged, have incentive to stop polluting, and the money returns to us Ontarians. We need to insure the future of Ontario (and the world) both short term AND long term. From my understanding this is the best way to slow pollution, and I have attached an article explaining how it's actually a well-liked conservative idea (as should the clean energy sector - huge market). Cap and Trade is the smartest way to slow climate change, save Ontarians money and penalize the large polluters destroying our earth for profit. Please don't screw us over and the world in this important time for human life. I wholeheartedly reject this Bill to scrap Cap and Trade.\n"
    },
    "6920": {
        "url": "/comment/6920",
        "comment": "I am deeply disappointed in the Ontario Government\u2019s decision to pass Bill 4, which would cancel cap and trade, without providing any alternative climate policies. Climate change is the greatest threat to our survival and it is imperative that our province have a plan in place to address the challenges facing us.\nI want a real climate change plan to reduce emissions, help people save energy and create jobs in the $26 trillion clean economy.\nI want Ontario to put a price on pollution, making polluters pay for their emissions and returning the revenues to the pockets of Ontarians so they can lower their carbon footprint.\nI want legally binding emissions targets in line with our obligations to the Paris Climate Agreement.\nI want Ontario to be 100% powered by clean energy by 2050.\nI want Ontario to end subsidies and handouts for fossil fuel companies and redirect this money to clean energy solutions.\nOur province cannot afford to ignore the threats of a changing climate. You can be champions or you can continue to bury your heads in the sand.\n"
    },
    "6922": {
        "url": "/comment/6922",
        "comment": "I want a real climate change plan to reduce emissions, help people save energy and create jobs in the $26 trillion clean economy. We need to be investing in clean, SAFE alternatives and close all nuclear plants.\n\u2022I want Ontario to put a price on pollution, making polluters pay for their emissions and returning the revenues to clean energy programs\n\u2022I want legally binding emissions targets in line with our obligations to the Paris Climate Agreement.\n\u2022I want Ontario to end subsidies and handouts for fossil fuel companies and redirect this money to clean energy solutions.\n"
    }
}