{
    "5968": {
        "url": "/comment/5968",
        "comment": "Summary:  Bring Green Rebates For Families Back.\n\"set out the legal framework for an orderly wind-down of the greenhouse gas cap and trade program including the compensation framework.\"\nWe need fast action not a slow \"orderly wind-down\".  We had a perfectly good system in place.  Which used money from a tax to subsidies and encourage quick transitions to green renewable projects.  This system taxed high polluters (greenhouse gas creators) and also encouraged them to change their industry so they don't get taxed as much. The system was a Win Win for the people of Ontario.  The losers being a few mega corporations that have no interest in reducing their pollution.\nI'm fully against this Cap and Trade Cancellation Act as long as it removes all public incentives for families to use their buying power.   By this I mean rebates that promote Ontario families to buy Green (Electric zero gas cars,  Solar,  Green products).  When the buying public shift their money into green.  Polluters shift products to were the money is,  which would be green products not greenhouse gas based.\n"
    },
    "5970": {
        "url": "/comment/5970",
        "comment": "Cap-and-trade is not a \u2018tax grab.\u2019 The money the government received from it was directed back to the people of Ontario to improve our woeful impact on the environment. It enables citizens to improve their homes, and creates a lot of good-paying jobs: win-win.\nOur basement, like many others, was flooded last spring, a result of ever-increasing climate change. Our insurance did not cover the damage, of course, resulting in an unexpected, very expensive renovation, which at least improved our energy footprint. As seniors, we were no longer able to do our planned renovation, replacing the five living room windows which are energy inefficient. We had hoped to apply to Green ON for help with the expense, but that project is on hold for the foreseeable future.\nOntario has the resources to lead the world in creating jobs in the green economy, while reducing the hundreds of thousands of yearly deaths due to air pollution. We have a small window of time to ensure our children and grandchildren live in a better world. Why would anyone want to prevent that?\n"
    },
    "5972": {
        "url": "/comment/5972",
        "comment": "Specific feedback on Bill 4:\n3 (1) and 4 (1)\nWow, you're kidding me. It's three decades too late for such a vague commitment; establish strict (and significantly low) targets immediately. Change this wording to require the minister to establish targets before January 1, 2019. Require this \"climate change plan\" by July 1, 2019 and make it comprehensive. Staff within MOECC have extensive knowledge on this front, you do not need to do very much original research and policy development.\n3 (2) and 4 (3)\nAgain, what a low bar. \"The Government will make the public aware of things it does.\" Why bother including a statement like this in legislation? Is there an alternate universe in which you would NOT make GHG emission targets public? What on earth would that serve?\n4 (2)\nWhat terrible language choices. Using \"advisory\" and \"advisable\" in the same sentence makes it sound like advisory panels might be the ones (necessarily or not) to advise the minister to appoint advisory panels. As well, why on earth bother including this in the bill? Of course the minister will ask experts for advice. If this clause is meant to defend the government against concerns over expensive and unnecessary spending of public resources, then the Premier should change his talking points. And as I said earlier, the public service and countless NGOs across the country and indeed the world have extensive knowledge and documentation regarding planning against climate change; you do not need to appoint panels to delay the establishment of a concrete plan that Ontarians can hold the government to.\n5 (1)\nHow frequently is a \"regular basis\"? What will be included in these reports? Please suggest the contents in an appending regulation.\n5 (2)\nGee, no duh.\n10\nIf this clause is meant to indemnify the Government of Ontario against ANY legal action related to this bill and the previous climate change plan, then that is COMPLETELY unacceptable. It is an overreach of parliamentary power, and indeed a leap towards authoritarian rule, to mandate that citizens can not hold their government to account. Shame on you.\n14\nBe clear about what powers you intend to transfer to a public servant; I cannot see any reasonable situation in which the elected minister should not be held accountable for decisions that impact my future as a citizen of Ontario.\n"
    },
    "5973": {
        "url": "/comment/5973",
        "comment": "If we dramatically reduce greenhouse gases within the next 3 years, the resulting \u201cgrand economic transformation could bring a $26 trillion economic windfall, create 65 million new jobs, and avoid 700,000 early deaths linked to air pollution \u2015 by a conservative estimate.\u201d. We in Ontario could be leading the way towards these economic benefits, not running and hiding in the past.\n"
    },
    "5975": {
        "url": "/comment/5975",
        "comment": "According to a report commissioned by several governments including the U.K., Norway and South Korea the next 2-3 years are critical to preventing runaway climate change. Moving towards a green economy is estimated to create 65 million new jobs and prevent 700,000 deaths linked to air pollution.\nOntario must be part of the solution and establish a plan for cutting greenhouse gas emissions. We MUST take action and not be playing politics with our future wellbeing.\nCancelling the Cap and Trade is not good for Ontario and in combination with all the other green programs being cancel by the Doug Ford government we risking being left behind as other countries invest and move towards green technologies. We should be leading the province (and country) into a sustainable green economy and clinging to the status quo. The facts are that something has to be done now.\nThis Bill should not be passed.\n"
    },
    "5977": {
        "url": "/comment/5977",
        "comment": "If we assume that the new government intends to introduce new carbon reduction targets (which I doubt), and if we assume that they will introduce and credible and bona fide plan to reach those targets (which I doubt even more), I would ask why we should fix something that isn't broken. The existing cap and trade legislation includes a credible plan for reducing carbon emissions, one which is revenue neutral for citizens and puts the cost of carbon on those who emit the most. I cannot support the removal of the cap and trade plan until a superior alternative has been proposed, which is not the case. Should this proposed bill be approved (which seems likely given the distribution of seats in the Legislature), I look forward to federal leadership in this area and to the imposition of a price on carbon on January 1.\n"
    },
    "5978": {
        "url": "/comment/5978",
        "comment": "Having no incentive to be a clean company is not right. It is like going back to the industrial revolution where factories were able to dump whatever came out of the factories into nature. It is the right thing to make companies pay for the negative impacts they create while doing their business. This will keep promoting good companies and incentivize other companies to be as green as possible and not pay the carbon tax.\n"
    },
    "5980": {
        "url": "/comment/5980",
        "comment": "I think the Cap and Trade system is a more effective way of making progress against Climate Cjange than a carbon tax.  During the campaign the Preimier never discussed removing the Cap and Trade system (Only a Carbon tax that had not yet been imposed by the federal government).   The expense of winding down the Cap and Trade system will be enormous.  I hope our elected representatives will make the wise financial decision on maintaining the current Cap and Trade system.\n"
    },
    "5981": {
        "url": "/comment/5981",
        "comment": "The only market-based way to reduce greenhouse gases is a price on carbon, either a direct tax or a cap-and-trade system. In both cases, the government can return the income from these to the people, so it is not a \u201ctax grab\u201d. The other alternative is to use the income to provide incentives for better home insulation, buying electric cars, and developing new low-energy technologies. Pricing carbon works.\nThis says it all!  I am so frustrated that some people are behaving as if all that matters is the almighty dollar when in fact what matters to a heck of a lot of us is that our children and their children have a future on a sustainable planet.  We have to work fast however as time is running out given the 'feedback' loop that has been written about often!  Let's get cracking, deny the nay-sayers, and give  cap-and-trade a chance.  In the future, they will wonder why we didn't DO more and at least they will know we tried THIS!\n"
    },
    "5982": {
        "url": "/comment/5982",
        "comment": "Hello,\nThe current Ontario government was elected not because of their (mostly non-existent) platform, but because people wanted a change in government.  Therefore, it is (especially) wrong for the current Ontario government to believe they can implement whatever they want just because they were elected.  Please stop wasting taxpayers' time and money on compensation, lawyers, and cases you can't win: notwithstanding clause debacle, Canada and carbon pricing, Tesla, Greenpeace...you obviously know more will happen based on wording in your proposed Act.  Just get on with democratically helping Ontario and Canada meet its commitments to other nations, Canadians, Ontarians, business, and regular people.  This is what you were elected to do.\nIn addition to being high-handed, this government is being hypocritical trying in believing it should control Toronto politics, then turning around and saying that the federal government shouldn't try for a national program to prevent the impacts of climate change.  In fact, the Ontario government is wrong on both their stances:  you are not mayor of Toronto, Mr. Ford, but the Prime Minister IS the boss of you: Canada has made a commitment, and it is your job to support that.\nNo carbon-pricing scheme is perfect, but the former Wynne government did a lot of research and opinion polling on the best solutions.  Businesses bought in to the cap-and-trade solution, literally.  To dismiss it without a second thought is both rash and dangerous. What are your alternatives, other than doing nothing?  The fact that you didn't know that Ontario has a public consultation process for environmentally significant legislation and policy until you were being sued is evidence you have not thought this through.  Do not throw the baby out with the bathwater.\nIf your cancellation act proceeds, I agree that, in the short term, individual taxpayers (in urban communities mostly in southern Ontario) may see smaller utility bills.  However, in the longer term, not paying up front for things in an equitable way will affect vulnerable people the most through insurance, property damage and higher prices for air conditioning, food, water, land, and other goods. Cancellation also disproportionately affects those who would have benefited from green programs meant to help northern communities, including Indigenous ones.  Let's see what climate change costs will be when we're accepting refugees from drought or flood-stricken countries.  You can't say any of this won't happen in the future, since we're already seeing the start of it.\nOur government is supposed to help promote a fair society that equalizes every individual as much as possible. Plans, movable targets, reports, revisions, and handpicked advisory panels don't actually DO anything.  I was optimistic at first that you would fight for the majority of us that do not make very much money, but now I'm not so sure.\nWill this comment make any difference?... you've already cancelled a bunch of programs.  For what it's worth: I would suggest you do not cancel the cap-and-trade program.\n"
    },
    "5983": {
        "url": "/comment/5983",
        "comment": "It is unconscionable that this legislation would be repealed before a well articulated alternative has been tabled.\nWhatever the approach (cap and trade, carbon tax, etc.), it is essential that the environmental impact of green house gas emissions be given a true cost in financial calculations.  As long as the costs/risks of environmental impact (specifically climate change) are externalized, individuals and businesses will continue to make decisions without regard for these costs.\nI personally would be willing to see the price of goods increase to properly reflect the environmental costs of consumption, so that my behaviour (and that of other Ontarians) is modified to reduce environmental impact.\nThis is probably the most urgent issue of our time and needs to be addressed quickly and decisively.\n"
    },
    "5984": {
        "url": "/comment/5984",
        "comment": "Canada,under Prime Minister Harper committed to The Paris Agreement ,an international treaty that seeks to reduce the emission of greenhouse gases.Ontario should become a ZEV province to target transportation emissions. Reinstate the electric vehicle incentive for ONLY full electric vehicles (BEV). There are more BEV options now. If Canada's largest province by population, along with having the city with the densist population doesn't participate in EVs.The taxpayer ,and ratepayer will lose out on a market that can see revenue hit $400 billion by 2024. Moreover,two countries with the largest population ,China,and India are driving the global EV business,and implementing policy to support the vertical. Manufacturers are ramping up business in  their backyard to reap the returns.\nPremier Ford supports the manufacturing, and automotive sectors. Ontario needs to remain competitive in the growing green economy vertical. While requiring transparency,and accountability from those who do business in Ontario.\n"
    },
    "5985": {
        "url": "/comment/5985",
        "comment": "What the Government of Ontario should do regarding climate change mitigation:\n1. Withdraw the the Cap and Trade Cancellation bill, and cooperate with Canadians to counter global warming\n2. Reinstate the 758 cancelled green energy contracts and compensate all those suffering interim losses, which would save jobs and help restore confidence in Ontario's trustworthiness.\n3. Reinstate or improve the program to support energy conservation and retrofits.\n4. Keep or increase the gas tax, and use the proceeds to fund sensible public transit.\n5. Cancel plans to invest provincial taxpayers' money into the Scarborough Subway boondoggle\nand support Toronto's relief subway and LRT networks.\n6. Cancel plans to seize the Toronto's subways and increase TTC operating support.\n7. Resign as the Government and let a party that cares about the environment take over.\n(I would sign this, but you prohibit it and I don't want another 'account' so didn't register.)\n"
    },
    "5986": {
        "url": "/comment/5986",
        "comment": "The only market-based way to reduce greenhouse gases is a price on carbon, either a direct tax or a cap-and-trade system. In both cases, the government can return the income from these to the people, so it is not a \u201ctax grab\u201d. The other alternative is to use the income to provide incentives for better home insulation, buying electric cars, and developing new low-energy technologies. Pricing carbon works.\nEliminating the Cap & Trade program has already has a negative impact on the Ontario economy in the form of the loss of local contractor jobs supported by home energy retrofit programs.\nIn Ontario about 40% of our greenhouse gases come from home heating and 30% from transportation, mostly gas cars. We have to reduce these to reach our current target of 30% below 2010 levels by 2030.\nCanadians produce about 20 tons of greenhouses gases per person per year, compared to about 9.2 tonnes per person in Norway (another northern country), 6.9 tonnes per person in Europe on average, 7.7 tonnes per person in China, and 1.9 tonnes per person in India.\nA recent paper (reported here in Huffington Post) says that if we dramatically reduce greenhouse gases within the next 3 years, the resulting \u201cgrand economic transformation could bring a $26 trillion economic windfall, create 65 million new jobs, and avoid 700,000 early deaths linked to air pollution \u2015 by a conservative estimate.\u201d. We in Ontario could be leading the way towards these economic benefits, not running and hiding in the past.\nAnother recent scientific study (reported here in The Guardian) says that we must totally stop burning fossil fuels (in houses or in cars) within just 10 to 20 years, to avoid runaway climate change that may destroy all life on Earth.\n"
    }
}