{
    "8221": {
        "url": "/comment/8221",
        "comment": "As a resident of Ontario and a mother of two children, I want a real climate change plan to reduce emissions, help people save energy and create jobs in  clean economy , legally binding emissions targets in line with our obligations to the Paris Climate Agreement.\nOntario must end subsidies and handouts for fossil fuel companies and redirect this money to clean energy solutions.\n"
    },
    "8228": {
        "url": "/comment/8228",
        "comment": "How about presenting the electorate with some sound alternative ideas before continuing the pattern of non-policy which sees the 'government' simply undoing the work of others? Being against everything is not good enough. Governing requires some imagination and work, which we are not getting from the 'progressive' Conservatives.\n"
    },
    "8230": {
        "url": "/comment/8230",
        "comment": "I am against the cancellation of the cap and trade program - Bill 4\nWe  have the Cap and Trade Program already in place and I think it is a serious and responsible way to reduce emissions and help put the money to good use toward clean energy solutions.\nCharge polluters and return the money to help with clean energy solutions.\nClimate Change is real.....and we need leadership to take Ontario and Canada in the right direction on behalf of Canadians.\nWe want clean air and clean water for future generations.\nCancelling the program we have is a political move in the wrong direction.  Canadians deserve better.\n"
    },
    "8231": {
        "url": "/comment/8231",
        "comment": "I am very concerned about Doug Ford's position on climate change ... or lack thereof.  He needs to represent Ontario, not Saskatchewan or Alberta, he needs to represent ONTARIO's citizens' positions.  He was elected by US, not the fossil fuel companies of western Canada.  Here's my input:\n1.  We need to stop supporting fossil fuels and oil corporate greed.  Fossil fuels are a finite resource and we must look to a green future supporting clean energy solutions - we are running out of time!\n2.  We must hold polluters accountable for their emissions and, for now, carbon taxing is a good first step.  Put that in place and then look at possible improvements to that while at least doing that.  Stop supporting big corporations' bottom line and stand firm in holding them accountable for their emissions!\n3.  The future is alternative green solutions.  That's where the environment and JOBS of the future lie.  Move on and stop supporting the good ol' boys in the fossil fuel industry!  That means NO HANDOUTS, NO SUBSIDIES!  Move on to green!\n4.  Support our commitment to The Paris Climate Agreement.  Stop trying to be like Trump.  Do what's right for the planet, there is no Plan B once our planet dies.  We must work together as a country and globally before its too late.\n"
    },
    "8233": {
        "url": "/comment/8233",
        "comment": "The majority of the Ontario Public wanted to reduce Ontario's pollution and we did it with pressure on the previous government to implement a climate action plan. The results gave us the Climate Change Mitigation and Low-carbon Economy Act, 2016 and the Cap and Trade Program.\nI want a real climate change plan that reduces pollution emissions, helps people save money on energy without handout from the government and creates new jobs in the estimated $26 trillion clean economy.\nI want Ontario to put a price on pollution and make polluters pay for their emissions. The return on the revenues from this should be used to provide incentives to Ontarians so they can lower their personal carbon footprints. Things like solar panels and electric vehicles.\nI want you, our elected government to provide legally binding emissions targets in line with our obligations to the Paris Climate Agreement.\nI want to see Ontario become 100% powered by clean energy by 2050 before I die.\nI want Ontario to end subsidies and handouts for fossil fuel companies and redirect this money to clean energy solutions that will create the kind of Ontario where all Ontarians can live in a healthy environment and be proud of it.\nBill 4 is a big step backwards. It is not Progressive as your party is suppose to be. I hope your party will see what is really good for Ontario and not sell us into the dark ages where only money for large corporations counts. There are more jobs provided by small to medium businesses than all the large corporations provide. You should start milking them by scrapping Bill 4 and expanding upon the current Cap and Trade Program to make yourselves look like you invented it and look like the heros. Passing Bill 4 will be another nail in your party coffin for the next election.\n"
    },
    "8236": {
        "url": "/comment/8236",
        "comment": "What is the government's response to the recent release of \"The Intergovernmental Panel on Climate Change (IPCC) report \", which was released Monday at the 48th Session of the IPCC in Incheon, South Korea?\n-I want a real climate change plan to reduce emissions, help people save energy and create jobs in the $26 trillion clean economy.\n-I want Ontario to put a price on pollution, making polluters pay for their emissions and returning the revenues to the pockets of Ontarians so they can lower their carbon footprint.\n- I want legally binding emissions targets in line with our obligations to the Paris Climate Agreement.\n-I want Ontario to be 100% powered by clean energy by 2050\n-I want Ontario to end subsidies and handouts for fossil fuel companies and redirect this money to clean energy solutions.\n"
    },
    "8238": {
        "url": "/comment/8238",
        "comment": "What is good for the environment is good for the economy.\nWe need to stop providing subsidies and handouts for fossil fuel companies and support clean energy instead.\nWithout clean air, water and soil all the money in the world is useless. We are already seeing the environmental and economic effects of climate change with extreme weather events, record breaking heat and natural disasters. Ignoring these issues won't make them go away, it exacerbates them and ensures that future generations will have an even larger problem to deal with.\nSupporting environmental causes is not a waste of money or a fringe issue, it is an investment in our future.\nCancelling cap and trade without stronger legislation already in place is a huge step backward.\n"
    },
    "8240": {
        "url": "/comment/8240",
        "comment": "This act is an absolutely heinous embodiment of all that is wrong with the current government. It represents a total abdication of our responsibility to act to rein in destructive climate change to win the appeal of those who would choose to deny reality until they themselves need massive government intervention to support their own recovery. History will look unkindly upon everyone involved in the creation of this travesty, as voters hopefully will at the next available opportunity to expunge this blight of pseudo-populist zealots from our government. I hope the authors of this bill understand that through their willful disregard for science and their trampling of the little progress we have made, they have condemned their children to suffering through increasing volatility and severity of weather incidents, new diseases borne by insects who will be able to survive further North, and the collapse of many of our industries due to drought, parasites, invasive species, and more. While I doubt they have the self-awareness to feel shame for their cowardice and mindless destruction, I have no doubt their progeny will attempt to erase them from their past so as to avoid shame by association.\n"
    },
    "8241": {
        "url": "/comment/8241",
        "comment": "\"This proposed act would repeal the Climate Change Mitigation and Low-carbon Economy Act, 2016 and would provide for various matters related to the wind down of the Cap and Trade Program.\"\nI think this Act is a dangerous, almost reckless move for Ontario and Canada.   Climate Change is one of the most serious threats to Ontario, Canada and our Planet at this time as greenhouse gas emissions continue and Canada becomes one of the most serious offenders.   Canada has signed on globally & internationally to carbon reduction targets that are becoming more impossible to realize daily.   This act sets us back in carbon reduction and to our international integrity and credibility.\nPlease let the powers that be who plan to push through this dangerous Act that I speak for many in my community - and I imagine around the world, that our food, children, lives and livelihood depend on our Government to think of the perils in which we would all be placed should this Act be passed.\nThank you.\n"
    },
    "8245": {
        "url": "/comment/8245",
        "comment": "I believe that a strong future-friendly economy must include strategies not only to combat climate change but to leverage them as a part of a growing manufacturing and technology sector. I want legally binding emissions targets in line with our obligations to the Paris Climate Agreement. Ontario is a major North American population centre and has an opportunity to lead in our continent and partner globally with those who are aligned toward a long-term perspective of leadership decision making.\n"
    },
    "8246": {
        "url": "/comment/8246",
        "comment": "I believe that we are starting down the wrong path by cancelling the Cap and Trade system to reduce CO2 emissions in Ontario.  We need to give companies, governments and citizens a financial incentive to further reduce fossil fuel burning in the province by putting a cost burden on excessive emissions.\nI also want to see Ontario making greater efforts to develop clean energy solutions for heating, transportation, and manufacturing in this province. The climate change problem we face requires making changes to our present energy wasteful economy starting now.  This is our only hope to limit climate change damage.\nLet's build on the progress made thus far and not retreat to an energy wasteful past.  Let's take Ontario to a leadership position in the job creating clean energy future.\n"
    },
    "8247": {
        "url": "/comment/8247",
        "comment": "I recommend that the government of Ontario take the advice it has already been given by Dianne Saxe, the Environmental Commissioner in her latest report entitled \u201cClimate Action in Ontario: What\u2019s Next\u201d. Her key advice for how to proceed post cap and trade cancellation is as follows:\n1. Commit: targets and law\na. A climate law that commits the provincial government to a credible, long-term program to achieve statutory emission reductions that:\ni. meets Ontario\u2019s fair share of Canada\u2019s emission reduction obligations and creates good jobs (see sections 1.5 and 3.1 of this report), and\nii. meets the requirements of the Pan-Canadian Framework to unlock federal funds (section 3.3).\nb. Legally binding carbon budgets set well in advance, based on non-partisan, expert advice, coupled with rigorous progress reporting and independent evaluation (section 2.1).\nc. Provincial leadership on adaptation and preservation of natural areas (Part 4).\n2. Plan a pathway\na. A transparent, achievable, cost-effective pathway to each carbon budget. The model described in this report is a good start. Note: The lowest cost pathways require much more clean electricity and storage than the current Long-Term Energy Plan will provide (section 3.1).\n3. Take action\na. Effective policy tools to achieve the necessary emission reductions, using the lowest cost pathway, public health and ecological integrity to choose priorities. Appendix A contains a convenient menu of the potential tools discussed in this report.\nb. Act fast and take advantage of work already done, here and elsewhere. Ontario is not starting from scratch and does not need to reinvent the wheel. Build on the best of the previous programs.\nEmphasize efficiency first (e.g., in social housing, schools, hospitals) (section 1.3, Appendix B).\nc. Minimize disruption from the cancellation of previous programs (section 1.4).\n4. Check and improve\na. Monitor and report progress to the public, with third- party validation (section 2.2), and\nb. Revise plan and actions as needed to stay on track for targets (section 2.2).\n5. Listen\nAt each stage, it is essential to listen to Ontarians. Ontarians deserve a real consultation, in compliance with the Environmental Bill of Rights, on every key step of Ontario climate policy. This includes having an open and honest conversation about what climate disruption will cost and who will pay for it (Part 4).\nClimate policy is too important to be decided behind closed doors, without telling Ontarians what is planned or hearing what they have to say (section 2.2).\n"
    },
    "8250": {
        "url": "/comment/8250",
        "comment": "I strongly disagree with this Government's plan to enact Bill 4 and cancel the only climate change policy Ontario has.  The Ford government did not win the election on a mandate to repeal all climate policies and fight the Federal government on carbon taxation.  Research is clear that putting a price on carbon is a necessary and vital requirement to change consumer and industry behavior to reduce carbon emissions.  This government keeps repeating the mantra that carbon taxation \"costs taxpayers\" - but doing nothing about climate change will cost taxpayers much, much more - including increased extreme weather events, flooding, wildfires, insurance claims, and impacts on the global environment that sustains us.  It is morally bankrupt of us to think we can continue carbon emissions \"business as usual\" with no plans to curb our pollution.\nWe must put a price on pollution, and return the revenues to the pockets of Ontarians to lower their carbon footprint.  I want legally binding emissions targets in line with our obligations to the Paris Climate Agreement.  I want Ontario to be 100% powered by clean energy by 2050.  I want Ontario to end subsidies and handouts for fossil fuel companies and redirect this money to clean energy solutions.\nThe world is transitioning - must transition - to a renewable energy economy.  This Government is showing the world that it wants to miss out on the $26 trillion clean energy economy by signalling that renewables investment is not welcome in Ontario.\nHow can this Government ignore the scientific reports showing that we must act NOW on climate change?  Climate change is an existential threat to humanity and cannot be ignored.  I strongly disagree with the misinformation this Government is repeating in the media, and its action to repeal all existing climate change policies with no plan in place to replace them.\nCancel Bill 4 and ACT ON CLIMATE CHANGE NOW.\nThank you,\nJeremy\nToronto, Ontario\n"
    }
}