{
    "10371": {
        "url": "/comment/10371",
        "comment": "As a resident of Ontario who values healthy communities and the ecosystems that support human health, and believes in the strong evidence based science on climate change impacts, I urge the Provincial government to take strong action now \u2013 in the form of effective climate change legislation and supports for programs that support greenhouse gas emission reductions, including carbon pricing, incentives for energy conservation, home and building retrofits, sustainable transportation policies and smart urban planning. If implemented effectively and quickly, these programs can not only boost the economy but provide support for vulnerable populations that will be most impacted by climate change.\nOntarians need protection from climate change, not from climate change policy. All Ontarians can benefit from legislation that reduces emissions and puts a price on carbon. The same legislation can also provide supports for families and individuals so that they receive the benefits, in terms of cash, rebates or tax breaks, gained from funds raised from carbon pricing. Nations, corporations and individuals around the world are recognizing the importance of climate action now. They also recognize the co-benefits  \u2013 benefits related to sustainable development goals, healthy lifestyles, improved air quality, and a clean prosperous economy.\nThe impact of Ontario\u2019s recent extreme weather events \u2013 heat waves, forest fires, floods, tornadoes, ice storms are profound - impacts to our health, our environment and our economy.  Climate change is impacting the biodiversity of our ecosystem \u2013 the ecosystem on which all humans and other living creatures rely.\nClimate change has contributed to increased heat-related mortality, vector-borne diseases, and various health impacts from flooding including increasing poor mental health outcomes. Costs of these impacts are disproportionately impacting low income and other vulnerable Ontarians. The cost to tax payers is also increasing, as governments are increasingly paying for damages to buildings, roads and infrastructure, and health care costs.\nThe Intergovernmental Panel on Climate Change stresses the need for quick and extensive action to avoid the significant risks associated with global temperatures rising above 1.5C. The most recent recipient of the Nobel Prize for Economics recognizes the value of some form of carbon pricing to reduce emissions.\nI am very troubled about the loss of these funds that were collected through the cap and trade program. In the short time that it was in effect, cap and trade legislation collected funds that helped communities and individuals prepare and respond to climate change. Whether it was municipalities investing in sustainable modes of transportation, private companies investing in renewable energy generation, or individuals benefiting from home energy retrofit programs, these programs and funds contributed almost $3 billion to the Ontario economy.\nI strongly urge the Provincial Government to reconsider its position on Bill 4, The Cap and Trade Cancellation Act. If it proceeds, it is extremely important that the Provincial Government takes quick action to invest in climate change solutions for Ontario to protect our residents, our environment and our economy.  We need strong climate change policy with clear actions on mitigation and adaptation. We need targets that align with Canada\u2019s international commitments and that are aggressive but feasible \u2013 no less that 80% below 1990 levels by 2050. We need regulatory mechanisms that put a price on carbon, encourage innovation, and provide supports for vulnerable populations so they are not-unduly impacted. Finally, Ontarians need to see that progress is being made. It is important that the Provincial Government report annually on progress \u2013 on emissions relative to targets, on the status of programs to support greenhouse gas reductions, and on actions that will help all Ontarians, especially the most vulnerable, adapt to climate change.\nMany climate change solutions are already available. Investing in a low carbon economy not only makes good business sense and provides economic growth for Ontario, but it also protects the health of residents today and in the future. Climate change is the greatest challenge of our generation, but it can be the greatest opportunity as well \u2013 helping us to create healthy people, healthy communities and a healthy economy.\nThank you for considering my comments.\n"
    },
    "10372": {
        "url": "/comment/10372",
        "comment": "I have a 12 year old daughter and am gravely concerned for her future that we start to take action on climate change. Cancelling a program that was already generating millions of dollars that were mandated to be used to reduce our carbon emissions in Ontario is not a positive step. The Cap & Trade program was being paid for by the polluters and the polluting industries were onside with and understood the need to reduce our carbon emissions and the program gave the offending industries time to adjust. If a federal carbon tax is imposed on Ontario as an example, the cement industry may be driven out of the province as they were in B.C. when they imposed their carbon tax.\n"
    },
    "10375": {
        "url": "/comment/10375",
        "comment": "Dear Mr.Ford,\nI believe that this decision will harm our environment and speed up global warming. We all have a part to play in climate change. Canada used to be at the forfront of combatting climate change. Not only will this harm the environment, it will harm our reputation world wide.\nPlease take a moment to reconsider.\n"
    },
    "10378": {
        "url": "/comment/10378",
        "comment": "Regarding bill 4--I think Ontario needs to strengthen policy and legislation to combat the negative impacts of man induced climate change--CO2 emissions, not retract back in time.  This is not progressive environmental policy and is sending the wrong message and that we don't understand or care.\nCap and trade can be an effective tool to fight climate change.  please do not scrap!\n"
    },
    "10379": {
        "url": "/comment/10379",
        "comment": "Cap and trade is Nobel Prize winning economic policy.\nThe world agrees that climate change is going to be unstoppable if drastic changes are not made.\nDo not cancel this program.\nDo not give up on the planet just to balance the budget.\n"
    },
    "10380": {
        "url": "/comment/10380",
        "comment": "I reflect The Ontario government cancelling Bill4 without consulting the next generation of voters or even the current voters!\nClimate change is clearly here and at the local high school here in Collingwood the students overwhelmingly voted NDP last year over their concern for our planet.\nYou are moving Ontario backwards not forwards. Our children will soon have a dying planet which is so unfair. Tax, tax and more tax to ensure we have clean air and water!\n"
    },
    "10384": {
        "url": "/comment/10384",
        "comment": "This is revenue already established and being paid for by Ontario citizens. The cost to the electorate to repeal outweighs the savings as most of the infrastructure has already been established and in force.\nThe effort and expense already in place is valuable for the environment. Please reconsider repealing this legislation.\n"
    },
    "10388": {
        "url": "/comment/10388",
        "comment": "Climate change should not be ignored. The province should do more to encourage energy efficiency in homes and buildings. Making solar panels more affordable would be a good way to save energy and help people save money on electricity.\nSimilarly, Ontario should start creating more incentives for hybrid/electric cars, such as offering free charging stations in parking lots.\n"
    },
    "10389": {
        "url": "/comment/10389",
        "comment": "Thank you for the opportunity to comment on this pending legislation.\nI am a voter, a father of school-aged children, and a member of the middle class trying to live a decent life as a proud Ontarian and Canadian. I am not a member of any political party.\nI'm concerned about the world my children will live in, and the opportunities they will have in that world, and I believe that this bill takes away opportunities for my children and my province, and sends the wrong message to my country and my world.\nThe cap and trade system affords opportunities for new kinds of businesses, economic investment, and changes to our economy that provide opportunities that I might not be able to take part in, but are critical for my children. They come from a generation that is rightfully and critically concerned about carbon emissions because they will have to live through more of the changes, and more of the disasters than I will.  Why is it necessary to take away the opportunities to start or work for businesses that can create and sell carbon credits? How does this help anyone?\nSecondly, this legislation sends a negative, destructive, and insulting message not only to the federal government, and to the world - suggesting that Ontarians and Canadians don't care about the destruction associated with climate change - but more importantly to a generation of Ontarians who have to live with it, including my children.\nI believe this legislation is a hasty attempt to fulfill a position hastily taken during a difficult election cycle.  Mr Ford did not promise to take away current and future jobs associated with cap and trade. Mr Ford did not promise to take a destructive position on climate change and was, in fact, careful not to state that he did not believe in climate change because regular Ontarians like me support efforts to fight climate change.\nI believe you can do better, and should.  I'm sure there are other options that will fulfill the policy direction and election position to protect Ontarians and grow the economy.  I'm sure you can find other ways to encourage the \"green\" economy, and oppose the federal government (if that is necessary) without sending the message that Ontario is against environmental concerns, against science and the world, and overwhelmingly negative and frightened of change.\nThank you for accepting and reading my comment, and I wish you good luck with the hard work ahead.\n"
    },
    "10391": {
        "url": "/comment/10391",
        "comment": "When I heard that Ontario was planning on cancelling their cap and trade regulations, I was in utter disbelief. The government was finally taking a huge leap forward to help provide a healthy and sustainable future, not just for Canadians, but for the entire world. I cannot believe that we are actually going back on a policy that is inherently designed to support innovation and reduce our reliance of fossil fuels and other dirty, old fashioned technologies. I recognize that it is not easy to adopt certain policies, and this is by no means an exception, but the planet has either surpassed, or is dangerously close to reaching the greenhouse gas limits before we start to experience extreme, irreversible, and catastrophic change. If we continue down this path, we are going to change the climate patterns of the earth to the point where the agricultural systems upon which we depend will change in unpredictable ways. There are thousands of other examples, but this one alone should be sufficient to make decision makers realize the damage they will be causing by revoking a cap and trade regulation.\nOntario made amazing progress in recent history in their rapid phase out of coal. Can't we continue this trend and go one step forward? We can prevent millions of climate change related deaths and provide a sustainable and healthy future for the young people in our lives that we care about. Please, Ontario. Reconsider this decision for the sake of humanity.\n"
    },
    "10392": {
        "url": "/comment/10392",
        "comment": "Canada needs to be a leader in moving towards sustainability.  We benefit so much from nature.  Carbon tax is needed to incourage the people and companies to burn less fossil fuel and move towards renewable energy.   It is not only rediculous but irrisponsible for us to regress from our mandate of lowering carbon omissions.  Please, for our children, please move fwd with supporting anything we can do to protect our environment and future.\n"
    },
    "10394": {
        "url": "/comment/10394",
        "comment": "It is clear that environmental disasters caused by overall global warming is affecting all Canadians. At the moment, areas affected by natural disasters bear the burden of infrastructure repair cost, health costs for those harmed, as well as the undeniable emotional cost to going through a natural disaster. The cap and trade act would allow for the cost to be shared between those affected but the damage and those profiting from emitting large amounts of green house gases and other carbon emissions. The good with the bad. Those who are irresponsibly emitting greenhouse gases should be charged for the damage they are creating.\n"
    }
}