{
    "6037": {
        "url": "/comment/6037",
        "comment": "This act can not be cancelled to save a few bucks. Ask the people of Gatineau Quebec about climate change. I absolutely disagree. This is total irresponsible to try and save a few dollars. Don\u2019t follow Trump. One ignorant person is enough. I disagree\n"
    },
    "6038": {
        "url": "/comment/6038",
        "comment": "Global Warming is the most serious issue facing Toronto, facing Ontario, facing Canada, and facing the Whole World. The Cap and Trade approach being considered for Ontario is an essential, albeit problematical, system to encourage Ontarions to play a role in bringing the emissions of greenhouse gases under control.\nEssential, in the sense that everyone in the Whole World must take part in the efforts to bring the emissions of carbon under control. Problematical, in the sense that the current proposal in Ontario and in Canada is bureaucratic and is aimed too low. Much better to choose a system called Carbon Fee and Dividend wherein all producers/importers of fossil fuels are charged a fee and the accumulated fees are all distributed to Canadian households.\n"
    },
    "6039": {
        "url": "/comment/6039",
        "comment": "The Cap and Trade Act must not be cancelled without first establishing other regulations to reduce greenhouse gas emissions by an equivalent amount--preferably more.  Postponing urgently-needed steps to combat climate change will cost the government and taxpayers billions more than the costs of continuing on our current path to reduce emissions gradually.  Industry is asking for regulatory certainty on carbon pricing so they can plan accordingly; backpedaling on recent legislation is bad for Ontario's businesses.  Record-breaking temperatures and natural disasters worldwide this year have finally convinced most of the remaining climate change skeptics that we are indeed facing a real, human-induced threat to our planet.  Ontario's Cap and Trade Act was an act of leadership; repealing it without another system in place (e.g., fee and dividend) is both morally and economically reprehensible.\n"
    },
    "6048": {
        "url": "/comment/6048",
        "comment": "It is essential to keep a carbon reducing policy in place. That may not be a cap-and-trade approach )I believe a carbon tax is more effective), and there\u2019s room for studies and different perspectives. But at a time when changing climate is clearly happening, it makes no sense to remove the current rule and then start trying to decide what should replace it. That further hurts Canada, the planet, and humanity, while benefitting a few corporations.\nKeep the current system in place while you explore if there are better alternatives to reduce anthropogenic impact. Removing it is politically foolish, and scientically irrational.\n"
    },
    "6049": {
        "url": "/comment/6049",
        "comment": "I think we need to tax carbon, and carbon burners (gas guzzlers especially) on a progressive scale. Big SUVs should have a huge (20,000$) tax put on them, electric cars should actually get a rebate - all on a scale based on their MPG or l/100km. All money collected on SUVs and poor mileage cars should be dedicated towards public transit and more go trains. The mpg or l/100kms neutral point should start at 35mpg in its first year, and go up by 2 mpg every year to force automakers to switch/design better vehicles. I think we should put a further tax on gasoline - this tax should be dedicated towards building and buying more rail right-of-ways so we can have more efficient go train schedules. I think we should tax all diesel fuel and dedicate this tax to converting trucks to natural gas operation (and the infrastructure to support that kind of refueling). I think we should tax all carbon based heating fuels and pump that money as a dedicated tax into free/subsidised insulation, triple glazed windows and general efficiency based renovations for heat-leaking buildings. I think we should force all landlords to bring all rentals units up to a certain level of heat insulation so as to not force squeezed tenants to choose between being poor or being warm. Such renovations should come from a general carbon tax. I think we should tax all commercial air flights 5% further and dedicate that tax to the purchase and upgrading of a massive high speed rail system across Canada. I think we should add a one percent tax onto the HST and have that tax dedicated towards the provincial debt. I think we should add another point on the hst and dedicate this tax to the solvency of Ontario hydro, purchase back the privatised portions, and massively invest in future solar/wind/passive and electrical storage systems. This tax should run until Hydro's debts are all paid, the grid is modernised, and we have at least 25% of present capacity as extra available power for emergencies and coming heat/weather anomalies. I think we should also tie directly into Quebec hydro's massive and sustainable renewable hydro resources. I think we should legislate that all new buildings in Ontario be of a high R-value in terms of insulation, should be triple glazed, should be green roofed, and must be covered with at least 50% of their surface in solar panels.\n"
    },
    "6050": {
        "url": "/comment/6050",
        "comment": "With the whole world getting into climate change harm reduction, it is a good idea to continue participating.\nBut more importantly for doubters like the new Ontario government, think of all the job losses you will have and all the unemployment insurance money that will be wasted.  Also understand all the lawsuits you will have to fight that will be paid wastefully out of tax money.\nYou never know some climate change policies might turn out to be good for the citizens.  Cleaner air and water may cause less illness and therefore will not need as much medical assistance.  This would save all kinds of tax money.\n"
    },
    "6052": {
        "url": "/comment/6052",
        "comment": "On behalf of the members and directors of BPEG, I am submitting our strong opposition to cancelling the Cap and Trade provision enacted by the previous Liberal Government. It is an international agreement to limit the effects of climate change. It has provided many thousands of jobs and is providing multiple benefits to help homeowners, businesses and industry to: number one, conserve energy and cut waste; and number two, replace dirty polluting energy with clean sustainable and affordable and renewable energy projects. There has been a lot of misinformation spread about the cost saving benefits of cutting this international agreement, but there will be many thousands of jobs lost and there will be costly judicial renegotiations necessary. As tax payers we will not support these changes, we owe it to our children and grand children to spare no efforts to try and help limit the tragic effects of climate change, which will cost them their life giving environment, like clean air, clean water and safe, healthy food.\nsincerely,\nSiegfried (Ziggy) Kleinau\nCo-founder and Outreach Director BPEG\n"
    },
    "6054": {
        "url": "/comment/6054",
        "comment": "I believe the government must not repeal the existing provisions put in place to protect the environment without a concrete plan to replace them with. If the PC government believes that Cap and Trade are not working, they have a duty to fix it. At the same time, they also have a duty to preserve the environment in which we live in, and repealing one program without immediately instituting a more effective alternative does not accomplish that objective. My policy in life is that if you don't have a suggestion of how to fix a problem, you don't get to complain about it. The PC government is complaining about the ineffectiveness of Cap and Trade while offering no better solution to the problem of climate change. This is unacceptable. What is even more preposterous were the comments of the MPPs stating, more or less, 'The current solution can't fully accomplish its goal, a more extreme version of it is unacceptable, therefore we should just get rid of it.' This logic should not be applied to something as serious as the future of our province, country, and the planet. It is our duty to do everything we can to stop and reverse climate change, and I don't believe that's what this government is trying to do.\n"
    },
    "6055": {
        "url": "/comment/6055",
        "comment": "Fighting climate change is the most pressing issue of our time.  It should not be the subject of partisan debate, but rather an overriding humanitarian effort.\nThe effects of climate  change impact various financial sectors.  It is evident in agricultural with crop failures, in natural resource operations with poor yields, in healthcare with pollutant-related disease, and in insurance industries with increasing disaster-driven claims.  Any short term savings achieved by neglecting carbon taxation will be greatly outweighed in the long term by these economic costs.  Beyond the financial implications, environmental preservation is simply the right course of action to preserve our province and protect the well-being of its people.\nThe cancellation of the cap-and-trade system without a suitable replacement to target carbon reduction is an atrocity.  As the much touted \"Government for the People\", your irresponsible environmental policy may singularly be the most harmful action for Ontarians.\n"
    },
    "6056": {
        "url": "/comment/6056",
        "comment": "I as a young adult living in Ontario am deeply concerned about the cancellation of the Cap and Trade Program in Ontario, for moral and practical reasons. When I think about my future and the future of Ontario the issue that I believe poses the most threat is climate change. I am deeply concerned about my health and safety in the future due to the threats of climate change and am loosing trust in the Ontario government because you continually place economics and business before the environment. I want to know that the government is looking out for my health and safety in the present and the future. However, the cancellation of the Cap and Trade program is doing the opposite of that, it is placing current economic interests before the future of Ontario.\nAdditionally, the legal fees and the money that will have to be paid back to the companies that bought into the program is a waste of tax payers money. I want you to put my money towards efforts to improve the environment, not to slash programs that are already doing so. Finally, carbon tax, whether it be in Cap and Trade or some other form is inevitable. The federal government has already stated that Ontario will have to implement a carbon tax. Fighting them on this is foolish as it is another waste of our money and once again places economic interest before the future health and safety of residents of Ontario. I urge you to make the right moral and economic decision and stop the cancellation of the Ontario Cap and Trade program, for my future and the future of all residents of Ontario.\n"
    },
    "6057": {
        "url": "/comment/6057",
        "comment": "Premier Ford,\nI do not agree with Bill 4, Cap and Trade Cancellation Act, 2018\nAs I watched you tour the devastated neighborhoods of Ottawa today, and pledge your support, I realized that this will become our future as climate change accelerates and I ask you to pledge to the PREVENTION of more extreme weather events.\nBy cancelling the Climate Change Mitigation and Low-carbon Economy Act, 2016 (CCMLEA) without anything else in place, Ontario will have no legislative framework to address climate change.  We, as Ontarians, and Canadians, want to do our part to reduce carbon pollution as Canada agreed by signing the Paris Climate Agreement.\nWe are NOT interested in saving a few dollars now if it means that our children and grandchildren will have to bear the cost and burden of climate change with an economy based on non-renewable resources like oil, which run out or become prohibitively expensive, while harming the environment.\n"
    }
}