{
    "9052": {
        "url": "/comment/9052",
        "comment": "Oh for Goodness Sakes:\nIf Bill 4 passes, it will eliminate the only Climate policy Ontario has.\nBill 4 will cancel pollution pricing.\nBill 4 will erase emissions targets.\nBill 4 will scrap all funding for energy saving solutions.\nHow dare you dismiss the seriousness of Climate Catastrophe ?\nOnly individuals, governments and businesses intent on ACCELERATING the pace of the approaching Annihilation would choose such policies.\nMost people in Ontario, in Canada, and throughout the World want to survive and thrive.\nWe must correct our industrial mistakes and addiction to fossil fuel energies.\nThere are technologies we can utilize to replace the Earth Destroying reliance on fossil fuels.\nAnd, the sooner we stop advancing the extraction, refining, distribution, infrastructure of fossil fuels, the greater the incentive to develop even better technologies.\nWe are a resourceful species.  Use our minds, not our oil deposits.\nToo many individuals and pension funds and governments are deeply invested in increasing fossil fuel production / usage  -\nthis is insane.  People want to retire on money made by eliminating our Future; the money will be meaningless without a thriving Environment and Weather we can bear.\nThis is not alarmist, our situation is alarming.  Heed the alarm.\nUnited Nations, Intergovernmental Panel on Climate Change\nhttp://www.ipcc.ch/\nSummary for Policymakers\nhttp://report.ipcc.ch/sr15/pdf/sr15_spm_final.pdf\nI want a real Climate Change Plan to reduce emissions, help people save energy and create jobs in the $26 trillion clean economy.\nI want Ontario to put a price on pollution, making polluters pay for their emissions and returning the revenues to the pockets of Ontarians so they can lower their carbon footprint.\nI want legally binding emissions targets in line with our obligations to the Paris Climate Agreement.\nI want Ontario to be 100% powered by renewable energy including water power from Quebec.\nI want Ontario to end subsidies and handouts for fossil fuel companies and redirect this money to clean energy solutions.\nOnly individuals, governments & businesses intent on ACCELERATING the pace of approaching Annihilation would choose Bill 4.\nFor the love of Life, progress us forward into a Sustainable Future.  Transition Now.\nThank you for your kind consideration.\n"
    },
    "9054": {
        "url": "/comment/9054",
        "comment": "Climate change is the most pressing issue of our time. It is common sense by now to have a clear understanding of this issue. We need to do all we can to combat climate change immediately, and new information is being released daily. You can refer to the UN report just recently released. Thus bill is absurd and must not happen.\n"
    },
    "9055": {
        "url": "/comment/9055",
        "comment": "This action is remarkably stupid and short sighted. I can\u2019t believe the PCs have the audacity to be pressing forward with this ridiculous piece of legislation in the same week that the IPCC is warning us that we have until 2030 to make severe cutbacks to our carbon output before we cause irreversible damage to our environment.\nI never thought that the Conservative party could be this regressive.\nYou are fools, and your children and your children\u2019s children will pay.\n"
    },
    "9057": {
        "url": "/comment/9057",
        "comment": "I strongly disagree with the proposed action of cancelling cap and trade. Pollution isn't \"free\" - it affects human health, environmental health.\nI support green incentives offered by the government as a proven way to reduce greenhouse gases and other pollution.\nClimate change is real, it's happening. The costs of cleaning up after significant and severe  weather events is having a profound impact on municipalities and other level of governments. In other words, tax payers are footing the bill anyway.  So the  current Ontario government cannot justify economic reasons for cancelling the program.\n"
    },
    "9059": {
        "url": "/comment/9059",
        "comment": "As life long residents of Ontario, we are very concerned about the repeal of Cap and Trade without an existing, credible, alternative plan.\nAll evidence shows that bold action must be taken immediately to prevent the significant negative effects of climate change on Ontario, Canada and the world.\nAs life long environmental educators and naturalists, we have already noticed negative impacts on some species.\nExtreme climate change not only has severe negative ecological impacts, it will have major negative impacts on public health and the economy (the recent explosion of black legged ticks carrying Lymes disease across much of southeastern Ontario, damage to public infrastructure due to more severe storms, increased forest fires, etc.)\nThe new climate change plan to be prepared by MOECP must set targets that help Ontario and Canada meet our international obligations as set out in the Paris Agreement.\nWe are fully supportive of the carbon tax that the Canadian government will implement in 2019 as carbon taxes are the most efficient and economical way to reduce greenhouse gas emissions.\nPlease show leadership on this critical issue as our actions now will shape our future.\n"
    },
    "9061": {
        "url": "/comment/9061",
        "comment": "I am very concerned that the government seems to be dismantling all attempts to address climate change. I am worried about my own future and also the future of my child. We need politicians who care about what is happening to our environment. We need to have a real climate change plan to reduce emissions, but I don't see any moves towards addressing climate change in any of the recent government cancellations of current programs. We need to put a price on pollution and then use that money to invest in climate change and green initiatives. We need legally binding emissions targets in line with our obligations to the Paris Climate Agreement and we need Ontario to be the leader in such positive change rather than pretending that climate change is not happening and turning away as things get worse.\n"
    },
    "9063": {
        "url": "/comment/9063",
        "comment": "Please withdraw this legislation, Bill 4.  Climate change is real and is now an emergency that all of human civilization should urgently address.  Ontario was \"on the right track\" with the previous government's cap-and-trade scheme and disbursement of proceeds to schools, hospitals, affordable housing, and green energy projects, etc.  There should be no place for ideology in the taming of the human-caused carbon emission beast that is climate change.  Get on with the existing cap-and-trade program, and also create carbon-limiting regulations for primary energy sector producers.  Investors will continue to flock to Ontario and have confidence that Ontario is a stable jurisdiction for investing and creating good jobs in the green sector.  Thanks, and all of our children will thank you.\n"
    },
    "9064": {
        "url": "/comment/9064",
        "comment": "To whome it may concern,\nI am a resident of Ontario, having only ever lived in this great province. By cancelling cap and trade, we are heading down the road of environmental disaster. Cap and trade is not just a tag grab, but forcing the biggest polluters to become innovative, clean and sustainable. A capitalist society, where industry is very deregulated, will not change fast enough to prevent environment destruction. If this government is truly about saving money for the people, we need to save the environment they live. Insurance costs will rise with uptick in natural disasters caused by climate change. Heath cost will rise with the dirty air we breathe. Production will be lost because of natural disasters. When the environment cannot sustain itself, we humans cannot sustain ourselves.  If cap and trade is scraped, it should be replaced with the policy the green party wants to bring in. Revenue neutral carbon fee and dividend system.\nThis is not a political game, it's about the future of  our planet, and saving a few bucks in the pockets of the middle class isn't worth it.\n"
    },
    "9065": {
        "url": "/comment/9065",
        "comment": "UN scientists have stated unequivocally that we have a maximum of 20 years to address climate change, and the Nobel prize winner has stated that carbon penalties are the only viable option.\nI believe the scientists.\nAs the worst hurricane in recorded history hits the panhandle in Florida and my air conditioner runs in October, I implore you to please use science and credited experts to make the only logical informed decision.\nFor the sake of our children, make polluters pay and fund climate programs.\nGood planets are hard to find.\n"
    },
    "9066": {
        "url": "/comment/9066",
        "comment": "As a parent of young children, this proposed change terrifies me. Ontario needs to LEAD the way in response to climate change. The IPCC report has made it clearer than ever that now is the time for clear and decisive action on the part of governments at all levels to promote an urgent transition to a low carbon economy.\nI have yet to see compelling evidence for moving AWAY from a tax on carbon. I will HAPPILY pay more - much more - to give my children some hope of living in a stable society.\nI do NOT support this proposal. Please consider the gravity of the situation, show a willingness to CHANGE COURSE and to consider yourselves truly the government for ALL people.\n"
    },
    "9067": {
        "url": "/comment/9067",
        "comment": "Why do you walk soquickly towards death? Why do you beautiful people within creation deny our collective behaviour as being so non-conforming with nature? Why do you ignore the calls of the vast majority of your fellow humans who know the time is now to act with all of our organization skills, knowledge of science, compassion, and resolve to leave the industrial age and move into the age of balance with nature on planet Earth? Your avoidance of this issue is no excuse for you to trample upon the rights of the greater good. If you wish to continue trying to line yourself up to eat money in a hole in the ground while the surface of the earth is either flooding or burning, make a ship and do it on the moon away from the rest of us. Go now. You are not welcome here anymore. Before there is violence.....go. Your mindset of greed,and fear, intolerance,denial, exclusion etc. Are not welcome here anymore. 23% of us voted for you, most out of bad habit. You serve no purpose here but to have us join you in a march towards death as quick as you can. We choose life. We choose balance with nature. Go away those evil spirits inside of you. Baa make pii naa....we don't need that evil energy no more.\n"
    },
    "9068": {
        "url": "/comment/9068",
        "comment": "Dear Minister Phillips and Premier Ford,\nI am writing to express my support for a robust climate change plan that will reduce emissions, conserve energy, and create jobs in the clean economy.\nI want Ontario to put a price on pollution, making polluters financially accountable for their emissions and returning the revenues to the pockets of Ontarians so they can lower their carbon footprints.\nI want Ontario to end subsidies and handouts to fossil fuel companies and redirect this money to clean energy solutions.\nI want legally binding emissions targets in line with our obligations to the Paris Climate Agreement.\nThank you.\n"
    },
    "9069": {
        "url": "/comment/9069",
        "comment": "This submission, coming from a very concerned Ontarian, echos the comments provided by Ontario's Clean Economy Alliance.\nMy comments on Bill 4 are as follows:\n1. Establishing targets for greenhouse gas emissions reductions:\n- I support Ontario\u2019s current targets to reduce GHG emissions to 80% below 1990 levels by 2050. These targets are science-based and in line with what is needed to keep temperature change to 1.5 degrees, as agreed to by 195 countries in Paris.\n- Any new targets must be in line with Canada\u2019s international commitments to limit warming to 1.5 degrees, and relevant to slowing the impacts of climate change\n- Missing or softening targets has huge economic impacts - stabilizing at 3 degrees instead of 2 degrees will mean an extra $7.5B in damage to Ontario\u2019s GDP, based on global estimates from US Council of Economic Advisors.\n2. Requirement for Minister to prepare climate change plan\n- Ontario will need to introduce ambitious and effective programs to significantly reduce greenhouse gas emissions in the absence of carbon pricing - this is difficult, but not impossible.\n- Ontario\u2019s projected GHG reductions under various scenarios show the relative impact of pricing vs. plan \u2013 lack of pricing will hurt, but lack of effective plan will hurt more.\n- The climate change plan the Minister prepares needs to be built around achieving science-based GHG reduction targets, and actual hard GHG reduction goals.\n- The Ministry needs to establish a deadline for the plan\u2019s release - cancelling the current plan without a new plan in place risks significant backsliding.\n- Ontario needs to act quickly to fill widening gap left by this summer\u2019s climate program cancellations with new programs designed to reduce GHG emissions, otherwise the current lack of price signal combined with a lack of programs\nto reduce emissions will continue to allow rise in carbon pollution.\n- The Minister needs to consult widely on new plan with businesses, economists, scientists and other climate change experts to forge a cost-effective and ambitious way forward\n- The Minister needs to post a new climate change plan to EBR for comments before approval.\n3. Contents of climate change plan\n- Targets should be established before plan is finalized - otherwise, what are we aiming for? The current targets are fully achievable for Ontario with an ambitious set of programs.\n- While adaptation and resilience are incredibly important, need to keep this plan focused on mitigation/reducing GHGs to hit targets, and develop and maintain separate plan to help communities adapt to climate change.\n- The new climate plan needs to lay out firm action to address primary sources of carbon pollution in Ontario: transportation, industry and buildings.\n- Plan also needs to support a growing economy, create new jobs, and keep costs affordable for households and businesses.\n- The list of policy recommendations below combine these 2 main criteria to focus on highlighting effective mitigation programs in keys areas which can also support new jobs and a growing economy, and cut energy costs for homes and businesses.\nTop 10 recommendations for policies/programs to include in the proposed climate plan include:\n1. Natural gas conservation \u2013 still vast untapped potential for low cost carbon reductions which also reduces gas bills \u2013 expanding natural gas DSM programs has the potential to reduce Ontario\u2019s gas costs by $85 billion by 2030, and cut GHG emissions from natural gas by 17.8%.\n2. Ontario Building Code updates \u2013 allows opportunity to ramp up energy efficiency standards, and require new builds to accommodate low carbon technologies (ie. Solar, geothermal, EVs).\n3. Maintain programs to support net metering, rooftop solar, and other cost effective options to build energy resilience \u2013 this provides opportunities for adaptation to and mitigation of climate change, and cost savings for customers who can produce their own energy.\n4. Move to modernized clean fuel standard to lower GHG emissions from building and transportation fuels - this allows market to innovate and choose lowest cost ways to implement low carbon fuels rather than dictating which fuels to use in which quantity.\n5. Implement a rating system for home energy efficiency \u2013 encourages energy efficiency and improves transparency of costs to home buyers \u2013 more info here and here.\n6. Move to modernized clean fuel standard to lower GHG emissions from building and transportation fuels \u2013 incentivizes gradual introduction of low carbon fuels.\n7. Implement policies to reduce GHG emissions from freight vehicles, i.e. encouraging switch to biodiesel blends with tax incentives, scrappage programs to replace old inefficient trucks, support regional freight planning (for example, strategic planning in Peel Region).\n8. Invest strategically in transit expansion (ie. GO electrification) to reduce GHG emissions from passenger vehicles\n9. Invest in electric mobility by expanding electric vehicle charging network, providing free overnight charging for electric vehicles\n10. Support clean technology with innovation fund to help business/industry shift to cleaner, more efficient, cost-effective technologies\n4. Requirement for Minister to prepare regular progress reports\n- The Minister needs to establish a time frame for progress reports - annual reports would provide consistency.\n- The Minister needs to release spending and costing details as part of these reports.\n5. Retirement and cancellation of cap and trade instruments\n- It is not only unfortunate, but completely unsettling that the government is cancelling cap-and-trade, as it enjoyed widespread support as an effective, market-based tool and resulted from extensive consultation with affected industry.\n- Cancelling cap-and-trade will lead to implementation of federal backstop carbon pricing plan, meaning cost savings are short-lived.\n- Industry and business will still be subject to costs under new federal plan, however must now expend significant effort to align their systems with federal plan instead of continuing with an established and effective system.\n- Rather than an abrupt scrapping of a system many participants were required to invest in, a longer wind-down time, more consultation, and more transition support would help industry adapt to this change.\nIn addition to the comments above, I personally would like to see Bill 4 ensure transparent reporting on the expenditure breakdown of the nearly $1 billion in unspent revenue generated through the cap and trade program this government is planning to eliminate.\n"
    },
    "9070": {
        "url": "/comment/9070",
        "comment": "Greenhouse gas emissions are causing climate change and getting rid of cap and trade is setting canada back and will contribute to climate change which will ultimately kill us all.\n"
    },
    "9071": {
        "url": "/comment/9071",
        "comment": "I am an Ontario resident, a mother of two and an environmental scientist. It is important to me that:\nOntario maintain a price on pollution making polluters pay for their emissions and returning the revenues to the pockets of Ontarians so they can lower their carbon footprint.\nWe have a real climate change plan to reduce emissions, help people save energy and create jobs in the $26 trillion clean economy.\nThere be legally binding emissions targets in line with our obligations to the Paris Climate Agreement.\nOntario endeavour to become 100% powered by renewable energy.\nOntario to end subsidies and handouts for fossil fuel companies and redirect this money to clean energy solutions.\nI appreciate this opportunity to contribute to our policy.\n"
    },
    "9072": {
        "url": "/comment/9072",
        "comment": "Canceling the cap and trade program is neither economically beneficial nor environmentally sound. The businesses that disagreed with the policy have already exited the market, and the firms that stayed have already invested in the proper infrastructure to go forward with cap and trade. Given this significant point, and the addition that having an advantage on the cap and trade industry could aid the future Canadian economy, canceling the policy is honestly one of the stupidest things the Ontario government could do. It is obvious this move is simply to appease miseducated voters, and NOT because it makes either economic or environmental contributions. Please respond to this post by explaining to me what the benefits of this policy ACTUALLY are.\n-Sincerely, a deeply aggravated and disappointed citizen.\n"
    },
    "9073": {
        "url": "/comment/9073",
        "comment": "The United Nations recently published a report on global warming indicating that global temperatures are rising significantly quicker than anticipated. The report also states that due to rising sea levels, smaller island bound communities and countries will be at risk of devastation by as early as 2040. The primary solution suggested by this group of 90 scientists from 40 countries worldwide was to increase carbon emission taxes. This is the only way to reduce carbon emissions quick enough to avert disaster. If Our Ontario premier is successful in eliminating the carbon tax, Ontarians will be adding significantly more CO2 into the atmosphere.  SUPPORT CARBON TAX\n"
    },
    "9074": {
        "url": "/comment/9074",
        "comment": "I find it deeply concerning that the government will be cancelling the cap and trade system without any form of alternative measures to immediately replace it. Climate change is a concern to Ontario citizens and out economy. The cap and trade system has provided tangible results in the form of a growing green economy and the reduction of greenhouse gas emissions. I request the government withdraw its bill to cancel the cap and trade system.\n"
    },
    "9076": {
        "url": "/comment/9076",
        "comment": "How can this government for one, single moment pretend to have a semblance of interest in the well-being of Ontarians with a bill like this? Perhaps for some people in this government the idea of a future with no inhabitable planet to live on is not as much of a threat, perhaps they refuse to address it because it will not happen while they are alive.\nI am in my early twenties, so my children, my grandchildren and myself will be the ones to feel the effects of decisions such as this one, to scale back the progress which tries to salvage at least a little bit of what healthy environment we have left, just so that their voter base will elect them next time.\nIt is absolutely sickening, these are evil people who would make choices such as these, choices which value self-interest over the interests of future generations. May you go down in history as among those who helped to destroy this planet.\n"
    }
}