{
    "7681": {
        "url": "/comment/7681",
        "comment": "I want Ontario to put a price on pollution, making polluters pay for their emissions and returning the revenues to the pockets of Ontarians so they can lower their carbon footprint.\nI want Ontario to end subsidies and handouts for fossil fuel companies and redirect this money to clean energy solutions.\nI want legally binding emissions targets in line with our obligations to the Paris Climate Agreement.\nI want a real climate change plan to reduce emissions, help people save energy and create jobs in the $26 trillion clean economy.\n"
    },
    "7682": {
        "url": "/comment/7682",
        "comment": "Climate change is a real and existential threat to human civilization.  This bill is exactly the wrong approach, and will make it much more difficult for Ontario to achieve real greenhouse gas reductions.  It is also bad fiscal policy.  There is a worldwide revolution taking place in the clean energy industry, and Ontario will miss out on future investments in new green technologies.  Going backwards is no longer an option, and this legislation is a huge backward step.  A price must be put on carbon, and the price must be increased into the future.\n"
    },
    "7684": {
        "url": "/comment/7684",
        "comment": "Your proposal to cancel Cap & Trade will hurt many PEOPLE and communities. I can tell you that initiatives which were in place because of Cap and Trade were helpful and positively felt in our community.\nFor example, the GreenON was a great way to make homes more efficient, benefitting all who took part in it by lower energy costs. GreenON is a great program to teach people just how influential they are on their energy bills. This is the only way to help make the connection on \"more energy used = higher electricity/gas bill\". You are trying to take away an ability to help ourselves, even if we don't have a lot of money. You also are taking away an initiative to make social housing more efficient. You're saying that help for those people who are not well off is not part of your platform Mr. Ford. Cities are struggling as is, don't make it any worse.\nAnother initiative that you are cancelling is the funding to help Ontario schools replace windows and take on other energy saving initiatives so they can concentrate on teaching our children.  With the aging school infrastructure and the changing weather patterns, this is the optimal way to keep our children comfortable while they learn.\nI can tell you that my community has greatly benefitted from another initiative, funding of cycling infrastructure. I am a driver and I am a cyclist. I think inclusion of infrastructure for cyclists on our roads and it's building benefits us all. It offers a safe way to get around for those who want to use bicycles as part of their commute or recreation. It helps keep road congestion by cars down in cities as bicycles are a great way to get around, especially shorter distances of up to 20 km. That means less drivers on the roads. This can only happen though if cyclists feel safe on the roads and the only way to do this is provide bicycle lanes and educating all about respect for one another.\nI know that the Cap and Trade benefits us all and holds those who pollute accountable to the communities they operate in. Hamilton has the worst air shed in Ontario because it is home to some of the heaviest industry in the province. We, as citizens struggle to balance economic needs and the health of our citizens. We want to make sure that the companies like Arcelor Mittal Dofasco, Stelco, Ruetgers and others are held accountable to what they emit into the environment. We have taken the blunt of their pollution for decades and it shows with our skyrocketing cancer rates and cardiac illness rates. Even with the current air standards the progress is slow.\nTo conclude, I would like to reinforce my suggestion against cancelling Cap & Trade. It has great benefits to all Ontarians at a very small cost to those that are required to offset their emissions. After all, they operate in our communities and frankly, employing citizens is no longer the only acceptable prerequisite, our health of our community matters too, not just the ones that work in these places. Of course, it also benefits our environment by keeping carbon out of the atmosphere too and gives those companies that exceed emissions a great incentive to cut their emissions. Don't cut Cap and Trade.\n"
    },
    "7689": {
        "url": "/comment/7689",
        "comment": "I think it is very important that Ontario have a very robust policy for protecting and preserving the environment.  If the PC government believes cap and trade is not the way to accomplish this, then please show us your plan to accomplish this BEFORE you blow up the present policies.  Cap and trade seemed to be the best system we have seen, given that it puts the cost of emissions on the polluters, and allows the government a source of revenue with which to pay for - or assist citizens to pay for (money in the pockets of ORDINARY citizens, not just the wealthy) their own contributions to ameliorating climate change.  Other countries have managed to put good policies in place without decimating their economies, why can't Ontario be a leader in this as well?  It is time that governments started thinking further ahead than just the next election, and concentrate on improving our quality of life and health with long term solutions for the betterment of everyone, not just the big corporations such as fossil fuel companies. I would like to see the government spend the millions you have set aside to fight the \"carbon tax\" and spend it on fighting climate change instead.\nThank you.\n"
    },
    "7690": {
        "url": "/comment/7690",
        "comment": "I want Ontario to be 100% powered by renewable energy including water power from Quebec.\nI want a real climate change plan to reduce emissions, help people save energy and create jobs in the $26 trillion clean economy.\nI want Ontario to put a price on pollution, making polluters pay for their emissions and returning the revenues to the pockets of Ontarians so they can lower their carbon footprint.\nI want legally binding emissions targets in line with our obligations to the Paris Climate Agreement.\nI want Ontario to end subsidies and handouts for fossil fuel companies and redirect this money to clean energy solutions.\n"
    },
    "7693": {
        "url": "/comment/7693",
        "comment": "Recently the Provincial Government's Minister of Government and Consumer Service stated \"What we are doing is in the best interests of the people of Ontario\", with regard to  Bill 4.  He did  not state what would be in the best interests of this planet.\nAfter reading the  New York Times Magazine article entitled \"Losing Earth\" it is abundantly clear that urgent action is required to reduce the ever-increasing rate of carbon pollution in the atmosphere so that Earth may remain habitable for future generations.\nThe Conservative Government has promised to save the people of Ontario $256.00 (I may have slightly misquoted the dollar figure) but, in the total scheme of things, this is nothing in comparison to protecting this wonderful place that we all call home.\n"
    },
    "7695": {
        "url": "/comment/7695",
        "comment": "I want a real climate change plan to reduce emissions, help people save energy and create jobs in the $26 trillion clean economy.\n\u2022I want Ontario to put a price on pollution, making polluters pay for their emissions and returning the revenues to the pockets of Ontarians so they can lower their carbon footprint.\n\u2022I want legally binding emissions targets in line with our obligations to the Paris Climate Agreement.\n\u2022I want Ontario to be 100% powered by clean energy by 2050\n\u2022I want Ontario to end subsidies and handouts for fossil fuel companies and redirect this money to clean energy solutions.\n"
    },
    "7698": {
        "url": "/comment/7698",
        "comment": "I want a real climate change plan to reduce emissions, help people save energy and create jobs in the $26 trillion clean economy.\nI want Ontario to put a price on pollution, making polluters pay for their emissions and returning the revenues to the pockets of Ontarians so they can lower their carbon footprint.\nI want legally binding emissions targets in line with our obligations to the Paris Climate Agreement.\nI want Ontario to be 100% powered by clean energy by 2050\nI want Ontario to end subsidies and handouts for fossil fuel companies and redirect this money to clean energy solutions.\nOntario needs to be a world leader in saving the planet. Not going back in time to continue destroying the place we all call home.\n"
    },
    "7700": {
        "url": "/comment/7700",
        "comment": "Human-caused climate change is a fact, and will be devastating to the most vulnerable of us. Who would we be if we didn't do everything we are capable of to prevent this tragic situation? How could any otherwise intelligent person feel that conducting ourselves in such a way as to guarantee that our planet remains habitable is optional? Especially since the innovative clean economy is worth 26 trillion dollars and creates countless good jobs. Ontario is one of the most prosperous, informed areas in the world should be leading the way with a real climate change plan to reduce emissions. Ontario can feasibly be 100% powered by clean energy by 2050. Ontario must end subsidies and handouts for fossil fuel companies and redirect this money to clean energy solutions.\nPutting a price on pollution, making polluters pay for their emissions and returning the revenues to the pockets of Ontarians so they can lower their carbon footprint makes logical sense and, if properly managed, will be an effective means of rewarding innovation and deterring environmentally destructive practices. Legally binding emissions targets in line with our obligations to the Paris Climate Agreement are absolutely necessary.\nClimate change is bigger than anything we as human beings have ever dealt with in history, and we need to be bigger as people to deal appropriately with it. We need to think long, long term, to the lives of our children's children's children as our actions today will shape their world immeasurably and in ways we cannot fathom.\n"
    },
    "7701": {
        "url": "/comment/7701",
        "comment": "I want a real climate change plan to reduce emissions, help people save energy and create jobs in the $26 trillion clean economy.\nI want Ontario to put a price on pollution, making polluters pay for their emissions and returning the revenues to the pockets of Ontarians so they can lower their carbon footprint.\nI want Ontario to end subsidies and handouts for fossil fuel companies and redirect this money to clean energy solutions.\n"
    },
    "7702": {
        "url": "/comment/7702",
        "comment": "The sooner fossil fuels are relegated to the dustbin of history, the better off Ontario and the whole planet will be both economically and from a climate standpoint. This is not speculation but rather fact.\nI can remember growing up in Ontario during the 60\u2019s and 70\u2019s when there\u2019d be about two weeks in the summer where the heat and humidity was unbearable. Now, it\u2019s the tropics in Ontario as early as May 1st until well into September.\nWe need to redirect subsidies and handouts for fossil fuel companies to clean energy solutions. This needs to happen now\n"
    },
    "7703": {
        "url": "/comment/7703",
        "comment": "I want Ontario to end subsidies and handouts for fossil fuel companies and redirect this money to clean energy solutions.\nSustainable resource use and protection of the environment is one of the few - if not the only - issues that directly benefits us all. To work against this initiative is to work against human progress. It effectively demonstrates to the rest of the world how ignorant and selfishly misguided we may be. Let us please not be that ignorant.\n"
    },
    "7704": {
        "url": "/comment/7704",
        "comment": "Moving backwards on climate change is unacceptable! Emissions need to be reduced and putting a price on carbon is the best way forward. Charging polluters will force their hand to reduce emissions. This revenue used to advance green energy will lead to a more prosperous Ontario in the future. Not take us backwards and leave us on the outside looking in, which is where this proposed legislation will take us.\n"
    },
    "7705": {
        "url": "/comment/7705",
        "comment": "Investments into infrastructure, transportation, and environmental action is imperative to transform Ontario\u2019s future. Our province has a wealth of innovation and opportunity to make effective investments to secure a future that Ontarians will be proud to live in. This comment is being submitted on behalf of the Residential Sector Committee of Climate Action Waterloo Region (hereinafter referred to as ClimateActionWR). The comment outlines the collective support for climate action, the major concerns with Bill 4, and the potential investments from cap-and-trade.\nCollective Support for Climate Action\nWe, the Residential Sector Committee of ClimateActionWR, are writing in full support of maintaining the cap-and-trade system.\nWaterloo Region\u2019s short-term greenhouse gas (GHG) emissions reduction target of 6%, by 2020, prompts climate action and commitment from community members, leaders, and organizations. Importantly, this target has made progress due to provincial efforts to curb climate change and take action, in combination with local action.\nThe need for climate action is urgent and the cap-and-trade system is a proven program for GHG reductions through cost-effective systems that brought in revenues and distributed them as shown in British Columbia and California. Ultimately, Section 7 (1) in Bill 4, the cancellation of cap-and-trade instruments, prevents meeting the needs of society and advancing our future into one that includes low-carbon investments.\nOver the years, our committee has worked with homeowners, home-builders, and renovators throughout Waterloo Region to advance GHG reductions in the residential sector. We are committed to helping the residential sector understand, adopt, and take positive action toward GHG reductions. Our committee has moved the needle on many fronts to reduce GHG emissions in the residential sector throughout the last few years This includes:\n\u25cfworking with the federal government to bring sustainable energy efficiency practices to home builders and renovators by helping develop the pilots for Local Energy Efficiency Partnerships (LEEP) for Existing Homes\n\u25cfworking with local utility companies on their residential conservation and energy demand programs\n\u25cfbringing awareness of incentive programs that help people reduce energy use at home\n\u25cfparticipation in development the Region\u2019s Community Energy Investment Strategy that will keep investments in the community\nCommunities across this province including our local municipalities have all endorsed a target of 80% GHG emissions reductions by 2050. To that end, the municipalities have started taking positive steps to meet those goals. We believe that Bill 4, Cap and Trade Cancellation Act does not allow for investments into our future that collectively benefits residents, communities, and organizations.\nBill 4: Major Concerns\n\u25cfSections 7(1) and 7(2) do not adequately identify that the government will pursue alternative options to a cap-and-trade system to take climate action.\n\u25cfSections 7(1) and 7(2) prevents residents and organizations from pursuing viable opportunities to reduce their greenhouse gas emissions through incentivized programs.\nThe lost revenue from repealing a cap-and-trade program would stagnate action that would reduce emissions and transform Ontario\u2019s future into one that includes low-emissions, a healthy society, and a thriving economy.\nInvesting in our future: Cap-and-trade\nThe cap-and-trade system enables investments into schools, buildings, and homes, which in turn boosts job growth and economic development. Through a cap-and-trade system, incentives kick start climate action among residents. Specifically, recent research from C40 Cities, the Global Covenant of Mayors for Climate & Energy, and the New Climate Institute found that \u201cinvestments into residential energy efficiency retrofits, could result in a net creation of 5.4 million jobs in cities across the globe. Such investments would also result in significant household savings, as well as emissions reductions.\u201d This research is important to consider in the province\u2019s development of a climate action plan, which should include investments into the residential sector.\nFurther, an effective cap-and-trade system helps residents, the community, province, and society as a whole.\n\u25cfHomeowners benefit with conservation reductions, which are generally persistent savings that protect against future increases in utility rates.\n\u25cfConservation projects are jobs in the community keeping jobs in the local area.\n\u25cfConservation is the lowest-cost form of energy production. Conservation costs less to produce a kWh of energy than either conventional energy or alternative energy.\n\u25cfThere is reduced infrastructure spending on increasing energy supply.\n\u25cfInnovation that is developed here enables an opportunity to build jobs and industries for the future of the province.\nThere are also benefits of GHG reductions that go beyond climate change mitigation. They also reduce pollution which has significant health care costs associated and a quality of living benefit that makes the communities and province a more desirable place to live.\nConclusion\nUltimately, our committee does not support Bill 4: Cap and Trade Cancellation, 2018, and we urge that the government reconsiders repealing the cap-and-trade system. Our committee believes that the government still has the opportunity to develop programs using money that will benefit homeowners, builders, renovators, developers, and others directly involved in the residential sector through reducing GHGs. We would be pleased to consult with the Ministry to look at methods and strategies to attain our long-term 80% GHG emissions reduction target, alongside other cities in Ontario, which could be attained through practical and innovative action.\nSincerely,\nResidential Sector Committee, ClimateActionWR\n"
    }
}