{
    "5946": {
        "url": "/comment/5946",
        "comment": "Ontario needs to take meaningful action to address climate change. Given that the province has a surplus of off-peak power that it currently sells at a loss, encouraging the adoption of electric vehicles could both increase domestic use of some of that surplus power and reduce transportation-related carbon emissions. Increasing public charging station infrastructure and providing tax breaks for people who purchase electric vehicles and install home charging stations would help in this respect. Even rebating the provincial sales tax portion of the sale price of electric vehicles would help. The government could also create jobs and make a meaningful difference in improving energy efficiency by supporting homeowner initiatives to use less energy\n"
    },
    "5947": {
        "url": "/comment/5947",
        "comment": "The Ontario economy is coming under increasing threat as a result of actions taken by the previous provincial government, the current federal government and the political environment in the US.   While, I see great value in protecting the environment, I don't think we should further imperil our economy by implementing an ill conceived scheme, which as other jurisdictions have experienced, is ripe for fraud, does not protect the environment and only serves government and their client special interest groups.  I support the Ford government's plan to scrap Cap and Trade.  If CO2 emissions and climate change are such a global concern than it must be addressed by all nations around the world and not used as a quasi global wealth distribution scheme.\n"
    },
    "5948": {
        "url": "/comment/5948",
        "comment": "As a citizen of Ontario what the PC government did was not in the best interest of the environment or us. The cap and trade was a good program. It kept businesses in check with their green house gas emissions and helped pay for programs to help out us...the citizens of Ontario! You cancelled a good program to help people get better environmentally friendly products for their home. Now people will just go with cheap and in the end...that will not benefit anyone. We bought an EV in May. Did the incentives help us decide our purchase? For sure. But we are also in a position to be able to purchase an EV without the incentives. Many, many others are not. The incentives make them affordable for them. Ev's save a huge amount of money for people. I don't have to pay for an oil change, time ups, timing belts etc or gas. I have 7700kms on my EV and don't have to visit the garage till 12,000kms for a tire rotation. It costs me $1.80 to \"fill\" my car. It used to cost me $80. 10cents a litre reduction will not save people money. And it won't save the environment either. Politicians need to stop putting the environment last and start by putting it first. We lost tons of jobs from the cancellation of cap and trade from solar panel installation bussinesses. Solar Dynamics put ours on a few ago. Love them. We could disconnect from the grid and we just may with your policies.  I did not vote for Ford because of your views on The environment. Prove me wrong please. Show me that you care about environmental issues by doing the right thing.\n"
    },
    "5949": {
        "url": "/comment/5949",
        "comment": "As an Ontario resident and a Canadian I firmly believe that the Ontario Cap and Trade system was a valuable program and would over time help to reduce carbon emissions in the province.  The incentive programs offered under this program such as home energy upgrade rebates, and electric vehicle and charging stations rebates were a tangible way of encouraging people in this province to choose more energy efficient purchases.\nWhile many complain that these incentives only helped higher income families, they did help middle income families who really wanted to invest in clean energy, and also helped increase sales in those industries which encouraged investment and research into more clean energy products.   The long term effect would be to decrease costs and increase production of these cleaner energy products.\nI was very disappointed to see these programs end.  From my understanding, most industries had bought into the Cap and Trade program, and there were not many major complaints.  I'm still unsure why it was cancelled, and hope to see a similar program return in the near future.   Investment in clean, sustainable energy is key for our environment, children and economic health.  We cannot continue to subsidize and support industries that use outdated and environmentally hazardous technologies.\nPersonally, I drive an electric vehicle and my family tries to make environmentally sustainable choices as much as possible.\nThank you.\n"
    },
    "5950": {
        "url": "/comment/5950",
        "comment": "I am currently living abroad for a year and then returning to reside back in Ontario in 2019. As a resident of Ontario, I would like to provide comments on the Bill 4, Cap and Trade Cancellation Act, 2018.  I do not support the proposed retirement and cancellation of Cap and Trade.  I have provided my comments below in relation to the four principal matters intended to be addressed by the proposed cancellation act:\n1.  The retirement and cancellation of cap and trade instruments\nWhether one accepts that climate change is being caused by human activity or not, the risks of taking no action to reduce carbon emissions would seem far to outweigh any such uncertainty.  In all likelihood, those demanding firm evidence of human-caused climate change may only be satisfied with the level of evidence when it is too late to do anything about it.  Given the risks to our future population, our environment, and the dependent economy, it is essential that the government take action now.  Cancelling any established and accepted carbon reduction program would work against this.  However, maintaining the recently established Cap and Trade program should be seen as a positive, objective approach by the government.  In particular, such an important aspect for the future should not be seen as an ideological, political factor that represents one political stripe or another.  The risks themselves are clearly apolitical and transcend any one party ideology.\nFor those who may have the view that climate change is NOT being caused by human activity, there would still be significant benefits from reducing carbon emissions, and maintaining the Cap and Trade program.  These include cleaner air and reduced pollution (e.g., based on other, earlier carbon reduction initiatives, we no longer have the awful and dangerous smogs of the recent past in eastern Ontario), associated reductions of poor health and related health care costs, and an enhanced public image of a pristine Ontario (which may result in increased tourism).\nOn economic considerations, other jurisdictions have reported not suffering economic decline as a result of implementing carbon restrictions such as Cap and Trade.  These include the province of B.C., the U.S. state of California, and the United Kingdom.  Indeed, there are several Canadian and Ontario companies already active in innovative technological work that could thrive under programs such as Cap and Trade, and result in spinoff economic growth.\nRetiring and cancelling the cap and trade instruments would represent an unnecessarily costly action given that the system has already been established (therefore, costs foregone), the private sector has already accepted and invested in this approach (related economic activity stimulated; prospect of legal costs for Ontario and compensation for companies that have engaged in the existing program).  Cancelling it would also result in uncertainty for the private sector which would hinder or cancel related investment plans and decisions.  Meaningful investment by the private sector relies on a stable and/or predictable policy approach.  In addition, during the period while alternatives were being considered, retirement and cancellation would result in unrestricted carbon emissions, potentially to the detriment of the environment and our future.\nFinally, I would like to add that the Cap and Trade program represents an approach to limiting carbon emissions that seems to be neutral in terms of public acceptance and so there would seem to be no political advantage to be gained from its cancellation, and rather the reverse.  Indeed, maintaining Cap and Trade and introducing other carbon-restrictions would demonstrate long-term leadership on the part of the government.  Meaningful and sustained carbon restrictions cannot be achieved by rapid changes to programs based on the comparatively short term political cycles and electoral terms.  Instead, a long term view, encompassing decades, is needed, and maintaining the Cap and Trade program should be part of such a long term view.\n2. The payment by the Crown of compensation in respect of cap and trade instruments, the amount of which is to be determined in accordance with the regulations.\nAs a taxpayer, I object to the proposal to cancel Cap and Trade as it would result in otherwise unnecessary compensation payments and associated administrative costs.  The most appropriate use of public funds and taxpayers\u2019 money would be to maintain the recently established system.\n3.Preventing any cause of action from arising against the Crown and specified related persons as a result of various specified matters, including the enactment of the Act and the repeal of the Climate Change Mitigation and Low-carbon Economy Act, 2016.\nI presume that this refers to legal defence and therefore costs associated with this could be very significant.  As above, incurring these potential actions arising against the crown is unnecessary as it can be avoided by maintaining the established system.\n4.The extinguishment of any existing proceedings, and the prevention of any future proceedings, against the Crown and other specified related persons, in relation to specified matters.\nI also resume that this refers to legal defence and therefore costs associated with this could be very significant.  As above, incurring these potential actions arising against the crown is unnecessary as it can be avoided by maintaining the established system.\nPlease do not cancel the Cap and Trade program as it is a key part of addressing the uncertain risks from climate change.  Thank you for the opportunity to comment.\n"
    },
    "5951": {
        "url": "/comment/5951",
        "comment": "I oppose Bill 4 The Cap and Trade Cancellation Act, 2018\nCap and Trade is an important part of pollution reduction.  It may not be the solution, but it holds polluters accountable and funds programs for people and businesses to make their buildings more energy efficient.\nPlease do not pass Bill 4.\n"
    },
    "5952": {
        "url": "/comment/5952",
        "comment": "According to The Conference Board of Canada, Canada is one of the largest per capita greenhouse gas emitters. This fact is says that Canada is not meeting Paris agreement, despite Canadian self-praise for environmental movements.\nThe abrupt cancellation of the Cap and Trade agreement without any good alternative, makes one think that current Ontario government does not see environment as important as economy.\nAs Cap and Trade Cancellation Act includes a requirement to prepare a climate change plan, is would be better to produce a new plan as soon as possible, so the people will see that new plan is better and more efficient than Cap and Trade.\n"
    },
    "5953": {
        "url": "/comment/5953",
        "comment": "Do not cancel the Cap & Trade Program. We need this program to help combat dangeroud climate disruption.\nReal and rising costs are now being felt in two key areas: the economic and financial impact of increasingly severe weather, and the impact on public infrastructure.\nOut of all the alternatives, it is the lowest cost to consumers.\n"
    },
    "5954": {
        "url": "/comment/5954",
        "comment": "Address available on demand (registered on ero web system)\n18th September, 2018\nMinistry of the Environment and Climate Change\nc/o Environmental Registry of Ontario\nhttps://ero.ontario.ca/\nTo whom it may concern,\nRe. Bill 4, Cap and Trade Cancellation Act, 2018; ERO number 013-3738\nAs a resident of Ontario, I would like to provide comments on Bill 4, the draft Cap and Trade Cancellation Act, 2018.  I do not support the proposed retirement and cancellation of Cap and Trade.  I have provided my specific comments below in relation to the four principal matters intended to be addressed by the proposed cancellation act:\n1.  The retirement and cancellation of cap and trade instruments\nIrrespective of whether one accepts that climate change is being caused by human activity, the risks of not taking action to reduce carbon emissions would seem far to outweigh the uncertainties.  In all likelihood, those demanding firm evidence of human-caused climate change may only be satisfied with the level of evidence when it is too late to do anything about it.  Given the risks to our future population, our environment, and the dependent economy, it is essential that the government take meaningful action now.  Cancelling any established and accepted carbon reduction program would work against this.  However, maintaining the recently established Cap and Trade program should be seen as a positive, objective approach by the government.  In particular, such an important aspect for the future should not be seen as an ideological, political factor that represents one political stripe or another.  The risks themselves are clearly apolitical and transcend any one party ideology.\nFor those who may have the view that climate change is NOT being caused by human activity, there would still be significant benefits from reducing carbon emissions, and maintaining the Cap and Trade program.  These include cleaner air and reduced pollution (e.g., based on other, earlier carbon reduction initiatives, we no longer have the awful and dangerous smogs of the recent past in eastern Ontario), associated reductions of poor health and related health care costs, and an enhanced public image of a pristine Ontario (which may, among other things, result in increased tourism with economic benefits).\nOn economic considerations, other jurisdictions have reported not suffering economic decline as a result of implementing carbon restrictions such as Cap and Trade.  These include the province of British Columbia, the U.S. state of California, and the United Kingdom.  Indeed, there are several Canadian and Ontario companies already active in innovative technological work that could thrive and grow under programs such as Cap and Trade, and result in direct and spinoff economic growth.\nRetiring and cancelling the cap and trade instruments would represent an unnecessarily costly action given that the system has already been established (therefore, costs foregone), the private sector has already accepted and invested in this approach (significant related economic activity that has been stimulated would now be stifled; Ontario would face the prospect of legal costs and providing compensation for companies that have engaged in the existing program).  Cancelling it would also result in uncertainty for the private sector which would hinder or cancel related investment plans and decisions.  Meaningful investment by the private sector relies on a stable and/or predictable policy approach, spanning more than one electoral cycle.  In addition, during the period while alternatives were being considered, retirement and cancellation would result in unrestricted carbon emissions, potentially to the detriment of the environment and our future.\nFinally, I would like to add that the Cap and Trade program represents an approach to limiting carbon emissions that seems to be neutral-to-positive in terms of public acceptance and so there would seem to be no political advantage to be gained from its cancellation; rather the reverse.  Indeed, maintaining Cap and Trade and introducing other carbon-restrictions would demonstrate long-term leadership on the part of the government.  Meaningful and sustained carbon restrictions cannot be achieved by rapid changes to programs based on the comparatively short term political cycles and electoral terms.  Instead, a long term view, encompassing decades, is needed, and maintaining the Cap and Trade program should remain part of such a long term view.\n2. The payment by the Crown of compensation in respect of cap and trade instruments, the amount of which is to be determined in accordance with the regulations.\nAs a resident and taxpayer of Ontario, I object to the proposal to cancel Cap and Trade as it would result in otherwise unnecessary compensation payments and associated administrative costs.  The most appropriate use of public funds and taxpayers\u2019 money would be to maintain the recently established system.\n3.Preventing any cause of action from arising against the Crown and specified related persons as a result of various specified matters, including the enactment of the Act and the repeal of the Climate Change Mitigation and Low-carbon Economy Act, 2016.\nI presume that this refers to legal defence and therefore costs associated with this could be very significant.  As above, incurring these potential actions arising against the crown is unnecessary as it can be avoided by maintaining the established system.\n4.The extinguishment of any existing proceedings, and the prevention of any future proceedings, against the Crown and other specified related persons, in relation to specified matters.\nI also presume that this refers to legal defence and therefore costs associated with this could be very significant.  As above, incurring these potential actions arising against the crown is unnecessary as it can be avoided by maintaining the established system.\nPlease do not cancel the Cap and Trade program as it is a key part of addressing the uncertain risks from climate change and significant investments and public funds have supported its establishment.  To cancel it now would represent a waste of public funds and private sector investments.\nThank you for the opportunity to comment.\nYours sincerely,\nName available on demand (registered on ero web system)\n"
    },
    "5955": {
        "url": "/comment/5955",
        "comment": "To the current Conservative majority government,\nDoing away with cap and trade without public consultation, and with full knowledge of the role that government has to play in leading Ontario away from dependence on fossil fuels and in fighting climate change, is not only wrong but amoral. There is no possible justification for this brazen and foolish act. Please consider acting in the public interest, and in the interest of future generations of Canadians, by enacting legislation and policies that fight climate change in clear, specific, beneficial ways.\nThe new Ford government seems to have no interest in long-term thinking or thinking beyond short-term and insignificant economic gains for a small number of people. But as a concerned citizen, I beg you to reconsider your position on cap and trade, among other climate-change-fighting initiatives, that you the government has a crucial role to play with.\nThank you.\n"
    },
    "5956": {
        "url": "/comment/5956",
        "comment": "I work as an engineer at a manufacturing company where I am responsible for the cap and trade reporting.  I was disappointed to discover that the current government decided to cancel the cap and trade program.  This program was to provide much needed funding for businesses to adopt green technologies and would in turn make them competitive with other jurisdictions. The company I work for was looking into projects which would \"green\" our business, but since the cap and trade program has been cancelled, there is no more interest in these items.  The government has yet to propose an alternative program which would promote the reduction of greenhouse gases.   More personally it is very frustrating to have gone through a lot of administration and red tape to qualify for the program and then have it cancelled with NO compensation whatsoever.  The compensation protocol is pathetic and not nearly enough; in my opinion it disregards companies and industries that have complied with what was required through no fault of their own.  The cancellation is short sighted, in the long run our environment and families will suffer the consequences.\n"
    },
    "5957": {
        "url": "/comment/5957",
        "comment": "One of THE most important issues facing our whole world is trying to prevent catastrophic climate change by drastically reducing our carbon footprint, and anyone who doesn't agree is simply living way back in the past, and is refusing to admit reality. Polluters of any kind should either clean it up voluntarily or pay a fine. Period. Cap and Trade is one of the very fairest ways to accomplish this, and I am disgusted that the Not-So-Progressive Conservative party of Ontario is going to cancel it. Particularly when they have not come up with any kind of a plan to replace it. To them I would say \"Get your noses out of your wallets, and pay attention to the climate crisis that is affecting our whole world!!!\"\n"
    },
    "5959": {
        "url": "/comment/5959",
        "comment": "This Bill is totally wrong-headed. Cap-and-trade should not be scrapped until you have an alternative in place.\nOntario is turning its back to where its future is.\nA carbon levy, proceeds of which are 100% returned to each resident of the Province, is the most straightforward way to nudge Ontarions towards a low-carbon economy.  Studies show convincingly that most people will be better off.\nSo now that the government is keen to cancel the cap-and-trade method, it just needs to go along with the federal scheme.\nYou can do better than the Liberals.  Just be smart.\n"
    },
    "5960": {
        "url": "/comment/5960",
        "comment": "I strongly disagree with the proposed bill to repeal the CCMLEA, 2016.   Cap and Trade is a device to curb emissions that are destructive to our environment and as such is a step toward participating in Climate Change initiatives worldwide.\nFossil fuel emissions are instrumental in both global warming and increased pollution levels.  Ontario should be cooperating with the federal government on climate change initiatives instead of engaging in partisan politics.\nThe repeal of this bill puts this province on the road to environmental suicide.\n"
    },
    "5961": {
        "url": "/comment/5961",
        "comment": "If the Ontario government is going to wind down the Cap and Trade program, then it either needs to institute some other form of carbon pricing on fossil fuels and other products that produce carbon emissions, or start winding down other fossil fuel based power plants and encourage the development of renewable power generation methods like solar and wind and providing incentives for Ontario citizens to retrofit their homes for energy efficiency.\nFurthermore, if the Ontario government is serious about winding down the Cap and Trade program and not replacing it with another form of carbon pricing, then I would prefer the province to accept to the federal carbon tax plan rather than spending millions of tax-payer dollars to fight it in court. As a citizen concerned about the rampant effects of climate change and the detrimental effect it will have on our country in the coming decades I have absolutely no issue with paying more in taxes to fight climate change if it means having a secure future for myself and my children.\n"
    },
    "5962": {
        "url": "/comment/5962",
        "comment": "I am strongly opposed to the cancellation of Ontario's Cap and Trade system, which is a highly efficient way to reduce carbon emissions at the lowest cost, and to gain revenue to facilitate this transition so that it is economically beneficial for all in Ontario. The loss of this revenue and the many programs that it supports will set our province back when competing with businesses based in other jurisdictions. Moreover, we are already feeling severe impacts of climate change and this will only become worse. This program allows us to contribute to arresting climate disaster and positions us to benefit from new more efficient technologies that are fostered in a regulated environment. We are already being eclipsed by China and Europe in the low emissions production of energy and should stake a strong claim in this area, rather than relying on outdated energy producing technologies that reduce the payoff for innovation and energy efficient design and production. Altogether a very self-destructive measure!\n"
    },
    "5963": {
        "url": "/comment/5963",
        "comment": "I feel that by cancelling the Cap-and-Trade program, the \"Progressive\" Conservatives are selling the future of Canada out. By removing any and all reasons for big business to not pollute, or at least find more efficient ways of doing business, the PC Party is telling us that our lives and our children's lives are worthless. By cancelling a program designed to help bolster environmental protection, WITHOUT a plan to replace it, the PC Party is saying they don't believe climate change is real, and that all evidence to the contrary is false. This is reprehensible.\n"
    },
    "5964": {
        "url": "/comment/5964",
        "comment": "I am concerned about the cancellation of the cap and trade program. I was proud of Canada's commitment at the COP21 conference in Paris where we joined with most of the countries of the world to finally take the issue of climate change seriously. As a retired geography teacher, I was addressing the likelihood of climate change back in the 1970s, and the predicted events have become more and more common. It should be clear to any sane person that we need to take the issue seriously. Action is needed at the federal, provincial, municipal and personal levels in order to adequately make a difference. The cap and trade program of the Ontario government was a serious attempt to begin the process at the provincial level. By entering an agreement with Quebec and California, we were working together to address the issue. Cap and trade promised to be a source of income for the province that could be spent on other measures to reduce carbon emissions. School retrofits would have been one example; the cancellation of cap and trade unfortunately ended this program.\nNot only has Ontario cancelled cap and trade but it also proposes to sue the Canadian government over its requirement to impose a carbon tax. Instead of saving money, this measure will cost the Ontario government money. There is also the probability that Ontario will be sued by stakeholders who have invested in cap and trade. Yet the Ontario government is not providing any alternatives to reduce greenhouse gases in the province.\nIt seems clear to me that the Ontario government is making a mistake in cancelling the cap and trade program and should reconsider.\n"
    },
    "5965": {
        "url": "/comment/5965",
        "comment": "Any credible climate change plan must include carbon pricing. If burning fossil fuels is costing society now and in the long term,  this activity must be held to account through a price that reflects its true cost. Otherwise, costs associated with dealing with climate change (extreme weather events, health problems, etc.) are passed onto governments and citizens to pay. There must also be a market signal to invest in clean tech alternatives.\nA carbon pricing mechanism can be designed to reduce greenhouse gas emissions while stimulating the economy.\nCancelling cap and trade outright will most likely cost Ontarians millions if not billions of dollars due to cancelled contracts. I vehemently oppose an abrupt cancellation. It would be better for the government to end the program when the contracts conclude in 2020. At that point, I would like to see the government phase in a carbon fee and dividend program. Carbon is priced at $20 per carbon tonne at the wellhead or point of market entry, and rises by $10 every year. All money collected is returned to Ontarians. This will send a price signal to invest in clean energy alternatives, helping the province's clean tech industry, while putting money in the pockets of Ontarians to spend, thus stimulating local economies.\nI vehemently oppose any legal challenge to Canada's national carbon price. It is a losing battle that will cost the province millions of dollars.\nNote that any action on climate change - be it regulation or carbon pricing - will involve price increases. A carbon price is a far more transparent way to deal with greenhouse gas emissions that contribute to climate change. Returning money to citizens will only help maintain public support for climate action.\n"
    }
}