{
    "5672": {
        "url": "/comment/5672",
        "comment": "Yet again, a legal challenge was required before the Ontario PC's were even willing to act appropriately and allow comments on ending cap and trade. In the meantime, nothing has been produced as a real plan moving forward. Ontario is destroying its credibility internationally. That does not send a message that we are open for jobs, it sends a message that we are prepared to do anything to preserve the status quo.\nCap and Trade may have flaws but there's no denying that it works. It's our best shot, environmentally and economically, for curbing emissions that drive global warming. To deny this is taking a huge step backwards.\n\"The integration of cap-and-trade markets today would not only ultimately establish a global carbon price that would diminish reliance on fossil fuels; it would also create a bridge of common intent across boundaries to save the planet despite national conflicts arising today in trade and security matters. Tying our climate fates together would in effect serve as a kind of preemptive version of the Coal and Steel Community.\" - Washington Post\n\u201cCalifornia is committed to doing whatever is necessary to meet the existential threat of climate change,\u201d Brown said during a signing ceremony at the Capitol. \u201cAnd yes, it is an existential threat. No matter what the naysayers may say, it is a real, present danger to California and to the people of the world.\u201d  - Gov. Jerry Brown - Sept 10/2018\nThe need for strong action is now. The programs that were funded by cap and trade were working. Climate change is quickly becoming an emergency. Everyone has to pay the price now or a lot more later. Time to take ownership and fix this while there's still time.\nClean Energy Canada | August 20, 2018:\n\u201cMore efficient, cleaner vehicles are creating jobs for Canadians\u2014that\u2019s why most auto suppliers support the standards. Last year Linamar, the second largest Canadian auto parts manufacturer, had record sales and earnings, driven in part by a huge contract to produce axles for electric vehicles.\"\n\u201cIf you look around the world, it\u2019s clear that hybrid and electric vehicles are set to become the new norm. Car companies in Germany and China are racing toward that fast-approaching future. Countries like the U.K. and France, meanwhile, are banning gas- and diesel-powered vehicles within a couple of decades.\"\n\u201cWe now have an opportunity to ensure the right signals are sent to the Canadian auto sector\u2014an opportunity to ensure we thrive in the years to come.\u201d\nThe people of Ontario deserve a provincial dedication that aggressively tackles global warming. To do nothing is akin to environmental genocide.\n"
    },
    "5673": {
        "url": "/comment/5673",
        "comment": "I have extensive background in IT, statistics and data analysis. It is obvious that Canada's total output of GHG of 1.6% of the Global output is insignificant.\nOntario's output is even less significant. Canadians have done a lot and should not be penalized with taxation which cannot possibly be effective against climate change.\n"
    },
    "5674": {
        "url": "/comment/5674",
        "comment": "To whom it may concern\nCancellation of this act is a poor economic decision. It is no longer climate change but it is now the climate economy. I oppose this cancellation because we should be using this sector as a greater opportunity to create jobs and national revenues. Billionaires are investing their money into climate. I hesitate to support an initiative that hasn\u2019t seen the economic opportunity that billionaires globally are seeing and investing in. I don\u2019t see the decision makers who chose to cancel this bill in any way experts about the economy or climate so it\u2019s not prudent to support decisions by people who fail to be experts or even have some knowledge about the sectors and its opportunity.\nI vote no to this cancelation\n"
    },
    "5675": {
        "url": "/comment/5675",
        "comment": "To whom it may concern:\nThere should be absolutely no reason to be repealing this act.  Companies should be held accountable for how much carbon is produced and they should be paying for it.  Shame on this provincial government for everything that you\u2019ve been displaying so far.  Your children and grandchildren will thank you one day for global warming, flooding, and the extinction of certain species of animals.  They\u2019ll only be able to see them stuffed in museums.  Remember this.  And don\u2019t send me back some ridiculous template of a letter.  If you\u2019re not going to actually take the time to write a letter back to me, don\u2019t insult me with spam.\n"
    },
    "5676": {
        "url": "/comment/5676",
        "comment": "The whole purpose of the Cap and Trade program was to align ourselves with other nations in what is meant to be a global strategy at trying to reduce the rise in temperatures in Climate change and stop this planet from crashing and burning at an ever increasing rate.  Enough is enough on thinking that this is a \"left\" versus \"right\" issue.  It is a human rights issue!  FFS.\n"
    },
    "5677": {
        "url": "/comment/5677",
        "comment": "\"Climate Change is the defining issue of our time\" \u2013 Ant\u00f3nio Guterres, the United Nations Secretary General\nThe history of the 20th century is one of mass exploitation of our land, sea, air and fauna. Developed countries\u2014such as Canada\u2014are among the worst culprits as they have spent the past 100+ years releasing emissions into the air. While rapidly developing countries are increasingly responsible for the current increases in global emissions, Canada, and ergo Ontario, has a moral responsibility to shoulder a disproportionate amount of the work to address climate change because of this legacy of emissions. In this current anti-tax climate, it's not difficult to understand why the Cap and Trade system was used as a political football. However, what we are in effect doing when we use Climate Change mitigation policies as a political tool, is gambling with the future. If the Minister of Environment, Conservation and Parks is aware of the science of Climate Change, he will know that we have a narrow window of opportunity to prevent global temperatures from rising past 2 degree Celsius. The consequences of passing this threshold is a world which will increasingly become inhospitable as extreme weather, such as prolonged droughts and intense storms, break the planets fragile ecosystem. This government claims to be working for the People of Ontario. How about the future People of Ontario? What kind of world will we be leaving our children, and their children, if we continue to drag our feet on addressing Climate Change. If this government wants to do its part to address Climate Change, the policy tools are already available. What is needed is the political courage to stand up for the future People of Ontario. I urge this government to put forward a robust and evidence-based climate change strategy. Paying lip service to what Antonio Guterres, the United Nations Secretary General, said is the defining issue of our time is simply not acceptable.\nConcerned Citizen of Ontario\n"
    },
    "5678": {
        "url": "/comment/5678",
        "comment": "Ontario was a leader in the fight against climate change. What happened to our leadership? Sustainable technologies can be quite lucrative and they represent a largely untapped opportunity. What good would saving 10 cents a litre do for future generations of Canadians? Don't our children deserve every opportunity that we had? Besides, such savings can be wiped out on a weekend depending on events that occur half a world away. I would rather invest that money in a home grown sustainable solution that helps secure not only our future, but the rest of Canada as well.\n"
    },
    "5679": {
        "url": "/comment/5679",
        "comment": "Converting to a low carbon economy will be much harder for some than for others.  Those with less money will be particularly hard hit as they don't have the capital to invest in higher efficiency devices.  The cap and trade program was supposed to help address this.  Given that the PC government has repeatedly stated that they are working for the 'people' I would expect they would be advocating for programs that help the 'people' save money in the long term.  To be clear, I believe cancelling the cap and trade program is a bad idea.\nThe government has said repeatedly that the elimination of the cap and trade program will SAVE me $260 per year.  Since cancelling the cap and trade program appears to be entirely about alleged cost savings I will defer any environment argument here.  My argument against cancelling the cap and trade program is that it give a very small short term financial gain at the behest of a much more significant long term savings.  I propose that using the funds collected through a cap and trade program to help me invest in high efficiency items will save me much more than that.  Lets use a simple example to illustrate the point:\nI drive about 25,000km per year.  At $0.10/L my savings from removal of the Cap and Trade funds would be about $312.50/year, this would mean over 6.4 years my savings would be $2,000 (6.4 years is the typical amount of time new cars are kept after purchase) .    If the government gave me this money up front, to help pay for a new, more fuel efficient car, I could then save approximately 32% on my fuel costs every year (based on average fuel use as reported by fulley.com for a Toyota Camry vs a Chevrolet Volt Hybrid) for 6.4 years.  At 25,000 km/year and $1.25/L for gas that would be a net present value of $6,400 in fuel savings alone, plus the higher asset value.  Note that this is money NOT spent, it is not taxed money given to me or money given to the gas companies.  I would then pump all of those savings back into the economy.  The same example could be used for providing a pool of funding for making any number of Ontarians' lives more cost effective and efficient.  With each investment, less is spent on overhead costs and more can be spent on growing the economy.  It is very plain to see that dangling the carrot of saving $0.10/L on gas is a short term, political stunt that will simply work to enslave low income 'people' to the oil and gas industry for longer, rather than help them reduce gas savings by 3x that amount (or more) by purchasing more expensive, high efficiency vehicles (hybrids for instance).\nIt could be argued that I should buy a hybrid with no incentive to effect the fuel savings, however, I, as with most Ontarians, don't have the money lying around so adding the incentive upfront helps make the decision much easier.  Also important to mention here is that the vast majority of Ontarians don't really know the benefits and potential savings of Hybrid vehicles, a program like this would help to highlight to customers how much they would save on gas.  History has shown incentives work to help consumers make smarter buying decisions as the market often seeks to obscure these products in favour of higher profit versions.\nA further financial argument is quite simply that companies who have suffered a loss due to the cancellation of the Cap and Trade program in such a disorganized manner WILL seek damages and WILL win in court.  The notwithstanding clause will not shelter the government from damages on the order of $2-3 billion. The reality is that the next provincial government, if not the federal government in the interim, will enact a carbon costing solution, so this is all wasted money.\nFinally, it is worth noting, that the above example does not account for the obvious environmental benefits of a cap and trade (or other carbon costing solution).  I sincerely hope that the Ministry of the Environment does not need to be reminded that their mandate is to advocate for a clean -climate change free- future for the people of Ontario.  To hear the Minister of the ENVIRONMENT openly and happily talk about rescinding the cap and trade system is utterly disappointing.\n~Concerned Citizen of Ontario.\n"
    },
    "5680": {
        "url": "/comment/5680",
        "comment": "The Ontario PC Government's decision to cancel cap and trade is a huge mistake. Cap and Trade is a sucessful program to cut emissions from industry. Climate change is affecting our planet and regulations need to be put in place to reduce industry's huge foot print. Green energy such as wind and solar need government investment. Electric cars need incentive programs and further investment. Green roofing also needs government investment and incentives. Green roofing should be required on all buildings in Ontario.\n"
    },
    "5682": {
        "url": "/comment/5682",
        "comment": "I'm very disappointed that the provincial government has decided to undo legislation related to cap-and-trade. I believe that the role of government is to regulate and legislate initiatives that are of relevance to the public, particularly when such initiatives are not commercially attractive (ie, unlikely to be undertaken in the private sector) and when the benefits may not be immediately obvious (ie, attempting to mitigate the long term affects of unfettered climate change)\nIndividually, the amount of money that will be put back into Ontarians pockets by reversing cap-and-trade is minimal. And while I can appreciate that there are those for which every penny counts, the problem is that we're collectively sacrificing long-term vision in favour of short-term gain. Indivually, we cannot hope to make the same impact re: environment that a province-wide program like cap-and-trade can achieve.\nThank-you.\n"
    },
    "5684": {
        "url": "/comment/5684",
        "comment": "I strongly disagree with the cancellation of the Cap and Trade program.\nI am particularly opposed to shutting it down just to be replaced with vague promises of some other, future plan. The Cap and Trade program *is* a plan, already in motion, that was researched and designed by hard working members of previous governments both in Ontario and abroad. If the current government intends to halt the Cap and Trade program, it should have a suitable replacement ready to take the place of Cap and Trade without some indeterminate interim period of foot dragging.\nThe challenges we already face as a result of anthropogenic climate change demand decisive and expedient action. We are already past the point of impending multi-degree global temperature rises. The question now is how quickly can we work to minimize the damage that is already coming.\nThe current Ontario government claims to value fiscally responsible policies. What then, is fiscally responsible about inviting multi-billion dollar weather-centric disaster relief efforts in the coming years? We are already going to reap the costs of our poor decisions from decades past. We cannot afford to compound our mistakes with short-sighted policy decisions today.\nThis is not a political issue, it's a humanitarian one. And even if you don't want to consider it such, then consider it an economic one: if you actually intend to govern as you claim, then you must make the fiscally responsible decision and INCREASE our efforts to develop a sustainable society, not repeal what efforts we are already making.\n"
    },
    "5685": {
        "url": "/comment/5685",
        "comment": "I don't think there is sufficient evidence that the Cap and Trade program was not drive results to mitigate climate. As a economic policy, carbon tax is the answer.\nThe program should be reinstated and the green rebates should be available to everyone. These incentives were key in driving awareness and promoting everyone to lower emissions. The EHVIP in particular was very successful and should be open back up. Its not fair for those who were trying to get the rebate, be left without it. All the rebates should be open for qualification up until a legal decision has been made to allow the scrap of the Cap and Trade Program. Any individual in limbo should be eligible for the EVIP, either after the cancelation, during the entire wind down period and as of now, until the full legal process of public commenting as ended.\n"
    },
    "5686": {
        "url": "/comment/5686",
        "comment": "To whom it may concern -\nIt\u2019s unfortunate that you are cancelling cap and trade.\nThat said, I do not point blame squarely at the government for this decision. The government responded to the views of voters. Blame should therefore rest upon those who helped give climate action negative connotations in a couple of ways.\nThe first is vernacular: Cap and Trade has been conflated with a carbon tax. These are very different mechanisms - and cap and trade is superior for many reasons - yet the terms are often used interchangeably. Surprisingly, there was a time when carbon tax wasn\u2019t on the radar in Canada. But a range of economists and think tanks wonks took it upon themselves to add it to the discourse. Ontarians disappointed by the cancellation of cap and trade should therefore be blaming these actors for leaving their ivory towers, becoming involved in public policy, and injecting a toxic term like carbon tax into our public discourse where it could be used to the detriment of cap and trade.\nSecond is the Green Energy Act (GEA): many of those same economists and think tank wonks helped develop the Green Energy Act - the worst designed renewable energy program in the world. Like a carbon tax over cap and trade,  these economists preferred a Feed in Tariff over other incentive mechanisms because it allows them, rather than the market, to set the price of environmental attributes. Worse, these same economists let the government use ratepayer resources in a bold, and failed, policy experiment of renewables policy as industrial policy given domestic content requirements.\nIn short, cap and trade became the innocent victim of voter angst against both the GEA and carbon taxes.\nSince economists and think tanks are responsible for the GEA and carbon tax lexicon they should be held to account in some way. During the Liberal reign some of these people moved from universities and think tanks to MOE. These people should be identified within MOE and there employment revoked.\nWe cannot ever tackle climate change with these people involved in our public policy. While they probably had good intentions, their policy prescriptions are so demonstrably bad and unpopular that they need to take a break from it all for the good of the planet.\n"
    },
    "5687": {
        "url": "/comment/5687",
        "comment": "In order for Ontario to have some impact on helping the fight on climate change, there has to be some incentive to reduce use of fossil fuels. Any sincere effort has to include a reduction in fossil fuel use. There are many ways to do that, and updating infrastructure is probably the best way. Make charging stations ubiquitous. Update the electricity grid to be more decentralized. Put solar panels on every roof. Incentivize renewable energy companies to make their products in Ontario. Be creative and bold, if a carbon pricing is off the table, there are many other ways to go about it.\n"
    },
    "5688": {
        "url": "/comment/5688",
        "comment": "A five-step climate change action plan for Ontario:\n1. As an alternative to a carbon tax, require Ontario's hydrocarbon producers and distributors to directly invest a fixed amount per unit of hydrocarbons produced/distributed into \"green\" energy systems, such as geothermal, wind, solar, hydroelectricity, nuclear, and hydrogen fuels.\n2. Aid the Northern migration of Ontario's native tree species through tree-planting programs. Currently climate change is shifting the climate zones Northward ten times faster than trees can migrate naturally on their own.\n3. Import tree species from Southern USA that will be more suitable for Southern Ontario's future climate.\n4.  Offer tax incentives to companies that invest in the protection of Ontario's biodiversity and wildlife species, and provide relevant companies -- such as pharmaceutical companies -- with support for utilizing Ontario's biodiversity and wildlife species as a resource for their research and development.\n5. Invest in infrastructure upgrades designed to reduce electricity waste and inefficient electricity distribution.\n"
    },
    "5689": {
        "url": "/comment/5689",
        "comment": "As a citizen of Ontario, I firmly believe that the government of this province ought to prioritize a climate plan that is consistent with the Paris climate agreement targets. Climate denial and inaction have enormous costs for our economy, our health, and our environment. Therefore, it is imperative that we have policy in place that aids in reducing emissions. We should not be scrapping the cap-and-trade program unless the Ontario government can propose a more efficient, alternate model. Furthermore, we should definitely not scrap the clean energy projects that are already in progress. The government should provide both  incentives, such as rebates on green renovations and electric and hydrogen vehicles, as well as disincentives, such as a carbon tax. Climate change is the most important environmental issue on the table for the 21st century and the government should be prioritizing this.\n"
    },
    "5690": {
        "url": "/comment/5690",
        "comment": "The cancellation of the cap and trade act is repulsive. It sends the message that our pockets are more important than the environment and our children's future. By canceling the opportunity to drive with cleaner cars and replacing it with cheaper gasoline prices it only promotes more fuel emissions. I'm deeply disappointed with this government. If this bill is not repealed I will not be voting for this government again.\n"
    }
}