{
    "10742": {
        "url": "/comment/10742",
        "comment": "This action is insane. I do not have any trust whatsoever that the current government will enact a plan to reduce greenhouse gases or address climate change. Our planet and our future generations are in great danger. We are already seeing extreme events due to climate change. This proposed bill reverses direction in our collective efforts to minimize climate disaster.\n"
    },
    "10746": {
        "url": "/comment/10746",
        "comment": "DO NOT CANCEL CAP AND TRADE.\nThe cap and trade program puts more money in the pocket of Ontarians, as confirmed by a major study, included via my posted URL.\nPlease have an ounce of respect for the children and grandchildren I don't yet have, and protect the planet. Ontario is the number one polluter province in one of the biggest polluting countries in the world. Your decision needs to reflect that; do not play politics with the Earth. I speak for educated young people when I say DO NOT CANCEL the cap and trade program.\n"
    },
    "10747": {
        "url": "/comment/10747",
        "comment": "Cancelling the cap & trade program is both immoral and economically short-sighted. It is inevitable that a significant price must be placed on excessive emissions of greenhouse gases. The longer we delay implementing (and increasing) the cost, the more abrupt and risky the economic impact of this policy will be to Ontarians. The proceeds of the cap & trade program were being invested in initiatives that were both environmentally and economically beneficial, and their cancellation does not seem to be based on data or fact, but rather political pandering. I would urge the government to reconsider how the revenue could be best distributed to the benefit of all Ontarians, especially lower income households.\n"
    },
    "10749": {
        "url": "/comment/10749",
        "comment": "Cancelling Cap and Trade is an awful idea! The Government needs to intervene in the practice of businesses and citizens to prevent environmental destruction. Climate change is making our weather patterns unpredictable. This is going to impact our food supply chain. It is irresponsible to cancel a program that is attempting to improve the stability and predictability of our habitat: Ontario.\n"
    },
    "10751": {
        "url": "/comment/10751",
        "comment": "I agree with the following points made by the Green Party:\nBill 4 fails to match the urgency of the climate crisis and represents a major step backward in the fight against climate change.\nIt is unfair and unreasonable to eliminate the province\u2019s only climate plan without being transparent with the public about the plan to replace it.\nBill 4 closes Ontario for business to the $26 trillion global clean economy and will have a negative effect on clean jobs and investment.\nWhere Bill 4 goes wrong\nThe consultation process for Bill 4 was insufficient\nBill 4 ignores the urgency of climate change\nBill 4 closes Ontario for business to the clean economy\nBill 4 gives little detail about a replacement plan\nBill 4 does not contain binding emissions targets\nBill 4 eliminates the most important policy tool: pollution pricing\nThe way forward: Recommendations for a credible climate plan\nAdopt carbon fee and dividend\nFocus on energy efficiency in homes and buildings\nElectrify our transportation system\nSupport jobs and investment in the clean economy\nMake our electricity system clean, affordable, and community-owned\nPrepare Ontario for climate impacts\nWe cannot accept that increasingly severe wildfires, flooding and storms are our new normal.\nAs a high school teacher, I am concerned for the survival of the students I teach and my own life.\nThank you for your time and consideration,\n"
    },
    "10752": {
        "url": "/comment/10752",
        "comment": "Just this week I read an article released by the BBC about how the Intergovernmental Panel on Climate Change (IPCC) just released a report about climate change; more specifically, the rise in our earth\u2019s temperature. The article states how we need to prevent a temperature increase of only half a degree more over the next century to prevent further catastrophe. Sadly, the way things are going, it is projected that we are going to exceed this increase in the next 12 years.\nThis article, along with many others that I have read, honestly scares me to think about what our future holds and the future of the children I one day hope to have.  I\u2019m not sure how as brothers, sisters, parents, children and friends, we cannot see how important this issue is. We all talk about how we feel horrible for people being hit with flooding, hurricanes and extreme heat and weather patterns, without realizing that this IS climate change and WE ARE contributing to it.\nAs government officials, you are suppose to be bringing these issues to light; not ignoring them and getting rid of the only law we have on climate change.  By introducing Bill 4, you are telling Ontarians that you do not care about their future. You are being a part of the problem that we all face, instead of trying to be the solution.  I am infuriated that this is something that I have to worry about in my future and nobody who has the power to make this change seems to care.\n"
    },
    "10754": {
        "url": "/comment/10754",
        "comment": "It\u2019s absolutely ludicrous that this provincial government wants to scrap the cap and trade program. If I could afford it (which I can\u2019t) I would get a lawyer to represent me to sue Doug Ford because he is not protecting me or my family or the environment that we live in. Please listen to the science. Global warming and climate change are the biggest threat to Canada and the world.\n"
    },
    "10757": {
        "url": "/comment/10757",
        "comment": "It is irresponsible to repeal the existing act without having a clear plan what to replace it with. Scientists are warning us that what we do today will make a life or death difference to millions around the world. It's selfish to only think about ourselves and foolish to think that we will not be impacted by the consequences of our own actions.\nPast improvements to air quality, water quality and removal of hazardous materials and emissions (asbestos, lead, sulfur dioxide, etc) happened because the leaders at the time understood that short term pain results in long term gain. It is time to stop being selfish and irresponsible and take accountability for what we are doing to the environment. While no plan can ever be perfect, it is irresponsible to cancel an imperfect plan before a better one is put in place. We need a clear plan that leads towards us meeting our obligations under the Paris agreement, and our moral obligations to our fellow humans around the world.\nFor these reasons, I oppose the proposed cancelation.\n"
    },
    "10758": {
        "url": "/comment/10758",
        "comment": "For all the people whose lives have already been affected by the floods, fires and storms  including the 6 tornados that destroyed homes and businesses in Kinburn, Dunrobin, Ottawa and Gatineau  Friday, September 21st, I am advocating that the current Ontario Government to reject the climate cancellation bill, Bill 4 and replace it with the following actions and events.\n\uf0d8\t A real climate change  plan to reduce emissions, help people save energy and create jobs in the $26 trillion clean economy; and\n\uf0d8\t The Government of Ontario to:\n              Put a price on pollution, making polluters pay for their emissions and returning the revenues to the pockets of\n              Ontarians so they can lower their carbon footprint;\n              Create legally binding emission targets in line with our obligations to the  Paris Climate Agreement;\n               To have Ontario  100% percent powered by clean energy by 2050; and finally;\n                To end the subsidies and handouts to fossil fuel companies, redirecting this money into clean energy solutions.\n"
    },
    "10761": {
        "url": "/comment/10761",
        "comment": "I am greatly concerned that investment in the clean technology sector (jobs, job training, post-secondary programs) is not a top priority for the governing party who has promised economic improvement in Ontario.  This does not signal younger people to invest in the skills, knowledge and perspective needed to pursue profitable and exciting career paths in the clean economy. There is a young generation eager for shared enthusiasm and guidance towards their collective economic contributions. Ontario should be proactive in setting up the next generation for global competitive success in their training paths by championing opportunities for growth in clean jobs today. Our young people need to be poised and ready to take the reigns of our economic future, not try to catch up to other countries who had the foresight to invest early in the clean economy as a priority.  I ask Minister Philips to consider the urgency of a plan that is truly forward-thinking, not regressive, and unless Bill 4 can be amended to include a comprehensive strategy for investment in jobs and the clean economy, I believe it should be rejected.\n"
    },
    "10763": {
        "url": "/comment/10763",
        "comment": "This is the exact opposite of what Ontario should be doing. Rather than dismissing climate change, it should be embraced and efforts made to invest in and improve renewable energies. Do not pass this bill. It will hurt the citizens of Ontario in the long run in so many ways. Our environment and the wellbeing of our people is far more important than lining the pockets of predatory companies taking advantage of our resources. Please do not pass this bill.\n"
    },
    "10764": {
        "url": "/comment/10764",
        "comment": "Bill 4 does not do enough to respond to the urgency of the climate situation. We have a duty to act now and do everything in our power to avoid catastrophic climate change. We must consider the dire outcomes of canceling green energy initiatives and of not limiting pollution. Furthermore, Bill 4 does not provide any specific or credible plan for what policies will be put into place instead in order to curb climate change. Carbon pricing has to be part of the plan to reduce emissions. Please listen to the voices of those who want these policies in place.\n"
    },
    "10765": {
        "url": "/comment/10765",
        "comment": "Dear Sir/Madame,\nI want our Ontario government to commit to a climate change plan to reduce emissions, help individuals and families  save energy and create jobs in Green energy sector.\nI want our Ontario government to put a price on pollution, making polluters pay for their emissions and returning the revenues to the pockets of Ontarians so they can lower their carbon footprint with sensible Green initiatives.\nI want legally binding emissions targets in line with our obligations to the Paris Climate Agreement. There must not be any wavering from this commitment.\nPlease consider these comments seriously. The Ontario government cannot be part of a path of irreparable damage to the lands we call home. Ontario and indeed Canada need to be a beacon of hope for a clean, green future for all our generations to come.\nThank you,\nCarole\n"
    },
    "10766": {
        "url": "/comment/10766",
        "comment": "Dear Hon. Rod Philips,\nMinistry of the Environment, Conservation and Parks.\nRe: Bill 4 Cap and Trade Cancellation Act.2018.\nYour Bill 4, proposal and plan is very vague and has not demonstrated, how you are going  to  implement and enforce, low carbon emissions  levels in Ontario. It is a go as you please policy and we shall decide at a latter date on emission target levels for carbon.\n1. The corporate industrial polluter should pay a tax for their discharge to the atmosphere.\n2. The corporate industrial polluter shall pass on their cost of this tax to the general public, which is a given. This tax shall provide them with an initiative to invest in new  technology to reduce their carbon discharge to the atmosphere. The public share of this carbon tax per person should cost less then a daily cup of coffee.\n3. The State of California the 7 largest economy in the world ,which is considered the most progressive and leading environmental jurisdiction in the USA.  From their studies and public hearings the legislature  passed a cap and trade policy as the best way to reduce carbon emission to the atmosphere.\n4. Your proposed Bill 4 shall be considered regressive to fight a reasonable climate change policy. Your aim is to save tax at the  at the expense of the  health and economy cost to the people of Ontario\n"
    }
}