{
    "5625": {
        "url": "/comment/5625",
        "comment": "I am not an expert on climate change mitigation or adaptation, but it seems pretty obvious that any decision that is made to alter an existing program aimed at doing so must be done using the best available science. That does not appear to be the case with the proposed Bill. It is nothing more than an ill-informed action to dismantle the former government's work. If the science supports the cancellation of the Cap and Trade approach any responsible government would have gone to the people of Ontario with this science and explained the alternative plan they have to address this global challenge to our very way of life.\nCanada is falling farther and farther behind the rest of world in meeting (not meeting) its commitments under international climate agreements to which it is a signatory. There is little leadership on this issue, particularly in Ontario. The current government seems to believe that we can continue as usual with no regard to welfare of future generations.\nThe Ford government campaigned on a platform of increased transparency and accountability. This proposed action does not meet either of those parameters.\nMr. Ford - I remind you that you work for all of the \"people\" of Ontario. Start governing with that in mind.\n"
    },
    "5627": {
        "url": "/comment/5627",
        "comment": "I disagree with this legislation. Not only was cap and trade a functional system that provided net benefits to everyday Canadians, it fulfilled the federal government requirements for a tax on carbon that will otherwise be imposed. Please stop removing our protections and attempts to create a better world and the ability to move forward so you can push your dogmatic agenda grounded in disproved beliefs and misplaced self-assuradeness.\n"
    },
    "5628": {
        "url": "/comment/5628",
        "comment": "With climate change being the biggest threat to our country, both economically and humanitarian, in the future, removal of cap and trade is the wrong direction to go especially with no apparent system to replace it. Carbon taxes and cap&trade fuel innovation as companies look for newer technology and better processes to control their emissions and is part of the reason our steel industry is both cleaner and more profitable than our American counterparts. We need some sort of plan to protect the future or else there may not be one, at least not one people will want to live in.\n"
    },
    "5629": {
        "url": "/comment/5629",
        "comment": "I guess elections have consequences - so I know that this act will go forward but I offer the following regardless of the outcome of this act:\n1. The government saw the cap and trade as just a tax to remove but such a simplistic view is easy to articulate to the public but that doesn't mean that we don't have a real problem with climate change.  Economists widely feel that we have to put a price on carbon.  If we don't then what is the government idea on how to tackle climate change beyond just dismissing it or stating that this is China's, USA's and India's problem?\n2. The current repeal act doesn't really let the public know how this repeal act will effect relationships with California and Quebec concerning not only climate change act legislation or the cap and trade process but trade in general and abilities to advance our climate change tools and technical applications that might be designed and available to use with these two partners?  Have we lost a potential technological advantage that also could effect economic growth and jobs? With NAFTA the way it is going relationships with US states might be also valuable?\n3. There is no mention in the act concerning a timeline for a new climate change plan?  My feeling is the government doesn't see  this as a priority.  I feel the future \"plan\" is really ... the cheque is in the mail?  I not sure we will really see an effective plan but I could be wrong.  The act should place a reasonable timeline on the Minister to table a plan in front of the house or at least a first posting to the EBR.\n4. Compensation for repeal is extensive in this act.  Not sure that the Crown will get off as easy as it wants but I guess we will see what this will cost in the end to those participating currently in the program.  More law suits possibly but the government will have to deal with this and the public eventually will have to pay.\n5. The cost of making the environment paying will delay further our action and future generations will pay in a number of ways from greater storms, changes in biodiversity, loss of options, economic costs, etc.  This government shouldn't pass this act unless they have a viable alternative... I don't see that alternative?????\n"
    },
    "5631": {
        "url": "/comment/5631",
        "comment": "Cap and trade is a step in the right direction towards mitigating the effects of atmospheric carbon. It makes polluters pay, and the generated revenue WAS being used as financial incentive to bringing cleaner, more sustainable energy alternatives into the mainstream marketplace.\nClimate change is our fault. We should be doing all we can to prevent it\nThank You.\n"
    },
    "5632": {
        "url": "/comment/5632",
        "comment": "I am absolutely opposed to the proposal to cancel the Ontario Cap and Trade act, except for ONE condition outlined below.\nClimate change is a most important issue dealing with the long term survival of humankind on the planet.  Without concerted action by EVERYONE, life on earth as we know it will be changed forever.\nSince the initial Kyoto Accord, very little has been done to combat climate change, and the most effective step so far has been taken at the Paris meeting a few years ago.  The current federal government has taken a positive initiative to get all provincial governments in line to doing something toward combating climate change, or impose its own country-wide initiative.  Ontario under the previous government got approval for the current Cap and Trade system as its initial tool.\nThe current government may not agree with this tool, but under NO CIRCUMSTANCES should it be allowed to cancel the Cap and Trade system prior to having received approval at the federal level for a different tool which is at least equivalent in its benefits to climate change to the Cap and Trade system.   The current government's approach is setting Ontario back 30 to 40 years, to the years of inactivity on this file.\nThe government's decision to cancel the Cap and Trade system is based on politics, not science.  It lacks any evidence of any sort.  It is the will of ONE person who has managed to rally an obedient political following.    I would hope that the environmental reviews are objective and can stay above the politics of Mr. Ford.  I further hope that if the decision of the review is to not allow the proposed cancellation, the government will abide by it, not interfere in the decision process or annul the findings through legislation.\n"
    },
    "5633": {
        "url": "/comment/5633",
        "comment": "The cost of cap and trade on my household has been minor especially compared with the increased cost to my home insurance because of floods and wildfires IN OTHER PROVINCES.  We have taken advantage of the \"carrot\" portion of the program to the effect that our hydro costs are no higher than they were seven years ago even though we moved into a larger home.\nWe need to take action to prevent the worsening effects on Climate Change.  I don't want to live in a province where \"we aren't the worst\" is acceptable.  I want to live in a province which aspires to being a leader and encourages innovation in solar, wind, and hydro energy.\n"
    },
    "5635": {
        "url": "/comment/5635",
        "comment": "It is in my estimation that cancelling this policy will cause detriment to the long term ecological and economic health of Ontario. Cancelling the cap and trade program without an alternative carbon capture/sequestration program in place is irresponsible for the government, narrow minded and does not care about the good of the public.\n"
    },
    "5636": {
        "url": "/comment/5636",
        "comment": "The sheer arrogance, selfishness, and/or ignorance showcased here in turning backwards on the issue of climate change is abhorrent.  Our world is dying, and you're fighting against the smallest of moves to try to fix things. All to make money for Doug Ford, the conservatives, and their corporate friends.\nYou ignore the evidence, the scientists, and the people who are shouting because you will all die before we feel the most severe effects of climate change start to hit us all.  You are disgusting, ad this massive step backwards showcases all that you are, and all the conservative governments aims will ever be:\n\"Money over people.  Profit over life.  Me over you.\"\n"
    },
    "5637": {
        "url": "/comment/5637",
        "comment": "The repeal of the Climate Change Mitigation and Low-carbon Economy Act, 2016 is willful ignorance at best, and malicious intent at worst.  The current PC provincial government of Ontario has been silently vocal against their beliefs in climate change thus far. If they have a better act in place that can replace the 2016 Cap and Trade Act and still have an impactful effect on climate change, then I would like to hear it. We can not believe that anything would be set in place to mitigate or fight against the growing fear of climate change if this act is scrapped. If the Ontario government has a plan, I'd like to hear it, otherwise we cannot scrap an act such as this.\n"
    },
    "5639": {
        "url": "/comment/5639",
        "comment": "I oppose the government\u2019s proposal; Bill 4: Cap and Trade Cancellation Act, 2018. The proposal is weak in terms of accountability to the people of Ontario and improving our environment. There are a number of areas in the proposed Bill where important pieces of information are vague and are left to be prescribed in regulation, at which time the government can do anything it wants without consulting Ontarians. For example, section 3(1) \u201cThe Government shall establish targets for the reduction of greenhouse gas emissions in Ontario and may revise targets from time to time.\u201d The lack of commitment to a revision period allows the government to be less accountable to the people of Ontario. What is \u2018time to time\u2019? The same can be said for section 4(1) referring to a climate change plan prepared by the Minister which may be revised \u201cfrom time to time.\u201d In addition, although public notice of these targets and the climate change plan are mentioned in section 3(2) and 4(3), there is no mention of consulting the public on these targets.  Regarding progress reports on Ontario\u2019s climate change plan and progress to combat greenhouse gas emissions, \u201cthe Minister shall, on a regular basis, prepare reports in respect of the climate change plan\u201d as set out in 5(1). Don\u2019t you think the people of Ontario want a say in what topics the Minister should be reporting back to the public and how often they hear about progress? That is the only way Ontarians can be confident in the safety measures and progress made on the quality of their air, water, and ground. The proposal lacks any real information, and quite frankly, is doing an injustice to Ontarians. It just scraps what Ontarians had been consulted on by the previous government, and like every other proposed Bill going forward in the Premier\u2019s short term of office, the Premier is demonstrating his ability to \u201cgo rogue\u201d and do whatever he wants, where his interests lie. Of course the expected response to this would be that the Premier is fulfilling campaign promises. But when you advocate for scraping an evidence-based, detailed, and accountable climate change plan by framing it to Ontarians as saving money at the pump.. of course they will want that because you\u2019re misinforming them and withholding important details about what this means longer term. The proposed Bill even barres any proceedings against the Crown. So not only are you, the government, telling Ontarians you can do whatever you want, you're also telling them that the court of law cannot be relied upon to remedy any issues or hold the government accountable. You are saying the government is above the law. This proposal will cost taxpayers more at the end of the day; it is causing a mess.\n"
    },
    "5640": {
        "url": "/comment/5640",
        "comment": "Climate change is a very real and pressing problem for not only Ontario, but for the world. Legislation that hampers our ability to not only mitigate the release of additional greenhouse gasses that are the leading cause of climate change through a financial framework but that also generates funds that support innovation in the climate change sector is dangerously short-sighted.\nI would like to register my STRONG opposition to this piece of legislation. Cap and trade has been proven to work to lower greenhouse gas emissions AND to generate the funding we need to retrofit buildings, pay for research, and innovate in this sector.\n"
    },
    "5641": {
        "url": "/comment/5641",
        "comment": "Introducing a bill to cancel the Ontario carbon cap and trade program without announcing an alternative carbon pricing program is totally unacceptable. On September 10th, the Secretary-General of the United Nations gave a speech in which he stated that climate change poses an existential threat to humanity and unless significant steps are taken to reduce carbon emissions by 2020 it may be too late to prevent the worst impacts (see link below).\nThe vast majority of economists agree that putting a price on carbon pollution is an essential component of an overall climate change strategy. If the current government opposes cap and trade and carbon taxes, it should consider co-opting the Green Party's proposed carbon fee and dividend program. The carbon fee is not a tax, all the revenue from the collected fees would be given back to Ontario families (revenue neutral) and it would meet the Federal government's requirement for carbon pricing.\nFuture generations of Ontarians depend on the Ontario government joining the worldwide effort to combat climate change. Don't let them down.\n"
    },
    "5642": {
        "url": "/comment/5642",
        "comment": "Cap and trade is not my preferred method for reducing carbon emissions. I prefer a predictably-increasing carbon tax that is imposed on all sectors. However, a carbon tax has proven to be politically unpalatable. Given the clear need for greenhouse gas (GHG) emission reductions, the established cap and trade system is a reasonable mechanism that I support. There will be considerable cost and disruption to ending this system, regardless of what policy replaces it. Industry values stability in the rules. How can they plan for the next few years if carbon pricing is not clearly articulated by the government? By ending the cap and trade system, this government would create uncertainty that is not good for businesses, industry, or meeting our environmental needs and commitments. Moreover, the cap and trade system is connected with other major North American economies, Quebec and California, with whom Ontario has a great deal in common. It is highly desirable for Ontario to act on climate change in a coordinated way with out nation and international partners. I urge the Government of Ontario to continue its cap and trade system.\n"
    },
    "5643": {
        "url": "/comment/5643",
        "comment": "Cancelling Cap and Trade is ill thought out and dangerous. It will not, as the government promises, have much effect on gas prices and it signals Ontario is open for polluters to destroy our environment for profit. Cap and Trade and all the associated programs are good for Ontario. If nothing else,the PC government should be exploring carbon tax and dividend.\n"
    },
    "5644": {
        "url": "/comment/5644",
        "comment": "I like cap and trade. It helps the environment and makes the polluters pay. I knew ultimately consumers pay but at least we have a choice. This may help spur corporations to do more research and development on new ways of manufacturing and packaging. California, BC and Quebec are proof it works. Why would the government be so stupid as to get rid of something that helps the environment and economy both?\n"
    },
    "5646": {
        "url": "/comment/5646",
        "comment": "Climate change is the foremost issue of our time, with long-term ramifications towards the very habitability of the planet. Cancelling cap and trade without the introduction of any replacement policy for dealing with carbon emissions continues a pattern of inaction and denial that will negatively impact Ontarians for generations. The science is clear, and we are already beginning to see the results in extreme weather conditions, ocean acidification, and more. Each government that passes the buck is complicit.\nKeep cap and trade.\n"
    },
    "5647": {
        "url": "/comment/5647",
        "comment": "To deal politically with a phenomenon as large and unprecedented as climate change is not an easy task.  To abdicate responsibility as a political party or member is utterly unconscionable. The error of your ways will not survive any kind of transparent scrutiny.  Let's hope your policies and the speed with which effects of climate chaos are becoming apparent don't all get devoured in fires, hurricanes or floods. Please exercise intelligence and insight and concern for future generations.\n"
    }
}