{
    "8981": {
        "url": "/comment/8981",
        "comment": "Representing clean technology companies in the Ontario economy, we have seen the positive economic impact clean technology companies have had on Ontario\u2019s economy as well as their environmental impact. The estimated 5,000 clean technology companies in the Province spread their economic impact across the province; form the Southern Ontario and the GTA to the northern reaches of the province. These clean technology companies employ hundreds of thousands of people and provide strong base of revenue for Ontario via taxes.\nBill 4, Cap and Trade Cancellation Act, has the potential to stall the positive progress of reducing GHGs, one measure of environmental impact, while also harming the companies producing those technologies which were to be implemented to reduce GHGs.\nShould be Bill, be passed, we would submit for consideration that this is an opportunity to view clean technologies as an economic driver no matter what impact they focus on. GHG reduction is one of many vital aspects of clean technology and sustainability that are being addressed in Ontario, but it remains that it is only one of the many facets of clean technology. The opportunity for the Ontario government is to develop programming that encompasses other aspects; Energy Storage, Air and Environment, Remediation, Bioenergy/biofuels, Biomaterial, Energy Efficiency, Agriculture, Transportation, Green Chemistry to name a few.\nBill 4, beyond winding down of the Cap and Trade Program,  must focus on advancing the implementation of clean technology across all aspects of the clean technology universe, and also ensure there are long-term science-based emission budgets consistent with the Paris Agreement as well as other measures focused on other sustainability technologies (e.g. biomaterials and Agriculture), a legal obligation to stay within those budgets and measures, and a credible, transparent reporting of Ontario\u2019s progress as a leader in environmental stewardship, sustainability, and the economic growth that comes with being a leader in sustainability technologies!\nClean technology can and does have significant environmental impact across industries. We hope that the Ontario government will take this opportunity to widen the lens, encompassing other aspects of clean technology that mitigate other environmental impacts.\n"
    },
    "8982": {
        "url": "/comment/8982",
        "comment": "Environmentalists, Conservationists and the majority of the scientific community most familiar with the intricate biosystems of our planet realize that oil, although it is the most compact, versatile and exploitable form of energy known to man, is also a finite resource and is extremely damaging to the environment causing multiple long term detrimental consequences to the entire global ecosystem the greatest of which today is increasing atmospheric CO2.\nIt is, therefore, necessary to transition our energy supply from continued dependency on fossil fuels to cleaner forms of power generation wherever possible.\nThe continued dependency on burning carbon resources as a fuel is a wasteful and foolish use of a very valuable raw material for multiple current, and future expanding technologies.\nThe shift to large and small scale Wind, Solar, Geothermal, Tidal, Hydro-electric, Biofuels and the implementation of smart grid systems are all necessary; but a large portion of reducing our dependence on all fossil fuels will be from conservation and efficiency via the elimination of the vast amount of energy currently wasted.\n***\nThis is not flipping a switch! The transition to clean energy will be a long-term complicated process that takes initiative and action on many fronts and will require the efforts of individuals and communities as well as nations to make the necessary changes and adaptations required over the next several decades.\nIt is about recognizing the problems that are a threat to civilized society and taking the short term AND long term actions required to deal with them based on the preponderance of available evidence and technologies past, present, and future instead of clinging to faith in the failing status quo.\n"
    },
    "8984": {
        "url": "/comment/8984",
        "comment": "I am totally against cancellation of Cap and Trade.  Global warming is a scientifically proven fact that is not magically going to go away.  All countries must take measures to reduce greenhouse gas emissions.  At the moment Canada is not meeting targets that have been set and cancelling Cap and Trade is a step in the wrong direction.\nWhile I am old enough that I will not live to see the extreme consequences of global warming, I am committed enough that I do not mind seeing increased tax dollars going towards efforts tot reduce GHG's.  No matter which party is in power in industrialized countries ,the leaders of that country should follow a common world wide goal to slow down global warming.\n"
    },
    "8986": {
        "url": "/comment/8986",
        "comment": "-I want a real climate change plan to reduce emissions, help people save energy and create jobs in the $26 trillion clean economy.\n-I want Ontario to put a price on pollution, making polluters pay for their emissions and returning the revenues to the pockets of Ontarians so they can lower their carbon footprint.\n-I want legally binding emissions targets in line with our obligations to the Paris Climate Agreement.\n-I want Ontario to end subsidies and handouts for fossil fuel companies and redirect this money to clean energy solutions.\n"
    },
    "8987": {
        "url": "/comment/8987",
        "comment": "I want a REAL climate change plan to reduce emissions, help people save energy and create jobs in the $26 trillion clean economy. Green energy not only provides hundreds of jobs but is necessary to halting the drastic and devastating effects of climate change. I want legally binding emissions targets in line with our obligations to the Paris Climate Agreement. I want Ontario to be 100% powered by clean energy by 2050. We need to take dramatic steps FORWARD not BACKWARD!\n"
    },
    "8989": {
        "url": "/comment/8989",
        "comment": "Please be responsible about winding down the Cap and Trade program.\nBy ending the program now, instead of at the end of the next compliance period (2020 year-end), The Ontario Government could face legal action by non-governmental organizations and companies which have already bought emissions credits [1]. Further, ending the program now would result in the Federal government imposing its own carbon tax on Ontario starting in 2019, unless the province's legal challenge on this is successful. The Ontario government has allocated only $5 million to compensate the ~$1 billion in emissions credits companies already paid for.  Therefore, will companies \"double-pay\" for their emissions in 2019 and 2020?\nWaiting until the end of the next compliance period to cancel the Cap and Trade program will:\n- Allow the Ontario government to make a more informed choice by waiting for the conclusion of the legal challenge to the Federal government\n- Give businesses more time to prepare for the Federal carbon tax, if it is implemented.\n- Lower the chance of companies initiating legal action for purchasing invalidated emissions credits\n- Save the Ontario government from reimbursing companies for their purchase of invalidated emissions credits\n- Save Ontario consumers from paying the Federal carbon tax in 2019 and 2020\nSudden cancellation of the Cap and Trade program will likely cause greater harm to Ontario businesses, consumers, and the Ontario Government's finances.\n[1] https://www.mccarthy.ca/en/insights/blogs/canadian-era-perspectives/lov\u2026\n"
    },
    "8993": {
        "url": "/comment/8993",
        "comment": "Hello there, here are my comments\nThere needs to be a real climate change plan to reduce emissions, help people save energy and create jobs in the $26 trillion clean economy.\nOntario needs to put a price on pollution, making polluters pay for their emissions and returning the revenues to the pockets of Ontarians so they can lower their carbon footprint.\nWe need legally binding emissions targets in line with our obligations to the Paris Climate Agreement.\nI want Ontario be 100% powered by renewable energy including water power from Quebec.\nI want Ontario to end subsidies and handouts for fossil fuel companies and redirect this money to clean energy solutions.\nThanks for reading this\n"
    },
    "8994": {
        "url": "/comment/8994",
        "comment": "The cap and trade program is an important step in fighting climate change.  The government has a duty to protect its citizens from future and present threats.  The green programs the government is ending have been shown to provide jobs and positive impacts on the environment so should be upheld until more stringent effective measures can be implemented.\n"
    },
    "8995": {
        "url": "/comment/8995",
        "comment": "The latest IPCC report, created by hundreds of scientists from across the world, was recently released. This report shows definitively that disastrous warming of 1.5 C above pre-industrial levels will occur as early as 2030. This will have significant catastrophic effects, including mass migration due to regions of the earth becoming inhospitable and millions of deaths worldwide. Thankfully, we know a way to circumvent this dire outcome: carbon taxation. This idea is literally Nobel prize-winning! The two economists who won the prize this year did so by showing that the transition to a green economy will create jobs and generate wealth, all the while protecting us from a warming Earth. Integral to their work is the idea that pricing carbon emissions will be an essential part of the transition to this kind of economy.\nCarbon taxation makes sense. It can create wealth and prosperity; we have already seen this with the cap-and-trade system. Though it was short-lived, it brought in significant revenue for the province. I urge you as a citizen of this province and as someone who still has decades of life left to continue with the cap-and-trade system. Be a part of the solution, don't continue with the dangerous status quo.\n"
    },
    "8997": {
        "url": "/comment/8997",
        "comment": "This is outrageous. A price on carbon is needed as part of a holistic approach to migitagating climate change. The new IPPC report has all the info. Read it.\nAs a taxpayer and mother, I implore you to do the right thing and start taking the environment seriously.\nCap and trade and Green initiatives are a must for any responsible government!\n"
    },
    "8998": {
        "url": "/comment/8998",
        "comment": "Please do not cancel cap and trade. I am a recent graduate of an environmental management program in Ontario and have studied various mechanisms for carbon regulation, and feel cap and trade is effective given the alternatives. I do not feel Ontario will be able to meaningfully advance our provincial commitments to reducing our carbon emissions without cap and trade, as we are already struggling. I believe we need more aggressive carbon mitigation policies, and government regulation in the form of taxation through cap and trade is necessary. Ontario needs to remain vigilant with reducing our carbon emissions to ensure a healthy environment for our generation and the ones to come. Our economy, and more widely society, depends on this. Thank you for your consideration.\n"
    },
    "8999": {
        "url": "/comment/8999",
        "comment": "Dear Ford Government,\nExtremely disappointed in the cancelling of cap and trade, a program which helps to curb carbon emissions, as well as directing provincial funding to much needed service and infrastructure updates throughout the province.\nThe Ford government platform claimed to speak to a balanced budget, yet how will this be accomplished through the cancelling of this major revenue stream? You are harming all Ontarians, particularly are most vulnerable communities including women, children, and people of colour. Individuals who rely on the revenue generated to fund low income housing development. Not to mention the devastating impacts to the environment.\nHow will Ontario combat climate change? How will Ontario LOWER the number of cars on the road while increasing public transit infrastructure?\n"
    },
    "9001": {
        "url": "/comment/9001",
        "comment": "I think it is absolutely necessary to keep in place these measures that help us control our impact on the environment. I want Ontario to put a price on pollution, so the average citizen can understand the ultimate price it has on our planet and our lives. Polluters should pay for their emissions, and that money should go back into the pockets of Ontarians so they can lower their carbon footprint. I want legally binding emissions targets in line with our obligations to the Paris Climate Agreement. The environment should be thought about in every single decision we make. I want Ontario to be 100% powered by clean energy by 2050. I want Ontario to end subsidies and handouts for fossil fuel companies, and redirect the money to clean energy solutions. Companies should be held liable and responsible for the waste they produce, and mandated to become clean. Environment plans provide jobs for citizens, help build a better province, and save trillions of dollars in the long run.\n"
    },
    "9002": {
        "url": "/comment/9002",
        "comment": "A new agreement needs to be thought up before ending an old one. Climate change is real whether some choose to deny or not. Given a horrific track record by the PC party in the Environmental realm citizens who believe the environment is essential to life (it is and no silly politician can argue that one) have no choice but to ensure the current government in charge actually has intention on fighting climate change thus this cannot be supported as the current government cannot be trusted.\n"
    }
}