{
    "6770": {
        "url": "/comment/6770",
        "comment": "Why are we turning our back on the responsibility we have to future generations regarding climate change?\nIt sounds like it is to save money in the short term for the people who contribute to the problem.\nThese actions will be judged very poorly in the future.\nVery shortsighted and gready to not do what we can afford to do for the planet.\nVery sad.\n"
    },
    "6772": {
        "url": "/comment/6772",
        "comment": "I want a real climate change plan to reduce emissions, help people save energy and create jobs in the $26 trillion clean economy.\nI want Ontario to put a price on pollution, making polluters pay for their emissions and returning the revenues to the pockets of Ontarians so they can lower their carbon footprint.\nI want legally binding emissions targets in line with our obligations to the Paris Climate Agreement.\nI want Ontario to be 100% powered by clean energy by 2050\nI want Ontario to end subsidies and handouts for fossil fuel companies and redirect this money to clean energy solutions.\n"
    },
    "6773": {
        "url": "/comment/6773",
        "comment": "I am very disturbed with this proposed  Flintstones' bill.  I want a real climate change plan to reduce emissions, help people save energy and create jobs in the $26 trillion clean economy.\nI want Ontario to put a price on pollution, making polluters pay for their emissions and returning the revenues to the pockets of Ontarians so they can lower their carbon footprint.\nI want legally binding emissions targets in line with our obligations to the Paris Climate Agreement.\nI want Ontario to be 100% powered by clean energy by 2050\nI want Ontario to end subsidies and handouts for fossil fuel companies and redirect this money to clean energy solutions.\n"
    },
    "6774": {
        "url": "/comment/6774",
        "comment": "I want Ontario to put a price on pollution, making polluters pay for their emissions and returning the revenues to the pockets of Ontarians so they can lower their carbon footprint.\n"
    },
    "6776": {
        "url": "/comment/6776",
        "comment": "I want a real climate change plan to reduce emissions, help people save energy and create jobs in the $26 trillion clean economy.\nI want Ontario to put a price on pollution, making polluters pay for their emissions and returning the revenues to the pockets of Ontarians so they can lower their carbon footprint.\nI want legally binding emissions targets in line with our obligations to the Paris Climate Agreement.\nI want Ontario to be 100% powered by clean energy by 2030\nI want Ontario to end subsidies and handouts for fossil fuel companies and redirect this money to clean energy solutions.\n"
    },
    "6777": {
        "url": "/comment/6777",
        "comment": "Our future and our children's future and the future of generations to come are all tied to our environment.  It is therefore essential that the Province of Ontario has a meaningful policy which mitigates climate change and harm to our environment.\nVoluntary measures will simply not do.  As the saying goes, \"no pain, no gain\".  What on this earth is achieved without some degree of sacrifice?  Thus, if you are indeed \"for the people\" you should expect that these people will recognize that a price has to be paid in some way, shape or form for pollution, including carbon.\nI, and millions of other Ontario citizens, expect leadership from our government in reacting to the threat of climate change.  Do the right thing, follow the evidence, and place a price on polluters, which can then be rebated back to our citizens.  That would take leadership and be truly acting \"for the people\".  Are you up to the challenge?\n"
    },
    "6778": {
        "url": "/comment/6778",
        "comment": "\u2022\tI want Ontario to put a price on pollution, making polluters pay for their emissions and returning the revenues to the pockets of Ontarians so they can lower their carbon footprint.\n\u2022\tI want legally binding emissions targets in line with our obligations to the Paris Climate Agreement.\n\u2022\tI want Ontario to be 100% powered by clean energy by 2060\n\u2022\tI want Ontario to end subsidies and handouts for fossil fuel companies and redirect this money to clean energy solutions\n"
    },
    "6780": {
        "url": "/comment/6780",
        "comment": "-I want a real climate change plan to reduce emissions, help people save energy and create jobs in the $26 trillion clean economy.\n   - I want Ontario to put a price on pollution, making polluters pay for their emissions and returning the revenues to the pockets of Ontarians so they can lower their carbon footprint.\n  -  I want legally binding emissions targets in line with our obligations to the Paris Climate Agreement.\n   - I want Ontario to be 100% powered by clean energy by 2050\n  -  I want Ontario to end subsidies and handouts for fossil fuel companies and redirect this money to clean energy solutions.\n"
    },
    "6781": {
        "url": "/comment/6781",
        "comment": "I want a real climate change plan to reduce emissions, help people save energy and create jobs in the $26 trillion clean economy.\nI want Ontario to put a price on pollution, making polluters pay for their emissions and returning the revenues to the pockets of Ontarians so they can lower their carbon footprint.\nI want legally binding emissions targets in line with our obligations to the Paris Climate Agreement.\nI want Ontario to be 100% powered by clean energy by 2050\nI want Ontario to end subsidies and handouts for fossil fuel companies and redirect this money to clean energy solutions.\n"
    },
    "6783": {
        "url": "/comment/6783",
        "comment": "I want a real climate change plan to reduce emissions, help people save energy and create jobs in the $26 trillion clean economy.\nI want Ontario to put a price on pollution, making polluters pay for their emissions and returning the revenues to the pockets of Ontarians so they can lower their carbon footprint.\nI want legally binding emissions targets in line with our obligations to the Paris Climate Agreement.\nI want Ontario to be 100% powered by clean energy by 2050\nI want Ontario to end subsidies and handouts for fossil fuel companies and redirect this money to clean energy solutions.\n"
    },
    "6784": {
        "url": "/comment/6784",
        "comment": "Dear ERO,\nCanadians want:\n1)  A real climate change plan to reduce emissions, help people save energy and create jobs in the $26 trillion clean economy.\n 2)  Ontario to put a price on pollution, making polluters pay for their emissions and returning the revenues to the pockets of      3)Ontarians so they can lower their carbon footprint.\n4)Legally binding emissions targets in line with our obligations to the Paris Climate Agreement.\n5)Ontario to be 100% powered by clean energy by 20\n6)Ontario to end subsidies and handouts for fossil fuel companies and redirect this money to clean energy solutions.\n"
    },
    "6785": {
        "url": "/comment/6785",
        "comment": "I am writing this just as the most knowledgeable scientists are concluding (at a meeting in Korea) that keeping global temperature rise to1.5C limit cannot be achieved as it would take reducing emissions by 40%!! in 10-15!! years; while at the same time the US and now Ontario commit to further increasing emissions (by opposing renewable energy among others).\nThe Ford government received NO mandate to dismantle policies aimed at the threat of climate change. Ignoring reality when making public policy creates threats to the society. Ontario government members who support anti-climate change actions will regret it but it will be too late; and who will help the people then suffering the most? When will this government start acting to protect Ontarians, now living and yet to be born; or is this not a consideration any more when making government policies?\n"
    },
    "6786": {
        "url": "/comment/6786",
        "comment": "I am disgusted and alarmed by the premier's actions in regards to the environment and climate change.  In light of California's success with the same program, the premiers cancellation of the emissions program without any sort of plan to replace it is irresponsible and short sighted.  Not leadership qualities.\nI want a real climate change plan to reduce emissions, help people save energy and create jobs in the $26 trillion clean economy.\nI want Ontario to put a price on pollution, making polluters pay for their emissions and returning the revenues to the pockets of Ontarians so they can lower their carbon footprint.\nI want legally binding emissions targets in line with our obligations to the Paris Climate Agreement.\nI want Ontario to be 100% powered by clean energy by 2050.\nI want Ontario to end subsidies and handouts for fossil fuel companies and redirect this money to clean energy solutions.\nI want to live in a province that is part of a solution to the most pressing concern of our times, not one whose 'leader' rushes us towards environmental implosion.  This is not leadership.  It's criminal.\n"
    },
    "6788": {
        "url": "/comment/6788",
        "comment": "Please do not push forward this legislation without a real plan to reduce our province's carbon emissions. The issue of climate change should not be political and our window of opportunity to act and make the right decision is small. Please keep a price on carbon, this is a proven method to reduce our emissions. Please do not sell our future of a healthy province with green jobs, and clean energy production for a few cents at the gas pumps or a few cents on our energy bills. Please act now to reduce our province's carbon emissions with proven solutions and challenge the people of Ontario to do the same.\n"
    },
    "6789": {
        "url": "/comment/6789",
        "comment": "When the weather suddenly warmed up mid winter this year, a tree in my front yard started letting the sap run to the branches from the roots. When it suddenly cooled down again the tree died. It was explained to me like blood vessels breaking. The person who explained this to me worked at the nursery where we bought the tree several years ago. My fear is by doing nothing to stop the use of fossil fuels and even worse, encourage it's consumption is potentially opening the doors for the end of sustainable human existence. Greed, ignorance and corruption are the only things standing in the way of human progress. Please think about the future beyond the next few years.\n"
    }
}