{
    "7579": {
        "url": "/comment/7579",
        "comment": "I want a real climate change plan to reduce emissions, help people save energy and create jobs in the $26 trillion clean economy.\nI want Ontario to put a price on pollution, making polluters pay for their emissions and returning the revenues to the pockets of Ontarians so they can lower their carbon footprint.\nI want legally binding emissions targets in line with our obligations to the Paris Climate Agreement.\nI want Ontario to be 100% powered by clean energy by 2050\nI want Ontario to end subsidies and handouts for fossil fuel companies and redirect this money to clean energy solutions.\n"
    },
    "7580": {
        "url": "/comment/7580",
        "comment": "Very disappointing that our current provincial government seems to lack any meaningful respect for our earth and it's environment.\nI want legally binding emissions targets in line with our obligations to the Paris Climate Agreement.\nIf the current government cannot or refuses to sufficiently work towards meeting these targets then they should step down, call another election, and let another party that is willing to take on the job of governing Ontario properly.\nThanks you.\n"
    },
    "7581": {
        "url": "/comment/7581",
        "comment": "The economic future of the world resides in green energy solutions.  This is very poor government policy, short sighted, reactionary and destructive; not worthy of a prosperous developed jurisdiction which should care about the future of its citizens,  their children and the environment and be forward thinking.  Quite shameful.\n"
    },
    "7584": {
        "url": "/comment/7584",
        "comment": "Calendar\nWeb\nmore\nAction Required: Reject Ford's Climate Cancellation Bill\nG\nGreen Action Team\nto me\n11 hours agoDetails\n Green Party of Ontario Logo\nDear Roger,\nWe need your help to stop Doug Ford from dragging us backwards on climate change.\nThe Premier took a day off from Queen's Park today to join rallies in Alberta and Saskatchewan against pollution pricing. That's right. Instead of working on a climate plan, he is joining other provinces to obstruct climate action.\nDoug Ford did not win a mandate to turn us into the country's worst climate offender.\nIf Bill 4 passes, it will eliminate the only climate policy we have. It will cancel pollution pricing. It will erase emissions targets. It will scrap all funding for energy saving solutions.\nAnd worse yet, the Minister of Environment tried to break the law by not even asking the public before making these environmental changes.\nFinally, under pressure, the PC government opened a public consultation on Bill 4.\nSo we have until October 11 to tell Premier Ford that we reject his climate cancellation bill.\nWe need everyone who cares about the future of our planet to take part in this consultation and demand a real climate plan.\nWe must do this for the people whose lives have already been affected by the floods, fires and storms that are exacerbated by climate change.\nClick here to make a submission. Here are some suggestions of what to say:\nI want a real climate change plan to reduce emissions, help people save energy and create jobs in the $26 trillion clean economy.\nI want Ontario to put a price on pollution, making polluters pay for their emissions and returning the revenues to the pockets of Ontarians so they can lower their carbon footprint.\nI want legally binding emissions targets in line with our obligations to the Paris Climate Agreement.\nI want Ontario to be 100% powered by clean energy by 2050\nI want Ontario to end subsidies and handouts for fossil fuel companies and redirect this money to clean energy solutions.\n"
    },
    "7585": {
        "url": "/comment/7585",
        "comment": "A Comment about Rejecting this Act and Moving toward a more Environmentally Conscious Future\n    I want a real climate change plan to reduce emissions, mitigate harmful energy sources by-products and create jobs in the $26 trillion clean economy.\n    I want Ontario to put a price on pollution, making polluters pay for their emissions and returning the revenues to the pockets of Ontarians so they can lower their carbon footprint.\n    I want Ontario to be 100% powered by clean energy by 2060.\n    I want Ontario to end subsidies and handouts for fossil fuel companies and redirect this money to clean energy solutions.\n"
    },
    "7586": {
        "url": "/comment/7586",
        "comment": "This cancellation is a terrible move for environmental and economic reasons. The money from this program was supporting other important provincial programs that contributed to our high quality of life. Cancelling it created a budget crisis used to solve a problem of your own making with further cuts. It also told manufacturers that they can pollute as much as they want. This is the wrong message in this day and age. Save the money that you\u2019ll have to use fighting the federal govt and put it back into this program.\n"
    },
    "7587": {
        "url": "/comment/7587",
        "comment": "Thank you for the opportunity to comment on Bill 4. We feel that repealing the, \"Climate Change Mitigation & Low-carbon Economy Act\" of 2016 or the \"Cap & Trade\" program, would be the most irresponsible action that the Ontario PC government could take at this point in our history. Climate Change is real and Premier Ford, much like President Trump, is in the category of 'Climate Change deniers,' a very insulting position for them to take in the eyes of the international scientific community -- and towards the general public who clearly do not all understand the serious consequences of uncontrolled Climate Change. The only humane political move right now would be to increase the number of Climate Change controlling policies/acts/plans in order to mitigate the life-threatening impacts of our changing climate -- which we are already beginning to witness around the world. Therefore, we do not want Bill 4 to pass -- it should be stopped to save Ontario a great deal of embarrassment and a failing economic future.\nI have had a career in environmental science including post-graduate studies since the late 1980's and have watched our climate become more unpredictable and risky for humans and all life forms on our planet.  Hurricane Katrina was a predicted event many years before it occurred as have many climate-related changes have been -- science works. Internationally, scientists are predicting a much harsher future that may threaten our very existence, and this may happen in a much shorter time period than currently predicted too. Science does not provide all the answers but internationally, those who have the educational knowledge and are qualified to make the best predictions of what Climate Change is bringing to our doorsteps, should be taken very seriously. Clearly this PC government is not informed well enough to make decisions like \"Bill 4\" on behalf of the residents of Ontario. I believe that our lives will be threatened around the globe at a pace that we do not want to test in this manner, so Bill 4 should not pass.\nI believe that Hurricane Sandy was a tease of the damage that Climate Change will bring to New York City and other major coastal cities in Eastern North America because science has predicted this as well. The weather pattern we are currently experiencing in Canada today (Oct. 5, 2018) is a creature that has only been seen once before in our nation's history, in 2010. Extreme temperatures of warm in the East and cold in the West are so strange that we have 'unknowns' in our forecasts. What we do know however, is that there is a good possibility that any weather event resulting from this system along the warm/cold colliding boundary area could be worse than previously experienced. Furthermore, we have no idea of how fast weather events are going to worsen across the globe -- only that they definitely will.\nConsequentially, ending any policy that is making a difference to mitigate the proven negative impacts of Climate Change is the most irresponsible move a politician could make in this fragile world's current predicament. Premier Doug Ford is playing with lives of the poorest people in the world who have the least recourse to tackle these major problems. Premier Ford should be keeping all environmental, green or Climate Change plans in place and simply improve upon them -- it makes absolutely no sense to go backwards. Moving the wrong direction at this critical time could eliminate any chance that we have to limit the negative impacts of Climate Change enough to allow our own survival on this Earth. It is not debatable.\nTherefore, we request that Premier Ford keep the Climate Change Mitigation & Low-carbon Economy Act of 2016/ the Cap & Trade system all in place. Since our Premier is a type of Climate Change denier, we do not trust him to formulate a better plan of his own. He has already dismantled green initiatives and threatened to develop the Oak Ridges Moraine that is critical to ensuring the Toronto area has a source of clean water into the future. Clearly Premier Ford does not have the knowledge to make these kinds of decisions. We feel that it should not be left up to him due the life-threatening nature of Climate Change. Premier Ford seems unable to make an effective and positive decision regarding our weather-related future.\nCanada in general is lagging behind many other countries when it comes to our 'green' economy -- an almost $30 trillion dollar industry. We are afraid that Canada's economy will fail in the future as Climate Change progresses because we will be one of the most ill-equipped countries to handle the weather disasters that will befall us. We are not meeting our Paris Climate Agreements because our Prime Minister is more interested in building pipelines than supporting beneficial new green industries. We want Ontario to do our best to set an example for the Federal government, and become a user of 100% clean energy sources at least by 2050 but the earlier the better (we should aim for 2030 because we are so far behind already!). We need to make polluters pay if they are not willing to find a better way to run their industries, and most obviously right now -- we plead for governments at all levels to stop subsidizing or helping fossil fuel companies that are a threat to our future. We are insulted that our taxpayer's dollars are still being used to support an already rich industry with far too much power in this life-threatening struggle. Oil and Gas industries are out-of-date and we have to move away from our reliance on them. We need to transfer all money used to subsidize oil & gas companies into new clean energy company 'heroes', and the research to support them. This would make our province and country a leader in the next obvious lucrative economy sector -- clean energy.\nPrivate people and public organizations are both increasingly moving their investments towards companies offering cleaner energy solutions. Our family has already done this but our political leaders need to climb on board and support us -- we will fail in our effort to limit the impacts of Climate Change if all of our governments don't start taking this matter more seriously. We are embarrassed that Canada claimed to be a green \"leader\" at the Paris Climate talks because we are now dishonest people in the eyes of the international community. This could also easily present a risk to our lives in other ways, like increasing our chances of becoming a target for worse terrorism, like we've seen happen in the USA. We are wasters who consume far too many resources for the world to cope with -- it is disgraceful that the behavior of Canadians has become one of the biggest problems in the world today. We are trying very hard at home in our daily lives to be responsible and hopefully lessen the impacts of Climate Change but it will all be for not if people like Premier Ford don't support us -- and even work against any positive outcome! He insults our intelligence and threatens the future of our great province by blatantly ignoring that Climate Change is even a threat. Please tell him to start helping by keeping all green policies & acts in place -- do not cut any program that is helping to mitigate, please!\nWe all need to reduce our carbon footprint on this planet if our species is to survive in a manageable world. Oil and gas companies, and sadly our politicians, make many excuses for planning new pipelines and increasing their production but we all know that money is what drives their actions. Too many people still think that without these dirty fuel industries that we cannot be prosperous. We believe the obvious opposite -- the future cannot sustain the oil & gas industry and we will fall far behind economically compared to countries that are already getting 30% or more of their energy from cleaner sources. Ontario needs to be a leader to the rest of our nation or economic failure is very likely to befall our province and country. We want Ontario and Canada to succeed and be the leaders that we promised to be at the Paris Climate Summit. Our political leaders can't stop lying to us and the world -- but when are they going to realize this? We know our politicians are not doing what we elected them to do -- improve things and take Climate Change seriously. We need their help.\nOntario is already missing out on economic gains in the green sector. Being the last to take this seriously may leave us unable to catch-up at all, and at the mercy of many larger companies that have already captured the market for green energy. Premier Ford says he will create a new Climate Change Plan but if he was serious about this at all, he would have had a new program designed and campaigned using that plan. We definitely have no faith in Premier Doug Ford to get us back on track. We feel he is desperately dragging his feet on Climate Change and all 'green' policy/acts/plans because he is not educated well enough to understand Climate Change and therefore, is not qualified to design a more effective plan than what was in place. There has to be a will to succeed before we can mitigate Climate Change impacts effectively but this Ontario government does not have the will -- or even a plan. It is already too late to start over. It just makes no sense.\nIt's very disheartening to see our province and country declining economically, internationally, and morally because of science deniers and the obvious power that the oil and gas sector must have over our politicians. Money continues to talk while the world including all Ontarians, will continue to suffer increasingly due to uncontrolled Climate Change. We fear for our children's future as they will undoubtedly be facing much worse environmental disasters than those making poor Climate Change decisions today will ever know.\nWe ask that you please refuse Bill 4 and rescue our province from a disgraceful reputation and a more dangerous future. Keep all  programs in Ontario that help to mitigate the already oncoming negative Climate Change impacts. With all sincerity, we do not condone our political leaders' actions that irresponsibly ignore the most serious threat to our lives today -- Climate Change.\n"
    },
    "7588": {
        "url": "/comment/7588",
        "comment": "When it comes to climate change I want Ontario to be a world leader in developing business opportunities for finding viable solutions for the problems it poses. I want Ontario to be 100% powered by clean energy by 2050. I want Ontario to put a price on pollution, making polluters pay for their emissions. I want the revenues returned to the pockets of Ontarians so we can lower our carbon footprint. I want Ontario to be a leader in providing education to all sectors of business, to schools, and to people leading everyday lives so that we know how seriously climate change will affect our future - indeed, so that there will be a viable, healthy future for coming generations. Ignoring climate change is foolish. Why is the current Ontario government pretending that there is no urgency?\n"
    },
    "7590": {
        "url": "/comment/7590",
        "comment": "Mr Ford:\nI am interested in protecting our environment for the next 7 generations, as my Indigenous friends say. To that end, I want to see polluters pay for making our air, water and soil dirty. I want a price put on carbon, as that is one way to encourage manufacturers and polluters to literally clean up their act.\nI want strict, very low limits on companies that would drain our water to put it into plastic bottles.\nI want our auto industries to take the lead by producing electric vehicles and I want our energy industries to aggressively find ways to produce electricity with renewable resources, and I would love it if this could be done in my lifetime (I\u2019m 67). I would love to see efficient solar panels on every building, especially the big box stores, shopping malls, and schools with flat roofs. I would love to see more wind-turbines....not only the big ones that dot the landscape, but small ones like I have seen on some buildings. I know we will never be completely fossil fuel free (planes etc still need it), but there is no good reason why we can\u2019t come up with ways to charge our cars, even lights and appliances with wind and solar power. I want every new home or building to be outfitted with geo-thermal capacity. It\u2019s easy and cheaper to do when being constructed than to retrofit.\nI want our green spaces protected. I want our farmland protected from rampant urban sprawl.\nI know we have the talent and expertise to look into the future and imagine a cleaner world for our grandchildren 7 generations along. It just takes guts, commitment and imagination. I hope you have that.\n"
    },
    "7591": {
        "url": "/comment/7591",
        "comment": "I am very deeply concerned about the direction that the current PC government is taking.  As the reality of our planet is changing everyone's future depends on making good decisions today.   The PC's have so far only succeeded in negating important previous gains  with their political rhetoric and show boating.\nI want Ontario to put a price on pollution, making polluters pay for their emissions and returning the revenues to the pockets of Ontarians so they can lower their carbon footprint.\nI want legally binding emissions targets in line with our obligations to the Paris Climate Agreement.\nI want Ontario to be 100% powered by clean energy by 2050\nA real and effective climate change plan is absolutely necessary today in order to reduce emissions, help people save energy and create jobs in the $26 trillion clean economy.\n"
    },
    "7593": {
        "url": "/comment/7593",
        "comment": "In 2018 to not acknowledge that Climate Change is real, is a grave disservice to the people of Ontario. Man made Carbon pollution, is causing alarming changes to our global weather patterns. The Carbon Tax adds a fee directly to the polluter who is responsible for harming our atmosphere, and it is an incentive to cut back on emissions. The funds raised through the carbon tax are used to create green initiatives, such as bike paths, and mass transit, thus doubling down on the benefits to the environment. Cancelling the carbon tax is pure politics, misguided, and harmful.\n"
    },
    "7594": {
        "url": "/comment/7594",
        "comment": "I totally disagree with Bill 4.  The premier is taking us backwards. The cancellation of the cap and trade is irresponsible.\nThe premier needs to create a climate change plan to reduce emissions, help people save energy and create jobs in the $26 trillion clean economy. Ontario needs a climate change plan that has legally binding emissions targets in line with our obligations to the Paris Climate Agreement.\nOntario needs to end subsidies and handouts for fossil fuel companies and redirect this money to clean energy solutions so that Ontario is 100% powered by clean energy by 2035.\n"
    },
    "7595": {
        "url": "/comment/7595",
        "comment": "I want a real climate change plan to reduce emissions, help people save energy and create jobs in the $26 trillion clean economy.\nI want Ontario to put a price on pollution, making polluters pay for their emissions and returning the revenues to the pockets of Ontarians so they can lower their carbon footprint.\nI want legally binding emissions targets in line with our obligations to the Paris Climate Agreement.\nI want Ontario to be 100% powered by clean energy by 2050\nI want Ontario to end subsidies and handouts for fossil fuel companies and redirect this money to clean energy solutions.\n"
    },
    "7597": {
        "url": "/comment/7597",
        "comment": "Dear Premier Ford,\nWe require a real climate change plan to reduce harmful emissions, help people save energy and create jobs in the $26 trillion clean economy.\nWe would like Ontario to put a price on harmful pollution, making polluters clean up their pollution and pay for their harmful emissions.\nBest Regards\n"
    },
    "7598": {
        "url": "/comment/7598",
        "comment": "Shame on Doug Ford and his choice to not make the environment a top priority.  What are we teaching the next generation?  What are we leaving them with once we are gone?  We all need to make changes to preserve our beautiful planet and the government needs to set an example and push this forward.\nI want a real climate change plan to reduce emissions, help people save energy and create jobs in the $26 trillion clean economy.\nI want Ontario to put a price on pollution, making polluters pay for their emissions and returning the revenues to the pockets of Ontarians so they can lower their carbon footprint. I want legally binding emissions targets in line with our obligations to the Paris Climate Agreement. I want Ontario to be 100% powered by clean energy by 2050. I want Ontario to end subsidies and handouts for fossil fuel companies and redirect this money to clean energy solutions.\nLet's do the right thing now so we and the next generation can enjoy the benefits.\n"
    },
    "7599": {
        "url": "/comment/7599",
        "comment": "The cap and trade is a viable initial solution to addressing primary polluters of our environment   It is presumptuous to end this existing program without further study and without any reacement policy ready to be put in place. The main group that profit from this action to remove the carbon tax will be large companies not the general public.\nAs a concerned Ontario resident I do not support this Bill.\n"
    },
    "7600": {
        "url": "/comment/7600",
        "comment": "I want a real climate change plan to reduce emissions, help people save energy and create jobs in the $26 trillion clean economy.\nI want Ontario to put a price on pollution, making polluters pay for their emissions and returning the revenues to the pockets of Ontarians so they can lower their carbon footprint.\nI want legally binding emissions targets in line with our obligations to the Paris Climate Agreement.\nI want Ontario to be 100% powered by clean energy by 2050\nI want Ontario to end subsidies and handouts for fossil fuel companies and redirect this money to clean energy solutions.\n"
    },
    "7602": {
        "url": "/comment/7602",
        "comment": "The Cap and Trade Program is still in its infancy and has not had enough time to produce its beneficial effects. By cancelling it, not only will there be huge costs for taxpayers, but you will be erasing any potential upside to it. We should at least give it time to see if it works or not, say 5-10 years.\nI want Ontario to put a price on pollution, making polluters pay for their emissions and returning the revenues to the pockets of Ontarians so they can lower their carbon footprint. Pollution has a huge cost in terms of healthcare (among others costs) and currently that cost is burdened upon the public. Either have polluters clean up at the source or pay for the cost of clean up.\nOntario needs to end subsidies and handouts for fossil fuel companies and redirect this money to clean energy solutions. Fossil fuel companies are the most profitable businesses in existence, it is improper use of funds for the public to subsidize the rich.\n"
    },
    "7603": {
        "url": "/comment/7603",
        "comment": "Dear Premier Ford,\nWe require a real climate change plan to reduce harmful emissions, help people save energy and create jobs in the $26 trillion clean economy.\nWe would like Ontario to put a price on harmful pollution, making polluters clean up their pollution and pay for their harmful emissions.\nBest Regards\n"
    }
}