{
    "7126": {
        "url": "/comment/7126",
        "comment": "I want a real climate change plan to reduce emissions, help people save energy and create jobs in the $26 trillion clean economy.\nI want Ontario to put a price on pollution, making polluters pay for their emissions and returning the revenues to the pockets of Ontarians so they can lower their carbon footprint.\nI want legally binding emissions targets in line with our obligations to the Paris Climate Agreement.\nI want Ontario to be 100% powered by clean energy by 2050.\nI want Ontario to end subsidies and handouts for fossil fuel companies and redirect this money to clean energy solutions.\n"
    },
    "7130": {
        "url": "/comment/7130",
        "comment": "I strongly, wholly and emphatically disagree with your plan to scrap cap and trade. I don't believe your administration fully grasps the mechanics of cap and trade or the negative impact that cancelling it will have - not only on our environment but on the businesses that have already invested in it and on the health and well-being of our children and future generations. I don't believe that you should put a misguided version of short-term economics over long-term health, well-being and the sustainability of our planet.\nAlthough the cancellation of cap and trade is touted as a benefit by your administration, it appears to me that this claim was made rashly during the election without proper research and analysis or consultation with the public. It most certainly seems like a step in the wrong direction by an administration lacking long-term vision. The government\u2019s actions have made clear that it has no interest in serious climate-change strategy or working together to create solutions.\nHow can you propose to pay virtually no compensation to the companies that purchased $2.9-billion in emission allowances under the plan? How is that a benefit? Do you honestly think it won't impact the customer?\nThe government has shut down programs such as home-energy rebates and funding for school refurbishments. How is that a benefit?\nI do not agree that an electoral process should be considered a sufficient means of public consultation on an issue this important and far-reaching. I want a real climate change plan to reduce emissions, help people save energy and create jobs in the $26 trillion clean economy.\nI want Ontario to put a price on pollution, making polluters pay for their emissions and returning the revenues to the pockets of Ontarians so they can lower their carbon footprint.\nI want legally binding emissions targets in line with our obligations to the Paris Climate Agreement.\nI want Ontario to be 100% powered by clean energy by 2050 or sooner.\nI want Ontario to end subsidies and handouts for fossil fuel companies and redirect this money to clean energy solutions.\n"
    },
    "7132": {
        "url": "/comment/7132",
        "comment": "I want a real climate change plan to reduce emissions, help people save energy and create jobs in the $26 trillion clean economy.\nI want Ontario to put a price on pollution, making polluters pay for their emissions and returning the revenues to the pockets of Ontarians so they can lower their carbon footprint.\nI want legally binding emissions targets in line with our obligations to the Paris Climate Agreement.\nI want Ontario to be 100% powered by clean energy by 2050\nI want Ontario to end subsidies and handouts for fossil fuel companies and redirect this money to clean energy solutions\n"
    },
    "7133": {
        "url": "/comment/7133",
        "comment": "It is not democracy to proceed with legislation without public consultation.\nDuring an election the public ought to  have all relative facts presented to enable sound decision making. (How was money contributed to the fund spent?)\nTo proceed with legislation not previously under consideration because of personal piques....That's dictatorial. (Municipal government was his personal interest.)\nWho elected this person to head the provincial conservative party? Who were the people who were able to vote to select a leader and why did they choose as they did? Does it cost a lot of money to join?\n"
    },
    "7136": {
        "url": "/comment/7136",
        "comment": "I want a real climate change plan to reduce emissions, help people save energy and create jobs in the $26 trillion clean economy.\nI want Ontario to put a price on pollution, making polluters pay for their emissions and returning the revenues to the pockets of Ontarians so they can lower their carbon footprint.\nI want legally binding emissions targets in line with our obligations to the Paris Climate Agreement.\nI want Ontario to be 100% powered by clean energy by 2050\nI want Ontario to end subsidies and handouts for fossil fuel companies and redirect this money to clean energy solutions.\n"
    },
    "7137": {
        "url": "/comment/7137",
        "comment": "It\u2019s sad and disturbing to hear that this Act may be repealed. What is the genuine reason? There is no good one in my opinion, and all of the information stated here is vague, at best. I want a real climate change plan to reduce emissions, help people save energy and create jobs in the $26 trillion clean economy.\nI want Ontario to put a price on pollution, making polluters pay for their emissions and returning the revenues to the pockets of Ontarians so they can lower their carbon footprint.\nI want legally binding emissions targets in line with our obligations to the Paris Climate Agreement.\nI want Ontario to be 100% powered by clean energy by 2050.\nI want Ontario to end subsidies and handouts for fossil fuel companies and redirect this money to clean energy solutions.\nAll of Ontario and Canada should want this. We should be taking forward steps and this one is wholly backwards.\n"
    },
    "7138": {
        "url": "/comment/7138",
        "comment": "Want to express my utmost concern and sadness about this legislation.\nClimate change is a most pressing threat to the continued existence of human civilization in the form that we know it. For example see the attached summary of the findings of the IPCC (see link). Some form of carbon pricing is absolutely necessary if we're going to bring down emissions to a level that is reasonable. The whole point is that a price is actually the least burdensome to individuals of all the alternatives, as it can be done with a relatively small amount of overhead, as opposed to complying with a bunch of baroque rules on how much pollution is allowed.\n"
    },
    "7139": {
        "url": "/comment/7139",
        "comment": "I am disgusted and dismayed that there is even a thought of avoiding our responsibility towards addressing climate change. Iwant a real climate change plan to reduce emissions, help people save energy and create jobs in the $26 trillion clean economy.\nI want Ontario to put a price on pollution, making polluters pay for their emissions and returning the revenues to the pockets of Ontarians so they can lower their carbon footprint. This is such an obvious step. Why should companies not pay for the damage they are doing. Otherwise tax payers foot the bill for the increasing natural disasters.\nI want legally binding emissions targets in line with our obligations to the Paris Climate Agreement.\nI want Ontario to be 100% powered by clean energy by 2050\nI want Ontario to end subsidies and handouts for fossil fuel companies and redirect this money to clean energy solutions.\nYes, it may cost is all little now, but it may save the planet. This is a no-brainer.\n"
    },
    "7140": {
        "url": "/comment/7140",
        "comment": "I want a real climate change plan to reduce emissions, help people save energy and create jobs in the $26 trillion clean economy.\nI want Ontario to put a price on pollution, making polluters pay for their emissions and returning the revenues to the pockets of Ontarians so they can lower their carbon footprint.\nI want legally binding emissions targets in line with our obligations to the Paris Climate Agreement.\nI want Ontario to be 100% powered by clean energy by 2050\nI want Ontario to end subsidies and handouts for fossil fuel companies and redirect this money to clean energy solutions.\n"
    },
    "7141": {
        "url": "/comment/7141",
        "comment": "I want Ontario to have a real climate change plan to end subsidies for fossil fuel companies and instead use this money for clean energy solutions.  Job creation is possible in a $26 trillion clean economy.  Polluters should pay for their emissions and that money could be used to fight climate change or given back to Ontarians to lower their carbon footprint.  I would like to see Ontario be powered by 100% clean energy by 2050 at the latest.  We need to think of future generations and their living conditions if climate  change is left to run rampant.  Thank you for listening.\n"
    },
    "7144": {
        "url": "/comment/7144",
        "comment": "The cancellation of the Cap and Trade program also unfortunately has side effects of ending the Ontario Electric and Hydrogen Vehicle Incentive Program (EHVIP) and the Green Ontario Fund which help Ontarians make their home more energy-efficient and acquire vehicle that pollute the environment less and improve the health of Ontarians from lower air pollution.  If the Cap and Trade program is ended, alternate funding solutions need to be found in order to keep these important programs running.\nEnding the Cap and Trade program which has also ended the EHVIP program in favour of lowering gas prices by 10 cents a litre will only promote more use of gasoline based vehicles which will in turn pollute more and cause more health issues for Ontarians.  By making electric vehicles more affordable however, Ontarian consumers will save up to ten times the cost of gasoline by using electricity at low peak rates.  My family will go from paying $350/month for gasoline ($1.25/L) to $32/month in electricity ($0.065/kWh) to drive 24,000 km a year.  This translates into roughly $20,000 in savings over an 8 year life-span of the vehicle compared to gasoline, much more than reducing the cost of gas by $0.10/litre which only saves $1500 over the same 8 year time period.  If the Ontario government really cared about Ontario consumers saving money on transportation, they would help people transition to electric vehicles.\nThe ending of the EHVIP due to cancelling the Cap and Trade program has had a major financial impact on my family. Premier Ford stated there would be an orderly shutdown to these programs and that contracts already in place would be honoured.  It seems neither of these statements was true.  We ordered our electric vehicle before the government even took power and before the cancellation of the EHVIP was announced so we expected our contract to honoured and be able to submit our rebate.  Yet a very short period of 2 months to receive your vehicle and have it registered and plated was imposed after which people could not submit their rebate requests, even though vehicle manufacturers at the time had 3-6 month wait times before they could deliver vehicles already ordered.  The Premier and Minister of Transportation should honour contracts that were made before the July 11th announcement of the shutdown of the rebate program for all manufacturers.  That would be the fair and proper thing to do.  The safety of Ontario consumers should also be of the upmost importance to the Ontario Government and the government should also  allow manufacturers who had models that would have qualified for the rebate and meet all the requirements of the rebate program that were available for order before July 11th (such as models already listed on the eligible vehicle list that are identical except that have All-Wheel-Drive (AWD) for additional safety in Canadian winters) to have those models added to the eligible vehicle list.  People like myself do have contracts to purchase such vehicles before the shutdown of the program was announced on July 11th but the MTO hadn't had time to add it to the eligible vehicle list before it was frozen.\nPlease do the right thing and honour contracts people already had in place for the EHVIP program to provide at least 1 year to register and plate their vehicles, and allow the Ministry of Transportation (MTO) to add vehicles to the eligible vehicle list that could be ordered before the July 11th shutdown.   Find new funding sources to continue both the EHVIP program and Green Ontario Fund to help improve the health of both Ontarians but also the environment in which we all live.\n"
    },
    "7146": {
        "url": "/comment/7146",
        "comment": "Ontario needs to lead the way so I want Ontario to end subsidies and handouts for fossil fuel companies and redirect this money to clean energy solutions so that Ontario will be 100% powered by clean energy by 2050 please. For the sake of our grandchildren\n"
    },
    "7148": {
        "url": "/comment/7148",
        "comment": "I want a real climate change plan to reduce emissions, help people save energy and create jobs in the $26 trillion clean economy. We are wasting money trying to avoid Green Energy sources that are detecting our environment.\nI want Ontario to put a price on pollution, making polluters pay for their emissions and returning the revenues to the pockets of Ontarians so they can lower their carbon footprint. Cancelling cap and trade has been a joke - the average Ontarian isn\u2019t benefiting from the cancellation, so revise the program so that lower income folks can benefit too.\nI want legally binding emissions targets in line with our obligations to the Paris Climate Agreement.\nI want Ontario to be 100% powered by clean energy by 2030.\nI want Ontario to end subsidies and handouts for fossil fuel companies and redirect this money to clean energy solutions. Fossil fuels are not an investment; they are a waste of money. We need resources that are not finite, such as solar and wind.\n"
    }
}