{
    "10121": {
        "url": "/comment/10121",
        "comment": "This is an obscene plan. You are destroying a future for our children. I have no words for how ignorant this proposal is. It is imperative that we:\nAdopt carbon fee and dividend.\nFocus on energy efficiency in homes and buildings.\nElectrify our transportation system.\nSupport jobs and investment in the clean economy.\nMake our electricity system clean, affordable, and community-owned, and\nPrepare Ontario for climate impact.\nThere is no time to ignore scientists.\n"
    },
    "10123": {
        "url": "/comment/10123",
        "comment": "Climate Change is the most significant issue facing the entire planet today.  It will drive economic issues, migration issues, food security, and military conflict over the coming decades.  Ontario must be on the forefront of both reducing the production of greenhouse gases which are driving climate change, and efforts to mitigate the impacts of climate change that is already inevitable.\nCarbon pricing is agreed by scientists and economists around the globe to be the single most impactful government policy to push a transition to a low-carbon economy and significant reductions in green house gas emissions.  The previous government's Cap and Trade regime for carbon emissions was an excellent step in this direction, though a true carbon tax which increased according to volumes produced would have been even more impactful.\nIt seems that the current conservative government wants to dismantle this, at considerable cost to taxpayers, simply because it was something the Liberals put in place, and not because they have a thoughtful replacement for it.  Dismantling one regime before coming up with an effective replacement is simply irresponsible - both economically and environmentally.\nIf the conservative government thinks there is a faster and more effective way to transition Ontario to a low-emmissions economy, they should come up with that plan IN DETAIL, BEFORE dismantling the existing system.\nI call on the government to stop this dangerous and small-minded act, and instead engage scientists and policy analysts in a thoughtful review of alternatives and propose a plan that will agressively move Ontario to a low carbon economy over the next 10 years.\nMy children and grandchildren need to inherit a livable world!\n"
    },
    "10127": {
        "url": "/comment/10127",
        "comment": "Given the recent UN report on climate change, we now know without any shadow of a doubt that all governments and individuals must treat this global issue seriously and immediately. Governments should take the lead on this issue and promote effective ways of reducing the production of greenhouse gases in their jurisdictions. The Nobel Economics prize was just awarded to two economists who strongly support putting a price on carbon as the most efficient and effective way of fighting climate change. Thus some kind of carbon pricing should be the part of any effective climate plan. Given this I feel very strongly that Bill 4 is the opposite of what Ontario should be doing. The government has promised but has not presented any alternative climate plan and without this the current plan should not be dismantled. We need to do so much more; let's not go backwards.\nThe cap and trade system was working, millions of dollars traded hands between businesses where cap and trade is operating, and millions of dollars were collected by the Ontario government, to be used to support homeowners and businesses in lowering their carbon use. With Bill 4, Ontario businesses will no longer be able to participate in the clean energy economy of cap and trade jurisdictions. In addition, those dollars collected by the Ontario government will go to pay for the several lawsuits expected by the companies which had signed contracts.\nPlease reconsider dismantling the current cap and trade system. At the very least, put forward the promised alternative plan first so Ontario residents can see what such an alternative might look like.\n"
    },
    "10128": {
        "url": "/comment/10128",
        "comment": "Humans are both the problem and the solution to fighting climate change and global warming.\nOur collective need to advance and progress often shunts important issues to the back burner, favouring a certain value or perspective, or worse yet, we ignore these realities if they conflict with our world view. Even if it's ultimately for our own collective good.\nThis comes in the form of deferment. We will defer certain actions in favour of short-term gains and instant gratification. After all, the generation that comes after us can pick up our mess. How many times are we as a civilization going to prioritize our short term goals and ignore the repercussions in the long run?\nEconomist have repeatedly shown through various models that although people may object to the idea of paying, they do accept that a carbon tax will be a worthwhile and long term endeavour. There will be upfront costs but paying them sooner will mean we don't have to worry about the inflated costs later.\nThere is a reason why people invest in RESPs and RRSPs. They know that they won't have the money at the time or the costs in the future will be great, so paying sooner means that when the time comes, we won't have to shoulder the enormous cost of investing in green energy.\nI favour proportional carbon taxation. We all share this province and this nation. We should all pay our share to keep it great. We pay now and we can enjoy the benefits later when we have clean air and a modernized economy that is future-ready.\nWe have one environment. We don't get second chances.\n"
    },
    "10129": {
        "url": "/comment/10129",
        "comment": "I am against Bill 4, the Cap and Trade Cancellation Act 2018. The cap and trade policy created essential funding that was used to help citizens of Ontario make their homes energy efficient. This helped in 2 ways. People who qualified for this help were able to save money on energy by insulating their homes, getting a better furnace, energy efficient windows, etc. Also as a result of less energy used, this helped the environment.\nCancelling this act also cancels the Climate Mitigation and Low-Carbon Economy Act of 2016. It is extremely important that we help reduce our carbon footprint across the globe, in order to reduce climate change, and protect our ecosystems. The earth is our home and we must respect it. We also must protect our environment for our children and grandchildren and many generations after that.\nIt would be very short sighted to cancel these policies, just to save money in the short term, when the result will be permanent damage to our planet over many future generations. We do not live just for ourselves. We live for the whole planet, and for all who come here after us. Please consider your own children and grandchildren. Please consider the beauty of the earth itself. Do not vote for this bill. Thank you.\n"
    },
    "10130": {
        "url": "/comment/10130",
        "comment": "This repeal is astronomically dangerous, short-sighted, and selfish. The health of the entire planet is at stake, we are dangerously close to the literal end of the world unless we drastically change our ways. Even if every individual made all the changes they could, it would only be a drop in the bucket compared to corporations. We need governments to finally step up and take action; remove subsidies on meat, ban single use plastics, remove subsidies on oil, phase out fossil fuels. We can't sit by and let our governments scorch the earth to line their pockets, they are supposed to work for us, the people!\n"
    },
    "10131": {
        "url": "/comment/10131",
        "comment": "I am taking this from the Green Party of Ontario's submission on Bill 4 because it says it better than I could. The United Nations Climate Science body reported in a monumental new report released Sunday that \"We have just 12 years to make massive and unprecedented changes to global energy infrastructure to limit global warming to moderate levels...\" It  is imperative the the government move forward, not backward, on climate control. I do not have confidence in this government to take climate change seriously and am terrified of the damage that is going to be inflicted on future generations. We can stop it but the will has to be there. Think of the future, not your bank accounts.\nBill 4 fails to match the urgency of the climate crisis and represents a major step backward in the fight against climate change.\nIt is unfair and unreasonable to eliminate the province\u2019s only climate plan without being transparent with the public about the plan to replace it.\nBill 4 closes Ontario for business to the $26 trillion global clean economy and will have a negative effect on clean jobs and investment.\nPollution pricing must be a pillar for a climate plan to be efficient and effective.\nA credible climate plan would include binding targets to shift Ontario towards being 100% carbon neutral by 2050, supported by specific measures in the areas of energy efficiency, home and building heating, transportation, electricity, and climate adaptation.\nWhere Bill 4 goes wrong:\nThe consultation process for Bill 4 was insufficient\nBill 4 ignores the urgency of climate change\nBill 4 closes Ontario for business to the clean economy\nBill 4 gives little detail about a replacement plan\nBill 4 does not contain binding emissions targets\nBill 4 eliminates the most important policy tool: pollution pricing\nThe way forward: Recommendations for a credible climate plan\nAdopt carbon fee and dividend\nFocus on energy efficiency in homes and buildings\nElectrify our transportation system\nSupport jobs and investment in the clean economy\nMake our electricity system clean, affordable, and community-owned\nPrepare Ontario for climate impacts\n"
    },
    "10132": {
        "url": "/comment/10132",
        "comment": "Cancelling or otherwise reducing our belated and meagre initiatives to turn around or slow down our spiraling path to disaster is the very, very worst thing a democratically elected Provincial government could do. Given the international panel's latest report, only a few days old, we are cascading toward unconscionable conditions for our grandchildren, now alive and innocent victims of our greed and neglect, and their children's children. How can we do this? How can we act as criminals on this Earth, on the trust that we have received? All of the evidence tells us indisputably now that human activity has contributed over the last almost 200 years to the gradual warming of our atmosphere. We may not be causing climate change, but every credible signal now tells us that we are accelerating it and exacerbating it. And putting a modest price on carbon emissions is a very small and a very modest step in the right direction to help all of us achieve a much needed course correction. It is not a solution. But it draws upon our understanding of human economics, as I think the Premier claims to understand and subscribe to, to shift our preferences for high cost carbon dense energies to lower carbon and even non-carbon sources. We are shifting the costs on the supply curve to gradually modify the demand curve   -  for everyone's longer term benefit. It is now a moral imperative to do this. It may actually be too late. But to deny this modest initiative on the basis of dogged ideology and simplistic \"business\" bombast is intolerable and an insult to the social and democratic values of all Ontario residents. I say this as an Ontarian, a business person, a citizen, a father and grandfather, and as a person of conscience.\n"
    },
    "10135": {
        "url": "/comment/10135",
        "comment": "We all know, except apparently our Premier, that climate change is real and is something that must be dealt with by us all now.\nNot doing anything is not an option.\nWe all need to do what is necessary to tackle this issue of climate change which is only going to get worse the longer we delay in dealing with it.\n"
    },
    "10138": {
        "url": "/comment/10138",
        "comment": "I am writing because I cannot imagine standing by while my government ruins the future of my children by thoroughly ignoring all credible advice and warnings about climate change. Bill 4 is a backwards jump that puts the profit of large polluting corporations ahead of moving forward with a green economy, and it ignores common sense and previous commitments.\nPlease do not go ahead with this bill, and instead create a well-thought-out, forward-thinking plan that addresses the urgency of the climate crisis, focuses on building a green economy, includes pollution reduction targets & pricing, and supports and encourages moving towards a sustainability in all facets of our way of life as Ontarians.\n"
    },
    "10139": {
        "url": "/comment/10139",
        "comment": "To the Ministry of Environment, Conservation and Parks,\nPLEASE DO NOT RUSH INTO PASSING THE FLAWED BILL 4!!!\nTHINK ABOUT PRESERVATION OF OUR WONDROUS PLANET FOR OUR CHILDREN AND ALL LIFE ON EARTH....NOW AND IN THE FUTURE!!!\nWE HAVE THE SCIENCE...WE NEED THE POLITICAL POWER TO MAKE IT SO!!!!!\nAs per the Green Party of Ontario\u2019s submission regarding the proposed Cap and Trade Cancellation Act, 2018.:\nThe recent Intergovernmental Panel on Climate Change (IPCC) reports that we are dangerously close to crossing the catastrophic 1.5C tipping point that would lead to runaway climate change. It is in the context of this dire warning that we call on the government to take urgent action to reduce our emissions and formulate a plan for adapting to a changing climate.\nSummary\nBill 4 fails to match the urgency of the climate crisis and represents a major step backward in the fight against climate change.\nIt is unfair and unreasonable to eliminate the province\u2019s only climate plan without being transparent with the public about the plan to replace it.\nBill 4 closes Ontario for business to the $26 trillion global clean economy and will have a negative effect on clean jobs and investment.\nPollution pricing must be a pillar for a climate plan to be efficient and effective.\nA credible climate plan would include binding targets to shift Ontario towards being 100% carbon neutral by 2050, supported by specific measures in the areas of energy efficiency, home and building heating, transportation, electricity, and climate adaptation.\nWhere Bill 4 goes wrong\nThe consultation process for Bill 4 was insufficient\nBill 4 ignores the urgency of climate change\nBill 4 closes Ontario for business to the clean economy\nBill 4 gives little detail about a replacement plan\nBill 4 does not contain binding emissions targets\nBill 4 eliminates the most important policy tool: pollution pricing\nThe way forward: Recommendations for a credible climate plan\nAdopt carbon fee and dividend\nFocus on energy efficiency in homes and buildings\nElectrify our transportation system\nSupport jobs and investment in the clean economy\nMake our electricity system clean, affordable, and community-owned\nPrepare Ontario for climate impacts\nWe cannot accept that increasingly severe wildfires, flooding and storms are our new normal......We still have time to act.\nWe need profitable plans to do our part in the climate crisis, making GHG reductions a priority across all ministries in government. Time and money is wasted when problematic legislation such as Bill 4, as well government programs and spending plans, undermine our climate obligations.\nThank you for your time and consideration.\n"
    },
    "10142": {
        "url": "/comment/10142",
        "comment": "I do not agree with the cancellation of this important climate change program. I am not affiliated in any way with the Green Party of Ontario, however I agree with their concerns outlined below. I urge the government to recognize the importance of a solid climate change plan and not to \u201cplay politics\u201d on this topic. It feels like many people do not take this issue seriously and our political leaders have an opportunity to stress the fact that climate change is a real issue. Economic factors are important but the costs of unchecked climate change will be significant. While Ontario cannot change the world climate alone we simply cannot sit back and expect others to solve the issues. This is an area where real leadership can be shown.\nBill 4 fails to match the urgency of the climate crisis and represents a major step backward in the fight against climate change.\nIt is unfair and unreasonable to eliminate the province\u2019s only climate plan without being transparent with the public about the plan to replace it.\nBill 4 closes Ontario for business to the $26 trillion global clean economy and will have a negative effect on clean jobs and investment.\nPollution pricing must be a pillar for a climate plan to be efficient and effective.\nA credible climate plan would include binding targets to shift Ontario towards being 100% carbon neutral by 2050, supported by specific measures in the areas of energy efficiency, home and building heating, transportation, electricity, and climate adaptation.\nWhere Bill 4 goes wrong\nThe consultation process for Bill 4 was insufficient\nBill 4 ignores the urgency of climate change\nBill 4 closes Ontario for business to the clean economy\nBill 4 gives little detail about a replacement plan\nBill 4 does not contain binding emissions targets\nBill 4 eliminates the most important policy tool: pollution pricing\nThe way forward: Recommendations for a credible climate plan\nAdopt carbon fee and dividend\nFocus on energy efficiency in homes and buildings\nElectrify our transportation system\nSupport jobs and investment in the clean economy\nMake our electricity system clean, affordable, and community-owned\nPrepare Ontario for climate impacts\n"
    },
    "10143": {
        "url": "/comment/10143",
        "comment": "Bill 4 fails to match the urgency of the climate crisis and represents a major step backward in the fight against climate change.\nIt is unfair and unreasonable to eliminate the province\u2019s only climate plan without being transparent with the public about the plan to replace it.\nBill 4 closes Ontario for business to the $26 trillion global clean economy and will have a negative effect on clean jobs and investment.\nPollution pricing must be a pillar for a climate plan to be efficient and effective.\nA credible climate plan would include binding targets to shift Ontario towards being 100% carbon neutral by 2050, supported by specific measures in the areas of energy efficiency, home and building heating, transportation, electricity, and climate adaptation.\n"
    },
    "10144": {
        "url": "/comment/10144",
        "comment": "I sent an email to the Premier shortly after he was elected, urging him not to abandon the existing cap-and-trade program without a reasonable alternative. The response I received was unsatisfactory, in fact, his office proposed no environmental protection plan whatsoever. To no one's surprise, Bill 4 fails to match the urgency of the climate crisis and represents a major step backward in the fight against climate change. It is unfair and irresponsible to eliminate the province\u2019s only climate plan without a transparent one to replace it. It is deeply disappointing to this father, grandfather and taxpayer.\nContrary to the Premier's bluster about being pro-business and pro-jobs, Bill 4 closes Ontario for business to the $26 trillion global clean economy and will have a negative effect on clean jobs and investment.\nA credible climate plan would include binding targets to shift Ontario towards being 100% carbon neutral by 2050, supported by specific measures in the areas of energy efficiency, home and building heating, transportation, electricity, and climate adaptation.\nAs a citizen of Ontario, I am embarrassed by this bill and plead with you to abandon it until you can come up with something better.\n"
    }
}