{
    "10062": {
        "url": "/comment/10062",
        "comment": "We need to move forward and increase our environmental protections and prioritize minimizing climate change. Don't take away what little we have. Polluting businesses need to pay for this and need to be held accountable... not my nephews and generations living after us. Stick up for the people by protecting our health, environment and future, not big business' wallets.\n"
    },
    "10064": {
        "url": "/comment/10064",
        "comment": "The UN Climate Report is clear that we must act NOW to mitigate as much as possible the effects of climate change. For this reason I support the summary submitted by the Green Party of Ontario listed below. Let's get going!\nBill 4 fails to match the urgency of the climate crisis and represents a major step backward in the fight against climate change.\nIt is unfair and unreasonable to eliminate the province\u2019s only climate plan without being transparent with the public about the plan to replace it.\nBill 4 closes Ontario for business to the $26 trillion global clean economy and will have a negative effect on clean jobs and investment.\nPollution pricing must be a pillar for a climate plan to be efficient and effective.\nA credible climate plan would include binding targets to shift Ontario towards being 100% carbon neutral by 2050, supported by specific measures in the areas of energy efficiency, home and building heating, transportation, electricity, and climate adaptation.\nWhere Bill 4 goes wrong\nThe consultation process for Bill 4 was insufficient\nBill 4 ignores the urgency of climate change\nBill 4 closes Ontario for business to the clean economy\nBill 4 gives little detail about a replacement plan\nBill 4 does not contain binding emissions targets\nBill 4 eliminates the most important policy tool: pollution pricing\nThe way forward: Recommendations for a credible climate plan\nAdopt carbon fee and dividend\nFocus on energy efficiency in homes and buildings\nElectrify our transportation system\nSupport jobs and investment in the clean economy\nMake our electricity system clean, affordable, and community-owned\nPrepare Ontario for climate impacts\nConclusion\nWe cannot accept that increasingly severe wildfires, flooding and storms are our new normal.\nWe still have time to act.\nWe need profitable plans to do our part in the climate crisis, making GHG reductions a priority across all ministries in government. Time and money is wasted when problematic legislation such as Bill 4, as well government programs and spending plans, undermine our climate obligations.\nLet\u2019s get going.\n"
    },
    "10065": {
        "url": "/comment/10065",
        "comment": "At 72 years old, I won't be around to witness the environmental degradation being promised by the world's experts if we keep polluting at the current rate. However, our children will be and we owe it to them to act now to avoid  environmental disaster. This is not a partisan issue. This is a global issue. Please act accordingly.\n"
    },
    "10068": {
        "url": "/comment/10068",
        "comment": "Reject Bill 4, stop supporting fossil fuel industries. The Canadian Climate Plan should take leadership in eliminating fossil fuels and supporting clean energy initiatives which are profitable and sustainable.\nSee below copied from the Green Party of Ontario site:\nWe know from the recent Intergovernmental Panel on Climate Change (IPCC) report that we are dangerously close to crossing the catastrophic 1.5C tipping point that would lead to runaway climate change. It is in the context of this dire warning that we call on the government to take urgent action to reduce our emissions and formulate a plan for adapting to a changing climate.\nSummary\nBill 4 fails to match the urgency of the climate crisis and represents a major step backward in the fight against climate change.\n    It is unfair and unreasonable to eliminate the province\u2019s only climate plan without being transparent with the public about the plan to replace it.\n    Bill 4 closes Ontario for business to the $26 trillion global clean economy and will have a negative effect on clean jobs and investment.\n    Pollution pricing must be a pillar for a climate plan to be efficient and effective.\n    A credible climate plan would include binding targets to shift Ontario towards being 100% carbon neutral by 2050, supported by specific measures in the areas of energy efficiency, home and building heating, transportation, electricity, and climate adaptation.\nWhere Bill 4 goes wrong\nThe consultation process for Bill 4 was insufficient\n    Bill 4 ignores the urgency of climate change\n    Bill 4 closes Ontario for business to the clean economy\n    Bill 4 gives little detail about a replacement plan\n    Bill 4 does not contain binding emissions targets\n    Bill 4 eliminates the most important policy tool: pollution pricing\nThe way forward: Recommendations for a credible climate plan\nAdopt carbon fee and dividend\n    Focus on energy efficiency in homes and buildings\n    Electrify our transportation system\n    Support jobs and investment in the clean economy\n    Make our electricity system clean, affordable, and community-owned\n    Prepare Ontario for climate impacts\nConclusion\nWe cannot accept that increasingly severe wildfires, flooding and storms are our new normal.\nWe still have time to act.\nWe need profitable plans to do our part in the climate crisis, making GHG reductions a priority across all ministries in government. Time and money is wasted when problematic legislation such as Bill 4, as well government programs and spending plans, undermine our climate obligations.\n"
    },
    "10069": {
        "url": "/comment/10069",
        "comment": "I am very disappointed in the government for proposing dismantling a program when a suitable replacement has not been tabled. Ignoring global climate change may be helpful for short-term gains but we need to think about our future and the future we are leaving for those to come. Without an acceptable climate change plan in place the future does not look bright.\n"
    },
    "10070": {
        "url": "/comment/10070",
        "comment": "I understand from UN scientific reports that our planet is in dire straits. We can not waste any further time playing politics. Now is the time ( as it should be always but sadly is not) for excellent governance. We need to reverse climate change NOW! That means putting into place any and all measures great or small to do so! Now is the time to do the RIGHT thing and reduce carbon emissions immediately!!! We no longer have time to drag our heels and score political points! We need to act as responsible adults and not  whining children and be the world leaders on healing our planet by encouraging the development and use of clean energy sources and environmentally safe food production by industry and individuals alike! NOW!!!!\n"
    },
    "10071": {
        "url": "/comment/10071",
        "comment": "Dear Conservative Party members of parliament,\nI am one among countless citizens residing in Ontario who are adamantly opposed to Bill 4.  As you well know we are in the midst of a global crisis with regard to climate change.  The recent UN Climate Report, based on comprehensive scientific research, makes plain the dire situation we find ourselves in, largely due to the inaction of our politicians.\nI think is irresponsible for the Conservative Party to eliminate the province\u2019s only climate plan without being clear with the public about the plan to replace it.\nFurther, we should be fostering the development of a global clean energy economy, not seeking to cripple it.  The Cap and Trade system is a tested means of controlling pollution that deserves to be implemented here in Ontario; moreover a climate plan should contain binding targets to assure that we move in the right direction in our efforts to save future generations from an environmental cataclysm.\nI would ask whoever is reading this to look into the eyes of your children and consider their future.\n"
    },
    "10073": {
        "url": "/comment/10073",
        "comment": "The shortsighted  Cap and Trade Cancellation Act  which is being put into place to please voters who are blindly against increasing taxes, ignores the fact that climate change requires actions now to slow down a precarious increase in greenhouse gases.\nWe are all are required to take responsibility. There is no price on pollution. This act does not support the businesses and people of Ontario that want a clean economy.\nHow easy it is for a previous government's efforts to  be dismantled, especially when the current government does not feel the need for a workable replacement plan.\nThis isn't the Ontario I want to live in.\n"
    },
    "10074": {
        "url": "/comment/10074",
        "comment": "Carbon tax has been scientifically proven to be an effective means of significantly reducing carbon emissions, as well as being financially profitable for residents. Please don't waste Ontario taxpayers' money conducting an unnecessary review into what would be more effective so that you can save the big businesses money. Please don't make Ontario contribute to greater carbon emissions when we have a very real and tangible (and already in effect! You literally have to do nothing.) especially in light of the UN report that came out the past couple weeks. Investing in climate change is a bad investment. And a deadly one. Please put ontario residents (and the global climate) before business priorities. You owe us that.\n"
    },
    "10080": {
        "url": "/comment/10080",
        "comment": "I'm not sure what the answer is but I know that society needs to deal in some responsible, sustainable way to climate change. A START is to implement a cap and trade penalty for those multinationals and corporations that continue to spew environmentally detrimental, global warming effluents into the atmosphere. The atmosphere that me, my kids, gran kids and you depend on for our continued survival.\n"
    },
    "10083": {
        "url": "/comment/10083",
        "comment": "We are dangerously close to crossing the catastrophic 1.5C tipping point that would lead to runaway climate change. As such, we call on the government to take urgent action to reduce our emissions and formulate a plan for adapting to a changing climate.\nBill 4 is taking us backward in tne fight against climate change and fails to match the urgency of the climate crisis. It is unfair and unreasonable to eliminate the province\u2019s only climate plan without being transparent with the public about the plan to replace it.\nBill 4 closes Ontario for business to the $26 trillion global clean economy and will have a negative effect on clean jobs and investment.\nA credible climate plan would include binding targets to shift Ontario towards being 100% carbon neutral by 2050, supported by specific measures in the areas of energy efficiency, home and building heating, transportation, electricity, and climate adaptation.\nThe consultation process for Bill 4 was insufficient and Bill 4 ignores the urgency of climate change. Bill 4 also closes Ontario for business to the clean economy and does not contain binding emissions targets.\nWe need profitable plans to do our part in the climate crisis, making GHG reductions a priority across all ministries in government. Time and money is wasted when problematic legislation such as Bill 4, as well government programs and spending plans, undermine our climate obligations.\nWe need to take a serious look at how we are going to approach climate change right now, and Bill 4 is not doing anything in this regard, while actually moving us backward.\nThank you.\n"
    },
    "10084": {
        "url": "/comment/10084",
        "comment": "Please stop Ford from cancelling the cap and trade!! I want a greener Ontario!! I want a healthier planet! Emissions are a major factor in climate change, we can do better than this! When Countries like France are banning plastic and Ireland implementing green roofs, how can we fail our country-men and go backwards???? There is so much to benefit finacially and otherwise from going green! We need to stand up to big business and tell them No!!! This is mot what the people want!!! We want a sustainable future for the benefit of all! Let\u2019s be pioneers and find new innovative ways to save our Ontario!  Cheryl\n"
    },
    "10086": {
        "url": "/comment/10086",
        "comment": "Please listen to science. If you're standing in front of a speeding truck, take the first step to getting out of the way.\nPlease.\nBill 4 fails to match the urgency of the climate crisis and represents a major step backward in the fight against climate change.\nIt is unfair and unreasonable to eliminate the province\u2019s only climate plan without being transparent with the public about the plan to replace it.\nBill 4 closes Ontario for business to the $26 trillion global clean economy and will have a negative effect on clean jobs and investment.\nPollution pricing must be a pillar for a climate plan to be efficient and effective.\nA credible climate plan would include binding targets to shift Ontario towards being 100% carbon neutral by 2050, supported by specific measures in the areas of energy efficiency, home and building heating, transportation, electricity, and climate adaptation.\n"
    },
    "10089": {
        "url": "/comment/10089",
        "comment": "Bill 4 fails to match the urgency of the climate crisis and represents a major step backward in the fight against climate change.\n    It is unfair and unreasonable to eliminate the province\u2019s only climate plan without being transparent with the public about the plan to replace it.\n    Bill 4 closes Ontario for business to the $26 trillion global clean economy and will have a negative effect on clean jobs and investment.\n    Pollution pricing must be a pillar for a climate plan to be efficient and effective.\n    A credible climate plan would include binding targets to shift Ontario towards being 100% carbon neutral by 2050, supported by specific measures in the areas of energy efficiency, home and building heating, transportation, electricity, and climate adaptation.\nThe consultation process for Bill 4 was insufficient and it ignores the urgency of climate change. It closes Ontario for business to the clean economy and it gives little detail about a replacement plan. Bill 4 does not contain binding emissions targets and it eliminates the most important policy tool: pollution pricing.\nThe revenue earned by putting a price on carbon can be put to good use by reducing the amount of income tax paid by Ontario's tax payers.\nWe need profitable plans to do our part in the climate crisis, making GHG reductions a priority across all ministries in government. Time and money is wasted when problematic legislation such as Bill 4, as well government programs and spending plans, undermine our climate obligations.\n"
    },
    "10090": {
        "url": "/comment/10090",
        "comment": "The release of the IPCC special report on Global warming was very timely with regard to Bill 4.   It is another prediction suggesting accelerating and increasingly dire consequences if action is not taken.  The status quo is no longer an viable option ... energy usage and pollution emissions have to be curtailed....both drastically and immediately if we are to avoid widespread suffering and possibly irreversible ecological/environmental damage.  It is not the time to play politics with the fate of the world. Real action has to be taken.  A Carbon Tax is a simple and highly effective way to curtail emissions and spur new ideas.  If it hurts a little to do so, it's because we have been ignoring the environmental mess we have been making for too long. It's time to clean up.\n"
    },
    "10092": {
        "url": "/comment/10092",
        "comment": "Stop this madness of bill C4 and listen to people with knowledge and science background. Being in the office does not give you the right to do whatever you feel like doing. You are personally and as a party responsible for your action.\nWe are watching your action and will talk about you as a person and as PC party.\n"
    }
}