{
    "6559": {
        "url": "/comment/6559",
        "comment": "I'm writing to express my grave concern about Bill 4, which will cancel the cap and trade program without replacing it with any sort of climate plan.  The beauty of the cap and trade program is that it made the polluter pay, and the money generated funded wonderful programs to reduce emissions and increase energy efficiencies. Such things as needed repairs and retrofits to schools, hospitals and social housing were being paid for by the cap and trade money instead of from tax revenue. This program successfully discouraged bad behaviours while encouraging good ones. As the Environmental Commissioner of Ontario noted in her recent report, repealing cap and trade actually rewards bad behaviour and discourages good behaviour. A new plan must include a pricing mechanism on carbon. This is the only way that we will bring down emissions in accordance with our commitments to the Paris Climate Accord and begin to mitigate the astronomically costly damage caused by the climate induced extreme weather events that have been inflicting our province with ever greater frequency. With regard to carbon pricing, I urge the government to drop its expensive and ill conceived legal action against the federal government's carbon tax plan.\n"
    },
    "6561": {
        "url": "/comment/6561",
        "comment": "I want Ontario to remain prosperous, democratic and openly engaged with the rest of the world, even as climate change intensifies and rapid change becomes unavoidable. I think this will only be possible if Ontario is resolutely supporting the national and global effort to rapidly reduce greenhouse gas emissions. For this, we need a strong provincial climate plan with:\n-\tLegally binding long-term targets for reduced emissions;\n-\tA long-term plan and policies to reduce greenhouse gas emissions: removing incentives to burn fossil fuels, putting a price on carbon pollution, and offering incentives for renewable energy, energy efficiency, and new technology to reduce greenhouse gas emissions and increase carbon storage;\n-\tLegally binding requirements to monitor and report, so the public can understand and trust the results of the climate plan in terms of costs, benefits, and reduced greenhouse gas emissions;\n-\tPublic education about the impacts of climate change in Ontario, Ontario\u2019s readiness to support environmental refugees and citizens impacted by extreme weather, and the health benefits of reducing greenhouse gas emissions.\nEconomists say the most efficient policy for reducing emissions is to put a price on carbon. Carbon-fee-and-dividend is a carbon pricing policy where all sides win. 100% of the fees collected from an incrementally rising price on carbon pollution are returned to citizens. The policy is championed by Canadians for Clean Prosperity who reported (Sept.21, 2018), \u201c\u2026 the vast majority of households, regardless of income level, would receive more money in the form of carbon dividend cheques than they would pay in carbon taxes, should the federal government implement carbon dividends as its \u201cbackstop\u201d starting in 2019.\u201d  Carbon fee and dividend was also endorsed by the PostMedia Editorial board (Sept 2017, \u201cHere\u2019s how to make carbon pricing honest\u201d).\nThe first compliance period for Ontario\u2019s cap and trade program ends in December 2020. This is a logical time to end the program and bring in carbon fee and dividend. Before then, Ontario needs to establish a strong, long-term climate plan that will assure business, industry and citizens of the future direction of climate policies and provide policy persistence for dealing with the climate crisis.\n"
    },
    "6562": {
        "url": "/comment/6562",
        "comment": "I object to the passing of Bill 4. The repeal of the Ontario Cap and trade program without first providing a better and stronger alternative is harmful and counter productive. First present an alternative policy and system for addressing climate change and then debate its merits before repealing legislation that is already in place and having some good effect.\nThank you.\n"
    },
    "6563": {
        "url": "/comment/6563",
        "comment": "Here is what Cap and Trade\u2019s cancellation, without a meaningful alternative to meet Paris Agreement standards means to me:\nMy own health, safety and property is in continued danger from pollution, record lethal heatwaves, flooding and forest fires.\nMy children will bear not only the economic burden of increasing climate change costs, but also will miss the full beauty of the outdoors I treasure as an Ontarian.\nJobs are lost in my community, many from innovators with programs of expansion to hire even more employees.\nGrowth and prosperity in my community is endangered as Bill 4 sends a message that we are \u2018closed for business\u2019 in the green tech industry, hurting our competitiveness in what could be a champion industry.\nThe biggest polluters, large companies with enormous heating and transportation costs are not required to pay for their impact on our lives, whereas I do, including health costs, property damage, infrastructure strain.  Polluting for free leaves me to pick up the tab.\nMy own dreams as a developer to start my own company to make carbon neutral websites have been thrown a wrench\u2014despite overwhelmingly positive feedback from potential clients, as I was applying to grants funded through cap and trade.  I know I am just one small example of stunted business endeavour caused by Bill 4.\nIt doesn\u2019t have to be this way!  The idea that environmental and business interests are at odds is false. All over the world, and here in Canada companies and leaders are finding solutions that save energy, save money, and increase profit.  What we need right now is investment in our future, not to turn backwards and ignore our responsibilities.  The system was working, and it\u2019s a crime to take the billions collected and redistribute them for different purposes. This money comes from our collective action at a time I\u2019m so proud of. As Ontarians we acknowledged we couldn\u2019t stay on our old course without endangering our future.  Carbon reduction work must continue, our lives depend on it.\n"
    },
    "6564": {
        "url": "/comment/6564",
        "comment": "Hello-\nI am extremely concerned and strongly disagree with the proposed Bill 4 to eliminate the cap-and- trade system and thus the programs funded by this price on pollution that helped Ontario households and businesses be part of the low-carbon economy. I am equally concerned that it also removes the legislated greenhouse gas reduction targets that tell businesses where our economy is going.\nThis year\u2019s more intense wildfires, flash floods and hurricanes are sending a clear message: failing to act on climate change already has an enormous cost. Those costs are only going to go higher, so if the government doesn\u2019t want to use carbon pricing, then they need to tell Ontarians what they will do instead to address the climate crisis.\nAt a minimum, Ontario\u2019s new climate plan should be consistent with meeting the goal set out in the Paris climate agreement of keeping warming well below 2 degrees Celsius. That will require building more efficient homes and offices that use less energy and thus cut energy costs. It means better public transit and switching to vehicles powered by renewable energy. These kinds of measures will create good, green jobs in the economy of the future.\nPlease provide details of the governments plan to reduce climate change before proceeding with Bill 4. Thank you.\n"
    },
    "6565": {
        "url": "/comment/6565",
        "comment": "1)Multiple scientific studies by highly reputable scientists have come out this summer warning that we are farther along the path towards runaway global warming than has been recognized by the International Panel on Climate Change. One of these articles, reported in the Guardian, warns that we have only 10-20 years to stop burning fossil fuels or we will not be able to avoid triggering a cascade of positive feedback loops leading to a \"hothouse earth,\" threatening all life on the planet. This is in keeping with previous warnings given by Dr. James Hansen (formerly head of NASA's Goddard Institute) and Dr. Dennis Bushnell (chief scientist at NASA's Langley Research Centre). For Ontario to proceed without a science-dictated climate change plan now compromises our food supplies, our infrastructure, our health and our children\u2019s future. Failing to enable the policies and incentives necessary to curtail the threat of runaway global warming is not only negligent, it is criminal.\n2) There are many economic benefits to acting on climate change. As reported in Huffington Post, reducing greenhouse gases substantially within the next 3 years, could result in \u201ca grand economic transformation [which] could bring a $26 trillion windfall, create 65 million new jobs, and avoid [at least] 700,000 early deaths linked to air pollution....\u201d Nationally, according\nto Clean Energy Canada, actions to improve energy efficiency alone, could result in 118,000 jobs and save $1.4 billion annually. It makes no sense to cut incentive programs, like rebates for Ontarians to upgrade furnaces and install better insulation, that help curb Greenhouse Gas emissions, save us money and provide jobs for local contractors.\n3) It is a blow to the economy, to cancel renewable projects and de-incentivize electric vehicles. It sends a message to green industry that we are not \u201copen for business\u201d and discourages the jobs and investments that will ensure our economy remains prosperous, resilient and sustainable. As a recent Forbes article states, the Ontario PC\u2019s backtracking on climate initiatives, including the cancellation of hundreds of wind and solar projects, \u201c\nInstead, Ontario could benefit from pursuing a forward-thinking economy, moving away from fossil fuels and investing in renewables and clean technology.\n4) It is generally agreed amongst environmental advocacy groups that putting a price on carbon is both the only market solution, and a necessary step in our efforts to avoid runaway global warming. The only way that scrapping the cap and trade program would be acceptable, is if it were replaced with a fee and dividend program. In both cases, the money earned could be given back to the people so that it is not a \u201ctax grab.\u201d Money collected could also be used to further actions to reduce Greenhouse Gases, like electric car incentives and investment in renewables or clean technology. Ontario needs to put an effective price on carbon.\n5) Putting a price on carbon emissions is a proven way to force polluters to pay the costs which otherwise must be paid for by all of us. It has been estimated that each ton of CO2 emitted has a cost of between $45 and $275, accounting for factors like difficulty growing food, threats to human health and lowered worker productivity. Environmental costs include damage from storms and wildfires. In the first 5 months of 2018, extreme weather events cost Ontarians $696 million which does not include the flooding Toronto experienced this summer. The Doug Ford administration is not only ignoring the problem, they're exacerbating it farther by taking a pro- developer stance. Ontario\u2019s ministries warned years ago that continued climate change, coupled with land conversion and population growth are a significant threat to the integrity of Ontario's aquatic and terrestrial ecosystems. To continue to allow polluters to externalize their costs onto the public is not only negligent, it is criminal.\n6) In Ontario, 40% of CO2 emissions come from heating buildings, and 30% from vehicles. These must be reduced in order to reach Ontario\u2019s target of 30% below 2010 levels by 2030. Similarly, the TransformTO plan -- which has lost a substantial part of its funding due to the scrapping of the provincial price on carbon -- has a targeted reduction in greenhouse gas emissions of 30% by 2020, 65% by 2030 and 80% by 2050 based on 1990 levels. Canada has also committed to the Paris Accord to keep temperature rise under 1.5 or 2 degrees C. There is no hope of meeting or exceeding these targets, which we have to do to avoid catastrophic climate change, unless we put a price on carbon and direct the funds to climate action.\n7) While Canada's overall contribution to greenhouse gas emissions is small, our per capita emissions (20 tons/person/year) are much higher than the European average (6.9 t/p/y), as well as rapidly growing countries like China (7.7 t/p/y) and India (1.9 t/p/y). Rather than bringing down our per capita contribution to climate change, we have gotten rid of a price on carbon, which is equivalent to starting 30 new coal fired plants. We must do better then this, in order to keep global temperatures down and safeguard our health, food supplies and the futures of our children.\nShould the current government choose to listen to scientists, citizens and environmental groups, this could be the opportunity to make Ontario's climate action plan a model for the rest of the world, with targets based on science that will meet or exceed our Paris commitments, actionable steps to reach these targets and a commitment to accountably measure and report on progress. This plan needs to include an effective and escalating price on carbon, which can provide funding for climate action.\n"
    },
    "6569": {
        "url": "/comment/6569",
        "comment": "This legislation is driven by ideology and is reckless. It wastes taxpayers\u2019 money spent on developing a program to reduce carbon emissions, without any consultation or proposals for a better plan. Taxpayers will end up paying legal fees and penalties the government has failed to estimate. This act will have negative financial and environmental impacts.\n"
    },
    "6570": {
        "url": "/comment/6570",
        "comment": "Since 2010, Citizens\u2019 Climate Lobby Canada has been advocating for carbon fee and dividend: an incrementally rising price on carbon pollution where 100% of the fees collected are returned to citizens. In Canada, carbon fee and dividend is also championed by  Clean Prosperity and has been endorsed by the PostMedia Editorial board in September 2017 in their syndicated editorial \u201cHere\u2019s how to make carbon pricing honest\u201d. In September 2018, Clean Prosperity recently released a study that found the vast majority of Ontarians would come ahead under a carbon fee and dividend policy.\nIn the USA, Shell Oil, General Motors and other big corporations are the founding corporate members of the Climate Leadership Council. They are a policy institute that is actively lobbying Congress in the USA to pass carbon fee and dividend legislation.  A June 2018 study found that their Carbon Dividends Plan would achieve more than triple the emissions reductions of all Obama-era climate regulations, and could exceed the high end of the U.S. Paris Commitment. The Carbon Dividends Plan also has a well-funded political action committee.\nGlobally, 20% of emissions are now covered by a carbon price - including 45 national carbon pricing policies.\nWhat business and industry requires for long-term business planning is clarity of purpose as to the future direction of climate policies. Thus, if Ontario is truly open for business, we need policy persistence for the dealing with the climate crisis.\nCarbon fee and dividend could be that policy. Carbon fee and dividend is a policy where all sides win. It will appeal to a broad spectrum of Canadians, whether they support small government, free markets, strong environmental policy, or expanded government benefits. Thus, carbon fee and dividend has built-in policy persistence.\nThe first compliance period for Ontario\u2019s cap and trade program ends December 2020. This a logical time to end the program and bring in carbon fee and dividend.\nCarbon fee and dividend in Ontario would work as follows:\n\u2022 A fee is placed on carbon-based fuels at the source (well, mine or port of entry)\n\u2022 The fee is increased at a pace that motivates the emissions reductions necessary to avoid catastrophic consequences\n\u2022 Protect low and middle income households from increased energy costs associated with the carbon fee by returning 100% of the dividends collected by back to Ontarians.\n\u2022 A predictably increasing carbon price will send a clear market signal which will unleash entrepreneurs and investors in the new clean-energy economy.\n\u2022\u2022 To prevent offshoring of carbon emissions, especially as the carbon fee rises, Canada\u2019s federation of provinces and territories would work with the federal government to enact border carbon adjustments.\nFurthermore, as is our right under the Ontario Bill of Rights, we demand to always have the right to open and public consultation with regards to changes environmental legislation. As well, we ask that the Government eliminate over $600 million in fossil fuel subsidies. Finally, we need legally binding greenhouse gas targets, transparent progress reporting and cross-party cooperation. Please use the United Kingdom\u2019s Climate Change Act (2008) as a model which is the recommendation of Ontario\u2019s Environment Commissioner in: Climate Action in Ontario: What\u2019s Next?\n"
    },
    "6571": {
        "url": "/comment/6571",
        "comment": "I had the opportunity to hear our Environmental Commissioner Dr. Dianne Saxe last night (October 3, 2018) in Sarnia, Ontario. She explained that this new bill (Bill 4) has no teeth and will do nothing to fight Climate Change. She also spoke very positively about the existing Cap and Trade System. She talked about the significant energy savings that have been attained by using the money generated by the Cap and Trade System. How can this government not listen to our Environmental Commissioner? How can our government abandon climate change and the commitments set out in the Paris Accord? I am very disappointed and I hope this government will take a sober second thought and reconsider abandoning the existing Cap and Trade program.\n"
    },
    "6572": {
        "url": "/comment/6572",
        "comment": "Since 2010, Citizens\u2019 Climate Lobby Canada has been advocating for carbon fee and dividend: an incrementally rising price on carbon pollution where 100% of the fees collected are returned to citizens. In Canada, carbon fee and dividend is also championed by Clean Prosperity (1) and has been endorsed by the PostMedia Editorial board in September 2017 in their syndicated editorial \u201cHere\u2019s how to make carbon pricing honest\u201d.\n(1) https://mailchi.mp/cleanprosperity/carbonpricinginontario-465989?e=24f0\u2026\nIn September 2018, Clean Prosperity released a study that found the vast majority of Ontarians would come ahead under a carbon fee and dividend policy. Thus everyday people are protected.\n(2) https://d3n8a8pro7vhmx.cloudfront.net/conservativeforward/pages/13/atta\u2026\nIn the USA, Shell Oil, General Motors and other big corporations are the founding corporate members of the Climate Leadership Council (3). They are a policy institute that is actively lobbying Congress in the USA to pass carbon fee and dividend legislation. A June 2018 study found that their Carbon Dividends Plan would achieve more than triple the emissions reductions of all Obama-era climate regulations, and could exceed the high end of the U.S. Paris Commitment. The Carbon Dividends Plan also has a well-funded political action committee. (5) Just today, on October 1, two more members joined the BiPartisan Climate Solutions Caucus in Congress in the USA bringing the number to 45 Republicans and 45 Democrats. (6) Thus in the USA both at the corporate and political level movement on climate action is well underway.\n(3) https://www.clcouncil.org/\n(4) https://www.clcouncil.org/media/A-Winning-Trade-1.pdf?12\n(5) https://www.afcd.org/\n(6) https://citizensclimatelobby.org/climate-solutions-caucus/\nGlobally, 20% of emissions are now covered by a carbon price - including 45 national carbon pricing policies. (7)\n(7) https://carbonpricingdashboard.worldbank.org/\nWhat business and industry requires for long-term business planning is clarity of purpose as to the future direction of climate policies.\nThus, if Ontario is truly open for business, we need policy persistence for the dealing with the climate crisis.\nCarbon fee and dividend could be that policy. Carbon fee and dividend is a policy where all sides win. It will appeal to a broad spectrum of Canadians, whether they support small government, free markets, strong environmental policy, or expanded government benefits. Thus, carbon fee and dividend has built-in policy persistence.\nThe first compliance period for Ontario\u2019s cap and trade program ends December 2020. This a logical time to end the program and bring in carbon fee and dividend.\nCarbon fee and dividend in Ontario would work as follows:\n\u2022 A fee is placed on carbon-based fuels at the source (well, mine or port of entry)\n\u2022 The fee is increased at a pace that motivates the emissions reductions necessary to avoid catastrophic consequences\n\u2022 Protect low and middle income households from increased energy costs associated with the carbon fee by returning 100% of the dividends collected by back to Ontarians.\n\u2022 A predictably increasing carbon price will send a clear market signal which will unleash entrepreneurs and investors in the new clean-energy economy.\n\u2022 To prevent offshoring of carbon emissions, especially as the carbon fee rises, Canada\u2019s federation of provinces and territories would work with the federal government to enact border carbon adjustments.\nFurthermore, as is our right under the Ontario Bill of Rights, we demand to always have the right to open and public consultation with regards to changes environmental legislation. As well, we ask that the Government eliminate over $600 million in fossil fuel subsidies. Finally, we need legally binding greenhouse gas targets, transparent progress reporting and cross-party cooperation. Please use the United Kingdom\u2019s Climate Change Act (2008) as a model which is the recommendation of Ontario\u2019s Environment Commissioner in: Climate Action in Ontario: What\u2019s Next? (8)\n(8) https://eco.on.ca/our-reports/climate-change/\nBill 4, Cap and Trade Cancellation Act, 2018\n"
    },
    "6574": {
        "url": "/comment/6574",
        "comment": "Repealing cap and trade is the wrong decision for Ontario, and the wrong decision for the world. Premier Doug Ford's actions in repealing this program are nothing short of cowardly, and show his merit as an individual who is unwilling to stand up and do the right thing in the face of protest. The world does not have time of this kind of pathetic political maneuvering in times where strong and rapid action against climate change are necessary.\n"
    },
    "6579": {
        "url": "/comment/6579",
        "comment": "Dear Commissioner Saxe,\nThank you for this opportunity to provide feedback on Bill 4 - the Cap and Trade Cancellation Act. As we have seen and I know you are also aware of this - we have had unprecedented extreme weather here in Ontario, in the rest of Canada and throughout the world. It is very disappointing that our new Premier has decided to scrap what was a successful program in the short time that it run. I think we need a stronger law on environmental policy as soon as possible!\n"
    },
    "6580": {
        "url": "/comment/6580",
        "comment": "This is such a terrible decision and I don't understand the logic behind it at all. The Ford government doesn't even have a climate plan at this point, so why dismantle a system that's already in place? Oh right, because it was implemented by the Liberals so must be repealed.\nIs saving $80 per year on your gas bill really worth it? Yes, reducing carbon emissions and preventing climate change will be expensive. But we cannot afford to fail at it and the longer we wait, the more difficult and expensive it will become. Climate change is already happening. How many ice storms, heat waves, droughts, tornadoes, and forest fires have to happen - right here in Ontario - before we start to take it seriously? How many temperature records have to be broken? All of our futures depend on us getting this right and repealing cap and trade is such a backwards move.\nPlease read and take into account the report on this subject by Environmental Commissioner Dianne Saxe, available here: https://docs.assets.eco.on.ca/reports/climate-change/2018/Climate-Actio\u2026\nI'm sure these comments won't make any difference, but I really hope the government rethinks this move. They don't want a carbon tax, they don't want cap and trade, so what exactly is their plan? Sure, cap and trade isn't the only solution to climate change, but already Ontario's emissions have dropped a little and it's at least a start. Let's not throw that away.\n"
    },
    "6581": {
        "url": "/comment/6581",
        "comment": "The funds that were used for important upgrades to school and other buildings, rebates for electric cars and support for innovation would be wiped out by cancelling Ontario's Cap and Trade system.  There would also be job loss for contractors. On a broader view, cancelling Ontario's Cap and Trade is costlier to future generations.  Please reconsider and stop undoing the positive change done by prior governments.\n"
    },
    "6583": {
        "url": "/comment/6583",
        "comment": "I am 28 years old and extremely concerned about climate change. The seasons keep getting warmer, with each year breaking a new heat record. And this trend shows no sign of stopping. Meanwhile, we hear about worse and more common fires, hurricanes and other natural disasters that appear to be linked to this increase of heat. Action must be taken by all parties: governments, companies and citizens.\nIf you cancel the cap and trade program and replace it with nothing, you will be abdicating your responsibility to act in the best interest of the citizens of Ontario. Therefore I urge that you either leave the program in place, improve it, or replace it with a better system. Just trashing it will be an insult to the citizens of this province, and an assault on the future of its youth.\n"
    },
    "6584": {
        "url": "/comment/6584",
        "comment": "Active since 2008 in the Greater Toronto Area, the Good Jobs for All Coalition includes more than 30 community, labour and environmental organizations, focusing on the promotion of decent work, a green economy and equity for all.\nThe Coalition believes that having in place a cap and trade or similar system that provides a price for carbon and a source of funding for climate-change-fighting initiatives is an important foundation for fighting climate change.\nInstead of cancelling the Climate Change Mitigation and Low-carbon Economy Act, 2016 and winding down the Cap and Trade Program, Good Jobs for All proposes it be enhanced through a Climate Change Accountability Act so all Ontarians prosper as we move towards a low carbon economy.\nAction against climate change creates good green jobs. Ontario needs to train and prepare its workers to thrive\nin the coming low carbon economy.\nExtreme heat, floods, forest fires, drought and other climate events cost Ontarians billions of dollars in damages\na year, disrupt our lives and livelihoods, and will continue to do so. The worst effects of climate change are often\nfaced by Indigenous Peoples, peoples of colour, low income folks or others who are historically marginalized.\nA price on carbon creates a virtuous circle. It modifies behaviour, reduces carbon emissions and uses the money\nraised to fund incentives & install and use new technologies that can create new jobs in new industries, leading\nto a sustainable economy.\nOntario legislated its greenhouse gas (ghg) targets in 2016*, but failed to include adequate measures to ensure\ntargets are met.\nGood Jobs for All proposes a Climate Change Accountability Act with the following provisions:\n1) Retain the requirement that all revenues earned under the cap and trade system be spent on ghg reduction\nmeasures. Ensure transparency of mechanisms used to fund individuals, communities and corporations who\nwant to reduce their ghg emissions. Continue funding training for new and existing workers and Indigenous\nPeoples, peoples of colour, low income folks or others who are historically marginalized to install and operate\nenergy saving devices and equipment. Enhance refunds for low and moderate income families through a revised\nOntario Energy and Property Tax credit.\n2) Prohibit the sale of gas and diesel engines by 2030 at the latest and promote the manufacture and sale of\nelectric and other zero emission vehicles in Ontario well before that date. Invest in electric charging stations for\nvehicles of all types.\n3) Continue investments in publically owned rapid transit, such as LRT lines, and other infrastructure, including\ntransfers to municipalities.\n4) Government to invest in publically owned renewable energy and stop privatization of Hydro.\n5) Amend Ontario Building codes to be net zero ghg for new buildings by 2030. Adopt an aggressive approach to\nretrofit existing Ontario buildings. Enact programs to financially encourage energy retrofits in private sector.\nIncrease funding for public housing.\n6) Rapid Reforestation - Trees are a great way to store carbon for many decades, after which hopefully we will\nhave passed peak carbon when either the trees are harvested or die-off.\n7) Create a Just Transition fund for workers and communities displaced by efforts to reduce ghgs. Measures to\ninclude the 4Rs: Retraining, Re-Location, Retirement and Redundancy payments.\n8) Mandatory joint union/management committees in workplaces with 25 or more employees, with legislated\nrole for Workplace Environmental reps, similar to Health and Safety officers.\n9) Community Benefit Agreements for all infrastructure projects over $50 million with binding, equitable and\ninclusive employment targets and consultation with historically disadvantaged communities and equity seeking\ngroups.\n*Under the 2016 legislation that brought in cap and trade of greenhouse gas emissions, Ontario Greenhouse Gas targets are: 15 % below 1990 levels by 2020, 37 % below 1990 levels by 2030, 80 % below 1990 levels by 2050\n"
    },
    "6586": {
        "url": "/comment/6586",
        "comment": "Please, do not dismantle our Cap and Trade program. This program has already shown that it is effective and powerful at stimulating an economy that is based on sustainability and a better future for humanity. If anything, this program does not go far enough and I encourage (no, challenge) the Ontario government to develop these laws further and increase the investments we are making in solar, wind, carbon emission pricing, etc.\nIn addition, I work in a structural engineering firm. We often design and reinforce structures to support new solar panels on their roofs. Your cutting of the GreenOn program is already costing us work. As well, the Ontario Building Code is pushing for more stringent energy saving measures for new buildings, but without GreenOn existing buildings and homeowners have little opportunity to invest and save money over the lifetime of their home's energy costs.\nWake up, please, and do not scrap what little of a climate change action plan we have left.\n"
    }
}