{
    "5988": {
        "url": "/comment/5988",
        "comment": "it is wrong to cancel the current cap and trade program.\nthese kinds of programs are proven to work and reduce emissions.\nthus improving all our health and reducing global warming and climate change.\nthis cancellation exposes all tax payers to extensive liabilities.\nand the federal government has indicated it will impose a system upon provinces that do not setup their own.\nthe prudent thing to do would be to at least wait until the current deal expires and observe how it has worked , before thinking about making any changes .\n"
    },
    "5989": {
        "url": "/comment/5989",
        "comment": "I think it's absolutely heinous that the government is cancelling a program designed not only to help tackle one of the world's - and Ontario's - most pressing crises of global climate change, but that would also have incentivized the rapid growth of low-carbon industries, increasing job creation and prosperity within these sectors. It is beyond clear from the evidence and from the stark reality of Canadians' experiences here at home that people around the world are already suffering the extreme impacts of a rapidly changing climate, as the earth's average temperature continues to increase due to our global society's greenhouse gas emissions.\nThese impacts are not just environmental, but have tremendous social and economic consequences as communities are torn apart, and alternately scorched, flooded, face extreme droughts and wildfires, and super-powered storms due to the extra energy being trapped in the climate system. When a community burns or a city is hit by a super-charged hurricane, the social and economic consequences are enormous. It is due to the urgency of this crisis that cities around the world are now leading, and in some cases suing the carbon-intensive industries that have caused this crisis, where their provincial or federal governments are falling behind.\nOntario has been a leader in the past on pressing towards a more sustainable society, for instance by phasing out coal-fired power plants. Now, all Ontarians reap the health benefits from this decision as there are far fewer smog days than there were previously, and our economy if anything has gotten stronger. As one of the leading regions in Canada for clean energy development and deployment, it is economic stupidity to NOT be investing in the rapid growth of this sector, which worldwide is now worth in the trillions of dollars. Instead, it is clear that the provincial government is simply pandering towards the corrupt influence of the fossil fuel industry, when it should be looking out for the well-being, safety and long-term prosperity of Ontarians.\nWhile it's sensible to debate the most appropriate climate policies to support a low-carbon transition, \"no climate policy\" is now merely a sign of greed, corruption and a willingness to worsen our crisis, and makes no economic or social sense whatsoever. It will also cost us millions in already-sold credits to wind down a program that was actually beginning to work. The government should reverse this decision and get back to representing the PEOPLE, NOT the oil industry. SHAME.\n"
    },
    "5990": {
        "url": "/comment/5990",
        "comment": "As a business owner I am just shocked that the provincial government would roll back the Cap & Trade legislation.  Given the undeniable realities of climate change, stopping this initiative without having a solid replacement is just criminal. I think I would have preferred a Carbon Tax, but can see advantages to align with California & Quebec.  Breaking those inter-jurisdictional alliances will just make it harder to make any progress on reducing our Carbon Footprint.\nThis is a stupid, short-sighted, decision.\n"
    },
    "5992": {
        "url": "/comment/5992",
        "comment": "I do not agree with the Cancellation of Cap and Trade.   Climate change is a real issue that requires tough measures.\nReducing Carbon is a necessary step in protecting our planet.\nThis is not one political party vs another Federal, Provincial or Municipal.   Climate Change affects everyone.\nThe condition of the world we leave our grandchildren is much more important than getting a break at the gas pump.\nMany Ontarians understand there are thing we can do to help.  Many Ontarians do not understand, or worse,  deny Climate Change.\nAll Ontarians need our  leaders to step up, work together, and take the lead  in the fight to save this beautiful place we call home.\n"
    },
    "5993": {
        "url": "/comment/5993",
        "comment": "I think the state of the environment is the most pressing issue currently.  We are rushing towards global destruction and we are electing \"leaders\" who are actively advancing the damage.  Not only are they not helping to address global crisis, they are actively taking steps to accelerate the destruction of human existence.  The Ford government's cessation of Ontario's cap and trade is one of those accelerants.  Frankly, this move is so detrimental to human existence, I don't understand how it can even be legal to stop it.  It's genocide.\nI'm not going to list all the benefits of this program.  They are many and there are a number listed on your home page.  Anyone not familiar with the program  has only to look to California to see the success of this initiative in action.  They have reached their emission goals two years in advance of projections.  They've set more goals.  They look to the future.\nI project that Ford's government will hasten the rape and pillage of Ontario's green spaces and natural resources.  He has declared that Ontario is \"open for business\", but as the Huffington Post reports, Ford has slammed the brakes on a \u201cgrand economic transformation (that) could bring a $26 trillion economic windfall, create 65 million new jobs, and avoid 700,000 early deaths linked to air pollution \u2015 by a conservative estimate.\u201d  Open for business, but not green business apparently.\nWe are at a time in the history of our planet when talking about doing something for the environment has long passed.  Ontario is now doing nothing because of an act of political revenge.  No other environmental plan has been put forth.  I am appalled that one ignorant little bully can wield such power and such destruction.  It's genocide.\n"
    },
    "5994": {
        "url": "/comment/5994",
        "comment": "I strongly disagree with the cancellation of the Cap and Trade program. We need to use all the tools we have to fight the climate change crisis and although Cap and Trade is not perfect, it has been effective in helping in the fight. I don't consider it a tax as the new PC government has categorized it. The cost to each individual has been small compared to the cost of not fighting climate change.\n"
    },
    "5995": {
        "url": "/comment/5995",
        "comment": "\u2022The Ontario government should be protecting Ontarians from Climate Change, NOT from policy designed to bring climate change under control\n\u2022Summers in Ontario and around the world have been the hottest on record in recent years, a trend attributed by experts to climate change\n\u2022Climate change-related heat, drought, and wildfires threaten the health, lives, personal property and businesses of Ontarians\n\u2022GReen House Gas emissions must be reduced sharply, immediately, to reduce catastrophic and unstoppable warming\n\u2022We need Ontario policies & programs to cut emissions\n\u2022Ontario\u2019s cap&trade Prog enables businesses to cut green house gas emissions in a cost effective way, while generating $2.8 Billion in revenue, AND unleashing market forces that will make Ontario competitive in the Clean tech  industry...preserving health, natural infrastructure, and jobs\n"
    },
    "5997": {
        "url": "/comment/5997",
        "comment": "I am strongly against cancelling the cap and trade act. People who do this are not concerned about the environment but only on trying to win votes at any cost. If we want to preserve our country and our world for our children and grandchildren, we will keep this act as it is.\nI also am against all the salt that is used on our roads. Countries like Sweden and Norway do not do this. We could emulate them and save our environment.\n"
    },
    "5998": {
        "url": "/comment/5998",
        "comment": "Ontario's cap-and-trade system is of vital importance for Ontario's transition to a low carbon economy. Climate change is real, and the costs are mounting. One need only look at the intensity of recent storms to see the billions of dollars that it will cost us to react to these disasters.\nThe cap-and-trade system is not a tax, and ideological actors should stop referring to it as such. Also, the revenues from this system can be used to mitigate whatever costs citizens face. British Columbia provides proof that such a system does not in fact hamper the economy, but instead contributes to it.\nRegardless, the cost to citizens through their taxes of defending many incoming lawsuits is greater than the net cost to citizens of the cap-and-trade system.\nIt makes environmental sense. It makes economic sense. Cap-and-trade should remain in effect and this bill to repeal it should be scrapped.\n"
    },
    "5999": {
        "url": "/comment/5999",
        "comment": "I think it is an awful idea to cancel the Cap and Trade program. In this day and age, we are virtually certain that climate change is already happening and that it is in large part due to human activity. Cap and trade is a common way to reduce our emissions and taking that away will only make things worse. We can't wait any longer to act on climate change. Doug Ford says he is for the people but by cancelling cap and trade he is contributing to climate change that will only hurt the people, not just in the long run but right now as we are already seeing the effects of climate change.\n"
    },
    "6000": {
        "url": "/comment/6000",
        "comment": "Cancelling Cap and Trade only serves major polluters. You have abandoned our children\u2019s and future generations Heartless move.\nPlease show the hard evidence that led you to do this.\nRebateOn is also gone causing small businesses  to loose income, individuals to loose jobs and tax revenue to drop when we need all three to improve our economy. Again no thought to the effect of pollution on the environment or the future generations.\n"
    },
    "6001": {
        "url": "/comment/6001",
        "comment": "I disagree vehemently with this proposal. Cap and trade and carbon taxes are proven methods for reducing CO2 output. The Cap and trade system puts the onus on industrial emitters whereas a carbon tax directly costs everyone who uses products, mostly fossil fuels, that produce CO2 emissions. Cap and trade is a much more difficult system to regulate but because it doesn't put the costs directly on the consumer and would cost little to the average person to continue implementing.\nNot only will this system hurt is in not reducing carbon emissions, but it will cost the government billions in replaying those companies who have purchased carbon offsets. And furthermore, it will likely result in the levelling of carbon taxes from the federal government which more directly affect the consumer. The federal government has made it clear that they will enforce their own taxation system on carbon if provinces don't do it themselves.\nFor a government that came in with the goal of reducing the cost of government, spending billions to get out of cap and trade directly as well as indirect costs such as removing the structure that existed to collect the licenses is a nonsensical move. I call on the government to reconsider its decision to repeal cap and trade in the strongest terms possible.\n"
    },
    "6002": {
        "url": "/comment/6002",
        "comment": "This is an absolute terrible idea to cancel the Ontario Cap and Trade program. The Program brings in revenue to the government which will now be lost. Not to mention the detrimental effects it will have on the environment by allowing carbon emitters to emit as much carbon as they want. This decision will end up costing more in the long-run since the current government has no plan to replace cap and trade, the Federal government will impose a Carbon Tax starting at $10 dollars per tonne and will eventually reach 50 dollars per tonne by 2022. Anyone who isn't a complete idiot knows that implementing a national carbon tax is within Federal jurisdiction so the lawsuit against the Federal government by Ontario will easily fail. This government has already shown, at multiple stages of its short mandate that it does not care at all for the people of Ontario, but rather, would focus on settling petty rivalries and just tearing down all the progress the province has made in the past 15 years. I strongly condemn this bill, and would believe it to be in the best interest of the government and the people of Ontario for it to be repealed. This is the Province of Ontario, not Ford Nation. Keep in mind 60% of the province did not want this government in power.\n"
    },
    "6004": {
        "url": "/comment/6004",
        "comment": "I ABSOLUTELY OBJECT TO Bill 4, Cap and Trade Cancellation Act, 2018\nTHE EARTH IS AT A TIPPING POINT.  GREED IS NOT GOING TO SAVE US.   THIS IS CRIMINAL!!!\n"
    },
    "6005": {
        "url": "/comment/6005",
        "comment": "This bill is a very, very bad idea. It demonstrates that the new Ontario government has no plan whatsoever to deal in a serious and effective way with carbon emissions or to meet any Canadian or international targets. It has been shown that a carbon tax in whatever form will produce economic benefits, including incentives, to Ontarians that well exceed any costs.\nWith only 40% voter support, Premier Ford and his false majority government has no mandate from Ontario citizens to continue with his anti-environment policies.\n"
    },
    "6007": {
        "url": "/comment/6007",
        "comment": "The abolishment of the cap and trade system is going to disrupt many environmentally sustainable initiatives that were funded by this approach.  How will companies be compensated for the unused credits they have earned? Without this incentive to reduce carbon emissions how will industry be held accountable for its environmental practices? No alternative to cap and trade has been presented!! This government appears to be in denial about the urgent need to address climate change.\n"
    },
    "6008": {
        "url": "/comment/6008",
        "comment": "I strongly disagree with the government's decision to remove the cap and trade program. The world is moving in the direction of sustainable development and creating a market in which the externalities of carbon emission can be captured is essential to staying at the forefront of change. This change is going to happen whether we want it to or not, so why not position Ontario to be a leader, and not a follower on this matter? Even if there is the argument to be made that it will make our province less competitive in the short run, in the long run having a cap a trade system will make us more competitive. Businesses loath uncertainty, and having a well established carbon market that has been in place for years and proven to be reliable would be hugely beneficial in attracting business in the years to come.\nDon't be short sighted. Be ahead of the curve.\n"
    }
}