{
    "7535": {
        "url": "/comment/7535",
        "comment": "We have to have an emmissions program and it should be one that all Canadians can participate not just companies.\nThe future depends on it.\nOur children and grandchildren are depending on us to make the right decisions, which should have nothing to do with costs, because everything we do nowadays that is good costs money.\nA very concerned citizen of Ontario\n"
    },
    "7536": {
        "url": "/comment/7536",
        "comment": "I want a real climate change plan to reduce emissions, help people save energy and create jobs in the $26 trillion clean economy.\nI want Ontario to put a price on pollution, making polluters pay for their emissions and returning the revenues to the pockets of Ontarians so they can lower their carbon footprint.\nI want legally binding emissions targets in line with our obligations to the Paris Climate Agreement.\nI want Ontario to be 100% powered by clean energy by 2050\nI want Ontario to end subsidies and handouts for fossil fuel companies and redirect this money to clean energy solutions.\nI want more research and government support for carbon sequestration on agricultural lands through carbon farming practices.\nI want real solutions in soil carbon sequestration applied through Ontario government agricultural programs that support Ontario farmers through grants, subsidies and other funding sources, that encourage and support adaptation of soil carbon sequestration practices, and promote products grown with these practices.\n"
    },
    "7537": {
        "url": "/comment/7537",
        "comment": "First, I want to thank you for taking the time to read my comment on the bill that is currently being debated.\nI reject the climate cancellation bill. I believe that it is important for us as humans to be mindful about how we are treating the environment. As someone who works in healthcare, I am greatly concerned about the human cost that this bill would have. We already see an increase in pathologies related to poor environmental changes that cause individuals to need more intense care for longer which is a huge financial burden on the healthcare system and consumes many text-payer dollars. It's not hard to see that the earth can't sustain what we are doing to it forever, we are seeing the impact on individuals health now never mind what we will see in the upcoming generations. Such insidious, chronic issues don't have a quick fix, they take time. We have been aligning ourselves to move forward for so long, why give up half way when it will bring about the results we need long-term?\nI want Ontario to put a price on pollution, making polluters pay for their emissions and returning the revenues to the pockets of Ontarians so they can lower their carbon footprint.\nI want legally binding emissions targets in line with our obligations to the Paris Climate Agreement.\nI want Ontario to be 100% powered by clean energy by 2050.\n"
    },
    "7538": {
        "url": "/comment/7538",
        "comment": "I want Ontario to put a price on pollution, making polluters pay for their emissions and returning the revenues to the pockets of Ontarians so they can lower their carbon footprint. Further, to this, Ontario should end subsidies and handouts for fossil fuel companies and redirect this money to clean energy solutions.\n"
    },
    "7539": {
        "url": "/comment/7539",
        "comment": "Ontario needs Environmental protections in place, global warming is a legitimate threat to the future habitability of the planet.  Making these changes is short sighted, jeopardizes the future of our province, country and world, and appeases only the oil and gas companies and big polluters.\nThere are more jobs and growth in the green energy sector, it is fiscally irresponsible to ignore change and hide behind a hegemonic and outdated oil/gas economy.\nOntario needs to look to the future, not the past.  Ontario needs to leave the legislation as is.\n"
    },
    "7540": {
        "url": "/comment/7540",
        "comment": "We should not be backtracking on clean and renewable energy. Ontarians should be encouraged to switch to green options, not only for the earth, but for our children. Fossil fuels are the past and clean energy is the future. Encourage it. Make a change (but not a bad one!)\nEmbrace the future, Ford.\n"
    },
    "7541": {
        "url": "/comment/7541",
        "comment": "If you are thinking along financial lines, in the end the cancellation of the green energies incentives will cost more -- in legal fees arising from law suits from cancelled contracts, and fighting the federal government, and in severe climate-change weather events that destroy properties, lives and natural benefits. I want our province and country to be converted to 100% green energy. Your plans will cost you votes and respect.\n"
    },
    "7544": {
        "url": "/comment/7544",
        "comment": "I submit that this act on the part of the government of Ontario is foolish in the extreme.  We must all do what we can to mitigate the effects of climate change.  If you think you have a better proposal, then let's hear it.  To simply put your head in the sand and say that Ontario does not care will not address the greatest problem every person on earth faces.\n"
    },
    "7545": {
        "url": "/comment/7545",
        "comment": "I am writing in hope of a real climate change plan to reduce emissions, help people save energy and create jobs in the $26 trillion clean economy.  I want Ontario to put a price on pollution, making polluters pay for their emissions and returning the revenues to the pockets of Ontarians so they can lower their carbon footprint.  I want to see legally binding emissions targets in line with our obligations to the Paris Climate Agreement.  I hope that Ontario can be 100% powered by clean energy by 2050.  I want Ontario to end subsidies and handouts for fossil fuel companies and redirect this money to clean energy solutions.\n"
    },
    "7546": {
        "url": "/comment/7546",
        "comment": "The environment is important to me and should be important to our government as well, after all a sick plant will help no one.  Canceling Bill 4 (cap and Trade) is the wrong thing to do.  It is important that companies that contribute to pollution are part of the solution and pay to  help clean up our environment, it's time to put the plant first and big companies last.  I want a government that wants to be a part of  helping to clean up the climate,  not one that could care less and be ignorant to the fact that climate change is very real and is rapidly changing our air and weather patterns.  Every year brings more unstable weather with hotter summers,  colder winters, tornado's and down bursts.  When is the government going it wake up to the issues at hand and participate in a solution instead of becoming one of the problems.  Please leave Bill 4 the way it is.\n"
    },
    "7549": {
        "url": "/comment/7549",
        "comment": "Please rethink your stance on environmental issues. Cap and trade is only a half measure in itself but, and I will put this in language Conservatives can understand, it was profitable. Much like the rest of Doug Ford's portfolio his own environmental safety measures are cloaked on secrecy (because I am sure he has none). Do not forsake the world and make a fool of your province any more than you already have. Thank you, take bill 4 off the table.\n"
    },
    "7550": {
        "url": "/comment/7550",
        "comment": "The passing of bill 4 is the worst thing that could happen. This bill is not in the interest of the Ontario people; climate change is the largest issue facing humanity and this bill will put us decades behind any chance a clean and green future. Ontario and Canada as a whole is looked apon as a progressive nation, of this bill gets passed this will only tarnish our reputation on the world stage and as a result decrease our tourism. This bill only benefits large companies that would rather keep polluting our environment rather then make small changes to their facilities to lower their CO2 (carbon dioxide) emissions. In conclusion bill 4 is not in the public\u2019s best interest but only in the interest of those who have the most to gain by the destruction of our environment.\n"
    },
    "7551": {
        "url": "/comment/7551",
        "comment": "This proposal is irresponsible. Climate change should be our province's top priority.\nOntario needs to put and keep a price on carbon.\nOntario should be 100% clean energy by 2050 if not earlier.\nThe long term costs of doing nothing far outweigh any short term savings. We should lead the way on what needs to be done.\n"
    },
    "7553": {
        "url": "/comment/7553",
        "comment": "Bill 4 is a retrograde and harmful proposal. Humanity is facing a CLIMATE CRISIS and new evidence of that surfaces every day. Storms, flooding, wildfires, rising sea levels, droughts -- all are on the increase. An overwhelming number of scientists are in agreement that this crisis is caused by human activity. We must take action to reverse the accumulation of greenhouse gases in Earth's atmosphere.\nBill 4 does exactly the opposite of what is required. Ontario should be making a climate-change plan that severely reduces emissions. That can be done by instituting (or retaining) energy-saving programs, ceasing to subsidize fossil-fuel companies, and diverting money and effort towards clean energy. Ontario should use 100% clean energy by 2040. Ontario should take steps to EXCEED Canada's commitment to the Paris Climate Agreement. Legally binding emissions targets are essential, backed up by carbon pricing and polluter-pay penalities.\nBill 4 should be withdrawn, cap-and-trade should be retained, energy-saving programs and incentives should be increased, not cancelled. The Ford government should stop wasting tax-payers' money on the lawsuits and compensations that will inevitably result if Bill 4 were enacted.\n"
    },
    "7554": {
        "url": "/comment/7554",
        "comment": "I am appalled that Ontario's cap and trade system may be dismantled.   This is a completely irresponsible idea designed to help rich corporations and their shareholders make more short term profit and the expense of the rest of us and the future stability of our environment  and economy.\nClimate change is a real and present danger to our survival.  Pretending otherwise won't change that.\nClimate change is also going to force a reorganization of our economy. Elimination of carbon cap and trade will favour older, more entrenched segments of our economy at the expense of emerging industries such as renewable energy.\nThe rest of the world is making this transition already and if we don't accelerate our efforts forward ( instead of backward,which is where cancelling cap and trade will take us) we will fall behind and our economy will suffer down the road.\nDon't allow Doug Ford  to cave to his buddies,the rich industries entrenched in the old systems that damage the earth that we all share. Pollution of excess carbon or any other damaging substance should not be free for the offending party, as it is we, the citizens, who will pay the price in climate disasters,  poor health, and a declining economy.\nWake up! The world is changing and if we do not adapt, we will pay an enormous price.\n"
    },
    "7555": {
        "url": "/comment/7555",
        "comment": "I want a real climate change plan to reduce emissions, help people save energy and create jobs in the $26 trillion clean economy.\nI want Ontario to put a price on pollution, making polluters pay for their emissions and returning the revenues to the pockets of Ontarians so they can lower their carbon footprint.\nI want legally binding emissions targets in line with our obligations to the Paris Climate Agreement.\nI want Ontario to be 100% powered by clean energy by 2050\nI want Ontario to end subsidies and handouts for fossil fuel companies and redirect this money to clean energy solutions.\n"
    },
    "7556": {
        "url": "/comment/7556",
        "comment": "I want Ontario to be a leader. I want Ontario to focus on clean energy, create green jobs and take part in the clean economy. Our turning point for repairing and reducing the damage we have done to our planet is narrowing. The green economy is the way. I want to abide by our commitments to the Paris Climate agreement with legally binding emissions targets. Make polluters pay! Reject Bill 4.\n"
    },
    "7557": {
        "url": "/comment/7557",
        "comment": "I want a real climate change plan to reduce emissions, help people save energy and create jobs.\nI want Ontario to put a price on pollution, making polluters pay for their emissions and returning the revenues to the pockets of Ontarians so they can lower their carbon footprint.\nI want Ontario to end subsidies and handouts for fossil fuel companies and redirect this money to clean energy solutions. I want Ontario to be 100% powered by clean energy.\nClimate change is real! And I reject this climate cancellation bill\n"
    }
}