{
    "5648": {
        "url": "/comment/5648",
        "comment": "The cancellation of our cap & trade program is an incredibly stupid and short-sighted decision that not only hurts the people of Canada, but also the businesses that develop and invest in Ontario.\nWhat business needs is stability.  It is better to have an established system for combating climate change, one that is accepted and which everyone can plan around, than it is to be subject to this level of chaos and uncertainty.  No one is benefiting from this move.\nThe OPC claim that the average Ontario family will save $260 a year by canceling cap & trade.  A year.  The idea that we should continue to irreparably damage our environment, and in doing so create far greater costs that we, and our children and grandchildren will all have to pay, to save what amounts to the cost of a Netflix subscription is sheer lunacy.\nNot only that, but in cancelling this program we have lost numerous benefits, such as the green incentives that helped families to make long term investments like installing solar panels which save them far more than $260 a year in the long run.  Not only that, but those incentives created business for local contractors doing installation work, which feeds even more growth in our economy.\nCap and trade should be reinstated immediately, along with all of the benefits it was used to fund.\n"
    },
    "5649": {
        "url": "/comment/5649",
        "comment": "There is no debate about climate change: we know we need to ac now, act fast and act big. Carbon pricing is an essential (albeit not sufficient) tool to address the very real threat of climate change. By creating incentives to reduce GHG emissions, carbon pricing works. Decades of research and a broad consensus among policy analysts and economists across the political spectrum support pricing as a cost-effective way to lower greenhouse gas emissions. Internalizing the costs of climate change is basic market economics.\nThe cap-and-trade program was designed to help Ontario fight climate change and reward businesses that reducing their greenhouse gas emissions.\nThe current government, which did not win a majority of the vote, is intending to scrap the cap-and-trade system without any plan.\nThe cancellation of cap-and-trade presumably also means the cancellation of the many important programs it funds.\nGetting rid of the well-functioning cap-and-trade system, without an alternative in sight, is a huge mistake with enormous costs for the environment as well as the economy. It is a financially and environmentally reckless decision.\n"
    },
    "5650": {
        "url": "/comment/5650",
        "comment": "I am extremely frustrating with this government's rash actions on this matter and others. Why Repeal a program that aims to meet required targets without a plan in place that replaces it? This is so costly to the province and to many businesses - many businesses that work in the clean tech industry will likely be shuttered due to this. I don't see how losing almost $3B in revenue will save anyone money. And it will certainly cost money in legal costs. If you look at the number of people who voted for this government vs the number of people who voted against this government or not at all - please be reminded that no mandate was given, only an opportunity.\n"
    },
    "5652": {
        "url": "/comment/5652",
        "comment": "Ontario needs to do everything in its power, including suffering the temporary pain of raised electricity rates, to transition to an entirely green and renewable generation grid.\nEnergy security of the future depends upon it; Ontario cannot be relying on carbon when temperatures rise past +2 degrees celsius on average, or higher.  The change will either be forced upon us suddenly at enormous cost in lives and livelihoods, or we can accept it now and keep the cost in terms of dollars and cents.\n"
    },
    "5653": {
        "url": "/comment/5653",
        "comment": "Surprise. Surprise. Yet another lawsuit, this time by Greenpeace launched against the Doug Ford Government.  The truth is I doubt this government has a climate change plan. Now they  have resorted to polling the public for ideas. Cap and trade ended and all I know is I can't afford to insulate my attic to keep my heating costs down.  I was banking on the rebate to help me finance the home renovation.  Was banking on replacing my windows but oh well ........  Mike Schriener had it right when he said \"bad weather is Mother Nature's tax on everything!\" The PC Party needs to take a page out of the Green Party book.  I dare you to publish this.\n"
    },
    "5654": {
        "url": "/comment/5654",
        "comment": "Do not cancel the program. It was accomplishing good things that help to mitigate the province's contribution to climate change. I took advantage of one of the programs myself to help my 1855 heritage house become more energy efficient.\nFederal Environment and Climate Change Minister Catherine McKenna announced on July 3 that the government would review $420 million in transfer payments earmarked for Ontario that it was previously eligible for through participating in the carbon sharing market. We have received almost $3 billion in a series of cap-and-trade auctions since the system was introduced. You're saying good-bye to this significant source of revenue while thumbing your nose at the enormous cost of climate change. This is costing, not saving taxpayers' dollars as you promised.\nYou talk about being \"open for business,\" but want to close our borders to all the companies that were contributing.\n"
    },
    "5655": {
        "url": "/comment/5655",
        "comment": "Climate change is real!  We need to carry on with the cap and trade. Something is better than nothing.  Just because the provincial government wants the crown to fork over the money involved in cancelling said program, doesn't make it a done deal.  I am CANADIAN first and want my provincial government to follow the initiatives set out to address climate change across all of Canada\n"
    },
    "5656": {
        "url": "/comment/5656",
        "comment": "Climate change is the most important issue facing humanity today. The disruption of our climate system by emission of greenhouse gases threatens to reverse every gain made by modern society. Wars will be fought over it. People will go hungry. Refugees will cross borders as Earth's life support systems begin to fail. And Canada will not be spared.\nCarbon pricing, including cap and trade systems, are among the most economically-efficient policies to reduce greenhouse gas emissions. This is essential as it creates jobs in efficiency and clean tech sectors that are necessary to position Ontario and Canada as leaders in the global movement away from fossil fuels.\nIf the government eliminates the cap and trade system and fails to pursue meaningful climate action, make no mistake: Your children will curse your selfish, shortsighted legacy. You are doing so against the will of the people, and you are dooming Ontarians to following, rather than leading, a transition that every expert agrees must urgently happen to ensure a safe, sustainable future.\nI am strongly opposed to the cancellation of this cap and trade system. This bill must not pass.\n"
    },
    "5657": {
        "url": "/comment/5657",
        "comment": "Climate change is one of the biggest threats to future generations. He increase we've seen in floods, storms and droughts is only the tip of the iceberg. Not only do we need the cap and trade program, we also need to reduce carbon emissions immediately and invest in renewable energy. That the government for the people, or whatever you call yourselves, would think otherwise is beyond ignorant.\n"
    },
    "5663": {
        "url": "/comment/5663",
        "comment": "I am 100% against this irresponsible and shortsighted Bill. I see very little persuasive data or rationale for cancelling the cap and trade program. You could at least TRY to explain yourselves to those of us wondering where your brains are at with this thinking. This is completely the wrong direction. So much for democracy. So much for progress. This government is an embarrassment.\n"
    },
    "5665": {
        "url": "/comment/5665",
        "comment": "Climate change is the largest problem to have ever faced the human race. It is a dire existential threat which requires urgent and drastic action. The plant is changing. Humans are causing this. We are currently in the midst of the sixth mass extinction event to ever happen on our planet. Life has existed on earth for at least 3.5 billion years and there have only been five mass extinctions prior to the one humans are currently causing. Think about that... only five mass extinctions over the course of 3.5 BILLION years... until we come along and cause another. This should be a wake-up call! Humans are not outside of nature and the natural world. We are a part of it - and cannot survive without it.\nJust this passed week, the Secretary General of the United Nations called climate change a \"direct existential threat\" to humanity - meaning that it threatens our current way of life and survival. He warned that we are in immediate risk of passing a point of no return if we do not, as a species, drastically alter course by 2020. It is currently September 2018 - that is not a lot of time. And, lets not forget, this is the chief of the UN speaking - not some \"radical left-wing\". If the chief of the entire United Nations is not to be taken heed of, I don't know who is.\nTo the crux of the matter. In order to prevent this greatest of existential threats, we need radical change to our social, political, and economic systems - and we need it fast. But, alas, this is clearly not going to happen under a Doug Ford government, nor any party I am currently aware of (anywhere in the world) which has any serious hope of winning an election. But however, that does not mean that the cap and trade system (no, it's not a \"carbon tax\") which the Liberal government implemented is worthless. It is better than nothing. The gases (namely carbon dioxide) which we are releasing into the atmosphere will linger and cause lasting change for many thousands of years. The less we put in now, the better. Projections (including that of the UN) are estimating up to 250 million refugees caused by climate change by the year 2050, and up to a billion by 2100. These are serious numbers. An influx of about 10 million refugees in recent years has caused a worldwide \"crisis\" (if 10 million was enough to cause a crisis, how will our societies possibly survive 250 million, let alone 1 billion?). In addition to natural disasters, places on the planet becoming uninhabitable due to increasing temperatures and rising sea levels, droughts, food chain failures, increased war and conflict, and the list goes on - the future is currently looking like a very bad place to be. And this is not the far future, anyone who is about 20 now will only be about 50 in 2050, and I am presuming that they wish for a good, prosperous, and happy life. Climate change will cause mass death (from starvation, conflict, drought, refugees, etc.), any government who is complicit in taking no action to solve the problem or, even worse, takes action which exacerbates the problem (often for some short term so called \"economic gain\"), is complicit in mass death. Therefore, I say to you, Doug Ford, and all members of the legislature: if you go through with your plan to remove the cap and trade system, you are complicit in, and indeed you are an agent of, mass death. Are you seriously willing to do all of this for some imagined economic growth (our economy has been doing very well with the cap and trade system in place). Do you really want that on your conscience. And, even if you are some being of great evil, and wish mass death to be on your conscience, think about your children, your friends, your family, your constituents, and every single person, animal, and living being on this planet. Just think about that. Even you, Doug Ford, are surely not that evil.\n-- Yours truly, an extremely concerned citizen\nP.S. If you are that evil, and all you care about is money - read the literature, the studies show that it is significantly cheaper to solve climate change before it gets really bad as opposed to solving it once it gets really bad. It will have to be dealt with at some point (if not just for the fact that we will run out of oil) or we will literally go extinct. Take the cheaper option, solve the problem now, grow the economy with clean energy, and (as bonus points) avoid an existential crises in the process :)\n"
    },
    "5666": {
        "url": "/comment/5666",
        "comment": "There is no greater threat to public health, the economy, and the livelihood of all Ontarians than the threat of Climate Change. By cancelling the Cap and Trade system in place, Mr. Ford is betraying the future of the Province of Ontario.\nThe economy of the future is based on renewable energy, energy efficiency, electric cars, electric trains, and advanced and efficient manufacturing. None of this requires oil and gas subsidies, but all of these require cheap, abundant electricity, which renewables are capable of providing as technology matures. The push to developing this technology is pricing oil and gas, which is what the Cap and Trade system did. Instead of being a world-leader in the field of renewables and energy efficiency in order to future proof for the inevitable energy price increases, Ontario is going to fall behind. This means the people of Ontario will lose out on jobs in renewable energy, and feel the bad effects of increases in oil and gas prices. This will negatively affect Ontario business productivity as the cost of goods goes up, and we cannot compete due to inefficiencies.\nCancelling this now also leaves Ontario open to billions of dollars in lawsuits on cancelled contracts, and shows the world we are not interested in investments in renewable energy - a massively growing segment of the world economy. Again, Ontario will fall behind and will never recover as world leader.\nIt is irresponsible to cancel Cap and Trade, especially without a replacement policy in place. If the replacement were thought out, perhaps a discussion could be had about transitioning over to the new system. Follow the actual will of the people, and not what you imagine the people want.\nYou are betraying the people of Ontario, and ruining the next 50 years of Ontario's chance to thrive.\n"
    },
    "5667": {
        "url": "/comment/5667",
        "comment": "Global climate change is made by human activity and will be devestating in its effects. It will be far more costly to experience and adapt to wildfires, heat waves, floods, and hurricanes than it will be to prevent them now by pricing carbon.\nPricing carbon means attaching a price to behaviours that cause the emissions of green house gases. This price will encourage innovation and green jobs.\nI support green jobs. I support innovation and entrepreneurship. I support Ontario moving boldly into the future.\n"
    },
    "5668": {
        "url": "/comment/5668",
        "comment": "I\u2019m against the cancellation of the cap and trade program.\nThis program was supporting other enviornmental initiatives like the electric vehicle rebate and the free smart thermostats for Ontario residents.\nI suggest the government look at other ways to save money and keep the cap and trade program active.\n"
    },
    "5669": {
        "url": "/comment/5669",
        "comment": "With regards to the proposed cancellation of the Ontario Cap and Trade program. I am firmly against the cancellation. First and foremost, this program shows that Ontario is committed to curtailing global warming.  We must put forth an effort to save our environment.\nSecond, it is extremely short sighted of the government to think that saving a few cents per litre of gasoline is a better way to spend money than providing incentives to new technology. If we continue to live in the past, the rest of the world will move on without us. Get with the times, provide innovative ideas with more funding.\nPlease don't cancel an established working program without having a new well thought out plan in place first.\nThank you for listening.\n"
    }
}