{
    "9866": {
        "url": "/comment/9866",
        "comment": "We need climate action now.\nThe most recent IPCC Report stated that \"limiting global warming to 1.5\u00b0C compared with 2\u00b0C would reduce impacts on ecosystems, human health and well-being, making it easier to achieve the United Nations Sustainable Development Goals.\"\nThe cancellation of the cap-and-trade program will not meet our municipal, provincial, national, or international goals for climate change mitigation. There is no more room for politics when it comes to climate change, just action. It doesn't matter what political party takes the plunge, but it's one we need to ensure our future generations thrive.\nLet's take action starting with the Province of Ontario. Be a leader and show the world how Ontario is ready to take climate action!\n"
    },
    "9867": {
        "url": "/comment/9867",
        "comment": "Given the recent UN report on the very real and urgent issue of massive damage due to climate change, what does the provincial government plan to do to reduce emissions and combat climate change.  Research has been clear that cap and trade and carbon taxes do work to change habits for both businesses and consumers.  We are in grave danger of killing our planet and there seems to be no will to address  this issue instead of a buck a beer and repealing a much needed update to the sex ed and other curriculum.\nPlease consider what we are leaving to the kids of today and the rest of the world.   Withdraw from the court challenge which even your own lawyers have advised will not likely be successful.\n"
    },
    "9868": {
        "url": "/fr/comment/9868",
        "comment": "La solution existe, r\u00e9sultat du travail des Ontariens, alors pourquoi ne pas s'en servir?\nLa Loi de 2016 sur l\u2019att\u00e9nuation du changement climatique et une \u00e9conomie sobre en carbone et le programme de Plafonnement et d\u2019\u00e9change doivent \u00eatre maintenus en Ontario parce qu'ils ont d\u00e9j\u00e0 fait leurs preuves, m\u00eame durant leur courte dur\u00e9e de vie, quant \u00e0 leur efficacit\u00e9 \u00e0 r\u00e9duire les \u00e9missions de gaz \u00e0 effet de serre (GES) \u00e0 l'\u00e9chelle provinciale, tout en stimulant les activit\u00e9s \u00e9conomiques. De plus, pour un citoyen de l'Ontario, l'abrogation du programme de Plafonnement et d'\u00e9change sans l'existence d'un nouveau plan de r\u00e9duction des GES n'est pas acceptable.\nContrairement \u00e0 un plan par \u00e9tapes avec cible, le programme de Plafonnement et d'\u00e9change est un outil \u00e9conomique directement utilis\u00e9 par les entreprises pour r\u00e9duire leurs \u00e9missions tout en stimulant l'\u00e9conomie. Il donne les moyens aux entreprises et aux institutions gouvernementales de faire la transition vers une \u00e9conomie tourn\u00e9e vers l'avenir, sobre en carbone. Un tel outil est absolument n\u00e9cessaire pour r\u00e9duire imm\u00e9diatement et rapidement les cons\u00e9quences n\u00e9gatives du r\u00e9chauffement plan\u00e9taire et du d\u00e9r\u00e8glement climatique ici en Ontario.\nAbolir la Loi et le programme signifie ne pas faire ce qui est n\u00e9cessaire pour limiter ...\n- l'augmentation de la fr\u00e9quence des \u00e9v\u00e9nements extr\u00eames de canicule et de pluie intense, et les s\u00e9cheresses et inondations qui en d\u00e9coulent;\n- l'augmentation de l'incidence des feux de for\u00eats;\n- les incidences des changements climatiques sur la sant\u00e9 humaine;\n- les co\u00fbts humains et soci\u00e9taux engendr\u00e9s par la pollution.\nAbolir la Loi et le programme signifie  hypoth\u00e9quer l'avenir des Ontariens qui vont encourir des co\u00fbts humains et soci\u00e9taux encore plus \u00e9lev\u00e9s d'ann\u00e9e en ann\u00e9e.\n"
    },
    "9870": {
        "url": "/comment/9870",
        "comment": "The Parry Sound Area Food Collaborative is a community-led group that collaborates with local partners to foster a sustainable community food system with equal access to nutritious, safe food. We cannot achieve this vision without healthy ecosystems. To protect the integrity of our ecosystems, which we depend on for food, Ontario must address climate change.\nEspecially in light of the recently released IPCC report and the threat of our current climate trajectory on food and water security, we would like to see Ontario:\n -end subsidies and handouts for fossil fuel companies and redirect this money to clean energy solutions\n -set legally binding emissions targets in line with our obligations to the Paris Climate Agreement\nWe do not support Bill 4 as it eliminates the only climate policy Ontario has.\n"
    },
    "9871": {
        "url": "/comment/9871",
        "comment": "Greetings\nI'm glad Greenpeace and others initiated a lawsuit to enforce the EBR, and have these EBR inputs occur. We need, or needed, similar for Bill 5, as cities are very much part of our climate problem and solution, and Toronto did lead the world once in fighting the climate change problem eg. the Toronto Target. I do NOT believe we are nearly as 'green' however, as made out to be, (and the ECO should be more critical of TO claims), and worry a lot that the curtailing of representation and the election-meddling in Toronto will worsen our responsiveness to the climate crisis, which was on the very tenuous side to begin with.\nWe don't count, for instance, the concrete emissions, which globally is around 5%, partially due to the inherent problem of making cement by burning limestone. We're so green in Toronto we don't use any of that stuff, right? And what is the # in Ontario? Why don't environmental assessments, done in both urban areas of Toronto and all parts of the province, include the total concrete use and its embodied carbon?\nWe're also failing to include air travel, and Pearson has around the same population as Canada use it every year. There is also a further climate effect from the height of emissions release. Honesty would mean some including of these emissions.\nThere's also a failure to include the imported carbon/emissions - which a previous ECO report did address somewhat, and if that were to be included eg. food miles/phone miles we'd definitely be world leaders, but in excess. This is taken from a C40 report:\nCONSUMPTIONBASED GHG EMISSIONS OF C40 CITIES\nMARCH 2018 \u2022 8\n03\nResults\n3.1 Comparison of consumption-based GHG\nemissions with sector-based GHG emissions\nTotal consumption-based emissions of the 79 C40 cities\nincluded in this study are 3.5 GtCO\n2e (for the reference year 2011). This represents a 60% increase on the 2.2\nGtCO2e emissions estimated for the same cities using\nthe GPC, and reflects the difference in GHG emissions\nembodied in imported and exported goods and ser-\nvices. It should be noted that different reference years\nare used in this work (2011), and the GPC inventories (va-\nrious between 2011 and 2015). Hence, the comparison of\nthe GHG emissions reported should be considered as an\nindicative of the difference in emissions, rather than as\nan exact number.\nMost of the consumption-based GHG emissions of the 79\nC40 cities are traded: two-thirds of consumption-based\nGHG emissions (2.2 of 3.5 Gt CO2e) are imported from\nregions outside the cities. This shows that consumption\nactivities by residents of C40 cities has a significant im-\npact on the generation of GHG emissions beyond their\nboundaries.\nThe report is from March 2018; this be the source:\nhttps://www.c40.org/researches/consumption-based-emissions\nThe important thing being nearly 60% above estimate, not citing cities, unfortunately, blending to an average, so for sure Toronto is worsening things, because we're high-livers, including TIFF and tourism. The claims of 'green' travel through electric cars and buses is also ignoring all of the embodied energy/pollution from the battery and the car-making; the ECO should know better, and speak/write more truthfully.\nAnd perhaps of worry, though mentioned in the ECO report, the use of some GHGs in foams is Trouble, and is it including footwear? These foam issues are NOT new, circa 25 years ago some similar worries. While maybe some change has occurred, if it's like transit and bike lanes, same old ____ ie. lots of climate change, and not change away from a problem to survival.\nThe same denial of full carbon footprint is evident within the ECO's 2018 report, which claims the nuclear plants are 'clean' - NO, they are not, and cannot be, as we have given future generations another horrendous and costly burden in the long-term - like, THOUSANDS of years - handling of the radwaste. What is the carbon cost of that? And since we haven't done anything really on this, what can we learn about the costs, carbon and financial, of containing radwaste eg. Fukushima. Oops and oop$$$$ - into the billions I think, and still emitting, along with a no-go zone nearby. Yes, a little qualifier in some text somewhere about it being at point of production; and that being buried, a repetition about it being 'clean'.\nWith Bill 4, overall, it is feeling like an attempt to repeal the laws of physics, not merely something done of some utility, which, while cap and trade is not so great in some ways, it offered a way forward to price carbon. Pricing carbon - through a carbon tax or a cap and trade - is a needed thing, advocated by many conservatives and market types, How ironic that the Nobel prize in economics just given out had as a co-winner someone lauded for work on figgering out carbon taxes being effective at reducing GHGs.\nhttps://www.msn.com/en-ca/news/world/climate-change-economists-win-nobe\u2026\nI do wonder if Premier Ford has even heard of the Nobel Prizes, though he's likely heard of dynamite, given his wreckord.\nMost politicians will downplay to lie about things to make it sound better, or have a wilfull blindness, and that's a pretty good book on the topic as it relates to climate change. Just as following orders wasn't accepted as an excuse for the crimes against humanity after WWII, so should the denialism inherent in 'Conservative' climate policies be no real excuse. Just because some deny laws of physics etc., and the people harmed/dying aren't necessarily going to be 'folks' in 905, doesn't mean the lives aren't worth something. Excess emissions will, at some point, be seen as crimes against some parts of humanity, especially with knowing about the problem, and doing nada but making it worse.\nAt this point in time in the greenhouse century, given it's nearly 30 years of more official/large knowing of climate change, to be ripping up everything - with the Ford/Con slagging of two different policy instruments into a 'cap and trade carbon tax' diss - only furthers our appalling record of excess. Canada, and Ontario within Canada, are sadly world leaders in a wrong way. (And TO is not that green either; but the money's in sustain-the-bull).\nThe Toronto Target went global in 1989, and I believe formed the basis of German climate policy, which is far more robust - and met! - than anything Canadian, though they too are on the blind side of travel. (but dannake, with lessens for living lighter)\nCanada did lead at Paris recently, but we're backsliding towards excess, even before the great risks of forest fires and melting of the permafrost threaten to goose our massive emissions even further, and feedback loops are likely well underway, having more momentum than a Ford on the Council chamber floor, looking elsewhere, though I don't believe it was a deliberate knockdown.\nAnd meanwhile, things are getting worse and evermore urgent:\nhttps://www.theguardian.com/environment/2018/oct/08/global-warming-must\u2026\nThings are definitely burning, and so to add fuel, including the Minister of the Endvironment Mr. Phillips has done in celebrating a lower gas price, is absolutely making it worse. Mr. Phillips may be unique in the world in being joyous about lower gas prices\nIf it were only a Con world, then they could burn it all up, and hopefully they'd go too. However, it's like a bus, and the Con driver is now going towards a cliff, faster, and he knows it's a cliff, and either doesn't care or is lying about how bad it is, and at this point cannot say he doesn't know there isn't a cliff.\nAnd it's dishonest to say the election was a consultation process. There was a shortage of specifics in the Con platform, and this was highlighted with the Bill 5 election meddling too, which was not mentioned, and the feds should disallow this bad bill, as it is an attack on democracy to favour a Con job or two, including likely attacks on the transit, instead of stopping the squandering billions in suburban subways, and we're only now finishing off an Eglinton transit project when the previous Con leader Mr. Harris axed Eglinton to favour Sheppard and developers, and Sheppard only costs the system $10 a ride. Liberals can also be odious in perverting transit - the Spadina Extension past York U apparently costs us $25 a ride, and meanwhile, the TTC in the core is deteriorating and beyond brittle, another reason to have Bill 5 undergo EBR comment as well.\nThe election result is also wrongly interpreted by the Cons in power. Yes, they have power. It is regrettable they have so much, tho nature bats last, and will. See 4hiroshimas.com However, about 60% of those voting voted for a party with a climate policy, clearly spelled out, though all likely quite inadequate, so slow we are to both change and adapt.\nGiven that a stable climate is the basis of civilization, the problems of excess are clearly known, or should be known, (and did Mr. Ford vote to do some climate things at the City as a Councillor - I think so), and the shortfall of climate policy in the Con platform, to void an existing, established, effective-enough set of programs as is proposed, is making us into clear climate criminals.\nTo use an analogy that a Con might understand, it's like being in a movie theatre where there's a fire, and one adds fuel and calls off using an extinguisher in favour of a different fire response, which will be decided and announced 'later'.\nOn p. 84 of the current ECO's fresh report Climate Action in Ontario, there's a listing of climate change related lawsuits. This is the future, including here, and there's some relatively good news from Holland, going beyond the linking of excess emissions with a specific effect.\nIt is very clear to some of us that there is evermore climate liability to Ontario with the Cons worsening our response, which MUST be to reduce emissions and consumptions.\nAs about 60% of the population that voted didn't vote to worsen climate change, the liabilities for all the deaths and harms and costs thereof should be borne by the MPPs of the Conservative illk and their ridings, and NOT by the general population of the broad Ontario. It is unfortunate that taxpayers both shield many decision-makers for their relevant roles in making things worse, and that taxpayers can pick up the tab for the broad costs of harms and costs from a few, even though it may be a dominant few like the Con MPPs.\nIt is quite unfair to the true majority in Ontario, let alone those impacted in the rest of the world, which includes Quebec (heat and changes to the Gulf), the Prairies (heat and at times extra cold extra early), to have them/us liable for damages/claims as well as the ruined world, and increasingly, climate deniers are the absolute minority.\nOnce upon a time, not too long ago - that is within my memory - Conservative politicians were actually more conserving and caring about business and the opportunities to create thriving conditions for business. There was of course, some disagreement, but there was nonetheless some relative appearance of standards, however oppressive to some.\nAs has been outlined in the ECO's reports, addressing the climate issues and reducing fossil fuel use is actually good for many businesses, and consumers. On p. 80 of the current ECO's 2018 report, the annual burn bill for Ontario's fossil fuel use is $11B, which is a lot of money. While obviously, there is energy in that burning and it enables things to be done, this is all money that is essentially burnt, and not available for other purposes. More locally produced energy would provide a boost, as one example of how wrong-headed the negation of the climate policies we have finally gotten is.\nAlso, by scrapping options to increase resiliencies and consumption, it's making all of us more vulnerable to the economic shocks of a big heat wave or cold snap. And productivity does lessen if humans are too cold, or too warm, and/or we blow our budgets on utility bills for our thermal slums, which is what most of our buildings are.\nFor the most part, conservation, (along with renewables) makes good ecological and economic sense. More Stern here:\nhttps://newclimateeconomy.report/\nAnd as an example of how traditional business 'gets' the economics of conserving fuel/carbon, the industrial segment of the GHGs has gone down a lot.\nAnother facet of traditional conservatism that is appallingly lost is in how the Ford regime is trying to set itself up above the law and the courts while breaking contracts along with shifting course. Shifting course only to a warmer world, odds are high.\nThe White Pines wind project is almost completed, and yet it was axed/nixed with this new government, along with many others, (detailed in the 2018 ECO report) and what's quite awry, is the effort used to cut the government of Ontario and the politicians out from ANY of the repercussions of nixing a project that had gotten well underway to near-completion. Within the Urgent Priorities Act was language to put the pols/staff retroactively immune for many ills, including breaches of \"contract, restitution, tort, misfeasance, bad faith, trust, or fiduciary obleigation, or any remedy under any statute (Sehcd 2, s. 5(2) Sched 1, s. 6(20). So -  zero redress to the courts written in to the legislation of cuts. While this very wrong step of setting the government above the courts was done with the Urgent Priorities Act, (which is not about climate change, which is the only real urgent priority we should have), it absolutely has a negative impact on all possible green money funds, as if this is the business climate - arbitrary ending of a project having undergone all sorts of due diligence and process to the point of near-completion AND then no compensation possible through legal means written in to legislation - it cannot be said that Ontraio is a good business environment. And this is/was noted, by Forbes magazine and doubtless many others, which also includes German investors in particular as German interests put in c. $100M apparently:\nhttps://www.forbes.com/sites/energyinnovation/2018/08/13/ontarios-econo\u2026\nFord and his Cons are smashing things up, more because they can vs. to replace something awry with something good. Or better, but their rhetoric about Ontario being open for business ain't doing well in some circles, and they have money.\nWhile much of Bill 4 and the fuss is about energy, and reverting away from cap and trade, it doesn't mean that everything was fabulous, and I cite the the $104 million that was allocated, or went to, cycling initiatives. Absolutely, biking is far superior to the mobile furnaces, but carrupt politricks again interfered. Rather than providing real robust leadership to enable commuters to switch to bikes from cars or transit, the status quar prevailed, and that tended to dilute initiatives to feeble expenditures first, and maybe some good benefit later, maybe. That's because the previous Liberal government, like the federal level Liberals, have gone and accepted as qualified/competent/adequate, the choices of projects proffered for consideration, especially in Caronto.\nThe basis for this perhaps-extreme-to-some view is how abject actual real progress is on even a single, long, smooth, continuous bikeway in an urban core setting. Under the late Mayor Rob Ford's time, the Advisory committees were axed, so citizens were cut out from much process of informing and guiding resource allocations for priorities. So while in merely 1992, Bloor/Danforth was studied amongst other roads for an east-west bikeway, and emerged as #1, with all of those millions, a mere $25,000 wasn't to be found to do a small bit of the 2001 Bike Plan, and a missing link, and something that could provide a real role in easing the transit overload too. There's a small bit of Bloor St. E. between Sherbourne and Church that could form a logical continuation of the Viaduct lanes, and for merely paint, but that is still undone, although the subway desperately needs relief.\nThe City has only been committing to ward-by-ward bike safety, including in Scarborough, maybe. And off-road is preferred to an on-road, though it costs more. So the City, province and feds are all comfortable with excess spending on off-road, or separated stuff for the darlings because that's the only thing that is safe absent of enforcement, which is pretty absent, yes, but we still do not have simpler continuity in a near-straight line, and that is partially to protect the money flows of transit, already stressed due to how carrupt and carservative most of the spending/politicians actually are, and yes, the Fords embody this auto-cratic world, and I hope the new Council opts to put back in place a Vehicle Registration Tax, to have the notwithstanding sledgehammer used to show our (their) carruption, and false conservatisms. Allegedly conservative advocates don't apply the non-subsidy arguments to roads; hence carservatism. And hypocarisy.\nAnd no, I doubt that materials of any facilities were actually forecasted and measured, and if they were, what a wonderful example to use for subways in to sprawl vs. surface adaption of the Don Valley Parkway to transitways, including a jarvis-style reversible transitway.\nAt this point in the greenhouse century, it is abhorrent to be simply smashing up a market-based approach, well underway, and with good result ie. in California, GDP is up and emissions are down, like Ontario (see ECO 2018 report), and there is only a bit of lip service being paid to the promises of a platform, or policy response. A policy response beyond spending up to $30,000,000 to fight a carbon tax back-up of the federal level finally responding to our climate crisis. And nothing else.\nMere promises of a policy to be announced is completely inadequate at this point in time. We don't need more hot air.\nThe Cons are not to be believed, nor trusted. They aren't good with money either, unless they want to bankrupt the transit.\nAbout a decade ago, the TTC was fine (more or less) with a rebuild of the SRT for about a half-billion, still a Huge Sum. Under the Fords, the planning for a network of LRTs was up-ended to have a subway extension, with the cost being evermore closer to $3.3 billion, with an editorial suggesting if it drew a new rider, it'd be at a cost of $1,500,000 - which might be a lifetime of taxis, and still have a lot left over. The Premier is now suggesting this one-stop subway is somehow becoming a three-stop subway, and yet only LRTs really make sense, and the subways are overdue in the core, and not necessarily the small part of Relief South, which will be a stubway in a decade, and not good value unless it gets to Eglinton, somehow.\nHeck, that $30M to fight the federal level would be far far better spent to hire UITP/APTA to give us sensible transit planning, and send the Cabinet to Curitiba,Brazil. But it's not about value, or effectiveness, it's about a set of other things, which are not so clear, and examples are with virtually every bill introduced as the title is opposite the effect.\nIt's not at all clear if there are any real penalties for trampling over the Environmental Bill of Rights, as there seems to be ZERO in the Charter of Rights that protected Torontonians from the arbitrary election-meddling from the Ford auto-cracy, which was NOT about the money, scrap the SSE and go for the billions, if they know the difference between a billion and a million.\nThe only real way to be effective may be to begin to stoop to the Con level - and I hope to copy this up to the federal level and urge the withholding of all sorts of federal sums for most projects, though this is unlikely as we may see a surge in buy-election spending given the federal date is about a year away.\nAnd lawsuits - maybe California and Quebec might sue us? There's an idea...\nThe flipping of the thermohaline current/balance is also an issue for Europe.\nClimate liability is ever-greater with this Bill 4, but it clearly MUST be directed to Con MPPs and ridings with Con members vs. the rest of the population.\nhttps://www.theguardian.com/environment/2018/oct/09/dutch-appeals-court\u2026\n"
    },
    "9872": {
        "url": "/comment/9872",
        "comment": "I urge you to support Ontario\u2019s current science-based pollution reduction targets. Those targets set the province on track to be nearly carbon neutral by mid-century, which is what is required if we hope to limit global warming to 1.5 degrees, as agreed to by 195 countries in Paris.\nOntarians are already facing the growing impacts of extreme weather: flooded basements, forest fires, and health impacts from polluted air and extreme heat. Backing away from Ontario\u2019s pollution reduction targets will threaten future generations\u2019 ability to enjoy a safe climate.\nThe Government of Ontario is responsible for the long-term well-being of Ontario citizens, and climate change threatens our safety. Carbon pricing means we all pay a bit now to prevent the billions of dollars we'll incur as taxpayers and homeowners due to extreme weather events. It makes financial sense.\nFurthermore, Bill 4 is going to cost taxpayers more money. Between the potential for lawsuits from businesses, and the cost of pursuing legal action against the federal government, the costs will be heavy. According to an article published by iPolitics, \u201cprovincial bureaucrats confirmed in [a] technical briefing that the federal back-up plan for any province that doesn\u2019t have a carbon price by January 2019 will cost consumers more than the cap-and-trade program the Tories are axing.\u201d The evidence is clear - cancelling cap and trade is not better for the taxpayer.\nAn effective, made-in-Ontario climate change plan must tackle the major sources of carbon pollution in Ontario including transportation, industry, buildings and waste. Without strong action to significantly reduce greenhouse gas emissions from these sources, the people of Ontario will face serious consequences to our health and our environment.\nThe plan must also include adequate funding for pollution reduction programs, transparency mechanisms to show Ontarians how this funding will be spent, and firm commitments and timelines for regular reporting on the plan\u2019s progress.\nAs a citizen and voter, I look forward to a plan that will transition Ontario to a healthier and more competitive province, create new jobs in many industries, and address the root cause of climate change by reducing carbon pollution.\nThe decision to cancel our climate plan is moving us backwards as a society and is deeply unpopular among the people. Climate change will destroy our Earth - we need government action that will save us.\nConcerned Ontarian\n"
    },
    "9873": {
        "url": "/comment/9873",
        "comment": "Dear Cap and Trade \u2013 Help Desk,\nRe: ERO # 013-3738 \u2013 Bill 4, Cap and Trade Cancellation Act, 2018\nThe City of Hamilton Healthy Environments Division is committed to working collaboratively with provincial agencies to help improve and ensure the health of citizens in Hamilton and across Ontario. Please accept the following commentary from the City of Hamilton Healthy Environments Division on Bill 4, Cap and Trade Cancellation Act, 2018.\nLike other Ontario cities, Hamilton continues to experience climate change effects which have created significant impacts on our citizens and financial pressures on the City. These impacts include:\n\u2022        Increased and more frequent extreme precipitation events causing flooding;\n\u2022        Increased extreme heat, greater number and duration of heat days, causing drought conditions that is resulting in significant public health concerns and costly tree removal;\n\u2022        More frequent and severe extreme wind and freezing rain, causing the deterioration of Hamilton\u2019s shoreline, naturalized areas and infrastructure damages;\n\u2022        More frequent extreme shifts in temperature causing increased frequency of the freeze-thaw cycle, leading to erosion of Hamilton\u2019s escarpment causing landslides and damaging our critical underground infrastructure services, including our drinking water pipes that have left residents without water for weeks at a time.\nIndividual citizens, especially vulnerable populations including low income families, are the most affected by the impacts of climate change. Without government programs or funding sources to help mitigate Green House Gas (GHG) emissions that contribute to climate change, these vulnerable populations will continue to unfairly suffer the impacts.\nPrograms that motivate and enable organizations to make positive changes, with associated performance frameworks and objectives, have proven successful in Hamilton, by creating a lower carbon economy and creating jobs. These programs provided funds to schools, social housing and green infrastructure for the conservation of energy, which drastically decreases energy costs and makes a big difference in low and medium income households.\nAdditionally, programs can enable industry to make positive changes. As an example, in Hamilton, steel remains a dominant industry and contributes significantly to local GHG emissions. Stelco was able to access $10.5 million to help transition to bio-carbon instead of coal to heat the steel mill\u2019s blast furnace. Not only has this reduced local GHG emissions and provided a potential template for steel to enter the low-carbon era, but it will result in improved Hamilton air quality overall, thus improving the health of our local population.\nA provincially-led action plan that focuses on climate mitigation and adaptation will be extremely important for Hamilton, and other Ontario municipalities, to avoid losing pace with the impacts of a changing climate that will continue to place the health of the public at risk.\nWe look forward to playing an active role with the provincial government and other Ontario municipalities to develop programs that drive positive change to tackle this growing challenge.\nPlease do not hesitate to contact the Senior Project Manager - Air Quality & Climate Change within the City of Hamilton Healthy Environments Division.\nSincerely,\nThe Medical Officer of Health,\nCity of Hamilton\n"
    },
    "9874": {
        "url": "/comment/9874",
        "comment": "The Intergovernmental Panel on Climate Change just issued a frightening warning that we earthlings only have about a dozen years to turn things around. The signs are already here - increased wildfires, two very dangerous killer hurricanes, melting arctic ice and so on. The cost of recovery from these weather related disasters is staggering!\nIf this Cap and Trade plan to address climate change is cancelled what is the plan to address climate change and when will it be enacted - like it was needed yesterday.\nThe Premier claims that carbon taxation does not work yet the Nobel Prize for economists was just awarded to two gentlemen who proved that carbon taxation is the most effective way to lower greenhouse gas emissions. I would like to see the Premier's scientific evidence for his claim.\nFurther more cancellation of the Cap and Trade will be extremely expensive and eliminate income to help address green house gas emissions. Where will the government get the funds to replace this loss?\nFinally cancellation of  green energy projects with the view that oil and gas is better for the economy is short sighted at best. Green energy is a job creator both though manufacturing and in mining to provide the materials to produce the equipment.\n"
    },
    "9875": {
        "url": "/comment/9875",
        "comment": "I read in the Kitchener Record this past week that the energy sector and road usage accounts for 65% of pollution.\nFirst - manufacturers of pollution should be responsible for the cleanup of their own products - it should not be hoisted on the general public in the form of tax dollar spend.\nSecond - as a society we need to stop and think about more than the almightly dollar.  Now, I know that Conservative politicians in general cannot get the $$ signs out of their eyes but there is more to life than the stock market and big business making obscene amounts of money while the majority struggle daily or monthly or maybe just yearly for the good things.\nThird - my taxes are my contract with my community to bring some fairness into life - supporting big business is anathema to supporting fairness.\nI support carbon taxes as the best method available to curb the problems were are facing with pollution and what almost seems inevitable - the extinction of our lives as we know it. And the majority of that pollution comes from advanced societies in the developed WEST - who are impacting all parts of the world.   Recently scientists are suggesting catastrophic changes becoming irreversible in less than 15 years if we do change.\nSO change now.  Support the right thing - do not repeal and replace.\n"
    },
    "9878": {
        "url": "/comment/9878",
        "comment": "I believe it is a waste of taxpayers money to completely scrap this bill.  The Ontario government  has spent a great deal of money and time create the carbon tax bill.  Experts were consulted and many opinions were gathered.  If the current government does not like the Bill then I suggest it would be better to amend it - alter the parts that they cannot live with.\nIt took years to create the cap and trade bill.  There will be  costly legal implications by cancelling it entirely.   So lets save a lot of money and time and just change the parts that don't work.\nClimate change is a serious threat to our economy and a strain on all nations that will have to absorb displaced persons from  areas of the world that have become inhospitable.\nThis not just an environmental issue .  In my opinion, failure to reduce carbon emissions will affect every level of our society.\nAmend, revise but don't scrap it.\n"
    },
    "9879": {
        "url": "/comment/9879",
        "comment": "October 11, 2018\nCOMMENTS on Bill 4, the Cap and Trade Cancellation Act, 2018\nEBR Registry Number: 013-3738\nIntroduction to Environment North\nSince 1972, Environment North has functioned as a regional coalition promoting sustainable communities and conservation of our resources. Environment North is a registered charitable organisation.\nEnvironment North has played a significant role in many regional environment issues and policy change over the decades.\nSince 2006 most of our efforts have been devoted to improving public awareness of human caused climate change and promoting clean, low-carbon energy.\nActivities include:\nPublic conferences\nPublic and school film presentations\nSeminars\nGreen loan program with a local credit union,\nNewspaper articles\nParticipation in government consultations\nClimate policies of the Ontario Government\n\u201cBill 4 repeals the Climate Change Mitigation and Low-carbon Economy Act, 2016 and provides for various matters related to the wind down of the Cap and Trade Program. It also establishes a requirement for the Minister to prepare a climate change plan and to prepare progress reports in respect of the plan.\u201d (Source: https://www.ola.org/sites/default/files/node-files/bill/document/pdf/20\u2026, underlines are our added emphasis)\nWe are shocked by the intent and wording of Bill 4: An Act respecting the preparation of a climate change plan, providing for the wind down of the cap and trade program and repealing the Climate Change Mitigation and Low-carbon Economy Act, 2016, presented by the Hon. R. Phillips Minister of the Environment, Conservation and Parks on July 25, 2018.\n\u201cVarious matters\u201d and \u201ca climate change plan\u201d\nIn the six pages of content the bill contains definitions, discussion about what is being cancelled and details about compensation. However, \u201da climate change plan\u201d is only mentioned and rates only 26 words:\n\u201cThe Minister, with the approval of the Lieutenant Governor in Council, shall prepare a climate change plan and may revise the plan from time to time\u201d. (Source: https://www.ola.org/sites/default/files/node-files/bill/document/pdf/20\u2026)\nThis ignores or downplays observed and projected damage because of climate change in Ontario. Such a bill within another ministry can be compared to shutting down a high school or hospital with a few months notice with the promise to find a plan in the indefinite future.\nThis dismissal or downplay of climate change is very similar to Mr. Trump\u2019s actions to \u201cmake America great again\u201d by relaxing greenhouse gas emission standards. Trump policies mock the Paris Accord attempting to limit warming to 1.5 \u00b0C or 2.0\u00b0 C compared to pre-industrial levels.\nOntario and the world is increasingly feeling the detrimental impacts of climate change. The latest United Nations Intergovernmental Panel on Climate Change report has stated unequivocally the urgency of action. The Ontario Government should withdraw this bill and ensure the province is undertaking all measures to meet the targets necessary for limiting warming to 1.5 degrees Celsius.\nGraham Saunders,\nPresident, Environment North\n"
    },
    "9881": {
        "url": "/comment/9881",
        "comment": "My name is Tyler. I am a son, a husband, a proud Ontarian, and a father to my precious 2-year old daughter. I will work hard every day for the rest of my life to create a better world and environment for my family.  AND I STRONGLY OPPOSE THE CANCELLATION OF ONTARIO'S CAP AND TRADE PROGRAM.\nWe are facing the biggest environmental crisis of humankind\u2019s existence. Climate change is real and it\u2019s here NOW. The IPCC just released the most concerning results of climate research to date. For as long as fossil fuels are burned and increasing greenhouse gas emissions, we are not working hard or fast enough to reduce our harm and work on solutions. Weather events are becoming more extreme and frequent, putting humans and infrastructure at risk. Nobody wins when the effects of climate change impress upon us \u2013 not our health, the durability of lands and supply of water, the quality of our infrastructure nor the state of our economy.\nAs such and in light of this monumental issue, I am disheartened and concerned with the Government\u2019s efforts to dismantle one of Ontario\u2019s best mechanisms to reduce greenhouse gases. The Cancellation of Bill 4 without immediately replacing it with an alternative is irresponsible to current and future generations.\nGovernments are in a unique position to act on behalf of \u2018the greater good\u2019 to think for the long-term financial, social and environmental health of our society. I understand there are many ways to disincentivize GHGs and encourage low- and no-emission solutions. The UK, for example, has had great success with a Carbon Tax WHILE sustaining long-term economic growth. If the current Government was not satisfied with the previous Government\u2019s strategies, a strong argument for a replacement plan would have been debated, but at least the intent and effort would\u2019ve been acknowledged and respected by Ontarians. Unfortunately, I have no respect for the complete lack of initiative to IMMEDIATELY propose a replacement climate plan.\nThe generation of funds from the Cap and Trade program was creating tangible benefits to Ontario\u2019s municipalities, schools and hospitals, and watching these funds disappear was disturbing. I understand that there are approximately $1Billion in funds remaining from the Cap and Trade program markets. I expect that these funds will only be used specifically for strong and effective efforts to reduce GHG emissions. In funds are used in any other manner, I expect this to create a large and insurmountable public backlash.\nI do not have faith in this Government\u2019s intentions to protect our environment for the near- and long-term. I hope that you can prove me wrong.\n"
    },
    "9882": {
        "url": "/comment/9882",
        "comment": "The MECP suggestion that we will save nominally at the pump concerns me when coupled with economics of consumption - in fact, one can calculate that a savings of $0.045/L saving $80 per household per year translates to money spent driving additional Kms. This would mean the combustion of 1,778 L extra per household per year. Data from Natural Resources Canada show that gasoline engines produce 2.3 Kg of CO2 for every liter of gasoline consumed. Under this government's calculation, they would also predict that this results in an additional 4,088 Kg of CO2 emitted per househould per year. The 2016 Canadian Census counted 5,169,170 households in Ontario. This would result in an additional 21,136,161.77 Kg of CO2 emitted by the province per year. Please see my calculations below;\n$80 savings per year / $0.045 saved per L = 1,778L\n1,778L * 2.3 Kg of CO2 per L = 4,088 Kg CO2\n4,088 Kg of CO2 emissions per household *  5,169,170 households in Ontario =  21,136,161.77 Kg of CO2\nI am happy your government is taking a critical look into the accounting practices of the previous provincial government, but I hope that the current government accurately reports carbon emissions and the health impacts associated with climate change and air pollution with integrity. I would advise that this government a) accounts for these outcomes and b) accounts for them with integrity as to not have MECP records audited in the next Provincial election cycle.\n"
    },
    "9883": {
        "url": "/comment/9883",
        "comment": "The plan to change the current Ontario Climate Plan with one that has no targets, no real enforcement or any backing is folly.\nCompanies will not change unless there is incentive or punishment for not doing so. The new plan offers companies neither do they will have no reason to adopt greener ideas.\nThe fact that Mr Ford said he\u2019d \u201cpay (companies) a visit\u201d who don\u2019t do better is both laughable and inane.\nThe previous government had problems but at least they did their due diligence on the climate agenda.\n"
    },
    "9884": {
        "url": "/comment/9884",
        "comment": "This is an incredibly irresponsible decision that offers no alternative method of fighting climate change. This seems like clear pandering to polluting corporations and does now reflect the wishes of Ontarions, nor does it address the best scientific data we have available. This is an utterly selfish and backwards decision that shows no respect for the young people and future generations who have to live with the consequences. I am ashamed of our premier.\n"
    },
    "9885": {
        "url": "/comment/9885",
        "comment": "As an environmental and biological science educated citizen with a master's degree, I have followed this issue of climate change for years and am very concerned by the change in direction by this Ford government on environmental policy.\n* I want Ontario to be 100% powered by clean energy by 2050 and\n* I want Ontario to end subsidies and handouts for fossil fuel companies and redirect this money to clean energy solutions.\nScientists have been sounding the alarm since the 1980's. There's been a lot of push back from those that benefit from the status quo, leaving scientists to gather facts and more facts to prove climate change is at a crisis point.\n'This week, the United Nations Intergovernmental Panel on Climate Change warned that global warming must be contained to a maximum of 1.5 degree Celsius within the next 12 years, or risk further extreme weather'\n(https://www.thestar.com/politics/provincial/2018/10/09/doug-ford-takes-\u2026)\nNearly half a century of facts have already been accumulated. Even in the 1990's scientists, and even economists, have warned the longer we wait, the more expensive it will be. We've waited too long already. Plus we are shutting the door to the possibility of reversing the trend back to a more stable \"human-friendly\" climate. We have about 10 years to fix this. TEN years.  And with this bill Ontario just took a big leap backward.\n"
    },
    "9886": {
        "url": "/comment/9886",
        "comment": "I do not support this bill.  Bill 4 seeks to eliminate law that was improving the environment for everyone.  Climate data shows that the year 2016 saw the lowest emissions in Ontario since 1990, despite increases in population and GDP; this gives us  compelling evidence that the Cap and Trade program was working to create a better Ontario for everyone that breathes here.  When Bill 4 was proposed, we had not yet seen the Intergovernmental Panel on Climate Change (IPCC) released a \"sobering report this week detailing the dramatic effects of climate change and the immediate steps we need to take to make significant progress on limiting warming in the future.\"  They go on to say, \"The report makes it clear that apathy and inaction are no longer viable options...Unprecedented action is needed by both the public and private sector to transform our energy, transportation and other systems around the world.\" They then ask: \"Could this report finally be the clarion call to our nation\u2019s business leaders to take responsibility for ensuring a prosperous and clean energy future for all?\"  No leader that wants a clean and prosperous future can support this bill, as the two stand in opposition.  Many people have suggested the IPCC report was positive, as it states that we have a chance at limiting climate change.  That chance, however, rests upon POLITICAL WILL.  This bill shows no political will to work towards improving our natural environment.  Furthermore,  the loss of revenue from the Cap and Trade seems highly problematic when the government proposing Bill 4 could use the income from this program to incentivize green energy programs, thereby helping us get to our goal of a healthier/cleaner Ontario faster.  Why replace an effective program with a new one?\nI want a real climate change plan to reduce emissions, help people save energy and create jobs in the $26 trillion clean economy.\nI want Ontario to put a price on pollution, making polluters pay for their emissions and returning the revenues to the pockets of Ontarians so they can lower their carbon footprint.  I want legally binding emissions targets in line with our obligations to the Paris Climate Agreement. I want Ontario to be 100% powered by clean energy by 2050.  I want Ontario to end subsidies and handouts for fossil fuel companies and redirect this money to clean energy solutions.\n"
    }
}