{
    "6080": {
        "url": "/comment/6080",
        "comment": "I do not agree with cancelling the cap and trade program in Ontario. This program encouraged industry to create innovative solutions and invest in cleaner technology and reduced GHG emissions in Ontario - which is essential to combat climate change. As a result of cancelling Cap and Trade in Ontario the Crown will have to pay a lot of money, which I believe is not worth it, as this will cost taxpayers lots of money.\nAs well, the new Act requires a plan to be created, but at this point the public is not aware of that this new plan is, how effective it will be, and how much it will cost.  Cancelling an effective climate change mitigation instrument with a \"plan\" is not how Ontario should be combating climate change.\n"
    },
    "6082": {
        "url": "/comment/6082",
        "comment": "Hello,\nI am writing to express my opinion that repealing a system that was working (cap-and-trade) and replacing it with a system that is not clearly defined (Bill 4)  is not right. Carbon emissions are harming Canadians and Ontarians right now and will bring harm in the future. The Province needs to have clearly defined targets, pathways and corresponding mechanisms. These are usually developed by qualified professionals and takes a lot of time to define. The short timeframe in which Bill 4 was created casts serious doubt on the quality of this proposed policy.\nThank you,\n"
    },
    "6083": {
        "url": "/comment/6083",
        "comment": "It is reckless and rash to cancel the cap and trade program before a credible replacement plan has been tabled to address climate change.  It is also concerning that the rules for enterprise and industry have been re-written without an appreciation for how this damages Ontario\u2019s reputation as a place to invest and do business.\n"
    },
    "6088": {
        "url": "/comment/6088",
        "comment": "I completely object to the cancellation of the Cap and Trade program.  Halting this program has removed a strategic lever to help reduce overall emissions in Ontario, and the world over.  It is short sighted to believe that this is just a \"cash grab\" -- there is no free way to fix the environment, and disincentives (i.e. caps on pollution and requirement to buy credits) are one of the only ways to move forward.  I have seen no concrete evidence that this is just a \"cash grab\" by the government, yet there have been many reports of how pollution has dropped since cap and trade has been implemented.\n"
    },
    "6095": {
        "url": "/comment/6095",
        "comment": "I really think that it is a mistake to cancel the cap and trade program. We need some form of GHG program. If we don't, the federal government will give is a carbon tax. The cap and trade program is smart and it is proven to work. It taxes the polluters. Yes, Ontarians will notice small increases on some bills but this is way better than a carbon tax. Getting rid of this program is costing Ontario money. Several organizations have already taken Ontario to court. Please be smart about this. Cap and trade is a good program. It encourages business to be clean so that they can make money selling their credits. This encourages more business in Ontario. If there is a smarter carbon program, then that's great but right now, this is the best we have.\n"
    },
    "6096": {
        "url": "/comment/6096",
        "comment": "My analogy may not be a great one here but as a constituent and proud ontarian/canadian, who pays some of the highest cell phone bills in the world, i find the lack of planning to replace the offset of ghg's by axing this program as nonsensical as were one of the cell providers to stop providing me with 4g service while they work out providing 5g service.   How can an act be taken seriously if there is only a plan to make a plan? Why cancel one and leave nothing in place? 250.00 per family? If there is no evidence that c&t has done anything for the environment,  then follow the money and expose it or accept that it has and improve on it.   Knee jerk reactions are not prudent here given the infrastructures put in place for renewable energy and is only the second wrong in the equation.   It's the future generations that will suffer immensely when it should be this generation which bears the brunt for humanity.\n"
    },
    "6097": {
        "url": "/comment/6097",
        "comment": "I understand that some people don\u2019t want a carbon tax but going into the election not having a plan and after 3 month still not having a plan is ridiculous\nI liked the cap and trade plan the liberals had and I took advantage of it. I would buy an electric car if the incentive was still there.\nI will gladly pay more for gas and propane so we can fight climate change.\n"
    },
    "6099": {
        "url": "/comment/6099",
        "comment": "The Cap and Trade program is progressive, conservative economics at its finest and was used brilliantly by Brian Mulroney to successfully end acid rain in the 1980's and 1990's. It will be so, so sad to watch Carolyn being asked to defend Ontario in a lawsuit that will ruin co-operation with the Federal government, in a court case Ontario will inevitably lose. In the process, Ontario will lose $2 billion dollars in revenue it desperately needs and will give Minister Phillips no credibility in any of the work he takes on.\nThe Ontario government also appears inconsistent when it chastises the previous government about their spending because, by not making investments in infrastructure and climate change resiliency, they're increasing the province's massive infrastructure deficit! Ontario's youth will have to pay higher prices for more infrastructure that must withstand more severe weather down the road because the province is going backward on its climate change policy. These positions are inconsistent and dishonest.\nMinister Phillips doesn't seem to believe himself when he says that he takes climate change seriously. I understand why; his actions are proof of what he believes! He has just cut taxes and encouraged over-consumption of things like gas guzzlers and large mansions, and has taken away incentives for innovation in the emerging green economy. The policy is backward-looking at best, and not based on evidence, at worst. Basic conservative economics says that governments should tax things that have externalities, or a negative impact on society (soda, consumption, emissions/pollution) and limit taxes or provide tax credits on things that are good for society (income, philanthropy, education).\nThe government should also strive for some level of predictability over time, as well, so that companies can know what to expect from the jurisdiction they invest in. The government has ruined its reputation with Germany, one of the largest and most stable economies in the whole world. It will take decades to rebuild this trust. Others will think twice about dealing with Ontario.\nThe government currently has no alternative plan! Climate policy is not rocket science and the government is throwing stones from glass houses. Don't dish it out if you can't take it. It's really pathetic!\nOverall, canceling cap and trade without having a backup plan is backward looking, and, if the government's logic holds, dishonest and unethical to Ontarians who will have to deal with the more extreme results of climate change. Politicians are elected because they are leaders and want to leave their jurisdiction better than they found it, using the best information they have. For this government to cancel cap and trade, turns their back on progressive conservative environmental economics, in the name of ideology. Ministers Phillips and Mulroney are on their way to becoming lame ducks who should consider speaking up in the cabinet or submitting their resignations.\nTo adapt a quote from Brian Mulroney: \"You had an option. You could have said I'm not going to do it. This is wrong for Ontario. You have an option sir to say yes.\" The way things are going \"is not good enough for Ontarians. It is a confession of non-leadership, and this province needs leadership.\" You can do better! You must do better!\n"
    },
    "6100": {
        "url": "/comment/6100",
        "comment": "I believe the cap and trade program was beneficial for the government, the citizens of Ontario, and obviously the environment. I also believe it was a mistake to cancel it so hastily without thinking of the repercussions it would have. I believe the cap and trade program should be restored to its entirety.\n"
    },
    "6101": {
        "url": "/comment/6101",
        "comment": "I disagree strongly with the cancellation of the cap and trade act.\nI believe cap and trade has proven to have been a successful way to reduce greenhouse emissions. It is essential that Ontario do something to prevent further climate change. The proceeds from cap and trade are also very important. We needed this funding to improve services that further reduce emissions.\nOur future is dependent on Ontario fighting to slow down climate change.\n"
    },
    "6102": {
        "url": "/comment/6102",
        "comment": "Investment in the environment is investing in the future of our children and our province. The removal of environmental programs will be detrimental to our province's future.\nIt is critical that our government looks at the broader picture, providing incentives to consumers on electric vehicle will expedite the adoption, and drive prices down by increasing the demand. Look at Norway, they are by far leading the world in that regards. Ontario alone could better Norway and lead by example.\nBy removing the carbon tax, the province is imposing that every Ontario resident continue to breath in harmful particulates leading to climate change, health issues and increased medical costs and that is not right.\nThe GTA has had no smog advisory days since 2014.  Compare that with previous years and that represents an enormous difference. Ontario MUST continue with its environmental leadership.\nI will continue to support our federal government as they work on imposing  carbon taxes on Ontario and hope that I can regain confidence in my province's government one day.\n"
    }
}