{
    "10417": {
        "url": "/comment/10417",
        "comment": "I am against the Cap and Trade Cancellation Act, 2018.  I ask the Ontario government to withdraw this bill.  As a taxpayer,  but not a liberal party supporter,  I   Nonetheless support cap and trade policies to reduce Ontario\u2019s fossil fuel emissions  to reduce the impact of climate change for future generations, and the consequent impact on our livelihood and economy.   I believe that the recent   Nobel prize in economic sciences awarded to William D. Nordhaus \"for integrating climate change into long-run macroeconomic analysis\" and Paul M. Romer \"for integrating technological innovations into long-run macroeconomic analysis\u201d  strongly supports cap and trade economics.  I strongly urge the Ontario government to withdraw the cap and trade cancellation of 2018.\n"
    },
    "10419": {
        "url": "/comment/10419",
        "comment": "Please reconsider your plans to cancel environmental protection. I would like there to be an Ontario that is beautiful and sustainable for the rest of my life, and for the life of my son and his eventual children. Nothing is worth destroying our only home. Not politics, not the economy, or sticking it to the Liberals. We are headed very quickly down a very dangerous road and we need to turn around.\n"
    },
    "10420": {
        "url": "/comment/10420",
        "comment": "Bill 4 is an absolutely ridiculous and short-sighted action. The IPCC report has made it clear that our planet is in dire straits. To introduce Bill 4, with no climate change plan in replace The Climate Change Mitigation and Low-carbon Economy Act, 2016, is absolutely disrespectful to the citizens of Ontario; will contribute to the contamination of our planet; and will only end up costing us more in the long run. We need a plan that forces pollutants to pay an economic price for polluting -- that is the only way they will cut their emissions. Ontario could be moving forward on climate change -- we could be working towards creating jobs and investment in a clean economy. Instead, we are moving backwards -- introducing Bill 4, and removing references to climate change from government websites. Pretending climate change doesn't exist is not going to make it go away. This government's approach to climate change -- essentially, cancelling all initiatives that attempt to combat it -- is truly appalling.\n"
    },
    "10421": {
        "url": "/comment/10421",
        "comment": "To Whom It is Concerned,\nAs a Torontonian and Ontarian, I am deeply OPPOSED to Doug Ford's proposal to 'cancel' our current provincial Cap & Trade Policy.\nWe are nearing the brink of global environmental collapse. All local, regional, provincial, federal and global citizens of the world must instead promote GREATER REDUCTION of polluting vehicle omissions, our reliance of fossil fuels including petro-chemicals and other deadly carcinogens, while further creating new job growth and prosperity in earth-sustainable energy sources and alternative technologies.\nSincerely,\nA Global Citizen\n"
    },
    "10422": {
        "url": "/comment/10422",
        "comment": "This is a very disappointing move, a very frustrating move.  It destroys something that may not be perfect but far better than nothing.  If Mr. Ford doesn't like anything that the previous government did, then let's see an improved act first, not just the trashing of something that works to show he is in power.\nThere are alternative systems that work and could lead our province in a positive direction to the future, that could support individuals who want to reduce their energy costs without dipping into provincial funding, that support an active industry of sustainably energy.  All these are happening with the current legislation that Ford is determined to trash.  That is not leadership, it is just blatant getting even with a government that he did not respect.\nIt is time that government employees call him on this, also members of his caucus who know better.\nLet's see real leadership with an eye on the future, not more of this kind of bullying typical of the Fords.\n"
    },
    "10424": {
        "url": "/comment/10424",
        "comment": "I am horrified that this is being considered. We need to improve our carbon emissions, not revert to previous levels. We must do more, not less to reduce the impact that our cars and businesses and homes are having on our environment. This is what we owe our children and grandchildren.\nAs a concerned Ontarian and voter, I urge you to rethink this foolish path.\n"
    },
    "10425": {
        "url": "/comment/10425",
        "comment": "As an Ontarian deeply concerned about the effects of climate change I was disappointed by the lack of consultation about the repeal of the Climate Change Mitigation and Low-carbon Economy Act, 2016. Repealing the Act without public consultation is not acceptable. I am happy to see that the new bill was posted to the Environmental Bill of Rights for comment. I have a number of major concerns regarding the proposed \u201cCap and Trade Cancellation Act, 2018\u201d.\nI have dedicated more than 5 years of my life studying Geography and Environmental Management. Climate Change is real and it\u2019s happening. Recently, the UN Intergovernmental Panel on Climate Change warns we will reach 1.5 C global temperature rise in only 12 years. We can expect to lose entire ecosystems. We can expect to experience a higher frequency and  greater strength of a number of natural disasters -- of which WILL impact our society.\nOntario was already doing a good job to decrease greenhouse gas emissions and reinvesting funds to improve efficiencies in key sectors. The emissions have been going down despite the GDP and the population rising. Combating climate change is an economic opportunity that the current Ontario government seems intent on missing out on. This is something that we need to continue to act on and use to our advantage.\nThe proposed \u201cCap and Trade Cancellation Act, 2018\u201d is clearly missing important measures needed for a successful climate change act. In particular, I am concerned about the following:\n\u2022 There are no long-term climate targets enshrined in law. Bill 4 states the government will set targets, which it can change at any time. This lack of commitment is unacceptable. Any new climate change law must include environmentally logical targets that we are obligated to reach.\n\u2022 There are no emission reduction obligations for emitters. We need strong obligations for all emitters in order to reach our targets.\n\u2022 There is a severe lack of transparency and accountability. Any new climate change law must include annual reporting that shows our progress toward targets. These reports should be prepared and verified by independent bodies with expertise.\n\u2022 There is no funding system to provide the financial incentives for emitters to reduce emissions and to stimulate growth of the clean energy sector. \u201cCap and trade\u201d and \u201ccarbon pricing\u201d work because they are embedded in the economies of all businesses. They drive innovation and conservation of resources. Any new act must have a system to support these principles.\nThe former Cap and Trade program had all of these elements. Improvements to any plan are possible and can be done as needed, rather than scrapping a whole program that was working well. We need to move forward by protecting our resources and our environment, and although I am aware that this needs to be a Global commitment, the least WE can do is work together as a Province and continue to move forward in the right direction.\nThank you for providing the opportunity for comment, I hope my concerns are taken into consideration.\n"
    },
    "10427": {
        "url": "/comment/10427",
        "comment": "The consultation process for Bill 4 was insufficient\nBill 4 ignores the urgency of climate change\nBill 4 closes Ontario for business to the clean economy\nBill 4 gives little detail about a replacement plan\nBill 4 does not contain binding emissions targets\nBill 4 eliminates the most important policy tool: pollution pricing\n"
    },
    "10428": {
        "url": "/comment/10428",
        "comment": "The evidence of human generated global climate change and the negative effects of this change are overwhelming. We all have a duty to mitigate the impacts. The government must do the right thing and respect our role in this mitigation. To ignore this responsibility is tantamount to murder. The economic loss and human loss will far exceed the cost of doing the right thing now. We need a price on carbon. The cost of carbon emissions is real, we cannot ignore it. We need incentives to change behaviour. Time is running out. There are no valid excuses for ignoring the challenge.\n"
    },
    "10429": {
        "url": "/comment/10429",
        "comment": "We know from the recent Intergovernmental Panel on Climate Change (IPCC) report that we are dangerously close to crossing the catastrophic 1.5C tipping point that would lead to runaway climate change. It is in the context of this dire warning that we call on the government to take urgent action to reduce our emissions and formulate a plan for adapting to a changing climate.\nSummary\nBill 4 fails to match the urgency of the climate crisis and represents a major step backward in the fight against climate change.\n    It is unfair and unreasonable to eliminate the province\u2019s only climate plan without being transparent with the public about the plan to replace it.\n    Bill 4 closes Ontario for business to the $26 trillion global clean economy and will have a negative effect on clean jobs and investment.\n    Pollution pricing must be a pillar for a climate plan to be efficient and effective.\n    A credible climate plan would include binding targets to shift Ontario towards being 100% carbon neutral by 2050, supported by specific measures in the areas of energy efficiency, home and building heating, transportation, electricity, and climate adaptation.\nWhere Bill 4 goes wrong\nThe consultation process for Bill 4 was insufficient\n    Bill 4 ignores the urgency of climate change\n    Bill 4 closes Ontario for business to the clean economy\n    Bill 4 gives little detail about a replacement plan\n    Bill 4 does not contain binding emissions targets\n    Bill 4 eliminates the most important policy tool: pollution pricing\nThe way forward: Recommendations for a credible climate plan\nAdopt carbon fee and dividend\n    Focus on energy efficiency in homes and buildings\n    Electrify our transportation system\n    Support jobs and investment in the clean economy\n    Make our electricity system clean, affordable, and community-owned\n    Prepare Ontario for climate impacts\nWe cannot accept that increasingly severe wildfires, flooding and storms are our new normal.\nWe still have time to act.\n"
    },
    "10430": {
        "url": "/comment/10430",
        "comment": "Cap and Trade may not be the ideal policy to reduce further harm to the environment, but having officially rejected it, the Ontario government is now obligated to come up with an equally effective or better policy to slow climate change.  As an Ontario resident and tax-payer, I expect the Provincial government in power to look after our interests, and what is more fundamental than the elements we all share?  Please respect and represent our fundamental interests, our children's fundamental interests, our grandchildren's fundamental interests and so on, for seven + generations. Use all the innovative and creative minds accessible to you to develop a potentially more impactful initiative that meets or exceeds the goals of the Cap and Trade program.\n"
    },
    "10431": {
        "url": "/comment/10431",
        "comment": "The earth is our home and is the only planet that can sustain the human race. As science has shown, Global Warming is the biggest threat to our existence and we are the ones to blame. If we wish to continue to thrive and prosper drastic action needs to be taken to ensure not only the longevity of the planet's survival but by extension our own. Cancelling the climate bill because it doesn't conform to minor sect of Ontarians is reckless and criminally negligent. Cancelling this bill with presently endanger all communities across the province and threaten the survival of future generations. The earth provides so much for us, it is our job to ensure the protection and sustainability of all its creatures, ecosystems, and overall health. If you, Preimer Ford cancel this bill, you have effectively signed the death warrants of Ontarians young and old. The life of thousands outweighs the profit margins of the few. Do the right thing, and protect our planet!\n"
    },
    "10432": {
        "url": "/comment/10432",
        "comment": "I'm disappointed in the decision to repeal legislation without a clear outline of replacement legislation. Ontario has a responsibility to manage the effects of climate change as a result of its action. The Cap and Trade program, while not perfect was at least a start. I can't support the government plan to replace this program since there is no plan or even a general inclination of what said plan might be.\nThis legislation should stay intact until the new government has determined what will replace Cap and Trade and received feedback from Ontarians on its appropriateness in comparison to the program in place.\n"
    },
    "10434": {
        "url": "/comment/10434",
        "comment": "I'm a citizen and voter who is angry about the cancellation of the cap and trade program. The Government of Ontario is responsible for the long-term well being of its citizens, and climate change threatens our safety. Carbon pricing means we pay a little more now to prevent the billions of dollars in climate change-fueled storms that we will incur as taxpayers and homeowners in the future. Climate change is the greatest threat to humanity, and catastrophic effects will occur by as soon as 2040. We must set aggressive emission reduction targets and create a plan to meet them. Our future must be carbon neutral, and we must start working towards that now, not later - there is no time to waste.\n"
    },
    "10435": {
        "url": "/comment/10435",
        "comment": "I would like to see the cap and trade program continue as well as a variety of other strategies to help reduce human caused global warming.  For instance, we need to consider the energy expenditures of products from cradle to grave, we need to be encouraged to repair items (and be allowed to - e.g. apple devices), to reduce waste, to conserve energy etc.\n"
    },
    "10436": {
        "url": "/comment/10436",
        "comment": "Bill 4 fails to match the urgency of the climate crisis and represents a major step backward in the fight against climate change.\nIt is unfair and unreasonable to eliminate the province\u2019s only climate plan without being transparent with the public about the plan to replace it.\nBill 4 closes Ontario for business to the $26 trillion global clean economy and will have a negative effect on clean jobs and investment.\nPollution pricing must be a pillar for a climate plan to be efficient and effective.\nA credible climate plan would include binding targets to shift Ontario towards being 100% carbon neutral by 2050, supported by specific measures in the areas of energy efficiency, home and building heating, transportation, electricity, and climate adaptation.\n"
    },
    "10437": {
        "url": "/comment/10437",
        "comment": "The proposed legislation to wind down Ontario\u2019s cap and trade program is of significant interest to Koch Industries, Inc. (Koch) and Koch appreciates the opportunity to provide this submission on Bill 4, Cap and Trade Cancellation Act, 2018.\nUnder the previous government\u2019s Climate Change Mitigation and Low-carbon Economy Act, 2016, (the CT Law) the Ontario cap & trade program was linked with California and Quebec\u2019s programs on January 1, 2018 and operated jointly as part of the Western Climate Initiative (WCI). Koch\u2019s participation in the market for WCI compliance instruments is not voluntary.  While Koch does not support the concept of cap and trade, Koch companies have mandatory compliance obligations in both Ontario and California and Koch has participated in the WCI cap and trade program through five Koch companies \u2013 INVISTA (Canada) Company, Flint Hills Resources, LP, Georgia-Pacific Gypsum, LLC, Guardian Industries, LLC, and Koch Supply & Trading, LP (KS&T). Under the CT Law, these Koch companies have been fulfilling their mandatory obligations as one corporate compliance group in order to comply with the purchase and holding limits set out in the cap & trade regulations.\nKoch participated in Ontario\u2019s cap and trade auctions through its wholly-owned subsidiary, KS&T, in order to meet the mandatory obligations of the CT Law through a single entity with the requisite expertise in cap and trade auctions. The total compliance obligation of Koch companies in the WCI program through 2020 was estimated to be approximately 4 million tonnes.\nKoch respectfully submits that Bill 4, as currently written, will create arbitrary and unjustified distinctions, and create winners and losers through the proposed compensation scheme. Bill 4, as it presently reads, will disadvantage entities that diligently met their \u201cmandatory participant\u201d compliance obligations through multi-national corporate compliance entity that is registered as a \u201cmarket participant,\u201d as such terms are defined in the CT Law. In contrast, companies that did not meet their compliance obligations in a timely manner will be unfairly rewarded in a manner that is entirely antithetical to the purpose and intent of the statutory scheme and any other legitimate purpose.  Specifically, entities that did not promptly purchase compliance instruments to meet their expected compliance obligations under the cap and trade program are no longer expected to true up their accounts, while companies, like Koch, that purchased emission allowances to meet their compliance obligations are unduly and significantly penalized.  Whether a company wins or loses in relation to Bill 4 may be decided simply by the jurisdiction in which the company happened to hold its compliance instruments.\nFurther, Koch has the potential to be financially harmed by the current approach set out in Bill 4. Specifically, Koch purchased compliance instruments to meet its obligations, which now appear to be stranded in Ontario. Koch procured these compliance instruments in the joint auction held in May 2018 to meet Koch\u2019s current compliance obligations. These allowances were delivered to KS&T\u2019s Ontario registry account on June 11, 2018. When Ontario froze all registry accounts on July 3, 2018, these allowances effectively became stranded and Koch companies now have more compliance instruments in their Ontario registry accounts than required to fulfill their Ontario emissions obligations and too few to meet their mandatory obligations in linked jurisdictions. As a result of the freeze, Koch cannot meet its compliance obligations in the WCI without procuring additional allowances at substantial additional cost to Koch.\nIt is our hope that the government will amend Bill 4 in order to ensure just and equitable treatment for Koch\u2019s corporate compliance group operating in Ontario. Our proposed amendments to Bill 4 below, offer a solution that includes requiring all mandatory and voluntary participants to match their actual attributed emissions through July 3, 2018 with existing compliance units (please see amendment to Bill 4 Section 6.2 below).\nThe government may also wish to undertake a fact-based assessment to determine the entities that should be eligible for compensation and the quantum of such compensation. In doing so, the government has the ability to mitigate any unintended, arbitrary outcomes of its proposed legislation (such as a compensation system that arbitrarily excludes specific market participants based only on their definitional classification) by moving to a fact-based system that examines the type of activity of the registered participant and related losses in order to determine if they are \u201ccompensation-eligible\u201d (please see amendment to Bill 4 Section 8 4(1) below).\nSection 6(2) Retirement\nEligible instruments of a participant are retired as follows:\n1.\tIf the number of eligible instruments of the participant is equal to or greater than that aggregate amount of all greenhouse gas emissions attributed to the participant in respect of the prescribed time period, the number of eligible instruments equivalent to that aggregate amount shall be retired.\n2.\tIf the number of eligible instruments of the participant is less than the aggregate amount of all greenhouse gas emissions attributed to the participant in respect of the prescribed time period, all of the eligible instruments shall be retired, and the participant shall procure for retirement from a pool of instruments assembled by the Minister additional eligible instruments equal to the difference between the quantity of greenhouse gas emissions attributed to the participant and the number of eligible instruments retired by the participant pursuant to Section 6(2)1, such purchases to be made in accordance with and at a rate no lower than a minimum price of CAD$18.72/tonne established by the regulations\nSection 8(4) No compensation, specified participants\n1.\tA participant that was registered as a market participant within the meaning of the Climate Change Mitigation and Low-carbon Economy Act, 2016, excluding any market participant related to and acting for, on behalf of, or in relation to a mandatory participant pursuant to section 14(1)(1) of the Climate Change Mitigation and Low-carbon Economy Act, 2016 and section 2 of Ontario Regulation 144/16.\nThank-you for your timely consideration of these submissions.\nKoch Industries, Inc.\n"
    },
    "10438": {
        "url": "/comment/10438",
        "comment": "The conservative government is being absolutely reckless. We need tougher targets and higher prices on fossil fuels not fewer targets and lower prices. Our future and our children\u2019s futures are at stake. Be responsible leaders and not sheep for the corporations. I\u2019m disgusted at the government\u2019s position and hope they change course before they kill us all.\n"
    }
}