{
    "10395": {
        "url": "/comment/10395",
        "comment": "To premier Ford, you obviously believe that going backwards in protecting our planet is the best thing to do for all of the people you are serving. You are wrong. As the person given the mandate by the people of Ontario you are responsible to look out for those people in the present and in the future. So please, as someone that wants to leave something significant for his children and other people children, think beyond just the now and die more than that small minority of rich folks that will benefit from your regressive decision.\nThank you.\nPS. I did not vote for you. But I respect the position you have and you should respect all the people of this great province that you are serving.\n"
    },
    "10396": {
        "url": "/comment/10396",
        "comment": "I completely disagree with this government's plan to cancel the Cap and Trade system -especially without a viable plan to replace it.  In this era of unprecedented climate disruption and extreme weather, it's beyond irresponsible to abandon our goals of reducing our carbon emissions to an acceptable level , not to mention making polluters pay for the damage that they are contributing to - that our tax dollars end up having to cover. In the millions of dollars.  This in addition to the human cost in lives, injuries, disruption and loss of property.\nThis bill seems to unfortunately just be a knee jerk reaction - \"if the Liberals did it, it must be bad\".. This is a non-partisan issue. At the core of it all, it is a Human issue.\nEconomically it also is destructive - our green economy is good and growing - and now it will be discouraged and apparently abandoned. In lieu of what? More fossil fuels? More nuclear reactors? We need to not only look long term (beyond your 4 year term), but also at the broader picture - we all share this planet, and we all have to play a role in saving it. Is this the legacy we want to leave for our children?  We need to encourage green initiatives and industry - not disband it.\nI strongly encourage you to take a second long hard look at what this bill is really intending to do.\nSincerely,\nA concerned citizen\n"
    },
    "10397": {
        "url": "/comment/10397",
        "comment": "Climate change is one of the biggest threats to the future of humanity at this time.  Ontario needs to be part of the solution.  Cancelling a process which is helping our economy move in a direction to mitigate climate change is a criminal and vile act.\nInstead, strengthen the existing act so that we promote faster progress toward a petroleum free economy - the way of the future.\n"
    },
    "10398": {
        "url": "/comment/10398",
        "comment": "I would like to support the many citizens, businesses and organizations who oppose the cancellation of Bill 4. As someone who works to protect the environment and sees first-hand the impacts of climate change, this is a move in the wrong direction and smacks of political pettiness that uses tax reduction as a way to advance their party. Well, the many rebates that were offered for new windows, electric cars and other alternative energy services and products saved taxpayers money. We spend a fraction on conservation and I would be happier knowing my tax dollars were being allocated to protect it.\n"
    },
    "10399": {
        "url": "/comment/10399",
        "comment": "I was born and raised in a northern Ontario mining town, where I saw firsthand the devastating effects of putting  industry before the environment.\nAs a planet, we are now at a crossroad we cannot ignore or minimize if we want our children and their children to know the benefits of a natural environment with abundant plant and animal diversity not continually threatened by horrific forest fires, and unending water and weather extremes.\nAs today's letter from the Green Party to the Ministry of the Environment stated so succinctly:\nBill 4 fails to match the urgency of the climate crisis and represents a major step backward.\nBill 4 ignores the urgency of climate change\nBill 4 closes Ontario for business to the clean economy\nBill 4 gives little detail about a replacement plan\nBill 4 does not contain binding emissions targets\nBill 4 eliminates the most important policy tool: pollution pricing\nFor this reason, I support the Green Party's recommendations for a credible climate plan:\nAdopt carbon fee and dividend\nFocus on energy efficiency in homes and buildings\nElectrify our transportation system\nSupport jobs and investment in the clean economy\nMake our electricity system clean, affordable, and community-owned\nPrepare Ontario for climate impacts.\nWe need to reject Bill 4 and get serious about protecting our climate.\n"
    },
    "10400": {
        "url": "/comment/10400",
        "comment": "It is irresponsible and immoral to diminish any program that protects the environment. destruction of the environment, contributing to global warming costs the world's economy multi trillions of dollars.\nWho does not understand that basic truth?  Very Very stupid people.\nThere is no way anyone can spin this.\n"
    },
    "10401": {
        "url": "/comment/10401",
        "comment": "\"Science is our way of trying not to fool ourselves.\" (Quote from Richard Feynman)\nMy point here is that Science is NOT a matter of opinion. Also: \"For a successful technology, reality must take precedence over public relations, for Nature cannot be fooled.\" This is also a quote from the aforementioned. I'm trying to emphasize that denying the role of human activity in altering the climate is a mistake. Humans are increasing the amount of greenhouse gases in the atmosphere, and if we continue on this path, the results will be truly terrifying. Already, the climate where I live has changed radically in the last forty years. We now have tornadoes: this would have been beyond belief when I was a child.\nThe existing legislation, the so-called \"Cap & Trade\" law, should be retained. This law recognizes reality. Cap & Trade can provide an enormous net economic BENEFIT. It is not a liability. Repealing the law will, however, be devastating to our economy in the short term, and to our civilization in the long term.\n"
    },
    "10402": {
        "url": "/comment/10402",
        "comment": "Please do not repeal the cap and trade program.\nThe science is telling us that we must mitigate climate change\u2014we can no longer afford to emit greenhouse gas emissions. Canadians are some of the highest per capita greenhouse gas emitters and energy users globally. We must do our part and transition to a low-carbon economy. There are two main components to substantially mitigate climate change: 1) the government needs to price carbon to send a signal to the market to make a shift towards lower carbon options 2) the government must support low-carbon options for individuals and organizations to switch to, that is, the government needs to also improve the price elasticity of demand, for example, by helping to design infrastructure and markets to easily support low carbon options. The cap and trade system in Ontario did both of these things: the revenue from the carbon market was put towards low-carbon options in Ontario communities. This revenue can also make sure that individuals and organizations that are less price responsive, such as lower income groups, or people with less access to capital, can manage rising costs\u2014a concern I know that the Ford government campaigned on. Both of these policy mechanisms\u2014putting a price on carbon and improving the price elasticity of demand, also leads to economic development. The low-carbon economy creates innovation as well as local jobs and healthier communities.\nOne of the consequences of removing the cap and trade system is that the federal government has stated they will put a price on carbon in Canada. I think it is a poor decision to challenge this. I also think it is better for the province to price carbon because then the province can make sure that the revenue is put towards improving the carbon price responsiveness of Ontario communities.\nIf you replace the cap and trade program with another carbon pricing mechanism, because WE NEED a carbon pricing mechanism, it is still important to design it with other policies so that communities can respond to prices and manage rising costs.\n"
    },
    "10403": {
        "url": "/comment/10403",
        "comment": "Bill 4 is catastrophically disappointing. To deny scientific research and human rights so blatantly is appalling. This attempt reveals an administration which is incredibly short-sighted, poorly informed and morally bankrupt. The \"Progressive\" Conservative Party will not stand the test of time under such ineffective leadership. The PCs have demonstrated to anyone who will be alive in the next half-century that you they are only concerned with how much they can gain under their limited reign rather than the lives of the individuals who will be left behind to clean up this mess.\n"
    },
    "10405": {
        "url": "/comment/10405",
        "comment": "The recent IPPC made it very clear that we must take drastic and immediate action to reduce greenhouse gas emissions. Cap and Trade would help.\nCancelling it will mean that Ontario is abandoning its responsibility to its own citizens wellbeing and that of people around the world, a morally and ethically reprehensible course of action.\nAnd the government has no viable alternative plan whatsoever to reduce greenhouse gas.\nDo not cancel this Act.\n"
    },
    "10406": {
        "url": "/comment/10406",
        "comment": "I live in Toronto. I don't wish to be anonymous, but, I don't have time at present to register or create an account in order for my name to be visible. So, I'll forfeit the use of my name and simply say the following: It is imperative that we face the frightening reality that we are living in a time of cataclysmic environmental change. Life as we've known it may soon no longer be sustainable. It behooves us to do everything in our power to mitigate the destructive and devastating changes wrought by our own short-term thinking and self-serving actions. I urge Doug Ford and the government of Ontario to implement the strongest possible measures to stop the production of pollution and help Canada become carbon neutral by 2030. We need to make uncomfortable choices now or face dire consequences later. I choose the former. Thank you.\n"
    },
    "10407": {
        "url": "/comment/10407",
        "comment": "Please stop with the use of fossil fuels. We pride ourselves on being an evolved species so we need to start using our collective resources to establish a Solar based energy for all aspects of life.\n-Planting more trees around cities that produce oxygen for everyone and also remove carbons.\n-Trees as possible burial replacements instead of granite stones/coffins that dont help the environment. (Tree pods)\n-Teaching more Agriculture in schools.\n-law restrictions on plastic bags/straws etc.  for businesses.\n-Hemp based products and Farming operations to create jobs. (also another oxygen producing plant)\n-keeping our trades LOCAL. This keeps foods naturally fresh and our farmers respectfully employed. Greenhouses can be used to keep harvests consistent in colder weather.\n"
    },
    "10408": {
        "url": "/comment/10408",
        "comment": "This is a terrible proposal that sets Ontario back. I am ashamed that I live in a province that elected a government that is proposing to roll back an established plan to fight climate change, arguably the most pressing issue we face today, particularly in the the absence of any other plan. Shame on you. Ontarians deserve better than a reactionary roll back of an act designed to give us a chance at a brighter climate future, based on the politics of greed disguised as concern for citizens of this province.\n"
    },
    "10410": {
        "url": "/comment/10410",
        "comment": "I want a real climate change plan to reduce emissions, help people save energy and create jobs in the $26 trillion clean economy.\n    I want Ontario to put a price on pollution, making polluters pay for their emissions and returning the revenues to the pockets of Ontarians so they can lower their carbon footprint.\n    I want legally binding emissions targets in line with our obligations to the Paris Climate Agreement.\n    I want Ontario to be 100% powered by clean energy by 2050\n    I want Ontario to end subsidies and handouts for fossil fuel companies and redirect this money to clean energy solutions.\n"
    },
    "10411": {
        "url": "/comment/10411",
        "comment": "This needs to be in place - we are so close to NOT having an environment  - no amount of money is going to pull us back from the effect of climate change if we don't act NOW! The money goes back to the people so people suffering from the effects from fire,water, storms etc. don't have to suffer without funds to pay to get housing etc. if for e.g. their house burnt down.\nWhat burns me is that you know this - it's just that you want votes and money and power and really don't care about anything except what you look like to get votes and money - which in the end is going to be utterly useless!! And the rest of us have to pay for your greed!\n"
    },
    "10413": {
        "url": "/comment/10413",
        "comment": "This is true dark age thinking.  The only people who believe that 99% of scientists are wrong are people either brain washed or bought off the the only people who have enough money and sufficient pathology to propagandize their way to further profits \u2014 Big Oil.\nBut if you\u2019d open your eyes a bit you\u2019d see that Exon Mobile actually donated a million dollars to promote a carbon tax.\nEven some of the culprits are getting the message.\nIsn\u2019t it time you woke up and go in it too?\n"
    },
    "10414": {
        "url": "/comment/10414",
        "comment": "I ask that you would reconsider scrapping the CCMLEA and the Cap and Trade program.  After listening to a presentation by Ontario's Environmental Commissioner Dianne Saxe, I believe we need to seriously consider how dire the situation regarding carbon emissions is and that we are running out of time to solve the problem. I've heard the Environment Minister state that the government will target large source polluters. This is a good step, but transportation, meaning all of us driving cars and trucks is a very large source of carbon dioxide and must also be addressed. Going forward stringent targets must be set, we must get regular reports to see if we are meeting the targets and look at strategies if we are not meeting these targets.\nPlease reconsider retrofits to homes, the promotion of a green economy and jobs, the encouragement of a transition to electric cars, more money into public transit.\nLet's do this for our kids and grandkids\n"
    },
    "10415": {
        "url": "/comment/10415",
        "comment": "Climate change mitigation is the responsibility of every government on the planet. All over the planet Governments at all levels, are LOSING the lawsuits filed against them for failing to both address and act on climate disruption.\nFord's attempt to unilaterally cancel the agreement without public consultation makes it abundantly clear that his government knows that his actions are both illegal and unconstitutional. They are also lacking in ethics and morals as it condemns future generations to an unsustainable planet.\nOntario could be a leader in green energy and alternative energy, providing both businesses and the public with viable, lucrative long-term jobs and industries. Obviously Ford wants neither for the citizens of Ontario.\nThe latest projections are that we have less than 12 years to stop using fossil fuels and radically change our standard operating procedures if humanity is to survive as we know it.  That the Conservatives would flout this globally acknowledged fact appears to represent a deep hatred of humanity.\nAs a citizen of Canada living in Ontario, I reject Ford's plan to end the Cap and Trade Bill or any other environmental legislation.\n"
    },
    "10416": {
        "url": "/comment/10416",
        "comment": "As a resident of Ontario, I have experienced firsthand some of the impacts of severe weather phenomena that can indirectly be attributed to our changing climate and rising carbon levels in the atmosphere: wells going dry on rural properties, including mine, where this has not happened for generations; trees being downed in far greater numbers than in previous years, on my property and neighbouring properties; the massive Parry Sound 33 forest fire came within 500 metres of my partner's residence, burning over ground that was terrifyingly dry after weeks without rain. These impacts have actual, calculable costs. They are already altering our lives in ways far more profound than a few more dollars in my pocket for cheaper gas will ever do. Days ago, the Intergovernmental Panel on Climate Change (IPCC) reported that we must keep global temperature levels below 1.5 Celsius in order avoid catastrophic climate changes that will affect all of us in Ontario: current weather events are only a foretaste of what we, and our children, may face in the future. It is in this context that I urge you, as the  government of Ontario, to take up your challenge and responsibility to do your part, through interventions and stimuli, to radically cut back our dependence on fossil fuels, reduce our carbon emissions and  formulate plans for adapting to a changing climate and the changed economy that will result.\nYour proposed Bill 4 fails to do this.\nBill 4 fails to match the urgency of the climate crisis and represents a major step backward in the fight against climate change.\n    It is unfair and unreasonable to eliminate the province\u2019s only climate plan without being transparent with the public about the plan to replace it.\n    Bill 4 closes Ontario for business to the $26 trillion global clean economy and will have a negative effect on clean jobs and investment.\n    Pollution pricing must be a pillar for a climate plan to be efficient and effective.\n    A credible climate plan would include binding targets to shift Ontario towards being 100% carbon neutral by 2050, supported by specific measures in the areas of energy efficiency, home and building heating, transportation, electricity, and climate adaptation.\nI urge you to show true leadership at this moment in time. All of us in this province are counting on you, because, to be blunt, our lives are at stake.\n"
    }
}