{
    "6254": {
        "url": "/comment/6254",
        "comment": "Comment on Bill 4;\nAlthough the cap and trade policy is not the best way to reduce the use of C02, it is better than no clear policy at all. It provided incentive and a monetary contribution for research and development of innovative ways to reduce GHG emissions and it was working. It provided incentive for foreign investment in Ontario as climate improved and Ontario was perceived as a leader in climate change. The present government is scrapping the cap and trade and the carbon tax yet has no better policies in place to prevent Green House Gas (GHG) emissions. Also the repeal of the carbon tax is a strictly political move to pacify constituents in the short term. The Federal Government will replace this tax in the new year with possibly a more stringent tax on carbon emissions. We need strong climate laws and a government that is willing to commit to the reduction of GHG for the future. Please do not scrap the cap and trade until a much better solution can be determined.\n"
    },
    "6255": {
        "url": "/comment/6255",
        "comment": "I need clean air and water.  Future generations will need clean air and water.  Doug Ford is hastily destroying at least one path to mitigate climate changes without any plan of his own, clearly disregarding the welfare of the citizens he claims to represent.  He might do well to learn about issues before taking such irresponsible actions.  Polluters need to be held accountable, and there should be a price for compounding current problems and releasing more carbon into the atmosphere.  You should have a clearly defined, workable alternative in place before you throw out what was going to at least do some good.\n"
    },
    "6258": {
        "url": "/comment/6258",
        "comment": "Cutting the Cap and Trade agreement is an egregious move against Ontario as well as Canada's well being.  The Cap and Trade agreement, while not perfect, was a stepping stone in the direction of true sustainable development.  Nothing is perfect right off the bat; however, something is always better than nothing.  I am fearful about where the provincial government is leading Ontario.\n"
    },
    "6268": {
        "url": "/comment/6268",
        "comment": "I'm very disappointed with the dismantling of this law and the government not providing any other good alternative.\nTha Cap an Trade system aims to lower greenhouse emissions,  which is what we desperately need, by putting caps on the amount of pollution companies emit.if they exceed those limits they must buy allowances at auctions or from other companies that don't reach the limit. Dismantling a climate change law that was working is bad for business and bad for our health . The money from Cap and Trade was funding energy efficient programs in Ontario communities.\nIt is a shame that a law that was working is swiped away just because the new provincial government wants to erase the good programs from the liberal one just because of politics.\nThe health of our children and our grandchildren is in peril just for that. Shame.\n"
    },
    "6280": {
        "url": "/comment/6280",
        "comment": "I am opposed to Bill 4.  Cap and trade is a method of reducing greenhouse gases that is widely thought to be effective.  We need effective measures in order to slow the devastating effects of climate change.\n"
    },
    "6284": {
        "url": "/comment/6284",
        "comment": "This bill is an act of civic vandalism by the current government whose only goal here is to destroy what was created by the previous government, regardless of whether it's good policy or not. The cap and trade program was generating money to be used for environmental initiatives that were valuable to the people of this province. Industry paid into the system, buying billions of dollars of credits that are now worthless, opening up the government to legal liability. The government says that they made a pledge to repeal the cap and trade plan during the election and they won the election so now that means they have a mandate to go ahead and do this. But this argument is not acceptable because the government only received 40% of the votes in the election while 60% of the votes went to the three other parties that supported the cap and trade plan. All the money and time that was spent in setting this cap and trade program up, all the money that was paid into it by industry players in good faith, all the positive environmental applications that the generated money could have gone towards, all the good jobs that could've been and were created, all this now goes to waste just so that we can maybe pay five cents less on our gas. It really is just taking us backwards for no discernible purpose but to fulfil a campaign pledge that should've never been made in the first place. This government would rather just destroy the system that is in place and do nothing to address reigning in greenhouse gas emissions, rather than let the system remain and work on it to improve it. This repeal bill is a major blunder by the government and bad for the province.\n"
    },
    "6285": {
        "url": "/comment/6285",
        "comment": "We are making a big mistake in ignoring climate change. I've lived long enough to notice the difference in climate then and now. We need to be transitioning to cleaner energy sources which will provide lots of jobs for the province.  Ignoring the problem is not the answer and you are endangering all of us by doing so.\nCap and trade money was being used to help pay for programs that helps us to transition to cleaner choices. Youve removed a key economic stimulant to not only improve the environment but grow the economy. A big mistake.\n"
    },
    "6289": {
        "url": "/comment/6289",
        "comment": "There is a scientifically undeniable environmental crisis facing humanity , and it is essential that our carbon emissions be considerably reduced.  a carbon tax is therefore one essential means to address this problem and by eliminating the cap-and-trade program, without providing any replacement is beyond reprehensible!  Shame on our government!\n"
    },
    "6291": {
        "url": "/comment/6291",
        "comment": "Ontario\u2019s Climate Change Mitigation and Low-Carbon Economy Act, 2016 gave Ontario a competitive economic edge by encouraging the province to develop into a strong economic leader in the 21st century. By taking important steps forward to support smart economic growth that takes our rapidly changing environment into account, the Act supports the continued thriving of Ontario job growth, public health and overall wellness. In absence of aggressive new environmental legislation that tackles important climate change issues, the Act of 2016 must continue to be enforced. Without even stronger environmental and economic legislation introduced immediately as a replacement, Bill 4, Cap and Trade Cancellation Act, 2018 will negatively harm our economy, environment and health of Ontario citizens. Repealing the 2016 Act also indicates to business and other governments that Ontario is not ready for forward thinking economic growth appropriate to our current era. As a life long Ontario resident, whose family relies on primary sector employment in rural Ontario (and Alberta), who lives in rural areas and as someone who has spent time in Eastern, Southern and Northern Ontario, I know that Ontarians support strong environmental change and understand how a healthy environment impacts us all. A healthy environment is essential to the health of our economy and communities.\n"
    },
    "6294": {
        "url": "/comment/6294",
        "comment": "I firmly believe that the cancellation of the Cap & Trade Act is a step in the wrong direction.\nCanada, especially Ontario, has the opportunity to become a leader in climate change prevention.\nInternally, Ontario's Cap & Trade program enabled a healthier environment, promoted energy efficiency, and saved a lot of money in energy costs.\nSurely, canceling this act can save some money for families temporarily and reduce gas prices temporarily. However, it is obvious that there are repercussions to this in the long-term future. Budgeting a temporary fix to gas prices and saving a handful of money seems like a \"good move\" at the moment, and looks good for the government, but we all know that this facade will fade and we will face greater consequences later (both in the environment and in the economy).\nTrying to outclass global businesses that are currently far out of reach (producing much more at a cheaper labour cost) seems like an irrational move - we do not need to sacrifice our environment and global leadership in green initiatives for a small temporary push forward.\nOn top of this, from a business perspective, there is no compensation for businesses that have invested in the Cap & Trade initiative - what will you do about this?\nThere needs to be recuperation for the cancellation of the act.\nThank you.\n"
    },
    "6298": {
        "url": "/comment/6298",
        "comment": "I am alarmed and angered by the government's intention to tear down Ontario\u2019s plan for combatting climate change without offering any alternative plan of action.\nIf implemented, this would be a most rash decision, one that would leave Ontario without any legally binding emissions targets nor any means to tackle climate change.\nClimate change is a real, present and undeniable danger for Ontario and all of Canada.\nAcross Canada, throughout this summer we have been fighting with increasing desperation against raging wildfires (increasingly numerous, intense, widespread and earlier in the year), scorching heatwaves that continue to break records in length and intensity (including in the Premier Ford\u2019s home city of Toronto), and flash flooding.\nThese impacts are not limited to Canada. Given the worldwide impacts of a changing climate, Premier Ford\u2019s regressive actions on climate change are a clear sign that his government is not committed to holding pollutors to account. Worse, it is showing that it is openly indifferent to Ontarians' and Canadians' right to a safe environment through climate action.\nIn its haste to end the province\u2019s climate legislation and gut the cap and trade program, the Ford government chose to ignore its legal responsibilities under the Environmental Bill of Rights (EBR) to consult the public on changes to environmental regulations and laws so that residents, community groups, businesses and other stakeholders have an opportunity to weigh in on decisions that affect them.\nInstead, the province made a regulation that ended Ontario\u2019s cap and trade program, and then introduced Bill 4, the Cap and Trade Cancellation Act, 2018, to dismantle Ontario\u2019s climate change mitigation plan and greenhouse gas emission reduction targets, all without giving the public a chance to consult meaningfully and specifically about these decisions \u2014 a move that Ontario\u2019s own Environmental Commissioner Dianne Saxe has agreed did not comply with the government\u2019s legal obligation under the EBR to consult the public before making that decision.\nWinning an election does not give Ford's government the freedom to ignore Ontarians\u2019 legal rights to participate meaningfully in decisions to change laws that protect us all from climate change.\nThe current consultation phase, though welcome, is an obvious and hasty effort by the Ford government at damage control, prompted by a lawsuit to hold Premier Ford accountable.\nWe Ontarians need our government to work TOWARD -- not against -- making climate-smart decisions and implementing credible, ambitious policies that will drastically limit carbon emissions.\nOntario\u2019s Environmental Commissioner has warned that \u201cdismantling a climate change law that was working is bad for our environment, bad for our health, and bad for business\u2026 A meaningful climate law needs science-based emissions budgets, a legal obligation to stay within those budgets, and credible, transparent progress reporting. Ontario can still choose sensible solutions that help families make ends meet while bringing climate pollution down. Polluter-pay tools, for example, give people more choice and a fair reward for reducing their emissions, and can help reduce other taxes they pay.\u201d\nWith the overwhelming weight of evidence pointing to the urgent need for progressive and proactive action locally, nationally and worldwide on the climate file, I demand that Premier Ford and his government reinstate Ontario\u2019s cap and trade program, and retract Bill 4, the Cap and Trade Cancellation Act, 2018.\n"
    },
    "6299": {
        "url": "/comment/6299",
        "comment": "It's obvious that as Canadians, we aren't doing a very good job at reducing our emissions. When people think of Canada, they think about large bodies of water, evergreen trees and wildlife... all of which is at risk if we continue to pollute the way we have been.\nI think the Cap and Trade model was a good start; this gave an incentive to cut emissions and for better communication between Quebec and California. Cap and Trade isn't a perfect, end-all solution to the problem, but if it's shut down by Ford government now, then it doesn't get the chance to be monitored and improved upon. It's an absolute waste of time and money to cut the contracts up when we already had the ball rolling towards lowering GHG emissions. It is unfortunate that when one party comes in to power, they tear down what another party has built rather than changing it and trying to make it better.\n"
    },
    "6300": {
        "url": "/comment/6300",
        "comment": "Ford is putting every Ontario resident in danger by cancelling programs that support the natural environment. Through fool hardy acts he does nothing but harm - to the environment, to justice and the laws of our country, and he has hurt the very people who most need help.  Does this Ontario premier not understand what he is doing - the suffering he is causing with these hasty actions? Irresponsible and unthinking behaviour from this man.  Shameful.\n"
    },
    "6303": {
        "url": "/comment/6303",
        "comment": "As Suzuki said, \u201cWe're in a giant car heading towards a brick wall and everyones arguing over where they're going to sit.\" When are we going to begin to see that we are IN a climate CRISIS?  This is the number one issue facing our planet.  I am so saddened and discouraged by policies that take us further from a solution.  The truth is, it is likely already too late.  Our children, and especially our children's children, have a bleak future ahead.  Please, please, please do EVERYTHING IN YOUR POWER, government of Canada, to put policies in place that promote a clean, bright future, and penalize those who care more about the almighty dollar than about our earth.\n"
    },
    "6306": {
        "url": "/comment/6306",
        "comment": "I am a resident of Ottawa where just over a week ago we had 6 tornadoes in the Ottawa/Gatineau area and a very strange hot/cold  and rainy/dry summer. I am puzzled that you do not attribute this to global warming caused by Canada and other countries not doing enough to protect our environment. I am speaking out against the Ontario government's - MY government's - plan to cancel the Cap and Trade program and the Green Energy Act.\n"
    },
    "6307": {
        "url": "/comment/6307",
        "comment": "There is significant evidence that the climate has changed witnessing the extreme weather changes all around the world. I have to be the steward of the environment on behalf of my 8 and 10 year old grand-daughters. They need to have fresh air and pure water to live their lives into the next 100 years. Everything that can be done to preserve our Earth should be done for future generations.\n|\n"
    },
    "6308": {
        "url": "/comment/6308",
        "comment": "I am very disappointed in this decision. One thing that has me very concerned, there is no plan in place to combat climate change. The ministry is to prepare one sometime in he future. I am sorry that Ontario thought it necessary to put in such a regressive government.  One that is ill informed and petty.\n"
    },
    "6313": {
        "url": "/comment/6313",
        "comment": "Repealing the Cap and Trade program is incredibly short-sighted. It is so important to our economy and our environment that we maintain this program. The impact of carbon emissions is a threat to all of Ontario, and in particular, a significant threat to future residents and citizens of Ontario. A few pennies may be 'saved' today, but we will all pay a high cost when it comes to dealing with the impacts of climate change: major storm events, upgrading infrastructure; increasing the need for flood protection, financial costs to houses and homes across Ontario, disruptions to the local economy in dealing with major storm events, and insurance costs, to name just a few.\nThe Cap and Trade system needs to be maintained. It is an opportunity not just to save money down the line when it comes to dealing with the impacts of climate change, but it is also an opportunity to open up new markets in the Ontario economy. New industries could start to become viable and flourish under Cap and Trade, adding jobs to our economy and employing Ontarians.\n"
    },
    "6315": {
        "url": "/comment/6315",
        "comment": "Implementation and utilization of Cap and Trade has demonstrated a positive impact on our environment.\nThe major users  and emitters of carbon gases pay for their use while moving toward reduction in consumption.\nThe fees that are paid by them are used in environmentally positive initiatives such as retrofitting old public buildings to make them more environmentally efficient. Win win!\nI do not support the cancellation of the Cap and Trade initiative.\n"
    },
    "6317": {
        "url": "/comment/6317",
        "comment": "Mr. Premier, please reconsider this action.  This is not what Ontarians want.  We want a future.\nIn the words of ECO Dianne Saxe:\nContrary to the government\u2019s obligations under the Environmental Bill of Rights, there was no consultation with Ontarians as the rug was pulled out from under climate action, and as clean energy projects were cancelled, leaving many First Nation communities high and dry.\nDismantling a climate change law that was working is bad for the environment, bad for our health, and bad for business.\nWhere do we go from here?\nThe government's proposed replacement climate law, Bill 4, the Cap and Trade Cancellation Act, is much too weak.\nA meaningful climate law needs at least three critical elements:\n\u00b7     long-term science-based emission budgets consistent with the Paris Agreement,\n\u00b7     a legal obligation to stay within those budgets, and\n\u00b7     credible, transparent reporting to keep the work on track.\nIt would use three tools \u2013 polluter-pay, investing in solutions, and regulations \u2013 to drive down emissions and build a cleaner, more sustainable economy. And it must focus on large emissions sources which have real technology alternatives. The details are on page 41 of the report. The largest source is individuals, not industry, and no technology alternatives yet exist for about half of industry emissions.\nBill 4 has none of these features.\nInstead, it promises undetermined action to achieve undetermined and easily changed targets at some undetermined future time, with no criteria or consequences. It is a license to do little or nothing in the face of our largest threat.\n"
    }
}