{
    "7057": {
        "url": "/comment/7057",
        "comment": "Ontario should end direct/indirect subsidies to fossil fuel companies.  Ontario should plan to be powered by clean energy.  Ending this program without finding a way to a clean energy future and in compliance with Paris agreement in law and in spirit is a short term approach to please the masses without resolving real world issues.\n"
    },
    "7061": {
        "url": "/comment/7061",
        "comment": "I want a real climate change plan to reduce emissions, help people save energy and create jobs in the $26 trillion clean economy.\nI want Ontario to put a price on pollution, making polluters pay for their emissions and returning the revenues to the pockets of Ontarians so they can lower their carbon footprint.\nI want legally binding emissions targets in line with our obligations to the Paris Climate Agreement.\nI want Ontario to be 100% powered by clean energy by 2050\nI want Ontario to end subsidies and handouts for fossil fuel companies and redirect this money to clean energy solutions.\n"
    },
    "7063": {
        "url": "/comment/7063",
        "comment": "Thanks for this opportunity to comment on Bill 4.  I am strongly opposed to this Bill which would eliminate the price on carbon.  Anyone who cares at all about the lives that will be lived by our children and grandchildren would be shocked and dismayed by such a bill which will allow ever more carbon to be released into the atmosphere thus accelerating the terrible climate change phenomena which are already upon us.  It will, at the same time deprive the province of funds that were earmarked for programs that would encourage energy-saving and the move to green energy.  Such a Bill is shortsighted, selfish and ignorant.\n"
    },
    "7065": {
        "url": "/comment/7065",
        "comment": "I want Ontario to put a price on pollution, making polluters pay for their emissions and returning the revenues to the pockets of Ontarians so they can lower their carbon footprint.  We need a consistent revenue stream to provide subsidies to people for things like smart thermostats, energy efficient appliances and windows and more affordable electric vehicles.  With these subsidies, people will be able to lower their cost of living by preventing the use of fossil fuel in the first place, instead of lowering the price of fuel.\n"
    },
    "7067": {
        "url": "/comment/7067",
        "comment": "We have seen an increase in extreme weather conditions and natural disasters. The cost of global warming cannot be ignored.\nI want Ontario to end subsidies and handouts for fossil fuel companies and redirect this money to clean energy solutions.\nI want a real climate change plan to reduce emissions, help people save energy and create jobs in the $26 trillion clean economy.\nI want Ontario to put a price on pollution, making polluters pay for their emissions and returning the revenues to the pockets of Ontarians so they can lower their carbon footprint.\nI want legally binding emissions targets in line with our obligations to the Paris Climate Agreement.\nI want Ontario to be 100% powered by clean energy by 2050\n"
    },
    "7068": {
        "url": "/comment/7068",
        "comment": "Please wake up! Our planet\u2019s climate has dramatically changed and the environment needs to be a priority. The science is clear and it\u2019s appallingly evident that the things our survival depends on like clean air, water, food and a safe environment are in great jeopardy. As war crimes of the past were pursued exposfacto I believe these crimes against our environment will be too. It is criminal and reckless what you\u2019re trying to do here. Be remembered one day as a hero not a crook, sellout and fool. Please do the right thing and don\u2019t sacrifice permanent global implications for short term corporate greed and gain.\n"
    },
    "7070": {
        "url": "/comment/7070",
        "comment": "I want a real climate change plan to reduce emissions, help people save energy and create jobs in the $26 trillion clean economy.\nI want Ontario to put a price on pollution, making polluters pay for their emissions and returning the revenues to the pockets of Ontarians so they can lower their carbon footprint.\nI want legally binding emissions targets in line with our obligations to the Paris Climate Agreement.\nI want Ontario to be 100% powered by clean energy by 2050\nI want Ontario to end subsidies and handouts for fossil fuel companies and redirect this money to clean energy solutions.\n"
    },
    "7072": {
        "url": "/comment/7072",
        "comment": "I want a real climate change plan to reduce emissions, help people save energy and create jobs in the $26 trillion clean economy.\nI believe we should strive to make all public parking areas have electric power stations for electric cars. (Coin operated)\nThen after that, have a ten year plan where all cars in Ontario being sold brand new, be electric cars. No more gasoline or diesel fuel cars as brand new.\nThen lastly, 10-15 years after that, no more fuel stations in Ontario. Making it that everyone must have an electric car by that time.\n"
    },
    "7073": {
        "url": "/comment/7073",
        "comment": "Reducing climate change is not about saving abstract things like greenery, or beauty, or \"the planet\".\nThe planet will be fine. The priority is saving us.\nWe don't want our old age, when we are weakest and most in need, to be a war for resources with more powerful nations. We don't want ourselves, or our children, to die horrible deaths from starvation because of massive crop failure.\nNow is the time to do everything we can. (Actually, twenty-five years ago was the time, but our gruesome fate is only going to get more certain the longer we leave it.)\nThis is not a partisan issue. This is a public safety issue.\nMake the decision that best serves Ontarians, Canadians, and the world - and reduce greenhouse gasses by any and all means necessary. Anything less isn't merely madness - it's suicide.\n"
    },
    "7075": {
        "url": "/comment/7075",
        "comment": "We urgently need a real climate change plan to reduce emissions, help people save energy and create jobs in the $26 trillion clean economy.\nOntario needs to put a price on pollution, making polluters pay for their emissions and returning the revenues to the pockets of Ontarians so they can lower their carbon footprint.\nAdditionally, Ontario can end subsidies and handouts for fossil fuel companies and redirect this money to clean energy solutions.\nIt is important to ensure our legally binding emissions targets are in line with our obligations to the Paris Climate Agreement.\nLet's move in the right direction for Ontario to be 100% powered by clean energy by 2050.\n"
    }
}