{
    "8018": {
        "url": "/comment/8018",
        "comment": "I want Ontario to put a price on pollution, making polluters pay for their emissions and returning the revenues to the pockets of Ontarians so they can lower their carbon footprint.\nI want legally binding emissions targets in line with our obligations to the Paris Climate Agreement.\nI want Ontario to be 100% powered by clean energy by 2050.\n"
    },
    "8019": {
        "url": "/comment/8019",
        "comment": "I want a real climate change plan to reduce emissions, help people save energy and create jobs in the $26 trillion clean economy.\nI want Ontario to put a price on pollution, making polluters pay for their emissions and returning the revenues to the pockets of Ontarians so they can lower their carbon footprint.\nI want legally binding emissions targets in line with our obligations to the Paris Climate Agreement.\n"
    },
    "8020": {
        "url": "/comment/8020",
        "comment": "I STRONGLY OPPOSE TO THIS BILL TO CANCEL CAP AND TRADE PROGRAM.\n- I want a real climate change plan to reduce emissions, help people save energy and create jobs in the $26 trillion clean economy.\n- I want Ontario to put a price on pollution, making polluters pay for their emissions and returning the revenues to the pockets of Ontarians so they can lower their carbon footprint.\n- I want legally binding emissions targets in line with our obligations to the Paris Climate Agreement.\n- I want Ontario to be 100% powered by clean energy by 2050\n- I want Ontario to end subsidies and handouts for fossil fuel companies and redirect this money to clean energy solutions.\n"
    },
    "8021": {
        "url": "/comment/8021",
        "comment": "The province of Ontario needs to think to the future and eliminate *all* subsidies to the oil and gas industries.\nMonies should be directed to the green energy sector so that Ontario can be a true leader in green technology that will be needed by many jurisdictions and many industries in the near future.\n"
    },
    "8023": {
        "url": "/comment/8023",
        "comment": "If Bill 4 passes, it will eliminate the only climate policy we have. It will cancel pollution pricing. It will erase emissions targets. It will scrap all funding for energy saving solutions.  We need something else in place, something better, we need to improve on what the Liberal government put in place to protect the environment.  The earth is dieing, we are slowly killing and if we don't do anything to save it, it will be catastrophic.  We need to go from a cap and trade system to a carbon tax, but tax the biggest polluters and give them incentive to invest in technologies that will lessen their pollution.  Avoid taxing the middle class with a carbon tax on gas but focus on the biggest polluters.  That money can then go to the middle class as intensives for making homes greener more energy efficient electric car incentives and more.  Laws should be put in place to force corporations to become as environmentally responsible as possible.  We are not living in balance with nature.  Please watch:  Unacknowledged the documentary https://www.youtube.com/watch?v=QgGQ79meTe0\nThank you for your time and may you make the right decision for the benefit all of humanity.\n"
    },
    "8024": {
        "url": "/comment/8024",
        "comment": "I appreciate the opportunity to offer the following comment on Bill 4, an Act which repeals Ontario's Climate Change Mitigation and Low-carbon Economy Act.\nClimate change poses a serious threat to the world our children will inhabit, and I hope we can agree that it is incumbent on us to take that threat seriously.  For this reason, a bill which repeals our province's climate change plan, with nothing as of yet to replace it, is deeply problematic.  It stalls our province's environmental progress while sending a clear signal to citizens that climate change is not a threat to be taken very seriously.\nI oppose this bill on the grounds that it cancels carbon pricing in Ontario. Carbon pricing is a powerful tool to incentivize reduction of emissions of the greenhouse gases (GHGs) causing climate change, and one which could have broad appeal across the political spectrum, if partisan theatrics were resisted.  I think we can agree that in our market economy, the price signal has a powerful effect on our choices.  In their ideal state, markets produce efficient outcomes; however, anyone who has studied economics can tell you about market failures caused by negative externalities, with pollution being the textbook example.  In this case, because a cost is imposed on a third party (including future generations) by the consumption of GHGs, and because this cost is not captured in the price of carbon production or associated goods, the market is not creating a good outcome.\nThis is where carbon pricing comes in, as a means of correcting the negative externality.  A carbon price could be be imposed in several ways - though cap and trade approaches, carbon taxes, or through a revenue neutral, fee and dividend approach.  Well-meaning, educated people can disagree about the best approach. But what appears to be happening now is not a debate about how best to configure carbon pricing or even how best to fight climate change.  Rather, the point here seems to be a repudiation of carbon pricing and an encouragement to stop worrying very much about climate change.  It does not help that the communications approach around this bill seems to include disinformation about what carbon pricing even means, and a lot of hyped up, highly partisan language.\nIn times of great threat, individual action on its own is insufficient.  I can change my personal habits, but only the government has the power to effect and maintain the coordinated change necessary to actually reduce the GHGs that are threatening our future.  For this reason, I opposed Bill 4. I support effective carbon pricing and other incentives to produce less GHGs, with legally binding emission targets.\n"
    },
    "8025": {
        "url": "/comment/8025",
        "comment": "3 important steps I want followed by Ontario's Ford government without further delay:\n1. Put a price on pollution, making polluters pay for their excessive emissions.\n2. Put legally binding emissions targets into effect, that are in line with our obligations to the Paris Climate Agreement.\n3. End subsidies and handouts for fossil fuel companies, redirecting this money to clean energy solutions, resulting in Ontario being 100% powered by clean energy by 2050.\n"
    },
    "8026": {
        "url": "/comment/8026",
        "comment": "I want a real climate change plan to reduce emissions, help people save energy and create jobs in the $26 trillion clean economy.  The cancellation of cap and trade and the Green Energy Act goes in the opposite direction and we are seeing catastrophic climate consequences across the world from governments not taking action on climate change.  The green economy is booming and China is taking the lead on this industry. Ontario and Canada needs to change direction swiftly to keep up in this economy.  I know I am not only speaking for myself when I ask that the government of Ontario seriously reconsider its stance on climate change, the cap  and trade system, and green energy.  There is only one viable way forward and that is to take action now for a cleaner world and stronger green economy.\n"
    },
    "8028": {
        "url": "/comment/8028",
        "comment": "I feel that it is completely irresponsible towards our our children and future generations to interfere with an attempt to make polluters pay. I am a hard working tax paying RN with a child, elderly mother and many bills. However I know that we ALL have to pitch in and sacrifice in order to mitigate the climate change which will have catastrophic impacts on the planet and to bring it home- effect our insurance premiums as floods and extreme weather causes more property damage, increase our healthcare costs as extreme heat causes more illness and impedes outdoor activities which promotes fitness, increase climate refugees that will inevitably attempt to come to Canada, potentially effect the reliable weather patterns that have allowed population to flourish through reliable agricultural yields- causing spikes in food prices. It is the MORAL obligation of government to look out for the well-being of the people they represent long term and not buy into ignorance   spread to seek benefit for the wealthy few. You must put Ontario at the forefront of fighting climate change not take us back.\n"
    },
    "8029": {
        "url": "/comment/8029",
        "comment": "I want a real climate change plan to reduce emissions, help people save energy and create jobs in the $26 trillion clean economy.\nI want Ontario to put a price on pollution, making polluters pay for their emissions and returning the revenues to the pockets of Ontarians so they can lower their carbon footprint.\nI want legally binding emissions targets in line with our obligations to the Paris Climate Agreement.\nI want Ontario to be 100% powered by clean energy by 2050\nI want Ontario to end subsidies and handouts for fossil fuel companies and redirect this money to clean energy solutions.\n"
    },
    "8031": {
        "url": "/comment/8031",
        "comment": "I request that before cancelling cap and trade, the Government of Ontario please consider the following priorities:\n1. It is existential that an effective climate change policy be enacted that will effectively reduce carbon dioxide and other green gas emissions and limit global warming.  This should be done before cancelling the existing cap and trade system.\n2.  The economic effects and costs of climate change including long term impacts, should be considered in the policy and these costs should be transferred to polluters and in turn comsumers as directly, accurately and immediately as possible.  This is essential to ensure that the economy will function efficiently and allow markets to accurately inform business and consumer choices.\n3.  To avoid economic disruption and provide consistency needed for businesses and individuals to respond to climate change and related policies, policy changes should involve extensive consultation, should provide consistency with other like-minded jurisdictions including the federal government and other provinces and should be long term in nature.\n4.  To the extent possible, subsidies for affected consumers, businesses, or polluters should be strictly avoided, and if absolutely necessary, should be short term and transitional in nature to avoid undermining the objective of minimizing climate change.\n"
    },
    "8032": {
        "url": "/comment/8032",
        "comment": "I am a professional engineer and scientist.  The scientific evidence is conclusive. The enormous emission of CO2 into the environment by humans is a significant cause of global warming creating insidious climatic changes. The current procrastination by governments, businesses and the general public to initiate and support mitigation measures must be transformed into immediate actions that are sustained in order to avoid a global crisis.\nThe Cap and Trade program has been a positive strategy that showed leadership and courage. By placing a price on pollution, the polluters pay for their emissions and return the revenues into other initiatives that lower our carbon footprint.  I support legally binding emissions targets in line with our obligations to the Paris Climate Agreement.  Ontario\u2019s electrical energy supply is still only produced from about 25% renewable sources.  Invest the money derived from Cap and Trade into expediting renewable energy, save energy programs and boosting the clean energy economy. I will vote for the party that can achieve these goals.\n"
    },
    "8033": {
        "url": "/comment/8033",
        "comment": "Do not pass Bill 4.  Cap and Trade managed by Ontario is a much better approach than a Federally imposed Carbon pricing.  Cap and Trade is up and running, optimize it instead of repealing it.  This is the time for Ontario to lead Canada in addressing Climate Change, it is not the time to abdicate your responsibility to improve the environment for generations to come.\nCap and Trade discourages waste and encourages conservation.  Focusing  the dollars on improving the energy efficiency of individuals and organizations will reduce GHG and save money.\nLet\u2019s climb out of the hole, not slide down deeper.\n"
    },
    "8034": {
        "url": "/comment/8034",
        "comment": "We need a real climate change action plan.  I am extremely disappointed in the proposed cancelling of the existing cap and trade system.  We will be taking an enormous step back.  We  need to put a price on pollution and ensure that those who pollute, pay the price.  Monies collected should be directed to saving energy, and reducing our carbon footprint.\nWe need hard emissions targets to meet our international agreements.  We need to increase our green energy generation.\nThe future of our children depends on the actions we take today.\n"
    },
    "8037": {
        "url": "/comment/8037",
        "comment": "Disregarding climate change and the role that humans play in polluting through emissions is extremely disappointing!\nThe cancellation of this plan takes money away from supporting ethical programs and supports capitalistic ideologies that rot away the sole of nature, this planet and hope for the future of life on earth.\nWe need legally binding emission targets in line with our obligations to the Paris Climate Agreement and for our conscience as caretakers of this planet.\nClean energy should be our goal--not fossil fuel companies making further profits. Capitalistic profiteers doesn't make for a healthy planet--community, collaboration and genuine care for all life on earth does.\n"
    },
    "8038": {
        "url": "/comment/8038",
        "comment": "Yes I copied this from the Green party's website but only because they wrote it better than I ever could and because I truly want all these things. With all that we know about climate change now, we can't actively be pursuing a strategy that doesn't fight against it. Having a clean, livable world is more important than any profit to be saved. What good is profit in a barren, uninhabitable landscape? Please reconsider this plan for our children, other future generations and us. Thank you.\nI want a real climate change plan to reduce emissions, help people save energy and create jobs in the $26 trillion clean economy. I want Ontario to put a price on pollution, making polluters pay for their emissions and returning the revenues to the pockets of Ontarians so they can lower their carbon footprint. I want legally binding emissions targets in line with our obligations to the Paris Climate Agreement. I want Ontario to be 100% powered by clean energy by 2050 I want Ontario to end subsidies and handouts for fossil fuel companies and redirect this money to clean energy solutions.\n"
    }
}