{
    "8062": {
        "url": "/comment/8062",
        "comment": "I want a real climate change plan to reduce emissions, help people save energy and create jobs in the $26 trillion clean economy.\nI want Ontario to put a price on pollution, making polluters pay for their emissions and returning the revenues to the pockets of Ontarians so they can lower their carbon footprint.\nI want legally binding emissions targets in line with our obligations to the Paris Climate Agreement.\nI want Ontario to be 100% powered by clean energy by 2050.\nI want Ontario to end subsidies and handouts for fossil fuel companies and redirect this money to clean energy solutions!\n"
    },
    "8064": {
        "url": "/comment/8064",
        "comment": "I want a real climate change plan to reduce emissions, help people save energy and create jobs in the $26 trillion clean economy.\nI want Ontario to put a price on pollution, making polluters pay for their emissions and returning the revenues to the pockets of Ontarians so they can lower their carbon footprint.\nI want legally binding emissions targets in line with our obligations to the Paris Climate Agreement.\nI want Ontario to be 100% powered by clean energy by 2050\nI want Ontario to end subsidies and handouts for fossil fuel companies and redirect this money to clean energy solutions.\n"
    },
    "8065": {
        "url": "/comment/8065",
        "comment": "I want a real climate change plan to reduce emissions, help people save energy and create jobs in the $26 trillion clean economy.\nI want Ontario to put a price on pollution, making polluters pay for their emissions and returning the revenues to the pockets of Ontarians so they can lower their carbon footprint.\nI want legally binding emissions targets in line with our obligations to the Paris Climate Agreement.\nI want Ontario to be 100% powered by clean energy by 2050\nI want Ontario to end subsidies and handouts for fossil fuel companies and redirect this money to clean energy solutions.\n"
    },
    "8066": {
        "url": "/comment/8066",
        "comment": "What is your government's plan to address climate change? In the absence of a thoughtful, informed plan of action, cancellation of the cap-and-trade program is irresponsible and ill-advised. Your government should be leading this province towards the myriad of opportunities waiting to be developed in a green economy. It's time for innovation and leadership. It's time to step up.\n"
    },
    "8067": {
        "url": "/comment/8067",
        "comment": "I want a real climate change plan to reduce emissions, help people save energy and create jobs in the $26 trillion clean economy.\nI want Ontario to put a price on pollution, making polluters pay for their emissions and returning the revenues to the pockets of Ontarians so they can lower their carbon footprint.\nI want legally binding emissions targets in line with our obligations to the Paris Climate Agreement.\nI want Ontario to be 100% powered by clean energy by 2050\nI want Ontario to end subsidies and handouts for fossil fuel companies and redirect this money to clean energy solutions.\n"
    },
    "8068": {
        "url": "/comment/8068",
        "comment": "My comment concerns the enforcement of the Cap and Trade Cancellation Act, 2018.\nUnder the Act, the Government is required to establish targets for reducing the amount of greenhouse gas emissions in Ontario. The Minister of Environment, Conservation and Parks is required to prepare a climate change plan and to prepare progress reports in respect of the plan.\nIn my opinion, setting targets and monitoring progress reports is not enough.  Without consequences being spelled out, progress reports that show failed attainment of targets will provide little more than political fodder, frustrating everyone and creating governmental bureaucratic waste.  The current cap and trade system was an attempt to push consequences into the marketplace, which seems to me to be a good conservative approach to trying to solve the consequence issue.\nIn my opinion, the Act should not be passed without appropriate and adequate enforcement measures.\n"
    },
    "8070": {
        "url": "/comment/8070",
        "comment": "We have a lot to gain from learning improved methods of  renewable energy collection and storage and energy conservation.\nInfrastructure that creates healthier lifestyles is the future.   The world is constantly changing, investing further in outdated, polluting, climate changing technology is the losers strategy.\nWhy would we want to be Luddites and get left behind in the new economy?  Cap and trade will encourage everyone  to get onboard.\n"
    },
    "8072": {
        "url": "/comment/8072",
        "comment": "I\u2019m really disappointed in the actions of Ford thus far. Canada is supposed to be he nice guys, the ones that care. His actions have been entirely about finance and not about human well-being. This is another action that can bring so much harm to people in the long run instead of making good decisions for the betterment of the future. Please think of the future. Please think of people.\n"
    },
    "8073": {
        "url": "/comment/8073",
        "comment": "Cancellation of the act without a plan to address climate change not only betrays future generations who will have to deal with the consequences of doing nothing, but is already very costly to taxpayers and promises to be even more so.\nThanks to the Regressive Conservative Party Government of Ontario!\n"
    },
    "8074": {
        "url": "/comment/8074",
        "comment": "I feel that Cap and Trade is a solid free market method to deal with climate change. Ford Nation is playing partisan politics with this serious issue, and although helped get them elected on false logic, the damage to Ontario and our reputation as a influential world leader is damaging.\nI sense, reasonable Ford Nation ministers understand the deal with the devil has begun, and I would respect if cooler heads prevailed. PS... read Steve Harper's Globe and Mail piece on Oct 7 for inspiration.\n"
    },
    "8075": {
        "url": "/comment/8075",
        "comment": "The Government must fully compensate all investors for their losses and expenses as a result of the cancellation of The Cap and Trade and any other programs (eg: The German windmill project $100 Million in the Picton area) that currently exist. Failure to do so will result in investors shunning the Province, which Mr Ford has declared \"Open for Business\". Investors have participated in good faith and unless fully compensated will not be dumb enough to come back and be cheated again. As the saying goes \"Fool me once, shame on you; Fool me twice shame on me\"\n"
    },
    "8077": {
        "url": "/comment/8077",
        "comment": "I want a real climate change plan to reduce emissions, help people save energy and create jobs in the $26 trillion clean economy.\nI want Ontario to put a price on pollution, making polluters pay for their emissions and returning the revenues to the pockets of Ontario's residents so they can lower their carbon footprint.\nI want legally binding emissions targets in line with our obligations to the Paris Climate Agreement.\nI want Ontario to be 100% powered by clean energy by 2050\nI want Ontario to end subsidies and handouts for fossil fuel companies and redirect this money to clean energy solutions.\n"
    },
    "8078": {
        "url": "/comment/8078",
        "comment": "It is a sad time for Ontario when our government is taking steps backwards instead of forwards to reduce the greenhouse gases. Climate change is the key threat to our economy and survival. I call on the premier to take positive leadership on climate change, retain existing legislation and policies, and push even further. Travelling Trump-style across the country to rally in other provinces  is a clear misuse of my provincial tax dollars.\nStop the gravy train trips and make our province stronger by strengthening climate policies. Stop destroying them.\nSincerely\n"
    },
    "8079": {
        "url": "/comment/8079",
        "comment": "I want a real climate change plan to reduce emissions, help people save energy and create jobs in the $26 trillion clean economy.\nI want Ontario to put a price on pollution, making polluters pay for their emissions and returning the revenues to the pockets of Ontarians so they can lower their carbon footprint.\nI want legally binding emissions targets in line with our obligations to the Paris Climate Agreement.\nI want Ontario to be 100% powered by clean energy by 2050\nI want Ontario to end subsidies and handouts for fossil fuel companies and redirect this money to clean energy solutions.\n"
    },
    "8080": {
        "url": "/comment/8080",
        "comment": "Cap and Trade is the best possible solution for both the environment and for taxpayers. I\u2019ve known about and advocated for cap and trade for 15 years, and it works. It uses market forces to drive innovation instead of ineffective and expensive bureaucracy, and understands the fundamental forces that drive businesses to do better.\nCanadians for Clean Prosperity, a nonpartisan think tank led by Conservative Mark Cameron, ex-policy director of Stephen Harper, performed a study that showed that it put MORE money in the pocket of the taxpayer, so even though I am not conservative, I think this shows both sides of the aisle that cap and trade is something we can agree on. It\u2019s environmentally friendly, taxpayer friendly policy, and it just makes sense. We need our citizens to be safe and healthy for years to come, or we will be facing rising sea levels that will obliterate cities near water, and the refugee crises that will come along with this; the death of our farms from drought, weather changes, and destruction of ecosystems; more extinctions of animal populations that we will never get back (that will make our animal and human populations even more vulnerable to disease and famine); more extreme weather events like the destructive ice storm and tornados we have seen; and increased health problems from pollution that will strain our health system even more than it already is.\nEven if there was a cost to the taxpayer, I would say that it would be worth it to every taxpayer to protect their future and their children\u2019s future. I don\u2019t want my world to be destroyed and in turmoil by the time I grow old. This affects even my future, as well as a more distant future that I have a responsibility for.\nBut the AMAZING thing about cap and trade is that it puts MORE money in my pocket, it\u2019s not more expensive or even fiscally neutral for me. And it can be profitable or fiscally neutral for businesses too if they invest in reducing their carbon footprint and innovate to create green technologies. Driving innovation will be good for our province\u2019s business and job growth.\nThis is a win-win-win situation for taxpayers, government, and businesses. This is the best possible solution. Please keep Cap and Trade.\n"
    },
    "8081": {
        "url": "/comment/8081",
        "comment": "As residents of Ontario, we want to see our obligations to the Paris Climate Agreement met in full and to ensure that our government bring forward legally binding targets to ensure that the we reduce our environment footprint.\nWe are seeking to have polluters pay the cost of the pollution and to utilise the funds towards clean technologies.\n"
    },
    "8082": {
        "url": "/comment/8082",
        "comment": "Please reflect,\nCancelling a carbon tax without another means to reduce and eventually end carbon dioxide pollution is a health hazard for everyone who shares breathing air and drinking water. This causes a major disservice and hardships to regular people that pay a serious health cost individually and collectively with their own and family's well-being being.\nThe World Health Organization defines the concept of \"Health\" as \"A state of complete physical, mental and social well-being and not merely the absence of disease or infirmity\".\nSincerely,\nA seriously concerned tax paying Canadian and family member\n"
    }
}