{
    "6680": {
        "url": "/comment/6680",
        "comment": "I strongly feel that we need to do our part to limit greenhouse gas emissions.  It doesn't matter what form this takes, as long as we get results.  I believe a carbon tax is a good idea because it will incentivize people and companies to reduce their emissions.  The revenue collected can be used to create jobs in the green economy, or pay down our massive provincial debt, or it can be returned to taxpayers/corporations as cash.  Any of these options would be better than doing nothing and following the lead of Donald Trump.\n"
    },
    "6681": {
        "url": "/comment/6681",
        "comment": "I want a real climate change plan to reduce emissions, help people save energy and create jobs in the $26 trillion clean economy.\nI want Ontario to put a price on pollution, making polluters pay for their emissions and returning the revenues to the pockets of Ontarians so they can lower their carbon footprint.\nI want legally binding emissions targets in line with our obligations to the Paris Climate Agreement.\nI want Ontario to be 100% powered by clean energy by 2050\nI want Ontario to end subsidies and handouts for fossil fuel companies and redirect this money to clean energy solutions.\n"
    },
    "6682": {
        "url": "/comment/6682",
        "comment": "I want a real climate change plan to reduce emissions, help people save energy and create jobs in the $26 trillion clean economy.\nI want Ontario to put a price on pollution, making polluters pay for their emissions and returning the revenues to the pockets of Ontarians so they can lower their carbon footprint.\nI want legally binding emissions targets in line with our obligations to the Paris Climate Agreement.\nI want Ontario to be 100% powered by clean energy by 2050\nI want Ontario to end subsidies and handouts for fossil fuel companies and redirect this money to clean energy solutions.\n"
    },
    "6684": {
        "url": "/comment/6684",
        "comment": "\u2022\tI want a real climate change plan to reduce emissions, help people save energy and create jobs in the clean economy.\n\u2022\tI want Ontario to put a price on pollution, making polluters pay for their emissions and returning the revenues to the pockets of Ontarians as inducements to take measures that will reduce their carbon footprint.\n\u2022\tI want legally binding emissions targets in line with our obligations to the Paris Climate Agreement.\n\u2022\tI want Ontario to be 100% powered by clean energy by 2050\n\u2022\tI want Ontario to end subsidies and handouts to fossil fuel companies and redirect these moneys toward companies developing technologies that use clean energy.\n"
    },
    "6686": {
        "url": "/comment/6686",
        "comment": "I want a real climate change plan to reduce emissions, help people save energy and create jobs in the $26 trillion clean economy.\nI want Ontario to put a price on pollution, making polluters pay for their emissions and returning the revenues to the pockets of Ontarians so they can lower their carbon footprint.\nI want legally binding emissions targets in line with our obligations to the Paris Climate Agreement.\nI want Ontario to be 100% powered by clean energy by 2050\nI want Ontario to end subsidies and handouts for fossil fuel companies and redirect this money to clean energy solutions.\n"
    },
    "6688": {
        "url": "/comment/6688",
        "comment": "I want a real climate change plan to reduce emissions, help people save energy and create jobs in the $26 trillion clean economy.\nI want Ontario to put a price on pollution, making polluters pay for their emissions and returning the revenues to the pockets of Ontarians so they can lower their carbon footprint.\nI want legally binding emissions targets in line with our obligations to the Paris Climate Agreement.\nI want Ontario to be 100% powered by clean energy by 2050\nI want Ontario to end subsidies and handouts for fossil fuel companies and redirect this money to clean energy solutions.\n"
    },
    "6689": {
        "url": "/comment/6689",
        "comment": "This Bill goes against everything Canada stands for, and Doug Ford is at the root. I want a real climate change plan to reduce emissions, help people save energy and create jobs in the $26 trillion clean economy. I want Ontario to put a price on pollution, making polluters pay for their emissions and returning the revenues to the pockets of Ontarians so they can lower their carbon footprint. I want legally binding emissions targets in line with our obligations to the Paris Climate Agreement.\nI want Ontario to be 100% powered by clean energy by 2050. I want Ontario to end subsidies and handouts for fossil fuel companies and redirect this money to clean energy solutions.\n"
    },
    "6691": {
        "url": "/comment/6691",
        "comment": "This legislation to end current practices, without another viable place to replace is a step backwards and incredibly short sighted.\nWe need A real climate change plan to reduce emissions, to help people save money by saving energy and to create jobs in the $26 trillion clean economy.\nAdoption of a price on carbon pollution through a fee-and-dividend plan, which would charge polluters and return the money to the pockets of Ontarians.\nLegally binding emissions targets in line with our obligations to the Paris Climate Agreement.\nThe redirection of fossil fuel subsidies into clean energy solutions.\n"
    },
    "6692": {
        "url": "/comment/6692",
        "comment": "I want a real climate change plan to reduce emissions, help people save energy and create jobs in the $26 trillion clean economy.\nI want Ontario to put a price on pollution, making polluters pay for their emissions and returning the revenues to the pockets of Ontarians so they can lower their carbon footprint.\nI want legally binding emissions targets in line with our obligations to the Paris Climate Agreement.\nI want Ontario to be 100% powered by clean energy by 2050\nI want Ontario to end subsidies and handouts for fossil fuel companies and redirect this money to clean energy solutions.\n"
    },
    "6693": {
        "url": "/comment/6693",
        "comment": "I cannot believe that you are scrapping all the work that has been done, plans to save our climate and our children's future, and therefore create massive cost increases later when we have to reinstate climate change strategies. Totally unacceptable.\n- I want a real climate change plan to reduce emissions, help people save energy and create jobs in the $26 trillion clean economy.\n- I want Ontario to put a price on pollution, making polluters pay for their emissions and returning the revenues to the pockets of Ontarians so they can lower their carbon footprint.\n- I want legally binding emissions targets in line with our obligations to the Paris Climate Agreement.\n- I want Ontario to be 100% powered by clean energy by 2050\n- I want Ontario to end subsidies and handouts for fossil fuel companies and redirect this money to clean energy solutions.\n"
    },
    "6697": {
        "url": "/comment/6697",
        "comment": "I want a cleaner healthier Ontario. I want emissions reductions and I want Ontario to run fully on clean energy by 2050 - if not sooner. We as Ontarians have an obligation to the future generations to clean up our planet. I believe if we (Ontario) lead the way the rest of the country will follow us.\n"
    },
    "6698": {
        "url": "/comment/6698",
        "comment": "I want a real climate change plan to reduce emissions, help people save energy and create jobs in the $26 trillion clean economy.\nI want Ontario to put a price on pollution, making polluters pay for their emissions and returning the revenues to the pockets of Ontarians so they can lower their carbon footprint.\nI want legally binding emissions targets in line with our obligations to the Paris Climate Agreement.\nI want Ontario to be 100% powered by clean energy by 2050\nI want Ontario to end subsidies and handouts for fossil fuel companies and redirect this money to clean energy solutions.\nThank you for your time and attention\n"
    },
    "6700": {
        "url": "/comment/6700",
        "comment": "We need a climate change plan to reduce emissions and create jobs. The new world economy is going to be fossil free and we need to get on board or be left in the dust.\n Ontario needs to put a price on pollution. We need to make polluters pay for their emissions and return the revenues to the pockets of Ontarians so they can lower their carbon footprint.\nI want legally binding emissions targets in line with our obligations to the Paris Climate Agreement.\nI want Ontario to be 100% powered by clean energy as soon as possible.\nWe need to end subsidies and handouts for fossil fuel companies. Subsidy money should instead go to clean energy solutions and developing jobs in this sector.\n"
    },
    "6701": {
        "url": "/comment/6701",
        "comment": "I am always surprised that governments do not realize the importance of environment and the eco-system to our economy and standard of living. We do not live in a bubble. And if people want to have a full enjoyment of life, they need a healthy, strong environment. This seems fairly self evident. I think a lot of businesses are starting to realize that there is a great opportunity for growth in this new society that looks forward with intelligence and wants their children to live a life of good health and a fulfilled life. To that end...\nI want a real climate change plan to reduce emissions, help people save energy and create jobs in the $26 trillion clean economy.\nI want Ontario to put a price on pollution, making polluters pay for their emissions and returning the revenues to the pockets of Ontarians so they can lower their carbon footprint.\nI want legally binding emissions targets in line with our obligations to the Paris Climate Agreement.\nI want Ontario to be 100% powered by clean energy by 2050\nI want Ontario to end subsidies and handouts for fossil fuel companies and redirect this money to clean energy solutions.\n"
    }
}