{
    "6432": {
        "url": "/comment/6432",
        "comment": "I would like to express my concern and opposition to the cancellation of the cap and trade with no clear path forward for Ontario's climate change policy future. The province has been a global leader with its closure of its coal plants, the growth of the renewable energy industry, and by generating much-needed revenue through arguably one of the tamest forms of emission regulation. Until the current government has a concrete policy to propose, it is irresponsible and short-sighted to cancel our biggest effort so far to curb greenhouse gas emissions.\nAs an Ontarian, I voice my support for strong and aggressive climate change action.\n"
    },
    "6433": {
        "url": "/comment/6433",
        "comment": "Please do not scrap this piece of legislation!  If the current government does not like what the Liberals have done, a better way is to amend it.  We NEED to take strong action on climate change!  NOW!  I can see every day of my life that this is the biggest issue facing our times.  Storms related to climate change have already cost Ontarians a tremendous amount of money in: housing repair, city storm drain repair, business revenue, health care costs, and more.  These costs are only going to continue to rise if we do not invest in our environment and in clean energy.\nLastly, please do not waste our taxpayer dollars on lawsuits arising from cancelling this legislation.  That would truly be a slap in the face to every citizen.\n"
    },
    "6435": {
        "url": "/comment/6435",
        "comment": "I strongly encourage the Ontario Conservative government to start to think wholistically and long term. Saving people money through tax cuts and cuts to essential programs will do no one any good in the long run. Saving the environment from disaster is arguably the most important issue of our lifetime.\nThe best market-based way to reduce greenhouse gases is a price on carbon, either a direct tax or a cap-and-trade system. In both cases, the government can return the income it earns to the people, so it is not a \u201ctax grab\u201d.  And the whole point is for businesses and individuals to take steps to reduce their carbon emissions so they don\u2019t have to pay it.\nOntario's Cap and Trade system, linked with Quebec and California, has brought about $3 billion into our province in its first 1 1/2 years and was paying for actions that further reduce greenhouse gas emissions - like upgrades to buildings, rebates for electric cars, and incentives for innovation.\nEliminating the Cap & Trade program has already had a negative impact on the economy in the form of the loss of local contractor jobs supported by home energy retrofit programs.\nMost of Ontario\u2019s carbon emissions come from buildings  (particularly how we heat them), and transportation. We must reduce these to reach our current emissions target of 30% below 2010 levels by 2030.\nCanadians produce about 20 tons of greenhouses gases per person per year, compared to about 9.2 tonnes per person in Norway (another northern country), 6.9 tonnes per person in Europe on average, 7.7 tonnes per person in China, and 1.9 tonnes per person in India.\nA recent scientific study (reported here in The Guardian) says that we must stop burning fossil fuels within 10 to 20 years to avoid runaway climate change that may destroy all life on Earth.\nOn the up side, another recent paper (reported here in Huffington Post) says that if humanity dramatically reduces greenhouse gases within the next 3 years, the resulting \u201cgrand economic transformation could bring a $26 trillion economic windfall, create 65 million new jobs, and avoid 700,000 early deaths linked to air pollution.\u201d We in Ontario should be leading the way towards these economic benefits, not dragging our heels and being left in the dust.\nPlease see the writing that is so clearly on the wall and take strong clear action such as the cap and trade approach to collectively begin to turn us away from an otherwise catastrophic future for our children.\nThank you.\n"
    },
    "6437": {
        "url": "/comment/6437",
        "comment": "I believe that repealing this act is irresponsible. As a Geography student at Trent University I am aware of the processes that enhance global warming and the measures needed to be put in place to slow down those processes. A cap and trade system is necessary for companies to reduce their dependence on CO2 emissions. This is not expensive for the public at all as those who emit, pay. The PC government has no plan to replace the cap and trade system with an alternative plan. Repealing this act will deter green investments and will limit our nations ability to meet emission goals.\n"
    },
    "6438": {
        "url": "/comment/6438",
        "comment": "Ontario and Canada need to be leaders in carbon emission mitigation for the sake of our economy and the planet. Carbon pricing may add some short-term disruption to the economy's status quo, but it is absolutely necessary from an environmental standpoint, and has been proven to have an overall positive economic effect when implemented carefully.\nWe need to move forwards, not backwards. On behalf of Ontarians, and future generations of Ontarians, please do not cancel the cap-and-trade act.\n"
    },
    "6443": {
        "url": "/comment/6443",
        "comment": "Hands off cap and trade! Stop your assault on the environment. This summer was another one of record-breaking heat and destructive storms. It will get worse. It will cost the government a lot of money - I say that because I know it's all you care about. You don't care what kind of world will be left for kids like my two-year-old. Ontario still pollutes too much. We should be doing more to combat climate change, not rolling back existing initiatives. Save cap and trade!\n"
    },
    "6444": {
        "url": "/comment/6444",
        "comment": "Climate change is accelerating and we are witnessing the increasing impacts of a more volatile planet. Experts overwhelmingly agree that global warming is caused by humans and burning fossil fuels will continue to accelerate and intensify climate disasters. The scientific consensus is clear \u2013 the extraction and consumption of fossil fuels pollutes the natural environment and deteriorates health. Climate change is an issue that directly impacts all of us, but marginalized populations (i.e. individuals experiencing homelessness, indigenous communities, and racialized communities) are disproportionately affected.\nI call on officials elected to represent the people of Ontario to seriously consider environmental (climate change, greenhouse gas emissions, resource depletion, pollution, deforestation), social (working conditions, local communities, health, diversity) and governance (executive pay, corruption, political lobbying, board diversity, tax strategy) factors when making future decisions.\nRepealing the Climate Change Mitigation and Low-carbon Economy Act without a serious plan to mitigate reduce GHGs does catastrophic harm to our environment and surrounding communities. Without a process for ensuring that polluters pay, how are we to reach internationally set targets and save our environment? As a young person who hopes to live in a world with clean air and water, I know that Bill 4 (Cap and Trade Cancellation Act, 2018) is a careless decision for our province's financial portfolio and the wellbeing of its current and future residents, who deserve the opportunity to live with a future not limited by climate chaos. Going forward, the Ontario government should embrace a Carbon tax as it the future - one young people can live in.\n"
    },
    "6445": {
        "url": "/comment/6445",
        "comment": "I believe in global warming and if we really care about our children and grandchildren we need to do something about it. Canceling cap and trade program and not replacing it with carbon tax is not the wise decision in my opinion. You think that I should jump out of joy that I will be saving 3 cents on 1 L of gas. My, the difference in the price between morning and afternoon very often is 10 cents. Remember, if you destroy something it is very costly to rebuilt. And do you think that magically you can put genie back to the bottle? Stop and think about it.\n"
    },
    "6447": {
        "url": "/comment/6447",
        "comment": "Scientists at the international  level are giving us two years to get Paris right or we will have to take much more aggressive measures and may possibly be past the tipping point on exponential climate change.  I believe we are passing on an impossible situation to our children and our grandchildren.  If you are going to cancel cap and trade you should not do it until you have a plan in place for an aggressive carbon tax that will have planned growth.  Personally I prefer the carbon fee and dividend model where the tax is revenue neutral and returned directly into the pockets of all citizens.  That way anyone who does not drive a car or takes transit will have money in their pockets and those who do drive vehicles and heat their homes with carbon energy will be reimbursed some of the increased costs.  It is completely unconscionable not to have a serious climate plan with the biggest provincial economy in Canada.\nI would also like to see an aggressive program to ensure there are electric charging stations everywhere that are fast enough to charge a car in half an hour -- my proposal would be the province pays for a second for every business that installs a first.  We need to be moving to the electric car.  I would hope as the auto industry tries to get a new boost with the USMCA that we get more than one electric car plant in Canada.\nIt is not sufficient to have a tax on carbon.  We need to show people how they can themselves make the transition to renewable energy.\nOf course, I obviously believe that cancelling wind and solar was a very bad move.  They are by far cheaper than either gas energy or nuclear.\nLet's make some economic decisions that pave the way for the future, not the past.\n"
    },
    "6448": {
        "url": "/comment/6448",
        "comment": "Energy Conservation is good for business profitability as well as for society & the environment.  Without it, Ontario's businesses are at a competitive disadvantage with respect to their peers.  Similarly, without incorporating energy efficiency measures, our schools and other institutions consume more taxes than would otherwise be required.\nTherefore, cancelling the programs funded by cap & trade will reduce Ontario's capacity for shared, durable prosperity.\n"
    },
    "6450": {
        "url": "/comment/6450",
        "comment": "I am shocked that the government would repeal this very minimal effort to fight climate change which has been well demonstrated to have a positive impact.  That combined with the cancelling of the clean emissions legislation feels like we are going backward and this kind of negative action before a good alternative is even outlined is irresponsible.  We need a government for the 21st century based on facts and science.  We need effective actions on all front to fight climate change and create green economies for a sustainable future.\n"
    },
    "6452": {
        "url": "/comment/6452",
        "comment": "Cancelling cap and trade is a short-sighted policy that does nothing to fight climate change nor reduce our energy costs. A better solution would be to target those who are most affected by the cost increases of using carbon to help them reduce their energy consumption and associated costs by offering affordable and accessible energy efficiency products and services. This would benefit both low-income Ontarians and make companies more efficient and lean, improving their competitiveness and reputation on the world stage. This policy also impacts our reputation and makes Ontario a pariah among all potential investors for whom human-caused climate change is a real issue that needs to be combated. The fact this government is spending taxpayer money to fight legal battles as a result of this only adds insult to injury.\nAs it is now, Ontario has no plan to fight climate change and this policy demonstrates they do not believe it is a real issue. Unfortunately it is our children and grandchildren who will pay for this policy.\n"
    },
    "6453": {
        "url": "/comment/6453",
        "comment": "It is vital Ontariens continue to participate in the Cap and Trade program. DO NOT SCRAP IT! Our children\u2019s children are depending on us to make the right decisions NOW to ensure they will live in a healthy, sustainable environment. AND it\u2019s economic suicide to scrap a program that is generating Billions in revenue. It\u2019s not YOUR money to play with. You are entrusted to act on behalf of all residents. Not just a chosen few.\nThe best market-based way to reduce greenhouse gases is a price on carbon, either a direct tax or a cap-and-trade system. In both cases, the government can return the income it earns to the people, so it is not a \u201ctax grab\u201d.  And the whole point is for businesses and individuals to take steps to reduce their carbon emissions so they don\u2019t have to pay it.\nOntario's Cap and Trade system, linked with Quebec and California, has brought about $3 billion into our province in its first 1 1/2 years and was paying for actions that further reduce greenhouse gas emissions - like upgrades to buildings, rebates for electric cars, and incentives for innovation.\nEliminating the Cap & Trade program has already had a negative impact on the economy in the form of the loss of local contractor jobs supported by home energy retrofit programs.\nMost of Ontario\u2019s carbon emissions come from buildings  (particularly how we heat them), and transportation. We must reduce these to reach our current emissions target of 30% below 2010 levels by 2030.\nThank you for this opportunity to provide my informed opinion. Please use it in Ontario\u2019s best interests.\n"
    },
    "6463": {
        "url": "/comment/6463",
        "comment": "As Ontario\u2019s environmental watchdog has warned, \u201cDismantling a climate change law that was working is bad for our environment, bad for our health, and bad for business... A meaningful climate law needs science-based emissions budgets, a legal obligation to stay within those budgets, and credible, transparent progress reporting. Ontario can still choose sensible solutions that help families make ends meet while bringing climate pollution down. Polluter-pay tools, for example, give people more choice and a fair reward for reducing their emissions, and can help reduce other taxes they pay.\u201d\nIn addition, by dismantling Ontario's climate change law, bill 4 will result in imposition of a carbon tax by the federal government, in order to ensure that Canada meets its international climate obligations.  While a carbon tax is more transparent than the cap and trade scheme it would replace, the change will be expensive and creates uncertainty for Ontario business.\n"
    },
    "6465": {
        "url": "/comment/6465",
        "comment": "Regarding the cancellation of the Cap and Trade program I disagree with this proposal. The program has been working for over a year now and I believe the public has fully absorbed the very small price increases to products that increase carbon pollution. I know I have. I think 4 cents per lt of gas is a very small price to pay to support programs that promote energy efficiencies. As an example, because of this program I applied for and received a state of the art smart thermostat for my home that will help me save more money on my annual natural gas bill then the small natural gas upcharge from the cap and trade program. Cancellation of this government program that is actually working seems to defy logic and is very short sighted. Thank You, PZ\n"
    }
}