{
    "75547": {
        "url": "/comment/75547",
        "comment": "See attached file\nBD-BriCASFR-ERO-019-6217-Response-20221130.pdf\n"
    },
    "75554": {
        "url": "/comment/75554",
        "comment": "Opening up the greenbelt is a terrible idea, and incredibly short-sighted. It will provide only a small percentage of the homes needed - which would be much better addressed by densification. And the attack on the Conservation Authorities is draconian. It will be open season on Conservation lands.\nIf the Bill passes, Conservation Authorities will not be allowed to \"provide under subsection (1), within its area of jurisdiction, a municipal program or service related to reviewing and commenting on a proposal, application or other matter made under a prescribed Act.\u201d  This doesn't sound like a government that wants to listen anyone but developers -- not to mention the complete disregard of the advice of your own Task Force.\nAnd don't even get me stared on the \"Mayor's as Dictators Act\" ...\nI know people who have donated to the PC party and have been card-carrying members for forty years, who are denouncing your party over this and \"will never vote PC or donate another cent again.\" -- now that's something you might want to think about.\n"
    },
    "75556": {
        "url": "/comment/75556",
        "comment": "I am not in support of removing lands from the Greenbelt. Replacing these lands with new lands will not replace the value of the Greenbelt. I strongly advise the government not to take land out of the Greenbelt for housing. Please consider building outside of the Greenbelt. Once that land is gone, it won't come back. We need it for agriculture, flood reduction, recreation, air quality, water quality, species diversity and the list goes on.\nThank you.\n"
    },
    "75584": {
        "url": "/comment/75584",
        "comment": "This afternoon the Ontario government announced that it intends to break its loudest, clearest election promise, by inflicting a fatal 7,400 acre wound on the vital and wildly popular Greenbelt.\nIt is clear that this attack would end the critical role the Greenbelt plays to stop sprawl and protect farmland, forests, and the source of our drinking water, as well address climate change. The government should be ashamed and the people of Ontario should be outraged.\nPromises by the government to \u201cswap\u201d in 9,400 acres of land in other locations will do nothing to mitigate the damage to the Greenbelt system. That is in part because at least some areas being floated as replacements for bulldozed segments of the Greenbelt were already off limits for development \u2013 meaning those additions would not mitigate the net loss of protected lands. Even more importantly, the government\u2019s plans would utterly destroy the certainty of permanent protection that is vital to the functioning of the Greenbelt as a whole.\nStripping these 7,400 acres of protection at the request of land speculators would unleash a firestorm of land speculation across the entire Greenbelt \u2013 denying farmers the certainty they need to continue stewarding the forests, wetlands and soils on their land, and pushing ownership forever out of reach. It will also start a never-ending queue of Greenbelt land speculators at the Minister\u2019s door, each with their own convenient rationalization for paving their own patch of Greenbelt.\nThe government\u2019s attempt to rationalize this attack on the Greenbelt as a measure to deliver \u201cmore homes\u201d is disingenuous. There is such a vast supply of unused \u201cgreenfield\u201d land already open for development within existing municipal settlement boundaries (350 square kilometers as of 2019), that opening up Greenbelt lands will not deliver a single net new home. The latest round of boundary expansions would \u2013 if approved \u2013 add 17,000 hectares more of non-Greenbelt land to that vast stockpile. Far from boosting the number of new homes, because of a constrained supply of skilled labour, materials and equipment, it is likely this plan would result in fewer homes being delivered within the next decade.\nAccording to Bilal Akhtar, a prominent volunteer organizer with More Neighbours Toronto:\n\u201cThis proposal would be a disaster for housing supply. Slashing open the Greenbelt, combined with Bill 23\u2019s extreme watering down of promised measures to facilitate more homes in existing low-rise \u201csingle detached\u201d neighborhoods, will mean LESS housing supply in the places where it is desperately needed \u2013 not more. The last thing we need is to squander labour, materials, and equipment that we need to add compact family homes in existing built up areas and settlement areas \u2013 and especially in Toronto\u2013 on greenfield sprawl in northern York Region and Pickering.\u201d\nRemoving land from the Greenbelt, taken together with the Ontario government\u2019s Bill 23 attack on Conservation Authorities, the Growth Plan, the Planning Act, the Endangered Species Act and other important legislation, dismantles decades of slow progress toward protecting Ontario\u2019s environment and creating more sustainable communities. These actions together repudiate the important and historic work of many previous governments, including those of Bill Davis and Mike Harris.\n"
    },
    "75591": {
        "url": "/comment/75591",
        "comment": "Doug Ford promised not to touch the Greenbelt. Keep your promise Doug. We cannot afford to continue to recklessly take away sensitive habitat from plants and species that we share this planet with.We should be doing more to protect our environment not less. I understand that other areas are becoming protected areas in exchange but this is not an acceptable exchange. Hands off the clean belt.\n"
    },
    "75596": {
        "url": "/comment/75596",
        "comment": "I have signed petitions at GPO and Environmental Defence and had people sign petitions where I live in\nKingston.  I read Environmental Defense's response to the negative, catastrophic changes this bill would\ncause.  We need the Greenbelt for farms, wildlife and a healthy environment for all living things.  We\nneed the conservation authorities for flood prevention and flood mapping.  We need affordable well-\nbuilt housing where people want to live to prevent the problems of sprawl.  The governments plans are\ngoing to accelerate climate change.  Repeal the bill.\n"
    },
    "75610": {
        "url": "/comment/75610",
        "comment": "I am completely and absolutely opposed to Bill 23 and any plans to develop any lands designated as Greenbelt.\nThis is a travesty. Doug Ford PROMISED not to touch the Greenbelt. PROMISED!\nA Task Force of varied parties with varied interests reported back to this government that houses did not have to be built in the Greenbelt, in order to meet our housing needs.\nThis is clearly not the answer this government wanted to hear.\nThis is a decision to overlook recommendations,  overlook promises, overlook environment, overlook local food security.\nThis is simply an attemp to cloak a DEVELOPMENT AGENDA as a housing crisis.\nShame on the Ontario Government.\nShame on all who are involved in this devastating legislation.\n"
    },
    "75624": {
        "url": "/comment/75624",
        "comment": "I have reviewed the available documents. I am justified in denying you my permission and approval of bill 23.\nThis is a bully bill, which must be denied as it is not in the best interest of all Ontario taxpayers.\nDougie, you may get fatter with your future appointments to the boards of TACC etc  but you will and should have disgust upon reflection. If you really want what is best for the hard working people of Ontario, you will back down what you have proposed.\n"
    },
    "75625": {
        "url": "/comment/75625",
        "comment": "I fully support building more homes. This is 100% needed. But the provincial government's approach to this is not right. The Greenbelt is the Greenbelt for a reason. The natural lands are supposed to be protected and it's supposed to limit sprawling development. It's pointless if you just remove these lands whenever you please. We have urban areas that are already built up and able to accommodate increased density. Build homes there.\n"
    },
    "75644": {
        "url": "/comment/75644",
        "comment": "Repeal Bill 23.\nIt's a bad idea to start with since we're living in climate emergency. Where is the emergency if we act by taking 7400 acers of the green belt and convert it to concrete and asphalt?\nGreen belts have many important local functions:\n1. Water sinks for floods\n2. Prevent heat sinks in cities.\n3. Ameliorate strong winds.\n4. Excellent nature escapes beyond Mr. Ford's imagination.\n5. If it's gone there's no turning back.\n6. Wild life diversity.\n7. Less animals coming to your house and staying in their home (the forest)\nGlobal effects.\n1. Sinks CO2\n2. Slow down global warming.\n3. Produce oxygen for breathing living beings (we learned that in grade 3)\n4. Take out pollutants.\nPlease stop \ud83d\uded1 this irreversible damage. Leave something to cherish for our kids.\nThanks,\nSam of Mississauga\n"
    },
    "75672": {
        "url": "/comment/75672",
        "comment": "As a citizen of the beautiful province of Ontario, I strongly oppose the proposed amendments to the Greenbelt Area boundary regulation under the omnibus Bill C-23 (the housing bill), on the grounds of the effects of these changes as well as the underlying rationale. Regarding the rationale, the argument that the housing crisis and potential population increases in the province necessitates \"building more houses faster\" is a spurious one. If the provincial government was serious about housing, it would be taking steps to protect existing housing, including rental units and non-profits within cities and towns, as well as medium level density housing such as low rise apartment buildings, flats and multi-unit houses, and would be assisting local governments in planning for the same. Instead, the province has used MZOs to push through big development projects (large condo buildings) which displace people from their homes and communities as these become less affordable. Even without the use of MZO's, what has the province done to reign in the speculators and big corporate buyers who are taking housing out of the hands of ordinary people? Bill C 23, in the name of \"more housing,\" actually undermines the ability of municipalities and regional authorities to protect housing, and does not address the root of the problem. The province's own housing task force has made it clear that the lack of access to housing has nothing to do with lack of land - in other words, the solution is not to take up more land for urban sprawl, but to encourage \"gentle density\" within towns and cities, including by helping municipalities update their infrastructure capacities. Instead, the province is removing important funds from cities (developer fees), reducing their ability to properly plan and regulate development (for example, by mandating green spaces, heritage protections, affordable housing and protections for existing tenants), thus further enabling the process of displacement.\nThe land sprawl agenda this government is so determined to pursue not only does not address the roots of the housing crisis (speculation, corporate ownership, displacement of existing affordable and medium density housing), but it will add to the ecological nightmare already at play. It is well known that wetlands play a crucial role in maintaining healthy ecosystems and biodiversity, as well as filtering and cleaning our waterways (that we humans depend on, too!) and reducing the intensity and effects of flooding. Forests are crucial in mitigating the effects of climate change (heat waves, droughts, carbon emissions) as well as helping to protect farmland (from soil erosion and wind damage as well as those droughts, heat waves and flooding). Small farms in Ontario are an essential source of food for us all and livelihood for farmers. It is unbelievable, after going through the supply chain blockages and other crises experienced during the COVID pandemic, that our government would allow this source of local food to be destroyed. Apparently the short-term profits of a small number of big developers outweighs the value of our local farmlands, our wetlands, our forests and our ravines in the minds of the provincial government.\nThe government is supposed to act in the public interest, and out of concern for the public good. Part of that public good is the protection of the environment we all depend on and love. This bill, which further undermines the mandate of local Conservation Authorities, and interferes with the Growth Plan, the Planning Act, the Endangered Species Act and other important legislation, dismantles decades of slow progress toward protecting Ontario\u2019s environment and creating more sustainable communities. In fact, by dismantling this legislative and regulatory framework, Bill C 23 will reverse the modest progress that has been made, as it will open the door for more speculators to request that greenbelt lands be sold off piecemeal for their private benefit in the years to come. This is a truly shameful piece of legislation that must be repealed.\n"
    }
}