{
    "62407": {
        "url": "/comment/62407",
        "comment": "The Greenbelt was carefully architected and contains complex ecosystems. You can't just \"swap land.\" Also, municipalities just submitted their growth plans that accommodates growth up until 2051. There is no reason to be touching the Greenbelt. This will not help build more homes faster. There is an entire supply chain and labour force involved in building houses and thousands of acres already approved for development. Leave the Greenbelt alone.\n"
    },
    "62449": {
        "url": "/comment/62449",
        "comment": "There is no good reason to develop into the greenbelt when we are currently struggling to pay for the infrastructure to support this type of sprawl. We need increased gentil density in our cities with multiple housing options including low rise, single family, stacked townhouses and semi detached.\nThis is not in the best interest of clean water, amenities and balancing workable farmland we may heavily rely on in the near future as climate change forces us to better utilize Ontario farmland. This farmland and greenbelt is also needed in the near term.\nThis type of sprawl housing is not intended to provide affordable options near amenities and work. This is plain suburban inefficient sprawl at the cost to the taxpayer, our shared environment and our watershed.\n"
    },
    "62490": {
        "url": "/comment/62490",
        "comment": "Once the green belt is lost, there will never be an opportunity to reclaim these lands. The environmental damage will be immediate and the downstream impact to the quality of human life is undeniable.  If the government\u2019s goal is to build more homes, use the non green belt land more efficiently. That includes building up, repurposing buildings, and creating smaller, livable units.  Task the developers and construction industry with this goal.  If they can figure it out, there are private, voting citizens than can. Environmental issues are not fringe passions of small groups. It is in everyone\u2019s interest to preserve the place that we call home.\n"
    },
    "62493": {
        "url": "/comment/62493",
        "comment": "I understand the need for housing..I disagree in using existing greenbelt lands in order to accommodate the need for housing .Use the brilliant minds of people in ontario to come up with alternative solutions....like building outside of protected areas like greenbelt and invest in dynamic transportation solutions.\n"
    },
    "62496": {
        "url": "/comment/62496",
        "comment": "Building over protected green space and desecrating the environment is a backwards decision. This is a critical time, where the fragility of our environment will determine the future of society. Your government needs to reconsider this decision. There are smarter options, and this is not one of them. Please work on a decision that does not result in paving over protected areas of the Greenbelt.\n"
    },
    "62505": {
        "url": "/comment/62505",
        "comment": "This is important. I am a millenial who works as an analyst and can't afford a home. I don't have much hopes of affording a home with this step but nevertheless its a right direction. Please don't let organized interests and bureaucracy shelve this plan. We have a housing crisis and we need to tackle it with this step. Please, I beg you. The greenbelt removal in these areas is important as they are within core GTA. Greenbelt area will in fact be increased by adding more in the periphery. I implore bureaucracy to let this happen without slowly strangulating us with your inflexibility.\n"
    },
    "62511": {
        "url": "/comment/62511",
        "comment": "In this crucial time, as we witness climate change, all Greenbelts and natural areas must remain untouched. Today, November 5th, 2022, it was 22 C in many areas in Southern Ontario. Profit to a few, rather than the responsible mitigation of climate change? The former choice is ruinous for all Canadians. Development of a greenbelt at this point in history is a crime.\n"
    },
    "62520": {
        "url": "/comment/62520",
        "comment": "This is insane! Our city had a large debate about this and we agreed now is not the time. Look at how many empty office buildings stand due to covid?! With more working from home utilize existing lands before ruining what nature we have left. What is the point of consultation when you overturn decisions? Why not allow municipality to manage their issues....stay in your own lane! This needs to be overturned. This is not the answer!!!! Expand north not where it is already dense or where we are trying to preserve what land we have left!!!!\n"
    },
    "62528": {
        "url": "/comment/62528",
        "comment": "I am absolutely incredulous that this government is backtracking on it's promise to not touch the greenbelt.  I live in the City of Hamilton and the people and Council have decided against expanding the urban boundary.  There will be nothing but McMansions built out in these new areas and we, as taxpayers, will be subsidizing the infrastructure required to service these giant houses.\nWhy isn't the government focusing on areas where housing could be built within the City and serviced areas?  There is nothing here that will make housing more affordable which is what we need.  We do not need giant single family homes that are only making developers rich.\nI am opposed to any expansion of the urban boundary in Hamilton and changes to the Green Belt.  We need to preserve these green areas to provide contiguous land for birds and animals - not pave it over and add some random areas to the Green Belt.\n"
    },
    "62539": {
        "url": "/comment/62539",
        "comment": "I am greatly concerned over the decision to build new homes and another highway in the \"protected\" Greenbelt. It is for this very reason the land was protected in the first place and completely undermines conservation efforts. Further, it sets a negative precedent, allowing governments to re-evaluate their position on development in this space in years to come. The importance of the Greenbelt has been well established, impacting this vital natural reserve and farmland is both destructive and counterproductive, particularly in view of the fact that there is already an underused highway 407 just south of the proposed location. These development plans must stop, and their resources allocated to improve preexisting modes of transportation, and less impactful housing developments.\nThank you.\n"
    },
    "62544": {
        "url": "/comment/62544",
        "comment": "This is a short sighted and selfish proposal. The Greenbelt was originally set aside and protected as it is extremely ecologically sensitive and important land. Removing these essential sections of it would destroy much of its ecological value for short term gain. Even if new areas are added this will not fix the huge amount of environmental harm done by destroying these heritage sites. It would additionally push already threatened species such as coyotes into suburban or urban areas, negatively affecting people living there, their pets, and the species themselves.\nThe housing crisis should be addressed with increased density in areas which already contain the infrastructure necessary to support this number of people. The Greenbelt should NOT be sacrificed for a few thousand homes and money in developers pockets when we already have physical space and infrastructure for these people elsewhere.\nThe Ontario government knows how valuable the Greenbelt is and it is disgusting that they are willing to destroy such important land for what is, at best, a futile attempt to fix a problem that could be addressed in other ways, and at worst, a corrupt attempt to put money in the pockets of their friends.\n"
    },
    "62565": {
        "url": "/comment/62565",
        "comment": "You promised to leave GreenBelt area alone . Do not allow any development on our natural environment areas that need protection.  I object to any changes that will permit development . Adding housing can be accomplished in other ways - intensification with in urban serviced areas first !!!!! Respect the work of Conservation Authorities , do not weaken them . They have been our first defence of natural areas .\n"
    },
    "62576": {
        "url": "/comment/62576",
        "comment": "The Greenbelt is one of our greatest assets. We should not be carving away pieces of it for development. We must use our current land better by promoting density and missing-middle housing. We cannot keep destroying our environment including our clean water supply and farmland. Do not remove areas from the Greenbelt.\n"
    }
}