{
    "78544": {
        "url": "/comment/78544",
        "comment": "Doug Ford specifically said he would not \"touch the Greenbelt\" in 2018. Many people would have changed their vote if they had know this would be the outcome. This is not democracy.\nThis initiative will not create affordable housing. Instead, we will be faced with a sea of expensive clone homes built to the edge of the lots. We would be better off building vertically in cities already equipped with services of all sorts. Endless suburbia over the former greenbelt would result in more people in cars, cities with weak downtown cores impacting culture, mix of demographics and city character.\nLastly, offloading the infrastructure fee to municipalities of these new builds is unethical. At a certain point, people will have had enough and will rise up against the PC party. Listen to the people, Doug Ford.\n"
    },
    "78545": {
        "url": "/comment/78545",
        "comment": "Building on Greenbelt land is very SHORT-SIGHTED.  It will provide some housing but, not enough.\nThe greenbelt SUPPLIES WATER for many thousands of people.  Once it has been tampered with, there will be a HUGE LOSS to us.  We will never get this land back for ourselves or for all future generations.\n"
    },
    "78563": {
        "url": "/comment/78563",
        "comment": "Premier Ford, you promised not to open the Green Belt to development. Keep your promise - you are premier for all Ontario, not merely for developers. You don't need to break this promise in order to get housing built, and you know it.  You're endangering our environment in a moment of climate crisis; you're enriching your donors at a moment when democracy is already fragile; you're downloading oppressive costs to municipalities so you can lighten the burden on your developer friends. It's unethical, it's wrong, and it mustn't be allowed to happen. Repeal Bill 23.\n"
    },
    "78565": {
        "url": "/comment/78565",
        "comment": "The government's excuse for removing 7,600 acres from the Greenbelt is disingenuous. There are 86,50 acres of land already designated for development within the Golden Horseshoe area alone. We need more density in existing urban areas, not more sprawl.\nAccording to The Greenbelt Plan (2017) the Greenbelt is a broad band of permanently protected land which:\nprotects against the loss and fragmentation of the agricultural land base and supports agriculture as the predominant land use\ngives permanent protection to the natural heritage and water resource systems that sustain ecological and human health and that form the environmental framework around which major urbanization in south-central Ontario will be organized\nprovides for a diverse range of economic and social activities associated with rural communities, agriculture, tourism, recreation and resource uses\nbuilds resilience to and mitigates climate change\nBill 23 negates all of the above. It will adversely affect:\nmajor wildlife corridors: e.g., Rouge River to Duffins Creek watershed, Holland Marsh to the Oak Ridges Moraine, Oak Ridges Moraine to Rouge National Urban Park, Markham at the headwaters to Robinson Creek),\nsensitive wetlands e.g., between Duffins Creek and Rouge River, the entire headwater of Petticoat Creek, the Rouge River Headwater Wetland Complex, the coastal wetlands and woodlands of Lynde Shores, a wetland in Clarington that is part of a sensitive groundwater recharge area, a headwater tributary of Big Creek.\nfarmland; the province is already losing 316 acres of farmland a day.\nThe Greenbelt must remain protected.\n"
    },
    "78588": {
        "url": "/comment/78588",
        "comment": "Ford promised with conviction that the Greenbelt would not be touched. While the Greenbelt can be expanded, there is no strong argument that the land should be used for housing development.\nDoug Ford - keep your promise. Find other creative solutions for needed housing that will not destroy our environment. Listen and work with others who have answers for this. Don't touch the Greenbelt, as promised.\n"
    },
    "78591": {
        "url": "/comment/78591",
        "comment": "I do not agree with the admentments that would allow developers to build on the greenbelt. I believe that if this area is developed with housing it would be negative to the environment and ecosystem there.\nNot only the development of the houses but the increase traffic that it would cause would be dangerous to the wildlife and could contaminate the water sources.\n"
    },
    "78595": {
        "url": "/comment/78595",
        "comment": "This is outrageous.\nWe clearly voted NO to these changes.\nNo to taking away ANY more farmland.\nNo to more housing built on the Greenbelt or on Conservation land.\nHere in Hamilton we have all kinds of empty lots and brownfield and derelict neighborhoods that need revitalizing. We want more inner city development...and more AFFORDABLE housing.\nIt's a pack of lies that Ontario needs more homes built on land outside of the cities boundaries. That kind of housing will do nothing to solve the affordability problem.\nWe believe that this proposal is a land grab by your developer friends and people are getting really angry that the Ontario Conservatives are trying to overrise the democratic process.\nTime to listen to the voters.\nWe say 'No' to Bill 23 and to ANY changes to the Greenbelt boundary that would see it diminish it in size or quality.\n"
    },
    "78601": {
        "url": "/comment/78601",
        "comment": "The green belt is an important part of Ontario. It must be protected. We need to protect our forests and agricultural lands for future generations. They must not be sold to your developer buddies.  The solution to our housing issue is not more McMansions for the profits of the 1%.\nClimate change is a real threat to us all and paving greenspace and building unwanted highways is a bad idea.\nHands off the green belt.\n"
    },
    "78608": {
        "url": "/comment/78608",
        "comment": "We suggest to remove the greenbelt portion of the land at 5172 Major Mackenzie Drive East for the following reasons:\n1.\tThe greenbelt portion at our land is a narrow strip ending at the main road Major Mac. Dr.\n2.\tThe greenbelt portion is at the southern side of our land creating a land-lock situation.\n3.\tOur land was acquired in 2007 with a vision of building a worship place and community facilities. The land is included into the urban boundary in the 2022 York Region Official Plan approved by the Provincial Government. The greenbelt portion is restricting the development plan.\n4.\tBill 23 is about swapping greenbelt land to build more houses, however community facilities will also be needed when more houses are built.\n"
    },
    "78615": {
        "url": "/comment/78615",
        "comment": "I wish to register my complete rejection of  the Bill that allows the Government to open the Greenbelt for housing construction. Ford promised not to do this and he is now breaking that promise and using the need for housing as the reason.  Meanwhile it has been proven that there is land available within cities to increase the housing stock.  Density needs to increase near transit, grocery stores and other established amenities.  Get rid of nimbyism  without destroying wetlands, farm lands and conservation areas that cannot be replaced and protect not only wildlife but areas, such as Toronto, from flooding.\nWe can expect more floods with increasing climate change and the Federal Govt. has said it will not help the province with funds when floods occur because Ford opened the Greenbelt. Ford is setting residents and all taxpayers up with increased costs and taxes.\nI do not believe developers are going to build affordable houses on the Greenbelt.  They make more money doing 3-5K sq. ft. mansions on acre lots.  They are not going to build basic rental townhouses or apartments.  People who need affordable housing usually don't own a car nor can afford gas to get  long distances to work.  Defining affordable as 80% of the cost of other houses in the area is ridiculous.  80% of $1.5million or more is NOT affordable for most people.\nThe fact that developers bought much of this land in the last 4 years and one developer in the last month proves that they were given inside information that it would become valuable or they would not have bought it!! The Government is corrupt and an investigation needs to take place to determine who told what to whom and when.  There is a video of Ford speaking to a business/developer group in 2018 saying he was going to open the Greenbelt to development yet during the last election he and Clark promised not to do so.  They clearly lied.  The situation has not changed.\nThe feds expanding immigration and the need for affordable housing are not the reasons Ford is opening the Greenbelt.  He has other options as stated above. Immigrants are not going to be able to afford these new monster homes.  Saying others who buy them will free up more affordable homes within existing GTA is nonsense.  The homes buyers will be selling are already priced way above anything that could remotely be called affordable.  The people are not stupid.  They are furious! Quit treating us like fools and repeal your horrendous Bill NOW.\nThe lands you are adding to the Greenbelt do not adequately replace the type of land you plan to remove and are concentrated in the town of ERIN.  Why? Stop. REPEAL\nFinally, removing development fees when builders build what your definition of affordable housing is, dramatically increases Municipal taxes.   Existing homeowners have paid their share of infrastructure costs and should not be saddled with exorbitant taxes to pay for the sewage, road, water, park, sidewalks etc of new developments. Local Councils are shell shocked by the costs that are being downloaded to them, by Ford, without any prior consultation.  Several mayors have spoken out against this Bill.  Your gift of billions to developers is at the expense of hard working citizens and is appalling.\nPlease listen and repeal this Bill and begin a consultative, democratic process, involving all stakeholders before autocratically legislating change that is destructive in so many ways.\n"
    },
    "78621": {
        "url": "/comment/78621",
        "comment": "This bill will not provide desperately needed affordable housing and it will destroy essential wetlands. In any case the government already had enough housing in place before it gaslit the public on Bill 23. The government is not dealing honestly with the people of this province. I do not believe a word it says about anything. The environment is more important than any other area in politics and this government is selling it off right, left, and centre to its developer buddies. I am disgusted and outraged that the government treats its citizens so shamefully.  We are merely convenient stepping stones that can be manipulated and lied to so a tiny number of people can profit from the government's destruction of our shared environment. Please stop this bill!\n"
    },
    "78623": {
        "url": "/comment/78623",
        "comment": "Building in the greenbelt is both short sighted and unnecessary. They are many areas of marginalized land that could be used for home building rather than the green belt. Too many questions are left about who exactly is benefiting from the use of this land. Protect our greenbelt at all costs and do not pass this legislation.\n"
    },
    "78627": {
        "url": "/comment/78627",
        "comment": "Why not reinvest in the downtown core of places like Hamilton and Brantford?  Spreading out into farmland is taking over our food and environmental resources we can never get back.  If you want your cities to be vital - people need to live in the cities, not on farmland surrounding the cities.  This is a mistake that none of us can afford.\n"
    },
    "78628": {
        "url": "/comment/78628",
        "comment": "I deeply oppose Bill 23 and demand that it be rescinded immediately. The Greenbelt was very carefully and specifically established to  protect our watershed, water quality, natural heritage, quality of life, and especially farmland that we need to ensure local food supply for the future. Once it\u2019s paved over, we can never get it back. The idea of trading it for other parcels of land is ludicrous and flies in the face of all ecological science. Hamilton has overwhelmingly indicated by plebiscite that we want to build up and not sprawl Ford lied about his election promises to not touch the Greenbelt that flies in the face of all democratic principles. We already have well-founded solutions to the housing crisis that do not involve bill 23 proposed mega houses that will do nothing to help the shortage, but lined the pockets of Fords development buddies that has been made very clear through their purchase of land prior to the public announcement to bill, 23 and must be investigated for essentially insider trading.\n"
    },
    "78630": {
        "url": "/fr/comment/78630",
        "comment": "Je suis outr\u00e9 que le parti conservateur veut d\u00e9truire \u00e0 jamais la pr\u00e9cieuse zone de ceinture de verdure D\u00e9truire cette zone aura des cons\u00e9quences \u00e0 jamais pour nous et les g\u00e9n\u00e9rations \u00e0 venir . Cette d\u00e9cision est  absurde. \u00c7a ne prend pas la t\u00eate \u00e0 Papineau pour comprendre que cela aura des cons\u00e9quences sur l\u2019accessibilit\u00e9 \u00e0 des aliments locales frais . Il va falloir \u00eatre encore plus d\u00e9pendant sur l\u2019importation d\u2019aliments! . Il serait plus logique\u2026 c\u2019est pas une qualit\u00e9 que tu poss\u00e8des Monsieur Ford , d\u2019investir dans le d\u00e9veloppement des r\u00e9gions urbaines et dans la ville Reine afin d\u2019encourager les citoyens de s\u2019y s\u2019installer. Plusieurs villes mondiales ont relev\u00e9es le d\u00e9fi, inspirez vous de leurs solutions\n"
    }
}