{
    "79983": {
        "url": "/comment/79983",
        "comment": "I am deeply troubled by the passing of Bill 23 and the proposed amendments to the Greenbelt Plan.\nPremier Ford promised over and over again to protect the Greenbelt, but his PC government has announced a plan to remove 7,400 acres of land from the Greenbelt claiming it\u2019s necessary to solve the housing crisis.  But it won\u2019t solve the housing crisis.  Bill 23 and the redesignation of Greenbelt lands will only facilitate car-centred developments and high-cost housing, rather than affordable homes in sustainable communities.  With this legislation, municipal residents will be subsidizing developer profits by having to cover the costs of infrastructure for growth.  And critically, this legislation compromises environmental protections and opens the door to land speculators and sprawl developers.\nThe very possibility of taking any land out of the Greenbelt would undermine its effectiveness as a buffer between sensitive greenspaces and the urban environment.  Opening up the Greenbelt will degrade its ecological value in providing wildlife habitat, forest cover, surface water quality, and flood protection.  Thousands of acres of land are currently available within Ontario\u2019s existing urban boundaries and can easily accommodate growth over the next few decades without the need to destroy farmland or the Greenbelt.\nI recognize there is a housing supply and affordability issue in Ontario, but Bill 23 and sacrificing the Greenbelt will not solve the problem.  Sprawl does not create affordable housing \u2014 it leads to car dependency and higher property taxes.  I want to see a focus on liveable, sustainable communities that offer a range of housing types for all income levels and needs.  Most regions in Ontario already have enough land dedicated to development to meet their housing needs.\nThe Greenbelt belongs to all Ontarians.  Hands off our Greenbelt!\n"
    },
    "79984": {
        "url": "/comment/79984",
        "comment": "I\u2019m extremely disappointed that the provincial government is proposing removing portions of the Greenbelt. I\u2019m opposed to this proposal because: 1) wetlands cannot be replaced on a 1:1 basis, 2) the risks to flood regulation and water quality, and 3) housing can be built in existing neighbourhoods. I\u2019m deeply concerned that this proposal risks setting a dangerous precedent that would see the Greenbelt cut-up and disappear over time.\nIt is misleading to state that an acre of land can be taken in one place and replaced with an acre elsewhere. A wetland that is lost is not easily replaced. A review of 59 studies of biodiversity recovery by Pezzati et al., 2018 found that recovery times varied from less than one year to 10,000 years with active restoration efforts. We are lucky to have biodiversity and wetlands in such proximity to urban areas. Once these are removed from the Greenbelt and developed, they will be lost for good. The loss being considered in Map 6 in Durham Region is particularly worrying given the connection to Duffins Creek. A University of Waterloo study valued the ecosystem system services of wetlands in southern Ontario to be worth $9,995 per hectare per year. Wetlands in the Lake Simcoe watershed have ecosystem benefits worth $11,172 per hectare per year. Since wetlands\u2019 benefits vary from watershed to watershed, it is worth reconsidering this proposal of removing one piece of land in the Greenbelt for another in the Paris Galt Moraine.\nOverall, the removal of Greenbelt lands poses risks to flood regulation and water quality. These are priceless ecosystem services (or, benefits) that the Greenbelt currently provides. A 250 square metre piece of land in the town of Oakville, Ontario, stores so much stormwater that it saves the city $1.24 million to $1.44 million annually. Certain Greenbelt lands that are being considered to be removed are close to rivers and/or creeks. Areas like this are important to the fight against climate change. Losing these parts of the Greenbelt may be detrimental to Ontario communities and future homeowners in terms of flood risks, which could rise in the future due to climate change. In 2021, the insurance Bureau of Canada (IBC) estimated that weather-related events due to climate change cost Canadians around $2.1 billion in insured damages and this figure could reach up to $139 billion by 2050. Environment and Climate Change Canada scientists reported in 2020 that climate change has made rainfall more extreme and storms with extreme rainfall more frequent. There have been significant rainfall events in 2017 and 2018 in Toronto. Communities along Lake Ontario needed sandbags for several days and weeks in 2018.\nThere can be more than 50,000 homes built in existing neighbourhoods through Missing Middle housing. Such housing includes duplexes, triplexes, fourplexes, townhomes, and low-rise apartments. Missing Middle housing can be built more quickly than what is being proposed with the removal of these Greenbelt properties. Building Missing Middle housing would decrease urban development pressures in agricultural and rural areas. Compact urban housing developments provide cost savings for construction and infrastructure maintenance. (Donnan, 2008) The Report of the Ontario Housing Affordability Task Force from February 2022 states that there is enough land to develop inside built-up areas and outside of greenbelts. Young people want to live in compact, dense and complete communities in urban areas. They may not want to live in a far-flung subdivision, where they will have to depend on a car.\nThank you for receiving my comment. I hope that the government decides against this change of regulation. I ask that you do not sacrifice pieces of the Greenbelt to build housing. We have the space in urban areas already to accommodate the number of residents that you are estimating would live in these proposed areas. We do not need to set this dangerous precedent.\n"
    },
    "79996": {
        "url": "/comment/79996",
        "comment": "Bill 23 must be repealed in its entirety. Urban sprawl into the Greenbelt is not an acceptable solution as this proposal suggests. We need preserve farmland and natural spaces to support people (through food supply and mental/physical health) and the environment. The ecosystem services provided by these spaces cannot be replaced - if you pave over a wetland the plants and animals won't be an 'issue' anymore but the water will still flow, and it won't care what it destroys along the way. The Greenbelt Area boundary must be held firm and no development should occur in this space. There should only be additions to the Greenbelt, no loss.\n"
    },
    "79997": {
        "url": "/comment/79997",
        "comment": "The issues we have regarding housing will not be solved by building on farmland currently designated as \u201cgreenbelt\u201d land.\nThese lands are part of the functional green infrastructure that supports our municipalities in the region. The soil, plants, trees and stored carbon on these lands provide us a service we should not ignore. Building on these lands will increase our needs for built infrastructure, that not only includes increasing our networks of roads and utilities outside areas that are already serviced, but also built infrastructure that would have to do the work  these lands currently do for \u201cfree\u201d.\nWe are shortsighted and lazy when we believe we can only grow out instead of within our current serviced lands.\n"
    },
    "80030": {
        "url": "/comment/80030",
        "comment": "I object to the proposed amendments. Keep the boundaries as they are.  Save our greenspace and farmlands in the greenbelt! This will not increase the building of affordable housing. Building in greenspace requires new infrastructure, and it seems that all Ontarians will pay for it, not those moving into their new sprawling homes. Developers should pay for ALL the infrastructure costs. Affordable housing can only happen within current urban boundaries.\n"
    },
    "80041": {
        "url": "/comment/80041",
        "comment": "Opening up the Greenbelt will diminish the quality of life for future generations. There is no proven benefit for the community except for the developers. Why would the developers be funding adds for this.\nDoes this government not have any more creative ideas?\nLow density housing is also a environmental problem.\nHow about public transit?\nOnce this is done you cannot undo it!\nI am all for progress, but this is a step backwards.\n"
    },
    "80042": {
        "url": "/comment/80042",
        "comment": "Although I don\u2019t live in Pickering, I am concerned at the amount of green space being removed from the town. As seen on the map, it is a significant area of green belt within the GTA as opposed to being on the fringe. I would expect it\u2019s loss would effect air quality, precipitation, possible flooding as well as wild life, and these are only the first items that come to mind. Ajax also would be affected through it\u2019s core. Finally if the government feels that the Greenbelt is not protected land anymore and to be used whenever it\u2019s convenient for them, when does it end?\n"
    },
    "80044": {
        "url": "/comment/80044",
        "comment": "I am strongly opposed to the plan to remove lands from the Greenbelt for residential housing.  I am particularly concerned about fragmentation of the critical Greenbelt ecosystem,  as well as increased building of homes outside of existing urban boundaries which increases sprawl and decreases the efficient use of infrastructure / resources (e.g. roads, transit, sewage etc.).  Please focus on building more housing within existing urban boundaries and focus on supporting municipalities to move forward with a variety of options to increase affordability as well increasing density in a way that encourages a variety of housing (e.g. triplexes and multi-plexes as well as larger apartment units) but does not worsen climate change as building outside of cities will do.  I am also appalled at the move to decrease the powers of conservation authorities to take care of the environment for all of us, as well as municipalities' ability to legislate green building codes.  This is all a huge step backwards at a time when we need to all be working together to move forward and improve the situation, not worsen it.\nIn short, the current proposal is short-sighted and unnecessary and I am absolutely appalled and opposed.\nI would like to reference the CELA submission for additional details. https://cela.ca/wp-content/uploads/2022/12/1512-Submission-Greenbelt.pdf\nThank you.\n"
    },
    "80052": {
        "url": "/comment/80052",
        "comment": "What disturbs me most about the passing of this bill is its shortsightedness and lack of proper planning. Municipalities, environmental groups, housing experts and citizens alike oppose Bill 23 because simply put- it will not fix the housing crisis. The most disappointing part of this is that it seems like the Conservative government simply does not care. It has set out on its own uneducated agenda and chooses to bulldoze through meaningful conversations on how to properly address the housing crisis.\nI live in the Golden Horseshoe area and this affects me directly. My property taxes are already higher than other municipalities in Ontario. My family cannot afford to pay any more, especially for something that is forced upon municipalities with little to no say.\nWhat saddens and angers me most is that this will not properly address the housing crisis. The only people that will benefit from Bill 23 are wealthy developers. Municipalities and taxpayers will pay for this for years to come. The Greenbelt and all it has to offer will suffer.\nThere are better ways to build 1.5 million homes, just ask the housing experts that you choose to ignore.\n"
    },
    "80060": {
        "url": "/comment/80060",
        "comment": "I am a proponent of developing transit and housing. But what first world county can possibly think that chopping off a green belt is a good idea? With all the resources in the world, can the government not think of any other solutions?\nI am appalled that you have used immigrants as an excuse to do so? Which immigrant would want to live in the  middle of nowhere?\nPlease remember the greenbelt is necessary for our well beings, the environment and the future generations.\nThese half baked ideas need to stop now.\n"
    },
    "80065": {
        "url": "/comment/80065",
        "comment": "Iam vehemently opposed to the more homes built faster plan, which includes the expansion of development opportunities on the greenbelt. Hamilton and other cities democratically voted to maintain the fixed urban boundaries and to build the necessary housing within the existing urban boundaries.\nThe greenbelt is not a development zone. It is absolutely precious and invaluable natural and agricultural land that should remain protected.\nThe Ford government promised to maintain protected land. This is going against a campaign promise and they should be held accountable.\nDo not open the greenbelt. Protect this valuable land and build within existing city boundaries.\n"
    },
    "80077": {
        "url": "/comment/80077",
        "comment": "In 2017 and again in 2021, the Ontario government held consultations to expand the Greenbelt. The government has never shared the results of these consultations.\nMany organizations worked to produce the Bluebelt map  that would protect and expand the Ontario Greenbelt including Brant County.  The Greenbelt West Coalition working with members from Brant, Wellington and Waterloo Counties, and members of Six Nations and the Mississaugas of New Credit has produced a local map calling for the expansion (not reduction) of the Greenbelt. The map would protect land adjacent to the Greenbelt and the Grand River watershed.\nWe call upon the Ontario Government to protect the Greenbelt and expand it to include the Grand River watershed in Brant County. This watershed is protected in Hamilton, but the protection stops at the Brant County border. One of the key premises of expanding the Greenbelt is to include farmland and natural heritage land that is contiguous with the boundary of the Greenbelt.\nWe need to protect our precious farmland and the natural heritage from sprawl development.\n"
    },
    "80088": {
        "url": "/comment/80088",
        "comment": "The Greenbelt must not be encroached on with sprawl and development. It is essential to our sustainability as a province, environmentally and economically. The idea that this will somehow help to create affordable housing is a smokescreen to line the pockets of developers who MUST have known that land they bought in the Greenbelt was going to be freed up to maximize their profit. THere is no benefit to the people of Ontario in this plan\n"
    },
    "80099": {
        "url": "/comment/80099",
        "comment": "The proposed realignment of the greenbelt boundaries is robbing my daughter and other future Ontario residents of clean air, clean water and access to food growing areas.  Sites that are seem suitable in the short term for conversion to residential uses, are actually a hugely short-sighted theft from future generations.  It takes hundreds of years to build up quality soil, it costs millions of dollars to compensate for the lost water filtration and flood control functions of river valley lands and headwaters.\nNot only is it an abominable assault on the environment, it is also a massive waste of taxpayer dollars with the only obvious benefit being to a handful of private developers.  These are public lands, for the public good.  This government doesn't have the right to steal and pave over this land to further private interests.\nThere is plenty of underutilized land within existing municipal boundaries.  Once we lose this land - there is no getting it back.  Compensating with acres near Erin is no substitute for the impacts in Pickering, eastern Toronto etc.\nThis is a shameful attempt to steal a public good for private profit and must not be allowed to happen.\n"
    },
    "80100": {
        "url": "/comment/80100",
        "comment": "The greenbelt should remain as it is and it is vitally important for Conservation Authorities to be able to provide input on any development within their watershed. Urban sprawl is not the answer to the housing crisis and waiving development fees is making developers richer and tax payers will have to cover these costs. Shame on you Doug Ford and all Conservative MPP's!\n"
    }
}