{
    "70656": {
        "url": "/comment/70656",
        "comment": "Building more housing is important, but this is not the way to do it. We should have intensification on existing transit, and preserve the existing watersheds - you can't just trade bits around.\nIF we must do this, it's essential to receive guarantees from the developers about all units being built on these lands being affordable and below market rate. If some developer is going to profit off the public good of these preserved lands, let's make sure it helps people and isn't just monster homes.\n"
    },
    "70657": {
        "url": "/comment/70657",
        "comment": "I\u2019ve had the great pleasure of exploring some of the conservation areas in the GTA and it\u2019s unbelievable to me that the greenbelt is being threatened. We have so many other options ahead of destroying these precious spaces forever.\nI hope this government will rethink this plan and rather add density to urban areas to solve the housing crisis.\n"
    },
    "70660": {
        "url": "/comment/70660",
        "comment": "I am a lifelong resident of the Greater Toronto Area and am extremely opposed to this corrupt land grab proposal. I am thoroughly unconvinced that these measures will do anything to address the housing crisis.\nIf Ontario is serious about the housing crisis, the focus needs to be on urban development and density, not actions that only line the pockets of construction donors at the expense of our natural environment. Fund the ongoing operations of transit, rather than just capital expenditures. Build rental buildings at scale on those transit lines so they don\u2019t add to overall congestion. Become a landlord for those rental buildings. Build public housing for ALL income levels, and maintain them when you do.\nThe Greenbelt exists because we recognized we could live in a dense urban environment without further sacrificing the natural lands that surround it. Encroaching on it is an admission of failure.\n"
    },
    "70677": {
        "url": "/comment/70677",
        "comment": "\"Undeveloped\nland inside and outside existing municipal boundaries must\nbe part of the solution, particularly in northern and rural\ncommunities, but isn\u2019t nearly enough on its own. Most of the\nsolution must come from densification. Greenbelts and other\nenvironmentally sensitive areas must be protected, and\nfarms provide food and food security. Relying too heavily\non undeveloped land would whittle away too much of the\nalready small share of land devoted to agriculture. \"\nThese words come straight from the Report of the Ontario Affordable Housing Taskforce.  Opening up the Greenbelt for development is so short-sighted.  If we are to have a meaningful impact on climate change emissions, we should be aiming for denser communities that decrease out reliance on cars.\nOnce paved and built on, these lands are lost - wetlands are destroyed, habitat for at risk species is lost forever. Please do not allow this.\n"
    },
    "70685": {
        "url": "/comment/70685",
        "comment": "There is no adequate way to express my disgust with this bill and its true purpose. Even if there was, will anyone with any authority even read this comment? The Ontario PCs have made it clear for over four years that they have zero interest in listening to the public. To them, the public who pay attention are the problem. And, here again, they are outright mugging corruption in the faces of Ontarions under the guise of this housing act. They know they can get away with it too because only a small fraction of voters bothered to vote. If people can\u2019t even vote then what\u2019s the chance of them standing up when greasy politicians hand protected land over to the developers who greased their pockets as political donors and chums?\nThis isn\u2019t building for the future. Because these properties need to be left as productive farmland. They need to be kept as wetlands. The Ontario PCs can have no climate plan to continue their willful ignorance that climate change isn\u2019t coming for us sooner than we all think, but even they and their developers will lose with higher food prices and higher insurance prices as our current sources of food become deserts and as \u201c100 year\u201d storms become yearly occurrences.\nSo go ahead and lie, cheat, and make corruption like this \u201chousing\u201d bill the normal mode of governance if you will, but you can\u2019t fool all of us into thinking that the limitless greed of a few will have some beneficial trickle-down effect for Ontario. This bill is shameful and sickening.\n"
    },
    "70696": {
        "url": "/comment/70696",
        "comment": "Hi there,\nI am a 21 year old student studying at the University of Guelph. My home is back in Ajax but while studying here I have learnt a lot about climate change, mitigation strategies and carbon sequestration.\nI believe that this idea and proposal although it sounds amazing for the build homes faster plan it will cause climate repercussions that we will not be able to pay back and thus suffer the consequences from.\nThe Greenbelt was put in place for a reason, it provides us with climate regulation, biodiversity, and carbon sequestration. This land is crucial to many species already at risk, and paving over part of it will only put these ecosystems at significant risk of collapse. This will lead to something called an extinction debt - when one species becomes extinct it affects the others that it interacts with, and when those go extinct, the species that rely on it will also disappear. This will continue to happen on large timescales but will be felt in the lack of clean air and water we will or won't have.\nAdditionally, the bill states that they will \"swap in\" land for the taken ones, but we cannot just expect that fragmenting these habitats will still make them sustainable. Actually one of the main drivers of endangerment and extinction is habitat fragmentation - therefore these small islands of habitat separated by highways, roadways, and housing will cause the habitats to become dead zones - an ecological term that means an unthrivable habitat without any species, so not a habitat.\nAlso, this is not a housing crisis, this is an affordability crisis and a lot of homes are vacant right now, just no one can afford them. Materials are so in short supply which will make these houses more expensive. Also if we are concerned about housing, these areas should not be zoned for single-family houses but for condos that can allow for less of a carbon footprint as well.\nAdditionally, you say you are only going to take away 7400 acres, but who says there won't be any more pressure from developers to keep going?\nIf you truly care about our future and this province you will inquire about the environmental and ecological impact this plan will have on us in the future.\nThis is no point in building houses in an area if in the future it is unlivable because of the conditions we have imposed on ourselves. It is time to start thinking about us and the environment as one, as each player affects one another.\nThank you for reading and I hope you take some of my points into consideration.\n-Brooke\n"
    },
    "70720": {
        "url": "/comment/70720",
        "comment": "There is already a 30-year supply of land for housing in the Greater Golden Horseshoe, so there is NO need to change the Greenbelt's boundaries, NOR remove any lands from the Greenbelt, which was envisioned to remain PERMANENTLY PROTECTED.\nIf you really want the public\u2019s feedback on the Greenbelt, put the entire matter to a politically-binding public referendum.\nLeave the existing Greenbelt Plan in place and do NOT remove any lands from the Greenbelt; however, the addition of 13 river valleys to the existing Greenbelt has long been discussed as the Bluebelt.\nThe existing Greenbelt should be expanded through the addition of the river valleys and the Paris-Galt Moraine. The Duffins Rouge Agricultural Preserve must also remain intact. Ontario has already lost far too much farmland, while agricultural lands continue to dwindle\nThe Ontario Farmland Trust reports:\n\u201cThe total acreage of farmland in Ontario decreased from 12,348,463 in 2016 to 11,766,071 in 2021, averaging out to a decrease of approximately 319 acres of farmland lost per day during this time period. This rate of loss is almost double the 175 acres of farmland lost per day that was reported in the 2016 Census of Agriculture\nThe number of farms reporting to the Census in Ontario also decreased by over one thousand in this same time period, declining from 49,600 to 48,346.\u201d\nAccording to the Ontario Federation of Agriculture, \u201cIn 2019, Ontario\u2019s agriculture and agri-food sector, from field to fork, contributed $47.28 billion to Ontario\u2019s economy and supported 860,494 jobs. Decision makers must never lose sight of this reality when making decisions about future agricultural land loss to development for population and employment growth.\u201d\nThanks to Ontario\u2019s farmers, Ontarians were better fed and supplied with enough food during the pandemic, compared to other nations.\nOnly a fool would remove agricultural lands and supplant them with an ever-growing human population.\nThe Greenbelt also provides many ecological services to native species and humans alike.\nIf Ontario is building 1.5-million homes (averaging 3 to 4 people per household) for between 4.5 and 6.0 million new people, then it will need all the existing farmland to feed those millions of new mouths. Ontario will also have to beef up every service from education to healthcare, from libraries to parks, to serve so many newcomers. All will occupy a land base that is not growing. Ontario\u2019s landscape is finite, so it is becoming increasingly congested, while being transformed rapidly and unsustainably.\nOne wonders how the provincial government came up with so many DETAILED MAPS for lands to be withdrawn from the Greenbelt within such a short time after the MMAH Minister's announcement. The public needs to know who prepared all those maps and when.\nThere are recent news' reports about how certain developers bought lands within the Greenbelt before the Minister's announcement to break up the Greenbelt, so it appears those developers have reaped their rewards. They purchased at a low price, and they would rewarded with a bonanza through automatic re-zoning since the Conservatives only serve developers.  Developers' deductible political donations to the Conservative Party are pocket change by comparison to the multi-millions of dollars they stand to gain.  It does make one wonder if those developers might have benefitted from \u2018insider knowledge\u2019, since they seem to have such a close relationship to the Premier and his Ministers. One might even begin to wonder about other unsavoury possibilities associated with influence peddling. Consequently, a review of Quebec\u2019s Charbonneau Commission\u2019s investigation into the dealings between that province\u2019s construction industry and its cozy political connections could provide a very good template for a similar investigation here in Ontario.\nJust leave the Greenbelt alone.\n"
    },
    "70734": {
        "url": "/comment/70734",
        "comment": "Replacing existing Greenbelt land with new areas highlights the contradictory nature of this bill. There is no need to build on Greenbelt land in the first place.\nNew developments should happen by densifying already urbanized areas. The Ontario housing affordability task force report highlights that the solution to the housing problem is not to build outwards sprawl.\n"
    },
    "70749": {
        "url": "/comment/70749",
        "comment": "I am not in favour of removing any lands currently being designated Greenbelt. Although we need to build new homes they definitely do not need to be on our remaining green spaces.\nI live in Grimsby and the lands to be removed from the Greenbelt in Town represent rare waterfront and tender fruit lands which cannot be replaced by lands elsewhere in Ontario.\n"
    },
    "70763": {
        "url": "/comment/70763",
        "comment": "I am writing as an Ontario citizen and a taxpayer, to express my concern, and more accurately my complete disagreement, with Bill23.\nIn short, this Bill must not be passed!\nBill23 will have a multitude of negative downstream impacts as it opens up the potential for unchecked development, while closing off important elements necessary to guarantee a liveable future for all Ontarians.\nWithout question, Bill23 and the decreased oversight it promotes, will amplify the already-increasing risks we can anticipate from climate change.\nBill23 and the accompanying policy changes spell disaster for the farmland and natural areas that sustain us.\nIf passed, these changes will set land use planning back decades and will stymie societal efforts to address the twin crises of climate change and biodiversity loss through enlightened environmental planning and decision-making.\nPutting this Bill forward under the promise of a \u201cbuild homes faster\u201d plan to address a gap in affordable homes, is sneaky labelling at best. At worst, it\u2019s a gross overstatement, quite simply a lie about what the policies within the Bill actually address\u2014none of it a path to more affordable housing.\nBill23, and the resulting activities that would occur once it passes, will do irreparable harm from which Ontario will never be able to recover.\nIt is incumbent upon the government serving its public to do what\u2019s best for its citizens in the short- and long-term.\nWhat\u2019s best here? Scrap Bill23!\nCandice\nBeaches - East York Resident\n"
    },
    "70783": {
        "url": "/comment/70783",
        "comment": "I strongly oppose the destruction of Ontario's Greenbelt! Our wetlands and protected natural areas are precious...they protect us from flooding, drought, and climate change. We should be protecting more of this land, not less. Housing can be improved better by other means, such as increasing density in already-settled areas. It is a false economy to destroy our environment just to create housing that will be car-dependent, vulnerable to flooding, and likely still overpriced. This proposal is clearly designed to appeal to wealthy developers who want more land to make themselves money. It will not help working people, and it will harm the earth and ultimately all our health.\n"
    },
    "70797": {
        "url": "/comment/70797",
        "comment": "Hello,\nI do not agree with this proposed amendment. While housing is important, the Greenbelt should be protected as it is. The government needs to move beyond simply bulldozing valuable natural resources to address the housing crisis. The Housing Affordability Task force did not specify that the Greenbelt must be used to achieve the housing targets. There are other solutions available.\n\"The province has pledged to replace the land it\u2019s removing from the Greenbelt by adding 9,400 acres elsewhere.\" This is also a very concerning statement. Valuable land cannot just be added elsewhere. There is a reason why this land has been protected.\nI am a Canadian in my 20s who would love to be able to afford my own house one day. My parents immigrated here in the 90s and bought a home that I could only dream of affording today. However, I do not believe that this proposed amendment has people like myself in mind. After reading The Narwal's article, I am concerned that this decision is being made not for the benefit of ALL Canadians in the present and in the future, but for the benefit of a small group of already wealthy individuals.  How can we trust that decisions like this will not further increase the growing gap between the haves and the have-nots?\n"
    },
    "70816": {
        "url": "/comment/70816",
        "comment": "This proposal is an enormous mistake that will plague generations. We should densify already urbanized areas instead of continuing to sprawl over all available land. Carpeting the few remaining acres of nature with single family housing is exactly the type of shortsighted policy that has brought us to the current situation. It will solve nothing while destroying the little natural environment that is left around Toronto. I vehemently oppose this.\n"
    },
    "70849": {
        "url": "/comment/70849",
        "comment": "The Ontario government projects that \"the Greater Toronto Area (GTA) is projected to be the fastest growing region, with its population increasing by 2.9 million, or 41.3 per cent, from 7.1 million in 2021 to over 10.0 million by 2046.\" This projection is as much aspirational as positive; given the aging of our population, we require this growth if we hope to maintain our present degree of prosperity. In the context of these numbers, it is obvious that 50,000 homes is a hopelessly inadequate measure. On the other hand, examination of the geometry of southern Ontario demonstrates that it is not possible to replicate this pattern of low-density sprawl in sufficient quantities to meet projected demand. The main effect of this development is not to increase housing for new arrivals, but to reduce the appeal of the GTA to employers, who seek concentrations of skilled workers, and those self-same workers whom we hope to attract.\nAnd that is the critical problem. Ontario needs to shed the mindset of \"admitting\" immigrants and think in terms of attracting them, particularly since Canada targets the most productive, highest value immigrants who are most in demand in other destinations. Why should an immigrant come to Ontario if they can go to existing employment agglomerations in California, or Austin, or Seattle instead? For that matter, why should they come to Ontario if they can go to Calgary or Vancouver? A dismal grey tangle of suburbs and traffic jams, lacking well-paying employment and covered in snow five months of the year, is not a plausible answer to this question.\n"
    }
}