{
    "76354": {
        "url": "/comment/76354",
        "comment": "I strongly oppose the removal of land from the Greenbelt.  The Premier of Ontario must keep his promise that he would not touch the Greenbelt according to the people's wish, as his reason for breaking that promise is not supported, including by The Ontario Housing Affordability Task Force, which concluded that there is enough assigned land for housing already.\nThe carving of land from the Greenbelt on such weak grounds is to endanger the very survival of the Greenbelt.  It will give a signal to developers that the Greenbelt isn't off limits and will result in further speculation and push for further development.\nThere is a large supply of unused \"greenfield\" land open for development within existing municipal settlement boundaries (350 sq. km. as of 2019).  We can build affordable housing on this land, as well as build more densely in urban areas, particularly where there is a strong transit infrastructure.  Needless to say, affordable housing should include public transportation which would not require owning a car.  This cannot be said in housing built in the Greenbelt.\nThe Greenbelt protects farmland that once developed cannot be reclaimed.  Already hundreds of acres of farmland a day are lost to development according to The Ontario Federation of Agriculture.  It provides protection from flooding, habitat for species at risk, and green spaces for tourism and locals.  With climate change advancing, and more quickly than recently expected, all of these services are greatly needed.\nAny development in the Greenbelt is not only unnecessary, but it will destroy badly needed services provided by nature, and add urban sprawl that will result in increased carbon emissions from essential private transportation.  It will further contribute to climate change without providing truly affordable housing.\nPlease keep your promise to the people of Ontario, the majority of which are opposed to nibbling at the Greenbelt, and do not touch the Greenbelt.\n"
    },
    "76357": {
        "url": "/comment/76357",
        "comment": "Though it is clear that this consultation is a token gesture and comments will not be considered I still feel it is important to voice our opinion before our greenbelt is irreparably damaged.\nThis bill marks a flip-flop by the Ford government, who promised in recent years to keep the Greenbelt free from development, and sets precedent for removal and sale of any protected land in this province to those with the closest connection to the currently elected party.\nThis proposal is unlikely to add any real additional housing to Ontario. There is currently over 85,000 acres of unused greenfield land already open for development within existing municipal boundaries and a long term shortage of materials, equipment and skilled labour. Earlier this year, Ontario\u2019s government-appointed Housing Affordability Task Force said a shortage of land isn\u2019t the cause of the province\u2019s housing crisis. \u201cLand is available, both inside the existing built-up areas and on undeveloped land outside greenbelts.\u201d (see attached link) This proposal seeks to redirect those resources to developing sprawl in the form multi-million dollar houses where developers can profit instead of creating affordable housing where people need it.\nThe proposal claims that \"approximately 2000 acres\" will be added to the greenbelt but much of this land is already protected.\nThe damage done by removing protected lands can never be undone. \"Swapping\" these out for other protected lands only obfuscates and normalizes the damage. The result of this proposal is that now other Greenbelt landowners are asking for protections to be dropped on their properties.\nI can only hope that future generations learn from our mistakes.\n"
    },
    "76359": {
        "url": "/comment/76359",
        "comment": "Thank you for the opportunity to comment on proposed changes to the Greenbelt Area boundary regulation as outlined in ERO 019-6217 and as related to the Government of Ontario\u2019s More Homes Built Faster plan. This submission reflects similar statements to our comments in ERO-6216 - Proposed Amendment to the Greenbelt Plan, and ERO-6218 - Changes to the Oak Ridges Moraine Conservation Act, recognizing the complementary nature of these three proposals as outlined on the Environmental Registry of Ontario.\nAs noted in our November 16th submission to the Legislative Assembly of Ontario, Standing Committee on Heritage, Infrastructure and Cultural Policy on Bill 23, the Ontario Public Health Association (OPHA) fully supports the need for Ontario to find more affordable housing opportunities for its residents and create healthy, equitable and climate-resilient communities. At the same time, it is vital that these processes, including legislative changes, are undertaken in a manner that reduces the risk of inadvertent harms and inequities to the health and climate resiliency of communities. Actions such as intensification and transit-oriented development can be health and equity promoting, without compromising other vital attributes required for healthy and equitable communities including access to, and protection provided by greenspace.\nPublic health agencies have long recognized the connections between healthy environments and population health, and thus the importance of healthy public policy across all sectors to strengthen health protection and equity. This includes policies for the protection of natural heritage systems, the preservation of ecosystem connectivity, and the implementation of nature-based solutions for climate-resiliency including mitigation and adaptation.\nOPHA urges the Government of Ontario to:\n- Maintain the integrity of conservation protections across Ontario, including the conservation of wetlands, woodlands, farmlands and other protected ecosystems\n- Implement smart growth policies that truly value the benefits of natural ecosystems, including strengthening of provincial land-use planning direction to protect green spaces\n- Implement the Auditor General of Ontario\u2019s recommendations in the 2022 Value-for-Money Audit: Climate Change Adaptation: Reducing Urban Flood Risk, including recommendations to protect green space and wetlands\n- Keep to its commitment to leave the Greenbelt intact\nOPHA does not support amendments Greenbelt Area boundary regulation (O. Reg. 59/05) that would remove or redesignate 15 areas of land from the existing Greenbelt Area (Maps 1-11 in ERO 019-6217 supporting material). We have provided a detailed account below, as to why this amendment to the Greenbelt Plan is contrary to protecting public health and safety, including climate-resiliency.\nOPHA does support the amendment to the Greenbelt Area boundary regulation (O. Reg. 59/05) would add lands in the Paris Galt Moraine area to the Greenbelt Area. This amendment would provide protection for this important area and allow expansion of the Greenbelt westward.\nGreater consideration of health impacts must be incorporated into the decision-making process affecting the Greenbelt Plan and the Oak Ridges Moraine Conservation Plan (ORMCP). The protected lands in the Greenbelt and ORMCP work together to promote the development of healthy, equitable and complete communities, protect natural heritage, water, and agricultural systems, improve air quality, help buffer against flooding and other climate-related health risks, and promote a culture of conservation. These plans help the province meet its climate change targets and communities achieve their net-zero carbon goals by providing a natural carbon sink, reducing energy usage and mitigating the urban heat island effect. As pointed out in the report The Nature of Health: Accelerating the integration of health considerations in urban nature-based solutions  these nature-based solutions increase climate-resiliency and can have added benefits for vulnerable populations disproportionately impacted by climate change.\nRemoving 7,400 acres of natural areas and farmland from Greenbelt protection will not solve the housing crisis, and will create additional problems. Healthy natural ecosystems are essential to human health. Removing protections from the Greenbelt undermine the conservation of wetlands, woodlots and farmland, jeopardize source water protection, decrease climate resiliency and contribute to more urban sprawl.  Natural ecosystem services include regulating air and water pollution, flood protection, erosion control, carbon sequestration, provision of nutritious food and clean water, surface temperature regulation, and several cultural, recreational, physical and mental health benefits.\nProtection of green space including wetlands, and realizing their human health, environmental and economic benefits, is inextricably tied to land-use planning decisions. The Auditor General of Ontario has acknowledged the risk of further loss of green spaces posed by Bill 23, the More Homes Built Faster Act, 2022, in relation to the increased risk of urban flooding in surrounding communities. As noted in the Auditor General\u2019s report released on November 30, 2022, Value-for-Money Audit: Climate Change Adaptation: Reducing Urban Flood Risk  the three main factors that contribute to an increased risk of urban flooding are: (1) development that results in the loss of green spaces and other pervious surfaces, (2) inadequate or aging stormwater infrastructure, and (3) climate change, which is resulting in more frequent and more intense rainfall events.\nOPHA urges the Government of Ontario to implement the Auditor General\u2019s recommendations, including those related to protection of green space and wetlands \u2013 tracking and reporting on percentage of area covered by pervious surfaces, natural cover, wetlands and woodlands; reviewing land-use plans and policies, and including limits on impervious surface area that results from development; and developing and implementing a strategic plan to protect, conserve and restore wetlands. As noted by the Auditor General of Ontario: \u201cDespite the critical role that green spaces play to reduce the risk of urban flooding (and provide other benefits), we found that weak provincial land-use planning direction to protect green spaces is resulting in the continued loss of such spaces in urban areas across southern Ontario.\u201d The report references a Statistics Canada analysis of 2021 satellite data that found that: \u201cthe percentage of urban land area classified as green has declined in 31 of 33 (94%) of Ontario\u2019s medium and large population centres over the past 20 years.\u201d Another significant finding of the Auditor General\u2019s report is that nearly half of southern Ontario\u2019s remaining wetlands are unevaluated and risk being lost \u2013 with an average loss of 1,825 hectares of wetlands every year in this area alone. The report also noted that the Province may be undermining local efforts to protect important green spaces through the increased use of Minister\u2019s Zoning Orders (MZOs) in recent years which override municipal land-use decisions.\nA 2016 report commissioned by the Greenbelt Foundation \u2013 Ontario\u2019s Good Fortune: Appreciating the Greenbelt\u2019s Natural Capital , estimated the total value of carbon stored in the Greenbelt\u2019s forests, wetlands, and agriculture to be $11.17 B, with annual carbon sequestration from forests, wetlands, and agriculture adding $51.94 M per year.  The value derived from the natural capital of the Greenbelt for recreational activities was estimated to be $2.1 B per year with the value related to property protection by reducing flood risk estimate at $224 M per year. The health benefit provided by air quality improvements resulting from forest cover within the Greenbelt was estimated to be $18 M per year.\nLands within the Greenbelt Area are crucial to the protection of our drinking water resources including recharge of our groundwater to provide safe drinking water to Ontario residents. Many of the Greenbelt Areas are located in the Oak Ridges Moraine and are identified as critical areas for protection of groundwater resources. After the drinking water tragedy in 2000 in Walkerton, Justice Dennis O\u2019Conner made 121 recommendations related to source water protection under the Clean Water Act.  Allowing development on the protected Greenbelt removes many of these vital protections as outlined in the inquiry reports. In addition, these land use changes could impact both drinking water quality and quantity for residents relying on private well water in this area.\nOPHA does not agree with the Government of Ontario ERO 019-6217 statement that \u201cThe anticipated regulatory impacts of the proposal are positive.\u201d Any loss of protected Greenbelt Area lands will disrupt these essential natural ecosystem services \u2013 reducing their ability to provide local sources of healthy, nutritious food, to control climate-related health impacts including flooding, extreme heat and other extreme weather events, to mitigate climate change, and to support equitable access to nature. Carving out portions of the Greenbelt for development removes vital protections for wetlands, woodlots and wildlife habitat. These cannot be replaced by providing protection in other areas, and sets a dangerous precedent for continued loss from the Greenbelt, Oak Ridges Moraine and other environmentally sensitive lands \u2013 posing additional risk for ecological stability and human health.\nMore protected natural ecosystems and connected near-urban nature is needed in the Greenbelt, not less. The Southern Ontario Nature Coalition\u2019s Technical Background Report: A Solution to Climate Change and Biodiversity Loss , points out that \u201csome of the most ecologically important areas in Canada are the natural areas and farmland in and around our cities\u201d. The report stresses that land-use policies and decisions must recognize the vital importance of greenspace and the particular elements of near-urban nature that \u201cprovide resilience to extreme weather, important outdoor spaces for communities and habitat for plants and animals.\u201d The report acknowledges that nature is \u201ccentral to Indigenous Ways of Knowing and culture and provides local food and essential gifts from nature or \u201cecosystem services\u201d to communities. These benefits will only become more important as climate change progresses.\u201d\nWith clear evidence that climate-related heavy rainfall events will continue to increase, it is counter intuitive to remove protections that allow development to occur in these sensitive areas. As noted in the Independent Review of the 2019 Flood Events in Ontario   report commissioned by the Government of Ontario the first core component of emergency management is prevention, which includes \u201c\u2026 actions taken to prevent flood-related emergencies or disasters from occurring, and includes land use planning and regulatory restrictions to keep development out of the floodplains and other hazardous areas. While we cannot prevent flooding from occurring, keeping people and property out of flood-prone areas helps ensure naturally occurring flood events do not result in local emergencies.\u201d\nFailing to value the benefits of the Greenbelt is neither a balanced nor a fiscally sound way to plan for responsible growth. To be economically-sound in the long-term, all land-use planning decisions at the provincial and local level must take into account the services that nature provides. This allows for the proactive management of natural assets for climate-resiliency and the identification of nature-related risks and opportunities that specifically recognizes the positive benefits of natural-climate solutions.  As noted in the Intact Centre of Climate Adaptation\u2019s 2022 Report, Getting Nature on the Balance Sheet: Recognizing the Financial Value of Natural Assets in a Changing Climate : \u201cThese actions will help Canada enlist and work with nature to slow climate change, increase climate resilience and reverse biodiversity loss, ultimately benefiting the wellbeing of people in Canada and beyond.\u201d\nEvidence from expert authorities and provincially-appointed advisory groups shows that more than enough land has already been set aside to meet the demand over the coming decade for all types of housing within existing town and city boundaries, and outside Greenbelt Areas. The 2021 Expanding Ontario\u2019s Greenbelt report  sets out key requirements for expanding the greenbelt including: \u201cno land removal; \u2026 work towards simultaneously improving public health, local food security, water security, biodiversity conservation and economic prosperity; \u2026 acknowledge that there is more than enough land to grow the Greenbelt and built complete communities to handle projected population growth.\u201d\nThe Report of the Ontario Housing Affordability Task Force  lists a number of options that the government has at its disposal to help address affordability for Ontarians and achieve the target of 1.5 million new homes built in the next ten years, without developing on protected Greenbelt Area lands. These include densification, more gentle density and more efficient use of land across Ontario including better use of existing public services and infrastructure. As pointed out in the Report: \u201ca shortage of land isn\u2019t the cause of the problem. Land is available, both inside the existing built-up areas and on undeveloped land outside greenbelts.\u201d\nOPHA is concerned with the agricultural land base no longer being afforded permanent protections in the Greenbelt and ORMCP Plans. Both greenspace and farmland provide ecological, economic, social and health benefits for our residents, including land for growing food, access to local food, opportunities to connect with farmers and food production.  The loss of agriculture land does not support other provincial policy directives namely the Local Food Act, 2013, which was created to help foster successful and resilient local food economies and systems.\nOntarians have experienced and will continue to experience the devastating impacts of extreme-weather events including flooding when greenspace is paved over, and unsustainable development is permitted in areas that require environmental protection. Moreover, the value of productive farmlands in these areas for local, healthy food production, for environmental protection including that of speciality crops (e.g., tender fruits and grapes) many residents rely on for their livelihood, and for our economy supports continued protection of the existing Greenbelt.\nOPHA urges the Government of Ontario to keep to its commitment to leave the Greenbelt intact and not to remove or redesignate the 15 areas of land from the existing Greenbelt Area as proposed in ERO 019-6217. We also urge the province to maintain the integrity of all conservation protections within existing protected green spaces across Ontario and to expand the Greenbelt beyond its current area in consultation with stakeholders and by engaging with Indigenous communities.\nIt is vital that all smart growth policies truly value the benefits of natural ecosystems and not undermine the conservation of wetlands, woodlands, farmlands and other protected ecosystems. We encourage the province to heed the recommendations of its advisory groups and expert authorities, protect the existing Greenbelt, build in existing designated development areas and increase density to expand housing stock more effectively with co-benefits for health, the environment and the economy.\nThank you for considering our concerns and recommendations with respect to proposed amendments to the Greenbelt Plan as outlined in ERO 019-6217. We would welcome the opportunity to meet with the government to discuss the proposed changes and solutions that address concerns related to this proposed legislative change.\nSincerely\nJohn Atkinson\nExecutive Director\nOntario Public Health Association\nMore about the Ontario Public Health Association:\nOPHA has established a strong record of success as the voice of public health in Ontario. We are a member-based, not-for-profit association that has been advancing the public health agenda since 1949. OPHA provides leadership on issues affecting the public\u2019s health and strengthens the impact of those who are active in public and community health throughout Ontario. OPHA does this through a variety of means including advocacy, capacity building, research and knowledge exchange. Our membership represents many disciplines from across multiple sectors.\nwww.opha.on.ca | 416-367-3313 | admin@opha.on.ca\n"
    },
    "76377": {
        "url": "/comment/76377",
        "comment": "I strongly oppose Bill 23. The Greenbelt contains unique and ecologically important natural areas that deserve protection. Premier Ford, please do not break your promise to protect this area.\n"
    },
    "76384": {
        "url": "/comment/76384",
        "comment": "Please find attached hereto the Oskar Group\u2019s feedback submission as requested by the Ministry of Municipal Affairs and Housing on the proposed changes to the Greenbelt Area boundary regulation (O. Reg. 59/05). The proposal highlights the Oskar Group\u2019s King City property which is being highlighted as a candidate for special consideration and removal/redesignation outside of the Greenbelt Plan, and its regulatory boundaries, to help achieve the mandate of the Government of Ontario to satisfy its near term development objectives under the More Homes Built Faster Act 2022.\n"
    },
    "76386": {
        "url": "/comment/76386",
        "comment": "The anti democratic way that this bill was pushed through is a concern.\nThe point is not to make wealthy people even more money.\nCanada has only so much arable land.\nWe need to protect this green space as generations of others have managed to do.\nWe need this green belt for critters and other living beings.\nThis measure won't make any more affordable housing.\nIt will create more luxury housing for land speculators to buy up.\nThs is a bad idea.\n"
    },
    "76391": {
        "url": "/comment/76391",
        "comment": "This proposal should be abandoned. It is vital to protect the Greenbelt from any development and suburban sprawl needs to be halted in order to protect our forests, sources of drinking water, biodiversity, and to address climate change. The solution is not to build in the few remaining green areas of the land, but to look at other solutions including the difficult one of limiting the number of people that specific areas can actually support. Alternatives to single homes must also be examined as this mode of living is not sustainable with the increasing human population growth that has no limits on it.\n"
    },
    "76398": {
        "url": "/comment/76398",
        "comment": "Glen Schnarr & Associates Inc. (GSAI) are the planning consultants to Fengate Development/Real Estate Division who under the legal title Milton Britannia Nominee Inc. (the \u2018Owner\u2019), recently purchased the lands municipally known as 0 Britannia Road and legally described as PT LT 5, CON 7 NNS, in the Town of Milton (the \u2018Subject Lands\u2019 or \u2018Site\u2019).  On behalf of the Owner who intend to develop the Subject Lands for employment uses, we are submitting this Comment Letter in relation to the ongoing Greenbelt Plan boundary review (ERO No. 019-6217).\n"
    },
    "76411": {
        "url": "/comment/76411",
        "comment": "The greenbelt was established through an extensive process of consultation and input from many people and organizations etc.  It was based on core principles that benefit everyone including future generations. That is the democratic process. And it was based on sound scientific knowledge of how ecosystems work and interconnect.  The current game of 'cut and paste' proposed, demonstrates incredibly well how little the FEW people making these decisions have educated themselves.\nThe problems we face, including ever-increasing climate change/environmental disasters, housing, energy needs, and transit are all interconnected. Facing these challenges requires LONGTERM plans that are developed along with those with the best knowledge in their respective fields. Plans that are NOT discarded every time new politicians are elected.  Politicians need to admit they don't have the knowledge base and should not be allowed to dismantle/alter plans just because they perceive some short -sighted benefit. What is established through extensive consultation should not be allowed to be altered without the same due process.  Any excuses as to why that is not possible is not democratic. And stripping powers from overseeing bodies (re: conservation authorities), and giving more power to single individuals ( eg MZO's) is a recipe for poor decisions.\" Power corrupts, and absolute power corrupts absolutely\".\n"
    },
    "76440": {
        "url": "/comment/76440",
        "comment": "On behalf of the Ontario Federation of Agriculture (OFA) please find attached our submission with respect to ERO # 019-6217 (Proposed amendments to the Greenbelt Area boundary regulation).\nOFA is opposed to the proposals to remove lands from the Greenbelt\u2019s Protected Countryside for development and urges the provincial government to withdraw these proposals altogether. OFA maintains its current stance and recommends the province should take a holistic, systematic, province-wide approach that prioritizes protecting agricultural lands and identifies the most appropriate areas for growth with justifiable criteria and comprehensive analysis. OFA encourages the provincial government to listen to their experts and explore other avenues to address housing supply which do not sacrifice farmland or the Agricultural System.\nOFA does not support this proposal to grow the Greenbelt by incrementally adding the proposed areas of Urban River Valleys (URVs). The proposal to 'Greenbelt' URVs should not be considered an acceptable means of maintaining the Greenbelt's total land area to balance the loss of protected agricultural lands to development. OFA believes that the Ontario government should designate all farmlands in Ontario that are outside of current settlement area boundaries as \u2018Greenbelt\u2019 and afford them permanent protections from the threat of urban development.\nOFA urges the provincial government to implement changes to build more homes faster that reflect that growth management to meet housing demand and farmland protection are two sides of the same coin. More robust protection against development on agricultural land combined with fixed, permanent urban boundaries and mandatory compliance with urban density and intensification requirements will achieve community development and farmland protection objectives.\nThank you.\n"
    },
    "76454": {
        "url": "/comment/76454",
        "comment": "As a father, and lifelong Ontario resident I am compelled to write, with grave concerns over many of the decisions being made at this time. It is obvious this proposal is being made under the guise of creating additional homes in Ontario, however there are no clauses or protections to ensure the housing created from this proposal will help those who need it most. Without ensuring everyone will have fair access to additional housing, this proposal makes it cheaper and easier for developers to build homes with big profit margins for themselves, while sticking the municipalities and thus the taxpayers with the difference.\nEveryone is acutely aware that this Greenbelt proposal was not necessary in order to build homes quickly. The brazen disregard for the well-being of the environment AND current homeowners/taxpayers is absolutely gutting. It is not, in any manner, going to raise the low morale of our citizens , nor increase a sense of well-being and financial security during this economically recessive period of time.\nIt is obvious that the land-swap being proposed, and the associated talking-points about this proposal netting increased Greenbelt acreage, are nothing more than fancy hand-waving attempting to mislead the general public. We know for a fact many of the lands being added are protected through other means, and much of the additional land can NEVER be developed regardless, so it is inherently protected. Many experts have also chimed in to raise the alarm that the land added to the Greenbelt was thoughtfully considered, and has specific ecological impacts and reasons for being included. To simply propose to add new land, without additional studies and recommendations made, is inadequate. Why does the government refuse to answer questions with regard to how these specific parcels of land were chosen to be added to the Greenbelt?\nIt is saddening how our current Provincial Government shares information with its citizens. Few people really know the implications of the Bill, and were given little time to get informed and get involved. The lack of straight forward discussion/presentation of the facts of the Bill by our Premier, and the swiftness in order to pass it, demonstrates such a lack of regard for its citizens. This certainly looks like we have a Premier making decisions in the interest of the corporations, not for the people.\nHowever, in summary, the above concerns must be addressed here in these consultations. Massive changes are needed now, before the damage is done. A wide-angle lense on the impact of the broader society and the future implications for years to come is necessary for informing future decisions, and for the protection of our children and our legacies.\nPlease DO NOT DO THIS. Do not swap short-term, perceived gain for long-term impacts to our sensitive environment and ecosystem that are already under attack from so many angles. The Greenbelt is something Ontarian's can point to with pride, as a demonstration of our commitment to protect something that is so hard to replace once it has been destroyed.\nThank you for this opportunity to share my opinions and I trust they will be thoughtfully considered.\n"
    },
    "76479": {
        "url": "/comment/76479",
        "comment": "I am completely against opening up any part of the Greenbelt for development, whether it is for housing or for a highway.  The Greenbelt is a vital area which stops sprawl, protects farmland, forests, wetlands, biodiversity, endangered species and the sources for our drinking water.  It also is a carbon sink which helps to mitigate the effects of climate change; it also prevents disastrous flooding and landslides.  In addition, allowing some development would incentivize further requests for Greenbelt land development to the point where no parts of the Greenbelt would be preserved.  There is a vast supply of unused \"greenfield\" land already open for development within existing municipal settlement boundaries. Building affordable housing within these existing settlement boundaries and existing low-rise single detached neighbourhoods is the way to solve the housing crisis that we are in.\nAdd to the Greenbelt by all means; protect it in its entirety from development.  Once it's gone it's gone and the damage will be irreversible.  The future of other species and our ability to feed future generations is dependent upon our wise actions today.\n"
    },
    "76485": {
        "url": "/comment/76485",
        "comment": "This is terrifying. Please keep the green space protected. Once we let this happen and allow developers access to protected space I\u2019m afraid we will lose more and more until there is none left. Their priority is to make as much money as possible not to the health and well-being of people and the planet and our spaces we live in and depend on and that will never change.\n"
    },
    "76503": {
        "url": "/comment/76503",
        "comment": "We believe the proposed changes will harm native Ontario wildlife species and their habitats and will undermine the province\u2019s commitments and accomplishments for biodiversity conservation and climate change mitigation and adaptation. We urge the Government of Ontario to provide cities, towns, and rural communities with a mix of ownership and rental housing types that meet the needs of all Ontarians without implementing the changes proposed in ERO 019-6217. We strongly oppose all of the proposed changes under ERO 019-6217.\n"
    },
    "76507": {
        "url": "/comment/76507",
        "comment": "Request that Ministry staff review the boundaries of the Greenbelt Plan as  related to the Subject Lands (4840 King Vaughan Road).\nThis request has been reviewed in light of the Provincial Criteria. See attached Letter.\n"
    },
    "76510": {
        "url": "/comment/76510",
        "comment": "I believe the proposed changes will harm native Ontario wildlife species and their habitats and will undermine the province\u2019s commitments and accomplishments for biodiversity conservation and climate change mitigation and adaptation. I urge the Government of Ontario to provide cities, towns, and rural communities with a mix of ownership and rental housing types that meet the needs of all Ontarians without implementing the changes proposed in ERO 019-6217. I strongly oppose all of the proposed changes under ERO 019-6217.\n"
    },
    "76524": {
        "url": "/comment/76524",
        "comment": "Please see attached, a letter on behalf of the Faiella family, expressing support the Proposed Amendments to the Greenbelt Area Boundary in relation to to the change illustrated on Proposed Modifications Map 11.\n"
    },
    "76537": {
        "url": "/comment/76537",
        "comment": "Please see enclosed, a submission with regards to 267 Sulphur Springs Road in Hamilton.\n"
    },
    "76548": {
        "url": "/comment/76548",
        "comment": "While we need more housing continuing urban sprawl is a disservice to Ontarians.\nWe need to limit sprawl and increase density to have a sustainable future, something especially important during the current climate crisis.  Sprawl means more cars, more expensive transit, less farmland, less opportunity for outdoor recreation, more hard surfaces (more flooding).\nContinuing to enable sprawl only kicks the can further down the road; it doesn't resolve the fundamental housing issue.  At some point we need to intensify.  Let's do intensify existing areas now before we commit to irreversible sprawl that lasts forever.  The apparent collusion between Ontario and developers stinks and it's further reason to reconsider immediately.\nI do not support allowing protections on the greenbelt to waiver.  I do not support the current approach to the housing plan.  We need to continue to protect the greenbelt and find a solution to the housing issues within those constraints.\n"
    }
}