{
    "78234": {
        "url": "/comment/78234",
        "comment": "Mapping Comments - Hamilton - Greenbelt\n"
    },
    "78244": {
        "url": "/comment/78244",
        "comment": "Greenbelt - Paris Galt Moraine - Timberworx\n"
    },
    "78253": {
        "url": "/comment/78253",
        "comment": "I am opposed to the amendments to the greenbelt area. It is a very bad idea that would cause irreversible harm to many wildlife species and forever mar our province by removing the currently protected green space.\nIt has been shown that the homes could be built on land already slated for development.\nThis is purely to support Doug Ford's developer friends and has nothing to do with the people of Ontario.\n"
    },
    "78254": {
        "url": "/comment/78254",
        "comment": "Request to Remove Lands Abutting the Urban Centre of Morriston\n"
    },
    "78259": {
        "url": "/comment/78259",
        "comment": "I firmly oppose the proposed amendments to the green belt.  Damaging environmentally vulnerable areas of the province for the sake of development without considering implications long term is incredibly shortsighted and can lead to potentially devastating long term impacts.    This government promised to protect the green belt and has now reversed position without ANY rationale or process.    There is question as to the legality of their reversal but at best their practices have been ethically and morally questionable and makes them incapable of being relied on to follow through on anything they commit to and as such not worthy of being re-elected.\n"
    },
    "78260": {
        "url": "/comment/78260",
        "comment": "Bill 23 is going to be a disaster for the province of Ontario, for its people, for the flora and fauna, for the land and waters. As Environmental Defense says, it is \u201cinflicting a fatal 7,400 acre wound on the vital and wildly popular Greenbelt\u201d.\nIt is not going to help with our province\u2019s housing crisis. There is such a vast supply of unused \u201cgreenfield\u201d land already open for development within existing municipal settlement boundaries (350 square kilometres as of 2019), that opening up Greenbelt lands will not deliver a single net new home. As More Neighbours Toronto organizer Bilal Akhtar puts it, \u201cThe last thing we need is to squander labour, materials, and equipment that we need to add compact family homes in existing built up areas and settlement areas \u2013 and especially in Toronto\u2013 on greenfield sprawl in northern York Region and Pickering.\u201d\nThis is why I urge the Premier to:\n* withdraw the plan to remove lands from the Greenbelt;\n( get on with a meaningful Greenbelt expansion that reflects public input - repeatedly promised but never delivered by the Ford government;\n* follow the advice of the government\u2019s own Ontario Affordable Housing Task Force and focus efforts on developing affordable housing on lands that have already been designated for development and have the necessary infrastructure in place. As the Housing Task Force noted, there is plenty of land within urban areas ready for development.\n"
    },
    "78266": {
        "url": "/comment/78266",
        "comment": "The government is ignoring expert opinion that  Greenbelt lands are not needed. This bill is based entirely on the motivation to enhance the profitability of PC developer donors. There will be severe and permanent damage to the provincial environment.\nThis short sighted bill should be revoked immediately.\n"
    },
    "78267": {
        "url": "/comment/78267",
        "comment": "Please don't build on our Greenbelt, we need to breathe more than we need to make money. How about you use all the municipal owned golf courses and build affordable housing and parks, you already own that land and we need affordable homes and accessible community parks for everyone more than space for the few that can afford a round of golf a couple times a year. Just a thought\n"
    },
    "78269": {
        "url": "/comment/78269",
        "comment": "same request as made under 019-6216 -  request for removal of lands from the greenbelt plan boundary  for 5481 Kirby Road in the City of Vaughan.\n"
    },
    "78282": {
        "url": "/comment/78282",
        "comment": "For the sake of Ontario residents today and in the future, please reconsider the plan to remove lands for the Greenbelt.\nThe sprawl it will create will have severe impacts on the population and the cities. https://www.everythingconnects.org/urban-sprawl.html\nThis is a poorly planned and politically motivated move.\n"
    },
    "78292": {
        "url": "/comment/78292",
        "comment": "This proposal is outrageous and constitutes yet another way of decreasing land and natural heritage protection in this province by this government to add to the multitude of other inexcusable changes that have already been made and, no doubt, will continue to be made in the future.\nThis government constantly sends out news releases about the help being provided to the agriculture sector on the one hand and then removes some of the best agricultural land in Canada from food production on the other hand. However, even more disgusting is the inclusion of Core Natural Areas in some of these proposed removals from the Greenbelt. We already have lost so much natural area in southern Ontario and to do so with the blessing of the government is frankly unconscionable.\nAs has been noted many times in the media, the government\u2019s own Housing Affordability Task Force clearly stated that lands in the Greenbelt were not needed to address the problems with housing in Ontario. In fact, the amount of land already designated for development is far in excess of what is needed to meet long-range housing targets. That includes 86,500 acres within the Greater Toronto and Hamilton Area alone. There is nothing in this proposal that appears designed to build affordable housing.\nSo, who exactly is this government listening to when coming up with this proposal if not experts? Well, it certainly appears to be wealthy, Conservative party donating land owners and developers. There has not been a single good reason provided to justify breaking a promise that was plainly stated on many occasions, including in the following:\nFrom the Proposed Amendment to the Greenbelt Plan - Growing the size of the Greenbelt (ERO #019-4485) posted on March 24, 2022 -\nThe Key Principles for Expanding the Greenbelt identified in phase 1 were also applied. In particular,\n1.\tNo removal or land exchanges proposed\no\tThis proposal is about growing the size and quality of the Greenbelt, and the government will not consider the removal of any lands from the Greenbelt.\nIn less than eight months, has there really become more of a \u2018housing crisis\u2019 than there was at the beginning of the year? I don\u2019t think so. Why is the size of the area of Urban River Valleys not mentioned anywhere? Why are you adding lands that are never going to be developed anyway to the Greenbelt? It isn\u2019t a bad idea to do so, but if you are using the addition of river valleys as justification for removing upland areas then it is entirely misleading to the public to say that the size of the Greenbelt is being increased. The addition of the so-called Paris Galt Moraine lands in Erin is apparently another inclusion of lands that are already protected by the local municipality and do not constitute the majority of this valuable landform that does need protection.\nThis government should just honour its original promise to not touch the Greenbelt, but we all know that the decision has already been made no matter how many people provide comments on this proposal. And yet, the fact that people are still willing to spend time commenting should let you know the extent to which Ontarians are appalled by what is being proposed.\n"
    },
    "78295": {
        "url": "/comment/78295",
        "comment": "This is THE worse thing a premiere of a province could possibly do to our children's future!!\nWe absolutely need this greenbelt land kept sacred and safe forever. Taking prime agricultural and necessary wetlands away is a serious threat to our future. How will we feed this province without farmland and the proper places to drain this land? Sure, premiere, give us other lands that are useless for wetlands and drain and growing crops and say it's a fair trade off. . . it is not.\n"
    },
    "78301": {
        "url": "/comment/78301",
        "comment": "As a citizen of Ontario living in the golden horseshoe I strongly oppose the development of the greenbelt. We need the greenbelt to support our local environment, including the prevention of flooding and preservation of biodiversity. Not only will the proposed changes be detrimental to the environment in Ontario, I don't believe that these changes are necessary or effective for addressing the housing crisis. We have so much unused, underused and misused urban land (as a resident of Hamilton, and a person working in Toronto I see this in both urban centres). Housing developments comprised of large, sprawled, car-dependent homes will not address the housing crisis as these developments will not be affordable and will only cause further harm to the environment. If the province is serious about addressing our housing crisis, we need to built smart density (including increased density in currently sparse sprawling subdivisions), and focus on building livable medium density housing in transit oriented communities. We do not need more subdivisions on the greenbelt.\n"
    },
    "78302": {
        "url": "/comment/78302",
        "comment": "As a citizen of Ontario living in the golden horseshoe I strongly oppose the development of the greenbelt. We need the greenbelt to support our local environment, including the prevention of flooding and preservation of biodiversity. Not only will the proposed changes be detrimental to the environment in Ontario, I don't believe that these changes are necessary or effective for addressing the housing crisis. We have so much unused, underused and misused urban land (as a resident of Hamilton, and a person working in Toronto I see this in both urban centres). Housing developments comprised of large, sprawled, car-dependent homes will not address the housing crisis as these developments will not be affordable and will only cause further harm to the environment. If the province is serious about addressing our housing crisis, we need to built smart density (including increased density in currently sparse sprawling subdivisions), and focus on building livable medium density housing in transit oriented communities. We do not need more subdivisions on the greenbelt.\n"
    },
    "78306": {
        "url": "/comment/78306",
        "comment": "As a citizen of Ontario living in the golden horseshoe I strongly oppose the development of the greenbelt. We need the greenbelt to support our local environment, including the prevention of flooding and preservation of biodiversity. Not only will the proposed changes be detrimental to the environment in Ontario, I don't believe that these changes are necessary or effective for addressing the housing crisis. We have so much unused, underused and misused urban land (as a resident of Hamilton, and a person working in Toronto I see this in both urban centres). Housing developments comprised of large, sprawled, car-dependent homes will not address the housing crisis as these developments will not be affordable and will only cause further harm to the environment. If the province is serious about addressing our housing crisis, we need to built smart density (including increased density in currently sparse sprawling subdivisions), and focus on building livable medium density housing in transit oriented communities. We do not need more subdivisions on the greenbelt.\n"
    },
    "78309": {
        "url": "/comment/78309",
        "comment": "As a Green Industries teacher at an Ontario high school, I am appalled and outraged at this amendment.\nI strive daily to instill in my students a sense of environmental stewardship and a respect for the need to protect our land.\nThis government is willing to sell out future generations for the sake of lining the pockets of their 'friends'. It's disgusting and needs to be stopped.\n"
    }
}