{
    "62794": {
        "url": "/comment/62794",
        "comment": "Removing land from the Greenbelt is a dangerous and shortsighted move. It makes the GTA more vulnerable to flooding as well as encouraging car dependent sprawl. This sprawl worsens the climate emergency and creates inefficient suburbs. What is needed to solve our housing issues is an increase in density, a default right for a homeowner to densify their property, and a curtailment of housing as an investment vehicle. We have more than enough land to house everyone if only there was the political leadership to use it effectively.\n"
    },
    "62797": {
        "url": "/comment/62797",
        "comment": "The Greenbelt is one of the most important and I would argue, well known environmental regulation in Ontario. Ontarians hold pride in the strict regulations provided by the Greenbelt legistalation protecting environmentally sensitive regions. Undoing this in the name of suburban sprawl would not only be devastating for the environment, but also the future of Ontario. We need to be talking about rezoning existing land use and making current sources of housing more dense. Once the precendant of enviromental damage in the Greenbelt is authorized, it begins a slippery slope of further damage to the environment, especially when the reasons for doing so are so argumentatively weak.\n"
    },
    "62800": {
        "url": "/comment/62800",
        "comment": "I, like many others, am appalled at the proposed \"changes\" to the Greenbelt area. Wetlands cannot simply be torn down and relocated to another area, and it is completely dishonest to pretend otherwise. Facilitating construction on these areas constitutes a horrific attack on Ontario's Greenbelt at a time of worldwide environmental crisis. This government's lack of regard for this land is disgusting and I hope it will be reconsidered.\n"
    },
    "62808": {
        "url": "/comment/62808",
        "comment": "Greenbelt areas, especially those under consideration for removal from the plan are of great value to the communities near them. Providing flood protection, clean air, and greatly improve mental health. This plan is a bald faced attempt to siphon money into the hands of corrupt developers to the detriment of the people of Ontario. Ontarians will pay through the loss of economic benifits, the loss of the passive benifits that the greenbelt provides. The increased car dependance will do nothing but increase traffic, pollution and smog, and increase travel times - further reducing economic productivity and destroying already fragile mental health.\n"
    },
    "62813": {
        "url": "/comment/62813",
        "comment": "To Premier Doug Ford,\nThe Minister for the Environment David Piccini, and the Minister for Housing Steve Clark,\nPlease do not build on the Greenbelt. It was protected for a reason. Please listen to the people of Ontario. We do not need to use Greenbelt land to build housing. There is a long proud history of Conservation Authorities and environmentalism in our province. We want our conservation areas and greenbelt lands to remain protected.\nThank you,\nJM, from the Niagara Region\n"
    },
    "62822": {
        "url": "/comment/62822",
        "comment": "I highly oppose this proposal. Wetlands are critical to our climate change initiatives, ecological and biodiversity preservation, and personal safety. These lands are protected and should remain as such for the mutual benefit of all Ontarians, Canadian, and humanity. While the housing crisis calls for real action, it cannot come at the expense of our climate initiatives. If we are to develop this area and redesignate others areas as protected to make up for it, the entire concept of protection becomes void. Our planet is at risk, and yet our governments and policymakers continue to make decisions that jeopardize all. Housing should focus on smart urban planning and development in areas where we already have the infrastructure, not where we can irrevocably destroy natural habitats. PLEASE DO NOT ALLOW THIS.\n"
    },
    "62836": {
        "url": "/comment/62836",
        "comment": "While I recognize that more housing is required across the Greater Toronto Area in order to address the ongoing housing crisis, I am not in favour of destroying greenbelt land for this need. The greenbelt is an important carbon sink for the Greater Toronto region, in addition to providing a habitat for countless native species & promoting biodiversity across our region.\nWithin this proposal, I see no wording in regards to urban sprawl and the government's approach to reducing it.\nIn fact, urban sprawl is caused by the misuse of land and bad zoning laws. The government should build upwards and densify regions instead of building homes that sprawl across vital land.\nEnvironmental researchers should be consulted on whether this plan is viable. It should not cause biodiversity to be lost across the Greater Toronto Area.\n"
    },
    "62838": {
        "url": "/comment/62838",
        "comment": "As someone who has lived in the GTA for a majority of their life, I can say that it is an extremely poorly planned area. Lost of waste of natural resources and natural landscapes. We should learn from European urban planning to design better and more compactly rather than continuing to sprawl aimlessly with single family homes.. very disappointed with this idea of reducing the Greenbelt as it\u2019s completely unnecessarily. Please stop.\n"
    },
    "62839": {
        "url": "/comment/62839",
        "comment": "As someone who has lived in the GTA for a majority of their life, I can say that it is an extremely poorly planned area. Lost of waste of natural resources and natural landscapes. We should learn from European urban planning to design better and more compactly rather than continuing to sprawl aimlessly with single family homes.. very disappointed with this idea of reducing the Greenbelt as it\u2019s completely unnecessarily. Please stop.\n"
    },
    "62845": {
        "url": "/comment/62845",
        "comment": "I believe this proposed amendment is not appropriate for the people of Ontario and does not fully adhere to the purpose of the Greenbelt Plan or its supporting documentation.\nWithin the Greenbelt Plan, under section 5.6, there are clear definitions of where an amendment can be made outside of the 10-year review. This proposal does not address any threats to the overall effectiveness and integrity of the plan, does not improve the plan, and is not extending the Greenbelt's coverage. While it could be argued that this is necessary as a \"major new provincial policy that creates a need\", I do not believe this to be the case. The plan itself acknowledges that housing needs to be addressed beyond the big cities and in rural areas - areas which can be developed outside of the protected lands of the Greenbelt. Further, this plan specifies a need to protect the environment under the \"Heritage and the environment\", \"Natural Hazards\", and \"Protecting heritage while meeting housing needs\" which agree with the purpose that the Greenbelt plan and the proposed \"removal\" areas serve.\nBuilding upon that, the regions that have been selected to be removed by this proposed amendment are \"Protected Countryside\" and \"Natural Heritage Systems\"; both of which are vitally important to the surrounding areas. Per the Greenbelt Plan, 1.1 \"Context\" and 1.4.2 Section 3, these regions are agricultural and natural systems which provide food and other environmental support.\n -  The Agricultural System is a group of inter-connected elements. It has two components: the agricultural land base, which is comprised of prime agricultural areas, including specialty crop areas, and rural lands that together create a continuous, productive land base for agriculture, and the agri-food network, which includes infrastructure, services and assets important to the viability of the agri-food sector.\n - The Natural System identifies lands that support both natural heritage and hydrologic features and functions, including providing for pollinator habitat, which is an essential support for agricultural production and for ecosystems.\n - Both systems maintain connections to the broader agricultural and natural systems of southern Ontario.\nUsing these definitions, the proposed \"addition\" to the Greenbelt plan does not compensate for the damages that would occur by removing the Protected Countryside and Natural Heritage Systems that would be removed if this amendment is approved.\n"
    },
    "62848": {
        "url": "/comment/62848",
        "comment": "We are heading in a dangerous direction if we continue to toy with ideas like this. Between climate change and existing developments, we are already running out of usable farmland in the area the greenbelt protects. We have plenty of ways to improve housing density and increase the effectiveness of the land we are using without encroaching upon protected land. There is plenty of less damaging land available in the shield if we need to continue expanding.\n"
    },
    "62854": {
        "url": "/comment/62854",
        "comment": "Protecting the Greenbelt in it's entirety is critical with the current state of global warming and food insecurity.  The Greenbelt provides 177,700 full time jobs and $9,600,000,000 of economic impact every year!  It also provides flood protection that could be compromised with the proposed removal.  There are 750,000 acres of protected farmland in the Greenbelt that would be affected by this proposal.\n"
    },
    "62856": {
        "url": "/comment/62856",
        "comment": "The given reason for this is to make housing for hundreds of thousands of people coming to Canada. This is laughable, considering the houses will be high-value, low density R1 zone lots designed to pad developers pockets and do little towards giving people places to live.\nMid to high density housing in transit-centric areas will do infinitely more to solve this problem, but is far less profitable. So either Doug Ford continues to blatantly pad the pockets of his friends and goes through with this plan, or he does the right thing for Ontario and commits to higher density development in places that already have available land.\n"
    }
}