{
    "79020": {
        "url": "/comment/79020",
        "comment": "Do not develop our Greenbelt! We need the farmland for food security. We need the money spent on real solutions for affordable housing rather than taking away from it. The money spent in the highway (that will only save the average commuter seconds) can also be spent on healthcare. This province is in a healthcare crisis. Do not appeal Bill 124. Do not approve Bill 23. Do what is right for the province!\n"
    },
    "79025": {
        "url": "/comment/79025",
        "comment": "Redrawing greenbelt boundaries is nothing but pandering to donors at the expense of the people of Ontario.  Changes to the watersheds and the impacts to the sensitive species in these areas are not worth the proposed gains and will make Ontario a poorer place in the future, despite the likely personal financial gains of the politicians involved.\n"
    },
    "79029": {
        "url": "/comment/79029",
        "comment": "As a resident of southern Ontario I find it absolutely abhorrent that the Ford government is set to destroy land that has been protected for the benefit of all Ontario residents.\nIt is unconscionable also to destroy the areas that all manner of land animals, fish and fowl use as their habitat.\nThe environment is already under pressure for many reasons, to decimate these protected areas only adds to the annihilation of many species.\nThis is not Doug Ford\u2019s private property to do with as he pleases, his overreach is disgusting and appalling and should not be allowed to proceed.\nDoug Ford needs to stop pandering to land developpers!\n"
    },
    "79037": {
        "url": "/comment/79037",
        "comment": "Please find attached a submission from the Ontario Professional Planners Institute\n"
    },
    "79054": {
        "url": "/comment/79054",
        "comment": "I do not agree with the proposal to dismantle the Greenbelt. The Conservative Government has lied to the people of Ontario\u2014outright lied. I do not believe that sprawl is the answer: we need to build up and not out; we need to build smaller/multi family homes in already established areas of infrastructure/services; we need to preserve agricultural land, wetlands, and conservation areas. Bill 23 is a short-sighted travesty of a proposal that will benefit only a very few elite developers, and shows utter disregard and disrespect for the citizens of Ontario.\n"
    },
    "79057": {
        "url": "/comment/79057",
        "comment": "I am a Hamilton resident and very AGAINST development of the green belt. With climate change and impending doom unless we act aggressively, we need to preserve environmental land and farm land to feed us. I am in favor of development of existing communities into more populated and affordable housing developments. The Ford government are liars for claiming to want to protect the greenbelt - keep your promise!\n"
    },
    "79064": {
        "url": "/comment/79064",
        "comment": "Land should not be removed from any Greenbelt or other protected area in order to build housing.  Using this approach to creating new houses is short-sighted. Undeveloped land is becoming more critical for recreation and for the ecological benefits it provides and its value will continue to increase.  We were promised that this government would not remove land from Greenbelts.  This was obviously seen to be important during the election campaign and it is STILL important.\nAdditional housing can and should be created by increasing density in already developed areas.  We need to learn from other parts of the world where it is not considered the right of every family to live in a house with a yard.\n"
    },
    "79065": {
        "url": "/comment/79065",
        "comment": "I'm deeply sadden that there is even a thought of touching our Green Belt. Mr Ford please look forward at our future, at your grand babies future. Start planning for them to have it better. Leave your mark as someone who did great things. Not the one who destroyed everything. Don't let your ego destroy their future.\n"
    },
    "79072": {
        "url": "/comment/79072",
        "comment": "This is a land grab that will ultimately be a huge windfall for developers and will have a major negative financial impact on municipalities. There is no good evidence that housing will be provided for the people that need or can afford it. We need to look to the future and keep valuable farmland and environmentally  sensitive greenspace for future generations. Housing needs can be met through a wide variety of solutions that doesn't involve such a long term disastrous loss of land. My grandchildren will suffer from this bill being passed.  I am disgusted by this Conservative government.\n"
    },
    "79080": {
        "url": "/comment/79080",
        "comment": "I strongly object to opening the Greenbelt. Building subdivisions on farmland won't solve the housing crisis. Only removes more farmland. Climate change means the traditional areas of growing vegetables mean they will be unaffordable and lead to more Greenhouse gases due to transportation. Municipalities will have higher taxes due to sprawl.\n"
    },
    "79096": {
        "url": "/comment/79096",
        "comment": "This attack on the greenbelt is a disgusting display of corruption, greed, & evil. A handful of developers stand to profit by hundreds of millions of dollars, and the proposed suburban sprawl wont even put a dent in the housing crisis.\nHighways and subdivisions will massively increase our province's car dependence and therefore carbon emissions. We need urban densification and much better public transportation infrastructure.\nThe greenbelt is key to mitigating the climate crisis in Ontario. Its erosion will also make flooding events drastically worse when we experience worse & worse storms due to climate change.\nAs the climate crisis worsens and droughts cause current food growing regions to dry up & be unfarmable, the rich soil of the greenbelt will be required to feed Ontario, Canada, & the world.\n"
    },
    "79103": {
        "url": "/comment/79103",
        "comment": "Removal of land from the Greenbelt is completely unacceptable.\nI have no issue with the addition of Greenbelt land (The Paris Galt Moraine), but no land should be removed from the Greenbelt under any circumstances.\nThe Greenbelt was developed to protect environmentally sensitive and important land, and if governments believe it is acceptable to \u201cremove or redesignate\u201d land, it may as well not exist. In the future, governments could simple continue to \u2018redesignate\u2019 more desirable land (closer to the city and highways) with further and further North replacement land, which would defeat the purpose entirely. These lands are protected for a reason, once they have been made in to housing we cannot go back.\nPremier Doug Ford swore to all Ontario that he and his government would not touch the Greenbelt. There are better ways to ensure new houses are built in Ontario. Removing and/or redesignating Greenbelt land is not an acceptable solution.\n"
    },
    "79104": {
        "url": "/comment/79104",
        "comment": "The removal of any amount of land from the current Greenbelt boundary would be extremely detrimental to Ontario.  The types of houses that will be built in these proposed lands will not solve the housing crisis.  There are plenty of brownfield lands outside of the Greenbelt that could be utilized more effectively.  Moreover, removing land from the Greenbelt will worsen the issue of food insecurity for Ontarian's.  Urban sprawl is not the solution to the housing crisis and will make so many other issues exponentially worse (highway congestion, poor air quality and smog, decreasing biodiversity, increasing rates of human illness, food insecurity, obesity, asthma, poor water quality, risk of flooding, etc.).\n"
    },
    "79105": {
        "url": "/comment/79105",
        "comment": "It is beyond reprehensible that the government is breaking their vow not to touch the Greenbelt. There is enough available space, through the use of increased density, to build the houses needed without touching this land. Further, the removal of development fees will seriously impact the ability of municipalit\u00e9s to build the needed infrastructure and must be withdrawn from the legislation.\n"
    },
    "79106": {
        "url": "/comment/79106",
        "comment": "Removal of land from the Greenbelt is completely unacceptable.\nI have no issue with the addition of Greenbelt land (The Paris Galt Moraine), but no land should be removed from the Greenbelt under any circumstances.\nThe Greenbelt was developed to protect environmentally sensitive and important land, and if governments believe it is acceptable to \u201cremove or redesignate\u201d land, it may as well not exist. In the future, governments could simple continue to \u2018redesignate\u2019 more desirable land (closer to the city and highways) with further and further North replacement land, which would defeat the purpose entirely. These lands are protected for a reason, once they have been made in to housing we cannot go back.\nPremier Doug Ford swore to all Ontario that he and his government would not touch the Greenbelt. There are better ways to ensure new houses are built in Ontario. Removing and/or redesignating Greenbelt land is not an acceptable solution.\n"
    },
    "79109": {
        "url": "/comment/79109",
        "comment": "The premier promised to not touch the greenbelt.\nThe government cannot remove and add lands to the greenbelt to suit their political purposes\n~ it is ghastly that a few developers have bought up significant portions of the greenbelt in the past few years - lands that are now being removed from the Greenbelt.\n- The Housing Commission has found that there is enough land available within current urban boundaries, 88,000 acres, for the 1.5million homes we apparently need.\nthere is no need to remove any land from the Greenbelt.\nThe Greenbelt can be expanded, but should not be otherwise changed\n"
    }
}