{
    "78900": {
        "url": "/comment/78900",
        "comment": "In the face of unprecedented and accelerating biodiversity loss and the ever-worsening climate crisis, it is vital that your government do its utmost to protect the farmland, wetlands, forests, rivers and other natural areas that sustain us. As Ontario\u2019s Housing Affordability Task Force explained in its 2022 report, we do not need to sacrifice environmental protection to address the housing crisis. That\u2019s because \u201ca shortage of land isn\u2019t the cause of the problem.\u201d (p.10) There is a vast supply of land already open for development within existing municipal settlement boundaries.\n"
    },
    "78904": {
        "url": "/comment/78904",
        "comment": "Please do not destroy this land!\nJust think about how the destruction of this land will affect future generations.  History will not look kindly on Doug Ford and he will forever be known as the guy who tore apart precious land to line the pockets of already rich and greedy developers, while the rest of us are working hard to stay afloat.  I work as a legal assistant and just had to find a part time job just to make ends meet.   Please investigate this man he is only looking out for himself and his already rich friends while he limits the wages of the people who work the hardest in this province.  I am so discusted that this is all happening and want to leave this poorly run province.\nMr. Ford, I suggest that you resign because all of your greed and lies will catch up with you.\nSincerely,\nAn angry resident of Ontario\n"
    },
    "78919": {
        "url": "/comment/78919",
        "comment": "Hello, I am writing today to submit a comment to ERO 019-6216, 019-6217, and 019-6218, pertaining to redesignation of Greenbelt lands.\nI am supportive of efforts to increase the supply of home as a means of countering the housing crisis. However, I am deeply concerned about the proposed changes to the Greenbelt.\nWe have seen over the past few years how the climate crisis is worsening, increasing severe weather and causing grave damage (for example, in Lytton BC). In Southern Ontario, one of the largest risks in a changing climates comes from flooding in population centres, and loss of viable farmland.\nThe changes suggested in this regulation appear set to make both outcomes worse. The wetlands in protected Greenbelt areas are essential for capturing rainwater runoff before it can flood more populous areas. In addition, by seeking to build new homes in protected areas, Ontario commits itself to expanding urban sprawl - worsening the climate crisis through increased emissions.\nI urge the government to keep its promise not to touch the Greenbelt and instead look to build much more densely in urban areas, particular areas with strong transit infrastructure.\nRipping up the Greenbelt is short-sighted and dangerous, and will only make homes more expensive in the long run by imposing greater environmental risks and expanding unsustainable and inefficient sprawl. This government must take real, meaningful action to build sustainably for the future instead.\n"
    },
    "78936": {
        "url": "/comment/78936",
        "comment": "All of this should go without saying:\n-- The Greenbelt was created for a purpose.  The purpose was to protect important lands from the greedy hands of today in order to protect everyone in the future.  Thus, Greenbelt land should NEVER be reclaimed for ANY purpose... it should only be added to.  Swapping some parcels for other is NOT ethical.\n-- That a few developers have recently purchased proposed de-regulated land is disgusting, immoral, and should land the Conservative party members who vote for this in jail\n-- The premier explicitly promised not to touch the Greenbelt... it's part of why he got voted in.  Touching the Greenbelt goes against the will of the majority he is supposed to represent\n-- The province has plenty of land outside of the Greenbelt which can satisfy housing needs\nHands off the Greenbelt!! (unless you're adding new parcels without touching the existing ones)\n"
    },
    "78944": {
        "url": "/comment/78944",
        "comment": "Development of lands designated as Greenbelt is wrong on so many levels.  Betrayal of public trust is becoming all too common in politics in general and by the Ford government specifically.\nThese lands were protected for many valid reasons which remain.\nPersonal benefit and greed are not valid reasons to renege on promises.\nThis government is so short sighted; working at odds with the best long term interests of the province.\nStop this process and continue to protect the Greenbelt.\n"
    },
    "78946": {
        "url": "/comment/78946",
        "comment": "Your children and grandchildren will eventually go hungry if we destroy, even in small amounts, our ecosystem. It cannot be fixed once you destroy it. Please, please stop this. If you care at all for your children or grandchildren. Your wealth cannot protect them from what this will do and they will suffer along with my children.\nThank you for reconsidering.\n"
    },
    "78954": {
        "url": "/comment/78954",
        "comment": "This whole attack on our delicate environment\u2014in order to make a few developers even richer\u2014is past deplorable. There is lots of land available without tampering with the drainage system of our watersheds, and better use of it rather than McMansions. This issue is to be reminded of Walkerton and Mike Harris and all of the deaths that resulted. However, I see the present PCs being as bizarrely unaffected by health issues of the people of Ontario. Disgusting.\n"
    },
    "78969": {
        "url": "/comment/78969",
        "comment": "The Ford government has removed lands from the Greenbelt to allow for more needed housing to be built. Unfortunately, this opens rural lands to development when these areas should be left for agriculture and resilience from climate change. While housing is an issue for possible new residents to Canada, there are already ample lands designated for development within urban areas of the province. Opening Greenbelt lands to development does not address affordability of housing and the changes in Bill 23 diminish Municipalities' abilities to fund local planning. Municipalities need to be able to recover costs for development which can be extremely expensive; by removing their ability to recover costs, property taxes for rural properties will increase dramatically and will be at the expense of residents already living in their municipality. Allowing more single family units in rural areas is not the answer to housing issues and shows the government is blind to the true challenge of our time, climate change. Forests, wetlands, and meadows need to be left in their natural state to provide resilience for the coming changes to our climate. Without these natural areas, housing will be at risk following catastrophes. Sprawl into these areas that should be protected will result in higher insurance rates as more and more homes are placed in areas they should not have been built. Additionally, removing land from the greenbelt also affects agriculture. Farmland is declining in Ontario at a high rate and this will impact the ability to feed residents and our food sovereignty.\nAdditionally, these changes to the Greenbelt areas make it seem like the Ford government is playing favourites and removing land from the Greenbelt that will benefit a few land speculators. Without allowing municipalities, conservation authorities, planners, and residents to have a say in the individual properties being removed, conclusions are drawn that these speculators must be friends of the current government.\nWithout focusing climate change in legislative changes, the government will place more and more detrimental impacts on future Ontarians and fail their ability to respond and survive the future changes to the climate. Unfortunately for future residents, it is apparent that Bill 23 will create more problems just to make things easier for already well-off developers.\n"
    },
    "78977": {
        "url": "/comment/78977",
        "comment": "It would appear that the few voters who voted made a huge error if they supported the Ford government, who appear to be all in it for themselves and their cronies, definitely not to be trusted. The Greenbelt is there for a good reason and must not be toyed with. And, if developers bought up land before this asinine bill was passed, does anyone actually believe someone did not tip them off?? They must think the rest of us, who will pay for this in the long run, are a bunch of non-thinking idiots. Leave the greenbelt alone , as per the supposed \"promise\" by Doug Ford. No respect, no trust for this government.\n"
    },
    "79000": {
        "url": "/comment/79000",
        "comment": "The government cannot simply remove lands from the designated Greenbelt in order to serve its political agenda.\nThe Housing Commission found enough land available within current urban boundaries for the 1.5 million homes that are apparently needed.\nThe Premier promised not to touch the Greenbelt! It is a travesty that many acres have already been sold off to developers! This must stop.\n"
    },
    "79016": {
        "url": "/comment/79016",
        "comment": "Protect the Greenbelt! Don't destroy it! We need the Wetlands and and farmland to continue Surviving on this earth. Animals need this land to continue Surviving on this earth. Taking this land goes against what the Ford government promised! Keep your promises Doug! Put an end to bill 23 as well as highway 413.\n"
    }
}