{
    "65221": {
        "url": "/comment/65221",
        "comment": "Growing up within the greenbelt, I learned to value the land and unique ecosystems therein. These spaces should not be compromised for half-baked housing crisis solutions. The only additional provisions to the greenbelt should be the expansion and restoration of conservation land. Further toying with back and forth development projects only degrades sites.\nMost importantly, the housing crisis alone is not real; the economic crisis is. Inflating the housing market with more cheap contracting development is a false solution for an empty crisis. Let's make the quality housing already available more accessible. Let's value heritage homes and properties through feasible restoration and affordability. Let's talk about wages, inflation,  mortgages, loans. These are conversations that will help point our economy and housing market towards a more inclusive path.\n"
    },
    "65251": {
        "url": "/comment/65251",
        "comment": "as an owner of 22 acres on the greenbelt in king , i want to say if any land anywhere is removed from the greenbelt ,i too want my property removed from the green belt to be made available for housing...i am zoned rural residential and i want the density increased so i too can benefit from any changes the province makes...........\n"
    },
    "65281": {
        "url": "/comment/65281",
        "comment": "Please do not touch the Greenbelt boundaries for the sake of more sprawl in an already heavily urbanized area of the province. Those of us who live here love the Greenbelt for its natural landscape, as it is not comparable to man-made parks. If we want to build more housing, especially for incoming immigrants, build them in smaller towns, such as those towards the north of the province, who could benefit from having those people. If we absolutely need the houses in the already higher population-dense areas, then use the areas that we already have developed and don't stick to building single-family homes.  Build to accommodate more people within a smaller footprint.\n"
    },
    "65289": {
        "url": "/comment/65289",
        "comment": "It is important to understand the role of habitat fragmentation in all of this. If action is being made to include more land in new/expanded protexted area, it is an opportunity to incorporate research identifying the importance of untouched area around protected areas.\nWhat precedent does this set for openening up the belt for other developers? What happens in coming decades when there is another housing crisis- will we move the Southern most strips of the Greenbelt again?\nThe government needs to be more open with the public about the logistics surrounding this proposal.\n"
    },
    "65336": {
        "url": "/comment/65336",
        "comment": "I urge  the Premier to:\n- withdraw the plan to remove lands from the Greenbelt;\n- get on with a meaningful Greenbelt expansion that reflects public input - repeatedly promised but never delivered by the Ford government;\n- follow the advice of the government\u2019s own Ontario Affordable Housing Task Force and focus efforts on developing affordable housing on lands that have already been designated for development and have the necessary infrastructure in place. As the Housing Task Force noted, there is plenty of land within urban areas ready for development.\n"
    },
    "65345": {
        "url": "/comment/65345",
        "comment": "This and all the other proposals relative to the Greenbelt and the Oak Ridges Moraine being redesignated and adjusted for all the big money behind all this is a disgrace on all who share that opinion.  There has to be something that is engendering this conflict of interest?  Oh wait a minute, do I hear the tinkle, tinkle of money and favours?  Is this the best you can come up with when the rest of the province needs the developments and the jobs that come with it.  If your answer is yes then you are useless as a politician and a resident of Ontario.  Your moneyed buddies haven't got enough cash yet?  And to think you get a pay cheque for this!!  What a disgrace!  Be ashamed of yourselves.\n"
    },
    "65365": {
        "url": "/comment/65365",
        "comment": "I am truly devastated by the government  proposals to steamroll over rich farm land and sensitive green belt habitat areas around Hamilton.  Ford is turning a blind eye to all the environmental studies that have been and are being done on our lands. Yes, homes are needed but there are lots of areas within our city that could be bulit up or made use of. In addition, I find the brainwashing ads  that have \"suddenly\" appeared on radio praising the developers to be very offensive. These mindless proposals need to stop!\n"
    },
    "65372": {
        "url": "/comment/65372",
        "comment": "I do not support nor approve the proposed amendments to the green belt.\nWe have minimal green space left in these regions and should protect it at all costs. I believe this is an extremely shortsighted and irreversible decision to make that will have negative impacts to the local environments for years to come.\n"
    },
    "65375": {
        "url": "/comment/65375",
        "comment": "This move to remove vast swaths of protected Greenbelt land for development while designating a laughably small amount to \"replace\" what is taken away is deceitful and abhorrent, especially to announce it while removing workers' right to protest so as to ensure the people of Ontario are adequately distracted to notice the other egregious activities Ford's government is trying to undertake.\nAs a resident of Hamilton in the lower city, I see so much underutilized land and vacant buildings that I'm sure with the right remediation would be more than suitable for homes. Not to mention these properties already have access to critical infrastructure, eg roads, hydro, water, sewer, internet etc. Surely this is the case with the other proposed areas.\nWhy are we looking to put people AWAY from urban centers where the primary places of employment are? Has there been no consideration for the additional traffic congestion this will cause? This will also drive up GHG emissions.\nThis and related amendments to push the More Homes Built Faster Act is nothing but a thinly veiled attempt to seem proactive but it's a clear handout to construction buddies who benefit enormously with Ford.\nI truly hope these amendments do not move forward for the sake of the land, the surrounding ecosystems and our own future.\n"
    },
    "65376": {
        "url": "/comment/65376",
        "comment": "As someone who lives near the Greenbelt, and someone who is low income, I am strongly opposed to this plan. This plan is completely backwards to the direction we as a province should be moving on climate change, food security, and housing. Low income housing looks like apartments in walkable cities, not sprawling detached homes requiring the use of a car. This plan  is not in the best interest of the public and is completely contradictory to other issues the province has stated are a priority.\n"
    },
    "65387": {
        "url": "/comment/65387",
        "comment": "Building in the Greenbelt Area to solve the housing crisis is the worst idea. We dedicated these lands as Greenbelt Area for a reason and our environment is only getting worse since the area was created about two decades ago. There is no doubt a housing crisis exists but the government should look at other options (e.g. abandoned government buildings, unpopular malls and car parks). Greenbelt Area should be preserved and protected. I am all against this proposal.\n"
    },
    "65413": {
        "url": "/comment/65413",
        "comment": "In response to the proposed amendments to the Greenbelt lands, specifically those within Ajax boundaries, we would like to lend our complete support to the removal of these lands within the town proper.\nWe would, however, suggest that not only the parcel of land at Kingston Road/401 be considered.\n Ajax has  significant acreage on the north side of Taunton Road (Westney Road, Salem Road, Audley Road , Lakeridge) which is currently designated Greenbelt. This acreage should be included along with the proposed  amendments .\nThese lands, specifically between Westney and Audley, have services in place, are surrounded on the south by commercial and residential development, and are very close to industry i.e Amazon distribution centre.\nThe location, close to public transit and serviced by Taunton road ( 4 lanes) lends itself perfectly to increased development.   From an agricultural perspective, the land is poor and much lies fallow. Viable farming on much of this land would not be fiscally feasible.   Greenbelt lands would continue to abut the properties on the north.\nAs private landowners of many years within this catchment we are very supportive of any changes which would remove these lands from the Greenbelt restrictions. .These lands, within the city boundaries, could be much better utilized by the building of homes or industry.  We would respectfully request that these lands also be included in the changes proposed to the Ajax area.\n"
    },
    "65447": {
        "url": "/comment/65447",
        "comment": "Ford promised not to touch the greenbelt, nobody asked for this in fact most people asked for the exact opposite. The fact is that there is plenty of land set aside in ontarios development strategy that is available for housing to be developed it just hasn't been used. We don't need to open up more land from areas we have deemed as important to maintain for agriculture, Green space, and to limit urban sprawl. The only thing this will do is the exact opposite of those things and line the pockets of developers that purchased greenbelt land for cheap in the hopes that this exact proposal would be passed.\n"
    },
    "65457": {
        "url": "/comment/65457",
        "comment": "What happened to \"not touching the Greenbelt\"?!???\nThis isn't the answer to solving the housing crisis. We want fixes within our municipality; to keep people in Toronto instead of building houses on the Greenbelt to push us out.\nYou're going back on your word. There's literally a video clip of you saying you wouldn't touch the Greenbelt.\n"
    }
}