{
    "62857": {
        "url": "/comment/62857",
        "comment": "I am writing to state my strong opposition to the Proposed Amendments to the Greenbelt Plan, ERO number 019-6216.\nWe all know that this is a terrible proposal designed to only benefit Progressive Conservative donors. Its implementation would be detrimental to the public\u2019s well being given that it will undeniably lead to an increase in flooding and a decrease in water quality.\nSubstituting land that is environmentally sensitive and currently protected for a block of land with dubious value is ridiculous.\nI am strongly opposed to this measure.\n"
    },
    "62858": {
        "url": "/comment/62858",
        "comment": "We cannot move into developing the greenbelt. It is so critical for us to preserve that rich ecosystem and environment not only for the health of the wildlife there but for the health of Ontarians surrounded by it. We need the trees and plants to help with regulating the ever rising temperatures and remove CO2 from our air so we can breath easier. There is plenty of room for development in existing developed areas, especially if there is a shift away from single family homes and developing multi family homes to still support affordable housing needs. Don't do this. Don't put money in the hands of greedy developers. Save our Greenbelt and do what is right!\n"
    },
    "62870": {
        "url": "/comment/62870",
        "comment": "Thank you for the opportunity to comment. There is already overwhelming opposition to this proposal, and I agree with the majority of people who want to see the greenbelt kept intact. The  recommendation for the Hamilton area is particularly poor. As Premier Ford stated today, we have a housing crisis - but that crisis was plain to see when he promised not  to touch the greenbelt, clearly a lie. Both the Premier and the Housing Minister know perfectly well that more than enough land exists within urban boundaries to satisfy the number of new homes needed. It's another falsehood to suggest that with so many newcomers to Canada, the greenbelt developments will provide homes for them. Whatever is built would be vastly beyond the ability of newcomers to pay. Protect our watersheds, forests and farmlands, please don't destroy them.\n"
    },
    "62872": {
        "url": "/comment/62872",
        "comment": "It concerns me that we are removing area that has been conserved for future generations to be used for residential development. It takes a very long time for greenspaces to developed and once they are developed over they are lost forever. Our limited green spaces close to Toronto should be saved from the development for future outdoor recreation, conservation and agricultural lands. More housing is needed in the province but removing green space for urban sprawl instead of developing higher density residential neighbourhoods within the existing urban communities is not the necessary solution.\nWe are in dire need of affordable housing. If we use the land for more large homes (>2500 sqft), we are not going to be providing any more \"affordable\" homes that Ontarians so desperately need. The higher density homes like townhouses or condos are in much greater need and will not be improved by this amendment to the green belt. We can meet the housing needs within the urban centers that we already have and force further development of brownfield properties in the province.\nI believe the Premier is bring short sited with this directive and should be consider the long term effects of reducing the green spaces that are available to our population.\n"
    },
    "62874": {
        "url": "/comment/62874",
        "comment": "I strongly do not agree with the proposed changes outlined in the amendments of the greenbelt plan. There are many areas in these cities where redevelopment of unused/underused areas is long overdue and more relevant than new development that involves taking away green spaces. This includes the underutilized industrial office spaces, parking lots and buildings that remain vacant as the way people work evolves. This removal of certain greenbelt zones and expansion of other zones is quite contradictory to each other because you emphasize the positives of expanding greenbelts to have a great impact on water systems, agriculture and biodiversity, while at the same time, make it sound like development on the greenbelt will have no impact on the environment. Please be respectful of your future generations and the horrors they are likely to face due because of the decisions you make today without consideration for long-term impacts this will have on the environment.\n"
    },
    "62876": {
        "url": "/comment/62876",
        "comment": "Any development expansion into the Greenbelt should absolutely NOT occur. Building homes into the Greenbelt would destroy valuable and irreplaceable wildlife ecosystems. You can not simply destroy these ecosystems and rebuild them somewhere else.\nOn top of that, we need to focus as a province on increasing population density within our existing cities and improving public transit. Urban sprawl is NOT sustainable, and even worse when it's destroying protected ecosystems.\nThe Greenbelt is a unique advantage that Ontario has. It benefits us economically through flood protection and tourism, environmentally through scientific study and carbon storage, and health-wise through clean air and water.\nAdditionally, the current government previously promised maintaining the protection of the Greenbelt. Election promises should NOT be broken.\n"
    },
    "62886": {
        "url": "/comment/62886",
        "comment": "The Greenbelt is a precious resource that cannot be recovered once it has been destroyed to create more suburbs.  The current housing issues can be addressed through zoning changes and the building of denser housing.  This also creates better access and ease of use for public transit and reduces the need to cars on the road.  More sprawl is not the answer to our housing crises, smarter, denser, shared use neighbourhoods are.  We're already sprinting head first into a climate emergency, there's no need to accelerate it.\n"
    },
    "62888": {
        "url": "/comment/62888",
        "comment": "I am adamantly opposed to any amendments to the Greenbelt boundaries. I fear that this creates an opportunity for developers to further lobby the government for protected land in the future. I understand the need for affordable housing but we need to build vertically and densely in areas that are along established public transit corridors.\n"
    },
    "62900": {
        "url": "/comment/62900",
        "comment": "Development of the green belt categorically erodes Ontario\u2019s ability to mitigate the effects of climate change. It will harm biodiversity and sets a dangerous precedent that future generations will lament for years to come. The government should be prioritizing these spaces and preserving them as important natural spaces.\n"
    },
    "62906": {
        "url": "/comment/62906",
        "comment": "I sincerely urge you to look up on environmental geography and why the green belt is vitally important to the continued prosperity of this province and Canada in general. This is the stupidest thing I've ever heard and based on what has been done in the US when regulators stuck their heads in the sand it's the people who end up paying for these stupid mistakes\n"
    },
    "62908": {
        "url": "/comment/62908",
        "comment": "those greenbelt are very important to the echo system, and most of the location is not far from GTA, which provide easy day trip for GTA and local resident to access the trails in those greenbelts. The new proposed greenbelt is too far away from GTA. For housing purpose, there are other lands(e.g. form lands) on north of GTA which can be considered.\n"
    },
    "62909": {
        "url": "/comment/62909",
        "comment": "Please, leave the Green Belt alone. Many Cities have plans on infilling open areas in the boundaries. Nobody needs the provincial governments hatred of green spaces to force out our farmlands and forests. These new houses that are planning to be built will not be affordable anyways. This is purely a play that builders have influenced the province to let them build more to make more. Leave cities alone.. could the provincial gov stop w the power trip!\n"
    },
    "62916": {
        "url": "/comment/62916",
        "comment": "The Greenbelt is a unique advantage that Ontario holds. It benefits Ontarians economically through food protection and tourism, safeguards the vital resources that clean our air and water, reduces our flood risks, provides a home for wildlife, and ensures our communities have greenspace to explore. Any attempt to remove or redesignate this land is detrimental for all Ontarians. This proposal promotes danger by breaking up systems that are critical to the Greenbelt\u2019s success. To go forward with this proposal is to damage the entirety of the Greenbelt and to damage climate and economic prosperity for all future generations.\nFurthermore, Premier Ford promised to maintain the Greenbelt in its entirety. In 2020 he said in the legislature: \u201cI have not touched the Greenbelt, we won\u2019t touch the Greenbelt, we won\u2019t build on the Greenbelt.\u201d This proposal is contradictory to this promise and to move forward with this proposal is proof that this government does not keep its promises.\nThis land need to be protected at all costs and I strongly oppose this proposal.\n"
    },
    "62924": {
        "url": "/comment/62924",
        "comment": "The Greenbelt consists of many ecologically significant areas including wetlands, grasslands, and forests, as well as prime agricultural lands. These ecosystems, wetlands in particular, are extremely important for biodiversity, water filtration, carbon sequestration, and erosion prevention. Now more than ever due to the climate crisis, these things are important.\nThere are much better ways to fix the housing crisis that do not involve building on ecologically significant areas. See the Uof T study linked.\nThis amendment does not properly value the role the Greenbelt plays in maintaining safe and healthy communities!\n"
    }
}