{
    "69823": {
        "url": "/comment/69823",
        "comment": "I urge the Premier to:\nwithdraw the plan to remove lands from the Greenbelt;\nget on with a meaningful Greenbelt expansion that reflects public input - repeatedly promised but never delivered by the Ford government;\nfollow the advice of the government\u2019s own Ontario Affordable Housing Task Force and focus efforts on developing affordable housing on lands that have already been designated for development and have the necessary infrastructure in place. As the Housing Task Force noted, there is plenty of land within urban areas ready for development.\nM Rowlands\n"
    },
    "69857": {
        "url": "/comment/69857",
        "comment": "The removal of lands from the Greenbelt should not happen. Doug Ford promised not to touch the Greenbelt back in 2018, and this proposed amendment flies directly in the face of that promise. Adding other lands does not conserve the biodiversity and ecological importance of the lands that would be removed; that's not how the environment works.\nI am fully supportive of additional housing and consider myself very much a YIMBY, but this is not the way to improve our housing needs. The Province's own report from earlier this year noted that lack of land is not the issue!  Instead we should be focused on densifying the land we already have, as too much of the GTHA is zoned exclusively for single family homes. We need innovative planning changes, which includes some of the changes proposed by the More Homes Built Faster Act, but this involving Greenbelt Lands is not one of them. We especially need bold planning changes in a climate emergency. Protect the Greenbelt, don't destroy it.\n"
    },
    "69913": {
        "url": "/comment/69913",
        "comment": "This proposal is an unnecessary expenditure that not only jeopardizes the future of the province for young people such as myself, but is also an unproductive move that ignores the many better options for accomplishing the supposed goals listed here (like reworking many of the urban spaces abandoned now due to work from home models taking off). This benefits private interests while sapping from Ontarians\u2019 common goods.\n"
    },
    "69922": {
        "url": "/comment/69922",
        "comment": "Opening elements of the Greenbelt to construction will greatly weaken environmental protection in Ontario, allowing construction on valuable farmland, and on wetlands vitally need to manage water and prevent expensive floods.\nFor the Greenbelt to be able to carry out its purpose to protect water resource systems, the agricultural systems and other natural systems, it must remain a single connected area. Breaking it up into smaller areas due to construction while adding random areas of land to it will defeat its purpose.\nWhile constructing new homes is important, they need to be built where existing infrastructure exists, increasing density and protecting against sprawl. Current plans to open the Greenbelt would instead commit Ontario to decades more low-density sprawl, which is ultimately less affordable, more ecologically damaging, and less economically viable.\nI firmly oppose opening the Greenbelt. There are better ways to meeting Ontario's housing needs then extending sprawl over it.\n"
    },
    "69924": {
        "url": "/comment/69924",
        "comment": "I take issue with many of the proposed changes to the omnibus bill, Bill 23, More Homes Built Faster Act, 2022 as they relate to the protection of natural heritage resources and agriculturally important lands for current and future generations.  These efforts will turn back efforts made over many decades to ensure we preserve the lands needed to support healthy and sustainable communities.  Everyone DOES deserve a place to live but not at the cost of the environment and food sustainability.\nFood security and protection of spaces that support and protect local farming are more important than ever and many areas in Canada actively work toward ensuring local access to food. Local access reduces environmental impacts of relying on long distance transport of food, while reducing prices and increasing food security.\nOur government should be a leader in the protection of our agricultural resources, especially in the large urban areas of southern Ontario where they are in limited supply and at the mercy of being consumed for housing as land values soar. We expect our elected representatives to be forward thinking to ensure we are building sustainable communities that can withstand the test of time, including a changing climate and changing economy.\nBill 23 lumps together a significant number of changes that impact green space, natural areas and agricultural lands which limits the ability for public consultation and ultimately harms our democracy.  We have a vested interest to protect these spaces as much as reasonably possible not only for our immediate concern, but also for future generations.  I hope this government will reflect upon these comments, and those being put forth by others, and make changes to this legislation so that protections of agricultural lands are not weakened under the guise of affordable housing.  Making housing affordable should be a priority, absolutely, but not at the expense of our food security, local food production and the jobs that rely on it.\n"
    },
    "69987": {
        "url": "/comment/69987",
        "comment": "Yet again the government is only thinking about their current term, and a re-election for the next term. Ontario needs affordable housing but should be doing this in the current confines of existing residential and mixed use spaces. We should be taxing unoccupied homes, looking into some sort of control for the ridiculous surplus of short term rentals, and building up. Opening up some of our most sensitive lands for development is something that should be considered when all other viable options have been explored, and reported on. They haven't been yet.\nIt's not just the issue of building homes, but the cumulative impact of bringing in resources to this area and the destruction of some of Ontario's prime agricultural and ecological lands.\nI hope the government receives a lot of resistance on this and recognizes that it is not for the people or for the environment.\n"
    },
    "69997": {
        "url": "/comment/69997",
        "comment": "Preserve the Greenbelt\nThe Greenbelt is a vital part of the Greater Toronto Area and must be protected and preserved. Once it is paved over there is no turning back. Destroying land in the Greenbelt will endanger the animals that live there, will make flooding worse, will contribute to increased air pollution and climate change, and will negatively impact the health and wellbeing of all who live around it.\nMy personal experience is with the eastern front of the Greenbelt in Pickering that you plan to sell off to developers to destroy. My family lives right on the edge and we often go walking through it and see deer, herons, foxes, turkeys, and all types of wildlife. To loose this biodiversity and natural habitat would be devastating. I fear so much that the Ontario my children will grow up in will be a smoggy concrete hell hole owned by greedy developers. It is unconscionable that in a time when climate change and health should be our top priorities that this government is looking for ways to profit from bad policy that goes against these priorities.\nYou are changing Ontario\u2019s landscape forever for the worst and we will all suffer long term because of it. You were not given the mandate to enact legislation like Bill 23.  There was no talk of selling off the Greenbelt in the election, in fact there were (hollow) promises to preserve it. You have a majority government but have no where close the support of the majority of Ontarians. This is a decision that should be made by Ontarians and we did not vote for the Greenbelt to be paved.\nI understand that there is a need to build more houses and quickly, but every expert panel has suggested selling off the Greenbelt is not needed to do so, and using existing properly zoned land with multipurpose development would meet our needs for housing. We need to use the resources we already have more wisely and this Government needs to prove it has explored all options until irreversibly taking any land away from the Greenbelt. And please do not promote the plan to add existing greenspace that wasn\u2019t planned to be developed anyways into the Greenbelt as a benefit of this legislation \u2013 we need to keep the little green space we have near our urban centres intact.\nPlease put a stop to Bill 23 and engage in proper, meaningful public consultation before destroying Ontario.\nThank you,\nAdam\nPickering, ON\n"
    },
    "70012": {
        "url": "/comment/70012",
        "comment": "I urge the Premier to;\n- withdraw the plan to remove lands from the Greenbelt;\n- follow through with a meaningful Greenbelt expansion that reflects public input - promised but not delivered by the Ford government\n- follow the advice of the government's own Ontario Affordable Housing Task Force and focus efforts on developing affordable housing on lands that have already been designated for development and have the necessary infrastructure in place. As the Housing Task Force noted, there is plenty of land within urban areas ready for development.\nPlease stop urban sprawl and preserve the Greenbelt for future generations!\n"
    },
    "70080": {
        "url": "/comment/70080",
        "comment": "I am writing to express my opposition to developing the Greenbelt for housing.\nAs a provincially licensed engineer and an environmental professional, I have a strong understanding of the role of natural areas, particularly wetlands, as well as the damage their erosion and removal can cause. Once these areas are gone, they cannot be restored. The Greenbelt in particular is crucial to reducing temperatures in cities such as Toronto, temperatures which have already been increasing year after year.\nIn the face of unprecedented and accelerating biodiversity loss and the ever-worsening climate crisis, it is vital that the Ontario government do its utmost to protect the farmland, wetlands, forests, rivers and other natural areas that sustain us. As Ontario\u2019s Housing Affordability Task Force explained in its 2022 report, we do not need to sacrifice environmental protection to address the housing crisis. That\u2019s because \u201ca shortage of land isn\u2019t the cause of the problem.\u201d (p.10) There is a vast supply of land already open for development within existing municipal settlement boundaries.\nSacrificing the Greenbelt to build large \"luxury\" single-family homes is not an appropriate solution to the housing crisis. This is not the kind of housing that is needed, and it will cost cities, the province, and ultimately the taxpayer a lot of money. As a province we need to be focusing on affordable housing, near transit and workplaces, rather than single family homes in a car-dependent suburban desert.\nThere are many other potential solutions to this housing crisis which can and should be explored, such as:\n1.\tRepurposing empty office buildings as low-income housing,\n2.\tBuilding more reasonably priced housing than \"luxury\" homes and condos, and\n3.\tChanging zoning requirements to allow for medium-density housing in areas currently zoned only for single-family homes.\nI encourage you to look into Strong Towns, an urban planning movement which has also done financial analysis of several American cities, as well as a few Canadian cities, to see the impact of types of housing development on a city's budget. Car-dependent suburbs consisting of single-family homes cost cities money in every case, and must be subsidized by high-density downtowns to prevent cities from going bankrupt. The urban planning YouTube channel Not Just Bikes has an excellent series of videos discussing these suburbs and their cost.\nThe removal of land from the Greenbelt will have consequences beyond climate impacts and the loss of biodiversity. The loss of farmland will only deepen Ontario's dependence on imported food, which will hit consumers harder and harder as the price of fuel increases and import costs go up, not to mention threaten the livelihood of our province's farmers. The loss of wetland will result in increased flooding risks, especially for homes built on these areas.\nI urge you to withdraw all amendments likely to weaken the protection of farmland and natural heritage in Ontario, and strengthen protections for the Greenbelt rather than weaken them.\n"
    },
    "70097": {
        "url": "/comment/70097",
        "comment": "According to this proposal to amend the Greenbelt Area boundary, parcels of land will be removed from the Greenbelt Area to support the \u201c[provincial government\u2019s] municipal partners to plan for responsible growth and help build housing faster \u2026 while leading to an overall expansion of the Greenbelt.\u201d\nFirst of all, the Greenbelt Plan is supposed to provide permanent protection to the agricultural land base and the ecological and hydrological features, areas, and functions within the Greater Golden Horseshoe and beyond. Removing lands from protection sends a clear message that such protection is NOT permanent, therefore setting a precedent that endangers the rest of the Greenbelt. \u201cVaughan Councillor Marilyn Iafrate \u2026 has received calls from developers who own land elsewhere in the Greenbelt looking for municipal support to open up their properties as well: \u2018Every single landowner with Greenbelt land will start lobbying the government. And we will see more of this.\u2019\u201d (Toronto Star, Nov. 17, 2022)\nAccording to Environmental Defence, the provincial government reviewed current Greenbelt boundaries in 2017 as part of a required 10 year review. They received over 650 requests from developer landowners to remove land from the Greenbelt. With the exception of minor adjustments made to correct mapping errors, these requests were denied because approval would have resulted in islands of development within the Greenbelt. These islands (new subdivisions) would require roads, sewers, water etc. which would create a spider web of development through remaining protected land. They would also negatively impact wildlife and forest habitats, and bring urban development closer to agricultural land with potentially disastrous results (remember Walkerton?).\nThe provincial government defends the removal of these lands by saying that it will do a land swap by adding land from another area and increasing the overall size of the Greenbelt. In addition to the point above, many of the proposed additions are already protected, thus are being double counted. And what is the mechanism for comparing the lands being removed and the lands being added? Are they of equal value? And how does one relocate, for example, a wetland?\nAccording to the Greenbelt Act, when seeking amendments, consultation is required with municipalities, conservation authorities, the general public, and Indigenous groups. The timeframe is very short, especially considering municipal elections have only recently taken place with some councils not yet sworn in, so supporting their \u201cmunicipal partners to plan for responsible growth\u201d seems a bit disingenuous to me, as does consulting with conservation authorities (refer to Bill 23, which seeks to strip CAs of their power).\nFinally, The Housing Affordability Task Force report, commissioned by the provincial government, states that, \u201ca shortage of land isn\u2019t \u2026 the problem. Land is available, both inside existing built-up areas and on developed land outside the greenbelts.\u201d Housing can still be built within existing urban boundaries, and on the thousands of acres of land already designated for development,  without sacrificing the Greenbelt, which was established in 2005 to preserve farmland, protect environmentally sensitive areas, and rein in GTHA sprawl. I fear that this is the beginning of the end for the Greenbelt, and an early Christmas present (complete with \u2018parcels\u2019) for several developers, some of whom have as recently as two months ago made significant purchases of Greenbelt land.\nI strongly object to any changes to the boundaries of this precious, irreplaceable resource.\n"
    },
    "70107": {
        "url": "/comment/70107",
        "comment": "Please - I implore you to have better strategic foresight than to worsen our climate change crisis with a proposal that only pretends to sustainably resolve our housing crisis. These 'proposed' actions from our government hold strong anti-democratic and anti-environmental implications of deep concern.\nThe proposal carves 7,400 acres out of the Greenbelt for development - with an unfounded excuse that these lands are need for housing.\nThe amount of land already zoned and ready for development within existing municipal settlement boundaries far exceeds what is needed to meet long-range housing targets. That includes 88,000 acres within the Greater Toronto and Hamilton Area alone. This is a direction promise broken by this government to protect the Greenbelt, and strips conservation authorities and municipalities of their voices being heard. These 'houses for the future' are paying developers today while critically endangering our collective futures. There is nothing strategy, thought-out or sustainable about these proposed amendments - all under the veneer of supporting housing that no will be able to afford. If we were truly motivated by providing housing we should focus on sustainable, affordable housing instead of stripping our lands, our globe in the face of a massive climate change crisis all for the benefit of short-sighted, greedy developers.\nAccording to Ontario\u2019s Housing Affordability Task Force, \u201ca shortage of land isn\u2019t the cause of the problem \u2026 land is available.\u201d The Task Force further advised that \u201cGreenbelts and other environmentally sensitive areas must be protected, and farms provide food and food security. Relying too heavily on undeveloped land would whittle away too much of the already small share of land devoted to agriculture.\u201d\nThe proposed removal of Greenbelt lands sets an alarming precedent, opening the Greenbelt to development at the request of those who stand to reap immense profits \u2013 and at the expense of the rest of us. Stripping these 7,400 acres of protection would unleash a firestorm of land speculation and development pressures across the entire Greenbelt.\nMost of the lands to be removed from the Greenbelt (10 of the 14 areas shown on the maps) overlap with the Natural Heritage System, which supports \u201cthe highest concentration of the most sensitive and/or significant natural features and functions\u201d and is meant to be managed \u201cas a connected and integrated natural heritage system, given the functional inter-relationships between them.\u201d What an outrage! And all of these 'proposed' changes are swept under the rug and not available for public discourse - in fact the opposite, where critical conservation authorities and community voices are being muzzled to make way for developers and this government's short-sighted greed. Are you not there for the best interests of Ontarians today and for the future? Nothing about removing lands which also overlap with our Natural Heritage System says 'consideration for our communities'.\nAnd finally, regarding the detrimental and incredibly damaging proposal to remove lands from the Greenbelt and arbitrarily add 9,400 acres. Some of the proposed replacement lands are already off limits for development (e.g., publicly owned lands designated as municipal parks and open space). Further, these lands were already part of the government\u2019s previous Greenbelt expansion proposals \u2013 the Paris-Galt Moraine in 2021 and the Urban River Valleys in 2022. Those proposals went nowhere, despite great fanfare at the time. NOWHERE. And now, the government is dusting them off to soften the blow of removing lands from the Greenbelt. This is ludicrous and unethical!\nI absolutely oppose these proposals to devastate our local ecosystems and pay out to developers with no intention of sustainably solving our housing crisis - only contribute to our climate change crisis.\n"
    },
    "70128": {
        "url": "/comment/70128",
        "comment": "Strongly disagree with the anti-democratic and anti-environmental implications of these 'proposed amendments'.\nThe proposal carves 7,400 acres out of the Greenbelt for development - with an unfounded excuse that these lands are need for housing.\nThe amount of land already zoned and ready for development within existing municipal settlement boundaries far exceeds what is needed to meet long-range housing targets. That includes 88,000 acres within the Greater Toronto and Hamilton Area alone. This is a direction promise broken by this government to protect the Greenbelt, and strips conservation authorities and municipalities of their voices being heard. These 'houses for the future' are paying developers today while critically endangering our collective futures. There is nothing strategy, thought-out or sustainable about these proposed amendments - all under the veneer of supporting housing that no will be able to afford. If we were truly motivated by providing housing we should focus on sustainable, affordable housing instead of stripping our lands, our globe in the face of a massive climate change crisis all for the benefit of short-sighted, greedy developers.\nAccording to Ontario\u2019s Housing Affordability Task Force, \u201ca shortage of land isn\u2019t the cause of the problem \u2026 land is available.\u201d The Task Force further advised that \u201cGreenbelts and other environmentally sensitive areas must be protected, and farms provide food and food security. Relying too heavily on undeveloped land would whittle away too much of the already small share of land devoted to agriculture.\u201d\nThe proposed removal of Greenbelt lands sets an alarming precedent, opening the Greenbelt to development at the request of those who stand to reap immense profits \u2013 and at the expense of the rest of us. Stripping these 7,400 acres of protection would unleash a firestorm of land speculation and development pressures across the entire Greenbelt.\nMost of the lands to be removed from the Greenbelt (10 of the 14 areas shown on the maps) overlap with the Natural Heritage System, which supports \u201cthe highest concentration of the most sensitive and/or significant natural features and functions\u201d and is meant to be managed \u201cas a connected and integrated natural heritage system, given the functional inter-relationships between them.\u201d What an outrage! And all of these 'proposed' changes are swept under the rug and not available for public discourse - in fact the opposite, where critical conservation authorities and community voices are being muzzled to make way for developers and this government's short-sighted greed. Are you not there for the best interests of Ontarians today and for the future? Nothing about removing lands which also overlap with our Natural Heritage System says 'consideration for our communities'.\nAnd finally, regarding the detrimental and incredibly damaging proposal to remove lands from the Greenbelt and arbitrarily add 9,400 acres. Some of the proposed replacement lands are already off limits for development (e.g., publicly owned lands designated as municipal parks and open space). Further, these lands were already part of the government\u2019s previous Greenbelt expansion proposals \u2013 the Paris-Galt Moraine in 2021 and the Urban River Valleys in 2022. Those proposals went nowhere, despite great fanfare at the time. NOWHERE. And now, the government is dusting them off to soften the blow of removing lands from the Greenbelt. This is ludicrous and unethical!\nI absolutely oppose these proposals to devastate our local ecosystems and pay out to developers with no intention of sustainably solving our housing crisis - only contribute to our climate change crisis.\n"
    },
    "70138": {
        "url": "/comment/70138",
        "comment": "I'm extremely dissapointed in the province's move to walk back on the previous decision to protect the Greenbelt and propose to overrule the city of Hamilton's decision to stay within it's current boundaries. I disagree with the provinces decision to allow the destruction of marshlands to fill them by building sprawling subdivisions but protecting a golf course instead. Mr. Ford and his Ontario government has done everything to line the pockets and grant favours to his builder supporters but thought nothing about the problems city face in maintaining their aging infrastructure as well as allowing them to make decisions that are right for them regarding housing. It feels like no research has been conducted regarding what the needs of our population is for housing and his ideas are narrow and short sighted. Below are some points to support my reflections and comments that should be counted as opposition to his current plans for the Greenbelt and Hamilton.\n1. Your government's move to gut the Conservation Authorities' role in environmental protection in the name of the \u201curgent\u201d need for housing is bogus, specious, and nothing more than a smoke screen to disguise your government's intent to reward political allies in property development \u2013 and at any expense to the citizens of this province.\n2. In Hamilton, as in virtually any other Ontario urban centre, there is plenty of underused and unused space within the urban boundaries without constructing one more building on protected and/or agricultural land.\n3. Building lavish homes on monster lots on protected and/or agricultural land risks our country's food security for generations to come. Developed land cannot be made agricultural again.\n4. Minister's Zoning Orders that seek to end-run critical wetlands protection is not only stupid, it is dangerous, risking as it does ongoing flood protections managed by the Conservation Authorities.\n5. Building sparsely spaced home tracts on protected and/or agricultural land will require massive infrastructure systems that must ultimately be paid for through municipal taxation. The sparsity of homes on these ruined lands will NOT COVER THE COST of this infrastructure over time. The mathematics reveal the plan to be unsustainable both financially and environmentally.\n6. Building sparsely spaced home tracts on protected and/or agricultural land will do NOTHING for the most urgent needs for housing, which exist almost exclusively in the urban centres. Those who are currently poorly housed, homeless, and those who are financially challenged to break into home-ownership will remain exactly in the same disadvantaged position.\nCorollary to cancelling this regulatory change, I formally register my objection to opening the Greenbelt up for any manner of development. I also object in the strongest possible terms to pushing out Hamilton's urban boundaries into precious and irreplaceable agricultural land. \"\n"
    },
    "70192": {
        "url": "/comment/70192",
        "comment": "As currently written, this amendment would be a disaster for Ontario and for the future of our children. As the climate crisis worsens, wetlands are essential to stave off expensive floods, and farmland is increasingly valuable - yet this amendment would decimate both.\nWe badly need to build more homes quickly - but they need to be built where existing infrastructure exists, increasing density and protecting against sprawl. This amendment would instead commit Ontario to decades more low-density sprawl, which is ultimately less affordable, more ecologically damaging, and less economically viable.\nIt is difficult to understand, and deeply concerning, that this proposal seems to avoid useful measures while instead prioritizing short-term pillaging of essential protected lands. Frankly, the legislation as written is irredeemable, and I urge the committee to do all it can to scrap it and start over. We need to do better for our communities, and this is not the way. Please think of the long term implications this will have. Listen to the scientists, listen to the people.\n"
    },
    "70193": {
        "url": "/comment/70193",
        "comment": "As currently written, this amendment would be a disaster for Ontario and for the future of our children. As the climate crisis worsens, wetlands are essential to stave off expensive floods, and farmland is increasingly valuable - yet this amendment would decimate both.\nWe badly need to build more homes quickly - but they need to be built where existing infrastructure exists, increasing density and protecting against sprawl. This amendment would instead commit Ontario to decades more low-density sprawl, which is ultimately less affordable, more ecologically damaging, and less economically viable.\nIt is difficult to understand, and deeply concerning, that this proposal seems to avoid useful measures while instead prioritizing short-term pillaging of essential protected lands. Frankly, the legislation as written is irredeemable, and I urge the committee to do all it can to scrap it and start over. We need to do better for our communities, and this is not the way. Please think of the long term implications this will have. Listen to the scientists, listen to the people.\n"
    },
    "70194": {
        "url": "/comment/70194",
        "comment": "taking away the review and commenting authority of conservation authorities is a dangerous step backwards to our 1960s/1970s era of planning. The whole point of conservation authorities is to protect the natural environment and urban infrastructure from natural hazards through planning and management of a watershed. If you take away their ability to do this than what is the point of them. Municipalities do not have the technical skill to pick up this slack. Building homes faster should not come at the expense of proper planning and due diligence. Many areas of the province already have flooding issues that will get even worse with climate change. We need stricter rules regarding construction around floodplains, wetlands, and other natural features to avoid the mistakes of the past and the millions of dollars of damage they cause every year. Wetlands deserve protection as they have huge benefits to cities and the environment through flood mitigation, carbon sequestration, erosion control, climate regulation, not to mention the positive benefit to wildlife. Developers should be required to plan construction with our shared future in mind. We need development, but it must be done in a way that protects the natural environment and its function, as well as protecting said developments from future climate catastrophes and damages. The provincial government promised to protect greenbelt lands and to not remove any part of it. Removing sections at will because youd like to build there is ridiculous. You cant just take a piece away and add it somewhere else, that defeats the point of having it protected in the first place. agriculture and natural lands are critically important to ontario and must be left intact. This bill is ripe with issues, too numerous to count. it requires heavy revision and increased public and private sector consultation.\n"
    },
    "70227": {
        "url": "/comment/70227",
        "comment": "Do Not build on the green belt. There are better ways to make affordable housing, like higher density housing, such as apartments or condos. These will also be more affordable for people to buy and maintain, without having to destroy a sacred ecosystem. The ontario Greenbelt is essential to the environmental stability of the entire province.\nAside from all of this, the 413 wouldn\u2019t even do much\u2014just an estimated 30-60 seconds shaved off of commute times.\nNo one wants this. No one needs this. There is no reason to cut into the greenbelt. Do Not do it.\n"
    },
    "70341": {
        "url": "/comment/70341",
        "comment": "I am extremely saddened to know that we are taking away more natural space to accommodate urban expansion. Each year we lose more and more natural spaces that will never come back. It's like we are in a fight against nature to exploit and expand as much as possible regardless of the fact that it is to our own detriment.\nWith the climate crisis at the forefront of many issues, it is surprising to me that we are adding more homes with black roofs that increase heat absorption even more and take away green space that actually helps fight climate change. I feel this government is completely backwards in its ability to look towards the future and the countless numbers of people this expansion will affect, not even taking into account the species that have to move farther away from their sources of food and territory.\nIt saddens me that our only way to create more houses lines the pockets of large construction companies and the government yet exploits the beautiful land that makes up southern Ontario. Why can we not look to Europe and how they build eco and passive homes that accommodate nature and at the same time assist with overall increased mental wellbeing.\nI hope someone with heart that can read this and think of the future of their children and grandchild and how decisions today can have negative impacts on them tomorrow.\n"
    }
}