{
    "75161": {
        "url": "/comment/75161",
        "comment": "Thank you for responding to the initial inquiry.  Your standard form(canned) letter seems to have unfortunately not addressed a few critical areas:\n1) the increased tax impact on existing residents required to subsidize developer fees.\n2) the rational to substantiate the complete reversal on Doug Ford\u2019s promise not to build in the green belt areas.\n3) an exhaustive analysis on existing land space and why this cannot be used to build a mix of alternative housing options as opposed to large single family homes.\n"
    },
    "75167": {
        "url": "/comment/75167",
        "comment": "I am 100 percent against the use of protected green belt lands to build any type of housing. There are many areas that could be built upon that will not harm our ecosystem. I will not support a Conservative government going forward if this plan moves forward. I also support the Green parties desire for an investigation into the sale of this land, with the ethics committee.\n"
    },
    "75251": {
        "url": "/comment/75251",
        "comment": "If the province is expecting 2,000,000 people in growth why are you suggesting to build 50,000 homes? That is 40 people per house. How are you going to ensure there is density for that many people?\nWhy aren't you proposing building in Northumberland County where there is more space? There are already too many people in the Golden Horseshoe watershed. Why not Sudbury or Thunder Bay?\nMost of the endangered species in Ontario are dependent on the Green Belt staying as it is. You might cause the extinction of many reptiles and amphibians and plants with this limited view of where development can go.\n"
    },
    "75289": {
        "url": "/comment/75289",
        "comment": "Building on the protected Green Belt is the worse decision.  All MPPs at Queen\u2019s Park should vote \u201cNO\u201d if they have a conscience and morals.\nI hope you all understand what this means to our future generations!  Once you leave office, you will live with the consequences of your actions and vote.  We don\u2019t need a \u201cYES PERSON\u201d, we need people with COMMON SENSE working for us at Queen\u2019s Park!  Do the right thing!\nThe Green Belt isn\u2019t a Money Belt, it\u2019s our environment that\u2019s at risk here.  No amount of money is worth risking our future and our kids future.\nI sure hope that some will come to realize that it\u2019s ok to vote against Doug Ford.  He won\u2019t be there for you once you leave office!\n"
    },
    "75290": {
        "url": "/comment/75290",
        "comment": "Building on the protected Green Belt is the worse decision.  All MPPs at Queen\u2019s Park should vote \u201cNO\u201d if they have a conscience and morals.\nI hope you all understand what this means to our future generations!  Once you leave office, you will live with the consequences of your actions and vote.  We don\u2019t need a \u201cYES PERSON\u201d, we need people with COMMON SENSE working for us at Queen\u2019s Park!  Do the right thing!\nThe Green Belt isn\u2019t a Money Belt, it\u2019s our environment that\u2019s at risk here.  No amount of money is worth risking our future and our kids future.\nI sure hope that some will come to realize that it\u2019s ok to vote against Doug Ford.  He won\u2019t be there for you once you leave office!\n"
    },
    "75306": {
        "url": "/comment/75306",
        "comment": "Developing the Greenbelt is not an acceptable course of action to meet housing demands. The Greenbelt is needed to support feeding the influx of people as well as to mitigate the potential risks to the GTA and surrounding communities associated with climate change. The Greenbelt features prime agricultural land that does not exist elsewhere in the province. We are already losing prime agricultural land daily. With the cost of living soaring, I do not wish to pay to import food that we have been growing ourselves for centuries. The more the land is developed, the more the control over our food production is lost. A line needs to be drawn and to remain. The protection of the Greenbelt cannot be eroded.\nThe Greenbelt is the headwaters of the GTA. Any further development puts the health of our natural ecosystems that supports our access to safe, clean water at risk. It also provides a carbon sink providing economic, environmental, and health benefits to surrounding communities.I believe the economic value of the greenbelt as a carbon sink has been found to equate approximately $10.7 billion per year. On the brink of global climate disaster, I do not understand how development of this protective resource can be justified.\nThe Greenbelt has been preserved thus far for many reasons well supported by evidence. If we divide it up and give it away to developers it can no longer serve us the way we need it to. To develop any of this land has been proven to be detrimental on many levels. It simply cannot be defended.\nOnce the land is developed, it will be up to the taxpayer to maintain it. This will not achieve the intended goal of adding affordable housing. What it will do is raise the cost of living for all of us. Finally, if not most importantly, the reason for developing the Greenbelt is a lie. To quote Ontario Nature, \"As you know, in its 2022 report, Ontario's Housing Affordability Task Force stated that a shortage of land isn't the cause of Ontario's housing problem and that Greenbelts, environmentally sensitive areas and farmland must be protected.\"\nI completely object to the development plans and actions regarding the Greenbelt. I believe the environmental concerns warrant more accountability from the current government to its citizens. There is a need for sustainable, long term planning that addresses how we might safeguard our communities from advancing climate change and food and water crises rather than rushed, mismanaged, and destructive growth. It needs to put the health of the environment and its people first rather than irresponsibly adhering to its own self-interested agendas.\n"
    },
    "75335": {
        "url": "/comment/75335",
        "comment": "Absolutely disgusting that the government is even contemplating this. Surely this will fall on deaf ears as the Conservative Party doesn't listen unless they are being bribed to do so but the vast majority of Ontarians agree that this discussion should not even be taking place.\nShame on you all.\n"
    },
    "75390": {
        "url": "/comment/75390",
        "comment": "This ERO should be repealed.\nThere should be no lands removed from the Green Belt as it has been since 2005. I mentioned the reasons in my submission to ERO19-6216.\nThe \"pay to slay\" option is being re-used in a new format, that plans to remove lands that have been protected because of their value in wetlands to purify water/prevent flooding,  and promoting biodiversity etc., and replace them with Paris-Galt Moraine and Urban River Valley lands , some of which are already protected from development (e.g., publicly owned lands designated as municipal parks and open space). These additional lands were proposed earlier in 2021 and 2022 by  the government (but never materialized), but are now offered as a \"sweetener\" in the deal. I don't buy it.\nThe swapping of  plots of land targeted for development destroys the permanence and certainty required for any part of the Greenbelt to function properly.\nThe boundaries of the Green Belt should not be shrunk at all, and this ERO removed.\n"
    },
    "75393": {
        "url": "/comment/75393",
        "comment": "Keep your promise and keep the Greenbelt green! Developers can and should come up with innovative building solutions within the city to utilize friendly walk score and decrease urban sprawl and related extra traffic, road maintenance and pollution. Use your imagination for better housing solutions, think about the future big picture.\n"
    },
    "75396": {
        "url": "/comment/75396",
        "comment": "150,000 homes or even more can be built using existing non-Greenbelt land.\nThis is nothing short of a money grab for developers who own relevant land and wish to become even more obscenely rich.\nIt has nothing to do with housing or affordability.\nOn the contrary in addition to destroying protected greenspace and farms that Ford promised to protect, it will increase the tax burden on homeowners by unacceptable amounts.\nThe cities have almost unanimously said no! This is not what we want. Time for the province to act responsibly and democratically and repeal Bill 23.\n"
    },
    "75401": {
        "url": "/comment/75401",
        "comment": "On behalf of Mr. Gabriel DeSantis, UrbanSolutions is pleased to submit the attached letter in support of further amendments to the Greenbelt Area boundary.\n"
    },
    "75411": {
        "url": "/comment/75411",
        "comment": "Ontario Citizens do not want the Greenbelt area to be reduced in any way.  This Greenbelt is protecting wildlife and is promoting human health.  Do not change the Greenbelt in any way.  It has already been reduced.\nWe must protect this incredibly important environmental area for all the future generations.\n"
    },
    "75421": {
        "url": "/comment/75421",
        "comment": "The whole point of the greenbelt was to discourage sprawl and encourage densification. This project does little to help the housing crisis compared to many better alternatives. This project will bring unnecessary costs to transportation and furthers the climate crisis. We need to look at how to get rid of cars and how to have the least amount of travel for goods and services. This project literally requires a whole new highway to be built (now we finally know why he decided to build an unnecessary highway in the middle of nowhere). Please stop throwing away our future so you can make a few bucks. The people are suffering, people are going hungry, people are dying in hospital waiting rooms. I work 3 jobs to afford to just get by. Meanwhile you are making shady deals with people that are rich and adding more money to your wealth. Please grow a heart and do what you were elected to do. Help the people\n"
    },
    "75458": {
        "url": "/comment/75458",
        "comment": "Ontario's Greenbelt was a very good decision and created for good reason. It protects the headwaters of rivers, wetlands, farm land and habitat. Its opening would be a terrible precedent.  We need to have soil, water, air, green space for flora, fauna and mental health. The Greenbelt helps with that.\nThis will not solve any affordable housing issues at all!\nThis is bald-faced corruption!\nWho borrows 50 million at 21 per cent interest without previous 'insider trading' information from Ontario politicians?\nThis is dangerous and undemocratic!\nKeep the Greenbelt intact, our water systems safe, our farmland protected, and make some real changes to bylaws, and get creative with increasing density and community building!\nClimate change is real and frightening and this would make matters even worse!\n"
    },
    "75462": {
        "url": "/comment/75462",
        "comment": "The proposed amendments to the Greenbelt Area boundary regulation are an egregious pandering to developers that damages protected land and habitat, and by many assessments will lead only to more unaffordable housing, not less.\n"
    },
    "75463": {
        "url": "/comment/75463",
        "comment": "Bill 23 needs to be repealed for 3 reasons:\n1. Removing Greenbelt space is bad for the environment which is in crisis now.\n2. Large homes on this space will not help the housing crisis.  Smaller affordable houses for purchase and rent will help this crisis.  There is enough land without using this valuable carbon sink.\n3. Ignoring municipal zoning laws and cutting the authority of Conservation Authorities to consider pollution and land conservation is CRIMINAL.\n"
    },
    "75465": {
        "url": "/comment/75465",
        "comment": "I am concerned about the environmental impact of opening up the green belt to developers. As well as the possible increase in taxes for residents in Markham.\nWe have enough housing in Ontario, the issue is it is not affordable.\nThe website attached covers in detail my (and many others') concerns.\n"
    }
}