{
    "63462": {
        "url": "/comment/63462",
        "comment": "The removal of this land is disgusting! Ford promised he wouldn\u2019t do so and instead is going back on his word. To destroy land that we need to prevent flooding and protect wildlife. There is no need to remove this land in order to build more housing and to blame it on immigration is immoral.\n"
    },
    "63471": {
        "url": "/comment/63471",
        "comment": "It\u2019s quite concerning to me, with in the midst of a climate crisis, but our elected officials are considering this damaging move. We already have houses/buildings in Ontario and elsewhere that sit empty with foreign investors and other owners. We don\u2019t need more homes, we need more affordable homes.\nThere is real estate outside of the Greenbelt area that would be suitable for housing development and the accompanying infrastructure. I\u2019m all for building more housing and appropriate infrastructure such as public transit; I think it would be great for the economy, and of course help with the housing crisis. But I urge you not to do this at the cost of existing Greenbelt area. I have travelled to many places that have much less of a tree canopy than  Southern \u2014 It\u2019s one of the first things I notice, and it always makes me so sad. If anything, we should be designated more green space and not taking it away from our already heavily populated areas. Trees are one of the few things that can save us right now!\n"
    },
    "63472": {
        "url": "/comment/63472",
        "comment": "I strongly disagree with the proposed changes to the Greenbelt Plan. The proposed dossier available does not address the housing issues in Toronto and the GTA nor housing affordability. Instead, the proposal prioritizes a growing economy above sustainability in our province, yet again. Greater questions for long term plans should also be considered.\n"
    },
    "63478": {
        "url": "/comment/63478",
        "comment": "Dear Ministry of Municipal Affairs and Housing:\nThank you for the opportunity to comment. I am not entirely clear on the difference between ERO 019-6216 and ERO 019-6217, so I am also providing a comment here. Apologies for any duplication.\nI oppose the proposed removal/redesignation of lands from the Greenbelt (ERO 019-6216, ERO 019-6217) for the following reasons:\n-\tIn this era of uncontrolled climate change, and with limited existing greenspace in the GTA, the Greenbelt provides a measure of resilience to Ontarians residing nearby and reduces costs (and taxes) for all Ontarians.\n-\tFor example, greenspaces have been shown to improve health. Access to greenspace would be great, but even if the greenspace is private, it is visible and more relaxing than seeing construction or subdivisions.\n-\tGreenspace helps absorb heat and rain, reducing \u201cheat island\u201d effects and flooding (or pressure on stormwater systems). In addition, it reduces the need for air conditioning and repairing damages from flooding which necessitate more resources and further contribute to greenhouse gases and climate change.\n-\tNearby farmland supports supply chain and resiliency of the area, rather than relying on land that is farther which also results in higher transportation costs.\n-\tIn short, the existing Greenbelt land is supporting health and the economy (supply chain resilience) and reducing climate change costs and emergencies that would ultimately be borne by Ontario taxpayers.\nBecause of these concerns, I find the proposed \u201ctrade\u201d (removing 7000 acres and designating 9400 acres of other land as part of the Greenbelt) insufficient, in particular:\n-\tThis amendment opens up land for development and removes greenspace but does not replace it with additional greenspace in similar locations (i.e. the land that is being added to the Greenbelt will stay in its existing condition; it is not land that was developed that is being restored back to a more natural state. If you would unpave 9400 acres of unused pavement and make it greenspace, that would be a better trade.) As such, I still have concerns about the diminished greenspace in the GTA that the Greenbelt protects.\n-\tYour proposal earlier this year (ERO 019-3136, ERO 019-4485) already considered adding land from the Paris Galt Moraine and Urban River Valleys (URVs). In particular, Phase 2 of designating URVs (in ERO 019-4485) specified that \u201cKey Principles for Expanding the Greenbelt identified in phase 1 were also applied. In particular, 1. No removal or land exchanges proposed \u2013 This proposal is about growing the size and quality of the Greenbelt, and the government will not consider the removal of any lands from the Greenbelt\u201d. The current proposal contradicts ERO 019-4485 and does not explain why land exchanges are proposed for the URVs. In addition, the Summary of Comments for ERO 019-3136 didn\u2019t seem to identify a need to trade the URVs and Paris Galt Moraine for proposed development areas elsewhere, so there is a lack of rationale and transparency as to how this is a relevant or compensatory trade.\n-\tMoreover, if the Paris Galt Moraine and URVs should be protected and added to the Greenbelt based on merit, then they should be added to the Greenbelt for that reason. There is no requirement to remove land in that process.\nFinally, I would like to raise alternatives.\n-\tOntario has a lot of land. There is no fundamental reason development needs to occur in the Greenbelt specifically.\n-\tOne could argue that previous or existing development policies and urban planning have not considered and addressed long-term needs. (Apparently we didn\u2019t plan and allocate land around the Greenbelt with a long-term view). However, continuing to make these same choices that got us here will not solve the underlying problem.\n-\tWhat happens when those 50,000 homes are inhabited and additional people want to move to the area? Do we keep carving up the Greenbelt to build large homes and subdivisions?\n-\tWhy is the rest of Ontario not a desirable place to live? How can we build healthy communities throughout Ontario while planning for long-term needs? Why do we need to build on GTA greenspace that is currently protected, that supports health, economic, and environmental resiliency, and whose loss would ultimately result in financial costs for residents of the GTA and Ontario?\nThank you for your time and attention. I hope that you will find alternate solutions to building homes that do not require removing protected Greenbelt land.\n"
    },
    "63489": {
        "url": "/comment/63489",
        "comment": "I do not agree with this proposal.\nWe cannot just continue to built on our green areas without consequence.\nWe need more housing but the proposed solution is exactly the way of doing things that got us into the mess in the first place.\nWe need less restrictions on areas already build up. Not further sprawl.\n"
    },
    "63519": {
        "url": "/comment/63519",
        "comment": "200% disagrees with this idea. We can have better immigration plan to ask newcomers live in other cities instead of living Ontario .\nAI plan should be useful here. Why we expend the tax on both different scenarios?? AI for intelligent immigration, on the other hand increase the area for building house??? We can focus on various housing type in Ontario.\nDo not destroy green area.\n"
    },
    "63597": {
        "url": "/comment/63597",
        "comment": "In a world suffering from carbon emissions from human activity, is it not hypocritical to our carbon emissions target to remove part of the Greenbelt, a space that helps absorb carbon emissions? In a world where mental health is increasingly on top of people's minds, is it not hypocritical to remove the main source of available support - nature?! In a world where numerous species are on the extinction lost, is it not hypocritical to remove the land which they reside on? Do better. Grow up, not out. Do not reduce the greenbelt boundaries.\n"
    },
    "63659": {
        "url": "/comment/63659",
        "comment": "The Greenbelt is protected land and should never be touched - as promised by the Conservative premier in 2018. Infill within existing municipal boundaries and clean up existing brownfield sites. Nobody needing affordable housing is going to move to the areas proposed for development, nor would they be able to afford the type of homes that would be built. Everyone knows that this is just a payoff to Ford\u2019s developer supporters. I\u2019ve never seen a government so filled with nepotism and it\u2019s disgusting to watch what they\u2019re doing to this province!\n"
    },
    "63671": {
        "url": "/comment/63671",
        "comment": "Absolutely not. This will do nothing to help the housing crisis and once this land is built on we will not get it back. You are already paving over sensitive ecological areas for a highway no one wants, isn't that enough harm for one government?\nBuild up not out. Densification is cheaper and better for cities and the environment.\nHow many promises made to the people of Ontario have you broken?\nEnough is enough, Doug.\n"
    },
    "63683": {
        "url": "/comment/63683",
        "comment": "Leave the Greenbelt alone. Build up, not out. The last thing we need in this province is more sprawl. Encourage human (not car) centred development. The climate crisis behooves us to move away from built environments that require significant expenditures of energy to do anything and everything. Build walkable communities that kids and seniors can safely navigate under their own power or via public transit.\nLeave. The. Greenbelt. Alone!\n"
    },
    "63684": {
        "url": "/comment/63684",
        "comment": "I was born and raised near the Greenbelt. Throughout my whole life (20 years), I've watched the Greenbelt age gracefully and allow for nature to grow. The Greenbelt creates habitats for nearby wildlife and it's trails provide an escape from the business of life. I've used it's trails to clear my head and enjoy the nature around us.\nI agree there's a housing crisis, however, cutting into the Greenbelt won't fix it. Additionally, the plan is to cut into small sections, but we all know that overtime we'll keep cutting bit by bit and the Greenbelt will be gone.\nThere are other opportunities to improve the housing crisis, such as refurbishing and renovating old buildings. Furthermore, the housing crisis isn't completely caused by lack of housing, rather the astronomical rent and purchase costs of living in Ontario.\nThere was a promise made that the government would leave the Greenbelt alone and they need to uphold that promise. There are alternatives to the housing crisis. It's not right for us (humans) to take more land from animals.\n"
    },
    "63688": {
        "url": "/comment/63688",
        "comment": "In May 2018, Premier Ford said: \u201cUnequivocally, we won\u2019t touch the Greenbelt [\u2026] people don\u2019t want me touching the Greenbelt.\u201d In June 2020, he said: \u201cWe\u2019re not going to touch the Greenbelt, I will never touch the Greenbelt.\u201d\nI ask you, Mr. Ford, DO. NOT. TOUCH. THE. GREENBELT. There are countless solutions to the housing crisis we have faced for years \u2014 none of which include touching an incredibly important and necessarily protected area.\n"
    },
    "63718": {
        "url": "/comment/63718",
        "comment": "The greenbelt should be protected lands. It is designated that way for a reason, and moving the boundaries sets a dangerous precedent for future changes to it.\nWe have the space in non-green belt lands to build more housing. We should be building more medium and high density housing (condos and town homes) in existing suburbs. I don't understand how designating more land for development will solve a housing crisis when the clear solution is increased densification in the GTA.\nSuburban sprawl must stop being the goto solution for housing development. Protected lands must remain protected.\n"
    },
    "63723": {
        "url": "/comment/63723",
        "comment": "I completely oppose this redesignation because it would not solve the affordable housing crisis \u2013 instead, it would undermine the whole point of the Greenbelt as permanent protection for important lands. It would also speed up urban sprawl, endanger an important water source, proceed without any legitimacy, enrich a few developers and worsen government opaqueness, leading to rising public distrust and suspicion. We must build affordable housing in existing settlements and near transit hubs. We must also protect the Paris Galt Moraine without sacrificing other valuable Greenbelt land, e.g. in the Oak Ridges Moraine.\nThe Greenbelt is supposed to provide permanent protection. That was the whole point of the law: to actually stop urban sprawl and encourage compact development, while protecting important farmland and natural features forever. But this proposal would roll up the Greenbelt on the GTA side, while expanding it on the outside of the belt. The net result would be a rolling movement of the Greenbelt outward. No land would be really protected, as the next crisis (housing, jobs, etc.) would push the Greenbelt outward again. Instead, the protection should be permanent. As with National and Provincial Parks, any additions to the Greenbelt must not be at the expense of removals.\nThe real housing crisis in Ontario is not the shortage of expensive single-family units in the far suburbs or rural areas. The real crisis is the lack of affordable housing near city centres and transit hubs. Yet this proposal does not require that the resulting housing be affordable. On the contrary \u2013 it would cause expensive and unaffordable urban sprawl.\nStudies show that there is enough land in existing designated settlement areas in Ontario to accommodate current and future populations. We need to ensure that currently designated lands are developed, not sacrifice protected lands to line the pockets of speculators.\nMoreover, one piece of natural land cannot be exchanged for another as if they were widgets. The Oak Ridges Moraine protects a vital water source for the GTA and provides irreplaceable habitat for wildlife. Protecting the Galt Moraine is valuable in itself, but it is wrong to lose protection for any other land in the process.\nFinally, the proposal lacks any legitimacy. There is no democratic mandate for this scheme - there was no mention of such trade-offs in the government\u2019s election platform. There is zero transparency on how any Greenbelt lands were chosen for redesignation \u2013 or who, exactly, chose them.\nThere is no proof that these lands are \u201cready for housing development\u201d (some of them are not even near roads). There is no information on who owns this land, how, exactly, they got their lands into this proposal \u2013 or how much they would profit from this process. All this creates an atmosphere of distrust and suspicion.\nIn summary, I strongly urge the government to withdraw this ineffectual, illegitimate and wrong-headed proposal, and ensure affordable housing development where it\u2019s actually needed most: in existing settlement areas and near transit hubs. I also urge the government to expand the Greenbelt to protect the Paris Galt Moraine without removing land from any other part of the Greenbelt or any other protected area. The Greenbelt must provide permanent protection!\n"
    }
}