{
    "78013": {
        "url": "/comment/78013",
        "comment": "Doug Ford is once again breaking his promises.  He promised not to touch the Greenbelt.   Developers have already been buying up Greenbelt land.  How did they know about this upcoming legislation?  How is the government going to ensure that developers actually build affordable housing on this land?\nThere is approximately 88,000 acres of land available within urban boundaries to build the needed housing without removing any land from the Greenbelt.\nThis bill will help no one except developers.\n"
    },
    "78031": {
        "url": "/comment/78031",
        "comment": "See attached being submitted on behalf of the landowners.\n"
    },
    "78033": {
        "url": "/comment/78033",
        "comment": "The proposed changes to the Greenbelt are appallingly awful. The proposals to build on formerly protected lands benefit only the developers and their friends. They take precious farmland, forests, and wetlands, which should be protected in perpetuity, and hand them over to build exactly the wrong kind of housing in exactly the wrong kind of places.\nWe do not need or want any more urban sprawl, endless miles and miles of mostly single-family dwellings on suburban lots where people have to rely on cars for every errand, causing pollution and accelerating climate change. This is the way of the past. We MUST build within cities (and in environmentally sustainable ways). We cannot continue to allow, even encourage in this case, the building on lands that grow our food and sustain biodiversity, filter water, and sequester carbon.\nWhat part of \"we're all connected\" do you not get? You cannot lose hectares and hectares of protected Greenbelt without doing irreparable damage to the environment. Science tells us that each tree in a forest is connected to many other trees and to other kinds of plants, fungi, and lichens, and they all support a huge number of lifeforms. Together they form complete systems. Cut one tree and the forest is harmed. And together the environment sustains life, including our own. With climate change running rampant, the last thing the world, and this piece of it called Ontario, just cannot possibly justify this retrograde move.\nRethink this too. It's one of the worst ideas ever. It might have worked in the short-sighted 1950s. It just endangers us all now. Stop it.\n"
    },
    "78037": {
        "url": "/comment/78037",
        "comment": "Bill 23 needs to be rescinded!  This Bill unfortunately, is unethical and an unacceptable selling of Ontario's protected 'Greenbelt' under a disguise that it will help solve the housing crisis.  Living in a rural area of the province, very close to environmental green spaces, we have seen much new housing development due to this current governments changes to increased growth density requirements for municipalities.  Only municipalities know their required housing needs, and do so in a democratic manner, for the most part.  The majority of people requiring housing are from various demographics that will not be able to afford homes built on the 'Greenbelt' acres, that have been sold by the Ontario Government to wealthy developers.  That is a fact.  Therefore Bill 23 does not solve the issue as written.  Taking responsibility away from Conservation Authorities, Municipalities, etc. under this act, will continue to weaken Ontario's eco system to the point of no return for future generations.  Does no one in our Ontario Government care?  Didn't the Ontario Government bureaucracy pledge to be non-political; to be leaders for making the best decisions for all the people of Ontario, which includes all natural resources and the environment?    In fact, two Ontario ministries were established to ensure this!  The Ministers, Deputy Ministers and staff are responsible for the Ministry of Natural Resources and Forestry, and for the Ministry of the Environment, Conservation & Parks.  Both Ministers and those working in these ministries are responsible on behalf of all Ontarians, for Fish& Wildlife Management, Land & Waters Management, Forest Management, Ontario Parks, Forest Fire, Flood and Drought Protection and Development and applying geographic information to help manage the province's natural resources.  Bill 23 does not touch upon these critical areas in any manner that would salvage our natural resources or environment, even though over 7,000 acres of our Greenbelt will be eliminated from protection under this Bill!  So how did this legislation only focused on housing and get passed if these two important Ministries reporting to the Premier, were not consulted with critical input to Bill 23?  The title 'honourable' needs to be eliminated from many Ontario politicians who voted to legislate Bill 23.  This Bill was not put forward to a consultative, democratic manner.  Rather it was put forth by an authoritarian Premier, that has grossly over stepped his elected mandate. Shame on you all!\n"
    },
    "78039": {
        "url": "/comment/78039",
        "comment": "The following is being submitted on behalf of Brooklin Developments Northeast CR Inc.\n"
    },
    "78041": {
        "url": "/comment/78041",
        "comment": "ERO 019-6216 Proposed Amendments to the Greenbelt Plan\nAs someone who lives in the Greenbelt and knows firsthand the value of these lands, and the richness of its soil, I oppose the proposal to remove 15 parcels of land from the Greenbelt. The Greenbelt was intended to offer permanent protection to natural areas and agricultural lands adjacent to Ontario\u2019s fastest growing population centres.\nThe areas selected for Greenbelt protection were chosen after extensive scientific studies and public consultation. Your government should not be able to throw that in the dustbin without so much as a single explanation of what criteria was used to justify these deletions.\nThe excuse that these lands are needed for housing cannot be supported when your own consultant\u2019s report said Greenbelt lands would not be needed to accommodate new housing. As well, Ontario\u2019s municipalities have just gone through municipal plan reviews that set aside enough developable land to meet population growth until 2051.\nWe don\u2019t have a housing crisis in Ontario as much as we have an affordable housing crisis in Ontario. That crisis cannot be solved by building new homes on currently unserviced Greenbelt lands. Truly affordable housing can only be built in already urbanized areas where infrastructure, transportation options, services and amenities already exist. Housing development must concentrate on the \u201cmissing middle\u201d and purpose-built rentals, geared-to-income (whatever happened to that?) etc. Every municipality has acres of land within its urban boundaries suitable for redevelopment. This includes the single-storey commercial sprawl lining many arterial roads. Do something about that!\nBy putting a deadline in starting development on Greenbelt lands, you will be redirecting development away from projects scheduled for urban areas. Developers already have almost 88,000 acres of land already approved for development. What is holding them back is not the availability of land, it is a lack of construction workers, skilled trades, supplies/materials and simply the landbanking that has some developers sitting on approved parcels waiting for land values to climb so they can sell it off to others at an even greater profit.\nGreenbelt land is not needed for development, but it is needed for food production.\nOnly 5% of Canada\u2019s land is arable and only .5% of that is prime farmland \u2014 most of which is here is Southern Ontario and we are currently paving it over at a rate of 319 acres a day. This cannot be sustained, especially in light of the disruptions the climate crisis will have on global food supplies. For our own food security, we will need to grow more food here in Southern Ontario, not less. I recently read a press release from your government about a strategy to build the agricultural sector in Southern Ontario. It mentioned all kinds of things but not one word about protecting the farmland where food is grown. Everything depends on the soil.\nThe Greenbelt land that is being proposed to be removed in Grimsby is in a specialty crop area, land that is given the highest priority for protection because it is scarce and unique and if lost, cannot be recreated. With the best soils and unique microclimate, the lands between the escarpment and Lake Ontario in Niagara are uniquely capable of growing crops few other places in the Province can grow. So much of this precious growing area has already been sacrificed to expensive homes near the waterfront. We must protect what is left.\nParis Galt Moraine\nCurrent Greenbelt land cannot simply be traded for land elsewhere. Offering to add river valleys, that are already, by their nature, protected from development to make up for taking farmland and natural areas out of the Greenbelt is a sleight of hand that everyone recognizes. In any case, it should not be about picking apart the existing Greenbelt and adding bits and pieces (again with no justification as to why particular pieces of land were chosen) for land elsewhere. It should be about protecting the existing Greenbelt with all its features and functions (agriculture, recreation, ecosystem heath, habitat protection, green infrastructure benefits) and adding more land to it so that future generations of Ontarioans can also benefit from this Province\u2019s natural gifts.\nBreaking Faith With The People\nThe Premier promised clearly, that this government would not touch the Greenbelt. This proposal breaks faith with the citizens of Ontario.\nAs you are well aware, there are serious questions about how these 15 parcels of land were selected for removal from the Greenbelt, including who will benefit at the expense of the people of Ontario, especially since several key parcels were purchased recently. This does not pass the smell test for ordinary citizens. There is a growing chorus of people who have called for investigations of various kinds into the situation. The number of people who are becoming aware, alarmed and activated is only growing. For reasons of self-preservation alone, this government should rethink these proposals.\n"
    },
    "78074": {
        "url": "/comment/78074",
        "comment": "The proposed changes to the Greenbelt are appallingly awful. The proposals to build on formerly protected lands benefit only the developers and their friends. They take precious farmland, forests, and wetlands, which should be protected in perpetuity, and hand them over to build exactly the wrong kind of housing in exactly the wrong kind of places.\nWe do not need or want any more urban sprawl, endless miles and miles of mostly single-family dwellings on suburban lots where people have to rely on cars for every errand, causing pollution and accelerating climate change. This is the way of the past. We MUST build within cities (and in environmentally sustainable ways). We cannot continue to allow, even encourage in this case, the building on lands that grow our food and sustain biodiversity, filter water, and sequester carbon.\nWhat part of \"we're all connected\" do you not get? You cannot lose hectares and hectares of protected Greenbelt without doing irreparable damage to the environment. Science tells us that each tree in a forest is connected to many other trees and to other kinds of plants, fungi, and lichens, and they all support a huge number of lifeforms. Together they form complete systems. Cut one tree and the forest is harmed. And together the environment sustains life, including our own. With climate change running rampant, the last thing the world, and this piece of it called Ontario, just cannot possibly justify this retrograde move.\nRethink this too. It's one of the worst ideas ever. It might have worked in the short-sighted 1950s. It just endangers us all now. Stop it.\n"
    },
    "78077": {
        "url": "/comment/78077",
        "comment": "I am expressing my complete opposition to this Bill and any proposed changes that will negatively impact the Greenbelt. Doug Ford campaigned on not touching the Greenbelt and now has lied to the people of Ontario. We know that the impacts of the bill will be huge and lasting environmental damage to the ecosystem. Furthermore, the lack of consultation with stakeholders: Conservation authorities, municipal governments and Native groups is appalling. I am also deeply troubled by the notion that certain Conservative donors had inside information and were allowed to buy vast parts of the Greenbelt which they now stand to profit by. There is more than enough land available to grow Ontario in a sustainable;e and thoughtful manner. This government needs to repeal this legislation NOW!\n"
    },
    "78087": {
        "url": "/comment/78087",
        "comment": "See attached submission\n"
    },
    "78097": {
        "url": "/comment/78097",
        "comment": "It\u2019s awful that our provincial government is destroying our greenbelt to further enrich big developers under the guise of solving the housing crisis!\nJust when you this they can\u2019t possibly go lower, they find a way.\nThis is unconscionable and a betrayal of all Ontarians!\nI continue to be disgusted by the actions of our current government. I\u2019m so angry that our children and their children will be paying for these purely selfish decisions!\n"
    }
}