{
    "68034": {
        "url": "/comment/68034",
        "comment": "The greenbelt was created to protect these environmentally sensitive lands as well as a portion of Ontario's agricultural lands. The greenbelt possesses an incredible sensitivity watershed that is ecologically important for the area. I agree that there is a housing crisis but there are other lands not within the greenbelt that are suitable for this. The protected areas within the greenbelt hold an incredible amount of established biodiversity, which will be lost if Ford goes through with this plan\n"
    },
    "68041": {
        "url": "/comment/68041",
        "comment": "This is a huge mistake, and disrespect to the people of Ontario. This land was protected because the majority of migratory birds nest here, and keeping this land green helps prevent catastrophic flooding. What good are houses if we don't have any oxygen? There are double the amount of houses vs families currently in the GTA, what we need is rent caps, making the houses we have affordable, and additional taxes on those buying up inventory as investment property. Building on our greenbelt is not the solution. Do better, Doug.\n"
    },
    "68053": {
        "url": "/comment/68053",
        "comment": "I clearly remember when Mr Ford promised that he will make sure the protected Greenbelt lands would stay untouched, and how I was proud of his position.\nMr Ford backtracking now feels like a betrayal.\nThere are many options regarding housing that do not require to use the Greenbelt lands. Why not repurposing Toronto's many empty office buildings instead?  We need affordable housing and rent control, surely this can be done without touching the Greenbelt lands.\nI truly hope the wish of the people who elected this government based on promises made will be respected and our protected Greenbelt unaffected.\nThank you for considering the voice of the people.\nAndre S.\n"
    },
    "68086": {
        "url": "/comment/68086",
        "comment": "Hello, I am not in favour of using GreenBelt land to build more homes. We know that these green areas help to keep our land healthy, they support wildlife and native plants. Our Greenbelt offers us green areas that assist with mental health healing. It\u2019s well documented that getting into nature fights depression. Mental health is an area of healthcare that is underfunded. It\u2019s how I have survived being a dedicated registered nurse in a nursing home through Covid. It\u2019s my only refuge, my families and my grand babies too, as well as many friends. Please don\u2019t take these areas away from citizens and future generations of citizens to build more houses. Let people decide to move to areas that are not rich in wildlife. Save our wetlands.\n"
    },
    "68102": {
        "url": "/comment/68102",
        "comment": "Hi there,\nWith climate change poised to be the most defining issues of the coming generation it is absolutely Ludacris to propose any legislation that would further erode the greenbelt and that promotes urban sprawl especially given the already poor state of our infrastructure\nThis should never be considered\n"
    },
    "68107": {
        "url": "/comment/68107",
        "comment": "I am strongly AGAINST the plan to open up parts of the Greenbelt to development.\nWe need housing built densely close to population centers, with reliable public transport to connect people to employment and entertainment. Parks, trails and greenspaces in the greenbelt are already at and over capacity at peak times, reducing the availability of greenspace will negatively impact everyone.\nSouthern Ontario is already a mass of urban and agricultural sprawl, with little room for native species. Important ecosystem services like water and air quality will be negatively impacted. Reducing the green area, which is cooler then urban areas, and which draws down carbon, will negatively impact our climate change goals.\n"
    },
    "68116": {
        "url": "/comment/68116",
        "comment": "Using the chaos of our collapsing healthcare system as a smokescreen to force this through is despicable. We don\u2019t need more housing, we need more affordable housing; with the climate crisis looming, bulldozing our natural green space and decimating the local fauna and flora is not the way to go about it. This would have myriad of detrimental effects to the ecosystem and Ontario as a whole will suffer if this comes to pass. Expect resistance should this proceed.\n"
    },
    "68117": {
        "url": "/comment/68117",
        "comment": "I am writing to provide feedback in response to the Ministry of Municipal Affairs and Housing\u2019s Proposed Amendments to the Greenbelt Plan, as posted on the Environmental Registry of Ontario for consultation (ERO number: 019-6216).\nI do not support removing lands from the Greenbelt Area and I do not support the proposed amendments to the Greenbelt Plan (ERO 019-6216), or to the Greenbelt Area boundary regulation O. Reg. 59/05 (ERO 019-6217), or to the Proposed redesignation of land under the Oak Ridges Moraine Conservation Plan O. Reg. 140/02 (ERO 019-6218).\nWhile I support efforts to address affordable housing in Ontario, your proposal to remove about 7,400 acres in 15 different areas from the Greenbelt \u2013 which was created to protect environmentally sensitive regions from development \u2013 is not the way to do it.\nThe government\u2019s proposal contradicts its previously stated public commitments to protect the Greenbelt and undermines the importance of green space and the impact of climate change.\nThe Greenbelt protected area must remain protected, it must not be cut, and lands must not be moved.\nCURRENT PROPOSAL CONTRADICTS PREVIOUS COMMITMENTS\nThe current proposals directly contradicts previous government statements on protecting the Greenbelt.\nIn March 2022, your Ministry held a consultation on growing the size of the Greenbelt (ERO 019-4485), which stated the following key principles:\n1. No removal or land exchanges proposed.\n2. No policy changes proposed that would reduce existing protections in the Greenbelt.\nAnd in February 2021, when confirming plans to expand the protected area by adding a moraine south of Toronto and a series of urban river lands, you are quoted as saying:\n\"I want to be clear: we will not in any way entertain any proposals that will move lands in the Greenbelt, or open the Greenbelt lands to any kind of development.\u201d\nThe Ministry\u2019s news release, Ontario Takes Steps to Grow the Greenbelt, on February 21, 2021, further supports the government\u2019s statements not to develop the Greenbelt:\n\"The Premier has been steadfast in his commitment to protect the Greenbelt and our government will not consider any proposals to remove or develop any part of it.\"\nPROTECTING THE ENVIRONMENT\nThe Greenbelt was created to protect agricultural and environmentally sensitive lands in the Greater Golden Horseshoe area from development and it should remain that way. It is vital to the well-being of our province, our environment, and our citizens.\nThe Greenbelt has a role to play in helping to mitigate climate change as it safeguards the resources that clean our air and water, reduces flood risks, provides a home for wildlife, and it also ensures Ontario communities have greenspace.\nThe Greenbelt is also an important contributor to the economy.\nIn 2020, the Greenbelt's agri-food sector generated an estimated $4.1 billion in GDP and close to 59,000 jobs (source: Understanding How Greenbelt Agriculture Feeds the Regional Economy and Greenbelt Farmers).\nWetlands in Ontario\u2019s Greenbelt were estimated to provide $380 million in flood mitigation per year (source: Green Infrastructure in Ontario: Economic Impact Assessment).\nAnd a previous report quantified that the annual value of the ecosystem services provided by the Greenbelt are an estimated $2.6 billion, which would be over $40 billion since the establishment of the Greenbelt (source: Ontario\u2019s wealth Canada\u2019s future: Appreciating the Value of the Greenbelt\u2019s Eco-Services).\nProposing to cut the Greenbelt, add lands elsewhere, or exchanging unprotected land for protected land, threatens the stability of the Greenbelt and the important benefits the Greenbelt provides to Ontarians, the environment, and our economy.\nThe Greenbelt protected area must remain protected, it must not be cut, and lands must not be moved.\nONTARIO\u2019S HOUSING CRISIS\nThe housing crisis in Ontario is complex with many causes. While supply is an important factor, it is not the only factor.\nOntario\u2019s affordable housing crisis is not new, but has become more severe, especially over the past few years with home prices up by 44% in 2021 since 2018, according to Generation Squeeze Lab\u2019s Report.\nSpeculation has been a significant issue with homes increasingly being treated as an investment, like stocks and bonds \u2013 instead of as a basic human right to shelter \u2013 which have inflated home prices.\nIt is important to focus on creating affordable housing, which would help stabilize rental markets and ease competition, as well as considering other options, which may include:\n- Eliminating the land transfer tax for first-time buyers or increasing the existing rebate;\n- Managing unregulated rent increases;\n- Implementing progressive property taxation, which would disincentivize property flipping and renting out properties to the highest bidder;\n- Stronger restrictions on foreign investment;\n- Requiring beneficial owners of real estate to identify themselves to land title authorities, and to make that information transparent and publicly available, to address opaque ownership concerns and other conditions that make real estate markets vulnerable; and\n- Identifying appropriate and non-protected land to create new supply while holding developers accountable.\nIt was also recently reported that Ontario has dedicated 14,000 hectares of land for urban development in municipalities in the Greater Toronto and Hamilton Area, showing that land is already available (CBC News, November 12, 2022).\nAnd it is important to note that the Greenbelt was created to restrict urban sprawl, and the government\u2019s current proposal would create more sprawl. Any new housing should be built where there are existing roads, parks, transit, schools, and not on protected land.\nThere is no single solution to addressing Ontario\u2019s housing crisis and restoring affordability, but trading off environmental protection and conservation is not the answer.\nIN CONCLUSION\nThe Greenbelt protected area must remain protected \u2013 it is vital to the well-being of our province, our environment, and our citizens \u2014 and it must not be cut and lands should not be moved. I do not support the proposed amendments to the Greenbelt Plan (ERO 019-6216), or to the Greenbelt Area boundary regulation O. Reg. 59/05 (ERO 019-6217), or to the Proposed redesignation of land under the Oak Ridges Moraine Conservation Plan O. Reg. 140/02 (ERO 019-6218).\nThank you for your consideration,\nConcerned Hamilton Resident\n"
    },
    "68121": {
        "url": "/comment/68121",
        "comment": "I am strongly against the proposed amendments to the Greenbelt Plan. This will 100% affect my political stance and I will work to raise support in opposition to this proposal. I urge the premier to withdraw the plan to remove lands from the Greenbelt - this will be another terrible step towards environmental collapse in our province. Efforts for affordable housing should be focused on areas that are already designated for such purposes. The crisis of affordable housing in our province cannot be solved by destroying protected land - it can be solved by developing residential areas and implementing policies to protect and support communities through times of high inflation.\n"
    },
    "68122": {
        "url": "/comment/68122",
        "comment": "I strongly oppose the Proposed amendments to the Greenbelt Area boundary regulation! Ontario should be protecting our wildlife, greenspace, and natural spaces, not diminishing it in favour of developments. There are other ways to create housing that don't cut into the Greenbelt that should be considered and implemented first. This should be a last resort.\n"
    },
    "68131": {
        "url": "/comment/68131",
        "comment": "I strongly oppose the proposed amendments to the Greenbelt Plan by the Ministry of Municipal Affairs and Housing. This will 100% affect my political stance and I will continue to raise support in opposition to this proposal. I have lived in Ontario my whole life and am not ignorant of our housing crisis. But this very real need for housing is being used as an excuse to steal protected, ecologically sensitive land for development. What this will ultimately accomplish is the destruction of ecosystems and vulnerable species while further padding the pockets of already wealthy groups within our province.\nEfforts for affordable housing should be focused on areas that are already designated for such purposes. The crisis of affordable housing in our province cannot be solved by destroying protected land - it can be solved by developing residential areas and implementing policies to protect and support communities. We cannot sacrifice the environment under the guise of \u201caffordable housing\u201d \u2013 one problem cannot be solved by the exacerbation of another. This will be another terrible step towards environmental collapse in our province.\nThe provincial government was elected on a clear promise that they would never, under any circumstances, touch the Greenbelt. I urge the premier to therefore withdraw the plan to develop on protected Greenbelt land.\n"
    },
    "68137": {
        "url": "/comment/68137",
        "comment": "I urge the premier to:\n- withdraw the plan to remove lands from the Greenbelt;\n- get on with a meaningful Greenbelt expansion that reflects public input - repeatedly promised but never delivered by the Ford government;\n- follow the advice of the government\u2019s own Ontario Affordable Housing Task Force and focus efforts on developing affordable housing on lands that have already been designated for development and have the necessary infrastructure in place. As the Housing Task Force noted, there is plenty of land within urban areas ready for development.\n"
    },
    "68139": {
        "url": "/comment/68139",
        "comment": "We need to protect Ontario's environment instead of developing on protected land. There are many other solutions to the housing crisis, and a bigger focus needs to be put on low income housing in areas of Ontario that could be turned over. There are so many areas of Ontario where factories, malls, and other old buildings sit abandoned. This land could be redeveloped instead of destroying Ontario's environment.\n"
    },
    "68143": {
        "url": "/comment/68143",
        "comment": "The total amount of space in the Greenbelt is not the most important consideration here. Listen to scientists. Those with knowledge of the interconnected systems understand that diversity of ecosystems is essential. The protected areas need to remain in place. Find a different solution. If everyone is temporarily housed but our world collapses under the devastating impacts of climate change we are not better off in the long term. Sustainable, regenerative solutions are needed.\n"
    },
    "68147": {
        "url": "/comment/68147",
        "comment": "How do you reconcile this move with preventing farmers from severing a retirement lot from their own homestead?  This Greenbelt is a misleading sham that serves to make developers richer. It\u2019s purpose for controlling land values and directing profits to certain groups becomes transparent again here. Shame.\n"
    },
    "68186": {
        "url": "/comment/68186",
        "comment": "I do not agree with the Proposed Amendments to the Greenbelt Plan. It goes against the promises Doug Ford made to keep our Greenbelt in place and safe from developers. What is being proposed now is the exact opposite as you are going after our green spaces in a manner that will destroy them forever.   Leave our Greenbelt Plan alone. It is unjust to consider removing or re-designate the lands that are protected under the Greenbelt Plan. Elected officials should be acting to protect our ecosystems, not destroy them to line the pockets of developers. Please DO NOT proceed with any proposed amendments to the Greenbelt Plan.\n"
    },
    "68195": {
        "url": "/comment/68195",
        "comment": "How about instead of wasting money on a worthless project that will only build more mansions for the richest people in the province, you focused on making affordable housing for the thousands of working people instead. This land is protected for a reason, disrupting it will not only have catastrophic environmental repercussions but it is worthless to develop places that are currently wetlands as they will simply flood and cause mass issues for anything built on it. If Mr. Ford could take one second to do his job and improve the province instead of running it into the ground for solely his own benefit that would be fantastic.\n"
    },
    "68199": {
        "url": "/comment/68199",
        "comment": "Hello,\nI am severely disappointed and concerned that the Ministry is seriously considering this. I'm doubly disappointed, as the current Premier of Ontario had a campaign promise to leave the Green Belt alone.\nIt seems like an oversimplification and misunderstanding of the current housing crisis, as the current major issue is not supply, but pricing due to first time homes being held by landlords. It also seems that the Green Belt would not be the place to solve this issue, even if the supply was the problem.\nFurther, the green belt as-is is something for Ontarians to take pride in, a statement of our commitment to the environment, and a symbol of our province's natural beauty.  It also is home to endangered species. It stands as a world-class example of conservation efforts - one that should not so callously be used for residential growth. The belt also has important agricultural land. It's a very expensive mistake to endanger this precious natural resource to try to address a problem which has other solutions (ones which won't take over natural or agricultural land).\nI deeply hope the Province will reconsider enacting this plan, and instead explore other avenues to provide housing relief - such as better support for renters and rent-control, or subsidizing existing housing.\n"
    }
}